{
"type": "FeatureCollection",
"name": "atlas_municipal_1888_voies",
"crs": { "type": "name", "properties": { "name": "urn:ogc:def:crs:EPSG::2154" } },
"features": [
{ "type": "Feature", "properties": { "gid": 627, "streetname": "R DES CHARBONNIERS", "note": null }, "geometry": { "type": "MultiLineString", "coordinates": [ [ [ 654196.429132591583766, 6860854.352159435860813 ], [ 654258.902749222703278, 6860910.8246851535514 ] ] ] } },
{ "type": "Feature", "properties": { "gid": 629, "streetname": "R DES CHARBONNIERS", "note": null }, "geometry": { "type": "MultiLineString", "coordinates": [ [ [ 654258.902749222703278, 6860910.8246851535514 ], [ 654275.061094294069335, 6860929.688138926401734 ] ] ] } },
{ "type": "Feature", "properties": { "gid": 630, "streetname": "R DES CHARBONNIERS", "note": null }, "geometry": { "type": "MultiLineString", "coordinates": [ [ [ 654275.061094294069335, 6860929.688138926401734 ], [ 654332.552112139062956, 6860988.202551458030939 ] ] ] } },
{ "type": "Feature", "properties": { "gid": 1299, "streetname": "QU DE BERCY", "note": null }, "geometry": { "type": "MultiLineString", "coordinates": [ [ [ 654212.693588723195717, 6860054.240578369237483 ], [ 654225.515463685616851, 6860033.133386330679059 ] ] ] } },
{ "type": "Feature", "properties": { "gid": 2915, "streetname": "R LACUEE", "note": null }, "geometry": { "type": "MultiLineString", "coordinates": [ [ [ 653835.351027144351974, 6861200.381661869585514 ], [ 653816.277137433178723, 6861191.542382780462503 ] ] ] } },
{ "type": "Feature", "properties": { "gid": 3570, "streetname": "BD DIDEROT", "note": null }, "geometry": { "type": "MultiLineString", "coordinates": [ [ [ 654041.20887893345207, 6860827.659384946338832 ], [ 654049.241744624683633, 6860831.591666050255299 ] ] ] } },
{ "type": "Feature", "properties": { "gid": 3576, "streetname": "BD DIDEROT", "note": null }, "geometry": { "type": "MultiLineString", "coordinates": [ [ [ 654211.444478153949603, 6860856.225713879801333 ], [ 654312.577558853314258, 6860872.373916094191372 ] ] ] } },
{ "type": "Feature", "properties": { "gid": 3578, "streetname": "BD BOURDON", "note": null }, "geometry": { "type": "MultiLineString", "coordinates": [ [ [ 653599.653453774400987, 6861473.358029019087553 ], [ 653626.500590237090364, 6861574.129869377240539 ] ] ] } },
{ "type": "Feature", "properties": { "gid": 3581, "streetname": "BD DIDEROT", "note": null }, "geometry": { "type": "MultiLineString", "coordinates": [ [ [ 655048.574540374218486, 6860993.172389653511345 ], [ 655057.607352352119051, 6860997.096185989677906 ] ] ] } },
{ "type": "Feature", "properties": { "gid": 3582, "streetname": "R DE LYON", "note": null }, "geometry": { "type": "MultiLineString", "coordinates": [ [ [ 653838.662036126246676, 6861237.352863256819546 ], [ 653857.458285428001545, 6861213.195312878116965 ] ] ] } },
{ "type": "Feature", "properties": { "gid": 3589, "streetname": "R CHANZY", "note": null }, "geometry": { "type": "MultiLineString", "coordinates": [ [ [ 654741.379774920875207, 6861562.745863151736557 ], [ 654865.494533643592149, 6861576.700205124914646 ] ] ] } },
{ "type": "Feature", "properties": { "gid": 3590, "streetname": "QU HENRI IV", "note": null }, "geometry": { "type": "MultiLineString", "coordinates": [ [ [ 653248.85248218011111, 6861139.316883934661746 ], [ 653340.061507500940934, 6861045.552301146090031 ], [ 653393.568470889818855, 6860987.103860298171639 ] ] ] } },
{ "type": "Feature", "properties": { "gid": 3593, "streetname": "R DE BERCY", "note": null }, "geometry": { "type": "MultiLineString", "coordinates": [ [ [ 653753.876868874765933, 6860906.075070625171065 ], [ 653761.791950753307901, 6860896.008756314404309 ] ] ] } },
{ "type": "Feature", "properties": { "gid": 3594, "streetname": "R DE BERCY", "note": null }, "geometry": { "type": "MultiLineString", "coordinates": [ [ [ 653761.791950753307901, 6860896.008756314404309 ], [ 653770.732171089621261, 6860888.933732689358294 ] ] ] } },
{ "type": "Feature", "properties": { "gid": 3598, "streetname": "R FAIDHERBE", "note": null }, "geometry": { "type": "MultiLineString", "coordinates": [ [ [ 654678.783533836947754, 6861729.269408302381635 ], [ 654707.174581108381972, 6861657.031854731962085 ] ] ] } },
{ "type": "Feature", "properties": { "gid": 3599, "streetname": "R DE CITEAUX", "note": null }, "geometry": { "type": "MultiLineString", "coordinates": [ [ [ 654472.797438624082133, 6860899.024259408004582 ], [ 654536.995164212887175, 6861041.479817500337958 ] ] ] } },
{ "type": "Feature", "properties": { "gid": 3601, "streetname": "R RONDELET", "note": null }, "geometry": { "type": "MultiLineString", "coordinates": [ [ [ 654868.331101749907248, 6860963.691523028537631 ], [ 654928.39021231548395, 6860852.188728041946888 ] ] ] } },
{ "type": "Feature", "properties": { "gid": 3611, "streetname": "R D'ALIGRE", "note": null }, "geometry": { "type": "MultiLineString", "coordinates": [ [ [ 654285.927075802115723, 6861032.593859550543129 ], [ 654346.838738945429213, 6861141.078213149681687 ] ] ] } },
{ "type": "Feature", "properties": { "gid": 3615, "streetname": "R JEAN MACE", "note": null }, "geometry": { "type": "MultiLineString", "coordinates": [ [ [ 654707.174581108381972, 6861657.031854731962085 ], [ 654727.130626503028907, 6861651.863902976736426 ] ] ] } },
{ "type": "Feature", "properties": { "gid": 3617, "streetname": "AV DE CORBERA", "note": null }, "geometry": { "type": "MultiLineString", "coordinates": [ [ [ 654570.667861176538281, 6860765.203984079882503 ], [ 654673.20499376533553, 6860829.338672385551035 ] ] ] } },
{ "type": "Feature", "properties": { "gid": 3620, "streetname": "R CHALIGNY", "note": null }, "geometry": { "type": "MultiLineString", "coordinates": [ [ [ 654745.195644586230628, 6860709.735851163044572 ], [ 654776.205402362858877, 6860948.467883508652449 ] ] ] } },
{ "type": "Feature", "properties": { "gid": 3623, "streetname": "R DE LYON", "note": null }, "geometry": { "type": "MultiLineString", "coordinates": [ [ [ 653835.351027144351974, 6861200.381661869585514 ], [ 653840.190689678420313, 6861181.341426244005561 ] ] ] } },
{ "type": "Feature", "properties": { "gid": 3625, "streetname": "BD DIDEROT", "note": null }, "geometry": { "type": "MultiLineString", "coordinates": [ [ [ 654196.429132591583766, 6860854.352159435860813 ], [ 654211.444478153949603, 6860856.225713879801333 ] ] ] } },
{ "type": "Feature", "properties": { "gid": 3627, "streetname": "R CHANZY", "note": null }, "geometry": { "type": "MultiLineString", "coordinates": [ [ [ 654980.820732490625232, 6861615.727903155609965 ], [ 655073.048051066347398, 6861642.95036241505295 ] ] ] } },
{ "type": "Feature", "properties": { "gid": 3630, "streetname": "R CHANZY", "note": null }, "geometry": { "type": "MultiLineString", "coordinates": [ [ [ 654964.763258938794024, 6861608.8633191017434 ], [ 654980.820732490625232, 6861615.727903155609965 ] ] ] } },
{ "type": "Feature", "properties": { "gid": 3633, "streetname": "BD DIDEROT", "note": null }, "geometry": { "type": "MultiLineString", "coordinates": [ [ [ 653945.066961760283448, 6860810.468990148045123 ], [ 654011.17820100125391, 6860823.912232903763652 ] ] ] } },
{ "type": "Feature", "properties": { "gid": 3634, "streetname": "R CROZATIER", "note": null }, "geometry": { "type": "MultiLineString", "coordinates": [ [ [ 654626.009660797426477, 6860924.733435349538922 ], [ 654652.569148842711002, 6860872.511231878772378 ] ] ] } },
{ "type": "Feature", "properties": { "gid": 3638, "streetname": "BD DIDEROT", "note": null }, "geometry": { "type": "MultiLineString", "coordinates": [ [ [ 654312.577558853314258, 6860872.373916094191372 ], [ 654341.616775373462588, 6860877.12931352853775 ] ] ] } },
{ "type": "Feature", "properties": { "gid": 3639, "streetname": "R ERARD", "note": null }, "geometry": { "type": "MultiLineString", "coordinates": [ [ [ 654928.39021231548395, 6860852.188728041946888 ], [ 655023.105288293445483, 6860937.388477007858455 ] ] ] } },
{ "type": "Feature", "properties": { "gid": 3828, "streetname": "QU DE LA RAPEE", "note": null }, "geometry": { "type": "MultiLineString", "coordinates": [ [ [ 654045.503894798690453, 6860268.640510370023549 ], [ 653891.270207884837873, 6860477.931718154810369 ], [ 653853.677946304902434, 6860526.246539262123406 ], [ 653843.704205610672943, 6860529.330368988215923 ] ] ] } },
{ "type": "Feature", "properties": { "gid": 3857, "streetname": "R MORNAY", "note": null }, "geometry": { "type": "MultiLineString", "coordinates": [ [ [ 653361.918056345195509, 6861266.362744360230863 ], [ 653401.804898088797927, 6861253.027603056281805 ] ] ] } },
{ "type": "Feature", "properties": { "gid": 3862, "streetname": "R BISCORNET", "note": null }, "geometry": { "type": "MultiLineString", "coordinates": [ [ [ 653740.404638852458447, 6861444.174565297551453 ], [ 653764.576598415034823, 6861226.976493118330836 ] ] ] } },
{ "type": "Feature", "properties": { "gid": 3863, "streetname": "R LACUEE", "note": null }, "geometry": { "type": "MultiLineString", "coordinates": [ [ [ 653764.576598415034823, 6861226.976493118330836 ], [ 653816.277137433178723, 6861191.542382780462503 ] ] ] } },
{ "type": "Feature", "properties": { "gid": 3864, "streetname": "R CRILLON", "note": null }, "geometry": { "type": "MultiLineString", "coordinates": [ [ [ 653446.691251239040866, 6861239.65039901342243 ], [ 653482.680331920972094, 6861357.344766129739583 ] ] ] } },
{ "type": "Feature", "properties": { "gid": 3866, "streetname": "PAS BRUNOY", "note": null }, "geometry": { "type": "MultiLineString", "coordinates": [ [ [ 654325.271461806027219, 6860717.271522486582398 ], [ 654340.370968557661399, 6860729.144056023098528 ], [ 654379.695359905366786, 6860767.811860457994044 ] ] ] } },
{ "type": "Feature", "properties": { "gid": 3867, "streetname": "R MORNAY", "note": null }, "geometry": { "type": "MultiLineString", "coordinates": [ [ [ 653446.691251239040866, 6861239.65039901342243 ], [ 653516.507906016428024, 6861218.063681613653898 ] ] ] } },
{ "type": "Feature", "properties": { "gid": 3870, "streetname": "R LACUEE", "note": null }, "geometry": { "type": "MultiLineString", "coordinates": [ [ [ 653816.277137433178723, 6861191.542382780462503 ], [ 653817.159255133359693, 6861177.53531985823065 ] ] ] } },
{ "type": "Feature", "properties": { "gid": 3871, "streetname": "PAS DU GENIE", "note": null }, "geometry": { "type": "MultiLineString", "coordinates": [ [ [ 655160.841566590243019, 6861025.225677995942533 ], [ 655165.75683340523392, 6861015.18453408498317 ] ] ] } },
{ "type": "Feature", "properties": { "gid": 3873, "streetname": "R BISCORNET", "note": null }, "geometry": { "type": "MultiLineString", "coordinates": [ [ [ 653740.404638852458447, 6861444.174565297551453 ], [ 653710.516828542225994, 6861457.425715696997941 ] ] ] } },
{ "type": "Feature", "properties": { "gid": 3874, "streetname": "R GUILLAUMOT", "note": null }, "geometry": { "type": "MultiLineString", "coordinates": [ [ [ 654285.755251636262983, 6860774.602510460652411 ], [ 654351.304330660146661, 6860840.048805583268404 ] ] ] } },
{ "type": "Feature", "properties": { "gid": 3875, "streetname": "R DE L'ARSENAL", "note": null }, "geometry": { "type": "MultiLineString", "coordinates": [ [ [ 653482.680331920972094, 6861357.344766129739583 ], [ 653509.123630455811508, 6861410.121065324172378 ] ] ] } },
{ "type": "Feature", "properties": { "gid": 3877, "streetname": "R BASSOMPIERRE", "note": null }, "geometry": { "type": "MultiLineString", "coordinates": [ [ [ 653509.123630455811508, 6861410.121065324172378 ], [ 653571.966270090662874, 6861391.592876808717847 ] ] ] } },
{ "type": "Feature", "properties": { "gid": 3880, "streetname": "COUR SAINT-JOSEPH", "note": null }, "geometry": { "type": "MultiLineString", "coordinates": [ [ [ 654039.411597886006348, 6861564.655690005049109 ], [ 654008.557542495895177, 6861581.914969745092094 ] ] ] } },
{ "type": "Feature", "properties": { "gid": 3885, "streetname": "R DE LYON", "note": null }, "geometry": { "type": "MultiLineString", "coordinates": [ [ [ 653868.356262809131294, 6861201.103917834348977 ], [ 653848.341361661208794, 6861199.27238290105015 ], [ 653840.190689678420313, 6861181.341426244005561 ] ] ] } },
{ "type": "Feature", "properties": { "gid": 3886, "streetname": "R DE CHALON", "note": null }, "geometry": { "type": "MultiLineString", "coordinates": [ [ [ 654060.122837651171722, 6860817.500490427948534 ], [ 654088.951642357278615, 6860797.25843508169055 ], [ 654129.092669809819199, 6860764.274763108231127 ] ] ] } },
{ "type": "Feature", "properties": { "gid": 3889, "streetname": "R DE COTTE", "note": null }, "geometry": { "type": "MultiLineString", "coordinates": [ [ [ 654252.182903667213395, 6861062.877110592089593 ], [ 654301.028371679363772, 6861163.463289050385356 ] ] ] } },
{ "type": "Feature", "properties": { "gid": 3891, "streetname": "R D'ALIGRE", "note": null }, "geometry": { "type": "MultiLineString", "coordinates": [ [ [ 654346.838738945429213, 6861141.078213149681687 ], [ 654374.282273533870466, 6861193.845813555642962 ] ] ] } },
{ "type": "Feature", "properties": { "gid": 3892, "streetname": "ALL DE BERCY", "note": null }, "geometry": { "type": "MultiLineString", "coordinates": [ [ [ 653939.981915234820917, 6860681.515558145008981 ], [ 653945.947654273826629, 6860677.465474761091173 ], [ 653967.777149872621521, 6860657.282371871173382 ], [ 654021.393033044878393, 6860611.832520788535476 ], [ 654022.300367132062092, 6860600.825219446793199 ], [ 654230.831426270189695, 6860427.075438001193106 ], [ 654235.721495109959505, 6860414.034690494649112 ] ] ] } },
{ "type": "Feature", "properties": { "gid": 3919, "streetname": "R CREMIEUX", "note": null }, "geometry": { "type": "MultiLineString", "coordinates": [ [ [ 653770.732171089621261, 6860888.933732689358294 ], [ 653889.662856754846871, 6860999.929927625693381 ] ] ] } },
{ "type": "Feature", "properties": { "gid": 3920, "streetname": "R CRILLON", "note": null }, "geometry": { "type": "MultiLineString", "coordinates": [ [ [ 653425.045693856896833, 6861162.834427864290774 ], [ 653446.691251239040866, 6861239.65039901342243 ] ] ] } },
{ "type": "Feature", "properties": { "gid": 3925, "streetname": "R DE LYON", "note": null }, "geometry": { "type": "MultiLineString", "coordinates": [ [ [ 653815.899815558455884, 6861265.543685421347618 ], [ 653825.595977282035165, 6861229.463005902245641 ], [ 653835.351027144351974, 6861200.381661869585514 ] ] ] } },
{ "type": "Feature", "properties": { "gid": 3928, "streetname": "R LACUEE", "note": null }, "geometry": { "type": "MultiLineString", "coordinates": [ [ [ 653661.175429698079824, 6861297.844677862711251 ], [ 653764.576598415034823, 6861226.976493118330836 ] ] ] } },
{ "type": "Feature", "properties": { "gid": 3939, "streetname": "BD MORLAND", "note": null }, "geometry": { "type": "MultiLineString", "coordinates": [ [ [ 653286.194417907390743, 6861298.998783018440008 ], [ 653320.829481379827484, 6861255.708581428043544 ] ] ] } },
{ "type": "Feature", "properties": { "gid": 3941, "streetname": "R CRILLON", "note": null }, "geometry": { "type": "MultiLineString", "coordinates": [ [ [ 653398.409059683093801, 6861087.060453807003796 ], [ 653425.045693856896833, 6861162.834427864290774 ] ] ] } },
{ "type": "Feature", "properties": { "gid": 3944, "streetname": "R DE BERCY", "note": null }, "geometry": { "type": "MultiLineString", "coordinates": [ [ [ 653663.693406333099119, 6861002.831155113875866 ], [ 653723.174367235274985, 6860941.332410691305995 ] ] ] } },
{ "type": "Feature", "properties": { "gid": 3945, "streetname": "R ERARD", "note": null }, "geometry": { "type": "MultiLineString", "coordinates": [ [ [ 654764.303212122409604, 6860722.574547130614519 ], [ 654839.834683727705851, 6860785.936538830399513 ] ] ] } },
{ "type": "Feature", "properties": { "gid": 3948, "streetname": "QU HENRI IV", "note": null }, "geometry": { "type": "MultiLineString", "coordinates": [ [ [ 653393.568470889818855, 6860987.103860298171639 ], [ 653405.407506500952877, 6860968.004807570017874 ] ] ] } },
{ "type": "Feature", "properties": { "gid": 3957, "streetname": "R ERARD", "note": null }, "geometry": { "type": "MultiLineString", "coordinates": [ [ [ 654839.834683727705851, 6860785.936538830399513 ], [ 654842.149988151970319, 6860787.264686807990074 ] ] ] } },
{ "type": "Feature", "properties": { "gid": 3958, "streetname": "R CROZATIER", "note": null }, "geometry": { "type": "MultiLineString", "coordinates": [ [ [ 654652.569148842711002, 6860872.511231878772378 ], [ 654673.20499376533553, 6860829.338672385551035 ] ] ] } },
{ "type": "Feature", "properties": { "gid": 3962, "streetname": "R CHANZY", "note": null }, "geometry": { "type": "MultiLineString", "coordinates": [ [ [ 654865.494533643592149, 6861576.700205124914646 ], [ 654880.535246163024567, 6861581.57340887747705 ] ] ] } },
{ "type": "Feature", "properties": { "gid": 3968, "streetname": "R BISCORNET", "note": null }, "geometry": { "type": "MultiLineString", "coordinates": [ [ [ 653762.453041525324807, 6861449.988919407129288 ], [ 653740.404638852458447, 6861444.174565297551453 ] ] ] } },
{ "type": "Feature", "properties": { "gid": 3976, "streetname": "R TITON", "note": null }, "geometry": { "type": "MultiLineString", "coordinates": [ [ [ 654982.419824776705354, 6861330.721020987257361 ], [ 654964.763258938794024, 6861608.8633191017434 ] ] ] } },
{ "type": "Feature", "properties": { "gid": 3981, "streetname": "PAS THIERE", "note": null }, "geometry": { "type": "MultiLineString", "coordinates": [ [ [ 653970.572343906736933, 6861821.229528193362057 ], [ 653977.470730446628295, 6861809.171720952726901 ], [ 654021.088041041395627, 6861763.805586510337889 ] ] ] } },
{ "type": "Feature", "properties": { "gid": 3993, "streetname": "R CHALIGNY", "note": null }, "geometry": { "type": "MultiLineString", "coordinates": [ [ [ 654776.205402362858877, 6860948.467883508652449 ], [ 654785.66768790781498, 6861003.386692140251398 ] ] ] } },
{ "type": "Feature", "properties": { "gid": 3997, "streetname": "R CHANZY", "note": null }, "geometry": { "type": "MultiLineString", "coordinates": [ [ [ 654632.263644531951286, 6861548.665096056647599 ], [ 654741.379774920875207, 6861562.745863151736557 ] ] ] } },
{ "type": "Feature", "properties": { "gid": 3999, "streetname": "BD BOURDON", "note": null }, "geometry": { "type": "MultiLineString", "coordinates": [ [ [ 653571.966270090662874, 6861391.592876808717847 ], [ 653599.653453774400987, 6861473.358029019087553 ] ] ] } },
{ "type": "Feature", "properties": { "gid": 4000, "streetname": "PL MAZAS", "note": null }, "geometry": { "type": "MultiLineString", "coordinates": [ [ [ 653591.23677339067217, 6860829.445555845275521 ], [ 653644.693048542598262, 6860764.997705933637917 ] ] ] } },
{ "type": "Feature", "properties": { "gid": 4003, "streetname": "BD DIDEROT", "note": null }, "geometry": { "type": "MultiLineString", "coordinates": [ [ [ 653741.817959846230224, 6860780.180119531229138 ], [ 653765.832390811177902, 6860781.978013827465475 ] ] ] } },
{ "type": "Feature", "properties": { "gid": 4014, "streetname": "R BECCARIA", "note": null }, "geometry": { "type": "MultiLineString", "coordinates": [ [ [ 654396.724464101251215, 6861127.658578987233341 ], [ 654448.7577172430465, 6860894.226800129748881 ] ] ] } },
{ "type": "Feature", "properties": { "gid": 4019, "streetname": "R DE LYON", "note": null }, "geometry": { "type": "MultiLineString", "coordinates": [ [ [ 653857.458285428001545, 6861213.195312878116965 ], [ 653868.356262809131294, 6861201.103917834348977 ] ] ] } },
{ "type": "Feature", "properties": { "gid": 4020, "streetname": "R JEAN MACE", "note": null }, "geometry": { "type": "MultiLineString", "coordinates": [ [ [ 654727.130626503028907, 6861651.863902976736426 ], [ 654865.494533643592149, 6861576.700205124914646 ] ] ] } },
{ "type": "Feature", "properties": { "gid": 4023, "streetname": "BD MORLAND", "note": null }, "geometry": { "type": "MultiLineString", "coordinates": [ [ [ 653409.046364181907848, 6861043.972135191783309 ], [ 653437.799639762728475, 6861014.731078954413533 ] ] ] } },
{ "type": "Feature", "properties": { "gid": 4025, "streetname": "BD DIDEROT", "note": null }, "geometry": { "type": "MultiLineString", "coordinates": [ [ [ 654049.241744624683633, 6860831.591666050255299 ], [ 654084.271929096779786, 6860835.2967315511778 ] ] ] } },
{ "type": "Feature", "properties": { "gid": 4026, "streetname": "BD DIDEROT", "note": null }, "geometry": { "type": "MultiLineString", "coordinates": [ [ [ 653765.832390811177902, 6860781.978013827465475 ], [ 653787.863848102744669, 6860785.792529950849712 ] ] ] } },
{ "type": "Feature", "properties": { "gid": 4031, "streetname": "R CHANZY", "note": null }, "geometry": { "type": "MultiLineString", "coordinates": [ [ [ 654901.592245750711299, 6861588.395891330204904 ], [ 654964.763258938794024, 6861608.8633191017434 ] ] ] } },
{ "type": "Feature", "properties": { "gid": 4032, "streetname": "R ERARD", "note": null }, "geometry": { "type": "MultiLineString", "coordinates": [ [ [ 654745.195644586230628, 6860709.735851163044572 ], [ 654764.303212122409604, 6860722.574547130614519 ] ] ] } },
{ "type": "Feature", "properties": { "gid": 4034, "streetname": "R MOREAU", "note": null }, "geometry": { "type": "MultiLineString", "coordinates": [ [ [ 653911.082872105296701, 6861168.745207402855158 ], [ 653924.266728392336518, 6861190.633701074868441 ] ] ] } },
{ "type": "Feature", "properties": { "gid": 4037, "streetname": "PONT MORLAND", "note": null }, "geometry": { "type": "MultiLineString", "coordinates": [ [ [ 653437.799639762728475, 6861014.731078954413533 ], [ 653461.561802164418623, 6860986.53197652567178 ], [ 653534.747093878570013, 6860889.91904438007623 ] ] ] } },
{ "type": "Feature", "properties": { "gid": 4041, "streetname": "BD DIDEROT", "note": null }, "geometry": { "type": "MultiLineString", "coordinates": [ [ [ 653917.036092148628086, 6860806.704986612312496 ], [ 653934.000742617296055, 6860802.562344017438591 ], [ 653945.066961760283448, 6860810.468990148045123 ] ] ] } },
{ "type": "Feature", "properties": { "gid": 4042, "streetname": "BD MORLAND", "note": null }, "geometry": { "type": "MultiLineString", "coordinates": [ [ [ 653398.409059683093801, 6861087.060453807003796 ], [ 653409.046364181907848, 6861043.972135191783309 ] ] ] } },
{ "type": "Feature", "properties": { "gid": 4049, "streetname": "R DE LYON", "note": null }, "geometry": { "type": "MultiLineString", "coordinates": [ [ [ 653889.662856754846871, 6860999.929927625693381 ], [ 653912.978965572081506, 6860918.735955934971571 ] ] ] } },
{ "type": "Feature", "properties": { "gid": 4053, "streetname": "R CHALIGNY", "note": null }, "geometry": { "type": "MultiLineString", "coordinates": [ [ [ 654785.66768790781498, 6861003.386692140251398 ], [ 654805.148100156919099, 6861179.217995190992951 ], [ 654820.140495400526561, 6861297.088764374144375 ] ] ] } },
{ "type": "Feature", "properties": { "gid": 4062, "streetname": "BD BOURDON", "note": null }, "geometry": { "type": "MultiLineString", "coordinates": [ [ [ 653626.500590237090364, 6861574.129869377240539 ], [ 653653.876610308536328, 6861618.898563366383314 ] ] ] } },
{ "type": "Feature", "properties": { "gid": 4066, "streetname": "PAS THIERE", "note": null }, "geometry": { "type": "MultiLineString", "coordinates": [ [ [ 654021.088041041395627, 6861763.805586510337889 ], [ 654050.759160335175693, 6861734.234689798206091 ] ] ] } },
{ "type": "Feature", "properties": { "gid": 4069, "streetname": "R DE LYON", "note": null }, "geometry": { "type": "MultiLineString", "coordinates": [ [ [ 653912.978965572081506, 6860918.735955934971571 ], [ 653945.066961760283448, 6860810.468990148045123 ] ] ] } },
{ "type": "Feature", "properties": { "gid": 4070, "streetname": "R CHANZY", "note": null }, "geometry": { "type": "MultiLineString", "coordinates": [ [ [ 654880.535246163024567, 6861581.57340887747705 ], [ 654901.592245750711299, 6861588.395891330204904 ] ] ] } },
{ "type": "Feature", "properties": { "gid": 4071, "streetname": "R DE LYON", "note": null }, "geometry": { "type": "MultiLineString", "coordinates": [ [ [ 653737.010724248248152, 6861516.201447329483926 ], [ 653762.453041525324807, 6861449.988919407129288 ] ] ] } },
{ "type": "Feature", "properties": { "gid": 4073, "streetname": "R DE COTTE", "note": null }, "geometry": { "type": "MultiLineString", "coordinates": [ [ [ 654301.028371679363772, 6861163.463289050385356 ], [ 654327.497239867108874, 6861219.23903848323971 ] ] ] } },
{ "type": "Feature", "properties": { "gid": 4074, "streetname": "R MORNAY", "note": null }, "geometry": { "type": "MultiLineString", "coordinates": [ [ [ 653401.804898088797927, 6861253.027603056281805 ], [ 653446.691251239040866, 6861239.65039901342243 ] ] ] } },
{ "type": "Feature", "properties": { "gid": 4084, "streetname": "R DE LYON", "note": null }, "geometry": { "type": "MultiLineString", "coordinates": [ [ [ 653882.857060398324393, 6861022.986573199741542 ], [ 653889.662856754846871, 6860999.929927625693381 ] ] ] } },
{ "type": "Feature", "properties": { "gid": 4085, "streetname": "AV DAUMESNIL", "note": null }, "geometry": { "type": "MultiLineString", "coordinates": [ [ [ 654153.56966376490891, 6860989.709159362129867 ], [ 654182.390078012831509, 6860968.467151320539415 ] ] ] } },
{ "type": "Feature", "properties": { "gid": 4091, "streetname": "R TRAVERSIERE", "note": null }, "geometry": { "type": "MultiLineString", "coordinates": [ [ [ 654193.537018878036179, 6861342.363656320609152 ], [ 654188.874148725182749, 6861382.401938883587718 ] ] ] } },
{ "type": "Feature", "properties": { "gid": 4092, "streetname": "PAS JOSSET", "note": null }, "geometry": { "type": "MultiLineString", "coordinates": [ [ [ 654261.13167107233312, 6861650.787565825507045 ], [ 654251.543322776560672, 6861580.869820062071085 ] ] ] } },
{ "type": "Feature", "properties": { "gid": 4095, "streetname": "PAS THIERE", "note": null }, "geometry": { "type": "MultiLineString", "coordinates": [ [ [ 654070.671105255023576, 6861714.389329172670841 ], [ 654081.602768944576383, 6861706.297496323473752 ] ] ] } },
{ "type": "Feature", "properties": { "gid": 4096, "streetname": "R DE LYON", "note": null }, "geometry": { "type": "MultiLineString", "coordinates": [ [ [ 653871.228437562705949, 6861067.083243735134602 ], [ 653882.857060398324393, 6861022.986573199741542 ] ] ] } },
{ "type": "Feature", "properties": { "gid": 4097, "streetname": "BD DIDEROT", "note": null }, "geometry": { "type": "MultiLineString", "coordinates": [ [ [ 654997.503731964039616, 6860984.60285853035748 ], [ 655017.527039736974984, 6860987.434101624414325 ] ] ] } },
{ "type": "Feature", "properties": { "gid": 4101, "streetname": "R ROUBO", "note": null }, "geometry": { "type": "MultiLineString", "coordinates": [ [ [ 655037.706927635706961, 6861246.257354634813964 ], [ 655037.406163739855401, 6861329.25784291792661 ] ] ] } },
{ "type": "Feature", "properties": { "gid": 4102, "streetname": "PL D'ALIGRE", "note": null }, "geometry": { "type": "MultiLineString", "coordinates": [ [ [ 654396.724464101251215, 6861127.658578987233341 ], [ 654377.701051554642618, 6861124.818811747245491 ], [ 654363.752915382501669, 6861130.936080254614353 ], [ 654346.838738945429213, 6861141.078213149681687 ] ] ] } },
{ "type": "Feature", "properties": { "gid": 4104, "streetname": "BD DIDEROT", "note": null }, "geometry": { "type": "MultiLineString", "coordinates": [ [ [ 653644.693048542598262, 6860764.997705933637917 ], [ 653741.817959846230224, 6860780.180119531229138 ] ] ] } },
{ "type": "Feature", "properties": { "gid": 4109, "streetname": "R DE LYON", "note": null }, "geometry": { "type": "MultiLineString", "coordinates": [ [ [ 653815.899815558455884, 6861265.543685421347618 ], [ 653838.662036126246676, 6861237.352863256819546 ] ] ] } },
{ "type": "Feature", "properties": { "gid": 4110, "streetname": "BD DIDEROT", "note": null }, "geometry": { "type": "MultiLineString", "coordinates": [ [ [ 655278.905859123449773, 6861033.230661567300558 ], [ 655388.055309620103799, 6861051.310391246341169 ] ] ] } },
{ "type": "Feature", "properties": { "gid": 4112, "streetname": "R GONNET", "note": null }, "geometry": { "type": "MultiLineString", "coordinates": [ [ [ 655241.291378759196959, 6861197.543332090601325 ], [ 655231.4213856352726, 6861331.623170671984553 ] ] ] } },
{ "type": "Feature", "properties": { "gid": 4113, "streetname": "BD DIDEROT", "note": null }, "geometry": { "type": "MultiLineString", "coordinates": [ [ [ 655165.75683340523392, 6861015.18453408498317 ], [ 655278.905859123449773, 6861033.230661567300558 ] ] ] } },
{ "type": "Feature", "properties": { "gid": 4115, "streetname": "PL MAZAS", "note": null }, "geometry": { "type": "MultiLineString", "coordinates": [ [ [ 653534.747093878570013, 6860889.91904438007623 ], [ 653591.23677339067217, 6860829.445555845275521 ] ] ] } },
{ "type": "Feature", "properties": { "gid": 4116, "streetname": "IMP BARRIER", "note": null }, "geometry": { "type": "MultiLineString", "coordinates": [ [ [ 654479.051338594406843, 6861047.967533636838198 ], [ 654536.995164212887175, 6861041.479817500337958 ] ] ] } },
{ "type": "Feature", "properties": { "gid": 4119, "streetname": "BD DIDEROT", "note": null }, "geometry": { "type": "MultiLineString", "coordinates": [ [ [ 655057.607352352119051, 6860997.096185989677906 ], [ 655165.75683340523392, 6861015.18453408498317 ] ] ] } },
{ "type": "Feature", "properties": { "gid": 4120, "streetname": "BD DIDEROT", "note": null }, "geometry": { "type": "MultiLineString", "coordinates": [ [ [ 654422.735032143886201, 6860891.445975087583065 ], [ 654448.7577172430465, 6860894.226800129748881 ] ] ] } },
{ "type": "Feature", "properties": { "gid": 4125, "streetname": "BD MORLAND", "note": null }, "geometry": { "type": "MultiLineString", "coordinates": [ [ [ 653364.2029586606659, 6861181.345686630345881 ], [ 653398.409059683093801, 6861087.060453807003796 ] ] ] } },
{ "type": "Feature", "properties": { "gid": 4126, "streetname": "BD MORLAND", "note": null }, "geometry": { "type": "MultiLineString", "coordinates": [ [ [ 653320.829481379827484, 6861255.708581428043544 ], [ 653364.2029586606659, 6861181.345686630345881 ] ] ] } },
{ "type": "Feature", "properties": { "gid": 4130, "streetname": "R DE LAPPE", "note": null }, "geometry": { "type": "MultiLineString", "coordinates": [ [ [ 653873.177326752222143, 6861774.050086796283722 ], [ 653964.596717098262161, 6861705.28223392367363 ] ] ] } },
{ "type": "Feature", "properties": { "gid": 4133, "streetname": "BD DIDEROT", "note": null }, "geometry": { "type": "MultiLineString", "coordinates": [ [ [ 654868.331101749907248, 6860963.691523028537631 ], [ 654997.503731964039616, 6860984.60285853035748 ] ] ] } },
{ "type": "Feature", "properties": { "gid": 4136, "streetname": "PAS THIERE", "note": null }, "geometry": { "type": "MultiLineString", "coordinates": [ [ [ 654092.500768933678046, 6861694.206031898036599 ], [ 654144.083590132184327, 6861644.772941295057535 ] ] ] } },
{ "type": "Feature", "properties": { "gid": 4137, "streetname": "R DE LAPPE", "note": null }, "geometry": { "type": "MultiLineString", "coordinates": [ [ [ 654018.246729442034848, 6861663.831623817794025 ], [ 654099.742625147919171, 6861604.147042001597583 ] ] ] } },
{ "type": "Feature", "properties": { "gid": 4144, "streetname": "PL DE LA BASTILLE", "note": null }, "geometry": { "type": "MultiLineString", "coordinates": [ [ [ 653790.116375223617069, 6861647.751682081259787 ], [ 653747.04464266973082, 6861639.114269779063761 ] ] ] } },
{ "type": "Feature", "properties": { "gid": 4146, "streetname": "R DE LA ROQUETTE", "note": null }, "geometry": { "type": "MultiLineString", "coordinates": [ [ [ 653790.116375223617069, 6861647.751682081259787 ], [ 653794.225374999456108, 6861660.716826417483389 ] ] ] } },
{ "type": "Feature", "properties": { "gid": 4148, "streetname": "R DE CHARENTON", "note": null }, "geometry": { "type": "MultiLineString", "coordinates": [ [ [ 653790.116375223617069, 6861647.751682081259787 ], [ 653802.904842317570001, 6861622.644629751332104 ], [ 653819.667692095506936, 6861594.504207246936858 ], [ 653884.921132898889482, 6861505.957133133895695 ] ] ] } },
{ "type": "Feature", "properties": { "gid": 4149, "streetname": "AV DAUMESNIL", "note": null }, "geometry": { "type": "MultiLineString", "coordinates": [ [ [ 654233.056816370808519, 6860929.04174707364291 ], [ 654258.902749222703278, 6860910.8246851535514 ] ] ] } },
{ "type": "Feature", "properties": { "gid": 4150, "streetname": "AV LEDRU-ROLLIN", "note": null }, "geometry": { "type": "MultiLineString", "coordinates": [ [ [ 654082.714349990710616, 6861244.298869202844799 ], [ 654116.089892776566558, 6861289.016844005323946 ], [ 654158.582428875146434, 6861347.65774945449084 ] ] ] } },
{ "type": "Feature", "properties": { "gid": 4158, "streetname": "R EGINHARD", "note": null }, "geometry": { "type": "MultiLineString", "coordinates": [ [ [ 653190.836162082385272, 6861731.790739042684436 ], [ 653161.956537273013964, 6861746.033284300938249 ] ] ] } },
{ "type": "Feature", "properties": { "gid": 4167, "streetname": "BD RICHARD LENOIR", "note": null }, "geometry": { "type": "MultiLineString", "coordinates": [ [ [ 653738.559841756243259, 6861819.181846088729799 ], [ 653716.956059837364592, 6861747.365097342990339 ], [ 653694.840307120000944, 6861733.551455210894346 ] ] ] } },
{ "type": "Feature", "properties": { "gid": 4175, "streetname": "COUR SAINT-JOSEPH", "note": null }, "geometry": { "type": "MultiLineString", "coordinates": [ [ [ 654008.557542495895177, 6861581.914969745092094 ], [ 653990.651780989021063, 6861593.065411669202149 ] ] ] } },
{ "type": "Feature", "properties": { "gid": 4194, "streetname": null, "note": null }, "geometry": { "type": "MultiLineString", "coordinates": [ [ [ 653894.80240022263024, 6861491.87430824059993 ], [ 653919.951507281162776, 6861509.662268491461873 ], [ 653942.235531598096713, 6861543.473972373642027 ] ] ] } },
{ "type": "Feature", "properties": { "gid": 4196, "streetname": "R DU FAUBOURG SAINT-ANTOINE", "note": null }, "geometry": { "type": "MultiLineString", "coordinates": [ [ [ 654795.201832639868371, 6861304.298632844351232 ], [ 654820.140495400526561, 6861297.088764374144375 ] ] ] } },
{ "type": "Feature", "properties": { "gid": 4197, "streetname": "AV DAUMESNIL", "note": null }, "geometry": { "type": "MultiLineString", "coordinates": [ [ [ 653911.082872105296701, 6861168.745207402855158 ], [ 653953.80945856962353, 6861136.386490339413285 ] ] ] } },
{ "type": "Feature", "properties": { "gid": 4204, "streetname": "R DE CHARENTON", "note": null }, "geometry": { "type": "MultiLineString", "coordinates": [ [ [ 654082.714349990710616, 6861244.298869202844799 ], [ 654116.315547392237931, 6861197.017257546074688 ] ] ] } },
{ "type": "Feature", "properties": { "gid": 4207, "streetname": "R TRAVERSIERE", "note": null }, "geometry": { "type": "MultiLineString", "coordinates": [ [ [ 654116.315547392237931, 6861197.017257546074688 ], [ 654176.370310988044366, 6861322.508638443425298 ], [ 654187.402928134310059, 6861326.415677974000573 ], [ 654193.537018878036179, 6861342.363656320609152 ] ] ] } },
{ "type": "Feature", "properties": { "gid": 4220, "streetname": "R ABEL", "note": null }, "geometry": { "type": "MultiLineString", "coordinates": [ [ [ 654149.393319337046705, 6860968.74488477408886 ], [ 654153.56966376490891, 6860989.709159362129867 ] ] ] } },
{ "type": "Feature", "properties": { "gid": 4229, "streetname": null, "note": null }, "geometry": { "type": "MultiLineString", "coordinates": [ [ [ 654095.009293067152612, 6861398.191618625074625 ], [ 654172.715757232042961, 6861363.53840252943337 ] ] ] } },
{ "type": "Feature", "properties": { "gid": 4232, "streetname": "PAS LOUIS-PHILIPPE", "note": null }, "geometry": { "type": "MultiLineString", "coordinates": [ [ [ 653964.596717098262161, 6861705.28223392367363 ], [ 654010.080634205252863, 6861762.898242332972586 ], [ 654021.088041041395627, 6861763.805586510337889 ] ] ] } },
{ "type": "Feature", "properties": { "gid": 4233, "streetname": "COUR SAINT-LOUIS", "note": null }, "geometry": { "type": "MultiLineString", "coordinates": [ [ [ 653942.235531598096713, 6861543.473972373642027 ], [ 653983.829140210640617, 6861614.122361779212952 ], [ 653968.906264219433069, 6861623.247745008207858 ], [ 653996.231934193754569, 6861662.016935602761805 ], [ 654009.163412947324105, 6861653.908283275552094 ], [ 654018.246729442034848, 6861663.831623817794025 ] ] ] } },
{ "type": "Feature", "properties": { "gid": 4236, "streetname": "R SAINT-BERNARD", "note": null }, "geometry": { "type": "MultiLineString", "coordinates": [ [ [ 654618.119750718353316, 6861412.787340317852795 ], [ 654606.405106470105238, 6861327.88802685495466 ] ] ] } },
{ "type": "Feature", "properties": { "gid": 4238, "streetname": "R SAINT-BERNARD", "note": null }, "geometry": { "type": "MultiLineString", "coordinates": [ [ [ 654534.401067493250594, 6861683.486192092299461 ], [ 654585.478526298538782, 6861574.058494778349996 ], [ 654582.360931338393129, 6861560.085059721022844 ] ] ] } },
{ "type": "Feature", "properties": { "gid": 4239, "streetname": "R SAINT-BERNARD", "note": null }, "geometry": { "type": "MultiLineString", "coordinates": [ [ [ 654632.263644531951286, 6861548.665096056647599 ], [ 654618.119750718353316, 6861412.787340317852795 ] ] ] } },
{ "type": "Feature", "properties": { "gid": 4248, "streetname": "PAS BASFROI", "note": null }, "geometry": { "type": "MultiLineString", "coordinates": [ [ [ 654328.053261302527972, 6861879.219457592815161 ], [ 654389.300269783241674, 6861908.703256496228278 ], [ 654404.349421987077221, 6861914.576442677527666 ] ] ] } },
{ "type": "Feature", "properties": { "gid": 4257, "streetname": "PAS DE LA MAIN D'OR", "note": null }, "geometry": { "type": "MultiLineString", "coordinates": [ [ [ 654351.599548186641186, 6861469.030067596584558 ], [ 654376.565349442651495, 6861583.817273247055709 ], [ 654389.614646840142086, 6861589.707280945964158 ], [ 654393.119450323749334, 6861649.67645560670644 ] ] ] } },
{ "type": "Feature", "properties": { "gid": 4279, "streetname": "AV LEDRU ROLLIN", "note": null }, "geometry": { "type": "MultiLineString", "coordinates": [ [ [ 654404.349421987077221, 6861914.576442677527666 ], [ 654410.416225154534914, 6861922.525210632942617 ] ] ] } },
{ "type": "Feature", "properties": { "gid": 4289, "streetname": "AV LEDRU-ROLLIN", "note": null }, "geometry": { "type": "MultiLineString", "coordinates": [ [ [ 653953.80945856962353, 6861136.386490339413285 ], [ 653972.959080962231383, 6861154.224873013794422 ] ] ] } },
{ "type": "Feature", "properties": { "gid": 4291, "streetname": "AV LEDRU-ROLLIN", "note": null }, "geometry": { "type": "MultiLineString", "coordinates": [ [ [ 654188.874148725182749, 6861382.401938883587718 ], [ 654204.041056380607188, 6861402.273797888308764 ] ] ] } },
{ "type": "Feature", "properties": { "gid": 4308, "streetname": "R DE CHARENTON", "note": null }, "geometry": { "type": "MultiLineString", "coordinates": [ [ [ 653938.343897553742863, 6861437.509171010926366 ], [ 653969.004391417256556, 6861397.252105377614498 ] ] ] } },
{ "type": "Feature", "properties": { "gid": 4318, "streetname": "PAS DE LA BONNE GRAINE", "note": null }, "geometry": { "type": "MultiLineString", "coordinates": [ [ [ 654251.543322776560672, 6861580.869820062071085 ], [ 654274.482260725460947, 6861573.67688216548413 ] ] ] } },
{ "type": "Feature", "properties": { "gid": 4320, "streetname": "COUR SAINT-JOSEPH", "note": null }, "geometry": { "type": "MultiLineString", "coordinates": [ [ [ 654061.316977194976062, 6861553.471582271158695 ], [ 654039.411597886006348, 6861564.655690005049109 ] ] ] } },
{ "type": "Feature", "properties": { "gid": 4355, "streetname": "R DE BEARN", "note": null }, "geometry": { "type": "MultiLineString", "coordinates": [ [ [ 653461.930841177236289, 6861981.50575461704284 ], [ 653482.526190593722276, 6862052.331187028437853 ] ] ] } },
{ "type": "Feature", "properties": { "gid": 4360, "streetname": "VOI GEORGES POMPIDOU", "note": null }, "geometry": { "type": "MultiLineString", "coordinates": [ [ [ 653104.179311041370966, 6861534.523759309202433 ], [ 653123.664580163545907, 6861473.361332452856004 ], [ 653123.395538885495625, 6861441.36434667930007 ], [ 653119.202543501975015, 6861418.400148472748697 ], [ 653117.000952816568315, 6861394.419234254397452 ], [ 653116.849618083331734, 6861376.420940473675728 ] ] ] } },
{ "type": "Feature", "properties": { "gid": 4366, "streetname": "R DE LA BASTILLE", "note": null }, "geometry": { "type": "MultiLineString", "coordinates": [ [ [ 653577.766944775590673, 6861724.536553451791406 ], [ 653637.702544203377329, 6861717.032504683360457 ] ] ] } },
{ "type": "Feature", "properties": { "gid": 4369, "streetname": "PL DES VOSGES", "note": null }, "geometry": { "type": "MultiLineString", "coordinates": [ [ [ 653427.882547781220637, 6861856.794587887823582 ], [ 653367.022643577191047, 6861873.30613303091377 ], [ 653400.070968225714751, 6861998.025743311271071 ] ] ] } },
{ "type": "Feature", "properties": { "gid": 4389, "streetname": "R DE SULLY", "note": null }, "geometry": { "type": "MultiLineString", "coordinates": [ [ [ 653234.250535024795681, 6861424.432569291442633 ], [ 653361.918056345195509, 6861266.362744360230863 ] ] ] } },
{ "type": "Feature", "properties": { "gid": 4390, "streetname": "R TRAVERSIERE", "note": null }, "geometry": { "type": "MultiLineString", "coordinates": [ [ [ 653768.722724095336162, 6860768.95407313387841 ], [ 653787.863848102744669, 6860785.792529950849712 ] ] ] } },
{ "type": "Feature", "properties": { "gid": 4399, "streetname": "R TROUSSEAU", "note": null }, "geometry": { "type": "MultiLineString", "coordinates": [ [ [ 654413.475859989412129, 6861454.509472349658608 ], [ 654441.525621964246966, 6861579.270464262925088 ] ] ] } },
{ "type": "Feature", "properties": { "gid": 4400, "streetname": "PAS BRULON", "note": null }, "geometry": { "type": "MultiLineString", "coordinates": [ [ [ 654455.788000578992069, 6861254.158073234371841 ], [ 654505.741112606367096, 6861248.737614150159061 ], [ 654564.642839967622422, 6861237.241935730911791 ], [ 654585.623984669684432, 6861235.065317179076374 ] ] ] } },
{ "type": "Feature", "properties": { "gid": 4401, "streetname": "IMP DRUINOT", "note": null }, "geometry": { "type": "MultiLineString", "coordinates": [ [ [ 654494.020086510106921, 6861281.835480328649282 ], [ 654590.842416304512881, 6861261.020724679343402 ] ] ] } },
{ "type": "Feature", "properties": { "gid": 4403, "streetname": "R DE CITEAUX", "note": null }, "geometry": { "type": "MultiLineString", "coordinates": [ [ [ 654551.204281352926046, 6861066.359508948400617 ], [ 654557.397343170479871, 6861089.30675386916846 ], [ 654579.380392703460529, 6861206.118623433634639 ] ] ] } },
{ "type": "Feature", "properties": { "gid": 4404, "streetname": "R DU DOCTEUR ANTOINE BECLERE", "note": null }, "geometry": { "type": "MultiLineString", "coordinates": [ [ [ 654795.201832639868371, 6861304.298632844351232 ], [ 654800.46241932536941, 6861335.25357039924711 ] ] ] } },
{ "type": "Feature", "properties": { "gid": 4410, "streetname": "R DE COTTE", "note": null }, "geometry": { "type": "MultiLineString", "coordinates": [ [ [ 654327.497239867108874, 6861219.23903848323971 ], [ 654394.711511846864596, 6861363.669607167132199 ] ] ] } },
{ "type": "Feature", "properties": { "gid": 4411, "streetname": "AV DAUMESNIL", "note": null }, "geometry": { "type": "MultiLineString", "coordinates": [ [ [ 654258.902749222703278, 6860910.8246851535514 ], [ 654312.577558853314258, 6860872.373916094191372 ] ] ] } },
{ "type": "Feature", "properties": { "gid": 4416, "streetname": "COUR DE LA MAISON BRULEE", "note": null }, "geometry": { "type": "MultiLineString", "coordinates": [ [ [ 654141.526728009223007, 6861459.798638337291777 ], [ 654189.254525612574071, 6861546.394916494376957 ] ] ] } },
{ "type": "Feature", "properties": { "gid": 4424, "streetname": "PAS RAGUINOT", "note": null }, "geometry": { "type": "MultiLineString", "coordinates": [ [ [ 654393.298313268576749, 6860720.698713242076337 ], [ 654460.636757422820665, 6860761.130580277182162 ] ] ] } },
{ "type": "Feature", "properties": { "gid": 4427, "streetname": "R DE REUILLY", "note": null }, "geometry": { "type": "MultiLineString", "coordinates": [ [ [ 655107.119737846893258, 6860820.683952864259481 ], [ 655141.74559044954367, 6860776.393494185060263 ] ] ] } },
{ "type": "Feature", "properties": { "gid": 4428, "streetname": "R DE REUILLY", "note": null }, "geometry": { "type": "MultiLineString", "coordinates": [ [ [ 655047.79958147497382, 6860901.181444488465786 ], [ 655068.561645217123441, 6860873.007319701835513 ] ] ] } },
{ "type": "Feature", "properties": { "gid": 4435, "streetname": "PAS GATBOIS", "note": null }, "geometry": { "type": "MultiLineString", "coordinates": [ [ [ 654424.874189003719948, 6860670.434356674551964 ], [ 654487.187861297861673, 6860707.908584536984563 ], [ 654508.312038256903179, 6860722.73028233461082 ] ] ] } },
{ "type": "Feature", "properties": { "gid": 4458, "streetname": "PAS DU GENIE", "note": null }, "geometry": { "type": "MultiLineString", "coordinates": [ [ [ 655241.291378759196959, 6861197.543332090601325 ], [ 655247.189699393929914, 6861185.493938364088535 ], [ 655242.021680107456632, 6861165.537994492799044 ], [ 655141.121521458611824, 6861058.390942243859172 ], [ 655160.841566590243019, 6861025.225677995942533 ] ] ] } },
{ "type": "Feature", "properties": { "gid": 4478, "streetname": "QU HENRI IV", "note": null }, "geometry": { "type": "MultiLineString", "coordinates": [ [ [ 653143.880075502442196, 6861261.196492020972073 ], [ 653151.727969187195413, 6861243.130956166423857 ], [ 653188.379687878768891, 6861201.823804628103971 ], [ 653217.124645988922566, 6861171.582860002294183 ] ] ] } },
{ "type": "Feature", "properties": { "gid": 4489, "streetname": "AV DAUMESNIL", "note": null }, "geometry": { "type": "MultiLineString", "coordinates": [ [ [ 654312.577558853314258, 6860872.373916094191372 ], [ 654351.304330660146661, 6860840.048805583268404 ] ] ] } },
{ "type": "Feature", "properties": { "gid": 4491, "streetname": "BD DIDEROT", "note": null }, "geometry": { "type": "MultiLineString", "coordinates": [ [ [ 655403.070699285482988, 6861053.183801016770303 ], [ 655442.125882769818418, 6861059.854482336901128 ] ] ] } },
{ "type": "Feature", "properties": { "gid": 4492, "streetname": "AV DAUMESNIL", "note": null }, "geometry": { "type": "MultiLineString", "coordinates": [ [ [ 653953.80945856962353, 6861136.386490339413285 ], [ 654049.211098112398759, 6861065.585469223558903 ] ] ] } },
{ "type": "Feature", "properties": { "gid": 4493, "streetname": "AV DAUMESNIL", "note": null }, "geometry": { "type": "MultiLineString", "coordinates": [ [ [ 654049.211098112398759, 6861065.585469223558903 ], [ 654153.56966376490891, 6860989.709159362129867 ] ] ] } },
{ "type": "Feature", "properties": { "gid": 4498, "streetname": "AV DAUMESNIL", "note": null }, "geometry": { "type": "MultiLineString", "coordinates": [ [ [ 654351.304330660146661, 6860840.048805583268404 ], [ 654460.636757422820665, 6860761.130580277182162 ] ] ] } },
{ "type": "Feature", "properties": { "gid": 4499, "streetname": "AV DAUMESNIL", "note": null }, "geometry": { "type": "MultiLineString", "coordinates": [ [ [ 654508.312038256903179, 6860722.73028233461082 ], [ 654530.191964057972655, 6860708.546467092819512 ] ] ] } },
{ "type": "Feature", "properties": { "gid": 4500, "streetname": "AV DAUMESNIL", "note": null }, "geometry": { "type": "MultiLineString", "coordinates": [ [ [ 654481.491539468523115, 6860743.955488309264183 ], [ 654508.312038256903179, 6860722.73028233461082 ] ] ] } },
{ "type": "Feature", "properties": { "gid": 4501, "streetname": "AV DAUMESNIL", "note": null }, "geometry": { "type": "MultiLineString", "coordinates": [ [ [ 654182.390078012831509, 6860968.467151320539415 ], [ 654233.056816370808519, 6860929.04174707364291 ] ] ] } },
{ "type": "Feature", "properties": { "gid": 4502, "streetname": "AV DAUMESNIL", "note": null }, "geometry": { "type": "MultiLineString", "coordinates": [ [ [ 654608.678844372276217, 6860647.887365055270493 ], [ 654767.685849918983877, 6860530.551847700029612 ] ] ] } },
{ "type": "Feature", "properties": { "gid": 4503, "streetname": "QU DES CELESTINS", "note": null }, "geometry": { "type": "MultiLineString", "coordinates": [ [ [ 653104.179311041370966, 6861534.523759309202433 ], [ 653123.034605717635714, 6861517.365609262138605 ] ] ] } },
{ "type": "Feature", "properties": { "gid": 4506, "streetname": "R SAINT-ANTOINE", "note": null }, "geometry": { "type": "MultiLineString", "coordinates": [ [ [ 653558.348135052365251, 6861674.700976143591106 ], [ 653597.268829145235941, 6861665.373767357319593 ] ] ] } },
{ "type": "Feature", "properties": { "gid": 4510, "streetname": "QU DES CELESTINS", "note": null }, "geometry": { "type": "MultiLineString", "coordinates": [ [ [ 653123.034605717635714, 6861517.365609262138605 ], [ 653203.438443277264014, 6861446.691151233389974 ] ] ] } },
{ "type": "Feature", "properties": { "gid": 4511, "streetname": "QU HENRI IV", "note": null }, "geometry": { "type": "MultiLineString", "coordinates": [ [ [ 653140.965049358666874, 6861390.217831143178046 ], [ 653138.586893850238994, 6861345.23891863040626 ], [ 653139.073930846643634, 6861284.236328838393092 ], [ 653143.880075502442196, 6861261.196492020972073 ] ] ] } },
{ "type": "Feature", "properties": { "gid": 4521, "streetname": "R JEAN BEAUSIRE", "note": null }, "geometry": { "type": "MultiLineString", "coordinates": [ [ [ 653637.702544203377329, 6861717.032504683360457 ], [ 653636.089670177432708, 6861763.04510288964957 ] ] ] } },
{ "type": "Feature", "properties": { "gid": 4523, "streetname": "PONT D'AUSTERLITZ", "note": null }, "geometry": { "type": "MultiLineString", "coordinates": [ [ [ 653529.813878910150379, 6860778.963715953752398 ], [ 653550.954771592048928, 6860795.785389613360167 ], [ 653591.23677339067217, 6860829.445555845275521 ] ] ] } },
{ "type": "Feature", "properties": { "gid": 4524, "streetname": "QU DES CELESTINS", "note": null }, "geometry": { "type": "MultiLineString", "coordinates": [ [ [ 653203.438443277264014, 6861446.691151233389974 ], [ 653206.261587755056098, 6861425.667908364906907 ], [ 653198.136220884160139, 6861410.736591678112745 ] ] ] } },
{ "type": "Feature", "properties": { "gid": 4530, "streetname": "R VILLIOT", "note": null }, "geometry": { "type": "MultiLineString", "coordinates": [ [ [ 654045.503894798690453, 6860268.640510370023549 ], [ 654235.721495109959505, 6860414.034690494649112 ] ] ] } },
{ "type": "Feature", "properties": { "gid": 4532, "streetname": "BD DE LA BASTILLE", "note": null }, "geometry": { "type": "MultiLineString", "coordinates": [ [ [ 653722.877435875474475, 6861500.320723546668887 ], [ 653737.010724248248152, 6861516.201447329483926 ] ] ] } },
{ "type": "Feature", "properties": { "gid": 4535, "streetname": "BD DE LA BASTILLE", "note": null }, "geometry": { "type": "MultiLineString", "coordinates": [ [ [ 653644.705893759499304, 6861241.984630421735346 ], [ 653661.175429698079824, 6861297.844677862711251 ] ] ] } },
{ "type": "Feature", "properties": { "gid": 4536, "streetname": "BD DE LA BASTILLE", "note": null }, "geometry": { "type": "MultiLineString", "coordinates": [ [ [ 653563.501331374049187, 6860979.674667874351144 ], [ 653593.331216552644037, 6861078.421063800342381 ] ] ] } },
{ "type": "Feature", "properties": { "gid": 4537, "streetname": "BD DE LA BASTILLE", "note": null }, "geometry": { "type": "MultiLineString", "coordinates": [ [ [ 653677.602920045028441, 6861348.705224376171827 ], [ 653710.516828542225994, 6861457.425715696997941 ] ] ] } },
{ "type": "Feature", "properties": { "gid": 4539, "streetname": "BD DE LA BASTILLE", "note": null }, "geometry": { "type": "MultiLineString", "coordinates": [ [ [ 653710.516828542225994, 6861457.425715696997941 ], [ 653722.877435875474475, 6861500.320723546668887 ] ] ] } },
{ "type": "Feature", "properties": { "gid": 4542, "streetname": "BD DE LA BASTILLE", "note": null }, "geometry": { "type": "MultiLineString", "coordinates": [ [ [ 653626.211330598103814, 6861183.141719457693398 ], [ 653644.705893759499304, 6861241.984630421735346 ] ] ] } },
{ "type": "Feature", "properties": { "gid": 4543, "streetname": "BD DE LA BASTILLE", "note": null }, "geometry": { "type": "MultiLineString", "coordinates": [ [ [ 653534.747093878570013, 6860889.91904438007623 ], [ 653563.501331374049187, 6860979.674667874351144 ] ] ] } },
{ "type": "Feature", "properties": { "gid": 4544, "streetname": "AV DAUMESNIL", "note": null }, "geometry": { "type": "MultiLineString", "coordinates": [ [ [ 654530.191964057972655, 6860708.546467092819512 ], [ 654552.063465381623246, 6860693.36275002732873 ], [ 654574.918021500576288, 6860676.170812630094588 ] ] ] } },
{ "type": "Feature", "properties": { "gid": 4546, "streetname": "BD DE LA BASTILLE", "note": null }, "geometry": { "type": "MultiLineString", "coordinates": [ [ [ 653661.175429698079824, 6861297.844677862711251 ], [ 653677.602920045028441, 6861348.705224376171827 ] ] ] } },
{ "type": "Feature", "properties": { "gid": 4567, "streetname": "PONT D'AUSTERLITZ", "note": null }, "geometry": { "type": "MultiLineString", "coordinates": [ [ [ 653379.769129160558805, 6860654.229488704353571 ], [ 653412.984460270963609, 6860679.949346303008497 ], [ 653430.100490963901393, 6860693.804968221113086 ], [ 653471.382324791746214, 6860727.456735365092754 ], [ 653515.697524973540567, 6860765.082865886390209 ], [ 653529.813878910150379, 6860778.963715953752398 ] ] ] } },
{ "type": "Feature", "properties": { "gid": 4570, "streetname": "R RAUCH", "note": null }, "geometry": { "type": "MultiLineString", "coordinates": [ [ [ 654390.666899723932147, 6861714.695707822218537 ], [ 654497.019155190559104, 6861756.799398789182305 ] ] ] } },
{ "type": "Feature", "properties": { "gid": 4578, "streetname": "R MOREAU", "note": null }, "geometry": { "type": "MultiLineString", "coordinates": [ [ [ 653944.635031363228336, 6861234.461182285100222 ], [ 653949.743938152911142, 6861247.417862667702138 ], [ 653989.42178837757092, 6861328.081951946951449 ], [ 654000.647940199705772, 6861354.986820487305522 ] ] ] } },
{ "type": "Feature", "properties": { "gid": 4579, "streetname": "R DE RAMBOUILLET", "note": null }, "geometry": { "type": "MultiLineString", "coordinates": [ [ [ 654405.356985317077488, 6860532.862384467385709 ], [ 654480.068767359829508, 6860574.972523640841246 ] ] ] } },
{ "type": "Feature", "properties": { "gid": 4583, "streetname": "BD DE LA BASTILLE", "note": null }, "geometry": { "type": "MultiLineString", "coordinates": [ [ [ 653593.331216552644037, 6861078.421063800342381 ], [ 653619.001714694313705, 6861158.203015351668 ] ] ] } },
{ "type": "Feature", "properties": { "gid": 4584, "streetname": "R DE CHARENTON", "note": null }, "geometry": { "type": "MultiLineString", "coordinates": [ [ [ 654332.552112139062956, 6860988.202551458030939 ], [ 654422.735032143886201, 6860891.445975087583065 ] ] ] } },
{ "type": "Feature", "properties": { "gid": 4585, "streetname": "R DE REUILLY", "note": null }, "geometry": { "type": "MultiLineString", "coordinates": [ [ [ 654997.503731964039616, 6860984.60285853035748 ], [ 654854.833965375437401, 6861260.797448359429836 ], [ 654820.140495400526561, 6861297.088764374144375 ] ] ] } },
{ "type": "Feature", "properties": { "gid": 4587, "streetname": "R DE CHARENTON", "note": null }, "geometry": { "type": "MultiLineString", "coordinates": [ [ [ 654252.182903667213395, 6861062.877110592089593 ], [ 654285.927075802115723, 6861032.593859550543129 ] ] ] } },
{ "type": "Feature", "properties": { "gid": 4591, "streetname": "R DE CHARENTON", "note": null }, "geometry": { "type": "MultiLineString", "coordinates": [ [ [ 654207.523948830668814, 6861103.251970080658793 ], [ 654252.182903667213395, 6861062.877110592089593 ] ] ] } },
{ "type": "Feature", "properties": { "gid": 4592, "streetname": "R DE MONTREUIL", "note": null }, "geometry": { "type": "MultiLineString", "coordinates": [ [ [ 654857.448571493267082, 6861333.773631351068616 ], [ 654827.434584248461761, 6861332.026474769227207 ] ] ] } },
{ "type": "Feature", "properties": { "gid": 4595, "streetname": "R DE CHARONNE", "note": null }, "geometry": { "type": "MultiLineString", "coordinates": [ [ [ 654191.163400386576541, 6861654.376454701647162 ], [ 654241.141939380206168, 6861651.955810691229999 ] ] ] } },
{ "type": "Feature", "properties": { "gid": 4599, "streetname": "R DE MONTREUIL", "note": null }, "geometry": { "type": "MultiLineString", "coordinates": [ [ [ 654800.46241932536941, 6861335.25357039924711 ], [ 654827.434584248461761, 6861332.026474769227207 ] ] ] } },
{ "type": "Feature", "properties": { "gid": 4604, "streetname": "R DE CHARONNE", "note": null }, "geometry": { "type": "MultiLineString", "coordinates": [ [ [ 654241.141939380206168, 6861651.955810691229999 ], [ 654261.13167107233312, 6861650.787565825507045 ] ] ] } },
{ "type": "Feature", "properties": { "gid": 4606, "streetname": "R DE MONTREUIL", "note": null }, "geometry": { "type": "MultiLineString", "coordinates": [ [ [ 654857.448571493267082, 6861333.773631351068616 ], [ 654915.426204894669354, 6861331.285338306799531 ] ] ] } },
{ "type": "Feature", "properties": { "gid": 4612, "streetname": "R DE MONTREUIL", "note": null }, "geometry": { "type": "MultiLineString", "coordinates": [ [ [ 655231.4213856352726, 6861331.623170671984553 ], [ 655277.417005357332528, 6861331.235612628050148 ] ] ] } },
{ "type": "Feature", "properties": { "gid": 4615, "streetname": "R DE MONTREUIL", "note": null }, "geometry": { "type": "MultiLineString", "coordinates": [ [ [ 655037.406163739855401, 6861329.25784291792661 ], [ 655112.399020497803576, 6861328.626066231168807 ] ] ] } },
{ "type": "Feature", "properties": { "gid": 4626, "streetname": "R TRAVERSIERE", "note": null }, "geometry": { "type": "MultiLineString", "coordinates": [ [ [ 654052.328619007021189, 6861079.558860252611339 ], [ 654116.315547392237931, 6861197.017257546074688 ] ] ] } },
{ "type": "Feature", "properties": { "gid": 4629, "streetname": "R DE CHARENTON", "note": null }, "geometry": { "type": "MultiLineString", "coordinates": [ [ [ 654045.16399941383861, 6861297.613577272742987 ], [ 654082.714349990710616, 6861244.298869202844799 ] ] ] } },
{ "type": "Feature", "properties": { "gid": 4631, "streetname": "R DE CHARENTON", "note": null }, "geometry": { "type": "MultiLineString", "coordinates": [ [ [ 654000.647940199705772, 6861354.986820487305522 ], [ 654045.16399941383861, 6861297.613577272742987 ] ] ] } },
{ "type": "Feature", "properties": { "gid": 4632, "streetname": "R DE CHARENTON", "note": null }, "geometry": { "type": "MultiLineString", "coordinates": [ [ [ 653984.817753914510831, 6861375.119557014666498 ], [ 654000.647940199705772, 6861354.986820487305522 ] ] ] } },
{ "type": "Feature", "properties": { "gid": 4654, "streetname": "R DE CHARENTON", "note": null }, "geometry": { "type": "MultiLineString", "coordinates": [ [ [ 653969.004391417256556, 6861397.252105377614498 ], [ 653984.817753914510831, 6861375.119557014666498 ] ] ] } },
{ "type": "Feature", "properties": { "gid": 4659, "streetname": "R DE CHARONNE", "note": null }, "geometry": { "type": "MultiLineString", "coordinates": [ [ [ 654099.742625147919171, 6861604.147042001597583 ], [ 654110.893085361109115, 6861622.052797335200012 ] ] ] } },
{ "type": "Feature", "properties": { "gid": 4660, "streetname": "R DE CHARONNE", "note": null }, "geometry": { "type": "MultiLineString", "coordinates": [ [ [ 654110.893085361109115, 6861622.052797335200012 ], [ 654144.083590132184327, 6861644.772941295057535 ] ] ] } },
{ "type": "Feature", "properties": { "gid": 4665, "streetname": "AV LEDRU-ROLLIN", "note": null }, "geometry": { "type": "MultiLineString", "coordinates": [ [ [ 653972.959080962231383, 6861154.224873013794422 ], [ 654082.714349990710616, 6861244.298869202844799 ] ] ] } },
{ "type": "Feature", "properties": { "gid": 4666, "streetname": "R DE MONTREUIL", "note": null }, "geometry": { "type": "MultiLineString", "coordinates": [ [ [ 654982.419824776705354, 6861330.721020987257361 ], [ 655037.406163739855401, 6861329.25784291792661 ] ] ] } },
{ "type": "Feature", "properties": { "gid": 4669, "streetname": "R MOREAU", "note": null }, "geometry": { "type": "MultiLineString", "coordinates": [ [ [ 653936.484342706855386, 6861216.530226767063141 ], [ 653944.635031363228336, 6861234.461182285100222 ] ] ] } },
{ "type": "Feature", "properties": { "gid": 4676, "streetname": "AV LEDRU-ROLLIN", "note": null }, "geometry": { "type": "MultiLineString", "coordinates": [ [ [ 653723.174367235274985, 6860941.332410691305995 ], [ 653871.228437562705949, 6861067.083243735134602 ] ] ] } },
{ "type": "Feature", "properties": { "gid": 4679, "streetname": "R TRAVERSIERE", "note": null }, "geometry": { "type": "MultiLineString", "coordinates": [ [ [ 653912.978965572081506, 6860918.735955934971571 ], [ 653979.553064400912262, 6860987.173821412958205 ], [ 654049.211098112398759, 6861065.585469223558903 ] ] ] } },
{ "type": "Feature", "properties": { "gid": 4680, "streetname": "R SAINT-PAUL", "note": null }, "geometry": { "type": "MultiLineString", "coordinates": [ [ [ 653081.307570209377445, 6861549.715724476613104 ], [ 653085.567820535972714, 6861580.67920327745378 ] ] ] } },
{ "type": "Feature", "properties": { "gid": 4681, "streetname": "R DE CHARONNE", "note": null }, "geometry": { "type": "MultiLineString", "coordinates": [ [ [ 654074.298932412173599, 6861551.362369474023581 ], [ 654099.742625147919171, 6861604.147042001597583 ] ] ] } },
{ "type": "Feature", "properties": { "gid": 4682, "streetname": "R DE CHARONNE", "note": null }, "geometry": { "type": "MultiLineString", "coordinates": [ [ [ 654261.13167107233312, 6861650.787565825507045 ], [ 654281.180322251748294, 6861656.618669623509049 ] ] ] } },
{ "type": "Feature", "properties": { "gid": 4683, "streetname": "R DE CHARONNE", "note": null }, "geometry": { "type": "MultiLineString", "coordinates": [ [ [ 654156.141391217475757, 6861651.671300534158945 ], [ 654169.182268785312772, 6861656.561427866108716 ], [ 654191.163400386576541, 6861654.376454701647162 ] ] ] } },
{ "type": "Feature", "properties": { "gid": 4684, "streetname": "R DE CHARONNE", "note": null }, "geometry": { "type": "MultiLineString", "coordinates": [ [ [ 654144.083590132184327, 6861644.772941295057535 ], [ 654156.141391217475757, 6861651.671300534158945 ] ] ] } },
{ "type": "Feature", "properties": { "gid": 4687, "streetname": "AV LEDRU-ROLLIN", "note": null }, "geometry": { "type": "MultiLineString", "coordinates": [ [ [ 653591.23677339067217, 6860829.445555845275521 ], [ 653631.518797663622536, 6860863.105718208476901 ] ] ] } },
{ "type": "Feature", "properties": { "gid": 4689, "streetname": "AV LEDRU-ROLLIN", "note": null }, "geometry": { "type": "MultiLineString", "coordinates": [ [ [ 653871.228437562705949, 6861067.083243735134602 ], [ 653953.80945856962353, 6861136.386490339413285 ] ] ] } },
{ "type": "Feature", "properties": { "gid": 4691, "streetname": "QU DE LA RAPEE", "note": null }, "geometry": { "type": "MultiLineString", "coordinates": [ [ [ 653701.148965271189809, 6860700.524629362858832 ], [ 653703.081465713330545, 6860692.508608643896878 ] ] ] } },
{ "type": "Feature", "properties": { "gid": 4693, "streetname": "QU DE LA RAPEE", "note": null }, "geometry": { "type": "MultiLineString", "coordinates": [ [ [ 653644.693048542598262, 6860764.997705933637917 ], [ 653701.148965271189809, 6860700.524629362858832 ] ] ] } },
{ "type": "Feature", "properties": { "gid": 4700, "streetname": "AV LEDRU-ROLLIN", "note": null }, "geometry": { "type": "MultiLineString", "coordinates": [ [ [ 653631.518797663622536, 6860863.105718208476901 ], [ 653723.174367235274985, 6860941.332410691305995 ] ] ] } },
{ "type": "Feature", "properties": { "gid": 4702, "streetname": "R TRAVERSIERE", "note": null }, "geometry": { "type": "MultiLineString", "coordinates": [ [ [ 653826.238659027731046, 6860830.468347936868668 ], [ 653912.978965572081506, 6860918.735955934971571 ] ] ] } },
{ "type": "Feature", "properties": { "gid": 4705, "streetname": "R DE RAMBOUILLET", "note": null }, "geometry": { "type": "MultiLineString", "coordinates": [ [ [ 654480.068767359829508, 6860574.972523640841246 ], [ 654608.678844372276217, 6860647.887365055270493 ] ] ] } },
{ "type": "Feature", "properties": { "gid": 4708, "streetname": "BD DIDEROT", "note": null }, "geometry": { "type": "MultiLineString", "coordinates": [ [ [ 654084.271929096779786, 6860835.2967315511778 ], [ 654181.405371216242202, 6860851.478702364489436 ] ] ] } },
{ "type": "Feature", "properties": { "gid": 4709, "streetname": "PAS THIERE", "note": null }, "geometry": { "type": "MultiLineString", "coordinates": [ [ [ 654081.602768944576383, 6861706.297496323473752 ], [ 654092.500768933678046, 6861694.206031898036599 ] ] ] } },
{ "type": "Feature", "properties": { "gid": 4710, "streetname": "BD DIDEROT", "note": null }, "geometry": { "type": "MultiLineString", "coordinates": [ [ [ 653852.95832815207541, 6860797.244468594901264 ], [ 653917.036092148628086, 6860806.704986612312496 ] ] ] } },
{ "type": "Feature", "properties": { "gid": 4711, "streetname": "BD DIDEROT", "note": null }, "geometry": { "type": "MultiLineString", "coordinates": [ [ [ 653787.863848102744669, 6860785.792529950849712 ], [ 653852.95832815207541, 6860797.244468594901264 ] ] ] } },
{ "type": "Feature", "properties": { "gid": 4714, "streetname": "R DE LAPPE", "note": null }, "geometry": { "type": "MultiLineString", "coordinates": [ [ [ 653964.596717098262161, 6861705.28223392367363 ], [ 654018.246729442034848, 6861663.831623817794025 ] ] ] } },
{ "type": "Feature", "properties": { "gid": 4715, "streetname": "RLE BIDAULT", "note": null }, "geometry": { "type": "MultiLineString", "coordinates": [ [ [ 654649.365262514911592, 6860729.542319323867559 ], [ 654603.125697999959812, 6860700.932547976262867 ] ] ] } },
{ "type": "Feature", "properties": { "gid": 4716, "streetname": "CITE PARCHAPPE", "note": null }, "geometry": { "type": "MultiLineString", "coordinates": [ [ [ 653903.089082925347611, 6861644.801139052025974 ], [ 653862.646863940986805, 6861592.142613769508898 ] ] ] } },
{ "type": "Feature", "properties": { "gid": 4717, "streetname": "PL D'ALIGRE", "note": null }, "geometry": { "type": "MultiLineString", "coordinates": [ [ [ 654374.282273533870466, 6861193.845813555642962 ], [ 654395.196069349301979, 6861183.670000241138041 ], [ 654405.119341604295187, 6861174.586687696166337 ], [ 654410.043095334200189, 6861165.54546604398638 ], [ 654411.933465518639423, 6861152.529886321164668 ], [ 654406.807676622993313, 6861137.573428958654404 ], [ 654396.724464101251215, 6861127.658578987233341 ] ] ] } },
{ "type": "Feature", "properties": { "gid": 4723, "streetname": "BD DIDEROT", "note": null }, "geometry": { "type": "MultiLineString", "coordinates": [ [ [ 655160.841566590243019, 6861025.225677995942533 ], [ 655378.123694613343105, 6861059.39387340657413 ], [ 655385.097733519854955, 6861056.335182344540954 ], [ 655388.055309620103799, 6861051.310391246341169 ] ] ] } },
{ "type": "Feature", "properties": { "gid": 4725, "streetname": "BD DIDEROT", "note": null }, "geometry": { "type": "MultiLineString", "coordinates": [ [ [ 655057.607352352119051, 6860997.096185989677906 ], [ 655061.699619751772843, 6861008.061414140276611 ], [ 655130.785530215362087, 6861018.479090865701437 ], [ 655160.841566590243019, 6861025.225677995942533 ] ] ] } },
{ "type": "Feature", "properties": { "gid": 4726, "streetname": "PL D'ALIGRE", "note": null }, "geometry": { "type": "MultiLineString", "coordinates": [ [ [ 654301.028371679363772, 6861163.463289050385356 ], [ 654346.838738945429213, 6861141.078213149681687 ] ] ] } },
{ "type": "Feature", "properties": { "gid": 4729, "streetname": "R LEGRAVEREND", "note": null }, "geometry": { "type": "MultiLineString", "coordinates": [ [ [ 654182.390078012831509, 6860968.467151320539415 ], [ 654166.299071716261096, 6860957.602892248891294 ] ] ] } },
{ "type": "Feature", "properties": { "gid": 4731, "streetname": "R DE CITEAUX", "note": null }, "geometry": { "type": "MultiLineString", "coordinates": [ [ [ 654590.842416304512881, 6861261.020724679343402 ], [ 654600.329900113283657, 6861318.939403337426484 ], [ 654606.405106470105238, 6861327.88802685495466 ] ] ] } },
{ "type": "Feature", "properties": { "gid": 4732, "streetname": "R DU DAHOMEY", "note": null }, "geometry": { "type": "MultiLineString", "coordinates": [ [ [ 654618.119750718353316, 6861412.787340317852795 ], [ 654799.11947922653053, 6861413.263012057170272 ] ] ] } },
{ "type": "Feature", "properties": { "gid": 4734, "streetname": "QU HENRI IV", "note": null }, "geometry": { "type": "MultiLineString", "coordinates": [ [ [ 653217.124645988922566, 6861171.582860002294183 ], [ 653248.85248218011111, 6861139.316883934661746 ] ] ] } },
{ "type": "Feature", "properties": { "gid": 4739, "streetname": "R DE CITEAUX", "note": null }, "geometry": { "type": "MultiLineString", "coordinates": [ [ [ 654536.995164212887175, 6861041.479817500337958 ], [ 654551.204281352926046, 6861066.359508948400617 ] ] ] } },
{ "type": "Feature", "properties": { "gid": 4740, "streetname": "PAS SAINT-BERNARD", "note": null }, "geometry": { "type": "MultiLineString", "coordinates": [ [ [ 654470.544340112479404, 6861344.031616786494851 ], [ 654477.737305462127551, 6861366.970499824732542 ], [ 654489.308742429828271, 6861434.871455860324204 ] ] ] } },
{ "type": "Feature", "properties": { "gid": 4743, "streetname": "R DAVAL", "note": null }, "geometry": { "type": "MultiLineString", "coordinates": [ [ [ 653872.253141939407215, 6861783.057676693424582 ], [ 653873.177326752222143, 6861774.050086796283722 ] ] ] } },
{ "type": "Feature", "properties": { "gid": 4745, "streetname": "R PAUL BERT", "note": null }, "geometry": { "type": "MultiLineString", "coordinates": [ [ [ 654839.494675681111403, 6861457.921902018599212 ], [ 654865.494533643592149, 6861576.700205124914646 ] ] ] } },
{ "type": "Feature", "properties": { "gid": 4746, "streetname": "BD DIDEROT", "note": null }, "geometry": { "type": "MultiLineString", "coordinates": [ [ [ 654011.17820100125391, 6860823.912232903763652 ], [ 654041.20887893345207, 6860827.659384946338832 ] ] ] } },
{ "type": "Feature", "properties": { "gid": 4748, "streetname": "BD DIDEROT", "note": null }, "geometry": { "type": "MultiLineString", "coordinates": [ [ [ 654181.405371216242202, 6860851.478702364489436 ], [ 654196.429132591583766, 6860854.352159435860813 ] ] ] } },
{ "type": "Feature", "properties": { "gid": 4755, "streetname": "BD DIDEROT", "note": null }, "geometry": { "type": "MultiLineString", "coordinates": [ [ [ 655048.574540374218486, 6860993.172389653511345 ], [ 655052.515183768584393, 6860986.13938220217824 ], [ 655058.489324631518684, 6860983.089135376736522 ], [ 655073.513124071643688, 6860985.962486825883389 ], [ 655165.647315697744489, 6861002.185806958936155 ] ] ] } },
{ "type": "Feature", "properties": { "gid": 4757, "streetname": "R DAVAL", "note": null }, "geometry": { "type": "MultiLineString", "coordinates": [ [ [ 653826.669604536495171, 6861832.440226431004703 ], [ 653872.253141939407215, 6861783.057676693424582 ] ] ] } },
{ "type": "Feature", "properties": { "gid": 4759, "streetname": "AV DAUMESNIL", "note": null }, "geometry": { "type": "MultiLineString", "coordinates": [ [ [ 653868.356262809131294, 6861201.103917834348977 ], [ 653889.219618526636623, 6861184.928770385682583 ] ] ] } },
{ "type": "Feature", "properties": { "gid": 4761, "streetname": "BD DIDEROT", "note": null }, "geometry": { "type": "MultiLineString", "coordinates": [ [ [ 655165.647315697744489, 6861002.185806958936155 ], [ 655283.804265663377009, 6861021.189707715064287 ] ] ] } },
{ "type": "Feature", "properties": { "gid": 4766, "streetname": "BD MORLAND", "note": null }, "geometry": { "type": "MultiLineString", "coordinates": [ [ [ 653249.567928409320302, 6861343.30571202095598 ], [ 653286.194417907390743, 6861298.998783018440008 ] ] ] } },
{ "type": "Feature", "properties": { "gid": 4770, "streetname": "BD DIDEROT", "note": null }, "geometry": { "type": "MultiLineString", "coordinates": [ [ [ 655388.055309620103799, 6861051.310391246341169 ], [ 655403.070699285482988, 6861053.183801016770303 ] ] ] } },
{ "type": "Feature", "properties": { "gid": 4776, "streetname": "R DE REUILLY", "note": null }, "geometry": { "type": "MultiLineString", "coordinates": [ [ [ 655026.003913446329534, 6860925.364389831200242 ], [ 655047.79958147497382, 6860901.181444488465786 ] ] ] } },
{ "type": "Feature", "properties": { "gid": 4794, "streetname": "BD DIDEROT", "note": null }, "geometry": { "type": "MultiLineString", "coordinates": [ [ [ 655283.804265663377009, 6861021.189707715064287 ], [ 655386.937439375207759, 6861037.320184199139476 ], [ 655400.969777700025588, 6861041.201824960298836 ], [ 655403.070699285482988, 6861053.183801016770303 ] ] ] } },
{ "type": "Feature", "properties": { "gid": 4798, "streetname": "R DE CHARONNE", "note": null }, "geometry": { "type": "MultiLineString", "coordinates": [ [ [ 654046.838619072805159, 6861496.594732929952443 ], [ 654074.298932412173599, 6861551.362369474023581 ] ] ] } },
{ "type": "Feature", "properties": { "gid": 4801, "streetname": "BD MORLAND", "note": null }, "geometry": { "type": "MultiLineString", "coordinates": [ [ [ 653198.136220884160139, 6861410.736591678112745 ], [ 653249.567928409320302, 6861343.30571202095598 ] ] ] } },
{ "type": "Feature", "properties": { "gid": 4806, "streetname": "R CROZATIER", "note": null }, "geometry": { "type": "MultiLineString", "coordinates": [ [ [ 654540.398995973868296, 6861089.449882568791509 ], [ 654551.204281352926046, 6861066.359508948400617 ] ] ] } },
{ "type": "Feature", "properties": { "gid": 4808, "streetname": "BD BOURDON", "note": null }, "geometry": { "type": "MultiLineString", "coordinates": [ [ [ 653548.354441388510168, 6861318.793271327391267 ], [ 653571.966270090662874, 6861391.592876808717847 ] ] ] } },
{ "type": "Feature", "properties": { "gid": 4812, "streetname": "BD DIDEROT", "note": null }, "geometry": { "type": "MultiLineString", "coordinates": [ [ [ 655017.527039736974984, 6860987.434101624414325 ], [ 655048.574540374218486, 6860993.172389653511345 ] ] ] } },
{ "type": "Feature", "properties": { "gid": 4814, "streetname": "BD BOURDON", "note": null }, "geometry": { "type": "MultiLineString", "coordinates": [ [ [ 653516.507906016428024, 6861218.063681613653898 ], [ 653548.354441388510168, 6861318.793271327391267 ] ] ] } },
{ "type": "Feature", "properties": { "gid": 4817, "streetname": "R DE REUILLY", "note": null }, "geometry": { "type": "MultiLineString", "coordinates": [ [ [ 655068.561645217123441, 6860873.007319701835513 ], [ 655107.119737846893258, 6860820.683952864259481 ] ] ] } },
{ "type": "Feature", "properties": { "gid": 4820, "streetname": "PAS ABEL LEBLANC", "note": null }, "geometry": { "type": "MultiLineString", "coordinates": [ [ [ 654529.907694202032872, 6860793.546382603235543 ], [ 654652.569148842711002, 6860872.511231878772378 ] ] ] } },
{ "type": "Feature", "properties": { "gid": 4825, "streetname": "R DE BIRAGUE", "note": null }, "geometry": { "type": "MultiLineString", "coordinates": [ [ [ 653394.817412225878797, 6861730.075314946472645 ], [ 653421.647612750297412, 6861828.847596228122711 ] ] ] } },
{ "type": "Feature", "properties": { "gid": 4844, "streetname": "QU HENRI IV", "note": null }, "geometry": { "type": "MultiLineString", "coordinates": [ [ [ 653405.407506500952877, 6860968.004807570017874 ], [ 653408.323112861602567, 6860957.980560781434178 ], [ 653422.136716298060492, 6860935.864986659027636 ] ] ] } },
{ "type": "Feature", "properties": { "gid": 4858, "streetname": "R FAIDHERBE", "note": null }, "geometry": { "type": "MultiLineString", "coordinates": [ [ [ 654820.140495400526561, 6861297.088764374144375 ], [ 654827.434584248461761, 6861332.026474769227207 ] ] ] } },
{ "type": "Feature", "properties": { "gid": 4864, "streetname": "AV LEDRU-ROLLIN", "note": null }, "geometry": { "type": "MultiLineString", "coordinates": [ [ [ 654204.041056380607188, 6861402.273797888308764 ], [ 654219.27530187764205, 6861430.144902656786144 ] ] ] } },
{ "type": "Feature", "properties": { "gid": 4872, "streetname": "R DE LYON", "note": null }, "geometry": { "type": "MultiLineString", "coordinates": [ [ [ 653721.744109717896208, 6861603.327926905825734 ], [ 653727.474350641597994, 6861571.280431662686169 ], [ 653735.271702282363549, 6861547.215371559374034 ], [ 653737.010724248248152, 6861516.201447329483926 ] ] ] } },
{ "type": "Feature", "properties": { "gid": 4882, "streetname": "R DE REUILLY", "note": null }, "geometry": { "type": "MultiLineString", "coordinates": [ [ [ 654997.503731964039616, 6860984.60285853035748 ], [ 655023.105288293445483, 6860937.388477007858455 ] ] ] } },
{ "type": "Feature", "properties": { "gid": 4887, "streetname": "R DE REUILLY", "note": null }, "geometry": { "type": "MultiLineString", "coordinates": [ [ [ 655023.105288293445483, 6860937.388477007858455 ], [ 655026.003913446329534, 6860925.364389831200242 ] ] ] } },
{ "type": "Feature", "properties": { "gid": 4893, "streetname": "QU HENRI IV", "note": null }, "geometry": { "type": "MultiLineString", "coordinates": [ [ [ 653123.034605717635714, 6861517.365609262138605 ], [ 653138.612723527592607, 6861467.235782929696143 ], [ 653139.25109955877997, 6861424.231429769657552 ], [ 653140.965049358666874, 6861390.217831143178046 ] ] ] } },
{ "type": "Feature", "properties": { "gid": 4894, "streetname": "R DE BERCY", "note": null }, "geometry": { "type": "MultiLineString", "coordinates": [ [ [ 653593.331216552644037, 6861078.421063800342381 ], [ 653663.693406333099119, 6861002.831155113875866 ] ] ] } },
{ "type": "Feature", "properties": { "gid": 4901, "streetname": "R DE BERCY", "note": null }, "geometry": { "type": "MultiLineString", "coordinates": [ [ [ 653852.95832815207541, 6860797.244468594901264 ], [ 653868.628599379677325, 6860758.113743364810944 ], [ 653939.981915234820917, 6860681.515558145008981 ] ] ] } },
{ "type": "Feature", "properties": { "gid": 4902, "streetname": "AV DAUMESNIL", "note": null }, "geometry": { "type": "MultiLineString", "coordinates": [ [ [ 654574.918021500576288, 6860676.170812630094588 ], [ 654590.823794710449874, 6860665.037206592969596 ], [ 654608.678844372276217, 6860647.887365055270493 ] ] ] } },
{ "type": "Feature", "properties": { "gid": 4903, "streetname": "PL D'ALIGRE", "note": null }, "geometry": { "type": "MultiLineString", "coordinates": [ [ [ 654327.497239867108874, 6861219.23903848323971 ], [ 654374.282273533870466, 6861193.845813555642962 ] ] ] } },
{ "type": "Feature", "properties": { "gid": 4912, "streetname": "R CROZATIER", "note": null }, "geometry": { "type": "MultiLineString", "coordinates": [ [ [ 654551.204281352926046, 6861066.359508948400617 ], [ 654626.009660797426477, 6860924.733435349538922 ] ] ] } },
{ "type": "Feature", "properties": { "gid": 4930, "streetname": "R DE BERCY", "note": null }, "geometry": { "type": "MultiLineString", "coordinates": [ [ [ 653723.174367235274985, 6860941.332410691305995 ], [ 653753.876868874765933, 6860906.075070625171065 ] ] ] } },
{ "type": "Feature", "properties": { "gid": 4933, "streetname": "R DE BERCY", "note": null }, "geometry": { "type": "MultiLineString", "coordinates": [ [ [ 653770.732171089621261, 6860888.933732689358294 ], [ 653826.238659027731046, 6860830.468347936868668 ] ] ] } },
{ "type": "Feature", "properties": { "gid": 4937, "streetname": "R DE BERCY", "note": null }, "geometry": { "type": "MultiLineString", "coordinates": [ [ [ 653826.238659027731046, 6860830.468347936868668 ], [ 653852.95832815207541, 6860797.244468594901264 ] ] ] } },
{ "type": "Feature", "properties": { "gid": 4939, "streetname": "R CROZATIER", "note": null }, "geometry": { "type": "MultiLineString", "coordinates": [ [ [ 654673.20499376533553, 6860829.338672385551035 ], [ 654731.289678972912952, 6860720.852640034630895 ], [ 654745.195644586230628, 6860709.735851163044572 ] ] ] } },
{ "type": "Feature", "properties": { "gid": 4940, "streetname": "R FAIDHERBE", "note": null }, "geometry": { "type": "MultiLineString", "coordinates": [ [ [ 654741.379774920875207, 6861562.745863151736557 ], [ 654799.11947922653053, 6861413.263012057170272 ] ] ] } },
{ "type": "Feature", "properties": { "gid": 4941, "streetname": "R CROZATIER", "note": null }, "geometry": { "type": "MultiLineString", "coordinates": [ [ [ 654473.491620145970955, 6861219.009898616932333 ], [ 654540.398995973868296, 6861089.449882568791509 ] ] ] } },
{ "type": "Feature", "properties": { "gid": 4943, "streetname": "R CROZATIER", "note": null }, "geometry": { "type": "MultiLineString", "coordinates": [ [ [ 654394.711511846864596, 6861363.669607167132199 ], [ 654432.185964496573433, 6861301.355619307607412 ] ] ] } },
{ "type": "Feature", "properties": { "gid": 4944, "streetname": "R CROZATIER", "note": null }, "geometry": { "type": "MultiLineString", "coordinates": [ [ [ 654432.185964496573433, 6861301.355619307607412 ], [ 654455.788000578992069, 6861254.158073234371841 ] ] ] } },
{ "type": "Feature", "properties": { "gid": 4945, "streetname": "R CROZATIER", "note": null }, "geometry": { "type": "MultiLineString", "coordinates": [ [ [ 654455.788000578992069, 6861254.158073234371841 ], [ 654473.491620145970955, 6861219.009898616932333 ] ] ] } },
{ "type": "Feature", "properties": { "gid": 4947, "streetname": "R FAIDHERBE", "note": null }, "geometry": { "type": "MultiLineString", "coordinates": [ [ [ 654810.86569953430444, 6861383.164795245975256 ], [ 654827.434584248461761, 6861332.026474769227207 ] ] ] } },
{ "type": "Feature", "properties": { "gid": 4948, "streetname": "R FAIDHERBE", "note": null }, "geometry": { "type": "MultiLineString", "coordinates": [ [ [ 654799.11947922653053, 6861413.263012057170272 ], [ 654810.86569953430444, 6861383.164795245975256 ] ] ] } },
{ "type": "Feature", "properties": { "gid": 4950, "streetname": "BD DIDEROT", "note": null }, "geometry": { "type": "MultiLineString", "coordinates": [ [ [ 654341.616775373462588, 6860877.12931352853775 ], [ 654422.735032143886201, 6860891.445975087583065 ] ] ] } },
{ "type": "Feature", "properties": { "gid": 4961, "streetname": "R TROUSSEAU", "note": null }, "geometry": { "type": "MultiLineString", "coordinates": [ [ [ 654394.711511846864596, 6861363.669607167132199 ], [ 654413.475859989412129, 6861454.509472349658608 ] ] ] } },
{ "type": "Feature", "properties": { "gid": 4966, "streetname": "R PAUL BERT", "note": null }, "geometry": { "type": "MultiLineString", "coordinates": [ [ [ 654832.175310987629928, 6861419.984439352527261 ], [ 654839.494675681111403, 6861457.921902018599212 ] ] ] } },
{ "type": "Feature", "properties": { "gid": 4967, "streetname": "BD DIDEROT", "note": null }, "geometry": { "type": "MultiLineString", "coordinates": [ [ [ 654776.205402362858877, 6860948.467883508652449 ], [ 654868.331101749907248, 6860963.691523028537631 ] ] ] } },
{ "type": "Feature", "properties": { "gid": 4971, "streetname": "R FAIDHERBE", "note": null }, "geometry": { "type": "MultiLineString", "coordinates": [ [ [ 654707.174581108381972, 6861657.031854731962085 ], [ 654741.379774920875207, 6861562.745863151736557 ] ] ] } },
{ "type": "Feature", "properties": { "gid": 4978, "streetname": "BD DIDEROT", "note": null }, "geometry": { "type": "MultiLineString", "coordinates": [ [ [ 654472.797438624082133, 6860899.024259408004582 ], [ 654626.009660797426477, 6860924.733435349538922 ] ] ] } },
{ "type": "Feature", "properties": { "gid": 4979, "streetname": "BD DIDEROT", "note": null }, "geometry": { "type": "MultiLineString", "coordinates": [ [ [ 654626.009660797426477, 6860924.733435349538922 ], [ 654776.205402362858877, 6860948.467883508652449 ] ] ] } },
{ "type": "Feature", "properties": { "gid": 4980, "streetname": "AV DAUMESNIL", "note": null }, "geometry": { "type": "MultiLineString", "coordinates": [ [ [ 654460.636757422820665, 6860761.130580277182162 ], [ 654481.491539468523115, 6860743.955488309264183 ] ] ] } },
{ "type": "Feature", "properties": { "gid": 4982, "streetname": "R DE LYON", "note": null }, "geometry": { "type": "MultiLineString", "coordinates": [ [ [ 653762.453041525324807, 6861449.988919407129288 ], [ 653815.899815558455884, 6861265.543685421347618 ] ] ] } },
{ "type": "Feature", "properties": { "gid": 4983, "streetname": "R DE LYON", "note": null }, "geometry": { "type": "MultiLineString", "coordinates": [ [ [ 653840.190689678420313, 6861181.341426244005561 ], [ 653850.895154003053904, 6861146.252259471453726 ], [ 653871.228437562705949, 6861067.083243735134602 ] ] ] } },
{ "type": "Feature", "properties": { "gid": 4984, "streetname": "BD DIDEROT", "note": null }, "geometry": { "type": "MultiLineString", "coordinates": [ [ [ 654448.7577172430465, 6860894.226800129748881 ], [ 654472.797438624082133, 6860899.024259408004582 ] ] ] } },
{ "type": "Feature", "properties": { "gid": 4991, "streetname": "R DE REUILLY", "note": null }, "geometry": { "type": "MultiLineString", "coordinates": [ [ [ 655141.74559044954367, 6860776.393494185060263 ], [ 655150.65202464943286, 6860765.318774389103055 ] ] ] } },
{ "type": "Feature", "properties": { "gid": 4995, "streetname": "R SAINT-PAUL", "note": null }, "geometry": { "type": "MultiLineString", "coordinates": [ [ [ 653085.567820535972714, 6861580.67920327745378 ], [ 653117.934769222745672, 6861624.406076060608029 ] ] ] } },
{ "type": "Feature", "properties": { "gid": 4999, "streetname": "R D'ALIGRE", "note": null }, "geometry": { "type": "MultiLineString", "coordinates": [ [ [ 654432.185964496573433, 6861301.355619307607412 ], [ 654456.562508873292245, 6861346.14928734768182 ] ] ] } },
{ "type": "Feature", "properties": { "gid": 5000, "streetname": "R DE RAMBOUILLET", "note": null }, "geometry": { "type": "MultiLineString", "coordinates": [ [ [ 654628.769446745165624, 6860658.717857450246811 ], [ 654643.835295870783739, 6860666.590750395320356 ] ] ] } },
{ "type": "Feature", "properties": { "gid": 5003, "streetname": "R TRAVERSIERE", "note": null }, "geometry": { "type": "MultiLineString", "coordinates": [ [ [ 653701.148965271189809, 6860700.524629362858832 ], [ 653768.722724095336162, 6860768.95407313387841 ] ] ] } },
{ "type": "Feature", "properties": { "gid": 5010, "streetname": "COUR DU CANTAL", "note": null }, "geometry": { "type": "MultiLineString", "coordinates": [ [ [ 653847.876728295697831, 6861738.263729832135141 ], [ 653876.731030401773751, 6861721.021296866238117 ], [ 653883.822938596713357, 6861731.961388585157692 ], [ 653921.634334978880361, 6861709.643681335262954 ] ] ] } },
{ "type": "Feature", "properties": { "gid": 5013, "streetname": "COUR SAINT-JOSEPH", "note": null }, "geometry": { "type": "MultiLineString", "coordinates": [ [ [ 654074.298932412173599, 6861551.362369474023581 ], [ 654061.316977194976062, 6861553.471582271158695 ] ] ] } },
{ "type": "Feature", "properties": { "gid": 5015, "streetname": "R JULES CESAR", "note": null }, "geometry": { "type": "MultiLineString", "coordinates": [ [ [ 653619.001714694313705, 6861158.203015351668 ], [ 653817.159255133359693, 6861177.53531985823065 ] ] ] } },
{ "type": "Feature", "properties": { "gid": 5016, "streetname": "R D'AUSTERLITZ", "note": null }, "geometry": { "type": "MultiLineString", "coordinates": [ [ [ 653753.876868874765933, 6860906.075070625171065 ], [ 653882.857060398324393, 6861022.986573199741542 ] ] ] } },
{ "type": "Feature", "properties": { "gid": 5017, "streetname": "R DE BRISSAC", "note": null }, "geometry": { "type": "MultiLineString", "coordinates": [ [ [ 653364.2029586606659, 6861181.345686630345881 ], [ 653425.045693856896833, 6861162.834427864290774 ] ] ] } },
{ "type": "Feature", "properties": { "gid": 5034, "streetname": "R TRAVERSIERE", "note": null }, "geometry": { "type": "MultiLineString", "coordinates": [ [ [ 654049.211098112398759, 6861065.585469223558903 ], [ 654052.328619007021189, 6861079.558860252611339 ] ] ] } },
{ "type": "Feature", "properties": { "gid": 5035, "streetname": "R SAINT-BERNARD", "note": null }, "geometry": { "type": "MultiLineString", "coordinates": [ [ [ 654582.360931338393129, 6861560.085059721022844 ], [ 654632.263644531951286, 6861548.665096056647599 ] ] ] } },
{ "type": "Feature", "properties": { "gid": 5038, "streetname": "PAS VIALLET", "note": null }, "geometry": { "type": "MultiLineString", "coordinates": [ [ [ 654598.081331660039723, 6862001.943571919575334 ], [ 654652.270153739722446, 6862024.486832803115249 ] ] ] } },
{ "type": "Feature", "properties": { "gid": 5040, "streetname": "BD BOURDON", "note": null }, "geometry": { "type": "MultiLineString", "coordinates": [ [ [ 653437.799639762728475, 6861014.731078954413533 ], [ 653459.957283430267125, 6861033.544196024537086 ], [ 653516.507906016428024, 6861218.063681613653898 ] ] ] } },
{ "type": "Feature", "properties": { "gid": 5043, "streetname": "COUR DU BEL AIR", "note": null }, "geometry": { "type": "MultiLineString", "coordinates": [ [ [ 654003.994121519033797, 6861514.954889792017639 ], [ 653987.66744768328499, 6861476.093187279999256 ] ] ] } },
{ "type": "Feature", "properties": { "gid": 5045, "streetname": "R TROUSSEAU", "note": null }, "geometry": { "type": "MultiLineString", "coordinates": [ [ [ 654441.525621964246966, 6861579.270464262925088 ], [ 654461.214177621528506, 6861661.102898479439318 ] ] ] } },
{ "type": "Feature", "properties": { "gid": 5052, "streetname": "R DE CHALON", "note": null }, "geometry": { "type": "MultiLineString", "coordinates": [ [ [ 654041.20887893345207, 6860827.659384946338832 ], [ 654054.173925922368653, 6860823.550385217182338 ], [ 654060.122837651171722, 6860817.500490427948534 ] ] ] } },
{ "type": "Feature", "properties": { "gid": 5059, "streetname": "COUR JACQUES VIGUES", "note": null }, "geometry": { "type": "MultiLineString", "coordinates": [ [ [ 654039.411597886006348, 6861564.655690005049109 ], [ 654037.479105294216424, 6861572.671774026937783 ], [ 654039.605145667097531, 6861587.653546098619699 ], [ 654036.664330642553978, 6861594.67813980486244 ], [ 654021.741461002267897, 6861603.803528141230345 ] ] ] } },
{ "type": "Feature", "properties": { "gid": 5061, "streetname": "R PAUL-HENRI GRAUWIN", "note": null }, "geometry": { "type": "MultiLineString", "coordinates": [ [ [ 654340.042681891936809, 6860690.147971041500568 ], [ 654325.271461806027219, 6860717.271522486582398 ] ] ] } },
{ "type": "Feature", "properties": { "gid": 5064, "streetname": "PAS DRIANCOURT", "note": null }, "geometry": { "type": "MultiLineString", "coordinates": [ [ [ 654473.491620145970955, 6861219.009898616932333 ], [ 654579.380392703460529, 6861206.118623433634639 ] ] ] } },
{ "type": "Feature", "properties": { "gid": 5068, "streetname": "COUR QUELLARD", "note": null }, "geometry": { "type": "MultiLineString", "coordinates": [ [ [ 654058.369259816478007, 6861678.493632955476642 ], [ 654070.511213063262403, 6861695.391079980880022 ], [ 654081.602768944576383, 6861706.297496323473752 ] ] ] } },
{ "type": "Feature", "properties": { "gid": 5070, "streetname": "R DE CITEAUX", "note": null }, "geometry": { "type": "MultiLineString", "coordinates": [ [ [ 654579.380392703460529, 6861206.118623433634639 ], [ 654585.623984669684432, 6861235.065317179076374 ] ] ] } },
{ "type": "Feature", "properties": { "gid": 5083, "streetname": "R DE CITEAUX", "note": null }, "geometry": { "type": "MultiLineString", "coordinates": [ [ [ 654585.623984669684432, 6861235.065317179076374 ], [ 654590.842416304512881, 6861261.020724679343402 ] ] ] } },
{ "type": "Feature", "properties": { "gid": 5090, "streetname": "IMP CROZATIER", "note": null }, "geometry": { "type": "MultiLineString", "coordinates": [ [ [ 654462.507602590951137, 6861102.105393805541098 ], [ 654540.398995973868296, 6861089.449882568791509 ] ] ] } },
{ "type": "Feature", "properties": { "gid": 5091, "streetname": "COUR DIDEROT", "note": null }, "geometry": { "type": "MultiLineString", "coordinates": [ [ [ 654060.122837651171722, 6860817.500490427948534 ], [ 654065.164416944840923, 6860822.457916517741978 ], [ 654084.271929096779786, 6860835.2967315511778 ] ] ] } },
{ "type": "Feature", "properties": { "gid": 5092, "streetname": "R D'ALIGRE", "note": null }, "geometry": { "type": "MultiLineString", "coordinates": [ [ [ 654374.282273533870466, 6861193.845813555642962 ], [ 654432.185964496573433, 6861301.355619307607412 ] ] ] } },
{ "type": "Feature", "properties": { "gid": 5093, "streetname": "R PAUL BERT", "note": null }, "geometry": { "type": "MultiLineString", "coordinates": [ [ [ 654810.86569953430444, 6861383.164795245975256 ], [ 654825.956915539689362, 6861394.037429293617606 ], [ 654832.175310987629928, 6861419.984439352527261 ] ] ] } },
{ "type": "Feature", "properties": { "gid": 5103, "streetname": "PAS DES TAILLANDIERS", "note": null }, "geometry": { "type": "MultiLineString", "coordinates": [ [ [ 654092.500768933678046, 6861694.206031898036599 ], [ 654124.716629424598068, 6861719.934334330260754 ], [ 654166.839007814880461, 6861734.579482840374112 ] ] ] } },
{ "type": "Feature", "properties": { "gid": 5111, "streetname": "R BEAUTREILLIS", "note": null }, "geometry": { "type": "MultiLineString", "coordinates": [ [ [ 653234.14192535309121, 6861530.431010708212852 ], [ 653280.633742496487685, 6861589.038705389946699 ] ] ] } },
{ "type": "Feature", "properties": { "gid": 5112, "streetname": "R SAINT-PAUL", "note": null }, "geometry": { "type": "MultiLineString", "coordinates": [ [ [ 653212.170562989544123, 6861771.610496790148318 ], [ 653237.513021386694163, 6861812.396538882516325 ] ] ] } },
{ "type": "Feature", "properties": { "gid": 5127, "streetname": "PAS DE LA BONNE GRAINE", "note": null }, "geometry": { "type": "MultiLineString", "coordinates": [ [ [ 654274.482260725460947, 6861573.67688216548413 ], [ 654299.777160081546754, 6861568.805820470675826 ], [ 654278.597998818499036, 6861468.644632015377283 ], [ 654265.127870481228456, 6861412.75933634582907 ] ] ] } },
{ "type": "Feature", "properties": { "gid": 5131, "streetname": "PAS DE LA BOULE BLANCHE", "note": null }, "geometry": { "type": "MultiLineString", "coordinates": [ [ [ 653938.343897553742863, 6861437.509171010926366 ], [ 653981.088837607414462, 6861526.147398224100471 ] ] ] } },
{ "type": "Feature", "properties": { "gid": 5136, "streetname": "BD HENRI IV", "note": null }, "geometry": { "type": "MultiLineString", "coordinates": [ [ [ 653234.250535024795681, 6861424.432569291442633 ], [ 653307.580002627451904, 6861463.814957645721734 ] ] ] } },
{ "type": "Feature", "properties": { "gid": 5141, "streetname": "COUR DAMOYE", "note": null }, "geometry": { "type": "MultiLineString", "coordinates": [ [ [ 653783.680694528971799, 6861714.804386336356401 ], [ 653826.669604536495171, 6861832.440226431004703 ] ] ] } },
{ "type": "Feature", "properties": { "gid": 5145, "streetname": "COUR DES 3 FRERES", "note": null }, "geometry": { "type": "MultiLineString", "coordinates": [ [ [ 654117.60472965426743, 6861468.999771878123283 ], [ 654170.374127815011889, 6861560.553518239408731 ] ] ] } },
{ "type": "Feature", "properties": { "gid": 5153, "streetname": "R DE SCHOMBERG", "note": null }, "geometry": { "type": "MultiLineString", "coordinates": [ [ [ 653320.829481379827484, 6861255.708581428043544 ], [ 653351.885376183083281, 6861262.447222239337862 ], [ 653361.918056345195509, 6861266.362744360230863 ] ] ] } },
{ "type": "Feature", "properties": { "gid": 5158, "streetname": "PL DE LA BASTILLE", "note": null }, "geometry": { "type": "MultiLineString", "coordinates": [ [ [ 653794.225374999456108, 6861660.716826417483389 ], [ 653758.245530294138007, 6861663.019507338292897 ], [ 653734.340288196573965, 6861674.220395088195801 ] ] ] } },
{ "type": "Feature", "properties": { "gid": 5159, "streetname": "PAS JOSSET", "note": null }, "geometry": { "type": "MultiLineString", "coordinates": [ [ [ 654251.543322776560672, 6861580.869820062071085 ], [ 654249.442506781429984, 6861568.887772487476468 ] ] ] } },
{ "type": "Feature", "properties": { "gid": 5165, "streetname": "AV DAUMESNIL", "note": null }, "geometry": { "type": "MultiLineString", "coordinates": [ [ [ 653889.219618526636623, 6861184.928770385682583 ], [ 653911.082872105296701, 6861168.745207402855158 ] ] ] } },
{ "type": "Feature", "properties": { "gid": 5168, "streetname": "R DE RAMBOUILLET", "note": null }, "geometry": { "type": "MultiLineString", "coordinates": [ [ [ 654608.678844372276217, 6860647.887365055270493 ], [ 654628.769446745165624, 6860658.717857450246811 ] ] ] } },
{ "type": "Feature", "properties": { "gid": 5183, "streetname": "R DE SCHOMBERG", "note": null }, "geometry": { "type": "MultiLineString", "coordinates": [ [ [ 653217.124645988922566, 6861171.582860002294183 ], [ 653320.829481379827484, 6861255.708581428043544 ] ] ] } },
{ "type": "Feature", "properties": { "gid": 5191, "streetname": "COUR SAINT-ELOI", "note": null }, "geometry": { "type": "MultiLineString", "coordinates": [ [ [ 655047.79958147497382, 6860901.181444488465786 ], [ 655167.503904076176696, 6860985.170624709688127 ], [ 655165.647315697744489, 6861002.185806958936155 ] ] ] } },
{ "type": "Feature", "properties": { "gid": 5202, "streetname": "R KELLER", "note": null }, "geometry": { "type": "MultiLineString", "coordinates": [ [ [ 654220.221302233636379, 6861780.129194987006485 ], [ 654281.180322251748294, 6861656.618669623509049 ] ] ] } },
{ "type": "Feature", "properties": { "gid": 5204, "streetname": "PAS LHOMME", "note": null }, "geometry": { "type": "MultiLineString", "coordinates": [ [ [ 654156.141391217475757, 6861651.671300534158945 ], [ 654218.479064041282982, 6861573.148318106308579 ], [ 654227.503475096775219, 6861576.072288670577109 ], [ 654233.460832294891588, 6861571.022254638373852 ], [ 654249.442506781429984, 6861568.887772487476468 ] ] ] } },
{ "type": "Feature", "properties": { "gid": 5205, "streetname": "PAS DU CHANTIER", "note": null }, "geometry": { "type": "MultiLineString", "coordinates": [ [ [ 654039.864521406590939, 6861499.653357422910631 ], [ 654019.428820202243514, 6861447.826549373567104 ], [ 653984.817753914510831, 6861375.119557014666498 ] ] ] } },
{ "type": "Feature", "properties": { "gid": 5207, "streetname": "R DE L'ARSENAL", "note": null }, "geometry": { "type": "MultiLineString", "coordinates": [ [ [ 653509.123630455811508, 6861410.121065324172378 ], [ 653550.750583641813137, 6861484.769147478044033 ] ] ] } },
{ "type": "Feature", "properties": { "gid": 5212, "streetname": "R LESDIGUIERES", "note": null }, "geometry": { "type": "MultiLineString", "coordinates": [ [ [ 653530.417018024600111, 6861563.938380673527718 ], [ 653558.348135052365251, 6861674.700976143591106 ] ] ] } },
{ "type": "Feature", "properties": { "gid": 5218, "streetname": "COUR DU PANIER FLEURI", "note": null }, "geometry": { "type": "MultiLineString", "coordinates": [ [ [ 654110.893085361109115, 6861622.052797335200012 ], [ 654082.114579229499213, 6861648.294438681565225 ] ] ] } },
{ "type": "Feature", "properties": { "gid": 5219, "streetname": "COUR VIGUES", "note": null }, "geometry": { "type": "MultiLineString", "coordinates": [ [ [ 654021.933530077221803, 6861507.804077813401818 ], [ 654038.243388953153044, 6861544.665972948074341 ], [ 654053.183080491260625, 6861537.540399884805083 ], [ 654061.316977194976062, 6861553.471582271158695 ] ] ] } },
{ "type": "Feature", "properties": { "gid": 5220, "streetname": "COUR DU NOM DE JESUS", "note": null }, "geometry": { "type": "MultiLineString", "coordinates": [ [ [ 653959.175041508278809, 6861536.331582403741777 ], [ 653982.509476368781179, 6861576.134312568232417 ] ] ] } },
{ "type": "Feature", "properties": { "gid": 5222, "streetname": "COUR DE L'ETOILE D'OR", "note": null }, "geometry": { "type": "MultiLineString", "coordinates": [ [ [ 654095.682539679459296, 6861478.18407019879669 ], [ 654118.025518092676066, 6861518.995077204890549 ], [ 654141.3095064467052, 6861552.79833166860044 ] ] ] } },
{ "type": "Feature", "properties": { "gid": 5226, "streetname": "R JULES CESAR", "note": null }, "geometry": { "type": "MultiLineString", "coordinates": [ [ [ 653817.159255133359693, 6861177.53531985823065 ], [ 653840.190689678420313, 6861181.341426244005561 ] ] ] } },
{ "type": "Feature", "properties": { "gid": 5230, "streetname": "COUR DE L'OURS", "note": null }, "geometry": { "type": "MultiLineString", "coordinates": [ [ [ 654162.457421590574086, 6861451.622654939070344 ], [ 654213.210200229426846, 6861541.193388880230486 ] ] ] } },
{ "type": "Feature", "properties": { "gid": 5248, "streetname": "COUR DU SAINT-ESPRIT", "note": null }, "geometry": { "type": "MultiLineString", "coordinates": [ [ [ 654309.980520700104535, 6861395.382172388024628 ], [ 654334.685323187964968, 6861479.172226781025529 ] ] ] } },
{ "type": "Feature", "properties": { "gid": 5255, "streetname": "R DE L'ARSENAL", "note": null }, "geometry": { "type": "MultiLineString", "coordinates": [ [ [ 653401.804898088797927, 6861253.027603056281805 ], [ 653482.680331920972094, 6861357.344766129739583 ] ] ] } },
{ "type": "Feature", "properties": { "gid": 5259, "streetname": "R TRAVERSIERE", "note": null }, "geometry": { "type": "MultiLineString", "coordinates": [ [ [ 653787.863848102744669, 6860785.792529950849712 ], [ 653826.238659027731046, 6860830.468347936868668 ] ] ] } },
{ "type": "Feature", "properties": { "gid": 5264, "streetname": "R DE LA CERISAIE", "note": null }, "geometry": { "type": "MultiLineString", "coordinates": [ [ [ 653550.750583641813137, 6861484.769147478044033 ], [ 653599.653453774400987, 6861473.358029019087553 ] ] ] } },
{ "type": "Feature", "properties": { "gid": 5266, "streetname": "R LEGRAVEREND", "note": null }, "geometry": { "type": "MultiLineString", "coordinates": [ [ [ 654166.299071716261096, 6860957.602892248891294 ], [ 654181.405371216242202, 6860851.478702364489436 ] ] ] } },
{ "type": "Feature", "properties": { "gid": 5271, "streetname": "COUR QUELLARD", "note": null }, "geometry": { "type": "MultiLineString", "coordinates": [ [ [ 654070.671105255023576, 6861714.389329172670841 ], [ 654045.454612018656917, 6861688.602107623592019 ], [ 654058.369259816478007, 6861678.493632955476642 ] ] ] } },
{ "type": "Feature", "properties": { "gid": 5272, "streetname": "R PIERRE BOURDAN", "note": null }, "geometry": { "type": "MultiLineString", "coordinates": [ [ [ 655278.905859123449773, 6861033.230661567300558 ], [ 655283.804265663377009, 6861021.189707715064287 ] ] ] } },
{ "type": "Feature", "properties": { "gid": 5274, "streetname": "PAS RAGUINOT", "note": null }, "geometry": { "type": "MultiLineString", "coordinates": [ [ [ 654340.042681891936809, 6860690.147971041500568 ], [ 654393.298313268576749, 6860720.698713242076337 ] ] ] } },
{ "type": "Feature", "properties": { "gid": 5275, "streetname": "R AGRIPPA D'AUBIGNE", "note": null }, "geometry": { "type": "MultiLineString", "coordinates": [ [ [ 653143.880075502442196, 6861261.196492020972073 ], [ 653249.567928409320302, 6861343.30571202095598 ] ] ] } },
{ "type": "Feature", "properties": { "gid": 5281, "streetname": "BD DE LA BASTILLE", "note": null }, "geometry": { "type": "MultiLineString", "coordinates": [ [ [ 653619.001714694313705, 6861158.203015351668 ], [ 653626.211330598103814, 6861183.141719457693398 ] ] ] } },
{ "type": "Feature", "properties": { "gid": 5287, "streetname": "R DE TURENNE", "note": null }, "geometry": { "type": "MultiLineString", "coordinates": [ [ [ 653307.313995473785326, 6861907.807610834017396 ], [ 653281.895813981420361, 6861858.02236839197576 ] ] ] } },
{ "type": "Feature", "properties": { "gid": 5290, "streetname": "QU DES CELESTINS", "note": null }, "geometry": { "type": "MultiLineString", "coordinates": [ [ [ 653081.307570209377445, 6861549.715724476613104 ], [ 653104.179311041370966, 6861534.523759309202433 ] ] ] } },
{ "type": "Feature", "properties": { "gid": 5292, "streetname": "R CHARLES V", "note": null }, "geometry": { "type": "MultiLineString", "coordinates": [ [ [ 653280.633742496487685, 6861589.038705389946699 ], [ 653316.411753805237822, 6861562.738405364565551 ] ] ] } },
{ "type": "Feature", "properties": { "gid": 5293, "streetname": "R SAINT-PAUL", "note": null }, "geometry": { "type": "MultiLineString", "coordinates": [ [ [ 653204.036764266085811, 6861755.679229272529483 ], [ 653212.170562989544123, 6861771.610496790148318 ] ] ] } },
{ "type": "Feature", "properties": { "gid": 5308, "streetname": "R JAPY", "note": null }, "geometry": { "type": "MultiLineString", "coordinates": [ [ [ 654686.711269965860993, 6861958.198046443983912 ], [ 654704.364403673098423, 6861917.050175683572888 ] ] ] } },
{ "type": "Feature", "properties": { "gid": 5309, "streetname": "R DE MONTREUIL", "note": null }, "geometry": { "type": "MultiLineString", "coordinates": [ [ [ 655112.399020497803576, 6861328.626066231168807 ], [ 655125.397782293381169, 6861328.516553536988795 ], [ 655231.4213856352726, 6861331.623170671984553 ] ] ] } },
{ "type": "Feature", "properties": { "gid": 5315, "streetname": "R DU FAUBOURG SAINT-ANTOINE", "note": null }, "geometry": { "type": "MultiLineString", "coordinates": [ [ [ 655197.371439583017491, 6861206.913160171359777 ], [ 655037.706927635706961, 6861246.257354634813964 ] ] ] } },
{ "type": "Feature", "properties": { "gid": 5316, "streetname": "R DU FAUBOURG SAINT-ANTOINE", "note": null }, "geometry": { "type": "MultiLineString", "coordinates": [ [ [ 655241.291378759196959, 6861197.543332090601325 ], [ 655197.371439583017491, 6861206.913160171359777 ] ] ] } },
{ "type": "Feature", "properties": { "gid": 5320, "streetname": "R DU FAUBOURG SAINT-ANTOINE", "note": null }, "geometry": { "type": "MultiLineString", "coordinates": [ [ [ 654616.39573407091666, 6861326.803923597559333 ], [ 654606.405106470105238, 6861327.88802685495466 ] ] ] } },
{ "type": "Feature", "properties": { "gid": 5321, "streetname": "R SAINT-ANTOINE", "note": null }, "geometry": { "type": "MultiLineString", "coordinates": [ [ [ 653597.268829145235941, 6861665.373767357319593 ], [ 653665.144773767329752, 6861650.803064374253154 ] ] ] } },
{ "type": "Feature", "properties": { "gid": 5322, "streetname": "R DU FAUBOURG SAINT-ANTOINE", "note": null }, "geometry": { "type": "MultiLineString", "coordinates": [ [ [ 654509.473278452176601, 6861335.704043047502637 ], [ 654470.544340112479404, 6861344.031616786494851 ] ] ] } },
{ "type": "Feature", "properties": { "gid": 5323, "streetname": "R DU FAUBOURG SAINT-ANTOINE", "note": null }, "geometry": { "type": "MultiLineString", "coordinates": [ [ [ 654606.405106470105238, 6861327.88802685495466 ], [ 654556.435127078555524, 6861331.308721349574625 ], [ 654509.473278452176601, 6861335.704043047502637 ] ] ] } },
{ "type": "Feature", "properties": { "gid": 5329, "streetname": "R DE LA ROQUETTE", "note": null }, "geometry": { "type": "MultiLineString", "coordinates": [ [ [ 653847.876728295697831, 6861738.263729832135141 ], [ 653873.177326752222143, 6861774.050086796283722 ] ] ] } },
{ "type": "Feature", "properties": { "gid": 5330, "streetname": "R DE LA ROQUETTE", "note": null }, "geometry": { "type": "MultiLineString", "coordinates": [ [ [ 653794.225374999456108, 6861660.716826417483389 ], [ 653847.876728295697831, 6861738.263729832135141 ] ] ] } },
{ "type": "Feature", "properties": { "gid": 5331, "streetname": "R DU FAUBOURG SAINT-ANTOINE", "note": null }, "geometry": { "type": "MultiLineString", "coordinates": [ [ [ 653862.646863940986805, 6861592.142613769508898 ], [ 653840.808767304057255, 6861611.325945219025016 ], [ 653802.132090325583704, 6861649.650539571419358 ], [ 653790.116375223617069, 6861647.751682081259787 ] ] ] } },
{ "type": "Feature", "properties": { "gid": 5332, "streetname": "R DU FAUBOURG SAINT-ANTOINE", "note": null }, "geometry": { "type": "MultiLineString", "coordinates": [ [ [ 654296.032349819783121, 6861401.499446499161422 ], [ 654265.127870481228456, 6861412.75933634582907 ] ] ] } },
{ "type": "Feature", "properties": { "gid": 5333, "streetname": "R DE CHARENTON", "note": null }, "geometry": { "type": "MultiLineString", "coordinates": [ [ [ 654116.315547392237931, 6861197.017257546074688 ], [ 654127.137754979077727, 6861175.926708951592445 ], [ 654207.523948830668814, 6861103.251970080658793 ] ] ] } },
{ "type": "Feature", "properties": { "gid": 5334, "streetname": "R DU FAUBOURG SAINT-ANTOINE", "note": null }, "geometry": { "type": "MultiLineString", "coordinates": [ [ [ 654470.544340112479404, 6861344.031616786494851 ], [ 654456.562508873292245, 6861346.14928734768182 ] ] ] } },
{ "type": "Feature", "properties": { "gid": 5336, "streetname": "R DU FAUBOURG SAINT-ANTOINE", "note": null }, "geometry": { "type": "MultiLineString", "coordinates": [ [ [ 654394.711511846864596, 6861363.669607167132199 ], [ 654337.893693434540182, 6861385.147430633194745 ] ] ] } },
{ "type": "Feature", "properties": { "gid": 5338, "streetname": "R DU FAUBOURG SAINT-ANTOINE", "note": null }, "geometry": { "type": "MultiLineString", "coordinates": [ [ [ 654795.201832639868371, 6861304.298632844351232 ], [ 654616.39573407091666, 6861326.803923597559333 ] ] ] } },
{ "type": "Feature", "properties": { "gid": 5341, "streetname": "R DE MONTREUIL", "note": null }, "geometry": { "type": "MultiLineString", "coordinates": [ [ [ 654616.39573407091666, 6861326.803923597559333 ], [ 654642.460618188255467, 6861334.584241558797657 ], [ 654683.448294689296745, 6861333.239105300977826 ], [ 654800.46241932536941, 6861335.25357039924711 ] ] ] } },
{ "type": "Feature", "properties": { "gid": 5343, "streetname": "R DU FAUBOURG SAINT-ANTOINE", "note": null }, "geometry": { "type": "MultiLineString", "coordinates": [ [ [ 654456.562508873292245, 6861346.14928734768182 ], [ 654394.711511846864596, 6861363.669607167132199 ] ] ] } },
{ "type": "Feature", "properties": { "gid": 5344, "streetname": "R DU FAUBOURG SAINT-ANTOINE", "note": null }, "geometry": { "type": "MultiLineString", "coordinates": [ [ [ 654141.526728009223007, 6861459.798638337291777 ], [ 654124.578823613352142, 6861465.941143646836281 ] ] ] } },
{ "type": "Feature", "properties": { "gid": 5345, "streetname": "R DU FAUBOURG SAINT-ANTOINE", "note": null }, "geometry": { "type": "MultiLineString", "coordinates": [ [ [ 654003.994121519033797, 6861514.954889792017639 ], [ 653981.088837607414462, 6861526.147398224100471 ] ] ] } },
{ "type": "Feature", "properties": { "gid": 5425, "streetname": "PAS DU CHEVAL BLANC", "note": null }, "geometry": { "type": "MultiLineString", "coordinates": [ [ [ 653903.089082925347611, 6861644.801139052025974 ], [ 653926.019639070262201, 6861636.608356478624046 ], [ 653938.19522666814737, 6861657.505440539680421 ], [ 653951.135123170679435, 6861650.396702151745558 ] ] ] } },
{ "type": "Feature", "properties": { "gid": 5426, "streetname": "PAS DU CHEVAL BLANC", "note": null }, "geometry": { "type": "MultiLineString", "coordinates": [ [ [ 653794.225374999456108, 6861660.716826417483389 ], [ 653850.228608822682872, 6861661.245587818324566 ], [ 653903.089082925347611, 6861644.801139052025974 ] ] ] } },
{ "type": "Feature", "properties": { "gid": 5428, "streetname": "R DES TAILLANDIERS", "note": null }, "geometry": { "type": "MultiLineString", "coordinates": [ [ [ 654109.317175098927692, 6861910.060067312791944 ], [ 654159.991141115548089, 6861752.636742971837521 ], [ 654166.839007814880461, 6861734.579482840374112 ] ] ] } },
{ "type": "Feature", "properties": { "gid": 5429, "streetname": "R DES TAILLANDIERS", "note": null }, "geometry": { "type": "MultiLineString", "coordinates": [ [ [ 654166.839007814880461, 6861734.579482840374112 ], [ 654191.163400386576541, 6861654.376454701647162 ] ] ] } },
{ "type": "Feature", "properties": { "gid": 5431, "streetname": "R CHARLES DELESCLUZE", "note": null }, "geometry": { "type": "MultiLineString", "coordinates": [ [ [ 654513.434723164420575, 6861568.665246892720461 ], [ 654582.360931338393129, 6861560.085059721022844 ] ] ] } },
{ "type": "Feature", "properties": { "gid": 5432, "streetname": "PAS SAINT-ANTOINE", "note": null }, "geometry": { "type": "MultiLineString", "coordinates": [ [ [ 654241.141939380206168, 6861651.955810691229999 ], [ 654236.915057239937596, 6861624.991980629041791 ], [ 654231.570435998262838, 6861584.037876443006098 ], [ 654251.543322776560672, 6861580.869820062071085 ] ] ] } },
{ "type": "Feature", "properties": { "gid": 5437, "streetname": "R DE CHARENTON", "note": null }, "geometry": { "type": "MultiLineString", "coordinates": [ [ [ 654285.927075802115723, 6861032.593859550543129 ], [ 654332.552112139062956, 6860988.202551458030939 ] ] ] } },
{ "type": "Feature", "properties": { "gid": 5442, "streetname": "R DU FAUBOURG SAINT-ANTOINE", "note": null }, "geometry": { "type": "MultiLineString", "coordinates": [ [ [ 654309.980520700104535, 6861395.382172388024628 ], [ 654296.032349819783121, 6861401.499446499161422 ] ] ] } },
{ "type": "Feature", "properties": { "gid": 5444, "streetname": "COUR JACQUES VIGUES", "note": null }, "geometry": { "type": "MultiLineString", "coordinates": [ [ [ 654021.741461002267897, 6861603.803528141230345 ], [ 654003.83569743623957, 6861614.953974022530019 ] ] ] } },
{ "type": "Feature", "properties": { "gid": 5471, "streetname": "R DE LA FORGE ROYALE", "note": null }, "geometry": { "type": "MultiLineString", "coordinates": [ [ [ 654509.473278452176601, 6861335.704043047502637 ], [ 654525.078028487041593, 6861407.570923597551882 ], [ 654531.229006351204589, 6861425.518706965260208 ] ] ] } },
{ "type": "Feature", "properties": { "gid": 5472, "streetname": "R DE LA FORGE ROYALE", "note": null }, "geometry": { "type": "MultiLineString", "coordinates": [ [ [ 654531.229006351204589, 6861425.518706965260208 ], [ 654582.360931338393129, 6861560.085059721022844 ] ] ] } },
{ "type": "Feature", "properties": { "gid": 5482, "streetname": "R CLAUDE TILLIER", "note": null }, "geometry": { "type": "MultiLineString", "coordinates": [ [ [ 655017.527039736974984, 6860987.434101624414325 ], [ 655034.735956408898346, 6861012.28845614567399 ], [ 655194.26220754662063, 6861193.939686489291489 ], [ 655197.371439583017491, 6861206.913160171359777 ] ] ] } },
{ "type": "Feature", "properties": { "gid": 5496, "streetname": "R DE TURENNE", "note": null }, "geometry": { "type": "MultiLineString", "coordinates": [ [ [ 653366.772010748041794, 6862081.304254660382867 ], [ 653363.326572831370868, 6862028.334213537164032 ], [ 653357.200967399170622, 6862013.386013510636985 ] ] ] } },
{ "type": "Feature", "properties": { "gid": 5497, "streetname": "R DU FAUBOURG SAINT-ANTOINE", "note": null }, "geometry": { "type": "MultiLineString", "coordinates": [ [ [ 653981.088837607414462, 6861526.147398224100471 ], [ 653959.175041508278809, 6861536.331582403741777 ] ] ] } },
{ "type": "Feature", "properties": { "gid": 5498, "streetname": "R DES VOSGES", "note": null }, "geometry": { "type": "MultiLineString", "coordinates": [ [ [ 653574.693584642955102, 6861953.557762547396123 ], [ 653664.500413728994317, 6861930.802698379382491 ] ] ] } },
{ "type": "Feature", "properties": { "gid": 5499, "streetname": "PL DES VOSGES", "note": null }, "geometry": { "type": "MultiLineString", "coordinates": [ [ [ 653400.070968225714751, 6861998.025743311271071 ], [ 653461.930841177236289, 6861981.50575461704284 ] ] ] } },
{ "type": "Feature", "properties": { "gid": 5517, "streetname": "R DU FAUBOURG SAINT-ANTOINE", "note": null }, "geometry": { "type": "MultiLineString", "coordinates": [ [ [ 655383.991110198199749, 6861162.341744189150631 ], [ 655241.291378759196959, 6861197.543332090601325 ] ] ] } },
{ "type": "Feature", "properties": { "gid": 5520, "streetname": "R DU FAUBOURG SAINT-ANTOINE", "note": null }, "geometry": { "type": "MultiLineString", "coordinates": [ [ [ 654117.60472965426743, 6861468.999771878123283 ], [ 654095.682539679459296, 6861478.18407019879669 ] ] ] } },
{ "type": "Feature", "properties": { "gid": 5523, "streetname": "BD RICHARD LENOIR", "note": null }, "geometry": { "type": "MultiLineString", "coordinates": [ [ [ 653797.958291716990061, 6861866.681118133477867 ], [ 653756.826197010697797, 6861732.029970550909638 ], [ 653734.340288196573965, 6861674.220395088195801 ] ] ] } },
{ "type": "Feature", "properties": { "gid": 5525, "streetname": "R DE CHARENTON", "note": null }, "geometry": { "type": "MultiLineString", "coordinates": [ [ [ 654570.667861176538281, 6860765.203984079882503 ], [ 654649.365262514911592, 6860729.542319323867559 ] ] ] } },
{ "type": "Feature", "properties": { "gid": 5528, "streetname": "R DE CHARENTON", "note": null }, "geometry": { "type": "MultiLineString", "coordinates": [ [ [ 654529.907694202032872, 6860793.546382603235543 ], [ 654570.667861176538281, 6860765.203984079882503 ] ] ] } },
{ "type": "Feature", "properties": { "gid": 5529, "streetname": "R DE CHARENTON", "note": null }, "geometry": { "type": "MultiLineString", "coordinates": [ [ [ 654745.195644586230628, 6860709.735851163044572 ], [ 654767.965965168201365, 6860682.544880410656333 ], [ 654848.090370326885022, 6860578.87314782012254 ] ] ] } },
{ "type": "Feature", "properties": { "gid": 5532, "streetname": "BD BEAUMARCHAIS", "note": null }, "geometry": { "type": "MultiLineString", "coordinates": [ [ [ 653694.840307120000944, 6861733.551455210894346 ], [ 653679.63251848355867, 6861827.677447596564889 ] ] ] } },
{ "type": "Feature", "properties": { "gid": 5535, "streetname": "R DU FAUBOURG SAINT-ANTOINE", "note": null }, "geometry": { "type": "MultiLineString", "coordinates": [ [ [ 654124.578823613352142, 6861465.941143646836281 ], [ 654117.60472965426743, 6861468.999771878123283 ] ] ] } },
{ "type": "Feature", "properties": { "gid": 5539, "streetname": "R DU FAUBOURG SAINT-ANTOINE", "note": null }, "geometry": { "type": "MultiLineString", "coordinates": [ [ [ 654039.864521406590939, 6861499.653357422910631 ], [ 654021.933530077221803, 6861507.804077813401818 ] ] ] } },
{ "type": "Feature", "properties": { "gid": 5541, "streetname": "R DU FAUBOURG SAINT-ANTOINE", "note": null }, "geometry": { "type": "MultiLineString", "coordinates": [ [ [ 654021.933530077221803, 6861507.804077813401818 ], [ 654003.994121519033797, 6861514.954889792017639 ] ] ] } },
{ "type": "Feature", "properties": { "gid": 5543, "streetname": "R DU FAUBOURG SAINT-ANTOINE", "note": null }, "geometry": { "type": "MultiLineString", "coordinates": [ [ [ 653959.175041508278809, 6861536.331582403741777 ], [ 653942.235531598096713, 6861543.473972373642027 ] ] ] } },
{ "type": "Feature", "properties": { "gid": 5544, "streetname": "R DU FAUBOURG SAINT-ANTOINE", "note": null }, "geometry": { "type": "MultiLineString", "coordinates": [ [ [ 653942.235531598096713, 6861543.473972373642027 ], [ 653893.442045109462924, 6861567.884022783488035 ], [ 653862.646863940986805, 6861592.142613769508898 ] ] ] } },
{ "type": "Feature", "properties": { "gid": 5545, "streetname": "R DU FAUBOURG SAINT-ANTOINE", "note": null }, "geometry": { "type": "MultiLineString", "coordinates": [ [ [ 654046.838619072805159, 6861496.594732929952443 ], [ 654039.864521406590939, 6861499.653357422910631 ] ] ] } },
{ "type": "Feature", "properties": { "gid": 5550, "streetname": "R DE CHARENTON", "note": null }, "geometry": { "type": "MultiLineString", "coordinates": [ [ [ 654422.735032143886201, 6860891.445975087583065 ], [ 654464.368878546403721, 6860848.096659254282713 ], [ 654529.907694202032872, 6860793.546382603235543 ] ] ] } },
{ "type": "Feature", "properties": { "gid": 5552, "streetname": "R DU FAUBOURG SAINT-ANTOINE", "note": null }, "geometry": { "type": "MultiLineString", "coordinates": [ [ [ 654219.27530187764205, 6861430.144902656786144 ], [ 654162.457421590574086, 6861451.622654939070344 ] ] ] } },
{ "type": "Feature", "properties": { "gid": 5553, "streetname": "R DU FAUBOURG SAINT-ANTOINE", "note": null }, "geometry": { "type": "MultiLineString", "coordinates": [ [ [ 654265.127870481228456, 6861412.75933634582907 ], [ 654219.27530187764205, 6861430.144902656786144 ] ] ] } },
{ "type": "Feature", "properties": { "gid": 5555, "streetname": "R DU FAUBOURG SAINT-ANTOINE", "note": null }, "geometry": { "type": "MultiLineString", "coordinates": [ [ [ 654162.457421590574086, 6861451.622654939070344 ], [ 654141.526728009223007, 6861459.798638337291777 ] ] ] } },
{ "type": "Feature", "properties": { "gid": 5560, "streetname": "QU DE BERCY", "note": null }, "geometry": { "type": "MultiLineString", "coordinates": [ [ [ 654130.299895343836397, 6860125.931632440537214 ], [ 654148.079185407608747, 6860099.782883869484067 ], [ 654188.67087856377475, 6860051.442890640348196 ] ] ] } },
{ "type": "Feature", "properties": { "gid": 5706, "streetname": "VOI GEORGES POMPIDOU", "note": null }, "geometry": { "type": "MultiLineString", "coordinates": [ [ [ 653422.136716298060492, 6860935.864986659027636 ], [ 653428.026794577017426, 6860922.815807793289423 ], [ 653509.975678678252734, 6860798.130037461407483 ], [ 653526.797356526833028, 6860776.98914825450629 ], [ 653529.813878910150379, 6860778.963715953752398 ] ] ] } },
{ "type": "Feature", "properties": { "gid": 5708, "streetname": "PAS DE LA MAIN D'OR", "note": null }, "geometry": { "type": "MultiLineString", "coordinates": [ [ [ 654337.893693434540182, 6861385.147430633194745 ], [ 654328.919798955903389, 6861388.222904259338975 ] ] ] } },
{ "type": "Feature", "properties": { "gid": 5709, "streetname": "R DE CHARENTON", "note": null }, "geometry": { "type": "MultiLineString", "coordinates": [ [ [ 654649.365262514911592, 6860729.542319323867559 ], [ 654717.181613354710862, 6860707.971835534088314 ] ] ] } },
{ "type": "Feature", "properties": { "gid": 5713, "streetname": "PAS SAINT-BERNARD", "note": null }, "geometry": { "type": "MultiLineString", "coordinates": [ [ [ 654489.308742429828271, 6861434.871455860324204 ], [ 654482.326240548747592, 6861436.930198810063303 ], [ 654513.434723164420575, 6861568.665246892720461 ] ] ] } },
{ "type": "Feature", "properties": { "gid": 5714, "streetname": "R DE RAMBOUILLET", "note": null }, "geometry": { "type": "MultiLineString", "coordinates": [ [ [ 654643.835295870783739, 6860666.590750395320356 ], [ 654717.181613354710862, 6860707.971835534088314 ] ] ] } },
{ "type": "Feature", "properties": { "gid": 5727, "streetname": "BD DE BERCY", "note": null }, "geometry": { "type": "MultiLineString", "coordinates": [ [ [ 654196.594284320948645, 6860042.376512383110821 ], [ 654186.519596179015934, 6860033.461629618890584 ] ] ] } },
{ "type": "Feature", "properties": { "gid": 6600, "streetname": null, "note": null }, "geometry": { "type": "MultiLineString", "coordinates": [ [ [ 654322.572149253217503, 6861703.269219931215048 ], [ 654338.107707271468826, 6861648.139620939269662 ] ] ] } },
{ "type": "Feature", "properties": { "gid": 6730, "streetname": null, "note": null }, "geometry": { "type": "MultiLineString", "coordinates": [ [ [ 654285.484703188412823, 6861811.579172641970217 ], [ 654322.572149253217503, 6861703.269219931215048 ] ] ] } },
{ "type": "Feature", "properties": { "gid": 7019, "streetname": "ALL DE BERCY", "note": null }, "geometry": { "type": "MultiLineString", "coordinates": [ [ [ 654318.106906903907657, 6860341.343498155474663 ], [ 654412.246843637083657, 6860239.554295232519507 ], [ 654416.590637082932517, 6860221.018343751318753 ] ] ] } },
{ "type": "Feature", "properties": { "gid": 7020, "streetname": "R DE BERCY", "note": null }, "geometry": { "type": "MultiLineString", "coordinates": [ [ [ 654416.590637082932517, 6860221.018343751318753 ], [ 654436.059136704308912, 6860217.354552106000483 ] ] ] } },
{ "type": "Feature", "properties": { "gid": 7041, "streetname": "QU DE LA RAPEE", "note": null }, "geometry": { "type": "MultiLineString", "coordinates": [ [ [ 654178.873927129432559, 6860075.524516195058823 ], [ 654089.926957608084194, 6860200.268913094885647 ], [ 654089.002801925176755, 6860209.276387565769255 ], [ 654081.509176753112115, 6860220.375145602971315 ] ] ] } },
{ "type": "Feature", "properties": { "gid": 7042, "streetname": "QU DE LA RAPEE", "note": null }, "geometry": { "type": "MultiLineString", "coordinates": [ [ [ 654081.509176753112115, 6860220.375145602971315 ], [ 654078.138598456047475, 6860225.367286536842585 ], [ 654045.503894798690453, 6860268.640510370023549 ] ] ] } },
{ "type": "Feature", "properties": { "gid": 7043, "streetname": "PASSAGE DES MOUSQUETAIRES", "note": null }, "geometry": { "type": "MultiLineString", "coordinates": [ [ [ 654287.854465258307755, 6860368.036161413416266 ], [ 654081.509176753112115, 6860220.375145602971315 ] ] ] } },
{ "type": "Feature", "properties": { "gid": 7057, "streetname": "ALL DE BERCY", "note": null }, "geometry": { "type": "MultiLineString", "coordinates": [ [ [ 654287.854465258307755, 6860368.036161413416266 ], [ 654318.106906903907657, 6860341.343498155474663 ] ] ] } },
{ "type": "Feature", "properties": { "gid": 7058, "streetname": "ALL DE BERCY", "note": null }, "geometry": { "type": "MultiLineString", "coordinates": [ [ [ 654235.721495109959505, 6860414.034690494649112 ], [ 654287.854465258307755, 6860368.036161413416266 ] ] ] } },
{ "type": "Feature", "properties": { "gid": 7077, "streetname": null, "note": null }, "geometry": { "type": "MultiLineString", "coordinates": [ [ [ 654194.713475691736676, 6861957.340370574966073 ], [ 654233.045042717596516, 6861878.019265118055046 ], [ 654212.962691043270752, 6861868.188505494967103 ] ] ] } },
{ "type": "Feature", "properties": { "gid": 7090, "streetname": "R LEPEU", "note": null }, "geometry": { "type": "MultiLineString", "coordinates": [ [ [ 654842.149988151970319, 6860787.264686807990074 ], [ 654865.214046363835223, 6860780.697978125885129 ], [ 654934.539777574245818, 6860676.360379298217595 ] ] ] } },
{ "type": "Feature", "properties": { "gid": 7095, "streetname": null, "note": null }, "geometry": { "type": "MultiLineString", "coordinates": [ [ [ 654948.423062489833683, 6861331.007395609281957 ], [ 654944.892723412485793, 6861268.038680362515152 ] ] ] } },
{ "type": "Feature", "properties": { "gid": 7096, "streetname": null, "note": null }, "geometry": { "type": "MultiLineString", "coordinates": [ [ [ 653944.635031363228336, 6861234.461182285100222 ], [ 653870.886134721222334, 6861264.081038863398135 ] ] ] } },
{ "type": "Feature", "properties": { "gid": 7116, "streetname": null, "note": null }, "geometry": { "type": "MultiLineString", "coordinates": [ [ [ 653571.768526809406467, 6861843.584544885903597 ], [ 653632.771388699882664, 6861844.071352208964527 ] ] ] } },
{ "type": "Feature", "properties": { "gid": 7120, "streetname": "PAS DU CHENE VERT", "note": null }, "geometry": { "type": "MultiLineString", "coordinates": [ [ [ 654045.16399941383861, 6861297.613577272742987 ], [ 653972.959080962231383, 6861154.224873013794422 ] ] ] } },
{ "type": "Feature", "properties": { "gid": 7121, "streetname": "COUR SAINT FRANCOIS", "note": null }, "geometry": { "type": "MultiLineString", "coordinates": [ [ [ 653936.484342706855386, 6861216.530226767063141 ], [ 653883.682957676588558, 6861239.973961245268583 ] ] ] } },
{ "type": "Feature", "properties": { "gid": 7122, "streetname": "COUR DES BOURGUIGNONS", "note": null }, "geometry": { "type": "MultiLineString", "coordinates": [ [ [ 654000.647940199705772, 6861354.986820487305522 ], [ 654079.73453646467533, 6861484.318154520355165 ] ] ] } },
{ "type": "Feature", "properties": { "gid": 7123, "streetname": "PAS HENNEL", "note": null }, "geometry": { "type": "MultiLineString", "coordinates": [ [ [ 654529.907694202032872, 6860793.546382603235543 ], [ 654496.708929659798741, 6860769.8266058601439 ] ] ] } },
{ "type": "Feature", "properties": { "gid": 7142, "streetname": "PASSAGE STINVILLE", "note": null }, "geometry": { "type": "MultiLineString", "coordinates": [ [ [ 655051.085554577526636, 6860693.188244311138988 ], [ 654928.39021231548395, 6860852.188728041946888 ] ] ] } },
{ "type": "Feature", "properties": { "gid": 7144, "streetname": null, "note": null }, "geometry": { "type": "MultiLineString", "coordinates": [ [ [ 654285.755251636262983, 6860774.602510460652411 ], [ 654321.61991202342324, 6860746.630197591148317 ] ] ] } },
{ "type": "Feature", "properties": { "gid": 7145, "streetname": "RUE DE RAMBOUILLET", "note": null }, "geometry": { "type": "MultiLineString", "coordinates": [ [ [ 654405.356985317077488, 6860532.862384467385709 ], [ 654235.721495109959505, 6860414.034690494649112 ] ] ] } },
{ "type": "Feature", "properties": { "gid": 7148, "streetname": null, "note": null }, "geometry": { "type": "MultiLineString", "coordinates": [ [ [ 655165.129595224861987, 6861534.176981568336487 ], [ 655062.658970419550315, 6861511.496879347600043 ] ] ] } },
{ "type": "Feature", "properties": { "gid": 7186, "streetname": null, "note": null }, "geometry": { "type": "MultiLineString", "coordinates": [ [ [ 655136.570366326370277, 6861586.416432688012719 ], [ 655064.020548847620375, 6861571.406330182217062 ] ] ] } },
{ "type": "Feature", "properties": { "gid": 7187, "streetname": null, "note": null }, "geometry": { "type": "MultiLineString", "coordinates": [ [ [ 654901.592245750711299, 6861588.395891330204904 ], [ 654927.862706041429192, 6861519.666349915787578 ] ] ] } },
{ "type": "Feature", "properties": { "gid": 7188, "streetname": null, "note": null }, "geometry": { "type": "MultiLineString", "coordinates": [ [ [ 654285.927075802115723, 6861032.593859550543129 ], [ 654233.056816370808519, 6860929.04174707364291 ] ] ] } },
{ "type": "Feature", "properties": { "gid": 7192, "streetname": null, "note": null }, "geometry": { "type": "MultiLineString", "coordinates": [ [ [ 654050.759160335175693, 6861734.234689798206091 ], [ 654081.889624211238697, 6861765.841842680238187 ] ] ] } },
{ "type": "Feature", "properties": { "gid": 7504, "streetname": "COUR DEBILLE", "note": null }, "geometry": { "type": "MultiLineString", "coordinates": [ [ [ 654450.347157866810448, 6862033.186916925013065 ], [ 654455.245688041788526, 6862021.145897991023958 ] ] ] } },
{ "type": "Feature", "properties": { "gid": 7539, "streetname": "PAS CHARLES DALLERY", "note": null }, "geometry": { "type": "MultiLineString", "coordinates": [ [ [ 654363.435496771708131, 6861805.923065641894937 ], [ 654369.275009833974764, 6861786.874295114539564 ] ] ] } },
{ "type": "Feature", "properties": { "gid": 7545, "streetname": "PL DE LA BASTILLE", "note": null }, "geometry": { "type": "MultiLineString", "coordinates": [ [ [ 653706.561596327344887, 6861700.45354494638741 ], [ 653694.840307120000944, 6861733.551455210894346 ] ] ] } },
{ "type": "Feature", "properties": { "gid": 7720, "streetname": null, "note": null }, "geometry": { "type": "MultiLineString", "coordinates": [ [ [ 654189.771769068087451, 6860063.433204909786582 ], [ 654188.67087856377475, 6860051.442890640348196 ] ] ] } },
{ "type": "Feature", "properties": { "gid": 7810, "streetname": null, "note": null }, "geometry": { "type": "MultiLineString", "coordinates": [ [ [ 654178.453113723546267, 6860025.529808117076755 ], [ 654192.308550872956403, 6860008.413783553987741 ] ] ] } },
{ "type": "Feature", "properties": { "gid": 7911, "streetname": null, "note": null }, "geometry": { "type": "MultiLineString", "coordinates": [ [ [ 653801.095589967444539, 6860575.687464364804327 ], [ 653815.984695376129821, 6860562.562586361542344 ], [ 653824.85758100671228, 6860547.488391559571028 ], [ 653843.704205610672943, 6860529.330368988215923 ] ] ] } },
{ "type": "Feature", "properties": { "gid": 7916, "streetname": null, "note": null }, "geometry": { "type": "MultiLineString", "coordinates": [ [ [ 653703.081465713330545, 6860692.508608643896878 ], [ 653801.095589967444539, 6860575.687464364804327 ] ] ] } },
{ "type": "Feature", "properties": { "gid": 7930, "streetname": "COUR SAINT-NICOLAS", "note": null }, "geometry": { "type": "MultiLineString", "coordinates": [ [ [ 655111.887707348680124, 6861386.628978738561273 ], [ 655112.399020497803576, 6861328.626066231168807 ] ] ] } },
{ "type": "Feature", "properties": { "gid": 7955, "streetname": null, "note": null }, "geometry": { "type": "MultiLineString", "coordinates": [ [ [ 653516.507906016428024, 6861218.063681613653898 ], [ 653574.350925969658419, 6861199.577574339695275 ], [ 653626.211330598103814, 6861183.141719457693398 ] ] ] } },
{ "type": "Feature", "properties": { "gid": 7967, "streetname": null, "note": null }, "geometry": { "type": "MultiLineString", "coordinates": [ [ [ 654149.393319337046705, 6860968.74488477408886 ], [ 654166.299071716261096, 6860957.602892248891294 ] ] ] } },
{ "type": "Feature", "properties": { "gid": 7972, "streetname": null, "note": null }, "geometry": { "type": "MultiLineString", "coordinates": [ [ [ 653234.250535024795681, 6861424.432569291442633 ], [ 653203.438443277264014, 6861446.691151233389974 ] ] ] } },
{ "type": "Feature", "properties": { "gid": 7975, "streetname": "PAS CHARLES DALLERY", "note": null }, "geometry": { "type": "MultiLineString", "coordinates": [ [ [ 654369.275009833974764, 6861786.874295114539564 ], [ 654390.666899723932147, 6861714.695707822218537 ] ] ] } },
{ "type": "Feature", "properties": { "gid": 7982, "streetname": null, "note": null }, "geometry": { "type": "MultiLineString", "coordinates": [ [ [ 653908.881321031134576, 6860431.784981435164809 ], [ 653894.118450561189093, 6860459.908319205977023 ], [ 653849.585804815054871, 6860515.28131493087858 ], [ 653843.704205610672943, 6860529.330368988215923 ] ] ] } },
{ "type": "Feature", "properties": { "gid": 7987, "streetname": "R SAINT ANTOINE", "note": null }, "geometry": { "type": "MultiLineString", "coordinates": [ [ [ 653515.427804245031439, 6861684.061816268600523 ], [ 653575.62413690041285, 6861707.554940961301327 ] ] ] } },
{ "type": "Feature", "properties": { "gid": 7991, "streetname": null, "note": null }, "geometry": { "type": "MultiLineString", "coordinates": [ [ [ 653405.407506500952877, 6860968.004807570017874 ], [ 653418.189697838854045, 6861001.596379010006785 ] ] ] } },
{ "type": "Feature", "properties": { "gid": 8000, "streetname": null, "note": null }, "geometry": { "type": "MultiLineString", "coordinates": [ [ [ 654178.873927129432559, 6860075.524516195058823 ], [ 654130.299895343836397, 6860125.931632440537214 ] ] ] } },
{ "type": "Feature", "properties": { "gid": 8006, "streetname": "COUR DEBILLE", "note": null }, "geometry": { "type": "MultiLineString", "coordinates": [ [ [ 654429.769953040755354, 6862083.359242903068662 ], [ 654450.347157866810448, 6862033.186916925013065 ] ] ] } },
{ "type": "Feature", "properties": { "gid": 8532, "streetname": "R DU CHAROLAIS", "note": null }, "geometry": { "type": "MultiLineString", "coordinates": [ [ [ 654608.678844372276217, 6860647.887365055270493 ], [ 654626.306549646309577, 6860603.740254339762032 ], [ 654661.814529223134741, 6860545.443017202429473 ], [ 654734.360796999768354, 6860491.833720006048679 ] ] ] } },
{ "type": "Feature", "properties": { "gid": 8547, "streetname": "QU DE BERCY", "note": null }, "geometry": { "type": "MultiLineString", "coordinates": [ [ [ 654212.693588723195717, 6860054.240578369237483 ], [ 654198.711902617476881, 6860056.358197658322752 ], [ 654189.771769068087451, 6860063.433204909786582 ] ] ] } },
{ "type": "Feature", "properties": { "gid": 8588, "streetname": "BD DE BERCY", "note": null }, "geometry": { "type": "MultiLineString", "coordinates": [ [ [ 654212.693588723195717, 6860054.240578369237483 ], [ 654196.594284320948645, 6860042.376512383110821 ] ] ] } },
{ "type": "Feature", "properties": { "gid": 8591, "streetname": "BD DE BERCY", "note": null }, "geometry": { "type": "MultiLineString", "coordinates": [ [ [ 654186.519596179015934, 6860033.461629618890584 ], [ 654178.453113723546267, 6860025.529808117076755 ] ] ] } },
{ "type": "Feature", "properties": { "gid": 8596, "streetname": "PONT DE BERCY", "note": null }, "geometry": { "type": "MultiLineString", "coordinates": [ [ [ 654034.483710389467888, 6859909.745712337084115 ], [ 654106.96411642478779, 6859967.13361294567585 ], [ 654178.453113723546267, 6860025.529808117076755 ] ] ] } },
{ "type": "Feature", "properties": { "gid": 8629, "streetname": "QU DE BERCY", "note": null }, "geometry": { "type": "MultiLineString", "coordinates": [ [ [ 654189.771769068087451, 6860063.433204909786582 ], [ 654178.873927129432559, 6860075.524516195058823 ] ] ] } },
{ "type": "Feature", "properties": { "gid": 8634, "streetname": "BD DE BERCY", "note": null }, "geometry": { "type": "MultiLineString", "coordinates": [ [ [ 654416.590637082932517, 6860221.018343751318753 ], [ 654212.693588723195717, 6860054.240578369237483 ] ] ] } },
{ "type": "Feature", "properties": { "gid": 8645, "streetname": "QU DE BERCY", "note": null }, "geometry": { "type": "MultiLineString", "coordinates": [ [ [ 654186.519596179015934, 6860033.461629618890584 ], [ 654201.366510554333217, 6860015.337292683310807 ] ] ] } },
{ "type": "Feature", "properties": { "gid": 8652, "streetname": "QU DE BERCY", "note": null }, "geometry": { "type": "MultiLineString", "coordinates": [ [ [ 654188.67087856377475, 6860051.442890640348196 ], [ 654196.594284320948645, 6860042.376512383110821 ] ] ] } },
{ "type": "Feature", "properties": { "gid": 8746, "streetname": "QU DE LA RAPEE", "note": null }, "geometry": { "type": "MultiLineString", "coordinates": [ [ [ 654130.299895343836397, 6860125.931632440537214 ], [ 653908.881321031134576, 6860431.784981435164809 ] ] ] } },
{ "type": "Feature", "properties": { "gid": 8798, "streetname": "R ERARD", "note": null }, "geometry": { "type": "MultiLineString", "coordinates": [ [ [ 654842.149988151970319, 6860787.264686807990074 ], [ 654883.125168466940522, 6860820.570909804664552 ] ] ] } },
{ "type": "Feature", "properties": { "gid": 8832, "streetname": "PASSAGE MOULIN", "note": null }, "geometry": { "type": "MultiLineString", "coordinates": [ [ [ 654175.164784494438209, 6860725.842042718082666 ], [ 654178.888810154399835, 6860729.39704660885036 ], [ 654253.578374244854786, 6860800.696687150746584 ] ] ] } },
{ "type": "Feature", "properties": { "gid": 8833, "streetname": "RUE DE CHALON", "note": null }, "geometry": { "type": "MultiLineString", "coordinates": [ [ [ 654140.592990816803649, 6860754.825009582564235 ], [ 654175.164784494438209, 6860725.842042718082666 ] ] ] } },
{ "type": "Feature", "properties": { "gid": 8834, "streetname": "RUE DE CHALON", "note": null }, "geometry": { "type": "MultiLineString", "coordinates": [ [ [ 654175.164784494438209, 6860725.842042718082666 ], [ 654236.25242714304477, 6860674.629741174168885 ] ] ] } },
{ "type": "Feature", "properties": { "gid": 8868, "streetname": null, "note": null }, "geometry": { "type": "MultiLineString", "coordinates": [ [ [ 654994.665953985182568, 6860717.099995983764529 ], [ 654965.149675856344402, 6860758.855943604372442 ] ] ] } },
{ "type": "Feature", "properties": { "gid": 8869, "streetname": null, "note": null }, "geometry": { "type": "MultiLineString", "coordinates": [ [ [ 654965.149675856344402, 6860758.855943604372442 ], [ 654948.286383298342116, 6860782.712025921791792 ], [ 654954.413486222270876, 6860802.45491312071681 ], [ 654916.637380852014758, 6860843.979327201843262 ] ] ] } },
{ "type": "Feature", "properties": { "gid": 8872, "streetname": null, "note": null }, "geometry": { "type": "MultiLineString", "coordinates": [ [ [ 655030.832327397773042, 6860665.936323272995651 ], [ 654994.665953985182568, 6860717.099995983764529 ] ] ] } },
{ "type": "Feature", "properties": { "gid": 8873, "streetname": "PAS THIERE", "note": null }, "geometry": { "type": "MultiLineString", "coordinates": [ [ [ 654050.759160335175693, 6861734.234689798206091 ], [ 654070.671105255023576, 6861714.389329172670841 ] ] ] } },
{ "type": "Feature", "properties": { "gid": 8875, "streetname": null, "note": null }, "geometry": { "type": "MultiLineString", "coordinates": [ [ [ 654937.075880439952016, 6860739.881034822203219 ], [ 654965.149675856344402, 6860758.855943604372442 ] ] ] } },
{ "type": "Feature", "properties": { "gid": 8876, "streetname": null, "note": null }, "geometry": { "type": "MultiLineString", "coordinates": [ [ [ 654050.759160335175693, 6861734.234689798206091 ], [ 654025.381877449341118, 6861709.285082014277577 ] ] ] } },
{ "type": "Feature", "properties": { "gid": 8877, "streetname": "RUE DE CHALON", "note": null }, "geometry": { "type": "MultiLineString", "coordinates": [ [ [ 654273.459473601193167, 6860643.437532731331885 ], [ 654321.735435200622305, 6860602.96579416655004 ] ] ] } },
{ "type": "Feature", "properties": { "gid": 8878, "streetname": null, "note": null }, "geometry": { "type": "MultiLineString", "coordinates": [ [ [ 655030.832327397773042, 6860665.936323272995651 ], [ 655006.834255682537332, 6860649.958129236474633 ], [ 654968.5161060502287, 6860699.352618996985257 ] ] ] } },
{ "type": "Feature", "properties": { "gid": 8879, "streetname": "PASSAGE RAGUINOT", "note": null }, "geometry": { "type": "MultiLineString", "coordinates": [ [ [ 654273.459473601193167, 6860643.437532731331885 ], [ 654336.597274726256728, 6860687.061141385696828 ], [ 654340.042681891936809, 6860690.147971041500568 ] ] ] } },
{ "type": "Feature", "properties": { "gid": 8880, "streetname": "RUE DE CHALON", "note": null }, "geometry": { "type": "MultiLineString", "coordinates": [ [ [ 654253.221423696610145, 6860660.403928379528224 ], [ 654273.459473601193167, 6860643.437532731331885 ] ] ] } },
{ "type": "Feature", "properties": { "gid": 8882, "streetname": null, "note": null }, "geometry": { "type": "MultiLineString", "coordinates": [ [ [ 654937.075880439952016, 6860739.881034822203219 ], [ 654919.693236320046708, 6860762.288349508307874 ] ] ] } },
{ "type": "Feature", "properties": { "gid": 8883, "streetname": null, "note": null }, "geometry": { "type": "MultiLineString", "coordinates": [ [ [ 654968.5161060502287, 6860699.352618996985257 ], [ 654994.665953985182568, 6860717.099995983764529 ] ] ] } },
{ "type": "Feature", "properties": { "gid": 8884, "streetname": null, "note": null }, "geometry": { "type": "MultiLineString", "coordinates": [ [ [ 654968.5161060502287, 6860699.352618996985257 ], [ 654937.075880439952016, 6860739.881034822203219 ] ] ] } },
{ "type": "Feature", "properties": { "gid": 8912, "streetname": "PASSAGE BRUNOY", "note": null }, "geometry": { "type": "MultiLineString", "coordinates": [ [ [ 654253.221423696610145, 6860660.403928379528224 ], [ 654325.271461806027219, 6860717.271522486582398 ] ] ] } },
{ "type": "Feature", "properties": { "gid": 8913, "streetname": "RUE DE CHALON", "note": null }, "geometry": { "type": "MultiLineString", "coordinates": [ [ [ 654236.25242714304477, 6860674.629741174168885 ], [ 654253.221423696610145, 6860660.403928379528224 ] ] ] } },
{ "type": "Feature", "properties": { "gid": 8916, "streetname": "IMPASSE DE CHALON", "note": null }, "geometry": { "type": "MultiLineString", "coordinates": [ [ [ 654236.25242714304477, 6860674.629741174168885 ], [ 654280.772559197270311, 6860703.059687909670174 ] ] ] } },
{ "type": "Feature", "properties": { "gid": 8979, "streetname": null, "note": null }, "geometry": { "type": "MultiLineString", "coordinates": [ [ [ 653409.046364181907848, 6861043.972135191783309 ], [ 653418.189697838854045, 6861001.596379010006785 ] ] ] } },
{ "type": "Feature", "properties": { "gid": 8980, "streetname": null, "note": null }, "geometry": { "type": "MultiLineString", "coordinates": [ [ [ 653418.189697838854045, 6861001.596379010006785 ], [ 653437.799639762728475, 6861014.731078954413533 ] ] ] } },
{ "type": "Feature", "properties": { "gid": 8983, "streetname": null, "note": null }, "geometry": { "type": "MultiLineString", "coordinates": [ [ [ 653418.189697838854045, 6861001.596379010006785 ], [ 653393.568470889818855, 6860987.103860298171639 ] ] ] } },
{ "type": "Feature", "properties": { "gid": 9099, "streetname": "PAS DE LA MAIN D'OR", "note": null }, "geometry": { "type": "MultiLineString", "coordinates": [ [ [ 654328.919798955903389, 6861388.222904259338975 ], [ 654351.599548186641186, 6861469.030067596584558 ] ] ] } },
{ "type": "Feature", "properties": { "gid": 9102, "streetname": "R DU FAUBOURG SAINT-ANTOINE", "note": null }, "geometry": { "type": "MultiLineString", "coordinates": [ [ [ 654328.919798955903389, 6861388.222904259338975 ], [ 654309.980520700104535, 6861395.382172388024628 ] ] ] } },
{ "type": "Feature", "properties": { "gid": 9104, "streetname": "QU DE LA RAPEE", "note": null }, "geometry": { "type": "MultiLineString", "coordinates": [ [ [ 653807.153873498900793, 6860582.636275099590421 ], [ 653801.095589967444539, 6860575.687464364804327 ] ] ] } },
{ "type": "Feature", "properties": { "gid": 9105, "streetname": "PAS GENTY", "note": null }, "geometry": { "type": "MultiLineString", "coordinates": [ [ [ 653807.153873498900793, 6860582.636275099590421 ], [ 653939.981915234820917, 6860681.515558145008981 ] ] ] } },
{ "type": "Feature", "properties": { "gid": 9107, "streetname": "QU DE LA RAPEE", "note": null }, "geometry": { "type": "MultiLineString", "coordinates": [ [ [ 653703.081465713330545, 6860692.508608643896878 ], [ 653714.029885596130043, 6860686.416675764136016 ], [ 653726.927627975237556, 6860674.308521050959826 ], [ 653733.918510790565051, 6860673.249733804725111 ], [ 653805.187729045050219, 6860586.652695804834366 ], [ 653807.153873498900793, 6860582.636275099590421 ] ] ] } },
{ "type": "Feature", "properties": { "gid": 9121, "streetname": "BD HENRI IV", "note": null }, "geometry": { "type": "MultiLineString", "coordinates": [ [ [ 653436.072561922483146, 6861522.732895612716675 ], [ 653445.113770216354169, 6861527.656735965050757 ] ] ] } },
{ "type": "Feature", "properties": { "gid": 9123, "streetname": "R DE LA CERISAIE", "note": null }, "geometry": { "type": "MultiLineString", "coordinates": [ [ [ 653445.113770216354169, 6861527.656735965050757 ], [ 653512.855082785710692, 6861497.087635391391814 ] ] ] } },
{ "type": "Feature", "properties": { "gid": 9128, "streetname": "R DE CHARENTON", "note": null }, "geometry": { "type": "MultiLineString", "coordinates": [ [ [ 654717.181613354710862, 6860707.971835534088314 ], [ 654745.195644586230628, 6860709.735851163044572 ] ] ] } },
{ "type": "Feature", "properties": { "gid": 9129, "streetname": "BD HENRI IV", "note": null }, "geometry": { "type": "MultiLineString", "coordinates": [ [ [ 653445.113770216354169, 6861527.656735965050757 ], [ 653470.203944848268293, 6861538.445449070073664 ] ] ] } },
{ "type": "Feature", "properties": { "gid": 9132, "streetname": "R ERARD", "note": null }, "geometry": { "type": "MultiLineString", "coordinates": [ [ [ 654883.125168466940522, 6860820.570909804664552 ], [ 654916.637380852014758, 6860843.979327201843262 ] ] ] } },
{ "type": "Feature", "properties": { "gid": 9133, "streetname": "R ERARD", "note": null }, "geometry": { "type": "MultiLineString", "coordinates": [ [ [ 654916.637380852014758, 6860843.979327201843262 ], [ 654928.39021231548395, 6860852.188728041946888 ] ] ] } },
{ "type": "Feature", "properties": { "gid": 9134, "streetname": "R DE CHALON", "note": null }, "geometry": { "type": "MultiLineString", "coordinates": [ [ [ 654129.092669809819199, 6860764.274763108231127 ], [ 654140.592990816803649, 6860754.825009582564235 ] ] ] } },
{ "type": "Feature", "properties": { "gid": 9135, "streetname": "PAS GATBOIS", "note": null }, "geometry": { "type": "MultiLineString", "coordinates": [ [ [ 654321.735435200622305, 6860602.96579416655004 ], [ 654406.774983519339003, 6860658.587093967013061 ], [ 654424.874189003719948, 6860670.434356674551964 ] ] ] } },
{ "type": "Feature", "properties": { "gid": 9137, "streetname": "RUE DE CHALON", "note": null }, "geometry": { "type": "MultiLineString", "coordinates": [ [ [ 654321.735435200622305, 6860602.96579416655004 ], [ 654405.356985317077488, 6860532.862384467385709 ] ] ] } },
{ "type": "Feature", "properties": { "gid": 9149, "streetname": "R JEAN BOUTON", "note": null }, "geometry": { "type": "MultiLineString", "coordinates": [ [ [ 654204.369423865107819, 6860847.285522348247468 ], [ 654207.310210632393137, 6860840.260967783629894 ], [ 654217.225051888497546, 6860830.177795751951635 ], [ 654253.578374244854786, 6860800.696687150746584 ] ] ] } },
{ "type": "Feature", "properties": { "gid": 9150, "streetname": "R JEAN BOUTON", "note": null }, "geometry": { "type": "MultiLineString", "coordinates": [ [ [ 654211.444478153949603, 6860856.225713879801333 ], [ 654204.369423865107819, 6860847.285522348247468 ] ] ] } },
{ "type": "Feature", "properties": { "gid": 9151, "streetname": "R JEAN BOUTON", "note": null }, "geometry": { "type": "MultiLineString", "coordinates": [ [ [ 654253.578374244854786, 6860800.696687150746584 ], [ 654285.755251636262983, 6860774.602510460652411 ] ] ] } },
{ "type": "Feature", "properties": { "gid": 9154, "streetname": "RUE DES CHARBONNIERS", "note": null }, "geometry": { "type": "MultiLineString", "coordinates": [ [ [ 654204.369423865107819, 6860847.285522348247468 ], [ 654129.092669809819199, 6860764.274763108231127 ] ] ] } },
{ "type": "Feature", "properties": { "gid": 9677, "streetname": "QU DE BERCY", "note": null }, "geometry": { "type": "MultiLineString", "coordinates": [ [ [ 654196.594284320948645, 6860042.376512383110821 ], [ 654213.432569673052058, 6860023.235445832833648 ] ] ] } },
{ "type": "Feature", "properties": { "gid": 10833, "streetname": null, "note": null }, "geometry": { "type": "MultiLineString", "coordinates": [ [ [ 653204.036764266085811, 6861755.679229272529483 ], [ 653279.752302860026248, 6861722.043213290162385 ] ] ] } },
{ "type": "Feature", "properties": { "gid": 10938, "streetname": null, "note": null }, "geometry": { "type": "MultiLineString", "coordinates": [ [ [ 653279.752302860026248, 6861722.043213290162385 ], [ 653312.152996105607599, 6861769.769719601608813 ] ] ] } },
{ "type": "Feature", "properties": { "gid": 12536, "streetname": "R SAINT-ANTOINE", "note": null }, "geometry": { "type": "MultiLineString", "coordinates": [ [ [ 653451.618736866046675, 6861706.598060571588576 ], [ 653491.50571467843838, 6861693.262842177413404 ], [ 653515.427804245031439, 6861684.061816268600523 ] ] ] } },
{ "type": "Feature", "properties": { "gid": 12537, "streetname": "R MOREAU", "note": null }, "geometry": { "type": "MultiLineString", "coordinates": [ [ [ 653924.266728392336518, 6861190.633701074868441 ], [ 653936.484342706855386, 6861216.530226767063141 ] ] ] } },
{ "type": "Feature", "properties": { "gid": 12539, "streetname": "R CASTEX", "note": null }, "geometry": { "type": "MultiLineString", "coordinates": [ [ [ 653470.203944848268293, 6861538.445449070073664 ], [ 653515.427804245031439, 6861684.061816268600523 ] ] ] } },
{ "type": "Feature", "properties": { "gid": 12541, "streetname": "AV LEDRU-ROLLIN", "note": null }, "geometry": { "type": "MultiLineString", "coordinates": [ [ [ 654158.582428875146434, 6861347.65774945449084 ], [ 654172.715757232042961, 6861363.53840252943337 ] ] ] } },
{ "type": "Feature", "properties": { "gid": 12542, "streetname": "AV LEDRU-ROLLIN", "note": null }, "geometry": { "type": "MultiLineString", "coordinates": [ [ [ 654172.715757232042961, 6861363.53840252943337 ], [ 654188.874148725182749, 6861382.401938883587718 ] ] ] } },
{ "type": "Feature", "properties": { "gid": 12543, "streetname": "R SAINT-NICOLAS", "note": null }, "geometry": { "type": "MultiLineString", "coordinates": [ [ [ 654045.16399941383861, 6861297.613577272742987 ], [ 654095.009293067152612, 6861398.191618625074625 ] ] ] } },
{ "type": "Feature", "properties": { "gid": 12544, "streetname": "R SAINT-NICOLAS", "note": null }, "geometry": { "type": "MultiLineString", "coordinates": [ [ [ 654095.009293067152612, 6861398.191618625074625 ], [ 654124.578823613352142, 6861465.941143646836281 ] ] ] } },
{ "type": "Feature", "properties": { "gid": 12545, "streetname": "R LESDIGUIERES", "note": null }, "geometry": { "type": "MultiLineString", "coordinates": [ [ [ 653512.855082785710692, 6861497.087635391391814 ], [ 653530.417018024600111, 6861563.938380673527718 ] ] ] } },
{ "type": "Feature", "properties": { "gid": 12547, "streetname": "R DU FAUBOURG SAINT-ANTOINE", "note": null }, "geometry": { "type": "MultiLineString", "coordinates": [ [ [ 654095.682539679459296, 6861478.18407019879669 ], [ 654079.73453646467533, 6861484.318154520355165 ] ] ] } },
{ "type": "Feature", "properties": { "gid": 12548, "streetname": "R DU FAUBOURG SAINT-ANTOINE", "note": null }, "geometry": { "type": "MultiLineString", "coordinates": [ [ [ 654079.73453646467533, 6861484.318154520355165 ], [ 654046.838619072805159, 6861496.594732929952443 ] ] ] } },
{ "type": "Feature", "properties": { "gid": 12551, "streetname": "R DE MONTREUIL", "note": null }, "geometry": { "type": "MultiLineString", "coordinates": [ [ [ 654915.426204894669354, 6861331.285338306799531 ], [ 654948.423062489833683, 6861331.007395609281957 ] ] ] } },
{ "type": "Feature", "properties": { "gid": 12554, "streetname": "R DE CHARENTON", "note": null }, "geometry": { "type": "MultiLineString", "coordinates": [ [ [ 653884.921132898889482, 6861505.957133133895695 ], [ 653894.80240022263024, 6861491.87430824059993 ] ] ] } },
{ "type": "Feature", "properties": { "gid": 12555, "streetname": "R DU FAUBOURG SAINT-ANTOINE", "note": null }, "geometry": { "type": "MultiLineString", "coordinates": [ [ [ 654944.892723412485793, 6861268.038680362515152 ], [ 654820.140495400526561, 6861297.088764374144375 ] ] ] } },
{ "type": "Feature", "properties": { "gid": 12557, "streetname": "R DU FAUBOURG SAINT-ANTOINE", "note": null }, "geometry": { "type": "MultiLineString", "coordinates": [ [ [ 655037.706927635706961, 6861246.257354634813964 ], [ 654944.892723412485793, 6861268.038680362515152 ] ] ] } },
{ "type": "Feature", "properties": { "gid": 12558, "streetname": "R DE MONTREUIL", "note": null }, "geometry": { "type": "MultiLineString", "coordinates": [ [ [ 654948.423062489833683, 6861331.007395609281957 ], [ 654982.419824776705354, 6861330.721020987257361 ] ] ] } },
{ "type": "Feature", "properties": { "gid": 12562, "streetname": "R DE CHARENTON", "note": null }, "geometry": { "type": "MultiLineString", "coordinates": [ [ [ 653894.80240022263024, 6861491.87430824059993 ], [ 653904.683665236225352, 6861477.791484162211418 ], [ 653938.343897553742863, 6861437.509171010926366 ] ] ] } },
{ "type": "Feature", "properties": { "gid": 12573, "streetname": "PL DES VOSGES", "note": null }, "geometry": { "type": "MultiLineString", "coordinates": [ [ [ 653461.930841177236289, 6861981.50575461704284 ], [ 653523.799108306062408, 6861965.985646381042898 ] ] ] } },
{ "type": "Feature", "properties": { "gid": 12574, "streetname": "R DES VOSGES", "note": null }, "geometry": { "type": "MultiLineString", "coordinates": [ [ [ 653523.799108306062408, 6861965.985646381042898 ], [ 653574.693584642955102, 6861953.557762547396123 ] ] ] } },
{ "type": "Feature", "properties": { "gid": 12580, "streetname": "PL DES VOSGES", "note": null }, "geometry": { "type": "MultiLineString", "coordinates": [ [ [ 653523.799108306062408, 6861965.985646381042898 ], [ 653492.742071557207964, 6861840.249371889978647 ], [ 653427.882547781220637, 6861856.794587887823582 ] ] ] } },
{ "type": "Feature", "properties": { "gid": 12586, "streetname": "R DES TOURNELLES", "note": null }, "geometry": { "type": "MultiLineString", "coordinates": [ [ [ 653578.26528297434561, 6862021.526421773247421 ], [ 653574.693584642955102, 6861953.557762547396123 ] ] ] } },
{ "type": "Feature", "properties": { "gid": 12587, "streetname": "IMP GUEMENEE", "note": null }, "geometry": { "type": "MultiLineString", "coordinates": [ [ [ 653469.231130062835291, 6861779.448381322436035 ], [ 653451.618736866046675, 6861706.598060571588576 ] ] ] } },
{ "type": "Feature", "properties": { "gid": 12588, "streetname": "IMP GUEMENEE", "note": null }, "geometry": { "type": "MultiLineString", "coordinates": [ [ [ 653472.348601509700529, 6861793.421869475394487 ], [ 653469.231130062835291, 6861779.448381322436035 ] ] ] } },
{ "type": "Feature", "properties": { "gid": 12589, "streetname": "R SAINT-ANTOINE", "note": null }, "geometry": { "type": "MultiLineString", "coordinates": [ [ [ 653384.851970217539929, 6861734.159044708125293 ], [ 653394.817412225878797, 6861730.075314946472645 ] ] ] } },
{ "type": "Feature", "properties": { "gid": 12590, "streetname": "R SAINT-ANTOINE", "note": null }, "geometry": { "type": "MultiLineString", "coordinates": [ [ [ 653254.427384110516869, 6861802.254506450146437 ], [ 653312.152996105607599, 6861769.769719601608813 ] ] ] } },
{ "type": "Feature", "properties": { "gid": 12591, "streetname": "R DE BIRAGUE", "note": null }, "geometry": { "type": "MultiLineString", "coordinates": [ [ [ 653421.647612750297412, 6861828.847596228122711 ], [ 653427.882547781220637, 6861856.794587887823582 ] ] ] } },
{ "type": "Feature", "properties": { "gid": 12592, "streetname": "R SAINT-ANTOINE", "note": null }, "geometry": { "type": "MultiLineString", "coordinates": [ [ [ 653312.152996105607599, 6861769.769719601608813 ], [ 653384.851970217539929, 6861734.159044708125293 ] ] ] } },
{ "type": "Feature", "properties": { "gid": 12594, "streetname": "R SAINT-ANTOINE", "note": null }, "geometry": { "type": "MultiLineString", "coordinates": [ [ [ 653394.817412225878797, 6861730.075314946472645 ], [ 653451.618736866046675, 6861706.598060571588576 ] ] ] } },
{ "type": "Feature", "properties": { "gid": 12595, "streetname": "R CHARLES V", "note": null }, "geometry": { "type": "MultiLineString", "coordinates": [ [ [ 653159.384987765806727, 6861678.056361903436482 ], [ 653280.633742496487685, 6861589.038705389946699 ] ] ] } },
{ "type": "Feature", "properties": { "gid": 12596, "streetname": "R DES LIONS", "note": null }, "geometry": { "type": "MultiLineString", "coordinates": [ [ [ 653117.934769222745672, 6861624.406076060608029 ], [ 653146.755515816621482, 6861603.164206176064909 ], [ 653234.14192535309121, 6861530.431010708212852 ] ] ] } },
{ "type": "Feature", "properties": { "gid": 12598, "streetname": "R BEAUTREILLIS", "note": null }, "geometry": { "type": "MultiLineString", "coordinates": [ [ [ 653346.39294550975319, 6861679.483674556016922 ], [ 653384.851970217539929, 6861734.159044708125293 ] ] ] } },
{ "type": "Feature", "properties": { "gid": 12599, "streetname": "R BEAUTREILLIS", "note": null }, "geometry": { "type": "MultiLineString", "coordinates": [ [ [ 653280.633742496487685, 6861589.038705389946699 ], [ 653346.39294550975319, 6861679.483674556016922 ] ] ] } },
{ "type": "Feature", "properties": { "gid": 12600, "streetname": "R DU PETIT MUSC", "note": null }, "geometry": { "type": "MultiLineString", "coordinates": [ [ [ 653264.954032990266569, 6861508.172405641525984 ], [ 653316.411753805237822, 6861562.738405364565551 ] ] ] } },
{ "type": "Feature", "properties": { "gid": 12601, "streetname": "R DES LIONS", "note": null }, "geometry": { "type": "MultiLineString", "coordinates": [ [ [ 653234.14192535309121, 6861530.431010708212852 ], [ 653264.954032990266569, 6861508.172405641525984 ] ] ] } },
{ "type": "Feature", "properties": { "gid": 12602, "streetname": "R DU PETIT MUSC", "note": null }, "geometry": { "type": "MultiLineString", "coordinates": [ [ [ 653344.619375514797866, 6861587.500615765340626 ], [ 653439.460049255751073, 6861687.700735039077699 ], [ 653451.618736866046675, 6861706.598060571588576 ] ] ] } },
{ "type": "Feature", "properties": { "gid": 12603, "streetname": "R DU PETIT MUSC", "note": null }, "geometry": { "type": "MultiLineString", "coordinates": [ [ [ 653316.411753805237822, 6861562.738405364565551 ], [ 653344.619375514797866, 6861587.500615765340626 ] ] ] } },
{ "type": "Feature", "properties": { "gid": 12604, "streetname": "R DU PETIT MUSC", "note": null }, "geometry": { "type": "MultiLineString", "coordinates": [ [ [ 653203.438443277264014, 6861446.691151233389974 ], [ 653264.954032990266569, 6861508.172405641525984 ] ] ] } },
{ "type": "Feature", "properties": { "gid": 12605, "streetname": "R DE LA CERISAIE", "note": null }, "geometry": { "type": "MultiLineString", "coordinates": [ [ [ 653344.619375514797866, 6861587.500615765340626 ], [ 653436.072561922483146, 6861522.732895612716675 ] ] ] } },
{ "type": "Feature", "properties": { "gid": 12892, "streetname": "R DES VOSGES", "note": null }, "geometry": { "type": "MultiLineString", "coordinates": [ [ [ 653357.200967399170622, 6862013.386013510636985 ], [ 653371.140846232068725, 6862006.26890741288662 ], [ 653400.070968225714751, 6861998.025743311271071 ] ] ] } },
{ "type": "Feature", "properties": { "gid": 12903, "streetname": "PAS SAINT-PAUL", "note": null }, "geometry": { "type": "MultiLineString", "coordinates": [ [ [ 653156.43633319856599, 6861803.078511855565012 ], [ 653182.316246633185074, 6861788.86118542496115 ], [ 653212.170562989544123, 6861771.610496790148318 ] ] ] } },
{ "type": "Feature", "properties": { "gid": 12912, "streetname": "R SAINT-ANTOINE", "note": null }, "geometry": { "type": "MultiLineString", "coordinates": [ [ [ 653214.624427633942105, 6861825.588746211491525 ], [ 653229.555793367209844, 6861817.463350310921669 ], [ 653237.513021386694163, 6861812.396538882516325 ] ] ] } },
{ "type": "Feature", "properties": { "gid": 12914, "streetname": "R DE TURENNE", "note": null }, "geometry": { "type": "MultiLineString", "coordinates": [ [ [ 653357.200967399170622, 6862013.386013510636985 ], [ 653307.313995473785326, 6861907.807610834017396 ] ] ] } },
{ "type": "Feature", "properties": { "gid": 12915, "streetname": "R SAINT-ANTOINE", "note": null }, "geometry": { "type": "MultiLineString", "coordinates": [ [ [ 653237.513021386694163, 6861812.396538882516325 ], [ 653254.427384110516869, 6861802.254506450146437 ] ] ] } },
{ "type": "Feature", "properties": { "gid": 12916, "streetname": "R SAINT-PAUL", "note": null }, "geometry": { "type": "MultiLineString", "coordinates": [ [ [ 653159.384987765806727, 6861678.056361903436482 ], [ 653187.785989359603263, 6861725.816514983773232 ] ] ] } },
{ "type": "Feature", "properties": { "gid": 12917, "streetname": "R SAINT-PAUL", "note": null }, "geometry": { "type": "MultiLineString", "coordinates": [ [ [ 653117.934769222745672, 6861624.406076060608029 ], [ 653159.384987765806727, 6861678.056361903436482 ] ] ] } },
{ "type": "Feature", "properties": { "gid": 12918, "streetname": "R DE TURENNE", "note": null }, "geometry": { "type": "MultiLineString", "coordinates": [ [ [ 653281.895813981420361, 6861858.02236839197576 ], [ 653254.427384110516869, 6861802.254506450146437 ] ] ] } },
{ "type": "Feature", "properties": { "gid": 12923, "streetname": "QU DES CELESTINS", "note": null }, "geometry": { "type": "MultiLineString", "coordinates": [ [ [ 653021.599002355942503, 6861584.216969326138496 ], [ 653063.40172905055806, 6861560.866025349125266 ], [ 653081.307570209377445, 6861549.715724476613104 ] ] ] } },
{ "type": "Feature", "properties": { "gid": 12924, "streetname": "R DE L'AVE MARIA", "note": null }, "geometry": { "type": "MultiLineString", "coordinates": [ [ [ 653043.891194382915273, 6861619.028764950111508 ], [ 653085.567820535972714, 6861580.67920327745378 ] ] ] } },
{ "type": "Feature", "properties": { "gid": 12961, "streetname": "R DES FRANCS BOURGEOIS", "note": null }, "geometry": { "type": "MultiLineString", "coordinates": [ [ [ 653248.614342045970261, 6862062.298306548967957 ], [ 653357.200967399170622, 6862013.386013510636985 ] ] ] } },
{ "type": "Feature", "properties": { "gid": 12975, "streetname": "R D'ORMESSON", "note": null }, "geometry": { "type": "MultiLineString", "coordinates": [ [ [ 653263.973127758363262, 6861867.172908812761307 ], [ 653281.895813981420361, 6861858.02236839197576 ] ] ] } },
{ "type": "Feature", "properties": { "gid": 12985, "streetname": "R DE JARENTE", "note": null }, "geometry": { "type": "MultiLineString", "coordinates": [ [ [ 653285.374847453203984, 6861914.991975137032568 ], [ 653307.313995473785326, 6861907.807610834017396 ] ] ] } },
{ "type": "Feature", "properties": { "gid": 13045, "streetname": "R SAINT-SABIN", "note": null }, "geometry": { "type": "MultiLineString", "coordinates": [ [ [ 653872.253141939407215, 6861783.057676693424582 ], [ 653903.679419773397967, 6861833.792190982960165 ], [ 653916.838103982270695, 6861852.68107925914228 ], [ 653921.09016457980033, 6861882.644698752090335 ], [ 653920.123911770409904, 6861886.652750248089433 ] ] ] } },
{ "type": "Feature", "properties": { "gid": 13105, "streetname": "BD BEAUMARCHAIS", "note": null }, "geometry": { "type": "MultiLineString", "coordinates": [ [ [ 653679.63251848355867, 6861827.677447596564889 ], [ 653664.500413728994317, 6861930.802698379382491 ] ] ] } },
{ "type": "Feature", "properties": { "gid": 13106, "streetname": "BD RICHARD LENOIR", "note": null }, "geometry": { "type": "MultiLineString", "coordinates": [ [ [ 653764.255827968241647, 6861901.96398638561368 ], [ 653738.559841756243259, 6861819.181846088729799 ] ] ] } },
{ "type": "Feature", "properties": { "gid": 13110, "streetname": "R AMELOT", "note": null }, "geometry": { "type": "MultiLineString", "coordinates": [ [ [ 653713.681064359960146, 6861952.388515380211174 ], [ 653738.559841756243259, 6861819.181846088729799 ] ] ] } },
{ "type": "Feature", "properties": { "gid": 13141, "streetname": "R RICHARD LENOIR", "note": null }, "geometry": { "type": "MultiLineString", "coordinates": [ [ [ 654625.497842592769302, 6861932.714024325832725 ], [ 654642.176344198058359, 6861894.574319665320218 ] ] ] } },
{ "type": "Feature", "properties": { "gid": 13193, "streetname": "R GOBERT", "note": null }, "geometry": { "type": "MultiLineString", "coordinates": [ [ [ 654642.176344198058359, 6861894.574319665320218 ], [ 654704.364403673098423, 6861917.050175683572888 ] ] ] } },
{ "type": "Feature", "properties": { "gid": 13194, "streetname": "R DE CHARONNE", "note": null }, "geometry": { "type": "MultiLineString", "coordinates": [ [ [ 654700.848876149510033, 6861737.083421890623868 ], [ 654804.151007379288785, 6861773.212662394158542 ] ] ] } },
{ "type": "Feature", "properties": { "gid": 13195, "streetname": "R FRANCOIS DE NEUFCHATEAU", "note": null }, "geometry": { "type": "MultiLineString", "coordinates": [ [ [ 654625.497842592769302, 6861932.714024325832725 ], [ 654686.711269965860993, 6861958.198046443983912 ] ] ] } },
{ "type": "Feature", "properties": { "gid": 13196, "streetname": "R FRANCOIS DE NEUFCHATEAU", "note": null }, "geometry": { "type": "MultiLineString", "coordinates": [ [ [ 654686.711269965860993, 6861958.198046443983912 ], [ 654712.818398090079427, 6861970.977941176854074 ] ] ] } },
{ "type": "Feature", "properties": { "gid": 13199, "streetname": "R RICHARD LENOIR", "note": null }, "geometry": { "type": "MultiLineString", "coordinates": [ [ [ 654642.176344198058359, 6861894.574319665320218 ], [ 654700.848876149510033, 6861737.083421890623868 ] ] ] } },
{ "type": "Feature", "properties": { "gid": 13206, "streetname": "R GOBERT", "note": null }, "geometry": { "type": "MultiLineString", "coordinates": [ [ [ 654704.364403673098423, 6861917.050175683572888 ], [ 654751.520155267906375, 6861935.652681117877364 ] ] ] } },
{ "type": "Feature", "properties": { "gid": 13207, "streetname": "R DE CHARONNE", "note": null }, "geometry": { "type": "MultiLineString", "coordinates": [ [ [ 654851.289875003858469, 6861789.815289288759232 ], [ 654895.420607378473505, 6861805.443258146755397 ] ] ] } },
{ "type": "Feature", "properties": { "gid": 13208, "streetname": "R DE CHARONNE", "note": null }, "geometry": { "type": "MultiLineString", "coordinates": [ [ [ 654804.151007379288785, 6861773.212662394158542 ], [ 654851.289875003858469, 6861789.815289288759232 ] ] ] } },
{ "type": "Feature", "properties": { "gid": 13209, "streetname": "R DE CHARONNE", "note": null }, "geometry": { "type": "MultiLineString", "coordinates": [ [ [ 654678.783533836947754, 6861729.269408302381635 ], [ 654700.848876149510033, 6861737.083421890623868 ] ] ] } },
{ "type": "Feature", "properties": { "gid": 13210, "streetname": "R GODEFROY CAVAIGNAC", "note": null }, "geometry": { "type": "MultiLineString", "coordinates": [ [ [ 654481.992632265668362, 6862109.919076843187213 ], [ 654489.924571239273064, 6862101.852436942048371 ], [ 654653.710050180903636, 6861720.48074387665838 ] ] ] } },
{ "type": "Feature", "properties": { "gid": 13214, "streetname": "R BASFROI", "note": null }, "geometry": { "type": "MultiLineString", "coordinates": [ [ [ 654410.416225154534914, 6861922.525210632942617 ], [ 654497.019155190559104, 6861756.799398789182305 ] ] ] } },
{ "type": "Feature", "properties": { "gid": 13216, "streetname": "R DE CHARONNE", "note": null }, "geometry": { "type": "MultiLineString", "coordinates": [ [ [ 654653.710050180903636, 6861720.48074387665838 ], [ 654678.783533836947754, 6861729.269408302381635 ] ] ] } },
{ "type": "Feature", "properties": { "gid": 13219, "streetname": "R RICHARD LENOIR", "note": null }, "geometry": { "type": "MultiLineString", "coordinates": [ [ [ 654598.081331660039723, 6862001.943571919575334 ], [ 654625.497842592769302, 6861932.714024325832725 ] ] ] } },
{ "type": "Feature", "properties": { "gid": 13223, "streetname": "R RICHARD LENOIR", "note": null }, "geometry": { "type": "MultiLineString", "coordinates": [ [ [ 654567.926060676923953, 6862102.195652555674314 ], [ 654562.817051978898235, 6862089.238905822858214 ], [ 654573.580326314084232, 6862061.1487857112661 ], [ 654598.081331660039723, 6862001.943571919575334 ] ] ] } },
{ "type": "Feature", "properties": { "gid": 13227, "streetname": "R DE CHARONNE", "note": null }, "geometry": { "type": "MultiLineString", "coordinates": [ [ [ 654410.143130912678316, 6861652.533069810830057 ], [ 654461.214177621528506, 6861661.102898479439318 ] ] ] } },
{ "type": "Feature", "properties": { "gid": 13228, "streetname": "PAS CHARLES DALLERY", "note": null }, "geometry": { "type": "MultiLineString", "coordinates": [ [ [ 654390.666899723932147, 6861714.695707822218537 ], [ 654410.143130912678316, 6861652.533069810830057 ] ] ] } },
{ "type": "Feature", "properties": { "gid": 13229, "streetname": "PAS CHARLES DALLERY", "note": null }, "geometry": { "type": "MultiLineString", "coordinates": [ [ [ 654328.053261302527972, 6861879.219457592815161 ], [ 654347.697905259090476, 6861837.054922743700445 ] ] ] } },
{ "type": "Feature", "properties": { "gid": 13230, "streetname": "R DE CHARONNE", "note": null }, "geometry": { "type": "MultiLineString", "coordinates": [ [ [ 654461.214177621528506, 6861661.102898479439318 ], [ 654534.401067493250594, 6861683.486192092299461 ] ] ] } },
{ "type": "Feature", "properties": { "gid": 13231, "streetname": "PAS CHARLES DALLERY", "note": null }, "geometry": { "type": "MultiLineString", "coordinates": [ [ [ 654347.697905259090476, 6861837.054922743700445 ], [ 654363.435496771708131, 6861805.923065641894937 ] ] ] } },
{ "type": "Feature", "properties": { "gid": 13232, "streetname": "R DE CHARONNE", "note": null }, "geometry": { "type": "MultiLineString", "coordinates": [ [ [ 654393.119450323749334, 6861649.67645560670644 ], [ 654410.143130912678316, 6861652.533069810830057 ] ] ] } },
{ "type": "Feature", "properties": { "gid": 13233, "streetname": "COUR DEBILLE", "note": null }, "geometry": { "type": "MultiLineString", "coordinates": [ [ [ 654455.245688041788526, 6862021.145897991023958 ], [ 654497.41678524937015, 6861922.79270626604557 ] ] ] } },
{ "type": "Feature", "properties": { "gid": 13238, "streetname": "R BASFROI", "note": null }, "geometry": { "type": "MultiLineString", "coordinates": [ [ [ 654351.414933247724548, 6862041.019684351980686 ], [ 654403.568383869947866, 6861940.582512864843011 ], [ 654410.416225154534914, 6861922.525210632942617 ] ] ] } },
{ "type": "Feature", "properties": { "gid": 13239, "streetname": "R BASFROI", "note": null }, "geometry": { "type": "MultiLineString", "coordinates": [ [ [ 654497.019155190559104, 6861756.799398789182305 ], [ 654534.401067493250594, 6861683.486192092299461 ] ] ] } },
{ "type": "Feature", "properties": { "gid": 13240, "streetname": "R DE CHARONNE", "note": null }, "geometry": { "type": "MultiLineString", "coordinates": [ [ [ 654534.401067493250594, 6861683.486192092299461 ], [ 654619.620559024740942, 6861709.768038760870695 ] ] ] } },
{ "type": "Feature", "properties": { "gid": 13241, "streetname": "PAS CHARLES DALLERY", "note": null }, "geometry": { "type": "MultiLineString", "coordinates": [ [ [ 654269.043493407196365, 6861996.713937868364155 ], [ 654328.053261302527972, 6861879.219457592815161 ] ] ] } },
{ "type": "Feature", "properties": { "gid": 13243, "streetname": "R DE CHARONNE", "note": null }, "geometry": { "type": "MultiLineString", "coordinates": [ [ [ 654619.620559024740942, 6861709.768038760870695 ], [ 654638.660909707541578, 6861714.607598288916051 ], [ 654653.710050180903636, 6861720.48074387665838 ] ] ] } },
{ "type": "Feature", "properties": { "gid": 13258, "streetname": "R DE LA ROQUETTE", "note": null }, "geometry": { "type": "MultiLineString", "coordinates": [ [ [ 653873.177326752222143, 6861774.050086796283722 ], [ 653970.572343906736933, 6861821.229528193362057 ] ] ] } },
{ "type": "Feature", "properties": { "gid": 13516, "streetname": "R DAVAL", "note": null }, "geometry": { "type": "MultiLineString", "coordinates": [ [ [ 653664.500413728994317, 6861930.802698379382491 ], [ 653670.58399286319036, 6861940.751323757693172 ], [ 653713.681064359960146, 6861952.388515380211174 ] ] ] } },
{ "type": "Feature", "properties": { "gid": 13526, "streetname": "BD BEAUMARCHAIS", "note": null }, "geometry": { "type": "MultiLineString", "coordinates": [ [ [ 653664.500413728994317, 6861930.802698379382491 ], [ 653644.612673185998574, 6862062.967504645697773 ] ] ] } },
{ "type": "Feature", "properties": { "gid": 13883, "streetname": "BD HENRI IV", "note": null }, "geometry": { "type": "MultiLineString", "coordinates": [ [ [ 653307.580002627451904, 6861463.814957645721734 ], [ 653436.072561922483146, 6861522.732895612716675 ] ] ] } },
{ "type": "Feature", "properties": { "gid": 13885, "streetname": "PONT DE SULLY", "note": null }, "geometry": { "type": "MultiLineString", "coordinates": [ [ [ 653116.849618083331734, 6861376.420940473675728 ], [ 653140.965049358666874, 6861390.217831143178046 ] ] ] } },
{ "type": "Feature", "properties": { "gid": 13886, "streetname": "BD HENRI IV", "note": null }, "geometry": { "type": "MultiLineString", "coordinates": [ [ [ 653140.965049358666874, 6861390.217831143178046 ], [ 653198.136220884160139, 6861410.736591678112745 ] ] ] } },
{ "type": "Feature", "properties": { "gid": 13887, "streetname": "BD HENRI IV", "note": null }, "geometry": { "type": "MultiLineString", "coordinates": [ [ [ 653470.203944848268293, 6861538.445449070073664 ], [ 653530.417018024600111, 6861563.938380673527718 ] ] ] } },
{ "type": "Feature", "properties": { "gid": 13888, "streetname": "PONT DE SULLY", "note": null }, "geometry": { "type": "MultiLineString", "coordinates": [ [ [ 653037.5712783948984, 6861343.088335927575827 ], [ 653072.68564879137557, 6861356.792760672979057 ], [ 653099.783971686149016, 6861368.564625688828528 ], [ 653116.849618083331734, 6861376.420940473675728 ] ] ] } },
{ "type": "Feature", "properties": { "gid": 13889, "streetname": "BD HENRI IV", "note": null }, "geometry": { "type": "MultiLineString", "coordinates": [ [ [ 653575.564222791581415, 6861581.558203090913594 ], [ 653653.876610308536328, 6861618.898563366383314 ] ] ] } },
{ "type": "Feature", "properties": { "gid": 13891, "streetname": "BD HENRI IV", "note": null }, "geometry": { "type": "MultiLineString", "coordinates": [ [ [ 653530.417018024600111, 6861563.938380673527718 ], [ 653575.564222791581415, 6861581.558203090913594 ] ] ] } },
{ "type": "Feature", "properties": { "gid": 13931, "streetname": "R SAINT-ANTOINE", "note": null }, "geometry": { "type": "MultiLineString", "coordinates": [ [ [ 653522.410336464527063, 6861682.003125231713057 ], [ 653542.366435087285936, 6861676.835368536412716 ], [ 653558.348135052365251, 6861674.700976143591106 ] ] ] } },
{ "type": "Feature", "properties": { "gid": 13936, "streetname": "BD HENRI IV", "note": null }, "geometry": { "type": "MultiLineString", "coordinates": [ [ [ 653198.136220884160139, 6861410.736591678112745 ], [ 653234.250535024795681, 6861424.432569291442633 ] ] ] } },
{ "type": "Feature", "properties": { "gid": 13944, "streetname": "R DE CHARONNE", "note": null }, "geometry": { "type": "MultiLineString", "coordinates": [ [ [ 654338.107707271468826, 6861648.139620939269662 ], [ 654364.096881871111691, 6861646.920853361487389 ], [ 654393.119450323749334, 6861649.67645560670644 ] ] ] } },
{ "type": "Feature", "properties": { "gid": 13947, "streetname": "R DE CHARONNE", "note": null }, "geometry": { "type": "MultiLineString", "coordinates": [ [ [ 654305.127597630489618, 6861650.41721177380532 ], [ 654338.107707271468826, 6861648.139620939269662 ] ] ] } },
{ "type": "Feature", "properties": { "gid": 13948, "streetname": "AV LEDRU ROLLIN", "note": null }, "geometry": { "type": "MultiLineString", "coordinates": [ [ [ 654363.435496771708131, 6861805.923065641894937 ], [ 654404.349421987077221, 6861914.576442677527666 ] ] ] } },
{ "type": "Feature", "properties": { "gid": 13949, "streetname": "R KELLER", "note": null }, "geometry": { "type": "MultiLineString", "coordinates": [ [ [ 654147.498891022638418, 6861931.738276788033545 ], [ 654220.221302233636379, 6861780.129194987006485 ] ] ] } },
{ "type": "Feature", "properties": { "gid": 13950, "streetname": "R DE CHARONNE", "note": null }, "geometry": { "type": "MultiLineString", "coordinates": [ [ [ 654281.180322251748294, 6861656.618669623509049 ], [ 654305.127597630489618, 6861650.41721177380532 ] ] ] } },
{ "type": "Feature", "properties": { "gid": 13952, "streetname": "PAS BULLOURDE", "note": null }, "geometry": { "type": "MultiLineString", "coordinates": [ [ [ 654220.221302233636379, 6861780.129194987006485 ], [ 654262.385798225877807, 6861799.77386084292084 ], [ 654285.484703188412823, 6861811.579172641970217 ] ] ] } },
{ "type": "Feature", "properties": { "gid": 13953, "streetname": "PAS BULLOURDE", "note": null }, "geometry": { "type": "MultiLineString", "coordinates": [ [ [ 654285.484703188412823, 6861811.579172641970217 ], [ 654347.697905259090476, 6861837.054922743700445 ] ] ] } },
{ "type": "Feature", "properties": { "gid": 13959, "streetname": "IMP JEAN BEAUSIRE", "note": null }, "geometry": { "type": "MultiLineString", "coordinates": [ [ [ 653632.771388699882664, 6861844.071352208964527 ], [ 653633.61147423076909, 6861825.064670850522816 ] ] ] } },
{ "type": "Feature", "properties": { "gid": 13963, "streetname": "R JEAN BEAUSIRE", "note": null }, "geometry": { "type": "MultiLineString", "coordinates": [ [ [ 653636.089670177432708, 6861763.04510288964957 ], [ 653633.61147423076909, 6861825.064670850522816 ] ] ] } },
{ "type": "Feature", "properties": { "gid": 13964, "streetname": "R JEAN BEAUSIRE", "note": null }, "geometry": { "type": "MultiLineString", "coordinates": [ [ [ 653633.61147423076909, 6861825.064670850522816 ], [ 653679.63251848355867, 6861827.677447596564889 ] ] ] } },
{ "type": "Feature", "properties": { "gid": 13966, "streetname": "IMP JEAN BEAUSIRE", "note": null }, "geometry": { "type": "MultiLineString", "coordinates": [ [ [ 653631.973361623124219, 6861868.077582466416061 ], [ 653632.771388699882664, 6861844.071352208964527 ] ] ] } },
{ "type": "Feature", "properties": { "gid": 13967, "streetname": "PL DE LA BASTILLE", "note": null }, "geometry": { "type": "MultiLineString", "coordinates": [ [ [ 653734.340288196573965, 6861674.220395088195801 ], [ 653706.561596327344887, 6861700.45354494638741 ] ] ] } },
{ "type": "Feature", "properties": { "gid": 13969, "streetname": "PL DE LA BASTILLE", "note": null }, "geometry": { "type": "MultiLineString", "coordinates": [ [ [ 653706.561596327344887, 6861700.45354494638741 ], [ 653678.581001162296161, 6861702.688903599046171 ] ] ] } },
{ "type": "Feature", "properties": { "gid": 13970, "streetname": "PL DE LA BASTILLE", "note": null }, "geometry": { "type": "MultiLineString", "coordinates": [ [ [ 653734.340288196573965, 6861674.220395088195801 ], [ 653745.213081708177924, 6861659.129242992028594 ], [ 653747.04464266973082, 6861639.114269779063761 ] ] ] } },
{ "type": "Feature", "properties": { "gid": 13971, "streetname": "PL DE LA BASTILLE", "note": null }, "geometry": { "type": "MultiLineString", "coordinates": [ [ [ 653747.04464266973082, 6861639.114269779063761 ], [ 653739.877038532635197, 6861619.175013955682516 ], [ 653721.744109717896208, 6861603.327926905825734 ] ] ] } },
{ "type": "Feature", "properties": { "gid": 13973, "streetname": "R DE LA BASTILLE", "note": null }, "geometry": { "type": "MultiLineString", "coordinates": [ [ [ 653637.702544203377329, 6861717.032504683360457 ], [ 653678.581001162296161, 6861702.688903599046171 ] ] ] } },
{ "type": "Feature", "properties": { "gid": 13975, "streetname": "PAS JEAN BEAUSIRE", "note": null }, "geometry": { "type": "MultiLineString", "coordinates": [ [ [ 653636.089670177432708, 6861763.04510288964957 ], [ 653626.073763233725913, 6861761.129403646104038 ], [ 653611.117196030449122, 6861766.255119913257658 ], [ 653574.196287325466983, 6861775.565518169663846 ] ] ] } },
{ "type": "Feature", "properties": { "gid": 13976, "streetname": "PL DE LA BASTILLE", "note": null }, "geometry": { "type": "MultiLineString", "coordinates": [ [ [ 653721.744109717896208, 6861603.327926905825734 ], [ 653690.797465099603869, 6861609.588152393698692 ], [ 653653.876610308536328, 6861618.898563366383314 ] ] ] } },
{ "type": "Feature", "properties": { "gid": 13977, "streetname": "R DES TOURNELLES", "note": null }, "geometry": { "type": "MultiLineString", "coordinates": [ [ [ 653577.766944775590673, 6861724.536553451791406 ], [ 653575.62413690041285, 6861707.554940961301327 ] ] ] } },
{ "type": "Feature", "properties": { "gid": 13978, "streetname": "R DES TOURNELLES", "note": null }, "geometry": { "type": "MultiLineString", "coordinates": [ [ [ 653574.196287325466983, 6861775.565518169663846 ], [ 653577.766944775590673, 6861724.536553451791406 ] ] ] } },
{ "type": "Feature", "properties": { "gid": 13979, "streetname": "R DES TOURNELLES", "note": null }, "geometry": { "type": "MultiLineString", "coordinates": [ [ [ 653571.768526809406467, 6861843.584544885903597 ], [ 653572.457219310337678, 6861806.579506261274219 ], [ 653574.196287325466983, 6861775.565518169663846 ] ] ] } },
{ "type": "Feature", "properties": { "gid": 13981, "streetname": "R DES TOURNELLES", "note": null }, "geometry": { "type": "MultiLineString", "coordinates": [ [ [ 653574.693584642955102, 6861953.557762547396123 ], [ 653571.844228065339848, 6861852.583726231008768 ], [ 653571.768526809406467, 6861843.584544885903597 ] ] ] } },
{ "type": "Feature", "properties": { "gid": 13982, "streetname": "R SAINT-PAUL", "note": null }, "geometry": { "type": "MultiLineString", "coordinates": [ [ [ 653190.836162082385272, 6861731.790739042684436 ], [ 653204.036764266085811, 6861755.679229272529483 ] ] ] } },
{ "type": "Feature", "properties": { "gid": 13983, "streetname": "R SAINT-ANTOINE", "note": null }, "geometry": { "type": "MultiLineString", "coordinates": [ [ [ 653515.427804245031439, 6861684.061816268600523 ], [ 653522.410336464527063, 6861682.003125231713057 ] ] ] } },
{ "type": "Feature", "properties": { "gid": 13984, "streetname": "R SAINT-ANTOINE", "note": null }, "geometry": { "type": "MultiLineString", "coordinates": [ [ [ 653575.62413690041285, 6861707.554940961301327 ], [ 653566.389452061150223, 6861679.633224884048104 ], [ 653558.348135052365251, 6861674.700976143591106 ] ] ] } },
{ "type": "Feature", "properties": { "gid": 13987, "streetname": "R CHARLEMAGNE", "note": null }, "geometry": { "type": "MultiLineString", "coordinates": [ [ [ 653153.822746892459691, 6861730.102016843855381 ], [ 653187.785989359603263, 6861725.816514983773232 ] ] ] } },
{ "type": "Feature", "properties": { "gid": 13988, "streetname": "R SAINT-PAUL", "note": null }, "geometry": { "type": "MultiLineString", "coordinates": [ [ [ 653187.785989359603263, 6861725.816514983773232 ], [ 653190.836162082385272, 6861731.790739042684436 ] ] ] } },
{ "type": "Feature", "properties": { "gid": 14017, "streetname": "R JACQUES COEUR", "note": null }, "geometry": { "type": "MultiLineString", "coordinates": [ [ [ 653550.750583641813137, 6861484.769147478044033 ], [ 653575.564222791581415, 6861581.558203090913594 ] ] ] } },
{ "type": "Feature", "properties": { "gid": 14019, "streetname": "R DE LA CERISAIE", "note": null }, "geometry": { "type": "MultiLineString", "coordinates": [ [ [ 653512.855082785710692, 6861497.087635391391814 ], [ 653550.750583641813137, 6861484.769147478044033 ] ] ] } },
{ "type": "Feature", "properties": { "gid": 14020, "streetname": "R JACQUES COEUR", "note": null }, "geometry": { "type": "MultiLineString", "coordinates": [ [ [ 653575.564222791581415, 6861581.558203090913594 ], [ 653597.268829145235941, 6861665.373767357319593 ] ] ] } },
{ "type": "Feature", "properties": { "gid": 14021, "streetname": "PL DE LA BASTILLE", "note": null }, "geometry": { "type": "MultiLineString", "coordinates": [ [ [ 653665.144773767329752, 6861650.803064374253154 ], [ 653678.581001162296161, 6861702.688903599046171 ] ] ] } },
{ "type": "Feature", "properties": { "gid": 14022, "streetname": "BD BEAUMARCHAIS", "note": null }, "geometry": { "type": "MultiLineString", "coordinates": [ [ [ 653678.581001162296161, 6861702.688903599046171 ], [ 653694.840307120000944, 6861733.551455210894346 ] ] ] } },
{ "type": "Feature", "properties": { "gid": 14025, "streetname": "PL DE LA BASTILLE", "note": null }, "geometry": { "type": "MultiLineString", "coordinates": [ [ [ 653653.876610308536328, 6861618.898563366383314 ], [ 653665.144773767329752, 6861650.803064374253154 ] ] ] } },
{ "type": "Feature", "properties": { "gid": 15307, "streetname": null, "note": null }, "geometry": { "type": "MultiLineString", "coordinates": [ [ [ 654021.741461002267897, 6861603.803528141230345 ], [ 654008.557542495895177, 6861581.914969745092094 ] ] ] } }
]
}
