{
"type": "FeatureCollection",
"name": "atlas_vasserot_1810_adresses",
"crs": { "type": "name", "properties": { "name": "urn:ogc:def:crs:OGC:1.3:CRS84" } },
"features": [
{ "type": "Feature", "properties": { "id": "28801", "geo_fid": 28801, "geo_creati": 1530006285266, "geo_modifi": 1530006285266, "id_alpage": 28801, "id_num_sca": "ADO75CA_ANO590", "quartier": "Arsenal", "nom_entier": "Rue du Petit Musc", "id_parc": "PA8577", "num_voies": "17", "geox": 602098, "geoy": 128092, "oid": 1161854, "arrondissement": "Paris 4e Arrondissement" }, "geometry": { "type": "MultiPoint", "coordinates": [ [ 2.365098228788664, 48.85328549552915 ] ] } },
{ "type": "Feature", "properties": { "id": "28813", "geo_fid": 28813, "geo_creati": 1530006285266, "geo_modifi": 1530006285266, "id_alpage": 28813, "id_num_sca": "ADO75CA_ANO590", "quartier": "Arsenal", "nom_entier": "Rue Beautreillis", "id_parc": "PA8575", "num_voies": "14", "geox": 602033, "geoy": 128110, "oid": 1161866, "arrondissement": "Paris 4e Arrondissement" }, "geometry": { "type": "MultiPoint", "coordinates": [ [ 2.364215273149361, 48.853446677410822 ] ] } },
{ "type": "Feature", "properties": { "id": "28830", "geo_fid": 28830, "geo_creati": 1530006285266, "geo_modifi": 1530006285266, "id_alpage": 28830, "id_num_sca": "ADO75CA_ANO591", "quartier": "Arsenal", "nom_entier": "Rue Saint Antoine", "id_parc": "PA8604", "num_voies": "160", "geox": 601978, "geoy": 128203, "oid": 1161883, "arrondissement": "Paris 4e Arrondissement" }, "geometry": { "type": "MultiPoint", "coordinates": [ [ 2.363453949580392, 48.854280480225796 ] ] } },
{ "type": "Feature", "properties": { "id": "28831", "geo_fid": 28831, "geo_creati": 1530006285266, "geo_modifi": 1530006285266, "id_alpage": 28831, "id_num_sca": "ADO75CA_ANO591", "quartier": "Arsenal", "nom_entier": "Rue Saint Antoine", "id_parc": "PA8630", "num_voies": "158", "geox": 601971, "geoy": 128207, "oid": 1161884, "arrondissement": "Paris 4e Arrondissement" }, "geometry": { "type": "MultiPoint", "coordinates": [ [ 2.3633613030452, 48.854319170179203 ] ] } },
{ "type": "Feature", "properties": { "id": "28839", "geo_fid": 28839, "geo_creati": 1530006285266, "geo_modifi": 1530006285266, "id_alpage": 28839, "id_num_sca": "ADO75CA_ANO591", "quartier": "Arsenal", "nom_entier": "Rue Saint Antoine", "id_parc": "PA8634", "num_voies": "142", "geox": 601926, "geoy": 128233, "oid": 1161892, "arrondissement": "Paris 4e Arrondissement" }, "geometry": { "type": "MultiPoint", "coordinates": [ [ 2.362746821400077, 48.854549522891539 ] ] } },
{ "type": "Feature", "properties": { "id": "28850", "geo_fid": 28850, "geo_creati": 1530006285267, "geo_modifi": 1530006285267, "id_alpage": 28850, "id_num_sca": "ADO75CA_ANO591", "quartier": "Arsenal", "nom_entier": "Rue Saint Paul", "id_parc": "PA8616", "num_voies": "24", "geox": 601866, "geoy": 128134, "oid": 1161903, "arrondissement": "Paris 4e Arrondissement" }, "geometry": { "type": "MultiPoint", "coordinates": [ [ 2.361935543481192, 48.853667515291697 ] ] } },
{ "type": "Feature", "properties": { "id": "28861", "geo_fid": 28861, "geo_creati": 1530006285267, "geo_modifi": 1530006285267, "id_alpage": 28861, "id_num_sca": "ADO75CA_ANO591", "quartier": "Arsenal", "nom_entier": "Rue Beautreillis", "id_parc": "PA8624", "num_voies": "9", "geox": 602016, "geoy": 128092, "oid": 1161914, "arrondissement": "Paris 4e Arrondissement" }, "geometry": { "type": "MultiPoint", "coordinates": [ [ 2.363976708186374, 48.853283066012409 ] ] } },
{ "type": "Feature", "properties": { "id": "28863", "geo_fid": 28863, "geo_creati": 1530006285267, "geo_modifi": 1530006285267, "id_alpage": 28863, "id_num_sca": "ADO75CA_ANO591", "quartier": "Arsenal", "nom_entier": "Rue Beautreillis", "id_parc": "PA8650", "num_voies": "13", "geox": 602030, "geoy": 128112, "oid": 1161916, "arrondissement": "Paris 4e Arrondissement" }, "geometry": { "type": "MultiPoint", "coordinates": [ [ 2.364174402606595, 48.853467370327095 ] ] } },
{ "type": "Feature", "properties": { "id": "28907", "geo_fid": 28907, "geo_creati": 1530006285268, "geo_modifi": 1530006285268, "id_alpage": 28907, "id_num_sca": "ADO75CA_ANO592", "quartier": "Arsenal", "nom_entier": "Rue Neuve Sainte Anastase", "id_parc": "PA8394", "num_voies": "35", "geox": 601875, "geoy": 128168, "oid": 1161960, "arrondissement": "Paris 4e Arrondissement" }, "geometry": { "type": "MultiPoint", "coordinates": [ [ 2.362056978820678, 48.853972342232744 ] ] } },
{ "type": "Feature", "properties": { "id": "29098", "geo_fid": 29098, "geo_creati": 1530006285281, "geo_modifi": 1530006285281, "id_alpage": 29098, "id_num_sca": "ADO75CA_ANO598", "quartier": "Arsenal", "nom_entier": "Rue Saint Paul", "id_parc": "PA8421", "num_voies": "15", "geox": 601821, "geoy": 128084, "oid": 1162151, "arrondissement": "Paris 4e Arrondissement" }, "geometry": { "type": "MultiPoint", "coordinates": [ [ 2.361316642147115, 48.853210817276661 ] ] } },
{ "type": "Feature", "properties": { "id": "29131", "geo_fid": 29131, "geo_creati": 1530006285282, "geo_modifi": 1530006285282, "id_alpage": 29131, "id_num_sca": "ADO75CA_ANO599", "quartier": "Arsenal", "nom_entier": "Rue Gérard Bauquet", "id_parc": "PA8562", "num_voies": "2", "geox": 601930, "geoy": 127968, "oid": 1162184, "arrondissement": "Paris 4e Arrondissement" }, "geometry": { "type": "MultiPoint", "coordinates": [ [ 2.362804197031047, 48.852172733538659 ] ] } },
{ "type": "Feature", "properties": { "id": "29134", "geo_fid": 29134, "geo_creati": 1530006285282, "geo_modifi": 1530006285282, "id_alpage": 29134, "id_num_sca": "ADO75CA_ANO599", "quartier": "Arsenal", "nom_entier": "Rue du Petit Musc", "id_parc": "PA8561", "num_voies": "3", "geox": 601965, "geoy": 127958, "oid": 1162187, "arrondissement": "Paris 4e Arrondissement" }, "geometry": { "type": "MultiPoint", "coordinates": [ [ 2.363282453227618, 48.852080899616276 ] ] } },
{ "type": "Feature", "properties": { "id": "29135", "geo_fid": 29135, "geo_creati": 1530006285282, "geo_modifi": 1530006285282, "id_alpage": 29135, "id_num_sca": "ADO75CA_ANO599", "quartier": "Arsenal", "nom_entier": "Rue du Petit Musc", "id_parc": "PA8343", "num_voies": "5", "geox": 601983, "geoy": 127978, "oid": 1162188, "arrondissement": "Paris 4e Arrondissement" }, "geometry": { "type": "MultiPoint", "coordinates": [ [ 2.363529192952471, 48.852257100387028 ] ] } },
{ "type": "Feature", "properties": { "id": "29140", "geo_fid": 29140, "geo_creati": 1530006285282, "geo_modifi": 1530006285282, "id_alpage": 29140, "id_num_sca": "ADO75CA_ANO599", "quartier": "Arsenal", "nom_entier": "Rue des Lions", "id_parc": "PA8558", "num_voies": "6", "geox": 601908, "geoy": 127976, "oid": 1162193, "arrondissement": "Paris 4e Arrondissement" }, "geometry": { "type": "MultiPoint", "coordinates": [ [ 2.362498991447102, 48.852245642562238 ] ] } },
{ "type": "Feature", "properties": { "id": "29145", "geo_fid": 29145, "geo_creati": 1530006285282, "geo_modifi": 1530006285282, "id_alpage": 29145, "id_num_sca": "ADO75CA_ANO599", "quartier": "Arsenal", "nom_entier": "Rue des Lions", "id_parc": "PA8543", "num_voies": "16", "geox": 601842, "geoy": 128028, "oid": 1162198, "arrondissement": "Paris 4e Arrondissement" }, "geometry": { "type": "MultiPoint", "coordinates": [ [ 2.36161210464299, 48.852706262829628 ] ] } },
{ "type": "Feature", "properties": { "id": "28739", "geo_fid": 28739, "geo_creati": 1530006285254, "geo_modifi": 1530006285254, "id_alpage": 28739, "id_num_sca": "ADO75CA_ANO586", "quartier": "Arsenal", "nom_entier": null, "id_parc": "PA8327", "num_voies": "1", "geox": 602198, "geoy": 127927, "oid": 1161792, "arrondissement": "Paris 4e Arrondissement" }, "geometry": { "type": "MultiPoint", "coordinates": [ [ 2.366450536125672, 48.851797761093742 ] ] } },
{ "type": "Feature", "properties": { "id": "28740", "geo_fid": 28740, "geo_creati": 1530006285254, "geo_modifi": 1530006285254, "id_alpage": 28740, "id_num_sca": "ADO75CA_ANO587", "quartier": "Arsenal", "nom_entier": null, "id_parc": "PA8711", "num_voies": "1", "geox": 602221, "geoy": 127930, "oid": 1161793, "arrondissement": "Paris 4e Arrondissement" }, "geometry": { "type": "MultiPoint", "coordinates": [ [ 2.366768058716191, 48.851828254624749 ] ] } },
{ "type": "Feature", "properties": { "id": "28744", "geo_fid": 28744, "geo_creati": 1530006285254, "geo_modifi": 1530006285254, "id_alpage": 28744, "id_num_sca": "ADO75CA_ANO587", "quartier": "Arsenal", "nom_entier": "Boulevard Bourdon", "id_parc": "PA8715", "num_voies": "10", "geox": 602291, "geoy": 127985, "oid": 1161797, "arrondissement": "Paris 4e Arrondissement" }, "geometry": { "type": "MultiPoint", "coordinates": [ [ 2.367723601315725, 48.852322603085888 ] ] } },
{ "type": "Feature", "properties": { "id": "28746", "geo_fid": 28746, "geo_creati": 1530006285254, "geo_modifi": 1530006285254, "id_alpage": 28746, "id_num_sca": "ADO75CA_ANO587", "quartier": "Arsenal", "nom_entier": "Boulevard Bourdon", "id_parc": "PA8716", "num_voies": "6", "geox": 602300, "geoy": 128016, "oid": 1161799, "arrondissement": "Paris 4e Arrondissement" }, "geometry": { "type": "MultiPoint", "coordinates": [ [ 2.367851864640395, 48.852598645327284 ] ] } },
{ "type": "Feature", "properties": { "id": "28759", "geo_fid": 28759, "geo_creati": 1530006285254, "geo_modifi": 1530006285254, "id_alpage": 28759, "id_num_sca": "ADO75CA_ANO587", "quartier": "Arsenal", "nom_entier": "Rue de Lesdiguières", "id_parc": "PA8699", "num_voies": "2", "geox": 602203, "geoy": 127939, "oid": 1161812, "arrondissement": "Paris 4e Arrondissement" }, "geometry": { "type": "MultiPoint", "coordinates": [ [ 2.366529637284528, 48.851909250572582 ] ] } },
{ "type": "Feature", "properties": { "id": "28771", "geo_fid": 28771, "geo_creati": 1530006285255, "geo_modifi": 1530006285255, "id_alpage": 28771, "id_num_sca": "ADO75CA_ANO588", "quartier": "Arsenal", "nom_entier": "Rue de la Cerisaie", "id_parc": "PA8329", "num_voies": "4", "geox": 602179, "geoy": 127939, "oid": 1161824, "arrondissement": "Paris 4e Arrondissement" }, "geometry": { "type": "MultiPoint", "coordinates": [ [ 2.366199865381428, 48.851904838382239 ] ] } },
{ "type": "Feature", "properties": { "id": "28785", "geo_fid": 28785, "geo_creati": 1530006285255, "geo_modifi": 1530006285255, "id_alpage": 28785, "id_num_sca": "ADO75CA_ANO589", "quartier": "Arsenal", "nom_entier": "Rue du Petit Musc", "id_parc": "PA8602", "num_voies": "18", "geox": 602119, "geoy": 128110, "oid": 1161838, "arrondissement": "Paris 4e Arrondissement" }, "geometry": { "type": "MultiPoint", "coordinates": [ [ 2.36538312807291, 48.853445496078017 ] ] } },
{ "type": "Feature", "properties": { "id": "28786", "geo_fid": 28786, "geo_creati": 1530006285255, "geo_modifi": 1530006285255, "id_alpage": 28786, "id_num_sca": "ADO75CA_ANO589", "quartier": "Arsenal", "nom_entier": "Rue Saint Antoine", "id_parc": "PA8602", "num_voies": "212", "geox": 602149, "geoy": 128124, "oid": 1161839, "arrondissement": "Paris 4e Arrondissement" }, "geometry": { "type": "MultiPoint", "coordinates": [ [ 2.365790654693047, 48.853570393683391 ] ] } },
{ "type": "Feature", "properties": { "id": "28793", "geo_fid": 28793, "geo_creati": 1530006285255, "geo_modifi": 1530006285255, "id_alpage": 28793, "id_num_sca": "ADO75CA_ANO590", "quartier": "Arsenal", "nom_entier": "Rue Saint Antoine", "id_parc": "PA8582", "num_voies": "200", "geox": 602097, "geoy": 128140, "oid": 1161846, "arrondissement": "Paris 4e Arrondissement" }, "geometry": { "type": "MultiPoint", "coordinates": [ [ 2.365087565899509, 48.853711753176441 ] ] } },
{ "type": "Feature", "properties": { "id": "29056", "geo_fid": 29056, "geo_creati": 1530006285280, "geo_modifi": 1530006285280, "id_alpage": 29056, "id_num_sca": "ADO75CA_ANO597", "quartier": "Arsenal", "nom_entier": "Rue des Barrées", "id_parc": "PA8521", "num_voies": "1", "geox": 601759, "geoy": 128019, "oid": 1162109, "arrondissement": "Paris 4e Arrondissement" }, "geometry": { "type": "MultiPoint", "coordinates": [ [ 2.360481023009951, 48.852628262156166 ] ] } },
{ "type": "Feature", "properties": { "id": "29091", "geo_fid": 29091, "geo_creati": 1530006285281, "geo_modifi": 1530006285281, "id_alpage": 29091, "id_num_sca": "ADO75CA_ANO598", "quartier": "Arsenal", "nom_entier": "Rue Saint Paul", "id_parc": "PA8412", "num_voies": "29", "geox": 601859, "geoy": 128140, "oid": 1162144, "arrondissement": "Paris 4e Arrondissement" }, "geometry": { "type": "MultiPoint", "coordinates": [ [ 2.36184562726982, 48.853716095418434 ] ] } },
{ "type": "Feature", "properties": { "id": "29092", "geo_fid": 29092, "geo_creati": 1530006285281, "geo_modifi": 1530006285281, "id_alpage": 29092, "id_num_sca": "ADO75CA_ANO598", "quartier": "Arsenal", "nom_entier": "Rue Saint Paul", "id_parc": "PA8413", "num_voies": "27", "geox": 601854, "geoy": 128131, "oid": 1162145, "arrondissement": "Paris 4e Arrondissement" }, "geometry": { "type": "MultiPoint", "coordinates": [ [ 2.361777450230324, 48.853634276327156 ] ] } },
{ "type": "Feature", "properties": { "id": "28711", "geo_fid": 28711, "geo_creati": 1530006285254, "geo_modifi": 1530006285254, "id_alpage": 28711, "id_num_sca": "ADO75CA_ANO586", "quartier": "Arsenal", "nom_entier": "Quai de Sully", "id_parc": "PA8681", "num_voies": "12bis", "geox": 602075, "geoy": 127707, "oid": 1161764, "arrondissement": "Paris 4e Arrondissement" }, "geometry": { "type": "MultiPoint", "coordinates": [ [ 2.364774706746386, 48.849820678240064 ] ] } },
{ "type": "Feature", "properties": { "id": "28720", "geo_fid": 28720, "geo_creati": 1530006285254, "geo_modifi": 1530006285254, "id_alpage": 28720, "id_num_sca": "ADO75CA_ANO586", "quartier": "Arsenal", "nom_entier": "Rue du Petit Musc", "id_parc": "PA8673", "num_voies": "8", "geox": 602018, "geoy": 128001, "oid": 1161773, "arrondissement": "Paris 4e Arrondissement" }, "geometry": { "type": "MultiPoint", "coordinates": [ [ 2.363999436648591, 48.852470118589146 ] ] } },
{ "type": "Feature", "properties": { "id": "28731", "geo_fid": 28731, "geo_creati": 1530006285254, "geo_modifi": 1530006285254, "id_alpage": 28731, "id_num_sca": "ADO75CA_ANO586", "quartier": "Arsenal", "nom_entier": "Rue de la Cerisaie", "id_parc": "PA8660", "num_voies": "17", "geox": 602125, "geoy": 127957, "oid": 1161784, "arrondissement": "Paris 4e Arrondissement" }, "geometry": { "type": "MultiPoint", "coordinates": [ [ 2.36546819662901, 48.852066890731393 ] ] } },
{ "type": "Feature", "properties": { "id": "28748", "geo_fid": 28748, "geo_creati": 1530006285254, "geo_modifi": 1530006285254, "id_alpage": 28748, "id_num_sca": "ADO75CA_ANO587", "quartier": "Arsenal", "nom_entier": "Boulevard Bourdon", "id_parc": "PA8328", "num_voies": "2", "geox": 602312, "geoy": 128055, "oid": 1161801, "arrondissement": "Paris 4e Arrondissement" }, "geometry": { "type": "MultiPoint", "coordinates": [ [ 2.368004704366044, 48.852949320400121 ] ] } },
{ "type": "Feature", "properties": { "id": "28755", "geo_fid": 28755, "geo_creati": 1530006285254, "geo_modifi": 1530006285254, "id_alpage": 28755, "id_num_sca": "ADO75CA_ANO587", "quartier": "Arsenal", "nom_entier": "Rue de Lesdiguières", "id_parc": "PA8704", "num_voies": "10", "geox": 602226, "geoy": 128024, "oid": 1161808, "arrondissement": "Paris 4e Arrondissement" }, "geometry": { "type": "MultiPoint", "coordinates": [ [ 2.366836695661395, 48.852672653467188 ] ] } },
{ "type": "Feature", "properties": { "id": "28766", "geo_fid": 28766, "geo_creati": 1530006285255, "geo_modifi": 1530006285255, "id_alpage": 28766, "id_num_sca": "ADO75CA_ANO588", "quartier": "Arsenal", "nom_entier": "Rue de Lesdiguières", "id_parc": "PA8693", "num_voies": "9", "geox": 602227, "geoy": 128047, "oid": 1161819, "arrondissement": "Paris 4e Arrondissement" }, "geometry": { "type": "MultiPoint", "coordinates": [ [ 2.366857258954361, 48.852878581474933 ] ] } },
{ "type": "Feature", "properties": { "id": "28770", "geo_fid": 28770, "geo_creati": 1530006285255, "geo_modifi": 1530006285255, "id_alpage": 28770, "id_num_sca": "ADO75CA_ANO588", "quartier": "Arsenal", "nom_entier": "Rue de Lesdiguières", "id_parc": "PA8695", "num_voies": "1", "geox": 602210, "geoy": 127976, "oid": 1161823, "arrondissement": "Paris 4e Arrondissement" }, "geometry": { "type": "MultiPoint", "coordinates": [ [ 2.366614319773887, 48.852241060255999 ] ] } },
{ "type": "Feature", "properties": { "id": "28794", "geo_fid": 28794, "geo_creati": 1530006285255, "geo_modifi": 1530006285255, "id_alpage": 28794, "id_num_sca": "ADO75CA_ANO590", "quartier": "Arsenal", "nom_entier": "Rue Saint Antoine", "id_parc": "PA8588", "num_voies": "202", "geox": 602103, "geoy": 128137, "oid": 1161847, "arrondissement": "Paris 4e Arrondissement" }, "geometry": { "type": "MultiPoint", "coordinates": [ [ 2.365166592754219, 48.853691050601256 ] ] } },
{ "type": "Feature", "properties": { "id": "28825", "geo_fid": 28825, "geo_creati": 1530006285266, "geo_modifi": 1530006285266, "id_alpage": 28825, "id_num_sca": "ADO75CA_ANO591", "quartier": "Arsenal", "nom_entier": "Rue Saint Antoine", "id_parc": "PA8642", "num_voies": "170", "geox": 602011, "geoy": 128184, "oid": 1161878, "arrondissement": "Paris 4e Arrondissement" }, "geometry": { "type": "MultiPoint", "coordinates": [ [ 2.363910378447153, 48.854109512727895 ] ] } },
{ "type": "Feature", "properties": { "id": "29115", "geo_fid": 29115, "geo_creati": 1530006285281, "geo_modifi": 1530006285281, "id_alpage": 29115, "id_num_sca": "ADO75CA_ANO599", "quartier": "Arsenal", "nom_entier": "Rue Neuve Saint Paul", "id_parc": "PA8546", "num_voies": "19", "geox": 601872, "geoy": 128087, "oid": 1162168, "arrondissement": "Paris 4e Arrondissement" }, "geometry": { "type": "MultiPoint", "coordinates": [ [ 2.362022545674685, 48.853241241389924 ] ] } },
{ "type": "Feature", "properties": { "id": "29122", "geo_fid": 29122, "geo_creati": 1530006285281, "geo_modifi": 1530006285281, "id_alpage": 29122, "id_num_sca": "ADO75CA_ANO599", "quartier": "Arsenal", "nom_entier": "Rue Neuve Saint Paul", "id_parc": "PA8555", "num_voies": "5", "geox": 601928, "geoy": 128047, "oid": 1162175, "arrondissement": "Paris 4e Arrondissement" }, "geometry": { "type": "MultiPoint", "coordinates": [ [ 2.362771855651052, 48.85287956874329 ] ] } },
{ "type": "Feature", "properties": { "id": "29124", "geo_fid": 29124, "geo_creati": 1530006285281, "geo_modifi": 1530006285281, "id_alpage": 29124, "id_num_sca": "ADO75CA_ANO599", "quartier": "Arsenal", "nom_entier": "Rue Neuve Saint Paul", "id_parc": "PA8556", "num_voies": "1", "geox": 601949, "geoy": 128031, "oid": 1162177, "arrondissement": "Paris 4e Arrondissement" }, "geometry": { "type": "MultiPoint", "coordinates": [ [ 2.363057949906954, 48.852735620810464 ] ] } },
{ "type": "Feature", "properties": { "id": "29126", "geo_fid": 29126, "geo_creati": 1530006285281, "geo_modifi": 1530006285281, "id_alpage": 29126, "id_num_sca": "ADO75CA_ANO599", "quartier": "Arsenal", "nom_entier": "Rue Gérard Bauquet", "id_parc": "PA8560", "num_voies": "5", "geox": 601944, "geoy": 127993, "oid": 1162179, "arrondissement": "Paris 4e Arrondissement" }, "geometry": { "type": "MultiPoint", "coordinates": [ [ 2.362992364330465, 48.852396610005272 ] ] } },
{ "type": "Feature", "properties": { "id": "29129", "geo_fid": 29129, "geo_creati": 1530006285281, "geo_modifi": 1530006285281, "id_alpage": 29129, "id_num_sca": "ADO75CA_ANO599", "quartier": "Arsenal", "nom_entier": "Rue Gérard Bauquet", "id_parc": "PA8343", "num_voies": "6", "geox": 601952, "geoy": 127997, "oid": 1162182, "arrondissement": "Paris 4e Arrondissement" }, "geometry": { "type": "MultiPoint", "coordinates": [ [ 2.36310139969674, 48.852434354776953 ] ] } },
{ "type": "Feature", "properties": { "id": "29142", "geo_fid": 29142, "geo_creati": 1530006285282, "geo_modifi": 1530006285282, "id_alpage": 29142, "id_num_sca": "ADO75CA_ANO599", "quartier": "Arsenal", "nom_entier": "Rue des Lions", "id_parc": "PA8553", "num_voies": "10", "geox": 601885, "geoy": 127994, "oid": 1162195, "arrondissement": "Paris 4e Arrondissement" }, "geometry": { "type": "MultiPoint", "coordinates": [ [ 2.362191104736344, 48.85240847857748 ] ] } },
{ "type": "Feature", "properties": { "id": "29144", "geo_fid": 29144, "geo_creati": 1530006285282, "geo_modifi": 1530006285282, "id_alpage": 29144, "id_num_sca": "ADO75CA_ANO599", "quartier": "Arsenal", "nom_entier": "Rue des Lions", "id_parc": "PA8542", "num_voies": "14", "geox": 601859, "geoy": 128015, "oid": 1162197, "arrondissement": "Paris 4e Arrondissement" }, "geometry": { "type": "MultiPoint", "coordinates": [ [ 2.361842344770082, 48.852591106572028 ] ] } },
{ "type": "Feature", "properties": { "id": "29148", "geo_fid": 29148, "geo_creati": 1530006285282, "geo_modifi": 1530006285282, "id_alpage": 29148, "id_num_sca": "ADO75CA_ANO600", "quartier": "Arsenal", "nom_entier": "Rue des Lions", "id_parc": "PA8529", "num_voies": "9", "geox": 601877, "geoy": 127998, "oid": 1162201, "arrondissement": "Paris 4e Arrondissement" }, "geometry": { "type": "MultiPoint", "coordinates": [ [ 2.362087555077219, 48.852439076430315 ] ] } },
{ "type": "Feature", "properties": { "id": "29150", "geo_fid": 29150, "geo_creati": 1530006285282, "geo_modifi": 1530006285282, "id_alpage": 29150, "id_num_sca": "ADO75CA_ANO600", "quartier": "Arsenal", "nom_entier": "Rue des Lions", "id_parc": "PA8531", "num_voies": "5", "geox": 601904, "geoy": 127975, "oid": 1162203, "arrondissement": "Paris 4e Arrondissement" }, "geometry": { "type": "MultiPoint", "coordinates": [ [ 2.362454015758725, 48.852232163426955 ] ] } },
{ "type": "Feature", "properties": { "id": "29161", "geo_fid": 29161, "geo_creati": 1530006285282, "geo_modifi": 1530006285282, "id_alpage": 29161, "id_num_sca": "ADO75CA_ANO600", "quartier": "Arsenal", "nom_entier": "Quai des Célestins", "id_parc": "PA8525", "num_voies": "26", "geox": 601792, "geoy": 127985, "oid": 1162214, "arrondissement": "Paris 4e Arrondissement" }, "geometry": { "type": "MultiPoint", "coordinates": [ [ 2.360930567839914, 48.852319719328918 ] ] } },
{ "type": "Feature", "properties": { "id": "29162", "geo_fid": 29162, "geo_creati": 1530006285282, "geo_modifi": 1530006285282, "id_alpage": 29162, "id_num_sca": "ADO75CA_ANO600", "quartier": "Arsenal", "nom_entier": "Quai des Célestins", "id_parc": "PA8524", "num_voies": "28", "geox": 601786, "geoy": 127991, "oid": 1162215, "arrondissement": "Paris 4e Arrondissement" }, "geometry": { "type": "MultiPoint", "coordinates": [ [ 2.360847469552802, 48.8523745921581 ] ] } },
{ "type": "Feature", "properties": { "id": "29101", "geo_fid": 29101, "geo_creati": 1530006285281, "geo_modifi": 1530006285281, "id_alpage": 29101, "id_num_sca": "ADO75CA_ANO598", "quartier": "Arsenal", "nom_entier": "Rue Saint Paul", "id_parc": "PA8432", "num_voies": "9", "geox": 601806, "geoy": 128061, "oid": 1162154, "arrondissement": "Paris 4e Arrondissement" }, "geometry": { "type": "MultiPoint", "coordinates": [ [ 2.361116223108978, 48.853004026782308 ] ] } },
{ "type": "Feature", "properties": { "id": "29130", "geo_fid": 29130, "geo_creati": 1530006285282, "geo_modifi": 1530006285282, "id_alpage": 29130, "id_num_sca": "ADO75CA_ANO599", "quartier": "Arsenal", "nom_entier": "Rue Gérard Bauquet", "id_parc": "PA8561", "num_voies": "4", "geox": 601937, "geoy": 127977, "oid": 1162183, "arrondissement": "Paris 4e Arrondissement" }, "geometry": { "type": "MultiPoint", "coordinates": [ [ 2.362898264448701, 48.852253646922826 ] ] } },
{ "type": "Feature", "properties": { "id": "29139", "geo_fid": 29139, "geo_creati": 1530006285282, "geo_modifi": 1530006285282, "id_alpage": 29139, "id_num_sca": "ADO75CA_ANO599", "quartier": "Arsenal", "nom_entier": "Rue des Lions", "id_parc": "PA8342", "num_voies": "4", "geox": 601917, "geoy": 127969, "oid": 1162192, "arrondissement": "Paris 4e Arrondissement" }, "geometry": { "type": "MultiPoint", "coordinates": [ [ 2.362628411829241, 48.852176369877519 ] ] } },
{ "type": "Feature", "properties": { "id": "28710", "geo_fid": 28710, "geo_creati": 1530006285254, "geo_modifi": 1530006285254, "id_alpage": 28710, "id_num_sca": "ADO75CA_ANO586", "quartier": "Arsenal", "nom_entier": "Quai de Sully", "id_parc": "PA8679", "num_voies": "14", "geox": 602076, "geoy": 127693, "oid": 1161763, "arrondissement": "Paris 4e Arrondissement" }, "geometry": { "type": "MultiPoint", "coordinates": [ [ 2.364796440442196, 48.849697472705451 ] ] } },
{ "type": "Feature", "properties": { "id": "28728", "geo_fid": 28728, "geo_creati": 1530006285254, "geo_modifi": 1530006285254, "id_alpage": 28728, "id_num_sca": "ADO75CA_ANO586", "quartier": "Arsenal", "nom_entier": "Rue de la Cerisaie", "id_parc": "PA8667", "num_voies": "23", "geox": 602102, "geoy": 127967, "oid": 1161781, "arrondissement": "Paris 4e Arrondissement" }, "geometry": { "type": "MultiPoint", "coordinates": [ [ 2.365145291244684, 48.852158695923606 ] ] } },
{ "type": "Feature", "properties": { "id": "28721", "geo_fid": 28721, "geo_creati": 1530006285254, "geo_modifi": 1530006285254, "id_alpage": 28721, "id_num_sca": "ADO75CA_ANO586", "quartier": "Arsenal", "nom_entier": "Rue de la Cerisaie", "id_parc": "PA8676", "num_voies": "37", "geox": 602038, "geoy": 128008, "oid": 1161774, "arrondissement": "Paris 4e Arrondissement" }, "geometry": { "type": "MultiPoint", "coordinates": [ [ 2.364277458431236, 48.852527606471135 ] ] } },
{ "type": "Feature", "properties": { "id": "28727", "geo_fid": 28727, "geo_creati": 1530006285254, "geo_modifi": 1530006285254, "id_alpage": 28727, "id_num_sca": "ADO75CA_ANO586", "quartier": "Arsenal", "nom_entier": "Rue de la Cerisaie", "id_parc": "PA8668", "num_voies": "25", "geox": 602095, "geoy": 127971, "oid": 1161780, "arrondissement": "Paris 4e Arrondissement" }, "geometry": { "type": "MultiPoint", "coordinates": [ [ 2.365048563415876, 48.852200086060321 ] ] } },
{ "type": "Feature", "properties": { "id": "28754", "geo_fid": 28754, "geo_creati": 1530006285254, "geo_modifi": 1530006285254, "id_alpage": 28754, "id_num_sca": "ADO75CA_ANO587", "quartier": "Arsenal", "nom_entier": "Rue de Lesdiguières", "id_parc": "PA8705", "num_voies": "12", "geox": 602233, "geoy": 128050, "oid": 1161807, "arrondissement": "Paris 4e Arrondissement" }, "geometry": { "type": "MultiPoint", "coordinates": [ [ 2.366933585197145, 48.852902841989668 ] ] } },
{ "type": "Feature", "properties": { "id": "28833", "geo_fid": 28833, "geo_creati": 1530006285266, "geo_modifi": 1530006285266, "id_alpage": 28833, "id_num_sca": "ADO75CA_ANO591", "quartier": "Arsenal", "nom_entier": "Rue Saint Antoine", "id_parc": "PA8640", "num_voies": "154", "geox": 601951, "geoy": 128218, "oid": 1161886, "arrondissement": "Paris 4e Arrondissement" }, "geometry": { "type": "MultiPoint", "coordinates": [ [ 2.363086080126894, 48.854419951344724 ] ] } },
{ "type": "Feature", "properties": { "id": "28842", "geo_fid": 28842, "geo_creati": 1530006285266, "geo_modifi": 1530006285266, "id_alpage": 28842, "id_num_sca": "ADO75CA_ANO591", "quartier": "Arsenal", "nom_entier": "Rue Saint Paul", "id_parc": "PA8631", "num_voies": "40", "geox": 601902, "geoy": 128203, "oid": 1161895, "arrondissement": "Paris 4e Arrondissement" }, "geometry": { "type": "MultiPoint", "coordinates": [ [ 2.362426438502899, 48.854282510201877 ] ] } },
{ "type": "Feature", "properties": { "id": "28844", "geo_fid": 28844, "geo_creati": 1530006285266, "geo_modifi": 1530006285266, "id_alpage": 28844, "id_num_sca": "ADO75CA_ANO591", "quartier": "Arsenal", "nom_entier": "Rue Saint Paul", "id_parc": "PA8609", "num_voies": "36", "geox": 601891, "geoy": 128184, "oid": 1161897, "arrondissement": "Paris 4e Arrondissement" }, "geometry": { "type": "MultiPoint", "coordinates": [ [ 2.362281902456028, 48.854114378104534 ] ] } },
{ "type": "Feature", "properties": { "id": "28855", "geo_fid": 28855, "geo_creati": 1530006285267, "geo_modifi": 1530006285267, "id_alpage": 28855, "id_num_sca": "ADO75CA_ANO591", "quartier": "Arsenal", "nom_entier": "Rue Neuve Saint Paul", "id_parc": "PA8332", "num_voies": "4", "geox": 601918, "geoy": 128061, "oid": 1161908, "arrondissement": "Paris 4e Arrondissement" }, "geometry": { "type": "MultiPoint", "coordinates": [ [ 2.362642462142039, 48.853004596463244 ] ] } },
{ "type": "Feature", "properties": { "id": "28862", "geo_fid": 28862, "geo_creati": 1530006285267, "geo_modifi": 1530006285267, "id_alpage": 28862, "id_num_sca": "ADO75CA_ANO591", "quartier": "Arsenal", "nom_entier": "Rue Beautreillis", "id_parc": "PA8626", "num_voies": "11", "geox": 602022, "geoy": 128101, "oid": 1161915, "arrondissement": "Paris 4e Arrondissement" }, "geometry": { "type": "MultiPoint", "coordinates": [ [ 2.364059877829598, 48.853363980995454 ] ] } },
{ "type": "Feature", "properties": { "id": "28912", "geo_fid": 28912, "geo_creati": 1530006285268, "geo_modifi": 1530006285268, "id_alpage": 28912, "id_num_sca": "ADO75CA_ANO592", "quartier": "Arsenal", "nom_entier": "Passage Saint Louis", "id_parc": "PA8392", "num_voies": "45", "geox": 601895, "geoy": 128202, "oid": 1161965, "arrondissement": "Paris 4e Arrondissement" }, "geometry": { "type": "MultiPoint", "coordinates": [ [ 2.36232422967502, 48.854277137083777 ] ] } },
{ "type": "Feature", "properties": { "id": "28914", "geo_fid": 28914, "geo_creati": 1530006285268, "geo_modifi": 1530006285268, "id_alpage": 28914, "id_num_sca": "ADO75CA_ANO592", "quartier": "Arsenal", "nom_entier": "Rue Saint Paul", "id_parc": "PA8382", "num_voies": "49", "geox": 601899, "geoy": 128210, "oid": 1161967, "arrondissement": "Paris 4e Arrondissement" }, "geometry": { "type": "MultiPoint", "coordinates": [ [ 2.362389677988471, 48.854349064456791 ] ] } },
{ "type": "Feature", "properties": { "id": "28917", "geo_fid": 28917, "geo_creati": 1530006285268, "geo_modifi": 1530006285268, "id_alpage": 28917, "id_num_sca": "ADO75CA_ANO592", "quartier": "Arsenal", "nom_entier": "Rue Saint Paul", "id_parc": "PA8388", "num_voies": "55", "geox": 601909, "geoy": 128226, "oid": 1161970, "arrondissement": "Paris 4e Arrondissement" }, "geometry": { "type": "MultiPoint", "coordinates": [ [ 2.362515122338371, 48.854489323209549 ] ] } },
{ "type": "Feature", "properties": { "id": "28719", "geo_fid": 28719, "geo_creati": 1530006285254, "geo_modifi": 1530006285254, "id_alpage": 28719, "id_num_sca": "ADO75CA_ANO586", "quartier": "Arsenal", "nom_entier": "Rue du Petit Musc", "id_parc": "PA8673", "num_voies": "6", "geox": 602012, "geoy": 127996, "oid": 1161772, "arrondissement": "Paris 4e Arrondissement" }, "geometry": { "type": "MultiPoint", "coordinates": [ [ 2.363919009924047, 48.852418878905944 ] ] } },
{ "type": "Feature", "properties": { "id": "28725", "geo_fid": 28725, "geo_creati": 1530006285254, "geo_modifi": 1530006285254, "id_alpage": 28725, "id_num_sca": "ADO75CA_ANO586", "quartier": "Arsenal", "nom_entier": "Rue de la Cerisaie", "id_parc": "PA8670", "num_voies": "29", "geox": 602080, "geoy": 127980, "oid": 1161778, "arrondissement": "Paris 4e Arrondissement" }, "geometry": { "type": "MultiPoint", "coordinates": [ [ 2.364848292809759, 48.852281069192593 ] ] } },
{ "type": "Feature", "properties": { "id": "28736", "geo_fid": 28736, "geo_creati": 1530006285254, "geo_modifi": 1530006285254, "id_alpage": 28736, "id_num_sca": "ADO75CA_ANO586", "quartier": "Arsenal", "nom_entier": "Rue de la Cerisaie", "id_parc": "PA8662", "num_voies": "7", "geox": 602158, "geoy": 127943, "oid": 1161789, "arrondissement": "Paris 4e Arrondissement" }, "geometry": { "type": "MultiPoint", "coordinates": [ [ 2.365915088013057, 48.851945377552163 ] ] } },
{ "type": "Feature", "properties": { "id": "28738", "geo_fid": 28738, "geo_creati": 1530006285254, "geo_modifi": 1530006285254, "id_alpage": 28738, "id_num_sca": "ADO75CA_ANO586", "quartier": "Arsenal", "nom_entier": "Rue de la Cerisaie", "id_parc": "PA8658", "num_voies": "3", "geox": 602184, "geoy": 127932, "oid": 1161791, "arrondissement": "Paris 4e Arrondissement" }, "geometry": { "type": "MultiPoint", "coordinates": [ [ 2.36627205447519, 48.851848165888299 ] ] } },
{ "type": "Feature", "properties": { "id": "28741", "geo_fid": 28741, "geo_creati": 1530006285254, "geo_modifi": 1530006285254, "id_alpage": 28741, "id_num_sca": "ADO75CA_ANO587", "quartier": "Arsenal", "nom_entier": null, "id_parc": "PA8709", "num_voies": "3", "geox": 602236, "geoy": 127927, "oid": 1161794, "arrondissement": "Paris 4e Arrondissement" }, "geometry": { "type": "MultiPoint", "coordinates": [ [ 2.36698198183501, 48.851798523083701 ] ] } },
{ "type": "Feature", "properties": { "id": "28750", "geo_fid": 28750, "geo_creati": 1530006285254, "geo_modifi": 1530006285254, "id_alpage": 28750, "id_num_sca": "ADO75CA_ANO587", "quartier": "Arsenal", "nom_entier": null, "id_parc": "PA8702", "num_voies": "230", "geox": 602256, "geoy": 128096, "oid": 1161803, "arrondissement": "Paris 4e Arrondissement" }, "geometry": { "type": "MultiPoint", "coordinates": [ [ 2.367255435747133, 48.853318221564273 ] ] } },
{ "type": "Feature", "properties": { "id": "28751", "geo_fid": 28751, "geo_creati": 1530006285254, "geo_modifi": 1530006285254, "id_alpage": 28751, "id_num_sca": "ADO75CA_ANO587", "quartier": "Arsenal", "nom_entier": "Rue de Lesdiguières", "id_parc": "PA8702", "num_voies": "18", "geox": 602243, "geoy": 128090, "oid": 1161804, "arrondissement": "Paris 4e Arrondissement" }, "geometry": { "type": "MultiPoint", "coordinates": [ [ 2.367074161921767, 48.853265212038487 ] ] } },
{ "type": "Feature", "properties": { "id": "28752", "geo_fid": 28752, "geo_creati": 1530006285254, "geo_modifi": 1530006285254, "id_alpage": 28752, "id_num_sca": "ADO75CA_ANO587", "quartier": "Arsenal", "nom_entier": "Rue de Lesdiguières", "id_parc": "PA8703", "num_voies": "16", "geox": 602241, "geoy": 128080, "oid": 1161805, "arrondissement": "Paris 4e Arrondissement" }, "geometry": { "type": "MultiPoint", "coordinates": [ [ 2.367041403248192, 48.853176192645662 ] ] } },
{ "type": "Feature", "properties": { "id": "28775", "geo_fid": 28775, "geo_creati": 1530006285255, "geo_modifi": 1530006285255, "id_alpage": 28775, "id_num_sca": "ADO75CA_ANO589", "quartier": "Arsenal", "nom_entier": "Rue de la Cerisaie", "id_parc": "PA8597", "num_voies": "6", "geox": 602130, "geoy": 127959, "oid": 1161828, "arrondissement": "Paris 4e Arrondissement" }, "geometry": { "type": "MultiPoint", "coordinates": [ [ 2.365526806004439, 48.852091156567148 ] ] } },
{ "type": "Feature", "properties": { "id": "28782", "geo_fid": 28782, "geo_creati": 1530006285255, "geo_modifi": 1530006285255, "id_alpage": 28782, "id_num_sca": "ADO75CA_ANO589", "quartier": "Arsenal", "nom_entier": "Rue du Petit Musc", "id_parc": "PA8595", "num_voies": "12", "geox": 602066, "geoy": 128055, "oid": 1161835, "arrondissement": "Paris 4e Arrondissement" }, "geometry": { "type": "MultiPoint", "coordinates": [ [ 2.364655159497093, 48.852950174296105 ] ] } },
{ "type": "Feature", "properties": { "id": "28787", "geo_fid": 28787, "geo_creati": 1530006285255, "geo_modifi": 1530006285255, "id_alpage": 28787, "id_num_sca": "ADO75CA_ANO589", "quartier": "Arsenal", "nom_entier": "Rue Saint Antoine", "id_parc": "PA8600", "num_voies": "214", "geox": 602169, "geoy": 128115, "oid": 1161840, "arrondissement": "Paris 4e Arrondissement" }, "geometry": { "type": "MultiPoint", "coordinates": [ [ 2.36606587994679, 48.8534911885315 ] ] } },
{ "type": "Feature", "properties": { "id": "28800", "geo_fid": 28800, "geo_creati": 1530006285255, "geo_modifi": 1530006285255, "id_alpage": 28800, "id_num_sca": "ADO75CA_ANO590", "quartier": "Arsenal", "nom_entier": "Rue du Petit Musc", "id_parc": "PA8586", "num_voies": "19", "geox": 602108, "geoy": 128103, "oid": 1161853, "arrondissement": "Paris 4e Arrondissement" }, "geometry": { "type": "MultiPoint", "coordinates": [ [ 2.365229106706882, 48.85338618199291 ] ] } },
{ "type": "Feature", "properties": { "id": "28804", "geo_fid": 28804, "geo_creati": 1530006285266, "geo_modifi": 1530006285266, "id_alpage": 28804, "id_num_sca": "ADO75CA_ANO590", "quartier": "Arsenal", "nom_entier": "Rue du Petit Musc", "id_parc": "PA8565", "num_voies": "11", "geox": 602035, "geoy": 128028, "oid": 1161857, "arrondissement": "Paris 4e Arrondissement" }, "geometry": { "type": "MultiPoint", "coordinates": [ [ 2.364236677099704, 48.852711067661225 ] ] } },
{ "type": "Feature", "properties": { "id": "28818", "geo_fid": 28818, "geo_creati": 1530006285266, "geo_modifi": 1530006285266, "id_alpage": 28818, "id_num_sca": "ADO75CA_ANO591", "quartier": "Arsenal", "nom_entier": "Rue Saint Antoine", "id_parc": "PA8652", "num_voies": "184", "geox": 602053, "geoy": 128160, "oid": 1161871, "arrondissement": "Paris 4e Arrondissement" }, "geometry": { "type": "MultiPoint", "coordinates": [ [ 2.364479887817123, 48.853895351398563 ] ] } },
{ "type": "Feature", "properties": { "id": "28824", "geo_fid": 28824, "geo_creati": 1530006285266, "geo_modifi": 1530006285266, "id_alpage": 28824, "id_num_sca": "ADO75CA_ANO591", "quartier": "Arsenal", "nom_entier": "Rue Saint Antoine", "id_parc": "PA8644", "num_voies": "172", "geox": 602017, "geoy": 128180, "oid": 1161877, "arrondissement": "Paris 4e Arrondissement" }, "geometry": { "type": "MultiPoint", "coordinates": [ [ 2.36399757706952, 48.854078017784602 ] ] } },
{ "type": "Feature", "properties": { "id": "28840", "geo_fid": 28840, "geo_creati": 1530006285266, "geo_modifi": 1530006285266, "id_alpage": 28840, "id_num_sca": "ADO75CA_ANO591", "quartier": "Arsenal", "nom_entier": "Rue Saint Paul", "id_parc": "PA8636", "num_voies": "44", "geox": 601914, "geoy": 128225, "oid": 1161893, "arrondissement": "Paris 4e Arrondissement" }, "geometry": { "type": "MultiPoint", "coordinates": [ [ 2.362587342321701, 48.854477616649859 ] ] } },
{ "type": "Feature", "properties": { "id": "28845", "geo_fid": 28845, "geo_creati": 1530006285267, "geo_modifi": 1530006285267, "id_alpage": 28845, "id_num_sca": "ADO75CA_ANO591", "quartier": "Arsenal", "nom_entier": "Passage Saint Pierre", "id_parc": "PA8629", "num_voies": "34", "geox": 601889, "geoy": 128178, "oid": 1161898, "arrondissement": "Paris 4e Arrondissement" }, "geometry": { "type": "MultiPoint", "coordinates": [ [ 2.362246443518878, 48.854059530274327 ] ] } },
{ "type": "Feature", "properties": { "id": "28853", "geo_fid": 28853, "geo_creati": 1530006285267, "geo_modifi": 1530006285267, "id_alpage": 28853, "id_num_sca": "ADO75CA_ANO591", "quartier": "Arsenal", "nom_entier": "Rue Neuve Saint Paul", "id_parc": "PA8613", "num_voies": "8", "geox": 601869, "geoy": 128095, "oid": 1161906, "arrondissement": "Paris 4e Arrondissement" }, "geometry": { "type": "MultiPoint", "coordinates": [ [ 2.361978972230512, 48.853308696263028 ] ] } },
{ "type": "Feature", "properties": { "id": "28858", "geo_fid": 28858, "geo_creati": 1530006285267, "geo_modifi": 1530006285267, "id_alpage": 28858, "id_num_sca": "ADO75CA_ANO591", "quartier": "Arsenal", "nom_entier": "Rue Beautreillis", "id_parc": "PA8621", "num_voies": "3", "geox": 601990, "geoy": 128055, "oid": 1161911, "arrondissement": "Paris 4e Arrondissement" }, "geometry": { "type": "MultiPoint", "coordinates": [ [ 2.36362086431026, 48.85295581374583 ] ] } },
{ "type": "Feature", "properties": { "id": "28864", "geo_fid": 28864, "geo_creati": 1530006285267, "geo_modifi": 1530006285267, "id_alpage": 28864, "id_num_sca": "ADO75CA_ANO591", "quartier": "Arsenal", "nom_entier": "Rue Beautreillis", "id_parc": "PA8651", "num_voies": "15", "geox": 602040, "geoy": 128126, "oid": 1161917, "arrondissement": "Paris 4e Arrondissement" }, "geometry": { "type": "MultiPoint", "coordinates": [ [ 2.364309381035055, 48.853593236499925 ] ] } },
{ "type": "Feature", "properties": { "id": "29090", "geo_fid": 29090, "geo_creati": 1530006285281, "geo_modifi": 1530006285281, "id_alpage": 29090, "id_num_sca": "ADO75CA_ANO598", "quartier": "Arsenal", "nom_entier": "Rue Saint Paul", "id_parc": "PA8411", "num_voies": "31", "geox": 601866, "geoy": 128152, "oid": 1162143, "arrondissement": "Paris 4e Arrondissement" }, "geometry": { "type": "MultiPoint", "coordinates": [ [ 2.361938348510885, 48.853827585142753 ] ] } },
{ "type": "Feature", "properties": { "id": "29093", "geo_fid": 29093, "geo_creati": 1530006285281, "geo_modifi": 1530006285281, "id_alpage": 29093, "id_num_sca": "ADO75CA_ANO598", "quartier": "Arsenal", "nom_entier": "Rue Saint Paul", "id_parc": "PA8404", "num_voies": "25", "geox": 601850, "geoy": 128124, "oid": 1162146, "arrondissement": "Paris 4e Arrondissement" }, "geometry": { "type": "MultiPoint", "coordinates": [ [ 2.36171882137225, 48.853570440591959 ] ] } },
{ "type": "Feature", "properties": { "id": "28726", "geo_fid": 28726, "geo_creati": 1530006285254, "geo_modifi": 1530006285254, "id_alpage": 28726, "id_num_sca": "ADO75CA_ANO586", "quartier": "Arsenal", "nom_entier": "Rue de la Cerisaie", "id_parc": "PA8669", "num_voies": "27", "geox": 602087, "geoy": 127976, "oid": 1161779, "arrondissement": "Paris 4e Arrondissement" }, "geometry": { "type": "MultiPoint", "coordinates": [ [ 2.364950471229534, 48.852238778629768 ] ] } },
{ "type": "Feature", "properties": { "id": "28757", "geo_fid": 28757, "geo_creati": 1530006285254, "geo_modifi": 1530006285254, "id_alpage": 28757, "id_num_sca": "ADO75CA_ANO587", "quartier": "Arsenal", "nom_entier": "Rue de Lesdiguières", "id_parc": "PA8708", "num_voies": "6", "geox": 602214, "geoy": 127978, "oid": 1161810, "arrondissement": "Paris 4e Arrondissement" }, "geometry": { "type": "MultiPoint", "coordinates": [ [ 2.366671562427818, 48.852257232406195 ] ] } },
{ "type": "Feature", "properties": { "id": "28758", "geo_fid": 28758, "geo_creati": 1530006285254, "geo_modifi": 1530006285254, "id_alpage": 28758, "id_num_sca": "ADO75CA_ANO587", "quartier": "Arsenal", "nom_entier": "Rue de Lesdiguières", "id_parc": "PA8700", "num_voies": "4", "geox": 602208, "geoy": 127955, "oid": 1161811, "arrondissement": "Paris 4e Arrondissement" }, "geometry": { "type": "MultiPoint", "coordinates": [ [ 2.366592407812076, 48.852056715087954 ] ] } },
{ "type": "Feature", "properties": { "id": "28784", "geo_fid": 28784, "geo_creati": 1530006285255, "geo_modifi": 1530006285255, "id_alpage": 28784, "id_num_sca": "ADO75CA_ANO589", "quartier": "Arsenal", "nom_entier": "Rue du Petit Musc", "id_parc": "PA8601", "num_voies": "16", "geox": 602096, "geoy": 128086, "oid": 1161837, "arrondissement": "Paris 4e Arrondissement" }, "geometry": { "type": "MultiPoint", "coordinates": [ [ 2.365075030801452, 48.853228847039183 ] ] } },
{ "type": "Feature", "properties": { "id": "28789", "geo_fid": 28789, "geo_creati": 1530006285255, "geo_modifi": 1530006285255, "id_alpage": 28789, "id_num_sca": "ADO75CA_ANO590", "quartier": "Arsenal", "nom_entier": "Rue Saint Antoine", "id_parc": "PA8581", "num_voies": "192", "geox": 602078, "geoy": 128148, "oid": 1161842, "arrondissement": "Paris 4e Arrondissement" }, "geometry": { "type": "MultiPoint", "coordinates": [ [ 2.364816424573081, 48.853788257166222 ] ] } },
{ "type": "Feature", "properties": { "id": "28802", "geo_fid": 28802, "geo_creati": 1530006285266, "geo_modifi": 1530006285266, "id_alpage": 28802, "id_num_sca": "ADO75CA_ANO590", "quartier": "Arsenal", "nom_entier": "Rue du Petit Musc", "id_parc": "PA8573", "num_voies": "15", "geox": 602062, "geoy": 128056, "oid": 1161855, "arrondissement": "Paris 4e Arrondissement" }, "geometry": { "type": "MultiPoint", "coordinates": [ [ 2.364608832258261, 48.852959178139677 ] ] } },
{ "type": "Feature", "properties": { "id": "28849", "geo_fid": 28849, "geo_creati": 1530006285267, "geo_modifi": 1530006285267, "id_alpage": 28849, "id_num_sca": "ADO75CA_ANO591", "quartier": "Arsenal", "nom_entier": "Rue Saint Paul", "id_parc": "PA8615", "num_voies": "26", "geox": 601869, "geoy": 128140, "oid": 1161902, "arrondissement": "Paris 4e Arrondissement" }, "geometry": { "type": "MultiPoint", "coordinates": [ [ 2.361980539581451, 48.853719663333621 ] ] } },
{ "type": "Feature", "properties": { "id": "28860", "geo_fid": 28860, "geo_creati": 1530006285267, "geo_modifi": 1530006285267, "id_alpage": 28860, "id_num_sca": "ADO75CA_ANO591", "quartier": "Arsenal", "nom_entier": "Rue Beautreillis", "id_parc": "PA8625", "num_voies": "7", "geox": 602008, "geoy": 128080, "oid": 1161913, "arrondissement": "Paris 4e Arrondissement" }, "geometry": { "type": "MultiPoint", "coordinates": [ [ 2.363863546962749, 48.853179676164928 ] ] } },
{ "type": "Feature", "properties": { "id": "28910", "geo_fid": 28910, "geo_creati": 1530006285268, "geo_modifi": 1530006285268, "id_alpage": 28910, "id_num_sca": "ADO75CA_ANO592", "quartier": "Arsenal", "nom_entier": "Rue Saint Paul", "id_parc": "PA8396", "num_voies": "41", "geox": 601887, "geoy": 128189, "oid": 1161963, "arrondissement": "Paris 4e Arrondissement" }, "geometry": { "type": "MultiPoint", "coordinates": [ [ 2.362221963447197, 48.854157556311435 ] ] } },
{ "type": "Feature", "properties": { "id": "29099", "geo_fid": 29099, "geo_creati": 1530006285281, "geo_modifi": 1530006285281, "id_alpage": 29099, "id_num_sca": "ADO75CA_ANO598", "quartier": "Arsenal", "nom_entier": "Rue Saint Paul", "id_parc": "PA8422", "num_voies": "13", "geox": 601816, "geoy": 128076, "oid": 1162152, "arrondissement": "Paris 4e Arrondissement" }, "geometry": { "type": "MultiPoint", "coordinates": [ [ 2.361247109168415, 48.853139789422741 ] ] } },
{ "type": "Feature", "properties": { "id": "29111", "geo_fid": 29111, "geo_creati": 1530006285281, "geo_modifi": 1530006285281, "id_alpage": 29111, "id_num_sca": "ADO75CA_ANO599", "quartier": "Arsenal", "nom_entier": "Rue Saint Paul", "id_parc": "PA8540", "num_voies": "12", "geox": 601833, "geoy": 128087, "oid": 1162164, "arrondissement": "Paris 4e Arrondissement" }, "geometry": { "type": "MultiPoint", "coordinates": [ [ 2.361484269270423, 48.853236860675331 ] ] } },
{ "type": "Feature", "properties": { "id": "29116", "geo_fid": 29116, "geo_creati": 1530006285281, "geo_modifi": 1530006285281, "id_alpage": 29116, "id_num_sca": "ADO75CA_ANO599", "quartier": "Arsenal", "nom_entier": "Rue Neuve Saint Paul", "id_parc": "PA8545", "num_voies": "17", "geox": 601883, "geoy": 128079, "oid": 1162169, "arrondissement": "Paris 4e Arrondissement" }, "geometry": { "type": "MultiPoint", "coordinates": [ [ 2.36217104510252, 48.853167468716123 ] ] } },
{ "type": "Feature", "properties": { "id": "29133", "geo_fid": 29133, "geo_creati": 1530006285282, "geo_modifi": 1530006285282, "id_alpage": 29133, "id_num_sca": "ADO75CA_ANO599", "quartier": "Arsenal", "nom_entier": "Rue du Petit Musc", "id_parc": "PA8562", "num_voies": "1", "geox": 601956, "geoy": 127948, "oid": 1162186, "arrondissement": "Paris 4e Arrondissement" }, "geometry": { "type": "MultiPoint", "coordinates": [ [ 2.363162491203306, 48.851993697529373 ] ] } },
{ "type": "Feature", "properties": { "id": "29149", "geo_fid": 29149, "geo_creati": 1530006285282, "geo_modifi": 1530006285282, "id_alpage": 29149, "id_num_sca": "ADO75CA_ANO600", "quartier": "Arsenal", "nom_entier": "Rue des Lions", "id_parc": "PA8530", "num_voies": "7", "geox": 601892, "geoy": 127985, "oid": 1162202, "arrondissement": "Paris 4e Arrondissement" }, "geometry": { "type": "MultiPoint", "coordinates": [ [ 2.362287812683166, 48.852322127255718 ] ] } },
{ "type": "Feature", "properties": { "id": "29154", "geo_fid": 29154, "geo_creati": 1530006285282, "geo_modifi": 1530006285282, "id_alpage": 29154, "id_num_sca": "ADO75CA_ANO600", "quartier": "Arsenal", "nom_entier": "Quai des Célestins", "id_parc": "PA8533", "num_voies": "12", "geox": 601856, "geoy": 127922, "oid": 1162207, "arrondissement": "Paris 4e Arrondissement" }, "geometry": { "type": "MultiPoint", "coordinates": [ [ 2.361801052542819, 48.851759288676888 ] ] } },
{ "type": "Feature", "properties": { "id": "28722", "geo_fid": 28722, "geo_creati": 1530006285254, "geo_modifi": 1530006285254, "id_alpage": 28722, "id_num_sca": "ADO75CA_ANO586", "quartier": "Arsenal", "nom_entier": "Rue de la Cerisaie", "id_parc": "PA8675", "num_voies": "35", "geox": 602048, "geoy": 128000, "oid": 1161775, "arrondissement": "Paris 4e Arrondissement" }, "geometry": { "type": "MultiPoint", "coordinates": [ [ 2.364409603940762, 48.852461028937512 ] ] } },
{ "type": "Feature", "properties": { "id": "28765", "geo_fid": 28765, "geo_creati": 1530006285255, "geo_modifi": 1530006285255, "id_alpage": 28765, "id_num_sca": "ADO75CA_ANO588", "quartier": "Arsenal", "nom_entier": "Rue de Lesdiguières", "id_parc": "PA8692", "num_voies": "11", "geox": 602230, "geoy": 128059, "oid": 1161818, "arrondissement": "Paris 4e Arrondissement" }, "geometry": { "type": "MultiPoint", "coordinates": [ [ 2.366899567357361, 48.852986483155284 ] ] } },
{ "type": "Feature", "properties": { "id": "28791", "geo_fid": 28791, "geo_creati": 1530006285255, "geo_modifi": 1530006285255, "id_alpage": 28791, "id_num_sca": "ADO75CA_ANO590", "quartier": "Arsenal", "nom_entier": "Rue Saint Antoine", "id_parc": "PA8585", "num_voies": "196", "geox": 602086, "geoy": 128144, "oid": 1161844, "arrondissement": "Paris 4e Arrondissement" }, "geometry": { "type": "MultiPoint", "coordinates": [ [ 2.364936326161536, 48.853754055781202 ] ] } },
{ "type": "Feature", "properties": { "id": "28792", "geo_fid": 28792, "geo_creati": 1530006285255, "geo_modifi": 1530006285255, "id_alpage": 28792, "id_num_sca": "ADO75CA_ANO590", "quartier": "Arsenal", "nom_entier": "Rue Saint Antoine", "id_parc": "PA8583", "num_voies": "198", "geox": 602091, "geoy": 128142, "oid": 1161845, "arrondissement": "Paris 4e Arrondissement" }, "geometry": { "type": "MultiPoint", "coordinates": [ [ 2.36500445228749, 48.853735154508094 ] ] } },
{ "type": "Feature", "properties": { "id": "28796", "geo_fid": 28796, "geo_creati": 1530006285255, "geo_modifi": 1530006285255, "id_alpage": 28796, "id_num_sca": "ADO75CA_ANO590", "quartier": "Arsenal", "nom_entier": "Rue Saint Antoine", "id_parc": "PA8589", "num_voies": "206", "geox": 602112, "geoy": 128133, "oid": 1161849, "arrondissement": "Paris 4e Arrondissement" }, "geometry": { "type": "MultiPoint", "coordinates": [ [ 2.365289219329186, 48.853656848178723 ] ] } },
{ "type": "Feature", "properties": { "id": "28803", "geo_fid": 28803, "geo_creati": 1530006285266, "geo_modifi": 1530006285266, "id_alpage": 28803, "id_num_sca": "ADO75CA_ANO590", "quartier": "Arsenal", "nom_entier": "Rue du Petit Musc", "id_parc": "PA8570", "num_voies": "13", "geox": 602047, "geoy": 128041, "oid": 1161856, "arrondissement": "Paris 4e Arrondissement" }, "geometry": { "type": "MultiPoint", "coordinates": [ [ 2.364405713477368, 48.85282253729897 ] ] } },
{ "type": "Feature", "properties": { "id": "28918", "geo_fid": 28918, "geo_creati": 1530006285268, "geo_modifi": 1530006285268, "id_alpage": 28918, "id_num_sca": "ADO75CA_ANO592", "quartier": "Arsenal", "nom_entier": "Rue Saint Paul", "id_parc": "PA8389", "num_voies": "57", "geox": 601912, "geoy": 128232, "oid": 1161971, "arrondissement": "Paris 4e Arrondissement" }, "geometry": { "type": "MultiPoint", "coordinates": [ [ 2.362568299529918, 48.854547764114322 ] ] } },
{ "type": "Feature", "properties": { "id": "28712", "geo_fid": 28712, "geo_creati": 1530006285254, "geo_modifi": 1530006285254, "id_alpage": 28712, "id_num_sca": "ADO75CA_ANO586", "quartier": "Arsenal", "nom_entier": "Quai de Sully", "id_parc": "PA8680", "num_voies": "12", "geox": 602068, "geoy": 127714, "oid": 1161765, "arrondissement": "Paris 4e Arrondissement" }, "geometry": { "type": "MultiPoint", "coordinates": [ [ 2.364688898080225, 48.849887245056351 ] ] } },
{ "type": "Feature", "properties": { "id": "28735", "geo_fid": 28735, "geo_creati": 1530006285254, "geo_modifi": 1530006285254, "id_alpage": 28735, "id_num_sca": "ADO75CA_ANO586", "quartier": "Arsenal", "nom_entier": "Rue de la Cerisaie", "id_parc": "PA8663", "num_voies": "9", "geox": 602149, "geoy": 127947, "oid": 1161788, "arrondissement": "Paris 4e Arrondissement" }, "geometry": { "type": "MultiPoint", "coordinates": [ [ 2.365795190425609, 48.851977781419492 ] ] } },
{ "type": "Feature", "properties": { "id": "28745", "geo_fid": 28745, "geo_creati": 1530006285254, "geo_modifi": 1530006285254, "id_alpage": 28745, "id_num_sca": "ADO75CA_ANO587", "quartier": "Arsenal", "nom_entier": "Boulevard Bourdon", "id_parc": "PA8716", "num_voies": "8", "geox": 602298, "geoy": 128007, "oid": 1161798, "arrondissement": "Paris 4e Arrondissement" }, "geometry": { "type": "MultiPoint", "coordinates": [ [ 2.367819108887113, 48.852515921063485 ] ] } },
{ "type": "Feature", "properties": { "id": "28749", "geo_fid": 28749, "geo_creati": 1530006285254, "geo_modifi": 1530006285254, "id_alpage": 28749, "id_num_sca": "ADO75CA_ANO587", "quartier": "Arsenal", "nom_entier": null, "id_parc": "PA8701", "num_voies": "232", "geox": 602268, "geoy": 128095, "oid": 1161802, "arrondissement": "Paris 4e Arrondissement" }, "geometry": { "type": "MultiPoint", "coordinates": [ [ 2.367410778910874, 48.853306490058976 ] ] } },
{ "type": "Feature", "properties": { "id": "28756", "geo_fid": 28756, "geo_creati": 1530006285254, "geo_modifi": 1530006285254, "id_alpage": 28756, "id_num_sca": "ADO75CA_ANO587", "quartier": "Arsenal", "nom_entier": "Rue de Lesdiguières", "id_parc": "PA8706", "num_voies": "8", "geox": 602222, "geoy": 128007, "oid": 1161809, "arrondissement": "Paris 4e Arrondissement" }, "geometry": { "type": "MultiPoint", "coordinates": [ [ 2.366782098761827, 48.852523388423556 ] ] } },
{ "type": "Feature", "properties": { "id": "28761", "geo_fid": 28761, "geo_creati": 1530006285254, "geo_modifi": 1530006285254, "id_alpage": 28761, "id_num_sca": "ADO75CA_ANO588", "quartier": "Arsenal", "nom_entier": "Rue Saint Antoine", "id_parc": "PA8690", "num_voies": "230", "geox": 602227, "geoy": 128102, "oid": 1161814, "arrondissement": "Paris 4e Arrondissement" }, "geometry": { "type": "MultiPoint", "coordinates": [ [ 2.366856189404528, 48.85337048367164 ] ] } },
{ "type": "Feature", "properties": { "id": "28763", "geo_fid": 28763, "geo_creati": 1530006285255, "geo_modifi": 1530006285255, "id_alpage": 28763, "id_num_sca": "ADO75CA_ANO588", "quartier": "Arsenal", "nom_entier": "Rue de Lesdiguières", "id_parc": "PA8691", "num_voies": "15", "geox": 602237, "geoy": 128084, "oid": 1161816, "arrondissement": "Paris 4e Arrondissement" }, "geometry": { "type": "MultiPoint", "coordinates": [ [ 2.366988277714469, 48.853210378852971 ] ] } },
{ "type": "Feature", "properties": { "id": "28778", "geo_fid": 28778, "geo_creati": 1530006285255, "geo_modifi": 1530006285255, "id_alpage": 28778, "id_num_sca": "ADO75CA_ANO589", "quartier": "Arsenal", "nom_entier": "Rue de la Cerisaie", "id_parc": "PA8594", "num_voies": "12", "geox": 602077, "geoy": 127991, "oid": 1161831, "arrondissement": "Paris 4e Arrondissement" }, "geometry": { "type": "MultiPoint", "coordinates": [ [ 2.364811550488426, 48.852371904571172 ] ] } },
{ "type": "Feature", "properties": { "id": "28779", "geo_fid": 28779, "geo_creati": 1530006285255, "geo_modifi": 1530006285255, "id_alpage": 28779, "id_num_sca": "ADO75CA_ANO589", "quartier": "Arsenal", "nom_entier": "Rue de la Cerisaie", "id_parc": "PA8592", "num_voies": "14", "geox": 602067, "geoy": 127997, "oid": 1161832, "arrondissement": "Paris 4e Arrondissement" }, "geometry": { "type": "MultiPoint", "coordinates": [ [ 2.364672590280646, 48.852434887119706 ] ] } },
{ "type": "Feature", "properties": { "id": "28790", "geo_fid": 28790, "geo_creati": 1530006285255, "geo_modifi": 1530006285255, "id_alpage": 28790, "id_num_sca": "ADO75CA_ANO590", "quartier": "Arsenal", "nom_entier": "Rue Saint Antoine", "id_parc": "PA8584", "num_voies": "194", "geox": 602082, "geoy": 128146, "oid": 1161843, "arrondissement": "Paris 4e Arrondissement" }, "geometry": { "type": "MultiPoint", "coordinates": [ [ 2.364873650419977, 48.853772056421619 ] ] } },
{ "type": "Feature", "properties": { "id": "28799", "geo_fid": 28799, "geo_creati": 1530006285255, "geo_modifi": 1530006285255, "id_alpage": 28799, "id_num_sca": "ADO75CA_ANO590", "quartier": "Arsenal", "nom_entier": "Rue du Petit Musc", "id_parc": "PA8331", "num_voies": "21", "geox": 602119, "geoy": 128116, "oid": 1161852, "arrondissement": "Paris 4e Arrondissement" }, "geometry": { "type": "MultiPoint", "coordinates": [ [ 2.365380436233703, 48.853504848710152 ] ] } },
{ "type": "Feature", "properties": { "id": "28828", "geo_fid": 28828, "geo_creati": 1530006285266, "geo_modifi": 1530006285266, "id_alpage": 28828, "id_num_sca": "ADO75CA_ANO591", "quartier": "Arsenal", "nom_entier": "Rue Saint Antoine", "id_parc": "PA8648", "num_voies": "164", "geox": 601991, "geoy": 128195, "oid": 1161881, "arrondissement": "Paris 4e Arrondissement" }, "geometry": { "type": "MultiPoint", "coordinates": [ [ 2.363635159235336, 48.854212993032888 ] ] } },
{ "type": "Feature", "properties": { "id": "28848", "geo_fid": 28848, "geo_creati": 1530006285267, "geo_modifi": 1530006285267, "id_alpage": 28848, "id_num_sca": "ADO75CA_ANO591", "quartier": "Arsenal", "nom_entier": "Rue Saint Paul", "id_parc": "PA8617", "num_voies": "28", "geox": 601875, "geoy": 128151, "oid": 1161901, "arrondissement": "Paris 4e Arrondissement" }, "geometry": { "type": "MultiPoint", "coordinates": [ [ 2.36205962389239, 48.853811371926405 ] ] } },
{ "type": "Feature", "properties": { "id": "28906", "geo_fid": 28906, "geo_creati": 1530006285267, "geo_modifi": 1530006285267, "id_alpage": 28906, "id_num_sca": "ADO75CA_ANO592", "quartier": "Arsenal", "nom_entier": "Rue des Prêtres", "id_parc": "PA8403", "num_voies": "2", "geox": 601863, "geoy": 128161, "oid": 1161959, "arrondissement": "Paris 4e Arrondissement" }, "geometry": { "type": "MultiPoint", "coordinates": [ [ 2.361894777562199, 48.853901334889535 ] ] } },
{ "type": "Feature", "properties": { "id": "29089", "geo_fid": 29089, "geo_creati": 1530006285281, "geo_modifi": 1530006285281, "id_alpage": 29089, "id_num_sca": "ADO75CA_ANO598", "quartier": "Arsenal", "nom_entier": "Rue des Prêtres", "id_parc": "PA8411", "num_voies": "1", "geox": 601862, "geoy": 128158, "oid": 1162142, "arrondissement": "Paris 4e Arrondissement" }, "geometry": { "type": "MultiPoint", "coordinates": [ [ 2.361872963952279, 48.853881555611693 ] ] } },
{ "type": "Feature", "properties": { "id": "29110", "geo_fid": 29110, "geo_creati": 1530006285281, "geo_modifi": 1530006285281, "id_alpage": 29110, "id_num_sca": "ADO75CA_ANO599", "quartier": "Arsenal", "nom_entier": "Rue Saint Paul", "id_parc": "PA8540", "num_voies": "14", "geox": 601835, "geoy": 128090, "oid": 1162163, "arrondissement": "Paris 4e Arrondissement" }, "geometry": { "type": "MultiPoint", "coordinates": [ [ 2.361511538154799, 48.853266530861184 ] ] } },
{ "type": "Feature", "properties": { "id": "29121", "geo_fid": 29121, "geo_creati": 1530006285281, "geo_modifi": 1530006285281, "id_alpage": 29121, "id_num_sca": "ADO75CA_ANO599", "quartier": "Arsenal", "nom_entier": "Rue Neuve Saint Paul", "id_parc": "PA8554", "num_voies": "7", "geox": 601920, "geoy": 128052, "oid": 1162174, "arrondissement": "Paris 4e Arrondissement" }, "geometry": { "type": "MultiPoint", "coordinates": [ [ 2.362675126285651, 48.852924553958388 ] ] } },
{ "type": "Feature", "properties": { "id": "29127", "geo_fid": 29127, "geo_creati": 1530006285281, "geo_modifi": 1530006285281, "id_alpage": 29127, "id_num_sca": "ADO75CA_ANO599", "quartier": "Arsenal", "nom_entier": "Rue Gérard Bauquet", "id_parc": "PA8559", "num_voies": "3", "geox": 601935, "geoy": 127983, "oid": 1162180, "arrondissement": "Paris 4e Arrondissement" }, "geometry": { "type": "MultiPoint", "coordinates": [ [ 2.362880574040759, 48.852301312326929 ] ] } },
{ "type": "Feature", "properties": { "id": "29132", "geo_fid": 29132, "geo_creati": 1530006285282, "geo_modifi": 1530006285282, "id_alpage": 29132, "id_num_sca": "ADO75CA_ANO599", "quartier": "Arsenal", "nom_entier": "Rue des Lions", "id_parc": "PA8562", "num_voies": "2", "geox": 601938, "geoy": 127952, "oid": 1162185, "arrondissement": "Paris 4e Arrondissement" }, "geometry": { "type": "MultiPoint", "coordinates": [ [ 2.362917223644979, 48.852024328244013 ] ] } },
{ "type": "Feature", "properties": { "id": "29112", "geo_fid": 29112, "geo_creati": 1530006285281, "geo_modifi": 1530006285281, "id_alpage": 29112, "id_num_sca": "ADO75CA_ANO599", "quartier": "Arsenal", "nom_entier": "Rue Saint Paul", "id_parc": "PA8539", "num_voies": "10", "geox": 601828, "geoy": 128079, "oid": 1162165, "arrondissement": "Paris 4e Arrondissement" }, "geometry": { "type": "MultiPoint", "coordinates": [ [ 2.361418827231465, 48.853172126962079 ] ] } },
{ "type": "Feature", "properties": { "id": "29114", "geo_fid": 29114, "geo_creati": 1530006285281, "geo_modifi": 1530006285281, "id_alpage": 29114, "id_num_sca": "ADO75CA_ANO599", "quartier": "Arsenal", "nom_entier": "Rue Neuve Saint Paul", "id_parc": "PA8541", "num_voies": "21", "geox": 601858, "geoy": 128098, "oid": 1162167, "arrondissement": "Paris 4e Arrondissement" }, "geometry": { "type": "MultiPoint", "coordinates": [ [ 2.3618236380122, 48.853341103637362 ] ] } },
{ "type": "Feature", "properties": { "id": "29123", "geo_fid": 29123, "geo_creati": 1530006285281, "geo_modifi": 1530006285281, "id_alpage": 29123, "id_num_sca": "ADO75CA_ANO599", "quartier": "Arsenal", "nom_entier": "Rue Neuve Saint Paul", "id_parc": "PA8550", "num_voies": "3", "geox": 601937, "geoy": 128040, "oid": 1162176, "arrondissement": "Paris 4e Arrondissement" }, "geometry": { "type": "MultiPoint", "coordinates": [ [ 2.36290127916069, 48.852813892836799 ] ] } },
{ "type": "Feature", "properties": { "id": "29125", "geo_fid": 29125, "geo_creati": 1530006285281, "geo_modifi": 1530006285281, "id_alpage": 29125, "id_num_sca": "ADO75CA_ANO599", "quartier": "Arsenal", "nom_entier": "Rue Gérard Bauquet", "id_parc": "PA8557", "num_voies": "7", "geox": 601954, "geoy": 128007, "oid": 1162178, "arrondissement": "Paris 4e Arrondissement" }, "geometry": { "type": "MultiPoint", "coordinates": [ [ 2.363132785316483, 48.852517979975197 ] ] } },
{ "type": "Feature", "properties": { "id": "29136", "geo_fid": 29136, "geo_creati": 1530006285282, "geo_modifi": 1530006285282, "id_alpage": 29136, "id_num_sca": "ADO75CA_ANO599", "quartier": "Arsenal", "nom_entier": "Rue des Trois Pistolets", "id_parc": "PA8563", "num_voies": "1", "geox": 601995, "geoy": 127998, "oid": 1162189, "arrondissement": "Paris 4e Arrondissement" }, "geometry": { "type": "MultiPoint", "coordinates": [ [ 2.363692811322933, 48.852436017743024 ] ] } },
{ "type": "Feature", "properties": { "id": "29143", "geo_fid": 29143, "geo_creati": 1530006285282, "geo_modifi": 1530006285282, "id_alpage": 29143, "id_num_sca": "ADO75CA_ANO599", "quartier": "Arsenal", "nom_entier": "Rue des Lions", "id_parc": "PA8551", "num_voies": "12", "geox": 601873, "geoy": 128004, "oid": 1162196, "arrondissement": "Paris 4e Arrondissement" }, "geometry": { "type": "MultiPoint", "coordinates": [ [ 2.362023536999548, 48.852496643775645 ] ] } },
{ "type": "Feature", "properties": { "id": "29152", "geo_fid": 29152, "geo_creati": 1530006285282, "geo_modifi": 1530006285282, "id_alpage": 29152, "id_num_sca": "ADO75CA_ANO600", "quartier": "Arsenal", "nom_entier": "Rue des Lions", "id_parc": "PA8344", "num_voies": "1", "geox": 601930, "geoy": 127953, "oid": 1162205, "arrondissement": "Paris 4e Arrondissement" }, "geometry": { "type": "MultiPoint", "coordinates": [ [ 2.36280140226021, 48.852037843333342 ] ] } },
{ "type": "Feature", "properties": { "id": "28769", "geo_fid": 28769, "geo_creati": 1530006285255, "geo_modifi": 1530006285255, "id_alpage": 28769, "id_num_sca": "ADO75CA_ANO588", "quartier": "Arsenal", "nom_entier": "Rue de Lesdiguières", "id_parc": "PA8696", "num_voies": "3", "geox": 602214, "geoy": 127993, "oid": 1161822, "arrondissement": "Paris 4e Arrondissement" }, "geometry": { "type": "MultiPoint", "coordinates": [ [ 2.366671644980342, 48.85239661958073 ] ] } },
{ "type": "Feature", "properties": { "id": "28809", "geo_fid": 28809, "geo_creati": 1530006285266, "geo_modifi": 1530006285266, "id_alpage": 28809, "id_num_sca": "ADO75CA_ANO590", "quartier": "Arsenal", "nom_entier": "Rue Beautreillis", "id_parc": "PA8570", "num_voies": "6", "geox": 602006, "geoy": 128072, "oid": 1161862, "arrondissement": "Paris 4e Arrondissement" }, "geometry": { "type": "MultiPoint", "coordinates": [ [ 2.36383761537198, 48.853105042617123 ] ] } },
{ "type": "Feature", "properties": { "id": "28811", "geo_fid": 28811, "geo_creati": 1530006285266, "geo_modifi": 1530006285266, "id_alpage": 28811, "id_num_sca": "ADO75CA_ANO590", "quartier": "Arsenal", "nom_entier": "Rue Beautreillis", "id_parc": "PA8572", "num_voies": "10", "geox": 602017, "geoy": 128086, "oid": 1161864, "arrondissement": "Paris 4e Arrondissement" }, "geometry": { "type": "MultiPoint", "coordinates": [ [ 2.363993034205172, 48.853233602212782 ] ] } },
{ "type": "Feature", "properties": { "id": "28819", "geo_fid": 28819, "geo_creati": 1530006285266, "geo_modifi": 1530006285266, "id_alpage": 28819, "id_num_sca": "ADO75CA_ANO591", "quartier": "Arsenal", "nom_entier": "Rue Saint Antoine", "id_parc": "PA8657", "num_voies": "182", "geox": 602046, "geoy": 128164, "oid": 1161872, "arrondissement": "Paris 4e Arrondissement" }, "geometry": { "type": "MultiPoint", "coordinates": [ [ 2.364381790861461, 48.853932244936551 ] ] } },
{ "type": "Feature", "properties": { "id": "28829", "geo_fid": 28829, "geo_creati": 1530006285266, "geo_modifi": 1530006285266, "id_alpage": 28829, "id_num_sca": "ADO75CA_ANO591", "quartier": "Arsenal", "nom_entier": "Rue Saint Antoine", "id_parc": "PA8605", "num_voies": "162", "geox": 601982, "geoy": 128200, "oid": 1161882, "arrondissement": "Paris 4e Arrondissement" }, "geometry": { "type": "MultiPoint", "coordinates": [ [ 2.36352071043858, 48.854254385973668 ] ] } },
{ "type": "Feature", "properties": { "id": "28837", "geo_fid": 28837, "geo_creati": 1530006285266, "geo_modifi": 1530006285266, "id_alpage": 28837, "id_num_sca": "ADO75CA_ANO591", "quartier": "Arsenal", "nom_entier": "Rue Saint Antoine", "id_parc": "PA8638", "num_voies": "146", "geox": 601936, "geoy": 128226, "oid": 1161890, "arrondissement": "Paris 4e Arrondissement" }, "geometry": { "type": "MultiPoint", "coordinates": [ [ 2.362893969728925, 48.854492835751032 ] ] } },
{ "type": "Feature", "properties": { "id": "28838", "geo_fid": 28838, "geo_creati": 1530006285266, "geo_modifi": 1530006285266, "id_alpage": 28838, "id_num_sca": "ADO75CA_ANO591", "quartier": "Arsenal", "nom_entier": "Rue Saint Antoine", "id_parc": "PA8633", "num_voies": "144", "geox": 601931, "geoy": 128229, "oid": 1161891, "arrondissement": "Paris 4e Arrondissement" }, "geometry": { "type": "MultiPoint", "coordinates": [ [ 2.3628176698658, 48.854520730319862 ] ] } },
{ "type": "Feature", "properties": { "id": "28908", "geo_fid": 28908, "geo_creati": 1530006285268, "geo_modifi": 1530006285268, "id_alpage": 28908, "id_num_sca": "ADO75CA_ANO592", "quartier": "Arsenal", "nom_entier": "Rue Saint Paul", "id_parc": "PA8397", "num_voies": "37", "geox": 601881, "geoy": 128178, "oid": 1161961, "arrondissement": "Paris 4e Arrondissement" }, "geometry": { "type": "MultiPoint", "coordinates": [ [ 2.362137424614107, 48.854060453387113 ] ] } },
{ "type": "Feature", "properties": { "id": "28911", "geo_fid": 28911, "geo_creati": 1530006285268, "geo_modifi": 1530006285268, "id_alpage": 28911, "id_num_sca": "ADO75CA_ANO592", "quartier": "Arsenal", "nom_entier": "Rue Saint Paul", "id_parc": "PA8392", "num_voies": "43", "geox": 601891, "geoy": 128196, "oid": 1161964, "arrondissement": "Paris 4e Arrondissement" }, "geometry": { "type": "MultiPoint", "coordinates": [ [ 2.362279231803475, 48.854223190632425 ] ] } },
{ "type": "Feature", "properties": { "id": "29097", "geo_fid": 29097, "geo_creati": 1530006285281, "geo_modifi": 1530006285281, "id_alpage": 29097, "id_num_sca": "ADO75CA_ANO598", "quartier": "Arsenal", "nom_entier": "Rue Saint Paul", "id_parc": "PA8417", "num_voies": "17", "geox": 601827, "geoy": 128094, "oid": 1162150, "arrondissement": "Paris 4e Arrondissement" }, "geometry": { "type": "MultiPoint", "coordinates": [ [ 2.361406625319097, 48.853300725475442 ] ] } },
{ "type": "Feature", "properties": { "id": "29100", "geo_fid": 29100, "geo_creati": 1530006285281, "geo_modifi": 1530006285281, "id_alpage": 29100, "id_num_sca": "ADO75CA_ANO598", "quartier": "Arsenal", "nom_entier": "Rue Saint Paul", "id_parc": "PA8420", "num_voies": "11", "geox": 601812, "geoy": 128070, "oid": 1162153, "arrondissement": "Paris 4e Arrondissement" }, "geometry": { "type": "MultiPoint", "coordinates": [ [ 2.361193937203137, 48.85308584426506 ] ] } },
{ "type": "Feature", "properties": { "id": "29137", "geo_fid": 29137, "geo_creati": 1530006285282, "geo_modifi": 1530006285282, "id_alpage": 29137, "id_num_sca": "ADO75CA_ANO599", "quartier": "Arsenal", "nom_entier": "Rue des Trois Pistolets", "id_parc": "PA8564", "num_voies": "3", "geox": 601986, "geoy": 128004, "oid": 1162190, "arrondissement": "Paris 4e Arrondissement" }, "geometry": { "type": "MultiPoint", "coordinates": [ [ 2.363575648892766, 48.852491799722877 ] ] } },
{ "type": "Feature", "properties": { "id": "29155", "geo_fid": 29155, "geo_creati": 1530006285282, "geo_modifi": 1530006285282, "id_alpage": 29155, "id_num_sca": "ADO75CA_ANO600", "quartier": "Arsenal", "nom_entier": "Quai des Célestins", "id_parc": "PA8534", "num_voies": "14", "geox": 601842, "geoy": 127936, "oid": 1162208, "arrondissement": "Paris 4e Arrondissement" }, "geometry": { "type": "MultiPoint", "coordinates": [ [ 2.361611699280026, 48.851879831756634 ] ] } },
{ "type": "Feature", "properties": { "id": "29156", "geo_fid": 29156, "geo_creati": 1530006285282, "geo_modifi": 1530006285282, "id_alpage": 29156, "id_num_sca": "ADO75CA_ANO600", "quartier": "Arsenal", "nom_entier": "Quai des Célestins", "id_parc": "PA8535", "num_voies": "16", "geox": 601830, "geoy": 127947, "oid": 1162209, "arrondissement": "Paris 4e Arrondissement" }, "geometry": { "type": "MultiPoint", "coordinates": [ [ 2.361446865552542, 48.851984182423251 ] ] } },
{ "type": "Feature", "properties": { "id": "28715", "geo_fid": 28715, "geo_creati": 1530006285254, "geo_modifi": 1530006285254, "id_alpage": 28715, "id_num_sca": "ADO75CA_ANO586", "quartier": "Arsenal", "nom_entier": "Quai de Sully", "id_parc": "PA8678", "num_voies": "10bis", "geox": 602057, "geoy": 127716, "oid": 1161768, "arrondissement": "Paris 4e Arrondissement" }, "geometry": { "type": "MultiPoint", "coordinates": [ [ 2.364532207266882, 48.849907965904229 ] ] } },
{ "type": "Feature", "properties": { "id": "28717", "geo_fid": 28717, "geo_creati": 1530006285254, "geo_modifi": 1530006285254, "id_alpage": 28717, "id_num_sca": "ADO75CA_ANO586", "quartier": "Arsenal", "nom_entier": "Quai de Sully", "id_parc": "PA8682", "num_voies": "8", "geox": 602039, "geoy": 127748, "oid": 1161770, "arrondissement": "Paris 4e Arrondissement" }, "geometry": { "type": "MultiPoint", "coordinates": [ [ 2.364284361635034, 48.850188597838709 ] ] } },
{ "type": "Feature", "properties": { "id": "28742", "geo_fid": 28742, "geo_creati": 1530006285254, "geo_modifi": 1530006285254, "id_alpage": 28742, "id_num_sca": "ADO75CA_ANO587", "quartier": "Arsenal", "nom_entier": null, "id_parc": "PA8710", "num_voies": "5", "geox": 602258, "geoy": 127922, "oid": 1161795, "arrondissement": "Paris 4e Arrondissement" }, "geometry": { "type": "MultiPoint", "coordinates": [ [ 2.367279020514879, 48.851756179480923 ] ] } },
{ "type": "Feature", "properties": { "id": "28743", "geo_fid": 28743, "geo_creati": 1530006285254, "geo_modifi": 1530006285254, "id_alpage": 28743, "id_num_sca": "ADO75CA_ANO587", "quartier": "Arsenal", "nom_entier": "Boulevard Bourdon", "id_parc": "PA8715", "num_voies": "12", "geox": 602280, "geoy": 127945, "oid": 1161796, "arrondissement": "Paris 4e Arrondissement" }, "geometry": { "type": "MultiPoint", "coordinates": [ [ 2.367581662583955, 48.851964730566593 ] ] } },
{ "type": "Feature", "properties": { "id": "28810", "geo_fid": 28810, "geo_creati": 1530006285266, "geo_modifi": 1530006285266, "id_alpage": 28810, "id_num_sca": "ADO75CA_ANO590", "quartier": "Arsenal", "nom_entier": "Rue Beautreillis", "id_parc": "PA8574", "num_voies": "8", "geox": 602013, "geoy": 128082, "oid": 1161863, "arrondissement": "Paris 4e Arrondissement" }, "geometry": { "type": "MultiPoint", "coordinates": [ [ 2.363939867374964, 48.8531949459598 ] ] } },
{ "type": "Feature", "properties": { "id": "28812", "geo_fid": 28812, "geo_creati": 1530006285266, "geo_modifi": 1530006285266, "id_alpage": 28812, "id_num_sca": "ADO75CA_ANO590", "quartier": "Arsenal", "nom_entier": "Rue Beautreillis", "id_parc": "PA8571", "num_voies": "12", "geox": 602022, "geoy": 128093, "oid": 1161865, "arrondissement": "Paris 4e Arrondissement" }, "geometry": { "type": "MultiPoint", "coordinates": [ [ 2.364053027821536, 48.85329653718744 ] ] } },
{ "type": "Feature", "properties": { "id": "28816", "geo_fid": 28816, "geo_creati": 1530006285266, "geo_modifi": 1530006285266, "id_alpage": 28816, "id_num_sca": "ADO75CA_ANO590", "quartier": "Arsenal", "nom_entier": "Rue Beautreillis", "id_parc": "PA8578", "num_voies": "20", "geox": 602062, "geoy": 128148, "oid": 1161869, "arrondissement": "Paris 4e Arrondissement" }, "geometry": { "type": "MultiPoint", "coordinates": [ [ 2.364601114008773, 48.8537910068139 ] ] } },
{ "type": "Feature", "properties": { "id": "28857", "geo_fid": 28857, "geo_creati": 1530006285267, "geo_modifi": 1530006285267, "id_alpage": 28857, "id_num_sca": "ADO75CA_ANO591", "quartier": "Arsenal", "nom_entier": "Rue Beautreillis", "id_parc": "PA8622", "num_voies": "1", "geox": 601977, "geoy": 128038, "oid": 1161910, "arrondissement": "Paris 4e Arrondissement" }, "geometry": { "type": "MultiPoint", "coordinates": [ [ 2.363440901490376, 48.852794885483284 ] ] } },
{ "type": "Feature", "properties": { "id": "28865", "geo_fid": 28865, "geo_creati": 1530006285267, "geo_modifi": 1530006285267, "id_alpage": 28865, "id_num_sca": "ADO75CA_ANO591", "quartier": "Arsenal", "nom_entier": "Rue Beautreillis", "id_parc": "PA8653", "num_voies": "17", "geox": 602048, "geoy": 128136, "oid": 1161918, "arrondissement": "Paris 4e Arrondissement" }, "geometry": { "type": "MultiPoint", "coordinates": [ [ 2.364414359866394, 48.853682239499847 ] ] } },
{ "type": "Feature", "properties": { "id": "29138", "geo_fid": 29138, "geo_creati": 1530006285282, "geo_modifi": 1530006285282, "id_alpage": 29138, "id_num_sca": "ADO75CA_ANO599", "quartier": "Arsenal", "nom_entier": "Rue des Trois Pistolets", "id_parc": "PA8564", "num_voies": "5", "geox": 601976, "geoy": 128012, "oid": 1162191, "arrondissement": "Paris 4e Arrondissement" }, "geometry": { "type": "MultiPoint", "coordinates": [ [ 2.363425790865734, 48.852565574535163 ] ] } },
{ "type": "Feature", "properties": { "id": "29146", "geo_fid": 29146, "geo_creati": 1530006285282, "geo_modifi": 1530006285282, "id_alpage": 29146, "id_num_sca": "ADO75CA_ANO599", "quartier": "Arsenal", "nom_entier": "Rue des Lions", "id_parc": "PA8547", "num_voies": "18", "geox": 601828, "geoy": 128040, "oid": 1162199, "arrondissement": "Paris 4e Arrondissement" }, "geometry": { "type": "MultiPoint", "coordinates": [ [ 2.361410476818154, 48.852814218387451 ] ] } },
{ "type": "Feature", "properties": { "id": "28780", "geo_fid": 28780, "geo_creati": 1530006285255, "geo_modifi": 1530006285255, "id_alpage": 28780, "id_num_sca": "ADO75CA_ANO589", "quartier": "Arsenal", "nom_entier": "Rue de la Cerisaie", "id_parc": "PA8593", "num_voies": "16", "geox": 602048, "geoy": 128010, "oid": 1161833, "arrondissement": "Paris 4e Arrondissement" }, "geometry": { "type": "MultiPoint", "coordinates": [ [ 2.364419190046457, 48.852547356788065 ] ] } },
{ "type": "Feature", "properties": { "id": "28788", "geo_fid": 28788, "geo_creati": 1530006285255, "geo_modifi": 1530006285255, "id_alpage": 28788, "id_num_sca": "ADO75CA_ANO590", "quartier": "Arsenal", "nom_entier": "Rue Saint Antoine", "id_parc": "PA8579", "num_voies": "190", "geox": 602073, "geoy": 128150, "oid": 1161841, "arrondissement": "Paris 4e Arrondissement" }, "geometry": { "type": "MultiPoint", "coordinates": [ [ 2.364759199186922, 48.853805357154229 ] ] } },
{ "type": "Feature", "properties": { "id": "28795", "geo_fid": 28795, "geo_creati": 1530006285255, "geo_modifi": 1530006285255, "id_alpage": 28795, "id_num_sca": "ADO75CA_ANO590", "quartier": "Arsenal", "nom_entier": "Rue Saint Antoine", "id_parc": "PA8587", "num_voies": "204", "geox": 602108, "geoy": 128135, "oid": 1161848, "arrondissement": "Paris 4e Arrondissement" }, "geometry": { "type": "MultiPoint", "coordinates": [ [ 2.365231994256857, 48.85367394840366 ] ] } },
{ "type": "Feature", "properties": { "id": "28805", "geo_fid": 28805, "geo_creati": 1530006285266, "geo_modifi": 1530006285266, "id_alpage": 28805, "id_num_sca": "ADO75CA_ANO590", "quartier": "Arsenal", "nom_entier": "Rue du Petit Musc", "id_parc": "PA8566", "num_voies": "9", "geox": 602027, "geoy": 128020, "oid": 1161858, "arrondissement": "Paris 4e Arrondissement" }, "geometry": { "type": "MultiPoint", "coordinates": [ [ 2.364122168043411, 48.85263375728487 ] ] } },
{ "type": "Feature", "properties": { "id": "28808", "geo_fid": 28808, "geo_creati": 1530006285266, "geo_modifi": 1530006285266, "id_alpage": 28808, "id_num_sca": "ADO75CA_ANO590", "quartier": "Arsenal", "nom_entier": "Rue Beautreillis", "id_parc": "PA8569", "num_voies": "4", "geox": 601993, "geoy": 128054, "oid": 1161861, "arrondissement": "Paris 4e Arrondissement" }, "geometry": { "type": "MultiPoint", "coordinates": [ [ 2.363659014499984, 48.85294501365231 ] ] } },
{ "type": "Feature", "properties": { "id": "28835", "geo_fid": 28835, "geo_creati": 1530006285266, "geo_modifi": 1530006285266, "id_alpage": 28835, "id_num_sca": "ADO75CA_ANO591", "quartier": "Arsenal", "nom_entier": "Rue Saint Antoine", "id_parc": "PA8641", "num_voies": "150", "geox": 601944, "geoy": 128222, "oid": 1161888, "arrondissement": "Paris 4e Arrondissement" }, "geometry": { "type": "MultiPoint", "coordinates": [ [ 2.362997518973362, 48.854454143716225 ] ] } },
{ "type": "Feature", "properties": { "id": "29088", "geo_fid": 29088, "geo_creati": 1530006285281, "geo_modifi": 1530006285281, "id_alpage": 29088, "id_num_sca": "ADO75CA_ANO598", "quartier": "Arsenal", "nom_entier": "Rue des Prêtres", "id_parc": "PA8412", "num_voies": "3", "geox": 601854, "geoy": 128160, "oid": 1162141, "arrondissement": "Paris 4e Arrondissement" }, "geometry": { "type": "MultiPoint", "coordinates": [ [ 2.361776215837621, 48.853894166269065 ] ] } },
{ "type": "Feature", "properties": { "id": "29108", "geo_fid": 29108, "geo_creati": 1530006285281, "geo_modifi": 1530006285281, "id_alpage": 29108, "id_num_sca": "ADO75CA_ANO599", "quartier": "Arsenal", "nom_entier": "Rue Saint Paul", "id_parc": "PA8541", "num_voies": "18", "geox": 601843, "geoy": 128102, "oid": 1162161, "arrondissement": "Paris 4e Arrondissement" }, "geometry": { "type": "MultiPoint", "coordinates": [ [ 2.361616522317862, 48.853378018236171 ] ] } },
{ "type": "Feature", "properties": { "id": "29119", "geo_fid": 29119, "geo_creati": 1530006285281, "geo_modifi": 1530006285281, "id_alpage": 29119, "id_num_sca": "ADO75CA_ANO599", "quartier": "Arsenal", "nom_entier": "Rue Neuve Saint Paul", "id_parc": "PA8552", "num_voies": "11", "geox": 601905, "geoy": 128063, "oid": 1162172, "arrondissement": "Paris 4e Arrondissement" }, "geometry": { "type": "MultiPoint", "coordinates": [ [ 2.362462594064882, 48.85302442035519 ] ] } },
{ "type": "Feature", "properties": { "id": "29153", "geo_fid": 29153, "geo_creati": 1530006285282, "geo_modifi": 1530006285282, "id_alpage": 29153, "id_num_sca": "ADO75CA_ANO600", "quartier": "Arsenal", "nom_entier": "Quai des Célestins", "id_parc": "PA8344", "num_voies": "10", "geox": 601877, "geoy": 127902, "oid": 1162206, "arrondissement": "Paris 4e Arrondissement" }, "geometry": { "type": "MultiPoint", "coordinates": [ [ 2.362088487850226, 48.851579371999243 ] ] } },
{ "type": "Feature", "properties": { "id": "28716", "geo_fid": 28716, "geo_creati": 1530006285254, "geo_modifi": 1530006285254, "id_alpage": 28716, "id_num_sca": "ADO75CA_ANO586", "quartier": "Arsenal", "nom_entier": "Quai de Sully", "id_parc": "PA8678", "num_voies": "10", "geox": 602048, "geoy": 127726, "oid": 1161769, "arrondissement": "Paris 4e Arrondissement" }, "geometry": { "type": "MultiPoint", "coordinates": [ [ 2.364415065995912, 48.849989827632143 ] ] } },
{ "type": "Feature", "properties": { "id": "28729", "geo_fid": 28729, "geo_creati": 1530006285254, "geo_modifi": 1530006285254, "id_alpage": 28729, "id_num_sca": "ADO75CA_ANO586", "quartier": "Arsenal", "nom_entier": "Rue de la Cerisaie", "id_parc": "PA8666", "num_voies": "21", "geox": 602109, "geoy": 127963, "oid": 1161782, "arrondissement": "Paris 4e Arrondissement" }, "geometry": { "type": "MultiPoint", "coordinates": [ [ 2.365250200113516, 48.852126296419179 ] ] } },
{ "type": "Feature", "properties": { "id": "28734", "geo_fid": 28734, "geo_creati": 1530006285254, "geo_modifi": 1530006285254, "id_alpage": 28734, "id_num_sca": "ADO75CA_ANO586", "quartier": "Arsenal", "nom_entier": "Rue de la Cerisaie", "id_parc": "PA8663", "num_voies": "11", "geox": 602145, "geoy": 127949, "oid": 1161787, "arrondissement": "Paris 4e Arrondissement" }, "geometry": { "type": "MultiPoint", "coordinates": [ [ 2.365737967975325, 48.851995781169514 ] ] } },
{ "type": "Feature", "properties": { "id": "28737", "geo_fid": 28737, "geo_creati": 1530006285254, "geo_modifi": 1530006285254, "id_alpage": 28737, "id_num_sca": "ADO75CA_ANO586", "quartier": "Arsenal", "nom_entier": "Rue de la Cerisaie", "id_parc": "PA8659", "num_voies": "5", "geox": 602170, "geoy": 127938, "oid": 1161790, "arrondissement": "Paris 4e Arrondissement" }, "geometry": { "type": "MultiPoint", "coordinates": [ [ 2.366071772148469, 48.85190307227542 ] ] } },
{ "type": "Feature", "properties": { "id": "28753", "geo_fid": 28753, "geo_creati": 1530006285254, "geo_modifi": 1530006285254, "id_alpage": 28753, "id_num_sca": "ADO75CA_ANO587", "quartier": "Arsenal", "nom_entier": "Rue de Lesdiguières", "id_parc": "PA8703", "num_voies": "14", "geox": 602237, "geoy": 128067, "oid": 1161806, "arrondissement": "Paris 4e Arrondissement" }, "geometry": { "type": "MultiPoint", "coordinates": [ [ 2.366994998693408, 48.853055702274013 ] ] } },
{ "type": "Feature", "properties": { "id": "28764", "geo_fid": 28764, "geo_creati": 1530006285255, "geo_modifi": 1530006285255, "id_alpage": 28764, "id_num_sca": "ADO75CA_ANO588", "quartier": "Arsenal", "nom_entier": "Rue de Lesdiguières", "id_parc": "PA8692", "num_voies": "13", "geox": 602234, "geoy": 128071, "oid": 1161817, "arrondissement": "Paris 4e Arrondissement" }, "geometry": { "type": "MultiPoint", "coordinates": [ [ 2.366944600837357, 48.853093484838674 ] ] } },
{ "type": "Feature", "properties": { "id": "28767", "geo_fid": 28767, "geo_creati": 1530006285255, "geo_modifi": 1530006285255, "id_alpage": 28767, "id_num_sca": "ADO75CA_ANO588", "quartier": "Arsenal", "nom_entier": "Rue de Lesdiguières", "id_parc": "PA8694", "num_voies": "7", "geox": 602221, "geoy": 128023, "oid": 1161820, "arrondissement": "Paris 4e Arrondissement" }, "geometry": { "type": "MultiPoint", "coordinates": [ [ 2.366771279995578, 48.852662778420601 ] ] } },
{ "type": "Feature", "properties": { "id": "28768", "geo_fid": 28768, "geo_creati": 1530006285255, "geo_modifi": 1530006285255, "id_alpage": 28768, "id_num_sca": "ADO75CA_ANO588", "quartier": "Arsenal", "nom_entier": "Rue de Lesdiguières", "id_parc": "PA8694", "num_voies": "5", "geox": 602217, "geoy": 128009, "oid": 1161821, "arrondissement": "Paris 4e Arrondissement" }, "geometry": { "type": "MultiPoint", "coordinates": [ [ 2.366722148506245, 48.852537792284181 ] ] } },
{ "type": "Feature", "properties": { "id": "28773", "geo_fid": 28773, "geo_creati": 1530006285255, "geo_modifi": 1530006285255, "id_alpage": 28773, "id_num_sca": "ADO75CA_ANO588", "quartier": "Arsenal", "nom_entier": "Rue Castex", "id_parc": "PA8698", "num_voies": "4", "geox": 602180, "geoy": 128037, "oid": 1161826, "arrondissement": "Paris 4e Arrondissement" }, "geometry": { "type": "MultiPoint", "coordinates": [ [ 2.366215370320592, 48.852788819047532 ] ] } },
{ "type": "Feature", "properties": { "id": "28783", "geo_fid": 28783, "geo_creati": 1530006285255, "geo_modifi": 1530006285255, "id_alpage": 28783, "id_num_sca": "ADO75CA_ANO589", "quartier": "Arsenal", "nom_entier": "Rue du Petit Musc", "id_parc": "PA8601", "num_voies": "14", "geox": 602076, "geoy": 128065, "oid": 1161836, "arrondissement": "Paris 4e Arrondissement" }, "geometry": { "type": "MultiPoint", "coordinates": [ [ 2.364802384216524, 48.853043663141264 ] ] } },
{ "type": "Feature", "properties": { "id": "28798", "geo_fid": 28798, "geo_creati": 1530006285255, "geo_modifi": 1530006285255, "id_alpage": 28798, "id_num_sca": "ADO75CA_ANO590", "quartier": "Arsenal", "nom_entier": "Rue Saint Antoine", "id_parc": "PA8331", "num_voies": "210", "geox": 602123, "geoy": 128129, "oid": 1161851, "arrondissement": "Paris 4e Arrondissement" }, "geometry": { "type": "MultiPoint", "coordinates": [ [ 2.365437735052991, 48.85361814286864 ] ] } },
{ "type": "Feature", "properties": { "id": "28815", "geo_fid": 28815, "geo_creati": 1530006285266, "geo_modifi": 1530006285266, "id_alpage": 28815, "id_num_sca": "ADO75CA_ANO590", "quartier": "Arsenal", "nom_entier": "Rue Beautreillis", "id_parc": "PA8580", "num_voies": "18", "geox": 602054, "geoy": 128139, "oid": 1161868, "arrondissement": "Paris 4e Arrondissement" }, "geometry": { "type": "MultiPoint", "coordinates": [ [ 2.364498862051032, 48.853705600422934 ] ] } },
{ "type": "Feature", "properties": { "id": "28820", "geo_fid": 28820, "geo_creati": 1530006285266, "geo_modifi": 1530006285266, "id_alpage": 28820, "id_num_sca": "ADO75CA_ANO591", "quartier": "Arsenal", "nom_entier": "Rue Saint Antoine", "id_parc": "PA8656", "num_voies": "180", "geox": 602041, "geoy": 128167, "oid": 1161873, "arrondissement": "Paris 4e Arrondissement" }, "geometry": { "type": "MultiPoint", "coordinates": [ [ 2.364315030887691, 48.853958339691957 ] ] } },
{ "type": "Feature", "properties": { "id": "28827", "geo_fid": 28827, "geo_creati": 1530006285266, "geo_modifi": 1530006285266, "id_alpage": 28827, "id_num_sca": "ADO75CA_ANO591", "quartier": "Arsenal", "nom_entier": "Rue Saint Antoine", "id_parc": "PA8647", "num_voies": "166", "geox": 601996, "geoy": 128192, "oid": 1161880, "arrondissement": "Paris 4e Arrondissement" }, "geometry": { "type": "MultiPoint", "coordinates": [ [ 2.363711457688539, 48.854184198645818 ] ] } },
{ "type": "Feature", "properties": { "id": "28832", "geo_fid": 28832, "geo_creati": 1530006285266, "geo_modifi": 1530006285266, "id_alpage": 28832, "id_num_sca": "ADO75CA_ANO591", "quartier": "Arsenal", "nom_entier": "Rue Saint Antoine", "id_parc": "PA8632", "num_voies": "156", "geox": 601960, "geoy": 128213, "oid": 1161885, "arrondissement": "Paris 4e Arrondissement" }, "geometry": { "type": "MultiPoint", "coordinates": [ [ 2.363211430261878, 48.854375858542127 ] ] } },
{ "type": "Feature", "properties": { "id": "28834", "geo_fid": 28834, "geo_creati": 1530006285266, "geo_modifi": 1530006285266, "id_alpage": 28834, "id_num_sca": "ADO75CA_ANO591", "quartier": "Arsenal", "nom_entier": "Rue Saint Antoine", "id_parc": "PA8639", "num_voies": "152", "geox": 601947, "geoy": 128220, "oid": 1161887, "arrondissement": "Paris 4e Arrondissement" }, "geometry": { "type": "MultiPoint", "coordinates": [ [ 2.363038393618462, 48.854438846853682 ] ] } },
{ "type": "Feature", "properties": { "id": "28841", "geo_fid": 28841, "geo_creati": 1530006285266, "geo_modifi": 1530006285266, "id_alpage": 28841, "id_num_sca": "ADO75CA_ANO591", "quartier": "Arsenal", "nom_entier": "Rue Saint Paul", "id_parc": "PA8635", "num_voies": "42", "geox": 601909, "geoy": 128217, "oid": 1161894, "arrondissement": "Paris 4e Arrondissement" }, "geometry": { "type": "MultiPoint", "coordinates": [ [ 2.362524619971191, 48.854407487330349 ] ] } },
{ "type": "Feature", "properties": { "id": "28846", "geo_fid": 28846, "geo_creati": 1530006285267, "geo_modifi": 1530006285267, "id_alpage": 28846, "id_num_sca": "ADO75CA_ANO591", "quartier": "Arsenal", "nom_entier": "Rue Saint Paul", "id_parc": "PA8629", "num_voies": "32", "geox": 601886, "geoy": 128170, "oid": 1161899, "arrondissement": "Paris 4e Arrondissement" }, "geometry": { "type": "MultiPoint", "coordinates": [ [ 2.362213701101029, 48.853986696393726 ] ] } },
{ "type": "Feature", "properties": { "id": "28854", "geo_fid": 28854, "geo_creati": 1530006285267, "geo_modifi": 1530006285267, "id_alpage": 28854, "id_num_sca": "ADO75CA_ANO591", "quartier": "Arsenal", "nom_entier": "Rue Neuve Saint Paul", "id_parc": "PA8619", "num_voies": "6", "geox": 601894, "geoy": 128077, "oid": 1161907, "arrondissement": "Paris 4e Arrondissement" }, "geometry": { "type": "MultiPoint", "coordinates": [ [ 2.362322299027151, 48.853152147938474 ] ] } },
{ "type": "Feature", "properties": { "id": "28856", "geo_fid": 28856, "geo_creati": 1530006285267, "geo_modifi": 1530006285267, "id_alpage": 28856, "id_num_sca": "ADO75CA_ANO591", "quartier": "Arsenal", "nom_entier": "Rue Neuve Saint Paul", "id_parc": "PA8620", "num_voies": "2", "geox": 601938, "geoy": 128045, "oid": 1161909, "arrondissement": "Paris 4e Arrondissement" }, "geometry": { "type": "MultiPoint", "coordinates": [ [ 2.362921746735201, 48.852866046020779 ] ] } },
{ "type": "Feature", "properties": { "id": "29094", "geo_fid": 29094, "geo_creati": 1530006285281, "geo_modifi": 1530006285281, "id_alpage": 29094, "id_num_sca": "ADO75CA_ANO598", "quartier": "Arsenal", "nom_entier": "Rue Saint Paul", "id_parc": "PA8405", "num_voies": "23", "geox": 601847, "geoy": 128118, "oid": 1162147, "arrondissement": "Paris 4e Arrondissement" }, "geometry": { "type": "MultiPoint", "coordinates": [ [ 2.361672464280991, 48.853520990555303 ] ] } },
{ "type": "Feature", "properties": { "id": "29095", "geo_fid": 29095, "geo_creati": 1530006285281, "geo_modifi": 1530006285281, "id_alpage": 29095, "id_num_sca": "ADO75CA_ANO598", "quartier": "Arsenal", "nom_entier": "Rue Saint Paul", "id_parc": "PA8408", "num_voies": "21", "geox": 601842, "geoy": 128111, "oid": 1162148, "arrondissement": "Paris 4e Arrondissement" }, "geometry": { "type": "MultiPoint", "coordinates": [ [ 2.361607020741051, 48.85345445840526 ] ] } },
{ "type": "Feature", "properties": { "id": "29109", "geo_fid": 29109, "geo_creati": 1530006285281, "geo_modifi": 1530006285281, "id_alpage": 29109, "id_num_sca": "ADO75CA_ANO599", "quartier": "Arsenal", "nom_entier": "Rue Saint Paul", "id_parc": "PA8538", "num_voies": "16", "geox": 601838, "geoy": 128095, "oid": 1162162, "arrondissement": "Paris 4e Arrondissement" }, "geometry": { "type": "MultiPoint", "coordinates": [ [ 2.361557893088294, 48.853312383874403 ] ] } },
{ "type": "Feature", "properties": { "id": "29113", "geo_fid": 29113, "geo_creati": 1530006285281, "geo_modifi": 1530006285281, "id_alpage": 29113, "id_num_sca": "ADO75CA_ANO599", "quartier": "Arsenal", "nom_entier": "Rue Saint Paul", "id_parc": "PA8547", "num_voies": "8", "geox": 601820, "geoy": 128067, "oid": 1162166, "arrondissement": "Paris 4e Arrondissement" }, "geometry": { "type": "MultiPoint", "coordinates": [ [ 2.361305667658941, 48.85306064113071 ] ] } },
{ "type": "Feature", "properties": { "id": "29120", "geo_fid": 29120, "geo_creati": 1530006285281, "geo_modifi": 1530006285281, "id_alpage": 29120, "id_num_sca": "ADO75CA_ANO599", "quartier": "Arsenal", "nom_entier": "Rue Neuve Saint Paul", "id_parc": "PA8552", "num_voies": "9", "geox": 601914, "geoy": 128057, "oid": 1162173, "arrondissement": "Paris 4e Arrondissement" }, "geometry": { "type": "MultiPoint", "coordinates": [ [ 2.362592022489429, 48.852966838248179 ] ] } },
{ "type": "Feature", "properties": { "id": "29128", "geo_fid": 29128, "geo_creati": 1530006285281, "geo_modifi": 1530006285281, "id_alpage": 29128, "id_num_sca": "ADO75CA_ANO599", "quartier": "Arsenal", "nom_entier": "Rue Gérard Bauquet", "id_parc": "PA8342", "num_voies": "1", "geox": 601928, "geoy": 127973, "oid": 1162181, "arrondissement": "Paris 4e Arrondissement" }, "geometry": { "type": "MultiPoint", "coordinates": [ [ 2.36277832671502, 48.852213206581574 ] ] } },
{ "type": "Feature", "properties": { "id": "29151", "geo_fid": 29151, "geo_creati": 1530006285282, "geo_modifi": 1530006285282, "id_alpage": 29151, "id_num_sca": "ADO75CA_ANO600", "quartier": "Arsenal", "nom_entier": "Rue des Lions", "id_parc": "PA8532", "num_voies": "3", "geox": 601914, "geoy": 127967, "oid": 1162204, "arrondissement": "Paris 4e Arrondissement" }, "geometry": { "type": "MultiPoint", "coordinates": [ [ 2.362580709412682, 48.852160193582229 ] ] } },
{ "type": "Feature", "properties": { "id": "29157", "geo_fid": 29157, "geo_creati": 1530006285282, "geo_modifi": 1530006285282, "id_alpage": 29157, "id_num_sca": "ADO75CA_ANO600", "quartier": "Arsenal", "nom_entier": "Quai des Célestins", "id_parc": "PA8536", "num_voies": "18", "geox": 601823, "geoy": 127955, "oid": 1162210, "arrondissement": "Paris 4e Arrondissement" }, "geometry": { "type": "MultiPoint", "coordinates": [ [ 2.361351509016933, 48.852048950213479 ] ] } },
{ "type": "Feature", "properties": { "id": "29158", "geo_fid": 29158, "geo_creati": 1530006285282, "geo_modifi": 1530006285282, "id_alpage": 29158, "id_num_sca": "ADO75CA_ANO600", "quartier": "Arsenal", "nom_entier": "Quai des Célestins", "id_parc": "PA8537", "num_voies": "20", "geox": 601817, "geoy": 127961, "oid": 1162211, "arrondissement": "Paris 4e Arrondissement" }, "geometry": { "type": "MultiPoint", "coordinates": [ [ 2.361261600378867, 48.85210832114398 ] ] } },
{ "type": "Feature", "properties": { "id": "29160", "geo_fid": 29160, "geo_creati": 1530006285282, "geo_modifi": 1530006285282, "id_alpage": 29160, "id_num_sca": "ADO75CA_ANO600", "quartier": "Arsenal", "nom_entier": "Quai des Célestins", "id_parc": "PA8526", "num_voies": "24", "geox": 601801, "geoy": 127976, "oid": 1162213, "arrondissement": "Paris 4e Arrondissement" }, "geometry": { "type": "MultiPoint", "coordinates": [ [ 2.361053173690094, 48.852243255667268 ] ] } },
{ "type": "Feature", "properties": { "id": "28730", "geo_fid": 28730, "geo_creati": 1530006285254, "geo_modifi": 1530006285254, "id_alpage": 28730, "id_num_sca": "ADO75CA_ANO586", "quartier": "Arsenal", "nom_entier": "Rue de la Cerisaie", "id_parc": "PA8665", "num_voies": "19", "geox": 602119, "geoy": 127959, "oid": 1161783, "arrondissement": "Paris 4e Arrondissement" }, "geometry": { "type": "MultiPoint", "coordinates": [ [ 2.365382360569569, 48.852090293011521 ] ] } },
{ "type": "Feature", "properties": { "id": "28760", "geo_fid": 28760, "geo_creati": 1530006285254, "geo_modifi": 1530006285254, "id_alpage": 28760, "id_num_sca": "ADO75CA_ANO588", "quartier": "Arsenal", "nom_entier": "Rue Saint Antoine", "id_parc": "PA8690", "num_voies": "228", "geox": 602212, "geoy": 128106, "oid": 1161813, "arrondissement": "Paris 4e Arrondissement" }, "geometry": { "type": "MultiPoint", "coordinates": [ [ 2.366644991812832, 48.853411904813179 ] ] } },
{ "type": "Feature", "properties": { "id": "28772", "geo_fid": 28772, "geo_creati": 1530006285255, "geo_modifi": 1530006285255, "id_alpage": 28772, "id_num_sca": "ADO75CA_ANO588", "quartier": "Arsenal", "nom_entier": "Rue Castex", "id_parc": "PA8697", "num_voies": "2", "geox": 602159, "geoy": 127964, "oid": 1161825, "arrondissement": "Paris 4e Arrondissement" }, "geometry": { "type": "MultiPoint", "coordinates": [ [ 2.365923371562587, 48.852131524820152 ] ] } },
{ "type": "Feature", "properties": { "id": "28776", "geo_fid": 28776, "geo_creati": 1530006285255, "geo_modifi": 1530006285255, "id_alpage": 28776, "id_num_sca": "ADO75CA_ANO589", "quartier": "Arsenal", "nom_entier": "Rue de la Cerisaie", "id_parc": "PA8330", "num_voies": "8", "geox": 602109, "geoy": 127969, "oid": 1161829, "arrondissement": "Paris 4e Arrondissement" }, "geometry": { "type": "MultiPoint", "coordinates": [ [ 2.365250230526871, 48.852180252744979 ] ] } },
{ "type": "Feature", "properties": { "id": "28777", "geo_fid": 28777, "geo_creati": 1530006285255, "geo_modifi": 1530006285255, "id_alpage": 28777, "id_num_sca": "ADO75CA_ANO589", "quartier": "Arsenal", "nom_entier": "Rue de la Cerisaie", "id_parc": "PA8596", "num_voies": "10", "geox": 602089, "geoy": 127982, "oid": 1161830, "arrondissement": "Paris 4e Arrondissement" }, "geometry": { "type": "MultiPoint", "coordinates": [ [ 2.364966856148597, 48.852297227343932 ] ] } },
{ "type": "Feature", "properties": { "id": "28823", "geo_fid": 28823, "geo_creati": 1530006285266, "geo_modifi": 1530006285266, "id_alpage": 28823, "id_num_sca": "ADO75CA_ANO591", "quartier": "Arsenal", "nom_entier": "Rue Saint Antoine", "id_parc": "PA8643", "num_voies": "174", "geox": 602022, "geoy": 128178, "oid": 1161876, "arrondissement": "Paris 4e Arrondissement" }, "geometry": { "type": "MultiPoint", "coordinates": [ [ 2.364056161890868, 48.854053723680828 ] ] } },
{ "type": "Feature", "properties": { "id": "28723", "geo_fid": 28723, "geo_creati": 1530006285254, "geo_modifi": 1530006285254, "id_alpage": 28723, "id_num_sca": "ADO75CA_ANO586", "quartier": "Arsenal", "nom_entier": "Rue de la Cerisaie", "id_parc": "PA8671", "num_voies": "33", "geox": 602057, "geoy": 127995, "oid": 1161776, "arrondissement": "Paris 4e Arrondissement" }, "geometry": { "type": "MultiPoint", "coordinates": [ [ 2.364540395787161, 48.852411537747102 ] ] } },
{ "type": "Feature", "properties": { "id": "28724", "geo_fid": 28724, "geo_creati": 1530006285254, "geo_modifi": 1530006285254, "id_alpage": 28724, "id_num_sca": "ADO75CA_ANO586", "quartier": "Arsenal", "nom_entier": "Rue de la Cerisaie", "id_parc": "PA8672", "num_voies": "31", "geox": 602071, "geoy": 127986, "oid": 1161777, "arrondissement": "Paris 4e Arrondissement" }, "geometry": { "type": "MultiPoint", "coordinates": [ [ 2.364727040972212, 48.852331457710221 ] ] } },
{ "type": "Feature", "properties": { "id": "28732", "geo_fid": 28732, "geo_creati": 1530006285254, "geo_modifi": 1530006285254, "id_alpage": 28732, "id_num_sca": "ADO75CA_ANO586", "quartier": "Arsenal", "nom_entier": "Rue de la Cerisaie", "id_parc": "PA8661", "num_voies": "15", "geox": 602131, "geoy": 127955, "oid": 1161785, "arrondissement": "Paris 4e Arrondissement" }, "geometry": { "type": "MultiPoint", "coordinates": [ [ 2.365539046639067, 48.852049787009896 ] ] } },
{ "type": "Feature", "properties": { "id": "28733", "geo_fid": 28733, "geo_creati": 1530006285254, "geo_modifi": 1530006285254, "id_alpage": 28733, "id_num_sca": "ADO75CA_ANO586", "quartier": "Arsenal", "nom_entier": "Rue de la Cerisaie", "id_parc": "PA8664", "num_voies": "13", "geox": 602138, "geoy": 127952, "oid": 1161786, "arrondissement": "Paris 4e Arrondissement" }, "geometry": { "type": "MultiPoint", "coordinates": [ [ 2.365645320277684, 48.852021883165015 ] ] } },
{ "type": "Feature", "properties": { "id": "28747", "geo_fid": 28747, "geo_creati": 1530006285254, "geo_modifi": 1530006285254, "id_alpage": 28747, "id_num_sca": "ADO75CA_ANO587", "quartier": "Arsenal", "nom_entier": "Boulevard Bourdon", "id_parc": "PA8717", "num_voies": "4", "geox": 602304, "geoy": 128028, "oid": 1161800, "arrondissement": "Paris 4e Arrondissement" }, "geometry": { "type": "MultiPoint", "coordinates": [ [ 2.367905079376655, 48.852711040069913 ] ] } },
{ "type": "Feature", "properties": { "id": "28762", "geo_fid": 28762, "geo_creati": 1530006285254, "geo_modifi": 1530006285254, "id_alpage": 28762, "id_num_sca": "ADO75CA_ANO588", "quartier": "Arsenal", "nom_entier": "Rue de Lesdiguières", "id_parc": "PA8691", "num_voies": "232", "geox": 602236, "geoy": 128099, "oid": 1161815, "arrondissement": "Paris 4e Arrondissement" }, "geometry": { "type": "MultiPoint", "coordinates": [ [ 2.366973368519004, 48.853345273576288 ] ] } },
{ "type": "Feature", "properties": { "id": "28774", "geo_fid": 28774, "geo_creati": 1530006285255, "geo_modifi": 1530006285255, "id_alpage": 28774, "id_num_sca": "ADO75CA_ANO588", "quartier": "Arsenal", "nom_entier": "Rue Castex", "id_parc": "PA8698", "num_voies": "6", "geox": 602195, "geoy": 128088, "oid": 1161827, "arrondissement": "Paris 4e Arrondissement" }, "geometry": { "type": "MultiPoint", "coordinates": [ [ 2.366421407354193, 48.853245596842804 ] ] } },
{ "type": "Feature", "properties": { "id": "28781", "geo_fid": 28781, "geo_creati": 1530006285255, "geo_modifi": 1530006285255, "id_alpage": 28781, "id_num_sca": "ADO75CA_ANO589", "quartier": "Arsenal", "nom_entier": "Rue du Petit Musc", "id_parc": "PA8591", "num_voies": "10", "geox": 602058, "geoy": 128047, "oid": 1161834, "arrondissement": "Paris 4e Arrondissement" }, "geometry": { "type": "MultiPoint", "coordinates": [ [ 2.364554281276669, 48.852881853798998 ] ] } },
{ "type": "Feature", "properties": { "id": "28797", "geo_fid": 28797, "geo_creati": 1530006285255, "geo_modifi": 1530006285255, "id_alpage": 28797, "id_num_sca": "ADO75CA_ANO590", "quartier": "Arsenal", "nom_entier": "Rue Saint Antoine", "id_parc": "PA8590", "num_voies": "208", "geox": 602118, "geoy": 128131, "oid": 1161850, "arrondissement": "Paris 4e Arrondissement" }, "geometry": { "type": "MultiPoint", "coordinates": [ [ 2.365362795600341, 48.853637046079683 ] ] } },
{ "type": "Feature", "properties": { "id": "28806", "geo_fid": 28806, "geo_creati": 1530006285266, "geo_modifi": 1530006285266, "id_alpage": 28806, "id_num_sca": "ADO75CA_ANO590", "quartier": "Arsenal", "nom_entier": "Rue du Petit Musc", "id_parc": "PA8567", "num_voies": "7", "geox": 602014, "geoy": 128007, "oid": 1161859, "arrondissement": "Paris 4e Arrondissement" }, "geometry": { "type": "MultiPoint", "coordinates": [ [ 2.363946317027577, 48.852517792462187 ] ] } },
{ "type": "Feature", "properties": { "id": "28822", "geo_fid": 28822, "geo_creati": 1530006285266, "geo_modifi": 1530006285266, "id_alpage": 28822, "id_num_sca": "ADO75CA_ANO591", "quartier": "Arsenal", "nom_entier": "Rue Saint Antoine", "id_parc": "PA8645", "num_voies": "176", "geox": 602028, "geoy": 128174, "oid": 1161875, "arrondissement": "Paris 4e Arrondissement" }, "geometry": { "type": "MultiPoint", "coordinates": [ [ 2.364146086778753, 48.854024026527917 ] ] } },
{ "type": "Feature", "properties": { "id": "28826", "geo_fid": 28826, "geo_creati": 1530006285266, "geo_modifi": 1530006285266, "id_alpage": 28826, "id_num_sca": "ADO75CA_ANO591", "quartier": "Arsenal", "nom_entier": "Rue Saint Antoine", "id_parc": "PA8649", "num_voies": "168", "geox": 602004, "geoy": 128189, "oid": 1161879, "arrondissement": "Paris 4e Arrondissement" }, "geometry": { "type": "MultiPoint", "coordinates": [ [ 2.363808196260111, 48.854153600905839 ] ] } },
{ "type": "Feature", "properties": { "id": "28836", "geo_fid": 28836, "geo_creati": 1530006285266, "geo_modifi": 1530006285266, "id_alpage": 28836, "id_num_sca": "ADO75CA_ANO591", "quartier": "Arsenal", "nom_entier": "Rue Saint Antoine", "id_parc": "PA8637", "num_voies": "148", "geox": 601940, "geoy": 128224, "oid": 1161889, "arrondissement": "Paris 4e Arrondissement" }, "geometry": { "type": "MultiPoint", "coordinates": [ [ 2.362948468714644, 48.85447124095095 ] ] } },
{ "type": "Feature", "properties": { "id": "28843", "geo_fid": 28843, "geo_creati": 1530006285266, "geo_modifi": 1530006285266, "id_alpage": 28843, "id_num_sca": "ADO75CA_ANO591", "quartier": "Arsenal", "nom_entier": "Rue Saint Paul", "id_parc": "PA8611", "num_voies": "38", "geox": 601894, "geoy": 128190, "oid": 1161896, "arrondissement": "Paris 4e Arrondissement" }, "geometry": { "type": "MultiPoint", "coordinates": [ [ 2.362318725124135, 48.8541710241686 ] ] } },
{ "type": "Feature", "properties": { "id": "28847", "geo_fid": 28847, "geo_creati": 1530006285267, "geo_modifi": 1530006285267, "id_alpage": 28847, "id_num_sca": "ADO75CA_ANO591", "quartier": "Arsenal", "nom_entier": "Rue Saint Paul", "id_parc": "PA8618", "num_voies": "30", "geox": 601882, "geoy": 128161, "oid": 1161900, "arrondissement": "Paris 4e Arrondissement" }, "geometry": { "type": "MultiPoint", "coordinates": [ [ 2.362146886724104, 48.853906675768599 ] ] } },
{ "type": "Feature", "properties": { "id": "28909", "geo_fid": 28909, "geo_creati": 1530006285268, "geo_modifi": 1530006285268, "id_alpage": 28909, "id_num_sca": "ADO75CA_ANO592", "quartier": "Arsenal", "nom_entier": "Rue Saint Paul", "id_parc": "PA8391", "num_voies": "39", "geox": 601884, "geoy": 128183, "oid": 1161962, "arrondissement": "Paris 4e Arrondissement" }, "geometry": { "type": "MultiPoint", "coordinates": [ [ 2.362175603051671, 48.854103610117718 ] ] } },
{ "type": "Feature", "properties": { "id": "28913", "geo_fid": 28913, "geo_creati": 1530006285268, "geo_modifi": 1530006285268, "id_alpage": 28913, "id_num_sca": "ADO75CA_ANO592", "quartier": "Arsenal", "nom_entier": "Rue Saint Paul", "id_parc": "PA8383", "num_voies": "47", "geox": 601897, "geoy": 128206, "oid": 1161966, "arrondissement": "Paris 4e Arrondissement" }, "geometry": { "type": "MultiPoint", "coordinates": [ [ 2.362356953353494, 48.854312201502836 ] ] } },
{ "type": "Feature", "properties": { "id": "28915", "geo_fid": 28915, "geo_creati": 1530006285268, "geo_modifi": 1530006285268, "id_alpage": 28915, "id_num_sca": "ADO75CA_ANO592", "quartier": "Arsenal", "nom_entier": "Rue Saint Paul", "id_parc": "PA8384", "num_voies": "51", "geox": 601903, "geoy": 128216, "oid": 1161968, "arrondissement": "Paris 4e Arrondissement" }, "geometry": { "type": "MultiPoint", "coordinates": [ [ 2.362436036109024, 48.854397614930974 ] ] } },
{ "type": "Feature", "properties": { "id": "28916", "geo_fid": 28916, "geo_creati": 1530006285268, "geo_modifi": 1530006285268, "id_alpage": 28916, "id_num_sca": "ADO75CA_ANO592", "quartier": "Arsenal", "nom_entier": "Rue Saint Paul", "id_parc": "PA8385", "num_voies": "53", "geox": 601906, "geoy": 128221, "oid": 1161969, "arrondissement": "Paris 4e Arrondissement" }, "geometry": { "type": "MultiPoint", "coordinates": [ [ 2.362482395233812, 48.85444796393066 ] ] } },
{ "type": "Feature", "properties": { "id": "28713", "geo_fid": 28713, "geo_creati": 1530006285254, "geo_modifi": 1530006285254, "id_alpage": 28713, "id_num_sca": "ADO75CA_ANO586", "quartier": "Arsenal", "nom_entier": "Quai de Sully", "id_parc": "PA8687", "num_voies": "17", "geox": 602058, "geoy": 127700, "oid": 1161766, "arrondissement": "Paris 4e Arrondissement" }, "geometry": { "type": "MultiPoint", "coordinates": [ [ 2.364543025781132, 48.849757784863002 ] ] } },
{ "type": "Feature", "properties": { "id": "28714", "geo_fid": 28714, "geo_creati": 1530006285254, "geo_modifi": 1530006285254, "id_alpage": 28714, "id_num_sca": "ADO75CA_ANO586", "quartier": "Arsenal", "nom_entier": "Quai de Sully", "id_parc": "PA8686", "num_voies": "15", "geox": 602045, "geoy": 127718, "oid": 1161767, "arrondissement": "Paris 4e Arrondissement" }, "geometry": { "type": "MultiPoint", "coordinates": [ [ 2.364372786155515, 48.849919694464596 ] ] } },
{ "type": "Feature", "properties": { "id": "28718", "geo_fid": 28718, "geo_creati": 1530006285254, "geo_modifi": 1530006285254, "id_alpage": 28718, "id_num_sca": "ADO75CA_ANO586", "quartier": "Arsenal", "nom_entier": "Rue du Petit Musc", "id_parc": "PA8674", "num_voies": "4", "geox": 602004, "geoy": 127989, "oid": 1161771, "arrondissement": "Paris 4e Arrondissement" }, "geometry": { "type": "MultiPoint", "coordinates": [ [ 2.363814048112247, 48.852355055071918 ] ] } },
{ "type": "Feature", "properties": { "id": "28807", "geo_fid": 28807, "geo_creati": 1530006285266, "geo_modifi": 1530006285266, "id_alpage": 28807, "id_num_sca": "ADO75CA_ANO590", "quartier": "Arsenal", "nom_entier": "Rue Beautreillis", "id_parc": "PA8568", "num_voies": "2", "geox": 601979, "geoy": 128037, "oid": 1161860, "arrondissement": "Paris 4e Arrondissement" }, "geometry": { "type": "MultiPoint", "coordinates": [ [ 2.363479052545446, 48.85278588399413 ] ] } },
{ "type": "Feature", "properties": { "id": "28814", "geo_fid": 28814, "geo_creati": 1530006285266, "geo_modifi": 1530006285266, "id_alpage": 28814, "id_num_sca": "ADO75CA_ANO590", "quartier": "Arsenal", "nom_entier": "Rue Beautreillis", "id_parc": "PA8576", "num_voies": "16", "geox": 602047, "geoy": 128126, "oid": 1161867, "arrondissement": "Paris 4e Arrondissement" }, "geometry": { "type": "MultiPoint", "coordinates": [ [ 2.364399321650396, 48.85359411440016 ] ] } },
{ "type": "Feature", "properties": { "id": "28817", "geo_fid": 28817, "geo_creati": 1530006285266, "geo_modifi": 1530006285266, "id_alpage": 28817, "id_num_sca": "ADO75CA_ANO591", "quartier": "Arsenal", "nom_entier": "Rue Saint Antoine", "id_parc": "PA8655", "num_voies": "186", "geox": 602060, "geoy": 128156, "oid": 1161870, "arrondissement": "Paris 4e Arrondissement" }, "geometry": { "type": "MultiPoint", "coordinates": [ [ 2.364580710100042, 48.853858457123337 ] ] } },
{ "type": "Feature", "properties": { "id": "28821", "geo_fid": 28821, "geo_creati": 1530006285266, "geo_modifi": 1530006285266, "id_alpage": 28821, "id_num_sca": "ADO75CA_ANO591", "quartier": "Arsenal", "nom_entier": "Rue Saint Antoine", "id_parc": "PA8603", "num_voies": "178", "geox": 602035, "geoy": 128170, "oid": 1161874, "arrondissement": "Paris 4e Arrondissement" }, "geometry": { "type": "MultiPoint", "coordinates": [ [ 2.364237371856416, 48.853989832621089 ] ] } },
{ "type": "Feature", "properties": { "id": "28851", "geo_fid": 28851, "geo_creati": 1530006285267, "geo_modifi": 1530006285267, "id_alpage": 28851, "id_num_sca": "ADO75CA_ANO591", "quartier": "Arsenal", "nom_entier": "Rue Saint Paul", "id_parc": "PA8614", "num_voies": "22", "geox": 601862, "geoy": 128126, "oid": 1161904, "arrondissement": "Paris 4e Arrondissement" }, "geometry": { "type": "MultiPoint", "coordinates": [ [ 2.361872821734395, 48.853594687798918 ] ] } },
{ "type": "Feature", "properties": { "id": "28852", "geo_fid": 28852, "geo_creati": 1530006285267, "geo_modifi": 1530006285267, "id_alpage": 28852, "id_num_sca": "ADO75CA_ANO591", "quartier": "Arsenal", "nom_entier": "Rue Saint Paul", "id_parc": "PA8612", "num_voies": "20", "geox": 601855, "geoy": 128116, "oid": 1161905, "arrondissement": "Paris 4e Arrondissement" }, "geometry": { "type": "MultiPoint", "coordinates": [ [ 2.361789648155282, 48.853499382868328 ] ] } },
{ "type": "Feature", "properties": { "id": "28859", "geo_fid": 28859, "geo_creati": 1530006285267, "geo_modifi": 1530006285267, "id_alpage": 28859, "id_num_sca": "ADO75CA_ANO591", "quartier": "Arsenal", "nom_entier": "Rue Beautreillis", "id_parc": "PA8623", "num_voies": "5", "geox": 601999, "geoy": 128069, "oid": 1161912, "arrondissement": "Paris 4e Arrondissement" }, "geometry": { "type": "MultiPoint", "coordinates": [ [ 2.363750387169261, 48.853078084749768 ] ] } },
{ "type": "Feature", "properties": { "id": "28866", "geo_fid": 28866, "geo_creati": 1530006285267, "geo_modifi": 1530006285267, "id_alpage": 28866, "id_num_sca": "ADO75CA_ANO591", "quartier": "Arsenal", "nom_entier": "Rue Beautreillis", "id_parc": "PA8654", "num_voies": "19", "geox": 602054, "geoy": 128143, "oid": 1161919, "arrondissement": "Paris 4e Arrondissement" }, "geometry": { "type": "MultiPoint", "coordinates": [ [ 2.364494794077292, 48.853742471556792 ] ] } },
{ "type": "Feature", "properties": { "id": "29057", "geo_fid": 29057, "geo_creati": 1530006285280, "geo_modifi": 1530006285280, "id_alpage": 29057, "id_num_sca": "ADO75CA_ANO597", "quartier": "Arsenal", "nom_entier": "Rue Saint Paul", "id_parc": "PA8522", "num_voies": "1", "geox": 601753, "geoy": 128007, "oid": 1162110, "arrondissement": "Paris 4e Arrondissement" }, "geometry": { "type": "MultiPoint", "coordinates": [ [ 2.360392397886077, 48.852522166054499 ] ] } },
{ "type": "Feature", "properties": { "id": "29096", "geo_fid": 29096, "geo_creati": 1530006285281, "geo_modifi": 1530006285281, "id_alpage": 29096, "id_num_sca": "ADO75CA_ANO598", "quartier": "Arsenal", "nom_entier": "Rue Saint Paul", "id_parc": "PA8416", "num_voies": "19", "geox": 601832, "geoy": 128101, "oid": 1162149, "arrondissement": "Paris 4e Arrondissement" }, "geometry": { "type": "MultiPoint", "coordinates": [ [ 2.36146797846565, 48.853363661519765 ] ] } },
{ "type": "Feature", "properties": { "id": "29117", "geo_fid": 29117, "geo_creati": 1530006285281, "geo_modifi": 1530006285281, "id_alpage": 29117, "id_num_sca": "ADO75CA_ANO599", "quartier": "Arsenal", "nom_entier": "Rue Neuve Saint Paul", "id_parc": "PA8544", "num_voies": "15", "geox": 601893, "geoy": 128072, "oid": 1162170, "arrondissement": "Paris 4e Arrondissement" }, "geometry": { "type": "MultiPoint", "coordinates": [ [ 2.362304558755779, 48.85310269186445 ] ] } },
{ "type": "Feature", "properties": { "id": "29118", "geo_fid": 29118, "geo_creati": 1530006285281, "geo_modifi": 1530006285281, "id_alpage": 29118, "id_num_sca": "ADO75CA_ANO599", "quartier": "Arsenal", "nom_entier": "Rue Neuve Saint Paul", "id_parc": "PA8548", "num_voies": "13", "geox": 601899, "geoy": 128067, "oid": 1162171, "arrondissement": "Paris 4e Arrondissement" }, "geometry": { "type": "MultiPoint", "coordinates": [ [ 2.362383576244996, 48.853063106501061 ] ] } },
{ "type": "Feature", "properties": { "id": "29141", "geo_fid": 29141, "geo_creati": 1530006285282, "geo_modifi": 1530006285282, "id_alpage": 29141, "id_num_sca": "ADO75CA_ANO599", "quartier": "Arsenal", "nom_entier": "Rue des Lions", "id_parc": "PA8549", "num_voies": "8", "geox": 601897, "geoy": 127984, "oid": 1162194, "arrondissement": "Paris 4e Arrondissement" }, "geometry": { "type": "MultiPoint", "coordinates": [ [ 2.362361395903534, 48.852317614717194 ] ] } },
{ "type": "Feature", "properties": { "id": "29147", "geo_fid": 29147, "geo_creati": 1530006285282, "geo_modifi": 1530006285282, "id_alpage": 29147, "id_num_sca": "ADO75CA_ANO600", "quartier": "Arsenal", "nom_entier": "Rue des Lions", "id_parc": "PA8528", "num_voies": "11", "geox": 601867, "geoy": 128006, "oid": 1162200, "arrondissement": "Paris 4e Arrondissement" }, "geometry": { "type": "MultiPoint", "coordinates": [ [ 2.361944507157736, 48.852510149997968 ] ] } },
{ "type": "Feature", "properties": { "id": "29159", "geo_fid": 29159, "geo_creati": 1530006285282, "geo_modifi": 1530006285282, "id_alpage": 29159, "id_num_sca": "ADO75CA_ANO600", "quartier": "Arsenal", "nom_entier": "Quai des Célestins", "id_parc": "PA8527", "num_voies": "22", "geox": 601809, "geoy": 127969, "oid": 1162212, "arrondissement": "Paris 4e Arrondissement" }, "geometry": { "type": "MultiPoint", "coordinates": [ [ 2.361156706696434, 48.852177587140197 ] ] } },
{ "type": "Feature", "properties": { "id": "8227", "geo_fid": 8227, "geo_creati": 1530006283789, "geo_modifi": 1530006283789, "id_alpage": 8227, "id_num_sca": "ADO75CA_ANO576", "quartier": "Faubourg Saint-Antoine", "nom_entier": "Rue de Montreuil", "id_parc": "PA9082", "num_voies": "42", "geox": 603757, "geoy": 127773, "oid": 1141280, "arrondissement": "Paris 11e Arrondissement" }, "geometry": { "type": "MultiPoint", "coordinates": [ [ 2.387697397453489, 48.850407264342934 ] ] } },
{ "type": "Feature", "properties": { "id": "8246", "geo_fid": 8246, "geo_creati": 1530006283789, "geo_modifi": 1530006283789, "id_alpage": 8246, "id_num_sca": "ADO75CA_ANO576", "quartier": "Faubourg Saint-Antoine", "nom_entier": "Rue de Montreuil", "id_parc": "PA9104", "num_voies": "4", "geox": 603500, "geoy": 127778, "oid": 1141299, "arrondissement": "Paris 11e Arrondissement" }, "geometry": { "type": "MultiPoint", "coordinates": [ [ 2.384194084805756, 48.850450125901411 ] ] } },
{ "type": "Feature", "properties": { "id": "8260", "geo_fid": 8260, "geo_creati": 1530006283790, "geo_modifi": 1530006283790, "id_alpage": 8260, "id_num_sca": "ADO75CA_ANO576", "quartier": "Faubourg Saint-Antoine", "nom_entier": "Rue du Faubourg Saint Antoine", "id_parc": "PA9091", "num_voies": "263", "geox": 603595, "geoy": 127736, "oid": 1141313, "arrondissement": "Paris 11e Arrondissement" }, "geometry": { "type": "MultiPoint", "coordinates": [ [ 2.385497768186429, 48.850072787017972 ] ] } },
{ "type": "Feature", "properties": { "id": "8338", "geo_fid": 8338, "geo_creati": 1530006283791, "geo_modifi": 1530006283791, "id_alpage": 8338, "id_num_sca": "ADO75CA_ANO578", "quartier": "Faubourg Saint-Antoine", "nom_entier": "Rue de Montreuil", "id_parc": "PA9058", "num_voies": "47", "geox": 603773, "geoy": 127776, "oid": 1141391, "arrondissement": "Paris 11e Arrondissement" }, "geometry": { "type": "MultiPoint", "coordinates": [ [ 2.387918172900498, 48.85043414469672 ] ] } },
{ "type": "Feature", "properties": { "id": "8344", "geo_fid": 8344, "geo_creati": 1530006283792, "geo_modifi": 1530006283792, "id_alpage": 8344, "id_num_sca": "ADO75CA_ANO578", "quartier": "Faubourg Saint-Antoine", "nom_entier": "Rue de Montreuil", "id_parc": "PA9119", "num_voies": "59", "geox": 603850, "geoy": 127778, "oid": 1141397, "arrondissement": "Paris 11e Arrondissement" }, "geometry": { "type": "MultiPoint", "coordinates": [ [ 2.388967425286645, 48.850450760157038 ] ] } },
{ "type": "Feature", "properties": { "id": "8346", "geo_fid": 8346, "geo_creati": 1530006283792, "geo_modifi": 1530006283792, "id_alpage": 8346, "id_num_sca": "ADO75CA_ANO578", "quartier": "Faubourg Saint-Antoine", "nom_entier": "Rue de Montreuil", "id_parc": "PA9120", "num_voies": "61", "geox": 603860, "geoy": 127779, "oid": 1141399, "arrondissement": "Paris 11e Arrondissement" }, "geometry": { "type": "MultiPoint", "coordinates": [ [ 2.389096882919477, 48.850456996318101 ] ] } },
{ "type": "Feature", "properties": { "id": "8355", "geo_fid": 8355, "geo_creati": 1530006283792, "geo_modifi": 1530006283792, "id_alpage": 8355, "id_num_sca": "ADO75CA_ANO578", "quartier": "Faubourg Saint-Antoine", "nom_entier": "Rue de Montreuil", "id_parc": "PA9127", "num_voies": "79", "geox": 603925, "geoy": 127781, "oid": 1141408, "arrondissement": "Paris 11e Arrondissement" }, "geometry": { "type": "MultiPoint", "coordinates": [ [ 2.389986708810486, 48.850475473280028 ] ] } },
{ "type": "Feature", "properties": { "id": "8424", "geo_fid": 8424, "geo_creati": 1530006283806, "geo_modifi": 1530006283806, "id_alpage": 8424, "id_num_sca": "ADO75CA_ANO579", "quartier": "Faubourg Saint-Antoine", "nom_entier": "Rue Saint Bernard", "id_parc": "PA8996", "num_voies": "3", "geox": 603296, "geoy": 127800, "oid": 1141477, "arrondissement": "Paris 11e Arrondissement" }, "geometry": { "type": "MultiPoint", "coordinates": [ [ 2.381418558716599, 48.850650872480479 ] ] } },
{ "type": "Feature", "properties": { "id": "8434", "geo_fid": 8434, "geo_creati": 1530006283806, "geo_modifi": 1530006283806, "id_alpage": 8434, "id_num_sca": "ADO75CA_ANO579", "quartier": "Faubourg Saint-Antoine", "nom_entier": "Impasse de la Forge", "id_parc": "PA8987", "num_voies": "2", "geox": 603203, "geoy": 127794, "oid": 1141487, "arrondissement": "Paris 11e Arrondissement" }, "geometry": { "type": "MultiPoint", "coordinates": [ [ 2.380148523068257, 48.850596501432058 ] ] } },
{ "type": "Feature", "properties": { "id": "8462", "geo_fid": 8462, "geo_creati": 1530006283807, "geo_modifi": 1530006283807, "id_alpage": 8462, "id_num_sca": "ADO75CA_ANO579", "quartier": "Faubourg Saint-Antoine", "nom_entier": "Rue Sainte Marguerite", "id_parc": "PA8954", "num_voies": "24", "geox": 603111, "geoy": 127911, "oid": 1141515, "arrondissement": "Paris 11e Arrondissement" }, "geometry": { "type": "MultiPoint", "coordinates": [ [ 2.378898501815294, 48.851657206577492 ] ] } },
{ "type": "Feature", "properties": { "id": "8467", "geo_fid": 8467, "geo_creati": 1530006283807, "geo_modifi": 1530006283807, "id_alpage": 8467, "id_num_sca": "ADO75CA_ANO579", "quartier": "Faubourg Saint-Antoine", "nom_entier": "Rue Sainte Marguerite", "id_parc": "PA8949", "num_voies": "34", "geox": 603119, "geoy": 127947, "oid": 1141520, "arrondissement": "Paris 11e Arrondissement" }, "geometry": { "type": "MultiPoint", "coordinates": [ [ 2.37900505879291, 48.851976409296512 ] ] } },
{ "type": "Feature", "properties": { "id": "8505", "geo_fid": 8505, "geo_creati": 1530006283808, "geo_modifi": 1530006283808, "id_alpage": 8505, "id_num_sca": "ADO75CA_ANO580", "quartier": "Faubourg Saint-Antoine", "nom_entier": null, "id_parc": "PA26535", "num_voies": "141", "geox": 603016, "geoy": 127837, "oid": 1141558, "arrondissement": "Paris 11e Arrondissement" }, "geometry": { "type": "MultiPoint", "coordinates": [ [ 2.377600692437415, 48.850990412895243 ] ] } },
{ "type": "Feature", "properties": { "id": "8517", "geo_fid": 8517, "geo_creati": 1530006283808, "geo_modifi": 1530006283808, "id_alpage": 8517, "id_num_sca": "ADO75CA_ANO580", "quartier": "Faubourg Saint-Antoine", "nom_entier": "Rue du Faubourg Saint Honoré", "id_parc": "PA8885", "num_voies": "117", "geox": 602931, "geoy": 127870, "oid": 1141570, "arrondissement": "Paris 11e Arrondissement" }, "geometry": { "type": "MultiPoint", "coordinates": [ [ 2.376444028684111, 48.851285777396669 ] ] } },
{ "type": "Feature", "properties": { "id": "8527", "geo_fid": 8527, "geo_creati": 1530006283808, "geo_modifi": 1530006283808, "id_alpage": 8527, "id_num_sca": "ADO75CA_ANO580", "quartier": "Faubourg Saint-Antoine", "nom_entier": "Rue du Faubourg Saint Antoine", "id_parc": "PA8868", "num_voies": "97", "geox": 602858, "geoy": 127898, "oid": 1141580, "arrondissement": "Paris 11e Arrondissement" }, "geometry": { "type": "MultiPoint", "coordinates": [ [ 2.375448112147351, 48.851536112859947 ] ] } },
{ "type": "Feature", "properties": { "id": "8542", "geo_fid": 8542, "geo_creati": 1530006283809, "geo_modifi": 1530006283809, "id_alpage": 8542, "id_num_sca": "ADO75CA_ANO580", "quartier": "Faubourg Saint-Antoine", "nom_entier": "Rue du Faubourg Saint Antoine", "id_parc": "PA8854", "num_voies": "69", "geox": 602759, "geoy": 127933, "oid": 1141595, "arrondissement": "Paris 11e Arrondissement" }, "geometry": { "type": "MultiPoint", "coordinates": [ [ 2.374104749653781, 48.851850400728601 ] ] } },
{ "type": "Feature", "properties": { "id": "8551", "geo_fid": 8551, "geo_creati": 1530006283809, "geo_modifi": 1530006283809, "id_alpage": 8551, "id_num_sca": "ADO75CA_ANO580", "quartier": "Faubourg Saint-Antoine", "nom_entier": "Rue de Charonne", "id_parc": "PA8841", "num_voies": "16", "geox": 602791, "geoy": 128029, "oid": 1141604, "arrondissement": "Paris 11e Arrondissement" }, "geometry": { "type": "MultiPoint", "coordinates": [ [ 2.37454009086379, 48.852710862835671 ] ] } },
{ "type": "Feature", "properties": { "id": "8570", "geo_fid": 8570, "geo_creati": 1530006283809, "geo_modifi": 1530006283809, "id_alpage": 8570, "id_num_sca": "ADO75CA_ANO580", "quartier": "Faubourg Saint-Antoine", "nom_entier": "Rue de Charonne", "id_parc": "PA8870", "num_voies": "54", "geox": 603105, "geoy": 128093, "oid": 1141623, "arrondissement": "Paris 11e Arrondissement" }, "geometry": { "type": "MultiPoint", "coordinates": [ [ 2.378819467820513, 48.853287616084501 ] ] } },
{ "type": "Feature", "properties": { "id": "8588", "geo_fid": 8588, "geo_creati": 1530006283810, "geo_modifi": 1530006283810, "id_alpage": 8588, "id_num_sca": "ADO75CA_ANO581", "quartier": "Faubourg Saint-Antoine", "nom_entier": "Rue du Faubourg Saint Antoine", "id_parc": "PA8813", "num_voies": "51", "geox": 602655, "geoy": 127978, "oid": 1141641, "arrondissement": "Paris 11e Arrondissement" }, "geometry": { "type": "MultiPoint", "coordinates": [ [ 2.37268784842108, 48.852253723608236 ] ] } },
{ "type": "Feature", "properties": { "id": "8595", "geo_fid": 8595, "geo_creati": 1530006283810, "geo_modifi": 1530006283810, "id_alpage": 8595, "id_num_sca": "ADO75CA_ANO581", "quartier": "Faubourg Saint-Antoine", "nom_entier": "Rue du Faubourg Saint Antoine", "id_parc": "PA8793", "num_voies": "39", "geox": 602606, "geoy": 128000, "oid": 1141648, "arrondissement": "Paris 11e Arrondissement" }, "geometry": { "type": "MultiPoint", "coordinates": [ [ 2.372014816814079, 48.852451770576472 ] ] } },
{ "type": "Feature", "properties": { "id": "8600", "geo_fid": 8600, "geo_creati": 1530006283810, "geo_modifi": 1530006283810, "id_alpage": 8600, "id_num_sca": "ADO75CA_ANO581", "quartier": "Faubourg Saint-Antoine", "nom_entier": "Rue du Faubourg Saint Antoine", "id_parc": "PA8799", "num_voies": "31", "geox": 602581, "geoy": 128014, "oid": 1141653, "arrondissement": "Paris 11e Arrondissement" }, "geometry": { "type": "MultiPoint", "coordinates": [ [ 2.371670143978936, 48.852581370290721 ] ] } },
{ "type": "Feature", "properties": { "id": "8650", "geo_fid": 8650, "geo_creati": 1530006283821, "geo_modifi": 1530006283821, "id_alpage": 8650, "id_num_sca": "ADO75CA_ANO581", "quartier": "Faubourg Saint-Antoine", "nom_entier": "Rue de Lappe", "id_parc": "PA8820", "num_voies": "38", "geox": 602721, "geoy": 128087, "oid": 1141703, "arrondissement": "Paris 11e Arrondissement" }, "geometry": { "type": "MultiPoint", "coordinates": [ [ 2.373586582166349, 48.853237244778981 ] ] } },
{ "type": "Feature", "properties": { "id": "8666", "geo_fid": 8666, "geo_creati": 1530006283822, "geo_modifi": 1530006283822, "id_alpage": 8666, "id_num_sca": "ADO75CA_ANO582", "quartier": "Faubourg Saint-Antoine", "nom_entier": "Rue d' Aral", "id_parc": "PA8732", "num_voies": "3", "geox": 602539, "geoy": 128232, "oid": 1141719, "arrondissement": "Paris 11e Arrondissement" }, "geometry": { "type": "MultiPoint", "coordinates": [ [ 2.371100508397297, 48.854542853565448 ] ] } },
{ "type": "Feature", "properties": { "id": "8255", "geo_fid": 8255, "geo_creati": 1530006283790, "geo_modifi": 1530006283790, "id_alpage": 8255, "id_num_sca": "ADO75CA_ANO576", "quartier": "Faubourg Saint-Antoine", "nom_entier": "Rue du Faubourg Saint Antoine", "id_parc": "PA9094", "num_voies": "253", "geox": 603562, "geoy": 127743, "oid": 1141308, "arrondissement": "Paris 11e Arrondissement" }, "geometry": { "type": "MultiPoint", "coordinates": [ [ 2.385046801697902, 48.85014042223105 ] ] } },
{ "type": "Feature", "properties": { "id": "8262", "geo_fid": 8262, "geo_creati": 1530006283790, "geo_modifi": 1530006283790, "id_alpage": 8262, "id_num_sca": "ADO75CA_ANO576", "quartier": "Faubourg Saint-Antoine", "nom_entier": "Rue du Faubourg Saint Antoine", "id_parc": "PA9090", "num_voies": "267", "geox": 603615, "geoy": 127730, "oid": 1141315, "arrondissement": "Paris 11e Arrondissement" }, "geometry": { "type": "MultiPoint", "coordinates": [ [ 2.385762072363925, 48.850025013524686 ] ] } },
{ "type": "Feature", "properties": { "id": "8289", "geo_fid": 8289, "geo_creati": 1530006283790, "geo_modifi": 1530006283790, "id_alpage": 8289, "id_num_sca": "ADO75CA_ANO576", "quartier": "Faubourg Saint-Antoine", "nom_entier": "Rue du Faubourg Saint Antoine", "id_parc": "PA9109", "num_voies": "321", "geox": 603965, "geoy": 127648, "oid": 1141342, "arrondissement": "Paris 11e Arrondissement" }, "geometry": { "type": "MultiPoint", "coordinates": [ [ 2.390527764567373, 48.849284585373063 ] ] } },
{ "type": "Feature", "properties": { "id": "8290", "geo_fid": 8290, "geo_creati": 1530006283790, "geo_modifi": 1530006283790, "id_alpage": 8290, "id_num_sca": "ADO75CA_ANO576", "quartier": "Faubourg Saint-Antoine", "nom_entier": "Rue du Faubourg Saint Antoine", "id_parc": "PA9111", "num_voies": "323", "geox": 603979, "geoy": 127645, "oid": 1141343, "arrondissement": "Paris 11e Arrondissement" }, "geometry": { "type": "MultiPoint", "coordinates": [ [ 2.390729403875688, 48.849259311426167 ] ] } },
{ "type": "Feature", "properties": { "id": "8292", "geo_fid": 8292, "geo_creati": 1530006283790, "geo_modifi": 1530006283790, "id_alpage": 8292, "id_num_sca": "ADO75CA_ANO576", "quartier": "Faubourg Saint-Antoine", "nom_entier": "Rue du Faubourg Saint Antoine", "id_parc": "PA9112", "num_voies": "325bis", "geox": 603999, "geoy": 127642, "oid": 1141345, "arrondissement": "Paris 11e Arrondissement" }, "geometry": { "type": "MultiPoint", "coordinates": [ [ 2.390999171505768, 48.849232206508944 ] ] } },
{ "type": "Feature", "properties": { "id": "8303", "geo_fid": 8303, "geo_creati": 1530006283791, "geo_modifi": 1530006283791, "id_alpage": 8303, "id_num_sca": "ADO75CA_ANO578", "quartier": "Faubourg Saint-Antoine", "nom_entier": "Rue du Faubourg Saint Antoine", "id_parc": "PA9026", "num_voies": "209", "geox": 603352, "geoy": 127782, "oid": 1141356, "arrondissement": "Paris 11e Arrondissement" }, "geometry": { "type": "MultiPoint", "coordinates": [ [ 2.382177411580641, 48.850493203559878 ] ] } },
{ "type": "Feature", "properties": { "id": "8312", "geo_fid": 8312, "geo_creati": 1530006283791, "geo_modifi": 1530006283791, "id_alpage": 8312, "id_num_sca": "ADO75CA_ANO578", "quartier": "Faubourg Saint-Antoine", "nom_entier": null, "id_parc": "PA9015", "num_voies": "227", "geox": 603434, "geoy": 127782, "oid": 1141365, "arrondissement": "Paris 11e Arrondissement" }, "geometry": { "type": "MultiPoint", "coordinates": [ [ 2.383292053564077, 48.850491859964755 ] ] } },
{ "type": "Feature", "properties": { "id": "8322", "geo_fid": 8322, "geo_creati": 1530006283791, "geo_modifi": 1530006283791, "id_alpage": 8322, "id_num_sca": "ADO75CA_ANO578", "quartier": "Faubourg Saint-Antoine", "nom_entier": "Rue de Montreuil", "id_parc": "PA9046", "num_voies": "15", "geox": 603523, "geoy": 127782, "oid": 1141375, "arrondissement": "Paris 11e Arrondissement" }, "geometry": { "type": "MultiPoint", "coordinates": [ [ 2.384517068791196, 48.850489560548461 ] ] } },
{ "type": "Feature", "properties": { "id": "8336", "geo_fid": 8336, "geo_creati": 1530006283791, "geo_modifi": 1530006283791, "id_alpage": 8336, "id_num_sca": "ADO75CA_ANO578", "quartier": "Faubourg Saint-Antoine", "nom_entier": "Rue de Montreuil", "id_parc": "PA9065", "num_voies": "43", "geox": 603756, "geoy": 127776, "oid": 1141389, "arrondissement": "Paris 11e Arrondissement" }, "geometry": { "type": "MultiPoint", "coordinates": [ [ 2.38769197609396, 48.850436043454074 ] ] } },
{ "type": "Feature", "properties": { "id": "8387", "geo_fid": 8387, "geo_creati": 1530006283793, "geo_modifi": 1530006283793, "id_alpage": 8387, "id_num_sca": "ADO75CA_ANO578", "quartier": "Faubourg Saint-Antoine", "nom_entier": "Rue de Charonne", "id_parc": "PA9001", "num_voies": "76", "geox": 603288, "geoy": 128141, "oid": 1141440, "arrondissement": "Paris 11e Arrondissement" }, "geometry": { "type": "MultiPoint", "coordinates": [ [ 2.381310903071399, 48.853717432696072 ] ] } },
{ "type": "Feature", "properties": { "id": "8388", "geo_fid": 8388, "geo_creati": 1530006283793, "geo_modifi": 1530006283793, "id_alpage": 8388, "id_num_sca": "ADO75CA_ANO578", "quartier": "Faubourg Saint-Antoine", "nom_entier": "Rue de Charonne", "id_parc": "PA9003", "num_voies": "74", "geox": 603249, "geoy": 128130, "oid": 1141441, "arrondissement": "Paris 11e Arrondissement" }, "geometry": { "type": "MultiPoint", "coordinates": [ [ 2.380775261798955, 48.853617819036039 ] ] } },
{ "type": "Feature", "properties": { "id": "8441", "geo_fid": 8441, "geo_creati": 1530006283806, "geo_modifi": 1530006283806, "id_alpage": 8441, "id_num_sca": "ADO75CA_ANO579", "quartier": "Faubourg Saint-Antoine", "nom_entier": "Rue du Faubourg Saint Antoine", "id_parc": "PA8971", "num_voies": "175", "geox": 603183, "geoy": 127788, "oid": 1141494, "arrondissement": "Paris 11e Arrondissement" }, "geometry": { "type": "MultiPoint", "coordinates": [ [ 2.379873226743662, 48.850548043900965 ] ] } },
{ "type": "Feature", "properties": { "id": "8457", "geo_fid": 8457, "geo_creati": 1530006283807, "geo_modifi": 1530006283807, "id_alpage": 8457, "id_num_sca": "ADO75CA_ANO579", "quartier": "Faubourg Saint-Antoine", "nom_entier": "Rue Sainte Marguerite", "id_parc": "PA8960", "num_voies": "14", "geox": 603102, "geoy": 127871, "oid": 1141510, "arrondissement": "Paris 11e Arrondissement" }, "geometry": { "type": "MultiPoint", "coordinates": [ [ 2.378776917036269, 48.85129034780126 ] ] } },
{ "type": "Feature", "properties": { "id": "8466", "geo_fid": 8466, "geo_creati": 1530006283807, "geo_modifi": 1530006283807, "id_alpage": 8466, "id_num_sca": "ADO75CA_ANO579", "quartier": "Faubourg Saint-Antoine", "nom_entier": "Rue Sainte Marguerite", "id_parc": "PA8950", "num_voies": "32", "geox": 603117, "geoy": 127937, "oid": 1141519, "arrondissement": "Paris 11e Arrondissement" }, "geometry": { "type": "MultiPoint", "coordinates": [ [ 2.378976368411559, 48.85188829110723 ] ] } },
{ "type": "Feature", "properties": { "id": "8469", "geo_fid": 8469, "geo_creati": 1530006283807, "geo_modifi": 1530006283807, "id_alpage": 8469, "id_num_sca": "ADO75CA_ANO579", "quartier": "Faubourg Saint-Antoine", "nom_entier": "Rue Sainte Marguerite", "id_parc": "PA8947", "num_voies": "38", "geox": 603122, "geoy": 127963, "oid": 1141522, "arrondissement": "Paris 11e Arrondissement" }, "geometry": { "type": "MultiPoint", "coordinates": [ [ 2.379054240270762, 48.852124771217127 ] ] } },
{ "type": "Feature", "properties": { "id": "8487", "geo_fid": 8487, "geo_creati": 1530006283807, "geo_modifi": 1530006283807, "id_alpage": 8487, "id_num_sca": "ADO75CA_ANO580", "quartier": "Faubourg Saint-Antoine", "nom_entier": "Rue Sainte Marguerite", "id_parc": "PA8923", "num_voies": "19", "geox": 603104, "geoy": 127897, "oid": 1141540, "arrondissement": "Paris 11e Arrondissement" }, "geometry": { "type": "MultiPoint", "coordinates": [ [ 2.378796193601005, 48.851528647938807 ] ] } },
{ "type": "Feature", "properties": { "id": "8537", "geo_fid": 8537, "geo_creati": 1530006283809, "geo_modifi": 1530006283809, "id_alpage": 8537, "id_num_sca": "ADO75CA_ANO580", "quartier": "Faubourg Saint-Antoine", "nom_entier": "Rue du Faubourg Saint Antoine", "id_parc": "PA8860", "num_voies": "77", "geox": 602788, "geoy": 127924, "oid": 1141590, "arrondissement": "Paris 11e Arrondissement" }, "geometry": { "type": "MultiPoint", "coordinates": [ [ 2.374495776498963, 48.851766641425598 ] ] } },
{ "type": "Feature", "properties": { "id": "8561", "geo_fid": 8561, "geo_creati": 1530006283809, "geo_modifi": 1530006283809, "id_alpage": 8561, "id_num_sca": "ADO75CA_ANO580", "quartier": "Faubourg Saint-Antoine", "nom_entier": "Rue de Charonne", "id_parc": "PA8846", "num_voies": "36", "geox": 602919, "geoy": 128086, "oid": 1141614, "arrondissement": "Paris 11e Arrondissement" }, "geometry": { "type": "MultiPoint", "coordinates": [ [ 2.376288846059157, 48.853225560913479 ] ] } },
{ "type": "Feature", "properties": { "id": "8639", "geo_fid": 8639, "geo_creati": 1530006283821, "geo_modifi": 1530006283821, "id_alpage": 8639, "id_num_sca": "ADO75CA_ANO581", "quartier": "Faubourg Saint-Antoine", "nom_entier": "Rue de Lappe", "id_parc": "PA8768", "num_voies": "16", "geox": 602621, "geoy": 128162, "oid": 1141692, "arrondissement": "Paris 11e Arrondissement" }, "geometry": { "type": "MultiPoint", "coordinates": [ [ 2.372225702240603, 48.853914822113644 ] ] } },
{ "type": "Feature", "properties": { "id": "8653", "geo_fid": 8653, "geo_creati": 1530006283821, "geo_modifi": 1530006283821, "id_alpage": 8653, "id_num_sca": "ADO75CA_ANO581", "quartier": "Faubourg Saint-Antoine", "nom_entier": "Rue de Lappe", "id_parc": "PA8821", "num_voies": "44", "geox": 602748, "geoy": 128068, "oid": 1141706, "arrondissement": "Paris 11e Arrondissement" }, "geometry": { "type": "MultiPoint", "coordinates": [ [ 2.373957112934089, 48.853062667347174 ] ] } },
{ "type": "Feature", "properties": { "id": "8657", "geo_fid": 8657, "geo_creati": 1530006283822, "geo_modifi": 1530006283822, "id_alpage": 8657, "id_num_sca": "ADO75CA_ANO582", "quartier": "Faubourg Saint-Antoine", "nom_entier": null, "id_parc": "PA8739", "num_voies": "9", "geox": 602487, "geoy": 128133, "oid": 1141710, "arrondissement": "Paris 11e Arrondissement" }, "geometry": { "type": "MultiPoint", "coordinates": [ [ 2.370399460617854, 48.853656376943462 ] ] } },
{ "type": "Feature", "properties": { "id": "8659", "geo_fid": 8659, "geo_creati": 1530006283822, "geo_modifi": 1530006283822, "id_alpage": 8659, "id_num_sca": "ADO75CA_ANO582", "quartier": "Faubourg Saint-Antoine", "nom_entier": null, "id_parc": "PA8742", "num_voies": "5", "geox": 602463, "geoy": 128136, "oid": 1141712, "arrondissement": "Paris 11e Arrondissement" }, "geometry": { "type": "MultiPoint", "coordinates": [ [ 2.370073785177379, 48.853682550005175 ] ] } },
{ "type": "Feature", "properties": { "id": "8667", "geo_fid": 8667, "geo_creati": 1530006283822, "geo_modifi": 1530006283822, "id_alpage": 8667, "id_num_sca": "ADO75CA_ANO582", "quartier": "Faubourg Saint-Antoine", "nom_entier": "Rue d' Aral", "id_parc": "PA8753", "num_voies": "1", "geox": 602545, "geoy": 128225, "oid": 1141720, "arrondissement": "Paris 11e Arrondissement" }, "geometry": { "type": "MultiPoint", "coordinates": [ [ 2.37118904324928, 48.854478079657575 ] ] } },
{ "type": "Feature", "properties": { "id": "8220", "geo_fid": 8220, "geo_creati": 1530006283789, "geo_modifi": 1530006283789, "id_alpage": 8220, "id_num_sca": "ADO75CA_ANO576", "quartier": "Faubourg Saint-Antoine", "nom_entier": "Rue de Montreuil", "id_parc": "PA9074", "num_voies": "56", "geox": 603900, "geoy": 127776, "oid": 1141273, "arrondissement": "Paris 11e Arrondissement" }, "geometry": { "type": "MultiPoint", "coordinates": [ [ 2.389652819440458, 48.850436059112447 ] ] } },
{ "type": "Feature", "properties": { "id": "8230", "geo_fid": 8230, "geo_creati": 1530006283789, "geo_modifi": 1530006283789, "id_alpage": 8230, "id_num_sca": "ADO75CA_ANO576", "quartier": "Faubourg Saint-Antoine", "nom_entier": "Rue de Montreuil", "id_parc": "PA9088", "num_voies": "36", "geox": 603669, "geoy": 127773, "oid": 1141283, "arrondissement": "Paris 11e Arrondissement" }, "geometry": { "type": "MultiPoint", "coordinates": [ [ 2.38649963901748, 48.850411384666884 ] ] } },
{ "type": "Feature", "properties": { "id": "8235", "geo_fid": 8235, "geo_creati": 1530006283789, "geo_modifi": 1530006283789, "id_alpage": 8235, "id_num_sca": "ADO75CA_ANO576", "quartier": "Faubourg Saint-Antoine", "nom_entier": "Rue de Montreuil", "id_parc": "PA9091", "num_voies": "26", "geox": 603604, "geoy": 127774, "oid": 1141288, "arrondissement": "Paris 11e Arrondissement" }, "geometry": { "type": "MultiPoint", "coordinates": [ [ 2.385611206214562, 48.850421656652927 ] ] } },
{ "type": "Feature", "properties": { "id": "8242", "geo_fid": 8242, "geo_creati": 1530006283789, "geo_modifi": 1530006283789, "id_alpage": 8242, "id_num_sca": "ADO75CA_ANO576", "quartier": "Faubourg Saint-Antoine", "nom_entier": "Rue de Montreuil", "id_parc": "PA9100", "num_voies": "12", "geox": 603541, "geoy": 127776, "oid": 1141295, "arrondissement": "Paris 11e Arrondissement" }, "geometry": { "type": "MultiPoint", "coordinates": [ [ 2.384758210342119, 48.850440899700082 ] ] } },
{ "type": "Feature", "properties": { "id": "8264", "geo_fid": 8264, "geo_creati": 1530006283790, "geo_modifi": 1530006283790, "id_alpage": 8264, "id_num_sca": "ADO75CA_ANO576", "quartier": "Faubourg Saint-Antoine", "nom_entier": "Rue du Faubourg Saint Antoine", "id_parc": "PA9090", "num_voies": "271", "geox": 603639, "geoy": 127724, "oid": 1141317, "arrondissement": "Paris 11e Arrondissement" }, "geometry": { "type": "MultiPoint", "coordinates": [ [ 2.386089050821074, 48.849970917705399 ] ] } },
{ "type": "Feature", "properties": { "id": "8288", "geo_fid": 8288, "geo_creati": 1530006283790, "geo_modifi": 1530006283790, "id_alpage": 8288, "id_num_sca": "ADO75CA_ANO576", "quartier": "Faubourg Saint-Antoine", "nom_entier": "Rue du Faubourg Saint Antoine", "id_parc": "PA9108", "num_voies": "319", "geox": 603954, "geoy": 127650, "oid": 1141341, "arrondissement": "Paris 11e Arrondissement" }, "geometry": { "type": "MultiPoint", "coordinates": [ [ 2.390386075153898, 48.849305334702194 ] ] } },
{ "type": "Feature", "properties": { "id": "8291", "geo_fid": 8291, "geo_creati": 1530006283790, "geo_modifi": 1530006283790, "id_alpage": 8291, "id_num_sca": "ADO75CA_ANO576", "quartier": "Faubourg Saint-Antoine", "nom_entier": "Rue du Faubourg Saint Antoine", "id_parc": "PA9110", "num_voies": "325", "geox": 603991, "geoy": 127644, "oid": 1141344, "arrondissement": "Paris 11e Arrondissement" }, "geometry": { "type": "MultiPoint", "coordinates": [ [ 2.390883362323271, 48.849243951539002 ] ] } },
{ "type": "Feature", "properties": { "id": "8315", "geo_fid": 8315, "geo_creati": 1530006283791, "geo_modifi": 1530006283791, "id_alpage": 8315, "id_num_sca": "ADO75CA_ANO578", "quartier": "Faubourg Saint-Antoine", "nom_entier": "Rue Saint Julien", "id_parc": "PA9017", "num_voies": "1", "geox": 603468, "geoy": 127782, "oid": 1141368, "arrondissement": "Paris 11e Arrondissement" }, "geometry": { "type": "MultiPoint", "coordinates": [ [ 2.383759442976801, 48.850494368231011 ] ] } },
{ "type": "Feature", "properties": { "id": "8329", "geo_fid": 8329, "geo_creati": 1530006283791, "geo_modifi": 1530006283791, "id_alpage": 8329, "id_num_sca": "ADO75CA_ANO578", "quartier": "Faubourg Saint-Antoine", "nom_entier": "Rue de Montreuil", "id_parc": "PA9037", "num_voies": "29", "geox": 603577, "geoy": 127781, "oid": 1141382, "arrondissement": "Paris 11e Arrondissement" }, "geometry": { "type": "MultiPoint", "coordinates": [ [ 2.385250162528287, 48.850480261799106 ] ] } },
{ "type": "Feature", "properties": { "id": "8345", "geo_fid": 8345, "geo_creati": 1530006283792, "geo_modifi": 1530006283792, "id_alpage": 8345, "id_num_sca": "ADO75CA_ANO578", "quartier": "Faubourg Saint-Antoine", "nom_entier": "Rue de Montreuil", "id_parc": "PA9118", "num_voies": "59bis", "geox": 603855, "geoy": 127778, "oid": 1141398, "arrondissement": "Paris 11e Arrondissement" }, "geometry": { "type": "MultiPoint", "coordinates": [ [ 2.389034197594834, 48.850453427692436 ] ] } },
{ "type": "Feature", "properties": { "id": "8347", "geo_fid": 8347, "geo_creati": 1530006283792, "geo_modifi": 1530006283792, "id_alpage": 8347, "id_num_sca": "ADO75CA_ANO578", "quartier": "Faubourg Saint-Antoine", "nom_entier": "Rue de Montreuil", "id_parc": "PA9121", "num_voies": "63", "geox": 603865, "geoy": 127778, "oid": 1141400, "arrondissement": "Paris 11e Arrondissement" }, "geometry": { "type": "MultiPoint", "coordinates": [ [ 2.389177277915093, 48.850456060490195 ] ] } },
{ "type": "Feature", "properties": { "id": "8356", "geo_fid": 8356, "geo_creati": 1530006283792, "geo_modifi": 1530006283792, "id_alpage": 8356, "id_num_sca": "ADO75CA_ANO578", "quartier": "Faubourg Saint-Antoine", "nom_entier": "Rue de Montreuil", "id_parc": "PA9127", "num_voies": "81", "geox": 603929, "geoy": 127781, "oid": 1141409, "arrondissement": "Paris 11e Arrondissement" }, "geometry": { "type": "MultiPoint", "coordinates": [ [ 2.390048028721734, 48.850476344197489 ] ] } },
{ "type": "Feature", "properties": { "id": "8391", "geo_fid": 8391, "geo_creati": 1530006283793, "geo_modifi": 1530006283793, "id_alpage": 8391, "id_num_sca": "ADO75CA_ANO578", "quartier": "Faubourg Saint-Antoine", "nom_entier": "Rue Saint Bernard", "id_parc": "PA9036", "num_voies": "24", "geox": 603316, "geoy": 127932, "oid": 1141444, "arrondissement": "Paris 11e Arrondissement" }, "geometry": { "type": "MultiPoint", "coordinates": [ [ 2.381694874515797, 48.851836905348861 ] ] } },
{ "type": "Feature", "properties": { "id": "8400", "geo_fid": 8400, "geo_creati": 1530006283793, "geo_modifi": 1530006283793, "id_alpage": 8400, "id_num_sca": "ADO75CA_ANO578", "quartier": "Faubourg Saint-Antoine", "nom_entier": "Rue Saint Bernard", "id_parc": "PA9029", "num_voies": "6", "geox": 603304, "geoy": 127818, "oid": 1141453, "arrondissement": "Paris 11e Arrondissement" }, "geometry": { "type": "MultiPoint", "coordinates": [ [ 2.381527718015192, 48.850816296274388 ] ] } },
{ "type": "Feature", "properties": { "id": "8406", "geo_fid": 8406, "geo_creati": 1530006283805, "geo_modifi": 1530006283805, "id_alpage": 8406, "id_num_sca": "ADO75CA_ANO579", "quartier": "Faubourg Saint-Antoine", "nom_entier": "Rue de Charonne", "id_parc": "PA8934", "num_voies": "66", "geox": 603201, "geoy": 128116, "oid": 1141459, "arrondissement": "Paris 11e Arrondissement" }, "geometry": { "type": "MultiPoint", "coordinates": [ [ 2.38012240953298, 48.85349666442707 ] ] } },
{ "type": "Feature", "properties": { "id": "8419", "geo_fid": 8419, "geo_creati": 1530006283806, "geo_modifi": 1530006283806, "id_alpage": 8419, "id_num_sca": "ADO75CA_ANO579", "quartier": "Faubourg Saint-Antoine", "nom_entier": "Rue Saint Bernard", "id_parc": "PA8978", "num_voies": "13", "geox": 603305, "geoy": 127872, "oid": 1141472, "arrondissement": "Paris 11e Arrondissement" }, "geometry": { "type": "MultiPoint", "coordinates": [ [ 2.381540411482916, 48.851298301298044 ] ] } },
{ "type": "Feature", "properties": { "id": "8422", "geo_fid": 8422, "geo_creati": 1530006283806, "geo_modifi": 1530006283806, "id_alpage": 8422, "id_num_sca": "ADO75CA_ANO579", "quartier": "Faubourg Saint-Antoine", "nom_entier": "Rue Saint Bernard", "id_parc": "PA8994", "num_voies": "7", "geox": 603300, "geoy": 127831, "oid": 1141475, "arrondissement": "Paris 11e Arrondissement" }, "geometry": { "type": "MultiPoint", "coordinates": [ [ 2.381467865308886, 48.850933224882326 ] ] } },
{ "type": "Feature", "properties": { "id": "8427", "geo_fid": 8427, "geo_creati": 1530006283806, "geo_modifi": 1530006283806, "id_alpage": 8427, "id_num_sca": "ADO75CA_ANO579", "quartier": "Faubourg Saint-Antoine", "nom_entier": "Rue du Faubourg Saint Antoine", "id_parc": "PA8728", "num_voies": "191", "geox": 603269, "geoy": 127783, "oid": 1141480, "arrondissement": "Paris 11e Arrondissement" }, "geometry": { "type": "MultiPoint", "coordinates": [ [ 2.381045062296777, 48.850502636521533 ] ] } },
{ "type": "Feature", "properties": { "id": "8439", "geo_fid": 8439, "geo_creati": 1530006283806, "geo_modifi": 1530006283806, "id_alpage": 8439, "id_num_sca": "ADO75CA_ANO579", "quartier": "Faubourg Saint-Antoine", "nom_entier": "Impasse de la Forge", "id_parc": "PA8989", "num_voies": "1", "geox": 603201, "geoy": 127803, "oid": 1141492, "arrondissement": "Paris 11e Arrondissement" }, "geometry": { "type": "MultiPoint", "coordinates": [ [ 2.380124068354961, 48.850681042217737 ] ] } },
{ "type": "Feature", "properties": { "id": "8445", "geo_fid": 8445, "geo_creati": 1530006283806, "geo_modifi": 1530006283806, "id_alpage": 8445, "id_num_sca": "ADO75CA_ANO579", "quartier": "Faubourg Saint-Antoine", "nom_entier": "Rue du Faubourg Saint Antoine", "id_parc": "PA8969", "num_voies": "167", "geox": 603142, "geoy": 127798, "oid": 1141498, "arrondissement": "Paris 11e Arrondissement" }, "geometry": { "type": "MultiPoint", "coordinates": [ [ 2.379320064965736, 48.850633680066188 ] ] } },
{ "type": "Feature", "properties": { "id": "8447", "geo_fid": 8447, "geo_creati": 1530006283806, "geo_modifi": 1530006283806, "id_alpage": 8447, "id_num_sca": "ADO75CA_ANO579", "quartier": "Faubourg Saint-Antoine", "nom_entier": "Rue du Faubourg Saint Antoine", "id_parc": "PA8965", "num_voies": "163", "geox": 603122, "geoy": 127802, "oid": 1141500, "arrondissement": "Paris 11e Arrondissement" }, "geometry": { "type": "MultiPoint", "coordinates": [ [ 2.379054382663803, 48.850674244970335 ] ] } },
{ "type": "Feature", "properties": { "id": "8451", "geo_fid": 8451, "geo_creati": 1530006283807, "geo_modifi": 1530006283807, "id_alpage": 8451, "id_num_sca": "ADO75CA_ANO579", "quartier": "Faubourg Saint-Antoine", "nom_entier": "Rue Sainte Marguerite", "id_parc": "PA8943", "num_voies": "2", "geox": 603091, "geoy": 127822, "oid": 1141504, "arrondissement": "Paris 11e Arrondissement" }, "geometry": { "type": "MultiPoint", "coordinates": [ [ 2.378628024773144, 48.850856053385058 ] ] } },
{ "type": "Feature", "properties": { "id": "8452", "geo_fid": 8452, "geo_creati": 1530006283807, "geo_modifi": 1530006283807, "id_alpage": 8452, "id_num_sca": "ADO75CA_ANO579", "quartier": "Faubourg Saint-Antoine", "nom_entier": "Rue Sainte Marguerite", "id_parc": "PA8963", "num_voies": "4", "geox": 603094, "geoy": 127836, "oid": 1141505, "arrondissement": "Paris 11e Arrondissement" }, "geometry": { "type": "MultiPoint", "coordinates": [ [ 2.378671732396845, 48.850979237827353 ] ] } },
{ "type": "Feature", "properties": { "id": "8456", "geo_fid": 8456, "geo_creati": 1530006283807, "geo_modifi": 1530006283807, "id_alpage": 8456, "id_num_sca": "ADO75CA_ANO579", "quartier": "Faubourg Saint-Antoine", "nom_entier": "Rue Sainte Marguerite", "id_parc": "PA8959", "num_voies": "12", "geox": 603101, "geoy": 127865, "oid": 1141509, "arrondissement": "Paris 11e Arrondissement" }, "geometry": { "type": "MultiPoint", "coordinates": [ [ 2.378759162566415, 48.851242692830837 ] ] } },
{ "type": "Feature", "properties": { "id": "8461", "geo_fid": 8461, "geo_creati": 1530006283807, "geo_modifi": 1530006283807, "id_alpage": 8461, "id_num_sca": "ADO75CA_ANO579", "quartier": "Faubourg Saint-Antoine", "nom_entier": "Rue Sainte Marguerite", "id_parc": "PA8955", "num_voies": "22", "geox": 603109, "geoy": 127903, "oid": 1141514, "arrondissement": "Paris 11e Arrondissement" }, "geometry": { "type": "MultiPoint", "coordinates": [ [ 2.378873908866805, 48.851579878134942 ] ] } },
{ "type": "Feature", "properties": { "id": "8484", "geo_fid": 8484, "geo_creati": 1530006283807, "geo_modifi": 1530006283807, "id_alpage": 8484, "id_num_sca": "ADO75CA_ANO580", "quartier": "Faubourg Saint-Antoine", "nom_entier": "Rue Sainte Marguerite", "id_parc": "PA8898", "num_voies": "25", "geox": 603111, "geoy": 127931, "oid": 1141537, "arrondissement": "Paris 11e Arrondissement" }, "geometry": { "type": "MultiPoint", "coordinates": [ [ 2.378901374904919, 48.851833462897567 ] ] } },
{ "type": "Feature", "properties": { "id": "8500", "geo_fid": 8500, "geo_creati": 1530006283808, "geo_modifi": 1530006283808, "id_alpage": 8500, "id_num_sca": "ADO75CA_ANO580", "quartier": "Faubourg Saint-Antoine", "nom_entier": "Rue du Faubourg Saint Antoine", "id_parc": "PA8918", "num_voies": "149", "geox": 603059, "geoy": 127821, "oid": 1141553, "arrondissement": "Paris 11e Arrondissement" }, "geometry": { "type": "MultiPoint", "coordinates": [ [ 2.378193330729405, 48.850847217477707 ] ] } },
{ "type": "Feature", "properties": { "id": "8508", "geo_fid": 8508, "geo_creati": 1530006283808, "geo_modifi": 1530006283808, "id_alpage": 8508, "id_num_sca": "ADO75CA_ANO580", "quartier": "Faubourg Saint-Antoine", "nom_entier": "Rue du Faubourg Saint Antoine", "id_parc": "PA8929", "num_voies": "135", "geox": 602993, "geoy": 127846, "oid": 1141561, "arrondissement": "Paris 11e Arrondissement" }, "geometry": { "type": "MultiPoint", "coordinates": [ [ 2.377291432903962, 48.851069657806512 ] ] } },
{ "type": "Feature", "properties": { "id": "8539", "geo_fid": 8539, "geo_creati": 1530006283809, "geo_modifi": 1530006283809, "id_alpage": 8539, "id_num_sca": "ADO75CA_ANO580", "quartier": "Faubourg Saint-Antoine", "nom_entier": "Rue du Faubourg Saint Antoine", "id_parc": "PA8859", "num_voies": "75", "geox": 602779, "geoy": 127927, "oid": 1141592, "arrondissement": "Paris 11e Arrondissement" }, "geometry": { "type": "MultiPoint", "coordinates": [ [ 2.374375882247173, 48.851795457214983 ] ] } },
{ "type": "Feature", "properties": { "id": "8547", "geo_fid": 8547, "geo_creati": 1530006283809, "geo_modifi": 1530006283809, "id_alpage": 8547, "id_num_sca": "ADO75CA_ANO580", "quartier": "Faubourg Saint-Antoine", "nom_entier": "Rue de Charonne", "id_parc": "PA8849", "num_voies": "8", "geox": 602764, "geoy": 127974, "oid": 1141600, "arrondissement": "Paris 11e Arrondissement" }, "geometry": { "type": "MultiPoint", "coordinates": [ [ 2.374169071635074, 48.85222177937834 ] ] } },
{ "type": "Feature", "properties": { "id": "8553", "geo_fid": 8553, "geo_creati": 1530006283809, "geo_modifi": 1530006283809, "id_alpage": 8553, "id_num_sca": "ADO75CA_ANO580", "quartier": "Faubourg Saint-Antoine", "nom_entier": "Rue de Charonne", "id_parc": "PA8843", "num_voies": "20", "geox": 602809, "geoy": 128057, "oid": 1141606, "arrondissement": "Paris 11e Arrondissement" }, "geometry": { "type": "MultiPoint", "coordinates": [ [ 2.374786934747858, 48.852967973764748 ] ] } },
{ "type": "Feature", "properties": { "id": "8556", "geo_fid": 8556, "geo_creati": 1530006283809, "geo_modifi": 1530006283809, "id_alpage": 8556, "id_num_sca": "ADO75CA_ANO580", "quartier": "Faubourg Saint-Antoine", "nom_entier": "Rue de Charonne", "id_parc": "PA8839", "num_voies": "26", "geox": 602844, "geoy": 128081, "oid": 1141609, "arrondissement": "Paris 11e Arrondissement" }, "geometry": { "type": "MultiPoint", "coordinates": [ [ 2.375262684949556, 48.853181843059097 ] ] } },
{ "type": "Feature", "properties": { "id": "8584", "geo_fid": 8584, "geo_creati": 1530006283810, "geo_modifi": 1530006283810, "id_alpage": 8584, "id_num_sca": "ADO75CA_ANO581", "quartier": "Faubourg Saint-Antoine", "nom_entier": "Rue du Faubourg Saint Antoine", "id_parc": "PA8824", "num_voies": "59", "geox": 602693, "geoy": 127962, "oid": 1141637, "arrondissement": "Paris 11e Arrondissement" }, "geometry": { "type": "MultiPoint", "coordinates": [ [ 2.373206931390721, 48.85211147617494 ] ] } },
{ "type": "Feature", "properties": { "id": "8589", "geo_fid": 8589, "geo_creati": 1530006283810, "geo_modifi": 1530006283810, "id_alpage": 8589, "id_num_sca": "ADO75CA_ANO581", "quartier": "Faubourg Saint-Antoine", "nom_entier": "Rue du Faubourg Saint Antoine", "id_parc": "PA8812", "num_voies": "49", "geox": 602644, "geoy": 127983, "oid": 1141642, "arrondissement": "Paris 11e Arrondissement" }, "geometry": { "type": "MultiPoint", "coordinates": [ [ 2.372535258168054, 48.852297835244116 ] ] } },
{ "type": "Feature", "properties": { "id": "8590", "geo_fid": 8590, "geo_creati": 1530006283810, "geo_modifi": 1530006283810, "id_alpage": 8590, "id_num_sca": "ADO75CA_ANO581", "quartier": "Faubourg Saint-Antoine", "nom_entier": "Rue du Faubourg Saint Antoine", "id_parc": "PA8831", "num_voies": "47", "geox": 602633, "geoy": 127987, "oid": 1141643, "arrondissement": "Paris 11e Arrondissement" }, "geometry": { "type": "MultiPoint", "coordinates": [ [ 2.372386753184864, 48.852338348328871 ] ] } },
{ "type": "Feature", "properties": { "id": "8598", "geo_fid": 8598, "geo_creati": 1530006283810, "geo_modifi": 1530006283810, "id_alpage": 8598, "id_num_sca": "ADO75CA_ANO581", "quartier": "Faubourg Saint-Antoine", "nom_entier": "Rue du Faubourg Saint Antoine", "id_parc": "PA8796", "num_voies": "35", "geox": 602591, "geoy": 128007, "oid": 1141651, "arrondissement": "Paris 11e Arrondissement" }, "geometry": { "type": "MultiPoint", "coordinates": [ [ 2.371811824259285, 48.852522874760666 ] ] } },
{ "type": "Feature", "properties": { "id": "8599", "geo_fid": 8599, "geo_creati": 1530006283810, "geo_modifi": 1530006283810, "id_alpage": 8599, "id_num_sca": "ADO75CA_ANO581", "quartier": "Faubourg Saint-Antoine", "nom_entier": "Rue du Faubourg Saint Antoine", "id_parc": "PA8797", "num_voies": "33", "geox": 602586, "geoy": 128010, "oid": 1141652, "arrondissement": "Paris 11e Arrondissement" }, "geometry": { "type": "MultiPoint", "coordinates": [ [ 2.371751883579611, 48.852548971799088 ] ] } },
{ "type": "Feature", "properties": { "id": "8617", "geo_fid": 8617, "geo_creati": 1530006283821, "geo_modifi": 1530006283821, "id_alpage": 8617, "id_num_sca": "ADO75CA_ANO581", "quartier": "Faubourg Saint-Antoine", "nom_entier": "Rue de la Roquette", "id_parc": "PA8779", "num_voies": "4", "geox": 602494, "geoy": 128105, "oid": 1141670, "arrondissement": "Paris 11e Arrondissement" }, "geometry": { "type": "MultiPoint", "coordinates": [ [ 2.370493315747618, 48.853397359219151 ] ] } },
{ "type": "Feature", "properties": { "id": "8623", "geo_fid": 8623, "geo_creati": 1530006283821, "geo_modifi": 1530006283821, "id_alpage": 8623, "id_num_sca": "ADO75CA_ANO581", "quartier": "Faubourg Saint-Antoine", "nom_entier": "Rue de la Roquette", "id_parc": "PA8783", "num_voies": "16", "geox": 602520, "geoy": 128144, "oid": 1141676, "arrondissement": "Paris 11e Arrondissement" }, "geometry": { "type": "MultiPoint", "coordinates": [ [ 2.370842413807219, 48.853753368783117 ] ] } },
{ "type": "Feature", "properties": { "id": "8625", "geo_fid": 8625, "geo_creati": 1530006283821, "geo_modifi": 1530006283821, "id_alpage": 8625, "id_num_sca": "ADO75CA_ANO581", "quartier": "Faubourg Saint-Antoine", "nom_entier": "Rue de la Roquette", "id_parc": "PA8774", "num_voies": "20", "geox": 602532, "geoy": 128162, "oid": 1141678, "arrondissement": "Paris 11e Arrondissement" }, "geometry": { "type": "MultiPoint", "coordinates": [ [ 2.371006052417598, 48.853916088766248 ] ] } },
{ "type": "Feature", "properties": { "id": "8636", "geo_fid": 8636, "geo_creati": 1530006283821, "geo_modifi": 1530006283821, "id_alpage": 8636, "id_num_sca": "ADO75CA_ANO581", "quartier": "Faubourg Saint-Antoine", "nom_entier": "Rue de Lappe", "id_parc": "PA8770", "num_voies": "10", "geox": 602605, "geoy": 128175, "oid": 1141689, "arrondissement": "Paris 11e Arrondissement" }, "geometry": { "type": "MultiPoint", "coordinates": [ [ 2.372009106814962, 48.854029095888201 ] ] } },
{ "type": "Feature", "properties": { "id": "8222", "geo_fid": 8222, "geo_creati": 1530006283789, "geo_modifi": 1530006283789, "id_alpage": 8222, "id_num_sca": "ADO75CA_ANO576", "quartier": "Faubourg Saint-Antoine", "nom_entier": "Rue de Montreuil", "id_parc": "PA9105", "num_voies": "52", "geox": 603886, "geoy": 127774, "oid": 1141275, "arrondissement": "Paris 11e Arrondissement" }, "geometry": { "type": "MultiPoint", "coordinates": [ [ 2.389463396087139, 48.8504208583118 ] ] } },
{ "type": "Feature", "properties": { "id": "8238", "geo_fid": 8238, "geo_creati": 1530006283789, "geo_modifi": 1530006283789, "id_alpage": 8238, "id_num_sca": "ADO75CA_ANO576", "quartier": "Faubourg Saint-Antoine", "nom_entier": "Rue de Montreuil", "id_parc": "PA9092", "num_voies": "20", "geox": 603579, "geoy": 127776, "oid": 1141291, "arrondissement": "Paris 11e Arrondissement" }, "geometry": { "type": "MultiPoint", "coordinates": [ [ 2.385269194356402, 48.850433491631534 ] ] } },
{ "type": "Feature", "properties": { "id": "8239", "geo_fid": 8239, "geo_creati": 1530006283789, "geo_modifi": 1530006283789, "id_alpage": 8239, "id_num_sca": "ADO75CA_ANO576", "quartier": "Faubourg Saint-Antoine", "nom_entier": "Rue de Montreuil", "id_parc": "PA9096", "num_voies": "18", "geox": 603572, "geoy": 127776, "oid": 1141292, "arrondissement": "Paris 11e Arrondissement" }, "geometry": { "type": "MultiPoint", "coordinates": [ [ 2.385172445013622, 48.850431733760203 ] ] } },
{ "type": "Feature", "properties": { "id": "8298", "geo_fid": 8298, "geo_creati": 1530006283791, "geo_modifi": 1530006283791, "id_alpage": 8298, "id_num_sca": "ADO75CA_ANO578", "quartier": "Faubourg Saint-Antoine", "nom_entier": "Rue du Faubourg Saint Antoine", "id_parc": "PA9032", "num_voies": "199", "geox": 603312, "geoy": 127783, "oid": 1141351, "arrondissement": "Paris 11e Arrondissement" }, "geometry": { "type": "MultiPoint", "coordinates": [ [ 2.381636445909673, 48.850497911640886 ] ] } },
{ "type": "Feature", "properties": { "id": "8304", "geo_fid": 8304, "geo_creati": 1530006283791, "geo_modifi": 1530006283791, "id_alpage": 8304, "id_num_sca": "ADO75CA_ANO578", "quartier": "Faubourg Saint-Antoine", "nom_entier": "Rue du Faubourg Saint Antoine", "id_parc": "PA9023", "num_voies": "211", "geox": 603360, "geoy": 127782, "oid": 1141357, "arrondissement": "Paris 11e Arrondissement" }, "geometry": { "type": "MultiPoint", "coordinates": [ [ 2.382285059644939, 48.850492261851223 ] ] } },
{ "type": "Feature", "properties": { "id": "8330", "geo_fid": 8330, "geo_creati": 1530006283791, "geo_modifi": 1530006283791, "id_alpage": 8330, "id_num_sca": "ADO75CA_ANO578", "quartier": "Faubourg Saint-Antoine", "nom_entier": "Rue de Montreuil", "id_parc": "PA9038", "num_voies": "31", "geox": 603583, "geoy": 127780, "oid": 1141383, "arrondissement": "Paris 11e Arrondissement" }, "geometry": { "type": "MultiPoint", "coordinates": [ [ 2.385327828866667, 48.850475732740392 ] ] } },
{ "type": "Feature", "properties": { "id": "8350", "geo_fid": 8350, "geo_creati": 1530006283792, "geo_modifi": 1530006283792, "id_alpage": 8350, "id_num_sca": "ADO75CA_ANO578", "quartier": "Faubourg Saint-Antoine", "nom_entier": "Rue de Montreuil", "id_parc": "PA9122", "num_voies": "69", "geox": 603892, "geoy": 127779, "oid": 1141403, "arrondissement": "Paris 11e Arrondissement" }, "geometry": { "type": "MultiPoint", "coordinates": [ [ 2.389541109256827, 48.850461289982633 ] ] } },
{ "type": "Feature", "properties": { "id": "8392", "geo_fid": 8392, "geo_creati": 1530006283793, "geo_modifi": 1530006283793, "id_alpage": 8392, "id_num_sca": "ADO75CA_ANO578", "quartier": "Faubourg Saint-Antoine", "nom_entier": "Rue Saint Bernard", "id_parc": "PA9036", "num_voies": "22", "geox": 603315, "geoy": 127922, "oid": 1141445, "arrondissement": "Paris 11e Arrondissement" }, "geometry": { "type": "MultiPoint", "coordinates": [ [ 2.381679806232846, 48.851748782530692 ] ] } },
{ "type": "Feature", "properties": { "id": "8407", "geo_fid": 8407, "geo_creati": 1530006283805, "geo_modifi": 1530006283805, "id_alpage": 8407, "id_num_sca": "ADO75CA_ANO579", "quartier": "Faubourg Saint-Antoine", "nom_entier": "Rue Saint Bernard", "id_parc": "PA8933", "num_voies": "41", "geox": 603223, "geoy": 128111, "oid": 1141460, "arrondissement": "Paris 11e Arrondissement" }, "geometry": { "type": "MultiPoint", "coordinates": [ [ 2.380433074414911, 48.853454281481525 ] ] } },
{ "type": "Feature", "properties": { "id": "8412", "geo_fid": 8412, "geo_creati": 1530006283805, "geo_modifi": 1530006283805, "id_alpage": 8412, "id_num_sca": "ADO75CA_ANO579", "quartier": "Faubourg Saint-Antoine", "nom_entier": "Rue Saint Bernard", "id_parc": "PA8999", "num_voies": "31", "geox": 603249, "geoy": 128056, "oid": 1141465, "arrondissement": "Paris 11e Arrondissement" }, "geometry": { "type": "MultiPoint", "coordinates": [ [ 2.380785582188331, 48.852954152117967 ] ] } },
{ "type": "Feature", "properties": { "id": "8437", "geo_fid": 8437, "geo_creati": 1530006283806, "geo_modifi": 1530006283806, "id_alpage": 8437, "id_num_sca": "ADO75CA_ANO579", "quartier": "Faubourg Saint-Antoine", "nom_entier": "Impasse de la Forge", "id_parc": "PA8991", "num_voies": "5", "geox": 603204, "geoy": 127819, "oid": 1141490, "arrondissement": "Paris 11e Arrondissement" }, "geometry": { "type": "MultiPoint", "coordinates": [ [ 2.380170523476973, 48.850825807589459 ] ] } },
{ "type": "Feature", "properties": { "id": "8480", "geo_fid": 8480, "geo_creati": 1530006283807, "geo_modifi": 1530006283807, "id_alpage": 8480, "id_num_sca": "ADO75CA_ANO580", "quartier": "Faubourg Saint-Antoine", "nom_entier": "Rue Sainte Marguerite", "id_parc": "PA8902", "num_voies": "33", "geox": 603118, "geoy": 127964, "oid": 1141533, "arrondissement": "Paris 11e Arrondissement" }, "geometry": { "type": "MultiPoint", "coordinates": [ [ 2.378998376074737, 48.852131985849127 ] ] } },
{ "type": "Feature", "properties": { "id": "8502", "geo_fid": 8502, "geo_creati": 1530006283808, "geo_modifi": 1530006283808, "id_alpage": 8502, "id_num_sca": "ADO75CA_ANO580", "quartier": "Faubourg Saint-Antoine", "nom_entier": "Rue du Faubourg Saint Antoine", "id_parc": "PA8915", "num_voies": "145", "geox": 603040, "geoy": 127828, "oid": 1141555, "arrondissement": "Paris 11e Arrondissement" }, "geometry": { "type": "MultiPoint", "coordinates": [ [ 2.377930390082063, 48.850910260588591 ] ] } },
{ "type": "Feature", "properties": { "id": "8518", "geo_fid": 8518, "geo_creati": 1530006283808, "geo_modifi": 1530006283808, "id_alpage": 8518, "id_num_sca": "ADO75CA_ANO580", "quartier": "Faubourg Saint-Antoine", "nom_entier": "Rue du Faubourg Saint Honoré", "id_parc": "PA8879", "num_voies": "115", "geox": 602925, "geoy": 127873, "oid": 1141571, "arrondissement": "Paris 11e Arrondissement" }, "geometry": { "type": "MultiPoint", "coordinates": [ [ 2.376359561098069, 48.851308288188413 ] ] } },
{ "type": "Feature", "properties": { "id": "8520", "geo_fid": 8520, "geo_creati": 1530006283808, "geo_modifi": 1530006283808, "id_alpage": 8520, "id_num_sca": "ADO75CA_ANO580", "quartier": "Faubourg Saint-Antoine", "nom_entier": "Rue du Faubourg Saint Antoine", "id_parc": "PA8835", "num_voies": "111", "geox": 602911, "geoy": 127877, "oid": 1141573, "arrondissement": "Paris 11e Arrondissement" }, "geometry": { "type": "MultiPoint", "coordinates": [ [ 2.376172910312413, 48.85135241635713 ] ] } },
{ "type": "Feature", "properties": { "id": "8521", "geo_fid": 8521, "geo_creati": 1530006283808, "geo_modifi": 1530006283808, "id_alpage": 8521, "id_num_sca": "ADO75CA_ANO580", "quartier": "Faubourg Saint-Antoine", "nom_entier": "Rue du Faubourg Saint Antoine", "id_parc": "PA8835", "num_voies": "109", "geox": 602904, "geoy": 127880, "oid": 1141574, "arrondissement": "Paris 11e Arrondissement" }, "geometry": { "type": "MultiPoint", "coordinates": [ [ 2.376082993222961, 48.851376727347713 ] ] } },
{ "type": "Feature", "properties": { "id": "8525", "geo_fid": 8525, "geo_creati": 1530006283808, "geo_modifi": 1530006283808, "id_alpage": 8525, "id_num_sca": "ADO75CA_ANO580", "quartier": "Faubourg Saint-Antoine", "nom_entier": "Rue du Faubourg Saint Antoine", "id_parc": "PA8837", "num_voies": "101", "geox": 602876, "geoy": 127891, "oid": 1141578, "arrondissement": "Paris 11e Arrondissement" }, "geometry": { "type": "MultiPoint", "coordinates": [ [ 2.375694707199538, 48.851473080975957 ] ] } },
{ "type": "Feature", "properties": { "id": "8531", "geo_fid": 8531, "geo_creati": 1530006283808, "geo_modifi": 1530006283808, "id_alpage": 8531, "id_num_sca": "ADO75CA_ANO580", "quartier": "Faubourg Saint-Antoine", "nom_entier": "Rue du Faubourg Saint Antoine", "id_parc": "PA8862", "num_voies": "89", "geox": 602827, "geoy": 127910, "oid": 1141584, "arrondissement": "Paris 11e Arrondissement" }, "geometry": { "type": "MultiPoint", "coordinates": [ [ 2.375025768388311, 48.851647763238574 ] ] } },
{ "type": "Feature", "properties": { "id": "8622", "geo_fid": 8622, "geo_creati": 1530006283821, "geo_modifi": 1530006283821, "id_alpage": 8622, "id_num_sca": "ADO75CA_ANO581", "quartier": "Faubourg Saint-Antoine", "nom_entier": "Rue de la Roquette", "id_parc": "PA8784", "num_voies": "14", "geox": 602515, "geoy": 128137, "oid": 1141675, "arrondissement": "Paris 11e Arrondissement" }, "geometry": { "type": "MultiPoint", "coordinates": [ [ 2.370779684976041, 48.85368953890432 ] ] } },
{ "type": "Feature", "properties": { "id": "8633", "geo_fid": 8633, "geo_creati": 1530006283821, "geo_modifi": 1530006283821, "id_alpage": 8633, "id_num_sca": "ADO75CA_ANO581", "quartier": "Faubourg Saint-Antoine", "nom_entier": "Rue de Lappe", "id_parc": "PA8763", "num_voies": "4", "geox": 602576, "geoy": 128197, "oid": 1141686, "arrondissement": "Paris 11e Arrondissement" }, "geometry": { "type": "MultiPoint", "coordinates": [ [ 2.371605871652689, 48.854226158657774 ] ] } },
{ "type": "Feature", "properties": { "id": "8662", "geo_fid": 8662, "geo_creati": 1530006283822, "geo_modifi": 1530006283822, "id_alpage": 8662, "id_num_sca": "ADO75CA_ANO582", "quartier": "Faubourg Saint-Antoine", "nom_entier": "Rue d' Aral", "id_parc": "PA8744", "num_voies": "11", "geox": 602509, "geoy": 128267, "oid": 1141715, "arrondissement": "Paris 11e Arrondissement" }, "geometry": { "type": "MultiPoint", "coordinates": [ [ 2.370691890092097, 48.854852323741277 ] ] } },
{ "type": "Feature", "properties": { "id": "8232", "geo_fid": 8232, "geo_creati": 1530006283789, "geo_modifi": 1530006283789, "id_alpage": 8232, "id_num_sca": "ADO75CA_ANO576", "quartier": "Faubourg Saint-Antoine", "nom_entier": "Rue de Montreuil", "id_parc": "PA9090", "num_voies": "32", "geox": 603643, "geoy": 127774, "oid": 1141285, "arrondissement": "Paris 11e Arrondissement" }, "geometry": { "type": "MultiPoint", "coordinates": [ [ 2.386142629531528, 48.850414236010835 ] ] } },
{ "type": "Feature", "properties": { "id": "8253", "geo_fid": 8253, "geo_creati": 1530006283790, "geo_modifi": 1530006283790, "id_alpage": 8253, "id_num_sca": "ADO75CA_ANO576", "quartier": "Faubourg Saint-Antoine", "nom_entier": "Rue du Faubourg Saint Antoine", "id_parc": "PA9100", "num_voies": "249", "geox": 603546, "geoy": 127747, "oid": 1141306, "arrondissement": "Paris 11e Arrondissement" }, "geometry": { "type": "MultiPoint", "coordinates": [ [ 2.384823363237779, 48.850175587225444 ] ] } },
{ "type": "Feature", "properties": { "id": "8256", "geo_fid": 8256, "geo_creati": 1530006283790, "geo_modifi": 1530006283790, "id_alpage": 8256, "id_num_sca": "ADO75CA_ANO576", "quartier": "Faubourg Saint-Antoine", "nom_entier": "Rue du Faubourg Saint Antoine", "id_parc": "PA9095", "num_voies": "255", "geox": 603570, "geoy": 127741, "oid": 1141309, "arrondissement": "Paris 11e Arrondissement" }, "geometry": { "type": "MultiPoint", "coordinates": [ [ 2.385154434208111, 48.850124190194059 ] ] } },
{ "type": "Feature", "properties": { "id": "8259", "geo_fid": 8259, "geo_creati": 1530006283790, "geo_modifi": 1530006283790, "id_alpage": 8259, "id_num_sca": "ADO75CA_ANO576", "quartier": "Faubourg Saint-Antoine", "nom_entier": "Rue du Faubourg Saint Antoine", "id_parc": "PA9092", "num_voies": "261", "geox": 603588, "geoy": 127737, "oid": 1141312, "arrondissement": "Paris 11e Arrondissement" }, "geometry": { "type": "MultiPoint", "coordinates": [ [ 2.385398311697135, 48.850089015929072 ] ] } },
{ "type": "Feature", "properties": { "id": "8273", "geo_fid": 8273, "geo_creati": 1530006283790, "geo_modifi": 1530006283790, "id_alpage": 8273, "id_num_sca": "ADO75CA_ANO576", "quartier": "Faubourg Saint-Antoine", "nom_entier": "Rue du Faubourg Saint Antoine", "id_parc": "PA9082", "num_voies": "285", "geox": 603774, "geoy": 127691, "oid": 1141326, "arrondissement": "Paris 11e Arrondissement" }, "geometry": { "type": "MultiPoint", "coordinates": [ [ 2.387925572104065, 48.849672457752661 ] ] } },
{ "type": "Feature", "properties": { "id": "8274", "geo_fid": 8274, "geo_creati": 1530006283790, "geo_modifi": 1530006283790, "id_alpage": 8274, "id_num_sca": "ADO75CA_ANO576", "quartier": "Faubourg Saint-Antoine", "nom_entier": "Rue du Faubourg Saint Antoine", "id_parc": "PA9080", "num_voies": "291", "geox": 603790, "geoy": 127687, "oid": 1141327, "arrondissement": "Paris 11e Arrondissement" }, "geometry": { "type": "MultiPoint", "coordinates": [ [ 2.388149007030554, 48.849638185959556 ] ] } },
{ "type": "Feature", "properties": { "id": "8431", "geo_fid": 8431, "geo_creati": 1530006283806, "geo_modifi": 1530006283806, "id_alpage": 8431, "id_num_sca": "ADO75CA_ANO579", "quartier": "Faubourg Saint-Antoine", "nom_entier": "Rue du Faubourg Saint Antoine", "id_parc": "PA8982", "num_voies": "183", "geox": 603229, "geoy": 127784, "oid": 1141484, "arrondissement": "Paris 11e Arrondissement" }, "geometry": { "type": "MultiPoint", "coordinates": [ [ 2.380509551690891, 48.850512732802905 ] ] } },
{ "type": "Feature", "properties": { "id": "8436", "geo_fid": 8436, "geo_creati": 1530006283806, "geo_modifi": 1530006283806, "id_alpage": 8436, "id_num_sca": "ADO75CA_ANO579", "quartier": "Faubourg Saint-Antoine", "nom_entier": "Impasse de la Forge", "id_parc": "PA8986", "num_voies": "6", "geox": 603208, "geoy": 127817, "oid": 1141489, "arrondissement": "Paris 11e Arrondissement" }, "geometry": { "type": "MultiPoint", "coordinates": [ [ 2.380215475481489, 48.850807805225728 ] ] } },
{ "type": "Feature", "properties": { "id": "8440", "geo_fid": 8440, "geo_creati": 1530006283806, "geo_modifi": 1530006283806, "id_alpage": 8440, "id_num_sca": "ADO75CA_ANO579", "quartier": "Faubourg Saint-Antoine", "nom_entier": "Impasse de la Forge", "id_parc": "PA8989", "num_voies": "177", "geox": 603193, "geoy": 127787, "oid": 1141493, "arrondissement": "Paris 11e Arrondissement" }, "geometry": { "type": "MultiPoint", "coordinates": [ [ 2.38000947891982, 48.850533604564824 ] ] } },
{ "type": "Feature", "properties": { "id": "8446", "geo_fid": 8446, "geo_creati": 1530006283806, "geo_modifi": 1530006283806, "id_alpage": 8446, "id_num_sca": "ADO75CA_ANO579", "quartier": "Faubourg Saint-Antoine", "nom_entier": "Rue du Faubourg Saint Antoine", "id_parc": "PA8940", "num_voies": "165", "geox": 603132, "geoy": 127800, "oid": 1141499, "arrondissement": "Paris 11e Arrondissement" }, "geometry": { "type": "MultiPoint", "coordinates": [ [ 2.379179729681711, 48.850654414985925 ] ] } },
{ "type": "Feature", "properties": { "id": "8491", "geo_fid": 8491, "geo_creati": 1530006283807, "geo_modifi": 1530006283807, "id_alpage": 8491, "id_num_sca": "ADO75CA_ANO580", "quartier": "Faubourg Saint-Antoine", "nom_entier": "Rue Sainte Marguerite", "id_parc": "PA8920", "num_voies": "11", "geox": 603095, "geoy": 127862, "oid": 1141544, "arrondissement": "Paris 11e Arrondissement" }, "geometry": { "type": "MultiPoint", "coordinates": [ [ 2.378682829354131, 48.851213943862277 ] ] } },
{ "type": "Feature", "properties": { "id": "8501", "geo_fid": 8501, "geo_creati": 1530006283808, "geo_modifi": 1530006283808, "id_alpage": 8501, "id_num_sca": "ADO75CA_ANO580", "quartier": "Faubourg Saint-Antoine", "nom_entier": "Rue du Faubourg Saint Antoine", "id_parc": "PA8915", "num_voies": "147", "geox": 603049, "geoy": 127825, "oid": 1141554, "arrondissement": "Paris 11e Arrondissement" }, "geometry": { "type": "MultiPoint", "coordinates": [ [ 2.378048918961585, 48.85088324009854 ] ] } },
{ "type": "Feature", "properties": { "id": "8519", "geo_fid": 8519, "geo_creati": 1530006283808, "geo_modifi": 1530006283808, "id_alpage": 8519, "id_num_sca": "ADO75CA_ANO580", "quartier": "Faubourg Saint-Antoine", "nom_entier": "Rue du Faubourg Saint Honoré", "id_parc": "PA8834", "num_voies": "113", "geox": 602918, "geoy": 127875, "oid": 1141572, "arrondissement": "Paris 11e Arrondissement" }, "geometry": { "type": "MultiPoint", "coordinates": [ [ 2.376268278688003, 48.851329002703885 ] ] } },
{ "type": "Feature", "properties": { "id": "8535", "geo_fid": 8535, "geo_creati": 1530006283809, "geo_modifi": 1530006283809, "id_alpage": 8535, "id_num_sca": "ADO75CA_ANO580", "quartier": "Faubourg Saint-Antoine", "nom_entier": "Rue du Faubourg Saint Antoine", "id_parc": "PA8858", "num_voies": "81", "geox": 602801, "geoy": 127919, "oid": 1141588, "arrondissement": "Paris 11e Arrondissement" }, "geometry": { "type": "MultiPoint", "coordinates": [ [ 2.374676982326029, 48.851726114874566 ] ] } },
{ "type": "Feature", "properties": { "id": "8564", "geo_fid": 8564, "geo_creati": 1530006283809, "geo_modifi": 1530006283809, "id_alpage": 8564, "id_num_sca": "ADO75CA_ANO580", "quartier": "Faubourg Saint-Antoine", "nom_entier": "Rue de Charonne", "id_parc": "PA8873", "num_voies": "42", "geox": 602995, "geoy": 128083, "oid": 1141617, "arrondissement": "Paris 11e Arrondissement" }, "geometry": { "type": "MultiPoint", "coordinates": [ [ 2.377325853436238, 48.853198223224872 ] ] } },
{ "type": "Feature", "properties": { "id": "8606", "geo_fid": 8606, "geo_creati": 1530006283820, "geo_modifi": 1530006283820, "id_alpage": 8606, "id_num_sca": "ADO75CA_ANO581", "quartier": "Faubourg Saint-Antoine", "nom_entier": "Rue du Faubourg Saint Antoine", "id_parc": "PA8730", "num_voies": "19", "geox": 602548, "geoy": 128040, "oid": 1141659, "arrondissement": "Paris 11e Arrondissement" }, "geometry": { "type": "MultiPoint", "coordinates": [ [ 2.371221976945734, 48.852818013228514 ] ] } },
{ "type": "Feature", "properties": { "id": "8609", "geo_fid": 8609, "geo_creati": 1530006283820, "geo_modifi": 1530006283820, "id_alpage": 8609, "id_num_sca": "ADO75CA_ANO581", "quartier": "Faubourg Saint-Antoine", "nom_entier": "Rue du Faubourg Saint Antoine", "id_parc": "PA8775", "num_voies": "13", "geox": 602529, "geoy": 128056, "oid": 1141662, "arrondissement": "Paris 11e Arrondissement" }, "geometry": { "type": "MultiPoint", "coordinates": [ [ 2.370972697239093, 48.852959272930988 ] ] } },
{ "type": "Feature", "properties": { "id": "8612", "geo_fid": 8612, "geo_creati": 1530006283821, "geo_modifi": 1530006283821, "id_alpage": 8612, "id_num_sca": "ADO75CA_ANO581", "quartier": "Faubourg Saint-Antoine", "nom_entier": "Rue du Faubourg Saint Antoine", "id_parc": "PA8730", "num_voies": "7", "geox": 602515, "geoy": 128070, "oid": 1141665, "arrondissement": "Paris 11e Arrondissement" }, "geometry": { "type": "MultiPoint", "coordinates": [ [ 2.370775188992967, 48.85308522925888 ] ] } },
{ "type": "Feature", "properties": { "id": "8613", "geo_fid": 8613, "geo_creati": 1530006283821, "geo_modifi": 1530006283821, "id_alpage": 8613, "id_num_sca": "ADO75CA_ANO581", "quartier": "Faubourg Saint-Antoine", "nom_entier": "Rue du Faubourg Saint Antoine", "id_parc": "PA8730", "num_voies": "5", "geox": 602509, "geoy": 128076, "oid": 1141666, "arrondissement": "Paris 11e Arrondissement" }, "geometry": { "type": "MultiPoint", "coordinates": [ [ 2.370692097264655, 48.853135612892899 ] ] } },
{ "type": "Feature", "properties": { "id": "8615", "geo_fid": 8615, "geo_creati": 1530006283821, "geo_modifi": 1530006283821, "id_alpage": 8615, "id_num_sca": "ADO75CA_ANO581", "quartier": "Faubourg Saint-Antoine", "nom_entier": "Rue du Faubourg Saint Antoine", "id_parc": "PA8730", "num_voies": "1", "geox": 602493, "geoy": 128090, "oid": 1141668, "arrondissement": "Paris 11e Arrondissement" }, "geometry": { "type": "MultiPoint", "coordinates": [ [ 2.370480962813132, 48.85326516979439 ] ] } },
{ "type": "Feature", "properties": { "id": "8618", "geo_fid": 8618, "geo_creati": 1530006283821, "geo_modifi": 1530006283821, "id_alpage": 8618, "id_num_sca": "ADO75CA_ANO581", "quartier": "Faubourg Saint-Antoine", "nom_entier": "Rue de la Roquette", "id_parc": "PA8780", "num_voies": "6", "geox": 602498, "geoy": 128111, "oid": 1141671, "arrondissement": "Paris 11e Arrondissement" }, "geometry": { "type": "MultiPoint", "coordinates": [ [ 2.37054377208154, 48.853450401569553 ] ] } },
{ "type": "Feature", "properties": { "id": "8634", "geo_fid": 8634, "geo_creati": 1530006283821, "geo_modifi": 1530006283821, "id_alpage": 8634, "id_num_sca": "ADO75CA_ANO581", "quartier": "Faubourg Saint-Antoine", "nom_entier": "Rue de Lappe", "id_parc": "PA8762", "num_voies": "6", "geox": 602585, "geoy": 128190, "oid": 1141687, "arrondissement": "Paris 11e Arrondissement" }, "geometry": { "type": "MultiPoint", "coordinates": [ [ 2.37172711177848, 48.854162273751832 ] ] } },
{ "type": "Feature", "properties": { "id": "8668", "geo_fid": 8668, "geo_creati": 1530006283822, "geo_modifi": 1530006283822, "id_alpage": 8668, "id_num_sca": "ADO75CA_ANO582", "quartier": "Faubourg Saint-Antoine", "nom_entier": "Rue de la Roquette", "id_parc": "PA8753", "num_voies": "15", "geox": 602551, "geoy": 128205, "oid": 1141721, "arrondissement": "Paris 11e Arrondissement" }, "geometry": { "type": "MultiPoint", "coordinates": [ [ 2.371263870317221, 48.854296404370565 ] ] } },
{ "type": "Feature", "properties": { "id": "8271", "geo_fid": 8271, "geo_creati": 1530006283790, "geo_modifi": 1530006283790, "id_alpage": 8271, "id_num_sca": "ADO75CA_ANO576", "quartier": "Faubourg Saint-Antoine", "nom_entier": "Rue du Faubourg Saint Antoine", "id_parc": "PA9084", "num_voies": "285", "geox": 603735, "geoy": 127701, "oid": 1141324, "arrondissement": "Paris 11e Arrondissement" }, "geometry": { "type": "MultiPoint", "coordinates": [ [ 2.387401048129028, 48.849757221083884 ] ] } },
{ "type": "Feature", "properties": { "id": "8283", "geo_fid": 8283, "geo_creati": 1530006283790, "geo_modifi": 1530006283790, "id_alpage": 8283, "id_num_sca": "ADO75CA_ANO576", "quartier": "Faubourg Saint-Antoine", "nom_entier": "Rue du Faubourg Saint Antoine", "id_parc": "PA9070", "num_voies": "309", "geox": 603908, "geoy": 127661, "oid": 1141336, "arrondissement": "Paris 11e Arrondissement" }, "geometry": { "type": "MultiPoint", "coordinates": [ [ 2.389758010102811, 48.849399149754731 ] ] } },
{ "type": "Feature", "properties": { "id": "8286", "geo_fid": 8286, "geo_creati": 1530006283790, "geo_modifi": 1530006283790, "id_alpage": 8286, "id_num_sca": "ADO75CA_ANO576", "quartier": "Faubourg Saint-Antoine", "nom_entier": "Rue du Faubourg Saint Antoine", "id_parc": "PA9071", "num_voies": "315", "geox": 603933, "geoy": 127655, "oid": 1141339, "arrondissement": "Paris 11e Arrondissement" }, "geometry": { "type": "MultiPoint", "coordinates": [ [ 2.390095881953372, 48.849345936716482 ] ] } },
{ "type": "Feature", "properties": { "id": "8319", "geo_fid": 8319, "geo_creati": 1530006283791, "geo_modifi": 1530006283791, "id_alpage": 8319, "id_num_sca": "ADO75CA_ANO578", "quartier": "Faubourg Saint-Antoine", "nom_entier": "Rue de Montreuil", "id_parc": "PA9047", "num_voies": "9", "geox": 603499, "geoy": 127783, "oid": 1141372, "arrondissement": "Paris 11e Arrondissement" }, "geometry": { "type": "MultiPoint", "coordinates": [ [ 2.384180502536569, 48.850496893648135 ] ] } },
{ "type": "Feature", "properties": { "id": "8334", "geo_fid": 8334, "geo_creati": 1530006283791, "geo_modifi": 1530006283791, "id_alpage": 8334, "id_num_sca": "ADO75CA_ANO578", "quartier": "Faubourg Saint-Antoine", "nom_entier": "Rue de Montreuil", "id_parc": "PA9066", "num_voies": "39", "geox": 603696, "geoy": 127775, "oid": 1141387, "arrondissement": "Paris 11e Arrondissement" }, "geometry": { "type": "MultiPoint", "coordinates": [ [ 2.386875745200908, 48.850428307894269 ] ] } },
{ "type": "Feature", "properties": { "id": "8337", "geo_fid": 8337, "geo_creati": 1530006283791, "geo_modifi": 1530006283791, "id_alpage": 8337, "id_num_sca": "ADO75CA_ANO578", "quartier": "Faubourg Saint-Antoine", "nom_entier": "Rue de Montreuil", "id_parc": "PA9059", "num_voies": "45", "geox": 603764, "geoy": 127777, "oid": 1141390, "arrondissement": "Paris 11e Arrondissement" }, "geometry": { "type": "MultiPoint", "coordinates": [ [ 2.387800992060369, 48.850440491574005 ] ] } },
{ "type": "Feature", "properties": { "id": "8343", "geo_fid": 8343, "geo_creati": 1530006283792, "geo_modifi": 1530006283792, "id_alpage": 8343, "id_num_sca": "ADO75CA_ANO578", "quartier": "Faubourg Saint-Antoine", "nom_entier": "Rue de Montreuil", "id_parc": "PA9116", "num_voies": "57", "geox": 603835, "geoy": 127777, "oid": 1141396, "arrondissement": "Paris 11e Arrondissement" }, "geometry": { "type": "MultiPoint", "coordinates": [ [ 2.388761660630913, 48.850445457592912 ] ] } },
{ "type": "Feature", "properties": { "id": "8352", "geo_fid": 8352, "geo_creati": 1530006283792, "geo_modifi": 1530006283792, "id_alpage": 8352, "id_num_sca": "ADO75CA_ANO578", "quartier": "Faubourg Saint-Antoine", "nom_entier": "Rue de Montreuil", "id_parc": "PA9124", "num_voies": "73", "geox": 603905, "geoy": 127780, "oid": 1141405, "arrondissement": "Paris 11e Arrondissement" }, "geometry": { "type": "MultiPoint", "coordinates": [ [ 2.38971144818504, 48.850469305250911 ] ] } },
{ "type": "Feature", "properties": { "id": "8223", "geo_fid": 8223, "geo_creati": 1530006283789, "geo_modifi": 1530006283789, "id_alpage": 8223, "id_num_sca": "ADO75CA_ANO576", "quartier": "Faubourg Saint-Antoine", "nom_entier": "Rue de Montreuil", "id_parc": "PA9076", "num_voies": "50", "geox": 603876, "geoy": 127775, "oid": 1141276, "arrondissement": "Paris 11e Arrondissement" }, "geometry": { "type": "MultiPoint", "coordinates": [ [ 2.38932031962168, 48.850421822960222 ] ] } },
{ "type": "Feature", "properties": { "id": "8226", "geo_fid": 8226, "geo_creati": 1530006283789, "geo_modifi": 1530006283789, "id_alpage": 8226, "id_num_sca": "ADO75CA_ANO576", "quartier": "Faubourg Saint-Antoine", "nom_entier": "Rue de Montreuil", "id_parc": "PA9081", "num_voies": "44", "geox": 603800, "geoy": 127772, "oid": 1141279, "arrondissement": "Paris 11e Arrondissement" }, "geometry": { "type": "MultiPoint", "coordinates": [ [ 2.388283328731966, 48.850402507443306 ] ] } },
{ "type": "Feature", "properties": { "id": "8243", "geo_fid": 8243, "geo_creati": 1530006283789, "geo_modifi": 1530006283789, "id_alpage": 8243, "id_num_sca": "ADO75CA_ANO576", "quartier": "Faubourg Saint-Antoine", "nom_entier": "Rue de Montreuil", "id_parc": "PA9099", "num_voies": "10", "geox": 603531, "geoy": 127777, "oid": 1141296, "arrondissement": "Paris 11e Arrondissement" }, "geometry": { "type": "MultiPoint", "coordinates": [ [ 2.384623309583719, 48.8504418550582 ] ] } },
{ "type": "Feature", "properties": { "id": "8249", "geo_fid": 8249, "geo_creati": 1530006283789, "geo_modifi": 1530006283789, "id_alpage": 8249, "id_num_sca": "ADO75CA_ANO576", "quartier": "Faubourg Saint-Antoine", "nom_entier": "Rue du Faubourg Saint Antoine", "id_parc": "PA9102", "num_voies": "243", "geox": 603519, "geoy": 127753, "oid": 1141302, "arrondissement": "Paris 11e Arrondissement" }, "geometry": { "type": "MultiPoint", "coordinates": [ [ 2.384460955209891, 48.850231492627934 ] ] } },
{ "type": "Feature", "properties": { "id": "8251", "geo_fid": 8251, "geo_creati": 1530006283789, "geo_modifi": 1530006283789, "id_alpage": 8251, "id_num_sca": "ADO75CA_ANO576", "quartier": "Faubourg Saint-Antoine", "nom_entier": "Rue du Faubourg Saint Antoine", "id_parc": "PA9099", "num_voies": "245", "geox": 603531, "geoy": 127751, "oid": 1141304, "arrondissement": "Paris 11e Arrondissement" }, "geometry": { "type": "MultiPoint", "coordinates": [ [ 2.384624454486322, 48.8502134394178 ] ] } },
{ "type": "Feature", "properties": { "id": "8265", "geo_fid": 8265, "geo_creati": 1530006283790, "geo_modifi": 1530006283790, "id_alpage": 8265, "id_num_sca": "ADO75CA_ANO576", "quartier": "Faubourg Saint-Antoine", "nom_entier": "Rue du Faubourg Saint Antoine", "id_parc": "PA9089", "num_voies": "273", "geox": 603652, "geoy": 127721, "oid": 1141318, "arrondissement": "Paris 11e Arrondissement" }, "geometry": { "type": "MultiPoint", "coordinates": [ [ 2.386263440814416, 48.849943864762771 ] ] } },
{ "type": "Feature", "properties": { "id": "8282", "geo_fid": 8282, "geo_creati": 1530006283790, "geo_modifi": 1530006283790, "id_alpage": 8282, "id_num_sca": "ADO75CA_ANO576", "quartier": "Faubourg Saint-Antoine", "nom_entier": "Rue du Faubourg Saint Antoine", "id_parc": "PA9074", "num_voies": "307", "geox": 603902, "geoy": 127662, "oid": 1141335, "arrondissement": "Paris 11e Arrondissement" }, "geometry": { "type": "MultiPoint", "coordinates": [ [ 2.389672179649976, 48.849412678302045 ] ] } },
{ "type": "Feature", "properties": { "id": "8294", "geo_fid": 8294, "geo_creati": 1530006283790, "geo_modifi": 1530006283790, "id_alpage": 8294, "id_num_sca": "ADO75CA_ANO576", "quartier": "Faubourg Saint-Antoine", "nom_entier": "Rue du Faubourg Saint Antoine", "id_parc": "PA9113", "num_voies": "327bis", "geox": 604016, "geoy": 127639, "oid": 1141347, "arrondissement": "Paris 11e Arrondissement" }, "geometry": { "type": "MultiPoint", "coordinates": [ [ 2.391223964944135, 48.84919792805664 ] ] } },
{ "type": "Feature", "properties": { "id": "8310", "geo_fid": 8310, "geo_creati": 1530006283791, "geo_modifi": 1530006283791, "id_alpage": 8310, "id_num_sca": "ADO75CA_ANO578", "quartier": "Faubourg Saint-Antoine", "nom_entier": "Rue du Faubourg Saint Antoine", "id_parc": "PA9019", "num_voies": "223", "geox": 603416, "geoy": 127782, "oid": 1141363, "arrondissement": "Paris 11e Arrondissement" }, "geometry": { "type": "MultiPoint", "coordinates": [ [ 2.383053591693636, 48.850492855208621 ] ] } },
{ "type": "Feature", "properties": { "id": "8313", "geo_fid": 8313, "geo_creati": 1530006283791, "geo_modifi": 1530006283791, "id_alpage": 8313, "id_num_sca": "ADO75CA_ANO578", "quartier": "Faubourg Saint-Antoine", "nom_entier": null, "id_parc": "PA9013", "num_voies": "229", "geox": 603445, "geoy": 127782, "oid": 1141366, "arrondissement": "Paris 11e Arrondissement" }, "geometry": { "type": "MultiPoint", "coordinates": [ [ 2.383448755115155, 48.850489098810478 ] ] } },
{ "type": "Feature", "properties": { "id": "8314", "geo_fid": 8314, "geo_creati": 1530006283791, "geo_modifi": 1530006283791, "id_alpage": 8314, "id_num_sca": "ADO75CA_ANO578", "quartier": "Faubourg Saint-Antoine", "nom_entier": "Rue Saint Julien", "id_parc": "PA9014", "num_voies": "233", "geox": 603457, "geoy": 127782, "oid": 1141367, "arrondissement": "Paris 11e Arrondissement" }, "geometry": { "type": "MultiPoint", "coordinates": [ [ 2.383610913935508, 48.850493529402328 ] ] } },
{ "type": "Feature", "properties": { "id": "8324", "geo_fid": 8324, "geo_creati": 1530006283791, "geo_modifi": 1530006283791, "id_alpage": 8324, "id_num_sca": "ADO75CA_ANO578", "quartier": "Faubourg Saint-Antoine", "nom_entier": "Rue de Montreuil", "id_parc": "PA9042", "num_voies": "19", "geox": 603543, "geoy": 127782, "oid": 1141377, "arrondissement": "Paris 11e Arrondissement" }, "geometry": { "type": "MultiPoint", "coordinates": [ [ 2.384778693842525, 48.850486754057663 ] ] } },
{ "type": "Feature", "properties": { "id": "8327", "geo_fid": 8327, "geo_creati": 1530006283791, "geo_modifi": 1530006283791, "id_alpage": 8327, "id_num_sca": "ADO75CA_ANO578", "quartier": "Faubourg Saint-Antoine", "nom_entier": "Rue de Montreuil", "id_parc": "PA9041", "num_voies": "25", "geox": 603566, "geoy": 127781, "oid": 1141380, "arrondissement": "Paris 11e Arrondissement" }, "geometry": { "type": "MultiPoint", "coordinates": [ [ 2.385097549036293, 48.850483023711739 ] ] } },
{ "type": "Feature", "properties": { "id": "8328", "geo_fid": 8328, "geo_creati": 1530006283791, "geo_modifi": 1530006283791, "id_alpage": 8328, "id_num_sca": "ADO75CA_ANO578", "quartier": "Faubourg Saint-Antoine", "nom_entier": "Rue de Montreuil", "id_parc": "PA9039", "num_voies": "27", "geox": 603572, "geoy": 127781, "oid": 1141381, "arrondissement": "Paris 11e Arrondissement" }, "geometry": { "type": "MultiPoint", "coordinates": [ [ 2.385183396458639, 48.850483886954358 ] ] } },
{ "type": "Feature", "properties": { "id": "8339", "geo_fid": 8339, "geo_creati": 1530006283791, "geo_modifi": 1530006283791, "id_alpage": 8339, "id_num_sca": "ADO75CA_ANO578", "quartier": "Faubourg Saint-Antoine", "nom_entier": "Rue de Montreuil", "id_parc": "PA9060", "num_voies": "49", "geox": 603790, "geoy": 127776, "oid": 1141392, "arrondissement": "Paris 11e Arrondissement" }, "geometry": { "type": "MultiPoint", "coordinates": [ [ 2.388147098658171, 48.850435841363456 ] ] } },
{ "type": "Feature", "properties": { "id": "8340", "geo_fid": 8340, "geo_creati": 1530006283791, "geo_modifi": 1530006283791, "id_alpage": 8340, "id_num_sca": "ADO75CA_ANO578", "quartier": "Faubourg Saint-Antoine", "nom_entier": "Rue de Montreuil", "id_parc": "PA9061", "num_voies": "51", "geox": 603803, "geoy": 127776, "oid": 1141393, "arrondissement": "Paris 11e Arrondissement" }, "geometry": { "type": "MultiPoint", "coordinates": [ [ 2.388332420797476, 48.850438456371073 ] ] } },
{ "type": "Feature", "properties": { "id": "8349", "geo_fid": 8349, "geo_creati": 1530006283792, "geo_modifi": 1530006283792, "id_alpage": 8349, "id_num_sca": "ADO75CA_ANO578", "quartier": "Faubourg Saint-Antoine", "nom_entier": "Rue de Montreuil", "id_parc": "PA9122", "num_voies": "67", "geox": 603885, "geoy": 127779, "oid": 1141402, "arrondissement": "Paris 11e Arrondissement" }, "geometry": { "type": "MultiPoint", "coordinates": [ [ 2.389445721407662, 48.850458635836077 ] ] } },
{ "type": "Feature", "properties": { "id": "8357", "geo_fid": 8357, "geo_creati": 1530006283792, "geo_modifi": 1530006283792, "id_alpage": 8357, "id_num_sca": "ADO75CA_ANO578", "quartier": "Faubourg Saint-Antoine", "nom_entier": "Rue de Montreuil", "id_parc": "PA9127", "num_voies": "83", "geox": 603940, "geoy": 127781, "oid": 1141410, "arrondissement": "Paris 11e Arrondissement" }, "geometry": { "type": "MultiPoint", "coordinates": [ [ 2.390197920463327, 48.850477174019858 ] ] } },
{ "type": "Feature", "properties": { "id": "8390", "geo_fid": 8390, "geo_creati": 1530006283793, "geo_modifi": 1530006283793, "id_alpage": 8390, "id_num_sca": "ADO75CA_ANO578", "quartier": "Faubourg Saint-Antoine", "nom_entier": "Rue Saint Bernard", "id_parc": "PA9010", "num_voies": "26", "geox": 603318, "geoy": 127951, "oid": 1141443, "arrondissement": "Paris 11e Arrondissement" }, "geometry": { "type": "MultiPoint", "coordinates": [ [ 2.381719557280178, 48.852009556016213 ] ] } },
{ "type": "Feature", "properties": { "id": "8405", "geo_fid": 8405, "geo_creati": 1530006283805, "geo_modifi": 1530006283805, "id_alpage": 8405, "id_num_sca": "ADO75CA_ANO579", "quartier": "Faubourg Saint-Antoine", "nom_entier": "Rue de Charonne", "id_parc": "PA8931", "num_voies": "64", "geox": 603186, "geoy": 128112, "oid": 1141458, "arrondissement": "Paris 11e Arrondissement" }, "geometry": { "type": "MultiPoint", "coordinates": [ [ 2.37991933164298, 48.853459870381513 ] ] } },
{ "type": "Feature", "properties": { "id": "8408", "geo_fid": 8408, "geo_creati": 1530006283805, "geo_modifi": 1530006283805, "id_alpage": 8408, "id_num_sca": "ADO75CA_ANO579", "quartier": "Faubourg Saint-Antoine", "nom_entier": "Rue Saint Bernard", "id_parc": "PA8935", "num_voies": "39", "geox": 603230, "geoy": 128097, "oid": 1141461, "arrondissement": "Paris 11e Arrondissement" }, "geometry": { "type": "MultiPoint", "coordinates": [ [ 2.380516091033404, 48.853328351907919 ] ] } },
{ "type": "Feature", "properties": { "id": "8425", "geo_fid": 8425, "geo_creati": 1530006283806, "geo_modifi": 1530006283806, "id_alpage": 8425, "id_num_sca": "ADO75CA_ANO579", "quartier": "Faubourg Saint-Antoine", "nom_entier": "Rue Saint Bernard", "id_parc": "PA8996", "num_voies": "1", "geox": 603295, "geoy": 127790, "oid": 1141478, "arrondissement": "Paris 11e Arrondissement" }, "geometry": { "type": "MultiPoint", "coordinates": [ [ 2.381407577622426, 48.850560949502153 ] ] } },
{ "type": "Feature", "properties": { "id": "8428", "geo_fid": 8428, "geo_creati": 1530006283806, "geo_modifi": 1530006283806, "id_alpage": 8428, "id_num_sca": "ADO75CA_ANO579", "quartier": "Faubourg Saint-Antoine", "nom_entier": "Rue du Faubourg Saint Antoine", "id_parc": "PA8993", "num_voies": "189", "geox": 603259, "geoy": 127783, "oid": 1141481, "arrondissement": "Paris 11e Arrondissement" }, "geometry": { "type": "MultiPoint", "coordinates": [ [ 2.380919699810153, 48.850503583842197 ] ] } },
{ "type": "Feature", "properties": { "id": "8433", "geo_fid": 8433, "geo_creati": 1530006283806, "geo_modifi": 1530006283806, "id_alpage": 8433, "id_num_sca": "ADO75CA_ANO579", "quartier": "Faubourg Saint-Antoine", "nom_entier": "Impasse de la Forge", "id_parc": "PA8987", "num_voies": "179", "geox": 603206, "geoy": 127785, "oid": 1141486, "arrondissement": "Paris 11e Arrondissement" }, "geometry": { "type": "MultiPoint", "coordinates": [ [ 2.380192058607911, 48.850516449823083 ] ] } },
{ "type": "Feature", "properties": { "id": "8438", "geo_fid": 8438, "geo_creati": 1530006283806, "geo_modifi": 1530006283806, "id_alpage": 8438, "id_num_sca": "ADO75CA_ANO579", "quartier": "Faubourg Saint-Antoine", "nom_entier": "Impasse de la Forge", "id_parc": "PA8990", "num_voies": "3", "geox": 603203, "geoy": 127810, "oid": 1141491, "arrondissement": "Paris 11e Arrondissement" }, "geometry": { "type": "MultiPoint", "coordinates": [ [ 2.380145921975232, 48.85074038597439 ] ] } },
{ "type": "Feature", "properties": { "id": "8455", "geo_fid": 8455, "geo_creati": 1530006283807, "geo_modifi": 1530006283807, "id_alpage": 8455, "id_num_sca": "ADO75CA_ANO579", "quartier": "Faubourg Saint-Antoine", "nom_entier": "Rue Sainte Marguerite", "id_parc": "PA8959", "num_voies": "10", "geox": 603099, "geoy": 127859, "oid": 1141508, "arrondissement": "Paris 11e Arrondissement" }, "geometry": { "type": "MultiPoint", "coordinates": [ [ 2.378740034204695, 48.851181549273143 ] ] } },
{ "type": "Feature", "properties": { "id": "8468", "geo_fid": 8468, "geo_creati": 1530006283807, "geo_modifi": 1530006283807, "id_alpage": 8468, "id_num_sca": "ADO75CA_ANO579", "quartier": "Faubourg Saint-Antoine", "nom_entier": "Rue Sainte Marguerite", "id_parc": "PA8948", "num_voies": "36", "geox": 603121, "geoy": 127955, "oid": 1141521, "arrondissement": "Paris 11e Arrondissement" }, "geometry": { "type": "MultiPoint", "coordinates": [ [ 2.379032373734449, 48.852049240353395 ] ] } },
{ "type": "Feature", "properties": { "id": "8475", "geo_fid": 8475, "geo_creati": 1530006283807, "geo_modifi": 1530006283807, "id_alpage": 8475, "id_num_sca": "ADO75CA_ANO579", "quartier": "Faubourg Saint-Antoine", "nom_entier": "Rue Sainte Marguerite", "id_parc": "PA8938", "num_voies": "50", "geox": 603138, "geoy": 128035, "oid": 1141528, "arrondissement": "Paris 11e Arrondissement" }, "geometry": { "type": "MultiPoint", "coordinates": [ [ 2.379261913334155, 48.852768573912719 ] ] } },
{ "type": "Feature", "properties": { "id": "8477", "geo_fid": 8477, "geo_creati": 1530006283807, "geo_modifi": 1530006283807, "id_alpage": 8477, "id_num_sca": "ADO75CA_ANO580", "quartier": "Faubourg Saint-Antoine", "nom_entier": "Rue Sainte Marguerite", "id_parc": "PA8897", "num_voies": "39", "geox": 603126, "geoy": 127998, "oid": 1141530, "arrondissement": "Paris 11e Arrondissement" }, "geometry": { "type": "MultiPoint", "coordinates": [ [ 2.379106285288916, 48.852436799625856 ] ] } },
{ "type": "Feature", "properties": { "id": "8493", "geo_fid": 8493, "geo_creati": 1530006283807, "geo_modifi": 1530006283807, "id_alpage": 8493, "id_num_sca": "ADO75CA_ANO580", "quartier": "Faubourg Saint-Antoine", "nom_entier": "Rue Sainte Marguerite", "id_parc": "PA8918", "num_voies": "7", "geox": 603092, "geoy": 127847, "oid": 1141546, "arrondissement": "Paris 11e Arrondissement" }, "geometry": { "type": "MultiPoint", "coordinates": [ [ 2.378640475917694, 48.851080866937252 ] ] } },
{ "type": "Feature", "properties": { "id": "8506", "geo_fid": 8506, "geo_creati": 1530006283808, "geo_modifi": 1530006283808, "id_alpage": 8506, "id_num_sca": "ADO75CA_ANO580", "quartier": "Faubourg Saint-Antoine", "nom_entier": "Rue du Faubourg Saint Antoine", "id_parc": "PA8927", "num_voies": "139", "geox": 603009, "geoy": 127840, "oid": 1141559, "arrondissement": "Paris 11e Arrondissement" }, "geometry": { "type": "MultiPoint", "coordinates": [ [ 2.377509414042228, 48.851014725490863 ] ] } },
{ "type": "Feature", "properties": { "id": "8510", "geo_fid": 8510, "geo_creati": 1530006283808, "geo_modifi": 1530006283808, "id_alpage": 8510, "id_num_sca": "ADO75CA_ANO580", "quartier": "Faubourg Saint-Antoine", "nom_entier": "Rue du Faubourg Saint Antoine", "id_parc": "PA8876", "num_voies": "131", "geox": 602976, "geoy": 127852, "oid": 1141563, "arrondissement": "Paris 11e Arrondissement" }, "geometry": { "type": "MultiPoint", "coordinates": [ [ 2.377057100788152, 48.851126393956278 ] ] } },
{ "type": "Feature", "properties": { "id": "8511", "geo_fid": 8511, "geo_creati": 1530006283808, "geo_modifi": 1530006283808, "id_alpage": 8511, "id_num_sca": "ADO75CA_ANO580", "quartier": "Faubourg Saint-Antoine", "nom_entier": "Rue du Faubourg Saint Antoine", "id_parc": "PA8877", "num_voies": "129", "geox": 602967, "geoy": 127856, "oid": 1141564, "arrondissement": "Paris 11e Arrondissement" }, "geometry": { "type": "MultiPoint", "coordinates": [ [ 2.376933124450328, 48.851158810944838 ] ] } },
{ "type": "Feature", "properties": { "id": "8541", "geo_fid": 8541, "geo_creati": 1530006283809, "geo_modifi": 1530006283809, "id_alpage": 8541, "id_num_sca": "ADO75CA_ANO580", "quartier": "Faubourg Saint-Antoine", "nom_entier": "Rue du Faubourg Saint Antoine", "id_parc": "PA8853", "num_voies": "71", "geox": 602766, "geoy": 127931, "oid": 1141594, "arrondissement": "Paris 11e Arrondissement" }, "geometry": { "type": "MultiPoint", "coordinates": [ [ 2.374190583199262, 48.851829689707593 ] ] } },
{ "type": "Feature", "properties": { "id": "8543", "geo_fid": 8543, "geo_creati": 1530006283809, "geo_modifi": 1530006283809, "id_alpage": 8543, "id_num_sca": "ADO75CA_ANO580", "quartier": "Faubourg Saint-Antoine", "nom_entier": "Rue du Faubourg Saint Antoine", "id_parc": "PA8852", "num_voies": "67", "geox": 602752, "geoy": 127935, "oid": 1141596, "arrondissement": "Paris 11e Arrondissement" }, "geometry": { "type": "MultiPoint", "coordinates": [ [ 2.37400937659834, 48.851870215486777 ] ] } },
{ "type": "Feature", "properties": { "id": "8555", "geo_fid": 8555, "geo_creati": 1530006283809, "geo_modifi": 1530006283809, "id_alpage": 8555, "id_num_sca": "ADO75CA_ANO580", "quartier": "Faubourg Saint-Antoine", "nom_entier": "Rue de Charonne", "id_parc": "PA8844", "num_voies": "24", "geox": 602833, "geoy": 128075, "oid": 1141608, "arrondissement": "Paris 11e Arrondissement" }, "geometry": { "type": "MultiPoint", "coordinates": [ [ 2.375111380104348, 48.853125239213362 ] ] } },
{ "type": "Feature", "properties": { "id": "8562", "geo_fid": 8562, "geo_creati": 1530006283809, "geo_modifi": 1530006283809, "id_alpage": 8562, "id_num_sca": "ADO75CA_ANO580", "quartier": "Faubourg Saint-Antoine", "nom_entier": "Rue de Charonne", "id_parc": "PA8875", "num_voies": "38", "geox": 602944, "geoy": 128085, "oid": 1141615, "arrondissement": "Paris 11e Arrondissement" }, "geometry": { "type": "MultiPoint", "coordinates": [ [ 2.376628155957478, 48.853216451591997 ] ] } },
{ "type": "Feature", "properties": { "id": "8563", "geo_fid": 8563, "geo_creati": 1530006283809, "geo_modifi": 1530006283809, "id_alpage": 8563, "id_num_sca": "ADO75CA_ANO580", "quartier": "Faubourg Saint-Antoine", "nom_entier": "Rue de Charonne", "id_parc": "PA8874", "num_voies": "40", "geox": 602982, "geoy": 128083, "oid": 1141616, "arrondissement": "Paris 11e Arrondissement" }, "geometry": { "type": "MultiPoint", "coordinates": [ [ 2.377145978963153, 48.853203681894449 ] ] } },
{ "type": "Feature", "properties": { "id": "8582", "geo_fid": 8582, "geo_creati": 1530006283810, "geo_modifi": 1530006283810, "id_alpage": 8582, "id_num_sca": "ADO75CA_ANO581", "quartier": "Faubourg Saint-Antoine", "nom_entier": "Rue du Faubourg Saint Antoine", "id_parc": "PA8809", "num_voies": "63", "geox": 602713, "geoy": 127953, "oid": 1141635, "arrondissement": "Paris 11e Arrondissement" }, "geometry": { "type": "MultiPoint", "coordinates": [ [ 2.373476686665449, 48.852033154152373 ] ] } },
{ "type": "Feature", "properties": { "id": "8593", "geo_fid": 8593, "geo_creati": 1530006283810, "geo_modifi": 1530006283810, "id_alpage": 8593, "id_num_sca": "ADO75CA_ANO581", "quartier": "Faubourg Saint-Antoine", "nom_entier": "Rue du Faubourg Saint Antoine", "id_parc": "PA8792", "num_voies": "43", "geox": 602615, "geoy": 127996, "oid": 1141646, "arrondissement": "Paris 11e Arrondissement" }, "geometry": { "type": "MultiPoint", "coordinates": [ [ 2.372136071030746, 48.852414863400661 ] ] } },
{ "type": "Feature", "properties": { "id": "8605", "geo_fid": 8605, "geo_creati": 1530006283820, "geo_modifi": 1530006283820, "id_alpage": 8605, "id_num_sca": "ADO75CA_ANO581", "quartier": "Faubourg Saint-Antoine", "nom_entier": "Rue du Faubourg Saint Antoine", "id_parc": "PA8730", "num_voies": "21", "geox": 602554, "geoy": 128035, "oid": 1141658, "arrondissement": "Paris 11e Arrondissement" }, "geometry": { "type": "MultiPoint", "coordinates": [ [ 2.37131052028179, 48.852770325398239 ] ] } },
{ "type": "Feature", "properties": { "id": "8620", "geo_fid": 8620, "geo_creati": 1530006283821, "geo_modifi": 1530006283821, "id_alpage": 8620, "id_num_sca": "ADO75CA_ANO581", "quartier": "Faubourg Saint-Antoine", "nom_entier": "Rue de la Roquette", "id_parc": "PA8782", "num_voies": "10", "geox": 602504, "geoy": 128120, "oid": 1141673, "arrondissement": "Paris 11e Arrondissement" }, "geometry": { "type": "MultiPoint", "coordinates": [ [ 2.370635132681214, 48.853536705009333 ] ] } },
{ "type": "Feature", "properties": { "id": "8621", "geo_fid": 8621, "geo_creati": 1530006283821, "geo_modifi": 1530006283821, "id_alpage": 8621, "id_num_sca": "ADO75CA_ANO581", "quartier": "Faubourg Saint-Antoine", "nom_entier": "Rue de la Roquette", "id_parc": "PA8785", "num_voies": "12", "geox": 602509, "geoy": 128128, "oid": 1141674, "arrondissement": "Paris 11e Arrondissement" }, "geometry": { "type": "MultiPoint", "coordinates": [ [ 2.370697864766586, 48.853605930599933 ] ] } },
{ "type": "Feature", "properties": { "id": "8629", "geo_fid": 8629, "geo_creati": 1530006283821, "geo_modifi": 1530006283821, "id_alpage": 8629, "id_num_sca": "ADO75CA_ANO581", "quartier": "Faubourg Saint-Antoine", "nom_entier": "Rue de la Roquette", "id_parc": "PA8767", "num_voies": "28", "geox": 602549, "geoy": 128189, "oid": 1141682, "arrondissement": "Paris 11e Arrondissement" }, "geometry": { "type": "MultiPoint", "coordinates": [ [ 2.37123924548632, 48.854157024504417 ] ] } },
{ "type": "Feature", "properties": { "id": "8630", "geo_fid": 8630, "geo_creati": 1530006283821, "geo_modifi": 1530006283821, "id_alpage": 8630, "id_num_sca": "ADO75CA_ANO581", "quartier": "Faubourg Saint-Antoine", "nom_entier": "Rue de la Roquette", "id_parc": "PA8764", "num_voies": "30", "geox": 602552, "geoy": 128195, "oid": 1141683, "arrondissement": "Paris 11e Arrondissement" }, "geometry": { "type": "MultiPoint", "coordinates": [ [ 2.371282887192759, 48.854206471470356 ] ] } },
{ "type": "Feature", "properties": { "id": "8632", "geo_fid": 8632, "geo_creati": 1530006283821, "geo_modifi": 1530006283821, "id_alpage": 8632, "id_num_sca": "ADO75CA_ANO581", "quartier": "Faubourg Saint-Antoine", "nom_entier": "Rue de Lappe", "id_parc": "PA8761", "num_voies": "2", "geox": 602568, "geoy": 128202, "oid": 1141685, "arrondissement": "Paris 11e Arrondissement" }, "geometry": { "type": "MultiPoint", "coordinates": [ [ 2.37149824877872, 48.854275650991404 ] ] } },
{ "type": "Feature", "properties": { "id": "8638", "geo_fid": 8638, "geo_creati": 1530006283821, "geo_modifi": 1530006283821, "id_alpage": 8638, "id_num_sca": "ADO75CA_ANO581", "quartier": "Faubourg Saint-Antoine", "nom_entier": "Rue de Lappe", "id_parc": "PA8768", "num_voies": "14", "geox": 602617, "geoy": 128165, "oid": 1141691, "arrondissement": "Paris 11e Arrondissement" }, "geometry": { "type": "MultiPoint", "coordinates": [ [ 2.372172575057468, 48.853942715828865 ] ] } },
{ "type": "Feature", "properties": { "id": "8642", "geo_fid": 8642, "geo_creati": 1530006283821, "geo_modifi": 1530006283821, "id_alpage": 8642, "id_num_sca": "ADO75CA_ANO581", "quartier": "Faubourg Saint-Antoine", "nom_entier": "Rue de Lappe", "id_parc": "PA8830", "num_voies": "22", "geox": 602644, "geoy": 128146, "oid": 1141695, "arrondissement": "Paris 11e Arrondissement" }, "geometry": { "type": "MultiPoint", "coordinates": [ [ 2.372533575632374, 48.85376634738946 ] ] } },
{ "type": "Feature", "properties": { "id": "8646", "geo_fid": 8646, "geo_creati": 1530006283821, "geo_modifi": 1530006283821, "id_alpage": 8646, "id_num_sca": "ADO75CA_ANO581", "quartier": "Faubourg Saint-Antoine", "nom_entier": "Rue de Lappe", "id_parc": "PA8825", "num_voies": "30", "geox": 602689, "geoy": 128111, "oid": 1141699, "arrondissement": "Paris 11e Arrondissement" }, "geometry": { "type": "MultiPoint", "coordinates": [ [ 2.373153394679707, 48.853455005812322 ] ] } },
{ "type": "Feature", "properties": { "id": "8647", "geo_fid": 8647, "geo_creati": 1530006283821, "geo_modifi": 1530006283821, "id_alpage": 8647, "id_num_sca": "ADO75CA_ANO581", "quartier": "Faubourg Saint-Antoine", "nom_entier": "Rue de Lappe", "id_parc": "PA26276", "num_voies": "32", "geox": 602697, "geoy": 128105, "oid": 1141700, "arrondissement": "Paris 11e Arrondissement" }, "geometry": { "type": "MultiPoint", "coordinates": [ [ 2.373259647495495, 48.853400116717104 ] ] } },
{ "type": "Feature", "properties": { "id": "8648", "geo_fid": 8648, "geo_creati": 1530006283821, "geo_modifi": 1530006283821, "id_alpage": 8648, "id_num_sca": "ADO75CA_ANO581", "quartier": "Faubourg Saint-Antoine", "nom_entier": "Rue de Lappe", "id_parc": "PA8826", "num_voies": "34", "geox": 602704, "geoy": 128099, "oid": 1141701, "arrondissement": "Paris 11e Arrondissement" }, "geometry": { "type": "MultiPoint", "coordinates": [ [ 2.373359089079494, 48.853348826768006 ] ] } },
{ "type": "Feature", "properties": { "id": "8654", "geo_fid": 8654, "geo_creati": 1530006283821, "geo_modifi": 1530006283821, "id_alpage": 8654, "id_num_sca": "ADO75CA_ANO581", "quartier": "Faubourg Saint-Antoine", "nom_entier": "Rue de Lappe", "id_parc": "PA8816", "num_voies": "46", "geox": 602762, "geoy": 128058, "oid": 1141707, "arrondissement": "Paris 11e Arrondissement" }, "geometry": { "type": "MultiPoint", "coordinates": [ [ 2.374142377342272, 48.852975378180631 ] ] } },
{ "type": "Feature", "properties": { "id": "8660", "geo_fid": 8660, "geo_creati": 1530006283822, "geo_modifi": 1530006283822, "id_alpage": 8660, "id_num_sca": "ADO75CA_ANO582", "quartier": "Faubourg Saint-Antoine", "nom_entier": null, "id_parc": "PA8745", "num_voies": "3", "geox": 602454, "geoy": 128138, "oid": 1141713, "arrondissement": "Paris 11e Arrondissement" }, "geometry": { "type": "MultiPoint", "coordinates": [ [ 2.369945698471999, 48.85369787441428 ] ] } },
{ "type": "Feature", "properties": { "id": "8219", "geo_fid": 8219, "geo_creati": 1530006283789, "geo_modifi": 1530006283789, "id_alpage": 8219, "id_num_sca": "ADO75CA_ANO576", "quartier": "Faubourg Saint-Antoine", "nom_entier": "Rue de Montreuil", "id_parc": "PA9072", "num_voies": "58", "geox": 603914, "geoy": 127776, "oid": 1141272, "arrondissement": "Paris 11e Arrondissement" }, "geometry": { "type": "MultiPoint", "coordinates": [ [ 2.389836777114271, 48.85043687376016 ] ] } },
{ "type": "Feature", "properties": { "id": "8231", "geo_fid": 8231, "geo_creati": 1530006283789, "geo_modifi": 1530006283789, "id_alpage": 8231, "id_num_sca": "ADO75CA_ANO576", "quartier": "Faubourg Saint-Antoine", "nom_entier": "Rue de Montreuil", "id_parc": "PA9089", "num_voies": "34", "geox": 603653, "geoy": 127773, "oid": 1141284, "arrondissement": "Paris 11e Arrondissement" }, "geometry": { "type": "MultiPoint", "coordinates": [ [ 2.386278890166118, 48.850410580456291 ] ] } },
{ "type": "Feature", "properties": { "id": "8234", "geo_fid": 8234, "geo_creati": 1530006283789, "geo_modifi": 1530006283789, "id_alpage": 8234, "id_num_sca": "ADO75CA_ANO576", "quartier": "Faubourg Saint-Antoine", "nom_entier": "Rue de Montreuil", "id_parc": "PA9090", "num_voies": "28", "geox": 603616, "geoy": 127774, "oid": 1141287, "arrondissement": "Paris 11e Arrondissement" }, "geometry": { "type": "MultiPoint", "coordinates": [ [ 2.385780168558847, 48.850416189284743 ] ] } },
{ "type": "Feature", "properties": { "id": "8241", "geo_fid": 8241, "geo_creati": 1530006283789, "geo_modifi": 1530006283789, "id_alpage": 8241, "id_num_sca": "ADO75CA_ANO576", "quartier": "Faubourg Saint-Antoine", "nom_entier": "Rue de Montreuil", "id_parc": "PA9098", "num_voies": "14", "geox": 603554, "geoy": 127776, "oid": 1141294, "arrondissement": "Paris 11e Arrondissement" }, "geometry": { "type": "MultiPoint", "coordinates": [ [ 2.384935347837259, 48.850434530905858 ] ] } },
{ "type": "Feature", "properties": { "id": "8245", "geo_fid": 8245, "geo_creati": 1530006283789, "geo_modifi": 1530006283789, "id_alpage": 8245, "id_num_sca": "ADO75CA_ANO576", "quartier": "Faubourg Saint-Antoine", "nom_entier": "Rue de Montreuil", "id_parc": "PA9103", "num_voies": "6", "geox": 603509, "geoy": 127777, "oid": 1141298, "arrondissement": "Paris 11e Arrondissement" }, "geometry": { "type": "MultiPoint", "coordinates": [ [ 2.384324895110916, 48.850446474921107 ] ] } },
{ "type": "Feature", "properties": { "id": "8250", "geo_fid": 8250, "geo_creati": 1530006283789, "geo_modifi": 1530006283789, "id_alpage": 8250, "id_num_sca": "ADO75CA_ANO576", "quartier": "Faubourg Saint-Antoine", "nom_entier": "Rue du Faubourg Saint Antoine", "id_parc": "PA9101", "num_voies": "243bis", "geox": 603526, "geoy": 127752, "oid": 1141303, "arrondissement": "Paris 11e Arrondissement" }, "geometry": { "type": "MultiPoint", "coordinates": [ [ 2.384548157121055, 48.850224262336852 ] ] } },
{ "type": "Feature", "properties": { "id": "8252", "geo_fid": 8252, "geo_creati": 1530006283790, "geo_modifi": 1530006283790, "id_alpage": 8252, "id_num_sca": "ADO75CA_ANO576", "quartier": "Faubourg Saint-Antoine", "nom_entier": "Rue du Faubourg Saint Antoine", "id_parc": "PA9100", "num_voies": "247", "geox": 603537, "geoy": 127750, "oid": 1141305, "arrondissement": "Paris 11e Arrondissement" }, "geometry": { "type": "MultiPoint", "coordinates": [ [ 2.384698023111993, 48.850199020493271 ] ] } },
{ "type": "Feature", "properties": { "id": "8269", "geo_fid": 8269, "geo_creati": 1530006283790, "geo_modifi": 1530006283790, "id_alpage": 8269, "id_num_sca": "ADO75CA_ANO576", "quartier": "Faubourg Saint-Antoine", "nom_entier": "Rue du Faubourg Saint Antoine", "id_parc": "PA9085", "num_voies": "281", "geox": 603704, "geoy": 127709, "oid": 1141322, "arrondissement": "Paris 11e Arrondissement" }, "geometry": { "type": "MultiPoint", "coordinates": [ [ 2.386980071154726, 48.849831145656864 ] ] } },
{ "type": "Feature", "properties": { "id": "8382", "geo_fid": 8382, "geo_creati": 1530006283792, "geo_modifi": 1530006283792, "id_alpage": 8382, "id_num_sca": "ADO75CA_ANO578", "quartier": "Faubourg Saint-Antoine", "nom_entier": "Rue de Charonne", "id_parc": "PA9008", "num_voies": "86", "geox": 603463, "geoy": 128200, "oid": 1141435, "arrondissement": "Paris 11e Arrondissement" }, "geometry": { "type": "MultiPoint", "coordinates": [ [ 2.38369209156518, 48.854246159847378 ] ] } },
{ "type": "Feature", "properties": { "id": "8397", "geo_fid": 8397, "geo_creati": 1530006283793, "geo_modifi": 1530006283793, "id_alpage": 8397, "id_num_sca": "ADO75CA_ANO578", "quartier": "Faubourg Saint-Antoine", "nom_entier": "Rue Saint Bernard", "id_parc": "PA9049", "num_voies": "12", "geox": 603309, "geoy": 127862, "oid": 1141450, "arrondissement": "Paris 11e Arrondissement" }, "geometry": { "type": "MultiPoint", "coordinates": [ [ 2.381590752296697, 48.851211052333817 ] ] } },
{ "type": "Feature", "properties": { "id": "8402", "geo_fid": 8402, "geo_creati": 1530006283805, "geo_modifi": 1530006283805, "id_alpage": 8402, "id_num_sca": "ADO75CA_ANO578", "quartier": "Faubourg Saint-Antoine", "nom_entier": "Rue Saint Bernard", "id_parc": "PA9030", "num_voies": "2", "geox": 603301, "geoy": 127792, "oid": 1141455, "arrondissement": "Paris 11e Arrondissement" }, "geometry": { "type": "MultiPoint", "coordinates": [ [ 2.381486629496472, 48.850581602144295 ] ] } },
{ "type": "Feature", "properties": { "id": "8410", "geo_fid": 8410, "geo_creati": 1530006283805, "geo_modifi": 1530006283805, "id_alpage": 8410, "id_num_sca": "ADO75CA_ANO579", "quartier": "Faubourg Saint-Antoine", "nom_entier": "Rue Saint Bernard", "id_parc": "PA9000", "num_voies": "35", "geox": 603238, "geoy": 128080, "oid": 1141463, "arrondissement": "Paris 11e Arrondissement" }, "geometry": { "type": "MultiPoint", "coordinates": [ [ 2.380626336477985, 48.853173635212137 ] ] } },
{ "type": "Feature", "properties": { "id": "8413", "geo_fid": 8413, "geo_creati": 1530006283806, "geo_modifi": 1530006283806, "id_alpage": 8413, "id_num_sca": "ADO75CA_ANO579", "quartier": "Faubourg Saint-Antoine", "nom_entier": null, "id_parc": "PA8985", "num_voies": "23", "geox": 603274, "geoy": 127999, "oid": 1141466, "arrondissement": "Paris 11e Arrondissement" }, "geometry": { "type": "MultiPoint", "coordinates": [ [ 2.381114904307314, 48.852439642226926 ] ] } },
{ "type": "Feature", "properties": { "id": "8416", "geo_fid": 8416, "geo_creati": 1530006283806, "geo_modifi": 1530006283806, "id_alpage": 8416, "id_num_sca": "ADO75CA_ANO579", "quartier": "Faubourg Saint-Antoine", "nom_entier": "Rue Saint Bernard", "id_parc": "PA8975", "num_voies": "19", "geox": 603310, "geoy": 127915, "oid": 1141469, "arrondissement": "Paris 11e Arrondissement" }, "geometry": { "type": "MultiPoint", "coordinates": [ [ 2.381611616918286, 48.851686759272219 ] ] } },
{ "type": "Feature", "properties": { "id": "8430", "geo_fid": 8430, "geo_creati": 1530006283806, "geo_modifi": 1530006283806, "id_alpage": 8430, "id_num_sca": "ADO75CA_ANO579", "quartier": "Faubourg Saint-Antoine", "nom_entier": "Rue du Faubourg Saint Antoine", "id_parc": "PA8983", "num_voies": "185", "geox": 603239, "geoy": 127784, "oid": 1141483, "arrondissement": "Paris 11e Arrondissement" }, "geometry": { "type": "MultiPoint", "coordinates": [ [ 2.380644452720359, 48.850511782305325 ] ] } },
{ "type": "Feature", "properties": { "id": "8479", "geo_fid": 8479, "geo_creati": 1530006283807, "geo_modifi": 1530006283807, "id_alpage": 8479, "id_num_sca": "ADO75CA_ANO580", "quartier": "Faubourg Saint-Antoine", "nom_entier": "Rue Sainte Marguerite", "id_parc": "PA8904", "num_voies": "35", "geox": 603121, "geoy": 127976, "oid": 1141532, "arrondissement": "Paris 11e Arrondissement" }, "geometry": { "type": "MultiPoint", "coordinates": [ [ 2.37903798329173, 48.852238085481837 ] ] } },
{ "type": "Feature", "properties": { "id": "8482", "geo_fid": 8482, "geo_creati": 1530006283807, "geo_modifi": 1530006283807, "id_alpage": 8482, "id_num_sca": "ADO75CA_ANO580", "quartier": "Faubourg Saint-Antoine", "nom_entier": "Rue Sainte Marguerite", "id_parc": "PA8900", "num_voies": "29", "geox": 603114, "geoy": 127945, "oid": 1141535, "arrondissement": "Paris 11e Arrondissement" }, "geometry": { "type": "MultiPoint", "coordinates": [ [ 2.378942361714583, 48.851960245321763 ] ] } },
{ "type": "Feature", "properties": { "id": "8513", "geo_fid": 8513, "geo_creati": 1530006283808, "geo_modifi": 1530006283808, "id_alpage": 8513, "id_num_sca": "ADO75CA_ANO580", "quartier": "Faubourg Saint-Antoine", "nom_entier": "Impasse de la Bonne Graine", "id_parc": "PA26534", "num_voies": "125", "geox": 602954, "geoy": 127862, "oid": 1141566, "arrondissement": "Paris 11e Arrondissement" }, "geometry": { "type": "MultiPoint", "coordinates": [ [ 2.376756017669316, 48.851208332380772 ] ] } },
{ "type": "Feature", "properties": { "id": "8524", "geo_fid": 8524, "geo_creati": 1530006283808, "geo_modifi": 1530006283808, "id_alpage": 8524, "id_num_sca": "ADO75CA_ANO580", "quartier": "Faubourg Saint-Antoine", "nom_entier": "Rue du Faubourg Saint Antoine", "id_parc": "PA8836", "num_voies": "103", "geox": 602886, "geoy": 127887, "oid": 1141577, "arrondissement": "Paris 11e Arrondissement" }, "geometry": { "type": "MultiPoint", "coordinates": [ [ 2.375829585790572, 48.851439762374262 ] ] } },
{ "type": "Feature", "properties": { "id": "8526", "geo_fid": 8526, "geo_creati": 1530006283808, "geo_modifi": 1530006283808, "id_alpage": 8526, "id_num_sca": "ADO75CA_ANO580", "quartier": "Faubourg Saint-Antoine", "nom_entier": "Rue du Faubourg Saint Antoine", "id_parc": "PA8837", "num_voies": "99", "geox": 602867, "geoy": 127895, "oid": 1141579, "arrondissement": "Paris 11e Arrondissement" }, "geometry": { "type": "MultiPoint", "coordinates": [ [ 2.375568005845944, 48.851508195216823 ] ] } },
{ "type": "Feature", "properties": { "id": "8534", "geo_fid": 8534, "geo_creati": 1530006283809, "geo_modifi": 1530006283809, "id_alpage": 8534, "id_num_sca": "ADO75CA_ANO580", "quartier": "Faubourg Saint-Antoine", "nom_entier": "Rue du Faubourg Saint Antoine", "id_parc": "PA8864", "num_voies": "83", "geox": 602809, "geoy": 127916, "oid": 1141587, "arrondissement": "Paris 11e Arrondissement" }, "geometry": { "type": "MultiPoint", "coordinates": [ [ 2.374781889504975, 48.851700900789112 ] ] } },
{ "type": "Feature", "properties": { "id": "8546", "geo_fid": 8546, "geo_creati": 1530006283809, "geo_modifi": 1530006283809, "id_alpage": 8546, "id_num_sca": "ADO75CA_ANO580", "quartier": "Faubourg Saint-Antoine", "nom_entier": "Rue de Charonne", "id_parc": "PA8849", "num_voies": "6", "geox": 602760, "geoy": 127966, "oid": 1141599, "arrondissement": "Paris 11e Arrondissement" }, "geometry": { "type": "MultiPoint", "coordinates": [ [ 2.374121324714288, 48.852150752309555 ] ] } },
{ "type": "Feature", "properties": { "id": "8552", "geo_fid": 8552, "geo_creati": 1530006283809, "geo_modifi": 1530006283809, "id_alpage": 8552, "id_num_sca": "ADO75CA_ANO580", "quartier": "Faubourg Saint-Antoine", "nom_entier": "Rue de Charonne", "id_parc": "PA8842", "num_voies": "18", "geox": 602798, "geoy": 128043, "oid": 1141605, "arrondissement": "Paris 11e Arrondissement" }, "geometry": { "type": "MultiPoint", "coordinates": [ [ 2.374632849517715, 48.85283673060065 ] ] } },
{ "type": "Feature", "properties": { "id": "8560", "geo_fid": 8560, "geo_creati": 1530006283809, "geo_modifi": 1530006283809, "id_alpage": 8560, "id_num_sca": "ADO75CA_ANO580", "quartier": "Faubourg Saint-Antoine", "nom_entier": "Rue de Charonne", "id_parc": "PA8847", "num_voies": "34", "geox": 602895, "geoy": 128087, "oid": 1141613, "arrondissement": "Paris 11e Arrondissement" }, "geometry": { "type": "MultiPoint", "coordinates": [ [ 2.375963165330796, 48.853237362419968 ] ] } },
{ "type": "Feature", "properties": { "id": "8567", "geo_fid": 8567, "geo_creati": 1530006283809, "geo_modifi": 1530006283809, "id_alpage": 8567, "id_num_sca": "ADO75CA_ANO580", "quartier": "Faubourg Saint-Antoine", "nom_entier": "Rue de Charonne", "id_parc": "PA8894", "num_voies": "48", "geox": 603044, "geoy": 128084, "oid": 1141620, "arrondissement": "Paris 11e Arrondissement" }, "geometry": { "type": "MultiPoint", "coordinates": [ [ 2.377990870247162, 48.853210577526369 ] ] } },
{ "type": "Feature", "properties": { "id": "8569", "geo_fid": 8569, "geo_creati": 1530006283809, "geo_modifi": 1530006283809, "id_alpage": 8569, "id_num_sca": "ADO75CA_ANO580", "quartier": "Faubourg Saint-Antoine", "nom_entier": "Rue de Charonne", "id_parc": "PA8871", "num_voies": "52", "geox": 603085, "geoy": 128089, "oid": 1141622, "arrondissement": "Paris 11e Arrondissement" }, "geometry": { "type": "MultiPoint", "coordinates": [ [ 2.378549622970196, 48.853256239542013 ] ] } },
{ "type": "Feature", "properties": { "id": "8571", "geo_fid": 8571, "geo_creati": 1530006283809, "geo_modifi": 1530006283809, "id_alpage": 8571, "id_num_sca": "ADO75CA_ANO580", "quartier": "Faubourg Saint-Antoine", "nom_entier": "Rue de Charonne", "id_parc": "PA8895", "num_voies": "56", "geox": 603124, "geoy": 128098, "oid": 1141624, "arrondissement": "Paris 11e Arrondissement" }, "geometry": { "type": "MultiPoint", "coordinates": [ [ 2.379078421080158, 48.853330686522717 ] ] } },
{ "type": "Feature", "properties": { "id": "8591", "geo_fid": 8591, "geo_creati": 1530006283810, "geo_modifi": 1530006283810, "id_alpage": 8591, "id_num_sca": "ADO75CA_ANO581", "quartier": "Faubourg Saint-Antoine", "nom_entier": "Rue du Faubourg Saint Antoine", "id_parc": "PA8790", "num_voies": "45", "geox": 602624, "geoy": 127991, "oid": 1141644, "arrondissement": "Paris 11e Arrondissement" }, "geometry": { "type": "MultiPoint", "coordinates": [ [ 2.372265498073314, 48.852373457226683 ] ] } },
{ "type": "Feature", "properties": { "id": "8596", "geo_fid": 8596, "geo_creati": 1530006283810, "geo_modifi": 1530006283810, "id_alpage": 8596, "id_num_sca": "ADO75CA_ANO581", "quartier": "Faubourg Saint-Antoine", "nom_entier": "Rue du Faubourg Saint Antoine", "id_parc": "PA8794", "num_voies": "37", "geox": 602601, "geoy": 128002, "oid": 1141649, "arrondissement": "Paris 11e Arrondissement" }, "geometry": { "type": "MultiPoint", "coordinates": [ [ 2.371950783206489, 48.852470674788343 ] ] } },
{ "type": "Feature", "properties": { "id": "8601", "geo_fid": 8601, "geo_creati": 1530006283820, "geo_modifi": 1530006283820, "id_alpage": 8601, "id_num_sca": "ADO75CA_ANO581", "quartier": "Faubourg Saint-Antoine", "nom_entier": "Rue du Faubourg Saint Antoine", "id_parc": "PA8798", "num_voies": "29", "geox": 602573, "geoy": 128019, "oid": 1141654, "arrondissement": "Paris 11e Arrondissement" }, "geometry": { "type": "MultiPoint", "coordinates": [ [ 2.371570700945264, 48.85263086022389 ] ] } },
{ "type": "Feature", "properties": { "id": "8604", "geo_fid": 8604, "geo_creati": 1530006283820, "geo_modifi": 1530006283820, "id_alpage": 8604, "id_num_sca": "ADO75CA_ANO581", "quartier": "Faubourg Saint-Antoine", "nom_entier": "Rue du Faubourg Saint Antoine", "id_parc": "PA8788", "num_voies": "23", "geox": 602558, "geoy": 128031, "oid": 1141657, "arrondissement": "Paris 11e Arrondissement" }, "geometry": { "type": "MultiPoint", "coordinates": [ [ 2.371369094431215, 48.852737934094378 ] ] } },
{ "type": "Feature", "properties": { "id": "8619", "geo_fid": 8619, "geo_creati": 1530006283821, "geo_modifi": 1530006283821, "id_alpage": 8619, "id_num_sca": "ADO75CA_ANO581", "quartier": "Faubourg Saint-Antoine", "nom_entier": "Rue de la Roquette", "id_parc": "PA8781", "num_voies": "8", "geox": 602501, "geoy": 128115, "oid": 1141672, "arrondissement": "Paris 11e Arrondissement" }, "geometry": { "type": "MultiPoint", "coordinates": [ [ 2.370584679179153, 48.853488159059687 ] ] } },
{ "type": "Feature", "properties": { "id": "8627", "geo_fid": 8627, "geo_creati": 1530006283821, "geo_modifi": 1530006283821, "id_alpage": 8627, "id_num_sca": "ADO75CA_ANO581", "quartier": "Faubourg Saint-Antoine", "nom_entier": "Rue de la Roquette", "id_parc": "PA8772", "num_voies": "24", "geox": 602541, "geoy": 128176, "oid": 1141680, "arrondissement": "Paris 11e Arrondissement" }, "geometry": { "type": "MultiPoint", "coordinates": [ [ 2.371127420103452, 48.854039253094854 ] ] } },
{ "type": "Feature", "properties": { "id": "8661", "geo_fid": 8661, "geo_creati": 1530006283822, "geo_modifi": 1530006283822, "id_alpage": 8661, "id_num_sca": "ADO75CA_ANO582", "quartier": "Faubourg Saint-Antoine", "nom_entier": "Rue d' Aral", "id_parc": "PA8744", "num_voies": "13", "geox": 602503, "geoy": 128272, "oid": 1141714, "arrondissement": "Paris 11e Arrondissement" }, "geometry": { "type": "MultiPoint", "coordinates": [ [ 2.37061424880201, 48.854906302811017 ] ] } },
{ "type": "Feature", "properties": { "id": "8673", "geo_fid": 8673, "geo_creati": 1530006283822, "geo_modifi": 1530006283822, "id_alpage": 8673, "id_num_sca": "ADO75CA_ANO582", "quartier": "Faubourg Saint-Antoine", "nom_entier": "Rue de la Roquette", "id_parc": "PA8756", "num_voies": "5", "geox": 602518, "geoy": 128157, "oid": 1141726, "arrondissement": "Paris 11e Arrondissement" }, "geometry": { "type": "MultiPoint", "coordinates": [ [ 2.370817961162148, 48.853866684287752 ] ] } },
{ "type": "Feature", "properties": { "id": "8225", "geo_fid": 8225, "geo_creati": 1530006283789, "geo_modifi": 1530006283789, "id_alpage": 8225, "id_num_sca": "ADO75CA_ANO576", "quartier": "Faubourg Saint-Antoine", "nom_entier": "Rue de Montreuil", "id_parc": "PA9078", "num_voies": "46", "geox": 603827, "geoy": 127772, "oid": 1141278, "arrondissement": "Paris 11e Arrondissement" }, "geometry": { "type": "MultiPoint", "coordinates": [ [ 2.388651240072167, 48.850400543767726 ] ] } },
{ "type": "Feature", "properties": { "id": "8228", "geo_fid": 8228, "geo_creati": 1530006283789, "geo_modifi": 1530006283789, "id_alpage": 8228, "id_num_sca": "ADO75CA_ANO576", "quartier": "Faubourg Saint-Antoine", "nom_entier": "Rue de Montreuil", "id_parc": "PA9084", "num_voies": "40", "geox": 603730, "geoy": 127773, "oid": 1141281, "arrondissement": "Paris 11e Arrondissement" }, "geometry": { "type": "MultiPoint", "coordinates": [ [ 2.387337659157135, 48.850406523540663 ] ] } },
{ "type": "Feature", "properties": { "id": "8240", "geo_fid": 8240, "geo_creati": 1530006283789, "geo_modifi": 1530006283789, "id_alpage": 8240, "id_num_sca": "ADO75CA_ANO576", "quartier": "Faubourg Saint-Antoine", "nom_entier": "Rue de Montreuil", "id_parc": "PA9097", "num_voies": "16", "geox": 603563, "geoy": 127776, "oid": 1141293, "arrondissement": "Paris 11e Arrondissement" }, "geometry": { "type": "MultiPoint", "coordinates": [ [ 2.385063436223098, 48.850434477306081 ] ] } },
{ "type": "Feature", "properties": { "id": "8258", "geo_fid": 8258, "geo_creati": 1530006283790, "geo_modifi": 1530006283790, "id_alpage": 8258, "id_num_sca": "ADO75CA_ANO576", "quartier": "Faubourg Saint-Antoine", "nom_entier": "Rue du Faubourg Saint Antoine", "id_parc": "PA9093", "num_voies": "259", "geox": 603582, "geoy": 127739, "oid": 1141311, "arrondissement": "Paris 11e Arrondissement" }, "geometry": { "type": "MultiPoint", "coordinates": [ [ 2.385316566767551, 48.850102539477128 ] ] } },
{ "type": "Feature", "properties": { "id": "8277", "geo_fid": 8277, "geo_creati": 1530006283790, "geo_modifi": 1530006283790, "id_alpage": 8277, "id_num_sca": "ADO75CA_ANO576", "quartier": "Faubourg Saint-Antoine", "nom_entier": "Rue du Faubourg Saint Antoine", "id_parc": "PA9077", "num_voies": "297", "geox": 603849, "geoy": 127674, "oid": 1141330, "arrondissement": "Paris 11e Arrondissement" }, "geometry": { "type": "MultiPoint", "coordinates": [ [ 2.388946010025353, 48.849512828819542 ] ] } },
{ "type": "Feature", "properties": { "id": "8278", "geo_fid": 8278, "geo_creati": 1530006283790, "geo_modifi": 1530006283790, "id_alpage": 8278, "id_num_sca": "ADO75CA_ANO576", "quartier": "Faubourg Saint-Antoine", "nom_entier": "Rue du Faubourg Saint Antoine", "id_parc": "PA9076", "num_voies": "299", "geox": 603865, "geoy": 127670, "oid": 1141331, "arrondissement": "Paris 11e Arrondissement" }, "geometry": { "type": "MultiPoint", "coordinates": [ [ 2.389173535137757, 48.849482150257117 ] ] } },
{ "type": "Feature", "properties": { "id": "8287", "geo_fid": 8287, "geo_creati": 1530006283790, "geo_modifi": 1530006283790, "id_alpage": 8287, "id_num_sca": "ADO75CA_ANO576", "quartier": "Faubourg Saint-Antoine", "nom_entier": "Rue du Faubourg Saint Antoine", "id_parc": "PA9068", "num_voies": "317", "geox": 603943, "geoy": 127653, "oid": 1141340, "arrondissement": "Paris 11e Arrondissement" }, "geometry": { "type": "MultiPoint", "coordinates": [ [ 2.390233485685108, 48.84932698818934 ] ] } },
{ "type": "Feature", "properties": { "id": "8295", "geo_fid": 8295, "geo_creati": 1530006283790, "geo_modifi": 1530006283790, "id_alpage": 8295, "id_num_sca": "ADO75CA_ANO576", "quartier": "Faubourg Saint-Antoine", "nom_entier": "Rue du Faubourg Saint Antoine", "id_parc": "PA9114", "num_voies": "329", "geox": 604029, "geoy": 127634, "oid": 1141348, "arrondissement": "Paris 11e Arrondissement" }, "geometry": { "type": "MultiPoint", "coordinates": [ [ 2.391398338655896, 48.849160975280789 ] ] } },
{ "type": "Feature", "properties": { "id": "8300", "geo_fid": 8300, "geo_creati": 1530006283791, "geo_modifi": 1530006283791, "id_alpage": 8300, "id_num_sca": "ADO75CA_ANO578", "quartier": "Faubourg Saint-Antoine", "nom_entier": "Rue du Faubourg Saint Antoine", "id_parc": "PA9028", "num_voies": "203", "geox": 603328, "geoy": 127782, "oid": 1141353, "arrondissement": "Paris 11e Arrondissement" }, "geometry": { "type": "MultiPoint", "coordinates": [ [ 2.381857189422739, 48.850492429923591 ] ] } },
{ "type": "Feature", "properties": { "id": "8305", "geo_fid": 8305, "geo_creati": 1530006283791, "geo_modifi": 1530006283791, "id_alpage": 8305, "id_num_sca": "ADO75CA_ANO578", "quartier": "Faubourg Saint-Antoine", "nom_entier": "Rue du Faubourg Saint Antoine", "id_parc": "PA9022", "num_voies": "213", "geox": 603369, "geoy": 127782, "oid": 1141358, "arrondissement": "Paris 11e Arrondissement" }, "geometry": { "type": "MultiPoint", "coordinates": [ [ 2.382407698423339, 48.850493112653936 ] ] } },
{ "type": "Feature", "properties": { "id": "8306", "geo_fid": 8306, "geo_creati": 1530006283791, "geo_modifi": 1530006283791, "id_alpage": 8306, "id_num_sca": "ADO75CA_ANO578", "quartier": "Faubourg Saint-Antoine", "nom_entier": "Rue du Faubourg Saint Antoine", "id_parc": "PA9021", "num_voies": "215", "geox": 603379, "geoy": 127782, "oid": 1141359, "arrondissement": "Paris 11e Arrondissement" }, "geometry": { "type": "MultiPoint", "coordinates": [ [ 2.382543962826908, 48.850493058644709 ] ] } },
{ "type": "Feature", "properties": { "id": "8309", "geo_fid": 8309, "geo_creati": 1530006283791, "geo_modifi": 1530006283791, "id_alpage": 8309, "id_num_sca": "ADO75CA_ANO578", "quartier": "Faubourg Saint-Antoine", "nom_entier": "Rue du Faubourg Saint Antoine", "id_parc": "PA9018", "num_voies": "221", "geox": 603407, "geoy": 127782, "oid": 1141362, "arrondissement": "Paris 11e Arrondissement" }, "geometry": { "type": "MultiPoint", "coordinates": [ [ 2.382929591087407, 48.850492904917203 ] ] } },
{ "type": "Feature", "properties": { "id": "8351", "geo_fid": 8351, "geo_creati": 1530006283792, "geo_modifi": 1530006283792, "id_alpage": 8351, "id_num_sca": "ADO75CA_ANO578", "quartier": "Faubourg Saint-Antoine", "nom_entier": "Rue de Montreuil", "id_parc": "PA9123", "num_voies": "71", "geox": 603898, "geoy": 127780, "oid": 1141404, "arrondissement": "Paris 11e Arrondissement" }, "geometry": { "type": "MultiPoint", "coordinates": [ [ 2.389616061258921, 48.850467550518587 ] ] } },
{ "type": "Feature", "properties": { "id": "8353", "geo_fid": 8353, "geo_creati": 1530006283792, "geo_modifi": 1530006283792, "id_alpage": 8353, "id_num_sca": "ADO75CA_ANO578", "quartier": "Faubourg Saint-Antoine", "nom_entier": "Rue de Montreuil", "id_parc": "PA9126", "num_voies": "75", "geox": 603911, "geoy": 127780, "oid": 1141406, "arrondissement": "Paris 11e Arrondissement" }, "geometry": { "type": "MultiPoint", "coordinates": [ [ 2.389801384544504, 48.850471062413753 ] ] } },
{ "type": "Feature", "properties": { "id": "8389", "geo_fid": 8389, "geo_creati": 1530006283793, "geo_modifi": 1530006283793, "id_alpage": 8389, "id_num_sca": "ADO75CA_ANO578", "quartier": "Faubourg Saint-Antoine", "nom_entier": "Rue de Charonne", "id_parc": "PA9002", "num_voies": "72", "geox": 603235, "geoy": 128125, "oid": 1141442, "arrondissement": "Paris 11e Arrondissement" }, "geometry": { "type": "MultiPoint", "coordinates": [ [ 2.380589895266545, 48.853577422336166 ] ] } },
{ "type": "Feature", "properties": { "id": "8393", "geo_fid": 8393, "geo_creati": 1530006283793, "geo_modifi": 1530006283793, "id_alpage": 8393, "id_num_sca": "ADO75CA_ANO578", "quartier": "Faubourg Saint-Antoine", "nom_entier": "Rue Saint Bernard", "id_parc": "PA26278", "num_voies": "20", "geox": 603314, "geoy": 127911, "oid": 1141446, "arrondissement": "Paris 11e Arrondissement" }, "geometry": { "type": "MultiPoint", "coordinates": [ [ 2.381666091034184, 48.851649867916308 ] ] } },
{ "type": "Feature", "properties": { "id": "8394", "geo_fid": 8394, "geo_creati": 1530006283793, "geo_modifi": 1530006283793, "id_alpage": 8394, "id_num_sca": "ADO75CA_ANO578", "quartier": "Faubourg Saint-Antoine", "nom_entier": "Rue Saint Bernard", "id_parc": "PA9033", "num_voies": "18", "geox": 603312, "geoy": 127894, "oid": 1141447, "arrondissement": "Paris 11e Arrondissement" }, "geometry": { "type": "MultiPoint", "coordinates": [ [ 2.381638705783367, 48.851502397914729 ] ] } },
{ "type": "Feature", "properties": { "id": "8396", "geo_fid": 8396, "geo_creati": 1530006283793, "geo_modifi": 1530006283793, "id_alpage": 8396, "id_num_sca": "ADO75CA_ANO578", "quartier": "Faubourg Saint-Antoine", "nom_entier": "Rue Saint Bernard", "id_parc": "PA9049", "num_voies": "14", "geox": 603310, "geoy": 127874, "oid": 1141449, "arrondissement": "Paris 11e Arrondissement" }, "geometry": { "type": "MultiPoint", "coordinates": [ [ 2.381608561645499, 48.851317159543051 ] ] } },
{ "type": "Feature", "properties": { "id": "8404", "geo_fid": 8404, "geo_creati": 1530006283805, "geo_modifi": 1530006283805, "id_alpage": 8404, "id_num_sca": "ADO75CA_ANO579", "quartier": "Faubourg Saint-Antoine", "nom_entier": "Rue de Charonne", "id_parc": "PA8936", "num_voies": "62", "geox": 603175, "geoy": 128108, "oid": 1141457, "arrondissement": "Paris 11e Arrondissement" }, "geometry": { "type": "MultiPoint", "coordinates": [ [ 2.379766679471444, 48.853428452831125 ] ] } },
{ "type": "Feature", "properties": { "id": "8414", "geo_fid": 8414, "geo_creati": 1530006283806, "geo_modifi": 1530006283806, "id_alpage": 8414, "id_num_sca": "ADO75CA_ANO579", "quartier": "Faubourg Saint-Antoine", "nom_entier": null, "id_parc": "PA8973", "num_voies": "23", "geox": 603240, "geoy": 128003, "oid": 1141467, "arrondissement": "Paris 11e Arrondissement" }, "geometry": { "type": "MultiPoint", "coordinates": [ [ 2.380654349504179, 48.852482084143972 ] ] } },
{ "type": "Feature", "properties": { "id": "8415", "geo_fid": 8415, "geo_creati": 1530006283806, "geo_modifi": 1530006283806, "id_alpage": 8415, "id_num_sca": "ADO75CA_ANO579", "quartier": "Faubourg Saint-Antoine", "nom_entier": "Rue Saint Bernard", "id_parc": "PA8974", "num_voies": "21", "geox": 603315, "geoy": 127960, "oid": 1141468, "arrondissement": "Paris 11e Arrondissement" }, "geometry": { "type": "MultiPoint", "coordinates": [ [ 2.381681474447579, 48.852090505359854 ] ] } },
{ "type": "Feature", "properties": { "id": "8432", "geo_fid": 8432, "geo_creati": 1530006283806, "geo_modifi": 1530006283806, "id_alpage": 8432, "id_num_sca": "ADO75CA_ANO579", "quartier": "Faubourg Saint-Antoine", "nom_entier": "Rue du Faubourg Saint Antoine", "id_parc": "PA8984", "num_voies": "181", "geox": 603217, "geoy": 127784, "oid": 1141485, "arrondissement": "Paris 11e Arrondissement" }, "geometry": { "type": "MultiPoint", "coordinates": [ [ 2.380336494267735, 48.850510999739207 ] ] } },
{ "type": "Feature", "properties": { "id": "8435", "geo_fid": 8435, "geo_creati": 1530006283806, "geo_modifi": 1530006283806, "id_alpage": 8435, "id_num_sca": "ADO75CA_ANO579", "quartier": "Faubourg Saint-Antoine", "nom_entier": "Impasse de la Forge", "id_parc": "PA8988", "num_voies": "4", "geox": 603205, "geoy": 127806, "oid": 1141488, "arrondissement": "Paris 11e Arrondissement" }, "geometry": { "type": "MultiPoint", "coordinates": [ [ 2.380184045120795, 48.850704400744554 ] ] } },
{ "type": "Feature", "properties": { "id": "8449", "geo_fid": 8449, "geo_creati": 1530006283806, "geo_modifi": 1530006283806, "id_alpage": 8449, "id_num_sca": "ADO75CA_ANO579", "quartier": "Faubourg Saint-Antoine", "nom_entier": "Rue du Faubourg Saint Antoine", "id_parc": "PA8962", "num_voies": "159", "geox": 603104, "geoy": 127808, "oid": 1141502, "arrondissement": "Paris 11e Arrondissement" }, "geometry": { "type": "MultiPoint", "coordinates": [ [ 2.378802333949489, 48.850723797014552 ] ] } },
{ "type": "Feature", "properties": { "id": "8450", "geo_fid": 8450, "geo_creati": 1530006283806, "geo_modifi": 1530006283806, "id_alpage": 8450, "id_num_sca": "ADO75CA_ANO579", "quartier": "Faubourg Saint-Antoine", "nom_entier": "Rue Sainte Marguerite", "id_parc": "PA8943", "num_voies": "157", "geox": 603095, "geoy": 127810, "oid": 1141503, "arrondissement": "Paris 11e Arrondissement" }, "geometry": { "type": "MultiPoint", "coordinates": [ [ 2.378685167010872, 48.850749019247829 ] ] } },
{ "type": "Feature", "properties": { "id": "8454", "geo_fid": 8454, "geo_creati": 1530006283807, "geo_modifi": 1530006283807, "id_alpage": 8454, "id_num_sca": "ADO75CA_ANO579", "quartier": "Faubourg Saint-Antoine", "nom_entier": "Rue Sainte Marguerite", "id_parc": "PA8958", "num_voies": "8", "geox": 603098, "geoy": 127850, "oid": 1141507, "arrondissement": "Paris 11e Arrondissement" }, "geometry": { "type": "MultiPoint", "coordinates": [ [ 2.378715440237092, 48.851102422253241 ] ] } },
{ "type": "Feature", "properties": { "id": "8458", "geo_fid": 8458, "geo_creati": 1530006283807, "geo_modifi": 1530006283807, "id_alpage": 8458, "id_num_sca": "ADO75CA_ANO579", "quartier": "Faubourg Saint-Antoine", "nom_entier": "Rue Sainte Marguerite", "id_parc": "PA8961", "num_voies": "16", "geox": 603104, "geoy": 127878, "oid": 1141511, "arrondissement": "Paris 11e Arrondissement" }, "geometry": { "type": "MultiPoint", "coordinates": [ [ 2.378797414167821, 48.851358685032778 ] ] } },
{ "type": "Feature", "properties": { "id": "8459", "geo_fid": 8459, "geo_creati": 1530006283807, "geo_modifi": 1530006283807, "id_alpage": 8459, "id_num_sca": "ADO75CA_ANO579", "quartier": "Faubourg Saint-Antoine", "nom_entier": "Rue Sainte Marguerite", "id_parc": "PA8957", "num_voies": "18", "geox": 603106, "geoy": 127888, "oid": 1141512, "arrondissement": "Paris 11e Arrondissement" }, "geometry": { "type": "MultiPoint", "coordinates": [ [ 2.37883018892722, 48.85144320468833 ] ] } },
{ "type": "Feature", "properties": { "id": "8464", "geo_fid": 8464, "geo_creati": 1530006283807, "geo_modifi": 1530006283807, "id_alpage": 8464, "id_num_sca": "ADO75CA_ANO579", "quartier": "Faubourg Saint-Antoine", "nom_entier": "Rue Sainte Marguerite", "id_parc": "PA8952", "num_voies": "28", "geox": 603114, "geoy": 127925, "oid": 1141517, "arrondissement": "Paris 11e Arrondissement" }, "geometry": { "type": "MultiPoint", "coordinates": [ [ 2.378942207795217, 48.851776793830318 ] ] } },
{ "type": "Feature", "properties": { "id": "8473", "geo_fid": 8473, "geo_creati": 1530006283807, "geo_modifi": 1530006283807, "id_alpage": 8473, "id_num_sca": "ADO75CA_ANO579", "quartier": "Faubourg Saint-Antoine", "nom_entier": "Rue Sainte Marguerite", "id_parc": "PA8945", "num_voies": "46", "geox": 603130, "geoy": 128002, "oid": 1141526, "arrondissement": "Paris 11e Arrondissement" }, "geometry": { "type": "MultiPoint", "coordinates": [ [ 2.379163550434711, 48.852474548041791 ] ] } },
{ "type": "Feature", "properties": { "id": "8474", "geo_fid": 8474, "geo_creati": 1530006283807, "geo_modifi": 1530006283807, "id_alpage": 8474, "id_num_sca": "ADO75CA_ANO579", "quartier": "Faubourg Saint-Antoine", "nom_entier": "Rue Sainte Marguerite", "id_parc": "PA8945", "num_voies": "48", "geox": 603132, "geoy": 128010, "oid": 1141527, "arrondissement": "Paris 11e Arrondissement" }, "geometry": { "type": "MultiPoint", "coordinates": [ [ 2.379186773986237, 48.852542884203956 ] ] } },
{ "type": "Feature", "properties": { "id": "8485", "geo_fid": 8485, "geo_creati": 1530006283807, "geo_modifi": 1530006283807, "id_alpage": 8485, "id_num_sca": "ADO75CA_ANO580", "quartier": "Faubourg Saint-Antoine", "nom_entier": "Rue Sainte Marguerite", "id_parc": "PA8909", "num_voies": "23", "geox": 603109, "geoy": 127920, "oid": 1141538, "arrondissement": "Paris 11e Arrondissement" }, "geometry": { "type": "MultiPoint", "coordinates": [ [ 2.378867226544751, 48.851736353950592 ] ] } },
{ "type": "Feature", "properties": { "id": "8486", "geo_fid": 8486, "geo_creati": 1530006283807, "geo_modifi": 1530006283807, "id_alpage": 8486, "id_num_sca": "ADO75CA_ANO580", "quartier": "Faubourg Saint-Antoine", "nom_entier": "Rue Sainte Marguerite", "id_parc": "PA8924", "num_voies": "21", "geox": 603106, "geoy": 127907, "oid": 1141539, "arrondissement": "Paris 11e Arrondissement" }, "geometry": { "type": "MultiPoint", "coordinates": [ [ 2.378827611062586, 48.85161946299565 ] ] } },
{ "type": "Feature", "properties": { "id": "8489", "geo_fid": 8489, "geo_creati": 1530006283807, "geo_modifi": 1530006283807, "id_alpage": 8489, "id_num_sca": "ADO75CA_ANO580", "quartier": "Faubourg Saint-Antoine", "nom_entier": "Rue Sainte Marguerite", "id_parc": "PA8921", "num_voies": "15", "geox": 603098, "geoy": 127875, "oid": 1141542, "arrondissement": "Paris 11e Arrondissement" }, "geometry": { "type": "MultiPoint", "coordinates": [ [ 2.37872516650467, 48.851327236787803 ] ] } },
{ "type": "Feature", "properties": { "id": "8496", "geo_fid": 8496, "geo_creati": 1530006283808, "geo_modifi": 1530006283808, "id_alpage": 8496, "id_num_sca": "ADO75CA_ANO580", "quartier": "Faubourg Saint-Antoine", "nom_entier": "Rue Sainte Marguerite", "id_parc": "PA8912", "num_voies": "1", "geox": 603086, "geoy": 127821, "oid": 1141549, "arrondissement": "Paris 11e Arrondissement" }, "geometry": { "type": "MultiPoint", "coordinates": [ [ 2.378559884596267, 48.850847085353223 ] ] } },
{ "type": "Feature", "properties": { "id": "8497", "geo_fid": 8497, "geo_creati": 1530006283808, "geo_modifi": 1530006283808, "id_alpage": 8497, "id_num_sca": "ADO75CA_ANO580", "quartier": "Faubourg Saint-Antoine", "nom_entier": "Rue Sainte Marguerite", "id_parc": "PA8912", "num_voies": "155", "geox": 603081, "geoy": 127813, "oid": 1141550, "arrondissement": "Paris 11e Arrondissement" }, "geometry": { "type": "MultiPoint", "coordinates": [ [ 2.37848487595609, 48.850771573615269 ] ] } },
{ "type": "Feature", "properties": { "id": "8499", "geo_fid": 8499, "geo_creati": 1530006283808, "geo_modifi": 1530006283808, "id_alpage": 8499, "id_num_sca": "ADO75CA_ANO580", "quartier": "Faubourg Saint-Antoine", "nom_entier": "Rue du Faubourg Saint Antoine", "id_parc": "PA8914", "num_voies": "151", "geox": 603067, "geoy": 127818, "oid": 1141552, "arrondissement": "Paris 11e Arrondissement" }, "geometry": { "type": "MultiPoint", "coordinates": [ [ 2.378300958091438, 48.850820200637386 ] ] } },
{ "type": "Feature", "properties": { "id": "8507", "geo_fid": 8507, "geo_creati": 1530006283808, "geo_modifi": 1530006283808, "id_alpage": 8507, "id_num_sca": "ADO75CA_ANO580", "quartier": "Faubourg Saint-Antoine", "nom_entier": "Rue du Faubourg Saint Antoine", "id_parc": "PA8928", "num_voies": "137", "geox": 603001, "geoy": 127843, "oid": 1141560, "arrondissement": "Paris 11e Arrondissement" }, "geometry": { "type": "MultiPoint", "coordinates": [ [ 2.377396336645699, 48.851043542047186 ] ] } },
{ "type": "Feature", "properties": { "id": "8514", "geo_fid": 8514, "geo_creati": 1530006283808, "geo_modifi": 1530006283808, "id_alpage": 8514, "id_num_sca": "ADO75CA_ANO580", "quartier": "Faubourg Saint-Antoine", "nom_entier": "Impasse de la Bonne Graine", "id_parc": "PA8880", "num_voies": "123", "geox": 602948, "geoy": 127863, "oid": 1141567, "arrondissement": "Paris 11e Arrondissement" }, "geometry": { "type": "MultiPoint", "coordinates": [ [ 2.376683809339289, 48.851224544261115 ] ] } },
{ "type": "Feature", "properties": { "id": "8515", "geo_fid": 8515, "geo_creati": 1530006283808, "geo_modifi": 1530006283808, "id_alpage": 8515, "id_num_sca": "ADO75CA_ANO580", "quartier": "Faubourg Saint-Antoine", "nom_entier": "Rue du Faubourg Saint Honoré", "id_parc": "PA8883", "num_voies": "121", "geox": 602943, "geoy": 127865, "oid": 1141568, "arrondissement": "Paris 11e Arrondissement" }, "geometry": { "type": "MultiPoint", "coordinates": [ [ 2.376610239722242, 48.851242555109955 ] ] } },
{ "type": "Feature", "properties": { "id": "8523", "geo_fid": 8523, "geo_creati": 1530006283808, "geo_modifi": 1530006283808, "id_alpage": 8523, "id_num_sca": "ADO75CA_ANO580", "quartier": "Faubourg Saint-Antoine", "nom_entier": "Rue du Faubourg Saint Antoine", "id_parc": "PA8833", "num_voies": "105", "geox": 602892, "geoy": 127885, "oid": 1141576, "arrondissement": "Paris 11e Arrondissement" }, "geometry": { "type": "MultiPoint", "coordinates": [ [ 2.375907244690401, 48.851422649915357 ] ] } },
{ "type": "Feature", "properties": { "id": "8528", "geo_fid": 8528, "geo_creati": 1530006283808, "geo_modifi": 1530006283808, "id_alpage": 8528, "id_num_sca": "ADO75CA_ANO580", "quartier": "Faubourg Saint-Antoine", "nom_entier": "Rue du Faubourg Saint Antoine", "id_parc": "PA8867", "num_voies": "95", "geox": 602851, "geoy": 127901, "oid": 1141581, "arrondissement": "Paris 11e Arrondissement" }, "geometry": { "type": "MultiPoint", "coordinates": [ [ 2.375355471783204, 48.851564021278207 ] ] } },
{ "type": "Feature", "properties": { "id": "8538", "geo_fid": 8538, "geo_creati": 1530006283809, "geo_modifi": 1530006283809, "id_alpage": 8538, "id_num_sca": "ADO75CA_ANO580", "quartier": "Faubourg Saint-Antoine", "nom_entier": "Rue du Faubourg Saint Antoine", "id_parc": "PA8857", "num_voies": "75", "geox": 602783, "geoy": 127925, "oid": 1141591, "arrondissement": "Paris 11e Arrondissement" }, "geometry": { "type": "MultiPoint", "coordinates": [ [ 2.374431740679277, 48.851780151396326 ] ] } },
{ "type": "Feature", "properties": { "id": "8558", "geo_fid": 8558, "geo_creati": 1530006283809, "geo_modifi": 1530006283809, "id_alpage": 8558, "id_num_sca": "ADO75CA_ANO580", "quartier": "Faubourg Saint-Antoine", "nom_entier": "Rue de Charonne", "id_parc": "PA8838", "num_voies": "30", "geox": 602860, "geoy": 128086, "oid": 1141611, "arrondissement": "Paris 11e Arrondissement" }, "geometry": { "type": "MultiPoint", "coordinates": [ [ 2.375484845316938, 48.853230329531691 ] ] } },
{ "type": "Feature", "properties": { "id": "8559", "geo_fid": 8559, "geo_creati": 1530006283809, "geo_modifi": 1530006283809, "id_alpage": 8559, "id_num_sca": "ADO75CA_ANO580", "quartier": "Faubourg Saint-Antoine", "nom_entier": "Rue de Charonne", "id_parc": "PA8845", "num_voies": "32", "geox": 602873, "geoy": 128088, "oid": 1141612, "arrondissement": "Paris 11e Arrondissement" }, "geometry": { "type": "MultiPoint", "coordinates": [ [ 2.375660649291245, 48.853247356656908 ] ] } },
{ "type": "Feature", "properties": { "id": "8565", "geo_fid": 8565, "geo_creati": 1530006283809, "geo_modifi": 1530006283809, "id_alpage": 8565, "id_num_sca": "ADO75CA_ANO580", "quartier": "Faubourg Saint-Antoine", "nom_entier": "Rue de Charonne", "id_parc": "PA8872", "num_voies": "44", "geox": 603006, "geoy": 128083, "oid": 1141618, "arrondissement": "Paris 11e Arrondissement" }, "geometry": { "type": "MultiPoint", "coordinates": [ [ 2.377462125258149, 48.853198175280731 ] ] } },
{ "type": "Feature", "properties": { "id": "8568", "geo_fid": 8568, "geo_creati": 1530006283809, "geo_modifi": 1530006283809, "id_alpage": 8568, "id_num_sca": "ADO75CA_ANO580", "quartier": "Faubourg Saint-Antoine", "nom_entier": "Rue de Charonne", "id_parc": "PA8869", "num_voies": "50", "geox": 603067, "geoy": 128086, "oid": 1141621, "arrondissement": "Paris 11e Arrondissement" }, "geometry": { "type": "MultiPoint", "coordinates": [ [ 2.378305672349365, 48.853227550864815 ] ] } },
{ "type": "Feature", "properties": { "id": "8575", "geo_fid": 8575, "geo_creati": 1530006283810, "geo_modifi": 1530006283810, "id_alpage": 8575, "id_num_sca": "ADO75CA_ANO581", "quartier": "Faubourg Saint-Antoine", "nom_entier": "Rue de Charonne", "id_parc": "PA8814", "num_voies": "11", "geox": 602767, "geoy": 128013, "oid": 1141628, "arrondissement": "Paris 11e Arrondissement" }, "geometry": { "type": "MultiPoint", "coordinates": [ [ 2.374212937327493, 48.85257068281723 ] ] } },
{ "type": "Feature", "properties": { "id": "8576", "geo_fid": 8576, "geo_creati": 1530006283810, "geo_modifi": 1530006283810, "id_alpage": 8576, "id_num_sca": "ADO75CA_ANO581", "quartier": "Faubourg Saint-Antoine", "nom_entier": "Rue de Charonne", "id_parc": "PA8814", "num_voies": "9", "geox": 602763, "geoy": 128004, "oid": 1141629, "arrondissement": "Paris 11e Arrondissement" }, "geometry": { "type": "MultiPoint", "coordinates": [ [ 2.374155644435801, 48.852490666131672 ] ] } },
{ "type": "Feature", "properties": { "id": "8577", "geo_fid": 8577, "geo_creati": 1530006283810, "geo_modifi": 1530006283810, "id_alpage": 8577, "id_num_sca": "ADO75CA_ANO581", "quartier": "Faubourg Saint-Antoine", "nom_entier": "Rue de Charonne", "id_parc": "PA8815", "num_voies": "7", "geox": 602756, "geoy": 127989, "oid": 1141630, "arrondissement": "Paris 11e Arrondissement" }, "geometry": { "type": "MultiPoint", "coordinates": [ [ 2.374061520276269, 48.852358503515205 ] ] } },
{ "type": "Feature", "properties": { "id": "8579", "geo_fid": 8579, "geo_creati": 1530006283810, "geo_modifi": 1530006283810, "id_alpage": 8579, "id_num_sca": "ADO75CA_ANO581", "quartier": "Faubourg Saint-Antoine", "nom_entier": "Rue de Charonne", "id_parc": "PA8803", "num_voies": "3", "geox": 602744, "geoy": 127965, "oid": 1141632, "arrondissement": "Paris 11e Arrondissement" }, "geometry": { "type": "MultiPoint", "coordinates": [ [ 2.373895112943899, 48.852143631012673 ] ] } },
{ "type": "Feature", "properties": { "id": "8603", "geo_fid": 8603, "geo_creati": 1530006283820, "geo_modifi": 1530006283820, "id_alpage": 8603, "id_num_sca": "ADO75CA_ANO581", "quartier": "Faubourg Saint-Antoine", "nom_entier": "Rue du Faubourg Saint Antoine", "id_parc": "PA26277", "num_voies": "25", "geox": 602563, "geoy": 128028, "oid": 1141656, "arrondissement": "Paris 11e Arrondissement" }, "geometry": { "type": "MultiPoint", "coordinates": [ [ 2.371426305799554, 48.852705543168739 ] ] } },
{ "type": "Feature", "properties": { "id": "8616", "geo_fid": 8616, "geo_creati": 1530006283821, "geo_modifi": 1530006283821, "id_alpage": 8616, "id_num_sca": "ADO75CA_ANO581", "quartier": "Faubourg Saint-Antoine", "nom_entier": "Rue de la Roquette", "id_parc": "PA8730", "num_voies": "2", "geox": 602490, "geoy": 128098, "oid": 1141669, "arrondissement": "Paris 11e Arrondissement" }, "geometry": { "type": "MultiPoint", "coordinates": [ [ 2.370431951736919, 48.853335327296868 ] ] } },
{ "type": "Feature", "properties": { "id": "8631", "geo_fid": 8631, "geo_creati": 1530006283821, "geo_modifi": 1530006283821, "id_alpage": 8631, "id_num_sca": "ADO75CA_ANO581", "quartier": "Faubourg Saint-Antoine", "nom_entier": "Rue de la Roquette", "id_parc": "PA8761", "num_voies": "32", "geox": 602558, "geoy": 128201, "oid": 1141684, "arrondissement": "Paris 11e Arrondissement" }, "geometry": { "type": "MultiPoint", "coordinates": [ [ 2.371368779709196, 48.85426399924296 ] ] } },
{ "type": "Feature", "properties": { "id": "8635", "geo_fid": 8635, "geo_creati": 1530006283821, "geo_modifi": 1530006283821, "id_alpage": 8635, "id_num_sca": "ADO75CA_ANO581", "quartier": "Faubourg Saint-Antoine", "nom_entier": "Rue de Lappe", "id_parc": "PA8759", "num_voies": "8", "geox": 602595, "geoy": 128182, "oid": 1141688, "arrondissement": "Paris 11e Arrondissement" }, "geometry": { "type": "MultiPoint", "coordinates": [ [ 2.371872879085574, 48.854095683459704 ] ] } },
{ "type": "Feature", "properties": { "id": "8637", "geo_fid": 8637, "geo_creati": 1530006283821, "geo_modifi": 1530006283821, "id_alpage": 8637, "id_num_sca": "ADO75CA_ANO581", "quartier": "Faubourg Saint-Antoine", "nom_entier": "Rue de Lappe", "id_parc": "PA8769", "num_voies": "12", "geox": 602612, "geoy": 128169, "oid": 1141690, "arrondissement": "Paris 11e Arrondissement" }, "geometry": { "type": "MultiPoint", "coordinates": [ [ 2.372101737248643, 48.853977809109175 ] ] } },
{ "type": "Feature", "properties": { "id": "8645", "geo_fid": 8645, "geo_creati": 1530006283821, "geo_modifi": 1530006283821, "id_alpage": 8645, "id_num_sca": "ADO75CA_ANO581", "quartier": "Faubourg Saint-Antoine", "nom_entier": "Rue de Lappe", "id_parc": "PA8828", "num_voies": "28", "geox": 602679, "geoy": 128119, "oid": 1141698, "arrondissement": "Paris 11e Arrondissement" }, "geometry": { "type": "MultiPoint", "coordinates": [ [ 2.373013084463387, 48.853525193118152 ] ] } },
{ "type": "Feature", "properties": { "id": "8652", "geo_fid": 8652, "geo_creati": 1530006283821, "geo_modifi": 1530006283821, "id_alpage": 8652, "id_num_sca": "ADO75CA_ANO581", "quartier": "Faubourg Saint-Antoine", "nom_entier": "Rue de Lappe", "id_parc": "PA8821", "num_voies": "42", "geox": 602735, "geoy": 128077, "oid": 1141705, "arrondissement": "Paris 11e Arrondissement" }, "geometry": { "type": "MultiPoint", "coordinates": [ [ 2.373773209931336, 48.853149056505046 ] ] } },
{ "type": "Feature", "properties": { "id": "8655", "geo_fid": 8655, "geo_creati": 1530006283821, "geo_modifi": 1530006283821, "id_alpage": 8655, "id_num_sca": "ADO75CA_ANO581", "quartier": "Faubourg Saint-Antoine", "nom_entier": "Rue de Lappe", "id_parc": "PA8818", "num_voies": "48", "geox": 602773, "geoy": 128050, "oid": 1141708, "arrondissement": "Paris 11e Arrondissement" }, "geometry": { "type": "MultiPoint", "coordinates": [ [ 2.374292222714171, 48.852904287119223 ] ] } },
{ "type": "Feature", "properties": { "id": "8656", "geo_fid": 8656, "geo_creati": 1530006283822, "geo_modifi": 1530006283822, "id_alpage": 8656, "id_num_sca": "ADO75CA_ANO582", "quartier": "Faubourg Saint-Antoine", "nom_entier": null, "id_parc": "PA8741", "num_voies": "11", "geox": 602495, "geoy": 128132, "oid": 1141709, "arrondissement": "Paris 11e Arrondissement" }, "geometry": { "type": "MultiPoint", "coordinates": [ [ 2.370507106120253, 48.853641057985882 ] ] } },
{ "type": "Feature", "properties": { "id": "8658", "geo_fid": 8658, "geo_creati": 1530006283822, "geo_modifi": 1530006283822, "id_alpage": 8658, "id_num_sca": "ADO75CA_ANO582", "quartier": "Faubourg Saint-Antoine", "nom_entier": null, "id_parc": "PA8739", "num_voies": "7", "geox": 602478, "geoy": 128134, "oid": 1141711, "arrondissement": "Paris 11e Arrondissement" }, "geometry": { "type": "MultiPoint", "coordinates": [ [ 2.370278182953848, 48.853664505568695 ] ] } },
{ "type": "Feature", "properties": { "id": "8237", "geo_fid": 8237, "geo_creati": 1530006283789, "geo_modifi": 1530006283789, "id_alpage": 8237, "id_num_sca": "ADO75CA_ANO576", "quartier": "Faubourg Saint-Antoine", "nom_entier": "Rue de Montreuil", "id_parc": "PA9092", "num_voies": "22", "geox": 603586, "geoy": 127775, "oid": 1141290, "arrondissement": "Paris 11e Arrondissement" }, "geometry": { "type": "MultiPoint", "coordinates": [ [ 2.385364574098573, 48.85042805581989 ] ] } },
{ "type": "Feature", "properties": { "id": "8248", "geo_fid": 8248, "geo_creati": 1530006283789, "geo_modifi": 1530006283789, "id_alpage": 8248, "id_num_sca": "ADO75CA_ANO576", "quartier": "Faubourg Saint-Antoine", "nom_entier": "Rue du Faubourg Saint Antoine", "id_parc": "PA9103", "num_voies": "241", "geox": 603508, "geoy": 127756, "oid": 1141301, "arrondissement": "Paris 11e Arrondissement" }, "geometry": { "type": "MultiPoint", "coordinates": [ [ 2.384308361171101, 48.85025403746851 ] ] } },
{ "type": "Feature", "properties": { "id": "8320", "geo_fid": 8320, "geo_creati": 1530006283791, "geo_modifi": 1530006283791, "id_alpage": 8320, "id_num_sca": "ADO75CA_ANO578", "quartier": "Faubourg Saint-Antoine", "nom_entier": "Rue de Montreuil", "id_parc": "PA9044", "num_voies": "11", "geox": 603505, "geoy": 127782, "oid": 1141373, "arrondissement": "Paris 11e Arrondissement" }, "geometry": { "type": "MultiPoint", "coordinates": [ [ 2.384264983919805, 48.850494161053923 ] ] } },
{ "type": "Feature", "properties": { "id": "8321", "geo_fid": 8321, "geo_creati": 1530006283791, "geo_modifi": 1530006283791, "id_alpage": 8321, "id_num_sca": "ADO75CA_ANO578", "quartier": "Faubourg Saint-Antoine", "nom_entier": "Rue de Montreuil", "id_parc": "PA9043", "num_voies": "13", "geox": 603514, "geoy": 127782, "oid": 1141374, "arrondissement": "Paris 11e Arrondissement" }, "geometry": { "type": "MultiPoint", "coordinates": [ [ 2.384383532245876, 48.850492313602736 ] ] } },
{ "type": "Feature", "properties": { "id": "8323", "geo_fid": 8323, "geo_creati": 1530006283791, "geo_modifi": 1530006283791, "id_alpage": 8323, "id_num_sca": "ADO75CA_ANO578", "quartier": "Faubourg Saint-Antoine", "nom_entier": "Rue de Montreuil", "id_parc": "PA9045", "num_voies": "17", "geox": 603535, "geoy": 127781, "oid": 1141376, "arrondissement": "Paris 11e Arrondissement" }, "geometry": { "type": "MultiPoint", "coordinates": [ [ 2.384680581769675, 48.85048499633713 ] ] } },
{ "type": "Feature", "properties": { "id": "8386", "geo_fid": 8386, "geo_creati": 1530006283792, "geo_modifi": 1530006283792, "id_alpage": 8386, "id_num_sca": "ADO75CA_ANO578", "quartier": "Faubourg Saint-Antoine", "nom_entier": "Rue de Charonne", "id_parc": "PA9005", "num_voies": "78", "geox": 603303, "geoy": 128145, "oid": 1141439, "arrondissement": "Paris 11e Arrondissement" }, "geometry": { "type": "MultiPoint", "coordinates": [ [ 2.381511259178211, 48.853756023868087 ] ] } },
{ "type": "Feature", "properties": { "id": "8395", "geo_fid": 8395, "geo_creati": 1530006283793, "geo_modifi": 1530006283793, "id_alpage": 8395, "id_num_sca": "ADO75CA_ANO578", "quartier": "Faubourg Saint-Antoine", "nom_entier": "Rue Saint Bernard", "id_parc": "PA9049", "num_voies": "16", "geox": 603311, "geoy": 127884, "oid": 1141448, "arrondissement": "Paris 11e Arrondissement" }, "geometry": { "type": "MultiPoint", "coordinates": [ [ 2.381623631277386, 48.851407080913823 ] ] } },
{ "type": "Feature", "properties": { "id": "8399", "geo_fid": 8399, "geo_creati": 1530006283793, "geo_modifi": 1530006283793, "id_alpage": 8399, "id_num_sca": "ADO75CA_ANO578", "quartier": "Faubourg Saint-Antoine", "nom_entier": "Rue Saint Bernard", "id_parc": "PA9024", "num_voies": "8", "geox": 603305, "geoy": 127830, "oid": 1141452, "arrondissement": "Paris 11e Arrondissement" }, "geometry": { "type": "MultiPoint", "coordinates": [ [ 2.381541440723679, 48.850924203623443 ] ] } },
{ "type": "Feature", "properties": { "id": "8403", "geo_fid": 8403, "geo_creati": 1530006283805, "geo_modifi": 1530006283805, "id_alpage": 8403, "id_num_sca": "ADO75CA_ANO579", "quartier": "Faubourg Saint-Antoine", "nom_entier": "Rue de Charonne", "id_parc": "PA8936", "num_voies": "60", "geox": 603162, "geoy": 128105, "oid": 1141456, "arrondissement": "Paris 11e Arrondissement" }, "geometry": { "type": "MultiPoint", "coordinates": [ [ 2.379600403322076, 48.853400637223395 ] ] } },
{ "type": "Feature", "properties": { "id": "8442", "geo_fid": 8442, "geo_creati": 1530006283806, "geo_modifi": 1530006283806, "id_alpage": 8442, "id_num_sca": "ADO75CA_ANO579", "quartier": "Faubourg Saint-Antoine", "nom_entier": "Rue du Faubourg Saint Antoine", "id_parc": "PA8972", "num_voies": "173", "geox": 603171, "geoy": 127791, "oid": 1141495, "arrondissement": "Paris 11e Arrondissement" }, "geometry": { "type": "MultiPoint", "coordinates": [ [ 2.379719267007664, 48.850570583117289 ] ] } },
{ "type": "Feature", "properties": { "id": "8453", "geo_fid": 8453, "geo_creati": 1530006283807, "geo_modifi": 1530006283807, "id_alpage": 8453, "id_num_sca": "ADO75CA_ANO579", "quartier": "Faubourg Saint-Antoine", "nom_entier": "Rue Sainte Marguerite", "id_parc": "PA8964", "num_voies": "6", "geox": 603096, "geoy": 127843, "oid": 1141506, "arrondissement": "Paris 11e Arrondissement" }, "geometry": { "type": "MultiPoint", "coordinates": [ [ 2.378693586664898, 48.851041279678348 ] ] } },
{ "type": "Feature", "properties": { "id": "8463", "geo_fid": 8463, "geo_creati": 1530006283807, "geo_modifi": 1530006283807, "id_alpage": 8463, "id_num_sca": "ADO75CA_ANO579", "quartier": "Faubourg Saint-Antoine", "nom_entier": "Rue Sainte Marguerite", "id_parc": "PA8953", "num_voies": "26", "geox": 603113, "geoy": 127919, "oid": 1141516, "arrondissement": "Paris 11e Arrondissement" }, "geometry": { "type": "MultiPoint", "coordinates": [ [ 2.378920359680678, 48.851722845474065 ] ] } },
{ "type": "Feature", "properties": { "id": "8465", "geo_fid": 8465, "geo_creati": 1530006283807, "geo_modifi": 1530006283807, "id_alpage": 8465, "id_num_sca": "ADO75CA_ANO579", "quartier": "Faubourg Saint-Antoine", "nom_entier": "Rue Sainte Marguerite", "id_parc": "PA8951", "num_voies": "30", "geox": 603115, "geoy": 127931, "oid": 1141518, "arrondissement": "Paris 11e Arrondissement" }, "geometry": { "type": "MultiPoint", "coordinates": [ [ 2.378958605234248, 48.851830744175054 ] ] } },
{ "type": "Feature", "properties": { "id": "8476", "geo_fid": 8476, "geo_creati": 1530006283807, "geo_modifi": 1530006283807, "id_alpage": 8476, "id_num_sca": "ADO75CA_ANO580", "quartier": "Faubourg Saint-Antoine", "nom_entier": "Rue Sainte Marguerite", "id_parc": "PA8896", "num_voies": "41", "geox": 603131, "geoy": 128018, "oid": 1141529, "arrondissement": "Paris 11e Arrondissement" }, "geometry": { "type": "MultiPoint", "coordinates": [ [ 2.379170481516183, 48.852613932703143 ] ] } },
{ "type": "Feature", "properties": { "id": "8492", "geo_fid": 8492, "geo_creati": 1530006283807, "geo_modifi": 1530006283807, "id_alpage": 8492, "id_num_sca": "ADO75CA_ANO580", "quartier": "Faubourg Saint-Antoine", "nom_entier": "Rue Sainte Marguerite", "id_parc": "PA8917", "num_voies": "9", "geox": 603094, "geoy": 127855, "oid": 1141545, "arrondissement": "Paris 11e Arrondissement" }, "geometry": { "type": "MultiPoint", "coordinates": [ [ 2.378660975023615, 48.851151902009008 ] ] } },
{ "type": "Feature", "properties": { "id": "8585", "geo_fid": 8585, "geo_creati": 1530006283810, "geo_modifi": 1530006283810, "id_alpage": 8585, "id_num_sca": "ADO75CA_ANO581", "quartier": "Faubourg Saint-Antoine", "nom_entier": "Rue du Faubourg Saint Antoine", "id_parc": "PA8823", "num_voies": "57", "geox": 602681, "geoy": 127967, "oid": 1141638, "arrondissement": "Paris 11e Arrondissement" }, "geometry": { "type": "MultiPoint", "coordinates": [ [ 2.373040715785621, 48.85215649205216 ] ] } },
{ "type": "Feature", "properties": { "id": "8602", "geo_fid": 8602, "geo_creati": 1530006283820, "geo_modifi": 1530006283820, "id_alpage": 8602, "id_num_sca": "ADO75CA_ANO581", "quartier": "Faubourg Saint-Antoine", "nom_entier": "Rue du Faubourg Saint Antoine", "id_parc": "PA8789", "num_voies": "27", "geox": 602567, "geoy": 128024, "oid": 1141655, "arrondissement": "Paris 11e Arrondissement" }, "geometry": { "type": "MultiPoint", "coordinates": [ [ 2.371482155628675, 48.852674951167501 ] ] } },
{ "type": "Feature", "properties": { "id": "8641", "geo_fid": 8641, "geo_creati": 1530006283821, "geo_modifi": 1530006283821, "id_alpage": 8641, "id_num_sca": "ADO75CA_ANO581", "quartier": "Faubourg Saint-Antoine", "nom_entier": "Rue de Lappe", "id_parc": "PA8830", "num_voies": "20", "geox": 602638, "geoy": 128150, "oid": 1141694, "arrondissement": "Paris 11e Arrondissement" }, "geometry": { "type": "MultiPoint", "coordinates": [ [ 2.372454565744032, 48.853806839049376 ] ] } },
{ "type": "Feature", "properties": { "id": "8665", "geo_fid": 8665, "geo_creati": 1530006283822, "geo_modifi": 1530006283822, "id_alpage": 8665, "id_num_sca": "ADO75CA_ANO582", "quartier": "Faubourg Saint-Antoine", "nom_entier": "Rue d' Aral", "id_parc": "PA8732", "num_voies": "5", "geox": 602531, "geoy": 128241, "oid": 1141718, "arrondissement": "Paris 11e Arrondissement" }, "geometry": { "type": "MultiPoint", "coordinates": [ [ 2.370996990929758, 48.854619322377317 ] ] } },
{ "type": "Feature", "properties": { "id": "8279", "geo_fid": 8279, "geo_creati": 1530006283790, "geo_modifi": 1530006283790, "id_alpage": 8279, "id_num_sca": "ADO75CA_ANO576", "quartier": "Faubourg Saint-Antoine", "nom_entier": "Rue du Faubourg Saint Antoine", "id_parc": "PA9075", "num_voies": "301", "geox": 603877, "geoy": 127668, "oid": 1141332, "arrondissement": "Paris 11e Arrondissement" }, "geometry": { "type": "MultiPoint", "coordinates": [ [ 2.389332936737745, 48.849458696533297 ] ] } },
{ "type": "Feature", "properties": { "id": "8284", "geo_fid": 8284, "geo_creati": 1530006283790, "geo_modifi": 1530006283790, "id_alpage": 8284, "id_num_sca": "ADO75CA_ANO576", "quartier": "Faubourg Saint-Antoine", "nom_entier": "Rue du Faubourg Saint Antoine", "id_parc": "PA9069", "num_voies": "311", "geox": 603916, "geoy": 127659, "oid": 1141337, "arrondissement": "Paris 11e Arrondissement" }, "geometry": { "type": "MultiPoint", "coordinates": [ [ 2.389864277809024, 48.849383813176907 ] ] } },
{ "type": "Feature", "properties": { "id": "8302", "geo_fid": 8302, "geo_creati": 1530006283791, "geo_modifi": 1530006283791, "id_alpage": 8302, "id_num_sca": "ADO75CA_ANO578", "quartier": "Faubourg Saint-Antoine", "nom_entier": "Rue du Faubourg Saint Antoine", "id_parc": "PA9027", "num_voies": "207", "geox": 603345, "geoy": 127782, "oid": 1141355, "arrondissement": "Paris 11e Arrondissement" }, "geometry": { "type": "MultiPoint", "coordinates": [ [ 2.382086111995734, 48.850490541655056 ] ] } },
{ "type": "Feature", "properties": { "id": "8333", "geo_fid": 8333, "geo_creati": 1530006283791, "geo_modifi": 1530006283791, "id_alpage": 8333, "id_num_sca": "ADO75CA_ANO578", "quartier": "Faubourg Saint-Antoine", "nom_entier": "Rue de Montreuil", "id_parc": "PA9067", "num_voies": "37", "geox": 603663, "geoy": 127776, "oid": 1141386, "arrondissement": "Paris 11e Arrondissement" }, "geometry": { "type": "MultiPoint", "coordinates": [ [ 2.386419263617212, 48.850432102591938 ] ] } },
{ "type": "Feature", "properties": { "id": "8670", "geo_fid": 8670, "geo_creati": 1530006283822, "geo_modifi": 1530006283822, "id_alpage": 8670, "id_num_sca": "ADO75CA_ANO582", "quartier": "Faubourg Saint-Antoine", "nom_entier": "Rue de la Roquette", "id_parc": "PA8750", "num_voies": "11", "geox": 602535, "geoy": 128183, "oid": 1141723, "arrondissement": "Paris 11e Arrondissement" }, "geometry": { "type": "MultiPoint", "coordinates": [ [ 2.371051147581347, 48.854099526960844 ] ] } },
{ "type": "Feature", "properties": { "id": "8671", "geo_fid": 8671, "geo_creati": 1530006283822, "geo_modifi": 1530006283822, "id_alpage": 8671, "id_num_sca": "ADO75CA_ANO582", "quartier": "Faubourg Saint-Antoine", "nom_entier": "Rue de la Roquette", "id_parc": "PA8754", "num_voies": "9", "geox": 602530, "geoy": 128175, "oid": 1141724, "arrondissement": "Paris 11e Arrondissement" }, "geometry": { "type": "MultiPoint", "coordinates": [ [ 2.370977510010785, 48.854026707698644 ] ] } },
{ "type": "Feature", "properties": { "id": "8221", "geo_fid": 8221, "geo_creati": 1530006283789, "geo_modifi": 1530006283789, "id_alpage": 8221, "id_num_sca": "ADO75CA_ANO576", "quartier": "Faubourg Saint-Antoine", "nom_entier": "Rue de Montreuil", "id_parc": "PA9073", "num_voies": "54", "geox": 603893, "geoy": 127776, "oid": 1141274, "arrondissement": "Paris 11e Arrondissement" }, "geometry": { "type": "MultiPoint", "coordinates": [ [ 2.389551977279033, 48.85042981046989 ] ] } },
{ "type": "Feature", "properties": { "id": "8224", "geo_fid": 8224, "geo_creati": 1530006283789, "geo_modifi": 1530006283789, "id_alpage": 8224, "id_num_sca": "ADO75CA_ANO576", "quartier": "Faubourg Saint-Antoine", "nom_entier": "Rue de Montreuil", "id_parc": "PA9077", "num_voies": "48", "geox": 603853, "geoy": 127773, "oid": 1141277, "arrondissement": "Paris 11e Arrondissement" }, "geometry": { "type": "MultiPoint", "coordinates": [ [ 2.389010987710514, 48.850410273150359 ] ] } },
{ "type": "Feature", "properties": { "id": "8244", "geo_fid": 8244, "geo_creati": 1530006283789, "geo_modifi": 1530006283789, "id_alpage": 8244, "id_num_sca": "ADO75CA_ANO576", "quartier": "Faubourg Saint-Antoine", "nom_entier": "Rue de Montreuil", "id_parc": "PA9102", "num_voies": "8", "geox": 603522, "geoy": 127777, "oid": 1141297, "arrondissement": "Paris 11e Arrondissement" }, "geometry": { "type": "MultiPoint", "coordinates": [ [ 2.384495221178412, 48.850441908164228 ] ] } },
{ "type": "Feature", "properties": { "id": "8257", "geo_fid": 8257, "geo_creati": 1530006283790, "geo_modifi": 1530006283790, "id_alpage": 8257, "id_num_sca": "ADO75CA_ANO576", "quartier": "Faubourg Saint-Antoine", "nom_entier": "Rue du Faubourg Saint Antoine", "id_parc": "PA9093", "num_voies": "257", "geox": 603577, "geoy": 127740, "oid": 1141310, "arrondissement": "Paris 11e Arrondissement" }, "geometry": { "type": "MultiPoint", "coordinates": [ [ 2.385247082891076, 48.850113359993038 ] ] } },
{ "type": "Feature", "properties": { "id": "8261", "geo_fid": 8261, "geo_creati": 1530006283790, "geo_modifi": 1530006283790, "id_alpage": 8261, "id_num_sca": "ADO75CA_ANO576", "quartier": "Faubourg Saint-Antoine", "nom_entier": "Rue du Faubourg Saint Antoine", "id_parc": "PA9091", "num_voies": "265", "geox": 603605, "geoy": 127733, "oid": 1141314, "arrondissement": "Paris 11e Arrondissement" }, "geometry": { "type": "MultiPoint", "coordinates": [ [ 2.385627196388055, 48.85005025041113 ] ] } },
{ "type": "Feature", "properties": { "id": "8263", "geo_fid": 8263, "geo_creati": 1530006283790, "geo_modifi": 1530006283790, "id_alpage": 8263, "id_num_sca": "ADO75CA_ANO576", "quartier": "Faubourg Saint-Antoine", "nom_entier": "Rue du Faubourg Saint Antoine", "id_parc": "PA9090", "num_voies": "269", "geox": 603627, "geoy": 127727, "oid": 1141316, "arrondissement": "Paris 11e Arrondissement" }, "geometry": { "type": "MultiPoint", "coordinates": [ [ 2.385922835539847, 48.849997067622652 ] ] } },
{ "type": "Feature", "properties": { "id": "8266", "geo_fid": 8266, "geo_creati": 1530006283790, "geo_modifi": 1530006283790, "id_alpage": 8266, "id_num_sca": "ADO75CA_ANO576", "quartier": "Faubourg Saint-Antoine", "nom_entier": "Rue du Faubourg Saint Antoine", "id_parc": "PA9087", "num_voies": "275", "geox": 603666, "geoy": 127718, "oid": 1141319, "arrondissement": "Paris 11e Arrondissement" }, "geometry": { "type": "MultiPoint", "coordinates": [ [ 2.38646235525419, 48.849914103162575 ] ] } },
{ "type": "Feature", "properties": { "id": "8267", "geo_fid": 8267, "geo_creati": 1530006283790, "geo_modifi": 1530006283790, "id_alpage": 8267, "id_num_sca": "ADO75CA_ANO576", "quartier": "Faubourg Saint-Antoine", "nom_entier": "Rue du Faubourg Saint Antoine", "id_parc": "PA9088", "num_voies": "277", "geox": 603680, "geoy": 127714, "oid": 1141320, "arrondissement": "Paris 11e Arrondissement" }, "geometry": { "type": "MultiPoint", "coordinates": [ [ 2.386654453637493, 48.849881646350099 ] ] } },
{ "type": "Feature", "properties": { "id": "8276", "geo_fid": 8276, "geo_creati": 1530006283790, "geo_modifi": 1530006283790, "id_alpage": 8276, "id_num_sca": "ADO75CA_ANO576", "quartier": "Faubourg Saint-Antoine", "nom_entier": "Rue du Faubourg Saint Antoine", "id_parc": "PA9078", "num_voies": "295", "geox": 603821, "geoy": 127679, "oid": 1141329, "arrondissement": "Paris 11e Arrondissement" }, "geometry": { "type": "MultiPoint", "coordinates": [ [ 2.388571344180661, 48.849565155735867 ] ] } },
{ "type": "Feature", "properties": { "id": "8316", "geo_fid": 8316, "geo_creati": 1530006283791, "geo_modifi": 1530006283791, "id_alpage": 8316, "id_num_sca": "ADO75CA_ANO578", "quartier": "Faubourg Saint-Antoine", "nom_entier": "Rue de Montreuil", "id_parc": "PA9012", "num_voies": "3", "geox": 603479, "geoy": 127783, "oid": 1141369, "arrondissement": "Paris 11e Arrondissement" }, "geometry": { "type": "MultiPoint", "coordinates": [ [ 2.383906609379029, 48.85049520742362 ] ] } },
{ "type": "Feature", "properties": { "id": "8341", "geo_fid": 8341, "geo_creati": 1530006283791, "geo_modifi": 1530006283791, "id_alpage": 8341, "id_num_sca": "ADO75CA_ANO578", "quartier": "Faubourg Saint-Antoine", "nom_entier": "Rue de Montreuil", "id_parc": "PA9062", "num_voies": "53", "geox": 603815, "geoy": 127777, "oid": 1141394, "arrondissement": "Paris 11e Arrondissement" }, "geometry": { "type": "MultiPoint", "coordinates": [ [ 2.388490490105448, 48.85044108331865 ] ] } },
{ "type": "Feature", "properties": { "id": "8348", "geo_fid": 8348, "geo_creati": 1530006283792, "geo_modifi": 1530006283792, "id_alpage": 8348, "id_num_sca": "ADO75CA_ANO578", "quartier": "Faubourg Saint-Antoine", "nom_entier": "Rue de Montreuil", "id_parc": "PA9122", "num_voies": "65", "geox": 603873, "geoy": 127779, "oid": 1141401, "arrondissement": "Paris 11e Arrondissement" }, "geometry": { "type": "MultiPoint", "coordinates": [ [ 2.389286294058242, 48.850460507191926 ] ] } },
{ "type": "Feature", "properties": { "id": "8354", "geo_fid": 8354, "geo_creati": 1530006283792, "geo_modifi": 1530006283792, "id_alpage": 8354, "id_num_sca": "ADO75CA_ANO578", "quartier": "Faubourg Saint-Antoine", "nom_entier": "Rue de Montreuil", "id_parc": "PA9125", "num_voies": "77", "geox": 603918, "geoy": 127781, "oid": 1141407, "arrondissement": "Paris 11e Arrondissement" }, "geometry": { "type": "MultiPoint", "coordinates": [ [ 2.389887234884981, 48.850474619935305 ] ] } },
{ "type": "Feature", "properties": { "id": "8384", "geo_fid": 8384, "geo_creati": 1530006283792, "geo_modifi": 1530006283792, "id_alpage": 8384, "id_num_sca": "ADO75CA_ANO578", "quartier": "Faubourg Saint-Antoine", "nom_entier": "Rue de Charonne", "id_parc": "PA9008", "num_voies": "82", "geox": 603385, "geoy": 128171, "oid": 1141437, "arrondissement": "Paris 11e Arrondissement" }, "geometry": { "type": "MultiPoint", "coordinates": [ [ 2.382633001523216, 48.853988494794287 ] ] } },
{ "type": "Feature", "properties": { "id": "8398", "geo_fid": 8398, "geo_creati": 1530006283793, "geo_modifi": 1530006283793, "id_alpage": 8398, "id_num_sca": "ADO75CA_ANO578", "quartier": "Faubourg Saint-Antoine", "nom_entier": "Rue Saint Bernard", "id_parc": "PA9024", "num_voies": "10", "geox": 603307, "geoy": 127848, "oid": 1141451, "arrondissement": "Paris 11e Arrondissement" }, "geometry": { "type": "MultiPoint", "coordinates": [ [ 2.381568841407534, 48.851089659086178 ] ] } },
{ "type": "Feature", "properties": { "id": "8401", "geo_fid": 8401, "geo_creati": 1530006283805, "geo_modifi": 1530006283805, "id_alpage": 8401, "id_num_sca": "ADO75CA_ANO578", "quartier": "Faubourg Saint-Antoine", "nom_entier": "Rue Saint Bernard", "id_parc": "PA9030", "num_voies": "4", "geox": 603303, "geoy": 127804, "oid": 1141454, "arrondissement": "Paris 11e Arrondissement" }, "geometry": { "type": "MultiPoint", "coordinates": [ [ 2.381508531151198, 48.850693103414656 ] ] } },
{ "type": "Feature", "properties": { "id": "8418", "geo_fid": 8418, "geo_creati": 1530006283806, "geo_modifi": 1530006283806, "id_alpage": 8418, "id_num_sca": "ADO75CA_ANO579", "quartier": "Faubourg Saint-Antoine", "nom_entier": "Rue Saint Bernard", "id_parc": "PA8977", "num_voies": "15", "geox": 603306, "geoy": 127885, "oid": 1141471, "arrondissement": "Paris 11e Arrondissement" }, "geometry": { "type": "MultiPoint", "coordinates": [ [ 2.381560959725166, 48.851419695080899 ] ] } },
{ "type": "Feature", "properties": { "id": "8420", "geo_fid": 8420, "geo_creati": 1530006283806, "geo_modifi": 1530006283806, "id_alpage": 8420, "id_num_sca": "ADO75CA_ANO579", "quartier": "Faubourg Saint-Antoine", "nom_entier": "Rue Saint Bernard", "id_parc": "PA8979", "num_voies": "11", "geox": 603304, "geoy": 127863, "oid": 1141473, "arrondissement": "Paris 11e Arrondissement" }, "geometry": { "type": "MultiPoint", "coordinates": [ [ 2.381523987382698, 48.85121737316512 ] ] } },
{ "type": "Feature", "properties": { "id": "8421", "geo_fid": 8421, "geo_creati": 1530006283806, "geo_modifi": 1530006283806, "id_alpage": 8421, "id_num_sca": "ADO75CA_ANO579", "quartier": "Faubourg Saint-Antoine", "nom_entier": "Rue Saint Bernard", "id_parc": "PA8980", "num_voies": "9", "geox": 603301, "geoy": 127842, "oid": 1141474, "arrondissement": "Paris 11e Arrondissement" }, "geometry": { "type": "MultiPoint", "coordinates": [ [ 2.381489757469627, 48.851033934893302 ] ] } },
{ "type": "Feature", "properties": { "id": "8426", "geo_fid": 8426, "geo_creati": 1530006283806, "geo_modifi": 1530006283806, "id_alpage": 8426, "id_num_sca": "ADO75CA_ANO579", "quartier": "Faubourg Saint-Antoine", "nom_entier": "Rue du Faubourg Saint Antoine", "id_parc": "PA8997", "num_voies": "193", "geox": 603278, "geoy": 127783, "oid": 1141479, "arrondissement": "Paris 11e Arrondissement" }, "geometry": { "type": "MultiPoint", "coordinates": [ [ 2.381179963288624, 48.850501685391222 ] ] } },
{ "type": "Feature", "properties": { "id": "8429", "geo_fid": 8429, "geo_creati": 1530006283806, "geo_modifi": 1530006283806, "id_alpage": 8429, "id_num_sca": "ADO75CA_ANO579", "quartier": "Faubourg Saint-Antoine", "nom_entier": "Rue du Faubourg Saint Antoine", "id_parc": "PA8981", "num_voies": "187", "geox": 603250, "geoy": 127784, "oid": 1141482, "arrondissement": "Paris 11e Arrondissement" }, "geometry": { "type": "MultiPoint", "coordinates": [ [ 2.380791614393811, 48.850507229881174 ] ] } },
{ "type": "Feature", "properties": { "id": "8443", "geo_fid": 8443, "geo_creati": 1530006283806, "geo_modifi": 1530006283806, "id_alpage": 8443, "id_num_sca": "ADO75CA_ANO579", "quartier": "Faubourg Saint-Antoine", "nom_entier": "Rue du Faubourg Saint Antoine", "id_parc": "PA8967", "num_voies": "171", "geox": 603160, "geoy": 127794, "oid": 1141496, "arrondissement": "Paris 11e Arrondissement" }, "geometry": { "type": "MultiPoint", "coordinates": [ [ 2.379565310195117, 48.850596719213982 ] ] } },
{ "type": "Feature", "properties": { "id": "8448", "geo_fid": 8448, "geo_creati": 1530006283806, "geo_modifi": 1530006283806, "id_alpage": 8448, "id_num_sca": "ADO75CA_ANO579", "quartier": "Faubourg Saint-Antoine", "nom_entier": "Rue du Faubourg Saint Antoine", "id_parc": "PA8942", "num_voies": "161", "geox": 603113, "geoy": 127805, "oid": 1141501, "arrondissement": "Paris 11e Arrondissement" }, "geometry": { "type": "MultiPoint", "coordinates": [ [ 2.378926314771963, 48.850699471444607 ] ] } },
{ "type": "Feature", "properties": { "id": "8470", "geo_fid": 8470, "geo_creati": 1530006283807, "geo_modifi": 1530006283807, "id_alpage": 8470, "id_num_sca": "ADO75CA_ANO579", "quartier": "Faubourg Saint-Antoine", "nom_entier": "Rue Sainte Marguerite", "id_parc": "PA8946", "num_voies": "40", "geox": 603124, "geoy": 127972, "oid": 1141523, "arrondissement": "Paris 11e Arrondissement" }, "geometry": { "type": "MultiPoint", "coordinates": [ [ 2.379077471835227, 48.852202999393313 ] ] } },
{ "type": "Feature", "properties": { "id": "8471", "geo_fid": 8471, "geo_creati": 1530006283807, "geo_modifi": 1530006283807, "id_alpage": 8471, "id_num_sca": "ADO75CA_ANO579", "quartier": "Faubourg Saint-Antoine", "nom_entier": "Rue Sainte Marguerite", "id_parc": "PA8944", "num_voies": "42", "geox": 603126, "geoy": 127982, "oid": 1141524, "arrondissement": "Paris 11e Arrondissement" }, "geometry": { "type": "MultiPoint", "coordinates": [ [ 2.37910888417638, 48.852286620197852 ] ] } },
{ "type": "Feature", "properties": { "id": "8472", "geo_fid": 8472, "geo_creati": 1530006283807, "geo_modifi": 1530006283807, "id_alpage": 8472, "id_num_sca": "ADO75CA_ANO579", "quartier": "Faubourg Saint-Antoine", "nom_entier": "Rue Sainte Marguerite", "id_parc": "PA8945", "num_voies": "44", "geox": 603128, "geoy": 127991, "oid": 1141525, "arrondissement": "Paris 11e Arrondissement" }, "geometry": { "type": "MultiPoint", "coordinates": [ [ 2.379134844325143, 48.852368444450867 ] ] } },
{ "type": "Feature", "properties": { "id": "8478", "geo_fid": 8478, "geo_creati": 1530006283807, "geo_modifi": 1530006283807, "id_alpage": 8478, "id_num_sca": "ADO75CA_ANO580", "quartier": "Faubourg Saint-Antoine", "nom_entier": "Rue Sainte Marguerite", "id_parc": "PA8903", "num_voies": "37", "geox": 603124, "geoy": 127986, "oid": 1141531, "arrondissement": "Paris 11e Arrondissement" }, "geometry": { "type": "MultiPoint", "coordinates": [ [ 2.379073491240051, 48.852330697519179 ] ] } },
{ "type": "Feature", "properties": { "id": "8483", "geo_fid": 8483, "geo_creati": 1530006283807, "geo_modifi": 1530006283807, "id_alpage": 8483, "id_num_sca": "ADO75CA_ANO580", "quartier": "Faubourg Saint-Antoine", "nom_entier": "Rue Sainte Marguerite", "id_parc": "PA8899", "num_voies": "27", "geox": 603112, "geoy": 127938, "oid": 1141536, "arrondissement": "Paris 11e Arrondissement" }, "geometry": { "type": "MultiPoint", "coordinates": [ [ 2.378919143295589, 48.851897304742799 ] ] } },
{ "type": "Feature", "properties": { "id": "8495", "geo_fid": 8495, "geo_creati": 1530006283808, "geo_modifi": 1530006283808, "id_alpage": 8495, "id_num_sca": "ADO75CA_ANO580", "quartier": "Faubourg Saint-Antoine", "nom_entier": "Rue Sainte Marguerite", "id_parc": "PA8910", "num_voies": "3", "geox": 603088, "geoy": 127831, "oid": 1141548, "arrondissement": "Paris 11e Arrondissement" }, "geometry": { "type": "MultiPoint", "coordinates": [ [ 2.378587208738443, 48.850932506322877 ] ] } },
{ "type": "Feature", "properties": { "id": "8503", "geo_fid": 8503, "geo_creati": 1530006283808, "geo_modifi": 1530006283808, "id_alpage": 8503, "id_num_sca": "ADO75CA_ANO580", "quartier": "Faubourg Saint-Antoine", "nom_entier": "Rue du Faubourg Saint Antoine", "id_parc": "PA8916", "num_voies": "143", "geox": 603032, "geoy": 127832, "oid": 1141556, "arrondissement": "Paris 11e Arrondissement" }, "geometry": { "type": "MultiPoint", "coordinates": [ [ 2.377818676557523, 48.850939976349302 ] ] } },
{ "type": "Feature", "properties": { "id": "8504", "geo_fid": 8504, "geo_creati": 1530006283808, "geo_modifi": 1530006283808, "id_alpage": 8504, "id_num_sca": "ADO75CA_ANO580", "quartier": "Faubourg Saint-Antoine", "nom_entier": null, "id_parc": "PA8729", "num_voies": "141", "geox": 603024, "geoy": 127834, "oid": 1141557, "arrondissement": "Paris 11e Arrondissement" }, "geometry": { "type": "MultiPoint", "coordinates": [ [ 2.377712408402285, 48.850963395163802 ] ] } },
{ "type": "Feature", "properties": { "id": "8529", "geo_fid": 8529, "geo_creati": 1530006283808, "geo_modifi": 1530006283808, "id_alpage": 8529, "id_num_sca": "ADO75CA_ANO580", "quartier": "Faubourg Saint-Antoine", "nom_entier": "Rue du Faubourg Saint Antoine", "id_parc": "PA8865", "num_voies": "93", "geox": 602844, "geoy": 127904, "oid": 1141582, "arrondissement": "Paris 11e Arrondissement" }, "geometry": { "type": "MultiPoint", "coordinates": [ [ 2.375253291219964, 48.851590134254899 ] ] } },
{ "type": "Feature", "properties": { "id": "8532", "geo_fid": 8532, "geo_creati": 1530006283808, "geo_modifi": 1530006283808, "id_alpage": 8532, "id_num_sca": "ADO75CA_ANO580", "quartier": "Faubourg Saint-Antoine", "nom_entier": "Rue du Faubourg Saint Antoine", "id_parc": "PA8863", "num_voies": "87", "geox": 602821, "geoy": 127912, "oid": 1141585, "arrondissement": "Paris 11e Arrondissement" }, "geometry": { "type": "MultiPoint", "coordinates": [ [ 2.374952196862227, 48.851664873747168 ] ] } },
{ "type": "Feature", "properties": { "id": "8540", "geo_fid": 8540, "geo_creati": 1530006283809, "geo_modifi": 1530006283809, "id_alpage": 8540, "id_num_sca": "ADO75CA_ANO580", "quartier": "Faubourg Saint-Antoine", "nom_entier": "Rue du Faubourg Saint Antoine", "id_parc": "PA8855", "num_voies": "73", "geox": 602774, "geoy": 127928, "oid": 1141593, "arrondissement": "Paris 11e Arrondissement" }, "geometry": { "type": "MultiPoint", "coordinates": [ [ 2.374300942234133, 48.851805373571054 ] ] } },
{ "type": "Feature", "properties": { "id": "8545", "geo_fid": 8545, "geo_creati": 1530006283809, "geo_modifi": 1530006283809, "id_alpage": 8545, "id_num_sca": "ADO75CA_ANO580", "quartier": "Faubourg Saint-Antoine", "nom_entier": "Rue de Charonne", "id_parc": "PA8851", "num_voies": "4", "geox": 602755, "geoy": 127956, "oid": 1141598, "arrondissement": "Paris 11e Arrondissement" }, "geometry": { "type": "MultiPoint", "coordinates": [ [ 2.374050397587867, 48.852059948710327 ] ] } },
{ "type": "Feature", "properties": { "id": "8549", "geo_fid": 8549, "geo_creati": 1530006283809, "geo_modifi": 1530006283809, "id_alpage": 8549, "id_num_sca": "ADO75CA_ANO580", "quartier": "Faubourg Saint-Antoine", "nom_entier": "Rue de Charonne", "id_parc": "PA8850", "num_voies": "12", "geox": 602775, "geoy": 127996, "oid": 1141602, "arrondissement": "Paris 11e Arrondissement" }, "geometry": { "type": "MultiPoint", "coordinates": [ [ 2.374316388561593, 48.852417772968337 ] ] } },
{ "type": "Feature", "properties": { "id": "8572", "geo_fid": 8572, "geo_creati": 1530006283809, "geo_modifi": 1530006283809, "id_alpage": 8572, "id_num_sca": "ADO75CA_ANO580", "quartier": "Faubourg Saint-Antoine", "nom_entier": "Rue de Charonne", "id_parc": "PA8895", "num_voies": "58", "geox": 603138, "geoy": 128102, "oid": 1141625, "arrondissement": "Paris 11e Arrondissement" }, "geometry": { "type": "MultiPoint", "coordinates": [ [ 2.379270595277087, 48.853366586806935 ] ] } },
{ "type": "Feature", "properties": { "id": "8573", "geo_fid": 8573, "geo_creati": 1530006283809, "geo_modifi": 1530006283809, "id_alpage": 8573, "id_num_sca": "ADO75CA_ANO581", "quartier": "Faubourg Saint-Antoine", "nom_entier": "Rue de Lappe", "id_parc": "PA8818", "num_voies": "15", "geox": 602780, "geoy": 128036, "oid": 1141626, "arrondissement": "Paris 11e Arrondissement" }, "geometry": { "type": "MultiPoint", "coordinates": [ [ 2.374386156292282, 48.852779257736543 ] ] } },
{ "type": "Feature", "properties": { "id": "8578", "geo_fid": 8578, "geo_creati": 1530006283810, "geo_modifi": 1530006283810, "id_alpage": 8578, "id_num_sca": "ADO75CA_ANO581", "quartier": "Faubourg Saint-Antoine", "nom_entier": "Rue de Charonne", "id_parc": "PA8802", "num_voies": "5", "geox": 602749, "geoy": 127975, "oid": 1141631, "arrondissement": "Paris 11e Arrondissement" }, "geometry": { "type": "MultiPoint", "coordinates": [ [ 2.373963313193501, 48.852232637041496 ] ] } },
{ "type": "Feature", "properties": { "id": "8587", "geo_fid": 8587, "geo_creati": 1530006283810, "geo_modifi": 1530006283810, "id_alpage": 8587, "id_num_sca": "ADO75CA_ANO581", "quartier": "Faubourg Saint-Antoine", "nom_entier": "Rue du Faubourg Saint Antoine", "id_parc": "PA8810", "num_voies": "53", "geox": 602666, "geoy": 127973, "oid": 1141640, "arrondissement": "Paris 11e Arrondissement" }, "geometry": { "type": "MultiPoint", "coordinates": [ [ 2.372840440335855, 48.852212309584615 ] ] } },
{ "type": "Feature", "properties": { "id": "8610", "geo_fid": 8610, "geo_creati": 1530006283820, "geo_modifi": 1530006283820, "id_alpage": 8610, "id_num_sca": "ADO75CA_ANO581", "quartier": "Faubourg Saint-Antoine", "nom_entier": "Rue du Faubourg Saint Antoine", "id_parc": "PA8776", "num_voies": "11", "geox": 602525, "geoy": 128060, "oid": 1141663, "arrondissement": "Paris 11e Arrondissement" }, "geometry": { "type": "MultiPoint", "coordinates": [ [ 2.370912764732554, 48.852998858610405 ] ] } },
{ "type": "Feature", "properties": { "id": "8611", "geo_fid": 8611, "geo_creati": 1530006283820, "geo_modifi": 1530006283820, "id_alpage": 8611, "id_num_sca": "ADO75CA_ANO581", "quartier": "Faubourg Saint-Antoine", "nom_entier": "Rue du Faubourg Saint Antoine", "id_parc": "PA8777", "num_voies": "9", "geox": 602520, "geoy": 128064, "oid": 1141664, "arrondissement": "Paris 11e Arrondissement" }, "geometry": { "type": "MultiPoint", "coordinates": [ [ 2.37085010366192, 48.853033948700705 ] ] } },
{ "type": "Feature", "properties": { "id": "8614", "geo_fid": 8614, "geo_creati": 1530006283821, "geo_modifi": 1530006283821, "id_alpage": 8614, "id_num_sca": "ADO75CA_ANO581", "quartier": "Faubourg Saint-Antoine", "nom_entier": "Rue du Faubourg Saint Antoine", "id_parc": "PA8778", "num_voies": "3", "geox": 602502, "geoy": 128082, "oid": 1141667, "arrondissement": "Paris 11e Arrondissement" }, "geometry": { "type": "MultiPoint", "coordinates": [ [ 2.370599472982422, 48.853195891248355 ] ] } },
{ "type": "Feature", "properties": { "id": "8624", "geo_fid": 8624, "geo_creati": 1530006283821, "geo_modifi": 1530006283821, "id_alpage": 8624, "id_num_sca": "ADO75CA_ANO581", "quartier": "Faubourg Saint-Antoine", "nom_entier": "Rue de la Roquette", "id_parc": "PA8730", "num_voies": "18", "geox": 602525, "geoy": 128153, "oid": 1141677, "arrondissement": "Paris 11e Arrondissement" }, "geometry": { "type": "MultiPoint", "coordinates": [ [ 2.370918777464956, 48.853827985871959 ] ] } },
{ "type": "Feature", "properties": { "id": "8626", "geo_fid": 8626, "geo_creati": 1530006283821, "geo_modifi": 1530006283821, "id_alpage": 8626, "id_num_sca": "ADO75CA_ANO581", "quartier": "Faubourg Saint-Antoine", "nom_entier": "Rue de la Roquette", "id_parc": "PA8773", "num_voies": "22", "geox": 602536, "geoy": 128170, "oid": 1141679, "arrondissement": "Paris 11e Arrondissement" }, "geometry": { "type": "MultiPoint", "coordinates": [ [ 2.371067420309706, 48.853981717469125 ] ] } },
{ "type": "Feature", "properties": { "id": "8628", "geo_fid": 8628, "geo_creati": 1530006283821, "geo_modifi": 1530006283821, "id_alpage": 8628, "id_num_sca": "ADO75CA_ANO581", "quartier": "Faubourg Saint-Antoine", "nom_entier": "Rue de la Roquette", "id_parc": "PA8771", "num_voies": "26", "geox": 602545, "geoy": 128183, "oid": 1141681, "arrondissement": "Paris 11e Arrondissement" }, "geometry": { "type": "MultiPoint", "coordinates": [ [ 2.371186060364465, 48.854101285454981 ] ] } },
{ "type": "Feature", "properties": { "id": "8644", "geo_fid": 8644, "geo_creati": 1530006283821, "geo_modifi": 1530006283821, "id_alpage": 8644, "id_num_sca": "ADO75CA_ANO581", "quartier": "Faubourg Saint-Antoine", "nom_entier": "Rue de Lappe", "id_parc": "PA8829", "num_voies": "26", "geox": 602663, "geoy": 128131, "oid": 1141697, "arrondissement": "Paris 11e Arrondissement" }, "geometry": { "type": "MultiPoint", "coordinates": [ [ 2.372796488040867, 48.853633173480787 ] ] } },
{ "type": "Feature", "properties": { "id": "8649", "geo_fid": 8649, "geo_creati": 1530006283821, "geo_modifi": 1530006283821, "id_alpage": 8649, "id_num_sca": "ADO75CA_ANO581", "quartier": "Faubourg Saint-Antoine", "nom_entier": "Rue de Lappe", "id_parc": "PA8820", "num_voies": "36", "geox": 602711, "geoy": 128094, "oid": 1141702, "arrondissement": "Paris 11e Arrondissement" }, "geometry": { "type": "MultiPoint", "coordinates": [ [ 2.373455808948203, 48.853302933229749 ] ] } },
{ "type": "Feature", "properties": { "id": "8651", "geo_fid": 8651, "geo_creati": 1530006283821, "geo_modifi": 1530006283821, "id_alpage": 8651, "id_num_sca": "ADO75CA_ANO581", "quartier": "Faubourg Saint-Antoine", "nom_entier": "Rue de Lappe", "id_parc": "PA8819", "num_voies": "40", "geox": 602728, "geoy": 128082, "oid": 1141704, "arrondissement": "Paris 11e Arrondissement" }, "geometry": { "type": "MultiPoint", "coordinates": [ [ 2.373673765218563, 48.853194951182125 ] ] } },
{ "type": "Feature", "properties": { "id": "8663", "geo_fid": 8663, "geo_creati": 1530006283822, "geo_modifi": 1530006283822, "id_alpage": 8663, "id_num_sca": "ADO75CA_ANO582", "quartier": "Faubourg Saint-Antoine", "nom_entier": "Rue d' Aral", "id_parc": "PA8748", "num_voies": "9", "geox": 602514, "geoy": 128260, "oid": 1141716, "arrondissement": "Paris 11e Arrondissement" }, "geometry": { "type": "MultiPoint", "coordinates": [ [ 2.370770888514875, 48.854790250769362 ] ] } },
{ "type": "Feature", "properties": { "id": "8664", "geo_fid": 8664, "geo_creati": 1530006283822, "geo_modifi": 1530006283822, "id_alpage": 8664, "id_num_sca": "ADO75CA_ANO582", "quartier": "Faubourg Saint-Antoine", "nom_entier": "Rue d' Aral", "id_parc": "PA8751", "num_voies": "7", "geox": 602525, "geoy": 128248, "oid": 1141717, "arrondissement": "Paris 11e Arrondissement" }, "geometry": { "type": "MultiPoint", "coordinates": [ [ 2.370912543853087, 48.854684094930292 ] ] } },
{ "type": "Feature", "properties": { "id": "8669", "geo_fid": 8669, "geo_creati": 1530006283822, "geo_modifi": 1530006283822, "id_alpage": 8669, "id_num_sca": "ADO75CA_ANO582", "quartier": "Faubourg Saint-Antoine", "nom_entier": "Rue de la Roquette", "id_parc": "PA8752", "num_voies": "13", "geox": 602542, "geoy": 128192, "oid": 1141722, "arrondissement": "Paris 11e Arrondissement" }, "geometry": { "type": "MultiPoint", "coordinates": [ [ 2.371145234518001, 48.854184030641946 ] ] } },
{ "type": "Feature", "properties": { "id": "8674", "geo_fid": 8674, "geo_creati": 1530006283822, "geo_modifi": 1530006283822, "id_alpage": 8674, "id_num_sca": "ADO75CA_ANO582", "quartier": "Faubourg Saint-Antoine", "nom_entier": "Rue de la Roquette", "id_parc": "PA8740", "num_voies": "3", "geox": 602513, "geoy": 128151, "oid": 1141727, "arrondissement": "Paris 11e Arrondissement" }, "geometry": { "type": "MultiPoint", "coordinates": [ [ 2.370756601019179, 48.853811846716141 ] ] } },
{ "type": "Feature", "properties": { "id": "8675", "geo_fid": 8675, "geo_creati": 1530006283822, "geo_modifi": 1530006283822, "id_alpage": 8675, "id_num_sca": "ADO75CA_ANO582", "quartier": "Faubourg Saint-Antoine", "nom_entier": "Rue de la Roquette", "id_parc": "PA8741", "num_voies": "1", "geox": 602508, "geoy": 128143, "oid": 1141728, "arrondissement": "Paris 11e Arrondissement" }, "geometry": { "type": "MultiPoint", "coordinates": [ [ 2.370685690377427, 48.853739925737791 ] ] } },
{ "type": "Feature", "properties": { "id": "8236", "geo_fid": 8236, "geo_creati": 1530006283789, "geo_modifi": 1530006283789, "id_alpage": 8236, "id_num_sca": "ADO75CA_ANO576", "quartier": "Faubourg Saint-Antoine", "nom_entier": "Rue de Montreuil", "id_parc": "PA9092", "num_voies": "24", "geox": 603593, "geoy": 127775, "oid": 1141289, "arrondissement": "Paris 11e Arrondissement" }, "geometry": { "type": "MultiPoint", "coordinates": [ [ 2.385459959054014, 48.850428015560198 ] ] } },
{ "type": "Feature", "properties": { "id": "8247", "geo_fid": 8247, "geo_creati": 1530006283789, "geo_modifi": 1530006283789, "id_alpage": 8247, "id_num_sca": "ADO75CA_ANO576", "quartier": "Faubourg Saint-Antoine", "nom_entier": "Rue de Montreuil", "id_parc": "PA8725", "num_voies": "2", "geox": 603490, "geoy": 127778, "oid": 1141300, "arrondissement": "Paris 11e Arrondissement" }, "geometry": { "type": "MultiPoint", "coordinates": [ [ 2.384060545807321, 48.850450180762039 ] ] } },
{ "type": "Feature", "properties": { "id": "8270", "geo_fid": 8270, "geo_creati": 1530006283790, "geo_modifi": 1530006283790, "id_alpage": 8270, "id_num_sca": "ADO75CA_ANO576", "quartier": "Faubourg Saint-Antoine", "nom_entier": "Rue du Faubourg Saint Antoine", "id_parc": "PA9083", "num_voies": "283", "geox": 603716, "geoy": 127706, "oid": 1141323, "arrondissement": "Paris 11e Arrondissement" }, "geometry": { "type": "MultiPoint", "coordinates": [ [ 2.387138109574613, 48.849804997775287 ] ] } },
{ "type": "Feature", "properties": { "id": "8272", "geo_fid": 8272, "geo_creati": 1530006283790, "geo_modifi": 1530006283790, "id_alpage": 8272, "id_num_sca": "ADO75CA_ANO576", "quartier": "Faubourg Saint-Antoine", "nom_entier": "Rue du Faubourg Saint Antoine", "id_parc": "PA9082", "num_voies": "287", "geox": 603759, "geoy": 127695, "oid": 1141325, "arrondissement": "Paris 11e Arrondissement" }, "geometry": { "type": "MultiPoint", "coordinates": [ [ 2.387728027609091, 48.849707616930658 ] ] } },
{ "type": "Feature", "properties": { "id": "8281", "geo_fid": 8281, "geo_creati": 1530006283790, "geo_modifi": 1530006283790, "id_alpage": 8281, "id_num_sca": "ADO75CA_ANO576", "quartier": "Faubourg Saint-Antoine", "nom_entier": "Rue du Faubourg Saint Antoine", "id_parc": "PA9074", "num_voies": "305", "geox": 603895, "geoy": 127664, "oid": 1141334, "arrondissement": "Paris 11e Arrondissement" }, "geometry": { "type": "MultiPoint", "coordinates": [ [ 2.389579537970516, 48.849428008453188 ] ] } },
{ "type": "Feature", "properties": { "id": "8285", "geo_fid": 8285, "geo_creati": 1530006283790, "geo_modifi": 1530006283790, "id_alpage": 8285, "id_num_sca": "ADO75CA_ANO576", "quartier": "Faubourg Saint-Antoine", "nom_entier": "Rue du Faubourg Saint Antoine", "id_parc": "PA9071", "num_voies": "313", "geox": 603923, "geoy": 127657, "oid": 1141338, "arrondissement": "Paris 11e Arrondissement" }, "geometry": { "type": "MultiPoint", "coordinates": [ [ 2.389965094043354, 48.849367579746307 ] ] } },
{ "type": "Feature", "properties": { "id": "8299", "geo_fid": 8299, "geo_creati": 1530006283791, "geo_modifi": 1530006283791, "id_alpage": 8299, "id_num_sca": "ADO75CA_ANO578", "quartier": "Faubourg Saint-Antoine", "nom_entier": "Rue du Faubourg Saint Antoine", "id_parc": "PA9031", "num_voies": "201", "geox": 603318, "geoy": 127782, "oid": 1141352, "arrondissement": "Paris 11e Arrondissement" }, "geometry": { "type": "MultiPoint", "coordinates": [ [ 2.38172365030822, 48.850492482051017 ] ] } },
{ "type": "Feature", "properties": { "id": "8301", "geo_fid": 8301, "geo_creati": 1530006283791, "geo_modifi": 1530006283791, "id_alpage": 8301, "id_num_sca": "ADO75CA_ANO578", "quartier": "Faubourg Saint-Antoine", "nom_entier": "Rue du Faubourg Saint Antoine", "id_parc": "PA9025", "num_voies": "205", "geox": 603338, "geoy": 127782, "oid": 1141354, "arrondissement": "Paris 11e Arrondissement" }, "geometry": { "type": "MultiPoint", "coordinates": [ [ 2.381988004058508, 48.850493277980561 ] ] } },
{ "type": "Feature", "properties": { "id": "8308", "geo_fid": 8308, "geo_creati": 1530006283791, "geo_modifi": 1530006283791, "id_alpage": 8308, "id_num_sca": "ADO75CA_ANO578", "quartier": "Faubourg Saint-Antoine", "nom_entier": "Rue du Faubourg Saint Antoine", "id_parc": "PA9020", "num_voies": "219", "geox": 603399, "geoy": 127782, "oid": 1141361, "arrondissement": "Paris 11e Arrondissement" }, "geometry": { "type": "MultiPoint", "coordinates": [ [ 2.382817854277188, 48.85049294959417 ] ] } },
{ "type": "Feature", "properties": { "id": "8318", "geo_fid": 8318, "geo_creati": 1530006283791, "geo_modifi": 1530006283791, "id_alpage": 8318, "id_num_sca": "ADO75CA_ANO578", "quartier": "Faubourg Saint-Antoine", "nom_entier": "Rue de Montreuil", "id_parc": "PA9048", "num_voies": "7", "geox": 603493, "geoy": 127783, "oid": 1141371, "arrondissement": "Paris 11e Arrondissement" }, "geometry": { "type": "MultiPoint", "coordinates": [ [ 2.384108282398094, 48.850496923328507 ] ] } },
{ "type": "Feature", "properties": { "id": "8325", "geo_fid": 8325, "geo_creati": 1530006283791, "geo_modifi": 1530006283791, "id_alpage": 8325, "id_num_sca": "ADO75CA_ANO578", "quartier": "Faubourg Saint-Antoine", "nom_entier": "Rue de Montreuil", "id_parc": "PA9040", "num_voies": "21", "geox": 603548, "geoy": 127781, "oid": 1141378, "arrondissement": "Paris 11e Arrondissement" }, "geometry": { "type": "MultiPoint", "coordinates": [ [ 2.384857724600621, 48.850484023295039 ] ] } },
{ "type": "Feature", "properties": { "id": "8326", "geo_fid": 8326, "geo_creati": 1530006283791, "geo_modifi": 1530006283791, "id_alpage": 8326, "id_num_sca": "ADO75CA_ANO578", "quartier": "Faubourg Saint-Antoine", "nom_entier": "Rue de Montreuil", "id_parc": "PA9041", "num_voies": "23", "geox": 603556, "geoy": 127781, "oid": 1141379, "arrondissement": "Paris 11e Arrondissement" }, "geometry": { "type": "MultiPoint", "coordinates": [ [ 2.384968098745169, 48.850483977191594 ] ] } },
{ "type": "Feature", "properties": { "id": "8331", "geo_fid": 8331, "geo_creati": 1530006283791, "geo_modifi": 1530006283791, "id_alpage": 8331, "id_num_sca": "ADO75CA_ANO578", "quartier": "Faubourg Saint-Antoine", "nom_entier": "Rue de Montreuil", "id_parc": "PA9115", "num_voies": "33", "geox": 603601, "geoy": 127779, "oid": 1141384, "arrondissement": "Paris 11e Arrondissement" }, "geometry": { "type": "MultiPoint", "coordinates": [ [ 2.385579907424636, 48.850464834984656 ] ] } },
{ "type": "Feature", "properties": { "id": "8332", "geo_fid": 8332, "geo_creati": 1530006283791, "geo_modifi": 1530006283791, "id_alpage": 8332, "id_num_sca": "ADO75CA_ANO578", "quartier": "Faubourg Saint-Antoine", "nom_entier": "Rue de Montreuil", "id_parc": "PA9067", "num_voies": "35", "geox": 603639, "geoy": 127776, "oid": 1141385, "arrondissement": "Paris 11e Arrondissement" }, "geometry": { "type": "MultiPoint", "coordinates": [ [ 2.38609087211965, 48.850437639255958 ] ] } },
{ "type": "Feature", "properties": { "id": "8335", "geo_fid": 8335, "geo_creati": 1530006283791, "geo_modifi": 1530006283791, "id_alpage": 8335, "id_num_sca": "ADO75CA_ANO578", "quartier": "Faubourg Saint-Antoine", "nom_entier": "Rue de Montreuil", "id_parc": "PA9065", "num_voies": "41", "geox": 603738, "geoy": 127777, "oid": 1141388, "arrondissement": "Paris 11e Arrondissement" }, "geometry": { "type": "MultiPoint", "coordinates": [ [ 2.387437165594537, 48.850439752896101 ] ] } },
{ "type": "Feature", "properties": { "id": "8342", "geo_fid": 8342, "geo_creati": 1530006283791, "geo_modifi": 1530006283791, "id_alpage": 8342, "id_num_sca": "ADO75CA_ANO578", "quartier": "Faubourg Saint-Antoine", "nom_entier": "Rue de Montreuil", "id_parc": "PA9116", "num_voies": "55", "geox": 603823, "geoy": 127777, "oid": 1141395, "arrondissement": "Paris 11e Arrondissement" }, "geometry": { "type": "MultiPoint", "coordinates": [ [ 2.388600867867843, 48.850444630791017 ] ] } },
{ "type": "Feature", "properties": { "id": "8381", "geo_fid": 8381, "geo_creati": 1530006283792, "geo_modifi": 1530006283792, "id_alpage": 8381, "id_num_sca": "ADO75CA_ANO578", "quartier": "Faubourg Saint-Antoine", "nom_entier": "Rue de Charonne", "id_parc": "PA9269", "num_voies": "88", "geox": 603519, "geoy": 128222, "oid": 1141434, "arrondissement": "Paris 11e Arrondissement" }, "geometry": { "type": "MultiPoint", "coordinates": [ [ 2.384463601094889, 48.854450877355958 ] ] } },
{ "type": "Feature", "properties": { "id": "8383", "geo_fid": 8383, "geo_creati": 1530006283792, "geo_modifi": 1530006283792, "id_alpage": 8383, "id_num_sca": "ADO75CA_ANO578", "quartier": "Faubourg Saint-Antoine", "nom_entier": "Rue de Charonne", "id_parc": "PA9008", "num_voies": "84", "geox": 603427, "geoy": 128187, "oid": 1141436, "arrondissement": "Paris 11e Arrondissement" }, "geometry": { "type": "MultiPoint", "coordinates": [ [ 2.383202759822249, 48.854132150355511 ] ] } },
{ "type": "Feature", "properties": { "id": "8385", "geo_fid": 8385, "geo_creati": 1530006283792, "geo_modifi": 1530006283792, "id_alpage": 8385, "id_num_sca": "ADO75CA_ANO578", "quartier": "Faubourg Saint-Antoine", "nom_entier": "Rue de Charonne", "id_parc": "PA9008", "num_voies": "80", "geox": 603352, "geoy": 128159, "oid": 1141438, "arrondissement": "Paris 11e Arrondissement" }, "geometry": { "type": "MultiPoint", "coordinates": [ [ 2.382187290451318, 48.853883456320254 ] ] } },
{ "type": "Feature", "properties": { "id": "8409", "geo_fid": 8409, "geo_creati": 1530006283805, "geo_modifi": 1530006283805, "id_alpage": 8409, "id_num_sca": "ADO75CA_ANO579", "quartier": "Faubourg Saint-Antoine", "nom_entier": "Rue Saint Bernard", "id_parc": "PA8939", "num_voies": "37", "geox": 603234, "geoy": 128087, "oid": 1141462, "arrondissement": "Paris 11e Arrondissement" }, "geometry": { "type": "MultiPoint", "coordinates": [ [ 2.380581416986932, 48.8532312057079 ] ] } },
{ "type": "Feature", "properties": { "id": "8411", "geo_fid": 8411, "geo_creati": 1530006283805, "geo_modifi": 1530006283805, "id_alpage": 8411, "id_num_sca": "ADO75CA_ANO579", "quartier": "Faubourg Saint-Antoine", "nom_entier": "Rue Saint Bernard", "id_parc": "PA8998", "num_voies": "33", "geox": 603242, "geoy": 128072, "oid": 1141464, "arrondissement": "Paris 11e Arrondissement" }, "geometry": { "type": "MultiPoint", "coordinates": [ [ 2.380682140300698, 48.853096276565175 ] ] } },
{ "type": "Feature", "properties": { "id": "8417", "geo_fid": 8417, "geo_creati": 1530006283806, "geo_modifi": 1530006283806, "id_alpage": 8417, "id_num_sca": "ADO75CA_ANO579", "quartier": "Faubourg Saint-Antoine", "nom_entier": "Rue Saint Bernard", "id_parc": "PA8976", "num_voies": "17", "geox": 603308, "geoy": 127899, "oid": 1141470, "arrondissement": "Paris 11e Arrondissement" }, "geometry": { "type": "MultiPoint", "coordinates": [ [ 2.38158286993825, 48.851540189058916 ] ] } },
{ "type": "Feature", "properties": { "id": "8423", "geo_fid": 8423, "geo_creati": 1530006283806, "geo_modifi": 1530006283806, "id_alpage": 8423, "id_num_sca": "ADO75CA_ANO579", "quartier": "Faubourg Saint-Antoine", "nom_entier": "Rue Saint Bernard", "id_parc": "PA8995", "num_voies": "5", "geox": 603298, "geoy": 127811, "oid": 1141476, "arrondissement": "Paris 11e Arrondissement" }, "geometry": { "type": "MultiPoint", "coordinates": [ [ 2.381440452252515, 48.850753381044271 ] ] } },
{ "type": "Feature", "properties": { "id": "8444", "geo_fid": 8444, "geo_creati": 1530006283806, "geo_modifi": 1530006283806, "id_alpage": 8444, "id_num_sca": "ADO75CA_ANO579", "quartier": "Faubourg Saint-Antoine", "nom_entier": "Rue du Faubourg Saint Antoine", "id_parc": "PA8968", "num_voies": "169", "geox": 603151, "geoy": 127795, "oid": 1141497, "arrondissement": "Paris 11e Arrondissement" }, "geometry": { "type": "MultiPoint", "coordinates": [ [ 2.379448136306561, 48.850612949510264 ] ] } },
{ "type": "Feature", "properties": { "id": "8460", "geo_fid": 8460, "geo_creati": 1530006283807, "geo_modifi": 1530006283807, "id_alpage": 8460, "id_num_sca": "ADO75CA_ANO579", "quartier": "Faubourg Saint-Antoine", "nom_entier": "Rue Sainte Marguerite", "id_parc": "PA8956", "num_voies": "20", "geox": 603108, "geoy": 127896, "oid": 1141513, "arrondissement": "Paris 11e Arrondissement" }, "geometry": { "type": "MultiPoint", "coordinates": [ [ 2.378854779481367, 48.851517835324046 ] ] } },
{ "type": "Feature", "properties": { "id": "8481", "geo_fid": 8481, "geo_creati": 1530006283807, "geo_modifi": 1530006283807, "id_alpage": 8481, "id_num_sca": "ADO75CA_ANO580", "quartier": "Faubourg Saint-Antoine", "nom_entier": "Rue Sainte Marguerite", "id_parc": "PA8901", "num_voies": "31", "geox": 603116, "geoy": 127954, "oid": 1141534, "arrondissement": "Paris 11e Arrondissement" }, "geometry": { "type": "MultiPoint", "coordinates": [ [ 2.378966955712596, 48.852038473022212 ] ] } },
{ "type": "Feature", "properties": { "id": "8488", "geo_fid": 8488, "geo_creati": 1530006283807, "geo_modifi": 1530006283807, "id_alpage": 8488, "id_num_sca": "ADO75CA_ANO580", "quartier": "Faubourg Saint-Antoine", "nom_entier": "Rue Sainte Marguerite", "id_parc": "PA8922", "num_voies": "17", "geox": 603101, "geoy": 127885, "oid": 1141541, "arrondissement": "Paris 11e Arrondissement" }, "geometry": { "type": "MultiPoint", "coordinates": [ [ 2.378756585211561, 48.851419850407794 ] ] } },
{ "type": "Feature", "properties": { "id": "8494", "geo_fid": 8494, "geo_creati": 1530006283808, "geo_modifi": 1530006283808, "id_alpage": 8494, "id_num_sca": "ADO75CA_ANO580", "quartier": "Faubourg Saint-Antoine", "nom_entier": "Rue Sainte Marguerite", "id_parc": "PA8911", "num_voies": "5", "geox": 603090, "geoy": 127839, "oid": 1141547, "arrondissement": "Paris 11e Arrondissement" }, "geometry": { "type": "MultiPoint", "coordinates": [ [ 2.378610434520225, 48.851005338960093 ] ] } },
{ "type": "Feature", "properties": { "id": "8509", "geo_fid": 8509, "geo_creati": 1530006283808, "geo_modifi": 1530006283808, "id_alpage": 8509, "id_num_sca": "ADO75CA_ANO580", "quartier": "Faubourg Saint-Antoine", "nom_entier": "Rue du Faubourg Saint Antoine", "id_parc": "PA8930", "num_voies": "133", "geox": 602985, "geoy": 127849, "oid": 1141562, "arrondissement": "Paris 11e Arrondissement" }, "geometry": { "type": "MultiPoint", "coordinates": [ [ 2.377176991872946, 48.851097575351822 ] ] } },
{ "type": "Feature", "properties": { "id": "8512", "geo_fid": 8512, "geo_creati": 1530006283808, "geo_modifi": 1530006283808, "id_alpage": 8512, "id_num_sca": "ADO75CA_ANO580", "quartier": "Faubourg Saint-Antoine", "nom_entier": "Impasse de la Bonne Graine", "id_parc": "PA8878", "num_voies": "127", "geox": 602959, "geoy": 127859, "oid": 1141565, "arrondissement": "Paris 11e Arrondissement" }, "geometry": { "type": "MultiPoint", "coordinates": [ [ 2.37683230749496, 48.851184025588438 ] ] } },
{ "type": "Feature", "properties": { "id": "8516", "geo_fid": 8516, "geo_creati": 1530006283808, "geo_modifi": 1530006283808, "id_alpage": 8516, "id_num_sca": "ADO75CA_ANO580", "quartier": "Faubourg Saint-Antoine", "nom_entier": "Rue du Faubourg Saint Honoré", "id_parc": "PA8882", "num_voies": "119", "geox": 602938, "geoy": 127867, "oid": 1141569, "arrondissement": "Paris 11e Arrondissement" }, "geometry": { "type": "MultiPoint", "coordinates": [ [ 2.376536670762894, 48.851261465183441 ] ] } },
{ "type": "Feature", "properties": { "id": "8522", "geo_fid": 8522, "geo_creati": 1530006283808, "geo_modifi": 1530006283808, "id_alpage": 8522, "id_num_sca": "ADO75CA_ANO580", "quartier": "Faubourg Saint-Antoine", "nom_entier": "Rue du Faubourg Saint Antoine", "id_parc": "PA8832", "num_voies": "107", "geox": 602897, "geoy": 127883, "oid": 1141575, "arrondissement": "Paris 11e Arrondissement" }, "geometry": { "type": "MultiPoint", "coordinates": [ [ 2.375980815529466, 48.851405538791468 ] ] } },
{ "type": "Feature", "properties": { "id": "8533", "geo_fid": 8533, "geo_creati": 1530006283808, "geo_modifi": 1530006283808, "id_alpage": 8533, "id_num_sca": "ADO75CA_ANO580", "quartier": "Faubourg Saint-Antoine", "nom_entier": "Rue du Faubourg Saint Antoine", "id_parc": "PA8861", "num_voies": "85", "geox": 602815, "geoy": 127914, "oid": 1141586, "arrondissement": "Paris 11e Arrondissement" }, "geometry": { "type": "MultiPoint", "coordinates": [ [ 2.374870450587103, 48.851683785448671 ] ] } },
{ "type": "Feature", "properties": { "id": "8536", "geo_fid": 8536, "geo_creati": 1530006283809, "geo_modifi": 1530006283809, "id_alpage": 8536, "id_num_sca": "ADO75CA_ANO580", "quartier": "Faubourg Saint-Antoine", "nom_entier": "Rue du Faubourg Saint Antoine", "id_parc": "PA8856", "num_voies": "79", "geox": 602793, "geoy": 127922, "oid": 1141589, "arrondissement": "Paris 11e Arrondissement" }, "geometry": { "type": "MultiPoint", "coordinates": [ [ 2.374570710335768, 48.851748631493294 ] ] } },
{ "type": "Feature", "properties": { "id": "8548", "geo_fid": 8548, "geo_creati": 1530006283809, "geo_modifi": 1530006283809, "id_alpage": 8548, "id_num_sca": "ADO75CA_ANO580", "quartier": "Faubourg Saint-Antoine", "nom_entier": "Rue de Charonne", "id_parc": "PA8848", "num_voies": "10", "geox": 602767, "geoy": 127979, "oid": 1141601, "arrondissement": "Paris 11e Arrondissement" }, "geometry": { "type": "MultiPoint", "coordinates": [ [ 2.374215437935085, 48.852268526523289 ] ] } },
{ "type": "Feature", "properties": { "id": "8566", "geo_fid": 8566, "geo_creati": 1530006283809, "geo_modifi": 1530006283809, "id_alpage": 8566, "id_num_sca": "ADO75CA_ANO580", "quartier": "Faubourg Saint-Antoine", "nom_entier": "Rue de Charonne", "id_parc": "PA8893", "num_voies": "46", "geox": 603014, "geoy": 128083, "oid": 1141619, "arrondissement": "Paris 11e Arrondissement" }, "geometry": { "type": "MultiPoint", "coordinates": [ [ 2.377580681013097, 48.853197234164973 ] ] } },
{ "type": "Feature", "properties": { "id": "8581", "geo_fid": 8581, "geo_creati": 1530006283810, "geo_modifi": 1530006283810, "id_alpage": 8581, "id_num_sca": "ADO75CA_ANO581", "quartier": "Faubourg Saint-Antoine", "nom_entier": "Rue du Faubourg Saint Antoine", "id_parc": "PA8805", "num_voies": "65", "geox": 602723, "geoy": 127948, "oid": 1141634, "arrondissement": "Paris 11e Arrondissement" }, "geometry": { "type": "MultiPoint", "coordinates": [ [ 2.373614287051117, 48.851990844581316 ] ] } },
{ "type": "Feature", "properties": { "id": "8583", "geo_fid": 8583, "geo_creati": 1530006283810, "geo_modifi": 1530006283810, "id_alpage": 8583, "id_num_sca": "ADO75CA_ANO581", "quartier": "Faubourg Saint-Antoine", "nom_entier": "Rue du Faubourg Saint Antoine", "id_parc": "PA8806", "num_voies": "61", "geox": 602704, "geoy": 127957, "oid": 1141636, "arrondissement": "Paris 11e Arrondissement" }, "geometry": { "type": "MultiPoint", "coordinates": [ [ 2.373347256943954, 48.852068266794625 ] ] } },
{ "type": "Feature", "properties": { "id": "8594", "geo_fid": 8594, "geo_creati": 1530006283810, "geo_modifi": 1530006283810, "id_alpage": 8594, "id_num_sca": "ADO75CA_ANO581", "quartier": "Faubourg Saint-Antoine", "nom_entier": "Rue du Faubourg Saint Antoine", "id_parc": "PA8795", "num_voies": "41", "geox": 602610, "geoy": 127997, "oid": 1141647, "arrondissement": "Paris 11e Arrondissement" }, "geometry": { "type": "MultiPoint", "coordinates": [ [ 2.372074761020472, 48.852431069032455 ] ] } },
{ "type": "Feature", "properties": { "id": "8597", "geo_fid": 8597, "geo_creati": 1530006283810, "geo_modifi": 1530006283810, "id_alpage": 8597, "id_num_sca": "ADO75CA_ANO581", "quartier": "Faubourg Saint-Antoine", "nom_entier": "Rue du Faubourg Saint Antoine", "id_parc": "PA8801", "num_voies": "35", "geox": 602596, "geoy": 128004, "oid": 1141650, "arrondissement": "Paris 11e Arrondissement" }, "geometry": { "type": "MultiPoint", "coordinates": [ [ 2.371886751430959, 48.852492276780566 ] ] } },
{ "type": "Feature", "properties": { "id": "8607", "geo_fid": 8607, "geo_creati": 1530006283820, "geo_modifi": 1530006283820, "id_alpage": 8607, "id_num_sca": "ADO75CA_ANO581", "quartier": "Faubourg Saint-Antoine", "nom_entier": "Rue du Faubourg Saint Antoine", "id_parc": "PA8787", "num_voies": "17", "geox": 602539, "geoy": 128047, "oid": 1141660, "arrondissement": "Paris 11e Arrondissement" }, "geometry": { "type": "MultiPoint", "coordinates": [ [ 2.371108915093427, 48.852880995897962 ] ] } },
{ "type": "Feature", "properties": { "id": "8640", "geo_fid": 8640, "geo_creati": 1530006283821, "geo_modifi": 1530006283821, "id_alpage": 8640, "id_num_sca": "ADO75CA_ANO581", "quartier": "Faubourg Saint-Antoine", "nom_entier": "Rue de Lappe", "id_parc": "PA8827", "num_voies": "18", "geox": 602629, "geoy": 128157, "oid": 1141693, "arrondissement": "Paris 11e Arrondissement" }, "geometry": { "type": "MultiPoint", "coordinates": [ [ 2.372337409913892, 48.853862630021233 ] ] } },
{ "type": "Feature", "properties": { "id": "8643", "geo_fid": 8643, "geo_creati": 1530006283821, "geo_modifi": 1530006283821, "id_alpage": 8643, "id_num_sca": "ADO75CA_ANO581", "quartier": "Faubourg Saint-Antoine", "nom_entier": "Rue de Lappe", "id_parc": "PA8830", "num_voies": "24", "geox": 602650, "geoy": 128141, "oid": 1141696, "arrondissement": "Paris 11e Arrondissement" }, "geometry": { "type": "MultiPoint", "coordinates": [ [ 2.372622120679711, 48.853720457085323 ] ] } },
{ "type": "Feature", "properties": { "id": "8672", "geo_fid": 8672, "geo_creati": 1530006283822, "geo_modifi": 1530006283822, "id_alpage": 8672, "id_num_sca": "ADO75CA_ANO582", "quartier": "Faubourg Saint-Antoine", "nom_entier": "Rue de la Roquette", "id_parc": "PA8755", "num_voies": "7", "geox": 602524, "geoy": 128165, "oid": 1141725, "arrondissement": "Paris 11e Arrondissement" }, "geometry": { "type": "MultiPoint", "coordinates": [ [ 2.370894326175186, 48.853943099937311 ] ] } },
{ "type": "Feature", "properties": { "id": "8229", "geo_fid": 8229, "geo_creati": 1530006283789, "geo_modifi": 1530006283789, "id_alpage": 8229, "id_num_sca": "ADO75CA_ANO576", "quartier": "Faubourg Saint-Antoine", "nom_entier": "Rue de Montreuil", "id_parc": "PA9086", "num_voies": "38", "geox": 603692, "geoy": 127773, "oid": 1141282, "arrondissement": "Paris 11e Arrondissement" }, "geometry": { "type": "MultiPoint", "coordinates": [ [ 2.386814405673878, 48.850407651290574 ] ] } },
{ "type": "Feature", "properties": { "id": "8233", "geo_fid": 8233, "geo_creati": 1530006283789, "geo_modifi": 1530006283789, "id_alpage": 8233, "id_num_sca": "ADO75CA_ANO576", "quartier": "Faubourg Saint-Antoine", "nom_entier": "Rue de Montreuil", "id_parc": "PA9090", "num_voies": "30", "geox": 603628, "geoy": 127774, "oid": 1141286, "arrondissement": "Paris 11e Arrondissement" }, "geometry": { "type": "MultiPoint", "coordinates": [ [ 2.385938236780079, 48.850417920493854 ] ] } },
{ "type": "Feature", "properties": { "id": "8254", "geo_fid": 8254, "geo_creati": 1530006283790, "geo_modifi": 1530006283790, "id_alpage": 8254, "id_num_sca": "ADO75CA_ANO576", "quartier": "Faubourg Saint-Antoine", "nom_entier": "Rue du Faubourg Saint Antoine", "id_parc": "PA9098", "num_voies": "251", "geox": 603554, "geoy": 127745, "oid": 1141307, "arrondissement": "Paris 11e Arrondissement" }, "geometry": { "type": "MultiPoint", "coordinates": [ [ 2.38493644643649, 48.850159353121356 ] ] } },
{ "type": "Feature", "properties": { "id": "8268", "geo_fid": 8268, "geo_creati": 1530006283790, "geo_modifi": 1530006283790, "id_alpage": 8268, "id_num_sca": "ADO75CA_ANO576", "quartier": "Faubourg Saint-Antoine", "nom_entier": "Rue du Faubourg Saint Antoine", "id_parc": "PA9088", "num_voies": "279", "geox": 603693, "geoy": 127711, "oid": 1141321, "arrondissement": "Paris 11e Arrondissement" }, "geometry": { "type": "MultiPoint", "coordinates": [ [ 2.386827476795384, 48.849850996048268 ] ] } },
{ "type": "Feature", "properties": { "id": "8275", "geo_fid": 8275, "geo_creati": 1530006283790, "geo_modifi": 1530006283790, "id_alpage": 8275, "id_num_sca": "ADO75CA_ANO576", "quartier": "Faubourg Saint-Antoine", "nom_entier": "Rue du Faubourg Saint Antoine", "id_parc": "PA9079", "num_voies": "293", "geox": 603803, "geoy": 127684, "oid": 1141328, "arrondissement": "Paris 11e Arrondissement" }, "geometry": { "type": "MultiPoint", "coordinates": [ [ 2.388323391039829, 48.849607532783097 ] ] } },
{ "type": "Feature", "properties": { "id": "8280", "geo_fid": 8280, "geo_creati": 1530006283790, "geo_modifi": 1530006283790, "id_alpage": 8280, "id_num_sca": "ADO75CA_ANO576", "quartier": "Faubourg Saint-Antoine", "nom_entier": "Rue du Faubourg Saint Antoine", "id_parc": "PA9106", "num_voies": "303", "geox": 603887, "geoy": 127665, "oid": 1141333, "arrondissement": "Paris 11e Arrondissement" }, "geometry": { "type": "MultiPoint", "coordinates": [ [ 2.389473265357479, 48.849438848406564 ] ] } },
{ "type": "Feature", "properties": { "id": "8293", "geo_fid": 8293, "geo_creati": 1530006283790, "geo_modifi": 1530006283790, "id_alpage": 8293, "id_num_sca": "ADO75CA_ANO576", "quartier": "Faubourg Saint-Antoine", "nom_entier": "Rue du Faubourg Saint Antoine", "id_parc": "PA9113", "num_voies": "327", "geox": 604008, "geoy": 127641, "oid": 1141346, "arrondissement": "Paris 11e Arrondissement" }, "geometry": { "type": "MultiPoint", "coordinates": [ [ 2.391116340318755, 48.849217762902576 ] ] } },
{ "type": "Feature", "properties": { "id": "8297", "geo_fid": 8297, "geo_creati": 1530006283790, "geo_modifi": 1530006283790, "id_alpage": 8297, "id_num_sca": "ADO75CA_ANO578", "quartier": "Faubourg Saint-Antoine", "nom_entier": "Rue Saint Bernard", "id_parc": "PA9030", "num_voies": "197", "geox": 603306, "geoy": 127781, "oid": 1141350, "arrondissement": "Paris 11e Arrondissement" }, "geometry": { "type": "MultiPoint", "coordinates": [ [ 2.381556038678625, 48.850485353079357 ] ] } },
{ "type": "Feature", "properties": { "id": "8307", "geo_fid": 8307, "geo_creati": 1530006283791, "geo_modifi": 1530006283791, "id_alpage": 8307, "id_num_sca": "ADO75CA_ANO578", "quartier": "Faubourg Saint-Antoine", "nom_entier": "Rue du Faubourg Saint Antoine", "id_parc": "PA9020", "num_voies": "217", "geox": 603390, "geoy": 127782, "oid": 1141360, "arrondissement": "Paris 11e Arrondissement" }, "geometry": { "type": "MultiPoint", "coordinates": [ [ 2.382695215492169, 48.850492099232035 ] ] } },
{ "type": "Feature", "properties": { "id": "8311", "geo_fid": 8311, "geo_creati": 1530006283791, "geo_modifi": 1530006283791, "id_alpage": 8311, "id_num_sca": "ADO75CA_ANO578", "quartier": "Faubourg Saint-Antoine", "nom_entier": "Rue du Faubourg Saint Antoine", "id_parc": "PA9016", "num_voies": "225", "geox": 603425, "geoy": 127782, "oid": 1141364, "arrondissement": "Paris 11e Arrondissement" }, "geometry": { "type": "MultiPoint", "coordinates": [ [ 2.383172140892554, 48.850491908287182 ] ] } },
{ "type": "Feature", "properties": { "id": "8317", "geo_fid": 8317, "geo_creati": 1530006283791, "geo_modifi": 1530006283791, "id_alpage": 8317, "id_num_sca": "ADO75CA_ANO578", "quartier": "Faubourg Saint-Antoine", "nom_entier": "Rue de Montreuil", "id_parc": "PA26281", "num_voies": "5", "geox": 603486, "geoy": 127782, "oid": 1141370, "arrondissement": "Paris 11e Arrondissement" }, "geometry": { "type": "MultiPoint", "coordinates": [ [ 2.384014255722483, 48.850492465540718 ] ] } },
{ "type": "Feature", "properties": { "id": "8490", "geo_fid": 8490, "geo_creati": 1530006283807, "geo_modifi": 1530006283807, "id_alpage": 8490, "id_num_sca": "ADO75CA_ANO580", "quartier": "Faubourg Saint-Antoine", "nom_entier": "Rue Sainte Marguerite", "id_parc": "PA8919", "num_voies": "13", "geox": 603097, "geoy": 127868, "oid": 1141543, "arrondissement": "Paris 11e Arrondissement" }, "geometry": { "type": "MultiPoint", "coordinates": [ [ 2.378703316572595, 48.851270590574508 ] ] } },
{ "type": "Feature", "properties": { "id": "8498", "geo_fid": 8498, "geo_creati": 1530006283808, "geo_modifi": 1530006283808, "id_alpage": 8498, "id_num_sca": "ADO75CA_ANO580", "quartier": "Faubourg Saint-Antoine", "nom_entier": "Rue du Faubourg Saint Antoine", "id_parc": "PA8913", "num_voies": "153", "geox": 603074, "geoy": 127816, "oid": 1141551, "arrondissement": "Paris 11e Arrondissement" }, "geometry": { "type": "MultiPoint", "coordinates": [ [ 2.378394960302697, 48.850794987154281 ] ] } },
{ "type": "Feature", "properties": { "id": "8530", "geo_fid": 8530, "geo_creati": 1530006283808, "geo_modifi": 1530006283808, "id_alpage": 8530, "id_num_sca": "ADO75CA_ANO580", "quartier": "Faubourg Saint-Antoine", "nom_entier": "Rue du Faubourg Saint Antoine", "id_parc": "PA8866", "num_voies": "91", "geox": 602835, "geoy": 127907, "oid": 1141583, "arrondissement": "Paris 11e Arrondissement" }, "geometry": { "type": "MultiPoint", "coordinates": [ [ 2.375133397832733, 48.851618950839644 ] ] } },
{ "type": "Feature", "properties": { "id": "8544", "geo_fid": 8544, "geo_creati": 1530006283809, "geo_modifi": 1530006283809, "id_alpage": 8544, "id_num_sca": "ADO75CA_ANO580", "quartier": "Faubourg Saint-Antoine", "nom_entier": "Rue de Charonne", "id_parc": "PA8852", "num_voies": "2", "geox": 602750, "geoy": 127945, "oid": 1141597, "arrondissement": "Paris 11e Arrondissement" }, "geometry": { "type": "MultiPoint", "coordinates": [ [ 2.373979460749153, 48.851955655986423 ] ] } },
{ "type": "Feature", "properties": { "id": "8550", "geo_fid": 8550, "geo_creati": 1530006283809, "geo_modifi": 1530006283809, "id_alpage": 8550, "id_num_sca": "ADO75CA_ANO580", "quartier": "Faubourg Saint-Antoine", "nom_entier": "Rue de Charonne", "id_parc": "PA8840", "num_voies": "14", "geox": 602786, "geoy": 128018, "oid": 1141603, "arrondissement": "Paris 11e Arrondissement" }, "geometry": { "type": "MultiPoint", "coordinates": [ [ 2.374467796776917, 48.852616462851763 ] ] } },
{ "type": "Feature", "properties": { "id": "8554", "geo_fid": 8554, "geo_creati": 1530006283809, "geo_modifi": 1530006283809, "id_alpage": 8554, "id_num_sca": "ADO75CA_ANO580", "quartier": "Faubourg Saint-Antoine", "nom_entier": "Rue de Charonne", "id_parc": "PA8843", "num_voies": "22", "geox": 602820, "geoy": 128066, "oid": 1141607, "arrondissement": "Paris 11e Arrondissement" }, "geometry": { "type": "MultiPoint", "coordinates": [ [ 2.374934169701732, 48.853049759008371 ] ] } },
{ "type": "Feature", "properties": { "id": "8557", "geo_fid": 8557, "geo_creati": 1530006283809, "geo_modifi": 1530006283809, "id_alpage": 8557, "id_num_sca": "ADO75CA_ANO580", "quartier": "Faubourg Saint-Antoine", "nom_entier": "Rue de Charonne", "id_parc": "PA8839", "num_voies": "28", "geox": 602853, "geoy": 128084, "oid": 1141610, "arrondissement": "Paris 11e Arrondissement" }, "geometry": { "type": "MultiPoint", "coordinates": [ [ 2.375388075003349, 48.853207880111675 ] ] } },
{ "type": "Feature", "properties": { "id": "8574", "geo_fid": 8574, "geo_creati": 1530006283809, "geo_modifi": 1530006283809, "id_alpage": 8574, "id_num_sca": "ADO75CA_ANO581", "quartier": "Faubourg Saint-Antoine", "nom_entier": "Rue de Charonne", "id_parc": "PA8817", "num_voies": "13", "geox": 602774, "geoy": 128026, "oid": 1141627, "arrondissement": "Paris 11e Arrondissement" }, "geometry": { "type": "MultiPoint", "coordinates": [ [ 2.374302962106011, 48.852686659740108 ] ] } },
{ "type": "Feature", "properties": { "id": "8580", "geo_fid": 8580, "geo_creati": 1530006283810, "geo_modifi": 1530006283810, "id_alpage": 8580, "id_num_sca": "ADO75CA_ANO581", "quartier": "Faubourg Saint-Antoine", "nom_entier": "Rue de Charonne", "id_parc": "PA8804", "num_voies": "1", "geox": 602739, "geoy": 127955, "oid": 1141633, "arrondissement": "Paris 11e Arrondissement" }, "geometry": { "type": "MultiPoint", "coordinates": [ [ 2.373828272977272, 48.852051027418213 ] ] } },
{ "type": "Feature", "properties": { "id": "8586", "geo_fid": 8586, "geo_creati": 1530006283810, "geo_modifi": 1530006283810, "id_alpage": 8586, "id_num_sca": "ADO75CA_ANO581", "quartier": "Faubourg Saint-Antoine", "nom_entier": "Rue du Faubourg Saint Antoine", "id_parc": "PA8811", "num_voies": "55", "geox": 602674, "geoy": 127970, "oid": 1141639, "arrondissement": "Paris 11e Arrondissement" }, "geometry": { "type": "MultiPoint", "coordinates": [ [ 2.372942622152657, 48.852184400222853 ] ] } },
{ "type": "Feature", "properties": { "id": "8592", "geo_fid": 8592, "geo_creati": 1530006283810, "geo_modifi": 1530006283810, "id_alpage": 8592, "id_num_sca": "ADO75CA_ANO581", "quartier": "Faubourg Saint-Antoine", "nom_entier": "Rue du Faubourg Saint Antoine", "id_parc": "PA8791", "num_voies": "43bis", "geox": 602619, "geoy": 127993, "oid": 1141645, "arrondissement": "Paris 11e Arrondissement" }, "geometry": { "type": "MultiPoint", "coordinates": [ [ 2.372193291014625, 48.85239596117195 ] ] } },
{ "type": "Feature", "properties": { "id": "8608", "geo_fid": 8608, "geo_creati": 1530006283820, "geo_modifi": 1530006283820, "id_alpage": 8608, "id_num_sca": "ADO75CA_ANO581", "quartier": "Faubourg Saint-Antoine", "nom_entier": "Rue du Faubourg Saint Antoine", "id_parc": "PA8786", "num_voies": "15", "geox": 602534, "geoy": 128052, "oid": 1141661, "arrondissement": "Paris 11e Arrondissement" }, "geometry": { "type": "MultiPoint", "coordinates": [ [ 2.371035358129106, 48.852924182773478 ] ] } },
{ "type": "Feature", "properties": { "id": "9677", "geo_fid": 9677, "geo_creati": 1530006283897, "geo_modifi": 1530006283897, "id_alpage": 9677, "id_num_sca": "ADO75CA_ANO513", "quartier": "Marais", "nom_entier": "Rue Saint Louis", "id_parc": "PA10532", "num_voies": "1", "geox": 602038, "geoy": 128458, "oid": 1142730, "arrondissement": "Paris 3e Arrondissement" }, "geometry": { "type": "MultiPoint", "coordinates": [ [ 2.36427966339712, 48.85657972675935 ] ] } },
{ "type": "Feature", "properties": { "id": "9826", "geo_fid": 9826, "geo_creati": 1530006283910, "geo_modifi": 1530006283910, "id_alpage": 9826, "id_num_sca": "ADO75CA_ANO517", "quartier": "Marais", "nom_entier": "Rue Royale", "id_parc": "PA10802", "num_voies": "11bis", "geox": 602099, "geoy": 128254, "oid": 1142879, "arrondissement": "Paris 4e Arrondissement" }, "geometry": { "type": "MultiPoint", "coordinates": [ [ 2.365104496076554, 48.854741415780474 ] ] } },
{ "type": "Feature", "properties": { "id": "9834", "geo_fid": 9834, "geo_creati": 1530006283910, "geo_modifi": 1530006283910, "id_alpage": 9834, "id_num_sca": "ADO75CA_ANO518", "quartier": "Marais", "nom_entier": "Rue Royale", "id_parc": "PA10875", "num_voies": "4", "geox": 602090, "geoy": 128184, "oid": 1142887, "arrondissement": "Paris 4e Arrondissement" }, "geometry": { "type": "MultiPoint", "coordinates": [ [ 2.364981494174584, 48.854108358076942 ] ] } },
{ "type": "Feature", "properties": { "id": "9862", "geo_fid": 9862, "geo_creati": 1530006283911, "geo_modifi": 1530006283911, "id_alpage": 9862, "id_num_sca": "ADO75CA_ANO518", "quartier": "Marais", "nom_entier": "Rue des Tournelles", "id_parc": "PA10836", "num_voies": "23", "geox": 602255, "geoy": 128313, "oid": 1142915, "arrondissement": "Paris 4e Arrondissement" }, "geometry": { "type": "MultiPoint", "coordinates": [ [ 2.367233448373007, 48.855271446717232 ] ] } },
{ "type": "Feature", "properties": { "id": "9864", "geo_fid": 9864, "geo_creati": 1530006283911, "geo_modifi": 1530006283911, "id_alpage": 9864, "id_num_sca": "ADO75CA_ANO518", "quartier": "Marais", "nom_entier": "Rue des Tournelles", "id_parc": "PA10837", "num_voies": "19", "geox": 602255, "geoy": 128267, "oid": 1142917, "arrondissement": "Paris 4e Arrondissement" }, "geometry": { "type": "MultiPoint", "coordinates": [ [ 2.367234562541281, 48.85485957971796 ] ] } },
{ "type": "Feature", "properties": { "id": "9868", "geo_fid": 9868, "geo_creati": 1530006283911, "geo_modifi": 1530006283911, "id_alpage": 9868, "id_num_sca": "ADO75CA_ANO518", "quartier": "Marais", "nom_entier": "Rue des Tournelles", "id_parc": "PA10842", "num_voies": "13", "geox": 602256, "geoy": 128213, "oid": 1142921, "arrondissement": "Paris 4e Arrondissement" }, "geometry": { "type": "MultiPoint", "coordinates": [ [ 2.367242443217729, 48.854369474255606 ] ] } },
{ "type": "Feature", "properties": { "id": "9879", "geo_fid": 9879, "geo_creati": 1530006283911, "geo_modifi": 1530006283911, "id_alpage": 9879, "id_num_sca": "ADO75CA_ANO518", "quartier": "Marais", "nom_entier": "Rue Saint Antoine", "id_parc": "PA10854", "num_voies": "195", "geox": 602193, "geoy": 128131, "oid": 1142932, "arrondissement": "Paris 4e Arrondissement" }, "geometry": { "type": "MultiPoint", "coordinates": [ [ 2.366384842825202, 48.85363589034435 ] ] } },
{ "type": "Feature", "properties": { "id": "9887", "geo_fid": 9887, "geo_creati": 1530006283911, "geo_modifi": 1530006283911, "id_alpage": 9887, "id_num_sca": "ADO75CA_ANO518", "quartier": "Marais", "nom_entier": "Impasse Guéménée", "id_parc": "PA10862", "num_voies": "6", "geox": 602151, "geoy": 128182, "oid": 1142940, "arrondissement": "Paris 4e Arrondissement" }, "geometry": { "type": "MultiPoint", "coordinates": [ [ 2.365823661748375, 48.854094661145041 ] ] } },
{ "type": "Feature", "properties": { "id": "9900", "geo_fid": 9900, "geo_creati": 1530006283911, "geo_modifi": 1530006283911, "id_alpage": 9900, "id_num_sca": "ADO75CA_ANO519", "quartier": "Marais", "nom_entier": "Rue Jean Beau Sire", "id_parc": "PA10917", "num_voies": "221", "geox": 602339, "geoy": 128153, "oid": 1142953, "arrondissement": "Paris 4e Arrondissement" }, "geometry": { "type": "MultiPoint", "coordinates": [ [ 2.368374551309356, 48.853830506905823 ] ] } },
{ "type": "Feature", "properties": { "id": "9905", "geo_fid": 9905, "geo_creati": 1530006283912, "geo_modifi": 1530006283912, "id_alpage": 9905, "id_num_sca": "ADO75CA_ANO519", "quartier": "Marais", "nom_entier": "Rue Jean Beau Sire", "id_parc": "PA10920", "num_voies": "10", "geox": 602323, "geoy": 128230, "oid": 1142958, "arrondissement": "Paris 4e Arrondissement" }, "geometry": { "type": "MultiPoint", "coordinates": [ [ 2.368158310517412, 48.854528400982112 ] ] } },
{ "type": "Feature", "properties": { "id": "9913", "geo_fid": 9913, "geo_creati": 1530006283912, "geo_modifi": 1530006283912, "id_alpage": 9913, "id_num_sca": "ADO75CA_ANO519", "quartier": "Marais", "nom_entier": "Boulevard Beaumarchais", "id_parc": "PA10918", "num_voies": "1", "geox": 602358, "geoy": 128162, "oid": 1142966, "arrondissement": "Paris 4e Arrondissement" }, "geometry": { "type": "MultiPoint", "coordinates": [ [ 2.368632162308711, 48.853915867196584 ] ] } },
{ "type": "Feature", "properties": { "id": "9919", "geo_fid": 9919, "geo_creati": 1530006283912, "geo_modifi": 1530006283912, "id_alpage": 9919, "id_num_sca": "ADO75CA_ANO520", "quartier": "Marais", "nom_entier": "Rue des Tournelles", "id_parc": "PA10910", "num_voies": "207", "geox": 602275, "geoy": 128160, "oid": 1142972, "arrondissement": "Paris 4e Arrondissement" }, "geometry": { "type": "MultiPoint", "coordinates": [ [ 2.367505167053578, 48.853898186210849 ] ] } },
{ "type": "Feature", "properties": { "id": "9845", "geo_fid": 9845, "geo_creati": 1530006283910, "geo_modifi": 1530006283910, "id_alpage": 9845, "id_num_sca": "ADO75CA_ANO518", "quartier": "Marais", "nom_entier": null, "id_parc": "PA10838", "num_voies": "8", "geox": 602179, "geoy": 128272, "oid": 1142898, "arrondissement": "Paris 4e Arrondissement" }, "geometry": { "type": "MultiPoint", "coordinates": [ [ 2.366200250988767, 48.854904810507307 ] ] } },
{ "type": "Feature", "properties": { "id": "9707", "geo_fid": 9707, "geo_creati": 1530006283897, "geo_modifi": 1530006283897, "id_alpage": 9707, "id_num_sca": "ADO75CA_ANO514", "quartier": "Marais", "nom_entier": "Rue de l' Egout", "id_parc": "PA10748", "num_voies": "13", "geox": 601990, "geoy": 128352, "oid": 1142760, "arrondissement": "Paris 4e Arrondissement" }, "geometry": { "type": "MultiPoint", "coordinates": [ [ 2.363630457151206, 48.855623053032971 ] ] } },
{ "type": "Feature", "properties": { "id": "9757", "geo_fid": 9757, "geo_creati": 1530006283898, "geo_modifi": 1530006283898, "id_alpage": 9757, "id_num_sca": "ADO75CA_ANO515", "quartier": "Marais", "nom_entier": "Rue de l' Egout", "id_parc": "PA10753", "num_voies": "3", "geox": 601966, "geoy": 128302, "oid": 1142810, "arrondissement": "Paris 4e Arrondissement" }, "geometry": { "type": "MultiPoint", "coordinates": [ [ 2.363299062743799, 48.855169895969432 ] ] } },
{ "type": "Feature", "properties": { "id": "9813", "geo_fid": 9813, "geo_creati": 1530006283910, "geo_modifi": 1530006283910, "id_alpage": 9813, "id_num_sca": "ADO75CA_ANO517", "quartier": "Marais", "nom_entier": "Rue Saint Antoine", "id_parc": "PA10821", "num_voies": "135", "geox": 601964, "geoy": 128229, "oid": 1142866, "arrondissement": "Paris 4e Arrondissement" }, "geometry": { "type": "MultiPoint", "coordinates": [ [ 2.363276918157771, 48.854520626450793 ] ] } },
{ "type": "Feature", "properties": { "id": "9817", "geo_fid": 9817, "geo_creati": 1530006283910, "geo_modifi": 1530006283910, "id_alpage": 9817, "id_num_sca": "ADO75CA_ANO517", "quartier": "Marais", "nom_entier": null, "id_parc": "PA10796", "num_voies": "19", "geox": 602074, "geoy": 128415, "oid": 1142870, "arrondissement": "Paris 4e Arrondissement" }, "geometry": { "type": "MultiPoint", "coordinates": [ [ 2.364776871125072, 48.856185726594951 ] ] } },
{ "type": "Feature", "properties": { "id": "9822", "geo_fid": 9822, "geo_creati": 1530006283910, "geo_modifi": 1530006283910, "id_alpage": 9822, "id_num_sca": "ADO75CA_ANO517", "quartier": "Marais", "nom_entier": null, "id_parc": "PA10799", "num_voies": "9", "geox": 602051, "geoy": 128318, "oid": 1142875, "arrondissement": "Paris 4e Arrondissement" }, "geometry": { "type": "MultiPoint", "coordinates": [ [ 2.364452047450517, 48.855314409672999 ] ] } },
{ "type": "Feature", "properties": { "id": "9830", "geo_fid": 9830, "geo_creati": 1530006283910, "geo_modifi": 1530006283910, "id_alpage": 9830, "id_num_sca": "ADO75CA_ANO517", "quartier": "Marais", "nom_entier": "Rue Royale", "id_parc": "PA10806", "num_voies": "5", "geox": 602089, "geoy": 128219, "oid": 1142883, "arrondissement": "Paris 4e Arrondissement" }, "geometry": { "type": "MultiPoint", "coordinates": [ [ 2.364970770386924, 48.854427602335676 ] ] } },
{ "type": "Feature", "properties": { "id": "9842", "geo_fid": 9842, "geo_creati": 1530006283910, "geo_modifi": 1530006283910, "id_alpage": 9842, "id_num_sca": "ADO75CA_ANO518", "quartier": "Marais", "nom_entier": null, "id_parc": "PA10865", "num_voies": "2", "geox": 602142, "geoy": 128277, "oid": 1142895, "arrondissement": "Paris 4e Arrondissement" }, "geometry": { "type": "MultiPoint", "coordinates": [ [ 2.365693327608077, 48.854949002372081 ] ] } },
{ "type": "Feature", "properties": { "id": "9870", "geo_fid": 9870, "geo_creati": 1530006283911, "geo_modifi": 1530006283911, "id_alpage": 9870, "id_num_sca": "ADO75CA_ANO518", "quartier": "Marais", "nom_entier": "Rue des Tournelles", "id_parc": "PA10845", "num_voies": "9", "geox": 602258, "geoy": 128189, "oid": 1142923, "arrondissement": "Paris 4e Arrondissement" }, "geometry": { "type": "MultiPoint", "coordinates": [ [ 2.367272297095189, 48.854159935963764 ] ] } },
{ "type": "Feature", "properties": { "id": "9885", "geo_fid": 9885, "geo_creati": 1530006283911, "geo_modifi": 1530006283911, "id_alpage": 9885, "id_num_sca": "ADO75CA_ANO518", "quartier": "Marais", "nom_entier": "Impasse Guéménée", "id_parc": "PA10855", "num_voies": "2", "geox": 602148, "geoy": 128163, "oid": 1142938, "arrondissement": "Paris 4e Arrondissement" }, "geometry": { "type": "MultiPoint", "coordinates": [ [ 2.365770416675757, 48.853923812740824 ] ] } },
{ "type": "Feature", "properties": { "id": "9912", "geo_fid": 9912, "geo_creati": 1530006283912, "geo_modifi": 1530006283912, "id_alpage": 9912, "id_num_sca": "ADO75CA_ANO519", "quartier": "Marais", "nom_entier": "Boulevard Beaumarchais", "id_parc": "PA10919", "num_voies": "3", "geox": 602357, "geoy": 128179, "oid": 1142965, "arrondissement": "Paris 4e Arrondissement" }, "geometry": { "type": "MultiPoint", "coordinates": [ [ 2.368632258881195, 48.854068743456253 ] ] } },
{ "type": "Feature", "properties": { "id": "9914", "geo_fid": 9914, "geo_creati": 1530006283912, "geo_modifi": 1530006283912, "id_alpage": 9914, "id_num_sca": "ADO75CA_ANO520", "quartier": "Marais", "nom_entier": "Rue Jean Beau Sire", "id_parc": "PA10912", "num_voies": "217", "geox": 602315, "geoy": 128156, "oid": 1142967, "arrondissement": "Paris 4e Arrondissement" }, "geometry": { "type": "MultiPoint", "coordinates": [ [ 2.368048873105168, 48.853855774919943 ] ] } },
{ "type": "Feature", "properties": { "id": "9916", "geo_fid": 9916, "geo_creati": 1530006283912, "geo_modifi": 1530006283912, "id_alpage": 9916, "id_num_sca": "ADO75CA_ANO520", "quartier": "Marais", "nom_entier": "Rue Jean Beau Sire", "id_parc": "PA10913", "num_voies": "213", "geox": 602301, "geoy": 128158, "oid": 1142969, "arrondissement": "Paris 4e Arrondissement" }, "geometry": { "type": "MultiPoint", "coordinates": [ [ 2.367855377290151, 48.853876510257841 ] ] } },
{ "type": "Feature", "properties": { "id": "9934", "geo_fid": 9934, "geo_creati": 1530006283912, "geo_modifi": 1530006283912, "id_alpage": 9934, "id_num_sca": "ADO75CA_ANO520", "quartier": "Marais", "nom_entier": "Rue des Tournelles", "id_parc": "PA10892", "num_voies": "30", "geox": 602260, "geoy": 128296, "oid": 1142987, "arrondissement": "Paris 4e Arrondissement" }, "geometry": { "type": "MultiPoint", "coordinates": [ [ 2.367304219643587, 48.855117652533352 ] ] } },
{ "type": "Feature", "properties": { "id": "9946", "geo_fid": 9946, "geo_creati": 1530006283912, "geo_modifi": 1530006283912, "id_alpage": 9946, "id_num_sca": "ADO75CA_ANO520", "quartier": "Marais", "nom_entier": "Rue du Pas de la Mule", "id_parc": "PA10888", "num_voies": "1", "geox": 602318, "geoy": 128368, "oid": 1142999, "arrondissement": "Paris 4e Arrondissement" }, "geometry": { "type": "MultiPoint", "coordinates": [ [ 2.368096393816621, 48.855768514229197 ] ] } },
{ "type": "Feature", "properties": { "id": "9952", "geo_fid": 9952, "geo_creati": 1530006283913, "geo_modifi": 1530006283913, "id_alpage": 9952, "id_num_sca": "ADO75CA_ANO520", "quartier": "Marais", "nom_entier": "Impasse Jean Beau Sire", "id_parc": "PA10895", "num_voies": "19", "geox": 602316, "geoy": 128271, "oid": 1143005, "arrondissement": "Paris 4e Arrondissement" }, "geometry": { "type": "MultiPoint", "coordinates": [ [ 2.368064507468881, 48.854894430176884 ] ] } },
{ "type": "Feature", "properties": { "id": "9955", "geo_fid": 9955, "geo_creati": 1530006283913, "geo_modifi": 1530006283913, "id_alpage": 9955, "id_num_sca": "ADO75CA_ANO520", "quartier": "Marais", "nom_entier": "Rue Jean Beau Sire", "id_parc": "PA10896", "num_voies": "13", "geox": 602317, "geoy": 128241, "oid": 1143008, "arrondissement": "Paris 4e Arrondissement" }, "geometry": { "type": "MultiPoint", "coordinates": [ [ 2.368082053738532, 48.854621046661997 ] ] } },
{ "type": "Feature", "properties": { "id": "9959", "geo_fid": 9959, "geo_creati": 1530006283913, "geo_modifi": 1530006283913, "id_alpage": 9959, "id_num_sca": "ADO75CA_ANO520", "quartier": "Marais", "nom_entier": "Rue Jean Beau Sire", "id_parc": "PA10904", "num_voies": "5", "geox": 602317, "geoy": 128186, "oid": 1143012, "arrondissement": "Paris 4e Arrondissement" }, "geometry": { "type": "MultiPoint", "coordinates": [ [ 2.368083109513586, 48.854126446624726 ] ] } },
{ "type": "Feature", "properties": { "id": "9964", "geo_fid": 9964, "geo_creati": 1530006283913, "geo_modifi": 1530006283913, "id_alpage": 9964, "id_num_sca": "ADO75CA_ANO521", "quartier": "Marais", "nom_entier": "Rue des Tournelles", "id_parc": "PA10489", "num_voies": "50", "geox": 602262, "geoy": 128401, "oid": 1143017, "arrondissement": "Paris 3e Arrondissement" }, "geometry": { "type": "MultiPoint", "coordinates": [ [ 2.367325232877424, 48.85606188290491 ] ] } },
{ "type": "Feature", "properties": { "id": "9997", "geo_fid": 9997, "geo_creati": 1530006283914, "geo_modifi": 1530006283914, "id_alpage": 9997, "id_num_sca": "ADO75CA_ANO522", "quartier": "Marais", "nom_entier": null, "id_parc": "PA10513", "num_voies": "23", "geox": 602107, "geoy": 128427, "oid": 1143050, "arrondissement": "Paris 3e Arrondissement" }, "geometry": { "type": "MultiPoint", "coordinates": [ [ 2.365222567561309, 48.8562935308492 ] ] } },
{ "type": "Feature", "properties": { "id": "10002", "geo_fid": 10002, "geo_creati": 1530006283924, "geo_modifi": 1530006283924, "id_alpage": 10002, "id_num_sca": "ADO75CA_ANO523", "quartier": "Marais", "nom_entier": null, "id_parc": "PA10495", "num_voies": "24", "geox": 602212, "geoy": 128402, "oid": 1143055, "arrondissement": "Paris 3e Arrondissement" }, "geometry": { "type": "MultiPoint", "coordinates": [ [ 2.366646565395915, 48.856071052527604 ] ] } },
{ "type": "Feature", "properties": { "id": "9751", "geo_fid": 9751, "geo_creati": 1530006283898, "geo_modifi": 1530006283898, "id_alpage": 9751, "id_num_sca": "ADO75CA_ANO515", "quartier": "Marais", "nom_entier": "Rue Jarente", "id_parc": "PA10286", "num_voies": "3", "geox": 601976, "geoy": 128342, "oid": 1142804, "arrondissement": "Paris 4e Arrondissement" }, "geometry": { "type": "MultiPoint", "coordinates": [ [ 2.36342735719219, 48.855537668957801 ] ] } },
{ "type": "Feature", "properties": { "id": "9754", "geo_fid": 9754, "geo_creati": 1530006283898, "geo_modifi": 1530006283898, "id_alpage": 9754, "id_num_sca": "ADO75CA_ANO515", "quartier": "Marais", "nom_entier": "Rue de l' Egout", "id_parc": "PA10752", "num_voies": "9", "geox": 601977, "geoy": 128324, "oid": 1142807, "arrondissement": "Paris 4e Arrondissement" }, "geometry": { "type": "MultiPoint", "coordinates": [ [ 2.363449076328844, 48.855375794961844 ] ] } },
{ "type": "Feature", "properties": { "id": "9756", "geo_fid": 9756, "geo_creati": 1530006283898, "geo_modifi": 1530006283898, "id_alpage": 9756, "id_num_sca": "ADO75CA_ANO515", "quartier": "Marais", "nom_entier": "Rue de l' Egout", "id_parc": "PA10751", "num_voies": "5", "geox": 601969, "geoy": 128308, "oid": 1142809, "arrondissement": "Paris 4e Arrondissement" }, "geometry": { "type": "MultiPoint", "coordinates": [ [ 2.363344066358147, 48.855231036197253 ] ] } },
{ "type": "Feature", "properties": { "id": "9798", "geo_fid": 9798, "geo_creati": 1530006283899, "geo_modifi": 1530006283899, "id_alpage": 9798, "id_num_sca": "ADO75CA_ANO517", "quartier": "Marais", "nom_entier": "Rue Saint Antoine", "id_parc": "PA10809", "num_voies": "165", "geox": 602058, "geoy": 128184, "oid": 1142851, "arrondissement": "Paris 4e Arrondissement" }, "geometry": { "type": "MultiPoint", "coordinates": [ [ 2.364545418800355, 48.85411295962129 ] ] } },
{ "type": "Feature", "properties": { "id": "9800", "geo_fid": 9800, "geo_creati": 1530006283899, "geo_modifi": 1530006283899, "id_alpage": 9800, "id_num_sca": "ADO75CA_ANO517", "quartier": "Marais", "nom_entier": "Rue Saint Antoine", "id_parc": "PA10812", "num_voies": "161", "geox": 602048, "geoy": 128189, "oid": 1142853, "arrondissement": "Paris 4e Arrondissement" }, "geometry": { "type": "MultiPoint", "coordinates": [ [ 2.364409169045977, 48.85415795575652 ] ] } },
{ "type": "Feature", "properties": { "id": "9802", "geo_fid": 9802, "geo_creati": 1530006283909, "geo_modifi": 1530006283909, "id_alpage": 9802, "id_num_sca": "ADO75CA_ANO517", "quartier": "Marais", "nom_entier": "Rue Saint Antoine", "id_parc": "PA10819", "num_voies": "157", "geox": 602040, "geoy": 128193, "oid": 1142855, "arrondissement": "Paris 4e Arrondissement" }, "geometry": { "type": "MultiPoint", "coordinates": [ [ 2.364305619067728, 48.854192152710596 ] ] } },
{ "type": "Feature", "properties": { "id": "9814", "geo_fid": 9814, "geo_creati": 1530006283910, "geo_modifi": 1530006283910, "id_alpage": 9814, "id_num_sca": "ADO75CA_ANO517", "quartier": "Marais", "nom_entier": "Rue Saint Antoine", "id_parc": "PA10823", "num_voies": "133", "geox": 601958, "geoy": 128233, "oid": 1142867, "arrondissement": "Paris 4e Arrondissement" }, "geometry": { "type": "MultiPoint", "coordinates": [ [ 2.363191081058158, 48.85455212053408 ] ] } },
{ "type": "Feature", "properties": { "id": "9823", "geo_fid": 9823, "geo_creati": 1530006283910, "geo_modifi": 1530006283910, "id_alpage": 9823, "id_num_sca": "ADO75CA_ANO517", "quartier": "Marais", "nom_entier": null, "id_parc": "PA10801", "num_voies": "5", "geox": 602054, "geoy": 128301, "oid": 1142876, "arrondissement": "Paris 4e Arrondissement" }, "geometry": { "type": "MultiPoint", "coordinates": [ [ 2.364496939155002, 48.855168716850208 ] ] } },
{ "type": "Feature", "properties": { "id": "9925", "geo_fid": 9925, "geo_creati": 1530006283912, "geo_modifi": 1530006283912, "id_alpage": 9925, "id_num_sca": "ADO75CA_ANO520", "quartier": "Marais", "nom_entier": "Rue des Tournelles", "id_parc": "PA10902", "num_voies": "12", "geox": 602263, "geoy": 128204, "oid": 1142978, "arrondissement": "Paris 4e Arrondissement" }, "geometry": { "type": "MultiPoint", "coordinates": [ [ 2.367348688166544, 48.854287612496258 ] ] } },
{ "type": "Feature", "properties": { "id": "9927", "geo_fid": 9927, "geo_creati": 1530006283912, "geo_modifi": 1530006283912, "id_alpage": 9927, "id_num_sca": "ADO75CA_ANO520", "quartier": "Marais", "nom_entier": "Rue des Tournelles", "id_parc": "PA10901", "num_voies": "16", "geox": 602259, "geoy": 128229, "oid": 1142980, "arrondissement": "Paris 4e Arrondissement" }, "geometry": { "type": "MultiPoint", "coordinates": [ [ 2.367295678052222, 48.854514243083109 ] ] } },
{ "type": "Feature", "properties": { "id": "9935", "geo_fid": 9935, "geo_creati": 1530006283912, "geo_modifi": 1530006283912, "id_alpage": 9935, "id_num_sca": "ADO75CA_ANO520", "quartier": "Marais", "nom_entier": "Rue des Tournelles", "id_parc": "PA10886", "num_voies": "32", "geox": 602260, "geoy": 128309, "oid": 1142988, "arrondissement": "Paris 4e Arrondissement" }, "geometry": { "type": "MultiPoint", "coordinates": [ [ 2.367305650970307, 48.855230960464425 ] ] } },
{ "type": "Feature", "properties": { "id": "9938", "geo_fid": 9938, "geo_creati": 1530006283912, "geo_modifi": 1530006283912, "id_alpage": 9938, "id_num_sca": "ADO75CA_ANO520", "quartier": "Marais", "nom_entier": "Rue des Tournelles", "id_parc": "PA10888", "num_voies": "38", "geox": 602260, "geoy": 128340, "oid": 1142991, "arrondissement": "Paris 4e Arrondissement" }, "geometry": { "type": "MultiPoint", "coordinates": [ [ 2.367309907985649, 48.855509733752875 ] ] } },
{ "type": "Feature", "properties": { "id": "9961", "geo_fid": 9961, "geo_creati": 1530006283913, "geo_modifi": 1530006283913, "id_alpage": 9961, "id_num_sca": "ADO75CA_ANO520", "quartier": "Marais", "nom_entier": "Rue Jean Beau Sire", "id_parc": "PA10911", "num_voies": "1", "geox": 602317, "geoy": 128173, "oid": 1143014, "arrondissement": "Paris 4e Arrondissement" }, "geometry": { "type": "MultiPoint", "coordinates": [ [ 2.368085764110672, 48.854012238328842 ] ] } },
{ "type": "Feature", "properties": { "id": "9676", "geo_fid": 9676, "geo_creati": 1530006283897, "geo_modifi": 1530006283897, "id_alpage": 9676, "id_num_sca": "ADO75CA_ANO513", "quartier": "Marais", "nom_entier": "Rue Neuve Sainte Catherine", "id_parc": "PA10532", "num_voies": "2", "geox": 602031, "geoy": 128452, "oid": 1142729, "arrondissement": "Paris 4e Arrondissement" }, "geometry": { "type": "MultiPoint", "coordinates": [ [ 2.36417878466687, 48.856523096463754 ] ] } },
{ "type": "Feature", "properties": { "id": "9706", "geo_fid": 9706, "geo_creati": 1530006283897, "geo_modifi": 1530006283897, "id_alpage": 9706, "id_num_sca": "ADO75CA_ANO514", "quartier": "Marais", "nom_entier": "Rue de l' Egout", "id_parc": "PA10746", "num_voies": "15", "geox": 602001, "geoy": 128371, "oid": 1142759, "arrondissement": "Paris 4e Arrondissement" }, "geometry": { "type": "MultiPoint", "coordinates": [ [ 2.363769550506082, 48.855790285423772 ] ] } },
{ "type": "Feature", "properties": { "id": "9803", "geo_fid": 9803, "geo_creati": 1530006283909, "geo_modifi": 1530006283909, "id_alpage": 9803, "id_num_sca": "ADO75CA_ANO517", "quartier": "Marais", "nom_entier": "Rue Saint Antoine", "id_parc": "PA10820", "num_voies": "155", "geox": 602037, "geoy": 128195, "oid": 1142856, "arrondissement": "Paris 4e Arrondissement" }, "geometry": { "type": "MultiPoint", "coordinates": [ [ 2.36426338324742, 48.85420924889371 ] ] } },
{ "type": "Feature", "properties": { "id": "9805", "geo_fid": 9805, "geo_creati": 1530006283909, "geo_modifi": 1530006283909, "id_alpage": 9805, "id_num_sca": "ADO75CA_ANO517", "quartier": "Marais", "nom_entier": "Rue Saint Antoine", "id_parc": "PA10818", "num_voies": "151", "geox": 602029, "geoy": 128198, "oid": 1142858, "arrondissement": "Paris 4e Arrondissement" }, "geometry": { "type": "MultiPoint", "coordinates": [ [ 2.364151654632094, 48.854239850555707 ] ] } },
{ "type": "Feature", "properties": { "id": "9810", "geo_fid": 9810, "geo_creati": 1530006283910, "geo_modifi": 1530006283910, "id_alpage": 9810, "id_num_sca": "ADO75CA_ANO517", "quartier": "Marais", "nom_entier": "Rue Saint Antoine", "id_parc": "PA10825", "num_voies": "141", "geox": 601979, "geoy": 128223, "oid": 1142863, "arrondissement": "Paris 4e Arrondissement" }, "geometry": { "type": "MultiPoint", "coordinates": [ [ 2.363471759303898, 48.854458532039388 ] ] } },
{ "type": "Feature", "properties": { "id": "9812", "geo_fid": 9812, "geo_creati": 1530006283910, "geo_modifi": 1530006283910, "id_alpage": 9812, "id_num_sca": "ADO75CA_ANO517", "quartier": "Marais", "nom_entier": "Rue Saint Antoine", "id_parc": "PA10824", "num_voies": "137", "geox": 601971, "geoy": 128227, "oid": 1142865, "arrondissement": "Paris 4e Arrondissement" }, "geometry": { "type": "MultiPoint", "coordinates": [ [ 2.363360033895769, 48.854497226376267 ] ] } },
{ "type": "Feature", "properties": { "id": "9820", "geo_fid": 9820, "geo_creati": 1530006283910, "geo_modifi": 1530006283910, "id_alpage": 9820, "id_num_sca": "ADO75CA_ANO517", "quartier": "Marais", "nom_entier": null, "id_parc": "PA10798", "num_voies": "13", "geox": 602060, "geoy": 128358, "oid": 1142873, "arrondissement": "Paris 4e Arrondissement" }, "geometry": { "type": "MultiPoint", "coordinates": [ [ 2.364585797491518, 48.855674086611309 ] ] } },
{ "type": "Feature", "properties": { "id": "9827", "geo_fid": 9827, "geo_creati": 1530006283910, "geo_modifi": 1530006283910, "id_alpage": 9827, "id_num_sca": "ADO75CA_ANO517", "quartier": "Marais", "nom_entier": "Rue Royale", "id_parc": "PA10804", "num_voies": "11", "geox": 602095, "geoy": 128239, "oid": 1142880, "arrondissement": "Paris 4e Arrondissement" }, "geometry": { "type": "MultiPoint", "coordinates": [ [ 2.365049911668055, 48.854609236072939 ] ] } },
{ "type": "Feature", "properties": { "id": "9840", "geo_fid": 9840, "geo_creati": 1530006283910, "geo_modifi": 1530006283910, "id_alpage": 9840, "id_num_sca": "ADO75CA_ANO518", "quartier": "Marais", "nom_entier": "Rue Royale", "id_parc": "PA10868", "num_voies": "16", "geox": 602102, "geoy": 128230, "oid": 1142893, "arrondissement": "Paris 4e Arrondissement" }, "geometry": { "type": "MultiPoint", "coordinates": [ [ 2.365147983200265, 48.854525579809085 ] ] } },
{ "type": "Feature", "properties": { "id": "9843", "geo_fid": 9843, "geo_creati": 1530006283910, "geo_modifi": 1530006283910, "id_alpage": 9843, "id_num_sca": "ADO75CA_ANO518", "quartier": "Marais", "nom_entier": null, "id_parc": "PA10864", "num_voies": "4", "geox": 602156, "geoy": 128273, "oid": 1142896, "arrondissement": "Paris 4e Arrondissement" }, "geometry": { "type": "MultiPoint", "coordinates": [ [ 2.365892270746209, 48.854912981702597 ] ] } },
{ "type": "Feature", "properties": { "id": "9856", "geo_fid": 9856, "geo_creati": 1530006283911, "geo_modifi": 1530006283911, "id_alpage": 9856, "id_num_sca": "ADO75CA_ANO518", "quartier": "Marais", "nom_entier": "Rue du Pas de la Mûle", "id_parc": "PA10831", "num_voies": "7", "geox": 602251, "geoy": 128387, "oid": 1142909, "arrondissement": "Paris 4e Arrondissement" }, "geometry": { "type": "MultiPoint", "coordinates": [ [ 2.367180700017675, 48.855935123522009 ] ] } },
{ "type": "Feature", "properties": { "id": "9860", "geo_fid": 9860, "geo_creati": 1530006283911, "geo_modifi": 1530006283911, "id_alpage": 9860, "id_num_sca": "ADO75CA_ANO518", "quartier": "Marais", "nom_entier": "Rue des Tournelles", "id_parc": "PA10833", "num_voies": "27", "geox": 602256, "geoy": 128345, "oid": 1142913, "arrondissement": "Paris 4e Arrondissement" }, "geometry": { "type": "MultiPoint", "coordinates": [ [ 2.367251337702689, 48.855558309874858 ] ] } },
{ "type": "Feature", "properties": { "id": "9861", "geo_fid": 9861, "geo_creati": 1530006283911, "geo_modifi": 1530006283911, "id_alpage": 9861, "id_num_sca": "ADO75CA_ANO518", "quartier": "Marais", "nom_entier": "Rue des Tournelles", "id_parc": "PA10834", "num_voies": "25", "geox": 602255, "geoy": 128331, "oid": 1142914, "arrondissement": "Paris 4e Arrondissement" }, "geometry": { "type": "MultiPoint", "coordinates": [ [ 2.36723354498985, 48.855431517159424 ] ] } },
{ "type": "Feature", "properties": { "id": "9930", "geo_fid": 9930, "geo_creati": 1530006283912, "geo_modifi": 1530006283912, "id_alpage": 9930, "id_num_sca": "ADO75CA_ANO520", "quartier": "Marais", "nom_entier": "Rue des Tournelles", "id_parc": "PA10898", "num_voies": "22", "geox": 602259, "geoy": 128253, "oid": 1142983, "arrondissement": "Paris 4e Arrondissement" }, "geometry": { "type": "MultiPoint", "coordinates": [ [ 2.367291723028765, 48.854734565832558 ] ] } },
{ "type": "Feature", "properties": { "id": "9962", "geo_fid": 9962, "geo_creati": 1530006283913, "geo_modifi": 1530006283913, "id_alpage": 9962, "id_num_sca": "ADO75CA_ANO521", "quartier": "Marais", "nom_entier": "Rue du Pas de la Mule", "id_parc": "PA10490", "num_voies": "2", "geox": 602310, "geoy": 128378, "oid": 1143015, "arrondissement": "Paris 3e Arrondissement" }, "geometry": { "type": "MultiPoint", "coordinates": [ [ 2.367983334648527, 48.855853076339017 ] ] } },
{ "type": "Feature", "properties": { "id": "9963", "geo_fid": 9963, "geo_creati": 1530006283913, "geo_modifi": 1530006283913, "id_alpage": 9963, "id_num_sca": "ADO75CA_ANO521", "quartier": "Marais", "nom_entier": "Rue du Pas de la Mule", "id_parc": "PA10488", "num_voies": "4", "geox": 602293, "geoy": 128381, "oid": 1143016, "arrondissement": "Paris 3e Arrondissement" }, "geometry": { "type": "MultiPoint", "coordinates": [ [ 2.367759856797628, 48.855885510126711 ] ] } },
{ "type": "Feature", "properties": { "id": "9848", "geo_fid": 9848, "geo_creati": 1530006283910, "geo_modifi": 1530006283910, "id_alpage": 9848, "id_num_sca": "ADO75CA_ANO518", "quartier": "Marais", "nom_entier": null, "id_parc": "PA10836", "num_voies": "14", "geox": 602194, "geoy": 128329, "oid": 1142901, "arrondissement": "Paris 4e Arrondissement" }, "geometry": { "type": "MultiPoint", "coordinates": [ [ 2.366410416130763, 48.855414644361723 ] ] } },
{ "type": "Feature", "properties": { "id": "9849", "geo_fid": 9849, "geo_creati": 1530006283910, "geo_modifi": 1530006283910, "id_alpage": 9849, "id_num_sca": "ADO75CA_ANO518", "quartier": "Marais", "nom_entier": null, "id_parc": "PA10835", "num_voies": "16", "geox": 602199, "geoy": 128345, "oid": 1142902, "arrondissement": "Paris 4e Arrondissement" }, "geometry": { "type": "MultiPoint", "coordinates": [ [ 2.366469098677923, 48.855555815095471 ] ] } },
{ "type": "Feature", "properties": { "id": "9876", "geo_fid": 9876, "geo_creati": 1530006283911, "geo_modifi": 1530006283911, "id_alpage": 9876, "id_num_sca": "ADO75CA_ANO518", "quartier": "Marais", "nom_entier": "Rue Saint Antoine", "id_parc": "PA10847", "num_voies": "201", "geox": 602223, "geoy": 128127, "oid": 1142929, "arrondissement": "Paris 4e Arrondissement" }, "geometry": { "type": "MultiPoint", "coordinates": [ [ 2.366804543427588, 48.853601610033103 ] ] } },
{ "type": "Feature", "properties": { "id": "9915", "geo_fid": 9915, "geo_creati": 1530006283912, "geo_modifi": 1530006283912, "id_alpage": 9915, "id_num_sca": "ADO75CA_ANO520", "quartier": "Marais", "nom_entier": "Rue Jean Beau Sire", "id_parc": "PA10292", "num_voies": "215", "geox": 602307, "geoy": 128157, "oid": 1142968, "arrondissement": "Paris 4e Arrondissement" }, "geometry": { "type": "MultiPoint", "coordinates": [ [ 2.367943949076019, 48.853866594466169 ] ] } },
{ "type": "Feature", "properties": { "id": "9917", "geo_fid": 9917, "geo_creati": 1530006283912, "geo_modifi": 1530006283912, "id_alpage": 9917, "id_num_sca": "ADO75CA_ANO520", "quartier": "Marais", "nom_entier": "Rue Saint Antoine", "id_parc": "PA10908", "num_voies": "211", "geox": 602293, "geoy": 128159, "oid": 1142970, "arrondissement": "Paris 4e Arrondissement" }, "geometry": { "type": "MultiPoint", "coordinates": [ [ 2.367747726596621, 48.853885531810697 ] ] } },
{ "type": "Feature", "properties": { "id": "9921", "geo_fid": 9921, "geo_creati": 1530006283912, "geo_modifi": 1530006283912, "id_alpage": 9921, "id_num_sca": "ADO75CA_ANO520", "quartier": "Marais", "nom_entier": "Rue des Tournelles", "id_parc": "PA10909", "num_voies": "4", "geox": 602266, "geoy": 128177, "oid": 1142974, "arrondissement": "Paris 4e Arrondissement" }, "geometry": { "type": "MultiPoint", "coordinates": [ [ 2.367386698907426, 48.854046597492939 ] ] } },
{ "type": "Feature", "properties": { "id": "10000", "geo_fid": 10000, "geo_creati": 1530006283914, "geo_modifi": 1530006283914, "id_alpage": 10000, "id_num_sca": "ADO75CA_ANO523", "quartier": "Marais", "nom_entier": null, "id_parc": "PA10499", "num_voies": "28", "geox": 602162, "geoy": 128414, "oid": 1143053, "arrondissement": "Paris 3e Arrondissement" }, "geometry": { "type": "MultiPoint", "coordinates": [ [ 2.365972043774288, 48.856180036297928 ] ] } },
{ "type": "Feature", "properties": { "id": "10001", "geo_fid": 10001, "geo_creati": 1530006283924, "geo_modifi": 1530006283924, "id_alpage": 10001, "id_num_sca": "ADO75CA_ANO523", "quartier": "Marais", "nom_entier": null, "id_parc": "PA10498", "num_voies": "26", "geox": 602190, "geoy": 128407, "oid": 1143054, "arrondissement": "Paris 3e Arrondissement" }, "geometry": { "type": "MultiPoint", "coordinates": [ [ 2.36634541569226, 48.856119690436586 ] ] } },
{ "type": "Feature", "properties": { "id": "9675", "geo_fid": 9675, "geo_creati": 1530006283897, "geo_modifi": 1530006283897, "id_alpage": 9675, "id_num_sca": "ADO75CA_ANO513", "quartier": "Marais", "nom_entier": "Rue Neuve Sainte Catherine", "id_parc": "PA10533", "num_voies": "4", "geox": 602025, "geoy": 128455, "oid": 1142728, "arrondissement": "Paris 4e Arrondissement" }, "geometry": { "type": "MultiPoint", "coordinates": [ [ 2.364101117167984, 48.85654649585215 ] ] } },
{ "type": "Feature", "properties": { "id": "9752", "geo_fid": 9752, "geo_creati": 1530006283898, "geo_modifi": 1530006283898, "id_alpage": 9752, "id_num_sca": "ADO75CA_ANO515", "quartier": "Marais", "nom_entier": "Rue Jarente", "id_parc": "PA10286", "num_voies": "1", "geox": 601981, "geoy": 128340, "oid": 1142805, "arrondissement": "Paris 4e Arrondissement" }, "geometry": { "type": "MultiPoint", "coordinates": [ [ 2.363496848642309, 48.855517868998596 ] ] } },
{ "type": "Feature", "properties": { "id": "9755", "geo_fid": 9755, "geo_creati": 1530006283898, "geo_modifi": 1530006283898, "id_alpage": 9755, "id_num_sca": "ADO75CA_ANO515", "quartier": "Marais", "nom_entier": "Rue de l' Egout", "id_parc": "PA10754", "num_voies": "7", "geox": 601973, "geoy": 128316, "oid": 1142808, "arrondissement": "Paris 4e Arrondissement" }, "geometry": { "type": "MultiPoint", "coordinates": [ [ 2.363397251944968, 48.855302066527145 ] ] } },
{ "type": "Feature", "properties": { "id": "9773", "geo_fid": 9773, "geo_creati": 1530006283899, "geo_modifi": 1530006283899, "id_alpage": 9773, "id_num_sca": "ADO75CA_ANO516", "quartier": "Marais", "nom_entier": "Rue Saint Antoine", "id_parc": "PA10788", "num_voies": "127", "geox": 601935, "geoy": 128247, "oid": 1142826, "arrondissement": "Paris 4e Arrondissement" }, "geometry": { "type": "MultiPoint", "coordinates": [ [ 2.362873623527332, 48.854677191136211 ] ] } },
{ "type": "Feature", "properties": { "id": "9796", "geo_fid": 9796, "geo_creati": 1530006283899, "geo_modifi": 1530006283899, "id_alpage": 9796, "id_num_sca": "ADO75CA_ANO517", "quartier": "Marais", "nom_entier": "Rue Saint Antoine", "id_parc": "PA10810", "num_voies": "169", "geox": 602066, "geoy": 128180, "oid": 1142849, "arrondissement": "Paris 4e Arrondissement" }, "geometry": { "type": "MultiPoint", "coordinates": [ [ 2.364655781168714, 48.854076962268664 ] ] } },
{ "type": "Feature", "properties": { "id": "9797", "geo_fid": 9797, "geo_creati": 1530006283899, "geo_modifi": 1530006283899, "id_alpage": 9797, "id_num_sca": "ADO75CA_ANO517", "quartier": "Marais", "nom_entier": "Rue Saint Antoine", "id_parc": "PA10807", "num_voies": "171", "geox": 602071, "geoy": 128177, "oid": 1142850, "arrondissement": "Paris 4e Arrondissement" }, "geometry": { "type": "MultiPoint", "coordinates": [ [ 2.364726630840311, 48.854053564145651 ] ] } },
{ "type": "Feature", "properties": { "id": "9811", "geo_fid": 9811, "geo_creati": 1530006283910, "geo_modifi": 1530006283910, "id_alpage": 9811, "id_num_sca": "ADO75CA_ANO517", "quartier": "Marais", "nom_entier": "Rue Saint Antoine", "id_parc": "PA10826", "num_voies": "139", "geox": 601974, "geoy": 128225, "oid": 1142864, "arrondissement": "Paris 4e Arrondissement" }, "geometry": { "type": "MultiPoint", "coordinates": [ [ 2.363407723653087, 48.854484625637994 ] ] } },
{ "type": "Feature", "properties": { "id": "9816", "geo_fid": 9816, "geo_creati": 1530006283910, "geo_modifi": 1530006283910, "id_alpage": 9816, "id_num_sca": "ADO75CA_ANO517", "quartier": "Marais", "nom_entier": "Rue Saint Antoine", "id_parc": "PA10827", "num_voies": "129", "geox": 601947, "geoy": 128240, "oid": 1142869, "arrondissement": "Paris 4e Arrondissement" }, "geometry": { "type": "MultiPoint", "coordinates": [ [ 2.36303439826204, 48.854617802935898 ] ] } },
{ "type": "Feature", "properties": { "id": "9825", "geo_fid": 9825, "geo_creati": 1530006283910, "geo_modifi": 1530006283910, "id_alpage": 9825, "id_num_sca": "ADO75CA_ANO517", "quartier": "Marais", "nom_entier": null, "id_parc": "PA10802", "num_voies": "1", "geox": 602093, "geoy": 128290, "oid": 1142878, "arrondissement": "Paris 4e Arrondissement" }, "geometry": { "type": "MultiPoint", "coordinates": [ [ 2.365032452344583, 48.855067869184474 ] ] } },
{ "type": "Feature", "properties": { "id": "9833", "geo_fid": 9833, "geo_creati": 1530006283910, "geo_modifi": 1530006283910, "id_alpage": 9833, "id_num_sca": "ADO75CA_ANO518", "quartier": "Marais", "nom_entier": "Rue Royale", "id_parc": "PA10877", "num_voies": "2", "geox": 602087, "geoy": 128176, "oid": 1142886, "arrondissement": "Paris 4e Arrondissement" }, "geometry": { "type": "MultiPoint", "coordinates": [ [ 2.364950112465481, 48.854039121738246 ] ] } },
{ "type": "Feature", "properties": { "id": "9841", "geo_fid": 9841, "geo_creati": 1530006283910, "geo_modifi": 1530006283910, "id_alpage": 9841, "id_num_sca": "ADO75CA_ANO518", "quartier": "Marais", "nom_entier": "Rue Royale", "id_parc": "PA10866", "num_voies": "18", "geox": 602109, "geoy": 128256, "oid": 1142894, "arrondissement": "Paris 4e Arrondissement" }, "geometry": { "type": "MultiPoint", "coordinates": [ [ 2.365246234837543, 48.854762064343866 ] ] } },
{ "type": "Feature", "properties": { "id": "9853", "geo_fid": 9853, "geo_creati": 1530006283910, "geo_modifi": 1530006283910, "id_alpage": 9853, "id_num_sca": "ADO75CA_ANO518", "quartier": "Marais", "nom_entier": "Rue du Pas de la Mûle", "id_parc": "PA10828", "num_voies": "13", "geox": 602228, "geoy": 128393, "oid": 1142906, "arrondissement": "Paris 4e Arrondissement" }, "geometry": { "type": "MultiPoint", "coordinates": [ [ 2.366871377036897, 48.855987362051657 ] ] } },
{ "type": "Feature", "properties": { "id": "9855", "geo_fid": 9855, "geo_creati": 1530006283910, "geo_modifi": 1530006283910, "id_alpage": 9855, "id_num_sca": "ADO75CA_ANO518", "quartier": "Marais", "nom_entier": "Rue du Pas de la Mûle", "id_parc": "PA10830", "num_voies": "9", "geox": 602245, "geoy": 128388, "oid": 1142908, "arrondissement": "Paris 4e Arrondissement" }, "geometry": { "type": "MultiPoint", "coordinates": [ [ 2.367094852683386, 48.855949534369806 ] ] } },
{ "type": "Feature", "properties": { "id": "9871", "geo_fid": 9871, "geo_creati": 1530006283911, "geo_modifi": 1530006283911, "id_alpage": 9871, "id_num_sca": "ADO75CA_ANO518", "quartier": "Marais", "nom_entier": "Rue des Tournelles", "id_parc": "PA10846", "num_voies": "7", "geox": 602258, "geoy": 128184, "oid": 1142924, "arrondissement": "Paris 4e Arrondissement" }, "geometry": { "type": "MultiPoint", "coordinates": [ [ 2.367274995951589, 48.854115870912345 ] ] } },
{ "type": "Feature", "properties": { "id": "9884", "geo_fid": 9884, "geo_creati": 1530006283911, "geo_modifi": 1530006283911, "id_alpage": 9884, "id_num_sca": "ADO75CA_ANO518", "quartier": "Marais", "nom_entier": "Rue Saint Antoine", "id_parc": "PA10855", "num_voies": "185", "geox": 602151, "geoy": 128145, "oid": 1142937, "arrondissement": "Paris 4e Arrondissement" }, "geometry": { "type": "MultiPoint", "coordinates": [ [ 2.365815293953521, 48.853761932505648 ] ] } },
{ "type": "Feature", "properties": { "id": "9888", "geo_fid": 9888, "geo_creati": 1530006283911, "geo_modifi": 1530006283911, "id_alpage": 9888, "id_num_sca": "ADO75CA_ANO518", "quartier": "Marais", "nom_entier": "Impasse Guéménée", "id_parc": "PA10863", "num_voies": "8", "geox": 602153, "geoy": 128192, "oid": 1142941, "arrondissement": "Paris 4e Arrondissement" }, "geometry": { "type": "MultiPoint", "coordinates": [ [ 2.365849607709035, 48.854188178958083 ] ] } },
{ "type": "Feature", "properties": { "id": "9902", "geo_fid": 9902, "geo_creati": 1530006283911, "geo_modifi": 1530006283911, "id_alpage": 9902, "id_num_sca": "ADO75CA_ANO519", "quartier": "Marais", "nom_entier": "Rue Jean Beau Sire", "id_parc": "PA10919", "num_voies": "4", "geox": 602323, "geoy": 128182, "oid": 1142955, "arrondissement": "Paris 4e Arrondissement" }, "geometry": { "type": "MultiPoint", "coordinates": [ [ 2.368162130743969, 48.854097648527059 ] ] } },
{ "type": "Feature", "properties": { "id": "9942", "geo_fid": 9942, "geo_creati": 1530006283912, "geo_modifi": 1530006283912, "id_alpage": 9942, "id_num_sca": "ADO75CA_ANO520", "quartier": "Marais", "nom_entier": "Rue des Tournelles", "id_parc": "PA10883", "num_voies": "46", "geox": 602261, "geoy": 128361, "oid": 1142995, "arrondissement": "Paris 4e Arrondissement" }, "geometry": { "type": "MultiPoint", "coordinates": [ [ 2.367312752190307, 48.85570577436372 ] ] } },
{ "type": "Feature", "properties": { "id": "9943", "geo_fid": 9943, "geo_creati": 1530006283912, "geo_modifi": 1530006283912, "id_alpage": 9943, "id_num_sca": "ADO75CA_ANO520", "quartier": "Marais", "nom_entier": "Rue des Tournelles", "id_parc": "PA10881", "num_voies": "48", "geox": 602260, "geoy": 128369, "oid": 1142996, "arrondissement": "Paris 4e Arrondissement" }, "geometry": { "type": "MultiPoint", "coordinates": [ [ 2.36731143293965, 48.85577771649514 ] ] } },
{ "type": "Feature", "properties": { "id": "9956", "geo_fid": 9956, "geo_creati": 1530006283913, "geo_modifi": 1530006283913, "id_alpage": 9956, "id_num_sca": "ADO75CA_ANO520", "quartier": "Marais", "nom_entier": "Rue Jean Beau Sire", "id_parc": "PA10901", "num_voies": "11", "geox": 602316, "geoy": 128226, "oid": 1143009, "arrondissement": "Paris 4e Arrondissement" }, "geometry": { "type": "MultiPoint", "coordinates": [ [ 2.368072433533803, 48.854490654781053 ] ] } },
{ "type": "Feature", "properties": { "id": "9844", "geo_fid": 9844, "geo_creati": 1530006283910, "geo_modifi": 1530006283910, "id_alpage": 9844, "id_num_sca": "ADO75CA_ANO518", "quartier": "Marais", "nom_entier": null, "id_parc": "PA10840", "num_voies": "6", "geox": 602171, "geoy": 128269, "oid": 1142897, "arrondissement": "Paris 4e Arrondissement" }, "geometry": { "type": "MultiPoint", "coordinates": [ [ 2.366089850831777, 48.85487696103106 ] ] } },
{ "type": "Feature", "properties": { "id": "9850", "geo_fid": 9850, "geo_creati": 1530006283910, "geo_modifi": 1530006283910, "id_alpage": 9850, "id_num_sca": "ADO75CA_ANO518", "quartier": "Marais", "nom_entier": null, "id_parc": "PA10833", "num_voies": "18", "geox": 602203, "geoy": 128360, "oid": 1142903, "arrondissement": "Paris 4e Arrondissement" }, "geometry": { "type": "MultiPoint", "coordinates": [ [ 2.366525054924761, 48.855695187954659 ] ] } },
{ "type": "Feature", "properties": { "id": "9705", "geo_fid": 9705, "geo_creati": 1530006283897, "geo_modifi": 1530006283897, "id_alpage": 9705, "id_num_sca": "ADO75CA_ANO514", "quartier": "Marais", "nom_entier": "Rue de l' Egout", "id_parc": "PA10750", "num_voies": "17", "geox": 602010, "geoy": 128390, "oid": 1142758, "arrondissement": "Paris 4e Arrondissement" }, "geometry": { "type": "MultiPoint", "coordinates": [ [ 2.363901836617338, 48.855968310504068 ] ] } },
{ "type": "Feature", "properties": { "id": "9815", "geo_fid": 9815, "geo_creati": 1530006283910, "geo_modifi": 1530006283910, "id_alpage": 9815, "id_num_sca": "ADO75CA_ANO517", "quartier": "Marais", "nom_entier": "Rue Saint Antoine", "id_parc": "PA10822", "num_voies": "131", "geox": 601955, "geoy": 128236, "oid": 1142868, "arrondissement": "Paris 4e Arrondissement" }, "geometry": { "type": "MultiPoint", "coordinates": [ [ 2.363146126069948, 48.854582706006134 ] ] } },
{ "type": "Feature", "properties": { "id": "9824", "geo_fid": 9824, "geo_creati": 1530006283910, "geo_modifi": 1530006283910, "id_alpage": 9824, "id_num_sca": "ADO75CA_ANO517", "quartier": "Marais", "nom_entier": null, "id_parc": "PA10803", "num_voies": "3", "geox": 602071, "geoy": 128296, "oid": 1142877, "arrondissement": "Paris 4e Arrondissement" }, "geometry": { "type": "MultiPoint", "coordinates": [ [ 2.364731309625795, 48.855120999196338 ] ] } },
{ "type": "Feature", "properties": { "id": "9836", "geo_fid": 9836, "geo_creati": 1530006283910, "geo_modifi": 1530006283910, "id_alpage": 9836, "id_num_sca": "ADO75CA_ANO518", "quartier": "Marais", "nom_entier": "Rue Royale", "id_parc": "PA10872", "num_voies": "8", "geox": 602094, "geoy": 128200, "oid": 1142889, "arrondissement": "Paris 4e Arrondissement" }, "geometry": { "type": "MultiPoint", "coordinates": [ [ 2.365040173638692, 48.85425402590193 ] ] } },
{ "type": "Feature", "properties": { "id": "9838", "geo_fid": 9838, "geo_creati": 1530006283910, "geo_modifi": 1530006283910, "id_alpage": 9838, "id_num_sca": "ADO75CA_ANO518", "quartier": "Marais", "nom_entier": "Rue Royale", "id_parc": "PA10870", "num_voies": "12", "geox": 602097, "geoy": 128212, "oid": 1142891, "arrondissement": "Paris 4e Arrondissement" }, "geometry": { "type": "MultiPoint", "coordinates": [ [ 2.365082479268771, 48.854361928258612 ] ] } },
{ "type": "Feature", "properties": { "id": "9854", "geo_fid": 9854, "geo_creati": 1530006283910, "geo_modifi": 1530006283910, "id_alpage": 9854, "id_num_sca": "ADO75CA_ANO518", "quartier": "Marais", "nom_entier": "Rue du Pas de la Mûle", "id_parc": "PA10829", "num_voies": "11", "geox": 602236, "geoy": 128391, "oid": 1142907, "arrondissement": "Paris 4e Arrondissement" }, "geometry": { "type": "MultiPoint", "coordinates": [ [ 2.366979027596346, 48.855970247875199 ] ] } },
{ "type": "Feature", "properties": { "id": "9863", "geo_fid": 9863, "geo_creati": 1530006283911, "geo_modifi": 1530006283911, "id_alpage": 9863, "id_num_sca": "ADO75CA_ANO518", "quartier": "Marais", "nom_entier": "Rue des Tournelles", "id_parc": "PA10839", "num_voies": "21", "geox": 602254, "geoy": 128289, "oid": 1142916, "arrondissement": "Paris 4e Arrondissement" }, "geometry": { "type": "MultiPoint", "coordinates": [ [ 2.367223778176999, 48.855054724637377 ] ] } },
{ "type": "Feature", "properties": { "id": "9872", "geo_fid": 9872, "geo_creati": 1530006283911, "geo_modifi": 1530006283911, "id_alpage": 9872, "id_num_sca": "ADO75CA_ANO518", "quartier": "Marais", "nom_entier": "Rue des Tournelles", "id_parc": "PA10848", "num_voies": "5", "geox": 602258, "geoy": 128179, "oid": 1142925, "arrondissement": "Paris 4e Arrondissement" }, "geometry": { "type": "MultiPoint", "coordinates": [ [ 2.367280415395062, 48.854063711694302 ] ] } },
{ "type": "Feature", "properties": { "id": "9882", "geo_fid": 9882, "geo_creati": 1530006283911, "geo_modifi": 1530006283911, "id_alpage": 9882, "id_num_sca": "ADO75CA_ANO518", "quartier": "Marais", "nom_entier": "Rue Saint Antoine", "id_parc": "PA10858", "num_voies": "189", "geox": 602172, "geoy": 128138, "oid": 1142935, "arrondissement": "Paris 4e Arrondissement" }, "geometry": { "type": "MultiPoint", "coordinates": [ [ 2.36609734380845, 48.853699811741478 ] ] } },
{ "type": "Feature", "properties": { "id": "9890", "geo_fid": 9890, "geo_creati": 1530006283911, "geo_modifi": 1530006283911, "id_alpage": 9890, "id_num_sca": "ADO75CA_ANO518", "quartier": "Marais", "nom_entier": "Impasse Guéménée", "id_parc": "PA10869", "num_voies": "7", "geox": 602149, "geoy": 128203, "oid": 1142943, "arrondissement": "Paris 4e Arrondissement" }, "geometry": { "type": "MultiPoint", "coordinates": [ [ 2.365795153185106, 48.854284414729818 ] ] } },
{ "type": "Feature", "properties": { "id": "9892", "geo_fid": 9892, "geo_creati": 1530006283911, "geo_modifi": 1530006283911, "id_alpage": 9892, "id_num_sca": "ADO75CA_ANO518", "quartier": "Marais", "nom_entier": "Impasse Guéménée", "id_parc": "PA10880", "num_voies": "3", "geox": 602145, "geoy": 128178, "oid": 1142945, "arrondissement": "Paris 4e Arrondissement" }, "geometry": { "type": "MultiPoint", "coordinates": [ [ 2.365736425060108, 48.854057812800903 ] ] } },
{ "type": "Feature", "properties": { "id": "9895", "geo_fid": 9895, "geo_creati": 1530006283911, "geo_modifi": 1530006283911, "id_alpage": 9895, "id_num_sca": "ADO75CA_ANO518", "quartier": "Marais", "nom_entier": "Rue Saint Antoine", "id_parc": "PA10879", "num_voies": "179", "geox": 602120, "geoy": 128156, "oid": 1142948, "arrondissement": "Paris 4e Arrondissement" }, "geometry": { "type": "MultiPoint", "coordinates": [ [ 2.365398354494652, 48.853862754645711 ] ] } },
{ "type": "Feature", "properties": { "id": "9908", "geo_fid": 9908, "geo_creati": 1530006283912, "geo_modifi": 1530006283912, "id_alpage": 9908, "id_num_sca": "ADO75CA_ANO519", "quartier": "Marais", "nom_entier": "Boulevard Beaumarchais", "id_parc": "PA10920", "num_voies": "11", "geox": 602354, "geoy": 128231, "oid": 1142961, "arrondissement": "Paris 4e Arrondissement" }, "geometry": { "type": "MultiPoint", "coordinates": [ [ 2.368583495671376, 48.854537277716467 ] ] } },
{ "type": "Feature", "properties": { "id": "9920", "geo_fid": 9920, "geo_creati": 1530006283912, "geo_modifi": 1530006283912, "id_alpage": 9920, "id_num_sca": "ADO75CA_ANO520", "quartier": "Marais", "nom_entier": "Rue des Tournelles", "id_parc": "PA10910", "num_voies": "2", "geox": 602267, "geoy": 128172, "oid": 1142973, "arrondissement": "Paris 4e Arrondissement" }, "geometry": { "type": "MultiPoint", "coordinates": [ [ 2.367394851346147, 48.854007027359209 ] ] } },
{ "type": "Feature", "properties": { "id": "9928", "geo_fid": 9928, "geo_creati": 1530006283912, "geo_modifi": 1530006283912, "id_alpage": 9928, "id_num_sca": "ADO75CA_ANO520", "quartier": "Marais", "nom_entier": "Rue des Tournelles", "id_parc": "PA10900", "num_voies": "18", "geox": 602259, "geoy": 128236, "oid": 1142981, "arrondissement": "Paris 4e Arrondissement" }, "geometry": { "type": "MultiPoint", "coordinates": [ [ 2.367290263469937, 48.854574495751507 ] ] } },
{ "type": "Feature", "properties": { "id": "9932", "geo_fid": 9932, "geo_creati": 1530006283912, "geo_modifi": 1530006283912, "id_alpage": 9932, "id_num_sca": "ADO75CA_ANO520", "quartier": "Marais", "nom_entier": "Rue des Tournelles", "id_parc": "PA10889", "num_voies": "26", "geox": 602260, "geoy": 128282, "oid": 1142985, "arrondissement": "Paris 4e Arrondissement" }, "geometry": { "type": "MultiPoint", "coordinates": [ [ 2.367300052995939, 48.854988158421961 ] ] } },
{ "type": "Feature", "properties": { "id": "9936", "geo_fid": 9936, "geo_creati": 1530006283912, "geo_modifi": 1530006283912, "id_alpage": 9936, "id_num_sca": "ADO75CA_ANO520", "quartier": "Marais", "nom_entier": "Rue des Tournelles", "id_parc": "PA10885", "num_voies": "34", "geox": 602260, "geoy": 128327, "oid": 1142989, "arrondissement": "Paris 4e Arrondissement" }, "geometry": { "type": "MultiPoint", "coordinates": [ [ 2.367308478817801, 48.855400022909805 ] ] } },
{ "type": "Feature", "properties": { "id": "9998", "geo_fid": 9998, "geo_creati": 1530006283914, "geo_modifi": 1530006283914, "id_alpage": 9998, "id_num_sca": "ADO75CA_ANO522", "quartier": "Marais", "nom_entier": null, "id_parc": "PA10294", "num_voies": "21", "geox": 602082, "geoy": 128433, "oid": 1143051, "arrondissement": "Paris 3e Arrondissement" }, "geometry": { "type": "MultiPoint", "coordinates": [ [ 2.364884624399256, 48.856351166644416 ] ] } },
{ "type": "Feature", "properties": { "id": "10003", "geo_fid": 10003, "geo_creati": 1530006283924, "geo_modifi": 1530006283924, "id_alpage": 10003, "id_num_sca": "ADO75CA_ANO523", "quartier": "Marais", "nom_entier": "Rue du Pas de la Mûle", "id_parc": "PA10496", "num_voies": "6", "geox": 602238, "geoy": 128396, "oid": 1143056, "arrondissement": "Paris 3e Arrondissement" }, "geometry": { "type": "MultiPoint", "coordinates": [ [ 2.367000859772926, 48.856016105071028 ] ] } },
{ "type": "Feature", "properties": { "id": "9960", "geo_fid": 9960, "geo_creati": 1530006283913, "geo_modifi": 1530006283913, "id_alpage": 9960, "id_num_sca": "ADO75CA_ANO520", "quartier": "Marais", "nom_entier": "Rue Jean Beau Sire", "id_parc": "PA10914", "num_voies": "3", "geox": 602317, "geoy": 128180, "oid": 1143013, "arrondissement": "Paris 4e Arrondissement" }, "geometry": { "type": "MultiPoint", "coordinates": [ [ 2.368081714957076, 48.854075188482177 ] ] } },
{ "type": "Feature", "properties": { "id": "9846", "geo_fid": 9846, "geo_creati": 1530006283910, "geo_modifi": 1530006283910, "id_alpage": 9846, "id_num_sca": "ADO75CA_ANO518", "quartier": "Marais", "nom_entier": null, "id_parc": "PA10837", "num_voies": "10", "geox": 602183, "geoy": 128287, "oid": 1142899, "arrondissement": "Paris 4e Arrondissement" }, "geometry": { "type": "MultiPoint", "coordinates": [ [ 2.366260290904983, 48.855038786823876 ] ] } },
{ "type": "Feature", "properties": { "id": "9847", "geo_fid": 9847, "geo_creati": 1530006283910, "geo_modifi": 1530006283910, "id_alpage": 9847, "id_num_sca": "ADO75CA_ANO518", "quartier": "Marais", "nom_entier": null, "id_parc": "PA10839", "num_voies": "12", "geox": 602188, "geoy": 128307, "oid": 1142900, "arrondissement": "Paris 4e Arrondissement" }, "geometry": { "type": "MultiPoint", "coordinates": [ [ 2.366324444200394, 48.855215027858335 ] ] } },
{ "type": "Feature", "properties": { "id": "9703", "geo_fid": 9703, "geo_creati": 1530006283897, "geo_modifi": 1530006283897, "id_alpage": 9703, "id_num_sca": "ADO75CA_ANO514", "quartier": "Marais", "nom_entier": "Rue de l' Egout", "id_parc": "PA10721", "num_voies": "21", "geox": 602024, "geoy": 128425, "oid": 1142756, "arrondissement": "Paris 4e Arrondissement" }, "geometry": { "type": "MultiPoint", "coordinates": [ [ 2.36408870998691, 48.85628391126199 ] ] } },
{ "type": "Feature", "properties": { "id": "9771", "geo_fid": 9771, "geo_creati": 1530006283899, "geo_modifi": 1530006283899, "id_alpage": 9771, "id_num_sca": "ADO75CA_ANO516", "quartier": "Marais", "nom_entier": "Rue d' Ormesson", "id_parc": "PA10789", "num_voies": "3", "geox": 601953, "geoy": 128293, "oid": 1142824, "arrondissement": "Paris 4e Arrondissement" }, "geometry": { "type": "MultiPoint", "coordinates": [ [ 2.363125950362008, 48.855092597957572 ] ] } },
{ "type": "Feature", "properties": { "id": "9772", "geo_fid": 9772, "geo_creati": 1530006283899, "geo_modifi": 1530006283899, "id_alpage": 9772, "id_num_sca": "ADO75CA_ANO516", "quartier": "Marais", "nom_entier": "Rue d' Ormesson", "id_parc": "PA10789", "num_voies": "1", "geox": 601959, "geoy": 128291, "oid": 1142825, "arrondissement": "Paris 4e Arrondissement" }, "geometry": { "type": "MultiPoint", "coordinates": [ [ 2.363207705297523, 48.855070996847125 ] ] } },
{ "type": "Feature", "properties": { "id": "9804", "geo_fid": 9804, "geo_creati": 1530006283909, "geo_modifi": 1530006283909, "id_alpage": 9804, "id_num_sca": "ADO75CA_ANO517", "quartier": "Marais", "nom_entier": "Rue Saint Antoine", "id_parc": "PA10817", "num_voies": "153", "geox": 602033, "geoy": 128196, "oid": 1142857, "arrondissement": "Paris 4e Arrondissement" }, "geometry": { "type": "MultiPoint", "coordinates": [ [ 2.36421433171286, 48.854222749583563 ] ] } },
{ "type": "Feature", "properties": { "id": "9806", "geo_fid": 9806, "geo_creati": 1530006283909, "geo_modifi": 1530006283909, "id_alpage": 9806, "id_num_sca": "ADO75CA_ANO517", "quartier": "Marais", "nom_entier": "Rue Saint Antoine", "id_parc": "PA10816", "num_voies": "149", "geox": 602025, "geoy": 128201, "oid": 1142859, "arrondissement": "Paris 4e Arrondissement" }, "geometry": { "type": "MultiPoint", "coordinates": [ [ 2.36409579318905, 48.854260546978551 ] ] } },
{ "type": "Feature", "properties": { "id": "9808", "geo_fid": 9808, "geo_creati": 1530006283910, "geo_modifi": 1530006283910, "id_alpage": 9808, "id_num_sca": "ADO75CA_ANO517", "quartier": "Marais", "nom_entier": "Rue Saint Antoine", "id_parc": "PA10815", "num_voies": "145", "geox": 602015, "geoy": 128205, "oid": 1142861, "arrondissement": "Paris 4e Arrondissement" }, "geometry": { "type": "MultiPoint", "coordinates": [ [ 2.363963628451186, 48.854301045259312 ] ] } },
{ "type": "Feature", "properties": { "id": "9809", "geo_fid": 9809, "geo_creati": 1530006283910, "geo_modifi": 1530006283910, "id_alpage": 9809, "id_num_sca": "ADO75CA_ANO517", "quartier": "Marais", "nom_entier": "Rue Saint Antoine", "id_parc": "PA10289", "num_voies": "143", "geox": 601997, "geoy": 128213, "oid": 1142862, "arrondissement": "Paris 4e Arrondissement" }, "geometry": { "type": "MultiPoint", "coordinates": [ [ 2.363721099466394, 48.854376640671013 ] ] } },
{ "type": "Feature", "properties": { "id": "9828", "geo_fid": 9828, "geo_creati": 1530006283910, "geo_modifi": 1530006283910, "id_alpage": 9828, "id_num_sca": "ADO75CA_ANO517", "quartier": "Marais", "nom_entier": "Rue Royale", "id_parc": "PA10805", "num_voies": "9", "geox": 602092, "geoy": 128232, "oid": 1142881, "arrondissement": "Paris 4e Arrondissement" }, "geometry": { "type": "MultiPoint", "coordinates": [ [ 2.365017168803266, 48.85454359717265 ] ] } },
{ "type": "Feature", "properties": { "id": "9829", "geo_fid": 9829, "geo_creati": 1530006283910, "geo_modifi": 1530006283910, "id_alpage": 9829, "id_num_sca": "ADO75CA_ANO517", "quartier": "Marais", "nom_entier": "Rue Royale", "id_parc": "PA10806", "num_voies": "7", "geox": 602091, "geoy": 128225, "oid": 1142882, "arrondissement": "Paris 4e Arrondissement" }, "geometry": { "type": "MultiPoint", "coordinates": [ [ 2.364995328554367, 48.854478854883979 ] ] } },
{ "type": "Feature", "properties": { "id": "9835", "geo_fid": 9835, "geo_creati": 1530006283910, "geo_modifi": 1530006283910, "id_alpage": 9835, "id_num_sca": "ADO75CA_ANO518", "quartier": "Marais", "nom_entier": "Rue Royale", "id_parc": "PA10874", "num_voies": "6", "geox": 602092, "geoy": 128193, "oid": 1142888, "arrondissement": "Paris 4e Arrondissement" }, "geometry": { "type": "MultiPoint", "coordinates": [ [ 2.365019700254431, 48.854196477463368 ] ] } },
{ "type": "Feature", "properties": { "id": "9857", "geo_fid": 9857, "geo_creati": 1530006283911, "geo_modifi": 1530006283911, "id_alpage": 9857, "id_num_sca": "ADO75CA_ANO518", "quartier": "Marais", "nom_entier": "Rue des Tournelles", "id_parc": "PA10831", "num_voies": "33", "geox": 602257, "geoy": 128379, "oid": 1142910, "arrondissement": "Paris 4e Arrondissement" }, "geometry": { "type": "MultiPoint", "coordinates": [ [ 2.367258335776898, 48.85586316134281 ] ] } },
{ "type": "Feature", "properties": { "id": "9858", "geo_fid": 9858, "geo_creati": 1530006283911, "geo_modifi": 1530006283911, "id_alpage": 9858, "id_num_sca": "ADO75CA_ANO518", "quartier": "Marais", "nom_entier": "Rue des Tournelles", "id_parc": "PA10828", "num_voies": "31", "geox": 602256, "geoy": 128371, "oid": 1142911, "arrondissement": "Paris 4e Arrondissement" }, "geometry": { "type": "MultiPoint", "coordinates": [ [ 2.36725693061435, 48.855793018473094 ] ] } },
{ "type": "Feature", "properties": { "id": "9866", "geo_fid": 9866, "geo_creati": 1530006283911, "geo_modifi": 1530006283911, "id_alpage": 9866, "id_num_sca": "ADO75CA_ANO518", "quartier": "Marais", "nom_entier": "Rue des Tournelles", "id_parc": "PA10841", "num_voies": "15bis", "geox": 602253, "geoy": 128239, "oid": 1142919, "arrondissement": "Paris 4e Arrondissement" }, "geometry": { "type": "MultiPoint", "coordinates": [ [ 2.367208518717127, 48.854608689594663 ] ] } },
{ "type": "Feature", "properties": { "id": "9881", "geo_fid": 9881, "geo_creati": 1530006283911, "geo_modifi": 1530006283911, "id_alpage": 9881, "id_num_sca": "ADO75CA_ANO518", "quartier": "Marais", "nom_entier": "Rue Saint Antoine", "id_parc": "PA10857", "num_voies": "191", "geox": 602178, "geoy": 128136, "oid": 1142934, "arrondissement": "Paris 4e Arrondissement" }, "geometry": { "type": "MultiPoint", "coordinates": [ [ 2.366189997538662, 48.853679105011018 ] ] } },
{ "type": "Feature", "properties": { "id": "9886", "geo_fid": 9886, "geo_creati": 1530006283911, "geo_modifi": 1530006283911, "id_alpage": 9886, "id_num_sca": "ADO75CA_ANO518", "quartier": "Marais", "nom_entier": "Impasse Guéménée", "id_parc": "PA10290", "num_voies": "4", "geox": 602150, "geoy": 128175, "oid": 1142939, "arrondissement": "Paris 4e Arrondissement" }, "geometry": { "type": "MultiPoint", "coordinates": [ [ 2.365807274195898, 48.854034414007373 ] ] } },
{ "type": "Feature", "properties": { "id": "9889", "geo_fid": 9889, "geo_creati": 1530006283911, "geo_modifi": 1530006283911, "id_alpage": 9889, "id_num_sca": "ADO75CA_ANO518", "quartier": "Marais", "nom_entier": "Impasse Guéménée", "id_parc": "PA10868", "num_voies": "9", "geox": 602153, "geoy": 128218, "oid": 1142942, "arrondissement": "Paris 4e Arrondissement" }, "geometry": { "type": "MultiPoint", "coordinates": [ [ 2.36584156219031, 48.854415696857785 ] ] } },
{ "type": "Feature", "properties": { "id": "9907", "geo_fid": 9907, "geo_creati": 1530006283912, "geo_modifi": 1530006283912, "id_alpage": 9907, "id_num_sca": "ADO75CA_ANO519", "quartier": "Marais", "nom_entier": "Boulevard Beaumarchais", "id_parc": "PA10921", "num_voies": "13", "geox": 602349, "geoy": 128247, "oid": 1142960, "arrondissement": "Paris 4e Arrondissement" }, "geometry": { "type": "MultiPoint", "coordinates": [ [ 2.368512719563137, 48.854675785065233 ] ] } },
{ "type": "Feature", "properties": { "id": "9924", "geo_fid": 9924, "geo_creati": 1530006283912, "geo_modifi": 1530006283912, "id_alpage": 9924, "id_num_sca": "ADO75CA_ANO520", "quartier": "Marais", "nom_entier": "Rue des Tournelles", "id_parc": "PA10907", "num_voies": "10", "geox": 602264, "geoy": 128198, "oid": 1142977, "arrondissement": "Paris 4e Arrondissement" }, "geometry": { "type": "MultiPoint", "coordinates": [ [ 2.36736500952527, 48.854235450397091 ] ] } },
{ "type": "Feature", "properties": { "id": "9944", "geo_fid": 9944, "geo_creati": 1530006283912, "geo_modifi": 1530006283912, "id_alpage": 9944, "id_num_sca": "ADO75CA_ANO520", "quartier": "Marais", "nom_entier": "Rue du Pas de la Mule", "id_parc": "PA10881", "num_voies": "5", "geox": 602269, "geoy": 128381, "oid": 1142997, "arrondissement": "Paris 4e Arrondissement" }, "geometry": { "type": "MultiPoint", "coordinates": [ [ 2.367420520508674, 48.855883801828746 ] ] } },
{ "type": "Feature", "properties": { "id": "9951", "geo_fid": 9951, "geo_creati": 1530006283913, "geo_modifi": 1530006283913, "id_alpage": 9951, "id_num_sca": "ADO75CA_ANO520", "quartier": "Marais", "nom_entier": "Impasse Jean Beau Sire", "id_parc": "PA10889", "num_voies": "21", "geox": 602316, "geoy": 128281, "oid": 1143004, "arrondissement": "Paris 4e Arrondissement" }, "geometry": { "type": "MultiPoint", "coordinates": [ [ 2.368061836042779, 48.85498166031023 ] ] } },
{ "type": "Feature", "properties": { "id": "9807", "geo_fid": 9807, "geo_creati": 1530006283910, "geo_modifi": 1530006283910, "id_alpage": 9807, "id_num_sca": "ADO75CA_ANO517", "quartier": "Marais", "nom_entier": "Rue Saint Antoine", "id_parc": "PA10814", "num_voies": "147", "geox": 602020, "geoy": 128202, "oid": 1142860, "arrondissement": "Paris 4e Arrondissement" }, "geometry": { "type": "MultiPoint", "coordinates": [ [ 2.364038565556517, 48.854274948789197 ] ] } },
{ "type": "Feature", "properties": { "id": "9818", "geo_fid": 9818, "geo_creati": 1530006283910, "geo_modifi": 1530006283910, "id_alpage": 9818, "id_num_sca": "ADO75CA_ANO517", "quartier": "Marais", "nom_entier": null, "id_parc": "PA10797", "num_voies": "17", "geox": 602070, "geoy": 128396, "oid": 1142871, "arrondissement": "Paris 4e Arrondissement" }, "geometry": { "type": "MultiPoint", "coordinates": [ [ 2.364716813929885, 48.856015778608466 ] ] } },
{ "type": "Feature", "properties": { "id": "9831", "geo_fid": 9831, "geo_creati": 1530006283910, "geo_modifi": 1530006283910, "id_alpage": 9831, "id_num_sca": "ADO75CA_ANO517", "quartier": "Marais", "nom_entier": "Rue Royale", "id_parc": "PA10808", "num_voies": "3", "geox": 602084, "geoy": 128199, "oid": 1142884, "arrondissement": "Paris 4e Arrondissement" }, "geometry": { "type": "MultiPoint", "coordinates": [ [ 2.364909346897675, 48.854248662066311 ] ] } },
{ "type": "Feature", "properties": { "id": "9875", "geo_fid": 9875, "geo_creati": 1530006283911, "geo_modifi": 1530006283911, "id_alpage": 9875, "id_num_sca": "ADO75CA_ANO518", "quartier": "Marais", "nom_entier": "Rue Saint Antoine", "id_parc": "PA10847", "num_voies": "203", "geox": 602240, "geoy": 128135, "oid": 1142928, "arrondissement": "Paris 4e Arrondissement" }, "geometry": { "type": "MultiPoint", "coordinates": [ [ 2.367023986512328, 48.85367439402129 ] ] } },
{ "type": "Feature", "properties": { "id": "9877", "geo_fid": 9877, "geo_creati": 1530006283911, "geo_modifi": 1530006283911, "id_alpage": 9877, "id_num_sca": "ADO75CA_ANO518", "quartier": "Marais", "nom_entier": "Rue Saint Antoine", "id_parc": "PA10851", "num_voies": "199", "geox": 602204, "geoy": 128127, "oid": 1142930, "arrondissement": "Paris 4e Arrondissement" }, "geometry": { "type": "MultiPoint", "coordinates": [ [ 2.366545622727075, 48.853598079732272 ] ] } },
{ "type": "Feature", "properties": { "id": "9880", "geo_fid": 9880, "geo_creati": 1530006283911, "geo_modifi": 1530006283911, "id_alpage": 9880, "id_num_sca": "ADO75CA_ANO518", "quartier": "Marais", "nom_entier": "Rue Saint Antoine", "id_parc": "PA10853", "num_voies": "193", "geox": 602186, "geoy": 128133, "oid": 1142933, "arrondissement": "Paris 4e Arrondissement" }, "geometry": { "type": "MultiPoint", "coordinates": [ [ 2.366294912615211, 48.853652999450503 ] ] } },
{ "type": "Feature", "properties": { "id": "9893", "geo_fid": 9893, "geo_creati": 1530006283911, "geo_modifi": 1530006283911, "id_alpage": 9893, "id_num_sca": "ADO75CA_ANO518", "quartier": "Marais", "nom_entier": "Impasse Guéménée", "id_parc": "PA10878", "num_voies": "1", "geox": 602143, "geoy": 128167, "oid": 1142946, "arrondissement": "Paris 4e Arrondissement" }, "geometry": { "type": "MultiPoint", "coordinates": [ [ 2.365709114065002, 48.853959798941773 ] ] } },
{ "type": "Feature", "properties": { "id": "9899", "geo_fid": 9899, "geo_creati": 1530006283911, "geo_modifi": 1530006283911, "id_alpage": 9899, "id_num_sca": "ADO75CA_ANO519", "quartier": "Marais", "nom_entier": "Rue Jean Beau Sire", "id_parc": "PA10916", "num_voies": "219", "geox": 602330, "geoy": 128154, "oid": 1142952, "arrondissement": "Paris 4e Arrondissement" }, "geometry": { "type": "MultiPoint", "coordinates": [ [ 2.36825872663965, 48.853843128259385 ] ] } },
{ "type": "Feature", "properties": { "id": "9901", "geo_fid": 9901, "geo_creati": 1530006283911, "geo_modifi": 1530006283911, "id_alpage": 9901, "id_num_sca": "ADO75CA_ANO519", "quartier": "Marais", "nom_entier": "Rue Jean Beau Sire", "id_parc": "PA10916", "num_voies": "2", "geox": 602323, "geoy": 128172, "oid": 1142954, "arrondissement": "Paris 4e Arrondissement" }, "geometry": { "type": "MultiPoint", "coordinates": [ [ 2.368160711486753, 48.854006822412288 ] ] } },
{ "type": "Feature", "properties": { "id": "9903", "geo_fid": 9903, "geo_creati": 1530006283912, "geo_modifi": 1530006283912, "id_alpage": 9903, "id_num_sca": "ADO75CA_ANO519", "quartier": "Marais", "nom_entier": "Rue Jean Beau Sire", "id_parc": "PA10922", "num_voies": "6", "geox": 602323, "geoy": 128196, "oid": 1142956, "arrondissement": "Paris 4e Arrondissement" }, "geometry": { "type": "MultiPoint", "coordinates": [ [ 2.368159478555834, 48.854215453913412 ] ] } },
{ "type": "Feature", "properties": { "id": "9904", "geo_fid": 9904, "geo_creati": 1530006283912, "geo_modifi": 1530006283912, "id_alpage": 9904, "id_num_sca": "ADO75CA_ANO519", "quartier": "Marais", "nom_entier": "Rue Jean Beau Sire", "id_parc": "PA10291", "num_voies": "8", "geox": 602323, "geoy": 128216, "oid": 1142957, "arrondissement": "Paris 4e Arrondissement" }, "geometry": { "type": "MultiPoint", "coordinates": [ [ 2.368159591580536, 48.854397106882416 ] ] } },
{ "type": "Feature", "properties": { "id": "9906", "geo_fid": 9906, "geo_creati": 1530006283912, "geo_modifi": 1530006283912, "id_alpage": 9906, "id_num_sca": "ADO75CA_ANO519", "quartier": "Marais", "nom_entier": "Rue Jean Beau Sire", "id_parc": "PA10921", "num_voies": "12", "geox": 602322, "geoy": 128243, "oid": 1142959, "arrondissement": "Paris 4e Arrondissement" }, "geometry": { "type": "MultiPoint", "coordinates": [ [ 2.368152932221864, 48.854645307835625 ] ] } },
{ "type": "Feature", "properties": { "id": "9910", "geo_fid": 9910, "geo_creati": 1530006283912, "geo_modifi": 1530006283912, "id_alpage": 9910, "id_num_sca": "ADO75CA_ANO519", "quartier": "Marais", "nom_entier": "Boulevard Beaumarchais", "id_parc": "PA10922", "num_voies": "7", "geox": 602358, "geoy": 128198, "oid": 1142963, "arrondissement": "Paris 4e Arrondissement" }, "geometry": { "type": "MultiPoint", "coordinates": [ [ 2.368636451079277, 48.854233309129242 ] ] } },
{ "type": "Feature", "properties": { "id": "9922", "geo_fid": 9922, "geo_creati": 1530006283912, "geo_modifi": 1530006283912, "id_alpage": 9922, "id_num_sca": "ADO75CA_ANO520", "quartier": "Marais", "nom_entier": "Rue des Tournelles", "id_parc": "PA10915", "num_voies": "6", "geox": 602265, "geoy": 128185, "oid": 1142975, "arrondissement": "Paris 4e Arrondissement" }, "geometry": { "type": "MultiPoint", "coordinates": [ [ 2.367375842784538, 48.85412213923081 ] ] } },
{ "type": "Feature", "properties": { "id": "9923", "geo_fid": 9923, "geo_creati": 1530006283912, "geo_modifi": 1530006283912, "id_alpage": 9923, "id_num_sca": "ADO75CA_ANO520", "quartier": "Marais", "nom_entier": "Rue des Tournelles", "id_parc": "PA10906", "num_voies": "8", "geox": 602265, "geoy": 128193, "oid": 1142976, "arrondissement": "Paris 4e Arrondissement" }, "geometry": { "type": "MultiPoint", "coordinates": [ [ 2.367369072139591, 48.854193183527862 ] ] } },
{ "type": "Feature", "properties": { "id": "9947", "geo_fid": 9947, "geo_creati": 1530006283913, "geo_modifi": 1530006283913, "id_alpage": 9947, "id_num_sca": "ADO75CA_ANO520", "quartier": "Marais", "nom_entier": "Boulevard Beaumarchais", "id_parc": "PA10888", "num_voies": "21", "geox": 602337, "geoy": 128334, "oid": 1143000, "arrondissement": "Paris 4e Arrondissement" }, "geometry": { "type": "MultiPoint", "coordinates": [ [ 2.368359218881065, 48.855459992463985 ] ] } },
{ "type": "Feature", "properties": { "id": "9949", "geo_fid": 9949, "geo_creati": 1530006283913, "geo_modifi": 1530006283913, "id_alpage": 9949, "id_num_sca": "ADO75CA_ANO520", "quartier": "Marais", "nom_entier": "Boulevard Beaumarchais", "id_parc": "PA10894", "num_voies": "17", "geox": 602346, "geoy": 128279, "oid": 1143002, "arrondissement": "Paris 4e Arrondissement" }, "geometry": { "type": "MultiPoint", "coordinates": [ [ 2.368472020484191, 48.854968059704085 ] ] } },
{ "type": "Feature", "properties": { "id": "9991", "geo_fid": 9991, "geo_creati": 1530006283913, "geo_modifi": 1530006283913, "id_alpage": 9991, "id_num_sca": "ADO75CA_ANO522", "quartier": "Marais", "nom_entier": "Rue Saint Louis", "id_parc": "PA10508", "num_voies": "2", "geox": 602051, "geoy": 128452, "oid": 1143044, "arrondissement": "Paris 3e Arrondissement" }, "geometry": { "type": "MultiPoint", "coordinates": [ [ 2.364456798287238, 48.85652392976646 ] ] } },
{ "type": "Feature", "properties": { "id": "9996", "geo_fid": 9996, "geo_creati": 1530006283914, "geo_modifi": 1530006283914, "id_alpage": 9996, "id_num_sca": "ADO75CA_ANO522", "quartier": "Marais", "nom_entier": null, "id_parc": "PA10515", "num_voies": "25", "geox": 602127, "geoy": 128422, "oid": 1143049, "arrondissement": "Paris 3e Arrondissement" }, "geometry": { "type": "MultiPoint", "coordinates": [ [ 2.365488290147621, 48.856251199583163 ] ] } },
{ "type": "Feature", "properties": { "id": "9758", "geo_fid": 9758, "geo_creati": 1530006283899, "geo_modifi": 1530006283899, "id_alpage": 9758, "id_num_sca": "ADO75CA_ANO515", "quartier": "Marais", "nom_entier": "Rue d' Ormesson", "id_parc": "PA10753", "num_voies": "2", "geox": 601958, "geoy": 128297, "oid": 1142811, "arrondissement": "Paris 4e Arrondissement" }, "geometry": { "type": "MultiPoint", "coordinates": [ [ 2.363187293337972, 48.855127655643365 ] ] } },
{ "type": "Feature", "properties": { "id": "9799", "geo_fid": 9799, "geo_creati": 1530006283899, "geo_modifi": 1530006283899, "id_alpage": 9799, "id_num_sca": "ADO75CA_ANO517", "quartier": "Marais", "nom_entier": "Rue Saint Antoine", "id_parc": "PA10809", "num_voies": "163", "geox": 602055, "geoy": 128186, "oid": 1142852, "arrondissement": "Paris 4e Arrondissement" }, "geometry": { "type": "MultiPoint", "coordinates": [ [ 2.364508632131221, 48.854126457502041 ] ] } },
{ "type": "Feature", "properties": { "id": "9801", "geo_fid": 9801, "geo_creati": 1530006283909, "geo_modifi": 1530006283909, "id_alpage": 9801, "id_num_sca": "ADO75CA_ANO517", "quartier": "Marais", "nom_entier": "Rue Saint Antoine", "id_parc": "PA10813", "num_voies": "159", "geox": 602043, "geoy": 128191, "oid": 1142854, "arrondissement": "Paris 4e Arrondissement" }, "geometry": { "type": "MultiPoint", "coordinates": [ [ 2.364349219075929, 48.854177754004546 ] ] } },
{ "type": "Feature", "properties": { "id": "9819", "geo_fid": 9819, "geo_creati": 1530006283910, "geo_modifi": 1530006283910, "id_alpage": 9819, "id_num_sca": "ADO75CA_ANO517", "quartier": "Marais", "nom_entier": null, "id_parc": "PA10794", "num_voies": "15", "geox": 602066, "geoy": 128378, "oid": 1142872, "arrondissement": "Paris 4e Arrondissement" }, "geometry": { "type": "MultiPoint", "coordinates": [ [ 2.364659490666891, 48.855860218290772 ] ] } },
{ "type": "Feature", "properties": { "id": "9859", "geo_fid": 9859, "geo_creati": 1530006283911, "geo_modifi": 1530006283911, "id_alpage": 9859, "id_num_sca": "ADO75CA_ANO518", "quartier": "Marais", "nom_entier": "Rue des Tournelles", "id_parc": "PA10832", "num_voies": "29", "geox": 602256, "geoy": 128359, "oid": 1142912, "arrondissement": "Paris 4e Arrondissement" }, "geometry": { "type": "MultiPoint", "coordinates": [ [ 2.367256865428111, 48.855685105814601 ] ] } },
{ "type": "Feature", "properties": { "id": "9865", "geo_fid": 9865, "geo_creati": 1530006283911, "geo_modifi": 1530006283911, "id_alpage": 9865, "id_num_sca": "ADO75CA_ANO518", "quartier": "Marais", "nom_entier": "Rue des Tournelles", "id_parc": "PA10838", "num_voies": "17", "geox": 602254, "geoy": 128254, "oid": 1142918, "arrondissement": "Paris 4e Arrondissement" }, "geometry": { "type": "MultiPoint", "coordinates": [ [ 2.36722222767365, 48.854743576835311 ] ] } },
{ "type": "Feature", "properties": { "id": "9867", "geo_fid": 9867, "geo_creati": 1530006283911, "geo_modifi": 1530006283911, "id_alpage": 9867, "id_num_sca": "ADO75CA_ANO518", "quartier": "Marais", "nom_entier": "Rue des Tournelles", "id_parc": "PA10843", "num_voies": "15", "geox": 602254, "geoy": 128225, "oid": 1142920, "arrondissement": "Paris 4e Arrondissement" }, "geometry": { "type": "MultiPoint", "coordinates": [ [ 2.367223431994309, 48.854480989014171 ] ] } },
{ "type": "Feature", "properties": { "id": "9869", "geo_fid": 9869, "geo_creati": 1530006283911, "geo_modifi": 1530006283911, "id_alpage": 9869, "id_num_sca": "ADO75CA_ANO518", "quartier": "Marais", "nom_entier": "Rue des Tournelles", "id_parc": "PA10844", "num_voies": "11", "geox": 602257, "geoy": 128199, "oid": 1142922, "arrondissement": "Paris 4e Arrondissement" }, "geometry": { "type": "MultiPoint", "coordinates": [ [ 2.367260085089398, 48.854247168587101 ] ] } },
{ "type": "Feature", "properties": { "id": "9898", "geo_fid": 9898, "geo_creati": 1530006283911, "geo_modifi": 1530006283911, "id_alpage": 9898, "id_num_sca": "ADO75CA_ANO518", "quartier": "Marais", "nom_entier": "Rue Saint Antoine", "id_parc": "PA10877", "num_voies": "173", "geox": 602091, "geoy": 128167, "oid": 1142951, "arrondissement": "Paris 4e Arrondissement" }, "geometry": { "type": "MultiPoint", "coordinates": [ [ 2.364996402974892, 48.853962672346071 ] ] } },
{ "type": "Feature", "properties": { "id": "9909", "geo_fid": 9909, "geo_creati": 1530006283912, "geo_modifi": 1530006283912, "id_alpage": 9909, "id_num_sca": "ADO75CA_ANO519", "quartier": "Marais", "nom_entier": "Boulevard Beaumarchais", "id_parc": "PA10291", "num_voies": "9", "geox": 602356, "geoy": 128217, "oid": 1142962, "arrondissement": "Paris 4e Arrondissement" }, "geometry": { "type": "MultiPoint", "coordinates": [ [ 2.368613393391293, 48.854405975747973 ] ] } },
{ "type": "Feature", "properties": { "id": "9918", "geo_fid": 9918, "geo_creati": 1530006283912, "geo_modifi": 1530006283912, "id_alpage": 9918, "id_num_sca": "ADO75CA_ANO520", "quartier": "Marais", "nom_entier": "Rue des Tournelles", "id_parc": "PA10910", "num_voies": "209", "geox": 602282, "geoy": 128159, "oid": 1142971, "arrondissement": "Paris 4e Arrondissement" }, "geometry": { "type": "MultiPoint", "coordinates": [ [ 2.367597828807626, 48.853890967419709 ] ] } },
{ "type": "Feature", "properties": { "id": "9931", "geo_fid": 9931, "geo_creati": 1530006283912, "geo_modifi": 1530006283912, "id_alpage": 9931, "id_num_sca": "ADO75CA_ANO520", "quartier": "Marais", "nom_entier": "Rue des Tournelles", "id_parc": "PA10890", "num_voies": "24", "geox": 602259, "geoy": 128267, "oid": 1142984, "arrondissement": "Paris 4e Arrondissement" }, "geometry": { "type": "MultiPoint", "coordinates": [ [ 2.367294520342841, 48.854853269036852 ] ] } },
{ "type": "Feature", "properties": { "id": "9941", "geo_fid": 9941, "geo_creati": 1530006283912, "geo_modifi": 1530006283912, "id_alpage": 9941, "id_num_sca": "ADO75CA_ANO520", "quartier": "Marais", "nom_entier": "Rue des Tournelles", "id_parc": "PA10882", "num_voies": "44", "geox": 602261, "geoy": 128352, "oid": 1142994, "arrondissement": "Paris 4e Arrondissement" }, "geometry": { "type": "MultiPoint", "coordinates": [ [ 2.367315426058063, 48.855620342790942 ] ] } },
{ "type": "Feature", "properties": { "id": "9953", "geo_fid": 9953, "geo_creati": 1530006283913, "geo_modifi": 1530006283913, "id_alpage": 9953, "id_num_sca": "ADO75CA_ANO520", "quartier": "Marais", "nom_entier": "Impasse Jean Beau Sire", "id_parc": "PA10898", "num_voies": "17", "geox": 602316, "geoy": 128264, "oid": 1143006, "arrondissement": "Paris 4e Arrondissement" }, "geometry": { "type": "MultiPoint", "coordinates": [ [ 2.368063106216534, 48.854832380767689 ] ] } },
{ "type": "Feature", "properties": { "id": "9957", "geo_fid": 9957, "geo_creati": 1530006283913, "geo_modifi": 1530006283913, "id_alpage": 9957, "id_num_sca": "ADO75CA_ANO520", "quartier": "Marais", "nom_entier": "Rue Jean Beau Sire", "id_parc": "PA10902", "num_voies": "9", "geox": 602318, "geoy": 128201, "oid": 1143010, "arrondissement": "Paris 4e Arrondissement" }, "geometry": { "type": "MultiPoint", "coordinates": [ [ 2.368090008647395, 48.854264033417607 ] ] } },
{ "type": "Feature", "properties": { "id": "9795", "geo_fid": 9795, "geo_creati": 1530006283899, "geo_modifi": 1530006283899, "id_alpage": 9795, "id_num_sca": "ADO75CA_ANO517", "quartier": "Marais", "nom_entier": "Rue Saint Antoine", "id_parc": "PA10811", "num_voies": "167", "geox": 602062, "geoy": 128182, "oid": 1142848, "arrondissement": "Paris 4e Arrondissement" }, "geometry": { "type": "MultiPoint", "coordinates": [ [ 2.364598555890161, 48.854094961448432 ] ] } },
{ "type": "Feature", "properties": { "id": "9832", "geo_fid": 9832, "geo_creati": 1530006283910, "geo_modifi": 1530006283910, "id_alpage": 9832, "id_num_sca": "ADO75CA_ANO517", "quartier": "Marais", "nom_entier": "Rue Royale", "id_parc": "PA10807", "num_voies": "1", "geox": 602080, "geoy": 128183, "oid": 1142885, "arrondissement": "Paris 4e Arrondissement" }, "geometry": { "type": "MultiPoint", "coordinates": [ [ 2.364847942336935, 48.854102994833546 ] ] } },
{ "type": "Feature", "properties": { "id": "9837", "geo_fid": 9837, "geo_creati": 1530006283910, "geo_modifi": 1530006283910, "id_alpage": 9837, "id_num_sca": "ADO75CA_ANO518", "quartier": "Marais", "nom_entier": "Rue Royale", "id_parc": "PA10873", "num_voies": "10", "geox": 602096, "geoy": 128206, "oid": 1142890, "arrondissement": "Paris 4e Arrondissement" }, "geometry": { "type": "MultiPoint", "coordinates": [ [ 2.365062006798133, 48.8543061783718 ] ] } },
{ "type": "Feature", "properties": { "id": "9839", "geo_fid": 9839, "geo_creati": 1530006283910, "geo_modifi": 1530006283910, "id_alpage": 9839, "id_num_sca": "ADO75CA_ANO518", "quartier": "Marais", "nom_entier": "Rue Royale", "id_parc": "PA10871", "num_voies": "14", "geox": 602099, "geoy": 128219, "oid": 1142892, "arrondissement": "Paris 4e Arrondissement" }, "geometry": { "type": "MultiPoint", "coordinates": [ [ 2.365107043570794, 48.854423972048508 ] ] } },
{ "type": "Feature", "properties": { "id": "9873", "geo_fid": 9873, "geo_creati": 1530006283911, "geo_modifi": 1530006283911, "id_alpage": 9873, "id_num_sca": "ADO75CA_ANO518", "quartier": "Marais", "nom_entier": "Rue des Tournelles", "id_parc": "PA10849", "num_voies": "3", "geox": 602259, "geoy": 128169, "oid": 1142926, "arrondissement": "Paris 4e Arrondissement" }, "geometry": { "type": "MultiPoint", "coordinates": [ [ 2.367289900753266, 48.853974681242633 ] ] } },
{ "type": "Feature", "properties": { "id": "9851", "geo_fid": 9851, "geo_creati": 1530006283910, "geo_modifi": 1530006283910, "id_alpage": 9851, "id_num_sca": "ADO75CA_ANO518", "quartier": "Marais", "nom_entier": null, "id_parc": "PA10832", "num_voies": "20", "geox": 602207, "geoy": 128374, "oid": 1142904, "arrondissement": "Paris 4e Arrondissement" }, "geometry": { "type": "MultiPoint", "coordinates": [ [ 2.366578277409033, 48.855820173132997 ] ] } },
{ "type": "Feature", "properties": { "id": "9852", "geo_fid": 9852, "geo_creati": 1530006283910, "geo_modifi": 1530006283910, "id_alpage": 9852, "id_num_sca": "ADO75CA_ANO518", "quartier": "Marais", "nom_entier": null, "id_parc": "PA10828", "num_voies": "22", "geox": 602210, "geoy": 128386, "oid": 1142905, "arrondissement": "Paris 4e Arrondissement" }, "geometry": { "type": "MultiPoint", "coordinates": [ [ 2.366621952629663, 48.855931671661011 ] ] } },
{ "type": "Feature", "properties": { "id": "9704", "geo_fid": 9704, "geo_creati": 1530006283897, "geo_modifi": 1530006283897, "id_alpage": 9704, "id_num_sca": "ADO75CA_ANO514", "quartier": "Marais", "nom_entier": "Rue de l' Egout", "id_parc": "PA10745", "num_voies": "19", "geox": 602016, "geoy": 128407, "oid": 1142757, "arrondissement": "Paris 4e Arrondissement" }, "geometry": { "type": "MultiPoint", "coordinates": [ [ 2.363986408763976, 48.856114872095411 ] ] } },
{ "type": "Feature", "properties": { "id": "9753", "geo_fid": 9753, "geo_creati": 1530006283898, "geo_modifi": 1530006283898, "id_alpage": 9753, "id_num_sca": "ADO75CA_ANO515", "quartier": "Marais", "nom_entier": "Rue de l' Egout", "id_parc": "PA10286", "num_voies": "11", "geox": 601982, "geoy": 128333, "oid": 1142806, "arrondissement": "Paris 4e Arrondissement" }, "geometry": { "type": "MultiPoint", "coordinates": [ [ 2.363510444130275, 48.855456715354684 ] ] } },
{ "type": "Feature", "properties": { "id": "9774", "geo_fid": 9774, "geo_creati": 1530006283899, "geo_modifi": 1530006283899, "id_alpage": 9774, "id_num_sca": "ADO75CA_ANO516", "quartier": "Marais", "nom_entier": "Rue Saint Antoine", "id_parc": "PA10786", "num_voies": "125", "geox": 601931, "geoy": 128249, "oid": 1142827, "arrondissement": "Paris 4e Arrondissement" }, "geometry": { "type": "MultiPoint", "coordinates": [ [ 2.362819124746315, 48.854699685172818 ] ] } },
{ "type": "Feature", "properties": { "id": "9821", "geo_fid": 9821, "geo_creati": 1530006283910, "geo_modifi": 1530006283910, "id_alpage": 9821, "id_num_sca": "ADO75CA_ANO517", "quartier": "Marais", "nom_entier": null, "id_parc": "PA10795", "num_voies": "11", "geox": 602055, "geoy": 128337, "oid": 1142874, "arrondissement": "Paris 4e Arrondissement" }, "geometry": { "type": "MultiPoint", "coordinates": [ [ 2.364512105855025, 48.855489753429303 ] ] } },
{ "type": "Feature", "properties": { "id": "9874", "geo_fid": 9874, "geo_creati": 1530006283911, "geo_modifi": 1530006283911, "id_alpage": 9874, "id_num_sca": "ADO75CA_ANO518", "quartier": "Marais", "nom_entier": "Rue des Tournelles", "id_parc": "PA10850", "num_voies": "1", "geox": 602258, "geoy": 128154, "oid": 1142927, "arrondissement": "Paris 4e Arrondissement" }, "geometry": { "type": "MultiPoint", "coordinates": [ [ 2.367278920558481, 48.853845188927522 ] ] } },
{ "type": "Feature", "properties": { "id": "9878", "geo_fid": 9878, "geo_creati": 1530006283911, "geo_modifi": 1530006283911, "id_alpage": 9878, "id_num_sca": "ADO75CA_ANO518", "quartier": "Marais", "nom_entier": "Rue Saint Antoine", "id_parc": "PA10854", "num_voies": "197", "geox": 602197, "geoy": 128130, "oid": 1142931, "arrondissement": "Paris 4e Arrondissement" }, "geometry": { "type": "MultiPoint", "coordinates": [ [ 2.366442070099553, 48.853623285902252 ] ] } },
{ "type": "Feature", "properties": { "id": "9883", "geo_fid": 9883, "geo_creati": 1530006283911, "geo_modifi": 1530006283911, "id_alpage": 9883, "id_num_sca": "ADO75CA_ANO518", "quartier": "Marais", "nom_entier": "Rue Saint Antoine", "id_parc": "PA10856", "num_voies": "187", "geox": 602163, "geoy": 128141, "oid": 1142936, "arrondissement": "Paris 4e Arrondissement" }, "geometry": { "type": "MultiPoint", "coordinates": [ [ 2.365977438468878, 48.853725920896508 ] ] } },
{ "type": "Feature", "properties": { "id": "9891", "geo_fid": 9891, "geo_creati": 1530006283911, "geo_modifi": 1530006283911, "id_alpage": 9891, "id_num_sca": "ADO75CA_ANO518", "quartier": "Marais", "nom_entier": "Impasse Guéménée", "id_parc": "PA10869", "num_voies": "5", "geox": 602147, "geoy": 128192, "oid": 1142944, "arrondissement": "Paris 4e Arrondissement" }, "geometry": { "type": "MultiPoint", "coordinates": [ [ 2.365765113877869, 48.854181905204925 ] ] } },
{ "type": "Feature", "properties": { "id": "9911", "geo_fid": 9911, "geo_creati": 1530006283912, "geo_modifi": 1530006283912, "id_alpage": 9911, "id_num_sca": "ADO75CA_ANO519", "quartier": "Marais", "nom_entier": "Boulevard Beaumarchais", "id_parc": "PA10922", "num_voies": "5", "geox": 602358, "geoy": 128189, "oid": 1142964, "arrondissement": "Paris 4e Arrondissement" }, "geometry": { "type": "MultiPoint", "coordinates": [ [ 2.368633676161022, 48.854155073204659 ] ] } },
{ "type": "Feature", "properties": { "id": "9926", "geo_fid": 9926, "geo_creati": 1530006283912, "geo_modifi": 1530006283912, "id_alpage": 9926, "id_num_sca": "ADO75CA_ANO520", "quartier": "Marais", "nom_entier": "Rue des Tournelles", "id_parc": "PA10903", "num_voies": "14", "geox": 602262, "geoy": 128211, "oid": 1142979, "arrondissement": "Paris 4e Arrondissement" }, "geometry": { "type": "MultiPoint", "coordinates": [ [ 2.3673282894147, 48.85435776111369 ] ] } },
{ "type": "Feature", "properties": { "id": "9929", "geo_fid": 9929, "geo_creati": 1530006283912, "geo_modifi": 1530006283912, "id_alpage": 9929, "id_num_sca": "ADO75CA_ANO520", "quartier": "Marais", "nom_entier": "Rue des Tournelles", "id_parc": "PA10899", "num_voies": "20", "geox": 602259, "geoy": 128242, "oid": 1142982, "arrondissement": "Paris 4e Arrondissement" }, "geometry": { "type": "MultiPoint", "coordinates": [ [ 2.367284850505665, 48.854637446236161 ] ] } },
{ "type": "Feature", "properties": { "id": "9933", "geo_fid": 9933, "geo_creati": 1530006283912, "geo_modifi": 1530006283912, "id_alpage": 9933, "id_num_sca": "ADO75CA_ANO520", "quartier": "Marais", "nom_entier": "Rue des Tournelles", "id_parc": "PA10892", "num_voies": "28", "geox": 602260, "geoy": 128291, "oid": 1142986, "arrondissement": "Paris 4e Arrondissement" }, "geometry": { "type": "MultiPoint", "coordinates": [ [ 2.367302828038416, 48.855069991468845 ] ] } },
{ "type": "Feature", "properties": { "id": "9937", "geo_fid": 9937, "geo_creati": 1530006283912, "geo_modifi": 1530006283912, "id_alpage": 9937, "id_num_sca": "ADO75CA_ANO520", "quartier": "Marais", "nom_entier": "Rue des Tournelles", "id_parc": "PA10885", "num_voies": "36", "geox": 602261, "geoy": 128335, "oid": 1142990, "arrondissement": "Paris 4e Arrondissement" }, "geometry": { "type": "MultiPoint", "coordinates": [ [ 2.367312606881995, 48.85546566869936 ] ] } },
{ "type": "Feature", "properties": { "id": "9939", "geo_fid": 9939, "geo_creati": 1530006283912, "geo_modifi": 1530006283912, "id_alpage": 9939, "id_num_sca": "ADO75CA_ANO520", "quartier": "Marais", "nom_entier": "Rue des Tournelles", "id_parc": "PA10884", "num_voies": "40", "geox": 602261, "geoy": 128343, "oid": 1142992, "arrondissement": "Paris 4e Arrondissement" }, "geometry": { "type": "MultiPoint", "coordinates": [ [ 2.367312651508369, 48.855539409015641 ] ] } },
{ "type": "Feature", "properties": { "id": "9940", "geo_fid": 9940, "geo_creati": 1530006283912, "geo_modifi": 1530006283912, "id_alpage": 9940, "id_num_sca": "ADO75CA_ANO520", "quartier": "Marais", "nom_entier": "Rue des Tournelles", "id_parc": "PA10884", "num_voies": "42", "geox": 602261, "geoy": 128346, "oid": 1142993, "arrondissement": "Paris 4e Arrondissement" }, "geometry": { "type": "MultiPoint", "coordinates": [ [ 2.367312671100478, 48.855571782813065 ] ] } },
{ "type": "Feature", "properties": { "id": "9945", "geo_fid": 9945, "geo_creati": 1530006283912, "geo_modifi": 1530006283912, "id_alpage": 9945, "id_num_sca": "ADO75CA_ANO520", "quartier": "Marais", "nom_entier": "Rue du Pas de la Mule", "id_parc": "PA10883", "num_voies": "3", "geox": 602285, "geoy": 128377, "oid": 1142998, "arrondissement": "Paris 4e Arrondissement" }, "geometry": { "type": "MultiPoint", "coordinates": [ [ 2.367641271340692, 48.855848671614851 ] ] } },
{ "type": "Feature", "properties": { "id": "9948", "geo_fid": 9948, "geo_creati": 1530006283913, "geo_modifi": 1530006283913, "id_alpage": 9948, "id_num_sca": "ADO75CA_ANO520", "quartier": "Marais", "nom_entier": "Boulevard Beaumarchais", "id_parc": "PA10886", "num_voies": "19", "geox": 602341, "geoy": 128314, "oid": 1143001, "arrondissement": "Paris 4e Arrondissement" }, "geometry": { "type": "MultiPoint", "coordinates": [ [ 2.36840407501786, 48.855275629402769 ] ] } },
{ "type": "Feature", "properties": { "id": "9950", "geo_fid": 9950, "geo_creati": 1530006283913, "geo_modifi": 1530006283913, "id_alpage": 9950, "id_num_sca": "ADO75CA_ANO520", "quartier": "Marais", "nom_entier": "Impasse Jean Beau Sire", "id_parc": "PA10891", "num_voies": "23", "geox": 602315, "geoy": 128292, "oid": 1143003, "arrondissement": "Paris 4e Arrondissement" }, "geometry": { "type": "MultiPoint", "coordinates": [ [ 2.368060534627569, 48.855080580613389 ] ] } },
{ "type": "Feature", "properties": { "id": "9954", "geo_fid": 9954, "geo_creati": 1530006283913, "geo_modifi": 1530006283913, "id_alpage": 9954, "id_num_sca": "ADO75CA_ANO520", "quartier": "Marais", "nom_entier": "Rue Jean Beau Sire", "id_parc": "PA10897", "num_voies": "15", "geox": 602317, "geoy": 128251, "oid": 1143007, "arrondissement": "Paris 4e Arrondissement" }, "geometry": { "type": "MultiPoint", "coordinates": [ [ 2.368076661860844, 48.854716370980952 ] ] } },
{ "type": "Feature", "properties": { "id": "9958", "geo_fid": 9958, "geo_creati": 1530006283913, "geo_modifi": 1530006283913, "id_alpage": 9958, "id_num_sca": "ADO75CA_ANO520", "quartier": "Marais", "nom_entier": "Rue Jean Beau Sire", "id_parc": "PA10905", "num_voies": "7", "geox": 602317, "geoy": 128192, "oid": 1143011, "arrondissement": "Paris 4e Arrondissement" }, "geometry": { "type": "MultiPoint", "coordinates": [ [ 2.3680845090965, 48.854185798216406 ] ] } },
{ "type": "Feature", "properties": { "id": "9702", "geo_fid": 9702, "geo_creati": 1530006283897, "geo_modifi": 1530006283897, "id_alpage": 9702, "id_num_sca": "ADO75CA_ANO514", "quartier": "Marais", "nom_entier": "Rue Neuve Sainte Catherine", "id_parc": "PA10720", "num_voies": "1", "geox": 602025, "geoy": 128447, "oid": 1142755, "arrondissement": "Paris 4e Arrondissement" }, "geometry": { "type": "MultiPoint", "coordinates": [ [ 2.364098355090305, 48.856479051080058 ] ] } },
{ "type": "Feature", "properties": { "id": "9894", "geo_fid": 9894, "geo_creati": 1530006283911, "geo_modifi": 1530006283911, "id_alpage": 9894, "id_num_sca": "ADO75CA_ANO518", "quartier": "Marais", "nom_entier": "Rue Saint Antoine", "id_parc": "PA10878", "num_voies": "181", "geox": 602130, "geoy": 128152, "oid": 1142947, "arrondissement": "Paris 4e Arrondissement" }, "geometry": { "type": "MultiPoint", "coordinates": [ [ 2.365529157235252, 48.853827650675257 ] ] } },
{ "type": "Feature", "properties": { "id": "9896", "geo_fid": 9896, "geo_creati": 1530006283911, "geo_modifi": 1530006283911, "id_alpage": 9896, "id_num_sca": "ADO75CA_ANO518", "quartier": "Marais", "nom_entier": "Rue Saint Antoine", "id_parc": "PA10867", "num_voies": "177", "geox": 602107, "geoy": 128161, "oid": 1142949, "arrondissement": "Paris 4e Arrondissement" }, "geometry": { "type": "MultiPoint", "coordinates": [ [ 2.365218499095642, 48.853908661771086 ] ] } },
{ "type": "Feature", "properties": { "id": "9897", "geo_fid": 9897, "geo_creati": 1530006283911, "geo_modifi": 1530006283911, "id_alpage": 9897, "id_num_sca": "ADO75CA_ANO518", "quartier": "Marais", "nom_entier": "Rue Saint Antoine", "id_parc": "PA10876", "num_voies": "175", "geox": 602096, "geoy": 128166, "oid": 1142950, "arrondissement": "Paris 4e Arrondissement" }, "geometry": { "type": "MultiPoint", "coordinates": [ [ 2.365068619090963, 48.853946467856467 ] ] } },
{ "type": "Feature", "properties": { "id": "9999", "geo_fid": 9999, "geo_creati": 1530006283914, "geo_modifi": 1530006283914, "id_alpage": 9999, "id_num_sca": "ADO75CA_ANO522", "quartier": "Marais", "nom_entier": "Rue de l' Echarpe", "id_parc": "PA10511", "num_voies": "2", "geox": 602064, "geoy": 128438, "oid": 1143052, "arrondissement": "Paris 4e Arrondissement" }, "geometry": { "type": "MultiPoint", "coordinates": [ [ 2.364633891629621, 48.856393492908055 ] ] } },
{ "type": "Feature", "properties": { "id": "10209", "geo_fid": 10209, "geo_creati": 1530006283938, "geo_modifi": 1530006283938, "id_alpage": 10209, "id_num_sca": "ADO75CA_ANO491", "quartier": "Popincourt", "nom_entier": "Rue de Lappe", "id_parc": "PA25925", "num_voies": "7", "geox": 602600, "geoy": 128190, "oid": 1143262, "arrondissement": "Paris 11e Arrondissement" }, "geometry": { "type": "MultiPoint", "coordinates": [ [ 2.371939699950003, 48.854162209311802 ] ] } },
{ "type": "Feature", "properties": { "id": "10223", "geo_fid": 10223, "geo_creati": 1530006283939, "geo_modifi": 1530006283939, "id_alpage": 10223, "id_num_sca": "ADO75CA_ANO491", "quartier": "Popincourt", "nom_entier": "Rue de Lappe", "id_parc": "PA25940", "num_voies": "35", "geox": 602688, "geoy": 128116, "oid": 1143276, "arrondissement": "Paris 11e Arrondissement" }, "geometry": { "type": "MultiPoint", "coordinates": [ [ 2.373132982376786, 48.853494580214587 ] ] } },
{ "type": "Feature", "properties": { "id": "10261", "geo_fid": 10261, "geo_creati": 1530006283939, "geo_modifi": 1530006283939, "id_alpage": 10261, "id_num_sca": "ADO75CA_ANO491", "quartier": "Popincourt", "nom_entier": "Rue de Charonne", "id_parc": "PA26037", "num_voies": "61", "geox": 603198, "geoy": 128129, "oid": 1143314, "arrondissement": "Paris 11e Arrondissement" }, "geometry": { "type": "MultiPoint", "coordinates": [ [ 2.380085719799161, 48.853617180698762 ] ] } },
{ "type": "Feature", "properties": { "id": "10977", "geo_fid": 10977, "geo_creati": 1530006283982, "geo_modifi": 1530006283982, "id_alpage": 10977, "id_num_sca": "ADO75CA_ANO502", "quartier": "Popincourt", "nom_entier": "Rue de Charonne", "id_parc": "PA25877", "num_voies": "95", "geox": 603438, "geoy": 128201, "oid": 1144030, "arrondissement": "Paris 11e Arrondissement" }, "geometry": { "type": "MultiPoint", "coordinates": [ [ 2.383352779272625, 48.854258887248946 ] ] } },
{ "type": "Feature", "properties": { "id": "10978", "geo_fid": 10978, "geo_creati": 1530006283982, "geo_modifi": 1530006283982, "id_alpage": 10978, "id_num_sca": "ADO75CA_ANO502", "quartier": "Popincourt", "nom_entier": "Rue de Charonne", "id_parc": "PA25833", "num_voies": "89bis", "geox": 603410, "geoy": 128191, "oid": 1144031, "arrondissement": "Paris 11e Arrondissement" }, "geometry": { "type": "MultiPoint", "coordinates": [ [ 2.382968402644724, 48.854170013928361 ] ] } },
{ "type": "Feature", "properties": { "id": "10210", "geo_fid": 10210, "geo_creati": 1530006283938, "geo_modifi": 1530006283938, "id_alpage": 10210, "id_num_sca": "ADO75CA_ANO491", "quartier": "Popincourt", "nom_entier": "Rue de Lappe", "id_parc": "PA25926", "num_voies": "9", "geox": 602608, "geoy": 128183, "oid": 1143263, "arrondissement": "Paris 11e Arrondissement" }, "geometry": { "type": "MultiPoint", "coordinates": [ [ 2.372052762403402, 48.854097427273842 ] ] } },
{ "type": "Feature", "properties": { "id": "10224", "geo_fid": 10224, "geo_creati": 1530006283939, "geo_modifi": 1530006283939, "id_alpage": 10224, "id_num_sca": "ADO75CA_ANO491", "quartier": "Popincourt", "nom_entier": "Rue de Lappe", "id_parc": "PA25981", "num_voies": "37", "geox": 602695, "geoy": 128109, "oid": 1143277, "arrondissement": "Paris 11e Arrondissement" }, "geometry": { "type": "MultiPoint", "coordinates": [ [ 2.373233782446305, 48.853436995041349 ] ] } },
{ "type": "Feature", "properties": { "id": "10237", "geo_fid": 10237, "geo_creati": 1530006283939, "geo_modifi": 1530006283939, "id_alpage": 10237, "id_num_sca": "ADO75CA_ANO491", "quartier": "Popincourt", "nom_entier": "Rue de Charonne", "id_parc": "PA25977", "num_voies": "21", "geox": 602809, "geoy": 128061, "oid": 1143290, "arrondissement": "Paris 11e Arrondissement" }, "geometry": { "type": "MultiPoint", "coordinates": [ [ 2.374785599889197, 48.85300484436771 ] ] } },
{ "type": "Feature", "properties": { "id": "10249", "geo_fid": 10249, "geo_creati": 1530006283939, "geo_modifi": 1530006283939, "id_alpage": 10249, "id_num_sca": "ADO75CA_ANO491", "quartier": "Popincourt", "nom_entier": "Rue de Charonne", "id_parc": "PA25993", "num_voies": "37", "geox": 602971, "geoy": 128087, "oid": 1143302, "arrondissement": "Paris 11e Arrondissement" }, "geometry": { "type": "MultiPoint", "coordinates": [ [ 2.376996107995948, 48.853238805819174 ] ] } },
{ "type": "Feature", "properties": { "id": "10253", "geo_fid": 10253, "geo_creati": 1530006283939, "geo_modifi": 1530006283939, "id_alpage": 10253, "id_num_sca": "ADO75CA_ANO491", "quartier": "Popincourt", "nom_entier": "Rue de Charonne", "id_parc": "PA26021", "num_voies": "45", "geox": 603066, "geoy": 128097, "oid": 1143306, "arrondissement": "Paris 11e Arrondissement" }, "geometry": { "type": "MultiPoint", "coordinates": [ [ 2.378279858655492, 48.853321983743001 ] ] } },
{ "type": "Feature", "properties": { "id": "10257", "geo_fid": 10257, "geo_creati": 1530006283939, "geo_modifi": 1530006283939, "id_alpage": 10257, "id_num_sca": "ADO75CA_ANO491", "quartier": "Popincourt", "nom_entier": "Rue de Charonne", "id_parc": "PA26032", "num_voies": "53", "geox": 603147, "geoy": 128115, "oid": 1143310, "arrondissement": "Paris 11e Arrondissement" }, "geometry": { "type": "MultiPoint", "coordinates": [ [ 2.379389251301603, 48.853483448451101 ] ] } },
{ "type": "Feature", "properties": { "id": "10262", "geo_fid": 10262, "geo_creati": 1530006283939, "geo_modifi": 1530006283939, "id_alpage": 10262, "id_num_sca": "ADO75CA_ANO491", "quartier": "Popincourt", "nom_entier": "Rue de Charonne", "id_parc": "PA26040", "num_voies": "63", "geox": 603209, "geoy": 128133, "oid": 1143315, "arrondissement": "Paris 11e Arrondissement" }, "geometry": { "type": "MultiPoint", "coordinates": [ [ 2.380241095878688, 48.853645898979799 ] ] } },
{ "type": "Feature", "properties": { "id": "10268", "geo_fid": 10268, "geo_creati": 1530006283940, "geo_modifi": 1530006283940, "id_alpage": 10268, "id_num_sca": "ADO75CA_ANO491", "quartier": "Popincourt", "nom_entier": "Rue de Basfroid", "id_parc": "PA26033", "num_voies": "9bis", "geox": 603186, "geoy": 128189, "oid": 1143321, "arrondissement": "Paris 11e Arrondissement" }, "geometry": { "type": "MultiPoint", "coordinates": [ [ 2.379921285901285, 48.85414871225985 ] ] } },
{ "type": "Feature", "properties": { "id": "10240", "geo_fid": 10240, "geo_creati": 1530006283939, "geo_modifi": 1530006283939, "id_alpage": 10240, "id_num_sca": "ADO75CA_ANO491", "quartier": "Popincourt", "nom_entier": "Rue de Charonne", "id_parc": "PA25967", "num_voies": "27", "geox": 602861, "geoy": 128089, "oid": 1143293, "arrondissement": "Paris 11e Arrondissement" }, "geometry": { "type": "MultiPoint", "coordinates": [ [ 2.375491680368288, 48.853258204682199 ] ] } },
{ "type": "Feature", "properties": { "id": "10246", "geo_fid": 10246, "geo_creati": 1530006283939, "geo_modifi": 1530006283939, "id_alpage": 10246, "id_num_sca": "ADO75CA_ANO491", "quartier": "Popincourt", "nom_entier": "Rue de Charonne", "id_parc": "PA25999", "num_voies": "31", "geox": 602908, "geoy": 128088, "oid": 1143299, "arrondissement": "Paris 11e Arrondissement" }, "geometry": { "type": "MultiPoint", "coordinates": [ [ 2.376137599032158, 48.853244497280521 ] ] } },
{ "type": "Feature", "properties": { "id": "10264", "geo_fid": 10264, "geo_creati": 1530006283939, "geo_modifi": 1530006283939, "id_alpage": 10264, "id_num_sca": "ADO75CA_ANO491", "quartier": "Popincourt", "nom_entier": "Rue de Basfroid", "id_parc": "PA26040", "num_voies": "3", "geox": 603211, "geoy": 128148, "oid": 1143317, "arrondissement": "Paris 11e Arrondissement" }, "geometry": { "type": "MultiPoint", "coordinates": [ [ 2.380261654373224, 48.853781681355152 ] ] } },
{ "type": "Feature", "properties": { "id": "10267", "geo_fid": 10267, "geo_creati": 1530006283939, "geo_modifi": 1530006283939, "id_alpage": 10267, "id_num_sca": "ADO75CA_ANO491", "quartier": "Popincourt", "nom_entier": "Rue de Basfroid", "id_parc": "PA26034", "num_voies": "9", "geox": 603195, "geoy": 128174, "oid": 1143320, "arrondissement": "Paris 11e Arrondissement" }, "geometry": { "type": "MultiPoint", "coordinates": [ [ 2.380043816713733, 48.854013775521928 ] ] } },
{ "type": "Feature", "properties": { "id": "10970", "geo_fid": 10970, "geo_creati": 1530006283982, "geo_modifi": 1530006283982, "id_alpage": 10970, "id_num_sca": "ADO75CA_ANO502", "quartier": "Popincourt", "nom_entier": "Rue de Charonne", "id_parc": "PA25864", "num_voies": "109", "geox": 603555, "geoy": 128244, "oid": 1144023, "arrondissement": "Paris 11e Arrondissement" }, "geometry": { "type": "MultiPoint", "coordinates": [ [ 2.384955740347606, 48.854644016244158 ] ] } },
{ "type": "Feature", "properties": { "id": "10982", "geo_fid": 10982, "geo_creati": 1530006283982, "geo_modifi": 1530006283982, "id_alpage": 10982, "id_num_sca": "ADO75CA_ANO502", "quartier": "Popincourt", "nom_entier": "Rue de Charonne", "id_parc": "PA25892", "num_voies": "83", "geox": 603361, "geoy": 128174, "oid": 1144035, "arrondissement": "Paris 11e Arrondissement" }, "geometry": { "type": "MultiPoint", "coordinates": [ [ 2.382312782943897, 48.854016499140663 ] ] } },
{ "type": "Feature", "properties": { "id": "10986", "geo_fid": 10986, "geo_creati": 1530006283982, "geo_modifi": 1530006283982, "id_alpage": 10986, "id_num_sca": "ADO75CA_ANO502", "quartier": "Popincourt", "nom_entier": "Rue de Charonne", "id_parc": "PA25890", "num_voies": "77", "geox": 603328, "geoy": 128165, "oid": 1144039, "arrondissement": "Paris 11e Arrondissement" }, "geometry": { "type": "MultiPoint", "coordinates": [ [ 2.381853463485553, 48.853932148000894 ] ] } },
{ "type": "Feature", "properties": { "id": "10989", "geo_fid": 10989, "geo_creati": 1530006283982, "geo_modifi": 1530006283982, "id_alpage": 10989, "id_num_sca": "ADO75CA_ANO502", "quartier": "Popincourt", "nom_entier": "Rue de Charonne", "id_parc": "PA25885", "num_voies": "71", "geox": 603302, "geoy": 128155, "oid": 1144042, "arrondissement": "Paris 11e Arrondissement" }, "geometry": { "type": "MultiPoint", "coordinates": [ [ 2.381504529602731, 48.85385045007456 ] ] } },
{ "type": "Feature", "properties": { "id": "10271", "geo_fid": 10271, "geo_creati": 1530006283940, "geo_modifi": 1530006283940, "id_alpage": 10271, "id_num_sca": "ADO75CA_ANO491", "quartier": "Popincourt", "nom_entier": "Rue de Basfroid", "id_parc": "PA26440", "num_voies": "15", "geox": 603156, "geoy": 128243, "oid": 1143324, "arrondissement": "Paris 11e Arrondissement" }, "geometry": { "type": "MultiPoint", "coordinates": [ [ 2.379507428444909, 48.854638969700929 ] ] } },
{ "type": "Feature", "properties": { "id": "10283", "geo_fid": 10283, "geo_creati": 1530006283940, "geo_modifi": 1530006283940, "id_alpage": 10283, "id_num_sca": "ADO75CA_ANO491", "quartier": "Popincourt", "nom_entier": "Rue de Basfroid", "id_parc": "PA26030", "num_voies": "39", "geox": 603078, "geoy": 128386, "oid": 1143336, "arrondissement": "Paris 11e Arrondissement" }, "geometry": { "type": "MultiPoint", "coordinates": [ [ 2.378459171528261, 48.855925312550831 ] ] } },
{ "type": "Feature", "properties": { "id": "10232", "geo_fid": 10232, "geo_creati": 1530006283939, "geo_modifi": 1530006283939, "id_alpage": 10232, "id_num_sca": "ADO75CA_ANO491", "quartier": "Popincourt", "nom_entier": "Rue de Lappe", "id_parc": "PA25973", "num_voies": "53", "geox": 602761, "geoy": 128059, "oid": 1143285, "arrondissement": "Paris 11e Arrondissement" }, "geometry": { "type": "MultiPoint", "coordinates": [ [ 2.374135574463037, 48.852989768736656 ] ] } },
{ "type": "Feature", "properties": { "id": "10254", "geo_fid": 10254, "geo_creati": 1530006283939, "geo_modifi": 1530006283939, "id_alpage": 10254, "id_num_sca": "ADO75CA_ANO491", "quartier": "Popincourt", "nom_entier": "Rue de Charonne", "id_parc": "PA26021", "num_voies": "47", "geox": 603087, "geoy": 128100, "oid": 1143307, "arrondissement": "Paris 11e Arrondissement" }, "geometry": { "type": "MultiPoint", "coordinates": [ [ 2.378568781059029, 48.85335245474414 ] ] } },
{ "type": "Feature", "properties": { "id": "10269", "geo_fid": 10269, "geo_creati": 1530006283940, "geo_modifi": 1530006283940, "id_alpage": 10269, "id_num_sca": "ADO75CA_ANO491", "quartier": "Popincourt", "nom_entier": "Rue de Basfroid", "id_parc": "PA26024", "num_voies": "11", "geox": 603176, "geoy": 128205, "oid": 1143322, "arrondissement": "Paris 11e Arrondissement" }, "geometry": { "type": "MultiPoint", "coordinates": [ [ 2.379783773433544, 48.85429444571988 ] ] } },
{ "type": "Feature", "properties": { "id": "10270", "geo_fid": 10270, "geo_creati": 1530006283940, "geo_modifi": 1530006283940, "id_alpage": 10270, "id_num_sca": "ADO75CA_ANO491", "quartier": "Popincourt", "nom_entier": "Rue de Basfroid", "id_parc": "PA26025", "num_voies": "13", "geox": 603163, "geoy": 128230, "oid": 1143323, "arrondissement": "Paris 11e Arrondissement" }, "geometry": { "type": "MultiPoint", "coordinates": [ [ 2.379609531778063, 48.854517530076805 ] ] } },
{ "type": "Feature", "properties": { "id": "10272", "geo_fid": 10272, "geo_creati": 1530006283940, "geo_modifi": 1530006283940, "id_alpage": 10272, "id_num_sca": "ADO75CA_ANO491", "quartier": "Popincourt", "nom_entier": "Rue de Basfroid", "id_parc": "PA26026", "num_voies": "17", "geox": 603149, "geoy": 128255, "oid": 1143325, "arrondissement": "Paris 11e Arrondissement" }, "geometry": { "type": "MultiPoint", "coordinates": [ [ 2.379421665533658, 48.85474601483844 ] ] } },
{ "type": "Feature", "properties": { "id": "10275", "geo_fid": 10275, "geo_creati": 1530006283940, "geo_modifi": 1530006283940, "id_alpage": 10275, "id_num_sca": "ADO75CA_ANO491", "quartier": "Popincourt", "nom_entier": "Rue de Basfroid", "id_parc": "PA26027", "num_voies": "23", "geox": 603129, "geoy": 128293, "oid": 1143328, "arrondissement": "Paris 11e Arrondissement" }, "geometry": { "type": "MultiPoint", "coordinates": [ [ 2.37914531021861, 48.855084243041752 ] ] } },
{ "type": "Feature", "properties": { "id": "10282", "geo_fid": 10282, "geo_creati": 1530006283940, "geo_modifi": 1530006283940, "id_alpage": 10282, "id_num_sca": "ADO75CA_ANO491", "quartier": "Popincourt", "nom_entier": "Rue de Basfroid", "id_parc": "PA26030", "num_voies": "37", "geox": 603085, "geoy": 128374, "oid": 1143335, "arrondissement": "Paris 11e Arrondissement" }, "geometry": { "type": "MultiPoint", "coordinates": [ [ 2.37855175100093, 48.855816467123432 ] ] } },
{ "type": "Feature", "properties": { "id": "10286", "geo_fid": 10286, "geo_creati": 1530006283940, "geo_modifi": 1530006283940, "id_alpage": 10286, "id_num_sca": "ADO75CA_ANO491", "quartier": "Popincourt", "nom_entier": "Rue de Basfroid", "id_parc": "PA26015", "num_voies": "43", "geox": 603046, "geoy": 128445, "oid": 1143339, "arrondissement": "Paris 11e Arrondissement" }, "geometry": { "type": "MultiPoint", "coordinates": [ [ 2.37801942327459, 48.856454242664576 ] ] } },
{ "type": "Feature", "properties": { "id": "10320", "geo_fid": 10320, "geo_creati": 1530006283941, "geo_modifi": 1530006283941, "id_alpage": 10320, "id_num_sca": "ADO75CA_ANO491", "quartier": "Popincourt", "nom_entier": "Cour Sainte Marie", "id_parc": "PA25962", "num_voies": "4", "geox": 602804, "geoy": 128100, "oid": 1143373, "arrondissement": "Paris 11e Arrondissement" }, "geometry": { "type": "MultiPoint", "coordinates": [ [ 2.374719090753587, 48.853354683149803 ] ] } },
{ "type": "Feature", "properties": { "id": "10325", "geo_fid": 10325, "geo_creati": 1530006283941, "geo_modifi": 1530006283941, "id_alpage": 10325, "id_num_sca": "ADO75CA_ANO491", "quartier": "Popincourt", "nom_entier": "Cour Sainte Marie", "id_parc": "PA25980", "num_voies": "9", "geox": 602784, "geoy": 128116, "oid": 1143378, "arrondissement": "Paris 11e Arrondissement" }, "geometry": { "type": "MultiPoint", "coordinates": [ [ 2.374437116896162, 48.853501356785486 ] ] } },
{ "type": "Feature", "properties": { "id": "10328", "geo_fid": 10328, "geo_creati": 1530006283941, "geo_modifi": 1530006283941, "id_alpage": 10328, "id_num_sca": "ADO75CA_ANO491", "quartier": "Popincourt", "nom_entier": "Cour Sainte Marie", "id_parc": "PA25979", "num_voies": "1", "geox": 602816, "geoy": 128083, "oid": 1143381, "arrondissement": "Paris 11e Arrondissement" }, "geometry": { "type": "MultiPoint", "coordinates": [ [ 2.374874323316392, 48.853199057959259 ] ] } },
{ "type": "Feature", "properties": { "id": "10971", "geo_fid": 10971, "geo_creati": 1530006283982, "geo_modifi": 1530006283982, "id_alpage": 10971, "id_num_sca": "ADO75CA_ANO502", "quartier": "Popincourt", "nom_entier": "Rue de Charonne", "id_parc": "PA25867", "num_voies": "107", "geox": 603546, "geoy": 128241, "oid": 1144024, "arrondissement": "Paris 11e Arrondissement" }, "geometry": { "type": "MultiPoint", "coordinates": [ [ 2.384827617009802, 48.854618890106295 ] ] } },
{ "type": "Feature", "properties": { "id": "10981", "geo_fid": 10981, "geo_creati": 1530006283982, "geo_modifi": 1530006283982, "id_alpage": 10981, "id_num_sca": "ADO75CA_ANO502", "quartier": "Popincourt", "nom_entier": "Rue de Charonne", "id_parc": "PA25893", "num_voies": "85", "geox": 603371, "geoy": 128177, "oid": 1144034, "arrondissement": "Paris 11e Arrondissement" }, "geometry": { "type": "MultiPoint", "coordinates": [ [ 2.382446359331193, 48.854047021573408 ] ] } },
{ "type": "Feature", "properties": { "id": "10988", "geo_fid": 10988, "geo_creati": 1530006283982, "geo_modifi": 1530006283982, "id_alpage": 10988, "id_num_sca": "ADO75CA_ANO502", "quartier": "Popincourt", "nom_entier": "Rue de Charonne", "id_parc": "PA25884", "num_voies": "73", "geox": 603317, "geoy": 128160, "oid": 1144041, "arrondissement": "Paris 11e Arrondissement" }, "geometry": { "type": "MultiPoint", "coordinates": [ [ 2.381702164943849, 48.853893538328833 ] ] } },
{ "type": "Feature", "properties": { "id": "10214", "geo_fid": 10214, "geo_creati": 1530006283939, "geo_modifi": 1530006283939, "id_alpage": 10214, "id_num_sca": "ADO75CA_ANO491", "quartier": "Popincourt", "nom_entier": "Rue de Lappe", "id_parc": "PA25933", "num_voies": "15bis", "geox": 602629, "geoy": 128165, "oid": 1143267, "arrondissement": "Paris 11e Arrondissement" }, "geometry": { "type": "MultiPoint", "coordinates": [ [ 2.372336098617218, 48.85393547148 ] ] } },
{ "type": "Feature", "properties": { "id": "10215", "geo_fid": 10215, "geo_creati": 1530006283939, "geo_modifi": 1530006283939, "id_alpage": 10215, "id_num_sca": "ADO75CA_ANO491", "quartier": "Popincourt", "nom_entier": "Rue de Lappe", "id_parc": "PA25934", "num_voies": "17", "geox": 602633, "geoy": 128161, "oid": 1143268, "arrondissement": "Paris 11e Arrondissement" }, "geometry": { "type": "MultiPoint", "coordinates": [ [ 2.372389224428838, 48.853905779144512 ] ] } },
{ "type": "Feature", "properties": { "id": "10219", "geo_fid": 10219, "geo_creati": 1530006283939, "geo_modifi": 1530006283939, "id_alpage": 10219, "id_num_sca": "ADO75CA_ANO491", "quartier": "Popincourt", "nom_entier": "Rue de Lappe", "id_parc": "PA25945", "num_voies": "25", "geox": 602659, "geoy": 128139, "oid": 1143272, "arrondissement": "Paris 11e Arrondissement" }, "geometry": { "type": "MultiPoint", "coordinates": [ [ 2.372737943955941, 48.853707831305634 ] ] } },
{ "type": "Feature", "properties": { "id": "10266", "geo_fid": 10266, "geo_creati": 1530006283939, "geo_modifi": 1530006283939, "id_alpage": 10266, "id_num_sca": "ADO75CA_ANO491", "quartier": "Popincourt", "nom_entier": "Rue de Basfroid", "id_parc": "PA26036", "num_voies": "7", "geox": 603200, "geoy": 128164, "oid": 1143319, "arrondissement": "Paris 11e Arrondissement" }, "geometry": { "type": "MultiPoint", "coordinates": [ [ 2.380118695292866, 48.853930115088161 ] ] } },
{ "type": "Feature", "properties": { "id": "10316", "geo_fid": 10316, "geo_creati": 1530006283940, "geo_modifi": 1530006283940, "id_alpage": 10316, "id_num_sca": "ADO75CA_ANO491", "quartier": "Popincourt", "nom_entier": "Cour Sainte Marie", "id_parc": "PA25959", "num_voies": "10", "geox": 602771, "geoy": 128134, "oid": 1143369, "arrondissement": "Paris 11e Arrondissement" }, "geometry": { "type": "MultiPoint", "coordinates": [ [ 2.374268257393008, 48.853660582893077 ] ] } },
{ "type": "Feature", "properties": { "id": "10318", "geo_fid": 10318, "geo_creati": 1530006283940, "geo_modifi": 1530006283940, "id_alpage": 10318, "id_num_sca": "ADO75CA_ANO491", "quartier": "Popincourt", "nom_entier": "Cour Sainte Marie", "id_parc": "PA25961", "num_voies": "8", "geox": 602788, "geoy": 128117, "oid": 1143371, "arrondissement": "Paris 11e Arrondissement" }, "geometry": { "type": "MultiPoint", "coordinates": [ [ 2.374495718856774, 48.853507632576431 ] ] } },
{ "type": "Feature", "properties": { "id": "10321", "geo_fid": 10321, "geo_creati": 1530006283941, "geo_modifi": 1530006283941, "id_alpage": 10321, "id_num_sca": "ADO75CA_ANO491", "quartier": "Popincourt", "nom_entier": "Cour Sainte Marie", "id_parc": "PA25964", "num_voies": "2", "geox": 602814, "geoy": 128090, "oid": 1143374, "arrondissement": "Paris 11e Arrondissement" }, "geometry": { "type": "MultiPoint", "coordinates": [ [ 2.374853931544666, 48.853263812286855 ] ] } },
{ "type": "Feature", "properties": { "id": "10222", "geo_fid": 10222, "geo_creati": 1530006283939, "geo_modifi": 1530006283939, "id_alpage": 10222, "id_num_sca": "ADO75CA_ANO491", "quartier": "Popincourt", "nom_entier": "Rue de Lappe", "id_parc": "PA25942", "num_voies": "33", "geox": 602682, "geoy": 128120, "oid": 1143275, "arrondissement": "Paris 11e Arrondissement" }, "geometry": { "type": "MultiPoint", "coordinates": [ [ 2.373052613272965, 48.853538669805033 ] ] } },
{ "type": "Feature", "properties": { "id": "10225", "geo_fid": 10225, "geo_creati": 1530006283939, "geo_modifi": 1530006283939, "id_alpage": 10225, "id_num_sca": "ADO75CA_ANO491", "quartier": "Popincourt", "nom_entier": "Rue de Lappe", "id_parc": "PA25983", "num_voies": "39", "geox": 602702, "geoy": 128103, "oid": 1143278, "arrondissement": "Paris 11e Arrondissement" }, "geometry": { "type": "MultiPoint", "coordinates": [ [ 2.373329135307539, 48.853384807135555 ] ] } },
{ "type": "Feature", "properties": { "id": "10229", "geo_fid": 10229, "geo_creati": 1530006283939, "geo_modifi": 1530006283939, "id_alpage": 10229, "id_num_sca": "ADO75CA_ANO491", "quartier": "Popincourt", "nom_entier": "Rue de Lappe", "id_parc": "PA25987", "num_voies": "47", "geox": 602736, "geoy": 128078, "oid": 1143282, "arrondissement": "Paris 11e Arrondissement" }, "geometry": { "type": "MultiPoint", "coordinates": [ [ 2.373782752255741, 48.853153549811402 ] ] } },
{ "type": "Feature", "properties": { "id": "10235", "geo_fid": 10235, "geo_creati": 1530006283939, "geo_modifi": 1530006283939, "id_alpage": 10235, "id_num_sca": "ADO75CA_ANO491", "quartier": "Popincourt", "nom_entier": "Rue de Charonne", "id_parc": "PA25974", "num_voies": "17", "geox": 602789, "geoy": 128045, "oid": 1143288, "arrondissement": "Paris 11e Arrondissement" }, "geometry": { "type": "MultiPoint", "coordinates": [ [ 2.374508857220008, 48.852855655877057 ] ] } },
{ "type": "Feature", "properties": { "id": "10238", "geo_fid": 10238, "geo_creati": 1530006283939, "geo_modifi": 1530006283939, "id_alpage": 10238, "id_num_sca": "ADO75CA_ANO491", "quartier": "Popincourt", "nom_entier": "Cour Sainte Marie", "id_parc": "PA25963", "num_voies": "23", "geox": 602824, "geoy": 128073, "oid": 1143291, "arrondissement": "Paris 11e Arrondissement" }, "geometry": { "type": "MultiPoint", "coordinates": [ [ 2.374991450145904, 48.853110890590855 ] ] } },
{ "type": "Feature", "properties": { "id": "10247", "geo_fid": 10247, "geo_creati": 1530006283939, "geo_modifi": 1530006283939, "id_alpage": 10247, "id_num_sca": "ADO75CA_ANO491", "quartier": "Popincourt", "nom_entier": "Rue de Charonne", "id_parc": "PA26000", "num_voies": "33", "geox": 602922, "geoy": 128088, "oid": 1143300, "arrondissement": "Paris 11e Arrondissement" }, "geometry": { "type": "MultiPoint", "coordinates": [ [ 2.376329741066808, 48.853242633087717 ] ] } },
{ "type": "Feature", "properties": { "id": "10256", "geo_fid": 10256, "geo_creati": 1530006283939, "geo_modifi": 1530006283939, "id_alpage": 10256, "id_num_sca": "ADO75CA_ANO491", "quartier": "Popincourt", "nom_entier": "Rue de Charonne", "id_parc": "PA26023", "num_voies": "51", "geox": 603129, "geoy": 128109, "oid": 1143309, "arrondissement": "Paris 11e Arrondissement" }, "geometry": { "type": "MultiPoint", "coordinates": [ [ 2.379146645884083, 48.853435876354318 ] ] } },
{ "type": "Feature", "properties": { "id": "10259", "geo_fid": 10259, "geo_creati": 1530006283939, "geo_modifi": 1530006283939, "id_alpage": 10259, "id_num_sca": "ADO75CA_ANO491", "quartier": "Popincourt", "nom_entier": "Rue de Charonne", "id_parc": "PA26035", "num_voies": "57", "geox": 603182, "geoy": 128125, "oid": 1143312, "arrondissement": "Paris 11e Arrondissement" }, "geometry": { "type": "MultiPoint", "coordinates": [ [ 2.379870370715542, 48.853573196993153 ] ] } },
{ "type": "Feature", "properties": { "id": "10260", "geo_fid": 10260, "geo_creati": 1530006283939, "geo_modifi": 1530006283939, "id_alpage": 10260, "id_num_sca": "ADO75CA_ANO491", "quartier": "Popincourt", "nom_entier": "Rue de Charonne", "id_parc": "PA26038", "num_voies": "59", "geox": 603192, "geoy": 128128, "oid": 1143313, "arrondissement": "Paris 11e Arrondissement" }, "geometry": { "type": "MultiPoint", "coordinates": [ [ 2.380009395329818, 48.853603720240358 ] ] } },
{ "type": "Feature", "properties": { "id": "10263", "geo_fid": 10263, "geo_creati": 1530006283939, "geo_modifi": 1530006283939, "id_alpage": 10263, "id_num_sca": "ADO75CA_ANO491", "quartier": "Popincourt", "nom_entier": "Rue de Basfroid", "id_parc": "PA26040", "num_voies": "1", "geox": 603216, "geoy": 128140, "oid": 1143316, "arrondissement": "Paris 11e Arrondissement" }, "geometry": { "type": "MultiPoint", "coordinates": [ [ 2.380328368318626, 48.853712412218641 ] ] } },
{ "type": "Feature", "properties": { "id": "10285", "geo_fid": 10285, "geo_creati": 1530006283940, "geo_modifi": 1530006283940, "id_alpage": 10285, "id_num_sca": "ADO75CA_ANO491", "quartier": "Popincourt", "nom_entier": "Rue de Basfroid", "id_parc": "PA26014", "num_voies": "41", "geox": 603060, "geoy": 128418, "oid": 1143338, "arrondissement": "Paris 11e Arrondissement" }, "geometry": { "type": "MultiPoint", "coordinates": [ [ 2.378203206601686, 48.856216768948592 ] ] } },
{ "type": "Feature", "properties": { "id": "10987", "geo_fid": 10987, "geo_creati": 1530006283982, "geo_modifi": 1530006283982, "id_alpage": 10987, "id_num_sca": "ADO75CA_ANO502", "quartier": "Popincourt", "nom_entier": "Rue de Charonne", "id_parc": "PA25887", "num_voies": "75", "geox": 603324, "geoy": 128163, "oid": 1144040, "arrondissement": "Paris 11e Arrondissement" }, "geometry": { "type": "MultiPoint", "coordinates": [ [ 2.381805757969511, 48.853921375369758 ] ] } },
{ "type": "Feature", "properties": { "id": "10211", "geo_fid": 10211, "geo_creati": 1530006283938, "geo_modifi": 1530006283938, "id_alpage": 10211, "id_num_sca": "ADO75CA_ANO491", "quartier": "Popincourt", "nom_entier": "Rue de Lappe", "id_parc": "PA25924", "num_voies": "11", "geox": 602616, "geoy": 128177, "oid": 1143264, "arrondissement": "Paris 11e Arrondissement" }, "geometry": { "type": "MultiPoint", "coordinates": [ [ 2.37214948051218, 48.85404523993676 ] ] } },
{ "type": "Feature", "properties": { "id": "10213", "geo_fid": 10213, "geo_creati": 1530006283938, "geo_modifi": 1530006283938, "id_alpage": 10213, "id_num_sca": "ADO75CA_ANO491", "quartier": "Popincourt", "nom_entier": "Rue de Lappe", "id_parc": "PA25932", "num_voies": "15", "geox": 602625, "geoy": 128168, "oid": 1143266, "arrondissement": "Paris 11e Arrondissement" }, "geometry": { "type": "MultiPoint", "coordinates": [ [ 2.372277523687013, 48.853967863280715 ] ] } },
{ "type": "Feature", "properties": { "id": "10220", "geo_fid": 10220, "geo_creati": 1530006283939, "geo_modifi": 1530006283939, "id_alpage": 10220, "id_num_sca": "ADO75CA_ANO491", "quartier": "Popincourt", "nom_entier": "Rue de Lappe", "id_parc": "PA25943", "num_voies": "29", "geox": 602669, "geoy": 128131, "oid": 1143273, "arrondissement": "Paris 11e Arrondissement" }, "geometry": { "type": "MultiPoint", "coordinates": [ [ 2.372878250561977, 48.853631349433051 ] ] } },
{ "type": "Feature", "properties": { "id": "10227", "geo_fid": 10227, "geo_creati": 1530006283939, "geo_modifi": 1530006283939, "id_alpage": 10227, "id_num_sca": "ADO75CA_ANO491", "quartier": "Popincourt", "nom_entier": "Rue de Lappe", "id_parc": "PA25985", "num_voies": "43", "geox": 602719, "geoy": 128090, "oid": 1143280, "arrondissement": "Paris 11e Arrondissement" }, "geometry": { "type": "MultiPoint", "coordinates": [ [ 2.373553897929001, 48.853266031896773 ] ] } },
{ "type": "Feature", "properties": { "id": "10228", "geo_fid": 10228, "geo_creati": 1530006283939, "geo_modifi": 1530006283939, "id_alpage": 10228, "id_num_sca": "ADO75CA_ANO491", "quartier": "Popincourt", "nom_entier": "Rue de Lappe", "id_parc": "PA25982", "num_voies": "45", "geox": 602727, "geoy": 128083, "oid": 1143281, "arrondissement": "Paris 11e Arrondissement" }, "geometry": { "type": "MultiPoint", "coordinates": [ [ 2.373669684314934, 48.853204844479983 ] ] } },
{ "type": "Feature", "properties": { "id": "10236", "geo_fid": 10236, "geo_creati": 1530006283939, "geo_modifi": 1530006283939, "id_alpage": 10236, "id_num_sca": "ADO75CA_ANO491", "quartier": "Popincourt", "nom_entier": "Rue de Charonne", "id_parc": "PA25976", "num_voies": "19", "geox": 602794, "geoy": 128050, "oid": 1143289, "arrondissement": "Paris 11e Arrondissement" }, "geometry": { "type": "MultiPoint", "coordinates": [ [ 2.374575667109259, 48.852905094015576 ] ] } },
{ "type": "Feature", "properties": { "id": "10239", "geo_fid": 10239, "geo_creati": 1530006283939, "geo_modifi": 1530006283939, "id_alpage": 10239, "id_num_sca": "ADO75CA_ANO491", "quartier": "Popincourt", "nom_entier": "Rue de Charonne", "id_parc": "PA25965", "num_voies": "25", "geox": 602848, "geoy": 128086, "oid": 1143292, "arrondissement": "Paris 11e Arrondissement" }, "geometry": { "type": "MultiPoint", "coordinates": [ [ 2.375309053861767, 48.853229489032977 ] ] } },
{ "type": "Feature", "properties": { "id": "10241", "geo_fid": 10241, "geo_creati": 1530006283939, "geo_modifi": 1530006283939, "id_alpage": 10241, "id_num_sca": "ADO75CA_ANO491", "quartier": "Popincourt", "nom_entier": "Rue Neuve de Lappe", "id_parc": "PA25968", "num_voies": "27bis", "geox": 602864, "geoy": 128105, "oid": 1143294, "arrondissement": "Paris 11e Arrondissement" }, "geometry": { "type": "MultiPoint", "coordinates": [ [ 2.375535398963379, 48.853402972860877 ] ] } },
{ "type": "Feature", "properties": { "id": "10243", "geo_fid": 10243, "geo_creati": 1530006283939, "geo_modifi": 1530006283939, "id_alpage": 10243, "id_num_sca": "ADO75CA_ANO491", "quartier": "Popincourt", "nom_entier": "Rue Neuve de Lappe", "id_parc": "PA25996", "num_voies": "8", "geox": 602866, "geoy": 128126, "oid": 1143296, "arrondissement": "Paris 11e Arrondissement" }, "geometry": { "type": "MultiPoint", "coordinates": [ [ 2.375555978478425, 48.853582820413905 ] ] } },
{ "type": "Feature", "properties": { "id": "10250", "geo_fid": 10250, "geo_creati": 1530006283939, "geo_modifi": 1530006283939, "id_alpage": 10250, "id_num_sca": "ADO75CA_ANO491", "quartier": "Popincourt", "nom_entier": "Rue de Charonne", "id_parc": "PA25991", "num_voies": "39", "geox": 603007, "geoy": 128090, "oid": 1143303, "arrondissement": "Paris 11e Arrondissement" }, "geometry": { "type": "MultiPoint", "coordinates": [ [ 2.377479895200878, 48.853265614439962 ] ] } },
{ "type": "Feature", "properties": { "id": "10252", "geo_fid": 10252, "geo_creati": 1530006283939, "geo_modifi": 1530006283939, "id_alpage": 10252, "id_num_sca": "ADO75CA_ANO491", "quartier": "Popincourt", "nom_entier": "Rue de Charonne", "id_parc": "PA26047", "num_voies": "43", "geox": 603052, "geoy": 128095, "oid": 1143305, "arrondissement": "Paris 11e Arrondissement" }, "geometry": { "type": "MultiPoint", "coordinates": [ [ 2.378097240654028, 48.853305862361985 ] ] } },
{ "type": "Feature", "properties": { "id": "10274", "geo_fid": 10274, "geo_creati": 1530006283940, "geo_modifi": 1530006283940, "id_alpage": 10274, "id_num_sca": "ADO75CA_ANO491", "quartier": "Popincourt", "nom_entier": "Rue de Basfroid", "id_parc": "PA26028", "num_voies": "21", "geox": 603137, "geoy": 128278, "oid": 1143327, "arrondissement": "Paris 11e Arrondissement" }, "geometry": { "type": "MultiPoint", "coordinates": [ [ 2.37925013100212, 48.854951112200233 ] ] } },
{ "type": "Feature", "properties": { "id": "10277", "geo_fid": 10277, "geo_creati": 1530006283940, "geo_modifi": 1530006283940, "id_alpage": 10277, "id_num_sca": "ADO75CA_ANO491", "quartier": "Popincourt", "nom_entier": "Rue de Basfroid", "id_parc": "PA25186", "num_voies": "27", "geox": 603116, "geoy": 128317, "oid": 1143330, "arrondissement": "Paris 11e Arrondissement" }, "geometry": { "type": "MultiPoint", "coordinates": [ [ 2.378964249050753, 48.855307328919039 ] ] } },
{ "type": "Feature", "properties": { "id": "10279", "geo_fid": 10279, "geo_creati": 1530006283940, "geo_modifi": 1530006283940, "id_alpage": 10279, "id_num_sca": "ADO75CA_ANO491", "quartier": "Popincourt", "nom_entier": "Rue de Basfroid", "id_parc": "PA26020", "num_voies": "31", "geox": 603102, "geoy": 128342, "oid": 1143332, "arrondissement": "Paris 11e Arrondissement" }, "geometry": { "type": "MultiPoint", "coordinates": [ [ 2.378780456935721, 48.855525919141812 ] ] } },
{ "type": "Feature", "properties": { "id": "10317", "geo_fid": 10317, "geo_creati": 1530006283940, "geo_modifi": 1530006283940, "id_alpage": 10317, "id_num_sca": "ADO75CA_ANO491", "quartier": "Popincourt", "nom_entier": "Cour Sainte Marie", "id_parc": "PA25958", "num_voies": "8bis", "geox": 602779, "geoy": 128126, "oid": 1143370, "arrondissement": "Paris 11e Arrondissement" }, "geometry": { "type": "MultiPoint", "coordinates": [ [ 2.374379946894655, 48.853587705544882 ] ] } },
{ "type": "Feature", "properties": { "id": "10319", "geo_fid": 10319, "geo_creati": 1530006283940, "geo_modifi": 1530006283940, "id_alpage": 10319, "id_num_sca": "ADO75CA_ANO491", "quartier": "Popincourt", "nom_entier": "Cour Sainte Marie", "id_parc": "PA25960", "num_voies": "6", "geox": 602797, "geoy": 128107, "oid": 1143372, "arrondissement": "Paris 11e Arrondissement" }, "geometry": { "type": "MultiPoint", "coordinates": [ [ 2.374625109573903, 48.853416763762752 ] ] } },
{ "type": "Feature", "properties": { "id": "10974", "geo_fid": 10974, "geo_creati": 1530006283982, "geo_modifi": 1530006283982, "id_alpage": 10974, "id_num_sca": "ADO75CA_ANO502", "quartier": "Popincourt", "nom_entier": "Rue de Charonne", "id_parc": "PA25876", "num_voies": "101", "geox": 603530, "geoy": 128236, "oid": 1144027, "arrondissement": "Paris 11e Arrondissement" }, "geometry": { "type": "MultiPoint", "coordinates": [ [ 2.38460816855474, 48.854572219223762 ] ] } },
{ "type": "Feature", "properties": { "id": "10855", "geo_fid": 10855, "geo_creati": 1530006283980, "geo_modifi": 1530006283980, "id_alpage": 10855, "id_num_sca": "ADO75CA_ANO501", "quartier": "Popincourt", "nom_entier": "Rue d' Aral", "id_parc": "PA25638", "num_voies": "2", "geox": 602544, "geoy": 128234, "oid": 1143908, "arrondissement": "Paris 11e Arrondissement" }, "geometry": { "type": "MultiPoint", "coordinates": [ [ 2.371180921390714, 48.854558117307597 ] ] } },
{ "type": "Feature", "properties": { "id": "10972", "geo_fid": 10972, "geo_creati": 1530006283982, "geo_modifi": 1530006283982, "id_alpage": 10972, "id_num_sca": "ADO75CA_ANO502", "quartier": "Popincourt", "nom_entier": "Rue de Charonne", "id_parc": "PA25866", "num_voies": "105", "geox": 603541, "geoy": 128239, "oid": 1144025, "arrondissement": "Paris 11e Arrondissement" }, "geometry": { "type": "MultiPoint", "coordinates": [ [ 2.384758096624933, 48.85459823580468 ] ] } },
{ "type": "Feature", "properties": { "id": "10976", "geo_fid": 10976, "geo_creati": 1530006283982, "geo_modifi": 1530006283982, "id_alpage": 10976, "id_num_sca": "ADO75CA_ANO502", "quartier": "Popincourt", "nom_entier": "Rue de Charonne", "id_parc": "PA25834", "num_voies": "97", "geox": 603486, "geoy": 128218, "oid": 1144029, "arrondissement": "Paris 11e Arrondissement" }, "geometry": { "type": "MultiPoint", "coordinates": [ [ 2.384005682415874, 48.854415094998664 ] ] } },
{ "type": "Feature", "properties": { "id": "10979", "geo_fid": 10979, "geo_creati": 1530006283982, "geo_modifi": 1530006283982, "id_alpage": 10979, "id_num_sca": "ADO75CA_ANO502", "quartier": "Popincourt", "nom_entier": "Rue de Charonne", "id_parc": "PA25894", "num_voies": "89", "geox": 603393, "geoy": 128185, "oid": 1144032, "arrondissement": "Paris 11e Arrondissement" }, "geometry": { "type": "MultiPoint", "coordinates": [ [ 2.382747586115462, 48.854113448024052 ] ] } },
{ "type": "Feature", "properties": { "id": "10980", "geo_fid": 10980, "geo_creati": 1530006283982, "geo_modifi": 1530006283982, "id_alpage": 10980, "id_num_sca": "ADO75CA_ANO502", "quartier": "Popincourt", "nom_entier": "Rue de Charonne", "id_parc": "PA25895", "num_voies": "87", "geox": 603381, "geoy": 128181, "oid": 1144033, "arrondissement": "Paris 11e Arrondissement" }, "geometry": { "type": "MultiPoint", "coordinates": [ [ 2.382581301085811, 48.854080241124656 ] ] } },
{ "type": "Feature", "properties": { "id": "10983", "geo_fid": 10983, "geo_creati": 1530006283982, "geo_modifi": 1530006283982, "id_alpage": 10983, "id_num_sca": "ADO75CA_ANO502", "quartier": "Popincourt", "nom_entier": "Rue de Charonne", "id_parc": "PA25891", "num_voies": "81bis", "geox": 603351, "geoy": 128170, "oid": 1144036, "arrondissement": "Paris 11e Arrondissement" }, "geometry": { "type": "MultiPoint", "coordinates": [ [ 2.38216557851015, 48.853985082644378 ] ] } },
{ "type": "Feature", "properties": { "id": "10984", "geo_fid": 10984, "geo_creati": 1530006283982, "geo_modifi": 1530006283982, "id_alpage": 10984, "id_num_sca": "ADO75CA_ANO502", "quartier": "Popincourt", "nom_entier": "Rue de Charonne", "id_parc": "PA25889", "num_voies": "81", "geox": 603338, "geoy": 128167, "oid": 1144037, "arrondissement": "Paris 11e Arrondissement" }, "geometry": { "type": "MultiPoint", "coordinates": [ [ 2.381995206082003, 48.853951876500645 ] ] } },
{ "type": "Feature", "properties": { "id": "10212", "geo_fid": 10212, "geo_creati": 1530006283938, "geo_modifi": 1530006283938, "id_alpage": 10212, "id_num_sca": "ADO75CA_ANO491", "quartier": "Popincourt", "nom_entier": "Rue de Lappe", "id_parc": "PA25936", "num_voies": "13", "geox": 602621, "geoy": 128172, "oid": 1143265, "arrondissement": "Paris 11e Arrondissement" }, "geometry": { "type": "MultiPoint", "coordinates": [ [ 2.372220313319639, 48.854002952450003 ] ] } },
{ "type": "Feature", "properties": { "id": "10216", "geo_fid": 10216, "geo_creati": 1530006283939, "geo_modifi": 1530006283939, "id_alpage": 10216, "id_num_sca": "ADO75CA_ANO491", "quartier": "Popincourt", "nom_entier": "Rue de Lappe", "id_parc": "PA25935", "num_voies": "19", "geox": 602638, "geoy": 128157, "oid": 1143269, "arrondissement": "Paris 11e Arrondissement" }, "geometry": { "type": "MultiPoint", "coordinates": [ [ 2.372455971810379, 48.853867989131231 ] ] } },
{ "type": "Feature", "properties": { "id": "10217", "geo_fid": 10217, "geo_creati": 1530006283939, "geo_modifi": 1530006283939, "id_alpage": 10217, "id_num_sca": "ADO75CA_ANO491", "quartier": "Popincourt", "nom_entier": "Rue de Lappe", "id_parc": "PA25931", "num_voies": "21", "geox": 602643, "geoy": 128153, "oid": 1143270, "arrondissement": "Paris 11e Arrondissement" }, "geometry": { "type": "MultiPoint", "coordinates": [ [ 2.372522717175161, 48.853827501262636 ] ] } },
{ "type": "Feature", "properties": { "id": "10230", "geo_fid": 10230, "geo_creati": 1530006283939, "geo_modifi": 1530006283939, "id_alpage": 10230, "id_num_sca": "ADO75CA_ANO491", "quartier": "Popincourt", "nom_entier": "Rue de Lappe", "id_parc": "PA25986", "num_voies": "49", "geox": 602743, "geoy": 128072, "oid": 1143283, "arrondissement": "Paris 11e Arrondissement" }, "geometry": { "type": "MultiPoint", "coordinates": [ [ 2.373886284269341, 48.853106754454686 ] ] } },
{ "type": "Feature", "properties": { "id": "10231", "geo_fid": 10231, "geo_creati": 1530006283939, "geo_modifi": 1530006283939, "id_alpage": 10231, "id_num_sca": "ADO75CA_ANO491", "quartier": "Popincourt", "nom_entier": "Rue de Lappe", "id_parc": "PA25988", "num_voies": "51", "geox": 602751, "geoy": 128067, "oid": 1143284, "arrondissement": "Paris 11e Arrondissement" }, "geometry": { "type": "MultiPoint", "coordinates": [ [ 2.373997987719107, 48.853053661466483 ] ] } },
{ "type": "Feature", "properties": { "id": "10244", "geo_fid": 10244, "geo_creati": 1530006283939, "geo_modifi": 1530006283939, "id_alpage": 10244, "id_num_sca": "ADO75CA_ANO491", "quartier": "Popincourt", "nom_entier": "Rue de Charonne", "id_parc": "PA25997", "num_voies": "29", "geox": 602882, "geoy": 128090, "oid": 1143297, "arrondissement": "Paris 11e Arrondissement" }, "geometry": { "type": "MultiPoint", "coordinates": [ [ 2.375780581166639, 48.853263503120687 ] ] } },
{ "type": "Feature", "properties": { "id": "10245", "geo_fid": 10245, "geo_creati": 1530006283939, "geo_modifi": 1530006283939, "id_alpage": 10245, "id_num_sca": "ADO75CA_ANO491", "quartier": "Popincourt", "nom_entier": "Rue de Charonne", "id_parc": "PA25998", "num_voies": "29bis", "geox": 602895, "geoy": 128088, "oid": 1143298, "arrondissement": "Paris 11e Arrondissement" }, "geometry": { "type": "MultiPoint", "coordinates": [ [ 2.3759590848792, 48.853247255799666 ] ] } },
{ "type": "Feature", "properties": { "id": "10251", "geo_fid": 10251, "geo_creati": 1530006283939, "geo_modifi": 1530006283939, "id_alpage": 10251, "id_num_sca": "ADO75CA_ANO491", "quartier": "Popincourt", "nom_entier": "Rue de Charonne", "id_parc": "PA26046", "num_voies": "41", "geox": 603037, "geoy": 128093, "oid": 1143304, "arrondissement": "Paris 11e Arrondissement" }, "geometry": { "type": "MultiPoint", "coordinates": [ [ 2.377896906665965, 48.853288847728997 ] ] } },
{ "type": "Feature", "properties": { "id": "10255", "geo_fid": 10255, "geo_creati": 1530006283939, "geo_modifi": 1530006283939, "id_alpage": 10255, "id_num_sca": "ADO75CA_ANO491", "quartier": "Popincourt", "nom_entier": "Rue de Charonne", "id_parc": "PA26022", "num_voies": "49", "geox": 603113, "geoy": 128106, "oid": 1143308, "arrondissement": "Paris 11e Arrondissement" }, "geometry": { "type": "MultiPoint", "coordinates": [ [ 2.378932671700887, 48.853404480188601 ] ] } },
{ "type": "Feature", "properties": { "id": "10276", "geo_fid": 10276, "geo_creati": 1530006283940, "geo_modifi": 1530006283940, "id_alpage": 10276, "id_num_sca": "ADO75CA_ANO491", "quartier": "Popincourt", "nom_entier": "Rue de Basfroid", "id_parc": "PA25186", "num_voies": "25", "geox": 603120, "geoy": 128309, "oid": 1143329, "arrondissement": "Paris 11e Arrondissement" }, "geometry": { "type": "MultiPoint", "coordinates": [ [ 2.379029598783609, 48.855231766132874 ] ] } },
{ "type": "Feature", "properties": { "id": "10280", "geo_fid": 10280, "geo_creati": 1530006283940, "geo_modifi": 1530006283940, "id_alpage": 10280, "id_num_sca": "ADO75CA_ANO491", "quartier": "Popincourt", "nom_entier": "Rue de Basfroid", "id_parc": "PA26020", "num_voies": "33", "geox": 603098, "geoy": 128348, "oid": 1143333, "arrondissement": "Paris 11e Arrondissement" }, "geometry": { "type": "MultiPoint", "coordinates": [ [ 2.378727357231453, 48.855584391158629 ] ] } },
{ "type": "Feature", "properties": { "id": "10284", "geo_fid": 10284, "geo_creati": 1530006283940, "geo_modifi": 1530006283940, "id_alpage": 10284, "id_num_sca": "ADO75CA_ANO491", "quartier": "Popincourt", "nom_entier": "Rue de Basfroid", "id_parc": "PA26030", "num_voies": "39bis", "geox": 603070, "geoy": 128400, "oid": 1143337, "arrondissement": "Paris 11e Arrondissement" }, "geometry": { "type": "MultiPoint", "coordinates": [ [ 2.378346162355594, 48.856049452892982 ] ] } },
{ "type": "Feature", "properties": { "id": "10322", "geo_fid": 10322, "geo_creati": 1530006283941, "geo_modifi": 1530006283941, "id_alpage": 10322, "id_num_sca": "ADO75CA_ANO491", "quartier": "Popincourt", "nom_entier": "Cour Sainte Marie", "id_parc": "PA25939", "num_voies": "15", "geox": 602746, "geoy": 128155, "oid": 1143375, "arrondissement": "Paris 11e Arrondissement" }, "geometry": { "type": "MultiPoint", "coordinates": [ [ 2.37393043622186, 48.853845042819835 ] ] } },
{ "type": "Feature", "properties": { "id": "10323", "geo_fid": 10323, "geo_creati": 1530006283941, "geo_modifi": 1530006283941, "id_alpage": 10323, "id_num_sca": "ADO75CA_ANO491", "quartier": "Popincourt", "nom_entier": "Cour Sainte Marie", "id_parc": "PA25981", "num_voies": "13", "geox": 602764, "geoy": 128137, "oid": 1143376, "arrondissement": "Paris 11e Arrondissement" }, "geometry": { "type": "MultiPoint", "coordinates": [ [ 2.374168794072647, 48.853682197655651 ] ] } },
{ "type": "Feature", "properties": { "id": "10327", "geo_fid": 10327, "geo_creati": 1530006283941, "geo_modifi": 1530006283941, "id_alpage": 10327, "id_num_sca": "ADO75CA_ANO491", "quartier": "Popincourt", "nom_entier": "Cour Sainte Marie", "id_parc": "PA25979", "num_voies": "3", "geox": 602803, "geoy": 128096, "oid": 1143380, "arrondissement": "Paris 11e Arrondissement" }, "geometry": { "type": "MultiPoint", "coordinates": [ [ 2.374697262116108, 48.853321417241382 ] ] } },
{ "type": "Feature", "properties": { "id": "10975", "geo_fid": 10975, "geo_creati": 1530006283982, "geo_modifi": 1530006283982, "id_alpage": 10975, "id_num_sca": "ADO75CA_ANO502", "quartier": "Popincourt", "nom_entier": "Rue de Charonne", "id_parc": "PA25835", "num_voies": "99", "geox": 603521, "geoy": 128232, "oid": 1144028, "arrondissement": "Paris 11e Arrondissement" }, "geometry": { "type": "MultiPoint", "coordinates": [ [ 2.384490937359708, 48.854536296919008 ] ] } },
{ "type": "Feature", "properties": { "id": "10226", "geo_fid": 10226, "geo_creati": 1530006283939, "geo_modifi": 1530006283939, "id_alpage": 10226, "id_num_sca": "ADO75CA_ANO491", "quartier": "Popincourt", "nom_entier": "Rue de Lappe", "id_parc": "PA25984", "num_voies": "41", "geox": 602709, "geoy": 128098, "oid": 1143279, "arrondissement": "Paris 11e Arrondissement" }, "geometry": { "type": "MultiPoint", "coordinates": [ [ 2.373427212757709, 48.853331719013909 ] ] } },
{ "type": "Feature", "properties": { "id": "10233", "geo_fid": 10233, "geo_creati": 1530006283939, "geo_modifi": 1530006283939, "id_alpage": 10233, "id_num_sca": "ADO75CA_ANO491", "quartier": "Popincourt", "nom_entier": "Rue de Lappe", "id_parc": "PA25975", "num_voies": "55", "geox": 602772, "geoy": 128052, "oid": 1143286, "arrondissement": "Paris 11e Arrondissement" }, "geometry": { "type": "MultiPoint", "coordinates": [ [ 2.374277245634967, 48.85292137815415 ] ] } },
{ "type": "Feature", "properties": { "id": "10234", "geo_fid": 10234, "geo_creati": 1530006283939, "geo_modifi": 1530006283939, "id_alpage": 10234, "id_num_sca": "ADO75CA_ANO491", "quartier": "Popincourt", "nom_entier": "Rue de Lappe", "id_parc": "PA25974", "num_voies": "57", "geox": 602780, "geoy": 128046, "oid": 1143287, "arrondissement": "Paris 11e Arrondissement" }, "geometry": { "type": "MultiPoint", "coordinates": [ [ 2.374393036378454, 48.852868283452871 ] ] } },
{ "type": "Feature", "properties": { "id": "10242", "geo_fid": 10242, "geo_creati": 1530006283939, "geo_modifi": 1530006283939, "id_alpage": 10242, "id_num_sca": "ADO75CA_ANO491", "quartier": "Popincourt", "nom_entier": "Rue Neuve de Lappe", "id_parc": "PA25966", "num_voies": "27ter", "geox": 602859, "geoy": 128121, "oid": 1143295, "arrondissement": "Paris 11e Arrondissement" }, "geometry": { "type": "MultiPoint", "coordinates": [ [ 2.37546328110734, 48.853541484971402 ] ] } },
{ "type": "Feature", "properties": { "id": "10248", "geo_fid": 10248, "geo_creati": 1530006283939, "geo_modifi": 1530006283939, "id_alpage": 10248, "id_num_sca": "ADO75CA_ANO491", "quartier": "Popincourt", "nom_entier": "Rue de Charonne", "id_parc": "PA25992", "num_voies": "35", "geox": 602940, "geoy": 128087, "oid": 1143301, "arrondissement": "Paris 11e Arrondissement" }, "geometry": { "type": "MultiPoint", "coordinates": [ [ 2.376575026296545, 48.853237153178711 ] ] } },
{ "type": "Feature", "properties": { "id": "10258", "geo_fid": 10258, "geo_creati": 1530006283939, "geo_modifi": 1530006283939, "id_alpage": 10258, "id_num_sca": "ADO75CA_ANO491", "quartier": "Popincourt", "nom_entier": "Rue de Charonne", "id_parc": "PA26031", "num_voies": "55", "geox": 603165, "geoy": 128119, "oid": 1143311, "arrondissement": "Paris 11e Arrondissement" }, "geometry": { "type": "MultiPoint", "coordinates": [ [ 2.379630490621135, 48.85352652417837 ] ] } },
{ "type": "Feature", "properties": { "id": "10278", "geo_fid": 10278, "geo_creati": 1530006283940, "geo_modifi": 1530006283940, "id_alpage": 10278, "id_num_sca": "ADO75CA_ANO491", "quartier": "Popincourt", "nom_entier": "Rue de Basfroid", "id_parc": "PA25186", "num_voies": "29", "geox": 603109, "geoy": 128330, "oid": 1143331, "arrondissement": "Paris 11e Arrondissement" }, "geometry": { "type": "MultiPoint", "coordinates": [ [ 2.378873034961396, 48.855417073454788 ] ] } },
{ "type": "Feature", "properties": { "id": "10324", "geo_fid": 10324, "geo_creati": 1530006283941, "geo_modifi": 1530006283941, "id_alpage": 10324, "id_num_sca": "ADO75CA_ANO491", "quartier": "Popincourt", "nom_entier": "Cour Sainte Marie", "id_parc": "PA25981", "num_voies": "11", "geox": 602776, "geoy": 128124, "oid": 1143377, "arrondissement": "Paris 11e Arrondissement" }, "geometry": { "type": "MultiPoint", "coordinates": [ [ 2.374339049587552, 48.853567035583872 ] ] } },
{ "type": "Feature", "properties": { "id": "10326", "geo_fid": 10326, "geo_creati": 1530006283941, "geo_modifi": 1530006283941, "id_alpage": 10326, "id_num_sca": "ADO75CA_ANO491", "quartier": "Popincourt", "nom_entier": "Cour Sainte Marie", "id_parc": "PA25978", "num_voies": "7", "geox": 602792, "geoy": 128107, "oid": 1143379, "arrondissement": "Paris 11e Arrondissement" }, "geometry": { "type": "MultiPoint", "coordinates": [ [ 2.374556976063024, 48.8534203831505 ] ] } },
{ "type": "Feature", "properties": { "id": "10973", "geo_fid": 10973, "geo_creati": 1530006283982, "geo_modifi": 1530006283982, "id_alpage": 10973, "id_num_sca": "ADO75CA_ANO502", "quartier": "Popincourt", "nom_entier": "Rue de Charonne", "id_parc": "PA25865", "num_voies": "103", "geox": 603534, "geoy": 128237, "oid": 1144026, "arrondissement": "Paris 11e Arrondissement" }, "geometry": { "type": "MultiPoint", "coordinates": [ [ 2.38466950028894, 48.854580287206211 ] ] } },
{ "type": "Feature", "properties": { "id": "10218", "geo_fid": 10218, "geo_creati": 1530006283939, "geo_modifi": 1530006283939, "id_alpage": 10218, "id_num_sca": "ADO75CA_ANO491", "quartier": "Popincourt", "nom_entier": "Rue de Lappe", "id_parc": "PA25944", "num_voies": "23", "geox": 602650, "geoy": 128147, "oid": 1143271, "arrondissement": "Paris 11e Arrondissement" }, "geometry": { "type": "MultiPoint", "coordinates": [ [ 2.372616709437627, 48.853776213644743 ] ] } },
{ "type": "Feature", "properties": { "id": "10985", "geo_fid": 10985, "geo_creati": 1530006283982, "geo_modifi": 1530006283982, "id_alpage": 10985, "id_num_sca": "ADO75CA_ANO502", "quartier": "Popincourt", "nom_entier": "Rue de Charonne", "id_parc": "PA25888", "num_voies": "79bis", "geox": 603331, "geoy": 128165, "oid": 1144038, "arrondissement": "Paris 11e Arrondissement" }, "geometry": { "type": "MultiPoint", "coordinates": [ [ 2.381899801435524, 48.853937525513125 ] ] } },
{ "type": "Feature", "properties": { "id": "10221", "geo_fid": 10221, "geo_creati": 1530006283939, "geo_modifi": 1530006283939, "id_alpage": 10221, "id_num_sca": "ADO75CA_ANO491", "quartier": "Popincourt", "nom_entier": "Rue de Lappe", "id_parc": "PA25941", "num_voies": "31", "geox": 602676, "geoy": 128125, "oid": 1143274, "arrondissement": "Paris 11e Arrondissement" }, "geometry": { "type": "MultiPoint", "coordinates": [ [ 2.372979056377239, 48.853580958661226 ] ] } },
{ "type": "Feature", "properties": { "id": "10265", "geo_fid": 10265, "geo_creati": 1530006283939, "geo_modifi": 1530006283939, "id_alpage": 10265, "id_num_sca": "ADO75CA_ANO491", "quartier": "Popincourt", "nom_entier": "Rue de Basfroid", "id_parc": "PA26039", "num_voies": "5", "geox": 603206, "geoy": 128155, "oid": 1143318, "arrondissement": "Paris 11e Arrondissement" }, "geometry": { "type": "MultiPoint", "coordinates": [ [ 2.380192212438351, 48.853848253662363 ] ] } },
{ "type": "Feature", "properties": { "id": "10273", "geo_fid": 10273, "geo_creati": 1530006283940, "geo_modifi": 1530006283940, "id_alpage": 10273, "id_num_sca": "ADO75CA_ANO491", "quartier": "Popincourt", "nom_entier": "Rue de Basfroid", "id_parc": "PA26028", "num_voies": "19", "geox": 603142, "geoy": 128268, "oid": 1143326, "arrondissement": "Paris 11e Arrondissement" }, "geometry": { "type": "MultiPoint", "coordinates": [ [ 2.379319558226971, 48.854863857206887 ] ] } },
{ "type": "Feature", "properties": { "id": "10281", "geo_fid": 10281, "geo_creati": 1530006283940, "geo_modifi": 1530006283940, "id_alpage": 10281, "id_num_sca": "ADO75CA_ANO491", "quartier": "Popincourt", "nom_entier": "Rue de Basfroid", "id_parc": "PA26020", "num_voies": "35", "geox": 603092, "geoy": 128361, "oid": 1143334, "arrondissement": "Paris 11e Arrondissement" }, "geometry": { "type": "MultiPoint", "coordinates": [ [ 2.378642963535521, 48.855703125755099 ] ] } },
{ "type": "Feature", "properties": { "id": "10314", "geo_fid": 10314, "geo_creati": 1530006283940, "geo_modifi": 1530006283940, "id_alpage": 10314, "id_num_sca": "ADO75CA_ANO491", "quartier": "Popincourt", "nom_entier": "Cour Sainte Marie", "id_parc": "PA25957", "num_voies": "14", "geox": 602755, "geoy": 128150, "oid": 1143367, "arrondissement": "Paris 11e Arrondissement" }, "geometry": { "type": "MultiPoint", "coordinates": [ [ 2.374050329679301, 48.853808134048236 ] ] } },
{ "type": "Feature", "properties": { "id": "10315", "geo_fid": 10315, "geo_creati": 1530006283940, "geo_modifi": 1530006283940, "id_alpage": 10315, "id_num_sca": "ADO75CA_ANO491", "quartier": "Popincourt", "nom_entier": "Cour Sainte Marie", "id_parc": "PA25956", "num_voies": "12", "geox": 602764, "geoy": 128141, "oid": 1143368, "arrondissement": "Paris 11e Arrondissement" }, "geometry": { "type": "MultiPoint", "coordinates": [ [ 2.374174277745476, 48.853726260223681 ] ] } },
{ "type": "Feature", "properties": { "id": "8731", "geo_fid": 8731, "geo_creati": 1530006283823, "geo_modifi": 1530006283823, "id_alpage": 8731, "id_num_sca": "ADO75CA_ANO538", "quartier": "Quinze-Vingts", "nom_entier": "Rue du Faubourg Saint Antoine", "id_parc": "PA9939", "num_voies": "260", "geox": 603857, "geoy": 127644, "oid": 1141784, "arrondissement": "Paris 12e Arrondissement" }, "geometry": { "type": "MultiPoint", "coordinates": [ [ 2.38905882883082, 48.849245693773945 ] ] } },
{ "type": "Feature", "properties": { "id": "8775", "geo_fid": 8775, "geo_creati": 1530006283824, "geo_modifi": 1530006283824, "id_alpage": 8775, "id_num_sca": "ADO75CA_ANO538", "quartier": "Quinze-Vingts", "nom_entier": "Rue de Reuilly", "id_parc": "PA9947", "num_voies": "35", "geox": 603713, "geoy": 127402, "oid": 1141828, "arrondissement": "Paris 12e Arrondissement" }, "geometry": { "type": "MultiPoint", "coordinates": [ [ 2.387094486332873, 48.847068531275013 ] ] } },
{ "type": "Feature", "properties": { "id": "8785", "geo_fid": 8785, "geo_creati": 1530006283824, "geo_modifi": 1530006283824, "id_alpage": 8785, "id_num_sca": "ADO75CA_ANO539", "quartier": "Quinze-Vingts", "nom_entier": "Rue de Reuilly", "id_parc": "PA9893", "num_voies": "36", "geox": 603790, "geoy": 127266, "oid": 1141838, "arrondissement": "Paris 12e Arrondissement" }, "geometry": { "type": "MultiPoint", "coordinates": [ [ 2.388145130045246, 48.845852251391285 ] ] } },
{ "type": "Feature", "properties": { "id": "8860", "geo_fid": 8860, "geo_creati": 1530006283836, "geo_modifi": 1530006283836, "id_alpage": 8860, "id_num_sca": "ADO75CA_ANO540", "quartier": "Quinze-Vingts", "nom_entier": "Rue du Faubourg Saint Antoine", "id_parc": "PA9807", "num_voies": "168", "geox": 603205, "geoy": 127770, "oid": 1141913, "arrondissement": "Paris 12e Arrondissement" }, "geometry": { "type": "MultiPoint", "coordinates": [ [ 2.380178317188677, 48.850383362697421 ] ] } },
{ "type": "Feature", "properties": { "id": "8872", "geo_fid": 8872, "geo_creati": 1530006283837, "geo_modifi": 1530006283837, "id_alpage": 8872, "id_num_sca": "ADO75CA_ANO540", "quartier": "Quinze-Vingts", "nom_entier": "Rue du Faubourg Saint Antoine", "id_parc": "PA9825", "num_voies": "192", "geox": 603316, "geoy": 127760, "oid": 1141925, "arrondissement": "Paris 12e Arrondissement" }, "geometry": { "type": "MultiPoint", "coordinates": [ [ 2.381693491989819, 48.850291056810335 ] ] } },
{ "type": "Feature", "properties": { "id": "8874", "geo_fid": 8874, "geo_creati": 1530006283837, "geo_modifi": 1530006283837, "id_alpage": 8874, "id_num_sca": "ADO75CA_ANO540", "quartier": "Quinze-Vingts", "nom_entier": "Rue du Faubourg Saint Antoine", "id_parc": "PA26449", "num_voies": "196", "geox": 603329, "geoy": 127758, "oid": 1141927, "arrondissement": "Paris 12e Arrondissement" }, "geometry": { "type": "MultiPoint", "coordinates": [ [ 2.381867895992944, 48.850275701117013 ] ] } },
{ "type": "Feature", "properties": { "id": "8895", "geo_fid": 8895, "geo_creati": 1530006283837, "geo_modifi": 1530006283837, "id_alpage": 8895, "id_num_sca": "ADO75CA_ANO541", "quartier": "Quinze-Vingts", "nom_entier": "Rue d' Aligre", "id_parc": "PA9768", "num_voies": "6", "geox": 603006, "geoy": 127515, "oid": 1141948, "arrondissement": "Paris 12e Arrondissement" }, "geometry": { "type": "MultiPoint", "coordinates": [ [ 2.377466169671227, 48.84809300524082 ] ] } },
{ "type": "Feature", "properties": { "id": "8897", "geo_fid": 8897, "geo_creati": 1530006283837, "geo_modifi": 1530006283837, "id_alpage": 8897, "id_num_sca": "ADO75CA_ANO541", "quartier": "Quinze-Vingts", "nom_entier": "Rue d' Aligre", "id_parc": "PA9780", "num_voies": "12", "geox": 603025, "geoy": 127552, "oid": 1141950, "arrondissement": "Paris 12e Arrondissement" }, "geometry": { "type": "MultiPoint", "coordinates": [ [ 2.377718516886149, 48.848424747457443 ] ] } },
{ "type": "Feature", "properties": { "id": "8901", "geo_fid": 8901, "geo_creati": 1530006283837, "geo_modifi": 1530006283837, "id_alpage": 8901, "id_num_sca": "ADO75CA_ANO541", "quartier": "Quinze-Vingts", "nom_entier": "Rue Beauveau", "id_parc": "PA9775", "num_voies": "5", "geox": 603104, "geoy": 127486, "oid": 1141954, "arrondissement": "Paris 12e Arrondissement" }, "geometry": { "type": "MultiPoint", "coordinates": [ [ 2.378793100679363, 48.847829043032696 ] ] } },
{ "type": "Feature", "properties": { "id": "8904", "geo_fid": 8904, "geo_creati": 1530006283837, "geo_modifi": 1530006283837, "id_alpage": 8904, "id_num_sca": "ADO75CA_ANO542", "quartier": "Quinze-Vingts", "nom_entier": "Rue d' Aligre", "id_parc": "PA9738", "num_voies": "3", "geox": 603017, "geoy": 127555, "oid": 1141957, "arrondissement": "Paris 12e Arrondissement" }, "geometry": { "type": "MultiPoint", "coordinates": [ [ 2.37760953326476, 48.848453562773273 ] ] } },
{ "type": "Feature", "properties": { "id": "8932", "geo_fid": 8932, "geo_creati": 1530006283838, "geo_modifi": 1530006283838, "id_alpage": 8932, "id_num_sca": "ADO75CA_ANO543", "quartier": "Quinze-Vingts", "nom_entier": "Rue Cotte", "id_parc": "PA9751", "num_voies": "6", "geox": 603048, "geoy": 127720, "oid": 1141985, "arrondissement": "Paris 12e Arrondissement" }, "geometry": { "type": "MultiPoint", "coordinates": [ [ 2.378039966473929, 48.849937208883524 ] ] } },
{ "type": "Feature", "properties": { "id": "8958", "geo_fid": 8958, "geo_creati": 1530006283838, "geo_modifi": 1530006283838, "id_alpage": 8958, "id_num_sca": "ADO75CA_ANO544", "quartier": "Quinze-Vingts", "nom_entier": "Rue Traversière", "id_parc": "PA9636", "num_voies": "56", "geox": 602872, "geoy": 127772, "oid": 1142011, "arrondissement": "Paris 12e Arrondissement" }, "geometry": { "type": "MultiPoint", "coordinates": [ [ 2.375647550826414, 48.850404761418716 ] ] } },
{ "type": "Feature", "properties": { "id": "8978", "geo_fid": 8978, "geo_creati": 1530006283839, "geo_modifi": 1530006283839, "id_alpage": 8978, "id_num_sca": "ADO75CA_ANO544", "quartier": "Quinze-Vingts", "nom_entier": "Rue Cotte", "id_parc": "PA9659", "num_voies": "13", "geox": 603040, "geoy": 127715, "oid": 1142031, "arrondissement": "Paris 12e Arrondissement" }, "geometry": { "type": "MultiPoint", "coordinates": [ [ 2.377929558937435, 48.849894982506108 ] ] } },
{ "type": "Feature", "properties": { "id": "8985", "geo_fid": 8985, "geo_creati": 1530006283839, "geo_modifi": 1530006283839, "id_alpage": 8985, "id_num_sca": "ADO75CA_ANO545", "quartier": "Quinze-Vingts", "nom_entier": "Rue du Faubourg Saint Antoine", "id_parc": "PA9557", "num_voies": "104", "geox": 602878, "geoy": 127872, "oid": 1142038, "arrondissement": "Paris 12e Arrondissement" }, "geometry": { "type": "MultiPoint", "coordinates": [ [ 2.375723191691953, 48.851303108916738 ] ] } },
{ "type": "Feature", "properties": { "id": "9000", "geo_fid": 9000, "geo_creati": 1530006283839, "geo_modifi": 1530006283839, "id_alpage": 9000, "id_num_sca": "ADO75CA_ANO545", "quartier": "Quinze-Vingts", "nom_entier": "Rue Saint Nicolas", "id_parc": "PA9582", "num_voies": "14", "geox": 602768, "geoy": 127803, "oid": 1142053, "arrondissement": "Paris 12e Arrondissement" }, "geometry": { "type": "MultiPoint", "coordinates": [ [ 2.374226524998131, 48.85068670303361 ] ] } },
{ "type": "Feature", "properties": { "id": "9053", "geo_fid": 9053, "geo_creati": 1530006283851, "geo_modifi": 1530006283851, "id_alpage": 9053, "id_num_sca": "ADO75CA_ANO546", "quartier": "Quinze-Vingts", "nom_entier": "Rue Saint Nicolas", "id_parc": "PA9616", "num_voies": "11", "geox": 602769, "geoy": 127818, "oid": 1142106, "arrondissement": "Paris 12e Arrondissement" }, "geometry": { "type": "MultiPoint", "coordinates": [ [ 2.374237523257325, 48.85081709394349 ] ] } },
{ "type": "Feature", "properties": { "id": "9058", "geo_fid": 9058, "geo_creati": 1530006283851, "geo_modifi": 1530006283851, "id_alpage": 9058, "id_num_sca": "ADO75CA_ANO546", "quartier": "Quinze-Vingts", "nom_entier": "Rue Saint Nicolas", "id_parc": "PA9612", "num_voies": "21", "geox": 602789, "geoy": 127861, "oid": 1142111, "arrondissement": "Paris 12e Arrondissement" }, "geometry": { "type": "MultiPoint", "coordinates": [ [ 2.374511709857959, 48.851208188151269 ] ] } },
{ "type": "Feature", "properties": { "id": "9072", "geo_fid": 9072, "geo_creati": 1530006283852, "geo_modifi": 1530006283852, "id_alpage": 9072, "id_num_sca": "ADO75CA_ANO547", "quartier": "Quinze-Vingts", "nom_entier": "Rue de Charenton", "id_parc": "PA9396", "num_voies": "53", "geox": 602648, "geoy": 127848, "oid": 1142125, "arrondissement": "Paris 12e Arrondissement" }, "geometry": { "type": "MultiPoint", "coordinates": [ [ 2.372595720855107, 48.851090993168768 ] ] } },
{ "type": "Feature", "properties": { "id": "9080", "geo_fid": 9080, "geo_creati": 1530006283852, "geo_modifi": 1530006283852, "id_alpage": 9080, "id_num_sca": "ADO75CA_ANO548", "quartier": "Quinze-Vingts", "nom_entier": "Rue du Faubourg Saint Antoine", "id_parc": "PA9370", "num_voies": "36", "geox": 602604, "geoy": 127983, "oid": 1142133, "arrondissement": "Paris 12e Arrondissement" }, "geometry": { "type": "MultiPoint", "coordinates": [ [ 2.371983371663793, 48.852304299503565 ] ] } },
{ "type": "Feature", "properties": { "id": "9088", "geo_fid": 9088, "geo_creati": 1530006283852, "geo_modifi": 1530006283852, "id_alpage": 9088, "id_num_sca": "ADO75CA_ANO548", "quartier": "Quinze-Vingts", "nom_entier": "Rue du Faubourg Saint Antoine", "id_parc": "PA9356", "num_voies": "20", "geox": 602543, "geoy": 128024, "oid": 1142141, "arrondissement": "Paris 12e Arrondissement" }, "geometry": { "type": "MultiPoint", "coordinates": [ [ 2.371160553203794, 48.852668752306982 ] ] } },
{ "type": "Feature", "properties": { "id": "9120", "geo_fid": 9120, "geo_creati": 1530006283853, "geo_modifi": 1530006283853, "id_alpage": 9120, "id_num_sca": "ADO75CA_ANO548", "quartier": "Quinze-Vingts", "nom_entier": "Rue de Charenton", "id_parc": "PA9380", "num_voies": "45", "geox": 602604, "geoy": 127906, "oid": 1142173, "arrondissement": "Paris 12e Arrondissement" }, "geometry": { "type": "MultiPoint", "coordinates": [ [ 2.371989698460747, 48.851608260854498 ] ] } },
{ "type": "Feature", "properties": { "id": "9121", "geo_fid": 9121, "geo_creati": 1530006283853, "geo_modifi": 1530006283853, "id_alpage": 9121, "id_num_sca": "ADO75CA_ANO548", "quartier": "Quinze-Vingts", "nom_entier": "Rue de Charenton", "id_parc": "PA9379", "num_voies": "47", "geox": 602613, "geoy": 127894, "oid": 1142174, "arrondissement": "Paris 12e Arrondissement" }, "geometry": { "type": "MultiPoint", "coordinates": [ [ 2.372113630554016, 48.851506605285536 ] ] } },
{ "type": "Feature", "properties": { "id": "9137", "geo_fid": 9137, "geo_creati": 1530006283853, "geo_modifi": 1530006283853, "id_alpage": 9137, "id_num_sca": "ADO75CA_ANO550", "quartier": "Quinze-Vingts", "nom_entier": "Rue de Charenton", "id_parc": "PA9399", "num_voies": "18", "geox": 602538, "geoy": 127983, "oid": 1142190, "arrondissement": "Paris 12e Arrondissement" }, "geometry": { "type": "MultiPoint", "coordinates": [ [ 2.371094891645828, 48.852299170907699 ] ] } },
{ "type": "Feature", "properties": { "id": "9183", "geo_fid": 9183, "geo_creati": 1530006283854, "geo_modifi": 1530006283854, "id_alpage": 9183, "id_num_sca": "ADO75CA_ANO553", "quartier": "Quinze-Vingts", "nom_entier": "Rue Moreau", "id_parc": "PA9477", "num_voies": "5", "geox": 602371, "geoy": 127336, "oid": 1142236, "arrondissement": "Paris 12e Arrondissement" }, "geometry": { "type": "MultiPoint", "coordinates": [ [ 2.36880868438144, 48.846482434495918 ] ] } },
{ "type": "Feature", "properties": { "id": "9215", "geo_fid": 9215, "geo_creati": 1530006283866, "geo_modifi": 1530006283866, "id_alpage": 9215, "id_num_sca": "ADO75CA_ANO555", "quartier": "Quinze-Vingts", "nom_entier": "Rue Traversière", "id_parc": "PA9552", "num_voies": "3", "geox": 602584, "geoy": 127340, "oid": 1142268, "arrondissement": "Paris 12e Arrondissement" }, "geometry": { "type": "MultiPoint", "coordinates": [ [ 2.371714993623316, 48.846515765742105 ] ] } },
{ "type": "Feature", "properties": { "id": "9263", "geo_fid": 9263, "geo_creati": 1530006283867, "geo_modifi": 1530006283867, "id_alpage": 9263, "id_num_sca": "ADO75CA_ANO556", "quartier": "Quinze-Vingts", "nom_entier": "Rue de Bercy", "id_parc": "PA9707", "num_voies": "43", "geox": 602677, "geoy": 127125, "oid": 1142316, "arrondissement": "Paris 12e Arrondissement" }, "geometry": { "type": "MultiPoint", "coordinates": [ [ 2.372978037394622, 48.844583740616109 ] ] } },
{ "type": "Feature", "properties": { "id": "9265", "geo_fid": 9265, "geo_creati": 1530006283867, "geo_modifi": 1530006283867, "id_alpage": 9265, "id_num_sca": "ADO75CA_ANO556", "quartier": "Quinze-Vingts", "nom_entier": "Rue de Bercy", "id_parc": "PA9708", "num_voies": "39", "geox": 602668, "geoy": 127134, "oid": 1142318, "arrondissement": "Paris 12e Arrondissement" }, "geometry": { "type": "MultiPoint", "coordinates": [ [ 2.372851389041968, 48.84467100960763 ] ] } },
{ "type": "Feature", "properties": { "id": "9291", "geo_fid": 9291, "geo_creati": 1530006283868, "geo_modifi": 1530006283868, "id_alpage": 9291, "id_num_sca": "ADO75CA_ANO559", "quartier": "Quinze-Vingts", "nom_entier": "Quai de la Rapée", "id_parc": "PA9314", "num_voies": "17", "geox": 602450, "geoy": 127078, "oid": 1142344, "arrondissement": "Paris 12e Arrondissement" }, "geometry": { "type": "MultiPoint", "coordinates": [ [ 2.369879478191955, 48.844166507535526 ] ] } },
{ "type": "Feature", "properties": { "id": "9297", "geo_fid": 9297, "geo_creati": 1530006283868, "geo_modifi": 1530006283868, "id_alpage": 9297, "id_num_sca": "ADO75CA_ANO560", "quartier": "Quinze-Vingts", "nom_entier": "Quai de la Rapée", "id_parc": "PA9506", "num_voies": "23", "geox": 602526, "geoy": 127006, "oid": 1142350, "arrondissement": "Paris 12e Arrondissement" }, "geometry": { "type": "MultiPoint", "coordinates": [ [ 2.370915876758969, 48.843514234091657 ] ] } },
{ "type": "Feature", "properties": { "id": "9310", "geo_fid": 9310, "geo_creati": 1530006283868, "geo_modifi": 1530006283868, "id_alpage": 9310, "id_num_sca": "ADO75CA_ANO561", "quartier": "Quinze-Vingts", "nom_entier": "Quai de la Rapée", "id_parc": "PA9316", "num_voies": "55", "geox": 602712, "geoy": 126738, "oid": 1142363, "arrondissement": "Paris 12e Arrondissement" }, "geometry": { "type": "MultiPoint", "coordinates": [ [ 2.373448284972958, 48.841105207977357 ] ] } },
{ "type": "Feature", "properties": { "id": "9314", "geo_fid": 9314, "geo_creati": 1530006283868, "geo_modifi": 1530006283868, "id_alpage": 9314, "id_num_sca": "ADO75CA_ANO561", "quartier": "Quinze-Vingts", "nom_entier": "Quai de la Rapée", "id_parc": "PA10224", "num_voies": "47", "geox": 602673, "geoy": 126792, "oid": 1142367, "arrondissement": "Paris 12e Arrondissement" }, "geometry": { "type": "MultiPoint", "coordinates": [ [ 2.372925478931979, 48.841593677409477 ] ] } },
{ "type": "Feature", "properties": { "id": "9200", "geo_fid": 9200, "geo_creati": 1530006283855, "geo_modifi": 1530006283855, "id_alpage": 9200, "id_num_sca": "ADO75CA_ANO553", "quartier": "Quinze-Vingts", "nom_entier": "Rue de Bercy", "id_parc": "PA9464", "num_voies": "8", "geox": 602296, "geoy": 127493, "oid": 1142253, "arrondissement": "Paris 12e Arrondissement" }, "geometry": { "type": "MultiPoint", "coordinates": [ [ 2.367784925190842, 48.847892771862313 ] ] } },
{ "type": "Feature", "properties": { "id": "9208", "geo_fid": 9208, "geo_creati": 1530006283866, "geo_modifi": 1530006283866, "id_alpage": 9208, "id_num_sca": "ADO75CA_ANO554", "quartier": "Quinze-Vingts", "nom_entier": "Rue de Bercy", "id_parc": "PA9492", "num_voies": "44bis", "geox": 602508, "geoy": 127271, "oid": 1142261, "arrondissement": "Paris 12e Arrondissement" }, "geometry": { "type": "MultiPoint", "coordinates": [ [ 2.3706708761522, 48.845898276474863 ] ] } },
{ "type": "Feature", "properties": { "id": "8717", "geo_fid": 8717, "geo_creati": 1530006283823, "geo_modifi": 1530006283823, "id_alpage": 8717, "id_num_sca": "ADO75CA_ANO538", "quartier": "Quinze-Vingts", "nom_entier": "Rue de Reuilly", "id_parc": "PA9920", "num_voies": "9", "geox": 603580, "geoy": 127657, "oid": 1141770, "arrondissement": "Paris 12e Arrondissement" }, "geometry": { "type": "MultiPoint", "coordinates": [ [ 2.385291324804936, 48.849363348279255 ] ] } },
{ "type": "Feature", "properties": { "id": "8811", "geo_fid": 8811, "geo_creati": 1530006283835, "geo_modifi": 1530006283835, "id_alpage": 8811, "id_num_sca": "ADO75CA_ANO539", "quartier": "Quinze-Vingts", "nom_entier": "Petite Rue de Reuilly", "id_parc": "PA9885", "num_voies": "2", "geox": 603475, "geoy": 127173, "oid": 1141864, "arrondissement": "Paris 12e Arrondissement" }, "geometry": { "type": "MultiPoint", "coordinates": [ [ 2.38385513767984, 48.845012365573162 ] ] } },
{ "type": "Feature", "properties": { "id": "8928", "geo_fid": 8928, "geo_creati": 1530006283838, "geo_modifi": 1530006283838, "id_alpage": 8928, "id_num_sca": "ADO75CA_ANO543", "quartier": "Quinze-Vingts", "nom_entier": "Rue Lenoir", "id_parc": "PA9748", "num_voies": "3", "geox": 603072, "geoy": 127661, "oid": 1141981, "arrondissement": "Paris 12e Arrondissement" }, "geometry": { "type": "MultiPoint", "coordinates": [ [ 2.37836791952385, 48.849404721996777 ] ] } },
{ "type": "Feature", "properties": { "id": "8949", "geo_fid": 8949, "geo_creati": 1530006283838, "geo_modifi": 1530006283838, "id_alpage": 8949, "id_num_sca": "ADO75CA_ANO544", "quartier": "Quinze-Vingts", "nom_entier": "Rue du Faubourg Saint Antoine", "id_parc": "PA9648", "num_voies": "122", "geox": 602964, "geoy": 127841, "oid": 1142002, "arrondissement": "Paris 12e Arrondissement" }, "geometry": { "type": "MultiPoint", "coordinates": [ [ 2.376898951695586, 48.851025730530068 ] ] } },
{ "type": "Feature", "properties": { "id": "8950", "geo_fid": 8950, "geo_creati": 1530006283838, "geo_modifi": 1530006283838, "id_alpage": 8950, "id_num_sca": "ADO75CA_ANO544", "quartier": "Quinze-Vingts", "nom_entier": "Rue du Faubourg Saint Honoré", "id_parc": "PA9643", "num_voies": "118", "geox": 602945, "geoy": 127849, "oid": 1142003, "arrondissement": "Paris 12e Arrondissement" }, "geometry": { "type": "MultiPoint", "coordinates": [ [ 2.37663192404565, 48.851093268431462 ] ] } },
{ "type": "Feature", "properties": { "id": "8966", "geo_fid": 8966, "geo_creati": 1530006283839, "geo_modifi": 1530006283839, "id_alpage": 8966, "id_num_sca": "ADO75CA_ANO544", "quartier": "Quinze-Vingts", "nom_entier": "Rue Traversière", "id_parc": "PA9627", "num_voies": "40", "geox": 602834, "geoy": 127688, "oid": 1142019, "arrondissement": "Paris 12e Arrondissement" }, "geometry": { "type": "MultiPoint", "coordinates": [ [ 2.375118271545135, 48.849651348190562 ] ] } },
{ "type": "Feature", "properties": { "id": "8977", "geo_fid": 8977, "geo_creati": 1530006283839, "geo_modifi": 1530006283839, "id_alpage": 8977, "id_num_sca": "ADO75CA_ANO544", "quartier": "Quinze-Vingts", "nom_entier": "Rue Cotte", "id_parc": "PA9657", "num_voies": "11", "geox": 603035, "geoy": 127706, "oid": 1142030, "arrondissement": "Paris 12e Arrondissement" }, "geometry": { "type": "MultiPoint", "coordinates": [ [ 2.37786408078026, 48.849806877152901 ] ] } },
{ "type": "Feature", "properties": { "id": "8988", "geo_fid": 8988, "geo_creati": 1530006283839, "geo_modifi": 1530006283839, "id_alpage": 8988, "id_num_sca": "ADO75CA_ANO545", "quartier": "Quinze-Vingts", "nom_entier": "Rue du Faubourg Saint Antoine", "id_parc": "PA9578", "num_voies": "98", "geox": 602865, "geoy": 127877, "oid": 1142041, "arrondissement": "Paris 12e Arrondissement" }, "geometry": { "type": "MultiPoint", "coordinates": [ [ 2.375546076954356, 48.851344535027714 ] ] } },
{ "type": "Feature", "properties": { "id": "8996", "geo_fid": 8996, "geo_creati": 1530006283839, "geo_modifi": 1530006283839, "id_alpage": 8996, "id_num_sca": "ADO75CA_ANO545", "quartier": "Quinze-Vingts", "nom_entier": "Rue Saint Nicolas", "id_parc": "PA9570", "num_voies": "22", "geox": 602792, "geoy": 127854, "oid": 1142049, "arrondissement": "Paris 12e Arrondissement" }, "geometry": { "type": "MultiPoint", "coordinates": [ [ 2.374548450475407, 48.85113983145488 ] ] } },
{ "type": "Feature", "properties": { "id": "9002", "geo_fid": 9002, "geo_creati": 1530006283850, "geo_modifi": 1530006283850, "id_alpage": 9002, "id_num_sca": "ADO75CA_ANO545", "quartier": "Quinze-Vingts", "nom_entier": "Rue Saint Nicolas", "id_parc": "PA9560", "num_voies": "10", "geox": 602761, "geoy": 127788, "oid": 1142055, "arrondissement": "Paris 12e Arrondissement" }, "geometry": { "type": "MultiPoint", "coordinates": [ [ 2.374128310787957, 48.850547347625977 ] ] } },
{ "type": "Feature", "properties": { "id": "9017", "geo_fid": 9017, "geo_creati": 1530006283850, "geo_modifi": 1530006283850, "id_alpage": 9017, "id_num_sca": "ADO75CA_ANO545", "quartier": "Quinze-Vingts", "nom_entier": "Rue Traversière", "id_parc": "PA9594", "num_voies": "19", "geox": 602829, "geoy": 127687, "oid": 1142070, "arrondissement": "Paris 12e Arrondissement" }, "geometry": { "type": "MultiPoint", "coordinates": [ [ 2.37504876829506, 48.849638781427792 ] ] } },
{ "type": "Feature", "properties": { "id": "9023", "geo_fid": 9023, "geo_creati": 1530006283851, "geo_modifi": 1530006283851, "id_alpage": 9023, "id_num_sca": "ADO75CA_ANO545", "quartier": "Quinze-Vingts", "nom_entier": "Rue Traversière", "id_parc": "PA9563", "num_voies": "31", "geox": 602864, "geoy": 127765, "oid": 1142076, "arrondissement": "Paris 12e Arrondissement" }, "geometry": { "type": "MultiPoint", "coordinates": [ [ 2.375531675015628, 48.850338254212154 ] ] } },
{ "type": "Feature", "properties": { "id": "9075", "geo_fid": 9075, "geo_creati": 1530006283852, "geo_modifi": 1530006283852, "id_alpage": 9075, "id_num_sca": "ADO75CA_ANO548", "quartier": "Quinze-Vingts", "nom_entier": "Rue du Faubourg Saint Antoine", "id_parc": "PA9377", "num_voies": "48", "geox": 602643, "geoy": 127966, "oid": 1142128, "arrondissement": "Paris 12e Arrondissement" }, "geometry": { "type": "MultiPoint", "coordinates": [ [ 2.372526974101446, 48.852145860794025 ] ] } },
{ "type": "Feature", "properties": { "id": "9116", "geo_fid": 9116, "geo_creati": 1530006283853, "geo_modifi": 1530006283853, "id_alpage": 9116, "id_num_sca": "ADO75CA_ANO548", "quartier": "Quinze-Vingts", "nom_entier": "Rue de Charenton", "id_parc": "PA9371", "num_voies": "37", "geox": 602586, "geoy": 127929, "oid": 1142169, "arrondissement": "Paris 12e Arrondissement" }, "geometry": { "type": "MultiPoint", "coordinates": [ [ 2.371750011957823, 48.851816065477657 ] ] } },
{ "type": "Feature", "properties": { "id": "9138", "geo_fid": 9138, "geo_creati": 1530006283853, "geo_modifi": 1530006283853, "id_alpage": 9138, "id_num_sca": "ADO75CA_ANO550", "quartier": "Quinze-Vingts", "nom_entier": "Rue de Charenton", "id_parc": "PA9405", "num_voies": "20", "geox": 602543, "geoy": 127976, "oid": 1142191, "arrondissement": "Paris 12e Arrondissement" }, "geometry": { "type": "MultiPoint", "coordinates": [ [ 2.371160259817444, 48.852238900255607 ] ] } },
{ "type": "Feature", "properties": { "id": "9162", "geo_fid": 9162, "geo_creati": 1530006283854, "geo_modifi": 1530006283854, "id_alpage": 9162, "id_num_sca": "ADO75CA_ANO552", "quartier": "Quinze-Vingts", "nom_entier": "Rue de Bercy", "id_parc": "PA9456", "num_voies": "5", "geox": 602320, "geoy": 127485, "oid": 1142215, "arrondissement": "Paris 12e Arrondissement" }, "geometry": { "type": "MultiPoint", "coordinates": [ [ 2.368114623702735, 48.847821640626165 ] ] } },
{ "type": "Feature", "properties": { "id": "9166", "geo_fid": 9166, "geo_creati": 1530006283854, "geo_modifi": 1530006283854, "id_alpage": 9166, "id_num_sca": "ADO75CA_ANO552", "quartier": "Quinze-Vingts", "nom_entier": "Rue Moreau", "id_parc": "PA9450", "num_voies": "11", "geox": 602523, "geoy": 127484, "oid": 1142219, "arrondissement": "Paris 12e Arrondissement" }, "geometry": { "type": "MultiPoint", "coordinates": [ [ 2.370888816315555, 48.847818158441655 ] ] } },
{ "type": "Feature", "properties": { "id": "9217", "geo_fid": 9217, "geo_creati": 1530006283866, "geo_modifi": 1530006283866, "id_alpage": 9217, "id_num_sca": "ADO75CA_ANO555", "quartier": "Quinze-Vingts", "nom_entier": "Rue Traversière", "id_parc": "PA9551", "num_voies": "7", "geox": 602628, "geoy": 127386, "oid": 1142270, "arrondissement": "Paris 12e Arrondissement" }, "geometry": { "type": "MultiPoint", "coordinates": [ [ 2.372316165447635, 48.846931945531743 ] ] } },
{ "type": "Feature", "properties": { "id": "9235", "geo_fid": 9235, "geo_creati": 1530006283867, "geo_modifi": 1530006283867, "id_alpage": 9235, "id_num_sca": "ADO75CA_ANO555", "quartier": "Quinze-Vingts", "nom_entier": "Rue de Charenton", "id_parc": "PA9514", "num_voies": "54", "geox": 602713, "geoy": 127761, "oid": 1142288, "arrondissement": "Paris 12e Arrondissement" }, "geometry": { "type": "MultiPoint", "coordinates": [ [ 2.373478153768036, 48.850307450248472 ] ] } },
{ "type": "Feature", "properties": { "id": "9256", "geo_fid": 9256, "geo_creati": 1530006283867, "geo_modifi": 1530006283867, "id_alpage": 9256, "id_num_sca": "ADO75CA_ANO556", "quartier": "Quinze-Vingts", "nom_entier": "Rue Traversière", "id_parc": "PA9685", "num_voies": "26", "geox": 602782, "geoy": 127581, "oid": 1142309, "arrondissement": "Paris 12e Arrondissement" }, "geometry": { "type": "MultiPoint", "coordinates": [ [ 2.374406264515443, 48.848690260306171 ] ] } },
{ "type": "Feature", "properties": { "id": "9268", "geo_fid": 9268, "geo_creati": 1530006283867, "geo_modifi": 1530006283867, "id_alpage": 9268, "id_num_sca": "ADO75CA_ANO556", "quartier": "Quinze-Vingts", "nom_entier": "Rue de Bercy", "id_parc": "PA9714", "num_voies": "33", "geox": 602649, "geoy": 127154, "oid": 1142321, "arrondissement": "Paris 12e Arrondissement" }, "geometry": { "type": "MultiPoint", "coordinates": [ [ 2.372596727234511, 48.844843749048103 ] ] } },
{ "type": "Feature", "properties": { "id": "9280", "geo_fid": 9280, "geo_creati": 1530006283868, "geo_modifi": 1530006283868, "id_alpage": 9280, "id_num_sca": "ADO75CA_ANO557", "quartier": "Quinze-Vingts", "nom_entier": "Rue de Charenton", "id_parc": "PA10220", "num_voies": "140", "geox": 603139, "geoy": 127301, "oid": 1142333, "arrondissement": "Paris 12e Arrondissement" }, "geometry": { "type": "MultiPoint", "coordinates": [ [ 2.379275411862248, 48.8461715077324 ] ] } },
{ "type": "Feature", "properties": { "id": "9285", "geo_fid": 9285, "geo_creati": 1530006283868, "geo_modifi": 1530006283868, "id_alpage": 9285, "id_num_sca": "ADO75CA_ANO558", "quartier": "Quinze-Vingts", "nom_entier": "Rue de Bercy", "id_parc": "PA10180", "num_voies": "57", "geox": 602801, "geoy": 126997, "oid": 1142338, "arrondissement": "Paris 12e Arrondissement" }, "geometry": { "type": "MultiPoint", "coordinates": [ [ 2.374663927136209, 48.843436628198567 ] ] } },
{ "type": "Feature", "properties": { "id": "9332", "geo_fid": 9332, "geo_creati": 1530006283869, "geo_modifi": 1530006283869, "id_alpage": 9332, "id_num_sca": "ADO75CA_ANO562", "quartier": "Quinze-Vingts", "nom_entier": "Quai de la Rapée", "id_parc": "PA9318", "num_voies": "71", "geox": 602841, "geoy": 126561, "oid": 1142385, "arrondissement": "Paris 12e Arrondissement" }, "geometry": { "type": "MultiPoint", "coordinates": [ [ 2.375216813714949, 48.8395183171762 ] ] } },
{ "type": "Feature", "properties": { "id": "8708", "geo_fid": 8708, "geo_creati": 1530006283823, "geo_modifi": 1530006283823, "id_alpage": 8708, "id_num_sca": "ADO75CA_ANO538", "quartier": "Quinze-Vingts", "nom_entier": "Rue du Faubourg Saint Antoine", "id_parc": "PA9930", "num_voies": "232", "geox": 603652, "geoy": 127701, "oid": 1141761, "arrondissement": "Paris 12e Arrondissement" }, "geometry": { "type": "MultiPoint", "coordinates": [ [ 2.386274159109689, 48.849758610063184 ] ] } },
{ "type": "Feature", "properties": { "id": "8713", "geo_fid": 8713, "geo_creati": 1530006283823, "geo_modifi": 1530006283823, "id_alpage": 8713, "id_num_sca": "ADO75CA_ANO538", "quartier": "Quinze-Vingts", "nom_entier": "Rue du Faubourg Saint Antoine", "id_parc": "PA9929", "num_voies": "240", "geox": 603715, "geoy": 127685, "oid": 1141766, "arrondissement": "Paris 12e Arrondissement" }, "geometry": { "type": "MultiPoint", "coordinates": [ [ 2.387124296518072, 48.849618854445126 ] ] } },
{ "type": "Feature", "properties": { "id": "8714", "geo_fid": 8714, "geo_creati": 1530006283823, "geo_modifi": 1530006283823, "id_alpage": 8714, "id_num_sca": "ADO75CA_ANO538", "quartier": "Quinze-Vingts", "nom_entier": "Rue de Reuilly", "id_parc": "PA9917", "num_voies": "3", "geox": 603568, "geoy": 127681, "oid": 1141767, "arrondissement": "Paris 12e Arrondissement" }, "geometry": { "type": "MultiPoint", "coordinates": [ [ 2.385129380911378, 48.84957834242433 ] ] } },
{ "type": "Feature", "properties": { "id": "8735", "geo_fid": 8735, "geo_creati": 1530006283823, "geo_modifi": 1530006283823, "id_alpage": 8735, "id_num_sca": "ADO75CA_ANO538", "quartier": "Quinze-Vingts", "nom_entier": "Rue du Faubourg Saint Antoine", "id_parc": "PA9952", "num_voies": "268", "geox": 603930, "geoy": 127620, "oid": 1141788, "arrondissement": "Paris 12e Arrondissement" }, "geometry": { "type": "MultiPoint", "coordinates": [ [ 2.390049220674112, 48.849033011547206 ] ] } },
{ "type": "Feature", "properties": { "id": "8763", "geo_fid": 8763, "geo_creati": 1530006283824, "geo_modifi": 1530006283824, "id_alpage": 8763, "id_num_sca": "ADO75CA_ANO538", "quartier": "Quinze-Vingts", "nom_entier": "Rue de Reuilly", "id_parc": "PA9971", "num_voies": "59", "geox": 603835, "geoy": 127233, "oid": 1141816, "arrondissement": "Paris 12e Arrondissement" }, "geometry": { "type": "MultiPoint", "coordinates": [ [ 2.38875386475451, 48.845552520583531 ] ] } },
{ "type": "Feature", "properties": { "id": "8777", "geo_fid": 8777, "geo_creati": 1530006283824, "geo_modifi": 1530006283824, "id_alpage": 8777, "id_num_sca": "ADO75CA_ANO538", "quartier": "Quinze-Vingts", "nom_entier": "Rue de Reuilly", "id_parc": "PA9941", "num_voies": "31", "geox": 603696, "geoy": 127432, "oid": 1141830, "arrondissement": "Paris 12e Arrondissement" }, "geometry": { "type": "MultiPoint", "coordinates": [ [ 2.386872660010828, 48.847338409639526 ] ] } },
{ "type": "Feature", "properties": { "id": "8778", "geo_fid": 8778, "geo_creati": 1530006283824, "geo_modifi": 1530006283824, "id_alpage": 8778, "id_num_sca": "ADO75CA_ANO538", "quartier": "Quinze-Vingts", "nom_entier": "Rue de Reuilly", "id_parc": "PA9944", "num_voies": "29", "geox": 603691, "geoy": 127441, "oid": 1141831, "arrondissement": "Paris 12e Arrondissement" }, "geometry": { "type": "MultiPoint", "coordinates": [ [ 2.386801893985423, 48.847425669802675 ] ] } },
{ "type": "Feature", "properties": { "id": "8808", "geo_fid": 8808, "geo_creati": 1530006283835, "geo_modifi": 1530006283835, "id_alpage": 8808, "id_num_sca": "ADO75CA_ANO539", "quartier": "Quinze-Vingts", "nom_entier": "Rue de Charenton", "id_parc": "PA9884", "num_voies": "127", "geox": 603542, "geoy": 127035, "oid": 1141861, "arrondissement": "Paris 12e Arrondissement" }, "geometry": { "type": "MultiPoint", "coordinates": [ [ 2.384764099789595, 48.843773692862243 ] ] } },
{ "type": "Feature", "properties": { "id": "8815", "geo_fid": 8815, "geo_creati": 1530006283835, "geo_modifi": 1530006283835, "id_alpage": 8815, "id_num_sca": "ADO75CA_ANO539", "quartier": "Quinze-Vingts", "nom_entier": "Petite Rue de Reuilly", "id_parc": "PA9914", "num_voies": "8", "geox": 603538, "geoy": 127217, "oid": 1141868, "arrondissement": "Paris 12e Arrondissement" }, "geometry": { "type": "MultiPoint", "coordinates": [ [ 2.384708441790617, 48.845413089225985 ] ] } },
{ "type": "Feature", "properties": { "id": "8828", "geo_fid": 8828, "geo_creati": 1530006283836, "geo_modifi": 1530006283836, "id_alpage": 8828, "id_num_sca": "ADO75CA_ANO540", "quartier": "Quinze-Vingts", "nom_entier": "Rue de Reuilly", "id_parc": "PA9847", "num_voies": "14", "geox": 603546, "geoy": 127679, "oid": 1141881, "arrondissement": "Paris 12e Arrondissement" }, "geometry": { "type": "MultiPoint", "coordinates": [ [ 2.384830950143454, 48.849560481811601 ] ] } },
{ "type": "Feature", "properties": { "id": "8835", "geo_fid": 8835, "geo_creati": 1530006283836, "geo_modifi": 1530006283836, "id_alpage": 8835, "id_num_sca": "ADO75CA_ANO540", "quartier": "Quinze-Vingts", "nom_entier": "Rue de Reuilly", "id_parc": "PA9853", "num_voies": "28", "geox": 603698, "geoy": 127400, "oid": 1141888, "arrondissement": "Paris 12e Arrondissement" }, "geometry": { "type": "MultiPoint", "coordinates": [ [ 2.38689689859558, 48.847050631972991 ] ] } },
{ "type": "Feature", "properties": { "id": "8843", "geo_fid": 8843, "geo_creati": 1530006283836, "geo_modifi": 1530006283836, "id_alpage": 8843, "id_num_sca": "ADO75CA_ANO540", "quartier": "Quinze-Vingts", "nom_entier": null, "id_parc": "PA9792", "num_voies": "10", "geox": 603081, "geoy": 127626, "oid": 1141896, "arrondissement": "Paris 12e Arrondissement" }, "geometry": { "type": "MultiPoint", "coordinates": [ [ 2.378491656954957, 48.849090831325348 ] ] } },
{ "type": "Feature", "properties": { "id": "8846", "geo_fid": 8846, "geo_creati": 1530006283836, "geo_modifi": 1530006283836, "id_alpage": 8846, "id_num_sca": "ADO75CA_ANO540", "quartier": "Quinze-Vingts", "nom_entier": "Rue Lenoir", "id_parc": "PA9791", "num_voies": "6", "geox": 603087, "geoy": 127674, "oid": 1141899, "arrondissement": "Paris 12e Arrondissement" }, "geometry": { "type": "MultiPoint", "coordinates": [ [ 2.378572406629834, 48.849518855694498 ] ] } },
{ "type": "Feature", "properties": { "id": "8853", "geo_fid": 8853, "geo_creati": 1530006283836, "geo_modifi": 1530006283836, "id_alpage": 8853, "id_num_sca": "ADO75CA_ANO540", "quartier": "Quinze-Vingts", "nom_entier": "Rue du Faubourg Saint Antoine", "id_parc": "PA9799", "num_voies": "154", "geox": 603150, "geoy": 127780, "oid": 1141906, "arrondissement": "Paris 12e Arrondissement" }, "geometry": { "type": "MultiPoint", "coordinates": [ [ 2.379435757968577, 48.850478063247017 ] ] } },
{ "type": "Feature", "properties": { "id": "8856", "geo_fid": 8856, "geo_creati": 1530006283836, "geo_modifi": 1530006283836, "id_alpage": 8856, "id_num_sca": "ADO75CA_ANO540", "quartier": "Quinze-Vingts", "nom_entier": "Rue du Faubourg Saint Antoine", "id_parc": "PA9802", "num_voies": "160", "geox": 603179, "geoy": 127774, "oid": 1141909, "arrondissement": "Paris 12e Arrondissement" }, "geometry": { "type": "MultiPoint", "coordinates": [ [ 2.379826790467686, 48.85042396166476 ] ] } },
{ "type": "Feature", "properties": { "id": "8858", "geo_fid": 8858, "geo_creati": 1530006283836, "geo_modifi": 1530006283836, "id_alpage": 8858, "id_num_sca": "ADO75CA_ANO540", "quartier": "Quinze-Vingts", "nom_entier": "Rue du Faubourg Saint Antoine", "id_parc": "PA9797", "num_voies": "164", "geox": 603194, "geoy": 127771, "oid": 1141911, "arrondissement": "Paris 12e Arrondissement" }, "geometry": { "type": "MultiPoint", "coordinates": [ [ 2.380027076417259, 48.850397807855508 ] ] } },
{ "type": "Feature", "properties": { "id": "8862", "geo_fid": 8862, "geo_creati": 1530006283836, "geo_modifi": 1530006283836, "id_alpage": 8862, "id_num_sca": "ADO75CA_ANO540", "quartier": "Quinze-Vingts", "nom_entier": "Rue du Faubourg Saint Antoine", "id_parc": "PA9805", "num_voies": "172", "geox": 603218, "geoy": 127768, "oid": 1141915, "arrondissement": "Paris 12e Arrondissement" }, "geometry": { "type": "MultiPoint", "coordinates": [ [ 2.380358174106078, 48.850369805803325 ] ] } },
{ "type": "Feature", "properties": { "id": "8863", "geo_fid": 8863, "geo_creati": 1530006283836, "geo_modifi": 1530006283836, "id_alpage": 8863, "id_num_sca": "ADO75CA_ANO540", "quartier": "Quinze-Vingts", "nom_entier": "Rue du Faubourg Saint Antoine", "id_parc": "PA9805", "num_voies": "174", "geox": 603225, "geoy": 127768, "oid": 1141916, "arrondissement": "Paris 12e Arrondissement" }, "geometry": { "type": "MultiPoint", "coordinates": [ [ 2.380448105264011, 48.850366174701961 ] ] } },
{ "type": "Feature", "properties": { "id": "8881", "geo_fid": 8881, "geo_creati": 1530006283837, "geo_modifi": 1530006283837, "id_alpage": 8881, "id_num_sca": "ADO75CA_ANO540", "quartier": "Quinze-Vingts", "nom_entier": "Rue du Faubourg Saint Antoine", "id_parc": "PA9813", "num_voies": "210", "geox": 603435, "geoy": 127745, "oid": 1141934, "arrondissement": "Paris 12e Arrondissement" }, "geometry": { "type": "MultiPoint", "coordinates": [ [ 2.383314905926011, 48.850154623631369 ] ] } },
{ "type": "Feature", "properties": { "id": "8893", "geo_fid": 8893, "geo_creati": 1530006283837, "geo_modifi": 1530006283837, "id_alpage": 8893, "id_num_sca": "ADO75CA_ANO541", "quartier": "Quinze-Vingts", "nom_entier": "Rue d' Aligre", "id_parc": "PA9771", "num_voies": "2", "geox": 602991, "geoy": 127486, "oid": 1141946, "arrondissement": "Paris 12e Arrondissement" }, "geometry": { "type": "MultiPoint", "coordinates": [ [ 2.377258849976018, 48.847834987009172 ] ] } },
{ "type": "Feature", "properties": { "id": "8900", "geo_fid": 8900, "geo_creati": 1530006283837, "geo_modifi": 1530006283837, "id_alpage": 8900, "id_num_sca": "ADO75CA_ANO541", "quartier": "Quinze-Vingts", "nom_entier": "Rue Beauveau", "id_parc": "PA9767", "num_voies": "5bis", "geox": 603100, "geoy": 127502, "oid": 1141953, "arrondissement": "Paris 12e Arrondissement" }, "geometry": { "type": "MultiPoint", "coordinates": [ [ 2.378750984888848, 48.847977438275372 ] ] } },
{ "type": "Feature", "properties": { "id": "8915", "geo_fid": 8915, "geo_creati": 1530006283838, "geo_modifi": 1530006283838, "id_alpage": 8915, "id_num_sca": "ADO75CA_ANO543", "quartier": "Quinze-Vingts", "nom_entier": "Rue du Faubourg Saint Antoine", "id_parc": "PA9761", "num_voies": "144", "geox": 603096, "geoy": 127791, "oid": 1141968, "arrondissement": "Paris 12e Arrondissement" }, "geometry": { "type": "MultiPoint", "coordinates": [ [ 2.378691831774109, 48.850570960918326 ] ] } },
{ "type": "Feature", "properties": { "id": "8923", "geo_fid": 8923, "geo_creati": 1530006283838, "geo_modifi": 1530006283838, "id_alpage": 8923, "id_num_sca": "ADO75CA_ANO543", "quartier": "Quinze-Vingts", "nom_entier": "Rue Lenoir", "id_parc": "PA9750", "num_voies": "11", "geox": 603100, "geoy": 127711, "oid": 1141976, "arrondissement": "Paris 12e Arrondissement" }, "geometry": { "type": "MultiPoint", "coordinates": [ [ 2.378740292376753, 48.849858719677108 ] ] } },
{ "type": "Feature", "properties": { "id": "8934", "geo_fid": 8934, "geo_creati": 1530006283838, "geo_modifi": 1530006283838, "id_alpage": 8934, "id_num_sca": "ADO75CA_ANO543", "quartier": "Quinze-Vingts", "nom_entier": "Rue Cotte", "id_parc": "PA9754", "num_voies": "10", "geox": 603060, "geoy": 127744, "oid": 1141987, "arrondissement": "Paris 12e Arrondissement" }, "geometry": { "type": "MultiPoint", "coordinates": [ [ 2.378202296428561, 48.850152076802097 ] ] } },
{ "type": "Feature", "properties": { "id": "8953", "geo_fid": 8953, "geo_creati": 1530006283838, "geo_modifi": 1530006283838, "id_alpage": 8953, "id_num_sca": "ADO75CA_ANO544", "quartier": "Quinze-Vingts", "nom_entier": "Rue Traversière", "id_parc": "PA9639", "num_voies": "66", "geox": 602893, "geoy": 127816, "oid": 1142006, "arrondissement": "Paris 12e Arrondissement" }, "geometry": { "type": "MultiPoint", "coordinates": [ [ 2.375924475047702, 48.850800347673164 ] ] } },
{ "type": "Feature", "properties": { "id": "8960", "geo_fid": 8960, "geo_creati": 1530006283839, "geo_modifi": 1530006283839, "id_alpage": 8960, "id_num_sca": "ADO75CA_ANO544", "quartier": "Quinze-Vingts", "nom_entier": "Rue Traversière", "id_parc": "PA9634", "num_voies": "52", "geox": 602861, "geoy": 127746, "oid": 1142013, "arrondissement": "Paris 12e Arrondissement" }, "geometry": { "type": "MultiPoint", "coordinates": [ [ 2.375485212403086, 48.850165609522683 ] ] } },
{ "type": "Feature", "properties": { "id": "8962", "geo_fid": 8962, "geo_creati": 1530006283839, "geo_modifi": 1530006283839, "id_alpage": 8962, "id_num_sca": "ADO75CA_ANO544", "quartier": "Quinze-Vingts", "nom_entier": "Rue Traversière", "id_parc": "PA9631", "num_voies": "48", "geox": 602850, "geoy": 127723, "oid": 1142015, "arrondissement": "Paris 12e Arrondissement" }, "geometry": { "type": "MultiPoint", "coordinates": [ [ 2.375339256035592, 48.849964221363315 ] ] } },
{ "type": "Feature", "properties": { "id": "8967", "geo_fid": 8967, "geo_creati": 1530006283839, "geo_modifi": 1530006283839, "id_alpage": 8967, "id_num_sca": "ADO75CA_ANO544", "quartier": "Quinze-Vingts", "nom_entier": "Rue Traversière", "id_parc": "PA9626", "num_voies": "38", "geox": 602830, "geoy": 127680, "oid": 1142020, "arrondissement": "Paris 12e Arrondissement" }, "geometry": { "type": "MultiPoint", "coordinates": [ [ 2.375069162433077, 48.849579422702377 ] ] } },
{ "type": "Feature", "properties": { "id": "8968", "geo_fid": 8968, "geo_creati": 1530006283839, "geo_modifi": 1530006283839, "id_alpage": 8968, "id_num_sca": "ADO75CA_ANO544", "quartier": "Quinze-Vingts", "nom_entier": "Rue Traversière", "id_parc": "PA9625", "num_voies": "36", "geox": 602826, "geoy": 127671, "oid": 1142021, "arrondissement": "Paris 12e Arrondissement" }, "geometry": { "type": "MultiPoint", "coordinates": [ [ 2.375011870243143, 48.849497607907608 ] ] } },
{ "type": "Feature", "properties": { "id": "8971", "geo_fid": 8971, "geo_creati": 1530006283839, "geo_modifi": 1530006283839, "id_alpage": 8971, "id_num_sca": "ADO75CA_ANO544", "quartier": "Quinze-Vingts", "nom_entier": "Rue Trouvée", "id_parc": "PA9651", "num_voies": "9", "geox": 602961, "geoy": 127545, "oid": 1142024, "arrondissement": "Paris 12e Arrondissement" }, "geometry": { "type": "MultiPoint", "coordinates": [ [ 2.376854588445249, 48.848364799389493 ] ] } },
{ "type": "Feature", "properties": { "id": "8972", "geo_fid": 8972, "geo_creati": 1530006283839, "geo_modifi": 1530006283839, "id_alpage": 8972, "id_num_sca": "ADO75CA_ANO544", "quartier": "Quinze-Vingts", "nom_entier": null, "id_parc": "PA9653", "num_voies": "1", "geox": 603007, "geoy": 127645, "oid": 1142025, "arrondissement": "Paris 12e Arrondissement" }, "geometry": { "type": "MultiPoint", "coordinates": [ [ 2.377475293622985, 48.849264753727795 ] ] } },
{ "type": "Feature", "properties": { "id": "8975", "geo_fid": 8975, "geo_creati": 1530006283839, "geo_modifi": 1530006283839, "id_alpage": 8975, "id_num_sca": "ADO75CA_ANO544", "quartier": "Quinze-Vingts", "nom_entier": "Rue Cotte", "id_parc": "PA9656", "num_voies": "7", "geox": 603021, "geoy": 127677, "oid": 1142028, "arrondissement": "Paris 12e Arrondissement" }, "geometry": { "type": "MultiPoint", "coordinates": [ [ 2.37767582487224, 48.849544356516375 ] ] } },
{ "type": "Feature", "properties": { "id": "9003", "geo_fid": 9003, "geo_creati": 1530006283850, "geo_modifi": 1530006283850, "id_alpage": 9003, "id_num_sca": "ADO75CA_ANO545", "quartier": "Quinze-Vingts", "nom_entier": "Rue Saint Nicolas", "id_parc": "PA9560", "num_voies": "8", "geox": 602756, "geoy": 127778, "oid": 1142056, "arrondissement": "Paris 12e Arrondissement" }, "geometry": { "type": "MultiPoint", "coordinates": [ [ 2.374064202482686, 48.850461038195981 ] ] } },
{ "type": "Feature", "properties": { "id": "9004", "geo_fid": 9004, "geo_creati": 1530006283850, "geo_modifi": 1530006283850, "id_alpage": 9004, "id_num_sca": "ADO75CA_ANO545", "quartier": "Quinze-Vingts", "nom_entier": "Rue Saint Nicolas", "id_parc": "PA9583", "num_voies": "6", "geox": 602753, "geoy": 127771, "oid": 1142057, "arrondissement": "Paris 12e Arrondissement" }, "geometry": { "type": "MultiPoint", "coordinates": [ [ 2.374017822705322, 48.850393607734986 ] ] } },
{ "type": "Feature", "properties": { "id": "9012", "geo_fid": 9012, "geo_creati": 1530006283850, "geo_modifi": 1530006283850, "id_alpage": 9012, "id_num_sca": "ADO75CA_ANO545", "quartier": "Quinze-Vingts", "nom_entier": "Rue de Charenton", "id_parc": "PA9587", "num_voies": "81", "geox": 602773, "geoy": 127689, "oid": 1142065, "arrondissement": "Paris 12e Arrondissement" }, "geometry": { "type": "MultiPoint", "coordinates": [ [ 2.374285717456504, 48.849661513491149 ] ] } },
{ "type": "Feature", "properties": { "id": "9019", "geo_fid": 9019, "geo_creati": 1530006283851, "geo_modifi": 1530006283851, "id_alpage": 9019, "id_num_sca": "ADO75CA_ANO545", "quartier": "Quinze-Vingts", "nom_entier": "Rue Traversière", "id_parc": "PA9593", "num_voies": "23", "geox": 602844, "geoy": 127721, "oid": 1142072, "arrondissement": "Paris 12e Arrondissement" }, "geometry": { "type": "MultiPoint", "coordinates": [ [ 2.375261569637593, 48.84994266473921 ] ] } },
{ "type": "Feature", "properties": { "id": "9029", "geo_fid": 9029, "geo_creati": 1530006283851, "geo_modifi": 1530006283851, "id_alpage": 9029, "id_num_sca": "ADO75CA_ANO545", "quartier": "Quinze-Vingts", "nom_entier": "Rue Traversière", "id_parc": "PA9569", "num_voies": "43", "geox": 602888, "geoy": 127814, "oid": 1142082, "arrondissement": "Paris 12e Arrondissement" }, "geometry": { "type": "MultiPoint", "coordinates": [ [ 2.375852242587717, 48.850785084506967 ] ] } },
{ "type": "Feature", "properties": { "id": "9034", "geo_fid": 9034, "geo_creati": 1530006283851, "geo_modifi": 1530006283851, "id_alpage": 9034, "id_num_sca": "ADO75CA_ANO546", "quartier": "Quinze-Vingts", "nom_entier": "Rue du Faubourg Saint Antoine", "id_parc": "PA9609", "num_voies": "84", "geox": 602777, "geoy": 127909, "oid": 1142087, "arrondissement": "Paris 12e Arrondissement" }, "geometry": { "type": "MultiPoint", "coordinates": [ [ 2.37435123448781, 48.851635394770433 ] ] } },
{ "type": "Feature", "properties": { "id": "9042", "geo_fid": 9042, "geo_creati": 1530006283851, "geo_modifi": 1530006283851, "id_alpage": 9042, "id_num_sca": "ADO75CA_ANO546", "quartier": "Quinze-Vingts", "nom_entier": "Rue de Charenton", "id_parc": "PA9595", "num_voies": "59", "geox": 602686, "geoy": 127803, "oid": 1142095, "arrondissement": "Paris 12e Arrondissement" }, "geometry": { "type": "MultiPoint", "coordinates": [ [ 2.373106425218559, 48.85068436275035 ] ] } },
{ "type": "Feature", "properties": { "id": "9048", "geo_fid": 9048, "geo_creati": 1530006283851, "geo_modifi": 1530006283851, "id_alpage": 9048, "id_num_sca": "ADO75CA_ANO546", "quartier": "Quinze-Vingts", "nom_entier": "Rue Saint Nicolas", "id_parc": "PA9605", "num_voies": "1", "geox": 602741, "geoy": 127755, "oid": 1142101, "arrondissement": "Paris 12e Arrondissement" }, "geometry": { "type": "MultiPoint", "coordinates": [ [ 2.37385556105545, 48.85024797781152 ] ] } },
{ "type": "Feature", "properties": { "id": "9050", "geo_fid": 9050, "geo_creati": 1530006283851, "geo_modifi": 1530006283851, "id_alpage": 9050, "id_num_sca": "ADO75CA_ANO546", "quartier": "Quinze-Vingts", "nom_entier": "Rue Saint Nicolas", "id_parc": "PA9342", "num_voies": "5", "geox": 602751, "geoy": 127778, "oid": 1142103, "arrondissement": "Paris 12e Arrondissement" }, "geometry": { "type": "MultiPoint", "coordinates": [ [ 2.373996070320691, 48.850461060160747 ] ] } },
{ "type": "Feature", "properties": { "id": "9052", "geo_fid": 9052, "geo_creati": 1530006283851, "geo_modifi": 1530006283851, "id_alpage": 9052, "id_num_sca": "ADO75CA_ANO546", "quartier": "Quinze-Vingts", "nom_entier": "Rue Saint Nicolas", "id_parc": "PA9618", "num_voies": "9", "geox": 602765, "geoy": 127809, "oid": 1142105, "arrondissement": "Paris 12e Arrondissement" }, "geometry": { "type": "MultiPoint", "coordinates": [ [ 2.374181592992095, 48.85073437901606 ] ] } },
{ "type": "Feature", "properties": { "id": "9065", "geo_fid": 9065, "geo_creati": 1530006283852, "geo_modifi": 1530006283852, "id_alpage": 9065, "id_num_sca": "ADO75CA_ANO547", "quartier": "Quinze-Vingts", "nom_entier": "Rue du Faubourg Saint Antoine", "id_parc": "PA9388", "num_voies": "62", "geox": 602696, "geoy": 127942, "oid": 1142118, "arrondissement": "Paris 12e Arrondissement" }, "geometry": { "type": "MultiPoint", "coordinates": [ [ 2.373247684346385, 48.851935205960871 ] ] } },
{ "type": "Feature", "properties": { "id": "9068", "geo_fid": 9068, "geo_creati": 1530006283852, "geo_modifi": 1530006283852, "id_alpage": 9068, "id_num_sca": "ADO75CA_ANO547", "quartier": "Quinze-Vingts", "nom_entier": "Rue du Faubourg Saint Antoine", "id_parc": "PA9387", "num_voies": "56", "geox": 602684, "geoy": 127947, "oid": 1142121, "arrondissement": "Paris 12e Arrondissement" }, "geometry": { "type": "MultiPoint", "coordinates": [ [ 2.373076019276303, 48.851981122881035 ] ] } },
{ "type": "Feature", "properties": { "id": "9070", "geo_fid": 9070, "geo_creati": 1530006283852, "geo_modifi": 1530006283852, "id_alpage": 9070, "id_num_sca": "ADO75CA_ANO547", "quartier": "Quinze-Vingts", "nom_entier": "Passage", "id_parc": "PA9384", "num_voies": "52", "geox": 602671, "geoy": 127953, "oid": 1142123, "arrondissement": "Paris 12e Arrondissement" }, "geometry": { "type": "MultiPoint", "coordinates": [ [ 2.37289890443496, 48.852028839790592 ] ] } },
{ "type": "Feature", "properties": { "id": "9073", "geo_fid": 9073, "geo_creati": 1530006283852, "geo_modifi": 1530006283852, "id_alpage": 9073, "id_num_sca": "ADO75CA_ANO547", "quartier": "Quinze-Vingts", "nom_entier": "Rue de Charenton", "id_parc": "PA9395", "num_voies": "55", "geox": 602668, "geoy": 127823, "oid": 1142126, "arrondissement": "Paris 12e Arrondissement" }, "geometry": { "type": "MultiPoint", "coordinates": [ [ 2.37286263860066, 48.85086249501272 ] ] } },
{ "type": "Feature", "properties": { "id": "9078", "geo_fid": 9078, "geo_creati": 1530006283852, "geo_modifi": 1530006283852, "id_alpage": 9078, "id_num_sca": "ADO75CA_ANO548", "quartier": "Quinze-Vingts", "nom_entier": "Rue du Faubourg Saint Antoine", "id_parc": "PA9373", "num_voies": "40", "geox": 602619, "geoy": 127976, "oid": 1142131, "arrondissement": "Paris 12e Arrondissement" }, "geometry": { "type": "MultiPoint", "coordinates": [ [ 2.372197268410701, 48.852238587308236 ] ] } },
{ "type": "Feature", "properties": { "id": "9086", "geo_fid": 9086, "geo_creati": 1530006283852, "geo_modifi": 1530006283852, "id_alpage": 9086, "id_num_sca": "ADO75CA_ANO548", "quartier": "Quinze-Vingts", "nom_entier": "Rue du Faubourg Saint Antoine", "id_parc": "PA9367", "num_voies": "24", "geox": 602555, "geoy": 128015, "oid": 1142139, "arrondissement": "Paris 12e Arrondissement" }, "geometry": { "type": "MultiPoint", "coordinates": [ [ 2.371321296128878, 48.852586870639236 ] ] } },
{ "type": "Feature", "properties": { "id": "9091", "geo_fid": 9091, "geo_creati": 1530006283852, "geo_modifi": 1530006283852, "id_alpage": 9091, "id_num_sca": "ADO75CA_ANO548", "quartier": "Quinze-Vingts", "nom_entier": "Rue du Faubourg Saint Antoine", "id_parc": "PA9351", "num_voies": "14", "geox": 602529, "geoy": 128035, "oid": 1142144, "arrondissement": "Paris 12e Arrondissement" }, "geometry": { "type": "MultiPoint", "coordinates": [ [ 2.370973931153749, 48.852769526118742 ] ] } },
{ "type": "Feature", "properties": { "id": "9098", "geo_fid": 9098, "geo_creati": 1530006283852, "geo_modifi": 1530006283852, "id_alpage": 9098, "id_num_sca": "ADO75CA_ANO548", "quartier": "Quinze-Vingts", "nom_entier": "Rue de Charenton", "id_parc": "PA9355", "num_voies": "1", "geox": 602500, "geoy": 128045, "oid": 1142151, "arrondissement": "Paris 12e Arrondissement" }, "geometry": { "type": "MultiPoint", "coordinates": [ [ 2.370574716649818, 48.852856872838906 ] ] } },
{ "type": "Feature", "properties": { "id": "9133", "geo_fid": 9133, "geo_creati": 1530006283853, "geo_modifi": 1530006283853, "id_alpage": 9133, "id_num_sca": "ADO75CA_ANO549", "quartier": "Quinze-Vingts", "nom_entier": "Rue de la Planchette", "id_parc": "PA9422", "num_voies": "6", "geox": 602474, "geoy": 127988, "oid": 1142186, "arrondissement": "Paris 12e Arrondissement" }, "geometry": { "type": "MultiPoint", "coordinates": [ [ 2.370215984080888, 48.85234439187839 ] ] } },
{ "type": "Feature", "properties": { "id": "9139", "geo_fid": 9139, "geo_creati": 1530006283853, "geo_modifi": 1530006283853, "id_alpage": 9139, "id_num_sca": "ADO75CA_ANO550", "quartier": "Quinze-Vingts", "nom_entier": "Rue de Charenton", "id_parc": "PA9405", "num_voies": "22", "geox": 602546, "geoy": 127972, "oid": 1142192, "arrondissement": "Paris 12e Arrondissement" }, "geometry": { "type": "MultiPoint", "coordinates": [ [ 2.371203841993003, 48.852203815675182 ] ] } },
{ "type": "Feature", "properties": { "id": "9158", "geo_fid": 9158, "geo_creati": 1530006283854, "geo_modifi": 1530006283854, "id_alpage": 9158, "id_num_sca": "ADO75CA_ANO552", "quartier": "Quinze-Vingts", "nom_entier": "Rue de la Contrescarpe", "id_parc": "PA9458", "num_voies": "36", "geox": 602269, "geoy": 127568, "oid": 1142211, "arrondissement": "Paris 12e Arrondissement" }, "geometry": { "type": "MultiPoint", "coordinates": [ [ 2.367421530536035, 48.848571819041403 ] ] } },
{ "type": "Feature", "properties": { "id": "9161", "geo_fid": 9161, "geo_creati": 1530006283854, "geo_modifi": 1530006283854, "id_alpage": 9161, "id_num_sca": "ADO75CA_ANO552", "quartier": "Quinze-Vingts", "nom_entier": "Rue de Bercy", "id_parc": "PA9457", "num_voies": "3", "geox": 602278, "geoy": 127530, "oid": 1142214, "arrondissement": "Paris 12e Arrondissement" }, "geometry": { "type": "MultiPoint", "coordinates": [ [ 2.367552129254132, 48.84822736318484 ] ] } },
{ "type": "Feature", "properties": { "id": "9163", "geo_fid": 9163, "geo_creati": 1530006283854, "geo_modifi": 1530006283854, "id_alpage": 9163, "id_num_sca": "ADO75CA_ANO552", "quartier": "Quinze-Vingts", "nom_entier": "Rue de Bercy", "id_parc": "PA9448", "num_voies": "7", "geox": 602337, "geoy": 127466, "oid": 1142216, "arrondissement": "Paris 12e Arrondissement" }, "geometry": { "type": "MultiPoint", "coordinates": [ [ 2.368343432072451, 48.847656112408636 ] ] } },
{ "type": "Feature", "properties": { "id": "9189", "geo_fid": 9189, "geo_creati": 1530006283854, "geo_modifi": 1530006283854, "id_alpage": 9189, "id_num_sca": "ADO75CA_ANO553", "quartier": "Quinze-Vingts", "nom_entier": "Rue de Bercy", "id_parc": "PA9476", "num_voies": "30", "geox": 602390, "geoy": 127393, "oid": 1142242, "arrondissement": "Paris 12e Arrondissement" }, "geometry": { "type": "MultiPoint", "coordinates": [ [ 2.369066535042755, 48.847000343612464 ] ] } },
{ "type": "Feature", "properties": { "id": "9210", "geo_fid": 9210, "geo_creati": 1530006283866, "geo_modifi": 1530006283866, "id_alpage": 9210, "id_num_sca": "ADO75CA_ANO554", "quartier": "Quinze-Vingts", "nom_entier": "Rue de Bercy", "id_parc": "PA9490", "num_voies": "42", "geox": 602472, "geoy": 127308, "oid": 1142263, "arrondissement": "Paris 12e Arrondissement" }, "geometry": { "type": "MultiPoint", "coordinates": [ [ 2.37018604318523, 48.846235644543157 ] ] } },
{ "type": "Feature", "properties": { "id": "9212", "geo_fid": 9212, "geo_creati": 1530006283866, "geo_modifi": 1530006283866, "id_alpage": 9212, "id_num_sca": "ADO75CA_ANO554", "quartier": "Quinze-Vingts", "nom_entier": "Rue de Bercy", "id_parc": "PA9309", "num_voies": "38", "geox": 602441, "geoy": 127342, "oid": 1142265, "arrondissement": "Paris 12e Arrondissement" }, "geometry": { "type": "MultiPoint", "coordinates": [ [ 2.369761132897275, 48.846538821148833 ] ] } },
{ "type": "Feature", "properties": { "id": "9219", "geo_fid": 9219, "geo_creati": 1530006283866, "geo_modifi": 1530006283866, "id_alpage": 9219, "id_num_sca": "ADO75CA_ANO555", "quartier": "Quinze-Vingts", "nom_entier": "Rue Traversière", "id_parc": "PA9550", "num_voies": "9bis", "geox": 602674, "geoy": 127434, "oid": 1142272, "arrondissement": "Paris 12e Arrondissement" }, "geometry": { "type": "MultiPoint", "coordinates": [ [ 2.372935074149543, 48.847367001331321 ] ] } },
{ "type": "Feature", "properties": { "id": "9222", "geo_fid": 9222, "geo_creati": 1530006283866, "geo_modifi": 1530006283866, "id_alpage": 9222, "id_num_sca": "ADO75CA_ANO555", "quartier": "Quinze-Vingts", "nom_entier": "Rue Traversière", "id_parc": "PA9542", "num_voies": "15", "geox": 602748, "geoy": 127530, "oid": 1142275, "arrondissement": "Paris 12e Arrondissement" }, "geometry": { "type": "MultiPoint", "coordinates": [ [ 2.373945366819647, 48.848229082850153 ] ] } },
{ "type": "Feature", "properties": { "id": "9237", "geo_fid": 9237, "geo_creati": 1530006283867, "geo_modifi": 1530006283867, "id_alpage": 9237, "id_num_sca": "ADO75CA_ANO555", "quartier": "Quinze-Vingts", "nom_entier": "Rue de Charenton", "id_parc": "PA9517", "num_voies": "50", "geox": 602700, "geoy": 127779, "oid": 1142290, "arrondissement": "Paris 12e Arrondissement" }, "geometry": { "type": "MultiPoint", "coordinates": [ [ 2.373302488170678, 48.850465777808381 ] ] } },
{ "type": "Feature", "properties": { "id": "9246", "geo_fid": 9246, "geo_creati": 1530006283867, "geo_modifi": 1530006283867, "id_alpage": 9246, "id_num_sca": "ADO75CA_ANO556", "quartier": "Quinze-Vingts", "nom_entier": "Rue Traversière", "id_parc": "PA9699", "num_voies": "8", "geox": 602564, "geoy": 127313, "oid": 1142299, "arrondissement": "Paris 12e Arrondissement" }, "geometry": { "type": "MultiPoint", "coordinates": [ [ 2.371442320133224, 48.846273943594554 ] ] } },
{ "type": "Feature", "properties": { "id": "9264", "geo_fid": 9264, "geo_creati": 1530006283867, "geo_modifi": 1530006283867, "id_alpage": 9264, "id_num_sca": "ADO75CA_ANO556", "quartier": "Quinze-Vingts", "nom_entier": "Rue de Bercy", "id_parc": "PA9706", "num_voies": "41", "geox": 602672, "geoy": 127131, "oid": 1142317, "arrondissement": "Paris 12e Arrondissement" }, "geometry": { "type": "MultiPoint", "coordinates": [ [ 2.372909951357782, 48.844636818975275 ] ] } },
{ "type": "Feature", "properties": { "id": "9266", "geo_fid": 9266, "geo_creati": 1530006283867, "geo_modifi": 1530006283867, "id_alpage": 9266, "id_num_sca": "ADO75CA_ANO556", "quartier": "Quinze-Vingts", "nom_entier": "Rue de Bercy", "id_parc": "PA9709", "num_voies": "37", "geox": 602663, "geoy": 127139, "oid": 1142319, "arrondissement": "Paris 12e Arrondissement" }, "geometry": { "type": "MultiPoint", "coordinates": [ [ 2.372792834364069, 48.844715991472881 ] ] } },
{ "type": "Feature", "properties": { "id": "9288", "geo_fid": 9288, "geo_creati": 1530006283868, "geo_modifi": 1530006283868, "id_alpage": 9288, "id_num_sca": "ADO75CA_ANO558", "quartier": "Quinze-Vingts", "nom_entier": "Rue de Bercy", "id_parc": "PA10210", "num_voies": "49", "geox": 602716, "geoy": 127084, "oid": 1142341, "arrondissement": "Paris 12e Arrondissement" }, "geometry": { "type": "MultiPoint", "coordinates": [ [ 2.373513228442653, 48.844221165076192 ] ] } },
{ "type": "Feature", "properties": { "id": "9302", "geo_fid": 9302, "geo_creati": 1530006283868, "geo_modifi": 1530006283868, "id_alpage": 9302, "id_num_sca": "ADO75CA_ANO561", "quartier": "Quinze-Vingts", "nom_entier": "Rue Villiot", "id_parc": "PA10229", "num_voies": "9", "geox": 602881, "geoy": 126832, "oid": 1142355, "arrondissement": "Paris 12e Arrondissement" }, "geometry": { "type": "MultiPoint", "coordinates": [ [ 2.37576090915512, 48.841947967835495 ] ] } },
{ "type": "Feature", "properties": { "id": "9307", "geo_fid": 9307, "geo_creati": 1530006283868, "geo_modifi": 1530006283868, "id_alpage": 9307, "id_num_sca": "ADO75CA_ANO561", "quartier": "Quinze-Vingts", "nom_entier": "Rue Villiot", "id_parc": "PA10237", "num_voies": "3", "geox": 602753, "geoy": 126731, "oid": 1142360, "arrondissement": "Paris 12e Arrondissement" }, "geometry": { "type": "MultiPoint", "coordinates": [ [ 2.374008177438926, 48.841039382064181 ] ] } },
{ "type": "Feature", "properties": { "id": "9321", "geo_fid": 9321, "geo_creati": 1530006283869, "geo_modifi": 1530006283869, "id_alpage": 9321, "id_num_sca": "ADO75CA_ANO561", "quartier": "Quinze-Vingts", "nom_entier": "Quai de la Rapée", "id_parc": "PA10223", "num_voies": "33", "geox": 602591, "geoy": 126910, "oid": 1142374, "arrondissement": "Paris 12e Arrondissement" }, "geometry": { "type": "MultiPoint", "coordinates": [ [ 2.371802234597225, 48.842652466398476 ] ] } },
{ "type": "Feature", "properties": { "id": "9322", "geo_fid": 9322, "geo_creati": 1530006283869, "geo_modifi": 1530006283869, "id_alpage": 9322, "id_num_sca": "ADO75CA_ANO561", "quartier": "Quinze-Vingts", "nom_entier": "Quai de la Rapée", "id_parc": "PA10223", "num_voies": "31", "geox": 602576, "geoy": 126928, "oid": 1142375, "arrondissement": "Paris 12e Arrondissement" }, "geometry": { "type": "MultiPoint", "coordinates": [ [ 2.371595255350641, 48.842811700063891 ] ] } },
{ "type": "Feature", "properties": { "id": "9329", "geo_fid": 9329, "geo_creati": 1530006283869, "geo_modifi": 1530006283869, "id_alpage": 9329, "id_num_sca": "ADO75CA_ANO562", "quartier": "Quinze-Vingts", "nom_entier": "Quai de la Rapée", "id_parc": "PA10259", "num_voies": "77", "geox": 602869, "geoy": 126524, "oid": 1142382, "arrondissement": "Paris 12e Arrondissement" }, "geometry": { "type": "MultiPoint", "coordinates": [ [ 2.375588470565301, 48.839177368772262 ] ] } },
{ "type": "Feature", "properties": { "id": "9335", "geo_fid": 9335, "geo_creati": 1530006283869, "geo_modifi": 1530006283869, "id_alpage": 9335, "id_num_sca": "ADO75CA_ANO562", "quartier": "Quinze-Vingts", "nom_entier": "Quai de la Rapée", "id_parc": "PA10245", "num_voies": "65", "geox": 602799, "geoy": 126620, "oid": 1142388, "arrondissement": "Paris 12e Arrondissement" }, "geometry": { "type": "MultiPoint", "coordinates": [ [ 2.374634128463155, 48.840047281581803 ] ] } },
{ "type": "Feature", "properties": { "id": "8711", "geo_fid": 8711, "geo_creati": 1530006283823, "geo_modifi": 1530006283823, "id_alpage": 8711, "id_num_sca": "ADO75CA_ANO538", "quartier": "Quinze-Vingts", "nom_entier": "Rue du Faubourg Saint Antoine", "id_parc": "PA9927", "num_voies": "236", "geox": 603688, "geoy": 127691, "oid": 1141764, "arrondissement": "Paris 12e Arrondissement" }, "geometry": { "type": "MultiPoint", "coordinates": [ [ 2.386757801894944, 48.849669373292691 ] ] } },
{ "type": "Feature", "properties": { "id": "8724", "geo_fid": 8724, "geo_creati": 1530006283823, "geo_modifi": 1530006283823, "id_alpage": 8724, "id_num_sca": "ADO75CA_ANO538", "quartier": "Quinze-Vingts", "nom_entier": "Rue du Faubourg Saint Antoine", "id_parc": "PA9935", "num_voies": "246", "geox": 603770, "geoy": 127673, "oid": 1141777, "arrondissement": "Paris 12e Arrondissement" }, "geometry": { "type": "MultiPoint", "coordinates": [ [ 2.387870898711593, 48.849507015913922 ] ] } },
{ "type": "Feature", "properties": { "id": "8725", "geo_fid": 8725, "geo_creati": 1530006283823, "geo_modifi": 1530006283823, "id_alpage": 8725, "id_num_sca": "ADO75CA_ANO538", "quartier": "Quinze-Vingts", "nom_entier": "Rue du Faubourg Saint Antoine", "id_parc": "PA9935", "num_voies": "248", "geox": 603786, "geoy": 127668, "oid": 1141778, "arrondissement": "Paris 12e Arrondissement" }, "geometry": { "type": "MultiPoint", "coordinates": [ [ 2.388088872349686, 48.849462854665433 ] ] } },
{ "type": "Feature", "properties": { "id": "8727", "geo_fid": 8727, "geo_creati": 1530006283823, "geo_modifi": 1530006283823, "id_alpage": 8727, "id_num_sca": "ADO75CA_ANO538", "quartier": "Quinze-Vingts", "nom_entier": "Rue du Faubourg Saint Antoine", "id_parc": "PA9933", "num_voies": "252", "geox": 603815, "geoy": 127658, "oid": 1141780, "arrondissement": "Paris 12e Arrondissement" }, "geometry": { "type": "MultiPoint", "coordinates": [ [ 2.388488028831988, 48.849375446717822 ] ] } },
{ "type": "Feature", "properties": { "id": "8728", "geo_fid": 8728, "geo_creati": 1530006283823, "geo_modifi": 1530006283823, "id_alpage": 8728, "id_num_sca": "ADO75CA_ANO538", "quartier": "Quinze-Vingts", "nom_entier": "Rue du Faubourg Saint Antoine", "id_parc": "PA9933", "num_voies": "254", "geox": 603823, "geoy": 127655, "oid": 1141781, "arrondissement": "Paris 12e Arrondissement" }, "geometry": { "type": "MultiPoint", "coordinates": [ [ 2.388592924047371, 48.849350219944256 ] ] } },
{ "type": "Feature", "properties": { "id": "8733", "geo_fid": 8733, "geo_creati": 1530006283823, "geo_modifi": 1530006283823, "id_alpage": 8733, "id_num_sca": "ADO75CA_ANO538", "quartier": "Quinze-Vingts", "nom_entier": "Rue du Faubourg Saint Antoine", "id_parc": "PA9938", "num_voies": "264", "geox": 603899, "geoy": 127630, "oid": 1141786, "arrondissement": "Paris 12e Arrondissement" }, "geometry": { "type": "MultiPoint", "coordinates": [ [ 2.389639166938134, 48.849118631413667 ] ] } },
{ "type": "Feature", "properties": { "id": "8771", "geo_fid": 8771, "geo_creati": 1530006283824, "geo_modifi": 1530006283824, "id_alpage": 8771, "id_num_sca": "ADO75CA_ANO538", "quartier": "Quinze-Vingts", "nom_entier": "Rue de Reuilly", "id_parc": "PA9957", "num_voies": "43", "geox": 603772, "geoy": 127314, "oid": 1141824, "arrondissement": "Paris 12e Arrondissement" }, "geometry": { "type": "MultiPoint", "coordinates": [ [ 2.387904398062529, 48.846277714287908 ] ] } },
{ "type": "Feature", "properties": { "id": "8783", "geo_fid": 8783, "geo_creati": 1530006283824, "geo_modifi": 1530006283824, "id_alpage": 8783, "id_num_sca": "ADO75CA_ANO538", "quartier": "Quinze-Vingts", "nom_entier": "Rue de Reuilly", "id_parc": "PA9936", "num_voies": "19", "geox": 603633, "geoy": 127548, "oid": 1141836, "arrondissement": "Paris 12e Arrondissement" }, "geometry": { "type": "MultiPoint", "coordinates": [ [ 2.386004373342978, 48.848383738322276 ] ] } },
{ "type": "Feature", "properties": { "id": "8830", "geo_fid": 8830, "geo_creati": 1530006283836, "geo_modifi": 1530006283836, "id_alpage": 8830, "id_num_sca": "ADO75CA_ANO540", "quartier": "Quinze-Vingts", "nom_entier": "Rue de Reuilly", "id_parc": "PA9848", "num_voies": "18", "geox": 603565, "geoy": 127655, "oid": 1141883, "arrondissement": "Paris 12e Arrondissement" }, "geometry": { "type": "MultiPoint", "coordinates": [ [ 2.385080106800267, 48.849349947927713 ] ] } },
{ "type": "Feature", "properties": { "id": "8877", "geo_fid": 8877, "geo_creati": 1530006283837, "geo_modifi": 1530006283837, "id_alpage": 8877, "id_num_sca": "ADO75CA_ANO540", "quartier": "Quinze-Vingts", "nom_entier": "Rue du Faubourg Saint Antoine", "id_parc": "PA9819", "num_voies": "202", "geox": 603376, "geoy": 127752, "oid": 1141930, "arrondissement": "Paris 12e Arrondissement" }, "geometry": { "type": "MultiPoint", "coordinates": [ [ 2.382512371385075, 48.85021789386041 ] ] } },
{ "type": "Feature", "properties": { "id": "8906", "geo_fid": 8906, "geo_creati": 1530006283837, "geo_modifi": 1530006283837, "id_alpage": 8906, "id_num_sca": "ADO75CA_ANO542", "quartier": "Quinze-Vingts", "nom_entier": "Rue de Charenton", "id_parc": "PA9742", "num_voies": "10", "geox": 602964, "geoy": 127490, "oid": 1141959, "arrondissement": "Paris 12e Arrondissement" }, "geometry": { "type": "MultiPoint", "coordinates": [ [ 2.376890977974742, 48.847862992860797 ] ] } },
{ "type": "Feature", "properties": { "id": "8908", "geo_fid": 8908, "geo_creati": 1530006283837, "geo_modifi": 1530006283837, "id_alpage": 8908, "id_num_sca": "ADO75CA_ANO542", "quartier": "Quinze-Vingts", "nom_entier": "Rue Trouvée", "id_parc": "PA9740", "num_voies": "4", "geox": 602962, "geoy": 127534, "oid": 1141961, "arrondissement": "Paris 12e Arrondissement" }, "geometry": { "type": "MultiPoint", "coordinates": [ [ 2.376868136872813, 48.848267673286884 ] ] } },
{ "type": "Feature", "properties": { "id": "8920", "geo_fid": 8920, "geo_creati": 1530006283838, "geo_modifi": 1530006283838, "id_alpage": 8920, "id_num_sca": "ADO75CA_ANO543", "quartier": "Quinze-Vingts", "nom_entier": "Rue Lenoir", "id_parc": "PA9340", "num_voies": "19", "geox": 603127, "geoy": 127765, "oid": 1141973, "arrondissement": "Paris 12e Arrondissement" }, "geometry": { "type": "MultiPoint", "coordinates": [ [ 2.379120868322088, 48.850336993491133 ] ] } },
{ "type": "Feature", "properties": { "id": "8948", "geo_fid": 8948, "geo_creati": 1530006283838, "geo_modifi": 1530006283838, "id_alpage": 8948, "id_num_sca": "ADO75CA_ANO544", "quartier": "Quinze-Vingts", "nom_entier": "Rue du Faubourg Saint Antoine", "id_parc": "PA9642", "num_voies": "120", "geox": 602955, "geoy": 127845, "oid": 1142001, "arrondissement": "Paris 12e Arrondissement" }, "geometry": { "type": "MultiPoint", "coordinates": [ [ 2.376774973359741, 48.851055449530776 ] ] } },
{ "type": "Feature", "properties": { "id": "9009", "geo_fid": 9009, "geo_creati": 1530006283850, "geo_modifi": 1530006283850, "id_alpage": 9009, "id_num_sca": "ADO75CA_ANO545", "quartier": "Quinze-Vingts", "nom_entier": "Rue de Charenton", "id_parc": "PA9586", "num_voies": "75", "geox": 602755, "geoy": 127713, "oid": 1142062, "arrondissement": "Paris 12e Arrondissement" }, "geometry": { "type": "MultiPoint", "coordinates": [ [ 2.374043328007389, 48.849873820164476 ] ] } },
{ "type": "Feature", "properties": { "id": "9020", "geo_fid": 9020, "geo_creati": 1530006283851, "geo_modifi": 1530006283851, "id_alpage": 9020, "id_num_sca": "ADO75CA_ANO545", "quartier": "Quinze-Vingts", "nom_entier": "Rue Traversière", "id_parc": "PA9593", "num_voies": "25", "geox": 602851, "geoy": 127737, "oid": 1142073, "arrondissement": "Paris 12e Arrondissement" }, "geometry": { "type": "MultiPoint", "coordinates": [ [ 2.375352974733865, 48.850084719261794 ] ] } },
{ "type": "Feature", "properties": { "id": "9025", "geo_fid": 9025, "geo_creati": 1530006283851, "geo_modifi": 1530006283851, "id_alpage": 9025, "id_num_sca": "ADO75CA_ANO545", "quartier": "Quinze-Vingts", "nom_entier": "Rue Traversière", "id_parc": "PA9566", "num_voies": "35", "geox": 602872, "geoy": 127780, "oid": 1142078, "arrondissement": "Paris 12e Arrondissement" }, "geometry": { "type": "MultiPoint", "coordinates": [ [ 2.375635341931036, 48.850475808034219 ] ] } },
{ "type": "Feature", "properties": { "id": "9038", "geo_fid": 9038, "geo_creati": 1530006283851, "geo_modifi": 1530006283851, "id_alpage": 9038, "id_num_sca": "ADO75CA_ANO546", "quartier": "Quinze-Vingts", "nom_entier": "Rue du Faubourg Saint Antoine", "id_parc": "PA9603", "num_voies": "76", "geox": 602750, "geoy": 127921, "oid": 1142091, "arrondissement": "Paris 12e Arrondissement" }, "geometry": { "type": "MultiPoint", "coordinates": [ [ 2.373973852489352, 48.85174253026593 ] ] } },
{ "type": "Feature", "properties": { "id": "9043", "geo_fid": 9043, "geo_creati": 1530006283851, "geo_modifi": 1530006283851, "id_alpage": 9043, "id_num_sca": "ADO75CA_ANO546", "quartier": "Quinze-Vingts", "nom_entier": "Rue de Charenton", "id_parc": "PA9620", "num_voies": "61", "geox": 602693, "geoy": 127794, "oid": 1142096, "arrondissement": "Paris 12e Arrondissement" }, "geometry": { "type": "MultiPoint", "coordinates": [ [ 2.37320720140058, 48.850601597987215 ] ] } },
{ "type": "Feature", "properties": { "id": "9062", "geo_fid": 9062, "geo_creati": 1530006283851, "geo_modifi": 1530006283851, "id_alpage": 9062, "id_num_sca": "ADO75CA_ANO547", "quartier": "Quinze-Vingts", "nom_entier": "Rue du Faubourg Saint Antoine", "id_parc": "PA9392", "num_voies": "68", "geox": 602714, "geoy": 127935, "oid": 1142115, "arrondissement": "Paris 12e Arrondissement" }, "geometry": { "type": "MultiPoint", "coordinates": [ [ 2.373490194153437, 48.851869482311265 ] ] } },
{ "type": "Feature", "properties": { "id": "9071", "geo_fid": 9071, "geo_creati": 1530006283852, "geo_modifi": 1530006283852, "id_alpage": 9071, "id_num_sca": "ADO75CA_ANO547", "quartier": "Quinze-Vingts", "nom_entier": "Rue de Charenton", "id_parc": "PA9382", "num_voies": "51", "geox": 602631, "geoy": 127870, "oid": 1142124, "arrondissement": "Paris 12e Arrondissement" }, "geometry": { "type": "MultiPoint", "coordinates": [ [ 2.372362845718557, 48.851288904972542 ] ] } },
{ "type": "Feature", "properties": { "id": "9079", "geo_fid": 9079, "geo_creati": 1530006283852, "geo_modifi": 1530006283852, "id_alpage": 9079, "id_num_sca": "ADO75CA_ANO548", "quartier": "Quinze-Vingts", "nom_entier": "Rue du Faubourg Saint Antoine", "id_parc": "PA9372", "num_voies": "38", "geox": 602611, "geoy": 127980, "oid": 1142132, "arrondissement": "Paris 12e Arrondissement" }, "geometry": { "type": "MultiPoint", "coordinates": [ [ 2.372089638446189, 48.852270994028004 ] ] } },
{ "type": "Feature", "properties": { "id": "9090", "geo_fid": 9090, "geo_creati": 1530006283852, "geo_modifi": 1530006283852, "id_alpage": 9090, "id_num_sca": "ADO75CA_ANO548", "quartier": "Quinze-Vingts", "nom_entier": "Rue du Faubourg Saint Antoine", "id_parc": "PA9357", "num_voies": "16", "geox": 602534, "geoy": 128031, "oid": 1142143, "arrondissement": "Paris 12e Arrondissement" }, "geometry": { "type": "MultiPoint", "coordinates": [ [ 2.371032505521488, 48.852737134987549 ] ] } },
{ "type": "Feature", "properties": { "id": "9093", "geo_fid": 9093, "geo_creati": 1530006283852, "geo_modifi": 1530006283852, "id_alpage": 9093, "id_num_sca": "ADO75CA_ANO548", "quartier": "Quinze-Vingts", "nom_entier": "Rue du Faubourg Saint Antoine", "id_parc": "PA9352", "num_voies": "10", "geox": 602521, "geoy": 128043, "oid": 1142146, "arrondissement": "Paris 12e Arrondissement" }, "geometry": { "type": "MultiPoint", "coordinates": [ [ 2.370864961481352, 48.852838802242573 ] ] } },
{ "type": "Feature", "properties": { "id": "9109", "geo_fid": 9109, "geo_creati": 1530006283852, "geo_modifi": 1530006283852, "id_alpage": 9109, "id_num_sca": "ADO75CA_ANO548", "quartier": "Quinze-Vingts", "nom_entier": "Rue de Charenton", "id_parc": "PA9365", "num_voies": "23", "geox": 602550, "geoy": 127976, "oid": 1142162, "arrondissement": "Paris 12e Arrondissement" }, "geometry": { "type": "MultiPoint", "coordinates": [ [ 2.371251560180313, 48.852238873081177 ] ] } },
{ "type": "Feature", "properties": { "id": "9114", "geo_fid": 9114, "geo_creati": 1530006283853, "geo_modifi": 1530006283853, "id_alpage": 9114, "id_num_sca": "ADO75CA_ANO548", "quartier": "Quinze-Vingts", "nom_entier": "Rue de Charenton", "id_parc": "PA9369", "num_voies": "33", "geox": 602576, "geoy": 127942, "oid": 1142167, "arrondissement": "Paris 12e Arrondissement" }, "geometry": { "type": "MultiPoint", "coordinates": [ [ 2.371609739833529, 48.851937509564038 ] ] } },
{ "type": "Feature", "properties": { "id": "9124", "geo_fid": 9124, "geo_creati": 1530006283853, "geo_modifi": 1530006283853, "id_alpage": 9124, "id_num_sca": "ADO75CA_ANO549", "quartier": "Quinze-Vingts", "nom_entier": "Rue de Charenton", "id_parc": "PA9426", "num_voies": "6", "geox": 602488, "geoy": 128053, "oid": 1142177, "arrondissement": "Paris 12e Arrondissement" }, "geometry": { "type": "MultiPoint", "coordinates": [ [ 2.370412604109243, 48.852931559675476 ] ] } },
{ "type": "Feature", "properties": { "id": "9129", "geo_fid": 9129, "geo_creati": 1530006283853, "geo_modifi": 1530006283853, "id_alpage": 9129, "id_num_sca": "ADO75CA_ANO549", "quartier": "Quinze-Vingts", "nom_entier": null, "id_parc": "PA9431", "num_voies": "14", "geox": 602468, "geoy": 128026, "oid": 1142182, "arrondissement": "Paris 12e Arrondissement" }, "geometry": { "type": "MultiPoint", "coordinates": [ [ 2.370139899389661, 48.852686137294803 ] ] } },
{ "type": "Feature", "properties": { "id": "9130", "geo_fid": 9130, "geo_creati": 1530006283853, "geo_modifi": 1530006283853, "id_alpage": 9130, "id_num_sca": "ADO75CA_ANO549", "quartier": "Quinze-Vingts", "nom_entier": null, "id_parc": "PA9432", "num_voies": "12", "geox": 602474, "geoy": 128014, "oid": 1142183, "arrondissement": "Paris 12e Arrondissement" }, "geometry": { "type": "MultiPoint", "coordinates": [ [ 2.37021205231239, 48.852580002344361 ] ] } },
{ "type": "Feature", "properties": { "id": "9151", "geo_fid": 9151, "geo_creati": 1530006283853, "geo_modifi": 1530006283853, "id_alpage": 9151, "id_num_sca": "ADO75CA_ANO550", "quartier": "Quinze-Vingts", "nom_entier": "Rue de Charenton", "id_parc": "PA9416", "num_voies": "48", "geox": 602686, "geoy": 127795, "oid": 1142204, "arrondissement": "Paris 12e Arrondissement" }, "geometry": { "type": "MultiPoint", "coordinates": [ [ 2.373111824541242, 48.850613318546884 ] ] } },
{ "type": "Feature", "properties": { "id": "9152", "geo_fid": 9152, "geo_creati": 1530006283854, "geo_modifi": 1530006283854, "id_alpage": 9152, "id_num_sca": "ADO75CA_ANO552", "quartier": "Quinze-Vingts", "nom_entier": "Rue de la Contrescarpe", "id_parc": "PA9455", "num_voies": "48", "geox": 602302, "geoy": 127696, "oid": 1142205, "arrondissement": "Paris 12e Arrondissement" }, "geometry": { "type": "MultiPoint", "coordinates": [ [ 2.367880070378517, 48.849721865942996 ] ] } },
{ "type": "Feature", "properties": { "id": "9175", "geo_fid": 9175, "geo_creati": 1530006283854, "geo_modifi": 1530006283854, "id_alpage": 9175, "id_num_sca": "ADO75CA_ANO553", "quartier": "Quinze-Vingts", "nom_entier": "Rue de Contrescarpe", "id_parc": "PA9484", "num_voies": "20", "geox": 602252, "geoy": 127466, "oid": 1142228, "arrondissement": "Paris 12e Arrondissement" }, "geometry": { "type": "MultiPoint", "coordinates": [ [ 2.367194786941772, 48.847653721926434 ] ] } },
{ "type": "Feature", "properties": { "id": "9178", "geo_fid": 9178, "geo_creati": 1530006283854, "geo_modifi": 1530006283854, "id_alpage": 9178, "id_num_sca": "ADO75CA_ANO553", "quartier": "Quinze-Vingts", "nom_entier": "Rue de Contrescarpe", "id_parc": "PA9483", "num_voies": "14", "geox": 602250, "geoy": 127450, "oid": 1142231, "arrondissement": "Paris 12e Arrondissement" }, "geometry": { "type": "MultiPoint", "coordinates": [ [ 2.367159273597516, 48.847509847701843 ] ] } },
{ "type": "Feature", "properties": { "id": "9179", "geo_fid": 9179, "geo_creati": 1530006283854, "geo_modifi": 1530006283854, "id_alpage": 9179, "id_num_sca": "ADO75CA_ANO553", "quartier": "Quinze-Vingts", "nom_entier": null, "id_parc": "PA9483", "num_voies": "12", "geox": 602253, "geoy": 127443, "oid": 1142232, "arrondissement": "Paris 12e Arrondissement" }, "geometry": { "type": "MultiPoint", "coordinates": [ [ 2.367208286260547, 48.847444187973004 ] ] } },
{ "type": "Feature", "properties": { "id": "9185", "geo_fid": 9185, "geo_creati": 1530006283854, "geo_modifi": 1530006283854, "id_alpage": 9185, "id_num_sca": "ADO75CA_ANO553", "quartier": "Quinze-Vingts", "nom_entier": "Rue Moreau", "id_parc": "PA9470", "num_voies": "9", "geox": 602390, "geoy": 127355, "oid": 1142238, "arrondissement": "Paris 12e Arrondissement" }, "geometry": { "type": "MultiPoint", "coordinates": [ [ 2.369069037268619, 48.846652324598438 ] ] } },
{ "type": "Feature", "properties": { "id": "9198", "geo_fid": 9198, "geo_creati": 1530006283854, "geo_modifi": 1530006283854, "id_alpage": 9198, "id_num_sca": "ADO75CA_ANO553", "quartier": "Quinze-Vingts", "nom_entier": "Rue de Bercy", "id_parc": "PA9487", "num_voies": "12", "geox": 602309, "geoy": 127478, "oid": 1142251, "arrondissement": "Paris 12e Arrondissement" }, "geometry": { "type": "MultiPoint", "coordinates": [ [ 2.36796743156762, 48.847765925486463 ] ] } },
{ "type": "Feature", "properties": { "id": "9211", "geo_fid": 9211, "geo_creati": 1530006283866, "geo_modifi": 1530006283866, "id_alpage": 9211, "id_num_sca": "ADO75CA_ANO554", "quartier": "Quinze-Vingts", "nom_entier": "Rue de Bercy", "id_parc": "PA9491", "num_voies": "40", "geox": 602455, "geoy": 127326, "oid": 1142264, "arrondissement": "Paris 12e Arrondissement" }, "geometry": { "type": "MultiPoint", "coordinates": [ [ 2.369957242748693, 48.846393982272524 ] ] } },
{ "type": "Feature", "properties": { "id": "9224", "geo_fid": 9224, "geo_creati": 1530006283866, "geo_modifi": 1530006283866, "id_alpage": 9224, "id_num_sca": "ADO75CA_ANO555", "quartier": "Quinze-Vingts", "nom_entier": "Rue de Charenton", "id_parc": "PA9530", "num_voies": "76", "geox": 602790, "geoy": 127654, "oid": 1142277, "arrondissement": "Paris 12e Arrondissement" }, "geometry": { "type": "MultiPoint", "coordinates": [ [ 2.37452802522805, 48.849343092208684 ] ] } },
{ "type": "Feature", "properties": { "id": "9250", "geo_fid": 9250, "geo_creati": 1530006283867, "geo_modifi": 1530006283867, "id_alpage": 9250, "id_num_sca": "ADO75CA_ANO556", "quartier": "Quinze-Vingts", "nom_entier": "Rue Traversière", "id_parc": "PA9675", "num_voies": "16", "geox": 602731, "geoy": 127489, "oid": 1142303, "arrondissement": "Paris 12e Arrondissement" }, "geometry": { "type": "MultiPoint", "coordinates": [ [ 2.373720271488063, 48.847862251980253 ] ] } },
{ "type": "Feature", "properties": { "id": "9252", "geo_fid": 9252, "geo_creati": 1530006283867, "geo_modifi": 1530006283867, "id_alpage": 9252, "id_num_sca": "ADO75CA_ANO556", "quartier": "Quinze-Vingts", "nom_entier": "Rue Traversière", "id_parc": "PA9677", "num_voies": "20", "geox": 602746, "geoy": 127513, "oid": 1142305, "arrondissement": "Paris 12e Arrondissement" }, "geometry": { "type": "MultiPoint", "coordinates": [ [ 2.373916641779686, 48.848078913630722 ] ] } },
{ "type": "Feature", "properties": { "id": "9257", "geo_fid": 9257, "geo_creati": 1530006283867, "geo_modifi": 1530006283867, "id_alpage": 9257, "id_num_sca": "ADO75CA_ANO556", "quartier": "Quinze-Vingts", "nom_entier": "Rue Traversière", "id_parc": "PA9684", "num_voies": "28", "geox": 602787, "geoy": 127591, "oid": 1142310, "arrondissement": "Paris 12e Arrondissement" }, "geometry": { "type": "MultiPoint", "coordinates": [ [ 2.374481272582003, 48.848777465255829 ] ] } },
{ "type": "Feature", "properties": { "id": "9277", "geo_fid": 9277, "geo_creati": 1530006283868, "geo_modifi": 1530006283868, "id_alpage": 9277, "id_num_sca": "ADO75CA_ANO557", "quartier": "Quinze-Vingts", "nom_entier": null, "id_parc": "PA10212", "num_voies": "134", "geox": 603103, "geoy": 127338, "oid": 1142330, "arrondissement": "Paris 12e Arrondissement" }, "geometry": { "type": "MultiPoint", "coordinates": [ [ 2.378787902020719, 48.846499920615784 ] ] } },
{ "type": "Feature", "properties": { "id": "9284", "geo_fid": 9284, "geo_creati": 1530006283868, "geo_modifi": 1530006283868, "id_alpage": 9284, "id_num_sca": "ADO75CA_ANO558", "quartier": "Quinze-Vingts", "nom_entier": "Rue de Bercy", "id_parc": "PA10178", "num_voies": "59", "geox": 602840, "geoy": 126957, "oid": 1142337, "arrondissement": "Paris 12e Arrondissement" }, "geometry": { "type": "MultiPoint", "coordinates": [ [ 2.375197730421613, 48.843073145946377 ] ] } },
{ "type": "Feature", "properties": { "id": "9289", "geo_fid": 9289, "geo_creati": 1530006283868, "geo_modifi": 1530006283868, "id_alpage": 9289, "id_num_sca": "ADO75CA_ANO559", "quartier": "Quinze-Vingts", "nom_entier": "Rue de Bercy", "id_parc": "PA9505", "num_voies": "48", "geox": 602637, "geoy": 127156, "oid": 1142342, "arrondissement": "Paris 12e Arrondissement" }, "geometry": { "type": "MultiPoint", "coordinates": [ [ 2.372437332537832, 48.844867179402627 ] ] } },
{ "type": "Feature", "properties": { "id": "9295", "geo_fid": 9295, "geo_creati": 1530006283868, "geo_modifi": 1530006283868, "id_alpage": 9295, "id_num_sca": "ADO75CA_ANO560", "quartier": "Quinze-Vingts", "nom_entier": "Quai de la Rapée", "id_parc": "PA9510", "num_voies": "27", "geox": 602558, "geoy": 126964, "oid": 1142348, "arrondissement": "Paris 12e Arrondissement" }, "geometry": { "type": "MultiPoint", "coordinates": [ [ 2.371363867571682, 48.843140903077675 ] ] } },
{ "type": "Feature", "properties": { "id": "9300", "geo_fid": 9300, "geo_creati": 1530006283868, "geo_modifi": 1530006283868, "id_alpage": 9300, "id_num_sca": "ADO75CA_ANO561", "quartier": "Quinze-Vingts", "nom_entier": "Rue Villiot", "id_parc": "PA10231", "num_voies": "9ter", "geox": 602900, "geoy": 126846, "oid": 1142353, "arrondissement": "Paris 12e Arrondissement" }, "geometry": { "type": "MultiPoint", "coordinates": [ [ 2.37601986596504, 48.842074677479673 ] ] } },
{ "type": "Feature", "properties": { "id": "9301", "geo_fid": 9301, "geo_creati": 1530006283868, "geo_modifi": 1530006283868, "id_alpage": 9301, "id_num_sca": "ADO75CA_ANO561", "quartier": "Quinze-Vingts", "nom_entier": "Rue Villiot", "id_parc": "PA10232", "num_voies": "9bis", "geox": 602888, "geoy": 126836, "oid": 1142354, "arrondissement": "Paris 12e Arrondissement" }, "geometry": { "type": "MultiPoint", "coordinates": [ [ 2.375856311384627, 48.841991100647064 ] ] } },
{ "type": "Feature", "properties": { "id": "9315", "geo_fid": 9315, "geo_creati": 1530006283868, "geo_modifi": 1530006283868, "id_alpage": 9315, "id_num_sca": "ADO75CA_ANO561", "quartier": "Quinze-Vingts", "nom_entier": "Quai de la Rapée", "id_parc": "PA10225", "num_voies": "45", "geox": 602664, "geoy": 126805, "oid": 1142368, "arrondissement": "Paris 12e Arrondissement" }, "geometry": { "type": "MultiPoint", "coordinates": [ [ 2.37279613580869, 48.841712421700272 ] ] } },
{ "type": "Feature", "properties": { "id": "8718", "geo_fid": 8718, "geo_creati": 1530006283823, "geo_modifi": 1530006283823, "id_alpage": 8718, "id_num_sca": "ADO75CA_ANO538", "quartier": "Quinze-Vingts", "nom_entier": "Rue de Reuilly", "id_parc": "PA9931", "num_voies": "11", "geox": 603590, "geoy": 127637, "oid": 1141771, "arrondissement": "Paris 12e Arrondissement" }, "geometry": { "type": "MultiPoint", "coordinates": [ [ 2.385421963942677, 48.849186136561229 ] ] } },
{ "type": "Feature", "properties": { "id": "8721", "geo_fid": 8721, "geo_creati": 1530006283823, "geo_modifi": 1530006283823, "id_alpage": 8721, "id_num_sca": "ADO75CA_ANO538", "quartier": "Quinze-Vingts", "nom_entier": "Rue de Reuilly", "id_parc": "PA9923", "num_voies": "17", "geox": 603622, "geoy": 127572, "oid": 1141774, "arrondissement": "Paris 12e Arrondissement" }, "geometry": { "type": "MultiPoint", "coordinates": [ [ 2.385857427753448, 48.848602324177719 ] ] } },
{ "type": "Feature", "properties": { "id": "8766", "geo_fid": 8766, "geo_creati": 1530006283824, "geo_modifi": 1530006283824, "id_alpage": 8766, "id_num_sca": "ADO75CA_ANO538", "quartier": "Quinze-Vingts", "nom_entier": "Rue de Reuilly", "id_parc": "PA9972", "num_voies": "53", "geox": 603810, "geoy": 127264, "oid": 1141819, "arrondissement": "Paris 12e Arrondissement" }, "geometry": { "type": "MultiPoint", "coordinates": [ [ 2.388418972778963, 48.845829647108424 ] ] } },
{ "type": "Feature", "properties": { "id": "8787", "geo_fid": 8787, "geo_creati": 1530006283824, "geo_modifi": 1530006283824, "id_alpage": 8787, "id_num_sca": "ADO75CA_ANO539", "quartier": "Quinze-Vingts", "nom_entier": "Rue de Reuilly", "id_parc": "PA9895", "num_voies": "40", "geox": 603816, "geoy": 127235, "oid": 1141840, "arrondissement": "Paris 12e Arrondissement" }, "geometry": { "type": "MultiPoint", "coordinates": [ [ 2.3885004520647, 48.845566123773239 ] ] } },
{ "type": "Feature", "properties": { "id": "8833", "geo_fid": 8833, "geo_creati": 1530006283836, "geo_modifi": 1530006283836, "id_alpage": 8833, "id_num_sca": "ADO75CA_ANO540", "quartier": "Quinze-Vingts", "nom_entier": "Rue de Reuilly", "id_parc": "PA9864", "num_voies": "24", "geox": 603646, "geoy": 127505, "oid": 1141886, "arrondissement": "Paris 12e Arrondissement" }, "geometry": { "type": "MultiPoint", "coordinates": [ [ 2.386185221883048, 48.848002369462336 ] ] } },
{ "type": "Feature", "properties": { "id": "8845", "geo_fid": 8845, "geo_creati": 1530006283836, "geo_modifi": 1530006283836, "id_alpage": 8845, "id_num_sca": "ADO75CA_ANO540", "quartier": "Quinze-Vingts", "nom_entier": "Rue Lenoir", "id_parc": "PA9792", "num_voies": "4", "geox": 603081, "geoy": 127661, "oid": 1141898, "arrondissement": "Paris 12e Arrondissement" }, "geometry": { "type": "MultiPoint", "coordinates": [ [ 2.378483738750639, 48.849401083109541 ] ] } },
{ "type": "Feature", "properties": { "id": "8870", "geo_fid": 8870, "geo_creati": 1530006283837, "geo_modifi": 1530006283837, "id_alpage": 8870, "id_num_sca": "ADO75CA_ANO540", "quartier": "Quinze-Vingts", "nom_entier": "Rue du Faubourg Saint Antoine", "id_parc": "PA26448", "num_voies": "188", "geox": 603303, "geoy": 127761, "oid": 1141923, "arrondissement": "Paris 12e Arrondissement" }, "geometry": { "type": "MultiPoint", "coordinates": [ [ 2.381516362601126, 48.850306413294611 ] ] } },
{ "type": "Feature", "properties": { "id": "8875", "geo_fid": 8875, "geo_creati": 1530006283837, "geo_modifi": 1530006283837, "id_alpage": 8875, "id_num_sca": "ADO75CA_ANO540", "quartier": "Quinze-Vingts", "nom_entier": "Rue du Faubourg Saint Antoine", "id_parc": "PA9822", "num_voies": "198", "geox": 603347, "geoy": 127755, "oid": 1141928, "arrondissement": "Paris 12e Arrondissement" }, "geometry": { "type": "MultiPoint", "coordinates": [ [ 2.382110424465461, 48.850252224943354 ] ] } },
{ "type": "Feature", "properties": { "id": "8891", "geo_fid": 8891, "geo_creati": 1530006283837, "geo_modifi": 1530006283837, "id_alpage": 8891, "id_num_sca": "ADO75CA_ANO541", "quartier": "Quinze-Vingts", "nom_entier": "Rue de Charenton", "id_parc": "PA9766", "num_voies": "107", "geox": 603031, "geoy": 127430, "oid": 1141944, "arrondissement": "Paris 12e Arrondissement" }, "geometry": { "type": "MultiPoint", "coordinates": [ [ 2.377804827873411, 48.847328503989999 ] ] } },
{ "type": "Feature", "properties": { "id": "8921", "geo_fid": 8921, "geo_creati": 1530006283838, "geo_modifi": 1530006283838, "id_alpage": 8921, "id_num_sca": "ADO75CA_ANO543", "quartier": "Quinze-Vingts", "nom_entier": "Rue Lenoir", "id_parc": "PA9758", "num_voies": "17", "geox": 603117, "geoy": 127745, "oid": 1141974, "arrondissement": "Paris 12e Arrondissement" }, "geometry": { "type": "MultiPoint", "coordinates": [ [ 2.378972191844639, 48.850159891319031 ] ] } },
{ "type": "Feature", "properties": { "id": "8930", "geo_fid": 8930, "geo_creati": 1530006283838, "geo_modifi": 1530006283838, "id_alpage": 8930, "id_num_sca": "ADO75CA_ANO543", "quartier": "Quinze-Vingts", "nom_entier": "Rue Cotte", "id_parc": "PA9744", "num_voies": "2", "geox": 603034, "geoy": 127690, "oid": 1141983, "arrondissement": "Paris 12e Arrondissement" }, "geometry": { "type": "MultiPoint", "coordinates": [ [ 2.377851703265951, 48.849667494360396 ] ] } },
{ "type": "Feature", "properties": { "id": "8940", "geo_fid": 8940, "geo_creati": 1530006283838, "geo_modifi": 1530006283838, "id_alpage": 8940, "id_num_sca": "ADO75CA_ANO544", "quartier": "Quinze-Vingts", "nom_entier": "Rue du Faubourg Saint Antoine", "id_parc": "PA9671", "num_voies": "130", "geox": 603026, "geoy": 127818, "oid": 1141993, "arrondissement": "Paris 12e Arrondissement" }, "geometry": { "type": "MultiPoint", "coordinates": [ [ 2.377738178719101, 48.850815905370318 ] ] } },
{ "type": "Feature", "properties": { "id": "8942", "geo_fid": 8942, "geo_creati": 1530006283838, "geo_modifi": 1530006283838, "id_alpage": 8942, "id_num_sca": "ADO75CA_ANO544", "quartier": "Quinze-Vingts", "nom_entier": "Rue du Faubourg Saint Antoine", "id_parc": "PA9672", "num_voies": "128", "geox": 603013, "geoy": 127823, "oid": 1141995, "arrondissement": "Paris 12e Arrondissement" }, "geometry": { "type": "MultiPoint", "coordinates": [ [ 2.37756107031358, 48.85086093169464 ] ] } },
{ "type": "Feature", "properties": { "id": "8945", "geo_fid": 8945, "geo_creati": 1530006283838, "geo_modifi": 1530006283838, "id_alpage": 8945, "id_num_sca": "ADO75CA_ANO544", "quartier": "Quinze-Vingts", "nom_entier": "Rue du Faubourg Saint Antoine", "id_parc": "PA9646", "num_voies": "124", "geox": 602983, "geoy": 127834, "oid": 1141998, "arrondissement": "Paris 12e Arrondissement" }, "geometry": { "type": "MultiPoint", "coordinates": [ [ 2.377153719763687, 48.850964491198148 ] ] } },
{ "type": "Feature", "properties": { "id": "8946", "geo_fid": 8946, "geo_creati": 1530006283838, "geo_modifi": 1530006283838, "id_alpage": 8946, "id_num_sca": "ADO75CA_ANO544", "quartier": "Quinze-Vingts", "nom_entier": "Rue du Faubourg Saint Antoine", "id_parc": "PA9645", "num_voies": "122bis", "geox": 602978, "geoy": 127836, "oid": 1141999, "arrondissement": "Paris 12e Arrondissement" }, "geometry": { "type": "MultiPoint", "coordinates": [ [ 2.377080147818324, 48.850978905261634 ] ] } },
{ "type": "Feature", "properties": { "id": "8965", "geo_fid": 8965, "geo_creati": 1530006283839, "geo_modifi": 1530006283839, "id_alpage": 8965, "id_num_sca": "ADO75CA_ANO544", "quartier": "Quinze-Vingts", "nom_entier": "Rue Traversière", "id_parc": "PA9629", "num_voies": "42", "geox": 602838, "geoy": 127697, "oid": 1142018, "arrondissement": "Paris 12e Arrondissement" }, "geometry": { "type": "MultiPoint", "coordinates": [ [ 2.375175562028187, 48.849730465116203 ] ] } },
{ "type": "Feature", "properties": { "id": "8982", "geo_fid": 8982, "geo_creati": 1530006283839, "geo_modifi": 1530006283839, "id_alpage": 8982, "id_num_sca": "ADO75CA_ANO544", "quartier": "Quinze-Vingts", "nom_entier": "Rue Cotte", "id_parc": "PA26275", "num_voies": "21", "geox": 603072, "geoy": 127781, "oid": 1142035, "arrondissement": "Paris 12e Arrondissement" }, "geometry": { "type": "MultiPoint", "coordinates": [ [ 2.378363358147253, 48.850479353981001 ] ] } },
{ "type": "Feature", "properties": { "id": "8984", "geo_fid": 8984, "geo_creati": 1530006283839, "geo_modifi": 1530006283839, "id_alpage": 8984, "id_num_sca": "ADO75CA_ANO545", "quartier": "Quinze-Vingts", "nom_entier": "Rue du Faubourg Saint Antoine", "id_parc": "PA9557", "num_voies": "106", "geox": 602883, "geoy": 127870, "oid": 1142037, "arrondissement": "Paris 12e Arrondissement" }, "geometry": { "type": "MultiPoint", "coordinates": [ [ 2.375796762417485, 48.851285997911454 ] ] } },
{ "type": "Feature", "properties": { "id": "8993", "geo_fid": 8993, "geo_creati": 1530006283839, "geo_modifi": 1530006283839, "id_alpage": 8993, "id_num_sca": "ADO75CA_ANO545", "quartier": "Quinze-Vingts", "nom_entier": "Rue du Faubourg Saint Antoine", "id_parc": "PA9577", "num_voies": "88", "geox": 602820, "geoy": 127893, "oid": 1142046, "arrondissement": "Paris 12e Arrondissement" }, "geometry": { "type": "MultiPoint", "coordinates": [ [ 2.374935713112826, 48.851491319646598 ] ] } },
{ "type": "Feature", "properties": { "id": "8998", "geo_fid": 8998, "geo_creati": 1530006283839, "geo_modifi": 1530006283839, "id_alpage": 8998, "id_num_sca": "ADO75CA_ANO545", "quartier": "Quinze-Vingts", "nom_entier": "Rue Saint Nicolas", "id_parc": "PA9581", "num_voies": "18", "geox": 602775, "geoy": 127819, "oid": 1142051, "arrondissement": "Paris 12e Arrondissement" }, "geometry": { "type": "MultiPoint", "coordinates": [ [ 2.37432337509267, 48.850823360983853 ] ] } },
{ "type": "Feature", "properties": { "id": "9010", "geo_fid": 9010, "geo_creati": 1530006283850, "geo_modifi": 1530006283850, "id_alpage": 9010, "id_num_sca": "ADO75CA_ANO545", "quartier": "Quinze-Vingts", "nom_entier": "Rue de Charenton", "id_parc": "PA9589", "num_voies": "77", "geox": 602761, "geoy": 127705, "oid": 1142063, "arrondissement": "Paris 12e Arrondissement" }, "geometry": { "type": "MultiPoint", "coordinates": [ [ 2.374126395539951, 48.849802750839054 ] ] } },
{ "type": "Feature", "properties": { "id": "9013", "geo_fid": 9013, "geo_creati": 1530006283850, "geo_modifi": 1530006283850, "id_alpage": 9013, "id_num_sca": "ADO75CA_ANO545", "quartier": "Quinze-Vingts", "nom_entier": "Rue de Charenton", "id_parc": "PA9559", "num_voies": "83", "geox": 602783, "geoy": 127676, "oid": 1142066, "arrondissement": "Paris 12e Arrondissement" }, "geometry": { "type": "MultiPoint", "coordinates": [ [ 2.374432787696424, 48.849537366086921 ] ] } },
{ "type": "Feature", "properties": { "id": "9037", "geo_fid": 9037, "geo_creati": 1530006283851, "geo_modifi": 1530006283851, "id_alpage": 9037, "id_num_sca": "ADO75CA_ANO546", "quartier": "Quinze-Vingts", "nom_entier": "Rue du Faubourg Saint Antoine", "id_parc": "PA9622", "num_voies": "78", "geox": 602755, "geoy": 127919, "oid": 1142090, "arrondissement": "Paris 12e Arrondissement" }, "geometry": { "type": "MultiPoint", "coordinates": [ [ 2.374041973755419, 48.85172542214562 ] ] } },
{ "type": "Feature", "properties": { "id": "9094", "geo_fid": 9094, "geo_creati": 1530006283852, "geo_modifi": 1530006283852, "id_alpage": 9094, "id_num_sca": "ADO75CA_ANO548", "quartier": "Quinze-Vingts", "nom_entier": "Rue du Faubourg Saint Antoine", "id_parc": "PA9350", "num_voies": "8", "geox": 602517, "geoy": 128046, "oid": 1142147, "arrondissement": "Paris 12e Arrondissement" }, "geometry": { "type": "MultiPoint", "coordinates": [ [ 2.37080911412563, 48.852873890302462 ] ] } },
{ "type": "Feature", "properties": { "id": "9096", "geo_fid": 9096, "geo_creati": 1530006283852, "geo_modifi": 1530006283852, "id_alpage": 9096, "id_num_sca": "ADO75CA_ANO548", "quartier": "Quinze-Vingts", "nom_entier": "Rue du Faubourg Saint Antoine", "id_parc": "PA9355", "num_voies": "4", "geox": 602510, "geoy": 128054, "oid": 1142149, "arrondissement": "Paris 12e Arrondissement" }, "geometry": { "type": "MultiPoint", "coordinates": [ [ 2.370708319051406, 48.852941365327403 ] ] } },
{ "type": "Feature", "properties": { "id": "8723", "geo_fid": 8723, "geo_creati": 1530006283823, "geo_modifi": 1530006283823, "id_alpage": 8723, "id_num_sca": "ADO75CA_ANO538", "quartier": "Quinze-Vingts", "nom_entier": "Rue du Faubourg Saint Antoine", "id_parc": "PA9932", "num_voies": "244", "geox": 603755, "geoy": 127676, "oid": 1141776, "arrondissement": "Paris 12e Arrondissement" }, "geometry": { "type": "MultiPoint", "coordinates": [ [ 2.387674714715942, 48.849539476579338 ] ] } },
{ "type": "Feature", "properties": { "id": "8826", "geo_fid": 8826, "geo_creati": 1530006283836, "geo_modifi": 1530006283836, "id_alpage": 8826, "id_num_sca": "ADO75CA_ANO540", "quartier": "Quinze-Vingts", "nom_entier": "Rue de Reuilly", "id_parc": "PA9845", "num_voies": "10", "geox": 603529, "geoy": 127701, "oid": 1141879, "arrondissement": "Paris 12e Arrondissement" }, "geometry": { "type": "MultiPoint", "coordinates": [ [ 2.384596774246244, 48.84976471403067 ] ] } },
{ "type": "Feature", "properties": { "id": "8836", "geo_fid": 8836, "geo_creati": 1530006283836, "geo_modifi": 1530006283836, "id_alpage": 8836, "id_num_sca": "ADO75CA_ANO540", "quartier": "Quinze-Vingts", "nom_entier": "Rue de Reuilly", "id_parc": "PA9854", "num_voies": "30", "geox": 603704, "geoy": 127389, "oid": 1141889, "arrondissement": "Paris 12e Arrondissement" }, "geometry": { "type": "MultiPoint", "coordinates": [ [ 2.386973109611382, 48.846958873017421 ] ] } },
{ "type": "Feature", "properties": { "id": "8838", "geo_fid": 8838, "geo_creati": 1530006283836, "geo_modifi": 1530006283836, "id_alpage": 8838, "id_num_sca": "ADO75CA_ANO540", "quartier": "Quinze-Vingts", "nom_entier": "Rue Beauveau", "id_parc": "PA9787", "num_voies": "4", "geox": 603147, "geoy": 127323, "oid": 1141891, "arrondissement": "Paris 12e Arrondissement" }, "geometry": { "type": "MultiPoint", "coordinates": [ [ 2.379385943415469, 48.84636840757215 ] ] } },
{ "type": "Feature", "properties": { "id": "8859", "geo_fid": 8859, "geo_creati": 1530006283836, "geo_modifi": 1530006283836, "id_alpage": 8859, "id_num_sca": "ADO75CA_ANO540", "quartier": "Quinze-Vingts", "nom_entier": "Rue du Faubourg Saint Antoine", "id_parc": "PA9807", "num_voies": "166", "geox": 603199, "geoy": 127770, "oid": 1141912, "arrondissement": "Paris 12e Arrondissement" }, "geometry": { "type": "MultiPoint", "coordinates": [ [ 2.380096561826881, 48.850386990516377 ] ] } },
{ "type": "Feature", "properties": { "id": "8861", "geo_fid": 8861, "geo_creati": 1530006283836, "geo_modifi": 1530006283836, "id_alpage": 8861, "id_num_sca": "ADO75CA_ANO540", "quartier": "Quinze-Vingts", "nom_entier": "Rue du Faubourg Saint Antoine", "id_parc": "PA9806", "num_voies": "170", "geox": 603213, "geoy": 127769, "oid": 1141914, "arrondissement": "Paris 12e Arrondissement" }, "geometry": { "type": "MultiPoint", "coordinates": [ [ 2.380281870121523, 48.850374330967568 ] ] } },
{ "type": "Feature", "properties": { "id": "8869", "geo_fid": 8869, "geo_creati": 1530006283837, "geo_modifi": 1530006283837, "id_alpage": 8869, "id_num_sca": "ADO75CA_ANO540", "quartier": "Quinze-Vingts", "nom_entier": "Rue du Faubourg Saint Antoine", "id_parc": "PA9826", "num_voies": "186", "geox": 603292, "geoy": 127761, "oid": 1141922, "arrondissement": "Paris 12e Arrondissement" }, "geometry": { "type": "MultiPoint", "coordinates": [ [ 2.381369192806226, 48.850301074661218 ] ] } },
{ "type": "Feature", "properties": { "id": "8878", "geo_fid": 8878, "geo_creati": 1530006283837, "geo_modifi": 1530006283837, "id_alpage": 8878, "id_num_sca": "ADO75CA_ANO540", "quartier": "Quinze-Vingts", "nom_entier": "Rue du Faubourg Saint Antoine", "id_parc": "PA9818", "num_voies": "204", "geox": 603387, "geoy": 127750, "oid": 1141931, "arrondissement": "Paris 12e Arrondissement" }, "geometry": { "type": "MultiPoint", "coordinates": [ [ 2.382654074077819, 48.850205247750068 ] ] } },
{ "type": "Feature", "properties": { "id": "8883", "geo_fid": 8883, "geo_creati": 1530006283837, "geo_modifi": 1530006283837, "id_alpage": 8883, "id_num_sca": "ADO75CA_ANO540", "quartier": "Quinze-Vingts", "nom_entier": "Rue du Faubourg Saint Antoine", "id_parc": "PA9809", "num_voies": "214", "geox": 603464, "geoy": 127739, "oid": 1141936, "arrondissement": "Paris 12e Arrondissement" }, "geometry": { "type": "MultiPoint", "coordinates": [ [ 2.38370184376105, 48.850100510428241 ] ] } },
{ "type": "Feature", "properties": { "id": "8927", "geo_fid": 8927, "geo_creati": 1530006283838, "geo_modifi": 1530006283838, "id_alpage": 8927, "id_num_sca": "ADO75CA_ANO543", "quartier": "Quinze-Vingts", "nom_entier": "Rue Lenoir", "id_parc": "PA9749", "num_voies": "5", "geox": 603078, "geoy": 127671, "oid": 1141980, "arrondissement": "Paris 12e Arrondissement" }, "geometry": { "type": "MultiPoint", "coordinates": [ [ 2.378445662339684, 48.849493721904928 ] ] } },
{ "type": "Feature", "properties": { "id": "8933", "geo_fid": 8933, "geo_creati": 1530006283838, "geo_modifi": 1530006283838, "id_alpage": 8933, "id_num_sca": "ADO75CA_ANO543", "quartier": "Quinze-Vingts", "nom_entier": "Rue Cotte", "id_parc": "PA9750", "num_voies": "8", "geox": 603055, "geoy": 127733, "oid": 1141986, "arrondissement": "Paris 12e Arrondissement" }, "geometry": { "type": "MultiPoint", "coordinates": [ [ 2.378131358042562, 48.850053182294047 ] ] } },
{ "type": "Feature", "properties": { "id": "8935", "geo_fid": 8935, "geo_creati": 1530006283838, "geo_modifi": 1530006283838, "id_alpage": 8935, "id_num_sca": "ADO75CA_ANO544", "quartier": "Quinze-Vingts", "nom_entier": "Rue du Faubourg Saint Antoine", "id_parc": "PA9660", "num_voies": "138", "geox": 603070, "geoy": 127802, "oid": 1141988, "arrondissement": "Paris 12e Arrondissement" }, "geometry": { "type": "MultiPoint", "coordinates": [ [ 2.378332175697469, 48.850670910205054 ] ] } },
{ "type": "Feature", "properties": { "id": "8937", "geo_fid": 8937, "geo_creati": 1530006283838, "geo_modifi": 1530006283838, "id_alpage": 8937, "id_num_sca": "ADO75CA_ANO544", "quartier": "Quinze-Vingts", "nom_entier": "Rue du Faubourg Saint Antoine", "id_parc": "PA9666", "num_voies": "136", "geox": 603058, "geoy": 127805, "oid": 1141990, "arrondissement": "Paris 12e Arrondissement" }, "geometry": { "type": "MultiPoint", "coordinates": [ [ 2.378170047130943, 48.850703342267913 ] ] } },
{ "type": "Feature", "properties": { "id": "8963", "geo_fid": 8963, "geo_creati": 1530006283839, "geo_modifi": 1530006283839, "id_alpage": 8963, "id_num_sca": "ADO75CA_ANO544", "quartier": "Quinze-Vingts", "nom_entier": "Rue Traversière", "id_parc": "PA9630", "num_voies": "46", "geox": 602846, "geoy": 127714, "oid": 1142016, "arrondissement": "Paris 12e Arrondissement" }, "geometry": { "type": "MultiPoint", "coordinates": [ [ 2.375288779536834, 48.849886900791986 ] ] } },
{ "type": "Feature", "properties": { "id": "9045", "geo_fid": 9045, "geo_creati": 1530006283851, "geo_modifi": 1530006283851, "id_alpage": 9045, "id_num_sca": "ADO75CA_ANO546", "quartier": "Quinze-Vingts", "nom_entier": "Rue de Charenton", "id_parc": "PA9606", "num_voies": "65", "geox": 602708, "geoy": 127775, "oid": 1142098, "arrondissement": "Paris 12e Arrondissement" }, "geometry": { "type": "MultiPoint", "coordinates": [ [ 2.373406020929451, 48.850427076338015 ] ] } },
{ "type": "Feature", "properties": { "id": "9046", "geo_fid": 9046, "geo_creati": 1530006283851, "geo_modifi": 1530006283851, "id_alpage": 9046, "id_num_sca": "ADO75CA_ANO546", "quartier": "Quinze-Vingts", "nom_entier": "Rue de Charenton", "id_parc": "PA9604", "num_voies": "67", "geox": 602716, "geoy": 127764, "oid": 1142099, "arrondissement": "Paris 12e Arrondissement" }, "geometry": { "type": "MultiPoint", "coordinates": [ [ 2.373517688022394, 48.850331718037673 ] ] } },
{ "type": "Feature", "properties": { "id": "9051", "geo_fid": 9051, "geo_creati": 1530006283851, "geo_modifi": 1530006283851, "id_alpage": 9051, "id_num_sca": "ADO75CA_ANO546", "quartier": "Quinze-Vingts", "nom_entier": "Rue Saint Nicolas", "id_parc": "PA9618", "num_voies": "7", "geox": 602759, "geoy": 127795, "oid": 1142104, "arrondissement": "Paris 12e Arrondissement" }, "geometry": { "type": "MultiPoint", "coordinates": [ [ 2.374102466541814, 48.850609405761382 ] ] } },
{ "type": "Feature", "properties": { "id": "9060", "geo_fid": 9060, "geo_creati": 1530006283851, "geo_modifi": 1530006283851, "id_alpage": 9060, "id_num_sca": "ADO75CA_ANO546", "quartier": "Quinze-Vingts", "nom_entier": "Rue Saint Nicolas", "id_parc": "PA9611", "num_voies": "25", "geox": 602797, "geoy": 127879, "oid": 1142113, "arrondissement": "Paris 12e Arrondissement" }, "geometry": { "type": "MultiPoint", "coordinates": [ [ 2.374615389966662, 48.851364627614728 ] ] } },
{ "type": "Feature", "properties": { "id": "9063", "geo_fid": 9063, "geo_creati": 1530006283851, "geo_modifi": 1530006283851, "id_alpage": 9063, "id_num_sca": "ADO75CA_ANO547", "quartier": "Quinze-Vingts", "nom_entier": "Rue du Faubourg Saint Antoine", "id_parc": "PA9391", "num_voies": "66", "geox": 602708, "geoy": 127937, "oid": 1142116, "arrondissement": "Paris 12e Arrondissement" }, "geometry": { "type": "MultiPoint", "coordinates": [ [ 2.373401634228435, 48.851889294397317 ] ] } },
{ "type": "Feature", "properties": { "id": "9066", "geo_fid": 9066, "geo_creati": 1530006283852, "geo_modifi": 1530006283852, "id_alpage": 9066, "id_num_sca": "ADO75CA_ANO547", "quartier": "Quinze-Vingts", "nom_entier": "Rue du Faubourg Saint Antoine", "id_parc": "PA9389", "num_voies": "60", "geox": 602692, "geoy": 127944, "oid": 1142119, "arrondissement": "Paris 12e Arrondissement" }, "geometry": { "type": "MultiPoint", "coordinates": [ [ 2.373185012605716, 48.851951412618618 ] ] } },
{ "type": "Feature", "properties": { "id": "9069", "geo_fid": 9069, "geo_creati": 1530006283852, "geo_modifi": 1530006283852, "id_alpage": 9069, "id_num_sca": "ADO75CA_ANO547", "quartier": "Quinze-Vingts", "nom_entier": "Rue du Faubourg Saint Antoine", "id_parc": "PA9386", "num_voies": "54", "geox": 602678, "geoy": 127950, "oid": 1142122, "arrondissement": "Paris 12e Arrondissement" }, "geometry": { "type": "MultiPoint", "coordinates": [ [ 2.372994273061628, 48.852001831783497 ] ] } },
{ "type": "Feature", "properties": { "id": "9099", "geo_fid": 9099, "geo_creati": 1530006283852, "geo_modifi": 1530006283852, "id_alpage": 9099, "id_num_sca": "ADO75CA_ANO548", "quartier": "Quinze-Vingts", "nom_entier": "Rue de Charenton", "id_parc": "PA9349", "num_voies": "3", "geox": 602503, "geoy": 128040, "oid": 1142152, "arrondissement": "Paris 12e Arrondissement" }, "geometry": { "type": "MultiPoint", "coordinates": [ [ 2.370616932844527, 48.852815493975534 ] ] } },
{ "type": "Feature", "properties": { "id": "9102", "geo_fid": 9102, "geo_creati": 1530006283852, "geo_modifi": 1530006283852, "id_alpage": 9102, "id_num_sca": "ADO75CA_ANO548", "quartier": "Quinze-Vingts", "nom_entier": "Rue de Charenton", "id_parc": "PA9353", "num_voies": "9", "geox": 602513, "geoy": 128025, "oid": 1142155, "arrondissement": "Paris 12e Arrondissement" }, "geometry": { "type": "MultiPoint", "coordinates": [ [ 2.370746301565509, 48.852684162315086 ] ] } },
{ "type": "Feature", "properties": { "id": "9105", "geo_fid": 9105, "geo_creati": 1530006283852, "geo_modifi": 1530006283852, "id_alpage": 9105, "id_num_sca": "ADO75CA_ANO548", "quartier": "Quinze-Vingts", "nom_entier": "Rue de Charenton", "id_parc": "PA9356", "num_voies": "15", "geox": 602527, "geoy": 128005, "oid": 1142158, "arrondissement": "Paris 12e Arrondissement" }, "geometry": { "type": "MultiPoint", "coordinates": [ [ 2.370946493439038, 48.852498853276238 ] ] } },
{ "type": "Feature", "properties": { "id": "9106", "geo_fid": 9106, "geo_creati": 1530006283852, "geo_modifi": 1530006283852, "id_alpage": 9106, "id_num_sca": "ADO75CA_ANO548", "quartier": "Quinze-Vingts", "nom_entier": "Rue de Charenton", "id_parc": "PA9358", "num_voies": "17", "geox": 602531, "geoy": 128000, "oid": 1142159, "arrondissement": "Paris 12e Arrondissement" }, "geometry": { "type": "MultiPoint", "coordinates": [ [ 2.371000970858598, 48.852453873559782 ] ] } },
{ "type": "Feature", "properties": { "id": "9118", "geo_fid": 9118, "geo_creati": 1530006283853, "geo_modifi": 1530006283853, "id_alpage": 9118, "id_num_sca": "ADO75CA_ANO548", "quartier": "Quinze-Vingts", "nom_entier": "Rue de Charenton", "id_parc": "PA9380", "num_voies": "41", "geox": 602597, "geoy": 127915, "oid": 1142171, "arrondissement": "Paris 12e Arrondissement" }, "geometry": { "type": "MultiPoint", "coordinates": [ [ 2.371891644193018, 48.851691922989332 ] ] } },
{ "type": "Feature", "properties": { "id": "9122", "geo_fid": 9122, "geo_creati": 1530006283853, "geo_modifi": 1530006283853, "id_alpage": 9122, "id_num_sca": "ADO75CA_ANO549", "quartier": "Quinze-Vingts", "nom_entier": "Rue de Charenton", "id_parc": "PA9429", "num_voies": "2", "geox": 602481, "geoy": 128064, "oid": 1142175, "arrondissement": "Paris 12e Arrondissement" }, "geometry": { "type": "MultiPoint", "coordinates": [ [ 2.370309105094825, 48.853032308207553 ] ] } },
{ "type": "Feature", "properties": { "id": "9125", "geo_fid": 9125, "geo_creati": 1530006283853, "geo_modifi": 1530006283853, "id_alpage": 9125, "id_num_sca": "ADO75CA_ANO549", "quartier": "Quinze-Vingts", "nom_entier": "Rue de Charenton", "id_parc": "PA26272", "num_voies": "8", "geox": 602492, "geoy": 128046, "oid": 1142178, "arrondissement": "Paris 12e Arrondissement" }, "geometry": { "type": "MultiPoint", "coordinates": [ [ 2.37046025931918, 48.852872193843623 ] ] } },
{ "type": "Feature", "properties": { "id": "9131", "geo_fid": 9131, "geo_creati": 1530006283853, "geo_modifi": 1530006283853, "id_alpage": 9131, "id_num_sca": "ADO75CA_ANO549", "quartier": "Quinze-Vingts", "nom_entier": null, "id_parc": "PA9423", "num_voies": "10", "geox": 602480, "geoy": 128005, "oid": 1142184, "arrondissement": "Paris 12e Arrondissement" }, "geometry": { "type": "MultiPoint", "coordinates": [ [ 2.370301939150804, 48.852502638924079 ] ] } },
{ "type": "Feature", "properties": { "id": "9144", "geo_fid": 9144, "geo_creati": 1530006283853, "geo_modifi": 1530006283853, "id_alpage": 9144, "id_num_sca": "ADO75CA_ANO550", "quartier": "Quinze-Vingts", "nom_entier": "Rue de Charenton", "id_parc": "PA9397", "num_voies": "32", "geox": 602584, "geoy": 127924, "oid": 1142197, "arrondissement": "Paris 12e Arrondissement" }, "geometry": { "type": "MultiPoint", "coordinates": [ [ 2.371711827590902, 48.851773811222834 ] ] } },
{ "type": "Feature", "properties": { "id": "9145", "geo_fid": 9145, "geo_creati": 1530006283853, "geo_modifi": 1530006283853, "id_alpage": 9145, "id_num_sca": "ADO75CA_ANO550", "quartier": "Quinze-Vingts", "nom_entier": "Rue de Charenton", "id_parc": "PA9346", "num_voies": "34", "geox": 602601, "geoy": 127902, "oid": 1142198, "arrondissement": "Paris 12e Arrondissement" }, "geometry": { "type": "MultiPoint", "coordinates": [ [ 2.37194607026332, 48.851575900330438 ] ] } },
{ "type": "Feature", "properties": { "id": "9146", "geo_fid": 9146, "geo_creati": 1530006283853, "geo_modifi": 1530006283853, "id_alpage": 9146, "id_num_sca": "ADO75CA_ANO550", "quartier": "Quinze-Vingts", "nom_entier": "Rue de Charenton", "id_parc": "PA9346", "num_voies": "38", "geox": 602639, "geoy": 127854, "oid": 1142199, "arrondissement": "Paris 12e Arrondissement" }, "geometry": { "type": "MultiPoint", "coordinates": [ [ 2.372466303161968, 48.851140493164351 ] ] } },
{ "type": "Feature", "properties": { "id": "9147", "geo_fid": 9147, "geo_creati": 1530006283853, "geo_modifi": 1530006283853, "id_alpage": 9147, "id_num_sca": "ADO75CA_ANO550", "quartier": "Quinze-Vingts", "nom_entier": "Rue de Charenton", "id_parc": "PA9346", "num_voies": "40", "geox": 602664, "geoy": 127824, "oid": 1142200, "arrondissement": "Paris 12e Arrondissement" }, "geometry": { "type": "MultiPoint", "coordinates": [ [ 2.372799964226026, 48.850873305826546 ] ] } },
{ "type": "Feature", "properties": { "id": "9150", "geo_fid": 9150, "geo_creati": 1530006283853, "geo_modifi": 1530006283853, "id_alpage": 9150, "id_num_sca": "ADO75CA_ANO550", "quartier": "Quinze-Vingts", "nom_entier": "Rue de Charenton", "id_parc": "PA26273", "num_voies": "46", "geox": 602682, "geoy": 127800, "oid": 1142203, "arrondissement": "Paris 12e Arrondissement" }, "geometry": { "type": "MultiPoint", "coordinates": [ [ 2.373058711103806, 48.850654701752894 ] ] } },
{ "type": "Feature", "properties": { "id": "9157", "geo_fid": 9157, "geo_creati": 1530006283854, "geo_modifi": 1530006283854, "id_alpage": 9157, "id_num_sca": "ADO75CA_ANO552", "quartier": "Quinze-Vingts", "nom_entier": "Rue de la Contrescarpe", "id_parc": "PA9456", "num_voies": "38", "geox": 602271, "geoy": 127584, "oid": 1142210, "arrondissement": "Paris 12e Arrondissement" }, "geometry": { "type": "MultiPoint", "coordinates": [ [ 2.367455681708492, 48.848713895004643 ] ] } },
{ "type": "Feature", "properties": { "id": "9168", "geo_fid": 9168, "geo_creati": 1530006283854, "geo_modifi": 1530006283854, "id_alpage": 9168, "id_num_sca": "ADO75CA_ANO552", "quartier": "Quinze-Vingts", "nom_entier": "Rue Moreau", "id_parc": "PA9451", "num_voies": "7", "geox": 602549, "geoy": 127510, "oid": 1142221, "arrondissement": "Paris 12e Arrondissement" }, "geometry": { "type": "MultiPoint", "coordinates": [ [ 2.371236429345789, 48.848048269081005 ] ] } },
{ "type": "Feature", "properties": { "id": "9170", "geo_fid": 9170, "geo_creati": 1530006283854, "geo_modifi": 1530006283854, "id_alpage": 9170, "id_num_sca": "ADO75CA_ANO553", "quartier": "Quinze-Vingts", "nom_entier": "Rue de Contrescarpe", "id_parc": "PA9463", "num_voies": "30", "geox": 602258, "geoy": 127502, "oid": 1142223, "arrondissement": "Paris 12e Arrondissement" }, "geometry": { "type": "MultiPoint", "coordinates": [ [ 2.367276734950039, 48.847974740539044 ] ] } },
{ "type": "Feature", "properties": { "id": "9172", "geo_fid": 9172, "geo_creati": 1530006283854, "geo_modifi": 1530006283854, "id_alpage": 9172, "id_num_sca": "ADO75CA_ANO553", "quartier": "Quinze-Vingts", "nom_entier": "Rue de Contrescarpe", "id_parc": "PA9484", "num_voies": "26", "geox": 602255, "geoy": 127482, "oid": 1142225, "arrondissement": "Paris 12e Arrondissement" }, "geometry": { "type": "MultiPoint", "coordinates": [ [ 2.367233027260243, 48.847800293240113 ] ] } },
{ "type": "Feature", "properties": { "id": "9193", "geo_fid": 9193, "geo_creati": 1530006283854, "geo_modifi": 1530006283854, "id_alpage": 9193, "id_num_sca": "ADO75CA_ANO553", "quartier": "Quinze-Vingts", "nom_entier": "Rue de Bercy", "id_parc": "PA9467", "num_voies": "22", "geox": 602358, "geoy": 127426, "oid": 1142246, "arrondissement": "Paris 12e Arrondissement" }, "geometry": { "type": "MultiPoint", "coordinates": [ [ 2.368633432647131, 48.847298122674303 ] ] } },
{ "type": "Feature", "properties": { "id": "9195", "geo_fid": 9195, "geo_creati": 1530006283854, "geo_modifi": 1530006283854, "id_alpage": 9195, "id_num_sca": "ADO75CA_ANO553", "quartier": "Quinze-Vingts", "nom_entier": "Rue de Bercy", "id_parc": "PA9488", "num_voies": "18", "geox": 602339, "geoy": 127446, "oid": 1142248, "arrondissement": "Paris 12e Arrondissement" }, "geometry": { "type": "MultiPoint", "coordinates": [ [ 2.368378747242609, 48.847478046891581 ] ] } },
{ "type": "Feature", "properties": { "id": "9205", "geo_fid": 9205, "geo_creati": 1530006283866, "geo_modifi": 1530006283866, "id_alpage": 9205, "id_num_sca": "ADO75CA_ANO554", "quartier": "Quinze-Vingts", "nom_entier": "Rue Moreau", "id_parc": "PA9495", "num_voies": "4", "geox": 602388, "geoy": 127345, "oid": 1142258, "arrondissement": "Paris 12e Arrondissement" }, "geometry": { "type": "MultiPoint", "coordinates": [ [ 2.369039006754436, 48.846566902119285 ] ] } },
{ "type": "Feature", "properties": { "id": "9207", "geo_fid": 9207, "geo_creati": 1530006283866, "geo_modifi": 1530006283866, "id_alpage": 9207, "id_num_sca": "ADO75CA_ANO554", "quartier": "Quinze-Vingts", "nom_entier": "Rue Moreau", "id_parc": "PA9493", "num_voies": "2", "geox": 602321, "geoy": 127291, "oid": 1142260, "arrondissement": "Paris 12e Arrondissement" }, "geometry": { "type": "MultiPoint", "coordinates": [ [ 2.368133979494724, 48.846079745266827 ] ] } },
{ "type": "Feature", "properties": { "id": "9214", "geo_fid": 9214, "geo_creati": 1530006283866, "geo_modifi": 1530006283866, "id_alpage": 9214, "id_num_sca": "ADO75CA_ANO555", "quartier": "Quinze-Vingts", "nom_entier": "Rue Traversière", "id_parc": "PA9348", "num_voies": "1", "geox": 602551, "geoy": 127305, "oid": 1142267, "arrondissement": "Paris 12e Arrondissement" }, "geometry": { "type": "MultiPoint", "coordinates": [ [ 2.371262420816134, 48.846207451238719 ] ] } },
{ "type": "Feature", "properties": { "id": "9220", "geo_fid": 9220, "geo_creati": 1530006283866, "geo_modifi": 1530006283866, "id_alpage": 9220, "id_num_sca": "ADO75CA_ANO555", "quartier": "Quinze-Vingts", "nom_entier": "Rue Traversière", "id_parc": "PA9546", "num_voies": "11", "geox": 602717, "geoy": 127480, "oid": 1142273, "arrondissement": "Paris 12e Arrondissement" }, "geometry": { "type": "MultiPoint", "coordinates": [ [ 2.37352536591616, 48.847783178170964 ] ] } },
{ "type": "Feature", "properties": { "id": "9223", "geo_fid": 9223, "geo_creati": 1530006283866, "geo_modifi": 1530006283866, "id_alpage": 9223, "id_num_sca": "ADO75CA_ANO555", "quartier": "Quinze-Vingts", "nom_entier": "Rue Traversière", "id_parc": "PA9537", "num_voies": "15bis", "geox": 602765, "geoy": 127562, "oid": 1142276, "arrondissement": "Paris 12e Arrondissement" }, "geometry": { "type": "MultiPoint", "coordinates": [ [ 2.37417721895521, 48.848515875867868 ] ] } },
{ "type": "Feature", "properties": { "id": "9228", "geo_fid": 9228, "geo_creati": 1530006283867, "geo_modifi": 1530006283867, "id_alpage": 9228, "id_num_sca": "ADO75CA_ANO555", "quartier": "Quinze-Vingts", "nom_entier": "Rue de Charenton", "id_parc": "PA9534", "num_voies": "68", "geox": 602771, "geoy": 127683, "oid": 1142281, "arrondissement": "Paris 12e Arrondissement" }, "geometry": { "type": "MultiPoint", "coordinates": [ [ 2.374270684402434, 48.84960216640382 ] ] } },
{ "type": "Feature", "properties": { "id": "9233", "geo_fid": 9233, "geo_creati": 1530006283867, "geo_modifi": 1530006283867, "id_alpage": 9233, "id_num_sca": "ADO75CA_ANO555", "quartier": "Quinze-Vingts", "nom_entier": "Rue de Charenton", "id_parc": "PA9522", "num_voies": "58", "geox": 602730, "geoy": 127738, "oid": 1142286, "arrondissement": "Paris 12e Arrondissement" }, "geometry": { "type": "MultiPoint", "coordinates": [ [ 2.373708284704735, 48.850096047964783 ] ] } },
{ "type": "Feature", "properties": { "id": "9245", "geo_fid": 9245, "geo_creati": 1530006283867, "geo_modifi": 1530006283867, "id_alpage": 9245, "id_num_sca": "ADO75CA_ANO556", "quartier": "Quinze-Vingts", "nom_entier": "Rue Traversière", "id_parc": "PA9700", "num_voies": "6", "geox": 602548, "geoy": 127296, "oid": 1142298, "arrondissement": "Paris 12e Arrondissement" }, "geometry": { "type": "MultiPoint", "coordinates": [ [ 2.371228304149331, 48.846129224730632 ] ] } },
{ "type": "Feature", "properties": { "id": "9259", "geo_fid": 9259, "geo_creati": 1530006283867, "geo_modifi": 1530006283867, "id_alpage": 9259, "id_num_sca": "ADO75CA_ANO556", "quartier": "Quinze-Vingts", "nom_entier": "Rue Traversière", "id_parc": "PA9683", "num_voies": "30", "geox": 602798, "geoy": 127613, "oid": 1142312, "arrondissement": "Paris 12e Arrondissement" }, "geometry": { "type": "MultiPoint", "coordinates": [ [ 2.374631303710924, 48.848970759719514 ] ] } },
{ "type": "Feature", "properties": { "id": "9271", "geo_fid": 9271, "geo_creati": 1530006283868, "geo_modifi": 1530006283868, "id_alpage": 9271, "id_num_sca": "ADO75CA_ANO557", "quartier": "Quinze-Vingts", "nom_entier": "Rue de Charenton", "id_parc": "PA10216", "num_voies": "124", "geox": 603055, "geoy": 127392, "oid": 1142324, "arrondissement": "Paris 12e Arrondissement" }, "geometry": { "type": "MultiPoint", "coordinates": [ [ 2.378128832470854, 48.846983067834429 ] ] } },
{ "type": "Feature", "properties": { "id": "9286", "geo_fid": 9286, "geo_creati": 1530006283868, "geo_modifi": 1530006283868, "id_alpage": 9286, "id_num_sca": "ADO75CA_ANO558", "quartier": "Quinze-Vingts", "nom_entier": "Rue de Bercy", "id_parc": "PA10209", "num_voies": "53", "geox": 602734, "geoy": 127065, "oid": 1142339, "arrondissement": "Paris 12e Arrondissement" }, "geometry": { "type": "MultiPoint", "coordinates": [ [ 2.373762435990762, 48.844051123153996 ] ] } },
{ "type": "Feature", "properties": { "id": "9293", "geo_fid": 9293, "geo_creati": 1530006283868, "geo_modifi": 1530006283868, "id_alpage": 9293, "id_num_sca": "ADO75CA_ANO560", "quartier": "Quinze-Vingts", "nom_entier": "Rue de Bercy", "id_parc": "PA9508", "num_voies": "48bis", "geox": 602656, "geoy": 127137, "oid": 1142346, "arrondissement": "Paris 12e Arrondissement" }, "geometry": { "type": "MultiPoint", "coordinates": [ [ 2.372689270689744, 48.844695340436168 ] ] } },
{ "type": "Feature", "properties": { "id": "9299", "geo_fid": 9299, "geo_creati": 1530006283868, "geo_modifi": 1530006283868, "id_alpage": 9299, "id_num_sca": "ADO75CA_ANO561", "quartier": "Quinze-Vingts", "nom_entier": "Rue de Bercy", "id_parc": "PA10233", "num_voies": "52", "geox": 602916, "geoy": 126872, "oid": 1142352, "arrondissement": "Paris 12e Arrondissement" }, "geometry": { "type": "MultiPoint", "coordinates": [ [ 2.376233946866905, 48.842306616715355 ] ] } },
{ "type": "Feature", "properties": { "id": "9304", "geo_fid": 9304, "geo_creati": 1530006283868, "geo_modifi": 1530006283868, "id_alpage": 9304, "id_num_sca": "ADO75CA_ANO561", "quartier": "Quinze-Vingts", "nom_entier": "Rue Villiot", "id_parc": "PA10236", "num_voies": "7bis", "geox": 602818, "geoy": 126780, "oid": 1142357, "arrondissement": "Paris 12e Arrondissement" }, "geometry": { "type": "MultiPoint", "coordinates": [ [ 2.374902241350402, 48.841486927927768 ] ] } },
{ "type": "Feature", "properties": { "id": "9316", "geo_fid": 9316, "geo_creati": 1530006283869, "geo_modifi": 1530006283869, "id_alpage": 9316, "id_num_sca": "ADO75CA_ANO561", "quartier": "Quinze-Vingts", "nom_entier": "Quai de la Rapée", "id_parc": "PA10225", "num_voies": "43", "geox": 602657, "geoy": 126815, "oid": 1142369, "arrondissement": "Paris 12e Arrondissement" }, "geometry": { "type": "MultiPoint", "coordinates": [ [ 2.372704918286391, 48.841801478022781 ] ] } },
{ "type": "Feature", "properties": { "id": "9327", "geo_fid": 9327, "geo_creati": 1530006283869, "geo_modifi": 1530006283869, "id_alpage": 9327, "id_num_sca": "ADO75CA_ANO562", "quartier": "Quinze-Vingts", "nom_entier": "Rue de Bercy", "id_parc": "PA10250", "num_voies": "62", "geox": 602991, "geoy": 126792, "oid": 1142380, "arrondissement": "Paris 12e Arrondissement" }, "geometry": { "type": "MultiPoint", "coordinates": [ [ 2.377253822395933, 48.841589543776983 ] ] } },
{ "type": "Feature", "properties": { "id": "9328", "geo_fid": 9328, "geo_creati": 1530006283869, "geo_modifi": 1530006283869, "id_alpage": 9328, "id_num_sca": "ADO75CA_ANO562", "quartier": "Quinze-Vingts", "nom_entier": "Rue de Bercy", "id_parc": "PA10248", "num_voies": "64", "geox": 603006, "geoy": 126776, "oid": 1142381, "arrondissement": "Paris 12e Arrondissement" }, "geometry": { "type": "MultiPoint", "coordinates": [ [ 2.377458065287906, 48.841444689166458 ] ] } },
{ "type": "Feature", "properties": { "id": "8722", "geo_fid": 8722, "geo_creati": 1530006283823, "geo_modifi": 1530006283823, "id_alpage": 8722, "id_num_sca": "ADO75CA_ANO538", "quartier": "Quinze-Vingts", "nom_entier": "Rue du Faubourg Saint Antoine", "id_parc": "PA9932", "num_voies": "242", "geox": 603733, "geoy": 127681, "oid": 1141775, "arrondissement": "Paris 12e Arrondissement" }, "geometry": { "type": "MultiPoint", "coordinates": [ [ 2.387366805702642, 48.849581878027472 ] ] } },
{ "type": "Feature", "properties": { "id": "8876", "geo_fid": 8876, "geo_creati": 1530006283837, "geo_modifi": 1530006283837, "id_alpage": 8876, "id_num_sca": "ADO75CA_ANO540", "quartier": "Quinze-Vingts", "nom_entier": "Rue du Faubourg Saint Antoine", "id_parc": "PA9820", "num_voies": "200", "geox": 603367, "geoy": 127752, "oid": 1141929, "arrondissement": "Paris 12e Arrondissement" }, "geometry": { "type": "MultiPoint", "coordinates": [ [ 2.382381563998241, 48.850224240579941 ] ] } },
{ "type": "Feature", "properties": { "id": "8910", "geo_fid": 8910, "geo_creati": 1530006283837, "geo_modifi": 1530006283837, "id_alpage": 8910, "id_num_sca": "ADO75CA_ANO542", "quartier": "Quinze-Vingts", "nom_entier": "Rue Trouvée", "id_parc": "PA9739", "num_voies": "8", "geox": 602982, "geoy": 127574, "oid": 1141963, "arrondissement": "Paris 12e Arrondissement" }, "geometry": { "type": "MultiPoint", "coordinates": [ [ 2.37713276163595, 48.848620995067499 ] ] } },
{ "type": "Feature", "properties": { "id": "8941", "geo_fid": 8941, "geo_creati": 1530006283838, "geo_modifi": 1530006283838, "id_alpage": 8941, "id_num_sca": "ADO75CA_ANO544", "quartier": "Quinze-Vingts", "nom_entier": "Rue du Faubourg Saint Antoine", "id_parc": "PA9670", "num_voies": "128bis", "geox": 603018, "geoy": 127821, "oid": 1141994, "arrondissement": "Paris 12e Arrondissement" }, "geometry": { "type": "MultiPoint", "coordinates": [ [ 2.377636000944423, 48.850842020478936 ] ] } },
{ "type": "Feature", "properties": { "id": "8951", "geo_fid": 8951, "geo_creati": 1530006283838, "geo_modifi": 1530006283838, "id_alpage": 8951, "id_num_sca": "ADO75CA_ANO544", "quartier": "Quinze-Vingts", "nom_entier": "Rue du Faubourg Saint Honoré", "id_parc": "PA9644", "num_voies": "116", "geox": 602931, "geoy": 127854, "oid": 1142004, "arrondissement": "Paris 12e Arrondissement" }, "geometry": { "type": "MultiPoint", "coordinates": [ [ 2.376441187742064, 48.85113919699355 ] ] } },
{ "type": "Feature", "properties": { "id": "8959", "geo_fid": 8959, "geo_creati": 1530006283839, "geo_modifi": 1530006283839, "id_alpage": 8959, "id_num_sca": "ADO75CA_ANO544", "quartier": "Quinze-Vingts", "nom_entier": "Rue Traversière", "id_parc": "PA9633", "num_voies": "54", "geox": 602867, "geoy": 127760, "oid": 1142012, "arrondissement": "Paris 12e Arrondissement" }, "geometry": { "type": "MultiPoint", "coordinates": [ [ 2.375576610918255, 48.850297771874828 ] ] } },
{ "type": "Feature", "properties": { "id": "8964", "geo_fid": 8964, "geo_creati": 1530006283839, "geo_modifi": 1530006283839, "id_alpage": 8964, "id_num_sca": "ADO75CA_ANO544", "quartier": "Quinze-Vingts", "nom_entier": "Rue Traversière", "id_parc": "PA9628", "num_voies": "44", "geox": 602842, "geoy": 127706, "oid": 1142017, "arrondissement": "Paris 12e Arrondissement" }, "geometry": { "type": "MultiPoint", "coordinates": [ [ 2.375232852693538, 48.849809582013251 ] ] } },
{ "type": "Feature", "properties": { "id": "8979", "geo_fid": 8979, "geo_creati": 1530006283839, "geo_modifi": 1530006283839, "id_alpage": 8979, "id_num_sca": "ADO75CA_ANO544", "quartier": "Quinze-Vingts", "nom_entier": "Rue Cotte", "id_parc": "PA9664", "num_voies": "15", "geox": 603044, "geoy": 127725, "oid": 1142032, "arrondissement": "Paris 12e Arrondissement" }, "geometry": { "type": "MultiPoint", "coordinates": [ [ 2.37799094943632, 48.849983089281729 ] ] } },
{ "type": "Feature", "properties": { "id": "8991", "geo_fid": 8991, "geo_creati": 1530006283839, "geo_modifi": 1530006283839, "id_alpage": 8991, "id_num_sca": "ADO75CA_ANO545", "quartier": "Quinze-Vingts", "nom_entier": "Rue du Faubourg Saint Antoine", "id_parc": "PA9575", "num_voies": "92", "geox": 602844, "geoy": 127884, "oid": 1142044, "arrondissement": "Paris 12e Arrondissement" }, "geometry": { "type": "MultiPoint", "coordinates": [ [ 2.375257245109932, 48.851414774846745 ] ] } },
{ "type": "Feature", "properties": { "id": "8997", "geo_fid": 8997, "geo_creati": 1530006283839, "geo_modifi": 1530006283839, "id_alpage": 8997, "id_num_sca": "ADO75CA_ANO545", "quartier": "Quinze-Vingts", "nom_entier": "Rue Saint Nicolas", "id_parc": "PA9341", "num_voies": "20", "geox": 602784, "geoy": 127837, "oid": 1142050, "arrondissement": "Paris 12e Arrondissement" }, "geometry": { "type": "MultiPoint", "coordinates": [ [ 2.374439322434976, 48.850986091524305 ] ] } },
{ "type": "Feature", "properties": { "id": "9007", "geo_fid": 9007, "geo_creati": 1530006283850, "geo_modifi": 1530006283850, "id_alpage": 9007, "id_num_sca": "ADO75CA_ANO545", "quartier": "Quinze-Vingts", "nom_entier": "Rue de Charenton", "id_parc": "PA9584", "num_voies": "71", "geox": 602741, "geoy": 127732, "oid": 1142060, "arrondissement": "Paris 12e Arrondissement" }, "geometry": { "type": "MultiPoint", "coordinates": [ [ 2.373854046051115, 48.850041145685339 ] ] } },
{ "type": "Feature", "properties": { "id": "9008", "geo_fid": 9008, "geo_creati": 1530006283850, "geo_modifi": 1530006283850, "id_alpage": 9008, "id_num_sca": "ADO75CA_ANO545", "quartier": "Quinze-Vingts", "nom_entier": "Rue de Charenton", "id_parc": "PA9585", "num_voies": "73", "geox": 602748, "geoy": 127723, "oid": 1142061, "arrondissement": "Paris 12e Arrondissement" }, "geometry": { "type": "MultiPoint", "coordinates": [ [ 2.37394800786624, 48.849960180999261 ] ] } },
{ "type": "Feature", "properties": { "id": "9014", "geo_fid": 9014, "geo_creati": 1530006283850, "geo_modifi": 1530006283850, "id_alpage": 9014, "id_num_sca": "ADO75CA_ANO545", "quartier": "Quinze-Vingts", "nom_entier": "Rue de Charenton", "id_parc": "PA9591", "num_voies": "85", "geox": 602791, "geoy": 127665, "oid": 1142067, "arrondissement": "Paris 12e Arrondissement" }, "geometry": { "type": "MultiPoint", "coordinates": [ [ 2.374530827368134, 48.849445608325716 ] ] } },
{ "type": "Feature", "properties": { "id": "9022", "geo_fid": 9022, "geo_creati": 1530006283851, "geo_modifi": 1530006283851, "id_alpage": 9022, "id_num_sca": "ADO75CA_ANO545", "quartier": "Quinze-Vingts", "nom_entier": "Rue Traversière", "id_parc": "PA9562", "num_voies": "29", "geox": 602860, "geoy": 127756, "oid": 1142075, "arrondissement": "Paris 12e Arrondissement" }, "geometry": { "type": "MultiPoint", "coordinates": [ [ 2.375473022011546, 48.850260936464672 ] ] } },
{ "type": "Feature", "properties": { "id": "9028", "geo_fid": 9028, "geo_creati": 1530006283851, "geo_modifi": 1530006283851, "id_alpage": 9028, "id_num_sca": "ADO75CA_ANO545", "quartier": "Quinze-Vingts", "nom_entier": "Rue Traversière", "id_parc": "PA9569", "num_voies": "41", "geox": 602881, "geoy": 127801, "oid": 1142081, "arrondissement": "Paris 12e Arrondissement" }, "geometry": { "type": "MultiPoint", "coordinates": [ [ 2.375769030883011, 48.850669106510303 ] ] } },
{ "type": "Feature", "properties": { "id": "9030", "geo_fid": 9030, "geo_creati": 1530006283851, "geo_modifi": 1530006283851, "id_alpage": 9030, "id_num_sca": "ADO75CA_ANO545", "quartier": "Quinze-Vingts", "nom_entier": "Rue Traversière", "id_parc": "PA9567", "num_voies": "45", "geox": 602892, "geoy": 127824, "oid": 1142083, "arrondissement": "Paris 12e Arrondissement" }, "geometry": { "type": "MultiPoint", "coordinates": [ [ 2.37591226645085, 48.850871394318915 ] ] } },
{ "type": "Feature", "properties": { "id": "9033", "geo_fid": 9033, "geo_creati": 1530006283851, "geo_modifi": 1530006283851, "id_alpage": 9033, "id_num_sca": "ADO75CA_ANO546", "quartier": "Quinze-Vingts", "nom_entier": "Rue du Faubourg Saint Antoine", "id_parc": "PA9611", "num_voies": "86", "geox": 602794, "geoy": 127903, "oid": 1142086, "arrondissement": "Paris 12e Arrondissement" }, "geometry": { "type": "MultiPoint", "coordinates": [ [ 2.374581484743548, 48.851579564783279 ] ] } },
{ "type": "Feature", "properties": { "id": "9040", "geo_fid": 9040, "geo_creati": 1530006283851, "geo_modifi": 1530006283851, "id_alpage": 9040, "id_num_sca": "ADO75CA_ANO546", "quartier": "Quinze-Vingts", "nom_entier": "Rue du Faubourg Saint Antoine", "id_parc": "PA9601", "num_voies": "72", "geox": 602736, "geoy": 127927, "oid": 1142093, "arrondissement": "Paris 12e Arrondissement" }, "geometry": { "type": "MultiPoint", "coordinates": [ [ 2.373794017307087, 48.851794745801193 ] ] } },
{ "type": "Feature", "properties": { "id": "9044", "geo_fid": 9044, "geo_creati": 1530006283851, "geo_modifi": 1530006283851, "id_alpage": 9044, "id_num_sca": "ADO75CA_ANO546", "quartier": "Quinze-Vingts", "nom_entier": "Rue de Charenton", "id_parc": "PA9619", "num_voies": "63", "geox": 602700, "geoy": 127785, "oid": 1142097, "arrondissement": "Paris 12e Arrondissement" }, "geometry": { "type": "MultiPoint", "coordinates": [ [ 2.3732998020306, 48.850519734991053 ] ] } },
{ "type": "Feature", "properties": { "id": "9057", "geo_fid": 9057, "geo_creati": 1530006283851, "geo_modifi": 1530006283851, "id_alpage": 9057, "id_num_sca": "ADO75CA_ANO546", "quartier": "Quinze-Vingts", "nom_entier": "Rue Saint Nicolas", "id_parc": "PA9613", "num_voies": "19", "geox": 602785, "geoy": 127853, "oid": 1142110, "arrondissement": "Paris 12e Arrondissement" }, "geometry": { "type": "MultiPoint", "coordinates": [ [ 2.374457146071877, 48.851131767817314 ] ] } },
{ "type": "Feature", "properties": { "id": "9074", "geo_fid": 9074, "geo_creati": 1530006283852, "geo_modifi": 1530006283852, "id_alpage": 9074, "id_num_sca": "ADO75CA_ANO548", "quartier": "Quinze-Vingts", "nom_entier": "Rue du Faubourg Saint Antoine", "id_parc": "PA9375", "num_voies": "50", "geox": 602653, "geoy": 127962, "oid": 1142127, "arrondissement": "Paris 12e Arrondissement" }, "geometry": { "type": "MultiPoint", "coordinates": [ [ 2.372659129340173, 48.852109848963693 ] ] } },
{ "type": "Feature", "properties": { "id": "9076", "geo_fid": 9076, "geo_creati": 1530006283852, "geo_modifi": 1530006283852, "id_alpage": 9076, "id_num_sca": "ADO75CA_ANO548", "quartier": "Quinze-Vingts", "nom_entier": "Rue du Faubourg Saint Antoine", "id_parc": "PA9381", "num_voies": "46", "geox": 602634, "geoy": 127970, "oid": 1142129, "arrondissement": "Paris 12e Arrondissement" }, "geometry": { "type": "MultiPoint", "coordinates": [ [ 2.372402995450013, 48.852182769224527 ] ] } },
{ "type": "Feature", "properties": { "id": "9083", "geo_fid": 9083, "geo_creati": 1530006283852, "geo_modifi": 1530006283852, "id_alpage": 9083, "id_num_sca": "ADO75CA_ANO548", "quartier": "Quinze-Vingts", "nom_entier": "Rue du Faubourg Saint Antoine", "id_parc": "PA9363", "num_voies": "30", "geox": 602579, "geoy": 127996, "oid": 1142136, "arrondissement": "Paris 12e Arrondissement" }, "geometry": { "type": "MultiPoint", "coordinates": [ [ 2.371648231801573, 48.85242400425404 ] ] } },
{ "type": "Feature", "properties": { "id": "9101", "geo_fid": 9101, "geo_creati": 1530006283852, "geo_modifi": 1530006283852, "id_alpage": 9101, "id_num_sca": "ADO75CA_ANO548", "quartier": "Quinze-Vingts", "nom_entier": "Rue de Charenton", "id_parc": "PA9352", "num_voies": "7", "geox": 602510, "geoy": 128030, "oid": 1142154, "arrondissement": "Paris 12e Arrondissement" }, "geometry": { "type": "MultiPoint", "coordinates": [ [ 2.370704086801019, 48.852727339770368 ] ] } },
{ "type": "Feature", "properties": { "id": "9111", "geo_fid": 9111, "geo_creati": 1530006283853, "geo_modifi": 1530006283853, "id_alpage": 9111, "id_num_sca": "ADO75CA_ANO548", "quartier": "Quinze-Vingts", "nom_entier": "Rue de Charenton", "id_parc": "PA9362", "num_voies": "27", "geox": 602563, "geoy": 127959, "oid": 1142164, "arrondissement": "Paris 12e Arrondissement" }, "geometry": { "type": "MultiPoint", "coordinates": [ [ 2.371432694272048, 48.852087741214362 ] ] } },
{ "type": "Feature", "properties": { "id": "9112", "geo_fid": 9112, "geo_creati": 1530006283853, "geo_modifi": 1530006283853, "id_alpage": 9112, "id_num_sca": "ADO75CA_ANO548", "quartier": "Quinze-Vingts", "nom_entier": "Rue de Charenton", "id_parc": "PA9368", "num_voies": "29", "geox": 602568, "geoy": 127953, "oid": 1142165, "arrondissement": "Paris 12e Arrondissement" }, "geometry": { "type": "MultiPoint", "coordinates": [ [ 2.371498064235797, 48.852031067457396 ] ] } },
{ "type": "Feature", "properties": { "id": "9126", "geo_fid": 9126, "geo_creati": 1530006283853, "geo_modifi": 1530006283853, "id_alpage": 9126, "id_num_sca": "ADO75CA_ANO549", "quartier": "Quinze-Vingts", "nom_entier": "Rue de Charenton", "id_parc": "PA9427", "num_voies": "10", "geox": 602496, "geoy": 128039, "oid": 1142179, "arrondissement": "Paris 12e Arrondissement" }, "geometry": { "type": "MultiPoint", "coordinates": [ [ 2.370521538481353, 48.852808327658138 ] ] } },
{ "type": "Feature", "properties": { "id": "9128", "geo_fid": 9128, "geo_creati": 1530006283853, "geo_modifi": 1530006283853, "id_alpage": 9128, "id_num_sca": "ADO75CA_ANO549", "quartier": "Quinze-Vingts", "nom_entier": "Rue de Charenton", "id_parc": "PA9345", "num_voies": "14", "geox": 602506, "geoy": 128025, "oid": 1142181, "arrondissement": "Paris 12e Arrondissement" }, "geometry": { "type": "MultiPoint", "coordinates": [ [ 2.370649545940739, 48.852678795048931 ] ] } },
{ "type": "Feature", "properties": { "id": "9134", "geo_fid": 9134, "geo_creati": 1530006283853, "geo_modifi": 1530006283853, "id_alpage": 9134, "id_num_sca": "ADO75CA_ANO549", "quartier": "Quinze-Vingts", "nom_entier": "Rue de la Planchette", "id_parc": "PA9424", "num_voies": "4", "geox": 602469, "geoy": 127980, "oid": 1142187, "arrondissement": "Paris 12e Arrondissement" }, "geometry": { "type": "MultiPoint", "coordinates": [ [ 2.370157340549963, 48.852272467029515 ] ] } },
{ "type": "Feature", "properties": { "id": "9140", "geo_fid": 9140, "geo_creati": 1530006283853, "geo_modifi": 1530006283853, "id_alpage": 9140, "id_num_sca": "ADO75CA_ANO550", "quartier": "Quinze-Vingts", "nom_entier": "Rue de Charenton", "id_parc": "PA9403", "num_voies": "24", "geox": 602552, "geoy": 127966, "oid": 1142193, "arrondissement": "Paris 12e Arrondissement" }, "geometry": { "type": "MultiPoint", "coordinates": [ [ 2.371277388506989, 48.852147139610729 ] ] } },
{ "type": "Feature", "properties": { "id": "9143", "geo_fid": 9143, "geo_creati": 1530006283853, "geo_modifi": 1530006283853, "id_alpage": 9143, "id_num_sca": "ADO75CA_ANO550", "quartier": "Quinze-Vingts", "nom_entier": "Rue de Charenton", "id_parc": "PA9401", "num_voies": "30", "geox": 602573, "geoy": 127938, "oid": 1142196, "arrondissement": "Paris 12e Arrondissement" }, "geometry": { "type": "MultiPoint", "coordinates": [ [ 2.371564743321905, 48.851897055855865 ] ] } },
{ "type": "Feature", "properties": { "id": "9149", "geo_fid": 9149, "geo_creati": 1530006283853, "geo_modifi": 1530006283853, "id_alpage": 9149, "id_num_sca": "ADO75CA_ANO550", "quartier": "Quinze-Vingts", "nom_entier": "Rue de Charenton", "id_parc": "PA9417", "num_voies": "44", "geox": 602679, "geoy": 127805, "oid": 1142202, "arrondissement": "Paris 12e Arrondissement" }, "geometry": { "type": "MultiPoint", "coordinates": [ [ 2.373012411473662, 48.850696982070737 ] ] } },
{ "type": "Feature", "properties": { "id": "9155", "geo_fid": 9155, "geo_creati": 1530006283854, "geo_modifi": 1530006283854, "id_alpage": 9155, "id_num_sca": "ADO75CA_ANO552", "quartier": "Quinze-Vingts", "nom_entier": "Rue de la Contrescarpe", "id_parc": "PA9307", "num_voies": "42", "geox": 602276, "geoy": 127603, "oid": 1142208, "arrondissement": "Paris 12e Arrondissement" }, "geometry": { "type": "MultiPoint", "coordinates": [ [ 2.367522553541821, 48.848885638260455 ] ] } },
{ "type": "Feature", "properties": { "id": "9164", "geo_fid": 9164, "geo_creati": 1530006283854, "geo_modifi": 1530006283854, "id_alpage": 9164, "id_num_sca": "ADO75CA_ANO552", "quartier": "Quinze-Vingts", "nom_entier": "Rue de Bercy", "id_parc": "PA9447", "num_voies": "9", "geox": 602350, "geoy": 127452, "oid": 1142217, "arrondissement": "Paris 12e Arrondissement" }, "geometry": { "type": "MultiPoint", "coordinates": [ [ 2.368528661281977, 48.847529264393437 ] ] } },
{ "type": "Feature", "properties": { "id": "9177", "geo_fid": 9177, "geo_creati": 1530006283854, "geo_modifi": 1530006283854, "id_alpage": 9177, "id_num_sca": "ADO75CA_ANO553", "quartier": "Quinze-Vingts", "nom_entier": "Rue de Contrescarpe", "id_parc": "PA9483", "num_voies": "16", "geox": 602250, "geoy": 127454, "oid": 1142230, "arrondissement": "Paris 12e Arrondissement" }, "geometry": { "type": "MultiPoint", "coordinates": [ [ 2.367167472798664, 48.847549413525662 ] ] } },
{ "type": "Feature", "properties": { "id": "9190", "geo_fid": 9190, "geo_creati": 1530006283854, "geo_modifi": 1530006283854, "id_alpage": 9190, "id_num_sca": "ADO75CA_ANO553", "quartier": "Quinze-Vingts", "nom_entier": "Rue de Bercy", "id_parc": "PA9471", "num_voies": "28", "geox": 602382, "geoy": 127401, "oid": 1142243, "arrondissement": "Paris 12e Arrondissement" }, "geometry": { "type": "MultiPoint", "coordinates": [ [ 2.368963026704421, 48.847071414936067 ] ] } },
{ "type": "Feature", "properties": { "id": "9209", "geo_fid": 9209, "geo_creati": 1530006283866, "geo_modifi": 1530006283866, "id_alpage": 9209, "id_num_sca": "ADO75CA_ANO554", "quartier": "Quinze-Vingts", "nom_entier": "Rue de Bercy", "id_parc": "PA9489", "num_voies": "44", "geox": 602494, "geoy": 127285, "oid": 1142262, "arrondissement": "Paris 12e Arrondissement" }, "geometry": { "type": "MultiPoint", "coordinates": [ [ 2.370485656677239, 48.846022430145148 ] ] } },
{ "type": "Feature", "properties": { "id": "9230", "geo_fid": 9230, "geo_creati": 1530006283867, "geo_modifi": 1530006283867, "id_alpage": 9230, "id_num_sca": "ADO75CA_ANO555", "quartier": "Quinze-Vingts", "nom_entier": "Rue de Charenton", "id_parc": "PA9525", "num_voies": "64", "geox": 602755, "geoy": 127705, "oid": 1142283, "arrondissement": "Paris 12e Arrondissement" }, "geometry": { "type": "MultiPoint", "coordinates": [ [ 2.374046001319037, 48.849803676068944 ] ] } },
{ "type": "Feature", "properties": { "id": "9242", "geo_fid": 9242, "geo_creati": 1530006283867, "geo_modifi": 1530006283867, "id_alpage": 9242, "id_num_sca": "ADO75CA_ANO555", "quartier": "Quinze-Vingts", "nom_entier": "Rue Moreau", "id_parc": "PA9520", "num_voies": "10", "geox": 602659, "geoy": 127716, "oid": 1142295, "arrondissement": "Paris 12e Arrondissement" }, "geometry": { "type": "MultiPoint", "coordinates": [ [ 2.372733865784142, 48.849905709489491 ] ] } },
{ "type": "Feature", "properties": { "id": "9244", "geo_fid": 9244, "geo_creati": 1530006283867, "geo_modifi": 1530006283867, "id_alpage": 9244, "id_num_sca": "ADO75CA_ANO556", "quartier": "Quinze-Vingts", "nom_entier": "Rue Traversière", "id_parc": "PA9701", "num_voies": "4", "geox": 602539, "geoy": 127286, "oid": 1142297, "arrondissement": "Paris 12e Arrondissement" }, "geometry": { "type": "MultiPoint", "coordinates": [ [ 2.371100163127994, 48.846035738526687 ] ] } },
{ "type": "Feature", "properties": { "id": "9251", "geo_fid": 9251, "geo_creati": 1530006283867, "geo_modifi": 1530006283867, "id_alpage": 9251, "id_num_sca": "ADO75CA_ANO556", "quartier": "Quinze-Vingts", "nom_entier": "Rue Traversière", "id_parc": "PA9676", "num_voies": "18", "geox": 602739, "geoy": 127502, "oid": 1142304, "arrondissement": "Paris 12e Arrondissement" }, "geometry": { "type": "MultiPoint", "coordinates": [ [ 2.37382118653379, 48.847977326513778 ] ] } },
{ "type": "Feature", "properties": { "id": "9276", "geo_fid": 9276, "geo_creati": 1530006283868, "geo_modifi": 1530006283868, "id_alpage": 9276, "id_num_sca": "ADO75CA_ANO557", "quartier": "Quinze-Vingts", "nom_entier": "Rue de Charenton", "id_parc": "PA10212", "num_voies": "132", "geox": 603096, "geoy": 127347, "oid": 1142329, "arrondissement": "Paris 12e Arrondissement" }, "geometry": { "type": "MultiPoint", "coordinates": [ [ 2.378685778652404, 48.846579992976196 ] ] } },
{ "type": "Feature", "properties": { "id": "9279", "geo_fid": 9279, "geo_creati": 1530006283868, "geo_modifi": 1530006283868, "id_alpage": 9279, "id_num_sca": "ADO75CA_ANO557", "quartier": "Quinze-Vingts", "nom_entier": "Rue de Charenton", "id_parc": "PA9312", "num_voies": "138", "geox": 603125, "geoy": 127316, "oid": 1142332, "arrondissement": "Paris 12e Arrondissement" }, "geometry": { "type": "MultiPoint", "coordinates": [ [ 2.379087490822239, 48.846299273449674 ] ] } },
{ "type": "Feature", "properties": { "id": "9303", "geo_fid": 9303, "geo_creati": 1530006283868, "geo_modifi": 1530006283868, "id_alpage": 9303, "id_num_sca": "ADO75CA_ANO561", "quartier": "Quinze-Vingts", "nom_entier": "Rue Villiot", "id_parc": "PA10234", "num_voies": "9", "geox": 602858, "geoy": 126813, "oid": 1142356, "arrondissement": "Paris 12e Arrondissement" }, "geometry": { "type": "MultiPoint", "coordinates": [ [ 2.37545014765649, 48.841776311361706 ] ] } },
{ "type": "Feature", "properties": { "id": "9309", "geo_fid": 9309, "geo_creati": 1530006283868, "geo_modifi": 1530006283868, "id_alpage": 9309, "id_num_sca": "ADO75CA_ANO561", "quartier": "Quinze-Vingts", "nom_entier": "Quai de la Rapée", "id_parc": "PA10235", "num_voies": "57", "geox": 602720, "geoy": 126724, "oid": 1142362, "arrondissement": "Paris 12e Arrondissement" }, "geometry": { "type": "MultiPoint", "coordinates": [ [ 2.373568083017081, 48.840979271811619 ] ] } },
{ "type": "Feature", "properties": { "id": "9312", "geo_fid": 9312, "geo_creati": 1530006283868, "geo_modifi": 1530006283868, "id_alpage": 9312, "id_num_sca": "ADO75CA_ANO561", "quartier": "Quinze-Vingts", "nom_entier": "Quai de la Rapée", "id_parc": "PA10227", "num_voies": "51", "geox": 602693, "geoy": 126764, "oid": 1142365, "arrondissement": "Paris 12e Arrondissement" }, "geometry": { "type": "MultiPoint", "coordinates": [ [ 2.373197774253982, 48.841338198659663 ] ] } },
{ "type": "Feature", "properties": { "id": "9317", "geo_fid": 9317, "geo_creati": 1530006283869, "geo_modifi": 1530006283869, "id_alpage": 9317, "id_num_sca": "ADO75CA_ANO561", "quartier": "Quinze-Vingts", "nom_entier": "Quai de la Rapée", "id_parc": "PA10226", "num_voies": "41", "geox": 602636, "geoy": 126844, "oid": 1142370, "arrondissement": "Paris 12e Arrondissement" }, "geometry": { "type": "MultiPoint", "coordinates": [ [ 2.372421719865178, 48.842058757504816 ] ] } },
{ "type": "Feature", "properties": { "id": "9318", "geo_fid": 9318, "geo_creati": 1530006283869, "geo_modifi": 1530006283869, "id_alpage": 9318, "id_num_sca": "ADO75CA_ANO561", "quartier": "Quinze-Vingts", "nom_entier": "Quai de la Rapée", "id_parc": "PA10226", "num_voies": "39", "geox": 602623, "geoy": 126865, "oid": 1142371, "arrondissement": "Paris 12e Arrondissement" }, "geometry": { "type": "MultiPoint", "coordinates": [ [ 2.372242012417354, 48.842244962091144 ] ] } },
{ "type": "Feature", "properties": { "id": "9336", "geo_fid": 9336, "geo_creati": 1530006283869, "geo_modifi": 1530006283869, "id_alpage": 9336, "id_num_sca": "ADO75CA_ANO562", "quartier": "Quinze-Vingts", "nom_entier": "Quai de la Rapée", "id_parc": "PA10246", "num_voies": "63", "geox": 602783, "geoy": 126639, "oid": 1142389, "arrondissement": "Paris 12e Arrondissement" }, "geometry": { "type": "MultiPoint", "coordinates": [ [ 2.374424453817146, 48.84021911106494 ] ] } },
{ "type": "Feature", "properties": { "id": "9340", "geo_fid": 9340, "geo_creati": 1530006283869, "geo_modifi": 1530006283869, "id_alpage": 9340, "id_num_sca": "ADO75CA_ANO562", "quartier": "Quinze-Vingts", "nom_entier": "Quai de la Rapée", "id_parc": "PA10242", "num_voies": "59", "geox": 602742, "geoy": 126701, "oid": 1142393, "arrondissement": "Paris 12e Arrondissement" }, "geometry": { "type": "MultiPoint", "coordinates": [ [ 2.373859480716607, 48.840772346091022 ] ] } },
{ "type": "Feature", "properties": { "id": "8712", "geo_fid": 8712, "geo_creati": 1530006283823, "geo_modifi": 1530006283823, "id_alpage": 8712, "id_num_sca": "ADO75CA_ANO538", "quartier": "Quinze-Vingts", "nom_entier": "Rue du Faubourg Saint Antoine", "id_parc": "PA9925", "num_voies": "238", "geox": 603698, "geoy": 127689, "oid": 1141765, "arrondissement": "Paris 12e Arrondissement" }, "geometry": { "type": "MultiPoint", "coordinates": [ [ 2.386892688839448, 48.849656724877676 ] ] } },
{ "type": "Feature", "properties": { "id": "8719", "geo_fid": 8719, "geo_creati": 1530006283823, "geo_modifi": 1530006283823, "id_alpage": 8719, "id_num_sca": "ADO75CA_ANO538", "quartier": "Quinze-Vingts", "nom_entier": "Rue de Reuilly", "id_parc": "PA9926", "num_voies": "13", "geox": 603609, "geoy": 127598, "oid": 1141772, "arrondissement": "Paris 12e Arrondissement" }, "geometry": { "type": "MultiPoint", "coordinates": [ [ 2.385685965498213, 48.84883261079387 ] ] } },
{ "type": "Feature", "properties": { "id": "8729", "geo_fid": 8729, "geo_creati": 1530006283823, "geo_modifi": 1530006283823, "id_alpage": 8729, "id_num_sca": "ADO75CA_ANO538", "quartier": "Quinze-Vingts", "nom_entier": "Rue du Faubourg Saint Antoine", "id_parc": "PA9943", "num_voies": "256", "geox": 603834, "geoy": 127652, "oid": 1141782, "arrondissement": "Paris 12e Arrondissement" }, "geometry": { "type": "MultiPoint", "coordinates": [ [ 2.388741412490461, 48.849315081415973 ] ] } },
{ "type": "Feature", "properties": { "id": "8736", "geo_fid": 8736, "geo_creati": 1530006283823, "geo_modifi": 1530006283823, "id_alpage": 8736, "id_num_sca": "ADO75CA_ANO538", "quartier": "Quinze-Vingts", "nom_entier": "Rue du Faubourg Saint Antoine", "id_parc": "PA9949", "num_voies": "270", "geox": 603959, "geoy": 127610, "oid": 1141789, "arrondissement": "Paris 12e Arrondissement" }, "geometry": { "type": "MultiPoint", "coordinates": [ [ 2.390453812002712, 48.848937500758908 ] ] } },
{ "type": "Feature", "properties": { "id": "8780", "geo_fid": 8780, "geo_creati": 1530006283824, "geo_modifi": 1530006283824, "id_alpage": 8780, "id_num_sca": "ADO75CA_ANO538", "quartier": "Quinze-Vingts", "nom_entier": "Rue de Reuilly", "id_parc": "PA9942", "num_voies": "25", "geox": 603674, "geoy": 127471, "oid": 1141833, "arrondissement": "Paris 12e Arrondissement" }, "geometry": { "type": "MultiPoint", "coordinates": [ [ 2.386571884616322, 48.847691054775638 ] ] } },
{ "type": "Feature", "properties": { "id": "8818", "geo_fid": 8818, "geo_creati": 1530006283836, "geo_modifi": 1530006283836, "id_alpage": 8818, "id_num_sca": "ADO75CA_ANO539", "quartier": "Quinze-Vingts", "nom_entier": "Petite Rue de Reuilly", "id_parc": "PA9877", "num_voies": "14", "geox": 603605, "geoy": 127279, "oid": 1141871, "arrondissement": "Paris 12e Arrondissement" }, "geometry": { "type": "MultiPoint", "coordinates": [ [ 2.385623225152566, 48.845970253828561 ] ] } },
{ "type": "Feature", "properties": { "id": "8824", "geo_fid": 8824, "geo_creati": 1530006283836, "geo_modifi": 1530006283836, "id_alpage": 8824, "id_num_sca": "ADO75CA_ANO540", "quartier": "Quinze-Vingts", "nom_entier": "Rue de Reuilly", "id_parc": "PA9843", "num_voies": "6", "geox": 603516, "geoy": 127718, "oid": 1141877, "arrondissement": "Paris 12e Arrondissement" }, "geometry": { "type": "MultiPoint", "coordinates": [ [ 2.384417046134997, 48.849910470576688 ] ] } },
{ "type": "Feature", "properties": { "id": "8839", "geo_fid": 8839, "geo_creati": 1530006283836, "geo_modifi": 1530006283836, "id_alpage": 8839, "id_num_sca": "ADO75CA_ANO540", "quartier": "Quinze-Vingts", "nom_entier": "Rue Beauveau", "id_parc": "PA9786", "num_voies": "6", "geox": 603146, "geoy": 127332, "oid": 1141892, "arrondissement": "Paris 12e Arrondissement" }, "geometry": { "type": "MultiPoint", "coordinates": [ [ 2.37936556717809, 48.84644125614291 ] ] } },
{ "type": "Feature", "properties": { "id": "8848", "geo_fid": 8848, "geo_creati": 1530006283836, "geo_modifi": 1530006283836, "id_alpage": 8848, "id_num_sca": "ADO75CA_ANO540", "quartier": "Quinze-Vingts", "nom_entier": "Rue Lenoir", "id_parc": "PA9794", "num_voies": "10", "geox": 603099, "geoy": 127695, "oid": 1141901, "arrondissement": "Paris 12e Arrondissement" }, "geometry": { "type": "MultiPoint", "coordinates": [ [ 2.378731991254115, 48.849708544229593 ] ] } },
{ "type": "Feature", "properties": { "id": "8864", "geo_fid": 8864, "geo_creati": 1530006283836, "geo_modifi": 1530006283836, "id_alpage": 8864, "id_num_sca": "ADO75CA_ANO540", "quartier": "Quinze-Vingts", "nom_entier": "Rue du Faubourg Saint Antoine", "id_parc": "PA9805", "num_voies": "176", "geox": 603232, "geoy": 127767, "oid": 1141917, "arrondissement": "Paris 12e Arrondissement" }, "geometry": { "type": "MultiPoint", "coordinates": [ [ 2.380553020752396, 48.850357142210264 ] ] } },
{ "type": "Feature", "properties": { "id": "8866", "geo_fid": 8866, "geo_creati": 1530006283837, "geo_modifi": 1530006283837, "id_alpage": 8866, "id_num_sca": "ADO75CA_ANO540", "quartier": "Quinze-Vingts", "nom_entier": "Rue du Faubourg Saint Antoine", "id_parc": "PA9808", "num_voies": "180", "geox": 603263, "geoy": 127764, "oid": 1141919, "arrondissement": "Paris 12e Arrondissement" }, "geometry": { "type": "MultiPoint", "coordinates": [ [ 2.380968603900322, 48.850331804109636 ] ] } },
{ "type": "Feature", "properties": { "id": "8871", "geo_fid": 8871, "geo_creati": 1530006283837, "geo_modifi": 1530006283837, "id_alpage": 8871, "id_num_sca": "ADO75CA_ANO540", "quartier": "Quinze-Vingts", "nom_entier": "Rue du Faubourg Saint Antoine", "id_parc": "PA9823", "num_voies": "190", "geox": 603309, "geoy": 127761, "oid": 1141924, "arrondissement": "Paris 12e Arrondissement" }, "geometry": { "type": "MultiPoint", "coordinates": [ [ 2.381592664764295, 48.850300088761415 ] ] } },
{ "type": "Feature", "properties": { "id": "8884", "geo_fid": 8884, "geo_creati": 1530006283837, "geo_modifi": 1530006283837, "id_alpage": 8884, "id_num_sca": "ADO75CA_ANO540", "quartier": "Quinze-Vingts", "nom_entier": "Rue du Faubourg Saint Antoine", "id_parc": "PA9841", "num_voies": "216", "geox": 603470, "geoy": 127737, "oid": 1141937, "arrondissement": "Paris 12e Arrondissement" }, "geometry": { "type": "MultiPoint", "coordinates": [ [ 2.383793127556657, 48.85008698414596 ] ] } },
{ "type": "Feature", "properties": { "id": "8911", "geo_fid": 8911, "geo_creati": 1530006283837, "geo_modifi": 1530006283837, "id_alpage": 8911, "id_num_sca": "ADO75CA_ANO543", "quartier": "Quinze-Vingts", "nom_entier": "Rue du Faubourg Saint Antoine", "id_parc": "PA9340", "num_voies": "152", "geox": 603125, "geoy": 127784, "oid": 1141964, "arrondissement": "Paris 12e Arrondissement" }, "geometry": { "type": "MultiPoint", "coordinates": [ [ 2.379092399782933, 48.850511462754298 ] ] } },
{ "type": "Feature", "properties": { "id": "8917", "geo_fid": 8917, "geo_creati": 1530006283838, "geo_modifi": 1530006283838, "id_alpage": 8917, "id_num_sca": "ADO75CA_ANO543", "quartier": "Quinze-Vingts", "nom_entier": "Rue Cotte", "id_parc": "PA9760", "num_voies": "16", "geox": 603079, "geoy": 127786, "oid": 1141970, "arrondissement": "Paris 12e Arrondissement" }, "geometry": { "type": "MultiPoint", "coordinates": [ [ 2.378468319007913, 48.850524279724603 ] ] } },
{ "type": "Feature", "properties": { "id": "8919", "geo_fid": 8919, "geo_creati": 1530006283838, "geo_modifi": 1530006283838, "id_alpage": 8919, "id_num_sca": "ADO75CA_ANO543", "quartier": "Quinze-Vingts", "nom_entier": "Rue Cotte", "id_parc": "PA9756", "num_voies": "12", "geox": 603069, "geoy": 127764, "oid": 1141972, "arrondissement": "Paris 12e Arrondissement" }, "geometry": { "type": "MultiPoint", "coordinates": [ [ 2.378326443371408, 48.850330088081591 ] ] } },
{ "type": "Feature", "properties": { "id": "8936", "geo_fid": 8936, "geo_creati": 1530006283838, "geo_modifi": 1530006283838, "id_alpage": 8936, "id_num_sca": "ADO75CA_ANO544", "quartier": "Quinze-Vingts", "nom_entier": "Rue du Faubourg Saint Antoine", "id_parc": "PA9667", "num_voies": "136bis", "geox": 603062, "geoy": 127803, "oid": 1141989, "arrondissement": "Paris 12e Arrondissement" }, "geometry": { "type": "MultiPoint", "coordinates": [ [ 2.378235440230879, 48.85068623262341 ] ] } },
{ "type": "Feature", "properties": { "id": "8943", "geo_fid": 8943, "geo_creati": 1530006283838, "geo_modifi": 1530006283838, "id_alpage": 8943, "id_num_sca": "ADO75CA_ANO544", "quartier": "Quinze-Vingts", "nom_entier": "Rue du Faubourg Saint Antoine", "id_parc": "PA26274", "num_voies": "126", "geox": 603005, "geoy": 127826, "oid": 1141996, "arrondissement": "Paris 12e Arrondissement" }, "geometry": { "type": "MultiPoint", "coordinates": [ [ 2.377456166315988, 48.850886148333196 ] ] } },
{ "type": "Feature", "properties": { "id": "8961", "geo_fid": 8961, "geo_creati": 1530006283839, "geo_modifi": 1530006283839, "id_alpage": 8961, "id_num_sca": "ADO75CA_ANO544", "quartier": "Quinze-Vingts", "nom_entier": "Rue Traversière", "id_parc": "PA9632", "num_voies": "50", "geox": 602854, "geoy": 127732, "oid": 1142014, "arrondissement": "Paris 12e Arrondissement" }, "geometry": { "type": "MultiPoint", "coordinates": [ [ 2.375399274565479, 48.850046035083402 ] ] } },
{ "type": "Feature", "properties": { "id": "8973", "geo_fid": 8973, "geo_creati": 1530006283839, "geo_modifi": 1530006283839, "id_alpage": 8973, "id_num_sca": "ADO75CA_ANO544", "quartier": "Quinze-Vingts", "nom_entier": null, "id_parc": "PA9655", "num_voies": "3", "geox": 603011, "geoy": 127654, "oid": 1142026, "arrondissement": "Paris 12e Arrondissement" }, "geometry": { "type": "MultiPoint", "coordinates": [ [ 2.377528495199491, 48.849338475281392 ] ] } },
{ "type": "Feature", "properties": { "id": "8999", "geo_fid": 8999, "geo_creati": 1530006283839, "geo_modifi": 1530006283839, "id_alpage": 8999, "id_num_sca": "ADO75CA_ANO545", "quartier": "Quinze-Vingts", "nom_entier": "Rue Saint Nicolas", "id_parc": "PA9582", "num_voies": "16", "geox": 602772, "geoy": 127812, "oid": 1142052, "arrondissement": "Paris 12e Arrondissement" }, "geometry": { "type": "MultiPoint", "coordinates": [ [ 2.374276998646644, 48.850761326259779 ] ] } },
{ "type": "Feature", "properties": { "id": "9021", "geo_fid": 9021, "geo_creati": 1530006283851, "geo_modifi": 1530006283851, "id_alpage": 9021, "id_num_sca": "ADO75CA_ANO545", "quartier": "Quinze-Vingts", "nom_entier": "Rue Traversière", "id_parc": "PA9562", "num_voies": "27", "geox": 602856, "geoy": 127747, "oid": 1142074, "arrondissement": "Paris 12e Arrondissement" }, "geometry": { "type": "MultiPoint", "coordinates": [ [ 2.375418452952202, 48.850178221687642 ] ] } },
{ "type": "Feature", "properties": { "id": "8762", "geo_fid": 8762, "geo_creati": 1530006283824, "geo_modifi": 1530006283824, "id_alpage": 8762, "id_num_sca": "ADO75CA_ANO538", "quartier": "Quinze-Vingts", "nom_entier": "Rue de Reuilly", "id_parc": "PA9970", "num_voies": "59bis", "geox": 603841, "geoy": 127226, "oid": 1141815, "arrondissement": "Paris 12e Arrondissement" }, "geometry": { "type": "MultiPoint", "coordinates": [ [ 2.388836915245187, 48.845492231825261 ] ] } },
{ "type": "Feature", "properties": { "id": "8770", "geo_fid": 8770, "geo_creati": 1530006283824, "geo_modifi": 1530006283824, "id_alpage": 8770, "id_num_sca": "ADO75CA_ANO538", "quartier": "Quinze-Vingts", "nom_entier": "Rue de Reuilly", "id_parc": "PA9976", "num_voies": "45", "geox": 603782, "geoy": 127301, "oid": 1141823, "arrondissement": "Paris 12e Arrondissement" }, "geometry": { "type": "MultiPoint", "coordinates": [ [ 2.388033725251869, 48.846167046314591 ] ] } },
{ "type": "Feature", "properties": { "id": "8772", "geo_fid": 8772, "geo_creati": 1530006283824, "geo_modifi": 1530006283824, "id_alpage": 8772, "id_num_sca": "ADO75CA_ANO538", "quartier": "Quinze-Vingts", "nom_entier": "Rue de Reuilly", "id_parc": "PA9955", "num_voies": "41", "geox": 603750, "geoy": 127342, "oid": 1141825, "arrondissement": "Paris 12e Arrondissement" }, "geometry": { "type": "MultiPoint", "coordinates": [ [ 2.387603538917223, 48.84653414004574 ] ] } },
{ "type": "Feature", "properties": { "id": "8776", "geo_fid": 8776, "geo_creati": 1530006283824, "geo_modifi": 1530006283824, "id_alpage": 8776, "id_num_sca": "ADO75CA_ANO538", "quartier": "Quinze-Vingts", "nom_entier": "Rue de Reuilly", "id_parc": "PA9940", "num_voies": "33", "geox": 603702, "geoy": 127422, "oid": 1141829, "arrondissement": "Paris 12e Arrondissement" }, "geometry": { "type": "MultiPoint", "coordinates": [ [ 2.38694750985655, 48.847247550564902 ] ] } },
{ "type": "Feature", "properties": { "id": "8788", "geo_fid": 8788, "geo_creati": 1530006283824, "geo_modifi": 1530006283824, "id_alpage": 8788, "id_num_sca": "ADO75CA_ANO539", "quartier": "Quinze-Vingts", "nom_entier": "Rue de Reuilly", "id_parc": "PA9896", "num_voies": "42", "geox": 603825, "geoy": 127223, "oid": 1141841, "arrondissement": "Paris 12e Arrondissement" }, "geometry": { "type": "MultiPoint", "coordinates": [ [ 2.388625697854432, 48.845464449685245 ] ] } },
{ "type": "Feature", "properties": { "id": "8813", "geo_fid": 8813, "geo_creati": 1530006283835, "geo_modifi": 1530006283835, "id_alpage": 8813, "id_num_sca": "ADO75CA_ANO539", "quartier": "Quinze-Vingts", "nom_entier": "Petite Rue de Reuilly", "id_parc": "PA9336", "num_voies": "6", "geox": 603496, "geoy": 127188, "oid": 1141866, "arrondissement": "Paris 12e Arrondissement" }, "geometry": { "type": "MultiPoint", "coordinates": [ [ 2.384145477839664, 48.845148935978578 ] ] } },
{ "type": "Feature", "properties": { "id": "8819", "geo_fid": 8819, "geo_creati": 1530006283836, "geo_modifi": 1530006283836, "id_alpage": 8819, "id_num_sca": "ADO75CA_ANO539", "quartier": "Quinze-Vingts", "nom_entier": "Petite Rue de Reuilly", "id_parc": "PA9912", "num_voies": "16", "geox": 603620, "geoy": 127292, "oid": 1141872, "arrondissement": "Paris 12e Arrondissement" }, "geometry": { "type": "MultiPoint", "coordinates": [ [ 2.385823625459528, 48.84608257771891 ] ] } },
{ "type": "Feature", "properties": { "id": "8829", "geo_fid": 8829, "geo_creati": 1530006283836, "geo_modifi": 1530006283836, "id_alpage": 8829, "id_num_sca": "ADO75CA_ANO540", "quartier": "Quinze-Vingts", "nom_entier": "Rue de Reuilly", "id_parc": "PA9849", "num_voies": "16", "geox": 603556, "geoy": 127666, "oid": 1141882, "arrondissement": "Paris 12e Arrondissement" }, "geometry": { "type": "MultiPoint", "coordinates": [ [ 2.384961654462358, 48.849448917470255 ] ] } },
{ "type": "Feature", "properties": { "id": "8837", "geo_fid": 8837, "geo_creati": 1530006283836, "geo_modifi": 1530006283836, "id_alpage": 8837, "id_num_sca": "ADO75CA_ANO540", "quartier": "Quinze-Vingts", "nom_entier": "Rue Beauveau", "id_parc": "PA9784", "num_voies": "2", "geox": 603151, "geoy": 127306, "oid": 1141890, "arrondissement": "Paris 12e Arrondissement" }, "geometry": { "type": "MultiPoint", "coordinates": [ [ 2.379441671293513, 48.846208316527914 ] ] } },
{ "type": "Feature", "properties": { "id": "8841", "geo_fid": 8841, "geo_creati": 1530006283836, "geo_modifi": 1530006283836, "id_alpage": 8841, "id_num_sca": "ADO75CA_ANO540", "quartier": "Quinze-Vingts", "nom_entier": null, "id_parc": "PA9793", "num_voies": "6", "geox": 603103, "geoy": 127585, "oid": 1141894, "arrondissement": "Paris 12e Arrondissement" }, "geometry": { "type": "MultiPoint", "coordinates": [ [ 2.378788396796695, 48.848722022061033 ] ] } },
{ "type": "Feature", "properties": { "id": "8889", "geo_fid": 8889, "geo_creati": 1530006283837, "geo_modifi": 1530006283837, "id_alpage": 8889, "id_num_sca": "ADO75CA_ANO541", "quartier": "Quinze-Vingts", "nom_entier": "Rue de Charenton", "id_parc": "PA9765", "num_voies": "111", "geox": 603051, "geoy": 127408, "oid": 1141942, "arrondissement": "Paris 12e Arrondissement" }, "geometry": { "type": "MultiPoint", "coordinates": [ [ 2.378082629975385, 48.84713416210807 ] ] } },
{ "type": "Feature", "properties": { "id": "8913", "geo_fid": 8913, "geo_creati": 1530006283838, "geo_modifi": 1530006283838, "id_alpage": 8913, "id_num_sca": "ADO75CA_ANO543", "quartier": "Quinze-Vingts", "nom_entier": "Rue du Faubourg Saint Antoine", "id_parc": "PA9763", "num_voies": "148", "geox": 603108, "geoy": 127787, "oid": 1141966, "arrondissement": "Paris 12e Arrondissement" }, "geometry": { "type": "MultiPoint", "coordinates": [ [ 2.378859410902961, 48.85053942539902 ] ] } },
{ "type": "Feature", "properties": { "id": "8914", "geo_fid": 8914, "geo_creati": 1530006283838, "geo_modifi": 1530006283838, "id_alpage": 8914, "id_num_sca": "ADO75CA_ANO543", "quartier": "Quinze-Vingts", "nom_entier": "Rue du Faubourg Saint Antoine", "id_parc": "PA9762", "num_voies": "146", "geox": 603103, "geoy": 127789, "oid": 1141967, "arrondissement": "Paris 12e Arrondissement" }, "geometry": { "type": "MultiPoint", "coordinates": [ [ 2.378785840832593, 48.850554739833463 ] ] } },
{ "type": "Feature", "properties": { "id": "8926", "geo_fid": 8926, "geo_creati": 1530006283838, "geo_modifi": 1530006283838, "id_alpage": 8926, "id_num_sca": "ADO75CA_ANO543", "quartier": "Quinze-Vingts", "nom_entier": "Rue Lenoir", "id_parc": "PA9752", "num_voies": "7", "geox": 603085, "geoy": 127685, "oid": 1141979, "arrondissement": "Paris 12e Arrondissement" }, "geometry": { "type": "MultiPoint", "coordinates": [ [ 2.378539786003911, 48.84961778745118 ] ] } },
{ "type": "Feature", "properties": { "id": "8931", "geo_fid": 8931, "geo_creati": 1530006283838, "geo_modifi": 1530006283838, "id_alpage": 8931, "id_num_sca": "ADO75CA_ANO543", "quartier": "Quinze-Vingts", "nom_entier": "Rue Cotte", "id_parc": "PA9752", "num_voies": "4", "geox": 603041, "geoy": 127704, "oid": 1141984, "arrondissement": "Paris 12e Arrondissement" }, "geometry": { "type": "MultiPoint", "coordinates": [ [ 2.377948553236425, 48.849794257240617 ] ] } },
{ "type": "Feature", "properties": { "id": "8705", "geo_fid": 8705, "geo_creati": 1530006283823, "geo_modifi": 1530006283823, "id_alpage": 8705, "id_num_sca": "ADO75CA_ANO538", "quartier": "Quinze-Vingts", "nom_entier": "Rue du Faubourg Saint Antoine", "id_parc": "PA9915", "num_voies": "224", "geox": 603585, "geoy": 127717, "oid": 1141758, "arrondissement": "Paris 12e Arrondissement" }, "geometry": { "type": "MultiPoint", "coordinates": [ [ 2.385349081972771, 48.849908282958417 ] ] } },
{ "type": "Feature", "properties": { "id": "8709", "geo_fid": 8709, "geo_creati": 1530006283823, "geo_modifi": 1530006283823, "id_alpage": 8709, "id_num_sca": "ADO75CA_ANO538", "quartier": "Quinze-Vingts", "nom_entier": "Rue du Faubourg Saint Antoine", "id_parc": "PA9930", "num_voies": "230", "geox": 603633, "geoy": 127705, "oid": 1141762, "arrondissement": "Paris 12e Arrondissement" }, "geometry": { "type": "MultiPoint", "coordinates": [ [ 2.386011208877559, 48.849795592896221 ] ] } },
{ "type": "Feature", "properties": { "id": "8726", "geo_fid": 8726, "geo_creati": 1530006283823, "geo_modifi": 1530006283823, "id_alpage": 8726, "id_num_sca": "ADO75CA_ANO538", "quartier": "Quinze-Vingts", "nom_entier": "Rue du Faubourg Saint Antoine", "id_parc": "PA9935", "num_voies": "250", "geox": 603801, "geoy": 127663, "oid": 1141779, "arrondissement": "Paris 12e Arrondissement" }, "geometry": { "type": "MultiPoint", "coordinates": [ [ 2.388301394218795, 48.849417796167543 ] ] } },
{ "type": "Feature", "properties": { "id": "8732", "geo_fid": 8732, "geo_creati": 1530006283823, "geo_modifi": 1530006283823, "id_alpage": 8732, "id_num_sca": "ADO75CA_ANO538", "quartier": "Quinze-Vingts", "nom_entier": "Rue du Faubourg Saint Antoine", "id_parc": "PA9945", "num_voies": "262", "geox": 603876, "geoy": 127638, "oid": 1141785, "arrondissement": "Paris 12e Arrondissement" }, "geometry": { "type": "MultiPoint", "coordinates": [ [ 2.389321753160763, 48.849188919940865 ] ] } },
{ "type": "Feature", "properties": { "id": "8768", "geo_fid": 8768, "geo_creati": 1530006283824, "geo_modifi": 1530006283824, "id_alpage": 8768, "id_num_sca": "ADO75CA_ANO538", "quartier": "Quinze-Vingts", "nom_entier": "Rue de Reuilly", "id_parc": "PA9335", "num_voies": "49", "geox": 603793, "geoy": 127287, "oid": 1141821, "arrondissement": "Paris 12e Arrondissement" }, "geometry": { "type": "MultiPoint", "coordinates": [ [ 2.388188922280385, 48.846039280475871 ] ] } },
{ "type": "Feature", "properties": { "id": "8774", "geo_fid": 8774, "geo_creati": 1530006283824, "geo_modifi": 1530006283824, "id_alpage": 8774, "id_num_sca": "ADO75CA_ANO538", "quartier": "Quinze-Vingts", "nom_entier": "Rue de Reuilly", "id_parc": "PA9946", "num_voies": "37", "geox": 603725, "geoy": 127379, "oid": 1141827, "arrondissement": "Paris 12e Arrondissement" }, "geometry": { "type": "MultiPoint", "coordinates": [ [ 2.387264600587101, 48.846865221305606 ] ] } },
{ "type": "Feature", "properties": { "id": "8821", "geo_fid": 8821, "geo_creati": 1530006283836, "geo_modifi": 1530006283836, "id_alpage": 8821, "id_num_sca": "ADO75CA_ANO539", "quartier": "Quinze-Vingts", "nom_entier": "Petite Rue de Reuilly", "id_parc": "PA9871", "num_voies": "20", "geox": 603653, "geoy": 127319, "oid": 1141874, "arrondissement": "Paris 12e Arrondissement" }, "geometry": { "type": "MultiPoint", "coordinates": [ [ 2.38628167010117, 48.846322487489381 ] ] } },
{ "type": "Feature", "properties": { "id": "8822", "geo_fid": 8822, "geo_creati": 1530006283836, "geo_modifi": 1530006283836, "id_alpage": 8822, "id_num_sca": "ADO75CA_ANO539", "quartier": "Quinze-Vingts", "nom_entier": "Petite Rue de Reuilly", "id_parc": "PA9874", "num_voies": "22", "geox": 603668, "geoy": 127332, "oid": 1141875, "arrondissement": "Paris 12e Arrondissement" }, "geometry": { "type": "MultiPoint", "coordinates": [ [ 2.386487529681964, 48.846441102776048 ] ] } },
{ "type": "Feature", "properties": { "id": "8823", "geo_fid": 8823, "geo_creati": 1530006283836, "geo_modifi": 1530006283836, "id_alpage": 8823, "id_num_sca": "ADO75CA_ANO540", "quartier": "Quinze-Vingts", "nom_entier": "Rue du Faubourg Saint Antoine", "id_parc": "PA9842", "num_voies": "4", "geox": 603511, "geoy": 127724, "oid": 1141876, "arrondissement": "Paris 12e Arrondissement" }, "geometry": { "type": "MultiPoint", "coordinates": [ [ 2.384342161241338, 48.849973450567362 ] ] } },
{ "type": "Feature", "properties": { "id": "8834", "geo_fid": 8834, "geo_creati": 1530006283836, "geo_modifi": 1530006283836, "id_alpage": 8834, "id_num_sca": "ADO75CA_ANO540", "quartier": "Quinze-Vingts", "nom_entier": "Rue de Reuilly", "id_parc": "PA9863", "num_voies": "26", "geox": 603680, "geoy": 127438, "oid": 1141887, "arrondissement": "Paris 12e Arrondissement" }, "geometry": { "type": "MultiPoint", "coordinates": [ [ 2.386646535339739, 48.847398758997272 ] ] } },
{ "type": "Feature", "properties": { "id": "8849", "geo_fid": 8849, "geo_creati": 1530006283836, "geo_modifi": 1530006283836, "id_alpage": 8849, "id_num_sca": "ADO75CA_ANO540", "quartier": "Quinze-Vingts", "nom_entier": "Rue Lenoir", "id_parc": "PA9794", "num_voies": "12", "geox": 603102, "geoy": 127701, "oid": 1141902, "arrondissement": "Paris 12e Arrondissement" }, "geometry": { "type": "MultiPoint", "coordinates": [ [ 2.378774279894426, 48.849765182998595 ] ] } },
{ "type": "Feature", "properties": { "id": "8879", "geo_fid": 8879, "geo_creati": 1530006283837, "geo_modifi": 1530006283837, "id_alpage": 8879, "id_num_sca": "ADO75CA_ANO540", "quartier": "Quinze-Vingts", "nom_entier": "Rue du Faubourg Saint Antoine", "id_parc": "PA9817", "num_voies": "206", "geox": 603395, "geoy": 127749, "oid": 1141932, "arrondissement": "Paris 12e Arrondissement" }, "geometry": { "type": "MultiPoint", "coordinates": [ [ 2.382763076733639, 48.850196211600874 ] ] } },
{ "type": "Feature", "properties": { "id": "8892", "geo_fid": 8892, "geo_creati": 1530006283837, "geo_modifi": 1530006283837, "id_alpage": 8892, "id_num_sca": "ADO75CA_ANO541", "quartier": "Quinze-Vingts", "nom_entier": "Rue de Charenton", "id_parc": "PA9773", "num_voies": "105", "geox": 603017, "geoy": 127443, "oid": 1141945, "arrondissement": "Paris 12e Arrondissement" }, "geometry": { "type": "MultiPoint", "coordinates": [ [ 2.377610076384119, 48.847444579165042 ] ] } },
{ "type": "Feature", "properties": { "id": "8898", "geo_fid": 8898, "geo_creati": 1530006283837, "geo_modifi": 1530006283837, "id_alpage": 8898, "id_num_sca": "ADO75CA_ANO541", "quartier": "Quinze-Vingts", "nom_entier": "Rue d' Aligre", "id_parc": "PA9777", "num_voies": "10", "geox": 603015, "geoy": 127534, "oid": 1141951, "arrondissement": "Paris 12e Arrondissement" }, "geometry": { "type": "MultiPoint", "coordinates": [ [ 2.37758621451963, 48.848262925310323 ] ] } },
{ "type": "Feature", "properties": { "id": "8899", "geo_fid": 8899, "geo_creati": 1530006283837, "geo_modifi": 1530006283837, "id_alpage": 8899, "id_num_sca": "ADO75CA_ANO541", "quartier": "Quinze-Vingts", "nom_entier": "Rue Beauveau", "id_parc": "PA9778", "num_voies": "7", "geox": 603097, "geoy": 127517, "oid": 1141952, "arrondissement": "Paris 12e Arrondissement" }, "geometry": { "type": "MultiPoint", "coordinates": [ [ 2.378708854592615, 48.848108747336056 ] ] } },
{ "type": "Feature", "properties": { "id": "8916", "geo_fid": 8916, "geo_creati": 1530006283838, "geo_modifi": 1530006283838, "id_alpage": 8916, "id_num_sca": "ADO75CA_ANO543", "quartier": "Quinze-Vingts", "nom_entier": "Rue Cotte", "id_parc": "PA9760", "num_voies": "142", "geox": 603089, "geoy": 127793, "oid": 1141969, "arrondissement": "Paris 12e Arrondissement" }, "geometry": { "type": "MultiPoint", "coordinates": [ [ 2.378595099605611, 48.850589880729309 ] ] } },
{ "type": "Feature", "properties": { "id": "8944", "geo_fid": 8944, "geo_creati": 1530006283838, "geo_modifi": 1530006283838, "id_alpage": 8944, "id_num_sca": "ADO75CA_ANO544", "quartier": "Quinze-Vingts", "nom_entier": "Rue du Faubourg Saint Antoine", "id_parc": "PA9647", "num_voies": "124bis", "geox": 602988, "geoy": 127832, "oid": 1141997, "arrondissement": "Paris 12e Arrondissement" }, "geometry": { "type": "MultiPoint", "coordinates": [ [ 2.377221836699676, 48.850944683364901 ] ] } },
{ "type": "Feature", "properties": { "id": "8974", "geo_fid": 8974, "geo_creati": 1530006283839, "geo_modifi": 1530006283839, "id_alpage": 8974, "id_num_sca": "ADO75CA_ANO544", "quartier": "Quinze-Vingts", "nom_entier": "Rue Cotte", "id_parc": "PA9655", "num_voies": "5", "geox": 603014, "geoy": 127660, "oid": 1142027, "arrondissement": "Paris 12e Arrondissement" }, "geometry": { "type": "MultiPoint", "coordinates": [ [ 2.377569418810681, 48.849394215705217 ] ] } },
{ "type": "Feature", "properties": { "id": "8992", "geo_fid": 8992, "geo_creati": 1530006283839, "geo_modifi": 1530006283839, "id_alpage": 8992, "id_num_sca": "ADO75CA_ANO545", "quartier": "Quinze-Vingts", "nom_entier": "Rue du Faubourg Saint Antoine", "id_parc": "PA9576", "num_voies": "90", "geox": 602834, "geoy": 127888, "oid": 1142045, "arrondissement": "Paris 12e Arrondissement" }, "geometry": { "type": "MultiPoint", "coordinates": [ [ 2.375123726131699, 48.851444495231839 ] ] } },
{ "type": "Feature", "properties": { "id": "8994", "geo_fid": 8994, "geo_creati": 1530006283839, "geo_modifi": 1530006283839, "id_alpage": 8994, "id_num_sca": "ADO75CA_ANO545", "quartier": "Quinze-Vingts", "nom_entier": "Rue Saint Nicolas", "id_parc": "PA9577", "num_voies": "26", "geox": 602804, "geoy": 127880, "oid": 1142047, "arrondissement": "Paris 12e Arrondissement" }, "geometry": { "type": "MultiPoint", "coordinates": [ [ 2.37471351155462, 48.851377185248893 ] ] } },
{ "type": "Feature", "properties": { "id": "9026", "geo_fid": 9026, "geo_creati": 1530006283851, "geo_modifi": 1530006283851, "id_alpage": 9026, "id_num_sca": "ADO75CA_ANO545", "quartier": "Quinze-Vingts", "nom_entier": "Rue Traversière", "id_parc": "PA9564", "num_voies": "37", "geox": 602875, "geoy": 127787, "oid": 1142079, "arrondissement": "Paris 12e Arrondissement" }, "geometry": { "type": "MultiPoint", "coordinates": [ [ 2.375678993123744, 48.850536044580167 ] ] } },
{ "type": "Feature", "properties": { "id": "9035", "geo_fid": 9035, "geo_creati": 1530006283851, "geo_modifi": 1530006283851, "id_alpage": 9035, "id_num_sca": "ADO75CA_ANO546", "quartier": "Quinze-Vingts", "nom_entier": "Rue du Faubourg Saint Antoine", "id_parc": "PA9622", "num_voies": "82", "geox": 602768, "geoy": 127913, "oid": 1142088, "arrondissement": "Paris 12e Arrondissement" }, "geometry": { "type": "MultiPoint", "coordinates": [ [ 2.374231344484556, 48.85166960604024 ] ] } },
{ "type": "Feature", "properties": { "id": "9041", "geo_fid": 9041, "geo_creati": 1530006283851, "geo_modifi": 1530006283851, "id_alpage": 9041, "id_num_sca": "ADO75CA_ANO546", "quartier": "Quinze-Vingts", "nom_entier": "Rue de Charenton", "id_parc": "PA9596", "num_voies": "57", "geox": 602679, "geoy": 127813, "oid": 1142094, "arrondissement": "Paris 12e Arrondissement" }, "geometry": { "type": "MultiPoint", "coordinates": [ [ 2.373008378534592, 48.850773421474756 ] ] } },
{ "type": "Feature", "properties": { "id": "9054", "geo_fid": 9054, "geo_creati": 1530006283851, "geo_modifi": 1530006283851, "id_alpage": 9054, "id_num_sca": "ADO75CA_ANO546", "quartier": "Quinze-Vingts", "nom_entier": "Rue Saint Nicolas", "id_parc": "PA9617", "num_voies": "13", "geox": 602774, "geoy": 127828, "oid": 1142107, "arrondissement": "Paris 12e Arrondissement" }, "geometry": { "type": "MultiPoint", "coordinates": [ [ 2.374302998330788, 48.850907899194432 ] ] } },
{ "type": "Feature", "properties": { "id": "9059", "geo_fid": 9059, "geo_creati": 1530006283851, "geo_modifi": 1530006283851, "id_alpage": 9059, "id_num_sca": "ADO75CA_ANO546", "quartier": "Quinze-Vingts", "nom_entier": "Rue Saint Nicolas", "id_parc": "PA9610", "num_voies": "23", "geox": 602793, "geoy": 127870, "oid": 1142112, "arrondissement": "Paris 12e Arrondissement" }, "geometry": { "type": "MultiPoint", "coordinates": [ [ 2.374562185814343, 48.851284609796281 ] ] } },
{ "type": "Feature", "properties": { "id": "9064", "geo_fid": 9064, "geo_creati": 1530006283851, "geo_modifi": 1530006283851, "id_alpage": 9064, "id_num_sca": "ADO75CA_ANO547", "quartier": "Quinze-Vingts", "nom_entier": "Rue du Faubourg Saint Antoine", "id_parc": "PA9390", "num_voies": "64", "geox": 602702, "geoy": 127940, "oid": 1142117, "arrondissement": "Paris 12e Arrondissement" }, "geometry": { "type": "MultiPoint", "coordinates": [ [ 2.37332806505102, 48.851910900219721 ] ] } },
{ "type": "Feature", "properties": { "id": "9067", "geo_fid": 9067, "geo_creati": 1530006283852, "geo_modifi": 1530006283852, "id_alpage": 9067, "id_num_sca": "ADO75CA_ANO547", "quartier": "Quinze-Vingts", "nom_entier": "Rue du Faubourg Saint Antoine", "id_parc": "PA9343", "num_voies": "58", "geox": 602688, "geoy": 127945, "oid": 1142120, "arrondissement": "Paris 12e Arrondissement" }, "geometry": { "type": "MultiPoint", "coordinates": [ [ 2.373133238403752, 48.851962220181449 ] ] } },
{ "type": "Feature", "properties": { "id": "9077", "geo_fid": 9077, "geo_creati": 1530006283852, "geo_modifi": 1530006283852, "id_alpage": 9077, "id_num_sca": "ADO75CA_ANO548", "quartier": "Quinze-Vingts", "nom_entier": "Rue du Faubourg Saint Antoine", "id_parc": "PA9381", "num_voies": "44", "geox": 602626, "geoy": 127973, "oid": 1142130, "arrondissement": "Paris 12e Arrondissement" }, "geometry": { "type": "MultiPoint", "coordinates": [ [ 2.372294001780519, 48.852213378012642 ] ] } },
{ "type": "Feature", "properties": { "id": "9084", "geo_fid": 9084, "geo_creati": 1530006283852, "geo_modifi": 1530006283852, "id_alpage": 9084, "id_num_sca": "ADO75CA_ANO548", "quartier": "Quinze-Vingts", "nom_entier": "Rue du Faubourg Saint Antoine", "id_parc": "PA9365", "num_voies": "28", "geox": 602569, "geoy": 128003, "oid": 1142137, "arrondissement": "Paris 12e Arrondissement" }, "geometry": { "type": "MultiPoint", "coordinates": [ [ 2.371509280108248, 48.852486995122973 ] ] } },
{ "type": "Feature", "properties": { "id": "9097", "geo_fid": 9097, "geo_creati": 1530006283852, "geo_modifi": 1530006283852, "id_alpage": 9097, "id_num_sca": "ADO75CA_ANO548", "quartier": "Quinze-Vingts", "nom_entier": "Rue du Faubourg Saint Antoine", "id_parc": "PA9355", "num_voies": "2", "geox": 602505, "geoy": 128058, "oid": 1142150, "arrondissement": "Paris 12e Arrondissement" }, "geometry": { "type": "MultiPoint", "coordinates": [ [ 2.370647022434651, 48.852979152722781 ] ] } },
{ "type": "Feature", "properties": { "id": "9113", "geo_fid": 9113, "geo_creati": 1530006283853, "geo_modifi": 1530006283853, "id_alpage": 9113, "id_num_sca": "ADO75CA_ANO548", "quartier": "Quinze-Vingts", "nom_entier": "Rue de Charenton", "id_parc": "PA9370", "num_voies": "31", "geox": 602572, "geoy": 127947, "oid": 1142166, "arrondissement": "Paris 12e Arrondissement" }, "geometry": { "type": "MultiPoint", "coordinates": [ [ 2.371555263530367, 48.851982489570453 ] ] } },
{ "type": "Feature", "properties": { "id": "9135", "geo_fid": 9135, "geo_creati": 1530006283853, "geo_modifi": 1530006283853, "id_alpage": 9135, "id_num_sca": "ADO75CA_ANO549", "quartier": "Quinze-Vingts", "nom_entier": "Rue de la Planchette", "id_parc": "PA9424", "num_voies": "2", "geox": 602459, "geoy": 127977, "oid": 1142188, "arrondissement": "Paris 12e Arrondissement" }, "geometry": { "type": "MultiPoint", "coordinates": [ [ 2.370016968945606, 48.852250924900019 ] ] } },
{ "type": "Feature", "properties": { "id": "9136", "geo_fid": 9136, "geo_creati": 1530006283853, "geo_modifi": 1530006283853, "id_alpage": 9136, "id_num_sca": "ADO75CA_ANO550", "quartier": "Quinze-Vingts", "nom_entier": "Rue de Charenton", "id_parc": "PA9400", "num_voies": "16", "geox": 602520, "geoy": 128007, "oid": 1142189, "arrondissement": "Paris 12e Arrondissement" }, "geometry": { "type": "MultiPoint", "coordinates": [ [ 2.37084294107545, 48.85251776853228 ] ] } },
{ "type": "Feature", "properties": { "id": "9142", "geo_fid": 9142, "geo_creati": 1530006283853, "geo_modifi": 1530006283853, "id_alpage": 9142, "id_num_sca": "ADO75CA_ANO550", "quartier": "Quinze-Vingts", "nom_entier": "Rue de Charenton", "id_parc": "PA9402", "num_voies": "28", "geox": 602564, "geoy": 127950, "oid": 1142195, "arrondissement": "Paris 12e Arrondissement" }, "geometry": { "type": "MultiPoint", "coordinates": [ [ 2.371439451398528, 48.852005905414806 ] ] } },
{ "type": "Feature", "properties": { "id": "9156", "geo_fid": 9156, "geo_creati": 1530006283854, "geo_modifi": 1530006283854, "id_alpage": 9156, "id_num_sca": "ADO75CA_ANO552", "quartier": "Quinze-Vingts", "nom_entier": "Rue de la Contrescarpe", "id_parc": "PA9456", "num_voies": "40", "geox": 602275, "geoy": 127596, "oid": 1142209, "arrondissement": "Paris 12e Arrondissement" }, "geometry": { "type": "MultiPoint", "coordinates": [ [ 2.367500712515959, 48.848820896458847 ] ] } },
{ "type": "Feature", "properties": { "id": "9180", "geo_fid": 9180, "geo_creati": 1530006283854, "geo_modifi": 1530006283854, "id_alpage": 9180, "id_num_sca": "ADO75CA_ANO553", "quartier": "Quinze-Vingts", "nom_entier": null, "id_parc": "PA9485", "num_voies": "10", "geox": 602251, "geoy": 127436, "oid": 1142233, "arrondissement": "Paris 12e Arrondissement" }, "geometry": { "type": "MultiPoint", "coordinates": [ [ 2.367171462462159, 48.847386644222112 ] ] } },
{ "type": "Feature", "properties": { "id": "9186", "geo_fid": 9186, "geo_creati": 1530006283854, "geo_modifi": 1530006283854, "id_alpage": 9186, "id_num_sca": "ADO75CA_ANO553", "quartier": "Quinze-Vingts", "nom_entier": "Rue Moreau", "id_parc": "PA9474", "num_voies": "11", "geox": 602397, "geoy": 127362, "oid": 1142239, "arrondissement": "Paris 12e Arrondissement" }, "geometry": { "type": "MultiPoint", "coordinates": [ [ 2.369171270440098, 48.846718842172059 ] ] } },
{ "type": "Feature", "properties": { "id": "9191", "geo_fid": 9191, "geo_creati": 1530006283854, "geo_modifi": 1530006283854, "id_alpage": 9191, "id_num_sca": "ADO75CA_ANO553", "quartier": "Quinze-Vingts", "nom_entier": "Rue de Bercy", "id_parc": "PA9471", "num_voies": "26", "geox": 602372, "geoy": 127412, "oid": 1142244, "arrondissement": "Paris 12e Arrondissement" }, "geometry": { "type": "MultiPoint", "coordinates": [ [ 2.368825468548765, 48.847164977400055 ] ] } },
{ "type": "Feature", "properties": { "id": "9194", "geo_fid": 9194, "geo_creati": 1530006283854, "geo_modifi": 1530006283854, "id_alpage": 9194, "id_num_sca": "ADO75CA_ANO553", "quartier": "Quinze-Vingts", "nom_entier": "Rue de Bercy", "id_parc": "PA9466", "num_voies": "20", "geox": 602349, "geoy": 127437, "oid": 1142247, "arrondissement": "Paris 12e Arrondissement" }, "geometry": { "type": "MultiPoint", "coordinates": [ [ 2.368509498270283, 48.847390781736365 ] ] } },
{ "type": "Feature", "properties": { "id": "9197", "geo_fid": 9197, "geo_creati": 1530006283854, "geo_modifi": 1530006283854, "id_alpage": 9197, "id_num_sca": "ADO75CA_ANO553", "quartier": "Quinze-Vingts", "nom_entier": "Rue de Bercy", "id_parc": "PA9487", "num_voies": "14", "geox": 602317, "geoy": 127470, "oid": 1142250, "arrondissement": "Paris 12e Arrondissement" }, "geometry": { "type": "MultiPoint", "coordinates": [ [ 2.368076392486413, 48.847693954319588 ] ] } },
{ "type": "Feature", "properties": { "id": "9199", "geo_fid": 9199, "geo_creati": 1530006283855, "geo_modifi": 1530006283855, "id_alpage": 9199, "id_num_sca": "ADO75CA_ANO553", "quartier": "Quinze-Vingts", "nom_entier": "Rue de Bercy", "id_parc": "PA9486", "num_voies": "10", "geox": 602301, "geoy": 127487, "oid": 1142252, "arrondissement": "Paris 12e Arrondissement" }, "geometry": { "type": "MultiPoint", "coordinates": [ [ 2.367854387050708, 48.847845091822307 ] ] } },
{ "type": "Feature", "properties": { "id": "9201", "geo_fid": 9201, "geo_creati": 1530006283866, "geo_modifi": 1530006283866, "id_alpage": 9201, "id_num_sca": "ADO75CA_ANO553", "quartier": "Quinze-Vingts", "nom_entier": "Rue de Bercy", "id_parc": "PA9464", "num_voies": "6", "geox": 602293, "geoy": 127495, "oid": 1142254, "arrondissement": "Paris 12e Arrondissement" }, "geometry": { "type": "MultiPoint", "coordinates": [ [ 2.367746788053037, 48.847917062413252 ] ] } },
{ "type": "Feature", "properties": { "id": "9202", "geo_fid": 9202, "geo_creati": 1530006283866, "geo_modifi": 1530006283866, "id_alpage": 9202, "id_num_sca": "ADO75CA_ANO553", "quartier": "Quinze-Vingts", "nom_entier": "Rue de Bercy", "id_parc": "PA9461", "num_voies": "4", "geox": 602287, "geoy": 127502, "oid": 1142255, "arrondissement": "Paris 12e Arrondissement" }, "geometry": { "type": "MultiPoint", "coordinates": [ [ 2.367667795122613, 48.847976435467807 ] ] } },
{ "type": "Feature", "properties": { "id": "9203", "geo_fid": 9203, "geo_creati": 1530006283866, "geo_modifi": 1530006283866, "id_alpage": 9203, "id_num_sca": "ADO75CA_ANO553", "quartier": "Quinze-Vingts", "nom_entier": "Rue de Bercy", "id_parc": "PA9459", "num_voies": "2", "geox": 602279, "geoy": 127510, "oid": 1142256, "arrondissement": "Paris 12e Arrondissement" }, "geometry": { "type": "MultiPoint", "coordinates": [ [ 2.367564284399636, 48.848050203340833 ] ] } },
{ "type": "Feature", "properties": { "id": "9234", "geo_fid": 9234, "geo_creati": 1530006283867, "geo_modifi": 1530006283867, "id_alpage": 9234, "id_num_sca": "ADO75CA_ANO555", "quartier": "Quinze-Vingts", "nom_entier": "Rue de Charenton", "id_parc": "PA9512", "num_voies": "56", "geox": 602721, "geoy": 127751, "oid": 1142287, "arrondissement": "Paris 12e Arrondissement" }, "geometry": { "type": "MultiPoint", "coordinates": [ [ 2.373581644635489, 48.85021209448179 ] ] } },
{ "type": "Feature", "properties": { "id": "9248", "geo_fid": 9248, "geo_creati": 1530006283867, "geo_modifi": 1530006283867, "id_alpage": 9248, "id_num_sca": "ADO75CA_ANO556", "quartier": "Quinze-Vingts", "nom_entier": "Rue Traversière", "id_parc": "PA9696", "num_voies": "12", "geox": 602697, "geoy": 127451, "oid": 1142301, "arrondissement": "Paris 12e Arrondissement" }, "geometry": { "type": "MultiPoint", "coordinates": [ [ 2.373251297821803, 48.847518878971208 ] ] } },
{ "type": "Feature", "properties": { "id": "9249", "geo_fid": 9249, "geo_creati": 1530006283867, "geo_modifi": 1530006283867, "id_alpage": 9249, "id_num_sca": "ADO75CA_ANO556", "quartier": "Quinze-Vingts", "nom_entier": "Rue Traversière", "id_parc": "PA9674", "num_voies": "14", "geox": 602720, "geoy": 127476, "oid": 1142302, "arrondissement": "Paris 12e Arrondissement" }, "geometry": { "type": "MultiPoint", "coordinates": [ [ 2.37357439016421, 48.847744493868028 ] ] } },
{ "type": "Feature", "properties": { "id": "9254", "geo_fid": 9254, "geo_creati": 1530006283867, "geo_modifi": 1530006283867, "id_alpage": 9254, "id_num_sca": "ADO75CA_ANO556", "quartier": "Quinze-Vingts", "nom_entier": "Rue Traversière", "id_parc": "PA9679", "num_voies": "22bis", "geox": 602767, "geoy": 127552, "oid": 1142307, "arrondissement": "Paris 12e Arrondissement" }, "geometry": { "type": "MultiPoint", "coordinates": [ [ 2.374209854894922, 48.848426837351987 ] ] } },
{ "type": "Feature", "properties": { "id": "9260", "geo_fid": 9260, "geo_creati": 1530006283867, "geo_modifi": 1530006283867, "id_alpage": 9260, "id_num_sca": "ADO75CA_ANO556", "quartier": "Quinze-Vingts", "nom_entier": "Rue de Bercy", "id_parc": "PA9712", "num_voies": "47", "geox": 602695, "geoy": 127105, "oid": 1142313, "arrondissement": "Paris 12e Arrondissement" }, "geometry": { "type": "MultiPoint", "coordinates": [ [ 2.373225883507807, 48.844410103202875 ] ] } },
{ "type": "Feature", "properties": { "id": "9292", "geo_fid": 9292, "geo_creati": 1530006283868, "geo_modifi": 1530006283868, "id_alpage": 9292, "id_num_sca": "ADO75CA_ANO559", "quartier": "Quinze-Vingts", "nom_entier": "Quai de la Rapée", "id_parc": "PA9500", "num_voies": "15", "geox": 602418, "geoy": 127106, "oid": 1142345, "arrondissement": "Paris 12e Arrondissement" }, "geometry": { "type": "MultiPoint", "coordinates": [ [ 2.369449100581375, 48.844418426024802 ] ] } },
{ "type": "Feature", "properties": { "id": "9294", "geo_fid": 9294, "geo_creati": 1530006283868, "geo_modifi": 1530006283868, "id_alpage": 9294, "id_num_sca": "ADO75CA_ANO560", "quartier": "Quinze-Vingts", "nom_entier": "Quai de la Rapée", "id_parc": "PA9510", "num_voies": "29", "geox": 602565, "geoy": 126955, "oid": 1142347, "arrondissement": "Paris 12e Arrondissement" }, "geometry": { "type": "MultiPoint", "coordinates": [ [ 2.371446918404695, 48.843056346634413 ] ] } },
{ "type": "Feature", "properties": { "id": "9305", "geo_fid": 9305, "geo_creati": 1530006283868, "geo_modifi": 1530006283868, "id_alpage": 9305, "id_num_sca": "ADO75CA_ANO561", "quartier": "Quinze-Vingts", "nom_entier": "Rue Villiot", "id_parc": "PA10238", "num_voies": "7", "geox": 602781, "geoy": 126753, "oid": 1142358, "arrondissement": "Paris 12e Arrondissement" }, "geometry": { "type": "MultiPoint", "coordinates": [ [ 2.374393882302983, 48.84123979478332 ] ] } },
{ "type": "Feature", "properties": { "id": "9313", "geo_fid": 9313, "geo_creati": 1530006283868, "geo_modifi": 1530006283868, "id_alpage": 9313, "id_num_sca": "ADO75CA_ANO561", "quartier": "Quinze-Vingts", "nom_entier": "Quai de la Rapée", "id_parc": "PA10228", "num_voies": "49", "geox": 602683, "geoy": 126778, "oid": 1142366, "arrondissement": "Paris 12e Arrondissement" }, "geometry": { "type": "MultiPoint", "coordinates": [ [ 2.373056178003382, 48.84146683909821 ] ] } },
{ "type": "Feature", "properties": { "id": "9320", "geo_fid": 9320, "geo_creati": 1530006283869, "geo_modifi": 1530006283869, "id_alpage": 9320, "id_num_sca": "ADO75CA_ANO561", "quartier": "Quinze-Vingts", "nom_entier": "Quai de la Rapée", "id_parc": "PA10222", "num_voies": "35", "geox": 602599, "geoy": 126899, "oid": 1142373, "arrondissement": "Paris 12e Arrondissement" }, "geometry": { "type": "MultiPoint", "coordinates": [ [ 2.371915250362856, 48.842558008541445 ] ] } },
{ "type": "Feature", "properties": { "id": "9331", "geo_fid": 9331, "geo_creati": 1530006283869, "geo_modifi": 1530006283869, "id_alpage": 9331, "id_num_sca": "ADO75CA_ANO562", "quartier": "Quinze-Vingts", "nom_entier": "Quai de la Rapée", "id_parc": "PA10256", "num_voies": "73", "geox": 602859, "geoy": 126538, "oid": 1142384, "arrondissement": "Paris 12e Arrondissement" }, "geometry": { "type": "MultiPoint", "coordinates": [ [ 2.375459149762245, 48.839308705878189 ] ] } },
{ "type": "Feature", "properties": { "id": "9333", "geo_fid": 9333, "geo_creati": 1530006283869, "geo_modifi": 1530006283869, "id_alpage": 9333, "id_num_sca": "ADO75CA_ANO562", "quartier": "Quinze-Vingts", "nom_entier": "Quai de la Rapée", "id_parc": "PA10247", "num_voies": "69", "geox": 602822, "geoy": 126588, "oid": 1142386, "arrondissement": "Paris 12e Arrondissement" }, "geometry": { "type": "MultiPoint", "coordinates": [ [ 2.374958148585912, 48.839755810791964 ] ] } },
{ "type": "Feature", "properties": { "id": "8816", "geo_fid": 8816, "geo_creati": 1530006283835, "geo_modifi": 1530006283835, "id_alpage": 8816, "id_num_sca": "ADO75CA_ANO539", "quartier": "Quinze-Vingts", "nom_entier": "Petite Rue de Reuilly", "id_parc": "PA9875", "num_voies": "10", "geox": 603572, "geoy": 127248, "oid": 1141869, "arrondissement": "Paris 12e Arrondissement" }, "geometry": { "type": "MultiPoint", "coordinates": [ [ 2.385174687240283, 48.845691668723013 ] ] } },
{ "type": "Feature", "properties": { "id": "8820", "geo_fid": 8820, "geo_creati": 1530006283836, "geo_modifi": 1530006283836, "id_alpage": 8820, "id_num_sca": "ADO75CA_ANO539", "quartier": "Quinze-Vingts", "nom_entier": "Petite Rue de Reuilly", "id_parc": "PA9872", "num_voies": "18", "geox": 603633, "geoy": 127303, "oid": 1141873, "arrondissement": "Paris 12e Arrondissement" }, "geometry": { "type": "MultiPoint", "coordinates": [ [ 2.386010388176021, 48.846181418003546 ] ] } },
{ "type": "Feature", "properties": { "id": "8737", "geo_fid": 8737, "geo_creati": 1530006283823, "geo_modifi": 1530006283823, "id_alpage": 8737, "id_num_sca": "ADO75CA_ANO538", "quartier": "Quinze-Vingts", "nom_entier": null, "id_parc": "PA9950", "num_voies": "272", "geox": 603970, "geoy": 127605, "oid": 1141790, "arrondissement": "Paris 12e Arrondissement" }, "geometry": { "type": "MultiPoint", "coordinates": [ [ 2.39060501923768, 48.848898761449021 ] ] } },
{ "type": "Feature", "properties": { "id": "8765", "geo_fid": 8765, "geo_creati": 1530006283824, "geo_modifi": 1530006283824, "id_alpage": 8765, "id_num_sca": "ADO75CA_ANO538", "quartier": "Quinze-Vingts", "nom_entier": "Rue de Reuilly", "id_parc": "PA9969", "num_voies": "55", "geox": 603822, "geoy": 127250, "oid": 1141818, "arrondissement": "Paris 12e Arrondissement" }, "geometry": { "type": "MultiPoint", "coordinates": [ [ 2.38857962245895, 48.845706374654448 ] ] } },
{ "type": "Feature", "properties": { "id": "8767", "geo_fid": 8767, "geo_creati": 1530006283824, "geo_modifi": 1530006283824, "id_alpage": 8767, "id_num_sca": "ADO75CA_ANO538", "quartier": "Quinze-Vingts", "nom_entier": "Rue de Reuilly", "id_parc": "PA9974", "num_voies": "51", "geox": 603800, "geoy": 127277, "oid": 1141820, "arrondissement": "Paris 12e Arrondissement" }, "geometry": { "type": "MultiPoint", "coordinates": [ [ 2.388286932443261, 48.845950208726379 ] ] } },
{ "type": "Feature", "properties": { "id": "8781", "geo_fid": 8781, "geo_creati": 1530006283824, "geo_modifi": 1530006283824, "id_alpage": 8781, "id_num_sca": "ADO75CA_ANO538", "quartier": "Quinze-Vingts", "nom_entier": "Rue de Reuilly", "id_parc": "PA9934", "num_voies": "23", "geox": 603666, "geoy": 127485, "oid": 1141834, "arrondissement": "Paris 12e Arrondissement" }, "geometry": { "type": "MultiPoint", "coordinates": [ [ 2.386460284102683, 48.847822396712004 ] ] } },
{ "type": "Feature", "properties": { "id": "8784", "geo_fid": 8784, "geo_creati": 1530006283824, "geo_modifi": 1530006283824, "id_alpage": 8784, "id_num_sca": "ADO75CA_ANO539", "quartier": "Quinze-Vingts", "nom_entier": "Rue de Reuilly", "id_parc": "PA9892", "num_voies": "34", "geox": 603783, "geoy": 127276, "oid": 1141837, "arrondissement": "Paris 12e Arrondissement" }, "geometry": { "type": "MultiPoint", "coordinates": [ [ 2.388045752707031, 48.845936827266272 ] ] } },
{ "type": "Feature", "properties": { "id": "8832", "geo_fid": 8832, "geo_creati": 1530006283836, "geo_modifi": 1530006283836, "id_alpage": 8832, "id_num_sca": "ADO75CA_ANO540", "quartier": "Quinze-Vingts", "nom_entier": "Rue de Reuilly", "id_parc": "PA9864", "num_voies": "22", "geox": 603606, "geoy": 127583, "oid": 1141885, "arrondissement": "Paris 12e Arrondissement" }, "geometry": { "type": "MultiPoint", "coordinates": [ [ 2.385647682257846, 48.848698635468409 ] ] } },
{ "type": "Feature", "properties": { "id": "8840", "geo_fid": 8840, "geo_creati": 1530006283836, "geo_modifi": 1530006283836, "id_alpage": 8840, "id_num_sca": "ADO75CA_ANO540", "quartier": "Quinze-Vingts", "nom_entier": "Rue Beauveau", "id_parc": "PA9785", "num_voies": "8", "geox": 603143, "geoy": 127342, "oid": 1141893, "arrondissement": "Paris 12e Arrondissement" }, "geometry": { "type": "MultiPoint", "coordinates": [ [ 2.37932885721169, 48.846533894723734 ] ] } },
{ "type": "Feature", "properties": { "id": "8842", "geo_fid": 8842, "geo_creati": 1530006283836, "geo_modifi": 1530006283836, "id_alpage": 8842, "id_num_sca": "ADO75CA_ANO540", "quartier": "Quinze-Vingts", "nom_entier": null, "id_parc": "PA9870", "num_voies": "8", "geox": 603092, "geoy": 127621, "oid": 1141895, "arrondissement": "Paris 12e Arrondissement" }, "geometry": { "type": "MultiPoint", "coordinates": [ [ 2.378636053460753, 48.849043117610378 ] ] } },
{ "type": "Feature", "properties": { "id": "8855", "geo_fid": 8855, "geo_creati": 1530006283836, "geo_modifi": 1530006283836, "id_alpage": 8855, "id_num_sca": "ADO75CA_ANO540", "quartier": "Quinze-Vingts", "nom_entier": "Rue du Faubourg Saint Antoine", "id_parc": "PA9801", "num_voies": "158", "geox": 603172, "geoy": 127776, "oid": 1141908, "arrondissement": "Paris 12e Arrondissement" }, "geometry": { "type": "MultiPoint", "coordinates": [ [ 2.379728695605577, 48.850441983672631 ] ] } },
{ "type": "Feature", "properties": { "id": "8867", "geo_fid": 8867, "geo_creati": 1530006283837, "geo_modifi": 1530006283837, "id_alpage": 8867, "id_num_sca": "ADO75CA_ANO540", "quartier": "Quinze-Vingts", "nom_entier": "Rue du Faubourg Saint Antoine", "id_parc": "PA9808", "num_voies": "182", "geox": 603273, "geoy": 127763, "oid": 1141920, "arrondissement": "Paris 12e Arrondissement" }, "geometry": { "type": "MultiPoint", "coordinates": [ [ 2.381103497288073, 48.850322759621925 ] ] } },
{ "type": "Feature", "properties": { "id": "8896", "geo_fid": 8896, "geo_creati": 1530006283837, "geo_modifi": 1530006283837, "id_alpage": 8896, "id_num_sca": "ADO75CA_ANO541", "quartier": "Quinze-Vingts", "nom_entier": "Rue d' Aligre", "id_parc": "PA9770", "num_voies": "8", "geox": 603009, "geoy": 127523, "oid": 1141949, "arrondissement": "Paris 12e Arrondissement" }, "geometry": { "type": "MultiPoint", "coordinates": [ [ 2.3775111893986, 48.848160434778407 ] ] } },
{ "type": "Feature", "properties": { "id": "8907", "geo_fid": 8907, "geo_creati": 1530006283837, "geo_modifi": 1530006283837, "id_alpage": 8907, "id_num_sca": "ADO75CA_ANO542", "quartier": "Quinze-Vingts", "nom_entier": "Rue Trouvée", "id_parc": "PA9741", "num_voies": "2", "geox": 602954, "geoy": 127518, "oid": 1141960, "arrondissement": "Paris 12e Arrondissement" }, "geometry": { "type": "MultiPoint", "coordinates": [ [ 2.376760376977536, 48.848122028558954 ] ] } },
{ "type": "Feature", "properties": { "id": "9031", "geo_fid": 9031, "geo_creati": 1530006283851, "geo_modifi": 1530006283851, "id_alpage": 9031, "id_num_sca": "ADO75CA_ANO545", "quartier": "Quinze-Vingts", "nom_entier": "Rue Traversière", "id_parc": "PA9568", "num_voies": "47", "geox": 602898, "geoy": 127836, "oid": 1142084, "arrondissement": "Paris 12e Arrondissement" }, "geometry": { "type": "MultiPoint", "coordinates": [ [ 2.37599001908322, 48.850975683526286 ] ] } },
{ "type": "Feature", "properties": { "id": "9039", "geo_fid": 9039, "geo_creati": 1530006283851, "geo_modifi": 1530006283851, "id_alpage": 9039, "id_num_sca": "ADO75CA_ANO546", "quartier": "Quinze-Vingts", "nom_entier": "Rue du Faubourg Saint Antoine", "id_parc": "PA9602", "num_voies": "74", "geox": 602744, "geoy": 127923, "oid": 1142092, "arrondissement": "Paris 12e Arrondissement" }, "geometry": { "type": "MultiPoint", "coordinates": [ [ 2.373901645129969, 48.851762337475115 ] ] } },
{ "type": "Feature", "properties": { "id": "9047", "geo_fid": 9047, "geo_creati": 1530006283851, "geo_modifi": 1530006283851, "id_alpage": 9047, "id_num_sca": "ADO75CA_ANO546", "quartier": "Quinze-Vingts", "nom_entier": "Rue de Charenton", "id_parc": "PA9605", "num_voies": "69", "geox": 602725, "geoy": 127752, "oid": 1142100, "arrondissement": "Paris 12e Arrondissement" }, "geometry": { "type": "MultiPoint", "coordinates": [ [ 2.373638882609485, 48.850221968234067 ] ] } },
{ "type": "Feature", "properties": { "id": "9055", "geo_fid": 9055, "geo_creati": 1530006283851, "geo_modifi": 1530006283851, "id_alpage": 9055, "id_num_sca": "ADO75CA_ANO546", "quartier": "Quinze-Vingts", "nom_entier": "Rue Saint Nicolas", "id_parc": "PA9614", "num_voies": "15", "geox": 602778, "geoy": 127837, "oid": 1142108, "arrondissement": "Paris 12e Arrondissement" }, "geometry": { "type": "MultiPoint", "coordinates": [ [ 2.374358927649926, 48.850988815518605 ] ] } },
{ "type": "Feature", "properties": { "id": "9104", "geo_fid": 9104, "geo_creati": 1530006283852, "geo_modifi": 1530006283852, "id_alpage": 9104, "id_num_sca": "ADO75CA_ANO548", "quartier": "Quinze-Vingts", "nom_entier": "Rue de Charenton", "id_parc": "PA9359", "num_voies": "13", "geox": 602524, "geoy": 128010, "oid": 1142157, "arrondissement": "Paris 12e Arrondissement" }, "geometry": { "type": "MultiPoint", "coordinates": [ [ 2.370894743148532, 48.852546529979236 ] ] } },
{ "type": "Feature", "properties": { "id": "9119", "geo_fid": 9119, "geo_creati": 1530006283853, "geo_modifi": 1530006283853, "id_alpage": 9119, "id_num_sca": "ADO75CA_ANO548", "quartier": "Quinze-Vingts", "nom_entier": "Rue de Charenton", "id_parc": "PA9380", "num_voies": "43", "geox": 602600, "geoy": 127911, "oid": 1142172, "arrondissement": "Paris 12e Arrondissement" }, "geometry": { "type": "MultiPoint", "coordinates": [ [ 2.371939310261923, 48.851652340526925 ] ] } },
{ "type": "Feature", "properties": { "id": "9132", "geo_fid": 9132, "geo_creati": 1530006283853, "geo_modifi": 1530006283853, "id_alpage": 9132, "id_num_sca": "ADO75CA_ANO549", "quartier": "Quinze-Vingts", "nom_entier": "Rue de la Planchette", "id_parc": "PA9421", "num_voies": "8", "geox": 602479, "geoy": 127995, "oid": 1142185, "arrondissement": "Paris 12e Arrondissement" }, "geometry": { "type": "MultiPoint", "coordinates": [ [ 2.370282800973045, 48.852411817969745 ] ] } },
{ "type": "Feature", "properties": { "id": "9153", "geo_fid": 9153, "geo_creati": 1530006283854, "geo_modifi": 1530006283854, "id_alpage": 9153, "id_num_sca": "ADO75CA_ANO552", "quartier": "Quinze-Vingts", "nom_entier": "Rue de la Contrescarpe", "id_parc": "PA9307", "num_voies": "46", "geox": 602290, "geoy": 127651, "oid": 1142206, "arrondissement": "Paris 12e Arrondissement" }, "geometry": { "type": "MultiPoint", "coordinates": [ [ 2.367708132336011, 48.849318138773221 ] ] } },
{ "type": "Feature", "properties": { "id": "9160", "geo_fid": 9160, "geo_creati": 1530006283854, "geo_modifi": 1530006283854, "id_alpage": 9160, "id_num_sca": "ADO75CA_ANO552", "quartier": "Quinze-Vingts", "nom_entier": "Rue de Bercy", "id_parc": "PA9458", "num_voies": "1", "geox": 602271, "geoy": 127538, "oid": 1142213, "arrondissement": "Paris 12e Arrondissement" }, "geometry": { "type": "MultiPoint", "coordinates": [ [ 2.367444529538407, 48.848300232763542 ] ] } },
{ "type": "Feature", "properties": { "id": "9169", "geo_fid": 9169, "geo_creati": 1530006283854, "geo_modifi": 1530006283854, "id_alpage": 9169, "id_num_sca": "ADO75CA_ANO553", "quartier": "Quinze-Vingts", "nom_entier": "Rue de Contrescarpe", "id_parc": "PA9462", "num_voies": "32", "geox": 602260, "geoy": 127515, "oid": 1142222, "arrondissement": "Paris 12e Arrondissement" }, "geometry": { "type": "MultiPoint", "coordinates": [ [ 2.367305424646281, 48.848099731811821 ] ] } },
{ "type": "Feature", "properties": { "id": "9171", "geo_fid": 9171, "geo_creati": 1530006283854, "geo_modifi": 1530006283854, "id_alpage": 9171, "id_num_sca": "ADO75CA_ANO553", "quartier": "Quinze-Vingts", "nom_entier": "Rue de Contrescarpe", "id_parc": "PA9460", "num_voies": "28", "geox": 602256, "geoy": 127490, "oid": 1142224, "arrondissement": "Paris 12e Arrondissement" }, "geometry": { "type": "MultiPoint", "coordinates": [ [ 2.367252143974194, 48.847867733624348 ] ] } },
{ "type": "Feature", "properties": { "id": "9174", "geo_fid": 9174, "geo_creati": 1530006283854, "geo_modifi": 1530006283854, "id_alpage": 9174, "id_num_sca": "ADO75CA_ANO553", "quartier": "Quinze-Vingts", "nom_entier": "Rue de Contrescarpe", "id_parc": "PA9484", "num_voies": "22", "geox": 602253, "geoy": 127471, "oid": 1142227, "arrondissement": "Paris 12e Arrondissement" }, "geometry": { "type": "MultiPoint", "coordinates": [ [ 2.367202987821367, 48.847695985563824 ] ] } },
{ "type": "Feature", "properties": { "id": "9184", "geo_fid": 9184, "geo_creati": 1530006283854, "geo_modifi": 1530006283854, "id_alpage": 9184, "id_num_sca": "ADO75CA_ANO553", "quartier": "Quinze-Vingts", "nom_entier": "Rue Moreau", "id_parc": "PA9478", "num_voies": "7", "geox": 602380, "geoy": 127345, "oid": 1142237, "arrondissement": "Paris 12e Arrondissement" }, "geometry": { "type": "MultiPoint", "coordinates": [ [ 2.368936816511035, 48.846566930553116 ] ] } },
{ "type": "Feature", "properties": { "id": "9204", "geo_fid": 9204, "geo_creati": 1530006283866, "geo_modifi": 1530006283866, "id_alpage": 9204, "id_num_sca": "ADO75CA_ANO554", "quartier": "Quinze-Vingts", "nom_entier": "Rue Moreau", "id_parc": "PA9496", "num_voies": "6", "geox": 602395, "geoy": 127352, "oid": 1142257, "arrondissement": "Paris 12e Arrondissement" }, "geometry": { "type": "MultiPoint", "coordinates": [ [ 2.369137149209333, 48.846628924502575 ] ] } },
{ "type": "Feature", "properties": { "id": "9206", "geo_fid": 9206, "geo_creati": 1530006283866, "geo_modifi": 1530006283866, "id_alpage": 9206, "id_num_sca": "ADO75CA_ANO554", "quartier": "Quinze-Vingts", "nom_entier": "Rue Moreau", "id_parc": "PA9494", "num_voies": "2bis", "geox": 602352, "geoy": 127312, "oid": 1142259, "arrondissement": "Paris 12e Arrondissement" }, "geometry": { "type": "MultiPoint", "coordinates": [ [ 2.368548305516081, 48.846268479474062 ] ] } },
{ "type": "Feature", "properties": { "id": "9216", "geo_fid": 9216, "geo_creati": 1530006283866, "geo_modifi": 1530006283866, "id_alpage": 9216, "id_num_sca": "ADO75CA_ANO555", "quartier": "Quinze-Vingts", "nom_entier": "Rue Traversière", "id_parc": "PA9553", "num_voies": "5", "geox": 602593, "geoy": 127348, "oid": 1142269, "arrondissement": "Paris 12e Arrondissement" }, "geometry": { "type": "MultiPoint", "coordinates": [ [ 2.371832224218487, 48.846591269122925 ] ] } },
{ "type": "Feature", "properties": { "id": "9218", "geo_fid": 9218, "geo_creati": 1530006283866, "geo_modifi": 1530006283866, "id_alpage": 9218, "id_num_sca": "ADO75CA_ANO555", "quartier": "Quinze-Vingts", "nom_entier": "Rue Traversière", "id_parc": "PA9550", "num_voies": "9", "geox": 602658, "geoy": 127417, "oid": 1142271, "arrondissement": "Paris 12e Arrondissement" }, "geometry": { "type": "MultiPoint", "coordinates": [ [ 2.372719680785802, 48.847214192238184 ] ] } },
{ "type": "Feature", "properties": { "id": "9221", "geo_fid": 9221, "geo_creati": 1530006283866, "geo_modifi": 1530006283866, "id_alpage": 9221, "id_num_sca": "ADO75CA_ANO555", "quartier": "Quinze-Vingts", "nom_entier": "Rue Traversière", "id_parc": "PA9545", "num_voies": "13", "geox": 602735, "geoy": 127503, "oid": 1142274, "arrondissement": "Paris 12e Arrondissement" }, "geometry": { "type": "MultiPoint", "coordinates": [ [ 2.373770780504978, 48.847989932471918 ] ] } },
{ "type": "Feature", "properties": { "id": "9243", "geo_fid": 9243, "geo_creati": 1530006283867, "geo_modifi": 1530006283867, "id_alpage": 9243, "id_num_sca": "ADO75CA_ANO556", "quartier": "Quinze-Vingts", "nom_entier": "Rue Traversière", "id_parc": "PA9701", "num_voies": "2", "geox": 602526, "geoy": 127273, "oid": 1142296, "arrondissement": "Paris 12e Arrondissement" }, "geometry": { "type": "MultiPoint", "coordinates": [ [ 2.370928408556955, 48.845922481077494 ] ] } },
{ "type": "Feature", "properties": { "id": "9253", "geo_fid": 9253, "geo_creati": 1530006283867, "geo_modifi": 1530006283867, "id_alpage": 9253, "id_num_sca": "ADO75CA_ANO556", "quartier": "Quinze-Vingts", "nom_entier": "Rue Traversière", "id_parc": "PA9678", "num_voies": "22", "geox": 602756, "geoy": 127532, "oid": 1142306, "arrondissement": "Paris 12e Arrondissement" }, "geometry": { "type": "MultiPoint", "coordinates": [ [ 2.37406392678399, 48.84824972791337 ] ] } },
{ "type": "Feature", "properties": { "id": "9261", "geo_fid": 9261, "geo_creati": 1530006283867, "geo_modifi": 1530006283867, "id_alpage": 9261, "id_num_sca": "ADO75CA_ANO556", "quartier": "Quinze-Vingts", "nom_entier": "Rue de Bercy", "id_parc": "PA9713", "num_voies": "45", "geox": 602688, "geoy": 127113, "oid": 1142314, "arrondissement": "Paris 12e Arrondissement" }, "geometry": { "type": "MultiPoint", "coordinates": [ [ 2.373134649468753, 48.844482073708335 ] ] } },
{ "type": "Feature", "properties": { "id": "9281", "geo_fid": 9281, "geo_creati": 1530006283868, "geo_modifi": 1530006283868, "id_alpage": 9281, "id_num_sca": "ADO75CA_ANO557", "quartier": "Quinze-Vingts", "nom_entier": "Rue de Charenton", "id_parc": "PA10219", "num_voies": "142", "geox": 603147, "geoy": 127293, "oid": 1142334, "arrondissement": "Paris 12e Arrondissement" }, "geometry": { "type": "MultiPoint", "coordinates": [ [ 2.379381620250355, 48.846090534063968 ] ] } },
{ "type": "Feature", "properties": { "id": "9337", "geo_fid": 9337, "geo_creati": 1530006283869, "geo_modifi": 1530006283869, "id_alpage": 9337, "id_num_sca": "ADO75CA_ANO562", "quartier": "Quinze-Vingts", "nom_entier": "Quai de la Rapée", "id_parc": "PA9317", "num_voies": "61", "geox": 602767, "geoy": 126666, "oid": 1142390, "arrondissement": "Paris 12e Arrondissement" }, "geometry": { "type": "MultiPoint", "coordinates": [ [ 2.374201207537919, 48.840462886322634 ] ] } },
{ "type": "Feature", "properties": { "id": "9338", "geo_fid": 9338, "geo_creati": 1530006283869, "geo_modifi": 1530006283869, "id_alpage": 9338, "id_num_sca": "ADO75CA_ANO562", "quartier": "Quinze-Vingts", "nom_entier": "Quai de la Rapée", "id_parc": "PA10243", "num_voies": "59ter", "geox": 602756, "geoy": 126682, "oid": 1142391, "arrondissement": "Paris 12e Arrondissement" }, "geometry": { "type": "MultiPoint", "coordinates": [ [ 2.374056902951064, 48.840606816503218 ] ] } },
{ "type": "Feature", "properties": { "id": "8706", "geo_fid": 8706, "geo_creati": 1530006283823, "geo_modifi": 1530006283823, "id_alpage": 8706, "id_num_sca": "ADO75CA_ANO538", "quartier": "Quinze-Vingts", "nom_entier": "Rue du Faubourg Saint Antoine", "id_parc": "PA9919", "num_voies": "226", "geox": 603609, "geoy": 127711, "oid": 1141759, "arrondissement": "Paris 12e Arrondissement" }, "geometry": { "type": "MultiPoint", "coordinates": [ [ 2.385680143609473, 48.849849690227451 ] ] } },
{ "type": "Feature", "properties": { "id": "8710", "geo_fid": 8710, "geo_creati": 1530006283823, "geo_modifi": 1530006283823, "id_alpage": 8710, "id_num_sca": "ADO75CA_ANO538", "quartier": "Quinze-Vingts", "nom_entier": "Rue du Faubourg Saint Antoine", "id_parc": "PA9922", "num_voies": "234", "geox": 603674, "geoy": 127695, "oid": 1141763, "arrondissement": "Paris 12e Arrondissement" }, "geometry": { "type": "MultiPoint", "coordinates": [ [ 2.386573888165333, 48.849709920192467 ] ] } },
{ "type": "Feature", "properties": { "id": "8715", "geo_fid": 8715, "geo_creati": 1530006283823, "geo_modifi": 1530006283823, "id_alpage": 8715, "id_num_sca": "ADO75CA_ANO538", "quartier": "Quinze-Vingts", "nom_entier": "Rue de Reuilly", "id_parc": "PA9916", "num_voies": "5", "geox": 603573, "geoy": 127671, "oid": 1141768, "arrondissement": "Paris 12e Arrondissement" }, "geometry": { "type": "MultiPoint", "coordinates": [ [ 2.38519606768816, 48.849493782827274 ] ] } },
{ "type": "Feature", "properties": { "id": "8716", "geo_fid": 8716, "geo_creati": 1530006283823, "geo_modifi": 1530006283823, "id_alpage": 8716, "id_num_sca": "ADO75CA_ANO538", "quartier": "Quinze-Vingts", "nom_entier": "Rue de Reuilly", "id_parc": "PA9921", "num_voies": "7", "geox": 603577, "geoy": 127666, "oid": 1141769, "arrondissement": "Paris 12e Arrondissement" }, "geometry": { "type": "MultiPoint", "coordinates": [ [ 2.385243710638032, 48.849443403549927 ] ] } },
{ "type": "Feature", "properties": { "id": "8730", "geo_fid": 8730, "geo_creati": 1530006283823, "geo_modifi": 1530006283823, "id_alpage": 8730, "id_num_sca": "ADO75CA_ANO538", "quartier": "Quinze-Vingts", "nom_entier": "Rue du Faubourg Saint Antoine", "id_parc": "PA9939", "num_voies": "258", "geox": 603846, "geoy": 127648, "oid": 1141783, "arrondissement": "Paris 12e Arrondissement" }, "geometry": { "type": "MultiPoint", "coordinates": [ [ 2.388917152003223, 48.849279031086581 ] ] } },
{ "type": "Feature", "properties": { "id": "8734", "geo_fid": 8734, "geo_creati": 1530006283823, "geo_modifi": 1530006283823, "id_alpage": 8734, "id_num_sca": "ADO75CA_ANO538", "quartier": "Quinze-Vingts", "nom_entier": "Rue du Faubourg Saint Antoine", "id_parc": "PA9948", "num_voies": "266", "geox": 603917, "geoy": 127624, "oid": 1141787, "arrondissement": "Paris 12e Arrondissement" }, "geometry": { "type": "MultiPoint", "coordinates": [ [ 2.389876206156964, 48.849067263818398 ] ] } },
{ "type": "Feature", "properties": { "id": "8738", "geo_fid": 8738, "geo_creati": 1530006283823, "geo_modifi": 1530006283823, "id_alpage": 8738, "id_num_sca": "ADO75CA_ANO538", "quartier": "Quinze-Vingts", "nom_entier": null, "id_parc": "PA9951", "num_voies": "274", "geox": 603977, "geoy": 127603, "oid": 1141791, "arrondissement": "Paris 12e Arrondissement" }, "geometry": { "type": "MultiPoint", "coordinates": [ [ 2.390693567947653, 48.848879835293062 ] ] } },
{ "type": "Feature", "properties": { "id": "8739", "geo_fid": 8739, "geo_creati": 1530006283823, "geo_modifi": 1530006283823, "id_alpage": 8739, "id_num_sca": "ADO75CA_ANO538", "quartier": "Quinze-Vingts", "nom_entier": null, "id_parc": "PA9951", "num_voies": "276", "geox": 603980, "geoy": 127602, "oid": 1141792, "arrondissement": "Paris 12e Arrondissement" }, "geometry": { "type": "MultiPoint", "coordinates": [ [ 2.390739882789244, 48.848867223779699 ] ] } },
{ "type": "Feature", "properties": { "id": "8764", "geo_fid": 8764, "geo_creati": 1530006283824, "geo_modifi": 1530006283824, "id_alpage": 8764, "id_num_sca": "ADO75CA_ANO538", "quartier": "Quinze-Vingts", "nom_entier": "Rue de Reuilly", "id_parc": "PA9968", "num_voies": "57", "geox": 603828, "geoy": 127242, "oid": 1141817, "arrondissement": "Paris 12e Arrondissement" }, "geometry": { "type": "MultiPoint", "coordinates": [ [ 2.38866265760467, 48.845630798401785 ] ] } },
{ "type": "Feature", "properties": { "id": "8773", "geo_fid": 8773, "geo_creati": 1530006283824, "geo_modifi": 1530006283824, "id_alpage": 8773, "id_num_sca": "ADO75CA_ANO538", "quartier": "Quinze-Vingts", "nom_entier": "Rue de Reuilly", "id_parc": "PA9954", "num_voies": "39", "geox": 603739, "geoy": 127358, "oid": 1141826, "arrondissement": "Paris 12e Arrondissement" }, "geometry": { "type": "MultiPoint", "coordinates": [ [ 2.387457892056496, 48.846677188515152 ] ] } },
{ "type": "Feature", "properties": { "id": "8782", "geo_fid": 8782, "geo_creati": 1530006283824, "geo_modifi": 1530006283824, "id_alpage": 8782, "id_num_sca": "ADO75CA_ANO538", "quartier": "Quinze-Vingts", "nom_entier": "Rue de Reuilly", "id_parc": "PA9924", "num_voies": "21", "geox": 603654, "geoy": 127508, "oid": 1141835, "arrondissement": "Paris 12e Arrondissement" }, "geometry": { "type": "MultiPoint", "coordinates": [ [ 2.386287439020249, 48.848026605930364 ] ] } },
{ "type": "Feature", "properties": { "id": "8810", "geo_fid": 8810, "geo_creati": 1530006283835, "geo_modifi": 1530006283835, "id_alpage": 8810, "id_num_sca": "ADO75CA_ANO539", "quartier": "Quinze-Vingts", "nom_entier": "Rue de Charenton", "id_parc": "PA9888", "num_voies": "125bis", "geox": 603496, "geoy": 127095, "oid": 1141863, "arrondissement": "Paris 12e Arrondissement" }, "geometry": { "type": "MultiPoint", "coordinates": [ [ 2.384136515603142, 48.844314415073001 ] ] } },
{ "type": "Feature", "properties": { "id": "8814", "geo_fid": 8814, "geo_creati": 1530006283835, "geo_modifi": 1530006283835, "id_alpage": 8814, "id_num_sca": "ADO75CA_ANO539", "quartier": "Quinze-Vingts", "nom_entier": "Petite Rue de Reuilly", "id_parc": "PA9891", "num_voies": "8", "geox": 603522, "geoy": 127206, "oid": 1141867, "arrondissement": "Paris 12e Arrondissement" }, "geometry": { "type": "MultiPoint", "coordinates": [ [ 2.384499882803539, 48.845312457299663 ] ] } },
{ "type": "Feature", "properties": { "id": "8817", "geo_fid": 8817, "geo_creati": 1530006283835, "geo_modifi": 1530006283835, "id_alpage": 8817, "id_num_sca": "ADO75CA_ANO539", "quartier": "Quinze-Vingts", "nom_entier": "Petite Rue de Reuilly", "id_parc": "PA9875", "num_voies": "12", "geox": 603591, "geoy": 127266, "oid": 1141870, "arrondissement": "Paris 12e Arrondissement" }, "geometry": { "type": "MultiPoint", "coordinates": [ [ 2.385435083172903, 48.84585252877762 ] ] } },
{ "type": "Feature", "properties": { "id": "8831", "geo_fid": 8831, "geo_creati": 1530006283836, "geo_modifi": 1530006283836, "id_alpage": 8831, "id_num_sca": "ADO75CA_ANO540", "quartier": "Quinze-Vingts", "nom_entier": "Rue de Reuilly", "id_parc": "PA9850", "num_voies": "20", "geox": 603574, "geoy": 127642, "oid": 1141884, "arrondissement": "Paris 12e Arrondissement" }, "geometry": { "type": "MultiPoint", "coordinates": [ [ 2.385205350023303, 48.849228493601331 ] ] } },
{ "type": "Feature", "properties": { "id": "8847", "geo_fid": 8847, "geo_creati": 1530006283836, "geo_modifi": 1530006283836, "id_alpage": 8847, "id_num_sca": "ADO75CA_ANO540", "quartier": "Quinze-Vingts", "nom_entier": "Rue Lenoir", "id_parc": "PA9794", "num_voies": "8", "geox": 603094, "geoy": 127686, "oid": 1141900, "arrondissement": "Paris 12e Arrondissement" }, "geometry": { "type": "MultiPoint", "coordinates": [ [ 2.378662430055505, 48.849627634996551 ] ] } },
{ "type": "Feature", "properties": { "id": "8865", "geo_fid": 8865, "geo_creati": 1530006283836, "geo_modifi": 1530006283836, "id_alpage": 8865, "id_num_sca": "ADO75CA_ANO540", "quartier": "Quinze-Vingts", "nom_entier": "Rue du Faubourg Saint Antoine", "id_parc": "PA9804", "num_voies": "178", "geox": 603249, "geoy": 127766, "oid": 1141918, "arrondissement": "Paris 12e Arrondissement" }, "geometry": { "type": "MultiPoint", "coordinates": [ [ 2.380771032966712, 48.850345368723382 ] ] } },
{ "type": "Feature", "properties": { "id": "8880", "geo_fid": 8880, "geo_creati": 1530006283837, "geo_modifi": 1530006283837, "id_alpage": 8880, "id_num_sca": "ADO75CA_ANO540", "quartier": "Quinze-Vingts", "nom_entier": "Rue du Faubourg Saint Antoine", "id_parc": "PA9814", "num_voies": "208", "geox": 603424, "geoy": 127747, "oid": 1141933, "arrondissement": "Paris 12e Arrondissement" }, "geometry": { "type": "MultiPoint", "coordinates": [ [ 2.383158219543821, 48.850172672225199 ] ] } },
{ "type": "Feature", "properties": { "id": "8887", "geo_fid": 8887, "geo_creati": 1530006283837, "geo_modifi": 1530006283837, "id_alpage": 8887, "id_num_sca": "ADO75CA_ANO540", "quartier": "Quinze-Vingts", "nom_entier": "Rue du Faubourg Saint Antoine", "id_parc": "PA9811", "num_voies": "222", "geox": 603501, "geoy": 127731, "oid": 1141940, "arrondissement": "Paris 12e Arrondissement" }, "geometry": { "type": "MultiPoint", "coordinates": [ [ 2.384211399768692, 48.850027460796284 ] ] } },
{ "type": "Feature", "properties": { "id": "8894", "geo_fid": 8894, "geo_creati": 1530006283837, "geo_modifi": 1530006283837, "id_alpage": 8894, "id_num_sca": "ADO75CA_ANO541", "quartier": "Quinze-Vingts", "nom_entier": "Rue d' Aligre", "id_parc": "PA9769", "num_voies": "4", "geox": 602997, "geoy": 127498, "oid": 1141947, "arrondissement": "Paris 12e Arrondissement" }, "geometry": { "type": "MultiPoint", "coordinates": [ [ 2.377343415006546, 48.847941071442456 ] ] } },
{ "type": "Feature", "properties": { "id": "8903", "geo_fid": 8903, "geo_creati": 1530006283837, "geo_modifi": 1530006283837, "id_alpage": 8903, "id_num_sca": "ADO75CA_ANO542", "quartier": "Quinze-Vingts", "nom_entier": "Rue d' Aligre", "id_parc": "PA9737", "num_voies": "5", "geox": 603025, "geoy": 127571, "oid": 1141956, "arrondissement": "Paris 12e Arrondissement" }, "geometry": { "type": "MultiPoint", "coordinates": [ [ 2.377730917892054, 48.848593806235243 ] ] } },
{ "type": "Feature", "properties": { "id": "8905", "geo_fid": 8905, "geo_creati": 1530006283837, "geo_modifi": 1530006283837, "id_alpage": 8905, "id_num_sca": "ADO75CA_ANO542", "quartier": "Quinze-Vingts", "nom_entier": "Rue d' Aligre", "id_parc": "PA9339", "num_voies": "1", "geox": 602999, "geoy": 127523, "oid": 1141958, "arrondissement": "Paris 12e Arrondissement" }, "geometry": { "type": "MultiPoint", "coordinates": [ [ 2.377372208399541, 48.848163181555428 ] ] } },
{ "type": "Feature", "properties": { "id": "8924", "geo_fid": 8924, "geo_creati": 1530006283838, "geo_modifi": 1530006283838, "id_alpage": 8924, "id_num_sca": "ADO75CA_ANO543", "quartier": "Quinze-Vingts", "nom_entier": "Rue Lenoir", "id_parc": "PA9755", "num_voies": "13", "geox": 603105, "geoy": 127723, "oid": 1141977, "arrondissement": "Paris 12e Arrondissement" }, "geometry": { "type": "MultiPoint", "coordinates": [ [ 2.378820772359009, 48.849960308147473 ] ] } },
{ "type": "Feature", "properties": { "id": "8925", "geo_fid": 8925, "geo_creati": 1530006283838, "geo_modifi": 1530006283838, "id_alpage": 8925, "id_num_sca": "ADO75CA_ANO543", "quartier": "Quinze-Vingts", "nom_entier": "Rue Lenoir", "id_parc": "PA9751", "num_voies": "9", "geox": 603093, "geoy": 127699, "oid": 1141978, "arrondissement": "Paris 12e Arrondissement" }, "geometry": { "type": "MultiPoint", "coordinates": [ [ 2.37864890049452, 48.849743646026518 ] ] } },
{ "type": "Feature", "properties": { "id": "8970", "geo_fid": 8970, "geo_creati": 1530006283839, "geo_modifi": 1530006283839, "id_alpage": 8970, "id_num_sca": "ADO75CA_ANO544", "quartier": "Quinze-Vingts", "nom_entier": "Rue Traversière", "id_parc": "PA9623", "num_voies": "32", "geox": 602813, "geoy": 127643, "oid": 1142023, "arrondissement": "Paris 12e Arrondissement" }, "geometry": { "type": "MultiPoint", "coordinates": [ [ 2.37483181234248, 48.849243173325235 ] ] } },
{ "type": "Feature", "properties": { "id": "8981", "geo_fid": 8981, "geo_creati": 1530006283839, "geo_modifi": 1530006283839, "id_alpage": 8981, "id_num_sca": "ADO75CA_ANO544", "quartier": "Quinze-Vingts", "nom_entier": "Rue Cotte", "id_parc": "PA9662", "num_voies": "19", "geox": 603068, "geoy": 127773, "oid": 1142034, "arrondissement": "Paris 12e Arrondissement" }, "geometry": { "type": "MultiPoint", "coordinates": [ [ 2.378312886083716, 48.850413725281747 ] ] } },
{ "type": "Feature", "properties": { "id": "8990", "geo_fid": 8990, "geo_creati": 1530006283839, "geo_modifi": 1530006283839, "id_alpage": 8990, "id_num_sca": "ADO75CA_ANO545", "quartier": "Quinze-Vingts", "nom_entier": "Rue du Faubourg Saint Antoine", "id_parc": "PA9574", "num_voies": "94", "geox": 602852, "geoy": 127881, "oid": 1142043, "arrondissement": "Paris 12e Arrondissement" }, "geometry": { "type": "MultiPoint", "coordinates": [ [ 2.375366237274337, 48.851386861046535 ] ] } },
{ "type": "Feature", "properties": { "id": "9001", "geo_fid": 9001, "geo_creati": 1530006283850, "geo_modifi": 1530006283850, "id_alpage": 9001, "id_num_sca": "ADO75CA_ANO545", "quartier": "Quinze-Vingts", "nom_entier": "Rue Saint Nicolas", "id_parc": "PA9560", "num_voies": "12", "geox": 602764, "geoy": 127794, "oid": 1142054, "arrondissement": "Paris 12e Arrondissement" }, "geometry": { "type": "MultiPoint", "coordinates": [ [ 2.374169234255205, 48.850606686358056 ] ] } },
{ "type": "Feature", "properties": { "id": "9005", "geo_fid": 9005, "geo_creati": 1530006283850, "geo_modifi": 1530006283850, "id_alpage": 9005, "id_num_sca": "ADO75CA_ANO545", "quartier": "Quinze-Vingts", "nom_entier": "Rue Saint Nicolas", "id_parc": "PA9583", "num_voies": "4", "geox": 602747, "geoy": 127759, "oid": 1142058, "arrondissement": "Paris 12e Arrondissement" }, "geometry": { "type": "MultiPoint", "coordinates": [ [ 2.373934624565182, 48.850289318938671 ] ] } },
{ "type": "Feature", "properties": { "id": "9006", "geo_fid": 9006, "geo_creati": 1530006283850, "geo_modifi": 1530006283850, "id_alpage": 9006, "id_num_sca": "ADO75CA_ANO545", "quartier": "Quinze-Vingts", "nom_entier": "Rue Saint Nicolas", "id_parc": "PA9584", "num_voies": "2", "geox": 602740, "geoy": 127745, "oid": 1142059, "arrondissement": "Paris 12e Arrondissement" }, "geometry": { "type": "MultiPoint", "coordinates": [ [ 2.373843236390038, 48.850165248720302 ] ] } },
{ "type": "Feature", "properties": { "id": "9015", "geo_fid": 9015, "geo_creati": 1530006283850, "geo_modifi": 1530006283850, "id_alpage": 9015, "id_num_sca": "ADO75CA_ANO545", "quartier": "Quinze-Vingts", "nom_entier": "Rue Traversière", "id_parc": "PA9590", "num_voies": "15", "geox": 602814, "geoy": 127655, "oid": 1142068, "arrondissement": "Paris 12e Arrondissement" }, "geometry": { "type": "MultiPoint", "coordinates": [ [ 2.374849608605774, 48.849351979399714 ] ] } },
{ "type": "Feature", "properties": { "id": "9027", "geo_fid": 9027, "geo_creati": 1530006283851, "geo_modifi": 1530006283851, "id_alpage": 9027, "id_num_sca": "ADO75CA_ANO545", "quartier": "Quinze-Vingts", "nom_entier": "Rue Traversière", "id_parc": "PA9565", "num_voies": "39", "geox": 602878, "geoy": 127794, "oid": 1142080, "arrondissement": "Paris 12e Arrondissement" }, "geometry": { "type": "MultiPoint", "coordinates": [ [ 2.375721284560226, 48.850599878657015 ] ] } },
{ "type": "Feature", "properties": { "id": "9032", "geo_fid": 9032, "geo_creati": 1530006283851, "geo_modifi": 1530006283851, "id_alpage": 9032, "id_num_sca": "ADO75CA_ANO545", "quartier": "Quinze-Vingts", "nom_entier": "Rue Traversière", "id_parc": "PA9558", "num_voies": "49", "geox": 602902, "geoy": 127845, "oid": 1142085, "arrondissement": "Paris 12e Arrondissement" }, "geometry": { "type": "MultiPoint", "coordinates": [ [ 2.376044592776804, 48.851061995119672 ] ] } },
{ "type": "Feature", "properties": { "id": "9056", "geo_fid": 9056, "geo_creati": 1530006283851, "geo_modifi": 1530006283851, "id_alpage": 9056, "id_num_sca": "ADO75CA_ANO546", "quartier": "Quinze-Vingts", "nom_entier": "Rue Saint Nicolas", "id_parc": "PA9615", "num_voies": "17", "geox": 602780, "geoy": 127844, "oid": 1142109, "arrondissement": "Paris 12e Arrondissement" }, "geometry": { "type": "MultiPoint", "coordinates": [ [ 2.374394400446141, 48.851047256671279 ] ] } },
{ "type": "Feature", "properties": { "id": "9089", "geo_fid": 9089, "geo_creati": 1530006283852, "geo_modifi": 1530006283852, "id_alpage": 9089, "id_num_sca": "ADO75CA_ANO548", "quartier": "Quinze-Vingts", "nom_entier": "Rue du Faubourg Saint Antoine", "id_parc": "PA9359", "num_voies": "18", "geox": 602539, "geoy": 128028, "oid": 1142142, "arrondissement": "Paris 12e Arrondissement" }, "geometry": { "type": "MultiPoint", "coordinates": [ [ 2.37110061813347, 48.852703841724349 ] ] } },
{ "type": "Feature", "properties": { "id": "9103", "geo_fid": 9103, "geo_creati": 1530006283852, "geo_modifi": 1530006283852, "id_alpage": 9103, "id_num_sca": "ADO75CA_ANO548", "quartier": "Quinze-Vingts", "nom_entier": "Rue de Charenton", "id_parc": "PA9351", "num_voies": "11", "geox": 602515, "geoy": 128021, "oid": 1142156, "arrondissement": "Paris 12e Arrondissement" }, "geometry": { "type": "MultiPoint", "coordinates": [ [ 2.370780343073188, 48.852645483608001 ] ] } },
{ "type": "Feature", "properties": { "id": "9107", "geo_fid": 9107, "geo_creati": 1530006283852, "geo_modifi": 1530006283852, "id_alpage": 9107, "id_num_sca": "ADO75CA_ANO548", "quartier": "Quinze-Vingts", "nom_entier": "Rue de Charenton", "id_parc": "PA9367", "num_voies": "19", "geox": 602537, "geoy": 127993, "oid": 1142160, "arrondissement": "Paris 12e Arrondissement" }, "geometry": { "type": "MultiPoint", "coordinates": [ [ 2.371073150991951, 48.85239090312519 ] ] } },
{ "type": "Feature", "properties": { "id": "9108", "geo_fid": 9108, "geo_creati": 1530006283852, "geo_modifi": 1530006283852, "id_alpage": 9108, "id_num_sca": "ADO75CA_ANO548", "quartier": "Quinze-Vingts", "nom_entier": "Rue de Charenton", "id_parc": "PA9366", "num_voies": "21", "geox": 602542, "geoy": 127986, "oid": 1142161, "arrondissement": "Paris 12e Arrondissement" }, "geometry": { "type": "MultiPoint", "coordinates": [ [ 2.371150781720185, 48.852327931025506 ] ] } },
{ "type": "Feature", "properties": { "id": "9110", "geo_fid": 9110, "geo_creati": 1530006283853, "geo_modifi": 1530006283853, "id_alpage": 9110, "id_num_sca": "ADO75CA_ANO548", "quartier": "Quinze-Vingts", "nom_entier": "Rue de Charenton", "id_parc": "PA9361", "num_voies": "25", "geox": 602557, "geoy": 127967, "oid": 1142163, "arrondissement": "Paris 12e Arrondissement" }, "geometry": { "type": "MultiPoint", "coordinates": [ [ 2.37134961845514, 48.852157909311309 ] ] } },
{ "type": "Feature", "properties": { "id": "9115", "geo_fid": 9115, "geo_creati": 1530006283853, "geo_modifi": 1530006283853, "id_alpage": 9115, "id_num_sca": "ADO75CA_ANO548", "quartier": "Quinze-Vingts", "nom_entier": "Rue de Charenton", "id_parc": "PA9369", "num_voies": "35", "geox": 602581, "geoy": 127935, "oid": 1142168, "arrondissement": "Paris 12e Arrondissement" }, "geometry": { "type": "MultiPoint", "coordinates": [ [ 2.371681915330381, 48.851870042385002 ] ] } },
{ "type": "Feature", "properties": { "id": "9123", "geo_fid": 9123, "geo_creati": 1530006283853, "geo_modifi": 1530006283853, "id_alpage": 9123, "id_num_sca": "ADO75CA_ANO549", "quartier": "Quinze-Vingts", "nom_entier": "Rue de Charenton", "id_parc": "PA9429", "num_voies": "4", "geox": 602484, "geoy": 128059, "oid": 1142176, "arrondissement": "Paris 12e Arrondissement" }, "geometry": { "type": "MultiPoint", "coordinates": [ [ 2.370355407999635, 48.85298823043972 ] ] } },
{ "type": "Feature", "properties": { "id": "9127", "geo_fid": 9127, "geo_creati": 1530006283853, "geo_modifi": 1530006283853, "id_alpage": 9127, "id_num_sca": "ADO75CA_ANO549", "quartier": "Quinze-Vingts", "nom_entier": "Rue de Charenton", "id_parc": "PA9427", "num_voies": "12", "geox": 602499, "geoy": 128034, "oid": 1142180, "arrondissement": "Paris 12e Arrondissement" }, "geometry": { "type": "MultiPoint", "coordinates": [ [ 2.370556940543932, 48.852766051531788 ] ] } },
{ "type": "Feature", "properties": { "id": "9148", "geo_fid": 9148, "geo_creati": 1530006283853, "geo_modifi": 1530006283853, "id_alpage": 9148, "id_num_sca": "ADO75CA_ANO550", "quartier": "Quinze-Vingts", "nom_entier": "Rue de Charenton", "id_parc": "PA9418", "num_voies": "42", "geox": 602674, "geoy": 127811, "oid": 1142201, "arrondissement": "Paris 12e Arrondissement" }, "geometry": { "type": "MultiPoint", "coordinates": [ [ 2.372938871665739, 48.850757256339158 ] ] } },
{ "type": "Feature", "properties": { "id": "9165", "geo_fid": 9165, "geo_creati": 1530006283854, "geo_modifi": 1530006283854, "id_alpage": 9165, "id_num_sca": "ADO75CA_ANO552", "quartier": "Quinze-Vingts", "nom_entier": "Rue de Bercy", "id_parc": "PA9444", "num_voies": "11", "geox": 602368, "geoy": 127433, "oid": 1142218, "arrondissement": "Paris 12e Arrondissement" }, "geometry": { "type": "MultiPoint", "coordinates": [ [ 2.368776539893017, 48.847359233716546 ] ] } },
{ "type": "Feature", "properties": { "id": "9173", "geo_fid": 9173, "geo_creati": 1530006283854, "geo_modifi": 1530006283854, "id_alpage": 9173, "id_num_sca": "ADO75CA_ANO553", "quartier": "Quinze-Vingts", "nom_entier": "Rue de Contrescarpe", "id_parc": "PA9484", "num_voies": "24", "geox": 602254, "geoy": 127477, "oid": 1142226, "arrondissement": "Paris 12e Arrondissement" }, "geometry": { "type": "MultiPoint", "coordinates": [ [ 2.367219371178916, 48.847749937588944 ] ] } },
{ "type": "Feature", "properties": { "id": "9176", "geo_fid": 9176, "geo_creati": 1530006283854, "geo_modifi": 1530006283854, "id_alpage": 9176, "id_num_sca": "ADO75CA_ANO553", "quartier": "Quinze-Vingts", "nom_entier": "Rue de Contrescarpe", "id_parc": "PA9482", "num_voies": "18", "geox": 602251, "geoy": 127460, "oid": 1142229, "arrondissement": "Paris 12e Arrondissement" }, "geometry": { "type": "MultiPoint", "coordinates": [ [ 2.367182489711906, 48.847597071009268 ] ] } },
{ "type": "Feature", "properties": { "id": "9181", "geo_fid": 9181, "geo_creati": 1530006283854, "geo_modifi": 1530006283854, "id_alpage": 9181, "id_num_sca": "ADO75CA_ANO553", "quartier": "Quinze-Vingts", "nom_entier": "Rue Moreau", "id_parc": "PA9469", "num_voies": "1", "geox": 602342, "geoy": 127323, "oid": 1142234, "arrondissement": "Paris 12e Arrondissement" }, "geometry": { "type": "MultiPoint", "coordinates": [ [ 2.368423017221953, 48.846371030805571 ] ] } },
{ "type": "Feature", "properties": { "id": "9182", "geo_fid": 9182, "geo_creati": 1530006283854, "geo_modifi": 1530006283854, "id_alpage": 9182, "id_num_sca": "ADO75CA_ANO553", "quartier": "Quinze-Vingts", "nom_entier": "Rue Moreau", "id_parc": "PA9465", "num_voies": "3", "geox": 602362, "geoy": 127326, "oid": 1142235, "arrondissement": "Paris 12e Arrondissement" }, "geometry": { "type": "MultiPoint", "coordinates": [ [ 2.368683275475515, 48.846394340456307 ] ] } },
{ "type": "Feature", "properties": { "id": "9187", "geo_fid": 9187, "geo_creati": 1530006283854, "geo_modifi": 1530006283854, "id_alpage": 9187, "id_num_sca": "ADO75CA_ANO553", "quartier": "Quinze-Vingts", "nom_entier": "Rue de Bercy", "id_parc": "PA9472", "num_voies": "34", "geox": 602403, "geoy": 127380, "oid": 1142240, "arrondissement": "Paris 12e Arrondissement" }, "geometry": { "type": "MultiPoint", "coordinates": [ [ 2.369242227361654, 48.846881590549181 ] ] } },
{ "type": "Feature", "properties": { "id": "9192", "geo_fid": 9192, "geo_creati": 1530006283854, "geo_modifi": 1530006283854, "id_alpage": 9192, "id_num_sca": "ADO75CA_ANO553", "quartier": "Quinze-Vingts", "nom_entier": "Rue de Bercy", "id_parc": "PA9468", "num_voies": "24", "geox": 602366, "geoy": 127419, "oid": 1142245, "arrondissement": "Paris 12e Arrondissement" }, "geometry": { "type": "MultiPoint", "coordinates": [ [ 2.368739667607654, 48.847227950168872 ] ] } },
{ "type": "Feature", "properties": { "id": "9225", "geo_fid": 9225, "geo_creati": 1530006283867, "geo_modifi": 1530006283867, "id_alpage": 9225, "id_num_sca": "ADO75CA_ANO555", "quartier": "Quinze-Vingts", "nom_entier": "Rue de Charenton", "id_parc": "PA9532", "num_voies": "74", "geox": 602785, "geoy": 127663, "oid": 1142278, "arrondissement": "Paris 12e Arrondissement" }, "geometry": { "type": "MultiPoint", "coordinates": [ [ 2.374451780189242, 48.849424950868141 ] ] } },
{ "type": "Feature", "properties": { "id": "9226", "geo_fid": 9226, "geo_creati": 1530006283867, "geo_modifi": 1530006283867, "id_alpage": 9226, "id_num_sca": "ADO75CA_ANO555", "quartier": "Quinze-Vingts", "nom_entier": "Rue de Charenton", "id_parc": "PA9533", "num_voies": "72", "geox": 602781, "geoy": 127669, "oid": 1142279, "arrondissement": "Paris 12e Arrondissement" }, "geometry": { "type": "MultiPoint", "coordinates": [ [ 2.37439731593215, 48.849478924948095 ] ] } },
{ "type": "Feature", "properties": { "id": "9227", "geo_fid": 9227, "geo_creati": 1530006283867, "geo_modifi": 1530006283867, "id_alpage": 9227, "id_num_sca": "ADO75CA_ANO555", "quartier": "Quinze-Vingts", "nom_entier": "Rue de Charenton", "id_parc": "PA9531", "num_voies": "70", "geox": 602777, "geoy": 127676, "oid": 1142280, "arrondissement": "Paris 12e Arrondissement" }, "geometry": { "type": "MultiPoint", "coordinates": [ [ 2.374341492966646, 48.849538295077174 ] ] } },
{ "type": "Feature", "properties": { "id": "9232", "geo_fid": 9232, "geo_creati": 1530006283867, "geo_modifi": 1530006283867, "id_alpage": 9232, "id_num_sca": "ADO75CA_ANO555", "quartier": "Quinze-Vingts", "nom_entier": "Rue de Charenton", "id_parc": "PA9521", "num_voies": "60", "geox": 602737, "geoy": 127728, "oid": 1142285, "arrondissement": "Paris 12e Arrondissement" }, "geometry": { "type": "MultiPoint", "coordinates": [ [ 2.373806332769198, 48.850012384272752 ] ] } },
{ "type": "Feature", "properties": { "id": "9239", "geo_fid": 9239, "geo_creati": 1530006283867, "geo_modifi": 1530006283867, "id_alpage": 9239, "id_num_sca": "ADO75CA_ANO555", "quartier": "Quinze-Vingts", "nom_entier": "Rue Moreau", "id_parc": "PA9516", "num_voies": "16", "geox": 602678, "geoy": 127758, "oid": 1142292, "arrondissement": "Paris 12e Arrondissement" }, "geometry": { "type": "MultiPoint", "coordinates": [ [ 2.373001210692854, 48.850280622539252 ] ] } },
{ "type": "Feature", "properties": { "id": "9270", "geo_fid": 9270, "geo_creati": 1530006283868, "geo_modifi": 1530006283868, "id_alpage": 9270, "id_num_sca": "ADO75CA_ANO557", "quartier": "Quinze-Vingts", "nom_entier": "Rue de Charenton", "id_parc": "PA10216", "num_voies": "120", "geox": 603045, "geoy": 127403, "oid": 1142323, "arrondissement": "Paris 12e Arrondissement" }, "geometry": { "type": "MultiPoint", "coordinates": [ [ 2.378002197370981, 48.84708293235181 ] ] } },
{ "type": "Feature", "properties": { "id": "9273", "geo_fid": 9273, "geo_creati": 1530006283868, "geo_modifi": 1530006283868, "id_alpage": 9273, "id_num_sca": "ADO75CA_ANO557", "quartier": "Quinze-Vingts", "nom_entier": "Rue de Charenton", "id_parc": "PA10215", "num_voies": "126", "geox": 603065, "geoy": 127380, "oid": 1142326, "arrondissement": "Paris 12e Arrondissement" }, "geometry": { "type": "MultiPoint", "coordinates": [ [ 2.378270453574366, 48.846881399245021 ] ] } },
{ "type": "Feature", "properties": { "id": "9274", "geo_fid": 9274, "geo_creati": 1530006283868, "geo_modifi": 1530006283868, "id_alpage": 9274, "id_num_sca": "ADO75CA_ANO557", "quartier": "Quinze-Vingts", "nom_entier": "Rue de Charenton", "id_parc": "PA10218", "num_voies": "128", "geox": 603075, "geoy": 127370, "oid": 1142327, "arrondissement": "Paris 12e Arrondissement" }, "geometry": { "type": "MultiPoint", "coordinates": [ [ 2.37840254151521, 48.84678602882434 ] ] } },
{ "type": "Feature", "properties": { "id": "9287", "geo_fid": 9287, "geo_creati": 1530006283868, "geo_modifi": 1530006283868, "id_alpage": 9287, "id_num_sca": "ADO75CA_ANO558", "quartier": "Quinze-Vingts", "nom_entier": "Rue de Bercy", "id_parc": "PA10208", "num_voies": "51", "geox": 602727, "geoy": 127073, "oid": 1142340, "arrondissement": "Paris 12e Arrondissement" }, "geometry": { "type": "MultiPoint", "coordinates": [ [ 2.373660300994506, 48.844119500479664 ] ] } },
{ "type": "Feature", "properties": { "id": "9290", "geo_fid": 9290, "geo_creati": 1530006283868, "geo_modifi": 1530006283868, "id_alpage": 9290, "id_num_sca": "ADO75CA_ANO559", "quartier": "Quinze-Vingts", "nom_entier": "Quai de la Rapée", "id_parc": "PA9501", "num_voies": "19", "geox": 602485, "geoy": 127038, "oid": 1142343, "arrondissement": "Paris 12e Arrondissement" }, "geometry": { "type": "MultiPoint", "coordinates": [ [ 2.37035746278445, 48.843802164605783 ] ] } },
{ "type": "Feature", "properties": { "id": "9306", "geo_fid": 9306, "geo_creati": 1530006283868, "geo_modifi": 1530006283868, "id_alpage": 9306, "id_num_sca": "ADO75CA_ANO561", "quartier": "Quinze-Vingts", "nom_entier": "Rue Villiot", "id_parc": "PA10238", "num_voies": "5", "geox": 602760, "geoy": 126736, "oid": 1142359, "arrondissement": "Paris 12e Arrondissement" }, "geometry": { "type": "MultiPoint", "coordinates": [ [ 2.374109031286322, 48.841089708753323 ] ] } },
{ "type": "Feature", "properties": { "id": "9308", "geo_fid": 9308, "geo_creati": 1530006283868, "geo_modifi": 1530006283868, "id_alpage": 9308, "id_num_sca": "ADO75CA_ANO561", "quartier": "Quinze-Vingts", "nom_entier": "Rue Villiot", "id_parc": "PA10235", "num_voies": "1", "geox": 602742, "geoy": 126719, "oid": 1142361, "arrondissement": "Paris 12e Arrondissement" }, "geometry": { "type": "MultiPoint", "coordinates": [ [ 2.373856873204339, 48.840931518077895 ] ] } },
{ "type": "Feature", "properties": { "id": "9311", "geo_fid": 9311, "geo_creati": 1530006283868, "geo_modifi": 1530006283868, "id_alpage": 9311, "id_num_sca": "ADO75CA_ANO561", "quartier": "Quinze-Vingts", "nom_entier": "Quai de la Rapée", "id_parc": "PA9316", "num_voies": "53", "geox": 602704, "geoy": 126749, "oid": 1142364, "arrondissement": "Paris 12e Arrondissement" }, "geometry": { "type": "MultiPoint", "coordinates": [ [ 2.373342091286213, 48.841205060824578 ] ] } },
{ "type": "Feature", "properties": { "id": "9319", "geo_fid": 9319, "geo_creati": 1530006283869, "geo_modifi": 1530006283869, "id_alpage": 9319, "id_num_sca": "ADO75CA_ANO561", "quartier": "Quinze-Vingts", "nom_entier": "Quai de la Rapée", "id_parc": "PA10222", "num_voies": "37", "geox": 602607, "geoy": 126888, "oid": 1142372, "arrondissement": "Paris 12e Arrondissement" }, "geometry": { "type": "MultiPoint", "coordinates": [ [ 2.372021446657015, 48.842453660659011 ] ] } },
{ "type": "Feature", "properties": { "id": "9324", "geo_fid": 9324, "geo_creati": 1530006283869, "geo_modifi": 1530006283869, "id_alpage": 9324, "id_num_sca": "ADO75CA_ANO562", "quartier": "Quinze-Vingts", "nom_entier": "Rue de Bercy", "id_parc": "PA10266", "num_voies": "56", "geox": 602961, "geoy": 126824, "oid": 1142377, "arrondissement": "Paris 12e Arrondissement" }, "geometry": { "type": "MultiPoint", "coordinates": [ [ 2.376853506774752, 48.841878349793774 ] ] } },
{ "type": "Feature", "properties": { "id": "9326", "geo_fid": 9326, "geo_creati": 1530006283869, "geo_modifi": 1530006283869, "id_alpage": 9326, "id_num_sca": "ADO75CA_ANO562", "quartier": "Quinze-Vingts", "nom_entier": "Rue de Bercy", "id_parc": "PA10250", "num_voies": "60", "geox": 602980, "geoy": 126805, "oid": 1142379, "arrondissement": "Paris 12e Arrondissement" }, "geometry": { "type": "MultiPoint", "coordinates": [ [ 2.377098603231945, 48.841707402745456 ] ] } },
{ "type": "Feature", "properties": { "id": "9330", "geo_fid": 9330, "geo_creati": 1530006283869, "geo_modifi": 1530006283869, "id_alpage": 9330, "id_num_sca": "ADO75CA_ANO562", "quartier": "Quinze-Vingts", "nom_entier": "Quai de la Rapée", "id_parc": "PA10257", "num_voies": "75", "geox": 602863, "geoy": 126532, "oid": 1142383, "arrondissement": "Paris 12e Arrondissement" }, "geometry": { "type": "MultiPoint", "coordinates": [ [ 2.375514965451113, 48.839256529391058 ] ] } },
{ "type": "Feature", "properties": { "id": "9334", "geo_fid": 9334, "geo_creati": 1530006283869, "geo_modifi": 1530006283869, "id_alpage": 9334, "id_num_sca": "ADO75CA_ANO562", "quartier": "Quinze-Vingts", "nom_entier": "Quai de la Rapée", "id_parc": "PA10244", "num_voies": "67", "geox": 602810, "geoy": 126606, "oid": 1142387, "arrondissement": "Paris 12e Arrondissement" }, "geometry": { "type": "MultiPoint", "coordinates": [ [ 2.374787976422298, 48.839916836612403 ] ] } },
{ "type": "Feature", "properties": { "id": "9339", "geo_fid": 9339, "geo_creati": 1530006283869, "geo_modifi": 1530006283869, "id_alpage": 9339, "id_num_sca": "ADO75CA_ANO562", "quartier": "Quinze-Vingts", "nom_entier": "Quai de la Rapée", "id_parc": "PA10241", "num_voies": "59bis", "geox": 602748, "geoy": 126692, "oid": 1142392, "arrondissement": "Paris 12e Arrondissement" }, "geometry": { "type": "MultiPoint", "coordinates": [ [ 2.373947977501837, 48.84069408098663 ] ] } },
{ "type": "Feature", "properties": { "id": "8707", "geo_fid": 8707, "geo_creati": 1530006283823, "geo_modifi": 1530006283823, "id_alpage": 8707, "id_num_sca": "ADO75CA_ANO538", "quartier": "Quinze-Vingts", "nom_entier": "Rue du Faubourg Saint Antoine", "id_parc": "PA9918", "num_voies": "228", "geox": 603622, "geoy": 127708, "oid": 1141760, "arrondissement": "Paris 12e Arrondissement" }, "geometry": { "type": "MultiPoint", "coordinates": [ [ 2.385853168136137, 48.849819940674081 ] ] } },
{ "type": "Feature", "properties": { "id": "8720", "geo_fid": 8720, "geo_creati": 1530006283823, "geo_modifi": 1530006283823, "id_alpage": 8720, "id_num_sca": "ADO75CA_ANO538", "quartier": "Quinze-Vingts", "nom_entier": "Rue de Reuilly", "id_parc": "PA9928", "num_voies": "15", "geox": 603614, "geoy": 127589, "oid": 1141773, "arrondissement": "Paris 12e Arrondissement" }, "geometry": { "type": "MultiPoint", "coordinates": [ [ 2.385749927768835, 48.848750749847191 ] ] } },
{ "type": "Feature", "properties": { "id": "8769", "geo_fid": 8769, "geo_creati": 1530006283824, "geo_modifi": 1530006283824, "id_alpage": 8769, "id_num_sca": "ADO75CA_ANO538", "quartier": "Quinze-Vingts", "nom_entier": "Rue de Reuilly", "id_parc": "PA9975", "num_voies": "47", "geox": 603789, "geoy": 127293, "oid": 1141822, "arrondissement": "Paris 12e Arrondissement" }, "geometry": { "type": "MultiPoint", "coordinates": [ [ 2.388131748832799, 48.846090564503761 ] ] } },
{ "type": "Feature", "properties": { "id": "8779", "geo_fid": 8779, "geo_creati": 1530006283824, "geo_modifi": 1530006283824, "id_alpage": 8779, "id_num_sca": "ADO75CA_ANO538", "quartier": "Quinze-Vingts", "nom_entier": "Rue de Reuilly", "id_parc": "PA9937", "num_voies": "27", "geox": 603684, "geoy": 127454, "oid": 1141832, "arrondissement": "Paris 12e Arrondissement" }, "geometry": { "type": "MultiPoint", "coordinates": [ [ 2.386702540745967, 48.847539920483307 ] ] } },
{ "type": "Feature", "properties": { "id": "8786", "geo_fid": 8786, "geo_creati": 1530006283824, "geo_modifi": 1530006283824, "id_alpage": 8786, "id_num_sca": "ADO75CA_ANO539", "quartier": "Quinze-Vingts", "nom_entier": "Rue de Reuilly", "id_parc": "PA9894", "num_voies": "38", "geox": 603808, "geoy": 127245, "oid": 1141839, "arrondissement": "Paris 12e Arrondissement" }, "geometry": { "type": "MultiPoint", "coordinates": [ [ 2.388390181363794, 48.845656100473867 ] ] } },
{ "type": "Feature", "properties": { "id": "8844", "geo_fid": 8844, "geo_creati": 1530006283836, "geo_modifi": 1530006283836, "id_alpage": 8844, "id_num_sca": "ADO75CA_ANO540", "quartier": "Quinze-Vingts", "nom_entier": "Rue Lenoir", "id_parc": "PA9792", "num_voies": "2", "geox": 603077, "geoy": 127653, "oid": 1141897, "arrondissement": "Paris 12e Arrondissement" }, "geometry": { "type": "MultiPoint", "coordinates": [ [ 2.378427812702222, 48.84933006080049 ] ] } },
{ "type": "Feature", "properties": { "id": "8850", "geo_fid": 8850, "geo_creati": 1530006283836, "geo_modifi": 1530006283836, "id_alpage": 8850, "id_num_sca": "ADO75CA_ANO540", "quartier": "Quinze-Vingts", "nom_entier": "Rue Lenoir", "id_parc": "PA9795", "num_voies": "14", "geox": 603110, "geoy": 127717, "oid": 1141903, "arrondissement": "Paris 12e Arrondissement" }, "geometry": { "type": "MultiPoint", "coordinates": [ [ 2.378882046235367, 48.849907228743014 ] ] } },
{ "type": "Feature", "properties": { "id": "8851", "geo_fid": 8851, "geo_creati": 1530006283836, "geo_modifi": 1530006283836, "id_alpage": 8851, "id_num_sca": "ADO75CA_ANO540", "quartier": "Quinze-Vingts", "nom_entier": "Rue Lenoir", "id_parc": "PA9796", "num_voies": "16", "geox": 603121, "geoy": 127737, "oid": 1141904, "arrondissement": "Paris 12e Arrondissement" }, "geometry": { "type": "MultiPoint", "coordinates": [ [ 2.37903344690208, 48.85008433003356 ] ] } },
{ "type": "Feature", "properties": { "id": "8852", "geo_fid": 8852, "geo_creati": 1530006283836, "geo_modifi": 1530006283836, "id_alpage": 8852, "id_num_sca": "ADO75CA_ANO540", "quartier": "Quinze-Vingts", "nom_entier": "Rue Lenoir", "id_parc": "PA9798", "num_voies": "18", "geox": 603128, "geoy": 127749, "oid": 1141905, "arrondissement": "Paris 12e Arrondissement" }, "geometry": { "type": "MultiPoint", "coordinates": [ [ 2.379122111997354, 48.850195807289474 ] ] } },
{ "type": "Feature", "properties": { "id": "8854", "geo_fid": 8854, "geo_creati": 1530006283836, "geo_modifi": 1530006283836, "id_alpage": 8854, "id_num_sca": "ADO75CA_ANO540", "quartier": "Quinze-Vingts", "nom_entier": "Rue du Faubourg Saint Antoine", "id_parc": "PA9800", "num_voies": "156", "geox": 603161, "geoy": 127779, "oid": 1141907, "arrondissement": "Paris 12e Arrondissement" }, "geometry": { "type": "MultiPoint", "coordinates": [ [ 2.379574733834681, 48.850461824878053 ] ] } },
{ "type": "Feature", "properties": { "id": "8868", "geo_fid": 8868, "geo_creati": 1530006283837, "geo_modifi": 1530006283837, "id_alpage": 8868, "id_num_sca": "ADO75CA_ANO540", "quartier": "Quinze-Vingts", "nom_entier": "Rue du Faubourg Saint Antoine", "id_parc": "PA9838", "num_voies": "184", "geox": 603281, "geoy": 127762, "oid": 1141921, "arrondissement": "Paris 12e Arrondissement" }, "geometry": { "type": "MultiPoint", "coordinates": [ [ 2.381208411770347, 48.850312827256026 ] ] } },
{ "type": "Feature", "properties": { "id": "8882", "geo_fid": 8882, "geo_creati": 1530006283837, "geo_modifi": 1530006283837, "id_alpage": 8882, "id_num_sca": "ADO75CA_ANO540", "quartier": "Quinze-Vingts", "nom_entier": "Rue du Faubourg Saint Antoine", "id_parc": "PA9815", "num_voies": "212", "geox": 603449, "geoy": 127742, "oid": 1141935, "arrondissement": "Paris 12e Arrondissement" }, "geometry": { "type": "MultiPoint", "coordinates": [ [ 2.383507015662913, 48.850131164833947 ] ] } },
{ "type": "Feature", "properties": { "id": "8886", "geo_fid": 8886, "geo_creati": 1530006283837, "geo_modifi": 1530006283837, "id_alpage": 8886, "id_num_sca": "ADO75CA_ANO540", "quartier": "Quinze-Vingts", "nom_entier": "Rue du Faubourg Saint Antoine", "id_parc": "PA9812", "num_voies": "220", "geox": 603488, "geoy": 127733, "oid": 1141939, "arrondissement": "Paris 12e Arrondissement" }, "geometry": { "type": "MultiPoint", "coordinates": [ [ 2.38404109202847, 48.85005001256863 ] ] } },
{ "type": "Feature", "properties": { "id": "8890", "geo_fid": 8890, "geo_creati": 1530006283837, "geo_modifi": 1530006283837, "id_alpage": 8890, "id_num_sca": "ADO75CA_ANO541", "quartier": "Quinze-Vingts", "nom_entier": "Rue de Charenton", "id_parc": "PA9766", "num_voies": "109", "geox": 603038, "geoy": 127424, "oid": 1141943, "arrondissement": "Paris 12e Arrondissement" }, "geometry": { "type": "MultiPoint", "coordinates": [ [ 2.377896073614917, 48.847272716642486 ] ] } },
{ "type": "Feature", "properties": { "id": "8902", "geo_fid": 8902, "geo_creati": 1530006283837, "geo_modifi": 1530006283837, "id_alpage": 8902, "id_num_sca": "ADO75CA_ANO541", "quartier": "Quinze-Vingts", "nom_entier": "Rue Beauveau", "id_parc": "PA9776", "num_voies": "3", "geox": 603107, "geoy": 127470, "oid": 1141955, "arrondissement": "Paris 12e Arrondissement" }, "geometry": { "type": "MultiPoint", "coordinates": [ [ 2.378840673260012, 48.847688739235686 ] ] } },
{ "type": "Feature", "properties": { "id": "8909", "geo_fid": 8909, "geo_creati": 1530006283837, "geo_modifi": 1530006283837, "id_alpage": 8909, "id_num_sca": "ADO75CA_ANO542", "quartier": "Quinze-Vingts", "nom_entier": "Rue Trouvée", "id_parc": "PA9339", "num_voies": "6", "geox": 602970, "geoy": 127551, "oid": 1141962, "arrondissement": "Paris 12e Arrondissement" }, "geometry": { "type": "MultiPoint", "coordinates": [ [ 2.376977261424246, 48.848415115983066 ] ] } },
{ "type": "Feature", "properties": { "id": "8912", "geo_fid": 8912, "geo_creati": 1530006283837, "geo_modifi": 1530006283837, "id_alpage": 8912, "id_num_sca": "ADO75CA_ANO543", "quartier": "Quinze-Vingts", "nom_entier": "Rue du Faubourg Saint Antoine", "id_parc": "PA9764", "num_voies": "150", "geox": 603114, "geoy": 127786, "oid": 1141965, "arrondissement": "Paris 12e Arrondissement" }, "geometry": { "type": "MultiPoint", "coordinates": [ [ 2.378945249259559, 48.850529502068163 ] ] } },
{ "type": "Feature", "properties": { "id": "8918", "geo_fid": 8918, "geo_creati": 1530006283838, "geo_modifi": 1530006283838, "id_alpage": 8918, "id_num_sca": "ADO75CA_ANO543", "quartier": "Quinze-Vingts", "nom_entier": "Rue Cotte", "id_parc": "PA9759", "num_voies": "14", "geox": 603074, "geoy": 127775, "oid": 1141971, "arrondissement": "Paris 12e Arrondissement" }, "geometry": { "type": "MultiPoint", "coordinates": [ [ 2.378398747416698, 48.850431679793587 ] ] } },
{ "type": "Feature", "properties": { "id": "8922", "geo_fid": 8922, "geo_creati": 1530006283838, "geo_modifi": 1530006283838, "id_alpage": 8922, "id_num_sca": "ADO75CA_ANO543", "quartier": "Quinze-Vingts", "nom_entier": "Rue Lenoir", "id_parc": "PA9755", "num_voies": "15", "geox": 603110, "geoy": 127731, "oid": 1141975, "arrondissement": "Paris 12e Arrondissement" }, "geometry": { "type": "MultiPoint", "coordinates": [ [ 2.37888351509483, 48.850034025595093 ] ] } },
{ "type": "Feature", "properties": { "id": "8929", "geo_fid": 8929, "geo_creati": 1530006283838, "geo_modifi": 1530006283838, "id_alpage": 8929, "id_num_sca": "ADO75CA_ANO543", "quartier": "Quinze-Vingts", "nom_entier": "Rue Lenoir", "id_parc": "PA9747", "num_voies": "1", "geox": 603066, "geoy": 127649, "oid": 1141982, "arrondissement": "Paris 12e Arrondissement" }, "geometry": { "type": "MultiPoint", "coordinates": [ [ 2.378283349818721, 48.849298638318857 ] ] } },
{ "type": "Feature", "properties": { "id": "8938", "geo_fid": 8938, "geo_creati": 1530006283838, "geo_modifi": 1530006283838, "id_alpage": 8938, "id_num_sca": "ADO75CA_ANO544", "quartier": "Quinze-Vingts", "nom_entier": "Rue du Faubourg Saint Antoine", "id_parc": "PA9669", "num_voies": "134", "geox": 603049, "geoy": 127809, "oid": 1141991, "arrondissement": "Paris 12e Arrondissement" }, "geometry": { "type": "MultiPoint", "coordinates": [ [ 2.378058334952982, 48.850733957534949 ] ] } },
{ "type": "Feature", "properties": { "id": "8939", "geo_fid": 8939, "geo_creati": 1530006283838, "geo_modifi": 1530006283838, "id_alpage": 8939, "id_num_sca": "ADO75CA_ANO544", "quartier": "Quinze-Vingts", "nom_entier": "Rue du Faubourg Saint Antoine", "id_parc": "PA9665", "num_voies": "132", "geox": 603038, "geoy": 127813, "oid": 1141992, "arrondissement": "Paris 12e Arrondissement" }, "geometry": { "type": "MultiPoint", "coordinates": [ [ 2.377901663965294, 48.850775379987155 ] ] } },
{ "type": "Feature", "properties": { "id": "8947", "geo_fid": 8947, "geo_creati": 1530006283838, "geo_modifi": 1530006283838, "id_alpage": 8947, "id_num_sca": "ADO75CA_ANO544", "quartier": "Quinze-Vingts", "nom_entier": "Rue du Faubourg Saint Antoine", "id_parc": "PA9649", "num_voies": "122", "geox": 602971, "geoy": 127838, "oid": 1142000, "arrondissement": "Paris 12e Arrondissement" }, "geometry": { "type": "MultiPoint", "coordinates": [ [ 2.376994318383506, 48.851001416998514 ] ] } },
{ "type": "Feature", "properties": { "id": "8952", "geo_fid": 8952, "geo_creati": 1530006283838, "geo_modifi": 1530006283838, "id_alpage": 8952, "id_num_sca": "ADO75CA_ANO544", "quartier": "Quinze-Vingts", "nom_entier": "Rue Traversière", "id_parc": "PA9640", "num_voies": "68", "geox": 602896, "geoy": 127823, "oid": 1142005, "arrondissement": "Paris 12e Arrondissement" }, "geometry": { "type": "MultiPoint", "coordinates": [ [ 2.375965400866546, 48.850859685761797 ] ] } },
{ "type": "Feature", "properties": { "id": "8954", "geo_fid": 8954, "geo_creati": 1530006283838, "geo_modifi": 1530006283838, "id_alpage": 8954, "id_num_sca": "ADO75CA_ANO544", "quartier": "Quinze-Vingts", "nom_entier": "Rue Traversière", "id_parc": "PA9641", "num_voies": "64", "geox": 602889, "geoy": 127807, "oid": 1142007, "arrondissement": "Paris 12e Arrondissement" }, "geometry": { "type": "MultiPoint", "coordinates": [ [ 2.375867182839345, 48.8507221303935 ] ] } },
{ "type": "Feature", "properties": { "id": "8955", "geo_fid": 8955, "geo_creati": 1530006283838, "geo_modifi": 1530006283838, "id_alpage": 8955, "id_num_sca": "ADO75CA_ANO544", "quartier": "Quinze-Vingts", "nom_entier": "Rue Traversière", "id_parc": "PA9638", "num_voies": "62", "geox": 602884, "geoy": 127798, "oid": 1142008, "arrondissement": "Paris 12e Arrondissement" }, "geometry": { "type": "MultiPoint", "coordinates": [ [ 2.37581124927227, 48.850638516992539 ] ] } },
{ "type": "Feature", "properties": { "id": "8956", "geo_fid": 8956, "geo_creati": 1530006283838, "geo_modifi": 1530006283838, "id_alpage": 8956, "id_num_sca": "ADO75CA_ANO544", "quartier": "Quinze-Vingts", "nom_entier": "Rue Traversière", "id_parc": "PA9637", "num_voies": "60", "geox": 602880, "geoy": 127788, "oid": 1142009, "arrondissement": "Paris 12e Arrondissement" }, "geometry": { "type": "MultiPoint", "coordinates": [ [ 2.375748499877398, 48.850551308775543 ] ] } },
{ "type": "Feature", "properties": { "id": "8957", "geo_fid": 8957, "geo_creati": 1530006283838, "geo_modifi": 1530006283838, "id_alpage": 8957, "id_num_sca": "ADO75CA_ANO544", "quartier": "Quinze-Vingts", "nom_entier": "Rue Traversière", "id_parc": "PA9635", "num_voies": "58", "geox": 602876, "geoy": 127781, "oid": 1142010, "arrondissement": "Paris 12e Arrondissement" }, "geometry": { "type": "MultiPoint", "coordinates": [ [ 2.375700753696303, 48.850482080913842 ] ] } },
{ "type": "Feature", "properties": { "id": "8969", "geo_fid": 8969, "geo_creati": 1530006283839, "geo_modifi": 1530006283839, "id_alpage": 8969, "id_num_sca": "ADO75CA_ANO544", "quartier": "Quinze-Vingts", "nom_entier": "Rue Traversière", "id_parc": "PA9624", "num_voies": "34", "geox": 602819, "geoy": 127656, "oid": 1142022, "arrondissement": "Paris 12e Arrondissement" }, "geometry": { "type": "MultiPoint", "coordinates": [ [ 2.374917749473164, 48.849365446005528 ] ] } },
{ "type": "Feature", "properties": { "id": "8980", "geo_fid": 8980, "geo_creati": 1530006283839, "geo_modifi": 1530006283839, "id_alpage": 8980, "id_num_sca": "ADO75CA_ANO544", "quartier": "Quinze-Vingts", "nom_entier": "Rue Cotte", "id_parc": "PA9663", "num_voies": "17", "geox": 603064, "geoy": 127765, "oid": 1142033, "arrondissement": "Paris 12e Arrondissement" }, "geometry": { "type": "MultiPoint", "coordinates": [ [ 2.37825150264468, 48.85033551067032 ] ] } },
{ "type": "Feature", "properties": { "id": "8983", "geo_fid": 8983, "geo_creati": 1530006283839, "geo_modifi": 1530006283839, "id_alpage": 8983, "id_num_sca": "ADO75CA_ANO545", "quartier": "Quinze-Vingts", "nom_entier": "Rue du Faubourg Saint Antoine", "id_parc": "PA9558", "num_voies": "108", "geox": 602896, "geoy": 127866, "oid": 1142036, "arrondissement": "Paris 12e Arrondissement" }, "geometry": { "type": "MultiPoint", "coordinates": [ [ 2.375972515474624, 48.85124637041816 ] ] } },
{ "type": "Feature", "properties": { "id": "8987", "geo_fid": 8987, "geo_creati": 1530006283839, "geo_modifi": 1530006283839, "id_alpage": 8987, "id_num_sca": "ADO75CA_ANO545", "quartier": "Quinze-Vingts", "nom_entier": "Rue du Faubourg Saint Antoine", "id_parc": "PA9579", "num_voies": "100", "geox": 602870, "geoy": 127875, "oid": 1142040, "arrondissement": "Paris 12e Arrondissement" }, "geometry": { "type": "MultiPoint", "coordinates": [ [ 2.375616923162552, 48.851328324325088 ] ] } },
{ "type": "Feature", "properties": { "id": "8989", "geo_fid": 8989, "geo_creati": 1530006283839, "geo_modifi": 1530006283839, "id_alpage": 8989, "id_num_sca": "ADO75CA_ANO545", "quartier": "Quinze-Vingts", "nom_entier": "Rue du Faubourg Saint Antoine", "id_parc": "PA9573", "num_voies": "96", "geox": 602857, "geoy": 127880, "oid": 1142042, "arrondissement": "Paris 12e Arrondissement" }, "geometry": { "type": "MultiPoint", "coordinates": [ [ 2.375437083601462, 48.8513706504555 ] ] } },
{ "type": "Feature", "properties": { "id": "9016", "geo_fid": 9016, "geo_creati": 1530006283850, "geo_modifi": 1530006283850, "id_alpage": 9016, "id_num_sca": "ADO75CA_ANO545", "quartier": "Quinze-Vingts", "nom_entier": "Rue Traversière", "id_parc": "PA9591", "num_voies": "17", "geox": 602821, "geoy": 127671, "oid": 1142069, "arrondissement": "Paris 12e Arrondissement" }, "geometry": { "type": "MultiPoint", "coordinates": [ [ 2.374947823840897, 48.849493132727211 ] ] } },
{ "type": "Feature", "properties": { "id": "9018", "geo_fid": 9018, "geo_creati": 1530006283851, "geo_modifi": 1530006283851, "id_alpage": 9018, "id_num_sca": "ADO75CA_ANO545", "quartier": "Quinze-Vingts", "nom_entier": "Rue Traversière", "id_parc": "PA9592", "num_voies": "21", "geox": 602838, "geoy": 127708, "oid": 1142071, "arrondissement": "Paris 12e Arrondissement" }, "geometry": { "type": "MultiPoint", "coordinates": [ [ 2.375174273528975, 48.849827586945146 ] ] } },
{ "type": "Feature", "properties": { "id": "9024", "geo_fid": 9024, "geo_creati": 1530006283851, "geo_modifi": 1530006283851, "id_alpage": 9024, "id_num_sca": "ADO75CA_ANO545", "quartier": "Quinze-Vingts", "nom_entier": "Rue Traversière", "id_parc": "PA9561", "num_voies": "33", "geox": 602867, "geoy": 127772, "oid": 1142077, "arrondissement": "Paris 12e Arrondissement" }, "geometry": { "type": "MultiPoint", "coordinates": [ [ 2.375578054019613, 48.85040208697005 ] ] } },
{ "type": "Feature", "properties": { "id": "9036", "geo_fid": 9036, "geo_creati": 1530006283851, "geo_modifi": 1530006283851, "id_alpage": 9036, "id_num_sca": "ADO75CA_ANO546", "quartier": "Quinze-Vingts", "nom_entier": "Rue du Faubourg Saint Antoine", "id_parc": "PA9622", "num_voies": "80", "geox": 602762, "geoy": 127915, "oid": 1142089, "arrondissement": "Paris 12e Arrondissement" }, "geometry": { "type": "MultiPoint", "coordinates": [ [ 2.374148239257452, 48.851693913298618 ] ] } },
{ "type": "Feature", "properties": { "id": "9049", "geo_fid": 9049, "geo_creati": 1530006283851, "geo_modifi": 1530006283851, "id_alpage": 9049, "id_num_sca": "ADO75CA_ANO546", "quartier": "Quinze-Vingts", "nom_entier": "Rue Saint Nicolas", "id_parc": "PA9342", "num_voies": "3", "geox": 602747, "geoy": 127768, "oid": 1142102, "arrondissement": "Paris 12e Arrondissement" }, "geometry": { "type": "MultiPoint", "coordinates": [ [ 2.373934683654395, 48.850369354148228 ] ] } },
{ "type": "Feature", "properties": { "id": "9082", "geo_fid": 9082, "geo_creati": 1530006283852, "geo_modifi": 1530006283852, "id_alpage": 9082, "id_num_sca": "ADO75CA_ANO548", "quartier": "Quinze-Vingts", "nom_entier": "Rue du Faubourg Saint Antoine", "id_parc": "PA9360", "num_voies": "32", "geox": 602586, "geoy": 127993, "oid": 1142135, "arrondissement": "Paris 12e Arrondissement" }, "geometry": { "type": "MultiPoint", "coordinates": [ [ 2.371738146086368, 48.852389804762723 ] ] } },
{ "type": "Feature", "properties": { "id": "9087", "geo_fid": 9087, "geo_creati": 1530006283852, "geo_modifi": 1530006283852, "id_alpage": 9087, "id_num_sca": "ADO75CA_ANO548", "quartier": "Quinze-Vingts", "nom_entier": "Rue du Faubourg Saint Antoine", "id_parc": "PA9358", "num_voies": "22", "geox": 602548, "geoy": 128020, "oid": 1142140, "arrondissement": "Paris 12e Arrondissement" }, "geometry": { "type": "MultiPoint", "coordinates": [ [ 2.3712218533519, 48.852637259540657 ] ] } },
{ "type": "Feature", "properties": { "id": "9092", "geo_fid": 9092, "geo_creati": 1530006283852, "geo_modifi": 1530006283852, "id_alpage": 9092, "id_num_sca": "ADO75CA_ANO548", "quartier": "Quinze-Vingts", "nom_entier": "Rue du Faubourg Saint Antoine", "id_parc": "PA9353", "num_voies": "12", "geox": 602526, "geoy": 128039, "oid": 1142145, "arrondissement": "Paris 12e Arrondissement" }, "geometry": { "type": "MultiPoint", "coordinates": [ [ 2.370923533563686, 48.852802814078927 ] ] } },
{ "type": "Feature", "properties": { "id": "9095", "geo_fid": 9095, "geo_creati": 1530006283852, "geo_modifi": 1530006283852, "id_alpage": 9095, "id_num_sca": "ADO75CA_ANO548", "quartier": "Quinze-Vingts", "nom_entier": "Rue du Faubourg Saint Antoine", "id_parc": "PA9349", "num_voies": "6", "geox": 602514, "geoy": 128050, "oid": 1142148, "arrondissement": "Paris 12e Arrondissement" }, "geometry": { "type": "MultiPoint", "coordinates": [ [ 2.370757352396161, 48.852905380046053 ] ] } },
{ "type": "Feature", "properties": { "id": "9100", "geo_fid": 9100, "geo_creati": 1530006283852, "geo_modifi": 1530006283852, "id_alpage": 9100, "id_num_sca": "ADO75CA_ANO548", "quartier": "Quinze-Vingts", "nom_entier": "Rue de Charenton", "id_parc": "PA9350", "num_voies": "5", "geox": 602506, "geoy": 128035, "oid": 1142153, "arrondissement": "Paris 12e Arrondissement" }, "geometry": { "type": "MultiPoint", "coordinates": [ [ 2.370660509861402, 48.852771416881239 ] ] } },
{ "type": "Feature", "properties": { "id": "9117", "geo_fid": 9117, "geo_creati": 1530006283853, "geo_modifi": 1530006283853, "id_alpage": 9117, "id_num_sca": "ADO75CA_ANO548", "quartier": "Quinze-Vingts", "nom_entier": "Rue de Charenton", "id_parc": "PA9371", "num_voies": "39", "geox": 602592, "geoy": 127921, "oid": 1142170, "arrondissement": "Paris 12e Arrondissement" }, "geometry": { "type": "MultiPoint", "coordinates": [ [ 2.371824910567796, 48.851745899568058 ] ] } },
{ "type": "Feature", "properties": { "id": "9141", "geo_fid": 9141, "geo_creati": 1530006283853, "geo_modifi": 1530006283853, "id_alpage": 9141, "id_num_sca": "ADO75CA_ANO550", "quartier": "Quinze-Vingts", "nom_entier": "Rue de Charenton", "id_parc": "PA9404", "num_voies": "26", "geox": 602558, "geoy": 127958, "oid": 1142194, "arrondissement": "Paris 12e Arrondissement" }, "geometry": { "type": "MultiPoint", "coordinates": [ [ 2.371359101102918, 48.852076072701728 ] ] } },
{ "type": "Feature", "properties": { "id": "9154", "geo_fid": 9154, "geo_creati": 1530006283854, "geo_modifi": 1530006283854, "id_alpage": 9154, "id_num_sca": "ADO75CA_ANO552", "quartier": "Quinze-Vingts", "nom_entier": "Rue de la Contrescarpe", "id_parc": "PA9307", "num_voies": "44", "geox": 602280, "geoy": 127619, "oid": 1142207, "arrondissement": "Paris 12e Arrondissement" }, "geometry": { "type": "MultiPoint", "coordinates": [ [ 2.367578510176428, 48.849033104031953 ] ] } },
{ "type": "Feature", "properties": { "id": "9159", "geo_fid": 9159, "geo_creati": 1530006283854, "geo_modifi": 1530006283854, "id_alpage": 9159, "id_num_sca": "ADO75CA_ANO552", "quartier": "Quinze-Vingts", "nom_entier": "Rue de la Contrescarpe", "id_parc": "PA9458", "num_voies": "34", "geox": 602267, "geoy": 127553, "oid": 1142212, "arrondissement": "Paris 12e Arrondissement" }, "geometry": { "type": "MultiPoint", "coordinates": [ [ 2.367394196316234, 48.848436036172224 ] ] } },
{ "type": "Feature", "properties": { "id": "9167", "geo_fid": 9167, "geo_creati": 1530006283854, "geo_modifi": 1530006283854, "id_alpage": 9167, "id_num_sca": "ADO75CA_ANO552", "quartier": "Quinze-Vingts", "nom_entier": "Rue Moreau", "id_parc": "PA9449", "num_voies": "9", "geox": 602539, "geoy": 127500, "oid": 1142220, "arrondissement": "Paris 12e Arrondissement" }, "geometry": { "type": "MultiPoint", "coordinates": [ [ 2.371102834903922, 48.847957482315607 ] ] } },
{ "type": "Feature", "properties": { "id": "9188", "geo_fid": 9188, "geo_creati": 1530006283854, "geo_modifi": 1530006283854, "id_alpage": 9188, "id_num_sca": "ADO75CA_ANO553", "quartier": "Quinze-Vingts", "nom_entier": "Rue de Bercy", "id_parc": "PA9475", "num_voies": "32", "geox": 602397, "geoy": 127386, "oid": 1142241, "arrondissement": "Paris 12e Arrondissement" }, "geometry": { "type": "MultiPoint", "coordinates": [ [ 2.369161869538912, 48.846931972298513 ] ] } },
{ "type": "Feature", "properties": { "id": "9196", "geo_fid": 9196, "geo_creati": 1530006283854, "geo_modifi": 1530006283854, "id_alpage": 9196, "id_num_sca": "ADO75CA_ANO553", "quartier": "Quinze-Vingts", "nom_entier": "Rue de Bercy", "id_parc": "PA9308", "num_voies": "16", "geox": 602329, "geoy": 127457, "oid": 1142249, "arrondissement": "Paris 12e Arrondissement" }, "geometry": { "type": "MultiPoint", "coordinates": [ [ 2.368243910869134, 48.847569809367968 ] ] } },
{ "type": "Feature", "properties": { "id": "9213", "geo_fid": 9213, "geo_creati": 1530006283866, "geo_modifi": 1530006283866, "id_alpage": 9213, "id_num_sca": "ADO75CA_ANO554", "quartier": "Quinze-Vingts", "nom_entier": "Rue de Bercy", "id_parc": "PA9497", "num_voies": "36", "geox": 602420, "geoy": 127364, "oid": 1142266, "arrondissement": "Paris 12e Arrondissement" }, "geometry": { "type": "MultiPoint", "coordinates": [ [ 2.369486027852218, 48.846734940551954 ] ] } },
{ "type": "Feature", "properties": { "id": "9231", "geo_fid": 9231, "geo_creati": 1530006283867, "geo_modifi": 1530006283867, "id_alpage": 9231, "id_num_sca": "ADO75CA_ANO555", "quartier": "Quinze-Vingts", "nom_entier": "Rue de Charenton", "id_parc": "PA9523", "num_voies": "62", "geox": 602746, "geoy": 127717, "oid": 1142284, "arrondissement": "Paris 12e Arrondissement" }, "geometry": { "type": "MultiPoint", "coordinates": [ [ 2.373920720765247, 48.849913427617764 ] ] } },
{ "type": "Feature", "properties": { "id": "9236", "geo_fid": 9236, "geo_creati": 1530006283867, "geo_modifi": 1530006283867, "id_alpage": 9236, "id_num_sca": "ADO75CA_ANO555", "quartier": "Quinze-Vingts", "nom_entier": "Rue de Charenton", "id_parc": "PA9515", "num_voies": "52", "geox": 602707, "geoy": 127770, "oid": 1142289, "arrondissement": "Paris 12e Arrondissement" }, "geometry": { "type": "MultiPoint", "coordinates": [ [ 2.373386917122246, 48.850390212229343 ] ] } },
{ "type": "Feature", "properties": { "id": "9238", "geo_fid": 9238, "geo_creati": 1530006283867, "geo_modifi": 1530006283867, "id_alpage": 9238, "id_num_sca": "ADO75CA_ANO555", "quartier": "Quinze-Vingts", "nom_entier": "Rue Moreau", "id_parc": "PA9517", "num_voies": "18", "geox": 602684, "geoy": 127770, "oid": 1142291, "arrondissement": "Paris 12e Arrondissement" }, "geometry": { "type": "MultiPoint", "coordinates": [ [ 2.373076232959058, 48.850387612399558 ] ] } },
{ "type": "Feature", "properties": { "id": "9240", "geo_fid": 9240, "geo_creati": 1530006283867, "geo_modifi": 1530006283867, "id_alpage": 9240, "id_num_sca": "ADO75CA_ANO555", "quartier": "Quinze-Vingts", "nom_entier": "Rue Moreau", "id_parc": "PA9518", "num_voies": "14", "geox": 602673, "geoy": 127747, "oid": 1142293, "arrondissement": "Paris 12e Arrondissement" }, "geometry": { "type": "MultiPoint", "coordinates": [ [ 2.372931645103017, 48.850181724373506 ] ] } },
{ "type": "Feature", "properties": { "id": "9247", "geo_fid": 9247, "geo_creati": 1530006283867, "geo_modifi": 1530006283867, "id_alpage": 9247, "id_num_sca": "ADO75CA_ANO556", "quartier": "Quinze-Vingts", "nom_entier": "Rue Traversière", "id_parc": "PA9697", "num_voies": "10", "geox": 602582, "geoy": 127332, "oid": 1142300, "arrondissement": "Paris 12e Arrondissement" }, "geometry": { "type": "MultiPoint", "coordinates": [ [ 2.371690421243676, 48.846448327752952 ] ] } },
{ "type": "Feature", "properties": { "id": "9262", "geo_fid": 9262, "geo_creati": 1530006283867, "geo_modifi": 1530006283867, "id_alpage": 9262, "id_num_sca": "ADO75CA_ANO556", "quartier": "Quinze-Vingts", "nom_entier": "Rue de Bercy", "id_parc": "PA9710", "num_voies": "43bis", "geox": 602683, "geoy": 127118, "oid": 1142315, "arrondissement": "Paris 12e Arrondissement" }, "geometry": { "type": "MultiPoint", "coordinates": [ [ 2.373063832295477, 48.844526160297299 ] ] } },
{ "type": "Feature", "properties": { "id": "9267", "geo_fid": 9267, "geo_creati": 1530006283867, "geo_modifi": 1530006283867, "id_alpage": 9267, "id_num_sca": "ADO75CA_ANO556", "quartier": "Quinze-Vingts", "nom_entier": "Rue de Bercy", "id_parc": "PA9705", "num_voies": "35", "geox": 602656, "geoy": 127146, "oid": 1142320, "arrondissement": "Paris 12e Arrondissement" }, "geometry": { "type": "MultiPoint", "coordinates": [ [ 2.372696141488458, 48.844777172063459 ] ] } },
{ "type": "Feature", "properties": { "id": "9269", "geo_fid": 9269, "geo_creati": 1530006283867, "geo_modifi": 1530006283867, "id_alpage": 9269, "id_num_sca": "ADO75CA_ANO556", "quartier": "Quinze-Vingts", "nom_entier": "Impasse des Trois Frères", "id_parc": "PA9693", "num_voies": "3", "geox": 602739, "geoy": 127432, "oid": 1142322, "arrondissement": "Paris 12e Arrondissement" }, "geometry": { "type": "MultiPoint", "coordinates": [ [ 2.373826175468503, 48.847350532206477 ] ] } },
{ "type": "Feature", "properties": { "id": "9272", "geo_fid": 9272, "geo_creati": 1530006283868, "geo_modifi": 1530006283868, "id_alpage": 9272, "id_num_sca": "ADO75CA_ANO557", "quartier": "Quinze-Vingts", "nom_entier": "Rue de Charenton", "id_parc": "PA10216", "num_voies": "122", "geox": 603050, "geoy": 127398, "oid": 1142325, "arrondissement": "Paris 12e Arrondissement" }, "geometry": { "type": "MultiPoint", "coordinates": [ [ 2.378059386097413, 48.847036149755773 ] ] } },
{ "type": "Feature", "properties": { "id": "9282", "geo_fid": 9282, "geo_creati": 1530006283868, "geo_modifi": 1530006283868, "id_alpage": 9282, "id_num_sca": "ADO75CA_ANO558", "quartier": "Quinze-Vingts", "nom_entier": "Rue de Bercy", "id_parc": "PA10176", "num_voies": "59ter", "geox": 602882, "geoy": 126913, "oid": 1142335, "arrondissement": "Paris 12e Arrondissement" }, "geometry": { "type": "MultiPoint", "coordinates": [ [ 2.375777826244334, 48.842680868866161 ] ] } },
{ "type": "Feature", "properties": { "id": "9283", "geo_fid": 9283, "geo_creati": 1530006283868, "geo_modifi": 1530006283868, "id_alpage": 9283, "id_num_sca": "ADO75CA_ANO558", "quartier": "Quinze-Vingts", "nom_entier": "Rue de Bercy", "id_parc": "PA10175", "num_voies": "59bis", "geox": 602867, "geoy": 126929, "oid": 1142336, "arrondissement": "Paris 12e Arrondissement" }, "geometry": { "type": "MultiPoint", "coordinates": [ [ 2.375568120179011, 48.842821225946125 ] ] } },
{ "type": "Feature", "properties": { "id": "9296", "geo_fid": 9296, "geo_creati": 1530006283868, "geo_modifi": 1530006283868, "id_alpage": 9296, "id_num_sca": "ADO75CA_ANO560", "quartier": "Quinze-Vingts", "nom_entier": "Quai de la Rapée", "id_parc": "PA9315", "num_voies": "25", "geox": 602548, "geoy": 126979, "oid": 1142349, "arrondissement": "Paris 12e Arrondissement" }, "geometry": { "type": "MultiPoint", "coordinates": [ [ 2.371216813504208, 48.8432722406856 ] ] } },
{ "type": "Feature", "properties": { "id": "9298", "geo_fid": 9298, "geo_creati": 1530006283868, "geo_modifi": 1530006283868, "id_alpage": 9298, "id_num_sca": "ADO75CA_ANO561", "quartier": "Quinze-Vingts", "nom_entier": "Rue de Bercy", "id_parc": "PA10230", "num_voies": "50bis", "geox": 602905, "geoy": 126882, "oid": 1142351, "arrondissement": "Paris 12e Arrondissement" }, "geometry": { "type": "MultiPoint", "coordinates": [ [ 2.376085513379231, 48.842396594553016 ] ] } },
{ "type": "Feature", "properties": { "id": "9323", "geo_fid": 9323, "geo_creati": 1530006283869, "geo_modifi": 1530006283869, "id_alpage": 9323, "id_num_sca": "ADO75CA_ANO562", "quartier": "Quinze-Vingts", "nom_entier": "Rue de Bercy", "id_parc": "PA10265", "num_voies": "54", "geox": 602940, "geoy": 126846, "oid": 1142376, "arrondissement": "Paris 12e Arrondissement" }, "geometry": { "type": "MultiPoint", "coordinates": [ [ 2.376566193756539, 48.842074490492102 ] ] } },
{ "type": "Feature", "properties": { "id": "9325", "geo_fid": 9325, "geo_creati": 1530006283869, "geo_modifi": 1530006283869, "id_alpage": 9325, "id_num_sca": "ADO75CA_ANO562", "quartier": "Quinze-Vingts", "nom_entier": "Rue de Bercy", "id_parc": "PA10250", "num_voies": "58", "geox": 602972, "geoy": 126811, "oid": 1142378, "arrondissement": "Paris 12e Arrondissement" }, "geometry": { "type": "MultiPoint", "coordinates": [ [ 2.376992380352347, 48.84176319467052 ] ] } },
{ "type": "Feature", "properties": { "id": "9341", "geo_fid": 9341, "geo_creati": 1530006283869, "geo_modifi": 1530006283869, "id_alpage": 9341, "id_num_sca": "ADO75CA_ANO563", "quartier": "Quinze-Vingts", "nom_entier": "Rue de Charenton", "id_parc": "PA10153", "num_voies": "154", "geox": 603536, "geoy": 127032, "oid": 1142394, "arrondissement": "Paris 12e Arrondissement" }, "geometry": { "type": "MultiPoint", "coordinates": [ [ 2.384683686334525, 48.843744050340923 ] ] } },
{ "type": "Feature", "properties": { "id": "8809", "geo_fid": 8809, "geo_creati": 1530006283835, "geo_modifi": 1530006283835, "id_alpage": 8809, "id_num_sca": "ADO75CA_ANO539", "quartier": "Quinze-Vingts", "nom_entier": "Rue de Charenton", "id_parc": "PA9889", "num_voies": "125", "geox": 603509, "geoy": 127077, "oid": 1141862, "arrondissement": "Paris 12e Arrondissement" }, "geometry": { "type": "MultiPoint", "coordinates": [ [ 2.384312123276838, 48.844154272323898 ] ] } },
{ "type": "Feature", "properties": { "id": "8812", "geo_fid": 8812, "geo_creati": 1530006283835, "geo_modifi": 1530006283835, "id_alpage": 8812, "id_num_sca": "ADO75CA_ANO539", "quartier": "Quinze-Vingts", "nom_entier": "Petite Rue de Reuilly", "id_parc": "PA9890", "num_voies": "4", "geox": 603489, "geoy": 127182, "oid": 1141865, "arrondissement": "Paris 12e Arrondissement" }, "geometry": { "type": "MultiPoint", "coordinates": [ [ 2.384040514729612, 48.845095022741113 ] ] } },
{ "type": "Feature", "properties": { "id": "8825", "geo_fid": 8825, "geo_creati": 1530006283836, "geo_modifi": 1530006283836, "id_alpage": 8825, "id_num_sca": "ADO75CA_ANO540", "quartier": "Quinze-Vingts", "nom_entier": "Rue de Reuilly", "id_parc": "PA9844", "num_voies": "8", "geox": 603521, "geoy": 127711, "oid": 1141878, "arrondissement": "Paris 12e Arrondissement" }, "geometry": { "type": "MultiPoint", "coordinates": [ [ 2.384486484607369, 48.84985198915318 ] ] } },
{ "type": "Feature", "properties": { "id": "8827", "geo_fid": 8827, "geo_creati": 1530006283836, "geo_modifi": 1530006283836, "id_alpage": 8827, "id_num_sca": "ADO75CA_ANO540", "quartier": "Quinze-Vingts", "nom_entier": "Rue de Reuilly", "id_parc": "PA9846", "num_voies": "12", "geox": 603537, "geoy": 127691, "oid": 1141880, "arrondissement": "Paris 12e Arrondissement" }, "geometry": { "type": "MultiPoint", "coordinates": [ [ 2.384698885192288, 48.849674744386007 ] ] } },
{ "type": "Feature", "properties": { "id": "8857", "geo_fid": 8857, "geo_creati": 1530006283836, "geo_modifi": 1530006283836, "id_alpage": 8857, "id_num_sca": "ADO75CA_ANO540", "quartier": "Quinze-Vingts", "nom_entier": "Rue du Faubourg Saint Antoine", "id_parc": "PA9803", "num_voies": "162", "geox": 603187, "geoy": 127773, "oid": 1141910, "arrondissement": "Paris 12e Arrondissement" }, "geometry": { "type": "MultiPoint", "coordinates": [ [ 2.379928978590015, 48.850412232947505 ] ] } },
{ "type": "Feature", "properties": { "id": "8873", "geo_fid": 8873, "geo_creati": 1530006283837, "geo_modifi": 1530006283837, "id_alpage": 8873, "id_num_sca": "ADO75CA_ANO540", "quartier": "Quinze-Vingts", "nom_entier": "Rue du Faubourg Saint Antoine", "id_parc": "PA9824", "num_voies": "194", "geox": 603324, "geoy": 127759, "oid": 1141926, "arrondissement": "Paris 12e Arrondissement" }, "geometry": { "type": "MultiPoint", "coordinates": [ [ 2.381797043649128, 48.850281124434353 ] ] } },
{ "type": "Feature", "properties": { "id": "8885", "geo_fid": 8885, "geo_creati": 1530006283837, "geo_modifi": 1530006283837, "id_alpage": 8885, "id_num_sca": "ADO75CA_ANO540", "quartier": "Quinze-Vingts", "nom_entier": "Rue du Faubourg Saint Antoine", "id_parc": "PA9810", "num_voies": "218", "geox": 603478, "geoy": 127735, "oid": 1141938, "arrondissement": "Paris 12e Arrondissement" }, "geometry": { "type": "MultiPoint", "coordinates": [ [ 2.383900759516253, 48.850069854018891 ] ] } },
{ "type": "Feature", "properties": { "id": "8888", "geo_fid": 8888, "geo_creati": 1530006283837, "geo_modifi": 1530006283837, "id_alpage": 8888, "id_num_sca": "ADO75CA_ANO541", "quartier": "Quinze-Vingts", "nom_entier": "Rue de Charenton", "id_parc": "PA9774", "num_voies": "11bis", "geox": 603107, "geoy": 127349, "oid": 1141941, "arrondissement": "Paris 12e Arrondissement" }, "geometry": { "type": "MultiPoint", "coordinates": [ [ 2.378835672756063, 48.846597923881511 ] ] } },
{ "type": "Feature", "properties": { "id": "8976", "geo_fid": 8976, "geo_creati": 1530006283839, "geo_modifi": 1530006283839, "id_alpage": 8976, "id_num_sca": "ADO75CA_ANO544", "quartier": "Quinze-Vingts", "nom_entier": "Rue Cotte", "id_parc": "PA9658", "num_voies": "9", "geox": 603030, "geoy": 127694, "oid": 1142029, "arrondissement": "Paris 12e Arrondissement" }, "geometry": { "type": "MultiPoint", "coordinates": [ [ 2.377793139890865, 48.849703486075555 ] ] } },
{ "type": "Feature", "properties": { "id": "8986", "geo_fid": 8986, "geo_creati": 1530006283839, "geo_modifi": 1530006283839, "id_alpage": 8986, "id_num_sca": "ADO75CA_ANO545", "quartier": "Quinze-Vingts", "nom_entier": "Rue du Faubourg Saint Antoine", "id_parc": "PA9579", "num_voies": "102", "geox": 602874, "geoy": 127873, "oid": 1142039, "arrondissement": "Paris 12e Arrondissement" }, "geometry": { "type": "MultiPoint", "coordinates": [ [ 2.375664606774138, 48.851315718468584 ] ] } },
{ "type": "Feature", "properties": { "id": "8995", "geo_fid": 8995, "geo_creati": 1530006283839, "geo_modifi": 1530006283839, "id_alpage": 8995, "id_num_sca": "ADO75CA_ANO545", "quartier": "Quinze-Vingts", "nom_entier": "Rue Saint Nicolas", "id_parc": "PA9571", "num_voies": "24", "geox": 602795, "geoy": 127860, "oid": 1142048, "arrondissement": "Paris 12e Arrondissement" }, "geometry": { "type": "MultiPoint", "coordinates": [ [ 2.374588010916652, 48.851197371939016 ] ] } },
{ "type": "Feature", "properties": { "id": "9011", "geo_fid": 9011, "geo_creati": 1530006283850, "geo_modifi": 1530006283850, "id_alpage": 9011, "id_num_sca": "ADO75CA_ANO545", "quartier": "Quinze-Vingts", "nom_entier": "Rue de Charenton", "id_parc": "PA9588", "num_voies": "79", "geox": 602766, "geoy": 127699, "oid": 1142064, "arrondissement": "Paris 12e Arrondissement" }, "geometry": { "type": "MultiPoint", "coordinates": [ [ 2.374191759429843, 48.849746075542676 ] ] } },
{ "type": "Feature", "properties": { "id": "9061", "geo_fid": 9061, "geo_creati": 1530006283851, "geo_modifi": 1530006283851, "id_alpage": 9061, "id_num_sca": "ADO75CA_ANO546", "quartier": "Quinze-Vingts", "nom_entier": "Rue Saint Nicolas", "id_parc": "PA9611", "num_voies": "27", "geox": 602802, "geoy": 127892, "oid": 1142114, "arrondissement": "Paris 12e Arrondissement" }, "geometry": { "type": "MultiPoint", "coordinates": [ [ 2.374694513486357, 48.851482406339677 ] ] } },
{ "type": "Feature", "properties": { "id": "9081", "geo_fid": 9081, "geo_creati": 1530006283852, "geo_modifi": 1530006283852, "id_alpage": 9081, "id_num_sca": "ADO75CA_ANO548", "quartier": "Quinze-Vingts", "nom_entier": "Rue du Faubourg Saint Antoine", "id_parc": "PA9368", "num_voies": "34", "geox": 602595, "geoy": 127988, "oid": 1142134, "arrondissement": "Paris 12e Arrondissement" }, "geometry": { "type": "MultiPoint", "coordinates": [ [ 2.371864846125551, 48.852345702050549 ] ] } },
{ "type": "Feature", "properties": { "id": "9085", "geo_fid": 9085, "geo_creati": 1530006283852, "geo_modifi": 1530006283852, "id_alpage": 9085, "id_num_sca": "ADO75CA_ANO548", "quartier": "Quinze-Vingts", "nom_entier": "Rue du Faubourg Saint Antoine", "id_parc": "PA9364", "num_voies": "26", "geox": 602561, "geoy": 128010, "oid": 1142138, "arrondissement": "Paris 12e Arrondissement" }, "geometry": { "type": "MultiPoint", "coordinates": [ [ 2.371403027929705, 48.852542781860357 ] ] } },
{ "type": "Feature", "properties": { "id": "9229", "geo_fid": 9229, "geo_creati": 1530006283867, "geo_modifi": 1530006283867, "id_alpage": 9229, "id_num_sca": "ADO75CA_ANO555", "quartier": "Quinze-Vingts", "nom_entier": "Rue de Charenton", "id_parc": "PA9524", "num_voies": "66", "geox": 602761, "geoy": 127697, "oid": 1142282, "arrondissement": "Paris 12e Arrondissement" }, "geometry": { "type": "MultiPoint", "coordinates": [ [ 2.374123619572158, 48.849734407047499 ] ] } },
{ "type": "Feature", "properties": { "id": "9241", "geo_fid": 9241, "geo_creati": 1530006283867, "geo_modifi": 1530006283867, "id_alpage": 9241, "id_num_sca": "ADO75CA_ANO555", "quartier": "Quinze-Vingts", "nom_entier": "Rue Moreau", "id_parc": "PA9519", "num_voies": "12", "geox": 602667, "geoy": 127735, "oid": 1142294, "arrondissement": "Paris 12e Arrondissement" }, "geometry": { "type": "MultiPoint", "coordinates": [ [ 2.372851169706236, 48.850070239759617 ] ] } },
{ "type": "Feature", "properties": { "id": "9255", "geo_fid": 9255, "geo_creati": 1530006283867, "geo_modifi": 1530006283867, "id_alpage": 9255, "id_num_sca": "ADO75CA_ANO556", "quartier": "Quinze-Vingts", "nom_entier": "Rue Traversière", "id_parc": "PA9680", "num_voies": "24", "geox": 602774, "geoy": 127568, "oid": 1142308, "arrondissement": "Paris 12e Arrondissement" }, "geometry": { "type": "MultiPoint", "coordinates": [ [ 2.374305341304206, 48.848567992112116 ] ] } },
{ "type": "Feature", "properties": { "id": "9258", "geo_fid": 9258, "geo_creati": 1530006283867, "geo_modifi": 1530006283867, "id_alpage": 9258, "id_num_sca": "ADO75CA_ANO556", "quartier": "Quinze-Vingts", "nom_entier": "Rue Traversière", "id_parc": "PA9682", "num_voies": "28bis", "geox": 602792, "geoy": 127600, "oid": 1142311, "arrondissement": "Paris 12e Arrondissement" }, "geometry": { "type": "MultiPoint", "coordinates": [ [ 2.374548099914705, 48.84885747865362 ] ] } },
{ "type": "Feature", "properties": { "id": "9275", "geo_fid": 9275, "geo_creati": 1530006283868, "geo_modifi": 1530006283868, "id_alpage": 9275, "id_num_sca": "ADO75CA_ANO557", "quartier": "Quinze-Vingts", "nom_entier": "Rue de Charenton", "id_parc": "PA10218", "num_voies": "130", "geox": 603085, "geoy": 127358, "oid": 1142328, "arrondissement": "Paris 12e Arrondissement" }, "geometry": { "type": "MultiPoint", "coordinates": [ [ 2.378545521795972, 48.846681661586949 ] ] } },
{ "type": "Feature", "properties": { "id": "9278", "geo_fid": 9278, "geo_creati": 1530006283868, "geo_modifi": 1530006283868, "id_alpage": 9278, "id_num_sca": "ADO75CA_ANO557", "quartier": "Quinze-Vingts", "nom_entier": "Rue de Charenton", "id_parc": "PA10213", "num_voies": "136", "geox": 603111, "geoy": 127330, "oid": 1142331, "arrondissement": "Paris 12e Arrondissement" }, "geometry": { "type": "MultiPoint", "coordinates": [ [ 2.378898208544856, 48.846429737171121 ] ] } }
]
}
