{
"type": "FeatureCollection",
"name": "atlas_jacoubet_1836_adresses",
"crs": { "type": "name", "properties": { "name": "urn:ogc:def:crs:EPSG::2154" } },
"features": [
{ "type": "Feature", "properties": { "gid": 27, "id_num_sca": "ADO75CA_ANO586", "id_parc": "PA8679", "quartier": "Arsenal", "nom_entier": "Rue de Sully", "num_voies": "14", "num_sca": "ADO75CA_ANO586", "geox": 602076.0, "geoy": 127693.0 }, "geometry": { "type": "MultiPoint", "coordinates": [ [ 653388.416377652203664, 6861260.492413908243179 ] ] } },
{ "type": "Feature", "properties": { "gid": 28, "id_num_sca": "ADO75CA_ANO586", "id_parc": "PA8681", "quartier": "Arsenal", "nom_entier": "Rue de Sully", "num_voies": "12bis", "num_sca": "ADO75CA_ANO586", "geox": 602075.0, "geoy": 127707.0 }, "geometry": { "type": "MultiPoint", "coordinates": [ [ 653386.91360249905847, 6861274.263377172872424 ] ] } },
{ "type": "Feature", "properties": { "gid": 29, "id_num_sca": "ADO75CA_ANO586", "id_parc": "PA8680", "quartier": "Arsenal", "nom_entier": "Rue de Sully", "num_voies": "12", "num_sca": "ADO75CA_ANO586", "geox": 602068.0, "geoy": 127714.0 }, "geometry": { "type": "MultiPoint", "coordinates": [ [ 653380.722750938963145, 6861281.746466615237296 ] ] } },
{ "type": "Feature", "properties": { "gid": 30, "id_num_sca": "ADO75CA_ANO586", "id_parc": "PA8687", "quartier": "Arsenal", "nom_entier": "Rue de Sully", "num_voies": "17", "num_sca": "ADO75CA_ANO586", "geox": 602058.0, "geoy": 127700.0 }, "geometry": { "type": "MultiPoint", "coordinates": [ [ 653369.933316069771536, 6861267.34327064268291 ] ] } },
{ "type": "Feature", "properties": { "gid": 31, "id_num_sca": "ADO75CA_ANO586", "id_parc": "PA8686", "quartier": "Arsenal", "nom_entier": "Rue de Sully", "num_voies": "15", "num_sca": "ADO75CA_ANO586", "geox": 602045.0, "geoy": 127718.0 }, "geometry": { "type": "MultiPoint", "coordinates": [ [ 653357.504655690281652, 6861285.473518191836774 ] ] } },
{ "type": "Feature", "properties": { "gid": 32, "id_num_sca": "ADO75CA_ANO586", "id_parc": "PA8678", "quartier": "Arsenal", "nom_entier": "Rue de Sully", "num_voies": "10bis", "num_sca": "ADO75CA_ANO586", "geox": 602057.0, "geoy": 127716.0 }, "geometry": { "type": "MultiPoint", "coordinates": [ [ 653369.190986087662168, 6861284.050785325467587 ] ] } },
{ "type": "Feature", "properties": { "gid": 33, "id_num_sca": "ADO75CA_ANO586", "id_parc": "PA8678", "quartier": "Arsenal", "nom_entier": "Rue de Sully", "num_voies": "10", "num_sca": "ADO75CA_ANO586", "geox": 602048.0, "geoy": 127726.0 }, "geometry": { "type": "MultiPoint", "coordinates": [ [ 653360.733729162369855, 6861293.245157214812934 ] ] } },
{ "type": "Feature", "properties": { "gid": 34, "id_num_sca": "ADO75CA_ANO586", "id_parc": "PA8682", "quartier": "Arsenal", "nom_entier": "Rue de Sully", "num_voies": "8", "num_sca": "ADO75CA_ANO586", "geox": 602039.0, "geoy": 127748.0 }, "geometry": { "type": "MultiPoint", "coordinates": [ [ 653351.282485138857737, 6861315.470473838970065 ] ] } },
{ "type": "Feature", "properties": { "gid": 58, "id_num_sca": "ADO75CA_ANO591", "id_parc": "PA8629", "quartier": "Arsenal", "nom_entier": "Rue Saint Paul", "num_voies": "34", "num_sca": "ADO75CA_ANO591", "geox": 601889.0, "geoy": 128178.0 }, "geometry": { "type": "MultiPoint", "coordinates": [ [ 653205.240485994145274, 6861747.045399895869195 ] ] } },
{ "type": "Feature", "properties": { "gid": 59, "id_num_sca": null, "id_parc": null, "quartier": "Arsenal", "nom_entier": "Passage Saint Pierre", "num_voies": "0", "num_sca": null, "geox": null, "geoy": null }, "geometry": { "type": "MultiPoint", "coordinates": [ [ 653276.136999030481093, 6861721.792730588465929 ] ] } },
{ "type": "Feature", "properties": { "gid": 190, "id_num_sca": "ADO75CA_ANO522", "id_parc": "PA10294", "quartier": "Marais", "nom_entier": "Place Royale", "num_voies": "21", "num_sca": "ADO75CA_ANO522", "geox": 602082.0, "geoy": 128433.0 }, "geometry": { "type": "MultiPoint", "coordinates": [ [ 653400.811044630245306, 6862000.35367236007005 ] ] } },
{ "type": "Feature", "properties": { "gid": 197, "id_num_sca": "ADO75CA_ANO517", "id_parc": "PA10796", "quartier": "Marais", "nom_entier": "Place Royale", "num_voies": "19", "num_sca": "ADO75CA_ANO517", "geox": 602075.0, "geoy": 128415.0 }, "geometry": { "type": "MultiPoint", "coordinates": [ [ 653392.837447682046331, 6861981.941743779927492 ] ] } },
{ "type": "Feature", "properties": { "gid": 198, "id_num_sca": "ADO75CA_ANO517", "id_parc": "PA10797", "quartier": "Marais", "nom_entier": "Place Royale", "num_voies": "17", "num_sca": "ADO75CA_ANO517", "geox": 602070.0, "geoy": 128396.0 }, "geometry": { "type": "MultiPoint", "coordinates": [ [ 653388.25066220969893, 6861963.105672038160264 ] ] } },
{ "type": "Feature", "properties": { "gid": 199, "id_num_sca": "ADO75CA_ANO517", "id_parc": "PA10794", "quartier": "Marais", "nom_entier": "Place Royale", "num_voies": "15", "num_sca": "ADO75CA_ANO517", "geox": 602066.0, "geoy": 128378.0 }, "geometry": { "type": "MultiPoint", "coordinates": [ [ 653383.895084123709239, 6861945.864745405502617 ] ] } },
{ "type": "Feature", "properties": { "gid": 435, "id_num_sca": "ADO75CA_ANO538", "id_parc": "PA9951", "quartier": "Quinze-Vingts", "nom_entier": null, "num_voies": "141", "num_sca": "ADO75CA_ANO580", "geox": 603016.0, "geoy": 127837.0 }, "geometry": { "type": "MultiPoint", "coordinates": [ [ 655288.144246958196163, 6861154.646419331431389 ] ] } },
{ "type": "Feature", "properties": { "gid": 436, "id_num_sca": "ADO75CA_ANO538", "id_parc": "PA9951", "quartier": "Quinze-Vingts", "nom_entier": null, "num_voies": "274", "num_sca": "ADO75CA_ANO538", "geox": 603977.0, "geoy": 127603.0 }, "geometry": { "type": "MultiPoint", "coordinates": [ [ 655291.512517728493549, 6861153.169129705056548 ] ] } },
{ "type": "Feature", "properties": { "gid": 432, "id_num_sca": "ADO75CA_ANO579", "id_parc": "PA8973", "quartier": "Faubourg Saint-Antoine", "nom_entier": null, "num_voies": "26", "num_sca": "ADO75CA_ANO575", "geox": 603826.0, "geoy": 128049.0 }, "geometry": { "type": "MultiPoint", "coordinates": [ [ 654554.571735182893462, 6861560.898117709904909 ] ] } },
{ "type": "Feature", "properties": { "gid": 433, "id_num_sca": "ADO75CA_ANO580", "id_parc": "PA8729", "quartier": "Faubourg Saint-Antoine", "nom_entier": null, "num_voies": "23", "num_sca": "ADO75CA_ANO579", "geox": 603240.0, "geoy": 128003.0 }, "geometry": { "type": "MultiPoint", "coordinates": [ [ 654337.341845004237257, 6861393.695629389025271 ] ] } },
{ "type": "Feature", "properties": { "gid": 434, "id_num_sca": "ADO75CA_ANO580", "id_parc": "PA26535", "quartier": "Faubourg Saint-Antoine", "nom_entier": null, "num_voies": "141", "num_sca": "ADO75CA_ANO580", "geox": 603024.0, "geoy": 127834.0 }, "geometry": { "type": "MultiPoint", "coordinates": [ [ 654329.171357113867998, 6861396.819647630676627 ] ] } },
{ "type": "Feature", "properties": { "gid": 437, "id_num_sca": "ADO75CA_ANO553", "id_parc": "PA9485", "quartier": "Quinze-Vingts", "nom_entier": null, "num_voies": "276", "num_sca": "ADO75CA_ANO538", "geox": 603980.0, "geoy": 127602.0 }, "geometry": { "type": "MultiPoint", "coordinates": [ [ 653560.689087372738868, 6861002.172458231449127 ] ] } },
{ "type": "Feature", "properties": { "gid": 487, "id_num_sca": "ADO75CA_ANO587", "id_parc": "PA8711", "quartier": "Arsenal", "nom_entier": null, "num_voies": "5", "num_sca": "ADO75CA_ANO684", "geox": 597030.0, "geoy": 127830.0 }, "geometry": { "type": "MultiPoint", "coordinates": [ [ 653535.019970460212789, 6861496.30268831551075 ] ] } },
{ "type": "Feature", "properties": { "gid": 488, "id_num_sca": "ADO75CA_ANO587", "id_parc": "PA8709", "quartier": "Arsenal", "nom_entier": null, "num_voies": "1", "num_sca": "ADO75CA_ANO587", "geox": 602221.0, "geoy": 127930.0 }, "geometry": { "type": "MultiPoint", "coordinates": [ [ 653550.688705592532642, 6861492.870436919853091 ] ] } },
{ "type": "Feature", "properties": { "gid": 489, "id_num_sca": "ADO75CA_ANO587", "id_parc": "PA8710", "quartier": "Arsenal", "nom_entier": null, "num_voies": "3", "num_sca": "ADO75CA_ANO587", "geox": 602236.0, "geoy": 127927.0 }, "geometry": { "type": "MultiPoint", "coordinates": [ [ 653572.437778527732007, 6861487.948385961353779 ] ] } },
{ "type": "Feature", "properties": { "gid": 497, "id_num_sca": "ADO75CA_ANO578", "id_parc": "PA9015", "quartier": "Faubourg Saint-Antoine", "nom_entier": null, "num_voies": "22", "num_sca": "ADO75CA_ANO070", "geox": 597719.0, "geoy": 129902.0 }, "geometry": { "type": "MultiPoint", "coordinates": [ [ 654746.36505742080044, 6861338.05241113062948 ] ] } },
{ "type": "Feature", "properties": { "gid": 500, "id_num_sca": "ADO75CA_ANO579", "id_parc": "PA8985", "quartier": "Faubourg Saint-Antoine", "nom_entier": null, "num_voies": "98", "num_sca": "ADO75CA_ANO307", "geox": 601574.0, "geoy": 130283.0 }, "geometry": { "type": "MultiPoint", "coordinates": [ [ 654588.342139928136021, 6861555.892083414830267 ] ] } },
{ "type": "Feature", "properties": { "gid": 505, "id_num_sca": "ADO75CA_ANO522", "id_parc": "PA10515", "quartier": "Marais", "nom_entier": "Passage Sainte Foy", "num_voies": "13", "num_sca": "ADO75CA_ANO333", "geox": 600953.0, "geoy": 129758.0 }, "geometry": { "type": "MultiPoint", "coordinates": [ [ 653445.060092683765106, 6861988.84580400865525 ] ] } },
{ "type": "Feature", "properties": { "gid": 506, "id_num_sca": "ADO75CA_ANO522", "id_parc": "PA10513", "quartier": "Marais", "nom_entier": "Place Royale", "num_voies": "25", "num_sca": "ADO75CA_ANO522", "geox": 602127.0, "geoy": 128422.0 }, "geometry": { "type": "MultiPoint", "coordinates": [ [ 653425.565296487300657, 6861993.698496547527611 ] ] } },
{ "type": "Feature", "properties": { "gid": 643, "id_num_sca": "ADO75CA_ANO517", "id_parc": "PA10798", "quartier": "Marais", "nom_entier": "Passage du Caire", "num_voies": "88", "num_sca": "ADO75CA_ANO333", "geox": 601083.0, "geoy": 129683.0 }, "geometry": { "type": "MultiPoint", "coordinates": [ [ 653378.349361736793071, 6861925.221879848279059 ] ] } },
{ "type": "Feature", "properties": { "gid": 644, "id_num_sca": "ADO75CA_ANO517", "id_parc": "PA10795", "quartier": "Marais", "nom_entier": "Place Royale", "num_voies": "13", "num_sca": "ADO75CA_ANO517", "geox": 602061.0, "geoy": 128358.0 }, "geometry": { "type": "MultiPoint", "coordinates": [ [ 653372.732272437540814, 6861904.72480840049684 ] ] } },
{ "type": "Feature", "properties": { "gid": 645, "id_num_sca": "ADO75CA_ANO517", "id_parc": "PA10799", "quartier": "Marais", "nom_entier": "Place Royale", "num_voies": "11", "num_sca": "ADO75CA_ANO517", "geox": 602055.0, "geoy": 128337.0 }, "geometry": { "type": "MultiPoint", "coordinates": [ [ 653368.21319741231855, 6861885.307418380863965 ] ] } },
{ "type": "Feature", "properties": { "gid": 646, "id_num_sca": "ADO75CA_ANO517", "id_parc": "PA10801", "quartier": "Marais", "nom_entier": "Place Royale", "num_voies": "9", "num_sca": "ADO75CA_ANO517", "geox": 602051.0, "geoy": 128318.0 }, "geometry": { "type": "MultiPoint", "coordinates": [ [ 653371.342957321321592, 6861869.019801395945251 ] ] } },
{ "type": "Feature", "properties": { "gid": 647, "id_num_sca": "ADO75CA_ANO517", "id_parc": "PA10803", "quartier": "Marais", "nom_entier": "Place Royale", "num_voies": "5", "num_sca": "ADO75CA_ANO517", "geox": 602054.0, "geoy": 128301.0 }, "geometry": { "type": "MultiPoint", "coordinates": [ [ 653388.502235176623799, 6861863.575882446952164 ] ] } },
{ "type": "Feature", "properties": { "gid": 648, "id_num_sca": "ADO75CA_ANO517", "id_parc": "PA10802", "quartier": "Marais", "nom_entier": "Place Royale", "num_voies": "3", "num_sca": "ADO75CA_ANO517", "geox": 602071.0, "geoy": 128296.0 }, "geometry": { "type": "MultiPoint", "coordinates": [ [ 653410.520163672976196, 6861857.51028851699084 ] ] } },
{ "type": "Feature", "properties": { "gid": 649, "id_num_sca": "ADO75CA_ANO518", "id_parc": "PA10865", "quartier": "Marais", "nom_entier": "Place Royale", "num_voies": "1", "num_sca": "ADO75CA_ANO517", "geox": 602093.0, "geoy": 128290.0 }, "geometry": { "type": "MultiPoint", "coordinates": [ [ 653458.8998166420497, 6861843.963206507265568 ] ] } },
{ "type": "Feature", "properties": { "gid": 650, "id_num_sca": "ADO75CA_ANO518", "id_parc": "PA10864", "quartier": "Marais", "nom_entier": "Place Royale", "num_voies": "2", "num_sca": "ADO75CA_ANO518", "geox": 602142.0, "geoy": 128277.0 }, "geometry": { "type": "MultiPoint", "coordinates": [ [ 653473.52942712395452, 6861839.847287504002452 ] ] } },
{ "type": "Feature", "properties": { "gid": 651, "id_num_sca": "ADO75CA_ANO518", "id_parc": "PA10840", "quartier": "Marais", "nom_entier": "Place Royale", "num_voies": "4", "num_sca": "ADO75CA_ANO518", "geox": 602156.0, "geoy": 128273.0 }, "geometry": { "type": "MultiPoint", "coordinates": [ [ 653487.941266326000914, 6861835.733200799673796 ] ] } },
{ "type": "Feature", "properties": { "gid": 652, "id_num_sca": "ADO75CA_ANO518", "id_parc": "PA10838", "quartier": "Marais", "nom_entier": "Place Royale", "num_voies": "6", "num_sca": "ADO75CA_ANO518", "geox": 602171.0, "geoy": 128269.0 }, "geometry": { "type": "MultiPoint", "coordinates": [ [ 653496.097010415745899, 6861838.71350353769958 ] ] } },
{ "type": "Feature", "properties": { "gid": 653, "id_num_sca": "ADO75CA_ANO518", "id_parc": "PA10837", "quartier": "Marais", "nom_entier": "Place Royale", "num_voies": "8", "num_sca": "ADO75CA_ANO518", "geox": 602179.0, "geoy": 128272.0 }, "geometry": { "type": "MultiPoint", "coordinates": [ [ 653500.577625298756175, 6861853.557725929655135 ] ] } },
{ "type": "Feature", "properties": { "gid": 654, "id_num_sca": "ADO75CA_ANO518", "id_parc": "PA10839", "quartier": "Marais", "nom_entier": "Place Royale", "num_voies": "10", "num_sca": "ADO75CA_ANO518", "geox": 602183.0, "geoy": 128287.0 }, "geometry": { "type": "MultiPoint", "coordinates": [ [ 653505.460892313974909, 6861873.117228931747377 ] ] } },
{ "type": "Feature", "properties": { "gid": 655, "id_num_sca": "ADO75CA_ANO518", "id_parc": "PA10836", "quartier": "Marais", "nom_entier": "Place Royale", "num_voies": "12", "num_sca": "ADO75CA_ANO518", "geox": 602188.0, "geoy": 128307.0 }, "geometry": { "type": "MultiPoint", "coordinates": [ [ 653511.963131981436163, 6861895.27651824709028 ] ] } },
{ "type": "Feature", "properties": { "gid": 656, "id_num_sca": "ADO75CA_ANO518", "id_parc": "PA10835", "quartier": "Marais", "nom_entier": "Place Royale", "num_voies": "14", "num_sca": "ADO75CA_ANO518", "geox": 602194.0, "geoy": 128329.0 }, "geometry": { "type": "MultiPoint", "coordinates": [ [ 653516.451080183149315, 6861910.991824611090124 ] ] } },
{ "type": "Feature", "properties": { "gid": 657, "id_num_sca": "ADO75CA_ANO518", "id_parc": "PA10833", "quartier": "Marais", "nom_entier": "Place Royale", "num_voies": "16", "num_sca": "ADO75CA_ANO518", "geox": 602199.0, "geoy": 128345.0 }, "geometry": { "type": "MultiPoint", "coordinates": [ [ 653520.646225743694231, 6861926.419218943454325 ] ] } },
{ "type": "Feature", "properties": { "gid": 658, "id_num_sca": "ADO75CA_ANO518", "id_parc": "PA10832", "quartier": "Marais", "nom_entier": "Place Royale", "num_voies": "18", "num_sca": "ADO75CA_ANO518", "geox": 602203.0, "geoy": 128360.0 }, "geometry": { "type": "MultiPoint", "coordinates": [ [ 653524.682754683657549, 6861940.250861710868776 ] ] } },
{ "type": "Feature", "properties": { "gid": 659, "id_num_sca": "ADO75CA_ANO518", "id_parc": "PA10828", "quartier": "Marais", "nom_entier": "Place Royale", "num_voies": "20", "num_sca": "ADO75CA_ANO518", "geox": 602207.0, "geoy": 128374.0 }, "geometry": { "type": "MultiPoint", "coordinates": [ [ 653527.908576814224944, 6861952.637434083968401 ] ] } },
{ "type": "Feature", "properties": { "gid": 660, "id_num_sca": "ADO75CA_ANO523", "id_parc": "PA10499", "quartier": "Marais", "nom_entier": "Place Royale", "num_voies": "22", "num_sca": "ADO75CA_ANO518", "geox": 602210.0, "geoy": 128386.0 }, "geometry": { "type": "MultiPoint", "coordinates": [ [ 653480.448173256940208, 6861980.635904343798757 ] ] } },
{ "type": "Feature", "properties": { "gid": 661, "id_num_sca": "ADO75CA_ANO523", "id_parc": "PA10498", "quartier": "Marais", "nom_entier": "Place Royale", "num_voies": "28", "num_sca": "ADO75CA_ANO523", "geox": 602162.0, "geoy": 128414.0 }, "geometry": { "type": "MultiPoint", "coordinates": [ [ 653507.837895410135388, 6861973.763163162395358 ] ] } },
{ "type": "Feature", "properties": { "gid": 662, "id_num_sca": "ADO75CA_ANO523", "id_parc": "PA10495", "quartier": "Marais", "nom_entier": "Place Royale", "num_voies": "26", "num_sca": "ADO75CA_ANO523", "geox": 602190.0, "geoy": 128407.0 }, "geometry": { "type": "MultiPoint", "coordinates": [ [ 653529.865561458165757, 6861968.107705811969936 ] ] } },
{ "type": "Feature", "properties": { "gid": 858, "id_num_sca": "ADO75CA_ANO588", "id_parc": "PA8697", "quartier": "Arsenal", "nom_entier": "Rue Saint Eloi", "num_voies": "25", "num_sca": "ADO75CA_ANO623", "geox": 600755.0, "geoy": 128223.0 }, "geometry": { "type": "MultiPoint", "coordinates": [ [ 653473.333483383874409, 6861530.550346972420812 ] ] } },
{ "type": "Feature", "properties": { "gid": 1145, "id_num_sca": "ADO75CA_ANO586", "id_parc": "PA8327", "quartier": "Arsenal", "nom_entier": "Rue Saint Denis", "num_voies": "21", "num_sca": "ADO75CA_ANO268", "geox": 600802.0, "geoy": 128656.0 }, "geometry": { "type": "MultiPoint", "coordinates": [ [ 653511.697018477483653, 6861493.051424632780254 ] ] } },
{ "type": "Feature", "properties": { "gid": 7929, "id_num_sca": "ADO75CA_ANO576", "id_parc": "PA9072", "quartier": "Faubourg Saint-Antoine", "nom_entier": "Rue des Boulets", "num_voies": "2", "num_sca": "ADO75CA_ANO575", "geox": 603959.0, "geoy": 127801.0 }, "geometry": { "type": "MultiPoint", "coordinates": [ [ 655226.568674079491757, 6861328.278691742569208 ] ] } },
{ "type": "Feature", "properties": { "gid": 7930, "id_num_sca": "ADO75CA_ANO576", "id_parc": "PA9074", "quartier": "Faubourg Saint-Antoine", "nom_entier": "Rue de Montreuil", "num_voies": "60", "num_sca": "ADO75CA_ANO576", "geox": 603949.0, "geoy": 127777.0 }, "geometry": { "type": "MultiPoint", "coordinates": [ [ 655213.069156979094259, 6861328.260224114172161 ] ] } },
{ "type": "Feature", "properties": { "gid": 7931, "id_num_sca": "ADO75CA_ANO576", "id_parc": "PA9073", "quartier": "Faubourg Saint-Antoine", "nom_entier": "Rue de Montreuil", "num_voies": "58", "num_sca": "ADO75CA_ANO576", "geox": 603914.0, "geoy": 127776.0 }, "geometry": { "type": "MultiPoint", "coordinates": [ [ 655205.652693114359863, 6861327.661056683398783 ] ] } },
{ "type": "Feature", "properties": { "gid": 7932, "id_num_sca": "ADO75CA_ANO576", "id_parc": "PA9105", "quartier": "Faubourg Saint-Antoine", "nom_entier": "Rue de Montreuil", "num_voies": "56", "num_sca": "ADO75CA_ANO576", "geox": 603900.0, "geoy": 127776.0 }, "geometry": { "type": "MultiPoint", "coordinates": [ [ 655199.159244269831106, 6861326.657064568251371 ] ] } },
{ "type": "Feature", "properties": { "gid": 7933, "id_num_sca": "ADO75CA_ANO576", "id_parc": "PA9076", "quartier": "Faubourg Saint-Antoine", "nom_entier": "Rue de Montreuil", "num_voies": "54", "num_sca": "ADO75CA_ANO576", "geox": 603893.0, "geoy": 127776.0 }, "geometry": { "type": "MultiPoint", "coordinates": [ [ 655188.705715207383037, 6861326.87759159412235 ] ] } },
{ "type": "Feature", "properties": { "gid": 7934, "id_num_sca": "ADO75CA_ANO576", "id_parc": "PA9077", "quartier": "Faubourg Saint-Antoine", "nom_entier": "Rue de Montreuil", "num_voies": "52", "num_sca": "ADO75CA_ANO576", "geox": 603886.0, "geoy": 127774.0 }, "geometry": { "type": "MultiPoint", "coordinates": [ [ 655165.932551813777536, 6861325.746231779456139 ] ] } },
{ "type": "Feature", "properties": { "gid": 7935, "id_num_sca": "ADO75CA_ANO576", "id_parc": "PA9078", "quartier": "Faubourg Saint-Antoine", "nom_entier": "Rue de Montreuil", "num_voies": "50", "num_sca": "ADO75CA_ANO576", "geox": 603876.0, "geoy": 127775.0 }, "geometry": { "type": "MultiPoint", "coordinates": [ [ 655139.588513134163804, 6861324.909680402837694 ] ] } },
{ "type": "Feature", "properties": { "gid": 7936, "id_num_sca": "ADO75CA_ANO576", "id_parc": "PA9081", "quartier": "Faubourg Saint-Antoine", "nom_entier": "Rue de Montreuil", "num_voies": "48", "num_sca": "ADO75CA_ANO576", "geox": 603853.0, "geoy": 127773.0 }, "geometry": { "type": "MultiPoint", "coordinates": [ [ 655112.592825536266901, 6861325.269734067842364 ] ] } },
{ "type": "Feature", "properties": { "gid": 7937, "id_num_sca": "ADO75CA_ANO576", "id_parc": "PA9082", "quartier": "Faubourg Saint-Antoine", "nom_entier": "Rue de Montreuil", "num_voies": "46", "num_sca": "ADO75CA_ANO576", "geox": 603827.0, "geoy": 127772.0 }, "geometry": { "type": "MultiPoint", "coordinates": [ [ 655069.587673753150739, 6861326.161852614954114 ] ] } },
{ "type": "Feature", "properties": { "gid": 7938, "id_num_sca": "ADO75CA_ANO576", "id_parc": "PA9084", "quartier": "Faubourg Saint-Antoine", "nom_entier": "Rue de Montreuil", "num_voies": "44", "num_sca": "ADO75CA_ANO576", "geox": 603800.0, "geoy": 127772.0 }, "geometry": { "type": "MultiPoint", "coordinates": [ [ 655043.119104577926919, 6861326.252752754837275 ] ] } },
{ "type": "Feature", "properties": { "gid": 7939, "id_num_sca": "ADO75CA_ANO576", "id_parc": "PA9086", "quartier": "Faubourg Saint-Antoine", "nom_entier": "Rue de Montreuil", "num_voies": "42", "num_sca": "ADO75CA_ANO576", "geox": 603757.0, "geoy": 127773.0 }, "geometry": { "type": "MultiPoint", "coordinates": [ [ 655004.742411300074309, 6861326.70877237804234 ] ] } },
{ "type": "Feature", "properties": { "gid": 7940, "id_num_sca": "ADO75CA_ANO576", "id_parc": "PA9088", "quartier": "Faubourg Saint-Antoine", "nom_entier": "Rue de Montreuil", "num_voies": "40", "num_sca": "ADO75CA_ANO576", "geox": 603730.0, "geoy": 127773.0 }, "geometry": { "type": "MultiPoint", "coordinates": [ [ 654981.719071441330016, 6861327.299986200407147 ] ] } },
{ "type": "Feature", "properties": { "gid": 7941, "id_num_sca": "ADO75CA_ANO576", "id_parc": "PA9089", "quartier": "Faubourg Saint-Antoine", "nom_entier": "Rue de Montreuil", "num_voies": "38", "num_sca": "ADO75CA_ANO576", "geox": 603692.0, "geoy": 127773.0 }, "geometry": { "type": "MultiPoint", "coordinates": [ [ 654965.440471997950226, 6861327.30492904689163 ] ] } },
{ "type": "Feature", "properties": { "gid": 7942, "id_num_sca": "ADO75CA_ANO576", "id_parc": "PA9090", "quartier": "Faubourg Saint-Antoine", "nom_entier": "Rue de Montreuil", "num_voies": "36", "num_sca": "ADO75CA_ANO576", "geox": 603669.0, "geoy": 127773.0 }, "geometry": { "type": "MultiPoint", "coordinates": [ [ 654955.5185218132101, 6861327.785644830204546 ] ] } },
{ "type": "Feature", "properties": { "gid": 7943, "id_num_sca": "ADO75CA_ANO576", "id_parc": "PA9090", "quartier": "Faubourg Saint-Antoine", "nom_entier": "Rue de Montreuil", "num_voies": "34", "num_sca": "ADO75CA_ANO576", "geox": 603653.0, "geoy": 127773.0 }, "geometry": { "type": "MultiPoint", "coordinates": [ [ 654940.435417935019359, 6861328.309886119328439 ] ] } },
{ "type": "Feature", "properties": { "gid": 7944, "id_num_sca": "ADO75CA_ANO576", "id_parc": "PA9090", "quartier": "Faubourg Saint-Antoine", "nom_entier": "Rue de Montreuil", "num_voies": "32", "num_sca": "ADO75CA_ANO576", "geox": 603643.0, "geoy": 127774.0 }, "geometry": { "type": "MultiPoint", "coordinates": [ [ 654928.92096020502504, 6861328.27464590780437 ] ] } },
{ "type": "Feature", "properties": { "gid": 7945, "id_num_sca": "ADO75CA_ANO576", "id_parc": "PA9091", "quartier": "Faubourg Saint-Antoine", "nom_entier": "Rue de Montreuil", "num_voies": "30", "num_sca": "ADO75CA_ANO576", "geox": 603628.0, "geoy": 127774.0 }, "geometry": { "type": "MultiPoint", "coordinates": [ [ 654916.485716650960967, 6861328.908899927511811 ] ] } },
{ "type": "Feature", "properties": { "gid": 7946, "id_num_sca": "ADO75CA_ANO576", "id_parc": "PA9092", "quartier": "Faubourg Saint-Antoine", "nom_entier": "Rue de Montreuil", "num_voies": "28", "num_sca": "ADO75CA_ANO576", "geox": 603616.0, "geoy": 127774.0 }, "geometry": { "type": "MultiPoint", "coordinates": [ [ 654905.376075717387721, 6861329.796665745787323 ] ] } },
{ "type": "Feature", "properties": { "gid": 7947, "id_num_sca": "ADO75CA_ANO576", "id_parc": "PA9092", "quartier": "Faubourg Saint-Antoine", "nom_entier": "Rue de Montreuil", "num_voies": "26", "num_sca": "ADO75CA_ANO576", "geox": 603604.0, "geoy": 127774.0 }, "geometry": { "type": "MultiPoint", "coordinates": [ [ 654898.362200193223543, 6861329.855814527720213 ] ] } },
{ "type": "Feature", "properties": { "gid": 7948, "id_num_sca": "ADO75CA_ANO576", "id_parc": "PA9092", "quartier": "Faubourg Saint-Antoine", "nom_entier": "Rue de Montreuil", "num_voies": "24", "num_sca": "ADO75CA_ANO576", "geox": 603593.0, "geoy": 127775.0 }, "geometry": { "type": "MultiPoint", "coordinates": [ [ 654891.352784609654918, 6861330.444309401325881 ] ] } },
{ "type": "Feature", "properties": { "gid": 7949, "id_num_sca": "ADO75CA_ANO576", "id_parc": "PA9096", "quartier": "Faubourg Saint-Antoine", "nom_entier": "Rue de Montreuil", "num_voies": "22", "num_sca": "ADO75CA_ANO576", "geox": 603586.0, "geoy": 127775.0 }, "geometry": { "type": "MultiPoint", "coordinates": [ [ 654884.33779406955, 6861330.371120749972761 ] ] } },
{ "type": "Feature", "properties": { "gid": 7950, "id_num_sca": "ADO75CA_ANO576", "id_parc": "PA9097", "quartier": "Faubourg Saint-Antoine", "nom_entier": "Rue de Montreuil", "num_voies": "20", "num_sca": "ADO75CA_ANO576", "geox": 603579.0, "geoy": 127776.0 }, "geometry": { "type": "MultiPoint", "coordinates": [ [ 654876.267450253595598, 6861330.703869453631341 ] ] } },
{ "type": "Feature", "properties": { "gid": 7951, "id_num_sca": "ADO75CA_ANO576", "id_parc": "PA9098", "quartier": "Faubourg Saint-Antoine", "nom_entier": "Rue de Montreuil", "num_voies": "18", "num_sca": "ADO75CA_ANO576", "geox": 603572.0, "geoy": 127776.0 }, "geometry": { "type": "MultiPoint", "coordinates": [ [ 654866.871503724600188, 6861330.783104149624705 ] ] } },
{ "type": "Feature", "properties": { "gid": 7952, "id_num_sca": "ADO75CA_ANO576", "id_parc": "PA9100", "quartier": "Faubourg Saint-Antoine", "nom_entier": "Rue de Montreuil", "num_voies": "16", "num_sca": "ADO75CA_ANO576", "geox": 603563.0, "geoy": 127776.0 }, "geometry": { "type": "MultiPoint", "coordinates": [ [ 654853.908025488024577, 6861331.55415228754282 ] ] } },
{ "type": "Feature", "properties": { "gid": 7953, "id_num_sca": "ADO75CA_ANO576", "id_parc": "PA9099", "quartier": "Faubourg Saint-Antoine", "nom_entier": "Rue de Montreuil", "num_voies": "14", "num_sca": "ADO75CA_ANO576", "geox": 603554.0, "geoy": 127776.0 }, "geometry": { "type": "MultiPoint", "coordinates": [ [ 654843.983844724600203, 6861331.770185678265989 ] ] } },
{ "type": "Feature", "properties": { "gid": 7954, "id_num_sca": "ADO75CA_ANO576", "id_parc": "PA9102", "quartier": "Faubourg Saint-Antoine", "nom_entier": "Rue de Montreuil", "num_voies": "12", "num_sca": "ADO75CA_ANO576", "geox": 603541.0, "geoy": 127776.0 }, "geometry": { "type": "MultiPoint", "coordinates": [ [ 654834.5878981128335, 6861331.849417864345014 ] ] } },
{ "type": "Feature", "properties": { "gid": 7955, "id_num_sca": "ADO75CA_ANO576", "id_parc": "PA9103", "quartier": "Faubourg Saint-Antoine", "nom_entier": "Rue de Montreuil", "num_voies": "10", "num_sca": "ADO75CA_ANO576", "geox": 603531.0, "geoy": 127777.0 }, "geometry": { "type": "MultiPoint", "coordinates": [ [ 654822.152653785422444, 6861332.48366220202297 ] ] } },
{ "type": "Feature", "properties": { "gid": 7956, "id_num_sca": "ADO75CA_ANO576", "id_parc": "PA9104", "quartier": "Faubourg Saint-Antoine", "nom_entier": "Rue de Montreuil", "num_voies": "8", "num_sca": "ADO75CA_ANO576", "geox": 603522.0, "geoy": 127777.0 }, "geometry": { "type": "MultiPoint", "coordinates": [ [ 654812.495377267943695, 6861332.962134415283799 ] ] } },
{ "type": "Feature", "properties": { "gid": 7957, "id_num_sca": "ADO75CA_ANO576", "id_parc": "PA8725", "quartier": "Faubourg Saint-Antoine", "nom_entier": "Rue de Montreuil", "num_voies": "6", "num_sca": "ADO75CA_ANO576", "geox": 603509.0, "geoy": 127777.0 }, "geometry": { "type": "MultiPoint", "coordinates": [ [ 654802.702418731409125, 6861333.044711877591908 ] ] } },
{ "type": "Feature", "properties": { "gid": 7958, "id_num_sca": "ADO75CA_ANO576", "id_parc": "PA9103", "quartier": "Faubourg Saint-Antoine", "nom_entier": "Rue de Montreuil", "num_voies": "4", "num_sca": "ADO75CA_ANO576", "geox": 603500.0, "geoy": 127778.0 }, "geometry": { "type": "MultiPoint", "coordinates": [ [ 654820.7810028064996, 6861311.055173810571432 ] ] } },
{ "type": "Feature", "properties": { "gid": 7959, "id_num_sca": "ADO75CA_ANO576", "id_parc": "PA9102", "quartier": "Faubourg Saint-Antoine", "nom_entier": "Rue de Montreuil", "num_voies": "2", "num_sca": "ADO75CA_ANO576", "geox": 603490.0, "geoy": 127778.0 }, "geometry": { "type": "MultiPoint", "coordinates": [ [ 654831.876148606883362, 6861308.447040079161525 ] ] } },
{ "type": "Feature", "properties": { "gid": 7960, "id_num_sca": "ADO75CA_ANO576", "id_parc": "PA9101", "quartier": "Faubourg Saint-Antoine", "nom_entier": "Rue du Faubourg Saint Antoine", "num_voies": "241", "num_sca": "ADO75CA_ANO576", "geox": 603508.0, "geoy": 127756.0 }, "geometry": { "type": "MultiPoint", "coordinates": [ [ 654838.353984333341941, 6861307.598339332267642 ] ] } },
{ "type": "Feature", "properties": { "gid": 7961, "id_num_sca": "ADO75CA_ANO576", "id_parc": "PA9099", "quartier": "Faubourg Saint-Antoine", "nom_entier": "Rue du Faubourg Saint Antoine", "num_voies": "243", "num_sca": "ADO75CA_ANO576", "geox": 603519.0, "geoy": 127753.0 }, "geometry": { "type": "MultiPoint", "coordinates": [ [ 654843.902114423224702, 6861306.360440110787749 ] ] } },
{ "type": "Feature", "properties": { "gid": 7962, "id_num_sca": "ADO75CA_ANO576", "id_parc": "PA9100", "quartier": "Faubourg Saint-Antoine", "nom_entier": "Rue du Faubourg Saint Antoine", "num_voies": "243bis", "num_sca": "ADO75CA_ANO576", "geox": 603526.0, "geoy": 127752.0 }, "geometry": { "type": "MultiPoint", "coordinates": [ [ 654849.314562332700007, 6861304.726646818220615 ] ] } },
{ "type": "Feature", "properties": { "gid": 7963, "id_num_sca": "ADO75CA_ANO576", "id_parc": "PA9100", "quartier": "Faubourg Saint-Antoine", "nom_entier": "Rue du Faubourg Saint Antoine", "num_voies": "245", "num_sca": "ADO75CA_ANO576", "geox": 603531.0, "geoy": 127751.0 }, "geometry": { "type": "MultiPoint", "coordinates": [ [ 654858.423533361870795, 6861302.002913524396718 ] ] } },
{ "type": "Feature", "properties": { "gid": 7964, "id_num_sca": "ADO75CA_ANO576", "id_parc": "PA9098", "quartier": "Faubourg Saint-Antoine", "nom_entier": "Rue du Faubourg Saint Antoine", "num_voies": "247", "num_sca": "ADO75CA_ANO576", "geox": 603537.0, "geoy": 127750.0 }, "geometry": { "type": "MultiPoint", "coordinates": [ [ 654866.74628526403103, 6861300.212231610901654 ] ] } },
{ "type": "Feature", "properties": { "gid": 7965, "id_num_sca": "ADO75CA_ANO576", "id_parc": "PA9094", "quartier": "Faubourg Saint-Antoine", "nom_entier": "Rue du Faubourg Saint Antoine", "num_voies": "249", "num_sca": "ADO75CA_ANO576", "geox": 603546.0, "geoy": 127747.0 }, "geometry": { "type": "MultiPoint", "coordinates": [ [ 654874.801017542020418, 6861298.026771343313158 ] ] } },
{ "type": "Feature", "properties": { "gid": 7966, "id_num_sca": "ADO75CA_ANO576", "id_parc": "PA9095", "quartier": "Faubourg Saint-Antoine", "nom_entier": "Rue du Faubourg Saint Antoine", "num_voies": "251", "num_sca": "ADO75CA_ANO576", "geox": 603554.0, "geoy": 127745.0 }, "geometry": { "type": "MultiPoint", "coordinates": [ [ 654882.725642253877595, 6861296.107099745422602 ] ] } },
{ "type": "Feature", "properties": { "gid": 7967, "id_num_sca": "ADO75CA_ANO576", "id_parc": "PA9093", "quartier": "Faubourg Saint-Antoine", "nom_entier": "Rue du Faubourg Saint Antoine", "num_voies": "253", "num_sca": "ADO75CA_ANO576", "geox": 603562.0, "geoy": 127743.0 }, "geometry": { "type": "MultiPoint", "coordinates": [ [ 654889.464806521660648, 6861294.859154609963298 ] ] } },
{ "type": "Feature", "properties": { "gid": 7968, "id_num_sca": "ADO75CA_ANO576", "id_parc": "PA9093", "quartier": "Faubourg Saint-Antoine", "nom_entier": "Rue du Faubourg Saint Antoine", "num_voies": "255", "num_sca": "ADO75CA_ANO576", "geox": 603570.0, "geoy": 127741.0 }, "geometry": { "type": "MultiPoint", "coordinates": [ [ 654894.61592383403331, 6861293.624601191841066 ] ] } },
{ "type": "Feature", "properties": { "gid": 7969, "id_num_sca": "ADO75CA_ANO576", "id_parc": "PA9092", "quartier": "Faubourg Saint-Antoine", "nom_entier": "Rue du Faubourg Saint Antoine", "num_voies": "257", "num_sca": "ADO75CA_ANO576", "geox": 603577.0, "geoy": 127740.0 }, "geometry": { "type": "MultiPoint", "coordinates": [ [ 654900.558834455208853, 6861292.118678329512477 ] ] } },
{ "type": "Feature", "properties": { "gid": 7970, "id_num_sca": "ADO75CA_ANO576", "id_parc": "PA9091", "quartier": "Faubourg Saint-Antoine", "nom_entier": "Rue du Faubourg Saint Antoine", "num_voies": "259", "num_sca": "ADO75CA_ANO576", "geox": 603582.0, "geoy": 127739.0 }, "geometry": { "type": "MultiPoint", "coordinates": [ [ 654907.821772239753045, 6861290.204585243947804 ] ] } },
{ "type": "Feature", "properties": { "gid": 7971, "id_num_sca": "ADO75CA_ANO576", "id_parc": "PA9091", "quartier": "Faubourg Saint-Antoine", "nom_entier": "Rue du Faubourg Saint Antoine", "num_voies": "261", "num_sca": "ADO75CA_ANO576", "geox": 603588.0, "geoy": 127737.0 }, "geometry": { "type": "MultiPoint", "coordinates": [ [ 654917.32886762986891, 6861287.609836351126432 ] ] } },
{ "type": "Feature", "properties": { "gid": 7972, "id_num_sca": "ADO75CA_ANO576", "id_parc": "PA9090", "quartier": "Faubourg Saint-Antoine", "nom_entier": "Rue du Faubourg Saint Antoine", "num_voies": "263", "num_sca": "ADO75CA_ANO576", "geox": 603595.0, "geoy": 127736.0 }, "geometry": { "type": "MultiPoint", "coordinates": [ [ 654927.230744251748547, 6861284.747065489180386 ] ] } },
{ "type": "Feature", "properties": { "gid": 7973, "id_num_sca": "ADO75CA_ANO576", "id_parc": "PA9090", "quartier": "Faubourg Saint-Antoine", "nom_entier": "Rue du Faubourg Saint Antoine", "num_voies": "265", "num_sca": "ADO75CA_ANO576", "geox": 603605.0, "geoy": 127733.0 }, "geometry": { "type": "MultiPoint", "coordinates": [ [ 654938.983111458830535, 6861281.603995976038277 ] ] } },
{ "type": "Feature", "properties": { "gid": 7974, "id_num_sca": "ADO75CA_ANO576", "id_parc": "PA9090", "quartier": "Faubourg Saint-Antoine", "nom_entier": "Rue du Faubourg Saint Antoine", "num_voies": "267", "num_sca": "ADO75CA_ANO576", "geox": 603615.0, "geoy": 127730.0 }, "geometry": { "type": "MultiPoint", "coordinates": [ [ 654951.133604778791778, 6861278.589913772419095 ] ] } },
{ "type": "Feature", "properties": { "gid": 7975, "id_num_sca": "ADO75CA_ANO576", "id_parc": "PA9089", "quartier": "Faubourg Saint-Antoine", "nom_entier": "Rue du Faubourg Saint Antoine", "num_voies": "269", "num_sca": "ADO75CA_ANO576", "geox": 603627.0, "geoy": 127727.0 }, "geometry": { "type": "MultiPoint", "coordinates": [ [ 654963.94466852711048, 6861275.437913448549807 ] ] } },
{ "type": "Feature", "properties": { "gid": 7976, "id_num_sca": "ADO75CA_ANO576", "id_parc": "PA9087", "quartier": "Faubourg Saint-Antoine", "nom_entier": "Rue du Faubourg Saint Antoine", "num_voies": "271", "num_sca": "ADO75CA_ANO576", "geox": 603639.0, "geoy": 127724.0 }, "geometry": { "type": "MultiPoint", "coordinates": [ [ 654978.473885225714184, 6861272.006729462184012 ] ] } },
{ "type": "Feature", "properties": { "gid": 7977, "id_num_sca": "ADO75CA_ANO576", "id_parc": "PA9088", "quartier": "Faubourg Saint-Antoine", "nom_entier": "Rue du Faubourg Saint Antoine", "num_voies": "273", "num_sca": "ADO75CA_ANO576", "geox": 603652.0, "geoy": 127721.0 }, "geometry": { "type": "MultiPoint", "coordinates": [ [ 654992.60385931248311, 6861268.314219046384096 ] ] } },
{ "type": "Feature", "properties": { "gid": 7978, "id_num_sca": "ADO75CA_ANO576", "id_parc": "PA9088", "quartier": "Faubourg Saint-Antoine", "nom_entier": "Rue du Faubourg Saint Antoine", "num_voies": "275", "num_sca": "ADO75CA_ANO576", "geox": 603666.0, "geoy": 127718.0 }, "geometry": { "type": "MultiPoint", "coordinates": [ [ 655005.279238429269753, 6861264.766321061179042 ] ] } },
{ "type": "Feature", "properties": { "gid": 7979, "id_num_sca": "ADO75CA_ANO576", "id_parc": "PA9085", "quartier": "Faubourg Saint-Antoine", "nom_entier": "Rue du Faubourg Saint Antoine", "num_voies": "277", "num_sca": "ADO75CA_ANO576", "geox": 603680.0, "geoy": 127714.0 }, "geometry": { "type": "MultiPoint", "coordinates": [ [ 655016.37772162957117, 6861262.555181018076837 ] ] } },
{ "type": "Feature", "properties": { "gid": 7980, "id_num_sca": "ADO75CA_ANO576", "id_parc": "PA9083", "quartier": "Faubourg Saint-Antoine", "nom_entier": "Rue du Faubourg Saint Antoine", "num_voies": "279", "num_sca": "ADO75CA_ANO576", "geox": 603693.0, "geoy": 127711.0 }, "geometry": { "type": "MultiPoint", "coordinates": [ [ 655027.998862435109913, 6861259.545556116849184 ] ] } },
{ "type": "Feature", "properties": { "gid": 7981, "id_num_sca": "ADO75CA_ANO576", "id_parc": "PA9084", "quartier": "Faubourg Saint-Antoine", "nom_entier": "Rue du Faubourg Saint Antoine", "num_voies": "281", "num_sca": "ADO75CA_ANO576", "geox": 603704.0, "geoy": 127709.0 }, "geometry": { "type": "MultiPoint", "coordinates": [ [ 655047.275487224571407, 6861254.08913460187614 ] ] } },
{ "type": "Feature", "properties": { "gid": 7982, "id_num_sca": "ADO75CA_ANO576", "id_parc": "PA9082", "quartier": "Faubourg Saint-Antoine", "nom_entier": "Rue du Faubourg Saint Antoine", "num_voies": "283", "num_sca": "ADO75CA_ANO576", "geox": 603716.0, "geoy": 127706.0 }, "geometry": { "type": "MultiPoint", "coordinates": [ [ 655071.181681496324018, 6861248.32897028978914 ] ] } },
{ "type": "Feature", "properties": { "gid": 7983, "id_num_sca": "ADO75CA_ANO576", "id_parc": "PA9080", "quartier": "Faubourg Saint-Antoine", "nom_entier": "Rue du Faubourg Saint Antoine", "num_voies": "285", "num_sca": "ADO75CA_ANO576", "geox": 603735.0, "geoy": 127701.0 }, "geometry": { "type": "MultiPoint", "coordinates": [ [ 655102.083900699391961, 6861240.392256944440305 ] ] } },
{ "type": "Feature", "properties": { "gid": 7984, "id_num_sca": "ADO75CA_ANO576", "id_parc": "PA9079", "quartier": "Faubourg Saint-Antoine", "nom_entier": "Rue du Faubourg Saint Antoine", "num_voies": "287", "num_sca": "ADO75CA_ANO576", "geox": 603759.0, "geoy": 127695.0 }, "geometry": { "type": "MultiPoint", "coordinates": [ [ 655114.759273864096031, 6861236.844348288141191 ] ] } },
{ "type": "Feature", "properties": { "gid": 7985, "id_num_sca": "ADO75CA_ANO576", "id_parc": "PA9078", "quartier": "Faubourg Saint-Antoine", "nom_entier": "Rue du Faubourg Saint Antoine", "num_voies": "291", "num_sca": "ADO75CA_ANO576", "geox": 603790.0, "geoy": 127687.0 }, "geometry": { "type": "MultiPoint", "coordinates": [ [ 655132.982770233647898, 6861232.058526664040983 ] ] } },
{ "type": "Feature", "properties": { "gid": 7987, "id_num_sca": "ADO75CA_ANO576", "id_parc": "PA9077", "quartier": "Faubourg Saint-Antoine", "nom_entier": "Rue du Faubourg Saint Antoine", "num_voies": "295", "num_sca": "ADO75CA_ANO576", "geox": 603821.0, "geoy": 127679.0 }, "geometry": { "type": "MultiPoint", "coordinates": [ [ 655160.459829170024022, 6861226.003533456474543 ] ] } },
{ "type": "Feature", "properties": { "gid": 7988, "id_num_sca": "ADO75CA_ANO576", "id_parc": "PA9076", "quartier": "Faubourg Saint-Antoine", "nom_entier": "Rue du Faubourg Saint Antoine", "num_voies": "297", "num_sca": "ADO75CA_ANO576", "geox": 603849.0, "geoy": 127673.0 }, "geometry": { "type": "MultiPoint", "coordinates": [ [ 655177.1053139626747, 6861222.42212969250977 ] ] } },
{ "type": "Feature", "properties": { "gid": 7989, "id_num_sca": "ADO75CA_ANO576", "id_parc": "PA9075", "quartier": "Faubourg Saint-Antoine", "nom_entier": "Rue du Faubourg Saint Antoine", "num_voies": "299", "num_sca": "ADO75CA_ANO576", "geox": 603865.0, "geoy": 127670.0 }, "geometry": { "type": "MultiPoint", "coordinates": [ [ 655188.729793074307963, 6861219.809499828144908 ] ] } },
{ "type": "Feature", "properties": { "gid": 7990, "id_num_sca": "ADO75CA_ANO576", "id_parc": "PA9106", "quartier": "Faubourg Saint-Antoine", "nom_entier": "Rue du Faubourg Saint Antoine", "num_voies": "301", "num_sca": "ADO75CA_ANO576", "geox": 603877.0, "geoy": 127668.0 }, "geometry": { "type": "MultiPoint", "coordinates": [ [ 655199.033130808733404, 6861217.472705294378102 ] ] } },
{ "type": "Feature", "properties": { "gid": 8089, "id_num_sca": "ADO75CA_ANO578", "id_parc": "PA9269", "quartier": "Faubourg Saint-Antoine", "nom_entier": "Rue de Charonne", "num_voies": "90", "num_sca": "ADO75CA_ANO578", "geox": 603568.0, "geoy": 128239.0 }, "geometry": { "type": "MultiPoint", "coordinates": [ [ 654835.730087867821567, 6861777.597879591397941 ] ] } },
{ "type": "Feature", "properties": { "gid": 7991, "id_num_sca": "ADO75CA_ANO576", "id_parc": "PA9074", "quartier": "Faubourg Saint-Antoine", "nom_entier": "Rue du Faubourg Saint Antoine", "num_voies": "303", "num_sca": "ADO75CA_ANO576", "geox": 603887.0, "geoy": 127665.0 }, "geometry": { "type": "MultiPoint", "coordinates": [ [ 655206.830984902451746, 6861216.215812547132373 ] ] } },
{ "type": "Feature", "properties": { "gid": 7992, "id_num_sca": "ADO75CA_ANO576", "id_parc": "PA9074", "quartier": "Faubourg Saint-Antoine", "nom_entier": "Rue du Faubourg Saint Antoine", "num_voies": "305", "num_sca": "ADO75CA_ANO576", "geox": 603895.0, "geoy": 127664.0 }, "geometry": { "type": "MultiPoint", "coordinates": [ [ 655213.565680307685398, 6861214.438504161313176 ] ] } },
{ "type": "Feature", "properties": { "gid": 7993, "id_num_sca": "ADO75CA_ANO576", "id_parc": "PA9070", "quartier": "Faubourg Saint-Antoine", "nom_entier": "Rue du Faubourg Saint Antoine", "num_voies": "307", "num_sca": "ADO75CA_ANO576", "geox": 603902.0, "geoy": 127662.0 }, "geometry": { "type": "MultiPoint", "coordinates": [ [ 655219.90559475729242, 6861212.929217501543462 ] ] } },
{ "type": "Feature", "properties": { "gid": 7994, "id_num_sca": "ADO75CA_ANO576", "id_parc": "PA9069", "quartier": "Faubourg Saint-Antoine", "nom_entier": "Rue du Faubourg Saint Antoine", "num_voies": "309", "num_sca": "ADO75CA_ANO576", "geox": 603908.0, "geoy": 127661.0 }, "geometry": { "type": "MultiPoint", "coordinates": [ [ 655227.69898696790915, 6861211.142977476119995 ] ] } },
{ "type": "Feature", "properties": { "gid": 7995, "id_num_sca": "ADO75CA_ANO576", "id_parc": "PA9071", "quartier": "Faubourg Saint-Antoine", "nom_entier": "Rue du Faubourg Saint Antoine", "num_voies": "311", "num_sca": "ADO75CA_ANO576", "geox": 603916.0, "geoy": 127659.0 }, "geometry": { "type": "MultiPoint", "coordinates": [ [ 655235.094252167618833, 6861209.227749629877508 ] ] } },
{ "type": "Feature", "properties": { "gid": 7996, "id_num_sca": "ADO75CA_ANO576", "id_parc": "PA9071", "quartier": "Faubourg Saint-Antoine", "nom_entier": "Rue du Faubourg Saint Antoine", "num_voies": "313", "num_sca": "ADO75CA_ANO576", "geox": 603923.0, "geoy": 127657.0 }, "geometry": { "type": "MultiPoint", "coordinates": [ [ 655244.602449948200956, 6861206.765313198789954 ] ] } },
{ "type": "Feature", "properties": { "gid": 7997, "id_num_sca": "ADO75CA_ANO576", "id_parc": "PA9068", "quartier": "Faubourg Saint-Antoine", "nom_entier": "Rue du Faubourg Saint Antoine", "num_voies": "315", "num_sca": "ADO75CA_ANO576", "geox": 603933.0, "geoy": 127655.0 }, "geometry": { "type": "MultiPoint", "coordinates": [ [ 655254.774563800543547, 6861204.561967032961547 ] ] } },
{ "type": "Feature", "properties": { "gid": 7998, "id_num_sca": "ADO75CA_ANO576", "id_parc": "PA9108", "quartier": "Faubourg Saint-Antoine", "nom_entier": "Rue du Faubourg Saint Antoine", "num_voies": "317", "num_sca": "ADO75CA_ANO576", "geox": 603943.0, "geoy": 127653.0 }, "geometry": { "type": "MultiPoint", "coordinates": [ [ 655265.870806474704295, 6861202.08613220974803 ] ] } },
{ "type": "Feature", "properties": { "gid": 7999, "id_num_sca": "ADO75CA_ANO576", "id_parc": "PA9109", "quartier": "Faubourg Saint-Antoine", "nom_entier": "Rue du Faubourg Saint Antoine", "num_voies": "319", "num_sca": "ADO75CA_ANO576", "geox": 603954.0, "geoy": 127650.0 }, "geometry": { "type": "MultiPoint", "coordinates": [ [ 655276.306478440295905, 6861199.748215015046299 ] ] } },
{ "type": "Feature", "properties": { "gid": 8000, "id_num_sca": "ADO75CA_ANO576", "id_parc": "PA9111", "quartier": "Faubourg Saint-Antoine", "nom_entier": "Rue du Faubourg Saint Antoine", "num_voies": "321", "num_sca": "ADO75CA_ANO576", "geox": 603965.0, "geoy": 127648.0 }, "geometry": { "type": "MultiPoint", "coordinates": [ [ 655291.104813685175031, 6861196.844108622521162 ] ] } },
{ "type": "Feature", "properties": { "gid": 8001, "id_num_sca": "ADO75CA_ANO576", "id_parc": "PA9110", "quartier": "Faubourg Saint-Antoine", "nom_entier": "Rue du Faubourg Saint Antoine", "num_voies": "323", "num_sca": "ADO75CA_ANO576", "geox": 603979.0, "geoy": 127645.0 }, "geometry": { "type": "MultiPoint", "coordinates": [ [ 655302.338969224831089, 6861195.028836544603109 ] ] } },
{ "type": "Feature", "properties": { "gid": 8002, "id_num_sca": "ADO75CA_ANO576", "id_parc": "PA9112", "quartier": "Faubourg Saint-Antoine", "nom_entier": "Rue du Faubourg Saint Antoine", "num_voies": "325", "num_sca": "ADO75CA_ANO576", "geox": 603991.0, "geoy": 127644.0 }, "geometry": { "type": "MultiPoint", "coordinates": [ [ 655310.797391089377925, 6861193.634018577635288 ] ] } },
{ "type": "Feature", "properties": { "gid": 8003, "id_num_sca": "ADO75CA_ANO576", "id_parc": "PA9113", "quartier": "Faubourg Saint-Antoine", "nom_entier": "Rue du Faubourg Saint Antoine", "num_voies": "325bis", "num_sca": "ADO75CA_ANO576", "geox": 603999.0, "geoy": 127642.0 }, "geometry": { "type": "MultiPoint", "coordinates": [ [ 655319.385919000254944, 6861191.973410618491471 ] ] } },
{ "type": "Feature", "properties": { "gid": 8004, "id_num_sca": "ADO75CA_ANO576", "id_parc": "PA9113", "quartier": "Faubourg Saint-Antoine", "nom_entier": "Rue du Faubourg Saint Antoine", "num_voies": "327", "num_sca": "ADO75CA_ANO576", "geox": 604008.0, "geoy": 127641.0 }, "geometry": { "type": "MultiPoint", "coordinates": [ [ 655327.307183789089322, 6861189.656702140346169 ] ] } },
{ "type": "Feature", "properties": { "gid": 8005, "id_num_sca": "ADO75CA_ANO576", "id_parc": "PA9114", "quartier": "Faubourg Saint-Antoine", "nom_entier": "Rue du Faubourg Saint Antoine", "num_voies": "327bis", "num_sca": "ADO75CA_ANO576", "geox": 604016.0, "geoy": 127639.0 }, "geometry": { "type": "MultiPoint", "coordinates": [ [ 655340.109305175952613, 6861185.445972517132759 ] ] } },
{ "type": "Feature", "properties": { "gid": 8007, "id_num_sca": "ADO75CA_ANO578", "id_parc": "PA9030", "quartier": "Faubourg Saint-Antoine", "nom_entier": "Rue du Faubourg Saint Antoine", "num_voies": "331", "num_sca": "ADO75CA_ANO576", "geox": 604041.0, "geoy": 127632.0 }, "geometry": { "type": "MultiPoint", "coordinates": [ [ 654619.010622620815411, 6861338.399459668435156 ] ] } },
{ "type": "Feature", "properties": { "gid": 8008, "id_num_sca": "ADO75CA_ANO578", "id_parc": "PA9032", "quartier": "Faubourg Saint-Antoine", "nom_entier": "Rue Saint Bernard", "num_voies": "197", "num_sca": "ADO75CA_ANO578", "geox": 603306.0, "geoy": 127781.0 }, "geometry": { "type": "MultiPoint", "coordinates": [ [ 654624.835431630490348, 6861339.712941771373153 ] ] } },
{ "type": "Feature", "properties": { "gid": 8009, "id_num_sca": "ADO75CA_ANO578", "id_parc": "PA9031", "quartier": "Faubourg Saint-Antoine", "nom_entier": "Rue du Faubourg Saint Antoine", "num_voies": "199", "num_sca": "ADO75CA_ANO578", "geox": 603312.0, "geoy": 127783.0 }, "geometry": { "type": "MultiPoint", "coordinates": [ [ 654631.279241612297483, 6861339.022739719599485 ] ] } },
{ "type": "Feature", "properties": { "gid": 8010, "id_num_sca": "ADO75CA_ANO578", "id_parc": "PA9028", "quartier": "Faubourg Saint-Antoine", "nom_entier": "Rue du Faubourg Saint Antoine", "num_voies": "201", "num_sca": "ADO75CA_ANO578", "geox": 603318.0, "geoy": 127782.0 }, "geometry": { "type": "MultiPoint", "coordinates": [ [ 654641.089240156114101, 6861338.940032481215894 ] ] } },
{ "type": "Feature", "properties": { "gid": 8011, "id_num_sca": "ADO75CA_ANO578", "id_parc": "PA9025", "quartier": "Faubourg Saint-Antoine", "nom_entier": "Rue du Faubourg Saint Antoine", "num_voies": "203", "num_sca": "ADO75CA_ANO578", "geox": 603328.0, "geoy": 127782.0 }, "geometry": { "type": "MultiPoint", "coordinates": [ [ 654650.718337176949717, 6861338.949688955210149 ] ] } },
{ "type": "Feature", "properties": { "gid": 8012, "id_num_sca": "ADO75CA_ANO578", "id_parc": "PA9027", "quartier": "Faubourg Saint-Antoine", "nom_entier": "Rue du Faubourg Saint Antoine", "num_voies": "205", "num_sca": "ADO75CA_ANO578", "geox": 603338.0, "geoy": 127782.0 }, "geometry": { "type": "MultiPoint", "coordinates": [ [ 654657.891874054679647, 6861338.616690428927541 ] ] } },
{ "type": "Feature", "properties": { "gid": 8013, "id_num_sca": "ADO75CA_ANO578", "id_parc": "PA9026", "quartier": "Faubourg Saint-Antoine", "nom_entier": "Rue du Faubourg Saint Antoine", "num_voies": "207", "num_sca": "ADO75CA_ANO578", "geox": 603345.0, "geoy": 127782.0 }, "geometry": { "type": "MultiPoint", "coordinates": [ [ 654664.616600236971863, 6861338.92335076071322 ] ] } },
{ "type": "Feature", "properties": { "gid": 8014, "id_num_sca": "ADO75CA_ANO578", "id_parc": "PA9023", "quartier": "Faubourg Saint-Antoine", "nom_entier": "Rue du Faubourg Saint Antoine", "num_voies": "209", "num_sca": "ADO75CA_ANO578", "geox": 603352.0, "geoy": 127782.0 }, "geometry": { "type": "MultiPoint", "coordinates": [ [ 654672.517568777548149, 6861338.675057618878782 ] ] } },
{ "type": "Feature", "properties": { "gid": 8015, "id_num_sca": "ADO75CA_ANO578", "id_parc": "PA9022", "quartier": "Faubourg Saint-Antoine", "nom_entier": "Rue du Faubourg Saint Antoine", "num_voies": "211", "num_sca": "ADO75CA_ANO578", "geox": 603360.0, "geoy": 127782.0 }, "geometry": { "type": "MultiPoint", "coordinates": [ [ 654681.511597708216868, 6861338.780905352905393 ] ] } },
{ "type": "Feature", "properties": { "gid": 8016, "id_num_sca": "ADO75CA_ANO578", "id_parc": "PA9021", "quartier": "Faubourg Saint-Antoine", "nom_entier": "Rue du Faubourg Saint Antoine", "num_voies": "213", "num_sca": "ADO75CA_ANO578", "geox": 603369.0, "geoy": 127782.0 }, "geometry": { "type": "MultiPoint", "coordinates": [ [ 654691.503262869664468, 6861338.696662334725261 ] ] } },
{ "type": "Feature", "properties": { "gid": 8017, "id_num_sca": "ADO75CA_ANO578", "id_parc": "PA9020", "quartier": "Faubourg Saint-Antoine", "nom_entier": "Rue du Faubourg Saint Antoine", "num_voies": "215", "num_sca": "ADO75CA_ANO578", "geox": 603379.0, "geoy": 127782.0 }, "geometry": { "type": "MultiPoint", "coordinates": [ [ 654702.583397535025142, 6861338.421562458388507 ] ] } },
{ "type": "Feature", "properties": { "gid": 8018, "id_num_sca": "ADO75CA_ANO578", "id_parc": "PA9020", "quartier": "Faubourg Saint-Antoine", "nom_entier": "Rue du Faubourg Saint Antoine", "num_voies": "217", "num_sca": "ADO75CA_ANO578", "geox": 603390.0, "geoy": 127782.0 }, "geometry": { "type": "MultiPoint", "coordinates": [ [ 654711.577426491421647, 6861338.527407957240939 ] ] } },
{ "type": "Feature", "properties": { "gid": 8019, "id_num_sca": "ADO75CA_ANO578", "id_parc": "PA9018", "quartier": "Faubourg Saint-Antoine", "nom_entier": "Rue du Faubourg Saint Antoine", "num_voies": "219", "num_sca": "ADO75CA_ANO578", "geox": 603399.0, "geoy": 127782.0 }, "geometry": { "type": "MultiPoint", "coordinates": [ [ 654719.75166006712243, 6861338.367647008039057 ] ] } },
{ "type": "Feature", "properties": { "gid": 8020, "id_num_sca": "ADO75CA_ANO578", "id_parc": "PA9019", "quartier": "Faubourg Saint-Antoine", "nom_entier": "Rue du Faubourg Saint Antoine", "num_voies": "221", "num_sca": "ADO75CA_ANO578", "geox": 603407.0, "geoy": 127782.0 }, "geometry": { "type": "MultiPoint", "coordinates": [ [ 654728.834992000949569, 6861338.291059611365199 ] ] } },
{ "type": "Feature", "properties": { "gid": 8021, "id_num_sca": "ADO75CA_ANO578", "id_parc": "PA9016", "quartier": "Faubourg Saint-Antoine", "nom_entier": "Rue du Faubourg Saint Antoine", "num_voies": "223", "num_sca": "ADO75CA_ANO578", "geox": 603416.0, "geoy": 127782.0 }, "geometry": { "type": "MultiPoint", "coordinates": [ [ 654737.554225463885814, 6861338.126702191308141 ] ] } },
{ "type": "Feature", "properties": { "gid": 8022, "id_num_sca": "ADO75CA_ANO578", "id_parc": "PA9014", "quartier": "Faubourg Saint-Antoine", "nom_entier": "Rue du Faubourg Saint Antoine", "num_voies": "225", "num_sca": "ADO75CA_ANO578", "geox": 603425.0, "geoy": 127782.0 }, "geometry": { "type": "MultiPoint", "coordinates": [ [ 654769.802349368459545, 6861338.127307709306479 ] ] } },
{ "type": "Feature", "properties": { "gid": 8023, "id_num_sca": "ADO75CA_ANO578", "id_parc": "PA9017", "quartier": "Faubourg Saint-Antoine", "nom_entier": "Rue Saint Julien", "num_voies": "233", "num_sca": "ADO75CA_ANO578", "geox": 603457.0, "geoy": 127782.0 }, "geometry": { "type": "MultiPoint", "coordinates": [ [ 654780.70311288384255, 6861338.126231110654771 ] ] } },
{ "type": "Feature", "properties": { "gid": 8024, "id_num_sca": "ADO75CA_ANO578", "id_parc": "PA9012", "quartier": "Faubourg Saint-Antoine", "nom_entier": "Rue Saint Julien", "num_voies": "1", "num_sca": "ADO75CA_ANO578", "geox": 603468.0, "geoy": 127782.0 }, "geometry": { "type": "MultiPoint", "coordinates": [ [ 654791.513043087325059, 6861338.125919454731047 ] ] } },
{ "type": "Feature", "properties": { "gid": 8025, "id_num_sca": "ADO75CA_ANO578", "id_parc": "PA26281", "quartier": "Faubourg Saint-Antoine", "nom_entier": "Rue de Montreuil", "num_voies": "3", "num_sca": "ADO75CA_ANO578", "geox": 603479.0, "geoy": 127783.0 }, "geometry": { "type": "MultiPoint", "coordinates": [ [ 654799.322412831243128, 6861337.787551079876721 ] ] } },
{ "type": "Feature", "properties": { "gid": 8026, "id_num_sca": "ADO75CA_ANO578", "id_parc": "PA9048", "quartier": "Faubourg Saint-Antoine", "nom_entier": "Rue de Montreuil", "num_voies": "5", "num_sca": "ADO75CA_ANO578", "geox": 603486.0, "geoy": 127782.0 }, "geometry": { "type": "MultiPoint", "coordinates": [ [ 654806.229571259114891, 6861338.183504536747932 ] ] } },
{ "type": "Feature", "properties": { "gid": 8027, "id_num_sca": "ADO75CA_ANO578", "id_parc": "PA9047", "quartier": "Faubourg Saint-Antoine", "nom_entier": "Rue de Montreuil", "num_voies": "7", "num_sca": "ADO75CA_ANO578", "geox": 603493.0, "geoy": 127783.0 }, "geometry": { "type": "MultiPoint", "coordinates": [ [ 654811.588737090467475, 6861338.138314225710928 ] ] } },
{ "type": "Feature", "properties": { "gid": 8028, "id_num_sca": "ADO75CA_ANO578", "id_parc": "PA9044", "quartier": "Faubourg Saint-Antoine", "nom_entier": "Rue de Montreuil", "num_voies": "9", "num_sca": "ADO75CA_ANO578", "geox": 603499.0, "geoy": 127783.0 }, "geometry": { "type": "MultiPoint", "coordinates": [ [ 654817.763107050093822, 6861337.813731559552252 ] ] } },
{ "type": "Feature", "properties": { "gid": 8029, "id_num_sca": "ADO75CA_ANO578", "id_parc": "PA9043", "quartier": "Faubourg Saint-Antoine", "nom_entier": "Rue de Montreuil", "num_voies": "11", "num_sca": "ADO75CA_ANO578", "geox": 603505.0, "geoy": 127782.0 }, "geometry": { "type": "MultiPoint", "coordinates": [ [ 654826.480809903005138, 6861337.467701989226043 ] ] } },
{ "type": "Feature", "properties": { "gid": 8030, "id_num_sca": "ADO75CA_ANO578", "id_parc": "PA9046", "quartier": "Faubourg Saint-Antoine", "nom_entier": "Rue de Montreuil", "num_voies": "13", "num_sca": "ADO75CA_ANO578", "geox": 603514.0, "geoy": 127782.0 }, "geometry": { "type": "MultiPoint", "coordinates": [ [ 654836.288512531784363, 6861337.112480296753347 ] ] } },
{ "type": "Feature", "properties": { "gid": 8031, "id_num_sca": "ADO75CA_ANO578", "id_parc": "PA9045", "quartier": "Faubourg Saint-Antoine", "nom_entier": "Rue de Montreuil", "num_voies": "15", "num_sca": "ADO75CA_ANO578", "geox": 603523.0, "geoy": 127782.0 }, "geometry": { "type": "MultiPoint", "coordinates": [ [ 654848.274684206582606, 6861336.557208868674934 ] ] } },
{ "type": "Feature", "properties": { "gid": 8032, "id_num_sca": "ADO75CA_ANO578", "id_parc": "PA9042", "quartier": "Faubourg Saint-Antoine", "nom_entier": "Rue de Montreuil", "num_voies": "17", "num_sca": "ADO75CA_ANO578", "geox": 603535.0, "geoy": 127781.0 }, "geometry": { "type": "MultiPoint", "coordinates": [ [ 654855.45204687397927, 6861336.678362999111414 ] ] } },
{ "type": "Feature", "properties": { "gid": 8033, "id_num_sca": "ADO75CA_ANO578", "id_parc": "PA9040", "quartier": "Faubourg Saint-Antoine", "nom_entier": "Rue de Montreuil", "num_voies": "19", "num_sca": "ADO75CA_ANO578", "geox": 603543.0, "geoy": 127782.0 }, "geometry": { "type": "MultiPoint", "coordinates": [ [ 654861.263083391357213, 6861336.356842005625367 ] ] } },
{ "type": "Feature", "properties": { "gid": 8034, "id_num_sca": "ADO75CA_ANO578", "id_parc": "PA9041", "quartier": "Faubourg Saint-Antoine", "nom_entier": "Rue de Montreuil", "num_voies": "21", "num_sca": "ADO75CA_ANO578", "geox": 603548.0, "geoy": 127781.0 }, "geometry": { "type": "MultiPoint", "coordinates": [ [ 654869.347248674021102, 6861336.288669796660542 ] ] } },
{ "type": "Feature", "properties": { "gid": 8035, "id_num_sca": "ADO75CA_ANO578", "id_parc": "PA9041", "quartier": "Faubourg Saint-Antoine", "nom_entier": "Rue de Montreuil", "num_voies": "23", "num_sca": "ADO75CA_ANO578", "geox": 603556.0, "geoy": 127781.0 }, "geometry": { "type": "MultiPoint", "coordinates": [ [ 654878.883216452319175, 6861336.026575474999845 ] ] } },
{ "type": "Feature", "properties": { "gid": 8036, "id_num_sca": "ADO75CA_ANO578", "id_parc": "PA9039", "quartier": "Faubourg Saint-Antoine", "nom_entier": "Rue de Montreuil", "num_voies": "25", "num_sca": "ADO75CA_ANO578", "geox": 603566.0, "geoy": 127781.0 }, "geometry": { "type": "MultiPoint", "coordinates": [ [ 654885.152245956007391, 6861336.155387739650905 ] ] } },
{ "type": "Feature", "properties": { "gid": 8037, "id_num_sca": "ADO75CA_ANO578", "id_parc": "PA9037", "quartier": "Faubourg Saint-Antoine", "nom_entier": "Rue de Montreuil", "num_voies": "27", "num_sca": "ADO75CA_ANO578", "geox": 603572.0, "geoy": 127781.0 }, "geometry": { "type": "MultiPoint", "coordinates": [ [ 654890.053418606636114, 6861335.659859557636082 ] ] } },
{ "type": "Feature", "properties": { "gid": 8038, "id_num_sca": "ADO75CA_ANO578", "id_parc": "PA9038", "quartier": "Faubourg Saint-Antoine", "nom_entier": "Rue de Montreuil", "num_voies": "29", "num_sca": "ADO75CA_ANO578", "geox": 603577.0, "geoy": 127781.0 }, "geometry": { "type": "MultiPoint", "coordinates": [ [ 654895.772091071936302, 6861335.157437169924378 ] ] } },
{ "type": "Feature", "properties": { "gid": 8039, "id_num_sca": "ADO75CA_ANO578", "id_parc": "PA9115", "quartier": "Faubourg Saint-Antoine", "nom_entier": "Rue de Montreuil", "num_voies": "31", "num_sca": "ADO75CA_ANO578", "geox": 603583.0, "geoy": 127780.0 }, "geometry": { "type": "MultiPoint", "coordinates": [ [ 654914.200539938756265, 6861333.730277014896274 ] ] } },
{ "type": "Feature", "properties": { "gid": 8040, "id_num_sca": "ADO75CA_ANO578", "id_parc": "PA9067", "quartier": "Faubourg Saint-Antoine", "nom_entier": "Rue de Montreuil", "num_voies": "33", "num_sca": "ADO75CA_ANO578", "geox": 603601.0, "geoy": 127779.0 }, "geometry": { "type": "MultiPoint", "coordinates": [ [ 654951.689442920032889, 6861330.416421703994274 ] ] } },
{ "type": "Feature", "properties": { "gid": 8041, "id_num_sca": "ADO75CA_ANO578", "id_parc": "PA9067", "quartier": "Faubourg Saint-Antoine", "nom_entier": "Rue de Montreuil", "num_voies": "35", "num_sca": "ADO75CA_ANO578", "geox": 603639.0, "geoy": 127776.0 }, "geometry": { "type": "MultiPoint", "coordinates": [ [ 654975.755678766174242, 6861329.668420263566077 ] ] } },
{ "type": "Feature", "properties": { "gid": 8042, "id_num_sca": "ADO75CA_ANO578", "id_parc": "PA9066", "quartier": "Faubourg Saint-Antoine", "nom_entier": "Rue de Montreuil", "num_voies": "37", "num_sca": "ADO75CA_ANO578", "geox": 603663.0, "geoy": 127776.0 }, "geometry": { "type": "MultiPoint", "coordinates": [ [ 655009.269344216911122, 6861328.931574114598334 ] ] } },
{ "type": "Feature", "properties": { "gid": 8043, "id_num_sca": "ADO75CA_ANO578", "id_parc": "PA9065", "quartier": "Faubourg Saint-Antoine", "nom_entier": "Rue de Montreuil", "num_voies": "39", "num_sca": "ADO75CA_ANO578", "geox": 603696.0, "geoy": 127775.0 }, "geometry": { "type": "MultiPoint", "coordinates": [ [ 655050.519149208208546, 6861329.946256143040955 ] ] } },
{ "type": "Feature", "properties": { "gid": 8044, "id_num_sca": "ADO75CA_ANO578", "id_parc": "PA9065", "quartier": "Faubourg Saint-Antoine", "nom_entier": "Rue de Montreuil", "num_voies": "41", "num_sca": "ADO75CA_ANO578", "geox": 603738.0, "geoy": 127777.0 }, "geometry": { "type": "MultiPoint", "coordinates": [ [ 655069.136151197715662, 6861329.335035992786288 ] ] } },
{ "type": "Feature", "properties": { "gid": 8045, "id_num_sca": "ADO75CA_ANO578", "id_parc": "PA9059", "quartier": "Faubourg Saint-Antoine", "nom_entier": "Rue de Montreuil", "num_voies": "43", "num_sca": "ADO75CA_ANO578", "geox": 603756.0, "geoy": 127776.0 }, "geometry": { "type": "MultiPoint", "coordinates": [ [ 655077.224908642121591, 6861329.811847092583776 ] ] } },
{ "type": "Feature", "properties": { "gid": 8046, "id_num_sca": "ADO75CA_ANO578", "id_parc": "PA9058", "quartier": "Faubourg Saint-Antoine", "nom_entier": "Rue de Montreuil", "num_voies": "45", "num_sca": "ADO75CA_ANO578", "geox": 603764.0, "geoy": 127777.0 }, "geometry": { "type": "MultiPoint", "coordinates": [ [ 655085.757116492139176, 6861329.013166796416044 ] ] } },
{ "type": "Feature", "properties": { "gid": 8047, "id_num_sca": "ADO75CA_ANO578", "id_parc": "PA9060", "quartier": "Faubourg Saint-Antoine", "nom_entier": "Rue de Montreuil", "num_voies": "47", "num_sca": "ADO75CA_ANO578", "geox": 603773.0, "geoy": 127776.0 }, "geometry": { "type": "MultiPoint", "coordinates": [ [ 655102.562810171628371, 6861329.053094459697604 ] ] } },
{ "type": "Feature", "properties": { "gid": 8048, "id_num_sca": "ADO75CA_ANO578", "id_parc": "PA9061", "quartier": "Faubourg Saint-Antoine", "nom_entier": "Rue de Montreuil", "num_voies": "49", "num_sca": "ADO75CA_ANO578", "geox": 603790.0, "geoy": 127776.0 }, "geometry": { "type": "MultiPoint", "coordinates": [ [ 655116.190868881181814, 6861329.301501458510756 ] ] } },
{ "type": "Feature", "properties": { "gid": 8049, "id_num_sca": "ADO75CA_ANO578", "id_parc": "PA9062", "quartier": "Faubourg Saint-Antoine", "nom_entier": "Rue de Montreuil", "num_voies": "51", "num_sca": "ADO75CA_ANO578", "geox": 603803.0, "geoy": 127776.0 }, "geometry": { "type": "MultiPoint", "coordinates": [ [ 655127.819829303771257, 6861329.475929956883192 ] ] } },
{ "type": "Feature", "properties": { "gid": 8050, "id_num_sca": "ADO75CA_ANO578", "id_parc": "PA9116", "quartier": "Faubourg Saint-Antoine", "nom_entier": "Rue de Montreuil", "num_voies": "53", "num_sca": "ADO75CA_ANO578", "geox": 603815.0, "geoy": 127777.0 }, "geometry": { "type": "MultiPoint", "coordinates": [ [ 655135.907056052237749, 6861329.771071393042803 ] ] } },
{ "type": "Feature", "properties": { "gid": 8051, "id_num_sca": "ADO75CA_ANO578", "id_parc": "PA9116", "quartier": "Faubourg Saint-Antoine", "nom_entier": "Rue de Montreuil", "num_voies": "55", "num_sca": "ADO75CA_ANO578", "geox": 603823.0, "geoy": 127777.0 }, "geometry": { "type": "MultiPoint", "coordinates": [ [ 655147.716152205481194, 6861329.762299882248044 ] ] } },
{ "type": "Feature", "properties": { "gid": 8052, "id_num_sca": "ADO75CA_ANO578", "id_parc": "PA9119", "quartier": "Faubourg Saint-Antoine", "nom_entier": "Rue de Montreuil", "num_voies": "57", "num_sca": "ADO75CA_ANO578", "geox": 603835.0, "geoy": 127777.0 }, "geometry": { "type": "MultiPoint", "coordinates": [ [ 655162.799840637715533, 6861330.270941147580743 ] ] } },
{ "type": "Feature", "properties": { "gid": 8053, "id_num_sca": "ADO75CA_ANO578", "id_parc": "PA9118", "quartier": "Faubourg Saint-Antoine", "nom_entier": "Rue de Montreuil", "num_voies": "59", "num_sca": "ADO75CA_ANO578", "geox": 603850.0, "geoy": 127778.0 }, "geometry": { "type": "MultiPoint", "coordinates": [ [ 655167.707136065000668, 6861330.502064665779471 ] ] } },
{ "type": "Feature", "properties": { "gid": 8054, "id_num_sca": "ADO75CA_ANO578", "id_parc": "PA9120", "quartier": "Faubourg Saint-Antoine", "nom_entier": "Rue de Montreuil", "num_voies": "59bis", "num_sca": "ADO75CA_ANO578", "geox": 603855.0, "geoy": 127778.0 }, "geometry": { "type": "MultiPoint", "coordinates": [ [ 655172.343462590593845, 6861330.917152360081673 ] ] } },
{ "type": "Feature", "properties": { "gid": 8055, "id_num_sca": "ADO75CA_ANO578", "id_parc": "PA9121", "quartier": "Faubourg Saint-Antoine", "nom_entier": "Rue de Montreuil", "num_voies": "61", "num_sca": "ADO75CA_ANO578", "geox": 603860.0, "geoy": 127779.0 }, "geometry": { "type": "MultiPoint", "coordinates": [ [ 655178.156029149773531, 6861330.777281886897981 ] ] } },
{ "type": "Feature", "properties": { "gid": 8056, "id_num_sca": "ADO75CA_ANO578", "id_parc": "PA9122", "quartier": "Faubourg Saint-Antoine", "nom_entier": "Rue de Montreuil", "num_voies": "63", "num_sca": "ADO75CA_ANO578", "geox": 603865.0, "geoy": 127778.0 }, "geometry": { "type": "MultiPoint", "coordinates": [ [ 655186.153188335476443, 6861331.164019047282636 ] ] } },
{ "type": "Feature", "properties": { "gid": 8057, "id_num_sca": "ADO75CA_ANO578", "id_parc": "PA9122", "quartier": "Faubourg Saint-Antoine", "nom_entier": "Rue de Montreuil", "num_voies": "65", "num_sca": "ADO75CA_ANO578", "geox": 603873.0, "geoy": 127779.0 }, "geometry": { "type": "MultiPoint", "coordinates": [ [ 655197.869154760497622, 6861330.883510268293321 ] ] } },
{ "type": "Feature", "properties": { "gid": 8058, "id_num_sca": "ADO75CA_ANO578", "id_parc": "PA9122", "quartier": "Faubourg Saint-Antoine", "nom_entier": "Rue de Montreuil", "num_voies": "67", "num_sca": "ADO75CA_ANO578", "geox": 603885.0, "geoy": 127779.0 }, "geometry": { "type": "MultiPoint", "coordinates": [ [ 655204.86561650596559, 6861331.09700898360461 ] ] } },
{ "type": "Feature", "properties": { "gid": 8059, "id_num_sca": "ADO75CA_ANO578", "id_parc": "PA9123", "quartier": "Faubourg Saint-Antoine", "nom_entier": "Rue de Montreuil", "num_voies": "69", "num_sca": "ADO75CA_ANO578", "geox": 603892.0, "geoy": 127779.0 }, "geometry": { "type": "MultiPoint", "coordinates": [ [ 655210.412572941160761, 6861331.776931466534734 ] ] } },
{ "type": "Feature", "properties": { "gid": 8060, "id_num_sca": "ADO75CA_ANO578", "id_parc": "PA9124", "quartier": "Faubourg Saint-Antoine", "nom_entier": "Rue de Montreuil", "num_voies": "71", "num_sca": "ADO75CA_ANO578", "geox": 603898.0, "geoy": 127780.0 }, "geometry": { "type": "MultiPoint", "coordinates": [ [ 655217.408269222592935, 6861331.899596589617431 ] ] } },
{ "type": "Feature", "properties": { "gid": 8061, "id_num_sca": "ADO75CA_ANO578", "id_parc": "PA9126", "quartier": "Faubourg Saint-Antoine", "nom_entier": "Rue de Montreuil", "num_voies": "73", "num_sca": "ADO75CA_ANO578", "geox": 603905.0, "geoy": 127780.0 }, "geometry": { "type": "MultiPoint", "coordinates": [ [ 655224.040632263175212, 6861332.025326307862997 ] ] } },
{ "type": "Feature", "properties": { "gid": 8062, "id_num_sca": "ADO75CA_ANO578", "id_parc": "PA9125", "quartier": "Faubourg Saint-Antoine", "nom_entier": "Rue de Montreuil", "num_voies": "75", "num_sca": "ADO75CA_ANO578", "geox": 603911.0, "geoy": 127780.0 }, "geometry": { "type": "MultiPoint", "coordinates": [ [ 655230.311958717880771, 6861332.426619288511574 ] ] } },
{ "type": "Feature", "properties": { "gid": 8063, "id_num_sca": "ADO75CA_ANO578", "id_parc": "PA9127", "quartier": "Faubourg Saint-Antoine", "nom_entier": "Rue de Montreuil", "num_voies": "77", "num_sca": "ADO75CA_ANO578", "geox": 603917.0, "geoy": 127781.0 }, "geometry": { "type": "MultiPoint", "coordinates": [ [ 655237.579389452468604, 6861332.456151618622243 ] ] } },
{ "type": "Feature", "properties": { "gid": 8064, "id_num_sca": "ADO75CA_ANO578", "id_parc": "PA9127", "quartier": "Faubourg Saint-Antoine", "nom_entier": "Rue de Montreuil", "num_voies": "79", "num_sca": "ADO75CA_ANO578", "geox": 603925.0, "geoy": 127781.0 }, "geometry": { "type": "MultiPoint", "coordinates": [ [ 655242.12182075122837, 6861332.508671428076923 ] ] } },
{ "type": "Feature", "properties": { "gid": 8065, "id_num_sca": "ADO75CA_ANO578", "id_parc": "PA9127", "quartier": "Faubourg Saint-Antoine", "nom_entier": "Rue de Montreuil", "num_voies": "81", "num_sca": "ADO75CA_ANO578", "geox": 603929.0, "geoy": 127781.0 }, "geometry": { "type": "MultiPoint", "coordinates": [ [ 655253.113417405635118, 6861332.506785992532969 ] ] } },
{ "type": "Feature", "properties": { "gid": 8090, "id_num_sca": "ADO75CA_ANO578", "id_parc": "PA9008", "quartier": "Faubourg Saint-Antoine", "nom_entier": "Rue de Charonne", "num_voies": "88", "num_sca": "ADO75CA_ANO578", "geox": 603519.0, "geoy": 128222.0 }, "geometry": { "type": "MultiPoint", "coordinates": [ [ 654778.948657841421664, 6861755.275927263312042 ] ] } },
{ "type": "Feature", "properties": { "gid": 8091, "id_num_sca": "ADO75CA_ANO578", "id_parc": "PA9008", "quartier": "Faubourg Saint-Antoine", "nom_entier": "Rue de Charonne", "num_voies": "86", "num_sca": "ADO75CA_ANO578", "geox": 603463.0, "geoy": 128200.0 }, "geometry": { "type": "MultiPoint", "coordinates": [ [ 654742.962248150492087, 6861742.861813616007566 ] ] } },
{ "type": "Feature", "properties": { "gid": 8092, "id_num_sca": "ADO75CA_ANO578", "id_parc": "PA9008", "quartier": "Faubourg Saint-Antoine", "nom_entier": "Rue de Charonne", "num_voies": "84", "num_sca": "ADO75CA_ANO578", "geox": 603427.0, "geoy": 128187.0 }, "geometry": { "type": "MultiPoint", "coordinates": [ [ 654701.044115416938439, 6861727.227477485314012 ] ] } },
{ "type": "Feature", "properties": { "gid": 8093, "id_num_sca": "ADO75CA_ANO578", "id_parc": "PA9008", "quartier": "Faubourg Saint-Antoine", "nom_entier": "Rue de Charonne", "num_voies": "82", "num_sca": "ADO75CA_ANO578", "geox": 603385.0, "geoy": 128171.0 }, "geometry": { "type": "MultiPoint", "coordinates": [ [ 654668.246079501579516, 6861715.876537337899208 ] ] } },
{ "type": "Feature", "properties": { "gid": 8094, "id_num_sca": "ADO75CA_ANO578", "id_parc": "PA9005", "quartier": "Faubourg Saint-Antoine", "nom_entier": "Rue de Charonne", "num_voies": "80", "num_sca": "ADO75CA_ANO578", "geox": 603352.0, "geoy": 128159.0 }, "geometry": { "type": "MultiPoint", "coordinates": [ [ 654618.530814086319879, 6861702.033867341466248 ] ] } },
{ "type": "Feature", "properties": { "gid": 8095, "id_num_sca": "ADO75CA_ANO578", "id_parc": "PA9001", "quartier": "Faubourg Saint-Antoine", "nom_entier": "Rue de Charonne", "num_voies": "78", "num_sca": "ADO75CA_ANO578", "geox": 603303.0, "geoy": 128145.0 }, "geometry": { "type": "MultiPoint", "coordinates": [ [ 654603.779813633067533, 6861697.888767569325864 ] ] } },
{ "type": "Feature", "properties": { "gid": 8096, "id_num_sca": "ADO75CA_ANO578", "id_parc": "PA9003", "quartier": "Faubourg Saint-Antoine", "nom_entier": "Rue de Charonne", "num_voies": "76", "num_sca": "ADO75CA_ANO578", "geox": 603288.0, "geoy": 128141.0 }, "geometry": { "type": "MultiPoint", "coordinates": [ [ 654564.446367551223375, 6861687.137937220744789 ] ] } },
{ "type": "Feature", "properties": { "gid": 8097, "id_num_sca": "ADO75CA_ANO578", "id_parc": "PA9002", "quartier": "Faubourg Saint-Antoine", "nom_entier": "Rue de Charonne", "num_voies": "74", "num_sca": "ADO75CA_ANO578", "geox": 603249.0, "geoy": 128130.0 }, "geometry": { "type": "MultiPoint", "coordinates": [ [ 654550.783078491105698, 6861682.711143038235605 ] ] } },
{ "type": "Feature", "properties": { "gid": 8098, "id_num_sca": "ADO75CA_ANO578", "id_parc": "PA9010", "quartier": "Faubourg Saint-Antoine", "nom_entier": "Rue de Charonne", "num_voies": "72", "num_sca": "ADO75CA_ANO578", "geox": 603235.0, "geoy": 128125.0 }, "geometry": { "type": "MultiPoint", "coordinates": [ [ 654632.337482035974972, 6861507.793401826173067 ] ] } },
{ "type": "Feature", "properties": { "gid": 8099, "id_num_sca": "ADO75CA_ANO578", "id_parc": "PA9036", "quartier": "Faubourg Saint-Antoine", "nom_entier": "Rue Saint Bernard", "num_voies": "26", "num_sca": "ADO75CA_ANO578", "geox": 603318.0, "geoy": 127951.0 }, "geometry": { "type": "MultiPoint", "coordinates": [ [ 654630.358610076131299, 6861488.55212318431586 ] ] } },
{ "type": "Feature", "properties": { "gid": 8100, "id_num_sca": "ADO75CA_ANO578", "id_parc": "PA9036", "quartier": "Faubourg Saint-Antoine", "nom_entier": "Rue Saint Bernard", "num_voies": "24", "num_sca": "ADO75CA_ANO578", "geox": 603316.0, "geoy": 127932.0 }, "geometry": { "type": "MultiPoint", "coordinates": [ [ 654629.185977258952335, 6861478.751350636593997 ] ] } },
{ "type": "Feature", "properties": { "gid": 8101, "id_num_sca": "ADO75CA_ANO578", "id_parc": "PA26278", "quartier": "Faubourg Saint-Antoine", "nom_entier": "Rue Saint Bernard", "num_voies": "22", "num_sca": "ADO75CA_ANO578", "geox": 603315.0, "geoy": 127922.0 }, "geometry": { "type": "MultiPoint", "coordinates": [ [ 654628.094231645925902, 6861467.768984447233379 ] ] } },
{ "type": "Feature", "properties": { "gid": 8102, "id_num_sca": "ADO75CA_ANO578", "id_parc": "PA9033", "quartier": "Faubourg Saint-Antoine", "nom_entier": "Rue Saint Bernard", "num_voies": "20", "num_sca": "ADO75CA_ANO578", "geox": 603314.0, "geoy": 127911.0 }, "geometry": { "type": "MultiPoint", "coordinates": [ [ 654625.958177522057667, 6861451.435898337513208 ] ] } },
{ "type": "Feature", "properties": { "gid": 8103, "id_num_sca": "ADO75CA_ANO578", "id_parc": "PA9049", "quartier": "Faubourg Saint-Antoine", "nom_entier": "Rue Saint Bernard", "num_voies": "18", "num_sca": "ADO75CA_ANO578", "geox": 603312.0, "geoy": 127894.0 }, "geometry": { "type": "MultiPoint", "coordinates": [ [ 654624.687826050096191, 6861440.818397996015847 ] ] } },
{ "type": "Feature", "properties": { "gid": 8104, "id_num_sca": "ADO75CA_ANO578", "id_parc": "PA9049", "quartier": "Faubourg Saint-Antoine", "nom_entier": "Rue Saint Bernard", "num_voies": "16", "num_sca": "ADO75CA_ANO578", "geox": 603311.0, "geoy": 127884.0 }, "geometry": { "type": "MultiPoint", "coordinates": [ [ 654623.513663904508576, 6861430.835963372141123 ] ] } },
{ "type": "Feature", "properties": { "gid": 8105, "id_num_sca": "ADO75CA_ANO578", "id_parc": "PA9049", "quartier": "Faubourg Saint-Antoine", "nom_entier": "Rue Saint Bernard", "num_voies": "14", "num_sca": "ADO75CA_ANO578", "geox": 603310.0, "geoy": 127874.0 }, "geometry": { "type": "MultiPoint", "coordinates": [ [ 654622.142533129313961, 6861419.038402449339628 ] ] } },
{ "type": "Feature", "properties": { "gid": 8106, "id_num_sca": "ADO75CA_ANO578", "id_parc": "PA9024", "quartier": "Faubourg Saint-Antoine", "nom_entier": "Rue Saint Bernard", "num_voies": "12", "num_sca": "ADO75CA_ANO578", "geox": 603309.0, "geoy": 127862.0 }, "geometry": { "type": "MultiPoint", "coordinates": [ [ 654620.393532203277573, 6861405.518080259673297 ] ] } },
{ "type": "Feature", "properties": { "gid": 8107, "id_num_sca": "ADO75CA_ANO578", "id_parc": "PA9024", "quartier": "Faubourg Saint-Antoine", "nom_entier": "Rue Saint Bernard", "num_voies": "10", "num_sca": "ADO75CA_ANO578", "geox": 603307.0, "geoy": 127848.0 }, "geometry": { "type": "MultiPoint", "coordinates": [ [ 654618.240647928440012, 6861387.186678363010287 ] ] } },
{ "type": "Feature", "properties": { "gid": 8108, "id_num_sca": "ADO75CA_ANO578", "id_parc": "PA9029", "quartier": "Faubourg Saint-Antoine", "nom_entier": "Rue Saint Bernard", "num_voies": "8", "num_sca": "ADO75CA_ANO578", "geox": 603305.0, "geoy": 127830.0 }, "geometry": { "type": "MultiPoint", "coordinates": [ [ 654617.140487957280129, 6861375.205158443190157 ] ] } },
{ "type": "Feature", "properties": { "gid": 8109, "id_num_sca": "ADO75CA_ANO578", "id_parc": "PA9030", "quartier": "Faubourg Saint-Antoine", "nom_entier": "Rue Saint Bernard", "num_voies": "6", "num_sca": "ADO75CA_ANO578", "geox": 603304.0, "geoy": 127818.0 }, "geometry": { "type": "MultiPoint", "coordinates": [ [ 654615.662457983358763, 6861361.500877911224961 ] ] } },
{ "type": "Feature", "properties": { "gid": 8110, "id_num_sca": "ADO75CA_ANO578", "id_parc": "PA9030", "quartier": "Faubourg Saint-Antoine", "nom_entier": "Rue Saint Bernard", "num_voies": "4", "num_sca": "ADO75CA_ANO578", "geox": 603303.0, "geoy": 127804.0 }, "geometry": { "type": "MultiPoint", "coordinates": [ [ 654613.922639698488638, 6861349.070556642487645 ] ] } },
{ "type": "Feature", "properties": { "gid": 8111, "id_num_sca": "ADO75CA_ANO579", "id_parc": "PA8936", "quartier": "Faubourg Saint-Antoine", "nom_entier": "Rue Saint Bernard", "num_voies": "2", "num_sca": "ADO75CA_ANO578", "geox": 603301.0, "geoy": 127792.0 }, "geometry": { "type": "MultiPoint", "coordinates": [ [ 654478.035001167445444, 6861663.600548422895372 ] ] } },
{ "type": "Feature", "properties": { "gid": 8112, "id_num_sca": "ADO75CA_ANO579", "id_parc": "PA8936", "quartier": "Faubourg Saint-Antoine", "nom_entier": "Rue de Charonne", "num_voies": "60", "num_sca": "ADO75CA_ANO579", "geox": 603162.0, "geoy": 128105.0 }, "geometry": { "type": "MultiPoint", "coordinates": [ [ 654490.26902008743491, 6861666.597290493547916 ] ] } },
{ "type": "Feature", "properties": { "gid": 8113, "id_num_sca": "ADO75CA_ANO579", "id_parc": "PA8931", "quartier": "Faubourg Saint-Antoine", "nom_entier": "Rue de Charonne", "num_voies": "62", "num_sca": "ADO75CA_ANO579", "geox": 603175.0, "geoy": 128108.0 }, "geometry": { "type": "MultiPoint", "coordinates": [ [ 654501.505223825806752, 6861670.031655651517212 ] ] } },
{ "type": "Feature", "properties": { "gid": 8114, "id_num_sca": "ADO75CA_ANO579", "id_parc": "PA8934", "quartier": "Faubourg Saint-Antoine", "nom_entier": "Rue de Charonne", "num_voies": "64", "num_sca": "ADO75CA_ANO579", "geox": 603186.0, "geoy": 128112.0 }, "geometry": { "type": "MultiPoint", "coordinates": [ [ 654516.370472379843704, 6861674.007711220532656 ] ] } },
{ "type": "Feature", "properties": { "gid": 8115, "id_num_sca": "ADO75CA_ANO579", "id_parc": "PA8933", "quartier": "Faubourg Saint-Antoine", "nom_entier": "Rue de Charonne", "num_voies": "66", "num_sca": "ADO75CA_ANO579", "geox": 603201.0, "geoy": 128116.0 }, "geometry": { "type": "MultiPoint", "coordinates": [ [ 654539.125576514634304, 6861669.14223422575742 ] ] } },
{ "type": "Feature", "properties": { "gid": 8116, "id_num_sca": "ADO75CA_ANO579", "id_parc": "PA8935", "quartier": "Faubourg Saint-Antoine", "nom_entier": "Rue Saint Bernard", "num_voies": "41", "num_sca": "ADO75CA_ANO579", "geox": 603223.0, "geoy": 128111.0 }, "geometry": { "type": "MultiPoint", "coordinates": [ [ 654545.111449756193906, 6861655.070819854736328 ] ] } },
{ "type": "Feature", "properties": { "gid": 8117, "id_num_sca": "ADO75CA_ANO579", "id_parc": "PA9000", "quartier": "Faubourg Saint-Antoine", "nom_entier": "Rue Saint Bernard", "num_voies": "39", "num_sca": "ADO75CA_ANO579", "geox": 603230.0, "geoy": 128097.0 }, "geometry": { "type": "MultiPoint", "coordinates": [ [ 654553.121360397781245, 6861637.834783518686891 ] ] } },
{ "type": "Feature", "properties": { "gid": 8118, "id_num_sca": "ADO75CA_ANO579", "id_parc": "PA8998", "quartier": "Faubourg Saint-Antoine", "nom_entier": "Rue Saint Bernard", "num_voies": "35", "num_sca": "ADO75CA_ANO579", "geox": 603238.0, "geoy": 128080.0 }, "geometry": { "type": "MultiPoint", "coordinates": [ [ 654557.102471297141165, 6861629.216967081651092 ] ] } },
{ "type": "Feature", "properties": { "gid": 8119, "id_num_sca": "ADO75CA_ANO579", "id_parc": "PA8999", "quartier": "Faubourg Saint-Antoine", "nom_entier": "Rue Saint Bernard", "num_voies": "33", "num_sca": "ADO75CA_ANO579", "geox": 603242.0, "geoy": 128072.0 }, "geometry": { "type": "MultiPoint", "coordinates": [ [ 654564.551379133248702, 6861613.320991300046444 ] ] } },
{ "type": "Feature", "properties": { "gid": 8120, "id_num_sca": "ADO75CA_ANO579", "id_parc": "PA8974", "quartier": "Faubourg Saint-Antoine", "nom_entier": "Rue Saint Bernard", "num_voies": "31", "num_sca": "ADO75CA_ANO579", "geox": 603249.0, "geoy": 128056.0 }, "geometry": { "type": "MultiPoint", "coordinates": [ [ 654629.599145777057856, 6861516.819762577302754 ] ] } },
{ "type": "Feature", "properties": { "gid": 8121, "id_num_sca": "ADO75CA_ANO579", "id_parc": "PA8975", "quartier": "Faubourg Saint-Antoine", "nom_entier": "Rue Saint Bernard", "num_voies": "21", "num_sca": "ADO75CA_ANO579", "geox": 603315.0, "geoy": 127960.0 }, "geometry": { "type": "MultiPoint", "coordinates": [ [ 654624.068755764164962, 6861471.904915182851255 ] ] } },
{ "type": "Feature", "properties": { "gid": 8122, "id_num_sca": "ADO75CA_ANO579", "id_parc": "PA8976", "quartier": "Faubourg Saint-Antoine", "nom_entier": "Rue Saint Bernard", "num_voies": "19", "num_sca": "ADO75CA_ANO579", "geox": 603310.0, "geoy": 127915.0 }, "geometry": { "type": "MultiPoint", "coordinates": [ [ 654621.845625164918602, 6861455.67917076125741 ] ] } },
{ "type": "Feature", "properties": { "gid": 8123, "id_num_sca": "ADO75CA_ANO579", "id_parc": "PA8977", "quartier": "Faubourg Saint-Antoine", "nom_entier": "Rue Saint Bernard", "num_voies": "17", "num_sca": "ADO75CA_ANO579", "geox": 603308.0, "geoy": 127899.0 }, "geometry": { "type": "MultiPoint", "coordinates": [ [ 654620.16729430842679, 6861442.205926741473377 ] ] } },
{ "type": "Feature", "properties": { "gid": 8124, "id_num_sca": "ADO75CA_ANO579", "id_parc": "PA8978", "quartier": "Faubourg Saint-Antoine", "nom_entier": "Rue Saint Bernard", "num_voies": "15", "num_sca": "ADO75CA_ANO579", "geox": 603306.0, "geoy": 127885.0 }, "geometry": { "type": "MultiPoint", "coordinates": [ [ 654618.489591424935497, 6861428.807194876484573 ] ] } },
{ "type": "Feature", "properties": { "gid": 8125, "id_num_sca": "ADO75CA_ANO579", "id_parc": "PA8979", "quartier": "Faubourg Saint-Antoine", "nom_entier": "Rue Saint Bernard", "num_voies": "13", "num_sca": "ADO75CA_ANO579", "geox": 603305.0, "geoy": 127872.0 }, "geometry": { "type": "MultiPoint", "coordinates": [ [ 654617.295984376571141, 6861419.800825278274715 ] ] } },
{ "type": "Feature", "properties": { "gid": 8126, "id_num_sca": "ADO75CA_ANO579", "id_parc": "PA8980", "quartier": "Faubourg Saint-Antoine", "nom_entier": "Rue Saint Bernard", "num_voies": "11", "num_sca": "ADO75CA_ANO579", "geox": 603304.0, "geoy": 127863.0 }, "geometry": { "type": "MultiPoint", "coordinates": [ [ 654614.590643057832494, 6861399.406259481795132 ] ] } },
{ "type": "Feature", "properties": { "gid": 8127, "id_num_sca": "ADO75CA_ANO579", "id_parc": "PA8994", "quartier": "Faubourg Saint-Antoine", "nom_entier": "Rue Saint Bernard", "num_voies": "9", "num_sca": "ADO75CA_ANO579", "geox": 603301.0, "geoy": 127842.0 }, "geometry": { "type": "MultiPoint", "coordinates": [ [ 654612.931142068700865, 6861388.16834136005491 ] ] } },
{ "type": "Feature", "properties": { "gid": 8128, "id_num_sca": "ADO75CA_ANO579", "id_parc": "PA8995", "quartier": "Faubourg Saint-Antoine", "nom_entier": "Rue Saint Bernard", "num_voies": "7", "num_sca": "ADO75CA_ANO579", "geox": 603300.0, "geoy": 127831.0 }, "geometry": { "type": "MultiPoint", "coordinates": [ [ 654610.676633858121932, 6861368.217075589112937 ] ] } },
{ "type": "Feature", "properties": { "gid": 8129, "id_num_sca": "ADO75CA_ANO579", "id_parc": "PA8996", "quartier": "Faubourg Saint-Antoine", "nom_entier": "Rue Saint Bernard", "num_voies": "5", "num_sca": "ADO75CA_ANO579", "geox": 603298.0, "geoy": 127811.0 }, "geometry": { "type": "MultiPoint", "coordinates": [ [ 654609.015878406935371, 6861356.830139016732574 ] ] } },
{ "type": "Feature", "properties": { "gid": 8130, "id_num_sca": "ADO75CA_ANO579", "id_parc": "PA8996", "quartier": "Faubourg Saint-Antoine", "nom_entier": "Rue Saint Bernard", "num_voies": "3", "num_sca": "ADO75CA_ANO579", "geox": 603296.0, "geoy": 127800.0 }, "geometry": { "type": "MultiPoint", "coordinates": [ [ 654608.112157793482766, 6861346.852623739279807 ] ] } },
{ "type": "Feature", "properties": { "gid": 8131, "id_num_sca": "ADO75CA_ANO579", "id_parc": "PA8997", "quartier": "Faubourg Saint-Antoine", "nom_entier": "Rue Saint Bernard", "num_voies": "1", "num_sca": "ADO75CA_ANO579", "geox": 603295.0, "geoy": 127790.0 }, "geometry": { "type": "MultiPoint", "coordinates": [ [ 654591.366465542465448, 6861340.436399008147418 ] ] } },
{ "type": "Feature", "properties": { "gid": 8132, "id_num_sca": "ADO75CA_ANO579", "id_parc": "PA8728", "quartier": "Faubourg Saint-Antoine", "nom_entier": "Rue du Faubourg Saint Antoine", "num_voies": "193", "num_sca": "ADO75CA_ANO579", "geox": 603278.0, "geoy": 127783.0 }, "geometry": { "type": "MultiPoint", "coordinates": [ [ 654581.531641899375245, 6861340.593827432952821 ] ] } },
{ "type": "Feature", "properties": { "gid": 8133, "id_num_sca": "ADO75CA_ANO579", "id_parc": "PA8993", "quartier": "Faubourg Saint-Antoine", "nom_entier": "Rue du Faubourg Saint Antoine", "num_voies": "191", "num_sca": "ADO75CA_ANO579", "geox": 603269.0, "geoy": 127783.0 }, "geometry": { "type": "MultiPoint", "coordinates": [ [ 654572.292906191665679, 6861340.746229799464345 ] ] } },
{ "type": "Feature", "properties": { "gid": 8134, "id_num_sca": "ADO75CA_ANO579", "id_parc": "PA8981", "quartier": "Faubourg Saint-Antoine", "nom_entier": "Rue du Faubourg Saint Antoine", "num_voies": "189", "num_sca": "ADO75CA_ANO579", "geox": 603259.0, "geoy": 127783.0 }, "geometry": { "type": "MultiPoint", "coordinates": [ [ 654562.908286383724771, 6861341.272440914064646 ] ] } },
{ "type": "Feature", "properties": { "gid": 8135, "id_num_sca": "ADO75CA_ANO579", "id_parc": "PA8983", "quartier": "Faubourg Saint-Antoine", "nom_entier": "Rue du Faubourg Saint Antoine", "num_voies": "187", "num_sca": "ADO75CA_ANO579", "geox": 603250.0, "geoy": 127784.0 }, "geometry": { "type": "MultiPoint", "coordinates": [ [ 654552.107957596541382, 6861341.810586052946746 ] ] } },
{ "type": "Feature", "properties": { "gid": 8136, "id_num_sca": "ADO75CA_ANO579", "id_parc": "PA8982", "quartier": "Faubourg Saint-Antoine", "nom_entier": "Rue du Faubourg Saint Antoine", "num_voies": "185", "num_sca": "ADO75CA_ANO579", "geox": 603239.0, "geoy": 127784.0 }, "geometry": { "type": "MultiPoint", "coordinates": [ [ 654542.198622822761536, 6861341.968639417551458 ] ] } },
{ "type": "Feature", "properties": { "gid": 8137, "id_num_sca": "ADO75CA_ANO579", "id_parc": "PA8984", "quartier": "Faubourg Saint-Antoine", "nom_entier": "Rue du Faubourg Saint Antoine", "num_voies": "183", "num_sca": "ADO75CA_ANO579", "geox": 603229.0, "geoy": 127784.0 }, "geometry": { "type": "MultiPoint", "coordinates": [ [ 654529.455987527268007, 6861341.927029049023986 ] ] } },
{ "type": "Feature", "properties": { "gid": 8138, "id_num_sca": "ADO75CA_ANO579", "id_parc": "PA8987", "quartier": "Faubourg Saint-Antoine", "nom_entier": "Rue du Faubourg Saint Antoine", "num_voies": "181", "num_sca": "ADO75CA_ANO579", "geox": 603217.0, "geoy": 127784.0 }, "geometry": { "type": "MultiPoint", "coordinates": [ [ 654518.8804466543952, 6861342.612308088690042 ] ] } },
{ "type": "Feature", "properties": { "gid": 8139, "id_num_sca": "ADO75CA_ANO579", "id_parc": "PA8987", "quartier": "Faubourg Saint-Antoine", "nom_entier": "Impasse de la Forge", "num_voies": "179", "num_sca": "ADO75CA_ANO579", "geox": 603206.0, "geoy": 127785.0 }, "geometry": { "type": "MultiPoint", "coordinates": [ [ 654515.751780172577128, 6861351.580593384802341 ] ] } },
{ "type": "Feature", "properties": { "gid": 8140, "id_num_sca": "ADO75CA_ANO579", "id_parc": "PA8988", "quartier": "Faubourg Saint-Antoine", "nom_entier": "Impasse de la Forge", "num_voies": "2", "num_sca": "ADO75CA_ANO579", "geox": 603203.0, "geoy": 127794.0 }, "geometry": { "type": "MultiPoint", "coordinates": [ [ 654518.460073903901502, 6861363.480311501771212 ] ] } },
{ "type": "Feature", "properties": { "gid": 8141, "id_num_sca": "ADO75CA_ANO579", "id_parc": "PA8986", "quartier": "Faubourg Saint-Antoine", "nom_entier": "Impasse de la Forge", "num_voies": "4", "num_sca": "ADO75CA_ANO579", "geox": 603205.0, "geoy": 127806.0 }, "geometry": { "type": "MultiPoint", "coordinates": [ [ 654520.867186310701072, 6861375.009989967569709 ] ] } },
{ "type": "Feature", "properties": { "gid": 8142, "id_num_sca": "ADO75CA_ANO579", "id_parc": "PA8991", "quartier": "Faubourg Saint-Antoine", "nom_entier": "Impasse de la Forge", "num_voies": "6", "num_sca": "ADO75CA_ANO579", "geox": 603208.0, "geoy": 127817.0 }, "geometry": { "type": "MultiPoint", "coordinates": [ [ 654517.605018044821918, 6861376.974904347211123 ] ] } },
{ "type": "Feature", "properties": { "gid": 8143, "id_num_sca": "ADO75CA_ANO579", "id_parc": "PA8990", "quartier": "Faubourg Saint-Antoine", "nom_entier": "Impasse de la Forge", "num_voies": "5", "num_sca": "ADO75CA_ANO579", "geox": 603204.0, "geoy": 127819.0 }, "geometry": { "type": "MultiPoint", "coordinates": [ [ 654515.737054449971765, 6861367.527126852422953 ] ] } },
{ "type": "Feature", "properties": { "gid": 8144, "id_num_sca": "ADO75CA_ANO579", "id_parc": "PA8989", "quartier": "Faubourg Saint-Antoine", "nom_entier": "Impasse de la Forge", "num_voies": "3", "num_sca": "ADO75CA_ANO579", "geox": 603203.0, "geoy": 127810.0 }, "geometry": { "type": "MultiPoint", "coordinates": [ [ 654514.042587662464939, 6861360.984008830972016 ] ] } },
{ "type": "Feature", "properties": { "gid": 8145, "id_num_sca": "ADO75CA_ANO579", "id_parc": "PA8989", "quartier": "Faubourg Saint-Antoine", "nom_entier": "Impasse de la Forge", "num_voies": "1", "num_sca": "ADO75CA_ANO579", "geox": 603201.0, "geoy": 127803.0 }, "geometry": { "type": "MultiPoint", "coordinates": [ [ 654505.558667111909017, 6861344.587507243268192 ] ] } },
{ "type": "Feature", "properties": { "gid": 8146, "id_num_sca": "ADO75CA_ANO579", "id_parc": "PA8971", "quartier": "Faubourg Saint-Antoine", "nom_entier": "Impasse de la Forge", "num_voies": "177", "num_sca": "ADO75CA_ANO579", "geox": 603193.0, "geoy": 127787.0 }, "geometry": { "type": "MultiPoint", "coordinates": [ [ 654495.513488440425135, 6861346.311536301858723 ] ] } },
{ "type": "Feature", "properties": { "gid": 8147, "id_num_sca": "ADO75CA_ANO579", "id_parc": "PA8972", "quartier": "Faubourg Saint-Antoine", "nom_entier": "Rue du Faubourg Saint Antoine", "num_voies": "175", "num_sca": "ADO75CA_ANO579", "geox": 603183.0, "geoy": 127788.0 }, "geometry": { "type": "MultiPoint", "coordinates": [ [ 654484.283036383101717, 6861348.865231175906956 ] ] } },
{ "type": "Feature", "properties": { "gid": 8148, "id_num_sca": "ADO75CA_ANO579", "id_parc": "PA8967", "quartier": "Faubourg Saint-Antoine", "nom_entier": "Rue du Faubourg Saint Antoine", "num_voies": "173", "num_sca": "ADO75CA_ANO579", "geox": 603171.0, "geoy": 127791.0 }, "geometry": { "type": "MultiPoint", "coordinates": [ [ 654472.981838027364574, 6861351.866616968996823 ] ] } },
{ "type": "Feature", "properties": { "gid": 8149, "id_num_sca": "ADO75CA_ANO579", "id_parc": "PA8968", "quartier": "Faubourg Saint-Antoine", "nom_entier": "Rue du Faubourg Saint Antoine", "num_voies": "171", "num_sca": "ADO75CA_ANO579", "geox": 603160.0, "geoy": 127794.0 }, "geometry": { "type": "MultiPoint", "coordinates": [ [ 654464.428133412846364, 6861353.727102919481695 ] ] } },
{ "type": "Feature", "properties": { "gid": 8150, "id_num_sca": "ADO75CA_ANO579", "id_parc": "PA8969", "quartier": "Faubourg Saint-Antoine", "nom_entier": "Rue du Faubourg Saint Antoine", "num_voies": "169", "num_sca": "ADO75CA_ANO579", "geox": 603151.0, "geoy": 127795.0 }, "geometry": { "type": "MultiPoint", "coordinates": [ [ 654455.059200117364526, 6861356.116071679629385 ] ] } },
{ "type": "Feature", "properties": { "gid": 8151, "id_num_sca": "ADO75CA_ANO579", "id_parc": "PA8940", "quartier": "Faubourg Saint-Antoine", "nom_entier": "Rue du Faubourg Saint Antoine", "num_voies": "167", "num_sca": "ADO75CA_ANO579", "geox": 603142.0, "geoy": 127798.0 }, "geometry": { "type": "MultiPoint", "coordinates": [ [ 654444.721623396966606, 6861358.513204785063863 ] ] } },
{ "type": "Feature", "properties": { "gid": 8152, "id_num_sca": "ADO75CA_ANO579", "id_parc": "PA8965", "quartier": "Faubourg Saint-Antoine", "nom_entier": "Rue du Faubourg Saint Antoine", "num_voies": "165", "num_sca": "ADO75CA_ANO579", "geox": 603132.0, "geoy": 127800.0 }, "geometry": { "type": "MultiPoint", "coordinates": [ [ 654435.575594881898724, 6861360.825777254998684 ] ] } },
{ "type": "Feature", "properties": { "gid": 8153, "id_num_sca": "ADO75CA_ANO579", "id_parc": "PA8942", "quartier": "Faubourg Saint-Antoine", "nom_entier": "Rue du Faubourg Saint Antoine", "num_voies": "163", "num_sca": "ADO75CA_ANO579", "geox": 603123.0, "geoy": 127802.0 }, "geometry": { "type": "MultiPoint", "coordinates": [ [ 654426.13591448450461, 6861363.662435850128531 ] ] } },
{ "type": "Feature", "properties": { "gid": 8154, "id_num_sca": "ADO75CA_ANO579", "id_parc": "PA8962", "quartier": "Faubourg Saint-Antoine", "nom_entier": "Rue du Faubourg Saint Antoine", "num_voies": "161", "num_sca": "ADO75CA_ANO579", "geox": 603113.0, "geoy": 127805.0 }, "geometry": { "type": "MultiPoint", "coordinates": [ [ 654417.068788708304055, 6861366.495953481644392 ] ] } },
{ "type": "Feature", "properties": { "gid": 8155, "id_num_sca": "ADO75CA_ANO580", "id_parc": "PA8913", "quartier": "Faubourg Saint-Antoine", "nom_entier": "Rue du Faubourg Saint Antoine", "num_voies": "159", "num_sca": "ADO75CA_ANO579", "geox": 603104.0, "geoy": 127808.0 }, "geometry": { "type": "MultiPoint", "coordinates": [ [ 654387.256385994609445, 6861374.645930920727551 ] ] } },
{ "type": "Feature", "properties": { "gid": 8156, "id_num_sca": "ADO75CA_ANO580", "id_parc": "PA8914", "quartier": "Faubourg Saint-Antoine", "nom_entier": "Rue du Faubourg Saint Antoine", "num_voies": "153", "num_sca": "ADO75CA_ANO580", "geox": 603074.0, "geoy": 127816.0 }, "geometry": { "type": "MultiPoint", "coordinates": [ [ 654380.424589034751989, 6861377.460604753345251 ] ] } },
{ "type": "Feature", "properties": { "gid": 8157, "id_num_sca": "ADO75CA_ANO580", "id_parc": "PA8918", "quartier": "Faubourg Saint-Antoine", "nom_entier": "Rue du Faubourg Saint Antoine", "num_voies": "151", "num_sca": "ADO75CA_ANO580", "geox": 603067.0, "geoy": 127818.0 }, "geometry": { "type": "MultiPoint", "coordinates": [ [ 654372.552147370995954, 6861380.582113359123468 ] ] } },
{ "type": "Feature", "properties": { "gid": 8158, "id_num_sca": "ADO75CA_ANO580", "id_parc": "PA8915", "quartier": "Faubourg Saint-Antoine", "nom_entier": "Rue du Faubourg Saint Antoine", "num_voies": "149", "num_sca": "ADO75CA_ANO580", "geox": 603059.0, "geoy": 127821.0 }, "geometry": { "type": "MultiPoint", "coordinates": [ [ 654361.930327068432234, 6861384.620986443944275 ] ] } },
{ "type": "Feature", "properties": { "gid": 8159, "id_num_sca": "ADO75CA_ANO580", "id_parc": "PA8915", "quartier": "Faubourg Saint-Antoine", "nom_entier": "Rue du Faubourg Saint Antoine", "num_voies": "147", "num_sca": "ADO75CA_ANO580", "geox": 603049.0, "geoy": 127825.0 }, "geometry": { "type": "MultiPoint", "coordinates": [ [ 654353.312774256337434, 6861387.748774237930775 ] ] } },
{ "type": "Feature", "properties": { "gid": 8160, "id_num_sca": "ADO75CA_ANO580", "id_parc": "PA8916", "quartier": "Faubourg Saint-Antoine", "nom_entier": "Rue du Faubourg Saint Antoine", "num_voies": "145", "num_sca": "ADO75CA_ANO580", "geox": 603040.0, "geoy": 127828.0 }, "geometry": { "type": "MultiPoint", "coordinates": [ [ 654345.144169507431798, 6861391.096325388178229 ] ] } },
{ "type": "Feature", "properties": { "gid": 8161, "id_num_sca": "ADO75CA_ANO580", "id_parc": "PA8927", "quartier": "Faubourg Saint-Antoine", "nom_entier": "Rue du Faubourg Saint Antoine", "num_voies": "143", "num_sca": "ADO75CA_ANO580", "geox": 603032.0, "geoy": 127832.0 }, "geometry": { "type": "MultiPoint", "coordinates": [ [ 654322.487952239229344, 6861399.558552019298077 ] ] } },
{ "type": "Feature", "properties": { "gid": 8162, "id_num_sca": "ADO75CA_ANO580", "id_parc": "PA8928", "quartier": "Faubourg Saint-Antoine", "nom_entier": "Rue du Faubourg Saint Antoine", "num_voies": "139", "num_sca": "ADO75CA_ANO580", "geox": 603009.0, "geoy": 127840.0 }, "geometry": { "type": "MultiPoint", "coordinates": [ [ 654314.244207418058068, 6861402.832218735478818 ] ] } },
{ "type": "Feature", "properties": { "gid": 8163, "id_num_sca": "ADO75CA_ANO580", "id_parc": "PA8929", "quartier": "Faubourg Saint-Antoine", "nom_entier": "Rue du Faubourg Saint Antoine", "num_voies": "137", "num_sca": "ADO75CA_ANO580", "geox": 603001.0, "geoy": 127843.0 }, "geometry": { "type": "MultiPoint", "coordinates": [ [ 654306.519529696321115, 6861405.803446346893907 ] ] } },
{ "type": "Feature", "properties": { "gid": 8164, "id_num_sca": "ADO75CA_ANO580", "id_parc": "PA8930", "quartier": "Faubourg Saint-Antoine", "nom_entier": "Rue du Faubourg Saint Antoine", "num_voies": "135", "num_sca": "ADO75CA_ANO580", "geox": 602993.0, "geoy": 127846.0 }, "geometry": { "type": "MultiPoint", "coordinates": [ [ 654298.2000181612093, 6861408.928718788549304 ] ] } },
{ "type": "Feature", "properties": { "gid": 8165, "id_num_sca": "ADO75CA_ANO580", "id_parc": "PA8876", "quartier": "Faubourg Saint-Antoine", "nom_entier": "Rue du Faubourg Saint Antoine", "num_voies": "133", "num_sca": "ADO75CA_ANO580", "geox": 602985.0, "geoy": 127849.0 }, "geometry": { "type": "MultiPoint", "coordinates": [ [ 654289.360811190214008, 6861412.281918636523187 ] ] } },
{ "type": "Feature", "properties": { "gid": 8166, "id_num_sca": "ADO75CA_ANO580", "id_parc": "PA8877", "quartier": "Faubourg Saint-Antoine", "nom_entier": "Rue du Faubourg Saint Antoine", "num_voies": "131", "num_sca": "ADO75CA_ANO580", "geox": 602976.0, "geoy": 127852.0 }, "geometry": { "type": "MultiPoint", "coordinates": [ [ 654280.375091303489171, 6861415.934416585601866 ] ] } },
{ "type": "Feature", "properties": { "gid": 8167, "id_num_sca": "ADO75CA_ANO580", "id_parc": "PA8878", "quartier": "Faubourg Saint-Antoine", "nom_entier": "Rue du Faubourg Saint Antoine", "num_voies": "129", "num_sca": "ADO75CA_ANO580", "geox": 602967.0, "geoy": 127856.0 }, "geometry": { "type": "MultiPoint", "coordinates": [ [ 654272.947828716831282, 6861418.828619778156281 ] ] } },
{ "type": "Feature", "properties": { "gid": 8168, "id_num_sca": "ADO75CA_ANO580", "id_parc": "PA26534", "quartier": "Faubourg Saint-Antoine", "nom_entier": "Impasse de la Bonne Graine", "num_voies": "127", "num_sca": "ADO75CA_ANO580", "geox": 602959.0, "geoy": 127859.0 }, "geometry": { "type": "MultiPoint", "coordinates": [ [ 654267.382087067118846, 6861421.558102026581764 ] ] } },
{ "type": "Feature", "properties": { "gid": 8169, "id_num_sca": "ADO75CA_ANO580", "id_parc": "PA8880", "quartier": "Faubourg Saint-Antoine", "nom_entier": "Impasse de la Bonne Graine", "num_voies": "125", "num_sca": "ADO75CA_ANO580", "geox": 602954.0, "geoy": 127862.0 }, "geometry": { "type": "MultiPoint", "coordinates": [ [ 654262.106860562460497, 6861423.390944043174386 ] ] } },
{ "type": "Feature", "properties": { "gid": 8170, "id_num_sca": "ADO75CA_ANO580", "id_parc": "PA8835", "quartier": "Faubourg Saint-Antoine", "nom_entier": "Impasse de la Bonne Graine", "num_voies": "123", "num_sca": "ADO75CA_ANO580", "geox": 602949.0, "geoy": 127863.0 }, "geometry": { "type": "MultiPoint", "coordinates": [ [ 654224.747006641584449, 6861437.863835246302187 ] ] } },
{ "type": "Feature", "properties": { "gid": 8171, "id_num_sca": "ADO75CA_ANO580", "id_parc": "PA8835", "quartier": "Faubourg Saint-Antoine", "nom_entier": "Rue du Faubourg Saint Antoine", "num_voies": "111", "num_sca": "ADO75CA_ANO580", "geox": 602911.0, "geoy": 127877.0 }, "geometry": { "type": "MultiPoint", "coordinates": [ [ 654218.138108305516653, 6861440.602106841281056 ] ] } },
{ "type": "Feature", "properties": { "gid": 8172, "id_num_sca": "ADO75CA_ANO580", "id_parc": "PA8832", "quartier": "Faubourg Saint-Antoine", "nom_entier": "Rue du Faubourg Saint Antoine", "num_voies": "109", "num_sca": "ADO75CA_ANO580", "geox": 602904.0, "geoy": 127880.0 }, "geometry": { "type": "MultiPoint", "coordinates": [ [ 654210.639468574780039, 6861443.869488198310137 ] ] } },
{ "type": "Feature", "properties": { "gid": 8173, "id_num_sca": "ADO75CA_ANO580", "id_parc": "PA8833", "quartier": "Faubourg Saint-Antoine", "nom_entier": "Rue du Faubourg Saint Antoine", "num_voies": "107", "num_sca": "ADO75CA_ANO580", "geox": 602897.0, "geoy": 127883.0 }, "geometry": { "type": "MultiPoint", "coordinates": [ [ 654205.290983955957927, 6861445.85197738558054 ] ] } },
{ "type": "Feature", "properties": { "gid": 8174, "id_num_sca": "ADO75CA_ANO580", "id_parc": "PA8836", "quartier": "Faubourg Saint-Antoine", "nom_entier": "Rue du Faubourg Saint Antoine", "num_voies": "105", "num_sca": "ADO75CA_ANO580", "geox": 602892.0, "geoy": 127885.0 }, "geometry": { "type": "MultiPoint", "coordinates": [ [ 654199.64382756780833, 6861447.762467386201024 ] ] } },
{ "type": "Feature", "properties": { "gid": 8175, "id_num_sca": "ADO75CA_ANO580", "id_parc": "PA8837", "quartier": "Faubourg Saint-Antoine", "nom_entier": "Rue du Faubourg Saint Antoine", "num_voies": "103", "num_sca": "ADO75CA_ANO580", "geox": 602886.0, "geoy": 127887.0 }, "geometry": { "type": "MultiPoint", "coordinates": [ [ 654189.690713380347006, 6861451.572144099511206 ] ] } },
{ "type": "Feature", "properties": { "gid": 8176, "id_num_sca": "ADO75CA_ANO580", "id_parc": "PA8837", "quartier": "Faubourg Saint-Antoine", "nom_entier": "Rue du Faubourg Saint Antoine", "num_voies": "101", "num_sca": "ADO75CA_ANO580", "geox": 602876.0, "geoy": 127891.0 }, "geometry": { "type": "MultiPoint", "coordinates": [ [ 654180.483963920501992, 6861455.524562365375459 ] ] } },
{ "type": "Feature", "properties": { "gid": 8177, "id_num_sca": "ADO75CA_ANO580", "id_parc": "PA8868", "quartier": "Faubourg Saint-Antoine", "nom_entier": "Rue du Faubourg Saint Antoine", "num_voies": "99", "num_sca": "ADO75CA_ANO580", "geox": 602867.0, "geoy": 127895.0 }, "geometry": { "type": "MultiPoint", "coordinates": [ [ 654171.643495761789382, 6861458.728733471594751 ] ] } },
{ "type": "Feature", "properties": { "gid": 8178, "id_num_sca": "ADO75CA_ANO580", "id_parc": "PA8867", "quartier": "Faubourg Saint-Antoine", "nom_entier": "Rue du Faubourg Saint Antoine", "num_voies": "97", "num_sca": "ADO75CA_ANO580", "geox": 602858.0, "geoy": 127898.0 }, "geometry": { "type": "MultiPoint", "coordinates": [ [ 654164.889337048050947, 6861461.915322669781744 ] ] } },
{ "type": "Feature", "properties": { "gid": 8179, "id_num_sca": "ADO75CA_ANO580", "id_parc": "PA8865", "quartier": "Faubourg Saint-Antoine", "nom_entier": "Rue du Faubourg Saint Antoine", "num_voies": "95", "num_sca": "ADO75CA_ANO580", "geox": 602851.0, "geoy": 127901.0 }, "geometry": { "type": "MultiPoint", "coordinates": [ [ 654157.462069015484303, 6861464.809519864618778 ] ] } },
{ "type": "Feature", "properties": { "gid": 8180, "id_num_sca": "ADO75CA_ANO580", "id_parc": "PA8866", "quartier": "Faubourg Saint-Antoine", "nom_entier": "Rue du Faubourg Saint Antoine", "num_voies": "93", "num_sca": "ADO75CA_ANO580", "geox": 602844.0, "geoy": 127904.0 }, "geometry": { "type": "MultiPoint", "coordinates": [ [ 654148.697365334024653, 6861468.162083053961396 ] ] } },
{ "type": "Feature", "properties": { "gid": 8181, "id_num_sca": "ADO75CA_ANO580", "id_parc": "PA8862", "quartier": "Faubourg Saint-Antoine", "nom_entier": "Rue du Faubourg Saint Antoine", "num_voies": "91", "num_sca": "ADO75CA_ANO580", "geox": 602835.0, "geoy": 127907.0 }, "geometry": { "type": "MultiPoint", "coordinates": [ [ 654140.751655665109865, 6861471.433228185400367 ] ] } },
{ "type": "Feature", "properties": { "gid": 8182, "id_num_sca": "ADO75CA_ANO580", "id_parc": "PA8863", "quartier": "Faubourg Saint-Antoine", "nom_entier": "Rue du Faubourg Saint Antoine", "num_voies": "89", "num_sca": "ADO75CA_ANO580", "geox": 602827.0, "geoy": 127910.0 }, "geometry": { "type": "MultiPoint", "coordinates": [ [ 654135.402541419956833, 6861473.341204017400742 ] ] } },
{ "type": "Feature", "properties": { "gid": 8183, "id_num_sca": "ADO75CA_ANO580", "id_parc": "PA8861", "quartier": "Faubourg Saint-Antoine", "nom_entier": "Rue du Faubourg Saint Antoine", "num_voies": "87", "num_sca": "ADO75CA_ANO580", "geox": 602821.0, "geoy": 127912.0 }, "geometry": { "type": "MultiPoint", "coordinates": [ [ 654129.459220359683968, 6861475.477734846062958 ] ] } },
{ "type": "Feature", "properties": { "gid": 8184, "id_num_sca": "ADO75CA_ANO580", "id_parc": "PA8864", "quartier": "Faubourg Saint-Antoine", "nom_entier": "Rue du Faubourg Saint Antoine", "num_voies": "85", "num_sca": "ADO75CA_ANO580", "geox": 602815.0, "geoy": 127914.0 }, "geometry": { "type": "MultiPoint", "coordinates": [ [ 654122.917928529786877, 6861477.395756327547133 ] ] } },
{ "type": "Feature", "properties": { "gid": 8219, "id_num_sca": "ADO75CA_ANO580", "id_parc": "PA8895", "quartier": "Faubourg Saint-Antoine", "nom_entier": "Rue de Charonne", "num_voies": "54", "num_sca": "ADO75CA_ANO580", "geox": 603105.0, "geoy": 128093.0 }, "geometry": { "type": "MultiPoint", "coordinates": [ [ 654439.62775971298106, 6861656.173133584670722 ] ] } },
{ "type": "Feature", "properties": { "gid": 8185, "id_num_sca": "ADO75CA_ANO580", "id_parc": "PA8858", "quartier": "Faubourg Saint-Antoine", "nom_entier": "Rue du Faubourg Saint Antoine", "num_voies": "83", "num_sca": "ADO75CA_ANO580", "geox": 602809.0, "geoy": 127916.0 }, "geometry": { "type": "MultiPoint", "coordinates": [ [ 654115.267125356127508, 6861480.291834933683276 ] ] } },
{ "type": "Feature", "properties": { "gid": 8186, "id_num_sca": "ADO75CA_ANO580", "id_parc": "PA8856", "quartier": "Faubourg Saint-Antoine", "nom_entier": "Rue du Faubourg Saint Antoine", "num_voies": "81", "num_sca": "ADO75CA_ANO580", "geox": 602801.0, "geoy": 127919.0 }, "geometry": { "type": "MultiPoint", "coordinates": [ [ 654107.46479044132866, 6861482.89112598542124 ] ] } },
{ "type": "Feature", "properties": { "gid": 8187, "id_num_sca": "ADO75CA_ANO580", "id_parc": "PA8860", "quartier": "Faubourg Saint-Antoine", "nom_entier": "Rue du Faubourg Saint Antoine", "num_voies": "79", "num_sca": "ADO75CA_ANO580", "geox": 602793.0, "geoy": 127922.0 }, "geometry": { "type": "MultiPoint", "coordinates": [ [ 654102.042418714379892, 6861484.948749821633101 ] ] } },
{ "type": "Feature", "properties": { "gid": 8188, "id_num_sca": "ADO75CA_ANO580", "id_parc": "PA8859", "quartier": "Faubourg Saint-Antoine", "nom_entier": "Rue du Faubourg Saint Antoine", "num_voies": "77", "num_sca": "ADO75CA_ANO580", "geox": 602788.0, "geoy": 127924.0 }, "geometry": { "type": "MultiPoint", "coordinates": [ [ 654093.276457521133125, 6861488.152288099750876 ] ] } },
{ "type": "Feature", "properties": { "gid": 8189, "id_num_sca": "ADO75CA_ANO580", "id_parc": "PA8855", "quartier": "Faubourg Saint-Antoine", "nom_entier": "Rue du Faubourg Saint Antoine", "num_voies": "75", "num_sca": "ADO75CA_ANO580", "geox": 602779.0, "geoy": 127927.0 }, "geometry": { "type": "MultiPoint", "coordinates": [ [ 654087.772046722006053, 6861489.316410577856004 ] ] } },
{ "type": "Feature", "properties": { "gid": 8190, "id_num_sca": "ADO75CA_ANO580", "id_parc": "PA8853", "quartier": "Faubourg Saint-Antoine", "nom_entier": "Rue du Faubourg Saint Antoine", "num_voies": "73", "num_sca": "ADO75CA_ANO580", "geox": 602774.0, "geoy": 127928.0 }, "geometry": { "type": "MultiPoint", "coordinates": [ [ 654079.673548188293353, 6861492.141743633896112 ] ] } },
{ "type": "Feature", "properties": { "gid": 8191, "id_num_sca": "ADO75CA_ANO580", "id_parc": "PA8854", "quartier": "Faubourg Saint-Antoine", "nom_entier": "Rue du Faubourg Saint Antoine", "num_voies": "71", "num_sca": "ADO75CA_ANO580", "geox": 602765.0, "geoy": 127931.0 }, "geometry": { "type": "MultiPoint", "coordinates": [ [ 654073.359551687026396, 6861494.504943482577801 ] ] } },
{ "type": "Feature", "properties": { "gid": 8192, "id_num_sca": "ADO75CA_ANO580", "id_parc": "PA8852", "quartier": "Faubourg Saint-Antoine", "nom_entier": "Rue du Faubourg Saint Antoine", "num_voies": "69", "num_sca": "ADO75CA_ANO580", "geox": 602759.0, "geoy": 127933.0 }, "geometry": { "type": "MultiPoint", "coordinates": [ [ 654066.373700582655147, 6861496.724772200919688 ] ] } },
{ "type": "Feature", "properties": { "gid": 8193, "id_num_sca": "ADO75CA_ANO580", "id_parc": "PA8852", "quartier": "Faubourg Saint-Antoine", "nom_entier": "Rue du Faubourg Saint Antoine", "num_voies": "67", "num_sca": "ADO75CA_ANO580", "geox": 602752.0, "geoy": 127935.0 }, "geometry": { "type": "MultiPoint", "coordinates": [ [ 654064.293170757475309, 6861506.280353135429323 ] ] } },
{ "type": "Feature", "properties": { "gid": 8194, "id_num_sca": "ADO75CA_ANO580", "id_parc": "PA8851", "quartier": "Faubourg Saint-Antoine", "nom_entier": "Rue de Charonne", "num_voies": "2", "num_sca": "ADO75CA_ANO580", "geox": 602750.0, "geoy": 127945.0 }, "geometry": { "type": "MultiPoint", "coordinates": [ [ 654069.606176190194674, 6861517.785568093881011 ] ] } },
{ "type": "Feature", "properties": { "gid": 8195, "id_num_sca": "ADO75CA_ANO580", "id_parc": "PA8849", "quartier": "Faubourg Saint-Antoine", "nom_entier": "Rue de Charonne", "num_voies": "4", "num_sca": "ADO75CA_ANO580", "geox": 602755.0, "geoy": 127956.0 }, "geometry": { "type": "MultiPoint", "coordinates": [ [ 654074.907264180015773, 6861527.875079739838839 ] ] } },
{ "type": "Feature", "properties": { "gid": 8196, "id_num_sca": "ADO75CA_ANO580", "id_parc": "PA8849", "quartier": "Faubourg Saint-Antoine", "nom_entier": "Rue de Charonne", "num_voies": "6", "num_sca": "ADO75CA_ANO580", "geox": 602760.0, "geoy": 127966.0 }, "geometry": { "type": "MultiPoint", "coordinates": [ [ 654078.47515148553066, 6861535.669199309311807 ] ] } },
{ "type": "Feature", "properties": { "gid": 8197, "id_num_sca": "ADO75CA_ANO580", "id_parc": "PA8848", "quartier": "Faubourg Saint-Antoine", "nom_entier": "Rue de Charonne", "num_voies": "8", "num_sca": "ADO75CA_ANO580", "geox": 602764.0, "geoy": 127974.0 }, "geometry": { "type": "MultiPoint", "coordinates": [ [ 654081.872689144453034, 6861540.93120931647718 ] ] } },
{ "type": "Feature", "properties": { "gid": 8198, "id_num_sca": "ADO75CA_ANO580", "id_parc": "PA8850", "quartier": "Faubourg Saint-Antoine", "nom_entier": "Rue de Charonne", "num_voies": "10", "num_sca": "ADO75CA_ANO580", "geox": 602767.0, "geoy": 127979.0 }, "geometry": { "type": "MultiPoint", "coordinates": [ [ 654089.388548996881582, 6861557.410440002568066 ] ] } },
{ "type": "Feature", "properties": { "gid": 8199, "id_num_sca": "ADO75CA_ANO580", "id_parc": "PA8840", "quartier": "Faubourg Saint-Antoine", "nom_entier": "Rue de Charonne", "num_voies": "12", "num_sca": "ADO75CA_ANO580", "geox": 602775.0, "geoy": 127996.0 }, "geometry": { "type": "MultiPoint", "coordinates": [ [ 654100.751526383217424, 6861579.445959540084004 ] ] } },
{ "type": "Feature", "properties": { "gid": 8200, "id_num_sca": "ADO75CA_ANO580", "id_parc": "PA8841", "quartier": "Faubourg Saint-Antoine", "nom_entier": "Rue de Charonne", "num_voies": "14", "num_sca": "ADO75CA_ANO580", "geox": 602786.0, "geoy": 128018.0 }, "geometry": { "type": "MultiPoint", "coordinates": [ [ 654106.130267226486467, 6861589.907401010394096 ] ] } },
{ "type": "Feature", "properties": { "gid": 8201, "id_num_sca": "ADO75CA_ANO580", "id_parc": "PA8842", "quartier": "Faubourg Saint-Antoine", "nom_entier": "Rue de Charonne", "num_voies": "16", "num_sca": "ADO75CA_ANO580", "geox": 602791.0, "geoy": 128029.0 }, "geometry": { "type": "MultiPoint", "coordinates": [ [ 654113.028715535998344, 6861603.858292883262038 ] ] } },
{ "type": "Feature", "properties": { "gid": 8202, "id_num_sca": "ADO75CA_ANO580", "id_parc": "PA8843", "quartier": "Faubourg Saint-Antoine", "nom_entier": "Rue de Charonne", "num_voies": "18", "num_sca": "ADO75CA_ANO580", "geox": 602798.0, "geoy": 128043.0 }, "geometry": { "type": "MultiPoint", "coordinates": [ [ 654124.402853667270392, 6861618.367599584162235 ] ] } },
{ "type": "Feature", "properties": { "gid": 8203, "id_num_sca": "ADO75CA_ANO580", "id_parc": "PA8844", "quartier": "Faubourg Saint-Antoine", "nom_entier": "Rue de Charonne", "num_voies": "20", "num_sca": "ADO75CA_ANO580", "geox": 602809.0, "geoy": 128057.0 }, "geometry": { "type": "MultiPoint", "coordinates": [ [ 654148.393221004051156, 6861635.60220399312675 ] ] } },
{ "type": "Feature", "properties": { "gid": 8204, "id_num_sca": "ADO75CA_ANO580", "id_parc": "PA8839", "quartier": "Faubourg Saint-Antoine", "nom_entier": "Rue de Charonne", "num_voies": "24", "num_sca": "ADO75CA_ANO580", "geox": 602833.0, "geoy": 128075.0 }, "geometry": { "type": "MultiPoint", "coordinates": [ [ 654159.548709450289607, 6861641.842066135257483 ] ] } },
{ "type": "Feature", "properties": { "gid": 8205, "id_num_sca": "ADO75CA_ANO580", "id_parc": "PA8839", "quartier": "Faubourg Saint-Antoine", "nom_entier": "Rue de Charonne", "num_voies": "26", "num_sca": "ADO75CA_ANO580", "geox": 602844.0, "geoy": 128081.0 }, "geometry": { "type": "MultiPoint", "coordinates": [ [ 654168.738050570595078, 6861644.670755559578538 ] ] } },
{ "type": "Feature", "properties": { "gid": 8206, "id_num_sca": "ADO75CA_ANO580", "id_parc": "PA8838", "quartier": "Faubourg Saint-Antoine", "nom_entier": "Rue de Charonne", "num_voies": "28", "num_sca": "ADO75CA_ANO580", "geox": 602853.0, "geoy": 128084.0 }, "geometry": { "type": "MultiPoint", "coordinates": [ [ 654175.837314987555146, 6861647.069961028173566 ] ] } },
{ "type": "Feature", "properties": { "gid": 8207, "id_num_sca": "ADO75CA_ANO580", "id_parc": "PA8845", "quartier": "Faubourg Saint-Antoine", "nom_entier": "Rue de Charonne", "num_voies": "30", "num_sca": "ADO75CA_ANO580", "geox": 602860.0, "geoy": 128086.0 }, "geometry": { "type": "MultiPoint", "coordinates": [ [ 654188.744060356169939, 6861648.898612675257027 ] ] } },
{ "type": "Feature", "properties": { "gid": 8208, "id_num_sca": "ADO75CA_ANO580", "id_parc": "PA8847", "quartier": "Faubourg Saint-Antoine", "nom_entier": "Rue de Charonne", "num_voies": "32", "num_sca": "ADO75CA_ANO580", "geox": 602873.0, "geoy": 128088.0 }, "geometry": { "type": "MultiPoint", "coordinates": [ [ 654210.93898179999087, 6861647.593827844597399 ] ] } },
{ "type": "Feature", "properties": { "gid": 8209, "id_num_sca": "ADO75CA_ANO580", "id_parc": "PA8846", "quartier": "Faubourg Saint-Antoine", "nom_entier": "Rue de Charonne", "num_voies": "34", "num_sca": "ADO75CA_ANO580", "geox": 602895.0, "geoy": 128087.0 }, "geometry": { "type": "MultiPoint", "coordinates": [ [ 654234.846405167947523, 6861646.125574487261474 ] ] } },
{ "type": "Feature", "properties": { "gid": 8210, "id_num_sca": "ADO75CA_ANO580", "id_parc": "PA8875", "quartier": "Faubourg Saint-Antoine", "nom_entier": "Rue de Charonne", "num_voies": "36", "num_sca": "ADO75CA_ANO580", "geox": 602919.0, "geoy": 128086.0 }, "geometry": { "type": "MultiPoint", "coordinates": [ [ 654259.798866696073674, 6861644.872057376429439 ] ] } },
{ "type": "Feature", "properties": { "gid": 8211, "id_num_sca": "ADO75CA_ANO580", "id_parc": "PA8874", "quartier": "Faubourg Saint-Antoine", "nom_entier": "Rue de Charonne", "num_voies": "38", "num_sca": "ADO75CA_ANO580", "geox": 602944.0, "geoy": 128085.0 }, "geometry": { "type": "MultiPoint", "coordinates": [ [ 654297.713763026986271, 6861643.211222601123154 ] ] } },
{ "type": "Feature", "properties": { "gid": 8212, "id_num_sca": "ADO75CA_ANO580", "id_parc": "PA8873", "quartier": "Faubourg Saint-Antoine", "nom_entier": "Rue de Charonne", "num_voies": "40", "num_sca": "ADO75CA_ANO580", "geox": 602982.0, "geoy": 128083.0 }, "geometry": { "type": "MultiPoint", "coordinates": [ [ 654310.897222038940527, 6861642.503981436602771 ] ] } },
{ "type": "Feature", "properties": { "gid": 8213, "id_num_sca": "ADO75CA_ANO580", "id_parc": "PA8872", "quartier": "Faubourg Saint-Antoine", "nom_entier": "Rue de Charonne", "num_voies": "42", "num_sca": "ADO75CA_ANO580", "geox": 602995.0, "geoy": 128083.0 }, "geometry": { "type": "MultiPoint", "coordinates": [ [ 654320.956230963929556, 6861642.419201509095728 ] ] } },
{ "type": "Feature", "properties": { "gid": 8214, "id_num_sca": "ADO75CA_ANO580", "id_parc": "PA8893", "quartier": "Faubourg Saint-Antoine", "nom_entier": "Rue de Charonne", "num_voies": "44", "num_sca": "ADO75CA_ANO580", "geox": 603006.0, "geoy": 128083.0 }, "geometry": { "type": "MultiPoint", "coordinates": [ [ 654329.672783812507987, 6861642.19670326448977 ] ] } },
{ "type": "Feature", "properties": { "gid": 8215, "id_num_sca": "ADO75CA_ANO580", "id_parc": "PA8894", "quartier": "Faubourg Saint-Antoine", "nom_entier": "Rue de Charonne", "num_voies": "46", "num_sca": "ADO75CA_ANO580", "geox": 603014.0, "geoy": 128083.0 }, "geometry": { "type": "MultiPoint", "coordinates": [ [ 654359.787848480511457, 6861643.433200638741255 ] ] } },
{ "type": "Feature", "properties": { "gid": 8216, "id_num_sca": "ADO75CA_ANO580", "id_parc": "PA8869", "quartier": "Faubourg Saint-Antoine", "nom_entier": "Rue de Charonne", "num_voies": "48", "num_sca": "ADO75CA_ANO580", "geox": 603044.0, "geoy": 128084.0 }, "geometry": { "type": "MultiPoint", "coordinates": [ [ 654382.828116682823747, 6861645.176419499330223 ] ] } },
{ "type": "Feature", "properties": { "gid": 8217, "id_num_sca": "ADO75CA_ANO580", "id_parc": "PA8871", "quartier": "Faubourg Saint-Antoine", "nom_entier": "Rue de Charonne", "num_voies": "50", "num_sca": "ADO75CA_ANO580", "geox": 603067.0, "geoy": 128086.0 }, "geometry": { "type": "MultiPoint", "coordinates": [ [ 654400.811665071407333, 6861648.154514723457396 ] ] } },
{ "type": "Feature", "properties": { "gid": 8218, "id_num_sca": "ADO75CA_ANO580", "id_parc": "PA8870", "quartier": "Faubourg Saint-Antoine", "nom_entier": "Rue de Charonne", "num_voies": "52", "num_sca": "ADO75CA_ANO580", "geox": 603085.0, "geoy": 128089.0 }, "geometry": { "type": "MultiPoint", "coordinates": [ [ 654420.587247701361775, 6861651.564598749391735 ] ] } },
{ "type": "Feature", "properties": { "gid": 8220, "id_num_sca": "ADO75CA_ANO580", "id_parc": "PA8895", "quartier": "Faubourg Saint-Antoine", "nom_entier": "Rue de Charonne", "num_voies": "56", "num_sca": "ADO75CA_ANO580", "geox": 603124.0, "geoy": 128098.0 }, "geometry": { "type": "MultiPoint", "coordinates": [ [ 654453.743632077705115, 6861660.003500175662339 ] ] } },
{ "type": "Feature", "properties": { "gid": 8222, "id_num_sca": "ADO75CA_ANO581", "id_parc": "PA8817", "quartier": "Faubourg Saint-Antoine", "nom_entier": "Rue du Vaugirard", "num_voies": "106", "num_sca": "ADO75CA_ANO704", "geox": 599046.0, "geoy": 127293.0 }, "geometry": { "type": "MultiPoint", "coordinates": [ [ 654088.661361052538268, 6861587.300528491847217 ] ] } },
{ "type": "Feature", "properties": { "gid": 8223, "id_num_sca": "ADO75CA_ANO581", "id_parc": "PA8814", "quartier": "Faubourg Saint-Antoine", "nom_entier": "Rue de Charonne", "num_voies": "13", "num_sca": "ADO75CA_ANO581", "geox": 602774.0, "geoy": 128026.0 }, "geometry": { "type": "MultiPoint", "coordinates": [ [ 654082.01593870378565, 6861574.5172882033512 ] ] } },
{ "type": "Feature", "properties": { "gid": 8224, "id_num_sca": "ADO75CA_ANO581", "id_parc": "PA8814", "quartier": "Faubourg Saint-Antoine", "nom_entier": "Rue de Charonne", "num_voies": "11", "num_sca": "ADO75CA_ANO581", "geox": 602767.0, "geoy": 128013.0 }, "geometry": { "type": "MultiPoint", "coordinates": [ [ 654077.68713893473614, 6861565.574175764806569 ] ] } },
{ "type": "Feature", "properties": { "gid": 8225, "id_num_sca": "ADO75CA_ANO581", "id_parc": "PA8815", "quartier": "Faubourg Saint-Antoine", "nom_entier": "Rue de Charonne", "num_voies": "9", "num_sca": "ADO75CA_ANO581", "geox": 602763.0, "geoy": 128004.0 }, "geometry": { "type": "MultiPoint", "coordinates": [ [ 654070.711415660334751, 6861550.982049349695444 ] ] } },
{ "type": "Feature", "properties": { "gid": 8226, "id_num_sca": "ADO75CA_ANO581", "id_parc": "PA8802", "quartier": "Faubourg Saint-Antoine", "nom_entier": "Rue de Charonne", "num_voies": "7", "num_sca": "ADO75CA_ANO581", "geox": 602756.0, "geoy": 127989.0 }, "geometry": { "type": "MultiPoint", "coordinates": [ [ 654063.347183172940277, 6861537.02334432117641 ] ] } },
{ "type": "Feature", "properties": { "gid": 8227, "id_num_sca": "ADO75CA_ANO581", "id_parc": "PA8803", "quartier": "Faubourg Saint-Antoine", "nom_entier": "Rue de Charonne", "num_voies": "5", "num_sca": "ADO75CA_ANO581", "geox": 602749.0, "geoy": 127975.0 }, "geometry": { "type": "MultiPoint", "coordinates": [ [ 654058.222798355156556, 6861527.141718245111406 ] ] } },
{ "type": "Feature", "properties": { "gid": 8228, "id_num_sca": "ADO75CA_ANO581", "id_parc": "PA8804", "quartier": "Faubourg Saint-Antoine", "nom_entier": "Rue de Charonne", "num_voies": "3", "num_sca": "ADO75CA_ANO581", "geox": 602744.0, "geoy": 127965.0 }, "geometry": { "type": "MultiPoint", "coordinates": [ [ 654053.253288241452537, 6861516.943714639171958 ] ] } },
{ "type": "Feature", "properties": { "gid": 8229, "id_num_sca": "ADO75CA_ANO581", "id_parc": "PA8805", "quartier": "Faubourg Saint-Antoine", "nom_entier": "Rue de Charonne", "num_voies": "1", "num_sca": "ADO75CA_ANO581", "geox": 602739.0, "geoy": 127955.0 }, "geometry": { "type": "MultiPoint", "coordinates": [ [ 654037.523075659642927, 6861510.380948921665549 ] ] } },
{ "type": "Feature", "properties": { "gid": 8230, "id_num_sca": "ADO75CA_ANO581", "id_parc": "PA8809", "quartier": "Faubourg Saint-Antoine", "nom_entier": "Rue du Faubourg Saint Antoine", "num_voies": "65", "num_sca": "ADO75CA_ANO581", "geox": 602723.0, "geoy": 127948.0 }, "geometry": { "type": "MultiPoint", "coordinates": [ [ 654027.480522237834521, 6861515.112900189124048 ] ] } },
{ "type": "Feature", "properties": { "gid": 8231, "id_num_sca": "ADO75CA_ANO581", "id_parc": "PA8806", "quartier": "Faubourg Saint-Antoine", "nom_entier": "Rue du Faubourg Saint Antoine", "num_voies": "63", "num_sca": "ADO75CA_ANO581", "geox": 602713.0, "geoy": 127953.0 }, "geometry": { "type": "MultiPoint", "coordinates": [ [ 654017.983342159190215, 6861519.131336039863527 ] ] } },
{ "type": "Feature", "properties": { "gid": 8232, "id_num_sca": "ADO75CA_ANO581", "id_parc": "PA8824", "quartier": "Faubourg Saint-Antoine", "nom_entier": "Rue du Faubourg Saint Antoine", "num_voies": "61", "num_sca": "ADO75CA_ANO581", "geox": 602704.0, "geoy": 127957.0 }, "geometry": { "type": "MultiPoint", "coordinates": [ [ 654007.78458715043962, 6861524.022133688442409 ] ] } },
{ "type": "Feature", "properties": { "gid": 8233, "id_num_sca": "ADO75CA_ANO581", "id_parc": "PA8823", "quartier": "Faubourg Saint-Antoine", "nom_entier": "Rue du Faubourg Saint Antoine", "num_voies": "59", "num_sca": "ADO75CA_ANO581", "geox": 602693.0, "geoy": 127962.0 }, "geometry": { "type": "MultiPoint", "coordinates": [ [ 653995.618080246960744, 6861529.087046781554818 ] ] } },
{ "type": "Feature", "properties": { "gid": 8234, "id_num_sca": "ADO75CA_ANO581", "id_parc": "PA8811", "quartier": "Faubourg Saint-Antoine", "nom_entier": "Rue du Faubourg Saint Antoine", "num_voies": "57", "num_sca": "ADO75CA_ANO581", "geox": 602681.0, "geoy": 127967.0 }, "geometry": { "type": "MultiPoint", "coordinates": [ [ 653988.398397373268381, 6861532.298608485609293 ] ] } },
{ "type": "Feature", "properties": { "gid": 8235, "id_num_sca": "ADO75CA_ANO581", "id_parc": "PA8810", "quartier": "Faubourg Saint-Antoine", "nom_entier": "Rue du Faubourg Saint Antoine", "num_voies": "55", "num_sca": "ADO75CA_ANO581", "geox": 602674.0, "geoy": 127970.0 }, "geometry": { "type": "MultiPoint", "coordinates": [ [ 653980.941761834081262, 6861535.433397982269526 ] ] } },
{ "type": "Feature", "properties": { "gid": 8236, "id_num_sca": "ADO75CA_ANO581", "id_parc": "PA8813", "quartier": "Faubourg Saint-Antoine", "nom_entier": "Rue du Faubourg Saint Antoine", "num_voies": "53", "num_sca": "ADO75CA_ANO581", "geox": 602666.0, "geoy": 127973.0 }, "geometry": { "type": "MultiPoint", "coordinates": [ [ 653969.796520871575922, 6861540.174631076864898 ] ] } },
{ "type": "Feature", "properties": { "gid": 8237, "id_num_sca": "ADO75CA_ANO581", "id_parc": "PA8812", "quartier": "Faubourg Saint-Antoine", "nom_entier": "Rue du Faubourg Saint Antoine", "num_voies": "51", "num_sca": "ADO75CA_ANO581", "geox": 602655.0, "geoy": 127978.0 }, "geometry": { "type": "MultiPoint", "coordinates": [ [ 653958.57450498198159, 6861545.152815065346658 ] ] } },
{ "type": "Feature", "properties": { "gid": 8238, "id_num_sca": "ADO75CA_ANO581", "id_parc": "PA8831", "quartier": "Faubourg Saint-Antoine", "nom_entier": "Rue du Faubourg Saint Antoine", "num_voies": "49", "num_sca": "ADO75CA_ANO581", "geox": 602644.0, "geoy": 127983.0 }, "geometry": { "type": "MultiPoint", "coordinates": [ [ 653947.742988687474281, 6861549.733866647817194 ] ] } },
{ "type": "Feature", "properties": { "gid": 8239, "id_num_sca": "ADO75CA_ANO581", "id_parc": "PA8790", "quartier": "Faubourg Saint-Antoine", "nom_entier": "Rue du Faubourg Saint Antoine", "num_voies": "47", "num_sca": "ADO75CA_ANO581", "geox": 602633.0, "geoy": 127987.0 }, "geometry": { "type": "MultiPoint", "coordinates": [ [ 653938.875245192321017, 6861553.668225917033851 ] ] } },
{ "type": "Feature", "properties": { "gid": 8240, "id_num_sca": "ADO75CA_ANO581", "id_parc": "PA8791", "quartier": "Faubourg Saint-Antoine", "nom_entier": "Rue du Faubourg Saint Antoine", "num_voies": "45", "num_sca": "ADO75CA_ANO581", "geox": 602624.0, "geoy": 127991.0 }, "geometry": { "type": "MultiPoint", "coordinates": [ [ 653933.619333086186089, 6861556.233093435876071 ] ] } },
{ "type": "Feature", "properties": { "gid": 8241, "id_num_sca": "ADO75CA_ANO581", "id_parc": "PA8792", "quartier": "Faubourg Saint-Antoine", "nom_entier": "Rue du Faubourg Saint Antoine", "num_voies": "43bis", "num_sca": "ADO75CA_ANO581", "geox": 602619.0, "geoy": 127993.0 }, "geometry": { "type": "MultiPoint", "coordinates": [ [ 653929.462789290817454, 6861558.394856988452375 ] ] } },
{ "type": "Feature", "properties": { "gid": 8242, "id_num_sca": "ADO75CA_ANO581", "id_parc": "PA8795", "quartier": "Faubourg Saint-Antoine", "nom_entier": "Rue du Faubourg Saint Antoine", "num_voies": "43", "num_sca": "ADO75CA_ANO581", "geox": 602615.0, "geoy": 127996.0 }, "geometry": { "type": "MultiPoint", "coordinates": [ [ 653924.988540982129052, 6861560.244223861955106 ] ] } },
{ "type": "Feature", "properties": { "gid": 8243, "id_num_sca": "ADO75CA_ANO581", "id_parc": "PA8793", "quartier": "Faubourg Saint-Antoine", "nom_entier": "Rue du Faubourg Saint Antoine", "num_voies": "41", "num_sca": "ADO75CA_ANO581", "geox": 602610.0, "geoy": 127997.0 }, "geometry": { "type": "MultiPoint", "coordinates": [ [ 653920.518270438304171, 6861562.566166956909001 ] ] } },
{ "type": "Feature", "properties": { "gid": 8244, "id_num_sca": "ADO75CA_ANO581", "id_parc": "PA8794", "quartier": "Faubourg Saint-Antoine", "nom_entier": "Rue du Faubourg Saint Antoine", "num_voies": "39", "num_sca": "ADO75CA_ANO581", "geox": 602606.0, "geoy": 128000.0 }, "geometry": { "type": "MultiPoint", "coordinates": [ [ 653915.889147547073662, 6861564.731911622919142 ] ] } },
{ "type": "Feature", "properties": { "gid": 8245, "id_num_sca": "ADO75CA_ANO581", "id_parc": "PA8796", "quartier": "Faubourg Saint-Antoine", "nom_entier": "Rue du Faubourg Saint Antoine", "num_voies": "37", "num_sca": "ADO75CA_ANO581", "geox": 602601.0, "geoy": 128002.0 }, "geometry": { "type": "MultiPoint", "coordinates": [ [ 653905.777103548985906, 6861570.567191693931818 ] ] } },
{ "type": "Feature", "properties": { "gid": 8246, "id_num_sca": "ADO75CA_ANO581", "id_parc": "PA8797", "quartier": "Faubourg Saint-Antoine", "nom_entier": "Rue du Faubourg Saint Antoine", "num_voies": "35", "num_sca": "ADO75CA_ANO581", "geox": 602591.0, "geoy": 128007.0 }, "geometry": { "type": "MultiPoint", "coordinates": [ [ 653901.39089915191289, 6861573.518572575412691 ] ] } },
{ "type": "Feature", "properties": { "gid": 8247, "id_num_sca": "ADO75CA_ANO581", "id_parc": "PA8799", "quartier": "Faubourg Saint-Antoine", "nom_entier": "Rue du Faubourg Saint Antoine", "num_voies": "33", "num_sca": "ADO75CA_ANO581", "geox": 602587.0, "geoy": 128010.0 }, "geometry": { "type": "MultiPoint", "coordinates": [ [ 653895.435398916946724, 6861577.192089233547449 ] ] } },
{ "type": "Feature", "properties": { "gid": 8248, "id_num_sca": "ADO75CA_ANO581", "id_parc": "PA8798", "quartier": "Faubourg Saint-Antoine", "nom_entier": "Rue du Faubourg Saint Antoine", "num_voies": "31", "num_sca": "ADO75CA_ANO581", "geox": 602581.0, "geoy": 128014.0 }, "geometry": { "type": "MultiPoint", "coordinates": [ [ 653888.156173431198113, 6861582.688429195433855 ] ] } },
{ "type": "Feature", "properties": { "gid": 8249, "id_num_sca": "ADO75CA_ANO581", "id_parc": "PA8789", "quartier": "Faubourg Saint-Antoine", "nom_entier": "Rue du Faubourg Saint Antoine", "num_voies": "29", "num_sca": "ADO75CA_ANO581", "geox": 602573.0, "geoy": 128019.0 }, "geometry": { "type": "MultiPoint", "coordinates": [ [ 653881.660600788192824, 6861587.705556971952319 ] ] } },
{ "type": "Feature", "properties": { "gid": 8250, "id_num_sca": "ADO75CA_ANO581", "id_parc": "PA26277", "quartier": "Faubourg Saint-Antoine", "nom_entier": "Rue du Faubourg Saint Antoine", "num_voies": "27", "num_sca": "ADO75CA_ANO581", "geox": 602567.0, "geoy": 128024.0 }, "geometry": { "type": "MultiPoint", "coordinates": [ [ 653877.593425441300496, 6861591.126859655603766 ] ] } },
{ "type": "Feature", "properties": { "gid": 8251, "id_num_sca": "ADO75CA_ANO581", "id_parc": "PA8788", "quartier": "Faubourg Saint-Antoine", "nom_entier": "Rue du Faubourg Saint Antoine", "num_voies": "25", "num_sca": "ADO75CA_ANO581", "geox": 602563.0, "geoy": 128028.0 }, "geometry": { "type": "MultiPoint", "coordinates": [ [ 653873.449475599685684, 6861594.78511409368366 ] ] } },
{ "type": "Feature", "properties": { "gid": 8252, "id_num_sca": "ADO75CA_ANO581", "id_parc": "PA8730", "quartier": "Faubourg Saint-Antoine", "nom_entier": "Rue du Faubourg Saint Antoine", "num_voies": "23", "num_sca": "ADO75CA_ANO581", "geox": 602558.0, "geoy": 128031.0 }, "geometry": { "type": "MultiPoint", "coordinates": [ [ 653869.147336299298331, 6861598.365932826884091 ] ] } },
{ "type": "Feature", "properties": { "gid": 8253, "id_num_sca": "ADO75CA_ANO581", "id_parc": "PA8730", "quartier": "Faubourg Saint-Antoine", "nom_entier": "Rue du Faubourg Saint Antoine", "num_voies": "21", "num_sca": "ADO75CA_ANO581", "geox": 602554.0, "geoy": 128035.0 }, "geometry": { "type": "MultiPoint", "coordinates": [ [ 653862.733176975045353, 6861603.697447698563337 ] ] } },
{ "type": "Feature", "properties": { "gid": 8254, "id_num_sca": "ADO75CA_ANO581", "id_parc": "PA8787", "quartier": "Faubourg Saint-Antoine", "nom_entier": "Rue du Faubourg Saint Antoine", "num_voies": "19", "num_sca": "ADO75CA_ANO581", "geox": 602548.0, "geoy": 128040.0 }, "geometry": { "type": "MultiPoint", "coordinates": [ [ 653854.443286493886262, 6861610.77766799647361 ] ] } },
{ "type": "Feature", "properties": { "gid": 8255, "id_num_sca": "ADO75CA_ANO581", "id_parc": "PA8786", "quartier": "Faubourg Saint-Antoine", "nom_entier": "Rue du Faubourg Saint Antoine", "num_voies": "17", "num_sca": "ADO75CA_ANO581", "geox": 602539.0, "geoy": 128047.0 }, "geometry": { "type": "MultiPoint", "coordinates": [ [ 653849.127832249854691, 6861615.627316624857485 ] ] } },
{ "type": "Feature", "properties": { "gid": 8256, "id_num_sca": "ADO75CA_ANO581", "id_parc": "PA8775", "quartier": "Faubourg Saint-Antoine", "nom_entier": "Rue du Faubourg Saint Antoine", "num_voies": "15", "num_sca": "ADO75CA_ANO581", "geox": 602534.0, "geoy": 128052.0 }, "geometry": { "type": "MultiPoint", "coordinates": [ [ 653844.513953611953184, 6861619.604603041894734 ] ] } },
{ "type": "Feature", "properties": { "gid": 8257, "id_num_sca": "ADO75CA_ANO581", "id_parc": "PA8776", "quartier": "Faubourg Saint-Antoine", "nom_entier": "Rue du Faubourg Saint Antoine", "num_voies": "13", "num_sca": "ADO75CA_ANO581", "geox": 602529.0, "geoy": 128056.0 }, "geometry": { "type": "MultiPoint", "coordinates": [ [ 653840.218441920587793, 6861623.973049141466618 ] ] } },
{ "type": "Feature", "properties": { "gid": 8258, "id_num_sca": "ADO75CA_ANO581", "id_parc": "PA8777", "quartier": "Faubourg Saint-Antoine", "nom_entier": "Rue du Faubourg Saint Antoine", "num_voies": "11", "num_sca": "ADO75CA_ANO581", "geox": 602525.0, "geoy": 128060.0 }, "geometry": { "type": "MultiPoint", "coordinates": [ [ 653835.604562682332471, 6861627.950335489585996 ] ] } },
{ "type": "Feature", "properties": { "gid": 8259, "id_num_sca": "ADO75CA_ANO581", "id_parc": "PA8730", "quartier": "Faubourg Saint-Antoine", "nom_entier": "Rue du Faubourg Saint Antoine", "num_voies": "9", "num_sca": "ADO75CA_ANO581", "geox": 602520.0, "geoy": 128064.0 }, "geometry": { "type": "MultiPoint", "coordinates": [ [ 653830.138872826937586, 6861633.667701505124569 ] ] } },
{ "type": "Feature", "properties": { "gid": 8260, "id_num_sca": "ADO75CA_ANO581", "id_parc": "PA8730", "quartier": "Faubourg Saint-Antoine", "nom_entier": "Rue du Faubourg Saint Antoine", "num_voies": "7", "num_sca": "ADO75CA_ANO581", "geox": 602515.0, "geoy": 128070.0 }, "geometry": { "type": "MultiPoint", "coordinates": [ [ 653824.121177444467321, 6861639.31094937864691 ] ] } },
{ "type": "Feature", "properties": { "gid": 8261, "id_num_sca": "ADO75CA_ANO581", "id_parc": "PA8778", "quartier": "Faubourg Saint-Antoine", "nom_entier": "Rue du Faubourg Saint Antoine", "num_voies": "5", "num_sca": "ADO75CA_ANO581", "geox": 602509.0, "geoy": 128076.0 }, "geometry": { "type": "MultiPoint", "coordinates": [ [ 653817.404556822613813, 6861646.141610534861684 ] ] } },
{ "type": "Feature", "properties": { "gid": 8262, "id_num_sca": "ADO75CA_ANO581", "id_parc": "PA8730", "quartier": "Faubourg Saint-Antoine", "nom_entier": "Rue du Faubourg Saint Antoine", "num_voies": "3", "num_sca": "ADO75CA_ANO581", "geox": 602502.0, "geoy": 128082.0 }, "geometry": { "type": "MultiPoint", "coordinates": [ [ 653808.726148342015222, 6861653.855249995365739 ] ] } },
{ "type": "Feature", "properties": { "gid": 8263, "id_num_sca": "ADO75CA_ANO581", "id_parc": "PA8730", "quartier": "Faubourg Saint-Antoine", "nom_entier": "Rue du Faubourg Saint Antoine", "num_voies": "1", "num_sca": "ADO75CA_ANO581", "geox": 602493.0, "geoy": 128090.0 }, "geometry": { "type": "MultiPoint", "coordinates": [ [ 653805.248096792027354, 6861661.761386564001441 ] ] } },
{ "type": "Feature", "properties": { "gid": 8264, "id_num_sca": "ADO75CA_ANO581", "id_parc": "PA8779", "quartier": "Faubourg Saint-Antoine", "nom_entier": "Rue de la Roquette", "num_voies": "2", "num_sca": "ADO75CA_ANO581", "geox": 602490.0, "geoy": 128098.0 }, "geometry": { "type": "MultiPoint", "coordinates": [ [ 653809.716507735545747, 6861668.576593285426497 ] ] } },
{ "type": "Feature", "properties": { "gid": 8265, "id_num_sca": "ADO75CA_ANO581", "id_parc": "PA8780", "quartier": "Faubourg Saint-Antoine", "nom_entier": "Rue de la Roquette", "num_voies": "4", "num_sca": "ADO75CA_ANO581", "geox": 602494.0, "geoy": 128105.0 }, "geometry": { "type": "MultiPoint", "coordinates": [ [ 653813.4680955784861, 6861674.452618221752346 ] ] } },
{ "type": "Feature", "properties": { "gid": 8266, "id_num_sca": "ADO75CA_ANO581", "id_parc": "PA8781", "quartier": "Faubourg Saint-Antoine", "nom_entier": "Rue de la Roquette", "num_voies": "6", "num_sca": "ADO75CA_ANO581", "geox": 602498.0, "geoy": 128111.0 }, "geometry": { "type": "MultiPoint", "coordinates": [ [ 653816.574994148337282, 6861678.601169751957059 ] ] } },
{ "type": "Feature", "properties": { "gid": 8267, "id_num_sca": "ADO75CA_ANO581", "id_parc": "PA8782", "quartier": "Faubourg Saint-Antoine", "nom_entier": "Rue de la Roquette", "num_voies": "8", "num_sca": "ADO75CA_ANO581", "geox": 602501.0, "geoy": 128115.0 }, "geometry": { "type": "MultiPoint", "coordinates": [ [ 653820.243841922958381, 6861684.005281642079353 ] ] } },
{ "type": "Feature", "properties": { "gid": 8268, "id_num_sca": "ADO75CA_ANO581", "id_parc": "PA8785", "quartier": "Faubourg Saint-Antoine", "nom_entier": "Rue de la Roquette", "num_voies": "10", "num_sca": "ADO75CA_ANO581", "geox": 602504.0, "geoy": 128120.0 }, "geometry": { "type": "MultiPoint", "coordinates": [ [ 653824.955173289519735, 6861691.606126609258354 ] ] } },
{ "type": "Feature", "properties": { "gid": 8269, "id_num_sca": "ADO75CA_ANO581", "id_parc": "PA8784", "quartier": "Faubourg Saint-Antoine", "nom_entier": "Rue de la Roquette", "num_voies": "12", "num_sca": "ADO75CA_ANO581", "geox": 602509.0, "geoy": 128128.0 }, "geometry": { "type": "MultiPoint", "coordinates": [ [ 653831.020063920994289, 6861700.928473983891308 ] ] } },
{ "type": "Feature", "properties": { "gid": 8270, "id_num_sca": "ADO75CA_ANO581", "id_parc": "PA8783", "quartier": "Faubourg Saint-Antoine", "nom_entier": "Rue de la Roquette", "num_voies": "14", "num_sca": "ADO75CA_ANO581", "geox": 602515.0, "geoy": 128137.0 }, "geometry": { "type": "MultiPoint", "coordinates": [ [ 653835.726756094954908, 6861707.977979860268533 ] ] } },
{ "type": "Feature", "properties": { "gid": 8271, "id_num_sca": "ADO75CA_ANO581", "id_parc": "PA8730", "quartier": "Faubourg Saint-Antoine", "nom_entier": "Rue de la Roquette", "num_voies": "16", "num_sca": "ADO75CA_ANO581", "geox": 602520.0, "geoy": 128144.0 }, "geometry": { "type": "MultiPoint", "coordinates": [ [ 653841.388551256852224, 6861716.20096602011472 ] ] } },
{ "type": "Feature", "properties": { "gid": 8272, "id_num_sca": "ADO75CA_ANO581", "id_parc": "PA8774", "quartier": "Faubourg Saint-Antoine", "nom_entier": "Rue de la Roquette", "num_voies": "18", "num_sca": "ADO75CA_ANO581", "geox": 602525.0, "geoy": 128153.0 }, "geometry": { "type": "MultiPoint", "coordinates": [ [ 653847.850575082469732, 6861725.913810973986983 ] ] } },
{ "type": "Feature", "properties": { "gid": 8273, "id_num_sca": "ADO75CA_ANO581", "id_parc": "PA8773", "quartier": "Faubourg Saint-Antoine", "nom_entier": "Rue de la Roquette", "num_voies": "20", "num_sca": "ADO75CA_ANO581", "geox": 602532.0, "geoy": 128162.0 }, "geometry": { "type": "MultiPoint", "coordinates": [ [ 653852.40173155546654, 6861733.200933234766126 ] ] } },
{ "type": "Feature", "properties": { "gid": 8274, "id_num_sca": "ADO75CA_ANO581", "id_parc": "PA8772", "quartier": "Faubourg Saint-Antoine", "nom_entier": "Rue de la Roquette", "num_voies": "22", "num_sca": "ADO75CA_ANO581", "geox": 602536.0, "geoy": 128170.0 }, "geometry": { "type": "MultiPoint", "coordinates": [ [ 653856.866170035675168, 6861739.543565192259848 ] ] } },
{ "type": "Feature", "properties": { "gid": 8275, "id_num_sca": "ADO75CA_ANO581", "id_parc": "PA8771", "quartier": "Faubourg Saint-Antoine", "nom_entier": "Rue de la Roquette", "num_voies": "24", "num_sca": "ADO75CA_ANO581", "geox": 602541.0, "geoy": 128176.0 }, "geometry": { "type": "MultiPoint", "coordinates": [ [ 653861.256486367085017, 6861746.43820078484714 ] ] } },
{ "type": "Feature", "properties": { "gid": 8276, "id_num_sca": "ADO75CA_ANO581", "id_parc": "PA8767", "quartier": "Faubourg Saint-Antoine", "nom_entier": "Rue de la Roquette", "num_voies": "26", "num_sca": "ADO75CA_ANO581", "geox": 602545.0, "geoy": 128183.0 }, "geometry": { "type": "MultiPoint", "coordinates": [ [ 653865.168257279554382, 6861752.627952218987048 ] ] } },
{ "type": "Feature", "properties": { "gid": 8277, "id_num_sca": "ADO75CA_ANO581", "id_parc": "PA8764", "quartier": "Faubourg Saint-Antoine", "nom_entier": "Rue de la Roquette", "num_voies": "28", "num_sca": "ADO75CA_ANO581", "geox": 602549.0, "geoy": 128189.0 }, "geometry": { "type": "MultiPoint", "coordinates": [ [ 653868.443293220130727, 6861758.035383675247431 ] ] } },
{ "type": "Feature", "properties": { "gid": 8278, "id_num_sca": "ADO75CA_ANO581", "id_parc": "PA8761", "quartier": "Faubourg Saint-Antoine", "nom_entier": "Rue de la Roquette", "num_voies": "30", "num_sca": "ADO75CA_ANO581", "geox": 602552.0, "geoy": 128195.0 }, "geometry": { "type": "MultiPoint", "coordinates": [ [ 653874.798714062781073, 6861764.440854033455253 ] ] } },
{ "type": "Feature", "properties": { "gid": 8279, "id_num_sca": "ADO75CA_ANO581", "id_parc": "PA8761", "quartier": "Faubourg Saint-Antoine", "nom_entier": "Rue de la Roquette", "num_voies": "32", "num_sca": "ADO75CA_ANO581", "geox": 602558.0, "geoy": 128201.0 }, "geometry": { "type": "MultiPoint", "coordinates": [ [ 653884.260909851640463, 6861765.621433461084962 ] ] } },
{ "type": "Feature", "properties": { "gid": 8280, "id_num_sca": "ADO75CA_ANO581", "id_parc": "PA8763", "quartier": "Faubourg Saint-Antoine", "nom_entier": "Rue de Lappe", "num_voies": "2", "num_sca": "ADO75CA_ANO581", "geox": 602568.0, "geoy": 128202.0 }, "geometry": { "type": "MultiPoint", "coordinates": [ [ 653892.169589303899556, 6861760.041014138609171 ] ] } },
{ "type": "Feature", "properties": { "gid": 8281, "id_num_sca": "ADO75CA_ANO581", "id_parc": "PA8762", "quartier": "Faubourg Saint-Antoine", "nom_entier": "Rue de Lappe", "num_voies": "4", "num_sca": "ADO75CA_ANO581", "geox": 602576.0, "geoy": 128197.0 }, "geometry": { "type": "MultiPoint", "coordinates": [ [ 653900.932067135465331, 6861752.956801161170006 ] ] } },
{ "type": "Feature", "properties": { "gid": 8282, "id_num_sca": "ADO75CA_ANO581", "id_parc": "PA8759", "quartier": "Faubourg Saint-Antoine", "nom_entier": "Rue de Lappe", "num_voies": "6", "num_sca": "ADO75CA_ANO581", "geox": 602585.0, "geoy": 128190.0 }, "geometry": { "type": "MultiPoint", "coordinates": [ [ 653911.581546473898925, 6861745.462847997434437 ] ] } },
{ "type": "Feature", "properties": { "gid": 8283, "id_num_sca": "ADO75CA_ANO581", "id_parc": "PA8770", "quartier": "Faubourg Saint-Antoine", "nom_entier": "Rue de Lappe", "num_voies": "8", "num_sca": "ADO75CA_ANO581", "geox": 602595.0, "geoy": 128182.0 }, "geometry": { "type": "MultiPoint", "coordinates": [ [ 653921.521492554340512, 6861737.896103730425239 ] ] } },
{ "type": "Feature", "properties": { "gid": 8284, "id_num_sca": "ADO75CA_ANO581", "id_parc": "PA8769", "quartier": "Faubourg Saint-Antoine", "nom_entier": "Rue de Lappe", "num_voies": "10", "num_sca": "ADO75CA_ANO581", "geox": 602605.0, "geoy": 128175.0 }, "geometry": { "type": "MultiPoint", "coordinates": [ [ 653928.326157538685948, 6861732.167447744868696 ] ] } },
{ "type": "Feature", "properties": { "gid": 8285, "id_num_sca": "ADO75CA_ANO581", "id_parc": "PA8768", "quartier": "Faubourg Saint-Antoine", "nom_entier": "Rue de Lappe", "num_voies": "12", "num_sca": "ADO75CA_ANO581", "geox": 602612.0, "geoy": 128169.0 }, "geometry": { "type": "MultiPoint", "coordinates": [ [ 653933.49204322847072, 6861728.264272158965468 ] ] } },
{ "type": "Feature", "properties": { "gid": 8286, "id_num_sca": "ADO75CA_ANO581", "id_parc": "PA8768", "quartier": "Faubourg Saint-Antoine", "nom_entier": "Rue de Lappe", "num_voies": "14", "num_sca": "ADO75CA_ANO581", "geox": 602617.0, "geoy": 128165.0 }, "geometry": { "type": "MultiPoint", "coordinates": [ [ 653937.324920945800841, 6861725.081242999061942 ] ] } },
{ "type": "Feature", "properties": { "gid": 8287, "id_num_sca": "ADO75CA_ANO581", "id_parc": "PA8827", "quartier": "Faubourg Saint-Antoine", "nom_entier": "Rue de Lappe", "num_voies": "16", "num_sca": "ADO75CA_ANO581", "geox": 602621.0, "geoy": 128162.0 }, "geometry": { "type": "MultiPoint", "coordinates": [ [ 653945.467896025395021, 6861719.262542789801955 ] ] } },
{ "type": "Feature", "properties": { "gid": 8288, "id_num_sca": "ADO75CA_ANO581", "id_parc": "PA8830", "quartier": "Faubourg Saint-Antoine", "nom_entier": "Rue de Lappe", "num_voies": "18", "num_sca": "ADO75CA_ANO581", "geox": 602629.0, "geoy": 128157.0 }, "geometry": { "type": "MultiPoint", "coordinates": [ [ 653954.000708330306225, 6861712.967947361059487 ] ] } },
{ "type": "Feature", "properties": { "gid": 8289, "id_num_sca": "ADO75CA_ANO581", "id_parc": "PA8830", "quartier": "Faubourg Saint-Antoine", "nom_entier": "Rue de Lappe", "num_voies": "20", "num_sca": "ADO75CA_ANO581", "geox": 602638.0, "geoy": 128150.0 }, "geometry": { "type": "MultiPoint", "coordinates": [ [ 653959.791393949417397, 6861708.429359886795282 ] ] } },
{ "type": "Feature", "properties": { "gid": 8290, "id_num_sca": "ADO75CA_ANO581", "id_parc": "PA8830", "quartier": "Faubourg Saint-Antoine", "nom_entier": "Rue de Lappe", "num_voies": "22", "num_sca": "ADO75CA_ANO581", "geox": 602644.0, "geoy": 128146.0 }, "geometry": { "type": "MultiPoint", "coordinates": [ [ 653966.206880627432838, 6861703.25536089297384 ] ] } },
{ "type": "Feature", "properties": { "gid": 8291, "id_num_sca": "ADO75CA_ANO581", "id_parc": "PA8829", "quartier": "Faubourg Saint-Antoine", "nom_entier": "Rue de Lappe", "num_voies": "24", "num_sca": "ADO75CA_ANO581", "geox": 602650.0, "geoy": 128141.0 }, "geometry": { "type": "MultiPoint", "coordinates": [ [ 653978.963730321731418, 6861693.459365844726562 ] ] } },
{ "type": "Feature", "properties": { "gid": 8292, "id_num_sca": "ADO75CA_ANO581", "id_parc": "PA8828", "quartier": "Faubourg Saint-Antoine", "nom_entier": "Rue de Lappe", "num_voies": "26", "num_sca": "ADO75CA_ANO581", "geox": 602663.0, "geoy": 128131.0 }, "geometry": { "type": "MultiPoint", "coordinates": [ [ 653994.772451289813034, 6861681.274604701437056 ] ] } },
{ "type": "Feature", "properties": { "gid": 8293, "id_num_sca": "ADO75CA_ANO581", "id_parc": "PA8825", "quartier": "Faubourg Saint-Antoine", "nom_entier": "Rue de Lappe", "num_voies": "28", "num_sca": "ADO75CA_ANO581", "geox": 602679.0, "geoy": 128119.0 }, "geometry": { "type": "MultiPoint", "coordinates": [ [ 654005.024787656730041, 6861673.390151847153902 ] ] } },
{ "type": "Feature", "properties": { "gid": 8294, "id_num_sca": "ADO75CA_ANO581", "id_parc": "PA26276", "quartier": "Faubourg Saint-Antoine", "nom_entier": "Rue de Lappe", "num_voies": "30", "num_sca": "ADO75CA_ANO581", "geox": 602689.0, "geoy": 128111.0 }, "geometry": { "type": "MultiPoint", "coordinates": [ [ 654012.771288085728884, 6861667.259716553613544 ] ] } },
{ "type": "Feature", "properties": { "gid": 8295, "id_num_sca": "ADO75CA_ANO581", "id_parc": "PA8826", "quartier": "Faubourg Saint-Antoine", "nom_entier": "Rue de Lappe", "num_voies": "32", "num_sca": "ADO75CA_ANO581", "geox": 602697.0, "geoy": 128105.0 }, "geometry": { "type": "MultiPoint", "coordinates": [ [ 654020.048523954930715, 6861661.527076886966825 ] ] } },
{ "type": "Feature", "properties": { "gid": 8296, "id_num_sca": "ADO75CA_ANO581", "id_parc": "PA8820", "quartier": "Faubourg Saint-Antoine", "nom_entier": "Rue de Lappe", "num_voies": "34", "num_sca": "ADO75CA_ANO581", "geox": 602704.0, "geoy": 128099.0 }, "geometry": { "type": "MultiPoint", "coordinates": [ [ 654027.015347837237641, 6861656.348431160673499 ] ] } },
{ "type": "Feature", "properties": { "gid": 8297, "id_num_sca": "ADO75CA_ANO581", "id_parc": "PA8820", "quartier": "Faubourg Saint-Antoine", "nom_entier": "Rue de Lappe", "num_voies": "36", "num_sca": "ADO75CA_ANO581", "geox": 602711.0, "geoy": 128094.0 }, "geometry": { "type": "MultiPoint", "coordinates": [ [ 654036.548649015487172, 6861648.959449830465019 ] ] } },
{ "type": "Feature", "properties": { "gid": 8298, "id_num_sca": "ADO75CA_ANO581", "id_parc": "PA8819", "quartier": "Faubourg Saint-Antoine", "nom_entier": "Rue de Lappe", "num_voies": "38", "num_sca": "ADO75CA_ANO581", "geox": 602721.0, "geoy": 128087.0 }, "geometry": { "type": "MultiPoint", "coordinates": [ [ 654042.964726981241256, 6861644.205752248875797 ] ] } },
{ "type": "Feature", "properties": { "gid": 8299, "id_num_sca": "ADO75CA_ANO581", "id_parc": "PA8821", "quartier": "Faubourg Saint-Antoine", "nom_entier": "Rue de Lappe", "num_voies": "40", "num_sca": "ADO75CA_ANO581", "geox": 602728.0, "geoy": 128082.0 }, "geometry": { "type": "MultiPoint", "coordinates": [ [ 654050.231830512639135, 6861639.041379660367966 ] ] } },
{ "type": "Feature", "properties": { "gid": 8300, "id_num_sca": "ADO75CA_ANO581", "id_parc": "PA8821", "quartier": "Faubourg Saint-Antoine", "nom_entier": "Rue de Lappe", "num_voies": "42", "num_sca": "ADO75CA_ANO581", "geox": 602735.0, "geoy": 128077.0 }, "geometry": { "type": "MultiPoint", "coordinates": [ [ 654063.631600903579965, 6861629.291845512576401 ] ] } },
{ "type": "Feature", "properties": { "gid": 8301, "id_num_sca": "ADO75CA_ANO581", "id_parc": "PA8816", "quartier": "Faubourg Saint-Antoine", "nom_entier": "Rue de Lappe", "num_voies": "44", "num_sca": "ADO75CA_ANO581", "geox": 602748.0, "geoy": 128068.0 }, "geometry": { "type": "MultiPoint", "coordinates": [ [ 654077.117430499754846, 6861619.535284023731947 ] ] } },
{ "type": "Feature", "properties": { "gid": 8302, "id_num_sca": "ADO75CA_ANO581", "id_parc": "PA8818", "quartier": "Faubourg Saint-Antoine", "nom_entier": "Rue de Lappe", "num_voies": "46", "num_sca": "ADO75CA_ANO581", "geox": 602762.0, "geoy": 128058.0 }, "geometry": { "type": "MultiPoint", "coordinates": [ [ 654088.077298539690673, 6861611.487329469062388 ] ] } },
{ "type": "Feature", "properties": { "gid": 8303, "id_num_sca": "ADO75CA_ANO582", "id_parc": "PA8753", "quartier": "Faubourg Saint-Antoine", "nom_entier": "Rue de Lappe", "num_voies": "48", "num_sca": "ADO75CA_ANO581", "geox": 602773.0, "geoy": 128050.0 }, "geometry": { "type": "MultiPoint", "coordinates": [ [ 653867.068544281763025, 6861768.104948159307241 ] ] } },
{ "type": "Feature", "properties": { "gid": 8304, "id_num_sca": "ADO75CA_ANO582", "id_parc": "PA8752", "quartier": "Faubourg Saint-Antoine", "nom_entier": "Rue de la Roquette", "num_voies": "15", "num_sca": "ADO75CA_ANO582", "geox": 602551.0, "geoy": 128205.0 }, "geometry": { "type": "MultiPoint", "coordinates": [ [ 653858.275790198938921, 6861755.689716088585556 ] ] } },
{ "type": "Feature", "properties": { "gid": 8305, "id_num_sca": "ADO75CA_ANO582", "id_parc": "PA8750", "quartier": "Faubourg Saint-Antoine", "nom_entier": "Rue de la Roquette", "num_voies": "13", "num_sca": "ADO75CA_ANO582", "geox": 602542.0, "geoy": 128192.0 }, "geometry": { "type": "MultiPoint", "coordinates": [ [ 653851.318860032130033, 6861746.336094066500664 ] ] } },
{ "type": "Feature", "properties": { "gid": 8306, "id_num_sca": "ADO75CA_ANO582", "id_parc": "PA8754", "quartier": "Faubourg Saint-Antoine", "nom_entier": "Rue de la Roquette", "num_voies": "11", "num_sca": "ADO75CA_ANO582", "geox": 602535.0, "geoy": 128183.0 }, "geometry": { "type": "MultiPoint", "coordinates": [ [ 653845.820534147205763, 6861738.237215423956513 ] ] } },
{ "type": "Feature", "properties": { "gid": 8307, "id_num_sca": "ADO75CA_ANO582", "id_parc": "PA8755", "quartier": "Faubourg Saint-Antoine", "nom_entier": "Rue de la Roquette", "num_voies": "9", "num_sca": "ADO75CA_ANO582", "geox": 602530.0, "geoy": 128175.0 }, "geometry": { "type": "MultiPoint", "coordinates": [ [ 653839.679595233988948, 6861729.05772427842021 ] ] } },
{ "type": "Feature", "properties": { "gid": 8308, "id_num_sca": "ADO75CA_ANO582", "id_parc": "PA8756", "quartier": "Faubourg Saint-Antoine", "nom_entier": "Rue de la Roquette", "num_voies": "7", "num_sca": "ADO75CA_ANO582", "geox": 602524.0, "geoy": 128165.0 }, "geometry": { "type": "MultiPoint", "coordinates": [ [ 653833.997231736429967, 6861720.598387899808586 ] ] } },
{ "type": "Feature", "properties": { "gid": 8309, "id_num_sca": "ADO75CA_ANO582", "id_parc": "PA8740", "quartier": "Faubourg Saint-Antoine", "nom_entier": "Rue de la Roquette", "num_voies": "5", "num_sca": "ADO75CA_ANO582", "geox": 602518.0, "geoy": 128157.0 }, "geometry": { "type": "MultiPoint", "coordinates": [ [ 653829.420627096202224, 6861714.482793521136045 ] ] } },
{ "type": "Feature", "properties": { "gid": 8310, "id_num_sca": "ADO75CA_ANO582", "id_parc": "PA8741", "quartier": "Faubourg Saint-Antoine", "nom_entier": "Rue de la Roquette", "num_voies": "3", "num_sca": "ADO75CA_ANO582", "geox": 602513.0, "geoy": 128151.0 }, "geometry": { "type": "MultiPoint", "coordinates": [ [ 653824.195316018653102, 6861706.562620474025607 ] ] } },
{ "type": "Feature", "properties": { "gid": 8339, "id_num_sca": "ADO75CA_ANO538", "id_parc": "PA9915", "quartier": "Quinze-Vingts", "nom_entier": "Rue du Faubourg Saint Antoine", "num_voies": "282", "num_sca": "ADO75CA_ANO537", "geox": 604164.0, "geoy": 127562.0 }, "geometry": { "type": "MultiPoint", "coordinates": [ [ 654896.848867888562381, 6861272.045740561559796 ] ] } },
{ "type": "Feature", "properties": { "gid": 8340, "id_num_sca": "ADO75CA_ANO538", "id_parc": "PA9335", "quartier": "Quinze-Vingts", "nom_entier": "Rue du Faubourg Saint Antoine", "num_voies": "284", "num_sca": "ADO75CA_ANO537", "geox": 604200.0, "geoy": 127533.0 }, "geometry": { "type": "MultiPoint", "coordinates": [ [ 655101.849068448529579, 6860840.243099891580641 ] ] } },
{ "type": "Feature", "properties": { "gid": 8341, "id_num_sca": "ADO75CA_ANO538", "id_parc": "PA9919", "quartier": "Quinze-Vingts", "nom_entier": "Rue du Faubourg Saint Antoine", "num_voies": "224", "num_sca": "ADO75CA_ANO538", "geox": 603585.0, "geoy": 127717.0 }, "geometry": { "type": "MultiPoint", "coordinates": [ [ 654921.060991510050371, 6861265.321617511101067 ] ] } },
{ "type": "Feature", "properties": { "gid": 8342, "id_num_sca": "ADO75CA_ANO538", "id_parc": "PA9918", "quartier": "Quinze-Vingts", "nom_entier": "Rue de Reuilly", "num_voies": "49", "num_sca": "ADO75CA_ANO538", "geox": 603793.0, "geoy": 127287.0 }, "geometry": { "type": "MultiPoint", "coordinates": [ [ 654933.710344556253403, 6861261.954972520470619 ] ] } },
{ "type": "Feature", "properties": { "gid": 8343, "id_num_sca": "ADO75CA_ANO538", "id_parc": "PA9930", "quartier": "Quinze-Vingts", "nom_entier": "Rue du Faubourg Saint Antoine", "num_voies": "226", "num_sca": "ADO75CA_ANO538", "geox": 603609.0, "geoy": 127711.0 }, "geometry": { "type": "MultiPoint", "coordinates": [ [ 654964.559650223585777, 6861254.812648511491716 ] ] } },
{ "type": "Feature", "properties": { "gid": 8344, "id_num_sca": "ADO75CA_ANO538", "id_parc": "PA9930", "quartier": "Quinze-Vingts", "nom_entier": "Rue du Faubourg Saint Antoine", "num_voies": "228", "num_sca": "ADO75CA_ANO538", "geox": 603621.0, "geoy": 127708.0 }, "geometry": { "type": "MultiPoint", "coordinates": [ [ 654945.277181550161913, 6861259.080414001829922 ] ] } },
{ "type": "Feature", "properties": { "gid": 8345, "id_num_sca": "ADO75CA_ANO538", "id_parc": "PA9922", "quartier": "Quinze-Vingts", "nom_entier": "Rue du Faubourg Saint Antoine", "num_voies": "232", "num_sca": "ADO75CA_ANO538", "geox": 603652.0, "geoy": 127701.0 }, "geometry": { "type": "MultiPoint", "coordinates": [ [ 654986.488039626856335, 6861249.315169136971235 ] ] } },
{ "type": "Feature", "properties": { "gid": 8346, "id_num_sca": "ADO75CA_ANO538", "id_parc": "PA9927", "quartier": "Quinze-Vingts", "nom_entier": "Rue du Faubourg Saint Antoine", "num_voies": "230", "num_sca": "ADO75CA_ANO538", "geox": 603633.0, "geoy": 127705.0 }, "geometry": { "type": "MultiPoint", "coordinates": [ [ 654999.971319972770289, 6861244.613349138759077 ] ] } },
{ "type": "Feature", "properties": { "gid": 8347, "id_num_sca": "ADO75CA_ANO538", "id_parc": "PA9925", "quartier": "Quinze-Vingts", "nom_entier": "Rue du Faubourg Saint Antoine", "num_voies": "234", "num_sca": "ADO75CA_ANO538", "geox": 603674.0, "geoy": 127695.0 }, "geometry": { "type": "MultiPoint", "coordinates": [ [ 655009.860119519405998, 6861243.201812081970274 ] ] } },
{ "type": "Feature", "properties": { "gid": 8348, "id_num_sca": "ADO75CA_ANO538", "id_parc": "PA9929", "quartier": "Quinze-Vingts", "nom_entier": "Rue du Faubourg Saint Antoine", "num_voies": "236", "num_sca": "ADO75CA_ANO538", "geox": 603688.0, "geoy": 127691.0 }, "geometry": { "type": "MultiPoint", "coordinates": [ [ 655026.847666164976545, 6861238.832652954384685 ] ] } },
{ "type": "Feature", "properties": { "gid": 8349, "id_num_sca": "ADO75CA_ANO538", "id_parc": "PA9917", "quartier": "Quinze-Vingts", "nom_entier": "Rue du Faubourg Saint Antoine", "num_voies": "238", "num_sca": "ADO75CA_ANO538", "geox": 603698.0, "geoy": 127689.0 }, "geometry": { "type": "MultiPoint", "coordinates": [ [ 654880.361604588804767, 6861235.479945552535355 ] ] } },
{ "type": "Feature", "properties": { "gid": 8350, "id_num_sca": "ADO75CA_ANO538", "id_parc": "PA9916", "quartier": "Quinze-Vingts", "nom_entier": "Rue du Faubourg Saint Antoine", "num_voies": "240", "num_sca": "ADO75CA_ANO538", "geox": 603715.0, "geoy": 127685.0 }, "geometry": { "type": "MultiPoint", "coordinates": [ [ 654885.232257740222849, 6861226.021186157129705 ] ] } },
{ "type": "Feature", "properties": { "gid": 8351, "id_num_sca": "ADO75CA_ANO538", "id_parc": "PA9921", "quartier": "Quinze-Vingts", "nom_entier": "Rue de Reuilly", "num_voies": "3", "num_sca": "ADO75CA_ANO538", "geox": 603568.0, "geoy": 127681.0 }, "geometry": { "type": "MultiPoint", "coordinates": [ [ 654888.686681908555329, 6861220.438035778701305 ] ] } },
{ "type": "Feature", "properties": { "gid": 8352, "id_num_sca": "ADO75CA_ANO538", "id_parc": "PA9920", "quartier": "Quinze-Vingts", "nom_entier": "Rue de Reuilly", "num_voies": "5", "num_sca": "ADO75CA_ANO538", "geox": 603573.0, "geoy": 127671.0 }, "geometry": { "type": "MultiPoint", "coordinates": [ [ 654892.112624000175856, 6861211.47441865876317 ] ] } },
{ "type": "Feature", "properties": { "gid": 8353, "id_num_sca": "ADO75CA_ANO538", "id_parc": "PA9931", "quartier": "Quinze-Vingts", "nom_entier": "Rue de Reuilly", "num_voies": "7", "num_sca": "ADO75CA_ANO538", "geox": 603577.0, "geoy": 127666.0 }, "geometry": { "type": "MultiPoint", "coordinates": [ [ 654901.484610712272115, 6861191.714841056615114 ] ] } },
{ "type": "Feature", "properties": { "gid": 8354, "id_num_sca": "ADO75CA_ANO538", "id_parc": "PA9926", "quartier": "Quinze-Vingts", "nom_entier": "Rue de Reuilly", "num_voies": "9", "num_sca": "ADO75CA_ANO538", "geox": 603580.0, "geoy": 127657.0 }, "geometry": { "type": "MultiPoint", "coordinates": [ [ 654920.590769540052861, 6861152.192638806067407 ] ] } },
{ "type": "Feature", "properties": { "gid": 8355, "id_num_sca": "ADO75CA_ANO538", "id_parc": "PA9928", "quartier": "Quinze-Vingts", "nom_entier": "Rue de Reuilly", "num_voies": "11", "num_sca": "ADO75CA_ANO538", "geox": 603590.0, "geoy": 127637.0 }, "geometry": { "type": "MultiPoint", "coordinates": [ [ 654925.223005008301698, 6861143.098113273270428 ] ] } },
{ "type": "Feature", "properties": { "gid": 8356, "id_num_sca": "ADO75CA_ANO538", "id_parc": "PA9923", "quartier": "Quinze-Vingts", "nom_entier": "Rue de Reuilly", "num_voies": "13", "num_sca": "ADO75CA_ANO538", "geox": 603609.0, "geoy": 127598.0 }, "geometry": { "type": "MultiPoint", "coordinates": [ [ 654932.931188977439888, 6861126.491801340132952 ] ] } },
{ "type": "Feature", "properties": { "gid": 8357, "id_num_sca": "ADO75CA_ANO538", "id_parc": "PA9932", "quartier": "Quinze-Vingts", "nom_entier": "Rue de Reuilly", "num_voies": "15", "num_sca": "ADO75CA_ANO538", "geox": 603614.0, "geoy": 127589.0 }, "geometry": { "type": "MultiPoint", "coordinates": [ [ 655044.560618434334174, 6861234.578112876974046 ] ] } },
{ "type": "Feature", "properties": { "gid": 8358, "id_num_sca": "ADO75CA_ANO538", "id_parc": "PA9932", "quartier": "Quinze-Vingts", "nom_entier": "Rue de Reuilly", "num_voies": "17", "num_sca": "ADO75CA_ANO538", "geox": 603622.0, "geoy": 127572.0 }, "geometry": { "type": "MultiPoint", "coordinates": [ [ 655067.097745503881015, 6861229.6791832447052 ] ] } },
{ "type": "Feature", "properties": { "gid": 8359, "id_num_sca": "ADO75CA_ANO538", "id_parc": "PA9935", "quartier": "Quinze-Vingts", "nom_entier": "Rue du Faubourg Saint Antoine", "num_voies": "242", "num_sca": "ADO75CA_ANO538", "geox": 603733.0, "geoy": 127681.0 }, "geometry": { "type": "MultiPoint", "coordinates": [ [ 655081.555012349737808, 6861225.935056204907596 ] ] } },
{ "type": "Feature", "properties": { "gid": 8360, "id_num_sca": "ADO75CA_ANO538", "id_parc": "PA9935", "quartier": "Quinze-Vingts", "nom_entier": "Rue du Faubourg Saint Antoine", "num_voies": "244", "num_sca": "ADO75CA_ANO538", "geox": 603755.0, "geoy": 127676.0 }, "geometry": { "type": "MultiPoint", "coordinates": [ [ 655097.45088302786462, 6861220.971397831104696 ] ] } },
{ "type": "Feature", "properties": { "gid": 8361, "id_num_sca": "ADO75CA_ANO538", "id_parc": "PA9935", "quartier": "Quinze-Vingts", "nom_entier": "Rue du Faubourg Saint Antoine", "num_voies": "246", "num_sca": "ADO75CA_ANO538", "geox": 603770.0, "geoy": 127673.0 }, "geometry": { "type": "MultiPoint", "coordinates": [ [ 655112.982522917445749, 6861215.769330702722073 ] ] } },
{ "type": "Feature", "properties": { "gid": 8362, "id_num_sca": "ADO75CA_ANO538", "id_parc": "PA9933", "quartier": "Quinze-Vingts", "nom_entier": "Rue du Faubourg Saint Antoine", "num_voies": "248", "num_sca": "ADO75CA_ANO538", "geox": 603786.0, "geoy": 127668.0 }, "geometry": { "type": "MultiPoint", "coordinates": [ [ 655126.70624052209314, 6861210.944730181246996 ] ] } },
{ "type": "Feature", "properties": { "gid": 8363, "id_num_sca": "ADO75CA_ANO538", "id_parc": "PA9933", "quartier": "Quinze-Vingts", "nom_entier": "Rue du Faubourg Saint Antoine", "num_voies": "250", "num_sca": "ADO75CA_ANO538", "geox": 603801.0, "geoy": 127663.0 }, "geometry": { "type": "MultiPoint", "coordinates": [ [ 655134.409658728633076, 6861208.102742457762361 ] ] } },
{ "type": "Feature", "properties": { "gid": 8364, "id_num_sca": "ADO75CA_ANO538", "id_parc": "PA9943", "quartier": "Quinze-Vingts", "nom_entier": "Rue du Faubourg Saint Antoine", "num_voies": "252", "num_sca": "ADO75CA_ANO538", "geox": 603815.0, "geoy": 127658.0 }, "geometry": { "type": "MultiPoint", "coordinates": [ [ 655145.24293973413296, 6861204.147697753272951 ] ] } },
{ "type": "Feature", "properties": { "gid": 8365, "id_num_sca": "ADO75CA_ANO538", "id_parc": "PA9939", "quartier": "Quinze-Vingts", "nom_entier": "Rue du Faubourg Saint Antoine", "num_voies": "254", "num_sca": "ADO75CA_ANO538", "geox": 603823.0, "geoy": 127655.0 }, "geometry": { "type": "MultiPoint", "coordinates": [ [ 655158.127638809150085, 6861200.054608497768641 ] ] } },
{ "type": "Feature", "properties": { "gid": 8366, "id_num_sca": "ADO75CA_ANO538", "id_parc": "PA9939", "quartier": "Quinze-Vingts", "nom_entier": "Rue du Faubourg Saint Antoine", "num_voies": "256", "num_sca": "ADO75CA_ANO538", "geox": 603834.0, "geoy": 127652.0 }, "geometry": { "type": "MultiPoint", "coordinates": [ [ 655168.479009680217132, 6861196.22436651494354 ] ] } },
{ "type": "Feature", "properties": { "gid": 8367, "id_num_sca": "ADO75CA_ANO538", "id_parc": "PA9945", "quartier": "Quinze-Vingts", "nom_entier": "Rue du Faubourg Saint Antoine", "num_voies": "258", "num_sca": "ADO75CA_ANO538", "geox": 603846.0, "geoy": 127648.0 }, "geometry": { "type": "MultiPoint", "coordinates": [ [ 655187.74314608995337, 6861189.783410735428333 ] ] } },
{ "type": "Feature", "properties": { "gid": 8368, "id_num_sca": "ADO75CA_ANO538", "id_parc": "PA9938", "quartier": "Quinze-Vingts", "nom_entier": "Rue du Faubourg Saint Antoine", "num_voies": "260", "num_sca": "ADO75CA_ANO538", "geox": 603857.0, "geoy": 127644.0 }, "geometry": { "type": "MultiPoint", "coordinates": [ [ 655210.978193122893572, 6861181.739341331645846 ] ] } },
{ "type": "Feature", "properties": { "gid": 8369, "id_num_sca": "ADO75CA_ANO538", "id_parc": "PA9948", "quartier": "Quinze-Vingts", "nom_entier": "Rue du Faubourg Saint Antoine", "num_voies": "262", "num_sca": "ADO75CA_ANO538", "geox": 603876.0, "geoy": 127638.0 }, "geometry": { "type": "MultiPoint", "coordinates": [ [ 655228.315708472742699, 6861175.918329655192792 ] ] } },
{ "type": "Feature", "properties": { "gid": 8370, "id_num_sca": "ADO75CA_ANO538", "id_parc": "PA9952", "quartier": "Quinze-Vingts", "nom_entier": "Rue du Faubourg Saint Antoine", "num_voies": "264", "num_sca": "ADO75CA_ANO538", "geox": 603899.0, "geoy": 127630.0 }, "geometry": { "type": "MultiPoint", "coordinates": [ [ 655240.960973954410292, 6861172.068731296807528 ] ] } },
{ "type": "Feature", "properties": { "gid": 8371, "id_num_sca": "ADO75CA_ANO538", "id_parc": "PA9949", "quartier": "Quinze-Vingts", "nom_entier": "Rue du Faubourg Saint Antoine", "num_voies": "266", "num_sca": "ADO75CA_ANO538", "geox": 603917.0, "geoy": 127624.0 }, "geometry": { "type": "MultiPoint", "coordinates": [ [ 655270.571379834786057, 6861161.193861042149365 ] ] } },
{ "type": "Feature", "properties": { "gid": 8394, "id_num_sca": "ADO75CA_ANO538", "id_parc": "PA9970", "quartier": "Quinze-Vingts", "nom_entier": "Rue de Reuilly", "num_voies": "63", "num_sca": "ADO75CA_ANO538", "geox": 603849.0, "geoy": 127215.0 }, "geometry": { "type": "MultiPoint", "coordinates": [ [ 655148.904358405270614, 6860778.993663606233895 ] ] } },
{ "type": "Feature", "properties": { "gid": 8395, "id_num_sca": "ADO75CA_ANO538", "id_parc": "PA9971", "quartier": "Quinze-Vingts", "nom_entier": "Rue de Reuilly", "num_voies": "61", "num_sca": "ADO75CA_ANO538", "geox": 603845.0, "geoy": 127221.0 }, "geometry": { "type": "MultiPoint", "coordinates": [ [ 655142.9247792144306, 6860785.80549249984324 ] ] } },
{ "type": "Feature", "properties": { "gid": 8396, "id_num_sca": "ADO75CA_ANO538", "id_parc": "PA9968", "quartier": "Quinze-Vingts", "nom_entier": "Rue de Reuilly", "num_voies": "59bis", "num_sca": "ADO75CA_ANO538", "geox": 603841.0, "geoy": 127226.0 }, "geometry": { "type": "MultiPoint", "coordinates": [ [ 655136.237091623363085, 6860794.555120399221778 ] ] } },
{ "type": "Feature", "properties": { "gid": 8397, "id_num_sca": "ADO75CA_ANO538", "id_parc": "PA9969", "quartier": "Quinze-Vingts", "nom_entier": "Rue de Reuilly", "num_voies": "59", "num_sca": "ADO75CA_ANO538", "geox": 603835.0, "geoy": 127233.0 }, "geometry": { "type": "MultiPoint", "coordinates": [ [ 655130.270737680606544, 6860802.936446698382497 ] ] } },
{ "type": "Feature", "properties": { "gid": 8398, "id_num_sca": "ADO75CA_ANO538", "id_parc": "PA9972", "quartier": "Quinze-Vingts", "nom_entier": "Rue de Reuilly", "num_voies": "57", "num_sca": "ADO75CA_ANO538", "geox": 603828.0, "geoy": 127242.0 }, "geometry": { "type": "MultiPoint", "coordinates": [ [ 655118.555071429465897, 6860816.799529829993844 ] ] } },
{ "type": "Feature", "properties": { "gid": 8399, "id_num_sca": "ADO75CA_ANO538", "id_parc": "PA9974", "quartier": "Quinze-Vingts", "nom_entier": "Rue de Reuilly", "num_voies": "55", "num_sca": "ADO75CA_ANO538", "geox": 603822.0, "geoy": 127250.0 }, "geometry": { "type": "MultiPoint", "coordinates": [ [ 655109.00951152050402, 6860830.282091439701617 ] ] } },
{ "type": "Feature", "properties": { "gid": 8400, "id_num_sca": "ADO75CA_ANO538", "id_parc": "PA9975", "quartier": "Quinze-Vingts", "nom_entier": "Rue de Reuilly", "num_voies": "53", "num_sca": "ADO75CA_ANO538", "geox": 603810.0, "geoy": 127264.0 }, "geometry": { "type": "MultiPoint", "coordinates": [ [ 655097.671294948318973, 6860845.953079511411488 ] ] } },
{ "type": "Feature", "properties": { "gid": 8401, "id_num_sca": "ADO75CA_ANO538", "id_parc": "PA9976", "quartier": "Quinze-Vingts", "nom_entier": "Rue de Reuilly", "num_voies": "51", "num_sca": "ADO75CA_ANO538", "geox": 603800.0, "geoy": 127277.0 }, "geometry": { "type": "MultiPoint", "coordinates": [ [ 655090.61937244515866, 6860854.464303007349372 ] ] } },
{ "type": "Feature", "properties": { "gid": 8402, "id_num_sca": "ADO75CA_ANO538", "id_parc": "PA9957", "quartier": "Quinze-Vingts", "nom_entier": "Rue de Reuilly", "num_voies": "47", "num_sca": "ADO75CA_ANO538", "geox": 603789.0, "geoy": 127293.0 }, "geometry": { "type": "MultiPoint", "coordinates": [ [ 655081.185381237766705, 6860866.859272733330727 ] ] } },
{ "type": "Feature", "properties": { "gid": 8403, "id_num_sca": "ADO75CA_ANO538", "id_parc": "PA9955", "quartier": "Quinze-Vingts", "nom_entier": "Rue de Reuilly", "num_voies": "45", "num_sca": "ADO75CA_ANO538", "geox": 603782.0, "geoy": 127301.0 }, "geometry": { "type": "MultiPoint", "coordinates": [ [ 655059.33166793489363, 6860895.538051762618124 ] ] } },
{ "type": "Feature", "properties": { "gid": 8404, "id_num_sca": "ADO75CA_ANO538", "id_parc": "PA9954", "quartier": "Quinze-Vingts", "nom_entier": "Rue de Reuilly", "num_voies": "43", "num_sca": "ADO75CA_ANO538", "geox": 603772.0, "geoy": 127314.0 }, "geometry": { "type": "MultiPoint", "coordinates": [ [ 655048.720878627500497, 6860911.565125841647387 ] ] } },
{ "type": "Feature", "properties": { "gid": 8405, "id_num_sca": "ADO75CA_ANO538", "id_parc": "PA9946", "quartier": "Quinze-Vingts", "nom_entier": "Rue de Reuilly", "num_voies": "41", "num_sca": "ADO75CA_ANO538", "geox": 603750.0, "geoy": 127342.0 }, "geometry": { "type": "MultiPoint", "coordinates": [ [ 655034.771322002517991, 6860932.570670614019036 ] ] } },
{ "type": "Feature", "properties": { "gid": 8406, "id_num_sca": "ADO75CA_ANO538", "id_parc": "PA9947", "quartier": "Quinze-Vingts", "nom_entier": "Rue de Reuilly", "num_voies": "39", "num_sca": "ADO75CA_ANO538", "geox": 603739.0, "geoy": 127358.0 }, "geometry": { "type": "MultiPoint", "coordinates": [ [ 655022.405510176089592, 6860955.253209837712348 ] ] } },
{ "type": "Feature", "properties": { "gid": 8407, "id_num_sca": "ADO75CA_ANO538", "id_parc": "PA9940", "quartier": "Quinze-Vingts", "nom_entier": "Rue de Reuilly", "num_voies": "37", "num_sca": "ADO75CA_ANO538", "geox": 603725.0, "geoy": 127379.0 }, "geometry": { "type": "MultiPoint", "coordinates": [ [ 655011.828282534494065, 6860975.264402351342142 ] ] } },
{ "type": "Feature", "properties": { "gid": 8408, "id_num_sca": "ADO75CA_ANO538", "id_parc": "PA9941", "quartier": "Quinze-Vingts", "nom_entier": "Rue de Reuilly", "num_voies": "35", "num_sca": "ADO75CA_ANO538", "geox": 603713.0, "geoy": 127402.0 }, "geometry": { "type": "MultiPoint", "coordinates": [ [ 655006.360096394666471, 6860985.452622951939702 ] ] } },
{ "type": "Feature", "properties": { "gid": 8409, "id_num_sca": "ADO75CA_ANO538", "id_parc": "PA9944", "quartier": "Quinze-Vingts", "nom_entier": "Rue de Reuilly", "num_voies": "33", "num_sca": "ADO75CA_ANO538", "geox": 603702.0, "geoy": 127421.0 }, "geometry": { "type": "MultiPoint", "coordinates": [ [ 655001.250034121330827, 6860995.154866479337215 ] ] } },
{ "type": "Feature", "properties": { "gid": 8410, "id_num_sca": "ADO75CA_ANO538", "id_parc": "PA9937", "quartier": "Quinze-Vingts", "nom_entier": "Rue de Reuilly", "num_voies": "31", "num_sca": "ADO75CA_ANO538", "geox": 603696.0, "geoy": 127432.0 }, "geometry": { "type": "MultiPoint", "coordinates": [ [ 654994.11297070980072, 6861007.892689405009151 ] ] } },
{ "type": "Feature", "properties": { "gid": 8411, "id_num_sca": "ADO75CA_ANO538", "id_parc": "PA9942", "quartier": "Quinze-Vingts", "nom_entier": "Rue de Reuilly", "num_voies": "29", "num_sca": "ADO75CA_ANO538", "geox": 603691.0, "geoy": 127441.0 }, "geometry": { "type": "MultiPoint", "coordinates": [ [ 654984.595866554533131, 6861024.755723954178393 ] ] } },
{ "type": "Feature", "properties": { "gid": 8412, "id_num_sca": "ADO75CA_ANO538", "id_parc": "PA9934", "quartier": "Quinze-Vingts", "nom_entier": "Rue de Reuilly", "num_voies": "27", "num_sca": "ADO75CA_ANO538", "geox": 603684.0, "geoy": 127454.0 }, "geometry": { "type": "MultiPoint", "coordinates": [ [ 654976.509225234854966, 6861039.433387318626046 ] ] } },
{ "type": "Feature", "properties": { "gid": 8413, "id_num_sca": "ADO75CA_ANO538", "id_parc": "PA9924", "quartier": "Quinze-Vingts", "nom_entier": "Rue de Reuilly", "num_voies": "25", "num_sca": "ADO75CA_ANO538", "geox": 603674.0, "geoy": 127471.0 }, "geometry": { "type": "MultiPoint", "coordinates": [ [ 654964.023677696124651, 6861062.237689548172057 ] ] } },
{ "type": "Feature", "properties": { "gid": 8414, "id_num_sca": "ADO75CA_ANO538", "id_parc": "PA9936", "quartier": "Quinze-Vingts", "nom_entier": "Rue de Reuilly", "num_voies": "23", "num_sca": "ADO75CA_ANO538", "geox": 603666.0, "geoy": 127485.0 }, "geometry": { "type": "MultiPoint", "coordinates": [ [ 654943.592552811373025, 6861102.133261979557574 ] ] } },
{ "type": "Feature", "properties": { "gid": 8415, "id_num_sca": "ADO75CA_ANO539", "id_parc": "PA9892", "quartier": "Quinze-Vingts", "nom_entier": "Rue de Reuilly", "num_voies": "21", "num_sca": "ADO75CA_ANO538", "geox": 603653.0, "geoy": 127508.0 }, "geometry": { "type": "MultiPoint", "coordinates": [ [ 655091.296650752541609, 6860828.8709327718243 ] ] } },
{ "type": "Feature", "properties": { "gid": 8416, "id_num_sca": "ADO75CA_ANO539", "id_parc": "PA9893", "quartier": "Quinze-Vingts", "nom_entier": "Rue de Reuilly", "num_voies": "19", "num_sca": "ADO75CA_ANO538", "geox": 603633.0, "geoy": 127548.0 }, "geometry": { "type": "MultiPoint", "coordinates": [ [ 655098.507199191488326, 6860819.437243284657598 ] ] } },
{ "type": "Feature", "properties": { "gid": 8417, "id_num_sca": "ADO75CA_ANO539", "id_parc": "PA9894", "quartier": "Quinze-Vingts", "nom_entier": "Rue de Reuilly", "num_voies": "34", "num_sca": "ADO75CA_ANO539", "geox": 603783.0, "geoy": 127276.0 }, "geometry": { "type": "MultiPoint", "coordinates": [ [ 655116.310853917500935, 6860797.511719607748091 ] ] } },
{ "type": "Feature", "properties": { "gid": 8418, "id_num_sca": "ADO75CA_ANO539", "id_parc": "PA9895", "quartier": "Quinze-Vingts", "nom_entier": "Rue de Reuilly", "num_voies": "36", "num_sca": "ADO75CA_ANO539", "geox": 603790.0, "geoy": 127266.0 }, "geometry": { "type": "MultiPoint", "coordinates": [ [ 655124.273167379433289, 6860787.408961893059313 ] ] } },
{ "type": "Feature", "properties": { "gid": 8419, "id_num_sca": "ADO75CA_ANO539", "id_parc": "PA9896", "quartier": "Quinze-Vingts", "nom_entier": "Rue de Reuilly", "num_voies": "38", "num_sca": "ADO75CA_ANO539", "geox": 603808.0, "geoy": 127245.0 }, "geometry": { "type": "MultiPoint", "coordinates": [ [ 655133.455807178048417, 6860776.065130488947034 ] ] } },
{ "type": "Feature", "properties": { "gid": 8439, "id_num_sca": "ADO75CA_ANO539", "id_parc": "PA9884", "quartier": "Quinze-Vingts", "nom_entier": "Rue de Charenton", "num_voies": "131", "num_sca": "ADO75CA_ANO539", "geox": 603563.0, "geoy": 127009.0 }, "geometry": { "type": "MultiPoint", "coordinates": [ [ 654848.525381472776644, 6860590.253600046038628 ] ] } },
{ "type": "Feature", "properties": { "gid": 8440, "id_num_sca": "ADO75CA_ANO539", "id_parc": "PA9889", "quartier": "Quinze-Vingts", "nom_entier": "Rue de Charenton", "num_voies": "129", "num_sca": "ADO75CA_ANO539", "geox": 603553.0, "geoy": 127022.0 }, "geometry": { "type": "MultiPoint", "coordinates": [ [ 654815.747734714765102, 6860632.849854621104896 ] ] } },
{ "type": "Feature", "properties": { "gid": 8441, "id_num_sca": "ADO75CA_ANO539", "id_parc": "PA9888", "quartier": "Quinze-Vingts", "nom_entier": "Rue de Charenton", "num_voies": "127", "num_sca": "ADO75CA_ANO539", "geox": 603542.0, "geoy": 127035.0 }, "geometry": { "type": "MultiPoint", "coordinates": [ [ 654802.928014354547486, 6860650.756914388388395 ] ] } },
{ "type": "Feature", "properties": { "gid": 8442, "id_num_sca": "ADO75CA_ANO539", "id_parc": "PA9885", "quartier": "Quinze-Vingts", "nom_entier": "Rue de Charenton", "num_voies": "125", "num_sca": "ADO75CA_ANO539", "geox": 603509.0, "geoy": 127077.0 }, "geometry": { "type": "MultiPoint", "coordinates": [ [ 654782.943341724574566, 6860728.464543277397752 ] ] } },
{ "type": "Feature", "properties": { "gid": 8443, "id_num_sca": "ADO75CA_ANO539", "id_parc": "PA9890", "quartier": "Quinze-Vingts", "nom_entier": "Rue de Charenton", "num_voies": "125bis", "num_sca": "ADO75CA_ANO539", "geox": 603496.0, "geoy": 127095.0 }, "geometry": { "type": "MultiPoint", "coordinates": [ [ 654796.558389534940943, 6860737.533250981941819 ] ] } },
{ "type": "Feature", "properties": { "gid": 8444, "id_num_sca": "ADO75CA_ANO539", "id_parc": "PA9336", "quartier": "Quinze-Vingts", "nom_entier": "Petite Rue de Reuilly", "num_voies": "2", "num_sca": "ADO75CA_ANO539", "geox": 603475.0, "geoy": 127173.0 }, "geometry": { "type": "MultiPoint", "coordinates": [ [ 654804.372302278410643, 6860743.526586955413222 ] ] } },
{ "type": "Feature", "properties": { "gid": 8445, "id_num_sca": "ADO75CA_ANO539", "id_parc": "PA9891", "quartier": "Quinze-Vingts", "nom_entier": "Petite Rue de Reuilly", "num_voies": "4", "num_sca": "ADO75CA_ANO539", "geox": 603489.0, "geoy": 127182.0 }, "geometry": { "type": "MultiPoint", "coordinates": [ [ 654830.46478141634725, 6860761.484241225756705 ] ] } },
{ "type": "Feature", "properties": { "gid": 8446, "id_num_sca": "ADO75CA_ANO539", "id_parc": "PA9914", "quartier": "Quinze-Vingts", "nom_entier": "Petite Rue de Reuilly", "num_voies": "6", "num_sca": "ADO75CA_ANO539", "geox": 603497.0, "geoy": 127188.0 }, "geometry": { "type": "MultiPoint", "coordinates": [ [ 654845.895299822092056, 6860772.525820671580732 ] ] } },
{ "type": "Feature", "properties": { "gid": 8447, "id_num_sca": "ADO75CA_ANO539", "id_parc": "PA9875", "quartier": "Quinze-Vingts", "nom_entier": "Petite Rue de Reuilly", "num_voies": "8", "num_sca": "ADO75CA_ANO539", "geox": 603522.0, "geoy": 127206.0 }, "geometry": { "type": "MultiPoint", "coordinates": [ [ 654880.332485149614513, 6860803.288959703408182 ] ] } },
{ "type": "Feature", "properties": { "gid": 8448, "id_num_sca": "ADO75CA_ANO539", "id_parc": "PA9875", "quartier": "Quinze-Vingts", "nom_entier": "Petite Rue de Reuilly", "num_voies": "8", "num_sca": "ADO75CA_ANO539", "geox": 603538.0, "geoy": 127217.0 }, "geometry": { "type": "MultiPoint", "coordinates": [ [ 654899.606412779306993, 6860821.02008209284395 ] ] } },
{ "type": "Feature", "properties": { "gid": 8449, "id_num_sca": "ADO75CA_ANO539", "id_parc": "PA9877", "quartier": "Quinze-Vingts", "nom_entier": "Petite Rue de Reuilly", "num_voies": "10", "num_sca": "ADO75CA_ANO539", "geox": 603572.0, "geoy": 127248.0 }, "geometry": { "type": "MultiPoint", "coordinates": [ [ 654913.538190342253074, 6860833.967806813307106 ] ] } },
{ "type": "Feature", "properties": { "gid": 8450, "id_num_sca": "ADO75CA_ANO539", "id_parc": "PA9912", "quartier": "Quinze-Vingts", "nom_entier": "Petite Rue de Reuilly", "num_voies": "12", "num_sca": "ADO75CA_ANO539", "geox": 603591.0, "geoy": 127266.0 }, "geometry": { "type": "MultiPoint", "coordinates": [ [ 654928.317207915475592, 6860846.340333436615765 ] ] } },
{ "type": "Feature", "properties": { "gid": 8451, "id_num_sca": "ADO75CA_ANO539", "id_parc": "PA9872", "quartier": "Quinze-Vingts", "nom_entier": "Petite Rue de Reuilly", "num_voies": "14", "num_sca": "ADO75CA_ANO539", "geox": 603605.0, "geoy": 127279.0 }, "geometry": { "type": "MultiPoint", "coordinates": [ [ 654942.136773578706197, 6860857.206143278628588 ] ] } },
{ "type": "Feature", "properties": { "gid": 8452, "id_num_sca": "ADO75CA_ANO539", "id_parc": "PA9871", "quartier": "Quinze-Vingts", "nom_entier": "Petite Rue de Reuilly", "num_voies": "16", "num_sca": "ADO75CA_ANO539", "geox": 603620.0, "geoy": 127292.0 }, "geometry": { "type": "MultiPoint", "coordinates": [ [ 654962.14972593577113, 6860872.753494801931083 ] ] } },
{ "type": "Feature", "properties": { "gid": 8453, "id_num_sca": "ADO75CA_ANO539", "id_parc": "PA9874", "quartier": "Quinze-Vingts", "nom_entier": "Petite Rue de Reuilly", "num_voies": "18", "num_sca": "ADO75CA_ANO539", "geox": 603633.0, "geoy": 127303.0 }, "geometry": { "type": "MultiPoint", "coordinates": [ [ 654977.313811585307121, 6860885.880176031962037 ] ] } },
{ "type": "Feature", "properties": { "gid": 8454, "id_num_sca": "ADO75CA_ANO540", "id_parc": "PA9843", "quartier": "Quinze-Vingts", "nom_entier": "Petite Rue de Reuilly", "num_voies": "20", "num_sca": "ADO75CA_ANO539", "geox": 603653.0, "geoy": 127319.0 }, "geometry": { "type": "MultiPoint", "coordinates": [ [ 654828.407768828095868, 6861272.84699687268585 ] ] } },
{ "type": "Feature", "properties": { "gid": 8455, "id_num_sca": "ADO75CA_ANO540", "id_parc": "PA9844", "quartier": "Quinze-Vingts", "nom_entier": "Petite Rue de Reuilly", "num_voies": "22", "num_sca": "ADO75CA_ANO539", "geox": 603668.0, "geoy": 127332.0 }, "geometry": { "type": "MultiPoint", "coordinates": [ [ 654833.502323279157281, 6861266.255189593881369 ] ] } },
{ "type": "Feature", "properties": { "gid": 8456, "id_num_sca": "ADO75CA_ANO540", "id_parc": "PA9845", "quartier": "Quinze-Vingts", "nom_entier": "Rue de Reuilly", "num_voies": "6", "num_sca": "ADO75CA_ANO540", "geox": 603516.0, "geoy": 127718.0 }, "geometry": { "type": "MultiPoint", "coordinates": [ [ 654841.431053114589304, 6861256.460431196726859 ] ] } },
{ "type": "Feature", "properties": { "gid": 8457, "id_num_sca": "ADO75CA_ANO540", "id_parc": "PA9846", "quartier": "Quinze-Vingts", "nom_entier": "Rue de Reuilly", "num_voies": "8", "num_sca": "ADO75CA_ANO540", "geox": 603521.0, "geoy": 127711.0 }, "geometry": { "type": "MultiPoint", "coordinates": [ [ 654848.912601366289891, 6861246.41511988081038 ] ] } },
{ "type": "Feature", "properties": { "gid": 8458, "id_num_sca": "ADO75CA_ANO540", "id_parc": "PA9847", "quartier": "Quinze-Vingts", "nom_entier": "Rue de Reuilly", "num_voies": "10", "num_sca": "ADO75CA_ANO540", "geox": 603529.0, "geoy": 127701.0 }, "geometry": { "type": "MultiPoint", "coordinates": [ [ 654858.469150974065997, 6861233.618326921015978 ] ] } },
{ "type": "Feature", "properties": { "gid": 8459, "id_num_sca": "ADO75CA_ANO540", "id_parc": "PA9849", "quartier": "Quinze-Vingts", "nom_entier": "Rue de Reuilly", "num_voies": "12", "num_sca": "ADO75CA_ANO540", "geox": 603537.0, "geoy": 127691.0 }, "geometry": { "type": "MultiPoint", "coordinates": [ [ 654867.964799998211674, 6861221.139953192323446 ] ] } },
{ "type": "Feature", "properties": { "gid": 8460, "id_num_sca": "ADO75CA_ANO540", "id_parc": "PA9848", "quartier": "Quinze-Vingts", "nom_entier": "Rue de Reuilly", "num_voies": "14", "num_sca": "ADO75CA_ANO540", "geox": 603546.0, "geoy": 127679.0 }, "geometry": { "type": "MultiPoint", "coordinates": [ [ 654876.582156080403365, 6861210.067768778651953 ] ] } },
{ "type": "Feature", "properties": { "gid": 8461, "id_num_sca": "ADO75CA_ANO540", "id_parc": "PA9850", "quartier": "Quinze-Vingts", "nom_entier": "Rue de Reuilly", "num_voies": "16", "num_sca": "ADO75CA_ANO540", "geox": 603556.0, "geoy": 127666.0 }, "geometry": { "type": "MultiPoint", "coordinates": [ [ 654885.687234528944828, 6861196.511812613345683 ] ] } },
{ "type": "Feature", "properties": { "gid": 8462, "id_num_sca": "ADO75CA_ANO540", "id_parc": "PA9864", "quartier": "Quinze-Vingts", "nom_entier": "Rue de Reuilly", "num_voies": "18", "num_sca": "ADO75CA_ANO540", "geox": 603565.0, "geoy": 127655.0 }, "geometry": { "type": "MultiPoint", "coordinates": [ [ 654917.678412990411744, 6861137.302451128140092 ] ] } },
{ "type": "Feature", "properties": { "gid": 8463, "id_num_sca": "ADO75CA_ANO540", "id_parc": "PA9864", "quartier": "Quinze-Vingts", "nom_entier": "Rue de Reuilly", "num_voies": "20", "num_sca": "ADO75CA_ANO540", "geox": 603574.0, "geoy": 127642.0 }, "geometry": { "type": "MultiPoint", "coordinates": [ [ 654956.508187323575839, 6861059.660545288585126 ] ] } },
{ "type": "Feature", "properties": { "gid": 8464, "id_num_sca": "ADO75CA_ANO540", "id_parc": "PA9863", "quartier": "Quinze-Vingts", "nom_entier": "Rue de Reuilly", "num_voies": "22", "num_sca": "ADO75CA_ANO540", "geox": 603607.0, "geoy": 127583.0 }, "geometry": { "type": "MultiPoint", "coordinates": [ [ 654989.892453592736274, 6860992.237546018324792 ] ] } },
{ "type": "Feature", "properties": { "gid": 8465, "id_num_sca": "ADO75CA_ANO540", "id_parc": "PA9853", "quartier": "Quinze-Vingts", "nom_entier": "Rue de Reuilly", "num_voies": "24", "num_sca": "ADO75CA_ANO540", "geox": 603646.0, "geoy": 127505.0 }, "geometry": { "type": "MultiPoint", "coordinates": [ [ 655007.94040249241516, 6860953.428151630796492 ] ] } },
{ "type": "Feature", "properties": { "gid": 8466, "id_num_sca": "ADO75CA_ANO540", "id_parc": "PA9854", "quartier": "Quinze-Vingts", "nom_entier": "Rue de Reuilly", "num_voies": "26", "num_sca": "ADO75CA_ANO540", "geox": 603680.0, "geoy": 127438.0 }, "geometry": { "type": "MultiPoint", "coordinates": [ [ 655013.448898994014598, 6860943.14517208840698 ] ] } },
{ "type": "Feature", "properties": { "gid": 8467, "id_num_sca": "ADO75CA_ANO540", "id_parc": "PA9787", "quartier": "Quinze-Vingts", "nom_entier": "Rue de Reuilly", "num_voies": "28", "num_sca": "ADO75CA_ANO540", "geox": 603698.0, "geoy": 127400.0 }, "geometry": { "type": "MultiPoint", "coordinates": [ [ 654456.088642094400711, 6860881.847761178389192 ] ] } },
{ "type": "Feature", "properties": { "gid": 8468, "id_num_sca": "ADO75CA_ANO540", "id_parc": "PA9786", "quartier": "Quinze-Vingts", "nom_entier": "Rue de Reuilly", "num_voies": "30", "num_sca": "ADO75CA_ANO540", "geox": 603704.0, "geoy": 127389.0 }, "geometry": { "type": "MultiPoint", "coordinates": [ [ 654454.69491455773823, 6860889.997856826521456 ] ] } },
{ "type": "Feature", "properties": { "gid": 8469, "id_num_sca": "ADO75CA_ANO540", "id_parc": "PA9785", "quartier": "Quinze-Vingts", "nom_entier": "Rue Beauveau", "num_voies": "4", "num_sca": "ADO75CA_ANO540", "geox": 603147.0, "geoy": 127323.0 }, "geometry": { "type": "MultiPoint", "coordinates": [ [ 654452.111435157479718, 6860900.319730645045638 ] ] } },
{ "type": "Feature", "properties": { "gid": 8470, "id_num_sca": "ADO75CA_ANO540", "id_parc": "PA9799", "quartier": "Quinze-Vingts", "nom_entier": "Rue Beauveau", "num_voies": "6", "num_sca": "ADO75CA_ANO540", "geox": 603146.0, "geoy": 127332.0 }, "geometry": { "type": "MultiPoint", "coordinates": [ [ 654463.370482256053947, 6861338.806292260996997 ] ] } },
{ "type": "Feature", "properties": { "gid": 8471, "id_num_sca": "ADO75CA_ANO540", "id_parc": "PA9800", "quartier": "Quinze-Vingts", "nom_entier": "Rue Beauveau", "num_voies": "8", "num_sca": "ADO75CA_ANO540", "geox": 603143.0, "geoy": 127342.0 }, "geometry": { "type": "MultiPoint", "coordinates": [ [ 654473.591366578242742, 6861336.939864923246205 ] ] } },
{ "type": "Feature", "properties": { "gid": 8472, "id_num_sca": "ADO75CA_ANO540", "id_parc": "PA9801", "quartier": "Quinze-Vingts", "nom_entier": "Rue du Faubourg Saint Antoine", "num_voies": "154", "num_sca": "ADO75CA_ANO540", "geox": 603150.0, "geoy": 127780.0 }, "geometry": { "type": "MultiPoint", "coordinates": [ [ 654484.825732419383712, 6861334.61982593126595 ] ] } },
{ "type": "Feature", "properties": { "gid": 8473, "id_num_sca": "ADO75CA_ANO540", "id_parc": "PA9802", "quartier": "Quinze-Vingts", "nom_entier": "Rue du Faubourg Saint Antoine", "num_voies": "156", "num_sca": "ADO75CA_ANO540", "geox": 603161.0, "geoy": 127779.0 }, "geometry": { "type": "MultiPoint", "coordinates": [ [ 654491.992784493719228, 6861332.524815540760756 ] ] } },
{ "type": "Feature", "properties": { "gid": 8474, "id_num_sca": "ADO75CA_ANO540", "id_parc": "PA9803", "quartier": "Quinze-Vingts", "nom_entier": "Rue du Faubourg Saint Antoine", "num_voies": "158", "num_sca": "ADO75CA_ANO540", "geox": 603172.0, "geoy": 127776.0 }, "geometry": { "type": "MultiPoint", "coordinates": [ [ 654499.547187538584694, 6861331.125931274145842 ] ] } },
{ "type": "Feature", "properties": { "gid": 8475, "id_num_sca": "ADO75CA_ANO540", "id_parc": "PA9797", "quartier": "Quinze-Vingts", "nom_entier": "Rue du Faubourg Saint Antoine", "num_voies": "160", "num_sca": "ADO75CA_ANO540", "geox": 603179.0, "geoy": 127774.0 }, "geometry": { "type": "MultiPoint", "coordinates": [ [ 654506.71798736974597, 6861329.475955974310637 ] ] } },
{ "type": "Feature", "properties": { "gid": 8476, "id_num_sca": "ADO75CA_ANO540", "id_parc": "PA9807", "quartier": "Quinze-Vingts", "nom_entier": "Rue du Faubourg Saint Antoine", "num_voies": "162", "num_sca": "ADO75CA_ANO540", "geox": 603187.0, "geoy": 127773.0 }, "geometry": { "type": "MultiPoint", "coordinates": [ [ 654511.794498590636067, 6861328.288702391088009 ] ] } },
{ "type": "Feature", "properties": { "gid": 8477, "id_num_sca": "ADO75CA_ANO540", "id_parc": "PA9807", "quartier": "Quinze-Vingts", "nom_entier": "Rue du Faubourg Saint Antoine", "num_voies": "164", "num_sca": "ADO75CA_ANO540", "geox": 603194.0, "geoy": 127771.0 }, "geometry": { "type": "MultiPoint", "coordinates": [ [ 654517.830552828381769, 6861327.792751503176987 ] ] } },
{ "type": "Feature", "properties": { "gid": 8478, "id_num_sca": "ADO75CA_ANO540", "id_parc": "PA9806", "quartier": "Quinze-Vingts", "nom_entier": "Rue du Faubourg Saint Antoine", "num_voies": "166", "num_sca": "ADO75CA_ANO540", "geox": 603199.0, "geoy": 127770.0 }, "geometry": { "type": "MultiPoint", "coordinates": [ [ 654525.388168104691431, 6861326.775325004942715 ] ] } },
{ "type": "Feature", "properties": { "gid": 8479, "id_num_sca": "ADO75CA_ANO540", "id_parc": "PA9805", "quartier": "Quinze-Vingts", "nom_entier": "Rue du Faubourg Saint Antoine", "num_voies": "168", "num_sca": "ADO75CA_ANO540", "geox": 603205.0, "geoy": 127770.0 }, "geometry": { "type": "MultiPoint", "coordinates": [ [ 654530.978648678399622, 6861326.219548578374088 ] ] } },
{ "type": "Feature", "properties": { "gid": 8480, "id_num_sca": "ADO75CA_ANO540", "id_parc": "PA9805", "quartier": "Quinze-Vingts", "nom_entier": "Rue du Faubourg Saint Antoine", "num_voies": "170", "num_sca": "ADO75CA_ANO540", "geox": 603213.0, "geoy": 127769.0 }, "geometry": { "type": "MultiPoint", "coordinates": [ [ 654537.586894546286203, 6861325.718773111701012 ] ] } },
{ "type": "Feature", "properties": { "gid": 8481, "id_num_sca": "ADO75CA_ANO540", "id_parc": "PA9805", "quartier": "Quinze-Vingts", "nom_entier": "Rue du Faubourg Saint Antoine", "num_voies": "172", "num_sca": "ADO75CA_ANO540", "geox": 603218.0, "geoy": 127768.0 }, "geometry": { "type": "MultiPoint", "coordinates": [ [ 654545.207550930907018, 6861324.6372328735888 ] ] } },
{ "type": "Feature", "properties": { "gid": 8482, "id_num_sca": "ADO75CA_ANO540", "id_parc": "PA9804", "quartier": "Quinze-Vingts", "nom_entier": "Rue du Faubourg Saint Antoine", "num_voies": "174", "num_sca": "ADO75CA_ANO540", "geox": 603225.0, "geoy": 127768.0 }, "geometry": { "type": "MultiPoint", "coordinates": [ [ 654561.282323874882422, 6861323.293678571470082 ] ] } },
{ "type": "Feature", "properties": { "gid": 8483, "id_num_sca": "ADO75CA_ANO540", "id_parc": "PA9808", "quartier": "Quinze-Vingts", "nom_entier": "Rue du Faubourg Saint Antoine", "num_voies": "176", "num_sca": "ADO75CA_ANO540", "geox": 603232.0, "geoy": 127767.0 }, "geometry": { "type": "MultiPoint", "coordinates": [ [ 654575.700885034399107, 6861321.582598296925426 ] ] } },
{ "type": "Feature", "properties": { "gid": 8484, "id_num_sca": "ADO75CA_ANO540", "id_parc": "PA9808", "quartier": "Quinze-Vingts", "nom_entier": "Rue du Faubourg Saint Antoine", "num_voies": "178", "num_sca": "ADO75CA_ANO540", "geox": 603249.0, "geoy": 127766.0 }, "geometry": { "type": "MultiPoint", "coordinates": [ [ 654585.610843455418944, 6861320.54533682949841 ] ] } },
{ "type": "Feature", "properties": { "gid": 8485, "id_num_sca": "ADO75CA_ANO540", "id_parc": "PA9838", "quartier": "Quinze-Vingts", "nom_entier": "Rue du Faubourg Saint Antoine", "num_voies": "180", "num_sca": "ADO75CA_ANO540", "geox": 603263.0, "geoy": 127764.0 }, "geometry": { "type": "MultiPoint", "coordinates": [ [ 654593.358117345487699, 6861319.39914508908987 ] ] } },
{ "type": "Feature", "properties": { "gid": 8486, "id_num_sca": "ADO75CA_ANO540", "id_parc": "PA9826", "quartier": "Quinze-Vingts", "nom_entier": "Rue du Faubourg Saint Antoine", "num_voies": "182", "num_sca": "ADO75CA_ANO540", "geox": 603273.0, "geoy": 127763.0 }, "geometry": { "type": "MultiPoint", "coordinates": [ [ 654605.109126939554699, 6861318.028455603867769 ] ] } },
{ "type": "Feature", "properties": { "gid": 8487, "id_num_sca": "ADO75CA_ANO540", "id_parc": "PA26448", "quartier": "Quinze-Vingts", "nom_entier": "Rue du Faubourg Saint Antoine", "num_voies": "184", "num_sca": "ADO75CA_ANO540", "geox": 603281.0, "geoy": 127762.0 }, "geometry": { "type": "MultiPoint", "coordinates": [ [ 654615.857900882139802, 6861318.446484435349703 ] ] } },
{ "type": "Feature", "properties": { "gid": 8488, "id_num_sca": "ADO75CA_ANO540", "id_parc": "PA9823", "quartier": "Quinze-Vingts", "nom_entier": "Rue du Faubourg Saint Antoine", "num_voies": "186", "num_sca": "ADO75CA_ANO540", "geox": 603292.0, "geoy": 127761.0 }, "geometry": { "type": "MultiPoint", "coordinates": [ [ 654621.446774149662815, 6861317.699974206276238 ] ] } },
{ "type": "Feature", "properties": { "gid": 8489, "id_num_sca": "ADO75CA_ANO540", "id_parc": "PA9825", "quartier": "Quinze-Vingts", "nom_entier": "Rue du Faubourg Saint Antoine", "num_voies": "188", "num_sca": "ADO75CA_ANO540", "geox": 603303.0, "geoy": 127761.0 }, "geometry": { "type": "MultiPoint", "coordinates": [ [ 654628.877234274987131, 6861316.683613339439034 ] ] } },
{ "type": "Feature", "properties": { "gid": 8490, "id_num_sca": "ADO75CA_ANO540", "id_parc": "PA9824", "quartier": "Quinze-Vingts", "nom_entier": "Rue du Faubourg Saint Antoine", "num_voies": "190", "num_sca": "ADO75CA_ANO540", "geox": 603309.0, "geoy": 127761.0 }, "geometry": { "type": "MultiPoint", "coordinates": [ [ 654636.496818290557712, 6861315.474914328195155 ] ] } },
{ "type": "Feature", "properties": { "gid": 8491, "id_num_sca": "ADO75CA_ANO540", "id_parc": "PA26449", "quartier": "Quinze-Vingts", "nom_entier": "Rue du Faubourg Saint Antoine", "num_voies": "192", "num_sca": "ADO75CA_ANO540", "geox": 603316.0, "geoy": 127760.0 }, "geometry": { "type": "MultiPoint", "coordinates": [ [ 654641.705301192821935, 6861314.858772344887257 ] ] } },
{ "type": "Feature", "properties": { "gid": 8492, "id_num_sca": "ADO75CA_ANO540", "id_parc": "PA9822", "quartier": "Quinze-Vingts", "nom_entier": "Rue du Faubourg Saint Antoine", "num_voies": "194", "num_sca": "ADO75CA_ANO540", "geox": 603324.0, "geoy": 127759.0 }, "geometry": { "type": "MultiPoint", "coordinates": [ [ 654659.484865329694003, 6861312.102048642002046 ] ] } },
{ "type": "Feature", "properties": { "gid": 8493, "id_num_sca": "ADO75CA_ANO540", "id_parc": "PA9820", "quartier": "Quinze-Vingts", "nom_entier": "Rue du Faubourg Saint Antoine", "num_voies": "196", "num_sca": "ADO75CA_ANO540", "geox": 603329.0, "geoy": 127758.0 }, "geometry": { "type": "MultiPoint", "coordinates": [ [ 654679.295139331137761, 6861308.883133500814438 ] ] } },
{ "type": "Feature", "properties": { "gid": 8494, "id_num_sca": "ADO75CA_ANO540", "id_parc": "PA9819", "quartier": "Quinze-Vingts", "nom_entier": "Rue du Faubourg Saint Antoine", "num_voies": "198", "num_sca": "ADO75CA_ANO540", "geox": 603347.0, "geoy": 127755.0 }, "geometry": { "type": "MultiPoint", "coordinates": [ [ 654688.952930698054843, 6861308.102313986048102 ] ] } },
{ "type": "Feature", "properties": { "gid": 8495, "id_num_sca": "ADO75CA_ANO540", "id_parc": "PA9818", "quartier": "Quinze-Vingts", "nom_entier": "Rue du Faubourg Saint Antoine", "num_voies": "200", "num_sca": "ADO75CA_ANO540", "geox": 603367.0, "geoy": 127752.0 }, "geometry": { "type": "MultiPoint", "coordinates": [ [ 654699.304176248959266, 6861306.616255228407681 ] ] } },
{ "type": "Feature", "properties": { "gid": 8496, "id_num_sca": "ADO75CA_ANO540", "id_parc": "PA9817", "quartier": "Quinze-Vingts", "nom_entier": "Rue du Faubourg Saint Antoine", "num_voies": "202", "num_sca": "ADO75CA_ANO540", "geox": 603376.0, "geoy": 127752.0 }, "geometry": { "type": "MultiPoint", "coordinates": [ [ 654707.306291245156899, 6861305.531488675624132 ] ] } },
{ "type": "Feature", "properties": { "gid": 8497, "id_num_sca": "ADO75CA_ANO540", "id_parc": "PA9814", "quartier": "Quinze-Vingts", "nom_entier": "Rue du Faubourg Saint Antoine", "num_voies": "204", "num_sca": "ADO75CA_ANO540", "geox": 603387.0, "geoy": 127750.0 }, "geometry": { "type": "MultiPoint", "coordinates": [ [ 654736.275379113852978, 6861302.680408857762814 ] ] } },
{ "type": "Feature", "properties": { "gid": 8498, "id_num_sca": "ADO75CA_ANO540", "id_parc": "PA9813", "quartier": "Quinze-Vingts", "nom_entier": "Rue du Faubourg Saint Antoine", "num_voies": "206", "num_sca": "ADO75CA_ANO540", "geox": 603395.0, "geoy": 127749.0 }, "geometry": { "type": "MultiPoint", "coordinates": [ [ 654747.766186801367439, 6861300.612507980316877 ] ] } },
{ "type": "Feature", "properties": { "gid": 8499, "id_num_sca": "ADO75CA_ANO540", "id_parc": "PA9815", "quartier": "Quinze-Vingts", "nom_entier": "Rue du Faubourg Saint Antoine", "num_voies": "208", "num_sca": "ADO75CA_ANO540", "geox": 603424.0, "geoy": 127747.0 }, "geometry": { "type": "MultiPoint", "coordinates": [ [ 654761.794712326256558, 6861297.887397601269186 ] ] } },
{ "type": "Feature", "properties": { "gid": 8500, "id_num_sca": "ADO75CA_ANO540", "id_parc": "PA9809", "quartier": "Quinze-Vingts", "nom_entier": "Rue du Faubourg Saint Antoine", "num_voies": "210", "num_sca": "ADO75CA_ANO540", "geox": 603435.0, "geoy": 127745.0 }, "geometry": { "type": "MultiPoint", "coordinates": [ [ 654776.070581886335276, 6861294.33364631049335 ] ] } },
{ "type": "Feature", "properties": { "gid": 8501, "id_num_sca": "ADO75CA_ANO540", "id_parc": "PA9841", "quartier": "Quinze-Vingts", "nom_entier": "Rue du Faubourg Saint Antoine", "num_voies": "212", "num_sca": "ADO75CA_ANO540", "geox": 603449.0, "geoy": 127742.0 }, "geometry": { "type": "MultiPoint", "coordinates": [ [ 654782.796873638988473, 6861292.750984247773886 ] ] } },
{ "type": "Feature", "properties": { "gid": 8502, "id_num_sca": "ADO75CA_ANO540", "id_parc": "PA9810", "quartier": "Quinze-Vingts", "nom_entier": "Rue du Faubourg Saint Antoine", "num_voies": "214", "num_sca": "ADO75CA_ANO540", "geox": 603464.0, "geoy": 127739.0 }, "geometry": { "type": "MultiPoint", "coordinates": [ [ 654790.664334876928478, 6861290.77721297647804 ] ] } },
{ "type": "Feature", "properties": { "gid": 8503, "id_num_sca": "ADO75CA_ANO540", "id_parc": "PA9812", "quartier": "Quinze-Vingts", "nom_entier": "Rue du Faubourg Saint Antoine", "num_voies": "216", "num_sca": "ADO75CA_ANO540", "geox": 603470.0, "geoy": 127737.0 }, "geometry": { "type": "MultiPoint", "coordinates": [ [ 654800.945573639823124, 6861288.528763382695615 ] ] } },
{ "type": "Feature", "properties": { "gid": 8504, "id_num_sca": "ADO75CA_ANO540", "id_parc": "PA9811", "quartier": "Quinze-Vingts", "nom_entier": "Rue du Faubourg Saint Antoine", "num_voies": "218", "num_sca": "ADO75CA_ANO540", "geox": 603478.0, "geoy": 127735.0 }, "geometry": { "type": "MultiPoint", "coordinates": [ [ 654813.385746732819825, 6861285.944202776998281 ] ] } },
{ "type": "Feature", "properties": { "gid": 8505, "id_num_sca": "ADO75CA_ANO541", "id_parc": "PA9774", "quartier": "Quinze-Vingts", "nom_entier": "Rue du Faubourg Saint Antoine", "num_voies": "220", "num_sca": "ADO75CA_ANO540", "geox": 603488.0, "geoy": 127733.0 }, "geometry": { "type": "MultiPoint", "coordinates": [ [ 654415.932234560837969, 6860907.666349320672452 ] ] } },
{ "type": "Feature", "properties": { "gid": 8506, "id_num_sca": "ADO75CA_ANO541", "id_parc": "PA9765", "quartier": "Quinze-Vingts", "nom_entier": "Rue du Faubourg Saint Antoine", "num_voies": "222", "num_sca": "ADO75CA_ANO540", "geox": 603501.0, "geoy": 127731.0 }, "geometry": { "type": "MultiPoint", "coordinates": [ [ 654361.165682075312361, 6860967.750829755328596 ] ] } },
{ "type": "Feature", "properties": { "gid": 8507, "id_num_sca": "ADO75CA_ANO541", "id_parc": "PA9766", "quartier": "Quinze-Vingts", "nom_entier": "Rue de Charenton", "num_voies": "11bis", "num_sca": "ADO75CA_ANO541", "geox": 603107.0, "geoy": 127349.0 }, "geometry": { "type": "MultiPoint", "coordinates": [ [ 654347.552559568081051, 6860983.290393472649157 ] ] } },
{ "type": "Feature", "properties": { "gid": 8508, "id_num_sca": "ADO75CA_ANO541", "id_parc": "PA9766", "quartier": "Quinze-Vingts", "nom_entier": "Rue de Charenton", "num_voies": "111", "num_sca": "ADO75CA_ANO541", "geox": 603051.0, "geoy": 127408.0 }, "geometry": { "type": "MultiPoint", "coordinates": [ [ 654340.97985218570102, 6860989.476171001791954 ] ] } },
{ "type": "Feature", "properties": { "gid": 8509, "id_num_sca": "ADO75CA_ANO541", "id_parc": "PA9773", "quartier": "Quinze-Vingts", "nom_entier": "Rue de Charenton", "num_voies": "109", "num_sca": "ADO75CA_ANO541", "geox": 603038.0, "geoy": 127424.0 }, "geometry": { "type": "MultiPoint", "coordinates": [ [ 654326.752687132800929, 6861002.548983020707965 ] ] } },
{ "type": "Feature", "properties": { "gid": 8510, "id_num_sca": "ADO75CA_ANO541", "id_parc": "PA9771", "quartier": "Quinze-Vingts", "nom_entier": "Rue de Charenton", "num_voies": "107", "num_sca": "ADO75CA_ANO541", "geox": 603031.0, "geoy": 127430.0 }, "geometry": { "type": "MultiPoint", "coordinates": [ [ 654301.312955698813312, 6861046.170450459234416 ] ] } },
{ "type": "Feature", "properties": { "gid": 8511, "id_num_sca": "ADO75CA_ANO541", "id_parc": "PA9769", "quartier": "Quinze-Vingts", "nom_entier": "Rue de Charenton", "num_voies": "105", "num_sca": "ADO75CA_ANO541", "geox": 603017.0, "geoy": 127443.0 }, "geometry": { "type": "MultiPoint", "coordinates": [ [ 654307.640877390978858, 6861057.883497334085405 ] ] } },
{ "type": "Feature", "properties": { "gid": 8512, "id_num_sca": "ADO75CA_ANO541", "id_parc": "PA9768", "quartier": "Quinze-Vingts", "nom_entier": "Rue d'Aligre", "num_voies": "2", "num_sca": "ADO75CA_ANO541", "geox": 602991.0, "geoy": 127486.0 }, "geometry": { "type": "MultiPoint", "coordinates": [ [ 654316.780470788129605, 6861074.714459683746099 ] ] } },
{ "type": "Feature", "properties": { "gid": 8513, "id_num_sca": "ADO75CA_ANO541", "id_parc": "PA9770", "quartier": "Quinze-Vingts", "nom_entier": "Rue d'Aligre", "num_voies": "4", "num_sca": "ADO75CA_ANO541", "geox": 602997.0, "geoy": 127498.0 }, "geometry": { "type": "MultiPoint", "coordinates": [ [ 654320.106476151267998, 6861082.20109146554023 ] ] } },
{ "type": "Feature", "properties": { "gid": 8514, "id_num_sca": "ADO75CA_ANO541", "id_parc": "PA9780", "quartier": "Quinze-Vingts", "nom_entier": "Rue d'Aligre", "num_voies": "6", "num_sca": "ADO75CA_ANO541", "geox": 603006.0, "geoy": 127515.0 }, "geometry": { "type": "MultiPoint", "coordinates": [ [ 654335.579828100511804, 6861111.437198004685342 ] ] } },
{ "type": "Feature", "properties": { "gid": 8515, "id_num_sca": "ADO75CA_ANO541", "id_parc": "PA9777", "quartier": "Quinze-Vingts", "nom_entier": "Rue d'Aligre", "num_voies": "8", "num_sca": "ADO75CA_ANO541", "geox": 603009.0, "geoy": 127523.0 }, "geometry": { "type": "MultiPoint", "coordinates": [ [ 654325.738976698368788, 6861093.524493453092873 ] ] } },
{ "type": "Feature", "properties": { "gid": 8516, "id_num_sca": "ADO75CA_ANO541", "id_parc": "PA9778", "quartier": "Quinze-Vingts", "nom_entier": "Rue d'Aligre", "num_voies": "12", "num_sca": "ADO75CA_ANO541", "geox": 603025.0, "geoy": 127552.0 }, "geometry": { "type": "MultiPoint", "coordinates": [ [ 654407.954177351668477, 6861075.725776806473732 ] ] } },
{ "type": "Feature", "properties": { "gid": 8517, "id_num_sca": "ADO75CA_ANO541", "id_parc": "PA9767", "quartier": "Quinze-Vingts", "nom_entier": "Rue d'Aligre", "num_voies": "10", "num_sca": "ADO75CA_ANO541", "geox": 603015.0, "geoy": 127534.0 }, "geometry": { "type": "MultiPoint", "coordinates": [ [ 654410.89676968427375, 6861061.166031785309315 ] ] } },
{ "type": "Feature", "properties": { "gid": 8518, "id_num_sca": "ADO75CA_ANO541", "id_parc": "PA9775", "quartier": "Quinze-Vingts", "nom_entier": "Rue Beauveau", "num_voies": "7", "num_sca": "ADO75CA_ANO541", "geox": 603097.0, "geoy": 127517.0 }, "geometry": { "type": "MultiPoint", "coordinates": [ [ 654413.921579188085161, 6861044.628052693791687 ] ] } },
{ "type": "Feature", "properties": { "gid": 8519, "id_num_sca": "ADO75CA_ANO541", "id_parc": "PA9776", "quartier": "Quinze-Vingts", "nom_entier": "Rue Beauveau", "num_voies": "5bis", "num_sca": "ADO75CA_ANO541", "geox": 603100.0, "geoy": 127502.0 }, "geometry": { "type": "MultiPoint", "coordinates": [ [ 654417.250493385479786, 6861028.977406542748213 ] ] } },
{ "type": "Feature", "properties": { "gid": 8520, "id_num_sca": "ADO75CA_ANO542", "id_parc": "PA9737", "quartier": "Quinze-Vingts", "nom_entier": "Rue Beauveau", "num_voies": "5", "num_sca": "ADO75CA_ANO541", "geox": 603104.0, "geoy": 127486.0 }, "geometry": { "type": "MultiPoint", "coordinates": [ [ 654336.591339718084782, 6861130.206687384285033 ] ] } },
{ "type": "Feature", "properties": { "gid": 8521, "id_num_sca": "ADO75CA_ANO542", "id_parc": "PA9738", "quartier": "Quinze-Vingts", "nom_entier": "Rue Beauveau", "num_voies": "3", "num_sca": "ADO75CA_ANO541", "geox": 603107.0, "geoy": 127470.0 }, "geometry": { "type": "MultiPoint", "coordinates": [ [ 654327.608827918884344, 6861114.703026340343058 ] ] } },
{ "type": "Feature", "properties": { "gid": 8522, "id_num_sca": "ADO75CA_ANO542", "id_parc": "PA9339", "quartier": "Quinze-Vingts", "nom_entier": "Rue d'Aligre", "num_voies": "5", "num_sca": "ADO75CA_ANO542", "geox": 603025.0, "geoy": 127571.0 }, "geometry": { "type": "MultiPoint", "coordinates": [ [ 654309.944290809915401, 6861082.586686764843762 ] ] } },
{ "type": "Feature", "properties": { "gid": 8523, "id_num_sca": "ADO75CA_ANO542", "id_parc": "PA9741", "quartier": "Quinze-Vingts", "nom_entier": "Rue d'Aligre", "num_voies": "3", "num_sca": "ADO75CA_ANO542", "geox": 603017.0, "geoy": 127555.0 }, "geometry": { "type": "MultiPoint", "coordinates": [ [ 654264.940422188490629, 6861078.318727578036487 ] ] } },
{ "type": "Feature", "properties": { "gid": 8524, "id_num_sca": "ADO75CA_ANO542", "id_parc": "PA9740", "quartier": "Quinze-Vingts", "nom_entier": "Rue d'Aligre", "num_voies": "1", "num_sca": "ADO75CA_ANO542", "geox": 602999.0, "geoy": 127523.0 }, "geometry": { "type": "MultiPoint", "coordinates": [ [ 654272.998751208069734, 6861094.449811294674873 ] ] } },
{ "type": "Feature", "properties": { "gid": 8525, "id_num_sca": "ADO75CA_ANO542", "id_parc": "PA9339", "quartier": "Quinze-Vingts", "nom_entier": "Rue Trouvée", "num_voies": "2", "num_sca": "ADO75CA_ANO542", "geox": 602954.0, "geoy": 127518.0 }, "geometry": { "type": "MultiPoint", "coordinates": [ [ 654281.147458909545094, 6861110.801432780921459 ] ] } },
{ "type": "Feature", "properties": { "gid": 8526, "id_num_sca": "ADO75CA_ANO542", "id_parc": "PA9739", "quartier": "Quinze-Vingts", "nom_entier": "Rue Trouvée", "num_voies": "4", "num_sca": "ADO75CA_ANO542", "geox": 602962.0, "geoy": 127534.0 }, "geometry": { "type": "MultiPoint", "coordinates": [ [ 654292.758712182985619, 6861133.630030846223235 ] ] } },
{ "type": "Feature", "properties": { "gid": 8527, "id_num_sca": "ADO75CA_ANO543", "id_parc": "PA9340", "quartier": "Quinze-Vingts", "nom_entier": "Rue Trouvée", "num_voies": "6", "num_sca": "ADO75CA_ANO542", "geox": 602970.0, "geoy": 127551.0 }, "geometry": { "type": "MultiPoint", "coordinates": [ [ 654438.170834403252229, 6861342.728110017254949 ] ] } },
{ "type": "Feature", "properties": { "gid": 8528, "id_num_sca": "ADO75CA_ANO543", "id_parc": "PA9764", "quartier": "Quinze-Vingts", "nom_entier": "Rue Trouvée", "num_voies": "8", "num_sca": "ADO75CA_ANO542", "geox": 602982.0, "geoy": 127574.0 }, "geometry": { "type": "MultiPoint", "coordinates": [ [ 654427.43582392600365, 6861344.765101073309779 ] ] } },
{ "type": "Feature", "properties": { "gid": 8529, "id_num_sca": "ADO75CA_ANO543", "id_parc": "PA9763", "quartier": "Quinze-Vingts", "nom_entier": "Rue du Faubourg Saint Antoine", "num_voies": "152", "num_sca": "ADO75CA_ANO543", "geox": 603125.0, "geoy": 127784.0 }, "geometry": { "type": "MultiPoint", "coordinates": [ [ 654421.143034622422419, 6861345.976776852272451 ] ] } },
{ "type": "Feature", "properties": { "gid": 8530, "id_num_sca": "ADO75CA_ANO543", "id_parc": "PA9762", "quartier": "Quinze-Vingts", "nom_entier": "Rue du Faubourg Saint Antoine", "num_voies": "150", "num_sca": "ADO75CA_ANO543", "geox": 603115.0, "geoy": 127786.0 }, "geometry": { "type": "MultiPoint", "coordinates": [ [ 654415.734650676953606, 6861347.64445074275136 ] ] } },
{ "type": "Feature", "properties": { "gid": 8531, "id_num_sca": "ADO75CA_ANO543", "id_parc": "PA9761", "quartier": "Quinze-Vingts", "nom_entier": "Rue du Faubourg Saint Antoine", "num_voies": "148", "num_sca": "ADO75CA_ANO543", "geox": 603108.0, "geoy": 127787.0 }, "geometry": { "type": "MultiPoint", "coordinates": [ [ 654408.891217829892412, 6861349.509601755999029 ] ] } },
{ "type": "Feature", "properties": { "gid": 8532, "id_num_sca": "ADO75CA_ANO543", "id_parc": "PA9760", "quartier": "Quinze-Vingts", "nom_entier": "Rue du Faubourg Saint Antoine", "num_voies": "146", "num_sca": "ADO75CA_ANO543", "geox": 603103.0, "geoy": 127789.0 }, "geometry": { "type": "MultiPoint", "coordinates": [ [ 654401.772072846535593, 6861351.65514827799052 ] ] } },
{ "type": "Feature", "properties": { "gid": 8533, "id_num_sca": "ADO75CA_ANO543", "id_parc": "PA9760", "quartier": "Quinze-Vingts", "nom_entier": "Rue du Faubourg Saint Antoine", "num_voies": "144", "num_sca": "ADO75CA_ANO543", "geox": 603096.0, "geoy": 127791.0 }, "geometry": { "type": "MultiPoint", "coordinates": [ [ 654392.396399187739007, 6861344.504306104034185 ] ] } },
{ "type": "Feature", "properties": { "gid": 8534, "id_num_sca": "ADO75CA_ANO543", "id_parc": "PA9759", "quartier": "Quinze-Vingts", "nom_entier": "Rue Cotte", "num_voies": "142", "num_sca": "ADO75CA_ANO543", "geox": 603089.0, "geoy": 127793.0 }, "geometry": { "type": "MultiPoint", "coordinates": [ [ 654387.258066068054177, 6861334.212611999362707 ] ] } },
{ "type": "Feature", "properties": { "gid": 8535, "id_num_sca": "ADO75CA_ANO543", "id_parc": "PA9756", "quartier": "Quinze-Vingts", "nom_entier": "Rue Cotte", "num_voies": "16", "num_sca": "ADO75CA_ANO543", "geox": 603079.0, "geoy": 127786.0 }, "geometry": { "type": "MultiPoint", "coordinates": [ [ 654381.833875203737989, 6861322.996421893127263 ] ] } },
{ "type": "Feature", "properties": { "gid": 8536, "id_num_sca": "ADO75CA_ANO543", "id_parc": "PA9744", "quartier": "Quinze-Vingts", "nom_entier": "Rue Cotte", "num_voies": "14", "num_sca": "ADO75CA_ANO543", "geox": 603074.0, "geoy": 127775.0 }, "geometry": { "type": "MultiPoint", "coordinates": [ [ 654346.446534372284077, 6861249.590922554954886 ] ] } },
{ "type": "Feature", "properties": { "gid": 8537, "id_num_sca": "ADO75CA_ANO543", "id_parc": "PA9752", "quartier": "Quinze-Vingts", "nom_entier": "Rue Cotte", "num_voies": "12", "num_sca": "ADO75CA_ANO543", "geox": 603069.0, "geoy": 127764.0 }, "geometry": { "type": "MultiPoint", "coordinates": [ [ 654353.692506296327338, 6861263.560158813372254 ] ] } },
{ "type": "Feature", "properties": { "gid": 8538, "id_num_sca": "ADO75CA_ANO543", "id_parc": "PA9751", "quartier": "Quinze-Vingts", "nom_entier": "Rue Cotte", "num_voies": "2", "num_sca": "ADO75CA_ANO543", "geox": 603034.0, "geoy": 127690.0 }, "geometry": { "type": "MultiPoint", "coordinates": [ [ 654360.502115923212841, 6861279.456584704108536 ] ] } },
{ "type": "Feature", "properties": { "gid": 8539, "id_num_sca": "ADO75CA_ANO543", "id_parc": "PA9750", "quartier": "Quinze-Vingts", "nom_entier": "Rue Cotte", "num_voies": "4", "num_sca": "ADO75CA_ANO543", "geox": 603041.0, "geoy": 127704.0 }, "geometry": { "type": "MultiPoint", "coordinates": [ [ 654367.286002702894621, 6861292.298241470009089 ] ] } },
{ "type": "Feature", "properties": { "gid": 8540, "id_num_sca": "ADO75CA_ANO543", "id_parc": "PA9754", "quartier": "Quinze-Vingts", "nom_entier": "Rue Cotte", "num_voies": "6", "num_sca": "ADO75CA_ANO543", "geox": 603048.0, "geoy": 127720.0 }, "geometry": { "type": "MultiPoint", "coordinates": [ [ 654372.582870927639306, 6861303.228922037407756 ] ] } },
{ "type": "Feature", "properties": { "gid": 8541, "id_num_sca": "ADO75CA_ANO544", "id_parc": "PA9660", "quartier": "Quinze-Vingts", "nom_entier": "Rue Cotte", "num_voies": "8", "num_sca": "ADO75CA_ANO543", "geox": 603055.0, "geoy": 127733.0 }, "geometry": { "type": "MultiPoint", "coordinates": [ [ 654382.589398781070486, 6861360.881666166707873 ] ] } },
{ "type": "Feature", "properties": { "gid": 8542, "id_num_sca": "ADO75CA_ANO544", "id_parc": "PA9667", "quartier": "Quinze-Vingts", "nom_entier": "Rue Cotte", "num_voies": "10", "num_sca": "ADO75CA_ANO543", "geox": 603060.0, "geoy": 127744.0 }, "geometry": { "type": "MultiPoint", "coordinates": [ [ 654375.507600957993418, 6861362.574567960575223 ] ] } },
{ "type": "Feature", "properties": { "gid": 8543, "id_num_sca": "ADO75CA_ANO544", "id_parc": "PA9666", "quartier": "Quinze-Vingts", "nom_entier": "Rue du Faubourg Saint Antoine", "num_voies": "138", "num_sca": "ADO75CA_ANO544", "geox": 603070.0, "geoy": 127802.0 }, "geometry": { "type": "MultiPoint", "coordinates": [ [ 654370.737517935922369, 6861364.585890266112983 ] ] } },
{ "type": "Feature", "properties": { "gid": 8544, "id_num_sca": "ADO75CA_ANO544", "id_parc": "PA9669", "quartier": "Quinze-Vingts", "nom_entier": "Rue du Faubourg Saint Antoine", "num_voies": "136bis", "num_sca": "ADO75CA_ANO544", "geox": 603062.0, "geoy": 127803.0 }, "geometry": { "type": "MultiPoint", "coordinates": [ [ 654362.487828816985711, 6861368.034481287933886 ] ] } },
{ "type": "Feature", "properties": { "gid": 8545, "id_num_sca": "ADO75CA_ANO544", "id_parc": "PA9665", "quartier": "Quinze-Vingts", "nom_entier": "Rue du Faubourg Saint Antoine", "num_voies": "136", "num_sca": "ADO75CA_ANO544", "geox": 603058.0, "geoy": 127805.0 }, "geometry": { "type": "MultiPoint", "coordinates": [ [ 654351.094993758946657, 6861372.748551675118506 ] ] } },
{ "type": "Feature", "properties": { "gid": 8546, "id_num_sca": "ADO75CA_ANO544", "id_parc": "PA9671", "quartier": "Quinze-Vingts", "nom_entier": "Rue du Faubourg Saint Antoine", "num_voies": "134", "num_sca": "ADO75CA_ANO544", "geox": 603049.0, "geoy": 127809.0 }, "geometry": { "type": "MultiPoint", "coordinates": [ [ 654339.138070416054688, 6861377.354740319773555 ] ] } },
{ "type": "Feature", "properties": { "gid": 8547, "id_num_sca": "ADO75CA_ANO544", "id_parc": "PA9670", "quartier": "Quinze-Vingts", "nom_entier": "Rue du Faubourg Saint Antoine", "num_voies": "132", "num_sca": "ADO75CA_ANO544", "geox": 603038.0, "geoy": 127813.0 }, "geometry": { "type": "MultiPoint", "coordinates": [ [ 654331.616192419431172, 6861380.290336647070944 ] ] } },
{ "type": "Feature", "properties": { "gid": 8548, "id_num_sca": "ADO75CA_ANO544", "id_parc": "PA9672", "quartier": "Quinze-Vingts", "nom_entier": "Rue du Faubourg Saint Antoine", "num_voies": "130", "num_sca": "ADO75CA_ANO544", "geox": 603026.0, "geoy": 127818.0 }, "geometry": { "type": "MultiPoint", "coordinates": [ [ 654326.115449893171899, 6861382.476768635213375 ] ] } },
{ "type": "Feature", "properties": { "gid": 8549, "id_num_sca": "ADO75CA_ANO544", "id_parc": "PA26274", "quartier": "Quinze-Vingts", "nom_entier": "Rue du Faubourg Saint Antoine", "num_voies": "128bis", "num_sca": "ADO75CA_ANO544", "geox": 603018.0, "geoy": 127821.0 }, "geometry": { "type": "MultiPoint", "coordinates": [ [ 654318.479995069210418, 6861385.300686274655163 ] ] } },
{ "type": "Feature", "properties": { "gid": 8550, "id_num_sca": "ADO75CA_ANO544", "id_parc": "PA9647", "quartier": "Quinze-Vingts", "nom_entier": "Rue du Faubourg Saint Antoine", "num_voies": "128", "num_sca": "ADO75CA_ANO544", "geox": 603013.0, "geoy": 127823.0 }, "geometry": { "type": "MultiPoint", "coordinates": [ [ 654301.302472864626907, 6861391.921989179216325 ] ] } },
{ "type": "Feature", "properties": { "gid": 8551, "id_num_sca": "ADO75CA_ANO544", "id_parc": "PA9646", "quartier": "Quinze-Vingts", "nom_entier": "Rue du Faubourg Saint Antoine", "num_voies": "126", "num_sca": "ADO75CA_ANO544", "geox": 603005.0, "geoy": 127826.0 }, "geometry": { "type": "MultiPoint", "coordinates": [ [ 654296.365342552540824, 6861394.159987439401448 ] ] } },
{ "type": "Feature", "properties": { "gid": 8552, "id_num_sca": "ADO75CA_ANO544", "id_parc": "PA9642", "quartier": "Quinze-Vingts", "nom_entier": "Rue du Faubourg Saint Antoine", "num_voies": "124bis", "num_sca": "ADO75CA_ANO544", "geox": 602988.0, "geoy": 127832.0 }, "geometry": { "type": "MultiPoint", "coordinates": [ [ 654268.631624367088079, 6861404.530900543555617 ] ] } },
{ "type": "Feature", "properties": { "gid": 8553, "id_num_sca": "ADO75CA_ANO545", "id_parc": "PA9569", "quartier": "Quinze-Vingts", "nom_entier": "Rue du Faubourg Saint Antoine", "num_voies": "124", "num_sca": "ADO75CA_ANO544", "geox": 602983.0, "geoy": 127834.0 }, "geometry": { "type": "MultiPoint", "coordinates": [ [ 654200.730277387192473, 6861375.007533635012805 ] ] } },
{ "type": "Feature", "properties": { "gid": 8554, "id_num_sca": "ADO75CA_ANO544", "id_parc": "PA9648", "quartier": "Quinze-Vingts", "nom_entier": "Rue du Faubourg Saint Antoine", "num_voies": "120", "num_sca": "ADO75CA_ANO544", "geox": 602955.0, "geoy": 127845.0 }, "geometry": { "type": "MultiPoint", "coordinates": [ [ 654277.726501364842989, 6861401.131509379483759 ] ] } },
{ "type": "Feature", "properties": { "gid": 8555, "id_num_sca": "ADO75CA_ANO544", "id_parc": "PA9640", "quartier": "Quinze-Vingts", "nom_entier": "Rue du Faubourg Saint Antoine", "num_voies": "122", "num_sca": "ADO75CA_ANO544", "geox": 602964.0, "geoy": 127841.0 }, "geometry": { "type": "MultiPoint", "coordinates": [ [ 654209.036950396257453, 6861383.238219891674817 ] ] } },
{ "type": "Feature", "properties": { "gid": 8556, "id_num_sca": "ADO75CA_ANO544", "id_parc": "PA9639", "quartier": "Quinze-Vingts", "nom_entier": "Rue Traversière", "num_voies": "68", "num_sca": "ADO75CA_ANO544", "geox": 602896.0, "geoy": 127823.0 }, "geometry": { "type": "MultiPoint", "coordinates": [ [ 654205.996838048682548, 6861376.674678244628012 ] ] } },
{ "type": "Feature", "properties": { "gid": 8557, "id_num_sca": "ADO75CA_ANO544", "id_parc": "PA9641", "quartier": "Quinze-Vingts", "nom_entier": "Rue Traversière", "num_voies": "66", "num_sca": "ADO75CA_ANO544", "geox": 602893.0, "geoy": 127816.0 }, "geometry": { "type": "MultiPoint", "coordinates": [ [ 654201.699802686693147, 6861367.981659948825836 ] ] } },
{ "type": "Feature", "properties": { "gid": 8558, "id_num_sca": "ADO75CA_ANO544", "id_parc": "PA9638", "quartier": "Quinze-Vingts", "nom_entier": "Rue Traversière", "num_voies": "64", "num_sca": "ADO75CA_ANO544", "geox": 602889.0, "geoy": 127807.0 }, "geometry": { "type": "MultiPoint", "coordinates": [ [ 654197.566968145081773, 6861358.724082226864994 ] ] } },
{ "type": "Feature", "properties": { "gid": 8559, "id_num_sca": "ADO75CA_ANO544", "id_parc": "PA9637", "quartier": "Quinze-Vingts", "nom_entier": "Rue Traversière", "num_voies": "62", "num_sca": "ADO75CA_ANO544", "geox": 602885.0, "geoy": 127798.0 }, "geometry": { "type": "MultiPoint", "coordinates": [ [ 654192.867202201276086, 6861349.020741886459291 ] ] } },
{ "type": "Feature", "properties": { "gid": 8560, "id_num_sca": "ADO75CA_ANO544", "id_parc": "PA9635", "quartier": "Quinze-Vingts", "nom_entier": "Rue Traversière", "num_voies": "60", "num_sca": "ADO75CA_ANO544", "geox": 602880.0, "geoy": 127788.0 }, "geometry": { "type": "MultiPoint", "coordinates": [ [ 654189.254944014362991, 6861341.391988832503557 ] ] } },
{ "type": "Feature", "properties": { "gid": 8561, "id_num_sca": "ADO75CA_ANO544", "id_parc": "PA9636", "quartier": "Quinze-Vingts", "nom_entier": "Rue Traversière", "num_voies": "58", "num_sca": "ADO75CA_ANO544", "geox": 602876.0, "geoy": 127781.0 }, "geometry": { "type": "MultiPoint", "coordinates": [ [ 654185.296742610749789, 6861332.808752277866006 ] ] } },
{ "type": "Feature", "properties": { "gid": 8562, "id_num_sca": "ADO75CA_ANO544", "id_parc": "PA9633", "quartier": "Quinze-Vingts", "nom_entier": "Rue Traversière", "num_voies": "56", "num_sca": "ADO75CA_ANO544", "geox": 602872.0, "geoy": 127772.0 }, "geometry": { "type": "MultiPoint", "coordinates": [ [ 654180.015822627814487, 6861320.970242423005402 ] ] } },
{ "type": "Feature", "properties": { "gid": 8563, "id_num_sca": "ADO75CA_ANO544", "id_parc": "PA9634", "quartier": "Quinze-Vingts", "nom_entier": "Rue Traversière", "num_voies": "54", "num_sca": "ADO75CA_ANO544", "geox": 602867.0, "geoy": 127760.0 }, "geometry": { "type": "MultiPoint", "coordinates": [ [ 654173.190722471335903, 6861306.328867032192647 ] ] } },
{ "type": "Feature", "properties": { "gid": 8564, "id_num_sca": "ADO75CA_ANO544", "id_parc": "PA9632", "quartier": "Quinze-Vingts", "nom_entier": "Rue Traversière", "num_voies": "52", "num_sca": "ADO75CA_ANO544", "geox": 602861.0, "geoy": 127746.0 }, "geometry": { "type": "MultiPoint", "coordinates": [ [ 654166.771674245246686, 6861293.092010767199099 ] ] } },
{ "type": "Feature", "properties": { "gid": 8565, "id_num_sca": "ADO75CA_ANO544", "id_parc": "PA9631", "quartier": "Quinze-Vingts", "nom_entier": "Rue Traversière", "num_voies": "50", "num_sca": "ADO75CA_ANO544", "geox": 602854.0, "geoy": 127732.0 }, "geometry": { "type": "MultiPoint", "coordinates": [ [ 654162.358697919291444, 6861284.005751121789217 ] ] } },
{ "type": "Feature", "properties": { "gid": 8566, "id_num_sca": "ADO75CA_ANO544", "id_parc": "PA9630", "quartier": "Quinze-Vingts", "nom_entier": "Rue Traversière", "num_voies": "48", "num_sca": "ADO75CA_ANO544", "geox": 602850.0, "geoy": 127723.0 }, "geometry": { "type": "MultiPoint", "coordinates": [ [ 654158.569441774394363, 6861275.421094086952507 ] ] } },
{ "type": "Feature", "properties": { "gid": 8567, "id_num_sca": "ADO75CA_ANO544", "id_parc": "PA9628", "quartier": "Quinze-Vingts", "nom_entier": "Rue Traversière", "num_voies": "46", "num_sca": "ADO75CA_ANO544", "geox": 602846.0, "geoy": 127714.0 }, "geometry": { "type": "MultiPoint", "coordinates": [ [ 654154.386463336879387, 6861266.896073002368212 ] ] } },
{ "type": "Feature", "properties": { "gid": 8568, "id_num_sca": "ADO75CA_ANO544", "id_parc": "PA9629", "quartier": "Quinze-Vingts", "nom_entier": "Rue Traversière", "num_voies": "44", "num_sca": "ADO75CA_ANO544", "geox": 602842.0, "geoy": 127706.0 }, "geometry": { "type": "MultiPoint", "coordinates": [ [ 654150.088961289380677, 6861258.146747184917331 ] ] } },
{ "type": "Feature", "properties": { "gid": 8569, "id_num_sca": "ADO75CA_ANO544", "id_parc": "PA9627", "quartier": "Quinze-Vingts", "nom_entier": "Rue Traversière", "num_voies": "42", "num_sca": "ADO75CA_ANO544", "geox": 602838.0, "geoy": 127697.0 }, "geometry": { "type": "MultiPoint", "coordinates": [ [ 654145.847299568122253, 6861249.340633743442595 ] ] } },
{ "type": "Feature", "properties": { "gid": 8570, "id_num_sca": "ADO75CA_ANO544", "id_parc": "PA9626", "quartier": "Quinze-Vingts", "nom_entier": "Rue Traversière", "num_voies": "40", "num_sca": "ADO75CA_ANO544", "geox": 602834.0, "geoy": 127688.0 }, "geometry": { "type": "MultiPoint", "coordinates": [ [ 654142.119574790238403, 6861241.374953292310238 ] ] } },
{ "type": "Feature", "properties": { "gid": 8571, "id_num_sca": "ADO75CA_ANO544", "id_parc": "PA9625", "quartier": "Quinze-Vingts", "nom_entier": "Rue Traversière", "num_voies": "38", "num_sca": "ADO75CA_ANO544", "geox": 602830.0, "geoy": 127680.0 }, "geometry": { "type": "MultiPoint", "coordinates": [ [ 654137.931857452145778, 6861232.286798456683755 ] ] } },
{ "type": "Feature", "properties": { "gid": 8572, "id_num_sca": "ADO75CA_ANO544", "id_parc": "PA9624", "quartier": "Quinze-Vingts", "nom_entier": "Rue Traversière", "num_voies": "36", "num_sca": "ADO75CA_ANO544", "geox": 602826.0, "geoy": 127671.0 }, "geometry": { "type": "MultiPoint", "coordinates": [ [ 654130.881511857267469, 6861217.647329601459205 ] ] } },
{ "type": "Feature", "properties": { "gid": 8573, "id_num_sca": "ADO75CA_ANO544", "id_parc": "PA9623", "quartier": "Quinze-Vingts", "nom_entier": "Rue Traversière", "num_voies": "34", "num_sca": "ADO75CA_ANO544", "geox": 602819.0, "geoy": 127656.0 }, "geometry": { "type": "MultiPoint", "coordinates": [ [ 654124.404262487776577, 6861204.185701165348291 ] ] } },
{ "type": "Feature", "properties": { "gid": 8574, "id_num_sca": "ADO75CA_ANO544", "id_parc": "PA9655", "quartier": "Quinze-Vingts", "nom_entier": "Rue Traversière", "num_voies": "32", "num_sca": "ADO75CA_ANO544", "geox": 602813.0, "geoy": 127643.0 }, "geometry": { "type": "MultiPoint", "coordinates": [ [ 654325.473759624408558, 6861219.330130393616855 ] ] } },
{ "type": "Feature", "properties": { "gid": 8575, "id_num_sca": "ADO75CA_ANO544", "id_parc": "PA9656", "quartier": "Quinze-Vingts", "nom_entier": "Rue Cotte", "num_voies": "5", "num_sca": "ADO75CA_ANO544", "geox": 603014.0, "geoy": 127660.0 }, "geometry": { "type": "MultiPoint", "coordinates": [ [ 654333.442221392528154, 6861235.989282106980681 ] ] } },
{ "type": "Feature", "properties": { "gid": 8576, "id_num_sca": "ADO75CA_ANO544", "id_parc": "PA9658", "quartier": "Quinze-Vingts", "nom_entier": "Rue Cotte", "num_voies": "7", "num_sca": "ADO75CA_ANO544", "geox": 603021.0, "geoy": 127677.0 }, "geometry": { "type": "MultiPoint", "coordinates": [ [ 654342.150826863595285, 6861253.599595912732184 ] ] } },
{ "type": "Feature", "properties": { "gid": 8577, "id_num_sca": "ADO75CA_ANO544", "id_parc": "PA9657", "quartier": "Quinze-Vingts", "nom_entier": "Rue Cotte", "num_voies": "9", "num_sca": "ADO75CA_ANO544", "geox": 603030.0, "geoy": 127694.0 }, "geometry": { "type": "MultiPoint", "coordinates": [ [ 654347.485228222911246, 6861265.099736075848341 ] ] } },
{ "type": "Feature", "properties": { "gid": 8578, "id_num_sca": "ADO75CA_ANO544", "id_parc": "PA9659", "quartier": "Quinze-Vingts", "nom_entier": "Rue Cotte", "num_voies": "11", "num_sca": "ADO75CA_ANO544", "geox": 603035.0, "geoy": 127706.0 }, "geometry": { "type": "MultiPoint", "coordinates": [ [ 654352.297630957677029, 6861274.802114414051175 ] ] } },
{ "type": "Feature", "properties": { "gid": 8579, "id_num_sca": "ADO75CA_ANO544", "id_parc": "PA9664", "quartier": "Quinze-Vingts", "nom_entier": "Rue Cotte", "num_voies": "13", "num_sca": "ADO75CA_ANO544", "geox": 603040.0, "geoy": 127715.0 }, "geometry": { "type": "MultiPoint", "coordinates": [ [ 654356.885727456072345, 6861284.619019106030464 ] ] } },
{ "type": "Feature", "properties": { "gid": 8580, "id_num_sca": "ADO75CA_ANO544", "id_parc": "PA9663", "quartier": "Quinze-Vingts", "nom_entier": "Rue Cotte", "num_voies": "15", "num_sca": "ADO75CA_ANO544", "geox": 603044.0, "geoy": 127725.0 }, "geometry": { "type": "MultiPoint", "coordinates": [ [ 654376.362501322058961, 6861323.651896544732153 ] ] } },
{ "type": "Feature", "properties": { "gid": 8581, "id_num_sca": "ADO75CA_ANO544", "id_parc": "PA9662", "quartier": "Quinze-Vingts", "nom_entier": "Rue Cotte", "num_voies": "17", "num_sca": "ADO75CA_ANO544", "geox": 603064.0, "geoy": 127765.0 }, "geometry": { "type": "MultiPoint", "coordinates": [ [ 654380.884328835876659, 6861332.28669326659292 ] ] } },
{ "type": "Feature", "properties": { "gid": 8582, "id_num_sca": "ADO75CA_ANO544", "id_parc": "PA26275", "quartier": "Quinze-Vingts", "nom_entier": "Rue Cotte", "num_voies": "19", "num_sca": "ADO75CA_ANO544", "geox": 603068.0, "geoy": 127773.0 }, "geometry": { "type": "MultiPoint", "coordinates": [ [ 654384.719008828978986, 6861339.575659776106477 ] ] } },
{ "type": "Feature", "properties": { "gid": 8583, "id_num_sca": "ADO75CA_ANO545", "id_parc": "PA9558", "quartier": "Quinze-Vingts", "nom_entier": "Rue Cotte", "num_voies": "21", "num_sca": "ADO75CA_ANO544", "geox": 603072.0, "geoy": 127781.0 }, "geometry": { "type": "MultiPoint", "coordinates": [ [ 654209.947197535773739, 6861426.235221901908517 ] ] } },
{ "type": "Feature", "properties": { "gid": 8584, "id_num_sca": "ADO75CA_ANO545", "id_parc": "PA9557", "quartier": "Quinze-Vingts", "nom_entier": "Rue du Faubourg Saint Antoine", "num_voies": "108", "num_sca": "ADO75CA_ANO545", "geox": 602896.0, "geoy": 127866.0 }, "geometry": { "type": "MultiPoint", "coordinates": [ [ 654197.031504653743468, 6861430.68052539601922 ] ] } },
{ "type": "Feature", "properties": { "gid": 8585, "id_num_sca": "ADO75CA_ANO545", "id_parc": "PA9557", "quartier": "Quinze-Vingts", "nom_entier": "Rue du Faubourg Saint Antoine", "num_voies": "106", "num_sca": "ADO75CA_ANO545", "geox": 602883.0, "geoy": 127870.0 }, "geometry": { "type": "MultiPoint", "coordinates": [ [ 654191.641962943715043, 6861432.697062067687511 ] ] } },
{ "type": "Feature", "properties": { "gid": 8586, "id_num_sca": "ADO75CA_ANO545", "id_parc": "PA9579", "quartier": "Quinze-Vingts", "nom_entier": "Rue du Faubourg Saint Antoine", "num_voies": "104", "num_sca": "ADO75CA_ANO545", "geox": 602878.0, "geoy": 127872.0 }, "geometry": { "type": "MultiPoint", "coordinates": [ [ 654187.429797951830551, 6861434.084182420745492 ] ] } },
{ "type": "Feature", "properties": { "gid": 8587, "id_num_sca": "ADO75CA_ANO545", "id_parc": "PA9579", "quartier": "Quinze-Vingts", "nom_entier": "Rue du Faubourg Saint Antoine", "num_voies": "102", "num_sca": "ADO75CA_ANO545", "geox": 602874.0, "geoy": 127873.0 }, "geometry": { "type": "MultiPoint", "coordinates": [ [ 654183.893874121131375, 6861435.521921501494944 ] ] } },
{ "type": "Feature", "properties": { "gid": 8588, "id_num_sca": "ADO75CA_ANO545", "id_parc": "PA9578", "quartier": "Quinze-Vingts", "nom_entier": "Rue du Faubourg Saint Antoine", "num_voies": "100", "num_sca": "ADO75CA_ANO545", "geox": 602870.0, "geoy": 127875.0 }, "geometry": { "type": "MultiPoint", "coordinates": [ [ 654178.671851357677951, 6861437.36809300724417 ] ] } },
{ "type": "Feature", "properties": { "gid": 8589, "id_num_sca": "ADO75CA_ANO545", "id_parc": "PA9573", "quartier": "Quinze-Vingts", "nom_entier": "Rue du Faubourg Saint Antoine", "num_voies": "98", "num_sca": "ADO75CA_ANO545", "geox": 602865.0, "geoy": 127877.0 }, "geometry": { "type": "MultiPoint", "coordinates": [ [ 654170.699928635382093, 6861440.36379093118012 ] ] } },
{ "type": "Feature", "properties": { "gid": 8590, "id_num_sca": "ADO75CA_ANO545", "id_parc": "PA9574", "quartier": "Quinze-Vingts", "nom_entier": "Rue du Faubourg Saint Antoine", "num_voies": "96", "num_sca": "ADO75CA_ANO545", "geox": 602857.0, "geoy": 127880.0 }, "geometry": { "type": "MultiPoint", "coordinates": [ [ 654165.534219402004965, 6861442.209487393498421 ] ] } },
{ "type": "Feature", "properties": { "gid": 8591, "id_num_sca": "ADO75CA_ANO545", "id_parc": "PA9575", "quartier": "Quinze-Vingts", "nom_entier": "Rue du Faubourg Saint Antoine", "num_voies": "94", "num_sca": "ADO75CA_ANO545", "geox": 602852.0, "geoy": 127881.0 }, "geometry": { "type": "MultiPoint", "coordinates": [ [ 654157.620032365783118, 6861445.373650971800089 ] ] } },
{ "type": "Feature", "properties": { "gid": 8592, "id_num_sca": "ADO75CA_ANO545", "id_parc": "PA9576", "quartier": "Quinze-Vingts", "nom_entier": "Rue du Faubourg Saint Antoine", "num_voies": "92", "num_sca": "ADO75CA_ANO545", "geox": 602844.0, "geoy": 127884.0 }, "geometry": { "type": "MultiPoint", "coordinates": [ [ 654147.793067717226222, 6861448.779203483834863 ] ] } },
{ "type": "Feature", "properties": { "gid": 8593, "id_num_sca": "ADO75CA_ANO545", "id_parc": "PA9577", "quartier": "Quinze-Vingts", "nom_entier": "Rue du Faubourg Saint Antoine", "num_voies": "90", "num_sca": "ADO75CA_ANO545", "geox": 602834.0, "geoy": 127888.0 }, "geometry": { "type": "MultiPoint", "coordinates": [ [ 654134.095612821751274, 6861454.019536015577614 ] ] } },
{ "type": "Feature", "properties": { "gid": 8594, "id_num_sca": "ADO75CA_ANO545", "id_parc": "PA9584", "quartier": "Quinze-Vingts", "nom_entier": "Rue du Faubourg Saint Antoine", "num_voies": "88", "num_sca": "ADO75CA_ANO545", "geox": 602820.0, "geoy": 127893.0 }, "geometry": { "type": "MultiPoint", "coordinates": [ [ 654053.391512788948603, 6861293.405923584476113 ] ] } },
{ "type": "Feature", "properties": { "gid": 8595, "id_num_sca": "ADO75CA_ANO545", "id_parc": "PA9585", "quartier": "Quinze-Vingts", "nom_entier": "Rue de Charenton", "num_voies": "71", "num_sca": "ADO75CA_ANO545", "geox": 602741.0, "geoy": 127732.0 }, "geometry": { "type": "MultiPoint", "coordinates": [ [ 654060.18642468273174, 6861284.394173747859895 ] ] } },
{ "type": "Feature", "properties": { "gid": 8596, "id_num_sca": "ADO75CA_ANO545", "id_parc": "PA9586", "quartier": "Quinze-Vingts", "nom_entier": "Rue de Charenton", "num_voies": "73", "num_sca": "ADO75CA_ANO545", "geox": 602748.0, "geoy": 127723.0 }, "geometry": { "type": "MultiPoint", "coordinates": [ [ 654067.144588105846196, 6861274.705237721092999 ] ] } },
{ "type": "Feature", "properties": { "gid": 8597, "id_num_sca": "ADO75CA_ANO545", "id_parc": "PA9589", "quartier": "Quinze-Vingts", "nom_entier": "Rue de Charenton", "num_voies": "75", "num_sca": "ADO75CA_ANO545", "geox": 602755.0, "geoy": 127713.0 }, "geometry": { "type": "MultiPoint", "coordinates": [ [ 654073.160111763281748, 6861266.770089616067708 ] ] } },
{ "type": "Feature", "properties": { "gid": 8598, "id_num_sca": "ADO75CA_ANO545", "id_parc": "PA9588", "quartier": "Quinze-Vingts", "nom_entier": "Rue de Charenton", "num_voies": "77", "num_sca": "ADO75CA_ANO545", "geox": 602761.0, "geoy": 127705.0 }, "geometry": { "type": "MultiPoint", "coordinates": [ [ 654077.950004589976743, 6861260.422161099500954 ] ] } },
{ "type": "Feature", "properties": { "gid": 8599, "id_num_sca": "ADO75CA_ANO545", "id_parc": "PA9587", "quartier": "Quinze-Vingts", "nom_entier": "Rue de Charenton", "num_voies": "79", "num_sca": "ADO75CA_ANO545", "geox": 602766.0, "geoy": 127699.0 }, "geometry": { "type": "MultiPoint", "coordinates": [ [ 654084.741594197577797, 6861251.016217353753746 ] ] } },
{ "type": "Feature", "properties": { "gid": 8600, "id_num_sca": "ADO75CA_ANO545", "id_parc": "PA9559", "quartier": "Quinze-Vingts", "nom_entier": "Rue de Charenton", "num_voies": "81", "num_sca": "ADO75CA_ANO545", "geox": 602773.0, "geoy": 127689.0 }, "geometry": { "type": "MultiPoint", "coordinates": [ [ 654095.437697572400793, 6861237.128285908140242 ] ] } },
{ "type": "Feature", "properties": { "gid": 8601, "id_num_sca": "ADO75CA_ANO545", "id_parc": "PA9591", "quartier": "Quinze-Vingts", "nom_entier": "Rue de Charenton", "num_voies": "83", "num_sca": "ADO75CA_ANO545", "geox": 602783.0, "geoy": 127676.0 }, "geometry": { "type": "MultiPoint", "coordinates": [ [ 654133.183033071924001, 6861231.910593826323748 ] ] } },
{ "type": "Feature", "properties": { "gid": 8602, "id_num_sca": "ADO75CA_ANO545", "id_parc": "PA9594", "quartier": "Quinze-Vingts", "nom_entier": "Rue Traversière", "num_voies": "17", "num_sca": "ADO75CA_ANO545", "geox": 602821.0, "geoy": 127671.0 }, "geometry": { "type": "MultiPoint", "coordinates": [ [ 654140.752057300531305, 6861247.953632472082973 ] ] } },
{ "type": "Feature", "properties": { "gid": 8603, "id_num_sca": "ADO75CA_ANO545", "id_parc": "PA9592", "quartier": "Quinze-Vingts", "nom_entier": "Rue Traversière", "num_voies": "19", "num_sca": "ADO75CA_ANO545", "geox": 602829.0, "geoy": 127687.0 }, "geometry": { "type": "MultiPoint", "coordinates": [ [ 654150.108061569859274, 6861268.881242612376809 ] ] } },
{ "type": "Feature", "properties": { "gid": 8604, "id_num_sca": "ADO75CA_ANO545", "id_parc": "PA9593", "quartier": "Quinze-Vingts", "nom_entier": "Rue Traversière", "num_voies": "21", "num_sca": "ADO75CA_ANO545", "geox": 602838.0, "geoy": 127708.0 }, "geometry": { "type": "MultiPoint", "coordinates": [ [ 654156.635941447457299, 6861281.666639357805252 ] ] } },
{ "type": "Feature", "properties": { "gid": 8605, "id_num_sca": "ADO75CA_ANO545", "id_parc": "PA9593", "quartier": "Quinze-Vingts", "nom_entier": "Rue Traversière", "num_voies": "23", "num_sca": "ADO75CA_ANO545", "geox": 602844.0, "geoy": 127721.0 }, "geometry": { "type": "MultiPoint", "coordinates": [ [ 654163.470520884264261, 6861297.434284443967044 ] ] } },
{ "type": "Feature", "properties": { "gid": 8606, "id_num_sca": "ADO75CA_ANO545", "id_parc": "PA9562", "quartier": "Quinze-Vingts", "nom_entier": "Rue Traversière", "num_voies": "25", "num_sca": "ADO75CA_ANO545", "geox": 602851.0, "geoy": 127737.0 }, "geometry": { "type": "MultiPoint", "coordinates": [ [ 654168.344913752167486, 6861307.811961209401488 ] ] } },
{ "type": "Feature", "properties": { "gid": 8607, "id_num_sca": "ADO75CA_ANO545", "id_parc": "PA9562", "quartier": "Quinze-Vingts", "nom_entier": "Rue Traversière", "num_voies": "27", "num_sca": "ADO75CA_ANO545", "geox": 602856.0, "geoy": 127747.0 }, "geometry": { "type": "MultiPoint", "coordinates": [ [ 654172.363694258499891, 6861316.90154436416924 ] ] } },
{ "type": "Feature", "properties": { "gid": 8608, "id_num_sca": "ADO75CA_ANO545", "id_parc": "PA9563", "quartier": "Quinze-Vingts", "nom_entier": "Rue Traversière", "num_voies": "29", "num_sca": "ADO75CA_ANO545", "geox": 602860.0, "geoy": 127756.0 }, "geometry": { "type": "MultiPoint", "coordinates": [ [ 654176.772879397612996, 6861325.537297307513654 ] ] } },
{ "type": "Feature", "properties": { "gid": 8609, "id_num_sca": "ADO75CA_ANO545", "id_parc": "PA9561", "quartier": "Quinze-Vingts", "nom_entier": "Rue Traversière", "num_voies": "31", "num_sca": "ADO75CA_ANO545", "geox": 602864.0, "geoy": 127765.0 }, "geometry": { "type": "MultiPoint", "coordinates": [ [ 654180.26729307253845, 6861332.547549211420119 ] ] } },
{ "type": "Feature", "properties": { "gid": 8610, "id_num_sca": "ADO75CA_ANO545", "id_parc": "PA9566", "quartier": "Quinze-Vingts", "nom_entier": "Rue Traversière", "num_voies": "33", "num_sca": "ADO75CA_ANO545", "geox": 602867.0, "geoy": 127772.0 }, "geometry": { "type": "MultiPoint", "coordinates": [ [ 654184.503270413144492, 6861340.677904212847352 ] ] } },
{ "type": "Feature", "properties": { "gid": 8611, "id_num_sca": "ADO75CA_ANO545", "id_parc": "PA9564", "quartier": "Quinze-Vingts", "nom_entier": "Rue Traversière", "num_voies": "35", "num_sca": "ADO75CA_ANO545", "geox": 602872.0, "geoy": 127780.0 }, "geometry": { "type": "MultiPoint", "coordinates": [ [ 654187.713744817301631, 6861347.408961568027735 ] ] } },
{ "type": "Feature", "properties": { "gid": 8612, "id_num_sca": "ADO75CA_ANO545", "id_parc": "PA9565", "quartier": "Quinze-Vingts", "nom_entier": "Rue Traversière", "num_voies": "37", "num_sca": "ADO75CA_ANO545", "geox": 602875.0, "geoy": 127787.0 }, "geometry": { "type": "MultiPoint", "coordinates": [ [ 654190.927064426359721, 6861354.477900901809335 ] ] } },
{ "type": "Feature", "properties": { "gid": 8613, "id_num_sca": "ADO75CA_ANO545", "id_parc": "PA9569", "quartier": "Quinze-Vingts", "nom_entier": "Rue Traversière", "num_voies": "39", "num_sca": "ADO75CA_ANO545", "geox": 602878.0, "geoy": 127794.0 }, "geometry": { "type": "MultiPoint", "coordinates": [ [ 654194.426695310277864, 6861362.107603868469596 ] ] } },
{ "type": "Feature", "properties": { "gid": 8614, "id_num_sca": "ADO75CA_ANO545", "id_parc": "PA9567", "quartier": "Quinze-Vingts", "nom_entier": "Rue Traversière", "num_voies": "41", "num_sca": "ADO75CA_ANO545", "geox": 602881.0, "geoy": 127801.0 }, "geometry": { "type": "MultiPoint", "coordinates": [ [ 654205.147527116467245, 6861384.600621384568512 ] ] } },
{ "type": "Feature", "properties": { "gid": 8615, "id_num_sca": "ADO75CA_ANO545", "id_parc": "PA9568", "quartier": "Quinze-Vingts", "nom_entier": "Rue Traversière", "num_voies": "43", "num_sca": "ADO75CA_ANO545", "geox": 602888.0, "geoy": 127814.0 }, "geometry": { "type": "MultiPoint", "coordinates": [ [ 654210.932432476896793, 6861396.096983352676034 ] ] } },
{ "type": "Feature", "properties": { "gid": 8616, "id_num_sca": "ADO75CA_ANO545", "id_parc": "PA9558", "quartier": "Quinze-Vingts", "nom_entier": "Rue Traversière", "num_voies": "45", "num_sca": "ADO75CA_ANO545", "geox": 602892.0, "geoy": 127824.0 }, "geometry": { "type": "MultiPoint", "coordinates": [ [ 654215.011800272506662, 6861405.692919881083071 ] ] } },
{ "type": "Feature", "properties": { "gid": 8617, "id_num_sca": "ADO75CA_ANO546", "id_parc": "PA9611", "quartier": "Quinze-Vingts", "nom_entier": "Rue Traversière", "num_voies": "47", "num_sca": "ADO75CA_ANO545", "geox": 602898.0, "geoy": 127836.0 }, "geometry": { "type": "MultiPoint", "coordinates": [ [ 654108.135738874785602, 6861464.036622872576118 ] ] } },
{ "type": "Feature", "properties": { "gid": 8618, "id_num_sca": "ADO75CA_ANO546", "id_parc": "PA9609", "quartier": "Quinze-Vingts", "nom_entier": "Rue Traversière", "num_voies": "49", "num_sca": "ADO75CA_ANO545", "geox": 602902.0, "geoy": 127845.0 }, "geometry": { "type": "MultiPoint", "coordinates": [ [ 654091.337983980891295, 6861470.437319600954652 ] ] } },
{ "type": "Feature", "properties": { "gid": 8619, "id_num_sca": "ADO75CA_ANO546", "id_parc": "PA9622", "quartier": "Quinze-Vingts", "nom_entier": "Rue du Faubourg Saint Antoine", "num_voies": "86", "num_sca": "ADO75CA_ANO546", "geox": 602794.0, "geoy": 127903.0 }, "geometry": { "type": "MultiPoint", "coordinates": [ [ 654082.497553882654756, 6861474.294815745204687 ] ] } },
{ "type": "Feature", "properties": { "gid": 8620, "id_num_sca": "ADO75CA_ANO546", "id_parc": "PA9622", "quartier": "Quinze-Vingts", "nom_entier": "Rue du Faubourg Saint Antoine", "num_voies": "84", "num_sca": "ADO75CA_ANO546", "geox": 602777.0, "geoy": 127909.0 }, "geometry": { "type": "MultiPoint", "coordinates": [ [ 654076.467729873256758, 6861477.02811830304563 ] ] } },
{ "type": "Feature", "properties": { "gid": 8621, "id_num_sca": "ADO75CA_ANO546", "id_parc": "PA9622", "quartier": "Quinze-Vingts", "nom_entier": "Rue du Faubourg Saint Antoine", "num_voies": "82", "num_sca": "ADO75CA_ANO546", "geox": 602768.0, "geoy": 127913.0 }, "geometry": { "type": "MultiPoint", "coordinates": [ [ 654068.656642901594751, 6861480.601812561973929 ] ] } },
{ "type": "Feature", "properties": { "gid": 8622, "id_num_sca": "ADO75CA_ANO546", "id_parc": "PA9603", "quartier": "Quinze-Vingts", "nom_entier": "Rue du Faubourg Saint Antoine", "num_voies": "80", "num_sca": "ADO75CA_ANO546", "geox": 602762.0, "geoy": 127915.0 }, "geometry": { "type": "MultiPoint", "coordinates": [ [ 654063.651530299801379, 6861482.501097531989217 ] ] } },
{ "type": "Feature", "properties": { "gid": 8623, "id_num_sca": "ADO75CA_ANO546", "id_parc": "PA9602", "quartier": "Quinze-Vingts", "nom_entier": "Rue du Faubourg Saint Antoine", "num_voies": "78", "num_sca": "ADO75CA_ANO546", "geox": 602755.0, "geoy": 127919.0 }, "geometry": { "type": "MultiPoint", "coordinates": [ [ 654058.443559553590603, 6861484.814782964996994 ] ] } },
{ "type": "Feature", "properties": { "gid": 8624, "id_num_sca": "ADO75CA_ANO546", "id_parc": "PA9601", "quartier": "Quinze-Vingts", "nom_entier": "Rue du Faubourg Saint Antoine", "num_voies": "76", "num_sca": "ADO75CA_ANO546", "geox": 602750.0, "geoy": 127921.0 }, "geometry": { "type": "MultiPoint", "coordinates": [ [ 654050.495495883398689, 6861488.458412332460284 ] ] } },
{ "type": "Feature", "properties": { "gid": 8625, "id_num_sca": "ADO75CA_ANO546", "id_parc": "PA9596", "quartier": "Quinze-Vingts", "nom_entier": "Rue du Faubourg Saint Antoine", "num_voies": "74", "num_sca": "ADO75CA_ANO546", "geox": 602744.0, "geoy": 127923.0 }, "geometry": { "type": "MultiPoint", "coordinates": [ [ 653991.972980299615301, 6861375.392666961066425 ] ] } },
{ "type": "Feature", "properties": { "gid": 8626, "id_num_sca": "ADO75CA_ANO546", "id_parc": "PA9595", "quartier": "Quinze-Vingts", "nom_entier": "Rue du Faubourg Saint Antoine", "num_voies": "72", "num_sca": "ADO75CA_ANO546", "geox": 602736.0, "geoy": 127927.0 }, "geometry": { "type": "MultiPoint", "coordinates": [ [ 653999.111222771694884, 6861365.427940520457923 ] ] } },
{ "type": "Feature", "properties": { "gid": 8627, "id_num_sca": "ADO75CA_ANO546", "id_parc": "PA9620", "quartier": "Quinze-Vingts", "nom_entier": "Rue de Charenton", "num_voies": "57", "num_sca": "ADO75CA_ANO546", "geox": 602679.0, "geoy": 127813.0 }, "geometry": { "type": "MultiPoint", "coordinates": [ [ 654006.461585664423183, 6861356.149245320819318 ] ] } },
{ "type": "Feature", "properties": { "gid": 8628, "id_num_sca": "ADO75CA_ANO546", "id_parc": "PA9619", "quartier": "Quinze-Vingts", "nom_entier": "Rue de Charenton", "num_voies": "59", "num_sca": "ADO75CA_ANO546", "geox": 602686.0, "geoy": 127803.0 }, "geometry": { "type": "MultiPoint", "coordinates": [ [ 654013.193531036842614, 6861346.944542828015983 ] ] } },
{ "type": "Feature", "properties": { "gid": 8629, "id_num_sca": "ADO75CA_ANO546", "id_parc": "PA9606", "quartier": "Quinze-Vingts", "nom_entier": "Rue de Charenton", "num_voies": "61", "num_sca": "ADO75CA_ANO546", "geox": 602693.0, "geoy": 127794.0 }, "geometry": { "type": "MultiPoint", "coordinates": [ [ 654020.87909328751266, 6861336.631296797655523 ] ] } },
{ "type": "Feature", "properties": { "gid": 8630, "id_num_sca": "ADO75CA_ANO546", "id_parc": "PA9604", "quartier": "Quinze-Vingts", "nom_entier": "Rue de Charenton", "num_voies": "63", "num_sca": "ADO75CA_ANO546", "geox": 602700.0, "geoy": 127785.0 }, "geometry": { "type": "MultiPoint", "coordinates": [ [ 654028.974422823172063, 6861325.970689492300153 ] ] } },
{ "type": "Feature", "properties": { "gid": 8631, "id_num_sca": "ADO75CA_ANO546", "id_parc": "PA9605", "quartier": "Quinze-Vingts", "nom_entier": "Rue de Charenton", "num_voies": "65", "num_sca": "ADO75CA_ANO546", "geox": 602708.0, "geoy": 127775.0 }, "geometry": { "type": "MultiPoint", "coordinates": [ [ 654037.743627567659132, 6861313.653641546145082 ] ] } },
{ "type": "Feature", "properties": { "gid": 8632, "id_num_sca": "ADO75CA_ANO547", "id_parc": "PA9392", "quartier": "Quinze-Vingts", "nom_entier": "Rue de Charenton", "num_voies": "67", "num_sca": "ADO75CA_ANO546", "geox": 602716.0, "geoy": 127764.0 }, "geometry": { "type": "MultiPoint", "coordinates": [ [ 654028.349892228259705, 6861496.898837648332119 ] ] } },
{ "type": "Feature", "properties": { "gid": 8633, "id_num_sca": "ADO75CA_ANO547", "id_parc": "PA9391", "quartier": "Quinze-Vingts", "nom_entier": "Rue de Charenton", "num_voies": "69", "num_sca": "ADO75CA_ANO546", "geox": 602725.0, "geoy": 127752.0 }, "geometry": { "type": "MultiPoint", "coordinates": [ [ 654021.834571569459513, 6861499.154755438677967 ] ] } },
{ "type": "Feature", "properties": { "gid": 8634, "id_num_sca": "ADO75CA_ANO547", "id_parc": "PA9390", "quartier": "Quinze-Vingts", "nom_entier": "Rue du Faubourg Saint Antoine", "num_voies": "68", "num_sca": "ADO75CA_ANO547", "geox": 602714.0, "geoy": 127935.0 }, "geometry": { "type": "MultiPoint", "coordinates": [ [ 654016.422004234860651, 6861501.676508940756321 ] ] } },
{ "type": "Feature", "properties": { "gid": 8703, "id_num_sca": "ADO75CA_ANO550", "id_parc": "PA9405", "quartier": "Quinze-Vingts", "nom_entier": "Rue de Charenton", "num_voies": "18", "num_sca": "ADO75CA_ANO550", "geox": 602538.0, "geoy": 127983.0 }, "geometry": { "type": "MultiPoint", "coordinates": [ [ 653860.795944393263198, 6861535.43236777652055 ] ] } },
{ "type": "Feature", "properties": { "gid": 8635, "id_num_sca": "ADO75CA_ANO547", "id_parc": "PA9388", "quartier": "Quinze-Vingts", "nom_entier": "Rue du Faubourg Saint Antoine", "num_voies": "66", "num_sca": "ADO75CA_ANO547", "geox": 602708.0, "geoy": 127937.0 }, "geometry": { "type": "MultiPoint", "coordinates": [ [ 654010.529153163428418, 6861504.339872795157135 ] ] } },
{ "type": "Feature", "properties": { "gid": 8636, "id_num_sca": "ADO75CA_ANO547", "id_parc": "PA9389", "quartier": "Quinze-Vingts", "nom_entier": "Rue du Faubourg Saint Antoine", "num_voies": "64", "num_sca": "ADO75CA_ANO547", "geox": 602702.0, "geoy": 127940.0 }, "geometry": { "type": "MultiPoint", "coordinates": [ [ 654006.005480197141878, 6861506.235099247656763 ] ] } },
{ "type": "Feature", "properties": { "gid": 8637, "id_num_sca": "ADO75CA_ANO547", "id_parc": "PA9343", "quartier": "Quinze-Vingts", "nom_entier": "Rue du Faubourg Saint Antoine", "num_voies": "62", "num_sca": "ADO75CA_ANO547", "geox": 602696.0, "geoy": 127942.0 }, "geometry": { "type": "MultiPoint", "coordinates": [ [ 654002.233147233491763, 6861507.504957919940352 ] ] } },
{ "type": "Feature", "properties": { "gid": 8639, "id_num_sca": "ADO75CA_ANO547", "id_parc": "PA9387", "quartier": "Quinze-Vingts", "nom_entier": "Rue du Faubourg Saint Antoine", "num_voies": "58", "num_sca": "ADO75CA_ANO547", "geox": 602688.0, "geoy": 127945.0 }, "geometry": { "type": "MultiPoint", "coordinates": [ [ 653998.055097723263316, 6861509.603617717511952 ] ] } },
{ "type": "Feature", "properties": { "gid": 8640, "id_num_sca": "ADO75CA_ANO547", "id_parc": "PA9386", "quartier": "Quinze-Vingts", "nom_entier": "Rue du Vaugirard", "num_voies": "9", "num_sca": "ADO75CA_ANO738", "geox": 600249.0, "geoy": 127610.0 }, "geometry": { "type": "MultiPoint", "coordinates": [ [ 653992.091152647510171, 6861511.99245223402977 ] ] } },
{ "type": "Feature", "properties": { "gid": 8641, "id_num_sca": "ADO75CA_ANO547", "id_parc": "PA9382", "quartier": "Quinze-Vingts", "nom_entier": "Rue du Faubourg Saint Antoine", "num_voies": "56", "num_sca": "ADO75CA_ANO547", "geox": 602684.0, "geoy": 127947.0 }, "geometry": { "type": "MultiPoint", "coordinates": [ [ 653945.067692323820665, 6861433.083135922439396 ] ] } },
{ "type": "Feature", "properties": { "gid": 8642, "id_num_sca": "ADO75CA_ANO547", "id_parc": "PA9396", "quartier": "Quinze-Vingts", "nom_entier": "Rue du Faubourg Saint Antoine", "num_voies": "54", "num_sca": "ADO75CA_ANO547", "geox": 602678.0, "geoy": 127950.0 }, "geometry": { "type": "MultiPoint", "coordinates": [ [ 653962.007978764595464, 6861410.930217170156538 ] ] } },
{ "type": "Feature", "properties": { "gid": 8643, "id_num_sca": "ADO75CA_ANO547", "id_parc": "PA9395", "quartier": "Quinze-Vingts", "nom_entier": "Rue de Charenton", "num_voies": "51", "num_sca": "ADO75CA_ANO547", "geox": 602631.0, "geoy": 127870.0 }, "geometry": { "type": "MultiPoint", "coordinates": [ [ 653981.395293352077715, 6861385.317591058090329 ] ] } },
{ "type": "Feature", "properties": { "gid": 8644, "id_num_sca": "ADO75CA_ANO548", "id_parc": "PA9375", "quartier": "Quinze-Vingts", "nom_entier": "Rue de Charenton", "num_voies": "53", "num_sca": "ADO75CA_ANO547", "geox": 602649.0, "geoy": 127848.0 }, "geometry": { "type": "MultiPoint", "coordinates": [ [ 653967.54891751985997, 6861524.106605036184192 ] ] } },
{ "type": "Feature", "properties": { "gid": 8645, "id_num_sca": "ADO75CA_ANO548", "id_parc": "PA9377", "quartier": "Quinze-Vingts", "nom_entier": "Rue de Charenton", "num_voies": "55", "num_sca": "ADO75CA_ANO547", "geox": 602668.0, "geoy": 127823.0 }, "geometry": { "type": "MultiPoint", "coordinates": [ [ 653957.870565706747584, 6861528.19135148730129 ] ] } },
{ "type": "Feature", "properties": { "gid": 8646, "id_num_sca": "ADO75CA_ANO548", "id_parc": "PA9381", "quartier": "Quinze-Vingts", "nom_entier": "Rue du Faubourg Saint Antoine", "num_voies": "50", "num_sca": "ADO75CA_ANO548", "geox": 602653.0, "geoy": 127962.0 }, "geometry": { "type": "MultiPoint", "coordinates": [ [ 653948.849537492613308, 6861532.401811774820089 ] ] } },
{ "type": "Feature", "properties": { "gid": 8647, "id_num_sca": "ADO75CA_ANO548", "id_parc": "PA9381", "quartier": "Quinze-Vingts", "nom_entier": "Rue du Faubourg Saint Antoine", "num_voies": "48", "num_sca": "ADO75CA_ANO548", "geox": 602643.0, "geoy": 127966.0 }, "geometry": { "type": "MultiPoint", "coordinates": [ [ 653940.872383680194616, 6861535.881587581709027 ] ] } },
{ "type": "Feature", "properties": { "gid": 8648, "id_num_sca": "ADO75CA_ANO548", "id_parc": "PA9373", "quartier": "Quinze-Vingts", "nom_entier": "Rue du Faubourg Saint Antoine", "num_voies": "46", "num_sca": "ADO75CA_ANO548", "geox": 602634.0, "geoy": 127970.0 }, "geometry": { "type": "MultiPoint", "coordinates": [ [ 653933.742791025084443, 6861538.697959314100444 ] ] } },
{ "type": "Feature", "properties": { "gid": 8649, "id_num_sca": "ADO75CA_ANO548", "id_parc": "PA9372", "quartier": "Quinze-Vingts", "nom_entier": "Rue du Faubourg Saint Antoine", "num_voies": "44", "num_sca": "ADO75CA_ANO548", "geox": 602626.0, "geoy": 127973.0 }, "geometry": { "type": "MultiPoint", "coordinates": [ [ 653925.899089773884043, 6861542.439115108922124 ] ] } },
{ "type": "Feature", "properties": { "gid": 8650, "id_num_sca": "ADO75CA_ANO548", "id_parc": "PA9370", "quartier": "Quinze-Vingts", "nom_entier": "Rue du Faubourg Saint Antoine", "num_voies": "40", "num_sca": "ADO75CA_ANO548", "geox": 602619.0, "geoy": 127976.0 }, "geometry": { "type": "MultiPoint", "coordinates": [ [ 653918.121010001865216, 6861546.179717652499676 ] ] } },
{ "type": "Feature", "properties": { "gid": 8651, "id_num_sca": "ADO75CA_ANO548", "id_parc": "PA9368", "quartier": "Quinze-Vingts", "nom_entier": "Rue du Faubourg Saint Antoine", "num_voies": "38", "num_sca": "ADO75CA_ANO548", "geox": 602611.0, "geoy": 127980.0 }, "geometry": { "type": "MultiPoint", "coordinates": [ [ 653909.497577403206378, 6861550.846209906972945 ] ] } },
{ "type": "Feature", "properties": { "gid": 8652, "id_num_sca": "ADO75CA_ANO548", "id_parc": "PA9360", "quartier": "Quinze-Vingts", "nom_entier": "Rue du Faubourg Saint Antoine", "num_voies": "36", "num_sca": "ADO75CA_ANO548", "geox": 602603.0, "geoy": 127983.0 }, "geometry": { "type": "MultiPoint", "coordinates": [ [ 653900.220686348970048, 6861555.84633847232908 ] ] } },
{ "type": "Feature", "properties": { "gid": 8653, "id_num_sca": "ADO75CA_ANO548", "id_parc": "PA9363", "quartier": "Quinze-Vingts", "nom_entier": "Rue du Faubourg Saint Antoine", "num_voies": "34", "num_sca": "ADO75CA_ANO548", "geox": 602595.0, "geoy": 127988.0 }, "geometry": { "type": "MultiPoint", "coordinates": [ [ 653893.6899745806586, 6861559.64205726236105 ] ] } },
{ "type": "Feature", "properties": { "gid": 8654, "id_num_sca": "ADO75CA_ANO548", "id_parc": "PA9365", "quartier": "Quinze-Vingts", "nom_entier": "Rue du Faubourg Saint Antoine", "num_voies": "32", "num_sca": "ADO75CA_ANO548", "geox": 602586.0, "geoy": 127993.0 }, "geometry": { "type": "MultiPoint", "coordinates": [ [ 653883.512049884418957, 6861566.749817499890924 ] ] } },
{ "type": "Feature", "properties": { "gid": 8655, "id_num_sca": "ADO75CA_ANO548", "id_parc": "PA9364", "quartier": "Quinze-Vingts", "nom_entier": "Rue du Faubourg Saint Antoine", "num_voies": "30", "num_sca": "ADO75CA_ANO548", "geox": 602579.0, "geoy": 127996.0 }, "geometry": { "type": "MultiPoint", "coordinates": [ [ 653875.754956393968314, 6861572.984040776267648 ] ] } },
{ "type": "Feature", "properties": { "gid": 8656, "id_num_sca": "ADO75CA_ANO548", "id_parc": "PA9367", "quartier": "Quinze-Vingts", "nom_entier": "Rue du Faubourg Saint Antoine", "num_voies": "28", "num_sca": "ADO75CA_ANO548", "geox": 602569.0, "geoy": 128003.0 }, "geometry": { "type": "MultiPoint", "coordinates": [ [ 653869.759713216684759, 6861578.022147499956191 ] ] } },
{ "type": "Feature", "properties": { "gid": 8657, "id_num_sca": "ADO75CA_ANO548", "id_parc": "PA9358", "quartier": "Quinze-Vingts", "nom_entier": "Rue du Faubourg Saint Antoine", "num_voies": "26", "num_sca": "ADO75CA_ANO548", "geox": 602561.0, "geoy": 128010.0 }, "geometry": { "type": "MultiPoint", "coordinates": [ [ 653862.58769271755591, 6861583.59517839178443 ] ] } },
{ "type": "Feature", "properties": { "gid": 8658, "id_num_sca": "ADO75CA_ANO548", "id_parc": "PA9356", "quartier": "Quinze-Vingts", "nom_entier": "Rue du Faubourg Saint Antoine", "num_voies": "24", "num_sca": "ADO75CA_ANO548", "geox": 602555.0, "geoy": 128015.0 }, "geometry": { "type": "MultiPoint", "coordinates": [ [ 653858.08960258460138, 6861587.176893318071961 ] ] } },
{ "type": "Feature", "properties": { "gid": 8659, "id_num_sca": "ADO75CA_ANO548", "id_parc": "PA9359", "quartier": "Quinze-Vingts", "nom_entier": "Rue du Faubourg Saint Antoine", "num_voies": "22", "num_sca": "ADO75CA_ANO548", "geox": 602548.0, "geoy": 128020.0 }, "geometry": { "type": "MultiPoint", "coordinates": [ [ 653853.725517811020836, 6861591.085610812529922 ] ] } },
{ "type": "Feature", "properties": { "gid": 8660, "id_num_sca": "ADO75CA_ANO548", "id_parc": "PA9357", "quartier": "Quinze-Vingts", "nom_entier": "Rue du Faubourg Saint Antoine", "num_voies": "20", "num_sca": "ADO75CA_ANO548", "geox": 602543.0, "geoy": 128024.0 }, "geometry": { "type": "MultiPoint", "coordinates": [ [ 653848.704108295845799, 6861594.868613217025995 ] ] } },
{ "type": "Feature", "properties": { "gid": 8661, "id_num_sca": "ADO75CA_ANO548", "id_parc": "PA9351", "quartier": "Quinze-Vingts", "nom_entier": "Rue du Faubourg Saint Antoine", "num_voies": "18", "num_sca": "ADO75CA_ANO548", "geox": 602539.0, "geoy": 128028.0 }, "geometry": { "type": "MultiPoint", "coordinates": [ [ 653844.469057605369017, 6861598.513738324865699 ] ] } },
{ "type": "Feature", "properties": { "gid": 8662, "id_num_sca": "ADO75CA_ANO548", "id_parc": "PA9353", "quartier": "Quinze-Vingts", "nom_entier": "Rue du Faubourg Saint Antoine", "num_voies": "16", "num_sca": "ADO75CA_ANO548", "geox": 602534.0, "geoy": 128031.0 }, "geometry": { "type": "MultiPoint", "coordinates": [ [ 653840.825156846665777, 6861602.219509663060308 ] ] } },
{ "type": "Feature", "properties": { "gid": 8663, "id_num_sca": "ADO75CA_ANO548", "id_parc": "PA9352", "quartier": "Quinze-Vingts", "nom_entier": "Rue du Faubourg Saint Antoine", "num_voies": "14", "num_sca": "ADO75CA_ANO548", "geox": 602529.0, "geoy": 128035.0 }, "geometry": { "type": "MultiPoint", "coordinates": [ [ 653836.527797625516541, 6861606.258917547762394 ] ] } },
{ "type": "Feature", "properties": { "gid": 8664, "id_num_sca": "ADO75CA_ANO548", "id_parc": "PA9350", "quartier": "Quinze-Vingts", "nom_entier": "Rue du Faubourg Saint Antoine", "num_voies": "12", "num_sca": "ADO75CA_ANO548", "geox": 602526.0, "geoy": 128039.0 }, "geometry": { "type": "MultiPoint", "coordinates": [ [ 653832.426199445035309, 6861610.165423607453704 ] ] } },
{ "type": "Feature", "properties": { "gid": 8665, "id_num_sca": "ADO75CA_ANO548", "id_parc": "PA9349", "quartier": "Quinze-Vingts", "nom_entier": "Rue du Faubourg Saint Antoine", "num_voies": "10", "num_sca": "ADO75CA_ANO548", "geox": 602521.0, "geoy": 128043.0 }, "geometry": { "type": "MultiPoint", "coordinates": [ [ 653828.715019030845724, 6861613.674882738851011 ] ] } },
{ "type": "Feature", "properties": { "gid": 8666, "id_num_sca": "ADO75CA_ANO548", "id_parc": "PA9355", "quartier": "Quinze-Vingts", "nom_entier": "Rue du Faubourg Saint Antoine", "num_voies": "8", "num_sca": "ADO75CA_ANO548", "geox": 602517.0, "geoy": 128046.0 }, "geometry": { "type": "MultiPoint", "coordinates": [ [ 653825.140053246868774, 6861617.773831301368773 ] ] } },
{ "type": "Feature", "properties": { "gid": 8667, "id_num_sca": "ADO75CA_ANO548", "id_parc": "PA9355", "quartier": "Quinze-Vingts", "nom_entier": "Rue du Faubourg Saint Antoine", "num_voies": "6", "num_sca": "ADO75CA_ANO548", "geox": 602514.0, "geoy": 128050.0 }, "geometry": { "type": "MultiPoint", "coordinates": [ [ 653820.647483928478323, 6861622.011762614361942 ] ] } },
{ "type": "Feature", "properties": { "gid": 8668, "id_num_sca": "ADO75CA_ANO548", "id_parc": "PA9355", "quartier": "Quinze-Vingts", "nom_entier": "Rue du Faubourg Saint Antoine", "num_voies": "4", "num_sca": "ADO75CA_ANO548", "geox": 602510.0, "geoy": 128054.0 }, "geometry": { "type": "MultiPoint", "coordinates": [ [ 653815.283395701786503, 6861608.472300797700882 ] ] } },
{ "type": "Feature", "properties": { "gid": 8669, "id_num_sca": "ADO75CA_ANO548", "id_parc": "PA9349", "quartier": "Quinze-Vingts", "nom_entier": "Rue du Faubourg Saint Antoine", "num_voies": "2", "num_sca": "ADO75CA_ANO548", "geox": 602505.0, "geoy": 128058.0 }, "geometry": { "type": "MultiPoint", "coordinates": [ [ 653818.328967145527713, 6861603.852801970206201 ] ] } },
{ "type": "Feature", "properties": { "gid": 8670, "id_num_sca": "ADO75CA_ANO548", "id_parc": "PA9350", "quartier": "Quinze-Vingts", "nom_entier": "Rue de Charenton", "num_voies": "1", "num_sca": "ADO75CA_ANO548", "geox": 602500.0, "geoy": 128045.0 }, "geometry": { "type": "MultiPoint", "coordinates": [ [ 653821.503020746982656, 6861598.904089288786054 ] ] } },
{ "type": "Feature", "properties": { "gid": 8671, "id_num_sca": "ADO75CA_ANO548", "id_parc": "PA9352", "quartier": "Quinze-Vingts", "nom_entier": "Rue de Charenton", "num_voies": "3", "num_sca": "ADO75CA_ANO548", "geox": 602503.0, "geoy": 128040.0 }, "geometry": { "type": "MultiPoint", "coordinates": [ [ 653824.677074091392569, 6861593.955376734957099 ] ] } },
{ "type": "Feature", "properties": { "gid": 8672, "id_num_sca": "ADO75CA_ANO548", "id_parc": "PA9353", "quartier": "Quinze-Vingts", "nom_entier": "Rue de Charenton", "num_voies": "5", "num_sca": "ADO75CA_ANO548", "geox": 602506.0, "geoy": 128035.0 }, "geometry": { "type": "MultiPoint", "coordinates": [ [ 653827.720987864071503, 6861589.139013238251209 ] ] } },
{ "type": "Feature", "properties": { "gid": 8673, "id_num_sca": "ADO75CA_ANO548", "id_parc": "PA9351", "quartier": "Quinze-Vingts", "nom_entier": "Rue de Charenton", "num_voies": "7", "num_sca": "ADO75CA_ANO548", "geox": 602510.0, "geoy": 128030.0 }, "geometry": { "type": "MultiPoint", "coordinates": [ [ 653830.178722187061794, 6861584.852598455734551 ] ] } },
{ "type": "Feature", "properties": { "gid": 8674, "id_num_sca": "ADO75CA_ANO548", "id_parc": "PA9359", "quartier": "Quinze-Vingts", "nom_entier": "Rue de Charenton", "num_voies": "9", "num_sca": "ADO75CA_ANO548", "geox": 602513.0, "geoy": 128025.0 }, "geometry": { "type": "MultiPoint", "coordinates": [ [ 653838.419370145886205, 6861573.692330990917981 ] ] } },
{ "type": "Feature", "properties": { "gid": 8675, "id_num_sca": "ADO75CA_ANO548", "id_parc": "PA9356", "quartier": "Quinze-Vingts", "nom_entier": "Rue de Charenton", "num_voies": "11", "num_sca": "ADO75CA_ANO548", "geox": 602515.0, "geoy": 128021.0 }, "geometry": { "type": "MultiPoint", "coordinates": [ [ 653842.246880187070929, 6861568.409982545301318 ] ] } },
{ "type": "Feature", "properties": { "gid": 8676, "id_num_sca": "ADO75CA_ANO548", "id_parc": "PA9358", "quartier": "Quinze-Vingts", "nom_entier": "Rue de Charenton", "num_voies": "13", "num_sca": "ADO75CA_ANO548", "geox": 602524.0, "geoy": 128010.0 }, "geometry": { "type": "MultiPoint", "coordinates": [ [ 653846.207843139534816, 6861563.389015149325132 ] ] } },
{ "type": "Feature", "properties": { "gid": 8677, "id_num_sca": "ADO75CA_ANO548", "id_parc": "PA9367", "quartier": "Quinze-Vingts", "nom_entier": "Rue de Charenton", "num_voies": "15", "num_sca": "ADO75CA_ANO548", "geox": 602527.0, "geoy": 128005.0 }, "geometry": { "type": "MultiPoint", "coordinates": [ [ 653851.464122707373463, 6861556.322720374912024 ] ] } },
{ "type": "Feature", "properties": { "gid": 8678, "id_num_sca": "ADO75CA_ANO548", "id_parc": "PA9366", "quartier": "Quinze-Vingts", "nom_entier": "Rue de Charenton", "num_voies": "17", "num_sca": "ADO75CA_ANO548", "geox": 602531.0, "geoy": 128000.0 }, "geometry": { "type": "MultiPoint", "coordinates": [ [ 653857.049063784186728, 6861549.319283274933696 ] ] } },
{ "type": "Feature", "properties": { "gid": 8679, "id_num_sca": "ADO75CA_ANO548", "id_parc": "PA9365", "quartier": "Quinze-Vingts", "nom_entier": "Rue de Charenton", "num_voies": "19", "num_sca": "ADO75CA_ANO548", "geox": 602537.0, "geoy": 127993.0 }, "geometry": { "type": "MultiPoint", "coordinates": [ [ 653864.380941706243902, 6861539.347946301102638 ] ] } },
{ "type": "Feature", "properties": { "gid": 8680, "id_num_sca": "ADO75CA_ANO548", "id_parc": "PA9361", "quartier": "Quinze-Vingts", "nom_entier": "Rue de Charenton", "num_voies": "21", "num_sca": "ADO75CA_ANO548", "geox": 602542.0, "geoy": 127986.0 }, "geometry": { "type": "MultiPoint", "coordinates": [ [ 653871.523133050766774, 6861530.231349368579686 ] ] } },
{ "type": "Feature", "properties": { "gid": 8681, "id_num_sca": "ADO75CA_ANO548", "id_parc": "PA9362", "quartier": "Quinze-Vingts", "nom_entier": "Rue de Charenton", "num_voies": "23", "num_sca": "ADO75CA_ANO548", "geox": 602550.0, "geoy": 127976.0 }, "geometry": { "type": "MultiPoint", "coordinates": [ [ 653877.495175304589793, 6861522.437136312015355 ] ] } },
{ "type": "Feature", "properties": { "gid": 8682, "id_num_sca": "ADO75CA_ANO548", "id_parc": "PA9368", "quartier": "Quinze-Vingts", "nom_entier": "Rue de Charenton", "num_voies": "25", "num_sca": "ADO75CA_ANO548", "geox": 602557.0, "geoy": 127967.0 }, "geometry": { "type": "MultiPoint", "coordinates": [ [ 653882.29762123292312, 6861516.030928659252822 ] ] } },
{ "type": "Feature", "properties": { "gid": 8683, "id_num_sca": "ADO75CA_ANO548", "id_parc": "PA9370", "quartier": "Quinze-Vingts", "nom_entier": "Rue de Charenton", "num_voies": "27", "num_sca": "ADO75CA_ANO548", "geox": 602563.0, "geoy": 127959.0 }, "geometry": { "type": "MultiPoint", "coordinates": [ [ 653886.452132563805208, 6861510.614573871716857 ] ] } },
{ "type": "Feature", "properties": { "gid": 8684, "id_num_sca": "ADO75CA_ANO548", "id_parc": "PA9369", "quartier": "Quinze-Vingts", "nom_entier": "Rue de Charenton", "num_voies": "29", "num_sca": "ADO75CA_ANO548", "geox": 602568.0, "geoy": 127953.0 }, "geometry": { "type": "MultiPoint", "coordinates": [ [ 653890.347469911910594, 6861505.594160249456763 ] ] } },
{ "type": "Feature", "properties": { "gid": 8685, "id_num_sca": "ADO75CA_ANO548", "id_parc": "PA9369", "quartier": "Quinze-Vingts", "nom_entier": "Rue de Charenton", "num_voies": "31", "num_sca": "ADO75CA_ANO548", "geox": 602572.0, "geoy": 127947.0 }, "geometry": { "type": "MultiPoint", "coordinates": [ [ 653895.599877979489975, 6861498.068515641614795 ] ] } },
{ "type": "Feature", "properties": { "gid": 8686, "id_num_sca": "ADO75CA_ANO548", "id_parc": "PA9371", "quartier": "Quinze-Vingts", "nom_entier": "Rue de Charenton", "num_voies": "33", "num_sca": "ADO75CA_ANO548", "geox": 602576.0, "geoy": 127942.0 }, "geometry": { "type": "MultiPoint", "coordinates": [ [ 653900.536327648442239, 6861491.989310886710882 ] ] } },
{ "type": "Feature", "properties": { "gid": 8687, "id_num_sca": "ADO75CA_ANO548", "id_parc": "PA9371", "quartier": "Quinze-Vingts", "nom_entier": "Rue de Charenton", "num_voies": "35", "num_sca": "ADO75CA_ANO548", "geox": 602581.0, "geoy": 127935.0 }, "geometry": { "type": "MultiPoint", "coordinates": [ [ 653905.983390831737779, 6861484.199521689675748 ] ] } },
{ "type": "Feature", "properties": { "gid": 8688, "id_num_sca": "ADO75CA_ANO548", "id_parc": "PA9380", "quartier": "Quinze-Vingts", "nom_entier": "Rue de Charenton", "num_voies": "37", "num_sca": "ADO75CA_ANO548", "geox": 602586.0, "geoy": 127929.0 }, "geometry": { "type": "MultiPoint", "coordinates": [ [ 653910.854217510321178, 6861478.120870061218739 ] ] } },
{ "type": "Feature", "properties": { "gid": 8689, "id_num_sca": "ADO75CA_ANO548", "id_parc": "PA9380", "quartier": "Quinze-Vingts", "nom_entier": "Rue de Charenton", "num_voies": "39", "num_sca": "ADO75CA_ANO548", "geox": 602592.0, "geoy": 127921.0 }, "geometry": { "type": "MultiPoint", "coordinates": [ [ 653914.295170707860962, 6861473.694921395741403 ] ] } },
{ "type": "Feature", "properties": { "gid": 8690, "id_num_sca": "ADO75CA_ANO548", "id_parc": "PA9380", "quartier": "Quinze-Vingts", "nom_entier": "Rue de Charenton", "num_voies": "41", "num_sca": "ADO75CA_ANO548", "geox": 602597.0, "geoy": 127915.0 }, "geometry": { "type": "MultiPoint", "coordinates": [ [ 653917.929122828529216, 6861468.807963049970567 ] ] } },
{ "type": "Feature", "properties": { "gid": 8691, "id_num_sca": "ADO75CA_ANO548", "id_parc": "PA9379", "quartier": "Quinze-Vingts", "nom_entier": "Rue de Charenton", "num_voies": "43", "num_sca": "ADO75CA_ANO548", "geox": 602600.0, "geoy": 127911.0 }, "geometry": { "type": "MultiPoint", "coordinates": [ [ 653926.955008419812657, 6861457.3785794749856 ] ] } },
{ "type": "Feature", "properties": { "gid": 8692, "id_num_sca": "ADO75CA_ANO549", "id_parc": "PA9429", "quartier": "Quinze-Vingts", "nom_entier": "Rue de Charenton", "num_voies": "45", "num_sca": "ADO75CA_ANO548", "geox": 602604.0, "geoy": 127906.0 }, "geometry": { "type": "MultiPoint", "coordinates": [ [ 653795.957146743778139, 6861628.060499083250761 ] ] } },
{ "type": "Feature", "properties": { "gid": 8693, "id_num_sca": "ADO75CA_ANO549", "id_parc": "PA9429", "quartier": "Quinze-Vingts", "nom_entier": "Rue de Charenton", "num_voies": "47", "num_sca": "ADO75CA_ANO548", "geox": 602613.0, "geoy": 127894.0 }, "geometry": { "type": "MultiPoint", "coordinates": [ [ 653799.262998167076148, 6861623.176302091218531 ] ] } },
{ "type": "Feature", "properties": { "gid": 8694, "id_num_sca": "ADO75CA_ANO549", "id_parc": "PA9426", "quartier": "Quinze-Vingts", "nom_entier": "Rue de Charenton", "num_voies": "2", "num_sca": "ADO75CA_ANO549", "geox": 602481.0, "geoy": 128064.0 }, "geometry": { "type": "MultiPoint", "coordinates": [ [ 653803.475406494806521, 6861616.840689136646688 ] ] } },
{ "type": "Feature", "properties": { "gid": 8695, "id_num_sca": "ADO75CA_ANO549", "id_parc": "PA26272", "quartier": "Quinze-Vingts", "nom_entier": "Rue de Charenton", "num_voies": "4", "num_sca": "ADO75CA_ANO549", "geox": 602484.0, "geoy": 128059.0 }, "geometry": { "type": "MultiPoint", "coordinates": [ [ 653806.832519304240122, 6861610.24977610912174 ] ] } },
{ "type": "Feature", "properties": { "gid": 8696, "id_num_sca": "ADO75CA_ANO549", "id_parc": "PA9427", "quartier": "Quinze-Vingts", "nom_entier": "Rue de Charenton", "num_voies": "6", "num_sca": "ADO75CA_ANO549", "geox": 602488.0, "geoy": 128053.0 }, "geometry": { "type": "MultiPoint", "coordinates": [ [ 653811.30023470625747, 6861603.058870658278465 ] ] } },
{ "type": "Feature", "properties": { "gid": 8698, "id_num_sca": "ADO75CA_ANO549", "id_parc": "PA9427", "quartier": "Quinze-Vingts", "nom_entier": "Rue de Charenton", "num_voies": "10", "num_sca": "ADO75CA_ANO549", "geox": 602496.0, "geoy": 128039.0 }, "geometry": { "type": "MultiPoint", "coordinates": [ [ 653813.88534766389057, 6861598.311998455785215 ] ] } },
{ "type": "Feature", "properties": { "gid": 8699, "id_num_sca": "ADO75CA_ANO549", "id_parc": "PA9345", "quartier": "Quinze-Vingts", "nom_entier": "Rue de Marivaux", "num_voies": "26", "num_sca": "ADO75CA_ANO361", "geox": 600971.0, "geoy": 128731.0 }, "geometry": { "type": "MultiPoint", "coordinates": [ [ 653820.562669192440808, 6861588.543053174391389 ] ] } },
{ "type": "Feature", "properties": { "gid": 8700, "id_num_sca": "ADO75CA_ANO550", "id_parc": "PA9400", "quartier": "Quinze-Vingts", "nom_entier": "Rue de Charenton", "num_voies": "12", "num_sca": "ADO75CA_ANO549", "geox": 602499.0, "geoy": 128034.0 }, "geometry": { "type": "MultiPoint", "coordinates": [ [ 653834.677221788209863, 6861570.598403245210648 ] ] } },
{ "type": "Feature", "properties": { "gid": 8701, "id_num_sca": "ADO75CA_ANO550", "id_parc": "PA9399", "quartier": "Quinze-Vingts", "nom_entier": "Rue de Charenton", "num_voies": "14", "num_sca": "ADO75CA_ANO549", "geox": 602506.0, "geoy": 128025.0 }, "geometry": { "type": "MultiPoint", "coordinates": [ [ 653852.929037119843997, 6861546.162913856096566 ] ] } },
{ "type": "Feature", "properties": { "gid": 8702, "id_num_sca": "ADO75CA_ANO550", "id_parc": "PA9405", "quartier": "Quinze-Vingts", "nom_entier": "Rue de Charenton", "num_voies": "16", "num_sca": "ADO75CA_ANO550", "geox": 602520.0, "geoy": 128007.0 }, "geometry": { "type": "MultiPoint", "coordinates": [ [ 653857.630014487192966, 6861539.396616199985147 ] ] } },
{ "type": "Feature", "properties": { "gid": 8741, "id_num_sca": "ADO75CA_ANO553", "id_parc": "PA9470", "quartier": "Quinze-Vingts", "nom_entier": "Rue Moreau", "num_voies": "5", "num_sca": "ADO75CA_ANO553", "geox": 602371.0, "geoy": 127336.0 }, "geometry": { "type": "MultiPoint", "coordinates": [ [ 653699.211377720348537, 6860919.403756924904883 ] ] } },
{ "type": "Feature", "properties": { "gid": 8704, "id_num_sca": "ADO75CA_ANO550", "id_parc": "PA9403", "quartier": "Quinze-Vingts", "nom_entier": "Rue de Charenton", "num_voies": "20", "num_sca": "ADO75CA_ANO550", "geox": 602543.0, "geoy": 127976.0 }, "geometry": { "type": "MultiPoint", "coordinates": [ [ 653866.156592487124726, 6861529.070677224546671 ] ] } },
{ "type": "Feature", "properties": { "gid": 8705, "id_num_sca": "ADO75CA_ANO550", "id_parc": "PA9404", "quartier": "Quinze-Vingts", "nom_entier": "Rue de Charenton", "num_voies": "22", "num_sca": "ADO75CA_ANO550", "geox": 602546.0, "geoy": 127972.0 }, "geometry": { "type": "MultiPoint", "coordinates": [ [ 653872.078313881298527, 6861521.145635893568397 ] ] } },
{ "type": "Feature", "properties": { "gid": 8706, "id_num_sca": "ADO75CA_ANO550", "id_parc": "PA9402", "quartier": "Quinze-Vingts", "nom_entier": "Rue de Charenton", "num_voies": "24", "num_sca": "ADO75CA_ANO550", "geox": 602552.0, "geoy": 127966.0 }, "geometry": { "type": "MultiPoint", "coordinates": [ [ 653878.000724943121895, 6861513.302621805109084 ] ] } },
{ "type": "Feature", "properties": { "gid": 8707, "id_num_sca": "ADO75CA_ANO550", "id_parc": "PA9401", "quartier": "Quinze-Vingts", "nom_entier": "Rue de Charenton", "num_voies": "26", "num_sca": "ADO75CA_ANO550", "geox": 602558.0, "geoy": 127958.0 }, "geometry": { "type": "MultiPoint", "coordinates": [ [ 653887.086301679257303, 6861501.167251863516867 ] ] } },
{ "type": "Feature", "properties": { "gid": 8708, "id_num_sca": "ADO75CA_ANO550", "id_parc": "PA9397", "quartier": "Quinze-Vingts", "nom_entier": "Rue de Charenton", "num_voies": "28", "num_sca": "ADO75CA_ANO550", "geox": 602564.0, "geoy": 127950.0 }, "geometry": { "type": "MultiPoint", "coordinates": [ [ 653897.716588404611684, 6861487.378212105482817 ] ] } },
{ "type": "Feature", "properties": { "gid": 8709, "id_num_sca": "ADO75CA_ANO550", "id_parc": "PA9346", "quartier": "Quinze-Vingts", "nom_entier": "Rue de Charenton", "num_voies": "30", "num_sca": "ADO75CA_ANO550", "geox": 602573.0, "geoy": 127938.0 }, "geometry": { "type": "MultiPoint", "coordinates": [ [ 653914.756610333221033, 6861465.167824771255255 ] ] } },
{ "type": "Feature", "properties": { "gid": 8710, "id_num_sca": "ADO75CA_ANO550", "id_parc": "PA9346", "quartier": "Quinze-Vingts", "nom_entier": "Rue de Charenton", "num_voies": "32", "num_sca": "ADO75CA_ANO550", "geox": 602584.0, "geoy": 127924.0 }, "geometry": { "type": "MultiPoint", "coordinates": [ [ 653952.573989171185531, 6861416.449862582609057 ] ] } },
{ "type": "Feature", "properties": { "gid": 8711, "id_num_sca": "ADO75CA_ANO550", "id_parc": "PA9346", "quartier": "Quinze-Vingts", "nom_entier": "Rue de Charenton", "num_voies": "34", "num_sca": "ADO75CA_ANO550", "geox": 602601.0, "geoy": 127902.0 }, "geometry": { "type": "MultiPoint", "coordinates": [ [ 653976.768181085819378, 6861386.550156891345978 ] ] } },
{ "type": "Feature", "properties": { "gid": 8712, "id_num_sca": "ADO75CA_ANO550", "id_parc": "PA9418", "quartier": "Quinze-Vingts", "nom_entier": "Rue de Charenton", "num_voies": "38", "num_sca": "ADO75CA_ANO550", "geox": 602639.0, "geoy": 127854.0 }, "geometry": { "type": "MultiPoint", "coordinates": [ [ 653986.913188903126866, 6861373.585538256913424 ] ] } },
{ "type": "Feature", "properties": { "gid": 8713, "id_num_sca": "ADO75CA_ANO550", "id_parc": "PA9417", "quartier": "Quinze-Vingts", "nom_entier": "Rue de Charenton", "num_voies": "40", "num_sca": "ADO75CA_ANO550", "geox": 602663.0, "geoy": 127824.0 }, "geometry": { "type": "MultiPoint", "coordinates": [ [ 653992.18903404683806, 6861366.89643400721252 ] ] } },
{ "type": "Feature", "properties": { "gid": 8714, "id_num_sca": "ADO75CA_ANO550", "id_parc": "PA26273", "quartier": "Quinze-Vingts", "nom_entier": "Rue de Charenton", "num_voies": "42", "num_sca": "ADO75CA_ANO550", "geox": 602674.0, "geoy": 127811.0 }, "geometry": { "type": "MultiPoint", "coordinates": [ [ 653995.594132020720281, 6861362.109845072962344 ] ] } },
{ "type": "Feature", "properties": { "gid": 8715, "id_num_sca": "ADO75CA_ANO550", "id_parc": "PA9416", "quartier": "Quinze-Vingts", "nom_entier": "Rue de Charenton", "num_voies": "44", "num_sca": "ADO75CA_ANO550", "geox": 602679.0, "geoy": 127805.0 }, "geometry": { "type": "MultiPoint", "coordinates": [ [ 653999.410747340531088, 6861357.483854407444596 ] ] } },
{ "type": "Feature", "properties": { "gid": 8716, "id_num_sca": "ADO75CA_ANO552", "id_parc": "PA9455", "quartier": "Quinze-Vingts", "nom_entier": "Rue de Charenton", "num_voies": "46", "num_sca": "ADO75CA_ANO550", "geox": 602683.0, "geoy": 127800.0 }, "geometry": { "type": "MultiPoint", "coordinates": [ [ 653614.766271073604003, 6861261.4241430060938 ] ] } },
{ "type": "Feature", "properties": { "gid": 8717, "id_num_sca": "ADO75CA_ANO552", "id_parc": "PA9307", "quartier": "Quinze-Vingts", "nom_entier": "Rue de Charenton", "num_voies": "48", "num_sca": "ADO75CA_ANO550", "geox": 602686.0, "geoy": 127795.0 }, "geometry": { "type": "MultiPoint", "coordinates": [ [ 653601.776747651165351, 6861216.655666830018163 ] ] } },
{ "type": "Feature", "properties": { "gid": 8718, "id_num_sca": "ADO75CA_ANO552", "id_parc": "PA9307", "quartier": "Quinze-Vingts", "nom_entier": "Rue de la Contrescarpe", "num_voies": "48", "num_sca": "ADO75CA_ANO552", "geox": 602303.0, "geoy": 127696.0 }, "geometry": { "type": "MultiPoint", "coordinates": [ [ 653591.977945597260259, 6861185.059702454134822 ] ] } },
{ "type": "Feature", "properties": { "gid": 8719, "id_num_sca": "ADO75CA_ANO552", "id_parc": "PA9307", "quartier": "Quinze-Vingts", "nom_entier": "Rue de la Contrescarpe", "num_voies": "46", "num_sca": "ADO75CA_ANO552", "geox": 602290.0, "geoy": 127651.0 }, "geometry": { "type": "MultiPoint", "coordinates": [ [ 653587.733535227365792, 6861168.669567970559001 ] ] } },
{ "type": "Feature", "properties": { "gid": 8720, "id_num_sca": "ADO75CA_ANO552", "id_parc": "PA9456", "quartier": "Quinze-Vingts", "nom_entier": "Rue de la Contrescarpe", "num_voies": "44", "num_sca": "ADO75CA_ANO552", "geox": 602280.0, "geoy": 127619.0 }, "geometry": { "type": "MultiPoint", "coordinates": [ [ 653586.059918496874161, 6861161.497340886853635 ] ] } },
{ "type": "Feature", "properties": { "gid": 8721, "id_num_sca": "ADO75CA_ANO552", "id_parc": "PA9456", "quartier": "Quinze-Vingts", "nom_entier": "Rue de la Contrescarpe", "num_voies": "42", "num_sca": "ADO75CA_ANO552", "geox": 602276.0, "geoy": 127603.0 }, "geometry": { "type": "MultiPoint", "coordinates": [ [ 653582.733663900522515, 6861149.645924895070493 ] ] } },
{ "type": "Feature", "properties": { "gid": 8722, "id_num_sca": "ADO75CA_ANO552", "id_parc": "PA9458", "quartier": "Quinze-Vingts", "nom_entier": "Rue de la Contrescarpe", "num_voies": "40", "num_sca": "ADO75CA_ANO552", "geox": 602275.0, "geoy": 127596.0 }, "geometry": { "type": "MultiPoint", "coordinates": [ [ 653580.107341246213764, 6861133.828805515542626 ] ] } },
{ "type": "Feature", "properties": { "gid": 8723, "id_num_sca": "ADO75CA_ANO552", "id_parc": "PA9458", "quartier": "Quinze-Vingts", "nom_entier": "Rue de la Contrescarpe", "num_voies": "38", "num_sca": "ADO75CA_ANO552", "geox": 602271.0, "geoy": 127584.0 }, "geometry": { "type": "MultiPoint", "coordinates": [ [ 653577.927139044855721, 6861118.741228798404336 ] ] } },
{ "type": "Feature", "properties": { "gid": 8724, "id_num_sca": "ADO75CA_ANO552", "id_parc": "PA9450", "quartier": "Quinze-Vingts", "nom_entier": "Rue de la Contrescarpe", "num_voies": "36", "num_sca": "ADO75CA_ANO552", "geox": 602269.0, "geoy": 127568.0 }, "geometry": { "type": "MultiPoint", "coordinates": [ [ 653833.840175449266098, 6861047.948945778422058 ] ] } },
{ "type": "Feature", "properties": { "gid": 8725, "id_num_sca": "ADO75CA_ANO552", "id_parc": "PA9449", "quartier": "Quinze-Vingts", "nom_entier": "Rue de la Contrescarpe", "num_voies": "34", "num_sca": "ADO75CA_ANO552", "geox": 602267.0, "geoy": 127553.0 }, "geometry": { "type": "MultiPoint", "coordinates": [ [ 653849.662546659586951, 6861063.361561443656683 ] ] } },
{ "type": "Feature", "properties": { "gid": 8726, "id_num_sca": "ADO75CA_ANO552", "id_parc": "PA9451", "quartier": "Quinze-Vingts", "nom_entier": "Rue Moreau", "num_voies": "11", "num_sca": "ADO75CA_ANO552", "geox": 602523.0, "geoy": 127484.0 }, "geometry": { "type": "MultiPoint", "coordinates": [ [ 653859.573256365256384, 6861073.39757689088583 ] ] } },
{ "type": "Feature", "properties": { "gid": 8737, "id_num_sca": "ADO75CA_ANO553", "id_parc": "PA9469", "quartier": "Quinze-Vingts", "nom_entier": "Rue de Mondétour", "num_voies": "33", "num_sca": "ADO75CA_ANO355", "geox": 600865.0, "geoy": 129226.0 }, "geometry": { "type": "MultiPoint", "coordinates": [ [ 653651.605592542793602, 6860888.491637037135661 ] ] } },
{ "type": "Feature", "properties": { "gid": 8738, "id_num_sca": "ADO75CA_ANO553", "id_parc": "PA9465", "quartier": "Quinze-Vingts", "nom_entier": "Rue de Mondétour", "num_voies": "31", "num_sca": "ADO75CA_ANO355", "geox": 600858.0, "geoy": 129211.0 }, "geometry": { "type": "MultiPoint", "coordinates": [ [ 653670.727456321008503, 6860890.960876492783427 ] ] } },
{ "type": "Feature", "properties": { "gid": 8739, "id_num_sca": "ADO75CA_ANO553", "id_parc": "PA9477", "quartier": "Quinze-Vingts", "nom_entier": "Rue Moreau", "num_voies": "1", "num_sca": "ADO75CA_ANO553", "geox": 602343.0, "geoy": 127323.0 }, "geometry": { "type": "MultiPoint", "coordinates": [ [ 653679.953016665531322, 6860900.715483302250504 ] ] } },
{ "type": "Feature", "properties": { "gid": 8740, "id_num_sca": "ADO75CA_ANO553", "id_parc": "PA9478", "quartier": "Quinze-Vingts", "nom_entier": "Rue Moreau", "num_voies": "3", "num_sca": "ADO75CA_ANO553", "geox": 602362.0, "geoy": 127326.0 }, "geometry": { "type": "MultiPoint", "coordinates": [ [ 653689.487472842913121, 6860909.966478695161641 ] ] } },
{ "type": "Feature", "properties": { "gid": 8742, "id_num_sca": "ADO75CA_ANO553", "id_parc": "PA9474", "quartier": "Quinze-Vingts", "nom_entier": "Rue Moreau", "num_voies": "7", "num_sca": "ADO75CA_ANO553", "geox": 602380.0, "geoy": 127345.0 }, "geometry": { "type": "MultiPoint", "coordinates": [ [ 653706.851363881025463, 6860926.791923322714865 ] ] } },
{ "type": "Feature", "properties": { "gid": 8743, "id_num_sca": "ADO75CA_ANO554", "id_parc": "PA9496", "quartier": "Quinze-Vingts", "nom_entier": "Rue Moreau", "num_voies": "9", "num_sca": "ADO75CA_ANO553", "geox": 602390.0, "geoy": 127355.0 }, "geometry": { "type": "MultiPoint", "coordinates": [ [ 653704.248180393013172, 6860916.760386060923338 ] ] } },
{ "type": "Feature", "properties": { "gid": 8744, "id_num_sca": "ADO75CA_ANO554", "id_parc": "PA9495", "quartier": "Quinze-Vingts", "nom_entier": "Rue Moreau", "num_voies": "11", "num_sca": "ADO75CA_ANO553", "geox": 602397.0, "geoy": 127362.0 }, "geometry": { "type": "MultiPoint", "coordinates": [ [ 653696.949861100176349, 6860909.972119463607669 ] ] } },
{ "type": "Feature", "properties": { "gid": 8745, "id_num_sca": "ADO75CA_ANO554", "id_parc": "PA9494", "quartier": "Quinze-Vingts", "nom_entier": "Rue Moreau", "num_voies": "6", "num_sca": "ADO75CA_ANO554", "geox": 602395.0, "geoy": 127352.0 }, "geometry": { "type": "MultiPoint", "coordinates": [ [ 653660.662204839056358, 6860877.007602176629007 ] ] } },
{ "type": "Feature", "properties": { "gid": 8746, "id_num_sca": "ADO75CA_ANO554", "id_parc": "PA9493", "quartier": "Quinze-Vingts", "nom_entier": "Rue Moreau", "num_voies": "4", "num_sca": "ADO75CA_ANO554", "geox": 602388.0, "geoy": 127345.0 }, "geometry": { "type": "MultiPoint", "coordinates": [ [ 653630.153438267530873, 6860856.323938589543104 ] ] } },
{ "type": "Feature", "properties": { "gid": 8747, "id_num_sca": "ADO75CA_ANO555", "id_parc": "PA9348", "quartier": "Quinze-Vingts", "nom_entier": "Rue Moreau", "num_voies": "2bis", "num_sca": "ADO75CA_ANO554", "geox": 602352.0, "geoy": 127312.0 }, "geometry": { "type": "MultiPoint", "coordinates": [ [ 653859.830703609855846, 6860868.675885110162199 ] ] } },
{ "type": "Feature", "properties": { "gid": 8748, "id_num_sca": "ADO75CA_ANO555", "id_parc": "PA9552", "quartier": "Quinze-Vingts", "nom_entier": "Rue Moreau", "num_voies": "2", "num_sca": "ADO75CA_ANO554", "geox": 602321.0, "geoy": 127291.0 }, "geometry": { "type": "MultiPoint", "coordinates": [ [ 653893.26492930483073, 6860902.736086001619697 ] ] } },
{ "type": "Feature", "properties": { "gid": 8749, "id_num_sca": "ADO75CA_ANO555", "id_parc": "PA9553", "quartier": "Quinze-Vingts", "nom_entier": "Rue Traversière", "num_voies": "1", "num_sca": "ADO75CA_ANO555", "geox": 602551.0, "geoy": 127305.0 }, "geometry": { "type": "MultiPoint", "coordinates": [ [ 653901.994860196951777, 6860911.024038757197559 ] ] } },
{ "type": "Feature", "properties": { "gid": 8750, "id_num_sca": "ADO75CA_ANO555", "id_parc": "PA9551", "quartier": "Quinze-Vingts", "nom_entier": "Rue Traversière", "num_voies": "3", "num_sca": "ADO75CA_ANO555", "geox": 602584.0, "geoy": 127340.0 }, "geometry": { "type": "MultiPoint", "coordinates": [ [ 653937.848114937660284, 6860948.647361050359905 ] ] } },
{ "type": "Feature", "properties": { "gid": 8751, "id_num_sca": "ADO75CA_ANO555", "id_parc": "PA9550", "quartier": "Quinze-Vingts", "nom_entier": "Rue Traversière", "num_voies": "5", "num_sca": "ADO75CA_ANO555", "geox": 602593.0, "geoy": 127348.0 }, "geometry": { "type": "MultiPoint", "coordinates": [ [ 653967.673981706146151, 6860979.75171310827136 ] ] } },
{ "type": "Feature", "properties": { "gid": 8752, "id_num_sca": "ADO75CA_ANO555", "id_parc": "PA9550", "quartier": "Quinze-Vingts", "nom_entier": "Rue Traversière", "num_voies": "7", "num_sca": "ADO75CA_ANO555", "geox": 602628.0, "geoy": 127386.0 }, "geometry": { "type": "MultiPoint", "coordinates": [ [ 653983.643351579084992, 6860996.638802039436996 ] ] } },
{ "type": "Feature", "properties": { "gid": 8753, "id_num_sca": "ADO75CA_ANO555", "id_parc": "PA9546", "quartier": "Quinze-Vingts", "nom_entier": "Rue Traversière", "num_voies": "9", "num_sca": "ADO75CA_ANO555", "geox": 602658.0, "geoy": 127417.0 }, "geometry": { "type": "MultiPoint", "coordinates": [ [ 654027.330788005958311, 6861042.557627608068287 ] ] } },
{ "type": "Feature", "properties": { "gid": 8754, "id_num_sca": "ADO75CA_ANO555", "id_parc": "PA9545", "quartier": "Quinze-Vingts", "nom_entier": "Rue Traversière", "num_voies": "9bis", "num_sca": "ADO75CA_ANO555", "geox": 602674.0, "geoy": 127434.0 }, "geometry": { "type": "MultiPoint", "coordinates": [ [ 654045.440690183429979, 6861065.399189755320549 ] ] } },
{ "type": "Feature", "properties": { "gid": 8755, "id_num_sca": "ADO75CA_ANO555", "id_parc": "PA9542", "quartier": "Quinze-Vingts", "nom_entier": "Rue Traversière", "num_voies": "11", "num_sca": "ADO75CA_ANO555", "geox": 602717.0, "geoy": 127480.0 }, "geometry": { "type": "MultiPoint", "coordinates": [ [ 654058.504467129241675, 6861091.866778872907162 ] ] } },
{ "type": "Feature", "properties": { "gid": 8756, "id_num_sca": "ADO75CA_ANO555", "id_parc": "PA9537", "quartier": "Quinze-Vingts", "nom_entier": "Rue Traversière", "num_voies": "13", "num_sca": "ADO75CA_ANO555", "geox": 602735.0, "geoy": 127503.0 }, "geometry": { "type": "MultiPoint", "coordinates": [ [ 654075.793981206836179, 6861123.674025341868401 ] ] } },
{ "type": "Feature", "properties": { "gid": 8757, "id_num_sca": "ADO75CA_ANO555", "id_parc": "PA9530", "quartier": "Quinze-Vingts", "nom_entier": "Rue Traversière", "num_voies": "15", "num_sca": "ADO75CA_ANO555", "geox": 602748.0, "geoy": 127530.0 }, "geometry": { "type": "MultiPoint", "coordinates": [ [ 654102.248378599528223, 6861215.427820237353444 ] ] } },
{ "type": "Feature", "properties": { "gid": 8758, "id_num_sca": "ADO75CA_ANO555", "id_parc": "PA9532", "quartier": "Quinze-Vingts", "nom_entier": "Rue Traversière", "num_voies": "15bis", "num_sca": "ADO75CA_ANO555", "geox": 602765.0, "geoy": 127562.0 }, "geometry": { "type": "MultiPoint", "coordinates": [ [ 654096.69921464973595, 6861224.580593463033438 ] ] } },
{ "type": "Feature", "properties": { "gid": 8759, "id_num_sca": "ADO75CA_ANO555", "id_parc": "PA9533", "quartier": "Quinze-Vingts", "nom_entier": "Rue de Charenton", "num_voies": "76", "num_sca": "ADO75CA_ANO555", "geox": 602790.0, "geoy": 127654.0 }, "geometry": { "type": "MultiPoint", "coordinates": [ [ 654092.809691193862818, 6861230.602475127205253 ] ] } },
{ "type": "Feature", "properties": { "gid": 8760, "id_num_sca": "ADO75CA_ANO555", "id_parc": "PA9531", "quartier": "Quinze-Vingts", "nom_entier": "Rue de Charenton", "num_voies": "74", "num_sca": "ADO75CA_ANO555", "geox": 602785.0, "geoy": 127663.0 }, "geometry": { "type": "MultiPoint", "coordinates": [ [ 654088.767876824596897, 6861237.256072557531297 ] ] } },
{ "type": "Feature", "properties": { "gid": 8761, "id_num_sca": "ADO75CA_ANO555", "id_parc": "PA9534", "quartier": "Quinze-Vingts", "nom_entier": "Rue de Charenton", "num_voies": "72", "num_sca": "ADO75CA_ANO555", "geox": 602781.0, "geoy": 127669.0 }, "geometry": { "type": "MultiPoint", "coordinates": [ [ 654083.548059709602967, 6861244.392420776188374 ] ] } },
{ "type": "Feature", "properties": { "gid": 8762, "id_num_sca": "ADO75CA_ANO555", "id_parc": "PA9524", "quartier": "Quinze-Vingts", "nom_entier": "Rue de Charenton", "num_voies": "70", "num_sca": "ADO75CA_ANO555", "geox": 602777.0, "geoy": 127676.0 }, "geometry": { "type": "MultiPoint", "coordinates": [ [ 654072.954806252382696, 6861259.139236556366086 ] ] } },
{ "type": "Feature", "properties": { "gid": 8763, "id_num_sca": "ADO75CA_ANO555", "id_parc": "PA9525", "quartier": "Quinze-Vingts", "nom_entier": "Rue de Charenton", "num_voies": "68", "num_sca": "ADO75CA_ANO555", "geox": 602771.0, "geoy": 127683.0 }, "geometry": { "type": "MultiPoint", "coordinates": [ [ 654067.267501179128885, 6861266.909957012161613 ] ] } },
{ "type": "Feature", "properties": { "gid": 8764, "id_num_sca": "ADO75CA_ANO555", "id_parc": "PA9523", "quartier": "Quinze-Vingts", "nom_entier": "Rue de Charenton", "num_voies": "66", "num_sca": "ADO75CA_ANO555", "geox": 602761.0, "geoy": 127697.0 }, "geometry": { "type": "MultiPoint", "coordinates": [ [ 654058.229656583862379, 6861279.200741766951978 ] ] } },
{ "type": "Feature", "properties": { "gid": 8765, "id_num_sca": "ADO75CA_ANO555", "id_parc": "PA9521", "quartier": "Quinze-Vingts", "nom_entier": "Rue de Charenton", "num_voies": "64", "num_sca": "ADO75CA_ANO555", "geox": 602755.0, "geoy": 127705.0 }, "geometry": { "type": "MultiPoint", "coordinates": [ [ 654049.891049514757469, 6861290.303574083372951 ] ] } },
{ "type": "Feature", "properties": { "gid": 8766, "id_num_sca": "ADO75CA_ANO555", "id_parc": "PA9522", "quartier": "Quinze-Vingts", "nom_entier": "Rue de Charenton", "num_voies": "62", "num_sca": "ADO75CA_ANO555", "geox": 602746.0, "geoy": 127717.0 }, "geometry": { "type": "MultiPoint", "coordinates": [ [ 654042.79796564951539, 6861299.583418109454215 ] ] } },
{ "type": "Feature", "properties": { "gid": 8767, "id_num_sca": "ADO75CA_ANO555", "id_parc": "PA9512", "quartier": "Quinze-Vingts", "nom_entier": "Rue de Charenton", "num_voies": "60", "num_sca": "ADO75CA_ANO555", "geox": 602737.0, "geoy": 127728.0 }, "geometry": { "type": "MultiPoint", "coordinates": [ [ 654033.608488646685146, 6861312.584718773141503 ] ] } },
{ "type": "Feature", "properties": { "gid": 8768, "id_num_sca": "ADO75CA_ANO555", "id_parc": "PA9514", "quartier": "Quinze-Vingts", "nom_entier": "Rue de Charenton", "num_voies": "58", "num_sca": "ADO75CA_ANO555", "geox": 602730.0, "geoy": 127738.0 }, "geometry": { "type": "MultiPoint", "coordinates": [ [ 654026.054549259715714, 6861323.286920403130352 ] ] } },
{ "type": "Feature", "properties": { "gid": 8769, "id_num_sca": "ADO75CA_ANO555", "id_parc": "PA9515", "quartier": "Quinze-Vingts", "nom_entier": "Rue de Charenton", "num_voies": "56", "num_sca": "ADO75CA_ANO555", "geox": 602721.0, "geoy": 127751.0 }, "geometry": { "type": "MultiPoint", "coordinates": [ [ 654019.434255086234771, 6861332.562781875021756 ] ] } },
{ "type": "Feature", "properties": { "gid": 8770, "id_num_sca": "ADO75CA_ANO555", "id_parc": "PA9517", "quartier": "Quinze-Vingts", "nom_entier": "Rue de Charenton", "num_voies": "54", "num_sca": "ADO75CA_ANO555", "geox": 602713.0, "geoy": 127761.0 }, "geometry": { "type": "MultiPoint", "coordinates": [ [ 654013.279456552350894, 6861340.967876312322915 ] ] } },
{ "type": "Feature", "properties": { "gid": 8771, "id_num_sca": "ADO75CA_ANO555", "id_parc": "PA9517", "quartier": "Quinze-Vingts", "nom_entier": "Rue de Charenton", "num_voies": "52", "num_sca": "ADO75CA_ANO555", "geox": 602707.0, "geoy": 127770.0 }, "geometry": { "type": "MultiPoint", "coordinates": [ [ 653996.579920784337446, 6861332.440129675902426 ] ] } },
{ "type": "Feature", "properties": { "gid": 8772, "id_num_sca": "ADO75CA_ANO555", "id_parc": "PA9516", "quartier": "Quinze-Vingts", "nom_entier": "Rue de Charenton", "num_voies": "50", "num_sca": "ADO75CA_ANO555", "geox": 602700.0, "geoy": 127779.0 }, "geometry": { "type": "MultiPoint", "coordinates": [ [ 653991.041970442747697, 6861320.508566935546696 ] ] } },
{ "type": "Feature", "properties": { "gid": 8773, "id_num_sca": "ADO75CA_ANO555", "id_parc": "PA9518", "quartier": "Quinze-Vingts", "nom_entier": "Rue Moreau", "num_voies": "18", "num_sca": "ADO75CA_ANO555", "geox": 602684.0, "geoy": 127770.0 }, "geometry": { "type": "MultiPoint", "coordinates": [ [ 653985.827839960460551, 6861309.598729922436178 ] ] } },
{ "type": "Feature", "properties": { "gid": 8774, "id_num_sca": "ADO75CA_ANO555", "id_parc": "PA9519", "quartier": "Quinze-Vingts", "nom_entier": "Rue Moreau", "num_voies": "16", "num_sca": "ADO75CA_ANO555", "geox": 602678.0, "geoy": 127758.0 }, "geometry": { "type": "MultiPoint", "coordinates": [ [ 653979.81378179602325, 6861297.277159997262061 ] ] } },
{ "type": "Feature", "properties": { "gid": 8775, "id_num_sca": "ADO75CA_ANO555", "id_parc": "PA9520", "quartier": "Quinze-Vingts", "nom_entier": "Rue Moreau", "num_voies": "14", "num_sca": "ADO75CA_ANO555", "geox": 602673.0, "geoy": 127747.0 }, "geometry": { "type": "MultiPoint", "coordinates": [ [ 653971.070151116931811, 6861278.989479401148856 ] ] } },
{ "type": "Feature", "properties": { "gid": 8776, "id_num_sca": "ADO75CA_ANO556", "id_parc": "PA9701", "quartier": "Quinze-Vingts", "nom_entier": "Rue Moreau", "num_voies": "12", "num_sca": "ADO75CA_ANO555", "geox": 602667.0, "geoy": 127735.0 }, "geometry": { "type": "MultiPoint", "coordinates": [ [ 653835.053411483066157, 6860837.155602402053773 ] ] } },
{ "type": "Feature", "properties": { "gid": 8777, "id_num_sca": "ADO75CA_ANO556", "id_parc": "PA9701", "quartier": "Quinze-Vingts", "nom_entier": "Rue Moreau", "num_voies": "10", "num_sca": "ADO75CA_ANO555", "geox": 602659.0, "geoy": 127716.0 }, "geometry": { "type": "MultiPoint", "coordinates": [ [ 653847.753334947978146, 6860849.643367209471762 ] ] } },
{ "type": "Feature", "properties": { "gid": 8778, "id_num_sca": "ADO75CA_ANO556", "id_parc": "PA9700", "quartier": "Quinze-Vingts", "nom_entier": "Rue Traversière", "num_voies": "2", "num_sca": "ADO75CA_ANO556", "geox": 602526.0, "geoy": 127273.0 }, "geometry": { "type": "MultiPoint", "coordinates": [ [ 653857.267519069253467, 6860859.97085706051439 ] ] } },
{ "type": "Feature", "properties": { "gid": 8779, "id_num_sca": "ADO75CA_ANO556", "id_parc": "PA9699", "quartier": "Quinze-Vingts", "nom_entier": "Rue Traversière", "num_voies": "4", "num_sca": "ADO75CA_ANO556", "geox": 602539.0, "geoy": 127286.0 }, "geometry": { "type": "MultiPoint", "coordinates": [ [ 653873.089202486211434, 6860875.976954479701817 ] ] } },
{ "type": "Feature", "properties": { "gid": 8780, "id_num_sca": "ADO75CA_ANO556", "id_parc": "PA9697", "quartier": "Quinze-Vingts", "nom_entier": "Rue Traversière", "num_voies": "6", "num_sca": "ADO75CA_ANO556", "geox": 602548.0, "geoy": 127296.0 }, "geometry": { "type": "MultiPoint", "coordinates": [ [ 653891.426805399009027, 6860895.204817806370556 ] ] } },
{ "type": "Feature", "properties": { "gid": 8781, "id_num_sca": "ADO75CA_ANO556", "id_parc": "PA9696", "quartier": "Quinze-Vingts", "nom_entier": "Rue Traversière", "num_voies": "8", "num_sca": "ADO75CA_ANO556", "geox": 602564.0, "geoy": 127313.0 }, "geometry": { "type": "MultiPoint", "coordinates": [ [ 654006.905754696577787, 6861013.316515020094812 ] ] } },
{ "type": "Feature", "properties": { "gid": 8782, "id_num_sca": "ADO75CA_ANO556", "id_parc": "PA9674", "quartier": "Quinze-Vingts", "nom_entier": "Rue Traversière", "num_voies": "10", "num_sca": "ADO75CA_ANO556", "geox": 602582.0, "geoy": 127332.0 }, "geometry": { "type": "MultiPoint", "coordinates": [ [ 654030.87219687027391, 6861038.228705590590835 ] ] } },
{ "type": "Feature", "properties": { "gid": 8783, "id_num_sca": "ADO75CA_ANO556", "id_parc": "PA9675", "quartier": "Quinze-Vingts", "nom_entier": "Rue Traversière", "num_voies": "12", "num_sca": "ADO75CA_ANO556", "geox": 602697.0, "geoy": 127451.0 }, "geometry": { "type": "MultiPoint", "coordinates": [ [ 654041.69128406920936, 6861051.260243694297969 ] ] } },
{ "type": "Feature", "properties": { "gid": 8784, "id_num_sca": "ADO75CA_ANO556", "id_parc": "PA9676", "quartier": "Quinze-Vingts", "nom_entier": "Rue Traversière", "num_voies": "14", "num_sca": "ADO75CA_ANO556", "geox": 602721.0, "geoy": 127476.0 }, "geometry": { "type": "MultiPoint", "coordinates": [ [ 654049.189034052658826, 6861063.942678975872695 ] ] } },
{ "type": "Feature", "properties": { "gid": 8785, "id_num_sca": "ADO75CA_ANO556", "id_parc": "PA9677", "quartier": "Quinze-Vingts", "nom_entier": "Rue Traversière", "num_voies": "16", "num_sca": "ADO75CA_ANO556", "geox": 602731.0, "geoy": 127489.0 }, "geometry": { "type": "MultiPoint", "coordinates": [ [ 654056.297658821102232, 6861075.19545515999198 ] ] } },
{ "type": "Feature", "properties": { "gid": 8786, "id_num_sca": "ADO75CA_ANO556", "id_parc": "PA9678", "quartier": "Quinze-Vingts", "nom_entier": "Rue Traversière", "num_voies": "18", "num_sca": "ADO75CA_ANO556", "geox": 602739.0, "geoy": 127502.0 }, "geometry": { "type": "MultiPoint", "coordinates": [ [ 654067.241685038548894, 6861094.108533870428801 ] ] } },
{ "type": "Feature", "properties": { "gid": 8787, "id_num_sca": "ADO75CA_ANO556", "id_parc": "PA9679", "quartier": "Quinze-Vingts", "nom_entier": "Rue Traversière", "num_voies": "20", "num_sca": "ADO75CA_ANO556", "geox": 602746.0, "geoy": 127513.0 }, "geometry": { "type": "MultiPoint", "coordinates": [ [ 654078.041237670346163, 6861113.777010509744287 ] ] } },
{ "type": "Feature", "properties": { "gid": 8788, "id_num_sca": "ADO75CA_ANO556", "id_parc": "PA9680", "quartier": "Quinze-Vingts", "nom_entier": "Rue Traversière", "num_voies": "22", "num_sca": "ADO75CA_ANO556", "geox": 602756.0, "geoy": 127532.0 }, "geometry": { "type": "MultiPoint", "coordinates": [ [ 654085.261469307355583, 6861129.327667479403317 ] ] } },
{ "type": "Feature", "properties": { "gid": 8789, "id_num_sca": "ADO75CA_ANO556", "id_parc": "PA9685", "quartier": "Quinze-Vingts", "nom_entier": "Rue Traversière", "num_voies": "22bis", "num_sca": "ADO75CA_ANO556", "geox": 602767.0, "geoy": 127552.0 }, "geometry": { "type": "MultiPoint", "coordinates": [ [ 654092.766847185790539, 6861142.915058542042971 ] ] } },
{ "type": "Feature", "properties": { "gid": 8790, "id_num_sca": "ADO75CA_ANO556", "id_parc": "PA9684", "quartier": "Quinze-Vingts", "nom_entier": "Rue Traversière", "num_voies": "24", "num_sca": "ADO75CA_ANO556", "geox": 602774.0, "geoy": 127568.0 }, "geometry": { "type": "MultiPoint", "coordinates": [ [ 654098.27847679622937, 6861152.597521159797907 ] ] } },
{ "type": "Feature", "properties": { "gid": 8791, "id_num_sca": "ADO75CA_ANO556", "id_parc": "PA9682", "quartier": "Quinze-Vingts", "nom_entier": "Rue Traversière", "num_voies": "26", "num_sca": "ADO75CA_ANO556", "geox": 602782.0, "geoy": 127581.0 }, "geometry": { "type": "MultiPoint", "coordinates": [ [ 654103.254598170984536, 6861161.379482147283852 ] ] } },
{ "type": "Feature", "properties": { "gid": 8792, "id_num_sca": "ADO75CA_ANO556", "id_parc": "PA9683", "quartier": "Quinze-Vingts", "nom_entier": "Rue Traversière", "num_voies": "28", "num_sca": "ADO75CA_ANO556", "geox": 602787.0, "geoy": 127591.0 }, "geometry": { "type": "MultiPoint", "coordinates": [ [ 654109.469706746283919, 6861173.997315658256412 ] ] } },
{ "type": "Feature", "properties": { "gid": 8793, "id_num_sca": "ADO75CA_ANO556", "id_parc": "PA9693", "quartier": "Quinze-Vingts", "nom_entier": "Rue Traversière", "num_voies": "28bis", "num_sca": "ADO75CA_ANO556", "geox": 602792.0, "geoy": 127600.0 }, "geometry": { "type": "MultiPoint", "coordinates": [ [ 654048.944588478538208, 6860994.242740458808839 ] ] } },
{ "type": "Feature", "properties": { "gid": 8794, "id_num_sca": "ADO75CA_ANO557", "id_parc": "PA10216", "quartier": "Quinze-Vingts", "nom_entier": "Rue Traversière", "num_voies": "30", "num_sca": "ADO75CA_ANO556", "geox": 602798.0, "geoy": 127613.0 }, "geometry": { "type": "MultiPoint", "coordinates": [ [ 654355.171937075327151, 6860962.099618018604815 ] ] } },
{ "type": "Feature", "properties": { "gid": 8795, "id_num_sca": "ADO75CA_ANO557", "id_parc": "PA10216", "quartier": "Quinze-Vingts", "nom_entier": "Impasse des Trois Frères", "num_voies": "3", "num_sca": "ADO75CA_ANO556", "geox": 602739.0, "geoy": 127432.0 }, "geometry": { "type": "MultiPoint", "coordinates": [ [ 654364.420487944269553, 6860950.952986128628254 ] ] } },
{ "type": "Feature", "properties": { "gid": 8796, "id_num_sca": "ADO75CA_ANO557", "id_parc": "PA10216", "quartier": "Quinze-Vingts", "nom_entier": "Rue de Charenton", "num_voies": "120", "num_sca": "ADO75CA_ANO557", "geox": 603045.0, "geoy": 127403.0 }, "geometry": { "type": "MultiPoint", "coordinates": [ [ 654359.393042256007902, 6860956.885116513818502 ] ] } },
{ "type": "Feature", "properties": { "gid": 8797, "id_num_sca": "ADO75CA_ANO557", "id_parc": "PA10215", "quartier": "Quinze-Vingts", "nom_entier": "Rue de Charenton", "num_voies": "124", "num_sca": "ADO75CA_ANO557", "geox": 603055.0, "geoy": 127392.0 }, "geometry": { "type": "MultiPoint", "coordinates": [ [ 654374.681879819137976, 6860939.493175038136542 ] ] } },
{ "type": "Feature", "properties": { "gid": 8798, "id_num_sca": "ADO75CA_ANO557", "id_parc": "PA10218", "quartier": "Quinze-Vingts", "nom_entier": "Rue de Charenton", "num_voies": "122", "num_sca": "ADO75CA_ANO557", "geox": 603050.0, "geoy": 127398.0 }, "geometry": { "type": "MultiPoint", "coordinates": [ [ 654384.340865860460326, 6860928.850821663625538 ] ] } },
{ "type": "Feature", "properties": { "gid": 8799, "id_num_sca": "ADO75CA_ANO557", "id_parc": "PA10218", "quartier": "Quinze-Vingts", "nom_entier": "Rue de Charenton", "num_voies": "126", "num_sca": "ADO75CA_ANO557", "geox": 603065.0, "geoy": 127380.0 }, "geometry": { "type": "MultiPoint", "coordinates": [ [ 654394.702084595686756, 6860917.1870745299384 ] ] } },
{ "type": "Feature", "properties": { "gid": 8800, "id_num_sca": "ADO75CA_ANO557", "id_parc": "PA10212", "quartier": "Quinze-Vingts", "nom_entier": "Rue de Charenton", "num_voies": "128", "num_sca": "ADO75CA_ANO557", "geox": 603075.0, "geoy": 127370.0 }, "geometry": { "type": "MultiPoint", "coordinates": [ [ 654404.964325947570615, 6860905.828804309479892 ] ] } },
{ "type": "Feature", "properties": { "gid": 8801, "id_num_sca": "ADO75CA_ANO557", "id_parc": "PA10213", "quartier": "Quinze-Vingts", "nom_entier": "Rue de Charenton", "num_voies": "130", "num_sca": "ADO75CA_ANO557", "geox": 603085.0, "geoy": 127358.0 }, "geometry": { "type": "MultiPoint", "coordinates": [ [ 654420.358967113541439, 6860888.943709710612893 ] ] } },
{ "type": "Feature", "properties": { "gid": 8802, "id_num_sca": "ADO75CA_ANO557", "id_parc": "PA9312", "quartier": "Quinze-Vingts", "nom_entier": "Rue de Charenton", "num_voies": "132", "num_sca": "ADO75CA_ANO557", "geox": 603096.0, "geoy": 127347.0 }, "geometry": { "type": "MultiPoint", "coordinates": [ [ 654434.147765301400796, 6860874.306195355020463 ] ] } },
{ "type": "Feature", "properties": { "gid": 8803, "id_num_sca": "ADO75CA_ANO557", "id_parc": "PA10220", "quartier": "Quinze-Vingts", "nom_entier": "Rue de Charenton", "num_voies": "136", "num_sca": "ADO75CA_ANO557", "geox": 603111.0, "geoy": 127330.0 }, "geometry": { "type": "MultiPoint", "coordinates": [ [ 654447.83758493384812, 6860859.97415778785944 ] ] } },
{ "type": "Feature", "properties": { "gid": 8804, "id_num_sca": "ADO75CA_ANO557", "id_parc": "PA10219", "quartier": "Quinze-Vingts", "nom_entier": "Rue de Charenton", "num_voies": "138", "num_sca": "ADO75CA_ANO557", "geox": 603125.0, "geoy": 127316.0 }, "geometry": { "type": "MultiPoint", "coordinates": [ [ 654455.580967224086635, 6860850.972711718641222 ] ] } },
{ "type": "Feature", "properties": { "gid": 8805, "id_num_sca": "ADO75CA_ANO559", "id_parc": "PA9501", "quartier": "Quinze-Vingts", "nom_entier": "Rue de Charenton", "num_voies": "140", "num_sca": "ADO75CA_ANO557", "geox": 603139.0, "geoy": 127301.0 }, "geometry": { "type": "MultiPoint", "coordinates": [ [ 653791.312801750609651, 6860601.709560887888074 ] ] } },
{ "type": "Feature", "properties": { "gid": 8806, "id_num_sca": "ADO75CA_ANO559", "id_parc": "PA9314", "quartier": "Quinze-Vingts", "nom_entier": "Rue de Charenton", "num_voies": "142", "num_sca": "ADO75CA_ANO557", "geox": 603147.0, "geoy": 127293.0 }, "geometry": { "type": "MultiPoint", "coordinates": [ [ 653756.566345347790048, 6860642.562300709076226 ] ] } },
{ "type": "Feature", "properties": { "gid": 8807, "id_num_sca": "ADO75CA_ANO559", "id_parc": "PA9500", "quartier": "Quinze-Vingts", "nom_entier": "Quai de la Rapée", "num_voies": "19", "num_sca": "ADO75CA_ANO559", "geox": 602485.0, "geoy": 127038.0 }, "geometry": { "type": "MultiPoint", "coordinates": [ [ 653725.119489101343788, 6860670.796086353249848 ] ] } },
{ "type": "Feature", "properties": { "gid": 8808, "id_num_sca": "ADO75CA_ANO560", "id_parc": "PA9510", "quartier": "Quinze-Vingts", "nom_entier": "Quai de la Rapée", "num_voies": "17", "num_sca": "ADO75CA_ANO559", "geox": 602450.0, "geoy": 127078.0 }, "geometry": { "type": "MultiPoint", "coordinates": [ [ 653870.559225276345387, 6860518.17830908857286 ] ] } },
{ "type": "Feature", "properties": { "gid": 8809, "id_num_sca": "ADO75CA_ANO560", "id_parc": "PA9510", "quartier": "Quinze-Vingts", "nom_entier": "Quai de la Rapée", "num_voies": "15", "num_sca": "ADO75CA_ANO559", "geox": 602418.0, "geoy": 127106.0 }, "geometry": { "type": "MultiPoint", "coordinates": [ [ 653864.52141569298692, 6860527.614474988542497 ] ] } },
{ "type": "Feature", "properties": { "gid": 8810, "id_num_sca": "ADO75CA_ANO560", "id_parc": "PA9315", "quartier": "Quinze-Vingts", "nom_entier": "Quai de la Rapée", "num_voies": "29", "num_sca": "ADO75CA_ANO560", "geox": 602565.0, "geoy": 126955.0 }, "geometry": { "type": "MultiPoint", "coordinates": [ [ 653853.835696219466627, 6860542.369029485620558 ] ] } },
{ "type": "Feature", "properties": { "gid": 8811, "id_num_sca": "ADO75CA_ANO560", "id_parc": "PA9506", "quartier": "Quinze-Vingts", "nom_entier": "Quai de la Rapée", "num_voies": "27", "num_sca": "ADO75CA_ANO560", "geox": 602558.0, "geoy": 126964.0 }, "geometry": { "type": "MultiPoint", "coordinates": [ [ 653832.024837977602147, 6860569.451719488017261 ] ] } },
{ "type": "Feature", "properties": { "gid": 8812, "id_num_sca": "ADO75CA_ANO561", "id_parc": "PA10231", "quartier": "Quinze-Vingts", "nom_entier": "Quai de la Rapée", "num_voies": "25", "num_sca": "ADO75CA_ANO560", "geox": 602548.0, "geoy": 126979.0 }, "geometry": { "type": "MultiPoint", "coordinates": [ [ 654205.311269713216461, 6860406.337431095540524 ] ] } },
{ "type": "Feature", "properties": { "gid": 8813, "id_num_sca": "ADO75CA_ANO561", "id_parc": "PA10232", "quartier": "Quinze-Vingts", "nom_entier": "Quai de la Rapée", "num_voies": "23", "num_sca": "ADO75CA_ANO560", "geox": 602526.0, "geoy": 127006.0 }, "geometry": { "type": "MultiPoint", "coordinates": [ [ 654193.250743560609408, 6860397.13757545594126 ] ] } },
{ "type": "Feature", "properties": { "gid": 8814, "id_num_sca": "ADO75CA_ANO561", "id_parc": "PA10229", "quartier": "Quinze-Vingts", "nom_entier": "Rue Villiot", "num_voies": "9ter", "num_sca": "ADO75CA_ANO561", "geox": 602900.0, "geoy": 126846.0 }, "geometry": { "type": "MultiPoint", "coordinates": [ [ 654186.25581829296425, 6860392.420081036165357 ] ] } },
{ "type": "Feature", "properties": { "gid": 8815, "id_num_sca": "ADO75CA_ANO561", "id_parc": "PA10234", "quartier": "Quinze-Vingts", "nom_entier": "Rue Villiot", "num_voies": "9bis", "num_sca": "ADO75CA_ANO561", "geox": 602888.0, "geoy": 126836.0 }, "geometry": { "type": "MultiPoint", "coordinates": [ [ 654163.219832513481379, 6860373.508440474048257 ] ] } },
{ "type": "Feature", "properties": { "gid": 8816, "id_num_sca": "ADO75CA_ANO561", "id_parc": "PA10236", "quartier": "Quinze-Vingts", "nom_entier": "Rue Villiot", "num_voies": "9", "num_sca": "ADO75CA_ANO561", "geox": 602881.0, "geoy": 126832.0 }, "geometry": { "type": "MultiPoint", "coordinates": [ [ 654122.812716700485907, 6860341.670817477628589 ] ] } },
{ "type": "Feature", "properties": { "gid": 8817, "id_num_sca": "ADO75CA_ANO561", "id_parc": "PA10238", "quartier": "Quinze-Vingts", "nom_entier": "Rue Villiot", "num_voies": "9", "num_sca": "ADO75CA_ANO561", "geox": 602858.0, "geoy": 126813.0 }, "geometry": { "type": "MultiPoint", "coordinates": [ [ 654085.294041972141713, 6860314.50149239320308 ] ] } },
{ "type": "Feature", "properties": { "gid": 8818, "id_num_sca": "ADO75CA_ANO561", "id_parc": "PA10238", "quartier": "Quinze-Vingts", "nom_entier": "Rue Villiot", "num_voies": "7bis", "num_sca": "ADO75CA_ANO561", "geox": 602818.0, "geoy": 126780.0 }, "geometry": { "type": "MultiPoint", "coordinates": [ [ 654064.205751113826409, 6860298.003551253117621 ] ] } },
{ "type": "Feature", "properties": { "gid": 8819, "id_num_sca": "ADO75CA_ANO561", "id_parc": "PA10237", "quartier": "Quinze-Vingts", "nom_entier": "Rue Villiot", "num_voies": "7", "num_sca": "ADO75CA_ANO561", "geox": 602781.0, "geoy": 126753.0 }, "geometry": { "type": "MultiPoint", "coordinates": [ [ 654056.784824168891646, 6860292.451671260409057 ] ] } },
{ "type": "Feature", "properties": { "gid": 8820, "id_num_sca": "ADO75CA_ANO561", "id_parc": "PA10235", "quartier": "Quinze-Vingts", "nom_entier": "Rue Villiot", "num_voies": "5", "num_sca": "ADO75CA_ANO561", "geox": 602760.0, "geoy": 126736.0 }, "geometry": { "type": "MultiPoint", "coordinates": [ [ 654045.623455421766266, 6860280.562724406830966 ] ] } },
{ "type": "Feature", "properties": { "gid": 8821, "id_num_sca": "ADO75CA_ANO561", "id_parc": "PA10235", "quartier": "Quinze-Vingts", "nom_entier": "Rue Villiot", "num_voies": "3", "num_sca": "ADO75CA_ANO561", "geox": 602753.0, "geoy": 126731.0 }, "geometry": { "type": "MultiPoint", "coordinates": [ [ 654024.468612414202653, 6860286.020195286720991 ] ] } },
{ "type": "Feature", "properties": { "gid": 8822, "id_num_sca": "ADO75CA_ANO561", "id_parc": "PA9316", "quartier": "Quinze-Vingts", "nom_entier": "Rue Villiot", "num_voies": "1", "num_sca": "ADO75CA_ANO561", "geox": 602742.0, "geoy": 126719.0 }, "geometry": { "type": "MultiPoint", "coordinates": [ [ 654015.704497965984046, 6860300.088166560046375 ] ] } },
{ "type": "Feature", "properties": { "gid": 8823, "id_num_sca": "ADO75CA_ANO561", "id_parc": "PA9316", "quartier": "Quinze-Vingts", "nom_entier": "Quai de la Rapée", "num_voies": "57", "num_sca": "ADO75CA_ANO561", "geox": 602720.0, "geoy": 126724.0 }, "geometry": { "type": "MultiPoint", "coordinates": [ [ 654008.004984818049707, 6860311.214267588220537 ] ] } },
{ "type": "Feature", "properties": { "gid": 8824, "id_num_sca": "ADO75CA_ANO557", "id_parc": "PA10212", "quartier": "Quinze-Vingts", "nom_entier": "Quai de la Rapée", "num_voies": "55", "num_sca": "ADO75CA_ANO561", "geox": 602712.0, "geoy": 126738.0 }, "geometry": { "type": "MultiPoint", "coordinates": [ [ 654412.403091982705519, 6860896.829925280064344 ] ] } },
{ "type": "Feature", "properties": { "gid": 8825, "id_num_sca": "ADO75CA_ANO561", "id_parc": "PA10227", "quartier": "Quinze-Vingts", "nom_entier": "Quai de la Rapée", "num_voies": "53", "num_sca": "ADO75CA_ANO561", "geox": 602704.0, "geoy": 126749.0 }, "geometry": { "type": "MultiPoint", "coordinates": [ [ 653997.572087162872776, 6860326.134273003786802 ] ] } },
{ "type": "Feature", "properties": { "gid": 8826, "id_num_sca": "ADO75CA_ANO561", "id_parc": "PA10228", "quartier": "Quinze-Vingts", "nom_entier": null, "num_voies": "134", "num_sca": "ADO75CA_ANO557", "geox": 603103.0, "geoy": 127338.0 }, "geometry": { "type": "MultiPoint", "coordinates": [ [ 653987.302538138697855, 6860340.550119856372476 ] ] } },
{ "type": "Feature", "properties": { "gid": 8827, "id_num_sca": "ADO75CA_ANO561", "id_parc": "PA10224", "quartier": "Quinze-Vingts", "nom_entier": "Quai de la Rapée", "num_voies": "51", "num_sca": "ADO75CA_ANO561", "geox": 602693.0, "geoy": 126764.0 }, "geometry": { "type": "MultiPoint", "coordinates": [ [ 653977.784995761467144, 6860354.708239885047078 ] ] } },
{ "type": "Feature", "properties": { "gid": 8828, "id_num_sca": "ADO75CA_ANO561", "id_parc": "PA10225", "quartier": "Quinze-Vingts", "nom_entier": "Quai de la Rapée", "num_voies": "49", "num_sca": "ADO75CA_ANO561", "geox": 602683.0, "geoy": 126778.0 }, "geometry": { "type": "MultiPoint", "coordinates": [ [ 653968.427275723079219, 6860367.943244858644903 ] ] } },
{ "type": "Feature", "properties": { "gid": 8829, "id_num_sca": "ADO75CA_ANO561", "id_parc": "PA10225", "quartier": "Quinze-Vingts", "nom_entier": "Quai de la Rapée", "num_voies": "47", "num_sca": "ADO75CA_ANO561", "geox": 602673.0, "geoy": 126792.0 }, "geometry": { "type": "MultiPoint", "coordinates": [ [ 653961.807876609731466, 6860377.970884773880243 ] ] } },
{ "type": "Feature", "properties": { "gid": 8830, "id_num_sca": "ADO75CA_ANO561", "id_parc": "PA10226", "quartier": "Quinze-Vingts", "nom_entier": "Quai de la Rapée", "num_voies": "45", "num_sca": "ADO75CA_ANO561", "geox": 602664.0, "geoy": 126805.0 }, "geometry": { "type": "MultiPoint", "coordinates": [ [ 653941.268053740961477, 6860406.718794223852456 ] ] } },
{ "type": "Feature", "properties": { "gid": 8831, "id_num_sca": "ADO75CA_ANO561", "id_parc": "PA10226", "quartier": "Quinze-Vingts", "nom_entier": "Quai de la Rapée", "num_voies": "43", "num_sca": "ADO75CA_ANO561", "geox": 602657.0, "geoy": 126815.0 }, "geometry": { "type": "MultiPoint", "coordinates": [ [ 653928.20317716721911, 6860427.526787841692567 ] ] } },
{ "type": "Feature", "properties": { "gid": 8832, "id_num_sca": "ADO75CA_ANO561", "id_parc": "PA10222", "quartier": "Quinze-Vingts", "nom_entier": "Quai de la Rapée", "num_voies": "41", "num_sca": "ADO75CA_ANO561", "geox": 602636.0, "geoy": 126844.0 }, "geometry": { "type": "MultiPoint", "coordinates": [ [ 653912.226744443993084, 6860450.873231432400644 ] ] } },
{ "type": "Feature", "properties": { "gid": 8833, "id_num_sca": "ADO75CA_ANO561", "id_parc": "PA10222", "quartier": "Quinze-Vingts", "nom_entier": "Quai de la Rapée", "num_voies": "39", "num_sca": "ADO75CA_ANO561", "geox": 602623.0, "geoy": 126865.0 }, "geometry": { "type": "MultiPoint", "coordinates": [ [ 653904.531444288790226, 6860462.502087684348226 ] ] } },
{ "type": "Feature", "properties": { "gid": 8834, "id_num_sca": "ADO75CA_ANO561", "id_parc": "PA10223", "quartier": "Quinze-Vingts", "nom_entier": "Quai de la Rapée", "num_voies": "37", "num_sca": "ADO75CA_ANO561", "geox": 602607.0, "geoy": 126888.0 }, "geometry": { "type": "MultiPoint", "coordinates": [ [ 653896.324223195784725, 6860473.045892644673586 ] ] } },
{ "type": "Feature", "properties": { "gid": 8835, "id_num_sca": "ADO75CA_ANO561", "id_parc": "PA10223", "quartier": "Quinze-Vingts", "nom_entier": "Quai de la Rapée", "num_voies": "35", "num_sca": "ADO75CA_ANO561", "geox": 602599.0, "geoy": 126899.0 }, "geometry": { "type": "MultiPoint", "coordinates": [ [ 653881.222938872408122, 6860490.854345968924463 ] ] } },
{ "type": "Feature", "properties": { "gid": 8836, "id_num_sca": "ADO75CA_ANO562", "id_parc": "PA10259", "quartier": "Quinze-Vingts", "nom_entier": "Quai de la Rapée", "num_voies": "33", "num_sca": "ADO75CA_ANO561", "geox": 602591.0, "geoy": 126910.0 }, "geometry": { "type": "MultiPoint", "coordinates": [ [ 654171.081284202169627, 6860084.435934580862522 ] ] } },
{ "type": "Feature", "properties": { "gid": 8837, "id_num_sca": "ADO75CA_ANO562", "id_parc": "PA10257", "quartier": "Quinze-Vingts", "nom_entier": "Quai de la Rapée", "num_voies": "31", "num_sca": "ADO75CA_ANO561", "geox": 602575.0, "geoy": 126928.0 }, "geometry": { "type": "MultiPoint", "coordinates": [ [ 654165.790240418398753, 6860093.304090058431029 ] ] } },
{ "type": "Feature", "properties": { "gid": 8838, "id_num_sca": "ADO75CA_ANO562", "id_parc": "PA10256", "quartier": "Quinze-Vingts", "nom_entier": "Quai de la Rapée", "num_voies": "77", "num_sca": "ADO75CA_ANO562", "geox": 602869.0, "geoy": 126524.0 }, "geometry": { "type": "MultiPoint", "coordinates": [ [ 654161.785624659154564, 6860099.180469968356192 ] ] } },
{ "type": "Feature", "properties": { "gid": 8839, "id_num_sca": "ADO75CA_ANO562", "id_parc": "PA9318", "quartier": "Quinze-Vingts", "nom_entier": "Quai de la Rapée", "num_voies": "75", "num_sca": "ADO75CA_ANO562", "geox": 602863.0, "geoy": 126532.0 }, "geometry": { "type": "MultiPoint", "coordinates": [ [ 654144.096939952112734, 6860122.580828377977014 ] ] } },
{ "type": "Feature", "properties": { "gid": 8840, "id_num_sca": "ADO75CA_ANO562", "id_parc": "PA10247", "quartier": "Quinze-Vingts", "nom_entier": "Quai de la Rapée", "num_voies": "73", "num_sca": "ADO75CA_ANO562", "geox": 602859.0, "geoy": 126538.0 }, "geometry": { "type": "MultiPoint", "coordinates": [ [ 654125.361783276544884, 6860149.149799541570246 ] ] } },
{ "type": "Feature", "properties": { "gid": 8841, "id_num_sca": "ADO75CA_ANO562", "id_parc": "PA10244", "quartier": "Quinze-Vingts", "nom_entier": "Quai de la Rapée", "num_voies": "71", "num_sca": "ADO75CA_ANO562", "geox": 602841.0, "geoy": 126561.0 }, "geometry": { "type": "MultiPoint", "coordinates": [ [ 654112.993748045293614, 6860167.199259438551962 ] ] } },
{ "type": "Feature", "properties": { "gid": 8842, "id_num_sca": "ADO75CA_ANO562", "id_parc": "PA10245", "quartier": "Quinze-Vingts", "nom_entier": "Quai de la Rapée", "num_voies": "69", "num_sca": "ADO75CA_ANO562", "geox": 602822.0, "geoy": 126588.0 }, "geometry": { "type": "MultiPoint", "coordinates": [ [ 654101.84851031342987, 6860181.780529570765793 ] ] } },
{ "type": "Feature", "properties": { "gid": 8843, "id_num_sca": "ADO75CA_ANO562", "id_parc": "PA10246", "quartier": "Quinze-Vingts", "nom_entier": "Quai de la Rapée", "num_voies": "67", "num_sca": "ADO75CA_ANO562", "geox": 602810.0, "geoy": 126606.0 }, "geometry": { "type": "MultiPoint", "coordinates": [ [ 654086.568877897341736, 6860200.987282468937337 ] ] } },
{ "type": "Feature", "properties": { "gid": 8844, "id_num_sca": "ADO75CA_ANO562", "id_parc": "PA9317", "quartier": "Quinze-Vingts", "nom_entier": "Quai de la Rapée", "num_voies": "65", "num_sca": "ADO75CA_ANO562", "geox": 602799.0, "geoy": 126620.0 }, "geometry": { "type": "MultiPoint", "coordinates": [ [ 654070.462270305608399, 6860228.18991925008595 ] ] } },
{ "type": "Feature", "properties": { "gid": 8845, "id_num_sca": "ADO75CA_ANO562", "id_parc": "PA10243", "quartier": "Quinze-Vingts", "nom_entier": "Quai de la Rapée", "num_voies": "63", "num_sca": "ADO75CA_ANO562", "geox": 602783.0, "geoy": 126639.0 }, "geometry": { "type": "MultiPoint", "coordinates": [ [ 654059.925717329373583, 6860244.256533155217767 ] ] } },
{ "type": "Feature", "properties": { "gid": 8846, "id_num_sca": "ADO75CA_ANO562", "id_parc": "PA10241", "quartier": "Quinze-Vingts", "nom_entier": "Quai de la Rapée", "num_voies": "61", "num_sca": "ADO75CA_ANO562", "geox": 602767.0, "geoy": 126666.0 }, "geometry": { "type": "MultiPoint", "coordinates": [ [ 654052.019635220058262, 6860254.100630390457809 ] ] } },
{ "type": "Feature", "properties": { "gid": 8847, "id_num_sca": "ADO75CA_ANO562", "id_parc": "PA10242", "quartier": "Quinze-Vingts", "nom_entier": "Quai de la Rapée", "num_voies": "59ter", "num_sca": "ADO75CA_ANO562", "geox": 602756.0, "geoy": 126682.0 }, "geometry": { "type": "MultiPoint", "coordinates": [ [ 654045.654504403239116, 6860262.85860565956682 ] ] } },
{ "type": "Feature", "properties": { "gid": 8848, "id_num_sca": "ADO75CA_ANO563", "id_parc": "PA10153", "quartier": "Quinze-Vingts", "nom_entier": "Quai de la Rapée", "num_voies": "59bis", "num_sca": "ADO75CA_ANO562", "geox": 602748.0, "geoy": 126692.0 }, "geometry": { "type": "MultiPoint", "coordinates": [ [ 654842.587839196436107, 6860586.961048746481538 ] ] } },
{ "type": "Feature", "properties": { "gid": 9139, "id_num_sca": "ADO75CA_ANO513", "id_parc": "PA10533", "quartier": "Marais", "nom_entier": "Rue Neuve Sainte Catherine", "num_voies": "8", "num_sca": "ADO75CA_ANO513", "geox": 602013.0, "geoy": 128460.0 }, "geometry": { "type": "MultiPoint", "coordinates": [ [ 653343.574889727984555, 6862022.456444735638797 ] ] } },
{ "type": "Feature", "properties": { "gid": 9140, "id_num_sca": "ADO75CA_ANO513", "id_parc": "PA10532", "quartier": "Marais", "nom_entier": "Rue Neuve Sainte Catherine", "num_voies": "6", "num_sca": "ADO75CA_ANO513", "geox": 602017.0, "geoy": 128458.0 }, "geometry": { "type": "MultiPoint", "coordinates": [ [ 653349.181975856889039, 6862019.865421375259757 ] ] } },
{ "type": "Feature", "properties": { "gid": 9152, "id_num_sca": "ADO75CA_ANO514", "id_parc": "PA10720", "quartier": "Marais", "nom_entier": "Rue Neuve Sainte Catherine", "num_voies": "5", "num_sca": "ADO75CA_ANO514", "geox": 602011.0, "geoy": 128454.0 }, "geometry": { "type": "MultiPoint", "coordinates": [ [ 653343.273433635942638, 6862015.022545381449163 ] ] } },
{ "type": "Feature", "properties": { "gid": 9182, "id_num_sca": "ADO75CA_ANO515", "id_parc": "PA10286", "quartier": "Marais", "nom_entier": "Rue Culture Sainte Catherine", "num_voies": "12", "num_sca": "ADO75CA_ANO515", "geox": 601886.0, "geoy": 128362.0 }, "geometry": { "type": "MultiPoint", "coordinates": [ [ 653293.248482951661572, 6861910.686940061859787 ] ] } },
{ "type": "Feature", "properties": { "gid": 9183, "id_num_sca": "ADO75CA_ANO515", "id_parc": "PA10286", "quartier": "Marais", "nom_entier": "Rue Culture Sainte Catherine", "num_voies": "14", "num_sca": "ADO75CA_ANO515", "geox": 601890.0, "geoy": 128372.0 }, "geometry": { "type": "MultiPoint", "coordinates": [ [ 653298.254838118562475, 6861908.444405691698194 ] ] } },
{ "type": "Feature", "properties": { "gid": 9184, "id_num_sca": "ADO75CA_ANO515", "id_parc": "PA10753", "quartier": "Marais", "nom_entier": "Rue Jarente", "num_voies": "3", "num_sca": "ADO75CA_ANO515", "geox": 601976.0, "geoy": 128342.0 }, "geometry": { "type": "MultiPoint", "coordinates": [ [ 653275.204194401390851, 6861865.314761409536004 ] ] } },
{ "type": "Feature", "properties": { "gid": 9202, "id_num_sca": "ADO75CA_ANO516", "id_parc": "PA10789", "quartier": "Marais", "nom_entier": "Rue d'Ormesson", "num_voies": "7", "num_sca": "ADO75CA_ANO516", "geox": 601941.0, "geoy": 128298.0 }, "geometry": { "type": "MultiPoint", "coordinates": [ [ 653270.662210598238744, 6861861.446525635197759 ] ] } },
{ "type": "Feature", "properties": { "gid": 9203, "id_num_sca": "ADO75CA_ANO516", "id_parc": "PA10789", "quartier": "Marais", "nom_entier": "Rue d'Ormesson", "num_voies": "5", "num_sca": "ADO75CA_ANO516", "geox": 601949.0, "geoy": 128295.0 }, "geometry": { "type": "MultiPoint", "coordinates": [ [ 653276.666428756783716, 6861858.927745252847672 ] ] } },
{ "type": "Feature", "properties": { "gid": 9204, "id_num_sca": "ADO75CA_ANO516", "id_parc": "PA10788", "quartier": "Marais", "nom_entier": "Rue d'Ormesson", "num_voies": "3", "num_sca": "ADO75CA_ANO516", "geox": 601953.0, "geoy": 128293.0 }, "geometry": { "type": "MultiPoint", "coordinates": [ [ 653251.835351043846458, 6861815.362087453715503 ] ] } },
{ "type": "Feature", "properties": { "gid": 9205, "id_num_sca": "ADO75CA_ANO516", "id_parc": "PA10786", "quartier": "Marais", "nom_entier": "Rue d'Ormesson", "num_voies": "1", "num_sca": "ADO75CA_ANO516", "geox": 601959.0, "geoy": 128291.0 }, "geometry": { "type": "MultiPoint", "coordinates": [ [ 653247.864267782424577, 6861817.936342805624008 ] ] } },
{ "type": "Feature", "properties": { "gid": 9226, "id_num_sca": "ADO75CA_ANO517", "id_parc": "PA10811", "quartier": "Marais", "nom_entier": "Rue Culture Sainte Catherine", "num_voies": "2", "num_sca": "ADO75CA_ANO516", "geox": 601860.0, "geoy": 128310.0 }, "geometry": { "type": "MultiPoint", "coordinates": [ [ 653377.888337723328732, 6861749.618697297759354 ] ] } },
{ "type": "Feature", "properties": { "gid": 9227, "id_num_sca": "ADO75CA_ANO517", "id_parc": "PA10810", "quartier": "Marais", "nom_entier": "Rue Culture Sainte Catherine", "num_voies": "4", "num_sca": "ADO75CA_ANO516", "geox": 601866.0, "geoy": 128322.0 }, "geometry": { "type": "MultiPoint", "coordinates": [ [ 653382.009481810615398, 6861747.623934254981577 ] ] } },
{ "type": "Feature", "properties": { "gid": 9228, "id_num_sca": "ADO75CA_ANO517", "id_parc": "PA10807", "quartier": "Marais", "nom_entier": "Rue Saint Antoine", "num_voies": "167", "num_sca": "ADO75CA_ANO517", "geox": 602062.0, "geoy": 128182.0 }, "geometry": { "type": "MultiPoint", "coordinates": [ [ 653387.213369476725347, 6861744.894105319865048 ] ] } },
{ "type": "Feature", "properties": { "gid": 9229, "id_num_sca": "ADO75CA_ANO517", "id_parc": "PA10809", "quartier": "Marais", "nom_entier": "Rue Saint Antoine", "num_voies": "169", "num_sca": "ADO75CA_ANO517", "geox": 602066.0, "geoy": 128180.0 }, "geometry": { "type": "MultiPoint", "coordinates": [ [ 653373.985574366874062, 6861751.684216219931841 ] ] } },
{ "type": "Feature", "properties": { "gid": 9230, "id_num_sca": "ADO75CA_ANO517", "id_parc": "PA10809", "quartier": "Marais", "nom_entier": "Rue Saint Antoine", "num_voies": "171", "num_sca": "ADO75CA_ANO517", "geox": 602071.0, "geoy": 128177.0 }, "geometry": { "type": "MultiPoint", "coordinates": [ [ 653371.239366206456907, 6861753.159237530082464 ] ] } },
{ "type": "Feature", "properties": { "gid": 9231, "id_num_sca": "ADO75CA_ANO517", "id_parc": "PA10812", "quartier": "Marais", "nom_entier": "Rue Saint Antoine", "num_voies": "165", "num_sca": "ADO75CA_ANO517", "geox": 602058.0, "geoy": 128184.0 }, "geometry": { "type": "MultiPoint", "coordinates": [ [ 653364.00967384444084, 6861756.704667400568724 ] ] } },
{ "type": "Feature", "properties": { "gid": 9232, "id_num_sca": "ADO75CA_ANO517", "id_parc": "PA10813", "quartier": "Marais", "nom_entier": "Rue Saint Antoine", "num_voies": "163", "num_sca": "ADO75CA_ANO517", "geox": 602055.0, "geoy": 128186.0 }, "geometry": { "type": "MultiPoint", "coordinates": [ [ 653359.673201746307313, 6861758.991622519679368 ] ] } },
{ "type": "Feature", "properties": { "gid": 9233, "id_num_sca": "ADO75CA_ANO517", "id_parc": "PA10819", "quartier": "Marais", "nom_entier": "Rue Saint Antoine", "num_voies": "161", "num_sca": "ADO75CA_ANO517", "geox": 602048.0, "geoy": 128189.0 }, "geometry": { "type": "MultiPoint", "coordinates": [ [ 653356.4200842079008, 6861760.616101655177772 ] ] } },
{ "type": "Feature", "properties": { "gid": 9234, "id_num_sca": "ADO75CA_ANO517", "id_parc": "PA10820", "quartier": "Marais", "nom_entier": "Rue Saint Antoine", "num_voies": "159", "num_sca": "ADO75CA_ANO517", "geox": 602043.0, "geoy": 128191.0 }, "geometry": { "type": "MultiPoint", "coordinates": [ [ 653353.314589450950734, 6861762.529717113822699 ] ] } },
{ "type": "Feature", "properties": { "gid": 9235, "id_num_sca": "ADO75CA_ANO517", "id_parc": "PA10817", "quartier": "Marais", "nom_entier": "Rue Saint Antoine", "num_voies": "157", "num_sca": "ADO75CA_ANO517", "geox": 602040.0, "geoy": 128193.0 }, "geometry": { "type": "MultiPoint", "coordinates": [ [ 653349.769890117226169, 6861764.011461602523923 ] ] } },
{ "type": "Feature", "properties": { "gid": 9236, "id_num_sca": "ADO75CA_ANO517", "id_parc": "PA10818", "quartier": "Marais", "nom_entier": "Rue Saint Antoine", "num_voies": "155", "num_sca": "ADO75CA_ANO517", "geox": 602037.0, "geoy": 128195.0 }, "geometry": { "type": "MultiPoint", "coordinates": [ [ 653345.213204582920298, 6861766.009891165420413 ] ] } },
{ "type": "Feature", "properties": { "gid": 9237, "id_num_sca": "ADO75CA_ANO517", "id_parc": "PA10816", "quartier": "Marais", "nom_entier": "Rue Saint Antoine", "num_voies": "153", "num_sca": "ADO75CA_ANO517", "geox": 602033.0, "geoy": 128196.0 }, "geometry": { "type": "MultiPoint", "coordinates": [ [ 653341.09511268499773, 6861768.367601840756834 ] ] } },
{ "type": "Feature", "properties": { "gid": 9238, "id_num_sca": "ADO75CA_ANO517", "id_parc": "PA10814", "quartier": "Marais", "nom_entier": "Rue Saint Antoine", "num_voies": "151", "num_sca": "ADO75CA_ANO517", "geox": 602029.0, "geoy": 128198.0 }, "geometry": { "type": "MultiPoint", "coordinates": [ [ 653336.97091386502143, 6861769.999415243975818 ] ] } },
{ "type": "Feature", "properties": { "gid": 9239, "id_num_sca": "ADO75CA_ANO517", "id_parc": "PA10815", "quartier": "Marais", "nom_entier": "Rue Saint Antoine", "num_voies": "149", "num_sca": "ADO75CA_ANO517", "geox": 602025.0, "geoy": 128201.0 }, "geometry": { "type": "MultiPoint", "coordinates": [ [ 653331.477885110769421, 6861772.876866872422397 ] ] } },
{ "type": "Feature", "properties": { "gid": 9240, "id_num_sca": "ADO75CA_ANO517", "id_parc": "PA10289", "quartier": "Marais", "nom_entier": "Rue Saint Antoine", "num_voies": "147", "num_sca": "ADO75CA_ANO517", "geox": 602020.0, "geoy": 128202.0 }, "geometry": { "type": "MultiPoint", "coordinates": [ [ 653313.69156534364447, 6861781.447632681578398 ] ] } },
{ "type": "Feature", "properties": { "gid": 9241, "id_num_sca": "ADO75CA_ANO517", "id_parc": "PA10825", "quartier": "Marais", "nom_entier": "Rue Saint Antoine", "num_voies": "145", "num_sca": "ADO75CA_ANO517", "geox": 602015.0, "geoy": 128205.0 }, "geometry": { "type": "MultiPoint", "coordinates": [ [ 653295.47580916818697, 6861790.747960939072073 ] ] } },
{ "type": "Feature", "properties": { "gid": 9242, "id_num_sca": "ADO75CA_ANO517", "id_parc": "PA10826", "quartier": "Marais", "nom_entier": "Rue Saint Antoine", "num_voies": "143", "num_sca": "ADO75CA_ANO517", "geox": 601997.0, "geoy": 128213.0 }, "geometry": { "type": "MultiPoint", "coordinates": [ [ 653290.781269407598302, 6861793.618688067421317 ] ] } },
{ "type": "Feature", "properties": { "gid": 9243, "id_num_sca": "ADO75CA_ANO517", "id_parc": "PA10824", "quartier": "Marais", "nom_entier": "Rue Saint Antoine", "num_voies": "141", "num_sca": "ADO75CA_ANO517", "geox": 601979.0, "geoy": 128223.0 }, "geometry": { "type": "MultiPoint", "coordinates": [ [ 653287.309158516931348, 6861795.099819901399314 ] ] } },
{ "type": "Feature", "properties": { "gid": 9244, "id_num_sca": "ADO75CA_ANO517", "id_parc": "PA10821", "quartier": "Marais", "nom_entier": "Rue Saint Antoine", "num_voies": "139", "num_sca": "ADO75CA_ANO517", "geox": 601974.0, "geoy": 128225.0 }, "geometry": { "type": "MultiPoint", "coordinates": [ [ 653281.232964259455912, 6861797.69180042296648 ] ] } },
{ "type": "Feature", "properties": { "gid": 9245, "id_num_sca": "ADO75CA_ANO517", "id_parc": "PA10823", "quartier": "Marais", "nom_entier": "Rue Saint Antoine", "num_voies": "137", "num_sca": "ADO75CA_ANO517", "geox": 601971.0, "geoy": 128227.0 }, "geometry": { "type": "MultiPoint", "coordinates": [ [ 653275.020138540887274, 6861801.301259378902614 ] ] } },
{ "type": "Feature", "properties": { "gid": 9246, "id_num_sca": "ADO75CA_ANO517", "id_parc": "PA10822", "quartier": "Marais", "nom_entier": "Rue Saint Antoine", "num_voies": "135", "num_sca": "ADO75CA_ANO517", "geox": 601964.0, "geoy": 128229.0 }, "geometry": { "type": "MultiPoint", "coordinates": [ [ 653271.709084007539786, 6861804.668501695618033 ] ] } },
{ "type": "Feature", "properties": { "gid": 9247, "id_num_sca": "ADO75CA_ANO517", "id_parc": "PA10827", "quartier": "Marais", "nom_entier": "Rue Saint Antoine", "num_voies": "133", "num_sca": "ADO75CA_ANO517", "geox": 601958.0, "geoy": 128233.0 }, "geometry": { "type": "MultiPoint", "coordinates": [ [ 653263.539378433953971, 6861808.657410834915936 ] ] } },
{ "type": "Feature", "properties": { "gid": 9248, "id_num_sca": "ADO75CA_ANO518", "id_parc": "PA10828", "quartier": "Marais", "nom_entier": "Rue Saint Antoine", "num_voies": "131", "num_sca": "ADO75CA_ANO517", "geox": 601955.0, "geoy": 128236.0 }, "geometry": { "type": "MultiPoint", "coordinates": [ [ 653546.325808769557625, 6861958.652900286950171 ] ] } },
{ "type": "Feature", "properties": { "gid": 9249, "id_num_sca": "ADO75CA_ANO518", "id_parc": "PA10829", "quartier": "Marais", "nom_entier": "Rue Saint Antoine", "num_voies": "129", "num_sca": "ADO75CA_ANO517", "geox": 601947.0, "geoy": 128240.0 }, "geometry": { "type": "MultiPoint", "coordinates": [ [ 653554.222257160930894, 6861956.698927707970142 ] ] } },
{ "type": "Feature", "properties": { "gid": 9250, "id_num_sca": "ADO75CA_ANO518", "id_parc": "PA10830", "quartier": "Marais", "nom_entier": "Rue du Pas de la Mûle", "num_voies": "13", "num_sca": "ADO75CA_ANO518", "geox": 602228.0, "geoy": 128393.0 }, "geometry": { "type": "MultiPoint", "coordinates": [ [ 653562.696372655103914, 6861954.37711466383189 ] ] } },
{ "type": "Feature", "properties": { "gid": 9251, "id_num_sca": "ADO75CA_ANO518", "id_parc": "PA10831", "quartier": "Marais", "nom_entier": "Rue du Pas de la Mûle", "num_voies": "11", "num_sca": "ADO75CA_ANO518", "geox": 602236.0, "geoy": 128391.0 }, "geometry": { "type": "MultiPoint", "coordinates": [ [ 653568.998279956169426, 6861952.726950312964618 ] ] } },
{ "type": "Feature", "properties": { "gid": 9252, "id_num_sca": "ADO75CA_ANO518", "id_parc": "PA10831", "quartier": "Marais", "nom_entier": "Rue du Pas de la Mûle", "num_voies": "9", "num_sca": "ADO75CA_ANO518", "geox": 602245.0, "geoy": 128388.0 }, "geometry": { "type": "MultiPoint", "coordinates": [ [ 653574.593123644939624, 6861944.694383441470563 ] ] } },
{ "type": "Feature", "properties": { "gid": 9253, "id_num_sca": "ADO75CA_ANO518", "id_parc": "PA10828", "quartier": "Marais", "nom_entier": "Rue du Pas de la Mûle", "num_voies": "7", "num_sca": "ADO75CA_ANO518", "geox": 602251.0, "geoy": 128387.0 }, "geometry": { "type": "MultiPoint", "coordinates": [ [ 653574.454565256950445, 6861936.855294299311936 ] ] } },
{ "type": "Feature", "properties": { "gid": 9254, "id_num_sca": "ADO75CA_ANO518", "id_parc": "PA10832", "quartier": "Marais", "nom_entier": "Rue des Tournelles", "num_voies": "33", "num_sca": "ADO75CA_ANO518", "geox": 602257.0, "geoy": 128379.0 }, "geometry": { "type": "MultiPoint", "coordinates": [ [ 653574.353780486388132, 6861924.877975057810545 ] ] } },
{ "type": "Feature", "properties": { "gid": 9255, "id_num_sca": "ADO75CA_ANO518", "id_parc": "PA10833", "quartier": "Marais", "nom_entier": "Rue des Tournelles", "num_voies": "31", "num_sca": "ADO75CA_ANO518", "geox": 602257.0, "geoy": 128371.0 }, "geometry": { "type": "MultiPoint", "coordinates": [ [ 653573.799741149297915, 6861910.799220921471715 ] ] } },
{ "type": "Feature", "properties": { "gid": 9256, "id_num_sca": "ADO75CA_ANO518", "id_parc": "PA10834", "quartier": "Marais", "nom_entier": "Rue des Tournelles", "num_voies": "29", "num_sca": "ADO75CA_ANO518", "geox": 602257.0, "geoy": 128359.0 }, "geometry": { "type": "MultiPoint", "coordinates": [ [ 653572.374009421793744, 6861896.655214964412153 ] ] } },
{ "type": "Feature", "properties": { "gid": 9257, "id_num_sca": "ADO75CA_ANO518", "id_parc": "PA10836", "quartier": "Marais", "nom_entier": "Rue des Tournelles", "num_voies": "27", "num_sca": "ADO75CA_ANO518", "geox": 602256.0, "geoy": 128345.0 }, "geometry": { "type": "MultiPoint", "coordinates": [ [ 653572.224359617335722, 6861878.870716966688633 ] ] } },
{ "type": "Feature", "properties": { "gid": 9258, "id_num_sca": "ADO75CA_ANO518", "id_parc": "PA10839", "quartier": "Marais", "nom_entier": "Rue des Tournelles", "num_voies": "25", "num_sca": "ADO75CA_ANO518", "geox": 602255.0, "geoy": 128331.0 }, "geometry": { "type": "MultiPoint", "coordinates": [ [ 653571.368257856112905, 6861854.776413848623633 ] ] } },
{ "type": "Feature", "properties": { "gid": 9259, "id_num_sca": "ADO75CA_ANO518", "id_parc": "PA10837", "quartier": "Marais", "nom_entier": "Rue des Tournelles", "num_voies": "23", "num_sca": "ADO75CA_ANO518", "geox": 602255.0, "geoy": 128313.0 }, "geometry": { "type": "MultiPoint", "coordinates": [ [ 653571.984115334693342, 6861833.065350189805031 ] ] } },
{ "type": "Feature", "properties": { "gid": 9260, "id_num_sca": "ADO75CA_ANO518", "id_parc": "PA10838", "quartier": "Marais", "nom_entier": "Rue des Tournelles", "num_voies": "21", "num_sca": "ADO75CA_ANO518", "geox": 602254.0, "geoy": 128289.0 }, "geometry": { "type": "MultiPoint", "coordinates": [ [ 653570.932329787290655, 6861820.22491192445159 ] ] } },
{ "type": "Feature", "properties": { "gid": 9261, "id_num_sca": "ADO75CA_ANO518", "id_parc": "PA10841", "quartier": "Marais", "nom_entier": "Rue des Tournelles", "num_voies": "19", "num_sca": "ADO75CA_ANO518", "geox": 602255.0, "geoy": 128267.0 }, "geometry": { "type": "MultiPoint", "coordinates": [ [ 653569.789629941456951, 6861805.207394208759069 ] ] } },
{ "type": "Feature", "properties": { "gid": 9262, "id_num_sca": "ADO75CA_ANO518", "id_parc": "PA10843", "quartier": "Marais", "nom_entier": "Rue des Tournelles", "num_voies": "17", "num_sca": "ADO75CA_ANO518", "geox": 602254.0, "geoy": 128254.0 }, "geometry": { "type": "MultiPoint", "coordinates": [ [ 653570.758761577541009, 6861790.970635937526822 ] ] } },
{ "type": "Feature", "properties": { "gid": 9263, "id_num_sca": "ADO75CA_ANO518", "id_parc": "PA10842", "quartier": "Marais", "nom_entier": "Rue des Tournelles", "num_voies": "15bis", "num_sca": "ADO75CA_ANO518", "geox": 602253.0, "geoy": 128239.0 }, "geometry": { "type": "MultiPoint", "coordinates": [ [ 653572.106724526500329, 6861778.618155292235315 ] ] } },
{ "type": "Feature", "properties": { "gid": 9264, "id_num_sca": "ADO75CA_ANO518", "id_parc": "PA10844", "quartier": "Marais", "nom_entier": "Rue des Tournelles", "num_voies": "15", "num_sca": "ADO75CA_ANO518", "geox": 602254.0, "geoy": 128225.0 }, "geometry": { "type": "MultiPoint", "coordinates": [ [ 653573.298512378474697, 6861764.960283741354942 ] ] } },
{ "type": "Feature", "properties": { "gid": 9265, "id_num_sca": "ADO75CA_ANO518", "id_parc": "PA10845", "quartier": "Marais", "nom_entier": "Rue des Tournelles", "num_voies": "13", "num_sca": "ADO75CA_ANO518", "geox": 602256.0, "geoy": 128213.0 }, "geometry": { "type": "MultiPoint", "coordinates": [ [ 653574.087743716547266, 6861755.225926085375249 ] ] } },
{ "type": "Feature", "properties": { "gid": 9266, "id_num_sca": "ADO75CA_ANO518", "id_parc": "PA10846", "quartier": "Marais", "nom_entier": "Rue des Tournelles", "num_voies": "11", "num_sca": "ADO75CA_ANO518", "geox": 602257.0, "geoy": 128199.0 }, "geometry": { "type": "MultiPoint", "coordinates": [ [ 653574.26458917313721, 6861750.360581636428833 ] ] } },
{ "type": "Feature", "properties": { "gid": 9267, "id_num_sca": "ADO75CA_ANO518", "id_parc": "PA10848", "quartier": "Marais", "nom_entier": "Rue des Tournelles", "num_voies": "9", "num_sca": "ADO75CA_ANO518", "geox": 602258.0, "geoy": 128189.0 }, "geometry": { "type": "MultiPoint", "coordinates": [ [ 653574.651264150510542, 6861744.549737170338631 ] ] } },
{ "type": "Feature", "properties": { "gid": 9268, "id_num_sca": "ADO75CA_ANO518", "id_parc": "PA10849", "quartier": "Marais", "nom_entier": "Rue des Tournelles", "num_voies": "7", "num_sca": "ADO75CA_ANO518", "geox": 602258.0, "geoy": 128184.0 }, "geometry": { "type": "MultiPoint", "coordinates": [ [ 653575.221503468696028, 6861734.672035836614668 ] ] } },
{ "type": "Feature", "properties": { "gid": 9269, "id_num_sca": "ADO75CA_ANO518", "id_parc": "PA10850", "quartier": "Marais", "nom_entier": "Rue des Tournelles", "num_voies": "5", "num_sca": "ADO75CA_ANO518", "geox": 602258.0, "geoy": 128179.0 }, "geometry": { "type": "MultiPoint", "coordinates": [ [ 653574.30146045552101, 6861720.233412176370621 ] ] } },
{ "type": "Feature", "properties": { "gid": 9270, "id_num_sca": "ADO75CA_ANO518", "id_parc": "PA10847", "quartier": "Marais", "nom_entier": "Rue des Tournelles", "num_voies": "3", "num_sca": "ADO75CA_ANO518", "geox": 602259.0, "geoy": 128169.0 }, "geometry": { "type": "MultiPoint", "coordinates": [ [ 653555.485789991798811, 6861701.372034216299653 ] ] } },
{ "type": "Feature", "properties": { "gid": 9271, "id_num_sca": "ADO75CA_ANO518", "id_parc": "PA10847", "quartier": "Marais", "nom_entier": "Rue des Tournelles", "num_voies": "1", "num_sca": "ADO75CA_ANO518", "geox": 602258.0, "geoy": 128154.0 }, "geometry": { "type": "MultiPoint", "coordinates": [ [ 653539.230415964615531, 6861693.450910604558885 ] ] } },
{ "type": "Feature", "properties": { "gid": 9272, "id_num_sca": "ADO75CA_ANO518", "id_parc": "PA10851", "quartier": "Marais", "nom_entier": "Rue Saint Antoine", "num_voies": "203", "num_sca": "ADO75CA_ANO518", "geox": 602240.0, "geoy": 128135.0 }, "geometry": { "type": "MultiPoint", "coordinates": [ [ 653520.280755828600377, 6861693.174931148998439 ] ] } },
{ "type": "Feature", "properties": { "gid": 9273, "id_num_sca": "ADO75CA_ANO518", "id_parc": "PA10854", "quartier": "Marais", "nom_entier": "Rue Saint Antoine", "num_voies": "201", "num_sca": "ADO75CA_ANO518", "geox": 602223.0, "geoy": 128127.0 }, "geometry": { "type": "MultiPoint", "coordinates": [ [ 653512.682624093489721, 6861696.070117754861712 ] ] } },
{ "type": "Feature", "properties": { "gid": 9274, "id_num_sca": "ADO75CA_ANO518", "id_parc": "PA10854", "quartier": "Marais", "nom_entier": "Rue Saint Antoine", "num_voies": "199", "num_sca": "ADO75CA_ANO518", "geox": 602204.0, "geoy": 128127.0 }, "geometry": { "type": "MultiPoint", "coordinates": [ [ 653508.556597600923851, 6861697.484167031012475 ] ] } },
{ "type": "Feature", "properties": { "gid": 9275, "id_num_sca": "ADO75CA_ANO518", "id_parc": "PA10853", "quartier": "Marais", "nom_entier": "Rue Saint Antoine", "num_voies": "197", "num_sca": "ADO75CA_ANO518", "geox": 602197.0, "geoy": 128130.0 }, "geometry": { "type": "MultiPoint", "coordinates": [ [ 653501.894806365482509, 6861699.500329755246639 ] ] } },
{ "type": "Feature", "properties": { "gid": 9276, "id_num_sca": "ADO75CA_ANO518", "id_parc": "PA10857", "quartier": "Marais", "nom_entier": "Rue Saint Antoine", "num_voies": "195", "num_sca": "ADO75CA_ANO518", "geox": 602193.0, "geoy": 128131.0 }, "geometry": { "type": "MultiPoint", "coordinates": [ [ 653494.296673815930262, 6861702.395515359006822 ] ] } },
{ "type": "Feature", "properties": { "gid": 9277, "id_num_sca": "ADO75CA_ANO518", "id_parc": "PA10858", "quartier": "Marais", "nom_entier": "Rue Saint Antoine", "num_voies": "193", "num_sca": "ADO75CA_ANO518", "geox": 602186.0, "geoy": 128133.0 }, "geometry": { "type": "MultiPoint", "coordinates": [ [ 653487.492755858809687, 6861704.775848396122456 ] ] } },
{ "type": "Feature", "properties": { "gid": 9278, "id_num_sca": "ADO75CA_ANO518", "id_parc": "PA10856", "quartier": "Marais", "nom_entier": "Rue Saint Antoine", "num_voies": "191", "num_sca": "ADO75CA_ANO518", "geox": 602178.0, "geoy": 128136.0 }, "geometry": { "type": "MultiPoint", "coordinates": [ [ 653478.733792944462039, 6861707.753403786569834 ] ] } },
{ "type": "Feature", "properties": { "gid": 9279, "id_num_sca": "ADO75CA_ANO518", "id_parc": "PA10855", "quartier": "Marais", "nom_entier": "Rue Saint Antoine", "num_voies": "189", "num_sca": "ADO75CA_ANO518", "geox": 602172.0, "geoy": 128138.0 }, "geometry": { "type": "MultiPoint", "coordinates": [ [ 653466.862619576626457, 6861711.846089695580304 ] ] } },
{ "type": "Feature", "properties": { "gid": 9280, "id_num_sca": "ADO75CA_ANO518", "id_parc": "PA10855", "quartier": "Marais", "nom_entier": "Rue Saint Antoine", "num_voies": "187", "num_sca": "ADO75CA_ANO518", "geox": 602163.0, "geoy": 128141.0 }, "geometry": { "type": "MultiPoint", "coordinates": [ [ 653463.674944444792345, 6861729.876452008262277 ] ] } },
{ "type": "Feature", "properties": { "gid": 9281, "id_num_sca": "ADO75CA_ANO518", "id_parc": "PA10290", "quartier": "Marais", "nom_entier": "Rue Saint Antoine", "num_voies": "185", "num_sca": "ADO75CA_ANO518", "geox": 602151.0, "geoy": 128145.0 }, "geometry": { "type": "MultiPoint", "coordinates": [ [ 653466.46399325854145, 6861742.1214928496629 ] ] } },
{ "type": "Feature", "properties": { "gid": 9282, "id_num_sca": "ADO75CA_ANO518", "id_parc": "PA10862", "quartier": "Marais", "nom_entier": "Impasse Guéménée", "num_voies": "2", "num_sca": "ADO75CA_ANO518", "geox": 602147.0, "geoy": 128163.0 }, "geometry": { "type": "MultiPoint", "coordinates": [ [ 653467.754824198782444, 6861748.861943149939179 ] ] } },
{ "type": "Feature", "properties": { "gid": 9283, "id_num_sca": "ADO75CA_ANO518", "id_parc": "PA10863", "quartier": "Marais", "nom_entier": "Impasse Guéménée", "num_voies": "4", "num_sca": "ADO75CA_ANO518", "geox": 602150.0, "geoy": 128175.0 }, "geometry": { "type": "MultiPoint", "coordinates": [ [ 653469.729503540205769, 6861759.226377611979842 ] ] } },
{ "type": "Feature", "properties": { "gid": 9284, "id_num_sca": "ADO75CA_ANO518", "id_parc": "PA10868", "quartier": "Marais", "nom_entier": "Impasse Guéménée", "num_voies": "6", "num_sca": "ADO75CA_ANO518", "geox": 602151.0, "geoy": 128182.0 }, "geometry": { "type": "MultiPoint", "coordinates": [ [ 653469.361936440807767, 6861784.565079832449555 ] ] } },
{ "type": "Feature", "properties": { "gid": 9285, "id_num_sca": "ADO75CA_ANO518", "id_parc": "PA10869", "quartier": "Marais", "nom_entier": "Impasse Guéménée", "num_voies": "8", "num_sca": "ADO75CA_ANO518", "geox": 602153.0, "geoy": 128192.0 }, "geometry": { "type": "MultiPoint", "coordinates": [ [ 653465.827441648347303, 6861770.003276755101979 ] ] } },
{ "type": "Feature", "properties": { "gid": 9286, "id_num_sca": "ADO75CA_ANO518", "id_parc": "PA10869", "quartier": "Marais", "nom_entier": "Impasse Guéménée", "num_voies": "9", "num_sca": "ADO75CA_ANO518", "geox": 602153.0, "geoy": 128218.0 }, "geometry": { "type": "MultiPoint", "coordinates": [ [ 653463.481261653825641, 6861758.625641828402877 ] ] } },
{ "type": "Feature", "properties": { "gid": 9287, "id_num_sca": "ADO75CA_ANO518", "id_parc": "PA10880", "quartier": "Marais", "nom_entier": "Impasse Guéménée", "num_voies": "7", "num_sca": "ADO75CA_ANO518", "geox": 602149.0, "geoy": 128203.0 }, "geometry": { "type": "MultiPoint", "coordinates": [ [ 653461.260107442853041, 6861744.851325136609375 ] ] } },
{ "type": "Feature", "properties": { "gid": 9288, "id_num_sca": "ADO75CA_ANO518", "id_parc": "PA10878", "quartier": "Marais", "nom_entier": "Impasse Guéménée", "num_voies": "5", "num_sca": "ADO75CA_ANO518", "geox": 602147.0, "geoy": 128192.0 }, "geometry": { "type": "MultiPoint", "coordinates": [ [ 653459.208563751075417, 6861733.979375179857016 ] ] } },
{ "type": "Feature", "properties": { "gid": 9289, "id_num_sca": "ADO75CA_ANO518", "id_parc": "PA10878", "quartier": "Marais", "nom_entier": "Impasse Guéménée", "num_voies": "3", "num_sca": "ADO75CA_ANO518", "geox": 602145.0, "geoy": 128178.0 }, "geometry": { "type": "MultiPoint", "coordinates": [ [ 653445.873195213964209, 6861719.354922425933182 ] ] } },
{ "type": "Feature", "properties": { "gid": 9290, "id_num_sca": "ADO75CA_ANO518", "id_parc": "PA10879", "quartier": "Marais", "nom_entier": "Impasse Guéménée", "num_voies": "1", "num_sca": "ADO75CA_ANO518", "geox": 602143.0, "geoy": 128167.0 }, "geometry": { "type": "MultiPoint", "coordinates": [ [ 653436.323679416789673, 6861723.282865198329091 ] ] } },
{ "type": "Feature", "properties": { "gid": 9291, "id_num_sca": "ADO75CA_ANO518", "id_parc": "PA10867", "quartier": "Marais", "nom_entier": "Rue Saint Antoine", "num_voies": "181", "num_sca": "ADO75CA_ANO518", "geox": 602130.0, "geoy": 128152.0 }, "geometry": { "type": "MultiPoint", "coordinates": [ [ 653423.155654073809274, 6861728.547985434532166 ] ] } },
{ "type": "Feature", "properties": { "gid": 9292, "id_num_sca": "ADO75CA_ANO518", "id_parc": "PA10876", "quartier": "Marais", "nom_entier": "Rue Saint Antoine", "num_voies": "179", "num_sca": "ADO75CA_ANO518", "geox": 602120.0, "geoy": 128156.0 }, "geometry": { "type": "MultiPoint", "coordinates": [ [ 653412.229979622294195, 6861732.850489225238562 ] ] } },
{ "type": "Feature", "properties": { "gid": 9293, "id_num_sca": "ADO75CA_ANO518", "id_parc": "PA10877", "quartier": "Marais", "nom_entier": "Rue Saint Antoine", "num_voies": "177", "num_sca": "ADO75CA_ANO518", "geox": 602107.0, "geoy": 128161.0 }, "geometry": { "type": "MultiPoint", "coordinates": [ [ 653406.94617435359396, 6861734.709853867068887 ] ] } },
{ "type": "Feature", "properties": { "gid": 9294, "id_num_sca": "ADO75CA_ANO519", "id_parc": "PA10916", "quartier": "Marais", "nom_entier": "Rue Saint Antoine", "num_voies": "175", "num_sca": "ADO75CA_ANO518", "geox": 602096.0, "geoy": 128166.0 }, "geometry": { "type": "MultiPoint", "coordinates": [ [ 653646.197749096201733, 6861719.459088302217424 ] ] } },
{ "type": "Feature", "properties": { "gid": 9295, "id_num_sca": "ADO75CA_ANO519", "id_parc": "PA10917", "quartier": "Marais", "nom_entier": "Rue Saint Antoine", "num_voies": "173", "num_sca": "ADO75CA_ANO518", "geox": 602091.0, "geoy": 128167.0 }, "geometry": { "type": "MultiPoint", "coordinates": [ [ 653654.722120054764673, 6861717.935392997227609 ] ] } },
{ "type": "Feature", "properties": { "gid": 9296, "id_num_sca": "ADO75CA_ANO519", "id_parc": "PA10916", "quartier": "Marais", "nom_entier": "Rue Jean Beau Sire", "num_voies": "219", "num_sca": "ADO75CA_ANO519", "geox": 602330.0, "geoy": 128154.0 }, "geometry": { "type": "MultiPoint", "coordinates": [ [ 653639.150264256633818, 6861737.754270202480257 ] ] } },
{ "type": "Feature", "properties": { "gid": 9297, "id_num_sca": "ADO75CA_ANO519", "id_parc": "PA10919", "quartier": "Marais", "nom_entier": "Rue Jean Beau Sire", "num_voies": "221", "num_sca": "ADO75CA_ANO519", "geox": 602339.0, "geoy": 128153.0 }, "geometry": { "type": "MultiPoint", "coordinates": [ [ 653639.350950664840639, 6861747.799706541933119 ] ] } },
{ "type": "Feature", "properties": { "gid": 9298, "id_num_sca": "ADO75CA_ANO519", "id_parc": "PA10922", "quartier": "Marais", "nom_entier": "Rue Jean Beau Sire", "num_voies": "2", "num_sca": "ADO75CA_ANO519", "geox": 602323.0, "geoy": 128172.0 }, "geometry": { "type": "MultiPoint", "coordinates": [ [ 653639.28717711486388, 6861760.92539303842932 ] ] } },
{ "type": "Feature", "properties": { "gid": 9299, "id_num_sca": "ADO75CA_ANO519", "id_parc": "PA10291", "quartier": "Marais", "nom_entier": "Rue Jean Beau Sire", "num_voies": "4", "num_sca": "ADO75CA_ANO519", "geox": 602323.0, "geoy": 128182.0 }, "geometry": { "type": "MultiPoint", "coordinates": [ [ 653639.399167104973458, 6861781.134859541431069 ] ] } },
{ "type": "Feature", "properties": { "gid": 9300, "id_num_sca": "ADO75CA_ANO519", "id_parc": "PA10920", "quartier": "Marais", "nom_entier": "Rue Jean Beau Sire", "num_voies": "6", "num_sca": "ADO75CA_ANO519", "geox": 602323.0, "geoy": 128196.0 }, "geometry": { "type": "MultiPoint", "coordinates": [ [ 653639.463754747179337, 6861795.711366052739322 ] ] } },
{ "type": "Feature", "properties": { "gid": 9301, "id_num_sca": "ADO75CA_ANO519", "id_parc": "PA10921", "quartier": "Marais", "nom_entier": "Rue Jean Beau Sire", "num_voies": "8", "num_sca": "ADO75CA_ANO519", "geox": 602323.0, "geoy": 128216.0 }, "geometry": { "type": "MultiPoint", "coordinates": [ [ 653639.166226809495129, 6861808.664798855781555 ] ] } },
{ "type": "Feature", "properties": { "gid": 9302, "id_num_sca": "ADO75CA_ANO519", "id_parc": "PA10921", "quartier": "Marais", "nom_entier": "Rue Jean Beau Sire", "num_voies": "10", "num_sca": "ADO75CA_ANO519", "geox": 602323.0, "geoy": 128230.0 }, "geometry": { "type": "MultiPoint", "coordinates": [ [ 653665.617852170020342, 6861811.868481579236686 ] ] } },
{ "type": "Feature", "properties": { "gid": 9303, "id_num_sca": "ADO75CA_ANO519", "id_parc": "PA10920", "quartier": "Marais", "nom_entier": "Rue Jean Beau Sire", "num_voies": "12", "num_sca": "ADO75CA_ANO519", "geox": 602322.0, "geoy": 128243.0 }, "geometry": { "type": "MultiPoint", "coordinates": [ [ 653670.598689357051626, 6861796.436413365416229 ] ] } },
{ "type": "Feature", "properties": { "gid": 9304, "id_num_sca": "ADO75CA_ANO519", "id_parc": "PA10291", "quartier": "Marais", "nom_entier": "Boulevard Beaumarchais", "num_voies": "13", "num_sca": "ADO75CA_ANO519", "geox": 602349.0, "geoy": 128247.0 }, "geometry": { "type": "MultiPoint", "coordinates": [ [ 653672.74034754128661, 6861781.783247787505388 ] ] } },
{ "type": "Feature", "properties": { "gid": 9305, "id_num_sca": "ADO75CA_ANO519", "id_parc": "PA10922", "quartier": "Marais", "nom_entier": "Boulevard Beaumarchais", "num_voies": "11", "num_sca": "ADO75CA_ANO519", "geox": 602354.0, "geoy": 128231.0 }, "geometry": { "type": "MultiPoint", "coordinates": [ [ 653674.263654748909175, 6861762.663448971696198 ] ] } },
{ "type": "Feature", "properties": { "gid": 9306, "id_num_sca": "ADO75CA_ANO519", "id_parc": "PA10922", "quartier": "Marais", "nom_entier": "Boulevard Beaumarchais", "num_voies": "9", "num_sca": "ADO75CA_ANO519", "geox": 602356.0, "geoy": 128217.0 }, "geometry": { "type": "MultiPoint", "coordinates": [ [ 653674.015644839033484, 6861753.896079434081912 ] ] } },
{ "type": "Feature", "properties": { "gid": 9307, "id_num_sca": "ADO75CA_ANO519", "id_parc": "PA10919", "quartier": "Marais", "nom_entier": "Boulevard Beaumarchais", "num_voies": "7", "num_sca": "ADO75CA_ANO519", "geox": 602358.0, "geoy": 128198.0 }, "geometry": { "type": "MultiPoint", "coordinates": [ [ 653673.760793154942803, 6861744.315705863758922 ] ] } },
{ "type": "Feature", "properties": { "gid": 9308, "id_num_sca": "ADO75CA_ANO519", "id_parc": "PA10918", "quartier": "Marais", "nom_entier": "Boulevard Beaumarchais", "num_voies": "5", "num_sca": "ADO75CA_ANO519", "geox": 602358.0, "geoy": 128189.0 }, "geometry": { "type": "MultiPoint", "coordinates": [ [ 653673.676164719974622, 6861727.358263642527163 ] ] } },
{ "type": "Feature", "properties": { "gid": 9309, "id_num_sca": "ADO75CA_ANO520", "id_parc": "PA10912", "quartier": "Marais", "nom_entier": "Boulevard Beaumarchais", "num_voies": "3", "num_sca": "ADO75CA_ANO519", "geox": 602357.0, "geoy": 128179.0 }, "geometry": { "type": "MultiPoint", "coordinates": [ [ 653630.762317730346695, 6861720.982916398905218 ] ] } },
{ "type": "Feature", "properties": { "gid": 9310, "id_num_sca": "ADO75CA_ANO520", "id_parc": "PA10292", "quartier": "Marais", "nom_entier": "Boulevard Beaumarchais", "num_voies": "1", "num_sca": "ADO75CA_ANO519", "geox": 602358.0, "geoy": 128162.0 }, "geometry": { "type": "MultiPoint", "coordinates": [ [ 653623.107072027167305, 6861722.26698636636138 ] ] } },
{ "type": "Feature", "properties": { "gid": 9311, "id_num_sca": "ADO75CA_ANO520", "id_parc": "PA10913", "quartier": "Marais", "nom_entier": "Rue Jean Beau Sire", "num_voies": "217", "num_sca": "ADO75CA_ANO520", "geox": 602315.0, "geoy": 128156.0 }, "geometry": { "type": "MultiPoint", "coordinates": [ [ 653616.669872793834656, 6861723.366569293662906 ] ] } },
{ "type": "Feature", "properties": { "gid": 9312, "id_num_sca": "ADO75CA_ANO520", "id_parc": "PA10908", "quartier": "Marais", "nom_entier": "Rue Jean Beau Sire", "num_voies": "215", "num_sca": "ADO75CA_ANO520", "geox": 602307.0, "geoy": 128157.0 }, "geometry": { "type": "MultiPoint", "coordinates": [ [ 653608.780872667906806, 6861724.478379549458623 ] ] } },
{ "type": "Feature", "properties": { "gid": 9313, "id_num_sca": "ADO75CA_ANO520", "id_parc": "PA10910", "quartier": "Marais", "nom_entier": "Rue Jean Beau Sire", "num_voies": "213", "num_sca": "ADO75CA_ANO520", "geox": 602301.0, "geoy": 128158.0 }, "geometry": { "type": "MultiPoint", "coordinates": [ [ 653597.694001341471449, 6861725.152515893802047 ] ] } },
{ "type": "Feature", "properties": { "gid": 9314, "id_num_sca": "ADO75CA_ANO520", "id_parc": "PA10910", "quartier": "Marais", "nom_entier": "Rue Saint Antoine", "num_voies": "211", "num_sca": "ADO75CA_ANO520", "geox": 602293.0, "geoy": 128159.0 }, "geometry": { "type": "MultiPoint", "coordinates": [ [ 653590.964486935175955, 6861726.022255969233811 ] ] } },
{ "type": "Feature", "properties": { "gid": 9315, "id_num_sca": "ADO75CA_ANO520", "id_parc": "PA10910", "quartier": "Marais", "nom_entier": "Rue des Tournelles", "num_voies": "209", "num_sca": "ADO75CA_ANO520", "geox": 602282.0, "geoy": 128159.0 }, "geometry": { "type": "MultiPoint", "coordinates": [ [ 653582.936531846178696, 6861738.227726325392723 ] ] } },
{ "type": "Feature", "properties": { "gid": 9316, "id_num_sca": "ADO75CA_ANO520", "id_parc": "PA10909", "quartier": "Marais", "nom_entier": "Rue des Tournelles", "num_voies": "207", "num_sca": "ADO75CA_ANO520", "geox": 602275.0, "geoy": 128160.0 }, "geometry": { "type": "MultiPoint", "coordinates": [ [ 653582.39246075344272, 6861742.587999234907329 ] ] } },
{ "type": "Feature", "properties": { "gid": 9317, "id_num_sca": "ADO75CA_ANO520", "id_parc": "PA10915", "quartier": "Marais", "nom_entier": "Rue des Tournelles", "num_voies": "2", "num_sca": "ADO75CA_ANO520", "geox": 602267.0, "geoy": 128172.0 }, "geometry": { "type": "MultiPoint", "coordinates": [ [ 653581.707890814170241, 6861750.956691269762814 ] ] } },
{ "type": "Feature", "properties": { "gid": 9318, "id_num_sca": "ADO75CA_ANO520", "id_parc": "PA10906", "quartier": "Marais", "nom_entier": "Rue des Tournelles", "num_voies": "4", "num_sca": "ADO75CA_ANO520", "geox": 602266.0, "geoy": 128177.0 }, "geometry": { "type": "MultiPoint", "coordinates": [ [ 653581.252188371960074, 6861758.91692512575537 ] ] } },
{ "type": "Feature", "properties": { "gid": 9319, "id_num_sca": "ADO75CA_ANO520", "id_parc": "PA10907", "quartier": "Marais", "nom_entier": "Rue des Tournelles", "num_voies": "6", "num_sca": "ADO75CA_ANO520", "geox": 602265.0, "geoy": 128185.0 }, "geometry": { "type": "MultiPoint", "coordinates": [ [ 653580.94284860312473, 6861763.565601240843534 ] ] } },
{ "type": "Feature", "properties": { "gid": 9320, "id_num_sca": "ADO75CA_ANO520", "id_parc": "PA10902", "quartier": "Marais", "nom_entier": "Rue des Tournelles", "num_voies": "8", "num_sca": "ADO75CA_ANO520", "geox": 602265.0, "geoy": 128193.0 }, "geometry": { "type": "MultiPoint", "coordinates": [ [ 653579.772689804201946, 6861769.441121175885201 ] ] } },
{ "type": "Feature", "properties": { "gid": 9321, "id_num_sca": "ADO75CA_ANO520", "id_parc": "PA10903", "quartier": "Marais", "nom_entier": "Rue des Tournelles", "num_voies": "10", "num_sca": "ADO75CA_ANO520", "geox": 602264.0, "geoy": 128198.0 }, "geometry": { "type": "MultiPoint", "coordinates": [ [ 653578.38587963860482, 6861777.176894600503147 ] ] } },
{ "type": "Feature", "properties": { "gid": 9322, "id_num_sca": "ADO75CA_ANO520", "id_parc": "PA10901", "quartier": "Marais", "nom_entier": "Rue des Tournelles", "num_voies": "12", "num_sca": "ADO75CA_ANO520", "geox": 602263.0, "geoy": 128204.0 }, "geometry": { "type": "MultiPoint", "coordinates": [ [ 653576.093938177800737, 6861794.677042639814317 ] ] } },
{ "type": "Feature", "properties": { "gid": 9323, "id_num_sca": "ADO75CA_ANO520", "id_parc": "PA10900", "quartier": "Marais", "nom_entier": "Rue des Tournelles", "num_voies": "14", "num_sca": "ADO75CA_ANO520", "geox": 602262.0, "geoy": 128211.0 }, "geometry": { "type": "MultiPoint", "coordinates": [ [ 653575.743628937401809, 6861801.358721803873777 ] ] } },
{ "type": "Feature", "properties": { "gid": 9324, "id_num_sca": "ADO75CA_ANO520", "id_parc": "PA10899", "quartier": "Marais", "nom_entier": "Rue des Tournelles", "num_voies": "16", "num_sca": "ADO75CA_ANO520", "geox": 602259.0, "geoy": 128229.0 }, "geometry": { "type": "MultiPoint", "coordinates": [ [ 653575.395762925618328, 6861808.330760292708874 ] ] } },
{ "type": "Feature", "properties": { "gid": 9325, "id_num_sca": "ADO75CA_ANO520", "id_parc": "PA10898", "quartier": "Marais", "nom_entier": "Rue des Tournelles", "num_voies": "18", "num_sca": "ADO75CA_ANO520", "geox": 602259.0, "geoy": 128236.0 }, "geometry": { "type": "MultiPoint", "coordinates": [ [ 653576.067861959687434, 6861819.185294995084405 ] ] } },
{ "type": "Feature", "properties": { "gid": 9326, "id_num_sca": "ADO75CA_ANO520", "id_parc": "PA10890", "quartier": "Marais", "nom_entier": "Rue des Tournelles", "num_voies": "20", "num_sca": "ADO75CA_ANO520", "geox": 602259.0, "geoy": 128242.0 }, "geometry": { "type": "MultiPoint", "coordinates": [ [ 653576.353002710500732, 6861832.36612643674016 ] ] } },
{ "type": "Feature", "properties": { "gid": 9327, "id_num_sca": "ADO75CA_ANO520", "id_parc": "PA10889", "quartier": "Marais", "nom_entier": "Rue des Tournelles", "num_voies": "22", "num_sca": "ADO75CA_ANO520", "geox": 602259.0, "geoy": 128253.0 }, "geometry": { "type": "MultiPoint", "coordinates": [ [ 653576.885580157744698, 6861847.345229065977037 ] ] } },
{ "type": "Feature", "properties": { "gid": 9328, "id_num_sca": "ADO75CA_ANO520", "id_parc": "PA10892", "quartier": "Marais", "nom_entier": "Rue des Tournelles", "num_voies": "24", "num_sca": "ADO75CA_ANO520", "geox": 602259.0, "geoy": 128267.0 }, "geometry": { "type": "MultiPoint", "coordinates": [ [ 653577.136515209218487, 6861856.461036430671811 ] ] } },
{ "type": "Feature", "properties": { "gid": 9329, "id_num_sca": "ADO75CA_ANO520", "id_parc": "PA10892", "quartier": "Marais", "nom_entier": "Rue des Tournelles", "num_voies": "26", "num_sca": "ADO75CA_ANO520", "geox": 602260.0, "geoy": 128282.0 }, "geometry": { "type": "MultiPoint", "coordinates": [ [ 653577.297126978985034, 6861861.744593541137874 ] ] } },
{ "type": "Feature", "properties": { "gid": 9330, "id_num_sca": "ADO75CA_ANO520", "id_parc": "PA10886", "quartier": "Marais", "nom_entier": "Rue des Tournelles", "num_voies": "28", "num_sca": "ADO75CA_ANO520", "geox": 602260.0, "geoy": 128291.0 }, "geometry": { "type": "MultiPoint", "coordinates": [ [ 653577.461237172828987, 6861874.34568954911083 ] ] } },
{ "type": "Feature", "properties": { "gid": 9331, "id_num_sca": "ADO75CA_ANO520", "id_parc": "PA10885", "quartier": "Marais", "nom_entier": "Rue des Tournelles", "num_voies": "30", "num_sca": "ADO75CA_ANO520", "geox": 602260.0, "geoy": 128296.0 }, "geometry": { "type": "MultiPoint", "coordinates": [ [ 653577.851361147593707, 6861893.100933712907135 ] ] } },
{ "type": "Feature", "properties": { "gid": 9332, "id_num_sca": "ADO75CA_ANO520", "id_parc": "PA10885", "quartier": "Marais", "nom_entier": "Rue des Tournelles", "num_voies": "32", "num_sca": "ADO75CA_ANO520", "geox": 602260.0, "geoy": 128309.0 }, "geometry": { "type": "MultiPoint", "coordinates": [ [ 653578.203780912328511, 6861900.473611234687269 ] ] } },
{ "type": "Feature", "properties": { "gid": 9333, "id_num_sca": "ADO75CA_ANO520", "id_parc": "PA10888", "quartier": "Marais", "nom_entier": "Rue des Tournelles", "num_voies": "34", "num_sca": "ADO75CA_ANO520", "geox": 602260.0, "geoy": 128327.0 }, "geometry": { "type": "MultiPoint", "coordinates": [ [ 653578.012539484654553, 6861905.353601943701506 ] ] } },
{ "type": "Feature", "properties": { "gid": 9334, "id_num_sca": "ADO75CA_ANO520", "id_parc": "PA10884", "quartier": "Marais", "nom_entier": "Rue des Tournelles", "num_voies": "36", "num_sca": "ADO75CA_ANO520", "geox": 602261.0, "geoy": 128335.0 }, "geometry": { "type": "MultiPoint", "coordinates": [ [ 653578.330264762276784, 6861908.603179489262402 ] ] } },
{ "type": "Feature", "properties": { "gid": 9335, "id_num_sca": "ADO75CA_ANO520", "id_parc": "PA10884", "quartier": "Marais", "nom_entier": "Rue des Tournelles", "num_voies": "38", "num_sca": "ADO75CA_ANO520", "geox": 602260.0, "geoy": 128340.0 }, "geometry": { "type": "MultiPoint", "coordinates": [ [ 653578.361050045350567, 6861912.261705474928021 ] ] } },
{ "type": "Feature", "properties": { "gid": 9336, "id_num_sca": "ADO75CA_ANO520", "id_parc": "PA10882", "quartier": "Marais", "nom_entier": "Rue des Tournelles", "num_voies": "40", "num_sca": "ADO75CA_ANO520", "geox": 602261.0, "geoy": 128343.0 }, "geometry": { "type": "MultiPoint", "coordinates": [ [ 653578.522150578908622, 6861917.603336868807673 ] ] } },
{ "type": "Feature", "properties": { "gid": 9337, "id_num_sca": "ADO75CA_ANO520", "id_parc": "PA10883", "quartier": "Marais", "nom_entier": "Rue des Tournelles", "num_voies": "42", "num_sca": "ADO75CA_ANO520", "geox": 602261.0, "geoy": 128346.0 }, "geometry": { "type": "MultiPoint", "coordinates": [ [ 653578.428073682822287, 6861927.128587012179196 ] ] } },
{ "type": "Feature", "properties": { "gid": 9338, "id_num_sca": "ADO75CA_ANO520", "id_parc": "PA10881", "quartier": "Marais", "nom_entier": "Rue des Tournelles", "num_voies": "44", "num_sca": "ADO75CA_ANO520", "geox": 602261.0, "geoy": 128352.0 }, "geometry": { "type": "MultiPoint", "coordinates": [ [ 653578.436947334674187, 6861935.084919686429203 ] ] } },
{ "type": "Feature", "properties": { "gid": 9339, "id_num_sca": "ADO75CA_ANO520", "id_parc": "PA10888", "quartier": "Marais", "nom_entier": "Rue des Tournelles", "num_voies": "46", "num_sca": "ADO75CA_ANO520", "geox": 602261.0, "geoy": 128361.0 }, "geometry": { "type": "MultiPoint", "coordinates": [ [ 653655.027812356129289, 6861899.187727637588978 ] ] } },
{ "type": "Feature", "properties": { "gid": 9340, "id_num_sca": "ADO75CA_ANO520", "id_parc": "PA10886", "quartier": "Marais", "nom_entier": "Rue des Tournelles", "num_voies": "48", "num_sca": "ADO75CA_ANO520", "geox": 602261.0, "geoy": 128369.0 }, "geometry": { "type": "MultiPoint", "coordinates": [ [ 653658.165414207382128, 6861878.660491056740284 ] ] } },
{ "type": "Feature", "properties": { "gid": 9341, "id_num_sca": "ADO75CA_ANO520", "id_parc": "PA10894", "quartier": "Marais", "nom_entier": "Boulevard Beaumarchais", "num_voies": "21", "num_sca": "ADO75CA_ANO520", "geox": 602337.0, "geoy": 128334.0 }, "geometry": { "type": "MultiPoint", "coordinates": [ [ 653662.813701566192321, 6861844.414614414796233 ] ] } },
{ "type": "Feature", "properties": { "gid": 9342, "id_num_sca": "ADO75CA_ANO520", "id_parc": "PA10891", "quartier": "Marais", "nom_entier": "Boulevard Beaumarchais", "num_voies": "19", "num_sca": "ADO75CA_ANO520", "geox": 602341.0, "geoy": 128314.0 }, "geometry": { "type": "MultiPoint", "coordinates": [ [ 653632.721770928474143, 6861857.212471127510071 ] ] } },
{ "type": "Feature", "properties": { "gid": 9343, "id_num_sca": "ADO75CA_ANO520", "id_parc": "PA10889", "quartier": "Marais", "nom_entier": "Boulevard Beaumarchais", "num_voies": "17", "num_sca": "ADO75CA_ANO520", "geox": 602346.0, "geoy": 128279.0 }, "geometry": { "type": "MultiPoint", "coordinates": [ [ 653632.802649139775895, 6861846.1192875392735 ] ] } },
{ "type": "Feature", "properties": { "gid": 9344, "id_num_sca": "ADO75CA_ANO520", "id_parc": "PA10895", "quartier": "Marais", "nom_entier": "Impasse Jean Beau Sire", "num_voies": "23", "num_sca": "ADO75CA_ANO520", "geox": 602315.0, "geoy": 128292.0 }, "geometry": { "type": "MultiPoint", "coordinates": [ [ 653632.895744353998452, 6861836.477900095283985 ] ] } },
{ "type": "Feature", "properties": { "gid": 9345, "id_num_sca": "ADO75CA_ANO520", "id_parc": "PA10898", "quartier": "Marais", "nom_entier": "Impasse Jean Beau Sire", "num_voies": "21", "num_sca": "ADO75CA_ANO520", "geox": 602316.0, "geoy": 128281.0 }, "geometry": { "type": "MultiPoint", "coordinates": [ [ 653632.721447154064663, 6861829.568333677947521 ] ] } },
{ "type": "Feature", "properties": { "gid": 9346, "id_num_sca": "ADO75CA_ANO520", "id_parc": "PA10897", "quartier": "Marais", "nom_entier": "Impasse Jean Beau Sire", "num_voies": "19", "num_sca": "ADO75CA_ANO520", "geox": 602316.0, "geoy": 128271.0 }, "geometry": { "type": "MultiPoint", "coordinates": [ [ 653633.65825733973179, 6861816.667590156197548 ] ] } },
{ "type": "Feature", "properties": { "gid": 9347, "id_num_sca": "ADO75CA_ANO520", "id_parc": "PA10896", "quartier": "Marais", "nom_entier": "Impasse Jean Beau Sire", "num_voies": "17", "num_sca": "ADO75CA_ANO520", "geox": 602316.0, "geoy": 128264.0 }, "geometry": { "type": "MultiPoint", "coordinates": [ [ 653633.917749754851684, 6861806.095589039847255 ] ] } },
{ "type": "Feature", "properties": { "gid": 9348, "id_num_sca": "ADO75CA_ANO520", "id_parc": "PA10901", "quartier": "Marais", "nom_entier": "Rue Jean Beau Sire", "num_voies": "15", "num_sca": "ADO75CA_ANO520", "geox": 602317.0, "geoy": 128251.0 }, "geometry": { "type": "MultiPoint", "coordinates": [ [ 653633.098225955851376, 6861791.525439817458391 ] ] } },
{ "type": "Feature", "properties": { "gid": 9349, "id_num_sca": "ADO75CA_ANO520", "id_parc": "PA10902", "quartier": "Marais", "nom_entier": "Rue Jean Beau Sire", "num_voies": "13", "num_sca": "ADO75CA_ANO520", "geox": 602317.0, "geoy": 128241.0 }, "geometry": { "type": "MultiPoint", "coordinates": [ [ 653634.163723507896066, 6861766.311527609825134 ] ] } },
{ "type": "Feature", "properties": { "gid": 9350, "id_num_sca": "ADO75CA_ANO520", "id_parc": "PA10905", "quartier": "Marais", "nom_entier": "Rue Jean Beau Sire", "num_voies": "11", "num_sca": "ADO75CA_ANO520", "geox": 602316.0, "geoy": 128226.0 }, "geometry": { "type": "MultiPoint", "coordinates": [ [ 653633.742477673804387, 6861757.661768618971109 ] ] } },
{ "type": "Feature", "properties": { "gid": 9351, "id_num_sca": "ADO75CA_ANO520", "id_parc": "PA10904", "quartier": "Marais", "nom_entier": "Rue Jean Beau Sire", "num_voies": "9", "num_sca": "ADO75CA_ANO520", "geox": 602318.0, "geoy": 128201.0 }, "geometry": { "type": "MultiPoint", "coordinates": [ [ 653633.571112591191195, 6861751.100637282244861 ] ] } },
{ "type": "Feature", "properties": { "gid": 9352, "id_num_sca": "ADO75CA_ANO520", "id_parc": "PA10914", "quartier": "Marais", "nom_entier": "Rue Jean Beau Sire", "num_voies": "7", "num_sca": "ADO75CA_ANO520", "geox": 602317.0, "geoy": 128192.0 }, "geometry": { "type": "MultiPoint", "coordinates": [ [ 653633.406589062302373, 6861745.352510968223214 ] ] } },
{ "type": "Feature", "properties": { "gid": 9353, "id_num_sca": "ADO75CA_ANO520", "id_parc": "PA10911", "quartier": "Marais", "nom_entier": "Rue Jean Beau Sire", "num_voies": "5", "num_sca": "ADO75CA_ANO520", "geox": 602317.0, "geoy": 128186.0 }, "geometry": { "type": "MultiPoint", "coordinates": [ [ 653633.696379544446245, 6861738.380965045653284 ] ] } },
{ "type": "Feature", "properties": { "gid": 9354, "id_num_sca": "ADO75CA_ANO521", "id_parc": "PA10489", "quartier": "Marais", "nom_entier": "Rue Jean Beau Sire", "num_voies": "3", "num_sca": "ADO75CA_ANO520", "geox": 602317.0, "geoy": 128180.0 }, "geometry": { "type": "MultiPoint", "coordinates": [ [ 653579.672915496397763, 6861966.739982358179986 ] ] } },
{ "type": "Feature", "properties": { "gid": 9382, "id_num_sca": "ADO75CA_ANO522", "id_parc": "PA10511", "quartier": "Marais", "nom_entier": "Boulevard Beaumarchais", "num_voies": "27", "num_sca": "ADO75CA_ANO521", "geox": 602329.0, "geoy": 128393.0 }, "geometry": { "type": "MultiPoint", "coordinates": [ [ 653382.488299470511265, 6862005.196488909423351 ] ] } },
{ "type": "Feature", "properties": { "gid": 9383, "id_num_sca": "ADO75CA_ANO523", "id_parc": "PA10496", "quartier": "Marais", "nom_entier": "Rue de la Chaussée des Minimes", "num_voies": "1", "num_sca": "ADO75CA_ANO522", "geox": 602156.0, "geoy": 128476.0 }, "geometry": { "type": "MultiPoint", "coordinates": [ [ 653555.79514156805817, 6861961.833317155949771 ] ] } },
{ "type": "Feature", "properties": { "gid": 9533, "id_num_sca": "ADO75CA_ANO491", "id_parc": "PA25927", "quartier": "Popincourt", "nom_entier": "Rue de Lappe", "num_voies": "1", "num_sca": "ADO75CA_ANO491", "geox": 602577.0, "geoy": 128209.0 }, "geometry": { "type": "MultiPoint", "coordinates": [ [ 653909.924173377337866, 6861758.859071832150221 ] ] } },
{ "type": "Feature", "properties": { "gid": 9534, "id_num_sca": "ADO75CA_ANO491", "id_parc": "PA25925", "quartier": "Popincourt", "nom_entier": "Rue de Lappe", "num_voies": "3", "num_sca": "ADO75CA_ANO491", "geox": 602586.0, "geoy": 128202.0 }, "geometry": { "type": "MultiPoint", "coordinates": [ [ 653916.572855654172599, 6861752.80869753472507 ] ] } },
{ "type": "Feature", "properties": { "gid": 9535, "id_num_sca": "ADO75CA_ANO491", "id_parc": "PA25926", "quartier": "Popincourt", "nom_entier": "Rue de Lappe", "num_voies": "5", "num_sca": "ADO75CA_ANO491", "geox": 602593.0, "geoy": 128196.0 }, "geometry": { "type": "MultiPoint", "coordinates": [ [ 653924.832748793298379, 6861745.475354990921915 ] ] } },
{ "type": "Feature", "properties": { "gid": 9536, "id_num_sca": "ADO75CA_ANO491", "id_parc": "PA25924", "quartier": "Popincourt", "nom_entier": "Rue de Lappe", "num_voies": "7", "num_sca": "ADO75CA_ANO491", "geox": 602600.0, "geoy": 128190.0 }, "geometry": { "type": "MultiPoint", "coordinates": [ [ 653931.835796391940676, 6861739.63356058485806 ] ] } },
{ "type": "Feature", "properties": { "gid": 9537, "id_num_sca": "ADO75CA_ANO491", "id_parc": "PA25936", "quartier": "Popincourt", "nom_entier": "Rue de Lappe", "num_voies": "9", "num_sca": "ADO75CA_ANO491", "geox": 602609.0, "geoy": 128183.0 }, "geometry": { "type": "MultiPoint", "coordinates": [ [ 653937.014299746602774, 6861734.864966047927737 ] ] } },
{ "type": "Feature", "properties": { "gid": 9538, "id_num_sca": "ADO75CA_ANO491", "id_parc": "PA25932", "quartier": "Popincourt", "nom_entier": "Rue de Lappe", "num_voies": "11", "num_sca": "ADO75CA_ANO491", "geox": 602616.0, "geoy": 128177.0 }, "geometry": { "type": "MultiPoint", "coordinates": [ [ 653941.212684885249473, 6861730.950891489163041 ] ] } },
{ "type": "Feature", "properties": { "gid": 9539, "id_num_sca": "ADO75CA_ANO491", "id_parc": "PA25933", "quartier": "Popincourt", "nom_entier": "Rue de Lappe", "num_voies": "13", "num_sca": "ADO75CA_ANO491", "geox": 602621.0, "geoy": 128172.0 }, "geometry": { "type": "MultiPoint", "coordinates": [ [ 653945.483961306628771, 6861727.318290244787931 ] ] } },
{ "type": "Feature", "properties": { "gid": 9540, "id_num_sca": "ADO75CA_ANO491", "id_parc": "PA25934", "quartier": "Popincourt", "nom_entier": "Rue de Lappe", "num_voies": "15", "num_sca": "ADO75CA_ANO491", "geox": 602625.0, "geoy": 128168.0 }, "geometry": { "type": "MultiPoint", "coordinates": [ [ 653949.335102230892517, 6861724.041837982833385 ] ] } },
{ "type": "Feature", "properties": { "gid": 9541, "id_num_sca": "ADO75CA_ANO491", "id_parc": "PA25935", "quartier": "Popincourt", "nom_entier": "Rue de Lappe", "num_voies": "15bis", "num_sca": "ADO75CA_ANO491", "geox": 602629.0, "geoy": 128165.0 }, "geometry": { "type": "MultiPoint", "coordinates": [ [ 653954.16517341742292, 6861719.76983192935586 ] ] } },
{ "type": "Feature", "properties": { "gid": 9542, "id_num_sca": "ADO75CA_ANO491", "id_parc": "PA25931", "quartier": "Popincourt", "nom_entier": "Rue de Lappe", "num_voies": "17", "num_sca": "ADO75CA_ANO491", "geox": 602633.0, "geoy": 128161.0 }, "geometry": { "type": "MultiPoint", "coordinates": [ [ 653959.063387082191184, 6861715.215164294466376 ] ] } },
{ "type": "Feature", "properties": { "gid": 9543, "id_num_sca": "ADO75CA_ANO491", "id_parc": "PA25944", "quartier": "Popincourt", "nom_entier": "Rue de Lappe", "num_voies": "19", "num_sca": "ADO75CA_ANO491", "geox": 602638.0, "geoy": 128157.0 }, "geometry": { "type": "MultiPoint", "coordinates": [ [ 653965.855473365052603, 6861709.445668593980372 ] ] } },
{ "type": "Feature", "properties": { "gid": 9544, "id_num_sca": "ADO75CA_ANO491", "id_parc": "PA25945", "quartier": "Popincourt", "nom_entier": "Rue de Lappe", "num_voies": "21", "num_sca": "ADO75CA_ANO491", "geox": 602643.0, "geoy": 128153.0 }, "geometry": { "type": "MultiPoint", "coordinates": [ [ 653974.747640922083519, 6861701.824910670518875 ] ] } },
{ "type": "Feature", "properties": { "gid": 9545, "id_num_sca": "ADO75CA_ANO491", "id_parc": "PA25943", "quartier": "Popincourt", "nom_entier": "Rue de Lappe", "num_voies": "23", "num_sca": "ADO75CA_ANO491", "geox": 602650.0, "geoy": 128147.0 }, "geometry": { "type": "MultiPoint", "coordinates": [ [ 653984.971323294448666, 6861693.205628066323698 ] ] } },
{ "type": "Feature", "properties": { "gid": 9546, "id_num_sca": "ADO75CA_ANO491", "id_parc": "PA25941", "quartier": "Popincourt", "nom_entier": "Rue de Lappe", "num_voies": "25", "num_sca": "ADO75CA_ANO491", "geox": 602659.0, "geoy": 128139.0 }, "geometry": { "type": "MultiPoint", "coordinates": [ [ 653992.328138188226148, 6861687.501895603723824 ] ] } },
{ "type": "Feature", "properties": { "gid": 9547, "id_num_sca": "ADO75CA_ANO491", "id_parc": "PA25942", "quartier": "Popincourt", "nom_entier": "Rue de Lappe", "num_voies": "29", "num_sca": "ADO75CA_ANO491", "geox": 602669.0, "geoy": 128131.0 }, "geometry": { "type": "MultiPoint", "coordinates": [ [ 653997.718782151001506, 6861682.802034906111658 ] ] } },
{ "type": "Feature", "properties": { "gid": 9548, "id_num_sca": "ADO75CA_ANO491", "id_parc": "PA25940", "quartier": "Popincourt", "nom_entier": "Rue de Lappe", "num_voies": "31", "num_sca": "ADO75CA_ANO491", "geox": 602677.0, "geoy": 128125.0 }, "geometry": { "type": "MultiPoint", "coordinates": [ [ 654003.53015425580088, 6861677.816541891545057 ] ] } },
{ "type": "Feature", "properties": { "gid": 9549, "id_num_sca": "ADO75CA_ANO491", "id_parc": "PA25981", "quartier": "Popincourt", "nom_entier": "Rue de Lappe", "num_voies": "33", "num_sca": "ADO75CA_ANO491", "geox": 602682.0, "geoy": 128121.0 }, "geometry": { "type": "MultiPoint", "coordinates": [ [ 654010.88103112380486, 6861671.407640741206706 ] ] } },
{ "type": "Feature", "properties": { "gid": 9550, "id_num_sca": "ADO75CA_ANO491", "id_parc": "PA25983", "quartier": "Popincourt", "nom_entier": "Rue de Lappe", "num_voies": "35", "num_sca": "ADO75CA_ANO491", "geox": 602688.0, "geoy": 128116.0 }, "geometry": { "type": "MultiPoint", "coordinates": [ [ 654017.813553266925737, 6861665.566439050249755 ] ] } },
{ "type": "Feature", "properties": { "gid": 9551, "id_num_sca": "ADO75CA_ANO491", "id_parc": "PA25984", "quartier": "Popincourt", "nom_entier": "Rue de Lappe", "num_voies": "37", "num_sca": "ADO75CA_ANO491", "geox": 602695.0, "geoy": 128109.0 }, "geometry": { "type": "MultiPoint", "coordinates": [ [ 654025.026956135290675, 6861659.581826948560774 ] ] } },
{ "type": "Feature", "properties": { "gid": 9552, "id_num_sca": "ADO75CA_ANO491", "id_parc": "PA25985", "quartier": "Popincourt", "nom_entier": "Rue de Lappe", "num_voies": "39", "num_sca": "ADO75CA_ANO491", "geox": 602702.0, "geoy": 128103.0 }, "geometry": { "type": "MultiPoint", "coordinates": [ [ 654034.228444259264506, 6861652.1474598813802 ] ] } },
{ "type": "Feature", "properties": { "gid": 9553, "id_num_sca": "ADO75CA_ANO491", "id_parc": "PA25982", "quartier": "Popincourt", "nom_entier": "Rue de Lappe", "num_voies": "41", "num_sca": "ADO75CA_ANO491", "geox": 602709.0, "geoy": 128098.0 }, "geometry": { "type": "MultiPoint", "coordinates": [ [ 654042.629086511093192, 6861645.36149497050792 ] ] } },
{ "type": "Feature", "properties": { "gid": 9554, "id_num_sca": "ADO75CA_ANO491", "id_parc": "PA25987", "quartier": "Popincourt", "nom_entier": "Rue de Lappe", "num_voies": "43", "num_sca": "ADO75CA_ANO491", "geox": 602719.0, "geoy": 128090.0 }, "geometry": { "type": "MultiPoint", "coordinates": [ [ 654050.93171074858401, 6861639.553882081061602 ] ] } },
{ "type": "Feature", "properties": { "gid": 9555, "id_num_sca": "ADO75CA_ANO491", "id_parc": "PA25986", "quartier": "Popincourt", "nom_entier": "Rue de Lappe", "num_voies": "45", "num_sca": "ADO75CA_ANO491", "geox": 602727.0, "geoy": 128083.0 }, "geometry": { "type": "MultiPoint", "coordinates": [ [ 654058.494727763230912, 6861634.241264062933624 ] ] } },
{ "type": "Feature", "properties": { "gid": 9556, "id_num_sca": "ADO75CA_ANO491", "id_parc": "PA25988", "quartier": "Popincourt", "nom_entier": "Rue de Lappe", "num_voies": "47", "num_sca": "ADO75CA_ANO491", "geox": 602736.0, "geoy": 128078.0 }, "geometry": { "type": "MultiPoint", "coordinates": [ [ 654066.604855790734291, 6861628.28651861846447 ] ] } },
{ "type": "Feature", "properties": { "gid": 9557, "id_num_sca": "ADO75CA_ANO491", "id_parc": "PA25973", "quartier": "Popincourt", "nom_entier": "Rue de Lappe", "num_voies": "49", "num_sca": "ADO75CA_ANO491", "geox": 602743.0, "geoy": 128072.0 }, "geometry": { "type": "MultiPoint", "coordinates": [ [ 654076.681137525825761, 6861621.125173683278263 ] ] } },
{ "type": "Feature", "properties": { "gid": 9558, "id_num_sca": "ADO75CA_ANO491", "id_parc": "PA25975", "quartier": "Popincourt", "nom_entier": "Rue de Lappe", "num_voies": "51", "num_sca": "ADO75CA_ANO491", "geox": 602751.0, "geoy": 128067.0 }, "geometry": { "type": "MultiPoint", "coordinates": [ [ 654086.965795209282078, 6861613.473309393972158 ] ] } },
{ "type": "Feature", "properties": { "gid": 9559, "id_num_sca": "ADO75CA_ANO491", "id_parc": "PA25974", "quartier": "Popincourt", "nom_entier": "Rue de Lappe", "num_voies": "53", "num_sca": "ADO75CA_ANO491", "geox": 602761.0, "geoy": 128059.0 }, "geometry": { "type": "MultiPoint", "coordinates": [ [ 654095.415907096583396, 6861607.515698177739978 ] ] } },
{ "type": "Feature", "properties": { "gid": 9560, "id_num_sca": "ADO75CA_ANO491", "id_parc": "PA25974", "quartier": "Popincourt", "nom_entier": "Rue de Lappe", "num_voies": "55", "num_sca": "ADO75CA_ANO491", "geox": 602772.0, "geoy": 128052.0 }, "geometry": { "type": "MultiPoint", "coordinates": [ [ 654103.90358611359261, 6861606.020389021374285 ] ] } },
{ "type": "Feature", "properties": { "gid": 9561, "id_num_sca": "ADO75CA_ANO491", "id_parc": "PA25976", "quartier": "Popincourt", "nom_entier": "Rue de Lappe", "num_voies": "57", "num_sca": "ADO75CA_ANO491", "geox": 602780.0, "geoy": 128046.0 }, "geometry": { "type": "MultiPoint", "coordinates": [ [ 654108.900974930380471, 6861611.482175291515887 ] ] } },
{ "type": "Feature", "properties": { "gid": 9562, "id_num_sca": "ADO75CA_ANO491", "id_parc": "PA25977", "quartier": "Popincourt", "nom_entier": "Rue de Charonne", "num_voies": "17", "num_sca": "ADO75CA_ANO491", "geox": 602789.0, "geoy": 128045.0 }, "geometry": { "type": "MultiPoint", "coordinates": [ [ 654124.413172146072611, 6861622.43097525741905 ] ] } },
{ "type": "Feature", "properties": { "gid": 9563, "id_num_sca": "ADO75CA_ANO491", "id_parc": "PA25963", "quartier": "Popincourt", "nom_entier": "Rue de Charonne", "num_voies": "19", "num_sca": "ADO75CA_ANO491", "geox": 602794.0, "geoy": 128050.0 }, "geometry": { "type": "MultiPoint", "coordinates": [ [ 654139.54602290620096, 6861634.070958181284368 ] ] } },
{ "type": "Feature", "properties": { "gid": 9564, "id_num_sca": "ADO75CA_ANO491", "id_parc": "PA25965", "quartier": "Popincourt", "nom_entier": "Rue de Charonne", "num_voies": "21", "num_sca": "ADO75CA_ANO491", "geox": 602809.0, "geoy": 128061.0 }, "geometry": { "type": "MultiPoint", "coordinates": [ [ 654163.004690027679317, 6861647.075192791409791 ] ] } },
{ "type": "Feature", "properties": { "gid": 9565, "id_num_sca": "ADO75CA_ANO491", "id_parc": "PA25967", "quartier": "Popincourt", "nom_entier": "Cour Sainte Marie", "num_voies": "23", "num_sca": "ADO75CA_ANO491", "geox": 602824.0, "geoy": 128073.0 }, "geometry": { "type": "MultiPoint", "coordinates": [ [ 654176.365827145404182, 6861650.203310412354767 ] ] } },
{ "type": "Feature", "properties": { "gid": 9566, "id_num_sca": "ADO75CA_ANO491", "id_parc": "PA25968", "quartier": "Popincourt", "nom_entier": "Rue de Charonne", "num_voies": "25", "num_sca": "ADO75CA_ANO491", "geox": 602848.0, "geoy": 128086.0 }, "geometry": { "type": "MultiPoint", "coordinates": [ [ 654179.712423324817792, 6861666.252704677172005 ] ] } },
{ "type": "Feature", "properties": { "gid": 9567, "id_num_sca": "ADO75CA_ANO491", "id_parc": "PA25966", "quartier": "Popincourt", "nom_entier": "Rue de Charonne", "num_voies": "27", "num_sca": "ADO75CA_ANO491", "geox": 602861.0, "geoy": 128089.0 }, "geometry": { "type": "MultiPoint", "coordinates": [ [ 654174.602484372910112, 6861681.704511544667184 ] ] } },
{ "type": "Feature", "properties": { "gid": 9568, "id_num_sca": "ADO75CA_ANO491", "id_parc": "PA25996", "quartier": "Popincourt", "nom_entier": "Rue Neuve de Lappe", "num_voies": "27bis", "num_sca": "ADO75CA_ANO491", "geox": 602864.0, "geoy": 128105.0 }, "geometry": { "type": "MultiPoint", "coordinates": [ [ 654181.385481517994776, 6861686.264786144718528 ] ] } },
{ "type": "Feature", "properties": { "gid": 9569, "id_num_sca": "ADO75CA_ANO491", "id_parc": "PA25997", "quartier": "Popincourt", "nom_entier": "Rue Neuve de Lappe", "num_voies": "27ter", "num_sca": "ADO75CA_ANO491", "geox": 602859.0, "geoy": 128121.0 }, "geometry": { "type": "MultiPoint", "coordinates": [ [ 654197.583440027898178, 6861650.589596477337182 ] ] } },
{ "type": "Feature", "properties": { "gid": 9570, "id_num_sca": "ADO75CA_ANO491", "id_parc": "PA25998", "quartier": "Popincourt", "nom_entier": "Rue Neuve de Lappe", "num_voies": "8", "num_sca": "ADO75CA_ANO491", "geox": 602866.0, "geoy": 128126.0 }, "geometry": { "type": "MultiPoint", "coordinates": [ [ 654210.693686422659084, 6861648.715148348361254 ] ] } },
{ "type": "Feature", "properties": { "gid": 9571, "id_num_sca": "ADO75CA_ANO491", "id_parc": "PA25999", "quartier": "Popincourt", "nom_entier": "Rue de Charonne", "num_voies": "29", "num_sca": "ADO75CA_ANO491", "geox": 602882.0, "geoy": 128090.0 }, "geometry": { "type": "MultiPoint", "coordinates": [ [ 654223.763848333968781, 6861648.241831319406629 ] ] } },
{ "type": "Feature", "properties": { "gid": 9572, "id_num_sca": "ADO75CA_ANO491", "id_parc": "PA26000", "quartier": "Popincourt", "nom_entier": "Rue de Charonne", "num_voies": "29bis", "num_sca": "ADO75CA_ANO491", "geox": 602895.0, "geoy": 128088.0 }, "geometry": { "type": "MultiPoint", "coordinates": [ [ 654237.873314502649009, 6861647.967279161326587 ] ] } },
{ "type": "Feature", "properties": { "gid": 9573, "id_num_sca": "ADO75CA_ANO491", "id_parc": "PA25992", "quartier": "Popincourt", "nom_entier": "Rue de Charonne", "num_voies": "31", "num_sca": "ADO75CA_ANO491", "geox": 602908.0, "geoy": 128088.0 }, "geometry": { "type": "MultiPoint", "coordinates": [ [ 654255.922003041487187, 6861647.244476327672601 ] ] } },
{ "type": "Feature", "properties": { "gid": 9574, "id_num_sca": "ADO75CA_ANO491", "id_parc": "PA25993", "quartier": "Popincourt", "nom_entier": "Rue de Charonne", "num_voies": "33", "num_sca": "ADO75CA_ANO491", "geox": 602922.0, "geoy": 128088.0 }, "geometry": { "type": "MultiPoint", "coordinates": [ [ 654286.791073920321651, 6861647.191840334795415 ] ] } },
{ "type": "Feature", "properties": { "gid": 9575, "id_num_sca": "ADO75CA_ANO491", "id_parc": "PA25991", "quartier": "Popincourt", "nom_entier": "Rue de Charonne", "num_voies": "35", "num_sca": "ADO75CA_ANO491", "geox": 602940.0, "geoy": 128087.0 }, "geometry": { "type": "MultiPoint", "coordinates": [ [ 654322.248985809623264, 6861649.902109803631902 ] ] } },
{ "type": "Feature", "properties": { "gid": 9576, "id_num_sca": "ADO75CA_ANO491", "id_parc": "PA26046", "quartier": "Popincourt", "nom_entier": "Rue de Charonne", "num_voies": "37", "num_sca": "ADO75CA_ANO491", "geox": 602971.0, "geoy": 128087.0 }, "geometry": { "type": "MultiPoint", "coordinates": [ [ 654352.930641614482738, 6861652.237575734034181 ] ] } },
{ "type": "Feature", "properties": { "gid": 9577, "id_num_sca": "ADO75CA_ANO491", "id_parc": "PA26047", "quartier": "Popincourt", "nom_entier": "Rue de Charonne", "num_voies": "39", "num_sca": "ADO75CA_ANO491", "geox": 603007.0, "geoy": 128090.0 }, "geometry": { "type": "MultiPoint", "coordinates": [ [ 654367.627365424414165, 6861653.929547630250454 ] ] } },
{ "type": "Feature", "properties": { "gid": 9578, "id_num_sca": "ADO75CA_ANO491", "id_parc": "PA26021", "quartier": "Popincourt", "nom_entier": "Rue de Charonne", "num_voies": "41", "num_sca": "ADO75CA_ANO491", "geox": 603037.0, "geoy": 128093.0 }, "geometry": { "type": "MultiPoint", "coordinates": [ [ 654381.079021055134945, 6861655.632012203335762 ] ] } },
{ "type": "Feature", "properties": { "gid": 9579, "id_num_sca": "ADO75CA_ANO491", "id_parc": "PA26021", "quartier": "Popincourt", "nom_entier": "Rue de Charonne", "num_voies": "43", "num_sca": "ADO75CA_ANO491", "geox": 603052.0, "geoy": 128095.0 }, "geometry": { "type": "MultiPoint", "coordinates": [ [ 654402.222143513616174, 6861658.877964389510453 ] ] } },
{ "type": "Feature", "properties": { "gid": 9580, "id_num_sca": "ADO75CA_ANO491", "id_parc": "PA26022", "quartier": "Popincourt", "nom_entier": "Rue de Charonne", "num_voies": "45", "num_sca": "ADO75CA_ANO491", "geox": 603066.0, "geoy": 128097.0 }, "geometry": { "type": "MultiPoint", "coordinates": [ [ 654428.988173156627454, 6861664.463056 ] ] } },
{ "type": "Feature", "properties": { "gid": 9581, "id_num_sca": "ADO75CA_ANO491", "id_parc": "PA26023", "quartier": "Popincourt", "nom_entier": "Rue de Charonne", "num_voies": "47", "num_sca": "ADO75CA_ANO491", "geox": 603087.0, "geoy": 128100.0 }, "geometry": { "type": "MultiPoint", "coordinates": [ [ 654444.736874469323084, 6861667.858234104700387 ] ] } },
{ "type": "Feature", "properties": { "gid": 9582, "id_num_sca": "ADO75CA_ANO491", "id_parc": "PA26032", "quartier": "Popincourt", "nom_entier": "Rue de Charonne", "num_voies": "49", "num_sca": "ADO75CA_ANO491", "geox": 603113.0, "geoy": 128106.0 }, "geometry": { "type": "MultiPoint", "coordinates": [ [ 654462.626987045165151, 6861672.947442111559212 ] ] } },
{ "type": "Feature", "properties": { "gid": 9583, "id_num_sca": "ADO75CA_ANO491", "id_parc": "PA26031", "quartier": "Popincourt", "nom_entier": "Rue de Charonne", "num_voies": "51", "num_sca": "ADO75CA_ANO491", "geox": 603129.0, "geoy": 128109.0 }, "geometry": { "type": "MultiPoint", "coordinates": [ [ 654480.357972203288227, 6861677.622938686981797 ] ] } },
{ "type": "Feature", "properties": { "gid": 9584, "id_num_sca": "ADO75CA_ANO491", "id_parc": "PA26035", "quartier": "Popincourt", "nom_entier": "Rue de Charonne", "num_voies": "53", "num_sca": "ADO75CA_ANO491", "geox": 603147.0, "geoy": 128115.0 }, "geometry": { "type": "MultiPoint", "coordinates": [ [ 654497.936820492730476, 6861682.714765740558505 ] ] } },
{ "type": "Feature", "properties": { "gid": 9585, "id_num_sca": "ADO75CA_ANO491", "id_parc": "PA26038", "quartier": "Popincourt", "nom_entier": "Rue de Charonne", "num_voies": "55", "num_sca": "ADO75CA_ANO491", "geox": 603165.0, "geoy": 128119.0 }, "geometry": { "type": "MultiPoint", "coordinates": [ [ 654508.236601940938272, 6861685.948343913070858 ] ] } },
{ "type": "Feature", "properties": { "gid": 9586, "id_num_sca": "ADO75CA_ANO491", "id_parc": "PA26037", "quartier": "Popincourt", "nom_entier": "Rue de Charonne", "num_voies": "57", "num_sca": "ADO75CA_ANO491", "geox": 603182.0, "geoy": 128125.0 }, "geometry": { "type": "MultiPoint", "coordinates": [ [ 654513.800205059582368, 6861687.406001237221062 ] ] } },
{ "type": "Feature", "properties": { "gid": 9587, "id_num_sca": "ADO75CA_ANO491", "id_parc": "PA26040", "quartier": "Popincourt", "nom_entier": "Rue de Charonne", "num_voies": "59", "num_sca": "ADO75CA_ANO491", "geox": 603192.0, "geoy": 128128.0 }, "geometry": { "type": "MultiPoint", "coordinates": [ [ 654525.188548794365488, 6861690.526639012619853 ] ] } },
{ "type": "Feature", "properties": { "gid": 9588, "id_num_sca": "ADO75CA_ANO491", "id_parc": "PA26040", "quartier": "Popincourt", "nom_entier": "Rue de Charonne", "num_voies": "61", "num_sca": "ADO75CA_ANO491", "geox": 603198.0, "geoy": 128129.0 }, "geometry": { "type": "MultiPoint", "coordinates": [ [ 654531.735764732817188, 6861697.890472671017051 ] ] } },
{ "type": "Feature", "properties": { "gid": 9589, "id_num_sca": "ADO75CA_ANO491", "id_parc": "PA26040", "quartier": "Popincourt", "nom_entier": "Rue de Charonne", "num_voies": "63", "num_sca": "ADO75CA_ANO491", "geox": 603209.0, "geoy": 128133.0 }, "geometry": { "type": "MultiPoint", "coordinates": [ [ 654526.872469634748995, 6861705.661785451695323 ] ] } },
{ "type": "Feature", "properties": { "gid": 9590, "id_num_sca": "ADO75CA_ANO491", "id_parc": "PA26039", "quartier": "Popincourt", "nom_entier": "Rue de Basfroid", "num_voies": "1", "num_sca": "ADO75CA_ANO491", "geox": 603216.0, "geoy": 128140.0 }, "geometry": { "type": "MultiPoint", "coordinates": [ [ 654521.85048175114207, 6861713.071267096325755 ] ] } },
{ "type": "Feature", "properties": { "gid": 9591, "id_num_sca": "ADO75CA_ANO491", "id_parc": "PA26036", "quartier": "Popincourt", "nom_entier": "Rue de Basfroid", "num_voies": "3", "num_sca": "ADO75CA_ANO491", "geox": 603211.0, "geoy": 128148.0 }, "geometry": { "type": "MultiPoint", "coordinates": [ [ 654516.53208154742606, 6861722.247212519869208 ] ] } },
{ "type": "Feature", "properties": { "gid": 9592, "id_num_sca": "ADO75CA_ANO491", "id_parc": "PA26034", "quartier": "Popincourt", "nom_entier": "Rue de Basfroid", "num_voies": "5", "num_sca": "ADO75CA_ANO491", "geox": 603206.0, "geoy": 128155.0 }, "geometry": { "type": "MultiPoint", "coordinates": [ [ 654511.058920730138198, 6861731.528225646354258 ] ] } },
{ "type": "Feature", "properties": { "gid": 9593, "id_num_sca": "ADO75CA_ANO491", "id_parc": "PA26033", "quartier": "Popincourt", "nom_entier": "Rue de Basfroid", "num_voies": "7", "num_sca": "ADO75CA_ANO491", "geox": 603200.0, "geoy": 128164.0 }, "geometry": { "type": "MultiPoint", "coordinates": [ [ 654502.210753486608155, 6861746.648398539982736 ] ] } },
{ "type": "Feature", "properties": { "gid": 9594, "id_num_sca": "ADO75CA_ANO491", "id_parc": "PA26024", "quartier": "Popincourt", "nom_entier": "Rue de Basfroid", "num_voies": "9", "num_sca": "ADO75CA_ANO491", "geox": 603195.0, "geoy": 128174.0 }, "geometry": { "type": "MultiPoint", "coordinates": [ [ 654492.283197237062268, 6861762.970942296087742 ] ] } },
{ "type": "Feature", "properties": { "gid": 9595, "id_num_sca": "ADO75CA_ANO491", "id_parc": "PA26025", "quartier": "Popincourt", "nom_entier": "Rue de Basfroid", "num_voies": "9bis", "num_sca": "ADO75CA_ANO491", "geox": 603186.0, "geoy": 128189.0 }, "geometry": { "type": "MultiPoint", "coordinates": [ [ 654479.678199880640022, 6861787.876479008235037 ] ] } },
{ "type": "Feature", "properties": { "gid": 9596, "id_num_sca": "ADO75CA_ANO491", "id_parc": "PA26440", "quartier": "Popincourt", "nom_entier": "Rue de Basfroid", "num_voies": "11", "num_sca": "ADO75CA_ANO491", "geox": 603176.0, "geoy": 128205.0 }, "geometry": { "type": "MultiPoint", "coordinates": [ [ 654472.320940149948001, 6861801.375766961835325 ] ] } },
{ "type": "Feature", "properties": { "gid": 9597, "id_num_sca": "ADO75CA_ANO491", "id_parc": "PA26026", "quartier": "Popincourt", "nom_entier": "Rue de Basfroid", "num_voies": "13", "num_sca": "ADO75CA_ANO491", "geox": 603163.0, "geoy": 128230.0 }, "geometry": { "type": "MultiPoint", "coordinates": [ [ 654466.040007985080592, 6861813.309542349539697 ] ] } },
{ "type": "Feature", "properties": { "gid": 9598, "id_num_sca": "ADO75CA_ANO491", "id_parc": "PA26028", "quartier": "Popincourt", "nom_entier": "Rue de Basfroid", "num_voies": "15", "num_sca": "ADO75CA_ANO491", "geox": 603156.0, "geoy": 128243.0 }, "geometry": { "type": "MultiPoint", "coordinates": [ [ 654458.680560695822351, 6861826.549443896859884 ] ] } },
{ "type": "Feature", "properties": { "gid": 9599, "id_num_sca": "ADO75CA_ANO491", "id_parc": "PA26028", "quartier": "Popincourt", "nom_entier": "Rue de Basfroid", "num_voies": "17", "num_sca": "ADO75CA_ANO491", "geox": 603149.0, "geoy": 128255.0 }, "geometry": { "type": "MultiPoint", "coordinates": [ [ 654453.626346435048617, 6861836.293863130733371 ] ] } },
{ "type": "Feature", "properties": { "gid": 9600, "id_num_sca": "ADO75CA_ANO491", "id_parc": "PA26027", "quartier": "Popincourt", "nom_entier": "Rue de Basfroid", "num_voies": "19", "num_sca": "ADO75CA_ANO491", "geox": 603142.0, "geoy": 128268.0 }, "geometry": { "type": "MultiPoint", "coordinates": [ [ 654446.124369595432654, 6861851.09140900336206 ] ] } },
{ "type": "Feature", "properties": { "gid": 9601, "id_num_sca": "ADO75CA_ANO491", "id_parc": "PA25186", "quartier": "Popincourt", "nom_entier": "Rue de Basfroid", "num_voies": "21", "num_sca": "ADO75CA_ANO491", "geox": 603137.0, "geoy": 128278.0 }, "geometry": { "type": "MultiPoint", "coordinates": [ [ 654437.75444652303122, 6861867.556476501747966 ] ] } },
{ "type": "Feature", "properties": { "gid": 9602, "id_num_sca": "ADO75CA_ANO491", "id_parc": "PA25186", "quartier": "Popincourt", "nom_entier": "Rue de Basfroid", "num_voies": "23", "num_sca": "ADO75CA_ANO491", "geox": 603129.0, "geoy": 128293.0 }, "geometry": { "type": "MultiPoint", "coordinates": [ [ 654433.001011151704006, 6861876.05320957582444 ] ] } },
{ "type": "Feature", "properties": { "gid": 9603, "id_num_sca": "ADO75CA_ANO491", "id_parc": "PA25186", "quartier": "Popincourt", "nom_entier": "Rue de Basfroid", "num_voies": "25", "num_sca": "ADO75CA_ANO491", "geox": 603120.0, "geoy": 128309.0 }, "geometry": { "type": "MultiPoint", "coordinates": [ [ 654426.410988040734082, 6861888.249002503231168 ] ] } },
{ "type": "Feature", "properties": { "gid": 9604, "id_num_sca": "ADO75CA_ANO491", "id_parc": "PA26020", "quartier": "Popincourt", "nom_entier": "Rue de Basfroid", "num_voies": "27", "num_sca": "ADO75CA_ANO491", "geox": 603116.0, "geoy": 128317.0 }, "geometry": { "type": "MultiPoint", "coordinates": [ [ 654419.717207693960518, 6861900.445670874789357 ] ] } },
{ "type": "Feature", "properties": { "gid": 9605, "id_num_sca": "ADO75CA_ANO491", "id_parc": "PA26020", "quartier": "Popincourt", "nom_entier": "Rue de Basfroid", "num_voies": "29", "num_sca": "ADO75CA_ANO491", "geox": 603109.0, "geoy": 128330.0 }, "geometry": { "type": "MultiPoint", "coordinates": [ [ 654415.829093493404798, 6861906.963618568144739 ] ] } },
{ "type": "Feature", "properties": { "gid": 9606, "id_num_sca": "ADO75CA_ANO491", "id_parc": "PA26020", "quartier": "Popincourt", "nom_entier": "Rue de Basfroid", "num_voies": "31", "num_sca": "ADO75CA_ANO491", "geox": 603102.0, "geoy": 128342.0 }, "geometry": { "type": "MultiPoint", "coordinates": [ [ 654409.766584391822107, 6861920.192595245316625 ] ] } },
{ "type": "Feature", "properties": { "gid": 9607, "id_num_sca": "ADO75CA_ANO491", "id_parc": "PA26030", "quartier": "Popincourt", "nom_entier": "Rue de Basfroid", "num_voies": "33", "num_sca": "ADO75CA_ANO491", "geox": 603098.0, "geoy": 128348.0 }, "geometry": { "type": "MultiPoint", "coordinates": [ [ 654403.180925406632014, 6861932.90716859139502 ] ] } },
{ "type": "Feature", "properties": { "gid": 9608, "id_num_sca": "ADO75CA_ANO491", "id_parc": "PA26030", "quartier": "Popincourt", "nom_entier": "Rue de Basfroid", "num_voies": "35", "num_sca": "ADO75CA_ANO491", "geox": 603092.0, "geoy": 128361.0 }, "geometry": { "type": "MultiPoint", "coordinates": [ [ 654396.48670342436526, 6861945.051962420344353 ] ] } },
{ "type": "Feature", "properties": { "gid": 9609, "id_num_sca": "ADO75CA_ANO491", "id_parc": "PA26030", "quartier": "Popincourt", "nom_entier": "Rue de Basfroid", "num_voies": "37", "num_sca": "ADO75CA_ANO491", "geox": 603085.0, "geoy": 128374.0 }, "geometry": { "type": "MultiPoint", "coordinates": [ [ 654388.250120563432574, 6861958.869962807744741 ] ] } },
{ "type": "Feature", "properties": { "gid": 9610, "id_num_sca": "ADO75CA_ANO491", "id_parc": "PA26014", "quartier": "Popincourt", "nom_entier": "Rue de Basfroid", "num_voies": "39", "num_sca": "ADO75CA_ANO491", "geox": 603078.0, "geoy": 128386.0 }, "geometry": { "type": "MultiPoint", "coordinates": [ [ 654377.927604051539674, 6861977.582400058396161 ] ] } },
{ "type": "Feature", "properties": { "gid": 9611, "id_num_sca": "ADO75CA_ANO491", "id_parc": "PA26015", "quartier": "Popincourt", "nom_entier": "Rue de Basfroid", "num_voies": "39bis", "num_sca": "ADO75CA_ANO491", "geox": 603070.0, "geoy": 128400.0 }, "geometry": { "type": "MultiPoint", "coordinates": [ [ 654364.661253224126995, 6862004.049985894933343 ] ] } },
{ "type": "Feature", "properties": { "gid": 9639, "id_num_sca": "ADO75CA_ANO491", "id_parc": "PA25957", "quartier": "Popincourt", "nom_entier": "Rue de la Roquette", "num_voies": "38", "num_sca": "ADO75CA_ANO491", "geox": 602595.0, "geoy": 128227.0 }, "geometry": { "type": "MultiPoint", "coordinates": [ [ 654071.133070771233179, 6861712.160106293857098 ] ] } },
{ "type": "Feature", "properties": { "gid": 9640, "id_num_sca": "ADO75CA_ANO491", "id_parc": "PA25956", "quartier": "Popincourt", "nom_entier": "Rue de la Roquette", "num_voies": "36", "num_sca": "ADO75CA_ANO491", "geox": 602583.0, "geoy": 128221.0 }, "geometry": { "type": "MultiPoint", "coordinates": [ [ 654080.135269708931446, 6861703.005022143013775 ] ] } },
{ "type": "Feature", "properties": { "gid": 9641, "id_num_sca": "ADO75CA_ANO491", "id_parc": "PA25959", "quartier": "Popincourt", "nom_entier": "Cour Sainte Marie", "num_voies": "14", "num_sca": "ADO75CA_ANO491", "geox": 602755.0, "geoy": 128150.0 }, "geometry": { "type": "MultiPoint", "coordinates": [ [ 654086.96388269867748, 6861695.651673276908696 ] ] } },
{ "type": "Feature", "properties": { "gid": 9642, "id_num_sca": "ADO75CA_ANO491", "id_parc": "PA25958", "quartier": "Popincourt", "nom_entier": "Cour Sainte Marie", "num_voies": "12", "num_sca": "ADO75CA_ANO491", "geox": 602764.0, "geoy": 128141.0 }, "geometry": { "type": "MultiPoint", "coordinates": [ [ 654095.082617430132814, 6861687.476808004081249 ] ] } },
{ "type": "Feature", "properties": { "gid": 9643, "id_num_sca": "ADO75CA_ANO491", "id_parc": "PA25961", "quartier": "Popincourt", "nom_entier": "Cour Sainte Marie", "num_voies": "10", "num_sca": "ADO75CA_ANO491", "geox": 602771.0, "geoy": 128134.0 }, "geometry": { "type": "MultiPoint", "coordinates": [ [ 654103.518763459753245, 6861678.488622787408531 ] ] } },
{ "type": "Feature", "properties": { "gid": 9644, "id_num_sca": "ADO75CA_ANO491", "id_parc": "PA25960", "quartier": "Popincourt", "nom_entier": "Cour Sainte Marie", "num_voies": "8bis", "num_sca": "ADO75CA_ANO491", "geox": 602779.0, "geoy": 128126.0 }, "geometry": { "type": "MultiPoint", "coordinates": [ [ 654112.918064102879725, 6861668.357418259605765 ] ] } },
{ "type": "Feature", "properties": { "gid": 9645, "id_num_sca": "ADO75CA_ANO491", "id_parc": "PA25962", "quartier": "Popincourt", "nom_entier": "Cour Sainte Marie", "num_voies": "8", "num_sca": "ADO75CA_ANO491", "geox": 602788.0, "geoy": 128117.0 }, "geometry": { "type": "MultiPoint", "coordinates": [ [ 654119.830462128389627, 6861661.327621628530324 ] ] } },
{ "type": "Feature", "properties": { "gid": 9646, "id_num_sca": "ADO75CA_ANO491", "id_parc": "PA25964", "quartier": "Popincourt", "nom_entier": "Cour Sainte Marie", "num_voies": "6", "num_sca": "ADO75CA_ANO491", "geox": 602797.0, "geoy": 128107.0 }, "geometry": { "type": "MultiPoint", "coordinates": [ [ 654129.635055869468488, 6861651.193001945503056 ] ] } },
{ "type": "Feature", "properties": { "gid": 9647, "id_num_sca": "ADO75CA_ANO491", "id_parc": "PA25939", "quartier": "Popincourt", "nom_entier": "Cour Sainte Marie", "num_voies": "4", "num_sca": "ADO75CA_ANO491", "geox": 602804.0, "geoy": 128100.0 }, "geometry": { "type": "MultiPoint", "coordinates": [ [ 654062.332421506522223, 6861716.368554380722344 ] ] } },
{ "type": "Feature", "properties": { "gid": 9648, "id_num_sca": "ADO75CA_ANO491", "id_parc": "PA25981", "quartier": "Popincourt", "nom_entier": "Cour Sainte Marie", "num_voies": "2", "num_sca": "ADO75CA_ANO491", "geox": 602814.0, "geoy": 128090.0 }, "geometry": { "type": "MultiPoint", "coordinates": [ [ 654079.689028924680315, 6861698.144909795373678 ] ] } },
{ "type": "Feature", "properties": { "gid": 9649, "id_num_sca": "ADO75CA_ANO491", "id_parc": "PA25981", "quartier": "Popincourt", "nom_entier": "Cour Sainte Marie", "num_voies": "15", "num_sca": "ADO75CA_ANO491", "geox": 602746.0, "geoy": 128155.0 }, "geometry": { "type": "MultiPoint", "coordinates": [ [ 654092.144696890492924, 6861685.150692717172205 ] ] } },
{ "type": "Feature", "properties": { "gid": 9650, "id_num_sca": "ADO75CA_ANO491", "id_parc": "PA25980", "quartier": "Popincourt", "nom_entier": "Cour Sainte Marie", "num_voies": "13", "num_sca": "ADO75CA_ANO491", "geox": 602764.0, "geoy": 128137.0 }, "geometry": { "type": "MultiPoint", "coordinates": [ [ 654099.217168100876734, 6861677.876353899948299 ] ] } },
{ "type": "Feature", "properties": { "gid": 9651, "id_num_sca": "ADO75CA_ANO491", "id_parc": "PA25978", "quartier": "Popincourt", "nom_entier": "Cour Sainte Marie", "num_voies": "11", "num_sca": "ADO75CA_ANO491", "geox": 602776.0, "geoy": 128124.0 }, "geometry": { "type": "MultiPoint", "coordinates": [ [ 654107.976867382531054, 6861668.804378140717745 ] ] } },
{ "type": "Feature", "properties": { "gid": 9652, "id_num_sca": "ADO75CA_ANO491", "id_parc": "PA25979", "quartier": "Popincourt", "nom_entier": "Cour Sainte Marie", "num_voies": "9", "num_sca": "ADO75CA_ANO491", "geox": 602783.0, "geoy": 128116.0 }, "geometry": { "type": "MultiPoint", "coordinates": [ [ 654118.178569195210002, 6861657.693638369441032 ] ] } },
{ "type": "Feature", "properties": { "gid": 9653, "id_num_sca": "ADO75CA_ANO491", "id_parc": "PA25979", "quartier": "Popincourt", "nom_entier": "Cour Sainte Marie", "num_voies": "7", "num_sca": "ADO75CA_ANO491", "geox": 602792.0, "geoy": 128107.0 }, "geometry": { "type": "MultiPoint", "coordinates": [ [ 654131.033382697380148, 6861643.966477543115616 ] ] } },
{ "type": "Feature", "properties": { "gid": 10181, "id_num_sca": "ADO75CA_ANO502", "id_parc": "PA25864", "quartier": "Popincourt", "nom_entier": "Rue de Charonne", "num_voies": "113", "num_sca": "ADO75CA_ANO502", "geox": 603588.0, "geoy": 128256.0 }, "geometry": { "type": "MultiPoint", "coordinates": [ [ 654872.028220355627127, 6861798.81050581485033 ] ] } },
{ "type": "Feature", "properties": { "gid": 10182, "id_num_sca": "ADO75CA_ANO502", "id_parc": "PA25867", "quartier": "Popincourt", "nom_entier": "Rue de Charonne", "num_voies": "111", "num_sca": "ADO75CA_ANO502", "geox": 603571.0, "geoy": 128250.0 }, "geometry": { "type": "MultiPoint", "coordinates": [ [ 654862.595538653666154, 6861796.113354487344623 ] ] } },
{ "type": "Feature", "properties": { "gid": 10183, "id_num_sca": "ADO75CA_ANO502", "id_parc": "PA25866", "quartier": "Popincourt", "nom_entier": "Rue de Charonne", "num_voies": "109", "num_sca": "ADO75CA_ANO502", "geox": 603555.0, "geoy": 128244.0 }, "geometry": { "type": "MultiPoint", "coordinates": [ [ 654857.485773957567289, 6861793.842531116679311 ] ] } },
{ "type": "Feature", "properties": { "gid": 10184, "id_num_sca": "ADO75CA_ANO502", "id_parc": "PA25865", "quartier": "Popincourt", "nom_entier": "Rue de Charonne", "num_voies": "107", "num_sca": "ADO75CA_ANO502", "geox": 603546.0, "geoy": 128241.0 }, "geometry": { "type": "MultiPoint", "coordinates": [ [ 654850.990352840046398, 6861791.891914063133299 ] ] } },
{ "type": "Feature", "properties": { "gid": 10185, "id_num_sca": "ADO75CA_ANO502", "id_parc": "PA25876", "quartier": "Popincourt", "nom_entier": "Rue de Charonne", "num_voies": "105", "num_sca": "ADO75CA_ANO502", "geox": 603541.0, "geoy": 128239.0 }, "geometry": { "type": "MultiPoint", "coordinates": [ [ 654846.509287051390857, 6861791.004136289469898 ] ] } },
{ "type": "Feature", "properties": { "gid": 10186, "id_num_sca": "ADO75CA_ANO502", "id_parc": "PA25835", "quartier": "Popincourt", "nom_entier": "Rue de Charonne", "num_voies": "103", "num_sca": "ADO75CA_ANO502", "geox": 603534.0, "geoy": 128237.0 }, "geometry": { "type": "MultiPoint", "coordinates": [ [ 654837.837463345029391, 6861787.066480438224971 ] ] } },
{ "type": "Feature", "properties": { "gid": 10187, "id_num_sca": "ADO75CA_ANO502", "id_parc": "PA25834", "quartier": "Popincourt", "nom_entier": "Rue de Charonne", "num_voies": "101", "num_sca": "ADO75CA_ANO502", "geox": 603530.0, "geoy": 128236.0 }, "geometry": { "type": "MultiPoint", "coordinates": [ [ 654802.092511290917173, 6861773.947204609401524 ] ] } },
{ "type": "Feature", "properties": { "gid": 10188, "id_num_sca": "ADO75CA_ANO502", "id_parc": "PA25877", "quartier": "Popincourt", "nom_entier": "Rue de Charonne", "num_voies": "99", "num_sca": "ADO75CA_ANO502", "geox": 603521.0, "geoy": 128232.0 }, "geometry": { "type": "MultiPoint", "coordinates": [ [ 654754.127984316670336, 6861756.920173402875662 ] ] } },
{ "type": "Feature", "properties": { "gid": 10189, "id_num_sca": "ADO75CA_ANO502", "id_parc": "PA25833", "quartier": "Popincourt", "nom_entier": "Rue de Charonne", "num_voies": "97", "num_sca": "ADO75CA_ANO502", "geox": 603486.0, "geoy": 128218.0 }, "geometry": { "type": "MultiPoint", "coordinates": [ [ 654725.81696403620299, 6861747.286194329150021 ] ] } },
{ "type": "Feature", "properties": { "gid": 10190, "id_num_sca": "ADO75CA_ANO502", "id_parc": "PA25894", "quartier": "Popincourt", "nom_entier": "Rue de Charonne", "num_voies": "95", "num_sca": "ADO75CA_ANO502", "geox": 603438.0, "geoy": 128201.0 }, "geometry": { "type": "MultiPoint", "coordinates": [ [ 654709.567378380568698, 6861741.098511815071106 ] ] } },
{ "type": "Feature", "properties": { "gid": 10191, "id_num_sca": "ADO75CA_ANO502", "id_parc": "PA25895", "quartier": "Popincourt", "nom_entier": "Rue de Charonne", "num_voies": "89bis", "num_sca": "ADO75CA_ANO502", "geox": 603409.0, "geoy": 128191.0 }, "geometry": { "type": "MultiPoint", "coordinates": [ [ 654697.350398300332017, 6861737.499260126613081 ] ] } },
{ "type": "Feature", "properties": { "gid": 10192, "id_num_sca": "ADO75CA_ANO502", "id_parc": "PA25893", "quartier": "Popincourt", "nom_entier": "Rue de Charonne", "num_voies": "89", "num_sca": "ADO75CA_ANO502", "geox": 603393.0, "geoy": 128185.0 }, "geometry": { "type": "MultiPoint", "coordinates": [ [ 654687.447177408146672, 6861733.880499281920493 ] ] } },
{ "type": "Feature", "properties": { "gid": 10193, "id_num_sca": "ADO75CA_ANO502", "id_parc": "PA25892", "quartier": "Popincourt", "nom_entier": "Rue de Charonne", "num_voies": "87", "num_sca": "ADO75CA_ANO502", "geox": 603381.0, "geoy": 128181.0 }, "geometry": { "type": "MultiPoint", "coordinates": [ [ 654677.546555786626413, 6861730.570237363688648 ] ] } },
{ "type": "Feature", "properties": { "gid": 10194, "id_num_sca": "ADO75CA_ANO502", "id_parc": "PA25891", "quartier": "Popincourt", "nom_entier": "Rue de Charonne", "num_voies": "85", "num_sca": "ADO75CA_ANO502", "geox": 603371.0, "geoy": 128177.0 }, "geometry": { "type": "MultiPoint", "coordinates": [ [ 654666.719132039346732, 6861727.113527978770435 ] ] } },
{ "type": "Feature", "properties": { "gid": 10195, "id_num_sca": "ADO75CA_ANO502", "id_parc": "PA25889", "quartier": "Popincourt", "nom_entier": "Rue de Charonne", "num_voies": "83", "num_sca": "ADO75CA_ANO502", "geox": 603361.0, "geoy": 128174.0 }, "geometry": { "type": "MultiPoint", "coordinates": [ [ 654654.193653529509902, 6861723.516873380169272 ] ] } },
{ "type": "Feature", "properties": { "gid": 10196, "id_num_sca": "ADO75CA_ANO502", "id_parc": "PA25888", "quartier": "Popincourt", "nom_entier": "Rue de Charonne", "num_voies": "81bis", "num_sca": "ADO75CA_ANO502", "geox": 603351.0, "geoy": 128170.0 }, "geometry": { "type": "MultiPoint", "coordinates": [ [ 654647.239385689608753, 6861722.032897414639592 ] ] } },
{ "type": "Feature", "properties": { "gid": 10197, "id_num_sca": "ADO75CA_ANO502", "id_parc": "PA25890", "quartier": "Popincourt", "nom_entier": "Rue de Charonne", "num_voies": "81", "num_sca": "ADO75CA_ANO502", "geox": 603338.0, "geoy": 128167.0 }, "geometry": { "type": "MultiPoint", "coordinates": [ [ 654643.840676406398416, 6861721.444508856162429 ] ] } },
{ "type": "Feature", "properties": { "gid": 10198, "id_num_sca": "ADO75CA_ANO502", "id_parc": "PA25887", "quartier": "Popincourt", "nom_entier": "Rue de Charonne", "num_voies": "79bis", "num_sca": "ADO75CA_ANO502", "geox": 603331.0, "geoy": 128165.0 }, "geometry": { "type": "MultiPoint", "coordinates": [ [ 654640.282519430620596, 6861720.240421478636563 ] ] } },
{ "type": "Feature", "properties": { "gid": 10199, "id_num_sca": "ADO75CA_ANO502", "id_parc": "PA25884", "quartier": "Popincourt", "nom_entier": "Rue de Charonne", "num_voies": "77", "num_sca": "ADO75CA_ANO502", "geox": 603328.0, "geoy": 128165.0 }, "geometry": { "type": "MultiPoint", "coordinates": [ [ 654632.698256917996332, 6861717.219148683361709 ] ] } },
{ "type": "Feature", "properties": { "gid": 10200, "id_num_sca": "ADO75CA_ANO502", "id_parc": "PA25885", "quartier": "Popincourt", "nom_entier": "Rue de Charonne", "num_voies": "75", "num_sca": "ADO75CA_ANO502", "geox": 603324.0, "geoy": 128163.0 }, "geometry": { "type": "MultiPoint", "coordinates": [ [ 654618.158428563387133, 6861712.559648179449141 ] ] } },
{ "type": "Feature", "properties": { "gid": 12553, "id_num_sca": "ADO75CA_ANO581", "id_parc": "PA8818", "quartier": "Faubourg Saint-Antoine", "nom_entier": "Rue Charlot", "num_voies": "45", "num_sca": "ADO75CA_ANO409", "geox": 602068.0, "geoy": 129386.0 }, "geometry": { "type": "MultiPoint", "coordinates": [ [ 654094.812986955512315, 6861597.567343949340284 ] ] } },
{ "type": "Feature", "properties": { "gid": 24529, "id_num_sca": "ADO75CA_ANO586", "id_parc": "PA8667", "quartier": "Arsenal", "nom_entier": "Rue de la Mortellerie", "num_voies": "120", "num_sca": "ADO75CA_ANO609", "geox": 601240.0, "geoy": 128326.0 }, "geometry": { "type": "MultiPoint", "coordinates": [ [ 653416.247969947289675, 6861534.026623093523085 ] ] } },
{ "type": "Feature", "properties": { "gid": 24640, "id_num_sca": "ADO75CA_ANO586", "id_parc": "PA8674", "quartier": "Arsenal", "nom_entier": "Quai de la Grève", "num_voies": "78", "num_sca": "ADO75CA_ANO612", "geox": 601166.0, "geoy": 128341.0 }, "geometry": { "type": "MultiPoint", "coordinates": [ [ 653318.731333905830979, 6861556.625662065111101 ] ] } },
{ "type": "Feature", "properties": { "gid": 24641, "id_num_sca": "ADO75CA_ANO586", "id_parc": "PA8673", "quartier": "Arsenal", "nom_entier": "Quai de la Grève", "num_voies": "76", "num_sca": "ADO75CA_ANO612", "geox": 601172.0, "geoy": 128338.0 }, "geometry": { "type": "MultiPoint", "coordinates": [ [ 653326.441942080622539, 6861563.623844511806965 ] ] } },
{ "type": "Feature", "properties": { "gid": 24642, "id_num_sca": "ADO75CA_ANO586", "id_parc": "PA8673", "quartier": "Arsenal", "nom_entier": "Rue du Petit Musc", "num_voies": "4", "num_sca": "ADO75CA_ANO586", "geox": 602004.0, "geoy": 127989.0 }, "geometry": { "type": "MultiPoint", "coordinates": [ [ 653332.449319771141745, 6861569.312035801820457 ] ] } },
{ "type": "Feature", "properties": { "gid": 24643, "id_num_sca": "ADO75CA_ANO586", "id_parc": "PA8676", "quartier": "Arsenal", "nom_entier": "Rue du Petit Musc", "num_voies": "6", "num_sca": "ADO75CA_ANO586", "geox": 602012.0, "geoy": 127996.0 }, "geometry": { "type": "MultiPoint", "coordinates": [ [ 653352.881826518336311, 6861575.540930333547294 ] ] } },
{ "type": "Feature", "properties": { "gid": 24644, "id_num_sca": "ADO75CA_ANO586", "id_parc": "PA8675", "quartier": "Arsenal", "nom_entier": "Rue du Petit Musc", "num_voies": "8", "num_sca": "ADO75CA_ANO586", "geox": 602018.0, "geoy": 128001.0 }, "geometry": { "type": "MultiPoint", "coordinates": [ [ 653362.530445685610175, 6861568.028708720579743 ] ] } },
{ "type": "Feature", "properties": { "gid": 24645, "id_num_sca": "ADO75CA_ANO586", "id_parc": "PA8671", "quartier": "Arsenal", "nom_entier": "Rue de la Cerisaie", "num_voies": "37", "num_sca": "ADO75CA_ANO586", "geox": 602038.0, "geoy": 128008.0 }, "geometry": { "type": "MultiPoint", "coordinates": [ [ 653372.048636600375175, 6861562.504083683714271 ] ] } },
{ "type": "Feature", "properties": { "gid": 24646, "id_num_sca": "ADO75CA_ANO586", "id_parc": "PA8672", "quartier": "Arsenal", "nom_entier": "Rue de la Cerisaie", "num_voies": "35", "num_sca": "ADO75CA_ANO586", "geox": 602048.0, "geoy": 128000.0 }, "geometry": { "type": "MultiPoint", "coordinates": [ [ 653385.731178645510226, 6861553.486413070000708 ] ] } },
{ "type": "Feature", "properties": { "gid": 24647, "id_num_sca": "ADO75CA_ANO586", "id_parc": "PA8670", "quartier": "Arsenal", "nom_entier": "Rue de la Cerisaie", "num_voies": "33", "num_sca": "ADO75CA_ANO586", "geox": 602057.0, "geoy": 127995.0 }, "geometry": { "type": "MultiPoint", "coordinates": [ [ 653394.58538813109044, 6861547.74665595497936 ] ] } },
{ "type": "Feature", "properties": { "gid": 24648, "id_num_sca": "ADO75CA_ANO586", "id_parc": "PA8669", "quartier": "Arsenal", "nom_entier": "Rue de la Cerisaie", "num_voies": "31", "num_sca": "ADO75CA_ANO586", "geox": 602071.0, "geoy": 127986.0 }, "geometry": { "type": "MultiPoint", "coordinates": [ [ 653401.97687904490158, 6861543.049251748248935 ] ] } },
{ "type": "Feature", "properties": { "gid": 24649, "id_num_sca": "ADO75CA_ANO586", "id_parc": "PA8668", "quartier": "Arsenal", "nom_entier": "Rue de la Cerisaie", "num_voies": "29", "num_sca": "ADO75CA_ANO586", "geox": 602080.0, "geoy": 127980.0 }, "geometry": { "type": "MultiPoint", "coordinates": [ [ 653409.150137769873254, 6861538.647980984300375 ] ] } },
{ "type": "Feature", "properties": { "gid": 24650, "id_num_sca": "ADO75CA_ANO586", "id_parc": "PA8666", "quartier": "Arsenal", "nom_entier": "Rue de la Cerisaie", "num_voies": "27", "num_sca": "ADO75CA_ANO586", "geox": 602087.0, "geoy": 127976.0 }, "geometry": { "type": "MultiPoint", "coordinates": [ [ 653423.942401334410533, 6861530.356703110039234 ] ] } },
{ "type": "Feature", "properties": { "gid": 24651, "id_num_sca": "ADO75CA_ANO586", "id_parc": "PA8665", "quartier": "Arsenal", "nom_entier": "Rue de la Cerisaie", "num_voies": "25", "num_sca": "ADO75CA_ANO586", "geox": 602095.0, "geoy": 127971.0 }, "geometry": { "type": "MultiPoint", "coordinates": [ [ 653433.619485362316482, 6861526.22864290047437 ] ] } },
{ "type": "Feature", "properties": { "gid": 24652, "id_num_sca": "ADO75CA_ANO586", "id_parc": "PA8660", "quartier": "Arsenal", "nom_entier": "Rue de la Cerisaie", "num_voies": "21", "num_sca": "ADO75CA_ANO586", "geox": 602109.0, "geoy": 127963.0 }, "geometry": { "type": "MultiPoint", "coordinates": [ [ 653439.851198551361449, 6861523.601075625047088 ] ] } },
{ "type": "Feature", "properties": { "gid": 24653, "id_num_sca": "ADO75CA_ANO586", "id_parc": "PA8661", "quartier": "Arsenal", "nom_entier": "Rue de la Cerisaie", "num_voies": "19", "num_sca": "ADO75CA_ANO586", "geox": 602119.0, "geoy": 127959.0 }, "geometry": { "type": "MultiPoint", "coordinates": [ [ 653444.984945156495087, 6861521.64492014143616 ] ] } },
{ "type": "Feature", "properties": { "gid": 24654, "id_num_sca": "ADO75CA_ANO586", "id_parc": "PA8664", "quartier": "Arsenal", "nom_entier": "Rue de la Cerisaie", "num_voies": "17", "num_sca": "ADO75CA_ANO586", "geox": 602125.0, "geoy": 127957.0 }, "geometry": { "type": "MultiPoint", "coordinates": [ [ 653452.757276949239895, 6861518.48936066403985 ] ] } },
{ "type": "Feature", "properties": { "gid": 24655, "id_num_sca": "ADO75CA_ANO586", "id_parc": "PA8663", "quartier": "Arsenal", "nom_entier": "Rue de la Cerisaie", "num_voies": "15", "num_sca": "ADO75CA_ANO586", "geox": 602131.0, "geoy": 127955.0 }, "geometry": { "type": "MultiPoint", "coordinates": [ [ 653459.574447518447414, 6861515.488992345519364 ] ] } },
{ "type": "Feature", "properties": { "gid": 24656, "id_num_sca": "ADO75CA_ANO586", "id_parc": "PA8663", "quartier": "Arsenal", "nom_entier": "Rue de la Cerisaie", "num_voies": "13", "num_sca": "ADO75CA_ANO586", "geox": 602138.0, "geoy": 127952.0 }, "geometry": { "type": "MultiPoint", "coordinates": [ [ 653463.751794685726054, 6861513.540890194475651 ] ] } },
{ "type": "Feature", "properties": { "gid": 24657, "id_num_sca": "ADO75CA_ANO586", "id_parc": "PA8662", "quartier": "Arsenal", "nom_entier": "Rue de la Cerisaie", "num_voies": "11", "num_sca": "ADO75CA_ANO586", "geox": 602145.0, "geoy": 127949.0 }, "geometry": { "type": "MultiPoint", "coordinates": [ [ 653472.549760426511057, 6861509.861674604937434 ] ] } },
{ "type": "Feature", "properties": { "gid": 24658, "id_num_sca": "ADO75CA_ANO586", "id_parc": "PA8659", "quartier": "Arsenal", "nom_entier": "Rue de la Cerisaie", "num_voies": "9", "num_sca": "ADO75CA_ANO586", "geox": 602149.0, "geoy": 127947.0 }, "geometry": { "type": "MultiPoint", "coordinates": [ [ 653483.986310404958203, 6861504.983054138720036 ] ] } },
{ "type": "Feature", "properties": { "gid": 24659, "id_num_sca": "ADO75CA_ANO586", "id_parc": "PA8658", "quartier": "Arsenal", "nom_entier": "Rue de la Cerisaie", "num_voies": "7", "num_sca": "ADO75CA_ANO586", "geox": 602158.0, "geoy": 127943.0 }, "geometry": { "type": "MultiPoint", "coordinates": [ [ 653498.648758988128975, 6861498.752934138290584 ] ] } },
{ "type": "Feature", "properties": { "gid": 24660, "id_num_sca": "ADO75CA_ANO587", "id_parc": "PA8715", "quartier": "Arsenal", "nom_entier": "Rue de la Cerisaie", "num_voies": "5", "num_sca": "ADO75CA_ANO586", "geox": 602170.0, "geoy": 127938.0 }, "geometry": { "type": "MultiPoint", "coordinates": [ [ 653594.802599384449422, 6861510.946688055992126 ] ] } },
{ "type": "Feature", "properties": { "gid": 24661, "id_num_sca": "ADO75CA_ANO587", "id_parc": "PA8715", "quartier": "Arsenal", "nom_entier": "Rue de la Cerisaie", "num_voies": "3", "num_sca": "ADO75CA_ANO586", "geox": 602184.0, "geoy": 127932.0 }, "geometry": { "type": "MultiPoint", "coordinates": [ [ 653605.588205891894177, 6861550.713224736973643 ] ] } },
{ "type": "Feature", "properties": { "gid": 24662, "id_num_sca": "ADO75CA_ANO587", "id_parc": "PA8716", "quartier": "Arsenal", "nom_entier": "Boulevard Bourdon", "num_voies": "12", "num_sca": "ADO75CA_ANO587", "geox": 602280.0, "geoy": 127945.0 }, "geometry": { "type": "MultiPoint", "coordinates": [ [ 653612.749994017183781, 6861572.147122291848063 ] ] } },
{ "type": "Feature", "properties": { "gid": 24663, "id_num_sca": "ADO75CA_ANO587", "id_parc": "PA8716", "quartier": "Arsenal", "nom_entier": "Boulevard Bourdon", "num_voies": "10", "num_sca": "ADO75CA_ANO587", "geox": 602291.0, "geoy": 127985.0 }, "geometry": { "type": "MultiPoint", "coordinates": [ [ 653615.238845135550946, 6861581.307746084406972 ] ] } },
{ "type": "Feature", "properties": { "gid": 24664, "id_num_sca": "ADO75CA_ANO587", "id_parc": "PA8717", "quartier": "Arsenal", "nom_entier": "Boulevard Bourdon", "num_voies": "8", "num_sca": "ADO75CA_ANO587", "geox": 602298.0, "geoy": 128007.0 }, "geometry": { "type": "MultiPoint", "coordinates": [ [ 653619.194317391957156, 6861593.798623401671648 ] ] } },
{ "type": "Feature", "properties": { "gid": 24665, "id_num_sca": "ADO75CA_ANO587", "id_parc": "PA8328", "quartier": "Arsenal", "nom_entier": "Boulevard Bourdon", "num_voies": "6", "num_sca": "ADO75CA_ANO587", "geox": 602300.0, "geoy": 128016.0 }, "geometry": { "type": "MultiPoint", "coordinates": [ [ 653626.736591191031039, 6861620.222076710313559 ] ] } },
{ "type": "Feature", "properties": { "gid": 24666, "id_num_sca": "ADO75CA_ANO587", "id_parc": "PA8702", "quartier": "Arsenal", "nom_entier": "Boulevard Bourdon", "num_voies": "4", "num_sca": "ADO75CA_ANO587", "geox": 602304.0, "geoy": 128028.0 }, "geometry": { "type": "MultiPoint", "coordinates": [ [ 653558.745515041751787, 6861655.870931555517018 ] ] } },
{ "type": "Feature", "properties": { "gid": 24667, "id_num_sca": "ADO75CA_ANO587", "id_parc": "PA8703", "quartier": "Arsenal", "nom_entier": "Boulevard Bourdon", "num_voies": "2", "num_sca": "ADO75CA_ANO587", "geox": 602311.0, "geoy": 128055.0 }, "geometry": { "type": "MultiPoint", "coordinates": [ [ 653556.29327927948907, 6861646.033008936792612 ] ] } },
{ "type": "Feature", "properties": { "gid": 24668, "id_num_sca": "ADO75CA_ANO587", "id_parc": "PA8703", "quartier": "Arsenal", "nom_entier": "Rue de Lesdiguières", "num_voies": "18", "num_sca": "ADO75CA_ANO587", "geox": 602243.0, "geoy": 128090.0 }, "geometry": { "type": "MultiPoint", "coordinates": [ [ 653552.796087210415863, 6861632.69203510414809 ] ] } },
{ "type": "Feature", "properties": { "gid": 24669, "id_num_sca": "ADO75CA_ANO587", "id_parc": "PA8705", "quartier": "Arsenal", "nom_entier": "Rue de Lesdiguières", "num_voies": "16", "num_sca": "ADO75CA_ANO587", "geox": 602241.0, "geoy": 128080.0 }, "geometry": { "type": "MultiPoint", "coordinates": [ [ 653548.083280754159205, 6861615.680202537216246 ] ] } },
{ "type": "Feature", "properties": { "gid": 24670, "id_num_sca": "ADO75CA_ANO587", "id_parc": "PA8704", "quartier": "Arsenal", "nom_entier": "Rue de Lesdiguières", "num_voies": "14", "num_sca": "ADO75CA_ANO587", "geox": 602237.0, "geoy": 128067.0 }, "geometry": { "type": "MultiPoint", "coordinates": [ [ 653540.760043483111076, 6861590.143441487103701 ] ] } },
{ "type": "Feature", "properties": { "gid": 24671, "id_num_sca": "ADO75CA_ANO587", "id_parc": "PA8706", "quartier": "Arsenal", "nom_entier": "Rue de Lesdiguières", "num_voies": "12", "num_sca": "ADO75CA_ANO587", "geox": 602233.0, "geoy": 128050.0 }, "geometry": { "type": "MultiPoint", "coordinates": [ [ 653536.685430175624788, 6861573.549354264512658 ] ] } },
{ "type": "Feature", "properties": { "gid": 24672, "id_num_sca": "ADO75CA_ANO587", "id_parc": "PA8708", "quartier": "Arsenal", "nom_entier": "Rue de Lesdiguières", "num_voies": "10", "num_sca": "ADO75CA_ANO587", "geox": 602226.0, "geoy": 128024.0 }, "geometry": { "type": "MultiPoint", "coordinates": [ [ 653528.313682500040159, 6861544.086467338725924 ] ] } },
{ "type": "Feature", "properties": { "gid": 24673, "id_num_sca": "ADO75CA_ANO587", "id_parc": "PA8700", "quartier": "Arsenal", "nom_entier": "Rue de Lesdiguières", "num_voies": "8", "num_sca": "ADO75CA_ANO587", "geox": 602222.0, "geoy": 128007.0 }, "geometry": { "type": "MultiPoint", "coordinates": [ [ 653522.329432875383645, 6861521.796424332074821 ] ] } },
{ "type": "Feature", "properties": { "gid": 24674, "id_num_sca": "ADO75CA_ANO587", "id_parc": "PA8699", "quartier": "Arsenal", "nom_entier": "Rue de Lesdiguières", "num_voies": "6", "num_sca": "ADO75CA_ANO587", "geox": 602214.0, "geoy": 127978.0 }, "geometry": { "type": "MultiPoint", "coordinates": [ [ 653517.579666010802612, 6861505.419588973745704 ] ] } },
{ "type": "Feature", "properties": { "gid": 24675, "id_num_sca": "ADO75CA_ANO588", "id_parc": "PA8691", "quartier": "Arsenal", "nom_entier": "Rue de Lesdiguières", "num_voies": "4", "num_sca": "ADO75CA_ANO587", "geox": 602208.0, "geoy": 127955.0 }, "geometry": { "type": "MultiPoint", "coordinates": [ [ 653552.402205190388486, 6861649.837451269850135 ] ] } },
{ "type": "Feature", "properties": { "gid": 24676, "id_num_sca": "ADO75CA_ANO588", "id_parc": "PA8692", "quartier": "Arsenal", "nom_entier": "Rue de Lesdiguières", "num_voies": "2", "num_sca": "ADO75CA_ANO587", "geox": 602203.0, "geoy": 127939.0 }, "geometry": { "type": "MultiPoint", "coordinates": [ [ 653549.120027876459062, 6861636.907202981412411 ] ] } },
{ "type": "Feature", "properties": { "gid": 24677, "id_num_sca": "ADO75CA_ANO588", "id_parc": "PA8692", "quartier": "Arsenal", "nom_entier": "Rue de Lesdiguières", "num_voies": "15", "num_sca": "ADO75CA_ANO588", "geox": 602237.0, "geoy": 128084.0 }, "geometry": { "type": "MultiPoint", "coordinates": [ [ 653545.68764873011969, 6861624.983118448406458 ] ] } },
{ "type": "Feature", "properties": { "gid": 24678, "id_num_sca": "ADO75CA_ANO588", "id_parc": "PA8693", "quartier": "Arsenal", "nom_entier": "Rue de Lesdiguières", "num_voies": "13", "num_sca": "ADO75CA_ANO588", "geox": 602234.0, "geoy": 128071.0 }, "geometry": { "type": "MultiPoint", "coordinates": [ [ 653542.466368614579551, 6861613.00436782464385 ] ] } },
{ "type": "Feature", "properties": { "gid": 24679, "id_num_sca": "ADO75CA_ANO588", "id_parc": "PA8694", "quartier": "Arsenal", "nom_entier": "Rue de Lesdiguières", "num_voies": "11", "num_sca": "ADO75CA_ANO588", "geox": 602230.0, "geoy": 128059.0 }, "geometry": { "type": "MultiPoint", "coordinates": [ [ 653536.023810239741579, 6861589.04686985630542 ] ] } },
{ "type": "Feature", "properties": { "gid": 24680, "id_num_sca": "ADO75CA_ANO588", "id_parc": "PA8694", "quartier": "Arsenal", "nom_entier": "Rue de Lesdiguières", "num_voies": "9", "num_sca": "ADO75CA_ANO588", "geox": 602227.0, "geoy": 128047.0 }, "geometry": { "type": "MultiPoint", "coordinates": [ [ 653532.310539679601789, 6861575.168250464834273 ] ] } },
{ "type": "Feature", "properties": { "gid": 24681, "id_num_sca": "ADO75CA_ANO588", "id_parc": "PA8696", "quartier": "Arsenal", "nom_entier": "Rue de Lesdiguières", "num_voies": "7", "num_sca": "ADO75CA_ANO588", "geox": 602221.0, "geoy": 128023.0 }, "geometry": { "type": "MultiPoint", "coordinates": [ [ 653528.424372669425793, 6861559.598630639724433 ] ] } },
{ "type": "Feature", "properties": { "gid": 24682, "id_num_sca": "ADO75CA_ANO588", "id_parc": "PA8695", "quartier": "Arsenal", "nom_entier": "Rue de Lesdiguières", "num_voies": "5", "num_sca": "ADO75CA_ANO588", "geox": 602217.0, "geoy": 128009.0 }, "geometry": { "type": "MultiPoint", "coordinates": [ [ 653524.153321186779067, 6861542.286907009780407 ] ] } },
{ "type": "Feature", "properties": { "gid": 24683, "id_num_sca": "ADO75CA_ANO588", "id_parc": "PA8329", "quartier": "Arsenal", "nom_entier": "Rue de Lesdiguières", "num_voies": "3", "num_sca": "ADO75CA_ANO588", "geox": 602214.0, "geoy": 127993.0 }, "geometry": { "type": "MultiPoint", "coordinates": [ [ 653493.376492690527812, 6861505.153363915160298 ] ] } },
{ "type": "Feature", "properties": { "gid": 24684, "id_num_sca": "ADO75CA_ANO588", "id_parc": "PA8698", "quartier": "Arsenal", "nom_entier": "Rue de Lesdiguières", "num_voies": "1", "num_sca": "ADO75CA_ANO588", "geox": 602210.0, "geoy": 127976.0 }, "geometry": { "type": "MultiPoint", "coordinates": [ [ 653495.367197670857422, 6861603.457826725207269 ] ] } },
{ "type": "Feature", "properties": { "gid": 24685, "id_num_sca": "ADO75CA_ANO588", "id_parc": "PA8698", "quartier": "Arsenal", "nom_entier": "Rue de la Cerisaie", "num_voies": "4", "num_sca": "ADO75CA_ANO588", "geox": 602179.0, "geoy": 127939.0 }, "geometry": { "type": "MultiPoint", "coordinates": [ [ 653510.866403940250166, 6861654.048179150559008 ] ] } },
{ "type": "Feature", "properties": { "gid": 24686, "id_num_sca": "ADO75CA_ANO589", "id_parc": "PA8597", "quartier": "Arsenal", "nom_entier": "Rue Castex", "num_voies": "4", "num_sca": "ADO75CA_ANO588", "geox": 602180.0, "geoy": 128037.0 }, "geometry": { "type": "MultiPoint", "coordinates": [ [ 653444.155581841128878, 6861526.300468767993152 ] ] } },
{ "type": "Feature", "properties": { "gid": 24687, "id_num_sca": "ADO75CA_ANO589", "id_parc": "PA8330", "quartier": "Arsenal", "nom_entier": "Rue Castex", "num_voies": "6", "num_sca": "ADO75CA_ANO588", "geox": 602195.0, "geoy": 128088.0 }, "geometry": { "type": "MultiPoint", "coordinates": [ [ 653423.930192897911184, 6861536.30819592345506 ] ] } },
{ "type": "Feature", "properties": { "gid": 24688, "id_num_sca": "ADO75CA_ANO589", "id_parc": "PA8596", "quartier": "Arsenal", "nom_entier": "Rue de la Cerisaie", "num_voies": "6", "num_sca": "ADO75CA_ANO589", "geox": 602130.0, "geoy": 127959.0 }, "geometry": { "type": "MultiPoint", "coordinates": [ [ 653403.308855531853624, 6861549.545502357184887 ] ] } },
{ "type": "Feature", "properties": { "gid": 24689, "id_num_sca": "ADO75CA_ANO589", "id_parc": "PA8594", "quartier": "Arsenal", "nom_entier": "Rue de la Cerisaie", "num_voies": "8", "num_sca": "ADO75CA_ANO589", "geox": 602109.0, "geoy": 127969.0 }, "geometry": { "type": "MultiPoint", "coordinates": [ [ 653391.902488335617818, 6861557.945173162035644 ] ] } },
{ "type": "Feature", "properties": { "gid": 24690, "id_num_sca": "ADO75CA_ANO589", "id_parc": "PA8592", "quartier": "Arsenal", "nom_entier": "Rue de la Cerisaie", "num_voies": "10", "num_sca": "ADO75CA_ANO589", "geox": 602089.0, "geoy": 127982.0 }, "geometry": { "type": "MultiPoint", "coordinates": [ [ 653381.806696954648942, 6861564.958685531280935 ] ] } },
{ "type": "Feature", "properties": { "gid": 24691, "id_num_sca": "ADO75CA_ANO589", "id_parc": "PA8593", "quartier": "Arsenal", "nom_entier": "Rue de la Cerisaie", "num_voies": "12", "num_sca": "ADO75CA_ANO589", "geox": 602077.0, "geoy": 127991.0 }, "geometry": { "type": "MultiPoint", "coordinates": [ [ 653363.296334185521118, 6861577.64931941498071 ] ] } },
{ "type": "Feature", "properties": { "gid": 24692, "id_num_sca": "ADO75CA_ANO589", "id_parc": "PA8591", "quartier": "Arsenal", "nom_entier": "Rue de la Cerisaie", "num_voies": "14", "num_sca": "ADO75CA_ANO589", "geox": 602067.0, "geoy": 127997.0 }, "geometry": { "type": "MultiPoint", "coordinates": [ [ 653373.552098851650953, 6861614.797048260457814 ] ] } },
{ "type": "Feature", "properties": { "gid": 24693, "id_num_sca": "ADO75CA_ANO589", "id_parc": "PA8595", "quartier": "Arsenal", "nom_entier": "Rue de la Cerisaie", "num_voies": "16", "num_sca": "ADO75CA_ANO589", "geox": 602048.0, "geoy": 128010.0 }, "geometry": { "type": "MultiPoint", "coordinates": [ [ 653380.966411340748891, 6861622.244901983067393 ] ] } },
{ "type": "Feature", "properties": { "gid": 24694, "id_num_sca": "ADO75CA_ANO589", "id_parc": "PA8601", "quartier": "Arsenal", "nom_entier": "Rue du Petit Musc", "num_voies": "10", "num_sca": "ADO75CA_ANO589", "geox": 602058.0, "geoy": 128047.0 }, "geometry": { "type": "MultiPoint", "coordinates": [ [ 653391.842776457662694, 6861632.572517022490501 ] ] } },
{ "type": "Feature", "properties": { "gid": 24695, "id_num_sca": "ADO75CA_ANO589", "id_parc": "PA8601", "quartier": "Arsenal", "nom_entier": "Rue du Petit Musc", "num_voies": "12", "num_sca": "ADO75CA_ANO589", "geox": 602066.0, "geoy": 128055.0 }, "geometry": { "type": "MultiPoint", "coordinates": [ [ 653412.06004244054202, 6861653.029119279235601 ] ] } },
{ "type": "Feature", "properties": { "gid": 24696, "id_num_sca": "ADO75CA_ANO589", "id_parc": "PA8602", "quartier": "Arsenal", "nom_entier": "Rue du Petit Musc", "num_voies": "14", "num_sca": "ADO75CA_ANO589", "geox": 602076.0, "geoy": 128065.0 }, "geometry": { "type": "MultiPoint", "coordinates": [ [ 653434.845203834818676, 6861676.954795458354056 ] ] } },
{ "type": "Feature", "properties": { "gid": 24697, "id_num_sca": "ADO75CA_ANO589", "id_parc": "PA8602", "quartier": "Arsenal", "nom_entier": "Rue du Petit Musc", "num_voies": "16", "num_sca": "ADO75CA_ANO589", "geox": 602097.0, "geoy": 128086.0 }, "geometry": { "type": "MultiPoint", "coordinates": [ [ 653464.895632929052226, 6861690.611641241237521 ] ] } },
{ "type": "Feature", "properties": { "gid": 24698, "id_num_sca": "ADO75CA_ANO589", "id_parc": "PA8600", "quartier": "Arsenal", "nom_entier": "Rue du Petit Musc", "num_voies": "18", "num_sca": "ADO75CA_ANO589", "geox": 602119.0, "geoy": 128110.0 }, "geometry": { "type": "MultiPoint", "coordinates": [ [ 653484.970840978319757, 6861681.610057429410517 ] ] } },
{ "type": "Feature", "properties": { "gid": 24699, "id_num_sca": "ADO75CA_ANO590", "id_parc": "PA8579", "quartier": "Arsenal", "nom_entier": "Rue Saint Antoine", "num_voies": "212", "num_sca": "ADO75CA_ANO589", "geox": 602149.0, "geoy": 128124.0 }, "geometry": { "type": "MultiPoint", "coordinates": [ [ 653389.426174224587157, 6861717.328165164217353 ] ] } },
{ "type": "Feature", "properties": { "gid": 24700, "id_num_sca": "ADO75CA_ANO590", "id_parc": "PA8581", "quartier": "Arsenal", "nom_entier": "Rue Saint Antoine", "num_voies": "214", "num_sca": "ADO75CA_ANO589", "geox": 602169.0, "geoy": 128115.0 }, "geometry": { "type": "MultiPoint", "coordinates": [ [ 653393.563998728408478, 6861715.349496251903474 ] ] } },
{ "type": "Feature", "properties": { "gid": 24701, "id_num_sca": "ADO75CA_ANO590", "id_parc": "PA8584", "quartier": "Arsenal", "nom_entier": "Rue Saint Antoine", "num_voies": "190", "num_sca": "ADO75CA_ANO590", "geox": 602073.0, "geoy": 128150.0 }, "geometry": { "type": "MultiPoint", "coordinates": [ [ 653397.70310566178523, 6861713.523273364640772 ] ] } },
{ "type": "Feature", "properties": { "gid": 24702, "id_num_sca": "ADO75CA_ANO590", "id_parc": "PA8585", "quartier": "Arsenal", "nom_entier": "Rue Saint Antoine", "num_voies": "192", "num_sca": "ADO75CA_ANO590", "geox": 602077.0, "geoy": 128148.0 }, "geometry": { "type": "MultiPoint", "coordinates": [ [ 653402.374493911163881, 6861711.540111238136888 ] ] } },
{ "type": "Feature", "properties": { "gid": 24703, "id_num_sca": "ADO75CA_ANO590", "id_parc": "PA8583", "quartier": "Arsenal", "nom_entier": "Rue Saint Antoine", "num_voies": "194", "num_sca": "ADO75CA_ANO590", "geox": 602082.0, "geoy": 128146.0 }, "geometry": { "type": "MultiPoint", "coordinates": [ [ 653407.31138143769931, 6861709.402256355620921 ] ] } },
{ "type": "Feature", "properties": { "gid": 24704, "id_num_sca": "ADO75CA_ANO590", "id_parc": "PA8582", "quartier": "Arsenal", "nom_entier": "Rue Saint Antoine", "num_voies": "196", "num_sca": "ADO75CA_ANO590", "geox": 602086.0, "geoy": 128144.0 }, "geometry": { "type": "MultiPoint", "coordinates": [ [ 653413.349340092740022, 6861706.759644417092204 ] ] } },
{ "type": "Feature", "properties": { "gid": 24705, "id_num_sca": "ADO75CA_ANO590", "id_parc": "PA8588", "quartier": "Arsenal", "nom_entier": "Rue Saint Antoine", "num_voies": "198", "num_sca": "ADO75CA_ANO590", "geox": 602091.0, "geoy": 128142.0 }, "geometry": { "type": "MultiPoint", "coordinates": [ [ 653419.12244038656354, 6861704.347947933711112 ] ] } },
{ "type": "Feature", "properties": { "gid": 24706, "id_num_sca": "ADO75CA_ANO590", "id_parc": "PA8587", "quartier": "Arsenal", "nom_entier": "Rue Saint Antoine", "num_voies": "200", "num_sca": "ADO75CA_ANO590", "geox": 602097.0, "geoy": 128140.0 }, "geometry": { "type": "MultiPoint", "coordinates": [ [ 653423.908483732724562, 6861702.401933865621686 ] ] } },
{ "type": "Feature", "properties": { "gid": 24707, "id_num_sca": "ADO75CA_ANO590", "id_parc": "PA8589", "quartier": "Arsenal", "nom_entier": "Rue Saint Antoine", "num_voies": "202", "num_sca": "ADO75CA_ANO590", "geox": 602103.0, "geoy": 128137.0 }, "geometry": { "type": "MultiPoint", "coordinates": [ [ 653428.16128362051677, 6861700.49852426815778 ] ] } },
{ "type": "Feature", "properties": { "gid": 24708, "id_num_sca": "ADO75CA_ANO590", "id_parc": "PA8590", "quartier": "Arsenal", "nom_entier": "Rue Saint Antoine", "num_voies": "204", "num_sca": "ADO75CA_ANO590", "geox": 602108.0, "geoy": 128135.0 }, "geometry": { "type": "MultiPoint", "coordinates": [ [ 653433.478646065923385, 6861698.28123608790338 ] ] } },
{ "type": "Feature", "properties": { "gid": 24709, "id_num_sca": "ADO75CA_ANO590", "id_parc": "PA8331", "quartier": "Arsenal", "nom_entier": "Rue Saint Antoine", "num_voies": "206", "num_sca": "ADO75CA_ANO590", "geox": 602112.0, "geoy": 128133.0 }, "geometry": { "type": "MultiPoint", "coordinates": [ [ 653438.987208175822161, 6861696.138566085137427 ] ] } },
{ "type": "Feature", "properties": { "gid": 24710, "id_num_sca": "ADO75CA_ANO590", "id_parc": "PA8331", "quartier": "Arsenal", "nom_entier": "Rue Saint Antoine", "num_voies": "208", "num_sca": "ADO75CA_ANO590", "geox": 602118.0, "geoy": 128131.0 }, "geometry": { "type": "MultiPoint", "coordinates": [ [ 653434.726575366104953, 6861683.520522139035165 ] ] } },
{ "type": "Feature", "properties": { "gid": 24711, "id_num_sca": "ADO75CA_ANO590", "id_parc": "PA8586", "quartier": "Arsenal", "nom_entier": "Rue Saint Antoine", "num_voies": "210", "num_sca": "ADO75CA_ANO590", "geox": 602123.0, "geoy": 128129.0 }, "geometry": { "type": "MultiPoint", "coordinates": [ [ 653423.487333501921967, 6861670.465760746970773 ] ] } },
{ "type": "Feature", "properties": { "gid": 24712, "id_num_sca": "ADO75CA_ANO590", "id_parc": "PA8577", "quartier": "Arsenal", "nom_entier": "Rue du Petit Musc", "num_voies": "21", "num_sca": "ADO75CA_ANO590", "geox": 602119.0, "geoy": 128116.0 }, "geometry": { "type": "MultiPoint", "coordinates": [ [ 653413.750161863863468, 6861659.26594765484333 ] ] } },
{ "type": "Feature", "properties": { "gid": 24713, "id_num_sca": "ADO75CA_ANO590", "id_parc": "PA8573", "quartier": "Arsenal", "nom_entier": "Rue du Petit Musc", "num_voies": "19", "num_sca": "ADO75CA_ANO590", "geox": 602108.0, "geoy": 128103.0 }, "geometry": { "type": "MultiPoint", "coordinates": [ [ 653377.619921442703344, 6861623.285460276529193 ] ] } },
{ "type": "Feature", "properties": { "gid": 24714, "id_num_sca": "ADO75CA_ANO590", "id_parc": "PA8570", "quartier": "Arsenal", "nom_entier": "Rue du Petit Musc", "num_voies": "17", "num_sca": "ADO75CA_ANO590", "geox": 602098.0, "geoy": 128092.0 }, "geometry": { "type": "MultiPoint", "coordinates": [ [ 653362.514738387428224, 6861608.281314576044679 ] ] } },
{ "type": "Feature", "properties": { "gid": 24715, "id_num_sca": "ADO75CA_ANO590", "id_parc": "PA8565", "quartier": "Arsenal", "nom_entier": "Rue du Petit Musc", "num_voies": "15", "num_sca": "ADO75CA_ANO590", "geox": 602062.0, "geoy": 128056.0 }, "geometry": { "type": "MultiPoint", "coordinates": [ [ 653350.023596917511895, 6861595.923151602037251 ] ] } },
{ "type": "Feature", "properties": { "gid": 24716, "id_num_sca": "ADO75CA_ANO590", "id_parc": "PA8566", "quartier": "Arsenal", "nom_entier": "Rue du Petit Musc", "num_voies": "13", "num_sca": "ADO75CA_ANO590", "geox": 602047.0, "geoy": 128041.0 }, "geometry": { "type": "MultiPoint", "coordinates": [ [ 653341.566887384513393, 6861587.418665518984199 ] ] } },
{ "type": "Feature", "properties": { "gid": 24717, "id_num_sca": "ADO75CA_ANO590", "id_parc": "PA8567", "quartier": "Arsenal", "nom_entier": "Rue du Petit Musc", "num_voies": "11", "num_sca": "ADO75CA_ANO590", "geox": 602035.0, "geoy": 128028.0 }, "geometry": { "type": "MultiPoint", "coordinates": [ [ 653328.61456264287699, 6861574.607015507295728 ] ] } },
{ "type": "Feature", "properties": { "gid": 24718, "id_num_sca": "ADO75CA_ANO590", "id_parc": "PA8568", "quartier": "Arsenal", "nom_entier": "Rue du Petit Musc", "num_voies": "9", "num_sca": "ADO75CA_ANO590", "geox": 602027.0, "geoy": 128020.0 }, "geometry": { "type": "MultiPoint", "coordinates": [ [ 653294.565093896118924, 6861604.737123657949269 ] ] } },
{ "type": "Feature", "properties": { "gid": 24719, "id_num_sca": "ADO75CA_ANO590", "id_parc": "PA8569", "quartier": "Arsenal", "nom_entier": "Rue du Petit Musc", "num_voies": "7", "num_sca": "ADO75CA_ANO590", "geox": 602014.0, "geoy": 128007.0 }, "geometry": { "type": "MultiPoint", "coordinates": [ [ 653307.862388263922185, 6861622.310151201672852 ] ] } },
{ "type": "Feature", "properties": { "gid": 24720, "id_num_sca": "ADO75CA_ANO590", "id_parc": "PA8570", "quartier": "Arsenal", "nom_entier": "Rue Beautreillis", "num_voies": "2", "num_sca": "ADO75CA_ANO590", "geox": 601979.0, "geoy": 128037.0 }, "geometry": { "type": "MultiPoint", "coordinates": [ [ 653321.160648273187689, 6861639.997514354996383 ] ] } },
{ "type": "Feature", "properties": { "gid": 24721, "id_num_sca": "ADO75CA_ANO590", "id_parc": "PA8574", "quartier": "Arsenal", "nom_entier": "Rue Beautreillis", "num_voies": "4", "num_sca": "ADO75CA_ANO590", "geox": 601993.0, "geoy": 128054.0 }, "geometry": { "type": "MultiPoint", "coordinates": [ [ 653328.714221570873633, 6861649.881721703335643 ] ] } },
{ "type": "Feature", "properties": { "gid": 24722, "id_num_sca": "ADO75CA_ANO590", "id_parc": "PA8572", "quartier": "Arsenal", "nom_entier": "Rue Beautreillis", "num_voies": "6", "num_sca": "ADO75CA_ANO590", "geox": 602006.0, "geoy": 128072.0 }, "geometry": { "type": "MultiPoint", "coordinates": [ [ 653332.675956305465661, 6861654.155269489623606 ] ] } },
{ "type": "Feature", "properties": { "gid": 24723, "id_num_sca": "ADO75CA_ANO590", "id_parc": "PA8571", "quartier": "Arsenal", "nom_entier": "Rue Beautreillis", "num_voies": "8", "num_sca": "ADO75CA_ANO590", "geox": 602013.0, "geoy": 128082.0 }, "geometry": { "type": "MultiPoint", "coordinates": [ [ 653337.118437072378583, 6861661.207107041031122 ] ] } },
{ "type": "Feature", "properties": { "gid": 24724, "id_num_sca": "ADO75CA_ANO590", "id_parc": "PA8575", "quartier": "Arsenal", "nom_entier": "Rue Beautreillis", "num_voies": "10", "num_sca": "ADO75CA_ANO590", "geox": 602017.0, "geoy": 128086.0 }, "geometry": { "type": "MultiPoint", "coordinates": [ [ 653349.187512167263776, 6861677.761396203190088 ] ] } },
{ "type": "Feature", "properties": { "gid": 24725, "id_num_sca": "ADO75CA_ANO590", "id_parc": "PA8576", "quartier": "Arsenal", "nom_entier": "Rue Beautreillis", "num_voies": "12", "num_sca": "ADO75CA_ANO590", "geox": 602022.0, "geoy": 128093.0 }, "geometry": { "type": "MultiPoint", "coordinates": [ [ 653362.740702762501314, 6861694.036390070803463 ] ] } },
{ "type": "Feature", "properties": { "gid": 24726, "id_num_sca": "ADO75CA_ANO590", "id_parc": "PA8580", "quartier": "Arsenal", "nom_entier": "Rue Beautreillis", "num_voies": "14", "num_sca": "ADO75CA_ANO590", "geox": 602033.0, "geoy": 128110.0 }, "geometry": { "type": "MultiPoint", "coordinates": [ [ 653370.162676928564906, 6861706.399132345803082 ] ] } },
{ "type": "Feature", "properties": { "gid": 24727, "id_num_sca": "ADO75CA_ANO590", "id_parc": "PA8578", "quartier": "Arsenal", "nom_entier": "Rue Beautreillis", "num_voies": "16", "num_sca": "ADO75CA_ANO590", "geox": 602047.0, "geoy": 128126.0 }, "geometry": { "type": "MultiPoint", "coordinates": [ [ 653377.788634046213701, 6861715.825361832045019 ] ] } },
{ "type": "Feature", "properties": { "gid": 24728, "id_num_sca": "ADO75CA_ANO591", "id_parc": "PA8655", "quartier": "Arsenal", "nom_entier": "Rue Beautreillis", "num_voies": "18", "num_sca": "ADO75CA_ANO590", "geox": 602054.0, "geoy": 128139.0 }, "geometry": { "type": "MultiPoint", "coordinates": [ [ 653376.288897905731574, 6861723.308380236849189 ] ] } },
{ "type": "Feature", "properties": { "gid": 24729, "id_num_sca": "ADO75CA_ANO591", "id_parc": "PA8652", "quartier": "Arsenal", "nom_entier": "Rue Beautreillis", "num_voies": "20", "num_sca": "ADO75CA_ANO590", "geox": 602062.0, "geoy": 128148.0 }, "geometry": { "type": "MultiPoint", "coordinates": [ [ 653368.96796446130611, 6861727.486363323405385 ] ] } },
{ "type": "Feature", "properties": { "gid": 24730, "id_num_sca": "ADO75CA_ANO591", "id_parc": "PA8657", "quartier": "Arsenal", "nom_entier": "Rue Saint Antoine", "num_voies": "186", "num_sca": "ADO75CA_ANO591", "geox": 602060.0, "geoy": 128156.0 }, "geometry": { "type": "MultiPoint", "coordinates": [ [ 653361.761365685844794, 6861731.663383368402719 ] ] } },
{ "type": "Feature", "properties": { "gid": 24731, "id_num_sca": "ADO75CA_ANO591", "id_parc": "PA8656", "quartier": "Arsenal", "nom_entier": "Rue Saint Antoine", "num_voies": "184", "num_sca": "ADO75CA_ANO591", "geox": 602053.0, "geoy": 128160.0 }, "geometry": { "type": "MultiPoint", "coordinates": [ [ 653356.907112484914251, 6861734.562825731933117 ] ] } },
{ "type": "Feature", "properties": { "gid": 24732, "id_num_sca": "ADO75CA_ANO591", "id_parc": "PA8603", "quartier": "Arsenal", "nom_entier": "Rue Saint Antoine", "num_voies": "182", "num_sca": "ADO75CA_ANO591", "geox": 602046.0, "geoy": 128164.0 }, "geometry": { "type": "MultiPoint", "coordinates": [ [ 653351.21985179791227, 6861738.117224211804569 ] ] } },
{ "type": "Feature", "properties": { "gid": 24733, "id_num_sca": "ADO75CA_ANO591", "id_parc": "PA8645", "quartier": "Arsenal", "nom_entier": "Rue Saint Antoine", "num_voies": "180", "num_sca": "ADO75CA_ANO591", "geox": 602041.0, "geoy": 128167.0 }, "geometry": { "type": "MultiPoint", "coordinates": [ [ 653344.582362674293108, 6861741.984537584707141 ] ] } },
{ "type": "Feature", "properties": { "gid": 24734, "id_num_sca": "ADO75CA_ANO591", "id_parc": "PA8643", "quartier": "Arsenal", "nom_entier": "Rue Saint Antoine", "num_voies": "178", "num_sca": "ADO75CA_ANO591", "geox": 602035.0, "geoy": 128170.0 }, "geometry": { "type": "MultiPoint", "coordinates": [ [ 653337.979137397371233, 6861745.394191304221749 ] ] } },
{ "type": "Feature", "properties": { "gid": 24735, "id_num_sca": "ADO75CA_ANO591", "id_parc": "PA8644", "quartier": "Arsenal", "nom_entier": "Rue Saint Antoine", "num_voies": "176", "num_sca": "ADO75CA_ANO591", "geox": 602028.0, "geoy": 128174.0 }, "geometry": { "type": "MultiPoint", "coordinates": [ [ 653333.694635267136618, 6861748.060150196775794 ] ] } },
{ "type": "Feature", "properties": { "gid": 24736, "id_num_sca": "ADO75CA_ANO591", "id_parc": "PA8642", "quartier": "Arsenal", "nom_entier": "Rue Saint Antoine", "num_voies": "174", "num_sca": "ADO75CA_ANO591", "geox": 602022.0, "geoy": 128178.0 }, "geometry": { "type": "MultiPoint", "coordinates": [ [ 653327.39758565754164, 6861751.619682429358363 ] ] } },
{ "type": "Feature", "properties": { "gid": 24737, "id_num_sca": "ADO75CA_ANO591", "id_parc": "PA8649", "quartier": "Arsenal", "nom_entier": "Rue Saint Antoine", "num_voies": "172", "num_sca": "ADO75CA_ANO591", "geox": 602017.0, "geoy": 128180.0 }, "geometry": { "type": "MultiPoint", "coordinates": [ [ 653319.930614296114072, 6861756.561178046278656 ] ] } },
{ "type": "Feature", "properties": { "gid": 24738, "id_num_sca": "ADO75CA_ANO591", "id_parc": "PA8647", "quartier": "Arsenal", "nom_entier": "Rue Saint Antoine", "num_voies": "170", "num_sca": "ADO75CA_ANO591", "geox": 602011.0, "geoy": 128184.0 }, "geometry": { "type": "MultiPoint", "coordinates": [ [ 653312.870367418508977, 6861760.012793167494237 ] ] } },
{ "type": "Feature", "properties": { "gid": 24739, "id_num_sca": "ADO75CA_ANO591", "id_parc": "PA8648", "quartier": "Arsenal", "nom_entier": "Rue Saint Antoine", "num_voies": "168", "num_sca": "ADO75CA_ANO591", "geox": 602004.0, "geoy": 128189.0 }, "geometry": { "type": "MultiPoint", "coordinates": [ [ 653307.218971738126129, 6861763.300088576972485 ] ] } },
{ "type": "Feature", "properties": { "gid": 24740, "id_num_sca": "ADO75CA_ANO591", "id_parc": "PA8605", "quartier": "Arsenal", "nom_entier": "Rue Saint Antoine", "num_voies": "166", "num_sca": "ADO75CA_ANO591", "geox": 601996.0, "geoy": 128192.0 }, "geometry": { "type": "MultiPoint", "coordinates": [ [ 653298.910975874750875, 6861767.943750709295273 ] ] } },
{ "type": "Feature", "properties": { "gid": 24741, "id_num_sca": "ADO75CA_ANO591", "id_parc": "PA8604", "quartier": "Arsenal", "nom_entier": "Rue Saint Antoine", "num_voies": "164", "num_sca": "ADO75CA_ANO591", "geox": 601991.0, "geoy": 128195.0 }, "geometry": { "type": "MultiPoint", "coordinates": [ [ 653294.019569866359234, 6861770.957846956327558 ] ] } },
{ "type": "Feature", "properties": { "gid": 24742, "id_num_sca": "ADO75CA_ANO591", "id_parc": "PA8630", "quartier": "Arsenal", "nom_entier": "Rue Saint Antoine", "num_voies": "162", "num_sca": "ADO75CA_ANO591", "geox": 601982.0, "geoy": 128200.0 }, "geometry": { "type": "MultiPoint", "coordinates": [ [ 653287.23379813239444, 6861775.321891973726451 ] ] } },
{ "type": "Feature", "properties": { "gid": 24743, "id_num_sca": "ADO75CA_ANO591", "id_parc": "PA8632", "quartier": "Arsenal", "nom_entier": "Rue Saint Antoine", "num_voies": "160", "num_sca": "ADO75CA_ANO591", "geox": 601977.0, "geoy": 128203.0 }, "geometry": { "type": "MultiPoint", "coordinates": [ [ 653276.272085718112066, 6861781.664923723787069 ] ] } },
{ "type": "Feature", "properties": { "gid": 24744, "id_num_sca": "ADO75CA_ANO591", "id_parc": "PA8640", "quartier": "Arsenal", "nom_entier": "Rue Saint Antoine", "num_voies": "158", "num_sca": "ADO75CA_ANO591", "geox": 601971.0, "geoy": 128207.0 }, "geometry": { "type": "MultiPoint", "coordinates": [ [ 653267.204738100175746, 6861786.658006133511662 ] ] } },
{ "type": "Feature", "properties": { "gid": 24745, "id_num_sca": "ADO75CA_ANO591", "id_parc": "PA8639", "quartier": "Arsenal", "nom_entier": "Rue Saint Antoine", "num_voies": "156", "num_sca": "ADO75CA_ANO591", "geox": 601960.0, "geoy": 128213.0 }, "geometry": { "type": "MultiPoint", "coordinates": [ [ 653263.716091142850928, 6861788.783663074485958 ] ] } },
{ "type": "Feature", "properties": { "gid": 24746, "id_num_sca": "ADO75CA_ANO591", "id_parc": "PA8641", "quartier": "Arsenal", "nom_entier": "Rue Saint Antoine", "num_voies": "154", "num_sca": "ADO75CA_ANO591", "geox": 601951.0, "geoy": 128218.0 }, "geometry": { "type": "MultiPoint", "coordinates": [ [ 653260.681578957475722, 6861790.524353781715035 ] ] } },
{ "type": "Feature", "properties": { "gid": 24747, "id_num_sca": "ADO75CA_ANO591", "id_parc": "PA8637", "quartier": "Arsenal", "nom_entier": "Rue Saint Antoine", "num_voies": "152", "num_sca": "ADO75CA_ANO591", "geox": 601947.0, "geoy": 128220.0 }, "geometry": { "type": "MultiPoint", "coordinates": [ [ 653257.153217054903507, 6861792.459773692302406 ] ] } },
{ "type": "Feature", "properties": { "gid": 24748, "id_num_sca": "ADO75CA_ANO591", "id_parc": "PA8638", "quartier": "Arsenal", "nom_entier": "Rue Saint Antoine", "num_voies": "150", "num_sca": "ADO75CA_ANO591", "geox": 601944.0, "geoy": 128222.0 }, "geometry": { "type": "MultiPoint", "coordinates": [ [ 653253.132928969105706, 6861794.818592122755945 ] ] } },
{ "type": "Feature", "properties": { "gid": 24749, "id_num_sca": "ADO75CA_ANO591", "id_parc": "PA8633", "quartier": "Arsenal", "nom_entier": "Rue Saint Antoine", "num_voies": "148", "num_sca": "ADO75CA_ANO591", "geox": 601940.0, "geoy": 128224.0 }, "geometry": { "type": "MultiPoint", "coordinates": [ [ 653247.595224144868553, 6861798.028699920512736 ] ] } },
{ "type": "Feature", "properties": { "gid": 24750, "id_num_sca": "ADO75CA_ANO591", "id_parc": "PA8634", "quartier": "Arsenal", "nom_entier": "Rue Saint Antoine", "num_voies": "146", "num_sca": "ADO75CA_ANO591", "geox": 601936.0, "geoy": 128226.0 }, "geometry": { "type": "MultiPoint", "coordinates": [ [ 653242.362412972957827, 6861801.236240529455245 ] ] } },
{ "type": "Feature", "properties": { "gid": 24751, "id_num_sca": "ADO75CA_ANO591", "id_parc": "PA8636", "quartier": "Arsenal", "nom_entier": "Rue Saint Antoine", "num_voies": "144", "num_sca": "ADO75CA_ANO591", "geox": 601931.0, "geoy": 128229.0 }, "geometry": { "type": "MultiPoint", "coordinates": [ [ 653230.632896136026829, 6861793.331001012586057 ] ] } },
{ "type": "Feature", "properties": { "gid": 24752, "id_num_sca": "ADO75CA_ANO591", "id_parc": "PA8635", "quartier": "Arsenal", "nom_entier": "Rue Saint Antoine", "num_voies": "142", "num_sca": "ADO75CA_ANO591", "geox": 601926.0, "geoy": 128233.0 }, "geometry": { "type": "MultiPoint", "coordinates": [ [ 653225.917864056304097, 6861785.595389974303544 ] ] } },
{ "type": "Feature", "properties": { "gid": 24753, "id_num_sca": "ADO75CA_ANO591", "id_parc": "PA8631", "quartier": "Arsenal", "nom_entier": "Rue Saint Paul", "num_voies": "44", "num_sca": "ADO75CA_ANO591", "geox": 601914.0, "geoy": 128225.0 }, "geometry": { "type": "MultiPoint", "coordinates": [ [ 653218.598052713321522, 6861771.783429247327149 ] ] } },
{ "type": "Feature", "properties": { "gid": 24754, "id_num_sca": "ADO75CA_ANO591", "id_parc": "PA8611", "quartier": "Arsenal", "nom_entier": "Rue Saint Paul", "num_voies": "42", "num_sca": "ADO75CA_ANO591", "geox": 601909.0, "geoy": 128217.0 }, "geometry": { "type": "MultiPoint", "coordinates": [ [ 653210.680316891637631, 6861759.386730760335922 ] ] } },
{ "type": "Feature", "properties": { "gid": 24755, "id_num_sca": "ADO75CA_ANO591", "id_parc": "PA8609", "quartier": "Arsenal", "nom_entier": "Rue Saint Paul", "num_voies": "40", "num_sca": "ADO75CA_ANO591", "geox": 601902.0, "geoy": 128203.0 }, "geometry": { "type": "MultiPoint", "coordinates": [ [ 653207.84526467078831, 6861753.121748940087855 ] ] } },
{ "type": "Feature", "properties": { "gid": 24756, "id_num_sca": "ADO75CA_ANO591", "id_parc": "PA8629", "quartier": "Arsenal", "nom_entier": "Rue Saint Paul", "num_voies": "38", "num_sca": "ADO75CA_ANO591", "geox": 601894.0, "geoy": 128190.0 }, "geometry": { "type": "MultiPoint", "coordinates": [ [ 653202.771484306897037, 6861738.985967512242496 ] ] } },
{ "type": "Feature", "properties": { "gid": 24757, "id_num_sca": "ADO75CA_ANO591", "id_parc": "PA8618", "quartier": "Arsenal", "nom_entier": "Rue Saint Paul", "num_voies": "36", "num_sca": "ADO75CA_ANO591", "geox": 601891.0, "geoy": 128184.0 }, "geometry": { "type": "MultiPoint", "coordinates": [ [ 653197.818168365047313, 6861730.108937909826636 ] ] } },
{ "type": "Feature", "properties": { "gid": 24758, "id_num_sca": "ADO75CA_ANO591", "id_parc": "PA8617", "quartier": "Arsenal", "nom_entier": "Rue Saint Paul", "num_voies": "32", "num_sca": "ADO75CA_ANO591", "geox": 601887.0, "geoy": 128170.0 }, "geometry": { "type": "MultiPoint", "coordinates": [ [ 653191.250376203330234, 6861719.606588926166296 ] ] } },
{ "type": "Feature", "properties": { "gid": 24759, "id_num_sca": "ADO75CA_ANO591", "id_parc": "PA8615", "quartier": "Arsenal", "nom_entier": "Rue Saint Paul", "num_voies": "30", "num_sca": "ADO75CA_ANO591", "geox": 601882.0, "geoy": 128161.0 }, "geometry": { "type": "MultiPoint", "coordinates": [ [ 653185.409913471085019, 6861709.479259490966797 ] ] } },
{ "type": "Feature", "properties": { "gid": 24760, "id_num_sca": "ADO75CA_ANO591", "id_parc": "PA8616", "quartier": "Arsenal", "nom_entier": "Rue Saint Paul", "num_voies": "28", "num_sca": "ADO75CA_ANO591", "geox": 601875.0, "geoy": 128151.0 }, "geometry": { "type": "MultiPoint", "coordinates": [ [ 653182.082937723724172, 6861703.637677641585469 ] ] } },
{ "type": "Feature", "properties": { "gid": 24761, "id_num_sca": "ADO75CA_ANO591", "id_parc": "PA8614", "quartier": "Arsenal", "nom_entier": "Rue Saint Paul", "num_voies": "26", "num_sca": "ADO75CA_ANO591", "geox": 601869.0, "geoy": 128140.0 }, "geometry": { "type": "MultiPoint", "coordinates": [ [ 653177.4418915216811, 6861695.63464805111289 ] ] } },
{ "type": "Feature", "properties": { "gid": 24762, "id_num_sca": "ADO75CA_ANO591", "id_parc": "PA8612", "quartier": "Arsenal", "nom_entier": "Rue Saint Paul", "num_voies": "24", "num_sca": "ADO75CA_ANO591", "geox": 601866.0, "geoy": 128134.0 }, "geometry": { "type": "MultiPoint", "coordinates": [ [ 653171.254899421823211, 6861685.090980900451541 ] ] } },
{ "type": "Feature", "properties": { "gid": 24763, "id_num_sca": "ADO75CA_ANO591", "id_parc": "PA8613", "quartier": "Arsenal", "nom_entier": "Rue Saint Paul", "num_voies": "22", "num_sca": "ADO75CA_ANO591", "geox": 601862.0, "geoy": 128126.0 }, "geometry": { "type": "MultiPoint", "coordinates": [ [ 653184.949321171967313, 6861663.78418374620378 ] ] } },
{ "type": "Feature", "properties": { "gid": 24764, "id_num_sca": "ADO75CA_ANO591", "id_parc": "PA8619", "quartier": "Arsenal", "nom_entier": "Rue Saint Paul", "num_voies": "20", "num_sca": "ADO75CA_ANO591", "geox": 601855.0, "geoy": 128116.0 }, "geometry": { "type": "MultiPoint", "coordinates": [ [ 653209.994328136905096, 6861646.117019952274859 ] ] } },
{ "type": "Feature", "properties": { "gid": 24765, "id_num_sca": "ADO75CA_ANO591", "id_parc": "PA8332", "quartier": "Arsenal", "nom_entier": "Rue Neuve Saint Paul", "num_voies": "8", "num_sca": "ADO75CA_ANO591", "geox": 601869.0, "geoy": 128095.0 }, "geometry": { "type": "MultiPoint", "coordinates": [ [ 653233.332957841572352, 6861629.493303527124226 ] ] } },
{ "type": "Feature", "properties": { "gid": 24766, "id_num_sca": "ADO75CA_ANO591", "id_parc": "PA8620", "quartier": "Arsenal", "nom_entier": "Rue Neuve Saint Paul", "num_voies": "6", "num_sca": "ADO75CA_ANO591", "geox": 601895.0, "geoy": 128077.0 }, "geometry": { "type": "MultiPoint", "coordinates": [ [ 653253.745958257699385, 6861613.961414712481201 ] ] } },
{ "type": "Feature", "properties": { "gid": 24767, "id_num_sca": "ADO75CA_ANO591", "id_parc": "PA8622", "quartier": "Arsenal", "nom_entier": "Rue Neuve Saint Paul", "num_voies": "4", "num_sca": "ADO75CA_ANO591", "geox": 601918.0, "geoy": 128061.0 }, "geometry": { "type": "MultiPoint", "coordinates": [ [ 653291.753485859837383, 6861605.789880191907287 ] ] } },
{ "type": "Feature", "properties": { "gid": 24768, "id_num_sca": "ADO75CA_ANO591", "id_parc": "PA8621", "quartier": "Arsenal", "nom_entier": "Rue Neuve Saint Paul", "num_voies": "2", "num_sca": "ADO75CA_ANO591", "geox": 601939.0, "geoy": 128045.0 }, "geometry": { "type": "MultiPoint", "coordinates": [ [ 653305.052382993511856, 6861623.553465710021555 ] ] } },
{ "type": "Feature", "properties": { "gid": 24769, "id_num_sca": "ADO75CA_ANO591", "id_parc": "PA8623", "quartier": "Arsenal", "nom_entier": "Rue Beautreillis", "num_voies": "1", "num_sca": "ADO75CA_ANO591", "geox": 601977.0, "geoy": 128038.0 }, "geometry": { "type": "MultiPoint", "coordinates": [ [ 653314.732555362861603, 6861637.040616486221552 ] ] } },
{ "type": "Feature", "properties": { "gid": 24770, "id_num_sca": "ADO75CA_ANO591", "id_parc": "PA8625", "quartier": "Arsenal", "nom_entier": "Rue Beautreillis", "num_voies": "3", "num_sca": "ADO75CA_ANO591", "geox": 601990.0, "geoy": 128055.0 }, "geometry": { "type": "MultiPoint", "coordinates": [ [ 653323.097695153555833, 6861648.251987954601645 ] ] } },
{ "type": "Feature", "properties": { "gid": 24771, "id_num_sca": "ADO75CA_ANO591", "id_parc": "PA8624", "quartier": "Arsenal", "nom_entier": "Rue Beautreillis", "num_voies": "5", "num_sca": "ADO75CA_ANO591", "geox": 601999.0, "geoy": 128069.0 }, "geometry": { "type": "MultiPoint", "coordinates": [ [ 653331.464760186965577, 6861659.692028970457613 ] ] } },
{ "type": "Feature", "properties": { "gid": 24772, "id_num_sca": "ADO75CA_ANO591", "id_parc": "PA8626", "quartier": "Arsenal", "nom_entier": "Rue Beautreillis", "num_voies": "7", "num_sca": "ADO75CA_ANO591", "geox": 602008.0, "geoy": 128080.0 }, "geometry": { "type": "MultiPoint", "coordinates": [ [ 653337.714522110531107, 6861668.634360177442431 ] ] } },
{ "type": "Feature", "properties": { "gid": 24773, "id_num_sca": "ADO75CA_ANO591", "id_parc": "PA8650", "quartier": "Arsenal", "nom_entier": "Rue Beautreillis", "num_voies": "9", "num_sca": "ADO75CA_ANO591", "geox": 602016.0, "geoy": 128092.0 }, "geometry": { "type": "MultiPoint", "coordinates": [ [ 653346.158133916789666, 6861680.111871820874512 ] ] } },
{ "type": "Feature", "properties": { "gid": 24774, "id_num_sca": "ADO75CA_ANO591", "id_parc": "PA8651", "quartier": "Arsenal", "nom_entier": "Rue Beautreillis", "num_voies": "11", "num_sca": "ADO75CA_ANO591", "geox": 602022.0, "geoy": 128101.0 }, "geometry": { "type": "MultiPoint", "coordinates": [ [ 653356.222959215985611, 6861694.015043293125927 ] ] } },
{ "type": "Feature", "properties": { "gid": 24775, "id_num_sca": "ADO75CA_ANO591", "id_parc": "PA8653", "quartier": "Arsenal", "nom_entier": "Rue Beautreillis", "num_voies": "13", "num_sca": "ADO75CA_ANO591", "geox": 602030.0, "geoy": 128112.0 }, "geometry": { "type": "MultiPoint", "coordinates": [ [ 653363.966135305119678, 6861703.783313713036478 ] ] } },
{ "type": "Feature", "properties": { "gid": 24776, "id_num_sca": "ADO75CA_ANO591", "id_parc": "PA8654", "quartier": "Arsenal", "nom_entier": "Rue Beautreillis", "num_voies": "15", "num_sca": "ADO75CA_ANO591", "geox": 602040.0, "geoy": 128126.0 }, "geometry": { "type": "MultiPoint", "coordinates": [ [ 653369.892411456094123, 6861710.517744992859662 ] ] } },
{ "type": "Feature", "properties": { "gid": 24777, "id_num_sca": "ADO75CA_ANO592", "id_parc": "PA8389", "quartier": "Arsenal", "nom_entier": "Rue Beautreillis", "num_voies": "17", "num_sca": "ADO75CA_ANO591", "geox": 602048.0, "geoy": 128136.0 }, "geometry": { "type": "MultiPoint", "coordinates": [ [ 653229.327288543456234, 6861807.845020961016417 ] ] } },
{ "type": "Feature", "properties": { "gid": 24810, "id_num_sca": "ADO75CA_ANO592", "id_parc": "PA8403", "quartier": "Arsenal", "nom_entier": "Rue Neuve Sainte Anastase", "num_voies": "2", "num_sca": "ADO75CA_ANO592", "geox": 601859.0, "geoy": 128173.0 }, "geometry": { "type": "MultiPoint", "coordinates": [ [ 653179.242451185244136, 6861729.708986422978342 ] ] } },
{ "type": "Feature", "properties": { "gid": 24811, "id_num_sca": "ADO75CA_ANO592", "id_parc": "PA8394", "quartier": "Arsenal", "nom_entier": "Rue des Prêtres", "num_voies": "4", "num_sca": "ADO75CA_ANO592", "geox": 601851.0, "geoy": 128162.0 }, "geometry": { "type": "MultiPoint", "coordinates": [ [ 653191.231597649864852, 6861737.455051218159497 ] ] } },
{ "type": "Feature", "properties": { "gid": 24812, "id_num_sca": "ADO75CA_ANO592", "id_parc": "PA8397", "quartier": "Arsenal", "nom_entier": "Rue des Prêtres", "num_voies": "2", "num_sca": "ADO75CA_ANO592", "geox": 601863.0, "geoy": 128161.0 }, "geometry": { "type": "MultiPoint", "coordinates": [ [ 653197.232113644829951, 6861747.246162578463554 ] ] } },
{ "type": "Feature", "properties": { "gid": 24813, "id_num_sca": "ADO75CA_ANO592", "id_parc": "PA8391", "quartier": "Arsenal", "nom_entier": "Rue Neuve Sainte Anastase", "num_voies": "35", "num_sca": "ADO75CA_ANO592", "geox": 601875.0, "geoy": 128168.0 }, "geometry": { "type": "MultiPoint", "coordinates": [ [ 653200.121585895773023, 6861752.000177665613592 ] ] } },
{ "type": "Feature", "properties": { "gid": 24814, "id_num_sca": "ADO75CA_ANO592", "id_parc": "PA8396", "quartier": "Arsenal", "nom_entier": "Rue Saint Paul", "num_voies": "37", "num_sca": "ADO75CA_ANO592", "geox": 601881.0, "geoy": 128178.0 }, "geometry": { "type": "MultiPoint", "coordinates": [ [ 653203.503568763146177, 6861757.977510379627347 ] ] } },
{ "type": "Feature", "properties": { "gid": 24815, "id_num_sca": "ADO75CA_ANO592", "id_parc": "PA8392", "quartier": "Arsenal", "nom_entier": "Rue Saint Paul", "num_voies": "39", "num_sca": "ADO75CA_ANO592", "geox": 601884.0, "geoy": 128183.0 }, "geometry": { "type": "MultiPoint", "coordinates": [ [ 653207.751398282009177, 6861765.262693705968559 ] ] } },
{ "type": "Feature", "properties": { "gid": 24816, "id_num_sca": "ADO75CA_ANO592", "id_parc": "PA8392", "quartier": "Arsenal", "nom_entier": "Rue Saint Paul", "num_voies": "41", "num_sca": "ADO75CA_ANO592", "geox": 601887.0, "geoy": 128189.0 }, "geometry": { "type": "MultiPoint", "coordinates": [ [ 653211.133197518764064, 6861771.218109408393502 ] ] } },
{ "type": "Feature", "properties": { "gid": 24817, "id_num_sca": "ADO75CA_ANO592", "id_parc": "PA8383", "quartier": "Arsenal", "nom_entier": "Rue Saint Paul", "num_voies": "43", "num_sca": "ADO75CA_ANO592", "geox": 601891.0, "geoy": 128196.0 }, "geometry": { "type": "MultiPoint", "coordinates": [ [ 653213.577129582990892, 6861775.121035073883832 ] ] } },
{ "type": "Feature", "properties": { "gid": 24818, "id_num_sca": "ADO75CA_ANO592", "id_parc": "PA8382", "quartier": "Arsenal", "nom_entier": "Passage Saint Louis", "num_voies": "45", "num_sca": "ADO75CA_ANO592", "geox": 601895.0, "geoy": 128202.0 }, "geometry": { "type": "MultiPoint", "coordinates": [ [ 653215.956599677912891, 6861779.177936553955078 ] ] } },
{ "type": "Feature", "properties": { "gid": 24819, "id_num_sca": "ADO75CA_ANO592", "id_parc": "PA8384", "quartier": "Arsenal", "nom_entier": "Rue Saint Paul", "num_voies": "47", "num_sca": "ADO75CA_ANO592", "geox": 601897.0, "geoy": 128206.0 }, "geometry": { "type": "MultiPoint", "coordinates": [ [ 653219.421092084376141, 6861784.540843383409083 ] ] } },
{ "type": "Feature", "properties": { "gid": 24820, "id_num_sca": "ADO75CA_ANO592", "id_parc": "PA8385", "quartier": "Arsenal", "nom_entier": "Rue Saint Paul", "num_voies": "49", "num_sca": "ADO75CA_ANO592", "geox": 601899.0, "geoy": 128210.0 }, "geometry": { "type": "MultiPoint", "coordinates": [ [ 653222.887244076118805, 6861790.101007433608174 ] ] } },
{ "type": "Feature", "properties": { "gid": 24821, "id_num_sca": "ADO75CA_ANO592", "id_parc": "PA8388", "quartier": "Arsenal", "nom_entier": "Rue Saint Paul", "num_voies": "51", "num_sca": "ADO75CA_ANO592", "geox": 601903.0, "geoy": 128216.0 }, "geometry": { "type": "MultiPoint", "coordinates": [ [ 653225.337260942906141, 6861794.72720945905894 ] ] } },
{ "type": "Feature", "properties": { "gid": 24822, "id_num_sca": "ADO75CA_ANO592", "id_parc": "PA8389", "quartier": "Arsenal", "nom_entier": "Rue Saint Paul", "num_voies": "53", "num_sca": "ADO75CA_ANO592", "geox": 601906.0, "geoy": 128221.0 }, "geometry": { "type": "MultiPoint", "coordinates": [ [ 653229.271425622864626, 6861801.204031806439161 ] ] } },
{ "type": "Feature", "properties": { "gid": 24945, "id_num_sca": "ADO75CA_ANO597", "id_parc": "PA8521", "quartier": "Arsenal", "nom_entier": "Rue des Barrées", "num_voies": "5", "num_sca": "ADO75CA_ANO597", "geox": 601751.0, "geoy": 128029.0 }, "geometry": { "type": "MultiPoint", "coordinates": [ [ 653074.440267592552118, 6861588.956505339592695 ] ] } },
{ "type": "Feature", "properties": { "gid": 24946, "id_num_sca": "ADO75CA_ANO597", "id_parc": "PA8522", "quartier": "Arsenal", "nom_entier": "Rue des Barrées", "num_voies": "3", "num_sca": "ADO75CA_ANO597", "geox": 601756.0, "geoy": 128023.0 }, "geometry": { "type": "MultiPoint", "coordinates": [ [ 653067.833955893176608, 6861577.183806562796235 ] ] } },
{ "type": "Feature", "properties": { "gid": 24947, "id_num_sca": "ADO75CA_ANO597", "id_parc": "PA8522", "quartier": "Arsenal", "nom_entier": "Rue des Barrées", "num_voies": "1", "num_sca": "ADO75CA_ANO597", "geox": 601759.0, "geoy": 128019.0 }, "geometry": { "type": "MultiPoint", "coordinates": [ [ 653056.50131995184347, 6861567.619982309639454 ] ] } },
{ "type": "Feature", "properties": { "gid": 24977, "id_num_sca": "ADO75CA_ANO598", "id_parc": "PA8412", "quartier": "Arsenal", "nom_entier": "Rue des Prêtres", "num_voies": "7", "num_sca": "ADO75CA_ANO598", "geox": 601836.0, "geoy": 128161.0 }, "geometry": { "type": "MultiPoint", "coordinates": [ [ 653170.604631083318964, 6861728.923719023354352 ] ] } },
{ "type": "Feature", "properties": { "gid": 24978, "id_num_sca": "ADO75CA_ANO598", "id_parc": "PA8411", "quartier": "Arsenal", "nom_entier": "Rue des Prêtres", "num_voies": "5", "num_sca": "ADO75CA_ANO598", "geox": 601847.0, "geoy": 128160.0 }, "geometry": { "type": "MultiPoint", "coordinates": [ [ 653177.710088948369958, 6861727.508217556402087 ] ] } },
{ "type": "Feature", "properties": { "gid": 24979, "id_num_sca": "ADO75CA_ANO598", "id_parc": "PA8411", "quartier": "Arsenal", "nom_entier": "Rue des Prêtres", "num_voies": "3", "num_sca": "ADO75CA_ANO598", "geox": 601854.0, "geoy": 128160.0 }, "geometry": { "type": "MultiPoint", "coordinates": [ [ 653182.446782589075156, 6861721.494866670109332 ] ] } },
{ "type": "Feature", "properties": { "gid": 24980, "id_num_sca": "ADO75CA_ANO598", "id_parc": "PA8412", "quartier": "Arsenal", "nom_entier": "Rue des Prêtres", "num_voies": "1", "num_sca": "ADO75CA_ANO598", "geox": 601862.0, "geoy": 128158.0 }, "geometry": { "type": "MultiPoint", "coordinates": [ [ 653175.479336925782263, 6861709.098198247142136 ] ] } },
{ "type": "Feature", "properties": { "gid": 24981, "id_num_sca": "ADO75CA_ANO598", "id_parc": "PA8413", "quartier": "Arsenal", "nom_entier": "Rue Saint Paul", "num_voies": "31", "num_sca": "ADO75CA_ANO598", "geox": 601866.0, "geoy": 128152.0 }, "geometry": { "type": "MultiPoint", "coordinates": [ [ 653170.404337579733692, 6861700.074802593328059 ] ] } },
{ "type": "Feature", "properties": { "gid": 24982, "id_num_sca": "ADO75CA_ANO598", "id_parc": "PA8404", "quartier": "Arsenal", "nom_entier": "Rue Saint Paul", "num_voies": "29", "num_sca": "ADO75CA_ANO598", "geox": 601859.0, "geoy": 128140.0 }, "geometry": { "type": "MultiPoint", "coordinates": [ [ 653166.107893937616609, 6861692.951280085369945 ] ] } },
{ "type": "Feature", "properties": { "gid": 24983, "id_num_sca": "ADO75CA_ANO598", "id_parc": "PA8405", "quartier": "Arsenal", "nom_entier": "Rue Saint Paul", "num_voies": "27", "num_sca": "ADO75CA_ANO598", "geox": 601854.0, "geoy": 128131.0 }, "geometry": { "type": "MultiPoint", "coordinates": [ [ 653162.588580386247486, 6861687.558182267472148 ] ] } },
{ "type": "Feature", "properties": { "gid": 24984, "id_num_sca": "ADO75CA_ANO598", "id_parc": "PA8408", "quartier": "Arsenal", "nom_entier": "Rue Saint Paul", "num_voies": "25", "num_sca": "ADO75CA_ANO598", "geox": 601850.0, "geoy": 128124.0 }, "geometry": { "type": "MultiPoint", "coordinates": [ [ 653157.781652758945711, 6861680.184767561964691 ] ] } },
{ "type": "Feature", "properties": { "gid": 24985, "id_num_sca": "ADO75CA_ANO598", "id_parc": "PA8416", "quartier": "Arsenal", "nom_entier": "Rue Saint Paul", "num_voies": "23", "num_sca": "ADO75CA_ANO598", "geox": 601847.0, "geoy": 128118.0 }, "geometry": { "type": "MultiPoint", "coordinates": [ [ 653147.529910614248365, 6861670.18819341994822 ] ] } },
{ "type": "Feature", "properties": { "gid": 24986, "id_num_sca": "ADO75CA_ANO598", "id_parc": "PA8417", "quartier": "Arsenal", "nom_entier": "Rue Saint Paul", "num_voies": "21", "num_sca": "ADO75CA_ANO598", "geox": 601842.0, "geoy": 128111.0 }, "geometry": { "type": "MultiPoint", "coordinates": [ [ 653142.937646274105646, 6861663.151892336085439 ] ] } },
{ "type": "Feature", "properties": { "gid": 24987, "id_num_sca": "ADO75CA_ANO598", "id_parc": "PA8421", "quartier": "Arsenal", "nom_entier": "Rue Saint Paul", "num_voies": "19", "num_sca": "ADO75CA_ANO598", "geox": 601832.0, "geoy": 128101.0 }, "geometry": { "type": "MultiPoint", "coordinates": [ [ 653136.202685084193945, 6861653.210442441515625 ] ] } },
{ "type": "Feature", "properties": { "gid": 24988, "id_num_sca": "ADO75CA_ANO598", "id_parc": "PA8422", "quartier": "Arsenal", "nom_entier": "Rue Saint Paul", "num_voies": "17", "num_sca": "ADO75CA_ANO598", "geox": 601827.0, "geoy": 128094.0 }, "geometry": { "type": "MultiPoint", "coordinates": [ [ 653131.095661637722515, 6861645.415904856286943 ] ] } },
{ "type": "Feature", "properties": { "gid": 24989, "id_num_sca": "ADO75CA_ANO598", "id_parc": "PA8420", "quartier": "Arsenal", "nom_entier": "Rue Saint Paul", "num_voies": "15", "num_sca": "ADO75CA_ANO598", "geox": 601821.0, "geoy": 128084.0 }, "geometry": { "type": "MultiPoint", "coordinates": [ [ 653127.148096643155441, 6861639.475667990744114 ] ] } },
{ "type": "Feature", "properties": { "gid": 24990, "id_num_sca": "ADO75CA_ANO598", "id_parc": "PA8432", "quartier": "Arsenal", "nom_entier": "Rue Saint Paul", "num_voies": "13", "num_sca": "ADO75CA_ANO598", "geox": 601816.0, "geoy": 128076.0 }, "geometry": { "type": "MultiPoint", "coordinates": [ [ 653121.35187687096186, 6861630.331252007745206 ] ] } },
{ "type": "Feature", "properties": { "gid": 24997, "id_num_sca": "ADO75CA_ANO599", "id_parc": "PA8541", "quartier": "Arsenal", "nom_entier": "Rue des Barrées", "num_voies": "14", "num_sca": "ADO75CA_ANO598", "geox": 601739.0, "geoy": 128051.0 }, "geometry": { "type": "MultiPoint", "coordinates": [ [ 653158.425457340315916, 6861671.652059013955295 ] ] } },
{ "type": "Feature", "properties": { "gid": 24998, "id_num_sca": "ADO75CA_ANO599", "id_parc": "PA8538", "quartier": "Arsenal", "nom_entier": "Rue des Barrées", "num_voies": "16", "num_sca": "ADO75CA_ANO598", "geox": 601737.0, "geoy": 128054.0 }, "geometry": { "type": "MultiPoint", "coordinates": [ [ 653154.074815463274717, 6861664.380716408602893 ] ] } },
{ "type": "Feature", "properties": { "gid": 24999, "id_num_sca": "ADO75CA_ANO599", "id_parc": "PA8540", "quartier": "Arsenal", "nom_entier": "Rue Saint Paul", "num_voies": "18", "num_sca": "ADO75CA_ANO599", "geox": 601843.0, "geoy": 128102.0 }, "geometry": { "type": "MultiPoint", "coordinates": [ [ 653150.590125455986708, 6861659.326248335652053 ] ] } },
{ "type": "Feature", "properties": { "gid": 25000, "id_num_sca": "ADO75CA_ANO599", "id_parc": "PA8540", "quartier": "Arsenal", "nom_entier": "Rue Saint Paul", "num_voies": "16", "num_sca": "ADO75CA_ANO599", "geox": 601838.0, "geoy": 128095.0 }, "geometry": { "type": "MultiPoint", "coordinates": [ [ 653148.549859260558151, 6861656.007178016938269 ] ] } },
{ "type": "Feature", "properties": { "gid": 25001, "id_num_sca": "ADO75CA_ANO599", "id_parc": "PA8539", "quartier": "Arsenal", "nom_entier": "Rue Saint Paul", "num_voies": "14", "num_sca": "ADO75CA_ANO599", "geox": 601835.0, "geoy": 128090.0 }, "geometry": { "type": "MultiPoint", "coordinates": [ [ 653143.723979538772255, 6861648.89870569575578 ] ] } },
{ "type": "Feature", "properties": { "gid": 25002, "id_num_sca": "ADO75CA_ANO599", "id_parc": "PA8547", "quartier": "Arsenal", "nom_entier": "Rue Saint Paul", "num_voies": "12", "num_sca": "ADO75CA_ANO599", "geox": 601833.0, "geoy": 128087.0 }, "geometry": { "type": "MultiPoint", "coordinates": [ [ 653135.253217090852559, 6861636.578245787881315 ] ] } },
{ "type": "Feature", "properties": { "gid": 25003, "id_num_sca": "ADO75CA_ANO599", "id_parc": "PA8541", "quartier": "Arsenal", "nom_entier": "Rue Saint Paul", "num_voies": "10", "num_sca": "ADO75CA_ANO599", "geox": 601828.0, "geoy": 128079.0 }, "geometry": { "type": "MultiPoint", "coordinates": [ [ 653173.588616135297343, 6861667.44676911085844 ] ] } },
{ "type": "Feature", "properties": { "gid": 25004, "id_num_sca": "ADO75CA_ANO599", "id_parc": "PA8546", "quartier": "Arsenal", "nom_entier": "Rue Saint Paul", "num_voies": "8", "num_sca": "ADO75CA_ANO599", "geox": 601820.0, "geoy": 128067.0 }, "geometry": { "type": "MultiPoint", "coordinates": [ [ 653188.057100639911368, 6861656.204138585366309 ] ] } },
{ "type": "Feature", "properties": { "gid": 25005, "id_num_sca": "ADO75CA_ANO599", "id_parc": "PA8545", "quartier": "Arsenal", "nom_entier": "Rue Neuve Saint Paul", "num_voies": "21", "num_sca": "ADO75CA_ANO599", "geox": 601858.0, "geoy": 128098.0 }, "geometry": { "type": "MultiPoint", "coordinates": [ [ 653198.896337628248148, 6861647.904658041894436 ] ] } },
{ "type": "Feature", "properties": { "gid": 25006, "id_num_sca": "ADO75CA_ANO599", "id_parc": "PA8544", "quartier": "Arsenal", "nom_entier": "Rue Neuve Saint Paul", "num_voies": "19", "num_sca": "ADO75CA_ANO599", "geox": 601872.0, "geoy": 128087.0 }, "geometry": { "type": "MultiPoint", "coordinates": [ [ 653208.632472941768356, 6861640.673589941114187 ] ] } },
{ "type": "Feature", "properties": { "gid": 25007, "id_num_sca": "ADO75CA_ANO599", "id_parc": "PA8548", "quartier": "Arsenal", "nom_entier": "Rue Neuve Saint Paul", "num_voies": "17", "num_sca": "ADO75CA_ANO599", "geox": 601883.0, "geoy": 128079.0 }, "geometry": { "type": "MultiPoint", "coordinates": [ [ 653214.367357157636434, 6861636.229935480281711 ] ] } },
{ "type": "Feature", "properties": { "gid": 25008, "id_num_sca": "ADO75CA_ANO599", "id_parc": "PA8552", "quartier": "Arsenal", "nom_entier": "Rue Neuve Saint Paul", "num_voies": "15", "num_sca": "ADO75CA_ANO599", "geox": 601893.0, "geoy": 128072.0 }, "geometry": { "type": "MultiPoint", "coordinates": [ [ 653220.156084598042071, 6861631.891740150749683 ] ] } },
{ "type": "Feature", "properties": { "gid": 25009, "id_num_sca": "ADO75CA_ANO599", "id_parc": "PA8552", "quartier": "Arsenal", "nom_entier": "Rue Neuve Saint Paul", "num_voies": "13", "num_sca": "ADO75CA_ANO599", "geox": 601899.0, "geoy": 128067.0 }, "geometry": { "type": "MultiPoint", "coordinates": [ [ 653229.633689482230693, 6861625.40423583611846 ] ] } },
{ "type": "Feature", "properties": { "gid": 25010, "id_num_sca": "ADO75CA_ANO599", "id_parc": "PA8554", "quartier": "Arsenal", "nom_entier": "Rue Neuve Saint Paul", "num_voies": "11", "num_sca": "ADO75CA_ANO599", "geox": 601905.0, "geoy": 128063.0 }, "geometry": { "type": "MultiPoint", "coordinates": [ [ 653235.683170910109766, 6861620.587238273583353 ] ] } },
{ "type": "Feature", "properties": { "gid": 25011, "id_num_sca": "ADO75CA_ANO599", "id_parc": "PA8555", "quartier": "Arsenal", "nom_entier": "Rue Neuve Saint Paul", "num_voies": "9", "num_sca": "ADO75CA_ANO599", "geox": 601914.0, "geoy": 128057.0 }, "geometry": { "type": "MultiPoint", "coordinates": [ [ 653242.736972960061394, 6861615.549959730356932 ] ] } },
{ "type": "Feature", "properties": { "gid": 25012, "id_num_sca": "ADO75CA_ANO599", "id_parc": "PA8550", "quartier": "Arsenal", "nom_entier": "Rue Neuve Saint Paul", "num_voies": "7", "num_sca": "ADO75CA_ANO599", "geox": 601920.0, "geoy": 128052.0 }, "geometry": { "type": "MultiPoint", "coordinates": [ [ 653252.154495607479475, 6861608.215659974142909 ] ] } },
{ "type": "Feature", "properties": { "gid": 25013, "id_num_sca": "ADO75CA_ANO599", "id_parc": "PA8556", "quartier": "Arsenal", "nom_entier": "Rue Neuve Saint Paul", "num_voies": "5", "num_sca": "ADO75CA_ANO599", "geox": 601928.0, "geoy": 128047.0 }, "geometry": { "type": "MultiPoint", "coordinates": [ [ 653263.624702914734371, 6861599.381301685236394 ] ] } },
{ "type": "Feature", "properties": { "gid": 25014, "id_num_sca": "ADO75CA_ANO599", "id_parc": "PA8557", "quartier": "Arsenal", "nom_entier": "Rue Neuve Saint Paul", "num_voies": "3", "num_sca": "ADO75CA_ANO599", "geox": 601937.0, "geoy": 128040.0 }, "geometry": { "type": "MultiPoint", "coordinates": [ [ 653268.875269898911938, 6861575.136081473901868 ] ] } },
{ "type": "Feature", "properties": { "gid": 25015, "id_num_sca": "ADO75CA_ANO599", "id_parc": "PA8560", "quartier": "Arsenal", "nom_entier": "Rue Neuve Saint Paul", "num_voies": "1", "num_sca": "ADO75CA_ANO599", "geox": 601949.0, "geoy": 128031.0 }, "geometry": { "type": "MultiPoint", "coordinates": [ [ 653258.435893562622368, 6861561.720131213776767 ] ] } },
{ "type": "Feature", "properties": { "gid": 25016, "id_num_sca": "ADO75CA_ANO599", "id_parc": "PA8559", "quartier": "Arsenal", "nom_entier": "Rue Gérard Bauquet", "num_voies": "7", "num_sca": "ADO75CA_ANO599", "geox": 601954.0, "geoy": 128007.0 }, "geometry": { "type": "MultiPoint", "coordinates": [ [ 653250.138683196157217, 6861551.145783091895282 ] ] } },
{ "type": "Feature", "properties": { "gid": 25017, "id_num_sca": "ADO75CA_ANO599", "id_parc": "PA8342", "quartier": "Arsenal", "nom_entier": "Rue Gérard Bauquet", "num_voies": "5", "num_sca": "ADO75CA_ANO599", "geox": 601944.0, "geoy": 127993.0 }, "geometry": { "type": "MultiPoint", "coordinates": [ [ 653242.642892428673804, 6861541.411987780593336 ] ] } },
{ "type": "Feature", "properties": { "gid": 25018, "id_num_sca": "ADO75CA_ANO599", "id_parc": "PA8343", "quartier": "Arsenal", "nom_entier": "Rue Gérard Bauquet", "num_voies": "3", "num_sca": "ADO75CA_ANO599", "geox": 601935.0, "geoy": 127983.0 }, "geometry": { "type": "MultiPoint", "coordinates": [ [ 653266.466950057423674, 6861565.836057376116514 ] ] } },
{ "type": "Feature", "properties": { "gid": 25019, "id_num_sca": "ADO75CA_ANO599", "id_parc": "PA8561", "quartier": "Arsenal", "nom_entier": "Rue Gérard Bauquet", "num_voies": "1", "num_sca": "ADO75CA_ANO599", "geox": 601928.0, "geoy": 127973.0 }, "geometry": { "type": "MultiPoint", "coordinates": [ [ 653251.471356389811262, 6861545.891894261352718 ] ] } },
{ "type": "Feature", "properties": { "gid": 25020, "id_num_sca": "ADO75CA_ANO599", "id_parc": "PA8562", "quartier": "Arsenal", "nom_entier": "Rue Gérard Bauquet", "num_voies": "6", "num_sca": "ADO75CA_ANO599", "geox": 601952.0, "geoy": 127997.0 }, "geometry": { "type": "MultiPoint", "coordinates": [ [ 653244.511329389410093, 6861536.894976027309895 ] ] } },
{ "type": "Feature", "properties": { "gid": 25021, "id_num_sca": "ADO75CA_ANO599", "id_parc": "PA8562", "quartier": "Arsenal", "nom_entier": "Rue Gérard Bauquet", "num_voies": "4", "num_sca": "ADO75CA_ANO599", "geox": 601937.0, "geoy": 127977.0 }, "geometry": { "type": "MultiPoint", "coordinates": [ [ 653252.580919138970785, 6861520.410600753501058 ] ] } },
{ "type": "Feature", "properties": { "gid": 25022, "id_num_sca": "ADO75CA_ANO599", "id_parc": "PA8562", "quartier": "Arsenal", "nom_entier": "Rue Gérard Bauquet", "num_voies": "2", "num_sca": "ADO75CA_ANO599", "geox": 601930.0, "geoy": 127968.0 }, "geometry": { "type": "MultiPoint", "coordinates": [ [ 653270.608849327545613, 6861516.816658593714237 ] ] } },
{ "type": "Feature", "properties": { "gid": 25023, "id_num_sca": "ADO75CA_ANO599", "id_parc": "PA8561", "quartier": "Arsenal", "nom_entier": "Rue des Lions", "num_voies": "2", "num_sca": "ADO75CA_ANO599", "geox": 601938.0, "geoy": 127952.0 }, "geometry": { "type": "MultiPoint", "coordinates": [ [ 653279.428013944183476, 6861526.486351574771106 ] ] } },
{ "type": "Feature", "properties": { "gid": 25024, "id_num_sca": "ADO75CA_ANO599", "id_parc": "PA8343", "quartier": "Arsenal", "nom_entier": "Rue du Petit Musc", "num_voies": "1", "num_sca": "ADO75CA_ANO599", "geox": 601956.0, "geoy": 127948.0 }, "geometry": { "type": "MultiPoint", "coordinates": [ [ 653297.702671259175986, 6861545.92629268951714 ] ] } },
{ "type": "Feature", "properties": { "gid": 25025, "id_num_sca": "ADO75CA_ANO599", "id_parc": "PA8563", "quartier": "Arsenal", "nom_entier": "Rue du Petit Musc", "num_voies": "3", "num_sca": "ADO75CA_ANO599", "geox": 601965.0, "geoy": 127958.0 }, "geometry": { "type": "MultiPoint", "coordinates": [ [ 653309.890439843758941, 6861565.735223157331347 ] ] } },
{ "type": "Feature", "properties": { "gid": 25026, "id_num_sca": "ADO75CA_ANO599", "id_parc": "PA8564", "quartier": "Arsenal", "nom_entier": "Rue du Petit Musc", "num_voies": "5", "num_sca": "ADO75CA_ANO599", "geox": 601983.0, "geoy": 127978.0 }, "geometry": { "type": "MultiPoint", "coordinates": [ [ 653301.310813419055194, 6861571.950388523750007 ] ] } },
{ "type": "Feature", "properties": { "gid": 25027, "id_num_sca": "ADO75CA_ANO599", "id_parc": "PA8564", "quartier": "Arsenal", "nom_entier": "Rue des Trois Pistolets", "num_voies": "1", "num_sca": "ADO75CA_ANO599", "geox": 601995.0, "geoy": 127998.0 }, "geometry": { "type": "MultiPoint", "coordinates": [ [ 653290.419082689099014, 6861580.303271446377039 ] ] } },
{ "type": "Feature", "properties": { "gid": 25028, "id_num_sca": "ADO75CA_ANO599", "id_parc": "PA8342", "quartier": "Arsenal", "nom_entier": "Rue des Trois Pistolets", "num_voies": "3", "num_sca": "ADO75CA_ANO599", "geox": 601986.0, "geoy": 128004.0 }, "geometry": { "type": "MultiPoint", "coordinates": [ [ 653231.541469870368019, 6861537.427823740057647 ] ] } },
{ "type": "Feature", "properties": { "gid": 25029, "id_num_sca": "ADO75CA_ANO599", "id_parc": "PA8558", "quartier": "Arsenal", "nom_entier": "Rue des Trois Pistolets", "num_voies": "5", "num_sca": "ADO75CA_ANO599", "geox": 601975.0, "geoy": 128012.0 }, "geometry": { "type": "MultiPoint", "coordinates": [ [ 653222.180913038435392, 6861545.238244251348078 ] ] } },
{ "type": "Feature", "properties": { "gid": 25030, "id_num_sca": "ADO75CA_ANO599", "id_parc": "PA8549", "quartier": "Arsenal", "nom_entier": "Rue des Lions", "num_voies": "4", "num_sca": "ADO75CA_ANO599", "geox": 601917.0, "geoy": 127969.0 }, "geometry": { "type": "MultiPoint", "coordinates": [ [ 653212.133750907029025, 6861553.266270151361823 ] ] } },
{ "type": "Feature", "properties": { "gid": 25031, "id_num_sca": "ADO75CA_ANO599", "id_parc": "PA8553", "quartier": "Arsenal", "nom_entier": "Rue des Lions", "num_voies": "6", "num_sca": "ADO75CA_ANO599", "geox": 601908.0, "geoy": 127976.0 }, "geometry": { "type": "MultiPoint", "coordinates": [ [ 653199.721975442138501, 6861563.485409876331687 ] ] } },
{ "type": "Feature", "properties": { "gid": 25032, "id_num_sca": "ADO75CA_ANO599", "id_parc": "PA8551", "quartier": "Arsenal", "nom_entier": "Rue des Lions", "num_voies": "8", "num_sca": "ADO75CA_ANO599", "geox": 601897.0, "geoy": 127984.0 }, "geometry": { "type": "MultiPoint", "coordinates": [ [ 653187.46638374356553, 6861573.385496716015041 ] ] } },
{ "type": "Feature", "properties": { "gid": 25033, "id_num_sca": "ADO75CA_ANO599", "id_parc": "PA8542", "quartier": "Arsenal", "nom_entier": "Rue des Lions", "num_voies": "10", "num_sca": "ADO75CA_ANO599", "geox": 601885.0, "geoy": 127994.0 }, "geometry": { "type": "MultiPoint", "coordinates": [ [ 653174.210477773100138, 6861583.982435973361135 ] ] } },
{ "type": "Feature", "properties": { "gid": 25034, "id_num_sca": "ADO75CA_ANO599", "id_parc": "PA8543", "quartier": "Arsenal", "nom_entier": "Rue des Lions", "num_voies": "12", "num_sca": "ADO75CA_ANO599", "geox": 601873.0, "geoy": 128004.0 }, "geometry": { "type": "MultiPoint", "coordinates": [ [ 653157.479729495826177, 6861596.991660348139703 ] ] } },
{ "type": "Feature", "properties": { "gid": 25035, "id_num_sca": "ADO75CA_ANO599", "id_parc": "PA8547", "quartier": "Arsenal", "nom_entier": "Rue des Lions", "num_voies": "14", "num_sca": "ADO75CA_ANO599", "geox": 601859.0, "geoy": 128015.0 }, "geometry": { "type": "MultiPoint", "coordinates": [ [ 653142.753611606545746, 6861609.083751036785543 ] ] } },
{ "type": "Feature", "properties": { "gid": 25036, "id_num_sca": "ADO75CA_ANO600", "id_parc": "PA8528", "quartier": "Arsenal", "nom_entier": "Rue des Lions", "num_voies": "16", "num_sca": "ADO75CA_ANO599", "geox": 601842.0, "geoy": 128028.0 }, "geometry": { "type": "MultiPoint", "coordinates": [ [ 653181.707449472276494, 6861574.969712123274803 ] ] } },
{ "type": "Feature", "properties": { "gid": 25037, "id_num_sca": "ADO75CA_ANO600", "id_parc": "PA8529", "quartier": "Arsenal", "nom_entier": "Rue des Lions", "num_voies": "18", "num_sca": "ADO75CA_ANO599", "geox": 601828.0, "geoy": 128040.0 }, "geometry": { "type": "MultiPoint", "coordinates": [ [ 653192.07233191060368, 6861566.939012483693659 ] ] } },
{ "type": "Feature", "properties": { "gid": 25038, "id_num_sca": "ADO75CA_ANO600", "id_parc": "PA8530", "quartier": "Arsenal", "nom_entier": "Rue des Lions", "num_voies": "11", "num_sca": "ADO75CA_ANO600", "geox": 601867.0, "geoy": 128006.0 }, "geometry": { "type": "MultiPoint", "coordinates": [ [ 653206.684516873443499, 6861553.894666605629027 ] ] } },
{ "type": "Feature", "properties": { "gid": 25039, "id_num_sca": "ADO75CA_ANO600", "id_parc": "PA8531", "quartier": "Arsenal", "nom_entier": "Rue des Lions", "num_voies": "9", "num_sca": "ADO75CA_ANO600", "geox": 601877.0, "geoy": 127998.0 }, "geometry": { "type": "MultiPoint", "coordinates": [ [ 653218.779019718058407, 6861543.731154375709593 ] ] } },
{ "type": "Feature", "properties": { "gid": 25040, "id_num_sca": "ADO75CA_ANO600", "id_parc": "PA8532", "quartier": "Arsenal", "nom_entier": "Rue des Lions", "num_voies": "7", "num_sca": "ADO75CA_ANO600", "geox": 601892.0, "geoy": 127985.0 }, "geometry": { "type": "MultiPoint", "coordinates": [ [ 653228.031889443285763, 6861535.709815906360745 ] ] } },
{ "type": "Feature", "properties": { "gid": 25041, "id_num_sca": "ADO75CA_ANO600", "id_parc": "PA8344", "quartier": "Arsenal", "nom_entier": "Rue des Lions", "num_voies": "5", "num_sca": "ADO75CA_ANO600", "geox": 601904.0, "geoy": 127975.0 }, "geometry": { "type": "MultiPoint", "coordinates": [ [ 653244.120952974306419, 6861521.96460347622633 ] ] } },
{ "type": "Feature", "properties": { "gid": 25042, "id_num_sca": "ADO75CA_ANO600", "id_parc": "PA8344", "quartier": "Arsenal", "nom_entier": "Rue des Lions", "num_voies": "3", "num_sca": "ADO75CA_ANO600", "geox": 601913.0, "geoy": 127967.0 }, "geometry": { "type": "MultiPoint", "coordinates": [ [ 653191.374267910490744, 6861471.358887346461415 ] ] } },
{ "type": "Feature", "properties": { "gid": 25043, "id_num_sca": "ADO75CA_ANO600", "id_parc": "PA8533", "quartier": "Arsenal", "nom_entier": "Rue des Lions", "num_voies": "1", "num_sca": "ADO75CA_ANO600", "geox": 601930.0, "geoy": 127953.0 }, "geometry": { "type": "MultiPoint", "coordinates": [ [ 653170.467448350391351, 6861491.552349464967847 ] ] } },
{ "type": "Feature", "properties": { "gid": 25044, "id_num_sca": "ADO75CA_ANO600", "id_parc": "PA8534", "quartier": "Arsenal", "nom_entier": "Quai des Célestins", "num_voies": "10", "num_sca": "ADO75CA_ANO600", "geox": 601877.0, "geoy": 127902.0 }, "geometry": { "type": "MultiPoint", "coordinates": [ [ 653156.654012003098615, 6861505.119522166438401 ] ] } },
{ "type": "Feature", "properties": { "gid": 25045, "id_num_sca": "ADO75CA_ANO600", "id_parc": "PA8535", "quartier": "Arsenal", "nom_entier": "Quai des Célestins", "num_voies": "12", "num_sca": "ADO75CA_ANO600", "geox": 601856.0, "geoy": 127922.0 }, "geometry": { "type": "MultiPoint", "coordinates": [ [ 653144.678329745889641, 6861516.817755356431007 ] ] } },
{ "type": "Feature", "properties": { "gid": 25046, "id_num_sca": "ADO75CA_ANO600", "id_parc": "PA8536", "quartier": "Arsenal", "nom_entier": "Quai des Célestins", "num_voies": "14", "num_sca": "ADO75CA_ANO600", "geox": 601842.0, "geoy": 127936.0 }, "geometry": { "type": "MultiPoint", "coordinates": [ [ 653137.802093987469561, 6861524.077691136859357 ] ] } },
{ "type": "Feature", "properties": { "gid": 25047, "id_num_sca": "ADO75CA_ANO600", "id_parc": "PA8537", "quartier": "Arsenal", "nom_entier": "Quai des Célestins", "num_voies": "16", "num_sca": "ADO75CA_ANO600", "geox": 601830.0, "geoy": 127947.0 }, "geometry": { "type": "MultiPoint", "coordinates": [ [ 653131.237783859949559, 6861530.646569911390543 ] ] } },
{ "type": "Feature", "properties": { "gid": 25048, "id_num_sca": "ADO75CA_ANO600", "id_parc": "PA8527", "quartier": "Arsenal", "nom_entier": "Quai des Célestins", "num_voies": "18", "num_sca": "ADO75CA_ANO600", "geox": 601823.0, "geoy": 127955.0 }, "geometry": { "type": "MultiPoint", "coordinates": [ [ 653123.624661905574612, 6861538.442271559499204 ] ] } },
{ "type": "Feature", "properties": { "gid": 25049, "id_num_sca": "ADO75CA_ANO600", "id_parc": "PA8526", "quartier": "Arsenal", "nom_entier": "Quai des Célestins", "num_voies": "20", "num_sca": "ADO75CA_ANO600", "geox": 601817.0, "geoy": 127961.0 }, "geometry": { "type": "MultiPoint", "coordinates": [ [ 653116.007975947577506, 6861545.814353266730905 ] ] } },
{ "type": "Feature", "properties": { "gid": 25050, "id_num_sca": "ADO75CA_ANO600", "id_parc": "PA8525", "quartier": "Arsenal", "nom_entier": "Quai des Célestins", "num_voies": "22", "num_sca": "ADO75CA_ANO600", "geox": 601809.0, "geoy": 127969.0 }, "geometry": { "type": "MultiPoint", "coordinates": [ [ 653107.130221260595135, 6861554.362088410183787 ] ] } },
{ "type": "Feature", "properties": { "gid": 25051, "id_num_sca": "ADO75CA_ANO600", "id_parc": "PA8524", "quartier": "Arsenal", "nom_entier": "Quai des Célestins", "num_voies": "24", "num_sca": "ADO75CA_ANO600", "geox": 601801.0, "geoy": 127976.0 }, "geometry": { "type": "MultiPoint", "coordinates": [ [ 653101.091872463119216, 6861560.502889455296099 ] ] } },
{ "type": "Feature", "properties": { "gid": 25067, "id_num_sca": "ADO75CA_ANO547", "id_parc": "PA9384", "quartier": "Quinze-Vingts", "nom_entier": "Rue Popincourt", "num_voies": "68", "num_sca": "ADO75CA_ANO497", "geox": 602748.0, "geoy": 129080.0 }, "geometry": { "type": "MultiPoint", "coordinates": [ [ 653985.100757638458163, 6861515.008972030133009 ] ] } },
{ "type": "Feature", "properties": { "gid": 25337, "id_num_sca": "ADO75CA_ANO517", "id_parc": "PA10802", "quartier": "Marais", "nom_entier": "Rue Royale des Tuileries", "num_voies": "10", "num_sca": "ADO75CA_ANO032", "geox": 599021.0, "geoy": 129727.0 }, "geometry": { "type": "MultiPoint", "coordinates": [ [ 653415.587081542122178, 6861821.242764960043132 ] ] } },
{ "type": "Feature", "properties": { "gid": 25338, "id_num_sca": "ADO75CA_ANO517", "id_parc": "PA10804", "quartier": "Marais", "nom_entier": "Rue Royale des Tuileries", "num_voies": "12", "num_sca": "ADO75CA_ANO032", "geox": 599029.0, "geoy": 129743.0 }, "geometry": { "type": "MultiPoint", "coordinates": [ [ 653411.398059878847562, 6861806.541277825832367 ] ] } },
{ "type": "Feature", "properties": { "gid": 25339, "id_num_sca": "ADO75CA_ANO517", "id_parc": "PA10805", "quartier": "Marais", "nom_entier": "Rue Royale Saint Antoine", "num_voies": "11bis", "num_sca": "ADO75CA_ANO517", "geox": 602099.0, "geoy": 128254.0 }, "geometry": { "type": "MultiPoint", "coordinates": [ [ 653408.94090436201077, 6861799.229886067099869 ] ] } },
{ "type": "Feature", "properties": { "gid": 25340, "id_num_sca": "ADO75CA_ANO517", "id_parc": "PA10806", "quartier": "Marais", "nom_entier": "Rue Royale Saint Antoine", "num_voies": "11", "num_sca": "ADO75CA_ANO517", "geox": 602095.0, "geoy": 128239.0 }, "geometry": { "type": "MultiPoint", "coordinates": [ [ 653407.283461437327787, 6861792.056950272992253 ] ] } },
{ "type": "Feature", "properties": { "gid": 25341, "id_num_sca": "ADO75CA_ANO517", "id_parc": "PA10806", "quartier": "Marais", "nom_entier": "Rue Royale Saint Antoine", "num_voies": "9", "num_sca": "ADO75CA_ANO517", "geox": 602092.0, "geoy": 128232.0 }, "geometry": { "type": "MultiPoint", "coordinates": [ [ 653405.493052895180881, 6861786.33703194744885 ] ] } },
{ "type": "Feature", "properties": { "gid": 25342, "id_num_sca": "ADO75CA_ANO517", "id_parc": "PA10808", "quartier": "Marais", "nom_entier": "Rue Royale Saint Antoine", "num_voies": "7", "num_sca": "ADO75CA_ANO517", "geox": 602091.0, "geoy": 128225.0 }, "geometry": { "type": "MultiPoint", "coordinates": [ [ 653400.753153132274747, 6861766.558547311462462 ] ] } },
{ "type": "Feature", "properties": { "gid": 25343, "id_num_sca": "ADO75CA_ANO517", "id_parc": "PA10807", "quartier": "Marais", "nom_entier": "Rue Royale Saint Antoine", "num_voies": "5", "num_sca": "ADO75CA_ANO517", "geox": 602089.0, "geoy": 128219.0 }, "geometry": { "type": "MultiPoint", "coordinates": [ [ 653396.115769785130396, 6861750.336350008845329 ] ] } },
{ "type": "Feature", "properties": { "gid": 25344, "id_num_sca": "ADO75CA_ANO518", "id_parc": "PA10877", "quartier": "Marais", "nom_entier": "Rue Royale Saint Antoine", "num_voies": "3", "num_sca": "ADO75CA_ANO517", "geox": 602084.0, "geoy": 128199.0 }, "geometry": { "type": "MultiPoint", "coordinates": [ [ 653403.605285274796188, 6861743.158988223411143 ] ] } },
{ "type": "Feature", "properties": { "gid": 25345, "id_num_sca": "ADO75CA_ANO518", "id_parc": "PA10875", "quartier": "Marais", "nom_entier": "Rue Royale Saint Antoine", "num_voies": "1", "num_sca": "ADO75CA_ANO517", "geox": 602080.0, "geoy": 128183.0 }, "geometry": { "type": "MultiPoint", "coordinates": [ [ 653405.920312856556848, 6861750.83454777020961 ] ] } },
{ "type": "Feature", "properties": { "gid": 25346, "id_num_sca": "ADO75CA_ANO518", "id_parc": "PA10874", "quartier": "Marais", "nom_entier": "Rue Royale Saint Antoine", "num_voies": "2", "num_sca": "ADO75CA_ANO518", "geox": 602087.0, "geoy": 128176.0 }, "geometry": { "type": "MultiPoint", "coordinates": [ [ 653408.83377204858698, 6861760.610319278202951 ] ] } },
{ "type": "Feature", "properties": { "gid": 25347, "id_num_sca": "ADO75CA_ANO518", "id_parc": "PA10872", "quartier": "Marais", "nom_entier": "Rue Royale Saint Antoine", "num_voies": "4", "num_sca": "ADO75CA_ANO518", "geox": 602090.0, "geoy": 128184.0 }, "geometry": { "type": "MultiPoint", "coordinates": [ [ 653410.412517389515415, 6861767.05796729400754 ] ] } },
{ "type": "Feature", "properties": { "gid": 25348, "id_num_sca": "ADO75CA_ANO518", "id_parc": "PA10873", "quartier": "Marais", "nom_entier": "Rue Royale Saint Antoine", "num_voies": "6", "num_sca": "ADO75CA_ANO518", "geox": 602092.0, "geoy": 128193.0 }, "geometry": { "type": "MultiPoint", "coordinates": [ [ 653412.058356473804452, 6861772.851696885190904 ] ] } },
{ "type": "Feature", "properties": { "gid": 25349, "id_num_sca": "ADO75CA_ANO518", "id_parc": "PA10870", "quartier": "Marais", "nom_entier": "Rue Royale Saint Antoine", "num_voies": "8", "num_sca": "ADO75CA_ANO518", "geox": 602094.0, "geoy": 128200.0 }, "geometry": { "type": "MultiPoint", "coordinates": [ [ 653413.634659248869866, 6861779.008986612781882 ] ] } },
{ "type": "Feature", "properties": { "gid": 25350, "id_num_sca": "ADO75CA_ANO518", "id_parc": "PA10871", "quartier": "Marais", "nom_entier": "Rue Royale Saint Antoine", "num_voies": "10", "num_sca": "ADO75CA_ANO518", "geox": 602096.0, "geoy": 128206.0 }, "geometry": { "type": "MultiPoint", "coordinates": [ [ 653415.434839633060619, 6861785.890340108424425 ] ] } },
{ "type": "Feature", "properties": { "gid": 25351, "id_num_sca": "ADO75CA_ANO518", "id_parc": "PA10868", "quartier": "Marais", "nom_entier": "Rue Royale Saint Antoine", "num_voies": "12", "num_sca": "ADO75CA_ANO518", "geox": 602097.0, "geoy": 128212.0 }, "geometry": { "type": "MultiPoint", "coordinates": [ [ 653418.578895854996517, 6861797.188664814457297 ] ] } },
{ "type": "Feature", "properties": { "gid": 25352, "id_num_sca": "ADO75CA_ANO518", "id_parc": "PA10866", "quartier": "Marais", "nom_entier": "Rue Royale Saint Antoine", "num_voies": "14", "num_sca": "ADO75CA_ANO518", "geox": 602099.0, "geoy": 128219.0 }, "geometry": { "type": "MultiPoint", "coordinates": [ [ 653425.986397897242568, 6861823.40563549567014 ] ] } },
{ "type": "Feature", "properties": { "gid": 25738, "id_num_sca": "ADO75CA_ANO513", "id_parc": "PA10532", "quartier": "Marais", "nom_entier": "Rue Saint Louis au Marais", "num_voies": "29", "num_sca": "ADO75CA_ANO507", "geox": 602047.0, "geoy": 128655.0 }, "geometry": { "type": "MultiPoint", "coordinates": [ [ 653356.703812923748046, 6862026.134549592621624 ] ] } },
{ "type": "Feature", "properties": { "gid": 25752, "id_num_sca": "ADO75CA_ANO522", "id_parc": "PA10508", "quartier": "Marais", "nom_entier": "Rue Saint Louis au Marais", "num_voies": "27", "num_sca": "ADO75CA_ANO513", "geox": 602044.0, "geoy": 128621.0 }, "geometry": { "type": "MultiPoint", "coordinates": [ [ 653369.61963985755574, 6862019.761144657619298 ] ] } },
{ "type": "Feature", "properties": { "gid": 25898, "id_num_sca": "ADO75CA_ANO545", "id_parc": "PA9577", "quartier": "Quinze-Vingts", "nom_entier": "Rue Neuve Saint Nicolas", "num_voies": "7", "num_sca": "ADO75CA_ANO310", "geox": 601675.0, "geoy": 130017.0 }, "geometry": { "type": "MultiPoint", "coordinates": [ [ 654117.601583174197003, 6861441.487054146826267 ] ] } },
{ "type": "Feature", "properties": { "gid": 25899, "id_num_sca": "ADO75CA_ANO545", "id_parc": "PA9571", "quartier": "Quinze-Vingts", "nom_entier": "Rue Saint Nicolas Faubourg Saint Antoine", "num_voies": "26", "num_sca": "ADO75CA_ANO545", "geox": 602804.0, "geoy": 127880.0 }, "geometry": { "type": "MultiPoint", "coordinates": [ [ 654108.254105437314138, 6861421.573057284578681 ] ] } },
{ "type": "Feature", "properties": { "gid": 25900, "id_num_sca": "ADO75CA_ANO545", "id_parc": "PA9570", "quartier": "Quinze-Vingts", "nom_entier": "Rue Saint Nicolas Faubourg Saint Antoine", "num_voies": "24", "num_sca": "ADO75CA_ANO545", "geox": 602795.0, "geoy": 127860.0 }, "geometry": { "type": "MultiPoint", "coordinates": [ [ 654105.328047699294984, 6861415.177502918057144 ] ] } },
{ "type": "Feature", "properties": { "gid": 25901, "id_num_sca": "ADO75CA_ANO545", "id_parc": "PA9341", "quartier": "Quinze-Vingts", "nom_entier": "Rue Saint Nicolas Faubourg Saint Antoine", "num_voies": "22", "num_sca": "ADO75CA_ANO545", "geox": 602792.0, "geoy": 127854.0 }, "geometry": { "type": "MultiPoint", "coordinates": [ [ 654097.187819186830893, 6861398.181853364221752 ] ] } },
{ "type": "Feature", "properties": { "gid": 25902, "id_num_sca": "ADO75CA_ANO545", "id_parc": "PA9581", "quartier": "Quinze-Vingts", "nom_entier": "Rue Saint Nicolas Faubourg Saint Antoine", "num_voies": "20", "num_sca": "ADO75CA_ANO545", "geox": 602784.0, "geoy": 127837.0 }, "geometry": { "type": "MultiPoint", "coordinates": [ [ 654088.531759973149747, 6861380.120517462491989 ] ] } },
{ "type": "Feature", "properties": { "gid": 25904, "id_num_sca": "ADO75CA_ANO545", "id_parc": "PA9582", "quartier": "Quinze-Vingts", "nom_entier": "Rue d'Anjou Dauphine", "num_voies": "4", "num_sca": "ADO75CA_ANO691", "geox": 600200.0, "geoy": 128301.0 }, "geometry": { "type": "MultiPoint", "coordinates": [ [ 654085.094612302258611, 6861373.222412878647447 ] ] } },
{ "type": "Feature", "properties": { "gid": 25905, "id_num_sca": "ADO75CA_ANO545", "id_parc": "PA9582", "quartier": "Quinze-Vingts", "nom_entier": "Rue Saint Nicolas Faubourg Saint Antoine", "num_voies": "16", "num_sca": "ADO75CA_ANO545", "geox": 602772.0, "geoy": 127812.0 }, "geometry": { "type": "MultiPoint", "coordinates": [ [ 654081.308677515247837, 6861365.031942466273904 ] ] } },
{ "type": "Feature", "properties": { "gid": 25906, "id_num_sca": "ADO75CA_ANO545", "id_parc": "PA9560", "quartier": "Quinze-Vingts", "nom_entier": "Rue Saint Nicolas Faubourg Saint Antoine", "num_voies": "14", "num_sca": "ADO75CA_ANO545", "geox": 602768.0, "geoy": 127803.0 }, "geometry": { "type": "MultiPoint", "coordinates": [ [ 654077.009755036677234, 6861356.113666131161153 ] ] } },
{ "type": "Feature", "properties": { "gid": 25907, "id_num_sca": "ADO75CA_ANO545", "id_parc": "PA9560", "quartier": "Quinze-Vingts", "nom_entier": "Rue Saint Nicolas Faubourg Saint Antoine", "num_voies": "12", "num_sca": "ADO75CA_ANO545", "geox": 602764.0, "geoy": 127794.0 }, "geometry": { "type": "MultiPoint", "coordinates": [ [ 654073.969650417682715, 6861349.550122659653425 ] ] } },
{ "type": "Feature", "properties": { "gid": 25908, "id_num_sca": "ADO75CA_ANO545", "id_parc": "PA9560", "quartier": "Quinze-Vingts", "nom_entier": "Rue Saint Nicolas Faubourg Saint Antoine", "num_voies": "10", "num_sca": "ADO75CA_ANO545", "geox": 602761.0, "geoy": 127788.0 }, "geometry": { "type": "MultiPoint", "coordinates": [ [ 654069.215002985089086, 6861340.016193630173802 ] ] } },
{ "type": "Feature", "properties": { "gid": 25909, "id_num_sca": "ADO75CA_ANO545", "id_parc": "PA9583", "quartier": "Quinze-Vingts", "nom_entier": "Rue Saint Nicolas Faubourg Saint Antoine", "num_voies": "8", "num_sca": "ADO75CA_ANO545", "geox": 602756.0, "geoy": 127778.0 }, "geometry": { "type": "MultiPoint", "coordinates": [ [ 654065.716328685171902, 6861332.49911565054208 ] ] } },
{ "type": "Feature", "properties": { "gid": 25910, "id_num_sca": "ADO75CA_ANO545", "id_parc": "PA9583", "quartier": "Quinze-Vingts", "nom_entier": "Rue Saint Nicolas Faubourg Saint Antoine", "num_voies": "6", "num_sca": "ADO75CA_ANO545", "geox": 602753.0, "geoy": 127771.0 }, "geometry": { "type": "MultiPoint", "coordinates": [ [ 654059.537242778227665, 6861321.006074384786189 ] ] } },
{ "type": "Feature", "properties": { "gid": 25911, "id_num_sca": "ADO75CA_ANO545", "id_parc": "PA9584", "quartier": "Quinze-Vingts", "nom_entier": "Rue Saint Nicolas Faubourg Saint Antoine", "num_voies": "4", "num_sca": "ADO75CA_ANO545", "geox": 602747.0, "geoy": 127759.0 }, "geometry": { "type": "MultiPoint", "coordinates": [ [ 654052.719268203713, 6861307.209396126680076 ] ] } },
{ "type": "Feature", "properties": { "gid": 25912, "id_num_sca": "ADO75CA_ANO546", "id_parc": "PA9605", "quartier": "Quinze-Vingts", "nom_entier": "Rue Saint Nicolas Faubourg Saint Antoine", "num_voies": "2", "num_sca": "ADO75CA_ANO545", "geox": 602740.0, "geoy": 127745.0 }, "geometry": { "type": "MultiPoint", "coordinates": [ [ 654053.724266992183402, 6861316.407823381014168 ] ] } },
{ "type": "Feature", "properties": { "gid": 25913, "id_num_sca": "ADO75CA_ANO546", "id_parc": "PA9342", "quartier": "Quinze-Vingts", "nom_entier": "Rue Saint Nicolas Faubourg Saint Antoine", "num_voies": "1", "num_sca": "ADO75CA_ANO546", "geox": 602741.0, "geoy": 127755.0 }, "geometry": { "type": "MultiPoint", "coordinates": [ [ 654059.615041147335432, 6861329.839418920688331 ] ] } },
{ "type": "Feature", "properties": { "gid": 25914, "id_num_sca": "ADO75CA_ANO546", "id_parc": "PA9342", "quartier": "Quinze-Vingts", "nom_entier": "Rue Saint Nicolas Faubourg Saint Antoine", "num_voies": "3", "num_sca": "ADO75CA_ANO546", "geox": 602747.0, "geoy": 127768.0 }, "geometry": { "type": "MultiPoint", "coordinates": [ [ 654064.171835144748911, 6861340.049511151388288 ] ] } },
{ "type": "Feature", "properties": { "gid": 25915, "id_num_sca": "ADO75CA_ANO546", "id_parc": "PA9618", "quartier": "Quinze-Vingts", "nom_entier": "Rue Saint Nicolas Faubourg Saint Antoine", "num_voies": "5", "num_sca": "ADO75CA_ANO546", "geox": 602751.0, "geoy": 127778.0 }, "geometry": { "type": "MultiPoint", "coordinates": [ [ 654072.082628961303271, 6861356.490487454459071 ] ] } },
{ "type": "Feature", "properties": { "gid": 25916, "id_num_sca": "ADO75CA_ANO546", "id_parc": "PA9618", "quartier": "Quinze-Vingts", "nom_entier": "Rue Saint Nicolas Faubourg Saint Antoine", "num_voies": "7", "num_sca": "ADO75CA_ANO546", "geox": 602759.0, "geoy": 127795.0 }, "geometry": { "type": "MultiPoint", "coordinates": [ [ 654078.045658395276405, 6861370.334168671630323 ] ] } },
{ "type": "Feature", "properties": { "gid": 25917, "id_num_sca": "ADO75CA_ANO546", "id_parc": "PA9616", "quartier": "Quinze-Vingts", "nom_entier": "Rue Saint Nicolas Faubourg Saint Antoine", "num_voies": "9", "num_sca": "ADO75CA_ANO546", "geox": 602765.0, "geoy": 127809.0 }, "geometry": { "type": "MultiPoint", "coordinates": [ [ 654082.181106407893822, 6861379.516086641699076 ] ] } },
{ "type": "Feature", "properties": { "gid": 25918, "id_num_sca": "ADO75CA_ANO546", "id_parc": "PA9617", "quartier": "Quinze-Vingts", "nom_entier": "Rue Saint Nicolas Faubourg Saint Antoine", "num_voies": "11", "num_sca": "ADO75CA_ANO546", "geox": 602769.0, "geoy": 127818.0 }, "geometry": { "type": "MultiPoint", "coordinates": [ [ 654087.149409785983153, 6861389.585151059553027 ] ] } },
{ "type": "Feature", "properties": { "gid": 25919, "id_num_sca": "ADO75CA_ANO546", "id_parc": "PA9614", "quartier": "Quinze-Vingts", "nom_entier": "Rue Saint Nicolas Faubourg Saint Antoine", "num_voies": "13", "num_sca": "ADO75CA_ANO546", "geox": 602774.0, "geoy": 127828.0 }, "geometry": { "type": "MultiPoint", "coordinates": [ [ 654091.283122043823823, 6861398.560739297419786 ] ] } },
{ "type": "Feature", "properties": { "gid": 25920, "id_num_sca": "ADO75CA_ANO546", "id_parc": "PA9615", "quartier": "Quinze-Vingts", "nom_entier": "Rue Saint Nicolas Faubourg Saint Antoine", "num_voies": "15", "num_sca": "ADO75CA_ANO546", "geox": 602778.0, "geoy": 127837.0 }, "geometry": { "type": "MultiPoint", "coordinates": [ [ 654093.9510876564309, 6861405.003750897012651 ] ] } },
{ "type": "Feature", "properties": { "gid": 25921, "id_num_sca": "ADO75CA_ANO546", "id_parc": "PA9613", "quartier": "Quinze-Vingts", "nom_entier": "Rue Saint Nicolas Faubourg Saint Antoine", "num_voies": "17", "num_sca": "ADO75CA_ANO546", "geox": 602781.0, "geoy": 127844.0 }, "geometry": { "type": "MultiPoint", "coordinates": [ [ 654098.638493517413735, 6861414.387365468777716 ] ] } },
{ "type": "Feature", "properties": { "gid": 25922, "id_num_sca": "ADO75CA_ANO546", "id_parc": "PA9612", "quartier": "Quinze-Vingts", "nom_entier": "Rue Saint Nicolas Faubourg Saint Antoine", "num_voies": "19", "num_sca": "ADO75CA_ANO546", "geox": 602785.0, "geoy": 127853.0 }, "geometry": { "type": "MultiPoint", "coordinates": [ [ 654102.698797882301733, 6861422.813318932428956 ] ] } },
{ "type": "Feature", "properties": { "gid": 25923, "id_num_sca": "ADO75CA_ANO546", "id_parc": "PA9610", "quartier": "Quinze-Vingts", "nom_entier": "Rue Saint Nicolas Faubourg Saint Antoine", "num_voies": "21", "num_sca": "ADO75CA_ANO546", "geox": 602789.0, "geoy": 127861.0 }, "geometry": { "type": "MultiPoint", "coordinates": [ [ 654106.415216236608103, 6861431.242170611396432 ] ] } },
{ "type": "Feature", "properties": { "gid": 25924, "id_num_sca": "ADO75CA_ANO546", "id_parc": "PA9611", "quartier": "Quinze-Vingts", "nom_entier": "Rue Saint Nicolas Faubourg Saint Antoine", "num_voies": "23", "num_sca": "ADO75CA_ANO546", "geox": 602793.0, "geoy": 127870.0 }, "geometry": { "type": "MultiPoint", "coordinates": [ [ 654110.479574928293005, 6861440.149563856422901 ] ] } },
{ "type": "Feature", "properties": { "gid": 25925, "id_num_sca": "ADO75CA_ANO546", "id_parc": "PA9611", "quartier": "Quinze-Vingts", "nom_entier": "Rue Saint Nicolas Faubourg Saint Antoine", "num_voies": "25", "num_sca": "ADO75CA_ANO546", "geox": 602797.0, "geoy": 127879.0 }, "geometry": { "type": "MultiPoint", "coordinates": [ [ 654116.298688610084355, 6861453.237864983268082 ] ] } },
{ "type": "Feature", "properties": { "gid": 25967, "id_num_sca": "ADO75CA_ANO579", "id_parc": "PA8943", "quartier": "Faubourg Saint-Antoine", "nom_entier": "Rue Sainte Croix d'Antin", "num_voies": "6", "num_sca": "ADO75CA_ANO081", "geox": 599414.0, "geoy": 130452.0 }, "geometry": { "type": "MultiPoint", "coordinates": [ [ 654408.523239600472152, 6861369.325074101798236 ] ] } },
{ "type": "Feature", "properties": { "gid": 25968, "id_num_sca": "ADO75CA_ANO579", "id_parc": "PA8943", "quartier": "Faubourg Saint-Antoine", "nom_entier": "Rue Sainte Marguerite Saint Antoine", "num_voies": "157", "num_sca": "ADO75CA_ANO579", "geox": 603095.0, "geoy": 127810.0 }, "geometry": { "type": "MultiPoint", "coordinates": [ [ 654404.451020592823625, 6861381.281949347816408 ] ] } },
{ "type": "Feature", "properties": { "gid": 25969, "id_num_sca": "ADO75CA_ANO579", "id_parc": "PA8963", "quartier": "Faubourg Saint-Antoine", "nom_entier": "Rue Sainte Marguerite Saint Antoine", "num_voies": "2", "num_sca": "ADO75CA_ANO579", "geox": 603091.0, "geoy": 127822.0 }, "geometry": { "type": "MultiPoint", "coordinates": [ [ 654407.770452077616937, 6861394.96490431111306 ] ] } },
{ "type": "Feature", "properties": { "gid": 25970, "id_num_sca": "ADO75CA_ANO579", "id_parc": "PA8964", "quartier": "Faubourg Saint-Antoine", "nom_entier": "Rue Sainte Marguerite Saint Antoine", "num_voies": "4", "num_sca": "ADO75CA_ANO579", "geox": 603094.0, "geoy": 127836.0 }, "geometry": { "type": "MultiPoint", "coordinates": [ [ 654409.392912576557137, 6861401.806696362793446 ] ] } },
{ "type": "Feature", "properties": { "gid": 25971, "id_num_sca": "ADO75CA_ANO579", "id_parc": "PA8958", "quartier": "Faubourg Saint-Antoine", "nom_entier": "Rue Sainte Marguerite Saint Antoine", "num_voies": "6", "num_sca": "ADO75CA_ANO579", "geox": 603096.0, "geoy": 127843.0 }, "geometry": { "type": "MultiPoint", "coordinates": [ [ 654411.089884289074689, 6861408.64786072075367 ] ] } },
{ "type": "Feature", "properties": { "gid": 25972, "id_num_sca": "ADO75CA_ANO579", "id_parc": "PA8959", "quartier": "Faubourg Saint-Antoine", "nom_entier": "Rue Sainte Marguerite Saint Antoine", "num_voies": "8", "num_sca": "ADO75CA_ANO579", "geox": 603098.0, "geoy": 127850.0 }, "geometry": { "type": "MultiPoint", "coordinates": [ [ 654412.951565530151129, 6861417.350536242127419 ] ] } },
{ "type": "Feature", "properties": { "gid": 25973, "id_num_sca": "ADO75CA_ANO579", "id_parc": "PA8959", "quartier": "Faubourg Saint-Antoine", "nom_entier": "Rue Sainte Marguerite Saint Antoine", "num_voies": "10", "num_sca": "ADO75CA_ANO579", "geox": 603099.0, "geoy": 127859.0 }, "geometry": { "type": "MultiPoint", "coordinates": [ [ 654414.425004514632747, 6861424.193585609085858 ] ] } },
{ "type": "Feature", "properties": { "gid": 25974, "id_num_sca": "ADO75CA_ANO579", "id_parc": "PA8960", "quartier": "Faubourg Saint-Antoine", "nom_entier": "Rue Sainte Marguerite Saint Antoine", "num_voies": "12", "num_sca": "ADO75CA_ANO579", "geox": 603101.0, "geoy": 127865.0 }, "geometry": { "type": "MultiPoint", "coordinates": [ [ 654415.736244225176051, 6861429.473167087882757 ] ] } },
{ "type": "Feature", "properties": { "gid": 25975, "id_num_sca": "ADO75CA_ANO579", "id_parc": "PA8961", "quartier": "Faubourg Saint-Antoine", "nom_entier": "Rue Sainte Marguerite Saint Antoine", "num_voies": "14", "num_sca": "ADO75CA_ANO579", "geox": 603102.0, "geoy": 127871.0 }, "geometry": { "type": "MultiPoint", "coordinates": [ [ 654417.290469488711096, 6861437.060695926658809 ] ] } },
{ "type": "Feature", "properties": { "gid": 25976, "id_num_sca": "ADO75CA_ANO579", "id_parc": "PA8957", "quartier": "Faubourg Saint-Antoine", "nom_entier": "Rue Sainte Marguerite Saint Antoine", "num_voies": "16", "num_sca": "ADO75CA_ANO579", "geox": 603104.0, "geoy": 127878.0 }, "geometry": { "type": "MultiPoint", "coordinates": [ [ 654419.828398558543995, 6861446.428317090496421 ] ] } },
{ "type": "Feature", "properties": { "gid": 25977, "id_num_sca": "ADO75CA_ANO579", "id_parc": "PA8956", "quartier": "Faubourg Saint-Antoine", "nom_entier": "Rue Sainte Marguerite Saint Antoine", "num_voies": "18", "num_sca": "ADO75CA_ANO579", "geox": 603106.0, "geoy": 127888.0 }, "geometry": { "type": "MultiPoint", "coordinates": [ [ 654421.61243242805358, 6861454.759069755673409 ] ] } },
{ "type": "Feature", "properties": { "gid": 25978, "id_num_sca": "ADO75CA_ANO579", "id_parc": "PA8955", "quartier": "Faubourg Saint-Antoine", "nom_entier": "Rue Sainte Marguerite Saint Antoine", "num_voies": "20", "num_sca": "ADO75CA_ANO579", "geox": 603108.0, "geoy": 127896.0 }, "geometry": { "type": "MultiPoint", "coordinates": [ [ 654423.085872327559628, 6861461.602121131494641 ] ] } },
{ "type": "Feature", "properties": { "gid": 25979, "id_num_sca": "ADO75CA_ANO579", "id_parc": "PA8954", "quartier": "Faubourg Saint-Antoine", "nom_entier": "Rue Sainte Marguerite Saint Antoine", "num_voies": "22", "num_sca": "ADO75CA_ANO579", "geox": 603109.0, "geoy": 127903.0 }, "geometry": { "type": "MultiPoint", "coordinates": [ [ 654424.946300196577795, 6861470.155778853222728 ] ] } },
{ "type": "Feature", "properties": { "gid": 25980, "id_num_sca": "ADO75CA_ANO579", "id_parc": "PA8953", "quartier": "Faubourg Saint-Antoine", "nom_entier": "Rue Sainte Marguerite Saint Antoine", "num_voies": "24", "num_sca": "ADO75CA_ANO579", "geox": 603111.0, "geoy": 127911.0 }, "geometry": { "type": "MultiPoint", "coordinates": [ [ 654426.647038683411665, 6861477.444011148996651 ] ] } },
{ "type": "Feature", "properties": { "gid": 25981, "id_num_sca": "ADO75CA_ANO579", "id_parc": "PA8952", "quartier": "Faubourg Saint-Antoine", "nom_entier": "Rue Sainte Marguerite Saint Antoine", "num_voies": "26", "num_sca": "ADO75CA_ANO579", "geox": 603113.0, "geoy": 127919.0 }, "geometry": { "type": "MultiPoint", "coordinates": [ [ 654428.262598790694028, 6861483.466189713217318 ] ] } },
{ "type": "Feature", "properties": { "gid": 25982, "id_num_sca": "ADO75CA_ANO579", "id_parc": "PA8951", "quartier": "Faubourg Saint-Antoine", "nom_entier": "Rue Sainte Marguerite Saint Antoine", "num_voies": "28", "num_sca": "ADO75CA_ANO579", "geox": 603114.0, "geoy": 127925.0 }, "geometry": { "type": "MultiPoint", "coordinates": [ [ 654429.504976129974239, 6861489.41699817404151 ] ] } },
{ "type": "Feature", "properties": { "gid": 25983, "id_num_sca": "ADO75CA_ANO579", "id_parc": "PA8950", "quartier": "Faubourg Saint-Antoine", "nom_entier": "Rue Sainte Marguerite Saint Antoine", "num_voies": "30", "num_sca": "ADO75CA_ANO579", "geox": 603115.0, "geoy": 127931.0 }, "geometry": { "type": "MultiPoint", "coordinates": [ [ 654430.90014077257365, 6861495.813615131191909 ] ] } },
{ "type": "Feature", "properties": { "gid": 25984, "id_num_sca": "ADO75CA_ANO579", "id_parc": "PA8949", "quartier": "Faubourg Saint-Antoine", "nom_entier": "Rue Sainte Marguerite Saint Antoine", "num_voies": "32", "num_sca": "ADO75CA_ANO579", "geox": 603117.0, "geoy": 127937.0 }, "geometry": { "type": "MultiPoint", "coordinates": [ [ 654433.069281606469303, 6861505.63144529890269 ] ] } },
{ "type": "Feature", "properties": { "gid": 25985, "id_num_sca": "ADO75CA_ANO579", "id_parc": "PA8948", "quartier": "Faubourg Saint-Antoine", "nom_entier": "Rue Sainte Marguerite Saint Antoine", "num_voies": "34", "num_sca": "ADO75CA_ANO579", "geox": 603119.0, "geoy": 127947.0 }, "geometry": { "type": "MultiPoint", "coordinates": [ [ 654435.149479087791406, 6861513.736157350242138 ] ] } },
{ "type": "Feature", "properties": { "gid": 25986, "id_num_sca": "ADO75CA_ANO579", "id_parc": "PA8947", "quartier": "Faubourg Saint-Antoine", "nom_entier": "Rue Sainte Marguerite Saint Antoine", "num_voies": "36", "num_sca": "ADO75CA_ANO579", "geox": 603121.0, "geoy": 127955.0 }, "geometry": { "type": "MultiPoint", "coordinates": [ [ 654436.78449273086153, 6861522.0681705577299 ] ] } },
{ "type": "Feature", "properties": { "gid": 25987, "id_num_sca": "ADO75CA_ANO579", "id_parc": "PA8946", "quartier": "Faubourg Saint-Antoine", "nom_entier": "Rue Sainte Marguerite Saint Antoine", "num_voies": "38", "num_sca": "ADO75CA_ANO579", "geox": 603122.0, "geoy": 127963.0 }, "geometry": { "type": "MultiPoint", "coordinates": [ [ 654438.571666339877993, 6861530.771481914445758 ] ] } },
{ "type": "Feature", "properties": { "gid": 25988, "id_num_sca": "ADO75CA_ANO579", "id_parc": "PA8944", "quartier": "Faubourg Saint-Antoine", "nom_entier": "Rue Sainte Marguerite Saint Antoine", "num_voies": "40", "num_sca": "ADO75CA_ANO579", "geox": 603124.0, "geoy": 127972.0 }, "geometry": { "type": "MultiPoint", "coordinates": [ [ 654440.959949176525697, 6861540.065855277702212 ] ] } },
{ "type": "Feature", "properties": { "gid": 25989, "id_num_sca": "ADO75CA_ANO579", "id_parc": "PA8945", "quartier": "Faubourg Saint-Antoine", "nom_entier": "Rue Sainte Marguerite Saint Antoine", "num_voies": "42", "num_sca": "ADO75CA_ANO579", "geox": 603126.0, "geoy": 127981.0 }, "geometry": { "type": "MultiPoint", "coordinates": [ [ 654442.899283117381856, 6861549.140465503558517 ] ] } },
{ "type": "Feature", "properties": { "gid": 25990, "id_num_sca": "ADO75CA_ANO579", "id_parc": "PA8945", "quartier": "Faubourg Saint-Antoine", "nom_entier": "Rue Sainte Marguerite Saint Antoine", "num_voies": "44", "num_sca": "ADO75CA_ANO579", "geox": 603128.0, "geoy": 127991.0 }, "geometry": { "type": "MultiPoint", "coordinates": [ [ 654445.159252208424732, 6861560.89495157264173 ] ] } },
{ "type": "Feature", "properties": { "gid": 25991, "id_num_sca": "ADO75CA_ANO579", "id_parc": "PA8945", "quartier": "Faubourg Saint-Antoine", "nom_entier": "Rue Sainte Marguerite Saint Antoine", "num_voies": "46", "num_sca": "ADO75CA_ANO579", "geox": 603130.0, "geoy": 128002.0 }, "geometry": { "type": "MultiPoint", "coordinates": [ [ 654446.937641797936521, 6861568.555114816874266 ] ] } },
{ "type": "Feature", "properties": { "gid": 25992, "id_num_sca": "ADO75CA_ANO579", "id_parc": "PA8938", "quartier": "Faubourg Saint-Antoine", "nom_entier": "Rue Sainte Marguerite Saint Antoine", "num_voies": "48", "num_sca": "ADO75CA_ANO579", "geox": 603132.0, "geoy": 128010.0 }, "geometry": { "type": "MultiPoint", "coordinates": [ [ 654452.587799355620518, 6861593.544886140152812 ] ] } },
{ "type": "Feature", "properties": { "gid": 25993, "id_num_sca": "ADO75CA_ANO580", "id_parc": "PA8896", "quartier": "Faubourg Saint-Antoine", "nom_entier": "Rue Sainte Marguerite Saint Antoine", "num_voies": "50", "num_sca": "ADO75CA_ANO579", "geox": 603138.0, "geoy": 128035.0 }, "geometry": { "type": "MultiPoint", "coordinates": [ [ 654445.811979791964404, 6861576.463305958546698 ] ] } },
{ "type": "Feature", "properties": { "gid": 25994, "id_num_sca": "ADO75CA_ANO580", "id_parc": "PA8897", "quartier": "Faubourg Saint-Antoine", "nom_entier": "Rue Sainte Marguerite Saint Antoine", "num_voies": "41", "num_sca": "ADO75CA_ANO580", "geox": 603131.0, "geoy": 128018.0 }, "geometry": { "type": "MultiPoint", "coordinates": [ [ 654440.951488628983498, 6861556.757521132938564 ] ] } },
{ "type": "Feature", "properties": { "gid": 25995, "id_num_sca": "ADO75CA_ANO580", "id_parc": "PA8903", "quartier": "Faubourg Saint-Antoine", "nom_entier": "Rue Sainte Marguerite Saint Antoine", "num_voies": "39", "num_sca": "ADO75CA_ANO580", "geox": 603126.0, "geoy": 127998.0 }, "geometry": { "type": "MultiPoint", "coordinates": [ [ 654438.393475541146472, 6861545.005547676235437 ] ] } },
{ "type": "Feature", "properties": { "gid": 25996, "id_num_sca": "ADO75CA_ANO580", "id_parc": "PA8904", "quartier": "Faubourg Saint-Antoine", "nom_entier": "Rue Sainte Marguerite Saint Antoine", "num_voies": "37", "num_sca": "ADO75CA_ANO580", "geox": 603124.0, "geoy": 127986.0 }, "geometry": { "type": "MultiPoint", "coordinates": [ [ 654435.698990798089653, 6861534.745046440511942 ] ] } },
{ "type": "Feature", "properties": { "gid": 25997, "id_num_sca": "ADO75CA_ANO580", "id_parc": "PA8902", "quartier": "Faubourg Saint-Antoine", "nom_entier": "Rue Sainte Marguerite Saint Antoine", "num_voies": "35", "num_sca": "ADO75CA_ANO580", "geox": 603121.0, "geoy": 127976.0 }, "geometry": { "type": "MultiPoint", "coordinates": [ [ 654432.767795628635213, 6861522.92170462757349 ] ] } },
{ "type": "Feature", "properties": { "gid": 25998, "id_num_sca": "ADO75CA_ANO580", "id_parc": "PA8901", "quartier": "Faubourg Saint-Antoine", "nom_entier": "Rue Sainte Marguerite Saint Antoine", "num_voies": "33", "num_sca": "ADO75CA_ANO580", "geox": 603118.0, "geoy": 127964.0 }, "geometry": { "type": "MultiPoint", "coordinates": [ [ 654430.296217620838434, 6861512.584810175932944 ] ] } },
{ "type": "Feature", "properties": { "gid": 25999, "id_num_sca": "ADO75CA_ANO580", "id_parc": "PA8900", "quartier": "Faubourg Saint-Antoine", "nom_entier": "Rue Sainte Marguerite Saint Antoine", "num_voies": "31", "num_sca": "ADO75CA_ANO580", "geox": 603116.0, "geoy": 127954.0 }, "geometry": { "type": "MultiPoint", "coordinates": [ [ 654428.509044852922671, 6861503.881500015035272 ] ] } },
{ "type": "Feature", "properties": { "gid": 26000, "id_num_sca": "ADO75CA_ANO580", "id_parc": "PA8899", "quartier": "Faubourg Saint-Antoine", "nom_entier": "Rue Sainte Marguerite Saint Antoine", "num_voies": "29", "num_sca": "ADO75CA_ANO580", "geox": 603114.0, "geoy": 127945.0 }, "geometry": { "type": "MultiPoint", "coordinates": [ [ 654426.661793719162233, 6861496.892565199173987 ] ] } },
{ "type": "Feature", "properties": { "gid": 26001, "id_num_sca": "ADO75CA_ANO580", "id_parc": "PA8898", "quartier": "Faubourg Saint-Antoine", "nom_entier": "Rue Sainte Marguerite Saint Antoine", "num_voies": "27", "num_sca": "ADO75CA_ANO580", "geox": 603112.0, "geoy": 127938.0 }, "geometry": { "type": "MultiPoint", "coordinates": [ [ 654425.335492888232693, 6861489.824723568744957 ] ] } },
{ "type": "Feature", "properties": { "gid": 26002, "id_num_sca": "ADO75CA_ANO580", "id_parc": "PA8909", "quartier": "Faubourg Saint-Antoine", "nom_entier": "Rue Sainte Marguerite Saint Antoine", "num_voies": "25", "num_sca": "ADO75CA_ANO580", "geox": 603111.0, "geoy": 127931.0 }, "geometry": { "type": "MultiPoint", "coordinates": [ [ 654422.710501518798992, 6861478.967512925155461 ] ] } },
{ "type": "Feature", "properties": { "gid": 26003, "id_num_sca": "ADO75CA_ANO580", "id_parc": "PA8924", "quartier": "Faubourg Saint-Antoine", "nom_entier": "Rue Sainte Marguerite Saint Antoine", "num_voies": "23", "num_sca": "ADO75CA_ANO580", "geox": 603109.0, "geoy": 127920.0 }, "geometry": { "type": "MultiPoint", "coordinates": [ [ 654419.769896469078958, 6861466.026515641249716 ] ] } },
{ "type": "Feature", "properties": { "gid": 26004, "id_num_sca": "ADO75CA_ANO580", "id_parc": "PA8923", "quartier": "Faubourg Saint-Antoine", "nom_entier": "Rue Sainte Marguerite Saint Antoine", "num_voies": "21", "num_sca": "ADO75CA_ANO580", "geox": 603106.0, "geoy": 127907.0 }, "geometry": { "type": "MultiPoint", "coordinates": [ [ 654417.374714207020588, 6861455.912529834546149 ] ] } },
{ "type": "Feature", "properties": { "gid": 26005, "id_num_sca": "ADO75CA_ANO580", "id_parc": "PA8922", "quartier": "Faubourg Saint-Antoine", "nom_entier": "Rue Sainte Marguerite Saint Antoine", "num_voies": "19", "num_sca": "ADO75CA_ANO580", "geox": 603104.0, "geoy": 127897.0 }, "geometry": { "type": "MultiPoint", "coordinates": [ [ 654414.367129091639072, 6861443.866291249170899 ] ] } },
{ "type": "Feature", "properties": { "gid": 26006, "id_num_sca": "ADO75CA_ANO580", "id_parc": "PA8921", "quartier": "Faubourg Saint-Antoine", "nom_entier": "Rue Sainte Marguerite Saint Antoine", "num_voies": "17", "num_sca": "ADO75CA_ANO580", "geox": 603101.0, "geoy": 127885.0 }, "geometry": { "type": "MultiPoint", "coordinates": [ [ 654411.970692713628523, 6861433.60328580904752 ] ] } },
{ "type": "Feature", "properties": { "gid": 26007, "id_num_sca": "ADO75CA_ANO580", "id_parc": "PA8919", "quartier": "Faubourg Saint-Antoine", "nom_entier": "Rue Sainte Marguerite Saint Antoine", "num_voies": "15", "num_sca": "ADO75CA_ANO580", "geox": 603098.0, "geoy": 127875.0 }, "geometry": { "type": "MultiPoint", "coordinates": [ [ 654410.278113039326854, 6861427.28369483910501 ] ] } },
{ "type": "Feature", "properties": { "gid": 26008, "id_num_sca": "ADO75CA_ANO580", "id_parc": "PA8920", "quartier": "Faubourg Saint-Antoine", "nom_entier": "Rue Sainte Marguerite Saint Antoine", "num_voies": "13", "num_sca": "ADO75CA_ANO580", "geox": 603097.0, "geoy": 127868.0 }, "geometry": { "type": "MultiPoint", "coordinates": [ [ 654408.809694155468605, 6861421.036730681546032 ] ] } },
{ "type": "Feature", "properties": { "gid": 26009, "id_num_sca": "ADO75CA_ANO580", "id_parc": "PA8917", "quartier": "Faubourg Saint-Antoine", "nom_entier": "Rue Sainte Marguerite Saint Antoine", "num_voies": "11", "num_sca": "ADO75CA_ANO580", "geox": 603095.0, "geoy": 127862.0 }, "geometry": { "type": "MultiPoint", "coordinates": [ [ 654407.112094917218201, 6861414.121054911054671 ] ] } },
{ "type": "Feature", "properties": { "gid": 26010, "id_num_sca": "ADO75CA_ANO580", "id_parc": "PA8918", "quartier": "Faubourg Saint-Antoine", "nom_entier": "Rue Sainte Marguerite Saint Antoine", "num_voies": "9", "num_sca": "ADO75CA_ANO580", "geox": 603094.0, "geoy": 127855.0 }, "geometry": { "type": "MultiPoint", "coordinates": [ [ 654405.555988103616983, 6861406.309995361603796 ] ] } },
{ "type": "Feature", "properties": { "gid": 26011, "id_num_sca": "ADO75CA_ANO580", "id_parc": "PA8911", "quartier": "Faubourg Saint-Antoine", "nom_entier": "Rue Sainte Marguerite Saint Antoine", "num_voies": "7", "num_sca": "ADO75CA_ANO580", "geox": 603092.0, "geoy": 127847.0 }, "geometry": { "type": "MultiPoint", "coordinates": [ [ 654403.324262342182919, 6861397.908503448590636 ] ] } },
{ "type": "Feature", "properties": { "gid": 26012, "id_num_sca": "ADO75CA_ANO580", "id_parc": "PA8910", "quartier": "Faubourg Saint-Antoine", "nom_entier": "Rue Sainte Marguerite Saint Antoine", "num_voies": "5", "num_sca": "ADO75CA_ANO580", "geox": 603090.0, "geoy": 127839.0 }, "geometry": { "type": "MultiPoint", "coordinates": [ [ 654401.542112959898077, 6861389.801286405883729 ] ] } },
{ "type": "Feature", "properties": { "gid": 26013, "id_num_sca": "ADO75CA_ANO580", "id_parc": "PA8912", "quartier": "Faubourg Saint-Antoine", "nom_entier": "Rue Sainte Marguerite Saint Antoine", "num_voies": "3", "num_sca": "ADO75CA_ANO580", "geox": 603088.0, "geoy": 127831.0 }, "geometry": { "type": "MultiPoint", "coordinates": [ [ 654399.449997566989623, 6861380.280879641883075 ] ] } },
{ "type": "Feature", "properties": { "gid": 26014, "id_num_sca": "ADO75CA_ANO580", "id_parc": "PA8912", "quartier": "Faubourg Saint-Antoine", "nom_entier": "Rue Sainte Marguerite Saint Antoine", "num_voies": "1", "num_sca": "ADO75CA_ANO580", "geox": 603086.0, "geoy": 127821.0 }, "geometry": { "type": "MultiPoint", "coordinates": [ [ 654393.865904562990181, 6861371.982162210159004 ] ] } },
{ "type": "Feature", "properties": { "gid": 26467, "id_num_sca": "ADO75CA_ANO514", "id_parc": "PA10721", "quartier": "Marais", "nom_entier": "Rue de Paradis au Marais", "num_voies": "16", "num_sca": "ADO75CA_ANO450", "geox": 601535.0, "geoy": 128806.0 }, "geometry": { "type": "MultiPoint", "coordinates": [ [ 653342.446000261232257, 6861993.263804815709591 ] ] } },
{ "type": "Feature", "properties": { "gid": 26468, "id_num_sca": "ADO75CA_ANO514", "id_parc": "PA10745", "quartier": "Marais", "nom_entier": "Rue de l'Egout au Marais", "num_voies": "21", "num_sca": "ADO75CA_ANO514", "geox": 602024.0, "geoy": 128425.0 }, "geometry": { "type": "MultiPoint", "coordinates": [ [ 653334.770636565401219, 6861974.534033599309623 ] ] } },
{ "type": "Feature", "properties": { "gid": 26469, "id_num_sca": "ADO75CA_ANO514", "id_parc": "PA10750", "quartier": "Marais", "nom_entier": "Rue de l'Egout au Marais", "num_voies": "19", "num_sca": "ADO75CA_ANO514", "geox": 602017.0, "geoy": 128407.0 }, "geometry": { "type": "MultiPoint", "coordinates": [ [ 653328.441126058576629, 6861958.33465079497546 ] ] } },
{ "type": "Feature", "properties": { "gid": 26470, "id_num_sca": "ADO75CA_ANO514", "id_parc": "PA10746", "quartier": "Marais", "nom_entier": "Rue de l'Egout au Marais", "num_voies": "17", "num_sca": "ADO75CA_ANO514", "geox": 602010.0, "geoy": 128390.0 }, "geometry": { "type": "MultiPoint", "coordinates": [ [ 653318.502457822673023, 6861938.657372460700572 ] ] } },
{ "type": "Feature", "properties": { "gid": 26471, "id_num_sca": "ADO75CA_ANO514", "id_parc": "PA10748", "quartier": "Marais", "nom_entier": "Rue de l'Egout au Marais", "num_voies": "15", "num_sca": "ADO75CA_ANO514", "geox": 602001.0, "geoy": 128371.0 }, "geometry": { "type": "MultiPoint", "coordinates": [ [ 653308.143871422042139, 6861920.129194973036647 ] ] } },
{ "type": "Feature", "properties": { "gid": 26472, "id_num_sca": "ADO75CA_ANO515", "id_parc": "PA10286", "quartier": "Marais", "nom_entier": "Rue de l'Egout au Marais", "num_voies": "13", "num_sca": "ADO75CA_ANO514", "geox": 601990.0, "geoy": 128352.0 }, "geometry": { "type": "MultiPoint", "coordinates": [ [ 653299.208729271311313, 6861901.656819694675505 ] ] } },
{ "type": "Feature", "properties": { "gid": 26473, "id_num_sca": "ADO75CA_ANO515", "id_parc": "PA10752", "quartier": "Marais", "nom_entier": "Rue de l'Egout au Marais", "num_voies": "11", "num_sca": "ADO75CA_ANO515", "geox": 601982.0, "geoy": 128333.0 }, "geometry": { "type": "MultiPoint", "coordinates": [ [ 653294.673003593226895, 6861892.685339344665408 ] ] } },
{ "type": "Feature", "properties": { "gid": 26474, "id_num_sca": "ADO75CA_ANO515", "id_parc": "PA10754", "quartier": "Marais", "nom_entier": "Rue de l'Egout au Marais", "num_voies": "9", "num_sca": "ADO75CA_ANO515", "geox": 601977.0, "geoy": 128324.0 }, "geometry": { "type": "MultiPoint", "coordinates": [ [ 653290.827888992149383, 6861884.510886535048485 ] ] } },
{ "type": "Feature", "properties": { "gid": 26475, "id_num_sca": "ADO75CA_ANO515", "id_parc": "PA10751", "quartier": "Marais", "nom_entier": "Rue de l'Egout au Marais", "num_voies": "7", "num_sca": "ADO75CA_ANO515", "geox": 601973.0, "geoy": 128316.0 }, "geometry": { "type": "MultiPoint", "coordinates": [ [ 653286.867094805114903, 6861876.72396160569042 ] ] } },
{ "type": "Feature", "properties": { "gid": 26476, "id_num_sca": "ADO75CA_ANO515", "id_parc": "PA10753", "quartier": "Marais", "nom_entier": "Rue de l'Egout au Marais", "num_voies": "5", "num_sca": "ADO75CA_ANO515", "geox": 601969.0, "geoy": 128308.0 }, "geometry": { "type": "MultiPoint", "coordinates": [ [ 653283.449497433030047, 6861869.883979609236121 ] ] } },
{ "type": "Feature", "properties": { "gid": 27419, "id_num_sca": "ADO75CA_ANO579", "id_parc": "PA8939", "quartier": "Faubourg Saint-Antoine", "nom_entier": "Rue Saint Bernard", "num_voies": "37", "num_sca": "ADO75CA_ANO579", "geox": 603234.0, "geoy": 128087.0 }, "geometry": { "type": "MultiPoint", "coordinates": [ [ 654549.884767647949047, 6861644.252569812349975 ] ] } },
{ "type": "Feature", "properties": { "gid": 27534, "id_num_sca": "ADO75CA_ANO580", "id_parc": "PA8857", "quartier": "Faubourg Saint-Antoine", "nom_entier": "Rue de Seine Saint Germain", "num_voies": "54", "num_sca": "ADO75CA_ANO696", "geox": 600027.0, "geoy": 128128.0 }, "geometry": { "type": "MultiPoint", "coordinates": [ [ 654097.360766543773934, 6861486.478519769385457 ] ] } },
{ "type": "Feature", "properties": { "gid": 27537, "id_num_sca": "ADO75CA_ANO580", "id_parc": "PA8883", "quartier": "Faubourg Saint-Antoine", "nom_entier": "Rue du Faubourg Saint Martin", "num_voies": "78bis", "num_sca": "ADO75CA_ANO309", "geox": 601534.0, "geoy": 130166.0 }, "geometry": { "type": "MultiPoint", "coordinates": [ [ 654256.684493998065591, 6861425.448573816567659 ] ] } },
{ "type": "Feature", "properties": { "gid": 27538, "id_num_sca": "ADO75CA_ANO580", "id_parc": "PA8882", "quartier": "Faubourg Saint-Antoine", "nom_entier": "Rue du Faubourg Saint Antoine", "num_voies": "121", "num_sca": "ADO75CA_ANO580", "geox": 602943.0, "geoy": 127865.0 }, "geometry": { "type": "MultiPoint", "coordinates": [ [ 654251.337265694746748, 6861427.58008611574769 ] ] } },
{ "type": "Feature", "properties": { "gid": 27539, "id_num_sca": "ADO75CA_ANO580", "id_parc": "PA8885", "quartier": "Faubourg Saint-Antoine", "nom_entier": "Rue du Faubourg Saint Antoine", "num_voies": "119", "num_sca": "ADO75CA_ANO580", "geox": 602938.0, "geoy": 127867.0 }, "geometry": { "type": "MultiPoint", "coordinates": [ [ 654244.579346395563334, 6861430.319614841602743 ] ] } },
{ "type": "Feature", "properties": { "gid": 27540, "id_num_sca": "ADO75CA_ANO580", "id_parc": "PA8879", "quartier": "Faubourg Saint-Antoine", "nom_entier": "Rue du Faubourg Saint Antoine", "num_voies": "117", "num_sca": "ADO75CA_ANO580", "geox": 602931.0, "geoy": 127870.0 }, "geometry": { "type": "MultiPoint", "coordinates": [ [ 654238.415633046883158, 6861432.830587578937411 ] ] } },
{ "type": "Feature", "properties": { "gid": 27541, "id_num_sca": "ADO75CA_ANO580", "id_parc": "PA8834", "quartier": "Faubourg Saint-Antoine", "nom_entier": "Rue du Faubourg Saint Antoine", "num_voies": "115", "num_sca": "ADO75CA_ANO580", "geox": 602925.0, "geoy": 127873.0 }, "geometry": { "type": "MultiPoint", "coordinates": [ [ 654231.65457627386786, 6861435.197562257759273 ] ] } },
{ "type": "Feature", "properties": { "gid": 27542, "id_num_sca": "ADO75CA_ANO544", "id_parc": "PA9643", "quartier": "Quinze-Vingts", "nom_entier": "Rue du Faubourg Saint Antoine", "num_voies": "113", "num_sca": "ADO75CA_ANO580", "geox": 602918.0, "geoy": 127875.0 }, "geometry": { "type": "MultiPoint", "coordinates": [ [ 654258.136011632042937, 6861408.786860750988126 ] ] } },
{ "type": "Feature", "properties": { "gid": 27543, "id_num_sca": "ADO75CA_ANO544", "id_parc": "PA9644", "quartier": "Quinze-Vingts", "nom_entier": "Rue du Faubourg Saint Antoine", "num_voies": "118", "num_sca": "ADO75CA_ANO544", "geox": 602945.0, "geoy": 127849.0 }, "geometry": { "type": "MultiPoint", "coordinates": [ [ 654244.213310138671659, 6861414.029102453961968 ] ] } },
{ "type": "Feature", "properties": { "gid": 27544, "id_num_sca": "ADO75CA_ANO544", "id_parc": "PA9645", "quartier": "Quinze-Vingts", "nom_entier": "Rue du Faubourg Saint Antoine", "num_voies": "116", "num_sca": "ADO75CA_ANO544", "geox": 602931.0, "geoy": 127854.0 }, "geometry": { "type": "MultiPoint", "coordinates": [ [ 654290.972484721220098, 6861395.782332494854927 ] ] } },
{ "type": "Feature", "properties": { "gid": 27545, "id_num_sca": "ADO75CA_ANO544", "id_parc": "PA9649", "quartier": "Quinze-Vingts", "nom_entier": "Rue du Faubourg Saint Antoine", "num_voies": "122ter", "num_sca": "ADO75CA_ANO544", "geox": 602978.0, "geoy": 127836.0 }, "geometry": { "type": "MultiPoint", "coordinates": [ [ 654284.68666536314413, 6861398.369602954946458 ] ] } },
{ "type": "Feature", "properties": { "gid": 27546, "id_num_sca": "ADO75CA_ANO581", "id_parc": "PA8801", "quartier": "Faubourg Saint-Antoine", "nom_entier": "Rue du Faubourg Saint Antoine", "num_voies": "122bis", "num_sca": "ADO75CA_ANO544", "geox": 602971.0, "geoy": 127838.0 }, "geometry": { "type": "MultiPoint", "coordinates": [ [ 653911.183250316418707, 6861567.13460791669786 ] ] } },
{ "type": "Feature", "properties": { "gid": 27547, "id_num_sca": "ADO75CA_ANO540", "id_parc": "PA9842", "quartier": "Quinze-Vingts", "nom_entier": "Rue du Faubourg Saint Antoine", "num_voies": "35bis", "num_sca": "ADO75CA_ANO581", "geox": 602596.0, "geoy": 128004.0 }, "geometry": { "type": "MultiPoint", "coordinates": [ [ 654822.998543343506753, 6861279.822944005951285 ] ] } },
{ "type": "Feature", "properties": { "gid": 27548, "id_num_sca": "ADO75CA_ANO576", "id_parc": "PA9082", "quartier": "Faubourg Saint-Antoine", "nom_entier": "Rue de Reuilly", "num_voies": "4", "num_sca": "ADO75CA_ANO540", "geox": 603511.0, "geoy": 127724.0 }, "geometry": { "type": "MultiPoint", "coordinates": [ [ 655085.706431315862574, 6861244.36842805147171 ] ] } },
{ "type": "Feature", "properties": { "gid": 27549, "id_num_sca": "ADO75CA_ANO542", "id_parc": "PA9742", "quartier": "Quinze-Vingts", "nom_entier": "Rue du Faubourg Saint Antoine", "num_voies": "289", "num_sca": "ADO75CA_ANO576", "geox": 603774.0, "geoy": 127691.0 }, "geometry": { "type": "MultiPoint", "coordinates": [ [ 654274.390771044883877, 6861049.514633002690971 ] ] } },
{ "type": "Feature", "properties": { "gid": 27550, "id_num_sca": "ADO75CA_ANO545", "id_parc": "PA9590", "quartier": "Quinze-Vingts", "nom_entier": "Rue de Charenton", "num_voies": "101", "num_sca": "ADO75CA_ANO542", "geox": 602964.0, "geoy": 127490.0 }, "geometry": { "type": "MultiPoint", "coordinates": [ [ 654125.898898725863546, 6861216.259378987364471 ] ] } },
{ "type": "Feature", "properties": { "gid": 27591, "id_num_sca": "ADO75CA_ANO540", "id_parc": "PA9792", "quartier": "Quinze-Vingts", "nom_entier": "Rue Saint Nicolas Chaussée d'Antin", "num_voies": "1", "num_sca": "ADO75CA_ANO100", "geox": 599710.0, "geoy": 130424.0 }, "geometry": { "type": "MultiPoint", "coordinates": [ [ 654388.418542413273826, 6861211.703760975971818 ] ] } },
{ "type": "Feature", "properties": { "gid": 27592, "id_num_sca": "ADO75CA_ANO540", "id_parc": "PA9792", "quartier": "Quinze-Vingts", "nom_entier": "Rue Lenoir Saint Antoine", "num_voies": "2", "num_sca": "ADO75CA_ANO540", "geox": 603077.0, "geoy": 127653.0 }, "geometry": { "type": "MultiPoint", "coordinates": [ [ 654392.617424380965531, 6861219.552414448931813 ] ] } },
{ "type": "Feature", "properties": { "gid": 27593, "id_num_sca": "ADO75CA_ANO540", "id_parc": "PA9791", "quartier": "Quinze-Vingts", "nom_entier": "Rue Lenoir Saint Antoine", "num_voies": "4", "num_sca": "ADO75CA_ANO540", "geox": 603081.0, "geoy": 127661.0 }, "geometry": { "type": "MultiPoint", "coordinates": [ [ 654399.213087460375391, 6861232.658090492710471 ] ] } },
{ "type": "Feature", "properties": { "gid": 27594, "id_num_sca": "ADO75CA_ANO540", "id_parc": "PA9794", "quartier": "Quinze-Vingts", "nom_entier": "Rue Lenoir Saint Antoine", "num_voies": "6", "num_sca": "ADO75CA_ANO540", "geox": 603087.0, "geoy": 127674.0 }, "geometry": { "type": "MultiPoint", "coordinates": [ [ 654405.862691460642964, 6861244.618854465894401 ] ] } },
{ "type": "Feature", "properties": { "gid": 27595, "id_num_sca": "ADO75CA_ANO540", "id_parc": "PA9794", "quartier": "Quinze-Vingts", "nom_entier": "Rue Lenoir Saint Antoine", "num_voies": "8", "num_sca": "ADO75CA_ANO540", "geox": 603094.0, "geoy": 127686.0 }, "geometry": { "type": "MultiPoint", "coordinates": [ [ 654411.025400848477148, 6861253.66742492467165 ] ] } },
{ "type": "Feature", "properties": { "gid": 27596, "id_num_sca": "ADO75CA_ANO540", "id_parc": "PA9794", "quartier": "Quinze-Vingts", "nom_entier": "Rue Lenoir Saint Antoine", "num_voies": "10", "num_sca": "ADO75CA_ANO540", "geox": 603099.0, "geoy": 127695.0 }, "geometry": { "type": "MultiPoint", "coordinates": [ [ 654414.257247919915244, 6861259.934705711901188 ] ] } },
{ "type": "Feature", "properties": { "gid": 27597, "id_num_sca": "ADO75CA_ANO540", "id_parc": "PA9795", "quartier": "Quinze-Vingts", "nom_entier": "Rue Lenoir Saint Antoine", "num_voies": "12", "num_sca": "ADO75CA_ANO540", "geox": 603102.0, "geoy": 127701.0 }, "geometry": { "type": "MultiPoint", "coordinates": [ [ 654422.273557900101878, 6861275.635232886299491 ] ] } },
{ "type": "Feature", "properties": { "gid": 27598, "id_num_sca": "ADO75CA_ANO540", "id_parc": "PA9796", "quartier": "Quinze-Vingts", "nom_entier": "Rue Lenoir Saint Antoine", "num_voies": "14", "num_sca": "ADO75CA_ANO540", "geox": 603110.0, "geoy": 127717.0 }, "geometry": { "type": "MultiPoint", "coordinates": [ [ 654433.501908410107717, 6861295.250711789354682 ] ] } },
{ "type": "Feature", "properties": { "gid": 27599, "id_num_sca": "ADO75CA_ANO540", "id_parc": "PA9798", "quartier": "Quinze-Vingts", "nom_entier": "Rue Lenoir Saint Antoine", "num_voies": "16", "num_sca": "ADO75CA_ANO540", "geox": 603121.0, "geoy": 127737.0 }, "geometry": { "type": "MultiPoint", "coordinates": [ [ 654440.154196213930845, 6861307.52936280798167 ] ] } },
{ "type": "Feature", "properties": { "gid": 27600, "id_num_sca": "ADO75CA_ANO543", "id_parc": "PA9340", "quartier": "Quinze-Vingts", "nom_entier": "Rue Lenoir Saint Antoine", "num_voies": "18", "num_sca": "ADO75CA_ANO540", "geox": 603128.0, "geoy": 127749.0 }, "geometry": { "type": "MultiPoint", "coordinates": [ [ 654440.185002914746292, 6861323.246102104894817 ] ] } },
{ "type": "Feature", "properties": { "gid": 27601, "id_num_sca": "ADO75CA_ANO543", "id_parc": "PA9758", "quartier": "Quinze-Vingts", "nom_entier": "Rue Lenoir Saint Antoine", "num_voies": "19", "num_sca": "ADO75CA_ANO543", "geox": 603127.0, "geoy": 127765.0 }, "geometry": { "type": "MultiPoint", "coordinates": [ [ 654429.129099307931028, 6861303.688887066207826 ] ] } },
{ "type": "Feature", "properties": { "gid": 27602, "id_num_sca": "ADO75CA_ANO543", "id_parc": "PA9755", "quartier": "Quinze-Vingts", "nom_entier": "Rue Lenoir Saint Antoine", "num_voies": "17", "num_sca": "ADO75CA_ANO543", "geox": 603117.0, "geoy": 127745.0 }, "geometry": { "type": "MultiPoint", "coordinates": [ [ 654422.480322771705687, 6861289.683206931687891 ] ] } },
{ "type": "Feature", "properties": { "gid": 27603, "id_num_sca": "ADO75CA_ANO543", "id_parc": "PA9750", "quartier": "Quinze-Vingts", "nom_entier": "Rue Lenoir Saint Antoine", "num_voies": "15", "num_sca": "ADO75CA_ANO543", "geox": 603110.0, "geoy": 127731.0 }, "geometry": { "type": "MultiPoint", "coordinates": [ [ 654411.794400996994227, 6861270.311879030428827 ] ] } },
{ "type": "Feature", "properties": { "gid": 27604, "id_num_sca": "ADO75CA_ANO543", "id_parc": "PA9755", "quartier": "Quinze-Vingts", "nom_entier": "Rue Lenoir Saint Antoine", "num_voies": "11", "num_sca": "ADO75CA_ANO543", "geox": 603099.0, "geoy": 127711.0 }, "geometry": { "type": "MultiPoint", "coordinates": [ [ 654417.772971899714321, 6861281.576252588070929 ] ] } },
{ "type": "Feature", "properties": { "gid": 27605, "id_num_sca": "ADO75CA_ANO543", "id_parc": "PA9751", "quartier": "Quinze-Vingts", "nom_entier": "Rue Lenoir Saint Antoine", "num_voies": "13", "num_sca": "ADO75CA_ANO543", "geox": 603105.0, "geoy": 127723.0 }, "geometry": { "type": "MultiPoint", "coordinates": [ [ 654405.011463544564322, 6861257.583366692997515 ] ] } },
{ "type": "Feature", "properties": { "gid": 27606, "id_num_sca": "ADO75CA_ANO543", "id_parc": "PA9752", "quartier": "Quinze-Vingts", "nom_entier": "Rue Lenoir Saint Antoine", "num_voies": "9", "num_sca": "ADO75CA_ANO543", "geox": 603093.0, "geoy": 127699.0 }, "geometry": { "type": "MultiPoint", "coordinates": [ [ 654396.860364774707705, 6861243.621763397008181 ] ] } },
{ "type": "Feature", "properties": { "gid": 27607, "id_num_sca": "ADO75CA_ANO543", "id_parc": "PA9749", "quartier": "Quinze-Vingts", "nom_entier": "Rue Lenoir Saint Antoine", "num_voies": "7", "num_sca": "ADO75CA_ANO543", "geox": 603085.0, "geoy": 127685.0 }, "geometry": { "type": "MultiPoint", "coordinates": [ [ 654389.84257496194914, 6861229.876903921365738 ] ] } },
{ "type": "Feature", "properties": { "gid": 27608, "id_num_sca": "ADO75CA_ANO543", "id_parc": "PA9748", "quartier": "Quinze-Vingts", "nom_entier": "Rue Lenoir Saint Antoine", "num_voies": "5", "num_sca": "ADO75CA_ANO543", "geox": 603078.0, "geoy": 127671.0 }, "geometry": { "type": "MultiPoint", "coordinates": [ [ 654384.102675510104746, 6861220.081441201269627 ] ] } },
{ "type": "Feature", "properties": { "gid": 27609, "id_num_sca": "ADO75CA_ANO543", "id_parc": "PA9747", "quartier": "Quinze-Vingts", "nom_entier": "Rue Lenoir Saint Antoine", "num_voies": "3", "num_sca": "ADO75CA_ANO543", "geox": 603072.0, "geoy": 127661.0 }, "geometry": { "type": "MultiPoint", "coordinates": [ [ 654377.779926381539553, 6861208.25423470698297 ] ] } },
{ "type": "Feature", "properties": { "gid": 27973, "id_num_sca": "ADO75CA_ANO582", "id_parc": "PA8744", "quartier": "Faubourg Saint-Antoine", "nom_entier": "Rue d'Aval", "num_voies": "13", "num_sca": "ADO75CA_ANO582", "geox": 602503.0, "geoy": 128272.0 }, "geometry": { "type": "MultiPoint", "coordinates": [ [ 653819.947513867984526, 6861836.288099197670817 ] ] } },
{ "type": "Feature", "properties": { "gid": 27974, "id_num_sca": "ADO75CA_ANO582", "id_parc": "PA8744", "quartier": "Faubourg Saint-Antoine", "nom_entier": "Rue d'Aval", "num_voies": "11", "num_sca": "ADO75CA_ANO582", "geox": 602509.0, "geoy": 128267.0 }, "geometry": { "type": "MultiPoint", "coordinates": [ [ 653825.598509972915053, 6861830.267344027757645 ] ] } },
{ "type": "Feature", "properties": { "gid": 27975, "id_num_sca": "ADO75CA_ANO582", "id_parc": "PA8748", "quartier": "Faubourg Saint-Antoine", "nom_entier": "Rue d'Aval", "num_voies": "9", "num_sca": "ADO75CA_ANO582", "geox": 602514.0, "geoy": 128260.0 }, "geometry": { "type": "MultiPoint", "coordinates": [ [ 653831.33238501904998, 6861823.340868012979627 ] ] } },
{ "type": "Feature", "properties": { "gid": 27976, "id_num_sca": "ADO75CA_ANO582", "id_parc": "PA8751", "quartier": "Faubourg Saint-Antoine", "nom_entier": "Rue d'Aval", "num_voies": "7", "num_sca": "ADO75CA_ANO582", "geox": 602525.0, "geoy": 128248.0 }, "geometry": { "type": "MultiPoint", "coordinates": [ [ 653841.639677000697702, 6861811.398239854723215 ] ] } },
{ "type": "Feature", "properties": { "gid": 27977, "id_num_sca": "ADO75CA_ANO582", "id_parc": "PA8732", "quartier": "Faubourg Saint-Antoine", "nom_entier": "Rue d'Aval", "num_voies": "5", "num_sca": "ADO75CA_ANO582", "geox": 602531.0, "geoy": 128241.0 }, "geometry": { "type": "MultiPoint", "coordinates": [ [ 653847.823746551875956, 6861804.196464763954282 ] ] } },
{ "type": "Feature", "properties": { "gid": 27978, "id_num_sca": "ADO75CA_ANO582", "id_parc": "PA8732", "quartier": "Faubourg Saint-Antoine", "nom_entier": "Rue d'Aval", "num_voies": "3", "num_sca": "ADO75CA_ANO582", "geox": 602539.0, "geoy": 128232.0 }, "geometry": { "type": "MultiPoint", "coordinates": [ [ 653855.35383393347729, 6861795.6258166115731 ] ] } },
{ "type": "Feature", "properties": { "gid": 27979, "id_num_sca": "ADO75CA_ANO582", "id_parc": "PA8753", "quartier": "Faubourg Saint-Antoine", "nom_entier": "Rue d'Aval", "num_voies": "1", "num_sca": "ADO75CA_ANO582", "geox": 602545.0, "geoy": 128225.0 }, "geometry": { "type": "MultiPoint", "coordinates": [ [ 653861.808628967846744, 6861788.331258761696517 ] ] } },
{ "type": "Feature", "properties": { "gid": 27993, "id_num_sca": "ADO75CA_ANO552", "id_parc": "PA9458", "quartier": "Quinze-Vingts", "nom_entier": "Rue de Bercy Faubourg Saint Antoine", "num_voies": "1", "num_sca": "ADO75CA_ANO552", "geox": 602271.0, "geoy": 127538.0 }, "geometry": { "type": "MultiPoint", "coordinates": [ [ 653581.466283293906599, 6861103.60548459738493 ] ] } },
{ "type": "Feature", "properties": { "gid": 27994, "id_num_sca": "ADO75CA_ANO552", "id_parc": "PA9457", "quartier": "Quinze-Vingts", "nom_entier": "Rue de Bercy Faubourg Saint Antoine", "num_voies": "3", "num_sca": "ADO75CA_ANO552", "geox": 602278.0, "geoy": 127530.0 }, "geometry": { "type": "MultiPoint", "coordinates": [ [ 653589.317506290506572, 6861095.473083565011621 ] ] } },
{ "type": "Feature", "properties": { "gid": 27995, "id_num_sca": "ADO75CA_ANO552", "id_parc": "PA9456", "quartier": "Quinze-Vingts", "nom_entier": "Rue de Bercy Faubourg Saint Antoine", "num_voies": "5", "num_sca": "ADO75CA_ANO552", "geox": 602320.0, "geoy": 127485.0 }, "geometry": { "type": "MultiPoint", "coordinates": [ [ 653630.292679323465563, 6861049.956836007535458 ] ] } },
{ "type": "Feature", "properties": { "gid": 27996, "id_num_sca": "ADO75CA_ANO552", "id_parc": "PA9448", "quartier": "Quinze-Vingts", "nom_entier": "Rue de Bercy Faubourg Saint Antoine", "num_voies": "7", "num_sca": "ADO75CA_ANO552", "geox": 602337.0, "geoy": 127466.0 }, "geometry": { "type": "MultiPoint", "coordinates": [ [ 653646.856498445849866, 6861031.484887268394232 ] ] } },
{ "type": "Feature", "properties": { "gid": 27997, "id_num_sca": "ADO75CA_ANO552", "id_parc": "PA9447", "quartier": "Quinze-Vingts", "nom_entier": "Rue de Bercy Faubourg Saint Antoine", "num_voies": "9", "num_sca": "ADO75CA_ANO552", "geox": 602350.0, "geoy": 127452.0 }, "geometry": { "type": "MultiPoint", "coordinates": [ [ 653660.376456222846173, 6861017.291701566427946 ] ] } },
{ "type": "Feature", "properties": { "gid": 27998, "id_num_sca": "ADO75CA_ANO552", "id_parc": "PA9444", "quartier": "Quinze-Vingts", "nom_entier": "Rue de Bercy Faubourg Saint Antoine", "num_voies": "11", "num_sca": "ADO75CA_ANO552", "geox": 602368.0, "geoy": 127433.0 }, "geometry": { "type": "MultiPoint", "coordinates": [ [ 653678.401827609864995, 6860998.220805143937469 ] ] } },
{ "type": "Feature", "properties": { "gid": 27999, "id_num_sca": "ADO75CA_ANO553", "id_parc": "PA9472", "quartier": "Quinze-Vingts", "nom_entier": "Rue de Bercy Faubourg Saint Antoine", "num_voies": "34", "num_sca": "ADO75CA_ANO553", "geox": 602403.0, "geoy": 127380.0 }, "geometry": { "type": "MultiPoint", "coordinates": [ [ 653712.138681768206879, 6860944.846364919096231 ] ] } },
{ "type": "Feature", "properties": { "gid": 28000, "id_num_sca": "ADO75CA_ANO553", "id_parc": "PA9475", "quartier": "Quinze-Vingts", "nom_entier": "Rue de Bercy Faubourg Saint Antoine", "num_voies": "32", "num_sca": "ADO75CA_ANO553", "geox": 602397.0, "geoy": 127386.0 }, "geometry": { "type": "MultiPoint", "coordinates": [ [ 653706.299108806997538, 6860950.469287415966392 ] ] } },
{ "type": "Feature", "properties": { "gid": 28001, "id_num_sca": "ADO75CA_ANO553", "id_parc": "PA9476", "quartier": "Quinze-Vingts", "nom_entier": "Rue de Bercy Faubourg Saint Antoine", "num_voies": "30", "num_sca": "ADO75CA_ANO553", "geox": 602390.0, "geoy": 127393.0 }, "geometry": { "type": "MultiPoint", "coordinates": [ [ 653699.411823830683716, 6860958.105074413120747 ] ] } },
{ "type": "Feature", "properties": { "gid": 28002, "id_num_sca": "ADO75CA_ANO553", "id_parc": "PA9471", "quartier": "Quinze-Vingts", "nom_entier": "Rue de Bercy Faubourg Saint Antoine", "num_voies": "28", "num_sca": "ADO75CA_ANO553", "geox": 602382.0, "geoy": 127401.0 }, "geometry": { "type": "MultiPoint", "coordinates": [ [ 653691.901478965068236, 6860966.121867008507252 ] ] } },
{ "type": "Feature", "properties": { "gid": 28003, "id_num_sca": "ADO75CA_ANO553", "id_parc": "PA9471", "quartier": "Quinze-Vingts", "nom_entier": "Rue de Bercy Faubourg Saint Antoine", "num_voies": "26", "num_sca": "ADO75CA_ANO553", "geox": 602372.0, "geoy": 127412.0 }, "geometry": { "type": "MultiPoint", "coordinates": [ [ 653681.843652556766756, 6860976.539914393797517 ] ] } },
{ "type": "Feature", "properties": { "gid": 28004, "id_num_sca": "ADO75CA_ANO553", "id_parc": "PA9468", "quartier": "Quinze-Vingts", "nom_entier": "Rue de Bercy Faubourg Saint Antoine", "num_voies": "24", "num_sca": "ADO75CA_ANO553", "geox": 602366.0, "geoy": 127419.0 }, "geometry": { "type": "MultiPoint", "coordinates": [ [ 653675.57784279435873, 6860983.606830721721053 ] ] } },
{ "type": "Feature", "properties": { "gid": 28005, "id_num_sca": "ADO75CA_ANO553", "id_parc": "PA9467", "quartier": "Quinze-Vingts", "nom_entier": "Rue de Bercy Faubourg Saint Antoine", "num_voies": "22", "num_sca": "ADO75CA_ANO553", "geox": 602358.0, "geoy": 127426.0 }, "geometry": { "type": "MultiPoint", "coordinates": [ [ 653667.8785744815832, 6860991.499962279573083 ] ] } },
{ "type": "Feature", "properties": { "gid": 28006, "id_num_sca": "ADO75CA_ANO553", "id_parc": "PA9466", "quartier": "Quinze-Vingts", "nom_entier": "Rue de Bercy Faubourg Saint Antoine", "num_voies": "20", "num_sca": "ADO75CA_ANO553", "geox": 602349.0, "geoy": 127437.0 }, "geometry": { "type": "MultiPoint", "coordinates": [ [ 653658.822170954896137, 6861001.846948718652129 ] ] } },
{ "type": "Feature", "properties": { "gid": 28007, "id_num_sca": "ADO75CA_ANO553", "id_parc": "PA9488", "quartier": "Quinze-Vingts", "nom_entier": "Rue de Bercy Faubourg Saint Antoine", "num_voies": "18", "num_sca": "ADO75CA_ANO553", "geox": 602339.0, "geoy": 127446.0 }, "geometry": { "type": "MultiPoint", "coordinates": [ [ 653649.385290297679603, 6861011.633503684774041 ] ] } },
{ "type": "Feature", "properties": { "gid": 28008, "id_num_sca": "ADO75CA_ANO553", "id_parc": "PA9308", "quartier": "Quinze-Vingts", "nom_entier": "Rue de Bercy Faubourg Saint Antoine", "num_voies": "16", "num_sca": "ADO75CA_ANO553", "geox": 602329.0, "geoy": 127457.0 }, "geometry": { "type": "MultiPoint", "coordinates": [ [ 653639.514269015053287, 6861021.924725431017578 ] ] } },
{ "type": "Feature", "properties": { "gid": 28009, "id_num_sca": "ADO75CA_ANO553", "id_parc": "PA9487", "quartier": "Quinze-Vingts", "nom_entier": "Rue de Bercy Faubourg Saint Antoine", "num_voies": "14", "num_sca": "ADO75CA_ANO553", "geox": 602317.0, "geoy": 127470.0 }, "geometry": { "type": "MultiPoint", "coordinates": [ [ 653627.293642103089951, 6861035.805434491485357 ] ] } },
{ "type": "Feature", "properties": { "gid": 28010, "id_num_sca": "ADO75CA_ANO553", "id_parc": "PA9487", "quartier": "Quinze-Vingts", "nom_entier": "Rue de Bercy Faubourg Saint Antoine", "num_voies": "12", "num_sca": "ADO75CA_ANO553", "geox": 602309.0, "geoy": 127478.0 }, "geometry": { "type": "MultiPoint", "coordinates": [ [ 653619.408081887639128, 6861043.888014181517065 ] ] } },
{ "type": "Feature", "properties": { "gid": 28011, "id_num_sca": "ADO75CA_ANO553", "id_parc": "PA9486", "quartier": "Quinze-Vingts", "nom_entier": "Rue de Bercy Faubourg Saint Antoine", "num_voies": "10", "num_sca": "ADO75CA_ANO553", "geox": 602301.0, "geoy": 127487.0 }, "geometry": { "type": "MultiPoint", "coordinates": [ [ 653611.153111287741922, 6861052.725220593623817 ] ] } },
{ "type": "Feature", "properties": { "gid": 28012, "id_num_sca": "ADO75CA_ANO553", "id_parc": "PA9464", "quartier": "Quinze-Vingts", "nom_entier": "Rue de Bercy Faubourg Saint Antoine", "num_voies": "8", "num_sca": "ADO75CA_ANO553", "geox": 602296.0, "geoy": 127493.0 }, "geometry": { "type": "MultiPoint", "coordinates": [ [ 653606.126035693800077, 6861058.153421083465219 ] ] } },
{ "type": "Feature", "properties": { "gid": 28013, "id_num_sca": "ADO75CA_ANO553", "id_parc": "PA9464", "quartier": "Quinze-Vingts", "nom_entier": "Rue de Bercy Faubourg Saint Antoine", "num_voies": "6", "num_sca": "ADO75CA_ANO553", "geox": 602293.0, "geoy": 127495.0 }, "geometry": { "type": "MultiPoint", "coordinates": [ [ 653603.393320193397813, 6861060.869367335923016 ] ] } },
{ "type": "Feature", "properties": { "gid": 28014, "id_num_sca": "ADO75CA_ANO553", "id_parc": "PA9461", "quartier": "Quinze-Vingts", "nom_entier": "Rue de Bercy Faubourg Saint Antoine", "num_voies": "4", "num_sca": "ADO75CA_ANO553", "geox": 602287.0, "geoy": 127502.0 }, "geometry": { "type": "MultiPoint", "coordinates": [ [ 653597.561641084379517, 6861067.431617706082761 ] ] } },
{ "type": "Feature", "properties": { "gid": 28015, "id_num_sca": "ADO75CA_ANO553", "id_parc": "PA9459", "quartier": "Quinze-Vingts", "nom_entier": "Rue de Bercy Faubourg Saint Antoine", "num_voies": "2", "num_sca": "ADO75CA_ANO553", "geox": 602279.0, "geoy": 127510.0 }, "geometry": { "type": "MultiPoint", "coordinates": [ [ 653590.116539822658524, 6861075.760993023402989 ] ] } },
{ "type": "Feature", "properties": { "gid": 28016, "id_num_sca": "ADO75CA_ANO554", "id_parc": "PA9492", "quartier": "Quinze-Vingts", "nom_entier": "Rue de Bercy Faubourg Saint Antoine", "num_voies": "44bis", "num_sca": "ADO75CA_ANO554", "geox": 602508.0, "geoy": 127271.0 }, "geometry": { "type": "MultiPoint", "coordinates": [ [ 653816.186538034933619, 6860834.59911161288619 ] ] } },
{ "type": "Feature", "properties": { "gid": 28017, "id_num_sca": "ADO75CA_ANO554", "id_parc": "PA9489", "quartier": "Quinze-Vingts", "nom_entier": "Rue de Bercy Faubourg Saint Antoine", "num_voies": "44", "num_sca": "ADO75CA_ANO554", "geox": 602494.0, "geoy": 127285.0 }, "geometry": { "type": "MultiPoint", "coordinates": [ [ 653802.701931844116189, 6860848.510036004707217 ] ] } },
{ "type": "Feature", "properties": { "gid": 28018, "id_num_sca": "ADO75CA_ANO554", "id_parc": "PA9490", "quartier": "Quinze-Vingts", "nom_entier": "Rue de Bercy Faubourg Saint Antoine", "num_voies": "42", "num_sca": "ADO75CA_ANO554", "geox": 602472.0, "geoy": 127308.0 }, "geometry": { "type": "MultiPoint", "coordinates": [ [ 653780.886482619447634, 6860872.472187059000134 ] ] } },
{ "type": "Feature", "properties": { "gid": 28019, "id_num_sca": "ADO75CA_ANO554", "id_parc": "PA9491", "quartier": "Quinze-Vingts", "nom_entier": "Rue de Bercy Faubourg Saint Antoine", "num_voies": "40", "num_sca": "ADO75CA_ANO554", "geox": 602455.0, "geoy": 127326.0 }, "geometry": { "type": "MultiPoint", "coordinates": [ [ 653764.205034562968649, 6860890.226324996910989 ] ] } },
{ "type": "Feature", "properties": { "gid": 28020, "id_num_sca": "ADO75CA_ANO554", "id_parc": "PA9309", "quartier": "Quinze-Vingts", "nom_entier": "Rue de Bercy Faubourg Saint Antoine", "num_voies": "38", "num_sca": "ADO75CA_ANO554", "geox": 602441.0, "geoy": 127342.0 }, "geometry": { "type": "MultiPoint", "coordinates": [ [ 653749.95658071001526, 6860906.394313476979733 ] ] } },
{ "type": "Feature", "properties": { "gid": 28021, "id_num_sca": "ADO75CA_ANO554", "id_parc": "PA9497", "quartier": "Quinze-Vingts", "nom_entier": "Rue de Bercy Faubourg Saint Antoine", "num_voies": "36", "num_sca": "ADO75CA_ANO554", "geox": 602420.0, "geoy": 127364.0 }, "geometry": { "type": "MultiPoint", "coordinates": [ [ 653729.885887687676586, 6860928.384700076654553 ] ] } },
{ "type": "Feature", "properties": { "gid": 28022, "id_num_sca": "ADO75CA_ANO556", "id_parc": "PA9712", "quartier": "Quinze-Vingts", "nom_entier": "Rue de Bercy Faubourg Saint Antoine", "num_voies": "47", "num_sca": "ADO75CA_ANO556", "geox": 602695.0, "geoy": 127105.0 }, "geometry": { "type": "MultiPoint", "coordinates": [ [ 654002.337220891844481, 6860667.715758912265301 ] ] } },
{ "type": "Feature", "properties": { "gid": 28023, "id_num_sca": "ADO75CA_ANO556", "id_parc": "PA9713", "quartier": "Quinze-Vingts", "nom_entier": "Rue de Bercy Faubourg Saint Antoine", "num_voies": "45", "num_sca": "ADO75CA_ANO556", "geox": 602688.0, "geoy": 127113.0 }, "geometry": { "type": "MultiPoint", "coordinates": [ [ 653995.692156522418372, 6860675.690593839623034 ] ] } },
{ "type": "Feature", "properties": { "gid": 28024, "id_num_sca": "ADO75CA_ANO556", "id_parc": "PA9710", "quartier": "Quinze-Vingts", "nom_entier": "Rue de Bercy Faubourg Saint Antoine", "num_voies": "43bis", "num_sca": "ADO75CA_ANO556", "geox": 602683.0, "geoy": 127118.0 }, "geometry": { "type": "MultiPoint", "coordinates": [ [ 653990.529950427124277, 6860680.636231523938477 ] ] } },
{ "type": "Feature", "properties": { "gid": 28025, "id_num_sca": "ADO75CA_ANO556", "id_parc": "PA9707", "quartier": "Quinze-Vingts", "nom_entier": "Rue de Bercy Faubourg Saint Antoine", "num_voies": "43", "num_sca": "ADO75CA_ANO556", "geox": 602677.0, "geoy": 127125.0 }, "geometry": { "type": "MultiPoint", "coordinates": [ [ 653984.249251195578836, 6860687.099644873291254 ] ] } },
{ "type": "Feature", "properties": { "gid": 28026, "id_num_sca": "ADO75CA_ANO556", "id_parc": "PA9706", "quartier": "Quinze-Vingts", "nom_entier": "Rue de Bercy Faubourg Saint Antoine", "num_voies": "41", "num_sca": "ADO75CA_ANO556", "geox": 602672.0, "geoy": 127131.0 }, "geometry": { "type": "MultiPoint", "coordinates": [ [ 653979.32153468078468, 6860693.023735537193716 ] ] } },
{ "type": "Feature", "properties": { "gid": 28027, "id_num_sca": "ADO75CA_ANO556", "id_parc": "PA9708", "quartier": "Quinze-Vingts", "nom_entier": "Rue de Bercy Faubourg Saint Antoine", "num_voies": "39", "num_sca": "ADO75CA_ANO556", "geox": 602668.0, "geoy": 127134.0 }, "geometry": { "type": "MultiPoint", "coordinates": [ [ 653975.055391196394339, 6860696.905977135524154 ] ] } },
{ "type": "Feature", "properties": { "gid": 28028, "id_num_sca": "ADO75CA_ANO556", "id_parc": "PA9709", "quartier": "Quinze-Vingts", "nom_entier": "Rue de Bercy Faubourg Saint Antoine", "num_voies": "37", "num_sca": "ADO75CA_ANO556", "geox": 602663.0, "geoy": 127139.0 }, "geometry": { "type": "MultiPoint", "coordinates": [ [ 653970.798769673798233, 6860701.919402449391782 ] ] } },
{ "type": "Feature", "properties": { "gid": 28029, "id_num_sca": "ADO75CA_ANO556", "id_parc": "PA9705", "quartier": "Quinze-Vingts", "nom_entier": "Rue de Bercy Faubourg Saint Antoine", "num_voies": "35", "num_sca": "ADO75CA_ANO556", "geox": 602656.0, "geoy": 127146.0 }, "geometry": { "type": "MultiPoint", "coordinates": [ [ 653963.767116103786975, 6860708.766230971552432 ] ] } },
{ "type": "Feature", "properties": { "gid": 28030, "id_num_sca": "ADO75CA_ANO556", "id_parc": "PA9714", "quartier": "Quinze-Vingts", "nom_entier": "Rue de Bercy Faubourg Saint Antoine", "num_voies": "33", "num_sca": "ADO75CA_ANO556", "geox": 602649.0, "geoy": 127154.0 }, "geometry": { "type": "MultiPoint", "coordinates": [ [ 653956.590349748264998, 6860716.29304052516818 ] ] } },
{ "type": "Feature", "properties": { "gid": 28031, "id_num_sca": "ADO75CA_ANO558", "id_parc": "PA10176", "quartier": "Quinze-Vingts", "nom_entier": "Rue de Bercy Faubourg Saint Antoine", "num_voies": "59ter", "num_sca": "ADO75CA_ANO558", "geox": 602882.0, "geoy": 126913.0 }, "geometry": { "type": "MultiPoint", "coordinates": [ [ 654188.077268527820706, 6860473.948271278291941 ] ] } },
{ "type": "Feature", "properties": { "gid": 28032, "id_num_sca": "ADO75CA_ANO558", "id_parc": "PA10175", "quartier": "Quinze-Vingts", "nom_entier": "Rue de Bercy Faubourg Saint Antoine", "num_voies": "59bis", "num_sca": "ADO75CA_ANO558", "geox": 602867.0, "geoy": 126929.0 }, "geometry": { "type": "MultiPoint", "coordinates": [ [ 654172.875469823367894, 6860489.613088166341186 ] ] } },
{ "type": "Feature", "properties": { "gid": 28033, "id_num_sca": "ADO75CA_ANO558", "id_parc": "PA10178", "quartier": "Quinze-Vingts", "nom_entier": "Rue de Bercy Faubourg Saint Antoine", "num_voies": "59", "num_sca": "ADO75CA_ANO558", "geox": 602840.0, "geoy": 126957.0 }, "geometry": { "type": "MultiPoint", "coordinates": [ [ 654145.898589043063112, 6860517.867431222461164 ] ] } },
{ "type": "Feature", "properties": { "gid": 28034, "id_num_sca": "ADO75CA_ANO558", "id_parc": "PA10180", "quartier": "Quinze-Vingts", "nom_entier": "Rue de Bercy Faubourg Saint Antoine", "num_voies": "57", "num_sca": "ADO75CA_ANO558", "geox": 602801.0, "geoy": 126997.0 }, "geometry": { "type": "MultiPoint", "coordinates": [ [ 654107.044214437832125, 6860558.610617005266249 ] ] } },
{ "type": "Feature", "properties": { "gid": 28035, "id_num_sca": "ADO75CA_ANO558", "id_parc": "PA10209", "quartier": "Quinze-Vingts", "nom_entier": "Rue de Bercy Faubourg Saint Antoine", "num_voies": "53", "num_sca": "ADO75CA_ANO558", "geox": 602735.0, "geoy": 127065.0 }, "geometry": { "type": "MultiPoint", "coordinates": [ [ 654041.414256653515622, 6860627.40335785318166 ] ] } },
{ "type": "Feature", "properties": { "gid": 28036, "id_num_sca": "ADO75CA_ANO558", "id_parc": "PA10208", "quartier": "Quinze-Vingts", "nom_entier": "Rue de Bercy Faubourg Saint Antoine", "num_voies": "51", "num_sca": "ADO75CA_ANO558", "geox": 602727.0, "geoy": 127073.0 }, "geometry": { "type": "MultiPoint", "coordinates": [ [ 654033.96436756872572, 6860635.082173500210047 ] ] } },
{ "type": "Feature", "properties": { "gid": 28037, "id_num_sca": "ADO75CA_ANO558", "id_parc": "PA10210", "quartier": "Quinze-Vingts", "nom_entier": "Rue de Bercy Faubourg Saint Antoine", "num_voies": "49", "num_sca": "ADO75CA_ANO558", "geox": 602716.0, "geoy": 127084.0 }, "geometry": { "type": "MultiPoint", "coordinates": [ [ 654023.296807568869554, 6860646.545349156484008 ] ] } },
{ "type": "Feature", "properties": { "gid": 28038, "id_num_sca": "ADO75CA_ANO559", "id_parc": "PA9505", "quartier": "Quinze-Vingts", "nom_entier": "Rue de Bercy Faubourg Saint Antoine", "num_voies": "48", "num_sca": "ADO75CA_ANO559", "geox": 602637.0, "geoy": 127156.0 }, "geometry": { "type": "MultiPoint", "coordinates": [ [ 653944.839639220852405, 6860719.000141556374729 ] ] } },
{ "type": "Feature", "properties": { "gid": 28039, "id_num_sca": "ADO75CA_ANO560", "id_parc": "PA9508", "quartier": "Quinze-Vingts", "nom_entier": "Rue de Bercy Faubourg Saint Antoine", "num_voies": "48bis", "num_sca": "ADO75CA_ANO560", "geox": 602656.0, "geoy": 127137.0 }, "geometry": { "type": "MultiPoint", "coordinates": [ [ 653963.1757348831743, 6860699.741116466931999 ] ] } },
{ "type": "Feature", "properties": { "gid": 28040, "id_num_sca": "ADO75CA_ANO561", "id_parc": "PA10230", "quartier": "Quinze-Vingts", "nom_entier": "Rue de Bercy Faubourg Saint Antoine", "num_voies": "50bis", "num_sca": "ADO75CA_ANO561", "geox": 602905.0, "geoy": 126882.0 }, "geometry": { "type": "MultiPoint", "coordinates": [ [ 654210.473149358178489, 6860442.159155076369643 ] ] } },
{ "type": "Feature", "properties": { "gid": 28041, "id_num_sca": "ADO75CA_ANO561", "id_parc": "PA10233", "quartier": "Quinze-Vingts", "nom_entier": "Rue de Bercy Faubourg Saint Antoine", "num_voies": "52", "num_sca": "ADO75CA_ANO561", "geox": 602916.0, "geoy": 126872.0 }, "geometry": { "type": "MultiPoint", "coordinates": [ [ 654221.281412946409546, 6860432.01239718683064 ] ] } },
{ "type": "Feature", "properties": { "gid": 28042, "id_num_sca": "ADO75CA_ANO562", "id_parc": "PA10265", "quartier": "Quinze-Vingts", "nom_entier": "Rue de Bercy Faubourg Saint Antoine", "num_voies": "54", "num_sca": "ADO75CA_ANO562", "geox": 602940.0, "geoy": 126846.0 }, "geometry": { "type": "MultiPoint", "coordinates": [ [ 654245.450855469796807, 6860405.989058659411967 ] ] } },
{ "type": "Feature", "properties": { "gid": 28043, "id_num_sca": "ADO75CA_ANO562", "id_parc": "PA10266", "quartier": "Quinze-Vingts", "nom_entier": "Rue de Bercy Faubourg Saint Antoine", "num_voies": "56", "num_sca": "ADO75CA_ANO562", "geox": 602961.0, "geoy": 126824.0 }, "geometry": { "type": "MultiPoint", "coordinates": [ [ 654266.311701883212663, 6860384.052367519587278 ] ] } },
{ "type": "Feature", "properties": { "gid": 28044, "id_num_sca": "ADO75CA_ANO562", "id_parc": "PA10250", "quartier": "Quinze-Vingts", "nom_entier": "Rue de Bercy Faubourg Saint Antoine", "num_voies": "58", "num_sca": "ADO75CA_ANO562", "geox": 602972.0, "geoy": 126811.0 }, "geometry": { "type": "MultiPoint", "coordinates": [ [ 654276.457540830015205, 6860371.148808263242245 ] ] } },
{ "type": "Feature", "properties": { "gid": 28045, "id_num_sca": "ADO75CA_ANO562", "id_parc": "PA10250", "quartier": "Quinze-Vingts", "nom_entier": "Rue de Bercy Faubourg Saint Antoine", "num_voies": "60", "num_sca": "ADO75CA_ANO562", "geox": 602980.0, "geoy": 126805.0 }, "geometry": { "type": "MultiPoint", "coordinates": [ [ 654284.214887082576752, 6860364.883070360869169 ] ] } },
{ "type": "Feature", "properties": { "gid": 28046, "id_num_sca": "ADO75CA_ANO562", "id_parc": "PA10250", "quartier": "Quinze-Vingts", "nom_entier": "Rue de Bercy Faubourg Saint Antoine", "num_voies": "62", "num_sca": "ADO75CA_ANO562", "geox": 602991.0, "geoy": 126792.0 }, "geometry": { "type": "MultiPoint", "coordinates": [ [ 654295.490895653609186, 6860351.671892259269953 ] ] } },
{ "type": "Feature", "properties": { "gid": 28047, "id_num_sca": "ADO75CA_ANO562", "id_parc": "PA10248", "quartier": "Quinze-Vingts", "nom_entier": "Rue de Bercy Faubourg Saint Antoine", "num_voies": "64", "num_sca": "ADO75CA_ANO562", "geox": 603006.0, "geoy": 126776.0 }, "geometry": { "type": "MultiPoint", "coordinates": [ [ 654310.378310221247375, 6860335.449335671961308 ] ] } },
{ "type": "Feature", "properties": { "gid": 28411, "id_num_sca": "ADO75CA_ANO553", "id_parc": "PA9462", "quartier": "Quinze-Vingts", "nom_entier": "Place Saint Michel", "num_voies": "4", "num_sca": "ADO75CA_ANO786", "geox": 600334.0, "geoy": 127527.0 }, "geometry": { "type": "MultiPoint", "coordinates": [ [ 653571.125246711540967, 6861081.369428985752165 ] ] } },
{ "type": "Feature", "properties": { "gid": 28412, "id_num_sca": "ADO75CA_ANO553", "id_parc": "PA9463", "quartier": "Quinze-Vingts", "nom_entier": "Place Saint Michel", "num_voies": "6", "num_sca": "ADO75CA_ANO786", "geox": 600323.0, "geoy": 127523.0 }, "geometry": { "type": "MultiPoint", "coordinates": [ [ 653568.941734466236085, 6861067.484781838953495 ] ] } },
{ "type": "Feature", "properties": { "gid": 28413, "id_num_sca": "ADO75CA_ANO553", "id_parc": "PA9460", "quartier": "Quinze-Vingts", "nom_entier": "Rue de la Contrescarpe", "num_voies": "32", "num_sca": "ADO75CA_ANO553", "geox": 602260.0, "geoy": 127515.0 }, "geometry": { "type": "MultiPoint", "coordinates": [ [ 653566.963478159043007, 6861055.665074871852994 ] ] } },
{ "type": "Feature", "properties": { "gid": 28414, "id_num_sca": "ADO75CA_ANO553", "id_parc": "PA9484", "quartier": "Quinze-Vingts", "nom_entier": "Rue de la Contrescarpe", "num_voies": "30", "num_sca": "ADO75CA_ANO553", "geox": 602258.0, "geoy": 127502.0 }, "geometry": { "type": "MultiPoint", "coordinates": [ [ 653565.585180314606987, 6861048.161529304459691 ] ] } },
{ "type": "Feature", "properties": { "gid": 28415, "id_num_sca": "ADO75CA_ANO553", "id_parc": "PA9484", "quartier": "Quinze-Vingts", "nom_entier": "Rue de la Contrescarpe", "num_voies": "28", "num_sca": "ADO75CA_ANO553", "geox": 602256.0, "geoy": 127490.0 }, "geometry": { "type": "MultiPoint", "coordinates": [ [ 653564.536328441696241, 6861042.596624115481973 ] ] } },
{ "type": "Feature", "properties": { "gid": 28416, "id_num_sca": "ADO75CA_ANO553", "id_parc": "PA9484", "quartier": "Quinze-Vingts", "nom_entier": "Rue de la Contrescarpe", "num_voies": "26", "num_sca": "ADO75CA_ANO553", "geox": 602255.0, "geoy": 127482.0 }, "geometry": { "type": "MultiPoint", "coordinates": [ [ 653563.295394735061564, 6861036.532326709479094 ] ] } },
{ "type": "Feature", "properties": { "gid": 28417, "id_num_sca": "ADO75CA_ANO553", "id_parc": "PA9484", "quartier": "Quinze-Vingts", "nom_entier": "Rue de la Contrescarpe", "num_voies": "24", "num_sca": "ADO75CA_ANO553", "geox": 602254.0, "geoy": 127477.0 }, "geometry": { "type": "MultiPoint", "coordinates": [ [ 653562.567557813134044, 6861031.904112491756678 ] ] } },
{ "type": "Feature", "properties": { "gid": 28418, "id_num_sca": "ADO75CA_ANO553", "id_parc": "PA9482", "quartier": "Quinze-Vingts", "nom_entier": "Rue de la Contrescarpe", "num_voies": "22", "num_sca": "ADO75CA_ANO553", "geox": 602253.0, "geoy": 127471.0 }, "geometry": { "type": "MultiPoint", "coordinates": [ [ 653561.637627239339054, 6861025.586691250093281 ] ] } },
{ "type": "Feature", "properties": { "gid": 28419, "id_num_sca": "ADO75CA_ANO553", "id_parc": "PA9483", "quartier": "Quinze-Vingts", "nom_entier": "Rue de la Contrescarpe", "num_voies": "20", "num_sca": "ADO75CA_ANO553", "geox": 602252.0, "geoy": 127466.0 }, "geometry": { "type": "MultiPoint", "coordinates": [ [ 653560.466166145866737, 6861020.335951004177332 ] ] } },
{ "type": "Feature", "properties": { "gid": 28420, "id_num_sca": "ADO75CA_ANO553", "id_parc": "PA9483", "quartier": "Quinze-Vingts", "nom_entier": "Rue de la Contrescarpe", "num_voies": "18", "num_sca": "ADO75CA_ANO553", "geox": 602251.0, "geoy": 127460.0 }, "geometry": { "type": "MultiPoint", "coordinates": [ [ 653559.865154491155408, 6861015.894548052921891 ] ] } },
{ "type": "Feature", "properties": { "gid": 28433, "id_num_sca": null, "id_parc": null, "quartier": "Faubourg Saint-Antoine", "nom_entier": "Cité Bergère", "num_voies": "16", "num_sca": null, "geox": null, "geoy": null }, "geometry": { "type": "MultiPoint", "coordinates": [ [ 653717.547906681313179, 6861770.906961986795068 ] ] } },
{ "type": "Feature", "properties": { "gid": 28434, "id_num_sca": null, "id_parc": null, "quartier": "Faubourg Saint-Antoine", "nom_entier": "Rue de Marivaux", "num_voies": "6", "num_sca": "ADO75CA_ANO361", "geox": 600937.0, "geoy": 128654.0 }, "geometry": { "type": "MultiPoint", "coordinates": [ [ 653724.74069555173628, 6861792.66511966008693 ] ] } },
{ "type": "Feature", "properties": { "gid": 28435, "id_num_sca": null, "id_parc": null, "quartier": "Faubourg Saint-Antoine", "nom_entier": "Quai de Valmy", "num_voies": "1", "num_sca": null, "geox": null, "geoy": null }, "geometry": { "type": "MultiPoint", "coordinates": [ [ 653729.92999107867945, 6861810.984698869287968 ] ] } },
{ "type": "Feature", "properties": { "gid": 28436, "id_num_sca": null, "id_parc": null, "quartier": "Faubourg Saint-Antoine", "nom_entier": "Quai de Valmy", "num_voies": "1bis", "num_sca": null, "geox": null, "geoy": null }, "geometry": { "type": "MultiPoint", "coordinates": [ [ 653748.925849272985943, 6861874.405134736560285 ] ] } },
{ "type": "Feature", "properties": { "gid": 28437, "id_num_sca": null, "id_parc": null, "quartier": "Faubourg Saint-Antoine", "nom_entier": "Quai de Valmy", "num_voies": "3", "num_sca": null, "geox": null, "geoy": null }, "geometry": { "type": "MultiPoint", "coordinates": [ [ 653755.521339043043554, 6861895.575976002030075 ] ] } },
{ "type": "Feature", "properties": { "gid": 28534, "id_num_sca": "ADO75CA_ANO540", "id_parc": "PA9784", "quartier": "Quinze-Vingts", "nom_entier": "Rue Boucher", "num_voies": "1", "num_sca": "ADO75CA_ANO276", "geox": 600504.0, "geoy": 128782.0 }, "geometry": { "type": "MultiPoint", "coordinates": [ [ 654460.071202151710168, 6860864.011557516641915 ] ] } },
{ "type": "Feature", "properties": { "gid": 28793, "id_num_sca": "ADO75CA_ANO545", "id_parc": "PA9591", "quartier": "Quinze-Vingts", "nom_entier": "Rue Thiroux", "num_voies": "11", "num_sca": "ADO75CA_ANO078", "geox": 599400.0, "geoy": 130395.0 }, "geometry": { "type": "MultiPoint", "coordinates": [ [ 654102.559581901645288, 6861226.818478923290968 ] ] } },
{ "type": "Feature", "properties": { "gid": 28819, "id_num_sca": "ADO75CA_ANO578", "id_parc": "PA9013", "quartier": "Faubourg Saint-Antoine", "nom_entier": "Rue du Plâtre au Marais", "num_voies": "18", "num_sca": "ADO75CA_ANO446", "geox": 601327.0, "geoy": 128764.0 }, "geometry": { "type": "MultiPoint", "coordinates": [ [ 654757.898593335994519, 6861337.682643848471344 ] ] } },
{ "type": "Feature", "properties": { "gid": 28834, "id_num_sca": "ADO75CA_ANO538", "id_parc": "PA9950", "quartier": "Quinze-Vingts", "nom_entier": "Rue Cocatrix", "num_voies": "6", "num_sca": "ADO75CA_ANO618", "geox": 600919.0, "geoy": 128200.0 }, "geometry": { "type": "MultiPoint", "coordinates": [ [ 655281.642045063897967, 6861156.753844998776913 ] ] } },
{ "type": "Feature", "properties": { "gid": 28835, "id_num_sca": "ADO75CA_ANO553", "id_parc": "PA9483", "quartier": "Quinze-Vingts", "nom_entier": null, "num_voies": "6", "num_sca": "ADO75CA_ANO076", "geox": 599056.0, "geoy": 129860.0 }, "geometry": { "type": "MultiPoint", "coordinates": [ [ 653563.372964225593023, 6861008.537732698023319 ] ] } },
{ "type": "Feature", "properties": { "gid": 28880, "id_num_sca": "ADO75CA_ANO520", "id_parc": "PA10881", "quartier": "Marais", "nom_entier": "Rue des Jeûneurs", "num_voies": "5", "num_sca": "ADO75CA_ANO203", "geox": 600608.0, "geoy": 129887.0 }, "geometry": { "type": "MultiPoint", "coordinates": [ [ 653586.550587831647135, 6861946.864083215594292 ] ] } },
{ "type": "Feature", "properties": { "gid": 28881, "id_num_sca": "ADO75CA_ANO520", "id_parc": "PA10883", "quartier": "Marais", "nom_entier": "Rue des Jeûneurs", "num_voies": "3", "num_sca": "ADO75CA_ANO203", "geox": 600627.0, "geoy": 129880.0 }, "geometry": { "type": "MultiPoint", "coordinates": [ [ 653602.719973155064508, 6861942.836809808388352 ] ] } },
{ "type": "Feature", "properties": { "gid": 28882, "id_num_sca": "ADO75CA_ANO520", "id_parc": "PA10888", "quartier": "Marais", "nom_entier": "Rue du Pas de la Mûle", "num_voies": "5", "num_sca": "ADO75CA_ANO520", "geox": 602269.0, "geoy": 128381.0 }, "geometry": { "type": "MultiPoint", "coordinates": [ [ 653635.978121110820211, 6861933.612993923947215 ] ] } },
{ "type": "Feature", "properties": { "gid": 28883, "id_num_sca": "ADO75CA_ANO521", "id_parc": "PA10490", "quartier": "Marais", "nom_entier": "Rue du Pas de la Mûle", "num_voies": "3", "num_sca": "ADO75CA_ANO520", "geox": 602285.0, "geoy": 128377.0 }, "geometry": { "type": "MultiPoint", "coordinates": [ [ 653627.79509295464959, 6861943.08160278853029 ] ] } },
{ "type": "Feature", "properties": { "gid": 28884, "id_num_sca": "ADO75CA_ANO521", "id_parc": "PA10488", "quartier": "Marais", "nom_entier": "Rue du Pas de la Mûle", "num_voies": "1", "num_sca": "ADO75CA_ANO520", "geox": 602318.0, "geoy": 128368.0 }, "geometry": { "type": "MultiPoint", "coordinates": [ [ 653611.379424926475622, 6861946.849611982703209 ] ] } },
{ "type": "Feature", "properties": { "gid": 29147, "id_num_sca": "ADO75CA_ANO582", "id_parc": "PA8741", "quartier": "Faubourg Saint-Antoine", "nom_entier": "Place du Marché Sainte Catherine", "num_voies": "1", "num_sca": "ADO75CA_ANO515", "geox": 601912.0, "geoy": 128325.0 }, "geometry": { "type": "MultiPoint", "coordinates": [ [ 653810.980443878564984, 6861695.632678806781769 ] ] } },
{ "type": "Feature", "properties": { "gid": 29148, "id_num_sca": "ADO75CA_ANO582", "id_parc": "PA8739", "quartier": "Faubourg Saint-Antoine", "nom_entier": "Place du Marché Sainte Catherine", "num_voies": "2", "num_sca": "ADO75CA_ANO515", "geox": 601938.0, "geoy": 128311.0 }, "geometry": { "type": "MultiPoint", "coordinates": [ [ 653803.121746623073705, 6861697.418422153219581 ] ] } },
{ "type": "Feature", "properties": { "gid": 29149, "id_num_sca": "ADO75CA_ANO582", "id_parc": "PA8739", "quartier": "Faubourg Saint-Antoine", "nom_entier": "Place de la Bastille", "num_voies": "11", "num_sca": "ADO75CA_ANO582", "geox": 602495.0, "geoy": 128132.0 }, "geometry": { "type": "MultiPoint", "coordinates": [ [ 653794.260736129013821, 6861698.39808888360858 ] ] } },
{ "type": "Feature", "properties": { "gid": 29150, "id_num_sca": "ADO75CA_ANO582", "id_parc": "PA8742", "quartier": "Faubourg Saint-Antoine", "nom_entier": "Place de la Bastille", "num_voies": "9", "num_sca": "ADO75CA_ANO582", "geox": 602487.0, "geoy": 128133.0 }, "geometry": { "type": "MultiPoint", "coordinates": [ [ 653779.255123897572048, 6861700.515542235225439 ] ] } },
{ "type": "Feature", "properties": { "gid": 29151, "id_num_sca": "ADO75CA_ANO582", "id_parc": "PA8745", "quartier": "Faubourg Saint-Antoine", "nom_entier": "Place de la Bastille", "num_voies": "7", "num_sca": "ADO75CA_ANO582", "geox": 602478.0, "geoy": 128134.0 }, "geometry": { "type": "MultiPoint", "coordinates": [ [ 653769.857990527409129, 6861702.314242985099554 ] ] } },
{ "type": "Feature", "properties": { "gid": 29152, "id_num_sca": "ADO75CA_ANO549", "id_parc": "PA9432", "quartier": "Quinze-Vingts", "nom_entier": "Place de la Bastille", "num_voies": "5", "num_sca": "ADO75CA_ANO582", "geox": 602463.0, "geoy": 128136.0 }, "geometry": { "type": "MultiPoint", "coordinates": [ [ 653788.389698541490361, 6861577.87909547612071 ] ] } },
{ "type": "Feature", "properties": { "gid": 29153, "id_num_sca": "ADO75CA_ANO549", "id_parc": "PA9423", "quartier": "Quinze-Vingts", "nom_entier": "Place de la Bastille", "num_voies": "3", "num_sca": "ADO75CA_ANO582", "geox": 602454.0, "geoy": 128138.0 }, "geometry": { "type": "MultiPoint", "coordinates": [ [ 653794.9614335692022, 6861569.210283257998526 ] ] } },
{ "type": "Feature", "properties": { "gid": 29154, "id_num_sca": "ADO75CA_ANO549", "id_parc": "PA9421", "quartier": "Quinze-Vingts", "nom_entier": "Cour de la Juiverie", "num_voies": "12", "num_sca": "ADO75CA_ANO549", "geox": 602473.0, "geoy": 128014.0 }, "geometry": { "type": "MultiPoint", "coordinates": [ [ 653793.400023106718436, 6861559.133393030613661 ] ] } },
{ "type": "Feature", "properties": { "gid": 29155, "id_num_sca": "ADO75CA_ANO549", "id_parc": "PA9422", "quartier": "Quinze-Vingts", "nom_entier": "Cour de la Juiverie", "num_voies": "10", "num_sca": "ADO75CA_ANO549", "geox": 602480.0, "geoy": 128005.0 }, "geometry": { "type": "MultiPoint", "coordinates": [ [ 653788.496889199363068, 6861551.627672799862921 ] ] } },
{ "type": "Feature", "properties": { "gid": 29156, "id_num_sca": "ADO75CA_ANO549", "id_parc": "PA9424", "quartier": "Quinze-Vingts", "nom_entier": "Cour de la Juiverie", "num_voies": "8", "num_sca": "ADO75CA_ANO549", "geox": 602479.0, "geoy": 127995.0 }, "geometry": { "type": "MultiPoint", "coordinates": [ [ 653784.082468689535744, 6861543.707671689800918 ] ] } },
{ "type": "Feature", "properties": { "gid": 29157, "id_num_sca": "ADO75CA_ANO549", "id_parc": "PA9424", "quartier": "Quinze-Vingts", "nom_entier": "Cour de la Juiverie", "num_voies": "6", "num_sca": "ADO75CA_ANO549", "geox": 602474.0, "geoy": 127988.0 }, "geometry": { "type": "MultiPoint", "coordinates": [ [ 653773.809018010739237, 6861541.415260488167405 ] ] } },
{ "type": "Feature", "properties": { "gid": 29158, "id_num_sca": "ADO75CA_ANO549", "id_parc": "PA9431", "quartier": "Quinze-Vingts", "nom_entier": "Cour de la Juiverie", "num_voies": "4", "num_sca": "ADO75CA_ANO549", "geox": 602469.0, "geoy": 127980.0 }, "geometry": { "type": "MultiPoint", "coordinates": [ [ 653783.157326490269043, 6861589.735908062197268 ] ] } },
{ "type": "Feature", "properties": { "gid": 29159, "id_num_sca": "ADO75CA_ANO587", "id_parc": "PA8701", "quartier": "Arsenal", "nom_entier": "Cour de la Juiverie", "num_voies": "2", "num_sca": "ADO75CA_ANO549", "geox": 602459.0, "geoy": 127977.0 }, "geometry": { "type": "MultiPoint", "coordinates": [ [ 653583.492951156687923, 6861660.316769485361874 ] ] } },
{ "type": "Feature", "properties": { "gid": 29160, "id_num_sca": "ADO75CA_ANO587", "id_parc": "PA8702", "quartier": "Arsenal", "nom_entier": "Cour de la Juiverie", "num_voies": "14", "num_sca": "ADO75CA_ANO549", "geox": 602468.0, "geoy": 128026.0 }, "geometry": { "type": "MultiPoint", "coordinates": [ [ 653572.122949637589045, 6861661.724185452796519 ] ] } },
{ "type": "Feature", "properties": { "gid": 29161, "id_num_sca": "ADO75CA_ANO588", "id_parc": "PA8690", "quartier": "Arsenal", "nom_entier": "Rue Saint Antoine", "num_voies": "232", "num_sca": "ADO75CA_ANO587", "geox": 602268.0, "geoy": 128095.0 }, "geometry": { "type": "MultiPoint", "coordinates": [ [ 653527.363882747944444, 6861672.420518041588366 ] ] } },
{ "type": "Feature", "properties": { "gid": 29162, "id_num_sca": "ADO75CA_ANO588", "id_parc": "PA8690", "quartier": "Arsenal", "nom_entier": "Rue Saint Antoine", "num_voies": "230", "num_sca": "ADO75CA_ANO587", "geox": 602257.0, "geoy": 128096.0 }, "geometry": { "type": "MultiPoint", "coordinates": [ [ 653542.821172251016833, 6861667.741854785010219 ] ] } },
{ "type": "Feature", "properties": { "gid": 29163, "id_num_sca": "ADO75CA_ANO588", "id_parc": "PA8691", "quartier": "Arsenal", "nom_entier": "Rue Saint Antoine", "num_voies": "218", "num_sca": "ADO75CA_ANO588", "geox": 602212.0, "geoy": 128106.0 }, "geometry": { "type": "MultiPoint", "coordinates": [ [ 653551.417538306675851, 6861664.813431639224291 ] ] } },
{ "type": "Feature", "properties": { "gid": 29164, "id_num_sca": "ADO75CA_ANO544", "id_parc": "PA9651", "quartier": "Quinze-Vingts", "nom_entier": "Rue Saint Antoine", "num_voies": "224", "num_sca": "ADO75CA_ANO588", "geox": 602227.0, "geoy": 128102.0 }, "geometry": { "type": "MultiPoint", "coordinates": [ [ 654272.082052276702598, 6861105.342918900772929 ] ] } },
{ "type": "Feature", "properties": { "gid": 29165, "id_num_sca": "ADO75CA_ANO544", "id_parc": "PA9653", "quartier": "Quinze-Vingts", "nom_entier": "Rue Saint Antoine", "num_voies": "226", "num_sca": "ADO75CA_ANO588", "geox": 602236.0, "geoy": 128099.0 }, "geometry": { "type": "MultiPoint", "coordinates": [ [ 654318.482551384484395, 6861205.028080613352358 ] ] } },
{ "type": "Feature", "properties": { "gid": 29166, "id_num_sca": "ADO75CA_ANO544", "id_parc": "PA9655", "quartier": "Quinze-Vingts", "nom_entier": "Rue Trouvée", "num_voies": "1", "num_sca": "ADO75CA_ANO544", "geox": 602961.0, "geoy": 127545.0 }, "geometry": { "type": "MultiPoint", "coordinates": [ [ 654322.380650621722452, 6861213.16127002146095 ] ] } },
{ "type": "Feature", "properties": { "gid": 29167, "id_num_sca": "ADO75CA_ANO540", "id_parc": "PA9870", "quartier": "Quinze-Vingts", "nom_entier": "Rue Cotte", "num_voies": "1", "num_sca": "ADO75CA_ANO544", "geox": 603007.0, "geoy": 127645.0 }, "geometry": { "type": "MultiPoint", "coordinates": [ [ 654405.934674902935512, 6861185.347644348628819 ] ] } },
{ "type": "Feature", "properties": { "gid": 29168, "id_num_sca": "ADO75CA_ANO540", "id_parc": "PA9792", "quartier": "Quinze-Vingts", "nom_entier": "Rue Cotte", "num_voies": "3", "num_sca": "ADO75CA_ANO544", "geox": 603011.0, "geoy": 127654.0 }, "geometry": { "type": "MultiPoint", "coordinates": [ [ 654401.403855507611297, 6861188.735288926400244 ] ] } },
{ "type": "Feature", "properties": { "gid": 29169, "id_num_sca": "ADO75CA_ANO540", "id_parc": "PA9793", "quartier": "Quinze-Vingts", "nom_entier": "Place du Marché Beauveau", "num_voies": "8", "num_sca": "ADO75CA_ANO540", "geox": 603092.0, "geoy": 127621.0 }, "geometry": { "type": "MultiPoint", "coordinates": [ [ 654423.641923091257922, 6861158.003131899982691 ] ] } },
{ "type": "Feature", "properties": { "gid": 29170, "id_num_sca": "Jacoubet_1836", "id_parc": null, "quartier": "Quinze-Vingts", "nom_entier": "Place du Marché Beauveau", "num_voies": "10", "num_sca": "ADO75CA_ANO540", "geox": 603081.0, "geoy": 127626.0 }, "geometry": { "type": "MultiPoint", "coordinates": [ [ 654313.206181688583456, 6861154.35948748793453 ] ] } },
{ "type": "Feature", "properties": { "gid": 29171, "id_num_sca": "Jacoubet_1836", "id_parc": null, "quartier": "Quinze-Vingts", "nom_entier": "Place du Marché Beauveau", "num_voies": "6", "num_sca": "ADO75CA_ANO540", "geox": 603103.0, "geoy": 127585.0 }, "geometry": { "type": "MultiPoint", "coordinates": [ [ 654364.875931852729991, 6861125.558267823420465 ] ] } },
{ "type": "Feature", "properties": { "gid": 29172, "id_num_sca": "Jacoubet_1836", "id_parc": null, "quartier": "Quinze-Vingts", "nom_entier": "Place du Marché Beauveau", "num_voies": "5", "num_sca": "Jacoubet_1836", "geox": null, "geoy": null }, "geometry": { "type": "MultiPoint", "coordinates": [ [ 654381.750172621803358, 6861118.118062899447978 ] ] } },
{ "type": "Feature", "properties": { "gid": 29473, "id_num_sca": "Jacoubet_1836", "id_parc": "Arsenal", "quartier": null, "nom_entier": "Rue d'Angoulême du Temple", "num_voies": "18", "num_sca": "Jacoubet_1836", "geox": null, "geoy": null }, "geometry": { "type": "MultiPoint", "coordinates": [ [ 653530.736204849556088, 6861670.985259889625013 ] ] } },
{ "type": "Feature", "properties": { "gid": 29474, "id_num_sca": "Jacoubet_1836", "id_parc": null, "quartier": "Arsenal", "nom_entier": "Rue d'Angoulême du Temple", "num_voies": "29", "num_sca": "Jacoubet_1836", "geox": null, "geoy": null }, "geometry": { "type": "MultiPoint", "coordinates": [ [ 653536.016351340571418, 6861669.50739096198231 ] ] } },
{ "type": "Feature", "properties": { "gid": 29475, "id_num_sca": "Jacoubet_1836", "id_parc": null, "quartier": "Arsenal", "nom_entier": "Boulevard du Temple", "num_voies": "30", "num_sca": "Jacoubet_1836", "geox": null, "geoy": null }, "geometry": { "type": "MultiPoint", "coordinates": [ [ 653564.84174876799807, 6861661.987360903993249 ] ] } },
{ "type": "Feature", "properties": { "gid": 29476, "id_num_sca": "Jacoubet_1836", "id_parc": null, "quartier": "Quinze-Vingts", "nom_entier": "Rue Saint Antoine", "num_voies": "220", "num_sca": "Jacoubet_1836", "geox": null, "geoy": null }, "geometry": { "type": "MultiPoint", "coordinates": [ [ 654295.45249284664169, 6861163.505087040364742 ] ] } },
{ "type": "Feature", "properties": { "gid": 29477, "id_num_sca": "Jacoubet_1836", "id_parc": null, "quartier": "Quinze-Vingts", "nom_entier": "Rue Saint Antoine", "num_voies": "222", "num_sca": "Jacoubet_1836", "geox": null, "geoy": null }, "geometry": { "type": "MultiPoint", "coordinates": [ [ 654303.314830339513719, 6861178.558292371220887 ] ] } },
{ "type": "Feature", "properties": { "gid": 29478, "id_num_sca": "Jacoubet_1836", "id_parc": null, "quartier": "Quinze-Vingts", "nom_entier": "Rue Saint Antoine", "num_voies": "228", "num_sca": "Jacoubet_1836", "geox": null, "geoy": null }, "geometry": { "type": "MultiPoint", "coordinates": [ [ 654308.320021045394242, 6861188.361345089040697 ] ] } },
{ "type": "Feature", "properties": { "gid": 29479, "id_num_sca": "Jacoubet_1836", "id_parc": null, "quartier": null, "nom_entier": "Rue Trouvée", "num_voies": "3", "num_sca": "Jacoubet_1836", "geox": null, "geoy": null }, "geometry": { "type": "MultiPoint", "coordinates": [ [ 654312.033562879194506, 6861197.874437555670738 ] ] } },
{ "type": "Feature", "properties": { "gid": 29480, "id_num_sca": "Jacoubet_1836", "id_parc": null, "quartier": "Quinze-Vingts", "nom_entier": "Rue Trouvée", "num_voies": "5", "num_sca": "Jacoubet_1836", "geox": null, "geoy": null }, "geometry": { "type": "MultiPoint", "coordinates": [ [ 654352.932817267952487, 6861219.84417424723506 ] ] } },
{ "type": "Feature", "properties": { "gid": 29481, "id_num_sca": "Jacoubet_1836", "id_parc": null, "quartier": "Quinze-Vingts", "nom_entier": "Rue Trouvée", "num_voies": "7", "num_sca": "Jacoubet_1836", "geox": null, "geoy": null }, "geometry": { "type": "MultiPoint", "coordinates": [ [ 654363.350777500076219, 6861214.248454322107136 ] ] } },
{ "type": "Feature", "properties": { "gid": 29482, "id_num_sca": "Jacoubet_1836", "id_parc": null, "quartier": "Quinze-Vingts", "nom_entier": "Rue Trouvée", "num_voies": "7", "num_sca": "Jacoubet_1836", "geox": null, "geoy": null }, "geometry": { "type": "MultiPoint", "coordinates": [ [ 654373.764098808751442, 6861208.101981793530285 ] ] } },
{ "type": "Feature", "properties": { "gid": 29483, "id_num_sca": "Jacoubet_1836", "id_parc": null, "quartier": "Quinze-Vingts", "nom_entier": "Place du Marché Beauveau", "num_voies": "9", "num_sca": "Jacoubet_1836", "geox": null, "geoy": null }, "geometry": { "type": "MultiPoint", "coordinates": [ [ 654394.914088608347811, 6861193.327750011347234 ] ] } },
{ "type": "Feature", "properties": { "gid": 29484, "id_num_sca": "Jacoubet_1836", "id_parc": null, "quartier": "Quinze-Vingts", "nom_entier": "Place du Marché Beauveau", "num_voies": "11", "num_sca": "Jacoubet_1836", "geox": null, "geoy": null }, "geometry": { "type": "MultiPoint", "coordinates": [ [ 654332.938265993609093, 6861142.901968000456691 ] ] } },
{ "type": "Feature", "properties": { "gid": 29485, "id_num_sca": "Jacoubet_1836", "id_parc": null, "quartier": "Quinze-Vingts", "nom_entier": "Place du Marché Beauveau", "num_voies": "13", "num_sca": "Jacoubet_1836", "geox": null, "geoy": null }, "geometry": { "type": "MultiPoint", "coordinates": [ [ 654320.202792987693101, 6861151.271168723702431 ] ] } },
{ "type": "Feature", "properties": { "gid": 29817, "id_num_sca": "ADO75CA_ANO580", "id_parc": "PA8843", "quartier": "Faubourg Saint-Antoine", "nom_entier": "Rue Saint Marc", "num_voies": "25", "num_sca": "ADO75CA_ANO141", "geox": 600253.0, "geoy": 130000.0 }, "geometry": { "type": "MultiPoint", "coordinates": [ [ 654135.358016754849814, 6861627.366246548481286 ] ] } }
]
}
