{
"type": "FeatureCollection",
"name": "atlas_vasserot_1810_voies",
"crs": { "type": "name", "properties": { "name": "urn:ogc:def:crs:OGC:1.3:CRS84" } },
"features": [
{ "type": "Feature", "properties": { "id": "3542", "geo_fid": 3542, "geo_creati": 1530173617549, "geo_modifi": 1530173617549, "id_alpage": "TR3549", "type": "Rue", "nom": "Contrescarpe", "ref_scan": "ADO75CA_ANO553", "ref_scan2": null, "article": "de", "nom2_scan2": null, "nom_entier": "Rue de Contrescarpe", "code_fiab": "1", "identifi": 3549, "oid": 1231394 }, "geometry": { "type": "LineString", "coordinates": [ [ 2.367212946509339, 48.848385545921417 ], [ 2.366354760405927, 48.846475264484681 ] ] } },
{ "type": "Feature", "properties": { "id": "3581", "geo_fid": 3581, "geo_creati": 1530173617551, "geo_modifi": 1530173617551, "id_alpage": "TR3588", "type": "Rue", "nom": "Sainte Catherine", "ref_scan": "ADO75CA_ANO513", "ref_scan2": null, "article": "Neuve", "nom2_scan2": null, "nom_entier": "Rue Neuve Sainte Catherine", "code_fiab": "1", "identifi": 3588, "oid": 1231433 }, "geometry": { "type": "LineString", "coordinates": [ [ 2.364386151588786, 48.856417743617079 ], [ 2.364266109803632, 48.856457250164247 ] ] } },
{ "type": "Feature", "properties": { "id": "1043", "geo_fid": 1043, "geo_creati": 1530173617242, "geo_modifi": 1530173617242, "id_alpage": "TR1043", "type": "Impasse", "nom": "Trois Frères", "ref_scan": "ADO75CA_ANO556", "ref_scan2": null, "article": "des", "nom2_scan2": null, "nom_entier": "Impasse des Trois Frères", "code_fiab": "1", "identifi": 1043, "oid": 1228895 }, "geometry": { "type": "LineString", "coordinates": [ [ 2.373397064752318, 48.847661998096143 ], [ 2.373601345199771, 48.847519038837078 ], [ 2.373644515843684, 48.847488180037146 ], [ 2.373703484884101, 48.847447424179862 ], [ 2.373746655468503, 48.847416655268596 ], [ 2.373864729371397, 48.847335143374423 ], [ 2.373945219469288, 48.847284938125142 ], [ 2.37395529766901, 48.847278550050554 ], [ 2.373965375799709, 48.847272072047829 ], [ 2.374158228748589, 48.847157622397496 ], [ 2.374389762633118, 48.847023645629079 ] ] } },
{ "type": "Feature", "properties": { "id": "1049", "geo_fid": 1049, "geo_creati": 1530173617243, "geo_modifi": 1530173617243, "id_alpage": "TR1049", "type": "Rue", "nom": "Terres Fortes", "ref_scan": "ADO75CA_ANO551", "ref_scan2": null, "article": "des", "nom2_scan2": null, "nom_entier": "Rue des Terres Fortes", "code_fiab": "1", "identifi": 1049, "oid": 1228901 }, "geometry": { "type": "LineString", "coordinates": [ [ 2.368055097106557, 48.850259854449988 ], [ 2.368257666957193, 48.850172660089761 ], [ 2.368621391913675, 48.850016267132069 ], [ 2.368820825161586, 48.849928173362997 ], [ 2.36909546043535, 48.849817846253117 ], [ 2.369275955758254, 48.849736231733992 ], [ 2.369487649553923, 48.849646964303368 ], [ 2.369622920725815, 48.849590002065291 ], [ 2.369773988006242, 48.84951783746434 ], [ 2.36992655597263, 48.849449089467996 ] ] } },
{ "type": "Feature", "properties": { "id": "1065", "geo_fid": 1065, "geo_creati": 1530173617244, "geo_modifi": 1530173617244, "id_alpage": "TR1065", "type": "Rue", "nom": "Cotte", "ref_scan": "ADO75CA_ANO544", "ref_scan2": null, "article": null, "nom2_scan2": null, "nom_entier": "Rue Cotte", "code_fiab": "1", "identifi": 1065, "oid": 1228917 }, "geometry": { "type": "LineString", "coordinates": [ [ 2.377591607682094, 48.849361475440062 ], [ 2.377613981051773, 48.849394111109071 ], [ 2.377693242750573, 48.849509369740979 ], [ 2.377901958728272, 48.849797242537477 ], [ 2.377976989335149, 48.849902430632227 ], [ 2.378052020259457, 48.850007618677822 ], [ 2.378070300121847, 48.850032701834998 ], [ 2.378074256998442, 48.850039085252263 ], [ 2.378084762489646, 48.850055178466086 ], [ 2.378221041947645, 48.850240109912946 ], [ 2.378233455888941, 48.850257011772904 ], [ 2.378299892706975, 48.850349433077405 ], [ 2.378320083861756, 48.850378562232443 ], [ 2.378393739365215, 48.850466574449982 ], [ 2.37843521269025, 48.850525641674686 ], [ 2.378491690003757, 48.850602509052841 ], [ 2.378531417888726, 48.850692601766887 ] ] } },
{ "type": "Feature", "properties": { "id": "1096", "geo_fid": 1096, "geo_creati": 1530173617246, "geo_modifi": 1530173617246, "id_alpage": "TR1096", "type": "Rue", "nom": "Saint Bernard", "ref_scan": "ADO75CA_ANO579", "ref_scan2": null, "article": null, "nom2_scan2": null, "nom_entier": "Rue Saint Bernard", "code_fiab": "1", "identifi": 1096, "oid": 1228948 }, "geometry": { "type": "LineString", "coordinates": [ [ 2.381551881929944, 48.851167004175522 ], [ 2.381552155344315, 48.851167993268902 ], [ 2.381565168321338, 48.851243886797597 ], [ 2.381574211076239, 48.851299008677159 ], [ 2.381583253931412, 48.851354220483266 ], [ 2.381596266924381, 48.851430024081537 ], [ 2.381623259347353, 48.851595569618915 ], [ 2.3816492857016, 48.851747266732986 ], [ 2.381676278392895, 48.851912722331747 ], [ 2.381702441343587, 48.85206441938162 ], [ 2.381711621392864, 48.852120350542982 ], [ 2.381724634862492, 48.852196244055023 ], [ 2.38173764829134, 48.852272047638571 ], [ 2.381740372871808, 48.852271147304009 ], [ 2.381756704250698, 48.852399916731436 ], [ 2.381414019138919, 48.852437189825729 ], [ 2.381181959019378, 48.852445462784765 ] ] } },
{ "type": "Feature", "properties": { "id": "1212", "geo_fid": 1212, "geo_creati": 1530173617265, "geo_modifi": 1530173617265, "id_alpage": "TR1212", "type": "Rue", "nom": "Jean Beau Sire", "ref_scan": "ADO75CA_ANO520", "ref_scan2": null, "article": null, "nom2_scan2": null, "nom_entier": "Rue Jean Beau Sire", "code_fiab": "1", "identifi": 1212, "oid": 1229064 }, "geometry": { "type": "LineString", "coordinates": [ [ 2.36866039499979, 48.854808298318794 ], [ 2.368593483081311, 48.854807867085803 ], [ 2.368470016298475, 48.854807091595625 ], [ 2.36831684113117, 48.854806054284289 ], [ 2.368164074854926, 48.854805106583974 ], [ 2.368109564138061, 48.854804761633467 ] ] } },
{ "type": "Feature", "properties": { "id": "1231", "geo_fid": 1231, "geo_creati": 1530173617266, "geo_modifi": 1530173617266, "id_alpage": "TR1231", "type": "Rue", "nom": "Saint Antoine", "ref_scan": "ADO75CA_ANO518", "ref_scan2": null, "article": null, "nom2_scan2": null, "nom_entier": "Rue Saint Antoine", "code_fiab": "1", "identifi": 1231, "oid": 1229083 }, "geometry": { "type": "LineString", "coordinates": [ [ 2.364751502671179, 48.853924963302937 ], [ 2.364802732301031, 48.853908134548888 ], [ 2.365009564284354, 48.853851520176931 ], [ 2.365153992904721, 48.853813355793868 ], [ 2.36536082409385, 48.853756740785663 ], [ 2.36555226147318, 48.853709841363603 ], [ 2.365612623532569, 48.853697596268333 ] ] } },
{ "type": "Feature", "properties": { "id": "3412", "geo_fid": 3412, "geo_creati": 1530173617544, "geo_modifi": 1530173617544, "id_alpage": "TR3417", "type": "Rue", "nom": "Aral", "ref_scan": "ADO75CA_ANO501", "ref_scan2": null, "article": "d'", "nom2_scan2": null, "nom_entier": "Rue d'Aral", "code_fiab": "1", "identifi": 3417, "oid": 1231264 }, "geometry": { "type": "LineString", "coordinates": [ [ 2.371304846316252, 48.854425798512771 ], [ 2.371417233954035, 48.854368481265723 ] ] } },
{ "type": "Feature", "properties": { "id": "3592", "geo_fid": 3592, "geo_creati": 1530173617551, "geo_modifi": 1530173617551, "id_alpage": "TR3599", "type": "Boulevard", "nom": "Beaumarchais", "ref_scan": "ADO75CA_ANO519", "ref_scan2": "ADO75CA_ANO583", "article": null, "nom2_scan2": "Boulevard Saint Antoine", "nom_entier": "Boulevard Beaumarchais", "code_fiab": "1", "identifi": 3599, "oid": 1231444 }, "geometry": { "type": "LineString", "coordinates": [ [ 2.36866039499979, 48.854808298318794 ], [ 2.368979928938075, 48.853475038746161 ] ] } },
{ "type": "Feature", "properties": { "id": "3593", "geo_fid": 3593, "geo_creati": 1530173617551, "geo_modifi": 1530173617551, "id_alpage": "TR3600", "type": "Boulevard", "nom": "Beaumarchais", "ref_scan": "ADO75CA_ANO520", "ref_scan2": "ADO75CA_ANO583", "article": null, "nom2_scan2": "Boulevard Saint Antoine", "nom_entier": "Boulevard Beaumarchais", "code_fiab": "1", "identifi": 3600, "oid": 1231445 }, "geometry": { "type": "LineString", "coordinates": [ [ 2.368484551262753, 48.8558167006221 ], [ 2.36866039499979, 48.854808298318794 ] ] } },
{ "type": "Feature", "properties": { "id": "3624", "geo_fid": 3624, "geo_creati": 1530173617562, "geo_modifi": 1530173617562, "id_alpage": "TR3631", "type": null, "nom": null, "ref_scan": "ADO75CA_ANO549", "ref_scan2": null, "article": null, "nom2_scan2": null, "nom_entier": null, "code_fiab": "3", "identifi": 3631, "oid": 1231476 }, "geometry": { "type": "LineString", "coordinates": [ [ 2.370233704140224, 48.85316569319302 ], [ 2.37029687487998, 48.85328132132512 ] ] } },
{ "type": "Feature", "properties": { "id": "3625", "geo_fid": 3625, "geo_creati": 1530173617562, "geo_modifi": 1530173617562, "id_alpage": "TR3632", "type": null, "nom": null, "ref_scan": null, "ref_scan2": null, "article": null, "nom2_scan2": null, "nom_entier": null, "code_fiab": "5", "identifi": 3632, "oid": 1231477 }, "geometry": { "type": "LineString", "coordinates": [ [ 2.370069843898888, 48.85286619286039 ], [ 2.370233704140224, 48.85316569319302 ] ] } },
{ "type": "Feature", "properties": { "id": "3668", "geo_fid": 3668, "geo_creati": 1530173617564, "geo_modifi": 1530173617564, "id_alpage": "TR3675", "type": null, "nom": null, "ref_scan": "ADO75CA_ANO563", "ref_scan2": null, "article": null, "nom2_scan2": null, "nom_entier": null, "code_fiab": "3", "identifi": 3675, "oid": 1231520 }, "geometry": { "type": "LineString", "coordinates": [ [ 2.378577402856068, 48.842249138753346 ], [ 2.37863003218016, 48.842297140804902 ], [ 2.378704988655862, 48.842325170880471 ], [ 2.378767135303133, 48.842349428626683 ], [ 2.378855855857121, 48.842381590244905 ], [ 2.378980420625998, 48.842428486750407 ], [ 2.379082635436003, 48.842467747505168 ], [ 2.379167404689809, 48.842499100985478 ], [ 2.379223828073068, 48.842521562041917 ], [ 2.379294835097916, 48.842550672310146 ], [ 2.379397594539402, 48.842588943383149 ], [ 2.379499817041444, 48.842636477065248 ], [ 2.37960080519938, 48.842674209048226 ], [ 2.379741864200901, 48.842729731611541 ], [ 2.379944252617992, 48.842808072577 ], [ 2.380038700537069, 48.842844367785027 ], [ 2.380152362427515, 48.842884702415439 ], [ 2.380275295611088, 48.84293258732243 ], [ 2.380331313827553, 48.842958015582937 ], [ 2.380362387623605, 48.842969784309041 ], [ 2.380452885160236, 48.843006170594755 ], [ 2.381143204598954, 48.843282343339304 ], [ 2.381601404349581, 48.843444934388593 ], [ 2.381914623256606, 48.843586897192679 ], [ 2.382118253319732, 48.84367467617956 ], [ 2.3827745205232, 48.843940870537004 ], [ 2.382862429441062, 48.843973479004653 ], [ 2.382995180665193, 48.844024594440143 ], [ 2.383153965271271, 48.844086490515949 ], [ 2.383194852875911, 48.84410113219387 ], [ 2.383324606680904, 48.844151529036019 ], [ 2.383483392102256, 48.844213424653752 ], [ 2.383570757899443, 48.844247021996054 ], [ 2.383643404396959, 48.844275589333712 ], [ 2.383730906658905, 48.844309186498052 ], [ 2.38380341709169, 48.844337753789439 ], [ 2.383820182785028, 48.844345480687906 ], [ 2.383934134733373, 48.844397591904141 ] ] } },
{ "type": "Feature", "properties": { "id": "1044", "geo_fid": 1044, "geo_creati": 1530173617242, "geo_modifi": 1530173617242, "id_alpage": "TR1044", "type": "Impasse", "nom": "Reuilly", "ref_scan": "ADO75CA_ANO540", "ref_scan2": null, "article": "de", "nom2_scan2": null, "nom_entier": "Impasse de Reuilly", "code_fiab": "1", "identifi": 1044, "oid": 1228896 }, "geometry": { "type": "LineString", "coordinates": [ [ 2.385507828552142, 48.846535766161587 ], [ 2.385391736319704, 48.846672144873992 ], [ 2.385282019679392, 48.84677983400038 ] ] } },
{ "type": "Feature", "properties": { "id": "977", "geo_fid": 977, "geo_creati": 1530173617224, "geo_modifi": 1530173617224, "id_alpage": "TR977", "type": "Rue", "nom": "Bercy", "ref_scan": "ADO75CA_ANO562", "ref_scan2": null, "article": "de", "nom2_scan2": null, "nom_entier": "Rue de Bercy", "code_fiab": "1", "identifi": 977, "oid": 1228829 }, "geometry": { "type": "LineString", "coordinates": [ [ 2.378958860910156, 48.840440473852354 ], [ 2.378716912724995, 48.840614031638516 ], [ 2.378529688628261, 48.840737209886967 ], [ 2.378263354360029, 48.840915002112489 ], [ 2.377918870843412, 48.841158378538125 ], [ 2.377669284307101, 48.841329688646994 ], [ 2.377287905564989, 48.841612284498034 ] ] } },
{ "type": "Feature", "properties": { "id": "1005", "geo_fid": 1005, "geo_creati": 1530173617239, "geo_modifi": 1530173617239, "id_alpage": "TR1005", "type": null, "nom": null, "ref_scan": "ADO75CA_ANO559", "ref_scan2": null, "article": null, "nom2_scan2": null, "nom_entier": null, "code_fiab": "3", "identifi": 1005, "oid": 1228857 }, "geometry": { "type": "LineString", "coordinates": [ [ 2.372258913353114, 48.844568677052493 ], [ 2.372241602678655, 48.844558520589167 ], [ 2.372129143858822, 48.844481487412047 ], [ 2.371979474987325, 48.844383332565251 ], [ 2.371866880722197, 48.844306299171571 ], [ 2.371754967605038, 48.844228635970659 ], [ 2.371621929953276, 48.844141446743521 ], [ 2.371571359207113, 48.844108009049066 ], [ 2.371540690308439, 48.844088683922934 ], [ 2.371466674141383, 48.844039156257566 ], [ 2.371352583478641, 48.843963201933157 ], [ 2.371319460653134, 48.843941449446667 ], [ 2.371217911241958, 48.843874483962281 ], [ 2.37107042642147, 48.843777046693383 ], [ 2.370968877681312, 48.843710080987741 ], [ 2.370824120023456, 48.84361453106645 ], [ 2.370567728634258, 48.843445363242139 ] ] } },
{ "type": "Feature", "properties": { "id": "1014", "geo_fid": 1014, "geo_creati": 1530173617240, "geo_modifi": 1530173617240, "id_alpage": "TR1014", "type": "Rue", "nom": "Charenton", "ref_scan": "ADO75CA_ANO558", "ref_scan2": null, "article": "de", "nom2_scan2": null, "nom_entier": "Rue de Charenton", "code_fiab": "1", "identifi": 1014, "oid": 1228866 }, "geometry": { "type": "LineString", "coordinates": [ [ 2.380383062888177, 48.845599697893391 ], [ 2.380387149013139, 48.845598077658572 ], [ 2.380615284054717, 48.845500150359932 ], [ 2.38070218143243, 48.845465135609558 ], [ 2.380788942437249, 48.845430120845094 ], [ 2.381018034579073, 48.845337767863583 ], [ 2.3811320355685, 48.845291861191718 ], [ 2.381507410060744, 48.845144685194484 ], [ 2.381840568028024, 48.845023153727112 ], [ 2.381957441229535, 48.844991093899701 ] ] } },
{ "type": "Feature", "properties": { "id": "1015", "geo_fid": 1015, "geo_creati": 1530173617240, "geo_modifi": 1530173617240, "id_alpage": "TR1015", "type": "Rue", "nom": "Charbonniers", "ref_scan": "ADO75CA_ANO556", "ref_scan2": null, "article": "des", "nom2_scan2": null, "nom_entier": "Rue des Charbonniers", "code_fiab": "1", "identifi": 1015, "oid": 1228867 }, "geometry": { "type": "LineString", "coordinates": [ [ 2.376171352065321, 48.846051478068482 ], [ 2.37603898789771, 48.845970498729031 ], [ 2.37584214633389, 48.845849973091696 ], [ 2.375556696174927, 48.845669585378722 ], [ 2.375359856971015, 48.84554905891072 ], [ 2.375355493702478, 48.845544833789134 ], [ 2.375016066768725, 48.845331369529177 ], [ 2.374622258363215, 48.845090314436405 ], [ 2.374519750301318, 48.845025870161102 ], [ 2.374411518825936, 48.844959808968802 ], [ 2.374129081977321, 48.84478688067032 ], [ 2.374001085851364, 48.844707786031854 ], [ 2.373718651861187, 48.844534856719015 ], [ 2.37340677602158, 48.844342241985409 ], [ 2.373329489116998, 48.844294694962109 ] ] } },
{ "type": "Feature", "properties": { "id": "1037", "geo_fid": 1037, "geo_creati": 1530173617242, "geo_modifi": 1530173617242, "id_alpage": "TR1037", "type": "Rue", "nom": "Traversière", "ref_scan": "ADO75CA_ANO556", "ref_scan2": null, "article": null, "nom2_scan2": null, "nom_entier": "Rue Traversière", "code_fiab": "1", "identifi": 1037, "oid": 1228889 }, "geometry": { "type": "LineString", "coordinates": [ [ 2.370801252924234, 48.845867034549769 ], [ 2.370845964470974, 48.845898046278208 ], [ 2.371244824150155, 48.846171037053523 ], [ 2.371633333205017, 48.846444389267603 ], [ 2.371895193644154, 48.846613283273769 ], [ 2.372133481668004, 48.846779036438832 ], [ 2.372256307236759, 48.846864879303638 ], [ 2.372490505557654, 48.847024338075038 ], [ 2.372710259682781, 48.847180113841993 ], [ 2.373074926311245, 48.847434673781912 ], [ 2.373148815281442, 48.847487527757615 ], [ 2.373239472338224, 48.847551977007868 ], [ 2.373325766417796, 48.847612290914164 ], [ 2.373397064752318, 48.847661998096143 ] ] } },
{ "type": "Feature", "properties": { "id": "1050", "geo_fid": 1050, "geo_creati": 1530173617243, "geo_modifi": 1530173617243, "id_alpage": "TR1050", "type": "Rue", "nom": "Sainte Marguerite", "ref_scan": "ADO75CA_ANO580", "ref_scan2": null, "article": null, "nom2_scan2": null, "nom_entier": "Rue Sainte Marguerite", "code_fiab": "1", "identifi": 1050, "oid": 1228902 }, "geometry": { "type": "LineString", "coordinates": [ [ 2.378531417888726, 48.850692601766887 ], [ 2.378569098350477, 48.850778378701897 ], [ 2.378639861311351, 48.850991570509507 ], [ 2.378721956376254, 48.851230387415995 ], [ 2.378740125762612, 48.851285416273932 ], [ 2.378753786970552, 48.851326777830351 ], [ 2.378835746868666, 48.851565594706337 ], [ 2.378889573499643, 48.851729422486351 ], [ 2.378921815126168, 48.851827701176951 ], [ 2.378988477170834, 48.852022009553799 ], [ 2.379014705137167, 48.85209861795618 ], [ 2.37903670143386, 48.852166415034006 ], [ 2.379103500651073, 48.852360723295206 ], [ 2.379152549035199, 48.852512052822206 ], [ 2.379195309013749, 48.852639374069945 ], [ 2.379257200391609, 48.852829727249514 ], [ 2.379299960835202, 48.852956958531635 ], [ 2.379321821324619, 48.853024395897187 ], [ 2.379324554137434, 48.853033117831018 ] ] } },
{ "type": "Feature", "properties": { "id": "1057", "geo_fid": 1057, "geo_creati": 1530173617243, "geo_modifi": 1530173617243, "id_alpage": "TR1057", "type": "Rue", "nom": "Faubourg Saint Antoine", "ref_scan": "ADO75CA_ANO579", "ref_scan2": null, "article": "du", "nom2_scan2": null, "nom_entier": "Rue du Faubourg Saint Antoine", "code_fiab": "1", "identifi": 1057, "oid": 1228909 }, "geometry": { "type": "LineString", "coordinates": [ [ 2.378531417888726, 48.850692601766887 ], [ 2.378585371255407, 48.850683499583482 ], [ 2.378715071080507, 48.850654226173496 ], [ 2.37889736103992, 48.850615491073334 ], [ 2.378985242660075, 48.850604577767079 ], [ 2.378988376823997, 48.850604666547852 ], [ 2.379094651486859, 48.850590598974613 ], [ 2.37933076709692, 48.850553821828591 ], [ 2.379357336783682, 48.850551563845613 ] ] } },
{ "type": "Feature", "properties": { "id": "1058", "geo_fid": 1058, "geo_creati": 1530173617243, "geo_modifi": 1530173617243, "id_alpage": "TR1058", "type": "Petite Rue", "nom": "Reuilly", "ref_scan": "ADO75CA_ANO540", "ref_scan2": null, "article": "de", "nom2_scan2": null, "nom_entier": "Petite Rue de Reuilly", "code_fiab": "1", "identifi": 1058, "oid": 1228910 }, "geometry": { "type": "LineString", "coordinates": [ [ 2.385857740767698, 48.846131035054185 ], [ 2.385563426274521, 48.845981521159025 ], [ 2.385228033406059, 48.84576116113665 ], [ 2.38502476063572, 48.845634449050294 ], [ 2.384683138872183, 48.845449611290995 ], [ 2.384572318087907, 48.845398129011656 ] ] } },
{ "type": "Feature", "properties": { "id": "1080", "geo_fid": 1080, "geo_creati": 1530173617245, "geo_modifi": 1530173617245, "id_alpage": "TR1080", "type": "Rue", "nom": "Charenton", "ref_scan": "ADO75CA_ANO545", "ref_scan2": null, "article": "de", "nom2_scan2": null, "nom_entier": "Rue de Charenton", "code_fiab": "1", "identifi": 1080, "oid": 1228932 }, "geometry": { "type": "LineString", "coordinates": [ [ 2.373763057623278, 48.850082722306126 ], [ 2.373989377601697, 48.849880313398174 ], [ 2.374204261485481, 48.849693734937887 ], [ 2.37424048400649, 48.849662518453137 ], [ 2.374312111474433, 48.849600265569208 ], [ 2.374341797854128, 48.849575166226501 ], [ 2.37441315227693, 48.849512553659103 ], [ 2.374600635555126, 48.84931411298237 ], [ 2.37471378411717, 48.849202026564882 ], [ 2.374743867982116, 48.849162538631809 ] ] } },
{ "type": "Feature", "properties": { "id": "1088", "geo_fid": 1088, "geo_creati": 1530173617245, "geo_modifi": 1530173617245, "id_alpage": "TR1088", "type": "Passage", "nom": null, "ref_scan": "ADO75CA_ANO547", "ref_scan2": null, "article": null, "nom2_scan2": null, "nom_entier": "Passage", "code_fiab": "1", "identifi": 1088, "oid": 1228940 }, "geometry": { "type": "LineString", "coordinates": [ [ 2.37293590464014, 48.850793409097435 ], [ 2.3729787340205, 48.850851938314889 ], [ 2.373048564361294, 48.850938606268159 ], [ 2.373138174931205, 48.851054943942295 ], [ 2.373307145227401, 48.85124337812664 ], [ 2.373408738416056, 48.851345952936477 ], [ 2.373507781732782, 48.851501675456632 ], [ 2.37358219661088, 48.851705786584631 ], [ 2.373641690290707, 48.8518162881835 ], [ 2.373683718016816, 48.85189424167482 ] ] } },
{ "type": "Feature", "properties": { "id": "1089", "geo_fid": 1089, "geo_creati": 1530173617245, "geo_modifi": 1530173617245, "id_alpage": "TR1089", "type": null, "nom": null, "ref_scan": "ADO75CA_ANO579", "ref_scan2": null, "article": null, "nom2_scan2": null, "nom_entier": null, "code_fiab": "3", "identifi": 1089, "oid": 1228941 }, "geometry": { "type": "LineString", "coordinates": [ [ 2.379832035643372, 48.853041023027124 ], [ 2.379721926977786, 48.853039445374314 ], [ 2.379606639700121, 48.853037509828887 ], [ 2.379496531049462, 48.853035931958701 ], [ 2.379381107517357, 48.853033996236015 ], [ 2.379324554137434, 48.853033117831018 ] ] } },
{ "type": "Feature", "properties": { "id": "1099", "geo_fid": 1099, "geo_creati": 1530173617246, "geo_modifi": 1530173617246, "id_alpage": "TR1099", "type": "Rue", "nom": "Petit Musc", "ref_scan": "ADO75CA_ANO599", "ref_scan2": null, "article": "du", "nom2_scan2": null, "nom_entier": "Rue du Petit Musc", "code_fiab": "1", "identifi": 1099, "oid": 1228951 }, "geometry": { "type": "LineString", "coordinates": [ [ 2.363819390904803, 48.852398849469417 ], [ 2.363551389840799, 48.852219596704323 ], [ 2.363326060219597, 48.852073516708039 ], [ 2.363083550698239, 48.851905497918558 ] ] } },
{ "type": "Feature", "properties": { "id": "1103", "geo_fid": 1103, "geo_creati": 1530173617246, "geo_modifi": 1530173617246, "id_alpage": "TR1103", "type": "Rue", "nom": "Planchette", "ref_scan": "ADO75CA_ANO549", "ref_scan2": null, "article": "de la", "nom2_scan2": null, "nom_entier": "Rue de la Planchette", "code_fiab": "1", "identifi": 1103, "oid": 1228955 }, "geometry": { "type": "LineString", "coordinates": [ [ 2.37073468960711, 48.852633987416525 ], [ 2.370701004691205, 48.852595148736867 ], [ 2.370640316596889, 48.852523944152729 ], [ 2.370569810979666, 48.852443389972827 ], [ 2.370534626451788, 48.852403202773971 ], [ 2.370473802500397, 48.852331908214161 ], [ 2.370438618128998, 48.852291720985797 ], [ 2.370377794451628, 48.852220426374998 ], [ 2.370342610236706, 48.852180239117132 ], [ 2.370307426018818, 48.852139961921246 ], [ 2.370246602774908, 48.852068757168013 ], [ 2.370211418713668, 48.852028479942604 ], [ 2.37017609844091, 48.851988202745829 ], [ 2.370060589572417, 48.851852805626223 ], [ 2.369979862493617, 48.851767308025778 ], [ 2.369852636018564, 48.851632453621349 ], [ 2.369706730175774, 48.851480068583257 ], [ 2.369606914706006, 48.85137578135992 ] ] } },
{ "type": "Feature", "properties": { "id": "1109", "geo_fid": 1109, "geo_creati": 1530173617247, "geo_modifi": 1530173617247, "id_alpage": "TR1109", "type": "Rue", "nom": "Lappe", "ref_scan": "ADO75CA_ANO491", "ref_scan2": null, "article": "Neuve de", "nom2_scan2": null, "nom_entier": "Rue Neuve de Lappe", "code_fiab": "1", "identifi": 1109, "oid": 1228961 }, "geometry": { "type": "LineString", "coordinates": [ [ 2.374651410102738, 48.855582653595725 ], [ 2.374688551007665, 48.855498919160993 ], [ 2.374723924447864, 48.85542085071048 ], [ 2.374779838553562, 48.855293585298305 ], [ 2.374839165154463, 48.855174052476876 ], [ 2.374921461721364, 48.854974656660879 ], [ 2.375079936768708, 48.854597269562511 ], [ 2.375162231484024, 48.854397963502514 ], [ 2.375244661745393, 48.854198567411473 ], [ 2.375391569601698, 48.853848521614289 ], [ 2.375473998032517, 48.853649125359915 ], [ 2.375551262142628, 48.853468795353066 ], [ 2.375629884800986, 48.853283788621546 ], [ 2.37564158307504, 48.853256446808082 ] ] } },
{ "type": "Feature", "properties": { "id": "1112", "geo_fid": 1112, "geo_creati": 1530173617247, "geo_modifi": 1530173617247, "id_alpage": "TR1112", "type": "Rue", "nom": "Jean Beau Sire", "ref_scan": "ADO75CA_ANO520", "ref_scan2": null, "article": null, "nom2_scan2": null, "nom_entier": "Rue Jean Beau Sire", "code_fiab": "1", "identifi": 1112, "oid": 1228964 }, "geometry": { "type": "LineString", "coordinates": [ [ 2.368109564138061, 48.854804761633467 ], [ 2.368111740311896, 48.854797926575415 ], [ 2.3681168737718, 48.854725443840628 ], [ 2.368116801635884, 48.854609347808662 ], [ 2.368114314144835, 48.854553773454811 ], [ 2.368119579380658, 48.85447409650633 ], [ 2.368119507238783, 48.854358000474996 ], [ 2.368120946189556, 48.85426132831612 ], [ 2.368121850934293, 48.85418219211126 ], [ 2.368121678223257, 48.854123559605917 ], [ 2.368122563069027, 48.854012409313881 ], [ 2.368136939404095, 48.853901884860711 ], [ 2.368176677159738, 48.853595941670498 ] ] } },
{ "type": "Feature", "properties": { "id": "1123", "geo_fid": 1123, "geo_creati": 1530173617248, "geo_modifi": 1530173617248, "id_alpage": "TR1123", "type": null, "nom": null, "ref_scan": "ADO75CA_ANO579", "ref_scan2": null, "article": null, "nom2_scan2": null, "nom_entier": null, "code_fiab": "3", "identifi": 1123, "oid": 1228975 }, "geometry": { "type": "LineString", "coordinates": [ [ 2.380256219268762, 48.852534753481272 ], [ 2.380575200054753, 48.852503338135257 ], [ 2.380938601713449, 48.852468847373054 ], [ 2.381026079332294, 48.852460180832132 ], [ 2.381181959019378, 48.852445462784765 ] ] } },
{ "type": "Feature", "properties": { "id": "1130", "geo_fid": 1130, "geo_creati": 1530173617248, "geo_modifi": 1530173617248, "id_alpage": "TR1130", "type": "Rue", "nom": "Petit Musc", "ref_scan": "ADO75CA_ANO590", "ref_scan2": null, "article": "du", "nom2_scan2": null, "nom_entier": "Rue du Petit Musc", "code_fiab": "1", "identifi": 1130, "oid": 1228982 }, "geometry": { "type": "LineString", "coordinates": [ [ 2.364146421997796, 48.852620803132801 ], [ 2.363994287798205, 48.852515713982925 ], [ 2.363819390904803, 48.852398849469417 ] ] } },
{ "type": "Feature", "properties": { "id": "1131", "geo_fid": 1131, "geo_creati": 1530173617249, "geo_modifi": 1530173617249, "id_alpage": "TR1131", "type": "Rue", "nom": "Sainte Anastase", "ref_scan": "ADO75CA_ANO592", "ref_scan2": null, "article": "Neuve", "nom2_scan2": null, "nom_entier": "Rue Neuve Sainte Anastase", "code_fiab": "1", "identifi": 1131, "oid": 1228983 }, "geometry": { "type": "LineString", "coordinates": [ [ 2.362090075402529, 48.853926653082972 ], [ 2.362019359734252, 48.853947621505547 ], [ 2.361979301121655, 48.853959500591685 ], [ 2.361934064750113, 48.85397272969287 ], [ 2.361893869822922, 48.853984608778511 ], [ 2.361814842340113, 48.854007737123474 ], [ 2.361774647356138, 48.854019616167172 ], [ 2.361734452352957, 48.854031495196764 ], [ 2.361680904410226, 48.854047333871144 ], [ 2.361670950736646, 48.854035825318142 ], [ 2.361646953326015, 48.854009032141207 ], [ 2.361608502166414, 48.853964436456721 ], [ 2.361584504779829, 48.853937553339534 ], [ 2.361563370489389, 48.853913367423637 ] ] } },
{ "type": "Feature", "properties": { "id": "1160", "geo_fid": 1160, "geo_creati": 1530173617250, "geo_modifi": 1530173617250, "id_alpage": "TR1160", "type": "Rue", "nom": "Saint Bernard", "ref_scan": "ADO75CA_ANO579", "ref_scan2": null, "article": null, "nom2_scan2": null, "nom_entier": "Rue Saint Bernard", "code_fiab": "1", "identifi": 1160, "oid": 1229012 }, "geometry": { "type": "LineString", "coordinates": [ [ 2.38141874766742, 48.85039808805503 ], [ 2.381438063902718, 48.850513906846025 ], [ 2.381495035431002, 48.850834565265927 ], [ 2.381498578409916, 48.850834653819241 ], [ 2.381549012963607, 48.851158731984256 ], [ 2.381551881929944, 48.851167004175522 ] ] } },
{ "type": "Feature", "properties": { "id": "1232", "geo_fid": 1232, "geo_creati": 1530173617266, "geo_modifi": 1530173617266, "id_alpage": "TR1232", "type": "Rue", "nom": "Saint Antoine", "ref_scan": "ADO75CA_ANO517", "ref_scan2": null, "article": null, "nom2_scan2": null, "nom_entier": "Rue Saint Antoine", "code_fiab": "1", "identifi": 1232, "oid": 1229084 }, "geometry": { "type": "LineString", "coordinates": [ [ 2.364751502671179, 48.853924963302937 ], [ 2.364700136732778, 48.85394179206682 ], [ 2.364444811787085, 48.854037355938431 ], [ 2.36399150613224, 48.854183055290385 ], [ 2.363736178585741, 48.854278617577812 ], [ 2.363631538745202, 48.854314792572481 ] ] } },
{ "type": "Feature", "properties": { "id": "1345", "geo_fid": 1345, "geo_creati": 1530173617274, "geo_modifi": 1530173617274, "id_alpage": "TR1345", "type": "Rue", "nom": "Saint Louis", "ref_scan": "ADO75CA_ANO513", "ref_scan2": null, "article": null, "nom2_scan2": null, "nom_entier": "Rue Saint Louis", "code_fiab": "1", "identifi": 1345, "oid": 1229197 }, "geometry": { "type": "LineString", "coordinates": [ [ 2.364426035109576, 48.857079598535989 ], [ 2.364419436685942, 48.856975644229159 ], [ 2.364408179333221, 48.856825288580659 ], [ 2.364406468676451, 48.856687610398602 ], [ 2.364395211428149, 48.856537254749639 ], [ 2.364386151588786, 48.856417743617079 ] ] } },
{ "type": "Feature", "properties": { "id": "3398", "geo_fid": 3398, "geo_creati": 1530173617533, "geo_modifi": 1530173617533, "id_alpage": "TR3403", "type": "Rue", "nom": "Saint Antoine", "ref_scan": "ADO75CA_ANO516", "ref_scan2": null, "article": null, "nom2_scan2": null, "nom_entier": "Rue Saint Antoine", "code_fiab": "1", "identifi": 3403, "oid": 1231250 }, "geometry": { "type": "LineString", "coordinates": [ [ 2.362891836102626, 48.854574041598191 ], [ 2.362714979922885, 48.854631724571881 ] ] } },
{ "type": "Feature", "properties": { "id": "3406", "geo_fid": 3406, "geo_creati": 1530173617544, "geo_modifi": 1530173617544, "id_alpage": "TR3411", "type": "Rue", "nom": "Saint Antoine", "ref_scan": "ADO75CA_ANO518", "ref_scan2": null, "article": null, "nom2_scan2": null, "nom_entier": "Rue Saint Antoine", "code_fiab": "1", "identifi": 3411, "oid": 1231258 }, "geometry": { "type": "LineString", "coordinates": [ [ 2.365612623532569, 48.853697596268333 ], [ 2.366518887513483, 48.853546199669836 ] ] } },
{ "type": "Feature", "properties": { "id": "3588", "geo_fid": 3588, "geo_creati": 1530173617551, "geo_modifi": 1530173617551, "id_alpage": "TR3595", "type": "Rue", "nom": "Saint Antoine", "ref_scan": "ADO75CA_ANO518", "ref_scan2": null, "article": null, "nom2_scan2": null, "nom_entier": "Rue Saint Antoine", "code_fiab": "1", "identifi": 3595, "oid": 1231440 }, "geometry": { "type": "LineString", "coordinates": [ [ 2.366518887513483, 48.853546199669836 ], [ 2.366761020264248, 48.853505759962374 ] ] } },
{ "type": "Feature", "properties": { "id": "3603", "geo_fid": 3603, "geo_creati": 1530173617561, "geo_modifi": 1530173617561, "id_alpage": "TR3610", "type": "Rue", "nom": "Roquette", "ref_scan": "ADO75CA_ANO581", "ref_scan2": null, "article": "de la", "nom2_scan2": null, "nom_entier": "Rue de la Roquette", "code_fiab": "1", "identifi": 3610, "oid": 1231455 }, "geometry": { "type": "LineString", "coordinates": [ [ 2.37029687487998, 48.85328132132512 ], [ 2.370559919790518, 48.853543922256115 ] ] } },
{ "type": "Feature", "properties": { "id": "3605", "geo_fid": 3605, "geo_creati": 1530173617561, "geo_modifi": 1530173617561, "id_alpage": "TR3612", "type": null, "nom": null, "ref_scan": "ADO75CA_ANO582", "ref_scan2": null, "article": null, "nom2_scan2": null, "nom_entier": null, "code_fiab": "3", "identifi": 3612, "oid": 1231457 }, "geometry": { "type": "LineString", "coordinates": [ [ 2.370344894290378, 48.853563409116163 ], [ 2.370440488529383, 48.853663650203835 ], [ 2.370507854879388, 48.85373449324068 ], [ 2.370441363062752, 48.853748811033853 ] ] } },
{ "type": "Feature", "properties": { "id": "3623", "geo_fid": 3623, "geo_creati": 1530173617562, "geo_modifi": 1530173617562, "id_alpage": "TR3630", "type": null, "nom": null, "ref_scan": "ADO75CA_ANO549", "ref_scan2": null, "article": null, "nom2_scan2": null, "nom_entier": null, "code_fiab": "3", "identifi": 3630, "oid": 1231475 }, "geometry": { "type": "LineString", "coordinates": [ [ 2.370069843898888, 48.85286619286039 ], [ 2.370108717461145, 48.85271510393143 ], [ 2.370116443831652, 48.852653051920214 ], [ 2.37012417024238, 48.852591089835791 ] ] } },
{ "type": "Feature", "properties": { "id": "3626", "geo_fid": 3626, "geo_creati": 1530173617563, "geo_modifi": 1530173617563, "id_alpage": "TR3633", "type": null, "nom": null, "ref_scan": null, "ref_scan2": null, "article": null, "nom2_scan2": null, "nom_entier": null, "code_fiab": "5", "identifi": 3633, "oid": 1231478 }, "geometry": { "type": "LineString", "coordinates": [ [ 2.369570773629226, 48.85363323472928 ], [ 2.369281596067058, 48.852989617204699 ] ] } },
{ "type": "Feature", "properties": { "id": "3634", "geo_fid": 3634, "geo_creati": 1530173617563, "geo_modifi": 1530173617563, "id_alpage": "TR3641", "type": "Quai", "nom": "Rapée", "ref_scan": "ADO75CA_ANO559", "ref_scan2": null, "article": "de la", "nom2_scan2": null, "nom_entier": "Quai de la Rapée", "code_fiab": "1", "identifi": 3641, "oid": 1231486 }, "geometry": { "type": "LineString", "coordinates": [ [ 2.368969898115143, 48.844594548935568 ], [ 2.370567728634258, 48.843445363242139 ] ] } },
{ "type": "Feature", "properties": { "id": "3646", "geo_fid": 3646, "geo_creati": 1530173617563, "geo_modifi": 1530173617563, "id_alpage": "TR3653", "type": "Rue", "nom": "Charenton", "ref_scan": "ADO75CA_ANO540", "ref_scan2": null, "article": "de", "nom2_scan2": null, "nom_entier": "Rue de Charenton", "code_fiab": "1", "identifi": 3653, "oid": 1231498 }, "geometry": { "type": "LineString", "coordinates": [ [ 2.383121437376831, 48.844862665410929 ], [ 2.383424456183578, 48.844863712231849 ] ] } },
{ "type": "Feature", "properties": { "id": "3663", "geo_fid": 3663, "geo_creati": 1530173617564, "geo_modifi": 1530173617564, "id_alpage": "TR3670", "type": null, "nom": null, "ref_scan": "ADO75CA_ANO557", "ref_scan2": null, "article": null, "nom2_scan2": null, "nom_entier": null, "code_fiab": "3", "identifi": 3670, "oid": 1231515 }, "geometry": { "type": "LineString", "coordinates": [ [ 2.378504006664282, 48.846562703986422 ], [ 2.378697104673522, 48.846431160406027 ] ] } },
{ "type": "Feature", "properties": { "id": "3717", "geo_fid": 3717, "geo_creati": 1530173617566, "geo_modifi": 1530173617566, "id_alpage": "TR3725", "type": "Rue", "nom": "Saint Paul", "ref_scan": "ADO75CA_ANO597", "ref_scan2": null, "article": null, "nom2_scan2": null, "nom_entier": "Rue Saint Paul", "code_fiab": "1", "identifi": 3725, "oid": 1231569 }, "geometry": { "type": "LineString", "coordinates": [ [ 2.360327445511157, 48.852322631799225 ], [ 2.360600084709458, 48.852535973596659 ] ] } },
{ "type": "Feature", "properties": { "id": "997", "geo_fid": 997, "geo_creati": 1530173617226, "geo_modifi": 1530173617226, "id_alpage": "TR997", "type": null, "nom": null, "ref_scan": "ADO75CA_ANO558", "ref_scan2": null, "article": null, "nom2_scan2": null, "nom_entier": null, "code_fiab": "3", "identifi": 997, "oid": 1228849 }, "geometry": { "type": "LineString", "coordinates": [ [ 2.378743855963521, 48.843676582877478 ], [ 2.378841849907246, 48.843716295021068 ], [ 2.378998719178055, 48.843776129245875 ], [ 2.379030889564102, 48.843795541746537 ], [ 2.379109392514093, 48.843825458731125 ], [ 2.379232458555389, 48.843867769226634 ], [ 2.379310825494309, 48.843897686122872 ], [ 2.379371888013024, 48.843926170520341 ], [ 2.379441261866702, 48.843954921593415 ], [ 2.379514035770585, 48.843976387260561 ], [ 2.379545247250983, 48.843989325212277 ], [ 2.379574004623647, 48.844000285667327 ], [ 2.379674052319842, 48.844050248037703 ], [ 2.379776136995197, 48.844092116112073 ], [ 2.379837604059443, 48.844115114549936 ], [ 2.379941994777094, 48.844144841441341 ], [ 2.380091646940712, 48.844206205629099 ], [ 2.380178470493532, 48.844245651039159 ], [ 2.380328123330235, 48.844307104844241 ], [ 2.380420802767518, 48.844342950770297 ], [ 2.38046687328619, 48.844364605786545 ], [ 2.380536383379028, 48.844391917307817 ], [ 2.380598397019174, 48.844415904328507 ], [ 2.380667907255936, 48.844443215769708 ], [ 2.380707978507335, 48.844459657193312 ], [ 2.380753091824084, 48.844477085879667 ], [ 2.380748598712197, 48.844480594754287 ], [ 2.380801208222647, 48.844500898234202 ], [ 2.380841550956422, 48.84451608052629 ], [ 2.381087015431679, 48.844608701432833 ], [ 2.381360559273115, 48.844713990696732 ], [ 2.381503532065671, 48.84476789165911 ], [ 2.381626743301523, 48.844815325371272 ], [ 2.381893064663817, 48.844916659372124 ], [ 2.381939437558656, 48.844970237838702 ], [ 2.381957441229535, 48.844991093899701 ] ] } },
{ "type": "Feature", "properties": { "id": "999", "geo_fid": 999, "geo_creati": 1530173617227, "geo_modifi": 1530173617227, "id_alpage": "TR999", "type": "Rue", "nom": "Bercy", "ref_scan": "ADO75CA_ANO562", "ref_scan2": null, "article": "de", "nom2_scan2": null, "nom_entier": "Rue de Bercy", "code_fiab": "1", "identifi": 999, "oid": 1228851 }, "geometry": { "type": "LineString", "coordinates": [ [ 2.377041185924709, 48.841796451818311 ], [ 2.377080264630322, 48.841768560745976 ], [ 2.377166595031158, 48.841711157011915 ], [ 2.377287905564989, 48.841612284498034 ] ] } },
{ "type": "Feature", "properties": { "id": "1042", "geo_fid": 1042, "geo_creati": 1530173617242, "geo_modifi": 1530173617242, "id_alpage": "TR1042", "type": "Rue", "nom": "Faubourg Saint Antoine", "ref_scan": "ADO75CA_ANO576", "ref_scan2": null, "article": "du", "nom2_scan2": null, "nom_entier": "Rue du Faubourg Saint Antoine", "code_fiab": "1", "identifi": 1042, "oid": 1228894 }, "geometry": { "type": "LineString", "coordinates": [ [ 2.392005921480862, 48.848905472954037 ], [ 2.38802616743731, 48.849567469042555 ], [ 2.387480117239723, 48.849654130785829 ], [ 2.386793738329423, 48.84976432193838 ], [ 2.385923285544011, 48.849895091038363 ], [ 2.38505270030783, 48.850034576497151 ], [ 2.384517389382323, 48.850105212520695 ] ] } },
{ "type": "Feature", "properties": { "id": "1045", "geo_fid": 1045, "geo_creati": 1530173617242, "geo_modifi": 1530173617242, "id_alpage": "TR1045", "type": "Rue", "nom": "Reuilly", "ref_scan": "ADO75CA_ANO540", "ref_scan2": null, "article": "de", "nom2_scan2": null, "nom_entier": "Rue de Reuilly", "code_fiab": "1", "identifi": 1045, "oid": 1228897 }, "geometry": { "type": "LineString", "coordinates": [ [ 2.384517389382323, 48.850105212520695 ], [ 2.384884760050977, 48.84968348089749 ], [ 2.385327393408946, 48.849175476194645 ], [ 2.385712546247297, 48.848698249317145 ], [ 2.386021446947444, 48.8482820244202 ], [ 2.386416112454944, 48.847792920712486 ], [ 2.386715076444935, 48.847398280757751 ], [ 2.3870937795674, 48.846902437088083 ] ] } },
{ "type": "Feature", "properties": { "id": "1086", "geo_fid": 1086, "geo_creati": 1530173617245, "geo_modifi": 1530173617245, "id_alpage": "TR1086", "type": "Rue", "nom": "Charenton", "ref_scan": "ADO75CA_ANO546", "ref_scan2": null, "article": "de", "nom2_scan2": null, "nom_entier": "Rue de Charenton", "code_fiab": "1", "identifi": 1086, "oid": 1228938 }, "geometry": { "type": "LineString", "coordinates": [ [ 2.373763057623278, 48.850082722306126 ], [ 2.373732143551968, 48.85010683269153 ], [ 2.373618438028635, 48.850208486756728 ], [ 2.373532646639507, 48.850283423449589 ], [ 2.373485938638318, 48.850325254453075 ], [ 2.373429153565429, 48.850376081355854 ], [ 2.373372232112225, 48.850426908273526 ], [ 2.373186074937585, 48.850587397229091 ] ] } },
{ "type": "Feature", "properties": { "id": "1087", "geo_fid": 1087, "geo_creati": 1530173617245, "geo_modifi": 1530173617245, "id_alpage": "TR1087", "type": "Rue", "nom": "Faubourg Saint Antoine", "ref_scan": "ADO75CA_ANO580", "ref_scan2": null, "article": "du", "nom2_scan2": null, "nom_entier": "Rue du Faubourg Saint Antoine", "code_fiab": "1", "identifi": 1087, "oid": 1228939 }, "geometry": { "type": "LineString", "coordinates": [ [ 2.37482269965814, 48.851601698711953 ], [ 2.374906490168078, 48.851583236006064 ], [ 2.375107854533949, 48.851532180630514 ], [ 2.375431703829785, 48.851456623769877 ], [ 2.375756501270538, 48.85137495061916 ], [ 2.376080348556767, 48.851299391918978 ], [ 2.376228033073317, 48.851263010961759 ] ] } },
{ "type": "Feature", "properties": { "id": "1094", "geo_fid": 1094, "geo_creati": 1530173617246, "geo_modifi": 1530173617246, "id_alpage": "TR1094", "type": "Rue", "nom": "Charenton", "ref_scan": "ADO75CA_ANO547", "ref_scan2": null, "article": "de", "nom2_scan2": null, "nom_entier": "Rue de Charenton", "code_fiab": "1", "identifi": 1094, "oid": 1228946 }, "geometry": { "type": "LineString", "coordinates": [ [ 2.372278253479745, 48.85132364397105 ], [ 2.372324555904597, 48.851283612130509 ], [ 2.372524201535926, 48.851112868705741 ], [ 2.372738153174905, 48.850941401065022 ], [ 2.372790583349002, 48.850896511059254 ], [ 2.372835252161749, 48.850859806827863 ], [ 2.372887682226654, 48.850815006704764 ], [ 2.37293590464014, 48.850793409097435 ] ] } },
{ "type": "Feature", "properties": { "id": "1151", "geo_fid": 1151, "geo_creati": 1530173617250, "geo_modifi": 1530173617250, "id_alpage": "TR1151", "type": "Cour", "nom": "Sainte Marie", "ref_scan": "ADO75CA_ANO491", "ref_scan2": null, "article": null, "nom2_scan2": null, "nom_entier": "Cour Sainte Marie", "code_fiab": "1", "identifi": 1151, "oid": 1229003 }, "geometry": { "type": "LineString", "coordinates": [ [ 2.375002072281695, 48.853095240822974 ], [ 2.374977560884401, 48.853118270301287 ], [ 2.374956182552627, 48.853139769976075 ], [ 2.374926223175192, 48.853166668114568 ], [ 2.374801071615579, 48.853275431392824 ], [ 2.374615563713779, 48.853401300489743 ], [ 2.374470234780578, 48.853499728380243 ], [ 2.374277778766599, 48.853630275410737 ], [ 2.374132584768778, 48.853728702827709 ], [ 2.373939990708406, 48.853859249333489 ], [ 2.373794795373312, 48.853957676321407 ] ] } },
{ "type": "Feature", "properties": { "id": "3585", "geo_fid": 3585, "geo_creati": 1530173617551, "geo_modifi": 1530173617551, "id_alpage": "TR3592", "type": null, "nom": null, "ref_scan": "ADO75CA_ANO517", "ref_scan2": null, "article": null, "nom2_scan2": null, "nom_entier": null, "code_fiab": "2", "identifi": 3592, "oid": 1231437 }, "geometry": { "type": "LineString", "coordinates": [ [ 2.364863490282556, 48.856323295402198 ], [ 2.36445963222629, 48.855220165211684 ], [ 2.365303645445809, 48.855062678042394 ] ] } },
{ "type": "Feature", "properties": { "id": "3595", "geo_fid": 3595, "geo_creati": 1530173617551, "geo_modifi": 1530173617551, "id_alpage": "TR3602", "type": "Quai", "nom": "Valmy", "ref_scan": "ADO75CA_ANO583", "ref_scan2": null, "article": "de", "nom2_scan2": null, "nom_entier": "Quai de Valmy", "code_fiab": "1", "identifi": 3602, "oid": 1231447 }, "geometry": { "type": "LineString", "coordinates": [ [ 2.369721738084903, 48.855052783086144 ], [ 2.369530549838429, 48.854646096485112 ] ] } },
{ "type": "Feature", "properties": { "id": "3598", "geo_fid": 3598, "geo_creati": 1530173617551, "geo_modifi": 1530173617551, "id_alpage": "TR3605", "type": null, "nom": null, "ref_scan": "ADO75CA_ANO587", "ref_scan2": null, "article": null, "nom2_scan2": null, "nom_entier": null, "code_fiab": "2", "identifi": 3605, "oid": 1231450 }, "geometry": { "type": "LineString", "coordinates": [ [ 2.366446056078532, 48.851818086878083 ], [ 2.366719657460253, 48.851776110436063 ], [ 2.367220947255532, 48.851709793392651 ] ] } },
{ "type": "Feature", "properties": { "id": "3599", "geo_fid": 3599, "geo_creati": 1530173617551, "geo_modifi": 1530173617551, "id_alpage": "TR3606", "type": null, "nom": null, "ref_scan": "ADO75CA_ANO587", "ref_scan2": null, "article": null, "nom2_scan2": null, "nom_entier": null, "code_fiab": "2", "identifi": 3606, "oid": 1231451 }, "geometry": { "type": "LineString", "coordinates": [ [ 2.367220947255532, 48.851709793392651 ], [ 2.367472068588564, 48.851676633919261 ], [ 2.368095714522517, 48.851594093652366 ] ] } },
{ "type": "Feature", "properties": { "id": "3602", "geo_fid": 3602, "geo_creati": 1530173617561, "geo_modifi": 1530173617561, "id_alpage": "TR3609", "type": "Quai", "nom": "Jemmapes", "ref_scan": "ADO75CA_ANO582", "ref_scan2": null, "article": null, "nom2_scan2": null, "nom_entier": "Quai Jemmapes", "code_fiab": "1", "identifi": 3609, "oid": 1231454 }, "geometry": { "type": "LineString", "coordinates": [ [ 2.370304434184586, 48.855221409161807 ], [ 2.369605437109892, 48.853710202609889 ], [ 2.369570773629226, 48.85363323472928 ] ] } },
{ "type": "Feature", "properties": { "id": "3608", "geo_fid": 3608, "geo_creati": 1530173617561, "geo_modifi": 1530173617561, "id_alpage": "TR3615", "type": null, "nom": null, "ref_scan": "ADO75CA_ANO580", "ref_scan2": null, "article": null, "nom2_scan2": null, "nom_entier": null, "code_fiab": "3", "identifi": 3615, "oid": 1231460 }, "geometry": { "type": "LineString", "coordinates": [ [ 2.377647370198825, 48.850908923396837 ], [ 2.377675096337372, 48.850987869681553 ], [ 2.378069987623231, 48.852140506222504 ] ] } },
{ "type": "Feature", "properties": { "id": "3633", "geo_fid": 3633, "geo_creati": 1530173617563, "geo_modifi": 1530173617563, "id_alpage": "TR3640", "type": "Quai", "nom": "Rapée", "ref_scan": "ADO75CA_ANO560", "ref_scan2": null, "article": "de la", "nom2_scan2": null, "nom_entier": "Quai de la Rapée", "code_fiab": "1", "identifi": 3640, "oid": 1231485 }, "geometry": { "type": "LineString", "coordinates": [ [ 2.370567728634258, 48.843445363242139 ], [ 2.371440192102604, 48.842778114967885 ] ] } },
{ "type": "Feature", "properties": { "id": "3653", "geo_fid": 3653, "geo_creati": 1530173617564, "geo_modifi": 1530173617564, "id_alpage": "TR3660", "type": "Quai", "nom": "Rapée", "ref_scan": "ADO75CA_ANO561", "ref_scan2": null, "article": "de la", "nom2_scan2": null, "nom_entier": "Quai de la Rapée", "code_fiab": "1", "identifi": 3660, "oid": 1231505 }, "geometry": { "type": "LineString", "coordinates": [ [ 2.371440192102604, 48.842778114967885 ], [ 2.371892148887833, 48.842441381068227 ], [ 2.373645347560279, 48.840810364992542 ] ] } },
{ "type": "Feature", "properties": { "id": "3721", "geo_fid": 3721, "geo_creati": 1530173617566, "geo_modifi": 1530173617566, "id_alpage": "TR3729", "type": null, "nom": null, "ref_scan": "ADO75CA_ANO586", "ref_scan2": null, "article": null, "nom2_scan2": null, "nom_entier": null, "code_fiab": "3", "identifi": 3729, "oid": 1231573 }, "geometry": { "type": "LineString", "coordinates": [ [ 2.362315282942643, 48.851391105795997 ], [ 2.362091616593728, 48.851286389522976 ], [ 2.361981878416986, 48.851198914189098 ] ] } },
{ "type": "Feature", "properties": { "id": "1034", "geo_fid": 1034, "geo_creati": 1530173617242, "geo_modifi": 1530173617242, "id_alpage": "TR1034", "type": "Rue", "nom": "Beauveau", "ref_scan": "ADO75CA_ANO541", "ref_scan2": null, "article": null, "nom2_scan2": null, "nom_entier": "Rue Beauveau", "code_fiab": "1", "identifi": 1034, "oid": 1228886 }, "geometry": { "type": "LineString", "coordinates": [ [ 2.379441587567741, 48.846104002076501 ], [ 2.379395645681759, 48.846235402722932 ], [ 2.379256458765273, 48.846632842434211 ], [ 2.379202626898961, 48.846780522735564 ], [ 2.379148794788742, 48.846928292939253 ], [ 2.379059489368166, 48.847182549951349 ], [ 2.378859807496275, 48.84775258167511 ], [ 2.378841594530482, 48.847806904357554 ], [ 2.378805434452032, 48.847907725948808 ], [ 2.378745768642148, 48.848088771161933 ], [ 2.378658362874503, 48.848338440886053 ], [ 2.378588767732198, 48.848541881500147 ], [ 2.378579660662532, 48.848568683111843 ] ] } },
{ "type": "Feature", "properties": { "id": "1054", "geo_fid": 1054, "geo_creati": 1530173617243, "geo_modifi": 1530173617243, "id_alpage": "TR1054", "type": "Rue", "nom": "Montreuil", "ref_scan": "ADO75CA_ANO578", "ref_scan2": null, "article": "de", "nom2_scan2": null, "nom_entier": "Rue de Montreuil", "code_fiab": "1", "identifi": 1054, "oid": 1228906 }, "geometry": { "type": "LineString", "coordinates": [ [ 2.39052440724502, 48.850470098755743 ], [ 2.390432290151506, 48.85046789354255 ], [ 2.390174198720217, 48.85046162869898 ], [ 2.390047742576086, 48.850458989460087 ], [ 2.389921286445378, 48.850456350081153 ], [ 2.389792377095584, 48.850453262055609 ], [ 2.389663331497521, 48.850450173947046 ], [ 2.389410419335193, 48.850444894197622 ], [ 2.389371172681018, 48.850442484094899 ], [ 2.389252618355094, 48.850438311603 ], [ 2.388983626742995, 48.850432678525713 ], [ 2.388761371487521, 48.850424775546244 ], [ 2.388492380004319, 48.850419141311612 ], [ 2.388134961140342, 48.85042136957852 ], [ 2.38801981752343, 48.850421061156702 ], [ 2.387812422770677, 48.850420523750529 ], [ 2.387455003775505, 48.850422659961701 ], [ 2.387455141947419, 48.850424548372764 ], [ 2.387282087758503, 48.850425973288459 ], [ 2.387280306999405, 48.850416711564307 ], [ 2.387084769060595, 48.850417966181958 ], [ 2.386952457608903, 48.850419103015703 ], [ 2.386820282325663, 48.850420149709748 ], [ 2.386624744361735, 48.850421403539578 ], [ 2.386360257588339, 48.850423586001682 ], [ 2.386194017202004, 48.850425635826113 ], [ 2.38603786026599, 48.850427591170451 ], [ 2.385611510522524, 48.850449355197796 ], [ 2.385528389661062, 48.850449750104808 ], [ 2.385357380860496, 48.850452789927935 ], [ 2.385186508303331, 48.850455829437649 ], [ 2.385014817620851, 48.850458329470698 ], [ 2.384935513865978, 48.850460520892781 ], [ 2.384703323514595, 48.850464844268792 ], [ 2.38429371840471, 48.850470769217651 ], [ 2.384177623224711, 48.850472975275672 ], [ 2.384061527949703, 48.85047509128848 ], [ 2.383831244143962, 48.850478332981986 ] ] } },
{ "type": "Feature", "properties": { "id": "1064", "geo_fid": 1064, "geo_creati": 1530173617244, "geo_modifi": 1530173617244, "id_alpage": "TR1064", "type": "Rue", "nom": "Charenton", "ref_scan": "ADO75CA_ANO546", "ref_scan2": null, "article": "de", "nom2_scan2": null, "nom_entier": "Rue de Charenton", "code_fiab": "1", "identifi": 1064, "oid": 1228916 }, "geometry": { "type": "LineString", "coordinates": [ [ 2.373186074937585, 48.850587397229091 ], [ 2.373092520399674, 48.850669620141545 ], [ 2.37293590464014, 48.850793409097435 ] ] } },
{ "type": "Feature", "properties": { "id": "1066", "geo_fid": 1066, "geo_creati": 1530173617244, "geo_modifi": 1530173617244, "id_alpage": "TR1066", "type": "Rue", "nom": "Bercy", "ref_scan": "ADO75CA_ANO554", "ref_scan2": null, "article": "de", "nom2_scan2": null, "nom_entier": "Rue de Bercy", "code_fiab": "1", "identifi": 1066, "oid": 1228918 }, "geometry": { "type": "LineString", "coordinates": [ [ 2.369400537733398, 48.846847194932643 ], [ 2.36945147083693, 48.84680698310099 ], [ 2.369807751848429, 48.846562279945203 ], [ 2.37013528926086, 48.846331612613383 ], [ 2.370240151120572, 48.846251816896171 ], [ 2.370397449248244, 48.846141070895996 ], [ 2.370584429200561, 48.845999830684029 ], [ 2.370741725764523, 48.845889084210114 ], [ 2.370801252924234, 48.845867034549769 ] ] } },
{ "type": "Feature", "properties": { "id": "1069", "geo_fid": 1069, "geo_creati": 1530173617244, "geo_modifi": 1530173617244, "id_alpage": "TR1069", "type": "Rue", "nom": "Aligre", "ref_scan": "ADO75CA_ANO542", "ref_scan2": null, "article": "d'", "nom2_scan2": null, "nom_entier": "Rue d'Aligre", "code_fiab": "1", "identifi": 1069, "oid": 1228921 }, "geometry": { "type": "LineString", "coordinates": [ [ 2.377865210513723, 48.848682427837183 ], [ 2.377692252035603, 48.848459469766794 ], [ 2.377537446905847, 48.848272835624606 ], [ 2.377503484710844, 48.848231031454411 ], [ 2.377430236396794, 48.848135015002541 ], [ 2.37734594605133, 48.848032257843627 ], [ 2.377346490428963, 48.84803144830731 ], [ 2.37720709359197, 48.847855509642791 ], [ 2.377132759379197, 48.847763270324855 ], [ 2.377085839706354, 48.847704294461089 ] ] } },
{ "type": "Feature", "properties": { "id": "1081", "geo_fid": 1081, "geo_creati": 1530173617245, "geo_modifi": 1530173617245, "id_alpage": "TR1081", "type": "Rue", "nom": "Saint Nicolas", "ref_scan": "ADO75CA_ANO546", "ref_scan2": null, "article": null, "nom2_scan2": null, "nom_entier": "Rue Saint Nicolas", "code_fiab": "1", "identifi": 1081, "oid": 1228933 }, "geometry": { "type": "LineString", "coordinates": [ [ 2.37482269965814, 48.851601698711953 ], [ 2.374759402114872, 48.851509723987327 ], [ 2.374686143903715, 48.851399946906028 ], [ 2.374577968597085, 48.851246026939855 ], [ 2.374438143353349, 48.851042837073557 ], [ 2.374329833325739, 48.850888916917896 ], [ 2.374230803647105, 48.85075333880625 ], [ 2.374093846097275, 48.850554643952947 ], [ 2.374018002805838, 48.850446306116531 ], [ 2.373943520758118, 48.850335629684423 ], [ 2.37388145759944, 48.850250128839711 ], [ 2.373788701770913, 48.850118954766522 ], [ 2.373763057623278, 48.850082722306126 ] ] } },
{ "type": "Feature", "properties": { "id": "1085", "geo_fid": 1085, "geo_creati": 1530173617245, "geo_modifi": 1530173617245, "id_alpage": "TR1085", "type": "Quai", "nom": "Sully", "ref_scan": "ADO75CA_ANO586", "ref_scan2": null, "article": "de", "nom2_scan2": null, "nom_entier": "Quai de Sully", "code_fiab": "1", "identifi": 1085, "oid": 1228937 }, "geometry": { "type": "LineString", "coordinates": [ [ 2.362315282942643, 48.851391105795997 ], [ 2.362823411083226, 48.851104844579652 ], [ 2.363092307815457, 48.850926907930074 ], [ 2.363321152005511, 48.85077056234249 ], [ 2.363462946019821, 48.850660548853845 ], [ 2.363703220671312, 48.850479110179293 ], [ 2.36395071898716, 48.850304054140956 ], [ 2.364070991068854, 48.850213379285826 ], [ 2.364205696336378, 48.850103726250907 ], [ 2.364379083460573, 48.849964297953974 ], [ 2.364493635195811, 48.849881447682279 ], [ 2.36474154375741, 48.849719429279048 ], [ 2.364899822987549, 48.849615974719072 ] ] } },
{ "type": "Feature", "properties": { "id": "1095", "geo_fid": 1095, "geo_creati": 1530173617246, "geo_modifi": 1530173617246, "id_alpage": "TR1095", "type": "Rue", "nom": "Charenton", "ref_scan": "ADO75CA_ANO549", "ref_scan2": null, "article": "de", "nom2_scan2": null, "nom_entier": "Rue de Charenton", "code_fiab": "1", "identifi": 1095, "oid": 1228947 }, "geometry": { "type": "LineString", "coordinates": [ [ 2.372278253479745, 48.85132364397105 ], [ 2.37219491177328, 48.851399747960997 ], [ 2.372081328600843, 48.851490249483035 ], [ 2.371969383617028, 48.851585606463743 ], [ 2.37176455975147, 48.851761746119116 ], [ 2.371530589073114, 48.851961185320334 ], [ 2.371386774498593, 48.852084788450547 ], [ 2.37121395011695, 48.852232140827276 ], [ 2.371147081031924, 48.852289444357616 ], [ 2.371031591954653, 48.852388488488579 ], [ 2.370945110702912, 48.852462164461372 ], [ 2.370853725968212, 48.852539528829389 ], [ 2.3707672442509, 48.85261329459491 ], [ 2.37073468960711, 48.852633987416525 ] ] } },
{ "type": "Feature", "properties": { "id": "1158", "geo_fid": 1158, "geo_creati": 1530173617250, "geo_modifi": 1530173617250, "id_alpage": "TR1158", "type": "Rue", "nom": "Roquette", "ref_scan": "ADO75CA_ANO581", "ref_scan2": null, "article": "de la", "nom2_scan2": null, "nom_entier": "Rue de la Roquette", "code_fiab": "1", "identifi": 1158, "oid": 1229010 }, "geometry": { "type": "LineString", "coordinates": [ [ 2.370559919790518, 48.853543922256115 ], [ 2.370725602763617, 48.85370942978696 ], [ 2.370826511319644, 48.853807600666372 ], [ 2.370928102069672, 48.853906400746141 ], [ 2.371151609412258, 48.854132951165006 ], [ 2.371317701010588, 48.854292432594121 ], [ 2.371417233954035, 48.854368481265723 ] ] } },
{ "type": "Feature", "properties": { "id": "1208", "geo_fid": 1208, "geo_creati": 1530173617264, "geo_modifi": 1530173617264, "id_alpage": "TR1208", "type": "Rue", "nom": "Amelot", "ref_scan": "ADO75CA_ANO583", "ref_scan2": null, "article": null, "nom2_scan2": null, "nom_entier": "Rue Amelot", "code_fiab": "1", "identifi": 1208, "oid": 1229060 }, "geometry": { "type": "LineString", "coordinates": [ [ 2.369431585782684, 48.855023908733443 ], [ 2.369471558373811, 48.854880823229159 ], [ 2.369537635186277, 48.854644565717201 ] ] } },
{ "type": "Feature", "properties": { "id": "1319", "geo_fid": 1319, "geo_creati": 1530173617272, "geo_modifi": 1530173617272, "id_alpage": "TR1319", "type": null, "nom": null, "ref_scan": "ADO75CA_ANO491", "ref_scan2": null, "article": null, "nom2_scan2": null, "nom_entier": null, "code_fiab": "3", "identifi": 1319, "oid": 1229171 }, "geometry": { "type": "LineString", "coordinates": [ [ 2.3777810458414, 48.853246714156043 ], [ 2.377731494134083, 48.853309680808614 ], [ 2.377592503833321, 48.853486526971814 ], [ 2.377469847554611, 48.853641424965232 ] ] } },
{ "type": "Feature", "properties": { "id": "3411", "geo_fid": 3411, "geo_creati": 1530173617544, "geo_modifi": 1530173617544, "id_alpage": "TR3416", "type": "Rue", "nom": "Aral", "ref_scan": "ADO75CA_ANO501", "ref_scan2": null, "article": "d'", "nom2_scan2": null, "nom_entier": "Rue d'Aral", "code_fiab": "1", "identifi": 3416, "oid": 1231263 }, "geometry": { "type": "LineString", "coordinates": [ [ 2.370757445566815, 48.854854823551769 ], [ 2.370834266592796, 48.854797337464213 ], [ 2.370988852027583, 48.854667616789435 ], [ 2.371092367341519, 48.854587820678169 ], [ 2.371296808976425, 48.854430027491333 ], [ 2.371304846686102, 48.854426338076038 ] ] } },
{ "type": "Feature", "properties": { "id": "3589", "geo_fid": 3589, "geo_creati": 1530173617551, "geo_modifi": 1530173617551, "id_alpage": "TR3596", "type": "Rue", "nom": "Saint Antoine", "ref_scan": "ADO75CA_ANO518", "ref_scan2": null, "article": null, "nom2_scan2": null, "nom_entier": "Rue Saint Antoine", "code_fiab": "1", "identifi": 3596, "oid": 1231441 }, "geometry": { "type": "LineString", "coordinates": [ [ 2.366761020264248, 48.853505759962374 ], [ 2.367353100412719, 48.853689866140733 ], [ 2.367418251333756, 48.853710172482813 ] ] } },
{ "type": "Feature", "properties": { "id": "3606", "geo_fid": 3606, "geo_creati": 1530173617561, "geo_modifi": 1530173617561, "id_alpage": "TR3613", "type": "Rue", "nom": "Faubourg Saint Antoine", "ref_scan": "ADO75CA_ANO580", "ref_scan2": null, "article": "du", "nom2_scan2": null, "nom_entier": "Rue du Faubourg Saint Antoine", "code_fiab": "1", "identifi": 3613, "oid": 1231458 }, "geometry": { "type": "LineString", "coordinates": [ [ 2.377647370198825, 48.850908923396837 ], [ 2.377746415171498, 48.85088424822564 ], [ 2.377967937818959, 48.850829223850106 ], [ 2.378263164073761, 48.850755557639296 ], [ 2.378484685576111, 48.850700532261357 ], [ 2.378531417888726, 48.850692601766887 ] ] } },
{ "type": "Feature", "properties": { "id": "3609", "geo_fid": 3609, "geo_creati": 1530173617561, "geo_modifi": 1530173617561, "id_alpage": "TR3616", "type": "Rue", "nom": "Faubourg Saint Honoré", "ref_scan": "ADO75CA_ANO580", "ref_scan2": null, "article": "du", "nom2_scan2": null, "nom_entier": "Rue du Faubourg Saint Honoré", "code_fiab": "1", "identifi": 3616, "oid": 1231461 }, "geometry": { "type": "LineString", "coordinates": [ [ 2.376228033073317, 48.851263010961759 ], [ 2.376600375407027, 48.851169358836131 ], [ 2.376743429323665, 48.851137025534229 ] ] } },
{ "type": "Feature", "properties": { "id": "3656", "geo_fid": 3656, "geo_creati": 1530173617564, "geo_modifi": 1530173617564, "id_alpage": "TR3663", "type": "Rue", "nom": "Bercy", "ref_scan": "ADO75CA_ANO562", "ref_scan2": null, "article": "de", "nom2_scan2": null, "nom_entier": "Rue de Bercy", "code_fiab": "1", "identifi": 3663, "oid": 1231508 }, "geometry": { "type": "LineString", "coordinates": [ [ 2.376438501926275, 48.842198455217257 ], [ 2.376559277527725, 48.842108936090817 ], [ 2.376687545674575, 48.842019054537751 ], [ 2.376733707862563, 48.841989362590809 ], [ 2.376801788913577, 48.841939699187456 ], [ 2.376869871979269, 48.841892733559071 ], [ 2.376979637243284, 48.84183658080552 ], [ 2.377041185924709, 48.841796451818311 ] ] } },
{ "type": "Feature", "properties": { "id": "3657", "geo_fid": 3657, "geo_creati": 1530173617564, "geo_modifi": 1530173617564, "id_alpage": "TR3664", "type": "Rue", "nom": "Bercy", "ref_scan": "ADO75CA_ANO562", "ref_scan2": null, "article": "de", "nom2_scan2": null, "nom_entier": "Rue de Bercy", "code_fiab": "1", "identifi": 3664, "oid": 1231509 }, "geometry": { "type": "LineString", "coordinates": [ [ 2.37640459482136, 48.842220139317646 ], [ 2.37641984617116, 48.84221033201608 ], [ 2.376438501926275, 48.842198455217257 ] ] } },
{ "type": "Feature", "properties": { "id": "3666", "geo_fid": 3666, "geo_creati": 1530173617564, "geo_modifi": 1530173617564, "id_alpage": "TR3673", "type": null, "nom": null, "ref_scan": "ADO75CA_ANO540", "ref_scan2": null, "article": null, "nom2_scan2": null, "nom_entier": null, "code_fiab": "3", "identifi": 3673, "oid": 1231518 }, "geometry": { "type": "LineString", "coordinates": [ [ 2.383638197055866, 48.84847699124311 ], [ 2.383432204492358, 48.84792375258791 ], [ 2.383312840925335, 48.847627490634608 ], [ 2.383253403269328, 48.847595320668617 ], [ 2.38317218452964, 48.847584652046706 ], [ 2.38300992613593, 48.847609717005142 ], [ 2.382582707197414, 48.847699185278088 ], [ 2.382452867521861, 48.847713535220002 ], [ 2.382355563934079, 48.847695678210599 ], [ 2.382279766403226, 48.847652902791864 ], [ 2.38217702891082, 48.847652943292161 ], [ 2.380738315177394, 48.847832006273869 ], [ 2.380654934856188, 48.847842379655134 ] ] } },
{ "type": "Feature", "properties": { "id": "3669", "geo_fid": 3669, "geo_creati": 1530173617564, "geo_modifi": 1530173617564, "id_alpage": "TR3676", "type": null, "nom": null, "ref_scan": "ADO75CA_ANO563", "ref_scan2": null, "article": null, "nom2_scan2": null, "nom_entier": null, "code_fiab": "3", "identifi": 3676, "oid": 1231521 }, "geometry": { "type": "LineString", "coordinates": [ [ 2.378958860910156, 48.840440473852354 ], [ 2.379220560683224, 48.840588398048745 ], [ 2.380859234736206, 48.84029111353216 ] ] } },
{ "type": "Feature", "properties": { "id": "3719", "geo_fid": 3719, "geo_creati": 1530173617566, "geo_modifi": 1530173617566, "id_alpage": "TR3727", "type": "Rue", "nom": "Saint Paul", "ref_scan": "ADO75CA_ANO592", "ref_scan2": null, "article": null, "nom2_scan2": null, "nom_entier": "Rue Saint Paul", "code_fiab": "1", "identifi": 3727, "oid": 1231571 }, "geometry": { "type": "LineString", "coordinates": [ [ 2.362219346494515, 48.854092720438786 ], [ 2.362090075402529, 48.853926653082972 ] ] } },
{ "type": "Feature", "properties": { "id": "1063", "geo_fid": 1063, "geo_creati": 1530173617244, "geo_modifi": 1530173617244, "id_alpage": "TR1063", "type": "Rue", "nom": "Faubourg Saint Antoine", "ref_scan": "ADO75CA_ANO579", "ref_scan2": null, "article": "du", "nom2_scan2": null, "nom_entier": "Rue du Faubourg Saint Antoine", "code_fiab": "1", "identifi": 1063, "oid": 1228915 }, "geometry": { "type": "LineString", "coordinates": [ [ 2.380079322656985, 48.850458400293796 ], [ 2.380093220763861, 48.850457405876526 ], [ 2.380140773514653, 48.850453341285906 ], [ 2.380855436032869, 48.850403250719992 ], [ 2.38141874766742, 48.85039808805503 ] ] } },
{ "type": "Feature", "properties": { "id": "1079", "geo_fid": 1079, "geo_creati": 1530173617245, "geo_modifi": 1530173617245, "id_alpage": "TR1079", "type": "Rue", "nom": "Planchettes", "ref_scan": "ADO75CA_ANO551", "ref_scan2": null, "article": "Neuve des", "nom2_scan2": null, "nom_entier": "Rue Neuve des Planchettes", "code_fiab": "1", "identifi": 1079, "oid": 1228931 }, "geometry": { "type": "LineString", "coordinates": [ [ 2.36992655597263, 48.849449089467996 ], [ 2.369912033270396, 48.849536233102434 ], [ 2.369899950823873, 48.849604491320726 ], [ 2.369859913136878, 48.849847665974842 ], [ 2.369831816575076, 48.850015118486773 ], [ 2.369791778283144, 48.850258383046445 ], [ 2.369763681259824, 48.850425835543049 ], [ 2.369706543070075, 48.85077647804966 ], [ 2.36963323588001, 48.851199966171158 ], [ 2.369606914706006, 48.85137578135992 ] ] } },
{ "type": "Feature", "properties": { "id": "1084", "geo_fid": 1084, "geo_creati": 1530173617245, "geo_modifi": 1530173617245, "id_alpage": "TR1084", "type": null, "nom": null, "ref_scan": "ADO75CA_ANO586", "ref_scan2": null, "article": null, "nom2_scan2": null, "nom_entier": null, "code_fiab": "3", "identifi": 1084, "oid": 1228936 }, "geometry": { "type": "LineString", "coordinates": [ [ 2.364899822987549, 48.849615974719072 ], [ 2.365073226510558, 48.849512336396884 ], [ 2.365301918908404, 48.849351040881004 ], [ 2.365312407928926, 48.84934555274063 ] ] } },
{ "type": "Feature", "properties": { "id": "1111", "geo_fid": 1111, "geo_creati": 1530173617247, "geo_modifi": 1530173617247, "id_alpage": "TR1111", "type": "Rue", "nom": "Lesdiguières", "ref_scan": "ADO75CA_ANO591", "ref_scan2": null, "article": "de", "nom2_scan2": null, "nom_entier": "Rue de Lesdiguières", "code_fiab": "1", "identifi": 1111, "oid": 1228963 }, "geometry": { "type": "LineString", "coordinates": [ [ 2.366446056078532, 48.851818086878083 ], [ 2.366462290907558, 48.851850276667093 ], [ 2.366546330402231, 48.852016980184153 ], [ 2.366589589048941, 48.852121104789525 ], [ 2.366654413216177, 48.852284036225541 ], [ 2.366694534975728, 48.852382855894284 ], [ 2.366748172655376, 48.852523847922555 ], [ 2.366804670765422, 48.852662231295582 ], [ 2.366856805632096, 48.852795759703604 ], [ 2.366918491463395, 48.852948889739466 ], [ 2.366970490718558, 48.853082508059082 ], [ 2.367001333912709, 48.85315902808734 ], [ 2.3670361365827, 48.853248046957766 ], [ 2.367066980034528, 48.853324656895715 ], [ 2.367115974949202, 48.853446405541739 ] ] } },
{ "type": "Feature", "properties": { "id": "1223", "geo_fid": 1223, "geo_creati": 1530173617266, "geo_modifi": 1530173617266, "id_alpage": "TR1223", "type": null, "nom": null, "ref_scan": "ADO75CA_ANO583", "ref_scan2": null, "article": null, "nom2_scan2": null, "nom_entier": null, "code_fiab": "3", "identifi": 1223, "oid": 1229075 }, "geometry": { "type": "LineString", "coordinates": [ [ 2.369431585782684, 48.855023908733443 ], [ 2.369509268832558, 48.85503198024476 ], [ 2.369523033846396, 48.855033595041832 ], [ 2.369544294380892, 48.855035657351941 ], [ 2.369721738084903, 48.855052783086144 ] ] } },
{ "type": "Feature", "properties": { "id": "3639", "geo_fid": 3639, "geo_creati": 1530173617563, "geo_modifi": 1530173617563, "id_alpage": "TR3646", "type": null, "nom": null, "ref_scan": "ADO75CA_ANO543", "ref_scan2": null, "article": null, "nom2_scan2": null, "nom_entier": null, "code_fiab": "2", "identifi": 3646, "oid": 1231491 }, "geometry": { "type": "LineString", "coordinates": [ [ 2.377591607682094, 48.849361475440062 ], [ 2.377601416013477, 48.84935841444598 ], [ 2.378211983858824, 48.849169799339307 ], [ 2.378237321985435, 48.849162056498407 ] ] } },
{ "type": "Feature", "properties": { "id": "3642", "geo_fid": 3642, "geo_creati": 1530173617563, "geo_modifi": 1530173617563, "id_alpage": "TR3649", "type": null, "nom": null, "ref_scan": "ADO75CA_ANO541", "ref_scan2": null, "article": null, "nom2_scan2": null, "nom_entier": null, "code_fiab": "2", "identifi": 3649, "oid": 1231494 }, "geometry": { "type": "LineString", "coordinates": [ [ 2.377865210513723, 48.848682427837183 ], [ 2.378279059350568, 48.848552244998736 ], [ 2.378320610494755, 48.848542697763271 ], [ 2.378372522890946, 48.848539891320307 ], [ 2.378412038017025, 48.848539877070998 ], [ 2.378453599340332, 48.848542649812899 ], [ 2.37849311782708, 48.848546682259318 ], [ 2.378532639831366, 48.848554941270237 ], [ 2.378579660662532, 48.848568683111843 ] ] } },
{ "type": "Feature", "properties": { "id": "4337", "geo_fid": 4337, "geo_creati": 1530173617629, "geo_modifi": 1530173617629, "id_alpage": "TR4347", "type": "Pont", "nom": "Jardin du Roi", "ref_scan": "ADO75CA_ANO806", "ref_scan2": null, "article": "du", "nom2_scan2": null, "nom_entier": null, "code_fiab": "7", "identifi": 4347, "oid": 1232189 }, "geometry": { "type": "LineString", "coordinates": [ [ 2.364814287203337, 48.844279624762478 ], [ 2.367422520959249, 48.845707368346716 ] ] } },
{ "type": "Feature", "properties": { "id": "3397", "geo_fid": 3397, "geo_creati": 1530173617533, "geo_modifi": 1530173617533, "id_alpage": "TR3402", "type": "Rue", "nom": "Saint Antoine", "ref_scan": "ADO75CA_ANO516", "ref_scan2": null, "article": null, "nom2_scan2": null, "nom_entier": "Rue Saint Antoine", "code_fiab": "1", "identifi": 3402, "oid": 1231249 }, "geometry": { "type": "LineString", "coordinates": [ [ 2.362714979922885, 48.854631724571881 ], [ 2.36236207253091, 48.85472442785931 ] ] } },
{ "type": "Feature", "properties": { "id": "3586", "geo_fid": 3586, "geo_creati": 1530173617551, "geo_modifi": 1530173617551, "id_alpage": "TR3593", "type": null, "nom": null, "ref_scan": "ADO75CA_ANO518", "ref_scan2": null, "article": null, "nom2_scan2": null, "nom_entier": null, "code_fiab": "2", "identifi": 3593, "oid": 1231438 }, "geometry": { "type": "LineString", "coordinates": [ [ 2.365303645445809, 48.855062678042394 ], [ 2.366157600404877, 48.854903293642913 ], [ 2.366644647698295, 48.856046324114892 ] ] } },
{ "type": "Feature", "properties": { "id": "3627", "geo_fid": 3627, "geo_creati": 1530173617563, "geo_modifi": 1530173617563, "id_alpage": "TR3634", "type": null, "nom": null, "ref_scan": null, "ref_scan2": null, "article": null, "nom2_scan2": null, "nom_entier": null, "code_fiab": "5", "identifi": 3634, "oid": 1231479 }, "geometry": { "type": "LineString", "coordinates": [ [ 2.369281596067058, 48.852989617204699 ], [ 2.368678427914755, 48.851647441296393 ] ] } },
{ "type": "Feature", "properties": { "id": "3628", "geo_fid": 3628, "geo_creati": 1530173617563, "geo_modifi": 1530173617563, "id_alpage": "TR3635", "type": null, "nom": null, "ref_scan": null, "ref_scan2": null, "article": null, "nom2_scan2": null, "nom_entier": null, "code_fiab": "5", "identifi": 3635, "oid": 1231480 }, "geometry": { "type": "LineString", "coordinates": [ [ 2.370069843898888, 48.85286619286039 ], [ 2.36946785998034, 48.852960428332494 ], [ 2.369281596067058, 48.852989617204699 ] ] } },
{ "type": "Feature", "properties": { "id": "3644", "geo_fid": 3644, "geo_creati": 1530173617563, "geo_modifi": 1530173617563, "id_alpage": "TR3651", "type": "Rue", "nom": "Charenton", "ref_scan": "ADO75CA_ANO557", "ref_scan2": null, "article": "de", "nom2_scan2": null, "nom_entier": "Rue de Charenton", "code_fiab": "1", "identifi": 3651, "oid": 1231496 }, "geometry": { "type": "LineString", "coordinates": [ [ 2.379441587567741, 48.846104002076501 ], [ 2.379478216916726, 48.846077459995293 ], [ 2.379499189757251, 48.846065671765011 ] ] } },
{ "type": "Feature", "properties": { "id": "3720", "geo_fid": 3720, "geo_creati": 1530173617566, "geo_modifi": 1530173617566, "id_alpage": "TR3728", "type": "Passage", "nom": "Saint Pierre", "ref_scan": "ADO75CA_ANO591", "ref_scan2": null, "article": null, "nom2_scan2": null, "nom_entier": "Passage Saint Pierre", "code_fiab": "1", "identifi": 3728, "oid": 1231572 }, "geometry": { "type": "LineString", "coordinates": [ [ 2.362219346494515, 48.854092720438786 ], [ 2.36227521056892, 48.854076071658703 ], [ 2.362991769363652, 48.853868629936095 ] ] } },
{ "type": "Feature", "properties": { "id": "1003", "geo_fid": 1003, "geo_creati": 1530173617239, "geo_modifi": 1530173617239, "id_alpage": "TR1003", "type": "Rue", "nom": "Charenton", "ref_scan": "ADO75CA_ANO563", "ref_scan2": null, "article": "de", "nom2_scan2": null, "nom_entier": "Rue de Charenton", "code_fiab": "1", "identifi": 1003, "oid": 1228855 }, "geometry": { "type": "LineString", "coordinates": [ [ 2.385703721498415, 48.842861167018803 ], [ 2.385124272661022, 48.8434217481188 ], [ 2.384781880861488, 48.843698417468289 ], [ 2.384677602485657, 48.8437884780083 ], [ 2.384564474914898, 48.843886096009449 ], [ 2.384460195666434, 48.843976066424112 ], [ 2.384331397495843, 48.844072251842157 ], [ 2.384202598827046, 48.844168437115144 ], [ 2.383946387817216, 48.844387784823084 ], [ 2.383934134733373, 48.844397591904141 ] ] } },
{ "type": "Feature", "properties": { "id": "1016", "geo_fid": 1016, "geo_creati": 1530173617240, "geo_modifi": 1530173617240, "id_alpage": "TR1016", "type": null, "nom": null, "ref_scan": "ADO75CA_ANO558", "ref_scan2": null, "article": null, "nom2_scan2": null, "nom_entier": null, "code_fiab": "3", "identifi": 1016, "oid": 1228868 }, "geometry": { "type": "LineString", "coordinates": [ [ 2.37817087547273, 48.844588022294168 ], [ 2.378284953924429, 48.844634833396476 ], [ 2.378441419956476, 48.844698625331695 ], [ 2.378555498991275, 48.844745526090954 ], [ 2.378712101967456, 48.844809317606064 ], [ 2.378826181511443, 48.844856218094982 ], [ 2.378982648934256, 48.844920009288735 ], [ 2.379096728987302, 48.844966909507406 ], [ 2.379172782475541, 48.84499817625656 ], [ 2.379329386962957, 48.845061876998088 ], [ 2.3794054407427, 48.845093143592344 ], [ 2.379594802398175, 48.845223288074273 ], [ 2.379767763152689, 48.845292827412308 ], [ 2.379953126186034, 48.845365869008567 ], [ 2.380254207105515, 48.84548580875191 ], [ 2.380348292213352, 48.845568955925195 ], [ 2.380383062888177, 48.845599697893391 ] ] } },
{ "type": "Feature", "properties": { "id": "1035", "geo_fid": 1035, "geo_creati": 1530173617242, "geo_modifi": 1530173617242, "id_alpage": "TR1035", "type": "Rue", "nom": "Charenton", "ref_scan": "ADO75CA_ANO544", "ref_scan2": null, "article": "de", "nom2_scan2": null, "nom_entier": "Rue de Charenton", "code_fiab": "1", "identifi": 1035, "oid": 1228887 }, "geometry": { "type": "LineString", "coordinates": [ [ 2.374743867982116, 48.849162538631809 ], [ 2.37489756896304, 48.848981104810328 ], [ 2.375090160859468, 48.848875826245575 ], [ 2.375232481737876, 48.848783153914461 ], [ 2.375376990172192, 48.84870082230529 ], [ 2.375704823358372, 48.848515372273155 ], [ 2.37581745984979, 48.848451306070686 ], [ 2.376038101560758, 48.848326232432477 ], [ 2.37614597047684, 48.84826513512494 ], [ 2.376371377157137, 48.848137001692514 ], [ 2.376374648693253, 48.848138709187808 ], [ 2.376376965857411, 48.848139697592579 ], [ 2.37662238628011, 48.847992672082654 ] ] } },
{ "type": "Feature", "properties": { "id": "1059", "geo_fid": 1059, "geo_creati": 1530173617244, "geo_modifi": 1530173617244, "id_alpage": "TR1059", "type": "Petite Rue", "nom": "Reuilly", "ref_scan": "ADO75CA_ANO540", "ref_scan2": null, "article": "de", "nom2_scan2": null, "nom_entier": "Petite Rue de Reuilly", "code_fiab": "1", "identifi": 1059, "oid": 1228911 }, "geometry": { "type": "LineString", "coordinates": [ [ 2.385857740767698, 48.846131035054185 ], [ 2.386156968416107, 48.846286930918943 ], [ 2.386296287183512, 48.846356115079267 ], [ 2.386453885818666, 48.846447053576604 ], [ 2.386456472583904, 48.846444984134912 ], [ 2.38659445404925, 48.846538718640886 ], [ 2.386668631871651, 48.84659489105276 ], [ 2.386806614242489, 48.846688715229824 ], [ 2.386984696911636, 48.846823528583336 ], [ 2.3870937795674, 48.846902437088083 ] ] } },
{ "type": "Feature", "properties": { "id": "1060", "geo_fid": 1060, "geo_creati": 1530173617244, "geo_modifi": 1530173617244, "id_alpage": "TR1060", "type": null, "nom": null, "ref_scan": "ADO75CA_ANO540", "ref_scan2": null, "article": null, "nom2_scan2": null, "nom_entier": null, "code_fiab": "3", "identifi": 1060, "oid": 1228912 }, "geometry": { "type": "LineString", "coordinates": [ [ 2.385507828552142, 48.846535766161587 ], [ 2.385449895935564, 48.846510161390626 ], [ 2.385297226916608, 48.846442870291789 ], [ 2.385125474645023, 48.84636704391184 ], [ 2.385023377771042, 48.846322033167375 ], [ 2.384921144742778, 48.846276932461329 ] ] } },
{ "type": "Feature", "properties": { "id": "1271", "geo_fid": 1271, "geo_creati": 1530173617269, "geo_modifi": 1530173617269, "id_alpage": "TR1271", "type": "Rue", "nom": "Chaussée des Minimes", "ref_scan": "ADO75CA_ANO522", "ref_scan2": null, "article": "de la", "nom2_scan2": null, "nom_entier": "Rue de la Chaussée des Minimes", "code_fiab": "1", "identifi": 1271, "oid": 1229123 }, "geometry": { "type": "LineString", "coordinates": [ [ 2.365733835719065, 48.856188010702446 ], [ 2.365795939100374, 48.85635499004475 ], [ 2.365827468576663, 48.856439603674175 ], [ 2.365856946695363, 48.856511627997229 ], [ 2.365909359714577, 48.856652261030192 ], [ 2.365966815296599, 48.8567926229886 ], [ 2.365982913337205, 48.856821665430708 ] ] } },
{ "type": "Feature", "properties": { "id": "3590", "geo_fid": 3590, "geo_creati": 1530173617551, "geo_modifi": 1530173617551, "id_alpage": "TR3597", "type": "Rue", "nom": "Saint Antoine", "ref_scan": "ADO75CA_ANO520", "ref_scan2": null, "article": null, "nom2_scan2": null, "nom_entier": "Rue Saint Antoine", "code_fiab": "1", "identifi": 3597, "oid": 1231442 }, "geometry": { "type": "LineString", "coordinates": [ [ 2.367418251333756, 48.853710172482813 ], [ 2.368176677159738, 48.853595941670498 ] ] } },
{ "type": "Feature", "properties": { "id": "3591", "geo_fid": 3591, "geo_creati": 1530173617551, "geo_modifi": 1530173617551, "id_alpage": "TR3598", "type": "Rue", "nom": "Saint Antoine", "ref_scan": "ADO75CA_ANO519", "ref_scan2": null, "article": null, "nom2_scan2": null, "nom_entier": "Rue Saint Antoine", "code_fiab": "1", "identifi": 3598, "oid": 1231443 }, "geometry": { "type": "LineString", "coordinates": [ [ 2.368176677159738, 48.853595941670498 ], [ 2.368890406381766, 48.853488462767153 ], [ 2.368979928938075, 48.853475038746161 ] ] } },
{ "type": "Feature", "properties": { "id": "3594", "geo_fid": 3594, "geo_creati": 1530173617551, "geo_modifi": 1530173617551, "id_alpage": "TR3601", "type": "Quai", "nom": "Valmy", "ref_scan": "ADO75CA_ANO583", "ref_scan2": null, "article": "de", "nom2_scan2": null, "nom_entier": "Quai de Valmy", "code_fiab": "1", "identifi": 3601, "oid": 1231446 }, "geometry": { "type": "LineString", "coordinates": [ [ 2.369906662797844, 48.855462708544593 ], [ 2.369721738084903, 48.855052783086144 ] ] } },
{ "type": "Feature", "properties": { "id": "3596", "geo_fid": 3596, "geo_creati": 1530173617551, "geo_modifi": 1530173617551, "id_alpage": "TR3603", "type": "Quai", "nom": "Valmy", "ref_scan": "ADO75CA_ANO583", "ref_scan2": null, "article": "de", "nom2_scan2": null, "nom_entier": "Quai de Valmy", "code_fiab": "1", "identifi": 3603, "oid": 1231448 }, "geometry": { "type": "LineString", "coordinates": [ [ 2.369530549838429, 48.854646096485112 ], [ 2.368979928938075, 48.853475038746161 ] ] } },
{ "type": "Feature", "properties": { "id": "3632", "geo_fid": 3632, "geo_creati": 1530173617563, "geo_modifi": 1530173617563, "id_alpage": "TR3639", "type": "Quai", "nom": "Rapée", "ref_scan": "ADO75CA_ANO554", "ref_scan2": null, "article": "de la", "nom2_scan2": null, "nom_entier": "Quai de la Rapée", "code_fiab": "1", "identifi": 3639, "oid": 1231484 }, "geometry": { "type": "LineString", "coordinates": [ [ 2.368122267585774, 48.845204128280209 ], [ 2.368969898115143, 48.844594548935568 ] ] } },
{ "type": "Feature", "properties": { "id": "3638", "geo_fid": 3638, "geo_creati": 1530173617563, "geo_modifi": 1530173617563, "id_alpage": "TR3645", "type": null, "nom": null, "ref_scan": "ADO75CA_ANO544", "ref_scan2": null, "article": null, "nom2_scan2": null, "nom_entier": null, "code_fiab": "2", "identifi": 3645, "oid": 1231490 }, "geometry": { "type": "LineString", "coordinates": [ [ 2.377262558886889, 48.848881559797938 ], [ 2.377591607682094, 48.849361475440062 ] ] } },
{ "type": "Feature", "properties": { "id": "3647", "geo_fid": 3647, "geo_creati": 1530173617563, "geo_modifi": 1530173617563, "id_alpage": "TR3654", "type": "Rue", "nom": "Charenton", "ref_scan": "ADO75CA_ANO558", "ref_scan2": null, "article": "de", "nom2_scan2": null, "nom_entier": "Rue de Charenton", "code_fiab": "1", "identifi": 3654, "oid": 1231499 }, "geometry": { "type": "LineString", "coordinates": [ [ 2.379499189757251, 48.846065671765011 ], [ 2.379731797566185, 48.845935640558999 ], [ 2.38010713724701, 48.84573766030212 ], [ 2.380277369095307, 48.845642453231875 ], [ 2.380383062888177, 48.845599697893391 ] ] } },
{ "type": "Feature", "properties": { "id": "3649", "geo_fid": 3649, "geo_creati": 1530173617563, "geo_modifi": 1530173617563, "id_alpage": "TR3656", "type": "Impasse", "nom": "Charbonniers", "ref_scan": "ADO75CA_ANO556", "ref_scan2": null, "article": "des", "nom2_scan2": null, "nom_entier": "Impasse des Charbonniers", "code_fiab": "1", "identifi": 3656, "oid": 1231501 }, "geometry": { "type": "LineString", "coordinates": [ [ 2.37504242188471, 48.846662823146538 ], [ 2.375341643040726, 48.846494829516544 ], [ 2.37547824942876, 48.846422212558657 ], [ 2.375715096529998, 48.846296414698408 ], [ 2.375937640114073, 48.84617601683123 ], [ 2.375970056246778, 48.846160628279712 ] ] } },
{ "type": "Feature", "properties": { "id": "3650", "geo_fid": 3650, "geo_creati": 1530173617563, "geo_modifi": 1530173617563, "id_alpage": "TR3657", "type": "Rue", "nom": "Charbonniers", "ref_scan": "ADO75CA_ANO556", "ref_scan2": null, "article": "des", "nom2_scan2": null, "nom_entier": "Rue des Charbonniers", "code_fiab": "1", "identifi": 3657, "oid": 1231502 }, "geometry": { "type": "LineString", "coordinates": [ [ 2.375970056246778, 48.846160628279712 ], [ 2.376063626833178, 48.846115902656713 ], [ 2.376171352065321, 48.846051478068482 ] ] } },
{ "type": "Feature", "properties": { "id": "3655", "geo_fid": 3655, "geo_creati": 1530173617564, "geo_modifi": 1530173617564, "id_alpage": "TR3662", "type": "Quai", "nom": "Rapée", "ref_scan": "ADO75CA_ANO562", "ref_scan2": null, "article": "de la", "nom2_scan2": null, "nom_entier": "Quai de la Rapée", "code_fiab": "1", "identifi": 3662, "oid": 1231507 }, "geometry": { "type": "LineString", "coordinates": [ [ 2.373645347560279, 48.840810364992542 ], [ 2.374170862693589, 48.840321441755528 ] ] } },
{ "type": "Feature", "properties": { "id": "3722", "geo_fid": 3722, "geo_creati": 1530173617566, "geo_modifi": 1530173617566, "id_alpage": "TR3730", "type": "Quai", "nom": "Morland", "ref_scan": "ADO75CA_ANO586", "ref_scan2": null, "article": null, "nom2_scan2": null, "nom_entier": "Quai Morland", "code_fiab": "1", "identifi": 3730, "oid": 1231574 }, "geometry": { "type": "LineString", "coordinates": [ [ 2.361981878416986, 48.851198914189098 ], [ 2.362091530375392, 48.851113999063188 ], [ 2.364022160071934, 48.849617533017359 ], [ 2.36429033815086, 48.849393640910321 ], [ 2.364786916963288, 48.848732287281962 ], [ 2.36515716161644, 48.847810623197994 ], [ 2.365227940463417, 48.847435789233316 ], [ 2.365425118135376, 48.84722225349153 ], [ 2.365653843436077, 48.847138924160888 ], [ 2.365950953537269, 48.84703057741914 ] ] } },
{ "type": "Feature", "properties": { "id": "1018", "geo_fid": 1018, "geo_creati": 1530173617240, "geo_modifi": 1530173617240, "id_alpage": "TR1018", "type": "Rue", "nom": "Bercy", "ref_scan": "ADO75CA_ANO560", "ref_scan2": null, "article": "de", "nom2_scan2": null, "nom_entier": "Rue de Bercy", "code_fiab": "1", "identifi": 1018, "oid": 1228870 }, "geometry": { "type": "LineString", "coordinates": [ [ 2.373329489116998, 48.844294694962109 ], [ 2.373339294490943, 48.844288576810101 ], [ 2.373454501688669, 48.844208774867816 ], [ 2.373535811058067, 48.84416738251587 ] ] } },
{ "type": "Feature", "properties": { "id": "980", "geo_fid": 980, "geo_creati": 1530173617225, "geo_modifi": 1530173617225, "id_alpage": "TR980", "type": "Rue", "nom": "Bercy", "ref_scan": "ADO75CA_ANO561", "ref_scan2": null, "article": "de", "nom2_scan2": null, "nom_entier": "Rue de Bercy", "code_fiab": "1", "identifi": 980, "oid": 1228832 }, "geometry": { "type": "LineString", "coordinates": [ [ 2.373535811058067, 48.84416738251587 ], [ 2.373629639213195, 48.844104403583756 ], [ 2.373743343502903, 48.844020105468843 ], [ 2.373926094953629, 48.843895947307836 ], [ 2.374017195515829, 48.843830720753999 ], [ 2.374080649302184, 48.843780880610019 ], [ 2.37428695532609, 48.843637649695502 ], [ 2.374771878384183, 48.843309526688024 ], [ 2.374903153983746, 48.84322459214674 ], [ 2.375033204167203, 48.84314127655017 ], [ 2.375218262704498, 48.84301369832292 ], [ 2.375302554861129, 48.842957735512002 ], [ 2.375418031766074, 48.842882427859045 ], [ 2.375603088353035, 48.842754849008742 ], [ 2.375677439318524, 48.842705903585276 ], [ 2.375894637167529, 48.842564554567694 ], [ 2.376117544776217, 48.842408904765563 ], [ 2.37629034889159, 48.842297695727268 ], [ 2.37640459482136, 48.842220139317646 ] ] } },
{ "type": "Feature", "properties": { "id": "1027", "geo_fid": 1027, "geo_creati": 1530173617241, "geo_modifi": 1530173617241, "id_alpage": "TR1027", "type": null, "nom": null, "ref_scan": "ADO75CA_ANO557", "ref_scan2": null, "article": null, "nom2_scan2": null, "nom_entier": null, "code_fiab": "3", "identifi": 1027, "oid": 1228879 }, "geometry": { "type": "LineString", "coordinates": [ [ 2.378842025672907, 48.846531196659825 ], [ 2.378778494846502, 48.846487335320269 ], [ 2.378755727455174, 48.846471696269425 ], [ 2.378724507342488, 48.846450035163514 ], [ 2.378697104673522, 48.846431160406027 ] ] } },
{ "type": "Feature", "properties": { "id": "1048", "geo_fid": 1048, "geo_creati": 1530173617243, "geo_modifi": 1530173617243, "id_alpage": "TR1048", "type": "Rue", "nom": "Terres Fortes", "ref_scan": "ADO75CA_ANO550", "ref_scan2": null, "article": "des", "nom2_scan2": null, "nom_entier": "Rue des Terres Fortes", "code_fiab": "1", "identifi": 1048, "oid": 1228900 }, "geometry": { "type": "LineString", "coordinates": [ [ 2.36992655597263, 48.849449089467996 ], [ 2.370098594385687, 48.849358393421284 ], [ 2.370706285671585, 48.849105161620976 ], [ 2.371268744174129, 48.848869026255031 ], [ 2.371542003150306, 48.848755186508271 ], [ 2.37174292845365, 48.848672033182822 ], [ 2.371806679413926, 48.848645485359633 ] ] } },
{ "type": "Feature", "properties": { "id": "1108", "geo_fid": 1108, "geo_creati": 1530173617247, "geo_modifi": 1530173617247, "id_alpage": "TR1108", "type": "Rue", "nom": "Lappe", "ref_scan": "ADO75CA_ANO491", "ref_scan2": "ADO75CA_ANO581", "article": "de", "nom2_scan2": "Rue Louis Philippe", "nom_entier": "Rue de Lappe", "code_fiab": "1", "identifi": 1108, "oid": 1228960 }, "geometry": { "type": "LineString", "coordinates": [ [ 2.371417233954035, 48.854368481265723 ], [ 2.371495566126436, 48.854330778271198 ], [ 2.37184893034272, 48.854139756150296 ], [ 2.372221648495563, 48.853956910382806 ], [ 2.372569688895734, 48.853760671883613 ], [ 2.372942401556573, 48.853577823764816 ], [ 2.37297618455338, 48.853560187454363 ], [ 2.373027813625192, 48.853534721870211 ], [ 2.373093334153288, 48.853497741214127 ], [ 2.373167440339346, 48.853461567162981 ], [ 2.373299843099057, 48.853386885804852 ], [ 2.373515349345038, 48.853281872432433 ], [ 2.373614378256261, 48.853225996103561 ], [ 2.373860538422593, 48.853113058709063 ], [ 2.374399984447908, 48.852859469406759 ], [ 2.374526126770482, 48.852800076293548 ] ] } },
{ "type": "Feature", "properties": { "id": "1113", "geo_fid": 1113, "geo_creati": 1530173617247, "geo_modifi": 1530173617247, "id_alpage": "TR1113", "type": "Rue", "nom": "Petit Musc", "ref_scan": "ADO75CA_ANO590", "ref_scan2": null, "article": "du", "nom2_scan2": null, "nom_entier": "Rue du Petit Musc", "code_fiab": "1", "identifi": 1113, "oid": 1228965 }, "geometry": { "type": "LineString", "coordinates": [ [ 2.365612623532569, 48.853697596268333 ], [ 2.365543752142717, 48.85360381927633 ], [ 2.365500667440813, 48.853564351903188 ], [ 2.365366243432277, 48.853460159462593 ], [ 2.365176749915258, 48.853327383502524 ], [ 2.365076411119842, 48.853251599374182 ], [ 2.365030060994876, 48.853220046216258 ], [ 2.364981255526068, 48.853183997275295 ], [ 2.364858972444558, 48.853098955785129 ], [ 2.364636225735583, 48.852955755415771 ], [ 2.364390166607905, 48.852791697046278 ], [ 2.364284926458491, 48.852719780260543 ], [ 2.364146421997796, 48.852620803132801 ] ] } },
{ "type": "Feature", "properties": { "id": "1144", "geo_fid": 1144, "geo_creati": 1530173617249, "geo_modifi": 1530173617249, "id_alpage": "TR1144", "type": "Rue", "nom": "Saint Paul", "ref_scan": "ADO75CA_ANO592", "ref_scan2": null, "article": null, "nom2_scan2": null, "nom_entier": "Rue Saint Paul", "code_fiab": "1", "identifi": 1144, "oid": 1228996 }, "geometry": { "type": "LineString", "coordinates": [ [ 2.362360614173381, 48.854265799331976 ], [ 2.362494922011719, 48.854417656766799 ], [ 2.362637954836469, 48.854574458099954 ], [ 2.362695359023474, 48.854637214511541 ] ] } },
{ "type": "Feature", "properties": { "id": "1159", "geo_fid": 1159, "geo_creati": 1530173617250, "geo_modifi": 1530173617250, "id_alpage": "TR1159", "type": "Rue", "nom": "Amelot", "ref_scan": "ADO75CA_ANO583", "ref_scan2": null, "article": null, "nom2_scan2": null, "nom_entier": "Rue Amelot", "code_fiab": "1", "identifi": 1159, "oid": 1229011 }, "geometry": { "type": "LineString", "coordinates": [ [ 2.369431585782684, 48.855023908733443 ], [ 2.369419211785234, 48.855065908239432 ], [ 2.369390931284468, 48.855166544780147 ], [ 2.369382507107859, 48.855205215861915 ], [ 2.369372174685173, 48.855243347916932 ], [ 2.369344030265988, 48.855343984408073 ], [ 2.369341849706449, 48.855343805167017 ], [ 2.369300651897552, 48.855490038424335 ], [ 2.369274545920478, 48.855582221166401 ], [ 2.369273051495943, 48.855589415764307 ], [ 2.369231989559979, 48.85573564895931 ], [ 2.369202485026867, 48.855841321722572 ], [ 2.369184130014079, 48.855907693158144 ] ] } },
{ "type": "Feature", "properties": { "id": "3549", "geo_fid": 3549, "geo_creati": 1530173617550, "geo_modifi": 1530173617550, "id_alpage": "TR3556", "type": "Boulevard", "nom": "Bourdon", "ref_scan": "ADO75CA_ANO587", "ref_scan2": null, "article": null, "nom2_scan2": null, "nom_entier": "Boulevard Bourdon", "code_fiab": "1", "identifi": 3556, "oid": 1231401 }, "geometry": { "type": "LineString", "coordinates": [ [ 2.368095714522517, 48.851594093652366 ], [ 2.365950953537269, 48.84703057741914 ] ] } },
{ "type": "Feature", "properties": { "id": "3601", "geo_fid": 3601, "geo_creati": 1530173617561, "geo_modifi": 1530173617561, "id_alpage": "TR3608", "type": null, "nom": null, "ref_scan": "ADO75CA_ANO582", "ref_scan2": null, "article": null, "nom2_scan2": null, "nom_entier": null, "code_fiab": "2", "identifi": 3608, "oid": 1231453 }, "geometry": { "type": "LineString", "coordinates": [ [ 2.369570773629226, 48.85363323472928 ], [ 2.369672836135393, 48.853624033191331 ], [ 2.370344894290378, 48.853563409116163 ] ] } },
{ "type": "Feature", "properties": { "id": "3607", "geo_fid": 3607, "geo_creati": 1530173617561, "geo_modifi": 1530173617561, "id_alpage": "TR3614", "type": "Impasse", "nom": "Bonne Graine", "ref_scan": "ADO75CA_ANO580", "ref_scan2": null, "article": "de la", "nom2_scan2": null, "nom_entier": "Impasse de la Bonne Graine", "code_fiab": "1", "identifi": 3614, "oid": 1231459 }, "geometry": { "type": "LineString", "coordinates": [ [ 2.376743429323665, 48.851137025534229 ], [ 2.376769248713433, 48.851218850370131 ], [ 2.377207239039924, 48.852611850441519 ] ] } },
{ "type": "Feature", "properties": { "id": "3636", "geo_fid": 3636, "geo_creati": 1530173617563, "geo_modifi": 1530173617563, "id_alpage": "TR3643", "type": "Quai", "nom": "Rapée", "ref_scan": "ADO75CA_ANO554", "ref_scan2": null, "article": "de la", "nom2_scan2": null, "nom_entier": "Quai de la Rapée", "code_fiab": "1", "identifi": 3643, "oid": 1231488 }, "geometry": { "type": "LineString", "coordinates": [ [ 2.367422520959249, 48.845707368346716 ], [ 2.368122267585774, 48.845204128280209 ] ] } },
{ "type": "Feature", "properties": { "id": "3654", "geo_fid": 3654, "geo_creati": 1530173617564, "geo_modifi": 1530173617564, "id_alpage": "TR3661", "type": "Quai", "nom": "Rapée", "ref_scan": "ADO75CA_ANO562", "ref_scan2": null, "article": "de la", "nom2_scan2": null, "nom_entier": "Quai de la Rapée", "code_fiab": "1", "identifi": 3661, "oid": 1231506 }, "geometry": { "type": "LineString", "coordinates": [ [ 2.374170862693589, 48.840321441755528 ], [ 2.374415373454906, 48.840093936455041 ], [ 2.375900633014255, 48.838711981187515 ] ] } },
{ "type": "Feature", "properties": { "id": "3659", "geo_fid": 3659, "geo_creati": 1530173617564, "geo_modifi": 1530173617564, "id_alpage": "TR3666", "type": "Chemin", "nom": "Ronde", "ref_scan": "ADO75CA_ANO562", "ref_scan2": null, "article": "de", "nom2_scan2": null, "nom_entier": "Chemin de Ronde", "code_fiab": "1", "identifi": 3666, "oid": 1231511 }, "geometry": { "type": "LineString", "coordinates": [ [ 2.375900633014255, 48.838711981187515 ], [ 2.378958860910156, 48.840440473852354 ] ] } },
{ "type": "Feature", "properties": { "id": "3662", "geo_fid": 3662, "geo_creati": 1530173617564, "geo_modifi": 1530173617564, "id_alpage": "TR3669", "type": "Rue", "nom": "Bercy", "ref_scan": "ADO75CA_ANO562", "ref_scan2": null, "article": "de", "nom2_scan2": null, "nom_entier": "Rue de Bercy", "code_fiab": "1", "identifi": 3669, "oid": 1231514 }, "geometry": { "type": "LineString", "coordinates": [ [ 2.379212380515073, 48.84025863799463 ], [ 2.378958860910156, 48.840440473852354 ] ] } },
{ "type": "Feature", "properties": { "id": "1093", "geo_fid": 1093, "geo_creati": 1530173617246, "geo_modifi": 1530173617246, "id_alpage": "TR1093", "type": "Rue", "nom": "Moreau", "ref_scan": "ADO75CA_ANO550", "ref_scan2": null, "article": null, "nom2_scan2": null, "nom_entier": "Rue Moreau", "code_fiab": "1", "identifi": 1093, "oid": 1228945 }, "geometry": { "type": "LineString", "coordinates": [ [ 2.373186074937585, 48.850587397229091 ], [ 2.373029210232021, 48.850364786728647 ], [ 2.372919542308555, 48.850209336902346 ], [ 2.372745919572424, 48.849986641326375 ], [ 2.372591659359495, 48.849780396172761 ], [ 2.372466441928433, 48.849599141617745 ], [ 2.372217919673376, 48.849239778965241 ], [ 2.372033777673213, 48.848968884547418 ], [ 2.37189056480489, 48.848768660207689 ], [ 2.371858783726643, 48.848721907700018 ], [ 2.371827002708154, 48.848675155183592 ], [ 2.371806679413926, 48.848645485359633 ] ] } },
{ "type": "Feature", "properties": { "id": "1157", "geo_fid": 1157, "geo_creati": 1530173617250, "geo_modifi": 1530173617250, "id_alpage": "TR1157", "type": "Rue", "nom": "Basfroid", "ref_scan": "ADO75CA_ANO502", "ref_scan2": null, "article": "de", "nom2_scan2": null, "nom_entier": "Rue de Basfroid", "code_fiab": "1", "identifi": 1157, "oid": 1229009 }, "geometry": { "type": "LineString", "coordinates": [ [ 2.377859142522639, 48.856764010303252 ], [ 2.37798100765644, 48.856633572375117 ], [ 2.378116999430021, 48.856447284444393 ], [ 2.378194732429996, 48.856346178364511 ], [ 2.378347337909564, 48.856146754820919 ], [ 2.378559315105377, 48.855893353253911 ], [ 2.378603139455614, 48.855824183335749 ], [ 2.378860012394335, 48.855483085877168 ], [ 2.379118816361474, 48.855173641520096 ], [ 2.379264892796924, 48.854997330447141 ], [ 2.379521756924245, 48.854656231505572 ], [ 2.379598675351621, 48.854565376478007 ], [ 2.379670692499878, 48.854480278563877 ], [ 2.379791024469641, 48.854322051760768 ], [ 2.380101555759641, 48.853960428087035 ], [ 2.38023946398943, 48.853801744573957 ], [ 2.380265225669978, 48.853808659262477 ], [ 2.380367863907146, 48.8536795749446 ], [ 2.380419318825411, 48.853614717954422 ] ] } },
{ "type": "Feature", "properties": { "id": "3408", "geo_fid": 3408, "geo_creati": 1530173617544, "geo_modifi": 1530173617544, "id_alpage": "TR3413", "type": null, "nom": null, "ref_scan": "ADO75CA_ANO587", "ref_scan2": null, "article": null, "nom2_scan2": null, "nom_entier": null, "code_fiab": "2", "identifi": 3413, "oid": 1231260 }, "geometry": { "type": "LineString", "coordinates": [ [ 2.367115974949202, 48.853446405541739 ], [ 2.367594379009577, 48.853366513839291 ] ] } },
{ "type": "Feature", "properties": { "id": "3568", "geo_fid": 3568, "geo_creati": 1530173617550, "geo_modifi": 1530173617550, "id_alpage": "TR3575", "type": "Rue", "nom": "Aval", "ref_scan": "ADO75CA_ANO500", "ref_scan2": null, "article": "d'", "nom2_scan2": null, "nom_entier": "Rue d'Aval", "code_fiab": "1", "identifi": 3575, "oid": 1231420 }, "geometry": { "type": "LineString", "coordinates": [ [ 2.368484551262753, 48.8558167006221 ], [ 2.369184130014079, 48.855907693158144 ] ] } },
{ "type": "Feature", "properties": { "id": "3582", "geo_fid": 3582, "geo_creati": 1530173617551, "geo_modifi": 1530173617551, "id_alpage": "TR3589", "type": null, "nom": null, "ref_scan": "ADO75CA_ANO517", "ref_scan2": null, "article": null, "nom2_scan2": null, "nom_entier": null, "code_fiab": "2", "identifi": 3589, "oid": 1231434 }, "geometry": { "type": "LineString", "coordinates": [ [ 2.365739013895837, 48.856187200064312 ], [ 2.365639947159282, 48.856202692245475 ], [ 2.364944706479685, 48.856310865755709 ], [ 2.364863490282556, 48.856323295402198 ] ] } },
{ "type": "Feature", "properties": { "id": "3584", "geo_fid": 3584, "geo_creati": 1530173617551, "geo_modifi": 1530173617551, "id_alpage": "TR3591", "type": "Rue", "nom": "Pas de la Mûle", "ref_scan": "ADO75CA_ANO523", "ref_scan2": null, "article": "du", "nom2_scan2": null, "nom_entier": "Rue du Pas de la Mûle", "code_fiab": "1", "identifi": 3591, "oid": 1231436 }, "geometry": { "type": "LineString", "coordinates": [ [ 2.367289318843774, 48.855934016927385 ], [ 2.36703791098503, 48.855979945737403 ], [ 2.366753661312604, 48.856029299726963 ], [ 2.366750118363703, 48.856029840206617 ], [ 2.366644647698295, 48.856046324114892 ] ] } },
{ "type": "Feature", "properties": { "id": "3604", "geo_fid": 3604, "geo_creati": 1530173617561, "geo_modifi": 1530173617561, "id_alpage": "TR3611", "type": null, "nom": null, "ref_scan": "ADO75CA_ANO582", "ref_scan2": null, "article": null, "nom2_scan2": null, "nom_entier": null, "code_fiab": "2", "identifi": 3611, "oid": 1231456 }, "geometry": { "type": "LineString", "coordinates": [ [ 2.370344894290378, 48.853563409116163 ], [ 2.370436872923226, 48.853555109092248 ], [ 2.370559919790518, 48.853543922256115 ] ] } },
{ "type": "Feature", "properties": { "id": "3629", "geo_fid": 3629, "geo_creati": 1530173617563, "geo_modifi": 1530173617563, "id_alpage": "TR3636", "type": "Rue", "nom": "Faubourg Saint Antoine", "ref_scan": "ADO75CA_ANO581", "ref_scan2": null, "article": "du", "nom2_scan2": null, "nom_entier": "Rue du Faubourg Saint Antoine", "code_fiab": "1", "identifi": 3636, "oid": 1231481 }, "geometry": { "type": "LineString", "coordinates": [ [ 2.373683718016816, 48.85189424167482 ], [ 2.373739712578781, 48.851878306660744 ] ] } },
{ "type": "Feature", "properties": { "id": "3631", "geo_fid": 3631, "geo_creati": 1530173617563, "geo_modifi": 1530173617563, "id_alpage": "TR3638", "type": "Rue", "nom": "Contrescarpe", "ref_scan": "ADO75CA_ANO552", "ref_scan2": null, "article": "de la", "nom2_scan2": null, "nom_entier": "Rue de la Contrescarpe", "code_fiab": "1", "identifi": 3638, "oid": 1231483 }, "geometry": { "type": "LineString", "coordinates": [ [ 2.368055097106557, 48.850259854449988 ], [ 2.367212946509339, 48.848385545921417 ] ] } },
{ "type": "Feature", "properties": { "id": "3635", "geo_fid": 3635, "geo_creati": 1530173617563, "geo_modifi": 1530173617563, "id_alpage": "TR3642", "type": null, "nom": null, "ref_scan": null, "ref_scan2": null, "article": null, "nom2_scan2": null, "nom_entier": null, "code_fiab": "5", "identifi": 3642, "oid": 1231487 }, "geometry": { "type": "LineString", "coordinates": [ [ 2.366354760405927, 48.846475264484681 ], [ 2.366498174522837, 48.846372081286859 ], [ 2.367422520959249, 48.845707368346716 ] ] } },
{ "type": "Feature", "properties": { "id": "3645", "geo_fid": 3645, "geo_creati": 1530173617563, "geo_modifi": 1530173617563, "id_alpage": "TR3652", "type": "Rue", "nom": "Charenton", "ref_scan": "ADO75CA_ANO541", "ref_scan2": null, "article": "de", "nom2_scan2": null, "nom_entier": "Rue de Charenton", "code_fiab": "1", "identifi": 3652, "oid": 1231497 }, "geometry": { "type": "LineString", "coordinates": [ [ 2.379265113731809, 48.84623329261494 ], [ 2.379351307776024, 48.846169592369492 ], [ 2.379441587567741, 48.846104002076501 ] ] } },
{ "type": "Feature", "properties": { "id": "3660", "geo_fid": 3660, "geo_creati": 1530173617564, "geo_modifi": 1530173617564, "id_alpage": "TR3667", "type": "Quai", "nom": "Rapée", "ref_scan": "ADO75CA_ANO562", "ref_scan2": null, "article": "de la", "nom2_scan2": null, "nom_entier": "Quai de la Rapée", "code_fiab": "1", "identifi": 3667, "oid": 1231512 }, "geometry": { "type": "LineString", "coordinates": [ [ 2.375900633014255, 48.838711981187515 ], [ 2.376112728477619, 48.838514698773388 ] ] } },
{ "type": "Feature", "properties": { "id": "3664", "geo_fid": 3664, "geo_creati": 1530173617564, "geo_modifi": 1530173617564, "id_alpage": "TR3671", "type": null, "nom": null, "ref_scan": "ADO75CA_ANO557", "ref_scan2": null, "article": null, "nom2_scan2": null, "nom_entier": null, "code_fiab": "3", "identifi": 3671, "oid": 1231516 }, "geometry": { "type": "LineString", "coordinates": [ [ 2.378697104673522, 48.846431160406027 ], [ 2.378830829172609, 48.846340015474894 ] ] } },
{ "type": "Feature", "properties": { "id": "3665", "geo_fid": 3665, "geo_creati": 1530173617564, "geo_modifi": 1530173617564, "id_alpage": "TR3672", "type": null, "nom": null, "ref_scan": "ADO75CA_ANO540", "ref_scan2": null, "article": null, "nom2_scan2": null, "nom_entier": null, "code_fiab": "3", "identifi": 3672, "oid": 1231517 }, "geometry": { "type": "LineString", "coordinates": [ [ 2.380654934856188, 48.847842379655134 ], [ 2.380852450042758, 48.848553089116756 ], [ 2.381069411798889, 48.849213431537116 ], [ 2.381232302044007, 48.849895287019862 ] ] } },
{ "type": "Feature", "properties": { "id": "3667", "geo_fid": 3667, "geo_creati": 1530173617564, "geo_modifi": 1530173617564, "id_alpage": "TR3674", "type": null, "nom": null, "ref_scan": "ADO75CA_ANO540", "ref_scan2": null, "article": null, "nom2_scan2": null, "nom_entier": null, "code_fiab": "3", "identifi": 3674, "oid": 1231519 }, "geometry": { "type": "LineString", "coordinates": [ [ 2.380591898783599, 48.847432155631793 ], [ 2.380597390271241, 48.847635658848453 ], [ 2.380654934856188, 48.847842379655134 ] ] } },
{ "type": "Feature", "properties": { "id": "978", "geo_fid": 978, "geo_creati": 1530173617225, "geo_modifi": 1530173617225, "id_alpage": "TR978", "type": null, "nom": null, "ref_scan": "ADO75CA_ANO562", "ref_scan2": null, "article": null, "nom2_scan2": null, "nom_entier": null, "code_fiab": "3", "identifi": 978, "oid": 1228830 }, "geometry": { "type": "LineString", "coordinates": [ [ 2.377041185924709, 48.841796451818311 ], [ 2.376976987282798, 48.841759783893401 ], [ 2.37688852568327, 48.841707746813512 ], [ 2.376785482204166, 48.841650229160301 ], [ 2.376697021071243, 48.841598281859341 ], [ 2.376587986048031, 48.841544003479342 ], [ 2.376478951333785, 48.841489814922475 ], [ 2.376288821805542, 48.841394287528722 ], [ 2.376098420037189, 48.841298130421102 ], [ 2.375946999520364, 48.84122273296353 ], [ 2.375756598999966, 48.841126485358942 ], [ 2.375574650301922, 48.841035810084691 ], [ 2.375405101328959, 48.840946928917937 ], [ 2.375348130713328, 48.840916912273677 ], [ 2.375296475517314, 48.840889591644377 ], [ 2.375244820446796, 48.840862360918884 ], [ 2.37511466119993, 48.840794239378596 ], [ 2.375011351444285, 48.8407396878127 ], [ 2.374758257949073, 48.840607128692128 ], [ 2.374551367749493, 48.840498024911383 ], [ 2.374553000568897, 48.840495326561282 ], [ 2.374418070905741, 48.840421810155803 ], [ 2.374323627127378, 48.840379395251496 ], [ 2.374170862693589, 48.840321441755528 ] ] } },
{ "type": "Feature", "properties": { "id": "1047", "geo_fid": 1047, "geo_creati": 1530173617243, "geo_modifi": 1530173617243, "id_alpage": "TR1047", "type": "Rue", "nom": "Moreau", "ref_scan": "ADO75CA_ANO552", "ref_scan2": null, "article": null, "nom2_scan2": null, "nom_entier": "Rue Moreau", "code_fiab": "1", "identifi": 1047, "oid": 1228899 }, "geometry": { "type": "LineString", "coordinates": [ [ 2.371806679413926, 48.848645485359633 ], [ 2.371749528865359, 48.848562140125999 ], [ 2.371679830103006, 48.848460633353781 ], [ 2.371613546423126, 48.848371175757904 ], [ 2.371572630826895, 48.848316152618374 ], [ 2.371499657119514, 48.848206733127064 ], [ 2.371190755976075, 48.848001611542777 ], [ 2.370950562271879, 48.847842691436171 ], [ 2.370911984256709, 48.847817253424402 ], [ 2.370876950423964, 48.847793972608173 ], [ 2.370838372423458, 48.847768444644387 ], [ 2.37056478287126, 48.847586781970463 ], [ 2.370554975842594, 48.847591910685459 ], [ 2.370216783994729, 48.847381669167916 ], [ 2.370008222543964, 48.847245309667429 ], [ 2.369839196754004, 48.847140233168908 ], [ 2.369630637292542, 48.847003783052187 ], [ 2.369461613121321, 48.846898705995201 ], [ 2.369400537733398, 48.846847194932643 ] ] } },
{ "type": "Feature", "properties": { "id": "1061", "geo_fid": 1061, "geo_creati": 1530173617244, "geo_modifi": 1530173617244, "id_alpage": "TR1061", "type": "Impasse", "nom": "Reuilly", "ref_scan": "ADO75CA_ANO540", "ref_scan2": null, "article": "de", "nom2_scan2": null, "nom_entier": "Impasse de Reuilly", "code_fiab": "1", "identifi": 1061, "oid": 1228913 }, "geometry": { "type": "LineString", "coordinates": [ [ 2.385857740767698, 48.846131035054185 ], [ 2.385833106500344, 48.846159102839607 ], [ 2.385752396685636, 48.846249244254494 ], [ 2.385662571115674, 48.846353238272947 ], [ 2.38558199701753, 48.846443469437133 ], [ 2.385507828552142, 48.846535766161587 ] ] } },
{ "type": "Feature", "properties": { "id": "1162", "geo_fid": 1162, "geo_creati": 1530173617251, "geo_modifi": 1530173617251, "id_alpage": "TR1162", "type": null, "nom": null, "ref_scan": "ADO75CA_ANO578", "ref_scan2": null, "article": null, "nom2_scan2": null, "nom_entier": null, "code_fiab": "3", "identifi": 1162, "oid": 1229014 }, "geometry": { "type": "LineString", "coordinates": [ [ 2.388182152331574, 48.853389307025125 ], [ 2.388099688706567, 48.853370908715689 ], [ 2.388094100162877, 48.853369562297175 ], [ 2.388089465893406, 48.853368575162179 ], [ 2.388078291474711, 48.853368490212539 ], [ 2.388080876692806, 48.853364622189815 ], [ 2.387917857470964, 48.853327824517962 ], [ 2.387769425086388, 48.853296415791291 ], [ 2.387621129070175, 48.853264916884271 ], [ 2.387419399674763, 48.853218603293918 ], [ 2.387417631862502, 48.853222291087825 ], [ 2.387251344613666, 48.853187022664628 ], [ 2.38716670095957, 48.853168264927916 ], [ 2.387081921187832, 48.853149597115191 ], [ 2.386915634420227, 48.853114328203141 ], [ 2.386746211494769, 48.853076902155649 ], [ 2.386533037953618, 48.853031671090193 ], [ 2.386391287287826, 48.853002955504166 ], [ 2.385923781504342, 48.852905854598461 ] ] } },
{ "type": "Feature", "properties": { "id": "1185", "geo_fid": 1185, "geo_creati": 1530173617252, "geo_modifi": 1530173617252, "id_alpage": "TR1185", "type": "Rue", "nom": "Charonne", "ref_scan": "ADO75CA_ANO491", "ref_scan2": null, "article": "de", "nom2_scan2": null, "nom_entier": "Rue de Charonne", "code_fiab": "1", "identifi": 1185, "oid": 1229037 }, "geometry": { "type": "LineString", "coordinates": [ [ 2.375002072281695, 48.853095240822974 ], [ 2.375100766856333, 48.853139812029966 ], [ 2.375183378035793, 48.853179802211351 ], [ 2.375210778830427, 48.853193102328142 ], [ 2.375308086476879, 48.853205569796636 ], [ 2.375465917837255, 48.853242656987319 ], [ 2.375526292613029, 48.853250820127265 ], [ 2.375580123716962, 48.853255568199032 ], [ 2.37564158307504, 48.853256446808082 ] ] } },
{ "type": "Feature", "properties": { "id": "3401", "geo_fid": 3401, "geo_creati": 1530173617543, "geo_modifi": 1530173617543, "id_alpage": "TR3406", "type": "Rue", "nom": "Saint Paul", "ref_scan": "ADO75CA_ANO592", "ref_scan2": null, "article": null, "nom2_scan2": null, "nom_entier": "Rue Saint Paul", "code_fiab": "1", "identifi": 3406, "oid": 1231253 }, "geometry": { "type": "LineString", "coordinates": [ [ 2.362090075402529, 48.853926653082972 ], [ 2.362046985215458, 48.853871267289591 ] ] } },
{ "type": "Feature", "properties": { "id": "3407", "geo_fid": 3407, "geo_creati": 1530173617544, "geo_modifi": 1530173617544, "id_alpage": "TR3412", "type": "Rue", "nom": "Saint Antoine", "ref_scan": "ADO75CA_ANO588", "ref_scan2": null, "article": null, "nom2_scan2": null, "nom_entier": "Rue Saint Antoine", "code_fiab": "1", "identifi": 3412, "oid": 1231259 }, "geometry": { "type": "LineString", "coordinates": [ [ 2.366761020264248, 48.853505759962374 ], [ 2.367115974949202, 48.853446405541739 ] ] } },
{ "type": "Feature", "properties": { "id": "3567", "geo_fid": 3567, "geo_creati": 1530173617550, "geo_modifi": 1530173617550, "id_alpage": "TR3574", "type": "Boulevard", "nom": "Beaumarchais", "ref_scan": "ADO75CA_ANO500", "ref_scan2": null, "article": null, "nom2_scan2": null, "nom_entier": "Boulevard Beaumarchais", "code_fiab": "1", "identifi": 3574, "oid": 1231419 }, "geometry": { "type": "LineString", "coordinates": [ [ 2.368380335333961, 48.85696393079737 ], [ 2.368382370210658, 48.856949002321556 ], [ 2.368477108150106, 48.855899795420576 ], [ 2.368484551262753, 48.8558167006221 ] ] } },
{ "type": "Feature", "properties": { "id": "3630", "geo_fid": 3630, "geo_creati": 1530173617563, "geo_modifi": 1530173617563, "id_alpage": "TR3637", "type": null, "nom": null, "ref_scan": null, "ref_scan2": null, "article": null, "nom2_scan2": null, "nom_entier": null, "code_fiab": "5", "identifi": 3637, "oid": 1231482 }, "geometry": { "type": "LineString", "coordinates": [ [ 2.368678427914755, 48.851647441296393 ], [ 2.368055097106557, 48.850259854449988 ] ] } },
{ "type": "Feature", "properties": { "id": "4323", "geo_fid": 4323, "geo_creati": 1530173617628, "geo_modifi": 1530173617628, "id_alpage": "TR4333", "type": "Pont", "nom": "Grammont", "ref_scan": "ADO75CA_ANO586", "ref_scan2": null, "article": "de", "nom2_scan2": null, "nom_entier": null, "code_fiab": "7", "identifi": 4333, "oid": 1232175 }, "geometry": { "type": "LineString", "coordinates": [ [ 2.361981878416986, 48.851198914189098 ], [ 2.361891867893665, 48.851048305581728 ], [ 2.361552309971183, 48.850804226047337 ], [ 2.361509507653837, 48.850773480051807 ] ] } },
{ "type": "Feature", "properties": { "id": "981", "geo_fid": 981, "geo_creati": 1530173617225, "geo_modifi": 1530173617225, "id_alpage": "TR981", "type": "Rue", "nom": "Villiot", "ref_scan": "ADO75CA_ANO561", "ref_scan2": null, "article": null, "nom2_scan2": null, "nom_entier": "Rue Villiot", "code_fiab": "1", "identifi": 981, "oid": 1228833 }, "geometry": { "type": "LineString", "coordinates": [ [ 2.373645347560279, 48.840810364992542 ], [ 2.373754105287591, 48.840864646269388 ], [ 2.373990838238869, 48.840982914462245 ], [ 2.374315210607533, 48.841150523755793 ], [ 2.374551809947175, 48.8412687009032 ], [ 2.37487632230982, 48.841436308558954 ], [ 2.375107064929656, 48.841553047653697 ], [ 2.375431444778443, 48.841720653777699 ], [ 2.375662190020486, 48.841837391751206 ], [ 2.376034821771002, 48.842029080396259 ], [ 2.376359207851109, 48.842196683885909 ], [ 2.37640459482136, 48.842220139317646 ] ] } },
{ "type": "Feature", "properties": { "id": "1012", "geo_fid": 1012, "geo_creati": 1530173617240, "geo_modifi": 1530173617240, "id_alpage": "TR1012", "type": "Rue", "nom": "Traversière", "ref_scan": "ADO75CA_ANO554", "ref_scan2": null, "article": null, "nom2_scan2": null, "nom_entier": "Rue Traversière", "code_fiab": "1", "identifi": 1012, "oid": 1228864 }, "geometry": { "type": "LineString", "coordinates": [ [ 2.370801252924234, 48.845867034549769 ], [ 2.370750952508383, 48.845832157575273 ], [ 2.370680069951211, 48.84578505651173 ], [ 2.370529712135233, 48.845677007969549 ], [ 2.37054033527188, 48.845670350256029 ], [ 2.370256670601709, 48.845480866128767 ] ] } },
{ "type": "Feature", "properties": { "id": "1021", "geo_fid": 1021, "geo_creati": 1530173617240, "geo_modifi": 1530173617240, "id_alpage": "TR1021", "type": "Rue", "nom": "Charenton", "ref_scan": "ADO75CA_ANO541", "ref_scan2": null, "article": "de", "nom2_scan2": null, "nom_entier": "Rue de Charenton", "code_fiab": "1", "identifi": 1021, "oid": 1228873 }, "geometry": { "type": "LineString", "coordinates": [ [ 2.378842025672907, 48.846531196659825 ], [ 2.378886962899544, 48.846499615814984 ], [ 2.378936802626013, 48.846464975635861 ], [ 2.378986642283044, 48.846430335435016 ], [ 2.379118729394686, 48.846337032512174 ], [ 2.379218408129426, 48.84626775193005 ], [ 2.379265113731809, 48.84623329261494 ] ] } },
{ "type": "Feature", "properties": { "id": "1105", "geo_fid": 1105, "geo_creati": 1530173617247, "geo_modifi": 1530173617247, "id_alpage": "TR1105", "type": null, "nom": null, "ref_scan": "ADO75CA_ANO578", "ref_scan2": null, "article": null, "nom2_scan2": null, "nom_entier": null, "code_fiab": "3", "identifi": 1105, "oid": 1228957 }, "geometry": { "type": "LineString", "coordinates": [ [ 2.381551881929944, 48.851167004175522 ], [ 2.381606389072516, 48.85116770241752 ], [ 2.381646588099172, 48.851168226347028 ], [ 2.381702321640712, 48.851168924066009 ], [ 2.381742520669371, 48.851169447961681 ], [ 2.381830413373549, 48.851170492782778 ], [ 2.381910811436948, 48.851171540469899 ], [ 2.381998704229335, 48.851172675088613 ], [ 2.382155139690449, 48.851174592030972 ], [ 2.382246439232094, 48.851175815045458 ], [ 2.382337874962912, 48.851176948005907 ], [ 2.382473597811913, 48.851178692840037 ], [ 2.382587245203809, 48.851180086577187 ], [ 2.382722968070127, 48.851181831114815 ], [ 2.382836751742479, 48.851183224549295 ], [ 2.383131090507341, 48.851186973449003 ], [ 2.383381550979076, 48.851190109847074 ], [ 2.383675889825767, 48.851193857342352 ], [ 2.383963006432147, 48.851197427181241 ] ] } },
{ "type": "Feature", "properties": { "id": "1114", "geo_fid": 1114, "geo_creati": 1530173617247, "geo_modifi": 1530173617247, "id_alpage": "TR1114", "type": "Rue", "nom": "Cerisaie", "ref_scan": "ADO75CA_ANO588", "ref_scan2": null, "article": "de la", "nom2_scan2": null, "nom_entier": "Rue de la Cerisaie", "code_fiab": "1", "identifi": 1114, "oid": 1228966 }, "geometry": { "type": "LineString", "coordinates": [ [ 2.366446056078532, 48.851818086878083 ], [ 2.3662990458865, 48.851857512534181 ], [ 2.366240460235352, 48.851874074047643 ], [ 2.366064702995604, 48.851923668480516 ], [ 2.365893303922362, 48.851969664459681 ], [ 2.365808012943171, 48.851992437432386 ] ] } },
{ "type": "Feature", "properties": { "id": "1116", "geo_fid": 1116, "geo_creati": 1530173617247, "geo_modifi": 1530173617247, "id_alpage": "TR1116", "type": "Rue", "nom": "Castex", "ref_scan": "ADO75CA_ANO589", "ref_scan2": null, "article": null, "nom2_scan2": null, "nom_entier": "Rue Castex", "code_fiab": "1", "identifi": 1116, "oid": 1228968 }, "geometry": { "type": "LineString", "coordinates": [ [ 2.366518887513483, 48.853546199669836 ], [ 2.366415320833362, 48.853315203155127 ], [ 2.366342729144766, 48.853153172833217 ], [ 2.366300434271985, 48.853066583695266 ], [ 2.366227979591729, 48.852904553266562 ], [ 2.36614830246737, 48.852741535423014 ], [ 2.366081444078463, 48.852593711986081 ], [ 2.366024546542185, 48.852467918167882 ], [ 2.365972290255518, 48.852355612236572 ], [ 2.365905975858358, 48.852204101545261 ], [ 2.365858497396613, 48.852105463299999 ], [ 2.365808012943171, 48.851992437432386 ] ] } },
{ "type": "Feature", "properties": { "id": "1120", "geo_fid": 1120, "geo_creati": 1530173617248, "geo_modifi": 1530173617248, "id_alpage": "TR1120", "type": "Rue", "nom": "Charonne", "ref_scan": "ADO75CA_ANO491", "ref_scan2": null, "article": "de", "nom2_scan2": null, "nom_entier": "Rue de Charonne", "code_fiab": "1", "identifi": 1120, "oid": 1228972 }, "geometry": { "type": "LineString", "coordinates": [ [ 2.3777810458414, 48.853246714156043 ], [ 2.378011347878195, 48.853249599715205 ], [ 2.378198052248869, 48.853263831295266 ], [ 2.378439956295028, 48.853289373488153 ], [ 2.378709936477293, 48.853319491259413 ], [ 2.37880192965549, 48.85333078862773 ], [ 2.378881386359145, 48.853342719987197 ], [ 2.379076966359563, 48.853377540227747 ], [ 2.379455577050772, 48.853431806789999 ] ] } },
{ "type": "Feature", "properties": { "id": "1124", "geo_fid": 1124, "geo_creati": 1530173617248, "geo_modifi": 1530173617248, "id_alpage": "TR1124", "type": "Rue", "nom": "Charonne", "ref_scan": "ADO75CA_ANO502", "ref_scan2": null, "article": "de", "nom2_scan2": null, "nom_entier": "Rue de Charonne", "code_fiab": "1", "identifi": 1124, "oid": 1228976 }, "geometry": { "type": "LineString", "coordinates": [ [ 2.380419318825411, 48.853614717954422 ], [ 2.381619935374453, 48.853824867007965 ], [ 2.381924970521583, 48.853885898512473 ], [ 2.382445767946876, 48.853990818368537 ], [ 2.382447269496338, 48.853993605518113 ], [ 2.383276271513704, 48.854191473788383 ], [ 2.383751433527758, 48.854307736921506 ], [ 2.383824768280044, 48.8543278507154 ], [ 2.384131735056249, 48.854407940113497 ], [ 2.384838756055998, 48.854576710669413 ], [ 2.385145589812701, 48.854656887326357 ], [ 2.385289253640628, 48.854686952564798 ], [ 2.385495759550956, 48.854736235501299 ], [ 2.385794004940596, 48.854811288194881 ], [ 2.386000511867615, 48.85486057021869 ], [ 2.386195162616751, 48.854909317391403 ] ] } },
{ "type": "Feature", "properties": { "id": "1134", "geo_fid": 1134, "geo_creati": 1530173617249, "geo_modifi": 1530173617249, "id_alpage": "TR1134", "type": "Rue", "nom": "Beautreillis", "ref_scan": "ADO75CA_ANO591", "ref_scan2": null, "article": null, "nom2_scan2": null, "nom_entier": "Rue Beautreillis", "code_fiab": "1", "identifi": 1134, "oid": 1228986 }, "geometry": { "type": "LineString", "coordinates": [ [ 2.363304149259515, 48.852647077534556 ], [ 2.363331963185199, 48.852675218398119 ], [ 2.363485339580883, 48.852811872600007 ], [ 2.363643491088185, 48.852957518213813 ], [ 2.363720111908433, 48.853025845147457 ], [ 2.363890262679351, 48.853182638610825 ], [ 2.363966884185588, 48.853250965379154 ], [ 2.36400028709224, 48.853281173097358 ], [ 2.364047460269423, 48.853323877455608 ], [ 2.36424147267293, 48.853502517104076 ], [ 2.364351226041856, 48.853601231172085 ], [ 2.364396627438894, 48.85364240704461 ], [ 2.364450209338841, 48.853690954981175 ], [ 2.364570725579649, 48.853783191511511 ], [ 2.364624171577273, 48.853831829326403 ], [ 2.364751502671179, 48.853924963302937 ] ] } },
{ "type": "Feature", "properties": { "id": "1249", "geo_fid": 1249, "geo_creati": 1530173617267, "geo_modifi": 1530173617267, "id_alpage": "TR1249", "type": "Rue", "nom": "Egout", "ref_scan": "ADO75CA_ANO514", "ref_scan2": null, "article": "de l'", "nom2_scan2": null, "nom_entier": "Rue de l'Egout", "code_fiab": "1", "identifi": 1249, "oid": 1229101 }, "geometry": { "type": "LineString", "coordinates": [ [ 2.364266109803632, 48.856457250164247 ], [ 2.364182929920707, 48.856367612386244 ], [ 2.364106554966818, 48.856260616990767 ], [ 2.364060859005408, 48.856182660832737 ], [ 2.363984484598302, 48.856075665355959 ], [ 2.363936879683988, 48.855995101706505 ], [ 2.363909053326188, 48.85594789641825 ], [ 2.36377008583322, 48.855762858576377 ], [ 2.363673810236898, 48.855644986323703 ], [ 2.363620353432334, 48.85557791298276 ], [ 2.363570848410049, 48.85551002936004 ] ] } },
{ "type": "Feature", "properties": { "id": "1255", "geo_fid": 1255, "geo_creati": 1530173617268, "geo_modifi": 1530173617268, "id_alpage": "TR1255", "type": "Rue", "nom": "Jarente", "ref_scan": "ADO75CA_ANO514", "ref_scan2": null, "article": null, "nom2_scan2": null, "nom_entier": "Rue Jarente", "code_fiab": "1", "identifi": 1255, "oid": 1229107 }, "geometry": { "type": "LineString", "coordinates": [ [ 2.363570848410049, 48.85551002936004 ], [ 2.363527791455001, 48.855523168662664 ], [ 2.363452578220651, 48.855546567044286 ], [ 2.363377364395161, 48.855568976177089 ], [ 2.36332994539138, 48.855580138005145 ] ] } },
{ "type": "Feature", "properties": { "id": "3637", "geo_fid": 3637, "geo_creati": 1530173617563, "geo_modifi": 1530173617563, "id_alpage": "TR3644", "type": "Rue", "nom": "Trouvée", "ref_scan": "ADO75CA_ANO544", "ref_scan2": null, "article": null, "nom2_scan2": null, "nom_entier": "Rue Trouvée", "code_fiab": "1", "identifi": 3644, "oid": 1231489 }, "geometry": { "type": "LineString", "coordinates": [ [ 2.37662238628011, 48.847992672082654 ], [ 2.376659352942605, 48.848044187616431 ], [ 2.376735056279154, 48.848145239636821 ], [ 2.376815814867876, 48.848263106244566 ], [ 2.376891518927368, 48.848364248088863 ], [ 2.376972414501499, 48.848482114539109 ], [ 2.377123824087936, 48.848684218116738 ], [ 2.377262558886889, 48.848881559797938 ] ] } },
{ "type": "Feature", "properties": { "id": "3648", "geo_fid": 3648, "geo_creati": 1530173617563, "geo_modifi": 1530173617563, "id_alpage": "TR3655", "type": "Rue", "nom": "Charenton", "ref_scan": "ADO75CA_ANO558", "ref_scan2": null, "article": "de", "nom2_scan2": null, "nom_entier": "Rue de Charenton", "code_fiab": "1", "identifi": 3655, "oid": 1231500 }, "geometry": { "type": "LineString", "coordinates": [ [ 2.381957441229535, 48.844991093899701 ], [ 2.382102102227344, 48.844951379218259 ], [ 2.382389154013716, 48.844923388572028 ], [ 2.382991864187228, 48.844862267797083 ], [ 2.383121437376831, 48.844862665410929 ] ] } },
{ "type": "Feature", "properties": { "id": "1107", "geo_fid": 1107, "geo_creati": 1530173617247, "geo_modifi": 1530173617247, "id_alpage": "TR1107", "type": "Rue", "nom": "Faubourg Saint Antoine", "ref_scan": "ADO75CA_ANO581", "ref_scan2": null, "article": "du", "nom2_scan2": null, "nom_entier": "Rue du Faubourg Saint Antoine", "code_fiab": "1", "identifi": 1107, "oid": 1228959 }, "geometry": { "type": "LineString", "coordinates": [ [ 2.372890119291101, 48.85212290749871 ], [ 2.372807692515404, 48.852145145242964 ], [ 2.372245696008674, 48.852305569331826 ], [ 2.372063538629473, 48.852355264890846 ], [ 2.371956182058133, 48.852389380018629 ], [ 2.371883841074204, 48.852415480897925 ], [ 2.371715728016918, 48.852478570794183 ], [ 2.371554707963309, 48.852552359650232 ], [ 2.371441642557023, 48.852608688035389 ], [ 2.371203804862951, 48.852740592380925 ], [ 2.370950982509185, 48.852881943017245 ], [ 2.370851821709445, 48.852947709068786 ], [ 2.370752660586758, 48.853013385107111 ], [ 2.37029687487998, 48.85328132132512 ] ] } },
{ "type": "Feature", "properties": { "id": "1121", "geo_fid": 1121, "geo_creati": 1530173617248, "geo_modifi": 1530173617248, "id_alpage": "TR1121", "type": "Rue", "nom": "Faubourg Saint Antoine", "ref_scan": "ADO75CA_ANO579", "ref_scan2": null, "article": "du", "nom2_scan2": null, "nom_entier": "Rue du Faubourg Saint Antoine", "code_fiab": "1", "identifi": 1121, "oid": 1228973 }, "geometry": { "type": "LineString", "coordinates": [ [ 2.379357336783682, 48.850551563845613 ], [ 2.379440316025949, 48.850544608796206 ], [ 2.379685014823833, 48.850506658689298 ], [ 2.379998250574987, 48.850464455820948 ], [ 2.380079322656985, 48.850458400293796 ] ] } },
{ "type": "Feature", "properties": { "id": "1137", "geo_fid": 1137, "geo_creati": 1530173617249, "geo_modifi": 1530173617249, "id_alpage": "TR1137", "type": "Rue", "nom": "Saint Paul", "ref_scan": "ADO75CA_ANO598", "ref_scan2": null, "article": null, "nom2_scan2": null, "nom_entier": "Rue Saint Paul", "code_fiab": "1", "identifi": 1137, "oid": 1228989 }, "geometry": { "type": "LineString", "coordinates": [ [ 2.360600084709458, 48.852535973596659 ], [ 2.360890859740432, 48.852769274829676 ], [ 2.361115651511103, 48.85293874082322 ] ] } },
{ "type": "Feature", "properties": { "id": "1211", "geo_fid": 1211, "geo_creati": 1530173617265, "geo_modifi": 1530173617265, "id_alpage": "TR1211", "type": "Impasse", "nom": "Jean Beau Sire", "ref_scan": "ADO75CA_ANO520", "ref_scan2": null, "article": null, "nom2_scan2": null, "nom_entier": "Impasse Jean Beau Sire", "code_fiab": "1", "identifi": 1211, "oid": 1229063 }, "geometry": { "type": "LineString", "coordinates": [ [ 2.368083353104399, 48.855169783341807 ], [ 2.368093607271054, 48.855004044687171 ], [ 2.368101267707178, 48.854831202482536 ], [ 2.368109564138061, 48.854804761633467 ] ] } },
{ "type": "Feature", "properties": { "id": "992", "geo_fid": 992, "geo_creati": 1530173617226, "geo_modifi": 1530173617226, "id_alpage": "TR992", "type": "Rue", "nom": "Traversière", "ref_scan": "ADO75CA_ANO554", "ref_scan2": null, "article": null, "nom2_scan2": null, "nom_entier": "Rue Traversière", "code_fiab": "1", "identifi": 992, "oid": 1228844 }, "geometry": { "type": "LineString", "coordinates": [ [ 2.370256670601709, 48.845480866128767 ], [ 2.369926928985004, 48.845251017189881 ], [ 2.369800701230567, 48.845159147672398 ], [ 2.369645581885375, 48.845056315105317 ], [ 2.369519355144851, 48.844964445277178 ], [ 2.369364100797843, 48.844861702293862 ], [ 2.369255051158143, 48.844783406345265 ], [ 2.369180900273753, 48.844734326871297 ], [ 2.368969898115143, 48.844594548935568 ] ] } },
{ "type": "Feature", "properties": { "id": "998", "geo_fid": 998, "geo_creati": 1530173617227, "geo_modifi": 1530173617227, "id_alpage": "TR998", "type": null, "nom": null, "ref_scan": "ADO75CA_ANO563", "ref_scan2": null, "article": null, "nom2_scan2": null, "nom_entier": null, "code_fiab": "3", "identifi": 998, "oid": 1228850 }, "geometry": { "type": "LineString", "coordinates": [ [ 2.377929008964801, 48.842725446453741 ], [ 2.377945893613433, 48.842713839821542 ], [ 2.378167972906962, 48.842551981331049 ], [ 2.378414965575307, 48.842368980527127 ], [ 2.378489035713274, 48.842314008250028 ], [ 2.378548264965501, 48.842270641908499 ], [ 2.378577402856068, 48.842249138753346 ] ] } },
{ "type": "Feature", "properties": { "id": "1022", "geo_fid": 1022, "geo_creati": 1530173617241, "geo_modifi": 1530173617241, "id_alpage": "TR1022", "type": "Rue", "nom": "Reuilly", "ref_scan": "ADO75CA_ANO538", "ref_scan2": null, "article": "de", "nom2_scan2": null, "nom_entier": "Rue de Reuilly", "code_fiab": "1", "identifi": 1022, "oid": 1228874 }, "geometry": { "type": "LineString", "coordinates": [ [ 2.3870937795674, 48.846902437088083 ], [ 2.387268929767195, 48.846694268842789 ], [ 2.387516294267472, 48.846487507374391 ], [ 2.387636632803817, 48.846379451700102 ], [ 2.387883994117765, 48.846172599509273 ], [ 2.38796405043034, 48.84611357169593 ], [ 2.388520831181459, 48.845636798506952 ], [ 2.388771462313812, 48.845436867320309 ], [ 2.388888269797433, 48.845344908894326 ], [ 2.389404339173478, 48.844910595463801 ], [ 2.38986826447034, 48.844521537152225 ] ] } },
{ "type": "Feature", "properties": { "id": "1023", "geo_fid": 1023, "geo_creati": 1530173617241, "geo_modifi": 1530173617241, "id_alpage": "TR1023", "type": null, "nom": null, "ref_scan": "ADO75CA_ANO540", "ref_scan2": null, "article": null, "nom2_scan2": null, "nom_entier": null, "code_fiab": "3", "identifi": 1023, "oid": 1228875 }, "geometry": { "type": "LineString", "coordinates": [ [ 2.384155346520622, 48.845927882595369 ], [ 2.384339331336661, 48.84568743134853 ], [ 2.384532989276518, 48.845448144851375 ], [ 2.384572318087907, 48.845398129011656 ] ] } },
{ "type": "Feature", "properties": { "id": "1028", "geo_fid": 1028, "geo_creati": 1530173617241, "geo_modifi": 1530173617241, "id_alpage": "TR1028", "type": "Rue", "nom": "Bercy", "ref_scan": "ADO75CA_ANO552", "ref_scan2": null, "article": "de", "nom2_scan2": null, "nom_entier": "Rue de Bercy", "code_fiab": "1", "identifi": 1028, "oid": 1228880 }, "geometry": { "type": "LineString", "coordinates": [ [ 2.367212946509339, 48.848385545921417 ], [ 2.367369713367038, 48.848275253866944 ], [ 2.367501827392635, 48.848182324090807 ], [ 2.367767007710298, 48.847996373898233 ], [ 2.368046894672899, 48.847798908436609 ], [ 2.368248193640917, 48.847656319274058 ], [ 2.368331002801455, 48.847600541866846 ], [ 2.368784670207462, 48.847280636173558 ], [ 2.368827844661975, 48.847251397884826 ], [ 2.368922771831998, 48.847184016082558 ], [ 2.369191892845498, 48.846997971560008 ], [ 2.369356958515272, 48.846881559403009 ], [ 2.369400537733398, 48.846847194932643 ] ] } },
{ "type": "Feature", "properties": { "id": "1032", "geo_fid": 1032, "geo_creati": 1530173617241, "geo_modifi": 1530173617241, "id_alpage": "TR1032", "type": "Rue", "nom": "Moreau", "ref_scan": "ADO75CA_ANO553", "ref_scan2": null, "article": null, "nom2_scan2": null, "nom_entier": "Rue Moreau", "code_fiab": "1", "identifi": 1032, "oid": 1228884 }, "geometry": { "type": "LineString", "coordinates": [ [ 2.367422520959249, 48.845707368346716 ], [ 2.367725108672349, 48.845886332976278 ], [ 2.368082628490812, 48.846097925547035 ], [ 2.368479278501419, 48.846345387250857 ], [ 2.368556909139603, 48.84629203913321 ], [ 2.368995818733691, 48.846566195820003 ], [ 2.369331964421848, 48.846789391041632 ], [ 2.369400537733398, 48.846847194932643 ] ] } },
{ "type": "Feature", "properties": { "id": "1040", "geo_fid": 1040, "geo_creati": 1530173617242, "geo_modifi": 1530173617242, "id_alpage": "TR1040", "type": "Ruelle", "nom": "Jean Bouton", "ref_scan": "ADO75CA_ANO557", "ref_scan2": null, "article": null, "nom2_scan2": null, "nom_entier": "Ruelle Jean Bouton", "code_fiab": "1", "identifi": 1040, "oid": 1228892 }, "geometry": { "type": "LineString", "coordinates": [ [ 2.376171352065321, 48.846051478068482 ], [ 2.376390887336516, 48.845920199150882 ], [ 2.376659851154855, 48.845751582952317 ], [ 2.377045375268208, 48.845497134956616 ], [ 2.377265993181198, 48.84536261659882 ], [ 2.37740258405856, 48.845278126951222 ], [ 2.377473260168219, 48.845231519756865 ], [ 2.377568716183958, 48.845163411159476 ], [ 2.377661075343889, 48.84514098660447 ], [ 2.377788836524494, 48.845090582036526 ], [ 2.37789260842065, 48.845029034899632 ], [ 2.378021002384191, 48.845086272722561 ], [ 2.378155283361142, 48.845177500777972 ], [ 2.378298557782541, 48.84526926500353 ], [ 2.378411978116793, 48.845341975255188 ], [ 2.378546260426656, 48.845433112924113 ], [ 2.378614285748843, 48.845476702980093 ], [ 2.378677132985908, 48.845519485531142 ], [ 2.378740116506937, 48.845562178070836 ], [ 2.378848357752864, 48.845631472539054 ], [ 2.378913250285775, 48.845675603122899 ], [ 2.378976233376683, 48.845717306333391 ], [ 2.379041262386514, 48.84576143679471 ], [ 2.37909238514534, 48.845795230690186 ], [ 2.379184679411925, 48.84585679694711 ], [ 2.379263340737515, 48.84590892579299 ], [ 2.379353862779212, 48.845968873876203 ], [ 2.379446157615416, 48.846030349994848 ], [ 2.379499189757251, 48.846065671765011 ] ] } },
{ "type": "Feature", "properties": { "id": "1092", "geo_fid": 1092, "geo_creati": 1530173617246, "geo_modifi": 1530173617246, "id_alpage": "TR1092", "type": "Rue", "nom": "Sainte Marguerite", "ref_scan": "ADO75CA_ANO580", "ref_scan2": null, "article": null, "nom2_scan2": null, "nom_entier": "Rue Sainte Marguerite", "code_fiab": "1", "identifi": 1092, "oid": 1228944 }, "geometry": { "type": "LineString", "coordinates": [ [ 2.379455577050772, 48.853431806789999 ], [ 2.379429891493288, 48.853353669522811 ], [ 2.379405570796704, 48.853277959780975 ], [ 2.379377427777588, 48.85319424792177 ], [ 2.379353243510455, 48.853118538118743 ], [ 2.379325100669656, 48.853034826246891 ], [ 2.379324554137434, 48.853033117831018 ] ] } },
{ "type": "Feature", "properties": { "id": "1100", "geo_fid": 1100, "geo_creati": 1530173617246, "geo_modifi": 1530173617246, "id_alpage": "TR1100", "type": "Rue", "nom": "Petit Musc", "ref_scan": "ADO75CA_ANO600", "ref_scan2": null, "article": "du", "nom2_scan2": null, "nom_entier": "Rue du Petit Musc", "code_fiab": "1", "identifi": 1100, "oid": 1228952 }, "geometry": { "type": "LineString", "coordinates": [ [ 2.362315282942643, 48.851391105795997 ], [ 2.362401025046322, 48.851450798593511 ], [ 2.362463048462466, 48.85149394996423 ], [ 2.362562147501854, 48.851558315902807 ], [ 2.362746856264242, 48.851687859883718 ], [ 2.362846092325316, 48.85175222554561 ], [ 2.362929927518, 48.851811109029619 ], [ 2.363083550698239, 48.851905497918558 ] ] } },
{ "type": "Feature", "properties": { "id": "1101", "geo_fid": 1101, "geo_creati": 1530173617246, "geo_modifi": 1530173617246, "id_alpage": "TR1101", "type": "Rue", "nom": "Lions", "ref_scan": "ADO75CA_ANO599", "ref_scan2": null, "article": "des", "nom2_scan2": null, "nom_entier": "Rue des Lions", "code_fiab": "1", "identifi": 1101, "oid": 1228953 }, "geometry": { "type": "LineString", "coordinates": [ [ 2.363083550698239, 48.851905497918558 ], [ 2.363039548413523, 48.851929338590118 ], [ 2.362950046439206, 48.851980257599742 ], [ 2.36278942953235, 48.852065184975316 ], [ 2.362703196588559, 48.852114304515041 ] ] } },
{ "type": "Feature", "properties": { "id": "1150", "geo_fid": 1150, "geo_creati": 1530173617250, "geo_modifi": 1530173617250, "id_alpage": "TR1150", "type": "Passage", "nom": "Saint Pierre", "ref_scan": "ADO75CA_ANO591", "ref_scan2": null, "article": null, "nom2_scan2": null, "nom_entier": "Passage Saint Pierre", "code_fiab": "1", "identifi": 1150, "oid": 1229002 }, "geometry": { "type": "LineString", "coordinates": [ [ 2.363631538745202, 48.854314792572481 ], [ 2.363556814237782, 48.854228209913131 ], [ 2.363373413442385, 48.854016473449953 ], [ 2.363189740957484, 48.853803387846924 ] ] } },
{ "type": "Feature", "properties": { "id": "1169", "geo_fid": 1169, "geo_creati": 1530173617251, "geo_modifi": 1530173617251, "id_alpage": "TR1169", "type": "Rue", "nom": "Royale", "ref_scan": "ADO75CA_ANO517", "ref_scan2": null, "article": null, "nom2_scan2": null, "nom_entier": "Rue Royale", "code_fiab": "1", "identifi": 1169, "oid": 1229021 }, "geometry": { "type": "LineString", "coordinates": [ [ 2.365303645445809, 48.855062678042394 ], [ 2.365213315950947, 48.854859914323931 ], [ 2.365196532806983, 48.854822328855995 ], [ 2.365134984312209, 48.854665780616486 ], [ 2.365060065303607, 48.854480818601409 ], [ 2.364953615604755, 48.85420305930306 ], [ 2.364878697967998, 48.854018097170695 ], [ 2.364751502671179, 48.853924963302937 ] ] } },
{ "type": "Feature", "properties": { "id": "1192", "geo_fid": 1192, "geo_creati": 1530173617253, "geo_modifi": 1530173617253, "id_alpage": "TR1192", "type": "Rue", "nom": "Ormesson", "ref_scan": "ADO75CA_ANO515", "ref_scan2": null, "article": "d'", "nom2_scan2": null, "nom_entier": "Rue d'Ormesson", "code_fiab": "1", "identifi": 1192, "oid": 1229044 }, "geometry": { "type": "LineString", "coordinates": [ [ 2.36326740276265, 48.855077279234102 ], [ 2.363060565332431, 48.85513703790425 ], [ 2.363057433200908, 48.855141355119834 ], [ 2.363051981226962, 48.855139647735953 ] ] } },
{ "type": "Feature", "properties": { "id": "1273", "geo_fid": 1273, "geo_creati": 1530173617269, "geo_modifi": 1530173617269, "id_alpage": "TR1273", "type": null, "nom": null, "ref_scan": "ADO75CA_ANO518", "ref_scan2": null, "article": null, "nom2_scan2": null, "nom_entier": null, "code_fiab": "2", "identifi": 1273, "oid": 1229125 }, "geometry": { "type": "LineString", "coordinates": [ [ 2.366644647698295, 48.856046324114892 ], [ 2.365739013895837, 48.856187200064312 ] ] } },
{ "type": "Feature", "properties": { "id": "4298", "geo_fid": 4298, "geo_creati": 1530173617627, "geo_modifi": 1530173617627, "id_alpage": "TR4308", "type": "Rue", "nom": "Charonne", "ref_scan": "ADO75CA_ANO502", "ref_scan2": null, "article": "de", "nom2_scan2": null, "nom_entier": "Rue de Charonne", "code_fiab": "1", "identifi": 4308, "oid": 1232150 }, "geometry": { "type": "LineString", "coordinates": [ [ 2.380378294420332, 48.853607539288731 ], [ 2.380419318825411, 48.853614717954422 ] ] } },
{ "type": "Feature", "properties": { "id": "3404", "geo_fid": 3404, "geo_creati": 1530173617544, "geo_modifi": 1530173617544, "id_alpage": "TR3409", "type": "Quai", "nom": "Célestins", "ref_scan": "ADO75CA_ANO600", "ref_scan2": null, "article": "des", "nom2_scan2": null, "nom_entier": "Quai des Célestins", "code_fiab": "1", "identifi": 3409, "oid": 1231256 }, "geometry": { "type": "LineString", "coordinates": [ [ 2.360327445511157, 48.852322631799225 ], [ 2.361749769440988, 48.851655434851828 ], [ 2.362315282942643, 48.851391105795997 ] ] } },
{ "type": "Feature", "properties": { "id": "3583", "geo_fid": 3583, "geo_creati": 1530173617551, "geo_modifi": 1530173617551, "id_alpage": "TR3590", "type": "Rue", "nom": "Echarpe", "ref_scan": "ADO75CA_ANO522", "ref_scan2": null, "article": "de l'", "nom2_scan2": null, "nom_entier": "Rue de l'Echarpe", "code_fiab": "1", "identifi": 3590, "oid": 1231435 }, "geometry": { "type": "LineString", "coordinates": [ [ 2.364863490282556, 48.856323295402198 ], [ 2.364788406115777, 48.856334734311211 ], [ 2.364464498874192, 48.856392005764626 ], [ 2.364386151588786, 48.856417743617079 ] ] } },
{ "type": "Feature", "properties": { "id": "4289", "geo_fid": 4289, "geo_creati": 1530173617627, "geo_modifi": 1530173617627, "id_alpage": "TR4299", "type": "Rue", "nom": "Charonne", "ref_scan": "ADO75CA_ANO491", "ref_scan2": null, "article": "de", "nom2_scan2": null, "nom_entier": "Rue de Charonne", "code_fiab": "1", "identifi": 4299, "oid": 1232141 }, "geometry": { "type": "LineString", "coordinates": [ [ 2.375002072281695, 48.853095240822974 ], [ 2.374740057345414, 48.852961425574193 ], [ 2.374570868286587, 48.852859593492184 ], [ 2.374526126770482, 48.852800076293548 ] ] } },
{ "type": "Feature", "properties": { "id": "993", "geo_fid": 993, "geo_creati": 1530173617226, "geo_modifi": 1530173617226, "id_alpage": "TR993", "type": "Rue", "nom": "Charenton", "ref_scan": "ADO75CA_ANO563", "ref_scan2": null, "article": "de", "nom2_scan2": null, "nom_entier": "Rue de Charenton", "code_fiab": "1", "identifi": 993, "oid": 1228845 }, "geometry": { "type": "LineString", "coordinates": [ [ 2.383934134733373, 48.844397591904141 ], [ 2.383707587596483, 48.844578528012633 ], [ 2.383582908905264, 48.84471230048603 ], [ 2.383424456183578, 48.844863712231849 ] ] } },
{ "type": "Feature", "properties": { "id": "996", "geo_fid": 996, "geo_creati": 1530173617226, "geo_modifi": 1530173617226, "id_alpage": "TR996", "type": null, "nom": null, "ref_scan": "ADO75CA_ANO563", "ref_scan2": null, "article": null, "nom2_scan2": null, "nom_entier": null, "code_fiab": "3", "identifi": 996, "oid": 1228848 }, "geometry": { "type": "LineString", "coordinates": [ [ 2.377287905564989, 48.841612284498034 ], [ 2.377406345274279, 48.841670515696791 ], [ 2.377556814006227, 48.841743843231193 ], [ 2.377733861826349, 48.841831549491374 ], [ 2.37794989041701, 48.841937856508629 ], [ 2.378217713402668, 48.842070583128162 ], [ 2.37837281987842, 48.842147684865772 ], [ 2.378525200655729, 48.842223168689344 ], [ 2.378577402856068, 48.842249138753346 ] ] } },
{ "type": "Feature", "properties": { "id": "1004", "geo_fid": 1004, "geo_creati": 1530173617239, "geo_modifi": 1530173617239, "id_alpage": "TR1004", "type": "Rue", "nom": "Bercy", "ref_scan": "ADO75CA_ANO556", "ref_scan2": null, "article": "de", "nom2_scan2": null, "nom_entier": "Rue de Bercy", "code_fiab": "1", "identifi": 1004, "oid": 1228856 }, "geometry": { "type": "LineString", "coordinates": [ [ 2.372613989678704, 48.844779087125033 ], [ 2.372608134053518, 48.84478340544635 ], [ 2.372540045815906, 48.844834325332492 ], [ 2.37228088427661, 48.845004817280021 ], [ 2.372198075077332, 48.845048097669135 ], [ 2.372091167837578, 48.845117464252446 ], [ 2.37183362758344, 48.845272577136399 ], [ 2.371389085345152, 48.845531971197694 ], [ 2.371107701811171, 48.845694463608943 ], [ 2.3710371536786, 48.84573863878822 ], [ 2.370992890908601, 48.845766529325992 ], [ 2.370948628088959, 48.845794419846591 ], [ 2.370801252924234, 48.845867034549769 ] ] } },
{ "type": "Feature", "properties": { "id": "1011", "geo_fid": 1011, "geo_creati": 1530173617240, "geo_modifi": 1530173617240, "id_alpage": "TR1011", "type": null, "nom": null, "ref_scan": "ADO75CA_ANO559", "ref_scan2": null, "article": null, "nom2_scan2": null, "nom_entier": null, "code_fiab": "3", "identifi": 1011, "oid": 1228863 }, "geometry": { "type": "LineString", "coordinates": [ [ 2.372244134718842, 48.844864991746448 ], [ 2.372205013798964, 48.844840183830904 ], [ 2.37214244775914, 48.844800635013293 ], [ 2.372103463189358, 48.844775827021351 ], [ 2.372040897311261, 48.844736278148233 ], [ 2.372094685571444, 48.844693546305237 ], [ 2.372148202694941, 48.844652882845722 ], [ 2.372258913353114, 48.844568677052493 ] ] } },
{ "type": "Feature", "properties": { "id": "1053", "geo_fid": 1053, "geo_creati": 1530173617243, "geo_modifi": 1530173617243, "id_alpage": "TR1053", "type": "Rue", "nom": "Faubourg Saint Antoine", "ref_scan": "ADO75CA_ANO581", "ref_scan2": null, "article": "du", "nom2_scan2": null, "nom_entier": "Rue du Faubourg Saint Antoine", "code_fiab": "1", "identifi": 1053, "oid": 1228905 }, "geometry": { "type": "LineString", "coordinates": [ [ 2.372890119291101, 48.85212290749871 ], [ 2.372985619908822, 48.852089694479012 ], [ 2.373342845400717, 48.851991471424434 ], [ 2.373623227486862, 48.851911437076041 ], [ 2.373683718016816, 48.85189424167482 ] ] } },
{ "type": "Feature", "properties": { "id": "1055", "geo_fid": 1055, "geo_creati": 1530173617243, "geo_modifi": 1530173617243, "id_alpage": "TR1055", "type": "Rue", "nom": "Saint Bernard", "ref_scan": "ADO75CA_ANO579", "ref_scan2": null, "article": null, "nom2_scan2": null, "nom_entier": "Rue Saint Bernard", "code_fiab": "1", "identifi": 1055, "oid": 1228907 }, "geometry": { "type": "LineString", "coordinates": [ [ 2.381181959019378, 48.852445462784765 ], [ 2.3811256240907, 48.85253694045511 ], [ 2.381053214613332, 48.852634719175818 ], [ 2.38092571068182, 48.852841061121367 ], [ 2.38088799903829, 48.852881362949816 ], [ 2.380802933417989, 48.852999739687739 ], [ 2.380689567945065, 48.853169655443821 ], [ 2.380595789360191, 48.853298826612317 ], [ 2.380487175057497, 48.853449226153487 ], [ 2.380430558759968, 48.853533329555347 ], [ 2.380378294420332, 48.853607539288731 ] ] } },
{ "type": "Feature", "properties": { "id": "1062", "geo_fid": 1062, "geo_creati": 1530173617244, "geo_modifi": 1530173617244, "id_alpage": "TR1062", "type": "Rue", "nom": "Faubourg Saint Antoine", "ref_scan": "ADO75CA_ANO576", "ref_scan2": null, "article": "du", "nom2_scan2": null, "nom_entier": "Rue du Faubourg Saint Antoine", "code_fiab": "1", "identifi": 1062, "oid": 1228914 }, "geometry": { "type": "LineString", "coordinates": [ [ 2.383805648263445, 48.850210719992567 ], [ 2.384095852153747, 48.85017067352895 ], [ 2.384101849020225, 48.850172019975226 ], [ 2.384370520439678, 48.85012946369006 ], [ 2.384517389382323, 48.850105212520695 ] ] } },
{ "type": "Feature", "properties": { "id": "1067", "geo_fid": 1067, "geo_creati": 1530173617244, "geo_modifi": 1530173617244, "id_alpage": "TR1067", "type": "Rue", "nom": "Faubourg Saint Antoine", "ref_scan": "ADO75CA_ANO580", "ref_scan2": null, "article": "du", "nom2_scan2": null, "nom_entier": "Rue du Faubourg Saint Antoine", "code_fiab": "1", "identifi": 1067, "oid": 1228919 }, "geometry": { "type": "LineString", "coordinates": [ [ 2.376743429323665, 48.851137025534229 ], [ 2.376889886549929, 48.851100734072766 ], [ 2.377229527328757, 48.851012936521307 ], [ 2.377451051121458, 48.850957913148513 ], [ 2.377647370198825, 48.850908923396837 ] ] } },
{ "type": "Feature", "properties": { "id": "1083", "geo_fid": 1083, "geo_creati": 1530173617245, "geo_modifi": 1530173617245, "id_alpage": "TR1083", "type": "Avenue", "nom": "Arsenal", "ref_scan": "ADO75CA_ANO586", "ref_scan2": null, "article": "de l'", "nom2_scan2": null, "nom_entier": "Avenue de l'Arsenal", "code_fiab": "1", "identifi": 1083, "oid": 1228935 }, "geometry": { "type": "LineString", "coordinates": [ [ 2.367220947255532, 48.851709793392651 ], [ 2.366850093378077, 48.851364839478933 ], [ 2.366784103782715, 48.851303526218871 ], [ 2.366643946175598, 48.851175955695297 ], [ 2.366559552245415, 48.851099539273825 ], [ 2.366459890399255, 48.85101224550737 ], [ 2.36637536076414, 48.850935828984909 ], [ 2.36617603872465, 48.850761241044147 ], [ 2.366007117704733, 48.850608407483008 ], [ 2.365657967796638, 48.850300853958665 ], [ 2.36547936996294, 48.850138759525272 ], [ 2.365307176080254, 48.849973875494534 ], [ 2.365158839186831, 48.849826611104518 ], [ 2.365103355000496, 48.849781481204239 ], [ 2.364899822987549, 48.849615974719072 ] ] } },
{ "type": "Feature", "properties": { "id": "1091", "geo_fid": 1091, "geo_creati": 1530173617246, "geo_modifi": 1530173617246, "id_alpage": "TR1091", "type": null, "nom": null, "ref_scan": null, "ref_scan2": null, "article": null, "nom2_scan2": null, "nom_entier": null, "code_fiab": "5", "identifi": 1091, "oid": 1228943 }, "geometry": { "type": "LineString", "coordinates": [ [ 2.369606914706006, 48.85137578135992 ], [ 2.369596332204408, 48.851446916794174 ], [ 2.369514447691916, 48.851465375063469 ], [ 2.369358580760569, 48.851500400730231 ], [ 2.368678427914755, 48.851647441296393 ] ] } },
{ "type": "Feature", "properties": { "id": "1106", "geo_fid": 1106, "geo_creati": 1530173617247, "geo_modifi": 1530173617247, "id_alpage": "TR1106", "type": "Rue", "nom": "Saint Paul", "ref_scan": "ADO75CA_ANO598", "ref_scan2": null, "article": null, "nom2_scan2": null, "nom_entier": "Rue Saint Paul", "code_fiab": "1", "identifi": 1106, "oid": 1228958 }, "geometry": { "type": "LineString", "coordinates": [ [ 2.361115651511103, 48.85293874082322 ], [ 2.36122499286998, 48.853046270847301 ], [ 2.361380964094991, 48.853204150154937 ], [ 2.36164654074812, 48.853446537446686 ] ] } },
{ "type": "Feature", "properties": { "id": "1115", "geo_fid": 1115, "geo_creati": 1530173617247, "geo_modifi": 1530173617247, "id_alpage": "TR1115", "type": "Rue", "nom": "Cerisaie", "ref_scan": "ADO75CA_ANO589", "ref_scan2": null, "article": "de la", "nom2_scan2": null, "nom_entier": "Rue de la Cerisaie", "code_fiab": "1", "identifi": 1115, "oid": 1228967 }, "geometry": { "type": "LineString", "coordinates": [ [ 2.365808012943171, 48.851992437432386 ], [ 2.3658003830944, 48.851994507668479 ], [ 2.365721769655067, 48.852018088250155 ], [ 2.365378969957079, 48.852110168848981 ], [ 2.365280329425257, 48.852142297149811 ], [ 2.365157573038534, 48.852181355664399 ], [ 2.364950769784441, 48.852276728930022 ], [ 2.364585513773214, 48.852425826456518 ], [ 2.364461675933342, 48.852483049780929 ], [ 2.364325436843671, 48.852539556497646 ], [ 2.364201462151066, 48.85259677957233 ], [ 2.364146421997796, 48.852620803132801 ] ] } },
{ "type": "Feature", "properties": { "id": "1133", "geo_fid": 1133, "geo_creati": 1530173617249, "geo_modifi": 1530173617249, "id_alpage": "TR1133", "type": "Rue", "nom": "Prêtres", "ref_scan": "ADO75CA_ANO592", "ref_scan2": null, "article": "des", "nom2_scan2": null, "nom_entier": "Rue des Prêtres", "code_fiab": "1", "identifi": 1133, "oid": 1228985 }, "geometry": { "type": "LineString", "coordinates": [ [ 2.362046985215458, 48.853871267289591 ], [ 2.361956641269106, 48.853882347944406 ], [ 2.361713950152247, 48.85390748995443 ], [ 2.361563370489389, 48.853913367423637 ] ] } },
{ "type": "Feature", "properties": { "id": "1186", "geo_fid": 1186, "geo_creati": 1530173617252, "geo_modifi": 1530173617252, "id_alpage": "TR1186", "type": "Rue", "nom": "Charonne", "ref_scan": "ADO75CA_ANO491", "ref_scan2": null, "article": "de", "nom2_scan2": null, "nom_entier": "Rue de Charonne", "code_fiab": "1", "identifi": 1186, "oid": 1229038 }, "geometry": { "type": "LineString", "coordinates": [ [ 2.37564158307504, 48.853256446808082 ], [ 2.375670064197615, 48.853256796930133 ], [ 2.3757368367035, 48.853255785226864 ], [ 2.37580088292984, 48.853253695278966 ], [ 2.375806055542882, 48.853246319498346 ], [ 2.375996152465625, 48.85324310764954 ], [ 2.376309160500921, 48.853232029805667 ], [ 2.376405777359784, 48.853232086617567 ], [ 2.376543546843958, 48.853230240711163 ], [ 2.376856554604627, 48.853219071439547 ], [ 2.3768998900669, 48.853220315369938 ], [ 2.377015587630099, 48.853223692341182 ], [ 2.37717448441323, 48.85322831306901 ], [ 2.377416090646733, 48.853223462131048 ], [ 2.377424546702044, 48.853232361949836 ], [ 2.377573361033715, 48.853238964071195 ], [ 2.3777810458414, 48.853246714156043 ] ] } },
{ "type": "Feature", "properties": { "id": "1187", "geo_fid": 1187, "geo_creati": 1530173617252, "geo_modifi": 1530173617252, "id_alpage": "TR1187", "type": "Rue", "nom": "Tournelles", "ref_scan": "ADO75CA_ANO523", "ref_scan2": null, "article": "des", "nom2_scan2": null, "nom_entier": "Rue des Tournelles", "code_fiab": "1", "identifi": 1187, "oid": 1229039 }, "geometry": { "type": "LineString", "coordinates": [ [ 2.367289318843774, 48.855934016927385 ], [ 2.367290164580979, 48.855980419155401 ], [ 2.367294256575465, 48.85621171091411 ], [ 2.367307907630347, 48.856475014249753 ], [ 2.367310571520785, 48.85659821385444 ], [ 2.367312538832824, 48.856696323945386 ], [ 2.367315339028345, 48.856819523514552 ], [ 2.367321020324272, 48.85697437671017 ], [ 2.367321296699408, 48.856980671543617 ] ] } },
{ "type": "Feature", "properties": { "id": "1193", "geo_fid": 1193, "geo_creati": 1530173617253, "geo_modifi": 1530173617253, "id_alpage": "TR1193", "type": "Rue", "nom": "Egout", "ref_scan": "ADO75CA_ANO515", "ref_scan2": null, "article": "de l'", "nom2_scan2": null, "nom_entier": "Rue de l'Egout", "code_fiab": "1", "identifi": 1193, "oid": 1229045 }, "geometry": { "type": "LineString", "coordinates": [ [ 2.363570848410049, 48.85551002936004 ], [ 2.363549571445269, 48.855476851120827 ], [ 2.363474428191591, 48.855374531236905 ], [ 2.363367920327972, 48.855232110946652 ], [ 2.363340371885005, 48.855193268689248 ], [ 2.363312823485076, 48.855154426425237 ], [ 2.36326740276265, 48.855077279234102 ] ] } },
{ "type": "Feature", "properties": { "id": "1217", "geo_fid": 1217, "geo_creati": 1530173617265, "geo_modifi": 1530173617265, "id_alpage": "TR1217", "type": "Rue", "nom": "Pas de la Mule", "ref_scan": "ADO75CA_ANO521", "ref_scan2": null, "article": "du", "nom2_scan2": null, "nom_entier": "Rue du Pas de la Mule", "code_fiab": "1", "identifi": 1217, "oid": 1229069 }, "geometry": { "type": "LineString", "coordinates": [ [ 2.367289318843774, 48.855934016927385 ], [ 2.367342325618988, 48.855924290816766 ], [ 2.367570297288038, 48.855885561745978 ], [ 2.367864633525494, 48.855841958359697 ], [ 2.36809246813124, 48.855803228283001 ], [ 2.368484551262753, 48.8558167006221 ] ] } },
{ "type": "Feature", "properties": { "id": "1229", "geo_fid": 1229, "geo_creati": 1530173617266, "geo_modifi": 1530173617266, "id_alpage": "TR1229", "type": null, "nom": null, "ref_scan": "ADO75CA_ANO587", "ref_scan2": null, "article": null, "nom2_scan2": null, "nom_entier": null, "code_fiab": "2", "identifi": 1229, "oid": 1229081 }, "geometry": { "type": "LineString", "coordinates": [ [ 2.367594379009577, 48.853366513839291 ], [ 2.36821326340988, 48.853263111083237 ], [ 2.368831736478163, 48.853159795013326 ] ] } },
{ "type": "Feature", "properties": { "id": "1235", "geo_fid": 1235, "geo_creati": 1530173617266, "geo_modifi": 1530173617266, "id_alpage": "TR1235", "type": "Rue", "nom": "Saint Sabin", "ref_scan": "ADO75CA_ANO501", "ref_scan2": null, "article": null, "nom2_scan2": null, "nom_entier": "Rue Saint Sabin", "code_fiab": "1", "identifi": 1235, "oid": 1229087 }, "geometry": { "type": "LineString", "coordinates": [ [ 2.371304846686102, 48.854426338076038 ], [ 2.371365394677212, 48.854487200721252 ], [ 2.371464808219635, 48.854587080103421 ], [ 2.371619166236112, 48.854722913752937 ], [ 2.371694715826377, 48.854798879478686 ], [ 2.371849075128445, 48.85493471281805 ], [ 2.371973719543344, 48.855060033510746 ], [ 2.371997796865172, 48.8551923990644 ], [ 2.372027069232774, 48.855348144110145 ] ] } },
{ "type": "Feature", "properties": { "id": "1240", "geo_fid": 1240, "geo_creati": 1530173617267, "geo_modifi": 1530173617267, "id_alpage": "TR1240", "type": "Rue", "nom": "Egout", "ref_scan": "ADO75CA_ANO516", "ref_scan2": null, "article": "de l'", "nom2_scan2": null, "nom_entier": "Rue de l'Egout", "code_fiab": "1", "identifi": 1240, "oid": 1229092 }, "geometry": { "type": "LineString", "coordinates": [ [ 2.36326740276265, 48.855077279234102 ], [ 2.363183529875482, 48.854957515268801 ], [ 2.363103344482985, 48.854852408544374 ], [ 2.363023023153424, 48.854747301794667 ], [ 2.362955793668418, 48.854659637920797 ], [ 2.362891836102626, 48.854574041598191 ] ] } },
{ "type": "Feature", "properties": { "id": "1318", "geo_fid": 1318, "geo_creati": 1530173617272, "geo_modifi": 1530173617272, "id_alpage": "TR1318", "type": "Impasse", "nom": "Roquette", "ref_scan": "ADO75CA_ANO491", "ref_scan2": null, "article": "de la", "nom2_scan2": null, "nom_entier": "Impasse de la Roquette", "code_fiab": "1", "identifi": 1318, "oid": 1229170 }, "geometry": { "type": "LineString", "coordinates": [ [ 2.376744166248628, 48.856350376655911 ], [ 2.376792359147546, 48.856287051191359 ], [ 2.376853072921464, 48.856202678388428 ], [ 2.376929313699649, 48.856107418959446 ], [ 2.376956267131464, 48.856069909926291 ], [ 2.376974508766463, 48.85604508366022 ], [ 2.377042705851084, 48.855946409720723 ], [ 2.377087769397376, 48.855890369329067 ], [ 2.377130916634667, 48.855823987957351 ], [ 2.377199113105637, 48.855725313924935 ], [ 2.377227426887296, 48.855685286389033 ], [ 2.377351979947128, 48.855509434939265 ], [ 2.377533017807352, 48.855247772845317 ], [ 2.377609381796489, 48.855139833179557 ], [ 2.377624767668264, 48.855123281125444 ], [ 2.377649547214248, 48.855095125130561 ], [ 2.377709854300405, 48.855016956996181 ], [ 2.377786353901031, 48.854909107091466 ] ] } },
{ "type": "Feature", "properties": { "id": "991", "geo_fid": 991, "geo_creati": 1530173617226, "geo_modifi": 1530173617226, "id_alpage": "TR991", "type": null, "nom": null, "ref_scan": "ADO75CA_ANO560", "ref_scan2": null, "article": null, "nom2_scan2": null, "nom_entier": null, "code_fiab": "3", "identifi": 991, "oid": 1228843 }, "geometry": { "type": "LineString", "coordinates": [ [ 2.371440192102604, 48.842778114967885 ], [ 2.371689223863411, 48.842944405381559 ], [ 2.371786547073804, 48.843009393325957 ], [ 2.371886188066962, 48.843076358882378 ], [ 2.371947390422045, 48.843117526942557 ], [ 2.372044714308569, 48.843182514667127 ], [ 2.372098283639177, 48.843218559123954 ], [ 2.37229293239294, 48.843348444306088 ], [ 2.37247844933669, 48.843472127000268 ], [ 2.372539925031919, 48.843513114804658 ], [ 2.372753521110982, 48.843652615551008 ], [ 2.372858616333282, 48.843722096524608 ], [ 2.372963711913858, 48.843791667328695 ], [ 2.373070579119259, 48.843861417334409 ], [ 2.373175675290766, 48.843930987943629 ], [ 2.37328240684619, 48.84400073779414 ], [ 2.373387639855251, 48.844070308165428 ], [ 2.373473243626469, 48.844126215738882 ], [ 2.373535811058067, 48.84416738251587 ] ] } },
{ "type": "Feature", "properties": { "id": "1024", "geo_fid": 1024, "geo_creati": 1530173617241, "geo_modifi": 1530173617241, "id_alpage": "TR1024", "type": "Petite Rue", "nom": "Reuilly", "ref_scan": "ADO75CA_ANO540", "ref_scan2": null, "article": "de", "nom2_scan2": null, "nom_entier": "Petite Rue de Reuilly", "code_fiab": "1", "identifi": 1024, "oid": 1228876 }, "geometry": { "type": "LineString", "coordinates": [ [ 2.383424456183578, 48.844863712231849 ], [ 2.383509239791389, 48.844903155936393 ], [ 2.383782262810834, 48.845027054546541 ], [ 2.384087598638747, 48.845172431849598 ], [ 2.384360624577396, 48.845296329077335 ], [ 2.384572318087907, 48.845398129011656 ] ] } },
{ "type": "Feature", "properties": { "id": "1026", "geo_fid": 1026, "geo_creati": 1530173617241, "geo_modifi": 1530173617241, "id_alpage": "TR1026", "type": "Rue", "nom": "Charenton", "ref_scan": "ADO75CA_ANO541", "ref_scan2": null, "article": "de", "nom2_scan2": null, "nom_entier": "Rue de Charenton", "code_fiab": "1", "identifi": 1026, "oid": 1228878 }, "geometry": { "type": "LineString", "coordinates": [ [ 2.377733566271285, 48.847322775046557 ], [ 2.37800796408351, 48.847130682735077 ], [ 2.378157892444519, 48.847022986193522 ], [ 2.378307820156142, 48.846915289455339 ], [ 2.378501999711425, 48.846771245932032 ], [ 2.378601950588559, 48.84669944782754 ], [ 2.37868351988261, 48.846643213721556 ], [ 2.37874112132892, 48.846602545685094 ], [ 2.378842025672907, 48.846531196659825 ] ] } },
{ "type": "Feature", "properties": { "id": "1068", "geo_fid": 1068, "geo_creati": 1530173617244, "geo_modifi": 1530173617244, "id_alpage": "TR1068", "type": "Rue", "nom": "Faubourg Saint Antoine", "ref_scan": "ADO75CA_ANO580", "ref_scan2": null, "article": "du", "nom2_scan2": null, "nom_entier": "Rue du Faubourg Saint Antoine", "code_fiab": "1", "identifi": 1068, "oid": 1228920 }, "geometry": { "type": "LineString", "coordinates": [ [ 2.373739712578781, 48.851878306660744 ], [ 2.374120911212858, 48.851770631142656 ], [ 2.374680187006605, 48.85163241073915 ], [ 2.37482269965814, 48.851601698711953 ] ] } },
{ "type": "Feature", "properties": { "id": "1070", "geo_fid": 1070, "geo_creati": 1530173617244, "geo_modifi": 1530173617244, "id_alpage": "TR1070", "type": "Rue", "nom": "Traversière", "ref_scan": "ADO75CA_ANO545", "ref_scan2": null, "article": null, "nom2_scan2": null, "nom_entier": "Rue Traversière", "code_fiab": "1", "identifi": 1070, "oid": 1228922 }, "geometry": { "type": "LineString", "coordinates": [ [ 2.374743867982116, 48.849162538631809 ], [ 2.374977403131178, 48.84950058799658 ], [ 2.375148455742226, 48.849737129825535 ], [ 2.375301376398331, 48.849959828656502 ], [ 2.375505859497865, 48.850251933823074 ], [ 2.375932019489421, 48.850858169407701 ], [ 2.376228033073317, 48.851263010961759 ] ] } },
{ "type": "Feature", "properties": { "id": "1090", "geo_fid": 1090, "geo_creati": 1530173617245, "geo_modifi": 1530173617245, "id_alpage": "TR1090", "type": "Passage", "nom": null, "ref_scan": "ADO75CA_ANO549", "ref_scan2": null, "article": null, "nom2_scan2": null, "nom_entier": "Passage", "code_fiab": "1", "identifi": 1090, "oid": 1228942 }, "geometry": { "type": "LineString", "coordinates": [ [ 2.372278253479745, 48.85132364397105 ], [ 2.372436468548495, 48.851529348773049 ], [ 2.372548718909041, 48.851673467438886 ], [ 2.372669014222139, 48.851823878403451 ], [ 2.372829965470331, 48.852040193226514 ], [ 2.372890119291101, 48.85212290749871 ] ] } },
{ "type": "Feature", "properties": { "id": "1098", "geo_fid": 1098, "geo_creati": 1530173617246, "geo_modifi": 1530173617246, "id_alpage": "TR1098", "type": "Rue", "nom": "Trois Pistolets", "ref_scan": "ADO75CA_ANO599", "ref_scan2": null, "article": "des", "nom2_scan2": null, "nom_entier": "Rue des Trois Pistolets", "code_fiab": "1", "identifi": 1098, "oid": 1228950 }, "geometry": { "type": "LineString", "coordinates": [ [ 2.363304149259515, 48.852647077534556 ], [ 2.363330032168968, 48.852630974646402 ], [ 2.363535067114697, 48.852532996834789 ], [ 2.363762035880927, 48.852426020836532 ], [ 2.363819390904803, 48.852398849469417 ] ] } },
{ "type": "Feature", "properties": { "id": "1102", "geo_fid": 1102, "geo_creati": 1530173617246, "geo_modifi": 1530173617246, "id_alpage": "TR1102", "type": "Rue", "nom": "Lions", "ref_scan": "ADO75CA_ANO599", "ref_scan2": null, "article": "des", "nom2_scan2": null, "nom_entier": "Rue des Lions", "code_fiab": "1", "identifi": 1102, "oid": 1228954 }, "geometry": { "type": "LineString", "coordinates": [ [ 2.361115651511103, 48.85293874082322 ], [ 2.361169056885275, 48.852911931322943 ], [ 2.361428591813479, 48.852785708703721 ], [ 2.361680900750695, 48.852654720899963 ], [ 2.36178144250341, 48.852602541529855 ], [ 2.3619728558071, 48.85250942552333 ], [ 2.362090426232522, 48.852448339393661 ], [ 2.362122440849098, 48.852430796608196 ], [ 2.362389997539851, 48.852278491160057 ], [ 2.362663688740823, 48.852134097313737 ], [ 2.362703196588559, 48.852114304515041 ] ] } },
{ "type": "Feature", "properties": { "id": "1126", "geo_fid": 1126, "geo_creati": 1530173617248, "geo_modifi": 1530173617248, "id_alpage": "TR1126", "type": "Rue", "nom": "Saint Paul", "ref_scan": "ADO75CA_ANO598", "ref_scan2": null, "article": null, "nom2_scan2": null, "nom_entier": "Rue Saint Paul", "code_fiab": "1", "identifi": 1126, "oid": 1228978 }, "geometry": { "type": "LineString", "coordinates": [ [ 2.36164654074812, 48.853446537446686 ], [ 2.361843411502018, 48.853634802769903 ], [ 2.361909678905217, 48.853712755363986 ], [ 2.362046985215458, 48.853871267289591 ] ] } },
{ "type": "Feature", "properties": { "id": "1147", "geo_fid": 1147, "geo_creati": 1530173617250, "geo_modifi": 1530173617250, "id_alpage": "TR1147", "type": "Passage", "nom": "Saint Louis", "ref_scan": "ADO75CA_ANO592", "ref_scan2": null, "article": null, "nom2_scan2": null, "nom_entier": "Passage Saint Louis", "code_fiab": "1", "identifi": 1147, "oid": 1228999 }, "geometry": { "type": "LineString", "coordinates": [ [ 2.361596653272542, 48.85453457758959 ], [ 2.361954999273657, 48.854416785794562 ], [ 2.362042335634163, 48.854384662824266 ], [ 2.362170955941288, 48.854338052490974 ], [ 2.362360614173381, 48.854265799331976 ] ] } },
{ "type": "Feature", "properties": { "id": "1462", "geo_fid": 1462, "geo_creati": 1530173617293, "geo_modifi": 1530173617293, "id_alpage": "TR1462", "type": "Rue", "nom": "Roquette", "ref_scan": "ADO75CA_ANO501", "ref_scan2": null, "article": "de la", "nom2_scan2": null, "nom_entier": "Rue de la Roquette", "code_fiab": "1", "identifi": 1462, "oid": 1229314 }, "geometry": { "type": "LineString", "coordinates": [ [ 2.373108675188397, 48.854928208840164 ], [ 2.373019934605239, 48.854894154274945 ], [ 2.372910882766461, 48.854851472976776 ], [ 2.372854857136871, 48.854829098593498 ], [ 2.372766665223544, 48.854799540021943 ], [ 2.372706010050369, 48.854782382786148 ], [ 2.372368789582613, 48.854678890913192 ], [ 2.372304313386913, 48.854653821043996 ], [ 2.372237659124119, 48.854631989186608 ], [ 2.372171141132355, 48.854610067321396 ], [ 2.372134611353049, 48.854598837592675 ], [ 2.372099713870063, 48.854583290846719 ], [ 2.371931241042303, 48.854531544098222 ], [ 2.371880807894075, 48.854515462443423 ], [ 2.371712199311037, 48.854463805340394 ], [ 2.37153650179145, 48.854407833612086 ], [ 2.371417233954035, 48.854368481265723 ] ] } },
{ "type": "Feature", "properties": { "id": "3405", "geo_fid": 3405, "geo_creati": 1530173617544, "geo_modifi": 1530173617544, "id_alpage": "TR3410", "type": null, "nom": null, "ref_scan": "ADO75CA_ANO587", "ref_scan2": null, "article": null, "nom2_scan2": null, "nom_entier": null, "code_fiab": "2", "identifi": 3410, "oid": 1231257 }, "geometry": { "type": "LineString", "coordinates": [ [ 2.367335242145287, 48.852554090002151 ], [ 2.367570349091684, 48.853291161213917 ], [ 2.367594379009577, 48.853366513839291 ] ] } },
{ "type": "Feature", "properties": { "id": "4223", "geo_fid": 4223, "geo_creati": 1530173617622, "geo_modifi": 1530173617622, "id_alpage": "TR4233", "type": "Rue", "nom": "Tournelles", "ref_scan": "ADO75CA_ANO518", "ref_scan2": null, "article": "des", "nom2_scan2": null, "nom_entier": "Rue des Tournelles", "code_fiab": "1", "identifi": 4233, "oid": 1232075 }, "geometry": { "type": "LineString", "coordinates": [ [ 2.367289318843774, 48.855934016927385 ], [ 2.367288477784752, 48.855895348439951 ], [ 2.36728061521974, 48.855738787202931 ], [ 2.36727724407389, 48.855572602570255 ], [ 2.36727434679048, 48.855513970779313 ], [ 2.367272187071266, 48.85532278605875 ], [ 2.367266054957245, 48.855323417162957 ], [ 2.367260363753195, 48.855151567726189 ], [ 2.367267119957931, 48.855056153159246 ], [ 2.367263621102944, 48.854903997209618 ], [ 2.367256883801153, 48.854805079031181 ], [ 2.367254745797915, 48.854649685343922 ], [ 2.367248008548235, 48.854550767165449 ], [ 2.367251142288177, 48.854549777141891 ], [ 2.367264049615469, 48.854485475779072 ], [ 2.367296934478718, 48.854330432582564 ], [ 2.367297341508537, 48.85432746487686 ], [ 2.367310365076507, 48.85423025011341 ], [ 2.367323659345782, 48.854130067678796 ], [ 2.367356543842593, 48.853975114393478 ], [ 2.367396775881609, 48.853801993857928 ], [ 2.367418251333756, 48.853710172482813 ] ] } },
{ "type": "Feature", "properties": { "id": "994", "geo_fid": 994, "geo_creati": 1530173617226, "geo_modifi": 1530173617226, "id_alpage": "TR994", "type": null, "nom": null, "ref_scan": "ADO75CA_ANO563", "ref_scan2": null, "article": null, "nom2_scan2": null, "nom_entier": null, "code_fiab": "3", "identifi": 994, "oid": 1228846 }, "geometry": { "type": "LineString", "coordinates": [ [ 2.380585717940675, 48.841437789661086 ], [ 2.380664946152751, 48.841365368133886 ], [ 2.38076989964212, 48.841265868651 ], [ 2.38093666001807, 48.841114996983556 ] ] } },
{ "type": "Feature", "properties": { "id": "995", "geo_fid": 995, "geo_creati": 1530173617226, "geo_modifi": 1530173617226, "id_alpage": "TR995", "type": "Rue", "nom": "Rambouillet", "ref_scan": "ADO75CA_ANO558", "ref_scan2": null, "article": "de", "nom2_scan2": null, "nom_entier": "Rue de Rambouillet", "code_fiab": "1", "identifi": 995, "oid": 1228847 }, "geometry": { "type": "LineString", "coordinates": [ [ 2.383121437376831, 48.844862665410929 ], [ 2.382781926253543, 48.844737352940157 ], [ 2.38242987782954, 48.844607458138142 ], [ 2.382147071021265, 48.844506131879164 ], [ 2.381864265365393, 48.844404804919897 ], [ 2.381512221692312, 48.844274907289041 ], [ 2.381263626539225, 48.844184716540447 ], [ 2.380911585992938, 48.844054817058101 ], [ 2.380617469821728, 48.843945307964759 ], [ 2.380265432657878, 48.843815406490535 ], [ 2.379963689482704, 48.843705808662847 ], [ 2.379775199433765, 48.843633307817854 ], [ 2.379592570019405, 48.843562603031181 ], [ 2.379114479289919, 48.843394435734531 ], [ 2.378893829607457, 48.843312053239494 ], [ 2.378619751625668, 48.84320424030507 ], [ 2.3783845210102, 48.843116466480623 ], [ 2.378005912363032, 48.842967503054879 ], [ 2.377610549362551, 48.842820162993505 ], [ 2.377325680095382, 48.842670714474885 ], [ 2.377068754226679, 48.84253618341296 ], [ 2.376650850095518, 48.842303866685576 ], [ 2.376438501926275, 48.842198455217257 ] ] } },
{ "type": "Feature", "properties": { "id": "1013", "geo_fid": 1013, "geo_creati": 1530173617240, "geo_modifi": 1530173617240, "id_alpage": "TR1013", "type": null, "nom": null, "ref_scan": "ADO75CA_ANO554", "ref_scan2": null, "article": null, "nom2_scan2": null, "nom_entier": null, "code_fiab": "3", "identifi": 1013, "oid": 1228865 }, "geometry": { "type": "LineString", "coordinates": [ [ 2.368122267585774, 48.845204128280209 ], [ 2.368541271894989, 48.845260848096324 ], [ 2.368745664571092, 48.84528848942108 ], [ 2.369404216212745, 48.845372747326778 ], [ 2.369602613578487, 48.845398500336138 ], [ 2.369800874899187, 48.84542425303961 ], [ 2.370146298321878, 48.84546695929545 ], [ 2.370256670601709, 48.845480866128767 ] ] } },
{ "type": "Feature", "properties": { "id": "1017", "geo_fid": 1017, "geo_creati": 1530173617240, "geo_modifi": 1530173617240, "id_alpage": "TR1017", "type": null, "nom": null, "ref_scan": "ADO75CA_ANO557", "ref_scan2": null, "article": null, "nom2_scan2": null, "nom_entier": null, "code_fiab": "3", "identifi": 1017, "oid": 1228869 }, "geometry": { "type": "LineString", "coordinates": [ [ 2.378931247206058, 48.846014532230733 ], [ 2.37897187329306, 48.846041855255123 ], [ 2.37903894734016, 48.846086974169751 ], [ 2.379079709873609, 48.846114387033147 ], [ 2.379146784116373, 48.846159505884486 ], [ 2.379201177570937, 48.846193478384961 ], [ 2.379265113731809, 48.84623329261494 ] ] } },
{ "type": "Feature", "properties": { "id": "1036", "geo_fid": 1036, "geo_creati": 1530173617242, "geo_modifi": 1530173617242, "id_alpage": "TR1036", "type": "Rue", "nom": "Traversière", "ref_scan": "ADO75CA_ANO556", "ref_scan2": null, "article": null, "nom2_scan2": null, "nom_entier": "Rue Traversière", "code_fiab": "1", "identifi": 1036, "oid": 1228888 }, "geometry": { "type": "LineString", "coordinates": [ [ 2.373397064752318, 48.847661998096143 ], [ 2.373562153507767, 48.847774084907535 ], [ 2.37365185637336, 48.847836555736052 ], [ 2.37370435191824, 48.847886358651998 ], [ 2.3737854924351, 48.847978058457471 ], [ 2.373905901161943, 48.848104547428541 ], [ 2.374032618186055, 48.84828481071645 ], [ 2.374260388199405, 48.848578169568661 ], [ 2.37435326777991, 48.848694775003757 ], [ 2.374429237517896, 48.848792591086706 ], [ 2.374542687698825, 48.848901905558087 ], [ 2.374602563319771, 48.848978324107591 ], [ 2.37464961852522, 48.849038649856844 ], [ 2.374701716842252, 48.849100772475836 ], [ 2.374743867982116, 48.849162538631809 ] ] } },
{ "type": "Feature", "properties": { "id": "1038", "geo_fid": 1038, "geo_creati": 1530173617242, "geo_modifi": 1530173617242, "id_alpage": "TR1038", "type": "Rue", "nom": "Charbonniers", "ref_scan": "ADO75CA_ANO556", "ref_scan2": null, "article": "des", "nom2_scan2": null, "nom_entier": "Rue des Charbonniers", "code_fiab": "1", "identifi": 1038, "oid": 1228890 }, "geometry": { "type": "LineString", "coordinates": [ [ 2.377733566271285, 48.847322775046557 ], [ 2.377671672526597, 48.84728143047154 ], [ 2.377585238662766, 48.847222558733954 ], [ 2.377465133792566, 48.847143734962252 ], [ 2.377404876645247, 48.847103738574241 ], [ 2.377284772347898, 48.847024914613051 ], [ 2.377206520601562, 48.846973413749787 ], [ 2.377040338702611, 48.846864390115066 ], [ 2.376805449141395, 48.846709796982545 ], [ 2.376639405256384, 48.846600772717665 ], [ 2.376414606176904, 48.846452829912529 ], [ 2.376316862056622, 48.846388655393234 ], [ 2.376219118259129, 48.846324570717549 ], [ 2.37606711799704, 48.846224533545801 ], [ 2.375970056246778, 48.846160628279712 ] ] } },
{ "type": "Feature", "properties": { "id": "1082", "geo_fid": 1082, "geo_creati": 1530173617245, "geo_modifi": 1530173617245, "id_alpage": "TR1082", "type": "Rue", "nom": "Charenton", "ref_scan": "ADO75CA_ANO549", "ref_scan2": null, "article": "de", "nom2_scan2": null, "nom_entier": "Rue de Charenton", "code_fiab": "1", "identifi": 1082, "oid": 1228934 }, "geometry": { "type": "LineString", "coordinates": [ [ 2.37073468960711, 48.852633987416525 ], [ 2.370656115771927, 48.85271449531853 ], [ 2.37055698361273, 48.852823066464907 ], [ 2.370505644915453, 48.852875958650586 ], [ 2.370450903237906, 48.852934697073309 ], [ 2.37039956431253, 48.852987589211402 ], [ 2.370344822386778, 48.853046327583392 ], [ 2.370233704140224, 48.85316569319302 ] ] } },
{ "type": "Feature", "properties": { "id": "1122", "geo_fid": 1122, "geo_creati": 1530173617248, "geo_modifi": 1530173617248, "id_alpage": "TR1122", "type": "Impasse", "nom": "Forge", "ref_scan": "ADO75CA_ANO579", "ref_scan2": null, "article": "de la", "nom2_scan2": null, "nom_entier": "Impasse de la Forge", "code_fiab": "1", "identifi": 1122, "oid": 1228974 }, "geometry": { "type": "LineString", "coordinates": [ [ 2.380206263094648, 48.85086428407984 ], [ 2.380156386920445, 48.850702973399216 ], [ 2.380104874654547, 48.85054022447639 ], [ 2.380079322656985, 48.850458400293796 ] ] } },
{ "type": "Feature", "properties": { "id": "1315", "geo_fid": 1315, "geo_creati": 1530173617272, "geo_modifi": 1530173617272, "id_alpage": "TR1315", "type": "Rue", "nom": "Charonne", "ref_scan": "ADO75CA_ANO491", "ref_scan2": null, "article": "de", "nom2_scan2": null, "nom_entier": "Rue de Charonne", "code_fiab": "1", "identifi": 1315, "oid": 1229167 }, "geometry": { "type": "LineString", "coordinates": [ [ 2.379455577050772, 48.853431806789999 ], [ 2.379567748967344, 48.853454876543402 ], [ 2.379983038702852, 48.853533048392343 ], [ 2.38020424752256, 48.853577119606946 ], [ 2.380378294420332, 48.853607539288731 ] ] } },
{ "type": "Feature", "properties": { "id": "3597", "geo_fid": 3597, "geo_creati": 1530173617551, "geo_modifi": 1530173617551, "id_alpage": "TR3604", "type": "Boulevard", "nom": "Bourdon", "ref_scan": "ADO75CA_ANO587", "ref_scan2": null, "article": null, "nom2_scan2": null, "nom_entier": "Boulevard Bourdon", "code_fiab": "1", "identifi": 3604, "oid": 1231449 }, "geometry": { "type": "LineString", "coordinates": [ [ 2.368979928938075, 48.853475038746161 ], [ 2.368831736478163, 48.853159795013326 ] ] } },
{ "type": "Feature", "properties": { "id": "3651", "geo_fid": 3651, "geo_creati": 1530173617564, "geo_modifi": 1530173617564, "id_alpage": "TR3658", "type": null, "nom": null, "ref_scan": "ADO75CA_ANO559", "ref_scan2": null, "article": null, "nom2_scan2": null, "nom_entier": null, "code_fiab": "3", "identifi": 3658, "oid": 1231503 }, "geometry": { "type": "LineString", "coordinates": [ [ 2.372258913353114, 48.844568677052493 ], [ 2.372446468619313, 48.84467842046034 ], [ 2.372579231413049, 48.844758234782432 ], [ 2.372613989678704, 48.844779087125033 ] ] } },
{ "type": "Feature", "properties": { "id": "3703", "geo_fid": 3703, "geo_creati": 1530173617566, "geo_modifi": 1530173617566, "id_alpage": "TR3710", "type": "Quai", "nom": "Saint Paul", "ref_scan": "ADO75CA_ANO597", "ref_scan2": null, "article": null, "nom2_scan2": null, "nom_entier": "Quai Saint Paul", "code_fiab": "1", "identifi": 3710, "oid": 1231555 }, "geometry": { "type": "LineString", "coordinates": [ [ 2.358907752597212, 48.852860854895674 ], [ 2.359259679579344, 48.852723648501808 ], [ 2.360327445511157, 48.852322631799225 ] ] } },
{ "type": "Feature", "properties": { "id": "1039", "geo_fid": 1039, "geo_creati": 1530173617242, "geo_modifi": 1530173617242, "id_alpage": "TR1039", "type": "Rue", "nom": "Charenton", "ref_scan": "ADO75CA_ANO542", "ref_scan2": null, "article": "de", "nom2_scan2": null, "nom_entier": "Rue de Charenton", "code_fiab": "1", "identifi": 1039, "oid": 1228891 }, "geometry": { "type": "LineString", "coordinates": [ [ 2.377085839706354, 48.847704294461089 ], [ 2.377047974872889, 48.84772247297439 ], [ 2.376919139454428, 48.847802103433608 ], [ 2.376841648033378, 48.847850870904743 ], [ 2.376745361100358, 48.847909896534603 ], [ 2.376656430417146, 48.847967120998305 ], [ 2.37662238628011, 48.847992672082654 ] ] } },
{ "type": "Feature", "properties": { "id": "1041", "geo_fid": 1041, "geo_creati": 1530173617242, "geo_modifi": 1530173617242, "id_alpage": "TR1041", "type": "Rue", "nom": "Charenton", "ref_scan": "ADO75CA_ANO541", "ref_scan2": null, "article": "de", "nom2_scan2": null, "nom_entier": "Rue de Charenton", "code_fiab": "1", "identifi": 1041, "oid": 1228893 }, "geometry": { "type": "LineString", "coordinates": [ [ 2.377085839706354, 48.847704294461089 ], [ 2.377292308592317, 48.84758461897983 ], [ 2.377557605134343, 48.847423016272124 ], [ 2.377733566271285, 48.847322775046557 ] ] } },
{ "type": "Feature", "properties": { "id": "1051", "geo_fid": 1051, "geo_creati": 1530173617243, "geo_modifi": 1530173617243, "id_alpage": "TR1051", "type": "Rue", "nom": "Saint Julien", "ref_scan": "ADO75CA_ANO577", "ref_scan2": null, "article": null, "nom2_scan2": null, "nom_entier": "Rue Saint Julien", "code_fiab": "1", "identifi": 1051, "oid": 1228903 }, "geometry": { "type": "LineString", "coordinates": [ [ 2.383805648263445, 48.850210719992567 ], [ 2.383817206900861, 48.850330768127442 ], [ 2.383817928583901, 48.85037384297592 ], [ 2.383826152889765, 48.850425547776304 ], [ 2.383831244143962, 48.850478332981986 ] ] } },
{ "type": "Feature", "properties": { "id": "1056", "geo_fid": 1056, "geo_creati": 1530173617243, "geo_modifi": 1530173617243, "id_alpage": "TR1056", "type": "Rue", "nom": "Faubourg Saint Antoine", "ref_scan": "ADO75CA_ANO578", "ref_scan2": null, "article": "du", "nom2_scan2": null, "nom_entier": "Rue du Faubourg Saint Antoine", "code_fiab": "1", "identifi": 1056, "oid": 1228908 }, "geometry": { "type": "LineString", "coordinates": [ [ 2.383805648263445, 48.850210719992567 ], [ 2.38236151233575, 48.8503460110635 ], [ 2.381911873621689, 48.850382338691333 ], [ 2.381838293105198, 48.850384705576253 ], [ 2.381631323105077, 48.85040178251311 ], [ 2.381490288424545, 48.850400398447235 ], [ 2.38141874766742, 48.85039808805503 ] ] } },
{ "type": "Feature", "properties": { "id": "1097", "geo_fid": 1097, "geo_creati": 1530173617246, "geo_modifi": 1530173617246, "id_alpage": "TR1097", "type": "Rue", "nom": "Gérard Bauquet", "ref_scan": "ADO75CA_ANO599", "ref_scan2": null, "article": null, "nom2_scan2": null, "nom_entier": "Rue Gérard Bauquet", "code_fiab": "1", "identifi": 1097, "oid": 1228949 }, "geometry": { "type": "LineString", "coordinates": [ [ 2.363304149259515, 48.852647077534556 ], [ 2.363276199047945, 48.852618846768067 ], [ 2.363225619132017, 48.852573624905773 ], [ 2.363098283920725, 48.852460435462213 ], [ 2.363023029108908, 48.852395165329462 ], [ 2.362874973945555, 48.852266602762825 ], [ 2.362729917325805, 48.852137769553288 ], [ 2.362703196588559, 48.852114304515041 ] ] } },
{ "type": "Feature", "properties": { "id": "1104", "geo_fid": 1104, "geo_creati": 1530173617246, "geo_modifi": 1530173617246, "id_alpage": "TR1104", "type": "Rue", "nom": "Barrées", "ref_scan": "ADO75CA_ANO597", "ref_scan2": null, "article": "des", "nom2_scan2": null, "nom_entier": "Rue des Barrées", "code_fiab": "1", "identifi": 1104, "oid": 1228956 }, "geometry": { "type": "LineString", "coordinates": [ [ 2.360110518560147, 48.852945151713286 ], [ 2.360271535148416, 48.852824526918788 ], [ 2.360332016735406, 48.852775774139431 ], [ 2.360369478319697, 48.852748158894208 ], [ 2.36040530398716, 48.852719195060551 ], [ 2.360518773555953, 48.852625737582414 ], [ 2.360600084709458, 48.852535973596659 ] ] } },
{ "type": "Feature", "properties": { "id": "1127", "geo_fid": 1127, "geo_creati": 1530173617248, "geo_modifi": 1530173617248, "id_alpage": "TR1127", "type": "Rue", "nom": "Saint Paul", "ref_scan": "ADO75CA_ANO591", "ref_scan2": null, "article": "Neuve", "nom2_scan2": null, "nom_entier": "Rue Neuve Saint Paul", "code_fiab": "1", "identifi": 1127, "oid": 1228979 }, "geometry": { "type": "LineString", "coordinates": [ [ 2.363304149259515, 48.852647077534556 ], [ 2.363278130062931, 48.852663180447898 ], [ 2.363044348161925, 48.852775013095275 ], [ 2.362773918020129, 48.852905738187907 ], [ 2.362634956267571, 48.852973664253874 ], [ 2.362565066778733, 48.853008301768263 ], [ 2.362389863154054, 48.853089904512053 ], [ 2.362251036633887, 48.853157830080974 ], [ 2.361988365622741, 48.853280098453098 ], [ 2.361710573771712, 48.853415948475657 ], [ 2.36164654074812, 48.853446537446686 ] ] } },
{ "type": "Feature", "properties": { "id": "1163", "geo_fid": 1163, "geo_creati": 1530173617251, "geo_modifi": 1530173617251, "id_alpage": "TR1163", "type": "Rue", "nom": "Saint Paul", "ref_scan": "ADO75CA_ANO592", "ref_scan2": null, "article": null, "nom2_scan2": null, "nom_entier": "Rue Saint Paul", "code_fiab": "1", "identifi": 1163, "oid": 1229015 }, "geometry": { "type": "LineString", "coordinates": [ [ 2.362360614173381, 48.854265799331976 ], [ 2.362223028251437, 48.854097395848385 ], [ 2.362219346494515, 48.854092720438786 ] ] } },
{ "type": "Feature", "properties": { "id": "1233", "geo_fid": 1233, "geo_creati": 1530173617266, "geo_modifi": 1530173617266, "id_alpage": "TR1233", "type": "Impasse", "nom": "Guéménée", "ref_scan": "ADO75CA_ANO518", "ref_scan2": null, "article": null, "nom2_scan2": null, "nom_entier": "Impasse Guéménée", "code_fiab": "1", "identifi": 1233, "oid": 1229085 }, "geometry": { "type": "LineString", "coordinates": [ [ 2.365612623532569, 48.853697596268333 ], [ 2.365696906081957, 48.853812322420403 ], [ 2.365805311083674, 48.854166878385904 ], [ 2.365905399848349, 48.854512803327111 ] ] } },
{ "type": "Feature", "properties": { "id": "1250", "geo_fid": 1250, "geo_creati": 1530173617267, "geo_modifi": 1530173617267, "id_alpage": "TR1250", "type": "Rue", "nom": "Sainte Catherine", "ref_scan": "ADO75CA_ANO513", "ref_scan2": null, "article": "Neuve", "nom2_scan2": null, "nom_entier": "Rue Neuve Sainte Catherine", "code_fiab": "1", "identifi": 1250, "oid": 1229102 }, "geometry": { "type": "LineString", "coordinates": [ [ 2.364266109803632, 48.856457250164247 ], [ 2.364192125006728, 48.85648613430326 ], [ 2.364136532012256, 48.856503863084406 ], [ 2.364021392350025, 48.856536713603795 ], [ 2.363668889986811, 48.856643089774906 ], [ 2.36332346864953, 48.85674163957033 ], [ 2.363201515838238, 48.856778357690921 ], [ 2.363126571662558, 48.856798968052665 ], [ 2.362835245068847, 48.856883835147649 ] ] } },
{ "type": "Feature", "properties": { "id": "3399", "geo_fid": 3399, "geo_creati": 1530173617533, "geo_modifi": 1530173617533, "id_alpage": "TR3404", "type": "Rue", "nom": "Saint Antoine", "ref_scan": "ADO75CA_ANO517", "ref_scan2": null, "article": null, "nom2_scan2": null, "nom_entier": "Rue Saint Antoine", "code_fiab": "1", "identifi": 3404, "oid": 1231251 }, "geometry": { "type": "LineString", "coordinates": [ [ 2.363631538745202, 48.854314792572481 ], [ 2.363043757668551, 48.854524457442352 ], [ 2.362891836102626, 48.854574041598191 ] ] } },
{ "type": "Feature", "properties": { "id": "3409", "geo_fid": 3409, "geo_creati": 1530173617544, "geo_modifi": 1530173617544, "id_alpage": "TR3414", "type": null, "nom": null, "ref_scan": "ADO75CA_ANO582", "ref_scan2": null, "article": null, "nom2_scan2": null, "nom_entier": null, "code_fiab": "3", "identifi": 3414, "oid": 1231261 }, "geometry": { "type": "LineString", "coordinates": [ [ 2.370133298212817, 48.853823180134292 ], [ 2.37025543999015, 48.854089509312544 ], [ 2.370598571018075, 48.854687155818645 ], [ 2.370757445566815, 48.854854823551769 ] ] } },
{ "type": "Feature", "properties": { "id": "3413", "geo_fid": 3413, "geo_creati": 1530173617544, "geo_modifi": 1530173617544, "id_alpage": "TR3418", "type": "Rue", "nom": "Charonne", "ref_scan": "ADO75CA_ANO491", "ref_scan2": null, "article": "de", "nom2_scan2": null, "nom_entier": "Rue de Charonne", "code_fiab": "1", "identifi": 3418, "oid": 1231265 }, "geometry": { "type": "LineString", "coordinates": [ [ 2.374526126770482, 48.852800076293548 ], [ 2.374500482253425, 48.852765912322376 ], [ 2.374246931955038, 48.852466267372471 ], [ 2.37405214862198, 48.852209767990139 ], [ 2.373739712578781, 48.851878306660744 ] ] } },
{ "type": "Feature", "properties": { "id": "3600", "geo_fid": 3600, "geo_creati": 1530173617551, "geo_modifi": 1530173617551, "id_alpage": "TR3607", "type": "Boulevard", "nom": "Bourdon", "ref_scan": "ADO75CA_ANO587", "ref_scan2": null, "article": null, "nom2_scan2": null, "nom_entier": "Boulevard Bourdon", "code_fiab": "1", "identifi": 3607, "oid": 1231452 }, "geometry": { "type": "LineString", "coordinates": [ [ 2.368831736478163, 48.853159795013326 ], [ 2.368095714522517, 48.851594093652366 ] ] } },
{ "type": "Feature", "properties": { "id": "3640", "geo_fid": 3640, "geo_creati": 1530173617563, "geo_modifi": 1530173617563, "id_alpage": "TR3647", "type": "Rue", "nom": "Lenoir", "ref_scan": "ADO75CA_ANO543", "ref_scan2": null, "article": null, "nom2_scan2": null, "nom_entier": "Rue Lenoir", "code_fiab": "1", "identifi": 3647, "oid": 1231492 }, "geometry": { "type": "LineString", "coordinates": [ [ 2.379357336783682, 48.850551563845613 ], [ 2.379278356926045, 48.85045384206974 ], [ 2.379205381271948, 48.850365920099556 ], [ 2.379079748923094, 48.85020778423614 ], [ 2.37900663771787, 48.850119862189374 ], [ 2.378995316298751, 48.850106107466566 ], [ 2.378959715637028, 48.850063315126967 ], [ 2.378833948495867, 48.849905089116781 ], [ 2.37870150244885, 48.849743448161014 ], [ 2.378575736938282, 48.849585221867471 ], [ 2.378518448755691, 48.849515189295289 ], [ 2.378407826762456, 48.849377910382721 ], [ 2.378282063110796, 48.849219683766997 ], [ 2.378262011455671, 48.84919388186335 ], [ 2.378237321985435, 48.849162056498407 ] ] } },
{ "type": "Feature", "properties": { "id": "3641", "geo_fid": 3641, "geo_creati": 1530173617563, "geo_modifi": 1530173617563, "id_alpage": "TR3648", "type": null, "nom": null, "ref_scan": "ADO75CA_ANO542", "ref_scan2": null, "article": null, "nom2_scan2": null, "nom_entier": null, "code_fiab": "2", "identifi": 3648, "oid": 1231493 }, "geometry": { "type": "LineString", "coordinates": [ [ 2.377262558886889, 48.848881559797938 ], [ 2.377823934988355, 48.848696021533812 ], [ 2.377865210513723, 48.848682427837183 ] ] } },
{ "type": "Feature", "properties": { "id": "3643", "geo_fid": 3643, "geo_creati": 1530173617563, "geo_modifi": 1530173617563, "id_alpage": "TR3650", "type": null, "nom": null, "ref_scan": "ADO75CA_ANO540", "ref_scan2": null, "article": null, "nom2_scan2": null, "nom_entier": null, "code_fiab": "2", "identifi": 3650, "oid": 1231495 }, "geometry": { "type": "LineString", "coordinates": [ [ 2.378579660662532, 48.848568683111843 ], [ 2.378604604166265, 48.848578386213468 ], [ 2.378646864956919, 48.848602921019399 ], [ 2.378703042615604, 48.848649482923754 ], [ 2.3787529593528, 48.848704320382751 ], [ 2.378782159020499, 48.848752330894285 ], [ 2.378788336556407, 48.84880718425147 ], [ 2.378780074009572, 48.848866179517692 ], [ 2.37876771672779, 48.848916902968973 ], [ 2.378709582886816, 48.848975916367039 ], [ 2.378682628549523, 48.849006141705573 ], [ 2.378651440891367, 48.849025307525551 ], [ 2.378237321985435, 48.849162056498407 ] ] } },
{ "type": "Feature", "properties": { "id": "3652", "geo_fid": 3652, "geo_creati": 1530173617564, "geo_modifi": 1530173617564, "id_alpage": "TR3659", "type": null, "nom": null, "ref_scan": "ADO75CA_ANO556", "ref_scan2": null, "article": null, "nom2_scan2": null, "nom_entier": null, "code_fiab": "1", "identifi": 3659, "oid": 1231504 }, "geometry": { "type": "LineString", "coordinates": [ [ 2.373329489116998, 48.844294694962109 ], [ 2.373164833437396, 48.844388091366383 ], [ 2.373130379914684, 48.844411842992251 ], [ 2.37284262844559, 48.844607434895579 ], [ 2.372613989678704, 48.844779087125033 ] ] } }
]
}
