id;id_fantoir;numero;rep;nom_voie;code_postal;code_insee;nom_commune;code_insee_ancienne_commune;nom_ancienne_commune;x;y;lon;lat;type_position;alias;nom_ld;libelle_acheminement;nom_afnor;source_position;source_nom_voie;certification_commune;cad_parcelles
75103_9506_00024;75103_9506;24;;Rue de Turenne;75003;75103;Paris 3e Arrondissement;;;653373.12;6862020.46;2.364523;48.856533;parcelle;;;PARIS;RUE DE TURENNE;commune;commune;vrai;
75103_9506_00029;75103_9506;29;;Rue de Turenne;75003;75103;Paris 3e Arrondissement;;;653354.54;6862027.51;2.364269;48.856595;parcelle;;;PARIS;RUE DE TURENNE;commune;commune;vrai;
75103_9382_00031;75103_9382;31;;Rue des Tournelles;75003;75103;Paris 3e Arrondissement;;;653571.61;6861966.16;2.367234;48.856059;parcelle;;;PARIS;RUE DES TOURNELLES;commune;commune;vrai;
75103_9382_00046;75103_9382;46;;Rue des Tournelles;75003;75103;Paris 3e Arrondissement;;;653582.65;6861961.18;2.367385;48.856015;parcelle;;;PARIS;RUE DES TOURNELLES;commune;commune;vrai;
75103_0756_00002;75103_0756;2;;Rue de Béarn;75003;75103;Paris 3e Arrondissement;;;653476.25;6861997.5;2.365931;48.856334;parcelle;;;PARIS;RUE DE BEARN;commune;commune;vrai;
75103_3820_00002;75103_3820;2;;Rue des Francs Bourgeois;75003;75103;Paris 3e Arrondissement;;;653383;6862008.37;2.364659;48.856425;parcelle;;;PARIS;RUE DES FRANCS BOURGEOIS;commune;commune;vrai;
75103_3820_00002_b;75103_3820;2;b;Rue des Francs Bourgeois;75003;75103;Paris 3e Arrondissement;;;653373.99;6862010.56;2.364536;48.856444;parcelle;;;PARIS;RUE DES FRANCS BOURGEOIS;commune;commune;vrai;
75103_3820_00002_t;75103_3820;2;t;Rue des Francs Bourgeois;75003;75103;Paris 3e Arrondissement;;;653348.77;6862021.88;2.364191;48.856544;parcelle;;;PARIS;RUE DES FRANCS BOURGEOIS;commune;commune;vrai;
75103_9917_00021;75103_9917;21;;Place des Vosges;75003;75103;Paris 3e Arrondissement;;;653407.35;6862007.18;2.364991;48.856416;parcelle;;;PARIS;PLACE DES VOSGES;commune;commune;vrai;
75103_9917_00023;75103_9917;23;;Place des Vosges;75003;75103;Paris 3e Arrondissement;;;653429.9;6862001.44;2.365299;48.856366;parcelle;;;PARIS;PLACE DES VOSGES;commune;commune;vrai;
75103_9917_00024;75103_9917;24;;Place des Vosges;75003;75103;Paris 3e Arrondissement;;;653531.47;6861975.27;2.366686;48.856138;parcelle;;;PARIS;PLACE DES VOSGES;commune;commune;vrai;
75103_9917_00025;75103_9917;25;;Place des Vosges;75003;75103;Paris 3e Arrondissement;;;653447.11;6861996.96;2.365534;48.856327;parcelle;;;PARIS;PLACE DES VOSGES;commune;commune;vrai;
75103_9917_00026;75103_9917;26;;Place des Vosges;75003;75103;Paris 3e Arrondissement;;;653506.13;6861981.81;2.36634;48.856195;parcelle;;;PARIS;PLACE DES VOSGES;commune;commune;vrai;
75103_9917_00028;75103_9917;28;;Place des Vosges;75003;75103;Paris 3e Arrondissement;;;653483.58;6861987.44;2.366032;48.856244;parcelle;;;PARIS;PLACE DES VOSGES;commune;commune;vrai;
75103_7078_00002;75103_7078;2;;Rue du Pas de la Mule;75003;75103;Paris 3e Arrondissement;;;653625.45;6861946.27;2.36797;48.855884;parcelle;;;PARIS;RUE DU PAS DE LA MULE;commune;commune;vrai;
75103_7078_00004;75103_7078;4;;Rue du Pas de la Mule;75003;75103;Paris 3e Arrondissement;;;653608.17;6861950.74;2.367734;48.855923;parcelle;;;PARIS;RUE DU PAS DE LA MULE;commune;commune;vrai;
75103_7078_00006;75103_7078;6;;Rue du Pas de la Mule;75003;75103;Paris 3e Arrondissement;;;653562.7;6861962.67;2.367113;48.856027;parcelle;;;PARIS;RUE DU PAS DE LA MULE;commune;commune;vrai;
75103_7078_00008;75103_7078;8;;Rue du Pas de la Mule;75003;75103;Paris 3e Arrondissement;;;653551.57;6861965.54;2.366961;48.856052;parcelle;;;PARIS;RUE DU PAS DE LA MULE;commune;commune;vrai;
75103_7078_00004_b;75103_7078;4;b;Rue du Pas de la Mule;75003;75103;Paris 3e Arrondissement;;;653594.26;6861954.19;2.367544;48.855953;parcelle;;;PARIS;RUE DU PAS DE LA MULE;commune;commune;vrai;
75104_kzycew_00064;;64;;Voie Georges Pompidou;75004;75104;Paris 4e Arrondissement;;;653128.13;6861414.3;2.361251;48.851064;parcelle;;;PARIS;VOIE GEORGES POMPIDOU;commune;commune;vrai;
75104_kzycew_00072;;72;;Voie Georges Pompidou;75004;75104;Paris 4e Arrondissement;;;653056.59;6861542.42;2.360262;48.852211;parcelle;;;PARIS;VOIE GEORGES POMPIDOU;commune;commune;vrai;
75104_4365_00001;75104_4365;1;;Impasse Guéménée;75004;75104;Paris 4e Arrondissement;;;653453.92;6861730.14;2.365656;48.853928;parcelle;;;PARIS;IMPASSE GUEMENEE;commune;commune;vrai;
75104_4365_00002;75104_4365;2;;Impasse Guéménée;75004;75104;Paris 4e Arrondissement;;;653466.21;6861734.6;2.365823;48.853969;parcelle;;;PARIS;IMPASSE GUEMENEE;commune;commune;vrai;
75104_4365_00003;75104_4365;3;;Impasse Guéménée;75004;75104;Paris 4e Arrondissement;;;653457.28;6861746.46;2.3657;48.854075;parcelle;;;PARIS;IMPASSE GUEMENEE;commune;commune;vrai;
75104_4365_00004;75104_4365;4;;Impasse Guéménée;75004;75104;Paris 4e Arrondissement;;;653468.94;6861745.81;2.365859;48.85407;parcelle;;;PARIS;IMPASSE GUEMENEE;commune;commune;vrai;
75104_4365_00005;75104_4365;5;;Impasse Guéménée;75004;75104;Paris 4e Arrondissement;;;653460.64;6861762.45;2.365744;48.854219;parcelle;;;PARIS;IMPASSE GUEMENEE;commune;commune;vrai;
75104_4365_00006;75104_4365;6;;Impasse Guéménée;75004;75104;Paris 4e Arrondissement;;;653471.15;6861756.02;2.365888;48.854162;parcelle;;;PARIS;IMPASSE GUEMENEE;commune;commune;vrai;
75104_4365_00007;75104_4365;7;;Impasse Guéménée;75004;75104;Paris 4e Arrondissement;;;653465.37;6861784.65;2.365806;48.854419;parcelle;;;PARIS;IMPASSE GUEMENEE;commune;commune;vrai;
75104_4365_00008;75104_4365;8;;Impasse Guéménée;75004;75104;Paris 4e Arrondissement;;;653473.75;6861768.34;2.365922;48.854273;parcelle;;;PARIS;IMPASSE GUEMENEE;commune;commune;vrai;
75104_4365_00009;75104_4365;9;;Impasse Guéménée;75004;75104;Paris 4e Arrondissement;;;653467.5;6861794.97;2.365834;48.854512;parcelle;;;PARIS;IMPASSE GUEMENEE;commune;commune;vrai;
75104_4365_00010;75104_4365;10;;Impasse Guéménée;75004;75104;Paris 4e Arrondissement;;;653477.56;6861785.99;2.365972;48.854432;parcelle;;;PARIS;IMPASSE GUEMENEE;commune;commune;vrai;
75104_4365_00011;75104_4365;11;;Impasse Guéménée;75004;75104;Paris 4e Arrondissement;;;653468.91;6861796.74;2.365853;48.854528;parcelle;;;PARIS;IMPASSE GUEMENEE;commune;commune;vrai;
75104_4365_00012;75104_4365;12;;Impasse Guéménée;75004;75104;Paris 4e Arrondissement;;;653474.04;6861795.47;2.365923;48.854517;parcelle;;;PARIS;IMPASSE GUEMENEE;commune;commune;vrai;
75104_4831_00001;75104_4831;1;;Rue de Jarente;75004;75104;Paris 4e Arrondissement;;;653292.38;6861907.91;2.363435;48.855515;parcelle;;;PARIS;RUE DE JARENTE;commune;commune;vrai;
75104_4831_00002;75104_4831;2;;Rue de Jarente;75004;75104;Paris 4e Arrondissement;;;653295.52;6861916.12;2.363477;48.855589;parcelle;;;PARIS;RUE DE JARENTE;commune;commune;vrai;
75104_8723_00001;75104_8723;1;;Rue Saint-Paul;75004;75104;Paris 4e Arrondissement;;;653066.11;6861576.92;2.360388;48.852522;parcelle;;;PARIS;RUE SAINT PAUL;commune;commune;vrai;
75104_8723_00002;75104_8723;2;;Rue Saint-Paul;75004;75104;Paris 4e Arrondissement;;;653101.57;6861587.53;2.36087;48.85262;parcelle;;;PARIS;RUE SAINT PAUL;commune;commune;vrai;
75104_8723_00003;75104_8723;3;;Rue Saint-Paul;75004;75104;Paris 4e Arrondissement;;;653070.78;6861582.22;2.360451;48.85257;parcelle;;;PARIS;RUE SAINT PAUL;commune;commune;vrai;
75104_8723_00004;75104_8723;4;;Rue Saint-Paul;75004;75104;Paris 4e Arrondissement;;;653109.36;6861597.81;2.360975;48.852713;parcelle;;;PARIS;RUE SAINT PAUL;commune;commune;vrai;
75104_8723_00005;75104_8723;5;;Rue Saint-Paul;75004;75104;Paris 4e Arrondissement;;;653090.38;6861600.97;2.360716;48.85274;parcelle;;;PARIS;RUE SAINT PAUL;commune;commune;vrai;
75104_8723_00006;75104_8723;6;;Rue Saint-Paul;75004;75104;Paris 4e Arrondissement;;;653118.18;6861609.2;2.361094;48.852816;parcelle;;;PARIS;RUE SAINT PAUL;commune;commune;vrai;
75104_8723_00007;75104_8723;7;;Rue Saint-Paul;75004;75104;Paris 4e Arrondissement;;;653110.2;6861620.71;2.360984;48.852919;parcelle;;;PARIS;RUE SAINT PAUL;commune;commune;vrai;
75104_8723_00008;75104_8723;8;;Rue Saint-Paul;75004;75104;Paris 4e Arrondissement;;;653133.92;6861631.86;2.361306;48.853021;parcelle;;;PARIS;RUE SAINT PAUL;commune;commune;vrai;
75104_8723_00009;75104_8723;9;;Rue Saint-Paul;75004;75104;Paris 4e Arrondissement;;;653119.25;6861632.54;2.361106;48.853026;parcelle;;;PARIS;RUE SAINT PAUL;commune;commune;vrai;
75104_8723_00010;75104_8723;10;;Rue Saint-Paul;75004;75104;Paris 4e Arrondissement;;;653143.72;6861645.8;2.361438;48.853147;parcelle;;;PARIS;RUE SAINT PAUL;commune;commune;vrai;
75104_8723_00011;75104_8723;11;;Rue Saint-Paul;75004;75104;Paris 4e Arrondissement;;;653127.12;6861643.37;2.361212;48.853124;parcelle;;;PARIS;RUE SAINT PAUL;commune;commune;vrai;
75104_8723_00012;75104_8723;12;;Rue Saint-Paul;75004;75104;Paris 4e Arrondissement;;;653148.99;6861653.2;2.361509;48.853214;parcelle;;;PARIS;RUE SAINT PAUL;commune;commune;vrai;
75104_8723_00013;75104_8723;13;;Rue Saint-Paul;75004;75104;Paris 4e Arrondissement;;;653130.24;6861648.35;2.361254;48.853169;parcelle;;;PARIS;RUE SAINT PAUL;commune;commune;vrai;
75104_8723_00014;75104_8723;14;;Rue Saint-Paul;75004;75104;Paris 4e Arrondissement;;;653151.59;6861656.96;2.361544;48.853248;parcelle;;;PARIS;RUE SAINT PAUL;commune;commune;vrai;
75104_8723_00015;75104_8723;15;;Rue Saint-Paul;75004;75104;Paris 4e Arrondissement;;;653135;6861655.98;2.361318;48.853238;parcelle;;;PARIS;RUE SAINT PAUL;commune;commune;vrai;
75104_8723_00016;75104_8723;16;;Rue Saint-Paul;75004;75104;Paris 4e Arrondissement;;;653155.15;6861662.05;2.361592;48.853294;parcelle;;;PARIS;RUE SAINT PAUL;commune;commune;vrai;
75104_8723_00017;75104_8723;17;;Rue Saint-Paul;75004;75104;Paris 4e Arrondissement;;;653140.42;6861664.17;2.361391;48.853312;parcelle;;;PARIS;RUE SAINT PAUL;commune;commune;vrai;
75104_8723_00018;75104_8723;18;;Rue Saint-Paul;75004;75104;Paris 4e Arrondissement;;;653160.2;6861668.79;2.36166;48.853355;parcelle;;;PARIS;RUE SAINT PAUL;commune;commune;vrai;
75104_8723_00019;75104_8723;19;;Rue Saint-Paul;75004;75104;Paris 4e Arrondissement;;;653145.92;6861672.13;2.361465;48.853384;parcelle;;;PARIS;RUE SAINT PAUL;commune;commune;vrai;
75104_8723_00020;75104_8723;20;;Rue Saint-Paul;75004;75104;Paris 4e Arrondissement;;;653172.2;6861683.48;2.361822;48.853488;parcelle;;;PARIS;RUE SAINT PAUL;commune;commune;vrai;
75104_8723_00021;75104_8723;21;;Rue Saint-Paul;75004;75104;Paris 4e Arrondissement;;;653156.71;6861682.16;2.361611;48.853475;parcelle;;;PARIS;RUE SAINT PAUL;commune;commune;vrai;
75104_8723_00022;75104_8723;22;;Rue Saint-Paul;75004;75104;Paris 4e Arrondissement;;;653179.2;6861695.33;2.361916;48.853595;parcelle;;;PARIS;RUE SAINT PAUL;commune;commune;vrai;
75104_8723_00023;75104_8723;23;;Rue Saint-Paul;75004;75104;Paris 4e Arrondissement;;;653164.36;6861693.33;2.361714;48.853576;parcelle;;;PARIS;RUE SAINT PAUL;commune;commune;vrai;
75104_8723_00024;75104_8723;24;;Rue Saint-Paul;75004;75104;Paris 4e Arrondissement;;;653185.08;6861705.29;2.361995;48.853685;parcelle;;;PARIS;RUE SAINT PAUL;commune;commune;vrai;
75104_8723_00025;75104_8723;25;;Rue Saint-Paul;75004;75104;Paris 4e Arrondissement;;;653168.52;6861700.08;2.36177;48.853637;parcelle;;;PARIS;RUE SAINT PAUL;commune;commune;vrai;
75104_8723_00026;75104_8723;26;;Rue Saint-Paul;75004;75104;Paris 4e Arrondissement;;;653188.35;6861710.82;2.362039;48.853735;parcelle;;;PARIS;RUE SAINT PAUL;commune;commune;vrai;
75104_8723_00027;75104_8723;27;;Rue Saint-Paul;75004;75104;Paris 4e Arrondissement;;;653173.73;6861709.16;2.36184;48.853719;parcelle;;;PARIS;RUE SAINT PAUL;commune;commune;vrai;
75104_8723_00028;75104_8723;28;;Rue Saint-Paul;75004;75104;Paris 4e Arrondissement;;;653193.49;6861720.45;2.362108;48.853822;parcelle;;;PARIS;RUE SAINT PAUL;commune;commune;vrai;
75104_8723_00029;75104_8723;29;;Rue Saint-Paul;75004;75104;Paris 4e Arrondissement;;;653180.29;6861721;2.361928;48.853826;parcelle;;;PARIS;RUE SAINT PAUL;commune;commune;vrai;
75104_8723_00030;75104_8723;30;;Rue Saint-Paul;75004;75104;Paris 4e Arrondissement;;;653199.14;6861729.52;2.362184;48.853904;parcelle;;;PARIS;RUE SAINT PAUL;commune;commune;vrai;
75104_8723_00031;75104_8723;31;;Rue Saint-Paul;75004;75104;Paris 4e Arrondissement;;;653186.93;6861735.07;2.362017;48.853953;parcelle;;;PARIS;RUE SAINT PAUL;commune;commune;vrai;
75104_8723_00032;75104_8723;32;;Rue Saint-Paul;75004;75104;Paris 4e Arrondissement;;;653204.2;6861738.05;2.362252;48.853981;parcelle;;;PARIS;RUE SAINT PAUL;commune;commune;vrai;
75104_8723_00033;75104_8723;33;;Rue Saint-Paul;75004;75104;Paris 4e Arrondissement;;;653188.65;6861738.5;2.36204;48.853984;parcelle;;;PARIS;RUE SAINT PAUL;commune;commune;vrai;
75104_8723_00035;75104_8723;35;;Rue Saint-Paul;75004;75104;Paris 4e Arrondissement;;;653192.22;6861745.48;2.362088;48.854047;parcelle;;;PARIS;RUE SAINT PAUL;commune;commune;vrai;
75104_8723_00036;75104_8723;36;;Rue Saint-Paul;75004;75104;Paris 4e Arrondissement;;;653222.5;6861759.36;2.362499;48.854174;parcelle;;;PARIS;RUE SAINT PAUL;commune;commune;vrai;
75104_8723_00037;75104_8723;37;;Rue Saint-Paul;75004;75104;Paris 4e Arrondissement;;;653196.11;6861753.46;2.36214;48.854119;parcelle;;;PARIS;RUE SAINT PAUL;commune;commune;vrai;
75104_8723_00038;75104_8723;38;;Rue Saint-Paul;75004;75104;Paris 4e Arrondissement;;;653228.73;6861768.65;2.362583;48.854258;parcelle;;;PARIS;RUE SAINT PAUL;commune;commune;vrai;
75104_8723_00039;75104_8723;39;;Rue Saint-Paul;75004;75104;Paris 4e Arrondissement;;;653199.89;6861759.1;2.362191;48.85417;parcelle;;;PARIS;RUE SAINT PAUL;commune;commune;vrai;
75104_8723_00040;75104_8723;40;;Rue Saint-Paul;75004;75104;Paris 4e Arrondissement;;;653228.41;6861783.11;2.362577;48.854388;parcelle;;;PARIS;RUE SAINT PAUL;commune;commune;vrai;
75104_8723_00041;75104_8723;41;;Rue Saint-Paul;75004;75104;Paris 4e Arrondissement;;;653202.87;6861763.97;2.362231;48.854214;parcelle;;;PARIS;RUE SAINT PAUL;commune;commune;vrai;
75104_8723_00042;75104_8723;42;;Rue Saint-Paul;75004;75104;Paris 4e Arrondissement;;;653232.51;6861790.53;2.362632;48.854455;parcelle;;;PARIS;RUE SAINT PAUL;commune;commune;vrai;
75104_8723_00043;75104_8723;43;;Rue Saint-Paul;75004;75104;Paris 4e Arrondissement;;;653205.55;6861768.73;2.362267;48.854257;parcelle;;;PARIS;RUE SAINT PAUL;commune;commune;vrai;
75104_8723_00044;75104_8723;44;;Rue Saint-Paul;75004;75104;Paris 4e Arrondissement;;;653235.41;6861795.17;2.362671;48.854497;parcelle;;;PARIS;RUE SAINT PAUL;commune;commune;vrai;
75104_8723_00045;75104_8723;45;;Rue Saint-Paul;75004;75104;Paris 4e Arrondissement;;;653210.09;6861777.14;2.362328;48.854333;parcelle;;;PARIS;RUE SAINT PAUL;commune;commune;vrai;
75104_8723_00047;75104_8723;47;;Rue Saint-Paul;75004;75104;Paris 4e Arrondissement;;;653213.43;6861781.23;2.362373;48.85437;parcelle;;;PARIS;RUE SAINT PAUL;commune;commune;vrai;
75104_8723_00049;75104_8723;49;;Rue Saint-Paul;75004;75104;Paris 4e Arrondissement;;;653216.4;6861786.1;2.362413;48.854414;parcelle;;;PARIS;RUE SAINT PAUL;commune;commune;vrai;
75104_8723_00051;75104_8723;51;;Rue Saint-Paul;75004;75104;Paris 4e Arrondissement;;;653219.3;6861790.63;2.362452;48.854455;parcelle;;;PARIS;RUE SAINT PAUL;commune;commune;vrai;
75104_8723_00053;75104_8723;53;;Rue Saint-Paul;75004;75104;Paris 4e Arrondissement;;;653222.05;6861794.61;2.362489;48.854491;parcelle;;;PARIS;RUE SAINT PAUL;commune;commune;vrai;
75104_8723_00055;75104_8723;55;;Rue Saint-Paul;75004;75104;Paris 4e Arrondissement;;;653226.35;6861800.69;2.362547;48.854546;parcelle;;;PARIS;RUE SAINT PAUL;commune;commune;vrai;
75104_8723_00005_b;75104_8723;5;b;Rue Saint-Paul;75004;75104;Paris 4e Arrondissement;;;653100.6;6861612.78;2.360854;48.852847;parcelle;;;PARIS;RUE SAINT PAUL;commune;commune;vrai;
75104_7078_00001;75104_7078;1;;Rue du Pas de la Mule;75004;75104;Paris 4e Arrondissement;;;653641.69;6861930.57;2.368193;48.855744;parcelle;;;PARIS;RUE DU PAS DE LA MULE;commune;commune;vrai;
75104_7078_00003;75104_7078;3;;Rue du Pas de la Mule;75004;75104;Paris 4e Arrondissement;;;653624.77;6861934.93;2.367962;48.855782;parcelle;;;PARIS;RUE DU PAS DE LA MULE;commune;commune;vrai;
75104_7078_00005;75104_7078;5;;Rue du Pas de la Mule;75004;75104;Paris 4e Arrondissement;;;653602.37;6861940.67;2.367656;48.855832;parcelle;;;PARIS;RUE DU PAS DE LA MULE;commune;commune;vrai;
75104_7078_00007;75104_7078;7;;Rue du Pas de la Mule;75004;75104;Paris 4e Arrondissement;;;653585.52;6861945.03;2.367426;48.85587;parcelle;;;PARIS;RUE DU PAS DE LA MULE;commune;commune;vrai;
75104_7078_00009;75104_7078;9;;Rue du Pas de la Mule;75004;75104;Paris 4e Arrondissement;;;653567.66;6861949.62;2.367182;48.85591;parcelle;;;PARIS;RUE DU PAS DE LA MULE;commune;commune;vrai;
75104_7078_00011;75104_7078;11;;Rue du Pas de la Mule;75004;75104;Paris 4e Arrondissement;;;653560.33;6861951.35;2.367082;48.855925;parcelle;;;PARIS;RUE DU PAS DE LA MULE;commune;commune;vrai;
75104_7078_00013;75104_7078;13;;Rue du Pas de la Mule;75004;75104;Paris 4e Arrondissement;;;653552.28;6861953.42;2.366972;48.855943;parcelle;;;PARIS;RUE DU PAS DE LA MULE;commune;commune;vrai;
75104_7078_00015;75104_7078;15;;Rue du Pas de la Mule;75004;75104;Paris 4e Arrondissement;;;653539.46;6861956.52;2.366797;48.85597;parcelle;;;PARIS;RUE DU PAS DE LA MULE;commune;commune;vrai;
75104_0978_00001;75104_0978;1;;Rue de Birague;75004;75104;Paris 4e Arrondissement;;;653393.68;6861749.42;2.364833;48.854097;parcelle;;;PARIS;RUE DE BIRAGUE;commune;commune;vrai;
75104_0978_00002;75104_0978;2;;Rue de Birague;75004;75104;Paris 4e Arrondissement;;;653405.88;6861742.76;2.365;48.854038;parcelle;;;PARIS;RUE DE BIRAGUE;commune;commune;vrai;
75104_0978_00003;75104_0978;3;;Rue de Birague;75004;75104;Paris 4e Arrondissement;;;653398.15;6861766.17;2.364892;48.854248;parcelle;;;PARIS;RUE DE BIRAGUE;commune;commune;vrai;
75104_0978_00004;75104_0978;4;;Rue de Birague;75004;75104;Paris 4e Arrondissement;;;653408.23;6861750.97;2.365031;48.854112;parcelle;;;PARIS;RUE DE BIRAGUE;commune;commune;vrai;
75104_0978_00005;75104_0978;5;;Rue de Birague;75004;75104;Paris 4e Arrondissement;;;653403.37;6861786.03;2.364961;48.854427;parcelle;;;PARIS;RUE DE BIRAGUE;commune;commune;vrai;
75104_0978_00006;75104_0978;6;;Rue de Birague;75004;75104;Paris 4e Arrondissement;;;653411.09;6861760.84;2.365069;48.854201;parcelle;;;PARIS;RUE DE BIRAGUE;commune;commune;vrai;
75104_0978_00007;75104_0978;7;;Rue de Birague;75004;75104;Paris 4e Arrondissement;;;653405.04;6861792.25;2.364983;48.854483;parcelle;;;PARIS;RUE DE BIRAGUE;commune;commune;vrai;
75104_0978_00008;75104_0978;8;;Rue de Birague;75004;75104;Paris 4e Arrondissement;;;653413.36;6861768.39;2.365099;48.854269;parcelle;;;PARIS;RUE DE BIRAGUE;commune;commune;vrai;
75104_0978_00009;75104_0978;9;;Rue de Birague;75004;75104;Paris 4e Arrondissement;;;653407;6861799.68;2.365009;48.85455;parcelle;;;PARIS;RUE DE BIRAGUE;commune;commune;vrai;
75104_0978_00010;75104_0978;10;;Rue de Birague;75004;75104;Paris 4e Arrondissement;;;653415.69;6861776.37;2.36513;48.854341;parcelle;;;PARIS;RUE DE BIRAGUE;commune;commune;vrai;
75104_0978_00011;75104_0978;11;;Rue de Birague;75004;75104;Paris 4e Arrondissement;;;653408.97;6861807.23;2.365035;48.854618;parcelle;;;PARIS;RUE DE BIRAGUE;commune;commune;vrai;
75104_0978_00012;75104_0978;12;;Rue de Birague;75004;75104;Paris 4e Arrondissement;;;653418.64;6861786.25;2.365169;48.85443;parcelle;;;PARIS;RUE DE BIRAGUE;commune;commune;vrai;
75104_0978_00014;75104_0978;14;;Rue de Birague;75004;75104;Paris 4e Arrondissement;;;653421.73;6861796.9;2.36521;48.854526;parcelle;;;PARIS;RUE DE BIRAGUE;commune;commune;vrai;
75104_0978_00016;75104_0978;16;;Rue de Birague;75004;75104;Paris 4e Arrondissement;;;653429.35;6861822.52;2.365311;48.854757;parcelle;;;PARIS;RUE DE BIRAGUE;commune;commune;vrai;
75104_0978_00011_b;75104_0978;11;b;Rue de Birague;75004;75104;Paris 4e Arrondissement;;;653413.59;6861824.76;2.365096;48.854776;parcelle;;;PARIS;RUE DE BIRAGUE;commune;commune;vrai;
75104_1190_00001;75104_1190;1;;Boulevard Bourdon;75004;75104;Paris 4e Arrondissement;;;653451.51;6861055.86;2.365697;48.847864;parcelle;;;PARIS;BOULEVARD BOURDON;commune;commune;vrai;
75104_1190_00002;75104_1190;2;;Boulevard Bourdon;75004;75104;Paris 4e Arrondissement;;;653487.14;6861041.22;2.366184;48.847735;parcelle;;;PARIS;BOULEVARD BOURDON;commune;commune;vrai;
75104_1190_00003;75104_1190;3;;Boulevard Bourdon;75004;75104;Paris 4e Arrondissement;;;653455.06;6861068.28;2.365744;48.847976;parcelle;;;PARIS;BOULEVARD BOURDON;commune;commune;vrai;
75104_1190_00005;75104_1190;5;;Boulevard Bourdon;75004;75104;Paris 4e Arrondissement;;;653459.88;6861083.81;2.365808;48.848116;parcelle;;;PARIS;BOULEVARD BOURDON;commune;commune;vrai;
75104_1190_00007;75104_1190;7;;Boulevard Bourdon;75004;75104;Paris 4e Arrondissement;;;653463.65;6861096.01;2.365858;48.848226;parcelle;;;PARIS;BOULEVARD BOURDON;commune;commune;vrai;
75104_1190_00009;75104_1190;9;;Boulevard Bourdon;75004;75104;Paris 4e Arrondissement;;;653469.53;6861115.09;2.365936;48.848398;parcelle;;;PARIS;BOULEVARD BOURDON;commune;commune;vrai;
75104_1190_00011;75104_1190;11;;Boulevard Bourdon;75004;75104;Paris 4e Arrondissement;;;653473.82;6861128.96;2.365993;48.848523;parcelle;;;PARIS;BOULEVARD BOURDON;commune;commune;vrai;
75104_1190_00013;75104_1190;13;;Boulevard Bourdon;75004;75104;Paris 4e Arrondissement;;;653479.02;6861145.7;2.366062;48.848674;parcelle;;;PARIS;BOULEVARD BOURDON;commune;commune;vrai;
75104_1190_00015;75104_1190;15;;Boulevard Bourdon;75004;75104;Paris 4e Arrondissement;;;653484.75;6861164.34;2.366138;48.848842;parcelle;;;PARIS;BOULEVARD BOURDON;commune;commune;vrai;
75104_1190_00017;75104_1190;17;;Boulevard Bourdon;75004;75104;Paris 4e Arrondissement;;;653488.81;6861177.32;2.366192;48.848959;parcelle;;;PARIS;BOULEVARD BOURDON;commune;commune;vrai;
75104_1190_00019;75104_1190;19;;Boulevard Bourdon;75004;75104;Paris 4e Arrondissement;;;653496.88;6861203.61;2.366299;48.849196;parcelle;;;PARIS;BOULEVARD BOURDON;commune;commune;vrai;
75104_1190_00021;75104_1190;21;;Boulevard Bourdon;75004;75104;Paris 4e Arrondissement;;;653509.84;6861245.54;2.366471;48.849574;parcelle;;;PARIS;BOULEVARD BOURDON;commune;commune;vrai;
75104_1190_00023;75104_1190;23;;Boulevard Bourdon;75004;75104;Paris 4e Arrondissement;;;653525.81;6861297.23;2.366683;48.85004;parcelle;;;PARIS;BOULEVARD BOURDON;commune;commune;vrai;
75104_1190_00025;75104_1190;25;;Boulevard Bourdon;75004;75104;Paris 4e Arrondissement;;;653550.67;6861377.87;2.367013;48.850767;parcelle;;;PARIS;BOULEVARD BOURDON;commune;commune;vrai;
75104_1190_00027;75104_1190;27;;Boulevard Bourdon;75004;75104;Paris 4e Arrondissement;;;653560.32;6861408.92;2.367141;48.851047;parcelle;;;PARIS;BOULEVARD BOURDON;commune;commune;vrai;
75104_1190_00029;75104_1190;29;;Boulevard Bourdon;75004;75104;Paris 4e Arrondissement;;;653566.87;6861430;2.367228;48.851237;parcelle;;;PARIS;BOULEVARD BOURDON;commune;commune;vrai;
75104_1190_00031;75104_1190;31;;Boulevard Bourdon;75004;75104;Paris 4e Arrondissement;;;653572.52;6861448.52;2.367303;48.851404;parcelle;;;PARIS;BOULEVARD BOURDON;commune;commune;vrai;
75104_1190_00033;75104_1190;33;;Boulevard Bourdon;75004;75104;Paris 4e Arrondissement;;;653585.78;6861491.34;2.367479;48.85179;parcelle;;;PARIS;BOULEVARD BOURDON;commune;commune;vrai;
75104_1190_00034;75104_1190;34;;Boulevard Bourdon;75004;75104;Paris 4e Arrondissement;;;653629.7;6861523.24;2.368074;48.85208;parcelle;;;PARIS;BOULEVARD BOURDON;commune;commune;vrai;
75104_1190_00035;75104_1190;35;;Boulevard Bourdon;75004;75104;Paris 4e Arrondissement;;;653593.69;6861517.19;2.367584;48.852023;parcelle;;;PARIS;BOULEVARD BOURDON;commune;commune;vrai;
75104_1190_00037;75104_1190;37;;Boulevard Bourdon;75004;75104;Paris 4e Arrondissement;;;653600.02;6861537.82;2.367668;48.852209;parcelle;;;PARIS;BOULEVARD BOURDON;commune;commune;vrai;
75104_1190_00039;75104_1190;39;;Boulevard Bourdon;75004;75104;Paris 4e Arrondissement;;;653605.22;6861554.68;2.367737;48.852361;parcelle;;;PARIS;BOULEVARD BOURDON;commune;commune;vrai;
75104_1190_00041;75104_1190;41;;Boulevard Bourdon;75004;75104;Paris 4e Arrondissement;;;653609.74;6861569.43;2.367797;48.852494;parcelle;;;PARIS;BOULEVARD BOURDON;commune;commune;vrai;
75104_1190_00031_b;75104_1190;31;b;Boulevard Bourdon;75004;75104;Paris 4e Arrondissement;;;653577.94;6861465.83;2.367375;48.85156;parcelle;;;PARIS;BOULEVARD BOURDON;commune;commune;vrai;
75104_1190_00023_b;75104_1190;23;b;Boulevard Bourdon;75004;75104;Paris 4e Arrondissement;;;653534.7;6861326.18;2.366801;48.850301;parcelle;;;PARIS;BOULEVARD BOURDON;commune;commune;vrai;
75104_1190_00007_b;75104_1190;7;b;Boulevard Bourdon;75004;75104;Paris 4e Arrondissement;;;653466.06;6861103.89;2.36589;48.848297;parcelle;;;PARIS;BOULEVARD BOURDON;commune;commune;vrai;
75104_1190_00021_b;75104_1190;21;b;Boulevard Bourdon;75004;75104;Paris 4e Arrondissement;;;653517.82;6861271.38;2.366577;48.849807;parcelle;;;PARIS;BOULEVARD BOURDON;commune;commune;vrai;
75104_1190_00023_t;75104_1190;23;t;Boulevard Bourdon;75004;75104;Paris 4e Arrondissement;;;653541.56;6861348.47;2.366892;48.850502;parcelle;;;PARIS;BOULEVARD BOURDON;commune;commune;vrai;
75104_1190_00033_b;75104_1190;33;b;Boulevard Bourdon;75004;75104;Paris 4e Arrondissement;;;653589.25;6861502.66;2.367525;48.851892;parcelle;;;PARIS;BOULEVARD BOURDON;commune;commune;vrai;
75104_9917_00001;75104_9917;1;;Place des Vosges;75004;75104;Paris 4e Arrondissement;;;653428.68;6861849.44;2.365299;48.854999;parcelle;;;PARIS;PLACE DES VOSGES;commune;commune;vrai;
75104_9917_00002;75104_9917;2;;Place des Vosges;75004;75104;Paris 4e Arrondissement;;;653457.13;6861837.2;2.365688;48.854891;parcelle;;;PARIS;PLACE DES VOSGES;commune;commune;vrai;
75104_9917_00003;75104_9917;3;;Place des Vosges;75004;75104;Paris 4e Arrondissement;;;653385.08;6861856.57;2.364704;48.85506;parcelle;;;PARIS;PLACE DES VOSGES;commune;commune;vrai;
75104_9917_00004;75104_9917;4;;Place des Vosges;75004;75104;Paris 4e Arrondissement;;;653472.5;6861833.07;2.365898;48.854855;parcelle;;;PARIS;PLACE DES VOSGES;commune;commune;vrai;
75104_9917_00005;75104_9917;5;;Place des Vosges;75004;75104;Paris 4e Arrondissement;;;653366.85;6861861.94;2.364455;48.855107;parcelle;;;PARIS;PLACE DES VOSGES;commune;commune;vrai;
75104_9917_00006;75104_9917;6;;Place des Vosges;75004;75104;Paris 4e Arrondissement;;;653489.64;6861829.15;2.366132;48.854821;parcelle;;;PARIS;PLACE DES VOSGES;commune;commune;vrai;
75104_9917_00007;75104_9917;7;;Place des Vosges;75004;75104;Paris 4e Arrondissement;;;653356.16;6861864.81;2.364309;48.855132;parcelle;;;PARIS;PLACE DES VOSGES;commune;commune;vrai;
75104_9917_00008;75104_9917;8;;Place des Vosges;75004;75104;Paris 4e Arrondissement;;;653504.02;6861837.16;2.366327;48.854894;parcelle;;;PARIS;PLACE DES VOSGES;commune;commune;vrai;
75104_9917_00009;75104_9917;9;;Place des Vosges;75004;75104;Paris 4e Arrondissement;;;653358.66;6861883.14;2.364341;48.855297;parcelle;;;PARIS;PLACE DES VOSGES;commune;commune;vrai;
75104_9917_00010;75104_9917;10;;Place des Vosges;75004;75104;Paris 4e Arrondissement;;;653507.8;6861851.8;2.366377;48.855026;parcelle;;;PARIS;PLACE DES VOSGES;commune;commune;vrai;
75104_9917_00011;75104_9917;11;;Place des Vosges;75004;75104;Paris 4e Arrondissement;;;653364.04;6861905;2.364412;48.855494;parcelle;;;PARIS;PLACE DES VOSGES;commune;commune;vrai;
75104_9917_00012;75104_9917;12;;Place des Vosges;75004;75104;Paris 4e Arrondissement;;;653512.5;6861869.67;2.366439;48.855187;parcelle;;;PARIS;PLACE DES VOSGES;commune;commune;vrai;
75104_9917_00013;75104_9917;13;;Place des Vosges;75004;75104;Paris 4e Arrondissement;;;653369.86;6861925.97;2.364489;48.855683;parcelle;;;PARIS;PLACE DES VOSGES;commune;commune;vrai;
75104_9917_00014;75104_9917;14;;Place des Vosges;75004;75104;Paris 4e Arrondissement;;;653518.32;6861891.31;2.366516;48.855382;parcelle;;;PARIS;PLACE DES VOSGES;commune;commune;vrai;
75104_9917_00015;75104_9917;15;;Place des Vosges;75004;75104;Paris 4e Arrondissement;;;653375.53;6861946.38;2.364564;48.855867;parcelle;;;PARIS;PLACE DES VOSGES;commune;commune;vrai;
75104_9917_00016;75104_9917;16;;Place des Vosges;75004;75104;Paris 4e Arrondissement;;;653522.79;6861908.84;2.366575;48.85554;parcelle;;;PARIS;PLACE DES VOSGES;commune;commune;vrai;
75104_9917_00017;75104_9917;17;;Place des Vosges;75004;75104;Paris 4e Arrondissement;;;653380.3;6861964.58;2.364627;48.856031;parcelle;;;PARIS;PLACE DES VOSGES;commune;commune;vrai;
75104_9917_00018;75104_9917;18;;Place des Vosges;75004;75104;Paris 4e Arrondissement;;;653526.35;6861922.49;2.366622;48.855663;parcelle;;;PARIS;PLACE DES VOSGES;commune;commune;vrai;
75104_9917_00019;75104_9917;19;;Place des Vosges;75004;75104;Paris 4e Arrondissement;;;653386.19;6861985.66;2.364705;48.856221;parcelle;;;PARIS;PLACE DES VOSGES;commune;commune;vrai;
75104_9917_00020;75104_9917;20;;Place des Vosges;75004;75104;Paris 4e Arrondissement;;;653530.13;6861936.69;2.366672;48.855791;parcelle;;;PARIS;PLACE DES VOSGES;commune;commune;vrai;
75104_9917_00022;75104_9917;22;;Place des Vosges;75004;75104;Paris 4e Arrondissement;;;653533.69;6861950.9;2.366719;48.855919;parcelle;;;PARIS;PLACE DES VOSGES;commune;commune;vrai;
75104_9917_00001_m;75104_9917;1;m;Place des Vosges;75004;75104;Paris 4e Arrondissement;;;653432.63;6861865.64;2.365351;48.855145;parcelle;;;PARIS;PLACE DES VOSGES;commune;commune;vrai;
75104_9917_00001_b;75104_9917;1;b;Place des Vosges;75004;75104;Paris 4e Arrondissement;;;653406.61;6861850.73;2.364998;48.855009;parcelle;;;PARIS;PLACE DES VOSGES;commune;commune;vrai;
75104_9917_00006_b;75104_9917;6;b;Place des Vosges;75004;75104;Paris 4e Arrondissement;;;653498.72;6861826.75;2.366256;48.8548;parcelle;;;PARIS;PLACE DES VOSGES;commune;commune;vrai;
75104_0714_00001;75104_0714;1;;Place de la Bastille;75004;75104;Paris 4e Arrondissement;;;653627.75;6861627.78;2.368036;48.85302;parcelle;;;PARIS;PLACE DE LA BASTILLE;commune;commune;vrai;
75104_0714_00003;75104_0714;3;;Place de la Bastille;75004;75104;Paris 4e Arrondissement;;;653630.84;6861638.1;2.368077;48.853113;parcelle;;;PARIS;PLACE DE LA BASTILLE;commune;commune;vrai;
75104_0714_00005;75104_0714;5;;Place de la Bastille;75004;75104;Paris 4e Arrondissement;;;653646.73;6861689.34;2.368288;48.853575;parcelle;;;PARIS;PLACE DE LA BASTILLE;commune;commune;vrai;
75104_0714_00007;75104_0714;7;;Place de la Bastille;75004;75104;Paris 4e Arrondissement;;;653649.37;6861698.11;2.368323;48.853654;parcelle;;;PARIS;PLACE DE LA BASTILLE;commune;commune;vrai;
75104_0714_00003_b;75104_0714;3;b;Place de la Bastille;75004;75104;Paris 4e Arrondissement;;;653644.09;6861680.8;2.368253;48.853498;parcelle;;;PARIS;PLACE DE LA BASTILLE;commune;commune;vrai;
75104_0596_00001;75104_0596;1;;Rue de l'Ave Maria;75004;75104;Paris 4e Arrondissement;;;653072.29;6861587.33;2.360471;48.852616;parcelle;;;PARIS;RUE DE L AVE MARIA;commune;commune;vrai;
75104_0596_00002;75104_0596;2;;Rue de l'Ave Maria;75004;75104;Paris 4e Arrondissement;;;653081.93;6861599.26;2.360601;48.852724;parcelle;;;PARIS;RUE DE L AVE MARIA;commune;commune;vrai;
75104_8490_00001;75104_8490;1;;Rue Saint-Antoine;75004;75104;Paris 4e Arrondissement;;;653624.46;6861647.93;2.367989;48.853201;parcelle;;;PARIS;RUE SAINT ANTOINE;commune;commune;vrai;
75104_8490_00002;75104_8490;2;;Rue Saint-Antoine;75004;75104;Paris 4e Arrondissement;;;653631.78;6861673.45;2.368086;48.853431;parcelle;;;PARIS;RUE SAINT ANTOINE;commune;commune;vrai;
75104_8490_00003;75104_8490;3;;Rue Saint-Antoine;75004;75104;Paris 4e Arrondissement;;;653608.85;6861651.17;2.367776;48.853229;parcelle;;;PARIS;RUE SAINT ANTOINE;commune;commune;vrai;
75104_8490_00004;75104_8490;4;;Rue Saint-Antoine;75004;75104;Paris 4e Arrondissement;;;653616.03;6861676.8;2.367871;48.85346;parcelle;;;PARIS;RUE SAINT ANTOINE;commune;commune;vrai;
75104_8490_00005;75104_8490;5;;Rue Saint-Antoine;75004;75104;Paris 4e Arrondissement;;;653582.7;6861656.83;2.367419;48.853278;parcelle;;;PARIS;RUE SAINT ANTOINE;commune;commune;vrai;
75104_8490_00006;75104_8490;6;;Rue Saint-Antoine;75004;75104;Paris 4e Arrondissement;;;653604.68;6861679.23;2.367716;48.853481;parcelle;;;PARIS;RUE SAINT ANTOINE;commune;commune;vrai;
75104_8490_00007;75104_8490;7;;Rue Saint-Antoine;75004;75104;Paris 4e Arrondissement;;;653571.13;6861659.26;2.367261;48.853299;parcelle;;;PARIS;RUE SAINT ANTOINE;commune;commune;vrai;
75104_8490_00008;75104_8490;8;;Rue Saint-Antoine;75004;75104;Paris 4e Arrondissement;;;653588.78;6861682.69;2.367499;48.853511;parcelle;;;PARIS;RUE SAINT ANTOINE;commune;commune;vrai;
75104_8490_00009;75104_8490;9;;Rue Saint-Antoine;75004;75104;Paris 4e Arrondissement;;;653563.29;6861660.99;2.367154;48.853314;parcelle;;;PARIS;RUE SAINT ANTOINE;commune;commune;vrai;
75104_8490_00010;75104_8490;10;;Rue Saint-Antoine;75004;75104;Paris 4e Arrondissement;;;653552.32;6861702.77;2.367;48.853689;parcelle;;;PARIS;RUE SAINT ANTOINE;commune;commune;vrai;
75104_8490_00011;75104_8490;11;;Rue Saint-Antoine;75004;75104;Paris 4e Arrondissement;;;653550.4;6861663.76;2.366978;48.853338;parcelle;;;PARIS;RUE SAINT ANTOINE;commune;commune;vrai;
75104_8490_00012;75104_8490;12;;Rue Saint-Antoine;75004;75104;Paris 4e Arrondissement;;;653524.73;6861693.88;2.366625;48.853607;parcelle;;;PARIS;RUE SAINT ANTOINE;commune;commune;vrai;
75104_8490_00013;75104_8490;13;;Rue Saint-Antoine;75004;75104;Paris 4e Arrondissement;;;653536.33;6861666.76;2.366786;48.853364;parcelle;;;PARIS;RUE SAINT ANTOINE;commune;commune;vrai;
75104_8490_00014;75104_8490;14;;Rue Saint-Antoine;75004;75104;Paris 4e Arrondissement;;;653518.59;6861696.15;2.366541;48.853627;parcelle;;;PARIS;RUE SAINT ANTOINE;commune;commune;vrai;
75104_8490_00015;75104_8490;15;;Rue Saint-Antoine;75004;75104;Paris 4e Arrondissement;;;653521.9;6861669.99;2.366589;48.853392;parcelle;;;PARIS;RUE SAINT ANTOINE;commune;commune;vrai;
75104_8490_00016;75104_8490;16;;Rue Saint-Antoine;75004;75104;Paris 4e Arrondissement;;;653513.83;6861697.86;2.366476;48.853642;parcelle;;;PARIS;RUE SAINT ANTOINE;commune;commune;vrai;
75104_8490_00017;75104_8490;17;;Rue Saint-Antoine;75004;75104;Paris 4e Arrondissement;;;653498.24;6861675.3;2.366266;48.853438;parcelle;;;PARIS;RUE SAINT ANTOINE;commune;commune;vrai;
75104_8490_00018;75104_8490;18;;Rue Saint-Antoine;75004;75104;Paris 4e Arrondissement;;;653502.42;6861702.17;2.36632;48.85368;parcelle;;;PARIS;RUE SAINT ANTOINE;commune;commune;vrai;
75104_8490_00019;75104_8490;19;;Rue Saint-Antoine;75004;75104;Paris 4e Arrondissement;;;653484.04;6861679.86;2.366072;48.853478;parcelle;;;PARIS;RUE SAINT ANTOINE;commune;commune;vrai;
75104_8490_00020;75104_8490;20;;Rue Saint-Antoine;75004;75104;Paris 4e Arrondissement;;;653495.18;6861704.79;2.366221;48.853703;parcelle;;;PARIS;RUE SAINT ANTOINE;commune;commune;vrai;
75104_8490_00021;75104_8490;21;;Rue Saint-Antoine;75004;75104;Paris 4e Arrondissement;;;653463.04;6861687.48;2.365785;48.853545;parcelle;;;PARIS;RUE SAINT ANTOINE;commune;commune;vrai;
75104_8490_00022;75104_8490;22;;Rue Saint-Antoine;75004;75104;Paris 4e Arrondissement;;;653488.37;6861707.29;2.366128;48.853725;parcelle;;;PARIS;RUE SAINT ANTOINE;commune;commune;vrai;
75104_8490_00023;75104_8490;23;;Rue Saint-Antoine;75004;75104;Paris 4e Arrondissement;;;653437.05;6861694.47;2.36543;48.853606;parcelle;;;PARIS;RUE SAINT ANTOINE;commune;commune;vrai;
75104_8490_00024;75104_8490;24;;Rue Saint-Antoine;75004;75104;Paris 4e Arrondissement;;;653480.4;6861710.25;2.366019;48.853751;parcelle;;;PARIS;RUE SAINT ANTOINE;commune;commune;vrai;
75104_8490_00025;75104_8490;25;;Rue Saint-Antoine;75004;75104;Paris 4e Arrondissement;;;653431.64;6861696.74;2.365356;48.853626;parcelle;;;PARIS;RUE SAINT ANTOINE;commune;commune;vrai;
75104_8490_00026;75104_8490;26;;Rue Saint-Antoine;75004;75104;Paris 4e Arrondissement;;;653468.11;6861714.79;2.365851;48.853791;parcelle;;;PARIS;RUE SAINT ANTOINE;commune;commune;vrai;
75104_8490_00027;75104_8490;27;;Rue Saint-Antoine;75004;75104;Paris 4e Arrondissement;;;653426.74;6861698.78;2.365289;48.853644;parcelle;;;PARIS;RUE SAINT ANTOINE;commune;commune;vrai;
75104_8490_00028;75104_8490;28;;Rue Saint-Antoine;75004;75104;Paris 4e Arrondissement;;;653447.55;6861722.85;2.36557;48.853862;parcelle;;;PARIS;RUE SAINT ANTOINE;commune;commune;vrai;
75104_8490_00029;75104_8490;29;;Rue Saint-Antoine;75004;75104;Paris 4e Arrondissement;;;653422.2;6861700.71;2.365227;48.853661;parcelle;;;PARIS;RUE SAINT ANTOINE;commune;commune;vrai;
75104_8490_00030;75104_8490;30;;Rue Saint-Antoine;75004;75104;Paris 4e Arrondissement;;;653437.53;6861726.94;2.365433;48.853898;parcelle;;;PARIS;RUE SAINT ANTOINE;commune;commune;vrai;
75104_8490_00031;75104_8490;31;;Rue Saint-Antoine;75004;75104;Paris 4e Arrondissement;;;653414.31;6861703.99;2.365119;48.85369;parcelle;;;PARIS;RUE SAINT ANTOINE;commune;commune;vrai;
75104_8490_00032;75104_8490;32;;Rue Saint-Antoine;75004;75104;Paris 4e Arrondissement;;;653423.78;6861732.5;2.365245;48.853947;parcelle;;;PARIS;RUE SAINT ANTOINE;commune;commune;vrai;
75104_8490_00033;75104_8490;33;;Rue Saint-Antoine;75004;75104;Paris 4e Arrondissement;;;653405.68;6861707.73;2.365001;48.853723;parcelle;;;PARIS;RUE SAINT ANTOINE;commune;commune;vrai;
75104_8490_00034;75104_8490;34;;Rue Saint-Antoine;75004;75104;Paris 4e Arrondissement;;;653413.32;6861736.69;2.365102;48.853984;parcelle;;;PARIS;RUE SAINT ANTOINE;commune;commune;vrai;
75104_8490_00035;75104_8490;35;;Rue Saint-Antoine;75004;75104;Paris 4e Arrondissement;;;653400.92;6861709.66;2.364936;48.85374;parcelle;;;PARIS;RUE SAINT ANTOINE;commune;commune;vrai;
75104_8490_00036;75104_8490;36;;Rue Saint-Antoine;75004;75104;Paris 4e Arrondissement;;;653409.15;6861738.28;2.365045;48.853998;parcelle;;;PARIS;RUE SAINT ANTOINE;commune;commune;vrai;
75104_8490_00037;75104_8490;37;;Rue Saint-Antoine;75004;75104;Paris 4e Arrondissement;;;653396.1;6861711.7;2.36487;48.853758;parcelle;;;PARIS;RUE SAINT ANTOINE;commune;commune;vrai;
75104_8490_00038;75104_8490;38;;Rue Saint-Antoine;75004;75104;Paris 4e Arrondissement;;;653387.58;6861747.58;2.36475;48.85408;parcelle;;;PARIS;RUE SAINT ANTOINE;commune;commune;vrai;
75104_8490_00039;75104_8490;39;;Rue Saint-Antoine;75004;75104;Paris 4e Arrondissement;;;653390.98;6861713.86;2.3648;48.853777;parcelle;;;PARIS;RUE SAINT ANTOINE;commune;commune;vrai;
75104_8490_00040;75104_8490;40;;Rue Saint-Antoine;75004;75104;Paris 4e Arrondissement;;;653382.24;6861749.73;2.364677;48.854099;parcelle;;;PARIS;RUE SAINT ANTOINE;commune;commune;vrai;
75104_8490_00041;75104_8490;41;;Rue Saint-Antoine;75004;75104;Paris 4e Arrondissement;;;653385.86;6861716.01;2.36473;48.853796;parcelle;;;PARIS;RUE SAINT ANTOINE;commune;commune;vrai;
75104_8490_00042;75104_8490;42;;Rue Saint-Antoine;75004;75104;Paris 4e Arrondissement;;;653378.51;6861751.65;2.364626;48.854116;parcelle;;;PARIS;RUE SAINT ANTOINE;commune;commune;vrai;
75104_8490_00043;75104_8490;43;;Rue Saint-Antoine;75004;75104;Paris 4e Arrondissement;;;653381.62;6861717.82;2.364672;48.853812;parcelle;;;PARIS;RUE SAINT ANTOINE;commune;commune;vrai;
75104_8490_00044;75104_8490;44;;Rue Saint-Antoine;75004;75104;Paris 4e Arrondissement;;;653370.99;6861756.72;2.364523;48.854161;parcelle;;;PARIS;RUE SAINT ANTOINE;commune;commune;vrai;
75104_8490_00046;75104_8490;46;;Rue Saint-Antoine;75004;75104;Paris 4e Arrondissement;;;653361.85;6861759.79;2.364398;48.854188;parcelle;;;PARIS;RUE SAINT ANTOINE;commune;commune;vrai;
75104_8490_00047;75104_8490;47;;Rue Saint-Antoine;75004;75104;Paris 4e Arrondissement;;;653367.73;6861725.38;2.364482;48.853879;parcelle;;;PARIS;RUE SAINT ANTOINE;commune;commune;vrai;
75104_8490_00048;75104_8490;48;;Rue Saint-Antoine;75004;75104;Paris 4e Arrondissement;;;653355.05;6861763.07;2.364305;48.854217;parcelle;;;PARIS;RUE SAINT ANTOINE;commune;commune;vrai;
75104_8490_00049;75104_8490;49;;Rue Saint-Antoine;75004;75104;Paris 4e Arrondissement;;;653361.23;6861729.22;2.364393;48.853913;parcelle;;;PARIS;RUE SAINT ANTOINE;commune;commune;vrai;
75104_8490_00050;75104_8490;50;;Rue Saint-Antoine;75004;75104;Paris 4e Arrondissement;;;653351.25;6861764.99;2.364253;48.854234;parcelle;;;PARIS;RUE SAINT ANTOINE;commune;commune;vrai;
75104_8490_00051;75104_8490;51;;Rue Saint-Antoine;75004;75104;Paris 4e Arrondissement;;;653356.63;6861731.92;2.36433;48.853937;parcelle;;;PARIS;RUE SAINT ANTOINE;commune;commune;vrai;
75104_8490_00052;75104_8490;52;;Rue Saint-Antoine;75004;75104;Paris 4e Arrondissement;;;653347.67;6861766.8;2.364204;48.85425;parcelle;;;PARIS;RUE SAINT ANTOINE;commune;commune;vrai;
75104_8490_00053;75104_8490;53;;Rue Saint-Antoine;75004;75104;Paris 4e Arrondissement;;;653349.84;6861735.98;2.364237;48.853973;parcelle;;;PARIS;RUE SAINT ANTOINE;commune;commune;vrai;
75104_8490_00054;75104_8490;54;;Rue Saint-Antoine;75004;75104;Paris 4e Arrondissement;;;653343.43;6861768.95;2.364146;48.854269;parcelle;;;PARIS;RUE SAINT ANTOINE;commune;commune;vrai;
75104_8490_00055;75104_8490;55;;Rue Saint-Antoine;75004;75104;Paris 4e Arrondissement;;;653341.51;6861740.39;2.364123;48.854012;parcelle;;;PARIS;RUE SAINT ANTOINE;commune;commune;vrai;
75104_8490_00056;75104_8490;56;;Rue Saint-Antoine;75004;75104;Paris 4e Arrondissement;;;653339.56;6861770.87;2.364093;48.854286;parcelle;;;PARIS;RUE SAINT ANTOINE;commune;commune;vrai;
75104_8490_00057;75104_8490;57;;Rue Saint-Antoine;75004;75104;Paris 4e Arrondissement;;;653335.96;6861743.77;2.364047;48.854042;parcelle;;;PARIS;RUE SAINT ANTOINE;commune;commune;vrai;
75104_8490_00058;75104_8490;58;;Rue Saint-Antoine;75004;75104;Paris 4e Arrondissement;;;653335.39;6861772.79;2.364036;48.854303;parcelle;;;PARIS;RUE SAINT ANTOINE;commune;commune;vrai;
75104_8490_00059;75104_8490;59;;Rue Saint-Antoine;75004;75104;Paris 4e Arrondissement;;;653327.93;6861748.17;2.363937;48.854081;parcelle;;;PARIS;RUE SAINT ANTOINE;commune;commune;vrai;
75104_8490_00060;75104_8490;60;;Rue Saint-Antoine;75004;75104;Paris 4e Arrondissement;;;653330.42;6861775.06;2.363968;48.854323;parcelle;;;PARIS;RUE SAINT ANTOINE;commune;commune;vrai;
75104_8490_00061;75104_8490;61;;Rue Saint-Antoine;75004;75104;Paris 4e Arrondissement;;;653317.7;6861753.92;2.363797;48.854132;parcelle;;;PARIS;RUE SAINT ANTOINE;commune;commune;vrai;
75104_8490_00062;75104_8490;62;;Rue Saint-Antoine;75004;75104;Paris 4e Arrondissement;;;653310.9;6861784.89;2.363701;48.85441;parcelle;;;PARIS;RUE SAINT ANTOINE;commune;commune;vrai;
75104_8490_00064;75104_8490;64;;Rue Saint-Antoine;75004;75104;Paris 4e Arrondissement;;;653293;6861793.6;2.363456;48.854487;parcelle;;;PARIS;RUE SAINT ANTOINE;commune;commune;vrai;
75104_8490_00066;75104_8490;66;;Rue Saint-Antoine;75004;75104;Paris 4e Arrondissement;;;653286.72;6861797.65;2.36337;48.854523;parcelle;;;PARIS;RUE SAINT ANTOINE;commune;commune;vrai;
75104_8490_00067;75104_8490;67;;Rue Saint-Antoine;75004;75104;Paris 4e Arrondissement;;;653297.32;6861765.87;2.363518;48.854238;parcelle;;;PARIS;RUE SAINT ANTOINE;commune;commune;vrai;
75104_8490_00068;75104_8490;68;;Rue Saint-Antoine;75004;75104;Paris 4e Arrondissement;;;653278.69;6861803.39;2.36326;48.854574;parcelle;;;PARIS;RUE SAINT ANTOINE;commune;commune;vrai;
75104_8490_00069;75104_8490;69;;Rue Saint-Antoine;75004;75104;Paris 4e Arrondissement;;;653292.28;6861768.36;2.363449;48.85426;parcelle;;;PARIS;RUE SAINT ANTOINE;commune;commune;vrai;
75104_8490_00070;75104_8490;70;;Rue Saint-Antoine;75004;75104;Paris 4e Arrondissement;;;653271.38;6861806.78;2.36316;48.854604;parcelle;;;PARIS;RUE SAINT ANTOINE;commune;commune;vrai;
75104_8490_00071;75104_8490;71;;Rue Saint-Antoine;75004;75104;Paris 4e Arrondissement;;;653283.3;6861773.55;2.363326;48.854306;parcelle;;;PARIS;RUE SAINT ANTOINE;commune;commune;vrai;
75104_8490_00072;75104_8490;72;;Rue Saint-Antoine;75004;75104;Paris 4e Arrondissement;;;653267.44;6861809.04;2.363106;48.854624;parcelle;;;PARIS;RUE SAINT ANTOINE;commune;commune;vrai;
75104_8490_00073;75104_8490;73;;Rue Saint-Antoine;75004;75104;Paris 4e Arrondissement;;;653270.8;6861780.43;2.363155;48.854367;parcelle;;;PARIS;RUE SAINT ANTOINE;commune;commune;vrai;
75104_8490_00074;75104_8490;74;;Rue Saint-Antoine;75004;75104;Paris 4e Arrondissement;;;653252.61;6861817.27;2.362903;48.854697;parcelle;;;PARIS;RUE SAINT ANTOINE;commune;commune;vrai;
75104_8490_00075;75104_8490;75;;Rue Saint-Antoine;75004;75104;Paris 4e Arrondissement;;;653264.45;6861784.15;2.363068;48.8544;parcelle;;;PARIS;RUE SAINT ANTOINE;commune;commune;vrai;
75104_8490_00076;75104_8490;76;;Rue Saint-Antoine;75004;75104;Paris 4e Arrondissement;;;653248.96;6861819.64;2.362853;48.854718;parcelle;;;PARIS;RUE SAINT ANTOINE;commune;commune;vrai;
75104_8490_00077;75104_8490;77;;Rue Saint-Antoine;75004;75104;Paris 4e Arrondissement;;;653259.19;6861787.09;2.362996;48.854426;parcelle;;;PARIS;RUE SAINT ANTOINE;commune;commune;vrai;
75104_8490_00079;75104_8490;79;;Rue Saint-Antoine;75004;75104;Paris 4e Arrondissement;;;653255.84;6861790;2.36295;48.854452;parcelle;;;PARIS;RUE SAINT ANTOINE;commune;commune;vrai;
75104_8490_00081;75104_8490;81;;Rue Saint-Antoine;75004;75104;Paris 4e Arrondissement;;;653251.45;6861792.49;2.36289;48.854474;parcelle;;;PARIS;RUE SAINT ANTOINE;commune;commune;vrai;
75104_8490_00083;75104_8490;83;;Rue Saint-Antoine;75004;75104;Paris 4e Arrondissement;;;653246.27;6861795.42;2.362819;48.8545;parcelle;;;PARIS;RUE SAINT ANTOINE;commune;commune;vrai;
75104_8490_00085;75104_8490;85;;Rue Saint-Antoine;75004;75104;Paris 4e Arrondissement;;;653240.86;6861798.35;2.362745;48.854526;parcelle;;;PARIS;RUE SAINT ANTOINE;commune;commune;vrai;
75104_8490_00008_b;75104_8490;8;b;Rue Saint-Antoine;75004;75104;Paris 4e Arrondissement;;;653570.15;6861710.97;2.367242;48.853764;parcelle;;;PARIS;RUE SAINT ANTOINE;commune;commune;vrai;
75104_8490_00016_b;75104_8490;16;b;Rue Saint-Antoine;75004;75104;Paris 4e Arrondissement;;;653509.37;6861699.56;2.366415;48.853657;parcelle;;;PARIS;RUE SAINT ANTOINE;commune;commune;vrai;
75104_8490_00016_a;75104_8490;16;a;Rue Saint-Antoine;75004;75104;Paris 4e Arrondissement;;;653517.95;6861725.96;2.366529;48.853895;parcelle;;;PARIS;RUE SAINT ANTOINE;commune;commune;vrai;
75104_3820_00001;75104_3820;1;;Rue des Francs Bourgeois;75004;75104;Paris 4e Arrondissement;;;653371.99;6861999.23;2.36451;48.856342;parcelle;;;PARIS;RUE DES FRANCS BOURGEOIS;commune;commune;vrai;
75104_3820_00001_b;75104_3820;1;b;Rue des Francs Bourgeois;75004;75104;Paris 4e Arrondissement;;;653342.91;6862013.92;2.364112;48.856472;parcelle;;;PARIS;RUE DES FRANCS BOURGEOIS;commune;commune;vrai;
75104_9506_00001;75104_9506;1;;Rue de Turenne;75004;75104;Paris 4e Arrondissement;;;653261.99;6861834.21;2.363029;48.85485;parcelle;;;PARIS;RUE DE TURENNE;commune;commune;vrai;
75104_9506_00002;75104_9506;2;;Rue de Turenne;75004;75104;Paris 4e Arrondissement;;;653271.94;6861821.34;2.363166;48.854735;parcelle;;;PARIS;RUE DE TURENNE;commune;commune;vrai;
75104_9506_00003;75104_9506;3;;Rue de Turenne;75004;75104;Paris 4e Arrondissement;;;653271.53;6861852.82;2.363157;48.855018;parcelle;;;PARIS;RUE DE TURENNE;commune;commune;vrai;
75104_9506_00004;75104_9506;4;;Rue de Turenne;75004;75104;Paris 4e Arrondissement;;;653283.79;6861844.49;2.363325;48.854944;parcelle;;;PARIS;RUE DE TURENNE;commune;commune;vrai;
75104_9506_00005;75104_9506;5;;Rue de Turenne;75004;75104;Paris 4e Arrondissement;;;653280.18;6861869.76;2.363273;48.855171;parcelle;;;PARIS;RUE DE TURENNE;commune;commune;vrai;
75104_9506_00006;75104_9506;6;;Rue de Turenne;75004;75104;Paris 4e Arrondissement;;;653292.81;6861862.1;2.363446;48.855103;parcelle;;;PARIS;RUE DE TURENNE;commune;commune;vrai;
75104_9506_00007;75104_9506;7;;Rue de Turenne;75004;75104;Paris 4e Arrondissement;;;653283.99;6861877.4;2.363324;48.85524;parcelle;;;PARIS;RUE DE TURENNE;commune;commune;vrai;
75104_9506_00008;75104_9506;8;;Rue de Turenne;75004;75104;Paris 4e Arrondissement;;;653301.84;6861879.81;2.363567;48.855263;parcelle;;;PARIS;RUE DE TURENNE;commune;commune;vrai;
75104_9506_00009;75104_9506;9;;Rue de Turenne;75004;75104;Paris 4e Arrondissement;;;653287.79;6861884.93;2.363375;48.855308;parcelle;;;PARIS;RUE DE TURENNE;commune;commune;vrai;
75104_9506_00010;75104_9506;10;;Rue de Turenne;75004;75104;Paris 4e Arrondissement;;;653311.68;6861899.08;2.363699;48.855437;parcelle;;;PARIS;RUE DE TURENNE;commune;commune;vrai;
75104_9506_00011;75104_9506;11;;Rue de Turenne;75004;75104;Paris 4e Arrondissement;;;653291.74;6861892.68;2.363428;48.855378;parcelle;;;PARIS;RUE DE TURENNE;commune;commune;vrai;
75104_9506_00012;75104_9506;12;;Rue de Turenne;75004;75104;Paris 4e Arrondissement;;;653320.85;6861917.02;2.363822;48.855599;parcelle;;;PARIS;RUE DE TURENNE;commune;commune;vrai;
75104_9506_00013;75104_9506;13;;Rue de Turenne;75004;75104;Paris 4e Arrondissement;;;653295.99;6861901.1;2.363485;48.855454;parcelle;;;PARIS;RUE DE TURENNE;commune;commune;vrai;
75104_9506_00014;75104_9506;14;;Rue de Turenne;75004;75104;Paris 4e Arrondissement;;;653329.73;6861936.3;2.363941;48.855773;parcelle;;;PARIS;RUE DE TURENNE;commune;commune;vrai;
75104_9506_00015;75104_9506;15;;Rue de Turenne;75004;75104;Paris 4e Arrondissement;;;653303.52;6861915.83;2.363586;48.855587;parcelle;;;PARIS;RUE DE TURENNE;commune;commune;vrai;
75104_9506_00016;75104_9506;16;;Rue de Turenne;75004;75104;Paris 4e Arrondissement;;;653338.78;6861956.47;2.364062;48.855955;parcelle;;;PARIS;RUE DE TURENNE;commune;commune;vrai;
75104_9506_00017;75104_9506;17;;Rue de Turenne;75004;75104;Paris 4e Arrondissement;;;653307.32;6861923.36;2.363637;48.855655;parcelle;;;PARIS;RUE DE TURENNE;commune;commune;vrai;
75104_9506_00018;75104_9506;18;;Rue de Turenne;75004;75104;Paris 4e Arrondissement;;;653346.1;6861972.86;2.36416;48.856103;parcelle;;;PARIS;RUE DE TURENNE;commune;commune;vrai;
75104_9506_00019;75104_9506;19;;Rue de Turenne;75004;75104;Paris 4e Arrondissement;;;653315.61;6861941.31;2.363748;48.855817;parcelle;;;PARIS;RUE DE TURENNE;commune;commune;vrai;
75104_9506_00020;75104_9506;20;;Rue de Turenne;75004;75104;Paris 4e Arrondissement;;;653358.2;6861989.78;2.364323;48.856256;parcelle;;;PARIS;RUE DE TURENNE;commune;commune;vrai;
75104_9506_00021;75104_9506;21;;Rue de Turenne;75004;75104;Paris 4e Arrondissement;;;653324.86;6861959.58;2.363872;48.855982;parcelle;;;PARIS;RUE DE TURENNE;commune;commune;vrai;
75104_9506_00022;75104_9506;22;;Rue de Turenne;75004;75104;Paris 4e Arrondissement;;;653364.77;6861995.84;2.364412;48.856311;parcelle;;;PARIS;RUE DE TURENNE;commune;commune;vrai;
75104_9506_00023;75104_9506;23;;Rue de Turenne;75004;75104;Paris 4e Arrondissement;;;653332.19;6861977.42;2.36397;48.856143;parcelle;;;PARIS;RUE DE TURENNE;commune;commune;vrai;
75104_9506_00025;75104_9506;25;;Rue de Turenne;75004;75104;Paris 4e Arrondissement;;;653339.75;6861995.27;2.364071;48.856304;parcelle;;;PARIS;RUE DE TURENNE;commune;commune;vrai;
75104_9506_00027;75104_9506;27;;Rue de Turenne;75004;75104;Paris 4e Arrondissement;;;653344.75;6862006.35;2.364138;48.856404;parcelle;;;PARIS;RUE DE TURENNE;commune;commune;vrai;
75104_9506_00001_b;75104_9506;1;b;Rue de Turenne;75004;75104;Paris 4e Arrondissement;;;653268.1;6861846.06;2.363111;48.854957;parcelle;;;PARIS;RUE DE TURENNE;commune;commune;vrai;
75104_6566_00001;75104_6566;1;;Rue Mornay;75004;75104;Paris 4e Arrondissement;;;653479.6;6861217.98;2.366062;48.849324;parcelle;;;PARIS;RUE MORNAY;commune;commune;vrai;
75104_6566_00002;75104_6566;2;;Rue Mornay;75004;75104;Paris 4e Arrondissement;;;653484.18;6861239.4;2.366122;48.849517;parcelle;;;PARIS;RUE MORNAY;commune;commune;vrai;
75104_6566_00003;75104_6566;3;;Rue Mornay;75004;75104;Paris 4e Arrondissement;;;653415.33;6861237.84;2.365184;48.849498;parcelle;;;PARIS;RUE MORNAY;commune;commune;vrai;
75104_6566_00004;75104_6566;4;;Rue Mornay;75004;75104;Paris 4e Arrondissement;;;653391.87;6861268.06;2.364861;48.849768;parcelle;;;PARIS;RUE MORNAY;commune;commune;vrai;
75104_6566_00005;75104_6566;5;;Rue Mornay;75004;75104;Paris 4e Arrondissement;;;653400.47;6861242.41;2.364981;48.849538;parcelle;;;PARIS;RUE MORNAY;commune;commune;vrai;
75104_6566_00006;75104_6566;6;;Rue Mornay;75004;75104;Paris 4e Arrondissement;;;653368.37;6861275.47;2.36454;48.849833;parcelle;;;PARIS;RUE MORNAY;commune;commune;vrai;
75104_6566_00007;75104_6566;7;;Rue Mornay;75004;75104;Paris 4e Arrondissement;;;653381.87;6861248.23;2.364727;48.849589;parcelle;;;PARIS;RUE MORNAY;commune;commune;vrai;
75104_6566_00001_t;75104_6566;1;t;Rue Mornay;75004;75104;Paris 4e Arrondissement;;;653430.04;6861233.28;2.365385;48.849458;parcelle;;;PARIS;RUE MORNAY;commune;commune;vrai;
75104_6566_00001_b;75104_6566;1;b;Rue Mornay;75004;75104;Paris 4e Arrondissement;;;653461.37;6861223.57;2.365813;48.849373;parcelle;;;PARIS;RUE MORNAY;commune;commune;vrai;
75104_6566_00002_b;75104_6566;2;b;Rue Mornay;75004;75104;Paris 4e Arrondissement;;;653430.81;6861255.96;2.365393;48.849662;parcelle;;;PARIS;RUE MORNAY;commune;commune;vrai;
75104_6944_00001;75104_6944;1;;Rue d'Ormesson;75004;75104;Paris 4e Arrondissement;;;653269.9;6861859.28;2.363134;48.855076;parcelle;;;PARIS;RUE D ORMESSON;commune;commune;vrai;
75104_6944_00002;75104_6944;2;;Rue d'Ormesson;75004;75104;Paris 4e Arrondissement;;;653273.71;6861868.14;2.363185;48.855156;parcelle;;;PARIS;RUE D ORMESSON;commune;commune;vrai;
75104_7338_00001;75104_7338;1;;Rue du Petit Musc;75004;75104;Paris 4e Arrondissement;;;653220.68;6861470.26;2.362506;48.851574;parcelle;;;PARIS;RUE DU PETIT MUSC;commune;commune;vrai;
75104_7338_00002;75104_7338;2;;Rue du Petit Musc;75004;75104;Paris 4e Arrondissement;;;653225.29;6861459.66;2.36257;48.851479;parcelle;;;PARIS;RUE DU PETIT MUSC;commune;commune;vrai;
75104_7338_00003;75104_7338;3;;Rue du Petit Musc;75004;75104;Paris 4e Arrondissement;;;653228.74;6861478.53;2.362615;48.851649;parcelle;;;PARIS;RUE DU PETIT MUSC;commune;commune;vrai;
75104_7338_00004;75104_7338;4;;Rue du Petit Musc;75004;75104;Paris 4e Arrondissement;;;653231.43;6861465.95;2.362653;48.851536;parcelle;;;PARIS;RUE DU PETIT MUSC;commune;commune;vrai;
75104_7338_00005;75104_7338;5;;Rue du Petit Musc;75004;75104;Paris 4e Arrondissement;;;653238.51;6861488.57;2.362747;48.85174;parcelle;;;PARIS;RUE DU PETIT MUSC;commune;commune;vrai;
75104_7338_00006;75104_7338;6;;Rue du Petit Musc;75004;75104;Paris 4e Arrondissement;;;653242.01;6861476.76;2.362796;48.851634;parcelle;;;PARIS;RUE DU PETIT MUSC;commune;commune;vrai;
75104_7338_00007;75104_7338;7;;Rue du Petit Musc;75004;75104;Paris 4e Arrondissement;;;653248.42;6861498.61;2.362881;48.851831;parcelle;;;PARIS;RUE DU PETIT MUSC;commune;commune;vrai;
75104_7338_00008;75104_7338;8;;Rue du Petit Musc;75004;75104;Paris 4e Arrondissement;;;653253.4;6861488.34;2.36295;48.851739;parcelle;;;PARIS;RUE DU PETIT MUSC;commune;commune;vrai;
75104_7338_00009;75104_7338;9;;Rue du Petit Musc;75004;75104;Paris 4e Arrondissement;;;653267.03;6861521.93;2.363132;48.852042;parcelle;;;PARIS;RUE DU PETIT MUSC;commune;commune;vrai;
75104_7338_00010;75104_7338;10;;Rue du Petit Musc;75004;75104;Paris 4e Arrondissement;;;653259.1;6861494.19;2.363027;48.851792;parcelle;;;PARIS;RUE DU PETIT MUSC;commune;commune;vrai;
75104_7338_00011;75104_7338;11;;Rue du Petit Musc;75004;75104;Paris 4e Arrondissement;;;653275.42;6861525.42;2.363246;48.852074;parcelle;;;PARIS;RUE DU PETIT MUSC;commune;commune;vrai;
75104_7338_00012;75104_7338;12;;Rue du Petit Musc;75004;75104;Paris 4e Arrondissement;;;653279.82;6861515.15;2.363307;48.851982;parcelle;;;PARIS;RUE DU PETIT MUSC;commune;commune;vrai;
75104_7338_00013;75104_7338;13;;Rue du Petit Musc;75004;75104;Paris 4e Arrondissement;;;653280.72;6861535.94;2.363317;48.852169;parcelle;;;PARIS;RUE DU PETIT MUSC;commune;commune;vrai;
75104_7338_00014;75104_7338;14;;Rue du Petit Musc;75004;75104;Paris 4e Arrondissement;;;653290.69;6861526.18;2.363454;48.852082;parcelle;;;PARIS;RUE DU PETIT MUSC;commune;commune;vrai;
75104_7338_00015;75104_7338;15;;Rue du Petit Musc;75004;75104;Paris 4e Arrondissement;;;653294.26;6861549.84;2.3635;48.852295;parcelle;;;PARIS;RUE DU PETIT MUSC;commune;commune;vrai;
75104_7338_00016;75104_7338;16;;Rue du Petit Musc;75004;75104;Paris 4e Arrondissement;;;653299.72;6861535.34;2.363576;48.852165;parcelle;;;PARIS;RUE DU PETIT MUSC;commune;commune;vrai;
75104_7338_00017;75104_7338;17;;Rue du Petit Musc;75004;75104;Paris 4e Arrondissement;;;653305.98;6861556.08;2.363659;48.852352;parcelle;;;PARIS;RUE DU PETIT MUSC;commune;commune;vrai;
75104_7338_00018;75104_7338;18;;Rue du Petit Musc;75004;75104;Paris 4e Arrondissement;;;653309.04;6861544.83;2.363702;48.852251;parcelle;;;PARIS;RUE DU PETIT MUSC;commune;commune;vrai;
75104_7338_00019;75104_7338;19;;Rue du Petit Musc;75004;75104;Paris 4e Arrondissement;;;653326.62;6861576.71;2.363938;48.852539;parcelle;;;PARIS;RUE DU PETIT MUSC;commune;commune;vrai;
75104_7338_00020;75104_7338;20;;Rue du Petit Musc;75004;75104;Paris 4e Arrondissement;;;653319.03;6861554.98;2.363837;48.852343;parcelle;;;PARIS;RUE DU PETIT MUSC;commune;commune;vrai;
75104_7338_00021;75104_7338;21;;Rue du Petit Musc;75004;75104;Paris 4e Arrondissement;;;653336.97;6861586.97;2.364078;48.852632;parcelle;;;PARIS;RUE DU PETIT MUSC;commune;commune;vrai;
75104_7338_00022;75104_7338;22;;Rue du Petit Musc;75004;75104;Paris 4e Arrondissement;;;653330.29;6861568.34;2.363989;48.852464;parcelle;;;PARIS;RUE DU PETIT MUSC;commune;commune;vrai;
75104_7338_00023;75104_7338;23;;Rue du Petit Musc;75004;75104;Paris 4e Arrondissement;;;653346.67;6861596.68;2.364209;48.85272;parcelle;;;PARIS;RUE DU PETIT MUSC;commune;commune;vrai;
75104_7338_00024;75104_7338;24;;Rue du Petit Musc;75004;75104;Paris 4e Arrondissement;;;653340.93;6861577.37;2.364133;48.852546;parcelle;;;PARIS;RUE DU PETIT MUSC;commune;commune;vrai;
75104_7338_00025;75104_7338;25;;Rue du Petit Musc;75004;75104;Paris 4e Arrondissement;;;653355;6861611.51;2.364321;48.852854;parcelle;;;PARIS;RUE DU PETIT MUSC;commune;commune;vrai;
75104_7338_00026;75104_7338;26;;Rue du Petit Musc;75004;75104;Paris 4e Arrondissement;;;653359.8;6861596.46;2.364388;48.852719;parcelle;;;PARIS;RUE DU PETIT MUSC;commune;commune;vrai;
75104_7338_00027;75104_7338;27;;Rue du Petit Musc;75004;75104;Paris 4e Arrondissement;;;653372.41;6861622.6;2.364557;48.852955;parcelle;;;PARIS;RUE DU PETIT MUSC;commune;commune;vrai;
75104_7338_00028;75104_7338;28;;Rue du Petit Musc;75004;75104;Paris 4e Arrondissement;;;653375.11;6861611.79;2.364595;48.852858;parcelle;;;PARIS;RUE DU PETIT MUSC;commune;commune;vrai;
75104_7338_00029;75104_7338;29;;Rue du Petit Musc;75004;75104;Paris 4e Arrondissement;;;653382.52;6861639.31;2.364693;48.853106;parcelle;;;PARIS;RUE DU PETIT MUSC;commune;commune;vrai;
75104_7338_00030;75104_7338;30;;Rue du Petit Musc;75004;75104;Paris 4e Arrondissement;;;653384.51;6861621.39;2.364722;48.852945;parcelle;;;PARIS;RUE DU PETIT MUSC;commune;commune;vrai;
75104_7338_00031;75104_7338;31;;Rue du Petit Musc;75004;75104;Paris 4e Arrondissement;;;653393.25;6861650.23;2.364838;48.853205;parcelle;;;PARIS;RUE DU PETIT MUSC;commune;commune;vrai;
75104_7338_00032;75104_7338;32;;Rue du Petit Musc;75004;75104;Paris 4e Arrondissement;;;653391.17;6861628.57;2.364812;48.85301;parcelle;;;PARIS;RUE DU PETIT MUSC;commune;commune;vrai;
75104_7338_00033;75104_7338;33;;Rue du Petit Musc;75004;75104;Paris 4e Arrondissement;;;653410.06;6861659.99;2.365066;48.853294;parcelle;;;PARIS;RUE DU PETIT MUSC;commune;commune;vrai;
75104_7338_00034;75104_7338;34;;Rue du Petit Musc;75004;75104;Paris 4e Arrondissement;;;653396.87;6861634.75;2.364889;48.853066;parcelle;;;PARIS;RUE DU PETIT MUSC;commune;commune;vrai;
75104_7338_00035;75104_7338;35;;Rue du Petit Musc;75004;75104;Paris 4e Arrondissement;;;653421.09;6861671.36;2.365215;48.853397;parcelle;;;PARIS;RUE DU PETIT MUSC;commune;commune;vrai;
75104_7338_00036;75104_7338;36;;Rue du Petit Musc;75004;75104;Paris 4e Arrondissement;;;653415.01;6861654.28;2.365134;48.853243;parcelle;;;PARIS;RUE DU PETIT MUSC;commune;commune;vrai;
75104_7338_00037;75104_7338;37;;Rue du Petit Musc;75004;75104;Paris 4e Arrondissement;;;653429.23;6861680.63;2.365325;48.853481;parcelle;;;PARIS;RUE DU PETIT MUSC;commune;commune;vrai;
75104_7338_00038;75104_7338;38;;Rue du Petit Musc;75004;75104;Paris 4e Arrondissement;;;653432.33;6861673.05;2.365368;48.853413;parcelle;;;PARIS;RUE DU PETIT MUSC;commune;commune;vrai;
75104_7338_00040;75104_7338;40;;Rue du Petit Musc;75004;75104;Paris 4e Arrondissement;;;653446.55;6861689.28;2.36556;48.85356;parcelle;;;PARIS;RUE DU PETIT MUSC;commune;commune;vrai;
75104_7338_00029_z;75104_7338;29;z;Rue du Petit Musc;75004;75104;Paris 4e Arrondissement;;;653385.8;6861636.17;2.364738;48.853078;parcelle;;;PARIS;RUE DU PETIT MUSC;commune;commune;vrai;
75104_1797_00001;75104_1797;1;;Rue Charlemagne;75004;75104;Paris 4e Arrondissement;;;653174.96;6861725.05;2.361855;48.853862;parcelle;;;PARIS;RUE CHARLEMAGNE;commune;commune;vrai;
75104_1797_00002;75104_1797;2;;Rue Charlemagne;75004;75104;Paris 4e Arrondissement;;;653177.07;6861731.82;2.361883;48.853923;parcelle;;;PARIS;RUE CHARLEMAGNE;commune;commune;vrai;
75104_0783_00001;75104_0783;1;;Boulevard Beaumarchais;75004;75104;Paris 4e Arrondissement;;;653669.49;6861727.75;2.368594;48.853922;parcelle;;;PARIS;BOULEVARD BEAUMARCHAIS;commune;commune;vrai;
75104_0783_00003;75104_0783;3;;Boulevard Beaumarchais;75004;75104;Paris 4e Arrondissement;;;653670.27;6861742.2;2.368603;48.854052;parcelle;;;PARIS;BOULEVARD BEAUMARCHAIS;commune;commune;vrai;
75104_0783_00005;75104_0783;5;;Boulevard Beaumarchais;75004;75104;Paris 4e Arrondissement;;;653671.06;6861758.98;2.368612;48.854203;parcelle;;;PARIS;BOULEVARD BEAUMARCHAIS;commune;commune;vrai;
75104_0783_00007;75104_0783;7;;Boulevard Beaumarchais;75004;75104;Paris 4e Arrondissement;;;653668.92;6861775.79;2.368581;48.854354;parcelle;;;PARIS;BOULEVARD BEAUMARCHAIS;commune;commune;vrai;
75104_0783_00009;75104_0783;9;;Boulevard Beaumarchais;75004;75104;Paris 4e Arrondissement;;;653666.83;6861789.93;2.368551;48.854481;parcelle;;;PARIS;BOULEVARD BEAUMARCHAIS;commune;commune;vrai;
75104_0783_00011;75104_0783;11;;Boulevard Beaumarchais;75004;75104;Paris 4e Arrondissement;;;653665.72;6861797.16;2.368535;48.854546;parcelle;;;PARIS;BOULEVARD BEAUMARCHAIS;commune;commune;vrai;
75104_0783_00013;75104_0783;13;;Boulevard Beaumarchais;75004;75104;Paris 4e Arrondissement;;;653662.31;6861811.76;2.368487;48.854677;parcelle;;;PARIS;BOULEVARD BEAUMARCHAIS;commune;commune;vrai;
75104_0783_00015;75104_0783;15;;Boulevard Beaumarchais;75004;75104;Paris 4e Arrondissement;;;653659.45;6861839.47;2.368445;48.854926;parcelle;;;PARIS;BOULEVARD BEAUMARCHAIS;commune;commune;vrai;
75104_0783_00017;75104_0783;17;;Boulevard Beaumarchais;75004;75104;Paris 4e Arrondissement;;;653657.14;6861852.72;2.368412;48.855045;parcelle;;;PARIS;BOULEVARD BEAUMARCHAIS;commune;commune;vrai;
75104_0783_00019;75104_0783;19;;Boulevard Beaumarchais;75004;75104;Paris 4e Arrondissement;;;653655.61;6861864.07;2.36839;48.855147;parcelle;;;PARIS;BOULEVARD BEAUMARCHAIS;commune;commune;vrai;
75104_0783_00021;75104_0783;21;;Boulevard Beaumarchais;75004;75104;Paris 4e Arrondissement;;;653653.53;6861878.88;2.36836;48.85528;parcelle;;;PARIS;BOULEVARD BEAUMARCHAIS;commune;commune;vrai;
75104_0783_00023;75104_0783;23;;Boulevard Beaumarchais;75004;75104;Paris 4e Arrondissement;;;653652.49;6861886.34;2.368345;48.855347;parcelle;;;PARIS;BOULEVARD BEAUMARCHAIS;commune;commune;vrai;
75104_0783_00025;75104_0783;25;;Boulevard Beaumarchais;75004;75104;Paris 4e Arrondissement;;;653650.61;6861899.25;2.368318;48.855463;parcelle;;;PARIS;BOULEVARD BEAUMARCHAIS;commune;commune;vrai;
75104_0783_00027;75104_0783;27;;Boulevard Beaumarchais;75004;75104;Paris 4e Arrondissement;;;653648.59;6861912.72;2.368289;48.855584;parcelle;;;PARIS;BOULEVARD BEAUMARCHAIS;commune;commune;vrai;
75104_0783_00029;75104_0783;29;;Boulevard Beaumarchais;75004;75104;Paris 4e Arrondissement;;;653647.26;6861920.3;2.36827;48.855652;parcelle;;;PARIS;BOULEVARD BEAUMARCHAIS;commune;commune;vrai;
75104_0783_00031;75104_0783;31;;Boulevard Beaumarchais;75004;75104;Paris 4e Arrondissement;;;653646.36;6861927.31;2.368257;48.855715;parcelle;;;PARIS;BOULEVARD BEAUMARCHAIS;commune;commune;vrai;
75104_9382_00001;75104_9382;1;;Rue des Tournelles;75004;75104;Paris 4e Arrondissement;;;653572.13;6861720.85;2.367268;48.853853;parcelle;;;PARIS;RUE DES TOURNELLES;commune;commune;vrai;
75104_9382_00002;75104_9382;2;;Rue des Tournelles;75004;75104;Paris 4e Arrondissement;;;653582.84;6861701.08;2.367416;48.853676;parcelle;;;PARIS;RUE DES TOURNELLES;commune;commune;vrai;
75104_9382_00003;75104_9382;3;;Rue des Tournelles;75004;75104;Paris 4e Arrondissement;;;653572.98;6861735.08;2.367278;48.853981;parcelle;;;PARIS;RUE DES TOURNELLES;commune;commune;vrai;
75104_9382_00004;75104_9382;4;;Rue des Tournelles;75004;75104;Paris 4e Arrondissement;;;653584.51;6861745.22;2.367434;48.854073;parcelle;;;PARIS;RUE DES TOURNELLES;commune;commune;vrai;
75104_9382_00005;75104_9382;5;;Rue des Tournelles;75004;75104;Paris 4e Arrondissement;;;653572.83;6861743.64;2.367275;48.854058;parcelle;;;PARIS;RUE DES TOURNELLES;commune;commune;vrai;
75104_9382_00006;75104_9382;6;;Rue des Tournelles;75004;75104;Paris 4e Arrondissement;;;653583.76;6861752.34;2.367423;48.854137;parcelle;;;PARIS;RUE DES TOURNELLES;commune;commune;vrai;
75104_9382_00007;75104_9382;7;;Rue des Tournelles;75004;75104;Paris 4e Arrondissement;;;653572.08;6861750.54;2.367264;48.85412;parcelle;;;PARIS;RUE DES TOURNELLES;commune;commune;vrai;
75104_9382_00008;75104_9382;8;;Rue des Tournelles;75004;75104;Paris 4e Arrondissement;;;653582.88;6861761.02;2.36741;48.854215;parcelle;;;PARIS;RUE DES TOURNELLES;commune;commune;vrai;
75104_9382_00009;75104_9382;9;;Rue des Tournelles;75004;75104;Paris 4e Arrondissement;;;653571.6;6861754.99;2.367257;48.85416;parcelle;;;PARIS;RUE DES TOURNELLES;commune;commune;vrai;
75104_9382_00010;75104_9382;10;;Rue des Tournelles;75004;75104;Paris 4e Arrondissement;;;653581.99;6861769.26;2.367397;48.854289;parcelle;;;PARIS;RUE DES TOURNELLES;commune;commune;vrai;
75104_9382_00011;75104_9382;11;;Rue des Tournelles;75004;75104;Paris 4e Arrondissement;;;653569.79;6861767.02;2.367231;48.854268;parcelle;;;PARIS;RUE DES TOURNELLES;commune;commune;vrai;
75104_9382_00012;75104_9382;12;;Rue des Tournelles;75004;75104;Paris 4e Arrondissement;;;653581.51;6861773.71;2.36739;48.854329;parcelle;;;PARIS;RUE DES TOURNELLES;commune;commune;vrai;
75104_9382_00013;75104_9382;13;;Rue des Tournelles;75004;75104;Paris 4e Arrondissement;;;653568.72;6861780.26;2.367215;48.854387;parcelle;;;PARIS;RUE DES TOURNELLES;commune;commune;vrai;
75104_9382_00014;75104_9382;14;;Rue des Tournelles;75004;75104;Paris 4e Arrondissement;;;653580.77;6861781.94;2.367379;48.854403;parcelle;;;PARIS;RUE DES TOURNELLES;commune;commune;vrai;
75104_9382_00015;75104_9382;15;;Rue des Tournelles;75004;75104;Paris 4e Arrondissement;;;653567.8;6861793.17;2.367201;48.854503;parcelle;;;PARIS;RUE DES TOURNELLES;commune;commune;vrai;
75104_9382_00016;75104_9382;16;;Rue des Tournelles;75004;75104;Paris 4e Arrondissement;;;653578.65;6861792.63;2.367349;48.854499;parcelle;;;PARIS;RUE DES TOURNELLES;commune;commune;vrai;
75104_9382_00017;75104_9382;17;;Rue des Tournelles;75004;75104;Paris 4e Arrondissement;;;653568.02;6861820.41;2.367201;48.854748;parcelle;;;PARIS;RUE DES TOURNELLES;commune;commune;vrai;
75104_9382_00018;75104_9382;18;;Rue des Tournelles;75004;75104;Paris 4e Arrondissement;;;653578.33;6861806.65;2.367343;48.854625;parcelle;;;PARIS;RUE DES TOURNELLES;commune;commune;vrai;
75104_9382_00019;75104_9382;19;;Rue des Tournelles;75004;75104;Paris 4e Arrondissement;;;653568.22;6861837.31;2.367202;48.8549;parcelle;;;PARIS;RUE DES TOURNELLES;commune;commune;vrai;
75104_9382_00020;75104_9382;20;;Rue des Tournelles;75004;75104;Paris 4e Arrondissement;;;653579.82;6861819.31;2.367362;48.854739;parcelle;;;PARIS;RUE DES TOURNELLES;commune;commune;vrai;
75104_9382_00021;75104_9382;21;;Rue des Tournelles;75004;75104;Paris 4e Arrondissement;;;653568.74;6861855.87;2.367207;48.855067;parcelle;;;PARIS;RUE DES TOURNELLES;commune;commune;vrai;
75104_9382_00022;75104_9382;22;;Rue des Tournelles;75004;75104;Paris 4e Arrondissement;;;653580.15;6861832.32;2.367365;48.854856;parcelle;;;PARIS;RUE DES TOURNELLES;commune;commune;vrai;
75104_9382_00023;75104_9382;23;;Rue des Tournelles;75004;75104;Paris 4e Arrondissement;;;653570.36;6861911.35;2.367223;48.855566;parcelle;;;PARIS;RUE DES TOURNELLES;commune;commune;vrai;
75104_9382_00024;75104_9382;24;;Rue des Tournelles;75004;75104;Paris 4e Arrondissement;;;653579.52;6861846.11;2.367355;48.85498;parcelle;;;PARIS;RUE DES TOURNELLES;commune;commune;vrai;
75104_9382_00025;75104_9382;25;;Rue des Tournelles;75004;75104;Paris 4e Arrondissement;;;653571.15;6861927.24;2.367232;48.855709;parcelle;;;PARIS;RUE DES TOURNELLES;commune;commune;vrai;
75104_9382_00026;75104_9382;26;;Rue des Tournelles;75004;75104;Paris 4e Arrondissement;;;653579.85;6861859.01;2.367358;48.855096;parcelle;;;PARIS;RUE DES TOURNELLES;commune;commune;vrai;
75104_9382_00027;75104_9382;27;;Rue des Tournelles;75004;75104;Paris 4e Arrondissement;;;653570.95;6861939.81;2.367228;48.855822;parcelle;;;PARIS;RUE DES TOURNELLES;commune;commune;vrai;
75104_9382_00028;75104_9382;28;;Rue des Tournelles;75004;75104;Paris 4e Arrondissement;;;653580.37;6861878.35;2.367363;48.85527;parcelle;;;PARIS;RUE DES TOURNELLES;commune;commune;vrai;
75104_9382_00029;75104_9382;29;;Rue des Tournelles;75004;75104;Paris 4e Arrondissement;;;653571.9;6861947.7;2.36724;48.855893;parcelle;;;PARIS;RUE DES TOURNELLES;commune;commune;vrai;
75104_9382_00030;75104_9382;30;;Rue des Tournelles;75004;75104;Paris 4e Arrondissement;;;653580.76;6861891.25;2.367367;48.855386;parcelle;;;PARIS;RUE DES TOURNELLES;commune;commune;vrai;
75104_9382_00032;75104_9382;32;;Rue des Tournelles;75004;75104;Paris 4e Arrondissement;;;653580.88;6861896.03;2.367368;48.855429;parcelle;;;PARIS;RUE DES TOURNELLES;commune;commune;vrai;
75104_9382_00034;75104_9382;34;;Rue des Tournelles;75004;75104;Paris 4e Arrondissement;;;653581.06;6861900.92;2.36737;48.855473;parcelle;;;PARIS;RUE DES TOURNELLES;commune;commune;vrai;
75104_9382_00036;75104_9382;36;;Rue des Tournelles;75004;75104;Paris 4e Arrondissement;;;653581.18;6861906.04;2.367371;48.855519;parcelle;;;PARIS;RUE DES TOURNELLES;commune;commune;vrai;
75104_9382_00038;75104_9382;38;;Rue des Tournelles;75004;75104;Paris 4e Arrondissement;;;653581.38;6861912.6;2.367373;48.855578;parcelle;;;PARIS;RUE DES TOURNELLES;commune;commune;vrai;
75104_9382_00040;75104_9382;40;;Rue des Tournelles;75004;75104;Paris 4e Arrondissement;;;653581.67;6861922.16;2.367376;48.855664;parcelle;;;PARIS;RUE DES TOURNELLES;commune;commune;vrai;
75104_9382_00042;75104_9382;42;;Rue des Tournelles;75004;75104;Paris 4e Arrondissement;;;653581.88;6861929.83;2.367378;48.855733;parcelle;;;PARIS;RUE DES TOURNELLES;commune;commune;vrai;
75104_9382_00044;75104_9382;44;;Rue des Tournelles;75004;75104;Paris 4e Arrondissement;;;653582.18;6861939.17;2.367381;48.855817;parcelle;;;PARIS;RUE DES TOURNELLES;commune;commune;vrai;
75104_9382_00021_b;75104_9382;21;b;Rue des Tournelles;75004;75104;Paris 4e Arrondissement;;;653569.95;6861897.12;2.367219;48.855438;parcelle;;;PARIS;RUE DES TOURNELLES;commune;commune;vrai;
75104_9382_00002_b;75104_9382;2;b;Rue des Tournelles;75004;75104;Paris 4e Arrondissement;;;653585.33;6861737.54;2.367446;48.854004;parcelle;;;PARIS;RUE DES TOURNELLES;commune;commune;vrai;
75104_6559_00001;75104_6559;1;;Boulevard Morland;75004;75104;Paris 4e Arrondissement;;;653403.96;6861020.32;2.365053;48.847541;parcelle;;;PARIS;BOULEVARD MORLAND;commune;commune;vrai;
75104_6559_00002;75104_6559;2;;Boulevard Morland;75004;75104;Paris 4e Arrondissement;;;653434.68;6861043.31;2.365469;48.84775;parcelle;;;PARIS;BOULEVARD MORLAND;commune;commune;vrai;
75104_6559_00003;75104_6559;3;;Boulevard Morland;75004;75104;Paris 4e Arrondissement;;;653399.42;6861039.04;2.364989;48.847709;parcelle;;;PARIS;BOULEVARD MORLAND;commune;commune;vrai;
75104_6559_00004;75104_6559;4;;Boulevard Morland;75004;75104;Paris 4e Arrondissement;;;653414.85;6861068.72;2.365196;48.847977;parcelle;;;PARIS;BOULEVARD MORLAND;commune;commune;vrai;
75104_6559_00005;75104_6559;5;;Boulevard Morland;75004;75104;Paris 4e Arrondissement;;;653395.51;6861055.3;2.364934;48.847855;parcelle;;;PARIS;BOULEVARD MORLAND;commune;commune;vrai;
75104_6559_00006;75104_6559;6;;Boulevard Morland;75004;75104;Paris 4e Arrondissement;;;653397.56;6861127.79;2.364954;48.848507;parcelle;;;PARIS;BOULEVARD MORLAND;commune;commune;vrai;
75104_6559_00007;75104_6559;7;;Boulevard Morland;75004;75104;Paris 4e Arrondissement;;;653390.47;6861076.36;2.364863;48.848044;parcelle;;;PARIS;BOULEVARD MORLAND;commune;commune;vrai;
75104_6559_00008;75104_6559;8;;Boulevard Morland;75004;75104;Paris 4e Arrondissement;;;653392.03;6861142.62;2.364877;48.84864;parcelle;;;PARIS;BOULEVARD MORLAND;commune;commune;vrai;
75104_6559_00009;75104_6559;9;;Boulevard Morland;75004;75104;Paris 4e Arrondissement;;;653381.76;6861106.23;2.364741;48.848312;parcelle;;;PARIS;BOULEVARD MORLAND;commune;commune;vrai;
75104_6559_00010;75104_6559;10;;Boulevard Morland;75004;75104;Paris 4e Arrondissement;;;653385.71;6861159.69;2.364789;48.848793;parcelle;;;PARIS;BOULEVARD MORLAND;commune;commune;vrai;
75104_6559_00011;75104_6559;11;;Boulevard Morland;75004;75104;Paris 4e Arrondissement;;;653368.69;6861142.25;2.364559;48.848635;parcelle;;;PARIS;BOULEVARD MORLAND;commune;commune;vrai;
75104_6559_00012;75104_6559;12;;Boulevard Morland;75004;75104;Paris 4e Arrondissement;;;653370.72;6861193.17;2.364581;48.849093;parcelle;;;PARIS;BOULEVARD MORLAND;commune;commune;vrai;
75104_6559_00013;75104_6559;13;;Boulevard Morland;75004;75104;Paris 4e Arrondissement;;;653351.91;6861181.64;2.364326;48.848988;parcelle;;;PARIS;BOULEVARD MORLAND;commune;commune;vrai;
75104_6559_00014;75104_6559;14;;Boulevard Morland;75004;75104;Paris 4e Arrondissement;;;653363.63;6861206.23;2.364483;48.84921;parcelle;;;PARIS;BOULEVARD MORLAND;commune;commune;vrai;
75104_6559_00015;75104_6559;15;;Boulevard Morland;75004;75104;Paris 4e Arrondissement;;;653339.54;6861204.43;2.364155;48.849192;parcelle;;;PARIS;BOULEVARD MORLAND;commune;commune;vrai;
75104_6559_00016;75104_6559;16;;Boulevard Morland;75004;75104;Paris 4e Arrondissement;;;653350.4;6861230.69;2.3643;48.849429;parcelle;;;PARIS;BOULEVARD MORLAND;commune;commune;vrai;
75104_6559_00017;75104_6559;17;;Boulevard Morland;75004;75104;Paris 4e Arrondissement;;;653275.75;6861292.79;2.363276;48.849982;parcelle;;;PARIS;BOULEVARD MORLAND;commune;commune;vrai;
75104_6559_00018;75104_6559;18;;Boulevard Morland;75004;75104;Paris 4e Arrondissement;;;653269.49;6861335.31;2.363186;48.850364;parcelle;;;PARIS;BOULEVARD MORLAND;commune;commune;vrai;
75104_6559_00019;75104_6559;19;;Boulevard Morland;75004;75104;Paris 4e Arrondissement;;;653225.46;6861354.35;2.362584;48.850532;parcelle;;;PARIS;BOULEVARD MORLAND;commune;commune;vrai;
75104_6559_00021;75104_6559;21;;Boulevard Morland;75004;75104;Paris 4e Arrondissement;;;653211.15;6861371.81;2.362387;48.850688;parcelle;;;PARIS;BOULEVARD MORLAND;commune;commune;vrai;
75104_6559_00023;75104_6559;23;;Boulevard Morland;75004;75104;Paris 4e Arrondissement;;;653197.7;6861388.27;2.362202;48.850835;parcelle;;;PARIS;BOULEVARD MORLAND;commune;commune;vrai;
75104_6559_00004_b;75104_6559;4;b;Boulevard Morland;75004;75104;Paris 4e Arrondissement;;;653412.08;6861080.41;2.365157;48.848082;parcelle;;;PARIS;BOULEVARD MORLAND;commune;commune;vrai;
75104_6559_00015_b;75104_6559;15;b;Boulevard Morland;75004;75104;Paris 4e Arrondissement;;;653333.76;6861215.04;2.364075;48.849287;parcelle;;;PARIS;BOULEVARD MORLAND;commune;commune;vrai;
75104_6559_00002_b;75104_6559;2;b;Boulevard Morland;75004;75104;Paris 4e Arrondissement;;;653418.12;6861055.57;2.365242;48.847859;parcelle;;;PARIS;BOULEVARD MORLAND;commune;commune;vrai;
75104_6559_00009_b;75104_6559;9;b;Boulevard Morland;75004;75104;Paris 4e Arrondissement;;;653375.44;6861123.41;2.364653;48.848466;parcelle;;;PARIS;BOULEVARD MORLAND;commune;commune;vrai;
75104_6559_00011_a;75104_6559;11;a;Boulevard Morland;75004;75104;Paris 4e Arrondissement;;;653365.55;6861135.16;2.364517;48.848571;parcelle;;;PARIS;BOULEVARD MORLAND;commune;commune;vrai;
75104_6559_00005_b;75104_6559;5;b;Boulevard Morland;75004;75104;Paris 4e Arrondissement;;;653394.31;6861060.32;2.364917;48.8479;parcelle;;;PARIS;BOULEVARD MORLAND;commune;commune;vrai;
75104_6559_00014_b;75104_6559;14;b;Boulevard Morland;75004;75104;Paris 4e Arrondissement;;;653357.05;6861218.41;2.364392;48.849319;parcelle;;;PARIS;BOULEVARD MORLAND;commune;commune;vrai;
75104_6559_00016_b;75104_6559;16;b;Boulevard Morland;75004;75104;Paris 4e Arrondissement;;;653343.38;6861243.76;2.364203;48.849546;parcelle;;;PARIS;BOULEVARD MORLAND;commune;commune;vrai;
75104_6559_00011_b;75104_6559;11;b;Boulevard Morland;75004;75104;Paris 4e Arrondissement;;;653363.45;6861156.64;2.364486;48.848764;parcelle;;;PARIS;BOULEVARD MORLAND;commune;commune;vrai;
75104_6559_00015_t;75104_6559;15;t;Boulevard Morland;75004;75104;Paris 4e Arrondissement;;;653327.9;6861225.98;2.363994;48.849385;parcelle;;;PARIS;BOULEVARD MORLAND;commune;commune;vrai;
75104_0797_00001;75104_0797;1;;Rue Beautreillis;75004;75104;Paris 4e Arrondissement;;;653240.19;6861542.6;2.362764;48.852226;parcelle;;;PARIS;RUE BEAUTREILLIS;commune;commune;vrai;
75104_0797_00002;75104_0797;2;;Rue Beautreillis;75004;75104;Paris 4e Arrondissement;;;653247.47;6861535.65;2.362864;48.852164;parcelle;;;PARIS;RUE BEAUTREILLIS;commune;commune;vrai;
75104_0797_00003;75104_0797;3;;Rue Beautreillis;75004;75104;Paris 4e Arrondissement;;;653246.38;6861554.34;2.362847;48.852332;parcelle;;;PARIS;RUE BEAUTREILLIS;commune;commune;vrai;
75104_0797_00004;75104_0797;4;;Rue Beautreillis;75004;75104;Paris 4e Arrondissement;;;653252.1;6861545.4;2.362926;48.852252;parcelle;;;PARIS;RUE BEAUTREILLIS;commune;commune;vrai;
75104_0797_00005;75104_0797;5;;Rue Beautreillis;75004;75104;Paris 4e Arrondissement;;;653255.69;6861562.83;2.362973;48.852409;parcelle;;;PARIS;RUE BEAUTREILLIS;commune;commune;vrai;
75104_0797_00006;75104_0797;6;;Rue Beautreillis;75004;75104;Paris 4e Arrondissement;;;653264.09;6861557.75;2.363088;48.852364;parcelle;;;PARIS;RUE BEAUTREILLIS;commune;commune;vrai;
75104_0797_00007;75104_0797;7;;Rue Beautreillis;75004;75104;Paris 4e Arrondissement;;;653268.6;6861579.74;2.363147;48.852562;parcelle;;;PARIS;RUE BEAUTREILLIS;commune;commune;vrai;
75104_0797_00008;75104_0797;8;;Rue Beautreillis;75004;75104;Paris 4e Arrondissement;;;653279;6861577.43;2.363289;48.852542;parcelle;;;PARIS;RUE BEAUTREILLIS;commune;commune;vrai;
75104_0797_00009;75104_0797;9;;Rue Beautreillis;75004;75104;Paris 4e Arrondissement;;;653288.03;6861605.27;2.363409;48.852793;parcelle;;;PARIS;RUE BEAUTREILLIS;commune;commune;vrai;
75104_0797_00010;75104_0797;10;;Rue Beautreillis;75004;75104;Paris 4e Arrondissement;;;653296.29;6861601.31;2.363522;48.852758;parcelle;;;PARIS;RUE BEAUTREILLIS;commune;commune;vrai;
75104_0797_00011;75104_0797;11;;Rue Beautreillis;75004;75104;Paris 4e Arrondissement;;;653301.6;6861623.5;2.363592;48.852958;parcelle;;;PARIS;RUE BEAUTREILLIS;commune;commune;vrai;
75104_0797_00012;75104_0797;12;;Rue Beautreillis;75004;75104;Paris 4e Arrondissement;;;653309.49;6861618.21;2.3637;48.852911;parcelle;;;PARIS;RUE BEAUTREILLIS;commune;commune;vrai;
75104_0797_00013;75104_0797;13;;Rue Beautreillis;75004;75104;Paris 4e Arrondissement;;;653309.87;6861638.78;2.363703;48.853096;parcelle;;;PARIS;RUE BEAUTREILLIS;commune;commune;vrai;
75104_0797_00014;75104_0797;14;;Rue Beautreillis;75004;75104;Paris 4e Arrondissement;;;653323.45;6861638.34;2.363888;48.853093;parcelle;;;PARIS;RUE BEAUTREILLIS;commune;commune;vrai;
75104_0797_00015;75104_0797;15;;Rue Beautreillis;75004;75104;Paris 4e Arrondissement;;;653317.51;6861648.95;2.363806;48.853188;parcelle;;;PARIS;RUE BEAUTREILLIS;commune;commune;vrai;
75104_0797_00016;75104_0797;16;;Rue Beautreillis;75004;75104;Paris 4e Arrondissement;;;653330.49;6861647.96;2.363983;48.85318;parcelle;;;PARIS;RUE BEAUTREILLIS;commune;commune;vrai;
75104_0797_00017;75104_0797;17;;Rue Beautreillis;75004;75104;Paris 4e Arrondissement;;;653326.78;6861661.22;2.363931;48.853299;parcelle;;;PARIS;RUE BEAUTREILLIS;commune;commune;vrai;
75104_0797_00018;75104_0797;18;;Rue Beautreillis;75004;75104;Paris 4e Arrondissement;;;653334.49;6861651.71;2.364037;48.853214;parcelle;;;PARIS;RUE BEAUTREILLIS;commune;commune;vrai;
75104_0797_00019;75104_0797;19;;Rue Beautreillis;75004;75104;Paris 4e Arrondissement;;;653333.76;6861670.5;2.364025;48.853383;parcelle;;;PARIS;RUE BEAUTREILLIS;commune;commune;vrai;
75104_0797_00020;75104_0797;20;;Rue Beautreillis;75004;75104;Paris 4e Arrondissement;;;653339.1;6861659.45;2.364099;48.853284;parcelle;;;PARIS;RUE BEAUTREILLIS;commune;commune;vrai;
75104_0797_00022;75104_0797;22;;Rue Beautreillis;75004;75104;Paris 4e Arrondissement;;;653349.27;6861673.6;2.364236;48.853412;parcelle;;;PARIS;RUE BEAUTREILLIS;commune;commune;vrai;
75104_0797_00023;75104_0797;23;;Rue Beautreillis;75004;75104;Paris 4e Arrondissement;;;653350.52;6861693.05;2.364251;48.853587;parcelle;;;PARIS;RUE BEAUTREILLIS;commune;commune;vrai;
75104_0797_00024;75104_0797;24;;Rue Beautreillis;75004;75104;Paris 4e Arrondissement;;;653354.98;6861681.68;2.364313;48.853485;parcelle;;;PARIS;RUE BEAUTREILLIS;commune;commune;vrai;
75104_0797_00025;75104_0797;25;;Rue Beautreillis;75004;75104;Paris 4e Arrondissement;;;653359.5;6861704.88;2.364372;48.853694;parcelle;;;PARIS;RUE BEAUTREILLIS;commune;commune;vrai;
75104_0797_00026;75104_0797;26;;Rue Beautreillis;75004;75104;Paris 4e Arrondissement;;;653364.16;6861691.16;2.364437;48.853571;parcelle;;;PARIS;RUE BEAUTREILLIS;commune;commune;vrai;
75104_0797_00027;75104_0797;27;;Rue Beautreillis;75004;75104;Paris 4e Arrondissement;;;653366.91;6861714.61;2.364472;48.853782;parcelle;;;PARIS;RUE BEAUTREILLIS;commune;commune;vrai;
75104_0797_00028;75104_0797;28;;Rue Beautreillis;75004;75104;Paris 4e Arrondissement;;;653370.19;6861702.24;2.364518;48.853671;parcelle;;;PARIS;RUE BEAUTREILLIS;commune;commune;vrai;
75104_0797_00030;75104_0797;30;;Rue Beautreillis;75004;75104;Paris 4e Arrondissement;;;653378.35;6861713.29;2.364628;48.853771;parcelle;;;PARIS;RUE BEAUTREILLIS;commune;commune;vrai;
75104_0797_00006_b;75104_0797;6;b;Rue Beautreillis;75004;75104;Paris 4e Arrondissement;;;653267.53;6861565.84;2.363134;48.852437;parcelle;;;PARIS;RUE BEAUTREILLIS;commune;commune;vrai;
75104_1649_00001;75104_1649;1;;Rue de la Cerisaie;75004;75104;Paris 4e Arrondissement;;;653575;6861474.08;2.367334;48.851634;parcelle;;;PARIS;RUE DE LA CERISAIE;commune;commune;vrai;
75104_1649_00002;75104_1649;2;;Rue de la Cerisaie;75004;75104;Paris 4e Arrondissement;;;653577.32;6861488.41;2.367364;48.851763;parcelle;;;PARIS;RUE DE LA CERISAIE;commune;commune;vrai;
75104_1649_00003;75104_1649;3;;Rue de la Cerisaie;75004;75104;Paris 4e Arrondissement;;;653566.58;6861476.26;2.367219;48.851653;parcelle;;;PARIS;RUE DE LA CERISAIE;commune;commune;vrai;
75104_1649_00004;75104_1649;4;;Rue de la Cerisaie;75004;75104;Paris 4e Arrondissement;;;653565.01;6861491.62;2.367196;48.851791;parcelle;;;PARIS;RUE DE LA CERISAIE;commune;commune;vrai;
75104_1649_00005;75104_1649;5;;Rue de la Cerisaie;75004;75104;Paris 4e Arrondissement;;;653559.04;6861478.21;2.367116;48.85167;parcelle;;;PARIS;RUE DE LA CERISAIE;commune;commune;vrai;
75104_1649_00006;75104_1649;6;;Rue de la Cerisaie;75004;75104;Paris 4e Arrondissement;;;653529.28;6861500.69;2.366708;48.85187;parcelle;;;PARIS;RUE DE LA CERISAIE;commune;commune;vrai;
75104_1649_00007;75104_1649;7;;Rue de la Cerisaie;75004;75104;Paris 4e Arrondissement;;;653532.16;6861485.1;2.366749;48.85173;parcelle;;;PARIS;RUE DE LA CERISAIE;commune;commune;vrai;
75104_1649_00008;75104_1649;8;;Rue de la Cerisaie;75004;75104;Paris 4e Arrondissement;;;653522.46;6861502.41;2.366615;48.851885;parcelle;;;PARIS;RUE DE LA CERISAIE;commune;commune;vrai;
75104_1649_00009;75104_1649;9;;Rue de la Cerisaie;75004;75104;Paris 4e Arrondissement;;;653514.95;6861489.46;2.366514;48.851768;parcelle;;;PARIS;RUE DE LA CERISAIE;commune;commune;vrai;
75104_1649_00010;75104_1649;10;;Rue de la Cerisaie;75004;75104;Paris 4e Arrondissement;;;653502.99;6861508.46;2.366349;48.851938;parcelle;;;PARIS;RUE DE LA CERISAIE;commune;commune;vrai;
75104_1649_00011;75104_1649;11;;Rue de la Cerisaie;75004;75104;Paris 4e Arrondissement;;;653496.73;6861496.28;2.366265;48.851828;parcelle;;;PARIS;RUE DE LA CERISAIE;commune;commune;vrai;
75104_1649_00012;75104_1649;12;;Rue de la Cerisaie;75004;75104;Paris 4e Arrondissement;;;653488.52;6861515.25;2.366151;48.851998;parcelle;;;PARIS;RUE DE LA CERISAIE;commune;commune;vrai;
75104_1649_00013;75104_1649;13;;Rue de la Cerisaie;75004;75104;Paris 4e Arrondissement;;;653480.94;6861503.64;2.366049;48.851893;parcelle;;;PARIS;RUE DE LA CERISAIE;commune;commune;vrai;
75104_1649_00014;75104_1649;14;;Rue de la Cerisaie;75004;75104;Paris 4e Arrondissement;;;653424.8;6861540.23;2.36528;48.852218;parcelle;;;PARIS;RUE DE LA CERISAIE;commune;commune;vrai;
75104_1649_00015;75104_1649;15;;Rue de la Cerisaie;75004;75104;Paris 4e Arrondissement;;;653468.14;6861509.3;2.365874;48.851943;parcelle;;;PARIS;RUE DE LA CERISAIE;commune;commune;vrai;
75104_1649_00016;75104_1649;16;;Rue de la Cerisaie;75004;75104;Paris 4e Arrondissement;;;653417.36;6861545.51;2.365178;48.852265;parcelle;;;PARIS;RUE DE LA CERISAIE;commune;commune;vrai;
75104_1649_00017;75104_1649;17;;Rue de la Cerisaie;75004;75104;Paris 4e Arrondissement;;;653461.85;6861511.79;2.365788;48.851965;parcelle;;;PARIS;RUE DE LA CERISAIE;commune;commune;vrai;
75104_1649_00018;75104_1649;18;;Rue de la Cerisaie;75004;75104;Paris 4e Arrondissement;;;653403.98;6861551.74;2.364995;48.85232;parcelle;;;PARIS;RUE DE LA CERISAIE;commune;commune;vrai;
75104_1649_00019;75104_1649;19;;Rue de la Cerisaie;75004;75104;Paris 4e Arrondissement;;;653407.61;6861537.58;2.365046;48.852193;parcelle;;;PARIS;RUE DE LA CERISAIE;commune;commune;vrai;
75104_1649_00020;75104_1649;20;;Rue de la Cerisaie;75004;75104;Paris 4e Arrondissement;;;653391.43;6861560.18;2.364823;48.852395;parcelle;;;PARIS;RUE DE LA CERISAIE;commune;commune;vrai;
75104_1649_00021;75104_1649;21;;Rue de la Cerisaie;75004;75104;Paris 4e Arrondissement;;;653398.71;6861543.55;2.364924;48.852246;parcelle;;;PARIS;RUE DE LA CERISAIE;commune;commune;vrai;
75104_1649_00022;75104_1649;22;;Rue de la Cerisaie;75004;75104;Paris 4e Arrondissement;;;653381.28;6861567.04;2.364684;48.852456;parcelle;;;PARIS;RUE DE LA CERISAIE;commune;commune;vrai;
75104_1649_00023;75104_1649;23;;Rue de la Cerisaie;75004;75104;Paris 4e Arrondissement;;;653391.7;6861548.16;2.364828;48.852287;parcelle;;;PARIS;RUE DE LA CERISAIE;commune;commune;vrai;
75104_1649_00024;75104_1649;24;;Rue de la Cerisaie;75004;75104;Paris 4e Arrondissement;;;653373.05;6861574.89;2.364571;48.852526;parcelle;;;PARIS;RUE DE LA CERISAIE;commune;commune;vrai;
75104_1649_00025;75104_1649;25;;Rue de la Cerisaie;75004;75104;Paris 4e Arrondissement;;;653381.84;6861554.69;2.364693;48.852345;parcelle;;;PARIS;RUE DE LA CERISAIE;commune;commune;vrai;
75104_1649_00026;75104_1649;26;;Rue de la Cerisaie;75004;75104;Paris 4e Arrondissement;;;653359.62;6861583.89;2.364387;48.852606;parcelle;;;PARIS;RUE DE LA CERISAIE;commune;commune;vrai;
75104_1649_00027;75104_1649;27;;Rue de la Cerisaie;75004;75104;Paris 4e Arrondissement;;;653369;6861563.25;2.364517;48.852421;parcelle;;;PARIS;RUE DE LA CERISAIE;commune;commune;vrai;
75104_1649_00029;75104_1649;29;;Rue de la Cerisaie;75004;75104;Paris 4e Arrondissement;;;653360.68;6861568.76;2.364403;48.85247;parcelle;;;PARIS;RUE DE LA CERISAIE;commune;commune;vrai;
75104_1649_00031;75104_1649;31;;Rue de la Cerisaie;75004;75104;Paris 4e Arrondissement;;;653349.87;6861575.97;2.364255;48.852534;parcelle;;;PARIS;RUE DE LA CERISAIE;commune;commune;vrai;
75104_1649_00004_b;75104_1649;4;b;Rue de la Cerisaie;75004;75104;Paris 4e Arrondissement;;;653541.36;6861497.59;2.366873;48.851843;parcelle;;;PARIS;RUE DE LA CERISAIE;commune;commune;vrai;
75104_6732_00001;75104_6732;1;;Rue Neuve Saint-Pierre;75004;75104;Paris 4e Arrondissement;;;653326;6861682.13;2.363918;48.853487;parcelle;;;PARIS;RUE NEUVE SAINT PIERRE;commune;commune;vrai;
75104_6732_00002;75104_6732;2;;Rue Neuve Saint-Pierre;75004;75104;Paris 4e Arrondissement;;;653342.29;6861691.56;2.364139;48.853573;parcelle;;;PARIS;RUE NEUVE SAINT PIERRE;commune;commune;vrai;
75104_6732_00004;75104_6732;4;;Rue Neuve Saint-Pierre;75004;75104;Paris 4e Arrondissement;;;653330.47;6861699.44;2.363977;48.853643;parcelle;;;PARIS;RUE NEUVE SAINT PIERRE;commune;commune;vrai;
75104_6732_00005;75104_6732;5;;Rue Neuve Saint-Pierre;75004;75104;Paris 4e Arrondissement;;;653308.56;6861694.06;2.363679;48.853593;parcelle;;;PARIS;RUE NEUVE SAINT PIERRE;commune;commune;vrai;
75104_6732_00006;75104_6732;6;;Rue Neuve Saint-Pierre;75004;75104;Paris 4e Arrondissement;;;653321.64;6861705.3;2.363856;48.853695;parcelle;;;PARIS;RUE NEUVE SAINT PIERRE;commune;commune;vrai;
75104_6732_00007;75104_6732;7;;Rue Neuve Saint-Pierre;75004;75104;Paris 4e Arrondissement;;;653297.76;6861702.04;2.363531;48.853664;parcelle;;;PARIS;RUE NEUVE SAINT PIERRE;commune;commune;vrai;
75104_6732_00008;75104_6732;8;;Rue Neuve Saint-Pierre;75004;75104;Paris 4e Arrondissement;;;653310.91;6861712.39;2.363709;48.853758;parcelle;;;PARIS;RUE NEUVE SAINT PIERRE;commune;commune;vrai;
75104_6732_00010;75104_6732;10;;Rue Neuve Saint-Pierre;75004;75104;Paris 4e Arrondissement;;;653302.22;6861718.13;2.36359;48.853809;parcelle;;;PARIS;RUE NEUVE SAINT PIERRE;commune;commune;vrai;
75104_6732_00012;75104_6732;12;;Rue Neuve Saint-Pierre;75004;75104;Paris 4e Arrondissement;;;653296.09;6861722.18;2.363506;48.853845;parcelle;;;PARIS;RUE NEUVE SAINT PIERRE;commune;commune;vrai;
75104_6732_00014;75104_6732;14;;Rue Neuve Saint-Pierre;75004;75104;Paris 4e Arrondissement;;;653270.05;6861732.18;2.36315;48.853933;parcelle;;;PARIS;RUE NEUVE SAINT PIERRE;commune;commune;vrai;
75104_6732_00015;75104_6732;15;;Rue Neuve Saint-Pierre;75004;75104;Paris 4e Arrondissement;;;653268.97;6861716.4;2.363137;48.853791;parcelle;;;PARIS;RUE NEUVE SAINT PIERRE;commune;commune;vrai;
75104_6732_00016;75104_6732;16;;Rue Neuve Saint-Pierre;75004;75104;Paris 4e Arrondissement;;;653259.89;6861736.93;2.363011;48.853975;parcelle;;;PARIS;RUE NEUVE SAINT PIERRE;commune;commune;vrai;
75104_6732_00017;75104_6732;17;;Rue Neuve Saint-Pierre;75004;75104;Paris 4e Arrondissement;;;653243.31;6861728.5;2.362786;48.853898;parcelle;;;PARIS;RUE NEUVE SAINT PIERRE;commune;commune;vrai;
75104_6732_00018;75104_6732;18;;Rue Neuve Saint-Pierre;75004;75104;Paris 4e Arrondissement;;;653248.48;6861742.69;2.362855;48.854026;parcelle;;;PARIS;RUE NEUVE SAINT PIERRE;commune;commune;vrai;
75104_6732_00019;75104_6732;19;;Rue Neuve Saint-Pierre;75004;75104;Paris 4e Arrondissement;;;653232.35;6861734.37;2.362636;48.85395;parcelle;;;PARIS;RUE NEUVE SAINT PIERRE;commune;commune;vrai;
75104_6732_00020;75104_6732;20;;Rue Neuve Saint-Pierre;75004;75104;Paris 4e Arrondissement;;;653235.11;6861749.47;2.362672;48.854086;parcelle;;;PARIS;RUE NEUVE SAINT PIERRE;commune;commune;vrai;
75104_6732_00021;75104_6732;21;;Rue Neuve Saint-Pierre;75004;75104;Paris 4e Arrondissement;;;653223.58;6861739.22;2.362516;48.853993;parcelle;;;PARIS;RUE NEUVE SAINT PIERRE;commune;commune;vrai;
75104_6732_00023;75104_6732;23;;Rue Neuve Saint-Pierre;75004;75104;Paris 4e Arrondissement;;;653214.59;6861743.41;2.362393;48.85403;parcelle;;;PARIS;RUE NEUVE SAINT PIERRE;commune;commune;vrai;
75104_6732_00005_z;75104_6732;5;z;Rue Neuve Saint-Pierre;75004;75104;Paris 4e Arrondissement;;;653306.82;6861696.85;2.363655;48.853618;parcelle;;;PARIS;RUE NEUVE SAINT PIERRE;commune;commune;vrai;
75104_4670_00001;75104_4670;1;;Rue de l'Hôtel Saint-Paul;75004;75104;Paris 4e Arrondissement;;;653281.53;6861736.53;2.363306;48.853973;parcelle;;;PARIS;RUE DE L HOTEL SAINT PAUL;commune;commune;vrai;
75104_4670_00002;75104_4670;2;;Rue de l'Hôtel Saint-Paul;75004;75104;Paris 4e Arrondissement;;;653298.37;6861732.17;2.363536;48.853935;parcelle;;;PARIS;RUE DE L HOTEL SAINT PAUL;commune;commune;vrai;
75104_4670_00003;75104_4670;3;;Rue de l'Hôtel Saint-Paul;75004;75104;Paris 4e Arrondissement;;;653286.29;6861743.94;2.36337;48.85404;parcelle;;;PARIS;RUE DE L HOTEL SAINT PAUL;commune;commune;vrai;
75104_4670_00004;75104_4670;4;;Rue de l'Hôtel Saint-Paul;75004;75104;Paris 4e Arrondissement;;;653305.21;6861742.46;2.363628;48.854028;parcelle;;;PARIS;RUE DE L HOTEL SAINT PAUL;commune;commune;vrai;
75104_4670_00005;75104_4670;5;;Rue de l'Hôtel Saint-Paul;75004;75104;Paris 4e Arrondissement;;;653296.39;6861759.65;2.363506;48.854182;parcelle;;;PARIS;RUE DE L HOTEL SAINT PAUL;commune;commune;vrai;
75104_4670_00006;75104_4670;6;;Rue de l'Hôtel Saint-Paul;75004;75104;Paris 4e Arrondissement;;;653311.15;6861751.08;2.363708;48.854106;parcelle;;;PARIS;RUE DE L HOTEL SAINT PAUL;commune;commune;vrai;
75104_0471_00001;75104_0471;1;;Rue de l'Arsenal;75004;75104;Paris 4e Arrondissement;;;653413.16;6861278.11;2.36515;48.84986;parcelle;;;PARIS;RUE DE L ARSENAL;commune;commune;vrai;
75104_0471_00002;75104_0471;2;;Rue de l'Arsenal;75004;75104;Paris 4e Arrondissement;;;653421.87;6861266.48;2.36527;48.849756;parcelle;;;PARIS;RUE DE L ARSENAL;commune;commune;vrai;
75104_0471_00003;75104_0471;3;;Rue de l'Arsenal;75004;75104;Paris 4e Arrondissement;;;653431.99;6861302.76;2.365404;48.850083;parcelle;;;PARIS;RUE DE L ARSENAL;commune;commune;vrai;
75104_0471_00004;75104_0471;4;;Rue de l'Arsenal;75004;75104;Paris 4e Arrondissement;;;653436.04;6861285.27;2.365461;48.849926;parcelle;;;PARIS;RUE DE L ARSENAL;commune;commune;vrai;
75104_0471_00005;75104_0471;5;;Rue de l'Arsenal;75004;75104;Paris 4e Arrondissement;;;653449.35;6861325.64;2.365638;48.85029;parcelle;;;PARIS;RUE DE L ARSENAL;commune;commune;vrai;
75104_0471_00006;75104_0471;6;;Rue de l'Arsenal;75004;75104;Paris 4e Arrondissement;;;653449.91;6861303.62;2.365648;48.850092;parcelle;;;PARIS;RUE DE L ARSENAL;commune;commune;vrai;
75104_0471_00007;75104_0471;7;;Rue de l'Arsenal;75004;75104;Paris 4e Arrondissement;;;653481.17;6861367.42;2.366067;48.850668;parcelle;;;PARIS;RUE DE L ARSENAL;commune;commune;vrai;
75104_0471_00008;75104_0471;8;;Rue de l'Arsenal;75004;75104;Paris 4e Arrondissement;;;653496.43;6861367.07;2.366275;48.850666;parcelle;;;PARIS;RUE DE L ARSENAL;commune;commune;vrai;
75104_0471_00009;75104_0471;9;;Rue de l'Arsenal;75004;75104;Paris 4e Arrondissement;;;653507.48;6861418.02;2.36642;48.851125;parcelle;;;PARIS;RUE DE L ARSENAL;commune;commune;vrai;
75104_0471_00010;75104_0471;10;;Rue de l'Arsenal;75004;75104;Paris 4e Arrondissement;;;653507.46;6861388.33;2.366423;48.850858;parcelle;;;PARIS;RUE DE L ARSENAL;commune;commune;vrai;
75104_0471_00011;75104_0471;11;;Rue de l'Arsenal;75004;75104;Paris 4e Arrondissement;;;653512.47;6861427.66;2.366487;48.851212;parcelle;;;PARIS;RUE DE L ARSENAL;commune;commune;vrai;
75104_0471_00012;75104_0471;12;;Rue de l'Arsenal;75004;75104;Paris 4e Arrondissement;;;653525.42;6861422.77;2.366664;48.851169;parcelle;;;PARIS;RUE DE L ARSENAL;commune;commune;vrai;
75104_0471_00013;75104_0471;13;;Rue de l'Arsenal;75004;75104;Paris 4e Arrondissement;;;653519.93;6861442.05;2.366587;48.851342;parcelle;;;PARIS;RUE DE L ARSENAL;commune;commune;vrai;
75104_0471_00014;75104_0471;14;;Rue de l'Arsenal;75004;75104;Paris 4e Arrondissement;;;653533.32;6861438.05;2.36677;48.851307;parcelle;;;PARIS;RUE DE L ARSENAL;commune;commune;vrai;
75104_0471_00015;75104_0471;15;;Rue de l'Arsenal;75004;75104;Paris 4e Arrondissement;;;653527.9;6861457.44;2.366694;48.851481;parcelle;;;PARIS;RUE DE L ARSENAL;commune;commune;vrai;
75104_0471_00016;75104_0471;16;;Rue de l'Arsenal;75004;75104;Paris 4e Arrondissement;;;653543.76;6861458.21;2.36691;48.851489;parcelle;;;PARIS;RUE DE L ARSENAL;commune;commune;vrai;
75104_0471_00017;75104_0471;17;;Rue de l'Arsenal;75004;75104;Paris 4e Arrondissement;;;653535.28;6861471.84;2.366793;48.851611;parcelle;;;PARIS;RUE DE L ARSENAL;commune;commune;vrai;
75104_0471_00018;75104_0471;18;;Rue de l'Arsenal;75004;75104;Paris 4e Arrondissement;;;653551.81;6861473.71;2.367018;48.851629;parcelle;;;PARIS;RUE DE L ARSENAL;commune;commune;vrai;
75104_4583_00002;75104_4583;2;;Boulevard Henri IV;75004;75104;Paris 4e Arrondissement;;;653161.61;6861379.89;2.361711;48.850757;parcelle;;;PARIS;BOULEVARD HENRI IV;commune;commune;vrai;
75104_4583_00004;75104_4583;4;;Boulevard Henri IV;75004;75104;Paris 4e Arrondissement;;;653172.8;6861384.91;2.361863;48.850803;parcelle;;;PARIS;BOULEVARD HENRI IV;commune;commune;vrai;
75104_4583_00006;75104_4583;6;;Boulevard Henri IV;75004;75104;Paris 4e Arrondissement;;;653185.47;6861390.59;2.362035;48.850855;parcelle;;;PARIS;BOULEVARD HENRI IV;commune;commune;vrai;
75104_4583_00009;75104_4583;9;;Boulevard Henri IV;75004;75104;Paris 4e Arrondissement;;;653174.72;6861422.81;2.361885;48.851144;parcelle;;;PARIS;BOULEVARD HENRI IV;commune;commune;vrai;
75104_4583_00010;75104_4583;10;;Boulevard Henri IV;75004;75104;Paris 4e Arrondissement;;;653226.27;6861408.72;2.362589;48.851021;parcelle;;;PARIS;BOULEVARD HENRI IV;commune;commune;vrai;
75104_4583_00011;75104_4583;11;;Boulevard Henri IV;75004;75104;Paris 4e Arrondissement;;;653238.86;6861449.65;2.362756;48.85139;parcelle;;;PARIS;BOULEVARD HENRI IV;commune;commune;vrai;
75104_4583_00012;75104_4583;12;;Boulevard Henri IV;75004;75104;Paris 4e Arrondissement;;;653263.61;6861424.99;2.363096;48.85117;parcelle;;;PARIS;BOULEVARD HENRI IV;commune;commune;vrai;
75104_4583_00013;75104_4583;13;;Boulevard Henri IV;75004;75104;Paris 4e Arrondissement;;;653255.35;6861456.97;2.36298;48.851457;parcelle;;;PARIS;BOULEVARD HENRI IV;commune;commune;vrai;
75104_4583_00014;75104_4583;14;;Boulevard Henri IV;75004;75104;Paris 4e Arrondissement;;;653287.74;6861432.69;2.363424;48.851241;parcelle;;;PARIS;BOULEVARD HENRI IV;commune;commune;vrai;
75104_4583_00015;75104_4583;15;;Boulevard Henri IV;75004;75104;Paris 4e Arrondissement;;;653276.05;6861466.36;2.363261;48.851543;parcelle;;;PARIS;BOULEVARD HENRI IV;commune;commune;vrai;
75104_4583_00016;75104_4583;16;;Boulevard Henri IV;75004;75104;Paris 4e Arrondissement;;;653292.16;6861434.88;2.363484;48.851261;parcelle;;;PARIS;BOULEVARD HENRI IV;commune;commune;vrai;
75104_4583_00017;75104_4583;17;;Boulevard Henri IV;75004;75104;Paris 4e Arrondissement;;;653311.92;6861482.53;2.363748;48.851691;parcelle;;;PARIS;BOULEVARD HENRI IV;commune;commune;vrai;
75104_4583_00018;75104_4583;18;;Boulevard Henri IV;75004;75104;Paris 4e Arrondissement;;;653319.34;6861448.11;2.363853;48.851382;parcelle;;;PARIS;BOULEVARD HENRI IV;commune;commune;vrai;
75104_4583_00019;75104_4583;19;;Boulevard Henri IV;75004;75104;Paris 4e Arrondissement;;;653326.65;6861489.09;2.363948;48.851751;parcelle;;;PARIS;BOULEVARD HENRI IV;commune;commune;vrai;
75104_4583_00020;75104_4583;20;;Boulevard Henri IV;75004;75104;Paris 4e Arrondissement;;;653328.03;6861451.71;2.363971;48.851415;parcelle;;;PARIS;BOULEVARD HENRI IV;commune;commune;vrai;
75104_4583_00021;75104_4583;21;;Boulevard Henri IV;75004;75104;Paris 4e Arrondissement;;;653339.9;6861495.1;2.364128;48.851806;parcelle;;;PARIS;BOULEVARD HENRI IV;commune;commune;vrai;
75104_4583_00022;75104_4583;22;;Boulevard Henri IV;75004;75104;Paris 4e Arrondissement;;;653355.13;6861463.17;2.364339;48.85152;parcelle;;;PARIS;BOULEVARD HENRI IV;commune;commune;vrai;
75104_4583_00023;75104_4583;23;;Boulevard Henri IV;75004;75104;Paris 4e Arrondissement;;;653355.89;6861502.31;2.364345;48.851872;parcelle;;;PARIS;BOULEVARD HENRI IV;commune;commune;vrai;
75104_4583_00024;75104_4583;24;;Boulevard Henri IV;75004;75104;Paris 4e Arrondissement;;;653361.46;6861465.9;2.364425;48.851545;parcelle;;;PARIS;BOULEVARD HENRI IV;commune;commune;vrai;
75104_4583_00025;75104_4583;25;;Boulevard Henri IV;75004;75104;Paris 4e Arrondissement;;;653367.74;6861507.66;2.364506;48.851921;parcelle;;;PARIS;BOULEVARD HENRI IV;commune;commune;vrai;
75104_4583_00026;75104_4583;26;;Boulevard Henri IV;75004;75104;Paris 4e Arrondissement;;;653381.08;6861477.86;2.364691;48.851654;parcelle;;;PARIS;BOULEVARD HENRI IV;commune;commune;vrai;
75104_4583_00027;75104_4583;27;;Boulevard Henri IV;75004;75104;Paris 4e Arrondissement;;;653388.58;6861516.94;2.364789;48.852006;parcelle;;;PARIS;BOULEVARD HENRI IV;commune;commune;vrai;
75104_4583_00028;75104_4583;28;;Boulevard Henri IV;75004;75104;Paris 4e Arrondissement;;;653403.61;6861487.13;2.364997;48.851739;parcelle;;;PARIS;BOULEVARD HENRI IV;commune;commune;vrai;
75104_4583_00029;75104_4583;29;;Boulevard Henri IV;75004;75104;Paris 4e Arrondissement;;;653407.29;6861525.35;2.365043;48.852083;parcelle;;;PARIS;BOULEVARD HENRI IV;commune;commune;vrai;
75104_4583_00030;75104_4583;30;;Boulevard Henri IV;75004;75104;Paris 4e Arrondissement;;;653415.41;6861494.04;2.365157;48.851802;parcelle;;;PARIS;BOULEVARD HENRI IV;commune;commune;vrai;
75104_4583_00031;75104_4583;31;;Boulevard Henri IV;75004;75104;Paris 4e Arrondissement;;;653437.86;6861539.12;2.365458;48.852209;parcelle;;;PARIS;BOULEVARD HENRI IV;commune;commune;vrai;
75104_4583_00032;75104_4583;32;;Boulevard Henri IV;75004;75104;Paris 4e Arrondissement;;;653424.61;6861498.08;2.365282;48.851839;parcelle;;;PARIS;BOULEVARD HENRI IV;commune;commune;vrai;
75104_4583_00033;75104_4583;33;;Boulevard Henri IV;75004;75104;Paris 4e Arrondissement;;;653450.01;6861544.58;2.365623;48.852259;parcelle;;;PARIS;BOULEVARD HENRI IV;commune;commune;vrai;
75104_4583_00034;75104_4583;34;;Boulevard Henri IV;75004;75104;Paris 4e Arrondissement;;;653442.88;6861506.39;2.36553;48.851915;parcelle;;;PARIS;BOULEVARD HENRI IV;commune;commune;vrai;
75104_4583_00035;75104_4583;35;;Boulevard Henri IV;75004;75104;Paris 4e Arrondissement;;;653462.38;6861550.15;2.365791;48.85231;parcelle;;;PARIS;BOULEVARD HENRI IV;commune;commune;vrai;
75104_4583_00036;75104_4583;36;;Boulevard Henri IV;75004;75104;Paris 4e Arrondissement;;;653488.24;6861526.71;2.366146;48.852101;parcelle;;;PARIS;BOULEVARD HENRI IV;commune;commune;vrai;
75104_4583_00037;75104_4583;37;;Boulevard Henri IV;75004;75104;Paris 4e Arrondissement;;;653497;6861565.67;2.366261;48.852452;parcelle;;;PARIS;BOULEVARD HENRI IV;commune;commune;vrai;
75104_4583_00038;75104_4583;38;;Boulevard Henri IV;75004;75104;Paris 4e Arrondissement;;;653504.74;6861534.13;2.36637;48.852169;parcelle;;;PARIS;BOULEVARD HENRI IV;commune;commune;vrai;
75104_4583_00039;75104_4583;39;;Boulevard Henri IV;75004;75104;Paris 4e Arrondissement;;;653512.68;6861572.77;2.366474;48.852517;parcelle;;;PARIS;BOULEVARD HENRI IV;commune;commune;vrai;
75104_4583_00040;75104_4583;40;;Boulevard Henri IV;75004;75104;Paris 4e Arrondissement;;;653535.45;6861548.01;2.366787;48.852296;parcelle;;;PARIS;BOULEVARD HENRI IV;commune;commune;vrai;
75104_4583_00041;75104_4583;41;;Boulevard Henri IV;75004;75104;Paris 4e Arrondissement;;;653525.13;6861578.45;2.366643;48.852569;parcelle;;;PARIS;BOULEVARD HENRI IV;commune;commune;vrai;
75104_4583_00042;75104_4583;42;;Boulevard Henri IV;75004;75104;Paris 4e Arrondissement;;;653551.29;6861555.11;2.367002;48.852361;parcelle;;;PARIS;BOULEVARD HENRI IV;commune;commune;vrai;
75104_4583_00043;75104_4583;43;;Boulevard Henri IV;75004;75104;Paris 4e Arrondissement;;;653553.19;6861591.12;2.367024;48.852685;parcelle;;;PARIS;BOULEVARD HENRI IV;commune;commune;vrai;
75104_4583_00044;75104_4583;44;;Boulevard Henri IV;75004;75104;Paris 4e Arrondissement;;;653585.31;6861570.41;2.367464;48.852501;parcelle;;;PARIS;BOULEVARD HENRI IV;commune;commune;vrai;
75104_4583_00045;75104_4583;45;;Boulevard Henri IV;75004;75104;Paris 4e Arrondissement;;;653599.95;6861612.1;2.367659;48.852877;parcelle;;;PARIS;BOULEVARD HENRI IV;commune;commune;vrai;
75104_4583_00046;75104_4583;46;;Boulevard Henri IV;75004;75104;Paris 4e Arrondissement;;;653600.11;6861577.07;2.367665;48.852562;parcelle;;;PARIS;BOULEVARD HENRI IV;commune;commune;vrai;
75104_4583_00047;75104_4583;47;;Boulevard Henri IV;75004;75104;Paris 4e Arrondissement;;;653611.08;6861617.13;2.36781;48.852923;parcelle;;;PARIS;BOULEVARD HENRI IV;commune;commune;vrai;
75104_4583_00049;75104_4583;49;;Boulevard Henri IV;75004;75104;Paris 4e Arrondissement;;;653622.12;6861622.15;2.36796;48.852969;parcelle;;;PARIS;BOULEVARD HENRI IV;commune;commune;vrai;
75104_4583_00043_b;75104_4583;43;b;Boulevard Henri IV;75004;75104;Paris 4e Arrondissement;;;653567.11;6861597.35;2.367213;48.852742;parcelle;;;PARIS;BOULEVARD HENRI IV;commune;commune;vrai;
75104_4583_00028_q;75104_4583;28;q;Boulevard Henri IV;75004;75104;Paris 4e Arrondissement;;;653409.51;6861491.09;2.365077;48.851775;parcelle;;;PARIS;BOULEVARD HENRI IV;commune;commune;vrai;
75104_4583_00025_b;75104_4583;25;b;Boulevard Henri IV;75004;75104;Paris 4e Arrondissement;;;653372.38;6861509.73;2.364569;48.85194;parcelle;;;PARIS;BOULEVARD HENRI IV;commune;commune;vrai;
75104_4583_00016_b;75104_4583;16;b;Boulevard Henri IV;75004;75104;Paris 4e Arrondissement;;;653299.61;6861439.15;2.363585;48.8513;parcelle;;;PARIS;BOULEVARD HENRI IV;commune;commune;vrai;
75104_4583_00016_t;75104_4583;16;t;Boulevard Henri IV;75004;75104;Paris 4e Arrondissement;;;653308.81;6861443.3;2.36371;48.851338;parcelle;;;PARIS;BOULEVARD HENRI IV;commune;commune;vrai;
75104_4583_00020_b;75104_4583;20;b;Boulevard Henri IV;75004;75104;Paris 4e Arrondissement;;;653332.9;6861454.12;2.364037;48.851437;parcelle;;;PARIS;BOULEVARD HENRI IV;commune;commune;vrai;
75104_4583_00028_b;75104_4583;28;b;Boulevard Henri IV;75004;75104;Paris 4e Arrondissement;;;653405.3;6861487.9;2.36502;48.851746;parcelle;;;PARIS;BOULEVARD HENRI IV;commune;commune;vrai;
75104_4583_00020_t;75104_4583;20;t;Boulevard Henri IV;75004;75104;Paris 4e Arrondissement;;;653340.19;6861457.4;2.364136;48.851467;parcelle;;;PARIS;BOULEVARD HENRI IV;commune;commune;vrai;
75104_4583_00026_b;75104_4583;26;b;Boulevard Henri IV;75004;75104;Paris 4e Arrondissement;;;653391.91;6861482.78;2.364838;48.851699;parcelle;;;PARIS;BOULEVARD HENRI IV;commune;commune;vrai;
75104_4583_00014_t;75104_4583;14;t;Boulevard Henri IV;75004;75104;Paris 4e Arrondissement;;;653290.69;6861434.11;2.363464;48.851254;parcelle;;;PARIS;BOULEVARD HENRI IV;commune;commune;vrai;
75104_4583_00014_b;75104_4583;14;b;Boulevard Henri IV;75004;75104;Paris 4e Arrondissement;;;653289.21;6861433.45;2.363444;48.851248;parcelle;;;PARIS;BOULEVARD HENRI IV;commune;commune;vrai;
75104_4583_00024_b;75104_4583;24;b;Boulevard Henri IV;75004;75104;Paris 4e Arrondissement;;;653368.93;6861472.4;2.364526;48.851604;parcelle;;;PARIS;BOULEVARD HENRI IV;commune;commune;vrai;
75104_4583_00028_t;75104_4583;28;t;Boulevard Henri IV;75004;75104;Paris 4e Arrondissement;;;653407.23;6861489.99;2.365046;48.851765;parcelle;;;PARIS;BOULEVARD HENRI IV;commune;commune;vrai;
75104_4583_00022_b;75104_4583;22;b;Boulevard Henri IV;75004;75104;Paris 4e Arrondissement;;;653358;6861464.37;2.364378;48.851531;parcelle;;;PARIS;BOULEVARD HENRI IV;commune;commune;vrai;
75104_4583_00020_q;75104_4583;20;q;Boulevard Henri IV;75004;75104;Paris 4e Arrondissement;;;653348.51;6861461.11;2.364249;48.851501;parcelle;;;PARIS;BOULEVARD HENRI IV;commune;commune;vrai;
75104_4790_00001;75104_4790;1;;Rue Jacques Coeur;75004;75104;Paris 4e Arrondissement;;;653550.11;6861509.53;2.366991;48.851951;parcelle;;;PARIS;RUE JACQUES COEUR;commune;commune;vrai;
75104_4790_00002;75104_4790;2;;Rue Jacques Coeur;75004;75104;Paris 4e Arrondissement;;;653561.24;6861497.21;2.367144;48.851841;parcelle;;;PARIS;RUE JACQUES COEUR;commune;commune;vrai;
75104_4790_00003;75104_4790;3;;Rue Jacques Coeur;75004;75104;Paris 4e Arrondissement;;;653554.27;6861524.95;2.367046;48.85209;parcelle;;;PARIS;RUE JACQUES COEUR;commune;commune;vrai;
75104_4790_00004;75104_4790;4;;Rue Jacques Coeur;75004;75104;Paris 4e Arrondissement;;;653568.35;6861523.73;2.367238;48.85208;parcelle;;;PARIS;RUE JACQUES COEUR;commune;commune;vrai;
75104_4790_00005;75104_4790;5;;Rue Jacques Coeur;75004;75104;Paris 4e Arrondissement;;;653559.79;6861545.15;2.367119;48.852272;parcelle;;;PARIS;RUE JACQUES COEUR;commune;commune;vrai;
75104_4790_00006;75104_4790;6;;Rue Jacques Coeur;75004;75104;Paris 4e Arrondissement;;;653575.01;6861548.36;2.367326;48.852302;parcelle;;;PARIS;RUE JACQUES COEUR;commune;commune;vrai;
75104_4790_00007;75104_4790;7;;Rue Jacques Coeur;75004;75104;Paris 4e Arrondissement;;;653575.6;6861603.96;2.367328;48.852802;parcelle;;;PARIS;RUE JACQUES COEUR;commune;commune;vrai;
75104_4790_00008;75104_4790;8;;Rue Jacques Coeur;75004;75104;Paris 4e Arrondissement;;;653578.41;6861560.9;2.367371;48.852415;parcelle;;;PARIS;RUE JACQUES COEUR;commune;commune;vrai;
75104_4790_00009;75104_4790;9;;Rue Jacques Coeur;75004;75104;Paris 4e Arrondissement;;;653578.32;6861614.05;2.367364;48.852893;parcelle;;;PARIS;RUE JACQUES COEUR;commune;commune;vrai;
75104_4790_00010;75104_4790;10;;Rue Jacques Coeur;75004;75104;Paris 4e Arrondissement;;;653593.84;6861617.93;2.367575;48.852929;parcelle;;;PARIS;RUE JACQUES COEUR;commune;commune;vrai;
75104_4790_00011;75104_4790;11;;Rue Jacques Coeur;75004;75104;Paris 4e Arrondissement;;;653581.42;6861625.59;2.367405;48.852997;parcelle;;;PARIS;RUE JACQUES COEUR;commune;commune;vrai;
75104_4790_00012;75104_4790;12;;Rue Jacques Coeur;75004;75104;Paris 4e Arrondissement;;;653597.77;6861632.36;2.367627;48.853059;parcelle;;;PARIS;RUE JACQUES COEUR;commune;commune;vrai;
75104_4790_00013;75104_4790;13;;Rue Jacques Coeur;75004;75104;Paris 4e Arrondissement;;;653585.21;6861639.57;2.367455;48.853123;parcelle;;;PARIS;RUE JACQUES COEUR;commune;commune;vrai;
75104_4790_00014;75104_4790;14;;Rue Jacques Coeur;75004;75104;Paris 4e Arrondissement;;;653601.32;6861645.56;2.367674;48.853178;parcelle;;;PARIS;RUE JACQUES COEUR;commune;commune;vrai;
75104_4790_00015;75104_4790;15;;Rue Jacques Coeur;75004;75104;Paris 4e Arrondissement;;;653587.4;6861647.56;2.367484;48.853195;parcelle;;;PARIS;RUE JACQUES COEUR;commune;commune;vrai;
75104_4790_00011_b;75104_4790;11;b;Rue Jacques Coeur;75004;75104;Paris 4e Arrondissement;;;653583.92;6861634.8;2.367438;48.85308;parcelle;;;PARIS;RUE JACQUES COEUR;commune;commune;vrai;
75104_4790_00002_b;75104_4790;2;b;Rue Jacques Coeur;75004;75104;Paris 4e Arrondissement;;;653564.27;6861508.64;2.367184;48.851944;parcelle;;;PARIS;RUE JACQUES COEUR;commune;commune;vrai;
75104_0873_00001;75104_0873;1;;Cour Bérard;75004;75104;Paris 4e Arrondissement;;;653485.49;6861778.48;2.366081;48.854365;parcelle;;;PARIS;COUR BERARD;commune;commune;vrai;
75104_0873_00002;75104_0873;2;;Cour Bérard;75004;75104;Paris 4e Arrondissement;;;653482.49;6861770.16;2.366041;48.85429;parcelle;;;PARIS;COUR BERARD;commune;commune;vrai;
75104_0873_00003;75104_0873;3;;Cour Bérard;75004;75104;Paris 4e Arrondissement;;;653508.84;6861770.84;2.3664;48.854298;parcelle;;;PARIS;COUR BERARD;commune;commune;vrai;
75104_0873_00004;75104_0873;4;;Cour Bérard;75004;75104;Paris 4e Arrondissement;;;653497.86;6861765.37;2.366251;48.854248;parcelle;;;PARIS;COUR BERARD;commune;commune;vrai;
75104_0873_00005;75104_0873;5;;Cour Bérard;75004;75104;Paris 4e Arrondissement;;;653516.93;6861764.22;2.366511;48.854239;parcelle;;;PARIS;COUR BERARD;commune;commune;vrai;
75104_0873_00006;75104_0873;6;;Cour Bérard;75004;75104;Paris 4e Arrondissement;;;653510.16;6861761.49;2.366419;48.854214;parcelle;;;PARIS;COUR BERARD;commune;commune;vrai;
75104_0873_00006_a;75104_0873;6;a;Cour Bérard;75004;75104;Paris 4e Arrondissement;;;653517.92;6861722.4;2.366529;48.853863;parcelle;;;PARIS;COUR BERARD;commune;commune;vrai;
75104_0873_00001_z;75104_0873;1;z;Cour Bérard;75004;75104;Paris 4e Arrondissement;;;653484.96;6861775.59;2.366074;48.854339;parcelle;;;PARIS;COUR BERARD;commune;commune;vrai;
75104_8877_00001;75104_8877;1;;Rue de Schomberg;75004;75104;Paris 4e Arrondissement;;;653226.03;6861196.89;2.362609;48.849116;parcelle;;;PARIS;RUE DE SCHOMBERG;commune;commune;vrai;
75104_8877_00002;75104_8877;2;;Rue de Schomberg;75004;75104;Paris 4e Arrondissement;;;653244.2;6861175.62;2.362859;48.848926;parcelle;;;PARIS;RUE DE SCHOMBERG;commune;commune;vrai;
75104_8877_00003;75104_8877;3;;Rue de Schomberg;75004;75104;Paris 4e Arrondissement;;;653237.4;6861206.14;2.362763;48.8492;parcelle;;;PARIS;RUE DE SCHOMBERG;commune;commune;vrai;
75104_8877_00004;75104_8877;4;;Rue de Schomberg;75004;75104;Paris 4e Arrondissement;;;653262.52;6861190.48;2.363107;48.849061;parcelle;;;PARIS;RUE DE SCHOMBERG;commune;commune;vrai;
75104_8877_00005;75104_8877;5;;Rue de Schomberg;75004;75104;Paris 4e Arrondissement;;;653268.06;6861231.13;2.363178;48.849427;parcelle;;;PARIS;RUE DE SCHOMBERG;commune;commune;vrai;
75104_8877_00006;75104_8877;6;;Rue de Schomberg;75004;75104;Paris 4e Arrondissement;;;653286.09;6861209.75;2.363426;48.849236;parcelle;;;PARIS;RUE DE SCHOMBERG;commune;commune;vrai;
75104_8877_00007;75104_8877;7;;Rue de Schomberg;75004;75104;Paris 4e Arrondissement;;;653294.21;6861252.5;2.363532;48.849621;parcelle;;;PARIS;RUE DE SCHOMBERG;commune;commune;vrai;
75104_8877_00008;75104_8877;8;;Rue de Schomberg;75004;75104;Paris 4e Arrondissement;;;653348.45;6861252.73;2.364271;48.849627;parcelle;;;PARIS;RUE DE SCHOMBERG;commune;commune;vrai;
75104_8877_00009;75104_8877;9;;Rue de Schomberg;75004;75104;Paris 4e Arrondissement;;;653338.78;6861264.48;2.364138;48.849732;parcelle;;;PARIS;RUE DE SCHOMBERG;commune;commune;vrai;
75104_8877_00010;75104_8877;10;;Rue de Schomberg;75004;75104;Paris 4e Arrondissement;;;653358.16;6861255.65;2.364403;48.849654;parcelle;;;PARIS;RUE DE SCHOMBERG;commune;commune;vrai;
75104_8877_00004_b;75104_8877;4;b;Rue de Schomberg;75004;75104;Paris 4e Arrondissement;;;653274.34;6861200.17;2.363267;48.849149;parcelle;;;PARIS;RUE DE SCHOMBERG;commune;commune;vrai;
75104_8877_00006_b;75104_8877;6;b;Rue de Schomberg;75004;75104;Paris 4e Arrondissement;;;653297.69;6861219.22;2.363583;48.849322;parcelle;;;PARIS;RUE DE SCHOMBERG;commune;commune;vrai;
75104_8877_00006_t;75104_8877;6;t;Rue de Schomberg;75004;75104;Paris 4e Arrondissement;;;653309.43;6861228.8;2.363742;48.849409;parcelle;;;PARIS;RUE DE SCHOMBERG;commune;commune;vrai;
75104_0092_00001;75104_0092;1;;Rue Agrippa d'Aubigné;75004;75104;Paris 4e Arrondissement;;;653166.05;6861294.67;2.361781;48.849991;parcelle;;;PARIS;RUE AGRIPPA D AUBIGNE;commune;commune;vrai;
75104_0092_00002;75104_0092;2;;Rue Agrippa d'Aubigné;75004;75104;Paris 4e Arrondissement;;;653165.61;6861258.09;2.361779;48.849662;parcelle;;;PARIS;RUE AGRIPPA D AUBIGNE;commune;commune;vrai;
75104_0092_00003;75104_0092;3;;Rue Agrippa d'Aubigné;75004;75104;Paris 4e Arrondissement;;;653180.16;6861306.12;2.361972;48.850095;parcelle;;;PARIS;RUE AGRIPPA D AUBIGNE;commune;commune;vrai;
75104_0092_00004;75104_0092;4;;Rue Agrippa d'Aubigné;75004;75104;Paris 4e Arrondissement;;;653181.93;6861270.97;2.362;48.849779;parcelle;;;PARIS;RUE AGRIPPA D AUBIGNE;commune;commune;vrai;
75104_0092_00005;75104_0092;5;;Rue Agrippa d'Aubigné;75004;75104;Paris 4e Arrondissement;;;653189.63;6861315.05;2.3621;48.850176;parcelle;;;PARIS;RUE AGRIPPA D AUBIGNE;commune;commune;vrai;
75104_0092_00006;75104_0092;6;;Rue Agrippa d'Aubigné;75004;75104;Paris 4e Arrondissement;;;653191.9;6861278.45;2.362135;48.849847;parcelle;;;PARIS;RUE AGRIPPA D AUBIGNE;commune;commune;vrai;
75104_0092_00007;75104_0092;7;;Rue Agrippa d'Aubigné;75004;75104;Paris 4e Arrondissement;;;653209.86;6861330.35;2.362374;48.850315;parcelle;;;PARIS;RUE AGRIPPA D AUBIGNE;commune;commune;vrai;
75104_0092_00008;75104_0092;8;;Rue Agrippa d'Aubigné;75004;75104;Paris 4e Arrondissement;;;653200.62;6861285.61;2.362253;48.849912;parcelle;;;PARIS;RUE AGRIPPA D AUBIGNE;commune;commune;vrai;
75104_0092_00009;75104_0092;9;;Rue Agrippa d'Aubigné;75004;75104;Paris 4e Arrondissement;;;653223.23;6861341.25;2.362555;48.850414;parcelle;;;PARIS;RUE AGRIPPA D AUBIGNE;commune;commune;vrai;
75104_0092_00010;75104_0092;10;;Rue Agrippa d'Aubigné;75004;75104;Paris 4e Arrondissement;;;653209.56;6861292.99;2.362374;48.849979;parcelle;;;PARIS;RUE AGRIPPA D AUBIGNE;commune;commune;vrai;
75104_0092_00012;75104_0092;12;;Rue Agrippa d'Aubigné;75004;75104;Paris 4e Arrondissement;;;653219.61;6861301.36;2.36251;48.850055;parcelle;;;PARIS;RUE AGRIPPA D AUBIGNE;commune;commune;vrai;
75104_0092_00014;75104_0092;14;;Rue Agrippa d'Aubigné;75004;75104;Paris 4e Arrondissement;;;653229.13;6861308.84;2.362639;48.850123;parcelle;;;PARIS;RUE AGRIPPA D AUBIGNE;commune;commune;vrai;
75104_0092_00016;75104_0092;16;;Rue Agrippa d'Aubigné;75004;75104;Paris 4e Arrondissement;;;653238.07;6861316.55;2.36276;48.850193;parcelle;;;PARIS;RUE AGRIPPA D AUBIGNE;commune;commune;vrai;
75104_0092_00005_b;75104_0092;5;b;Rue Agrippa d'Aubigné;75004;75104;Paris 4e Arrondissement;;;653198.34;6861321.54;2.362218;48.850235;parcelle;;;PARIS;RUE AGRIPPA D AUBIGNE;commune;commune;vrai;
75104_4705_00001;75104_4705;1;;Passage de l'Île Louviers;75004;75104;Paris 4e Arrondissement;;;653188.56;6861227.77;2.362095;48.849391;parcelle;;;PARIS;PASSAGE DE L ILE LOUVIERS;commune;commune;vrai;
75104_4705_00002;75104_4705;2;;Passage de l'Île Louviers;75004;75104;Paris 4e Arrondissement;;;653194.51;6861219.5;2.362177;48.849317;parcelle;;;PARIS;PASSAGE DE L ILE LOUVIERS;commune;commune;vrai;
75104_4705_00003;75104_4705;3;;Passage de l'Île Louviers;75004;75104;Paris 4e Arrondissement;;;653195.35;6861232.61;2.362187;48.849435;parcelle;;;PARIS;PASSAGE DE L ILE LOUVIERS;commune;commune;vrai;
75104_4705_00004;75104_4705;4;;Passage de l'Île Louviers;75004;75104;Paris 4e Arrondissement;;;653200.05;6861224.01;2.362252;48.849358;parcelle;;;PARIS;PASSAGE DE L ILE LOUVIERS;commune;commune;vrai;
75104_4705_00005;75104_4705;5;;Passage de l'Île Louviers;75004;75104;Paris 4e Arrondissement;;;653201.62;6861237.23;2.362272;48.849477;parcelle;;;PARIS;PASSAGE DE L ILE LOUVIERS;commune;commune;vrai;
75104_4705_00006;75104_4705;6;;Passage de l'Île Louviers;75004;75104;Paris 4e Arrondissement;;;653206.62;6861229.63;2.362341;48.849409;parcelle;;;PARIS;PASSAGE DE L ILE LOUVIERS;commune;commune;vrai;
75104_4705_00007;75104_4705;7;;Passage de l'Île Louviers;75004;75104;Paris 4e Arrondissement;;;653199.37;6861249.15;2.36224;48.849584;parcelle;;;PARIS;PASSAGE DE L ILE LOUVIERS;commune;commune;vrai;
75104_4705_00008;75104_4705;8;;Passage de l'Île Louviers;75004;75104;Paris 4e Arrondissement;;;653217.76;6861227.2;2.362493;48.849388;parcelle;;;PARIS;PASSAGE DE L ILE LOUVIERS;commune;commune;vrai;
75104_4705_00009;75104_4705;9;;Passage de l'Île Louviers;75004;75104;Paris 4e Arrondissement;;;653209.93;6861257.4;2.362383;48.849659;parcelle;;;PARIS;PASSAGE DE L ILE LOUVIERS;commune;commune;vrai;
75104_4705_00010;75104_4705;10;;Passage de l'Île Louviers;75004;75104;Paris 4e Arrondissement;;;653225.51;6861233.37;2.362598;48.849444;parcelle;;;PARIS;PASSAGE DE L ILE LOUVIERS;commune;commune;vrai;
75104_4705_00011;75104_4705;11;;Passage de l'Île Louviers;75004;75104;Paris 4e Arrondissement;;;653215.99;6861262.58;2.362465;48.849706;parcelle;;;PARIS;PASSAGE DE L ILE LOUVIERS;commune;commune;vrai;
75104_4705_00012;75104_4705;12;;Passage de l'Île Louviers;75004;75104;Paris 4e Arrondissement;;;653233.05;6861239.53;2.3627;48.8495;parcelle;;;PARIS;PASSAGE DE L ILE LOUVIERS;commune;commune;vrai;
75104_4705_00013;75104_4705;13;;Passage de l'Île Louviers;75004;75104;Paris 4e Arrondissement;;;653223.93;6861264.29;2.362573;48.849722;parcelle;;;PARIS;PASSAGE DE L ILE LOUVIERS;commune;commune;vrai;
75104_4705_00014;75104_4705;14;;Passage de l'Île Louviers;75004;75104;Paris 4e Arrondissement;;;653236.94;6861249.29;2.362752;48.849588;parcelle;;;PARIS;PASSAGE DE L ILE LOUVIERS;commune;commune;vrai;
75104_4705_00015;75104_4705;15;;Passage de l'Île Louviers;75004;75104;Paris 4e Arrondissement;;;653234.96;6861266.87;2.362723;48.849746;parcelle;;;PARIS;PASSAGE DE L ILE LOUVIERS;commune;commune;vrai;
75104_4705_00016;75104_4705;16;;Passage de l'Île Louviers;75004;75104;Paris 4e Arrondissement;;;653242.22;6861257.7;2.362823;48.849664;parcelle;;;PARIS;PASSAGE DE L ILE LOUVIERS;commune;commune;vrai;
75104_4586_00002;75104_4586;2;;Quai Henri IV;75004;75104;Paris 4e Arrondissement;;;653390.31;6861010.53;2.364868;48.847452;parcelle;;;PARIS;QUAI HENRI IV;commune;commune;vrai;
75104_4586_00004;75104_4586;4;;Quai Henri IV;75004;75104;Paris 4e Arrondissement;;;653379.54;6861021.74;2.36472;48.847552;parcelle;;;PARIS;QUAI HENRI IV;commune;commune;vrai;
75104_4586_00006;75104_4586;6;;Quai Henri IV;75004;75104;Paris 4e Arrondissement;;;653373.71;6861027.68;2.36464;48.847605;parcelle;;;PARIS;QUAI HENRI IV;commune;commune;vrai;
75104_4586_00008;75104_4586;8;;Quai Henri IV;75004;75104;Paris 4e Arrondissement;;;653367.09;6861034.63;2.364549;48.847667;parcelle;;;PARIS;QUAI HENRI IV;commune;commune;vrai;
75104_4586_00010;75104_4586;10;;Quai Henri IV;75004;75104;Paris 4e Arrondissement;;;653354.36;6861047.85;2.364374;48.847785;parcelle;;;PARIS;QUAI HENRI IV;commune;commune;vrai;
75104_4586_00011;75104_4586;11;;Quai Henri IV;75004;75104;Paris 4e Arrondissement;;;653312.94;6861045.07;2.36381;48.847757;parcelle;;;PARIS;QUAI HENRI IV;commune;commune;vrai;
75104_4586_00012;75104_4586;12;;Quai Henri IV;75004;75104;Paris 4e Arrondissement;;;653327.79;6861075.64;2.364009;48.848033;parcelle;;;PARIS;QUAI HENRI IV;commune;commune;vrai;
75104_4586_00014;75104_4586;14;;Quai Henri IV;75004;75104;Paris 4e Arrondissement;;;653311.56;6861092.79;2.363786;48.848186;parcelle;;;PARIS;QUAI HENRI IV;commune;commune;vrai;
75104_4586_00016;75104_4586;16;;Quai Henri IV;75004;75104;Paris 4e Arrondissement;;;653304.65;6861100.07;2.363691;48.848251;parcelle;;;PARIS;QUAI HENRI IV;commune;commune;vrai;
75104_4586_00018;75104_4586;18;;Quai Henri IV;75004;75104;Paris 4e Arrondissement;;;653292.42;6861112.29;2.363523;48.84836;parcelle;;;PARIS;QUAI HENRI IV;commune;commune;vrai;
75104_4586_00020;75104_4586;20;;Quai Henri IV;75004;75104;Paris 4e Arrondissement;;;653284.34;6861120.58;2.363412;48.848434;parcelle;;;PARIS;QUAI HENRI IV;commune;commune;vrai;
75104_4586_00022;75104_4586;22;;Quai Henri IV;75004;75104;Paris 4e Arrondissement;;;653276.48;6861128.65;2.363304;48.848506;parcelle;;;PARIS;QUAI HENRI IV;commune;commune;vrai;
75104_4586_00024;75104_4586;24;;Quai Henri IV;75004;75104;Paris 4e Arrondissement;;;653268.84;6861136.61;2.363199;48.848577;parcelle;;;PARIS;QUAI HENRI IV;commune;commune;vrai;
75104_4586_00026;75104_4586;26;;Quai Henri IV;75004;75104;Paris 4e Arrondissement;;;653260.62;6861145.13;2.363086;48.848653;parcelle;;;PARIS;QUAI HENRI IV;commune;commune;vrai;
75104_4586_00028;75104_4586;28;;Quai Henri IV;75004;75104;Paris 4e Arrondissement;;;653253.27;6861152.97;2.362985;48.848723;parcelle;;;PARIS;QUAI HENRI IV;commune;commune;vrai;
75104_4586_00030;75104_4586;30;;Quai Henri IV;75004;75104;Paris 4e Arrondissement;;;653245.19;6861161.15;2.362874;48.848796;parcelle;;;PARIS;QUAI HENRI IV;commune;commune;vrai;
75104_4586_00032;75104_4586;32;;Quai Henri IV;75004;75104;Paris 4e Arrondissement;;;653211.27;6861196.34;2.362408;48.84911;parcelle;;;PARIS;QUAI HENRI IV;commune;commune;vrai;
75104_4586_00034;75104_4586;34;;Quai Henri IV;75004;75104;Paris 4e Arrondissement;;;653199.85;6861208.22;2.362251;48.849216;parcelle;;;PARIS;QUAI HENRI IV;commune;commune;vrai;
75104_4586_00036;75104_4586;36;;Quai Henri IV;75004;75104;Paris 4e Arrondissement;;;653192.21;6861216.96;2.362146;48.849294;parcelle;;;PARIS;QUAI HENRI IV;commune;commune;vrai;
75104_4586_00038;75104_4586;38;;Quai Henri IV;75004;75104;Paris 4e Arrondissement;;;653175.32;6861233.66;2.361914;48.849443;parcelle;;;PARIS;QUAI HENRI IV;commune;commune;vrai;
75104_4586_00040;75104_4586;40;;Quai Henri IV;75004;75104;Paris 4e Arrondissement;;;653164.48;6861244.98;2.361765;48.849544;parcelle;;;PARIS;QUAI HENRI IV;commune;commune;vrai;
75104_4586_00042;75104_4586;42;;Quai Henri IV;75004;75104;Paris 4e Arrondissement;;;653152.56;6861296.12;2.361597;48.850003;parcelle;;;PARIS;QUAI HENRI IV;commune;commune;vrai;
75104_4586_00044;75104_4586;44;;Quai Henri IV;75004;75104;Paris 4e Arrondissement;;;653152.23;6861318.91;2.36159;48.850208;parcelle;;;PARIS;QUAI HENRI IV;commune;commune;vrai;
75104_4586_00046;75104_4586;46;;Quai Henri IV;75004;75104;Paris 4e Arrondissement;;;653151.89;6861349.27;2.361582;48.850481;parcelle;;;PARIS;QUAI HENRI IV;commune;commune;vrai;
75104_4586_00048;75104_4586;48;;Quai Henri IV;75004;75104;Paris 4e Arrondissement;;;653151.62;6861370.74;2.361576;48.850674;parcelle;;;PARIS;QUAI HENRI IV;commune;commune;vrai;
75104_4586_00050;75104_4586;50;;Quai Henri IV;75004;75104;Paris 4e Arrondissement;;;653150.85;6861438.91;2.361558;48.851287;parcelle;;;PARIS;QUAI HENRI IV;commune;commune;vrai;
75104_4586_00036_b;75104_4586;36;b;Quai Henri IV;75004;75104;Paris 4e Arrondissement;;;653184.06;6861225.7;2.362034;48.849372;parcelle;;;PARIS;QUAI HENRI IV;commune;commune;vrai;
75104_4586_00042_b;75104_4586;42;b;Quai Henri IV;75004;75104;Paris 4e Arrondissement;;;653152.36;6861307.35;2.361593;48.850104;parcelle;;;PARIS;QUAI HENRI IV;commune;commune;vrai;
75104_4586_00012_b;75104_4586;12;b;Quai Henri IV;75004;75104;Paris 4e Arrondissement;;;653319.71;6861084.16;2.363898;48.848109;parcelle;;;PARIS;QUAI HENRI IV;commune;commune;vrai;
75104_4586_00010_b;75104_4586;10;b;Quai Henri IV;75004;75104;Paris 4e Arrondissement;;;653337.77;6861065.67;2.364146;48.847944;parcelle;;;PARIS;QUAI HENRI IV;commune;commune;vrai;
75104_6707_00002;75104_6707;2;;Rue Necker;75004;75104;Paris 4e Arrondissement;;;653272.36;6861873.05;2.363166;48.8552;parcelle;;;PARIS;RUE NECKER;commune;commune;vrai;
75104_6707_00004;75104_6707;4;;Rue Necker;75004;75104;Paris 4e Arrondissement;;;653275.87;6861881.25;2.363213;48.855274;parcelle;;;PARIS;RUE NECKER;commune;commune;vrai;
75104_6707_00006;75104_6707;6;;Rue Necker;75004;75104;Paris 4e Arrondissement;;;653279.39;6861889.45;2.36326;48.855348;parcelle;;;PARIS;RUE NECKER;commune;commune;vrai;
75104_6707_00008;75104_6707;8;;Rue Necker;75004;75104;Paris 4e Arrondissement;;;653282.75;6861897.2;2.363305;48.855418;parcelle;;;PARIS;RUE NECKER;commune;commune;vrai;
75104_6707_00010;75104_6707;10;;Rue Necker;75004;75104;Paris 4e Arrondissement;;;653286.34;6861905.4;2.363353;48.855492;parcelle;;;PARIS;RUE NECKER;commune;commune;vrai;
75104_1636_00001;75104_1636;1;;Quai des Célestins;75004;75104;Paris 4e Arrondissement;;;653181.2;6861453.12;2.36197;48.851417;parcelle;;;PARIS;QUAI DES CELESTINS;commune;commune;vrai;
75104_1636_00002;75104_1636;2;;Quai des Célestins;75004;75104;Paris 4e Arrondissement;;;653224.04;6861450.33;2.362554;48.851395;parcelle;;;PARIS;QUAI DES CELESTINS;commune;commune;vrai;
75104_1636_00004;75104_1636;4;;Quai des Célestins;75004;75104;Paris 4e Arrondissement;;;653173.46;6861494.21;2.36186;48.851786;parcelle;;;PARIS;QUAI DES CELESTINS;commune;commune;vrai;
75104_1636_00006;75104_1636;6;;Quai des Célestins;75004;75104;Paris 4e Arrondissement;;;653155.33;6861511.82;2.361611;48.851943;parcelle;;;PARIS;QUAI DES CELESTINS;commune;commune;vrai;
75104_1636_00008;75104_1636;8;;Quai des Célestins;75004;75104;Paris 4e Arrondissement;;;653147.18;6861519.78;2.361499;48.852014;parcelle;;;PARIS;QUAI DES CELESTINS;commune;commune;vrai;
75104_1636_00010;75104_1636;10;;Quai des Célestins;75004;75104;Paris 4e Arrondissement;;;653140.99;6861525.83;2.361414;48.852068;parcelle;;;PARIS;QUAI DES CELESTINS;commune;commune;vrai;
75104_1636_00011;75104_1636;11;;Quai des Célestins;75004;75104;Paris 4e Arrondissement;;;653115.74;6861507.13;2.361072;48.851898;parcelle;;;PARIS;QUAI DES CELESTINS;commune;commune;vrai;
75104_1636_00012;75104_1636;12;;Quai des Célestins;75004;75104;Paris 4e Arrondissement;;;653134.36;6861532.23;2.361323;48.852125;parcelle;;;PARIS;QUAI DES CELESTINS;commune;commune;vrai;
75104_1636_00014;75104_1636;14;;Quai des Célestins;75004;75104;Paris 4e Arrondissement;;;653126.35;6861539.41;2.361213;48.852189;parcelle;;;PARIS;QUAI DES CELESTINS;commune;commune;vrai;
75104_1636_00016;75104_1636;16;;Quai des Célestins;75004;75104;Paris 4e Arrondissement;;;653119;6861546.36;2.361112;48.852251;parcelle;;;PARIS;QUAI DES CELESTINS;commune;commune;vrai;
75104_1636_00018;75104_1636;18;;Quai des Célestins;75004;75104;Paris 4e Arrondissement;;;653111.64;6861553.32;2.361011;48.852313;parcelle;;;PARIS;QUAI DES CELESTINS;commune;commune;vrai;
75104_1636_00020;75104_1636;20;;Quai des Célestins;75004;75104;Paris 4e Arrondissement;;;653103.48;6861561.05;2.360899;48.852382;parcelle;;;PARIS;QUAI DES CELESTINS;commune;commune;vrai;
75104_1636_00022;75104_1636;22;;Quai des Célestins;75004;75104;Paris 4e Arrondissement;;;653098.17;6861566.1;2.360826;48.852427;parcelle;;;PARIS;QUAI DES CELESTINS;commune;commune;vrai;
75104_1636_00023;75104_1636;23;;Quai des Célestins;75004;75104;Paris 4e Arrondissement;;;653060.81;6861547.39;2.360319;48.852256;parcelle;;;PARIS;QUAI DES CELESTINS;commune;commune;vrai;
75104_1636_00002_b;75104_1636;2;b;Quai des Célestins;75004;75104;Paris 4e Arrondissement;;;653192.61;6861475.6;2.362123;48.85162;parcelle;;;PARIS;QUAI DES CELESTINS;commune;commune;vrai;
75104_4706_00001;75104_4706;1;;Cour de l'Île Louviers;75004;75104;Paris 4e Arrondissement;;;653237.55;6861279.42;2.362757;48.849859;parcelle;;;PARIS;COUR DE L ILE LOUVIERS;commune;commune;vrai;
75104_4706_00002;75104_4706;2;;Cour de l'Île Louviers;75004;75104;Paris 4e Arrondissement;;;653254.2;6861259.38;2.362986;48.84968;parcelle;;;PARIS;COUR DE L ILE LOUVIERS;commune;commune;vrai;
75104_4706_00003;75104_4706;3;;Cour de l'Île Louviers;75004;75104;Paris 4e Arrondissement;;;653227.57;6861287.5;2.36262;48.849931;parcelle;;;PARIS;COUR DE L ILE LOUVIERS;commune;commune;vrai;
75104_4706_00004;75104_4706;4;;Cour de l'Île Louviers;75004;75104;Paris 4e Arrondissement;;;653260.2;6861247.88;2.363069;48.849577;parcelle;;;PARIS;COUR DE L ILE LOUVIERS;commune;commune;vrai;
75104_4706_00005;75104_4706;5;;Cour de l'Île Louviers;75004;75104;Paris 4e Arrondissement;;;653231.76;6861298.15;2.362676;48.850027;parcelle;;;PARIS;COUR DE L ILE LOUVIERS;commune;commune;vrai;
75104_4706_00006;75104_4706;6;;Cour de l'Île Louviers;75004;75104;Paris 4e Arrondissement;;;653272.91;6861250.22;2.363242;48.849599;parcelle;;;PARIS;COUR DE L ILE LOUVIERS;commune;commune;vrai;
75104_4706_00007;75104_4706;7;;Cour de l'Île Louviers;75004;75104;Paris 4e Arrondissement;;;653242.69;6861306.62;2.362824;48.850104;parcelle;;;PARIS;COUR DE L ILE LOUVIERS;commune;commune;vrai;
75104_4706_00008;75104_4706;8;;Cour de l'Île Louviers;75004;75104;Paris 4e Arrondissement;;;653284.58;6861259.69;2.3634;48.849685;parcelle;;;PARIS;COUR DE L ILE LOUVIERS;commune;commune;vrai;
75104_9123_00001;75104_9123;1;;Rue de Sully;75004;75104;Paris 4e Arrondissement;;;653301.39;6861332.39;2.363621;48.85034;parcelle;;;PARIS;RUE DE SULLY;commune;commune;vrai;
75104_9123_00002;75104_9123;2;;Rue de Sully;75004;75104;Paris 4e Arrondissement;;;653356.21;6861286.8;2.364373;48.849934;parcelle;;;PARIS;RUE DE SULLY;commune;commune;vrai;
75104_9123_00003;75104_9123;3;;Rue de Sully;75004;75104;Paris 4e Arrondissement;;;653267.74;6861373.91;2.363158;48.850711;parcelle;;;PARIS;RUE DE SULLY;commune;commune;vrai;
75104_9123_00004;75104_9123;4;;Rue de Sully;75004;75104;Paris 4e Arrondissement;;;653348.76;6861300.65;2.36427;48.850058;parcelle;;;PARIS;RUE DE SULLY;commune;commune;vrai;
75104_9123_00006;75104_9123;6;;Rue de Sully;75004;75104;Paris 4e Arrondissement;;;653342.22;6861308.71;2.36418;48.85013;parcelle;;;PARIS;RUE DE SULLY;commune;commune;vrai;
75104_9123_00008;75104_9123;8;;Rue de Sully;75004;75104;Paris 4e Arrondissement;;;653334.08;6861318.78;2.364068;48.85022;parcelle;;;PARIS;RUE DE SULLY;commune;commune;vrai;
75104_9123_00010;75104_9123;10;;Rue de Sully;75004;75104;Paris 4e Arrondissement;;;653325.65;6861329.52;2.363952;48.850316;parcelle;;;PARIS;RUE DE SULLY;commune;commune;vrai;
75104_9123_00012;75104_9123;12;;Rue de Sully;75004;75104;Paris 4e Arrondissement;;;653317.3;6861339.49;2.363837;48.850405;parcelle;;;PARIS;RUE DE SULLY;commune;commune;vrai;
75104_9123_00014;75104_9123;14;;Rue de Sully;75004;75104;Paris 4e Arrondissement;;;653306.98;6861352.25;2.363695;48.850519;parcelle;;;PARIS;RUE DE SULLY;commune;commune;vrai;
75104_9123_00016;75104_9123;16;;Rue de Sully;75004;75104;Paris 4e Arrondissement;;;653298.19;6861363.11;2.363574;48.850616;parcelle;;;PARIS;RUE DE SULLY;commune;commune;vrai;
75104_9123_00018;75104_9123;18;;Rue de Sully;75004;75104;Paris 4e Arrondissement;;;653291.79;6861371.05;2.363486;48.850687;parcelle;;;PARIS;RUE DE SULLY;commune;commune;vrai;
75104_9123_00020;75104_9123;20;;Rue de Sully;75004;75104;Paris 4e Arrondissement;;;653285.03;6861379.34;2.363393;48.850761;parcelle;;;PARIS;RUE DE SULLY;commune;commune;vrai;
75104_9123_00022;75104_9123;22;;Rue de Sully;75004;75104;Paris 4e Arrondissement;;;653278.35;6861388.06;2.363301;48.850839;parcelle;;;PARIS;RUE DE SULLY;commune;commune;vrai;
75104_9123_00024;75104_9123;24;;Rue de Sully;75004;75104;Paris 4e Arrondissement;;;653263.14;6861402.97;2.363092;48.850972;parcelle;;;PARIS;RUE DE SULLY;commune;commune;vrai;
75104_1309_00001;75104_1309;1;;Rue de Brissac;75004;75104;Paris 4e Arrondissement;;;653382.37;6861182.73;2.364741;48.849;parcelle;;;PARIS;RUE DE BRISSAC;commune;commune;vrai;
75104_1309_00002;75104_1309;2;;Rue de Brissac;75004;75104;Paris 4e Arrondissement;;;653402.19;6861164.22;2.365013;48.848835;parcelle;;;PARIS;RUE DE BRISSAC;commune;commune;vrai;
75104_1309_00003;75104_1309;3;;Rue de Brissac;75004;75104;Paris 4e Arrondissement;;;653405.65;6861175.65;2.365059;48.848938;parcelle;;;PARIS;RUE DE BRISSAC;commune;commune;vrai;
75104_1309_00004;75104_1309;4;;Rue de Brissac;75004;75104;Paris 4e Arrondissement;;;653411.12;6861161.48;2.365135;48.848811;parcelle;;;PARIS;RUE DE BRISSAC;commune;commune;vrai;
75104_5702_00001;75104_5702;1;;Rue des Lions Saint-Paul;75004;75104;Paris 4e Arrondissement;;;653241.32;6861518.8;2.362782;48.852012;parcelle;;;PARIS;RUE DES LIONS SAINT PAUL;commune;commune;vrai;
75104_5702_00002;75104_5702;2;;Rue des Lions Saint-Paul;75004;75104;Paris 4e Arrondissement;;;653253.33;6861524.48;2.362945;48.852064;parcelle;;;PARIS;RUE DES LIONS SAINT PAUL;commune;commune;vrai;
75104_5702_00003;75104_5702;3;;Rue des Lions Saint-Paul;75004;75104;Paris 4e Arrondissement;;;653225.3;6861534.49;2.362562;48.852152;parcelle;;;PARIS;RUE DES LIONS SAINT PAUL;commune;commune;vrai;
75104_5702_00004;75104_5702;4;;Rue des Lions Saint-Paul;75004;75104;Paris 4e Arrondissement;;;653232.11;6861541.33;2.362654;48.852214;parcelle;;;PARIS;RUE DES LIONS SAINT PAUL;commune;commune;vrai;
75104_5702_00005;75104_5702;5;;Rue des Lions Saint-Paul;75004;75104;Paris 4e Arrondissement;;;653215.98;6861542.58;2.362434;48.852224;parcelle;;;PARIS;RUE DES LIONS SAINT PAUL;commune;commune;vrai;
75104_5702_00006;75104_5702;6;;Rue des Lions Saint-Paul;75004;75104;Paris 4e Arrondissement;;;653222.85;6861549.19;2.362527;48.852284;parcelle;;;PARIS;RUE DES LIONS SAINT PAUL;commune;commune;vrai;
75104_5702_00007;75104_5702;7;;Rue des Lions Saint-Paul;75004;75104;Paris 4e Arrondissement;;;653204.39;6861552.68;2.362275;48.852314;parcelle;;;PARIS;RUE DES LIONS SAINT PAUL;commune;commune;vrai;
75104_5702_00008;75104_5702;8;;Rue des Lions Saint-Paul;75004;75104;Paris 4e Arrondissement;;;653212.65;6861557.84;2.362387;48.852361;parcelle;;;PARIS;RUE DES LIONS SAINT PAUL;commune;commune;vrai;
75104_5702_00009;75104_5702;9;;Rue des Lions Saint-Paul;75004;75104;Paris 4e Arrondissement;;;653191.93;6861563.23;2.362104;48.852408;parcelle;;;PARIS;RUE DES LIONS SAINT PAUL;commune;commune;vrai;
75104_5702_00010;75104_5702;10;;Rue des Lions Saint-Paul;75004;75104;Paris 4e Arrondissement;;;653202.15;6861566.71;2.362243;48.85244;parcelle;;;PARIS;RUE DES LIONS SAINT PAUL;commune;commune;vrai;
75104_5702_00011;75104_5702;11;;Rue des Lions Saint-Paul;75004;75104;Paris 4e Arrondissement;;;653181.5;6861571.43;2.361961;48.852481;parcelle;;;PARIS;RUE DES LIONS SAINT PAUL;commune;commune;vrai;
75104_5702_00012;75104_5702;12;;Rue des Lions Saint-Paul;75004;75104;Paris 4e Arrondissement;;;653188.67;6861577.82;2.362058;48.852539;parcelle;;;PARIS;RUE DES LIONS SAINT PAUL;commune;commune;vrai;
75104_5702_00013;75104_5702;13;;Rue des Lions Saint-Paul;75004;75104;Paris 4e Arrondissement;;;653170.71;6861579.97;2.361813;48.852557;parcelle;;;PARIS;RUE DES LIONS SAINT PAUL;commune;commune;vrai;
75104_5702_00014;75104_5702;14;;Rue des Lions Saint-Paul;75004;75104;Paris 4e Arrondissement;;;653175.91;6861587.82;2.361883;48.852628;parcelle;;;PARIS;RUE DES LIONS SAINT PAUL;commune;commune;vrai;
75104_5702_00015;75104_5702;15;;Rue des Lions Saint-Paul;75004;75104;Paris 4e Arrondissement;;;653158.8;6861587.18;2.36165;48.852621;parcelle;;;PARIS;RUE DES LIONS SAINT PAUL;commune;commune;vrai;
75104_5702_00016;75104_5702;16;;Rue des Lions Saint-Paul;75004;75104;Paris 4e Arrondissement;;;653158.99;6861601.08;2.361651;48.852746;parcelle;;;PARIS;RUE DES LIONS SAINT PAUL;commune;commune;vrai;
75104_5702_00017;75104_5702;17;;Rue des Lions Saint-Paul;75004;75104;Paris 4e Arrondissement;;;653144.08;6861599.42;2.361448;48.85273;parcelle;;;PARIS;RUE DES LIONS SAINT PAUL;commune;commune;vrai;
75104_5702_00018;75104_5702;18;;Rue des Lions Saint-Paul;75004;75104;Paris 4e Arrondissement;;;653150.82;6861607.6;2.361539;48.852804;parcelle;;;PARIS;RUE DES LIONS SAINT PAUL;commune;commune;vrai;
75104_5702_00019;75104_5702;19;;Rue des Lions Saint-Paul;75004;75104;Paris 4e Arrondissement;;;653129.28;6861611.77;2.361245;48.85284;parcelle;;;PARIS;RUE DES LIONS SAINT PAUL;commune;commune;vrai;
75104_5702_00020;75104_5702;20;;Rue des Lions Saint-Paul;75004;75104;Paris 4e Arrondissement;;;653138.21;6861617.37;2.361366;48.852891;parcelle;;;PARIS;RUE DES LIONS SAINT PAUL;commune;commune;vrai;
75104_5702_00008_p;75104_5702;8;p;Rue des Lions Saint-Paul;75004;75104;Paris 4e Arrondissement;;;653221.91;6861586.9;2.36251;48.852623;parcelle;;;PARIS;RUE DES LIONS SAINT PAUL;commune;commune;vrai;
75104_1813_00001;75104_1813;1;;Rue Charles V;75004;75104;Paris 4e Arrondissement;;;653306.49;6861564.86;2.363665;48.852431;parcelle;;;PARIS;RUE CHARLES V;commune;commune;vrai;
75104_1813_00002;75104_1813;2;;Rue Charles V;75004;75104;Paris 4e Arrondissement;;;653307.97;6861575.97;2.363684;48.852531;parcelle;;;PARIS;RUE CHARLES V;commune;commune;vrai;
75104_1813_00003;75104_1813;3;;Rue Charles V;75004;75104;Paris 4e Arrondissement;;;653293.86;6861573.19;2.363492;48.852505;parcelle;;;PARIS;RUE CHARLES V;commune;commune;vrai;
75104_1813_00004;75104_1813;4;;Rue Charles V;75004;75104;Paris 4e Arrondissement;;;653294.63;6861586.09;2.363501;48.852621;parcelle;;;PARIS;RUE CHARLES V;commune;commune;vrai;
75104_1813_00005;75104_1813;5;;Rue Charles V;75004;75104;Paris 4e Arrondissement;;;653269.51;6861592.74;2.363158;48.852679;parcelle;;;PARIS;RUE CHARLES V;commune;commune;vrai;
75104_1813_00006;75104_1813;6;;Rue Charles V;75004;75104;Paris 4e Arrondissement;;;653274.86;6861601.04;2.36323;48.852754;parcelle;;;PARIS;RUE CHARLES V;commune;commune;vrai;
75104_1813_00007;75104_1813;7;;Rue Charles V;75004;75104;Paris 4e Arrondissement;;;653262;6861598.36;2.363055;48.852729;parcelle;;;PARIS;RUE CHARLES V;commune;commune;vrai;
75104_1813_00008;75104_1813;8;;Rue Charles V;75004;75104;Paris 4e Arrondissement;;;653255.64;6861619.54;2.362966;48.852919;parcelle;;;PARIS;RUE CHARLES V;commune;commune;vrai;
75104_1813_00009;75104_1813;9;;Rue Charles V;75004;75104;Paris 4e Arrondissement;;;653251.2;6861606.56;2.362907;48.852802;parcelle;;;PARIS;RUE CHARLES V;commune;commune;vrai;
75104_1813_00010;75104_1813;10;;Rue Charles V;75004;75104;Paris 4e Arrondissement;;;653233.07;6861632.51;2.362657;48.853034;parcelle;;;PARIS;RUE CHARLES V;commune;commune;vrai;
75104_1813_00011;75104_1813;11;;Rue Charles V;75004;75104;Paris 4e Arrondissement;;;653242.6;6861613.08;2.362789;48.85286;parcelle;;;PARIS;RUE CHARLES V;commune;commune;vrai;
75104_1813_00012;75104_1813;12;;Rue Charles V;75004;75104;Paris 4e Arrondissement;;;653210.09;6861649.71;2.362342;48.853187;parcelle;;;PARIS;RUE CHARLES V;commune;commune;vrai;
75104_1813_00013;75104_1813;13;;Rue Charles V;75004;75104;Paris 4e Arrondissement;;;653235.74;6861618.25;2.362695;48.852906;parcelle;;;PARIS;RUE CHARLES V;commune;commune;vrai;
75104_1813_00014;75104_1813;14;;Rue Charles V;75004;75104;Paris 4e Arrondissement;;;653187.48;6861666.24;2.362032;48.853334;parcelle;;;PARIS;RUE CHARLES V;commune;commune;vrai;
75104_1813_00015;75104_1813;15;;Rue Charles V;75004;75104;Paris 4e Arrondissement;;;653224.14;6861627.02;2.362536;48.852984;parcelle;;;PARIS;RUE CHARLES V;commune;commune;vrai;
75104_1813_00016;75104_1813;16;;Rue Charles V;75004;75104;Paris 4e Arrondissement;;;653174.71;6861675.35;2.361857;48.853415;parcelle;;;PARIS;RUE CHARLES V;commune;commune;vrai;
75104_1813_00017;75104_1813;17;;Rue Charles V;75004;75104;Paris 4e Arrondissement;;;653213.06;6861635.45;2.362384;48.853059;parcelle;;;PARIS;RUE CHARLES V;commune;commune;vrai;
75104_1813_00019;75104_1813;19;;Rue Charles V;75004;75104;Paris 4e Arrondissement;;;653206.05;6861640.73;2.362288;48.853106;parcelle;;;PARIS;RUE CHARLES V;commune;commune;vrai;
75104_1813_00021;75104_1813;21;;Rue Charles V;75004;75104;Paris 4e Arrondissement;;;653196.57;6861647.7;2.362158;48.853168;parcelle;;;PARIS;RUE CHARLES V;commune;commune;vrai;
75104_1813_00023;75104_1813;23;;Rue Charles V;75004;75104;Paris 4e Arrondissement;;;653185.63;6861655.8;2.362008;48.85324;parcelle;;;PARIS;RUE CHARLES V;commune;commune;vrai;
75104_1813_00025;75104_1813;25;;Rue Charles V;75004;75104;Paris 4e Arrondissement;;;653167.97;6861668.51;2.361766;48.853353;parcelle;;;PARIS;RUE CHARLES V;commune;commune;vrai;
75104_1813_00008_b;75104_1813;8;b;Rue Charles V;75004;75104;Paris 4e Arrondissement;;;653236.42;6861630.03;2.362703;48.853012;parcelle;;;PARIS;RUE CHARLES V;commune;commune;vrai;
75104_1813_00006_b;75104_1813;6;b;Rue Charles V;75004;75104;Paris 4e Arrondissement;;;653268.44;6861606.09;2.363142;48.852799;parcelle;;;PARIS;RUE CHARLES V;commune;commune;vrai;
75104_5616_00001;75104_5616;1;;Rue de Lesdiguières;75004;75104;Paris 4e Arrondissement;;;653511.32;6861512.29;2.366462;48.851973;parcelle;;;PARIS;RUE DE LESDIGUIERES;commune;commune;vrai;
75104_5616_00002;75104_5616;2;;Rue de Lesdiguières;75004;75104;Paris 4e Arrondissement;;;653522.59;6861509.19;2.366616;48.851946;parcelle;;;PARIS;RUE DE LESDIGUIERES;commune;commune;vrai;
75104_5616_00003;75104_5616;3;;Rue de Lesdiguières;75004;75104;Paris 4e Arrondissement;;;653515.33;6861527.38;2.366515;48.852109;parcelle;;;PARIS;RUE DE LESDIGUIERES;commune;commune;vrai;
75104_5616_00005;75104_5616;5;;Rue de Lesdiguières;75004;75104;Paris 4e Arrondissement;;;653531.81;6861588.29;2.366733;48.852658;parcelle;;;PARIS;RUE DE LESDIGUIERES;commune;commune;vrai;
75104_5616_00006;75104_5616;6;;Rue de Lesdiguières;75004;75104;Paris 4e Arrondissement;;;653530.23;6861536.82;2.366717;48.852195;parcelle;;;PARIS;RUE DE LESDIGUIERES;commune;commune;vrai;
75104_5616_00007;75104_5616;7;;Rue de Lesdiguières;75004;75104;Paris 4e Arrondissement;;;653537.71;6861610.26;2.366811;48.852856;parcelle;;;PARIS;RUE DE LESDIGUIERES;commune;commune;vrai;
75104_5616_00008;75104_5616;8;;Rue de Lesdiguières;75004;75104;Paris 4e Arrondissement;;;653546.1;6861595.07;2.366927;48.85272;parcelle;;;PARIS;RUE DE LESDIGUIERES;commune;commune;vrai;
75104_5616_00009;75104_5616;9;;Rue de Lesdiguières;75004;75104;Paris 4e Arrondissement;;;653543.62;6861624.23;2.36689;48.852982;parcelle;;;PARIS;RUE DE LESDIGUIERES;commune;commune;vrai;
75104_5616_00010;75104_5616;10;;Rue de Lesdiguières;75004;75104;Paris 4e Arrondissement;;;653550.79;6861612.61;2.366989;48.852878;parcelle;;;PARIS;RUE DE LESDIGUIERES;commune;commune;vrai;
75104_5616_00011;75104_5616;11;;Rue de Lesdiguières;75004;75104;Paris 4e Arrondissement;;;653550.13;6861649.19;2.366976;48.853207;parcelle;;;PARIS;RUE DE LESDIGUIERES;commune;commune;vrai;
75104_5616_00012;75104_5616;12;;Rue de Lesdiguières;75004;75104;Paris 4e Arrondissement;;;653555.47;6861637.7;2.36705;48.853104;parcelle;;;PARIS;RUE DE LESDIGUIERES;commune;commune;vrai;
75104_5616_00013;75104_5616;13;;Rue de Lesdiguières;75004;75104;Paris 4e Arrondissement;;;653552.31;6861655.85;2.367005;48.853267;parcelle;;;PARIS;RUE DE LESDIGUIERES;commune;commune;vrai;
75104_5616_00014;75104_5616;14;;Rue de Lesdiguières;75004;75104;Paris 4e Arrondissement;;;653559.79;6861654.12;2.367107;48.853252;parcelle;;;PARIS;RUE DE LESDIGUIERES;commune;commune;vrai;
75104_5616_00009_b;75104_5616;9;b;Rue de Lesdiguières;75004;75104;Paris 4e Arrondissement;;;653546.72;6861635.99;2.366931;48.853088;parcelle;;;PARIS;RUE DE LESDIGUIERES;commune;commune;vrai;
75104_4861_00001;75104_4861;1;;Rue Jean Beausire;75004;75104;Paris 4e Arrondissement;;;653633.55;6861730.15;2.368104;48.853941;parcelle;;;PARIS;RUE JEAN BEAUSIRE;commune;commune;vrai;
75104_4861_00002;75104_4861;2;;Rue Jean Beausire;75004;75104;Paris 4e Arrondissement;;;653642.73;6861729.96;2.368229;48.85394;parcelle;;;PARIS;RUE JEAN BEAUSIRE;commune;commune;vrai;
75104_4861_00003;75104_4861;3;;Rue Jean Beausire;75004;75104;Paris 4e Arrondissement;;;653632.82;6861739.38;2.368093;48.854024;parcelle;;;PARIS;RUE JEAN BEAUSIRE;commune;commune;vrai;
75104_4861_00004;75104_4861;4;;Rue Jean Beausire;75004;75104;Paris 4e Arrondissement;;;653641.63;6861739.76;2.368213;48.854028;parcelle;;;PARIS;RUE JEAN BEAUSIRE;commune;commune;vrai;
75104_4861_00005;75104_4861;5;;Rue Jean Beausire;75004;75104;Paris 4e Arrondissement;;;653632.65;6861746.05;2.36809;48.854084;parcelle;;;PARIS;RUE JEAN BEAUSIRE;commune;commune;vrai;
75104_4861_00006;75104_4861;6;;Rue Jean Beausire;75004;75104;Paris 4e Arrondissement;;;653642.43;6861747.76;2.368223;48.8541;parcelle;;;PARIS;RUE JEAN BEAUSIRE;commune;commune;vrai;
75104_4861_00007;75104_4861;7;;Rue Jean Beausire;75004;75104;Paris 4e Arrondissement;;;653632.26;6861752.17;2.368084;48.854139;parcelle;;;PARIS;RUE JEAN BEAUSIRE;commune;commune;vrai;
75104_4861_00008;75104_4861;8;;Rue Jean Beausire;75004;75104;Paris 4e Arrondissement;;;653642.23;6861760.21;2.368219;48.854212;parcelle;;;PARIS;RUE JEAN BEAUSIRE;commune;commune;vrai;
75104_4861_00009;75104_4861;9;;Rue Jean Beausire;75004;75104;Paris 4e Arrondissement;;;653631.79;6861757.63;2.368077;48.854188;parcelle;;;PARIS;RUE JEAN BEAUSIRE;commune;commune;vrai;
75104_4861_00010;75104_4861;10;;Rue Jean Beausire;75004;75104;Paris 4e Arrondissement;;;653641.96;6861781.23;2.368213;48.854401;parcelle;;;PARIS;RUE JEAN BEAUSIRE;commune;commune;vrai;
75104_4861_00011;75104_4861;11;;Rue Jean Beausire;75004;75104;Paris 4e Arrondissement;;;653631.5;6861767.08;2.368072;48.854273;parcelle;;;PARIS;RUE JEAN BEAUSIRE;commune;commune;vrai;
75104_4861_00012;75104_4861;12;;Rue Jean Beausire;75004;75104;Paris 4e Arrondissement;;;653641.13;6861796.14;2.3682;48.854535;parcelle;;;PARIS;RUE JEAN BEAUSIRE;commune;commune;vrai;
75104_4861_00013;75104_4861;13;;Rue Jean Beausire;75004;75104;Paris 4e Arrondissement;;;653629.78;6861790.89;2.368046;48.854487;parcelle;;;PARIS;RUE JEAN BEAUSIRE;commune;commune;vrai;
75104_4861_00014;75104_4861;14;;Rue Jean Beausire;75004;75104;Paris 4e Arrondissement;;;653641.1;6861811.71;2.368198;48.854675;parcelle;;;PARIS;RUE JEAN BEAUSIRE;commune;commune;vrai;
75104_4861_00015;75104_4861;15;;Rue Jean Beausire;75004;75104;Paris 4e Arrondissement;;;653630.91;6861802.78;2.36806;48.854594;parcelle;;;PARIS;RUE JEAN BEAUSIRE;commune;commune;vrai;
75104_4861_00016;75104_4861;16;;Rue Jean Beausire;75004;75104;Paris 4e Arrondissement;;;653650.58;6861821.75;2.368326;48.854766;parcelle;;;PARIS;RUE JEAN BEAUSIRE;commune;commune;vrai;
75104_4861_00017;75104_4861;17;;Rue Jean Beausire;75004;75104;Paris 4e Arrondissement;;;653630.64;6861815.57;2.368055;48.854709;parcelle;;;PARIS;RUE JEAN BEAUSIRE;commune;commune;vrai;
75104_4861_00019;75104_4861;19;;Rue Jean Beausire;75004;75104;Paris 4e Arrondissement;;;653629.14;6861829.7;2.368033;48.854836;parcelle;;;PARIS;RUE JEAN BEAUSIRE;commune;commune;vrai;
75104_4861_00021;75104_4861;21;;Rue Jean Beausire;75004;75104;Paris 4e Arrondissement;;;653649.18;6861830.99;2.368306;48.854849;parcelle;;;PARIS;RUE JEAN BEAUSIRE;commune;commune;vrai;
75104_4861_00015_b;75104_4861;15;b;Rue Jean Beausire;75004;75104;Paris 4e Arrondissement;;;653630.81;6861809.56;2.368058;48.854655;parcelle;;;PARIS;RUE JEAN BEAUSIRE;commune;commune;vrai;
75104_2440_00001;75104_2440;1;;Rue Crillon;75004;75104;Paris 4e Arrondissement;;;653406.6;6861129.05;2.365077;48.848519;parcelle;;;PARIS;RUE CRILLON;commune;commune;vrai;
75104_2440_00002;75104_2440;2;;Rue Crillon;75004;75104;Paris 4e Arrondissement;;;653417.36;6861116.51;2.365225;48.848407;parcelle;;;PARIS;RUE CRILLON;commune;commune;vrai;
75104_2440_00003;75104_2440;3;;Rue Crillon;75004;75104;Paris 4e Arrondissement;;;653410.67;6861142.14;2.365131;48.848637;parcelle;;;PARIS;RUE CRILLON;commune;commune;vrai;
75104_2440_00004;75104_2440;4;;Rue Crillon;75004;75104;Paris 4e Arrondissement;;;653425.8;6861143.69;2.365337;48.848652;parcelle;;;PARIS;RUE CRILLON;commune;commune;vrai;
75104_2440_00005;75104_2440;5;;Rue Crillon;75004;75104;Paris 4e Arrondissement;;;653414.43;6861154.23;2.365181;48.848746;parcelle;;;PARIS;RUE CRILLON;commune;commune;vrai;
75104_2440_00006;75104_2440;6;;Rue Crillon;75004;75104;Paris 4e Arrondissement;;;653430.92;6861160.55;2.365405;48.848804;parcelle;;;PARIS;RUE CRILLON;commune;commune;vrai;
75104_2440_00007;75104_2440;7;;Rue Crillon;75004;75104;Paris 4e Arrondissement;;;653421.89;6861178.19;2.36528;48.848962;parcelle;;;PARIS;RUE CRILLON;commune;commune;vrai;
75104_2440_00008;75104_2440;8;;Rue Crillon;75004;75104;Paris 4e Arrondissement;;;653438.08;6861183.62;2.3655;48.849012;parcelle;;;PARIS;RUE CRILLON;commune;commune;vrai;
75104_2440_00009;75104_2440;9;;Rue Crillon;75004;75104;Paris 4e Arrondissement;;;653426.26;6861192.39;2.365338;48.84909;parcelle;;;PARIS;RUE CRILLON;commune;commune;vrai;
75104_2440_00010;75104_2440;10;;Rue Crillon;75004;75104;Paris 4e Arrondissement;;;653442;6861196.15;2.365552;48.849125;parcelle;;;PARIS;RUE CRILLON;commune;commune;vrai;
75104_2440_00011;75104_2440;11;;Rue Crillon;75004;75104;Paris 4e Arrondissement;;;653430.86;6861207.03;2.365399;48.849222;parcelle;;;PARIS;RUE CRILLON;commune;commune;vrai;
75104_2440_00012;75104_2440;12;;Rue Crillon;75004;75104;Paris 4e Arrondissement;;;653462.11;6861261.04;2.365819;48.84971;parcelle;;;PARIS;RUE CRILLON;commune;commune;vrai;
75104_2440_00013;75104_2440;13;;Rue Crillon;75004;75104;Paris 4e Arrondissement;;;653435.6;6861222.45;2.365462;48.849361;parcelle;;;PARIS;RUE CRILLON;commune;commune;vrai;
75104_2440_00014;75104_2440;14;;Rue Crillon;75004;75104;Paris 4e Arrondissement;;;653472.89;6861295.87;2.365962;48.850024;parcelle;;;PARIS;RUE CRILLON;commune;commune;vrai;
75104_2440_00015;75104_2440;15;;Rue Crillon;75004;75104;Paris 4e Arrondissement;;;653447.81;6861261.82;2.365624;48.849716;parcelle;;;PARIS;RUE CRILLON;commune;commune;vrai;
75104_2440_00016;75104_2440;16;;Rue Crillon;75004;75104;Paris 4e Arrondissement;;;653482.46;6861326.93;2.366089;48.850304;parcelle;;;PARIS;RUE CRILLON;commune;commune;vrai;
75104_2440_00017;75104_2440;17;;Rue Crillon;75004;75104;Paris 4e Arrondissement;;;653453.16;6861279.02;2.365695;48.849871;parcelle;;;PARIS;RUE CRILLON;commune;commune;vrai;
75104_2440_00019;75104_2440;19;;Rue Crillon;75004;75104;Paris 4e Arrondissement;;;653458.96;6861297.98;2.365772;48.850042;parcelle;;;PARIS;RUE CRILLON;commune;commune;vrai;
75104_2440_00002_b;75104_2440;2;b;Rue Crillon;75004;75104;Paris 4e Arrondissement;;;653420.98;6861128.27;2.365273;48.848513;parcelle;;;PARIS;RUE CRILLON;commune;commune;vrai;
75104_2440_00010_b;75104_2440;10;b;Rue Crillon;75004;75104;Paris 4e Arrondissement;;;653447.27;6861213.46;2.365622;48.849281;parcelle;;;PARIS;RUE CRILLON;commune;commune;vrai;
75104_2440_00010_bz;75104_2440;10;bz;Rue Crillon;75004;75104;Paris 4e Arrondissement;;;653453.54;6861226.08;2.365706;48.849395;parcelle;;;PARIS;RUE CRILLON;commune;commune;vrai;
75104_6560_00001;75104_6560;1;;Pont Morland;75004;75104;Paris 4e Arrondissement;;;653449.84;6860984.7;2.365682;48.847224;parcelle;;;PARIS;PONT MORLAND;commune;commune;vrai;
75104_5073_00001;75104_5073;1;;Rue Jules Cousin;75004;75104;Paris 4e Arrondissement;;;653281.67;6861481.33;2.363336;48.851678;parcelle;;;PARIS;RUE JULES COUSIN;commune;commune;vrai;
75104_5073_00002;75104_5073;2;;Rue Jules Cousin;75004;75104;Paris 4e Arrondissement;;;653299.09;6861484.19;2.363573;48.851705;parcelle;;;PARIS;RUE JULES COUSIN;commune;commune;vrai;
75104_5073_00003;75104_5073;3;;Rue Jules Cousin;75004;75104;Paris 4e Arrondissement;;;653268.86;6861493.44;2.36316;48.851786;parcelle;;;PARIS;RUE JULES COUSIN;commune;commune;vrai;
75104_5073_00004;75104_5073;4;;Rue Jules Cousin;75004;75104;Paris 4e Arrondissement;;;653284.3;6861498.1;2.36337;48.851829;parcelle;;;PARIS;RUE JULES COUSIN;commune;commune;vrai;
75104_8722_00001;75104_8722;1;;Passage Saint-Paul;75004;75104;Paris 4e Arrondissement;;;653205.43;6861772.62;2.362265;48.854292;parcelle;;;PARIS;PASSAGE SAINT PAUL;commune;commune;vrai;
75104_8722_00001_u;75104_8722;1;u;Passage Saint-Paul;75004;75104;Paris 4e Arrondissement;;;653206.04;6861774.95;2.362273;48.854313;parcelle;;;PARIS;PASSAGE SAINT PAUL;commune;commune;vrai;
75104_3172_00001;75104_3172;1;;Rue Eginhard;75004;75104;Paris 4e Arrondissement;;;653184.39;6861737.98;2.361982;48.853979;parcelle;;;PARIS;RUE EGINHARD;commune;commune;vrai;
75104_3172_00002;75104_3172;2;;Rue Eginhard;75004;75104;Paris 4e Arrondissement;;;653178.4;6861741.59;2.3619;48.854011;parcelle;;;PARIS;RUE EGINHARD;commune;commune;vrai;
75104_1601_00001;75104_1601;1;;Rue Castex;75004;75104;Paris 4e Arrondissement;;;653473.34;6861562.74;2.365939;48.852424;parcelle;;;PARIS;RUE CASTEX;commune;commune;vrai;
75104_1601_00002;75104_1601;2;;Rue Castex;75004;75104;Paris 4e Arrondissement;;;653489.28;6861573.85;2.366155;48.852525;parcelle;;;PARIS;RUE CASTEX;commune;commune;vrai;
75104_1601_00003;75104_1601;3;;Rue Castex;75004;75104;Paris 4e Arrondissement;;;653478.31;6861578.72;2.366005;48.852568;parcelle;;;PARIS;RUE CASTEX;commune;commune;vrai;
75104_1601_00004;75104_1601;4;;Rue Castex;75004;75104;Paris 4e Arrondissement;;;653493.95;6861588.6;2.366217;48.852658;parcelle;;;PARIS;RUE CASTEX;commune;commune;vrai;
75104_1601_00005;75104_1601;5;;Rue Castex;75004;75104;Paris 4e Arrondissement;;;653481.78;6861589.92;2.366051;48.852669;parcelle;;;PARIS;RUE CASTEX;commune;commune;vrai;
75104_1601_00006;75104_1601;6;;Rue Castex;75004;75104;Paris 4e Arrondissement;;;653497.27;6861599.36;2.366261;48.852755;parcelle;;;PARIS;RUE CASTEX;commune;commune;vrai;
75104_1601_00007;75104_1601;7;;Rue Castex;75004;75104;Paris 4e Arrondissement;;;653484.04;6861597.02;2.366081;48.852733;parcelle;;;PARIS;RUE CASTEX;commune;commune;vrai;
75104_1601_00008;75104_1601;8;;Rue Castex;75004;75104;Paris 4e Arrondissement;;;653500.88;6861610.78;2.366309;48.852858;parcelle;;;PARIS;RUE CASTEX;commune;commune;vrai;
75104_1601_00009;75104_1601;9;;Rue Castex;75004;75104;Paris 4e Arrondissement;;;653487.43;6861608.11;2.366126;48.852833;parcelle;;;PARIS;RUE CASTEX;commune;commune;vrai;
75104_1601_00010;75104_1601;10;;Rue Castex;75004;75104;Paris 4e Arrondissement;;;653504.19;6861621.43;2.366353;48.852954;parcelle;;;PARIS;RUE CASTEX;commune;commune;vrai;
75104_1601_00011;75104_1601;11;;Rue Castex;75004;75104;Paris 4e Arrondissement;;;653491.8;6861621.97;2.366184;48.852958;parcelle;;;PARIS;RUE CASTEX;commune;commune;vrai;
75104_1601_00012;75104_1601;12;;Rue Castex;75004;75104;Paris 4e Arrondissement;;;653513.46;6861650.82;2.366476;48.853219;parcelle;;;PARIS;RUE CASTEX;commune;commune;vrai;
75104_1601_00013;75104_1601;13;;Rue Castex;75004;75104;Paris 4e Arrondissement;;;653495.86;6861634.95;2.366238;48.853075;parcelle;;;PARIS;RUE CASTEX;commune;commune;vrai;
75104_1601_00014;75104_1601;14;;Rue Castex;75004;75104;Paris 4e Arrondissement;;;653517.67;6861664.36;2.366532;48.853341;parcelle;;;PARIS;RUE CASTEX;commune;commune;vrai;
75104_1601_00015;75104_1601;15;;Rue Castex;75004;75104;Paris 4e Arrondissement;;;653499.1;6861645.27;2.366281;48.853168;parcelle;;;PARIS;RUE CASTEX;commune;commune;vrai;
75104_1601_00010_b;75104_1601;10;b;Rue Castex;75004;75104;Paris 4e Arrondissement;;;653509.77;6861639.07;2.366427;48.853113;parcelle;;;PARIS;RUE CASTEX;commune;commune;vrai;
75104_0706_00001;75104_0706;1;;Rue Bassompierre;75004;75104;Paris 4e Arrondissement;;;653549.1;6861392;2.36699;48.850894;parcelle;;;PARIS;RUE BASSOMPIERRE;commune;commune;vrai;
75104_0706_00002;75104_0706;2;;Rue Bassompierre;75004;75104;Paris 4e Arrondissement;;;653548.69;6861404.79;2.366983;48.851009;parcelle;;;PARIS;RUE BASSOMPIERRE;commune;commune;vrai;
75104_0706_00003;75104_0706;3;;Rue Bassompierre;75004;75104;Paris 4e Arrondissement;;;653524.72;6861399.65;2.366657;48.850961;parcelle;;;PARIS;RUE BASSOMPIERRE;commune;commune;vrai;
75104_0706_00004;75104_0706;4;;Rue Bassompierre;75004;75104;Paris 4e Arrondissement;;;653528.56;6861410.96;2.366708;48.851063;parcelle;;;PARIS;RUE BASSOMPIERRE;commune;commune;vrai;
75104_0706_00005;75104_0706;5;;Rue Bassompierre;75004;75104;Paris 4e Arrondissement;;;653517.11;6861402.04;2.366553;48.850982;parcelle;;;PARIS;RUE BASSOMPIERRE;commune;commune;vrai;
75104_4859_00001;75104_4859;1;;Impasse Jean Beausire;75004;75104;Paris 4e Arrondissement;;;653628.84;6861847.16;2.368027;48.854993;parcelle;;;PARIS;IMPASSE JEAN BEAUSIRE;commune;commune;vrai;
75104_4859_00002;75104_4859;2;;Impasse Jean Beausire;75004;75104;Paris 4e Arrondissement;;;653639.27;6861838.74;2.36817;48.854918;parcelle;;;PARIS;IMPASSE JEAN BEAUSIRE;commune;commune;vrai;
75104_4859_00003;75104_4859;3;;Impasse Jean Beausire;75004;75104;Paris 4e Arrondissement;;;653629.05;6861864.06;2.368028;48.855145;parcelle;;;PARIS;IMPASSE JEAN BEAUSIRE;commune;commune;vrai;
75104_4859_00004;75104_4859;4;;Impasse Jean Beausire;75004;75104;Paris 4e Arrondissement;;;653638.85;6861850.98;2.368163;48.855028;parcelle;;;PARIS;IMPASSE JEAN BEAUSIRE;commune;commune;vrai;
75104_4859_00006;75104_4859;6;;Impasse Jean Beausire;75004;75104;Paris 4e Arrondissement;;;653638.44;6861863.32;2.368156;48.855139;parcelle;;;PARIS;IMPASSE JEAN BEAUSIRE;commune;commune;vrai;
75104_4859_00008;75104_4859;8;;Impasse Jean Beausire;75004;75104;Paris 4e Arrondissement;;;653631.36;6861868.27;2.368059;48.855183;parcelle;;;PARIS;IMPASSE JEAN BEAUSIRE;commune;commune;vrai;
75104_0715_00001;75104_0715;1;;Rue de la Bastille;75004;75104;Paris 4e Arrondissement;;;653591.07;6861730.26;2.367525;48.853939;parcelle;;;PARIS;RUE DE LA BASTILLE;commune;commune;vrai;
75104_0715_00002;75104_0715;2;;Rue de la Bastille;75004;75104;Paris 4e Arrondissement;;;653595.34;6861713.99;2.367585;48.853793;parcelle;;;PARIS;RUE DE LA BASTILLE;commune;commune;vrai;
75104_0715_00003;75104_0715;3;;Rue de la Bastille;75004;75104;Paris 4e Arrondissement;;;653605.95;6861728.03;2.367728;48.85392;parcelle;;;PARIS;RUE DE LA BASTILLE;commune;commune;vrai;
75104_0715_00004;75104_0715;4;;Rue de la Bastille;75004;75104;Paris 4e Arrondissement;;;653610.15;6861712.21;2.367787;48.853778;parcelle;;;PARIS;RUE DE LA BASTILLE;commune;commune;vrai;
75104_0715_00005;75104_0715;5;;Rue de la Bastille;75004;75104;Paris 4e Arrondissement;;;653615.4;6861726.51;2.367857;48.853907;parcelle;;;PARIS;RUE DE LA BASTILLE;commune;commune;vrai;
75104_0715_00006;75104_0715;6;;Rue de la Bastille;75004;75104;Paris 4e Arrondissement;;;653621.95;6861710.67;2.367948;48.853765;parcelle;;;PARIS;RUE DE LA BASTILLE;commune;commune;vrai;
75104_0715_00007;75104_0715;7;;Rue de la Bastille;75004;75104;Paris 4e Arrondissement;;;653624.27;6861724.99;2.367978;48.853894;parcelle;;;PARIS;RUE DE LA BASTILLE;commune;commune;vrai;
75104_0715_00008;75104_0715;8;;Rue de la Bastille;75004;75104;Paris 4e Arrondissement;;;653638.59;6861708.64;2.368175;48.853748;parcelle;;;PARIS;RUE DE LA BASTILLE;commune;commune;vrai;
75104_0715_00009;75104_0715;9;;Rue de la Bastille;75004;75104;Paris 4e Arrondissement;;;653645.75;6861723.38;2.368271;48.853881;parcelle;;;PARIS;RUE DE LA BASTILLE;commune;commune;vrai;
75104_0715_00011;75104_0715;11;;Rue de la Bastille;75004;75104;Paris 4e Arrondissement;;;653656.82;6861721.95;2.368422;48.853869;parcelle;;;PARIS;RUE DE LA BASTILLE;commune;commune;vrai;
75104_4860_00001;75104_4860;1;;Passage Jean Beausire;75004;75104;Paris 4e Arrondissement;;;653622.56;6861768.71;2.36795;48.854287;parcelle;;;PARIS;PASSAGE JEAN BEAUSIRE;commune;commune;vrai;
75104_4860_00002;75104_4860;2;;Passage Jean Beausire;75004;75104;Paris 4e Arrondissement;;;653607.4;6861771.5;2.367743;48.854311;parcelle;;;PARIS;PASSAGE JEAN BEAUSIRE;commune;commune;vrai;
75104_4585_00001;75104_4585;1;;Port Henri IV;75004;75104;Paris 4e Arrondissement;;;653384.69;6860950.64;2.364798;48.846913;parcelle;;;PARIS;PORT HENRI IV;commune;commune;vrai;
75104_4585_00003;75104_4585;3;;Port Henri IV;75004;75104;Paris 4e Arrondissement;;;653263.13;6861074.72;2.363128;48.84802;parcelle;;;PARIS;PORT HENRI IV;commune;commune;vrai;
75104_4585_00005;75104_4585;5;;Port Henri IV;75004;75104;Paris 4e Arrondissement;;;653174.05;6861167.06;2.361904;48.848844;parcelle;;;PARIS;PORT HENRI IV;commune;commune;vrai;
75104_7260_00002;75104_7260;2;;Place du Père Teilhard de Chardin;75004;75104;Paris 4e Arrondissement;;;653249.83;6861363.27;2.362915;48.850614;parcelle;;;PARIS;PL DU PERE TEILHARD DE CHARDIN;commune;commune;vrai;
75111_jpncgs_00001;;1;;Cour de l'Industrie;75011;75111;Paris 11e Arrondissement;;;655023.51;6861342.12;2.387087;48.85055;parcelle;;;PARIS;COUR DE L INDUSTRIE;commune;commune;vrai;
75111_jpncgs_00002;;2;;Cour de l'Industrie;75011;75111;Paris 11e Arrondissement;;;655034.3;6861341.92;2.387234;48.850549;parcelle;;;PARIS;COUR DE L INDUSTRIE;commune;commune;vrai;
75111_jpncgs_00003;;3;;Cour de l'Industrie;75011;75111;Paris 11e Arrondissement;;;655023.37;6861352.79;2.387084;48.850646;parcelle;;;PARIS;COUR DE L INDUSTRIE;commune;commune;vrai;
75111_jpncgs_00004;;4;;Cour de l'Industrie;75011;75111;Paris 11e Arrondissement;;;655033.87;6861353.6;2.387227;48.850654;parcelle;;;PARIS;COUR DE L INDUSTRIE;commune;commune;vrai;
75111_jpncgs_00005;;5;;Cour de l'Industrie;75011;75111;Paris 11e Arrondissement;;;655021.15;6861368.93;2.387052;48.850791;parcelle;;;PARIS;COUR DE L INDUSTRIE;commune;commune;vrai;
75111_jpncgs_00006;;6;;Cour de l'Industrie;75011;75111;Paris 11e Arrondissement;;;655033.31;6861375.29;2.387217;48.850849;parcelle;;;PARIS;COUR DE L INDUSTRIE;commune;commune;vrai;
75111_jpncgs_00007;;7;;Cour de l'Industrie;75011;75111;Paris 11e Arrondissement;;;655019.86;6861382.4;2.387033;48.850912;parcelle;;;PARIS;COUR DE L INDUSTRIE;commune;commune;vrai;
75111_jpncgs_00008;;8;;Cour de l'Industrie;75011;75111;Paris 11e Arrondissement;;;655032.12;6861392.31;2.387199;48.851002;parcelle;;;PARIS;COUR DE L INDUSTRIE;commune;commune;vrai;
75111_jpncgs_00009;;9;;Cour de l'Industrie;75011;75111;Paris 11e Arrondissement;;;655018.86;6861395.31;2.387018;48.851028;parcelle;;;PARIS;COUR DE L INDUSTRIE;commune;commune;vrai;
75111_jpncgs_00010;;10;;Cour de l'Industrie;75011;75111;Paris 11e Arrondissement;;;655030.92;6861408.56;2.387181;48.851148;parcelle;;;PARIS;COUR DE L INDUSTRIE;commune;commune;vrai;
75111_jpncgs_00011;;11;;Cour de l'Industrie;75011;75111;Paris 11e Arrondissement;;;655018.22;6861407.32;2.387008;48.851136;parcelle;;;PARIS;COUR DE L INDUSTRIE;commune;commune;vrai;
75111_jpncgs_00012;;12;;Cour de l'Industrie;75011;75111;Paris 11e Arrondissement;;;655041.37;6861412.48;2.387323;48.851184;parcelle;;;PARIS;COUR DE L INDUSTRIE;commune;commune;vrai;
75111_jpncgs_00013;;13;;Cour de l'Industrie;75011;75111;Paris 11e Arrondissement;;;655017.49;6861417.67;2.386997;48.851229;parcelle;;;PARIS;COUR DE L INDUSTRIE;commune;commune;vrai;
75111_jpncgs_00014;;14;;Cour de l'Industrie;75011;75111;Paris 11e Arrondissement;;;655052.9;6861413.06;2.38748;48.85119;parcelle;;;PARIS;COUR DE L INDUSTRIE;commune;commune;vrai;
75111_jpncgs_00015;;15;;Cour de l'Industrie;75011;75111;Paris 11e Arrondissement;;;655024.92;6861419.94;2.387098;48.85125;parcelle;;;PARIS;COUR DE L INDUSTRIE;commune;commune;vrai;
75111_jpncgs_00016;;16;;Cour de l'Industrie;75011;75111;Paris 11e Arrondissement;;;655062.66;6861413.42;2.387613;48.851194;parcelle;;;PARIS;COUR DE L INDUSTRIE;commune;commune;vrai;
75111_jpncgs_00017;;17;;Cour de l'Industrie;75011;75111;Paris 11e Arrondissement;;;655036.96;6861420.52;2.387262;48.851256;parcelle;;;PARIS;COUR DE L INDUSTRIE;commune;commune;vrai;
75111_jpncgs_00018;;18;;Cour de l'Industrie;75011;75111;Paris 11e Arrondissement;;;655074.98;6861412.11;2.387781;48.851183;parcelle;;;PARIS;COUR DE L INDUSTRIE;commune;commune;vrai;
75111_jpncgs_00019;;19;;Cour de l'Industrie;75011;75111;Paris 11e Arrondissement;;;655047.46;6861420.88;2.387405;48.85126;parcelle;;;PARIS;COUR DE L INDUSTRIE;commune;commune;vrai;
75111_jpncgs_00020;;20;;Cour de l'Industrie;75011;75111;Paris 11e Arrondissement;;;655081.84;6861416.17;2.387874;48.85122;parcelle;;;PARIS;COUR DE L INDUSTRIE;commune;commune;vrai;
75111_jpncgs_00021;;21;;Cour de l'Industrie;75011;75111;Paris 11e Arrondissement;;;655056.7;6861421.14;2.387531;48.851263;parcelle;;;PARIS;COUR DE L INDUSTRIE;commune;commune;vrai;
75111_jpncgs_00022;;22;;Cour de l'Industrie;75011;75111;Paris 11e Arrondissement;;;655081.01;6861433.19;2.387861;48.851373;parcelle;;;PARIS;COUR DE L INDUSTRIE;commune;commune;vrai;
75111_jpncgs_00023;;23;;Cour de l'Industrie;75011;75111;Paris 11e Arrondissement;;;655070.87;6861420.81;2.387724;48.851261;parcelle;;;PARIS;COUR DE L INDUSTRIE;commune;commune;vrai;
75111_jpncgs_00025;;25;;Cour de l'Industrie;75011;75111;Paris 11e Arrondissement;;;655072.94;6861432.25;2.387751;48.851364;parcelle;;;PARIS;COUR DE L INDUSTRIE;commune;commune;vrai;
75111_htso40_00001;;1;;Cour Debille;75011;75111;Paris 11e Arrondissement;;;654467.43;6862008.42;2.379438;48.856503;parcelle;;;PARIS;COUR DEBILLE;commune;commune;vrai;
75111_htso40_00002;;2;;Cour Debille;75011;75111;Paris 11e Arrondissement;;;654469.45;6861967.26;2.37947;48.856133;parcelle;;;PARIS;COUR DEBILLE;commune;commune;vrai;
75111_htso40_00004;;4;;Cour Debille;75011;75111;Paris 11e Arrondissement;;;654464.84;6861978.2;2.379406;48.856231;parcelle;;;PARIS;COUR DEBILLE;commune;commune;vrai;
75111_htso40_00006;;6;;Cour Debille;75011;75111;Paris 11e Arrondissement;;;654460.23;6861989.13;2.379342;48.856329;parcelle;;;PARIS;COUR DEBILLE;commune;commune;vrai;
75111_htso40_00009;;9;;Cour Debille;75011;75111;Paris 11e Arrondissement;;;654478.44;6861981.76;2.379591;48.856264;parcelle;;;PARIS;COUR DEBILLE;commune;commune;vrai;
75111_htso40_00010;;10;;Cour Debille;75011;75111;Paris 11e Arrondissement;;;654472.62;6861959.45;2.379514;48.856063;parcelle;;;PARIS;COUR DEBILLE;commune;commune;vrai;
75111_htso40_00011;;11;;Cour Debille;75011;75111;Paris 11e Arrondissement;;;654483.2;6861970.49;2.379657;48.856163;parcelle;;;PARIS;COUR DEBILLE;commune;commune;vrai;
75111_htso40_00012;;12;;Cour Debille;75011;75111;Paris 11e Arrondissement;;;654477.08;6861948.63;2.379576;48.855966;parcelle;;;PARIS;COUR DEBILLE;commune;commune;vrai;
75111_htso40_00013;;13;;Cour Debille;75011;75111;Paris 11e Arrondissement;;;654487.88;6861959.56;2.379722;48.856065;parcelle;;;PARIS;COUR DEBILLE;commune;commune;vrai;
75111_htso40_00014;;14;;Cour Debille;75011;75111;Paris 11e Arrondissement;;;654481.91;6861937.03;2.379643;48.855862;parcelle;;;PARIS;COUR DEBILLE;commune;commune;vrai;
75111_htso40_00015;;15;;Cour Debille;75011;75111;Paris 11e Arrondissement;;;654496.88;6861937.8;2.379847;48.85587;parcelle;;;PARIS;COUR DEBILLE;commune;commune;vrai;
75111_htso40_00016;;16;;Cour Debille;75011;75111;Paris 11e Arrondissement;;;654487.09;6861924.42;2.379715;48.855749;parcelle;;;PARIS;COUR DEBILLE;commune;commune;vrai;
75111_htso40_00017;;17;;Cour Debille;75011;75111;Paris 11e Arrondissement;;;654506.11;6861917.27;2.379975;48.855686;parcelle;;;PARIS;COUR DEBILLE;commune;commune;vrai;
75111_htso40_00018;;18;;Cour Debille;75011;75111;Paris 11e Arrondissement;;;654492.28;6861911.82;2.379787;48.855636;parcelle;;;PARIS;COUR DEBILLE;commune;commune;vrai;
75111_htso40_00001_s1;;1;s1;Cour Debille;75011;75111;Paris 11e Arrondissement;;;654483.04;6861969.38;2.379655;48.856153;parcelle;;;PARIS;COUR DEBILLE;commune;commune;vrai;
75111_htso40_00001_s2;;1;s2;Cour Debille;75011;75111;Paris 11e Arrondissement;;;654471.7;6861963.91;2.379501;48.856103;parcelle;;;PARIS;COUR DEBILLE;commune;commune;vrai;
75111_jo962a_00001;;1;;Cour Viguès;75011;75111;Paris 11e Arrondissement;;;654032.58;6861533.82;2.373563;48.852204;parcelle;;;PARIS;COUR VIGUES;commune;commune;vrai;
75111_jo962a_00002;;2;;Cour Viguès;75011;75111;Paris 11e Arrondissement;;;654039.47;6861533.65;2.373657;48.852203;parcelle;;;PARIS;COUR VIGUES;commune;commune;vrai;
75111_g0cxz3_00002;;2;;Voie N/11;75011;75111;Paris 11e Arrondissement;;;654866.21;6861394.49;2.384938;48.85101;parcelle;;;PARIS;VOIE N 11;commune;commune;vrai;
75111_g0cxz3_00003;;3;;Voie N/11;75011;75111;Paris 11e Arrondissement;;;654856.13;6861380.56;2.384802;48.850884;parcelle;;;PARIS;VOIE N 11;commune;commune;vrai;
75111_g0cxz3_00005;;5;;Voie N/11;75011;75111;Paris 11e Arrondissement;;;654856.21;6861391.46;2.384802;48.850982;parcelle;;;PARIS;VOIE N 11;commune;commune;vrai;
75111_g0cxz3_00001_b;;1;b;Voie N/11;75011;75111;Paris 11e Arrondissement;;;654856.1;6861367.33;2.384803;48.850765;parcelle;;;PARIS;VOIE N 11;commune;commune;vrai;
75111_g0cxz3_00001_s;;1;s;Voie N/11;75011;75111;Paris 11e Arrondissement;;;654858.16;6861359.64;2.384832;48.850696;parcelle;;;PARIS;VOIE N 11;commune;commune;vrai;
75111_y0ng7z_00001;;1;;Cour de l'Etoile d'Or;75011;75111;Paris 11e Arrondissement;;;654132.74;6861542.92;2.374927;48.852293;parcelle;;;PARIS;COUR DE L ETOILE D OR;commune;commune;vrai;
75111_y0ng7z_00002;;2;;Cour de l'Etoile d'Or;75011;75111;Paris 11e Arrondissement;;;654135.54;6861534.56;2.374966;48.852218;parcelle;;;PARIS;COUR DE L ETOILE D OR;commune;commune;vrai;
75111_ip6o4d_00001;;1;;Cour du Cantal;75011;75111;Paris 11e Arrondissement;;;653893.27;6861733.3;2.371643;48.853988;parcelle;;;PARIS;COUR DU CANTAL;commune;commune;vrai;
75111_ip6o4d_00002;;2;;Cour du Cantal;75011;75111;Paris 11e Arrondissement;;;653890.77;6861723.42;2.37161;48.853899;parcelle;;;PARIS;COUR DU CANTAL;commune;commune;vrai;
75111_8ubgm7_00001;;1;;Cour Delépine;75011;75111;Paris 11e Arrondissement;;;654211.06;6861694.2;2.375978;48.853659;parcelle;;;PARIS;COUR DELEPINE;commune;commune;vrai;
75111_8ubgm7_00002;;2;;Cour Delépine;75011;75111;Paris 11e Arrondissement;;;654220.54;6861695.45;2.376107;48.853671;parcelle;;;PARIS;COUR DELEPINE;commune;commune;vrai;
75111_hdwtc5_00001;;1;;Voie G/11;75011;75111;Paris 11e Arrondissement;;;654647.71;6861464.7;2.381953;48.851626;parcelle;;;PARIS;VOIE G 11;commune;commune;vrai;
75111_hdwtc5_00002;;2;;Voie G/11;75011;75111;Paris 11e Arrondissement;;;654642.39;6861459.4;2.381881;48.851578;parcelle;;;PARIS;VOIE G 11;commune;commune;vrai;
75111_hdwtc5_00004;;4;;Voie G/11;75011;75111;Paris 11e Arrondissement;;;654656.11;6861459.63;2.382068;48.851581;parcelle;;;PARIS;VOIE G 11;commune;commune;vrai;
75111_hdwtc5_00006;;6;;Voie G/11;75011;75111;Paris 11e Arrondissement;;;654669.54;6861459.97;2.382251;48.851585;parcelle;;;PARIS;VOIE G 11;commune;commune;vrai;
75111_hdwtc5_00001_s;;1;s;Voie G/11;75011;75111;Paris 11e Arrondissement;;;654637.35;6861462.44;2.381812;48.851605;parcelle;;;PARIS;VOIE G 11;commune;commune;vrai;
75111_2oaqkt_00001;;1;;Cour Damoye;75011;75111;Paris 11e Arrondissement;;;653809.47;6861769.88;2.370497;48.854311;parcelle;;;PARIS;COUR DAMOYE;commune;commune;vrai;
75111_2oaqkt_00002;;2;;Cour Damoye;75011;75111;Paris 11e Arrondissement;;;653801.05;6861772.84;2.370382;48.854337;parcelle;;;PARIS;COUR DAMOYE;commune;commune;vrai;
75111_2oaqkt_00001_s;;1;s;Cour Damoye;75011;75111;Paris 11e Arrondissement;;;653826.56;6861824.57;2.370724;48.854804;parcelle;;;PARIS;COUR DAMOYE;commune;commune;vrai;
75111_1888_00001;75111_1888;1;;Rue de Charonne;75011;75111;Paris 11e Arrondissement;;;654050.29;6861519.11;2.373806;48.852073;parcelle;;;PARIS;RUE DE CHARONNE;commune;commune;vrai;
75111_1888_00002;75111_1888;2;;Rue de Charonne;75011;75111;Paris 11e Arrondissement;;;654065.57;6861511.65;2.374015;48.852007;parcelle;;;PARIS;RUE DE CHARONNE;commune;commune;vrai;
75111_1888_00003;75111_1888;3;;Rue de Charonne;75011;75111;Paris 11e Arrondissement;;;654060.8;6861539.37;2.373947;48.852256;parcelle;;;PARIS;RUE DE CHARONNE;commune;commune;vrai;
75111_1888_00004;75111_1888;4;;Rue de Charonne;75011;75111;Paris 11e Arrondissement;;;654068.33;6861517.3;2.374052;48.852058;parcelle;;;PARIS;RUE DE CHARONNE;commune;commune;vrai;
75111_1888_00005;75111_1888;5;;Rue de Charonne;75011;75111;Paris 11e Arrondissement;;;654067.73;6861552.55;2.37404;48.852375;parcelle;;;PARIS;RUE DE CHARONNE;commune;commune;vrai;
75111_1888_00006;75111_1888;6;;Rue de Charonne;75011;75111;Paris 11e Arrondissement;;;654074.6;6861530.03;2.374136;48.852173;parcelle;;;PARIS;RUE DE CHARONNE;commune;commune;vrai;
75111_1888_00007;75111_1888;7;;Rue de Charonne;75011;75111;Paris 11e Arrondissement;;;654074.21;6861565.07;2.374127;48.852488;parcelle;;;PARIS;RUE DE CHARONNE;commune;commune;vrai;
75111_1888_00008;75111_1888;8;;Rue de Charonne;75011;75111;Paris 11e Arrondissement;;;654079.44;6861539.89;2.374201;48.852262;parcelle;;;PARIS;RUE DE CHARONNE;commune;commune;vrai;
75111_1888_00009;75111_1888;9;;Rue de Charonne;75011;75111;Paris 11e Arrondissement;;;654077.88;6861573.93;2.374176;48.852568;parcelle;;;PARIS;RUE DE CHARONNE;commune;commune;vrai;
75111_1888_00010;75111_1888;10;;Rue de Charonne;75011;75111;Paris 11e Arrondissement;;;654083.77;6861548.87;2.374259;48.852343;parcelle;;;PARIS;RUE DE CHARONNE;commune;commune;vrai;
75111_1888_00011;75111_1888;11;;Rue de Charonne;75011;75111;Paris 11e Arrondissement;;;654085.46;6861586.66;2.374278;48.852683;parcelle;;;PARIS;RUE DE CHARONNE;commune;commune;vrai;
75111_1888_00012;75111_1888;12;;Rue de Charonne;75011;75111;Paris 11e Arrondissement;;;654090.26;6861562.05;2.374346;48.852462;parcelle;;;PARIS;RUE DE CHARONNE;commune;commune;vrai;
75111_1888_00013;75111_1888;13;;Rue de Charonne;75011;75111;Paris 11e Arrondissement;;;654091.06;6861597.74;2.374353;48.852783;parcelle;;;PARIS;RUE DE CHARONNE;commune;commune;vrai;
75111_1888_00014;75111_1888;14;;Rue de Charonne;75011;75111;Paris 11e Arrondissement;;;654098.32;6861578.55;2.374454;48.852611;parcelle;;;PARIS;RUE DE CHARONNE;commune;commune;vrai;
75111_1888_00015;75111_1888;15;;Rue de Charonne;75011;75111;Paris 11e Arrondissement;;;654099.64;6861616.24;2.374468;48.85295;parcelle;;;PARIS;RUE DE CHARONNE;commune;commune;vrai;
75111_1888_00016;75111_1888;16;;Rue de Charonne;75011;75111;Paris 11e Arrondissement;;;654104.36;6861590.85;2.374535;48.852722;parcelle;;;PARIS;RUE DE CHARONNE;commune;commune;vrai;
75111_1888_00017;75111_1888;17;;Rue de Charonne;75011;75111;Paris 11e Arrondissement;;;654106.99;6861626.97;2.374567;48.853047;parcelle;;;PARIS;RUE DE CHARONNE;commune;commune;vrai;
75111_1888_00018;75111_1888;18;;Rue de Charonne;75011;75111;Paris 11e Arrondissement;;;654112.11;6861606.69;2.374639;48.852865;parcelle;;;PARIS;RUE DE CHARONNE;commune;commune;vrai;
75111_1888_00019;75111_1888;19;;Rue de Charonne;75011;75111;Paris 11e Arrondissement;;;654113.64;6861632.47;2.374657;48.853097;parcelle;;;PARIS;RUE DE CHARONNE;commune;commune;vrai;
75111_1888_00020;75111_1888;20;;Rue de Charonne;75011;75111;Paris 11e Arrondissement;;;654124.91;6861620.04;2.374812;48.852986;parcelle;;;PARIS;RUE DE CHARONNE;commune;commune;vrai;
75111_1888_00021;75111_1888;21;;Rue de Charonne;75011;75111;Paris 11e Arrondissement;;;654121.53;6861637.64;2.374764;48.853144;parcelle;;;PARIS;RUE DE CHARONNE;commune;commune;vrai;
75111_1888_00022;75111_1888;22;;Rue de Charonne;75011;75111;Paris 11e Arrondissement;;;654136.65;6861628.18;2.374971;48.85306;parcelle;;;PARIS;RUE DE CHARONNE;commune;commune;vrai;
75111_1888_00023;75111_1888;23;;Rue de Charonne;75011;75111;Paris 11e Arrondissement;;;654130.6;6861643.68;2.374887;48.853199;parcelle;;;PARIS;RUE DE CHARONNE;commune;commune;vrai;
75111_1888_00024;75111_1888;24;;Rue de Charonne;75011;75111;Paris 11e Arrondissement;;;654146.16;6861634.77;2.3751;48.85312;parcelle;;;PARIS;RUE DE CHARONNE;commune;commune;vrai;
75111_1888_00025;75111_1888;25;;Rue de Charonne;75011;75111;Paris 11e Arrondissement;;;654150;6861656.31;2.37515;48.853314;parcelle;;;PARIS;RUE DE CHARONNE;commune;commune;vrai;
75111_1888_00026;75111_1888;26;;Rue de Charonne;75011;75111;Paris 11e Arrondissement;;;654164.15;6861644.42;2.375344;48.853208;parcelle;;;PARIS;RUE DE CHARONNE;commune;commune;vrai;
75111_1888_00027;75111_1888;27;;Rue de Charonne;75011;75111;Paris 11e Arrondissement;;;654165.39;6861662.2;2.375359;48.853368;parcelle;;;PARIS;RUE DE CHARONNE;commune;commune;vrai;
75111_1888_00028;75111_1888;28;;Rue de Charonne;75011;75111;Paris 11e Arrondissement;;;654187.44;6861648.57;2.375661;48.853247;parcelle;;;PARIS;RUE DE CHARONNE;commune;commune;vrai;
75111_1888_00029;75111_1888;29;;Rue de Charonne;75011;75111;Paris 11e Arrondissement;;;654177.43;6861662.77;2.375523;48.853374;parcelle;;;PARIS;RUE DE CHARONNE;commune;commune;vrai;
75111_1888_00030;75111_1888;30;;Rue de Charonne;75011;75111;Paris 11e Arrondissement;;;654205.78;6861647.42;2.375911;48.853238;parcelle;;;PARIS;RUE DE CHARONNE;commune;commune;vrai;
75111_1888_00031;75111_1888;31;;Rue de Charonne;75011;75111;Paris 11e Arrondissement;;;654199.43;6861661.93;2.375823;48.853368;parcelle;;;PARIS;RUE DE CHARONNE;commune;commune;vrai;
75111_1888_00032;75111_1888;32;;Rue de Charonne;75011;75111;Paris 11e Arrondissement;;;654220.5;6861644.53;2.376112;48.853213;parcelle;;;PARIS;RUE DE CHARONNE;commune;commune;vrai;
75111_1888_00033;75111_1888;33;;Rue de Charonne;75011;75111;Paris 11e Arrondissement;;;654210.27;6861658.84;2.375971;48.853341;parcelle;;;PARIS;RUE DE CHARONNE;commune;commune;vrai;
75111_1888_00034;75111_1888;34;;Rue de Charonne;75011;75111;Paris 11e Arrondissement;;;654233.56;6861643.76;2.37629;48.853207;parcelle;;;PARIS;RUE DE CHARONNE;commune;commune;vrai;
75111_1888_00035;75111_1888;35;;Rue de Charonne;75011;75111;Paris 11e Arrondissement;;;654222.66;6861658.08;2.37614;48.853335;parcelle;;;PARIS;RUE DE CHARONNE;commune;commune;vrai;
75111_1888_00036;75111_1888;36;;Rue de Charonne;75011;75111;Paris 11e Arrondissement;;;654248.23;6861642.97;2.37649;48.853201;parcelle;;;PARIS;RUE DE CHARONNE;commune;commune;vrai;
75111_1888_00037;75111_1888;37;;Rue de Charonne;75011;75111;Paris 11e Arrondissement;;;654234.62;6861657.65;2.376303;48.853332;parcelle;;;PARIS;RUE DE CHARONNE;commune;commune;vrai;
75111_1888_00038;75111_1888;38;;Rue de Charonne;75011;75111;Paris 11e Arrondissement;;;654254.9;6861642.59;2.376581;48.853198;parcelle;;;PARIS;RUE DE CHARONNE;commune;commune;vrai;
75111_1888_00039;75111_1888;39;;Rue de Charonne;75011;75111;Paris 11e Arrondissement;;;654249.24;6861659.09;2.376502;48.853346;parcelle;;;PARIS;RUE DE CHARONNE;commune;commune;vrai;
75111_1888_00040;75111_1888;40;;Rue de Charonne;75011;75111;Paris 11e Arrondissement;;;654269.06;6861641.81;2.376774;48.853192;parcelle;;;PARIS;RUE DE CHARONNE;commune;commune;vrai;
75111_1888_00041;75111_1888;41;;Rue de Charonne;75011;75111;Paris 11e Arrondissement;;;654265.19;6861662.97;2.376719;48.853382;parcelle;;;PARIS;RUE DE CHARONNE;commune;commune;vrai;
75111_1888_00042;75111_1888;42;;Rue de Charonne;75011;75111;Paris 11e Arrondissement;;;654276.83;6861641.41;2.37688;48.853189;parcelle;;;PARIS;RUE DE CHARONNE;commune;commune;vrai;
75111_1888_00043;75111_1888;43;;Rue de Charonne;75011;75111;Paris 11e Arrondissement;;;654290.07;6861663.21;2.377058;48.853386;parcelle;;;PARIS;RUE DE CHARONNE;commune;commune;vrai;
75111_1888_00044;75111_1888;44;;Rue de Charonne;75011;75111;Paris 11e Arrondissement;;;654284.02;6861641.13;2.376978;48.853187;parcelle;;;PARIS;RUE DE CHARONNE;commune;commune;vrai;
75111_1888_00045;75111_1888;45;;Rue de Charonne;75011;75111;Paris 11e Arrondissement;;;654296.09;6861663.28;2.37714;48.853387;parcelle;;;PARIS;RUE DE CHARONNE;commune;commune;vrai;
75111_1888_00047;75111_1888;47;;Rue de Charonne;75011;75111;Paris 11e Arrondissement;;;654336.51;6861662.07;2.377691;48.853379;parcelle;;;PARIS;RUE DE CHARONNE;commune;commune;vrai;
75111_1888_00049;75111_1888;49;;Rue de Charonne;75011;75111;Paris 11e Arrondissement;;;654355.29;6861661.48;2.377947;48.853375;parcelle;;;PARIS;RUE DE CHARONNE;commune;commune;vrai;
75111_1888_00050;75111_1888;50;;Rue de Charonne;75011;75111;Paris 11e Arrondissement;;;654329.06;6861620.32;2.377594;48.853003;parcelle;;;PARIS;RUE DE CHARONNE;commune;commune;vrai;
75111_1888_00051;75111_1888;51;;Rue de Charonne;75011;75111;Paris 11e Arrondissement;;;654374.16;6861662.22;2.378204;48.853383;parcelle;;;PARIS;RUE DE CHARONNE;commune;commune;vrai;
75111_1888_00052;75111_1888;52;;Rue de Charonne;75011;75111;Paris 11e Arrondissement;;;654340.58;6861620;2.377751;48.853001;parcelle;;;PARIS;RUE DE CHARONNE;commune;commune;vrai;
75111_1888_00053;75111_1888;53;;Rue de Charonne;75011;75111;Paris 11e Arrondissement;;;654390.24;6861663.87;2.378423;48.853399;parcelle;;;PARIS;RUE DE CHARONNE;commune;commune;vrai;
75111_1888_00054;75111_1888;54;;Rue de Charonne;75011;75111;Paris 11e Arrondissement;;;654350.26;6861619.71;2.377883;48.852999;parcelle;;;PARIS;RUE DE CHARONNE;commune;commune;vrai;
75111_1888_00055;75111_1888;55;;Rue de Charonne;75011;75111;Paris 11e Arrondissement;;;654419.8;6861662.53;2.378826;48.853389;parcelle;;;PARIS;RUE DE CHARONNE;commune;commune;vrai;
75111_1888_00056;75111_1888;56;;Rue de Charonne;75011;75111;Paris 11e Arrondissement;;;654359.51;6861619.41;2.378009;48.852997;parcelle;;;PARIS;RUE DE CHARONNE;commune;commune;vrai;
75111_1888_00057;75111_1888;57;;Rue de Charonne;75011;75111;Paris 11e Arrondissement;;;654436.04;6861665.96;2.379047;48.853421;parcelle;;;PARIS;RUE DE CHARONNE;commune;commune;vrai;
75111_1888_00058;75111_1888;58;;Rue de Charonne;75011;75111;Paris 11e Arrondissement;;;654381.25;6861641.15;2.378303;48.853194;parcelle;;;PARIS;RUE DE CHARONNE;commune;commune;vrai;
75111_1888_00059;75111_1888;59;;Rue de Charonne;75011;75111;Paris 11e Arrondissement;;;654455.64;6861666.8;2.379314;48.85343;parcelle;;;PARIS;RUE DE CHARONNE;commune;commune;vrai;
75111_1888_00060;75111_1888;60;;Rue de Charonne;75011;75111;Paris 11e Arrondissement;;;654406.81;6861644.17;2.378651;48.853223;parcelle;;;PARIS;RUE DE CHARONNE;commune;commune;vrai;
75111_1888_00061;75111_1888;61;;Rue de Charonne;75011;75111;Paris 11e Arrondissement;;;654478.06;6861671.85;2.379619;48.853477;parcelle;;;PARIS;RUE DE CHARONNE;commune;commune;vrai;
75111_1888_00062;75111_1888;62;;Rue de Charonne;75011;75111;Paris 11e Arrondissement;;;654424.31;6861648.7;2.378889;48.853265;parcelle;;;PARIS;RUE DE CHARONNE;commune;commune;vrai;
75111_1888_00063;75111_1888;63;;Rue de Charonne;75011;75111;Paris 11e Arrondissement;;;654492.55;6861675.41;2.379816;48.85351;parcelle;;;PARIS;RUE DE CHARONNE;commune;commune;vrai;
75111_1888_00064;75111_1888;64;;Rue de Charonne;75011;75111;Paris 11e Arrondissement;;;654442.46;6861651.01;2.379136;48.853287;parcelle;;;PARIS;RUE DE CHARONNE;commune;commune;vrai;
75111_1888_00065;75111_1888;65;;Rue de Charonne;75011;75111;Paris 11e Arrondissement;;;654502.77;6861678.22;2.379955;48.853536;parcelle;;;PARIS;RUE DE CHARONNE;commune;commune;vrai;
75111_1888_00066;75111_1888;66;;Rue de Charonne;75011;75111;Paris 11e Arrondissement;;;654448.78;6861652.51;2.379222;48.853301;parcelle;;;PARIS;RUE DE CHARONNE;commune;commune;vrai;
75111_1888_00067;75111_1888;67;;Rue de Charonne;75011;75111;Paris 11e Arrondissement;;;654508.65;6861680.06;2.380035;48.853553;parcelle;;;PARIS;RUE DE CHARONNE;commune;commune;vrai;
75111_1888_00069;75111_1888;69;;Rue de Charonne;75011;75111;Paris 11e Arrondissement;;;654519.32;6861683.32;2.38018;48.853583;parcelle;;;PARIS;RUE DE CHARONNE;commune;commune;vrai;
75111_1888_00070;75111_1888;70;;Rue de Charonne;75011;75111;Paris 11e Arrondissement;;;654473.33;6861657.88;2.379556;48.853351;parcelle;;;PARIS;RUE DE CHARONNE;commune;commune;vrai;
75111_1888_00071;75111_1888;71;;Rue de Charonne;75011;75111;Paris 11e Arrondissement;;;654548.32;6861695.1;2.380574;48.853691;parcelle;;;PARIS;RUE DE CHARONNE;commune;commune;vrai;
75111_1888_00072;75111_1888;72;;Rue de Charonne;75011;75111;Paris 11e Arrondissement;;;654490.38;6861661.53;2.379788;48.853385;parcelle;;;PARIS;RUE DE CHARONNE;commune;commune;vrai;
75111_1888_00073;75111_1888;73;;Rue de Charonne;75011;75111;Paris 11e Arrondissement;;;654561.71;6861699.22;2.380756;48.853729;parcelle;;;PARIS;RUE DE CHARONNE;commune;commune;vrai;
75111_1888_00074;75111_1888;74;;Rue de Charonne;75011;75111;Paris 11e Arrondissement;;;654503.27;6861666.54;2.379963;48.853431;parcelle;;;PARIS;RUE DE CHARONNE;commune;commune;vrai;
75111_1888_00075;75111_1888;75;;Rue de Charonne;75011;75111;Paris 11e Arrondissement;;;654571.5;6861702.26;2.380889;48.853757;parcelle;;;PARIS;RUE DE CHARONNE;commune;commune;vrai;
75111_1888_00076;75111_1888;76;;Rue de Charonne;75011;75111;Paris 11e Arrondissement;;;654518.49;6861671.09;2.38017;48.853473;parcelle;;;PARIS;RUE DE CHARONNE;commune;commune;vrai;
75111_1888_00077;75111_1888;77;;Rue de Charonne;75011;75111;Paris 11e Arrondissement;;;654616.15;6861716.14;2.381496;48.853885;parcelle;;;PARIS;RUE DE CHARONNE;commune;commune;vrai;
75111_1888_00078;75111_1888;78;;Rue de Charonne;75011;75111;Paris 11e Arrondissement;;;654528.79;6861674.12;2.38031;48.853501;parcelle;;;PARIS;RUE DE CHARONNE;commune;commune;vrai;
75111_1888_00079;75111_1888;79;;Rue de Charonne;75011;75111;Paris 11e Arrondissement;;;654632.62;6861721.24;2.38172;48.853932;parcelle;;;PARIS;RUE DE CHARONNE;commune;commune;vrai;
75111_1888_00080;75111_1888;80;;Rue de Charonne;75011;75111;Paris 11e Arrondissement;;;654567.69;6861684.38;2.380839;48.853596;parcelle;;;PARIS;RUE DE CHARONNE;commune;commune;vrai;
75111_1888_00081;75111_1888;81;;Rue de Charonne;75011;75111;Paris 11e Arrondissement;;;654639.98;6861723.51;2.38182;48.853953;parcelle;;;PARIS;RUE DE CHARONNE;commune;commune;vrai;
75111_1888_00082;75111_1888;82;;Rue de Charonne;75011;75111;Paris 11e Arrondissement;;;654581.81;6861688.61;2.381031;48.853635;parcelle;;;PARIS;RUE DE CHARONNE;commune;commune;vrai;
75111_1888_00084;75111_1888;84;;Rue de Charonne;75011;75111;Paris 11e Arrondissement;;;654593.81;6861693.18;2.381194;48.853677;parcelle;;;PARIS;RUE DE CHARONNE;commune;commune;vrai;
75111_1888_00085;75111_1888;85;;Rue de Charonne;75011;75111;Paris 11e Arrondissement;;;654658.37;6861729.49;2.38207;48.854008;parcelle;;;PARIS;RUE DE CHARONNE;commune;commune;vrai;
75111_1888_00086;75111_1888;86;;Rue de Charonne;75011;75111;Paris 11e Arrondissement;;;654612.26;6861697.82;2.381445;48.85372;parcelle;;;PARIS;RUE DE CHARONNE;commune;commune;vrai;
75111_1888_00087;75111_1888;87;;Rue de Charonne;75011;75111;Paris 11e Arrondissement;;;654667.27;6861732.42;2.382191;48.854035;parcelle;;;PARIS;RUE DE CHARONNE;commune;commune;vrai;
75111_1888_00089;75111_1888;89;;Rue de Charonne;75011;75111;Paris 11e Arrondissement;;;654677.5;6861735.79;2.38233;48.854066;parcelle;;;PARIS;RUE DE CHARONNE;commune;commune;vrai;
75111_1888_00090;75111_1888;90;;Rue de Charonne;75011;75111;Paris 11e Arrondissement;;;654639.24;6861703.5;2.381812;48.853773;parcelle;;;PARIS;RUE DE CHARONNE;commune;commune;vrai;
75111_1888_00091;75111_1888;91;;Rue de Charonne;75011;75111;Paris 11e Arrondissement;;;654688.17;6861739.82;2.382475;48.854103;parcelle;;;PARIS;RUE DE CHARONNE;commune;commune;vrai;
75111_1888_00092;75111_1888;92;;Rue de Charonne;75011;75111;Paris 11e Arrondissement;;;654651.4;6861710.64;2.381977;48.853838;parcelle;;;PARIS;RUE DE CHARONNE;commune;commune;vrai;
75111_1888_00093;75111_1888;93;;Rue de Charonne;75011;75111;Paris 11e Arrondissement;;;654710.32;6861747.43;2.382776;48.854173;parcelle;;;PARIS;RUE DE CHARONNE;commune;commune;vrai;
75111_1888_00094;75111_1888;94;;Rue de Charonne;75011;75111;Paris 11e Arrondissement;;;654707.32;6861729.77;2.382737;48.854014;parcelle;;;PARIS;RUE DE CHARONNE;commune;commune;vrai;
75111_1888_00095;75111_1888;95;;Rue de Charonne;75011;75111;Paris 11e Arrondissement;;;654718.99;6861749.47;2.382894;48.854192;parcelle;;;PARIS;RUE DE CHARONNE;commune;commune;vrai;
75111_1888_00096;75111_1888;96;;Rue de Charonne;75011;75111;Paris 11e Arrondissement;;;654739.32;6861740.86;2.383172;48.854116;parcelle;;;PARIS;RUE DE CHARONNE;commune;commune;vrai;
75111_1888_00097;75111_1888;97;;Rue de Charonne;75011;75111;Paris 11e Arrondissement;;;654752.4;6861762.11;2.383348;48.854308;parcelle;;;PARIS;RUE DE CHARONNE;commune;commune;vrai;
75111_1888_00098;75111_1888;98;;Rue de Charonne;75011;75111;Paris 11e Arrondissement;;;654766.55;6861750.21;2.383542;48.854202;parcelle;;;PARIS;RUE DE CHARONNE;commune;commune;vrai;
75111_1888_00099;75111_1888;99;;Rue de Charonne;75011;75111;Paris 11e Arrondissement;;;654782.38;6861775.89;2.383755;48.854434;parcelle;;;PARIS;RUE DE CHARONNE;commune;commune;vrai;
75111_1888_00100;75111_1888;100;;Rue de Charonne;75011;75111;Paris 11e Arrondissement;;;654798.34;6861762.2;2.383974;48.854312;parcelle;;;PARIS;RUE DE CHARONNE;commune;commune;vrai;
75111_1888_00101;75111_1888;101;;Rue de Charonne;75011;75111;Paris 11e Arrondissement;;;654819.58;6861785.49;2.384261;48.854523;parcelle;;;PARIS;RUE DE CHARONNE;commune;commune;vrai;
75111_1888_00102;75111_1888;102;;Rue de Charonne;75011;75111;Paris 11e Arrondissement;;;654834.24;6861773.59;2.384462;48.854417;parcelle;;;PARIS;RUE DE CHARONNE;commune;commune;vrai;
75111_1888_00103;75111_1888;103;;Rue de Charonne;75011;75111;Paris 11e Arrondissement;;;654840.7;6861792.78;2.384548;48.85459;parcelle;;;PARIS;RUE DE CHARONNE;commune;commune;vrai;
75111_1888_00104;75111_1888;104;;Rue de Charonne;75011;75111;Paris 11e Arrondissement;;;654866.4;6861785.24;2.384899;48.854524;parcelle;;;PARIS;RUE DE CHARONNE;commune;commune;vrai;
75111_1888_00106;75111_1888;106;;Rue de Charonne;75011;75111;Paris 11e Arrondissement;;;654879.13;6861789.81;2.385072;48.854566;parcelle;;;PARIS;RUE DE CHARONNE;commune;commune;vrai;
75111_1888_00107;75111_1888;107;;Rue de Charonne;75011;75111;Paris 11e Arrondissement;;;654851.65;6861794.92;2.384697;48.85461;parcelle;;;PARIS;RUE DE CHARONNE;commune;commune;vrai;
75111_1888_00109;75111_1888;109;;Rue de Charonne;75011;75111;Paris 11e Arrondissement;;;654859.37;6861797.53;2.384802;48.854634;parcelle;;;PARIS;RUE DE CHARONNE;commune;commune;vrai;
75111_1888_00111;75111_1888;111;;Rue de Charonne;75011;75111;Paris 11e Arrondissement;;;654866.6;6861801.7;2.3849;48.854672;parcelle;;;PARIS;RUE DE CHARONNE;commune;commune;vrai;
75111_1888_00075_b;75111_1888;75;b;Rue de Charonne;75011;75111;Paris 11e Arrondissement;;;654582.97;6861705.83;2.381045;48.85379;parcelle;;;PARIS;RUE DE CHARONNE;commune;commune;vrai;
75111_1888_00095_t;75111_1888;95;t;Rue de Charonne;75011;75111;Paris 11e Arrondissement;;;654730.25;6861753.28;2.383047;48.854227;parcelle;;;PARIS;RUE DE CHARONNE;commune;commune;vrai;
75111_1888_00051_z;75111_1888;51;z;Rue de Charonne;75011;75111;Paris 11e Arrondissement;;;654395.41;6861659.16;2.378494;48.853357;parcelle;;;PARIS;RUE DE CHARONNE;commune;commune;vrai;
75111_1888_00069_b;75111_1888;69;b;Rue de Charonne;75011;75111;Paris 11e Arrondissement;;;654541.12;6861692.93;2.380476;48.853671;parcelle;;;PARIS;RUE DE CHARONNE;commune;commune;vrai;
75111_1888_00075_t;75111_1888;75;t;Rue de Charonne;75011;75111;Paris 11e Arrondissement;;;654596.51;6861710.07;2.381229;48.853829;parcelle;;;PARIS;RUE DE CHARONNE;commune;commune;vrai;
75111_1888_00095_b;75111_1888;95;b;Rue de Charonne;75011;75111;Paris 11e Arrondissement;;;654724.44;6861751.32;2.382968;48.854209;parcelle;;;PARIS;RUE DE CHARONNE;commune;commune;vrai;
75111_1888_00098_b;75111_1888;98;b;Rue de Charonne;75011;75111;Paris 11e Arrondissement;;;654776.04;6861753.47;2.383671;48.854232;parcelle;;;PARIS;RUE DE CHARONNE;commune;commune;vrai;
75111_1888_00098_t;75111_1888;98;t;Rue de Charonne;75011;75111;Paris 11e Arrondissement;;;654783.76;6861756.19;2.383776;48.854257;parcelle;;;PARIS;RUE DE CHARONNE;commune;commune;vrai;
75111_5467_00089;75111_5467;89;;Avenue Ledru-Rollin;75011;75111;Paris 11e Arrondissement;;;654218.52;6861458.73;2.376105;48.851542;parcelle;;;PARIS;AVENUE LEDRU ROLLIN;commune;commune;vrai;
75111_5467_00090;75111_5467;90;;Avenue Ledru-Rollin;75011;75111;Paris 11e Arrondissement;;;654240.53;6861449.1;2.376406;48.851457;parcelle;;;PARIS;AVENUE LEDRU ROLLIN;commune;commune;vrai;
75111_5467_00091;75111_5467;91;;Avenue Ledru-Rollin;75011;75111;Paris 11e Arrondissement;;;654224.81;6861474.8;2.376189;48.851687;parcelle;;;PARIS;AVENUE LEDRU ROLLIN;commune;commune;vrai;
75111_5467_00092;75111_5467;92;;Avenue Ledru-Rollin;75011;75111;Paris 11e Arrondissement;;;654245.78;6861462.63;2.376476;48.851579;parcelle;;;PARIS;AVENUE LEDRU ROLLIN;commune;commune;vrai;
75111_5467_00093;75111_5467;93;;Avenue Ledru-Rollin;75011;75111;Paris 11e Arrondissement;;;654230.73;6861489.99;2.376268;48.851824;parcelle;;;PARIS;AVENUE LEDRU ROLLIN;commune;commune;vrai;
75111_5467_00094;75111_5467;94;;Avenue Ledru-Rollin;75011;75111;Paris 11e Arrondissement;;;654249.9;6861473.05;2.376531;48.851673;parcelle;;;PARIS;AVENUE LEDRU ROLLIN;commune;commune;vrai;
75111_5467_00095;75111_5467;95;;Avenue Ledru-Rollin;75011;75111;Paris 11e Arrondissement;;;654237.32;6861506.73;2.376356;48.851975;parcelle;;;PARIS;AVENUE LEDRU ROLLIN;commune;commune;vrai;
75111_5467_00096;75111_5467;96;;Avenue Ledru-Rollin;75011;75111;Paris 11e Arrondissement;;;654254.91;6861486.02;2.376598;48.85179;parcelle;;;PARIS;AVENUE LEDRU ROLLIN;commune;commune;vrai;
75111_5467_00097;75111_5467;97;;Avenue Ledru-Rollin;75011;75111;Paris 11e Arrondissement;;;654243.84;6861523.36;2.376443;48.852125;parcelle;;;PARIS;AVENUE LEDRU ROLLIN;commune;commune;vrai;
75111_5467_00098;75111_5467;98;;Avenue Ledru-Rollin;75011;75111;Paris 11e Arrondissement;;;654260.31;6861499.65;2.37667;48.851913;parcelle;;;PARIS;AVENUE LEDRU ROLLIN;commune;commune;vrai;
75111_5467_00099;75111_5467;99;;Avenue Ledru-Rollin;75011;75111;Paris 11e Arrondissement;;;654250.35;6861540.1;2.37653;48.852276;parcelle;;;PARIS;AVENUE LEDRU ROLLIN;commune;commune;vrai;
75111_5467_00100;75111_5467;100;;Avenue Ledru-Rollin;75011;75111;Paris 11e Arrondissement;;;654265.77;6861513.62;2.376743;48.852039;parcelle;;;PARIS;AVENUE LEDRU ROLLIN;commune;commune;vrai;
75111_5467_00101;75111_5467;101;;Avenue Ledru-Rollin;75011;75111;Paris 11e Arrondissement;;;654255.14;6861552.29;2.376594;48.852386;parcelle;;;PARIS;AVENUE LEDRU ROLLIN;commune;commune;vrai;
75111_5467_00102;75111_5467;102;;Avenue Ledru-Rollin;75011;75111;Paris 11e Arrondissement;;;654272.51;6861530.92;2.376833;48.852195;parcelle;;;PARIS;AVENUE LEDRU ROLLIN;commune;commune;vrai;
75111_5467_00103;75111_5467;103;;Avenue Ledru-Rollin;75011;75111;Paris 11e Arrondissement;;;654259.71;6861563.82;2.376655;48.85249;parcelle;;;PARIS;AVENUE LEDRU ROLLIN;commune;commune;vrai;
75111_5467_00104;75111_5467;104;;Avenue Ledru-Rollin;75011;75111;Paris 11e Arrondissement;;;654278.58;6861546.32;2.376914;48.852334;parcelle;;;PARIS;AVENUE LEDRU ROLLIN;commune;commune;vrai;
75111_5467_00107;75111_5467;107;;Avenue Ledru-Rollin;75011;75111;Paris 11e Arrondissement;;;654268.7;6861586.88;2.376775;48.852698;parcelle;;;PARIS;AVENUE LEDRU ROLLIN;commune;commune;vrai;
75111_5467_00108;75111_5467;108;;Avenue Ledru-Rollin;75011;75111;Paris 11e Arrondissement;;;654288.24;6861570.93;2.377043;48.852556;parcelle;;;PARIS;AVENUE LEDRU ROLLIN;commune;commune;vrai;
75111_5467_00109;75111_5467;109;;Avenue Ledru-Rollin;75011;75111;Paris 11e Arrondissement;;;654274.47;6861601.62;2.376852;48.852831;parcelle;;;PARIS;AVENUE LEDRU ROLLIN;commune;commune;vrai;
75111_5467_00110;75111_5467;110;;Avenue Ledru-Rollin;75011;75111;Paris 11e Arrondissement;;;654294.38;6861586.68;2.377125;48.852698;parcelle;;;PARIS;AVENUE LEDRU ROLLIN;commune;commune;vrai;
75111_5467_00111;75111_5467;111;;Avenue Ledru-Rollin;75011;75111;Paris 11e Arrondissement;;;654280.53;6861617.03;2.376933;48.85297;parcelle;;;PARIS;AVENUE LEDRU ROLLIN;commune;commune;vrai;
75111_5467_00112;75111_5467;112;;Avenue Ledru-Rollin;75011;75111;Paris 11e Arrondissement;;;654299.1;6861598.65;2.377188;48.852806;parcelle;;;PARIS;AVENUE LEDRU ROLLIN;commune;commune;vrai;
75111_5467_00113;75111_5467;113;;Avenue Ledru-Rollin;75011;75111;Paris 11e Arrondissement;;;654286.3;6861631.77;2.37701;48.853103;parcelle;;;PARIS;AVENUE LEDRU ROLLIN;commune;commune;vrai;
75111_5467_00114;75111_5467;114;;Avenue Ledru-Rollin;75011;75111;Paris 11e Arrondissement;;;654303.44;6861609.96;2.377246;48.852908;parcelle;;;PARIS;AVENUE LEDRU ROLLIN;commune;commune;vrai;
75111_5467_00115;75111_5467;115;;Avenue Ledru-Rollin;75011;75111;Paris 11e Arrondissement;;;654301.13;6861669.8;2.377208;48.853446;parcelle;;;PARIS;AVENUE LEDRU ROLLIN;commune;commune;vrai;
75111_5467_00116;75111_5467;116;;Avenue Ledru-Rollin;75011;75111;Paris 11e Arrondissement;;;654308.99;6861624.03;2.37732;48.853035;parcelle;;;PARIS;AVENUE LEDRU ROLLIN;commune;commune;vrai;
75111_5467_00117;75111_5467;117;;Avenue Ledru-Rollin;75011;75111;Paris 11e Arrondissement;;;654306.67;6861683.99;2.377282;48.853574;parcelle;;;PARIS;AVENUE LEDRU ROLLIN;commune;commune;vrai;
75111_5467_00118;75111_5467;118;;Avenue Ledru-Rollin;75011;75111;Paris 11e Arrondissement;;;654328.98;6861675.36;2.377587;48.853498;parcelle;;;PARIS;AVENUE LEDRU ROLLIN;commune;commune;vrai;
75111_5467_00119;75111_5467;119;;Avenue Ledru-Rollin;75011;75111;Paris 11e Arrondissement;;;654314.46;6861703.94;2.377386;48.853754;parcelle;;;PARIS;AVENUE LEDRU ROLLIN;commune;commune;vrai;
75111_5467_00120;75111_5467;120;;Avenue Ledru-Rollin;75011;75111;Paris 11e Arrondissement;;;654334.23;6861688.78;2.377657;48.853619;parcelle;;;PARIS;AVENUE LEDRU ROLLIN;commune;commune;vrai;
75111_5467_00121;75111_5467;121;;Avenue Ledru-Rollin;75011;75111;Paris 11e Arrondissement;;;654322.55;6861724.67;2.377494;48.853941;parcelle;;;PARIS;AVENUE LEDRU ROLLIN;commune;commune;vrai;
75111_5467_00122;75111_5467;122;;Avenue Ledru-Rollin;75011;75111;Paris 11e Arrondissement;;;654339.84;6861703.19;2.377732;48.853749;parcelle;;;PARIS;AVENUE LEDRU ROLLIN;commune;commune;vrai;
75111_5467_00123;75111_5467;123;;Avenue Ledru-Rollin;75011;75111;Paris 11e Arrondissement;;;654327.94;6861738.31;2.377566;48.854064;parcelle;;;PARIS;AVENUE LEDRU ROLLIN;commune;commune;vrai;
75111_5467_00124;75111_5467;124;;Avenue Ledru-Rollin;75011;75111;Paris 11e Arrondissement;;;654345.08;6861716.49;2.377802;48.853869;parcelle;;;PARIS;AVENUE LEDRU ROLLIN;commune;commune;vrai;
75111_5467_00125;75111_5467;125;;Avenue Ledru-Rollin;75011;75111;Paris 11e Arrondissement;;;654334.9;6861756.27;2.377659;48.854226;parcelle;;;PARIS;AVENUE LEDRU ROLLIN;commune;commune;vrai;
75111_5467_00126;75111_5467;126;;Avenue Ledru-Rollin;75011;75111;Paris 11e Arrondissement;;;654351.52;6861732.9;2.377888;48.854017;parcelle;;;PARIS;AVENUE LEDRU ROLLIN;commune;commune;vrai;
75111_5467_00127;75111_5467;127;;Avenue Ledru-Rollin;75011;75111;Paris 11e Arrondissement;;;654339.55;6861768.13;2.377721;48.854333;parcelle;;;PARIS;AVENUE LEDRU ROLLIN;commune;commune;vrai;
75111_5467_00128;75111_5467;128;;Avenue Ledru-Rollin;75011;75111;Paris 11e Arrondissement;;;654356.92;6861746.75;2.37796;48.854142;parcelle;;;PARIS;AVENUE LEDRU ROLLIN;commune;commune;vrai;
75111_5467_00129;75111_5467;129;;Avenue Ledru-Rollin;75011;75111;Paris 11e Arrondissement;;;654345.84;6861784.2;2.377805;48.854478;parcelle;;;PARIS;AVENUE LEDRU ROLLIN;commune;commune;vrai;
75111_5467_00130;75111_5467;130;;Avenue Ledru-Rollin;75011;75111;Paris 11e Arrondissement;;;654362.23;6861760.39;2.378031;48.854265;parcelle;;;PARIS;AVENUE LEDRU ROLLIN;commune;commune;vrai;
75111_5467_00131;75111_5467;131;;Avenue Ledru-Rollin;75011;75111;Paris 11e Arrondissement;;;654350.86;6861797.06;2.377872;48.854594;parcelle;;;PARIS;AVENUE LEDRU ROLLIN;commune;commune;vrai;
75111_5467_00138;75111_5467;138;;Avenue Ledru-Rollin;75011;75111;Paris 11e Arrondissement;;;654374.44;6861791.32;2.378194;48.854544;parcelle;;;PARIS;AVENUE LEDRU ROLLIN;commune;commune;vrai;
75111_5467_00140;75111_5467;140;;Avenue Ledru-Rollin;75011;75111;Paris 11e Arrondissement;;;654382;6861810.72;2.378295;48.854719;parcelle;;;PARIS;AVENUE LEDRU ROLLIN;commune;commune;vrai;
75111_5467_00142;75111_5467;142;;Avenue Ledru-Rollin;75011;75111;Paris 11e Arrondissement;;;654389.57;6861830.12;2.378396;48.854894;parcelle;;;PARIS;AVENUE LEDRU ROLLIN;commune;commune;vrai;
75111_5467_00144;75111_5467;144;;Avenue Ledru-Rollin;75011;75111;Paris 11e Arrondissement;;;654396.83;6861848.63;2.378493;48.855061;parcelle;;;PARIS;AVENUE LEDRU ROLLIN;commune;commune;vrai;
75111_5467_00146;75111_5467;146;;Avenue Ledru-Rollin;75011;75111;Paris 11e Arrondissement;;;654399.68;6861855.95;2.378531;48.855127;parcelle;;;PARIS;AVENUE LEDRU ROLLIN;commune;commune;vrai;
75111_5467_00148;75111_5467;148;;Avenue Ledru-Rollin;75011;75111;Paris 11e Arrondissement;;;654402.82;6861864.04;2.378573;48.8552;parcelle;;;PARIS;AVENUE LEDRU ROLLIN;commune;commune;vrai;
75111_5467_00149;75111_5467;149;;Avenue Ledru-Rollin;75011;75111;Paris 11e Arrondissement;;;654365.76;6861835.31;2.378071;48.854939;parcelle;;;PARIS;AVENUE LEDRU ROLLIN;commune;commune;vrai;
75111_5467_00150;75111_5467;150;;Avenue Ledru-Rollin;75011;75111;Paris 11e Arrondissement;;;654406.64;6861873.68;2.378624;48.855287;parcelle;;;PARIS;AVENUE LEDRU ROLLIN;commune;commune;vrai;
75111_5467_00151;75111_5467;151;;Avenue Ledru-Rollin;75011;75111;Paris 11e Arrondissement;;;654370.47;6861847.06;2.378134;48.855045;parcelle;;;PARIS;AVENUE LEDRU ROLLIN;commune;commune;vrai;
75111_5467_00152;75111_5467;152;;Avenue Ledru-Rollin;75011;75111;Paris 11e Arrondissement;;;654411.58;6861886.32;2.37869;48.855401;parcelle;;;PARIS;AVENUE LEDRU ROLLIN;commune;commune;vrai;
75111_5467_00153;75111_5467;153;;Avenue Ledru-Rollin;75011;75111;Paris 11e Arrondissement;;;654377.44;6861864.8;2.378227;48.855205;parcelle;;;PARIS;AVENUE LEDRU ROLLIN;commune;commune;vrai;
75111_5467_00154;75111_5467;154;;Avenue Ledru-Rollin;75011;75111;Paris 11e Arrondissement;;;654427.01;6861925.68;2.378896;48.855756;parcelle;;;PARIS;AVENUE LEDRU ROLLIN;commune;commune;vrai;
75111_5467_00155;75111_5467;155;;Avenue Ledru-Rollin;75011;75111;Paris 11e Arrondissement;;;654382.31;6861877.32;2.378292;48.855318;parcelle;;;PARIS;AVENUE LEDRU ROLLIN;commune;commune;vrai;
75111_5467_00156;75111_5467;156;;Avenue Ledru-Rollin;75011;75111;Paris 11e Arrondissement;;;654433.52;6861942.42;2.378983;48.855907;parcelle;;;PARIS;AVENUE LEDRU ROLLIN;commune;commune;vrai;
75111_5467_00157;75111_5467;157;;Avenue Ledru-Rollin;75011;75111;Paris 11e Arrondissement;;;654385.82;6861886.08;2.378339;48.855397;parcelle;;;PARIS;AVENUE LEDRU ROLLIN;commune;commune;vrai;
75111_5467_00158;75111_5467;158;;Avenue Ledru-Rollin;75011;75111;Paris 11e Arrondissement;;;654437.42;6861952.28;2.379035;48.855996;parcelle;;;PARIS;AVENUE LEDRU ROLLIN;commune;commune;vrai;
75111_5467_00159;75111_5467;159;;Avenue Ledru-Rollin;75011;75111;Paris 11e Arrondissement;;;654390.47;6861897.94;2.378401;48.855504;parcelle;;;PARIS;AVENUE LEDRU ROLLIN;commune;commune;vrai;
75111_5467_00160;75111_5467;160;;Avenue Ledru-Rollin;75011;75111;Paris 11e Arrondissement;;;654444.45;6861970.02;2.379129;48.856156;parcelle;;;PARIS;AVENUE LEDRU ROLLIN;commune;commune;vrai;
75111_5467_00161;75111_5467;161;;Avenue Ledru-Rollin;75011;75111;Paris 11e Arrondissement;;;654399.45;6861920.78;2.378521;48.85571;parcelle;;;PARIS;AVENUE LEDRU ROLLIN;commune;commune;vrai;
75111_5467_00162;75111_5467;162;;Avenue Ledru-Rollin;75011;75111;Paris 11e Arrondissement;;;654450.14;6861984.54;2.379205;48.856287;parcelle;;;PARIS;AVENUE LEDRU ROLLIN;commune;commune;vrai;
75111_5467_00163;75111_5467;163;;Avenue Ledru-Rollin;75011;75111;Paris 11e Arrondissement;;;654414.13;6861958.58;2.378717;48.856051;parcelle;;;PARIS;AVENUE LEDRU ROLLIN;commune;commune;vrai;
75111_5467_00164;75111_5467;164;;Avenue Ledru-Rollin;75011;75111;Paris 11e Arrondissement;;;654464.37;6862020.9;2.379395;48.856615;parcelle;;;PARIS;AVENUE LEDRU ROLLIN;commune;commune;vrai;
75111_5467_00165;75111_5467;165;;Avenue Ledru-Rollin;75011;75111;Paris 11e Arrondissement;;;654418.17;6861968.89;2.378771;48.856144;parcelle;;;PARIS;AVENUE LEDRU ROLLIN;commune;commune;vrai;
75111_5467_00166;75111_5467;166;;Avenue Ledru-Rollin;75011;75111;Paris 11e Arrondissement;;;654469.39;6862033.76;2.379462;48.856731;parcelle;;;PARIS;AVENUE LEDRU ROLLIN;commune;commune;vrai;
75111_5467_00167;75111_5467;167;;Avenue Ledru-Rollin;75011;75111;Paris 11e Arrondissement;;;654420.5;6861974.77;2.378802;48.856197;parcelle;;;PARIS;AVENUE LEDRU ROLLIN;commune;commune;vrai;
75111_5467_00168;75111_5467;168;;Avenue Ledru-Rollin;75011;75111;Paris 11e Arrondissement;;;654475.83;6862050.17;2.379548;48.856879;parcelle;;;PARIS;AVENUE LEDRU ROLLIN;commune;commune;vrai;
75111_5467_00169;75111_5467;169;;Avenue Ledru-Rollin;75011;75111;Paris 11e Arrondissement;;;654424.61;6861985.41;2.378857;48.856293;parcelle;;;PARIS;AVENUE LEDRU ROLLIN;commune;commune;vrai;
75111_5467_00170;75111_5467;170;;Avenue Ledru-Rollin;75011;75111;Paris 11e Arrondissement;;;654480.99;6862063.47;2.379617;48.856999;parcelle;;;PARIS;AVENUE LEDRU ROLLIN;commune;commune;vrai;
75111_5467_00171;75111_5467;171;;Avenue Ledru-Rollin;75011;75111;Paris 11e Arrondissement;;;654430.6;6862000.59;2.378937;48.85643;parcelle;;;PARIS;AVENUE LEDRU ROLLIN;commune;commune;vrai;
75111_5467_00172;75111_5467;172;;Avenue Ledru-Rollin;75011;75111;Paris 11e Arrondissement;;;654484.96;6862073.67;2.37967;48.857091;parcelle;;;PARIS;AVENUE LEDRU ROLLIN;commune;commune;vrai;
75111_5467_00175;75111_5467;175;;Avenue Ledru-Rollin;75011;75111;Paris 11e Arrondissement;;;654435.62;6862013.45;2.379004;48.856546;parcelle;;;PARIS;AVENUE LEDRU ROLLIN;commune;commune;vrai;
75111_5467_00177;75111_5467;177;;Avenue Ledru-Rollin;75011;75111;Paris 11e Arrondissement;;;654439.29;6862022.77;2.379053;48.85663;parcelle;;;PARIS;AVENUE LEDRU ROLLIN;commune;commune;vrai;
75111_5467_00100_b;75111_5467;100;b;Avenue Ledru-Rollin;75011;75111;Paris 11e Arrondissement;;;654268.47;6861520.5;2.376779;48.852101;parcelle;;;PARIS;AVENUE LEDRU ROLLIN;commune;commune;vrai;
75111_0272_00001;75111_0272;1;;Rue Amelot;75011;75111;Paris 11e Arrondissement;;;653730.04;6861829.56;2.369408;48.854842;parcelle;;;PARIS;RUE AMELOT;commune;commune;vrai;
75111_0272_00002;75111_0272;2;;Rue Amelot;75011;75111;Paris 11e Arrondissement;;;653736.25;6861872.21;2.369488;48.855226;parcelle;;;PARIS;RUE AMELOT;commune;commune;vrai;
75111_0272_00003;75111_0272;3;;Rue Amelot;75011;75111;Paris 11e Arrondissement;;;653727.3;6861845.04;2.369369;48.854981;parcelle;;;PARIS;RUE AMELOT;commune;commune;vrai;
75111_0272_00004;75111_0272;4;;Rue Amelot;75011;75111;Paris 11e Arrondissement;;;653732.11;6861895.82;2.369429;48.855438;parcelle;;;PARIS;RUE AMELOT;commune;commune;vrai;
75111_0272_00005;75111_0272;5;;Rue Amelot;75011;75111;Paris 11e Arrondissement;;;653724.84;6861858.85;2.369334;48.855105;parcelle;;;PARIS;RUE AMELOT;commune;commune;vrai;
75111_0272_00006;75111_0272;6;;Rue Amelot;75011;75111;Paris 11e Arrondissement;;;653731.05;6861901.61;2.369414;48.85549;parcelle;;;PARIS;RUE AMELOT;commune;commune;vrai;
75111_0272_00007;75111_0272;7;;Rue Amelot;75011;75111;Paris 11e Arrondissement;;;653723.44;6861866.98;2.369314;48.855178;parcelle;;;PARIS;RUE AMELOT;commune;commune;vrai;
75111_0272_00008;75111_0272;8;;Rue Amelot;75011;75111;Paris 11e Arrondissement;;;653728.1;6861918.43;2.369372;48.855641;parcelle;;;PARIS;RUE AMELOT;commune;commune;vrai;
75111_0272_00009;75111_0272;9;;Rue Amelot;75011;75111;Paris 11e Arrondissement;;;653721.96;6861875.22;2.369293;48.855252;parcelle;;;PARIS;RUE AMELOT;commune;commune;vrai;
75111_0272_00011;75111_0272;11;;Rue Amelot;75011;75111;Paris 11e Arrondissement;;;653720.49;6861883.35;2.369272;48.855325;parcelle;;;PARIS;RUE AMELOT;commune;commune;vrai;
75111_0272_00013;75111_0272;13;;Rue Amelot;75011;75111;Paris 11e Arrondissement;;;653718.38;6861895.26;2.369242;48.855432;parcelle;;;PARIS;RUE AMELOT;commune;commune;vrai;
75111_0272_00015;75111_0272;15;;Rue Amelot;75011;75111;Paris 11e Arrondissement;;;653715.43;6861911.97;2.3692;48.855582;parcelle;;;PARIS;RUE AMELOT;commune;commune;vrai;
75111_0272_00017;75111_0272;17;;Rue Amelot;75011;75111;Paris 11e Arrondissement;;;653714.45;6861917.54;2.369186;48.855632;parcelle;;;PARIS;RUE AMELOT;commune;commune;vrai;
75111_3514_00001;75111_3514;1;;Rue du Faubourg Saint-Antoine;75011;75111;Paris 11e Arrondissement;;;653810.97;6861654.89;2.37053;48.853277;parcelle;;;PARIS;RUE DU FAUBOURG SAINT ANTOINE;commune;commune;vrai;
75111_3514_00003;75111_3514;3;;Rue du Faubourg Saint-Antoine;75011;75111;Paris 11e Arrondissement;;;653817.82;6861648.28;2.370624;48.853218;parcelle;;;PARIS;RUE DU FAUBOURG SAINT ANTOINE;commune;commune;vrai;
75111_3514_00005;75111_3514;5;;Rue du Faubourg Saint-Antoine;75011;75111;Paris 11e Arrondissement;;;653825.1;6861641.21;2.370724;48.853155;parcelle;;;PARIS;RUE DU FAUBOURG SAINT ANTOINE;commune;commune;vrai;
75111_3514_00007;75111_3514;7;;Rue du Faubourg Saint-Antoine;75011;75111;Paris 11e Arrondissement;;;653830.93;6861635.5;2.370804;48.853104;parcelle;;;PARIS;RUE DU FAUBOURG SAINT ANTOINE;commune;commune;vrai;
75111_3514_00009;75111_3514;9;;Rue du Faubourg Saint-Antoine;75011;75111;Paris 11e Arrondissement;;;653836.61;6861630;2.370882;48.853055;parcelle;;;PARIS;RUE DU FAUBOURG SAINT ANTOINE;commune;commune;vrai;
75111_3514_00011;75111_3514;11;;Rue du Faubourg Saint-Antoine;75011;75111;Paris 11e Arrondissement;;;653840.9;6861625.85;2.370941;48.853018;parcelle;;;PARIS;RUE DU FAUBOURG SAINT ANTOINE;commune;commune;vrai;
75111_3514_00013;75111_3514;13;;Rue du Faubourg Saint-Antoine;75011;75111;Paris 11e Arrondissement;;;653844.91;6861621.93;2.370996;48.852983;parcelle;;;PARIS;RUE DU FAUBOURG SAINT ANTOINE;commune;commune;vrai;
75111_3514_00015;75111_3514;15;;Rue du Faubourg Saint-Antoine;75011;75111;Paris 11e Arrondissement;;;653849.28;6861618;2.371056;48.852948;parcelle;;;PARIS;RUE DU FAUBOURG SAINT ANTOINE;commune;commune;vrai;
75111_3514_00017;75111_3514;17;;Rue du Faubourg Saint-Antoine;75011;75111;Paris 11e Arrondissement;;;653854.75;6861613.51;2.371131;48.852908;parcelle;;;PARIS;RUE DU FAUBOURG SAINT ANTOINE;commune;commune;vrai;
75111_3514_00019;75111_3514;19;;Rue du Faubourg Saint-Antoine;75011;75111;Paris 11e Arrondissement;;;653860.72;6861608.57;2.371213;48.852864;parcelle;;;PARIS;RUE DU FAUBOURG SAINT ANTOINE;commune;commune;vrai;
75111_3514_00021;75111_3514;21;;Rue du Faubourg Saint-Antoine;75011;75111;Paris 11e Arrondissement;;;653869.91;6861600.94;2.371339;48.852796;parcelle;;;PARIS;RUE DU FAUBOURG SAINT ANTOINE;commune;commune;vrai;
75111_3514_00023;75111_3514;23;;Rue du Faubourg Saint-Antoine;75011;75111;Paris 11e Arrondissement;;;653873.92;6861597.57;2.371394;48.852766;parcelle;;;PARIS;RUE DU FAUBOURG SAINT ANTOINE;commune;commune;vrai;
75111_3514_00025;75111_3514;25;;Rue du Faubourg Saint-Antoine;75011;75111;Paris 11e Arrondissement;;;653879.82;6861592.74;2.371475;48.852723;parcelle;;;PARIS;RUE DU FAUBOURG SAINT ANTOINE;commune;commune;vrai;
75111_3514_00027;75111_3514;27;;Rue du Faubourg Saint-Antoine;75011;75111;Paris 11e Arrondissement;;;653888.87;6861585.55;2.371599;48.852659;parcelle;;;PARIS;RUE DU FAUBOURG SAINT ANTOINE;commune;commune;vrai;
75111_3514_00029;75111_3514;29;;Rue du Faubourg Saint-Antoine;75011;75111;Paris 11e Arrondissement;;;653894.78;6861581.17;2.37168;48.85262;parcelle;;;PARIS;RUE DU FAUBOURG SAINT ANTOINE;commune;commune;vrai;
75111_3514_00031;75111_3514;31;;Rue du Faubourg Saint-Antoine;75011;75111;Paris 11e Arrondissement;;;653901.63;6861576.33;2.371774;48.852577;parcelle;;;PARIS;RUE DU FAUBOURG SAINT ANTOINE;commune;commune;vrai;
75111_3514_00033;75111_3514;33;;Rue du Faubourg Saint-Antoine;75011;75111;Paris 11e Arrondissement;;;653908.72;6861571.83;2.371871;48.852537;parcelle;;;PARIS;RUE DU FAUBOURG SAINT ANTOINE;commune;commune;vrai;
75111_3514_00035;75111_3514;35;;Rue du Faubourg Saint-Antoine;75011;75111;Paris 11e Arrondissement;;;653915.51;6861568.22;2.371964;48.852505;parcelle;;;PARIS;RUE DU FAUBOURG SAINT ANTOINE;commune;commune;vrai;
75111_3514_00037;75111_3514;37;;Rue du Faubourg Saint-Antoine;75011;75111;Paris 11e Arrondissement;;;653921.14;6861565.28;2.372041;48.852479;parcelle;;;PARIS;RUE DU FAUBOURG SAINT ANTOINE;commune;commune;vrai;
75111_3514_00039;75111_3514;39;;Rue du Faubourg Saint-Antoine;75011;75111;Paris 11e Arrondissement;;;653925.6;6861563.24;2.372102;48.852461;parcelle;;;PARIS;RUE DU FAUBOURG SAINT ANTOINE;commune;commune;vrai;
75111_3514_00041;75111_3514;41;;Rue du Faubourg Saint-Antoine;75011;75111;Paris 11e Arrondissement;;;653933.79;6861559.4;2.372214;48.852427;parcelle;;;PARIS;RUE DU FAUBOURG SAINT ANTOINE;commune;commune;vrai;
75111_3514_00043;75111_3514;43;;Rue du Faubourg Saint-Antoine;75011;75111;Paris 11e Arrondissement;;;653939.49;6861556.79;2.372292;48.852404;parcelle;;;PARIS;RUE DU FAUBOURG SAINT ANTOINE;commune;commune;vrai;
75111_3514_00045;75111_3514;45;;Rue du Faubourg Saint-Antoine;75011;75111;Paris 11e Arrondissement;;;653948.56;6861552.83;2.372416;48.852369;parcelle;;;PARIS;RUE DU FAUBOURG SAINT ANTOINE;commune;commune;vrai;
75111_3514_00047;75111_3514;47;;Rue du Faubourg Saint-Antoine;75011;75111;Paris 11e Arrondissement;;;653964.65;6861545.7;2.372636;48.852306;parcelle;;;PARIS;RUE DU FAUBOURG SAINT ANTOINE;commune;commune;vrai;
75111_3514_00049;75111_3514;49;;Rue du Faubourg Saint-Antoine;75011;75111;Paris 11e Arrondissement;;;653980.44;6861538.57;2.372852;48.852243;parcelle;;;PARIS;RUE DU FAUBOURG SAINT ANTOINE;commune;commune;vrai;
75111_3514_00051;75111_3514;51;;Rue du Faubourg Saint-Antoine;75011;75111;Paris 11e Arrondissement;;;653987.61;6861535.4;2.37295;48.852215;parcelle;;;PARIS;RUE DU FAUBOURG SAINT ANTOINE;commune;commune;vrai;
75111_3514_00053;75111_3514;53;;Rue du Faubourg Saint-Antoine;75011;75111;Paris 11e Arrondissement;;;653995.07;6861532.11;2.373052;48.852186;parcelle;;;PARIS;RUE DU FAUBOURG SAINT ANTOINE;commune;commune;vrai;
75111_3514_00055;75111_3514;55;;Rue du Faubourg Saint-Antoine;75011;75111;Paris 11e Arrondissement;;;654007.2;6861526.68;2.373218;48.852138;parcelle;;;PARIS;RUE DU FAUBOURG SAINT ANTOINE;commune;commune;vrai;
75111_3514_00057;75111_3514;57;;Rue du Faubourg Saint-Antoine;75011;75111;Paris 11e Arrondissement;;;654017.95;6861521.92;2.373365;48.852096;parcelle;;;PARIS;RUE DU FAUBOURG SAINT ANTOINE;commune;commune;vrai;
75111_3514_00059;75111_3514;59;;Rue du Faubourg Saint-Antoine;75011;75111;Paris 11e Arrondissement;;;654027.83;6861517.62;2.3735;48.852058;parcelle;;;PARIS;RUE DU FAUBOURG SAINT ANTOINE;commune;commune;vrai;
75111_3514_00061;75111_3514;61;;Rue du Faubourg Saint-Antoine;75011;75111;Paris 11e Arrondissement;;;654037.33;6861513.54;2.37363;48.852022;parcelle;;;PARIS;RUE DU FAUBOURG SAINT ANTOINE;commune;commune;vrai;
75111_3514_00063;75111_3514;63;;Rue du Faubourg Saint-Antoine;75011;75111;Paris 11e Arrondissement;;;654067.26;6861503.07;2.374039;48.85193;parcelle;;;PARIS;RUE DU FAUBOURG SAINT ANTOINE;commune;commune;vrai;
75111_3514_00065;75111_3514;65;;Rue du Faubourg Saint-Antoine;75011;75111;Paris 11e Arrondissement;;;654072.22;6861499.03;2.374107;48.851894;parcelle;;;PARIS;RUE DU FAUBOURG SAINT ANTOINE;commune;commune;vrai;
75111_3514_00067;75111_3514;67;;Rue du Faubourg Saint-Antoine;75011;75111;Paris 11e Arrondissement;;;654079.46;6861496.19;2.374206;48.851869;parcelle;;;PARIS;RUE DU FAUBOURG SAINT ANTOINE;commune;commune;vrai;
75111_3514_00069;75111_3514;69;;Rue du Faubourg Saint-Antoine;75011;75111;Paris 11e Arrondissement;;;654085.54;6861494.48;2.374289;48.851854;parcelle;;;PARIS;RUE DU FAUBOURG SAINT ANTOINE;commune;commune;vrai;
75111_3514_00071;75111_3514;71;;Rue du Faubourg Saint-Antoine;75011;75111;Paris 11e Arrondissement;;;654093.15;6861491.08;2.374393;48.851824;parcelle;;;PARIS;RUE DU FAUBOURG SAINT ANTOINE;commune;commune;vrai;
75111_3514_00073;75111_3514;73;;Rue du Faubourg Saint-Antoine;75011;75111;Paris 11e Arrondissement;;;654097.02;6861489.49;2.374446;48.85181;parcelle;;;PARIS;RUE DU FAUBOURG SAINT ANTOINE;commune;commune;vrai;
75111_3514_00075;75111_3514;75;;Rue du Faubourg Saint-Antoine;75011;75111;Paris 11e Arrondissement;;;654102.22;6861488.23;2.374517;48.851799;parcelle;;;PARIS;RUE DU FAUBOURG SAINT ANTOINE;commune;commune;vrai;
75111_3514_00077;75111_3514;77;;Rue du Faubourg Saint-Antoine;75011;75111;Paris 11e Arrondissement;;;654108.73;6861485.06;2.374606;48.851771;parcelle;;;PARIS;RUE DU FAUBOURG SAINT ANTOINE;commune;commune;vrai;
75111_3514_00079;75111_3514;79;;Rue du Faubourg Saint-Antoine;75011;75111;Paris 11e Arrondissement;;;654115.98;6861482.89;2.374705;48.851752;parcelle;;;PARIS;RUE DU FAUBOURG SAINT ANTOINE;commune;commune;vrai;
75111_3514_00081;75111_3514;81;;Rue du Faubourg Saint-Antoine;75011;75111;Paris 11e Arrondissement;;;654121.39;6861480.85;2.374779;48.851734;parcelle;;;PARIS;RUE DU FAUBOURG SAINT ANTOINE;commune;commune;vrai;
75111_3514_00083;75111_3514;83;;Rue du Faubourg Saint-Antoine;75011;75111;Paris 11e Arrondissement;;;654128.56;6861478.23;2.374877;48.851711;parcelle;;;PARIS;RUE DU FAUBOURG SAINT ANTOINE;commune;commune;vrai;
75111_3514_00085;75111_3514;85;;Rue du Faubourg Saint-Antoine;75011;75111;Paris 11e Arrondissement;;;654134.92;6861475.18;2.374964;48.851684;parcelle;;;PARIS;RUE DU FAUBOURG SAINT ANTOINE;commune;commune;vrai;
75111_3514_00087;75111_3514;87;;Rue du Faubourg Saint-Antoine;75011;75111;Paris 11e Arrondissement;;;654140.99;6861472.8;2.375047;48.851663;parcelle;;;PARIS;RUE DU FAUBOURG SAINT ANTOINE;commune;commune;vrai;
75111_3514_00089;75111_3514;89;;Rue du Faubourg Saint-Antoine;75011;75111;Paris 11e Arrondissement;;;654148.68;6861469.85;2.375152;48.851637;parcelle;;;PARIS;RUE DU FAUBOURG SAINT ANTOINE;commune;commune;vrai;
75111_3514_00091;75111_3514;91;;Rue du Faubourg Saint-Antoine;75011;75111;Paris 11e Arrondissement;;;654156.65;6861466.89;2.375261;48.851611;parcelle;;;PARIS;RUE DU FAUBOURG SAINT ANTOINE;commune;commune;vrai;
75111_3514_00093;75111_3514;93;;Rue du Faubourg Saint-Antoine;75011;75111;Paris 11e Arrondissement;;;654163.89;6861464.05;2.37536;48.851586;parcelle;;;PARIS;RUE DU FAUBOURG SAINT ANTOINE;commune;commune;vrai;
75111_3514_00095;75111_3514;95;;Rue du Faubourg Saint-Antoine;75011;75111;Paris 11e Arrondissement;;;654172.09;6861460.99;2.375472;48.851559;parcelle;;;PARIS;RUE DU FAUBOURG SAINT ANTOINE;commune;commune;vrai;
75111_3514_00097;75111_3514;97;;Rue du Faubourg Saint-Antoine;75011;75111;Paris 11e Arrondissement;;;654185.99;6861456.21;2.375662;48.851517;parcelle;;;PARIS;RUE DU FAUBOURG SAINT ANTOINE;commune;commune;vrai;
75111_3514_00099;75111_3514;99;;Rue du Faubourg Saint-Antoine;75011;75111;Paris 11e Arrondissement;;;654203.77;6861449.39;2.375905;48.851457;parcelle;;;PARIS;RUE DU FAUBOURG SAINT ANTOINE;commune;commune;vrai;
75111_3514_00109;75111_3514;109;;Rue du Faubourg Saint-Antoine;75011;75111;Paris 11e Arrondissement;;;654241.23;6861435.09;2.376417;48.851331;parcelle;;;PARIS;RUE DU FAUBOURG SAINT ANTOINE;commune;commune;vrai;
75111_3514_00111;75111_3514;111;;Rue du Faubourg Saint-Antoine;75011;75111;Paris 11e Arrondissement;;;654249.86;6861430.91;2.376535;48.851294;parcelle;;;PARIS;RUE DU FAUBOURG SAINT ANTOINE;commune;commune;vrai;
75111_3514_00113;75111_3514;113;;Rue du Faubourg Saint-Antoine;75011;75111;Paris 11e Arrondissement;;;654256.08;6861428.52;2.37662;48.851273;parcelle;;;PARIS;RUE DU FAUBOURG SAINT ANTOINE;commune;commune;vrai;
75111_3514_00115;75111_3514;115;;Rue du Faubourg Saint-Antoine;75011;75111;Paris 11e Arrondissement;;;654268.59;6861423.86;2.376791;48.851232;parcelle;;;PARIS;RUE DU FAUBOURG SAINT ANTOINE;commune;commune;vrai;
75111_3514_00117;75111_3514;117;;Rue du Faubourg Saint-Antoine;75011;75111;Paris 11e Arrondissement;;;654273.34;6861422.05;2.376856;48.851216;parcelle;;;PARIS;RUE DU FAUBOURG SAINT ANTOINE;commune;commune;vrai;
75111_3514_00119;75111_3514;119;;Rue du Faubourg Saint-Antoine;75011;75111;Paris 11e Arrondissement;;;654280.52;6861420.1;2.376954;48.851199;parcelle;;;PARIS;RUE DU FAUBOURG SAINT ANTOINE;commune;commune;vrai;
75111_3514_00121;75111_3514;121;;Rue du Faubourg Saint-Antoine;75011;75111;Paris 11e Arrondissement;;;654287.76;6861416.6;2.377053;48.851168;parcelle;;;PARIS;RUE DU FAUBOURG SAINT ANTOINE;commune;commune;vrai;
75111_3514_00123;75111_3514;123;;Rue du Faubourg Saint-Antoine;75011;75111;Paris 11e Arrondissement;;;654295.95;6861413.53;2.377165;48.851141;parcelle;;;PARIS;RUE DU FAUBOURG SAINT ANTOINE;commune;commune;vrai;
75111_3514_00125;75111_3514;125;;Rue du Faubourg Saint-Antoine;75011;75111;Paris 11e Arrondissement;;;654305.46;6861410.01;2.377295;48.85111;parcelle;;;PARIS;RUE DU FAUBOURG SAINT ANTOINE;commune;commune;vrai;
75111_3514_00127;75111_3514;127;;Rue du Faubourg Saint-Antoine;75011;75111;Paris 11e Arrondissement;;;654314.9;6861406.48;2.377424;48.851079;parcelle;;;PARIS;RUE DU FAUBOURG SAINT ANTOINE;commune;commune;vrai;
75111_3514_00129;75111_3514;129;;Rue du Faubourg Saint-Antoine;75011;75111;Paris 11e Arrondissement;;;654322.73;6861403.53;2.377531;48.851053;parcelle;;;PARIS;RUE DU FAUBOURG SAINT ANTOINE;commune;commune;vrai;
75111_3514_00131;75111_3514;131;;Rue du Faubourg Saint-Antoine;75011;75111;Paris 11e Arrondissement;;;654328.88;6861401.59;2.377615;48.851036;parcelle;;;PARIS;RUE DU FAUBOURG SAINT ANTOINE;commune;commune;vrai;
75111_3514_00133;75111_3514;133;;Rue du Faubourg Saint-Antoine;75011;75111;Paris 11e Arrondissement;;;654338.32;6861398.07;2.377744;48.851005;parcelle;;;PARIS;RUE DU FAUBOURG SAINT ANTOINE;commune;commune;vrai;
75111_3514_00135;75111_3514;135;;Rue du Faubourg Saint-Antoine;75011;75111;Paris 11e Arrondissement;;;654345.78;6861395.23;2.377846;48.85098;parcelle;;;PARIS;RUE DU FAUBOURG SAINT ANTOINE;commune;commune;vrai;
75111_3514_00137;75111_3514;137;;Rue du Faubourg Saint-Antoine;75011;75111;Paris 11e Arrondissement;;;654359.61;6861389.45;2.378035;48.850929;parcelle;;;PARIS;RUE DU FAUBOURG SAINT ANTOINE;commune;commune;vrai;
75111_3514_00139;75111_3514;139;;Rue du Faubourg Saint-Antoine;75011;75111;Paris 11e Arrondissement;;;654371.38;6861384.91;2.378196;48.850889;parcelle;;;PARIS;RUE DU FAUBOURG SAINT ANTOINE;commune;commune;vrai;
75111_3514_00141;75111_3514;141;;Rue du Faubourg Saint-Antoine;75011;75111;Paris 11e Arrondissement;;;654380.6;6861381.5;2.378322;48.850859;parcelle;;;PARIS;RUE DU FAUBOURG SAINT ANTOINE;commune;commune;vrai;
75111_3514_00143;75111_3514;143;;Rue du Faubourg Saint-Antoine;75011;75111;Paris 11e Arrondissement;;;654386.24;6861379.9;2.378399;48.850845;parcelle;;;PARIS;RUE DU FAUBOURG SAINT ANTOINE;commune;commune;vrai;
75111_3514_00147;75111_3514;147;;Rue du Faubourg Saint-Antoine;75011;75111;Paris 11e Arrondissement;;;654407.46;6861371.51;2.378689;48.850771;parcelle;;;PARIS;RUE DU FAUBOURG SAINT ANTOINE;commune;commune;vrai;
75111_3514_00149;75111_3514;149;;Rue du Faubourg Saint-Antoine;75011;75111;Paris 11e Arrondissement;;;654416.38;6861368.32;2.378811;48.850743;parcelle;;;PARIS;RUE DU FAUBOURG SAINT ANTOINE;commune;commune;vrai;
75111_3514_00151;75111_3514;151;;Rue du Faubourg Saint-Antoine;75011;75111;Paris 11e Arrondissement;;;654430.88;6861364.09;2.379009;48.850706;parcelle;;;PARIS;RUE DU FAUBOURG SAINT ANTOINE;commune;commune;vrai;
75111_3514_00153;75111_3514;153;;Rue du Faubourg Saint-Antoine;75011;75111;Paris 11e Arrondissement;;;654445.53;6861360.87;2.379209;48.850678;parcelle;;;PARIS;RUE DU FAUBOURG SAINT ANTOINE;commune;commune;vrai;
75111_3514_00155;75111_3514;155;;Rue du Faubourg Saint-Antoine;75011;75111;Paris 11e Arrondissement;;;654456.08;6861358.45;2.379353;48.850657;parcelle;;;PARIS;RUE DU FAUBOURG SAINT ANTOINE;commune;commune;vrai;
75111_3514_00157;75111_3514;157;;Rue du Faubourg Saint-Antoine;75011;75111;Paris 11e Arrondissement;;;654465.68;6861356.26;2.379484;48.850638;parcelle;;;PARIS;RUE DU FAUBOURG SAINT ANTOINE;commune;commune;vrai;
75111_3514_00159;75111_3514;159;;Rue du Faubourg Saint-Antoine;75011;75111;Paris 11e Arrondissement;;;654472.71;6861354.98;2.37958;48.850627;parcelle;;;PARIS;RUE DU FAUBOURG SAINT ANTOINE;commune;commune;vrai;
75111_3514_00161;75111_3514;161;;Rue du Faubourg Saint-Antoine;75011;75111;Paris 11e Arrondissement;;;654487;6861351.53;2.379775;48.850597;parcelle;;;PARIS;RUE DU FAUBOURG SAINT ANTOINE;commune;commune;vrai;
75111_3514_00163;75111_3514;163;;Rue du Faubourg Saint-Antoine;75011;75111;Paris 11e Arrondissement;;;654498.94;6861348.77;2.379938;48.850573;parcelle;;;PARIS;RUE DU FAUBOURG SAINT ANTOINE;commune;commune;vrai;
75111_3514_00165;75111_3514;165;;Rue du Faubourg Saint-Antoine;75011;75111;Paris 11e Arrondissement;;;654506.7;6861347.49;2.380044;48.850562;parcelle;;;PARIS;RUE DU FAUBOURG SAINT ANTOINE;commune;commune;vrai;
75111_3514_00167;75111_3514;167;;Rue du Faubourg Saint-Antoine;75011;75111;Paris 11e Arrondissement;;;654519.24;6861345.83;2.380215;48.850548;parcelle;;;PARIS;RUE DU FAUBOURG SAINT ANTOINE;commune;commune;vrai;
75111_3514_00169;75111_3514;169;;Rue du Faubourg Saint-Antoine;75011;75111;Paris 11e Arrondissement;;;654530.54;6861345.08;2.380369;48.850542;parcelle;;;PARIS;RUE DU FAUBOURG SAINT ANTOINE;commune;commune;vrai;
75111_3514_00171;75111_3514;171;;Rue du Faubourg Saint-Antoine;75011;75111;Paris 11e Arrondissement;;;654542.79;6861344.76;2.380536;48.85054;parcelle;;;PARIS;RUE DU FAUBOURG SAINT ANTOINE;commune;commune;vrai;
75111_3514_00173;75111_3514;173;;Rue du Faubourg Saint-Antoine;75011;75111;Paris 11e Arrondissement;;;654552.47;6861344.57;2.380668;48.850539;parcelle;;;PARIS;RUE DU FAUBOURG SAINT ANTOINE;commune;commune;vrai;
75111_3514_00175;75111_3514;175;;Rue du Faubourg Saint-Antoine;75011;75111;Paris 11e Arrondissement;;;654563.63;6861344.37;2.38082;48.850538;parcelle;;;PARIS;RUE DU FAUBOURG SAINT ANTOINE;commune;commune;vrai;
75111_3514_00177;75111_3514;177;;Rue du Faubourg Saint-Antoine;75011;75111;Paris 11e Arrondissement;;;654573.46;6861344.18;2.380954;48.850537;parcelle;;;PARIS;RUE DU FAUBOURG SAINT ANTOINE;commune;commune;vrai;
75111_3514_00179;75111_3514;179;;Rue du Faubourg Saint-Antoine;75011;75111;Paris 11e Arrondissement;;;654581.09;6861344.01;2.381058;48.850536;parcelle;;;PARIS;RUE DU FAUBOURG SAINT ANTOINE;commune;commune;vrai;
75111_3514_00181;75111_3514;181;;Rue du Faubourg Saint-Antoine;75011;75111;Paris 11e Arrondissement;;;654589.97;6861343.83;2.381179;48.850535;parcelle;;;PARIS;RUE DU FAUBOURG SAINT ANTOINE;commune;commune;vrai;
75111_3514_00183;75111_3514;183;;Rue du Faubourg Saint-Antoine;75011;75111;Paris 11e Arrondissement;;;654600.53;6861343.64;2.381323;48.850534;parcelle;;;PARIS;RUE DU FAUBOURG SAINT ANTOINE;commune;commune;vrai;
75111_3514_00185;75111_3514;185;;Rue du Faubourg Saint-Antoine;75011;75111;Paris 11e Arrondissement;;;654619.25;6861343.6;2.381578;48.850535;parcelle;;;PARIS;RUE DU FAUBOURG SAINT ANTOINE;commune;commune;vrai;
75111_3514_00187;75111_3514;187;;Rue du Faubourg Saint-Antoine;75011;75111;Paris 11e Arrondissement;;;654625.63;6861343.44;2.381665;48.850534;parcelle;;;PARIS;RUE DU FAUBOURG SAINT ANTOINE;commune;commune;vrai;
75111_3514_00189;75111_3514;189;;Rue du Faubourg Saint-Antoine;75011;75111;Paris 11e Arrondissement;;;654632.31;6861343.39;2.381756;48.850534;parcelle;;;PARIS;RUE DU FAUBOURG SAINT ANTOINE;commune;commune;vrai;
75111_3514_00191;75111_3514;191;;Rue du Faubourg Saint-Antoine;75011;75111;Paris 11e Arrondissement;;;654640.96;6861343.21;2.381874;48.850533;parcelle;;;PARIS;RUE DU FAUBOURG SAINT ANTOINE;commune;commune;vrai;
75111_3514_00193;75111_3514;193;;Rue du Faubourg Saint-Antoine;75011;75111;Paris 11e Arrondissement;;;654650.36;6861343.02;2.382002;48.850532;parcelle;;;PARIS;RUE DU FAUBOURG SAINT ANTOINE;commune;commune;vrai;
75111_3514_00195;75111_3514;195;;Rue du Faubourg Saint-Antoine;75011;75111;Paris 11e Arrondissement;;;654657.47;6861342.86;2.382099;48.850531;parcelle;;;PARIS;RUE DU FAUBOURG SAINT ANTOINE;commune;commune;vrai;
75111_3514_00197;75111_3514;197;;Rue du Faubourg Saint-Antoine;75011;75111;Paris 11e Arrondissement;;;654663.93;6861342.81;2.382187;48.850531;parcelle;;;PARIS;RUE DU FAUBOURG SAINT ANTOINE;commune;commune;vrai;
75111_3514_00199;75111_3514;199;;Rue du Faubourg Saint-Antoine;75011;75111;Paris 11e Arrondissement;;;654671.12;6861342.64;2.382285;48.85053;parcelle;;;PARIS;RUE DU FAUBOURG SAINT ANTOINE;commune;commune;vrai;
75111_3514_00201;75111_3514;201;;Rue du Faubourg Saint-Antoine;75011;75111;Paris 11e Arrondissement;;;654680.95;6861342.56;2.382419;48.85053;parcelle;;;PARIS;RUE DU FAUBOURG SAINT ANTOINE;commune;commune;vrai;
75111_3514_00203;75111_3514;203;;Rue du Faubourg Saint-Antoine;75011;75111;Paris 11e Arrondissement;;;654691.23;6861342.37;2.382559;48.850529;parcelle;;;PARIS;RUE DU FAUBOURG SAINT ANTOINE;commune;commune;vrai;
75111_3514_00205;75111_3514;205;;Rue du Faubourg Saint-Antoine;75011;75111;Paris 11e Arrondissement;;;654702.6;6861342.17;2.382714;48.850528;parcelle;;;PARIS;RUE DU FAUBOURG SAINT ANTOINE;commune;commune;vrai;
75111_3514_00207;75111_3514;207;;Rue du Faubourg Saint-Antoine;75011;75111;Paris 11e Arrondissement;;;654711.4;6861341.99;2.382834;48.850527;parcelle;;;PARIS;RUE DU FAUBOURG SAINT ANTOINE;commune;commune;vrai;
75111_3514_00209;75111_3514;209;;Rue du Faubourg Saint-Antoine;75011;75111;Paris 11e Arrondissement;;;654719.4;6861341.82;2.382943;48.850526;parcelle;;;PARIS;RUE DU FAUBOURG SAINT ANTOINE;commune;commune;vrai;
75111_3514_00211;75111_3514;211;;Rue du Faubourg Saint-Antoine;75011;75111;Paris 11e Arrondissement;;;654728.5;6861341.75;2.383067;48.850526;parcelle;;;PARIS;RUE DU FAUBOURG SAINT ANTOINE;commune;commune;vrai;
75111_3514_00213;75111_3514;213;;Rue du Faubourg Saint-Antoine;75011;75111;Paris 11e Arrondissement;;;654737.16;6861341.57;2.383185;48.850525;parcelle;;;PARIS;RUE DU FAUBOURG SAINT ANTOINE;commune;commune;vrai;
75111_3514_00215;75111_3514;215;;Rue du Faubourg Saint-Antoine;75011;75111;Paris 11e Arrondissement;;;654745.6;6861341.39;2.3833;48.850524;parcelle;;;PARIS;RUE DU FAUBOURG SAINT ANTOINE;commune;commune;vrai;
75111_3514_00217;75111_3514;217;;Rue du Faubourg Saint-Antoine;75011;75111;Paris 11e Arrondissement;;;654752.64;6861341.33;2.383396;48.850524;parcelle;;;PARIS;RUE DU FAUBOURG SAINT ANTOINE;commune;commune;vrai;
75111_3514_00219;75111_3514;219;;Rue du Faubourg Saint-Antoine;75011;75111;Paris 11e Arrondissement;;;654759.17;6861341.17;2.383485;48.850523;parcelle;;;PARIS;RUE DU FAUBOURG SAINT ANTOINE;commune;commune;vrai;
75111_3514_00221;75111_3514;221;;Rue du Faubourg Saint-Antoine;75011;75111;Paris 11e Arrondissement;;;654767.99;6861342.33;2.383605;48.850534;parcelle;;;PARIS;RUE DU FAUBOURG SAINT ANTOINE;commune;commune;vrai;
75111_3514_00223;75111_3514;223;;Rue du Faubourg Saint-Antoine;75011;75111;Paris 11e Arrondissement;;;654780.53;6861342.12;2.383776;48.850533;parcelle;;;PARIS;RUE DU FAUBOURG SAINT ANTOINE;commune;commune;vrai;
75111_3514_00225;75111_3514;225;;Rue du Faubourg Saint-Antoine;75011;75111;Paris 11e Arrondissement;;;654791.54;6861341.59;2.383926;48.850529;parcelle;;;PARIS;RUE DU FAUBOURG SAINT ANTOINE;commune;commune;vrai;
75111_3514_00235;75111_3514;235;;Rue du Faubourg Saint-Antoine;75011;75111;Paris 11e Arrondissement;;;654855.9;6861303.95;2.384807;48.850195;parcelle;;;PARIS;RUE DU FAUBOURG SAINT ANTOINE;commune;commune;vrai;
75111_3514_00237;75111_3514;237;;Rue du Faubourg Saint-Antoine;75011;75111;Paris 11e Arrondissement;;;654861.75;6861302.23;2.384887;48.85018;parcelle;;;PARIS;RUE DU FAUBOURG SAINT ANTOINE;commune;commune;vrai;
75111_3514_00239;75111_3514;239;;Rue du Faubourg Saint-Antoine;75011;75111;Paris 11e Arrondissement;;;654870.76;6861300.05;2.38501;48.850161;parcelle;;;PARIS;RUE DU FAUBOURG SAINT ANTOINE;commune;commune;vrai;
75111_3514_00241;75111_3514;241;;Rue du Faubourg Saint-Antoine;75011;75111;Paris 11e Arrondissement;;;654878.97;6861298.21;2.385122;48.850145;parcelle;;;PARIS;RUE DU FAUBOURG SAINT ANTOINE;commune;commune;vrai;
75111_3514_00243;75111_3514;243;;Rue du Faubourg Saint-Antoine;75011;75111;Paris 11e Arrondissement;;;654896.69;6861294.06;2.385364;48.850109;parcelle;;;PARIS;RUE DU FAUBOURG SAINT ANTOINE;commune;commune;vrai;
75111_3514_00245;75111_3514;245;;Rue du Faubourg Saint-Antoine;75011;75111;Paris 11e Arrondissement;;;654909.37;6861291.07;2.385537;48.850083;parcelle;;;PARIS;RUE DU FAUBOURG SAINT ANTOINE;commune;commune;vrai;
75111_3514_00247;75111_3514;247;;Rue du Faubourg Saint-Antoine;75011;75111;Paris 11e Arrondissement;;;654923.72;6861287.74;2.385733;48.850054;parcelle;;;PARIS;RUE DU FAUBOURG SAINT ANTOINE;commune;commune;vrai;
75111_3514_00249;75111_3514;249;;Rue du Faubourg Saint-Antoine;75011;75111;Paris 11e Arrondissement;;;654935.96;6861284.86;2.3859;48.850029;parcelle;;;PARIS;RUE DU FAUBOURG SAINT ANTOINE;commune;commune;vrai;
75111_3514_00251;75111_3514;251;;Rue du Faubourg Saint-Antoine;75011;75111;Paris 11e Arrondissement;;;654948.92;6861281.76;2.386077;48.850002;parcelle;;;PARIS;RUE DU FAUBOURG SAINT ANTOINE;commune;commune;vrai;
75111_3514_00253;75111_3514;253;;Rue du Faubourg Saint-Antoine;75011;75111;Paris 11e Arrondissement;;;654960.57;6861279.11;2.386236;48.849979;parcelle;;;PARIS;RUE DU FAUBOURG SAINT ANTOINE;commune;commune;vrai;
75111_3514_00255;75111_3514;255;;Rue du Faubourg Saint-Antoine;75011;75111;Paris 11e Arrondissement;;;654974.12;6861275.89;2.386421;48.849951;parcelle;;;PARIS;RUE DU FAUBOURG SAINT ANTOINE;commune;commune;vrai;
75111_3514_00257;75111_3514;257;;Rue du Faubourg Saint-Antoine;75011;75111;Paris 11e Arrondissement;;;655001.73;6861269.01;2.386798;48.849891;parcelle;;;PARIS;RUE DU FAUBOURG SAINT ANTOINE;commune;commune;vrai;
75111_3514_00259;75111_3514;259;;Rue du Faubourg Saint-Antoine;75011;75111;Paris 11e Arrondissement;;;655012.21;6861266.81;2.386941;48.849872;parcelle;;;PARIS;RUE DU FAUBOURG SAINT ANTOINE;commune;commune;vrai;
75111_3514_00261;75111_3514;261;;Rue du Faubourg Saint-Antoine;75011;75111;Paris 11e Arrondissement;;;655024.73;6861263.27;2.387112;48.849841;parcelle;;;PARIS;RUE DU FAUBOURG SAINT ANTOINE;commune;commune;vrai;
75111_3514_00263;75111_3514;263;;Rue du Faubourg Saint-Antoine;75011;75111;Paris 11e Arrondissement;;;655051.54;6861256.94;2.387478;48.849786;parcelle;;;PARIS;RUE DU FAUBOURG SAINT ANTOINE;commune;commune;vrai;
75111_3514_00265;75111_3514;265;;Rue du Faubourg Saint-Antoine;75011;75111;Paris 11e Arrondissement;;;655065.97;6861253.39;2.387675;48.849755;parcelle;;;PARIS;RUE DU FAUBOURG SAINT ANTOINE;commune;commune;vrai;
75111_3514_00267;75111_3514;267;;Rue du Faubourg Saint-Antoine;75011;75111;Paris 11e Arrondissement;;;655082.53;6861249.37;2.387901;48.84972;parcelle;;;PARIS;RUE DU FAUBOURG SAINT ANTOINE;commune;commune;vrai;
75111_3514_00269;75111_3514;269;;Rue du Faubourg Saint-Antoine;75011;75111;Paris 11e Arrondissement;;;655098.42;6861245.57;2.388118;48.849687;parcelle;;;PARIS;RUE DU FAUBOURG SAINT ANTOINE;commune;commune;vrai;
75111_3514_00271;75111_3514;271;;Rue du Faubourg Saint-Antoine;75011;75111;Paris 11e Arrondissement;;;655113.8;6861241.67;2.388328;48.849653;parcelle;;;PARIS;RUE DU FAUBOURG SAINT ANTOINE;commune;commune;vrai;
75111_3514_00273;75111_3514;273;;Rue du Faubourg Saint-Antoine;75011;75111;Paris 11e Arrondissement;;;655132.55;6861236.97;2.388584;48.849612;parcelle;;;PARIS;RUE DU FAUBOURG SAINT ANTOINE;commune;commune;vrai;
75111_3514_00275;75111_3514;275;;Rue du Faubourg Saint-Antoine;75011;75111;Paris 11e Arrondissement;;;655159.94;6861230.08;2.388958;48.849552;parcelle;;;PARIS;RUE DU FAUBOURG SAINT ANTOINE;commune;commune;vrai;
75111_3514_00277;75111_3514;277;;Rue du Faubourg Saint-Antoine;75011;75111;Paris 11e Arrondissement;;;655182;6861226.13;2.389259;48.849518;parcelle;;;PARIS;RUE DU FAUBOURG SAINT ANTOINE;commune;commune;vrai;
75111_3514_00279;75111_3514;279;;Rue du Faubourg Saint-Antoine;75011;75111;Paris 11e Arrondissement;;;655197.52;6861220.9;2.389471;48.849472;parcelle;;;PARIS;RUE DU FAUBOURG SAINT ANTOINE;commune;commune;vrai;
75111_3514_00281;75111_3514;281;;Rue du Faubourg Saint-Antoine;75011;75111;Paris 11e Arrondissement;;;655211.08;6861219.35;2.389656;48.849459;parcelle;;;PARIS;RUE DU FAUBOURG SAINT ANTOINE;commune;commune;vrai;
75111_3514_00283;75111_3514;283;;Rue du Faubourg Saint-Antoine;75011;75111;Paris 11e Arrondissement;;;655222.81;6861216.59;2.389816;48.849435;parcelle;;;PARIS;RUE DU FAUBOURG SAINT ANTOINE;commune;commune;vrai;
75111_3514_00285;75111_3514;285;;Rue du Faubourg Saint-Antoine;75011;75111;Paris 11e Arrondissement;;;655232.62;6861214.29;2.38995;48.849415;parcelle;;;PARIS;RUE DU FAUBOURG SAINT ANTOINE;commune;commune;vrai;
75111_3514_00287;75111_3514;287;;Rue du Faubourg Saint-Antoine;75011;75111;Paris 11e Arrondissement;;;655253.85;6861207.45;2.39024;48.849355;parcelle;;;PARIS;RUE DU FAUBOURG SAINT ANTOINE;commune;commune;vrai;
75111_3514_00289;75111_3514;289;;Rue du Faubourg Saint-Antoine;75011;75111;Paris 11e Arrondissement;;;655265.59;6861206.69;2.3904;48.849349;parcelle;;;PARIS;RUE DU FAUBOURG SAINT ANTOINE;commune;commune;vrai;
75111_3514_00291;75111_3514;291;;Rue du Faubourg Saint-Antoine;75011;75111;Paris 11e Arrondissement;;;655277.01;6861203.94;2.390556;48.849325;parcelle;;;PARIS;RUE DU FAUBOURG SAINT ANTOINE;commune;commune;vrai;
75111_3514_00293;75111_3514;293;;Rue du Faubourg Saint-Antoine;75011;75111;Paris 11e Arrondissement;;;655292.69;6861200.26;2.39077;48.849293;parcelle;;;PARIS;RUE DU FAUBOURG SAINT ANTOINE;commune;commune;vrai;
75111_3514_00295;75111_3514;295;;Rue du Faubourg Saint-Antoine;75011;75111;Paris 11e Arrondissement;;;655311.37;6861195.89;2.391025;48.849255;parcelle;;;PARIS;RUE DU FAUBOURG SAINT ANTOINE;commune;commune;vrai;
75111_3514_00297;75111_3514;297;;Rue du Faubourg Saint-Antoine;75011;75111;Paris 11e Arrondissement;;;655328.95;6861191.75;2.391265;48.849219;parcelle;;;PARIS;RUE DU FAUBOURG SAINT ANTOINE;commune;commune;vrai;
75111_3514_00299;75111_3514;299;;Rue du Faubourg Saint-Antoine;75011;75111;Paris 11e Arrondissement;;;655342.57;6861187.86;2.391451;48.849185;parcelle;;;PARIS;RUE DU FAUBOURG SAINT ANTOINE;commune;commune;vrai;
75111_3514_00269_b;75111_3514;269;b;Rue du Faubourg Saint-Antoine;75011;75111;Paris 11e Arrondissement;;;655105.52;6861243.74;2.388215;48.849671;parcelle;;;PARIS;RUE DU FAUBOURG SAINT ANTOINE;commune;commune;vrai;
75111_3514_00179_a;75111_3514;179;a;Rue du Faubourg Saint-Antoine;75011;75111;Paris 11e Arrondissement;;;654579.21;6861375.83;2.381029;48.850822;parcelle;;;PARIS;RUE DU FAUBOURG SAINT ANTOINE;commune;commune;vrai;
75111_3514_00077_a;75111_3514;77;a;Rue du Faubourg Saint-Antoine;75011;75111;Paris 11e Arrondissement;;;654118.82;6861499.33;2.374742;48.8519;parcelle;;;PARIS;RUE DU FAUBOURG SAINT ANTOINE;commune;commune;vrai;
75111_3514_00061_b;75111_3514;61;b;Rue du Faubourg Saint-Antoine;75011;75111;Paris 11e Arrondissement;;;654044.43;6861510.48;2.373727;48.851995;parcelle;;;PARIS;RUE DU FAUBOURG SAINT ANTOINE;commune;commune;vrai;
75111_3514_00289_b;75111_3514;289;b;Rue du Faubourg Saint-Antoine;75011;75111;Paris 11e Arrondissement;;;655268.22;6861206.01;2.390436;48.849343;parcelle;;;PARIS;RUE DU FAUBOURG SAINT ANTOINE;commune;commune;vrai;
75111_3514_00115_p;75111_3514;115;p;Rue du Faubourg Saint-Antoine;75011;75111;Paris 11e Arrondissement;;;654270.64;6861423.07;2.376819;48.851225;parcelle;;;PARIS;RUE DU FAUBOURG SAINT ANTOINE;commune;commune;vrai;
75111_3514_00255_b;75111_3514;255;b;Rue du Faubourg Saint-Antoine;75011;75111;Paris 11e Arrondissement;;;654986.79;6861272.9;2.386594;48.849925;parcelle;;;PARIS;RUE DU FAUBOURG SAINT ANTOINE;commune;commune;vrai;
75111_3514_00039_b;75111_3514;39;b;Rue du Faubourg Saint-Antoine;75011;75111;Paris 11e Arrondissement;;;653929.91;6861561.21;2.372161;48.852443;parcelle;;;PARIS;RUE DU FAUBOURG SAINT ANTOINE;commune;commune;vrai;
75111_3514_00159_b;75111_3514;159;b;Rue du Faubourg Saint-Antoine;75011;75111;Paris 11e Arrondissement;;;654479.96;6861353.03;2.379679;48.85061;parcelle;;;PARIS;RUE DU FAUBOURG SAINT ANTOINE;commune;commune;vrai;
75111_2599_00010;75111_2599;10;;Rue Daval;75011;75111;Paris 11e Arrondissement;;;653811.58;6861841.92;2.370518;48.854959;parcelle;;;PARIS;RUE DAVAL;commune;commune;vrai;
75111_2599_00012;75111_2599;12;;Rue Daval;75011;75111;Paris 11e Arrondissement;;;653824.02;6861827.48;2.370689;48.85483;parcelle;;;PARIS;RUE DAVAL;commune;commune;vrai;
75111_2599_00014;75111_2599;14;;Rue Daval;75011;75111;Paris 11e Arrondissement;;;653829.54;6861821.1;2.370765;48.854773;parcelle;;;PARIS;RUE DAVAL;commune;commune;vrai;
75111_2599_00016;75111_2599;16;;Rue Daval;75011;75111;Paris 11e Arrondissement;;;653836.96;6861812.37;2.370867;48.854695;parcelle;;;PARIS;RUE DAVAL;commune;commune;vrai;
75111_2599_00018;75111_2599;18;;Rue Daval;75011;75111;Paris 11e Arrondissement;;;653849.32;6861798.59;2.371037;48.854572;parcelle;;;PARIS;RUE DAVAL;commune;commune;vrai;
75111_2599_00020;75111_2599;20;;Rue Daval;75011;75111;Paris 11e Arrondissement;;;653862.27;6861783.7;2.371215;48.854439;parcelle;;;PARIS;RUE DAVAL;commune;commune;vrai;
75111_5107_00001;75111_5107;1;;Rue Jules Vallès;75011;75111;Paris 11e Arrondissement;;;654874.42;6861590.36;2.385029;48.852772;parcelle;;;PARIS;RUE JULES VALLES;commune;commune;vrai;
75111_5107_00002;75111_5107;2;;Rue Jules Vallès;75011;75111;Paris 11e Arrondissement;;;654889.29;6861606.59;2.38523;48.852919;parcelle;;;PARIS;RUE JULES VALLES;commune;commune;vrai;
75111_5107_00003;75111_5107;3;;Rue Jules Vallès;75011;75111;Paris 11e Arrondissement;;;654875.18;6861603.36;2.385038;48.852889;parcelle;;;PARIS;RUE JULES VALLES;commune;commune;vrai;
75111_5107_00004;75111_5107;4;;Rue Jules Vallès;75011;75111;Paris 11e Arrondissement;;;654889.64;6861613.92;2.385234;48.852985;parcelle;;;PARIS;RUE JULES VALLES;commune;commune;vrai;
75111_5107_00005;75111_5107;5;;Rue Jules Vallès;75011;75111;Paris 11e Arrondissement;;;654876.9;6861636.04;2.385058;48.853183;parcelle;;;PARIS;RUE JULES VALLES;commune;commune;vrai;
75111_5107_00006;75111_5107;6;;Rue Jules Vallès;75011;75111;Paris 11e Arrondissement;;;654891.18;6861642.05;2.385252;48.853238;parcelle;;;PARIS;RUE JULES VALLES;commune;commune;vrai;
75111_5107_00007;75111_5107;7;;Rue Jules Vallès;75011;75111;Paris 11e Arrondissement;;;654877.76;6861652.27;2.385068;48.853329;parcelle;;;PARIS;RUE JULES VALLES;commune;commune;vrai;
75111_5107_00008;75111_5107;8;;Rue Jules Vallès;75011;75111;Paris 11e Arrondissement;;;654892.13;6861659.39;2.385263;48.853394;parcelle;;;PARIS;RUE JULES VALLES;commune;commune;vrai;
75111_5107_00009;75111_5107;9;;Rue Jules Vallès;75011;75111;Paris 11e Arrondissement;;;654878.71;6861671.05;2.385079;48.853498;parcelle;;;PARIS;RUE JULES VALLES;commune;commune;vrai;
75111_5107_00010;75111_5107;10;;Rue Jules Vallès;75011;75111;Paris 11e Arrondissement;;;654893.07;6861677.17;2.385274;48.853554;parcelle;;;PARIS;RUE JULES VALLES;commune;commune;vrai;
75111_5107_00011;75111_5107;11;;Rue Jules Vallès;75011;75111;Paris 11e Arrondissement;;;654880.09;6861696.51;2.385095;48.853727;parcelle;;;PARIS;RUE JULES VALLES;commune;commune;vrai;
75111_5107_00012;75111_5107;12;;Rue Jules Vallès;75011;75111;Paris 11e Arrondissement;;;654893.93;6861693.29;2.385284;48.853699;parcelle;;;PARIS;RUE JULES VALLES;commune;commune;vrai;
75111_5107_00013;75111_5107;13;;Rue Jules Vallès;75011;75111;Paris 11e Arrondissement;;;654873.11;6861714.47;2.384998;48.853888;parcelle;;;PARIS;RUE JULES VALLES;commune;commune;vrai;
75111_5107_00014;75111_5107;14;;Rue Jules Vallès;75011;75111;Paris 11e Arrondissement;;;654890.6;6861707.99;2.385237;48.853831;parcelle;;;PARIS;RUE JULES VALLES;commune;commune;vrai;
75111_5107_00015;75111_5107;15;;Rue Jules Vallès;75011;75111;Paris 11e Arrondissement;;;654866.71;6861730.75;2.384909;48.854034;parcelle;;;PARIS;RUE JULES VALLES;commune;commune;vrai;
75111_5107_00016;75111_5107;16;;Rue Jules Vallès;75011;75111;Paris 11e Arrondissement;;;654885.13;6861722.04;2.385161;48.853957;parcelle;;;PARIS;RUE JULES VALLES;commune;commune;vrai;
75111_5107_00017;75111_5107;17;;Rue Jules Vallès;75011;75111;Paris 11e Arrondissement;;;654861.53;6861744.13;2.384837;48.854154;parcelle;;;PARIS;RUE JULES VALLES;commune;commune;vrai;
75111_5107_00018;75111_5107;18;;Rue Jules Vallès;75011;75111;Paris 11e Arrondissement;;;654880.81;6861732.98;2.385101;48.854055;parcelle;;;PARIS;RUE JULES VALLES;commune;commune;vrai;
75111_5107_00019;75111_5107;19;;Rue Jules Vallès;75011;75111;Paris 11e Arrondissement;;;654856.27;6861757.52;2.384764;48.854274;parcelle;;;PARIS;RUE JULES VALLES;commune;commune;vrai;
75111_5107_00020;75111_5107;20;;Rue Jules Vallès;75011;75111;Paris 11e Arrondissement;;;654875.78;6861746.02;2.385031;48.854172;parcelle;;;PARIS;RUE JULES VALLES;commune;commune;vrai;
75111_5107_00021;75111_5107;21;;Rue Jules Vallès;75011;75111;Paris 11e Arrondissement;;;654851.24;6861770.35;2.384694;48.854389;parcelle;;;PARIS;RUE JULES VALLES;commune;commune;vrai;
75111_5107_00022;75111_5107;22;;Rue Jules Vallès;75011;75111;Paris 11e Arrondissement;;;654870.59;6861759.08;2.384959;48.854289;parcelle;;;PARIS;RUE JULES VALLES;commune;commune;vrai;
75111_5107_00024;75111_5107;24;;Rue Jules Vallès;75011;75111;Paris 11e Arrondissement;;;654864.7;6861774.36;2.384877;48.854426;parcelle;;;PARIS;RUE JULES VALLES;commune;commune;vrai;
75111_5107_00003_b;75111_5107;3;b;Rue Jules Vallès;75011;75111;Paris 11e Arrondissement;;;654876.05;6861620.48;2.385048;48.853043;parcelle;;;PARIS;RUE JULES VALLES;commune;commune;vrai;
75111_5107_00004_b;75111_5107;4;b;Rue Jules Vallès;75011;75111;Paris 11e Arrondissement;;;654890.58;6861630.37;2.385245;48.853133;parcelle;;;PARIS;RUE JULES VALLES;commune;commune;vrai;
75111_5107_00006_a;75111_5107;6;a;Rue Jules Vallès;75011;75111;Paris 11e Arrondissement;;;654905.13;6861642.05;2.385442;48.853239;parcelle;;;PARIS;RUE JULES VALLES;commune;commune;vrai;
75111_6982_00001;75111_6982;1;;Cour de l'Ours;75011;75111;Paris 11e Arrondissement;;;654179.17;6861484.84;2.375566;48.851774;parcelle;;;PARIS;COUR DE L OURS;commune;commune;vrai;
75111_6982_00002;75111_6982;2;;Cour de l'Ours;75011;75111;Paris 11e Arrondissement;;;654179.83;6861474.6;2.375576;48.851682;parcelle;;;PARIS;COUR DE L OURS;commune;commune;vrai;
75111_6982_00003;75111_6982;3;;Cour de l'Ours;75011;75111;Paris 11e Arrondissement;;;654186.84;6861498.01;2.375669;48.851893;parcelle;;;PARIS;COUR DE L OURS;commune;commune;vrai;
75111_6982_00004;75111_6982;4;;Cour de l'Ours;75011;75111;Paris 11e Arrondissement;;;654184.74;6861483.24;2.375642;48.85176;parcelle;;;PARIS;COUR DE L OURS;commune;commune;vrai;
75111_6982_00005;75111_6982;5;;Cour de l'Ours;75011;75111;Paris 11e Arrondissement;;;654193.31;6861509.3;2.375756;48.851995;parcelle;;;PARIS;COUR DE L OURS;commune;commune;vrai;
75111_6982_00006;75111_6982;6;;Cour de l'Ours;75011;75111;Paris 11e Arrondissement;;;654191.8;6861494.08;2.375737;48.851858;parcelle;;;PARIS;COUR DE L OURS;commune;commune;vrai;
75111_6982_00007;75111_6982;7;;Cour de l'Ours;75011;75111;Paris 11e Arrondissement;;;654198.67;6861518.6;2.375828;48.852079;parcelle;;;PARIS;COUR DE L OURS;commune;commune;vrai;
75111_6982_00008;75111_6982;8;;Cour de l'Ours;75011;75111;Paris 11e Arrondissement;;;654199.01;6861506.14;2.375834;48.851967;parcelle;;;PARIS;COUR DE L OURS;commune;commune;vrai;
75111_6982_00009;75111_6982;9;;Cour de l'Ours;75011;75111;Paris 11e Arrondissement;;;654204.69;6861528.45;2.375909;48.852168;parcelle;;;PARIS;COUR DE L OURS;commune;commune;vrai;
75111_6982_00010;75111_6982;10;;Cour de l'Ours;75011;75111;Paris 11e Arrondissement;;;654204.36;6861515;2.375906;48.852047;parcelle;;;PARIS;COUR DE L OURS;commune;commune;vrai;
75111_6982_00011;75111_6982;11;;Cour de l'Ours;75011;75111;Paris 11e Arrondissement;;;654208.7;6861535.09;2.375963;48.852228;parcelle;;;PARIS;COUR DE L OURS;commune;commune;vrai;
75111_6982_00012;75111_6982;12;;Cour de l'Ours;75011;75111;Paris 11e Arrondissement;;;654209.79;6861524.18;2.375979;48.85213;parcelle;;;PARIS;COUR DE L OURS;commune;commune;vrai;
75111_6982_00014;75111_6982;14;;Cour de l'Ours;75011;75111;Paris 11e Arrondissement;;;654215;6861533.37;2.376049;48.852213;parcelle;;;PARIS;COUR DE L OURS;commune;commune;vrai;
75111_6982_00016;75111_6982;16;;Cour de l'Ours;75011;75111;Paris 11e Arrondissement;;;654219.77;6861542.34;2.376113;48.852294;parcelle;;;PARIS;COUR DE L OURS;commune;commune;vrai;
75111_0700_00001;75111_0700;1;;Passage Basfroi;75011;75111;Paris 11e Arrondissement;;;654344.06;6861893.75;2.377769;48.855463;parcelle;;;PARIS;PASSAGE BASFROI;commune;commune;vrai;
75111_0700_00002;75111_0700;2;;Passage Basfroi;75011;75111;Paris 11e Arrondissement;;;654339.4;6861879.33;2.377707;48.855333;parcelle;;;PARIS;PASSAGE BASFROI;commune;commune;vrai;
75111_0700_00003;75111_0700;3;;Passage Basfroi;75011;75111;Paris 11e Arrondissement;;;654354.01;6861898.9;2.377904;48.85551;parcelle;;;PARIS;PASSAGE BASFROI;commune;commune;vrai;
75111_0700_00004;75111_0700;4;;Passage Basfroi;75011;75111;Paris 11e Arrondissement;;;654349.19;6861884.03;2.37784;48.855376;parcelle;;;PARIS;PASSAGE BASFROI;commune;commune;vrai;
75111_0700_00005;75111_0700;5;;Passage Basfroi;75011;75111;Paris 11e Arrondissement;;;654367.41;6861905.57;2.378086;48.855571;parcelle;;;PARIS;PASSAGE BASFROI;commune;commune;vrai;
75111_0700_00006;75111_0700;6;;Passage Basfroi;75011;75111;Paris 11e Arrondissement;;;654357.59;6861887.97;2.377954;48.855412;parcelle;;;PARIS;PASSAGE BASFROI;commune;commune;vrai;
75111_0700_00007;75111_0700;7;;Passage Basfroi;75011;75111;Paris 11e Arrondissement;;;654375.41;6861905.29;2.378195;48.855569;parcelle;;;PARIS;PASSAGE BASFROI;commune;commune;vrai;
75111_0700_00008;75111_0700;8;;Passage Basfroi;75011;75111;Paris 11e Arrondissement;;;654367.53;6861892.78;2.378089;48.855456;parcelle;;;PARIS;PASSAGE BASFROI;commune;commune;vrai;
75111_0700_00009;75111_0700;9;;Passage Basfroi;75011;75111;Paris 11e Arrondissement;;;654383.22;6861909.01;2.378301;48.855603;parcelle;;;PARIS;PASSAGE BASFROI;commune;commune;vrai;
75111_0700_00010;75111_0700;10;;Passage Basfroi;75011;75111;Paris 11e Arrondissement;;;654379.08;6861896.14;2.378246;48.855487;parcelle;;;PARIS;PASSAGE BASFROI;commune;commune;vrai;
75111_0700_00011;75111_0700;11;;Passage Basfroi;75011;75111;Paris 11e Arrondissement;;;654396.77;6861915.46;2.378485;48.855662;parcelle;;;PARIS;PASSAGE BASFROI;commune;commune;vrai;
75111_0700_00014;75111_0700;14;;Passage Basfroi;75011;75111;Paris 11e Arrondissement;;;654388.3;6861902.63;2.378371;48.855546;parcelle;;;PARIS;PASSAGE BASFROI;commune;commune;vrai;
75111_0701_00001;75111_0701;1;;Rue Basfroi;75011;75111;Paris 11e Arrondissement;;;654525.47;6861691.27;2.380263;48.853655;parcelle;;;PARIS;RUE BASFROI;commune;commune;vrai;
75111_0701_00002;75111_0701;2;;Rue Basfroi;75011;75111;Paris 11e Arrondissement;;;654533.24;6861699.22;2.380368;48.853727;parcelle;;;PARIS;RUE BASFROI;commune;commune;vrai;
75111_0701_00003;75111_0701;3;;Rue Basfroi;75011;75111;Paris 11e Arrondissement;;;654521.35;6861699.31;2.380206;48.853727;parcelle;;;PARIS;RUE BASFROI;commune;commune;vrai;
75111_0701_00004;75111_0701;4;;Rue Basfroi;75011;75111;Paris 11e Arrondissement;;;654527.24;6861711.05;2.380285;48.853833;parcelle;;;PARIS;RUE BASFROI;commune;commune;vrai;
75111_0701_00005;75111_0701;5;;Rue Basfroi;75011;75111;Paris 11e Arrondissement;;;654517.6;6861706.57;2.380154;48.853792;parcelle;;;PARIS;RUE BASFROI;commune;commune;vrai;
75111_0701_00006;75111_0701;6;;Rue Basfroi;75011;75111;Paris 11e Arrondissement;;;654521.82;6861721.66;2.38021;48.853928;parcelle;;;PARIS;RUE BASFROI;commune;commune;vrai;
75111_0701_00007;75111_0701;7;;Rue Basfroi;75011;75111;Paris 11e Arrondissement;;;654505.39;6861721.9;2.379986;48.853929;parcelle;;;PARIS;RUE BASFROI;commune;commune;vrai;
75111_0701_00008;75111_0701;8;;Rue Basfroi;75011;75111;Paris 11e Arrondissement;;;654515.82;6861733.38;2.380127;48.854033;parcelle;;;PARIS;RUE BASFROI;commune;commune;vrai;
75111_0701_00009;75111_0701;9;;Rue Basfroi;75011;75111;Paris 11e Arrondissement;;;654497.15;6861737.98;2.379872;48.854073;parcelle;;;PARIS;RUE BASFROI;commune;commune;vrai;
75111_0701_00010;75111_0701;10;;Rue Basfroi;75011;75111;Paris 11e Arrondissement;;;654511.13;6861742.54;2.380062;48.854115;parcelle;;;PARIS;RUE BASFROI;commune;commune;vrai;
75111_0701_00011;75111_0701;11;;Rue Basfroi;75011;75111;Paris 11e Arrondissement;;;654486.64;6861764.3;2.379726;48.854309;parcelle;;;PARIS;RUE BASFROI;commune;commune;vrai;
75111_0701_00012;75111_0701;12;;Rue Basfroi;75011;75111;Paris 11e Arrondissement;;;654498.84;6861766.65;2.379892;48.854331;parcelle;;;PARIS;RUE BASFROI;commune;commune;vrai;
75111_0701_00013;75111_0701;13;;Rue Basfroi;75011;75111;Paris 11e Arrondissement;;;654483.24;6861770.78;2.379679;48.854367;parcelle;;;PARIS;RUE BASFROI;commune;commune;vrai;
75111_0701_00014;75111_0701;14;;Rue Basfroi;75011;75111;Paris 11e Arrondissement;;;654494.72;6861774.8;2.379835;48.854404;parcelle;;;PARIS;RUE BASFROI;commune;commune;vrai;
75111_0701_00015;75111_0701;15;;Rue Basfroi;75011;75111;Paris 11e Arrondissement;;;654479.44;6861781.15;2.379626;48.85446;parcelle;;;PARIS;RUE BASFROI;commune;commune;vrai;
75111_0701_00016;75111_0701;16;;Rue Basfroi;75011;75111;Paris 11e Arrondissement;;;654487.5;6861788.87;2.379735;48.85453;parcelle;;;PARIS;RUE BASFROI;commune;commune;vrai;
75111_0701_00017;75111_0701;17;;Rue Basfroi;75011;75111;Paris 11e Arrondissement;;;654475.89;6861787.96;2.379577;48.854521;parcelle;;;PARIS;RUE BASFROI;commune;commune;vrai;
75111_0701_00018;75111_0701;18;;Rue Basfroi;75011;75111;Paris 11e Arrondissement;;;654483.96;6861795.9;2.379686;48.854593;parcelle;;;PARIS;RUE BASFROI;commune;commune;vrai;
75111_0701_00019;75111_0701;19;;Rue Basfroi;75011;75111;Paris 11e Arrondissement;;;654474.16;6861791.42;2.379553;48.854552;parcelle;;;PARIS;RUE BASFROI;commune;commune;vrai;
75111_0701_00020;75111_0701;20;;Rue Basfroi;75011;75111;Paris 11e Arrondissement;;;654477.2;6861804.07;2.379593;48.854666;parcelle;;;PARIS;RUE BASFROI;commune;commune;vrai;
75111_0701_00021;75111_0701;21;;Rue Basfroi;75011;75111;Paris 11e Arrondissement;;;654465.78;6861807.83;2.379437;48.854699;parcelle;;;PARIS;RUE BASFROI;commune;commune;vrai;
75111_0701_00022;75111_0701;22;;Rue Basfroi;75011;75111;Paris 11e Arrondissement;;;654472.57;6861813.01;2.379529;48.854746;parcelle;;;PARIS;RUE BASFROI;commune;commune;vrai;
75111_0701_00023;75111_0701;23;;Rue Basfroi;75011;75111;Paris 11e Arrondissement;;;654452.49;6861825.4;2.379254;48.854856;parcelle;;;PARIS;RUE BASFROI;commune;commune;vrai;
75111_0701_00024;75111_0701;24;;Rue Basfroi;75011;75111;Paris 11e Arrondissement;;;654469.32;6861819.37;2.379484;48.854803;parcelle;;;PARIS;RUE BASFROI;commune;commune;vrai;
75111_0701_00025;75111_0701;25;;Rue Basfroi;75011;75111;Paris 11e Arrondissement;;;654446.59;6861841.01;2.379172;48.854996;parcelle;;;PARIS;RUE BASFROI;commune;commune;vrai;
75111_0701_00026;75111_0701;26;;Rue Basfroi;75011;75111;Paris 11e Arrondissement;;;654469.48;6861831.27;2.379485;48.85491;parcelle;;;PARIS;RUE BASFROI;commune;commune;vrai;
75111_0701_00027;75111_0701;27;;Rue Basfroi;75011;75111;Paris 11e Arrondissement;;;654435.39;6861862.45;2.379017;48.855188;parcelle;;;PARIS;RUE BASFROI;commune;commune;vrai;
75111_0701_00028;75111_0701;28;;Rue Basfroi;75011;75111;Paris 11e Arrondissement;;;654464.66;6861842.87;2.379418;48.855014;parcelle;;;PARIS;RUE BASFROI;commune;commune;vrai;
75111_0701_00029;75111_0701;29;;Rue Basfroi;75011;75111;Paris 11e Arrondissement;;;654430.05;6861874.72;2.378943;48.855298;parcelle;;;PARIS;RUE BASFROI;commune;commune;vrai;
75111_0701_00030;75111_0701;30;;Rue Basfroi;75011;75111;Paris 11e Arrondissement;;;654457.35;6861855.6;2.379317;48.855128;parcelle;;;PARIS;RUE BASFROI;commune;commune;vrai;
75111_0701_00031;75111_0701;31;;Rue Basfroi;75011;75111;Paris 11e Arrondissement;;;654423.55;6861887.56;2.378853;48.855413;parcelle;;;PARIS;RUE BASFROI;commune;commune;vrai;
75111_0701_00032;75111_0701;32;;Rue Basfroi;75011;75111;Paris 11e Arrondissement;;;654449.75;6861869.34;2.379212;48.855251;parcelle;;;PARIS;RUE BASFROI;commune;commune;vrai;
75111_0701_00034;75111_0701;34;;Rue Basfroi;75011;75111;Paris 11e Arrondissement;;;654444.28;6861882.17;2.379136;48.855366;parcelle;;;PARIS;RUE BASFROI;commune;commune;vrai;
75111_0701_00036;75111_0701;36;;Rue Basfroi;75011;75111;Paris 11e Arrondissement;;;654432.98;6861901.83;2.37898;48.855542;parcelle;;;PARIS;RUE BASFROI;commune;commune;vrai;
75111_0701_00038;75111_0701;38;;Rue Basfroi;75011;75111;Paris 11e Arrondissement;;;654426.18;6861914.23;2.378886;48.855653;parcelle;;;PARIS;RUE BASFROI;commune;commune;vrai;
75111_0701_00039;75111_0701;39;;Rue Basfroi;75011;75111;Paris 11e Arrondissement;;;654399.81;6861928.56;2.378525;48.85578;parcelle;;;PARIS;RUE BASFROI;commune;commune;vrai;
75111_0701_00040;75111_0701;40;;Rue Basfroi;75011;75111;Paris 11e Arrondissement;;;654404.21;6861957.21;2.378582;48.856038;parcelle;;;PARIS;RUE BASFROI;commune;commune;vrai;
75111_0701_00041;75111_0701;41;;Rue Basfroi;75011;75111;Paris 11e Arrondissement;;;654395.59;6861942.27;2.378466;48.855903;parcelle;;;PARIS;RUE BASFROI;commune;commune;vrai;
75111_0701_00042;75111_0701;42;;Rue Basfroi;75011;75111;Paris 11e Arrondissement;;;654399.59;6861966.26;2.378518;48.856119;parcelle;;;PARIS;RUE BASFROI;commune;commune;vrai;
75111_0701_00043;75111_0701;43;;Rue Basfroi;75011;75111;Paris 11e Arrondissement;;;654387.7;6861956.56;2.378357;48.856031;parcelle;;;PARIS;RUE BASFROI;commune;commune;vrai;
75111_0701_00044;75111_0701;44;;Rue Basfroi;75011;75111;Paris 11e Arrondissement;;;654395.83;6861973.51;2.378466;48.856184;parcelle;;;PARIS;RUE BASFROI;commune;commune;vrai;
75111_0701_00045;75111_0701;45;;Rue Basfroi;75011;75111;Paris 11e Arrondissement;;;654378.81;6861973.43;2.378234;48.856182;parcelle;;;PARIS;RUE BASFROI;commune;commune;vrai;
75111_0701_00046;75111_0701;46;;Rue Basfroi;75011;75111;Paris 11e Arrondissement;;;654391.42;6861982.22;2.378405;48.856262;parcelle;;;PARIS;RUE BASFROI;commune;commune;vrai;
75111_0701_00047;75111_0701;47;;Rue Basfroi;75011;75111;Paris 11e Arrondissement;;;654372.08;6861986.38;2.378141;48.856298;parcelle;;;PARIS;RUE BASFROI;commune;commune;vrai;
75111_0701_00048;75111_0701;48;;Rue Basfroi;75011;75111;Paris 11e Arrondissement;;;654383.65;6861991.85;2.378298;48.856348;parcelle;;;PARIS;RUE BASFROI;commune;commune;vrai;
75111_0701_00049;75111_0701;49;;Rue Basfroi;75011;75111;Paris 11e Arrondissement;;;654369.05;6861992.52;2.378099;48.856353;parcelle;;;PARIS;RUE BASFROI;commune;commune;vrai;
75111_0701_00050;75111_0701;50;;Rue Basfroi;75011;75111;Paris 11e Arrondissement;;;654379.46;6862000;2.37824;48.856421;parcelle;;;PARIS;RUE BASFROI;commune;commune;vrai;
75111_0701_00051;75111_0701;51;;Rue Basfroi;75011;75111;Paris 11e Arrondissement;;;654361.69;6862008.59;2.377997;48.856497;parcelle;;;PARIS;RUE BASFROI;commune;commune;vrai;
75111_0701_00052;75111_0701;52;;Rue Basfroi;75011;75111;Paris 11e Arrondissement;;;654374.47;6862009.93;2.378171;48.85651;parcelle;;;PARIS;RUE BASFROI;commune;commune;vrai;
75111_0701_00049_b;75111_0701;49;b;Rue Basfroi;75011;75111;Paris 11e Arrondissement;;;654365.22;6861999.33;2.378046;48.856414;parcelle;;;PARIS;RUE BASFROI;commune;commune;vrai;
75111_0701_00005_b;75111_0701;5;b;Rue Basfroi;75011;75111;Paris 11e Arrondissement;;;654513.55;6861714.27;2.380098;48.853861;parcelle;;;PARIS;RUE BASFROI;commune;commune;vrai;
75111_0701_00045_b;75111_0701;45;b;Rue Basfroi;75011;75111;Paris 11e Arrondissement;;;654374.98;6861980.91;2.378181;48.856249;parcelle;;;PARIS;RUE BASFROI;commune;commune;vrai;
75111_0701_00024_b;75111_0701;24;b;Rue Basfroi;75011;75111;Paris 11e Arrondissement;;;654467.22;6861823.5;2.379455;48.85484;parcelle;;;PARIS;RUE BASFROI;commune;commune;vrai;
75111_0701_00018_t;75111_0701;18;t;Rue Basfroi;75011;75111;Paris 11e Arrondissement;;;654478.42;6861801.62;2.37961;48.854644;parcelle;;;PARIS;RUE BASFROI;commune;commune;vrai;
75111_0701_00020_b;75111_0701;20;b;Rue Basfroi;75011;75111;Paris 11e Arrondissement;;;654475.61;6861807.2;2.379571;48.854694;parcelle;;;PARIS;RUE BASFROI;commune;commune;vrai;
75111_0701_00020_t;75111_0701;20;t;Rue Basfroi;75011;75111;Paris 11e Arrondissement;;;654473.87;6861810.44;2.379547;48.854723;parcelle;;;PARIS;RUE BASFROI;commune;commune;vrai;
75111_0701_00022_b;75111_0701;22;b;Rue Basfroi;75011;75111;Paris 11e Arrondissement;;;654471.27;6861815.57;2.379511;48.854769;parcelle;;;PARIS;RUE BASFROI;commune;commune;vrai;
75111_0701_00014_b;75111_0701;14;b;Rue Basfroi;75011;75111;Paris 11e Arrondissement;;;654490.25;6861784.07;2.379773;48.854487;parcelle;;;PARIS;RUE BASFROI;commune;commune;vrai;
75111_0701_00016_a;75111_0701;16;a;Rue Basfroi;75011;75111;Paris 11e Arrondissement;;;654498.21;6861788.79;2.379881;48.85453;parcelle;;;PARIS;RUE BASFROI;commune;commune;vrai;
75111_0701_00043_b;75111_0701;43;b;Rue Basfroi;75011;75111;Paris 11e Arrondissement;;;654384.16;6861963.93;2.378308;48.856097;parcelle;;;PARIS;RUE BASFROI;commune;commune;vrai;
75111_9907_00130;75111_9907;130;;Boulevard Voltaire;75011;75111;Paris 11e Arrondissement;;;654536.21;6862114.41;2.380364;48.857461;parcelle;;;PARIS;BOULEVARD VOLTAIRE;commune;commune;vrai;
75111_9907_00132;75111_9907;132;;Boulevard Voltaire;75011;75111;Paris 11e Arrondissement;;;654550.19;6862101.62;2.380556;48.857347;parcelle;;;PARIS;BOULEVARD VOLTAIRE;commune;commune;vrai;
75111_9907_00134;75111_9907;134;;Boulevard Voltaire;75011;75111;Paris 11e Arrondissement;;;654591.21;6862064.05;2.381119;48.857012;parcelle;;;PARIS;BOULEVARD VOLTAIRE;commune;commune;vrai;
75111_9907_00136;75111_9907;136;;Boulevard Voltaire;75011;75111;Paris 11e Arrondissement;;;654606.07;6862050.37;2.381323;48.85689;parcelle;;;PARIS;BOULEVARD VOLTAIRE;commune;commune;vrai;
75111_9907_00200_ba;75111_9907;200;ba;Boulevard Voltaire;75011;75111;Paris 11e Arrondissement;;;654975.65;6861689.98;2.386398;48.853675;parcelle;;;PARIS;BOULEVARD VOLTAIRE;commune;commune;vrai;
75111_9907_00198_ba;75111_9907;198;ba;Boulevard Voltaire;75011;75111;Paris 11e Arrondissement;;;654968.15;6861697.27;2.386295;48.85374;parcelle;;;PARIS;BOULEVARD VOLTAIRE;commune;commune;vrai;
75111_9907_00224_a;75111_9907;224;a;Boulevard Voltaire;75011;75111;Paris 11e Arrondissement;;;655099.96;6861576.49;2.388104;48.852663;parcelle;;;PARIS;BOULEVARD VOLTAIRE;commune;commune;vrai;
75111_1817_00001;75111_1817;1;;Passage Charles Dallery;75011;75111;Paris 11e Arrondissement;;;654399.92;6861672.91;2.378554;48.853481;parcelle;;;PARIS;PASSAGE CHARLES DALLERY;commune;commune;vrai;
75111_1817_00002;75111_1817;2;;Passage Charles Dallery;75011;75111;Paris 11e Arrondissement;;;654412.73;6861669.14;2.378729;48.853448;parcelle;;;PARIS;PASSAGE CHARLES DALLERY;commune;commune;vrai;
75111_1817_00003;75111_1817;3;;Passage Charles Dallery;75011;75111;Paris 11e Arrondissement;;;654391.03;6861699;2.37843;48.853715;parcelle;;;PARIS;PASSAGE CHARLES DALLERY;commune;commune;vrai;
75111_1817_00004;75111_1817;4;;Passage Charles Dallery;75011;75111;Paris 11e Arrondissement;;;654408.07;6861682.86;2.378664;48.853571;parcelle;;;PARIS;PASSAGE CHARLES DALLERY;commune;commune;vrai;
75111_1817_00005;75111_1817;5;;Passage Charles Dallery;75011;75111;Paris 11e Arrondissement;;;654384.14;6861719.07;2.378334;48.853895;parcelle;;;PARIS;PASSAGE CHARLES DALLERY;commune;commune;vrai;
75111_1817_00006;75111_1817;6;;Passage Charles Dallery;75011;75111;Paris 11e Arrondissement;;;654403.91;6861695.01;2.378606;48.85368;parcelle;;;PARIS;PASSAGE CHARLES DALLERY;commune;commune;vrai;
75111_1817_00007;75111_1817;7;;Passage Charles Dallery;75011;75111;Paris 11e Arrondissement;;;654371.87;6861744.41;2.378164;48.854122;parcelle;;;PARIS;PASSAGE CHARLES DALLERY;commune;commune;vrai;
75111_1817_00008;75111_1817;8;;Passage Charles Dallery;75011;75111;Paris 11e Arrondissement;;;654400.97;6861703.48;2.378565;48.853756;parcelle;;;PARIS;PASSAGE CHARLES DALLERY;commune;commune;vrai;
75111_1817_00010;75111_1817;10;;Passage Charles Dallery;75011;75111;Paris 11e Arrondissement;;;654391.5;6861730.69;2.378433;48.854;parcelle;;;PARIS;PASSAGE CHARLES DALLERY;commune;commune;vrai;
75111_1817_00012;75111_1817;12;;Passage Charles Dallery;75011;75111;Paris 11e Arrondissement;;;654382.31;6861757.23;2.378305;48.854238;parcelle;;;PARIS;PASSAGE CHARLES DALLERY;commune;commune;vrai;
75111_1817_00014;75111_1817;14;;Passage Charles Dallery;75011;75111;Paris 11e Arrondissement;;;654377.94;6861769.83;2.378244;48.854351;parcelle;;;PARIS;PASSAGE CHARLES DALLERY;commune;commune;vrai;
75111_1817_00015;75111_1817;15;;Passage Charles Dallery;75011;75111;Paris 11e Arrondissement;;;654348.26;6861822.21;2.377834;48.85482;parcelle;;;PARIS;PASSAGE CHARLES DALLERY;commune;commune;vrai;
75111_1817_00016;75111_1817;16;;Passage Charles Dallery;75011;75111;Paris 11e Arrondissement;;;654373.63;6861782.32;2.378184;48.854463;parcelle;;;PARIS;PASSAGE CHARLES DALLERY;commune;commune;vrai;
75111_1817_00017;75111_1817;17;;Passage Charles Dallery;75011;75111;Paris 11e Arrondissement;;;654330.68;6861853.15;2.377591;48.855097;parcelle;;;PARIS;PASSAGE CHARLES DALLERY;commune;commune;vrai;
75111_1817_00018;75111_1817;18;;Passage Charles Dallery;75011;75111;Paris 11e Arrondissement;;;654355.41;6861835.06;2.37793;48.854936;parcelle;;;PARIS;PASSAGE CHARLES DALLERY;commune;commune;vrai;
75111_1817_00019;75111_1817;19;;Passage Charles Dallery;75011;75111;Paris 11e Arrondissement;;;654329.13;6861870.29;2.377568;48.855251;parcelle;;;PARIS;PASSAGE CHARLES DALLERY;commune;commune;vrai;
75111_1817_00020;75111_1817;20;;Passage Charles Dallery;75011;75111;Paris 11e Arrondissement;;;654345.87;6861854.04;2.377798;48.855106;parcelle;;;PARIS;PASSAGE CHARLES DALLERY;commune;commune;vrai;
75111_1817_00021;75111_1817;21;;Passage Charles Dallery;75011;75111;Paris 11e Arrondissement;;;654325.09;6861879.44;2.377512;48.855333;parcelle;;;PARIS;PASSAGE CHARLES DALLERY;commune;commune;vrai;
75111_1817_00022;75111_1817;22;;Passage Charles Dallery;75011;75111;Paris 11e Arrondissement;;;654336.99;6861871.67;2.377675;48.855264;parcelle;;;PARIS;PASSAGE CHARLES DALLERY;commune;commune;vrai;
75111_1817_00023;75111_1817;23;;Passage Charles Dallery;75011;75111;Paris 11e Arrondissement;;;654315.62;6861898.2;2.377381;48.855501;parcelle;;;PARIS;PASSAGE CHARLES DALLERY;commune;commune;vrai;
75111_1817_00024;75111_1817;24;;Passage Charles Dallery;75011;75111;Paris 11e Arrondissement;;;654328.4;6861899.1;2.377555;48.85551;parcelle;;;PARIS;PASSAGE CHARLES DALLERY;commune;commune;vrai;
75111_1817_00025;75111_1817;25;;Passage Charles Dallery;75011;75111;Paris 11e Arrondissement;;;654306.81;6861915.95;2.377259;48.85566;parcelle;;;PARIS;PASSAGE CHARLES DALLERY;commune;commune;vrai;
75111_1817_00026;75111_1817;26;;Passage Charles Dallery;75011;75111;Paris 11e Arrondissement;;;654322.4;6861910.82;2.377472;48.855615;parcelle;;;PARIS;PASSAGE CHARLES DALLERY;commune;commune;vrai;
75111_1817_00027;75111_1817;27;;Passage Charles Dallery;75011;75111;Paris 11e Arrondissement;;;654301.25;6861926.78;2.377182;48.855757;parcelle;;;PARIS;PASSAGE CHARLES DALLERY;commune;commune;vrai;
75111_1817_00028;75111_1817;28;;Passage Charles Dallery;75011;75111;Paris 11e Arrondissement;;;654315.96;6861922.66;2.377383;48.855721;parcelle;;;PARIS;PASSAGE CHARLES DALLERY;commune;commune;vrai;
75111_1817_00029;75111_1817;29;;Passage Charles Dallery;75011;75111;Paris 11e Arrondissement;;;654296.13;6861937.94;2.377111;48.855857;parcelle;;;PARIS;PASSAGE CHARLES DALLERY;commune;commune;vrai;
75111_1817_00030;75111_1817;30;;Passage Charles Dallery;75011;75111;Paris 11e Arrondissement;;;654308.22;6861936.95;2.377276;48.855849;parcelle;;;PARIS;PASSAGE CHARLES DALLERY;commune;commune;vrai;
75111_1817_00031;75111_1817;31;;Passage Charles Dallery;75011;75111;Paris 11e Arrondissement;;;654286;6861957.25;2.376971;48.85603;parcelle;;;PARIS;PASSAGE CHARLES DALLERY;commune;commune;vrai;
75111_1817_00032;75111_1817;32;;Passage Charles Dallery;75011;75111;Paris 11e Arrondissement;;;654302.09;6861949.79;2.377191;48.855964;parcelle;;;PARIS;PASSAGE CHARLES DALLERY;commune;commune;vrai;
75111_1817_00034;75111_1817;34;;Passage Charles Dallery;75011;75111;Paris 11e Arrondissement;;;654297.18;6861959.95;2.377123;48.856055;parcelle;;;PARIS;PASSAGE CHARLES DALLERY;commune;commune;vrai;
75111_1817_00036;75111_1817;36;;Passage Charles Dallery;75011;75111;Paris 11e Arrondissement;;;654290.32;6861974.01;2.377028;48.856181;parcelle;;;PARIS;PASSAGE CHARLES DALLERY;commune;commune;vrai;
75111_1817_00001_z;75111_1817;1;z;Passage Charles Dallery;75011;75111;Paris 11e Arrondissement;;;654402.94;6861664.1;2.378596;48.853402;parcelle;;;PARIS;PASSAGE CHARLES DALLERY;commune;commune;vrai;
75111_1817_00012_p;75111_1817;12;p;Passage Charles Dallery;75011;75111;Paris 11e Arrondissement;;;654414.35;6861791.11;2.378738;48.854545;parcelle;;;PARIS;PASSAGE CHARLES DALLERY;commune;commune;vrai;
75111_1892_00001;75111_1892;1;;Rue Charrière;75011;75111;Paris 11e Arrondissement;;;654630.79;6861692.78;2.381698;48.853676;parcelle;;;PARIS;RUE CHARRIERE;commune;commune;vrai;
75111_1892_00002;75111_1892;2;;Rue Charrière;75011;75111;Paris 11e Arrondissement;;;654622.56;6861691.62;2.381586;48.853665;parcelle;;;PARIS;RUE CHARRIERE;commune;commune;vrai;
75111_1892_00003;75111_1892;3;;Rue Charrière;75011;75111;Paris 11e Arrondissement;;;654633.07;6861685.2;2.38173;48.853608;parcelle;;;PARIS;RUE CHARRIERE;commune;commune;vrai;
75111_1892_00004;75111_1892;4;;Rue Charrière;75011;75111;Paris 11e Arrondissement;;;654625.39;6861668.7;2.381627;48.853459;parcelle;;;PARIS;RUE CHARRIERE;commune;commune;vrai;
75111_1892_00005;75111_1892;5;;Rue Charrière;75011;75111;Paris 11e Arrondissement;;;654638.8;6861666.81;2.38181;48.853443;parcelle;;;PARIS;RUE CHARRIERE;commune;commune;vrai;
75111_1892_00007;75111_1892;7;;Rue Charrière;75011;75111;Paris 11e Arrondissement;;;654644.63;6861642.75;2.381892;48.853227;parcelle;;;PARIS;RUE CHARRIERE;commune;commune;vrai;
75111_1892_00009;75111_1892;9;;Rue Charrière;75011;75111;Paris 11e Arrondissement;;;654647.72;6861633.94;2.381935;48.853148;parcelle;;;PARIS;RUE CHARRIERE;commune;commune;vrai;
75111_1892_00011;75111_1892;11;;Rue Charrière;75011;75111;Paris 11e Arrondissement;;;654654.68;6861614.2;2.382032;48.852971;parcelle;;;PARIS;RUE CHARRIERE;commune;commune;vrai;
75111_1892_00013;75111_1892;13;;Rue Charrière;75011;75111;Paris 11e Arrondissement;;;654659.85;6861599.59;2.382104;48.85284;parcelle;;;PARIS;RUE CHARRIERE;commune;commune;vrai;
75111_1892_00014;75111_1892;14;;Rue Charrière;75011;75111;Paris 11e Arrondissement;;;654649.31;6861594.23;2.381961;48.852791;parcelle;;;PARIS;RUE CHARRIERE;commune;commune;vrai;
75111_1892_00015;75111_1892;15;;Rue Charrière;75011;75111;Paris 11e Arrondissement;;;654663.94;6861588;2.382161;48.852736;parcelle;;;PARIS;RUE CHARRIERE;commune;commune;vrai;
75111_1892_00017;75111_1892;17;;Rue Charrière;75011;75111;Paris 11e Arrondissement;;;654663.58;6861579.66;2.382157;48.852661;parcelle;;;PARIS;RUE CHARRIERE;commune;commune;vrai;
75111_1892_00019;75111_1892;19;;Rue Charrière;75011;75111;Paris 11e Arrondissement;;;654651.17;6861568.86;2.381989;48.852563;parcelle;;;PARIS;RUE CHARRIERE;commune;commune;vrai;
75111_8358_00001;75111_8358;1;;Rue de la Roquette;75011;75111;Paris 11e Arrondissement;;;653816.43;6861703.89;2.370599;48.853718;parcelle;;;PARIS;RUE DE LA ROQUETTE;commune;commune;vrai;
75111_8358_00002;75111_8358;2;;Rue de la Roquette;75011;75111;Paris 11e Arrondissement;;;653807.81;6861662.59;2.370486;48.853346;parcelle;;;PARIS;RUE DE LA ROQUETTE;commune;commune;vrai;
75111_8358_00003;75111_8358;3;;Rue de la Roquette;75011;75111;Paris 11e Arrondissement;;;653823.34;6861714.4;2.370692;48.853813;parcelle;;;PARIS;RUE DE LA ROQUETTE;commune;commune;vrai;
75111_8358_00004;75111_8358;4;;Rue de la Roquette;75011;75111;Paris 11e Arrondissement;;;653810.85;6861667.13;2.370527;48.853387;parcelle;;;PARIS;RUE DE LA ROQUETTE;commune;commune;vrai;
75111_8358_00005;75111_8358;5;;Rue de la Roquette;75011;75111;Paris 11e Arrondissement;;;653830.22;6861722.13;2.370785;48.853883;parcelle;;;PARIS;RUE DE LA ROQUETTE;commune;commune;vrai;
75111_8358_00006;75111_8358;6;;Rue de la Roquette;75011;75111;Paris 11e Arrondissement;;;653814.79;6861672.99;2.37058;48.85344;parcelle;;;PARIS;RUE DE LA ROQUETTE;commune;commune;vrai;
75111_8358_00007;75111_8358;7;;Rue de la Roquette;75011;75111;Paris 11e Arrondissement;;;653835.14;6861732.09;2.370851;48.853973;parcelle;;;PARIS;RUE DE LA ROQUETTE;commune;commune;vrai;
75111_8358_00008;75111_8358;8;;Rue de la Roquette;75011;75111;Paris 11e Arrondissement;;;653818.13;6861677.97;2.370625;48.853485;parcelle;;;PARIS;RUE DE LA ROQUETTE;commune;commune;vrai;
75111_8358_00009;75111_8358;9;;Rue de la Roquette;75011;75111;Paris 11e Arrondissement;;;653841.09;6861741.05;2.370931;48.854054;parcelle;;;PARIS;RUE DE LA ROQUETTE;commune;commune;vrai;
75111_8358_00010;75111_8358;10;;Rue de la Roquette;75011;75111;Paris 11e Arrondissement;;;653821.4;6861682.83;2.370669;48.853529;parcelle;;;PARIS;RUE DE LA ROQUETTE;commune;commune;vrai;
75111_8358_00011;75111_8358;11;;Rue de la Roquette;75011;75111;Paris 11e Arrondissement;;;653846.88;6861749.79;2.371009;48.854133;parcelle;;;PARIS;RUE DE LA ROQUETTE;commune;commune;vrai;
75111_8358_00012;75111_8358;12;;Rue de la Roquette;75011;75111;Paris 11e Arrondissement;;;653826.22;6861690.13;2.370734;48.853595;parcelle;;;PARIS;RUE DE LA ROQUETTE;commune;commune;vrai;
75111_8358_00013;75111_8358;13;;Rue de la Roquette;75011;75111;Paris 11e Arrondissement;;;653855.38;6861757.06;2.371124;48.854199;parcelle;;;PARIS;RUE DE LA ROQUETTE;commune;commune;vrai;
75111_8358_00014;75111_8358;14;;Rue de la Roquette;75011;75111;Paris 11e Arrondissement;;;653832.69;6861699.76;2.370821;48.853682;parcelle;;;PARIS;RUE DE LA ROQUETTE;commune;commune;vrai;
75111_8358_00015;75111_8358;15;;Rue de la Roquette;75011;75111;Paris 11e Arrondissement;;;653864.5;6861769.67;2.371247;48.854313;parcelle;;;PARIS;RUE DE LA ROQUETTE;commune;commune;vrai;
75111_8358_00016;75111_8358;16;;Rue de la Roquette;75011;75111;Paris 11e Arrondissement;;;653837.29;6861706.72;2.370883;48.853745;parcelle;;;PARIS;RUE DE LA ROQUETTE;commune;commune;vrai;
75111_8358_00018;75111_8358;18;;Rue de la Roquette;75011;75111;Paris 11e Arrondissement;;;653842.41;6861714.36;2.370952;48.853814;parcelle;;;PARIS;RUE DE LA ROQUETTE;commune;commune;vrai;
75111_8358_00020;75111_8358;20;;Rue de la Roquette;75011;75111;Paris 11e Arrondissement;;;653849.17;6861724.64;2.371043;48.853907;parcelle;;;PARIS;RUE DE LA ROQUETTE;commune;commune;vrai;
75111_8358_00022;75111_8358;22;;Rue de la Roquette;75011;75111;Paris 11e Arrondissement;;;653854.97;6861733.27;2.371121;48.853985;parcelle;;;PARIS;RUE DE LA ROQUETTE;commune;commune;vrai;
75111_8358_00024;75111_8358;24;;Rue de la Roquette;75011;75111;Paris 11e Arrondissement;;;653858.38;6861738.36;2.371167;48.854031;parcelle;;;PARIS;RUE DE LA ROQUETTE;commune;commune;vrai;
75111_8358_00026;75111_8358;26;;Rue de la Roquette;75011;75111;Paris 11e Arrondissement;;;653862.84;6861745;2.371227;48.854091;parcelle;;;PARIS;RUE DE LA ROQUETTE;commune;commune;vrai;
75111_8358_00028;75111_8358;28;;Rue de la Roquette;75011;75111;Paris 11e Arrondissement;;;653866.77;6861750.97;2.37128;48.854145;parcelle;;;PARIS;RUE DE LA ROQUETTE;commune;commune;vrai;
75111_8358_00030;75111_8358;30;;Rue de la Roquette;75011;75111;Paris 11e Arrondissement;;;653870.26;6861756.17;2.371327;48.854192;parcelle;;;PARIS;RUE DE LA ROQUETTE;commune;commune;vrai;
75111_8358_00032;75111_8358;32;;Rue de la Roquette;75011;75111;Paris 11e Arrondissement;;;653876.41;6861762.68;2.37141;48.854251;parcelle;;;PARIS;RUE DE LA ROQUETTE;commune;commune;vrai;
75111_6530_00001;75111_6530;1;;Rue de Montreuil;75011;75111;Paris 11e Arrondissement;;;654799.46;6861341.75;2.384034;48.850531;parcelle;;;PARIS;RUE DE MONTREUIL;commune;commune;vrai;
75111_6530_00003;75111_6530;3;;Rue de Montreuil;75011;75111;Paris 11e Arrondissement;;;654802.18;6861341.73;2.384071;48.850531;parcelle;;;PARIS;RUE DE MONTREUIL;commune;commune;vrai;
75111_6530_00005;75111_6530;5;;Rue de Montreuil;75011;75111;Paris 11e Arrondissement;;;654806.73;6861341.8;2.384133;48.850532;parcelle;;;PARIS;RUE DE MONTREUIL;commune;commune;vrai;
75111_6530_00012;75111_6530;12;;Rue de Montreuil;75011;75111;Paris 11e Arrondissement;;;654857.03;6861326.95;2.38482;48.850402;parcelle;;;PARIS;RUE DE MONTREUIL;commune;commune;vrai;
75111_6530_00013;75111_6530;13;;Rue de Montreuil;75011;75111;Paris 11e Arrondissement;;;654843.2;6861341.3;2.38463;48.85053;parcelle;;;PARIS;RUE DE MONTREUIL;commune;commune;vrai;
75111_6530_00014;75111_6530;14;;Rue de Montreuil;75011;75111;Paris 11e Arrondissement;;;654866.35;6861326.88;2.384947;48.850402;parcelle;;;PARIS;RUE DE MONTREUIL;commune;commune;vrai;
75111_6530_00015;75111_6530;15;;Rue de Montreuil;75011;75111;Paris 11e Arrondissement;;;654850.09;6861340.46;2.384724;48.850523;parcelle;;;PARIS;RUE DE MONTREUIL;commune;commune;vrai;
75111_6530_00016;75111_6530;16;;Rue de Montreuil;75011;75111;Paris 11e Arrondissement;;;654875.23;6861327.26;2.385068;48.850406;parcelle;;;PARIS;RUE DE MONTREUIL;commune;commune;vrai;
75111_6530_00017;75111_6530;17;;Rue de Montreuil;75011;75111;Paris 11e Arrondissement;;;654857.87;6861340.18;2.38483;48.850521;parcelle;;;PARIS;RUE DE MONTREUIL;commune;commune;vrai;
75111_6530_00018;75111_6530;18;;Rue de Montreuil;75011;75111;Paris 11e Arrondissement;;;654883.59;6861327.08;2.385182;48.850405;parcelle;;;PARIS;RUE DE MONTREUIL;commune;commune;vrai;
75111_6530_00019;75111_6530;19;;Rue de Montreuil;75011;75111;Paris 11e Arrondissement;;;654863.07;6861340.03;2.384901;48.85052;parcelle;;;PARIS;RUE DE MONTREUIL;commune;commune;vrai;
75111_6530_00020;75111_6530;20;;Rue de Montreuil;75011;75111;Paris 11e Arrondissement;;;654890.71;6861326.91;2.385279;48.850404;parcelle;;;PARIS;RUE DE MONTREUIL;commune;commune;vrai;
75111_6530_00021;75111_6530;21;;Rue de Montreuil;75011;75111;Paris 11e Arrondissement;;;654874.89;6861339.49;2.385062;48.850516;parcelle;;;PARIS;RUE DE MONTREUIL;commune;commune;vrai;
75111_6530_00022;75111_6530;22;;Rue de Montreuil;75011;75111;Paris 11e Arrondissement;;;654897.38;6861325.97;2.38537;48.850396;parcelle;;;PARIS;RUE DE MONTREUIL;commune;commune;vrai;
75111_6530_00023;75111_6530;23;;Rue de Montreuil;75011;75111;Paris 11e Arrondissement;;;654887.21;6861339.06;2.38523;48.850513;parcelle;;;PARIS;RUE DE MONTREUIL;commune;commune;vrai;
75111_6530_00024;75111_6530;24;;Rue de Montreuil;75011;75111;Paris 11e Arrondissement;;;654904.65;6861325.81;2.385469;48.850395;parcelle;;;PARIS;RUE DE MONTREUIL;commune;commune;vrai;
75111_6530_00025;75111_6530;25;;Rue de Montreuil;75011;75111;Paris 11e Arrondissement;;;654892.79;6861338.8;2.385306;48.850511;parcelle;;;PARIS;RUE DE MONTREUIL;commune;commune;vrai;
75111_6530_00026;75111_6530;26;;Rue de Montreuil;75011;75111;Paris 11e Arrondissement;;;654909.98;6861322.76;2.385542;48.850368;parcelle;;;PARIS;RUE DE MONTREUIL;commune;commune;vrai;
75111_6530_00027;75111_6530;27;;Rue de Montreuil;75011;75111;Paris 11e Arrondissement;;;654900.13;6861340.07;2.385406;48.850523;parcelle;;;PARIS;RUE DE MONTREUIL;commune;commune;vrai;
75111_6530_00028;75111_6530;28;;Rue de Montreuil;75011;75111;Paris 11e Arrondissement;;;654917.39;6861322.7;2.385643;48.850368;parcelle;;;PARIS;RUE DE MONTREUIL;commune;commune;vrai;
75111_6530_00029;75111_6530;29;;Rue de Montreuil;75011;75111;Paris 11e Arrondissement;;;654905.86;6861339.92;2.385484;48.850522;parcelle;;;PARIS;RUE DE MONTREUIL;commune;commune;vrai;
75111_6530_00030;75111_6530;30;;Rue de Montreuil;75011;75111;Paris 11e Arrondissement;;;654951.02;6861325.11;2.386101;48.850392;parcelle;;;PARIS;RUE DE MONTREUIL;commune;commune;vrai;
75111_6530_00031;75111_6530;31;;Rue de Montreuil;75011;75111;Paris 11e Arrondissement;;;654923.39;6861339.56;2.385723;48.85052;parcelle;;;PARIS;RUE DE MONTREUIL;commune;commune;vrai;
75111_6530_00032;75111_6530;32;;Rue de Montreuil;75011;75111;Paris 11e Arrondissement;;;654967.01;6861324.54;2.386319;48.850388;parcelle;;;PARIS;RUE DE MONTREUIL;commune;commune;vrai;
75111_6530_00033;75111_6530;33;;Rue de Montreuil;75011;75111;Paris 11e Arrondissement;;;654953.33;6861338.88;2.386131;48.850516;parcelle;;;PARIS;RUE DE MONTREUIL;commune;commune;vrai;
75111_6530_00034;75111_6530;34;;Rue de Montreuil;75011;75111;Paris 11e Arrondissement;;;654979.12;6861324.34;2.386484;48.850387;parcelle;;;PARIS;RUE DE MONTREUIL;commune;commune;vrai;
75111_6530_00035;75111_6530;35;;Rue de Montreuil;75011;75111;Paris 11e Arrondissement;;;654996.76;6861337.77;2.386723;48.850509;parcelle;;;PARIS;RUE DE MONTREUIL;commune;commune;vrai;
75111_6530_00036;75111_6530;36;;Rue de Montreuil;75011;75111;Paris 11e Arrondissement;;;654988.22;6861324.15;2.386608;48.850386;parcelle;;;PARIS;RUE DE MONTREUIL;commune;commune;vrai;
75111_6530_00037;75111_6530;37;;Rue de Montreuil;75011;75111;Paris 11e Arrondissement;;;655010.48;6861337.55;2.38691;48.850508;parcelle;;;PARIS;RUE DE MONTREUIL;commune;commune;vrai;
75111_6530_00038;75111_6530;38;;Rue de Montreuil;75011;75111;Paris 11e Arrondissement;;;655010.09;6861324.1;2.386906;48.850387;parcelle;;;PARIS;RUE DE MONTREUIL;commune;commune;vrai;
75111_6530_00039;75111_6530;39;;Rue de Montreuil;75011;75111;Paris 11e Arrondissement;;;655047.83;6861337.04;2.387419;48.850506;parcelle;;;PARIS;RUE DE MONTREUIL;commune;commune;vrai;
75111_6530_00040;75111_6530;40;;Rue de Montreuil;75011;75111;Paris 11e Arrondissement;;;655024.32;6861323.43;2.3871;48.850382;parcelle;;;PARIS;RUE DE MONTREUIL;commune;commune;vrai;
75111_6530_00041;75111_6530;41;;Rue de Montreuil;75011;75111;Paris 11e Arrondissement;;;655083.27;6861335.87;2.387902;48.850498;parcelle;;;PARIS;RUE DE MONTREUIL;commune;commune;vrai;
75111_6530_00042;75111_6530;42;;Rue de Montreuil;75011;75111;Paris 11e Arrondissement;;;655052.13;6861322.99;2.387479;48.85038;parcelle;;;PARIS;RUE DE MONTREUIL;commune;commune;vrai;
75111_6530_00043;75111_6530;43;;Rue de Montreuil;75011;75111;Paris 11e Arrondissement;;;655090.32;6861336.04;2.387998;48.8505;parcelle;;;PARIS;RUE DE MONTREUIL;commune;commune;vrai;
75111_6530_00044;75111_6530;44;;Rue de Montreuil;75011;75111;Paris 11e Arrondissement;;;655068.57;6861323.2;2.387703;48.850383;parcelle;;;PARIS;RUE DE MONTREUIL;commune;commune;vrai;
75111_6530_00045;75111_6530;45;;Rue de Montreuil;75011;75111;Paris 11e Arrondissement;;;655104.77;6861336.15;2.388195;48.850502;parcelle;;;PARIS;RUE DE MONTREUIL;commune;commune;vrai;
75111_6530_00046;75111_6530;46;;Rue de Montreuil;75011;75111;Paris 11e Arrondissement;;;655117.86;6861320.48;2.388375;48.850362;parcelle;;;PARIS;RUE DE MONTREUIL;commune;commune;vrai;
75111_6530_00047;75111_6530;47;;Rue de Montreuil;75011;75111;Paris 11e Arrondissement;;;655123.89;6861341.01;2.388455;48.850547;parcelle;;;PARIS;RUE DE MONTREUIL;commune;commune;vrai;
75111_6530_00048;75111_6530;48;;Rue de Montreuil;75011;75111;Paris 11e Arrondissement;;;655140.25;6861320.75;2.38868;48.850366;parcelle;;;PARIS;RUE DE MONTREUIL;commune;commune;vrai;
75111_6530_00049;75111_6530;49;;Rue de Montreuil;75011;75111;Paris 11e Arrondissement;;;655134.5;6861336.36;2.3886;48.850506;parcelle;;;PARIS;RUE DE MONTREUIL;commune;commune;vrai;
75111_6530_00050;75111_6530;50;;Rue de Montreuil;75011;75111;Paris 11e Arrondissement;;;655165.59;6861324.11;2.389025;48.850398;parcelle;;;PARIS;RUE DE MONTREUIL;commune;commune;vrai;
75111_6530_00051;75111_6530;51;;Rue de Montreuil;75011;75111;Paris 11e Arrondissement;;;655147.63;6861336.48;2.388779;48.850508;parcelle;;;PARIS;RUE DE MONTREUIL;commune;commune;vrai;
75111_6530_00052;75111_6530;52;;Rue de Montreuil;75011;75111;Paris 11e Arrondissement;;;655189.07;6861324.38;2.389345;48.850402;parcelle;;;PARIS;RUE DE MONTREUIL;commune;commune;vrai;
75111_6530_00053;75111_6530;53;;Rue de Montreuil;75011;75111;Paris 11e Arrondissement;;;655169.28;6861336.76;2.389074;48.850512;parcelle;;;PARIS;RUE DE MONTREUIL;commune;commune;vrai;
75111_6530_00054;75111_6530;54;;Rue de Montreuil;75011;75111;Paris 11e Arrondissement;;;655202.94;6861324.49;2.389534;48.850404;parcelle;;;PARIS;RUE DE MONTREUIL;commune;commune;vrai;
75111_6530_00055;75111_6530;55;;Rue de Montreuil;75011;75111;Paris 11e Arrondissement;;;655184.29;6861341.43;2.389278;48.850555;parcelle;;;PARIS;RUE DE MONTREUIL;commune;commune;vrai;
75111_6530_00056;75111_6530;56;;Rue de Montreuil;75011;75111;Paris 11e Arrondissement;;;655207.35;6861324.9;2.389594;48.850408;parcelle;;;PARIS;RUE DE MONTREUIL;commune;commune;vrai;
75111_6530_00057;75111_6530;57;;Rue de Montreuil;75011;75111;Paris 11e Arrondissement;;;655199.11;6861341.65;2.38948;48.850558;parcelle;;;PARIS;RUE DE MONTREUIL;commune;commune;vrai;
75111_6530_00058;75111_6530;58;;Rue de Montreuil;75011;75111;Paris 11e Arrondissement;;;655217.48;6861324.71;2.389732;48.850407;parcelle;;;PARIS;RUE DE MONTREUIL;commune;commune;vrai;
75111_6530_00059;75111_6530;59;;Rue de Montreuil;75011;75111;Paris 11e Arrondissement;;;655210.05;6861341.78;2.389629;48.85056;parcelle;;;PARIS;RUE DE MONTREUIL;commune;commune;vrai;
75111_6530_00060;75111_6530;60;;Rue de Montreuil;75011;75111;Paris 11e Arrondissement;;;655240.89;6861324.87;2.390051;48.85041;parcelle;;;PARIS;RUE DE MONTREUIL;commune;commune;vrai;
75111_6530_00061;75111_6530;61;;Rue de Montreuil;75011;75111;Paris 11e Arrondissement;;;655224.54;6861337.22;2.389827;48.85052;parcelle;;;PARIS;RUE DE MONTREUIL;commune;commune;vrai;
75111_6530_00062;75111_6530;62;;Rue de Montreuil;75011;75111;Paris 11e Arrondissement;;;655253.58;6861324.88;2.390224;48.850411;parcelle;;;PARIS;RUE DE MONTREUIL;commune;commune;vrai;
75111_6530_00063;75111_6530;63;;Rue de Montreuil;75011;75111;Paris 11e Arrondissement;;;655231.77;6861341.73;2.389925;48.850561;parcelle;;;PARIS;RUE DE MONTREUIL;commune;commune;vrai;
75111_6530_00065;75111_6530;65;;Rue de Montreuil;75011;75111;Paris 11e Arrondissement;;;655239.84;6861341.89;2.390035;48.850563;parcelle;;;PARIS;RUE DE MONTREUIL;commune;commune;vrai;
75111_6530_00067;75111_6530;67;;Rue de Montreuil;75011;75111;Paris 11e Arrondissement;;;655246.23;6861341.95;2.390122;48.850564;parcelle;;;PARIS;RUE DE MONTREUIL;commune;commune;vrai;
75111_6530_00039_a;75111_6530;39;a;Rue de Montreuil;75011;75111;Paris 11e Arrondissement;;;655072.72;6861347.18;2.387757;48.850599;parcelle;;;PARIS;RUE DE MONTREUIL;commune;commune;vrai;
75111_6530_00039_b;75111_6530;39;b;Rue de Montreuil;75011;75111;Paris 11e Arrondissement;;;655056.86;6861337.08;2.387542;48.850507;parcelle;;;PARIS;RUE DE MONTREUIL;commune;commune;vrai;
75111_6530_00044_b;75111_6530;44;b;Rue de Montreuil;75011;75111;Paris 11e Arrondissement;;;655092.2;6861323.46;2.388025;48.850387;parcelle;;;PARIS;RUE DE MONTREUIL;commune;commune;vrai;
75111_6530_00031_b;75111_6530;31;b;Rue de Montreuil;75011;75111;Paris 11e Arrondissement;;;654928.31;6861339.41;2.38579;48.850519;parcelle;;;PARIS;RUE DE MONTREUIL;commune;commune;vrai;
75111_6530_00037_b;75111_6530;37;b;Rue de Montreuil;75011;75111;Paris 11e Arrondissement;;;655031.97;6861335.38;2.387203;48.85049;parcelle;;;PARIS;RUE DE MONTREUIL;commune;commune;vrai;
75111_6530_00037_ba;75111_6530;37;ba;Rue de Montreuil;75011;75111;Paris 11e Arrondissement;;;655029.94;6861357.63;2.387173;48.85069;parcelle;;;PARIS;RUE DE MONTREUIL;commune;commune;vrai;
75111_6530_00036_b;75111_6530;36;b;Rue de Montreuil;75011;75111;Paris 11e Arrondissement;;;654995.7;6861323.99;2.38671;48.850385;parcelle;;;PARIS;RUE DE MONTREUIL;commune;commune;vrai;
75111_6530_00062_a;75111_6530;62;a;Rue de Montreuil;75011;75111;Paris 11e Arrondissement;;;655261.22;6861297.13;2.390331;48.850162;parcelle;;;PARIS;RUE DE MONTREUIL;commune;commune;vrai;
75111_6530_00039_t;75111_6530;39;t;Rue de Montreuil;75011;75111;Paris 11e Arrondissement;;;655072.49;6861337.07;2.387755;48.850508;parcelle;;;PARIS;RUE DE MONTREUIL;commune;commune;vrai;
75111_6530_00058_b;75111_6530;58;b;Rue de Montreuil;75011;75111;Paris 11e Arrondissement;;;655228.19;6861324.85;2.389878;48.850409;parcelle;;;PARIS;RUE DE MONTREUIL;commune;commune;vrai;
75111_6530_00028_b;75111_6530;28;b;Rue de Montreuil;75011;75111;Paris 11e Arrondissement;;;654930.47;6861325.27;2.385821;48.850392;parcelle;;;PARIS;RUE DE MONTREUIL;commune;commune;vrai;
75111_9272_00001;75111_9272;1;;Passage Thiéré;75011;75111;Paris 11e Arrondissement;;;654128.9;6861651.14;2.374863;48.853266;parcelle;;;PARIS;PASSAGE THIERE;commune;commune;vrai;
75111_9272_00002;75111_9272;2;;Passage Thiéré;75011;75111;Paris 11e Arrondissement;;;654134.05;6861661.78;2.374932;48.853362;parcelle;;;PARIS;PASSAGE THIERE;commune;commune;vrai;
75111_9272_00003;75111_9272;3;;Passage Thiéré;75011;75111;Paris 11e Arrondissement;;;654112.73;6861665.95;2.374641;48.853398;parcelle;;;PARIS;PASSAGE THIERE;commune;commune;vrai;
75111_9272_00004;75111_9272;4;;Passage Thiéré;75011;75111;Paris 11e Arrondissement;;;654125.6;6861669.74;2.374816;48.853433;parcelle;;;PARIS;PASSAGE THIERE;commune;commune;vrai;
75111_9272_00005;75111_9272;5;;Passage Thiéré;75011;75111;Paris 11e Arrondissement;;;654102.65;6861681.04;2.374502;48.853533;parcelle;;;PARIS;PASSAGE THIERE;commune;commune;vrai;
75111_9272_00006;75111_9272;6;;Passage Thiéré;75011;75111;Paris 11e Arrondissement;;;654117.59;6861677.48;2.374706;48.853502;parcelle;;;PARIS;PASSAGE THIERE;commune;commune;vrai;
75111_9272_00007;75111_9272;7;;Passage Thiéré;75011;75111;Paris 11e Arrondissement;;;654093.11;6861690.24;2.374371;48.853615;parcelle;;;PARIS;PASSAGE THIERE;commune;commune;vrai;
75111_9272_00008;75111_9272;8;;Passage Thiéré;75011;75111;Paris 11e Arrondissement;;;654105.94;6861688.58;2.374546;48.853601;parcelle;;;PARIS;PASSAGE THIERE;commune;commune;vrai;
75111_9272_00009;75111_9272;9;;Passage Thiéré;75011;75111;Paris 11e Arrondissement;;;654082.55;6861700.33;2.374226;48.853705;parcelle;;;PARIS;PASSAGE THIERE;commune;commune;vrai;
75111_9272_00010;75111_9272;10;;Passage Thiéré;75011;75111;Paris 11e Arrondissement;;;654088.02;6861705.73;2.3743;48.853754;parcelle;;;PARIS;PASSAGE THIERE;commune;commune;vrai;
75111_9272_00011;75111_9272;11;;Passage Thiéré;75011;75111;Paris 11e Arrondissement;;;654054.25;6861721.68;2.373838;48.853895;parcelle;;;PARIS;PASSAGE THIERE;commune;commune;vrai;
75111_9272_00012;75111_9272;12;;Passage Thiéré;75011;75111;Paris 11e Arrondissement;;;654079.28;6861714.14;2.37418;48.853829;parcelle;;;PARIS;PASSAGE THIERE;commune;commune;vrai;
75111_9272_00013;75111_9272;13;;Passage Thiéré;75011;75111;Paris 11e Arrondissement;;;654043.47;6861732.33;2.37369;48.85399;parcelle;;;PARIS;PASSAGE THIERE;commune;commune;vrai;
75111_9272_00014;75111_9272;14;;Passage Thiéré;75011;75111;Paris 11e Arrondissement;;;654070.47;6861722.55;2.374059;48.853904;parcelle;;;PARIS;PASSAGE THIERE;commune;commune;vrai;
75111_9272_00015;75111_9272;15;;Passage Thiéré;75011;75111;Paris 11e Arrondissement;;;654036.7;6861739.28;2.373597;48.854052;parcelle;;;PARIS;PASSAGE THIERE;commune;commune;vrai;
75111_9272_00016;75111_9272;16;;Passage Thiéré;75011;75111;Paris 11e Arrondissement;;;654057.58;6861735.22;2.373882;48.854017;parcelle;;;PARIS;PASSAGE THIERE;commune;commune;vrai;
75111_9272_00017;75111_9272;17;;Passage Thiéré;75011;75111;Paris 11e Arrondissement;;;654034.16;6861741.97;2.373562;48.854076;parcelle;;;PARIS;PASSAGE THIERE;commune;commune;vrai;
75111_9272_00018;75111_9272;18;;Passage Thiéré;75011;75111;Paris 11e Arrondissement;;;654043.93;6861753.01;2.373694;48.854176;parcelle;;;PARIS;PASSAGE THIERE;commune;commune;vrai;
75111_9272_00019;75111_9272;19;;Passage Thiéré;75011;75111;Paris 11e Arrondissement;;;654031.03;6861745.22;2.373519;48.854105;parcelle;;;PARIS;PASSAGE THIERE;commune;commune;vrai;
75111_9272_00020;75111_9272;20;;Passage Thiéré;75011;75111;Paris 11e Arrondissement;;;654034.45;6861760.98;2.373564;48.854247;parcelle;;;PARIS;PASSAGE THIERE;commune;commune;vrai;
75111_9272_00021;75111_9272;21;;Passage Thiéré;75011;75111;Paris 11e Arrondissement;;;654028.19;6861748.24;2.37348;48.854132;parcelle;;;PARIS;PASSAGE THIERE;commune;commune;vrai;
75111_9272_00022;75111_9272;22;;Passage Thiéré;75011;75111;Paris 11e Arrondissement;;;654025.28;6861770.39;2.373438;48.854331;parcelle;;;PARIS;PASSAGE THIERE;commune;commune;vrai;
75111_9272_00023;75111_9272;23;;Passage Thiéré;75011;75111;Paris 11e Arrondissement;;;654024.91;6861751.71;2.373435;48.854163;parcelle;;;PARIS;PASSAGE THIERE;commune;commune;vrai;
75111_9272_00024;75111_9272;24;;Passage Thiéré;75011;75111;Paris 11e Arrondissement;;;654017.94;6861778.57;2.373337;48.854404;parcelle;;;PARIS;PASSAGE THIERE;commune;commune;vrai;
75111_9272_00025;75111_9272;25;;Passage Thiéré;75011;75111;Paris 11e Arrondissement;;;654021.93;6861754.85;2.373394;48.854191;parcelle;;;PARIS;PASSAGE THIERE;commune;commune;vrai;
75111_9272_00026;75111_9272;26;;Passage Thiéré;75011;75111;Paris 11e Arrondissement;;;654009.2;6861787.64;2.373217;48.854485;parcelle;;;PARIS;PASSAGE THIERE;commune;commune;vrai;
75111_9272_00027;75111_9272;27;;Passage Thiéré;75011;75111;Paris 11e Arrondissement;;;654018.95;6861757.99;2.373353;48.854219;parcelle;;;PARIS;PASSAGE THIERE;commune;commune;vrai;
75111_9272_00028;75111_9272;28;;Passage Thiéré;75011;75111;Paris 11e Arrondissement;;;654000.47;6861797.5;2.373097;48.854573;parcelle;;;PARIS;PASSAGE THIERE;commune;commune;vrai;
75111_9272_00029;75111_9272;29;;Passage Thiéré;75011;75111;Paris 11e Arrondissement;;;654009.34;6861768.18;2.373221;48.85431;parcelle;;;PARIS;PASSAGE THIERE;commune;commune;vrai;
75111_9272_00031;75111_9272;31;;Passage Thiéré;75011;75111;Paris 11e Arrondissement;;;654005.04;6861772.22;2.373162;48.854346;parcelle;;;PARIS;PASSAGE THIERE;commune;commune;vrai;
75111_9272_00033;75111_9272;33;;Passage Thiéré;75011;75111;Paris 11e Arrondissement;;;654000.32;6861777.48;2.373097;48.854393;parcelle;;;PARIS;PASSAGE THIERE;commune;commune;vrai;
75111_9272_00035;75111_9272;35;;Passage Thiéré;75011;75111;Paris 11e Arrondissement;;;653994.64;6861783.42;2.373019;48.854446;parcelle;;;PARIS;PASSAGE THIERE;commune;commune;vrai;
75111_9272_00037;75111_9272;37;;Passage Thiéré;75011;75111;Paris 11e Arrondissement;;;653989.92;6861790.02;2.372954;48.854505;parcelle;;;PARIS;PASSAGE THIERE;commune;commune;vrai;
75111_9272_00039;75111_9272;39;;Passage Thiéré;75011;75111;Paris 11e Arrondissement;;;653986.35;6861793.16;2.372905;48.854533;parcelle;;;PARIS;PASSAGE THIERE;commune;commune;vrai;
75111_9272_00041;75111_9272;41;;Passage Thiéré;75011;75111;Paris 11e Arrondissement;;;653981.98;6861796.98;2.372845;48.854567;parcelle;;;PARIS;PASSAGE THIERE;commune;commune;vrai;
75111_9272_00018_z;75111_9272;18;z;Passage Thiéré;75011;75111;Paris 11e Arrondissement;;;654011.71;6861779.73;2.373252;48.854414;parcelle;;;PARIS;PASSAGE THIERE;commune;commune;vrai;
75111_9272_00009_t;75111_9272;9;t;Passage Thiéré;75011;75111;Paris 11e Arrondissement;;;654062.62;6861713.5;2.373953;48.853822;parcelle;;;PARIS;PASSAGE THIERE;commune;commune;vrai;
75111_9272_00008_b;75111_9272;8;b;Passage Thiéré;75011;75111;Paris 11e Arrondissement;;;654094.5;6861699.57;2.374389;48.853699;parcelle;;;PARIS;PASSAGE THIERE;commune;commune;vrai;
75111_9272_00016_b;75111_9272;16;b;Passage Thiéré;75011;75111;Paris 11e Arrondissement;;;654051.98;6861740.6;2.373805;48.854065;parcelle;;;PARIS;PASSAGE THIERE;commune;commune;vrai;
75111_9272_00007_b;75111_9272;7;b;Passage Thiéré;75011;75111;Paris 11e Arrondissement;;;654084.81;6861698.2;2.374257;48.853686;parcelle;;;PARIS;PASSAGE THIERE;commune;commune;vrai;
75111_9272_00009_b;75111_9272;9;b;Passage Thiéré;75011;75111;Paris 11e Arrondissement;;;654074.54;6861708.17;2.374116;48.853775;parcelle;;;PARIS;PASSAGE THIERE;commune;commune;vrai;
75111_9272_00001_z1;75111_9272;1;z1;Passage Thiéré;75011;75111;Paris 11e Arrondissement;;;654113.72;6861670.28;2.374654;48.853437;parcelle;;;PARIS;PASSAGE THIERE;commune;commune;vrai;
75111_9272_00001_z2;75111_9272;1;z2;Passage Thiéré;75011;75111;Paris 11e Arrondissement;;;654131.93;6861653.01;2.374904;48.853283;parcelle;;;PARIS;PASSAGE THIERE;commune;commune;vrai;
75111_8208_00001;75111_8208;1;;Boulevard Richard Lenoir;75011;75111;Paris 11e Arrondissement;;;653715.1;6861769.75;2.369211;48.854303;parcelle;;;PARIS;BOULEVARD RICHARD LENOIR;commune;commune;vrai;
75111_8208_00002;75111_8208;2;;Boulevard Richard Lenoir;75011;75111;Paris 11e Arrondissement;;;653763.97;6861714.65;2.369883;48.853811;parcelle;;;PARIS;BOULEVARD RICHARD LENOIR;commune;commune;vrai;
75111_8208_00003;75111_8208;3;;Boulevard Richard Lenoir;75011;75111;Paris 11e Arrondissement;;;653727.91;6861810.9;2.369381;48.854674;parcelle;;;PARIS;BOULEVARD RICHARD LENOIR;commune;commune;vrai;
75111_8208_00004;75111_8208;4;;Boulevard Richard Lenoir;75011;75111;Paris 11e Arrondissement;;;653768.98;6861734.62;2.369949;48.853991;parcelle;;;PARIS;BOULEVARD RICHARD LENOIR;commune;commune;vrai;
75111_8208_00005;75111_8208;5;;Boulevard Richard Lenoir;75011;75111;Paris 11e Arrondissement;;;653747.27;6861874.35;2.369638;48.855246;parcelle;;;PARIS;BOULEVARD RICHARD LENOIR;commune;commune;vrai;
75111_8208_00006;75111_8208;6;;Boulevard Richard Lenoir;75011;75111;Paris 11e Arrondissement;;;653777.79;6861763.02;2.370066;48.854247;parcelle;;;PARIS;BOULEVARD RICHARD LENOIR;commune;commune;vrai;
75111_8208_00007;75111_8208;7;;Boulevard Richard Lenoir;75011;75111;Paris 11e Arrondissement;;;653754.12;6861896.42;2.369729;48.855445;parcelle;;;PARIS;BOULEVARD RICHARD LENOIR;commune;commune;vrai;
75111_8208_00008;75111_8208;8;;Boulevard Richard Lenoir;75011;75111;Paris 11e Arrondissement;;;653785.55;6861788.2;2.370169;48.854474;parcelle;;;PARIS;BOULEVARD RICHARD LENOIR;commune;commune;vrai;
75111_8208_00010;75111_8208;10;;Boulevard Richard Lenoir;75011;75111;Paris 11e Arrondissement;;;653793.83;6861815.04;2.370279;48.854716;parcelle;;;PARIS;BOULEVARD RICHARD LENOIR;commune;commune;vrai;
75111_8208_00012;75111_8208;12;;Boulevard Richard Lenoir;75011;75111;Paris 11e Arrondissement;;;653798.35;6861829.46;2.370339;48.854846;parcelle;;;PARIS;BOULEVARD RICHARD LENOIR;commune;commune;vrai;
75111_8208_00014;75111_8208;14;;Boulevard Richard Lenoir;75011;75111;Paris 11e Arrondissement;;;653802.27;6861842.33;2.370391;48.854962;parcelle;;;PARIS;BOULEVARD RICHARD LENOIR;commune;commune;vrai;
75111_8208_00001_b;75111_8208;1;b;Boulevard Richard Lenoir;75011;75111;Paris 11e Arrondissement;;;653722.41;6861793.26;2.369308;48.854515;parcelle;;;PARIS;BOULEVARD RICHARD LENOIR;commune;commune;vrai;
75111_8208_00008_b;75111_8208;8;b;Boulevard Richard Lenoir;75011;75111;Paris 11e Arrondissement;;;653789.99;6861802.51;2.370228;48.854603;parcelle;;;PARIS;BOULEVARD RICHARD LENOIR;commune;commune;vrai;
75111_1103_00001;75111_1103;1;;Impasse Bon Secours;75011;75111;Paris 11e Arrondissement;;;654810.82;6861857.06;2.384134;48.855166;parcelle;;;PARIS;IMPASSE BON SECOURS;commune;commune;vrai;
75111_1103_00002;75111_1103;2;;Impasse Bon Secours;75011;75111;Paris 11e Arrondissement;;;654774.59;6861849.78;2.383641;48.855098;parcelle;;;PARIS;IMPASSE BON SECOURS;commune;commune;vrai;
75111_1103_00003;75111_1103;3;;Impasse Bon Secours;75011;75111;Paris 11e Arrondissement;;;654774.91;6861833.99;2.383647;48.854956;parcelle;;;PARIS;IMPASSE BON SECOURS;commune;commune;vrai;
75111_1103_00004;75111_1103;4;;Impasse Bon Secours;75011;75111;Paris 11e Arrondissement;;;654766.49;6861846.4;2.383531;48.855067;parcelle;;;PARIS;IMPASSE BON SECOURS;commune;commune;vrai;
75111_1103_00005;75111_1103;5;;Impasse Bon Secours;75011;75111;Paris 11e Arrondissement;;;654760.4;6861827.88;2.38345;48.8549;parcelle;;;PARIS;IMPASSE BON SECOURS;commune;commune;vrai;
75111_1103_00008;75111_1103;8;;Impasse Bon Secours;75011;75111;Paris 11e Arrondissement;;;654752.58;6861840.5;2.383342;48.855013;parcelle;;;PARIS;IMPASSE BON SECOURS;commune;commune;vrai;
75111_1103_00010;75111_1103;10;;Impasse Bon Secours;75011;75111;Paris 11e Arrondissement;;;654748.03;6861831.75;2.383281;48.854934;parcelle;;;PARIS;IMPASSE BON SECOURS;commune;commune;vrai;
75111_1103_00001_b;75111_1103;1;b;Impasse Bon Secours;75011;75111;Paris 11e Arrondissement;;;654795.53;6861843.39;2.383927;48.855042;parcelle;;;PARIS;IMPASSE BON SECOURS;commune;commune;vrai;
75111_5919_00001;75111_5919;1;;Passage de la Main d'Or;75011;75111;Paris 11e Arrondissement;;;654334.29;6861408.78;2.377688;48.851101;parcelle;;;PARIS;PASSAGE DE LA MAIN D OR;commune;commune;vrai;
75111_5919_00002;75111_5919;2;;Passage de la Main d'Or;75011;75111;Paris 11e Arrondissement;;;654340.65;6861415.07;2.377774;48.851158;parcelle;;;PARIS;PASSAGE DE LA MAIN D OR;commune;commune;vrai;
75111_5919_00003;75111_5919;3;;Passage de la Main d'Or;75011;75111;Paris 11e Arrondissement;;;654340.05;6861431.19;2.377764;48.851303;parcelle;;;PARIS;PASSAGE DE LA MAIN D OR;commune;commune;vrai;
75111_5919_00004;75111_5919;4;;Passage de la Main d'Or;75011;75111;Paris 11e Arrondissement;;;654348.55;6861439.91;2.377879;48.851382;parcelle;;;PARIS;PASSAGE DE LA MAIN D OR;commune;commune;vrai;
75111_5919_00005;75111_5919;5;;Passage de la Main d'Or;75011;75111;Paris 11e Arrondissement;;;654344.59;6861449.28;2.377824;48.851466;parcelle;;;PARIS;PASSAGE DE LA MAIN D OR;commune;commune;vrai;
75111_5919_00006;75111_5919;6;;Passage de la Main d'Or;75011;75111;Paris 11e Arrondissement;;;654361.24;6861494.3;2.378046;48.851872;parcelle;;;PARIS;PASSAGE DE LA MAIN D OR;commune;commune;vrai;
75111_5919_00007;75111_5919;7;;Passage de la Main d'Or;75011;75111;Paris 11e Arrondissement;;;654348.61;6861465.04;2.377877;48.851608;parcelle;;;PARIS;PASSAGE DE LA MAIN D OR;commune;commune;vrai;
75111_5919_00008;75111_5919;8;;Passage de la Main d'Or;75011;75111;Paris 11e Arrondissement;;;654364.27;6861506.4;2.378086;48.851981;parcelle;;;PARIS;PASSAGE DE LA MAIN D OR;commune;commune;vrai;
75111_5919_00009;75111_5919;9;;Passage de la Main d'Or;75011;75111;Paris 11e Arrondissement;;;654348.78;6861487.28;2.377877;48.851808;parcelle;;;PARIS;PASSAGE DE LA MAIN D OR;commune;commune;vrai;
75111_5919_00010;75111_5919;10;;Passage de la Main d'Or;75011;75111;Paris 11e Arrondissement;;;654367;6861517.83;2.378122;48.852084;parcelle;;;PARIS;PASSAGE DE LA MAIN D OR;commune;commune;vrai;
75111_5919_00011;75111_5919;11;;Passage de la Main d'Or;75011;75111;Paris 11e Arrondissement;;;654352.65;6861502.71;2.377928;48.851947;parcelle;;;PARIS;PASSAGE DE LA MAIN D OR;commune;commune;vrai;
75111_5919_00012;75111_5919;12;;Passage de la Main d'Or;75011;75111;Paris 11e Arrondissement;;;654368.44;6861524.04;2.378141;48.85214;parcelle;;;PARIS;PASSAGE DE LA MAIN D OR;commune;commune;vrai;
75111_5919_00013;75111_5919;13;;Passage de la Main d'Or;75011;75111;Paris 11e Arrondissement;;;654358.25;6861525.12;2.378002;48.852149;parcelle;;;PARIS;PASSAGE DE LA MAIN D OR;commune;commune;vrai;
75111_5919_00014;75111_5919;14;;Passage de la Main d'Or;75011;75111;Paris 11e Arrondissement;;;654370.26;6861531.59;2.378165;48.852208;parcelle;;;PARIS;PASSAGE DE LA MAIN D OR;commune;commune;vrai;
75111_5919_00015;75111_5919;15;;Passage de la Main d'Or;75011;75111;Paris 11e Arrondissement;;;654365.45;6861554.09;2.378097;48.85241;parcelle;;;PARIS;PASSAGE DE LA MAIN D OR;commune;commune;vrai;
75111_5919_00016;75111_5919;16;;Passage de la Main d'Or;75011;75111;Paris 11e Arrondissement;;;654377.93;6861554.77;2.378267;48.852417;parcelle;;;PARIS;PASSAGE DE LA MAIN D OR;commune;commune;vrai;
75111_5919_00017;75111_5919;17;;Passage de la Main d'Or;75011;75111;Paris 11e Arrondissement;;;654372.58;6861582.72;2.378191;48.852668;parcelle;;;PARIS;PASSAGE DE LA MAIN D OR;commune;commune;vrai;
75111_5919_00018;75111_5919;18;;Passage de la Main d'Or;75011;75111;Paris 11e Arrondissement;;;654396.63;6861590.43;2.378518;48.852739;parcelle;;;PARIS;PASSAGE DE LA MAIN D OR;commune;commune;vrai;
75111_5919_00019;75111_5919;19;;Passage de la Main d'Or;75011;75111;Paris 11e Arrondissement;;;654381.51;6861590.33;2.378312;48.852737;parcelle;;;PARIS;PASSAGE DE LA MAIN D OR;commune;commune;vrai;
75111_5919_00020;75111_5919;20;;Passage de la Main d'Or;75011;75111;Paris 11e Arrondissement;;;654397.42;6861606.32;2.378527;48.852882;parcelle;;;PARIS;PASSAGE DE LA MAIN D OR;commune;commune;vrai;
75111_5919_00021;75111_5919;21;;Passage de la Main d'Or;75011;75111;Paris 11e Arrondissement;;;654387.5;6861604.85;2.378392;48.852868;parcelle;;;PARIS;PASSAGE DE LA MAIN D OR;commune;commune;vrai;
75111_5919_00022;75111_5919;22;;Passage de la Main d'Or;75011;75111;Paris 11e Arrondissement;;;654398.93;6861630.55;2.378545;48.8531;parcelle;;;PARIS;PASSAGE DE LA MAIN D OR;commune;commune;vrai;
75111_5919_00023;75111_5919;23;;Passage de la Main d'Or;75011;75111;Paris 11e Arrondissement;;;654388.95;6861630.74;2.378409;48.853101;parcelle;;;PARIS;PASSAGE DE LA MAIN D OR;commune;commune;vrai;
75111_5919_00011_b;75111_5919;11;b;Passage de la Main d'Or;75011;75111;Paris 11e Arrondissement;;;654355.22;6861513.25;2.377962;48.852042;parcelle;;;PARIS;PASSAGE DE LA MAIN D OR;commune;commune;vrai;
75111_5919_00004_t;75111_5919;4;t;Passage de la Main d'Or;75011;75111;Paris 11e Arrondissement;;;654357.45;6861478.87;2.377996;48.851733;parcelle;;;PARIS;PASSAGE DE LA MAIN D OR;commune;commune;vrai;
75111_5919_00007_b;75111_5919;7;b;Passage de la Main d'Or;75011;75111;Paris 11e Arrondissement;;;654346.13;6861477.29;2.377842;48.851718;parcelle;;;PARIS;PASSAGE DE LA MAIN D OR;commune;commune;vrai;
75111_5919_00004_b;75111_5919;4;b;Passage de la Main d'Or;75011;75111;Paris 11e Arrondissement;;;654353.75;6861457.11;2.377948;48.851537;parcelle;;;PARIS;PASSAGE DE LA MAIN D OR;commune;commune;vrai;
75111_5344_00001;75111_5344;1;;Rue de Lappe;75011;75111;Paris 11e Arrondissement;;;653891.69;6861765.34;2.371618;48.854276;parcelle;;;PARIS;RUE DE LAPPE;commune;commune;vrai;
75111_5344_00002;75111_5344;2;;Rue de Lappe;75011;75111;Paris 11e Arrondissement;;;653881.11;6861763.53;2.371474;48.854259;parcelle;;;PARIS;RUE DE LAPPE;commune;commune;vrai;
75111_5344_00003;75111_5344;3;;Rue de Lappe;75011;75111;Paris 11e Arrondissement;;;653906.86;6861753.99;2.371826;48.854175;parcelle;;;PARIS;RUE DE LAPPE;commune;commune;vrai;
75111_5344_00004;75111_5344;4;;Rue de Lappe;75011;75111;Paris 11e Arrondissement;;;653889.13;6861757.46;2.371584;48.854205;parcelle;;;PARIS;RUE DE LAPPE;commune;commune;vrai;
75111_5344_00005;75111_5344;5;;Rue de Lappe;75011;75111;Paris 11e Arrondissement;;;653914.52;6861748.14;2.371931;48.854123;parcelle;;;PARIS;RUE DE LAPPE;commune;commune;vrai;
75111_5344_00006;75111_5344;6;;Rue de Lappe;75011;75111;Paris 11e Arrondissement;;;653897.74;6861750.94;2.371702;48.854147;parcelle;;;PARIS;RUE DE LAPPE;commune;commune;vrai;
75111_5344_00007;75111_5344;7;;Rue de Lappe;75011;75111;Paris 11e Arrondissement;;;653922.76;6861741.96;2.372044;48.854068;parcelle;;;PARIS;RUE DE LAPPE;commune;commune;vrai;
75111_5344_00008;75111_5344;8;;Rue de Lappe;75011;75111;Paris 11e Arrondissement;;;653908.68;6861742.74;2.371852;48.854074;parcelle;;;PARIS;RUE DE LAPPE;commune;commune;vrai;
75111_5344_00009;75111_5344;9;;Rue de Lappe;75011;75111;Paris 11e Arrondissement;;;653930.64;6861736;2.372152;48.854015;parcelle;;;PARIS;RUE DE LAPPE;commune;commune;vrai;
75111_5344_00010;75111_5344;10;;Rue de Lappe;75011;75111;Paris 11e Arrondissement;;;653918.97;6861734.99;2.371993;48.854005;parcelle;;;PARIS;RUE DE LAPPE;commune;commune;vrai;
75111_5344_00011;75111_5344;11;;Rue de Lappe;75011;75111;Paris 11e Arrondissement;;;653936.04;6861731.96;2.372226;48.853979;parcelle;;;PARIS;RUE DE LAPPE;commune;commune;vrai;
75111_5344_00012;75111_5344;12;;Rue de Lappe;75011;75111;Paris 11e Arrondissement;;;653925.97;6861729.7;2.372089;48.853958;parcelle;;;PARIS;RUE DE LAPPE;commune;commune;vrai;
75111_5344_00013;75111_5344;13;;Rue de Lappe;75011;75111;Paris 11e Arrondissement;;;653941.8;6861727.58;2.372305;48.85394;parcelle;;;PARIS;RUE DE LAPPE;commune;commune;vrai;
75111_5344_00014;75111_5344;14;;Rue de Lappe;75011;75111;Paris 11e Arrondissement;;;653931.44;6861725.55;2.372164;48.853921;parcelle;;;PARIS;RUE DE LAPPE;commune;commune;vrai;
75111_5344_00015;75111_5344;15;;Rue de Lappe;75011;75111;Paris 11e Arrondissement;;;653948.15;6861722.86;2.372392;48.853898;parcelle;;;PARIS;RUE DE LAPPE;commune;commune;vrai;
75111_5344_00016;75111_5344;16;;Rue de Lappe;75011;75111;Paris 11e Arrondissement;;;653936.11;6861722.06;2.372228;48.85389;parcelle;;;PARIS;RUE DE LAPPE;commune;commune;vrai;
75111_5344_00017;75111_5344;17;;Rue de Lappe;75011;75111;Paris 11e Arrondissement;;;653955.44;6861717.35;2.372492;48.853849;parcelle;;;PARIS;RUE DE LAPPE;commune;commune;vrai;
75111_5344_00018;75111_5344;18;;Rue de Lappe;75011;75111;Paris 11e Arrondissement;;;653943.48;6861716.44;2.372329;48.85384;parcelle;;;PARIS;RUE DE LAPPE;commune;commune;vrai;
75111_5344_00019;75111_5344;19;;Rue de Lappe;75011;75111;Paris 11e Arrondissement;;;653961.72;6861712.63;2.372578;48.853807;parcelle;;;PARIS;RUE DE LAPPE;commune;commune;vrai;
75111_5344_00020;75111_5344;20;;Rue de Lappe;75011;75111;Paris 11e Arrondissement;;;653957.77;6861705.77;2.372525;48.853745;parcelle;;;PARIS;RUE DE LAPPE;commune;commune;vrai;
75111_5344_00021;75111_5344;21;;Rue de Lappe;75011;75111;Paris 11e Arrondissement;;;653965.22;6861709.93;2.372626;48.853783;parcelle;;;PARIS;RUE DE LAPPE;commune;commune;vrai;
75111_5344_00022;75111_5344;22;;Rue de Lappe;75011;75111;Paris 11e Arrondissement;;;653977.98;6861690.48;2.372802;48.853609;parcelle;;;PARIS;RUE DE LAPPE;commune;commune;vrai;
75111_5344_00023;75111_5344;23;;Rue de Lappe;75011;75111;Paris 11e Arrondissement;;;653975.94;6861701.84;2.372773;48.853711;parcelle;;;PARIS;RUE DE LAPPE;commune;commune;vrai;
75111_5344_00024;75111_5344;24;;Rue de Lappe;75011;75111;Paris 11e Arrondissement;;;653992.86;6861679.47;2.373006;48.853511;parcelle;;;PARIS;RUE DE LAPPE;commune;commune;vrai;
75111_5344_00025;75111_5344;25;;Rue de Lappe;75011;75111;Paris 11e Arrondissement;;;653986.52;6861693.86;2.372918;48.85364;parcelle;;;PARIS;RUE DE LAPPE;commune;commune;vrai;
75111_5344_00026;75111_5344;26;;Rue de Lappe;75011;75111;Paris 11e Arrondissement;;;654004.09;6861671.04;2.37316;48.853436;parcelle;;;PARIS;RUE DE LAPPE;commune;commune;vrai;
75111_5344_00027;75111_5344;27;;Rue de Lappe;75011;75111;Paris 11e Arrondissement;;;653995.29;6861690.01;2.373038;48.853606;parcelle;;;PARIS;RUE DE LAPPE;commune;commune;vrai;
75111_5344_00028;75111_5344;28;;Rue de Lappe;75011;75111;Paris 11e Arrondissement;;;654030.43;6861651.37;2.373521;48.853261;parcelle;;;PARIS;RUE DE LAPPE;commune;commune;vrai;
75111_5344_00029;75111_5344;29;;Rue de Lappe;75011;75111;Paris 11e Arrondissement;;;654002.32;6861687.51;2.373134;48.853584;parcelle;;;PARIS;RUE DE LAPPE;commune;commune;vrai;
75111_5344_00030;75111_5344;30;;Rue de Lappe;75011;75111;Paris 11e Arrondissement;;;654045.45;6861640.02;2.373727;48.85316;parcelle;;;PARIS;RUE DE LAPPE;commune;commune;vrai;
75111_5344_00031;75111_5344;31;;Rue de Lappe;75011;75111;Paris 11e Arrondissement;;;654006.77;6861684.14;2.373195;48.853554;parcelle;;;PARIS;RUE DE LAPPE;commune;commune;vrai;
75111_5344_00032;75111_5344;32;;Rue de Lappe;75011;75111;Paris 11e Arrondissement;;;654060.55;6861628.78;2.373934;48.85306;parcelle;;;PARIS;RUE DE LAPPE;commune;commune;vrai;
75111_5344_00033;75111_5344;33;;Rue de Lappe;75011;75111;Paris 11e Arrondissement;;;654010.59;6861675.99;2.373248;48.853481;parcelle;;;PARIS;RUE DE LAPPE;commune;commune;vrai;
75111_5344_00034;75111_5344;34;;Rue de Lappe;75011;75111;Paris 11e Arrondissement;;;654075.51;6861617.54;2.374139;48.85296;parcelle;;;PARIS;RUE DE LAPPE;commune;commune;vrai;
75111_5344_00035;75111_5344;35;;Rue de Lappe;75011;75111;Paris 11e Arrondissement;;;654016.79;6861671.38;2.373333;48.85344;parcelle;;;PARIS;RUE DE LAPPE;commune;commune;vrai;
75111_5344_00036;75111_5344;36;;Rue de Lappe;75011;75111;Paris 11e Arrondissement;;;654090.46;6861606.41;2.374344;48.852861;parcelle;;;PARIS;RUE DE LAPPE;commune;commune;vrai;
75111_5344_00037;75111_5344;37;;Rue de Lappe;75011;75111;Paris 11e Arrondissement;;;654023.87;6861666.1;2.37343;48.853393;parcelle;;;PARIS;RUE DE LAPPE;commune;commune;vrai;
75111_5344_00039;75111_5344;39;;Rue de Lappe;75011;75111;Paris 11e Arrondissement;;;654032.18;6861659.81;2.373544;48.853337;parcelle;;;PARIS;RUE DE LAPPE;commune;commune;vrai;
75111_5344_00041;75111_5344;41;;Rue de Lappe;75011;75111;Paris 11e Arrondissement;;;654041.23;6861653.06;2.373668;48.853277;parcelle;;;PARIS;RUE DE LAPPE;commune;commune;vrai;
75111_5344_00043;75111_5344;43;;Rue de Lappe;75011;75111;Paris 11e Arrondissement;;;654048.96;6861647.22;2.373774;48.853225;parcelle;;;PARIS;RUE DE LAPPE;commune;commune;vrai;
75111_5344_00045;75111_5344;45;;Rue de Lappe;75011;75111;Paris 11e Arrondissement;;;654056.84;6861641.26;2.373882;48.853172;parcelle;;;PARIS;RUE DE LAPPE;commune;commune;vrai;
75111_5344_00047;75111_5344;47;;Rue de Lappe;75011;75111;Paris 11e Arrondissement;;;654065.23;6861634.97;2.373997;48.853116;parcelle;;;PARIS;RUE DE LAPPE;commune;commune;vrai;
75111_5344_00049;75111_5344;49;;Rue de Lappe;75011;75111;Paris 11e Arrondissement;;;654074.64;6861627.89;2.374126;48.853053;parcelle;;;PARIS;RUE DE LAPPE;commune;commune;vrai;
75111_5344_00051;75111_5344;51;;Rue de Lappe;75011;75111;Paris 11e Arrondissement;;;654086.89;6861618.67;2.374294;48.852971;parcelle;;;PARIS;RUE DE LAPPE;commune;commune;vrai;
75111_5344_00021_p;75111_5344;21;p;Rue de Lappe;75011;75111;Paris 11e Arrondissement;;;653973;6861710.09;2.372732;48.853785;parcelle;;;PARIS;RUE DE LAPPE;commune;commune;vrai;
75111_5344_00026_b;75111_5344;26;b;Rue de Lappe;75011;75111;Paris 11e Arrondissement;;;654017.52;6861661.03;2.373344;48.853347;parcelle;;;PARIS;RUE DE LAPPE;commune;commune;vrai;
75111_5144_00001;75111_5144;1;;Rue Keller;75011;75111;Paris 11e Arrondissement;;;654265.17;6861678.98;2.376717;48.853526;parcelle;;;PARIS;RUE KELLER;commune;commune;vrai;
75111_5144_00002;75111_5144;2;;Rue Keller;75011;75111;Paris 11e Arrondissement;;;654284.27;6861671.93;2.376978;48.853464;parcelle;;;PARIS;RUE KELLER;commune;commune;vrai;
75111_5144_00003;75111_5144;3;;Rue Keller;75011;75111;Paris 11e Arrondissement;;;654254.26;6861700.75;2.376566;48.853721;parcelle;;;PARIS;RUE KELLER;commune;commune;vrai;
75111_5144_00004;75111_5144;4;;Rue Keller;75011;75111;Paris 11e Arrondissement;;;654275.45;6861689.35;2.376856;48.85362;parcelle;;;PARIS;RUE KELLER;commune;commune;vrai;
75111_5144_00005;75111_5144;5;;Rue Keller;75011;75111;Paris 11e Arrondissement;;;654248.7;6861711.91;2.376489;48.853821;parcelle;;;PARIS;RUE KELLER;commune;commune;vrai;
75111_5144_00006;75111_5144;6;;Rue Keller;75011;75111;Paris 11e Arrondissement;;;654268.16;6861703.97;2.376755;48.853751;parcelle;;;PARIS;RUE KELLER;commune;commune;vrai;
75111_5144_00007;75111_5144;7;;Rue Keller;75011;75111;Paris 11e Arrondissement;;;654242.85;6861723.63;2.376408;48.853926;parcelle;;;PARIS;RUE KELLER;commune;commune;vrai;
75111_5144_00008;75111_5144;8;;Rue Keller;75011;75111;Paris 11e Arrondissement;;;654260.86;6861718.6;2.376654;48.853882;parcelle;;;PARIS;RUE KELLER;commune;commune;vrai;
75111_5144_00009;75111_5144;9;;Rue Keller;75011;75111;Paris 11e Arrondissement;;;654236.28;6861736.81;2.376317;48.854044;parcelle;;;PARIS;RUE KELLER;commune;commune;vrai;
75111_5144_00010;75111_5144;10;;Rue Keller;75011;75111;Paris 11e Arrondissement;;;654247.86;6861744.61;2.376474;48.854115;parcelle;;;PARIS;RUE KELLER;commune;commune;vrai;
75111_5144_00011;75111_5144;11;;Rue Keller;75011;75111;Paris 11e Arrondissement;;;654230.13;6861749.09;2.376232;48.854154;parcelle;;;PARIS;RUE KELLER;commune;commune;vrai;
75111_5144_00012;75111_5144;12;;Rue Keller;75011;75111;Paris 11e Arrondissement;;;654241.93;6861756.44;2.376392;48.854221;parcelle;;;PARIS;RUE KELLER;commune;commune;vrai;
75111_5144_00013;75111_5144;13;;Rue Keller;75011;75111;Paris 11e Arrondissement;;;654222.11;6861764.94;2.376121;48.854296;parcelle;;;PARIS;RUE KELLER;commune;commune;vrai;
75111_5144_00014;75111_5144;14;;Rue Keller;75011;75111;Paris 11e Arrondissement;;;654232.11;6861775.98;2.376256;48.854396;parcelle;;;PARIS;RUE KELLER;commune;commune;vrai;
75111_5144_00015;75111_5144;15;;Rue Keller;75011;75111;Paris 11e Arrondissement;;;654209.55;6861790.17;2.375947;48.854522;parcelle;;;PARIS;RUE KELLER;commune;commune;vrai;
75111_5144_00016;75111_5144;16;;Rue Keller;75011;75111;Paris 11e Arrondissement;;;654223.15;6861794.07;2.376132;48.854558;parcelle;;;PARIS;RUE KELLER;commune;commune;vrai;
75111_5144_00017;75111_5144;17;;Rue Keller;75011;75111;Paris 11e Arrondissement;;;654198.06;6861813.17;2.375788;48.854728;parcelle;;;PARIS;RUE KELLER;commune;commune;vrai;
75111_5144_00018;75111_5144;18;;Rue Keller;75011;75111;Paris 11e Arrondissement;;;654216.14;6861808.02;2.376035;48.854683;parcelle;;;PARIS;RUE KELLER;commune;commune;vrai;
75111_5144_00019;75111_5144;19;;Rue Keller;75011;75111;Paris 11e Arrondissement;;;654188.74;6861831.81;2.375659;48.854895;parcelle;;;PARIS;RUE KELLER;commune;commune;vrai;
75111_5144_00020;75111_5144;20;;Rue Keller;75011;75111;Paris 11e Arrondissement;;;654209.21;6861821.98;2.375939;48.854808;parcelle;;;PARIS;RUE KELLER;commune;commune;vrai;
75111_5144_00021;75111_5144;21;;Rue Keller;75011;75111;Paris 11e Arrondissement;;;654183.04;6861843.2;2.37558;48.854997;parcelle;;;PARIS;RUE KELLER;commune;commune;vrai;
75111_5144_00022;75111_5144;22;;Rue Keller;75011;75111;Paris 11e Arrondissement;;;654204.59;6861831.13;2.375875;48.85489;parcelle;;;PARIS;RUE KELLER;commune;commune;vrai;
75111_5144_00023;75111_5144;23;;Rue Keller;75011;75111;Paris 11e Arrondissement;;;654174.15;6861860.95;2.375457;48.855156;parcelle;;;PARIS;RUE KELLER;commune;commune;vrai;
75111_5144_00024;75111_5144;24;;Rue Keller;75011;75111;Paris 11e Arrondissement;;;654200.11;6861840.06;2.375813;48.85497;parcelle;;;PARIS;RUE KELLER;commune;commune;vrai;
75111_5144_00025;75111_5144;25;;Rue Keller;75011;75111;Paris 11e Arrondissement;;;654165.77;6861877.7;2.375341;48.855306;parcelle;;;PARIS;RUE KELLER;commune;commune;vrai;
75111_5144_00026;75111_5144;26;;Rue Keller;75011;75111;Paris 11e Arrondissement;;;654196.86;6861846.65;2.375768;48.855029;parcelle;;;PARIS;RUE KELLER;commune;commune;vrai;
75111_5144_00027;75111_5144;27;;Rue Keller;75011;75111;Paris 11e Arrondissement;;;654160.35;6861888.53;2.375266;48.855403;parcelle;;;PARIS;RUE KELLER;commune;commune;vrai;
75111_5144_00028;75111_5144;28;;Rue Keller;75011;75111;Paris 11e Arrondissement;;;654193.17;6861854.02;2.375717;48.855095;parcelle;;;PARIS;RUE KELLER;commune;commune;vrai;
75111_5144_00030;75111_5144;30;;Rue Keller;75011;75111;Paris 11e Arrondissement;;;654188.62;6861863.06;2.375654;48.855176;parcelle;;;PARIS;RUE KELLER;commune;commune;vrai;
75111_5144_00032;75111_5144;32;;Rue Keller;75011;75111;Paris 11e Arrondissement;;;654185.45;6861869.53;2.37561;48.855234;parcelle;;;PARIS;RUE KELLER;commune;commune;vrai;
75111_5144_00034;75111_5144;34;;Rue Keller;75011;75111;Paris 11e Arrondissement;;;654181.98;6861876.35;2.375562;48.855295;parcelle;;;PARIS;RUE KELLER;commune;commune;vrai;
75111_5144_00036;75111_5144;36;;Rue Keller;75011;75111;Paris 11e Arrondissement;;;654170.64;6861899.12;2.375405;48.855499;parcelle;;;PARIS;RUE KELLER;commune;commune;vrai;
75111_5144_00013_b;75111_5144;13;b;Rue Keller;75011;75111;Paris 11e Arrondissement;;;654217.57;6861774.21;2.376058;48.854379;parcelle;;;PARIS;RUE KELLER;commune;commune;vrai;
75111_5144_00018_a;75111_5144;18;a;Rue Keller;75011;75111;Paris 11e Arrondissement;;;654233.97;6861816;2.376277;48.854756;parcelle;;;PARIS;RUE KELLER;commune;commune;vrai;
75111_4218_00001;75111_4218;1;;Rue Godefroy Cavaignac;75011;75111;Paris 11e Arrondissement;;;654643.68;6861728.04;2.38187;48.853994;parcelle;;;PARIS;RUE GODEFROY CAVAIGNAC;commune;commune;vrai;
75111_4218_00002;75111_4218;2;;Rue Godefroy Cavaignac;75011;75111;Paris 11e Arrondissement;;;654653.15;6861737.98;2.381998;48.854084;parcelle;;;PARIS;RUE GODEFROY CAVAIGNAC;commune;commune;vrai;
75111_4218_00003;75111_4218;3;;Rue Godefroy Cavaignac;75011;75111;Paris 11e Arrondissement;;;654637.77;6861740.99;2.381788;48.85411;parcelle;;;PARIS;RUE GODEFROY CAVAIGNAC;commune;commune;vrai;
75111_4218_00004;75111_4218;4;;Rue Godefroy Cavaignac;75011;75111;Paris 11e Arrondissement;;;654647.6;6861750.92;2.381921;48.8542;parcelle;;;PARIS;RUE GODEFROY CAVAIGNAC;commune;commune;vrai;
75111_4218_00005;75111_4218;5;;Rue Godefroy Cavaignac;75011;75111;Paris 11e Arrondissement;;;654632;6861754.49;2.381708;48.854231;parcelle;;;PARIS;RUE GODEFROY CAVAIGNAC;commune;commune;vrai;
75111_4218_00006;75111_4218;6;;Rue Godefroy Cavaignac;75011;75111;Paris 11e Arrondissement;;;654643.35;6861760.85;2.381862;48.854289;parcelle;;;PARIS;RUE GODEFROY CAVAIGNAC;commune;commune;vrai;
75111_4218_00007;75111_4218;7;;Rue Godefroy Cavaignac;75011;75111;Paris 11e Arrondissement;;;654625.52;6861769.89;2.381618;48.854369;parcelle;;;PARIS;RUE GODEFROY CAVAIGNAC;commune;commune;vrai;
75111_4218_00008;75111_4218;8;;Rue Godefroy Cavaignac;75011;75111;Paris 11e Arrondissement;;;654638.6;6861772.01;2.381796;48.854389;parcelle;;;PARIS;RUE GODEFROY CAVAIGNAC;commune;commune;vrai;
75111_4218_00009;75111_4218;9;;Rue Godefroy Cavaignac;75011;75111;Paris 11e Arrondissement;;;654622.28;6861777.58;2.381573;48.854438;parcelle;;;PARIS;RUE GODEFROY CAVAIGNAC;commune;commune;vrai;
75111_4218_00010;75111_4218;10;;Rue Godefroy Cavaignac;75011;75111;Paris 11e Arrondissement;;;654634.06;6861782.61;2.381733;48.854484;parcelle;;;PARIS;RUE GODEFROY CAVAIGNAC;commune;commune;vrai;
75111_4218_00011;75111_4218;11;;Rue Godefroy Cavaignac;75011;75111;Paris 11e Arrondissement;;;654619.61;6861783.72;2.381536;48.854493;parcelle;;;PARIS;RUE GODEFROY CAVAIGNAC;commune;commune;vrai;
75111_4218_00012;75111_4218;12;;Rue Godefroy Cavaignac;75011;75111;Paris 11e Arrondissement;;;654627.14;6861798.9;2.381637;48.85463;parcelle;;;PARIS;RUE GODEFROY CAVAIGNAC;commune;commune;vrai;
75111_4218_00013;75111_4218;13;;Rue Godefroy Cavaignac;75011;75111;Paris 11e Arrondissement;;;654612.05;6861801.68;2.381431;48.854654;parcelle;;;PARIS;RUE GODEFROY CAVAIGNAC;commune;commune;vrai;
75111_4218_00014;75111_4218;14;;Rue Godefroy Cavaignac;75011;75111;Paris 11e Arrondissement;;;654619.14;6861817.64;2.381526;48.854798;parcelle;;;PARIS;RUE GODEFROY CAVAIGNAC;commune;commune;vrai;
75111_4218_00015;75111_4218;15;;Rue Godefroy Cavaignac;75011;75111;Paris 11e Arrondissement;;;654605.71;6861816.63;2.381343;48.854788;parcelle;;;PARIS;RUE GODEFROY CAVAIGNAC;commune;commune;vrai;
75111_4218_00016;75111_4218;16;;Rue Godefroy Cavaignac;75011;75111;Paris 11e Arrondissement;;;654615.68;6861825.78;2.381478;48.854871;parcelle;;;PARIS;RUE GODEFROY CAVAIGNAC;commune;commune;vrai;
75111_4218_00017;75111_4218;17;;Rue Godefroy Cavaignac;75011;75111;Paris 11e Arrondissement;;;654599.01;6861832.36;2.38125;48.854929;parcelle;;;PARIS;RUE GODEFROY CAVAIGNAC;commune;commune;vrai;
75111_4218_00018;75111_4218;18;;Rue Godefroy Cavaignac;75011;75111;Paris 11e Arrondissement;;;654610.57;6861837.83;2.381407;48.854979;parcelle;;;PARIS;RUE GODEFROY CAVAIGNAC;commune;commune;vrai;
75111_4218_00019;75111_4218;19;;Rue Godefroy Cavaignac;75011;75111;Paris 11e Arrondissement;;;654593.46;6861845.42;2.381173;48.855046;parcelle;;;PARIS;RUE GODEFROY CAVAIGNAC;commune;commune;vrai;
75111_4218_00020;75111_4218;20;;Rue Godefroy Cavaignac;75011;75111;Paris 11e Arrondissement;;;654603.65;6861854.01;2.381311;48.855124;parcelle;;;PARIS;RUE GODEFROY CAVAIGNAC;commune;commune;vrai;
75111_4218_00021;75111_4218;21;;Rue Godefroy Cavaignac;75011;75111;Paris 11e Arrondissement;;;654588.7;6861856.8;2.381107;48.855148;parcelle;;;PARIS;RUE GODEFROY CAVAIGNAC;commune;commune;vrai;
75111_4218_00022;75111_4218;22;;Rue Godefroy Cavaignac;75011;75111;Paris 11e Arrondissement;;;654596.74;6861870.41;2.381215;48.855271;parcelle;;;PARIS;RUE GODEFROY CAVAIGNAC;commune;commune;vrai;
75111_4218_00023;75111_4218;23;;Rue Godefroy Cavaignac;75011;75111;Paris 11e Arrondissement;;;654584.09;6861867.51;2.381043;48.855244;parcelle;;;PARIS;RUE GODEFROY CAVAIGNAC;commune;commune;vrai;
75111_4218_00024;75111_4218;24;;Rue Godefroy Cavaignac;75011;75111;Paris 11e Arrondissement;;;654591.55;6861882.57;2.381143;48.85538;parcelle;;;PARIS;RUE GODEFROY CAVAIGNAC;commune;commune;vrai;
75111_4218_00025;75111_4218;25;;Rue Godefroy Cavaignac;75011;75111;Paris 11e Arrondissement;;;654579.34;6861878.78;2.380977;48.855345;parcelle;;;PARIS;RUE GODEFROY CAVAIGNAC;commune;commune;vrai;
75111_4218_00026;75111_4218;26;;Rue Godefroy Cavaignac;75011;75111;Paris 11e Arrondissement;;;654586.07;6861895.29;2.381067;48.855494;parcelle;;;PARIS;RUE GODEFROY CAVAIGNAC;commune;commune;vrai;
75111_4218_00027;75111_4218;27;;Rue Godefroy Cavaignac;75011;75111;Paris 11e Arrondissement;;;654574.37;6861890.6;2.380908;48.855451;parcelle;;;PARIS;RUE GODEFROY CAVAIGNAC;commune;commune;vrai;
75111_4218_00028;75111_4218;28;;Rue Godefroy Cavaignac;75011;75111;Paris 11e Arrondissement;;;654577.57;6861915.37;2.380949;48.855674;parcelle;;;PARIS;RUE GODEFROY CAVAIGNAC;commune;commune;vrai;
75111_4218_00029;75111_4218;29;;Rue Godefroy Cavaignac;75011;75111;Paris 11e Arrondissement;;;654567.09;6861907.78;2.380807;48.855605;parcelle;;;PARIS;RUE GODEFROY CAVAIGNAC;commune;commune;vrai;
75111_4218_00030;75111_4218;30;;Rue Godefroy Cavaignac;75011;75111;Paris 11e Arrondissement;;;654572.28;6861932.99;2.380875;48.855832;parcelle;;;PARIS;RUE GODEFROY CAVAIGNAC;commune;commune;vrai;
75111_4218_00031;75111_4218;31;;Rue Godefroy Cavaignac;75011;75111;Paris 11e Arrondissement;;;654559.67;6861925.19;2.380704;48.855761;parcelle;;;PARIS;RUE GODEFROY CAVAIGNAC;commune;commune;vrai;
75111_4218_00032;75111_4218;32;;Rue Godefroy Cavaignac;75011;75111;Paris 11e Arrondissement;;;654563.09;6861949.85;2.380748;48.855983;parcelle;;;PARIS;RUE GODEFROY CAVAIGNAC;commune;commune;vrai;
75111_4218_00033;75111_4218;33;;Rue Godefroy Cavaignac;75011;75111;Paris 11e Arrondissement;;;654553.98;6861938.69;2.380625;48.855882;parcelle;;;PARIS;RUE GODEFROY CAVAIGNAC;commune;commune;vrai;
75111_4218_00034;75111_4218;34;;Rue Godefroy Cavaignac;75011;75111;Paris 11e Arrondissement;;;654558.41;6861960.89;2.380683;48.856082;parcelle;;;PARIS;RUE GODEFROY CAVAIGNAC;commune;commune;vrai;
75111_4218_00035;75111_4218;35;;Rue Godefroy Cavaignac;75011;75111;Paris 11e Arrondissement;;;654544.54;6861960.89;2.380494;48.856081;parcelle;;;PARIS;RUE GODEFROY CAVAIGNAC;commune;commune;vrai;
75111_4218_00036;75111_4218;36;;Rue Godefroy Cavaignac;75011;75111;Paris 11e Arrondissement;;;654554.37;6861970.38;2.380627;48.856167;parcelle;;;PARIS;RUE GODEFROY CAVAIGNAC;commune;commune;vrai;
75111_4218_00037;75111_4218;37;;Rue Godefroy Cavaignac;75011;75111;Paris 11e Arrondissement;;;654539.28;6861973.39;2.380421;48.856193;parcelle;;;PARIS;RUE GODEFROY CAVAIGNAC;commune;commune;vrai;
75111_4218_00038;75111_4218;38;;Rue Godefroy Cavaignac;75011;75111;Paris 11e Arrondissement;;;654546.81;6861988.45;2.380522;48.856329;parcelle;;;PARIS;RUE GODEFROY CAVAIGNAC;commune;commune;vrai;
75111_4218_00039;75111_4218;39;;Rue Godefroy Cavaignac;75011;75111;Paris 11e Arrondissement;;;654531.79;6861990.9;2.380317;48.85635;parcelle;;;PARIS;RUE GODEFROY CAVAIGNAC;commune;commune;vrai;
75111_4218_00040;75111_4218;40;;Rue Godefroy Cavaignac;75011;75111;Paris 11e Arrondissement;;;654542.27;6861999.16;2.380459;48.856425;parcelle;;;PARIS;RUE GODEFROY CAVAIGNAC;commune;commune;vrai;
75111_4218_00041;75111_4218;41;;Rue Godefroy Cavaignac;75011;75111;Paris 11e Arrondissement;;;654524.94;6862006.86;2.380222;48.856493;parcelle;;;PARIS;RUE GODEFROY CAVAIGNAC;commune;commune;vrai;
75111_4218_00042;75111_4218;42;;Rue Godefroy Cavaignac;75011;75111;Paris 11e Arrondissement;;;654537.37;6862010.76;2.380391;48.856529;parcelle;;;PARIS;RUE GODEFROY CAVAIGNAC;commune;commune;vrai;
75111_4218_00043;75111_4218;43;;Rue Godefroy Cavaignac;75011;75111;Paris 11e Arrondissement;;;654517.02;6862025.49;2.380112;48.85666;parcelle;;;PARIS;RUE GODEFROY CAVAIGNAC;commune;commune;vrai;
75111_4218_00044;75111_4218;44;;Rue Godefroy Cavaignac;75011;75111;Paris 11e Arrondissement;;;654532.04;6862023.26;2.380317;48.856641;parcelle;;;PARIS;RUE GODEFROY CAVAIGNAC;commune;commune;vrai;
75111_4218_00045;75111_4218;45;;Rue Godefroy Cavaignac;75011;75111;Paris 11e Arrondissement;;;654511.54;6862038.43;2.380036;48.856776;parcelle;;;PARIS;RUE GODEFROY CAVAIGNAC;commune;commune;vrai;
75111_4218_00046;75111_4218;46;;Rue Godefroy Cavaignac;75011;75111;Paris 11e Arrondissement;;;654526.78;6862035.87;2.380244;48.856754;parcelle;;;PARIS;RUE GODEFROY CAVAIGNAC;commune;commune;vrai;
75111_4218_00047;75111_4218;47;;Rue Godefroy Cavaignac;75011;75111;Paris 11e Arrondissement;;;654503.04;6862058.29;2.379918;48.856954;parcelle;;;PARIS;RUE GODEFROY CAVAIGNAC;commune;commune;vrai;
75111_4218_00048;75111_4218;48;;Rue Godefroy Cavaignac;75011;75111;Paris 11e Arrondissement;;;654522.61;6862045.8;2.380186;48.856843;parcelle;;;PARIS;RUE GODEFROY CAVAIGNAC;commune;commune;vrai;
75111_4218_00049;75111_4218;49;;Rue Godefroy Cavaignac;75011;75111;Paris 11e Arrondissement;;;654498.14;6862069.79;2.37985;48.857057;parcelle;;;PARIS;RUE GODEFROY CAVAIGNAC;commune;commune;vrai;
75111_4218_00050;75111_4218;50;;Rue Godefroy Cavaignac;75011;75111;Paris 11e Arrondissement;;;654518.5;6862055.5;2.380129;48.85693;parcelle;;;PARIS;RUE GODEFROY CAVAIGNAC;commune;commune;vrai;
75111_4218_00052;75111_4218;52;;Rue Godefroy Cavaignac;75011;75111;Paris 11e Arrondissement;;;654513.03;6862068.45;2.380053;48.857046;parcelle;;;PARIS;RUE GODEFROY CAVAIGNAC;commune;commune;vrai;
75111_4218_00054;75111_4218;54;;Rue Godefroy Cavaignac;75011;75111;Paris 11e Arrondissement;;;654506.97;6862082.84;2.379969;48.857175;parcelle;;;PARIS;RUE GODEFROY CAVAIGNAC;commune;commune;vrai;
75111_4218_00056;75111_4218;56;;Rue Godefroy Cavaignac;75011;75111;Paris 11e Arrondissement;;;654502.29;6862093.88;2.379904;48.857274;parcelle;;;PARIS;RUE GODEFROY CAVAIGNAC;commune;commune;vrai;
75111_4218_00025_a;75111_4218;25;a;Rue Godefroy Cavaignac;75011;75111;Paris 11e Arrondissement;;;654547.9;6861883.8;2.380548;48.855388;parcelle;;;PARIS;RUE GODEFROY CAVAIGNAC;commune;commune;vrai;
75111_4218_00003_b;75111_4218;3;b;Rue Godefroy Cavaignac;75011;75111;Paris 11e Arrondissement;;;654634.74;6861748.13;2.381746;48.854174;parcelle;;;PARIS;RUE GODEFROY CAVAIGNAC;commune;commune;vrai;
75111_4218_00005_b;75111_4218;5;b;Rue Godefroy Cavaignac;75011;75111;Paris 11e Arrondissement;;;654629.12;6861761.29;2.381668;48.854292;parcelle;;;PARIS;RUE GODEFROY CAVAIGNAC;commune;commune;vrai;
75111_4218_00027_b;75111_4218;27;b;Rue Godefroy Cavaignac;75011;75111;Paris 11e Arrondissement;;;654572.06;6861896.07;2.380876;48.8555;parcelle;;;PARIS;RUE GODEFROY CAVAIGNAC;commune;commune;vrai;
75111_4218_00052_a;75111_4218;52;a;Rue Godefroy Cavaignac;75011;75111;Paris 11e Arrondissement;;;654525.61;6862073.02;2.380224;48.857088;parcelle;;;PARIS;RUE GODEFROY CAVAIGNAC;commune;commune;vrai;
75111_4218_00023_b;75111_4218;23;b;Rue Godefroy Cavaignac;75011;75111;Paris 11e Arrondissement;;;654580.99;6861874.87;2.381;48.85531;parcelle;;;PARIS;RUE GODEFROY CAVAIGNAC;commune;commune;vrai;
75111_4218_00017_a;75111_4218;17;a;Rue Godefroy Cavaignac;75011;75111;Paris 11e Arrondissement;;;654585.53;6861826.8;2.381067;48.854878;parcelle;;;PARIS;RUE GODEFROY CAVAIGNAC;commune;commune;vrai;
75111_4218_00025_b;75111_4218;25;b;Rue Godefroy Cavaignac;75011;75111;Paris 11e Arrondissement;;;654577.03;6861884.24;2.380945;48.855394;parcelle;;;PARIS;RUE GODEFROY CAVAIGNAC;commune;commune;vrai;
75111_4218_00015_a;75111_4218;15;a;Rue Godefroy Cavaignac;75011;75111;Paris 11e Arrondissement;;;654593.02;6861808.39;2.381171;48.854713;parcelle;;;PARIS;RUE GODEFROY CAVAIGNAC;commune;commune;vrai;
75111_4218_00011_b;75111_4218;11;b;Rue Godefroy Cavaignac;75011;75111;Paris 11e Arrondissement;;;654616.51;6861791.08;2.381493;48.854559;parcelle;;;PARIS;RUE GODEFROY CAVAIGNAC;commune;commune;vrai;
75111_8500_00001;75111_8500;1;;Rue Saint-Bernard;75011;75111;Paris 11e Arrondissement;;;654605.12;6861347.83;2.381385;48.850572;parcelle;;;PARIS;RUE SAINT BERNARD;commune;commune;vrai;
75111_8500_00002;75111_8500;2;;Rue Saint-Bernard;75011;75111;Paris 11e Arrondissement;;;654617.09;6861350.07;2.381548;48.850593;parcelle;;;PARIS;RUE SAINT BERNARD;commune;commune;vrai;
75111_8500_00003;75111_8500;3;;Rue Saint-Bernard;75011;75111;Paris 11e Arrondissement;;;654606.51;6861357.38;2.381403;48.850658;parcelle;;;PARIS;RUE SAINT BERNARD;commune;commune;vrai;
75111_8500_00004;75111_8500;4;;Rue Saint-Bernard;75011;75111;Paris 11e Arrondissement;;;654618.12;6861358.84;2.381561;48.850672;parcelle;;;PARIS;RUE SAINT BERNARD;commune;commune;vrai;
75111_8500_00005;75111_8500;5;;Rue Saint-Bernard;75011;75111;Paris 11e Arrondissement;;;654608.49;6861375.6;2.381428;48.850822;parcelle;;;PARIS;RUE SAINT BERNARD;commune;commune;vrai;
75111_8500_00006;75111_8500;6;;Rue Saint-Bernard;75011;75111;Paris 11e Arrondissement;;;654620.08;6861375.29;2.381586;48.85082;parcelle;;;PARIS;RUE SAINT BERNARD;commune;commune;vrai;
75111_8500_00007;75111_8500;7;;Rue Saint-Bernard;75011;75111;Paris 11e Arrondissement;;;654610.36;6861389.15;2.381452;48.850944;parcelle;;;PARIS;RUE SAINT BERNARD;commune;commune;vrai;
75111_8500_00008;75111_8500;8;;Rue Saint-Bernard;75011;75111;Paris 11e Arrondissement;;;654624.25;6861392.27;2.381641;48.850973;parcelle;;;PARIS;RUE SAINT BERNARD;commune;commune;vrai;
75111_8500_00009;75111_8500;9;;Rue Saint-Bernard;75011;75111;Paris 11e Arrondissement;;;654612.33;6861406.93;2.381477;48.851104;parcelle;;;PARIS;RUE SAINT BERNARD;commune;commune;vrai;
75111_8500_00010;75111_8500;10;;Rue Saint-Bernard;75011;75111;Paris 11e Arrondissement;;;654625.35;6861401.93;2.381655;48.85106;parcelle;;;PARIS;RUE SAINT BERNARD;commune;commune;vrai;
75111_8500_00011;75111_8500;11;;Rue Saint-Bernard;75011;75111;Paris 11e Arrondissement;;;654614.76;6861426.15;2.381508;48.851277;parcelle;;;PARIS;RUE SAINT BERNARD;commune;commune;vrai;
75111_8500_00012;75111_8500;12;;Rue Saint-Bernard;75011;75111;Paris 11e Arrondissement;;;654629.05;6861433.26;2.381702;48.851342;parcelle;;;PARIS;RUE SAINT BERNARD;commune;commune;vrai;
75111_8500_00013;75111_8500;13;;Rue Saint-Bernard;75011;75111;Paris 11e Arrondissement;;;654616.64;6861441.48;2.381532;48.851415;parcelle;;;PARIS;RUE SAINT BERNARD;commune;commune;vrai;
75111_8500_00014;75111_8500;14;;Rue Saint-Bernard;75011;75111;Paris 11e Arrondissement;;;654629.99;6861440.7;2.381714;48.851409;parcelle;;;PARIS;RUE SAINT BERNARD;commune;commune;vrai;
75111_8500_00015;75111_8500;15;;Rue Saint-Bernard;75011;75111;Paris 11e Arrondissement;;;654618.21;6861454.36;2.381552;48.851531;parcelle;;;PARIS;RUE SAINT BERNARD;commune;commune;vrai;
75111_8500_00017;75111_8500;17;;Rue Saint-Bernard;75011;75111;Paris 11e Arrondissement;;;654619.59;6861471.48;2.381569;48.851685;parcelle;;;PARIS;RUE SAINT BERNARD;commune;commune;vrai;
75111_8500_00018;75111_8500;18;;Rue Saint-Bernard;75011;75111;Paris 11e Arrondissement;;;654629.35;6861453.72;2.381704;48.851526;parcelle;;;PARIS;RUE SAINT BERNARD;commune;commune;vrai;
75111_8500_00019;75111_8500;19;;Rue Saint-Bernard;75011;75111;Paris 11e Arrondissement;;;654618.6;6861485.72;2.381554;48.851813;parcelle;;;PARIS;RUE SAINT BERNARD;commune;commune;vrai;
75111_8500_00021;75111_8500;21;;Rue Saint-Bernard;75011;75111;Paris 11e Arrondissement;;;654619.2;6861497.05;2.381561;48.851915;parcelle;;;PARIS;RUE SAINT BERNARD;commune;commune;vrai;
75111_8500_00022;75111_8500;22;;Rue Saint-Bernard;75011;75111;Paris 11e Arrondissement;;;654633.38;6861471.26;2.381757;48.851684;parcelle;;;PARIS;RUE SAINT BERNARD;commune;commune;vrai;
75111_8500_00023;75111_8500;23;;Rue Saint-Bernard;75011;75111;Paris 11e Arrondissement;;;654621.86;6861509.38;2.381596;48.852026;parcelle;;;PARIS;RUE SAINT BERNARD;commune;commune;vrai;
75111_8500_00024;75111_8500;24;;Rue Saint-Bernard;75011;75111;Paris 11e Arrondissement;;;654635.27;6861487.48;2.381781;48.85183;parcelle;;;PARIS;RUE SAINT BERNARD;commune;commune;vrai;
75111_8500_00025;75111_8500;25;;Rue Saint-Bernard;75011;75111;Paris 11e Arrondissement;;;654622.99;6861521.82;2.38161;48.852138;parcelle;;;PARIS;RUE SAINT BERNARD;commune;commune;vrai;
75111_8500_00026;75111_8500;26;;Rue Saint-Bernard;75011;75111;Paris 11e Arrondissement;;;654637.93;6861508.92;2.381815;48.852023;parcelle;;;PARIS;RUE SAINT BERNARD;commune;commune;vrai;
75111_8500_00031;75111_8500;31;;Rue Saint-Bernard;75011;75111;Paris 11e Arrondissement;;;654570.21;6861585.06;2.380884;48.852703;parcelle;;;PARIS;RUE SAINT BERNARD;commune;commune;vrai;
75111_8500_00032;75111_8500;32;;Rue Saint-Bernard;75011;75111;Paris 11e Arrondissement;;;654594.43;6861576.09;2.381215;48.852624;parcelle;;;PARIS;RUE SAINT BERNARD;commune;commune;vrai;
75111_8500_00033;75111_8500;33;;Rue Saint-Bernard;75011;75111;Paris 11e Arrondissement;;;654563.72;6861599.35;2.380794;48.852831;parcelle;;;PARIS;RUE SAINT BERNARD;commune;commune;vrai;
75111_8500_00035;75111_8500;35;;Rue Saint-Bernard;75011;75111;Paris 11e Arrondissement;;;654561.61;6861611.48;2.380764;48.85294;parcelle;;;PARIS;RUE SAINT BERNARD;commune;commune;vrai;
75111_8500_00036;75111_8500;36;;Rue Saint-Bernard;75011;75111;Paris 11e Arrondissement;;;654582.35;6861599.09;2.381048;48.85283;parcelle;;;PARIS;RUE SAINT BERNARD;commune;commune;vrai;
75111_8500_00037;75111_8500;37;;Rue Saint-Bernard;75011;75111;Paris 11e Arrondissement;;;654553.96;6861627.33;2.380658;48.853082;parcelle;;;PARIS;RUE SAINT BERNARD;commune;commune;vrai;
75111_8500_00038;75111_8500;38;;Rue Saint-Bernard;75011;75111;Paris 11e Arrondissement;;;654569.73;6861626.88;2.380873;48.853079;parcelle;;;PARIS;RUE SAINT BERNARD;commune;commune;vrai;
75111_8500_00039;75111_8500;39;;Rue Saint-Bernard;75011;75111;Paris 11e Arrondissement;;;654547.24;6861641.18;2.380565;48.853206;parcelle;;;PARIS;RUE SAINT BERNARD;commune;commune;vrai;
75111_8500_00040;75111_8500;40;;Rue Saint-Bernard;75011;75111;Paris 11e Arrondissement;;;654561.21;6861644.51;2.380755;48.853237;parcelle;;;PARIS;RUE SAINT BERNARD;commune;commune;vrai;
75111_8500_00041;75111_8500;41;;Rue Saint-Bernard;75011;75111;Paris 11e Arrondissement;;;654541.1;6861653.57;2.38048;48.853317;parcelle;;;PARIS;RUE SAINT BERNARD;commune;commune;vrai;
75111_8500_00042;75111_8500;42;;Rue Saint-Bernard;75011;75111;Paris 11e Arrondissement;;;654556.01;6861655.23;2.380683;48.853333;parcelle;;;PARIS;RUE SAINT BERNARD;commune;commune;vrai;
75111_8500_00043;75111_8500;43;;Rue Saint-Bernard;75011;75111;Paris 11e Arrondissement;;;654537.39;6861667.05;2.380428;48.853438;parcelle;;;PARIS;RUE SAINT BERNARD;commune;commune;vrai;
75111_8500_00044;75111_8500;44;;Rue Saint-Bernard;75011;75111;Paris 11e Arrondissement;;;654547.13;6861673.53;2.38056;48.853497;parcelle;;;PARIS;RUE SAINT BERNARD;commune;commune;vrai;
75111_8500_00014_a;75111_8500;14;a;Rue Saint-Bernard;75011;75111;Paris 11e Arrondissement;;;654652.46;6861433.3;2.382021;48.851344;parcelle;;;PARIS;RUE SAINT BERNARD;commune;commune;vrai;
75111_8382_00001;75111_8382;1;;Rue Roubo;75011;75111;Paris 11e Arrondissement;;;655033.59;6861269.54;2.387232;48.849898;parcelle;;;PARIS;RUE ROUBO;commune;commune;vrai;
75111_8382_00002;75111_8382;2;;Rue Roubo;75011;75111;Paris 11e Arrondissement;;;655047.7;6861263.09;2.387425;48.849841;parcelle;;;PARIS;RUE ROUBO;commune;commune;vrai;
75111_8382_00003;75111_8382;3;;Rue Roubo;75011;75111;Paris 11e Arrondissement;;;655032.37;6861301.46;2.387212;48.850185;parcelle;;;PARIS;RUE ROUBO;commune;commune;vrai;
75111_8382_00004;75111_8382;4;;Rue Roubo;75011;75111;Paris 11e Arrondissement;;;655047.4;6861272.1;2.38742;48.849922;parcelle;;;PARIS;RUE ROUBO;commune;commune;vrai;
75111_8382_00005;75111_8382;5;;Rue Roubo;75011;75111;Paris 11e Arrondissement;;;655031.76;6861318.03;2.387202;48.850334;parcelle;;;PARIS;RUE ROUBO;commune;commune;vrai;
75111_8382_00006;75111_8382;6;;Rue Roubo;75011;75111;Paris 11e Arrondissement;;;655046.79;6861287.56;2.38741;48.850061;parcelle;;;PARIS;RUE ROUBO;commune;commune;vrai;
75111_8382_00008;75111_8382;8;;Rue Roubo;75011;75111;Paris 11e Arrondissement;;;655046.37;6861299.35;2.387403;48.850167;parcelle;;;PARIS;RUE ROUBO;commune;commune;vrai;
75111_8382_00010;75111_8382;10;;Rue Roubo;75011;75111;Paris 11e Arrondissement;;;655045.7;6861317.48;2.387392;48.85033;parcelle;;;PARIS;RUE ROUBO;commune;commune;vrai;
75111_8382_00008_b;75111_8382;8;b;Rue Roubo;75011;75111;Paris 11e Arrondissement;;;655046.13;6861307.14;2.387399;48.850237;parcelle;;;PARIS;RUE ROUBO;commune;commune;vrai;
75111_1868_00001;75111_1868;1;;Impasse Charles Petit;75011;75111;Paris 11e Arrondissement;;;654848.84;6861424.65;2.384698;48.85128;parcelle;;;PARIS;IMPASSE CHARLES PETIT;commune;commune;vrai;
75111_1868_00002;75111_1868;2;;Impasse Charles Petit;75011;75111;Paris 11e Arrondissement;;;654848.47;6861414.65;2.384694;48.85119;parcelle;;;PARIS;IMPASSE CHARLES PETIT;commune;commune;vrai;
75111_1868_00003;75111_1868;3;;Impasse Charles Petit;75011;75111;Paris 11e Arrondissement;;;654863.07;6861423.76;2.384892;48.851273;parcelle;;;PARIS;IMPASSE CHARLES PETIT;commune;commune;vrai;
75111_1868_00004;75111_1868;4;;Impasse Charles Petit;75011;75111;Paris 11e Arrondissement;;;654864.02;6861413.75;2.384906;48.851183;parcelle;;;PARIS;IMPASSE CHARLES PETIT;commune;commune;vrai;
75111_1868_00005;75111_1868;5;;Impasse Charles Petit;75011;75111;Paris 11e Arrondissement;;;654873.85;6861423.23;2.385039;48.851269;parcelle;;;PARIS;IMPASSE CHARLES PETIT;commune;commune;vrai;
75111_1868_00006;75111_1868;6;;Impasse Charles Petit;75011;75111;Paris 11e Arrondissement;;;654877.15;6861412.98;2.385085;48.851177;parcelle;;;PARIS;IMPASSE CHARLES PETIT;commune;commune;vrai;
75111_1868_00007;75111_1868;7;;Impasse Charles Petit;75011;75111;Paris 11e Arrondissement;;;654888.67;6861422.34;2.385241;48.851262;parcelle;;;PARIS;IMPASSE CHARLES PETIT;commune;commune;vrai;
75111_1868_00008;75111_1868;8;;Impasse Charles Petit;75011;75111;Paris 11e Arrondissement;;;654890.27;6861412.21;2.385264;48.851171;parcelle;;;PARIS;IMPASSE CHARLES PETIT;commune;commune;vrai;
75111_3737_00001;75111_3737;1;;Rue de la Forge Royale;75011;75111;Paris 11e Arrondissement;;;654511.22;6861352.79;2.380105;48.85061;parcelle;;;PARIS;RUE DE LA FORGE ROYALE;commune;commune;vrai;
75111_3737_00002;75111_3737;2;;Rue de la Forge Royale;75011;75111;Paris 11e Arrondissement;;;654518.99;6861351.84;2.380211;48.850602;parcelle;;;PARIS;RUE DE LA FORGE ROYALE;commune;commune;vrai;
75111_3737_00003;75111_3737;3;;Rue de la Forge Royale;75011;75111;Paris 11e Arrondissement;;;654515.12;6861372.22;2.380156;48.850785;parcelle;;;PARIS;RUE DE LA FORGE ROYALE;commune;commune;vrai;
75111_3737_00004;75111_3737;4;;Rue de la Forge Royale;75011;75111;Paris 11e Arrondissement;;;654520.98;6861361.72;2.380237;48.850691;parcelle;;;PARIS;RUE DE LA FORGE ROYALE;commune;commune;vrai;
75111_3737_00005;75111_3737;5;;Rue de la Forge Royale;75011;75111;Paris 11e Arrondissement;;;654516.8;6861380.66;2.380178;48.850861;parcelle;;;PARIS;RUE DE LA FORGE ROYALE;commune;commune;vrai;
75111_3737_00006;75111_3737;6;;Rue de la Forge Royale;75011;75111;Paris 11e Arrondissement;;;654524.03;6861376.71;2.380277;48.850826;parcelle;;;PARIS;RUE DE LA FORGE ROYALE;commune;commune;vrai;
75111_3737_00007;75111_3737;7;;Rue de la Forge Royale;75011;75111;Paris 11e Arrondissement;;;654518.86;6861390.76;2.380205;48.850952;parcelle;;;PARIS;RUE DE LA FORGE ROYALE;commune;commune;vrai;
75111_3737_00008;75111_3737;8;;Rue de la Forge Royale;75011;75111;Paris 11e Arrondissement;;;654528.31;6861397.8;2.380333;48.851016;parcelle;;;PARIS;RUE DE LA FORGE ROYALE;commune;commune;vrai;
75111_3737_00009;75111_3737;9;;Rue de la Forge Royale;75011;75111;Paris 11e Arrondissement;;;654521.53;6861403.97;2.38024;48.851071;parcelle;;;PARIS;RUE DE LA FORGE ROYALE;commune;commune;vrai;
75111_3737_00010;75111_3737;10;;Rue de la Forge Royale;75011;75111;Paris 11e Arrondissement;;;654532.97;6861412.78;2.380395;48.851151;parcelle;;;PARIS;RUE DE LA FORGE ROYALE;commune;commune;vrai;
75111_3737_00012;75111_3737;12;;Rue de la Forge Royale;75011;75111;Paris 11e Arrondissement;;;654536.2;6861421.2;2.380438;48.851227;parcelle;;;PARIS;RUE DE LA FORGE ROYALE;commune;commune;vrai;
75111_3737_00013;75111_3737;13;;Rue de la Forge Royale;75011;75111;Paris 11e Arrondissement;;;654534;6861440.46;2.380406;48.8514;parcelle;;;PARIS;RUE DE LA FORGE ROYALE;commune;commune;vrai;
75111_3737_00014;75111_3737;14;;Rue de la Forge Royale;75011;75111;Paris 11e Arrondissement;;;654540.24;6861431.73;2.380492;48.851322;parcelle;;;PARIS;RUE DE LA FORGE ROYALE;commune;commune;vrai;
75111_3737_00015;75111_3737;15;;Rue de la Forge Royale;75011;75111;Paris 11e Arrondissement;;;654538.72;6861452.65;2.380469;48.85151;parcelle;;;PARIS;RUE DE LA FORGE ROYALE;commune;commune;vrai;
75111_3737_00016;75111_3737;16;;Rue de la Forge Royale;75011;75111;Paris 11e Arrondissement;;;654545.19;6861444.59;2.380558;48.851438;parcelle;;;PARIS;RUE DE LA FORGE ROYALE;commune;commune;vrai;
75111_3737_00017;75111_3737;17;;Rue de la Forge Royale;75011;75111;Paris 11e Arrondissement;;;654543.66;6861465.51;2.380535;48.851626;parcelle;;;PARIS;RUE DE LA FORGE ROYALE;commune;commune;vrai;
75111_3737_00018;75111_3737;18;;Rue de la Forge Royale;75011;75111;Paris 11e Arrondissement;;;654550.88;6861459.34;2.380634;48.851571;parcelle;;;PARIS;RUE DE LA FORGE ROYALE;commune;commune;vrai;
75111_3737_00019;75111_3737;19;;Rue de la Forge Royale;75011;75111;Paris 11e Arrondissement;;;654548.75;6861478.59;2.380603;48.851744;parcelle;;;PARIS;RUE DE LA FORGE ROYALE;commune;commune;vrai;
75111_3737_00020;75111_3737;20;;Rue de la Forge Royale;75011;75111;Paris 11e Arrondissement;;;654555.82;6861471.98;2.3807;48.851685;parcelle;;;PARIS;RUE DE LA FORGE ROYALE;commune;commune;vrai;
75111_3737_00021;75111_3737;21;;Rue de la Forge Royale;75011;75111;Paris 11e Arrondissement;;;654554.52;6861493.56;2.38068;48.851879;parcelle;;;PARIS;RUE DE LA FORGE ROYALE;commune;commune;vrai;
75111_3737_00022;75111_3737;22;;Rue de la Forge Royale;75011;75111;Paris 11e Arrondissement;;;654561.66;6861487.28;2.380778;48.851823;parcelle;;;PARIS;RUE DE LA FORGE ROYALE;commune;commune;vrai;
75111_3737_00023;75111_3737;23;;Rue de la Forge Royale;75011;75111;Paris 11e Arrondissement;;;654559.92;6861507.64;2.380752;48.852006;parcelle;;;PARIS;RUE DE LA FORGE ROYALE;commune;commune;vrai;
75111_3737_00024;75111_3737;24;;Rue de la Forge Royale;75011;75111;Paris 11e Arrondissement;;;654566.76;6861500.47;2.380846;48.851942;parcelle;;;PARIS;RUE DE LA FORGE ROYALE;commune;commune;vrai;
75111_3737_00025;75111_3737;25;;Rue de la Forge Royale;75011;75111;Paris 11e Arrondissement;;;654565.31;6861521.61;2.380824;48.852132;parcelle;;;PARIS;RUE DE LA FORGE ROYALE;commune;commune;vrai;
75111_3737_00026;75111_3737;26;;Rue de la Forge Royale;75011;75111;Paris 11e Arrondissement;;;654571.7;6861513.22;2.380912;48.852057;parcelle;;;PARIS;RUE DE LA FORGE ROYALE;commune;commune;vrai;
75111_3737_00027;75111_3737;27;;Rue de la Forge Royale;75011;75111;Paris 11e Arrondissement;;;654570.7;6861535.58;2.380896;48.852258;parcelle;;;PARIS;RUE DE LA FORGE ROYALE;commune;commune;vrai;
75111_3737_00028;75111_3737;28;;Rue de la Forge Royale;75011;75111;Paris 11e Arrondissement;;;654576.8;6861526.52;2.38098;48.852177;parcelle;;;PARIS;RUE DE LA FORGE ROYALE;commune;commune;vrai;
75111_3737_00029;75111_3737;29;;Rue de la Forge Royale;75011;75111;Paris 11e Arrondissement;;;654574.75;6861546.11;2.38095;48.852353;parcelle;;;PARIS;RUE DE LA FORGE ROYALE;commune;commune;vrai;
75111_3737_00030;75111_3737;30;;Rue de la Forge Royale;75011;75111;Paris 11e Arrondissement;;;654582.71;6861541.71;2.381059;48.852314;parcelle;;;PARIS;RUE DE LA FORGE ROYALE;commune;commune;vrai;
75111_3737_00028_b;75111_3737;28;b;Rue de la Forge Royale;75011;75111;Paris 11e Arrondissement;;;654579.57;6861533.73;2.381017;48.852242;parcelle;;;PARIS;RUE DE LA FORGE ROYALE;commune;commune;vrai;
75111_3737_00010_a;75111_3737;10;a;Rue de la Forge Royale;75011;75111;Paris 11e Arrondissement;;;654542.34;6861408.92;2.380523;48.851117;parcelle;;;PARIS;RUE DE LA FORGE ROYALE;commune;commune;vrai;
75111_3737_00010_c;75111_3737;10;c;Rue de la Forge Royale;75011;75111;Paris 11e Arrondissement;;;654540.97;6861403.37;2.380505;48.851067;parcelle;;;PARIS;RUE DE LA FORGE ROYALE;commune;commune;vrai;
75111_3737_00001_b;75111_3737;1;b;Rue de la Forge Royale;75011;75111;Paris 11e Arrondissement;;;654512.98;6861361.56;2.380128;48.850689;parcelle;;;PARIS;RUE DE LA FORGE ROYALE;commune;commune;vrai;
75111_5024_00001;75111_5024;1;;Passage Josset;75011;75111;Paris 11e Arrondissement;;;654266.37;6861635.27;2.376738;48.853133;parcelle;;;PARIS;PASSAGE JOSSET;commune;commune;vrai;
75111_5024_00002;75111_5024;2;;Passage Josset;75011;75111;Paris 11e Arrondissement;;;654255.93;6861633.02;2.376596;48.853112;parcelle;;;PARIS;PASSAGE JOSSET;commune;commune;vrai;
75111_5024_00003;75111_5024;3;;Passage Josset;75011;75111;Paris 11e Arrondissement;;;654264.34;6861620.05;2.376712;48.852996;parcelle;;;PARIS;PASSAGE JOSSET;commune;commune;vrai;
75111_5024_00004;75111_5024;4;;Passage Josset;75011;75111;Paris 11e Arrondissement;;;654253.59;6861615.58;2.376566;48.852955;parcelle;;;PARIS;PASSAGE JOSSET;commune;commune;vrai;
75111_5024_00005;75111_5024;5;;Passage Josset;75011;75111;Paris 11e Arrondissement;;;654262.39;6861605.16;2.376687;48.852862;parcelle;;;PARIS;PASSAGE JOSSET;commune;commune;vrai;
75111_5024_00006;75111_5024;6;;Passage Josset;75011;75111;Paris 11e Arrondissement;;;654251.79;6861602.02;2.376543;48.852833;parcelle;;;PARIS;PASSAGE JOSSET;commune;commune;vrai;
75111_5024_00007;75111_5024;7;;Passage Josset;75011;75111;Paris 11e Arrondissement;;;654260.36;6861589.72;2.376661;48.852723;parcelle;;;PARIS;PASSAGE JOSSET;commune;commune;vrai;
75111_5024_00008;75111_5024;8;;Passage Josset;75011;75111;Paris 11e Arrondissement;;;654250.31;6861590.25;2.376524;48.852727;parcelle;;;PARIS;PASSAGE JOSSET;commune;commune;vrai;
75111_5024_00009;75111_5024;9;;Passage Josset;75011;75111;Paris 11e Arrondissement;;;654255.56;6861567.97;2.376598;48.852527;parcelle;;;PARIS;PASSAGE JOSSET;commune;commune;vrai;
75111_5024_00010;75111_5024;10;;Passage Josset;75011;75111;Paris 11e Arrondissement;;;654247.94;6861569.81;2.376494;48.852543;parcelle;;;PARIS;PASSAGE JOSSET;commune;commune;vrai;
75111_8209_00001;75111_8209;1;;Rue Richard Lenoir;75011;75111;Paris 11e Arrondissement;;;654690.6;6861749.81;2.382507;48.854193;parcelle;;;PARIS;RUE RICHARD LENOIR;commune;commune;vrai;
75111_8209_00002;75111_8209;2;;Rue Richard Lenoir;75011;75111;Paris 11e Arrondissement;;;654703.17;6861753.38;2.382678;48.854226;parcelle;;;PARIS;RUE RICHARD LENOIR;commune;commune;vrai;
75111_8209_00003;75111_8209;3;;Rue Richard Lenoir;75011;75111;Paris 11e Arrondissement;;;654684.26;6861765.87;2.382419;48.854337;parcelle;;;PARIS;RUE RICHARD LENOIR;commune;commune;vrai;
75111_8209_00004;75111_8209;4;;Rue Richard Lenoir;75011;75111;Paris 11e Arrondissement;;;654698.06;6861766.43;2.382607;48.854343;parcelle;;;PARIS;RUE RICHARD LENOIR;commune;commune;vrai;
75111_8209_00005;75111_8209;5;;Rue Richard Lenoir;75011;75111;Paris 11e Arrondissement;;;654677.14;6861783.71;2.38232;48.854497;parcelle;;;PARIS;RUE RICHARD LENOIR;commune;commune;vrai;
75111_8209_00006;75111_8209;6;;Rue Richard Lenoir;75011;75111;Paris 11e Arrondissement;;;654689.72;6861787.73;2.382491;48.854534;parcelle;;;PARIS;RUE RICHARD LENOIR;commune;commune;vrai;
75111_8209_00007;75111_8209;7;;Rue Richard Lenoir;75011;75111;Paris 11e Arrondissement;;;654671.09;6861798.88;2.382236;48.854633;parcelle;;;PARIS;RUE RICHARD LENOIR;commune;commune;vrai;
75111_8209_00008;75111_8209;8;;Rue Richard Lenoir;75011;75111;Paris 11e Arrondissement;;;654681.23;6861809.48;2.382373;48.854729;parcelle;;;PARIS;RUE RICHARD LENOIR;commune;commune;vrai;
75111_8209_00009;75111_8209;9;;Rue Richard Lenoir;75011;75111;Paris 11e Arrondissement;;;654668.07;6861806.69;2.382194;48.854703;parcelle;;;PARIS;RUE RICHARD LENOIR;commune;commune;vrai;
75111_8209_00010;75111_8209;10;;Rue Richard Lenoir;75011;75111;Paris 11e Arrondissement;;;654678.21;6861817.07;2.382331;48.854797;parcelle;;;PARIS;RUE RICHARD LENOIR;commune;commune;vrai;
75111_8209_00011;75111_8209;11;;Rue Richard Lenoir;75011;75111;Paris 11e Arrondissement;;;654664.47;6861815.62;2.382144;48.854783;parcelle;;;PARIS;RUE RICHARD LENOIR;commune;commune;vrai;
75111_8209_00012;75111_8209;12;;Rue Richard Lenoir;75011;75111;Paris 11e Arrondissement;;;654673.17;6861829.89;2.382261;48.854912;parcelle;;;PARIS;RUE RICHARD LENOIR;commune;commune;vrai;
75111_8209_00013;75111_8209;13;;Rue Richard Lenoir;75011;75111;Paris 11e Arrondissement;;;654661.02;6861824.32;2.382096;48.854861;parcelle;;;PARIS;RUE RICHARD LENOIR;commune;commune;vrai;
75111_8209_00014;75111_8209;14;;Rue Richard Lenoir;75011;75111;Paris 11e Arrondissement;;;654669.79;6861838.48;2.382214;48.854989;parcelle;;;PARIS;RUE RICHARD LENOIR;commune;commune;vrai;
75111_8209_00015;75111_8209;15;;Rue Richard Lenoir;75011;75111;Paris 11e Arrondissement;;;654655.34;6861838.71;2.382017;48.85499;parcelle;;;PARIS;RUE RICHARD LENOIR;commune;commune;vrai;
75111_8209_00016;75111_8209;16;;Rue Richard Lenoir;75011;75111;Paris 11e Arrondissement;;;654667.27;6861844.95;2.382179;48.855047;parcelle;;;PARIS;RUE RICHARD LENOIR;commune;commune;vrai;
75111_8209_00017;75111_8209;17;;Rue Richard Lenoir;75011;75111;Paris 11e Arrondissement;;;654649;6861854.55;2.381929;48.855132;parcelle;;;PARIS;RUE RICHARD LENOIR;commune;commune;vrai;
75111_8209_00018;75111_8209;18;;Rue Richard Lenoir;75011;75111;Paris 11e Arrondissement;;;654663.6;6861854.32;2.382128;48.855131;parcelle;;;PARIS;RUE RICHARD LENOIR;commune;commune;vrai;
75111_8209_00019;75111_8209;19;;Rue Richard Lenoir;75011;75111;Paris 11e Arrondissement;;;654641.95;6861872.39;2.381831;48.855292;parcelle;;;PARIS;RUE RICHARD LENOIR;commune;commune;vrai;
75111_8209_00020;75111_8209;20;;Rue Richard Lenoir;75011;75111;Paris 11e Arrondissement;;;654659.86;6861863.8;2.382076;48.855216;parcelle;;;PARIS;RUE RICHARD LENOIR;commune;commune;vrai;
75111_8209_00021;75111_8209;21;;Rue Richard Lenoir;75011;75111;Paris 11e Arrondissement;;;654634.9;6861890.02;2.381733;48.85545;parcelle;;;PARIS;RUE RICHARD LENOIR;commune;commune;vrai;
75111_8209_00022;75111_8209;22;;Rue Richard Lenoir;75011;75111;Paris 11e Arrondissement;;;654656.99;6861871.27;2.382036;48.855283;parcelle;;;PARIS;RUE RICHARD LENOIR;commune;commune;vrai;
75111_8209_00023;75111_8209;23;;Rue Richard Lenoir;75011;75111;Paris 11e Arrondissement;;;654629.93;6861902.62;2.381664;48.855563;parcelle;;;PARIS;RUE RICHARD LENOIR;commune;commune;vrai;
75111_8209_00024;75111_8209;24;;Rue Richard Lenoir;75011;75111;Paris 11e Arrondissement;;;654653.53;6861879.97;2.381988;48.855361;parcelle;;;PARIS;RUE RICHARD LENOIR;commune;commune;vrai;
75111_8209_00025;75111_8209;25;;Rue Richard Lenoir;75011;75111;Paris 11e Arrondissement;;;654625.54;6861913.55;2.381603;48.855661;parcelle;;;PARIS;RUE RICHARD LENOIR;commune;commune;vrai;
75111_8209_00027;75111_8209;27;;Rue Richard Lenoir;75011;75111;Paris 11e Arrondissement;;;654622.09;6861922.36;2.381555;48.85574;parcelle;;;PARIS;RUE RICHARD LENOIR;commune;commune;vrai;
75111_8209_00028;75111_8209;28;;Rue Richard Lenoir;75011;75111;Paris 11e Arrondissement;;;654642.74;6861907.75;2.381838;48.85561;parcelle;;;PARIS;RUE RICHARD LENOIR;commune;commune;vrai;
75111_8209_00029;75111_8209;29;;Rue Richard Lenoir;75011;75111;Paris 11e Arrondissement;;;654618.64;6861931.07;2.381507;48.855818;parcelle;;;PARIS;RUE RICHARD LENOIR;commune;commune;vrai;
75111_8209_00030;75111_8209;30;;Rue Richard Lenoir;75011;75111;Paris 11e Arrondissement;;;654639.43;6861916;2.381792;48.855684;parcelle;;;PARIS;RUE RICHARD LENOIR;commune;commune;vrai;
75111_8209_00031;75111_8209;31;;Rue Richard Lenoir;75011;75111;Paris 11e Arrondissement;;;654615.83;6861938.09;2.381468;48.855881;parcelle;;;PARIS;RUE RICHARD LENOIR;commune;commune;vrai;
75111_8209_00032;75111_8209;32;;Rue Richard Lenoir;75011;75111;Paris 11e Arrondissement;;;654636.34;6861923.7;2.381749;48.855753;parcelle;;;PARIS;RUE RICHARD LENOIR;commune;commune;vrai;
75111_8209_00033;75111_8209;33;;Rue Richard Lenoir;75011;75111;Paris 11e Arrondissement;;;654613.24;6861944.67;2.381432;48.85594;parcelle;;;PARIS;RUE RICHARD LENOIR;commune;commune;vrai;
75111_8209_00034;75111_8209;34;;Rue Richard Lenoir;75011;75111;Paris 11e Arrondissement;;;654627.34;6861946.57;2.381624;48.855958;parcelle;;;PARIS;RUE RICHARD LENOIR;commune;commune;vrai;
75111_8209_00035;75111_8209;35;;Rue Richard Lenoir;75011;75111;Paris 11e Arrondissement;;;654609.35;6861954.49;2.381378;48.856028;parcelle;;;PARIS;RUE RICHARD LENOIR;commune;commune;vrai;
75111_8209_00036;75111_8209;36;;Rue Richard Lenoir;75011;75111;Paris 11e Arrondissement;;;654622.95;6861957.61;2.381563;48.856057;parcelle;;;PARIS;RUE RICHARD LENOIR;commune;commune;vrai;
75111_8209_00037;75111_8209;37;;Rue Richard Lenoir;75011;75111;Paris 11e Arrondissement;;;654603.46;6861969.55;2.381296;48.856163;parcelle;;;PARIS;RUE RICHARD LENOIR;commune;commune;vrai;
75111_8209_00038;75111_8209;38;;Rue Richard Lenoir;75011;75111;Paris 11e Arrondissement;;;654618.21;6861969.65;2.381497;48.856165;parcelle;;;PARIS;RUE RICHARD LENOIR;commune;commune;vrai;
75111_8209_00039;75111_8209;39;;Rue Richard Lenoir;75011;75111;Paris 11e Arrondissement;;;654597.27;6861985.05;2.38121;48.856302;parcelle;;;PARIS;RUE RICHARD LENOIR;commune;commune;vrai;
75111_8209_00040;75111_8209;40;;Rue Richard Lenoir;75011;75111;Paris 11e Arrondissement;;;654613.24;6861982.15;2.381428;48.856277;parcelle;;;PARIS;RUE RICHARD LENOIR;commune;commune;vrai;
75111_8209_00041;75111_8209;41;;Rue Richard Lenoir;75011;75111;Paris 11e Arrondissement;;;654593.17;6861995.43;2.381153;48.856395;parcelle;;;PARIS;RUE RICHARD LENOIR;commune;commune;vrai;
75111_8209_00042;75111_8209;42;;Rue Richard Lenoir;75011;75111;Paris 11e Arrondissement;;;654610.08;6861990.29;2.381384;48.85635;parcelle;;;PARIS;RUE RICHARD LENOIR;commune;commune;vrai;
75111_8209_00043;75111_8209;43;;Rue Richard Lenoir;75011;75111;Paris 11e Arrondissement;;;654590.36;6862002.57;2.381114;48.856459;parcelle;;;PARIS;RUE RICHARD LENOIR;commune;commune;vrai;
75111_8209_00044;75111_8209;44;;Rue Richard Lenoir;75011;75111;Paris 11e Arrondissement;;;654607.27;6861997.43;2.381345;48.856414;parcelle;;;PARIS;RUE RICHARD LENOIR;commune;commune;vrai;
75111_8209_00045;75111_8209;45;;Rue Richard Lenoir;75011;75111;Paris 11e Arrondissement;;;654587.63;6862009.48;2.381076;48.856521;parcelle;;;PARIS;RUE RICHARD LENOIR;commune;commune;vrai;
75111_8209_00047;75111_8209;47;;Rue Richard Lenoir;75011;75111;Paris 11e Arrondissement;;;654575.83;6862039.49;2.380912;48.85679;parcelle;;;PARIS;RUE RICHARD LENOIR;commune;commune;vrai;
75111_8209_00048;75111_8209;48;;Rue Richard Lenoir;75011;75111;Paris 11e Arrondissement;;;654602.52;6862009.25;2.381279;48.85652;parcelle;;;PARIS;RUE RICHARD LENOIR;commune;commune;vrai;
75111_8209_00049;75111_8209;49;;Rue Richard Lenoir;75011;75111;Paris 11e Arrondissement;;;654571.44;6862050.64;2.380851;48.85689;parcelle;;;PARIS;RUE RICHARD LENOIR;commune;commune;vrai;
75111_8209_00050;75111_8209;50;;Rue Richard Lenoir;75011;75111;Paris 11e Arrondissement;;;654599.86;6862016.06;2.381242;48.856581;parcelle;;;PARIS;RUE RICHARD LENOIR;commune;commune;vrai;
75111_8209_00051;75111_8209;51;;Rue Richard Lenoir;75011;75111;Paris 11e Arrondissement;;;654565.25;6862066.37;2.380765;48.857031;parcelle;;;PARIS;RUE RICHARD LENOIR;commune;commune;vrai;
75111_8209_00052;75111_8209;52;;Rue Richard Lenoir;75011;75111;Paris 11e Arrondissement;;;654595.33;6862027.77;2.381179;48.856686;parcelle;;;PARIS;RUE RICHARD LENOIR;commune;commune;vrai;
75111_8209_00053;75111_8209;53;;Rue Richard Lenoir;75011;75111;Paris 11e Arrondissement;;;654559.71;6862080.31;2.380688;48.857156;parcelle;;;PARIS;RUE RICHARD LENOIR;commune;commune;vrai;
75111_8209_00054;75111_8209;54;;Rue Richard Lenoir;75011;75111;Paris 11e Arrondissement;;;654590.15;6862040.93;2.381107;48.856804;parcelle;;;PARIS;RUE RICHARD LENOIR;commune;commune;vrai;
75111_8209_00055;75111_8209;55;;Rue Richard Lenoir;75011;75111;Paris 11e Arrondissement;;;654555.47;6862091.13;2.380629;48.857253;parcelle;;;PARIS;RUE RICHARD LENOIR;commune;commune;vrai;
75111_8209_00056;75111_8209;56;;Rue Richard Lenoir;75011;75111;Paris 11e Arrondissement;;;654582.67;6862060;2.381003;48.856975;parcelle;;;PARIS;RUE RICHARD LENOIR;commune;commune;vrai;
75111_8209_00057;75111_8209;57;;Rue Richard Lenoir;75011;75111;Paris 11e Arrondissement;;;654552.52;6862098.6;2.380588;48.85732;parcelle;;;PARIS;RUE RICHARD LENOIR;commune;commune;vrai;
75111_8209_00017_b;75111_8209;17;b;Rue Richard Lenoir;75011;75111;Paris 11e Arrondissement;;;654643.82;6861867.6;2.381857;48.855249;parcelle;;;PARIS;RUE RICHARD LENOIR;commune;commune;vrai;
75111_8209_00006_b;75111_8209;6;b;Rue Richard Lenoir;75011;75111;Paris 11e Arrondissement;;;654685.83;6861797.66;2.382437;48.854623;parcelle;;;PARIS;RUE RICHARD LENOIR;commune;commune;vrai;
75111_8209_00010_a;75111_8209;10;a;Rue Richard Lenoir;75011;75111;Paris 11e Arrondissement;;;654692.01;6861818.4;2.382519;48.85481;parcelle;;;PARIS;RUE RICHARD LENOIR;commune;commune;vrai;
75111_8209_00045_b;75111_8209;45;b;Rue Richard Lenoir;75011;75111;Paris 11e Arrondissement;;;654581.15;6862025.99;2.380986;48.856669;parcelle;;;PARIS;RUE RICHARD LENOIR;commune;commune;vrai;
75111_8209_00004_b;75111_8209;4;b;Rue Richard Lenoir;75011;75111;Paris 11e Arrondissement;;;654693.89;6861777.13;2.382549;48.854439;parcelle;;;PARIS;RUE RICHARD LENOIR;commune;commune;vrai;
75111_8209_00010_b;75111_8209;10;b;Rue Richard Lenoir;75011;75111;Paris 11e Arrondissement;;;654676.91;6861820.41;2.382313;48.854827;parcelle;;;PARIS;RUE RICHARD LENOIR;commune;commune;vrai;
75111_1762_00001;75111_1762;1;;Rue Chanzy;75011;75111;Paris 11e Arrondissement;;;654651.25;6861560.41;2.381991;48.852487;parcelle;;;PARIS;RUE CHANZY;commune;commune;vrai;
75111_1762_00002;75111_1762;2;;Rue Chanzy;75011;75111;Paris 11e Arrondissement;;;654654.8;6861545.7;2.382041;48.852355;parcelle;;;PARIS;RUE CHANZY;commune;commune;vrai;
75111_1762_00003;75111_1762;3;;Rue Chanzy;75011;75111;Paris 11e Arrondissement;;;654658.59;6861560.13;2.382091;48.852485;parcelle;;;PARIS;RUE CHANZY;commune;commune;vrai;
75111_1762_00004;75111_1762;4;;Rue Chanzy;75011;75111;Paris 11e Arrondissement;;;654672.65;6861547.68;2.382284;48.852374;parcelle;;;PARIS;RUE CHANZY;commune;commune;vrai;
75111_1762_00005;75111_1762;5;;Rue Chanzy;75011;75111;Paris 11e Arrondissement;;;654669.97;6861561.49;2.382246;48.852498;parcelle;;;PARIS;RUE CHANZY;commune;commune;vrai;
75111_1762_00006;75111_1762;6;;Rue Chanzy;75011;75111;Paris 11e Arrondissement;;;654690.94;6861549.87;2.382533;48.852395;parcelle;;;PARIS;RUE CHANZY;commune;commune;vrai;
75111_1762_00007;75111_1762;7;;Rue Chanzy;75011;75111;Paris 11e Arrondissement;;;654686.5;6861563.36;2.382471;48.852516;parcelle;;;PARIS;RUE CHANZY;commune;commune;vrai;
75111_1762_00008;75111_1762;8;;Rue Chanzy;75011;75111;Paris 11e Arrondissement;;;654705.48;6861551.53;2.382731;48.852411;parcelle;;;PARIS;RUE CHANZY;commune;commune;vrai;
75111_1762_00009;75111_1762;9;;Rue Chanzy;75011;75111;Paris 11e Arrondissement;;;654703.17;6861565.34;2.382698;48.852535;parcelle;;;PARIS;RUE CHANZY;commune;commune;vrai;
75111_1762_00010;75111_1762;10;;Rue Chanzy;75011;75111;Paris 11e Arrondissement;;;654723.48;6861553.62;2.382976;48.852431;parcelle;;;PARIS;RUE CHANZY;commune;commune;vrai;
75111_1762_00011;75111_1762;11;;Rue Chanzy;75011;75111;Paris 11e Arrondissement;;;654715.95;6861566.8;2.382872;48.852549;parcelle;;;PARIS;RUE CHANZY;commune;commune;vrai;
75111_1762_00013;75111_1762;13;;Rue Chanzy;75011;75111;Paris 11e Arrondissement;;;654757.89;6861571.81;2.383443;48.852597;parcelle;;;PARIS;RUE CHANZY;commune;commune;vrai;
75111_1762_00014;75111_1762;14;;Rue Chanzy;75011;75111;Paris 11e Arrondissement;;;654768.13;6861558.72;2.383584;48.85248;parcelle;;;PARIS;RUE CHANZY;commune;commune;vrai;
75111_1762_00015;75111_1762;15;;Rue Chanzy;75011;75111;Paris 11e Arrondissement;;;654769.49;6861573.16;2.383601;48.85261;parcelle;;;PARIS;RUE CHANZY;commune;commune;vrai;
75111_1762_00016;75111_1762;16;;Rue Chanzy;75011;75111;Paris 11e Arrondissement;;;654784.51;6861560.7;2.383807;48.852499;parcelle;;;PARIS;RUE CHANZY;commune;commune;vrai;
75111_1762_00017;75111_1762;17;;Rue Chanzy;75011;75111;Paris 11e Arrondissement;;;654782.2;6861574.62;2.383774;48.852624;parcelle;;;PARIS;RUE CHANZY;commune;commune;vrai;
75111_1762_00018;75111_1762;18;;Rue Chanzy;75011;75111;Paris 11e Arrondissement;;;654796.41;6861562.05;2.383969;48.852512;parcelle;;;PARIS;RUE CHANZY;commune;commune;vrai;
75111_1762_00019;75111_1762;19;;Rue Chanzy;75011;75111;Paris 11e Arrondissement;;;654807.47;6861577.54;2.384118;48.852652;parcelle;;;PARIS;RUE CHANZY;commune;commune;vrai;
75111_1762_00020;75111_1762;20;;Rue Chanzy;75011;75111;Paris 11e Arrondissement;;;654819.11;6861564.66;2.384278;48.852537;parcelle;;;PARIS;RUE CHANZY;commune;commune;vrai;
75111_1762_00021;75111_1762;21;;Rue Chanzy;75011;75111;Paris 11e Arrondissement;;;654824.58;6861579.52;2.384351;48.852671;parcelle;;;PARIS;RUE CHANZY;commune;commune;vrai;
75111_1762_00022;75111_1762;22;;Rue Chanzy;75011;75111;Paris 11e Arrondissement;;;654831.45;6861566.12;2.384446;48.852551;parcelle;;;PARIS;RUE CHANZY;commune;commune;vrai;
75111_1762_00023;75111_1762;23;;Rue Chanzy;75011;75111;Paris 11e Arrondissement;;;654869.83;6861585.39;2.384967;48.852727;parcelle;;;PARIS;RUE CHANZY;commune;commune;vrai;
75111_1762_00024;75111_1762;24;;Rue Chanzy;75011;75111;Paris 11e Arrondissement;;;654844.08;6861567.58;2.384618;48.852565;parcelle;;;PARIS;RUE CHANZY;commune;commune;vrai;
75111_1762_00025;75111_1762;25;;Rue Chanzy;75011;75111;Paris 11e Arrondissement;;;654896.53;6861593.74;2.38533;48.852804;parcelle;;;PARIS;RUE CHANZY;commune;commune;vrai;
75111_1762_00026;75111_1762;26;;Rue Chanzy;75011;75111;Paris 11e Arrondissement;;;654873.47;6861571.91;2.385018;48.852606;parcelle;;;PARIS;RUE CHANZY;commune;commune;vrai;
75111_1762_00027;75111_1762;27;;Rue Chanzy;75011;75111;Paris 11e Arrondissement;;;654907.42;6861597.11;2.385478;48.852835;parcelle;;;PARIS;RUE CHANZY;commune;commune;vrai;
75111_1762_00028;75111_1762;28;;Rue Chanzy;75011;75111;Paris 11e Arrondissement;;;654897.37;6861579.39;2.385343;48.852675;parcelle;;;PARIS;RUE CHANZY;commune;commune;vrai;
75111_1762_00029;75111_1762;29;;Rue Chanzy;75011;75111;Paris 11e Arrondissement;;;654922.79;6861601.88;2.385687;48.852879;parcelle;;;PARIS;RUE CHANZY;commune;commune;vrai;
75111_1762_00030;75111_1762;30;;Rue Chanzy;75011;75111;Paris 11e Arrondissement;;;654912.15;6861582.61;2.385544;48.852705;parcelle;;;PARIS;RUE CHANZY;commune;commune;vrai;
75111_1762_00031;75111_1762;31;;Rue Chanzy;75011;75111;Paris 11e Arrondissement;;;654936.11;6861606;2.385868;48.852917;parcelle;;;PARIS;RUE CHANZY;commune;commune;vrai;
75111_1762_00032;75111_1762;32;;Rue Chanzy;75011;75111;Paris 11e Arrondissement;;;654936.5;6861591.1;2.385875;48.852783;parcelle;;;PARIS;RUE CHANZY;commune;commune;vrai;
75111_1762_00033;75111_1762;33;;Rue Chanzy;75011;75111;Paris 11e Arrondissement;;;654948.02;6861609.8;2.38603;48.852952;parcelle;;;PARIS;RUE CHANZY;commune;commune;vrai;
75111_1762_00034;75111_1762;34;;Rue Chanzy;75011;75111;Paris 11e Arrondissement;;;654948.2;6861594.79;2.386034;48.852817;parcelle;;;PARIS;RUE CHANZY;commune;commune;vrai;
75111_1762_00035;75111_1762;35;;Rue Chanzy;75011;75111;Paris 11e Arrondissement;;;654965.38;6861615.11;2.386266;48.853001;parcelle;;;PARIS;RUE CHANZY;commune;commune;vrai;
75111_1762_00036;75111_1762;36;;Rue Chanzy;75011;75111;Paris 11e Arrondissement;;;654976.85;6861607.69;2.386423;48.852935;parcelle;;;PARIS;RUE CHANZY;commune;commune;vrai;
75111_1762_00037;75111_1762;37;;Rue Chanzy;75011;75111;Paris 11e Arrondissement;;;654981.12;6861620.11;2.38648;48.853047;parcelle;;;PARIS;RUE CHANZY;commune;commune;vrai;
75111_1762_00038;75111_1762;38;;Rue Chanzy;75011;75111;Paris 11e Arrondissement;;;654989.57;6861611.7;2.386596;48.852972;parcelle;;;PARIS;RUE CHANZY;commune;commune;vrai;
75111_1762_00039;75111_1762;39;;Rue Chanzy;75011;75111;Paris 11e Arrondissement;;;654993.43;6861627.24;2.386647;48.853112;parcelle;;;PARIS;RUE CHANZY;commune;commune;vrai;
75111_1762_00040;75111_1762;40;;Rue Chanzy;75011;75111;Paris 11e Arrondissement;;;654996.19;6861613.87;2.386686;48.852992;parcelle;;;PARIS;RUE CHANZY;commune;commune;vrai;
75111_1762_00041;75111_1762;41;;Rue Chanzy;75011;75111;Paris 11e Arrondissement;;;655007.56;6861631.8;2.386839;48.853154;parcelle;;;PARIS;RUE CHANZY;commune;commune;vrai;
75111_1762_00042;75111_1762;42;;Rue Chanzy;75011;75111;Paris 11e Arrondissement;;;655010.1;6861618.21;2.386875;48.853032;parcelle;;;PARIS;RUE CHANZY;commune;commune;vrai;
75111_1762_00043;75111_1762;43;;Rue Chanzy;75011;75111;Paris 11e Arrondissement;;;655019.26;6861635.49;2.386998;48.853188;parcelle;;;PARIS;RUE CHANZY;commune;commune;vrai;
75111_1762_00044;75111_1762;44;;Rue Chanzy;75011;75111;Paris 11e Arrondissement;;;655024.81;6861622.99;2.387075;48.853076;parcelle;;;PARIS;RUE CHANZY;commune;commune;vrai;
75111_1762_00045;75111_1762;45;;Rue Chanzy;75011;75111;Paris 11e Arrondissement;;;655039.75;6861638.67;2.387277;48.853218;parcelle;;;PARIS;RUE CHANZY;commune;commune;vrai;
75111_1762_00046;75111_1762;46;;Rue Chanzy;75011;75111;Paris 11e Arrondissement;;;655039.45;6861627.66;2.387274;48.853119;parcelle;;;PARIS;RUE CHANZY;commune;commune;vrai;
75111_1762_00028_b;75111_1762;28;b;Rue Chanzy;75011;75111;Paris 11e Arrondissement;;;654904.94;6861580.22;2.385446;48.852683;parcelle;;;PARIS;RUE CHANZY;commune;commune;vrai;
75111_1762_00018_b;75111_1762;18;b;Rue Chanzy;75011;75111;Paris 11e Arrondissement;;;654807.65;6861563.41;2.384122;48.852525;parcelle;;;PARIS;RUE CHANZY;commune;commune;vrai;
75111_1762_00029_a;75111_1762;29;a;Rue Chanzy;75011;75111;Paris 11e Arrondissement;;;654920.27;6861617.13;2.385651;48.853016;parcelle;;;PARIS;RUE CHANZY;commune;commune;vrai;
75111_1762_00030_b;75111_1762;30;b;Rue Chanzy;75011;75111;Paris 11e Arrondissement;;;654923.77;6861586.42;2.385702;48.85274;parcelle;;;PARIS;RUE CHANZY;commune;commune;vrai;
75111_1482_00001;75111_1482;1;;Rue de Candie;75011;75111;Paris 11e Arrondissement;;;654432.57;6861457.38;2.379022;48.851545;parcelle;;;PARIS;RUE DE CANDIE;commune;commune;vrai;
75111_1482_00002;75111_1482;2;;Rue de Candie;75011;75111;Paris 11e Arrondissement;;;654428.65;6861443.95;2.37897;48.851424;parcelle;;;PARIS;RUE DE CANDIE;commune;commune;vrai;
75111_1482_00003;75111_1482;3;;Rue de Candie;75011;75111;Paris 11e Arrondissement;;;654448.68;6861453.25;2.379242;48.851509;parcelle;;;PARIS;RUE DE CANDIE;commune;commune;vrai;
75111_1482_00004;75111_1482;4;;Rue de Candie;75011;75111;Paris 11e Arrondissement;;;654445.2;6861439.82;2.379196;48.851388;parcelle;;;PARIS;RUE DE CANDIE;commune;commune;vrai;
75111_1482_00005;75111_1482;5;;Rue de Candie;75011;75111;Paris 11e Arrondissement;;;654461.72;6861449.92;2.37942;48.85148;parcelle;;;PARIS;RUE DE CANDIE;commune;commune;vrai;
75111_1482_00006;75111_1482;6;;Rue de Candie;75011;75111;Paris 11e Arrondissement;;;654460.14;6861436.03;2.3794;48.851355;parcelle;;;PARIS;RUE DE CANDIE;commune;commune;vrai;
75111_1482_00009;75111_1482;9;;Rue de Candie;75011;75111;Paris 11e Arrondissement;;;654493.8;6861441.88;2.379858;48.85141;parcelle;;;PARIS;RUE DE CANDIE;commune;commune;vrai;
75111_1482_00011;75111_1482;11;;Rue de Candie;75011;75111;Paris 11e Arrondissement;;;654506.54;6861438.67;2.380032;48.851382;parcelle;;;PARIS;RUE DE CANDIE;commune;commune;vrai;
75111_1482_00012;75111_1482;12;;Rue de Candie;75011;75111;Paris 11e Arrondissement;;;654499.61;6861425.83;2.379939;48.851266;parcelle;;;PARIS;RUE DE CANDIE;commune;commune;vrai;
75111_1482_00013;75111_1482;13;;Rue de Candie;75011;75111;Paris 11e Arrondissement;;;654519.36;6861435.34;2.380207;48.851353;parcelle;;;PARIS;RUE DE CANDIE;commune;commune;vrai;
75111_1482_00014;75111_1482;14;;Rue de Candie;75011;75111;Paris 11e Arrondissement;;;654507.23;6861423.87;2.380043;48.851249;parcelle;;;PARIS;RUE DE CANDIE;commune;commune;vrai;
75111_1482_00016;75111_1482;16;;Rue de Candie;75011;75111;Paris 11e Arrondissement;;;654514.77;6861421.93;2.380146;48.851232;parcelle;;;PARIS;RUE DE CANDIE;commune;commune;vrai;
75111_1482_00006_b;75111_1482;6;b;Rue de Candie;75011;75111;Paris 11e Arrondissement;;;654464.83;6861434.77;2.379464;48.851344;parcelle;;;PARIS;RUE DE CANDIE;commune;commune;vrai;
75111_1482_00006_s;75111_1482;6;s;Rue de Candie;75011;75111;Paris 11e Arrondissement;;;654470.69;6861433.95;2.379544;48.851337;parcelle;;;PARIS;RUE DE CANDIE;commune;commune;vrai;
75111_1234_00003;75111_1234;3;;Rue Bouvier;75011;75111;Paris 11e Arrondissement;;;655120.58;6861519.61;2.388391;48.852153;parcelle;;;PARIS;RUE BOUVIER;commune;commune;vrai;
75111_1234_00004;75111_1234;4;;Rue Bouvier;75011;75111;Paris 11e Arrondissement;;;655109.85;6861527.37;2.388244;48.852222;parcelle;;;PARIS;RUE BOUVIER;commune;commune;vrai;
75111_1234_00005;75111_1234;5;;Rue Bouvier;75011;75111;Paris 11e Arrondissement;;;655085.73;6861511.88;2.387917;48.852081;parcelle;;;PARIS;RUE BOUVIER;commune;commune;vrai;
75111_1234_00006;75111_1234;6;;Rue Bouvier;75011;75111;Paris 11e Arrondissement;;;655096.1;6861524.25;2.388057;48.852193;parcelle;;;PARIS;RUE BOUVIER;commune;commune;vrai;
75111_1234_00007;75111_1234;7;;Rue Bouvier;75011;75111;Paris 11e Arrondissement;;;655067.86;6861505.79;2.387674;48.852025;parcelle;;;PARIS;RUE BOUVIER;commune;commune;vrai;
75111_1234_00008;75111_1234;8;;Rue Bouvier;75011;75111;Paris 11e Arrondissement;;;655081.47;6861520.92;2.387858;48.852162;parcelle;;;PARIS;RUE BOUVIER;commune;commune;vrai;
75111_1234_00009;75111_1234;9;;Rue Bouvier;75011;75111;Paris 11e Arrondissement;;;655049.55;6861501.6;2.387425;48.851986;parcelle;;;PARIS;RUE BOUVIER;commune;commune;vrai;
75111_1234_00010;75111_1234;10;;Rue Bouvier;75011;75111;Paris 11e Arrondissement;;;655068.32;6861518.02;2.387679;48.852135;parcelle;;;PARIS;RUE BOUVIER;commune;commune;vrai;
75111_1234_00011;75111_1234;11;;Rue Bouvier;75011;75111;Paris 11e Arrondissement;;;655033.9;6861499.16;2.387212;48.851963;parcelle;;;PARIS;RUE BOUVIER;commune;commune;vrai;
75111_1234_00013;75111_1234;13;;Rue Bouvier;75011;75111;Paris 11e Arrondissement;;;655020.85;6861501.04;2.387034;48.851979;parcelle;;;PARIS;RUE BOUVIER;commune;commune;vrai;
75111_1234_00014;75111_1234;14;;Rue Bouvier;75011;75111;Paris 11e Arrondissement;;;655055.98;6861517.34;2.387511;48.852128;parcelle;;;PARIS;RUE BOUVIER;commune;commune;vrai;
75111_1234_00016;75111_1234;16;;Rue Bouvier;75011;75111;Paris 11e Arrondissement;;;655042.46;6861514.33;2.387327;48.8521;parcelle;;;PARIS;RUE BOUVIER;commune;commune;vrai;
75111_1234_00018;75111_1234;18;;Rue Bouvier;75011;75111;Paris 11e Arrondissement;;;655028.31;6861516.55;2.387134;48.852119;parcelle;;;PARIS;RUE BOUVIER;commune;commune;vrai;
75111_1234_00020;75111_1234;20;;Rue Bouvier;75011;75111;Paris 11e Arrondissement;;;655017.98;6861527.75;2.386992;48.852219;parcelle;;;PARIS;RUE BOUVIER;commune;commune;vrai;
75111_1234_00022;75111_1234;22;;Rue Bouvier;75011;75111;Paris 11e Arrondissement;;;655014.12;6861540.57;2.386938;48.852334;parcelle;;;PARIS;RUE BOUVIER;commune;commune;vrai;
75111_1234_00024;75111_1234;24;;Rue Bouvier;75011;75111;Paris 11e Arrondissement;;;655010.18;6861553.83;2.386883;48.852453;parcelle;;;PARIS;RUE BOUVIER;commune;commune;vrai;
75111_1234_00026;75111_1234;26;;Rue Bouvier;75011;75111;Paris 11e Arrondissement;;;655006.11;6861567.65;2.386826;48.852577;parcelle;;;PARIS;RUE BOUVIER;commune;commune;vrai;
75111_1234_00028;75111_1234;28;;Rue Bouvier;75011;75111;Paris 11e Arrondissement;;;654999.93;6861585.49;2.38674;48.852737;parcelle;;;PARIS;RUE BOUVIER;commune;commune;vrai;
75111_1234_00032;75111_1234;32;;Rue Bouvier;75011;75111;Paris 11e Arrondissement;;;654990.02;6861603.69;2.386603;48.8529;parcelle;;;PARIS;RUE BOUVIER;commune;commune;vrai;
75111_1234_00002_b;75111_1234;2;b;Rue Bouvier;75011;75111;Paris 11e Arrondissement;;;655127.2;6861531.24;2.38848;48.852258;parcelle;;;PARIS;RUE BOUVIER;commune;commune;vrai;
75111_1234_00032_u1;75111_1234;32;u1;Rue Bouvier;75011;75111;Paris 11e Arrondissement;;;654987.08;6861602.94;2.386563;48.852893;parcelle;;;PARIS;RUE BOUVIER;commune;commune;vrai;
75111_1234_00032_u;75111_1234;32;u;Rue Bouvier;75011;75111;Paris 11e Arrondissement;;;654985.17;6861602.51;2.386537;48.852889;parcelle;;;PARIS;RUE BOUVIER;commune;commune;vrai;
75111_5646_00001;75111_5646;1;;Passage Lhomme;75011;75111;Paris 11e Arrondissement;;;654176.55;6861634.98;2.375514;48.853124;parcelle;;;PARIS;PASSAGE LHOMME;commune;commune;vrai;
75111_5646_00002;75111_5646;2;;Passage Lhomme;75011;75111;Paris 11e Arrondissement;;;654162.27;6861630.31;2.37532;48.853081;parcelle;;;PARIS;PASSAGE LHOMME;commune;commune;vrai;
75111_5646_00003;75111_5646;3;;Passage Lhomme;75011;75111;Paris 11e Arrondissement;;;654183.16;6861626.36;2.375605;48.853047;parcelle;;;PARIS;PASSAGE LHOMME;commune;commune;vrai;
75111_5646_00004;75111_5646;4;;Passage Lhomme;75011;75111;Paris 11e Arrondissement;;;654172.5;6861624.78;2.37546;48.853032;parcelle;;;PARIS;PASSAGE LHOMME;commune;commune;vrai;
75111_5646_00005;75111_5646;5;;Passage Lhomme;75011;75111;Paris 11e Arrondissement;;;654195.87;6861609.69;2.37578;48.852898;parcelle;;;PARIS;PASSAGE LHOMME;commune;commune;vrai;
75111_5646_00006;75111_5646;6;;Passage Lhomme;75011;75111;Paris 11e Arrondissement;;;654181.51;6861613.14;2.375584;48.852928;parcelle;;;PARIS;PASSAGE LHOMME;commune;commune;vrai;
75111_5646_00007;75111_5646;7;;Passage Lhomme;75011;75111;Paris 11e Arrondissement;;;654208.72;6861592.8;2.375957;48.852747;parcelle;;;PARIS;PASSAGE LHOMME;commune;commune;vrai;
75111_5646_00008;75111_5646;8;;Passage Lhomme;75011;75111;Paris 11e Arrondissement;;;654193.93;6861597.25;2.375755;48.852786;parcelle;;;PARIS;PASSAGE LHOMME;commune;commune;vrai;
75111_5646_00009;75111_5646;9;;Passage Lhomme;75011;75111;Paris 11e Arrondissement;;;654218.02;6861580.72;2.376085;48.852639;parcelle;;;PARIS;PASSAGE LHOMME;commune;commune;vrai;
75111_5646_00010;75111_5646;10;;Passage Lhomme;75011;75111;Paris 11e Arrondissement;;;654206.5;6861581.03;2.375928;48.852641;parcelle;;;PARIS;PASSAGE LHOMME;commune;commune;vrai;
75111_5646_00011;75111_5646;11;;Passage Lhomme;75011;75111;Paris 11e Arrondissement;;;654227.46;6861577.86;2.376214;48.852614;parcelle;;;PARIS;PASSAGE LHOMME;commune;commune;vrai;
75111_5646_00012;75111_5646;12;;Passage Lhomme;75011;75111;Paris 11e Arrondissement;;;654215.27;6861567.84;2.376049;48.852523;parcelle;;;PARIS;PASSAGE LHOMME;commune;commune;vrai;
75111_5646_00013;75111_5646;13;;Passage Lhomme;75011;75111;Paris 11e Arrondissement;;;654239.07;6861570.66;2.376373;48.85255;parcelle;;;PARIS;PASSAGE LHOMME;commune;commune;vrai;
75111_5646_00014;75111_5646;14;;Passage Lhomme;75011;75111;Paris 11e Arrondissement;;;654229.91;6861571.51;2.376248;48.852557;parcelle;;;PARIS;PASSAGE LHOMME;commune;commune;vrai;
75111_7123_00001;75111_7123;1;;Rue Paul Bert;75011;75111;Paris 11e Arrondissement;;;654824.36;6861409.72;2.384366;48.851144;parcelle;;;PARIS;RUE PAUL BERT;commune;commune;vrai;
75111_7123_00002;75111_7123;2;;Rue Paul Bert;75011;75111;Paris 11e Arrondissement;;;654835.31;6861393.73;2.384517;48.851001;parcelle;;;PARIS;RUE PAUL BERT;commune;commune;vrai;
75111_7123_00003;75111_7123;3;;Rue Paul Bert;75011;75111;Paris 11e Arrondissement;;;654827.49;6861425.15;2.384407;48.851283;parcelle;;;PARIS;RUE PAUL BERT;commune;commune;vrai;
75111_7123_00004;75111_7123;4;;Rue Paul Bert;75011;75111;Paris 11e Arrondissement;;;654838.06;6861407.16;2.384553;48.851122;parcelle;;;PARIS;RUE PAUL BERT;commune;commune;vrai;
75111_7123_00005;75111_7123;5;;Rue Paul Bert;75011;75111;Paris 11e Arrondissement;;;654830.23;6861438.36;2.384443;48.851402;parcelle;;;PARIS;RUE PAUL BERT;commune;commune;vrai;
75111_7123_00006;75111_7123;6;;Rue Paul Bert;75011;75111;Paris 11e Arrondissement;;;654843.1;6861431.92;2.384619;48.851345;parcelle;;;PARIS;RUE PAUL BERT;commune;commune;vrai;
75111_7123_00007;75111_7123;7;;Rue Paul Bert;75011;75111;Paris 11e Arrondissement;;;654832.98;6861451.79;2.384479;48.851523;parcelle;;;PARIS;RUE PAUL BERT;commune;commune;vrai;
75111_7123_00008;75111_7123;8;;Rue Paul Bert;75011;75111;Paris 11e Arrondissement;;;654846.07;6861446.47;2.384658;48.851476;parcelle;;;PARIS;RUE PAUL BERT;commune;commune;vrai;
75111_7123_00009;75111_7123;9;;Rue Paul Bert;75011;75111;Paris 11e Arrondissement;;;654835.5;6861464.23;2.384512;48.851635;parcelle;;;PARIS;RUE PAUL BERT;commune;commune;vrai;
75111_7123_00010;75111_7123;10;;Rue Paul Bert;75011;75111;Paris 11e Arrondissement;;;654850.8;6861469.45;2.38472;48.851683;parcelle;;;PARIS;RUE PAUL BERT;commune;commune;vrai;
75111_7123_00011;75111_7123;11;;Rue Paul Bert;75011;75111;Paris 11e Arrondissement;;;654838.09;6861476.89;2.384546;48.851749;parcelle;;;PARIS;RUE PAUL BERT;commune;commune;vrai;
75111_7123_00012;75111_7123;12;;Rue Paul Bert;75011;75111;Paris 11e Arrondissement;;;654852.78;6861479.11;2.384746;48.85177;parcelle;;;PARIS;RUE PAUL BERT;commune;commune;vrai;
75111_7123_00013;75111_7123;13;;Rue Paul Bert;75011;75111;Paris 11e Arrondissement;;;654840.84;6861490.32;2.384582;48.85187;parcelle;;;PARIS;RUE PAUL BERT;commune;commune;vrai;
75111_7123_00014;75111_7123;14;;Rue Paul Bert;75011;75111;Paris 11e Arrondissement;;;654855.91;6861494.43;2.384787;48.851908;parcelle;;;PARIS;RUE PAUL BERT;commune;commune;vrai;
75111_7123_00015;75111_7123;15;;Rue Paul Bert;75011;75111;Paris 11e Arrondissement;;;654843.51;6861503.42;2.384617;48.851988;parcelle;;;PARIS;RUE PAUL BERT;commune;commune;vrai;
75111_7123_00016;75111_7123;16;;Rue Paul Bert;75011;75111;Paris 11e Arrondissement;;;654860.57;6861517.3;2.384848;48.852114;parcelle;;;PARIS;RUE PAUL BERT;commune;commune;vrai;
75111_7123_00017;75111_7123;17;;Rue Paul Bert;75011;75111;Paris 11e Arrondissement;;;654846.48;6861517.85;2.384656;48.852118;parcelle;;;PARIS;RUE PAUL BERT;commune;commune;vrai;
75111_7123_00018;75111_7123;18;;Rue Paul Bert;75011;75111;Paris 11e Arrondissement;;;654863.01;6861529.51;2.38488;48.852224;parcelle;;;PARIS;RUE PAUL BERT;commune;commune;vrai;
75111_7123_00019;75111_7123;19;;Rue Paul Bert;75011;75111;Paris 11e Arrondissement;;;654849.07;6861530.4;2.38469;48.852231;parcelle;;;PARIS;RUE PAUL BERT;commune;commune;vrai;
75111_7123_00020;75111_7123;20;;Rue Paul Bert;75011;75111;Paris 11e Arrondissement;;;654865.75;6861542.83;2.384916;48.852344;parcelle;;;PARIS;RUE PAUL BERT;commune;commune;vrai;
75111_7123_00021;75111_7123;21;;Rue Paul Bert;75011;75111;Paris 11e Arrondissement;;;654851.9;6861544.39;2.384727;48.852357;parcelle;;;PARIS;RUE PAUL BERT;commune;commune;vrai;
75111_7123_00022;75111_7123;22;;Rue Paul Bert;75011;75111;Paris 11e Arrondissement;;;654868.04;6861554.05;2.384946;48.852445;parcelle;;;PARIS;RUE PAUL BERT;commune;commune;vrai;
75111_7123_00023;75111_7123;23;;Rue Paul Bert;75011;75111;Paris 11e Arrondissement;;;654854.41;6861556.49;2.38476;48.852466;parcelle;;;PARIS;RUE PAUL BERT;commune;commune;vrai;
75111_7123_00024;75111_7123;24;;Rue Paul Bert;75011;75111;Paris 11e Arrondissement;;;654870.1;6861563.93;2.384973;48.852534;parcelle;;;PARIS;RUE PAUL BERT;commune;commune;vrai;
75111_7123_00012_b;75111_7123;12;b;Rue Paul Bert;75011;75111;Paris 11e Arrondissement;;;654854.23;6861486.32;2.384765;48.851835;parcelle;;;PARIS;RUE PAUL BERT;commune;commune;vrai;
75111_9805_00014;75111_9805;14;;Cour Jacques Viguès;75011;75111;Paris 11e Arrondissement;;;654047.71;6861591.18;2.373763;48.852721;parcelle;;;PARIS;COUR JACQUES VIGUES;commune;commune;vrai;
75111_9805_00015;75111_9805;15;;Cour Jacques Viguès;75011;75111;Paris 11e Arrondissement;;;654037.75;6861603.38;2.373626;48.85283;parcelle;;;PARIS;COUR JACQUES VIGUES;commune;commune;vrai;
75111_9805_00016;75111_9805;16;;Cour Jacques Viguès;75011;75111;Paris 11e Arrondissement;;;654020.74;6861614.64;2.373393;48.85293;parcelle;;;PARIS;COUR JACQUES VIGUES;commune;commune;vrai;
75111_9805_00017;75111_9805;17;;Cour Jacques Viguès;75011;75111;Paris 11e Arrondissement;;;654003.72;6861614.22;2.373161;48.852925;parcelle;;;PARIS;COUR JACQUES VIGUES;commune;commune;vrai;
75111_9805_00018;75111_9805;18;;Cour Jacques Viguès;75011;75111;Paris 11e Arrondissement;;;654013.08;6861601.58;2.37329;48.852812;parcelle;;;PARIS;COUR JACQUES VIGUES;commune;commune;vrai;
75111_9805_00019;75111_9805;19;;Cour Jacques Viguès;75011;75111;Paris 11e Arrondissement;;;654030.1;6861591.21;2.373523;48.85272;parcelle;;;PARIS;COUR JACQUES VIGUES;commune;commune;vrai;
75111_3797_00001;75111_3797;1;;Rue François de Neufchâteau;75011;75111;Paris 11e Arrondissement;;;654634.59;6861944.28;2.381723;48.855938;parcelle;;;PARIS;RUE FRANCOIS DE NEUFCHATEAU;commune;commune;vrai;
75111_3797_00002;75111_3797;2;;Rue François de Neufchâteau;75011;75111;Paris 11e Arrondissement;;;654659.42;6861938.64;2.382062;48.855889;parcelle;;;PARIS;RUE FRANCOIS DE NEUFCHATEAU;commune;commune;vrai;
75111_3797_00003;75111_3797;3;;Rue François de Neufchâteau;75011;75111;Paris 11e Arrondissement;;;654645.7;6861948.65;2.381874;48.855978;parcelle;;;PARIS;RUE FRANCOIS DE NEUFCHATEAU;commune;commune;vrai;
75111_3797_00004;75111_3797;4;;Rue François de Neufchâteau;75011;75111;Paris 11e Arrondissement;;;654701.75;6861955.66;2.382637;48.856045;parcelle;;;PARIS;RUE FRANCOIS DE NEUFCHATEAU;commune;commune;vrai;
75111_3797_00005;75111_3797;5;;Rue François de Neufchâteau;75011;75111;Paris 11e Arrondissement;;;654654.83;6861952.24;2.381998;48.856011;parcelle;;;PARIS;RUE FRANCOIS DE NEUFCHATEAU;commune;commune;vrai;
75111_3797_00007;75111_3797;7;;Rue François de Neufchâteau;75011;75111;Paris 11e Arrondissement;;;654664.77;6861956.17;2.382133;48.856047;parcelle;;;PARIS;RUE FRANCOIS DE NEUFCHATEAU;commune;commune;vrai;
75111_3797_00009;75111_3797;9;;Rue François de Neufchâteau;75011;75111;Paris 11e Arrondissement;;;654674.92;6861960.09;2.382271;48.856083;parcelle;;;PARIS;RUE FRANCOIS DE NEUFCHATEAU;commune;commune;vrai;
75111_3797_00011;75111_3797;11;;Rue François de Neufchâteau;75011;75111;Paris 11e Arrondissement;;;654687;6861964.89;2.382435;48.856127;parcelle;;;PARIS;RUE FRANCOIS DE NEUFCHATEAU;commune;commune;vrai;
75111_9149_00001;75111_9149;1;;Rue des Taillandiers;75011;75111;Paris 11e Arrondissement;;;654180.75;6861674.75;2.375567;48.853482;parcelle;;;PARIS;RUE DES TAILLANDIERS;commune;commune;vrai;
75111_9149_00002;75111_9149;2;;Rue des Taillandiers;75011;75111;Paris 11e Arrondissement;;;654195.01;6861669.08;2.375762;48.853432;parcelle;;;PARIS;RUE DES TAILLANDIERS;commune;commune;vrai;
75111_9149_00003;75111_9149;3;;Rue des Taillandiers;75011;75111;Paris 11e Arrondissement;;;654175.24;6861692.03;2.37549;48.853637;parcelle;;;PARIS;RUE DES TAILLANDIERS;commune;commune;vrai;
75111_9149_00004;75111_9149;4;;Rue des Taillandiers;75011;75111;Paris 11e Arrondissement;;;654183.92;6861703.97;2.375607;48.853745;parcelle;;;PARIS;RUE DES TAILLANDIERS;commune;commune;vrai;
75111_9149_00005;75111_9149;5;;Rue des Taillandiers;75011;75111;Paris 11e Arrondissement;;;654168.58;6861712.88;2.375397;48.853824;parcelle;;;PARIS;RUE DES TAILLANDIERS;commune;commune;vrai;
75111_9149_00006;75111_9149;6;;Rue des Taillandiers;75011;75111;Paris 11e Arrondissement;;;654179.83;6861716.79;2.37555;48.85386;parcelle;;;PARIS;RUE DES TAILLANDIERS;commune;commune;vrai;
75111_9149_00007;75111_9149;7;;Rue des Taillandiers;75011;75111;Paris 11e Arrondissement;;;654165.35;6861722.91;2.375352;48.853914;parcelle;;;PARIS;RUE DES TAILLANDIERS;commune;commune;vrai;
75111_9149_00008;75111_9149;8;;Rue des Taillandiers;75011;75111;Paris 11e Arrondissement;;;654176.32;6861727.61;2.375501;48.853957;parcelle;;;PARIS;RUE DES TAILLANDIERS;commune;commune;vrai;
75111_9149_00010;75111_9149;10;;Rue des Taillandiers;75011;75111;Paris 11e Arrondissement;;;654169.02;6861750.57;2.375399;48.854163;parcelle;;;PARIS;RUE DES TAILLANDIERS;commune;commune;vrai;
75111_9149_00011;75111_9149;11;;Rue des Taillandiers;75011;75111;Paris 11e Arrondissement;;;654158.76;6861743.31;2.37526;48.854097;parcelle;;;PARIS;RUE DES TAILLANDIERS;commune;commune;vrai;
75111_9149_00012;75111_9149;12;;Rue des Taillandiers;75011;75111;Paris 11e Arrondissement;;;654166.37;6861758.93;2.375362;48.854238;parcelle;;;PARIS;RUE DES TAILLANDIERS;commune;commune;vrai;
75111_9149_00013;75111_9149;13;;Rue des Taillandiers;75011;75111;Paris 11e Arrondissement;;;654156.19;6861751.34;2.375224;48.854169;parcelle;;;PARIS;RUE DES TAILLANDIERS;commune;commune;vrai;
75111_9149_00014;75111_9149;14;;Rue des Taillandiers;75011;75111;Paris 11e Arrondissement;;;654161.14;6861775.21;2.375289;48.854384;parcelle;;;PARIS;RUE DES TAILLANDIERS;commune;commune;vrai;
75111_9149_00015;75111_9149;15;;Rue des Taillandiers;75011;75111;Paris 11e Arrondissement;;;654148.24;6861776.09;2.375113;48.854391;parcelle;;;PARIS;RUE DES TAILLANDIERS;commune;commune;vrai;
75111_9149_00016;75111_9149;16;;Rue des Taillandiers;75011;75111;Paris 11e Arrondissement;;;654155.49;6861792.6;2.37521;48.85454;parcelle;;;PARIS;RUE DES TAILLANDIERS;commune;commune;vrai;
75111_9149_00017;75111_9149;17;;Rue des Taillandiers;75011;75111;Paris 11e Arrondissement;;;654144.8;6861786.9;2.375065;48.854488;parcelle;;;PARIS;RUE DES TAILLANDIERS;commune;commune;vrai;
75111_9149_00018;75111_9149;18;;Rue des Taillandiers;75011;75111;Paris 11e Arrondissement;;;654148.32;6861814.9;2.37511;48.85474;parcelle;;;PARIS;RUE DES TAILLANDIERS;commune;commune;vrai;
75111_9149_00019;75111_9149;19;;Rue des Taillandiers;75011;75111;Paris 11e Arrondissement;;;654141.65;6861796.71;2.375021;48.854576;parcelle;;;PARIS;RUE DES TAILLANDIERS;commune;commune;vrai;
75111_9149_00020;75111_9149;20;;Rue des Taillandiers;75011;75111;Paris 11e Arrondissement;;;654144.24;6861827.49;2.375053;48.854853;parcelle;;;PARIS;RUE DES TAILLANDIERS;commune;commune;vrai;
75111_9149_00021;75111_9149;21;;Rue des Taillandiers;75011;75111;Paris 11e Arrondissement;;;654139;6861805.07;2.374984;48.854651;parcelle;;;PARIS;RUE DES TAILLANDIERS;commune;commune;vrai;
75111_9149_00022;75111_9149;22;;Rue des Taillandiers;75011;75111;Paris 11e Arrondissement;;;654137.65;6861848.01;2.374961;48.855037;parcelle;;;PARIS;RUE DES TAILLANDIERS;commune;commune;vrai;
75111_9149_00023;75111_9149;23;;Rue des Taillandiers;75011;75111;Paris 11e Arrondissement;;;654129.76;6861833.95;2.374855;48.85491;parcelle;;;PARIS;RUE DES TAILLANDIERS;commune;commune;vrai;
75111_9149_00024;75111_9149;24;;Rue des Taillandiers;75011;75111;Paris 11e Arrondissement;;;654126.62;6861882.34;2.374807;48.855345;parcelle;;;PARIS;RUE DES TAILLANDIERS;commune;commune;vrai;
75111_9149_00025;75111_9149;25;;Rue des Taillandiers;75011;75111;Paris 11e Arrondissement;;;654123.25;6861854.24;2.374764;48.855092;parcelle;;;PARIS;RUE DES TAILLANDIERS;commune;commune;vrai;
75111_9149_00027;75111_9149;27;;Rue des Taillandiers;75011;75111;Paris 11e Arrondissement;;;654118.02;6861870.62;2.374691;48.855239;parcelle;;;PARIS;RUE DES TAILLANDIERS;commune;commune;vrai;
75111_9149_00021_b;75111_9149;21;b;Rue des Taillandiers;75011;75111;Paris 11e Arrondissement;;;654134.49;6861819.23;2.374921;48.854778;parcelle;;;PARIS;RUE DES TAILLANDIERS;commune;commune;vrai;
75111_9149_00022_b;75111_9149;22;b;Rue des Taillandiers;75011;75111;Paris 11e Arrondissement;;;654132.28;6861864.73;2.374886;48.855187;parcelle;;;PARIS;RUE DES TAILLANDIERS;commune;commune;vrai;
75111_9149_00002_b;75111_9149;2;b;Rue des Taillandiers;75011;75111;Paris 11e Arrondissement;;;654189.72;6861685.8;2.375688;48.853582;parcelle;;;PARIS;RUE DES TAILLANDIERS;commune;commune;vrai;
75111_9149_00008_b;75111_9149;8;b;Rue des Taillandiers;75011;75111;Paris 11e Arrondissement;;;654172.1;6861740.98;2.375442;48.854077;parcelle;;;PARIS;RUE DES TAILLANDIERS;commune;commune;vrai;
75111_0783_00002;75111_0783;2;;Boulevard Beaumarchais;75011;75111;Paris 11e Arrondissement;;;653707.62;6861770.36;2.369109;48.854308;parcelle;;;PARIS;BOULEVARD BEAUMARCHAIS;commune;commune;vrai;
75111_0783_00004;75111_0783;4;;Boulevard Beaumarchais;75011;75111;Paris 11e Arrondissement;;;653703.72;6861796.41;2.369053;48.854542;parcelle;;;PARIS;BOULEVARD BEAUMARCHAIS;commune;commune;vrai;
75111_0783_00006;75111_0783;6;;Boulevard Beaumarchais;75011;75111;Paris 11e Arrondissement;;;653701.21;6861813.23;2.369017;48.854693;parcelle;;;PARIS;BOULEVARD BEAUMARCHAIS;commune;commune;vrai;
75111_0783_00008;75111_0783;8;;Boulevard Beaumarchais;75011;75111;Paris 11e Arrondissement;;;653699.26;6861826.14;2.368989;48.854809;parcelle;;;PARIS;BOULEVARD BEAUMARCHAIS;commune;commune;vrai;
75111_0783_00010;75111_0783;10;;Boulevard Beaumarchais;75011;75111;Paris 11e Arrondissement;;;653697.66;6861836.61;2.368966;48.854903;parcelle;;;PARIS;BOULEVARD BEAUMARCHAIS;commune;commune;vrai;
75111_0783_00012;75111_0783;12;;Boulevard Beaumarchais;75011;75111;Paris 11e Arrondissement;;;653696.34;6861845.85;2.368947;48.854986;parcelle;;;PARIS;BOULEVARD BEAUMARCHAIS;commune;commune;vrai;
75111_0783_00014;75111_0783;14;;Boulevard Beaumarchais;75011;75111;Paris 11e Arrondissement;;;653695.01;6861854.42;2.368928;48.855063;parcelle;;;PARIS;BOULEVARD BEAUMARCHAIS;commune;commune;vrai;
75111_0783_00016;75111_0783;16;;Boulevard Beaumarchais;75011;75111;Paris 11e Arrondissement;;;653693.83;6861862.55;2.368911;48.855136;parcelle;;;PARIS;BOULEVARD BEAUMARCHAIS;commune;commune;vrai;
75111_0783_00018;75111_0783;18;;Boulevard Beaumarchais;75011;75111;Paris 11e Arrondissement;;;653692.5;6861871.01;2.368892;48.855212;parcelle;;;PARIS;BOULEVARD BEAUMARCHAIS;commune;commune;vrai;
75111_0783_00020;75111_0783;20;;Boulevard Beaumarchais;75011;75111;Paris 11e Arrondissement;;;653691.32;6861879.25;2.368875;48.855286;parcelle;;;PARIS;BOULEVARD BEAUMARCHAIS;commune;commune;vrai;
75111_0783_00022;75111_0783;22;;Boulevard Beaumarchais;75011;75111;Paris 11e Arrondissement;;;653689.3;6861892.27;2.368846;48.855403;parcelle;;;PARIS;BOULEVARD BEAUMARCHAIS;commune;commune;vrai;
75111_0783_00024;75111_0783;24;;Boulevard Beaumarchais;75011;75111;Paris 11e Arrondissement;;;653687.42;6861904.96;2.368819;48.855517;parcelle;;;PARIS;BOULEVARD BEAUMARCHAIS;commune;commune;vrai;
75111_0783_00026;75111_0783;26;;Boulevard Beaumarchais;75011;75111;Paris 11e Arrondissement;;;653684.7;6861923.22;2.36878;48.855681;parcelle;;;PARIS;BOULEVARD BEAUMARCHAIS;commune;commune;vrai;
75111_8497_00001;75111_8497;1;;Passage Saint-Bernard;75011;75111;Paris 11e Arrondissement;;;654477.62;6861373.07;2.379645;48.85079;parcelle;;;PARIS;PASSAGE SAINT BERNARD;commune;commune;vrai;
75111_8497_00002;75111_8497;2;;Passage Saint-Bernard;75011;75111;Paris 11e Arrondissement;;;654487.2;6861396.46;2.379773;48.851001;parcelle;;;PARIS;PASSAGE SAINT BERNARD;commune;commune;vrai;
75111_8497_00003;75111_8497;3;;Passage Saint-Bernard;75011;75111;Paris 11e Arrondissement;;;654483.28;6861448.42;2.379714;48.851468;parcelle;;;PARIS;PASSAGE SAINT BERNARD;commune;commune;vrai;
75111_8497_00004;75111_8497;4;;Passage Saint-Bernard;75011;75111;Paris 11e Arrondissement;;;654489.66;6861410;2.379805;48.851123;parcelle;;;PARIS;PASSAGE SAINT BERNARD;commune;commune;vrai;
75111_8497_00005;75111_8497;5;;Passage Saint-Bernard;75011;75111;Paris 11e Arrondissement;;;654487.69;6861467.51;2.379772;48.85164;parcelle;;;PARIS;PASSAGE SAINT BERNARD;commune;commune;vrai;
75111_8497_00006;75111_8497;6;;Passage Saint-Bernard;75011;75111;Paris 11e Arrondissement;;;654492.39;6861422.21;2.379841;48.851233;parcelle;;;PARIS;PASSAGE SAINT BERNARD;commune;commune;vrai;
75111_8497_00007;75111_8497;7;;Passage Saint-Bernard;75011;75111;Paris 11e Arrondissement;;;654491.87;6861485.71;2.379827;48.851804;parcelle;;;PARIS;PASSAGE SAINT BERNARD;commune;commune;vrai;
75111_8497_00008;75111_8497;8;;Passage Saint-Bernard;75011;75111;Paris 11e Arrondissement;;;654491.65;6861449.02;2.379828;48.851474;parcelle;;;PARIS;PASSAGE SAINT BERNARD;commune;commune;vrai;
75111_8497_00009;75111_8497;9;;Passage Saint-Bernard;75011;75111;Paris 11e Arrondissement;;;654495.66;6861502.25;2.379877;48.851953;parcelle;;;PARIS;PASSAGE SAINT BERNARD;commune;commune;vrai;
75111_8497_00010;75111_8497;10;;Passage Saint-Bernard;75011;75111;Paris 11e Arrondissement;;;654495.46;6861466.33;2.379878;48.85163;parcelle;;;PARIS;PASSAGE SAINT BERNARD;commune;commune;vrai;
75111_8497_00011;75111_8497;11;;Passage Saint-Bernard;75011;75111;Paris 11e Arrondissement;;;654500.07;6861521.45;2.379935;48.852126;parcelle;;;PARIS;PASSAGE SAINT BERNARD;commune;commune;vrai;
75111_8497_00012;75111_8497;12;;Passage Saint-Bernard;75011;75111;Paris 11e Arrondissement;;;654497.28;6861474.55;2.379902;48.851704;parcelle;;;PARIS;PASSAGE SAINT BERNARD;commune;commune;vrai;
75111_8497_00014;75111_8497;14;;Passage Saint-Bernard;75011;75111;Paris 11e Arrondissement;;;654499.56;6861484.65;2.379932;48.851795;parcelle;;;PARIS;PASSAGE SAINT BERNARD;commune;commune;vrai;
75111_8497_00015;75111_8497;15;;Passage Saint-Bernard;75011;75111;Paris 11e Arrondissement;;;654502.35;6861531.33;2.379965;48.852215;parcelle;;;PARIS;PASSAGE SAINT BERNARD;commune;commune;vrai;
75111_8497_00016;75111_8497;16;;Passage Saint-Bernard;75011;75111;Paris 11e Arrondissement;;;654503.13;6861500.19;2.379979;48.851935;parcelle;;;PARIS;PASSAGE SAINT BERNARD;commune;commune;vrai;
75111_8497_00017;75111_8497;17;;Passage Saint-Bernard;75011;75111;Paris 11e Arrondissement;;;654506.45;6861549.2;2.380019;48.852376;parcelle;;;PARIS;PASSAGE SAINT BERNARD;commune;commune;vrai;
75111_8497_00018;75111_8497;18;;Passage Saint-Bernard;75011;75111;Paris 11e Arrondissement;;;654506.93;6861516.62;2.380029;48.852083;parcelle;;;PARIS;PASSAGE SAINT BERNARD;commune;commune;vrai;
75111_8497_00020;75111_8497;20;;Passage Saint-Bernard;75011;75111;Paris 11e Arrondissement;;;654511.26;6861535.37;2.380086;48.852252;parcelle;;;PARIS;PASSAGE SAINT BERNARD;commune;commune;vrai;
75111_8497_00022;75111_8497;22;;Passage Saint-Bernard;75011;75111;Paris 11e Arrondissement;;;654513.85;6861546.7;2.38012;48.852354;parcelle;;;PARIS;PASSAGE SAINT BERNARD;commune;commune;vrai;
75111_8497_00024;75111_8497;24;;Passage Saint-Bernard;75011;75111;Paris 11e Arrondissement;;;654515.29;6861553.02;2.380139;48.852411;parcelle;;;PARIS;PASSAGE SAINT BERNARD;commune;commune;vrai;
75111_8497_00026;75111_8497;26;;Passage Saint-Bernard;75011;75111;Paris 11e Arrondissement;;;654516.51;6861558.69;2.380155;48.852462;parcelle;;;PARIS;PASSAGE SAINT BERNARD;commune;commune;vrai;
75111_8497_00002_p;75111_8497;2;p;Passage Saint-Bernard;75011;75111;Paris 11e Arrondissement;;;654482.59;6861406.83;2.379709;48.851094;parcelle;;;PARIS;PASSAGE SAINT BERNARD;commune;commune;vrai;
75111_8497_00006_p;75111_8497;6;p;Passage Saint-Bernard;75011;75111;Paris 11e Arrondissement;;;654486.46;6861423.82;2.37976;48.851247;parcelle;;;PARIS;PASSAGE SAINT BERNARD;commune;commune;vrai;
75111_8497_00001_u;75111_8497;1;u;Passage Saint-Bernard;75011;75111;Paris 11e Arrondissement;;;654478.57;6861362.72;2.379659;48.850697;parcelle;;;PARIS;PASSAGE SAINT BERNARD;commune;commune;vrai;
75111_3485_00001;75111_3485;1;;Rue Faidherbe;75011;75111;Paris 11e Arrondissement;;;654809.92;6861355.9;2.384175;48.850659;parcelle;;;PARIS;RUE FAIDHERBE;commune;commune;vrai;
75111_3485_00002;75111_3485;2;;Rue Faidherbe;75011;75111;Paris 11e Arrondissement;;;654851.07;6861316.21;2.38474;48.850305;parcelle;;;PARIS;RUE FAIDHERBE;commune;commune;vrai;
75111_3485_00003;75111_3485;3;;Rue Faidherbe;75011;75111;Paris 11e Arrondissement;;;654802.44;6861375.2;2.384071;48.850832;parcelle;;;PARIS;RUE FAIDHERBE;commune;commune;vrai;
75111_3485_00005;75111_3485;5;;Rue Faidherbe;75011;75111;Paris 11e Arrondissement;;;654797.69;6861387.35;2.384005;48.850941;parcelle;;;PARIS;RUE FAIDHERBE;commune;commune;vrai;
75111_3485_00007;75111_3485;7;;Rue Faidherbe;75011;75111;Paris 11e Arrondissement;;;654794.17;6861396.5;2.383956;48.851023;parcelle;;;PARIS;RUE FAIDHERBE;commune;commune;vrai;
75111_3485_00008;75111_3485;8;;Rue Faidherbe;75011;75111;Paris 11e Arrondissement;;;654835.75;6861355.7;2.384527;48.850659;parcelle;;;PARIS;RUE FAIDHERBE;commune;commune;vrai;
75111_3485_00009;75111_3485;9;;Rue Faidherbe;75011;75111;Paris 11e Arrondissement;;;654782.87;6861425.5;2.383799;48.851283;parcelle;;;PARIS;RUE FAIDHERBE;commune;commune;vrai;
75111_3485_00010;75111_3485;10;;Rue Faidherbe;75011;75111;Paris 11e Arrondissement;;;654833.97;6861381.51;2.3845;48.850891;parcelle;;;PARIS;RUE FAIDHERBE;commune;commune;vrai;
75111_3485_00011;75111_3485;11;;Rue Faidherbe;75011;75111;Paris 11e Arrondissement;;;654776.11;6861442.79;2.383705;48.851438;parcelle;;;PARIS;RUE FAIDHERBE;commune;commune;vrai;
75111_3485_00012;75111_3485;12;;Rue Faidherbe;75011;75111;Paris 11e Arrondissement;;;654813.59;6861412.36;2.384219;48.851167;parcelle;;;PARIS;RUE FAIDHERBE;commune;commune;vrai;
75111_3485_00013;75111_3485;13;;Rue Faidherbe;75011;75111;Paris 11e Arrondissement;;;654766.54;6861467.32;2.383572;48.851658;parcelle;;;PARIS;RUE FAIDHERBE;commune;commune;vrai;
75111_3485_00014;75111_3485;14;;Rue Faidherbe;75011;75111;Paris 11e Arrondissement;;;654807.76;6861427.31;2.384138;48.851301;parcelle;;;PARIS;RUE FAIDHERBE;commune;commune;vrai;
75111_3485_00015;75111_3485;15;;Rue Faidherbe;75011;75111;Paris 11e Arrondissement;;;654763.16;6861476.14;2.383525;48.851737;parcelle;;;PARIS;RUE FAIDHERBE;commune;commune;vrai;
75111_3485_00016;75111_3485;16;;Rue Faidherbe;75011;75111;Paris 11e Arrondissement;;;654802.3;6861441.36;2.384062;48.851427;parcelle;;;PARIS;RUE FAIDHERBE;commune;commune;vrai;
75111_3485_00017;75111_3485;17;;Rue Faidherbe;75011;75111;Paris 11e Arrondissement;;;654758.34;6861488.29;2.383458;48.851846;parcelle;;;PARIS;RUE FAIDHERBE;commune;commune;vrai;
75111_3485_00018;75111_3485;18;;Rue Faidherbe;75011;75111;Paris 11e Arrondissement;;;654794.96;6861460.21;2.38396;48.851596;parcelle;;;PARIS;RUE FAIDHERBE;commune;commune;vrai;
75111_3485_00019;75111_3485;19;;Rue Faidherbe;75011;75111;Paris 11e Arrondissement;;;654754.02;6861499.34;2.383398;48.851945;parcelle;;;PARIS;RUE FAIDHERBE;commune;commune;vrai;
75111_3485_00020;75111_3485;20;;Rue Faidherbe;75011;75111;Paris 11e Arrondissement;;;654789.13;6861475.15;2.383879;48.85173;parcelle;;;PARIS;RUE FAIDHERBE;commune;commune;vrai;
75111_3485_00021;75111_3485;21;;Rue Faidherbe;75011;75111;Paris 11e Arrondissement;;;654748.7;6861513.06;2.383324;48.852068;parcelle;;;PARIS;RUE FAIDHERBE;commune;commune;vrai;
75111_3485_00022;75111_3485;22;;Rue Faidherbe;75011;75111;Paris 11e Arrondissement;;;654783.66;6861489.1;2.383803;48.851855;parcelle;;;PARIS;RUE FAIDHERBE;commune;commune;vrai;
75111_3485_00023;75111_3485;23;;Rue Faidherbe;75011;75111;Paris 11e Arrondissement;;;654743.02;6861527.67;2.383245;48.852199;parcelle;;;PARIS;RUE FAIDHERBE;commune;commune;vrai;
75111_3485_00024;75111_3485;24;;Rue Faidherbe;75011;75111;Paris 11e Arrondissement;;;654779.35;6861500.25;2.383743;48.851955;parcelle;;;PARIS;RUE FAIDHERBE;commune;commune;vrai;
75111_3485_00025;75111_3485;25;;Rue Faidherbe;75011;75111;Paris 11e Arrondissement;;;654737.69;6861541.39;2.383171;48.852322;parcelle;;;PARIS;RUE FAIDHERBE;commune;commune;vrai;
75111_3485_00026;75111_3485;26;;Rue Faidherbe;75011;75111;Paris 11e Arrondissement;;;654774.89;6861511.74;2.383681;48.852058;parcelle;;;PARIS;RUE FAIDHERBE;commune;commune;vrai;
75111_3485_00027;75111_3485;27;;Rue Faidherbe;75011;75111;Paris 11e Arrondissement;;;654724.02;6861576.19;2.382981;48.852634;parcelle;;;PARIS;RUE FAIDHERBE;commune;commune;vrai;
75111_3485_00028;75111_3485;28;;Rue Faidherbe;75011;75111;Paris 11e Arrondissement;;;654765.53;6861535.83;2.383551;48.852274;parcelle;;;PARIS;RUE FAIDHERBE;commune;commune;vrai;
75111_3485_00029;75111_3485;29;;Rue Faidherbe;75011;75111;Paris 11e Arrondissement;;;654718.12;6861591.36;2.382899;48.85277;parcelle;;;PARIS;RUE FAIDHERBE;commune;commune;vrai;
75111_3485_00030;75111_3485;30;;Rue Faidherbe;75011;75111;Paris 11e Arrondissement;;;654760.57;6861548.55;2.383482;48.852388;parcelle;;;PARIS;RUE FAIDHERBE;commune;commune;vrai;
75111_3485_00031;75111_3485;31;;Rue Faidherbe;75011;75111;Paris 11e Arrondissement;;;654712.94;6861604.63;2.382827;48.852889;parcelle;;;PARIS;RUE FAIDHERBE;commune;commune;vrai;
75111_3485_00032;75111_3485;32;;Rue Faidherbe;75011;75111;Paris 11e Arrondissement;;;654748.05;6861580.67;2.383308;48.852676;parcelle;;;PARIS;RUE FAIDHERBE;commune;commune;vrai;
75111_3485_00033;75111_3485;33;;Rue Faidherbe;75011;75111;Paris 11e Arrondissement;;;654708.84;6861615.22;2.38277;48.852984;parcelle;;;PARIS;RUE FAIDHERBE;commune;commune;vrai;
75111_3485_00034;75111_3485;34;;Rue Faidherbe;75011;75111;Paris 11e Arrondissement;;;654742.66;6861594.5;2.383233;48.8528;parcelle;;;PARIS;RUE FAIDHERBE;commune;commune;vrai;
75111_3485_00035;75111_3485;35;;Rue Faidherbe;75011;75111;Paris 11e Arrondissement;;;654699.71;6861638.76;2.382643;48.853195;parcelle;;;PARIS;RUE FAIDHERBE;commune;commune;vrai;
75111_3485_00036;75111_3485;36;;Rue Faidherbe;75011;75111;Paris 11e Arrondissement;;;654737.04;6861608.78;2.383155;48.852928;parcelle;;;PARIS;RUE FAIDHERBE;commune;commune;vrai;
75111_3485_00037;75111_3485;37;;Rue Faidherbe;75011;75111;Paris 11e Arrondissement;;;654694.53;6861651.92;2.382571;48.853313;parcelle;;;PARIS;RUE FAIDHERBE;commune;commune;vrai;
75111_3485_00038;75111_3485;38;;Rue Faidherbe;75011;75111;Paris 11e Arrondissement;;;654731.51;6861623.05;2.383078;48.853056;parcelle;;;PARIS;RUE FAIDHERBE;commune;commune;vrai;
75111_3485_00039;75111_3485;39;;Rue Faidherbe;75011;75111;Paris 11e Arrondissement;;;654690;6861663.74;2.382508;48.853419;parcelle;;;PARIS;RUE FAIDHERBE;commune;commune;vrai;
75111_3485_00040;75111_3485;40;;Rue Faidherbe;75011;75111;Paris 11e Arrondissement;;;654726.04;6861637.11;2.383002;48.853182;parcelle;;;PARIS;RUE FAIDHERBE;commune;commune;vrai;
75111_3485_00041;75111_3485;41;;Rue Faidherbe;75011;75111;Paris 11e Arrondissement;;;654682.44;6861683.04;2.382403;48.853592;parcelle;;;PARIS;RUE FAIDHERBE;commune;commune;vrai;
75111_3485_00042;75111_3485;42;;Rue Faidherbe;75011;75111;Paris 11e Arrondissement;;;654712.51;6861671.91;2.382814;48.853494;parcelle;;;PARIS;RUE FAIDHERBE;commune;commune;vrai;
75111_3485_00043;75111_3485;43;;Rue Faidherbe;75011;75111;Paris 11e Arrondissement;;;654676.55;6861698.32;2.382321;48.853729;parcelle;;;PARIS;RUE FAIDHERBE;commune;commune;vrai;
75111_3485_00044;75111_3485;44;;Rue Faidherbe;75011;75111;Paris 11e Arrondissement;;;654705.75;6861689.31;2.38272;48.85365;parcelle;;;PARIS;RUE FAIDHERBE;commune;commune;vrai;
75111_3485_00045;75111_3485;45;;Rue Faidherbe;75011;75111;Paris 11e Arrondissement;;;654660.13;6861710.79;2.382096;48.85384;parcelle;;;PARIS;RUE FAIDHERBE;commune;commune;vrai;
75111_3485_00046;75111_3485;46;;Rue Faidherbe;75011;75111;Paris 11e Arrondissement;;;654697.55;6861710.5;2.382606;48.85384;parcelle;;;PARIS;RUE FAIDHERBE;commune;commune;vrai;
75111_3485_00033_b;75111_3485;33;b;Rue Faidherbe;75011;75111;Paris 11e Arrondissement;;;654705.03;6861625.04;2.382717;48.853072;parcelle;;;PARIS;RUE FAIDHERBE;commune;commune;vrai;
75111_3485_00013_a;75111_3485;13;a;Rue Faidherbe;75011;75111;Paris 11e Arrondissement;;;654754.41;6861464.64;2.383407;48.851633;parcelle;;;PARIS;RUE FAIDHERBE;commune;commune;vrai;
75111_3485_00025_b;75111_3485;25;b;Rue Faidherbe;75011;75111;Paris 11e Arrondissement;;;654734.17;6861550.31;2.383122;48.852402;parcelle;;;PARIS;RUE FAIDHERBE;commune;commune;vrai;
75111_3485_00011_b;75111_3485;11;b;Rue Faidherbe;75011;75111;Paris 11e Arrondissement;;;654770.64;6861456.84;2.383629;48.851564;parcelle;;;PARIS;RUE FAIDHERBE;commune;commune;vrai;
75111_9326_00001;75111_9326;1;;Rue Titon;75011;75111;Paris 11e Arrondissement;;;654975.89;6861352.16;2.386437;48.850637;parcelle;;;PARIS;RUE TITON;commune;commune;vrai;
75111_9326_00002;75111_9326;2;;Rue Titon;75011;75111;Paris 11e Arrondissement;;;654989.68;6861352.05;2.386625;48.850637;parcelle;;;PARIS;RUE TITON;commune;commune;vrai;
75111_9326_00003;75111_9326;3;;Rue Titon;75011;75111;Paris 11e Arrondissement;;;654974.5;6861372.19;2.386416;48.850817;parcelle;;;PARIS;RUE TITON;commune;commune;vrai;
75111_9326_00004;75111_9326;4;;Rue Titon;75011;75111;Paris 11e Arrondissement;;;654988.43;6861370.63;2.386606;48.850804;parcelle;;;PARIS;RUE TITON;commune;commune;vrai;
75111_9326_00005;75111_9326;5;;Rue Titon;75011;75111;Paris 11e Arrondissement;;;654973.18;6861391.1;2.386396;48.850987;parcelle;;;PARIS;RUE TITON;commune;commune;vrai;
75111_9326_00006;75111_9326;6;;Rue Titon;75011;75111;Paris 11e Arrondissement;;;654987.31;6861386.54;2.386589;48.850947;parcelle;;;PARIS;RUE TITON;commune;commune;vrai;
75111_9326_00007;75111_9326;7;;Rue Titon;75011;75111;Paris 11e Arrondissement;;;654971.99;6861408.01;2.386378;48.851139;parcelle;;;PARIS;RUE TITON;commune;commune;vrai;
75111_9326_00008;75111_9326;8;;Rue Titon;75011;75111;Paris 11e Arrondissement;;;654986.25;6861401.56;2.386573;48.851082;parcelle;;;PARIS;RUE TITON;commune;commune;vrai;
75111_9326_00009;75111_9326;9;;Rue Titon;75011;75111;Paris 11e Arrondissement;;;654970.07;6861434.49;2.386349;48.851377;parcelle;;;PARIS;RUE TITON;commune;commune;vrai;
75111_9326_00010;75111_9326;10;;Rue Titon;75011;75111;Paris 11e Arrondissement;;;654985.13;6861417.81;2.386556;48.851228;parcelle;;;PARIS;RUE TITON;commune;commune;vrai;
75111_9326_00011;75111_9326;11;;Rue Titon;75011;75111;Paris 11e Arrondissement;;;654969.15;6861448.07;2.386335;48.851499;parcelle;;;PARIS;RUE TITON;commune;commune;vrai;
75111_9326_00012;75111_9326;12;;Rue Titon;75011;75111;Paris 11e Arrondissement;;;654984.14;6861431.6;2.386541;48.851352;parcelle;;;PARIS;RUE TITON;commune;commune;vrai;
75111_9326_00013;75111_9326;13;;Rue Titon;75011;75111;Paris 11e Arrondissement;;;654968.29;6861460.19;2.386322;48.851608;parcelle;;;PARIS;RUE TITON;commune;commune;vrai;
75111_9326_00014;75111_9326;14;;Rue Titon;75011;75111;Paris 11e Arrondissement;;;654983.01;6861447.74;2.386524;48.851497;parcelle;;;PARIS;RUE TITON;commune;commune;vrai;
75111_9326_00015;75111_9326;15;;Rue Titon;75011;75111;Paris 11e Arrondissement;;;654967.43;6861472.32;2.386309;48.851717;parcelle;;;PARIS;RUE TITON;commune;commune;vrai;
75111_9326_00016;75111_9326;16;;Rue Titon;75011;75111;Paris 11e Arrondissement;;;654981.89;6861463.76;2.386507;48.851641;parcelle;;;PARIS;RUE TITON;commune;commune;vrai;
75111_9326_00017;75111_9326;17;;Rue Titon;75011;75111;Paris 11e Arrondissement;;;654966.24;6861489.01;2.386291;48.851867;parcelle;;;PARIS;RUE TITON;commune;commune;vrai;
75111_9326_00018;75111_9326;18;;Rue Titon;75011;75111;Paris 11e Arrondissement;;;654980.05;6861490.79;2.386479;48.851884;parcelle;;;PARIS;RUE TITON;commune;commune;vrai;
75111_9326_00019;75111_9326;19;;Rue Titon;75011;75111;Paris 11e Arrondissement;;;654965.18;6861503.47;2.386275;48.851997;parcelle;;;PARIS;RUE TITON;commune;commune;vrai;
75111_9326_00020;75111_9326;20;;Rue Titon;75011;75111;Paris 11e Arrondissement;;;654979.38;6861499.92;2.386469;48.851966;parcelle;;;PARIS;RUE TITON;commune;commune;vrai;
75111_9326_00021;75111_9326;21;;Rue Titon;75011;75111;Paris 11e Arrondissement;;;654964.25;6861516.49;2.386261;48.852114;parcelle;;;PARIS;RUE TITON;commune;commune;vrai;
75111_9326_00022;75111_9326;22;;Rue Titon;75011;75111;Paris 11e Arrondissement;;;654978.26;6861515.83;2.386452;48.852109;parcelle;;;PARIS;RUE TITON;commune;commune;vrai;
75111_9326_00023;75111_9326;23;;Rue Titon;75011;75111;Paris 11e Arrondissement;;;654963.53;6861527.28;2.38625;48.852211;parcelle;;;PARIS;RUE TITON;commune;commune;vrai;
75111_9326_00024;75111_9326;24;;Rue Titon;75011;75111;Paris 11e Arrondissement;;;654977.41;6861528.73;2.386439;48.852225;parcelle;;;PARIS;RUE TITON;commune;commune;vrai;
75111_9326_00025;75111_9326;25;;Rue Titon;75011;75111;Paris 11e Arrondissement;;;654961.94;6861549.65;2.386226;48.852412;parcelle;;;PARIS;RUE TITON;commune;commune;vrai;
75111_9326_00026;75111_9326;26;;Rue Titon;75011;75111;Paris 11e Arrondissement;;;654976.41;6861542.19;2.386424;48.852346;parcelle;;;PARIS;RUE TITON;commune;commune;vrai;
75111_9326_00027;75111_9326;27;;Rue Titon;75011;75111;Paris 11e Arrondissement;;;654960.55;6861569.67;2.386205;48.852592;parcelle;;;PARIS;RUE TITON;commune;commune;vrai;
75111_9326_00028;75111_9326;28;;Rue Titon;75011;75111;Paris 11e Arrondissement;;;654975.62;6861553.76;2.386412;48.85245;parcelle;;;PARIS;RUE TITON;commune;commune;vrai;
75111_9326_00029;75111_9326;29;;Rue Titon;75011;75111;Paris 11e Arrondissement;;;654959.83;6861579.91;2.386194;48.852684;parcelle;;;PARIS;RUE TITON;commune;commune;vrai;
75111_9326_00030;75111_9326;30;;Rue Titon;75011;75111;Paris 11e Arrondissement;;;654974.16;6861574.35;2.38639;48.852635;parcelle;;;PARIS;RUE TITON;commune;commune;vrai;
75111_9326_00031;75111_9326;31;;Rue Titon;75011;75111;Paris 11e Arrondissement;;;654959.16;6861589.25;2.386184;48.852768;parcelle;;;PARIS;RUE TITON;commune;commune;vrai;
75111_9326_00032;75111_9326;32;;Rue Titon;75011;75111;Paris 11e Arrondissement;;;654973.51;6861584.58;2.38638;48.852727;parcelle;;;PARIS;RUE TITON;commune;commune;vrai;
75111_9326_00034;75111_9326;34;;Rue Titon;75011;75111;Paris 11e Arrondissement;;;654972.51;6861598.05;2.386365;48.852848;parcelle;;;PARIS;RUE TITON;commune;commune;vrai;
75111_2515_00001;75111_2515;1;;Rue du Dahomey;75011;75111;Paris 11e Arrondissement;;;654664.9;6861420.19;2.382192;48.851227;parcelle;;;PARIS;RUE DU DAHOMEY;commune;commune;vrai;
75111_2515_00002;75111_2515;2;;Rue du Dahomey;75011;75111;Paris 11e Arrondissement;;;654647.49;6861408.32;2.381956;48.851119;parcelle;;;PARIS;RUE DU DAHOMEY;commune;commune;vrai;
75111_2515_00003;75111_2515;3;;Rue du Dahomey;75011;75111;Paris 11e Arrondissement;;;654690.95;6861419.99;2.382547;48.851227;parcelle;;;PARIS;RUE DU DAHOMEY;commune;commune;vrai;
75111_2515_00004;75111_2515;4;;Rue du Dahomey;75011;75111;Paris 11e Arrondissement;;;654665.69;6861408.18;2.382204;48.851119;parcelle;;;PARIS;RUE DU DAHOMEY;commune;commune;vrai;
75111_2515_00005;75111_2515;5;;Rue du Dahomey;75011;75111;Paris 11e Arrondissement;;;654714.73;6861419.8;2.382871;48.851227;parcelle;;;PARIS;RUE DU DAHOMEY;commune;commune;vrai;
75111_2515_00006;75111_2515;6;;Rue du Dahomey;75011;75111;Paris 11e Arrondissement;;;654691.96;6861407.97;2.382562;48.851119;parcelle;;;PARIS;RUE DU DAHOMEY;commune;commune;vrai;
75111_2515_00007;75111_2515;7;;Rue du Dahomey;75011;75111;Paris 11e Arrondissement;;;654739.6;6861419.61;2.38321;48.851227;parcelle;;;PARIS;RUE DU DAHOMEY;commune;commune;vrai;
75111_2515_00008;75111_2515;8;;Rue du Dahomey;75011;75111;Paris 11e Arrondissement;;;654706.71;6861407.86;2.382763;48.851119;parcelle;;;PARIS;RUE DU DAHOMEY;commune;commune;vrai;
75111_2515_00009;75111_2515;9;;Rue du Dahomey;75011;75111;Paris 11e Arrondissement;;;654766.24;6861419.4;2.383573;48.851227;parcelle;;;PARIS;RUE DU DAHOMEY;commune;commune;vrai;
75111_2515_00010;75111_2515;10;;Rue du Dahomey;75011;75111;Paris 11e Arrondissement;;;654728.06;6861407.69;2.383054;48.851119;parcelle;;;PARIS;RUE DU DAHOMEY;commune;commune;vrai;
75111_2515_00012;75111_2515;12;;Rue du Dahomey;75011;75111;Paris 11e Arrondissement;;;654739.07;6861407.6;2.383204;48.851119;parcelle;;;PARIS;RUE DU DAHOMEY;commune;commune;vrai;
75111_2515_00014;75111_2515;14;;Rue du Dahomey;75011;75111;Paris 11e Arrondissement;;;654757.71;6861407.46;2.383458;48.851119;parcelle;;;PARIS;RUE DU DAHOMEY;commune;commune;vrai;
75111_2515_00016;75111_2515;16;;Rue du Dahomey;75011;75111;Paris 11e Arrondissement;;;654778.47;6861407.3;2.383741;48.851119;parcelle;;;PARIS;RUE DU DAHOMEY;commune;commune;vrai;
75111_2515_00003_b;75111_2515;3;b;Rue du Dahomey;75011;75111;Paris 11e Arrondissement;;;654704.67;6861419.88;2.382734;48.851227;parcelle;;;PARIS;RUE DU DAHOMEY;commune;commune;vrai;
75111_2515_00005_b;75111_2515;5;b;Rue du Dahomey;75011;75111;Paris 11e Arrondissement;;;654722.58;6861419.74;2.382978;48.851227;parcelle;;;PARIS;RUE DU DAHOMEY;commune;commune;vrai;
75111_2515_00004_b;75111_2515;4;b;Rue du Dahomey;75011;75111;Paris 11e Arrondissement;;;654680.37;6861408.06;2.382404;48.851119;parcelle;;;PARIS;RUE DU DAHOMEY;commune;commune;vrai;
75111_5804_00001;75111_5804;1;;Passage Louis-Philippe;75011;75111;Paris 11e Arrondissement;;;653971.94;6861715.99;2.372717;48.853838;parcelle;;;PARIS;PASSAGE LOUIS PHILIPPE;commune;commune;vrai;
75111_5804_00002;75111_5804;2;;Passage Louis-Philippe;75011;75111;Paris 11e Arrondissement;;;653983.28;6861721.02;2.372871;48.853884;parcelle;;;PARIS;PASSAGE LOUIS PHILIPPE;commune;commune;vrai;
75111_5804_00003;75111_5804;3;;Passage Louis-Philippe;75011;75111;Paris 11e Arrondissement;;;653980.28;6861731.05;2.372829;48.853974;parcelle;;;PARIS;PASSAGE LOUIS PHILIPPE;commune;commune;vrai;
75111_5804_00004;75111_5804;4;;Passage Louis-Philippe;75011;75111;Paris 11e Arrondissement;;;653990.77;6861730.08;2.372972;48.853966;parcelle;;;PARIS;PASSAGE LOUIS PHILIPPE;commune;commune;vrai;
75111_5804_00005;75111_5804;5;;Passage Louis-Philippe;75011;75111;Paris 11e Arrondissement;;;653988.06;6861740.33;2.372934;48.854058;parcelle;;;PARIS;PASSAGE LOUIS PHILIPPE;commune;commune;vrai;
75111_5804_00006;75111_5804;6;;Passage Louis-Philippe;75011;75111;Paris 11e Arrondissement;;;654000.62;6861741.9;2.373105;48.854073;parcelle;;;PARIS;PASSAGE LOUIS PHILIPPE;commune;commune;vrai;
75111_5804_00007;75111_5804;7;;Passage Louis-Philippe;75011;75111;Paris 11e Arrondissement;;;653995.54;6861749.39;2.373035;48.85414;parcelle;;;PARIS;PASSAGE LOUIS PHILIPPE;commune;commune;vrai;
75111_5804_00008;75111_5804;8;;Passage Louis-Philippe;75011;75111;Paris 11e Arrondissement;;;654009.06;6861751.17;2.373219;48.854157;parcelle;;;PARIS;PASSAGE LOUIS PHILIPPE;commune;commune;vrai;
75111_5804_00009;75111_5804;9;;Passage Louis-Philippe;75011;75111;Paris 11e Arrondissement;;;653999.03;6861753.59;2.373082;48.854178;parcelle;;;PARIS;PASSAGE LOUIS PHILIPPE;commune;commune;vrai;
75111_5804_00010;75111_5804;10;;Passage Louis-Philippe;75011;75111;Paris 11e Arrondissement;;;654012.32;6861754.93;2.373263;48.854191;parcelle;;;PARIS;PASSAGE LOUIS PHILIPPE;commune;commune;vrai;
75111_5804_00011;75111_5804;11;;Passage Louis-Philippe;75011;75111;Paris 11e Arrondissement;;;654003.4;6861758.78;2.373141;48.854225;parcelle;;;PARIS;PASSAGE LOUIS PHILIPPE;commune;commune;vrai;
75111_5804_00013;75111_5804;13;;Passage Louis-Philippe;75011;75111;Paris 11e Arrondissement;;;654007.25;6861763.42;2.373193;48.854267;parcelle;;;PARIS;PASSAGE LOUIS PHILIPPE;commune;commune;vrai;
75111_5804_00001_b;75111_5804;1;b;Passage Louis-Philippe;75011;75111;Paris 11e Arrondissement;;;653975.32;6861725.09;2.372762;48.85392;parcelle;;;PARIS;PASSAGE LOUIS PHILIPPE;commune;commune;vrai;
75111_4820_00001;75111_4820;1;;Rue Japy;75011;75111;Paris 11e Arrondissement;;;654698.24;6861948.79;2.38259;48.855983;parcelle;;;PARIS;RUE JAPY;commune;commune;vrai;
75111_4820_00002;75111_4820;2;;Rue Japy;75011;75111;Paris 11e Arrondissement;;;654688.17;6861936.41;2.382454;48.855871;parcelle;;;PARIS;RUE JAPY;commune;commune;vrai;
75111_4820_00003;75111_4820;3;;Rue Japy;75011;75111;Paris 11e Arrondissement;;;654704.14;6861933.84;2.382672;48.855849;parcelle;;;PARIS;RUE JAPY;commune;commune;vrai;
75111_8489_00001;75111_8489;1;;Passage Saint-Antoine;75011;75111;Paris 11e Arrondissement;;;654244.33;6861632.44;2.376438;48.853106;parcelle;;;PARIS;PASSAGE SAINT ANTOINE;commune;commune;vrai;
75111_8489_00002;75111_8489;2;;Passage Saint-Antoine;75011;75111;Paris 11e Arrondissement;;;654237.12;6861638.84;2.376339;48.853163;parcelle;;;PARIS;PASSAGE SAINT ANTOINE;commune;commune;vrai;
75111_8489_00003;75111_8489;3;;Passage Saint-Antoine;75011;75111;Paris 11e Arrondissement;;;654242.08;6861616.45;2.376409;48.852962;parcelle;;;PARIS;PASSAGE SAINT ANTOINE;commune;commune;vrai;
75111_8489_00004;75111_8489;4;;Passage Saint-Antoine;75011;75111;Paris 11e Arrondissement;;;654230.72;6861590.96;2.376257;48.852732;parcelle;;;PARIS;PASSAGE SAINT ANTOINE;commune;commune;vrai;
75111_8489_00005;75111_8489;5;;Passage Saint-Antoine;75011;75111;Paris 11e Arrondissement;;;654240.36;6861603.67;2.376387;48.852847;parcelle;;;PARIS;PASSAGE SAINT ANTOINE;commune;commune;vrai;
75111_8489_00007;75111_8489;7;;Passage Saint-Antoine;75011;75111;Paris 11e Arrondissement;;;654242.05;6861585.2;2.376412;48.852681;parcelle;;;PARIS;PASSAGE SAINT ANTOINE;commune;commune;vrai;
75111_8489_00010;75111_8489;10;;Passage Saint-Antoine;75011;75111;Paris 11e Arrondissement;;;654243.61;6861578.29;2.376434;48.852619;parcelle;;;PARIS;PASSAGE SAINT ANTOINE;commune;commune;vrai;
75111_8489_00002_t;75111_8489;2;t;Passage Saint-Antoine;75011;75111;Paris 11e Arrondissement;;;654232.75;6861606.07;2.376283;48.852868;parcelle;;;PARIS;PASSAGE SAINT ANTOINE;commune;commune;vrai;
75111_8489_00002_b;75111_8489;2;b;Passage Saint-Antoine;75011;75111;Paris 11e Arrondissement;;;654235.63;6861627.39;2.37632;48.85306;parcelle;;;PARIS;PASSAGE SAINT ANTOINE;commune;commune;vrai;
75111_9477_00001;75111_9477;1;;Rue Trousseau;75011;75111;Paris 11e Arrondissement;;;654391.15;6861388.65;2.378465;48.850924;parcelle;;;PARIS;RUE TROUSSEAU;commune;commune;vrai;
75111_9477_00002;75111_9477;2;;Rue Trousseau;75011;75111;Paris 11e Arrondissement;;;654405.91;6861379.53;2.378667;48.850843;parcelle;;;PARIS;RUE TROUSSEAU;commune;commune;vrai;
75111_9477_00003;75111_9477;3;;Rue Trousseau;75011;75111;Paris 11e Arrondissement;;;654394.72;6861404.08;2.378512;48.851063;parcelle;;;PARIS;RUE TROUSSEAU;commune;commune;vrai;
75111_9477_00004;75111_9477;4;;Rue Trousseau;75011;75111;Paris 11e Arrondissement;;;654408.32;6861387.62;2.378699;48.850916;parcelle;;;PARIS;RUE TROUSSEAU;commune;commune;vrai;
75111_9477_00005;75111_9477;5;;Rue Trousseau;75011;75111;Paris 11e Arrondissement;;;654397.61;6861416.73;2.37855;48.851177;parcelle;;;PARIS;RUE TROUSSEAU;commune;commune;vrai;
75111_9477_00006;75111_9477;6;;Rue Trousseau;75011;75111;Paris 11e Arrondissement;;;654409.38;6861392.17;2.378713;48.850957;parcelle;;;PARIS;RUE TROUSSEAU;commune;commune;vrai;
75111_9477_00007;75111_9477;7;;Rue Trousseau;75011;75111;Paris 11e Arrondissement;;;654401.11;6861432.05;2.378596;48.851315;parcelle;;;PARIS;RUE TROUSSEAU;commune;commune;vrai;
75111_9477_00008;75111_9477;8;;Rue Trousseau;75011;75111;Paris 11e Arrondissement;;;654411.05;6861399.28;2.378735;48.851021;parcelle;;;PARIS;RUE TROUSSEAU;commune;commune;vrai;
75111_9477_00009;75111_9477;9;;Rue Trousseau;75011;75111;Paris 11e Arrondissement;;;654404.23;6861445.92;2.378637;48.85144;parcelle;;;PARIS;RUE TROUSSEAU;commune;commune;vrai;
75111_9477_00010;75111_9477;10;;Rue Trousseau;75011;75111;Paris 11e Arrondissement;;;654412.72;6861406.27;2.378757;48.851084;parcelle;;;PARIS;RUE TROUSSEAU;commune;commune;vrai;
75111_9477_00011;75111_9477;11;;Rue Trousseau;75011;75111;Paris 11e Arrondissement;;;654409.32;6861467.9;2.378704;48.851638;parcelle;;;PARIS;RUE TROUSSEAU;commune;commune;vrai;
75111_9477_00012;75111_9477;12;;Rue Trousseau;75011;75111;Paris 11e Arrondissement;;;654414.04;6861415.16;2.378774;48.851164;parcelle;;;PARIS;RUE TROUSSEAU;commune;commune;vrai;
75111_9477_00013;75111_9477;13;;Rue Trousseau;75011;75111;Paris 11e Arrondissement;;;654412.43;6861481.78;2.378745;48.851763;parcelle;;;PARIS;RUE TROUSSEAU;commune;commune;vrai;
75111_9477_00014;75111_9477;14;;Rue Trousseau;75011;75111;Paris 11e Arrondissement;;;654415.71;6861422.26;2.378796;48.851228;parcelle;;;PARIS;RUE TROUSSEAU;commune;commune;vrai;
75111_9477_00015;75111_9477;15;;Rue Trousseau;75011;75111;Paris 11e Arrondissement;;;654415.93;6861497.09;2.378791;48.851901;parcelle;;;PARIS;RUE TROUSSEAU;commune;commune;vrai;
75111_9477_00016;75111_9477;16;;Rue Trousseau;75011;75111;Paris 11e Arrondissement;;;654416.62;6861426.48;2.378808;48.851266;parcelle;;;PARIS;RUE TROUSSEAU;commune;commune;vrai;
75111_9477_00017;75111_9477;17;;Rue Trousseau;75011;75111;Paris 11e Arrondissement;;;654419.58;6861513.19;2.378839;48.852046;parcelle;;;PARIS;RUE TROUSSEAU;commune;commune;vrai;
75111_9477_00018;75111_9477;18;;Rue Trousseau;75011;75111;Paris 11e Arrondissement;;;654418.73;6861433.36;2.378836;48.851328;parcelle;;;PARIS;RUE TROUSSEAU;commune;commune;vrai;
75111_9477_00019;75111_9477;19;;Rue Trousseau;75011;75111;Paris 11e Arrondissement;;;654423.15;6861528.84;2.378886;48.852187;parcelle;;;PARIS;RUE TROUSSEAU;commune;commune;vrai;
75111_9477_00020;75111_9477;20;;Rue Trousseau;75011;75111;Paris 11e Arrondissement;;;654420.86;6861442.57;2.378864;48.851411;parcelle;;;PARIS;RUE TROUSSEAU;commune;commune;vrai;
75111_9477_00021;75111_9477;21;;Rue Trousseau;75011;75111;Paris 11e Arrondissement;;;654426.72;6861544.49;2.378933;48.852328;parcelle;;;PARIS;RUE TROUSSEAU;commune;commune;vrai;
75111_9477_00022;75111_9477;22;;Rue Trousseau;75011;75111;Paris 11e Arrondissement;;;654426.18;6861465.88;2.378934;48.851621;parcelle;;;PARIS;RUE TROUSSEAU;commune;commune;vrai;
75111_9477_00023;75111_9477;23;;Rue Trousseau;75011;75111;Paris 11e Arrondissement;;;654430.6;6861561.58;2.378984;48.852482;parcelle;;;PARIS;RUE TROUSSEAU;commune;commune;vrai;
75111_9477_00024;75111_9477;24;;Rue Trousseau;75011;75111;Paris 11e Arrondissement;;;654429.29;6861479.31;2.378975;48.851742;parcelle;;;PARIS;RUE TROUSSEAU;commune;commune;vrai;
75111_9477_00025;75111_9477;25;;Rue Trousseau;75011;75111;Paris 11e Arrondissement;;;654433.94;6861576.24;2.379028;48.852614;parcelle;;;PARIS;RUE TROUSSEAU;commune;commune;vrai;
75111_9477_00027;75111_9477;27;;Rue Trousseau;75011;75111;Paris 11e Arrondissement;;;654437.67;6861592.44;2.379077;48.85276;parcelle;;;PARIS;RUE TROUSSEAU;commune;commune;vrai;
75111_9477_00029;75111_9477;29;;Rue Trousseau;75011;75111;Paris 11e Arrondissement;;;654442.07;6861611.64;2.379135;48.852933;parcelle;;;PARIS;RUE TROUSSEAU;commune;commune;vrai;
75111_9477_00031;75111_9477;31;;Rue Trousseau;75011;75111;Paris 11e Arrondissement;;;654446.48;6861630.96;2.379193;48.853107;parcelle;;;PARIS;RUE TROUSSEAU;commune;commune;vrai;
75111_9477_00033;75111_9477;33;;Rue Trousseau;75011;75111;Paris 11e Arrondissement;;;654447.47;6861635.29;2.379206;48.853146;parcelle;;;PARIS;RUE TROUSSEAU;commune;commune;vrai;
75111_9477_00035;75111_9477;35;;Rue Trousseau;75011;75111;Paris 11e Arrondissement;;;654449.75;6861645.39;2.379236;48.853237;parcelle;;;PARIS;RUE TROUSSEAU;commune;commune;vrai;
75111_9477_00038;75111_9477;38;;Rue Trousseau;75011;75111;Paris 11e Arrondissement;;;654434;6861499.62;2.379037;48.851925;parcelle;;;PARIS;RUE TROUSSEAU;commune;commune;vrai;
75111_9477_00040;75111_9477;40;;Rue Trousseau;75011;75111;Paris 11e Arrondissement;;;654437.6;6861518.05;2.379084;48.852091;parcelle;;;PARIS;RUE TROUSSEAU;commune;commune;vrai;
75111_9477_00042;75111_9477;42;;Rue Trousseau;75011;75111;Paris 11e Arrondissement;;;654439.65;6861527.15;2.379111;48.852173;parcelle;;;PARIS;RUE TROUSSEAU;commune;commune;vrai;
75111_9477_00044;75111_9477;44;;Rue Trousseau;75011;75111;Paris 11e Arrondissement;;;654441.7;6861536.37;2.379138;48.852256;parcelle;;;PARIS;RUE TROUSSEAU;commune;commune;vrai;
75111_9477_00046;75111_9477;46;;Rue Trousseau;75011;75111;Paris 11e Arrondissement;;;654444.98;6861551.24;2.379181;48.85239;parcelle;;;PARIS;RUE TROUSSEAU;commune;commune;vrai;
75111_9477_00048;75111_9477;48;;Rue Trousseau;75011;75111;Paris 11e Arrondissement;;;654448.02;6861564.78;2.379221;48.852512;parcelle;;;PARIS;RUE TROUSSEAU;commune;commune;vrai;
75111_9477_00052;75111_9477;52;;Rue Trousseau;75011;75111;Paris 11e Arrondissement;;;654454.76;6861591.31;2.37931;48.852751;parcelle;;;PARIS;RUE TROUSSEAU;commune;commune;vrai;
75111_9477_00054;75111_9477;54;;Rue Trousseau;75011;75111;Paris 11e Arrondissement;;;654457.95;6861605.07;2.379352;48.852875;parcelle;;;PARIS;RUE TROUSSEAU;commune;commune;vrai;
75111_9477_00056;75111_9477;56;;Rue Trousseau;75011;75111;Paris 11e Arrondissement;;;654461.37;6861620.17;2.379397;48.853011;parcelle;;;PARIS;RUE TROUSSEAU;commune;commune;vrai;
75111_9477_00058;75111_9477;58;;Rue Trousseau;75011;75111;Paris 11e Arrondissement;;;654466.08;6861641.03;2.379459;48.853199;parcelle;;;PARIS;RUE TROUSSEAU;commune;commune;vrai;
75111_9477_00060;75111_9477;60;;Rue Trousseau;75011;75111;Paris 11e Arrondissement;;;654468.74;6861652.8;2.379494;48.853305;parcelle;;;PARIS;RUE TROUSSEAU;commune;commune;vrai;
75111_9477_00056_b;75111_9477;56;b;Rue Trousseau;75011;75111;Paris 11e Arrondissement;;;654463.27;6861628.82;2.379422;48.853089;parcelle;;;PARIS;RUE TROUSSEAU;commune;commune;vrai;
75111_0274_00001;75111_0274;1;;Cité de l'Ameublement;75011;75111;Paris 11e Arrondissement;;;654912.65;6861345.76;2.385576;48.850575;parcelle;;;PARIS;CITE DE L AMEUBLEMENT;commune;commune;vrai;
75111_0274_00002;75111_0274;2;;Cité de l'Ameublement;75011;75111;Paris 11e Arrondissement;;;654921.79;6861351.02;2.3857;48.850623;parcelle;;;PARIS;CITE DE L AMEUBLEMENT;commune;commune;vrai;
75111_0274_00003;75111_0274;3;;Cité de l'Ameublement;75011;75111;Paris 11e Arrondissement;;;654913.08;6861363.21;2.38558;48.850732;parcelle;;;PARIS;CITE DE L AMEUBLEMENT;commune;commune;vrai;
75111_0274_00004;75111_0274;4;;Cité de l'Ameublement;75011;75111;Paris 11e Arrondissement;;;654925.06;6861365.12;2.385743;48.85075;parcelle;;;PARIS;CITE DE L AMEUBLEMENT;commune;commune;vrai;
75111_0274_00005;75111_0274;5;;Cité de l'Ameublement;75011;75111;Paris 11e Arrondissement;;;654913.37;6861371.66;2.385583;48.850808;parcelle;;;PARIS;CITE DE L AMEUBLEMENT;commune;commune;vrai;
75111_0274_00006;75111_0274;6;;Cité de l'Ameublement;75011;75111;Paris 11e Arrondissement;;;654922.84;6861390.6;2.38571;48.850979;parcelle;;;PARIS;CITE DE L AMEUBLEMENT;commune;commune;vrai;
75111_0274_00007;75111_0274;7;;Cité de l'Ameublement;75011;75111;Paris 11e Arrondissement;;;654913.71;6861387.23;2.385586;48.850948;parcelle;;;PARIS;CITE DE L AMEUBLEMENT;commune;commune;vrai;
75111_0274_00008;75111_0274;8;;Cité de l'Ameublement;75011;75111;Paris 11e Arrondissement;;;654923.44;6861411.61;2.385716;48.851168;parcelle;;;PARIS;CITE DE L AMEUBLEMENT;commune;commune;vrai;
75111_0274_00009;75111_0274;9;;Cité de l'Ameublement;75011;75111;Paris 11e Arrondissement;;;654914.3;6861406.13;2.385592;48.851118;parcelle;;;PARIS;CITE DE L AMEUBLEMENT;commune;commune;vrai;
75111_0274_00010;75111_0274;10;;Cité de l'Ameublement;75011;75111;Paris 11e Arrondissement;;;654923.95;6861430.63;2.385721;48.851339;parcelle;;;PARIS;CITE DE L AMEUBLEMENT;commune;commune;vrai;
75111_0274_00011;75111_0274;11;;Cité de l'Ameublement;75011;75111;Paris 11e Arrondissement;;;654914.73;6861424.58;2.385596;48.851284;parcelle;;;PARIS;CITE DE L AMEUBLEMENT;commune;commune;vrai;
75111_0274_00012;75111_0274;12;;Cité de l'Ameublement;75011;75111;Paris 11e Arrondissement;;;654924.45;6861447.64;2.385726;48.851492;parcelle;;;PARIS;CITE DE L AMEUBLEMENT;commune;commune;vrai;
75111_0274_00013;75111_0274;13;;Cité de l'Ameublement;75011;75111;Paris 11e Arrondissement;;;654915.17;6861442.7;2.3856;48.851447;parcelle;;;PARIS;CITE DE L AMEUBLEMENT;commune;commune;vrai;
75111_0274_00014;75111_0274;14;;Cité de l'Ameublement;75011;75111;Paris 11e Arrondissement;;;654921.87;6861464.67;2.385689;48.851645;parcelle;;;PARIS;CITE DE L AMEUBLEMENT;commune;commune;vrai;
75111_0274_00004_b;75111_0274;4;b;Cité de l'Ameublement;75011;75111;Paris 11e Arrondissement;;;654925.05;6861373.68;2.385742;48.850827;parcelle;;;PARIS;CITE DE L AMEUBLEMENT;commune;commune;vrai;
75111_4913_00001;75111_4913;1;;Rue Jean Macé;75011;75111;Paris 11e Arrondissement;;;654828.33;6861589.61;2.384401;48.852762;parcelle;;;PARIS;RUE JEAN MACE;commune;commune;vrai;
75111_4913_00002;75111_4913;2;;Rue Jean Macé;75011;75111;Paris 11e Arrondissement;;;654856.44;6861590.16;2.384784;48.852769;parcelle;;;PARIS;RUE JEAN MACE;commune;commune;vrai;
75111_4913_00003;75111_4913;3;;Rue Jean Macé;75011;75111;Paris 11e Arrondissement;;;654812.11;6861598.41;2.384179;48.85284;parcelle;;;PARIS;RUE JEAN MACE;commune;commune;vrai;
75111_4913_00004;75111_4913;4;;Rue Jean Macé;75011;75111;Paris 11e Arrondissement;;;654845.62;6861596.03;2.384636;48.852821;parcelle;;;PARIS;RUE JEAN MACE;commune;commune;vrai;
75111_4913_00005;75111_4913;5;;Rue Jean Macé;75011;75111;Paris 11e Arrondissement;;;654801.95;6861604.04;2.38404;48.85289;parcelle;;;PARIS;RUE JEAN MACE;commune;commune;vrai;
75111_4913_00006;75111_4913;6;;Rue Jean Macé;75011;75111;Paris 11e Arrondissement;;;654821.51;6861609.23;2.384306;48.852938;parcelle;;;PARIS;RUE JEAN MACE;commune;commune;vrai;
75111_4913_00007;75111_4913;7;;Rue Jean Macé;75011;75111;Paris 11e Arrondissement;;;654791.65;6861609.68;2.383899;48.85294;parcelle;;;PARIS;RUE JEAN MACE;commune;commune;vrai;
75111_4913_00008;75111_4913;8;;Rue Jean Macé;75011;75111;Paris 11e Arrondissement;;;654797.47;6861622.43;2.383977;48.853055;parcelle;;;PARIS;RUE JEAN MACE;commune;commune;vrai;
75111_4913_00009;75111_4913;9;;Rue Jean Macé;75011;75111;Paris 11e Arrondissement;;;654779.15;6861616.45;2.383728;48.853;parcelle;;;PARIS;RUE JEAN MACE;commune;commune;vrai;
75111_4913_00010;75111_4913;10;;Rue Jean Macé;75011;75111;Paris 11e Arrondissement;;;654786.73;6861628.29;2.38383;48.853107;parcelle;;;PARIS;RUE JEAN MACE;commune;commune;vrai;
75111_4913_00011;75111_4913;11;;Rue Jean Macé;75011;75111;Paris 11e Arrondissement;;;654766.88;6861623.22;2.38356;48.85306;parcelle;;;PARIS;RUE JEAN MACE;commune;commune;vrai;
75111_4913_00012;75111_4913;12;;Rue Jean Macé;75011;75111;Paris 11e Arrondissement;;;654772.85;6861635.85;2.38364;48.853174;parcelle;;;PARIS;RUE JEAN MACE;commune;commune;vrai;
75111_4913_00013;75111_4913;13;;Rue Jean Macé;75011;75111;Paris 11e Arrondissement;;;654756.94;6861628.64;2.383424;48.853108;parcelle;;;PARIS;RUE JEAN MACE;commune;commune;vrai;
75111_4913_00014;75111_4913;14;;Rue Jean Macé;75011;75111;Paris 11e Arrondissement;;;654757.21;6861644.42;2.383426;48.85325;parcelle;;;PARIS;RUE JEAN MACE;commune;commune;vrai;
75111_4913_00015;75111_4913;15;;Rue Jean Macé;75011;75111;Paris 11e Arrondissement;;;654745.83;6861634.73;2.383272;48.853162;parcelle;;;PARIS;RUE JEAN MACE;commune;commune;vrai;
75111_4913_00017;75111_4913;17;;Rue Jean Macé;75011;75111;Paris 11e Arrondissement;;;654732.83;6861641.84;2.383094;48.853225;parcelle;;;PARIS;RUE JEAN MACE;commune;commune;vrai;
75111_4913_00018;75111_4913;18;;Rue Jean Macé;75011;75111;Paris 11e Arrondissement;;;654728.86;6861659.99;2.383038;48.853388;parcelle;;;PARIS;RUE JEAN MACE;commune;commune;vrai;
75111_4913_00020;75111_4913;20;;Rue Jean Macé;75011;75111;Paris 11e Arrondissement;;;654720.16;6861664.73;2.382919;48.85343;parcelle;;;PARIS;RUE JEAN MACE;commune;commune;vrai;
75111_4913_00004_b;75111_4913;4;b;Rue Jean Macé;75011;75111;Paris 11e Arrondissement;;;654834.3;6861602.24;2.384481;48.852876;parcelle;;;PARIS;RUE JEAN MACE;commune;commune;vrai;
75111_4913_00006_b;75111_4913;6;b;Rue Jean Macé;75011;75111;Paris 11e Arrondissement;;;654808.5;6861616.34;2.384128;48.853001;parcelle;;;PARIS;RUE JEAN MACE;commune;commune;vrai;
75111_x461_00001;75111_X461;1;;Voie P/11;75011;75111;Paris 11e Arrondissement;;;654994.71;6861319.43;2.386697;48.850344;parcelle;;;PARIS;VOIE P 11;commune;commune;vrai;
75111_x461_00002;75111_X461;2;;Voie P/11;75011;75111;Paris 11e Arrondissement;;;654990.82;6861318.35;2.386644;48.850334;parcelle;;;PARIS;VOIE P 11;commune;commune;vrai;
75111_x461_00003;75111_X461;3;;Voie P/11;75011;75111;Paris 11e Arrondissement;;;654995.31;6861310.64;2.386706;48.850265;parcelle;;;PARIS;VOIE P 11;commune;commune;vrai;
75111_x461_00004;75111_X461;4;;Voie P/11;75011;75111;Paris 11e Arrondissement;;;654988.35;6861312.7;2.386611;48.850283;parcelle;;;PARIS;VOIE P 11;commune;commune;vrai;
75111_x461_00005;75111_X461;5;;Voie P/11;75011;75111;Paris 11e Arrondissement;;;654987.52;6861309.48;2.3866;48.850254;parcelle;;;PARIS;VOIE P 11;commune;commune;vrai;
75111_x461_00001_s;75111_X461;1;s;Voie P/11;75011;75111;Paris 11e Arrondissement;;;654992.89;6861320.89;2.386672;48.850357;parcelle;;;PARIS;VOIE P 11;commune;commune;vrai;
75111_8357_00003;75111_8357;3;;Cité de la Roquette;75011;75111;Paris 11e Arrondissement;;;654075.61;6861843.16;2.374116;48.854989;parcelle;;;PARIS;CITE DE LA ROQUETTE;commune;commune;vrai;
75111_8357_00004;75111_8357;4;;Cité de la Roquette;75011;75111;Paris 11e Arrondissement;;;654065.94;6861836.23;2.373985;48.854926;parcelle;;;PARIS;CITE DE LA ROQUETTE;commune;commune;vrai;
75111_8357_00005;75111_8357;5;;Cité de la Roquette;75011;75111;Paris 11e Arrondissement;;;654085.85;6861829.18;2.374257;48.854864;parcelle;;;PARIS;CITE DE LA ROQUETTE;commune;commune;vrai;
75111_8357_00006;75111_8357;6;;Cité de la Roquette;75011;75111;Paris 11e Arrondissement;;;654074.51;6861824.49;2.374103;48.854821;parcelle;;;PARIS;CITE DE LA ROQUETTE;commune;commune;vrai;
75111_8357_00007;75111_8357;7;;Cité de la Roquette;75011;75111;Paris 11e Arrondissement;;;654082.57;6861823.42;2.374213;48.854812;parcelle;;;PARIS;CITE DE LA ROQUETTE;commune;commune;vrai;
75111_8658_00001;75111_8658;1;;Cour Saint-Joseph;75011;75111;Paris 11e Arrondissement;;;654062.09;6861563.27;2.373962;48.852471;parcelle;;;PARIS;COUR SAINT JOSEPH;commune;commune;vrai;
75111_8658_00002;75111_8658;2;;Cour Saint-Joseph;75011;75111;Paris 11e Arrondissement;;;654053.69;6861568.56;2.373847;48.852518;parcelle;;;PARIS;COUR SAINT JOSEPH;commune;commune;vrai;
75111_8658_00003;75111_8658;3;;Cour Saint-Joseph;75011;75111;Paris 11e Arrondissement;;;654044.4;6861571.42;2.37372;48.852543;parcelle;;;PARIS;COUR SAINT JOSEPH;commune;commune;vrai;
75111_8658_00004;75111_8658;4;;Cour Saint-Joseph;75011;75111;Paris 11e Arrondissement;;;654034.61;6861577.28;2.373586;48.852595;parcelle;;;PARIS;COUR SAINT JOSEPH;commune;commune;vrai;
75111_8658_00005;75111_8658;5;;Cour Saint-Joseph;75011;75111;Paris 11e Arrondissement;;;654020.22;6861585.95;2.373389;48.852672;parcelle;;;PARIS;COUR SAINT JOSEPH;commune;commune;vrai;
75111_8658_00006;75111_8658;6;;Cour Saint-Joseph;75011;75111;Paris 11e Arrondissement;;;654005.25;6861594.86;2.373184;48.852751;parcelle;;;PARIS;COUR SAINT JOSEPH;commune;commune;vrai;
75111_8658_00007;75111_8658;7;;Cour Saint-Joseph;75011;75111;Paris 11e Arrondissement;;;653993.76;6861598.28;2.373027;48.852781;parcelle;;;PARIS;COUR SAINT JOSEPH;commune;commune;vrai;
75111_8658_00008;75111_8658;8;;Cour Saint-Joseph;75011;75111;Paris 11e Arrondissement;;;653989.81;6861591.42;2.372974;48.852719;parcelle;;;PARIS;COUR SAINT JOSEPH;commune;commune;vrai;
75111_8658_00009;75111_8658;9;;Cour Saint-Joseph;75011;75111;Paris 11e Arrondissement;;;653996.58;6861583.7;2.373067;48.85265;parcelle;;;PARIS;COUR SAINT JOSEPH;commune;commune;vrai;
75111_8658_00010;75111_8658;10;;Cour Saint-Joseph;75011;75111;Paris 11e Arrondissement;;;654008.48;6861576.93;2.37323;48.85259;parcelle;;;PARIS;COUR SAINT JOSEPH;commune;commune;vrai;
75111_8658_00011;75111_8658;11;;Cour Saint-Joseph;75011;75111;Paris 11e Arrondissement;;;654018.93;6861571.4;2.373373;48.852541;parcelle;;;PARIS;COUR SAINT JOSEPH;commune;commune;vrai;
75111_8658_00012;75111_8658;12;;Cour Saint-Joseph;75011;75111;Paris 11e Arrondissement;;;654040.41;6861559.66;2.373667;48.852437;parcelle;;;PARIS;COUR SAINT JOSEPH;commune;commune;vrai;
75111_8658_00013;75111_8658;13;;Cour Saint-Joseph;75011;75111;Paris 11e Arrondissement;;;654055.76;6861551.53;2.373877;48.852365;parcelle;;;PARIS;COUR SAINT JOSEPH;commune;commune;vrai;
75111_8676_00001;75111_8676;1;;Cour Saint-Louis;75011;75111;Paris 11e Arrondissement;;;653968.72;6861596.82;2.372686;48.852766;parcelle;;;PARIS;COUR SAINT LOUIS;commune;commune;vrai;
75111_8676_00002;75111_8676;2;;Cour Saint-Louis;75011;75111;Paris 11e Arrondissement;;;653974.99;6861591.65;2.372772;48.85272;parcelle;;;PARIS;COUR SAINT LOUIS;commune;commune;vrai;
75111_8676_00003;75111_8676;3;;Cour Saint-Louis;75011;75111;Paris 11e Arrondissement;;;653976.02;6861609.77;2.372784;48.852883;parcelle;;;PARIS;COUR SAINT LOUIS;commune;commune;vrai;
75111_8676_00004;75111_8676;4;;Cour Saint-Louis;75011;75111;Paris 11e Arrondissement;;;653984;6861607.59;2.372893;48.852864;parcelle;;;PARIS;COUR SAINT LOUIS;commune;commune;vrai;
75111_8676_00005;75111_8676;5;;Cour Saint-Louis;75011;75111;Paris 11e Arrondissement;;;653968.1;6861620.39;2.372675;48.852978;parcelle;;;PARIS;COUR SAINT LOUIS;commune;commune;vrai;
75111_8676_00006;75111_8676;6;;Cour Saint-Louis;75011;75111;Paris 11e Arrondissement;;;653983.22;6861620.83;2.372881;48.852983;parcelle;;;PARIS;COUR SAINT LOUIS;commune;commune;vrai;
75111_8676_00007;75111_8676;7;;Cour Saint-Louis;75011;75111;Paris 11e Arrondissement;;;653975.12;6861635.46;2.372769;48.853114;parcelle;;;PARIS;COUR SAINT LOUIS;commune;commune;vrai;
75111_8676_00008;75111_8676;8;;Cour Saint-Louis;75011;75111;Paris 11e Arrondissement;;;653983.4;6861633.51;2.372882;48.853097;parcelle;;;PARIS;COUR SAINT LOUIS;commune;commune;vrai;
75111_8676_00015;75111_8676;15;;Cour Saint-Louis;75011;75111;Paris 11e Arrondissement;;;653986.97;6861649.38;2.372929;48.85324;parcelle;;;PARIS;COUR SAINT LOUIS;commune;commune;vrai;
75111_3783_00001;75111_3783;1;;Impasse Franchemont;75011;75111;Paris 11e Arrondissement;;;654738.33;6861660.14;2.383167;48.85339;parcelle;;;PARIS;IMPASSE FRANCHEMONT;commune;commune;vrai;
75111_3783_00002;75111_3783;2;;Impasse Franchemont;75011;75111;Paris 11e Arrondissement;;;654760.51;6861653.29;2.38347;48.85333;parcelle;;;PARIS;IMPASSE FRANCHEMONT;commune;commune;vrai;
75111_3783_00003;75111_3783;3;;Impasse Franchemont;75011;75111;Paris 11e Arrondissement;;;654759.65;6861665.42;2.383457;48.853439;parcelle;;;PARIS;IMPASSE FRANCHEMONT;commune;commune;vrai;
75111_3783_00004;75111_3783;4;;Impasse Franchemont;75011;75111;Paris 11e Arrondissement;;;654791.02;6861660.73;2.383885;48.853399;parcelle;;;PARIS;IMPASSE FRANCHEMONT;commune;commune;vrai;
75111_3783_00005;75111_3783;5;;Impasse Franchemont;75011;75111;Paris 11e Arrondissement;;;654771.63;6861668.33;2.38362;48.853466;parcelle;;;PARIS;IMPASSE FRANCHEMONT;commune;commune;vrai;
75111_3783_00006;75111_3783;6;;Impasse Franchemont;75011;75111;Paris 11e Arrondissement;;;654796.07;6861668.14;2.383953;48.853466;parcelle;;;PARIS;IMPASSE FRANCHEMONT;commune;commune;vrai;
75111_3783_00007;75111_3783;7;;Impasse Franchemont;75011;75111;Paris 11e Arrondissement;;;654788.47;6861672.54;2.383849;48.853505;parcelle;;;PARIS;IMPASSE FRANCHEMONT;commune;commune;vrai;
75111_3783_00002_b;75111_3783;2;b;Impasse Franchemont;75011;75111;Paris 11e Arrondissement;;;654778.08;6861657.61;2.383709;48.85337;parcelle;;;PARIS;IMPASSE FRANCHEMONT;commune;commune;vrai;
75111_4233_00001;75111_4233;1;;Rue Marguerite Gonnet;75011;75111;Paris 11e Arrondissement;;;655235.04;6861242.18;2.38998;48.849666;parcelle;;;PARIS;RUE MARGUERITE GONNET;commune;commune;vrai;
75111_4233_00002;75111_4233;2;;Rue Marguerite Gonnet;75011;75111;Paris 11e Arrondissement;;;655246.75;6861219.63;2.390142;48.849464;parcelle;;;PARIS;RUE MARGUERITE GONNET;commune;commune;vrai;
75111_4233_00003;75111_4233;3;;Rue Marguerite Gonnet;75011;75111;Paris 11e Arrondissement;;;655234.1;6861253.31;2.389966;48.849766;parcelle;;;PARIS;RUE MARGUERITE GONNET;commune;commune;vrai;
75111_4233_00004;75111_4233;4;;Rue Marguerite Gonnet;75011;75111;Paris 11e Arrondissement;;;655243;6861265.36;2.390086;48.849875;parcelle;;;PARIS;RUE MARGUERITE GONNET;commune;commune;vrai;
75111_4233_00005;75111_4233;5;;Rue Marguerite Gonnet;75011;75111;Paris 11e Arrondissement;;;655233.16;6861265.21;2.389952;48.849873;parcelle;;;PARIS;RUE MARGUERITE GONNET;commune;commune;vrai;
75111_4233_00006;75111_4233;6;;Rue Marguerite Gonnet;75011;75111;Paris 11e Arrondissement;;;655241.79;6861280.82;2.390068;48.850014;parcelle;;;PARIS;RUE MARGUERITE GONNET;commune;commune;vrai;
75111_4233_00007;75111_4233;7;;Rue Marguerite Gonnet;75011;75111;Paris 11e Arrondissement;;;655231.89;6861280.57;2.389933;48.850011;parcelle;;;PARIS;RUE MARGUERITE GONNET;commune;commune;vrai;
75111_4233_00008;75111_4233;8;;Rue Marguerite Gonnet;75011;75111;Paris 11e Arrondissement;;;655240.45;6861296.63;2.390048;48.850156;parcelle;;;PARIS;RUE MARGUERITE GONNET;commune;commune;vrai;
75111_4233_00009;75111_4233;9;;Rue Marguerite Gonnet;75011;75111;Paris 11e Arrondissement;;;655230.75;6861294.7;2.389916;48.850138;parcelle;;;PARIS;RUE MARGUERITE GONNET;commune;commune;vrai;
75111_4233_00010;75111_4233;10;;Rue Marguerite Gonnet;75011;75111;Paris 11e Arrondissement;;;655239.05;6861314.65;2.390027;48.850318;parcelle;;;PARIS;RUE MARGUERITE GONNET;commune;commune;vrai;
75111_4233_00011;75111_4233;11;;Rue Marguerite Gonnet;75011;75111;Paris 11e Arrondissement;;;655229.2;6861313.5;2.389893;48.850307;parcelle;;;PARIS;RUE MARGUERITE GONNET;commune;commune;vrai;
75111_4233_00002_b;75111_4233;2;b;Rue Marguerite Gonnet;75011;75111;Paris 11e Arrondissement;;;655244.6;6861245.55;2.39011;48.849697;parcelle;;;PARIS;RUE MARGUERITE GONNET;commune;commune;vrai;
75111_1821_00001;75111_1821;1;;Rue Charles Delescluze;75011;75111;Paris 11e Arrondissement;;;654459.46;6861583.26;2.379375;48.852679;parcelle;;;PARIS;RUE CHARLES DELESCLUZE;commune;commune;vrai;
75111_1821_00002;75111_1821;2;;Rue Charles Delescluze;75011;75111;Paris 11e Arrondissement;;;654457.67;6861569.38;2.379352;48.852554;parcelle;;;PARIS;RUE CHARLES DELESCLUZE;commune;commune;vrai;
75111_1821_00003;75111_1821;3;;Rue Charles Delescluze;75011;75111;Paris 11e Arrondissement;;;654472.44;6861581.6;2.379552;48.852665;parcelle;;;PARIS;RUE CHARLES DELESCLUZE;commune;commune;vrai;
75111_1821_00004;75111_1821;4;;Rue Charles Delescluze;75011;75111;Paris 11e Arrondissement;;;654476.07;6861567.12;2.379603;48.852535;parcelle;;;PARIS;RUE CHARLES DELESCLUZE;commune;commune;vrai;
75111_1821_00005;75111_1821;5;;Rue Charles Delescluze;75011;75111;Paris 11e Arrondissement;;;654490.03;6861579.24;2.379792;48.852645;parcelle;;;PARIS;RUE CHARLES DELESCLUZE;commune;commune;vrai;
75111_1821_00006;75111_1821;6;;Rue Charles Delescluze;75011;75111;Paris 11e Arrondissement;;;654483.91;6861566.17;2.37971;48.852527;parcelle;;;PARIS;RUE CHARLES DELESCLUZE;commune;commune;vrai;
75111_1821_00007;75111_1821;7;;Rue Charles Delescluze;75011;75111;Paris 11e Arrondissement;;;654503.01;6861577.58;2.379969;48.852631;parcelle;;;PARIS;RUE CHARLES DELESCLUZE;commune;commune;vrai;
75111_1821_00008;75111_1821;8;;Rue Charles Delescluze;75011;75111;Paris 11e Arrondissement;;;654503.34;6861563.68;2.379975;48.852506;parcelle;;;PARIS;RUE CHARLES DELESCLUZE;commune;commune;vrai;
75111_1821_00009;75111_1821;9;;Rue Charles Delescluze;75011;75111;Paris 11e Arrondissement;;;654516.86;6861575.7;2.380158;48.852615;parcelle;;;PARIS;RUE CHARLES DELESCLUZE;commune;commune;vrai;
75111_1821_00010;75111_1821;10;;Rue Charles Delescluze;75011;75111;Paris 11e Arrondissement;;;654521.89;6861561.65;2.380228;48.852489;parcelle;;;PARIS;RUE CHARLES DELESCLUZE;commune;commune;vrai;
75111_1821_00011;75111_1821;11;;Rue Charles Delescluze;75011;75111;Paris 11e Arrondissement;;;654530.79;6861573.92;2.380348;48.8526;parcelle;;;PARIS;RUE CHARLES DELESCLUZE;commune;commune;vrai;
75111_1821_00012;75111_1821;12;;Rue Charles Delescluze;75011;75111;Paris 11e Arrondissement;;;654536.48;6861559.75;2.380427;48.852473;parcelle;;;PARIS;RUE CHARLES DELESCLUZE;commune;commune;vrai;
75111_1821_00013;75111_1821;13;;Rue Charles Delescluze;75011;75111;Paris 11e Arrondissement;;;654554.61;6861570.73;2.380673;48.852573;parcelle;;;PARIS;RUE CHARLES DELESCLUZE;commune;commune;vrai;
75111_1821_00014;75111_1821;14;;Rue Charles Delescluze;75011;75111;Paris 11e Arrondissement;;;654552.38;6861557.29;2.380644;48.852452;parcelle;;;PARIS;RUE CHARLES DELESCLUZE;commune;commune;vrai;
75111_1821_00015;75111_1821;15;;Rue Charles Delescluze;75011;75111;Paris 11e Arrondissement;;;654564.14;6861569.43;2.380803;48.852562;parcelle;;;PARIS;RUE CHARLES DELESCLUZE;commune;commune;vrai;
75111_1821_00016;75111_1821;16;;Rue Charles Delescluze;75011;75111;Paris 11e Arrondissement;;;654565.06;6861555.41;2.380817;48.852436;parcelle;;;PARIS;RUE CHARLES DELESCLUZE;commune;commune;vrai;
75111_1821_00017;75111_1821;17;;Rue Charles Delescluze;75011;75111;Paris 11e Arrondissement;;;654575.36;6861568.01;2.380956;48.85255;parcelle;;;PARIS;RUE CHARLES DELESCLUZE;commune;commune;vrai;
75111_1821_00012_p;75111_1821;12;p;Rue Charles Delescluze;75011;75111;Paris 11e Arrondissement;;;654533.58;6861536.53;2.38039;48.852264;parcelle;;;PARIS;RUE CHARLES DELESCLUZE;commune;commune;vrai;
75111_7249_00001;75111_7249;1;;Place du Père Chaillet;75011;75111;Paris 11e Arrondissement;;;654439.49;6862038.89;2.379054;48.856775;parcelle;;;PARIS;PLACE DU PERE CHAILLET;commune;commune;vrai;
75111_7249_00003;75111_7249;3;;Place du Père Chaillet;75011;75111;Paris 11e Arrondissement;;;654432.79;6862055.18;2.378961;48.856921;parcelle;;;PARIS;PLACE DU PERE CHAILLET;commune;commune;vrai;
75111_9731_00001;75111_9731;1;;Passage Viallet;75011;75111;Paris 11e Arrondissement;;;654609.42;6862009.64;2.381373;48.856524;parcelle;;;PARIS;PASSAGE VIALLET;commune;commune;vrai;
75111_9731_00002;75111_9731;2;;Passage Viallet;75011;75111;Paris 11e Arrondissement;;;654615.98;6862003.7;2.381463;48.856471;parcelle;;;PARIS;PASSAGE VIALLET;commune;commune;vrai;
75111_9731_00003;75111_9731;3;;Passage Viallet;75011;75111;Paris 11e Arrondissement;;;654618.48;6862013.46;2.381496;48.856559;parcelle;;;PARIS;PASSAGE VIALLET;commune;commune;vrai;
75111_9731_00004;75111_9731;4;;Passage Viallet;75011;75111;Paris 11e Arrondissement;;;654628.13;6862008.94;2.381628;48.856519;parcelle;;;PARIS;PASSAGE VIALLET;commune;commune;vrai;
75111_9731_00005;75111_9731;5;;Passage Viallet;75011;75111;Paris 11e Arrondissement;;;654623.92;6862015.76;2.38157;48.85658;parcelle;;;PARIS;PASSAGE VIALLET;commune;commune;vrai;
75111_9731_00006;75111_9731;6;;Passage Viallet;75011;75111;Paris 11e Arrondissement;;;654638.21;6862013.2;2.381765;48.856558;parcelle;;;PARIS;PASSAGE VIALLET;commune;commune;vrai;
75111_9731_00007;75111_9731;7;;Passage Viallet;75011;75111;Paris 11e Arrondissement;;;654632.32;6862019.36;2.381684;48.856613;parcelle;;;PARIS;PASSAGE VIALLET;commune;commune;vrai;
75111_2414_00001;75111_2414;1;;Cité du Couvent;75011;75111;Paris 11e Arrondissement;;;654797.27;6861784.56;2.383957;48.854513;parcelle;;;PARIS;CITE DU COUVENT;commune;commune;vrai;
75111_2414_00002;75111_2414;2;;Cité du Couvent;75011;75111;Paris 11e Arrondissement;;;654804.57;6861789.06;2.384056;48.854554;parcelle;;;PARIS;CITE DU COUVENT;commune;commune;vrai;
75111_2414_00003;75111_2414;3;;Cité du Couvent;75011;75111;Paris 11e Arrondissement;;;654794.1;6861792.25;2.383913;48.854582;parcelle;;;PARIS;CITE DU COUVENT;commune;commune;vrai;
75111_2414_00004;75111_2414;4;;Cité du Couvent;75011;75111;Paris 11e Arrondissement;;;654796.65;6861808.36;2.383946;48.854727;parcelle;;;PARIS;CITE DU COUVENT;commune;commune;vrai;
75111_2414_00005;75111_2414;5;;Cité du Couvent;75011;75111;Paris 11e Arrondissement;;;654790.71;6861800.51;2.383866;48.854656;parcelle;;;PARIS;CITE DU COUVENT;commune;commune;vrai;
75111_2414_00006;75111_2414;6;;Cité du Couvent;75011;75111;Paris 11e Arrondissement;;;654793.26;6861816.39;2.383899;48.854799;parcelle;;;PARIS;CITE DU COUVENT;commune;commune;vrai;
75111_2414_00007;75111_2414;7;;Cité du Couvent;75011;75111;Paris 11e Arrondissement;;;654783.88;6861808.68;2.383772;48.854729;parcelle;;;PARIS;CITE DU COUVENT;commune;commune;vrai;
75111_2414_00008;75111_2414;8;;Cité du Couvent;75011;75111;Paris 11e Arrondissement;;;654789.23;6861826.21;2.383843;48.854887;parcelle;;;PARIS;CITE DU COUVENT;commune;commune;vrai;
75111_2414_00010;75111_2414;10;;Cité du Couvent;75011;75111;Paris 11e Arrondissement;;;654783.44;6861826.81;2.383764;48.854892;parcelle;;;PARIS;CITE DU COUVENT;commune;commune;vrai;
75111_2414_00011;75111_2414;11;;Cité du Couvent;75011;75111;Paris 11e Arrondissement;;;654783.44;6861818.25;2.383765;48.854815;parcelle;;;PARIS;CITE DU COUVENT;commune;commune;vrai;
75111_8052_00001;75111_8052;1;;Passage Rauch;75011;75111;Paris 11e Arrondissement;;;654406.29;6861727.24;2.378635;48.85397;parcelle;;;PARIS;PASSAGE RAUCH;commune;commune;vrai;
75111_8052_00002;75111_8052;2;;Passage Rauch;75011;75111;Paris 11e Arrondissement;;;654405.89;6861713.01;2.378631;48.853842;parcelle;;;PARIS;PASSAGE RAUCH;commune;commune;vrai;
75111_8052_00003;75111_8052;3;;Passage Rauch;75011;75111;Paris 11e Arrondissement;;;654482.33;6861757.78;2.379668;48.85425;parcelle;;;PARIS;PASSAGE RAUCH;commune;commune;vrai;
75111_8052_00004;75111_8052;4;;Passage Rauch;75011;75111;Paris 11e Arrondissement;;;654421.13;6861719.12;2.378838;48.853898;parcelle;;;PARIS;PASSAGE RAUCH;commune;commune;vrai;
75111_8052_00006;75111_8052;6;;Passage Rauch;75011;75111;Paris 11e Arrondissement;;;654445.2;6861728.71;2.379165;48.853986;parcelle;;;PARIS;PASSAGE RAUCH;commune;commune;vrai;
75111_8052_00008;75111_8052;8;;Passage Rauch;75011;75111;Paris 11e Arrondissement;;;654469.56;6861738.53;2.379496;48.854076;parcelle;;;PARIS;PASSAGE RAUCH;commune;commune;vrai;
75111_8052_00010;75111_8052;10;;Passage Rauch;75011;75111;Paris 11e Arrondissement;;;654477.07;6861741.58;2.379598;48.854104;parcelle;;;PARIS;PASSAGE RAUCH;commune;commune;vrai;
75111_8052_00012;75111_8052;12;;Passage Rauch;75011;75111;Paris 11e Arrondissement;;;654485.02;6861744.74;2.379706;48.854133;parcelle;;;PARIS;PASSAGE RAUCH;commune;commune;vrai;
75111_1662_00001;75111_1662;1;;Rue Cesselin;75011;75111;Paris 11e Arrondissement;;;654858.45;6861462.16;2.384825;48.851618;parcelle;;;PARIS;RUE CESSELIN;commune;commune;vrai;
75111_1662_00002;75111_1662;2;;Rue Cesselin;75011;75111;Paris 11e Arrondissement;;;654854.92;6861452.29;2.384778;48.851529;parcelle;;;PARIS;RUE CESSELIN;commune;commune;vrai;
75111_1662_00003;75111_1662;3;;Rue Cesselin;75011;75111;Paris 11e Arrondissement;;;654867.1;6861461.65;2.384943;48.851614;parcelle;;;PARIS;RUE CESSELIN;commune;commune;vrai;
75111_1662_00004;75111_1662;4;;Rue Cesselin;75011;75111;Paris 11e Arrondissement;;;654874.43;6861451.14;2.385044;48.85152;parcelle;;;PARIS;RUE CESSELIN;commune;commune;vrai;
75111_1662_00005;75111_1662;5;;Rue Cesselin;75011;75111;Paris 11e Arrondissement;;;654889.77;6861460.36;2.385252;48.851604;parcelle;;;PARIS;RUE CESSELIN;commune;commune;vrai;
75111_1662_00006;75111_1662;6;;Rue Cesselin;75011;75111;Paris 11e Arrondissement;;;654890.28;6861450.24;2.38526;48.851513;parcelle;;;PARIS;RUE CESSELIN;commune;commune;vrai;
75111_1662_00007;75111_1662;7;;Rue Cesselin;75011;75111;Paris 11e Arrondissement;;;654900.19;6861459.83;2.385394;48.8516;parcelle;;;PARIS;RUE CESSELIN;commune;commune;vrai;
75111_1662_00009;75111_1662;9;;Rue Cesselin;75011;75111;Paris 11e Arrondissement;;;654904.66;6861459.8;2.385455;48.8516;parcelle;;;PARIS;RUE CESSELIN;commune;commune;vrai;
75111_1662_00010;75111_1662;10;;Rue Cesselin;75011;75111;Paris 11e Arrondissement;;;654910.89;6861449.3;2.385541;48.851506;parcelle;;;PARIS;RUE CESSELIN;commune;commune;vrai;
75111_1662_00011;75111_1662;11;;Rue Cesselin;75011;75111;Paris 11e Arrondissement;;;654909.58;6861459.76;2.385522;48.8516;parcelle;;;PARIS;RUE CESSELIN;commune;commune;vrai;
75111_1662_00013;75111_1662;13;;Rue Cesselin;75011;75111;Paris 11e Arrondissement;;;654914.05;6861459.61;2.385583;48.851599;parcelle;;;PARIS;RUE CESSELIN;commune;commune;vrai;
75111_1662_00005_p;75111_1662;5;p;Rue Cesselin;75011;75111;Paris 11e Arrondissement;;;654898.47;6861455.73;2.385371;48.851563;parcelle;;;PARIS;RUE CESSELIN;commune;commune;vrai;
75111_4214_00001;75111_4214;1;;Rue Gobert;75011;75111;Paris 11e Arrondissement;;;654655.87;6861906.42;2.382017;48.855599;parcelle;;;PARIS;RUE GOBERT;commune;commune;vrai;
75111_4214_00002;75111_4214;2;;Rue Gobert;75011;75111;Paris 11e Arrondissement;;;654658.4;6861892.72;2.382053;48.855476;parcelle;;;PARIS;RUE GOBERT;commune;commune;vrai;
75111_4214_00003;75111_4214;3;;Rue Gobert;75011;75111;Paris 11e Arrondissement;;;654670.29;6861912.2;2.382213;48.855652;parcelle;;;PARIS;RUE GOBERT;commune;commune;vrai;
75111_4214_00004;75111_4214;4;;Rue Gobert;75011;75111;Paris 11e Arrondissement;;;654676.8;6861899.92;2.382303;48.855542;parcelle;;;PARIS;RUE GOBERT;commune;commune;vrai;
75111_4214_00005;75111_4214;5;;Rue Gobert;75011;75111;Paris 11e Arrondissement;;;654683.76;6861917.66;2.382396;48.855702;parcelle;;;PARIS;RUE GOBERT;commune;commune;vrai;
75111_4214_00006;75111_4214;6;;Rue Gobert;75011;75111;Paris 11e Arrondissement;;;654693.36;6861906.46;2.382528;48.855602;parcelle;;;PARIS;RUE GOBERT;commune;commune;vrai;
75111_4214_00007;75111_4214;7;;Rue Gobert;75011;75111;Paris 11e Arrondissement;;;654709.16;6861927.58;2.382741;48.855793;parcelle;;;PARIS;RUE GOBERT;commune;commune;vrai;
75111_4214_00008;75111_4214;8;;Rue Gobert;75011;75111;Paris 11e Arrondissement;;;654711.25;6861913.44;2.382771;48.855666;parcelle;;;PARIS;RUE GOBERT;commune;commune;vrai;
75111_4214_00009;75111_4214;9;;Rue Gobert;75011;75111;Paris 11e Arrondissement;;;654722.11;6861932.59;2.382917;48.855839;parcelle;;;PARIS;RUE GOBERT;commune;commune;vrai;
75111_4214_00010;75111_4214;10;;Rue Gobert;75011;75111;Paris 11e Arrondissement;;;654717.58;6861915.95;2.382857;48.855689;parcelle;;;PARIS;RUE GOBERT;commune;commune;vrai;
75111_4214_00012;75111_4214;12;;Rue Gobert;75011;75111;Paris 11e Arrondissement;;;654724.86;6861918.78;2.382956;48.855715;parcelle;;;PARIS;RUE GOBERT;commune;commune;vrai;
75111_4214_00014;75111_4214;14;;Rue Gobert;75011;75111;Paris 11e Arrondissement;;;654737.08;6861923.69;2.383122;48.85576;parcelle;;;PARIS;RUE GOBERT;commune;commune;vrai;
75111_4214_00006_b;75111_4214;6;b;Rue Gobert;75011;75111;Paris 11e Arrondissement;;;654705.21;6861911.04;2.382689;48.855644;parcelle;;;PARIS;RUE GOBERT;commune;commune;vrai;
75111_4214_00012_b;75111_4214;12;b;Rue Gobert;75011;75111;Paris 11e Arrondissement;;;654729.87;6861920.74;2.383024;48.855733;parcelle;;;PARIS;RUE GOBERT;commune;commune;vrai;
75111_4214_00002_b;75111_4214;2;b;Rue Gobert;75011;75111;Paris 11e Arrondissement;;;654667.23;6861896.1;2.382173;48.855507;parcelle;;;PARIS;RUE GOBERT;commune;commune;vrai;
75111_1095_00001;75111_1095;1;;Passage de la Bonne Graine;75011;75111;Paris 11e Arrondissement;;;654269.55;6861434.31;2.376803;48.851326;parcelle;;;PARIS;PASSAGE DE LA BONNE GRAINE;commune;commune;vrai;
75111_1095_00002;75111_1095;2;;Passage de la Bonne Graine;75011;75111;Paris 11e Arrondissement;;;654278.29;6861435.46;2.376922;48.851337;parcelle;;;PARIS;PASSAGE DE LA BONNE GRAINE;commune;commune;vrai;
75111_1095_00003;75111_1095;3;;Passage de la Bonne Graine;75011;75111;Paris 11e Arrondissement;;;654273.36;6861452.07;2.376853;48.851486;parcelle;;;PARIS;PASSAGE DE LA BONNE GRAINE;commune;commune;vrai;
75111_1095_00004;75111_1095;4;;Passage de la Bonne Graine;75011;75111;Paris 11e Arrondissement;;;654279.03;6861454.14;2.37693;48.851505;parcelle;;;PARIS;PASSAGE DE LA BONNE GRAINE;commune;commune;vrai;
75111_1095_00005;75111_1095;5;;Passage de la Bonne Graine;75011;75111;Paris 11e Arrondissement;;;654273.42;6861469.53;2.376852;48.851643;parcelle;;;PARIS;PASSAGE DE LA BONNE GRAINE;commune;commune;vrai;
75111_1095_00007;75111_1095;7;;Passage de la Bonne Graine;75011;75111;Paris 11e Arrondissement;;;654280.45;6861495.6;2.376945;48.851878;parcelle;;;PARIS;PASSAGE DE LA BONNE GRAINE;commune;commune;vrai;
75111_1095_00008;75111_1095;8;;Passage de la Bonne Graine;75011;75111;Paris 11e Arrondissement;;;654284.82;6861472.11;2.377007;48.851667;parcelle;;;PARIS;PASSAGE DE LA BONNE GRAINE;commune;commune;vrai;
75111_1095_00009;75111_1095;9;;Passage de la Bonne Graine;75011;75111;Paris 11e Arrondissement;;;654283.45;6861512.04;2.376984;48.852026;parcelle;;;PARIS;PASSAGE DE LA BONNE GRAINE;commune;commune;vrai;
75111_1095_00010;75111_1095;10;;Passage de la Bonne Graine;75011;75111;Paris 11e Arrondissement;;;654286.94;6861489.66;2.377034;48.851825;parcelle;;;PARIS;PASSAGE DE LA BONNE GRAINE;commune;commune;vrai;
75111_1095_00012;75111_1095;12;;Passage de la Bonne Graine;75011;75111;Paris 11e Arrondissement;;;654289.38;6861501.87;2.377066;48.851935;parcelle;;;PARIS;PASSAGE DE LA BONNE GRAINE;commune;commune;vrai;
75111_1095_00013;75111_1095;13;;Passage de la Bonne Graine;75011;75111;Paris 11e Arrondissement;;;654286.58;6861528.47;2.377025;48.852174;parcelle;;;PARIS;PASSAGE DE LA BONNE GRAINE;commune;commune;vrai;
75111_1095_00014;75111_1095;14;;Passage de la Bonne Graine;75011;75111;Paris 11e Arrondissement;;;654291.14;6861511.09;2.377089;48.852018;parcelle;;;PARIS;PASSAGE DE LA BONNE GRAINE;commune;commune;vrai;
75111_1095_00015;75111_1095;15;;Passage de la Bonne Graine;75011;75111;Paris 11e Arrondissement;;;654286.03;6861551.6;2.377015;48.852382;parcelle;;;PARIS;PASSAGE DE LA BONNE GRAINE;commune;commune;vrai;
75111_1095_00016;75111_1095;16;;Passage de la Bonne Graine;75011;75111;Paris 11e Arrondissement;;;654296.65;6861530.61;2.377162;48.852194;parcelle;;;PARIS;PASSAGE DE LA BONNE GRAINE;commune;commune;vrai;
75111_1095_00017;75111_1095;17;;Passage de la Bonne Graine;75011;75111;Paris 11e Arrondissement;;;654259.57;6861573.5;2.376652;48.852577;parcelle;;;PARIS;PASSAGE DE LA BONNE GRAINE;commune;commune;vrai;
75111_1095_00018;75111_1095;18;;Passage de la Bonne Graine;75011;75111;Paris 11e Arrondissement;;;654299.09;6861542.27;2.377194;48.852299;parcelle;;;PARIS;PASSAGE DE LA BONNE GRAINE;commune;commune;vrai;
75111_1095_00020;75111_1095;20;;Passage de la Bonne Graine;75011;75111;Paris 11e Arrondissement;;;654301.31;6861552.93;2.377223;48.852395;parcelle;;;PARIS;PASSAGE DE LA BONNE GRAINE;commune;commune;vrai;
75111_1095_00022;75111_1095;22;;Passage de la Bonne Graine;75011;75111;Paris 11e Arrondissement;;;654296.88;6861559.75;2.377162;48.852456;parcelle;;;PARIS;PASSAGE DE LA BONNE GRAINE;commune;commune;vrai;
75111_1095_00024;75111_1095;24;;Passage de la Bonne Graine;75011;75111;Paris 11e Arrondissement;;;654287.87;6861561.37;2.377039;48.85247;parcelle;;;PARIS;PASSAGE DE LA BONNE GRAINE;commune;commune;vrai;
75111_1095_00026;75111_1095;26;;Passage de la Bonne Graine;75011;75111;Paris 11e Arrondissement;;;654262.65;6861582.92;2.376693;48.852662;parcelle;;;PARIS;PASSAGE DE LA BONNE GRAINE;commune;commune;vrai;
75111_1095_00005_b;75111_1095;5;b;Passage de la Bonne Graine;75011;75111;Paris 11e Arrondissement;;;654275.49;6861480.41;2.376879;48.851741;parcelle;;;PARIS;PASSAGE DE LA BONNE GRAINE;commune;commune;vrai;
75111_1095_00001_u;75111_1095;1;u;Passage de la Bonne Graine;75011;75111;Paris 11e Arrondissement;;;654271.34;6861428.51;2.376828;48.851274;parcelle;;;PARIS;PASSAGE DE LA BONNE GRAINE;commune;commune;vrai;
75111_1095_00002_s1;75111_1095;2;s1;Passage de la Bonne Graine;75011;75111;Paris 11e Arrondissement;;;654276.39;6861435.92;2.376896;48.851341;parcelle;;;PARIS;PASSAGE DE LA BONNE GRAINE;commune;commune;vrai;
75111_1095_00014_b;75111_1095;14;b;Passage de la Bonne Graine;75011;75111;Paris 11e Arrondissement;;;654294.59;6861520.4;2.377135;48.852102;parcelle;;;PARIS;PASSAGE DE LA BONNE GRAINE;commune;commune;vrai;
75111_1095_00005_z;75111_1095;5;z;Passage de la Bonne Graine;75011;75111;Paris 11e Arrondissement;;;654276.94;6861468.72;2.3769;48.851636;parcelle;;;PARIS;PASSAGE DE LA BONNE GRAINE;commune;commune;vrai;
75111_1095_00001_b;75111_1095;1;b;Passage de la Bonne Graine;75011;75111;Paris 11e Arrondissement;;;654270.03;6861438.86;2.376809;48.851367;parcelle;;;PARIS;PASSAGE DE LA BONNE GRAINE;commune;commune;vrai;
75111_1989_00003;75111_1989;3;;Passage du Cheval Blanc;75011;75111;Paris 11e Arrondissement;;;653837.12;6861666.47;2.370885;48.853383;parcelle;;;PARIS;PASSAGE DU CHEVAL BLANC;commune;commune;vrai;
75111_1989_00004;75111_1989;4;;Passage du Cheval Blanc;75011;75111;Paris 11e Arrondissement;;;653831.48;6861658.73;2.370809;48.853313;parcelle;;;PARIS;PASSAGE DU CHEVAL BLANC;commune;commune;vrai;
75111_1989_00005;75111_1989;5;;Passage du Cheval Blanc;75011;75111;Paris 11e Arrondissement;;;653861.16;6861663.39;2.371213;48.853357;parcelle;;;PARIS;PASSAGE DU CHEVAL BLANC;commune;commune;vrai;
75111_1989_00007;75111_1989;7;;Passage du Cheval Blanc;75011;75111;Paris 11e Arrondissement;;;653877.78;6861658.03;2.37144;48.85331;parcelle;;;PARIS;PASSAGE DU CHEVAL BLANC;commune;commune;vrai;
75111_1989_00008;75111_1989;8;;Passage du Cheval Blanc;75011;75111;Paris 11e Arrondissement;;;653870.37;6861649.64;2.37134;48.853234;parcelle;;;PARIS;PASSAGE DU CHEVAL BLANC;commune;commune;vrai;
75111_1989_00009;75111_1989;9;;Passage du Cheval Blanc;75011;75111;Paris 11e Arrondissement;;;653893.88;6861652.79;2.37166;48.853264;parcelle;;;PARIS;PASSAGE DU CHEVAL BLANC;commune;commune;vrai;
75111_1989_00010;75111_1989;10;;Passage du Cheval Blanc;75011;75111;Paris 11e Arrondissement;;;653886.25;6861644.51;2.371557;48.853189;parcelle;;;PARIS;PASSAGE DU CHEVAL BLANC;commune;commune;vrai;
75111_1989_00011;75111_1989;11;;Passage du Cheval Blanc;75011;75111;Paris 11e Arrondissement;;;653913.93;6861646.29;2.371934;48.853207;parcelle;;;PARIS;PASSAGE DU CHEVAL BLANC;commune;commune;vrai;
75111_1989_00012;75111_1989;12;;Passage du Cheval Blanc;75011;75111;Paris 11e Arrondissement;;;653910.63;6861637.31;2.37189;48.853126;parcelle;;;PARIS;PASSAGE DU CHEVAL BLANC;commune;commune;vrai;
75111_1989_00013;75111_1989;13;;Passage du Cheval Blanc;75011;75111;Paris 11e Arrondissement;;;653948.68;6861660.02;2.372406;48.853333;parcelle;;;PARIS;PASSAGE DU CHEVAL BLANC;commune;commune;vrai;
75111_1989_00014;75111_1989;14;;Passage du Cheval Blanc;75011;75111;Paris 11e Arrondissement;;;653918.17;6861634.58;2.371993;48.853102;parcelle;;;PARIS;PASSAGE DU CHEVAL BLANC;commune;commune;vrai;
75111_1989_00016;75111_1989;16;;Passage du Cheval Blanc;75011;75111;Paris 11e Arrondissement;;;653927.13;6861626.17;2.372116;48.853027;parcelle;;;PARIS;PASSAGE DU CHEVAL BLANC;commune;commune;vrai;
75111_1989_00018;75111_1989;18;;Passage du Cheval Blanc;75011;75111;Paris 11e Arrondissement;;;653937.84;6861644.43;2.37226;48.853192;parcelle;;;PARIS;PASSAGE DU CHEVAL BLANC;commune;commune;vrai;
75111_9148_00001;75111_9148;1;;Passage des Taillandiers;75011;75111;Paris 11e Arrondissement;;;654148.84;6861731.83;2.375126;48.853993;parcelle;;;PARIS;PASSAGE DES TAILLANDIERS;commune;commune;vrai;
75111_9148_00003;75111_9148;3;;Passage des Taillandiers;75011;75111;Paris 11e Arrondissement;;;654135.3;6861727.49;2.374942;48.853953;parcelle;;;PARIS;PASSAGE DES TAILLANDIERS;commune;commune;vrai;
75111_9148_00005;75111_9148;5;;Passage des Taillandiers;75011;75111;Paris 11e Arrondissement;;;654117.48;6861718.84;2.3747;48.853874;parcelle;;;PARIS;PASSAGE DES TAILLANDIERS;commune;commune;vrai;
75111_9148_00007;75111_9148;7;;Passage des Taillandiers;75011;75111;Paris 11e Arrondissement;;;654103.65;6861705.94;2.374513;48.853757;parcelle;;;PARIS;PASSAGE DES TAILLANDIERS;commune;commune;vrai;
75111_9148_00008;75111_9148;8;;Passage des Taillandiers;75011;75111;Paris 11e Arrondissement;;;654111.19;6861703.66;2.374616;48.853737;parcelle;;;PARIS;PASSAGE DES TAILLANDIERS;commune;commune;vrai;
75111_9148_00010;75111_9148;10;;Passage des Taillandiers;75011;75111;Paris 11e Arrondissement;;;654129.42;6861716.64;2.374863;48.853855;parcelle;;;PARIS;PASSAGE DES TAILLANDIERS;commune;commune;vrai;
75111_9148_00012;75111_9148;12;;Passage des Taillandiers;75011;75111;Paris 11e Arrondissement;;;654154.81;6861725.55;2.375208;48.853937;parcelle;;;PARIS;PASSAGE DES TAILLANDIERS;commune;commune;vrai;
75111_5920_00001;75111_5920;1;;Rue de la Main d'Or;75011;75111;Paris 11e Arrondissement;;;654398.85;6861452.53;2.378563;48.851499;parcelle;;;PARIS;RUE DE LA MAIN D OR;commune;commune;vrai;
75111_5920_00002;75111_5920;2;;Rue de la Main d'Or;75011;75111;Paris 11e Arrondissement;;;654401.65;6861463.96;2.3786;48.851602;parcelle;;;PARIS;RUE DE LA MAIN D OR;commune;commune;vrai;
75111_5920_00003;75111_5920;3;;Rue de la Main d'Or;75011;75111;Paris 11e Arrondissement;;;654388.15;6861455.06;2.378417;48.851521;parcelle;;;PARIS;RUE DE LA MAIN D OR;commune;commune;vrai;
75111_5920_00004;75111_5920;4;;Rue de la Main d'Or;75011;75111;Paris 11e Arrondissement;;;654390.3;6861466.49;2.378445;48.851624;parcelle;;;PARIS;RUE DE LA MAIN D OR;commune;commune;vrai;
75111_5920_00005;75111_5920;5;;Rue de la Main d'Or;75011;75111;Paris 11e Arrondissement;;;654377.09;6861457.59;2.378266;48.851543;parcelle;;;PARIS;RUE DE LA MAIN D OR;commune;commune;vrai;
75111_5920_00006;75111_5920;6;;Rue de la Main d'Or;75011;75111;Paris 11e Arrondissement;;;654380.34;6861468.8;2.378309;48.851644;parcelle;;;PARIS;RUE DE LA MAIN D OR;commune;commune;vrai;
75111_5920_00007;75111_5920;7;;Rue de la Main d'Or;75011;75111;Paris 11e Arrondissement;;;654366.47;6861460.01;2.378121;48.851564;parcelle;;;PARIS;RUE DE LA MAIN D OR;commune;commune;vrai;
75111_5920_00008;75111_5920;8;;Rue de la Main d'Or;75011;75111;Paris 11e Arrondissement;;;654370.74;6861470.98;2.378178;48.851663;parcelle;;;PARIS;RUE DE LA MAIN D OR;commune;commune;vrai;
75111_5920_00009;75111_5920;9;;Rue de la Main d'Or;75011;75111;Paris 11e Arrondissement;;;654356.58;6861462.2;2.377986;48.851583;parcelle;;;PARIS;RUE DE LA MAIN D OR;commune;commune;vrai;
75111_5920_00010;75111_5920;10;;Rue de la Main d'Or;75011;75111;Paris 11e Arrondissement;;;654359.97;6861473.52;2.378031;48.851685;parcelle;;;PARIS;RUE DE LA MAIN D OR;commune;commune;vrai;
75111_7946_00003;75111_7946;3;;Cour Quellard;75011;75111;Paris 11e Arrondissement;;;654057.57;6861696.08;2.373886;48.853665;parcelle;;;PARIS;COUR QUELLARD;commune;commune;vrai;
75111_7946_00005;75111_7946;5;;Cour Quellard;75011;75111;Paris 11e Arrondissement;;;654063.83;6861690.13;2.373972;48.853612;parcelle;;;PARIS;COUR QUELLARD;commune;commune;vrai;
75111_7946_00006;75111_7946;6;;Cour Quellard;75011;75111;Paris 11e Arrondissement;;;654046.24;6861683.71;2.373733;48.853553;parcelle;;;PARIS;COUR QUELLARD;commune;commune;vrai;
75111_7946_00007;75111_7946;7;;Cour Quellard;75011;75111;Paris 11e Arrondissement;;;654072.56;6861698.85;2.37409;48.853691;parcelle;;;PARIS;COUR QUELLARD;commune;commune;vrai;
75111_7946_00008;75111_7946;8;;Cour Quellard;75011;75111;Paris 11e Arrondissement;;;654054.73;6861671.97;2.37385;48.853448;parcelle;;;PARIS;COUR QUELLARD;commune;commune;vrai;
75111_7946_00010;75111_7946;10;;Cour Quellard;75011;75111;Paris 11e Arrondissement;;;654068.6;6861681.53;2.374038;48.853535;parcelle;;;PARIS;COUR QUELLARD;commune;commune;vrai;
75111_7946_00012;75111_7946;12;;Cour Quellard;75011;75111;Paris 11e Arrondissement;;;654079.48;6861692.9;2.374185;48.853638;parcelle;;;PARIS;COUR QUELLARD;commune;commune;vrai;
75111_9055_00002;75111_9055;2;;Cité Souzy;75011;75111;Paris 11e Arrondissement;;;655156.22;6861479.53;2.388881;48.851795;parcelle;;;PARIS;CITE SOUZY;commune;commune;vrai;
75111_9055_00003;75111_9055;3;;Cité Souzy;75011;75111;Paris 11e Arrondissement;;;655159.53;6861469.94;2.388927;48.851709;parcelle;;;PARIS;CITE SOUZY;commune;commune;vrai;
75111_9055_00004;75111_9055;4;;Cité Souzy;75011;75111;Paris 11e Arrondissement;;;655142.38;6861473.63;2.388693;48.851741;parcelle;;;PARIS;CITE SOUZY;commune;commune;vrai;
75111_9055_00005;75111_9055;5;;Cité Souzy;75011;75111;Paris 11e Arrondissement;;;655146.6;6861468.48;2.388751;48.851695;parcelle;;;PARIS;CITE SOUZY;commune;commune;vrai;
75111_9055_00011_p;75111_9055;11;p;Cité Souzy;75011;75111;Paris 11e Arrondissement;;;655102.6;6861444.14;2.388154;48.851473;parcelle;;;PARIS;CITE SOUZY;commune;commune;vrai;
75111_8713_00001;75111_8713;1;;Cour Saint-Nicolas;75011;75111;Paris 11e Arrondissement;;;655100.41;6861360.2;2.388133;48.850718;parcelle;;;PARIS;COUR SAINT NICOLAS;commune;commune;vrai;
75111_8713_00002;75111_8713;2;;Cour Saint-Nicolas;75011;75111;Paris 11e Arrondissement;;;655102.01;6861377.76;2.388153;48.850876;parcelle;;;PARIS;COUR SAINT NICOLAS;commune;commune;vrai;
75111_6810_00001;75111_6810;1;;Cour du Nom de Jésus;75011;75111;Paris 11e Arrondissement;;;653972.15;6861566.99;2.372736;48.852498;parcelle;;;PARIS;COUR DU NOM DE JESUS;commune;commune;vrai;
75111_6810_00002;75111_6810;2;;Cour du Nom de Jésus;75011;75111;Paris 11e Arrondissement;;;653982.39;6861561.9;2.372876;48.852453;parcelle;;;PARIS;COUR DU NOM DE JESUS;commune;commune;vrai;
75111_1383_00001;75111_1383;1;;Passage Bullourde;75011;75111;Paris 11e Arrondissement;;;654245.26;6861796.45;2.376433;48.854581;parcelle;;;PARIS;PASSAGE BULLOURDE;commune;commune;vrai;
75111_1383_00002;75111_1383;2;;Passage Bullourde;75011;75111;Paris 11e Arrondissement;;;654252.68;6861788.16;2.376535;48.854507;parcelle;;;PARIS;PASSAGE BULLOURDE;commune;commune;vrai;
75111_1383_00003;75111_1383;3;;Passage Bullourde;75011;75111;Paris 11e Arrondissement;;;654261.96;6861810.88;2.376659;48.854712;parcelle;;;PARIS;PASSAGE BULLOURDE;commune;commune;vrai;
75111_1383_00004;75111_1383;4;;Passage Bullourde;75011;75111;Paris 11e Arrondissement;;;654265.19;6861793.62;2.376705;48.854557;parcelle;;;PARIS;PASSAGE BULLOURDE;commune;commune;vrai;
75111_1383_00005;75111_1383;5;;Passage Bullourde;75011;75111;Paris 11e Arrondissement;;;654276.17;6861817;2.376852;48.854768;parcelle;;;PARIS;PASSAGE BULLOURDE;commune;commune;vrai;
75111_1383_00006;75111_1383;6;;Passage Bullourde;75011;75111;Paris 11e Arrondissement;;;654279.19;6861799.74;2.376895;48.854613;parcelle;;;PARIS;PASSAGE BULLOURDE;commune;commune;vrai;
75111_1383_00007;75111_1383;7;;Passage Bullourde;75011;75111;Paris 11e Arrondissement;;;654300.83;6861827.81;2.377187;48.854867;parcelle;;;PARIS;PASSAGE BULLOURDE;commune;commune;vrai;
75111_1383_00008;75111_1383;8;;Passage Bullourde;75011;75111;Paris 11e Arrondissement;;;654292.14;6861805.31;2.377071;48.854664;parcelle;;;PARIS;PASSAGE BULLOURDE;commune;commune;vrai;
75111_1383_00009;75111_1383;9;;Passage Bullourde;75011;75111;Paris 11e Arrondissement;;;654317.25;6861834.91;2.37741;48.854932;parcelle;;;PARIS;PASSAGE BULLOURDE;commune;commune;vrai;
75111_1383_00010;75111_1383;10;;Passage Bullourde;75011;75111;Paris 11e Arrondissement;;;654305.77;6861811.43;2.377256;48.85472;parcelle;;;PARIS;PASSAGE BULLOURDE;commune;commune;vrai;
75111_1383_00011;75111_1383;11;;Passage Bullourde;75011;75111;Paris 11e Arrondissement;;;654331.76;6861841.8;2.377607;48.854995;parcelle;;;PARIS;PASSAGE BULLOURDE;commune;commune;vrai;
75111_1383_00012;75111_1383;12;;Passage Bullourde;75011;75111;Paris 11e Arrondissement;;;654318.74;6861819.44;2.377432;48.854793;parcelle;;;PARIS;PASSAGE BULLOURDE;commune;commune;vrai;
75111_1383_00014;75111_1383;14;;Passage Bullourde;75011;75111;Paris 11e Arrondissement;;;654328.46;6861823.59;2.377564;48.854831;parcelle;;;PARIS;PASSAGE BULLOURDE;commune;commune;vrai;
75111_1383_00016;75111_1383;16;;Passage Bullourde;75011;75111;Paris 11e Arrondissement;;;654338.4;6861827.96;2.377699;48.854871;parcelle;;;PARIS;PASSAGE BULLOURDE;commune;commune;vrai;
75111_1383_00010_p;75111_1383;10;p;Passage Bullourde;75011;75111;Paris 11e Arrondissement;;;654309.52;6861813.18;2.377307;48.854736;parcelle;;;PARIS;PASSAGE BULLOURDE;commune;commune;vrai;
75111_0714_00008;75111_0714;8;;Place de la Bastille;75011;75111;Paris 11e Arrondissement;;;653808.18;6861700.28;2.370487;48.853685;parcelle;;;PARIS;PLACE DE LA BASTILLE;commune;commune;vrai;
75111_0714_00010;75111_0714;10;;Place de la Bastille;75011;75111;Paris 11e Arrondissement;;;653795.43;6861702.17;2.370313;48.853701;parcelle;;;PARIS;PLACE DE LA BASTILLE;commune;commune;vrai;
75111_0714_00012;75111_0714;12;;Place de la Bastille;75011;75111;Paris 11e Arrondissement;;;653780.4;6861704.4;2.370108;48.85372;parcelle;;;PARIS;PLACE DE LA BASTILLE;commune;commune;vrai;
75111_0714_00014;75111_0714;14;;Place de la Bastille;75011;75111;Paris 11e Arrondissement;;;653768.24;6861706.27;2.369942;48.853736;parcelle;;;PARIS;PLACE DE LA BASTILLE;commune;commune;vrai;
75111_7046_00001;75111_7046;1;;Cité Parchappe;75011;75111;Paris 11e Arrondissement;;;653874.83;6861610.79;2.371405;48.852885;parcelle;;;PARIS;CITE PARCHAPPE;commune;commune;vrai;
75111_7046_00003;75111_7046;3;;Cité Parchappe;75011;75111;Paris 11e Arrondissement;;;653880.69;6861618.75;2.371484;48.852957;parcelle;;;PARIS;CITE PARCHAPPE;commune;commune;vrai;
75111_7046_00004;75111_7046;4;;Cité Parchappe;75011;75111;Paris 11e Arrondissement;;;653892.52;6861621.11;2.371645;48.852979;parcelle;;;PARIS;CITE PARCHAPPE;commune;commune;vrai;
75111_7046_00005;75111_7046;5;;Cité Parchappe;75011;75111;Paris 11e Arrondissement;;;653890.26;6861632.24;2.371613;48.853079;parcelle;;;PARIS;CITE PARCHAPPE;commune;commune;vrai;
75111_7046_00006;75111_7046;6;;Cité Parchappe;75011;75111;Paris 11e Arrondissement;;;653901.13;6861632.71;2.371761;48.853084;parcelle;;;PARIS;CITE PARCHAPPE;commune;commune;vrai;
75111_8157_00001;75111_8157;1;;Esplanade Renée Lebas;75011;75111;Paris 11e Arrondissement;;;654606.17;6861566.99;2.381376;48.852543;parcelle;;;PARIS;ESPLANADE RENEE LEBAS;commune;commune;vrai;
75111_8157_00002;75111_8157;2;;Esplanade Renée Lebas;75011;75111;Paris 11e Arrondissement;;;654594.24;6861542.17;2.381216;48.852319;parcelle;;;PARIS;ESPLANADE RENEE LEBAS;commune;commune;vrai;
75111_8157_00003;75111_8157;3;;Esplanade Renée Lebas;75011;75111;Paris 11e Arrondissement;;;654617.16;6861564.35;2.381526;48.85252;parcelle;;;PARIS;ESPLANADE RENEE LEBAS;commune;commune;vrai;
75111_8157_00004;75111_8157;4;;Esplanade Renée Lebas;75011;75111;Paris 11e Arrondissement;;;654610.64;6861538.26;2.38144;48.852285;parcelle;;;PARIS;ESPLANADE RENEE LEBAS;commune;commune;vrai;
75112_gf2phd_00001;;1;;Passage de la Boule Blanche;75012;75112;Paris 12e Arrondissement;;;653945.15;6861456.78;2.37238;48.851505;parcelle;;;PARIS;PASSAGE DE LA BOULE BLANCHE;commune;commune;vrai;
75112_gf2phd_00002;;2;;Passage de la Boule Blanche;75012;75112;Paris 12e Arrondissement;;;653952.82;6861451.27;2.372485;48.851456;parcelle;;;PARIS;PASSAGE DE LA BOULE BLANCHE;commune;commune;vrai;
75112_gf2phd_00003;;3;;Passage de la Boule Blanche;75012;75112;Paris 12e Arrondissement;;;653951.05;6861469.52;2.372459;48.85162;parcelle;;;PARIS;PASSAGE DE LA BOULE BLANCHE;commune;commune;vrai;
75112_gf2phd_00004;;4;;Passage de la Boule Blanche;75012;75112;Paris 12e Arrondissement;;;653959.54;6861466.34;2.372575;48.851592;parcelle;;;PARIS;PASSAGE DE LA BOULE BLANCHE;commune;commune;vrai;
75112_gf2phd_00005;;5;;Passage de la Boule Blanche;75012;75112;Paris 12e Arrondissement;;;653956.27;6861479.49;2.372529;48.85171;parcelle;;;PARIS;PASSAGE DE LA BOULE BLANCHE;commune;commune;vrai;
75112_gf2phd_00006;;6;;Passage de la Boule Blanche;75012;75112;Paris 12e Arrondissement;;;653964.77;6861478.31;2.372645;48.8517;parcelle;;;PARIS;PASSAGE DE LA BOULE BLANCHE;commune;commune;vrai;
75112_gf2phd_00007;;7;;Passage de la Boule Blanche;75012;75112;Paris 12e Arrondissement;;;653960.75;6861488.79;2.372589;48.851794;parcelle;;;PARIS;PASSAGE DE LA BOULE BLANCHE;commune;commune;vrai;
75112_gf2phd_00008;;8;;Passage de la Boule Blanche;75012;75112;Paris 12e Arrondissement;;;653971.41;6861491.93;2.372734;48.851823;parcelle;;;PARIS;PASSAGE DE LA BOULE BLANCHE;commune;commune;vrai;
75112_gf2phd_00010;;10;;Passage de la Boule Blanche;75012;75112;Paris 12e Arrondissement;;;653975.08;6861501.8;2.372783;48.851912;parcelle;;;PARIS;PASSAGE DE LA BOULE BLANCHE;commune;commune;vrai;
75112_gf2phd_00011;;11;;Passage de la Boule Blanche;75012;75112;Paris 12e Arrondissement;;;653969.16;6861504.52;2.372702;48.851936;parcelle;;;PARIS;PASSAGE DE LA BOULE BLANCHE;commune;commune;vrai;
75112_5866_00001;75112_5866;1;;Rue de Lyon;75012;75112;Paris 12e Arrondissement;;;653920.34;6860837.83;2.372109;48.845937;parcelle;;;PARIS;RUE DE LYON;commune;commune;vrai;
75112_5866_00002;75112_5866;2;;Rue de Lyon;75012;75112;Paris 12e Arrondissement;;;653951.45;6860845.14;2.372532;48.846005;parcelle;;;PARIS;RUE DE LYON;commune;commune;vrai;
75112_5866_00003;75112_5866;3;;Rue de Lyon;75012;75112;Paris 12e Arrondissement;;;653914.85;6860857.22;2.372032;48.846111;parcelle;;;PARIS;RUE DE LYON;commune;commune;vrai;
75112_5866_00004;75112_5866;4;;Rue de Lyon;75012;75112;Paris 12e Arrondissement;;;653941.24;6860881.36;2.372389;48.84633;parcelle;;;PARIS;RUE DE LYON;commune;commune;vrai;
75112_5866_00005;75112_5866;5;;Rue de Lyon;75012;75112;Paris 12e Arrondissement;;;653909.21;6860876.95;2.371953;48.846288;parcelle;;;PARIS;RUE DE LYON;commune;commune;vrai;
75112_5866_00006;75112_5866;6;;Rue de Lyon;75012;75112;Paris 12e Arrondissement;;;653921.25;6860951.69;2.372109;48.846961;parcelle;;;PARIS;RUE DE LYON;commune;commune;vrai;
75112_5866_00007;75112_5866;7;;Rue de Lyon;75012;75112;Paris 12e Arrondissement;;;653905.21;6860890.99;2.371897;48.846414;parcelle;;;PARIS;RUE DE LYON;commune;commune;vrai;
75112_5866_00008;75112_5866;8;;Rue de Lyon;75012;75112;Paris 12e Arrondissement;;;653913.11;6860980.33;2.371995;48.847218;parcelle;;;PARIS;RUE DE LYON;commune;commune;vrai;
75112_5866_00009;75112_5866;9;;Rue de Lyon;75012;75112;Paris 12e Arrondissement;;;653896.86;6860920.3;2.37178;48.846677;parcelle;;;PARIS;RUE DE LYON;commune;commune;vrai;
75112_5866_00010;75112_5866;10;;Rue de Lyon;75012;75112;Paris 12e Arrondissement;;;653908.61;6860995.94;2.371932;48.847358;parcelle;;;PARIS;RUE DE LYON;commune;commune;vrai;
75112_5866_00011;75112_5866;11;;Rue de Lyon;75012;75112;Paris 12e Arrondissement;;;653893.79;6860931.11;2.371737;48.846774;parcelle;;;PARIS;RUE DE LYON;commune;commune;vrai;
75112_5866_00012;75112_5866;12;;Rue de Lyon;75012;75112;Paris 12e Arrondissement;;;653904.33;6861011.2;2.371872;48.847495;parcelle;;;PARIS;RUE DE LYON;commune;commune;vrai;
75112_5866_00013;75112_5866;13;;Rue de Lyon;75012;75112;Paris 12e Arrondissement;;;653890.36;6860943.37;2.371689;48.846884;parcelle;;;PARIS;RUE DE LYON;commune;commune;vrai;
75112_5866_00014;75112_5866;14;;Rue de Lyon;75012;75112;Paris 12e Arrondissement;;;653900.62;6861025.13;2.37182;48.84762;parcelle;;;PARIS;RUE DE LYON;commune;commune;vrai;
75112_5866_00015;75112_5866;15;;Rue de Lyon;75012;75112;Paris 12e Arrondissement;;;653887.43;6860953.63;2.371648;48.846976;parcelle;;;PARIS;RUE DE LYON;commune;commune;vrai;
75112_5866_00016;75112_5866;16;;Rue de Lyon;75012;75112;Paris 12e Arrondissement;;;653898.55;6861031.93;2.371791;48.847681;parcelle;;;PARIS;RUE DE LYON;commune;commune;vrai;
75112_5866_00017;75112_5866;17;;Rue de Lyon;75012;75112;Paris 12e Arrondissement;;;653883.44;6860968;2.371592;48.847105;parcelle;;;PARIS;RUE DE LYON;commune;commune;vrai;
75112_5866_00018;75112_5866;18;;Rue de Lyon;75012;75112;Paris 12e Arrondissement;;;653894.48;6861045.75;2.371734;48.847805;parcelle;;;PARIS;RUE DE LYON;commune;commune;vrai;
75112_5866_00019;75112_5866;19;;Rue de Lyon;75012;75112;Paris 12e Arrondissement;;;653884.29;6860983.45;2.371602;48.847244;parcelle;;;PARIS;RUE DE LYON;commune;commune;vrai;
75112_5866_00020;75112_5866;20;;Rue de Lyon;75012;75112;Paris 12e Arrondissement;;;653891.34;6861056.9;2.37169;48.847905;parcelle;;;PARIS;RUE DE LYON;commune;commune;vrai;
75112_5866_00021;75112_5866;21;;Rue de Lyon;75012;75112;Paris 12e Arrondissement;;;653880.51;6860996.6;2.371549;48.847362;parcelle;;;PARIS;RUE DE LYON;commune;commune;vrai;
75112_5866_00022;75112_5866;22;;Rue de Lyon;75012;75112;Paris 12e Arrondissement;;;653877.2;6861106.72;2.371492;48.848352;parcelle;;;PARIS;RUE DE LYON;commune;commune;vrai;
75112_5866_00023;75112_5866;23;;Rue de Lyon;75012;75112;Paris 12e Arrondissement;;;653878.44;6861003.96;2.37152;48.847428;parcelle;;;PARIS;RUE DE LYON;commune;commune;vrai;
75112_5866_00024;75112_5866;24;;Rue de Lyon;75012;75112;Paris 12e Arrondissement;;;653872.63;6861122.76;2.371428;48.848496;parcelle;;;PARIS;RUE DE LYON;commune;commune;vrai;
75112_5866_00025;75112_5866;25;;Rue de Lyon;75012;75112;Paris 12e Arrondissement;;;653868.51;6861020.16;2.371383;48.847573;parcelle;;;PARIS;RUE DE LYON;commune;commune;vrai;
75112_5866_00026;75112_5866;26;;Rue de Lyon;75012;75112;Paris 12e Arrondissement;;;653869.42;6861134.13;2.371383;48.848598;parcelle;;;PARIS;RUE DE LYON;commune;commune;vrai;
75112_5866_00027;75112_5866;27;;Rue de Lyon;75012;75112;Paris 12e Arrondissement;;;653865.59;6861030.64;2.371342;48.847667;parcelle;;;PARIS;RUE DE LYON;commune;commune;vrai;
75112_5866_00028;75112_5866;28;;Rue de Lyon;75012;75112;Paris 12e Arrondissement;;;653866.14;6861145.83;2.371337;48.848703;parcelle;;;PARIS;RUE DE LYON;commune;commune;vrai;
75112_5866_00030;75112_5866;30;;Rue de Lyon;75012;75112;Paris 12e Arrondissement;;;653862.78;6861157.65;2.37129;48.848809;parcelle;;;PARIS;RUE DE LYON;commune;commune;vrai;
75112_5866_00032;75112_5866;32;;Rue de Lyon;75012;75112;Paris 12e Arrondissement;;;653858.57;6861172.47;2.371231;48.848942;parcelle;;;PARIS;RUE DE LYON;commune;commune;vrai;
75112_5866_00033;75112_5866;33;;Rue de Lyon;75012;75112;Paris 12e Arrondissement;;;653851.24;6861081.24;2.371141;48.848121;parcelle;;;PARIS;RUE DE LYON;commune;commune;vrai;
75112_5866_00034;75112_5866;34;;Rue de Lyon;75012;75112;Paris 12e Arrondissement;;;653879.27;6861218.68;2.371508;48.849359;parcelle;;;PARIS;RUE DE LYON;commune;commune;vrai;
75112_5866_00035;75112_5866;35;;Rue de Lyon;75012;75112;Paris 12e Arrondissement;;;653851.03;6861100.59;2.371136;48.848295;parcelle;;;PARIS;RUE DE LYON;commune;commune;vrai;
75112_5866_00036;75112_5866;36;;Rue de Lyon;75012;75112;Paris 12e Arrondissement;;;653870.1;6861228.09;2.371382;48.849443;parcelle;;;PARIS;RUE DE LYON;commune;commune;vrai;
75112_5866_00037;75112_5866;37;;Rue de Lyon;75012;75112;Paris 12e Arrondissement;;;653839.68;6861122.58;2.370979;48.848492;parcelle;;;PARIS;RUE DE LYON;commune;commune;vrai;
75112_5866_00038;75112_5866;38;;Rue de Lyon;75012;75112;Paris 12e Arrondissement;;;653861.52;6861237.94;2.371264;48.849531;parcelle;;;PARIS;RUE DE LYON;commune;commune;vrai;
75112_5866_00039;75112_5866;39;;Rue de Lyon;75012;75112;Paris 12e Arrondissement;;;653833.47;6861144.09;2.370892;48.848685;parcelle;;;PARIS;RUE DE LYON;commune;commune;vrai;
75112_5866_00040;75112_5866;40;;Rue de Lyon;75012;75112;Paris 12e Arrondissement;;;653853.52;6861248.24;2.371154;48.849623;parcelle;;;PARIS;RUE DE LYON;commune;commune;vrai;
75112_5866_00041;75112_5866;41;;Rue de Lyon;75012;75112;Paris 12e Arrondissement;;;653830.33;6861155.13;2.370848;48.848784;parcelle;;;PARIS;RUE DE LYON;commune;commune;vrai;
75112_5866_00042;75112_5866;42;;Rue de Lyon;75012;75112;Paris 12e Arrondissement;;;653846.85;6861257.96;2.371062;48.84971;parcelle;;;PARIS;RUE DE LYON;commune;commune;vrai;
75112_5866_00043;75112_5866;43;;Rue de Lyon;75012;75112;Paris 12e Arrondissement;;;653827.18;6861165.83;2.370804;48.84888;parcelle;;;PARIS;RUE DE LYON;commune;commune;vrai;
75112_5866_00044;75112_5866;44;;Rue de Lyon;75012;75112;Paris 12e Arrondissement;;;653841.71;6861266.68;2.370991;48.849788;parcelle;;;PARIS;RUE DE LYON;commune;commune;vrai;
75112_5866_00045;75112_5866;45;;Rue de Lyon;75012;75112;Paris 12e Arrondissement;;;653811.7;6861220.99;2.370587;48.849375;parcelle;;;PARIS;RUE DE LYON;commune;commune;vrai;
75112_5866_00046;75112_5866;46;;Rue de Lyon;75012;75112;Paris 12e Arrondissement;;;653836.43;6861275.84;2.370918;48.84987;parcelle;;;PARIS;RUE DE LYON;commune;commune;vrai;
75112_5866_00047;75112_5866;47;;Rue de Lyon;75012;75112;Paris 12e Arrondissement;;;653807.34;6861236.15;2.370526;48.849511;parcelle;;;PARIS;RUE DE LYON;commune;commune;vrai;
75112_5866_00048;75112_5866;48;;Rue de Lyon;75012;75112;Paris 12e Arrondissement;;;653830.86;6861286.45;2.370841;48.849965;parcelle;;;PARIS;RUE DE LYON;commune;commune;vrai;
75112_5866_00049;75112_5866;49;;Rue de Lyon;75012;75112;Paris 12e Arrondissement;;;653803.92;6861248.41;2.370478;48.849621;parcelle;;;PARIS;RUE DE LYON;commune;commune;vrai;
75112_5866_00050;75112_5866;50;;Rue de Lyon;75012;75112;Paris 12e Arrondissement;;;653824.53;6861302.73;2.370753;48.850111;parcelle;;;PARIS;RUE DE LYON;commune;commune;vrai;
75112_5866_00051;75112_5866;51;;Rue de Lyon;75012;75112;Paris 12e Arrondissement;;;653800.78;6861259.44;2.370434;48.84972;parcelle;;;PARIS;RUE DE LYON;commune;commune;vrai;
75112_5866_00052;75112_5866;52;;Rue de Lyon;75012;75112;Paris 12e Arrondissement;;;653822.45;6861308.53;2.370724;48.850163;parcelle;;;PARIS;RUE DE LYON;commune;commune;vrai;
75112_5866_00053;75112_5866;53;;Rue de Lyon;75012;75112;Paris 12e Arrondissement;;;653796.56;6861274.27;2.370375;48.849853;parcelle;;;PARIS;RUE DE LYON;commune;commune;vrai;
75112_5866_00054;75112_5866;54;;Rue de Lyon;75012;75112;Paris 12e Arrondissement;;;653821.23;6861312.21;2.370707;48.850196;parcelle;;;PARIS;RUE DE LYON;commune;commune;vrai;
75112_5866_00055;75112_5866;55;;Rue de Lyon;75012;75112;Paris 12e Arrondissement;;;653792.64;6861287.97;2.37032;48.849976;parcelle;;;PARIS;RUE DE LYON;commune;commune;vrai;
75112_5866_00056;75112_5866;56;;Rue de Lyon;75012;75112;Paris 12e Arrondissement;;;653820.01;6861316.11;2.37069;48.850231;parcelle;;;PARIS;RUE DE LYON;commune;commune;vrai;
75112_5866_00057;75112_5866;57;;Rue de Lyon;75012;75112;Paris 12e Arrondissement;;;653784;6861318.51;2.370199;48.85025;parcelle;;;PARIS;RUE DE LYON;commune;commune;vrai;
75112_5866_00058;75112_5866;58;;Rue de Lyon;75012;75112;Paris 12e Arrondissement;;;653818.87;6861320.24;2.370674;48.850268;parcelle;;;PARIS;RUE DE LYON;commune;commune;vrai;
75112_5866_00059;75112_5866;59;;Rue de Lyon;75012;75112;Paris 12e Arrondissement;;;653778.72;6861337.12;2.370125;48.850417;parcelle;;;PARIS;RUE DE LYON;commune;commune;vrai;
75112_5866_00060;75112_5866;60;;Rue de Lyon;75012;75112;Paris 12e Arrondissement;;;653817.8;6861324.02;2.370659;48.850302;parcelle;;;PARIS;RUE DE LYON;commune;commune;vrai;
75112_5866_00061;75112_5866;61;;Rue de Lyon;75012;75112;Paris 12e Arrondissement;;;653779.65;6861352.13;2.370136;48.850552;parcelle;;;PARIS;RUE DE LYON;commune;commune;vrai;
75112_5866_00062;75112_5866;62;;Rue de Lyon;75012;75112;Paris 12e Arrondissement;;;653816.73;6861327.7;2.370644;48.850335;parcelle;;;PARIS;RUE DE LYON;commune;commune;vrai;
75112_5866_00063;75112_5866;63;;Rue de Lyon;75012;75112;Paris 12e Arrondissement;;;653770.01;6861367.11;2.370003;48.850686;parcelle;;;PARIS;RUE DE LYON;commune;commune;vrai;
75112_5866_00064;75112_5866;64;;Rue de Lyon;75012;75112;Paris 12e Arrondissement;;;653815.66;6861331.6;2.370629;48.85037;parcelle;;;PARIS;RUE DE LYON;commune;commune;vrai;
75112_5866_00065;75112_5866;65;;Rue de Lyon;75012;75112;Paris 12e Arrondissement;;;653771.51;6861380.77;2.370022;48.850809;parcelle;;;PARIS;RUE DE LYON;commune;commune;vrai;
75112_5866_00066;75112_5866;66;;Rue de Lyon;75012;75112;Paris 12e Arrondissement;;;653814.66;6861335.06;2.370615;48.850401;parcelle;;;PARIS;RUE DE LYON;commune;commune;vrai;
75112_5866_00067;75112_5866;67;;Rue de Lyon;75012;75112;Paris 12e Arrondissement;;;653767.66;6861394.59;2.369968;48.850933;parcelle;;;PARIS;RUE DE LYON;commune;commune;vrai;
75112_5866_00068;75112_5866;68;;Rue de Lyon;75012;75112;Paris 12e Arrondissement;;;653813.81;6861338.18;2.370603;48.850429;parcelle;;;PARIS;RUE DE LYON;commune;commune;vrai;
75112_5866_00069;75112_5866;69;;Rue de Lyon;75012;75112;Paris 12e Arrondissement;;;653763.66;6861408.52;2.369912;48.851058;parcelle;;;PARIS;RUE DE LYON;commune;commune;vrai;
75112_5866_00070;75112_5866;70;;Rue de Lyon;75012;75112;Paris 12e Arrondissement;;;653812.66;6861342.19;2.370587;48.850465;parcelle;;;PARIS;RUE DE LYON;commune;commune;vrai;
75112_5866_00071;75112_5866;71;;Rue de Lyon;75012;75112;Paris 12e Arrondissement;;;653758.73;6861426.02;2.369843;48.851215;parcelle;;;PARIS;RUE DE LYON;commune;commune;vrai;
75112_5866_00072;75112_5866;72;;Rue de Lyon;75012;75112;Paris 12e Arrondissement;;;653811.59;6861345.87;2.370572;48.850498;parcelle;;;PARIS;RUE DE LYON;commune;commune;vrai;
75112_5866_00073;75112_5866;73;;Rue de Lyon;75012;75112;Paris 12e Arrondissement;;;653747.1;6861467.14;2.36968;48.851584;parcelle;;;PARIS;RUE DE LYON;commune;commune;vrai;
75112_5866_00074;75112_5866;74;;Rue de Lyon;75012;75112;Paris 12e Arrondissement;;;653810.52;6861349.55;2.370557;48.850531;parcelle;;;PARIS;RUE DE LYON;commune;commune;vrai;
75112_5866_00075;75112_5866;75;;Rue de Lyon;75012;75112;Paris 12e Arrondissement;;;653744.25;6861477.51;2.36964;48.851677;parcelle;;;PARIS;RUE DE LYON;commune;commune;vrai;
75112_5866_00076;75112_5866;76;;Rue de Lyon;75012;75112;Paris 12e Arrondissement;;;653808.88;6861355.34;2.370534;48.850583;parcelle;;;PARIS;RUE DE LYON;commune;commune;vrai;
75112_5866_00078;75112_5866;78;;Rue de Lyon;75012;75112;Paris 12e Arrondissement;;;653808.02;6861358.35;2.370522;48.85061;parcelle;;;PARIS;RUE DE LYON;commune;commune;vrai;
75112_5866_00080;75112_5866;80;;Rue de Lyon;75012;75112;Paris 12e Arrondissement;;;653807.1;6861361.81;2.370509;48.850641;parcelle;;;PARIS;RUE DE LYON;commune;commune;vrai;
75112_5866_00082;75112_5866;82;;Rue de Lyon;75012;75112;Paris 12e Arrondissement;;;653806.17;6861365.04;2.370496;48.85067;parcelle;;;PARIS;RUE DE LYON;commune;commune;vrai;
75112_5866_00084;75112_5866;84;;Rue de Lyon;75012;75112;Paris 12e Arrondissement;;;653805.03;6861368.94;2.37048;48.850705;parcelle;;;PARIS;RUE DE LYON;commune;commune;vrai;
75112_5866_00086;75112_5866;86;;Rue de Lyon;75012;75112;Paris 12e Arrondissement;;;653804.38;6861371.28;2.370471;48.850726;parcelle;;;PARIS;RUE DE LYON;commune;commune;vrai;
75112_5866_00088;75112_5866;88;;Rue de Lyon;75012;75112;Paris 12e Arrondissement;;;653802.88;6861376.63;2.37045;48.850774;parcelle;;;PARIS;RUE DE LYON;commune;commune;vrai;
75112_5866_00090;75112_5866;90;;Rue de Lyon;75012;75112;Paris 12e Arrondissement;;;653801.31;6861382.09;2.370428;48.850823;parcelle;;;PARIS;RUE DE LYON;commune;commune;vrai;
75112_5866_00092;75112_5866;92;;Rue de Lyon;75012;75112;Paris 12e Arrondissement;;;653800.17;6861386.1;2.370412;48.850859;parcelle;;;PARIS;RUE DE LYON;commune;commune;vrai;
75112_5866_00094;75112_5866;94;;Rue de Lyon;75012;75112;Paris 12e Arrondissement;;;653798.74;6861391.23;2.370392;48.850905;parcelle;;;PARIS;RUE DE LYON;commune;commune;vrai;
75112_5866_00096;75112_5866;96;;Rue de Lyon;75012;75112;Paris 12e Arrondissement;;;653797.46;6861395.8;2.370374;48.850946;parcelle;;;PARIS;RUE DE LYON;commune;commune;vrai;
75112_5866_00098;75112_5866;98;;Rue de Lyon;75012;75112;Paris 12e Arrondissement;;;653795.82;6861401.37;2.370351;48.850996;parcelle;;;PARIS;RUE DE LYON;commune;commune;vrai;
75112_5866_00100;75112_5866;100;;Rue de Lyon;75012;75112;Paris 12e Arrondissement;;;653794.18;6861407.17;2.370328;48.851048;parcelle;;;PARIS;RUE DE LYON;commune;commune;vrai;
75112_5866_00102;75112_5866;102;;Rue de Lyon;75012;75112;Paris 12e Arrondissement;;;653792.68;6861412.63;2.370307;48.851097;parcelle;;;PARIS;RUE DE LYON;commune;commune;vrai;
75112_5866_00104;75112_5866;104;;Rue de Lyon;75012;75112;Paris 12e Arrondissement;;;653791.04;6861418.42;2.370284;48.851149;parcelle;;;PARIS;RUE DE LYON;commune;commune;vrai;
75112_5866_00106;75112_5866;106;;Rue de Lyon;75012;75112;Paris 12e Arrondissement;;;653789.75;6861422.88;2.370266;48.851189;parcelle;;;PARIS;RUE DE LYON;commune;commune;vrai;
75112_5866_00108;75112_5866;108;;Rue de Lyon;75012;75112;Paris 12e Arrondissement;;;653788.11;6861428.68;2.370243;48.851241;parcelle;;;PARIS;RUE DE LYON;commune;commune;vrai;
75112_5866_00110;75112_5866;110;;Rue de Lyon;75012;75112;Paris 12e Arrondissement;;;653786.68;6861433.58;2.370223;48.851285;parcelle;;;PARIS;RUE DE LYON;commune;commune;vrai;
75112_5866_00112;75112_5866;112;;Rue de Lyon;75012;75112;Paris 12e Arrondissement;;;653785.18;6861438.82;2.370202;48.851332;parcelle;;;PARIS;RUE DE LYON;commune;commune;vrai;
75112_5866_00114;75112_5866;114;;Rue de Lyon;75012;75112;Paris 12e Arrondissement;;;653783.97;6861443.05;2.370185;48.85137;parcelle;;;PARIS;RUE DE LYON;commune;commune;vrai;
75112_5866_00116;75112_5866;116;;Rue de Lyon;75012;75112;Paris 12e Arrondissement;;;653782.33;6861448.96;2.370162;48.851423;parcelle;;;PARIS;RUE DE LYON;commune;commune;vrai;
75112_5866_00118;75112_5866;118;;Rue de Lyon;75012;75112;Paris 12e Arrondissement;;;653780.76;6861454.42;2.37014;48.851472;parcelle;;;PARIS;RUE DE LYON;commune;commune;vrai;
75112_5866_00120;75112_5866;120;;Rue de Lyon;75012;75112;Paris 12e Arrondissement;;;653778.97;6861460.66;2.370115;48.851528;parcelle;;;PARIS;RUE DE LYON;commune;commune;vrai;
75112_5866_00122;75112_5866;122;;Rue de Lyon;75012;75112;Paris 12e Arrondissement;;;653777.83;6861464.68;2.370099;48.851564;parcelle;;;PARIS;RUE DE LYON;commune;commune;vrai;
75112_5866_00124;75112_5866;124;;Rue de Lyon;75012;75112;Paris 12e Arrondissement;;;653775.4;6861473.15;2.370065;48.85164;parcelle;;;PARIS;RUE DE LYON;commune;commune;vrai;
75112_5866_00126;75112_5866;126;;Rue de Lyon;75012;75112;Paris 12e Arrondissement;;;653774.48;6861476.6;2.370052;48.851671;parcelle;;;PARIS;RUE DE LYON;commune;commune;vrai;
75112_5866_00128;75112_5866;128;;Rue de Lyon;75012;75112;Paris 12e Arrondissement;;;653773.4;6861480.39;2.370037;48.851705;parcelle;;;PARIS;RUE DE LYON;commune;commune;vrai;
75112_5866_00130;75112_5866;130;;Rue de Lyon;75012;75112;Paris 12e Arrondissement;;;653772.41;6861483.96;2.370023;48.851737;parcelle;;;PARIS;RUE DE LYON;commune;commune;vrai;
75112_5866_00132;75112_5866;132;;Rue de Lyon;75012;75112;Paris 12e Arrondissement;;;653771.41;6861487.3;2.370009;48.851767;parcelle;;;PARIS;RUE DE LYON;commune;commune;vrai;
75112_5866_00134;75112_5866;134;;Rue de Lyon;75012;75112;Paris 12e Arrondissement;;;653770.41;6861490.87;2.369995;48.851799;parcelle;;;PARIS;RUE DE LYON;commune;commune;vrai;
75112_5866_00136;75112_5866;136;;Rue de Lyon;75012;75112;Paris 12e Arrondissement;;;653769.41;6861494.32;2.369981;48.85183;parcelle;;;PARIS;RUE DE LYON;commune;commune;vrai;
75112_5866_00138;75112_5866;138;;Rue de Lyon;75012;75112;Paris 12e Arrondissement;;;653768.34;6861498.22;2.369966;48.851865;parcelle;;;PARIS;RUE DE LYON;commune;commune;vrai;
75112_5866_00140;75112_5866;140;;Rue de Lyon;75012;75112;Paris 12e Arrondissement;;;653767.34;6861501.79;2.369952;48.851897;parcelle;;;PARIS;RUE DE LYON;commune;commune;vrai;
75112_5866_00142;75112_5866;142;;Rue de Lyon;75012;75112;Paris 12e Arrondissement;;;653766.41;6861504.91;2.369939;48.851925;parcelle;;;PARIS;RUE DE LYON;commune;commune;vrai;
75112_5866_00144;75112_5866;144;;Rue de Lyon;75012;75112;Paris 12e Arrondissement;;;653765.55;6861507.92;2.369927;48.851952;parcelle;;;PARIS;RUE DE LYON;commune;commune;vrai;
75112_5866_00146;75112_5866;146;;Rue de Lyon;75012;75112;Paris 12e Arrondissement;;;653764.55;6861511.6;2.369913;48.851985;parcelle;;;PARIS;RUE DE LYON;commune;commune;vrai;
75112_5866_00148;75112_5866;148;;Rue de Lyon;75012;75112;Paris 12e Arrondissement;;;653763.63;6861514.94;2.3699;48.852015;parcelle;;;PARIS;RUE DE LYON;commune;commune;vrai;
75112_5866_00150;75112_5866;150;;Rue de Lyon;75012;75112;Paris 12e Arrondissement;;;653762.27;6861519.62;2.369881;48.852057;parcelle;;;PARIS;RUE DE LYON;commune;commune;vrai;
75112_5866_00152;75112_5866;152;;Rue de Lyon;75012;75112;Paris 12e Arrondissement;;;653761.41;6861522.74;2.369869;48.852085;parcelle;;;PARIS;RUE DE LYON;commune;commune;vrai;
75112_5866_00154;75112_5866;154;;Rue de Lyon;75012;75112;Paris 12e Arrondissement;;;653760.49;6861525.97;2.369856;48.852114;parcelle;;;PARIS;RUE DE LYON;commune;commune;vrai;
75112_5866_00156;75112_5866;156;;Rue de Lyon;75012;75112;Paris 12e Arrondissement;;;653759.06;6861530.88;2.369836;48.852158;parcelle;;;PARIS;RUE DE LYON;commune;commune;vrai;
75112_5866_00158;75112_5866;158;;Rue de Lyon;75012;75112;Paris 12e Arrondissement;;;653758.13;6861534.11;2.369823;48.852187;parcelle;;;PARIS;RUE DE LYON;commune;commune;vrai;
75112_5866_00160;75112_5866;160;;Rue de Lyon;75012;75112;Paris 12e Arrondissement;;;653757.63;6861536;2.369816;48.852204;parcelle;;;PARIS;RUE DE LYON;commune;commune;vrai;
75112_5866_00162;75112_5866;162;;Rue de Lyon;75012;75112;Paris 12e Arrondissement;;;653756.41;6861539.35;2.369799;48.852234;parcelle;;;PARIS;RUE DE LYON;commune;commune;vrai;
75112_5866_00164;75112_5866;164;;Rue de Lyon;75012;75112;Paris 12e Arrondissement;;;653755.26;6861542.69;2.369783;48.852264;parcelle;;;PARIS;RUE DE LYON;commune;commune;vrai;
75112_5866_00040_a;75112_5866;40;a;Rue de Lyon;75012;75112;Paris 12e Arrondissement;;;653870.85;6861258.22;2.371389;48.849714;parcelle;;;PARIS;RUE DE LYON;commune;commune;vrai;
75112_5866_00055_b;75112_5866;55;b;Rue de Lyon;75012;75112;Paris 12e Arrondissement;;;653787.21;6861307.26;2.370244;48.850149;parcelle;;;PARIS;RUE DE LYON;commune;commune;vrai;
75112_5866_00002_b;75112_5866;2;b;Rue de Lyon;75012;75112;Paris 12e Arrondissement;;;653945.95;6860864.65;2.372455;48.84618;parcelle;;;PARIS;RUE DE LYON;commune;commune;vrai;
75112_5866_00016_a;75112_5866;16;a;Rue de Lyon;75012;75112;Paris 12e Arrondissement;;;653910.77;6861045.85;2.371956;48.847807;parcelle;;;PARIS;RUE DE LYON;commune;commune;vrai;
75112_5866_00006_b;75112_5866;6;b;Rue de Lyon;75012;75112;Paris 12e Arrondissement;;;653917.04;6860966.29;2.37205;48.847092;parcelle;;;PARIS;RUE DE LYON;commune;commune;vrai;
75112_5866_00038_a;75112_5866;38;a;Rue de Lyon;75012;75112;Paris 12e Arrondissement;;;653875.7;6861250.06;2.371456;48.849641;parcelle;;;PARIS;RUE DE LYON;commune;commune;vrai;
75112_5866_00004_b;75112_5866;4;b;Rue de Lyon;75012;75112;Paris 12e Arrondissement;;;653935.89;6860900.42;2.372314;48.846501;parcelle;;;PARIS;RUE DE LYON;commune;commune;vrai;
75112_0880_00238;75112_0880;238;;Quai de Bercy;75012;75112;Paris 12e Arrondissement;;;654150.31;6860128.01;2.375319;48.83957;parcelle;;;PARIS;QUAI DE BERCY;commune;commune;vrai;
75112_0880_00240;75112_0880;240;;Quai de Bercy;75012;75112;Paris 12e Arrondissement;;;654121.97;6860191.29;2.374926;48.840137;parcelle;;;PARIS;QUAI DE BERCY;commune;commune;vrai;
75112_0880_00243;75112_0880;243;;Quai de Bercy;75012;75112;Paris 12e Arrondissement;;;654133.16;6860083.78;2.37509;48.839171;parcelle;;;PARIS;QUAI DE BERCY;commune;commune;vrai;
75112_1794_00001;75112_1794;1;;Rue de Charenton;75012;75112;Paris 12e Arrondissement;;;653809.04;6861624.55;2.370507;48.853004;parcelle;;;PARIS;RUE DE CHARENTON;commune;commune;vrai;
75112_1794_00002;75112_1794;2;;Rue de Charenton;75012;75112;Paris 12e Arrondissement;;;653795.99;6861625.21;2.370329;48.853009;parcelle;;;PARIS;RUE DE CHARENTON;commune;commune;vrai;
75112_1794_00003;75112_1794;3;;Rue de Charenton;75012;75112;Paris 12e Arrondissement;;;653816;6861613.04;2.370603;48.852901;parcelle;;;PARIS;RUE DE CHARENTON;commune;commune;vrai;
75112_1794_00004;75112_1794;4;;Rue de Charenton;75012;75112;Paris 12e Arrondissement;;;653803.01;6861613.59;2.370426;48.852905;parcelle;;;PARIS;RUE DE CHARENTON;commune;commune;vrai;
75112_1794_00005;75112_1794;5;;Rue de Charenton;75012;75112;Paris 12e Arrondissement;;;653819.98;6861606.56;2.370658;48.852843;parcelle;;;PARIS;RUE DE CHARENTON;commune;commune;vrai;
75112_1794_00006;75112_1794;6;;Rue de Charenton;75012;75112;Paris 12e Arrondissement;;;653809.97;6861602.08;2.370522;48.852802;parcelle;;;PARIS;RUE DE CHARENTON;commune;commune;vrai;
75112_1794_00007;75112_1794;7;;Rue de Charenton;75012;75112;Paris 12e Arrondissement;;;653822.3;6861602.65;2.37069;48.852808;parcelle;;;PARIS;RUE DE CHARENTON;commune;commune;vrai;
75112_1794_00008;75112_1794;8;;Rue de Charenton;75012;75112;Paris 12e Arrondissement;;;653816.12;6861592.03;2.370607;48.852712;parcelle;;;PARIS;RUE DE CHARENTON;commune;commune;vrai;
75112_1794_00009;75112_1794;9;;Rue de Charenton;75012;75112;Paris 12e Arrondissement;;;653825.41;6861597.51;2.370733;48.852762;parcelle;;;PARIS;RUE DE CHARENTON;commune;commune;vrai;
75112_1794_00010;75112_1794;10;;Rue de Charenton;75012;75112;Paris 12e Arrondissement;;;653825.76;6861576.94;2.37074;48.852577;parcelle;;;PARIS;RUE DE CHARENTON;commune;commune;vrai;
75112_1794_00011;75112_1794;11;;Rue de Charenton;75012;75112;Paris 12e Arrondissement;;;653828.24;6861592.93;2.370772;48.852721;parcelle;;;PARIS;RUE DE CHARENTON;commune;commune;vrai;
75112_1794_00012;75112_1794;12;;Rue de Charenton;75012;75112;Paris 12e Arrondissement;;;653840.79;6861557.02;2.370947;48.852399;parcelle;;;PARIS;RUE DE CHARENTON;commune;commune;vrai;
75112_1794_00013;75112_1794;13;;Rue de Charenton;75012;75112;Paris 12e Arrondissement;;;653831.28;6861588.23;2.370814;48.852679;parcelle;;;PARIS;RUE DE CHARENTON;commune;commune;vrai;
75112_1794_00014;75112_1794;14;;Rue de Charenton;75012;75112;Paris 12e Arrondissement;;;653848.86;6861546.51;2.371058;48.852305;parcelle;;;PARIS;RUE DE CHARENTON;commune;commune;vrai;
75112_1794_00015;75112_1794;15;;Rue de Charenton;75012;75112;Paris 12e Arrondissement;;;653834.18;6861583.76;2.370854;48.852639;parcelle;;;PARIS;RUE DE CHARENTON;commune;commune;vrai;
75112_1794_00016;75112_1794;16;;Rue de Charenton;75012;75112;Paris 12e Arrondissement;;;653856.77;6861536.1;2.371167;48.852212;parcelle;;;PARIS;RUE DE CHARENTON;commune;commune;vrai;
75112_1794_00017;75112_1794;17;;Rue de Charenton;75012;75112;Paris 12e Arrondissement;;;653837.88;6861578.4;2.370905;48.852591;parcelle;;;PARIS;RUE DE CHARENTON;commune;commune;vrai;
75112_1794_00018;75112_1794;18;;Rue de Charenton;75012;75112;Paris 12e Arrondissement;;;653865.85;6861524.24;2.371292;48.852106;parcelle;;;PARIS;RUE DE CHARENTON;commune;commune;vrai;
75112_1794_00020;75112_1794;20;;Rue de Charenton;75012;75112;Paris 12e Arrondissement;;;653874.42;6861512.94;2.37141;48.852005;parcelle;;;PARIS;RUE DE CHARENTON;commune;commune;vrai;
75112_1794_00021;75112_1794;21;;Rue de Charenton;75012;75112;Paris 12e Arrondissement;;;653846.31;6861567.32;2.371021;48.852492;parcelle;;;PARIS;RUE DE CHARENTON;commune;commune;vrai;
75112_1794_00022;75112_1794;22;;Rue de Charenton;75012;75112;Paris 12e Arrondissement;;;653884.88;6861499.29;2.371554;48.851883;parcelle;;;PARIS;RUE DE CHARENTON;commune;commune;vrai;
75112_1794_00023;75112_1794;23;;Rue de Charenton;75012;75112;Paris 12e Arrondissement;;;653851.61;6861560.38;2.371094;48.85243;parcelle;;;PARIS;RUE DE CHARENTON;commune;commune;vrai;
75112_1794_00024;75112_1794;24;;Rue de Charenton;75012;75112;Paris 12e Arrondissement;;;653896.5;6861484.08;2.371714;48.851747;parcelle;;;PARIS;RUE DE CHARENTON;commune;commune;vrai;
75112_1794_00025;75112_1794;25;;Rue de Charenton;75012;75112;Paris 12e Arrondissement;;;653857.78;6861552.33;2.371179;48.852358;parcelle;;;PARIS;RUE DE CHARENTON;commune;commune;vrai;
75112_1794_00026;75112_1794;26;;Rue de Charenton;75012;75112;Paris 12e Arrondissement;;;653914.07;6861461.03;2.371956;48.851541;parcelle;;;PARIS;RUE DE CHARENTON;commune;commune;vrai;
75112_1794_00027;75112_1794;27;;Rue de Charenton;75012;75112;Paris 12e Arrondissement;;;653864.39;6861543.6;2.37127;48.85228;parcelle;;;PARIS;RUE DE CHARENTON;commune;commune;vrai;
75112_1794_00028;75112_1794;28;;Rue de Charenton;75012;75112;Paris 12e Arrondissement;;;653933.49;6861429.85;2.372224;48.851262;parcelle;;;PARIS;RUE DE CHARENTON;commune;commune;vrai;
75112_1794_00029;75112_1794;29;;Rue de Charenton;75012;75112;Paris 12e Arrondissement;;;653871.8;6861533.87;2.371372;48.852193;parcelle;;;PARIS;RUE DE CHARENTON;commune;commune;vrai;
75112_1794_00030;75112_1794;30;;Rue de Charenton;75012;75112;Paris 12e Arrondissement;;;653948.49;6861415.06;2.37243;48.85113;parcelle;;;PARIS;RUE DE CHARENTON;commune;commune;vrai;
75112_1794_00031;75112_1794;31;;Rue de Charenton;75012;75112;Paris 12e Arrondissement;;;653877.46;6861526.26;2.37145;48.852125;parcelle;;;PARIS;RUE DE CHARENTON;commune;commune;vrai;
75112_1794_00032;75112_1794;32;;Rue de Charenton;75012;75112;Paris 12e Arrondissement;;;653974.85;6861380.38;2.372793;48.85082;parcelle;;;PARIS;RUE DE CHARENTON;commune;commune;vrai;
75112_1794_00033;75112_1794;33;;Rue de Charenton;75012;75112;Paris 12e Arrondissement;;;653882.91;6861519.44;2.371525;48.852064;parcelle;;;PARIS;RUE DE CHARENTON;commune;commune;vrai;
75112_1794_00034;75112_1794;34;;Rue de Charenton;75012;75112;Paris 12e Arrondissement;;;653984.59;6861367.51;2.372927;48.850705;parcelle;;;PARIS;RUE DE CHARENTON;commune;commune;vrai;
75112_1794_00035;75112_1794;35;;Rue de Charenton;75012;75112;Paris 12e Arrondissement;;;653890.07;6861515.38;2.371623;48.852028;parcelle;;;PARIS;RUE DE CHARENTON;commune;commune;vrai;
75112_1794_00036;75112_1794;36;;Rue de Charenton;75012;75112;Paris 12e Arrondissement;;;653991.27;6861358.78;2.373019;48.850627;parcelle;;;PARIS;RUE DE CHARENTON;commune;commune;vrai;
75112_1794_00037;75112_1794;37;;Rue de Charenton;75012;75112;Paris 12e Arrondissement;;;653894.72;6861509.56;2.371687;48.851976;parcelle;;;PARIS;RUE DE CHARENTON;commune;commune;vrai;
75112_1794_00038;75112_1794;38;;Rue de Charenton;75012;75112;Paris 12e Arrondissement;;;653995.26;6861353.53;2.373074;48.85058;parcelle;;;PARIS;RUE DE CHARENTON;commune;commune;vrai;
75112_1794_00039;75112_1794;39;;Rue de Charenton;75012;75112;Paris 12e Arrondissement;;;653896.2;6861501.65;2.371708;48.851905;parcelle;;;PARIS;RUE DE CHARENTON;commune;commune;vrai;
75112_1794_00040;75112_1794;40;;Rue de Charenton;75012;75112;Paris 12e Arrondissement;;;654009.2;6861334.62;2.373266;48.850411;parcelle;;;PARIS;RUE DE CHARENTON;commune;commune;vrai;
75112_1794_00041;75112_1794;41;;Rue de Charenton;75012;75112;Paris 12e Arrondissement;;;653907.16;6861487.22;2.371859;48.851776;parcelle;;;PARIS;RUE DE CHARENTON;commune;commune;vrai;
75112_1794_00042;75112_1794;42;;Rue de Charenton;75012;75112;Paris 12e Arrondissement;;;654016.46;6861324.89;2.373366;48.850324;parcelle;;;PARIS;RUE DE CHARENTON;commune;commune;vrai;
75112_1794_00043;75112_1794;43;;Rue de Charenton;75012;75112;Paris 12e Arrondissement;;;653916.75;6861474.69;2.371991;48.851664;parcelle;;;PARIS;RUE DE CHARENTON;commune;commune;vrai;
75112_1794_00044;75112_1794;44;;Rue de Charenton;75012;75112;Paris 12e Arrondissement;;;654023.51;6861315.38;2.373463;48.850239;parcelle;;;PARIS;RUE DE CHARENTON;commune;commune;vrai;
75112_1794_00045;75112_1794;45;;Rue de Charenton;75012;75112;Paris 12e Arrondissement;;;653928.95;6861458.58;2.372159;48.85152;parcelle;;;PARIS;RUE DE CHARENTON;commune;commune;vrai;
75112_1794_00046;75112_1794;46;;Rue de Charenton;75012;75112;Paris 12e Arrondissement;;;654030.84;6861305.54;2.373564;48.850151;parcelle;;;PARIS;RUE DE CHARENTON;commune;commune;vrai;
75112_1794_00047;75112_1794;47;;Rue de Charenton;75012;75112;Paris 12e Arrondissement;;;653946.35;6861440.87;2.372398;48.851362;parcelle;;;PARIS;RUE DE CHARENTON;commune;commune;vrai;
75112_1794_00048;75112_1794;48;;Rue de Charenton;75012;75112;Paris 12e Arrondissement;;;654038.68;6861295.02;2.373672;48.850057;parcelle;;;PARIS;RUE DE CHARENTON;commune;commune;vrai;
75112_1794_00049;75112_1794;49;;Rue de Charenton;75012;75112;Paris 12e Arrondissement;;;653958.11;6861425.43;2.37256;48.851224;parcelle;;;PARIS;RUE DE CHARENTON;commune;commune;vrai;
75112_1794_00050;75112_1794;50;;Rue de Charenton;75012;75112;Paris 12e Arrondissement;;;654047.47;6861283.28;2.373793;48.849952;parcelle;;;PARIS;RUE DE CHARENTON;commune;commune;vrai;
75112_1794_00051;75112_1794;51;;Rue de Charenton;75012;75112;Paris 12e Arrondissement;;;653970.68;6861408.76;2.372733;48.851075;parcelle;;;PARIS;RUE DE CHARENTON;commune;commune;vrai;
75112_1794_00052;75112_1794;52;;Rue de Charenton;75012;75112;Paris 12e Arrondissement;;;654055.45;6861272.43;2.373903;48.849855;parcelle;;;PARIS;RUE DE CHARENTON;commune;commune;vrai;
75112_1794_00053;75112_1794;53;;Rue de Charenton;75012;75112;Paris 12e Arrondissement;;;653982.77;6861388.87;2.3729;48.850897;parcelle;;;PARIS;RUE DE CHARENTON;commune;commune;vrai;
75112_1794_00054;75112_1794;54;;Rue de Charenton;75012;75112;Paris 12e Arrondissement;;;654064.53;6861260.35;2.374028;48.849747;parcelle;;;PARIS;RUE DE CHARENTON;commune;commune;vrai;
75112_1794_00055;75112_1794;55;;Rue de Charenton;75012;75112;Paris 12e Arrondissement;;;653991.56;6861377.35;2.373021;48.850794;parcelle;;;PARIS;RUE DE CHARENTON;commune;commune;vrai;
75112_1794_00057;75112_1794;57;;Rue de Charenton;75012;75112;Paris 12e Arrondissement;;;654000.16;6861369.72;2.373139;48.850726;parcelle;;;PARIS;RUE DE CHARENTON;commune;commune;vrai;
75112_1794_00059;75112_1794;59;;Rue de Charenton;75012;75112;Paris 12e Arrondissement;;;654007.64;6861359.65;2.373242;48.850636;parcelle;;;PARIS;RUE DE CHARENTON;commune;commune;vrai;
75112_1794_00061;75112_1794;61;;Rue de Charenton;75012;75112;Paris 12e Arrondissement;;;654015.41;6861349.47;2.373349;48.850545;parcelle;;;PARIS;RUE DE CHARENTON;commune;commune;vrai;
75112_1794_00063;75112_1794;63;;Rue de Charenton;75012;75112;Paris 12e Arrondissement;;;654023.98;6861337.95;2.373467;48.850442;parcelle;;;PARIS;RUE DE CHARENTON;commune;commune;vrai;
75112_1794_00064;75112_1794;64;;Rue de Charenton;75012;75112;Paris 12e Arrondissement;;;654091.78;6861225.99;2.374403;48.84944;parcelle;;;PARIS;RUE DE CHARENTON;commune;commune;vrai;
75112_1794_00065;75112_1794;65;;Rue de Charenton;75012;75112;Paris 12e Arrondissement;;;654030.13;6861327.12;2.373552;48.850345;parcelle;;;PARIS;RUE DE CHARENTON;commune;commune;vrai;
75112_1794_00066;75112_1794;66;;Rue de Charenton;75012;75112;Paris 12e Arrondissement;;;654094.45;6861219.75;2.37444;48.849384;parcelle;;;PARIS;RUE DE CHARENTON;commune;commune;vrai;
75112_1794_00067;75112_1794;67;;Rue de Charenton;75012;75112;Paris 12e Arrondissement;;;654039.43;6861315.03;2.37368;48.850237;parcelle;;;PARIS;RUE DE CHARENTON;commune;commune;vrai;
75112_1794_00068;75112_1794;68;;Rue de Charenton;75012;75112;Paris 12e Arrondissement;;;654101.62;6861208.57;2.374539;48.849284;parcelle;;;PARIS;RUE DE CHARENTON;commune;commune;vrai;
75112_1794_00069;75112_1794;69;;Rue de Charenton;75012;75112;Paris 12e Arrondissement;;;654054.17;6861295.46;2.373883;48.850062;parcelle;;;PARIS;RUE DE CHARENTON;commune;commune;vrai;
75112_1794_00070;75112_1794;70;;Rue de Charenton;75012;75112;Paris 12e Arrondissement;;;654108.44;6861197.95;2.374633;48.849189;parcelle;;;PARIS;RUE DE CHARENTON;commune;commune;vrai;
75112_1794_00071;75112_1794;71;;Rue de Charenton;75012;75112;Paris 12e Arrondissement;;;654061.29;6861286.28;2.373981;48.84998;parcelle;;;PARIS;RUE DE CHARENTON;commune;commune;vrai;
75112_1794_00072;75112_1794;72;;Rue de Charenton;75012;75112;Paris 12e Arrondissement;;;654121.48;6861177.28;2.374813;48.849004;parcelle;;;PARIS;RUE DE CHARENTON;commune;commune;vrai;
75112_1794_00073;75112_1794;73;;Rue de Charenton;75012;75112;Paris 12e Arrondissement;;;654068.86;6861278.11;2.374085;48.849907;parcelle;;;PARIS;RUE DE CHARENTON;commune;commune;vrai;
75112_1794_00074;75112_1794;74;;Rue de Charenton;75012;75112;Paris 12e Arrondissement;;;654126.63;6861169.9;2.374884;48.848938;parcelle;;;PARIS;RUE DE CHARENTON;commune;commune;vrai;
75112_1794_00075;75112_1794;75;;Rue de Charenton;75012;75112;Paris 12e Arrondissement;;;654075.75;6861268.82;2.37418;48.849824;parcelle;;;PARIS;RUE DE CHARENTON;commune;commune;vrai;
75112_1794_00076;75112_1794;76;;Rue de Charenton;75012;75112;Paris 12e Arrondissement;;;654137.26;6861159.03;2.37503;48.848841;parcelle;;;PARIS;RUE DE CHARENTON;commune;commune;vrai;
75112_1794_00078;75112_1794;78;;Rue de Charenton;75012;75112;Paris 12e Arrondissement;;;654144.7;6861152.52;2.375132;48.848783;parcelle;;;PARIS;RUE DE CHARENTON;commune;commune;vrai;
75112_1794_00080;75112_1794;80;;Rue de Charenton;75012;75112;Paris 12e Arrondissement;;;654151.4;6861146.57;2.375224;48.84873;parcelle;;;PARIS;RUE DE CHARENTON;commune;commune;vrai;
75112_1794_00081;75112_1794;81;;Rue de Charenton;75012;75112;Paris 12e Arrondissement;;;654099.58;6861237.61;2.374508;48.849545;parcelle;;;PARIS;RUE DE CHARENTON;commune;commune;vrai;
75112_1794_00082;75112_1794;82;;Rue de Charenton;75012;75112;Paris 12e Arrondissement;;;654159.27;6861139.62;2.375332;48.848668;parcelle;;;PARIS;RUE DE CHARENTON;commune;commune;vrai;
75112_1794_00083;75112_1794;83;;Rue de Charenton;75012;75112;Paris 12e Arrondissement;;;654105.81;6861227.77;2.374594;48.849457;parcelle;;;PARIS;RUE DE CHARENTON;commune;commune;vrai;
75112_1794_00084;75112_1794;84;;Rue de Charenton;75012;75112;Paris 12e Arrondissement;;;654169.11;6861130.86;2.375467;48.84859;parcelle;;;PARIS;RUE DE CHARENTON;commune;commune;vrai;
75112_1794_00085;75112_1794;85;;Rue de Charenton;75012;75112;Paris 12e Arrondissement;;;654113.28;6861216.15;2.374697;48.849353;parcelle;;;PARIS;RUE DE CHARENTON;commune;commune;vrai;
75112_1794_00086;75112_1794;86;;Rue de Charenton;75012;75112;Paris 12e Arrondissement;;;654178.95;6861122.22;2.375602;48.848513;parcelle;;;PARIS;RUE DE CHARENTON;commune;commune;vrai;
75112_1794_00087;75112_1794;87;;Rue de Charenton;75012;75112;Paris 12e Arrondissement;;;654154.32;6861163.34;2.375262;48.848881;parcelle;;;PARIS;RUE DE CHARENTON;commune;commune;vrai;
75112_1794_00088;75112_1794;88;;Rue de Charenton;75012;75112;Paris 12e Arrondissement;;;654193.96;6861108.87;2.375808;48.848394;parcelle;;;PARIS;RUE DE CHARENTON;commune;commune;vrai;
75112_1794_00089;75112_1794;89;;Rue de Charenton;75012;75112;Paris 12e Arrondissement;;;654178.51;6861141.58;2.375594;48.848687;parcelle;;;PARIS;RUE DE CHARENTON;commune;commune;vrai;
75112_1794_00090;75112_1794;90;;Rue de Charenton;75012;75112;Paris 12e Arrondissement;;;654220.78;6861084.64;2.376176;48.848178;parcelle;;;PARIS;RUE DE CHARENTON;commune;commune;vrai;
75112_1794_00091;75112_1794;91;;Rue de Charenton;75012;75112;Paris 12e Arrondissement;;;654245.04;6861081.56;2.376507;48.848152;parcelle;;;PARIS;RUE DE CHARENTON;commune;commune;vrai;
75112_1794_00092;75112_1794;92;;Rue de Charenton;75012;75112;Paris 12e Arrondissement;;;654233.38;6861073.09;2.376349;48.848075;parcelle;;;PARIS;RUE DE CHARENTON;commune;commune;vrai;
75112_1794_00093;75112_1794;93;;Rue de Charenton;75012;75112;Paris 12e Arrondissement;;;654264.79;6861063.17;2.376778;48.847988;parcelle;;;PARIS;RUE DE CHARENTON;commune;commune;vrai;
75112_1794_00094;75112_1794;94;;Rue de Charenton;75012;75112;Paris 12e Arrondissement;;;654246.2;6861061.2;2.376525;48.847969;parcelle;;;PARIS;RUE DE CHARENTON;commune;commune;vrai;
75112_1794_00095;75112_1794;95;;Rue de Charenton;75012;75112;Paris 12e Arrondissement;;;654277.83;6861050.94;2.376957;48.847879;parcelle;;;PARIS;RUE DE CHARENTON;commune;commune;vrai;
75112_1794_00096;75112_1794;96;;Rue de Charenton;75012;75112;Paris 12e Arrondissement;;;654257.64;6861050.77;2.376682;48.847876;parcelle;;;PARIS;RUE DE CHARENTON;commune;commune;vrai;
75112_1794_00097;75112_1794;97;;Rue de Charenton;75012;75112;Paris 12e Arrondissement;;;654304.86;6861025.93;2.377328;48.847656;parcelle;;;PARIS;RUE DE CHARENTON;commune;commune;vrai;
75112_1794_00098;75112_1794;98;;Rue de Charenton;75012;75112;Paris 12e Arrondissement;;;654270.39;6861038.99;2.376857;48.847771;parcelle;;;PARIS;RUE DE CHARENTON;commune;commune;vrai;
75112_1794_00099;75112_1794;99;;Rue de Charenton;75012;75112;Paris 12e Arrondissement;;;654318.33;6861013.37;2.377513;48.847544;parcelle;;;PARIS;RUE DE CHARENTON;commune;commune;vrai;
75112_1794_00100;75112_1794;100;;Rue de Charenton;75012;75112;Paris 12e Arrondissement;;;654280;6861029.35;2.376989;48.847685;parcelle;;;PARIS;RUE DE CHARENTON;commune;commune;vrai;
75112_1794_00101;75112_1794;101;;Rue de Charenton;75012;75112;Paris 12e Arrondissement;;;654333.71;6860999.13;2.377724;48.847417;parcelle;;;PARIS;RUE DE CHARENTON;commune;commune;vrai;
75112_1794_00102;75112_1794;102;;Rue de Charenton;75012;75112;Paris 12e Arrondissement;;;654299.54;6861012.19;2.377257;48.847532;parcelle;;;PARIS;RUE DE CHARENTON;commune;commune;vrai;
75112_1794_00103;75112_1794;103;;Rue de Charenton;75012;75112;Paris 12e Arrondissement;;;654342.59;6860990.28;2.377846;48.847338;parcelle;;;PARIS;RUE DE CHARENTON;commune;commune;vrai;
75112_1794_00104;75112_1794;104;;Rue de Charenton;75012;75112;Paris 12e Arrondissement;;;654312;6861000.75;2.377428;48.84743;parcelle;;;PARIS;RUE DE CHARENTON;commune;commune;vrai;
75112_1794_00105;75112_1794;105;;Rue de Charenton;75012;75112;Paris 12e Arrondissement;;;654361.29;6860970;2.378103;48.847157;parcelle;;;PARIS;RUE DE CHARENTON;commune;commune;vrai;
75112_1794_00106;75112_1794;106;;Rue de Charenton;75012;75112;Paris 12e Arrondissement;;;654321.03;6860992.45;2.377552;48.847356;parcelle;;;PARIS;RUE DE CHARENTON;commune;commune;vrai;
75112_1794_00107;75112_1794;107;;Rue de Charenton;75012;75112;Paris 12e Arrondissement;;;654377.52;6860952.42;2.378326;48.847;parcelle;;;PARIS;RUE DE CHARENTON;commune;commune;vrai;
75112_1794_00108;75112_1794;108;;Rue de Charenton;75012;75112;Paris 12e Arrondissement;;;654338.72;6860974.07;2.377795;48.847192;parcelle;;;PARIS;RUE DE CHARENTON;commune;commune;vrai;
75112_1794_00109;75112_1794;109;;Rue de Charenton;75012;75112;Paris 12e Arrondissement;;;654395.02;6860938.71;2.378566;48.846878;parcelle;;;PARIS;RUE DE CHARENTON;commune;commune;vrai;
75112_1794_00110;75112_1794;110;;Rue de Charenton;75012;75112;Paris 12e Arrondissement;;;654345.78;6860966.34;2.377892;48.847123;parcelle;;;PARIS;RUE DE CHARENTON;commune;commune;vrai;
75112_1794_00111;75112_1794;111;;Rue de Charenton;75012;75112;Paris 12e Arrondissement;;;654403.35;6860924.3;2.378681;48.846749;parcelle;;;PARIS;RUE DE CHARENTON;commune;commune;vrai;
75112_1794_00112;75112_1794;112;;Rue de Charenton;75012;75112;Paris 12e Arrondissement;;;654355.96;6860955.25;2.378032;48.847024;parcelle;;;PARIS;RUE DE CHARENTON;commune;commune;vrai;
75112_1794_00113;75112_1794;113;;Rue de Charenton;75012;75112;Paris 12e Arrondissement;;;654413.83;6860912.99;2.378825;48.846648;parcelle;;;PARIS;RUE DE CHARENTON;commune;commune;vrai;
75112_1794_00114;75112_1794;114;;Rue de Charenton;75012;75112;Paris 12e Arrondissement;;;654370.52;6860939.46;2.378232;48.846883;parcelle;;;PARIS;RUE DE CHARENTON;commune;commune;vrai;
75112_1794_00115;75112_1794;115;;Rue de Charenton;75012;75112;Paris 12e Arrondissement;;;654472.06;6860851.15;2.379625;48.846096;parcelle;;;PARIS;RUE DE CHARENTON;commune;commune;vrai;
75112_1794_00116;75112_1794;116;;Rue de Charenton;75012;75112;Paris 12e Arrondissement;;;654380.2;6860928.93;2.378365;48.846789;parcelle;;;PARIS;RUE DE CHARENTON;commune;commune;vrai;
75112_1794_00117;75112_1794;117;;Rue de Charenton;75012;75112;Paris 12e Arrondissement;;;654482.92;6860842.17;2.379774;48.846016;parcelle;;;PARIS;RUE DE CHARENTON;commune;commune;vrai;
75112_1794_00118;75112_1794;118;;Rue de Charenton;75012;75112;Paris 12e Arrondissement;;;654386.96;6860921.65;2.378458;48.846724;parcelle;;;PARIS;RUE DE CHARENTON;commune;commune;vrai;
75112_1794_00119;75112_1794;119;;Rue de Charenton;75012;75112;Paris 12e Arrondissement;;;654491.45;6860835.1;2.379891;48.845953;parcelle;;;PARIS;RUE DE CHARENTON;commune;commune;vrai;
75112_1794_00120;75112_1794;120;;Rue de Charenton;75012;75112;Paris 12e Arrondissement;;;654394.6;6860913.25;2.378563;48.846649;parcelle;;;PARIS;RUE DE CHARENTON;commune;commune;vrai;
75112_1794_00121;75112_1794;121;;Rue de Charenton;75012;75112;Paris 12e Arrondissement;;;654497.58;6860830.04;2.379975;48.845908;parcelle;;;PARIS;RUE DE CHARENTON;commune;commune;vrai;
75112_1794_00122;75112_1794;122;;Rue de Charenton;75012;75112;Paris 12e Arrondissement;;;654430.48;6860874.27;2.379056;48.846301;parcelle;;;PARIS;RUE DE CHARENTON;commune;commune;vrai;
75112_1794_00123;75112_1794;123;;Rue de Charenton;75012;75112;Paris 12e Arrondissement;;;654509.03;6860820.61;2.380132;48.845824;parcelle;;;PARIS;RUE DE CHARENTON;commune;commune;vrai;
75112_1794_00124;75112_1794;124;;Rue de Charenton;75012;75112;Paris 12e Arrondissement;;;654436.08;6860868.22;2.379133;48.846247;parcelle;;;PARIS;RUE DE CHARENTON;commune;commune;vrai;
75112_1794_00125;75112_1794;125;;Rue de Charenton;75012;75112;Paris 12e Arrondissement;;;654526.96;6860805.79;2.380378;48.845692;parcelle;;;PARIS;RUE DE CHARENTON;commune;commune;vrai;
75112_1794_00126;75112_1794;126;;Rue de Charenton;75012;75112;Paris 12e Arrondissement;;;654445.18;6860858.26;2.379258;48.846158;parcelle;;;PARIS;RUE DE CHARENTON;commune;commune;vrai;
75112_1794_00127;75112_1794;127;;Rue de Charenton;75012;75112;Paris 12e Arrondissement;;;654544.56;6860793.65;2.380619;48.845584;parcelle;;;PARIS;RUE DE CHARENTON;commune;commune;vrai;
75112_1794_00128;75112_1794;128;;Rue de Charenton;75012;75112;Paris 12e Arrondissement;;;654453.47;6860849.29;2.379372;48.846078;parcelle;;;PARIS;RUE DE CHARENTON;commune;commune;vrai;
75112_1794_00129;75112_1794;129;;Rue de Charenton;75012;75112;Paris 12e Arrondissement;;;654551.79;6860789.03;2.380718;48.845543;parcelle;;;PARIS;RUE DE CHARENTON;commune;commune;vrai;
75112_1794_00130;75112_1794;130;;Rue de Charenton;75012;75112;Paris 12e Arrondissement;;;654464.77;6860838.75;2.379527;48.845984;parcelle;;;PARIS;RUE DE CHARENTON;commune;commune;vrai;
75112_1794_00131;75112_1794;131;;Rue de Charenton;75012;75112;Paris 12e Arrondissement;;;654563.98;6860781.15;2.380885;48.845473;parcelle;;;PARIS;RUE DE CHARENTON;commune;commune;vrai;
75112_1794_00132;75112_1794;132;;Rue de Charenton;75012;75112;Paris 12e Arrondissement;;;654476.58;6860828.99;2.379689;48.845897;parcelle;;;PARIS;RUE DE CHARENTON;commune;commune;vrai;
75112_1794_00134;75112_1794;134;;Rue de Charenton;75012;75112;Paris 12e Arrondissement;;;654488.03;6860819.56;2.379846;48.845813;parcelle;;;PARIS;RUE DE CHARENTON;commune;commune;vrai;
75112_1794_00135;75112_1794;135;;Rue de Charenton;75012;75112;Paris 12e Arrondissement;;;654593.85;6860761.9;2.381294;48.845302;parcelle;;;PARIS;RUE DE CHARENTON;commune;commune;vrai;
75112_1794_00136;75112_1794;136;;Rue de Charenton;75012;75112;Paris 12e Arrondissement;;;654509.32;6860802.15;2.380138;48.845658;parcelle;;;PARIS;RUE DE CHARENTON;commune;commune;vrai;
75112_1794_00137;75112_1794;137;;Rue de Charenton;75012;75112;Paris 12e Arrondissement;;;654600.05;6860757.85;2.381379;48.845266;parcelle;;;PARIS;RUE DE CHARENTON;commune;commune;vrai;
75112_1794_00138;75112_1794;138;;Rue de Charenton;75012;75112;Paris 12e Arrondissement;;;654515.96;6860796.65;2.380229;48.845609;parcelle;;;PARIS;RUE DE CHARENTON;commune;commune;vrai;
75112_1794_00139;75112_1794;139;;Rue de Charenton;75012;75112;Paris 12e Arrondissement;;;654611.39;6860753.09;2.381534;48.845224;parcelle;;;PARIS;RUE DE CHARENTON;commune;commune;vrai;
75112_1794_00140;75112_1794;140;;Rue de Charenton;75012;75112;Paris 12e Arrondissement;;;654535.52;6860782.82;2.380497;48.845486;parcelle;;;PARIS;RUE DE CHARENTON;commune;commune;vrai;
75112_1794_00141;75112_1794;141;;Rue de Charenton;75012;75112;Paris 12e Arrondissement;;;654625.52;6860748.76;2.381727;48.845186;parcelle;;;PARIS;RUE DE CHARENTON;commune;commune;vrai;
75112_1794_00142;75112_1794;142;;Rue de Charenton;75012;75112;Paris 12e Arrondissement;;;654537.12;6860781.81;2.380519;48.845477;parcelle;;;PARIS;RUE DE CHARENTON;commune;commune;vrai;
75112_1794_00143;75112_1794;143;;Rue de Charenton;75012;75112;Paris 12e Arrondissement;;;654636.65;6860745.33;2.381879;48.845156;parcelle;;;PARIS;RUE DE CHARENTON;commune;commune;vrai;
75112_1794_00144;75112_1794;144;;Rue de Charenton;75012;75112;Paris 12e Arrondissement;;;654543.11;6860777.98;2.380601;48.845443;parcelle;;;PARIS;RUE DE CHARENTON;commune;commune;vrai;
75112_1794_00145;75112_1794;145;;Rue de Charenton;75012;75112;Paris 12e Arrondissement;;;654646.02;6860742.48;2.382007;48.845131;parcelle;;;PARIS;RUE DE CHARENTON;commune;commune;vrai;
75112_1794_00146;75112_1794;146;;Rue de Charenton;75012;75112;Paris 12e Arrondissement;;;654556.18;6860769.54;2.38078;48.845368;parcelle;;;PARIS;RUE DE CHARENTON;commune;commune;vrai;
75112_1794_00147;75112_1794;147;;Rue de Charenton;75012;75112;Paris 12e Arrondissement;;;654657;6860739.06;2.382157;48.845101;parcelle;;;PARIS;RUE DE CHARENTON;commune;commune;vrai;
75112_1794_00148;75112_1794;148;;Rue de Charenton;75012;75112;Paris 12e Arrondissement;;;654568.74;6860761.43;2.380952;48.845296;parcelle;;;PARIS;RUE DE CHARENTON;commune;commune;vrai;
75112_1794_00149;75112_1794;149;;Rue de Charenton;75012;75112;Paris 12e Arrondissement;;;654670.04;6860735.06;2.382335;48.845066;parcelle;;;PARIS;RUE DE CHARENTON;commune;commune;vrai;
75112_1794_00150;75112_1794;150;;Rue de Charenton;75012;75112;Paris 12e Arrondissement;;;654580.65;6860753.78;2.381115;48.845228;parcelle;;;PARIS;RUE DE CHARENTON;commune;commune;vrai;
75112_1794_00151;75112_1794;151;;Rue de Charenton;75012;75112;Paris 12e Arrondissement;;;654684.61;6860730.61;2.382534;48.845027;parcelle;;;PARIS;RUE DE CHARENTON;commune;commune;vrai;
75112_1794_00152;75112_1794;152;;Rue de Charenton;75012;75112;Paris 12e Arrondissement;;;654594.59;6860744.77;2.381306;48.845148;parcelle;;;PARIS;RUE DE CHARENTON;commune;commune;vrai;
75112_1794_00153;75112_1794;153;;Rue de Charenton;75012;75112;Paris 12e Arrondissement;;;654699.18;6860726.05;2.382733;48.844987;parcelle;;;PARIS;RUE DE CHARENTON;commune;commune;vrai;
75112_1794_00154;75112_1794;154;;Rue de Charenton;75012;75112;Paris 12e Arrondissement;;;654612.07;6860736.96;2.381545;48.845079;parcelle;;;PARIS;RUE DE CHARENTON;commune;commune;vrai;
75112_1794_00156;75112_1794;156;;Rue de Charenton;75012;75112;Paris 12e Arrondissement;;;654627.14;6860730.95;2.381751;48.845026;parcelle;;;PARIS;RUE DE CHARENTON;commune;commune;vrai;
75112_1794_00157;75112_1794;157;;Rue de Charenton;75012;75112;Paris 12e Arrondissement;;;654770.09;6860699.81;2.383702;48.844756;parcelle;;;PARIS;RUE DE CHARENTON;commune;commune;vrai;
75112_1794_00158;75112_1794;158;;Rue de Charenton;75012;75112;Paris 12e Arrondissement;;;654635.78;6860727.55;2.381869;48.844996;parcelle;;;PARIS;RUE DE CHARENTON;commune;commune;vrai;
75112_1794_00159;75112_1794;159;;Rue de Charenton;75012;75112;Paris 12e Arrondissement;;;654778.62;6860692.52;2.383819;48.844691;parcelle;;;PARIS;RUE DE CHARENTON;commune;commune;vrai;
75112_1794_00160;75112_1794;160;;Rue de Charenton;75012;75112;Paris 12e Arrondissement;;;654650.7;6860721.65;2.382073;48.844944;parcelle;;;PARIS;RUE DE CHARENTON;commune;commune;vrai;
75112_1794_00161;75112_1794;161;;Rue de Charenton;75012;75112;Paris 12e Arrondissement;;;654786.98;6860682;2.383934;48.844597;parcelle;;;PARIS;RUE DE CHARENTON;commune;commune;vrai;
75112_1794_00162;75112_1794;162;;Rue de Charenton;75012;75112;Paris 12e Arrondissement;;;654667.82;6860714.84;2.382307;48.844884;parcelle;;;PARIS;RUE DE CHARENTON;commune;commune;vrai;
75112_1794_00163;75112_1794;163;;Rue de Charenton;75012;75112;Paris 12e Arrondissement;;;654799.84;6860665.89;2.384111;48.844453;parcelle;;;PARIS;RUE DE CHARENTON;commune;commune;vrai;
75112_1794_00164;75112_1794;164;;Rue de Charenton;75012;75112;Paris 12e Arrondissement;;;654682.16;6860709.17;2.382503;48.844834;parcelle;;;PARIS;RUE DE CHARENTON;commune;commune;vrai;
75112_1794_00165;75112_1794;165;;Rue de Charenton;75012;75112;Paris 12e Arrondissement;;;654815.62;6860646.3;2.384328;48.844278;parcelle;;;PARIS;RUE DE CHARENTON;commune;commune;vrai;
75112_1794_00166;75112_1794;166;;Rue de Charenton;75012;75112;Paris 12e Arrondissement;;;654760.74;6860676.98;2.383577;48.84455;parcelle;;;PARIS;RUE DE CHARENTON;commune;commune;vrai;
75112_1794_00167;75112_1794;167;;Rue de Charenton;75012;75112;Paris 12e Arrondissement;;;654823.61;6860636.23;2.384438;48.844188;parcelle;;;PARIS;RUE DE CHARENTON;commune;commune;vrai;
75112_1794_00168;75112_1794;168;;Rue de Charenton;75012;75112;Paris 12e Arrondissement;;;654765.24;6860671.38;2.383639;48.8445;parcelle;;;PARIS;RUE DE CHARENTON;commune;commune;vrai;
75112_1794_00169;75112_1794;169;;Rue de Charenton;75012;75112;Paris 12e Arrondissement;;;654829.57;6860628.74;2.38452;48.844121;parcelle;;;PARIS;RUE DE CHARENTON;commune;commune;vrai;
75112_1794_00170;75112_1794;170;;Rue de Charenton;75012;75112;Paris 12e Arrondissement;;;654773.68;6860661.09;2.383755;48.844408;parcelle;;;PARIS;RUE DE CHARENTON;commune;commune;vrai;
75112_1794_00171;75112_1794;171;;Rue de Charenton;75012;75112;Paris 12e Arrondissement;;;654844.2;6860602.94;2.384722;48.84389;parcelle;;;PARIS;RUE DE CHARENTON;commune;commune;vrai;
75112_1794_00172;75112_1794;172;;Rue de Charenton;75012;75112;Paris 12e Arrondissement;;;654781.92;6860645.45;2.383869;48.844268;parcelle;;;PARIS;RUE DE CHARENTON;commune;commune;vrai;
75112_1794_00174;75112_1794;174;;Rue de Charenton;75012;75112;Paris 12e Arrondissement;;;654794.39;6860635.57;2.38404;48.84418;parcelle;;;PARIS;RUE DE CHARENTON;commune;commune;vrai;
75112_1794_00176;75112_1794;176;;Rue de Charenton;75012;75112;Paris 12e Arrondissement;;;654806.24;6860621.02;2.384203;48.84405;parcelle;;;PARIS;RUE DE CHARENTON;commune;commune;vrai;
75112_1794_00178;75112_1794;178;;Rue de Charenton;75012;75112;Paris 12e Arrondissement;;;654815.33;6860609.83;2.384328;48.84395;parcelle;;;PARIS;RUE DE CHARENTON;commune;commune;vrai;
75112_1794_00180;75112_1794;180;;Rue de Charenton;75012;75112;Paris 12e Arrondissement;;;654825.44;6860597.41;2.384467;48.843839;parcelle;;;PARIS;RUE DE CHARENTON;commune;commune;vrai;
75112_1794_00182;75112_1794;182;;Rue de Charenton;75012;75112;Paris 12e Arrondissement;;;654839.39;6860580.29;2.384659;48.843686;parcelle;;;PARIS;RUE DE CHARENTON;commune;commune;vrai;
75112_1794_00103_b;75112_1794;103;b;Rue de Charenton;75012;75112;Paris 12e Arrondissement;;;654348.27;6860984.11;2.377924;48.847283;parcelle;;;PARIS;RUE DE CHARENTON;commune;commune;vrai;
75112_1794_00134_b;75112_1794;134;b;Rue de Charenton;75012;75112;Paris 12e Arrondissement;;;654499.62;6860810.12;2.380005;48.845729;parcelle;;;PARIS;RUE DE CHARENTON;commune;commune;vrai;
75112_1794_00103_t;75112_1794;103;t;Rue de Charenton;75012;75112;Paris 12e Arrondissement;;;654352.78;6860979.3;2.377986;48.84724;parcelle;;;PARIS;RUE DE CHARENTON;commune;commune;vrai;
75112_1794_00004_b;75112_1794;4;b;Rue de Charenton;75012;75112;Paris 12e Arrondissement;;;653806.2;6861608.34;2.37047;48.852858;parcelle;;;PARIS;RUE DE CHARENTON;commune;commune;vrai;
75112_1794_00087_b;75112_1794;87;b;Rue de Charenton;75012;75112;Paris 12e Arrondissement;;;654162.19;6861156.27;2.37537;48.848818;parcelle;;;PARIS;RUE DE CHARENTON;commune;commune;vrai;
75112_1794_00102_p;75112_1794;102;p;Rue de Charenton;75012;75112;Paris 12e Arrondissement;;;654294.25;6860992.66;2.377187;48.847356;parcelle;;;PARIS;RUE DE CHARENTON;commune;commune;vrai;
75112_1794_00074_b;75112_1794;74;b;Rue de Charenton;75012;75112;Paris 12e Arrondissement;;;654129.69;6861165.98;2.374926;48.848903;parcelle;;;PARIS;RUE DE CHARENTON;commune;commune;vrai;
75112_1794_00024_b;75112_1794;24;b;Rue de Charenton;75012;75112;Paris 12e Arrondissement;;;653906.23;6861471.44;2.371848;48.851634;parcelle;;;PARIS;RUE DE CHARENTON;commune;commune;vrai;
75112_1794_00024_c;75112_1794;24;c;Rue de Charenton;75012;75112;Paris 12e Arrondissement;;;653875.8;6861446.99;2.371436;48.851412;parcelle;;;PARIS;RUE DE CHARENTON;commune;commune;vrai;
75112_1794_00106_z;75112_1794;106;z;Rue de Charenton;75012;75112;Paris 12e Arrondissement;;;654325.99;6860988.07;2.37762;48.847317;parcelle;;;PARIS;RUE DE CHARENTON;commune;commune;vrai;
75112_1794_00104_p;75112_1794;104;p;Rue de Charenton;75012;75112;Paris 12e Arrondissement;;;654300.59;6860987.72;2.377274;48.847312;parcelle;;;PARIS;RUE DE CHARENTON;commune;commune;vrai;
75112_1794_00028_a;75112_1794;28;a;Rue de Charenton;75012;75112;Paris 12e Arrondissement;;;653890.95;6861423.3;2.371645;48.8512;parcelle;;;PARIS;RUE DE CHARENTON;commune;commune;vrai;
75112_1794_00085_b;75112_1794;85;b;Rue de Charenton;75012;75112;Paris 12e Arrondissement;;;654135.17;6861181.51;2.374999;48.849043;parcelle;;;PARIS;RUE DE CHARENTON;commune;commune;vrai;
75112_1794_00162_b;75112_1794;162;b;Rue de Charenton;75012;75112;Paris 12e Arrondissement;;;654675.65;6860711.78;2.382414;48.844857;parcelle;;;PARIS;RUE DE CHARENTON;commune;commune;vrai;
75112_1794_00144_p;75112_1794;144;p;Rue de Charenton;75012;75112;Paris 12e Arrondissement;;;654547.86;6860774.83;2.380666;48.845415;parcelle;;;PARIS;RUE DE CHARENTON;commune;commune;vrai;
75112_1794_00030_b;75112_1794;30;b;Rue de Charenton;75012;75112;Paris 12e Arrondissement;;;653967.23;6861390.33;2.372688;48.850909;parcelle;;;PARIS;RUE DE CHARENTON;commune;commune;vrai;
75112_1794_00010_b;75112_1794;10;b;Rue de Charenton;75012;75112;Paris 12e Arrondissement;;;653834.11;6861565.75;2.370855;48.852477;parcelle;;;PARIS;RUE DE CHARENTON;commune;commune;vrai;
75112_1794_00026_b;75112_1794;26;b;Rue de Charenton;75012;75112;Paris 12e Arrondissement;;;653921.7;6861451.07;2.372061;48.851452;parcelle;;;PARIS;RUE DE CHARENTON;commune;commune;vrai;
75112_1794_00171_b;75112_1794;171;b;Rue de Charenton;75012;75112;Paris 12e Arrondissement;;;654853.05;6860590.86;2.384844;48.843782;parcelle;;;PARIS;RUE DE CHARENTON;commune;commune;vrai;
75112_1794_00001_s;75112_1794;1;s;Rue de Charenton;75012;75112;Paris 12e Arrondissement;;;654516.67;6860784.53;2.38024;48.8455;parcelle;;;PARIS;RUE DE CHARENTON;commune;commune;vrai;
75112_1794_00089_t;75112_1794;89;t;Rue de Charenton;75012;75112;Paris 12e Arrondissement;;;654231.13;6861094.35;2.376316;48.848266;parcelle;;;PARIS;RUE DE CHARENTON;commune;commune;vrai;
75112_1794_00028_c;75112_1794;28;c;Rue de Charenton;75012;75112;Paris 12e Arrondissement;;;653888.18;6861435;2.371606;48.851305;parcelle;;;PARIS;RUE DE CHARENTON;commune;commune;vrai;
75112_1794_00087_t;75112_1794;87;t;Rue de Charenton;75012;75112;Paris 12e Arrondissement;;;654170.06;6861149.2;2.375478;48.848755;parcelle;;;PARIS;RUE DE CHARENTON;commune;commune;vrai;
75112_1794_00019_s;75112_1794;19;s;Rue de Charenton;75012;75112;Paris 12e Arrondissement;;;653842.6;6861572.24;2.37097;48.852536;parcelle;;;PARIS;RUE DE CHARENTON;commune;commune;vrai;
75112_1794_00024_a;75112_1794;24;a;Rue de Charenton;75012;75112;Paris 12e Arrondissement;;;653877.66;6861449.98;2.371461;48.851439;parcelle;;;PARIS;RUE DE CHARENTON;commune;commune;vrai;
75112_1794_00160_b;75112_1794;160;b;Rue de Charenton;75012;75112;Paris 12e Arrondissement;;;654660.22;6860717.91;2.382203;48.844911;parcelle;;;PARIS;RUE DE CHARENTON;commune;commune;vrai;
75112_1794_00085_t;75112_1794;85;t;Rue de Charenton;75012;75112;Paris 12e Arrondissement;;;654145.51;6861171.3;2.375141;48.848952;parcelle;;;PARIS;RUE DE CHARENTON;commune;commune;vrai;
75112_1794_00089_b;75112_1794;89;b;Rue de Charenton;75012;75112;Paris 12e Arrondissement;;;654190.32;6861130.92;2.375756;48.848592;parcelle;;;PARIS;RUE DE CHARENTON;commune;commune;vrai;
75112_1794_00180_b;75112_1794;180;b;Rue de Charenton;75012;75112;Paris 12e Arrondissement;;;654831.98;6860589.35;2.384557;48.843767;parcelle;;;PARIS;RUE DE CHARENTON;commune;commune;vrai;
75112_0984_00001;75112_0984;1;;Rue Biscornet;75012;75112;Paris 12e Arrondissement;;;653754.87;6861254.92;2.369809;48.849676;parcelle;;;PARIS;RUE BISCORNET;commune;commune;vrai;
75112_0984_00002;75112_0984;2;;Rue Biscornet;75012;75112;Paris 12e Arrondissement;;;653771.56;6861239.66;2.370038;48.84954;parcelle;;;PARIS;RUE BISCORNET;commune;commune;vrai;
75112_0984_00003;75112_0984;3;;Rue Biscornet;75012;75112;Paris 12e Arrondissement;;;653753.64;6861266.27;2.369791;48.849778;parcelle;;;PARIS;RUE BISCORNET;commune;commune;vrai;
75112_0984_00004;75112_0984;4;;Rue Biscornet;75012;75112;Paris 12e Arrondissement;;;653770.6;6861248.9;2.370024;48.849623;parcelle;;;PARIS;RUE BISCORNET;commune;commune;vrai;
75112_0984_00005;75112_0984;5;;Rue Biscornet;75012;75112;Paris 12e Arrondissement;;;653752.34;6861277.84;2.369772;48.849882;parcelle;;;PARIS;RUE BISCORNET;commune;commune;vrai;
75112_0984_00006;75112_0984;6;;Rue Biscornet;75012;75112;Paris 12e Arrondissement;;;653769.51;6861258.58;2.370008;48.84971;parcelle;;;PARIS;RUE BISCORNET;commune;commune;vrai;
75112_0984_00007;75112_0984;7;;Rue Biscornet;75012;75112;Paris 12e Arrondissement;;;653750.7;6861292.87;2.369748;48.850017;parcelle;;;PARIS;RUE BISCORNET;commune;commune;vrai;
75112_0984_00008;75112_0984;8;;Rue Biscornet;75012;75112;Paris 12e Arrondissement;;;653768.07;6861271.6;2.369987;48.849827;parcelle;;;PARIS;RUE BISCORNET;commune;commune;vrai;
75112_0984_00009;75112_0984;9;;Rue Biscornet;75012;75112;Paris 12e Arrondissement;;;653747.9;6861318.47;2.369707;48.850247;parcelle;;;PARIS;RUE BISCORNET;commune;commune;vrai;
75112_0984_00010;75112_0984;10;;Rue Biscornet;75012;75112;Paris 12e Arrondissement;;;653765.54;6861294.75;2.36995;48.850035;parcelle;;;PARIS;RUE BISCORNET;commune;commune;vrai;
75112_0984_00011;75112_0984;11;;Rue Biscornet;75012;75112;Paris 12e Arrondissement;;;653744.75;6861347.07;2.369661;48.850504;parcelle;;;PARIS;RUE BISCORNET;commune;commune;vrai;
75112_0984_00012;75112_0984;12;;Rue Biscornet;75012;75112;Paris 12e Arrondissement;;;653763.28;6861315.12;2.369917;48.850218;parcelle;;;PARIS;RUE BISCORNET;commune;commune;vrai;
75112_0984_00013;75112_0984;13;;Rue Biscornet;75012;75112;Paris 12e Arrondissement;;;653742.9;6861363.76;2.369634;48.850654;parcelle;;;PARIS;RUE BISCORNET;commune;commune;vrai;
75112_0984_00014;75112_0984;14;;Rue Biscornet;75012;75112;Paris 12e Arrondissement;;;653761.23;6861333.82;2.369887;48.850386;parcelle;;;PARIS;RUE BISCORNET;commune;commune;vrai;
75112_0984_00015;75112_0984;15;;Rue Biscornet;75012;75112;Paris 12e Arrondissement;;;653741.12;6861380.12;2.369608;48.850801;parcelle;;;PARIS;RUE BISCORNET;commune;commune;vrai;
75112_0984_00016;75112_0984;16;;Rue Biscornet;75012;75112;Paris 12e Arrondissement;;;653759.45;6861350.51;2.369861;48.850536;parcelle;;;PARIS;RUE BISCORNET;commune;commune;vrai;
75112_0984_00017;75112_0984;17;;Rue Biscornet;75012;75112;Paris 12e Arrondissement;;;653739.21;6861397.49;2.36958;48.850957;parcelle;;;PARIS;RUE BISCORNET;commune;commune;vrai;
75112_0984_00018;75112_0984;18;;Rue Biscornet;75012;75112;Paris 12e Arrondissement;;;653757.74;6861365.98;2.369836;48.850675;parcelle;;;PARIS;RUE BISCORNET;commune;commune;vrai;
75112_0984_00019;75112_0984;19;;Rue Biscornet;75012;75112;Paris 12e Arrondissement;;;653737.84;6861410.17;2.36956;48.851071;parcelle;;;PARIS;RUE BISCORNET;commune;commune;vrai;
75112_0984_00020;75112_0984;20;;Rue Biscornet;75012;75112;Paris 12e Arrondissement;;;653756.17;6861379.89;2.369813;48.8508;parcelle;;;PARIS;RUE BISCORNET;commune;commune;vrai;
75112_0984_00021;75112_0984;21;;Rue Biscornet;75012;75112;Paris 12e Arrondissement;;;653736.06;6861425.98;2.369534;48.851213;parcelle;;;PARIS;RUE BISCORNET;commune;commune;vrai;
75112_0984_00022;75112_0984;22;;Rue Biscornet;75012;75112;Paris 12e Arrondissement;;;653754.66;6861393.92;2.369791;48.850926;parcelle;;;PARIS;RUE BISCORNET;commune;commune;vrai;
75112_0984_00023;75112_0984;23;;Rue Biscornet;75012;75112;Paris 12e Arrondissement;;;653728.66;6861436.93;2.369432;48.851311;parcelle;;;PARIS;RUE BISCORNET;commune;commune;vrai;
75112_0984_00024;75112_0984;24;;Rue Biscornet;75012;75112;Paris 12e Arrondissement;;;653753.22;6861406.71;2.36977;48.851041;parcelle;;;PARIS;RUE BISCORNET;commune;commune;vrai;
75112_0984_00026;75112_0984;26;;Rue Biscornet;75012;75112;Paris 12e Arrondissement;;;653751.24;6861424.86;2.369741;48.851204;parcelle;;;PARIS;RUE BISCORNET;commune;commune;vrai;
75112_0984_00028;75112_0984;28;;Rue Biscornet;75012;75112;Paris 12e Arrondissement;;;653734.78;6861458.46;2.369513;48.851505;parcelle;;;PARIS;RUE BISCORNET;commune;commune;vrai;
75112_9423_00001;75112_9423;1;;Rue Traversière;75012;75112;Paris 12e Arrondissement;;;653710.29;6860717.41;2.36926;48.844839;parcelle;;;PARIS;RUE TRAVERSIERE;commune;commune;vrai;
75112_9423_00002;75112_9423;2;;Rue Traversière;75012;75112;Paris 12e Arrondissement;;;653727.98;6860717.27;2.369501;48.844839;parcelle;;;PARIS;RUE TRAVERSIERE;commune;commune;vrai;
75112_9423_00004;75112_9423;4;;Rue Traversière;75012;75112;Paris 12e Arrondissement;;;653737.67;6860727.2;2.369632;48.844929;parcelle;;;PARIS;RUE TRAVERSIERE;commune;commune;vrai;
75112_9423_00005;75112_9423;5;;Rue Traversière;75012;75112;Paris 12e Arrondissement;;;653724.5;6860732.09;2.369452;48.844972;parcelle;;;PARIS;RUE TRAVERSIERE;commune;commune;vrai;
75112_9423_00006;75112_9423;6;;Rue Traversière;75012;75112;Paris 12e Arrondissement;;;653749.14;6860739.12;2.369787;48.845037;parcelle;;;PARIS;RUE TRAVERSIERE;commune;commune;vrai;
75112_9423_00007;75112_9423;7;;Rue Traversière;75012;75112;Paris 12e Arrondissement;;;653736.34;6860744.22;2.369612;48.845082;parcelle;;;PARIS;RUE TRAVERSIERE;commune;commune;vrai;
75112_9423_00008;75112_9423;8;;Rue Traversière;75012;75112;Paris 12e Arrondissement;;;653759.95;6860750.26;2.369933;48.845138;parcelle;;;PARIS;RUE TRAVERSIERE;commune;commune;vrai;
75112_9423_00009;75112_9423;9;;Rue Traversière;75012;75112;Paris 12e Arrondissement;;;653746.92;6860755.26;2.369755;48.845182;parcelle;;;PARIS;RUE TRAVERSIERE;commune;commune;vrai;
75112_9423_00010;75112_9423;10;;Rue Traversière;75012;75112;Paris 12e Arrondissement;;;653768.98;6860759.64;2.370055;48.845223;parcelle;;;PARIS;RUE TRAVERSIERE;commune;commune;vrai;
75112_9423_00011;75112_9423;11;;Rue Traversière;75012;75112;Paris 12e Arrondissement;;;653797.4;6860807.9;2.370437;48.845659;parcelle;;;PARIS;RUE TRAVERSIERE;commune;commune;vrai;
75112_9423_00012;75112_9423;12;;Rue Traversière;75012;75112;Paris 12e Arrondissement;;;653824.03;6860816.58;2.370799;48.845739;parcelle;;;PARIS;RUE TRAVERSIERE;commune;commune;vrai;
75112_9423_00013;75112_9423;13;;Rue Traversière;75012;75112;Paris 12e Arrondissement;;;653812.42;6860823.46;2.37064;48.8458;parcelle;;;PARIS;RUE TRAVERSIERE;commune;commune;vrai;
75112_9423_00014;75112_9423;14;;Rue Traversière;75012;75112;Paris 12e Arrondissement;;;653845.42;6860839.09;2.371088;48.845943;parcelle;;;PARIS;RUE TRAVERSIERE;commune;commune;vrai;
75112_9423_00015;75112_9423;15;;Rue Traversière;75012;75112;Paris 12e Arrondissement;;;653838.32;6860850.6;2.37099;48.846046;parcelle;;;PARIS;RUE TRAVERSIERE;commune;commune;vrai;
75112_9423_00016;75112_9423;16;;Rue Traversière;75012;75112;Paris 12e Arrondissement;;;653854.97;6860849.14;2.371217;48.846034;parcelle;;;PARIS;RUE TRAVERSIERE;commune;commune;vrai;
75112_9423_00017;75112_9423;17;;Rue Traversière;75012;75112;Paris 12e Arrondissement;;;653862.3;6860875.99;2.371314;48.846276;parcelle;;;PARIS;RUE TRAVERSIERE;commune;commune;vrai;
75112_9423_00018;75112_9423;18;;Rue Traversière;75012;75112;Paris 12e Arrondissement;;;653864.3;6860858.96;2.371343;48.846123;parcelle;;;PARIS;RUE TRAVERSIERE;commune;commune;vrai;
75112_9423_00019;75112_9423;19;;Rue Traversière;75012;75112;Paris 12e Arrondissement;;;653870.3;6860884.49;2.371422;48.846353;parcelle;;;PARIS;RUE TRAVERSIERE;commune;commune;vrai;
75112_9423_00020;75112_9423;20;;Rue Traversière;75012;75112;Paris 12e Arrondissement;;;653874.29;6860869.55;2.371478;48.846219;parcelle;;;PARIS;RUE TRAVERSIERE;commune;commune;vrai;
75112_9423_00021;75112_9423;21;;Rue Traversière;75012;75112;Paris 12e Arrondissement;;;653879.55;6860894.31;2.371547;48.846442;parcelle;;;PARIS;RUE TRAVERSIERE;commune;commune;vrai;
75112_9423_00022;75112_9423;22;;Rue Traversière;75012;75112;Paris 12e Arrondissement;;;653890.72;6860886.77;2.3717;48.846375;parcelle;;;PARIS;RUE TRAVERSIERE;commune;commune;vrai;
75112_9423_00023;75112_9423;23;;Rue Traversière;75012;75112;Paris 12e Arrondissement;;;653889.17;6860904.35;2.371677;48.846533;parcelle;;;PARIS;RUE TRAVERSIERE;commune;commune;vrai;
75112_9423_00024;75112_9423;24;;Rue Traversière;75012;75112;Paris 12e Arrondissement;;;653963.97;6860962.14;2.37269;48.847058;parcelle;;;PARIS;RUE TRAVERSIERE;commune;commune;vrai;
75112_9423_00025;75112_9423;25;;Rue Traversière;75012;75112;Paris 12e Arrondissement;;;653931.28;6860948.05;2.372246;48.846929;parcelle;;;PARIS;RUE TRAVERSIERE;commune;commune;vrai;
75112_9423_00026;75112_9423;26;;Rue Traversière;75012;75112;Paris 12e Arrondissement;;;653985.95;6860985.09;2.372987;48.847266;parcelle;;;PARIS;RUE TRAVERSIERE;commune;commune;vrai;
75112_9423_00027;75112_9423;27;;Rue Traversière;75012;75112;Paris 12e Arrondissement;;;653939.71;6860956.88;2.37236;48.847009;parcelle;;;PARIS;RUE TRAVERSIERE;commune;commune;vrai;
75112_9423_00028;75112_9423;28;;Rue Traversière;75012;75112;Paris 12e Arrondissement;;;654013.04;6861013.45;2.373353;48.847523;parcelle;;;PARIS;RUE TRAVERSIERE;commune;commune;vrai;
75112_9423_00029;75112_9423;29;;Rue Traversière;75012;75112;Paris 12e Arrondissement;;;653946.3;6860963.83;2.372449;48.847072;parcelle;;;PARIS;RUE TRAVERSIERE;commune;commune;vrai;
75112_9423_00030;75112_9423;30;;Rue Traversière;75012;75112;Paris 12e Arrondissement;;;654071.98;6861098.39;2.374147;48.848291;parcelle;;;PARIS;RUE TRAVERSIERE;commune;commune;vrai;
75112_9423_00031;75112_9423;31;;Rue Traversière;75012;75112;Paris 12e Arrondissement;;;653958.14;6860976.3;2.372609;48.847185;parcelle;;;PARIS;RUE TRAVERSIERE;commune;commune;vrai;
75112_9423_00032;75112_9423;32;;Rue Traversière;75012;75112;Paris 12e Arrondissement;;;654080.17;6861113.55;2.374257;48.848428;parcelle;;;PARIS;RUE TRAVERSIERE;commune;commune;vrai;
75112_9423_00033;75112_9423;33;;Rue Traversière;75012;75112;Paris 12e Arrondissement;;;653968.5;6860987.12;2.372749;48.847283;parcelle;;;PARIS;RUE TRAVERSIERE;commune;commune;vrai;
75112_9423_00034;75112_9423;34;;Rue Traversière;75012;75112;Paris 12e Arrondissement;;;654087.71;6861128.95;2.374358;48.848567;parcelle;;;PARIS;RUE TRAVERSIERE;commune;commune;vrai;
75112_9423_00035;75112_9423;35;;Rue Traversière;75012;75112;Paris 12e Arrondissement;;;653980.86;6861000.14;2.372916;48.847401;parcelle;;;PARIS;RUE TRAVERSIERE;commune;commune;vrai;
75112_9423_00036;75112_9423;36;;Rue Traversière;75012;75112;Paris 12e Arrondissement;;;654095.31;6861143.12;2.37446;48.848695;parcelle;;;PARIS;RUE TRAVERSIERE;commune;commune;vrai;
75112_9423_00037;75112_9423;37;;Rue Traversière;75012;75112;Paris 12e Arrondissement;;;653986.31;6861011.77;2.372989;48.847506;parcelle;;;PARIS;RUE TRAVERSIERE;commune;commune;vrai;
75112_9423_00038;75112_9423;38;;Rue Traversière;75012;75112;Paris 12e Arrondissement;;;654100.88;6861152.42;2.374535;48.848779;parcelle;;;PARIS;RUE TRAVERSIERE;commune;commune;vrai;
75112_9423_00039;75112_9423;39;;Rue Traversière;75012;75112;Paris 12e Arrondissement;;;653990.68;6861016.41;2.373048;48.847548;parcelle;;;PARIS;RUE TRAVERSIERE;commune;commune;vrai;
75112_9423_00040;75112_9423;40;;Rue Traversière;75012;75112;Paris 12e Arrondissement;;;654114.22;6861177.45;2.374714;48.849005;parcelle;;;PARIS;RUE TRAVERSIERE;commune;commune;vrai;
75112_9423_00041;75112_9423;41;;Rue Traversière;75012;75112;Paris 12e Arrondissement;;;654005.13;6861025.53;2.373244;48.847631;parcelle;;;PARIS;RUE TRAVERSIERE;commune;commune;vrai;
75112_9423_00042;75112_9423;42;;Rue Traversière;75012;75112;Paris 12e Arrondissement;;;654129.64;6861206.9;2.374921;48.849271;parcelle;;;PARIS;RUE TRAVERSIERE;commune;commune;vrai;
75112_9423_00043;75112_9423;43;;Rue Traversière;75012;75112;Paris 12e Arrondissement;;;654023.34;6861044.62;2.37349;48.847804;parcelle;;;PARIS;RUE TRAVERSIERE;commune;commune;vrai;
75112_9423_00044;75112_9423;44;;Rue Traversière;75012;75112;Paris 12e Arrondissement;;;654132.25;6861212.44;2.374956;48.849321;parcelle;;;PARIS;RUE TRAVERSIERE;commune;commune;vrai;
75112_9423_00045;75112_9423;45;;Rue Traversière;75012;75112;Paris 12e Arrondissement;;;654029.11;6861050.69;2.373568;48.847859;parcelle;;;PARIS;RUE TRAVERSIERE;commune;commune;vrai;
75112_9423_00046;75112_9423;46;;Rue Traversière;75012;75112;Paris 12e Arrondissement;;;654136.66;6861221.86;2.375015;48.849406;parcelle;;;PARIS;RUE TRAVERSIERE;commune;commune;vrai;
75112_9423_00048;75112_9423;48;;Rue Traversière;75012;75112;Paris 12e Arrondissement;;;654140.84;6861230.83;2.375071;48.849487;parcelle;;;PARIS;RUE TRAVERSIERE;commune;commune;vrai;
75112_9423_00050;75112_9423;50;;Rue Traversière;75012;75112;Paris 12e Arrondissement;;;654145.54;6861240.91;2.375134;48.849578;parcelle;;;PARIS;RUE TRAVERSIERE;commune;commune;vrai;
75112_9423_00051;75112_9423;51;;Rue Traversière;75012;75112;Paris 12e Arrondissement;;;654054.33;6861093.74;2.373907;48.848248;parcelle;;;PARIS;RUE TRAVERSIERE;commune;commune;vrai;
75112_9423_00052;75112_9423;52;;Rue Traversière;75012;75112;Paris 12e Arrondissement;;;654151.66;6861254.1;2.375216;48.849697;parcelle;;;PARIS;RUE TRAVERSIERE;commune;commune;vrai;
75112_9423_00053;75112_9423;53;;Rue Traversière;75012;75112;Paris 12e Arrondissement;;;654059.69;6861103.38;2.373979;48.848335;parcelle;;;PARIS;RUE TRAVERSIERE;commune;commune;vrai;
75112_9423_00055;75112_9423;55;;Rue Traversière;75012;75112;Paris 12e Arrondissement;;;654067.73;6861118.21;2.374087;48.848469;parcelle;;;PARIS;RUE TRAVERSIERE;commune;commune;vrai;
75112_9423_00056;75112_9423;56;;Rue Traversière;75012;75112;Paris 12e Arrondissement;;;654156.22;6861263.85;2.375277;48.849785;parcelle;;;PARIS;RUE TRAVERSIERE;commune;commune;vrai;
75112_9423_00057;75112_9423;57;;Rue Traversière;75012;75112;Paris 12e Arrondissement;;;654075.11;6861131.83;2.374186;48.848592;parcelle;;;PARIS;RUE TRAVERSIERE;commune;commune;vrai;
75112_9423_00058;75112_9423;58;;Rue Traversière;75012;75112;Paris 12e Arrondissement;;;654159.88;6861271.6;2.375326;48.849855;parcelle;;;PARIS;RUE TRAVERSIERE;commune;commune;vrai;
75112_9423_00059;75112_9423;59;;Rue Traversière;75012;75112;Paris 12e Arrondissement;;;654087.47;6861154.75;2.374352;48.848799;parcelle;;;PARIS;RUE TRAVERSIERE;commune;commune;vrai;
75112_9423_00060;75112_9423;60;;Rue Traversière;75012;75112;Paris 12e Arrondissement;;;654164.65;6861281.8;2.37539;48.849947;parcelle;;;PARIS;RUE TRAVERSIERE;commune;commune;vrai;
75112_9423_00061;75112_9423;61;;Rue Traversière;75012;75112;Paris 12e Arrondissement;;;654094.99;6861168.59;2.374453;48.848924;parcelle;;;PARIS;RUE TRAVERSIERE;commune;commune;vrai;
75112_9423_00062;75112_9423;62;;Rue Traversière;75012;75112;Paris 12e Arrondissement;;;654169.13;6861291.43;2.37545;48.850034;parcelle;;;PARIS;RUE TRAVERSIERE;commune;commune;vrai;
75112_9423_00063;75112_9423;63;;Rue Traversière;75012;75112;Paris 12e Arrondissement;;;654104.15;6861185.53;2.374576;48.849077;parcelle;;;PARIS;RUE TRAVERSIERE;commune;commune;vrai;
75112_9423_00064;75112_9423;64;;Rue Traversière;75012;75112;Paris 12e Arrondissement;;;654176.07;6861306.06;2.375543;48.850166;parcelle;;;PARIS;RUE TRAVERSIERE;commune;commune;vrai;
75112_9423_00065;75112_9423;65;;Rue Traversière;75012;75112;Paris 12e Arrondissement;;;654124.59;6861226.4;2.37485;48.849446;parcelle;;;PARIS;RUE TRAVERSIERE;commune;commune;vrai;
75112_9423_00067;75112_9423;67;;Rue Traversière;75012;75112;Paris 12e Arrondissement;;;654135.48;6861249.67;2.374996;48.849656;parcelle;;;PARIS;RUE TRAVERSIERE;commune;commune;vrai;
75112_9423_00069;75112_9423;69;;Rue Traversière;75012;75112;Paris 12e Arrondissement;;;654147.6;6861268.92;2.375159;48.84983;parcelle;;;PARIS;RUE TRAVERSIERE;commune;commune;vrai;
75112_9423_00071;75112_9423;71;;Rue Traversière;75012;75112;Paris 12e Arrondissement;;;654154.91;6861284.54;2.375257;48.849971;parcelle;;;PARIS;RUE TRAVERSIERE;commune;commune;vrai;
75112_9423_00073;75112_9423;73;;Rue Traversière;75012;75112;Paris 12e Arrondissement;;;654160.37;6861296.4;2.37533;48.850078;parcelle;;;PARIS;RUE TRAVERSIERE;commune;commune;vrai;
75112_9423_00075;75112_9423;75;;Rue Traversière;75012;75112;Paris 12e Arrondissement;;;654165.66;6861307.7;2.375401;48.85018;parcelle;;;PARIS;RUE TRAVERSIERE;commune;commune;vrai;
75112_9423_00076;75112_9423;76;;Rue Traversière;75012;75112;Paris 12e Arrondissement;;;654203.84;6861365.22;2.375915;48.8507;parcelle;;;PARIS;RUE TRAVERSIERE;commune;commune;vrai;
75112_9423_00077;75112_9423;77;;Rue Traversière;75012;75112;Paris 12e Arrondissement;;;654175.27;6861334.75;2.375529;48.850424;parcelle;;;PARIS;RUE TRAVERSIERE;commune;commune;vrai;
75112_9423_00078;75112_9423;78;;Rue Traversière;75012;75112;Paris 12e Arrondissement;;;654208.02;6861374.3;2.375971;48.850782;parcelle;;;PARIS;RUE TRAVERSIERE;commune;commune;vrai;
75112_9423_00080;75112_9423;80;;Rue Traversière;75012;75112;Paris 12e Arrondissement;;;654219.07;6861398.12;2.376119;48.850997;parcelle;;;PARIS;RUE TRAVERSIERE;commune;commune;vrai;
75112_9423_00075_b;75112_9423;75;b;Rue Traversière;75012;75112;Paris 12e Arrondissement;;;654166.61;6861316.36;2.375413;48.850258;parcelle;;;PARIS;RUE TRAVERSIERE;commune;commune;vrai;
75112_9423_00022_b;75112_9423;22;b;Rue Traversière;75012;75112;Paris 12e Arrondissement;;;653945.84;6860943.15;2.372445;48.846886;parcelle;;;PARIS;RUE TRAVERSIERE;commune;commune;vrai;
75112_9423_00030_b;75112_9423;30;b;Rue Traversière;75012;75112;Paris 12e Arrondissement;;;654074.51;6861102.92;2.374181;48.848332;parcelle;;;PARIS;RUE TRAVERSIERE;commune;commune;vrai;
75112_9423_00028_t;75112_9423;28;t;Rue Traversière;75012;75112;Paris 12e Arrondissement;;;654030.13;6861031.33;2.373584;48.847685;parcelle;;;PARIS;RUE TRAVERSIERE;commune;commune;vrai;
75112_9423_00022_t;75112_9423;22;t;Rue Traversière;75012;75112;Paris 12e Arrondissement;;;653954.5;6860952.2;2.372562;48.846968;parcelle;;;PARIS;RUE TRAVERSIERE;commune;commune;vrai;
75112_9423_00011_b;75112_9423;11;b;Rue Traversière;75012;75112;Paris 12e Arrondissement;;;653802.35;6860813.08;2.370504;48.845706;parcelle;;;PARIS;RUE TRAVERSIERE;commune;commune;vrai;
75112_9423_00026_b;75112_9423;26;b;Rue Traversière;75012;75112;Paris 12e Arrondissement;;;653994.46;6860994.03;2.373102;48.847347;parcelle;;;PARIS;RUE TRAVERSIERE;commune;commune;vrai;
75112_9423_00057_b;75112_9423;57;b;Rue Traversière;75012;75112;Paris 12e Arrondissement;;;654077.86;6861136.81;2.374223;48.848637;parcelle;;;PARIS;RUE TRAVERSIERE;commune;commune;vrai;
75112_9423_00057_t;75112_9423;57;t;Rue Traversière;75012;75112;Paris 12e Arrondissement;;;654080.32;6861141.24;2.374256;48.848677;parcelle;;;PARIS;RUE TRAVERSIERE;commune;commune;vrai;
75112_9423_00038_b;75112_9423;38;b;Rue Traversière;75012;75112;Paris 12e Arrondissement;;;654105.73;6861161.5;2.3746;48.848861;parcelle;;;PARIS;RUE TRAVERSIERE;commune;commune;vrai;
75112_9423_00028_b;75112_9423;28;b;Rue Traversière;75012;75112;Paris 12e Arrondissement;;;654022.51;6861023.39;2.373481;48.847613;parcelle;;;PARIS;RUE TRAVERSIERE;commune;commune;vrai;
75112_9423_00015_b;75112_9423;15;b;Rue Traversière;75012;75112;Paris 12e Arrondissement;;;653847.87;6860860.65;2.371119;48.846137;parcelle;;;PARIS;RUE TRAVERSIERE;commune;commune;vrai;
75112_9423_00024_b;75112_9423;24;b;Rue Traversière;75012;75112;Paris 12e Arrondissement;;;653976.18;6860974.94;2.372855;48.847174;parcelle;;;PARIS;RUE TRAVERSIERE;commune;commune;vrai;
75112_9423_00026_t;75112_9423;26;t;Rue Traversière;75012;75112;Paris 12e Arrondissement;;;654003.12;6861003.08;2.373219;48.847429;parcelle;;;PARIS;RUE TRAVERSIERE;commune;commune;vrai;
75112_3514_00002;75112_3514;2;;Rue du Faubourg Saint-Antoine;75012;75112;Paris 12e Arrondissement;;;653813.53;6861625.63;2.370568;48.853014;parcelle;;;PARIS;RUE DU FAUBOURG SAINT ANTOINE;commune;commune;vrai;
75112_3514_00004;75112_3514;4;;Rue du Faubourg Saint-Antoine;75012;75112;Paris 12e Arrondissement;;;653820.66;6861617.9;2.370666;48.852945;parcelle;;;PARIS;RUE DU FAUBOURG SAINT ANTOINE;commune;commune;vrai;
75112_3514_00006;75112_3514;6;;Rue du Faubourg Saint-Antoine;75012;75112;Paris 12e Arrondissement;;;653826.84;6861611.18;2.370751;48.852885;parcelle;;;PARIS;RUE DU FAUBOURG SAINT ANTOINE;commune;commune;vrai;
75112_3514_00008;75112_3514;8;;Rue du Faubourg Saint-Antoine;75012;75112;Paris 12e Arrondissement;;;653830.26;6861607.48;2.370798;48.852852;parcelle;;;PARIS;RUE DU FAUBOURG SAINT ANTOINE;commune;commune;vrai;
75112_3514_00010;75112_3514;10;;Rue du Faubourg Saint-Antoine;75012;75112;Paris 12e Arrondissement;;;653833.39;6861604.01;2.370841;48.852821;parcelle;;;PARIS;RUE DU FAUBOURG SAINT ANTOINE;commune;commune;vrai;
75112_3514_00012;75112_3514;12;;Rue du Faubourg Saint-Antoine;75012;75112;Paris 12e Arrondissement;;;653837.4;6861600.2;2.370896;48.852787;parcelle;;;PARIS;RUE DU FAUBOURG SAINT ANTOINE;commune;commune;vrai;
75112_3514_00014;75112_3514;14;;Rue du Faubourg Saint-Antoine;75012;75112;Paris 12e Arrondissement;;;653841.84;6861596.49;2.370957;48.852754;parcelle;;;PARIS;RUE DU FAUBOURG SAINT ANTOINE;commune;commune;vrai;
75112_3514_00016;75112_3514;16;;Rue du Faubourg Saint-Antoine;75012;75112;Paris 12e Arrondissement;;;653845.92;6861593.12;2.371013;48.852724;parcelle;;;PARIS;RUE DU FAUBOURG SAINT ANTOINE;commune;commune;vrai;
75112_3514_00018;75112_3514;18;;Rue du Faubourg Saint-Antoine;75012;75112;Paris 12e Arrondissement;;;653850.74;6861589.19;2.371079;48.852689;parcelle;;;PARIS;RUE DU FAUBOURG SAINT ANTOINE;commune;commune;vrai;
75112_3514_00020;75112_3514;20;;Rue du Faubourg Saint-Antoine;75012;75112;Paris 12e Arrondissement;;;653856.2;6861584.59;2.371154;48.852648;parcelle;;;PARIS;RUE DU FAUBOURG SAINT ANTOINE;commune;commune;vrai;
75112_3514_00022;75112_3514;22;;Rue du Faubourg Saint-Antoine;75012;75112;Paris 12e Arrondissement;;;653860.36;6861581.22;2.371211;48.852618;parcelle;;;PARIS;RUE DU FAUBOURG SAINT ANTOINE;commune;commune;vrai;
75112_3514_00024;75112_3514;24;;Rue du Faubourg Saint-Antoine;75012;75112;Paris 12e Arrondissement;;;653866.34;6861576.06;2.371293;48.852572;parcelle;;;PARIS;RUE DU FAUBOURG SAINT ANTOINE;commune;commune;vrai;
75112_3514_00026;75112_3514;26;;Rue du Faubourg Saint-Antoine;75012;75112;Paris 12e Arrondissement;;;653872.1;6861571.56;2.371372;48.852532;parcelle;;;PARIS;RUE DU FAUBOURG SAINT ANTOINE;commune;commune;vrai;
75112_3514_00028;75112_3514;28;;Rue du Faubourg Saint-Antoine;75012;75112;Paris 12e Arrondissement;;;653878.3;6861566.84;2.371457;48.85249;parcelle;;;PARIS;RUE DU FAUBOURG SAINT ANTOINE;commune;commune;vrai;
75112_3514_00030;75112_3514;30;;Rue du Faubourg Saint-Antoine;75012;75112;Paris 12e Arrondissement;;;653892.02;6861557.51;2.371645;48.852407;parcelle;;;PARIS;RUE DU FAUBOURG SAINT ANTOINE;commune;commune;vrai;
75112_3514_00032;75112_3514;32;;Rue du Faubourg Saint-Antoine;75012;75112;Paris 12e Arrondissement;;;653899.03;6861553.56;2.371741;48.852372;parcelle;;;PARIS;RUE DU FAUBOURG SAINT ANTOINE;commune;commune;vrai;
75112_3514_00034;75112_3514;34;;Rue du Faubourg Saint-Antoine;75012;75112;Paris 12e Arrondissement;;;653907.21;6861548.93;2.371853;48.852331;parcelle;;;PARIS;RUE DU FAUBOURG SAINT ANTOINE;commune;commune;vrai;
75112_3514_00036;75112_3514;36;;Rue du Faubourg Saint-Antoine;75012;75112;Paris 12e Arrondissement;;;653916.13;6861544.3;2.371975;48.85229;parcelle;;;PARIS;RUE DU FAUBOURG SAINT ANTOINE;commune;commune;vrai;
75112_3514_00038;75112_3514;38;;Rue du Faubourg Saint-Antoine;75012;75112;Paris 12e Arrondissement;;;653922.56;6861541.25;2.372063;48.852263;parcelle;;;PARIS;RUE DU FAUBOURG SAINT ANTOINE;commune;commune;vrai;
75112_3514_00040;75112_3514;40;;Rue du Faubourg Saint-Antoine;75012;75112;Paris 12e Arrondissement;;;653932.87;6861536.5;2.372204;48.852221;parcelle;;;PARIS;RUE DU FAUBOURG SAINT ANTOINE;commune;commune;vrai;
75112_3514_00042;75112_3514;42;;Rue du Faubourg Saint-Antoine;75012;75112;Paris 12e Arrondissement;;;653941.43;6861532.54;2.372321;48.852186;parcelle;;;PARIS;RUE DU FAUBOURG SAINT ANTOINE;commune;commune;vrai;
75112_3514_00044;75112_3514;44;;Rue du Faubourg Saint-Antoine;75012;75112;Paris 12e Arrondissement;;;653948.88;6861529.03;2.372423;48.852155;parcelle;;;PARIS;RUE DU FAUBOURG SAINT ANTOINE;commune;commune;vrai;
75112_3514_00046;75112_3514;46;;Rue du Faubourg Saint-Antoine;75012;75112;Paris 12e Arrondissement;;;653956.49;6861525.52;2.372527;48.852124;parcelle;;;PARIS;RUE DU FAUBOURG SAINT ANTOINE;commune;commune;vrai;
75112_3514_00048;75112_3514;48;;Rue du Faubourg Saint-Antoine;75012;75112;Paris 12e Arrondissement;;;653965.7;6861521.22;2.372653;48.852086;parcelle;;;PARIS;RUE DU FAUBOURG SAINT ANTOINE;commune;commune;vrai;
75112_3514_00050;75112_3514;50;;Rue du Faubourg Saint-Antoine;75012;75112;Paris 12e Arrondissement;;;653977.69;6861515.68;2.372817;48.852037;parcelle;;;PARIS;RUE DU FAUBOURG SAINT ANTOINE;commune;commune;vrai;
75112_3514_00052;75112_3514;52;;Rue du Faubourg Saint-Antoine;75012;75112;Paris 12e Arrondissement;;;653991.65;6861509.23;2.373008;48.85198;parcelle;;;PARIS;RUE DU FAUBOURG SAINT ANTOINE;commune;commune;vrai;
75112_3514_00054;75112_3514;54;;Rue du Faubourg Saint-Antoine;75012;75112;Paris 12e Arrondissement;;;653997.29;6861506.96;2.373085;48.85196;parcelle;;;PARIS;RUE DU FAUBOURG SAINT ANTOINE;commune;commune;vrai;
75112_3514_00056;75112_3514;56;;Rue du Faubourg Saint-Antoine;75012;75112;Paris 12e Arrondissement;;;654001.38;6861505.15;2.373141;48.851944;parcelle;;;PARIS;RUE DU FAUBOURG SAINT ANTOINE;commune;commune;vrai;
75112_3514_00058;75112_3514;58;;Rue du Faubourg Saint-Antoine;75012;75112;Paris 12e Arrondissement;;;654008.62;6861502.09;2.37324;48.851917;parcelle;;;PARIS;RUE DU FAUBOURG SAINT ANTOINE;commune;commune;vrai;
75112_3514_00060;75112_3514;60;;Rue du Faubourg Saint-Antoine;75012;75112;Paris 12e Arrondissement;;;654017.55;6861498.35;2.373362;48.851884;parcelle;;;PARIS;RUE DU FAUBOURG SAINT ANTOINE;commune;commune;vrai;
75112_3514_00062;75112_3514;62;;Rue du Faubourg Saint-Antoine;75012;75112;Paris 12e Arrondissement;;;654023.62;6861495.86;2.373445;48.851862;parcelle;;;PARIS;RUE DU FAUBOURG SAINT ANTOINE;commune;commune;vrai;
75112_3514_00064;75112_3514;64;;Rue du Faubourg Saint-Antoine;75012;75112;Paris 12e Arrondissement;;;654028.81;6861493.7;2.373516;48.851843;parcelle;;;PARIS;RUE DU FAUBOURG SAINT ANTOINE;commune;commune;vrai;
75112_3514_00066;75112_3514;66;;Rue du Faubourg Saint-Antoine;75012;75112;Paris 12e Arrondissement;;;654034;6861491.55;2.373587;48.851824;parcelle;;;PARIS;RUE DU FAUBOURG SAINT ANTOINE;commune;commune;vrai;
75112_3514_00068;75112_3514;68;;Rue du Faubourg Saint-Antoine;75012;75112;Paris 12e Arrondissement;;;654045.41;6861486.68;2.373743;48.851781;parcelle;;;PARIS;RUE DU FAUBOURG SAINT ANTOINE;commune;commune;vrai;
75112_3514_00070;75112_3514;70;;Rue du Faubourg Saint-Antoine;75012;75112;Paris 12e Arrondissement;;;654054.56;6861482.93;2.373868;48.851748;parcelle;;;PARIS;RUE DU FAUBOURG SAINT ANTOINE;commune;commune;vrai;
75112_3514_00072;75112_3514;72;;Rue du Faubourg Saint-Antoine;75012;75112;Paris 12e Arrondissement;;;654058.94;6861481.12;2.373928;48.851732;parcelle;;;PARIS;RUE DU FAUBOURG SAINT ANTOINE;commune;commune;vrai;
75112_3514_00074;75112_3514;74;;Rue du Faubourg Saint-Antoine;75012;75112;Paris 12e Arrondissement;;;654073.06;6861475.12;2.374121;48.851679;parcelle;;;PARIS;RUE DU FAUBOURG SAINT ANTOINE;commune;commune;vrai;
75112_3514_00076;75112_3514;76;;Rue du Faubourg Saint-Antoine;75012;75112;Paris 12e Arrondissement;;;654086.52;6861469.56;2.374305;48.85163;parcelle;;;PARIS;RUE DU FAUBOURG SAINT ANTOINE;commune;commune;vrai;
75112_3514_00078;75112_3514;78;;Rue du Faubourg Saint-Antoine;75012;75112;Paris 12e Arrondissement;;;654092.74;6861467.18;2.37439;48.851609;parcelle;;;PARIS;RUE DU FAUBOURG SAINT ANTOINE;commune;commune;vrai;
75112_3514_00080;75112_3514;80;;Rue du Faubourg Saint-Antoine;75012;75112;Paris 12e Arrondissement;;;654107.22;6861461.5;2.374588;48.851559;parcelle;;;PARIS;RUE DU FAUBOURG SAINT ANTOINE;commune;commune;vrai;
75112_3514_00082;75112_3514;82;;Rue du Faubourg Saint-Antoine;75012;75112;Paris 12e Arrondissement;;;654133.41;6861451.51;2.374946;48.851471;parcelle;;;PARIS;RUE DU FAUBOURG SAINT ANTOINE;commune;commune;vrai;
75112_3514_00084;75112_3514;84;;Rue du Faubourg Saint-Antoine;75012;75112;Paris 12e Arrondissement;;;654146;6861446.74;2.375118;48.851429;parcelle;;;PARIS;RUE DU FAUBOURG SAINT ANTOINE;commune;commune;vrai;
75112_3514_00086;75112_3514;86;;Rue du Faubourg Saint-Antoine;75012;75112;Paris 12e Arrondissement;;;654156.75;6861442.76;2.375265;48.851394;parcelle;;;PARIS;RUE DU FAUBOURG SAINT ANTOINE;commune;commune;vrai;
75112_3514_00088;75112_3514;88;;Rue du Faubourg Saint-Antoine;75012;75112;Paris 12e Arrondissement;;;654164.87;6861439.69;2.375376;48.851367;parcelle;;;PARIS;RUE DU FAUBOURG SAINT ANTOINE;commune;commune;vrai;
75112_3514_00090;75112_3514;90;;Rue du Faubourg Saint-Antoine;75012;75112;Paris 12e Arrondissement;;;654171.83;6861437.08;2.375471;48.851344;parcelle;;;PARIS;RUE DU FAUBOURG SAINT ANTOINE;commune;commune;vrai;
75112_3514_00092;75112_3514;92;;Rue du Faubourg Saint-Antoine;75012;75112;Paris 12e Arrondissement;;;654178.34;6861434.7;2.37556;48.851323;parcelle;;;PARIS;RUE DU FAUBOURG SAINT ANTOINE;commune;commune;vrai;
75112_3514_00094;75112_3514;94;;Rue du Faubourg Saint-Antoine;75012;75112;Paris 12e Arrondissement;;;654184.63;6861432.31;2.375646;48.851302;parcelle;;;PARIS;RUE DU FAUBOURG SAINT ANTOINE;commune;commune;vrai;
75112_3514_00096;75112_3514;96;;Rue du Faubourg Saint-Antoine;75012;75112;Paris 12e Arrondissement;;;654193.26;6861429.13;2.375764;48.851274;parcelle;;;PARIS;RUE DU FAUBOURG SAINT ANTOINE;commune;commune;vrai;
75112_3514_00100;75112_3514;100;;Rue du Faubourg Saint-Antoine;75012;75112;Paris 12e Arrondissement;;;654237.97;6861412.32;2.376375;48.851126;parcelle;;;PARIS;RUE DU FAUBOURG SAINT ANTOINE;commune;commune;vrai;
75112_3514_00102;75112_3514;102;;Rue du Faubourg Saint-Antoine;75012;75112;Paris 12e Arrondissement;;;654256.63;6861405.39;2.37663;48.851065;parcelle;;;PARIS;RUE DU FAUBOURG SAINT ANTOINE;commune;commune;vrai;
75112_3514_00104;75112_3514;104;;Rue du Faubourg Saint-Antoine;75012;75112;Paris 12e Arrondissement;;;654267.02;6861401.86;2.376772;48.851034;parcelle;;;PARIS;RUE DU FAUBOURG SAINT ANTOINE;commune;commune;vrai;
75112_3514_00106;75112_3514;106;;Rue du Faubourg Saint-Antoine;75012;75112;Paris 12e Arrondissement;;;654280.33;6861396.53;2.376954;48.850987;parcelle;;;PARIS;RUE DU FAUBOURG SAINT ANTOINE;commune;commune;vrai;
75112_3514_00112;75112_3514;112;;Rue du Faubourg Saint-Antoine;75012;75112;Paris 12e Arrondissement;;;654314.5;6861384.03;2.377421;48.850877;parcelle;;;PARIS;RUE DU FAUBOURG SAINT ANTOINE;commune;commune;vrai;
75112_3514_00118;75112_3514;118;;Rue du Faubourg Saint-Antoine;75012;75112;Paris 12e Arrondissement;;;654346.33;6861371.88;2.377856;48.85077;parcelle;;;PARIS;RUE DU FAUBOURG SAINT ANTOINE;commune;commune;vrai;
75112_3514_00120;75112_3514;120;;Rue du Faubourg Saint-Antoine;75012;75112;Paris 12e Arrondissement;;;654358.04;6861367.45;2.378016;48.850731;parcelle;;;PARIS;RUE DU FAUBOURG SAINT ANTOINE;commune;commune;vrai;
75112_3514_00122;75112_3514;122;;Rue du Faubourg Saint-Antoine;75012;75112;Paris 12e Arrondissement;;;654367.48;6861363.93;2.378145;48.8507;parcelle;;;PARIS;RUE DU FAUBOURG SAINT ANTOINE;commune;commune;vrai;
75112_3514_00124;75112_3514;124;;Rue du Faubourg Saint-Antoine;75012;75112;Paris 12e Arrondissement;;;654377.65;6861360.18;2.378284;48.850667;parcelle;;;PARIS;RUE DU FAUBOURG SAINT ANTOINE;commune;commune;vrai;
75112_3514_00126;75112_3514;126;;Rue du Faubourg Saint-Antoine;75012;75112;Paris 12e Arrondissement;;;654385.7;6861357.11;2.378394;48.85064;parcelle;;;PARIS;RUE DU FAUBOURG SAINT ANTOINE;commune;commune;vrai;
75112_3514_00128;75112_3514;128;;Rue du Faubourg Saint-Antoine;75012;75112;Paris 12e Arrondissement;;;654436.06;6861341.26;2.379082;48.850501;parcelle;;;PARIS;RUE DU FAUBOURG SAINT ANTOINE;commune;commune;vrai;
75112_3514_00138;75112_3514;138;;Rue du Faubourg Saint-Antoine;75012;75112;Paris 12e Arrondissement;;;654463.75;6861335.04;2.37946;48.850447;parcelle;;;PARIS;RUE DU FAUBOURG SAINT ANTOINE;commune;commune;vrai;
75112_3514_00140;75112_3514;140;;Rue du Faubourg Saint-Antoine;75012;75112;Paris 12e Arrondissement;;;654473.2;6861332.85;2.379589;48.850428;parcelle;;;PARIS;RUE DU FAUBOURG SAINT ANTOINE;commune;commune;vrai;
75112_3514_00142;75112_3514;142;;Rue du Faubourg Saint-Antoine;75012;75112;Paris 12e Arrondissement;;;654484.11;6861330.32;2.379738;48.850406;parcelle;;;PARIS;RUE DU FAUBOURG SAINT ANTOINE;commune;commune;vrai;
75112_3514_00144;75112_3514;144;;Rue du Faubourg Saint-Antoine;75012;75112;Paris 12e Arrondissement;;;654491.37;6861328.7;2.379837;48.850392;parcelle;;;PARIS;RUE DU FAUBOURG SAINT ANTOINE;commune;commune;vrai;
75112_3514_00146;75112_3514;146;;Rue du Faubourg Saint-Antoine;75012;75112;Paris 12e Arrondissement;;;654499.64;6861326.75;2.37995;48.850375;parcelle;;;PARIS;RUE DU FAUBOURG SAINT ANTOINE;commune;commune;vrai;
75112_3514_00148;75112_3514;148;;Rue du Faubourg Saint-Antoine;75012;75112;Paris 12e Arrondissement;;;654507.11;6861325.02;2.380052;48.85036;parcelle;;;PARIS;RUE DU FAUBOURG SAINT ANTOINE;commune;commune;vrai;
75112_3514_00150;75112_3514;150;;Rue du Faubourg Saint-Antoine;75012;75112;Paris 12e Arrondissement;;;654516.28;6861323.84;2.380177;48.85035;parcelle;;;PARIS;RUE DU FAUBOURG SAINT ANTOINE;commune;commune;vrai;
75112_3514_00152;75112_3514;152;;Rue du Faubourg Saint-Antoine;75012;75112;Paris 12e Arrondissement;;;654524.93;6861323.1;2.380295;48.850344;parcelle;;;PARIS;RUE DU FAUBOURG SAINT ANTOINE;commune;commune;vrai;
75112_3514_00154;75112_3514;154;;Rue du Faubourg Saint-Antoine;75012;75112;Paris 12e Arrondissement;;;654538.94;6861321.99;2.380486;48.850335;parcelle;;;PARIS;RUE DU FAUBOURG SAINT ANTOINE;commune;commune;vrai;
75112_3514_00156;75112_3514;156;;Rue du Faubourg Saint-Antoine;75012;75112;Paris 12e Arrondissement;;;654560.13;6861320.27;2.380775;48.850321;parcelle;;;PARIS;RUE DU FAUBOURG SAINT ANTOINE;commune;commune;vrai;
75112_3514_00158;75112_3514;158;;Rue du Faubourg Saint-Antoine;75012;75112;Paris 12e Arrondissement;;;654578.54;6861318.12;2.381026;48.850303;parcelle;;;PARIS;RUE DU FAUBOURG SAINT ANTOINE;commune;commune;vrai;
75112_3514_00160;75112_3514;160;;Rue du Faubourg Saint-Antoine;75012;75112;Paris 12e Arrondissement;;;654587.56;6861317.38;2.381149;48.850297;parcelle;;;PARIS;RUE DU FAUBOURG SAINT ANTOINE;commune;commune;vrai;
75112_3514_00164;75112_3514;164;;Rue du Faubourg Saint-Antoine;75012;75112;Paris 12e Arrondissement;;;654613.15;6861314.85;2.381498;48.850276;parcelle;;;PARIS;RUE DU FAUBOURG SAINT ANTOINE;commune;commune;vrai;
75112_3514_00166;75112_3514;166;;Rue du Faubourg Saint-Antoine;75012;75112;Paris 12e Arrondissement;;;654620.78;6861314.23;2.381602;48.850271;parcelle;;;PARIS;RUE DU FAUBOURG SAINT ANTOINE;commune;commune;vrai;
75112_3514_00168;75112_3514;168;;Rue du Faubourg Saint-Antoine;75012;75112;Paris 12e Arrondissement;;;654628.04;6861313.4;2.381701;48.850264;parcelle;;;PARIS;RUE DU FAUBOURG SAINT ANTOINE;commune;commune;vrai;
75112_3514_00170;75112_3514;170;;Rue du Faubourg Saint-Antoine;75012;75112;Paris 12e Arrondissement;;;654635.44;6861312.45;2.381802;48.850256;parcelle;;;PARIS;RUE DU FAUBOURG SAINT ANTOINE;commune;commune;vrai;
75112_3514_00172;75112_3514;172;;Rue du Faubourg Saint-Antoine;75012;75112;Paris 12e Arrondissement;;;654648.12;6861310.91;2.381975;48.850243;parcelle;;;PARIS;RUE DU FAUBOURG SAINT ANTOINE;commune;commune;vrai;
75112_3514_00174;75112_3514;174;;Rue du Faubourg Saint-Antoine;75012;75112;Paris 12e Arrondissement;;;654670.63;6861307.84;2.382282;48.850217;parcelle;;;PARIS;RUE DU FAUBOURG SAINT ANTOINE;commune;commune;vrai;
75112_3514_00176;75112_3514;176;;Rue du Faubourg Saint-Antoine;75012;75112;Paris 12e Arrondissement;;;654679.5;6861306.99;2.382403;48.85021;parcelle;;;PARIS;RUE DU FAUBOURG SAINT ANTOINE;commune;commune;vrai;
75112_3514_00178;75112_3514;178;;Rue du Faubourg Saint-Antoine;75012;75112;Paris 12e Arrondissement;;;654688.08;6861305.92;2.38252;48.850201;parcelle;;;PARIS;RUE DU FAUBOURG SAINT ANTOINE;commune;commune;vrai;
75112_3514_00180;75112_3514;180;;Rue du Faubourg Saint-Antoine;75012;75112;Paris 12e Arrondissement;;;654697.9;6861304.73;2.382654;48.850191;parcelle;;;PARIS;RUE DU FAUBOURG SAINT ANTOINE;commune;commune;vrai;
75112_3514_00182;75112_3514;182;;Rue du Faubourg Saint-Antoine;75012;75112;Paris 12e Arrondissement;;;654705.97;6861303.67;2.382764;48.850182;parcelle;;;PARIS;RUE DU FAUBOURG SAINT ANTOINE;commune;commune;vrai;
75112_3514_00186;75112_3514;186;;Rue du Faubourg Saint-Antoine;75012;75112;Paris 12e Arrondissement;;;654737.06;6861301.09;2.383188;48.850161;parcelle;;;PARIS;RUE DU FAUBOURG SAINT ANTOINE;commune;commune;vrai;
75112_3514_00188;75112_3514;188;;Rue du Faubourg Saint-Antoine;75012;75112;Paris 12e Arrondissement;;;654748.5;6861299.33;2.383344;48.850146;parcelle;;;PARIS;RUE DU FAUBOURG SAINT ANTOINE;commune;commune;vrai;
75112_3514_00190;75112_3514;190;;Rue du Faubourg Saint-Antoine;75012;75112;Paris 12e Arrondissement;;;654764.91;6861295.65;2.383568;48.850114;parcelle;;;PARIS;RUE DU FAUBOURG SAINT ANTOINE;commune;commune;vrai;
75112_3514_00192;75112_3514;192;;Rue du Faubourg Saint-Antoine;75012;75112;Paris 12e Arrondissement;;;654778.75;6861292.43;2.383757;48.850086;parcelle;;;PARIS;RUE DU FAUBOURG SAINT ANTOINE;commune;commune;vrai;
75112_3514_00194;75112_3514;194;;Rue du Faubourg Saint-Antoine;75012;75112;Paris 12e Arrondissement;;;654784.76;6861290.93;2.383839;48.850073;parcelle;;;PARIS;RUE DU FAUBOURG SAINT ANTOINE;commune;commune;vrai;
75112_3514_00196;75112_3514;196;;Rue du Faubourg Saint-Antoine;75012;75112;Paris 12e Arrondissement;;;654792.59;6861289.09;2.383946;48.850057;parcelle;;;PARIS;RUE DU FAUBOURG SAINT ANTOINE;commune;commune;vrai;
75112_3514_00198;75112_3514;198;;Rue du Faubourg Saint-Antoine;75012;75112;Paris 12e Arrondissement;;;654802.85;6861286.68;2.384086;48.850036;parcelle;;;PARIS;RUE DU FAUBOURG SAINT ANTOINE;commune;commune;vrai;
75112_3514_00202;75112_3514;202;;Rue du Faubourg Saint-Antoine;75012;75112;Paris 12e Arrondissement;;;654896.26;6861266.16;2.385361;48.849858;parcelle;;;PARIS;RUE DU FAUBOURG SAINT ANTOINE;commune;commune;vrai;
75112_3514_00204;75112_3514;204;;Rue du Faubourg Saint-Antoine;75012;75112;Paris 12e Arrondissement;;;654907.39;6861262.96;2.385513;48.84983;parcelle;;;PARIS;RUE DU FAUBOURG SAINT ANTOINE;commune;commune;vrai;
75112_3514_00206;75112_3514;206;;Rue du Faubourg Saint-Antoine;75012;75112;Paris 12e Arrondissement;;;654920.36;6861260.41;2.38569;48.849808;parcelle;;;PARIS;RUE DU FAUBOURG SAINT ANTOINE;commune;commune;vrai;
75112_3514_00208;75112_3514;208;;Rue du Faubourg Saint-Antoine;75012;75112;Paris 12e Arrondissement;;;654935.08;6861256.74;2.385891;48.849776;parcelle;;;PARIS;RUE DU FAUBOURG SAINT ANTOINE;commune;commune;vrai;
75112_3514_00210;75112_3514;210;;Rue du Faubourg Saint-Antoine;75012;75112;Paris 12e Arrondissement;;;654958.3;6861251.22;2.386208;48.849728;parcelle;;;PARIS;RUE DU FAUBOURG SAINT ANTOINE;commune;commune;vrai;
75112_3514_00212;75112_3514;212;;Rue du Faubourg Saint-Antoine;75012;75112;Paris 12e Arrondissement;;;654984.75;6861245.45;2.386569;48.849678;parcelle;;;PARIS;RUE DU FAUBOURG SAINT ANTOINE;commune;commune;vrai;
75112_3514_00214;75112_3514;214;;Rue du Faubourg Saint-Antoine;75012;75112;Paris 12e Arrondissement;;;654998.59;6861242.23;2.386758;48.84965;parcelle;;;PARIS;RUE DU FAUBOURG SAINT ANTOINE;commune;commune;vrai;
75112_3514_00216;75112_3514;216;;Rue du Faubourg Saint-Antoine;75012;75112;Paris 12e Arrondissement;;;655008.55;6861239.93;2.386894;48.84963;parcelle;;;PARIS;RUE DU FAUBOURG SAINT ANTOINE;commune;commune;vrai;
75112_3514_00218;75112_3514;218;;Rue du Faubourg Saint-Antoine;75012;75112;Paris 12e Arrondissement;;;655027.74;6861235.45;2.387156;48.849591;parcelle;;;PARIS;RUE DU FAUBOURG SAINT ANTOINE;commune;commune;vrai;
75112_3514_00220;75112_3514;220;;Rue du Faubourg Saint-Antoine;75012;75112;Paris 12e Arrondissement;;;655044.3;6861231.43;2.387382;48.849556;parcelle;;;PARIS;RUE DU FAUBOURG SAINT ANTOINE;commune;commune;vrai;
75112_3514_00222;75112_3514;222;;Rue du Faubourg Saint-Antoine;75012;75112;Paris 12e Arrondissement;;;655058.95;6861227.86;2.387582;48.849525;parcelle;;;PARIS;RUE DU FAUBOURG SAINT ANTOINE;commune;commune;vrai;
75112_3514_00224;75112_3514;224;;Rue du Faubourg Saint-Antoine;75012;75112;Paris 12e Arrondissement;;;655076.23;6861223.62;2.387818;48.849488;parcelle;;;PARIS;RUE DU FAUBOURG SAINT ANTOINE;commune;commune;vrai;
75112_3514_00226;75112_3514;226;;Rue du Faubourg Saint-Antoine;75012;75112;Paris 12e Arrondissement;;;655083.63;6861221.89;2.387919;48.849473;parcelle;;;PARIS;RUE DU FAUBOURG SAINT ANTOINE;commune;commune;vrai;
75112_3514_00228;75112_3514;228;;Rue du Faubourg Saint-Antoine;75012;75112;Paris 12e Arrondissement;;;655104.87;6861216.5;2.388209;48.849426;parcelle;;;PARIS;RUE DU FAUBOURG SAINT ANTOINE;commune;commune;vrai;
75112_3514_00230;75112_3514;230;;Rue du Faubourg Saint-Antoine;75012;75112;Paris 12e Arrondissement;;;655125.65;6861207.67;2.388493;48.849348;parcelle;;;PARIS;RUE DU FAUBOURG SAINT ANTOINE;commune;commune;vrai;
75112_3514_00232;75112_3514;232;;Rue du Faubourg Saint-Antoine;75012;75112;Paris 12e Arrondissement;;;655131.94;6861205.5;2.388579;48.849329;parcelle;;;PARIS;RUE DU FAUBOURG SAINT ANTOINE;commune;commune;vrai;
75112_3514_00234;75112_3514;234;;Rue du Faubourg Saint-Antoine;75012;75112;Paris 12e Arrondissement;;;655144.94;6861206.4;2.388756;48.849338;parcelle;;;PARIS;RUE DU FAUBOURG SAINT ANTOINE;commune;commune;vrai;
75112_3514_00236;75112_3514;236;;Rue du Faubourg Saint-Antoine;75012;75112;Paris 12e Arrondissement;;;655164.2;6861201.47;2.389019;48.849295;parcelle;;;PARIS;RUE DU FAUBOURG SAINT ANTOINE;commune;commune;vrai;
75112_3514_00238;75112_3514;238;;Rue du Faubourg Saint-Antoine;75012;75112;Paris 12e Arrondissement;;;655172.55;6861199.41;2.389133;48.849277;parcelle;;;PARIS;RUE DU FAUBOURG SAINT ANTOINE;commune;commune;vrai;
75112_3514_00240;75112_3514;240;;Rue du Faubourg Saint-Antoine;75012;75112;Paris 12e Arrondissement;;;655201.33;6861191.96;2.389526;48.849212;parcelle;;;PARIS;RUE DU FAUBOURG SAINT ANTOINE;commune;commune;vrai;
75112_3514_00242;75112_3514;242;;Rue du Faubourg Saint-Antoine;75012;75112;Paris 12e Arrondissement;;;655206.75;6861190.58;2.3896;48.8492;parcelle;;;PARIS;RUE DU FAUBOURG SAINT ANTOINE;commune;commune;vrai;
75112_3514_00244;75112_3514;244;;Rue du Faubourg Saint-Antoine;75012;75112;Paris 12e Arrondissement;;;655227.85;6861185.19;2.389888;48.849153;parcelle;;;PARIS;RUE DU FAUBOURG SAINT ANTOINE;commune;commune;vrai;
75112_3514_00246;75112_3514;246;;Rue du Faubourg Saint-Antoine;75012;75112;Paris 12e Arrondissement;;;655239.05;6861182.44;2.390041;48.849129;parcelle;;;PARIS;RUE DU FAUBOURG SAINT ANTOINE;commune;commune;vrai;
75112_3514_00248;75112_3514;248;;Rue du Faubourg Saint-Antoine;75012;75112;Paris 12e Arrondissement;;;655272.52;6861173.84;2.390498;48.849054;parcelle;;;PARIS;RUE DU FAUBOURG SAINT ANTOINE;commune;commune;vrai;
75112_3514_00250;75112_3514;250;;Rue du Faubourg Saint-Antoine;75012;75112;Paris 12e Arrondissement;;;655283.8;6861170.97;2.390652;48.849029;parcelle;;;PARIS;RUE DU FAUBOURG SAINT ANTOINE;commune;commune;vrai;
75112_3514_00252;75112_3514;252;;Rue du Faubourg Saint-Antoine;75012;75112;Paris 12e Arrondissement;;;655290.18;6861169.36;2.390739;48.849015;parcelle;;;PARIS;RUE DU FAUBOURG SAINT ANTOINE;commune;commune;vrai;
75112_3514_00254;75112_3514;254;;Rue du Faubourg Saint-Antoine;75012;75112;Paris 12e Arrondissement;;;655308.41;6861164.67;2.390988;48.848974;parcelle;;;PARIS;RUE DU FAUBOURG SAINT ANTOINE;commune;commune;vrai;
75112_3514_00256;75112_3514;256;;Rue du Faubourg Saint-Antoine;75012;75112;Paris 12e Arrondissement;;;655319.4;6861161.91;2.391138;48.84895;parcelle;;;PARIS;RUE DU FAUBOURG SAINT ANTOINE;commune;commune;vrai;
75112_3514_00258;75112_3514;258;;Rue du Faubourg Saint-Antoine;75012;75112;Paris 12e Arrondissement;;;655331.12;6861158.93;2.391298;48.848924;parcelle;;;PARIS;RUE DU FAUBOURG SAINT ANTOINE;commune;commune;vrai;
75112_3514_00260;75112_3514;260;;Rue du Faubourg Saint-Antoine;75012;75112;Paris 12e Arrondissement;;;655343.72;6861155.72;2.39147;48.848896;parcelle;;;PARIS;RUE DU FAUBOURG SAINT ANTOINE;commune;commune;vrai;
75112_3514_00262;75112_3514;262;;Rue du Faubourg Saint-Antoine;75012;75112;Paris 12e Arrondissement;;;655360.12;6861151.48;2.391694;48.848859;parcelle;;;PARIS;RUE DU FAUBOURG SAINT ANTOINE;commune;commune;vrai;
75112_3514_00246_t;75112_3514;246;t;Rue du Faubourg Saint-Antoine;75012;75112;Paris 12e Arrondissement;;;655261.25;6861176.7;2.390344;48.849079;parcelle;;;PARIS;RUE DU FAUBOURG SAINT ANTOINE;commune;commune;vrai;
75112_3514_00238_b;75112_3514;238;b;Rue du Faubourg Saint-Antoine;75012;75112;Paris 12e Arrondissement;;;655182.88;6861196.77;2.389274;48.849254;parcelle;;;PARIS;RUE DU FAUBOURG SAINT ANTOINE;commune;commune;vrai;
75112_3514_00236_a;75112_3514;236;a;Rue du Faubourg Saint-Antoine;75012;75112;Paris 12e Arrondissement;;;655118.33;6861144.67;2.3884;48.848781;parcelle;;;PARIS;RUE DU FAUBOURG SAINT ANTOINE;commune;commune;vrai;
75112_3514_00172_b;75112_3514;172;b;Rue du Faubourg Saint-Antoine;75012;75112;Paris 12e Arrondissement;;;654659.12;6861309.48;2.382125;48.850231;parcelle;;;PARIS;RUE DU FAUBOURG SAINT ANTOINE;commune;commune;vrai;
75112_3514_00158_ap;75112_3514;158;ap;Rue du Faubourg Saint-Antoine;75012;75112;Paris 12e Arrondissement;;;654569.58;6861298.96;2.380906;48.85013;parcelle;;;PARIS;RUE DU FAUBOURG SAINT ANTOINE;commune;commune;vrai;
75112_3514_00246_b;75112_3514;246;b;Rue du Faubourg Saint-Antoine;75012;75112;Paris 12e Arrondissement;;;655253.77;6861178.65;2.390242;48.849096;parcelle;;;PARIS;RUE DU FAUBOURG SAINT ANTOINE;commune;commune;vrai;
75112_3514_00038_b;75112_3514;38;b;Rue du Faubourg Saint-Antoine;75012;75112;Paris 12e Arrondissement;;;653926.07;6861539.67;2.372111;48.852249;parcelle;;;PARIS;RUE DU FAUBOURG SAINT ANTOINE;commune;commune;vrai;
75112_3514_00252_b;75112_3514;252;b;Rue du Faubourg Saint-Antoine;75012;75112;Paris 12e Arrondissement;;;655297.79;6861167.42;2.390843;48.848998;parcelle;;;PARIS;RUE DU FAUBOURG SAINT ANTOINE;commune;commune;vrai;
75112_3514_00028_b;75112_3514;28;b;Rue du Faubourg Saint-Antoine;75012;75112;Paris 12e Arrondissement;;;653884.72;6861562.23;2.371545;48.852449;parcelle;;;PARIS;RUE DU FAUBOURG SAINT ANTOINE;commune;commune;vrai;
75112_3514_00230_c;75112_3514;230;c;Rue du Faubourg Saint-Antoine;75012;75112;Paris 12e Arrondissement;;;655082.57;6861160.96;2.387911;48.848925;parcelle;;;PARIS;RUE DU FAUBOURG SAINT ANTOINE;commune;commune;vrai;
75112_3514_00242_t;75112_3514;242;t;Rue du Faubourg Saint-Antoine;75012;75112;Paris 12e Arrondissement;;;655219.28;6861187.48;2.389771;48.849173;parcelle;;;PARIS;RUE DU FAUBOURG SAINT ANTOINE;commune;commune;vrai;
75112_3514_00230_a;75112_3514;230;a;Rue du Faubourg Saint-Antoine;75012;75112;Paris 12e Arrondissement;;;655113.68;6861198.2;2.388331;48.849262;parcelle;;;PARIS;RUE DU FAUBOURG SAINT ANTOINE;commune;commune;vrai;
75112_3514_00246_p1;75112_3514;246;p1;Rue du Faubourg Saint-Antoine;75012;75112;Paris 12e Arrondissement;;;655248.68;6861175.25;2.390173;48.849065;parcelle;;;PARIS;RUE DU FAUBOURG SAINT ANTOINE;commune;commune;vrai;
75112_3514_00228_b;75112_3514;228;b;Rue du Faubourg Saint-Antoine;75012;75112;Paris 12e Arrondissement;;;655115.05;6861213.97;2.388348;48.849404;parcelle;;;PARIS;RUE DU FAUBOURG SAINT ANTOINE;commune;commune;vrai;
75112_3514_00242_b;75112_3514;242;b;Rue du Faubourg Saint-Antoine;75012;75112;Paris 12e Arrondissement;;;655212.91;6861189.09;2.389684;48.849187;parcelle;;;PARIS;RUE DU FAUBOURG SAINT ANTOINE;commune;commune;vrai;
75112_3514_00248_a;75112_3514;248;a;Rue du Faubourg Saint-Antoine;75012;75112;Paris 12e Arrondissement;;;655246.61;6861134.9;2.390149;48.848702;parcelle;;;PARIS;RUE DU FAUBOURG SAINT ANTOINE;commune;commune;vrai;
75112_3514_00170_b;75112_3514;170;b;Rue du Faubourg Saint-Antoine;75012;75112;Paris 12e Arrondissement;;;654640.64;6861311.74;2.381873;48.85025;parcelle;;;PARIS;RUE DU FAUBOURG SAINT ANTOINE;commune;commune;vrai;
75112_3514_00246_p2;75112_3514;246;p2;Rue du Faubourg Saint-Antoine;75012;75112;Paris 12e Arrondissement;;;655247.1;6861169.14;2.390152;48.84901;parcelle;;;PARIS;RUE DU FAUBOURG SAINT ANTOINE;commune;commune;vrai;
75112_5467_00001;75112_5467;1;;Avenue Ledru-Rollin;75012;75112;Paris 12e Arrondissement;;;653596.75;6860854.87;2.367698;48.846067;parcelle;;;PARIS;AVENUE LEDRU ROLLIN;commune;commune;vrai;
75112_5467_00002;75112_5467;2;;Avenue Ledru-Rollin;75012;75112;Paris 12e Arrondissement;;;653614.37;6860828.26;2.367941;48.845829;parcelle;;;PARIS;AVENUE LEDRU ROLLIN;commune;commune;vrai;
75112_5467_00003;75112_5467;3;;Avenue Ledru-Rollin;75012;75112;Paris 12e Arrondissement;;;653609.32;6860865.55;2.367868;48.846164;parcelle;;;PARIS;AVENUE LEDRU ROLLIN;commune;commune;vrai;
75112_5467_00004;75112_5467;4;;Avenue Ledru-Rollin;75012;75112;Paris 12e Arrondissement;;;653623.91;6860836.3;2.36807;48.845902;parcelle;;;PARIS;AVENUE LEDRU ROLLIN;commune;commune;vrai;
75112_5467_00005;75112_5467;5;;Avenue Ledru-Rollin;75012;75112;Paris 12e Arrondissement;;;653632.52;6860885.49;2.368182;48.846345;parcelle;;;PARIS;AVENUE LEDRU ROLLIN;commune;commune;vrai;
75112_5467_00006;75112_5467;6;;Avenue Ledru-Rollin;75012;75112;Paris 12e Arrondissement;;;653632.03;6860843.13;2.36818;48.845964;parcelle;;;PARIS;AVENUE LEDRU ROLLIN;commune;commune;vrai;
75112_5467_00007;75112_5467;7;;Avenue Ledru-Rollin;75012;75112;Paris 12e Arrondissement;;;653646.63;6860887.38;2.368374;48.846363;parcelle;;;PARIS;AVENUE LEDRU ROLLIN;commune;commune;vrai;
75112_5467_00008;75112_5467;8;;Avenue Ledru-Rollin;75012;75112;Paris 12e Arrondissement;;;653643.34;6860852.72;2.368333;48.846051;parcelle;;;PARIS;AVENUE LEDRU ROLLIN;commune;commune;vrai;
75112_5467_00009;75112_5467;9;;Avenue Ledru-Rollin;75012;75112;Paris 12e Arrondissement;;;653652.84;6860902.46;2.368457;48.846499;parcelle;;;PARIS;AVENUE LEDRU ROLLIN;commune;commune;vrai;
75112_5467_00010;75112_5467;10;;Avenue Ledru-Rollin;75012;75112;Paris 12e Arrondissement;;;653654.42;6860862.08;2.368483;48.846136;parcelle;;;PARIS;AVENUE LEDRU ROLLIN;commune;commune;vrai;
75112_5467_00011;75112_5467;11;;Avenue Ledru-Rollin;75012;75112;Paris 12e Arrondissement;;;653663.33;6860911.38;2.368599;48.84658;parcelle;;;PARIS;AVENUE LEDRU ROLLIN;commune;commune;vrai;
75112_5467_00012;75112_5467;12;;Avenue Ledru-Rollin;75012;75112;Paris 12e Arrondissement;;;653666.02;6860871.88;2.36864;48.846225;parcelle;;;PARIS;AVENUE LEDRU ROLLIN;commune;commune;vrai;
75112_5467_00014;75112_5467;14;;Avenue Ledru-Rollin;75012;75112;Paris 12e Arrondissement;;;653674.96;6860879.37;2.368761;48.846293;parcelle;;;PARIS;AVENUE LEDRU ROLLIN;commune;commune;vrai;
75112_5467_00015;75112_5467;15;;Avenue Ledru-Rollin;75012;75112;Paris 12e Arrondissement;;;653673.97;6860920.3;2.368743;48.846661;parcelle;;;PARIS;AVENUE LEDRU ROLLIN;commune;commune;vrai;
75112_5467_00016;75112_5467;16;;Avenue Ledru-Rollin;75012;75112;Paris 12e Arrondissement;;;653685.09;6860887.97;2.368898;48.846371;parcelle;;;PARIS;AVENUE LEDRU ROLLIN;commune;commune;vrai;
75112_5467_00017;75112_5467;17;;Avenue Ledru-Rollin;75012;75112;Paris 12e Arrondissement;;;653682.84;6860927.79;2.368863;48.846729;parcelle;;;PARIS;AVENUE LEDRU ROLLIN;commune;commune;vrai;
75112_5467_00018;75112_5467;18;;Avenue Ledru-Rollin;75012;75112;Paris 12e Arrondissement;;;653696.54;6860897.66;2.369053;48.846459;parcelle;;;PARIS;AVENUE LEDRU ROLLIN;commune;commune;vrai;
75112_5467_00019;75112_5467;19;;Avenue Ledru-Rollin;75012;75112;Paris 12e Arrondissement;;;653696.94;6860929.68;2.369055;48.846747;parcelle;;;PARIS;AVENUE LEDRU ROLLIN;commune;commune;vrai;
75112_5467_00020;75112_5467;20;;Avenue Ledru-Rollin;75012;75112;Paris 12e Arrondissement;;;653708.29;6860907.68;2.369212;48.84655;parcelle;;;PARIS;AVENUE LEDRU ROLLIN;commune;commune;vrai;
75112_5467_00021;75112_5467;21;;Avenue Ledru-Rollin;75012;75112;Paris 12e Arrondissement;;;653703.3;6860934.86;2.369141;48.846794;parcelle;;;PARIS;AVENUE LEDRU ROLLIN;commune;commune;vrai;
75112_5467_00022;75112_5467;22;;Avenue Ledru-Rollin;75012;75112;Paris 12e Arrondissement;;;653720.63;6860918.04;2.369379;48.846644;parcelle;;;PARIS;AVENUE LEDRU ROLLIN;commune;commune;vrai;
75112_5467_00024;75112_5467;24;;Avenue Ledru-Rollin;75012;75112;Paris 12e Arrondissement;;;653748.26;6860941.28;2.369753;48.846855;parcelle;;;PARIS;AVENUE LEDRU ROLLIN;commune;commune;vrai;
75112_5467_00025;75112_5467;25;;Avenue Ledru-Rollin;75012;75112;Paris 12e Arrondissement;;;653724.44;6860963.04;2.369426;48.847049;parcelle;;;PARIS;AVENUE LEDRU ROLLIN;commune;commune;vrai;
75112_5467_00026;75112_5467;26;;Avenue Ledru-Rollin;75012;75112;Paris 12e Arrondissement;;;653763.19;6860953.95;2.369955;48.84697;parcelle;;;PARIS;AVENUE LEDRU ROLLIN;commune;commune;vrai;
75112_5467_00027;75112_5467;27;;Avenue Ledru-Rollin;75012;75112;Paris 12e Arrondissement;;;653738.7;6860975.05;2.369619;48.847158;parcelle;;;PARIS;AVENUE LEDRU ROLLIN;commune;commune;vrai;
75112_5467_00028;75112_5467;28;;Avenue Ledru-Rollin;75012;75112;Paris 12e Arrondissement;;;653774.56;6860963.42;2.370109;48.847056;parcelle;;;PARIS;AVENUE LEDRU ROLLIN;commune;commune;vrai;
75112_5467_00029;75112_5467;29;;Avenue Ledru-Rollin;75012;75112;Paris 12e Arrondissement;;;653756.06;6860989.81;2.369854;48.847292;parcelle;;;PARIS;AVENUE LEDRU ROLLIN;commune;commune;vrai;
75112_5467_00030;75112_5467;30;;Avenue Ledru-Rollin;75012;75112;Paris 12e Arrondissement;;;653783.28;6860970.91;2.370227;48.847124;parcelle;;;PARIS;AVENUE LEDRU ROLLIN;commune;commune;vrai;
75112_5467_00031;75112_5467;31;;Avenue Ledru-Rollin;75012;75112;Paris 12e Arrondissement;;;653774.16;6861005.12;2.370099;48.847431;parcelle;;;PARIS;AVENUE LEDRU ROLLIN;commune;commune;vrai;
75112_5467_00032;75112_5467;32;;Avenue Ledru-Rollin;75012;75112;Paris 12e Arrondissement;;;653797.99;6860983.25;2.370426;48.847236;parcelle;;;PARIS;AVENUE LEDRU ROLLIN;commune;commune;vrai;
75112_5467_00033;75112_5467;33;;Avenue Ledru-Rollin;75012;75112;Paris 12e Arrondissement;;;653795.22;6861023.19;2.370384;48.847595;parcelle;;;PARIS;AVENUE LEDRU ROLLIN;commune;commune;vrai;
75112_5467_00034;75112_5467;34;;Avenue Ledru-Rollin;75012;75112;Paris 12e Arrondissement;;;653809.59;6860993.05;2.370583;48.847325;parcelle;;;PARIS;AVENUE LEDRU ROLLIN;commune;commune;vrai;
75112_5467_00035;75112_5467;35;;Avenue Ledru-Rollin;75012;75112;Paris 12e Arrondissement;;;653801.21;6861028.04;2.370465;48.847639;parcelle;;;PARIS;AVENUE LEDRU ROLLIN;commune;commune;vrai;
75112_5467_00036;75112_5467;36;;Avenue Ledru-Rollin;75012;75112;Paris 12e Arrondissement;;;653818.16;6861000.21;2.370699;48.84739;parcelle;;;PARIS;AVENUE LEDRU ROLLIN;commune;commune;vrai;
75112_5467_00037;75112_5467;37;;Avenue Ledru-Rollin;75012;75112;Paris 12e Arrondissement;;;653806.16;6861032.67;2.370532;48.847681;parcelle;;;PARIS;AVENUE LEDRU ROLLIN;commune;commune;vrai;
75112_5467_00038;75112_5467;38;;Avenue Ledru-Rollin;75012;75112;Paris 12e Arrondissement;;;653828.43;6861008.92;2.370838;48.847469;parcelle;;;PARIS;AVENUE LEDRU ROLLIN;commune;commune;vrai;
75112_5467_00039;75112_5467;39;;Avenue Ledru-Rollin;75012;75112;Paris 12e Arrondissement;;;653816.64;6861040.48;2.370674;48.847752;parcelle;;;PARIS;AVENUE LEDRU ROLLIN;commune;commune;vrai;
75112_5467_00040;75112_5467;40;;Avenue Ledru-Rollin;75012;75112;Paris 12e Arrondissement;;;653841.65;6861020.04;2.371017;48.84757;parcelle;;;PARIS;AVENUE LEDRU ROLLIN;commune;commune;vrai;
75112_5467_00041;75112_5467;41;;Avenue Ledru-Rollin;75012;75112;Paris 12e Arrondissement;;;653826.85;6861050.07;2.370812;48.847839;parcelle;;;PARIS;AVENUE LEDRU ROLLIN;commune;commune;vrai;
75112_5467_00042;75112_5467;42;;Avenue Ledru-Rollin;75012;75112;Paris 12e Arrondissement;;;653854.58;6861031.06;2.371192;48.84767;parcelle;;;PARIS;AVENUE LEDRU ROLLIN;commune;commune;vrai;
75112_5467_00043;75112_5467;43;;Avenue Ledru-Rollin;75012;75112;Paris 12e Arrondissement;;;653836.31;6861059;2.37094;48.84792;parcelle;;;PARIS;AVENUE LEDRU ROLLIN;commune;commune;vrai;
75112_5467_00045;75112_5467;45;;Avenue Ledru-Rollin;75012;75112;Paris 12e Arrondissement;;;653845.46;6861064.94;2.371064;48.847974;parcelle;;;PARIS;AVENUE LEDRU ROLLIN;commune;commune;vrai;
75112_5467_00047;75112_5467;47;;Avenue Ledru-Rollin;75012;75112;Paris 12e Arrondissement;;;653852.19;6861071.22;2.371155;48.848031;parcelle;;;PARIS;AVENUE LEDRU ROLLIN;commune;commune;vrai;
75112_5467_00049;75112_5467;49;;Avenue Ledru-Rollin;75012;75112;Paris 12e Arrondissement;;;653889.94;6861102.83;2.371666;48.848318;parcelle;;;PARIS;AVENUE LEDRU ROLLIN;commune;commune;vrai;
75112_5467_00050;75112_5467;50;;Avenue Ledru-Rollin;75012;75112;Paris 12e Arrondissement;;;653900.1;6861069.62;2.371808;48.84802;parcelle;;;PARIS;AVENUE LEDRU ROLLIN;commune;commune;vrai;
75112_5467_00051;75112_5467;51;;Avenue Ledru-Rollin;75012;75112;Paris 12e Arrondissement;;;653901.69;6861112.64;2.371825;48.848407;parcelle;;;PARIS;AVENUE LEDRU ROLLIN;commune;commune;vrai;
75112_5467_00052;75112_5467;52;;Avenue Ledru-Rollin;75012;75112;Paris 12e Arrondissement;;;653915.24;6861082.28;2.372013;48.848135;parcelle;;;PARIS;AVENUE LEDRU ROLLIN;commune;commune;vrai;
75112_5467_00053;75112_5467;53;;Avenue Ledru-Rollin;75012;75112;Paris 12e Arrondissement;;;653910.55;6861120.24;2.371945;48.848476;parcelle;;;PARIS;AVENUE LEDRU ROLLIN;commune;commune;vrai;
75112_5467_00054;75112_5467;54;;Avenue Ledru-Rollin;75012;75112;Paris 12e Arrondissement;;;653929.95;6861094.73;2.372212;48.848248;parcelle;;;PARIS;AVENUE LEDRU ROLLIN;commune;commune;vrai;
75112_5467_00055;75112_5467;55;;Avenue Ledru-Rollin;75012;75112;Paris 12e Arrondissement;;;653922.3;6861130.15;2.372104;48.848566;parcelle;;;PARIS;AVENUE LEDRU ROLLIN;commune;commune;vrai;
75112_5467_00056;75112_5467;56;;Avenue Ledru-Rollin;75012;75112;Paris 12e Arrondissement;;;653942.58;6861105.42;2.372383;48.848345;parcelle;;;PARIS;AVENUE LEDRU ROLLIN;commune;commune;vrai;
75112_5467_00057;75112_5467;57;;Avenue Ledru-Rollin;75012;75112;Paris 12e Arrondissement;;;653958.73;6861161.22;2.372597;48.848848;parcelle;;;PARIS;AVENUE LEDRU ROLLIN;commune;commune;vrai;
75112_5467_00058;75112_5467;58;;Avenue Ledru-Rollin;75012;75112;Paris 12e Arrondissement;;;653952.41;6861113.68;2.372516;48.84842;parcelle;;;PARIS;AVENUE LEDRU ROLLIN;commune;commune;vrai;
75112_5467_00059;75112_5467;59;;Avenue Ledru-Rollin;75012;75112;Paris 12e Arrondissement;;;653971.21;6861171.46;2.372766;48.848941;parcelle;;;PARIS;AVENUE LEDRU ROLLIN;commune;commune;vrai;
75112_5467_00060;75112_5467;60;;Avenue Ledru-Rollin;75012;75112;Paris 12e Arrondissement;;;653987.65;6861143.53;2.372993;48.848691;parcelle;;;PARIS;AVENUE LEDRU ROLLIN;commune;commune;vrai;
75112_5467_00061;75112_5467;61;;Avenue Ledru-Rollin;75012;75112;Paris 12e Arrondissement;;;653985.18;6861183.25;2.372955;48.849048;parcelle;;;PARIS;AVENUE LEDRU ROLLIN;commune;commune;vrai;
75112_5467_00062;75112_5467;62;;Avenue Ledru-Rollin;75012;75112;Paris 12e Arrondissement;;;653993.34;6861148.16;2.37307;48.848733;parcelle;;;PARIS;AVENUE LEDRU ROLLIN;commune;commune;vrai;
75112_5467_00063;75112_5467;63;;Avenue Ledru-Rollin;75012;75112;Paris 12e Arrondissement;;;653998.18;6861194.16;2.373131;48.849147;parcelle;;;PARIS;AVENUE LEDRU ROLLIN;commune;commune;vrai;
75112_5467_00064;75112_5467;64;;Avenue Ledru-Rollin;75012;75112;Paris 12e Arrondissement;;;654003.53;6861156.86;2.373208;48.848812;parcelle;;;PARIS;AVENUE LEDRU ROLLIN;commune;commune;vrai;
75112_5467_00065;75112_5467;65;;Avenue Ledru-Rollin;75012;75112;Paris 12e Arrondissement;;;654022.49;6861214.76;2.37346;48.849334;parcelle;;;PARIS;AVENUE LEDRU ROLLIN;commune;commune;vrai;
75112_5467_00066;75112_5467;66;;Avenue Ledru-Rollin;75012;75112;Paris 12e Arrondissement;;;654019.86;6861170.63;2.373429;48.848937;parcelle;;;PARIS;AVENUE LEDRU ROLLIN;commune;commune;vrai;
75112_5467_00067;75112_5467;67;;Avenue Ledru-Rollin;75012;75112;Paris 12e Arrondissement;;;654037.11;6861226.98;2.373658;48.849445;parcelle;;;PARIS;AVENUE LEDRU ROLLIN;commune;commune;vrai;
75112_5467_00068;75112_5467;68;;Avenue Ledru-Rollin;75012;75112;Paris 12e Arrondissement;;;654037.22;6861185.28;2.373664;48.84907;parcelle;;;PARIS;AVENUE LEDRU ROLLIN;commune;commune;vrai;
75112_5467_00069;75112_5467;69;;Avenue Ledru-Rollin;75012;75112;Paris 12e Arrondissement;;;654048.79;6861236.9;2.373816;48.849535;parcelle;;;PARIS;AVENUE LEDRU ROLLIN;commune;commune;vrai;
75112_5467_00070;75112_5467;70;;Avenue Ledru-Rollin;75012;75112;Paris 12e Arrondissement;;;654050.38;6861196.41;2.373842;48.849171;parcelle;;;PARIS;AVENUE LEDRU ROLLIN;commune;commune;vrai;
75112_5467_00071;75112_5467;71;;Avenue Ledru-Rollin;75012;75112;Paris 12e Arrondissement;;;654061.05;6861247.25;2.373982;48.849629;parcelle;;;PARIS;AVENUE LEDRU ROLLIN;commune;commune;vrai;
75112_5467_00072;75112_5467;72;;Avenue Ledru-Rollin;75012;75112;Paris 12e Arrondissement;;;654060.87;6861205.22;2.373984;48.849251;parcelle;;;PARIS;AVENUE LEDRU ROLLIN;commune;commune;vrai;
75112_5467_00073;75112_5467;73;;Avenue Ledru-Rollin;75012;75112;Paris 12e Arrondissement;;;654092.7;6861277.69;2.37441;48.849905;parcelle;;;PARIS;AVENUE LEDRU ROLLIN;commune;commune;vrai;
75112_5467_00074;75112_5467;74;;Avenue Ledru-Rollin;75012;75112;Paris 12e Arrondissement;;;654067.88;6861211.17;2.374079;48.849305;parcelle;;;PARIS;AVENUE LEDRU ROLLIN;commune;commune;vrai;
75112_5467_00075;75112_5467;75;;Avenue Ledru-Rollin;75012;75112;Paris 12e Arrondissement;;;654109.02;6861299.8;2.37463;48.850105;parcelle;;;PARIS;AVENUE LEDRU ROLLIN;commune;commune;vrai;
75112_5467_00076;75112_5467;76;;Avenue Ledru-Rollin;75012;75112;Paris 12e Arrondissement;;;654077.05;6861218.88;2.374203;48.849375;parcelle;;;PARIS;AVENUE LEDRU ROLLIN;commune;commune;vrai;
75112_5467_00077;75112_5467;77;;Avenue Ledru-Rollin;75012;75112;Paris 12e Arrondissement;;;654125.94;6861322.8;2.374858;48.850313;parcelle;;;PARIS;AVENUE LEDRU ROLLIN;commune;commune;vrai;
75112_5467_00078;75112_5467;78;;Avenue Ledru-Rollin;75012;75112;Paris 12e Arrondissement;;;654107.96;6861257.89;2.37462;48.849728;parcelle;;;PARIS;AVENUE LEDRU ROLLIN;commune;commune;vrai;
75112_5467_00079;75112_5467;79;;Avenue Ledru-Rollin;75012;75112;Paris 12e Arrondissement;;;654142.48;6861345.24;2.375081;48.850516;parcelle;;;PARIS;AVENUE LEDRU ROLLIN;commune;commune;vrai;
75112_5467_00080;75112_5467;80;;Avenue Ledru-Rollin;75012;75112;Paris 12e Arrondissement;;;654124.94;6861280.89;2.374849;48.849936;parcelle;;;PARIS;AVENUE LEDRU ROLLIN;commune;commune;vrai;
75112_5467_00081;75112_5467;81;;Avenue Ledru-Rollin;75012;75112;Paris 12e Arrondissement;;;654156.57;6861364.37;2.375271;48.850689;parcelle;;;PARIS;AVENUE LEDRU ROLLIN;commune;commune;vrai;
75112_5467_00083;75112_5467;83;;Avenue Ledru-Rollin;75012;75112;Paris 12e Arrondissement;;;654162.66;6861372.66;2.375353;48.850764;parcelle;;;PARIS;AVENUE LEDRU ROLLIN;commune;commune;vrai;
75112_5467_00084;75112_5467;84;;Avenue Ledru-Rollin;75012;75112;Paris 12e Arrondissement;;;654139.04;6861300.12;2.375039;48.85011;parcelle;;;PARIS;AVENUE LEDRU ROLLIN;commune;commune;vrai;
75112_5467_00085;75112_5467;85;;Avenue Ledru-Rollin;75012;75112;Paris 12e Arrondissement;;;654179.5;6861395.54;2.37558;48.850971;parcelle;;;PARIS;AVENUE LEDRU ROLLIN;commune;commune;vrai;
75112_5467_00086;75112_5467;86;;Avenue Ledru-Rollin;75012;75112;Paris 12e Arrondissement;;;654154.54;6861321.13;2.375248;48.8503;parcelle;;;PARIS;AVENUE LEDRU ROLLIN;commune;commune;vrai;
75112_5467_00087;75112_5467;87;;Avenue Ledru-Rollin;75012;75112;Paris 12e Arrondissement;;;654196.86;6861419.31;2.375814;48.851186;parcelle;;;PARIS;AVENUE LEDRU ROLLIN;commune;commune;vrai;
75112_5467_00088;75112_5467;88;;Avenue Ledru-Rollin;75012;75112;Paris 12e Arrondissement;;;654168.04;6861339.48;2.37543;48.850466;parcelle;;;PARIS;AVENUE LEDRU ROLLIN;commune;commune;vrai;
75112_5467_00063_ba;75112_5467;63;ba;Avenue Ledru-Rollin;75012;75112;Paris 12e Arrondissement;;;654001.34;6861222.04;2.373171;48.849398;parcelle;;;PARIS;AVENUE LEDRU ROLLIN;commune;commune;vrai;
75112_5467_00041_s;75112_5467;41;s;Avenue Ledru-Rollin;75012;75112;Paris 12e Arrondissement;;;653835.41;6861056.01;2.370928;48.847893;parcelle;;;PARIS;AVENUE LEDRU ROLLIN;commune;commune;vrai;
75112_5467_00074_a;75112_5467;74;a;Avenue Ledru-Rollin;75012;75112;Paris 12e Arrondissement;;;654071.06;6861204.03;2.374123;48.849241;parcelle;;;PARIS;AVENUE LEDRU ROLLIN;commune;commune;vrai;
75112_5467_00063_b;75112_5467;63;b;Avenue Ledru-Rollin;75012;75112;Paris 12e Arrondissement;;;654008.74;6861203.08;2.373274;48.849228;parcelle;;;PARIS;AVENUE LEDRU ROLLIN;commune;commune;vrai;
75112_5467_00083_t;75112_5467;83;t;Avenue Ledru-Rollin;75012;75112;Paris 12e Arrondissement;;;654177.54;6861380.77;2.375555;48.850838;parcelle;;;PARIS;AVENUE LEDRU ROLLIN;commune;commune;vrai;
75112_4517_00001;75112_4517;1;;Rue Hector Malot;75012;75112;Paris 12e Arrondissement;;;654142.84;6860788.25;2.375146;48.845507;parcelle;;;PARIS;RUE HECTOR MALOT;commune;commune;vrai;
75112_4517_00002;75112_4517;2;;Rue Hector Malot;75012;75112;Paris 12e Arrondissement;;;654151.68;6860773.17;2.375268;48.845372;parcelle;;;PARIS;RUE HECTOR MALOT;commune;commune;vrai;
75112_4517_00003;75112_4517;3;;Rue Hector Malot;75012;75112;Paris 12e Arrondissement;;;654151.05;6860795.97;2.375257;48.845577;parcelle;;;PARIS;RUE HECTOR MALOT;commune;commune;vrai;
75112_4517_00004;75112_4517;4;;Rue Hector Malot;75012;75112;Paris 12e Arrondissement;;;654160.99;6860781.99;2.375394;48.845452;parcelle;;;PARIS;RUE HECTOR MALOT;commune;commune;vrai;
75112_4517_00005;75112_4517;5;;Rue Hector Malot;75012;75112;Paris 12e Arrondissement;;;654159.55;6860804.02;2.375372;48.84565;parcelle;;;PARIS;RUE HECTOR MALOT;commune;commune;vrai;
75112_4517_00006;75112_4517;6;;Rue Hector Malot;75012;75112;Paris 12e Arrondissement;;;654169.42;6860789.93;2.375508;48.845524;parcelle;;;PARIS;RUE HECTOR MALOT;commune;commune;vrai;
75112_4517_00007;75112_4517;7;;Rue Hector Malot;75012;75112;Paris 12e Arrondissement;;;654169.31;6860813.17;2.375504;48.845733;parcelle;;;PARIS;RUE HECTOR MALOT;commune;commune;vrai;
75112_4517_00008;75112_4517;8;;Rue Hector Malot;75012;75112;Paris 12e Arrondissement;;;654177.56;6860797.65;2.375618;48.845594;parcelle;;;PARIS;RUE HECTOR MALOT;commune;commune;vrai;
75112_4517_00009;75112_4517;9;;Rue Hector Malot;75012;75112;Paris 12e Arrondissement;;;654177.82;6860821.22;2.375619;48.845806;parcelle;;;PARIS;RUE HECTOR MALOT;commune;commune;vrai;
75112_4517_00010;75112_4517;10;;Rue Hector Malot;75012;75112;Paris 12e Arrondissement;;;654186.28;6860806.14;2.375736;48.845671;parcelle;;;PARIS;RUE HECTOR MALOT;commune;commune;vrai;
75112_4517_00011;75112_4517;11;;Rue Hector Malot;75012;75112;Paris 12e Arrondissement;;;654212.97;6860877.21;2.376092;48.846312;parcelle;;;PARIS;RUE HECTOR MALOT;commune;commune;vrai;
75112_4517_00013;75112_4517;13;;Rue Hector Malot;75012;75112;Paris 12e Arrondissement;;;654223.63;6860888.02;2.376236;48.84641;parcelle;;;PARIS;RUE HECTOR MALOT;commune;commune;vrai;
75112_4517_00014;75112_4517;14;;Rue Hector Malot;75012;75112;Paris 12e Arrondissement;;;654210.39;6860829.08;2.376062;48.845879;parcelle;;;PARIS;RUE HECTOR MALOT;commune;commune;vrai;
75112_4517_00015;75112_4517;15;;Rue Hector Malot;75012;75112;Paris 12e Arrondissement;;;654233.54;6860898.06;2.37637;48.846501;parcelle;;;PARIS;RUE HECTOR MALOT;commune;commune;vrai;
75112_4517_00017;75112_4517;17;;Rue Hector Malot;75012;75112;Paris 12e Arrondissement;;;654278.42;6860940.08;2.376977;48.846882;parcelle;;;PARIS;RUE HECTOR MALOT;commune;commune;vrai;
75112_4517_00018;75112_4517;18;;Rue Hector Malot;75012;75112;Paris 12e Arrondissement;;;654249.12;6860891.27;2.376583;48.846441;parcelle;;;PARIS;RUE HECTOR MALOT;commune;commune;vrai;
75112_4517_00019;75112_4517;19;;Rue Hector Malot;75012;75112;Paris 12e Arrondissement;;;654285.6;6860947.36;2.377074;48.846948;parcelle;;;PARIS;RUE HECTOR MALOT;commune;commune;vrai;
75112_4517_00020;75112_4517;20;;Rue Hector Malot;75012;75112;Paris 12e Arrondissement;;;654287.44;6860930.44;2.377101;48.846796;parcelle;;;PARIS;RUE HECTOR MALOT;commune;commune;vrai;
75112_4517_00021;75112_4517;21;;Rue Hector Malot;75012;75112;Paris 12e Arrondissement;;;654304.02;6860966.23;2.377323;48.847119;parcelle;;;PARIS;RUE HECTOR MALOT;commune;commune;vrai;
75112_4517_00022;75112_4517;22;;Rue Hector Malot;75012;75112;Paris 12e Arrondissement;;;654304.61;6860947.99;2.377333;48.846955;parcelle;;;PARIS;RUE HECTOR MALOT;commune;commune;vrai;
75112_4517_00023;75112_4517;23;;Rue Hector Malot;75012;75112;Paris 12e Arrondissement;;;654310.01;6860972.3;2.377404;48.847174;parcelle;;;PARIS;RUE HECTOR MALOT;commune;commune;vrai;
75112_4517_00024;75112_4517;24;;Rue Hector Malot;75012;75112;Paris 12e Arrondissement;;;654316.74;6860960.34;2.377497;48.847067;parcelle;;;PARIS;RUE HECTOR MALOT;commune;commune;vrai;
75112_4517_00025;75112_4517;25;;Rue Hector Malot;75012;75112;Paris 12e Arrondissement;;;654319.85;6860982.45;2.377537;48.847266;parcelle;;;PARIS;RUE HECTOR MALOT;commune;commune;vrai;
75112_4517_00026;75112_4517;26;;Rue Hector Malot;75012;75112;Paris 12e Arrondissement;;;654323.77;6860967.41;2.377592;48.847131;parcelle;;;PARIS;RUE HECTOR MALOT;commune;commune;vrai;
75112_4517_00028;75112_4517;28;;Rue Hector Malot;75012;75112;Paris 12e Arrondissement;;;654331.83;6860975.68;2.377701;48.847206;parcelle;;;PARIS;RUE HECTOR MALOT;commune;commune;vrai;
75112_4517_00019_b;75112_4517;19;b;Rue Hector Malot;75012;75112;Paris 12e Arrondissement;;;654295.29;6860957.29;2.377205;48.847038;parcelle;;;PARIS;RUE HECTOR MALOT;commune;commune;vrai;
75112_4517_00019_p;75112_4517;19;p;Rue Hector Malot;75012;75112;Paris 12e Arrondissement;;;654275.35;6860979.57;2.376931;48.847237;parcelle;;;PARIS;RUE HECTOR MALOT;commune;commune;vrai;
75112_4517_00008_u;75112_4517;8;u;Rue Hector Malot;75012;75112;Paris 12e Arrondissement;;;654187.63;6860809.47;2.375754;48.845701;parcelle;;;PARIS;RUE HECTOR MALOT;commune;commune;vrai;
75112_4517_00015_b;75112_4517;15;b;Rue Hector Malot;75012;75112;Paris 12e Arrondissement;;;654271.02;6860932.24;2.376877;48.846811;parcelle;;;PARIS;RUE HECTOR MALOT;commune;commune;vrai;
75112_4517_00017_p;75112_4517;17;p;Rue Hector Malot;75012;75112;Paris 12e Arrondissement;;;654270.18;6860937.81;2.376865;48.846861;parcelle;;;PARIS;RUE HECTOR MALOT;commune;commune;vrai;
75112_4562_00001;75112_4562;1;;Place Henri Frenay;75012;75112;Paris 12e Arrondissement;;;654294.86;6860670.18;2.37723;48.844456;parcelle;;;PARIS;PLACE HENRI FRENAY;commune;commune;vrai;
75112_4562_00002;75112_4562;2;;Place Henri Frenay;75012;75112;Paris 12e Arrondissement;;;654314.09;6860689.27;2.37749;48.844629;parcelle;;;PARIS;PLACE HENRI FRENAY;commune;commune;vrai;
75112_4562_00004;75112_4562;4;;Place Henri Frenay;75012;75112;Paris 12e Arrondissement;;;654313.39;6860703.28;2.377479;48.844755;parcelle;;;PARIS;PLACE HENRI FRENAY;commune;commune;vrai;
75112_4562_00006;75112_4562;6;;Place Henri Frenay;75012;75112;Paris 12e Arrondissement;;;654306.08;6860716.35;2.377378;48.844872;parcelle;;;PARIS;PLACE HENRI FRENAY;commune;commune;vrai;
75112_4562_00008;75112_4562;8;;Place Henri Frenay;75012;75112;Paris 12e Arrondissement;;;654298.9;6860727.3;2.377279;48.84497;parcelle;;;PARIS;PLACE HENRI FRENAY;commune;commune;vrai;
75112_4562_00010;75112_4562;10;;Place Henri Frenay;75012;75112;Paris 12e Arrondissement;;;654292.09;6860737.81;2.377185;48.845064;parcelle;;;PARIS;PLACE HENRI FRENAY;commune;commune;vrai;
75112_4562_00012;75112_4562;12;;Place Henri Frenay;75012;75112;Paris 12e Arrondissement;;;654285.04;6860747.32;2.377088;48.845149;parcelle;;;PARIS;PLACE HENRI FRENAY;commune;commune;vrai;
75112_4562_00014;75112_4562;14;;Place Henri Frenay;75012;75112;Paris 12e Arrondissement;;;654277.03;6860754.72;2.376978;48.845215;parcelle;;;PARIS;PLACE HENRI FRENAY;commune;commune;vrai;
75112_4562_00016;75112_4562;16;;Place Henri Frenay;75012;75112;Paris 12e Arrondissement;;;654269.01;6860761.68;2.376868;48.845277;parcelle;;;PARIS;PLACE HENRI FRENAY;commune;commune;vrai;
75112_4562_00018;75112_4562;18;;Place Henri Frenay;75012;75112;Paris 12e Arrondissement;;;654260.05;6860769.53;2.376745;48.845347;parcelle;;;PARIS;PLACE HENRI FRENAY;commune;commune;vrai;
75112_4562_00020;75112_4562;20;;Place Henri Frenay;75012;75112;Paris 12e Arrondissement;;;654248.09;6860779.52;2.376581;48.845436;parcelle;;;PARIS;PLACE HENRI FRENAY;commune;commune;vrai;
75112_4562_00021;75112_4562;21;;Place Henri Frenay;75012;75112;Paris 12e Arrondissement;;;654202.21;6860741.63;2.37596;48.845092;parcelle;;;PARIS;PLACE HENRI FRENAY;commune;commune;vrai;
75112_4562_00022;75112_4562;22;;Place Henri Frenay;75012;75112;Paris 12e Arrondissement;;;654235.4;6860789.3;2.376407;48.845523;parcelle;;;PARIS;PLACE HENRI FRENAY;commune;commune;vrai;
75112_4562_00023;75112_4562;23;;Place Henri Frenay;75012;75112;Paris 12e Arrondissement;;;654197.18;6860745.9;2.375891;48.84513;parcelle;;;PARIS;PLACE HENRI FRENAY;commune;commune;vrai;
75112_4562_00024;75112_4562;24;;Place Henri Frenay;75012;75112;Paris 12e Arrondissement;;;654220.98;6860794.42;2.37621;48.845568;parcelle;;;PARIS;PLACE HENRI FRENAY;commune;commune;vrai;
75112_4562_00025;75112_4562;25;;Place Henri Frenay;75012;75112;Paris 12e Arrondissement;;;654194.34;6860748.15;2.375852;48.84515;parcelle;;;PARIS;PLACE HENRI FRENAY;commune;commune;vrai;
75112_4562_00026;75112_4562;26;;Place Henri Frenay;75012;75112;Paris 12e Arrondissement;;;654214.57;6860800.8;2.376122;48.845625;parcelle;;;PARIS;PLACE HENRI FRENAY;commune;commune;vrai;
75112_4562_00027;75112_4562;27;;Place Henri Frenay;75012;75112;Paris 12e Arrondissement;;;654186.55;6860746.87;2.375746;48.845138;parcelle;;;PARIS;PLACE HENRI FRENAY;commune;commune;vrai;
75112_4562_00028;75112_4562;28;;Place Henri Frenay;75012;75112;Paris 12e Arrondissement;;;654211.44;6860822.07;2.376077;48.845816;parcelle;;;PARIS;PLACE HENRI FRENAY;commune;commune;vrai;
75112_4562_00029;75112_4562;29;;Place Henri Frenay;75012;75112;Paris 12e Arrondissement;;;654179.42;6860755.38;2.375648;48.845214;parcelle;;;PARIS;PLACE HENRI FRENAY;commune;commune;vrai;
75112_4562_00031;75112_4562;31;;Place Henri Frenay;75012;75112;Paris 12e Arrondissement;;;654176.44;6860768.19;2.375606;48.845329;parcelle;;;PARIS;PLACE HENRI FRENAY;commune;commune;vrai;
75112_4562_00033;75112_4562;33;;Place Henri Frenay;75012;75112;Paris 12e Arrondissement;;;654182.36;6860782.82;2.375685;48.845461;parcelle;;;PARIS;PLACE HENRI FRENAY;commune;commune;vrai;
75112_4562_00035;75112_4562;35;;Place Henri Frenay;75012;75112;Paris 12e Arrondissement;;;654192.47;6860789.75;2.375822;48.845524;parcelle;;;PARIS;PLACE HENRI FRENAY;commune;commune;vrai;
75112_4562_00037;75112_4562;37;;Place Henri Frenay;75012;75112;Paris 12e Arrondissement;;;654196;6860800.4;2.375869;48.84562;parcelle;;;PARIS;PLACE HENRI FRENAY;commune;commune;vrai;
75112_4562_00027_p;75112_4562;27;p;Place Henri Frenay;75012;75112;Paris 12e Arrondissement;;;654184.77;6860744.89;2.375722;48.84512;parcelle;;;PARIS;PLACE HENRI FRENAY;commune;commune;vrai;
75112_4562_00025_p;75112_4562;25;p;Place Henri Frenay;75012;75112;Paris 12e Arrondissement;;;654187.68;6860741.3;2.375762;48.845088;parcelle;;;PARIS;PLACE HENRI FRENAY;commune;commune;vrai;
75112_4562_00029_u;75112_4562;29;u;Place Henri Frenay;75012;75112;Paris 12e Arrondissement;;;654184.93;6860756.11;2.375723;48.845221;parcelle;;;PARIS;PLACE HENRI FRENAY;commune;commune;vrai;
75112_4562_00033_u;75112_4562;33;u;Place Henri Frenay;75012;75112;Paris 12e Arrondissement;;;654188.98;6860775.88;2.375776;48.845399;parcelle;;;PARIS;PLACE HENRI FRENAY;commune;commune;vrai;
75112_4562_00027_u;75112_4562;27;u;Place Henri Frenay;75012;75112;Paris 12e Arrondissement;;;654191.49;6860750.5;2.375813;48.845171;parcelle;;;PARIS;PLACE HENRI FRENAY;commune;commune;vrai;
75112_4562_00035_u;75112_4562;35;u;Place Henri Frenay;75012;75112;Paris 12e Arrondissement;;;654201.27;6860789.01;2.375942;48.845518;parcelle;;;PARIS;PLACE HENRI FRENAY;commune;commune;vrai;
75112_7402_00010;75112_7402;10;;Rue de Picpus;75012;75112;Paris 12e Arrondissement;;;655469.06;6860993.52;2.393195;48.847446;parcelle;;;PARIS;RUE DE PICPUS;commune;commune;vrai;
75112_2792_00001;75112_2792;1;;Boulevard Diderot;75012;75112;Paris 12e Arrondissement;;;653662.67;6860783.4;2.368604;48.845429;parcelle;;;PARIS;BOULEVARD DIDEROT;commune;commune;vrai;
75112_2792_00002;75112_2792;2;;Boulevard Diderot;75012;75112;Paris 12e Arrondissement;;;653684.74;6860752.97;2.368908;48.845157;parcelle;;;PARIS;BOULEVARD DIDEROT;commune;commune;vrai;
75112_2792_00003;75112_2792;3;;Boulevard Diderot;75012;75112;Paris 12e Arrondissement;;;653681.41;6860786.47;2.368859;48.845458;parcelle;;;PARIS;BOULEVARD DIDEROT;commune;commune;vrai;
75112_2792_00004;75112_2792;4;;Boulevard Diderot;75012;75112;Paris 12e Arrondissement;;;653712.96;6860757.53;2.369292;48.8452;parcelle;;;PARIS;BOULEVARD DIDEROT;commune;commune;vrai;
75112_2792_00005;75112_2792;5;;Boulevard Diderot;75012;75112;Paris 12e Arrondissement;;;653697.65;6860789.12;2.36908;48.845483;parcelle;;;PARIS;BOULEVARD DIDEROT;commune;commune;vrai;
75112_2792_00006;75112_2792;6;;Boulevard Diderot;75012;75112;Paris 12e Arrondissement;;;653744.34;6860762.62;2.369719;48.845248;parcelle;;;PARIS;BOULEVARD DIDEROT;commune;commune;vrai;
75112_2792_00007;75112_2792;7;;Boulevard Diderot;75012;75112;Paris 12e Arrondissement;;;653764.38;6860800.15;2.369988;48.845587;parcelle;;;PARIS;BOULEVARD DIDEROT;commune;commune;vrai;
75112_2792_00008;75112_2792;8;;Boulevard Diderot;75012;75112;Paris 12e Arrondissement;;;653786.08;6860769.51;2.370287;48.845313;parcelle;;;PARIS;BOULEVARD DIDEROT;commune;commune;vrai;
75112_2792_00009;75112_2792;9;;Boulevard Diderot;75012;75112;Paris 12e Arrondissement;;;653774.74;6860801.85;2.370129;48.845603;parcelle;;;PARIS;BOULEVARD DIDEROT;commune;commune;vrai;
75112_2792_00010;75112_2792;10;;Boulevard Diderot;75012;75112;Paris 12e Arrondissement;;;653802.54;6860772.16;2.370511;48.845338;parcelle;;;PARIS;BOULEVARD DIDEROT;commune;commune;vrai;
75112_2792_00011;75112_2792;11;;Boulevard Diderot;75012;75112;Paris 12e Arrondissement;;;653788.85;6860804.18;2.370321;48.845625;parcelle;;;PARIS;BOULEVARD DIDEROT;commune;commune;vrai;
75112_2792_00012;75112_2792;12;;Boulevard Diderot;75012;75112;Paris 12e Arrondissement;;;653817.46;6860774.6;2.370714;48.845361;parcelle;;;PARIS;BOULEVARD DIDEROT;commune;commune;vrai;
75112_2792_00013;75112_2792;13;;Boulevard Diderot;75012;75112;Paris 12e Arrondissement;;;653823.17;6860809.8;2.370788;48.845678;parcelle;;;PARIS;BOULEVARD DIDEROT;commune;commune;vrai;
75112_2792_00014;75112_2792;14;;Boulevard Diderot;75012;75112;Paris 12e Arrondissement;;;653827.31;6860776.3;2.370848;48.845377;parcelle;;;PARIS;BOULEVARD DIDEROT;commune;commune;vrai;
75112_2792_00015;75112_2792;15;;Boulevard Diderot;75012;75112;Paris 12e Arrondissement;;;653858.15;6860815.53;2.371264;48.845732;parcelle;;;PARIS;BOULEVARD DIDEROT;commune;commune;vrai;
75112_2792_00016;75112_2792;16;;Boulevard Diderot;75012;75112;Paris 12e Arrondissement;;;653893.96;6860787.22;2.371755;48.84548;parcelle;;;PARIS;BOULEVARD DIDEROT;commune;commune;vrai;
75112_2792_00017;75112_2792;17;;Boulevard Diderot;75012;75112;Paris 12e Arrondissement;;;653877.85;6860818.71;2.371532;48.845762;parcelle;;;PARIS;BOULEVARD DIDEROT;commune;commune;vrai;
75112_2792_00018;75112_2792;18;;Boulevard Diderot;75012;75112;Paris 12e Arrondissement;;;653902.85;6860788.71;2.371876;48.845494;parcelle;;;PARIS;BOULEVARD DIDEROT;commune;commune;vrai;
75112_2792_00019;75112_2792;19;;Boulevard Diderot;75012;75112;Paris 12e Arrondissement;;;653896.22;6860821.56;2.371782;48.845789;parcelle;;;PARIS;BOULEVARD DIDEROT;commune;commune;vrai;
75112_2792_00020;75112_2792;20;;Boulevard Diderot;75012;75112;Paris 12e Arrondissement;;;653918.07;6860791.15;2.372083;48.845517;parcelle;;;PARIS;BOULEVARD DIDEROT;commune;commune;vrai;
75112_2792_00021;75112_2792;21;;Boulevard Diderot;75012;75112;Paris 12e Arrondissement;;;653913.12;6860824.32;2.372012;48.845815;parcelle;;;PARIS;BOULEVARD DIDEROT;commune;commune;vrai;
75112_2792_00022;75112_2792;22;;Boulevard Diderot;75012;75112;Paris 12e Arrondissement;;;654108.25;6860822.55;2.374671;48.845813;parcelle;;;PARIS;BOULEVARD DIDEROT;commune;commune;vrai;
75112_2792_00023;75112_2792;23;;Boulevard Diderot;75012;75112;Paris 12e Arrondissement;;;654023.2;6860842.68;2.37351;48.845988;parcelle;;;PARIS;BOULEVARD DIDEROT;commune;commune;vrai;
75112_2792_00024;75112_2792;24;;Boulevard Diderot;75012;75112;Paris 12e Arrondissement;;;654121.11;6860824.67;2.374846;48.845833;parcelle;;;PARIS;BOULEVARD DIDEROT;commune;commune;vrai;
75112_2792_00025;75112_2792;25;;Boulevard Diderot;75012;75112;Paris 12e Arrondissement;;;654077;6860851.6;2.374242;48.846072;parcelle;;;PARIS;BOULEVARD DIDEROT;commune;commune;vrai;
75112_2792_00026;75112_2792;26;;Boulevard Diderot;75012;75112;Paris 12e Arrondissement;;;654134.56;6860826.79;2.375029;48.845853;parcelle;;;PARIS;BOULEVARD DIDEROT;commune;commune;vrai;
75112_2792_00027;75112_2792;27;;Boulevard Diderot;75012;75112;Paris 12e Arrondissement;;;654142.77;6860862.42;2.375137;48.846174;parcelle;;;PARIS;BOULEVARD DIDEROT;commune;commune;vrai;
75112_2792_00028;75112_2792;28;;Boulevard Diderot;75012;75112;Paris 12e Arrondissement;;;654161.82;6860831.24;2.3754;48.845895;parcelle;;;PARIS;BOULEVARD DIDEROT;commune;commune;vrai;
75112_2792_00029;75112_2792;29;;Boulevard Diderot;75012;75112;Paris 12e Arrondissement;;;654195.9;6860871.12;2.37586;48.846256;parcelle;;;PARIS;BOULEVARD DIDEROT;commune;commune;vrai;
75112_2792_00030;75112_2792;30;;Boulevard Diderot;75012;75112;Paris 12e Arrondissement;;;654234.72;6860843.12;2.376392;48.846007;parcelle;;;PARIS;BOULEVARD DIDEROT;commune;commune;vrai;
75112_2792_00031;75112_2792;31;;Boulevard Diderot;75012;75112;Paris 12e Arrondissement;;;654207.66;6860873.03;2.37602;48.846274;parcelle;;;PARIS;BOULEVARD DIDEROT;commune;commune;vrai;
75112_2792_00032;75112_2792;32;;Boulevard Diderot;75012;75112;Paris 12e Arrondissement;;;654248.83;6860845.46;2.376584;48.846029;parcelle;;;PARIS;BOULEVARD DIDEROT;commune;commune;vrai;
75112_2792_00033;75112_2792;33;;Boulevard Diderot;75012;75112;Paris 12e Arrondissement;;;654320.82;6860891.59;2.37756;48.846449;parcelle;;;PARIS;BOULEVARD DIDEROT;commune;commune;vrai;
75112_2792_00034;75112_2792;34;;Boulevard Diderot;75012;75112;Paris 12e Arrondissement;;;654259.63;6860847.26;2.376731;48.846046;parcelle;;;PARIS;BOULEVARD DIDEROT;commune;commune;vrai;
75112_2792_00035;75112_2792;35;;Boulevard Diderot;75012;75112;Paris 12e Arrondissement;;;654352.57;6860896.68;2.377992;48.846497;parcelle;;;PARIS;BOULEVARD DIDEROT;commune;commune;vrai;
75112_2792_00036;75112_2792;36;;Boulevard Diderot;75012;75112;Paris 12e Arrondissement;;;654274.7;6860849.7;2.376936;48.846069;parcelle;;;PARIS;BOULEVARD DIDEROT;commune;commune;vrai;
75112_2792_00037;75112_2792;37;;Boulevard Diderot;75012;75112;Paris 12e Arrondissement;;;654378.73;6860901.03;2.378348;48.846538;parcelle;;;PARIS;BOULEVARD DIDEROT;commune;commune;vrai;
75112_2792_00038;75112_2792;38;;Boulevard Diderot;75012;75112;Paris 12e Arrondissement;;;654288.81;6860852.04;2.377128;48.846091;parcelle;;;PARIS;BOULEVARD DIDEROT;commune;commune;vrai;
75112_2792_00039;75112_2792;39;;Boulevard Diderot;75012;75112;Paris 12e Arrondissement;;;654394.97;6860903.69;2.378569;48.846563;parcelle;;;PARIS;BOULEVARD DIDEROT;commune;commune;vrai;
75112_2792_00040;75112_2792;40;;Boulevard Diderot;75012;75112;Paris 12e Arrondissement;;;654302.55;6860854.26;2.377315;48.846112;parcelle;;;PARIS;BOULEVARD DIDEROT;commune;commune;vrai;
75112_2792_00041;75112_2792;41;;Boulevard Diderot;75012;75112;Paris 12e Arrondissement;;;654423.41;6860908.35;2.378956;48.846607;parcelle;;;PARIS;BOULEVARD DIDEROT;commune;commune;vrai;
75112_2792_00042;75112_2792;42;;Boulevard Diderot;75012;75112;Paris 12e Arrondissement;;;654363.76;6860864.12;2.378148;48.846205;parcelle;;;PARIS;BOULEVARD DIDEROT;commune;commune;vrai;
75112_2792_00043;75112_2792;43;;Boulevard Diderot;75012;75112;Paris 12e Arrondissement;;;654465.15;6860915.25;2.379524;48.846672;parcelle;;;PARIS;BOULEVARD DIDEROT;commune;commune;vrai;
75112_2792_00044;75112_2792;44;;Boulevard Diderot;75012;75112;Paris 12e Arrondissement;;;654382.8;6860867.53;2.378407;48.846237;parcelle;;;PARIS;BOULEVARD DIDEROT;commune;commune;vrai;
75112_2792_00045;75112_2792;45;;Boulevard Diderot;75012;75112;Paris 12e Arrondissement;;;654497.63;6860920.56;2.379966;48.846722;parcelle;;;PARIS;BOULEVARD DIDEROT;commune;commune;vrai;
75112_2792_00046;75112_2792;46;;Boulevard Diderot;75012;75112;Paris 12e Arrondissement;;;654397.86;6860869.97;2.378612;48.84626;parcelle;;;PARIS;BOULEVARD DIDEROT;commune;commune;vrai;
75112_2792_00047;75112_2792;47;;Boulevard Diderot;75012;75112;Paris 12e Arrondissement;;;654555.02;6860930;2.380747;48.846811;parcelle;;;PARIS;BOULEVARD DIDEROT;commune;commune;vrai;
75112_2792_00048;75112_2792;48;;Boulevard Diderot;75012;75112;Paris 12e Arrondissement;;;654414.47;6860872.73;2.378838;48.846286;parcelle;;;PARIS;BOULEVARD DIDEROT;commune;commune;vrai;
75112_2792_00049;75112_2792;49;;Boulevard Diderot;75012;75112;Paris 12e Arrondissement;;;654573.24;6860932.98;2.380995;48.846839;parcelle;;;PARIS;BOULEVARD DIDEROT;commune;commune;vrai;
75112_2792_00050;75112_2792;50;;Boulevard Diderot;75012;75112;Paris 12e Arrondissement;;;654423.65;6860874.21;2.378963;48.8463;parcelle;;;PARIS;BOULEVARD DIDEROT;commune;commune;vrai;
75112_2792_00051;75112_2792;51;;Boulevard Diderot;75012;75112;Paris 12e Arrondissement;;;654598.01;6860937.12;2.381332;48.846878;parcelle;;;PARIS;BOULEVARD DIDEROT;commune;commune;vrai;
75112_2792_00052;75112_2792;52;;Boulevard Diderot;75012;75112;Paris 12e Arrondissement;;;654466.86;6860881.44;2.379551;48.846368;parcelle;;;PARIS;BOULEVARD DIDEROT;commune;commune;vrai;
75112_2792_00053;75112_2792;53;;Boulevard Diderot;75012;75112;Paris 12e Arrondissement;;;654650.84;6860945.82;2.382051;48.84696;parcelle;;;PARIS;BOULEVARD DIDEROT;commune;commune;vrai;
75112_2792_00054;75112_2792;54;;Boulevard Diderot;75012;75112;Paris 12e Arrondissement;;;654478.99;6860883.34;2.379716;48.846386;parcelle;;;PARIS;BOULEVARD DIDEROT;commune;commune;vrai;
75112_2792_00055;75112_2792;55;;Boulevard Diderot;75012;75112;Paris 12e Arrondissement;;;654746.37;6860961.53;2.383351;48.847108;parcelle;;;PARIS;BOULEVARD DIDEROT;commune;commune;vrai;
75112_2792_00056;75112_2792;56;;Boulevard Diderot;75012;75112;Paris 12e Arrondissement;;;654498.76;6860886.63;2.379985;48.846417;parcelle;;;PARIS;BOULEVARD DIDEROT;commune;commune;vrai;
75112_2792_00057;75112_2792;57;;Boulevard Diderot;75012;75112;Paris 12e Arrondissement;;;654813.17;6860972.58;2.38426;48.847212;parcelle;;;PARIS;BOULEVARD DIDEROT;commune;commune;vrai;
75112_2792_00058;75112_2792;58;;Boulevard Diderot;75012;75112;Paris 12e Arrondissement;;;654517.35;6860889.71;2.380238;48.846446;parcelle;;;PARIS;BOULEVARD DIDEROT;commune;commune;vrai;
75112_2792_00059;75112_2792;59;;Boulevard Diderot;75012;75112;Paris 12e Arrondissement;;;654831.98;6860975.65;2.384516;48.847241;parcelle;;;PARIS;BOULEVARD DIDEROT;commune;commune;vrai;
75112_2792_00060;75112_2792;60;;Boulevard Diderot;75012;75112;Paris 12e Arrondissement;;;654529.62;6860891.73;2.380405;48.846465;parcelle;;;PARIS;BOULEVARD DIDEROT;commune;commune;vrai;
75112_2792_00061;75112_2792;61;;Boulevard Diderot;75012;75112;Paris 12e Arrondissement;;;654847.34;6860978.2;2.384725;48.847265;parcelle;;;PARIS;BOULEVARD DIDEROT;commune;commune;vrai;
75112_2792_00062;75112_2792;62;;Boulevard Diderot;75012;75112;Paris 12e Arrondissement;;;654547.18;6860894.59;2.380644;48.846492;parcelle;;;PARIS;BOULEVARD DIDEROT;commune;commune;vrai;
75112_2792_00063;75112_2792;63;;Boulevard Diderot;75012;75112;Paris 12e Arrondissement;;;654871.96;6860982.24;2.38506;48.847303;parcelle;;;PARIS;BOULEVARD DIDEROT;commune;commune;vrai;
75112_2792_00064;75112_2792;64;;Boulevard Diderot;75012;75112;Paris 12e Arrondissement;;;654559.23;6860896.5;2.380808;48.84651;parcelle;;;PARIS;BOULEVARD DIDEROT;commune;commune;vrai;
75112_2792_00065;75112_2792;65;;Boulevard Diderot;75012;75112;Paris 12e Arrondissement;;;654886.65;6860984.68;2.38526;48.847326;parcelle;;;PARIS;BOULEVARD DIDEROT;commune;commune;vrai;
75112_2792_00066;75112_2792;66;;Boulevard Diderot;75012;75112;Paris 12e Arrondissement;;;654572.31;6860898.62;2.380986;48.84653;parcelle;;;PARIS;BOULEVARD DIDEROT;commune;commune;vrai;
75112_2792_00067;75112_2792;67;;Boulevard Diderot;75012;75112;Paris 12e Arrondissement;;;654894.95;6860985.73;2.385373;48.847336;parcelle;;;PARIS;BOULEVARD DIDEROT;commune;commune;vrai;
75112_2792_00068;75112_2792;68;;Boulevard Diderot;75012;75112;Paris 12e Arrondissement;;;654586.5;6860900.96;2.381179;48.846552;parcelle;;;PARIS;BOULEVARD DIDEROT;commune;commune;vrai;
75112_2792_00069;75112_2792;69;;Boulevard Diderot;75012;75112;Paris 12e Arrondissement;;;654924.79;6860991.05;2.385779;48.847386;parcelle;;;PARIS;BOULEVARD DIDEROT;commune;commune;vrai;
75112_2792_00070;75112_2792;70;;Boulevard Diderot;75012;75112;Paris 12e Arrondissement;;;654601.19;6860903.4;2.381379;48.846575;parcelle;;;PARIS;BOULEVARD DIDEROT;commune;commune;vrai;
75112_2792_00071;75112_2792;71;;Boulevard Diderot;75012;75112;Paris 12e Arrondissement;;;654937.65;6860992.96;2.385954;48.847404;parcelle;;;PARIS;BOULEVARD DIDEROT;commune;commune;vrai;
75112_2792_00072;75112_2792;72;;Boulevard Diderot;75012;75112;Paris 12e Arrondissement;;;654616.77;6860905.95;2.381591;48.846599;parcelle;;;PARIS;BOULEVARD DIDEROT;commune;commune;vrai;
75112_2792_00073;75112_2792;73;;Boulevard Diderot;75012;75112;Paris 12e Arrondissement;;;654948.89;6860994.87;2.386107;48.847422;parcelle;;;PARIS;BOULEVARD DIDEROT;commune;commune;vrai;
75112_2792_00074;75112_2792;74;;Boulevard Diderot;75012;75112;Paris 12e Arrondissement;;;654658.14;6860912.85;2.382154;48.846664;parcelle;;;PARIS;BOULEVARD DIDEROT;commune;commune;vrai;
75112_2792_00075;75112_2792;75;;Boulevard Diderot;75012;75112;Paris 12e Arrondissement;;;654964.62;6860997.53;2.386321;48.847447;parcelle;;;PARIS;BOULEVARD DIDEROT;commune;commune;vrai;
75112_2792_00076;75112_2792;76;;Boulevard Diderot;75012;75112;Paris 12e Arrondissement;;;654675.78;6860915.72;2.382394;48.846691;parcelle;;;PARIS;BOULEVARD DIDEROT;commune;commune;vrai;
75112_2792_00077;75112_2792;77;;Boulevard Diderot;75012;75112;Paris 12e Arrondissement;;;655004.23;6861004;2.38686;48.847508;parcelle;;;PARIS;BOULEVARD DIDEROT;commune;commune;vrai;
75112_2792_00078;75112_2792;78;;Boulevard Diderot;75012;75112;Paris 12e Arrondissement;;;654690.48;6860918.16;2.382594;48.846714;parcelle;;;PARIS;BOULEVARD DIDEROT;commune;commune;vrai;
75112_2792_00079;75112_2792;79;;Boulevard Diderot;75012;75112;Paris 12e Arrondissement;;;655016.35;6861006.02;2.387025;48.847527;parcelle;;;PARIS;BOULEVARD DIDEROT;commune;commune;vrai;
75112_2792_00080;75112_2792;80;;Boulevard Diderot;75012;75112;Paris 12e Arrondissement;;;654702.31;6860920.07;2.382755;48.846732;parcelle;;;PARIS;BOULEVARD DIDEROT;commune;commune;vrai;
75112_2792_00081;75112_2792;81;;Boulevard Diderot;75012;75112;Paris 12e Arrondissement;;;655044.27;6861010.48;2.387405;48.847569;parcelle;;;PARIS;BOULEVARD DIDEROT;commune;commune;vrai;
75112_2792_00082;75112_2792;82;;Boulevard Diderot;75012;75112;Paris 12e Arrondissement;;;654711.49;6860921.55;2.38288;48.846746;parcelle;;;PARIS;BOULEVARD DIDEROT;commune;commune;vrai;
75112_2792_00083;75112_2792;83;;Boulevard Diderot;75012;75112;Paris 12e Arrondissement;;;655050.81;6861011.54;2.387494;48.847579;parcelle;;;PARIS;BOULEVARD DIDEROT;commune;commune;vrai;
75112_2792_00084;75112_2792;84;;Boulevard Diderot;75012;75112;Paris 12e Arrondissement;;;654734.49;6860925.38;2.383193;48.846782;parcelle;;;PARIS;BOULEVARD DIDEROT;commune;commune;vrai;
75112_2792_00085;75112_2792;85;;Boulevard Diderot;75012;75112;Paris 12e Arrondissement;;;655073.3;6861015.25;2.3878;48.847614;parcelle;;;PARIS;BOULEVARD DIDEROT;commune;commune;vrai;
75112_2792_00086;75112_2792;86;;Boulevard Diderot;75012;75112;Paris 12e Arrondissement;;;654751.91;6860928.24;2.38343;48.846809;parcelle;;;PARIS;BOULEVARD DIDEROT;commune;commune;vrai;
75112_2792_00087;75112_2792;87;;Boulevard Diderot;75012;75112;Paris 12e Arrondissement;;;655089.98;6861018.02;2.388027;48.84764;parcelle;;;PARIS;BOULEVARD DIDEROT;commune;commune;vrai;
75112_2792_00088;75112_2792;88;;Boulevard Diderot;75012;75112;Paris 12e Arrondissement;;;654792.62;6860934.93;2.383984;48.846872;parcelle;;;PARIS;BOULEVARD DIDEROT;commune;commune;vrai;
75112_2792_00089;75112_2792;89;;Boulevard Diderot;75012;75112;Paris 12e Arrondissement;;;655114.45;6861022.05;2.38836;48.847678;parcelle;;;PARIS;BOULEVARD DIDEROT;commune;commune;vrai;
75112_2792_00090;75112_2792;90;;Boulevard Diderot;75012;75112;Paris 12e Arrondissement;;;654806.51;6860937.27;2.384173;48.846894;parcelle;;;PARIS;BOULEVARD DIDEROT;commune;commune;vrai;
75112_2792_00091;75112_2792;91;;Boulevard Diderot;75012;75112;Paris 12e Arrondissement;;;655130.39;6861024.71;2.388577;48.847703;parcelle;;;PARIS;BOULEVARD DIDEROT;commune;commune;vrai;
75112_2792_00092;75112_2792;92;;Boulevard Diderot;75012;75112;Paris 12e Arrondissement;;;654818.93;6860939.28;2.384342;48.846913;parcelle;;;PARIS;BOULEVARD DIDEROT;commune;commune;vrai;
75112_2792_00093;75112_2792;93;;Boulevard Diderot;75012;75112;Paris 12e Arrondissement;;;655145.68;6861027.26;2.388785;48.847727;parcelle;;;PARIS;BOULEVARD DIDEROT;commune;commune;vrai;
75112_2792_00094;75112_2792;94;;Boulevard Diderot;75012;75112;Paris 12e Arrondissement;;;654837.15;6860942.25;2.38459;48.846941;parcelle;;;PARIS;BOULEVARD DIDEROT;commune;commune;vrai;
75112_2792_00095;75112_2792;95;;Boulevard Diderot;75012;75112;Paris 12e Arrondissement;;;655151.34;6861028.22;2.388862;48.847736;parcelle;;;PARIS;BOULEVARD DIDEROT;commune;commune;vrai;
75112_2792_00096;75112_2792;96;;Boulevard Diderot;75012;75112;Paris 12e Arrondissement;;;654851.33;6860944.59;2.384783;48.846963;parcelle;;;PARIS;BOULEVARD DIDEROT;commune;commune;vrai;
75112_2792_00097;75112_2792;97;;Boulevard Diderot;75012;75112;Paris 12e Arrondissement;;;655166.62;6861030.66;2.38907;48.847759;parcelle;;;PARIS;BOULEVARD DIDEROT;commune;commune;vrai;
75112_2792_00098;75112_2792;98;;Boulevard Diderot;75012;75112;Paris 12e Arrondissement;;;654864.63;6860946.71;2.384964;48.846983;parcelle;;;PARIS;BOULEVARD DIDEROT;commune;commune;vrai;
75112_2792_00099;75112_2792;99;;Boulevard Diderot;75012;75112;Paris 12e Arrondissement;;;655178.3;6861032.57;2.389229;48.847777;parcelle;;;PARIS;BOULEVARD DIDEROT;commune;commune;vrai;
75112_2792_00100;75112_2792;100;;Boulevard Diderot;75012;75112;Paris 12e Arrondissement;;;654892.78;6860951.38;2.385347;48.847027;parcelle;;;PARIS;BOULEVARD DIDEROT;commune;commune;vrai;
75112_2792_00101;75112_2792;101;;Boulevard Diderot;75012;75112;Paris 12e Arrondissement;;;655190.72;6861034.58;2.389398;48.847796;parcelle;;;PARIS;BOULEVARD DIDEROT;commune;commune;vrai;
75112_2792_00102;75112_2792;102;;Boulevard Diderot;75012;75112;Paris 12e Arrondissement;;;654905.27;6860953.51;2.385517;48.847047;parcelle;;;PARIS;BOULEVARD DIDEROT;commune;commune;vrai;
75112_2792_00103;75112_2792;103;;Boulevard Diderot;75012;75112;Paris 12e Arrondissement;;;655204.1;6861036.7;2.38958;48.847816;parcelle;;;PARIS;BOULEVARD DIDEROT;commune;commune;vrai;
75112_2792_00104;75112_2792;104;;Boulevard Diderot;75012;75112;Paris 12e Arrondissement;;;654917.4;6860955.53;2.385682;48.847066;parcelle;;;PARIS;BOULEVARD DIDEROT;commune;commune;vrai;
75112_2792_00105;75112_2792;105;;Boulevard Diderot;75012;75112;Paris 12e Arrondissement;;;655213.06;6861038.19;2.389702;48.84783;parcelle;;;PARIS;BOULEVARD DIDEROT;commune;commune;vrai;
75112_2792_00106;75112_2792;106;;Boulevard Diderot;75012;75112;Paris 12e Arrondissement;;;654930.33;6860957.65;2.385858;48.847086;parcelle;;;PARIS;BOULEVARD DIDEROT;commune;commune;vrai;
75112_2792_00107;75112_2792;107;;Boulevard Diderot;75012;75112;Paris 12e Arrondissement;;;655252.59;6861044.56;2.39024;48.84789;parcelle;;;PARIS;BOULEVARD DIDEROT;commune;commune;vrai;
75112_2792_00108;75112_2792;108;;Boulevard Diderot;75012;75112;Paris 12e Arrondissement;;;654940.91;6860959.35;2.386002;48.847102;parcelle;;;PARIS;BOULEVARD DIDEROT;commune;commune;vrai;
75112_2792_00109;75112_2792;109;;Boulevard Diderot;75012;75112;Paris 12e Arrondissement;;;655266.04;6861046.79;2.390423;48.847911;parcelle;;;PARIS;BOULEVARD DIDEROT;commune;commune;vrai;
75112_2792_00110;75112_2792;110;;Boulevard Diderot;75012;75112;Paris 12e Arrondissement;;;654952.89;6860961.37;2.386165;48.847121;parcelle;;;PARIS;BOULEVARD DIDEROT;commune;commune;vrai;
75112_2792_00111;75112_2792;111;;Boulevard Diderot;75012;75112;Paris 12e Arrondissement;;;655278.46;6861048.69;2.390592;48.847929;parcelle;;;PARIS;BOULEVARD DIDEROT;commune;commune;vrai;
75112_2792_00112;75112_2792;112;;Boulevard Diderot;75012;75112;Paris 12e Arrondissement;;;654964.43;6860963.28;2.386322;48.847139;parcelle;;;PARIS;BOULEVARD DIDEROT;commune;commune;vrai;
75112_2792_00113;75112_2792;113;;Boulevard Diderot;75012;75112;Paris 12e Arrondissement;;;655291.68;6861050.93;2.390772;48.84795;parcelle;;;PARIS;BOULEVARD DIDEROT;commune;commune;vrai;
75112_2792_00114;75112_2792;114;;Boulevard Diderot;75012;75112;Paris 12e Arrondissement;;;654972.51;6860964.55;2.386432;48.847151;parcelle;;;PARIS;BOULEVARD DIDEROT;commune;commune;vrai;
75112_2792_00115;75112_2792;115;;Boulevard Diderot;75012;75112;Paris 12e Arrondissement;;;655304.32;6861052.94;2.390944;48.847969;parcelle;;;PARIS;BOULEVARD DIDEROT;commune;commune;vrai;
75112_2792_00116;75112_2792;116;;Boulevard Diderot;75012;75112;Paris 12e Arrondissement;;;654989.56;6860967.42;2.386664;48.847178;parcelle;;;PARIS;BOULEVARD DIDEROT;commune;commune;vrai;
75112_2792_00117;75112_2792;117;;Boulevard Diderot;75012;75112;Paris 12e Arrondissement;;;655317.62;6861055.06;2.391125;48.847989;parcelle;;;PARIS;BOULEVARD DIDEROT;commune;commune;vrai;
75112_2792_00118;75112_2792;118;;Boulevard Diderot;75012;75112;Paris 12e Arrondissement;;;655028.94;6860973.9;2.3872;48.847239;parcelle;;;PARIS;BOULEVARD DIDEROT;commune;commune;vrai;
75112_2792_00119;75112_2792;119;;Boulevard Diderot;75012;75112;Paris 12e Arrondissement;;;655327.99;6861057.32;2.391266;48.84801;parcelle;;;PARIS;BOULEVARD DIDEROT;commune;commune;vrai;
75112_2792_00120;75112_2792;120;;Boulevard Diderot;75012;75112;Paris 12e Arrondissement;;;655045.55;6860976.66;2.387426;48.847265;parcelle;;;PARIS;BOULEVARD DIDEROT;commune;commune;vrai;
75112_2792_00121;75112_2792;121;;Boulevard Diderot;75012;75112;Paris 12e Arrondissement;;;655345.33;6861060.3;2.391502;48.848038;parcelle;;;PARIS;BOULEVARD DIDEROT;commune;commune;vrai;
75112_2792_00123;75112_2792;123;;Boulevard Diderot;75012;75112;Paris 12e Arrondissement;;;655359.58;6861062.53;2.391696;48.848059;parcelle;;;PARIS;BOULEVARD DIDEROT;commune;commune;vrai;
75112_2792_00124;75112_2792;124;;Boulevard Diderot;75012;75112;Paris 12e Arrondissement;;;655062.23;6860979.42;2.387653;48.847291;parcelle;;;PARIS;BOULEVARD DIDEROT;commune;commune;vrai;
75112_2792_00125;75112_2792;125;;Boulevard Diderot;75012;75112;Paris 12e Arrondissement;;;655377.66;6861065.5;2.391942;48.848087;parcelle;;;PARIS;BOULEVARD DIDEROT;commune;commune;vrai;
75112_2792_00126;75112_2792;126;;Boulevard Diderot;75012;75112;Paris 12e Arrondissement;;;655076.41;6860981.76;2.387846;48.847313;parcelle;;;PARIS;BOULEVARD DIDEROT;commune;commune;vrai;
75112_2792_00127;75112_2792;127;;Boulevard Diderot;75012;75112;Paris 12e Arrondissement;;;655394.05;6861068.26;2.392165;48.848113;parcelle;;;PARIS;BOULEVARD DIDEROT;commune;commune;vrai;
75112_2792_00128;75112_2792;128;;Boulevard Diderot;75012;75112;Paris 12e Arrondissement;;;655090.82;6860984.09;2.388042;48.847335;parcelle;;;PARIS;BOULEVARD DIDEROT;commune;commune;vrai;
75112_2792_00129;75112_2792;129;;Boulevard Diderot;75012;75112;Paris 12e Arrondissement;;;655412.27;6861071.24;2.392413;48.848141;parcelle;;;PARIS;BOULEVARD DIDEROT;commune;commune;vrai;
75112_2792_00130;75112_2792;130;;Boulevard Diderot;75012;75112;Paris 12e Arrondissement;;;655103.46;6860986.22;2.388214;48.847355;parcelle;;;PARIS;BOULEVARD DIDEROT;commune;commune;vrai;
75112_2792_00132;75112_2792;132;;Boulevard Diderot;75012;75112;Paris 12e Arrondissement;;;655146.15;6860993.23;2.388795;48.847421;parcelle;;;PARIS;BOULEVARD DIDEROT;commune;commune;vrai;
75112_2792_00134;75112_2792;134;;Boulevard Diderot;75012;75112;Paris 12e Arrondissement;;;655157.47;6860995.03;2.388949;48.847438;parcelle;;;PARIS;BOULEVARD DIDEROT;commune;commune;vrai;
75112_2792_00136;75112_2792;136;;Boulevard Diderot;75012;75112;Paris 12e Arrondissement;;;655181.13;6860998.96;2.389271;48.847475;parcelle;;;PARIS;BOULEVARD DIDEROT;commune;commune;vrai;
75112_2792_00138;75112_2792;138;;Boulevard Diderot;75012;75112;Paris 12e Arrondissement;;;655187.37;6860999.92;2.389356;48.847484;parcelle;;;PARIS;BOULEVARD DIDEROT;commune;commune;vrai;
75112_2792_00140;75112_2792;140;;Boulevard Diderot;75012;75112;Paris 12e Arrondissement;;;655203.02;6861002.57;2.389569;48.847509;parcelle;;;PARIS;BOULEVARD DIDEROT;commune;commune;vrai;
75112_2792_00142;75112_2792;142;;Boulevard Diderot;75012;75112;Paris 12e Arrondissement;;;655219.12;6861005.23;2.389788;48.847534;parcelle;;;PARIS;BOULEVARD DIDEROT;commune;commune;vrai;
75112_2792_00144;75112_2792;144;;Boulevard Diderot;75012;75112;Paris 12e Arrondissement;;;655231.98;6861007.24;2.389963;48.847553;parcelle;;;PARIS;BOULEVARD DIDEROT;commune;commune;vrai;
75112_2792_00146;75112_2792;146;;Boulevard Diderot;75012;75112;Paris 12e Arrondissement;;;655241.31;6861008.84;2.39009;48.847568;parcelle;;;PARIS;BOULEVARD DIDEROT;commune;commune;vrai;
75112_2792_00148;75112_2792;148;;Boulevard Diderot;75012;75112;Paris 12e Arrondissement;;;655268.72;6861013.3;2.390463;48.84761;parcelle;;;PARIS;BOULEVARD DIDEROT;commune;commune;vrai;
75112_2792_00150;75112_2792;150;;Boulevard Diderot;75012;75112;Paris 12e Arrondissement;;;655278.42;6861014.89;2.390595;48.847625;parcelle;;;PARIS;BOULEVARD DIDEROT;commune;commune;vrai;
75112_2792_00152;75112_2792;152;;Boulevard Diderot;75012;75112;Paris 12e Arrondissement;;;655303.99;6861019.14;2.390943;48.847665;parcelle;;;PARIS;BOULEVARD DIDEROT;commune;commune;vrai;
75112_2792_00154;75112_2792;154;;Boulevard Diderot;75012;75112;Paris 12e Arrondissement;;;655316.55;6861021.16;2.391114;48.847684;parcelle;;;PARIS;BOULEVARD DIDEROT;commune;commune;vrai;
75112_2792_00156;75112_2792;156;;Boulevard Diderot;75012;75112;Paris 12e Arrondissement;;;655335.07;6861024.24;2.391366;48.847713;parcelle;;;PARIS;BOULEVARD DIDEROT;commune;commune;vrai;
75112_2792_00158;75112_2792;158;;Boulevard Diderot;75012;75112;Paris 12e Arrondissement;;;655354.54;6861027.43;2.391631;48.847743;parcelle;;;PARIS;BOULEVARD DIDEROT;commune;commune;vrai;
75112_2792_00160;75112_2792;160;;Boulevard Diderot;75012;75112;Paris 12e Arrondissement;;;655371.74;6861030.3;2.391865;48.84777;parcelle;;;PARIS;BOULEVARD DIDEROT;commune;commune;vrai;
75112_2792_00162;75112_2792;162;;Boulevard Diderot;75012;75112;Paris 12e Arrondissement;;;655386.66;6861032.74;2.392068;48.847793;parcelle;;;PARIS;BOULEVARD DIDEROT;commune;commune;vrai;
75112_2792_00164;75112_2792;164;;Boulevard Diderot;75012;75112;Paris 12e Arrondissement;;;655403.41;6861035.5;2.392296;48.847819;parcelle;;;PARIS;BOULEVARD DIDEROT;commune;commune;vrai;
75112_2792_00166;75112_2792;166;;Boulevard Diderot;75012;75112;Paris 12e Arrondissement;;;655420.6;6861038.37;2.39253;48.847846;parcelle;;;PARIS;BOULEVARD DIDEROT;commune;commune;vrai;
75112_2792_00168;75112_2792;168;;Boulevard Diderot;75012;75112;Paris 12e Arrondissement;;;655437.43;6861041.13;2.392759;48.847872;parcelle;;;PARIS;BOULEVARD DIDEROT;commune;commune;vrai;
75112_2792_00026_b;75112_2792;26;b;Boulevard Diderot;75012;75112;Paris 12e Arrondissement;;;654148.3;6860829.02;2.375216;48.845874;parcelle;;;PARIS;BOULEVARD DIDEROT;commune;commune;vrai;
75112_2792_00027_b;75112_2792;27;b;Boulevard Diderot;75012;75112;Paris 12e Arrondissement;;;654154.38;6860864.33;2.375295;48.846192;parcelle;;;PARIS;BOULEVARD DIDEROT;commune;commune;vrai;
75112_2792_00156_p;75112_2792;156;p;Boulevard Diderot;75012;75112;Paris 12e Arrondissement;;;655343.23;6861025.62;2.391477;48.847726;parcelle;;;PARIS;BOULEVARD DIDEROT;commune;commune;vrai;
75112_2792_00130_bp;75112_2792;130;bp;Boulevard Diderot;75012;75112;Paris 12e Arrondissement;;;655133.94;6860980.87;2.38863;48.847309;parcelle;;;PARIS;BOULEVARD DIDEROT;commune;commune;vrai;
75112_2792_00004_b;75112_2792;4;b;Boulevard Diderot;75012;75112;Paris 12e Arrondissement;;;653732.07;6860760.6;2.369552;48.845229;parcelle;;;PARIS;BOULEVARD DIDEROT;commune;commune;vrai;
75112_2792_00045_t;75112_2792;45;t;Boulevard Diderot;75012;75112;Paris 12e Arrondissement;;;654536.06;6860926.93;2.380489;48.846782;parcelle;;;PARIS;BOULEVARD DIDEROT;commune;commune;vrai;
75112_2792_00066_b;75112_2792;66;b;Boulevard Diderot;75012;75112;Paris 12e Arrondissement;;;654577.97;6860899.58;2.381063;48.846539;parcelle;;;PARIS;BOULEVARD DIDEROT;commune;commune;vrai;
75112_2792_00031_t;75112_2792;31;t;Boulevard Diderot;75012;75112;Paris 12e Arrondissement;;;654261.15;6860881.72;2.376748;48.846356;parcelle;;;PARIS;BOULEVARD DIDEROT;commune;commune;vrai;
75112_2792_00023_b;75112_2792;23;b;Boulevard Diderot;75012;75112;Paris 12e Arrondissement;;;654032.61;6860844.28;2.373638;48.846003;parcelle;;;PARIS;BOULEVARD DIDEROT;commune;commune;vrai;
75112_2792_00160_b;75112_2792;160;b;Boulevard Diderot;75012;75112;Paris 12e Arrondissement;;;655376.81;6861031.15;2.391934;48.847778;parcelle;;;PARIS;BOULEVARD DIDEROT;commune;commune;vrai;
75112_2792_00027_t;75112_2792;27;t;Boulevard Diderot;75012;75112;Paris 12e Arrondissement;;;654165.62;6860866.13;2.375448;48.846209;parcelle;;;PARIS;BOULEVARD DIDEROT;commune;commune;vrai;
75112_2792_00070_b;75112_2792;70;b;Boulevard Diderot;75012;75112;Paris 12e Arrondissement;;;654607.73;6860904.46;2.381468;48.846585;parcelle;;;PARIS;BOULEVARD DIDEROT;commune;commune;vrai;
75112_2792_00031_b;75112_2792;31;b;Boulevard Diderot;75012;75112;Paris 12e Arrondissement;;;654251.82;6860880.13;2.376621;48.846341;parcelle;;;PARIS;BOULEVARD DIDEROT;commune;commune;vrai;
75112_2792_00094_a;75112_2792;94;a;Boulevard Diderot;75012;75112;Paris 12e Arrondissement;;;654838.3;6860920.01;2.384608;48.846741;parcelle;;;PARIS;BOULEVARD DIDEROT;commune;commune;vrai;
75112_2792_00104_c;75112_2792;104;c;Boulevard Diderot;75012;75112;Paris 12e Arrondissement;;;654940.08;6860928.44;2.385994;48.846824;parcelle;;;PARIS;BOULEVARD DIDEROT;commune;commune;vrai;
75112_2792_00005_b;75112_2792;5;b;Boulevard Diderot;75012;75112;Paris 12e Arrondissement;;;653712.21;6860791.56;2.369278;48.845506;parcelle;;;PARIS;BOULEVARD DIDEROT;commune;commune;vrai;
75112_2792_00045_b;75112_2792;45;b;Boulevard Diderot;75012;75112;Paris 12e Arrondissement;;;654521.95;6860924.59;2.380297;48.84676;parcelle;;;PARIS;BOULEVARD DIDEROT;commune;commune;vrai;
75112_2792_00025_b;75112_2792;25;b;Boulevard Diderot;75012;75112;Paris 12e Arrondissement;;;654123.22;6860859.13;2.374871;48.846143;parcelle;;;PARIS;BOULEVARD DIDEROT;commune;commune;vrai;
75112_2792_00021_t;75112_2792;21;t;Boulevard Diderot;75012;75112;Paris 12e Arrondissement;;;653991.24;6860837.49;2.373075;48.845939;parcelle;;;PARIS;BOULEVARD DIDEROT;commune;commune;vrai;
75112_2792_00033_b;75112_2792;33;b;Boulevard Diderot;75012;75112;Paris 12e Arrondissement;;;654330.74;6860893.18;2.377695;48.846464;parcelle;;;PARIS;BOULEVARD DIDEROT;commune;commune;vrai;
75112_2792_00008_p;75112_2792;8;p;Boulevard Diderot;75012;75112;Paris 12e Arrondissement;;;653787.99;6860760.38;2.370314;48.845231;parcelle;;;PARIS;BOULEVARD DIDEROT;commune;commune;vrai;
75112_2792_00068_b;75112_2792;68;b;Boulevard Diderot;75012;75112;Paris 12e Arrondissement;;;654592.74;6860902.02;2.381264;48.846562;parcelle;;;PARIS;BOULEVARD DIDEROT;commune;commune;vrai;
75112_2792_00082_b;75112_2792;82;b;Boulevard Diderot;75012;75112;Paris 12e Arrondissement;;;654724.06;6860923.68;2.383051;48.846766;parcelle;;;PARIS;BOULEVARD DIDEROT;commune;commune;vrai;
75112_2792_00092_b;75112_2792;92;b;Boulevard Diderot;75012;75112;Paris 12e Arrondissement;;;654825.76;6860940.34;2.384435;48.846923;parcelle;;;PARIS;BOULEVARD DIDEROT;commune;commune;vrai;
75112_2792_00053_b;75112_2792;53;b;Boulevard Diderot;75012;75112;Paris 12e Arrondissement;;;654722.05;6860957.5;2.38302;48.84707;parcelle;;;PARIS;BOULEVARD DIDEROT;commune;commune;vrai;
75112_2792_00023_t;75112_2792;23;t;Boulevard Diderot;75012;75112;Paris 12e Arrondissement;;;654069.07;6860851.33;2.374134;48.846069;parcelle;;;PARIS;BOULEVARD DIDEROT;commune;commune;vrai;
75112_2792_00130_p;75112_2792;130;p;Boulevard Diderot;75012;75112;Paris 12e Arrondissement;;;655113.45;6860987.81;2.38835;48.84737;parcelle;;;PARIS;BOULEVARD DIDEROT;commune;commune;vrai;
75112_2792_00104_a;75112_2792;104;a;Boulevard Diderot;75012;75112;Paris 12e Arrondissement;;;654923.2;6860946.25;2.385762;48.846983;parcelle;;;PARIS;BOULEVARD DIDEROT;commune;commune;vrai;
75112_2792_00021_b;75112_2792;21;b;Boulevard Diderot;75012;75112;Paris 12e Arrondissement;;;653967.72;6860833.78;2.372755;48.845904;parcelle;;;PARIS;BOULEVARD DIDEROT;commune;commune;vrai;
75112_2792_00158_b;75112_2792;158;b;Boulevard Diderot;75012;75112;Paris 12e Arrondissement;;;655364.02;6861029.02;2.39176;48.847758;parcelle;;;PARIS;BOULEVARD DIDEROT;commune;commune;vrai;
75112_2792_00028_b;75112_2792;28;b;Boulevard Diderot;75012;75112;Paris 12e Arrondissement;;;654175.93;6860833.47;2.375592;48.845916;parcelle;;;PARIS;BOULEVARD DIDEROT;commune;commune;vrai;
75112_2792_00130_b;75112_2792;130;b;Boulevard Diderot;75012;75112;Paris 12e Arrondissement;;;655129.03;6860990.36;2.388562;48.847394;parcelle;;;PARIS;BOULEVARD DIDEROT;commune;commune;vrai;
75112_2792_00156_b;75112_2792;156;b;Boulevard Diderot;75012;75112;Paris 12e Arrondissement;;;655347.42;6861026.26;2.391534;48.847732;parcelle;;;PARIS;BOULEVARD DIDEROT;commune;commune;vrai;
75112_2792_00096_a;75112_2792;96;a;Boulevard Diderot;75012;75112;Paris 12e Arrondissement;;;654856.61;6860924.09;2.384857;48.846779;parcelle;;;PARIS;BOULEVARD DIDEROT;commune;commune;vrai;
75112_2792_00041_b;75112_2792;41;b;Boulevard Diderot;75012;75112;Paris 12e Arrondissement;;;654434.14;6860910.16;2.379102;48.846624;parcelle;;;PARIS;BOULEVARD DIDEROT;commune;commune;vrai;
75112_8175_00001;75112_8175;1;;Rue de Reuilly;75012;75112;Paris 12e Arrondissement;;;654877.64;6861249.73;2.385109;48.849709;parcelle;;;PARIS;RUE DE REUILLY;commune;commune;vrai;
75112_8175_00002;75112_8175;2;;Rue de Reuilly;75012;75112;Paris 12e Arrondissement;;;654838.5;6861255.93;2.384575;48.849762;parcelle;;;PARIS;RUE DE REUILLY;commune;commune;vrai;
75112_8175_00003;75112_8175;3;;Rue de Reuilly;75012;75112;Paris 12e Arrondissement;;;654884.64;6861235.33;2.385206;48.84958;parcelle;;;PARIS;RUE DE REUILLY;commune;commune;vrai;
75112_8175_00005;75112_8175;5;;Rue de Reuilly;75012;75112;Paris 12e Arrondissement;;;654888.54;6861227.41;2.38526;48.849509;parcelle;;;PARIS;RUE DE REUILLY;commune;commune;vrai;
75112_8175_00007;75112_8175;7;;Rue de Reuilly;75012;75112;Paris 12e Arrondissement;;;654890.78;6861222.61;2.385291;48.849466;parcelle;;;PARIS;RUE DE REUILLY;commune;commune;vrai;
75112_8175_00009;75112_8175;9;;Rue de Reuilly;75012;75112;Paris 12e Arrondissement;;;654894.83;6861214.35;2.385347;48.849392;parcelle;;;PARIS;RUE DE REUILLY;commune;commune;vrai;
75112_8175_00010;75112_8175;10;;Rue de Reuilly;75012;75112;Paris 12e Arrondissement;;;654847.21;6861244.74;2.384695;48.849662;parcelle;;;PARIS;RUE DE REUILLY;commune;commune;vrai;
75112_8175_00011;75112_8175;11;;Rue de Reuilly;75012;75112;Paris 12e Arrondissement;;;654905.59;6861192.25;2.385496;48.849194;parcelle;;;PARIS;RUE DE REUILLY;commune;commune;vrai;
75112_8175_00012;75112_8175;12;;Rue de Reuilly;75012;75112;Paris 12e Arrondissement;;;654856.52;6861233;2.384823;48.849557;parcelle;;;PARIS;RUE DE REUILLY;commune;commune;vrai;
75112_8175_00013;75112_8175;13;;Rue de Reuilly;75012;75112;Paris 12e Arrondissement;;;654917.01;6861169.59;2.385654;48.848991;parcelle;;;PARIS;RUE DE REUILLY;commune;commune;vrai;
75112_8175_00014;75112_8175;14;;Rue de Reuilly;75012;75112;Paris 12e Arrondissement;;;654865.6;6861221.47;2.384948;48.849454;parcelle;;;PARIS;RUE DE REUILLY;commune;commune;vrai;
75112_8175_00015;75112_8175;15;;Rue de Reuilly;75012;75112;Paris 12e Arrondissement;;;654923.28;6861155.31;2.385741;48.848863;parcelle;;;PARIS;RUE DE REUILLY;commune;commune;vrai;
75112_8175_00016;75112_8175;16;;Rue de Reuilly;75012;75112;Paris 12e Arrondissement;;;654875.04;6861208.94;2.385078;48.849342;parcelle;;;PARIS;RUE DE REUILLY;commune;commune;vrai;
75112_8175_00017;75112_8175;17;;Rue de Reuilly;75012;75112;Paris 12e Arrondissement;;;654927.91;6861146.04;2.385805;48.84878;parcelle;;;PARIS;RUE DE REUILLY;commune;commune;vrai;
75112_8175_00018;75112_8175;18;;Rue de Reuilly;75012;75112;Paris 12e Arrondissement;;;654882.28;6861195.88;2.385178;48.849225;parcelle;;;PARIS;RUE DE REUILLY;commune;commune;vrai;
75112_8175_00019;75112_8175;19;;Rue de Reuilly;75012;75112;Paris 12e Arrondissement;;;654935.13;6861131.19;2.385905;48.848647;parcelle;;;PARIS;RUE DE REUILLY;commune;commune;vrai;
75112_8175_00020;75112_8175;20;;Rue de Reuilly;75012;75112;Paris 12e Arrondissement;;;654938.72;6861083.13;2.385959;48.848215;parcelle;;;PARIS;RUE DE REUILLY;commune;commune;vrai;
75112_8175_00021;75112_8175;21;;Rue de Reuilly;75012;75112;Paris 12e Arrondissement;;;654944.66;6861111.77;2.386037;48.848473;parcelle;;;PARIS;RUE DE REUILLY;commune;commune;vrai;
75112_8175_00022;75112_8175;22;;Rue de Reuilly;75012;75112;Paris 12e Arrondissement;;;655000.21;6860959.67;2.38681;48.847109;parcelle;;;PARIS;RUE DE REUILLY;commune;commune;vrai;
75112_8175_00023;75112_8175;23;;Rue de Reuilly;75012;75112;Paris 12e Arrondissement;;;654953.77;6861093.13;2.386163;48.848306;parcelle;;;PARIS;RUE DE REUILLY;commune;commune;vrai;
75112_8175_00024;75112_8175;24;;Rue de Reuilly;75012;75112;Paris 12e Arrondissement;;;655004.04;6860951.96;2.386863;48.84704;parcelle;;;PARIS;RUE DE REUILLY;commune;commune;vrai;
75112_8175_00025;75112_8175;25;;Rue de Reuilly;75012;75112;Paris 12e Arrondissement;;;654964.6;6861071.03;2.386313;48.848108;parcelle;;;PARIS;RUE DE REUILLY;commune;commune;vrai;
75112_8175_00026;75112_8175;26;;Rue de Reuilly;75012;75112;Paris 12e Arrondissement;;;655008.45;6860943.26;2.386924;48.846962;parcelle;;;PARIS;RUE DE REUILLY;commune;commune;vrai;
75112_8175_00027;75112_8175;27;;Rue de Reuilly;75012;75112;Paris 12e Arrondissement;;;654972.69;6861054.4;2.386425;48.847959;parcelle;;;PARIS;RUE DE REUILLY;commune;commune;vrai;
75112_8175_00028;75112_8175;28;;Rue de Reuilly;75012;75112;Paris 12e Arrondissement;;;655021.57;6860902.68;2.387107;48.846598;parcelle;;;PARIS;RUE DE REUILLY;commune;commune;vrai;
75112_8175_00029;75112_8175;29;;Rue de Reuilly;75012;75112;Paris 12e Arrondissement;;;654978.26;6861043.12;2.386502;48.847858;parcelle;;;PARIS;RUE DE REUILLY;commune;commune;vrai;
75112_8175_00030;75112_8175;30;;Rue de Reuilly;75012;75112;Paris 12e Arrondissement;;;655021.57;6860894.12;2.387108;48.846521;parcelle;;;PARIS;RUE DE REUILLY;commune;commune;vrai;
75112_8175_00031;75112_8175;31;;Rue de Reuilly;75012;75112;Paris 12e Arrondissement;;;654985.85;6861028.83;2.386607;48.84773;parcelle;;;PARIS;RUE DE REUILLY;commune;commune;vrai;
75112_8175_00032;75112_8175;32;;Rue de Reuilly;75012;75112;Paris 12e Arrondissement;;;655021.39;6860869.99;2.387108;48.846304;parcelle;;;PARIS;RUE DE REUILLY;commune;commune;vrai;
75112_8175_00033;75112_8175;33;;Rue de Reuilly;75012;75112;Paris 12e Arrondissement;;;654994.98;6861013.08;2.386733;48.847589;parcelle;;;PARIS;RUE DE REUILLY;commune;commune;vrai;
75112_8175_00034;75112_8175;34;;Rue de Reuilly;75012;75112;Paris 12e Arrondissement;;;655059.33;6860860.13;2.387626;48.846218;parcelle;;;PARIS;RUE DE REUILLY;commune;commune;vrai;
75112_8175_00035;75112_8175;35;;Rue de Reuilly;75012;75112;Paris 12e Arrondissement;;;655022.55;6860963.05;2.387114;48.847141;parcelle;;;PARIS;RUE DE REUILLY;commune;commune;vrai;
75112_8175_00036;75112_8175;36;;Rue de Reuilly;75012;75112;Paris 12e Arrondissement;;;655075.03;6860850;2.387841;48.846128;parcelle;;;PARIS;RUE DE REUILLY;commune;commune;vrai;
75112_8175_00037;75112_8175;37;;Rue de Reuilly;75012;75112;Paris 12e Arrondissement;;;655042.69;6860929.09;2.387392;48.846837;parcelle;;;PARIS;RUE DE REUILLY;commune;commune;vrai;
75112_8175_00038;75112_8175;38;;Rue de Reuilly;75012;75112;Paris 12e Arrondissement;;;655115.2;6860797.32;2.388394;48.845657;parcelle;;;PARIS;RUE DE REUILLY;commune;commune;vrai;
75112_8175_00039;75112_8175;39;;Rue de Reuilly;75012;75112;Paris 12e Arrondissement;;;655059.59;6860903.61;2.387625;48.846609;parcelle;;;PARIS;RUE DE REUILLY;commune;commune;vrai;
75112_8175_00040;75112_8175;40;;Rue de Reuilly;75012;75112;Paris 12e Arrondissement;;;655123.85;6860786.02;2.388513;48.845556;parcelle;;;PARIS;RUE DE REUILLY;commune;commune;vrai;
75112_8175_00041;75112_8175;41;;Rue de Reuilly;75012;75112;Paris 12e Arrondissement;;;655066.55;6860893.21;2.387721;48.846516;parcelle;;;PARIS;RUE DE REUILLY;commune;commune;vrai;
75112_8175_00042;75112_8175;42;;Rue de Reuilly;75012;75112;Paris 12e Arrondissement;;;655131.7;6860775.73;2.388621;48.845464;parcelle;;;PARIS;RUE DE REUILLY;commune;commune;vrai;
75112_8175_00043;75112_8175;43;;Rue de Reuilly;75012;75112;Paris 12e Arrondissement;;;655075.04;6860880.47;2.387838;48.846402;parcelle;;;PARIS;RUE DE REUILLY;commune;commune;vrai;
75112_8175_00045;75112_8175;45;;Rue de Reuilly;75012;75112;Paris 12e Arrondissement;;;655084.91;6860866.27;2.387974;48.846275;parcelle;;;PARIS;RUE DE REUILLY;commune;commune;vrai;
75112_8175_00047;75112_8175;47;;Rue de Reuilly;75012;75112;Paris 12e Arrondissement;;;655092.11;6860856.99;2.388073;48.846192;parcelle;;;PARIS;RUE DE REUILLY;commune;commune;vrai;
75112_8175_00049;75112_8175;49;;Rue de Reuilly;75012;75112;Paris 12e Arrondissement;;;655098.28;6860849.04;2.388158;48.846121;parcelle;;;PARIS;RUE DE REUILLY;commune;commune;vrai;
75112_8175_00051;75112_8175;51;;Rue de Reuilly;75012;75112;Paris 12e Arrondissement;;;655104.53;6860840.99;2.388244;48.846049;parcelle;;;PARIS;RUE DE REUILLY;commune;commune;vrai;
75112_8175_00053;75112_8175;53;;Rue de Reuilly;75012;75112;Paris 12e Arrondissement;;;655109.55;6860834.5;2.388313;48.845991;parcelle;;;PARIS;RUE DE REUILLY;commune;commune;vrai;
75112_8175_00055;75112_8175;55;;Rue de Reuilly;75012;75112;Paris 12e Arrondissement;;;655116.3;6860825.77;2.388406;48.845913;parcelle;;;PARIS;RUE DE REUILLY;commune;commune;vrai;
75112_8175_00057;75112_8175;57;;Rue de Reuilly;75012;75112;Paris 12e Arrondissement;;;655129.24;6860809.11;2.388584;48.845764;parcelle;;;PARIS;RUE DE REUILLY;commune;commune;vrai;
75112_8175_00059;75112_8175;59;;Rue de Reuilly;75012;75112;Paris 12e Arrondissement;;;655136.65;6860799.49;2.388686;48.845678;parcelle;;;PARIS;RUE DE REUILLY;commune;commune;vrai;
75112_8175_00061;75112_8175;61;;Rue de Reuilly;75012;75112;Paris 12e Arrondissement;;;655144.86;6860788.64;2.388799;48.845581;parcelle;;;PARIS;RUE DE REUILLY;commune;commune;vrai;
75112_8175_00063;75112_8175;63;;Rue de Reuilly;75012;75112;Paris 12e Arrondissement;;;655149.8;6860782.37;2.388867;48.845525;parcelle;;;PARIS;RUE DE REUILLY;commune;commune;vrai;
75112_8175_00018_t;75112_8175;18;t;Rue de Reuilly;75012;75112;Paris 12e Arrondissement;;;654907.21;6861146.31;2.385523;48.848781;parcelle;;;PARIS;RUE DE REUILLY;commune;commune;vrai;
75112_8175_00018_q;75112_8175;18;q;Rue de Reuilly;75012;75112;Paris 12e Arrondissement;;;654921.01;6861118.52;2.385714;48.848532;parcelle;;;PARIS;RUE DE REUILLY;commune;commune;vrai;
75112_8175_00037_p;75112_8175;37;p;Rue de Reuilly;75012;75112;Paris 12e Arrondissement;;;655073.33;6860943.75;2.387808;48.846971;parcelle;;;PARIS;RUE DE REUILLY;commune;commune;vrai;
75112_8175_00020_t;75112_8175;20;t;Rue de Reuilly;75012;75112;Paris 12e Arrondissement;;;654969.36;6861021.51;2.386383;48.847663;parcelle;;;PARIS;RUE DE REUILLY;commune;commune;vrai;
75112_8175_00013_b;75112_8175;13;b;Rue de Reuilly;75012;75112;Paris 12e Arrondissement;;;654919.82;6861163.12;2.385693;48.848933;parcelle;;;PARIS;RUE DE REUILLY;commune;commune;vrai;
75112_8175_00020_b;75112_8175;20;b;Rue de Reuilly;75012;75112;Paris 12e Arrondissement;;;654954.4;6861051.54;2.386176;48.847932;parcelle;;;PARIS;RUE DE REUILLY;commune;commune;vrai;
75112_8175_00037_b;75112_8175;37;b;Rue de Reuilly;75012;75112;Paris 12e Arrondissement;;;655050.45;6860917.47;2.387499;48.846733;parcelle;;;PARIS;RUE DE REUILLY;commune;commune;vrai;
75112_8175_00035_b;75112_8175;35;b;Rue de Reuilly;75012;75112;Paris 12e Arrondissement;;;655029.13;6860951.1;2.387205;48.847034;parcelle;;;PARIS;RUE DE REUILLY;commune;commune;vrai;
75112_8175_00018_b;75112_8175;18;b;Rue de Reuilly;75012;75112;Paris 12e Arrondissement;;;654890.52;6861180.14;2.385292;48.849084;parcelle;;;PARIS;RUE DE REUILLY;commune;commune;vrai;
75112_8175_00030_t;75112_8175;30;t;Rue de Reuilly;75012;75112;Paris 12e Arrondissement;;;655031;6860888.82;2.387237;48.846474;parcelle;;;PARIS;RUE DE REUILLY;commune;commune;vrai;
75112_8175_00037_p1;75112_8175;37;p1;Rue de Reuilly;75012;75112;Paris 12e Arrondissement;;;655068.18;6860950.91;2.387737;48.847035;parcelle;;;PARIS;RUE DE REUILLY;commune;commune;vrai;
75112_2584_00001;75112_2584;1;;Avenue Daumesnil;75012;75112;Paris 12e Arrondissement;;;653886.77;6861211.72;2.371611;48.849297;parcelle;;;PARIS;AVENUE DAUMESNIL;commune;commune;vrai;
75112_2584_00002;75112_2584;2;;Avenue Daumesnil;75012;75112;Paris 12e Arrondissement;;;653869.43;6861181.28;2.371378;48.849022;parcelle;;;PARIS;AVENUE DAUMESNIL;commune;commune;vrai;
75112_2584_00003;75112_2584;3;;Avenue Daumesnil;75012;75112;Paris 12e Arrondissement;;;653897.12;6861203.19;2.371753;48.849221;parcelle;;;PARIS;AVENUE DAUMESNIL;commune;commune;vrai;
75112_2584_00004;75112_2584;4;;Avenue Daumesnil;75012;75112;Paris 12e Arrondissement;;;653883.29;6861171.05;2.371568;48.848931;parcelle;;;PARIS;AVENUE DAUMESNIL;commune;commune;vrai;
75112_2584_00005;75112_2584;5;;Avenue Daumesnil;75012;75112;Paris 12e Arrondissement;;;653907.48;6861195.32;2.371895;48.849151;parcelle;;;PARIS;AVENUE DAUMESNIL;commune;commune;vrai;
75112_2584_00006;75112_2584;6;;Avenue Daumesnil;75012;75112;Paris 12e Arrondissement;;;653893.21;6861163.74;2.371704;48.848866;parcelle;;;PARIS;AVENUE DAUMESNIL;commune;commune;vrai;
75112_2584_00007;75112_2584;7;;Avenue Daumesnil;75012;75112;Paris 12e Arrondissement;;;653914.41;6861190.15;2.37199;48.849105;parcelle;;;PARIS;AVENUE DAUMESNIL;commune;commune;vrai;
75112_2584_00008;75112_2584;8;;Avenue Daumesnil;75012;75112;Paris 12e Arrondissement;;;653902.41;6861156.89;2.37183;48.848805;parcelle;;;PARIS;AVENUE DAUMESNIL;commune;commune;vrai;
75112_2584_00009;75112_2584;9;;Avenue Daumesnil;75012;75112;Paris 12e Arrondissement;;;653933.97;6861175.65;2.372258;48.848976;parcelle;;;PARIS;AVENUE DAUMESNIL;commune;commune;vrai;
75112_2584_00010;75112_2584;10;;Avenue Daumesnil;75012;75112;Paris 12e Arrondissement;;;653911.23;6861150.37;2.371951;48.848747;parcelle;;;PARIS;AVENUE DAUMESNIL;commune;commune;vrai;
75112_2584_00011;75112_2584;11;;Avenue Daumesnil;75012;75112;Paris 12e Arrondissement;;;653949.8;6861163.85;2.372475;48.848871;parcelle;;;PARIS;AVENUE DAUMESNIL;commune;commune;vrai;
75112_2584_00012;75112_2584;12;;Avenue Daumesnil;75012;75112;Paris 12e Arrondissement;;;653922.25;6861142.16;2.372102;48.848674;parcelle;;;PARIS;AVENUE DAUMESNIL;commune;commune;vrai;
75112_2584_00013;75112_2584;13;;Avenue Daumesnil;75012;75112;Paris 12e Arrondissement;;;653988.17;6861135.41;2.373001;48.848618;parcelle;;;PARIS;AVENUE DAUMESNIL;commune;commune;vrai;
75112_2584_00014;75112_2584;14;;Avenue Daumesnil;75012;75112;Paris 12e Arrondissement;;;653966.1;6861109.57;2.372703;48.848384;parcelle;;;PARIS;AVENUE DAUMESNIL;commune;commune;vrai;
75112_2584_00015;75112_2584;15;;Avenue Daumesnil;75012;75112;Paris 12e Arrondissement;;;653997.88;6861128.11;2.373134;48.848553;parcelle;;;PARIS;AVENUE DAUMESNIL;commune;commune;vrai;
75112_2584_00016;75112_2584;16;;Avenue Daumesnil;75012;75112;Paris 12e Arrondissement;;;653976.9;6861101.48;2.372851;48.848312;parcelle;;;PARIS;AVENUE DAUMESNIL;commune;commune;vrai;
75112_2584_00017;75112_2584;17;;Avenue Daumesnil;75012;75112;Paris 12e Arrondissement;;;654007.43;6861121.03;2.373265;48.84849;parcelle;;;PARIS;AVENUE DAUMESNIL;commune;commune;vrai;
75112_2584_00018;75112_2584;18;;Avenue Daumesnil;75012;75112;Paris 12e Arrondissement;;;653987.69;6861093.61;2.372999;48.848242;parcelle;;;PARIS;AVENUE DAUMESNIL;commune;commune;vrai;
75112_2584_00019;75112_2584;19;;Avenue Daumesnil;75012;75112;Paris 12e Arrondissement;;;654016.19;6861114.62;2.373385;48.848433;parcelle;;;PARIS;AVENUE DAUMESNIL;commune;commune;vrai;
75112_2584_00020;75112_2584;20;;Avenue Daumesnil;75012;75112;Paris 12e Arrondissement;;;653998.35;6861085.63;2.373145;48.848171;parcelle;;;PARIS;AVENUE DAUMESNIL;commune;commune;vrai;
75112_2584_00021;75112_2584;21;;Avenue Daumesnil;75012;75112;Paris 12e Arrondissement;;;654025.89;6861107.42;2.373518;48.848369;parcelle;;;PARIS;AVENUE DAUMESNIL;commune;commune;vrai;
75112_2584_00022;75112_2584;22;;Avenue Daumesnil;75012;75112;Paris 12e Arrondissement;;;654008.63;6861077.98;2.373286;48.848103;parcelle;;;PARIS;AVENUE DAUMESNIL;commune;commune;vrai;
75112_2584_00023;75112_2584;23;;Avenue Daumesnil;75012;75112;Paris 12e Arrondissement;;;654035.6;6861100.23;2.373651;48.848305;parcelle;;;PARIS;AVENUE DAUMESNIL;commune;commune;vrai;
75112_2584_00024;75112_2584;24;;Avenue Daumesnil;75012;75112;Paris 12e Arrondissement;;;654020.6;6861069.1;2.37345;48.848024;parcelle;;;PARIS;AVENUE DAUMESNIL;commune;commune;vrai;
75112_2584_00025;75112_2584;25;;Avenue Daumesnil;75012;75112;Paris 12e Arrondissement;;;654045.08;6861093.15;2.373781;48.848242;parcelle;;;PARIS;AVENUE DAUMESNIL;commune;commune;vrai;
75112_2584_00026;75112_2584;26;;Avenue Daumesnil;75012;75112;Paris 12e Arrondissement;;;654031.03;6861061.35;2.373593;48.847955;parcelle;;;PARIS;AVENUE DAUMESNIL;commune;commune;vrai;
75112_2584_00027;75112_2584;27;;Avenue Daumesnil;75012;75112;Paris 12e Arrondissement;;;654066.68;6861077.19;2.374077;48.8481;parcelle;;;PARIS;AVENUE DAUMESNIL;commune;commune;vrai;
75112_2584_00028;75112_2584;28;;Avenue Daumesnil;75012;75112;Paris 12e Arrondissement;;;654090.13;6861017.51;2.374403;48.847565;parcelle;;;PARIS;AVENUE DAUMESNIL;commune;commune;vrai;
75112_2584_00029;75112_2584;29;;Avenue Daumesnil;75012;75112;Paris 12e Arrondissement;;;654078.06;6861068.76;2.374233;48.848025;parcelle;;;PARIS;AVENUE DAUMESNIL;commune;commune;vrai;
75112_2584_00030;75112_2584;30;;Avenue Daumesnil;75012;75112;Paris 12e Arrondissement;;;654112.23;6861000.99;2.374706;48.847418;parcelle;;;PARIS;AVENUE DAUMESNIL;commune;commune;vrai;
75112_2584_00031;75112_2584;31;;Avenue Daumesnil;75012;75112;Paris 12e Arrondissement;;;654087.91;6861061.45;2.374368;48.84796;parcelle;;;PARIS;AVENUE DAUMESNIL;commune;commune;vrai;
75112_2584_00032;75112_2584;32;;Avenue Daumesnil;75012;75112;Paris 12e Arrondissement;;;654182.28;6860949.06;2.375666;48.846956;parcelle;;;PARIS;AVENUE DAUMESNIL;commune;commune;vrai;
75112_2584_00033;75112_2584;33;;Avenue Daumesnil;75012;75112;Paris 12e Arrondissement;;;654096.66;6861054.93;2.374488;48.847902;parcelle;;;PARIS;AVENUE DAUMESNIL;commune;commune;vrai;
75112_2584_00034;75112_2584;34;;Avenue Daumesnil;75012;75112;Paris 12e Arrondissement;;;654191.1;6860942.43;2.375787;48.846897;parcelle;;;PARIS;AVENUE DAUMESNIL;commune;commune;vrai;
75112_2584_00035;75112_2584;35;;Avenue Daumesnil;75012;75112;Paris 12e Arrondissement;;;654106.22;6861047.85;2.374619;48.847839;parcelle;;;PARIS;AVENUE DAUMESNIL;commune;commune;vrai;
75112_2584_00036;75112_2584;36;;Avenue Daumesnil;75012;75112;Paris 12e Arrondissement;;;654203;6860933.67;2.37595;48.846819;parcelle;;;PARIS;AVENUE DAUMESNIL;commune;commune;vrai;
75112_2584_00037;75112_2584;37;;Avenue Daumesnil;75012;75112;Paris 12e Arrondissement;;;654116.51;6861040.21;2.37476;48.847771;parcelle;;;PARIS;AVENUE DAUMESNIL;commune;commune;vrai;
75112_2584_00038;75112_2584;38;;Avenue Daumesnil;75012;75112;Paris 12e Arrondissement;;;654225.61;6860916.81;2.37626;48.846669;parcelle;;;PARIS;AVENUE DAUMESNIL;commune;commune;vrai;
75112_2584_00039;75112_2584;39;;Avenue Daumesnil;75012;75112;Paris 12e Arrondissement;;;654124.9;6861034.03;2.374875;48.847716;parcelle;;;PARIS;AVENUE DAUMESNIL;commune;commune;vrai;
75112_2584_00040;75112_2584;40;;Avenue Daumesnil;75012;75112;Paris 12e Arrondissement;;;654259.91;6860891.41;2.37673;48.846443;parcelle;;;PARIS;AVENUE DAUMESNIL;commune;commune;vrai;
75112_2584_00041;75112_2584;41;;Avenue Daumesnil;75012;75112;Paris 12e Arrondissement;;;654136.35;6861025.49;2.375032;48.84764;parcelle;;;PARIS;AVENUE DAUMESNIL;commune;commune;vrai;
75112_2584_00042;75112_2584;42;;Avenue Daumesnil;75012;75112;Paris 12e Arrondissement;;;654331.85;6860837.91;2.377716;48.845967;parcelle;;;PARIS;AVENUE DAUMESNIL;commune;commune;vrai;
75112_2584_00043;75112_2584;43;;Avenue Daumesnil;75012;75112;Paris 12e Arrondissement;;;654145.54;6861018.63;2.375158;48.847579;parcelle;;;PARIS;AVENUE DAUMESNIL;commune;commune;vrai;
75112_2584_00044;75112_2584;44;;Avenue Daumesnil;75012;75112;Paris 12e Arrondissement;;;654352.43;6860822.73;2.377998;48.845832;parcelle;;;PARIS;AVENUE DAUMESNIL;commune;commune;vrai;
75112_2584_00045;75112_2584;45;;Avenue Daumesnil;75012;75112;Paris 12e Arrondissement;;;654154.45;6861012;2.37528;48.84752;parcelle;;;PARIS;AVENUE DAUMESNIL;commune;commune;vrai;
75112_2584_00046;75112_2584;46;;Avenue Daumesnil;75012;75112;Paris 12e Arrondissement;;;654363.3;6860814.64;2.378147;48.84576;parcelle;;;PARIS;AVENUE DAUMESNIL;commune;commune;vrai;
75112_2584_00047;75112_2584;47;;Avenue Daumesnil;75012;75112;Paris 12e Arrondissement;;;654174.8;6860996.94;2.375559;48.847386;parcelle;;;PARIS;AVENUE DAUMESNIL;commune;commune;vrai;
75112_2584_00048;75112_2584;48;;Avenue Daumesnil;75012;75112;Paris 12e Arrondissement;;;654374.53;6860806.44;2.378301;48.845687;parcelle;;;PARIS;AVENUE DAUMESNIL;commune;commune;vrai;
75112_2584_00049;75112_2584;49;;Avenue Daumesnil;75012;75112;Paris 12e Arrondissement;;;654183.12;6860990.76;2.375673;48.847331;parcelle;;;PARIS;AVENUE DAUMESNIL;commune;commune;vrai;
75112_2584_00050;75112_2584;50;;Avenue Daumesnil;75012;75112;Paris 12e Arrondissement;;;654389.57;6860795.2;2.378507;48.845587;parcelle;;;PARIS;AVENUE DAUMESNIL;commune;commune;vrai;
75112_2584_00051;75112_2584;51;;Avenue Daumesnil;75012;75112;Paris 12e Arrondissement;;;654192.6;6860983.68;2.375803;48.847268;parcelle;;;PARIS;AVENUE DAUMESNIL;commune;commune;vrai;
75112_2584_00052;75112_2584;52;;Avenue Daumesnil;75012;75112;Paris 12e Arrondissement;;;654405.69;6860783.17;2.378728;48.84548;parcelle;;;PARIS;AVENUE DAUMESNIL;commune;commune;vrai;
75112_2584_00053;75112_2584;53;;Avenue Daumesnil;75012;75112;Paris 12e Arrondissement;;;654203.84;6860975.36;2.375957;48.847194;parcelle;;;PARIS;AVENUE DAUMESNIL;commune;commune;vrai;
75112_2584_00054;75112_2584;54;;Avenue Daumesnil;75012;75112;Paris 12e Arrondissement;;;654428.09;6860766.54;2.379035;48.845332;parcelle;;;PARIS;AVENUE DAUMESNIL;commune;commune;vrai;
75112_2584_00055;75112_2584;55;;Avenue Daumesnil;75012;75112;Paris 12e Arrondissement;;;654214.2;6860967.71;2.376099;48.847126;parcelle;;;PARIS;AVENUE DAUMESNIL;commune;commune;vrai;
75112_2584_00056;75112_2584;56;;Avenue Daumesnil;75012;75112;Paris 12e Arrondissement;;;654440.49;6860757.32;2.379205;48.84525;parcelle;;;PARIS;AVENUE DAUMESNIL;commune;commune;vrai;
75112_2584_00057;75112_2584;57;;Avenue Daumesnil;75012;75112;Paris 12e Arrondissement;;;654222.81;6860961.31;2.376217;48.847069;parcelle;;;PARIS;AVENUE DAUMESNIL;commune;commune;vrai;
75112_2584_00058;75112_2584;58;;Avenue Daumesnil;75012;75112;Paris 12e Arrondissement;;;654452.24;6860748.67;2.379366;48.845173;parcelle;;;PARIS;AVENUE DAUMESNIL;commune;commune;vrai;
75112_2584_00059;75112_2584;59;;Avenue Daumesnil;75012;75112;Paris 12e Arrondissement;;;654229.82;6860956.14;2.376313;48.847023;parcelle;;;PARIS;AVENUE DAUMESNIL;commune;commune;vrai;
75112_2584_00060;75112_2584;60;;Avenue Daumesnil;75012;75112;Paris 12e Arrondissement;;;654461.29;6860741.93;2.37949;48.845113;parcelle;;;PARIS;AVENUE DAUMESNIL;commune;commune;vrai;
75112_2584_00061;75112_2584;61;;Avenue Daumesnil;75012;75112;Paris 12e Arrondissement;;;654233.32;6860953.44;2.376361;48.846999;parcelle;;;PARIS;AVENUE DAUMESNIL;commune;commune;vrai;
75112_2584_00062;75112_2584;62;;Avenue Daumesnil;75012;75112;Paris 12e Arrondissement;;;654474.28;6860732.26;2.379668;48.845027;parcelle;;;PARIS;AVENUE DAUMESNIL;commune;commune;vrai;
75112_2584_00063;75112_2584;63;;Avenue Daumesnil;75012;75112;Paris 12e Arrondissement;;;654241.12;6860947.71;2.376468;48.846948;parcelle;;;PARIS;AVENUE DAUMESNIL;commune;commune;vrai;
75112_2584_00064;75112_2584;64;;Avenue Daumesnil;75012;75112;Paris 12e Arrondissement;;;654482.82;6860725.97;2.379785;48.844971;parcelle;;;PARIS;AVENUE DAUMESNIL;commune;commune;vrai;
75112_2584_00065;75112_2584;65;;Avenue Daumesnil;75012;75112;Paris 12e Arrondissement;;;654251.56;6860939.95;2.376611;48.846879;parcelle;;;PARIS;AVENUE DAUMESNIL;commune;commune;vrai;
75112_2584_00066;75112_2584;66;;Avenue Daumesnil;75012;75112;Paris 12e Arrondissement;;;654490.55;6860720.24;2.379891;48.84492;parcelle;;;PARIS;AVENUE DAUMESNIL;commune;commune;vrai;
75112_2584_00067;75112_2584;67;;Avenue Daumesnil;75012;75112;Paris 12e Arrondissement;;;654259.66;6860933.89;2.376722;48.846825;parcelle;;;PARIS;AVENUE DAUMESNIL;commune;commune;vrai;
75112_2584_00068;75112_2584;68;;Avenue Daumesnil;75012;75112;Paris 12e Arrondissement;;;654507.48;6860707.76;2.380123;48.844809;parcelle;;;PARIS;AVENUE DAUMESNIL;commune;commune;vrai;
75112_2584_00069;75112_2584;69;;Avenue Daumesnil;75012;75112;Paris 12e Arrondissement;;;654284.46;6860915.45;2.377062;48.846661;parcelle;;;PARIS;AVENUE DAUMESNIL;commune;commune;vrai;
75112_2584_00070;75112_2584;70;;Avenue Daumesnil;75012;75112;Paris 12e Arrondissement;;;654523.82;6860695.51;2.380347;48.8447;parcelle;;;PARIS;AVENUE DAUMESNIL;commune;commune;vrai;
75112_2584_00071;75112_2584;71;;Avenue Daumesnil;75012;75112;Paris 12e Arrondissement;;;654296.28;6860906.69;2.377224;48.846583;parcelle;;;PARIS;AVENUE DAUMESNIL;commune;commune;vrai;
75112_2584_00072;75112_2584;72;;Avenue Daumesnil;75012;75112;Paris 12e Arrondissement;;;654537.91;6860685.17;2.38054;48.844608;parcelle;;;PARIS;AVENUE DAUMESNIL;commune;commune;vrai;
75112_2584_00073;75112_2584;73;;Avenue Daumesnil;75012;75112;Paris 12e Arrondissement;;;654309.27;6860897.02;2.377402;48.846497;parcelle;;;PARIS;AVENUE DAUMESNIL;commune;commune;vrai;
75112_2584_00074;75112_2584;74;;Avenue Daumesnil;75012;75112;Paris 12e Arrondissement;;;654544.04;6860680.68;2.380624;48.844568;parcelle;;;PARIS;AVENUE DAUMESNIL;commune;commune;vrai;
75112_2584_00075;75112_2584;75;;Avenue Daumesnil;75012;75112;Paris 12e Arrondissement;;;654362.1;6860857.8;2.378126;48.846148;parcelle;;;PARIS;AVENUE DAUMESNIL;commune;commune;vrai;
75112_2584_00076;75112_2584;76;;Avenue Daumesnil;75012;75112;Paris 12e Arrondissement;;;654559.72;6860668.99;2.380839;48.844464;parcelle;;;PARIS;AVENUE DAUMESNIL;commune;commune;vrai;
75112_2584_00077;75112_2584;77;;Avenue Daumesnil;75012;75112;Paris 12e Arrondissement;;;654369.68;6860852.07;2.37823;48.846097;parcelle;;;PARIS;AVENUE DAUMESNIL;commune;commune;vrai;
75112_2584_00078;75112_2584;78;;Avenue Daumesnil;75012;75112;Paris 12e Arrondissement;;;654569.65;6860661.57;2.380975;48.844398;parcelle;;;PARIS;AVENUE DAUMESNIL;commune;commune;vrai;
75112_2584_00079;75112_2584;79;;Avenue Daumesnil;75012;75112;Paris 12e Arrondissement;;;654378.88;6860845.32;2.378356;48.846037;parcelle;;;PARIS;AVENUE DAUMESNIL;commune;commune;vrai;
75112_2584_00080;75112_2584;80;;Avenue Daumesnil;75012;75112;Paris 12e Arrondissement;;;654584.02;6860650.78;2.381172;48.844302;parcelle;;;PARIS;AVENUE DAUMESNIL;commune;commune;vrai;
75112_2584_00081;75112_2584;81;;Avenue Daumesnil;75012;75112;Paris 12e Arrondissement;;;654389.09;6860837.79;2.378496;48.84597;parcelle;;;PARIS;AVENUE DAUMESNIL;commune;commune;vrai;
75112_2584_00082;75112_2584;82;;Avenue Daumesnil;75012;75112;Paris 12e Arrondissement;;;654659.4;6860594.93;2.382205;48.843805;parcelle;;;PARIS;AVENUE DAUMESNIL;commune;commune;vrai;
75112_2584_00083;75112_2584;83;;Avenue Daumesnil;75012;75112;Paris 12e Arrondissement;;;654398.43;6860830.82;2.378624;48.845908;parcelle;;;PARIS;AVENUE DAUMESNIL;commune;commune;vrai;
75112_2584_00084;75112_2584;84;;Avenue Daumesnil;75012;75112;Paris 12e Arrondissement;;;654674.94;6860583.35;2.382418;48.843702;parcelle;;;PARIS;AVENUE DAUMESNIL;commune;commune;vrai;
75112_2584_00085;75112_2584;85;;Avenue Daumesnil;75012;75112;Paris 12e Arrondissement;;;654407.84;6860823.74;2.378753;48.845845;parcelle;;;PARIS;AVENUE DAUMESNIL;commune;commune;vrai;
75112_2584_00086;75112_2584;86;;Avenue Daumesnil;75012;75112;Paris 12e Arrondissement;;;654690.27;6860572;2.382628;48.843601;parcelle;;;PARIS;AVENUE DAUMESNIL;commune;commune;vrai;
75112_2584_00087;75112_2584;87;;Avenue Daumesnil;75012;75112;Paris 12e Arrondissement;;;654417.55;6860816.66;2.378886;48.845782;parcelle;;;PARIS;AVENUE DAUMESNIL;commune;commune;vrai;
75112_2584_00088;75112_2584;88;;Avenue Daumesnil;75012;75112;Paris 12e Arrondissement;;;654702.74;6860562.79;2.382799;48.843519;parcelle;;;PARIS;AVENUE DAUMESNIL;commune;commune;vrai;
75112_2584_00089;75112_2584;89;;Avenue Daumesnil;75012;75112;Paris 12e Arrondissement;;;654428.57;6860808.46;2.379037;48.845709;parcelle;;;PARIS;AVENUE DAUMESNIL;commune;commune;vrai;
75112_2584_00090;75112_2584;90;;Avenue Daumesnil;75012;75112;Paris 12e Arrondissement;;;654712.67;6860555.37;2.382935;48.843453;parcelle;;;PARIS;AVENUE DAUMESNIL;commune;commune;vrai;
75112_2584_00091;75112_2584;91;;Avenue Daumesnil;75012;75112;Paris 12e Arrondissement;;;654436.96;6860802.17;2.379152;48.845653;parcelle;;;PARIS;AVENUE DAUMESNIL;commune;commune;vrai;
75112_2584_00092;75112_2584;92;;Avenue Daumesnil;75012;75112;Paris 12e Arrondissement;;;654718.14;6860551.32;2.38301;48.843417;parcelle;;;PARIS;AVENUE DAUMESNIL;commune;commune;vrai;
75112_2584_00093;75112_2584;93;;Avenue Daumesnil;75012;75112;Paris 12e Arrondissement;;;654445.93;6860795.53;2.379275;48.845594;parcelle;;;PARIS;AVENUE DAUMESNIL;commune;commune;vrai;
75112_2584_00094;75112_2584;94;;Avenue Daumesnil;75012;75112;Paris 12e Arrondissement;;;654725.51;6860545.82;2.383111;48.843368;parcelle;;;PARIS;AVENUE DAUMESNIL;commune;commune;vrai;
75112_2584_00095;75112_2584;95;;Avenue Daumesnil;75012;75112;Paris 12e Arrondissement;;;654455.71;6860788.23;2.379409;48.845529;parcelle;;;PARIS;AVENUE DAUMESNIL;commune;commune;vrai;
75112_2584_00096;75112_2584;96;;Avenue Daumesnil;75012;75112;Paris 12e Arrondissement;;;654735.22;6860538.63;2.383244;48.843304;parcelle;;;PARIS;AVENUE DAUMESNIL;commune;commune;vrai;
75112_2584_00097;75112_2584;97;;Avenue Daumesnil;75012;75112;Paris 12e Arrondissement;;;654465.85;6860780.7;2.379548;48.845462;parcelle;;;PARIS;AVENUE DAUMESNIL;commune;commune;vrai;
75112_2584_00098;75112_2584;98;;Avenue Daumesnil;75012;75112;Paris 12e Arrondissement;;;654745.07;6860531.32;2.383379;48.843239;parcelle;;;PARIS;AVENUE DAUMESNIL;commune;commune;vrai;
75112_2584_00099;75112_2584;99;;Avenue Daumesnil;75012;75112;Paris 12e Arrondissement;;;654474.54;6860774.29;2.379667;48.845405;parcelle;;;PARIS;AVENUE DAUMESNIL;commune;commune;vrai;
75112_2584_00101;75112_2584;101;;Avenue Daumesnil;75012;75112;Paris 12e Arrondissement;;;654483.29;6860767.77;2.379787;48.845347;parcelle;;;PARIS;AVENUE DAUMESNIL;commune;commune;vrai;
75112_2584_00103;75112_2584;103;;Avenue Daumesnil;75012;75112;Paris 12e Arrondissement;;;654495.18;6860759.01;2.37995;48.845269;parcelle;;;PARIS;AVENUE DAUMESNIL;commune;commune;vrai;
75112_2584_00105;75112_2584;105;;Avenue Daumesnil;75012;75112;Paris 12e Arrondissement;;;654503.65;6860752.71;2.380066;48.845213;parcelle;;;PARIS;AVENUE DAUMESNIL;commune;commune;vrai;
75112_2584_00107;75112_2584;107;;Avenue Daumesnil;75012;75112;Paris 12e Arrondissement;;;654512.33;6860746.31;2.380185;48.845156;parcelle;;;PARIS;AVENUE DAUMESNIL;commune;commune;vrai;
75112_2584_00109;75112_2584;109;;Avenue Daumesnil;75012;75112;Paris 12e Arrondissement;;;654522.4;6860738.78;2.380323;48.845089;parcelle;;;PARIS;AVENUE DAUMESNIL;commune;commune;vrai;
75112_2584_00111;75112_2584;111;;Avenue Daumesnil;75012;75112;Paris 12e Arrondissement;;;654531.81;6860731.81;2.380452;48.845027;parcelle;;;PARIS;AVENUE DAUMESNIL;commune;commune;vrai;
75112_2584_00113;75112_2584;113;;Avenue Daumesnil;75012;75112;Paris 12e Arrondissement;;;654541.23;6860724.84;2.380581;48.844965;parcelle;;;PARIS;AVENUE DAUMESNIL;commune;commune;vrai;
75112_2584_00115;75112_2584;115;;Avenue Daumesnil;75012;75112;Paris 12e Arrondissement;;;654550.64;6860717.87;2.38071;48.844903;parcelle;;;PARIS;AVENUE DAUMESNIL;commune;commune;vrai;
75112_2584_00117;75112_2584;117;;Avenue Daumesnil;75012;75112;Paris 12e Arrondissement;;;654560.93;6860710.12;2.380851;48.844834;parcelle;;;PARIS;AVENUE DAUMESNIL;commune;commune;vrai;
75112_2584_00119;75112_2584;119;;Avenue Daumesnil;75012;75112;Paris 12e Arrondissement;;;654569.54;6860703.72;2.380969;48.844777;parcelle;;;PARIS;AVENUE DAUMESNIL;commune;commune;vrai;
75112_2584_00121;75112_2584;121;;Avenue Daumesnil;75012;75112;Paris 12e Arrondissement;;;654579.68;6860696.19;2.381108;48.84471;parcelle;;;PARIS;AVENUE DAUMESNIL;commune;commune;vrai;
75112_2584_00123;75112_2584;123;;Avenue Daumesnil;75012;75112;Paris 12e Arrondissement;;;654587.49;6860690.45;2.381215;48.844659;parcelle;;;PARIS;AVENUE DAUMESNIL;commune;commune;vrai;
75112_2584_00125;75112_2584;125;;Avenue Daumesnil;75012;75112;Paris 12e Arrondissement;;;654597.92;6860682.7;2.381358;48.84459;parcelle;;;PARIS;AVENUE DAUMESNIL;commune;commune;vrai;
75112_2584_00127;75112_2584;127;;Avenue Daumesnil;75012;75112;Paris 12e Arrondissement;;;654607.92;6860675.28;2.381495;48.844524;parcelle;;;PARIS;AVENUE DAUMESNIL;commune;commune;vrai;
75112_2584_00129;75112_2584;129;;Avenue Daumesnil;75012;75112;Paris 12e Arrondissement;;;654617.04;6860668.54;2.38162;48.844464;parcelle;;;PARIS;AVENUE DAUMESNIL;commune;commune;vrai;
75112_2584_00131;75112_2584;131;;Avenue Daumesnil;75012;75112;Paris 12e Arrondissement;;;654656.15;6860639.43;2.382156;48.844205;parcelle;;;PARIS;AVENUE DAUMESNIL;commune;commune;vrai;
75112_2584_00133;75112_2584;133;;Avenue Daumesnil;75012;75112;Paris 12e Arrondissement;;;654705.41;6860603.02;2.382831;48.843881;parcelle;;;PARIS;AVENUE DAUMESNIL;commune;commune;vrai;
75112_2584_00135;75112_2584;135;;Avenue Daumesnil;75012;75112;Paris 12e Arrondissement;;;654750.36;6860569.64;2.383447;48.843584;parcelle;;;PARIS;AVENUE DAUMESNIL;commune;commune;vrai;
75112_2584_00137;75112_2584;137;;Avenue Daumesnil;75012;75112;Paris 12e Arrondissement;;;654772.39;6860553.24;2.383749;48.843438;parcelle;;;PARIS;AVENUE DAUMESNIL;commune;commune;vrai;
75112_2584_00131_b;75112_2584;131;b;Avenue Daumesnil;75012;75112;Paris 12e Arrondissement;;;654677.39;6860623.7;2.382447;48.844065;parcelle;;;PARIS;AVENUE DAUMESNIL;commune;commune;vrai;
75112_2584_00045_b;75112_2584;45;b;Avenue Daumesnil;75012;75112;Paris 12e Arrondissement;;;654159.99;6861007.95;2.375356;48.847484;parcelle;;;PARIS;AVENUE DAUMESNIL;commune;commune;vrai;
75112_2584_00013_a;75112_2584;13;a;Avenue Daumesnil;75012;75112;Paris 12e Arrondissement;;;653999.88;6861140.55;2.37316;48.848665;parcelle;;;PARIS;AVENUE DAUMESNIL;commune;commune;vrai;
75112_2584_00026_b;75112_2584;26;b;Avenue Daumesnil;75012;75112;Paris 12e Arrondissement;;;654072.11;6861030.89;2.374156;48.847684;parcelle;;;PARIS;AVENUE DAUMESNIL;commune;commune;vrai;
75112_2584_00028_b;75112_2584;28;b;Avenue Daumesnil;75012;75112;Paris 12e Arrondissement;;;654100.05;6861010.09;2.374539;48.847499;parcelle;;;PARIS;AVENUE DAUMESNIL;commune;commune;vrai;
75112_2584_00015_a;75112_2584;15;a;Avenue Daumesnil;75012;75112;Paris 12e Arrondissement;;;654012.5;6861130.66;2.373333;48.848577;parcelle;;;PARIS;AVENUE DAUMESNIL;commune;commune;vrai;
75112_2584_00023_a;75112_2584;23;a;Avenue Daumesnil;75012;75112;Paris 12e Arrondissement;;;654044.53;6861107.5;2.373772;48.848371;parcelle;;;PARIS;AVENUE DAUMESNIL;commune;commune;vrai;
75112_2584_00054_p1;75112_2584;54;p1;Avenue Daumesnil;75012;75112;Paris 12e Arrondissement;;;654415.14;6860752.41;2.37886;48.845204;parcelle;;;PARIS;AVENUE DAUMESNIL;commune;commune;vrai;
75112_2584_00052_bp;75112_2584;52;bp;Avenue Daumesnil;75012;75112;Paris 12e Arrondissement;;;654407.08;6860763.48;2.378749;48.845303;parcelle;;;PARIS;AVENUE DAUMESNIL;commune;commune;vrai;
75112_2584_00050_b;75112_2584;50;b;Avenue Daumesnil;75012;75112;Paris 12e Arrondissement;;;654400.8;6860786.77;2.378661;48.845512;parcelle;;;PARIS;AVENUE DAUMESNIL;commune;commune;vrai;
75112_2584_00017_a;75112_2584;17;a;Avenue Daumesnil;75012;75112;Paris 12e Arrondissement;;;654019.72;6861125.49;2.373432;48.848531;parcelle;;;PARIS;AVENUE DAUMESNIL;commune;commune;vrai;
75112_2584_00019_a;75112_2584;19;a;Avenue Daumesnil;75012;75112;Paris 12e Arrondissement;;;654029.87;6861118.07;2.373571;48.848465;parcelle;;;PARIS;AVENUE DAUMESNIL;commune;commune;vrai;
75112_2584_00070_b;75112_2584;70;b;Avenue Daumesnil;75012;75112;Paris 12e Arrondissement;;;654531.19;6860690.01;2.380448;48.844651;parcelle;;;PARIS;AVENUE DAUMESNIL;commune;commune;vrai;
75112_2584_00030_t;75112_2584;30;t;Avenue Daumesnil;75012;75112;Paris 12e Arrondissement;;;654135.44;6860983.79;2.375024;48.847265;parcelle;;;PARIS;AVENUE DAUMESNIL;commune;commune;vrai;
75112_2584_00073_b;75112_2584;73;b;Avenue Daumesnil;75012;75112;Paris 12e Arrondissement;;;654358.74;6860860.49;2.37808;48.846172;parcelle;;;PARIS;AVENUE DAUMESNIL;commune;commune;vrai;
75112_2584_00050_bp;75112_2584;50;bp;Avenue Daumesnil;75012;75112;Paris 12e Arrondissement;;;654391.18;6860776.06;2.378531;48.845415;parcelle;;;PARIS;AVENUE DAUMESNIL;commune;commune;vrai;
75112_2584_00052_b;75112_2584;52;b;Avenue Daumesnil;75012;75112;Paris 12e Arrondissement;;;654414.52;6860776.66;2.378849;48.845422;parcelle;;;PARIS;AVENUE DAUMESNIL;commune;commune;vrai;
75112_2584_00061_t;75112_2584;61;t;Avenue Daumesnil;75012;75112;Paris 12e Arrondissement;;;654235.58;6860951.76;2.376392;48.846984;parcelle;;;PARIS;AVENUE DAUMESNIL;commune;commune;vrai;
75112_2584_00021_a;75112_2584;21;a;Avenue Daumesnil;75012;75112;Paris 12e Arrondissement;;;654039.06;6861111.1;2.373697;48.848403;parcelle;;;PARIS;AVENUE DAUMESNIL;commune;commune;vrai;
75112_2584_00039_a;75112_2584;39;a;Avenue Daumesnil;75012;75112;Paris 12e Arrondissement;;;654131.5;6861042.76;2.374964;48.847795;parcelle;;;PARIS;AVENUE DAUMESNIL;commune;commune;vrai;
75112_2584_00129_b;75112_2584;129;b;Avenue Daumesnil;75012;75112;Paris 12e Arrondissement;;;654641.85;6860650.11;2.38196;48.8443;parcelle;;;PARIS;AVENUE DAUMESNIL;commune;commune;vrai;
75112_2584_00030_b;75112_2584;30;b;Avenue Daumesnil;75012;75112;Paris 12e Arrondissement;;;654123.62;6860992.56;2.374862;48.847343;parcelle;;;PARIS;AVENUE DAUMESNIL;commune;commune;vrai;
75112_2584_00133_b;75112_2584;133;b;Avenue Daumesnil;75012;75112;Paris 12e Arrondissement;;;654732.26;6860583.02;2.383199;48.843703;parcelle;;;PARIS;AVENUE DAUMESNIL;commune;commune;vrai;
75112_8001_00001;75112_8001;1;;Passage Raguinot;75012;75112;Paris 12e Arrondissement;;;654276.06;6860649.76;2.376976;48.844271;parcelle;;;PARIS;PASSAGE RAGUINOT;commune;commune;vrai;
75112_8001_00002;75112_8001;2;;Passage Raguinot;75012;75112;Paris 12e Arrondissement;;;654291.71;6860652.53;2.377189;48.844297;parcelle;;;PARIS;PASSAGE RAGUINOT;commune;commune;vrai;
75112_8001_00003;75112_8001;3;;Passage Raguinot;75012;75112;Paris 12e Arrondissement;;;654284.17;6860654.81;2.377086;48.844317;parcelle;;;PARIS;PASSAGE RAGUINOT;commune;commune;vrai;
75112_8001_00005;75112_8001;5;;Passage Raguinot;75012;75112;Paris 12e Arrondissement;;;654292.72;6860660.08;2.377202;48.844365;parcelle;;;PARIS;PASSAGE RAGUINOT;commune;commune;vrai;
75112_8001_00010;75112_8001;10;;Passage Raguinot;75012;75112;Paris 12e Arrondissement;;;654350.57;6860689.2;2.377987;48.844631;parcelle;;;PARIS;PASSAGE RAGUINOT;commune;commune;vrai;
75112_8001_00012;75112_8001;12;;Passage Raguinot;75012;75112;Paris 12e Arrondissement;;;654365.72;6860693.97;2.378193;48.844675;parcelle;;;PARIS;PASSAGE RAGUINOT;commune;commune;vrai;
75112_8001_00014;75112_8001;14;;Passage Raguinot;75012;75112;Paris 12e Arrondissement;;;654371.66;6860702.16;2.378273;48.844749;parcelle;;;PARIS;PASSAGE RAGUINOT;commune;commune;vrai;
75112_8001_00015;75112_8001;15;;Passage Raguinot;75012;75112;Paris 12e Arrondissement;;;654352.74;6860703.64;2.378015;48.844761;parcelle;;;PARIS;PASSAGE RAGUINOT;commune;commune;vrai;
75112_8001_00016;75112_8001;16;;Passage Raguinot;75012;75112;Paris 12e Arrondissement;;;654377.93;6860706;2.378358;48.844784;parcelle;;;PARIS;PASSAGE RAGUINOT;commune;commune;vrai;
75112_8001_00017;75112_8001;17;;Passage Raguinot;75012;75112;Paris 12e Arrondissement;;;654358.56;6860707.26;2.378094;48.844794;parcelle;;;PARIS;PASSAGE RAGUINOT;commune;commune;vrai;
75112_8001_00018;75112_8001;18;;Passage Raguinot;75012;75112;Paris 12e Arrondissement;;;654386.97;6860708.15;2.378481;48.844804;parcelle;;;PARIS;PASSAGE RAGUINOT;commune;commune;vrai;
75112_8001_00019;75112_8001;19;;Passage Raguinot;75012;75112;Paris 12e Arrondissement;;;654364.76;6860711.22;2.378178;48.84483;parcelle;;;PARIS;PASSAGE RAGUINOT;commune;commune;vrai;
75112_8001_00020;75112_8001;20;;Passage Raguinot;75012;75112;Paris 12e Arrondissement;;;654410.94;6860722.75;2.378806;48.844937;parcelle;;;PARIS;PASSAGE RAGUINOT;commune;commune;vrai;
75112_8001_00021;75112_8001;21;;Passage Raguinot;75012;75112;Paris 12e Arrondissement;;;654370.73;6860714.95;2.378259;48.844864;parcelle;;;PARIS;PASSAGE RAGUINOT;commune;commune;vrai;
75112_8001_00022;75112_8001;22;;Passage Raguinot;75012;75112;Paris 12e Arrondissement;;;654421.56;6860729.45;2.37895;48.844998;parcelle;;;PARIS;PASSAGE RAGUINOT;commune;commune;vrai;
75112_8001_00023;75112_8001;23;;Passage Raguinot;75012;75112;Paris 12e Arrondissement;;;654377.25;6860722.68;2.378347;48.844934;parcelle;;;PARIS;PASSAGE RAGUINOT;commune;commune;vrai;
75112_8001_00024;75112_8001;24;;Passage Raguinot;75012;75112;Paris 12e Arrondissement;;;654431.59;6860735.71;2.379086;48.845055;parcelle;;;PARIS;PASSAGE RAGUINOT;commune;commune;vrai;
75112_8001_00025;75112_8001;25;;Passage Raguinot;75012;75112;Paris 12e Arrondissement;;;654383.67;6860726.53;2.378434;48.844969;parcelle;;;PARIS;PASSAGE RAGUINOT;commune;commune;vrai;
75112_8001_00026;75112_8001;26;;Passage Raguinot;75012;75112;Paris 12e Arrondissement;;;654441.87;6860745.75;2.379225;48.845146;parcelle;;;PARIS;PASSAGE RAGUINOT;commune;commune;vrai;
75112_8001_00027;75112_8001;27;;Passage Raguinot;75012;75112;Paris 12e Arrondissement;;;654404.7;6860731.7;2.37872;48.845017;parcelle;;;PARIS;PASSAGE RAGUINOT;commune;commune;vrai;
75112_8001_00029;75112_8001;29;;Passage Raguinot;75012;75112;Paris 12e Arrondissement;;;654415.02;6860738.07;2.37886;48.845075;parcelle;;;PARIS;PASSAGE RAGUINOT;commune;commune;vrai;
75112_8001_00031;75112_8001;31;;Passage Raguinot;75012;75112;Paris 12e Arrondissement;;;654433.37;6860747.48;2.379109;48.845161;parcelle;;;PARIS;PASSAGE RAGUINOT;commune;commune;vrai;
75112_8001_00025_p;75112_8001;25;p;Passage Raguinot;75012;75112;Paris 12e Arrondissement;;;654388.02;6860729.27;2.378493;48.844994;parcelle;;;PARIS;PASSAGE RAGUINOT;commune;commune;vrai;
75112_8001_00001_s1;75112_8001;1;s1;Passage Raguinot;75012;75112;Paris 12e Arrondissement;;;654274.92;6860645.99;2.376961;48.844237;parcelle;;;PARIS;PASSAGE RAGUINOT;commune;commune;vrai;
75112_8001_00004_p;75112_8001;4;p;Passage Raguinot;75012;75112;Paris 12e Arrondissement;;;654298.86;6860657.03;2.377286;48.844338;parcelle;;;PARIS;PASSAGE RAGUINOT;commune;commune;vrai;
75112_2086_00001;75112_2086;1;;Rue Claude Tillier;75012;75112;Paris 12e Arrondissement;;;655026.43;6861009.61;2.387162;48.84756;parcelle;;;PARIS;RUE CLAUDE TILLIER;commune;commune;vrai;
75112_2086_00002;75112_2086;2;;Rue Claude Tillier;75012;75112;Paris 12e Arrondissement;;;655047.94;6861019.45;2.387454;48.84765;parcelle;;;PARIS;RUE CLAUDE TILLIER;commune;commune;vrai;
75112_2086_00003;75112_2086;3;;Rue Claude Tillier;75012;75112;Paris 12e Arrondissement;;;655034.95;6861019.33;2.387277;48.847648;parcelle;;;PARIS;RUE CLAUDE TILLIER;commune;commune;vrai;
75112_2086_00004;75112_2086;4;;Rue Claude Tillier;75012;75112;Paris 12e Arrondissement;;;655058.45;6861031.27;2.387596;48.847757;parcelle;;;PARIS;RUE CLAUDE TILLIER;commune;commune;vrai;
75112_2086_00005;75112_2086;5;;Rue Claude Tillier;75012;75112;Paris 12e Arrondissement;;;655042.65;6861027.95;2.387381;48.847726;parcelle;;;PARIS;RUE CLAUDE TILLIER;commune;commune;vrai;
75112_2086_00006;75112_2086;6;;Rue Claude Tillier;75012;75112;Paris 12e Arrondissement;;;655066.45;6861040.33;2.387704;48.847839;parcelle;;;PARIS;RUE CLAUDE TILLIER;commune;commune;vrai;
75112_2086_00007;75112_2086;7;;Rue Claude Tillier;75012;75112;Paris 12e Arrondissement;;;655050.72;6861037.11;2.38749;48.847809;parcelle;;;PARIS;RUE CLAUDE TILLIER;commune;commune;vrai;
75112_2086_00008;75112_2086;8;;Rue Claude Tillier;75012;75112;Paris 12e Arrondissement;;;655074.3;6861049.38;2.38781;48.847921;parcelle;;;PARIS;RUE CLAUDE TILLIER;commune;commune;vrai;
75112_2086_00009;75112_2086;9;;Rue Claude Tillier;75012;75112;Paris 12e Arrondissement;;;655059.23;6861046.83;2.387605;48.847897;parcelle;;;PARIS;RUE CLAUDE TILLIER;commune;commune;vrai;
75112_2086_00011;75112_2086;11;;Rue Claude Tillier;75012;75112;Paris 12e Arrondissement;;;655066.64;6861055.23;2.387705;48.847973;parcelle;;;PARIS;RUE CLAUDE TILLIER;commune;commune;vrai;
75112_2086_00012;75112_2086;12;;Rue Claude Tillier;75012;75112;Paris 12e Arrondissement;;;655083.18;6861059.43;2.38793;48.848012;parcelle;;;PARIS;RUE CLAUDE TILLIER;commune;commune;vrai;
75112_2086_00013;75112_2086;13;;Rue Claude Tillier;75012;75112;Paris 12e Arrondissement;;;655074.48;6861064.06;2.387811;48.848053;parcelle;;;PARIS;RUE CLAUDE TILLIER;commune;commune;vrai;
75112_2086_00014;75112_2086;14;;Rue Claude Tillier;75012;75112;Paris 12e Arrondissement;;;655092.29;6861069.71;2.388053;48.848105;parcelle;;;PARIS;RUE CLAUDE TILLIER;commune;commune;vrai;
75112_2086_00015;75112_2086;15;;Rue Claude Tillier;75012;75112;Paris 12e Arrondissement;;;655083.07;6861073.89;2.387927;48.848142;parcelle;;;PARIS;RUE CLAUDE TILLIER;commune;commune;vrai;
75112_2086_00016;75112_2086;16;;Rue Claude Tillier;75012;75112;Paris 12e Arrondissement;;;655102.8;6861081.63;2.388195;48.848213;parcelle;;;PARIS;RUE CLAUDE TILLIER;commune;commune;vrai;
75112_2086_00017;75112_2086;17;;Rue Claude Tillier;75012;75112;Paris 12e Arrondissement;;;655090.33;6861082.06;2.388025;48.848216;parcelle;;;PARIS;RUE CLAUDE TILLIER;commune;commune;vrai;
75112_2086_00018;75112_2086;18;;Rue Claude Tillier;75012;75112;Paris 12e Arrondissement;;;655112.2;6861092.35;2.388322;48.84831;parcelle;;;PARIS;RUE CLAUDE TILLIER;commune;commune;vrai;
75112_2086_00019;75112_2086;19;;Rue Claude Tillier;75012;75112;Paris 12e Arrondissement;;;655098.77;6861091.56;2.388139;48.848302;parcelle;;;PARIS;RUE CLAUDE TILLIER;commune;commune;vrai;
75112_2086_00020;75112_2086;20;;Rue Claude Tillier;75012;75112;Paris 12e Arrondissement;;;655118.5;6861099.41;2.388407;48.848374;parcelle;;;PARIS;RUE CLAUDE TILLIER;commune;commune;vrai;
75112_2086_00021;75112_2086;21;;Rue Claude Tillier;75012;75112;Paris 12e Arrondissement;;;655105.43;6861099.18;2.388229;48.848371;parcelle;;;PARIS;RUE CLAUDE TILLIER;commune;commune;vrai;
75112_2086_00022;75112_2086;22;;Rue Claude Tillier;75012;75112;Paris 12e Arrondissement;;;655127.46;6861109.58;2.388528;48.848466;parcelle;;;PARIS;RUE CLAUDE TILLIER;commune;commune;vrai;
75112_2086_00023;75112_2086;23;;Rue Claude Tillier;75012;75112;Paris 12e Arrondissement;;;655113.5;6861108.35;2.388338;48.848454;parcelle;;;PARIS;RUE CLAUDE TILLIER;commune;commune;vrai;
75112_2086_00024;75112_2086;24;;Rue Claude Tillier;75012;75112;Paris 12e Arrondissement;;;655137.52;6861120.95;2.388664;48.848569;parcelle;;;PARIS;RUE CLAUDE TILLIER;commune;commune;vrai;
75112_2086_00025;75112_2086;25;;Rue Claude Tillier;75012;75112;Paris 12e Arrondissement;;;655118.24;6861113.65;2.388402;48.848502;parcelle;;;PARIS;RUE CLAUDE TILLIER;commune;commune;vrai;
75112_2086_00026;75112_2086;26;;Rue Claude Tillier;75012;75112;Paris 12e Arrondissement;;;655145.52;6861130.12;2.388772;48.848652;parcelle;;;PARIS;RUE CLAUDE TILLIER;commune;commune;vrai;
75112_2086_00027;75112_2086;27;;Rue Claude Tillier;75012;75112;Paris 12e Arrondissement;;;655123.79;6861119.95;2.388477;48.848559;parcelle;;;PARIS;RUE CLAUDE TILLIER;commune;commune;vrai;
75112_2086_00028;75112_2086;28;;Rue Claude Tillier;75012;75112;Paris 12e Arrondissement;;;655155.07;6861140.83;2.388901;48.848749;parcelle;;;PARIS;RUE CLAUDE TILLIER;commune;commune;vrai;
75112_2086_00029;75112_2086;29;;Rue Claude Tillier;75012;75112;Paris 12e Arrondissement;;;655130.01;6861127.01;2.388561;48.848623;parcelle;;;PARIS;RUE CLAUDE TILLIER;commune;commune;vrai;
75112_2086_00030;75112_2086;30;;Rue Claude Tillier;75012;75112;Paris 12e Arrondissement;;;655168.69;6861156.4;2.389085;48.84889;parcelle;;;PARIS;RUE CLAUDE TILLIER;commune;commune;vrai;
75112_2086_00031;75112_2086;31;;Rue Claude Tillier;75012;75112;Paris 12e Arrondissement;;;655136.45;6861134.3;2.388648;48.848689;parcelle;;;PARIS;RUE CLAUDE TILLIER;commune;commune;vrai;
75112_2086_00032;75112_2086;32;;Rue Claude Tillier;75012;75112;Paris 12e Arrondissement;;;655183.21;6861172.86;2.389281;48.849039;parcelle;;;PARIS;RUE CLAUDE TILLIER;commune;commune;vrai;
75112_2086_00033;75112_2086;33;;Rue Claude Tillier;75012;75112;Paris 12e Arrondissement;;;655142.82;6861141.59;2.388734;48.848755;parcelle;;;PARIS;RUE CLAUDE TILLIER;commune;commune;vrai;
75112_2086_00034;75112_2086;34;;Rue Claude Tillier;75012;75112;Paris 12e Arrondissement;;;655194.46;6861185.56;2.389433;48.849154;parcelle;;;PARIS;RUE CLAUDE TILLIER;commune;commune;vrai;
75112_2086_00035;75112_2086;35;;Rue Claude Tillier;75012;75112;Paris 12e Arrondissement;;;655148.74;6861148.22;2.388814;48.848815;parcelle;;;PARIS;RUE CLAUDE TILLIER;commune;commune;vrai;
75112_2086_00037;75112_2086;37;;Rue Claude Tillier;75012;75112;Paris 12e Arrondissement;;;655165.99;6861167.77;2.389047;48.848992;parcelle;;;PARIS;RUE CLAUDE TILLIER;commune;commune;vrai;
75112_2086_00039;75112_2086;39;;Rue Claude Tillier;75012;75112;Paris 12e Arrondissement;;;655174.51;6861177.49;2.389162;48.84908;parcelle;;;PARIS;RUE CLAUDE TILLIER;commune;commune;vrai;
75112_2086_00041;75112_2086;41;;Rue Claude Tillier;75012;75112;Paris 12e Arrondissement;;;655182.8;6861186.87;2.389274;48.849165;parcelle;;;PARIS;RUE CLAUDE TILLIER;commune;commune;vrai;
75112_2086_00015_a;75112_2086;15;a;Rue Claude Tillier;75012;75112;Paris 12e Arrondissement;;;655067.26;6861117.05;2.387707;48.848529;parcelle;;;PARIS;RUE CLAUDE TILLIER;commune;commune;vrai;
75112_2086_00035_b;75112_2086;35;b;Rue Claude Tillier;75012;75112;Paris 12e Arrondissement;;;655157.11;6861157.72;2.388927;48.848901;parcelle;;;PARIS;RUE CLAUDE TILLIER;commune;commune;vrai;
75112_0199_00001;75112_0199;1;;Place d'Aligre;75012;75112;Paris 12e Arrondissement;;;654340.14;6861219.47;2.377788;48.849399;parcelle;;;PARIS;PLACE D ALIGRE;commune;commune;vrai;
75112_0199_00002;75112_0199;2;;Place d'Aligre;75012;75112;Paris 12e Arrondissement;;;654312.68;6861152.08;2.377421;48.848791;parcelle;;;PARIS;PLACE D ALIGRE;commune;commune;vrai;
75112_0199_00003;75112_0199;3;;Place d'Aligre;75012;75112;Paris 12e Arrondissement;;;654347.52;6861215.52;2.377889;48.849364;parcelle;;;PARIS;PLACE D ALIGRE;commune;commune;vrai;
75112_0199_00004;75112_0199;4;;Place d'Aligre;75012;75112;Paris 12e Arrondissement;;;654329.19;6861143.28;2.377647;48.848713;parcelle;;;PARIS;PLACE D ALIGRE;commune;commune;vrai;
75112_0199_00005;75112_0199;5;;Place d'Aligre;75012;75112;Paris 12e Arrondissement;;;654357.68;6861209.99;2.378028;48.849315;parcelle;;;PARIS;PLACE D ALIGRE;commune;commune;vrai;
75112_0199_00006;75112_0199;6;;Place d'Aligre;75012;75112;Paris 12e Arrondissement;;;654353.82;6861130.07;2.377984;48.848596;parcelle;;;PARIS;PLACE D ALIGRE;commune;commune;vrai;
75112_0199_00007;75112_0199;7;;Place d'Aligre;75012;75112;Paris 12e Arrondissement;;;654367.98;6861204.35;2.378169;48.849265;parcelle;;;PARIS;PLACE D ALIGRE;commune;commune;vrai;
75112_0199_00008;75112_0199;8;;Place d'Aligre;75012;75112;Paris 12e Arrondissement;;;654362.66;6861125.44;2.378105;48.848555;parcelle;;;PARIS;PLACE D ALIGRE;commune;commune;vrai;
75112_0199_00009;75112_0199;9;;Place d'Aligre;75012;75112;Paris 12e Arrondissement;;;654388.59;6861193.29;2.378451;48.849167;parcelle;;;PARIS;PLACE D ALIGRE;commune;commune;vrai;
75112_0199_00010;75112_0199;10;;Place d'Aligre;75012;75112;Paris 12e Arrondissement;;;654372.68;6861120.92;2.378242;48.848515;parcelle;;;PARIS;PLACE D ALIGRE;commune;commune;vrai;
75112_0199_00011;75112_0199;11;;Place d'Aligre;75012;75112;Paris 12e Arrondissement;;;654395.82;6861189.34;2.37855;48.849132;parcelle;;;PARIS;PLACE D ALIGRE;commune;commune;vrai;
75112_0199_00012;75112_0199;12;;Place d'Aligre;75012;75112;Paris 12e Arrondissement;;;654385.59;6861119.59;2.378418;48.848504;parcelle;;;PARIS;PLACE D ALIGRE;commune;commune;vrai;
75112_0199_00013;75112_0199;13;;Place d'Aligre;75012;75112;Paris 12e Arrondissement;;;654407.87;6861181.36;2.378715;48.849061;parcelle;;;PARIS;PLACE D ALIGRE;commune;commune;vrai;
75112_0199_00015;75112_0199;15;;Place d'Aligre;75012;75112;Paris 12e Arrondissement;;;654418.69;6861157.14;2.378865;48.848844;parcelle;;;PARIS;PLACE D ALIGRE;commune;commune;vrai;
75112_0199_00017;75112_0199;17;;Place d'Aligre;75012;75112;Paris 12e Arrondissement;;;654413.01;6861135.61;2.37879;48.84865;parcelle;;;PARIS;PLACE D ALIGRE;commune;commune;vrai;
75112_0199_00005_m;75112_0199;5;m;Place d'Aligre;75012;75112;Paris 12e Arrondissement;;;654352.67;6861198.91;2.377961;48.849215;parcelle;;;PARIS;PLACE D ALIGRE;commune;commune;vrai;
75112_0199_00013_b;75112_0199;13;b;Place d'Aligre;75012;75112;Paris 12e Arrondissement;;;654413.32;6861174.64;2.37879;48.849001;parcelle;;;PARIS;PLACE D ALIGRE;commune;commune;vrai;
75112_0199_00002_z;75112_0199;2;z;Place d'Aligre;75012;75112;Paris 12e Arrondissement;;;654306.97;6861155.02;2.377343;48.848817;parcelle;;;PARIS;PLACE D ALIGRE;commune;commune;vrai;
75112_0199_00013_m;75112_0199;13;m;Place d'Aligre;75012;75112;Paris 12e Arrondissement;;;654371.29;6861158.85;2.378219;48.848856;parcelle;;;PARIS;PLACE D ALIGRE;commune;commune;vrai;
75112_7070_00001;75112_7070;1;;Rue Parrot;75012;75112;Paris 12e Arrondissement;;;653950.71;6860936.89;2.372512;48.84683;parcelle;;;PARIS;RUE PARROT;commune;commune;vrai;
75112_7070_00002;75112_7070;2;;Rue Parrot;75012;75112;Paris 12e Arrondissement;;;653957.51;6860915.82;2.372607;48.846641;parcelle;;;PARIS;RUE PARROT;commune;commune;vrai;
75112_7070_00003;75112_7070;3;;Rue Parrot;75012;75112;Paris 12e Arrondissement;;;653975.19;6860942.03;2.372845;48.846878;parcelle;;;PARIS;RUE PARROT;commune;commune;vrai;
75112_7070_00004;75112_7070;4;;Rue Parrot;75012;75112;Paris 12e Arrondissement;;;653970.16;6860918.5;2.372779;48.846666;parcelle;;;PARIS;RUE PARROT;commune;commune;vrai;
75112_7070_00005;75112_7070;5;;Rue Parrot;75012;75112;Paris 12e Arrondissement;;;653992.46;6860945.67;2.37308;48.846912;parcelle;;;PARIS;RUE PARROT;commune;commune;vrai;
75112_7070_00006;75112_7070;6;;Rue Parrot;75012;75112;Paris 12e Arrondissement;;;654009.71;6860926.75;2.373317;48.846743;parcelle;;;PARIS;RUE PARROT;commune;commune;vrai;
75112_7070_00007;75112_7070;7;;Rue Parrot;75012;75112;Paris 12e Arrondissement;;;654009;6860949.1;2.373305;48.846944;parcelle;;;PARIS;RUE PARROT;commune;commune;vrai;
75112_7070_00008;75112_7070;8;;Rue Parrot;75012;75112;Paris 12e Arrondissement;;;654023.75;6860929.75;2.373508;48.846771;parcelle;;;PARIS;RUE PARROT;commune;commune;vrai;
75112_7070_00009;75112_7070;9;;Rue Parrot;75012;75112;Paris 12e Arrondissement;;;654028.12;6860953.18;2.373565;48.846982;parcelle;;;PARIS;RUE PARROT;commune;commune;vrai;
75112_7070_00010;75112_7070;10;;Rue Parrot;75012;75112;Paris 12e Arrondissement;;;654071.46;6860939.82;2.374157;48.846865;parcelle;;;PARIS;RUE PARROT;commune;commune;vrai;
75112_7070_00011;75112_7070;11;;Rue Parrot;75012;75112;Paris 12e Arrondissement;;;654071.05;6860962.18;2.374149;48.847066;parcelle;;;PARIS;RUE PARROT;commune;commune;vrai;
75112_7070_00012;75112_7070;12;;Rue Parrot;75012;75112;Paris 12e Arrondissement;;;654085.06;6860942.61;2.374342;48.846891;parcelle;;;PARIS;RUE PARROT;commune;commune;vrai;
75112_7070_00013;75112_7070;13;;Rue Parrot;75012;75112;Paris 12e Arrondissement;;;654089.5;6860966.03;2.3744;48.847102;parcelle;;;PARIS;RUE PARROT;commune;commune;vrai;
75112_7070_00014;75112_7070;14;;Rue Parrot;75012;75112;Paris 12e Arrondissement;;;654104.54;6860946.79;2.374607;48.84693;parcelle;;;PARIS;RUE PARROT;commune;commune;vrai;
75112_7070_00015;75112_7070;15;;Rue Parrot;75012;75112;Paris 12e Arrondissement;;;654104.64;6860969.25;2.374606;48.847132;parcelle;;;PARIS;RUE PARROT;commune;commune;vrai;
75112_7070_00016;75112_7070;16;;Rue Parrot;75012;75112;Paris 12e Arrondissement;;;654117.11;6860949.36;2.374778;48.846954;parcelle;;;PARIS;RUE PARROT;commune;commune;vrai;
75112_7070_00017;75112_7070;17;;Rue Parrot;75012;75112;Paris 12e Arrondissement;;;654117.88;6860972.15;2.374786;48.847159;parcelle;;;PARIS;RUE PARROT;commune;commune;vrai;
75112_7070_00019;75112_7070;19;;Rue Parrot;75012;75112;Paris 12e Arrondissement;;;654130.45;6860974.72;2.374957;48.847183;parcelle;;;PARIS;RUE PARROT;commune;commune;vrai;
75112_7070_00001_b;75112_7070;1;b;Rue Parrot;75012;75112;Paris 12e Arrondissement;;;653961.29;6860939.14;2.372656;48.846851;parcelle;;;PARIS;RUE PARROT;commune;commune;vrai;
75112_7070_00004_b;75112_7070;4;b;Rue Parrot;75012;75112;Paris 12e Arrondissement;;;653981.48;6860920.74;2.372933;48.846687;parcelle;;;PARIS;RUE PARROT;commune;commune;vrai;
75112_7070_00012_b;75112_7070;12;b;Rue Parrot;75012;75112;Paris 12e Arrondissement;;;654093.81;6860944.54;2.374461;48.846909;parcelle;;;PARIS;RUE PARROT;commune;commune;vrai;
75112_7070_00008_b;75112_7070;8;b;Rue Parrot;75012;75112;Paris 12e Arrondissement;;;654034.85;6860932.11;2.373659;48.846793;parcelle;;;PARIS;RUE PARROT;commune;commune;vrai;
75112_8514_00001;75112_8514;1;;Square Saint-Charles;75012;75112;Paris 12e Arrondissement;;;655116.65;6860832.78;2.38841;48.845976;parcelle;;;PARIS;SQUARE SAINT CHARLES;commune;commune;vrai;
75112_8514_00003;75112_8514;3;;Square Saint-Charles;75012;75112;Paris 12e Arrondissement;;;655122.11;6860836.4;2.388484;48.846009;parcelle;;;PARIS;SQUARE SAINT CHARLES;commune;commune;vrai;
75112_8514_00005;75112_8514;5;;Square Saint-Charles;75012;75112;Paris 12e Arrondissement;;;655129.33;6860840.46;2.388582;48.846046;parcelle;;;PARIS;SQUARE SAINT CHARLES;commune;commune;vrai;
75112_8514_00007;75112_8514;7;;Square Saint-Charles;75012;75112;Paris 12e Arrondissement;;;655136.35;6860845.64;2.388677;48.846093;parcelle;;;PARIS;SQUARE SAINT CHARLES;commune;commune;vrai;
75112_8514_00009;75112_8514;9;;Square Saint-Charles;75012;75112;Paris 12e Arrondissement;;;655144.41;6860853.36;2.388786;48.846163;parcelle;;;PARIS;SQUARE SAINT CHARLES;commune;commune;vrai;
75112_8514_00011;75112_8514;11;;Square Saint-Charles;75012;75112;Paris 12e Arrondissement;;;655152.74;6860858.41;2.388899;48.846209;parcelle;;;PARIS;SQUARE SAINT CHARLES;commune;commune;vrai;
75112_8514_00013;75112_8514;13;;Square Saint-Charles;75012;75112;Paris 12e Arrondissement;;;655160.49;6860864.46;2.389004;48.846264;parcelle;;;PARIS;SQUARE SAINT CHARLES;commune;commune;vrai;
75112_8514_00015;75112_8514;15;;Square Saint-Charles;75012;75112;Paris 12e Arrondissement;;;655150.79;6860881.88;2.38887;48.84642;parcelle;;;PARIS;SQUARE SAINT CHARLES;commune;commune;vrai;
75112_8514_00017;75112_8514;17;;Square Saint-Charles;75012;75112;Paris 12e Arrondissement;;;655153.42;6860888.98;2.388905;48.846484;parcelle;;;PARIS;SQUARE SAINT CHARLES;commune;commune;vrai;
75112_8514_00019;75112_8514;19;;Square Saint-Charles;75012;75112;Paris 12e Arrondissement;;;655169.51;6860891.86;2.389124;48.846511;parcelle;;;PARIS;SQUARE SAINT CHARLES;commune;commune;vrai;
75112_8514_00021;75112_8514;21;;Square Saint-Charles;75012;75112;Paris 12e Arrondissement;;;655179.06;6860893.12;2.389254;48.846523;parcelle;;;PARIS;SQUARE SAINT CHARLES;commune;commune;vrai;
75112_8514_00023;75112_8514;23;;Square Saint-Charles;75012;75112;Paris 12e Arrondissement;;;655185.47;6860895.74;2.389341;48.846547;parcelle;;;PARIS;SQUARE SAINT CHARLES;commune;commune;vrai;
75112_8514_00025;75112_8514;25;;Square Saint-Charles;75012;75112;Paris 12e Arrondissement;;;655197.74;6860897.65;2.389508;48.846565;parcelle;;;PARIS;SQUARE SAINT CHARLES;commune;commune;vrai;
75112_8514_00027;75112_8514;27;;Square Saint-Charles;75012;75112;Paris 12e Arrondissement;;;655210.3;6860909.56;2.389678;48.846673;parcelle;;;PARIS;SQUARE SAINT CHARLES;commune;commune;vrai;
75112_8514_00029;75112_8514;29;;Square Saint-Charles;75012;75112;Paris 12e Arrondissement;;;655219.49;6860920.72;2.389802;48.846774;parcelle;;;PARIS;SQUARE SAINT CHARLES;commune;commune;vrai;
75112_8514_00031;75112_8514;31;;Square Saint-Charles;75012;75112;Paris 12e Arrondissement;;;655222.1;6860934.82;2.389836;48.846901;parcelle;;;PARIS;SQUARE SAINT CHARLES;commune;commune;vrai;
75112_8514_00033;75112_8514;33;;Square Saint-Charles;75012;75112;Paris 12e Arrondissement;;;655253.01;6860936.69;2.390257;48.84692;parcelle;;;PARIS;SQUARE SAINT CHARLES;commune;commune;vrai;
75112_8514_00035;75112_8514;35;;Square Saint-Charles;75012;75112;Paris 12e Arrondissement;;;655258.92;6860951.21;2.390336;48.847051;parcelle;;;PARIS;SQUARE SAINT CHARLES;commune;commune;vrai;
75112_8514_00037;75112_8514;37;;Square Saint-Charles;75012;75112;Paris 12e Arrondissement;;;655251.84;6860956.16;2.390239;48.847095;parcelle;;;PARIS;SQUARE SAINT CHARLES;commune;commune;vrai;
75112_8514_00039;75112_8514;39;;Square Saint-Charles;75012;75112;Paris 12e Arrondissement;;;655248.28;6860960.97;2.39019;48.847138;parcelle;;;PARIS;SQUARE SAINT CHARLES;commune;commune;vrai;
75112_8514_00041;75112_8514;41;;Square Saint-Charles;75012;75112;Paris 12e Arrondissement;;;655257.47;6860972.91;2.390314;48.847246;parcelle;;;PARIS;SQUARE SAINT CHARLES;commune;commune;vrai;
75112_8514_00043;75112_8514;43;;Square Saint-Charles;75012;75112;Paris 12e Arrondissement;;;655285.78;6860952.01;2.390702;48.84706;parcelle;;;PARIS;SQUARE SAINT CHARLES;commune;commune;vrai;
75112_8514_00045;75112_8514;45;;Square Saint-Charles;75012;75112;Paris 12e Arrondissement;;;655297.74;6860960.7;2.390864;48.847139;parcelle;;;PARIS;SQUARE SAINT CHARLES;commune;commune;vrai;
75112_0032_00001;75112_0032;1;;Passage Abel Leblanc;75012;75112;Paris 12e Arrondissement;;;654540.09;6860804.58;2.380557;48.845682;parcelle;;;PARIS;PASSAGE ABEL LEBLANC;commune;commune;vrai;
75112_0032_00002;75112_0032;2;;Passage Abel Leblanc;75012;75112;Paris 12e Arrondissement;;;654551.96;6860801.6;2.380719;48.845656;parcelle;;;PARIS;PASSAGE ABEL LEBLANC;commune;commune;vrai;
75112_0032_00003;75112_0032;3;;Passage Abel Leblanc;75012;75112;Paris 12e Arrondissement;;;654552.26;6860812.38;2.380722;48.845753;parcelle;;;PARIS;PASSAGE ABEL LEBLANC;commune;commune;vrai;
75112_0032_00004;75112_0032;4;;Passage Abel Leblanc;75012;75112;Paris 12e Arrondissement;;;654570.18;6860813.24;2.380966;48.845762;parcelle;;;PARIS;PASSAGE ABEL LEBLANC;commune;commune;vrai;
75112_0032_00005;75112_0032;5;;Passage Abel Leblanc;75012;75112;Paris 12e Arrondissement;;;654562.66;6860819.08;2.380863;48.845814;parcelle;;;PARIS;PASSAGE ABEL LEBLANC;commune;commune;vrai;
75112_0032_00006;75112_0032;6;;Passage Abel Leblanc;75012;75112;Paris 12e Arrondissement;;;654590.68;6860826.42;2.381244;48.845882;parcelle;;;PARIS;PASSAGE ABEL LEBLANC;commune;commune;vrai;
75112_0032_00007;75112_0032;7;;Passage Abel Leblanc;75012;75112;Paris 12e Arrondissement;;;654572.4;6860825.23;2.380995;48.84587;parcelle;;;PARIS;PASSAGE ABEL LEBLANC;commune;commune;vrai;
75112_0032_00008;75112_0032;8;;Passage Abel Leblanc;75012;75112;Paris 12e Arrondissement;;;654605.21;6860835.76;2.381441;48.845967;parcelle;;;PARIS;PASSAGE ABEL LEBLANC;commune;commune;vrai;
75112_0032_00009;75112_0032;9;;Passage Abel Leblanc;75012;75112;Paris 12e Arrondissement;;;654583.83;6860832.59;2.38115;48.845937;parcelle;;;PARIS;PASSAGE ABEL LEBLANC;commune;commune;vrai;
75112_0032_00010;75112_0032;10;;Passage Abel Leblanc;75012;75112;Paris 12e Arrondissement;;;654614.21;6860841.58;2.381563;48.84602;parcelle;;;PARIS;PASSAGE ABEL LEBLANC;commune;commune;vrai;
75112_0032_00011;75112_0032;11;;Passage Abel Leblanc;75012;75112;Paris 12e Arrondissement;;;654625.21;6860858.96;2.381711;48.846177;parcelle;;;PARIS;PASSAGE ABEL LEBLANC;commune;commune;vrai;
75112_0032_00012;75112_0032;12;;Passage Abel Leblanc;75012;75112;Paris 12e Arrondissement;;;654624.17;6860847.96;2.381698;48.846078;parcelle;;;PARIS;PASSAGE ABEL LEBLANC;commune;commune;vrai;
75112_0032_00014;75112_0032;14;;Passage Abel Leblanc;75012;75112;Paris 12e Arrondissement;;;654630.29;6860851.91;2.381781;48.846114;parcelle;;;PARIS;PASSAGE ABEL LEBLANC;commune;commune;vrai;
75112_2216_00002;75112_2216;2;;Rue du Colonel Rozanoff;75012;75112;Paris 12e Arrondissement;;;655123.65;6860769.23;2.388512;48.845405;parcelle;;;PARIS;RUE DU COLONEL ROZANOFF;commune;commune;vrai;
75112_2216_00004;75112_2216;4;;Rue du Colonel Rozanoff;75012;75112;Paris 12e Arrondissement;;;655107.94;6860769.35;2.388298;48.845405;parcelle;;;PARIS;RUE DU COLONEL ROZANOFF;commune;commune;vrai;
75112_2216_00005;75112_2216;5;;Rue du Colonel Rozanoff;75012;75112;Paris 12e Arrondissement;;;655117.3;6860754.82;2.388427;48.845275;parcelle;;;PARIS;RUE DU COLONEL ROZANOFF;commune;commune;vrai;
75112_2216_00006;75112_2216;6;;Rue du Colonel Rozanoff;75012;75112;Paris 12e Arrondissement;;;655099.28;6860769.42;2.38818;48.845405;parcelle;;;PARIS;RUE DU COLONEL ROZANOFF;commune;commune;vrai;
75112_2216_00007;75112_2216;7;;Rue du Colonel Rozanoff;75012;75112;Paris 12e Arrondissement;;;655105.55;6860754.8;2.388267;48.845274;parcelle;;;PARIS;RUE DU COLONEL ROZANOFF;commune;commune;vrai;
75112_2216_00008;75112_2216;8;;Rue du Colonel Rozanoff;75012;75112;Paris 12e Arrondissement;;;655088.35;6860769.5;2.388031;48.845405;parcelle;;;PARIS;RUE DU COLONEL ROZANOFF;commune;commune;vrai;
75112_2216_00009;75112_2216;9;;Rue du Colonel Rozanoff;75012;75112;Paris 12e Arrondissement;;;655094.03;6860754.89;2.38811;48.845274;parcelle;;;PARIS;RUE DU COLONEL ROZANOFF;commune;commune;vrai;
75112_2216_00010;75112_2216;10;;Rue du Colonel Rozanoff;75012;75112;Paris 12e Arrondissement;;;655075.35;6860769.05;2.387854;48.8454;parcelle;;;PARIS;RUE DU COLONEL ROZANOFF;commune;commune;vrai;
75112_2216_00011;75112_2216;11;;Rue du Colonel Rozanoff;75012;75112;Paris 12e Arrondissement;;;655071.57;6860755.07;2.387804;48.845274;parcelle;;;PARIS;RUE DU COLONEL ROZANOFF;commune;commune;vrai;
75112_2216_00012;75112_2216;12;;Rue du Colonel Rozanoff;75012;75112;Paris 12e Arrondissement;;;655061.78;6860769.15;2.387669;48.8454;parcelle;;;PARIS;RUE DU COLONEL ROZANOFF;commune;commune;vrai;
75112_2216_00013;75112_2216;13;;Rue du Colonel Rozanoff;75012;75112;Paris 12e Arrondissement;;;655061.15;6860755.15;2.387662;48.845274;parcelle;;;PARIS;RUE DU COLONEL ROZANOFF;commune;commune;vrai;
75112_2216_00014;75112_2216;14;;Rue du Colonel Rozanoff;75012;75112;Paris 12e Arrondissement;;;655057.24;6860780.86;2.387606;48.845505;parcelle;;;PARIS;RUE DU COLONEL ROZANOFF;commune;commune;vrai;
75112_2216_00015;75112_2216;15;;Rue du Colonel Rozanoff;75012;75112;Paris 12e Arrondissement;;;655050.14;6860755.12;2.387512;48.845273;parcelle;;;PARIS;RUE DU COLONEL ROZANOFF;commune;commune;vrai;
75112_2216_00016;75112_2216;16;;Rue du Colonel Rozanoff;75012;75112;Paris 12e Arrondissement;;;655066.95;6860792.91;2.387737;48.845614;parcelle;;;PARIS;RUE DU COLONEL ROZANOFF;commune;commune;vrai;
75112_2216_00017;75112_2216;17;;Rue du Colonel Rozanoff;75012;75112;Paris 12e Arrondissement;;;655035.54;6860755.23;2.387313;48.845273;parcelle;;;PARIS;RUE DU COLONEL ROZANOFF;commune;commune;vrai;
75112_2216_00018;75112_2216;18;;Rue du Colonel Rozanoff;75012;75112;Paris 12e Arrondissement;;;655049.84;6860801.16;2.387503;48.845687;parcelle;;;PARIS;RUE DU COLONEL ROZANOFF;commune;commune;vrai;
75112_2216_00019;75112_2216;19;;Rue du Colonel Rozanoff;75012;75112;Paris 12e Arrondissement;;;655020.67;6860758.8;2.38711;48.845304;parcelle;;;PARIS;RUE DU COLONEL ROZANOFF;commune;commune;vrai;
75112_2216_00020;75112_2216;20;;Rue du Colonel Rozanoff;75012;75112;Paris 12e Arrondissement;;;655035.05;6860805.17;2.387301;48.845722;parcelle;;;PARIS;RUE DU COLONEL ROZANOFF;commune;commune;vrai;
75112_2216_00021;75112_2216;21;;Rue du Colonel Rozanoff;75012;75112;Paris 12e Arrondissement;;;655020.87;6860774.81;2.387111;48.845448;parcelle;;;PARIS;RUE DU COLONEL ROZANOFF;commune;commune;vrai;
75112_2216_00022;75112_2216;22;;Rue du Colonel Rozanoff;75012;75112;Paris 12e Arrondissement;;;655035.08;6860818.51;2.3873;48.845842;parcelle;;;PARIS;RUE DU COLONEL ROZANOFF;commune;commune;vrai;
75112_2216_00023;75112_2216;23;;Rue du Colonel Rozanoff;75012;75112;Paris 12e Arrondissement;;;655020.94;6860783.81;2.387111;48.845529;parcelle;;;PARIS;RUE DU COLONEL ROZANOFF;commune;commune;vrai;
75112_2216_00024;75112_2216;24;;Rue du Colonel Rozanoff;75012;75112;Paris 12e Arrondissement;;;655035.17;6860830.74;2.3873;48.845952;parcelle;;;PARIS;RUE DU COLONEL ROZANOFF;commune;commune;vrai;
75112_2216_00025;75112_2216;25;;Rue du Colonel Rozanoff;75012;75112;Paris 12e Arrondissement;;;655021.03;6860795.6;2.387111;48.845635;parcelle;;;PARIS;RUE DU COLONEL ROZANOFF;commune;commune;vrai;
75112_2216_00026;75112_2216;26;;Rue du Colonel Rozanoff;75012;75112;Paris 12e Arrondissement;;;655035.27;6860843.97;2.3873;48.846071;parcelle;;;PARIS;RUE DU COLONEL ROZANOFF;commune;commune;vrai;
75112_2216_00027;75112_2216;27;;Rue du Colonel Rozanoff;75012;75112;Paris 12e Arrondissement;;;655021.05;6860808.05;2.38711;48.845747;parcelle;;;PARIS;RUE DU COLONEL ROZANOFF;commune;commune;vrai;
75112_2216_00028;75112_2216;28;;Rue du Colonel Rozanoff;75012;75112;Paris 12e Arrondissement;;;655035.31;6860857.54;2.387299;48.846193;parcelle;;;PARIS;RUE DU COLONEL ROZANOFF;commune;commune;vrai;
75112_2216_00029;75112_2216;29;;Rue du Colonel Rozanoff;75012;75112;Paris 12e Arrondissement;;;655021.15;6860821.06;2.38711;48.845864;parcelle;;;PARIS;RUE DU COLONEL ROZANOFF;commune;commune;vrai;
75112_2216_00031;75112_2216;31;;Rue du Colonel Rozanoff;75012;75112;Paris 12e Arrondissement;;;655021.25;6860833.52;2.38711;48.845976;parcelle;;;PARIS;RUE DU COLONEL ROZANOFF;commune;commune;vrai;
75112_2216_00033;75112_2216;33;;Rue du Colonel Rozanoff;75012;75112;Paris 12e Arrondissement;;;655021.27;6860846.19;2.387109;48.84609;parcelle;;;PARIS;RUE DU COLONEL ROZANOFF;commune;commune;vrai;
75112_2216_00035;75112_2216;35;;Rue du Colonel Rozanoff;75012;75112;Paris 12e Arrondissement;;;655021.37;6860858.31;2.387109;48.846199;parcelle;;;PARIS;RUE DU COLONEL ROZANOFF;commune;commune;vrai;
75112_3313_00001;75112_3313;1;;Rue Erard;75012;75112;Paris 12e Arrondissement;;;654772.49;6860743.49;2.38373;48.845149;parcelle;;;PARIS;RUE ERARD;commune;commune;vrai;
75112_3313_00002;75112_3313;2;;Rue Erard;75012;75112;Paris 12e Arrondissement;;;654779.7;6860718.08;2.383831;48.844921;parcelle;;;PARIS;RUE ERARD;commune;commune;vrai;
75112_3313_00003;75112_3313;3;;Rue Erard;75012;75112;Paris 12e Arrondissement;;;654787.56;6860756.27;2.383934;48.845265;parcelle;;;PARIS;RUE ERARD;commune;commune;vrai;
75112_3313_00004;75112_3313;4;;Rue Erard;75012;75112;Paris 12e Arrondissement;;;654789.45;6860726.35;2.383963;48.844996;parcelle;;;PARIS;RUE ERARD;commune;commune;vrai;
75112_3313_00005;75112_3313;5;;Rue Erard;75012;75112;Paris 12e Arrondissement;;;654799.3;6860766.19;2.384093;48.845355;parcelle;;;PARIS;RUE ERARD;commune;commune;vrai;
75112_3313_00006;75112_3313;6;;Rue Erard;75012;75112;Paris 12e Arrondissement;;;654798.98;6860734.39;2.384092;48.845069;parcelle;;;PARIS;RUE ERARD;commune;commune;vrai;
75112_3313_00007;75112_3313;7;;Rue Erard;75012;75112;Paris 12e Arrondissement;;;654816.81;6860780.95;2.38433;48.845489;parcelle;;;PARIS;RUE ERARD;commune;commune;vrai;
75112_3313_00008;75112_3313;8;;Rue Erard;75012;75112;Paris 12e Arrondissement;;;654808.81;6860742.77;2.384225;48.845145;parcelle;;;PARIS;RUE ERARD;commune;commune;vrai;
75112_3313_00009;75112_3313;9;;Rue Erard;75012;75112;Paris 12e Arrondissement;;;654833.95;6860795.5;2.384562;48.845621;parcelle;;;PARIS;RUE ERARD;commune;commune;vrai;
75112_3313_00010;75112_3313;10;;Rue Erard;75012;75112;Paris 12e Arrondissement;;;654820.85;6860753.01;2.384388;48.845238;parcelle;;;PARIS;RUE ERARD;commune;commune;vrai;
75112_3313_00011;75112_3313;11;;Rue Erard;75012;75112;Paris 12e Arrondissement;;;654847.62;6860806.96;2.384747;48.845725;parcelle;;;PARIS;RUE ERARD;commune;commune;vrai;
75112_3313_00012;75112_3313;12;;Rue Erard;75012;75112;Paris 12e Arrondissement;;;654835.18;6860765.24;2.384582;48.845349;parcelle;;;PARIS;RUE ERARD;commune;commune;vrai;
75112_3313_00013;75112_3313;13;;Rue Erard;75012;75112;Paris 12e Arrondissement;;;654860.91;6860816.64;2.384927;48.845813;parcelle;;;PARIS;RUE ERARD;commune;commune;vrai;
75112_3313_00014;75112_3313;14;;Rue Erard;75012;75112;Paris 12e Arrondissement;;;654846.56;6860775.05;2.384736;48.845438;parcelle;;;PARIS;RUE ERARD;commune;commune;vrai;
75112_3313_00015;75112_3313;15;;Rue Erard;75012;75112;Paris 12e Arrondissement;;;654872.57;6860824.89;2.385085;48.845888;parcelle;;;PARIS;RUE ERARD;commune;commune;vrai;
75112_3313_00016;75112_3313;16;;Rue Erard;75012;75112;Paris 12e Arrondissement;;;654858.15;6860783.86;2.384893;48.845518;parcelle;;;PARIS;RUE ERARD;commune;commune;vrai;
75112_3313_00017;75112_3313;17;;Rue Erard;75012;75112;Paris 12e Arrondissement;;;654886.52;6860835.01;2.385274;48.84598;parcelle;;;PARIS;RUE ERARD;commune;commune;vrai;
75112_3313_00018;75112_3313;18;;Rue Erard;75012;75112;Paris 12e Arrondissement;;;654866.5;6860790.35;2.385006;48.845577;parcelle;;;PARIS;RUE ERARD;commune;commune;vrai;
75112_3313_00019;75112_3313;19;;Rue Erard;75012;75112;Paris 12e Arrondissement;;;654906.22;6860849.2;2.385541;48.846109;parcelle;;;PARIS;RUE ERARD;commune;commune;vrai;
75112_3313_00021;75112_3313;21;;Rue Erard;75012;75112;Paris 12e Arrondissement;;;654914.78;6860855.47;2.385657;48.846166;parcelle;;;PARIS;RUE ERARD;commune;commune;vrai;
75112_3313_00022;75112_3313;22;;Rue Erard;75012;75112;Paris 12e Arrondissement;;;654916.38;6860824.77;2.385682;48.84589;parcelle;;;PARIS;RUE ERARD;commune;commune;vrai;
75112_3313_00023;75112_3313;23;;Rue Erard;75012;75112;Paris 12e Arrondissement;;;654936.04;6860870.87;2.385945;48.846306;parcelle;;;PARIS;RUE ERARD;commune;commune;vrai;
75112_3313_00024;75112_3313;24;;Rue Erard;75012;75112;Paris 12e Arrondissement;;;654926.86;6860832.69;2.385824;48.845962;parcelle;;;PARIS;RUE ERARD;commune;commune;vrai;
75112_3313_00025;75112_3313;25;;Rue Erard;75012;75112;Paris 12e Arrondissement;;;654956.93;6860886.72;2.386228;48.84645;parcelle;;;PARIS;RUE ERARD;commune;commune;vrai;
75112_3313_00026;75112_3313;26;;Rue Erard;75012;75112;Paris 12e Arrondissement;;;654940.52;6860843.04;2.386009;48.846056;parcelle;;;PARIS;RUE ERARD;commune;commune;vrai;
75112_3313_00027;75112_3313;27;;Rue Erard;75012;75112;Paris 12e Arrondissement;;;654973.71;6860901.72;2.386455;48.846586;parcelle;;;PARIS;RUE ERARD;commune;commune;vrai;
75112_3313_00028;75112_3313;28;;Rue Erard;75012;75112;Paris 12e Arrondissement;;;654954.55;6860853.83;2.386199;48.846154;parcelle;;;PARIS;RUE ERARD;commune;commune;vrai;
75112_3313_00029;75112_3313;29;;Rue Erard;75012;75112;Paris 12e Arrondissement;;;654988.05;6860915.17;2.386649;48.846708;parcelle;;;PARIS;RUE ERARD;commune;commune;vrai;
75112_3313_00030;75112_3313;30;;Rue Erard;75012;75112;Paris 12e Arrondissement;;;654961.26;6860858.56;2.38629;48.846197;parcelle;;;PARIS;RUE ERARD;commune;commune;vrai;
75112_3313_00031;75112_3313;31;;Rue Erard;75012;75112;Paris 12e Arrondissement;;;655004.47;6860931.06;2.386871;48.846852;parcelle;;;PARIS;RUE ERARD;commune;commune;vrai;
75112_3313_00032;75112_3313;32;;Rue Erard;75012;75112;Paris 12e Arrondissement;;;654983.65;6860878.29;2.386593;48.846376;parcelle;;;PARIS;RUE ERARD;commune;commune;vrai;
75112_3313_00034;75112_3313;34;;Rue Erard;75012;75112;Paris 12e Arrondissement;;;655000.43;6860893.39;2.38682;48.846513;parcelle;;;PARIS;RUE ERARD;commune;commune;vrai;
75112_3313_00036;75112_3313;36;;Rue Erard;75012;75112;Paris 12e Arrondissement;;;655006.83;6860914.02;2.386905;48.846699;parcelle;;;PARIS;RUE ERARD;commune;commune;vrai;
75112_3313_00025_b;75112_3313;25;b;Rue Erard;75012;75112;Paris 12e Arrondissement;;;654964.05;6860896.23;2.386324;48.846536;parcelle;;;PARIS;RUE ERARD;commune;commune;vrai;
75112_3313_00030_b;75112_3313;30;b;Rue Erard;75012;75112;Paris 12e Arrondissement;;;654965.84;6860862.3;2.386352;48.846231;parcelle;;;PARIS;RUE ERARD;commune;commune;vrai;
75112_3313_00023_b;75112_3313;23;b;Rue Erard;75012;75112;Paris 12e Arrondissement;;;654945.78;6860877.92;2.386077;48.84637;parcelle;;;PARIS;RUE ERARD;commune;commune;vrai;
75112_3313_00005_b;75112_3313;5;b;Rue Erard;75012;75112;Paris 12e Arrondissement;;;654807.36;6860773.02;2.384202;48.845417;parcelle;;;PARIS;RUE ERARD;commune;commune;vrai;
75112_1695_00002;75112_1695;2;;Rue de Châlon;75012;75112;Paris 12e Arrondissement;;;654386.4;6860551.48;2.37849;48.843395;parcelle;;;PARIS;RUE DE CHALON;commune;commune;vrai;
75112_1695_00004;75112_1695;4;;Rue de Châlon;75012;75112;Paris 12e Arrondissement;;;654375.76;6860560.68;2.378344;48.843477;parcelle;;;PARIS;RUE DE CHALON;commune;commune;vrai;
75112_1695_00006;75112_1695;6;;Rue de Châlon;75012;75112;Paris 12e Arrondissement;;;654366.49;6860568.32;2.378217;48.843545;parcelle;;;PARIS;RUE DE CHALON;commune;commune;vrai;
75112_1695_00008;75112_1695;8;;Rue de Châlon;75012;75112;Paris 12e Arrondissement;;;654356.73;6860576.84;2.378083;48.843621;parcelle;;;PARIS;RUE DE CHALON;commune;commune;vrai;
75112_1695_00010;75112_1695;10;;Rue de Châlon;75012;75112;Paris 12e Arrondissement;;;654346.88;6860585.15;2.377948;48.843695;parcelle;;;PARIS;RUE DE CHALON;commune;commune;vrai;
75112_1695_00012;75112_1695;12;;Rue de Châlon;75012;75112;Paris 12e Arrondissement;;;654337.84;6860592.67;2.377824;48.843762;parcelle;;;PARIS;RUE DE CHALON;commune;commune;vrai;
75112_1695_00014;75112_1695;14;;Rue de Châlon;75012;75112;Paris 12e Arrondissement;;;654316.99;6860610.74;2.377538;48.843923;parcelle;;;PARIS;RUE DE CHALON;commune;commune;vrai;
75112_1695_00016;75112_1695;16;;Rue de Châlon;75012;75112;Paris 12e Arrondissement;;;654310.14;6860616.46;2.377444;48.843974;parcelle;;;PARIS;RUE DE CHALON;commune;commune;vrai;
75112_1695_00018;75112_1695;18;;Rue de Châlon;75012;75112;Paris 12e Arrondissement;;;654301.97;6860623.2;2.377332;48.844034;parcelle;;;PARIS;RUE DE CHALON;commune;commune;vrai;
75112_1695_00019;75112_1695;19;;Rue de Châlon;75012;75112;Paris 12e Arrondissement;;;654213.9;6860678.49;2.376126;48.844525;parcelle;;;PARIS;RUE DE CHALON;commune;commune;vrai;
75112_1695_00020;75112_1695;20;;Rue de Châlon;75012;75112;Paris 12e Arrondissement;;;654290.45;6860632.85;2.377174;48.84412;parcelle;;;PARIS;RUE DE CHALON;commune;commune;vrai;
75112_1695_00022;75112_1695;22;;Rue de Châlon;75012;75112;Paris 12e Arrondissement;;;654280.47;6860641.38;2.377037;48.844196;parcelle;;;PARIS;RUE DE CHALON;commune;commune;vrai;
75112_1695_00024;75112_1695;24;;Rue de Châlon;75012;75112;Paris 12e Arrondissement;;;654270.11;6860650.14;2.376895;48.844274;parcelle;;;PARIS;RUE DE CHALON;commune;commune;vrai;
75112_1695_00026;75112_1695;26;;Rue de Châlon;75012;75112;Paris 12e Arrondissement;;;654262.39;6860656.76;2.376789;48.844333;parcelle;;;PARIS;RUE DE CHALON;commune;commune;vrai;
75112_1695_00028;75112_1695;28;;Rue de Châlon;75012;75112;Paris 12e Arrondissement;;;654253.85;6860663.72;2.376672;48.844395;parcelle;;;PARIS;RUE DE CHALON;commune;commune;vrai;
75112_1695_00030;75112_1695;30;;Rue de Châlon;75012;75112;Paris 12e Arrondissement;;;654248.32;6860669.21;2.376596;48.844444;parcelle;;;PARIS;RUE DE CHALON;commune;commune;vrai;
75112_1695_00032;75112_1695;32;;Rue de Châlon;75012;75112;Paris 12e Arrondissement;;;654238.11;6860677.19;2.376456;48.844515;parcelle;;;PARIS;RUE DE CHALON;commune;commune;vrai;
75112_1695_00034;75112_1695;34;;Rue de Châlon;75012;75112;Paris 12e Arrondissement;;;654228.19;6860685.94;2.37632;48.844593;parcelle;;;PARIS;RUE DE CHALON;commune;commune;vrai;
75112_1695_00036;75112_1695;36;;Rue de Châlon;75012;75112;Paris 12e Arrondissement;;;654218.21;6860694.8;2.376183;48.844672;parcelle;;;PARIS;RUE DE CHALON;commune;commune;vrai;
75112_1695_00038;75112_1695;38;;Rue de Châlon;75012;75112;Paris 12e Arrondissement;;;654203.48;6860706.49;2.375981;48.844776;parcelle;;;PARIS;RUE DE CHALON;commune;commune;vrai;
75112_1695_00040;75112_1695;40;;Rue de Châlon;75012;75112;Paris 12e Arrondissement;;;654188.53;6860719.17;2.375776;48.844889;parcelle;;;PARIS;RUE DE CHALON;commune;commune;vrai;
75112_1695_00042;75112_1695;42;;Rue de Châlon;75012;75112;Paris 12e Arrondissement;;;654178.03;6860728.15;2.375632;48.844969;parcelle;;;PARIS;RUE DE CHALON;commune;commune;vrai;
75112_1695_00044;75112_1695;44;;Rue de Châlon;75012;75112;Paris 12e Arrondissement;;;654177.44;6860736.38;2.375623;48.845043;parcelle;;;PARIS;RUE DE CHALON;commune;commune;vrai;
75112_1695_00046;75112_1695;46;;Rue de Châlon;75012;75112;Paris 12e Arrondissement;;;654167.45;6860744.8;2.375486;48.845118;parcelle;;;PARIS;RUE DE CHALON;commune;commune;vrai;
75112_1695_00048;75112_1695;48;;Rue de Châlon;75012;75112;Paris 12e Arrondissement;;;654152.65;6860757.37;2.375283;48.84523;parcelle;;;PARIS;RUE DE CHALON;commune;commune;vrai;
75112_1695_00050;75112_1695;50;;Rue de Châlon;75012;75112;Paris 12e Arrondissement;;;654127.91;6860793.04;2.374942;48.845549;parcelle;;;PARIS;RUE DE CHALON;commune;commune;vrai;
75112_1695_00052;75112_1695;52;;Rue de Châlon;75012;75112;Paris 12e Arrondissement;;;654116.24;6860802.92;2.374782;48.845637;parcelle;;;PARIS;RUE DE CHALON;commune;commune;vrai;
75112_1695_00054;75112_1695;54;;Rue de Châlon;75012;75112;Paris 12e Arrondissement;;;654106.33;6860811.33;2.374646;48.845712;parcelle;;;PARIS;RUE DE CHALON;commune;commune;vrai;
75112_1695_00040_p2;75112_1695;40;p2;Rue de Châlon;75012;75112;Paris 12e Arrondissement;;;654213.75;6860734.54;2.376118;48.845029;parcelle;;;PARIS;RUE DE CHALON;commune;commune;vrai;
75112_1695_00042_b;75112_1695;42;b;Rue de Châlon;75012;75112;Paris 12e Arrondissement;;;654176.72;6860729.16;2.375614;48.844978;parcelle;;;PARIS;RUE DE CHALON;commune;commune;vrai;
75112_1695_00002_s;75112_1695;2;s;Rue de Châlon;75012;75112;Paris 12e Arrondissement;;;654394.79;6860535.62;2.378606;48.843253;parcelle;;;PARIS;RUE DE CHALON;commune;commune;vrai;
75112_1695_00044_p;75112_1695;44;p;Rue de Châlon;75012;75112;Paris 12e Arrondissement;;;654183.24;6860737.11;2.375702;48.84505;parcelle;;;PARIS;RUE DE CHALON;commune;commune;vrai;
75112_1695_00014_s1;75112_1695;14;s1;Rue de Châlon;75012;75112;Paris 12e Arrondissement;;;654307.89;6860610.14;2.377414;48.843917;parcelle;;;PARIS;RUE DE CHALON;commune;commune;vrai;
75112_1695_00038_p4;75112_1695;38;p4;Rue de Châlon;75012;75112;Paris 12e Arrondissement;;;654223.45;6860726.45;2.376251;48.844957;parcelle;;;PARIS;RUE DE CHALON;commune;commune;vrai;
75112_1695_00019_s1;75112_1695;19;s1;Rue de Châlon;75012;75112;Paris 12e Arrondissement;;;654231.75;6860671.68;2.37637;48.844465;parcelle;;;PARIS;RUE DE CHALON;commune;commune;vrai;
75112_4094_00001;75112_4094;1;;Passage du Génie;75012;75112;Paris 12e Arrondissement;;;655232.92;6861148.35;2.389961;48.848822;parcelle;;;PARIS;PASSAGE DU GENIE;commune;commune;vrai;
75112_4094_00002;75112_4094;2;;Passage du Génie;75012;75112;Paris 12e Arrondissement;;;655227.04;6861156.29;2.38988;48.848893;parcelle;;;PARIS;PASSAGE DU GENIE;commune;commune;vrai;
75112_4094_00003;75112_4094;3;;Passage du Génie;75012;75112;Paris 12e Arrondissement;;;655223.89;6861138.85;2.389839;48.848736;parcelle;;;PARIS;PASSAGE DU GENIE;commune;commune;vrai;
75112_4094_00004;75112_4094;4;;Passage du Génie;75012;75112;Paris 12e Arrondissement;;;655218.53;6861147.68;2.389765;48.848815;parcelle;;;PARIS;PASSAGE DU GENIE;commune;commune;vrai;
75112_4094_00005;75112_4094;5;;Passage du Génie;75012;75112;Paris 12e Arrondissement;;;655213.53;6861128.04;2.389699;48.848638;parcelle;;;PARIS;PASSAGE DU GENIE;commune;commune;vrai;
75112_4094_00006;75112_4094;6;;Passage du Génie;75012;75112;Paris 12e Arrondissement;;;655212.39;6861141.28;2.389682;48.848757;parcelle;;;PARIS;PASSAGE DU GENIE;commune;commune;vrai;
75112_4094_00007;75112_4094;7;;Passage du Génie;75012;75112;Paris 12e Arrondissement;;;655203.33;6861117.44;2.389561;48.848542;parcelle;;;PARIS;PASSAGE DU GENIE;commune;commune;vrai;
75112_4094_00008;75112_4094;8;;Passage du Génie;75012;75112;Paris 12e Arrondissement;;;655206.25;6861134.76;2.389599;48.848698;parcelle;;;PARIS;PASSAGE DU GENIE;commune;commune;vrai;
75112_4094_00009;75112_4094;9;;Passage du Génie;75012;75112;Paris 12e Arrondissement;;;655192.89;6861106.51;2.38942;48.848443;parcelle;;;PARIS;PASSAGE DU GENIE;commune;commune;vrai;
75112_4094_00010;75112_4094;10;;Passage du Génie;75012;75112;Paris 12e Arrondissement;;;655200.18;6861128.47;2.389517;48.848641;parcelle;;;PARIS;PASSAGE DU GENIE;commune;commune;vrai;
75112_4094_00011;75112_4094;11;;Passage du Génie;75012;75112;Paris 12e Arrondissement;;;655182.76;6861095.91;2.389283;48.848347;parcelle;;;PARIS;PASSAGE DU GENIE;commune;commune;vrai;
75112_4094_00012;75112_4094;12;;Passage du Génie;75012;75112;Paris 12e Arrondissement;;;655197.52;6861125.71;2.389481;48.848616;parcelle;;;PARIS;PASSAGE DU GENIE;commune;commune;vrai;
75112_4094_00013;75112_4094;13;;Passage du Génie;75012;75112;Paris 12e Arrondissement;;;655174.84;6861087.64;2.389176;48.848272;parcelle;;;PARIS;PASSAGE DU GENIE;commune;commune;vrai;
75112_4094_00014;75112_4094;14;;Passage du Génie;75012;75112;Paris 12e Arrondissement;;;655189.45;6861117.32;2.389372;48.84854;parcelle;;;PARIS;PASSAGE DU GENIE;commune;commune;vrai;
75112_4094_00015;75112_4094;15;;Passage du Génie;75012;75112;Paris 12e Arrondissement;;;655166.55;6861079.03;2.389064;48.848194;parcelle;;;PARIS;PASSAGE DU GENIE;commune;commune;vrai;
75112_4094_00016;75112_4094;16;;Passage du Génie;75012;75112;Paris 12e Arrondissement;;;655177.17;6861104.41;2.389206;48.848423;parcelle;;;PARIS;PASSAGE DU GENIE;commune;commune;vrai;
75112_4094_00017;75112_4094;17;;Passage du Génie;75012;75112;Paris 12e Arrondissement;;;655159.01;6861071.08;2.388962;48.848122;parcelle;;;PARIS;PASSAGE DU GENIE;commune;commune;vrai;
75112_4094_00018;75112_4094;18;;Passage du Génie;75012;75112;Paris 12e Arrondissement;;;655164.6;6861091.39;2.389036;48.848305;parcelle;;;PARIS;PASSAGE DU GENIE;commune;commune;vrai;
75112_4094_00019;75112_4094;19;;Passage du Génie;75012;75112;Paris 12e Arrondissement;;;655148.98;6861055.37;2.388827;48.84798;parcelle;;;PARIS;PASSAGE DU GENIE;commune;commune;vrai;
75112_4094_00020;75112_4094;20;;Passage du Génie;75012;75112;Paris 12e Arrondissement;;;655154.09;6861080.35;2.388894;48.848205;parcelle;;;PARIS;PASSAGE DU GENIE;commune;commune;vrai;
75112_4094_00021;75112_4094;21;;Passage du Génie;75012;75112;Paris 12e Arrondissement;;;655155.14;6861045.42;2.388912;48.847891;parcelle;;;PARIS;PASSAGE DU GENIE;commune;commune;vrai;
75112_4094_00022;75112_4094;22;;Passage du Génie;75012;75112;Paris 12e Arrondissement;;;655144.92;6861070.85;2.38877;48.848119;parcelle;;;PARIS;PASSAGE DU GENIE;commune;commune;vrai;
75112_4094_00023;75112_4094;23;;Passage du Génie;75012;75112;Paris 12e Arrondissement;;;655160.57;6861036.48;2.388987;48.847811;parcelle;;;PARIS;PASSAGE DU GENIE;commune;commune;vrai;
75112_4094_00024;75112_4094;24;;Passage du Génie;75012;75112;Paris 12e Arrondissement;;;655135.59;6861061.14;2.388644;48.848031;parcelle;;;PARIS;PASSAGE DU GENIE;commune;commune;vrai;
75112_4094_00026;75112_4094;26;;Passage du Génie;75012;75112;Paris 12e Arrondissement;;;655137.09;6861055.68;2.388665;48.847982;parcelle;;;PARIS;PASSAGE DU GENIE;commune;commune;vrai;
75112_4094_00028;75112_4094;28;;Passage du Génie;75012;75112;Paris 12e Arrondissement;;;655142.38;6861047.08;2.388738;48.847905;parcelle;;;PARIS;PASSAGE DU GENIE;commune;commune;vrai;
75112_4094_00030;75112_4094;30;;Passage du Génie;75012;75112;Paris 12e Arrondissement;;;655149.12;6861036.24;2.388831;48.847808;parcelle;;;PARIS;PASSAGE DU GENIE;commune;commune;vrai;
75112_4094_00002_u;75112_4094;2;u;Passage du Génie;75012;75112;Paris 12e Arrondissement;;;655245.55;6861177.83;2.39013;48.849088;parcelle;;;PARIS;PASSAGE DU GENIE;commune;commune;vrai;
75112_4094_00002_u1;75112_4094;2;u1;Passage du Génie;75012;75112;Paris 12e Arrondissement;;;655240.66;6861162.74;2.390065;48.848952;parcelle;;;PARIS;PASSAGE DU GENIE;commune;commune;vrai;
75112_4094_00005_b;75112_4094;5;b;Passage du Génie;75012;75112;Paris 12e Arrondissement;;;655210.28;6861124.72;2.389655;48.848608;parcelle;;;PARIS;PASSAGE DU GENIE;commune;commune;vrai;
75112_2055_00001;75112_2055;1;;Rue de Citeaux;75012;75112;Paris 12e Arrondissement;;;654479.56;6860928.71;2.379719;48.846794;parcelle;;;PARIS;RUE DE CITEAUX;commune;commune;vrai;
75112_2055_00002;75112_2055;2;;Rue de Citeaux;75012;75112;Paris 12e Arrondissement;;;654497.44;6860934.13;2.379962;48.846844;parcelle;;;PARIS;RUE DE CITEAUX;commune;commune;vrai;
75112_2055_00003;75112_2055;3;;Rue de Citeaux;75012;75112;Paris 12e Arrondissement;;;654487.93;6860946.65;2.379831;48.846956;parcelle;;;PARIS;RUE DE CITEAUX;commune;commune;vrai;
75112_2055_00004;75112_2055;4;;Rue de Citeaux;75012;75112;Paris 12e Arrondissement;;;654503.49;6860946.98;2.380043;48.84696;parcelle;;;PARIS;RUE DE CITEAUX;commune;commune;vrai;
75112_2055_00005;75112_2055;5;;Rue de Citeaux;75012;75112;Paris 12e Arrondissement;;;654492.11;6860955.63;2.379887;48.847037;parcelle;;;PARIS;RUE DE CITEAUX;commune;commune;vrai;
75112_2055_00006;75112_2055;6;;Rue de Citeaux;75012;75112;Paris 12e Arrondissement;;;654510.65;6860962.49;2.380139;48.8471;parcelle;;;PARIS;RUE DE CITEAUX;commune;commune;vrai;
75112_2055_00007;75112_2055;7;;Rue de Citeaux;75012;75112;Paris 12e Arrondissement;;;654497.85;6860968.15;2.379964;48.84715;parcelle;;;PARIS;RUE DE CITEAUX;commune;commune;vrai;
75112_2055_00008;75112_2055;8;;Rue de Citeaux;75012;75112;Paris 12e Arrondissement;;;654519.31;6860981.1;2.380255;48.847268;parcelle;;;PARIS;RUE DE CITEAUX;commune;commune;vrai;
75112_2055_00009;75112_2055;9;;Rue de Citeaux;75012;75112;Paris 12e Arrondissement;;;654502.26;6860977.57;2.380023;48.847235;parcelle;;;PARIS;RUE DE CITEAUX;commune;commune;vrai;
75112_2055_00010;75112_2055;10;;Rue de Citeaux;75012;75112;Paris 12e Arrondissement;;;654527.9;6860999.49;2.38037;48.847434;parcelle;;;PARIS;RUE DE CITEAUX;commune;commune;vrai;
75112_2055_00011;75112_2055;11;;Rue de Citeaux;75012;75112;Paris 12e Arrondissement;;;654505.47;6860984.44;2.380066;48.847297;parcelle;;;PARIS;RUE DE CITEAUX;commune;commune;vrai;
75112_2055_00013;75112_2055;13;;Rue de Citeaux;75012;75112;Paris 12e Arrondissement;;;654511.59;6860997.62;2.380148;48.847416;parcelle;;;PARIS;RUE DE CITEAUX;commune;commune;vrai;
75112_2055_00014;75112_2055;14;;Rue de Citeaux;75012;75112;Paris 12e Arrondissement;;;654534.39;6861013.45;2.380457;48.84756;parcelle;;;PARIS;RUE DE CITEAUX;commune;commune;vrai;
75112_2055_00015;75112_2055;15;;Rue de Citeaux;75012;75112;Paris 12e Arrondissement;;;654518.61;6861012.8;2.380242;48.847553;parcelle;;;PARIS;RUE DE CITEAUX;commune;commune;vrai;
75112_2055_00016;75112_2055;16;;Rue de Citeaux;75012;75112;Paris 12e Arrondissement;;;654540.36;6861026.31;2.380537;48.847676;parcelle;;;PARIS;RUE DE CITEAUX;commune;commune;vrai;
75112_2055_00017;75112_2055;17;;Rue de Citeaux;75012;75112;Paris 12e Arrondissement;;;654523.53;6861023.44;2.380308;48.847649;parcelle;;;PARIS;RUE DE CITEAUX;commune;commune;vrai;
75112_2055_00018;75112_2055;18;;Rue de Citeaux;75012;75112;Paris 12e Arrondissement;;;654545.59;6861037.61;2.380607;48.847778;parcelle;;;PARIS;RUE DE CITEAUX;commune;commune;vrai;
75112_2055_00019;75112_2055;19;;Rue de Citeaux;75012;75112;Paris 12e Arrondissement;;;654528.31;6861033.63;2.380372;48.847741;parcelle;;;PARIS;RUE DE CITEAUX;commune;commune;vrai;
75112_2055_00020;75112_2055;20;;Rue de Citeaux;75012;75112;Paris 12e Arrondissement;;;654566.93;6861092.04;2.380892;48.848269;parcelle;;;PARIS;RUE DE CITEAUX;commune;commune;vrai;
75112_2055_00021;75112_2055;21;;Rue de Citeaux;75012;75112;Paris 12e Arrondissement;;;654537.42;6861053.24;2.380494;48.847918;parcelle;;;PARIS;RUE DE CITEAUX;commune;commune;vrai;
75112_2055_00023;75112_2055;23;;Rue de Citeaux;75012;75112;Paris 12e Arrondissement;;;654554.86;6861106.14;2.380726;48.848395;parcelle;;;PARIS;RUE DE CITEAUX;commune;commune;vrai;
75112_2055_00024;75112_2055;24;;Rue de Citeaux;75012;75112;Paris 12e Arrondissement;;;654574.38;6861134.01;2.380989;48.848647;parcelle;;;PARIS;RUE DE CITEAUX;commune;commune;vrai;
75112_2055_00025;75112_2055;25;;Rue de Citeaux;75012;75112;Paris 12e Arrondissement;;;654557.23;6861118.47;2.380757;48.848506;parcelle;;;PARIS;RUE DE CITEAUX;commune;commune;vrai;
75112_2055_00026;75112_2055;26;;Rue de Citeaux;75012;75112;Paris 12e Arrondissement;;;654576.75;6861146.56;2.38102;48.84876;parcelle;;;PARIS;RUE DE CITEAUX;commune;commune;vrai;
75112_2055_00027;75112_2055;27;;Rue de Citeaux;75012;75112;Paris 12e Arrondissement;;;654563.28;6861150.33;2.380836;48.848793;parcelle;;;PARIS;RUE DE CITEAUX;commune;commune;vrai;
75112_2055_00028;75112_2055;28;;Rue de Citeaux;75012;75112;Paris 12e Arrondissement;;;654581.96;6861173.87;2.381088;48.849006;parcelle;;;PARIS;RUE DE CITEAUX;commune;commune;vrai;
75112_2055_00029;75112_2055;29;;Rue de Citeaux;75012;75112;Paris 12e Arrondissement;;;654565.42;6861161.21;2.380864;48.848891;parcelle;;;PARIS;RUE DE CITEAUX;commune;commune;vrai;
75112_2055_00030;75112_2055;30;;Rue de Citeaux;75012;75112;Paris 12e Arrondissement;;;654585.95;6861196.97;2.38114;48.849214;parcelle;;;PARIS;RUE DE CITEAUX;commune;commune;vrai;
75112_2055_00031;75112_2055;31;;Rue de Citeaux;75012;75112;Paris 12e Arrondissement;;;654569.47;6861182.42;2.380917;48.849082;parcelle;;;PARIS;RUE DE CITEAUX;commune;commune;vrai;
75112_2055_00032;75112_2055;32;;Rue de Citeaux;75012;75112;Paris 12e Arrondissement;;;654588.71;6861211.29;2.381176;48.849343;parcelle;;;PARIS;RUE DE CITEAUX;commune;commune;vrai;
75112_2055_00033;75112_2055;33;;Rue de Citeaux;75012;75112;Paris 12e Arrondissement;;;654572.08;6861195.97;2.380951;48.849204;parcelle;;;PARIS;RUE DE CITEAUX;commune;commune;vrai;
75112_2055_00034;75112_2055;34;;Rue de Citeaux;75012;75112;Paris 12e Arrondissement;;;654596.27;6861249.04;2.381275;48.849683;parcelle;;;PARIS;RUE DE CITEAUX;commune;commune;vrai;
75112_2055_00035;75112_2055;35;;Rue de Citeaux;75012;75112;Paris 12e Arrondissement;;;654575.75;6861215.84;2.380999;48.849383;parcelle;;;PARIS;RUE DE CITEAUX;commune;commune;vrai;
75112_2055_00036;75112_2055;36;;Rue de Citeaux;75012;75112;Paris 12e Arrondissement;;;654599.87;6861268.03;2.381322;48.849854;parcelle;;;PARIS;RUE DE CITEAUX;commune;commune;vrai;
75112_2055_00037;75112_2055;37;;Rue de Citeaux;75012;75112;Paris 12e Arrondissement;;;654578.05;6861228.28;2.381029;48.849495;parcelle;;;PARIS;RUE DE CITEAUX;commune;commune;vrai;
75112_2055_00038;75112_2055;38;;Rue de Citeaux;75012;75112;Paris 12e Arrondissement;;;654603.46;6861286.9;2.381369;48.850024;parcelle;;;PARIS;RUE DE CITEAUX;commune;commune;vrai;
75112_2055_00039;75112_2055;39;;Rue de Citeaux;75012;75112;Paris 12e Arrondissement;;;654578.82;6861242.28;2.381038;48.849621;parcelle;;;PARIS;RUE DE CITEAUX;commune;commune;vrai;
75112_2055_00040;75112_2055;40;;Rue de Citeaux;75012;75112;Paris 12e Arrondissement;;;654605.15;6861295.67;2.381391;48.850103;parcelle;;;PARIS;RUE DE CITEAUX;commune;commune;vrai;
75112_2055_00041;75112_2055;41;;Rue de Citeaux;75012;75112;Paris 12e Arrondissement;;;654581.71;6861254.27;2.381076;48.849729;parcelle;;;PARIS;RUE DE CITEAUX;commune;commune;vrai;
75112_2055_00042;75112_2055;42;;Rue de Citeaux;75012;75112;Paris 12e Arrondissement;;;654607.52;6861308.22;2.381422;48.850216;parcelle;;;PARIS;RUE DE CITEAUX;commune;commune;vrai;
75112_2055_00043;75112_2055;43;;Rue de Citeaux;75012;75112;Paris 12e Arrondissement;;;654586.63;6861273.25;2.381141;48.8499;parcelle;;;PARIS;RUE DE CITEAUX;commune;commune;vrai;
75112_2055_00045;75112_2055;45;;Rue de Citeaux;75012;75112;Paris 12e Arrondissement;;;654588.46;6861282.91;2.381165;48.849987;parcelle;;;PARIS;RUE DE CITEAUX;commune;commune;vrai;
75112_2055_00047;75112_2055;47;;Rue de Citeaux;75012;75112;Paris 12e Arrondissement;;;654592.01;6861295.44;2.381212;48.8501;parcelle;;;PARIS;RUE DE CITEAUX;commune;commune;vrai;
75112_2055_00049;75112_2055;49;;Rue de Citeaux;75012;75112;Paris 12e Arrondissement;;;654593.66;6861308.89;2.381233;48.850221;parcelle;;;PARIS;RUE DE CITEAUX;commune;commune;vrai;
75112_2055_00025_b;75112_2055;25;b;Rue de Citeaux;75012;75112;Paris 12e Arrondissement;;;654559.99;6861133.12;2.380793;48.848638;parcelle;;;PARIS;RUE DE CITEAUX;commune;commune;vrai;
75112_2055_00028_b;75112_2055;28;b;Rue de Citeaux;75012;75112;Paris 12e Arrondissement;;;654583.56;6861182.2;2.381109;48.849081;parcelle;;;PARIS;RUE DE CITEAUX;commune;commune;vrai;
75112_2055_00047_z;75112_2055;47;z;Rue de Citeaux;75012;75112;Paris 12e Arrondissement;;;654594.5;6861304.54;2.381245;48.850182;parcelle;;;PARIS;RUE DE CITEAUX;commune;commune;vrai;
75112_2055_00029_t;75112_2055;29;t;Rue de Citeaux;75012;75112;Paris 12e Arrondissement;;;654567.64;6861173.09;2.380893;48.848998;parcelle;;;PARIS;RUE DE CITEAUX;commune;commune;vrai;
75112_2055_00029_b;75112_2055;29;b;Rue de Citeaux;75012;75112;Paris 12e Arrondissement;;;654566.42;6861166.65;2.380877;48.84894;parcelle;;;PARIS;RUE DE CITEAUX;commune;commune;vrai;
75112_2055_00039_z;75112_2055;39;z;Rue de Citeaux;75012;75112;Paris 12e Arrondissement;;;654581.17;6861241.82;2.38107;48.849617;parcelle;;;PARIS;RUE DE CITEAUX;commune;commune;vrai;
75112_2055_00041_a;75112_2055;41;a;Rue de Citeaux;75012;75112;Paris 12e Arrondissement;;;654543.09;6861262.02;2.380549;48.849796;parcelle;;;PARIS;RUE DE CITEAUX;commune;commune;vrai;
75112_2055_00026_b;75112_2055;26;b;Rue de Citeaux;75012;75112;Paris 12e Arrondissement;;;654580.5;6861165.99;2.381069;48.848935;parcelle;;;PARIS;RUE DE CITEAUX;commune;commune;vrai;
75112_2367_00001;75112_2367;1;;Rue de Cotte;75012;75112;Paris 12e Arrondissement;;;654259.25;6861086.56;2.3767;48.848198;parcelle;;;PARIS;RUE DE COTTE;commune;commune;vrai;
75112_2367_00002;75112_2367;2;;Rue de Cotte;75012;75112;Paris 12e Arrondissement;;;654263.96;6861069.62;2.376766;48.848046;parcelle;;;PARIS;RUE DE COTTE;commune;commune;vrai;
75112_2367_00003;75112_2367;3;;Rue de Cotte;75012;75112;Paris 12e Arrondissement;;;654270.22;6861109.61;2.376847;48.848406;parcelle;;;PARIS;RUE DE COTTE;commune;commune;vrai;
75112_2367_00004;75112_2367;4;;Rue de Cotte;75012;75112;Paris 12e Arrondissement;;;654275.15;6861093.22;2.376916;48.848259;parcelle;;;PARIS;RUE DE COTTE;commune;commune;vrai;
75112_2367_00005;75112_2367;5;;Rue de Cotte;75012;75112;Paris 12e Arrondissement;;;654279.47;6861128.99;2.376971;48.848581;parcelle;;;PARIS;RUE DE COTTE;commune;commune;vrai;
75112_2367_00006;75112_2367;6;;Rue de Cotte;75012;75112;Paris 12e Arrondissement;;;654282.69;6861108.95;2.377017;48.848401;parcelle;;;PARIS;RUE DE COTTE;commune;commune;vrai;
75112_2367_00007;75112_2367;7;;Rue de Cotte;75012;75112;Paris 12e Arrondissement;;;654284.1;6861138.74;2.377033;48.848669;parcelle;;;PARIS;RUE DE COTTE;commune;commune;vrai;
75112_2367_00008;75112_2367;8;;Rue de Cotte;75012;75112;Paris 12e Arrondissement;;;654294.03;6861132.44;2.377169;48.848613;parcelle;;;PARIS;RUE DE COTTE;commune;commune;vrai;
75112_2367_00009;75112_2367;9;;Rue de Cotte;75012;75112;Paris 12e Arrondissement;;;654288.27;6861147.38;2.377089;48.848747;parcelle;;;PARIS;RUE DE COTTE;commune;commune;vrai;
75112_2367_00010;75112_2367;10;;Rue de Cotte;75012;75112;Paris 12e Arrondissement;;;654302.68;6861150.38;2.377285;48.848775;parcelle;;;PARIS;RUE DE COTTE;commune;commune;vrai;
75112_2367_00011;75112_2367;11;;Rue de Cotte;75012;75112;Paris 12e Arrondissement;;;654300.51;6861173.19;2.377253;48.84898;parcelle;;;PARIS;RUE DE COTTE;commune;commune;vrai;
75112_2367_00012;75112_2367;12;;Rue de Cotte;75012;75112;Paris 12e Arrondissement;;;654344.55;6861238.45;2.377846;48.84957;parcelle;;;PARIS;RUE DE COTTE;commune;commune;vrai;
75112_2367_00013;75112_2367;13;;Rue de Cotte;75012;75112;Paris 12e Arrondissement;;;654309.62;6861192.36;2.377375;48.849153;parcelle;;;PARIS;RUE DE COTTE;commune;commune;vrai;
75112_2367_00014;75112_2367;14;;Rue de Cotte;75012;75112;Paris 12e Arrondissement;;;654349.47;6861248.64;2.377912;48.849662;parcelle;;;PARIS;RUE DE COTTE;commune;commune;vrai;
75112_2367_00015;75112_2367;15;;Rue de Cotte;75012;75112;Paris 12e Arrondissement;;;654315.59;6861204.88;2.377455;48.849266;parcelle;;;PARIS;RUE DE COTTE;commune;commune;vrai;
75112_2367_00016;75112_2367;16;;Rue de Cotte;75012;75112;Paris 12e Arrondissement;;;654355.59;6861261.61;2.377994;48.849779;parcelle;;;PARIS;RUE DE COTTE;commune;commune;vrai;
75112_2367_00017;75112_2367;17;;Rue de Cotte;75012;75112;Paris 12e Arrondissement;;;654320.36;6861214.85;2.377519;48.849356;parcelle;;;PARIS;RUE DE COTTE;commune;commune;vrai;
75112_2367_00018;75112_2367;18;;Rue de Cotte;75012;75112;Paris 12e Arrondissement;;;654362.9;6861276.89;2.378092;48.849917;parcelle;;;PARIS;RUE DE COTTE;commune;commune;vrai;
75112_2367_00019;75112_2367;19;;Rue de Cotte;75012;75112;Paris 12e Arrondissement;;;654329.62;6861234.35;2.377643;48.849532;parcelle;;;PARIS;RUE DE COTTE;commune;commune;vrai;
75112_2367_00020;75112_2367;20;;Rue de Cotte;75012;75112;Paris 12e Arrondissement;;;654369.69;6861291.19;2.378183;48.850046;parcelle;;;PARIS;RUE DE COTTE;commune;commune;vrai;
75112_2367_00021;75112_2367;21;;Rue de Cotte;75012;75112;Paris 12e Arrondissement;;;654339.24;6861254.51;2.377772;48.849714;parcelle;;;PARIS;RUE DE COTTE;commune;commune;vrai;
75112_2367_00022;75112_2367;22;;Rue de Cotte;75012;75112;Paris 12e Arrondissement;;;654374.77;6861301.82;2.378251;48.850142;parcelle;;;PARIS;RUE DE COTTE;commune;commune;vrai;
75112_2367_00023;75112_2367;23;;Rue de Cotte;75012;75112;Paris 12e Arrondissement;;;654345.06;6861266.58;2.37785;48.849823;parcelle;;;PARIS;RUE DE COTTE;commune;commune;vrai;
75112_2367_00024;75112_2367;24;;Rue de Cotte;75012;75112;Paris 12e Arrondissement;;;654379.02;6861310.68;2.378308;48.850222;parcelle;;;PARIS;RUE DE COTTE;commune;commune;vrai;
75112_2367_00025;75112_2367;25;;Rue de Cotte;75012;75112;Paris 12e Arrondissement;;;654349.76;6861276.55;2.377913;48.849913;parcelle;;;PARIS;RUE DE COTTE;commune;commune;vrai;
75112_2367_00026;75112_2367;26;;Rue de Cotte;75012;75112;Paris 12e Arrondissement;;;654384.09;6861321.32;2.378376;48.850318;parcelle;;;PARIS;RUE DE COTTE;commune;commune;vrai;
75112_2367_00027;75112_2367;27;;Rue de Cotte;75012;75112;Paris 12e Arrondissement;;;654356.78;6861291.29;2.378007;48.850046;parcelle;;;PARIS;RUE DE COTTE;commune;commune;vrai;
75112_2367_00028;75112_2367;28;;Rue de Cotte;75012;75112;Paris 12e Arrondissement;;;654390.73;6861335.28;2.378465;48.850444;parcelle;;;PARIS;RUE DE COTTE;commune;commune;vrai;
75112_2367_00029;75112_2367;29;;Rue de Cotte;75012;75112;Paris 12e Arrondissement;;;654367.15;6861313;2.378146;48.850242;parcelle;;;PARIS;RUE DE COTTE;commune;commune;vrai;
75112_2367_00031;75112_2367;31;;Rue de Cotte;75012;75112;Paris 12e Arrondissement;;;654372.75;6861324.74;2.378221;48.850348;parcelle;;;PARIS;RUE DE COTTE;commune;commune;vrai;
75112_2367_00033;75112_2367;33;;Rue de Cotte;75012;75112;Paris 12e Arrondissement;;;654376.25;6861332.05;2.378268;48.850414;parcelle;;;PARIS;RUE DE COTTE;commune;commune;vrai;
75112_2367_00035;75112_2367;35;;Rue de Cotte;75012;75112;Paris 12e Arrondissement;;;654379.76;6861339.48;2.378315;48.850481;parcelle;;;PARIS;RUE DE COTTE;commune;commune;vrai;
75112_2367_00037;75112_2367;37;;Rue de Cotte;75012;75112;Paris 12e Arrondissement;;;654384.16;6861348.56;2.378374;48.850563;parcelle;;;PARIS;RUE DE COTTE;commune;commune;vrai;
75112_2367_00002_b;75112_2367;2;b;Rue de Cotte;75012;75112;Paris 12e Arrondissement;;;654269.25;6861080.7;2.376837;48.848146;parcelle;;;PARIS;RUE DE COTTE;commune;commune;vrai;
75112_2367_00010_b;75112_2367;10;b;Rue de Cotte;75012;75112;Paris 12e Arrondissement;;;654322.49;6861187.03;2.377551;48.849106;parcelle;;;PARIS;RUE DE COTTE;commune;commune;vrai;
75112_2367_00009_bz;75112_2367;9;bz;Rue de Cotte;75012;75112;Paris 12e Arrondissement;;;654292.68;6861156.58;2.377148;48.84883;parcelle;;;PARIS;RUE DE COTTE;commune;commune;vrai;
75112_2367_00011_b;75112_2367;11;b;Rue de Cotte;75012;75112;Paris 12e Arrondissement;;;654304.17;6861180.84;2.377302;48.849049;parcelle;;;PARIS;RUE DE COTTE;commune;commune;vrai;
75112_2367_00009_b;75112_2367;9;b;Rue de Cotte;75012;75112;Paris 12e Arrondissement;;;654291.33;6861153.81;2.37713;48.848805;parcelle;;;PARIS;RUE DE COTTE;commune;commune;vrai;
75112_2367_00010_z;75112_2367;10;z;Rue de Cotte;75012;75112;Paris 12e Arrondissement;;;654304.25;6861153.48;2.377306;48.848803;parcelle;;;PARIS;RUE DE COTTE;commune;commune;vrai;
75112_2367_00019_b;75112_2367;19;b;Rue de Cotte;75012;75112;Paris 12e Arrondissement;;;654333.87;6861243.21;2.3777;48.849612;parcelle;;;PARIS;RUE DE COTTE;commune;commune;vrai;
75112_0877_00001;75112_0877;1;;Boulevard de Bercy;75012;75112;Paris 12e Arrondissement;;;654212.61;6860078.93;2.376173;48.839133;parcelle;;;PARIS;BOULEVARD DE BERCY;commune;commune;vrai;
75112_0877_00003;75112_0877;3;;Boulevard de Bercy;75012;75112;Paris 12e Arrondissement;;;654303.92;6860153.6;2.377409;48.839811;parcelle;;;PARIS;BOULEVARD DE BERCY;commune;commune;vrai;
75112_0877_00005;75112_0877;5;;Boulevard de Bercy;75012;75112;Paris 12e Arrondissement;;;654361.77;6860200.74;2.378192;48.840239;parcelle;;;PARIS;BOULEVARD DE BERCY;commune;commune;vrai;
75112_3981_00001;75112_3981;1;;Passage Gatbois;75012;75112;Paris 12e Arrondissement;;;654322.57;6860610.69;2.377614;48.843923;parcelle;;;PARIS;PASSAGE GATBOIS;commune;commune;vrai;
75112_3981_00002;75112_3981;2;;Passage Gatbois;75012;75112;Paris 12e Arrondissement;;;654333.7;6860607.05;2.377766;48.843891;parcelle;;;PARIS;PASSAGE GATBOIS;commune;commune;vrai;
75112_3981_00008;75112_3981;8;;Passage Gatbois;75012;75112;Paris 12e Arrondissement;;;654375.59;6860633.18;2.378334;48.844129;parcelle;;;PARIS;PASSAGE GATBOIS;commune;commune;vrai;
75112_3981_00009;75112_3981;9;;Passage Gatbois;75012;75112;Paris 12e Arrondissement;;;654393.6;6860655.06;2.378577;48.844327;parcelle;;;PARIS;PASSAGE GATBOIS;commune;commune;vrai;
75112_3981_00010;75112_3981;10;;Passage Gatbois;75012;75112;Paris 12e Arrondissement;;;654407.53;6860653.28;2.378767;48.844312;parcelle;;;PARIS;PASSAGE GATBOIS;commune;commune;vrai;
75112_3981_00011;75112_3981;11;;Passage Gatbois;75012;75112;Paris 12e Arrondissement;;;654406.88;6860663.29;2.378757;48.844402;parcelle;;;PARIS;PASSAGE GATBOIS;commune;commune;vrai;
75112_3981_00012;75112_3981;12;;Passage Gatbois;75012;75112;Paris 12e Arrondissement;;;654428.7;6860666.35;2.379054;48.844431;parcelle;;;PARIS;PASSAGE GATBOIS;commune;commune;vrai;
75112_3981_00013;75112_3981;13;;Passage Gatbois;75012;75112;Paris 12e Arrondissement;;;654416.98;6860669.55;2.378894;48.844459;parcelle;;;PARIS;PASSAGE GATBOIS;commune;commune;vrai;
75112_3981_00014;75112_3981;14;;Passage Gatbois;75012;75112;Paris 12e Arrondissement;;;654451.27;6860680.4;2.37936;48.844559;parcelle;;;PARIS;PASSAGE GATBOIS;commune;commune;vrai;
75112_3981_00015;75112_3981;15;;Passage Gatbois;75012;75112;Paris 12e Arrondissement;;;654433.87;6860680.09;2.379123;48.844555;parcelle;;;PARIS;PASSAGE GATBOIS;commune;commune;vrai;
75112_3981_00016;75112_3981;16;;Passage Gatbois;75012;75112;Paris 12e Arrondissement;;;654482.17;6860699.73;2.379779;48.844735;parcelle;;;PARIS;PASSAGE GATBOIS;commune;commune;vrai;
75112_3981_00017;75112_3981;17;;Passage Gatbois;75012;75112;Paris 12e Arrondissement;;;654446.48;6860688;2.379294;48.844627;parcelle;;;PARIS;PASSAGE GATBOIS;commune;commune;vrai;
75112_3981_00019;75112_3981;19;;Passage Gatbois;75012;75112;Paris 12e Arrondissement;;;654457.32;6860694.81;2.379441;48.844689;parcelle;;;PARIS;PASSAGE GATBOIS;commune;commune;vrai;
75112_3981_00021;75112_3981;21;;Passage Gatbois;75012;75112;Paris 12e Arrondissement;;;654471.19;6860703.38;2.379629;48.844767;parcelle;;;PARIS;PASSAGE GATBOIS;commune;commune;vrai;
75112_3981_00023;75112_3981;23;;Passage Gatbois;75012;75112;Paris 12e Arrondissement;;;654484.47;6860711.72;2.379809;48.844843;parcelle;;;PARIS;PASSAGE GATBOIS;commune;commune;vrai;
75112_3981_00004_p;75112_3981;4;p;Passage Gatbois;75012;75112;Paris 12e Arrondissement;;;654346.75;6860615.17;2.377943;48.843965;parcelle;;;PARIS;PASSAGE GATBOIS;commune;commune;vrai;
75112_3981_00010_b;75112_3981;10;b;Passage Gatbois;75012;75112;Paris 12e Arrondissement;;;654417.49;6860659.43;2.378902;48.844368;parcelle;;;PARIS;PASSAGE GATBOIS;commune;commune;vrai;
75112_3981_00012_b;75112_3981;12;b;Passage Gatbois;75012;75112;Paris 12e Arrondissement;;;654440.13;6860673.48;2.379209;48.844496;parcelle;;;PARIS;PASSAGE GATBOIS;commune;commune;vrai;
75112_3981_00005_p;75112_3981;5;p;Passage Gatbois;75012;75112;Paris 12e Arrondissement;;;654341.6;6860622.55;2.377872;48.844031;parcelle;;;PARIS;PASSAGE GATBOIS;commune;commune;vrai;
75112_3981_00003_p2;75112_3981;3;p2;Passage Gatbois;75012;75112;Paris 12e Arrondissement;;;654333.41;6860617.5;2.377761;48.843985;parcelle;;;PARIS;PASSAGE GATBOIS;commune;commune;vrai;
75112_3981_00001_s1;75112_3981;1;s1;Passage Gatbois;75012;75112;Paris 12e Arrondissement;;;654327.03;6860608.66;2.377675;48.843905;parcelle;;;PARIS;PASSAGE GATBOIS;commune;commune;vrai;
75112_3981_00002_s1;75112_3981;2;s1;Passage Gatbois;75012;75112;Paris 12e Arrondissement;;;654337.64;6860612.91;2.377819;48.843944;parcelle;;;PARIS;PASSAGE GATBOIS;commune;commune;vrai;
75112_0588_00001;75112_0588;1;;Rue d'Austerlitz;75012;75112;Paris 12e Arrondissement;;;653762.68;6860918.26;2.369952;48.846649;parcelle;;;PARIS;RUE D AUSTERLITZ;commune;commune;vrai;
75112_0588_00002;75112_0588;2;;Rue d'Austerlitz;75012;75112;Paris 12e Arrondissement;;;653768.35;6860911.76;2.37003;48.846591;parcelle;;;PARIS;RUE D AUSTERLITZ;commune;commune;vrai;
75112_0588_00003;75112_0588;3;;Rue d'Austerlitz;75012;75112;Paris 12e Arrondissement;;;653781.31;6860935.46;2.370204;48.846805;parcelle;;;PARIS;RUE D AUSTERLITZ;commune;commune;vrai;
75112_0588_00004;75112_0588;4;;Rue d'Austerlitz;75012;75112;Paris 12e Arrondissement;;;653777.74;6860920.36;2.370157;48.846669;parcelle;;;PARIS;RUE D AUSTERLITZ;commune;commune;vrai;
75112_0588_00005;75112_0588;5;;Rue d'Austerlitz;75012;75112;Paris 12e Arrondissement;;;653789.96;6860943.39;2.370321;48.846877;parcelle;;;PARIS;RUE D AUSTERLITZ;commune;commune;vrai;
75112_0588_00006;75112_0588;6;;Rue d'Austerlitz;75012;75112;Paris 12e Arrondissement;;;653785.14;6860927.2;2.370257;48.846731;parcelle;;;PARIS;RUE D AUSTERLITZ;commune;commune;vrai;
75112_0588_00007;75112_0588;7;;Rue d'Austerlitz;75012;75112;Paris 12e Arrondissement;;;653798.61;6860951.44;2.370438;48.84695;parcelle;;;PARIS;RUE D AUSTERLITZ;commune;commune;vrai;
75112_0588_00008;75112_0588;8;;Rue d'Austerlitz;75012;75112;Paris 12e Arrondissement;;;653792.53;6860933.92;2.370357;48.846792;parcelle;;;PARIS;RUE D AUSTERLITZ;commune;commune;vrai;
75112_0588_00009;75112_0588;9;;Rue d'Austerlitz;75012;75112;Paris 12e Arrondissement;;;653807.26;6860959.38;2.370555;48.847022;parcelle;;;PARIS;RUE D AUSTERLITZ;commune;commune;vrai;
75112_0588_00010;75112_0588;10;;Rue d'Austerlitz;75012;75112;Paris 12e Arrondissement;;;653804.29;6860944.73;2.370516;48.84689;parcelle;;;PARIS;RUE D AUSTERLITZ;commune;commune;vrai;
75112_0588_00011;75112_0588;11;;Rue d'Austerlitz;75012;75112;Paris 12e Arrondissement;;;653814.14;6860965.66;2.370648;48.847079;parcelle;;;PARIS;RUE D AUSTERLITZ;commune;commune;vrai;
75112_0588_00012;75112_0588;12;;Rue d'Austerlitz;75012;75112;Paris 12e Arrondissement;;;653815.3;6860954.87;2.370665;48.846982;parcelle;;;PARIS;RUE D AUSTERLITZ;commune;commune;vrai;
75112_0588_00014;75112_0588;14;;Rue d'Austerlitz;75012;75112;Paris 12e Arrondissement;;;653824.62;6860963.47;2.370791;48.84706;parcelle;;;PARIS;RUE D AUSTERLITZ;commune;commune;vrai;
75112_0588_00016;75112_0588;16;;Rue d'Austerlitz;75012;75112;Paris 12e Arrondissement;;;653832.75;6860970.85;2.370901;48.847127;parcelle;;;PARIS;RUE D AUSTERLITZ;commune;commune;vrai;
75112_0588_00017;75112_0588;17;;Rue d'Austerlitz;75012;75112;Paris 12e Arrondissement;;;653828.78;6860979.22;2.370846;48.847202;parcelle;;;PARIS;RUE D AUSTERLITZ;commune;commune;vrai;
75112_0588_00018;75112_0588;18;;Rue d'Austerlitz;75012;75112;Paris 12e Arrondissement;;;653844.87;6860981.99;2.371065;48.847228;parcelle;;;PARIS;RUE D AUSTERLITZ;commune;commune;vrai;
75112_0588_00019;75112_0588;19;;Rue d'Austerlitz;75012;75112;Paris 12e Arrondissement;;;653843.05;6860992.34;2.371039;48.847321;parcelle;;;PARIS;RUE D AUSTERLITZ;commune;commune;vrai;
75112_0588_00020;75112_0588;20;;Rue d'Austerlitz;75012;75112;Paris 12e Arrondissement;;;653856.63;6860992.79;2.371224;48.847326;parcelle;;;PARIS;RUE D AUSTERLITZ;commune;commune;vrai;
75112_0588_00021;75112_0588;21;;Rue d'Austerlitz;75012;75112;Paris 12e Arrondissement;;;653855.1;6861003.59;2.371202;48.847423;parcelle;;;PARIS;RUE D AUSTERLITZ;commune;commune;vrai;
75112_0588_00022;75112_0588;22;;Rue d'Austerlitz;75012;75112;Paris 12e Arrondissement;;;653869.94;6861005.03;2.371404;48.847437;parcelle;;;PARIS;RUE D AUSTERLITZ;commune;commune;vrai;
75112_0588_00023;75112_0588;23;;Rue d'Austerlitz;75012;75112;Paris 12e Arrondissement;;;653865.15;6861012.74;2.371338;48.847506;parcelle;;;PARIS;RUE D AUSTERLITZ;commune;commune;vrai;
75112_0588_00001_b;75112_0588;1;b;Rue d'Austerlitz;75012;75112;Paris 12e Arrondissement;;;653772.15;6860926.97;2.37008;48.846728;parcelle;;;PARIS;RUE D AUSTERLITZ;commune;commune;vrai;
75112_1752_00001;75112_1752;1;;Passage du Chantier;75012;75112;Paris 12e Arrondissement;;;653991.47;6861393.03;2.373018;48.850935;parcelle;;;PARIS;PASSAGE DU CHANTIER;commune;commune;vrai;
75112_1752_00002;75112_1752;2;;Passage du Chantier;75012;75112;Paris 12e Arrondissement;;;653997.18;6861391.65;2.373096;48.850923;parcelle;;;PARIS;PASSAGE DU CHANTIER;commune;commune;vrai;
75112_1752_00003;75112_1752;3;;Passage du Chantier;75012;75112;Paris 12e Arrondissement;;;653996.4;6861404.45;2.373084;48.851038;parcelle;;;PARIS;PASSAGE DU CHANTIER;commune;commune;vrai;
75112_1752_00005;75112_1752;5;;Passage du Chantier;75012;75112;Paris 12e Arrondissement;;;654014.52;6861440.66;2.373327;48.851365;parcelle;;;PARIS;PASSAGE DU CHANTIER;commune;commune;vrai;
75112_1752_00007;75112_1752;7;;Passage du Chantier;75012;75112;Paris 12e Arrondissement;;;654022.06;6861456.28;2.373428;48.851506;parcelle;;;PARIS;PASSAGE DU CHANTIER;commune;commune;vrai;
75112_1752_00009;75112_1752;9;;Passage du Chantier;75012;75112;Paris 12e Arrondissement;;;654025;6861466.71;2.373467;48.8516;parcelle;;;PARIS;PASSAGE DU CHANTIER;commune;commune;vrai;
75112_1752_00010;75112_1752;10;;Passage du Chantier;75012;75112;Paris 12e Arrondissement;;;654009.42;6861417.35;2.37326;48.851155;parcelle;;;PARIS;PASSAGE DU CHANTIER;commune;commune;vrai;
75112_1752_00012;75112_1752;12;;Passage du Chantier;75012;75112;Paris 12e Arrondissement;;;654017.25;6861432.86;2.373365;48.851295;parcelle;;;PARIS;PASSAGE DU CHANTIER;commune;commune;vrai;
75112_1752_00014;75112_1752;14;;Passage du Chantier;75012;75112;Paris 12e Arrondissement;;;654020.3;6861438.95;2.373406;48.85135;parcelle;;;PARIS;PASSAGE DU CHANTIER;commune;commune;vrai;
75112_1752_00016;75112_1752;16;;Passage du Chantier;75012;75112;Paris 12e Arrondissement;;;654023.89;6861446.59;2.373454;48.851419;parcelle;;;PARIS;PASSAGE DU CHANTIER;commune;commune;vrai;
75112_1752_00018;75112_1752;18;;Passage du Chantier;75012;75112;Paris 12e Arrondissement;;;654028.81;6861457.12;2.37352;48.851514;parcelle;;;PARIS;PASSAGE DU CHANTIER;commune;commune;vrai;
75112_1752_00020;75112_1752;20;;Passage du Chantier;75012;75112;Paris 12e Arrondissement;;;654037.88;6861480.95;2.373641;48.851729;parcelle;;;PARIS;PASSAGE DU CHANTIER;commune;commune;vrai;
75112_1752_00020_z1;75112_1752;20;z1;Passage du Chantier;75012;75112;Paris 12e Arrondissement;;;654035.46;6861480.64;2.373608;48.851726;parcelle;;;PARIS;PASSAGE DU CHANTIER;commune;commune;vrai;
75112_1752_00003_b;75112_1752;3;b;Passage du Chantier;75012;75112;Paris 12e Arrondissement;;;654003.86;6861419.95;2.373184;48.851178;parcelle;;;PARIS;PASSAGE DU CHANTIER;commune;commune;vrai;
75112_1752_00009_z;75112_1752;9;z;Passage du Chantier;75012;75112;Paris 12e Arrondissement;;;654038.32;6861489.74;2.373646;48.851808;parcelle;;;PARIS;PASSAGE DU CHANTIER;commune;commune;vrai;
75112_1752_00018_p;75112_1752;18;p;Passage du Chantier;75012;75112;Paris 12e Arrondissement;;;654028.48;6861470.69;2.373514;48.851636;parcelle;;;PARIS;PASSAGE DU CHANTIER;commune;commune;vrai;
75112_1752_00018_z1;75112_1752;18;z1;Passage du Chantier;75012;75112;Paris 12e Arrondissement;;;654030.45;6861469.11;2.373541;48.851622;parcelle;;;PARIS;PASSAGE DU CHANTIER;commune;commune;vrai;
75112_1752_00020_p2;75112_1752;20;p2;Passage du Chantier;75012;75112;Paris 12e Arrondissement;;;654032.97;6861482.1;2.373574;48.851739;parcelle;;;PARIS;PASSAGE DU CHANTIER;commune;commune;vrai;
75112_1752_00001_z1;75112_1752;1;z1;Passage du Chantier;75012;75112;Paris 12e Arrondissement;;;653988.89;6861382.82;2.372984;48.850843;parcelle;;;PARIS;PASSAGE DU CHANTIER;commune;commune;vrai;
75112_1752_00020_p1;75112_1752;20;p1;Passage du Chantier;75012;75112;Paris 12e Arrondissement;;;654030.73;6861476.34;2.373544;48.851687;parcelle;;;PARIS;PASSAGE DU CHANTIER;commune;commune;vrai;
75112_7783_00001;75112_7783;1;;Rue de Prague;75012;75112;Paris 12e Arrondissement;;;654199.73;6861132.74;2.375884;48.848609;parcelle;;;PARIS;RUE DE PRAGUE;commune;commune;vrai;
75112_7783_00002;75112_7783;2;;Rue de Prague;75012;75112;Paris 12e Arrondissement;;;654224.45;6861103.52;2.376224;48.848348;parcelle;;;PARIS;RUE DE PRAGUE;commune;commune;vrai;
75112_7783_00003;75112_7783;3;;Rue de Prague;75012;75112;Paris 12e Arrondissement;;;654198.18;6861149.98;2.375861;48.848764;parcelle;;;PARIS;RUE DE PRAGUE;commune;commune;vrai;
75112_7783_00004;75112_7783;4;;Rue de Prague;75012;75112;Paris 12e Arrondissement;;;654223.71;6861111.97;2.376213;48.848424;parcelle;;;PARIS;RUE DE PRAGUE;commune;commune;vrai;
75112_7783_00005;75112_7783;5;;Rue de Prague;75012;75112;Paris 12e Arrondissement;;;654197.17;6861162.11;2.375846;48.848873;parcelle;;;PARIS;RUE DE PRAGUE;commune;commune;vrai;
75112_7783_00006;75112_7783;6;;Rue de Prague;75012;75112;Paris 12e Arrondissement;;;654219.8;6861156.37;2.376155;48.848823;parcelle;;;PARIS;RUE DE PRAGUE;commune;commune;vrai;
75112_7783_00007;75112_7783;7;;Rue de Prague;75012;75112;Paris 12e Arrondissement;;;654193.87;6861199.5;2.375797;48.849209;parcelle;;;PARIS;RUE DE PRAGUE;commune;commune;vrai;
75112_7783_00008;75112_7783;8;;Rue de Prague;75012;75112;Paris 12e Arrondissement;;;654211.24;6861252.74;2.376028;48.849689;parcelle;;;PARIS;RUE DE PRAGUE;commune;commune;vrai;
75112_7783_00009;75112_7783;9;;Rue de Prague;75012;75112;Paris 12e Arrondissement;;;654192.32;6861217.08;2.375774;48.849367;parcelle;;;PARIS;RUE DE PRAGUE;commune;commune;vrai;
75112_7783_00010;75112_7783;10;;Rue de Prague;75012;75112;Paris 12e Arrondissement;;;654202.56;6861351.33;2.375899;48.850575;parcelle;;;PARIS;RUE DE PRAGUE;commune;commune;vrai;
75112_7783_00011;75112_7783;11;;Rue de Prague;75012;75112;Paris 12e Arrondissement;;;654190.97;6861231.88;2.375754;48.8495;parcelle;;;PARIS;RUE DE PRAGUE;commune;commune;vrai;
75112_7783_00012;75112_7783;12;;Rue de Prague;75012;75112;Paris 12e Arrondissement;;;654201.97;6861361.23;2.37589;48.850664;parcelle;;;PARIS;RUE DE PRAGUE;commune;commune;vrai;
75112_7783_00013;75112_7783;13;;Rue de Prague;75012;75112;Paris 12e Arrondissement;;;654189.63;6861247.35;2.375734;48.849639;parcelle;;;PARIS;RUE DE PRAGUE;commune;commune;vrai;
75112_7783_00015;75112_7783;15;;Rue de Prague;75012;75112;Paris 12e Arrondissement;;;654188.28;6861262.82;2.375714;48.849778;parcelle;;;PARIS;RUE DE PRAGUE;commune;commune;vrai;
75112_7783_00017;75112_7783;17;;Rue de Prague;75012;75112;Paris 12e Arrondissement;;;654187;6861277.17;2.375695;48.849907;parcelle;;;PARIS;RUE DE PRAGUE;commune;commune;vrai;
75112_7783_00019;75112_7783;19;;Rue de Prague;75012;75112;Paris 12e Arrondissement;;;654184.98;6861300.54;2.375665;48.850117;parcelle;;;PARIS;RUE DE PRAGUE;commune;commune;vrai;
75112_7783_00005_b;75112_7783;5;b;Rue de Prague;75012;75112;Paris 12e Arrondissement;;;654196.23;6861172.57;2.375832;48.848967;parcelle;;;PARIS;RUE DE PRAGUE;commune;commune;vrai;
75112_7783_00017_b;75112_7783;17;b;Rue de Prague;75012;75112;Paris 12e Arrondissement;;;654186.26;6861286.18;2.375684;48.849988;parcelle;;;PARIS;RUE DE PRAGUE;commune;commune;vrai;
75112_7783_00006_b;75112_7783;6;b;Rue de Prague;75012;75112;Paris 12e Arrondissement;;;654218.79;6861168.06;2.37614;48.848928;parcelle;;;PARIS;RUE DE PRAGUE;commune;commune;vrai;
75112_0881_00120;75112_0881;120;;Rue de Bercy;75012;75112;Paris 12e Arrondissement;;;654406.63;6860258.98;2.378797;48.840766;parcelle;;;PARIS;RUE DE BERCY;commune;commune;vrai;
75112_0881_00122;75112_0881;122;;Rue de Bercy;75012;75112;Paris 12e Arrondissement;;;654382.64;6860279.41;2.378468;48.840948;parcelle;;;PARIS;RUE DE BERCY;commune;commune;vrai;
75112_0881_00124;75112_0881;124;;Rue de Bercy;75012;75112;Paris 12e Arrondissement;;;654358.7;6860305.62;2.378139;48.841182;parcelle;;;PARIS;RUE DE BERCY;commune;commune;vrai;
75112_0881_00126;75112_0881;126;;Rue de Bercy;75012;75112;Paris 12e Arrondissement;;;654347.06;6860318.94;2.377979;48.841301;parcelle;;;PARIS;RUE DE BERCY;commune;commune;vrai;
75112_0881_00128;75112_0881;128;;Rue de Bercy;75012;75112;Paris 12e Arrondissement;;;654337.71;6860342.92;2.377849;48.841516;parcelle;;;PARIS;RUE DE BERCY;commune;commune;vrai;
75112_0881_00130;75112_0881;130;;Rue de Bercy;75012;75112;Paris 12e Arrondissement;;;654328.16;6860350.89;2.377718;48.841587;parcelle;;;PARIS;RUE DE BERCY;commune;commune;vrai;
75112_0881_00131;75112_0881;131;;Rue de Bercy;75012;75112;Paris 12e Arrondissement;;;654379.58;6860225.73;2.378432;48.840465;parcelle;;;PARIS;RUE DE BERCY;commune;commune;vrai;
75112_0881_00132;75112_0881;132;;Rue de Bercy;75012;75112;Paris 12e Arrondissement;;;654318.6;6860358.75;2.377587;48.841657;parcelle;;;PARIS;RUE DE BERCY;commune;commune;vrai;
75112_0881_00133;75112_0881;133;;Rue de Bercy;75012;75112;Paris 12e Arrondissement;;;654374.9;6860246.56;2.378366;48.840652;parcelle;;;PARIS;RUE DE BERCY;commune;commune;vrai;
75112_0881_00134;75112_0881;134;;Rue de Bercy;75012;75112;Paris 12e Arrondissement;;;654308.69;6860367.06;2.377451;48.841731;parcelle;;;PARIS;RUE DE BERCY;commune;commune;vrai;
75112_0881_00135;75112_0881;135;;Rue de Bercy;75012;75112;Paris 12e Arrondissement;;;654365.52;6860266.87;2.378236;48.840834;parcelle;;;PARIS;RUE DE BERCY;commune;commune;vrai;
75112_0881_00136;75112_0881;136;;Rue de Bercy;75012;75112;Paris 12e Arrondissement;;;654299.14;6860375.36;2.37732;48.841805;parcelle;;;PARIS;RUE DE BERCY;commune;commune;vrai;
75112_0881_00137;75112_0881;137;;Rue de Bercy;75012;75112;Paris 12e Arrondissement;;;654359.62;6860273.36;2.378155;48.840892;parcelle;;;PARIS;RUE DE BERCY;commune;commune;vrai;
75112_0881_00138;75112_0881;138;;Rue de Bercy;75012;75112;Paris 12e Arrondissement;;;654290.25;6860383.22;2.377198;48.841875;parcelle;;;PARIS;RUE DE BERCY;commune;commune;vrai;
75112_0881_00139;75112_0881;139;;Rue de Bercy;75012;75112;Paris 12e Arrondissement;;;654343.57;6860285.94;2.377935;48.841004;parcelle;;;PARIS;RUE DE BERCY;commune;commune;vrai;
75112_0881_00140;75112_0881;140;;Rue de Bercy;75012;75112;Paris 12e Arrondissement;;;654279.89;6860391.42;2.377056;48.841948;parcelle;;;PARIS;RUE DE BERCY;commune;commune;vrai;
75112_0881_00141;75112_0881;141;;Rue de Bercy;75012;75112;Paris 12e Arrondissement;;;654319.21;6860296.14;2.377602;48.841094;parcelle;;;PARIS;RUE DE BERCY;commune;commune;vrai;
75112_0881_00142;75112_0881;142;;Rue de Bercy;75012;75112;Paris 12e Arrondissement;;;654270.56;6860399.61;2.376928;48.842021;parcelle;;;PARIS;RUE DE BERCY;commune;commune;vrai;
75112_0881_00143;75112_0881;143;;Rue de Bercy;75012;75112;Paris 12e Arrondissement;;;654306.2;6860312.26;2.377423;48.841238;parcelle;;;PARIS;RUE DE BERCY;commune;commune;vrai;
75112_0881_00144;75112_0881;144;;Rue de Bercy;75012;75112;Paris 12e Arrondissement;;;654260.86;6860407.91;2.376795;48.842095;parcelle;;;PARIS;RUE DE BERCY;commune;commune;vrai;
75112_0881_00145;75112_0881;145;;Rue de Bercy;75012;75112;Paris 12e Arrondissement;;;654294.42;6860326.03;2.377261;48.841361;parcelle;;;PARIS;RUE DE BERCY;commune;commune;vrai;
75112_0881_00146;75112_0881;146;;Rue de Bercy;75012;75112;Paris 12e Arrondissement;;;654217.92;6860435.5;2.376207;48.84234;parcelle;;;PARIS;RUE DE BERCY;commune;commune;vrai;
75112_0881_00147;75112_0881;147;;Rue de Bercy;75012;75112;Paris 12e Arrondissement;;;654283.4;6860344.02;2.377109;48.841522;parcelle;;;PARIS;RUE DE BERCY;commune;commune;vrai;
75112_0881_00148;75112_0881;148;;Rue de Bercy;75012;75112;Paris 12e Arrondissement;;;654208.23;6860443.58;2.376074;48.842412;parcelle;;;PARIS;RUE DE BERCY;commune;commune;vrai;
75112_0881_00149;75112_0881;149;;Rue de Bercy;75012;75112;Paris 12e Arrondissement;;;654270.58;6860356.24;2.376933;48.841631;parcelle;;;PARIS;RUE DE BERCY;commune;commune;vrai;
75112_0881_00150;75112_0881;150;;Rue de Bercy;75012;75112;Paris 12e Arrondissement;;;654198.75;6860451.66;2.375944;48.842484;parcelle;;;PARIS;RUE DE BERCY;commune;commune;vrai;
75112_0881_00151;75112_0881;151;;Rue de Bercy;75012;75112;Paris 12e Arrondissement;;;654260.01;6860365.66;2.376788;48.841715;parcelle;;;PARIS;RUE DE BERCY;commune;commune;vrai;
75112_0881_00152;75112_0881;152;;Rue de Bercy;75012;75112;Paris 12e Arrondissement;;;654187.3;6860461.31;2.375787;48.84257;parcelle;;;PARIS;RUE DE BERCY;commune;commune;vrai;
75112_0881_00153;75112_0881;153;;Rue de Bercy;75012;75112;Paris 12e Arrondissement;;;654247.69;6860375.99;2.376619;48.841807;parcelle;;;PARIS;RUE DE BERCY;commune;commune;vrai;
75112_0881_00154;75112_0881;154;;Rue de Bercy;75012;75112;Paris 12e Arrondissement;;;654180.16;6860467.37;2.375689;48.842624;parcelle;;;PARIS;RUE DE BERCY;commune;commune;vrai;
75112_0881_00155;75112_0881;155;;Rue de Bercy;75012;75112;Paris 12e Arrondissement;;;654235.88;6860385.87;2.376457;48.841895;parcelle;;;PARIS;RUE DE BERCY;commune;commune;vrai;
75112_0881_00156;75112_0881;156;;Rue de Bercy;75012;75112;Paris 12e Arrondissement;;;654170.9;6860475.23;2.375562;48.842694;parcelle;;;PARIS;RUE DE BERCY;commune;commune;vrai;
75112_0881_00157;75112_0881;157;;Rue de Bercy;75012;75112;Paris 12e Arrondissement;;;654198.94;6860410.85;2.375951;48.842117;parcelle;;;PARIS;RUE DE BERCY;commune;commune;vrai;
75112_0881_00158;75112_0881;158;;Rue de Bercy;75012;75112;Paris 12e Arrondissement;;;654160.62;6860483.87;2.375421;48.842771;parcelle;;;PARIS;RUE DE BERCY;commune;commune;vrai;
75112_0881_00159;75112_0881;159;;Rue de Bercy;75012;75112;Paris 12e Arrondissement;;;654192.64;6860422.24;2.375864;48.842219;parcelle;;;PARIS;RUE DE BERCY;commune;commune;vrai;
75112_0881_00160;75112_0881;160;;Rue de Bercy;75012;75112;Paris 12e Arrondissement;;;654150.7;6860492.29;2.375285;48.842846;parcelle;;;PARIS;RUE DE BERCY;commune;commune;vrai;
75112_0881_00161;75112_0881;161;;Rue de Bercy;75012;75112;Paris 12e Arrondissement;;;654183.13;6860435.44;2.375733;48.842337;parcelle;;;PARIS;RUE DE BERCY;commune;commune;vrai;
75112_0881_00162;75112_0881;162;;Rue de Bercy;75012;75112;Paris 12e Arrondissement;;;654137.8;6860503.18;2.375108;48.842943;parcelle;;;PARIS;RUE DE BERCY;commune;commune;vrai;
75112_0881_00163;75112_0881;163;;Rue de Bercy;75012;75112;Paris 12e Arrondissement;;;654171.18;6860445.98;2.375569;48.842431;parcelle;;;PARIS;RUE DE BERCY;commune;commune;vrai;
75112_0881_00164;75112_0881;164;;Rue de Bercy;75012;75112;Paris 12e Arrondissement;;;654126.86;6860512.5;2.374958;48.843026;parcelle;;;PARIS;RUE DE BERCY;commune;commune;vrai;
75112_0881_00165;75112_0881;165;;Rue de Bercy;75012;75112;Paris 12e Arrondissement;;;654158.71;6860456.09;2.375398;48.842521;parcelle;;;PARIS;RUE DE BERCY;commune;commune;vrai;
75112_0881_00166;75112_0881;166;;Rue de Bercy;75012;75112;Paris 12e Arrondissement;;;654114.76;6860522.71;2.374792;48.843117;parcelle;;;PARIS;RUE DE BERCY;commune;commune;vrai;
75112_0881_00167;75112_0881;167;;Rue de Bercy;75012;75112;Paris 12e Arrondissement;;;654147.11;6860465.74;2.375239;48.842607;parcelle;;;PARIS;RUE DE BERCY;commune;commune;vrai;
75112_0881_00168;75112_0881;168;;Rue de Bercy;75012;75112;Paris 12e Arrondissement;;;654105.86;6860530.23;2.37467;48.843184;parcelle;;;PARIS;RUE DE BERCY;commune;commune;vrai;
75112_0881_00169;75112_0881;169;;Rue de Bercy;75012;75112;Paris 12e Arrondissement;;;654133.48;6860477.08;2.375052;48.842708;parcelle;;;PARIS;RUE DE BERCY;commune;commune;vrai;
75112_0881_00170;75112_0881;170;;Rue de Bercy;75012;75112;Paris 12e Arrondissement;;;654097.04;6860537.64;2.374549;48.84325;parcelle;;;PARIS;RUE DE BERCY;commune;commune;vrai;
75112_0881_00171;75112_0881;171;;Rue de Bercy;75012;75112;Paris 12e Arrondissement;;;654120.28;6860488.42;2.374871;48.842809;parcelle;;;PARIS;RUE DE BERCY;commune;commune;vrai;
75112_0881_00172;75112_0881;172;;Rue de Bercy;75012;75112;Paris 12e Arrondissement;;;654070.72;6860559.98;2.374188;48.843449;parcelle;;;PARIS;RUE DE BERCY;commune;commune;vrai;
75112_0881_00173;75112_0881;173;;Rue de Bercy;75012;75112;Paris 12e Arrondissement;;;654118.74;6860496.77;2.374849;48.842884;parcelle;;;PARIS;RUE DE BERCY;commune;commune;vrai;
75112_0881_00174;75112_0881;174;;Rue de Bercy;75012;75112;Paris 12e Arrondissement;;;654054.32;6860573.78;2.373963;48.843572;parcelle;;;PARIS;RUE DE BERCY;commune;commune;vrai;
75112_0881_00175;75112_0881;175;;Rue de Bercy;75012;75112;Paris 12e Arrondissement;;;654110.26;6860501.84;2.374733;48.842929;parcelle;;;PARIS;RUE DE BERCY;commune;commune;vrai;
75112_0881_00176;75112_0881;176;;Rue de Bercy;75012;75112;Paris 12e Arrondissement;;;654036.24;6860589.05;2.373715;48.843708;parcelle;;;PARIS;RUE DE BERCY;commune;commune;vrai;
75112_0881_00177;75112_0881;177;;Rue de Bercy;75012;75112;Paris 12e Arrondissement;;;654078.04;6860519.89;2.374292;48.843089;parcelle;;;PARIS;RUE DE BERCY;commune;commune;vrai;
75112_0881_00178;75112_0881;178;;Rue de Bercy;75012;75112;Paris 12e Arrondissement;;;654019.54;6860603.19;2.373486;48.843834;parcelle;;;PARIS;RUE DE BERCY;commune;commune;vrai;
75112_0881_00179;75112_0881;179;;Rue de Bercy;75012;75112;Paris 12e Arrondissement;;;654068.34;6860528.08;2.374159;48.843162;parcelle;;;PARIS;RUE DE BERCY;commune;commune;vrai;
75112_0881_00180;75112_0881;180;;Rue de Bercy;75012;75112;Paris 12e Arrondissement;;;654008.84;6860614.18;2.373339;48.843932;parcelle;;;PARIS;RUE DE BERCY;commune;commune;vrai;
75112_0881_00181;75112_0881;181;;Rue de Bercy;75012;75112;Paris 12e Arrondissement;;;654060.76;6860534.48;2.374055;48.843219;parcelle;;;PARIS;RUE DE BERCY;commune;commune;vrai;
75112_0881_00182;75112_0881;182;;Rue de Bercy;75012;75112;Paris 12e Arrondissement;;;653986.88;6860630.81;2.373038;48.84408;parcelle;;;PARIS;RUE DE BERCY;commune;commune;vrai;
75112_0881_00183;75112_0881;183;;Rue de Bercy;75012;75112;Paris 12e Arrondissement;;;654051.72;6860542.11;2.373931;48.843287;parcelle;;;PARIS;RUE DE BERCY;commune;commune;vrai;
75112_0881_00184;75112_0881;184;;Rue de Bercy;75012;75112;Paris 12e Arrondissement;;;653975.29;6860640.57;2.372879;48.844167;parcelle;;;PARIS;RUE DE BERCY;commune;commune;vrai;
75112_0881_00185;75112_0881;185;;Rue de Bercy;75012;75112;Paris 12e Arrondissement;;;654040.13;6860551.77;2.373772;48.843373;parcelle;;;PARIS;RUE DE BERCY;commune;commune;vrai;
75112_0881_00186;75112_0881;186;;Rue de Bercy;75012;75112;Paris 12e Arrondissement;;;653959.98;6860653.59;2.372669;48.844283;parcelle;;;PARIS;RUE DE BERCY;commune;commune;vrai;
75112_0881_00187;75112_0881;187;;Rue de Bercy;75012;75112;Paris 12e Arrondissement;;;654014.86;6860558.53;2.373427;48.843432;parcelle;;;PARIS;RUE DE BERCY;commune;commune;vrai;
75112_0881_00188;75112_0881;188;;Rue de Bercy;75012;75112;Paris 12e Arrondissement;;;653949;6860666.36;2.372518;48.844397;parcelle;;;PARIS;RUE DE BERCY;commune;commune;vrai;
75112_0881_00189;75112_0881;189;;Rue de Bercy;75012;75112;Paris 12e Arrondissement;;;654001.97;6860571.86;2.37325;48.843551;parcelle;;;PARIS;RUE DE BERCY;commune;commune;vrai;
75112_0881_00190;75112_0881;190;;Rue de Bercy;75012;75112;Paris 12e Arrondissement;;;653943.27;6860674.52;2.372439;48.84447;parcelle;;;PARIS;RUE DE BERCY;commune;commune;vrai;
75112_0881_00191;75112_0881;191;;Rue de Bercy;75012;75112;Paris 12e Arrondissement;;;653985.53;6860589.9;2.373024;48.843712;parcelle;;;PARIS;RUE DE BERCY;commune;commune;vrai;
75112_0881_00192;75112_0881;192;;Rue de Bercy;75012;75112;Paris 12e Arrondissement;;;653937.1;6860683.24;2.372354;48.844548;parcelle;;;PARIS;RUE DE BERCY;commune;commune;vrai;
75112_0881_00193;75112_0881;193;;Rue de Bercy;75012;75112;Paris 12e Arrondissement;;;653969.09;6860608.27;2.372798;48.843876;parcelle;;;PARIS;RUE DE BERCY;commune;commune;vrai;
75112_0881_00194;75112_0881;194;;Rue de Bercy;75012;75112;Paris 12e Arrondissement;;;653930.42;6860692.64;2.372262;48.844632;parcelle;;;PARIS;RUE DE BERCY;commune;commune;vrai;
75112_0881_00195;75112_0881;195;;Rue de Bercy;75012;75112;Paris 12e Arrondissement;;;653957.52;6860621.7;2.372639;48.843996;parcelle;;;PARIS;RUE DE BERCY;commune;commune;vrai;
75112_0881_00196;75112_0881;196;;Rue de Bercy;75012;75112;Paris 12e Arrondissement;;;653924.98;6860700.24;2.372187;48.8447;parcelle;;;PARIS;RUE DE BERCY;commune;commune;vrai;
75112_0881_00197;75112_0881;197;;Rue de Bercy;75012;75112;Paris 12e Arrondissement;;;653946.47;6860633.8;2.372487;48.844104;parcelle;;;PARIS;RUE DE BERCY;commune;commune;vrai;
75112_0881_00198;75112_0881;198;;Rue de Bercy;75012;75112;Paris 12e Arrondissement;;;653920.18;6860706.95;2.372121;48.84476;parcelle;;;PARIS;RUE DE BERCY;commune;commune;vrai;
75112_0881_00200;75112_0881;200;;Rue de Bercy;75012;75112;Paris 12e Arrondissement;;;653914.96;6860714.33;2.372049;48.844826;parcelle;;;PARIS;RUE DE BERCY;commune;commune;vrai;
75112_0881_00201;75112_0881;201;;Rue de Bercy;75012;75112;Paris 12e Arrondissement;;;653914.21;6860675.75;2.372043;48.844479;parcelle;;;PARIS;RUE DE BERCY;commune;commune;vrai;
75112_0881_00203;75112_0881;203;;Rue de Bercy;75012;75112;Paris 12e Arrondissement;;;653907.12;6860678.92;2.371946;48.844507;parcelle;;;PARIS;RUE DE BERCY;commune;commune;vrai;
75112_0881_00205;75112_0881;205;;Rue de Bercy;75012;75112;Paris 12e Arrondissement;;;653893.34;6860699.27;2.371756;48.844689;parcelle;;;PARIS;RUE DE BERCY;commune;commune;vrai;
75112_0881_00207;75112_0881;207;;Rue de Bercy;75012;75112;Paris 12e Arrondissement;;;653872.14;6860728.68;2.371464;48.844952;parcelle;;;PARIS;RUE DE BERCY;commune;commune;vrai;
75112_0881_00209;75112_0881;209;;Rue de Bercy;75012;75112;Paris 12e Arrondissement;;;653861.55;6860744.34;2.371318;48.845092;parcelle;;;PARIS;RUE DE BERCY;commune;commune;vrai;
75112_0881_00211;75112_0881;211;;Rue de Bercy;75012;75112;Paris 12e Arrondissement;;;653849.24;6860756.33;2.371149;48.845199;parcelle;;;PARIS;RUE DE BERCY;commune;commune;vrai;
75112_0881_00212;75112_0881;212;;Rue de Bercy;75012;75112;Paris 12e Arrondissement;;;653844.99;6860821.64;2.371084;48.845786;parcelle;;;PARIS;RUE DE BERCY;commune;commune;vrai;
75112_0881_00213;75112_0881;213;;Rue de Bercy;75012;75112;Paris 12e Arrondissement;;;653830.32;6860813.86;2.370885;48.845715;parcelle;;;PARIS;RUE DE BERCY;commune;commune;vrai;
75112_0881_00214;75112_0881;214;;Rue de Bercy;75012;75112;Paris 12e Arrondissement;;;653837.42;6860829.26;2.37098;48.845854;parcelle;;;PARIS;RUE DE BERCY;commune;commune;vrai;
75112_0881_00215;75112_0881;215;;Rue de Bercy;75012;75112;Paris 12e Arrondissement;;;653813.73;6860831.01;2.370657;48.845868;parcelle;;;PARIS;RUE DE BERCY;commune;commune;vrai;
75112_0881_00216;75112_0881;216;;Rue de Bercy;75012;75112;Paris 12e Arrondissement;;;653823.15;6860844.16;2.370784;48.845987;parcelle;;;PARIS;RUE DE BERCY;commune;commune;vrai;
75112_0881_00217;75112_0881;217;;Rue de Bercy;75012;75112;Paris 12e Arrondissement;;;653805.94;6860839.41;2.37055;48.845943;parcelle;;;PARIS;RUE DE BERCY;commune;commune;vrai;
75112_0881_00218;75112_0881;218;;Rue de Bercy;75012;75112;Paris 12e Arrondissement;;;653815.95;6860851.89;2.370685;48.846056;parcelle;;;PARIS;RUE DE BERCY;commune;commune;vrai;
75112_0881_00219;75112_0881;219;;Rue de Bercy;75012;75112;Paris 12e Arrondissement;;;653797.72;6860848.26;2.370437;48.846022;parcelle;;;PARIS;RUE DE BERCY;commune;commune;vrai;
75112_0881_00220;75112_0881;220;;Rue de Bercy;75012;75112;Paris 12e Arrondissement;;;653808.53;6860859.85;2.370583;48.846127;parcelle;;;PARIS;RUE DE BERCY;commune;commune;vrai;
75112_0881_00221;75112_0881;221;;Rue de Bercy;75012;75112;Paris 12e Arrondissement;;;653788.99;6860857.78;2.370317;48.846107;parcelle;;;PARIS;RUE DE BERCY;commune;commune;vrai;
75112_0881_00222;75112_0881;222;;Rue de Bercy;75012;75112;Paris 12e Arrondissement;;;653801.25;6860867.8;2.370483;48.846198;parcelle;;;PARIS;RUE DE BERCY;commune;commune;vrai;
75112_0881_00223;75112_0881;223;;Rue de Bercy;75012;75112;Paris 12e Arrondissement;;;653776.69;6860871;2.370148;48.846225;parcelle;;;PARIS;RUE DE BERCY;commune;commune;vrai;
75112_0881_00224;75112_0881;224;;Rue de Bercy;75012;75112;Paris 12e Arrondissement;;;653793.9;6860875.75;2.370382;48.846269;parcelle;;;PARIS;RUE DE BERCY;commune;commune;vrai;
75112_0881_00225;75112_0881;225;;Rue de Bercy;75012;75112;Paris 12e Arrondissement;;;653767.67;6860880.75;2.370024;48.846312;parcelle;;;PARIS;RUE DE BERCY;commune;commune;vrai;
75112_0881_00226;75112_0881;226;;Rue de Bercy;75012;75112;Paris 12e Arrondissement;;;653786.7;6860883.48;2.370283;48.846338;parcelle;;;PARIS;RUE DE BERCY;commune;commune;vrai;
75112_0881_00227;75112_0881;227;;Rue de Bercy;75012;75112;Paris 12e Arrondissement;;;653745.91;6860904.16;2.369725;48.846521;parcelle;;;PARIS;RUE DE BERCY;commune;commune;vrai;
75112_0881_00228;75112_0881;228;;Rue de Bercy;75012;75112;Paris 12e Arrondissement;;;653779.86;6860890.88;2.370189;48.846404;parcelle;;;PARIS;RUE DE BERCY;commune;commune;vrai;
75112_0881_00229;75112_0881;229;;Rue de Bercy;75012;75112;Paris 12e Arrondissement;;;653739.65;6860910.99;2.369639;48.846582;parcelle;;;PARIS;RUE DE BERCY;commune;commune;vrai;
75112_0881_00230;75112_0881;230;;Rue de Bercy;75012;75112;Paris 12e Arrondissement;;;653771.42;6860900.06;2.370073;48.846486;parcelle;;;PARIS;RUE DE BERCY;commune;commune;vrai;
75112_0881_00231;75112_0881;231;;Rue de Bercy;75012;75112;Paris 12e Arrondissement;;;653734.49;6860916.59;2.369568;48.846632;parcelle;;;PARIS;RUE DE BERCY;commune;commune;vrai;
75112_0881_00232;75112_0881;232;;Rue de Bercy;75012;75112;Paris 12e Arrondissement;;;653766.11;6860905.89;2.37;48.846538;parcelle;;;PARIS;RUE DE BERCY;commune;commune;vrai;
75112_0881_00233;75112_0881;233;;Rue de Bercy;75012;75112;Paris 12e Arrondissement;;;653729.25;6860922.31;2.369496;48.846683;parcelle;;;PARIS;RUE DE BERCY;commune;commune;vrai;
75112_0881_00234;75112_0881;234;;Rue de Bercy;75012;75112;Paris 12e Arrondissement;;;653754.03;6860918.88;2.369834;48.846654;parcelle;;;PARIS;RUE DE BERCY;commune;commune;vrai;
75112_0881_00235;75112_0881;235;;Rue de Bercy;75012;75112;Paris 12e Arrondissement;;;653707.64;6860945.39;2.369199;48.846889;parcelle;;;PARIS;RUE DE BERCY;commune;commune;vrai;
75112_0881_00236;75112_0881;236;;Rue de Bercy;75012;75112;Paris 12e Arrondissement;;;653745.15;6860928.52;2.369712;48.84674;parcelle;;;PARIS;RUE DE BERCY;commune;commune;vrai;
75112_0881_00237;75112_0881;237;;Rue de Bercy;75012;75112;Paris 12e Arrondissement;;;653697.16;6860956.59;2.369055;48.846989;parcelle;;;PARIS;RUE DE BERCY;commune;commune;vrai;
75112_0881_00239;75112_0881;239;;Rue de Bercy;75012;75112;Paris 12e Arrondissement;;;653685.59;6860969.14;2.368896;48.847101;parcelle;;;PARIS;RUE DE BERCY;commune;commune;vrai;
75112_0881_00240;75112_0881;240;;Rue de Bercy;75012;75112;Paris 12e Arrondissement;;;653709.28;6860967.06;2.369219;48.847084;parcelle;;;PARIS;RUE DE BERCY;commune;commune;vrai;
75112_0881_00241;75112_0881;241;;Rue de Bercy;75012;75112;Paris 12e Arrondissement;;;653673.58;6860982.13;2.368731;48.847217;parcelle;;;PARIS;RUE DE BERCY;commune;commune;vrai;
75112_0881_00242;75112_0881;242;;Rue de Bercy;75012;75112;Paris 12e Arrondissement;;;653701.78;6860975.23;2.369116;48.847157;parcelle;;;PARIS;RUE DE BERCY;commune;commune;vrai;
75112_0881_00243;75112_0881;243;;Rue de Bercy;75012;75112;Paris 12e Arrondissement;;;653666.23;6860989.97;2.36863;48.847287;parcelle;;;PARIS;RUE DE BERCY;commune;commune;vrai;
75112_0881_00244;75112_0881;244;;Rue de Bercy;75012;75112;Paris 12e Arrondissement;;;653694.14;6860983.41;2.369011;48.84723;parcelle;;;PARIS;RUE DE BERCY;commune;commune;vrai;
75112_0881_00245;75112_0881;245;;Rue de Bercy;75012;75112;Paris 12e Arrondissement;;;653652.56;6860996.09;2.368443;48.847341;parcelle;;;PARIS;RUE DE BERCY;commune;commune;vrai;
75112_0881_00246;75112_0881;246;;Rue de Bercy;75012;75112;Paris 12e Arrondissement;;;653681.26;6860997.41;2.368834;48.847355;parcelle;;;PARIS;RUE DE BERCY;commune;commune;vrai;
75112_0881_00247;75112_0881;247;;Rue de Bercy;75012;75112;Paris 12e Arrondissement;;;653643.24;6861006.06;2.368315;48.84743;parcelle;;;PARIS;RUE DE BERCY;commune;commune;vrai;
75112_0881_00248;75112_0881;248;;Rue de Bercy;75012;75112;Paris 12e Arrondissement;;;653665.91;6861013.99;2.368623;48.847503;parcelle;;;PARIS;RUE DE BERCY;commune;commune;vrai;
75112_0881_00249;75112_0881;249;;Rue de Bercy;75012;75112;Paris 12e Arrondissement;;;653631.6;6861018.61;2.368155;48.847542;parcelle;;;PARIS;RUE DE BERCY;commune;commune;vrai;
75112_0881_00250;75112_0881;250;;Rue de Bercy;75012;75112;Paris 12e Arrondissement;;;653655.8;6861024.86;2.368484;48.8476;parcelle;;;PARIS;RUE DE BERCY;commune;commune;vrai;
75112_0881_00251;75112_0881;251;;Rue de Bercy;75012;75112;Paris 12e Arrondissement;;;653622.65;6861028.35;2.368032;48.847629;parcelle;;;PARIS;RUE DE BERCY;commune;commune;vrai;
75112_0881_00252;75112_0881;252;;Rue de Bercy;75012;75112;Paris 12e Arrondissement;;;653649.03;6861032.25;2.368391;48.847666;parcelle;;;PARIS;RUE DE BERCY;commune;commune;vrai;
75112_0881_00253;75112_0881;253;;Rue de Bercy;75012;75112;Paris 12e Arrondissement;;;653613.12;6861038.66;2.367901;48.847721;parcelle;;;PARIS;RUE DE BERCY;commune;commune;vrai;
75112_0881_00254;75112_0881;254;;Rue de Bercy;75012;75112;Paris 12e Arrondissement;;;653639.35;6861042.67;2.368258;48.847759;parcelle;;;PARIS;RUE DE BERCY;commune;commune;vrai;
75112_0881_00255;75112_0881;255;;Rue de Bercy;75012;75112;Paris 12e Arrondissement;;;653609.77;6861051.14;2.367854;48.847833;parcelle;;;PARIS;RUE DE BERCY;commune;commune;vrai;
75112_0881_00256;75112_0881;256;;Rue de Bercy;75012;75112;Paris 12e Arrondissement;;;653619.49;6861064.18;2.367985;48.847951;parcelle;;;PARIS;RUE DE BERCY;commune;commune;vrai;
75112_0881_00257;75112_0881;257;;Rue de Bercy;75012;75112;Paris 12e Arrondissement;;;653604.9;6861056.52;2.367787;48.847881;parcelle;;;PARIS;RUE DE BERCY;commune;commune;vrai;
75112_0881_00252_a;75112_0881;252;a;Rue de Bercy;75012;75112;Paris 12e Arrondissement;;;653682.07;6861060.9;2.368838;48.847926;parcelle;;;PARIS;RUE DE BERCY;commune;commune;vrai;
75112_0881_00175_t;75112_0881;175;t;Rue de Bercy;75012;75112;Paris 12e Arrondissement;;;654099.49;6860513.16;2.374585;48.84303;parcelle;;;PARIS;RUE DE BERCY;commune;commune;vrai;
75112_0881_00173_a;75112_0881;173;a;Rue de Bercy;75012;75112;Paris 12e Arrondissement;;;654107.26;6860493.97;2.374693;48.842858;parcelle;;;PARIS;RUE DE BERCY;commune;commune;vrai;
75112_0881_00157_p;75112_0881;157;p;Rue de Bercy;75012;75112;Paris 12e Arrondissement;;;654198.04;6860417.75;2.375938;48.842179;parcelle;;;PARIS;RUE DE BERCY;commune;commune;vrai;
75112_0881_00175_b;75112_0881;175;b;Rue de Bercy;75012;75112;Paris 12e Arrondissement;;;654102.92;6860510.24;2.374632;48.843004;parcelle;;;PARIS;RUE DE BERCY;commune;commune;vrai;
75112_0881_00175_a;75112_0881;175;a;Rue de Bercy;75012;75112;Paris 12e Arrondissement;;;654096.92;6860503.62;2.374551;48.842944;parcelle;;;PARIS;RUE DE BERCY;commune;commune;vrai;
75112_0881_00211_b;75112_0881;211;b;Rue de Bercy;75012;75112;Paris 12e Arrondissement;;;653835.47;6860769.56;2.37096;48.845317;parcelle;;;PARIS;RUE DE BERCY;commune;commune;vrai;
75112_0881_00120_p;75112_0881;120;p;Rue de Bercy;75012;75112;Paris 12e Arrondissement;;;654417.63;6860314.27;2.378941;48.841264;parcelle;;;PARIS;RUE DE BERCY;commune;commune;vrai;
75112_0881_00239_b;75112_0881;239;b;Rue de Bercy;75012;75112;Paris 12e Arrondissement;;;653678.89;6860976.31;2.368804;48.847165;parcelle;;;PARIS;RUE DE BERCY;commune;commune;vrai;
75112_0881_00211_ba;75112_0881;211;ba;Rue de Bercy;75012;75112;Paris 12e Arrondissement;;;653828.81;6860761.72;2.37087;48.845246;parcelle;;;PARIS;RUE DE BERCY;commune;commune;vrai;
75112_0881_00245_p;75112_0881;245;p;Rue de Bercy;75012;75112;Paris 12e Arrondissement;;;653628.08;6860962.92;2.368113;48.847041;parcelle;;;PARIS;RUE DE BERCY;commune;commune;vrai;
75112_0881_00203_t;75112_0881;203;t;Rue de Bercy;75012;75112;Paris 12e Arrondissement;;;653899.44;6860691.1;2.37184;48.844616;parcelle;;;PARIS;RUE DE BERCY;commune;commune;vrai;
75112_1692_00001;75112_1692;1;;Rue Chaligny;75012;75112;Paris 12e Arrondissement;;;654739.88;6860750.86;2.383285;48.845213;parcelle;;;PARIS;RUE CHALIGNY;commune;commune;vrai;
75112_1692_00002;75112_1692;2;;Rue Chaligny;75012;75112;Paris 12e Arrondissement;;;654763.65;6860748.68;2.383609;48.845195;parcelle;;;PARIS;RUE CHALIGNY;commune;commune;vrai;
75112_1692_00003;75112_1692;3;;Rue Chaligny;75012;75112;Paris 12e Arrondissement;;;654741.76;6860765.86;2.383309;48.845348;parcelle;;;PARIS;RUE CHALIGNY;commune;commune;vrai;
75112_1692_00004;75112_1692;4;;Rue Chaligny;75012;75112;Paris 12e Arrondissement;;;654765.68;6860764.34;2.383635;48.845336;parcelle;;;PARIS;RUE CHALIGNY;commune;commune;vrai;
75112_1692_00005;75112_1692;5;;Rue Chaligny;75012;75112;Paris 12e Arrondissement;;;654743.01;6860775.64;2.383325;48.845436;parcelle;;;PARIS;RUE CHALIGNY;commune;commune;vrai;
75112_1692_00006;75112_1692;6;;Rue Chaligny;75012;75112;Paris 12e Arrondissement;;;654766.92;6860773.78;2.383651;48.845421;parcelle;;;PARIS;RUE CHALIGNY;commune;commune;vrai;
75112_1692_00007;75112_1692;7;;Rue Chaligny;75012;75112;Paris 12e Arrondissement;;;654745.28;6860793.3;2.383354;48.845595;parcelle;;;PARIS;RUE CHALIGNY;commune;commune;vrai;
75112_1692_00008;75112_1692;8;;Rue Chaligny;75012;75112;Paris 12e Arrondissement;;;654768.72;6860787.78;2.383674;48.845547;parcelle;;;PARIS;RUE CHALIGNY;commune;commune;vrai;
75112_1692_00009;75112_1692;9;;Rue Chaligny;75012;75112;Paris 12e Arrondissement;;;654747.94;6860814.18;2.383388;48.845783;parcelle;;;PARIS;RUE CHALIGNY;commune;commune;vrai;
75112_1692_00010;75112_1692;10;;Rue Chaligny;75012;75112;Paris 12e Arrondissement;;;654771.14;6860806.55;2.383705;48.845716;parcelle;;;PARIS;RUE CHALIGNY;commune;commune;vrai;
75112_1692_00011;75112_1692;11;;Rue Chaligny;75012;75112;Paris 12e Arrondissement;;;654749.42;6860825.74;2.383407;48.845887;parcelle;;;PARIS;RUE CHALIGNY;commune;commune;vrai;
75112_1692_00012;75112_1692;12;;Rue Chaligny;75012;75112;Paris 12e Arrondissement;;;654775.75;6860842.54;2.383764;48.84604;parcelle;;;PARIS;RUE CHALIGNY;commune;commune;vrai;
75112_1692_00013;75112_1692;13;;Rue Chaligny;75012;75112;Paris 12e Arrondissement;;;654753.02;6860853.73;2.383453;48.846139;parcelle;;;PARIS;RUE CHALIGNY;commune;commune;vrai;
75112_1692_00014;75112_1692;14;;Rue Chaligny;75012;75112;Paris 12e Arrondissement;;;654778.1;6860860.54;2.383794;48.846202;parcelle;;;PARIS;RUE CHALIGNY;commune;commune;vrai;
75112_1692_00015;75112_1692;15;;Rue Chaligny;75012;75112;Paris 12e Arrondissement;;;654755.28;6860871.06;2.383482;48.846295;parcelle;;;PARIS;RUE CHALIGNY;commune;commune;vrai;
75112_1692_00016;75112_1692;16;;Rue Chaligny;75012;75112;Paris 12e Arrondissement;;;654779.27;6860869.65;2.383809;48.846284;parcelle;;;PARIS;RUE CHALIGNY;commune;commune;vrai;
75112_1692_00017;75112_1692;17;;Rue Chaligny;75012;75112;Paris 12e Arrondissement;;;654759.11;6860900.83;2.383531;48.846563;parcelle;;;PARIS;RUE CHALIGNY;commune;commune;vrai;
75112_1692_00018;75112_1692;18;;Rue Chaligny;75012;75112;Paris 12e Arrondissement;;;654781.38;6860886.31;2.383836;48.846434;parcelle;;;PARIS;RUE CHALIGNY;commune;commune;vrai;
75112_1692_00019;75112_1692;19;;Rue Chaligny;75012;75112;Paris 12e Arrondissement;;;654761.3;6860918.05;2.383559;48.846718;parcelle;;;PARIS;RUE CHALIGNY;commune;commune;vrai;
75112_1692_00020;75112_1692;20;;Rue Chaligny;75012;75112;Paris 12e Arrondissement;;;654783.1;6860899.53;2.383858;48.846553;parcelle;;;PARIS;RUE CHALIGNY;commune;commune;vrai;
75112_1692_00021;75112_1692;21;;Rue Chaligny;75012;75112;Paris 12e Arrondissement;;;654790.68;6861147.11;2.383935;48.84878;parcelle;;;PARIS;RUE CHALIGNY;commune;commune;vrai;
75112_1692_00022;75112_1692;22;;Rue Chaligny;75012;75112;Paris 12e Arrondissement;;;654784.97;6860913.86;2.383882;48.846682;parcelle;;;PARIS;RUE CHALIGNY;commune;commune;vrai;
75112_1692_00023;75112_1692;23;;Rue Chaligny;75012;75112;Paris 12e Arrondissement;;;654793.57;6861169.77;2.383972;48.848984;parcelle;;;PARIS;RUE CHALIGNY;commune;commune;vrai;
75112_1692_00024;75112_1692;24;;Rue Chaligny;75012;75112;Paris 12e Arrondissement;;;654786.61;6860926.64;2.383903;48.846797;parcelle;;;PARIS;RUE CHALIGNY;commune;commune;vrai;
75112_1692_00025;75112_1692;25;;Rue Chaligny;75012;75112;Paris 12e Arrondissement;;;654802.4;6861238.87;2.384085;48.849606;parcelle;;;PARIS;RUE CHALIGNY;commune;commune;vrai;
75112_1692_00026;75112_1692;26;;Rue Chaligny;75012;75112;Paris 12e Arrondissement;;;654797.7;6861012.73;2.384045;48.847572;parcelle;;;PARIS;RUE CHALIGNY;commune;commune;vrai;
75112_1692_00027;75112_1692;27;;Rue Chaligny;75012;75112;Paris 12e Arrondissement;;;654803.89;6861250.2;2.384104;48.849708;parcelle;;;PARIS;RUE CHALIGNY;commune;commune;vrai;
75112_1692_00028;75112_1692;28;;Rue Chaligny;75012;75112;Paris 12e Arrondissement;;;654802.4;6861049.61;2.384105;48.847904;parcelle;;;PARIS;RUE CHALIGNY;commune;commune;vrai;
75112_1692_00029;75112_1692;29;;Rue Chaligny;75012;75112;Paris 12e Arrondissement;;;654806.47;6861270.53;2.384137;48.849891;parcelle;;;PARIS;RUE CHALIGNY;commune;commune;vrai;
75112_1692_00030;75112_1692;30;;Rue Chaligny;75012;75112;Paris 12e Arrondissement;;;654806.15;6861078.82;2.384153;48.848167;parcelle;;;PARIS;RUE CHALIGNY;commune;commune;vrai;
75112_1692_00032;75112_1692;32;;Rue Chaligny;75012;75112;Paris 12e Arrondissement;;;654809.51;6861105.04;2.384196;48.848403;parcelle;;;PARIS;RUE CHALIGNY;commune;commune;vrai;
75112_1692_00034;75112_1692;34;;Rue Chaligny;75012;75112;Paris 12e Arrondissement;;;654811.31;6861119.37;2.384219;48.848532;parcelle;;;PARIS;RUE CHALIGNY;commune;commune;vrai;
75112_1692_00036;75112_1692;36;;Rue Chaligny;75012;75112;Paris 12e Arrondissement;;;654816.31;6861158.92;2.384283;48.848888;parcelle;;;PARIS;RUE CHALIGNY;commune;commune;vrai;
75112_1692_00038;75112_1692;38;;Rue Chaligny;75012;75112;Paris 12e Arrondissement;;;654819.05;6861180.47;2.384318;48.849082;parcelle;;;PARIS;RUE CHALIGNY;commune;commune;vrai;
75112_1692_00040;75112_1692;40;;Rue Chaligny;75012;75112;Paris 12e Arrondissement;;;654823.58;6861215.8;2.384376;48.8494;parcelle;;;PARIS;RUE CHALIGNY;commune;commune;vrai;
75112_1692_00042;75112_1692;42;;Rue Chaligny;75012;75112;Paris 12e Arrondissement;;;654826.39;6861238.12;2.384412;48.849601;parcelle;;;PARIS;RUE CHALIGNY;commune;commune;vrai;
75112_1692_00044;75112_1692;44;;Rue Chaligny;75012;75112;Paris 12e Arrondissement;;;654828.5;6861254.34;2.384439;48.849747;parcelle;;;PARIS;RUE CHALIGNY;commune;commune;vrai;
75112_1692_00010_b;75112_1692;10;b;Rue Chaligny;75012;75112;Paris 12e Arrondissement;;;654772.86;6860820.22;2.383727;48.845839;parcelle;;;PARIS;RUE CHALIGNY;commune;commune;vrai;
75112_1692_00019_b;75112_1692;19;b;Rue Chaligny;75012;75112;Paris 12e Arrondissement;;;654780.36;6861066.46;2.383803;48.848054;parcelle;;;PARIS;RUE CHALIGNY;commune;commune;vrai;
75112_1692_00011_b;75112_1692;11;b;Rue Chaligny;75012;75112;Paris 12e Arrondissement;;;654750.98;6860837.73;2.383427;48.845995;parcelle;;;PARIS;RUE CHALIGNY;commune;commune;vrai;
75112_1692_00038_b;75112_1692;38;b;Rue Chaligny;75012;75112;Paris 12e Arrondissement;;;654821.23;6861197.24;2.384346;48.849233;parcelle;;;PARIS;RUE CHALIGNY;commune;commune;vrai;
75112_1692_00015_b;75112_1692;15;b;Rue Chaligny;75012;75112;Paris 12e Arrondissement;;;654756.85;6860883.61;2.383502;48.846408;parcelle;;;PARIS;RUE CHALIGNY;commune;commune;vrai;
75112_1692_00028_b;75112_1692;28;b;Rue Chaligny;75012;75112;Paris 12e Arrondissement;;;654804.43;6861065.61;2.384131;48.848048;parcelle;;;PARIS;RUE CHALIGNY;commune;commune;vrai;
75112_1692_00015_a;75112_1692;15;a;Rue Chaligny;75012;75112;Paris 12e Arrondissement;;;654745.41;6860876.25;2.383347;48.846341;parcelle;;;PARIS;RUE CHALIGNY;commune;commune;vrai;
75112_1692_00030_b;75112_1692;30;b;Rue Chaligny;75012;75112;Paris 12e Arrondissement;;;654807.86;6861092.15;2.384175;48.848287;parcelle;;;PARIS;RUE CHALIGNY;commune;commune;vrai;
75112_1692_00013_b;75112_1692;13;b;Rue Chaligny;75012;75112;Paris 12e Arrondissement;;;654754.66;6860866.39;2.383474;48.846253;parcelle;;;PARIS;RUE CHALIGNY;commune;commune;vrai;
75112_1692_00034_b;75112_1692;34;b;Rue Chaligny;75012;75112;Paris 12e Arrondissement;;;654814.5;6861143.14;2.38426;48.848746;parcelle;;;PARIS;RUE CHALIGNY;commune;commune;vrai;
75112_1692_00034_t;75112_1692;34;t;Rue Chaligny;75012;75112;Paris 12e Arrondissement;;;654814.9;6861147.7;2.384265;48.848787;parcelle;;;PARIS;RUE CHALIGNY;commune;commune;vrai;
75112_5063_00001;75112_5063;1;;Rue Jules César;75012;75112;Paris 12e Arrondissement;;;653650.11;6861167.13;2.368391;48.848879;parcelle;;;PARIS;RUE JULES CESAR;commune;commune;vrai;
75112_5063_00002;75112_5063;2;;Rue Jules César;75012;75112;Paris 12e Arrondissement;;;653641.11;6861152.08;2.36827;48.848743;parcelle;;;PARIS;RUE JULES CESAR;commune;commune;vrai;
75112_5063_00003;75112_5063;3;;Rue Jules César;75012;75112;Paris 12e Arrondissement;;;653664.07;6861168.57;2.368581;48.848893;parcelle;;;PARIS;RUE JULES CESAR;commune;commune;vrai;
75112_5063_00004;75112_5063;4;;Rue Jules César;75012;75112;Paris 12e Arrondissement;;;653658.59;6861153.94;2.368508;48.848761;parcelle;;;PARIS;RUE JULES CESAR;commune;commune;vrai;
75112_5063_00005;75112_5063;5;;Rue Jules César;75012;75112;Paris 12e Arrondissement;;;653674.57;6861169.6;2.368724;48.848903;parcelle;;;PARIS;RUE JULES CESAR;commune;commune;vrai;
75112_5063_00006;75112_5063;6;;Rue Jules César;75012;75112;Paris 12e Arrondissement;;;653668.58;6861154.86;2.368644;48.84877;parcelle;;;PARIS;RUE JULES CESAR;commune;commune;vrai;
75112_5063_00007;75112_5063;7;;Rue Jules César;75012;75112;Paris 12e Arrondissement;;;653693.37;6861171.56;2.36898;48.848922;parcelle;;;PARIS;RUE JULES CESAR;commune;commune;vrai;
75112_5063_00008;75112_5063;8;;Rue Jules César;75012;75112;Paris 12e Arrondissement;;;653686.72;6861156.72;2.368891;48.848788;parcelle;;;PARIS;RUE JULES CESAR;commune;commune;vrai;
75112_5063_00009;75112_5063;9;;Rue Jules César;75012;75112;Paris 12e Arrondissement;;;653710.41;6861173.32;2.369212;48.848939;parcelle;;;PARIS;RUE JULES CESAR;commune;commune;vrai;
75112_5063_00010;75112_5063;10;;Rue Jules César;75012;75112;Paris 12e Arrondissement;;;653703.39;6861158.47;2.369118;48.848805;parcelle;;;PARIS;RUE JULES CESAR;commune;commune;vrai;
75112_5063_00011;75112_5063;11;;Rue Jules César;75012;75112;Paris 12e Arrondissement;;;653733.77;6861175.69;2.36953;48.848962;parcelle;;;PARIS;RUE JULES CESAR;commune;commune;vrai;
75112_5063_00012;75112_5063;12;;Rue Jules César;75012;75112;Paris 12e Arrondissement;;;653716.91;6861159.81;2.369302;48.848818;parcelle;;;PARIS;RUE JULES CESAR;commune;commune;vrai;
75112_5063_00013;75112_5063;13;;Rue Jules César;75012;75112;Paris 12e Arrondissement;;;653753.3;6861177.65;2.369796;48.848981;parcelle;;;PARIS;RUE JULES CESAR;commune;commune;vrai;
75112_5063_00014;75112_5063;14;;Rue Jules César;75012;75112;Paris 12e Arrondissement;;;653732.41;6861161.47;2.369513;48.848834;parcelle;;;PARIS;RUE JULES CESAR;commune;commune;vrai;
75112_5063_00015;75112_5063;15;;Rue Jules César;75012;75112;Paris 12e Arrondissement;;;653772.03;6861179.61;2.370051;48.849;parcelle;;;PARIS;RUE JULES CESAR;commune;commune;vrai;
75112_5063_00016;75112_5063;16;;Rue Jules César;75012;75112;Paris 12e Arrondissement;;;653738.65;6861162.08;2.369598;48.84884;parcelle;;;PARIS;RUE JULES CESAR;commune;commune;vrai;
75112_5063_00017;75112_5063;17;;Rue Jules César;75012;75112;Paris 12e Arrondissement;;;653786.8;6861181.16;2.370252;48.849015;parcelle;;;PARIS;RUE JULES CESAR;commune;commune;vrai;
75112_5063_00018;75112_5063;18;;Rue Jules César;75012;75112;Paris 12e Arrondissement;;;653760.9;6861164.35;2.369901;48.848862;parcelle;;;PARIS;RUE JULES CESAR;commune;commune;vrai;
75112_5063_00019;75112_5063;19;;Rue Jules César;75012;75112;Paris 12e Arrondissement;;;653800.09;6861182.5;2.370433;48.849028;parcelle;;;PARIS;RUE JULES CESAR;commune;commune;vrai;
75112_5063_00020;75112_5063;20;;Rue Jules César;75012;75112;Paris 12e Arrondissement;;;653781.17;6861166.42;2.370177;48.848882;parcelle;;;PARIS;RUE JULES CESAR;commune;commune;vrai;
75112_5063_00022;75112_5063;22;;Rue Jules César;75012;75112;Paris 12e Arrondissement;;;653797.26;6861168.07;2.370396;48.848898;parcelle;;;PARIS;RUE JULES CESAR;commune;commune;vrai;
75112_5063_00024;75112_5063;24;;Rue Jules César;75012;75112;Paris 12e Arrondissement;;;653815.18;6861169.93;2.37064;48.848916;parcelle;;;PARIS;RUE JULES CESAR;commune;commune;vrai;
75112_5063_00011_b;75112_5063;11;b;Rue Jules César;75012;75112;Paris 12e Arrondissement;;;653740.3;6861176.42;2.369619;48.848969;parcelle;;;PARIS;RUE JULES CESAR;commune;commune;vrai;
75112_5063_00009_b;75112_5063;9;b;Rue Jules César;75012;75112;Paris 12e Arrondissement;;;653718.27;6861174.15;2.369319;48.848947;parcelle;;;PARIS;RUE JULES CESAR;commune;commune;vrai;
75112_2430_00001;75112_2430;1;;Rue Crémieux;75012;75112;Paris 12e Arrondissement;;;653777.89;6860902.35;2.370161;48.846507;parcelle;;;PARIS;RUE CREMIEUX;commune;commune;vrai;
75112_2430_00002;75112_2430;2;;Rue Crémieux;75012;75112;Paris 12e Arrondissement;;;653783.63;6860894.41;2.37024;48.846436;parcelle;;;PARIS;RUE CREMIEUX;commune;commune;vrai;
75112_2430_00003;75112_2430;3;;Rue Crémieux;75012;75112;Paris 12e Arrondissement;;;653785.58;6860909.4;2.370265;48.846571;parcelle;;;PARIS;RUE CREMIEUX;commune;commune;vrai;
75112_2430_00004;75112_2430;4;;Rue Crémieux;75012;75112;Paris 12e Arrondissement;;;653790.95;6860901.13;2.370339;48.846497;parcelle;;;PARIS;RUE CREMIEUX;commune;commune;vrai;
75112_2430_00005;75112_2430;5;;Rue Crémieux;75012;75112;Paris 12e Arrondissement;;;653789.8;6860913.26;2.370322;48.846606;parcelle;;;PARIS;RUE CREMIEUX;commune;commune;vrai;
75112_2430_00006;75112_2430;6;;Rue Crémieux;75012;75112;Paris 12e Arrondissement;;;653796.94;6860906.64;2.37042;48.846547;parcelle;;;PARIS;RUE CREMIEUX;commune;commune;vrai;
75112_2430_00007;75112_2430;7;;Rue Crémieux;75012;75112;Paris 12e Arrondissement;;;653795.79;6860918.77;2.370403;48.846656;parcelle;;;PARIS;RUE CREMIEUX;commune;commune;vrai;
75112_2430_00008;75112_2430;8;;Rue Crémieux;75012;75112;Paris 12e Arrondissement;;;653802.92;6860912.16;2.370501;48.846597;parcelle;;;PARIS;RUE CREMIEUX;commune;commune;vrai;
75112_2430_00009;75112_2430;9;;Rue Crémieux;75012;75112;Paris 12e Arrondissement;;;653801.26;6860923.84;2.370477;48.846702;parcelle;;;PARIS;RUE CREMIEUX;commune;commune;vrai;
75112_2430_00010;75112_2430;10;;Rue Crémieux;75012;75112;Paris 12e Arrondissement;;;653809.5;6860918.22;2.37059;48.846652;parcelle;;;PARIS;RUE CREMIEUX;commune;commune;vrai;
75112_2430_00011;75112_2430;11;;Rue Crémieux;75012;75112;Paris 12e Arrondissement;;;653806.73;6860928.8;2.370551;48.846747;parcelle;;;PARIS;RUE CREMIEUX;commune;commune;vrai;
75112_2430_00012;75112_2430;12;;Rue Crémieux;75012;75112;Paris 12e Arrondissement;;;653814.09;6860922.52;2.370652;48.846691;parcelle;;;PARIS;RUE CREMIEUX;commune;commune;vrai;
75112_2430_00014;75112_2430;14;;Rue Crémieux;75012;75112;Paris 12e Arrondissement;;;653819.71;6860927.7;2.370728;48.846738;parcelle;;;PARIS;RUE CREMIEUX;commune;commune;vrai;
75112_2430_00015;75112_2430;15;;Rue Crémieux;75012;75112;Paris 12e Arrondissement;;;653818.41;6860939.61;2.370709;48.846845;parcelle;;;PARIS;RUE CREMIEUX;commune;commune;vrai;
75112_2430_00016;75112_2430;16;;Rue Crémieux;75012;75112;Paris 12e Arrondissement;;;653825.25;6860932.77;2.370803;48.846784;parcelle;;;PARIS;RUE CREMIEUX;commune;commune;vrai;
75112_2430_00017;75112_2430;17;;Rue Crémieux;75012;75112;Paris 12e Arrondissement;;;653823.95;6860944.68;2.370784;48.846891;parcelle;;;PARIS;RUE CREMIEUX;commune;commune;vrai;
75112_2430_00018;75112_2430;18;;Rue Crémieux;75012;75112;Paris 12e Arrondissement;;;653830.87;6860937.95;2.370879;48.846831;parcelle;;;PARIS;RUE CREMIEUX;commune;commune;vrai;
75112_2430_00019;75112_2430;19;;Rue Crémieux;75012;75112;Paris 12e Arrondissement;;;653829.72;6860949.97;2.370862;48.846939;parcelle;;;PARIS;RUE CREMIEUX;commune;commune;vrai;
75112_2430_00020;75112_2430;20;;Rue Crémieux;75012;75112;Paris 12e Arrondissement;;;653836.86;6860943.58;2.37096;48.846882;parcelle;;;PARIS;RUE CREMIEUX;commune;commune;vrai;
75112_2430_00021;75112_2430;21;;Rue Crémieux;75012;75112;Paris 12e Arrondissement;;;653835.34;6860955.04;2.370938;48.846985;parcelle;;;PARIS;RUE CREMIEUX;commune;commune;vrai;
75112_2430_00022;75112_2430;22;;Rue Crémieux;75012;75112;Paris 12e Arrondissement;;;653842.41;6860948.65;2.371035;48.846928;parcelle;;;PARIS;RUE CREMIEUX;commune;commune;vrai;
75112_2430_00023;75112_2430;23;;Rue Crémieux;75012;75112;Paris 12e Arrondissement;;;653841.33;6860960.55;2.371019;48.847035;parcelle;;;PARIS;RUE CREMIEUX;commune;commune;vrai;
75112_2430_00024;75112_2430;24;;Rue Crémieux;75012;75112;Paris 12e Arrondissement;;;653848.1;6860953.83;2.371112;48.846975;parcelle;;;PARIS;RUE CREMIEUX;commune;commune;vrai;
75112_2430_00025;75112_2430;25;;Rue Crémieux;75012;75112;Paris 12e Arrondissement;;;653846.43;6860965.29;2.371088;48.847078;parcelle;;;PARIS;RUE CREMIEUX;commune;commune;vrai;
75112_2430_00026;75112_2430;26;;Rue Crémieux;75012;75112;Paris 12e Arrondissement;;;653853.2;6860958.57;2.371181;48.847018;parcelle;;;PARIS;RUE CREMIEUX;commune;commune;vrai;
75112_2430_00027;75112_2430;27;;Rue Crémieux;75012;75112;Paris 12e Arrondissement;;;653852.71;6860971.03;2.371173;48.84713;parcelle;;;PARIS;RUE CREMIEUX;commune;commune;vrai;
75112_2430_00028;75112_2430;28;;Rue Crémieux;75012;75112;Paris 12e Arrondissement;;;653859.11;6860964.08;2.371261;48.847068;parcelle;;;PARIS;RUE CREMIEUX;commune;commune;vrai;
75112_2430_00029;75112_2430;29;;Rue Crémieux;75012;75112;Paris 12e Arrondissement;;;653857.96;6860975.77;2.371244;48.847173;parcelle;;;PARIS;RUE CREMIEUX;commune;commune;vrai;
75112_2430_00030;75112_2430;30;;Rue Crémieux;75012;75112;Paris 12e Arrondissement;;;653864.81;6860969.26;2.371338;48.847115;parcelle;;;PARIS;RUE CREMIEUX;commune;commune;vrai;
75112_2430_00031;75112_2430;31;;Rue Crémieux;75012;75112;Paris 12e Arrondissement;;;653863.51;6860980.95;2.371319;48.84722;parcelle;;;PARIS;RUE CREMIEUX;commune;commune;vrai;
75112_2430_00032;75112_2430;32;;Rue Crémieux;75012;75112;Paris 12e Arrondissement;;;653870.06;6860974.11;2.371409;48.847159;parcelle;;;PARIS;RUE CREMIEUX;commune;commune;vrai;
75112_2430_00033;75112_2430;33;;Rue Crémieux;75012;75112;Paris 12e Arrondissement;;;653869.2;6860986.13;2.371396;48.847267;parcelle;;;PARIS;RUE CREMIEUX;commune;commune;vrai;
75112_2430_00034;75112_2430;34;;Rue Crémieux;75012;75112;Paris 12e Arrondissement;;;653877.38;6860980.95;2.371508;48.847221;parcelle;;;PARIS;RUE CREMIEUX;commune;commune;vrai;
75112_2430_00035;75112_2430;35;;Rue Crémieux;75012;75112;Paris 12e Arrondissement;;;653876.52;6860992.85;2.371495;48.847328;parcelle;;;PARIS;RUE CREMIEUX;commune;commune;vrai;
75112_2430_00011_b;75112_2430;11;b;Rue Crémieux;75012;75112;Paris 12e Arrondissement;;;653812.86;6860934.43;2.370634;48.846798;parcelle;;;PARIS;RUE CREMIEUX;commune;commune;vrai;
75112_1885_00067;75112_1885;67;;Rue du Charolais;75012;75112;Paris 12e Arrondissement;;;654714.01;6860501.98;2.382959;48.842973;parcelle;;;PARIS;RUE DU CHAROLAIS;commune;commune;vrai;
75112_1885_00069;75112_1885;69;;Rue du Charolais;75012;75112;Paris 12e Arrondissement;;;654693;6860517.61;2.382671;48.843112;parcelle;;;PARIS;RUE DU CHAROLAIS;commune;commune;vrai;
75112_1885_00071;75112_1885;71;;Rue du Charolais;75012;75112;Paris 12e Arrondissement;;;654677.38;6860528.96;2.382457;48.843213;parcelle;;;PARIS;RUE DU CHAROLAIS;commune;commune;vrai;
75112_1885_00073;75112_1885;73;;Rue du Charolais;75012;75112;Paris 12e Arrondissement;;;654665.19;6860538.17;2.38229;48.843295;parcelle;;;PARIS;RUE DU CHAROLAIS;commune;commune;vrai;
75112_1885_00075;75112_1885;75;;Rue du Charolais;75012;75112;Paris 12e Arrondissement;;;654656.39;6860547.47;2.382169;48.843378;parcelle;;;PARIS;RUE DU CHAROLAIS;commune;commune;vrai;
75112_1885_00076;75112_1885;76;;Rue du Charolais;75012;75112;Paris 12e Arrondissement;;;654728.38;6860508.66;2.383154;48.843034;parcelle;;;PARIS;RUE DU CHAROLAIS;commune;commune;vrai;
75112_1885_00077;75112_1885;77;;Rue du Charolais;75012;75112;Paris 12e Arrondissement;;;654647.18;6860561.66;2.382042;48.843505;parcelle;;;PARIS;RUE DU CHAROLAIS;commune;commune;vrai;
75112_1885_00078;75112_1885;78;;Rue du Charolais;75012;75112;Paris 12e Arrondissement;;;654720.79;6860514.27;2.38305;48.843084;parcelle;;;PARIS;RUE DU CHAROLAIS;commune;commune;vrai;
75112_1885_00079;75112_1885;79;;Rue du Charolais;75012;75112;Paris 12e Arrondissement;;;654640.43;6860572.06;2.381949;48.843598;parcelle;;;PARIS;RUE DU CHAROLAIS;commune;commune;vrai;
75112_1885_00080;75112_1885;80;;Rue du Charolais;75012;75112;Paris 12e Arrondissement;;;654710.35;6860521.92;2.382907;48.843152;parcelle;;;PARIS;RUE DU CHAROLAIS;commune;commune;vrai;
75112_1885_00081;75112_1885;81;;Rue du Charolais;75012;75112;Paris 12e Arrondissement;;;654629.84;6860588.15;2.381803;48.843742;parcelle;;;PARIS;RUE DU CHAROLAIS;commune;commune;vrai;
75112_1885_00082;75112_1885;82;;Rue du Charolais;75012;75112;Paris 12e Arrondissement;;;654697.58;6860531.47;2.382732;48.843237;parcelle;;;PARIS;RUE DU CHAROLAIS;commune;commune;vrai;
75112_1885_00083;75112_1885;83;;Rue du Charolais;75012;75112;Paris 12e Arrondissement;;;654621.21;6860601.45;2.381684;48.843861;parcelle;;;PARIS;RUE DU CHAROLAIS;commune;commune;vrai;
75112_1885_00084;75112_1885;84;;Rue du Charolais;75012;75112;Paris 12e Arrondissement;;;654687.66;6860538.77;2.382596;48.843302;parcelle;;;PARIS;RUE DU CHAROLAIS;commune;commune;vrai;
75112_1885_00085;75112_1885;85;;Rue du Charolais;75012;75112;Paris 12e Arrondissement;;;654611.13;6860616.77;2.381545;48.843998;parcelle;;;PARIS;RUE DU CHAROLAIS;commune;commune;vrai;
75112_1885_00086;75112_1885;86;;Rue du Charolais;75012;75112;Paris 12e Arrondissement;;;654678.24;6860545.74;2.382467;48.843364;parcelle;;;PARIS;RUE DU CHAROLAIS;commune;commune;vrai;
75112_1885_00087;75112_1885;87;;Rue du Charolais;75012;75112;Paris 12e Arrondissement;;;654600.95;6860628.19;2.381405;48.8441;parcelle;;;PARIS;RUE DU CHAROLAIS;commune;commune;vrai;
75112_1885_00088;75112_1885;88;;Rue du Charolais;75012;75112;Paris 12e Arrondissement;;;654666.74;6860557.17;2.382309;48.843466;parcelle;;;PARIS;RUE DU CHAROLAIS;commune;commune;vrai;
75112_1885_00090;75112_1885;90;;Rue du Charolais;75012;75112;Paris 12e Arrondissement;;;654658.11;6860570.36;2.38219;48.843584;parcelle;;;PARIS;RUE DU CHAROLAIS;commune;commune;vrai;
75112_1885_00092;75112_1885;92;;Rue du Charolais;75012;75112;Paris 12e Arrondissement;;;654646.29;6860588.47;2.382027;48.843746;parcelle;;;PARIS;RUE DU CHAROLAIS;commune;commune;vrai;
75112_1885_00069_b;75112_1885;69;b;Rue du Charolais;75012;75112;Paris 12e Arrondissement;;;654684.09;6860523.68;2.382549;48.843166;parcelle;;;PARIS;RUE DU CHAROLAIS;commune;commune;vrai;
75112_2224_00001;75112_2224;1;;Place des Combattants en Afrique du Nord;75012;75112;Paris 12e Arrondissement;;;653921.73;6860827.37;2.372129;48.845843;parcelle;;;PARIS;PL COMBATTANTS AFRIQUE DU NORD;commune;commune;vrai;
75112_2224_00002;75112_2224;2;;Place des Combattants en Afrique du Nord;75012;75112;Paris 12e Arrondissement;;;653935.12;6860794.01;2.372315;48.845544;parcelle;;;PARIS;PL COMBATTANTS AFRIQUE DU NORD;commune;commune;vrai;
75112_2224_00003;75112_2224;3;;Place des Combattants en Afrique du Nord;75012;75112;Paris 12e Arrondissement;;;653957.6;6860834.98;2.372617;48.845914;parcelle;;;PARIS;PL COMBATTANTS AFRIQUE DU NORD;commune;commune;vrai;
75112_2224_00004;75112_2224;4;;Place des Combattants en Afrique du Nord;75012;75112;Paris 12e Arrondissement;;;653958.93;6860797.94;2.372639;48.845581;parcelle;;;PARIS;PL COMBATTANTS AFRIQUE DU NORD;commune;commune;vrai;
75112_0713_00001;75112_0713;1;;Boulevard de la Bastille;75012;75112;Paris 12e Arrondissement;;;653516.98;6860974.38;2.366598;48.847136;parcelle;;;PARIS;BOULEVARD DE LA BASTILLE;commune;commune;vrai;
75112_0713_00002;75112_0713;2;;Boulevard de la Bastille;75012;75112;Paris 12e Arrondissement;;;653557.94;6860910.89;2.367163;48.846568;parcelle;;;PARIS;BOULEVARD DE LA BASTILLE;commune;commune;vrai;
75112_0713_00004;75112_0713;4;;Boulevard de la Bastille;75012;75112;Paris 12e Arrondissement;;;653563.21;6860928.08;2.367233;48.846723;parcelle;;;PARIS;BOULEVARD DE LA BASTILLE;commune;commune;vrai;
75112_0713_00006;75112_0713;6;;Boulevard de la Bastille;75012;75112;Paris 12e Arrondissement;;;653572.71;6860958.81;2.367359;48.847;parcelle;;;PARIS;BOULEVARD DE LA BASTILLE;commune;commune;vrai;
75112_0713_00008;75112_0713;8;;Boulevard de la Bastille;75012;75112;Paris 12e Arrondissement;;;653576.25;6860970.34;2.367406;48.847104;parcelle;;;PARIS;BOULEVARD DE LA BASTILLE;commune;commune;vrai;
75112_0713_00010;75112_0713;10;;Boulevard de la Bastille;75012;75112;Paris 12e Arrondissement;;;653581.3;6860986.65;2.367473;48.847251;parcelle;;;PARIS;BOULEVARD DE LA BASTILLE;commune;commune;vrai;
75112_0713_00011;75112_0713;11;;Boulevard de la Bastille;75012;75112;Paris 12e Arrondissement;;;653563.23;6861039.61;2.367221;48.847726;parcelle;;;PARIS;BOULEVARD DE LA BASTILLE;commune;commune;vrai;
75112_0713_00012;75112_0713;12;;Boulevard de la Bastille;75012;75112;Paris 12e Arrondissement;;;653588.83;6861011.05;2.367573;48.847471;parcelle;;;PARIS;BOULEVARD DE LA BASTILLE;commune;commune;vrai;
75112_0713_00014;75112_0713;14;;Boulevard de la Bastille;75012;75112;Paris 12e Arrondissement;;;653597.12;6861038.01;2.367683;48.847714;parcelle;;;PARIS;BOULEVARD DE LA BASTILLE;commune;commune;vrai;
75112_0713_00016;75112_0713;16;;Boulevard de la Bastille;75012;75112;Paris 12e Arrondissement;;;653601.64;6861052.76;2.367743;48.847847;parcelle;;;PARIS;BOULEVARD DE LA BASTILLE;commune;commune;vrai;
75112_0713_00018;75112_0713;18;;Boulevard de la Bastille;75012;75112;Paris 12e Arrondissement;;;653611.81;6861085.48;2.367878;48.848142;parcelle;;;PARIS;BOULEVARD DE LA BASTILLE;commune;commune;vrai;
75112_0713_00020;75112_0713;20;;Boulevard de la Bastille;75012;75112;Paris 12e Arrondissement;;;653619.64;6861110.66;2.367982;48.848369;parcelle;;;PARIS;BOULEVARD DE LA BASTILLE;commune;commune;vrai;
75112_0713_00022;75112_0713;22;;Boulevard de la Bastille;75012;75112;Paris 12e Arrondissement;;;653629.13;6861141.17;2.368108;48.848644;parcelle;;;PARIS;BOULEVARD DE LA BASTILLE;commune;commune;vrai;
75112_0713_00024;75112_0713;24;;Boulevard de la Bastille;75012;75112;Paris 12e Arrondissement;;;653640.28;6861177.1;2.368256;48.848968;parcelle;;;PARIS;BOULEVARD DE LA BASTILLE;commune;commune;vrai;
75112_0713_00026;75112_0713;26;;Boulevard de la Bastille;75012;75112;Paris 12e Arrondissement;;;653644.8;6861191.75;2.368316;48.8491;parcelle;;;PARIS;BOULEVARD DE LA BASTILLE;commune;commune;vrai;
75112_0713_00028;75112_0713;28;;Boulevard de la Bastille;75012;75112;Paris 12e Arrondissement;;;653652.86;6861217.81;2.368423;48.849335;parcelle;;;PARIS;BOULEVARD DE LA BASTILLE;commune;commune;vrai;
75112_0713_00029;75112_0713;29;;Boulevard de la Bastille;75012;75112;Paris 12e Arrondissement;;;653635.56;6861237.97;2.368185;48.849515;parcelle;;;PARIS;BOULEVARD DE LA BASTILLE;commune;commune;vrai;
75112_0713_00030;75112_0713;30;;Boulevard de la Bastille;75012;75112;Paris 12e Arrondissement;;;653658.06;6861234.56;2.368492;48.849486;parcelle;;;PARIS;BOULEVARD DE LA BASTILLE;commune;commune;vrai;
75112_0713_00032;75112_0713;32;;Boulevard de la Bastille;75012;75112;Paris 12e Arrondissement;;;653667.03;6861263.62;2.368611;48.849748;parcelle;;;PARIS;BOULEVARD DE LA BASTILLE;commune;commune;vrai;
75112_0713_00034;75112_0713;34;;Boulevard de la Bastille;75012;75112;Paris 12e Arrondissement;;;653682.55;6861313.87;2.368817;48.850201;parcelle;;;PARIS;BOULEVARD DE LA BASTILLE;commune;commune;vrai;
75112_0713_00036;75112_0713;36;;Boulevard de la Bastille;75012;75112;Paris 12e Arrondissement;;;653689.48;6861336.28;2.368909;48.850403;parcelle;;;PARIS;BOULEVARD DE LA BASTILLE;commune;commune;vrai;
75112_0713_00040;75112_0713;40;;Boulevard de la Bastille;75012;75112;Paris 12e Arrondissement;;;653696.63;6861359.57;2.369004;48.850613;parcelle;;;PARIS;BOULEVARD DE LA BASTILLE;commune;commune;vrai;
75112_0713_00042;75112_0713;42;;Boulevard de la Bastille;75012;75112;Paris 12e Arrondissement;;;653701.46;6861375.1;2.369068;48.850753;parcelle;;;PARIS;BOULEVARD DE LA BASTILLE;commune;commune;vrai;
75112_0713_00044;75112_0713;44;;Boulevard de la Bastille;75012;75112;Paris 12e Arrondissement;;;653706.05;6861389.97;2.369129;48.850887;parcelle;;;PARIS;BOULEVARD DE LA BASTILLE;commune;commune;vrai;
75112_0713_00046;75112_0713;46;;Boulevard de la Bastille;75012;75112;Paris 12e Arrondissement;;;653711.17;6861406.61;2.369197;48.851037;parcelle;;;PARIS;BOULEVARD DE LA BASTILLE;commune;commune;vrai;
75112_0713_00048;75112_0713;48;;Boulevard de la Bastille;75012;75112;Paris 12e Arrondissement;;;653718.56;6861430.57;2.369295;48.851253;parcelle;;;PARIS;BOULEVARD DE LA BASTILLE;commune;commune;vrai;
75112_0713_00050;75112_0713;50;;Boulevard de la Bastille;75012;75112;Paris 12e Arrondissement;;;653729.85;6861466.95;2.369445;48.851581;parcelle;;;PARIS;BOULEVARD DE LA BASTILLE;commune;commune;vrai;
75112_0713_00052;75112_0713;52;;Boulevard de la Bastille;75012;75112;Paris 12e Arrondissement;;;653733.85;6861480.04;2.369498;48.851699;parcelle;;;PARIS;BOULEVARD DE LA BASTILLE;commune;commune;vrai;
75112_0713_00053;75112_0713;53;;Boulevard de la Bastille;75012;75112;Paris 12e Arrondissement;;;653653.94;6861334.45;2.368425;48.850384;parcelle;;;PARIS;BOULEVARD DE LA BASTILLE;commune;commune;vrai;
75112_0713_00067;75112_0713;67;;Boulevard de la Bastille;75012;75112;Paris 12e Arrondissement;;;653679.1;6861414.98;2.368759;48.85111;parcelle;;;PARIS;BOULEVARD DE LA BASTILLE;commune;commune;vrai;
75112_0713_00018_b;75112_0713;18;b;Boulevard de la Bastille;75012;75112;Paris 12e Arrondissement;;;653615.58;6861097.68;2.367928;48.848252;parcelle;;;PARIS;BOULEVARD DE LA BASTILLE;commune;commune;vrai;
75112_0713_00032_t;75112_0713;32;t;Boulevard de la Bastille;75012;75112;Paris 12e Arrondissement;;;653679.38;6861303.56;2.368775;48.850108;parcelle;;;PARIS;BOULEVARD DE LA BASTILLE;commune;commune;vrai;
75112_0713_00030_b;75112_0713;30;b;Boulevard de la Bastille;75012;75112;Paris 12e Arrondissement;;;653662.51;6861248.87;2.368551;48.849615;parcelle;;;PARIS;BOULEVARD DE LA BASTILLE;commune;commune;vrai;
75112_0713_00026_b;75112_0713;26;b;Boulevard de la Bastille;75012;75112;Paris 12e Arrondissement;;;653648.19;6861202.84;2.368361;48.8492;parcelle;;;PARIS;BOULEVARD DE LA BASTILLE;commune;commune;vrai;
75112_0713_00020_b;75112_0713;20;b;Boulevard de la Bastille;75012;75112;Paris 12e Arrondissement;;;653623.11;6861121.87;2.368028;48.84847;parcelle;;;PARIS;BOULEVARD DE LA BASTILLE;commune;commune;vrai;
75112_0713_00046_b;75112_0713;46;b;Boulevard de la Bastille;75012;75112;Paris 12e Arrondissement;;;653714.34;6861416.81;2.369239;48.851129;parcelle;;;PARIS;BOULEVARD DE LA BASTILLE;commune;commune;vrai;
75112_0713_00010_b;75112_0713;10;b;Boulevard de la Bastille;75012;75112;Paris 12e Arrondissement;;;653584.69;6860997.63;2.367518;48.84735;parcelle;;;PARIS;BOULEVARD DE LA BASTILLE;commune;commune;vrai;
75112_0713_00004_b;75112_0713;4;b;Boulevard de la Bastille;75012;75112;Paris 12e Arrondissement;;;653567.21;6860941.17;2.367286;48.846841;parcelle;;;PARIS;BOULEVARD DE LA BASTILLE;commune;commune;vrai;
75112_0713_00032_b;75112_0713;32;b;Boulevard de la Bastille;75012;75112;Paris 12e Arrondissement;;;653678.18;6861299.67;2.368759;48.850073;parcelle;;;PARIS;BOULEVARD DE LA BASTILLE;commune;commune;vrai;
75112_0713_00012_b;75112_0713;12;b;Boulevard de la Bastille;75012;75112;Paris 12e Arrondissement;;;653592.3;6861022.37;2.367619;48.847573;parcelle;;;PARIS;BOULEVARD DE LA BASTILLE;commune;commune;vrai;
75112_0713_00010_a;75112_0713;10;a;Boulevard de la Bastille;75012;75112;Paris 12e Arrondissement;;;653593.43;6860980.66;2.367639;48.847198;parcelle;;;PARIS;BOULEVARD DE LA BASTILLE;commune;commune;vrai;
75112_4865_00001;75112_4865;1;;Rue Jean Bouton;75012;75112;Paris 12e Arrondissement;;;654232.28;6860831.8;2.37636;48.845905;parcelle;;;PARIS;RUE JEAN BOUTON;commune;commune;vrai;
75112_4865_00002;75112_4865;2;;Rue Jean Bouton;75012;75112;Paris 12e Arrondissement;;;654219.66;6860822.78;2.376189;48.845823;parcelle;;;PARIS;RUE JEAN BOUTON;commune;commune;vrai;
75112_4865_00003;75112_4865;3;;Rue Jean Bouton;75012;75112;Paris 12e Arrondissement;;;654251.26;6860818.42;2.37662;48.845786;parcelle;;;PARIS;RUE JEAN BOUTON;commune;commune;vrai;
75112_4865_00004;75112_4865;4;;Rue Jean Bouton;75012;75112;Paris 12e Arrondissement;;;654226.95;6860816.61;2.376289;48.845768;parcelle;;;PARIS;RUE JEAN BOUTON;commune;commune;vrai;
75112_4865_00005;75112_4865;5;;Rue Jean Bouton;75012;75112;Paris 12e Arrondissement;;;654261.97;6860808.44;2.376767;48.845697;parcelle;;;PARIS;RUE JEAN BOUTON;commune;commune;vrai;
75112_4865_00006;75112_4865;6;;Rue Jean Bouton;75012;75112;Paris 12e Arrondissement;;;654232.86;6860811.45;2.37637;48.845722;parcelle;;;PARIS;RUE JEAN BOUTON;commune;commune;vrai;
75112_4865_00007;75112_4865;7;;Rue Jean Bouton;75012;75112;Paris 12e Arrondissement;;;654267.43;6860803.28;2.376842;48.845651;parcelle;;;PARIS;RUE JEAN BOUTON;commune;commune;vrai;
75112_4865_00008;75112_4865;8;;Rue Jean Bouton;75012;75112;Paris 12e Arrondissement;;;654240.58;6860804.94;2.376476;48.845664;parcelle;;;PARIS;RUE JEAN BOUTON;commune;commune;vrai;
75112_4865_00010;75112_4865;10;;Rue Jean Bouton;75012;75112;Paris 12e Arrondissement;;;654249.55;6860797.3;2.376599;48.845596;parcelle;;;PARIS;RUE JEAN BOUTON;commune;commune;vrai;
75112_4865_00012;75112_4865;12;;Rue Jean Bouton;75012;75112;Paris 12e Arrondissement;;;654258.08;6860790.01;2.376716;48.845531;parcelle;;;PARIS;RUE JEAN BOUTON;commune;commune;vrai;
75112_4865_00014;75112_4865;14;;Rue Jean Bouton;75012;75112;Paris 12e Arrondissement;;;654266.46;6860782.94;2.376831;48.845468;parcelle;;;PARIS;RUE JEAN BOUTON;commune;commune;vrai;
75112_4865_00016;75112_4865;16;;Rue Jean Bouton;75012;75112;Paris 12e Arrondissement;;;654273.17;6860777.21;2.376923;48.845417;parcelle;;;PARIS;RUE JEAN BOUTON;commune;commune;vrai;
75112_4865_00018;75112_4865;18;;Rue Jean Bouton;75012;75112;Paris 12e Arrondissement;;;654280.46;6860771.04;2.377023;48.845362;parcelle;;;PARIS;RUE JEAN BOUTON;commune;commune;vrai;
75112_4865_00003_p;75112_4865;3;p;Rue Jean Bouton;75012;75112;Paris 12e Arrondissement;;;654266.5;6860834.42;2.376826;48.845931;parcelle;;;PARIS;RUE JEAN BOUTON;commune;commune;vrai;
75112_4865_00001_b;75112_4865;1;b;Rue Jean Bouton;75012;75112;Paris 12e Arrondissement;;;654239.57;6860825.07;2.37646;48.845845;parcelle;;;PARIS;RUE JEAN BOUTON;commune;commune;vrai;
75112_5485_00002;75112_5485;2;;Rue Legraverend;75012;75112;Paris 12e Arrondissement;;;654186.49;6860878.53;2.375731;48.846322;parcelle;;;PARIS;RUE LEGRAVEREND;commune;commune;vrai;
75112_5485_00003;75112_5485;3;;Rue Legraverend;75012;75112;Paris 12e Arrondissement;;;654172.67;6860875.64;2.375543;48.846295;parcelle;;;PARIS;RUE LEGRAVEREND;commune;commune;vrai;
75112_5485_00004;75112_5485;4;;Rue Legraverend;75012;75112;Paris 12e Arrondissement;;;654184.6;6860889.78;2.375704;48.846423;parcelle;;;PARIS;RUE LEGRAVEREND;commune;commune;vrai;
75112_5485_00005;75112_5485;5;;Rue Legraverend;75012;75112;Paris 12e Arrondissement;;;654168.54;6860900.69;2.375484;48.84652;parcelle;;;PARIS;RUE LEGRAVEREND;commune;commune;vrai;
75112_5485_00006;75112_5485;6;;Rue Legraverend;75012;75112;Paris 12e Arrondissement;;;654181.45;6860909.04;2.375659;48.846596;parcelle;;;PARIS;RUE LEGRAVEREND;commune;commune;vrai;
75112_5485_00007;75112_5485;7;;Rue Legraverend;75012;75112;Paris 12e Arrondissement;;;654165.46;6860919.73;2.37544;48.846691;parcelle;;;PARIS;RUE LEGRAVEREND;commune;commune;vrai;
75112_5485_00008;75112_5485;8;;Rue Legraverend;75012;75112;Paris 12e Arrondissement;;;654177.81;6860931.2;2.375607;48.846795;parcelle;;;PARIS;RUE LEGRAVEREND;commune;commune;vrai;
75112_5485_00009;75112_5485;9;;Rue Legraverend;75012;75112;Paris 12e Arrondissement;;;654163.08;6860934.31;2.375406;48.846822;parcelle;;;PARIS;RUE LEGRAVEREND;commune;commune;vrai;
75112_5485_00010;75112_5485;10;;Rue Legraverend;75012;75112;Paris 12e Arrondissement;;;654175.64;6860944.67;2.375576;48.846916;parcelle;;;PARIS;RUE LEGRAVEREND;commune;commune;vrai;
75112_5485_00011;75112_5485;11;;Rue Legraverend;75012;75112;Paris 12e Arrondissement;;;654160.84;6860947.9;2.375374;48.846944;parcelle;;;PARIS;RUE LEGRAVEREND;commune;commune;vrai;
75112_5485_00003_b;75112_5485;3;b;Rue Legraverend;75012;75112;Paris 12e Arrondissement;;;654170.71;6860887.44;2.375515;48.846401;parcelle;;;PARIS;RUE LEGRAVEREND;commune;commune;vrai;
75112_2472_00001;75112_2472;1;;Rue Crozatier;75012;75112;Paris 12e Arrondissement;;;654710.42;6860737.53;2.382885;48.845091;parcelle;;;PARIS;RUE CROZATIER;commune;commune;vrai;
75112_2472_00002;75112_2472;2;;Rue Crozatier;75012;75112;Paris 12e Arrondissement;;;654730.35;6860751.27;2.383155;48.845216;parcelle;;;PARIS;RUE CROZATIER;commune;commune;vrai;
75112_2472_00003;75112_2472;3;;Rue Crozatier;75012;75112;Paris 12e Arrondissement;;;654702.61;6860752.71;2.382777;48.845227;parcelle;;;PARIS;RUE CROZATIER;commune;commune;vrai;
75112_2472_00004;75112_2472;4;;Rue Crozatier;75012;75112;Paris 12e Arrondissement;;;654721.6;6860768.24;2.383034;48.845368;parcelle;;;PARIS;RUE CROZATIER;commune;commune;vrai;
75112_2472_00005;75112_2472;5;;Rue Crozatier;75012;75112;Paris 12e Arrondissement;;;654695.46;6860766.56;2.382678;48.845351;parcelle;;;PARIS;RUE CROZATIER;commune;commune;vrai;
75112_2472_00006;75112_2472;6;;Rue Crozatier;75012;75112;Paris 12e Arrondissement;;;654712.78;6860785.21;2.382912;48.84552;parcelle;;;PARIS;RUE CROZATIER;commune;commune;vrai;
75112_2472_00007;75112_2472;7;;Rue Crozatier;75012;75112;Paris 12e Arrondissement;;;654688.08;6860780.96;2.382576;48.84548;parcelle;;;PARIS;RUE CROZATIER;commune;commune;vrai;
75112_2472_00008;75112_2472;8;;Rue Crozatier;75012;75112;Paris 12e Arrondissement;;;654703.88;6860802.41;2.382789;48.845674;parcelle;;;PARIS;RUE CROZATIER;commune;commune;vrai;
75112_2472_00009;75112_2472;9;;Rue Crozatier;75012;75112;Paris 12e Arrondissement;;;654680.78;6860794.92;2.382475;48.845605;parcelle;;;PARIS;RUE CROZATIER;commune;commune;vrai;
75112_2472_00010;75112_2472;10;;Rue Crozatier;75012;75112;Paris 12e Arrondissement;;;654696.58;6860816.59;2.382688;48.845801;parcelle;;;PARIS;RUE CROZATIER;commune;commune;vrai;
75112_2472_00011;75112_2472;11;;Rue Crozatier;75012;75112;Paris 12e Arrondissement;;;654674.35;6860807.42;2.382386;48.845717;parcelle;;;PARIS;RUE CROZATIER;commune;commune;vrai;
75112_2472_00012;75112_2472;12;;Rue Crozatier;75012;75112;Paris 12e Arrondissement;;;654690.58;6860828.2;2.382605;48.845905;parcelle;;;PARIS;RUE CROZATIER;commune;commune;vrai;
75112_2472_00014;75112_2472;14;;Rue Crozatier;75012;75112;Paris 12e Arrondissement;;;654684.07;6860840.7;2.382515;48.846017;parcelle;;;PARIS;RUE CROZATIER;commune;commune;vrai;
75112_2472_00015;75112_2472;15;;Rue Crozatier;75012;75112;Paris 12e Arrondissement;;;654659.16;6860836.78;2.382176;48.84598;parcelle;;;PARIS;RUE CROZATIER;commune;commune;vrai;
75112_2472_00016;75112_2472;16;;Rue Crozatier;75012;75112;Paris 12e Arrondissement;;;654677.64;6860853.21;2.382426;48.846129;parcelle;;;PARIS;RUE CROZATIER;commune;commune;vrai;
75112_2472_00017;75112_2472;17;;Rue Crozatier;75012;75112;Paris 12e Arrondissement;;;654655.41;6860844.15;2.382124;48.846046;parcelle;;;PARIS;RUE CROZATIER;commune;commune;vrai;
75112_2472_00018;75112_2472;18;;Rue Crozatier;75012;75112;Paris 12e Arrondissement;;;654669.98;6860868.06;2.38232;48.846262;parcelle;;;PARIS;RUE CROZATIER;commune;commune;vrai;
75112_2472_00019;75112_2472;19;;Rue Crozatier;75012;75112;Paris 12e Arrondissement;;;654649.84;6860854.87;2.382047;48.846142;parcelle;;;PARIS;RUE CROZATIER;commune;commune;vrai;
75112_2472_00020;75112_2472;20;;Rue Crozatier;75012;75112;Paris 12e Arrondissement;;;654660.94;6860885.7;2.382195;48.84642;parcelle;;;PARIS;RUE CROZATIER;commune;commune;vrai;
75112_2472_00021;75112_2472;21;;Rue Crozatier;75012;75112;Paris 12e Arrondissement;;;654639.57;6860874.74;2.381905;48.84632;parcelle;;;PARIS;RUE CROZATIER;commune;commune;vrai;
75112_2472_00022;75112_2472;22;;Rue Crozatier;75012;75112;Paris 12e Arrondissement;;;654652.41;6860902.11;2.382077;48.846567;parcelle;;;PARIS;RUE CROZATIER;commune;commune;vrai;
75112_2472_00023;75112_2472;23;;Rue Crozatier;75012;75112;Paris 12e Arrondissement;;;654631.62;6860890.04;2.381795;48.846457;parcelle;;;PARIS;RUE CROZATIER;commune;commune;vrai;
75112_2472_00024;75112_2472;24;;Rue Crozatier;75012;75112;Paris 12e Arrondissement;;;654630.21;6860944.87;2.38177;48.84695;parcelle;;;PARIS;RUE CROZATIER;commune;commune;vrai;
75112_2472_00025;75112_2472;25;;Rue Crozatier;75012;75112;Paris 12e Arrondissement;;;654625.26;6860902.43;2.381707;48.846568;parcelle;;;PARIS;RUE CROZATIER;commune;commune;vrai;
75112_2472_00026;75112_2472;26;;Rue Crozatier;75012;75112;Paris 12e Arrondissement;;;654625.44;6860954.25;2.381704;48.847034;parcelle;;;PARIS;RUE CROZATIER;commune;commune;vrai;
75112_2472_00028;75112_2472;28;;Rue Crozatier;75012;75112;Paris 12e Arrondissement;;;654616.33;6860971.89;2.381578;48.847192;parcelle;;;PARIS;RUE CROZATIER;commune;commune;vrai;
75112_2472_00030;75112_2472;30;;Rue Crozatier;75012;75112;Paris 12e Arrondissement;;;654609.97;6860984.17;2.38149;48.847302;parcelle;;;PARIS;RUE CROZATIER;commune;commune;vrai;
75112_2472_00031;75112_2472;31;;Rue Crozatier;75012;75112;Paris 12e Arrondissement;;;654602.49;6860946.53;2.381392;48.846963;parcelle;;;PARIS;RUE CROZATIER;commune;commune;vrai;
75112_2472_00032;75112_2472;32;;Rue Crozatier;75012;75112;Paris 12e Arrondissement;;;654602.67;6860998.46;2.381389;48.84743;parcelle;;;PARIS;RUE CROZATIER;commune;commune;vrai;
75112_2472_00033;75112_2472;33;;Rue Crozatier;75012;75112;Paris 12e Arrondissement;;;654589.76;6860971.21;2.381216;48.847184;parcelle;;;PARIS;RUE CROZATIER;commune;commune;vrai;
75112_2472_00034;75112_2472;34;;Rue Crozatier;75012;75112;Paris 12e Arrondissement;;;654596.6;6861010.3;2.381305;48.847536;parcelle;;;PARIS;RUE CROZATIER;commune;commune;vrai;
75112_2472_00035;75112_2472;35;;Rue Crozatier;75012;75112;Paris 12e Arrondissement;;;654583.33;6860983.6;2.381127;48.847295;parcelle;;;PARIS;RUE CROZATIER;commune;commune;vrai;
75112_2472_00036;75112_2472;36;;Rue Crozatier;75012;75112;Paris 12e Arrondissement;;;654588.94;6861025.15;2.381199;48.847669;parcelle;;;PARIS;RUE CROZATIER;commune;commune;vrai;
75112_2472_00037;75112_2472;37;;Rue Crozatier;75012;75112;Paris 12e Arrondissement;;;654578.19;6860993.54;2.381056;48.847384;parcelle;;;PARIS;RUE CROZATIER;commune;commune;vrai;
75112_2472_00038;75112_2472;38;;Rue Crozatier;75012;75112;Paris 12e Arrondissement;;;654574.91;6861052.39;2.381005;48.847913;parcelle;;;PARIS;RUE CROZATIER;commune;commune;vrai;
75112_2472_00039;75112_2472;39;;Rue Crozatier;75012;75112;Paris 12e Arrondissement;;;654575.45;6860998.9;2.381018;48.847432;parcelle;;;PARIS;RUE CROZATIER;commune;commune;vrai;
75112_2472_00040;75112_2472;40;;Rue Crozatier;75012;75112;Paris 12e Arrondissement;;;654572.09;6861057.86;2.380966;48.847962;parcelle;;;PARIS;RUE CROZATIER;commune;commune;vrai;
75112_2472_00041;75112_2472;41;;Rue Crozatier;75012;75112;Paris 12e Arrondissement;;;654568.58;6861012.18;2.380923;48.847551;parcelle;;;PARIS;RUE CROZATIER;commune;commune;vrai;
75112_2472_00043;75112_2472;43;;Rue Crozatier;75012;75112;Paris 12e Arrondissement;;;654537.49;6861072.25;2.380493;48.848089;parcelle;;;PARIS;RUE CROZATIER;commune;commune;vrai;
75112_2472_00044;75112_2472;44;;Rue Crozatier;75012;75112;Paris 12e Arrondissement;;;654545.34;6861109.33;2.380596;48.848423;parcelle;;;PARIS;RUE CROZATIER;commune;commune;vrai;
75112_2472_00045;75112_2472;45;;Rue Crozatier;75012;75112;Paris 12e Arrondissement;;;654531.06;6861084.65;2.380404;48.8482;parcelle;;;PARIS;RUE CROZATIER;commune;commune;vrai;
75112_2472_00046;75112_2472;46;;Rue Crozatier;75012;75112;Paris 12e Arrondissement;;;654539.85;6861119.94;2.38052;48.848518;parcelle;;;PARIS;RUE CROZATIER;commune;commune;vrai;
75112_2472_00047;75112_2472;47;;Rue Crozatier;75012;75112;Paris 12e Arrondissement;;;654521.16;6861103.74;2.380267;48.848371;parcelle;;;PARIS;RUE CROZATIER;commune;commune;vrai;
75112_2472_00048;75112_2472;48;;Rue Crozatier;75012;75112;Paris 12e Arrondissement;;;654533.2;6861132.78;2.380428;48.848633;parcelle;;;PARIS;RUE CROZATIER;commune;commune;vrai;
75112_2472_00049;75112_2472;49;;Rue Crozatier;75012;75112;Paris 12e Arrondissement;;;654514.87;6861115.91;2.38018;48.84848;parcelle;;;PARIS;RUE CROZATIER;commune;commune;vrai;
75112_2472_00050;75112_2472;50;;Rue Crozatier;75012;75112;Paris 12e Arrondissement;;;654524.09;6861150.2;2.380302;48.848789;parcelle;;;PARIS;RUE CROZATIER;commune;commune;vrai;
75112_2472_00051;75112_2472;51;;Rue Crozatier;75012;75112;Paris 12e Arrondissement;;;654510.02;6861125.4;2.380113;48.848565;parcelle;;;PARIS;RUE CROZATIER;commune;commune;vrai;
75112_2472_00052;75112_2472;52;;Rue Crozatier;75012;75112;Paris 12e Arrondissement;;;654514.55;6861168.62;2.38017;48.848954;parcelle;;;PARIS;RUE CROZATIER;commune;commune;vrai;
75112_2472_00053;75112_2472;53;;Rue Crozatier;75012;75112;Paris 12e Arrondissement;;;654504.6;6861135.89;2.380038;48.848659;parcelle;;;PARIS;RUE CROZATIER;commune;commune;vrai;
75112_2472_00054;75112_2472;54;;Rue Crozatier;75012;75112;Paris 12e Arrondissement;;;654509.49;6861178.44;2.3801;48.849042;parcelle;;;PARIS;RUE CROZATIER;commune;commune;vrai;
75112_2472_00055;75112_2472;55;;Rue Crozatier;75012;75112;Paris 12e Arrondissement;;;654497.95;6861148.73;2.379946;48.848774;parcelle;;;PARIS;RUE CROZATIER;commune;commune;vrai;
75112_2472_00056;75112_2472;56;;Rue Crozatier;75012;75112;Paris 12e Arrondissement;;;654503.56;6861189.94;2.380018;48.849145;parcelle;;;PARIS;RUE CROZATIER;commune;commune;vrai;
75112_2472_00057;75112_2472;57;;Rue Crozatier;75012;75112;Paris 12e Arrondissement;;;654491.01;6861162.13;2.37985;48.848894;parcelle;;;PARIS;RUE CROZATIER;commune;commune;vrai;
75112_2472_00058;75112_2472;58;;Rue Crozatier;75012;75112;Paris 12e Arrondissement;;;654496.19;6861204.12;2.379916;48.849272;parcelle;;;PARIS;RUE CROZATIER;commune;commune;vrai;
75112_2472_00060;75112_2472;60;;Rue Crozatier;75012;75112;Paris 12e Arrondissement;;;654486.72;6861222.55;2.379785;48.849437;parcelle;;;PARIS;RUE CROZATIER;commune;commune;vrai;
75112_2472_00061;75112_2472;61;;Rue Crozatier;75012;75112;Paris 12e Arrondissement;;;654485.81;6861172.18;2.379778;48.848984;parcelle;;;PARIS;RUE CROZATIER;commune;commune;vrai;
75112_2472_00062;75112_2472;62;;Rue Crozatier;75012;75112;Paris 12e Arrondissement;;;654482.88;6861229.91;2.379732;48.849503;parcelle;;;PARIS;RUE CROZATIER;commune;commune;vrai;
75112_2472_00063;75112_2472;63;;Rue Crozatier;75012;75112;Paris 12e Arrondissement;;;654481.98;6861179.55;2.379725;48.84905;parcelle;;;PARIS;RUE CROZATIER;commune;commune;vrai;
75112_2472_00064;75112_2472;64;;Rue Crozatier;75012;75112;Paris 12e Arrondissement;;;654478.98;6861237.62;2.379678;48.849572;parcelle;;;PARIS;RUE CROZATIER;commune;commune;vrai;
75112_2472_00066;75112_2472;66;;Rue Crozatier;75012;75112;Paris 12e Arrondissement;;;654468.28;6861258.16;2.37953;48.849756;parcelle;;;PARIS;RUE CROZATIER;commune;commune;vrai;
75112_2472_00067;75112_2472;67;;Rue Crozatier;75012;75112;Paris 12e Arrondissement;;;654474.53;6861193.95;2.379622;48.849179;parcelle;;;PARIS;RUE CROZATIER;commune;commune;vrai;
75112_2472_00068;75112_2472;68;;Rue Crozatier;75012;75112;Paris 12e Arrondissement;;;654465.25;6861263.97;2.379488;48.849808;parcelle;;;PARIS;RUE CROZATIER;commune;commune;vrai;
75112_2472_00069;75112_2472;69;;Rue Crozatier;75012;75112;Paris 12e Arrondissement;;;654466.29;6861209.81;2.379508;48.849321;parcelle;;;PARIS;RUE CROZATIER;commune;commune;vrai;
75112_2472_00070;75112_2472;70;;Rue Crozatier;75012;75112;Paris 12e Arrondissement;;;654460.19;6861273.79;2.379418;48.849896;parcelle;;;PARIS;RUE CROZATIER;commune;commune;vrai;
75112_2472_00071;75112_2472;71;;Rue Crozatier;75012;75112;Paris 12e Arrondissement;;;654460.72;6861220.75;2.379431;48.849419;parcelle;;;PARIS;RUE CROZATIER;commune;commune;vrai;
75112_2472_00072;75112_2472;72;;Rue Crozatier;75012;75112;Paris 12e Arrondissement;;;654449.49;6861294.67;2.37927;48.850083;parcelle;;;PARIS;RUE CROZATIER;commune;commune;vrai;
75112_2472_00073;75112_2472;73;;Rue Crozatier;75012;75112;Paris 12e Arrondissement;;;654455.52;6861230.69;2.379359;48.849508;parcelle;;;PARIS;RUE CROZATIER;commune;commune;vrai;
75112_2472_00074;75112_2472;74;;Rue Crozatier;75012;75112;Paris 12e Arrondissement;;;654432.21;6861328.06;2.379031;48.850382;parcelle;;;PARIS;RUE CROZATIER;commune;commune;vrai;
75112_2472_00075;75112_2472;75;;Rue Crozatier;75012;75112;Paris 12e Arrondissement;;;654446.84;6861247.54;2.379239;48.849659;parcelle;;;PARIS;RUE CROZATIER;commune;commune;vrai;
75112_2472_00077;75112_2472;77;;Rue Crozatier;75012;75112;Paris 12e Arrondissement;;;654436.72;6861267.08;2.379099;48.849834;parcelle;;;PARIS;RUE CROZATIER;commune;commune;vrai;
75112_2472_00079;75112_2472;79;;Rue Crozatier;75012;75112;Paris 12e Arrondissement;;;654417.35;6861304.71;2.378831;48.850171;parcelle;;;PARIS;RUE CROZATIER;commune;commune;vrai;
75112_2472_00081;75112_2472;81;;Rue Crozatier;75012;75112;Paris 12e Arrondissement;;;654411.28;6861316.43;2.378747;48.850276;parcelle;;;PARIS;RUE CROZATIER;commune;commune;vrai;
75112_2472_00083;75112_2472;83;;Rue Crozatier;75012;75112;Paris 12e Arrondissement;;;654403.11;6861332.18;2.378634;48.850417;parcelle;;;PARIS;RUE CROZATIER;commune;commune;vrai;
75112_2472_00074_b;75112_2472;74;b;Rue Crozatier;75012;75112;Paris 12e Arrondissement;;;654427.51;6861337.1;2.378966;48.850463;parcelle;;;PARIS;RUE CROZATIER;commune;commune;vrai;
75112_2472_00041_b;75112_2472;41;b;Rue Crozatier;75012;75112;Paris 12e Arrondissement;;;654558.03;6861032.62;2.380777;48.847734;parcelle;;;PARIS;RUE CROZATIER;commune;commune;vrai;
75112_2472_00064_z;75112_2472;64;z;Rue Crozatier;75012;75112;Paris 12e Arrondissement;;;654476.48;6861245.42;2.379643;48.849642;parcelle;;;PARIS;RUE CROZATIER;commune;commune;vrai;
75112_2472_00041_a;75112_2472;41;a;Rue Crozatier;75012;75112;Paris 12e Arrondissement;;;654560.13;6861002.02;2.380809;48.847459;parcelle;;;PARIS;RUE CROZATIER;commune;commune;vrai;
75112_1865_00019;75112_1865;19;;Rue Charles Nicolle;75012;75112;Paris 12e Arrondissement;;;654947.38;6860649.61;2.386123;48.844317;parcelle;;;PARIS;RUE CHARLES NICOLLE;commune;commune;vrai;
75112_1865_00021;75112_1865;21;;Rue Charles Nicolle;75012;75112;Paris 12e Arrondissement;;;654947.63;6860662.4;2.386125;48.844432;parcelle;;;PARIS;RUE CHARLES NICOLLE;commune;commune;vrai;
75112_1865_00022;75112_1865;22;;Rue Charles Nicolle;75012;75112;Paris 12e Arrondissement;;;654959.03;6860666.09;2.38628;48.844466;parcelle;;;PARIS;RUE CHARLES NICOLLE;commune;commune;vrai;
75112_1865_00023;75112_1865;23;;Rue Charles Nicolle;75012;75112;Paris 12e Arrondissement;;;654947.69;6860680.3;2.386124;48.844593;parcelle;;;PARIS;RUE CHARLES NICOLLE;commune;commune;vrai;
75112_1865_00024;75112_1865;24;;Rue Charles Nicolle;75012;75112;Paris 12e Arrondissement;;;654959.23;6860681.77;2.386281;48.844607;parcelle;;;PARIS;RUE CHARLES NICOLLE;commune;commune;vrai;
75112_1865_00027;75112_1865;27;;Rue Charles Nicolle;75012;75112;Paris 12e Arrondissement;;;654954.08;6860698.71;2.386209;48.844759;parcelle;;;PARIS;RUE CHARLES NICOLLE;commune;commune;vrai;
75112_1865_00028;75112_1865;28;;Rue Charles Nicolle;75012;75112;Paris 12e Arrondissement;;;654959.49;6860696.67;2.386283;48.844741;parcelle;;;PARIS;RUE CHARLES NICOLLE;commune;commune;vrai;
75112_3269_00001;75112_3269;1;;Rue Emilio Castelar;75012;75112;Paris 12e Arrondissement;;;654134.89;6861202.64;2.374993;48.849233;parcelle;;;PARIS;RUE EMILIO CASTELAR;commune;commune;vrai;
75112_3269_00002;75112_3269;2;;Rue Emilio Castelar;75012;75112;Paris 12e Arrondissement;;;654141.37;6861187.13;2.375083;48.849094;parcelle;;;PARIS;RUE EMILIO CASTELAR;commune;commune;vrai;
75112_3269_00003;75112_3269;3;;Rue Emilio Castelar;75012;75112;Paris 12e Arrondissement;;;654152.41;6861199.38;2.375232;48.849205;parcelle;;;PARIS;RUE EMILIO CASTELAR;commune;commune;vrai;
75112_3269_00004;75112_3269;4;;Rue Emilio Castelar;75012;75112;Paris 12e Arrondissement;;;654155;6861184.57;2.375269;48.849072;parcelle;;;PARIS;RUE EMILIO CASTELAR;commune;commune;vrai;
75112_3269_00005;75112_3269;5;;Rue Emilio Castelar;75012;75112;Paris 12e Arrondissement;;;654171.68;6861195.67;2.375495;48.849173;parcelle;;;PARIS;RUE EMILIO CASTELAR;commune;commune;vrai;
75112_3269_00006;75112_3269;6;;Rue Emilio Castelar;75012;75112;Paris 12e Arrondissement;;;654163.94;6861182.95;2.375391;48.849058;parcelle;;;PARIS;RUE EMILIO CASTELAR;commune;commune;vrai;
75112_3269_00007;75112_3269;7;;Rue Emilio Castelar;75012;75112;Paris 12e Arrondissement;;;654185.53;6861193.12;2.375684;48.849151;parcelle;;;PARIS;RUE EMILIO CASTELAR;commune;commune;vrai;
75112_3269_00008;75112_3269;8;;Rue Emilio Castelar;75012;75112;Paris 12e Arrondissement;;;654172.88;6861181.21;2.375513;48.849043;parcelle;;;PARIS;RUE EMILIO CASTELAR;commune;commune;vrai;
75112_3269_00009;75112_3269;9;;Rue Emilio Castelar;75012;75112;Paris 12e Arrondissement;;;654228.17;6861185;2.376266;48.849081;parcelle;;;PARIS;RUE EMILIO CASTELAR;commune;commune;vrai;
75112_3269_00010;75112_3269;10;;Rue Emilio Castelar;75012;75112;Paris 12e Arrondissement;;;654182.12;6861179.47;2.375639;48.849028;parcelle;;;PARIS;RUE EMILIO CASTELAR;commune;commune;vrai;
75112_3269_00011;75112_3269;11;;Rue Emilio Castelar;75012;75112;Paris 12e Arrondissement;;;654258;6861179.42;2.376673;48.849033;parcelle;;;PARIS;RUE EMILIO CASTELAR;commune;commune;vrai;
75112_3269_00012;75112_3269;12;;Rue Emilio Castelar;75012;75112;Paris 12e Arrondissement;;;654225.72;6861171.23;2.376234;48.848957;parcelle;;;PARIS;RUE EMILIO CASTELAR;commune;commune;vrai;
75112_3269_00013;75112_3269;13;;Rue Emilio Castelar;75012;75112;Paris 12e Arrondissement;;;654271.04;6861176.98;2.376851;48.849012;parcelle;;;PARIS;RUE EMILIO CASTELAR;commune;commune;vrai;
75112_3269_00014;75112_3269;14;;Rue Emilio Castelar;75012;75112;Paris 12e Arrondissement;;;654250.92;6861166.47;2.376578;48.848916;parcelle;;;PARIS;RUE EMILIO CASTELAR;commune;commune;vrai;
75112_3269_00015;75112_3269;15;;Rue Emilio Castelar;75012;75112;Paris 12e Arrondissement;;;654290.31;6861173.27;2.377114;48.84898;parcelle;;;PARIS;RUE EMILIO CASTELAR;commune;commune;vrai;
75112_3269_00016;75112_3269;16;;Rue Emilio Castelar;75012;75112;Paris 12e Arrondissement;;;654266.46;6861163.57;2.37679;48.848891;parcelle;;;PARIS;RUE EMILIO CASTELAR;commune;commune;vrai;
75112_3269_00018;75112_3269;18;;Rue Emilio Castelar;75012;75112;Paris 12e Arrondissement;;;654284.78;6861160.09;2.37704;48.848861;parcelle;;;PARIS;RUE EMILIO CASTELAR;commune;commune;vrai;
75112_3269_00001_b;75112_3269;1;b;Rue Emilio Castelar;75012;75112;Paris 12e Arrondissement;;;654141.41;6861201.36;2.375082;48.849222;parcelle;;;PARIS;RUE EMILIO CASTELAR;commune;commune;vrai;
75112_3269_00018_z;75112_3269;18;z;Rue Emilio Castelar;75012;75112;Paris 12e Arrondissement;;;654291.59;6861158.81;2.377133;48.84885;parcelle;;;PARIS;RUE EMILIO CASTELAR;commune;commune;vrai;
75112_3269_00010_b;75112_3269;10;b;Rue Emilio Castelar;75012;75112;Paris 12e Arrondissement;;;654190.18;6861177.96;2.375749;48.849015;parcelle;;;PARIS;RUE EMILIO CASTELAR;commune;commune;vrai;
75112_8037_00016;75112_8037;16;;Quai de la Rapée;75012;75112;Paris 12e Arrondissement;;;654113.75;6860201.14;2.374813;48.840225;parcelle;;;PARIS;QUAI DE LA RAPEE;commune;commune;vrai;
75112_8037_00018;75112_8037;18;;Quai de la Rapée;75012;75112;Paris 12e Arrondissement;;;654105.89;6860209.65;2.374705;48.840301;parcelle;;;PARIS;QUAI DE LA RAPEE;commune;commune;vrai;
75112_8037_00020;75112_8037;20;;Quai de la Rapée;75012;75112;Paris 12e Arrondissement;;;654090.35;6860229.9;2.374491;48.840482;parcelle;;;PARIS;QUAI DE LA RAPEE;commune;commune;vrai;
75112_8037_00022;75112_8037;22;;Quai de la Rapée;75012;75112;Paris 12e Arrondissement;;;654083.88;6860238.51;2.374402;48.840559;parcelle;;;PARIS;QUAI DE LA RAPEE;commune;commune;vrai;
75112_8037_00024;75112_8037;24;;Quai de la Rapée;75012;75112;Paris 12e Arrondissement;;;654078.94;6860244.89;2.374334;48.840616;parcelle;;;PARIS;QUAI DE LA RAPEE;commune;commune;vrai;
75112_8037_00026;75112_8037;26;;Quai de la Rapée;75012;75112;Paris 12e Arrondissement;;;654072.55;6860253.28;2.374246;48.840691;parcelle;;;PARIS;QUAI DE LA RAPEE;commune;commune;vrai;
75112_8037_00028;75112_8037;28;;Quai de la Rapée;75012;75112;Paris 12e Arrondissement;;;654067.1;6860260.55;2.374171;48.840756;parcelle;;;PARIS;QUAI DE LA RAPEE;commune;commune;vrai;
75112_8037_00030;75112_8037;30;;Quai de la Rapée;75012;75112;Paris 12e Arrondissement;;;654037.31;6860289.92;2.373762;48.841018;parcelle;;;PARIS;QUAI DE LA RAPEE;commune;commune;vrai;
75112_8037_00032;75112_8037;32;;Quai de la Rapée;75012;75112;Paris 12e Arrondissement;;;654032.09;6860296.97;2.37369;48.841081;parcelle;;;PARIS;QUAI DE LA RAPEE;commune;commune;vrai;
75112_8037_00034;75112_8037;34;;Quai de la Rapée;75012;75112;Paris 12e Arrondissement;;;654017.2;6860316.88;2.373485;48.841259;parcelle;;;PARIS;QUAI DE LA RAPEE;commune;commune;vrai;
75112_8037_00036;75112_8037;36;;Quai de la Rapée;75012;75112;Paris 12e Arrondissement;;;653999.7;6860340.37;2.373244;48.841469;parcelle;;;PARIS;QUAI DE LA RAPEE;commune;commune;vrai;
75112_8037_00038;75112_8037;38;;Quai de la Rapée;75012;75112;Paris 12e Arrondissement;;;653992.65;6860349.77;2.373147;48.841553;parcelle;;;PARIS;QUAI DE LA RAPEE;commune;commune;vrai;
75112_8037_00040;75112_8037;40;;Quai de la Rapée;75012;75112;Paris 12e Arrondissement;;;653986.04;6860358.6;2.373056;48.841632;parcelle;;;PARIS;QUAI DE LA RAPEE;commune;commune;vrai;
75112_8037_00042;75112_8037;42;;Quai de la Rapée;75012;75112;Paris 12e Arrondissement;;;653978.86;6860378.23;2.372956;48.841808;parcelle;;;PARIS;QUAI DE LA RAPEE;commune;commune;vrai;
75112_8037_00044;75112_8037;44;;Quai de la Rapée;75012;75112;Paris 12e Arrondissement;;;653968.91;6860391.54;2.372819;48.841927;parcelle;;;PARIS;QUAI DE LA RAPEE;commune;commune;vrai;
75112_8037_00046;75112_8037;46;;Quai de la Rapée;75012;75112;Paris 12e Arrondissement;;;653960.92;6860401.84;2.372709;48.842019;parcelle;;;PARIS;QUAI DE LA RAPEE;commune;commune;vrai;
75112_8037_00048;75112_8037;48;;Quai de la Rapée;75012;75112;Paris 12e Arrondissement;;;653945.45;6860422.75;2.372496;48.842206;parcelle;;;PARIS;QUAI DE LA RAPEE;commune;commune;vrai;
75112_8037_00050;75112_8037;50;;Quai de la Rapée;75012;75112;Paris 12e Arrondissement;;;653936.08;6860435.28;2.372367;48.842318;parcelle;;;PARIS;QUAI DE LA RAPEE;commune;commune;vrai;
75112_8037_00052;75112_8037;52;;Quai de la Rapée;75012;75112;Paris 12e Arrondissement;;;653915.2;6860467.92;2.372079;48.84261;parcelle;;;PARIS;QUAI DE LA RAPEE;commune;commune;vrai;
75112_8037_00054;75112_8037;54;;Quai de la Rapée;75012;75112;Paris 12e Arrondissement;;;653909.49;6860488.31;2.371999;48.842793;parcelle;;;PARIS;QUAI DE LA RAPEE;commune;commune;vrai;
75112_8037_00056;75112_8037;56;;Quai de la Rapée;75012;75112;Paris 12e Arrondissement;;;653900.9;6860497.39;2.371881;48.842874;parcelle;;;PARIS;QUAI DE LA RAPEE;commune;commune;vrai;
75112_8037_00057;75112_8037;57;;Quai de la Rapée;75012;75112;Paris 12e Arrondissement;;;653845.33;6860449.46;2.371129;48.842439;parcelle;;;PARIS;QUAI DE LA RAPEE;commune;commune;vrai;
75112_8037_00058;75112_8037;58;;Quai de la Rapée;75012;75112;Paris 12e Arrondissement;;;653879.51;6860520.13;2.371587;48.843077;parcelle;;;PARIS;QUAI DE LA RAPEE;commune;commune;vrai;
75112_8037_00060;75112_8037;60;;Quai de la Rapée;75012;75112;Paris 12e Arrondissement;;;653864.09;6860537.6;2.371375;48.843233;parcelle;;;PARIS;QUAI DE LA RAPEE;commune;commune;vrai;
75112_8037_00062;75112_8037;62;;Quai de la Rapée;75012;75112;Paris 12e Arrondissement;;;653849.17;6860553.95;2.37117;48.843379;parcelle;;;PARIS;QUAI DE LA RAPEE;commune;commune;vrai;
75112_8037_00068;75112_8037;68;;Quai de la Rapée;75012;75112;Paris 12e Arrondissement;;;653819.69;6860593.44;2.370764;48.843732;parcelle;;;PARIS;QUAI DE LA RAPEE;commune;commune;vrai;
75112_8037_00070;75112_8037;70;;Quai de la Rapée;75012;75112;Paris 12e Arrondissement;;;653809.65;6860605.53;2.370626;48.84384;parcelle;;;PARIS;QUAI DE LA RAPEE;commune;commune;vrai;
75112_8037_00072;75112_8037;72;;Quai de la Rapée;75012;75112;Paris 12e Arrondissement;;;653795.26;6860623.1;2.370428;48.843997;parcelle;;;PARIS;QUAI DE LA RAPEE;commune;commune;vrai;
75112_8037_00074;75112_8037;74;;Quai de la Rapée;75012;75112;Paris 12e Arrondissement;;;653782.47;6860638.66;2.370252;48.844136;parcelle;;;PARIS;QUAI DE LA RAPEE;commune;commune;vrai;
75112_8037_00076;75112_8037;76;;Quai de la Rapée;75012;75112;Paris 12e Arrondissement;;;653769.89;6860653.88;2.370079;48.844272;parcelle;;;PARIS;QUAI DE LA RAPEE;commune;commune;vrai;
75112_8037_00078;75112_8037;78;;Quai de la Rapée;75012;75112;Paris 12e Arrondissement;;;653761.61;6860664.29;2.369965;48.844365;parcelle;;;PARIS;QUAI DE LA RAPEE;commune;commune;vrai;
75112_8037_00080;75112_8037;80;;Quai de la Rapée;75012;75112;Paris 12e Arrondissement;;;653753.18;6860674.81;2.369849;48.844459;parcelle;;;PARIS;QUAI DE LA RAPEE;commune;commune;vrai;
75112_8037_00082;75112_8037;82;;Quai de la Rapée;75012;75112;Paris 12e Arrondissement;;;653741.26;6860689.81;2.369685;48.844593;parcelle;;;PARIS;QUAI DE LA RAPEE;commune;commune;vrai;
75112_8037_00084;75112_8037;84;;Quai de la Rapée;75012;75112;Paris 12e Arrondissement;;;653729.42;6860704.58;2.369522;48.844725;parcelle;;;PARIS;QUAI DE LA RAPEE;commune;commune;vrai;
75112_8037_00086;75112_8037;86;;Quai de la Rapée;75012;75112;Paris 12e Arrondissement;;;653701.41;6860716.7;2.369139;48.844832;parcelle;;;PARIS;QUAI DE LA RAPEE;commune;commune;vrai;
75112_8037_00088;75112_8037;88;;Quai de la Rapée;75012;75112;Paris 12e Arrondissement;;;653694.35;6860724.88;2.369042;48.844905;parcelle;;;PARIS;QUAI DE LA RAPEE;commune;commune;vrai;
75112_8037_00090;75112_8037;90;;Quai de la Rapée;75012;75112;Paris 12e Arrondissement;;;653684.75;6860736.18;2.36891;48.845006;parcelle;;;PARIS;QUAI DE LA RAPEE;commune;commune;vrai;
75112_8037_00092;75112_8037;92;;Quai de la Rapée;75012;75112;Paris 12e Arrondissement;;;653646.07;6860781.86;2.368378;48.845414;parcelle;;;PARIS;QUAI DE LA RAPEE;commune;commune;vrai;
75112_8037_00094;75112_8037;94;;Quai de la Rapée;75012;75112;Paris 12e Arrondissement;;;653636.41;6860793.28;2.368245;48.845516;parcelle;;;PARIS;QUAI DE LA RAPEE;commune;commune;vrai;
75112_8037_00096;75112_8037;96;;Quai de la Rapée;75012;75112;Paris 12e Arrondissement;;;653619.47;6860813.32;2.368012;48.845695;parcelle;;;PARIS;QUAI DE LA RAPEE;commune;commune;vrai;
75112_8037_00098;75112_8037;98;;Quai de la Rapée;75012;75112;Paris 12e Arrondissement;;;653580.13;6860859.67;2.367471;48.846109;parcelle;;;PARIS;QUAI DE LA RAPEE;commune;commune;vrai;
75112_8037_00100;75112_8037;100;;Quai de la Rapée;75012;75112;Paris 12e Arrondissement;;;653564.14;6860878.7;2.367251;48.846279;parcelle;;;PARIS;QUAI DE LA RAPEE;commune;commune;vrai;
75112_8037_00102;75112_8037;102;;Quai de la Rapée;75012;75112;Paris 12e Arrondissement;;;653563.01;6860902.4;2.367233;48.846492;parcelle;;;PARIS;QUAI DE LA RAPEE;commune;commune;vrai;
75112_8037_00040_b;75112_8037;40;b;Quai de la Rapée;75012;75112;Paris 12e Arrondissement;;;653980.52;6860365.99;2.37298;48.841698;parcelle;;;PARIS;QUAI DE LA RAPEE;commune;commune;vrai;
75112_8037_00034_b;75112_8037;34;b;Quai de la Rapée;75012;75112;Paris 12e Arrondissement;;;654009.72;6860326.84;2.373382;48.841348;parcelle;;;PARIS;QUAI DE LA RAPEE;commune;commune;vrai;
75112_8037_00018_b;75112_8037;18;b;Quai de la Rapée;75012;75112;Paris 12e Arrondissement;;;654096.3;6860222.18;2.374573;48.840413;parcelle;;;PARIS;QUAI DE LA RAPEE;commune;commune;vrai;
75112_8037_00042_a;75112_8037;42;a;Quai de la Rapée;75012;75112;Paris 12e Arrondissement;;;653980.52;6860430.26;2.372973;48.842276;parcelle;;;PARIS;QUAI DE LA RAPEE;commune;commune;vrai;
75112_8037_00046_ap;75112_8037;46;ap;Quai de la Rapée;75012;75112;Paris 12e Arrondissement;;;653929.55;6860445.12;2.372277;48.842406;parcelle;;;PARIS;QUAI DE LA RAPEE;commune;commune;vrai;
75112_8037_00056_b;75112_8037;56;b;Quai de la Rapée;75012;75112;Paris 12e Arrondissement;;;653890.28;6860509.48;2.371735;48.842982;parcelle;;;PARIS;QUAI DE LA RAPEE;commune;commune;vrai;
75112_8037_00100_b;75112_8037;100;b;Quai de la Rapée;75012;75112;Paris 12e Arrondissement;;;653553.23;6860891.58;2.367101;48.846394;parcelle;;;PARIS;QUAI DE LA RAPEE;commune;commune;vrai;
75112_8037_00042_p;75112_8037;42;p;Quai de la Rapée;75012;75112;Paris 12e Arrondissement;;;653935.55;6860451.3;2.372358;48.842462;parcelle;;;PARIS;QUAI DE LA RAPEE;commune;commune;vrai;
75112_8037_00046_a;75112_8037;46;a;Quai de la Rapée;75012;75112;Paris 12e Arrondissement;;;653954.35;6860415.57;2.372618;48.842142;parcelle;;;PARIS;QUAI DE LA RAPEE;commune;commune;vrai;
75112_8037_00046_p;75112_8037;46;p;Quai de la Rapée;75012;75112;Paris 12e Arrondissement;;;653965.83;6860401.58;2.372776;48.842017;parcelle;;;PARIS;QUAI DE LA RAPEE;commune;commune;vrai;
75112_8037_00032_b;75112_8037;32;b;Quai de la Rapée;75012;75112;Paris 12e Arrondissement;;;654025.48;6860305.81;2.373599;48.84116;parcelle;;;PARIS;QUAI DE LA RAPEE;commune;commune;vrai;
75112_9846_00001;75112_9846;1;;Rue Villiot;75012;75112;Paris 12e Arrondissement;;;654047.5;6860287.17;2.373901;48.840994;parcelle;;;PARIS;RUE VILLIOT;commune;commune;vrai;
75112_9846_00002;75112_9846;2;;Rue Villiot;75012;75112;Paris 12e Arrondissement;;;654071.9;6860273.08;2.374235;48.840869;parcelle;;;PARIS;RUE VILLIOT;commune;commune;vrai;
75112_9846_00003;75112_9846;3;;Rue Villiot;75012;75112;Paris 12e Arrondissement;;;654057.46;6860294.66;2.374036;48.841062;parcelle;;;PARIS;RUE VILLIOT;commune;commune;vrai;
75112_9846_00004;75112_9846;4;;Rue Villiot;75012;75112;Paris 12e Arrondissement;;;654081.28;6860280.12;2.374362;48.840933;parcelle;;;PARIS;RUE VILLIOT;commune;commune;vrai;
75112_9846_00005;75112_9846;5;;Rue Villiot;75012;75112;Paris 12e Arrondissement;;;654069.13;6860303.46;2.374194;48.841142;parcelle;;;PARIS;RUE VILLIOT;commune;commune;vrai;
75112_9846_00006;75112_9846;6;;Rue Villiot;75012;75112;Paris 12e Arrondissement;;;654093.31;6860289.26;2.374525;48.841016;parcelle;;;PARIS;RUE VILLIOT;commune;commune;vrai;
75112_9846_00007;75112_9846;7;;Rue Villiot;75012;75112;Paris 12e Arrondissement;;;654078.07;6860310.28;2.374315;48.841204;parcelle;;;PARIS;RUE VILLIOT;commune;commune;vrai;
75112_9846_00008;75112_9846;8;;Rue Villiot;75012;75112;Paris 12e Arrondissement;;;654106.16;6860298.94;2.374699;48.841104;parcelle;;;PARIS;RUE VILLIOT;commune;commune;vrai;
75112_9846_00009;75112_9846;9;;Rue Villiot;75012;75112;Paris 12e Arrondissement;;;654103.1;6860329.21;2.374654;48.841376;parcelle;;;PARIS;RUE VILLIOT;commune;commune;vrai;
75112_9846_00010;75112_9846;10;;Rue Villiot;75012;75112;Paris 12e Arrondissement;;;654120.26;6860309.61;2.37489;48.841201;parcelle;;;PARIS;RUE VILLIOT;commune;commune;vrai;
75112_9846_00011;75112_9846;11;;Rue Villiot;75012;75112;Paris 12e Arrondissement;;;654109.67;6860334.16;2.374743;48.841421;parcelle;;;PARIS;RUE VILLIOT;commune;commune;vrai;
75112_9846_00012;75112_9846;12;;Rue Villiot;75012;75112;Paris 12e Arrondissement;;;654131.49;6860318.09;2.375042;48.841278;parcelle;;;PARIS;RUE VILLIOT;commune;commune;vrai;
75112_9846_00013;75112_9846;13;;Rue Villiot;75012;75112;Paris 12e Arrondissement;;;654116.68;6860339.44;2.374838;48.841469;parcelle;;;PARIS;RUE VILLIOT;commune;commune;vrai;
75112_9846_00014;75112_9846;14;;Rue Villiot;75012;75112;Paris 12e Arrondissement;;;654142.05;6860326.12;2.375185;48.841351;parcelle;;;PARIS;RUE VILLIOT;commune;commune;vrai;
75112_9846_00015;75112_9846;15;;Rue Villiot;75012;75112;Paris 12e Arrondissement;;;654123.18;6860344.4;2.374926;48.841514;parcelle;;;PARIS;RUE VILLIOT;commune;commune;vrai;
75112_9846_00016;75112_9846;16;;Rue Villiot;75012;75112;Paris 12e Arrondissement;;;654152.75;6860334.15;2.37533;48.841424;parcelle;;;PARIS;RUE VILLIOT;commune;commune;vrai;
75112_9846_00017;75112_9846;17;;Rue Villiot;75012;75112;Paris 12e Arrondissement;;;654129.53;6860349.13;2.375012;48.841557;parcelle;;;PARIS;RUE VILLIOT;commune;commune;vrai;
75112_9846_00018;75112_9846;18;;Rue Villiot;75012;75112;Paris 12e Arrondissement;;;654162.87;6860341.86;2.375467;48.841494;parcelle;;;PARIS;RUE VILLIOT;commune;commune;vrai;
75112_9846_00019;75112_9846;19;;Rue Villiot;75012;75112;Paris 12e Arrondissement;;;654136.03;6860354.08;2.3751;48.841602;parcelle;;;PARIS;RUE VILLIOT;commune;commune;vrai;
75112_9846_00020;75112_9846;20;;Rue Villiot;75012;75112;Paris 12e Arrondissement;;;654173.65;6860350.56;2.375613;48.841573;parcelle;;;PARIS;RUE VILLIOT;commune;commune;vrai;
75112_9846_00021;75112_9846;21;;Rue Villiot;75012;75112;Paris 12e Arrondissement;;;654151.98;6860366.18;2.375316;48.841712;parcelle;;;PARIS;RUE VILLIOT;commune;commune;vrai;
75112_9846_00022;75112_9846;22;;Rue Villiot;75012;75112;Paris 12e Arrondissement;;;654185.76;6860359.69;2.375777;48.841656;parcelle;;;PARIS;RUE VILLIOT;commune;commune;vrai;
75112_9846_00023;75112_9846;23;;Rue Villiot;75012;75112;Paris 12e Arrondissement;;;654158.92;6860371.47;2.37541;48.84176;parcelle;;;PARIS;RUE VILLIOT;commune;commune;vrai;
75112_9846_00024;75112_9846;24;;Rue Villiot;75012;75112;Paris 12e Arrondissement;;;654198.46;6860369.26;2.375949;48.841743;parcelle;;;PARIS;RUE VILLIOT;commune;commune;vrai;
75112_9846_00025;75112_9846;25;;Rue Villiot;75012;75112;Paris 12e Arrondissement;;;654166.97;6860377.52;2.375519;48.841815;parcelle;;;PARIS;RUE VILLIOT;commune;commune;vrai;
75112_9846_00026;75112_9846;26;;Rue Villiot;75012;75112;Paris 12e Arrondissement;;;654210.28;6860378.29;2.376109;48.841825;parcelle;;;PARIS;RUE VILLIOT;commune;commune;vrai;
75112_9846_00027;75112_9846;27;;Rue Villiot;75012;75112;Paris 12e Arrondissement;;;654173.83;6860382.69;2.375612;48.841862;parcelle;;;PARIS;RUE VILLIOT;commune;commune;vrai;
75112_9846_00028;75112_9846;28;;Rue Villiot;75012;75112;Paris 12e Arrondissement;;;654223.49;6860387.64;2.376288;48.84191;parcelle;;;PARIS;RUE VILLIOT;commune;commune;vrai;
75112_9846_00029;75112_9846;29;;Rue Villiot;75012;75112;Paris 12e Arrondissement;;;654181.37;6860388.41;2.375714;48.841914;parcelle;;;PARIS;RUE VILLIOT;commune;commune;vrai;
75112_9846_00031;75112_9846;31;;Rue Villiot;75012;75112;Paris 12e Arrondissement;;;654188.6;6860393.81;2.375812;48.841963;parcelle;;;PARIS;RUE VILLIOT;commune;commune;vrai;
75112_9846_00033;75112_9846;33;;Rue Villiot;75012;75112;Paris 12e Arrondissement;;;654195.4;6860398.98;2.375904;48.84201;parcelle;;;PARIS;RUE VILLIOT;commune;commune;vrai;
75112_9846_00035;75112_9846;35;;Rue Villiot;75012;75112;Paris 12e Arrondissement;;;654202.63;6860404.48;2.376002;48.84206;parcelle;;;PARIS;RUE VILLIOT;commune;commune;vrai;
75112_9846_00011_b;75112_9846;11;b;Rue Villiot;75012;75112;Paris 12e Arrondissement;;;654113.58;6860337.13;2.374796;48.841448;parcelle;;;PARIS;RUE VILLIOT;commune;commune;vrai;
75112_9846_00007_b;75112_9846;7;b;Rue Villiot;75012;75112;Paris 12e Arrondissement;;;654091.21;6860320.19;2.374493;48.841294;parcelle;;;PARIS;RUE VILLIOT;commune;commune;vrai;
75112_9846_00017_b;75112_9846;17;b;Rue Villiot;75012;75112;Paris 12e Arrondissement;;;654133.52;6860352.21;2.375066;48.841585;parcelle;;;PARIS;RUE VILLIOT;commune;commune;vrai;
75112_9846_00019_t;75112_9846;19;t;Rue Villiot;75012;75112;Paris 12e Arrondissement;;;654142.67;6860359.14;2.37519;48.841648;parcelle;;;PARIS;RUE VILLIOT;commune;commune;vrai;
75112_9846_00009_b;75112_9846;9;b;Rue Villiot;75012;75112;Paris 12e Arrondissement;;;654107.45;6860332.51;2.374713;48.841406;parcelle;;;PARIS;RUE VILLIOT;commune;commune;vrai;
75112_9846_00019_b;75112_9846;19;b;Rue Villiot;75012;75112;Paris 12e Arrondissement;;;654139.94;6860357.05;2.375153;48.841629;parcelle;;;PARIS;RUE VILLIOT;commune;commune;vrai;
75112_0252_00007;75112_0252;7;;Cour d'Alsace-Lorraine;75012;75112;Paris 12e Arrondissement;;;655203.95;6860809.31;2.389602;48.845771;parcelle;;;PARIS;COUR D ALSACE LORRAINE;commune;commune;vrai;
75112_0252_00009;75112_0252;9;;Cour d'Alsace-Lorraine;75012;75112;Paris 12e Arrondissement;;;655217.75;6860818.87;2.389789;48.845858;parcelle;;;PARIS;COUR D ALSACE LORRAINE;commune;commune;vrai;
75112_0252_00011;75112_0252;11;;Cour d'Alsace-Lorraine;75012;75112;Paris 12e Arrondissement;;;655225.21;6860824.6;2.38989;48.84591;parcelle;;;PARIS;COUR D ALSACE LORRAINE;commune;commune;vrai;
75112_0252_00013;75112_0252;13;;Cour d'Alsace-Lorraine;75012;75112;Paris 12e Arrondissement;;;655230.23;6860828.45;2.389958;48.845945;parcelle;;;PARIS;COUR D ALSACE LORRAINE;commune;commune;vrai;
75112_0252_00015;75112_0252;15;;Cour d'Alsace-Lorraine;75012;75112;Paris 12e Arrondissement;;;655249.41;6860841.65;2.390218;48.846065;parcelle;;;PARIS;COUR D ALSACE LORRAINE;commune;commune;vrai;
75112_0252_00017;75112_0252;17;;Cour d'Alsace-Lorraine;75012;75112;Paris 12e Arrondissement;;;655269.42;6860857.39;2.390489;48.846208;parcelle;;;PARIS;COUR D ALSACE LORRAINE;commune;commune;vrai;
75112_5520_00001;75112_5520;1;;Place Léo Ferré;75012;75112;Paris 12e Arrondissement;;;654512.15;6861255.71;2.380128;48.849737;parcelle;;;PARIS;PLACE LEO FERRE;commune;commune;vrai;
75112_5520_00002;75112_5520;2;;Place Léo Ferré;75012;75112;Paris 12e Arrondissement;;;654523.51;6861253.73;2.380283;48.84972;parcelle;;;PARIS;PLACE LEO FERRE;commune;commune;vrai;
75112_5520_00003;75112_5520;3;;Place Léo Ferré;75012;75112;Paris 12e Arrondissement;;;654513.93;6861267.26;2.380151;48.849841;parcelle;;;PARIS;PLACE LEO FERRE;commune;commune;vrai;
75112_5520_00004;75112_5520;4;;Place Léo Ferré;75012;75112;Paris 12e Arrondissement;;;654525.21;6861265.17;2.380305;48.849823;parcelle;;;PARIS;PLACE LEO FERRE;commune;commune;vrai;
75112_5520_00001_z;75112_5520;1;z;Place Léo Ferré;75012;75112;Paris 12e Arrondissement;;;654517.66;6861266.23;2.380202;48.849832;parcelle;;;PARIS;PLACE LEO FERRE;commune;commune;vrai;
75112_0200_00001;75112_0200;1;;Rue d'Aligre;75012;75112;Paris 12e Arrondissement;;;654289.49;6861050.18;2.377116;48.847873;parcelle;;;PARIS;RUE D ALIGRE;commune;commune;vrai;
75112_0200_00002;75112_0200;2;;Rue d'Aligre;75012;75112;Paris 12e Arrondissement;;;654298.91;6861035.1;2.377246;48.847738;parcelle;;;PARIS;RUE D ALIGRE;commune;commune;vrai;
75112_0200_00003;75112_0200;3;;Rue d'Aligre;75012;75112;Paris 12e Arrondissement;;;654297.68;6861065.35;2.377226;48.84801;parcelle;;;PARIS;RUE D ALIGRE;commune;commune;vrai;
75112_0200_00004;75112_0200;4;;Rue d'Aligre;75012;75112;Paris 12e Arrondissement;;;654308.59;6861053.04;2.377376;48.8479;parcelle;;;PARIS;RUE D ALIGRE;commune;commune;vrai;
75112_0200_00005;75112_0200;5;;Rue d'Aligre;75012;75112;Paris 12e Arrondissement;;;654310.04;6861088.16;2.377392;48.848216;parcelle;;;PARIS;RUE D ALIGRE;commune;commune;vrai;
75112_0200_00006;75112_0200;6;;Rue d'Aligre;75012;75112;Paris 12e Arrondissement;;;654317.23;6861068.87;2.377492;48.848043;parcelle;;;PARIS;RUE D ALIGRE;commune;commune;vrai;
75112_0200_00007;75112_0200;7;;Rue d'Aligre;75012;75112;Paris 12e Arrondissement;;;654320.84;6861108.09;2.377537;48.848396;parcelle;;;PARIS;RUE D ALIGRE;commune;commune;vrai;
75112_0200_00008;75112_0200;8;;Rue d'Aligre;75012;75112;Paris 12e Arrondissement;;;654320.43;6861074.85;2.377535;48.848097;parcelle;;;PARIS;RUE D ALIGRE;commune;commune;vrai;
75112_0200_00009;75112_0200;9;;Rue d'Aligre;75012;75112;Paris 12e Arrondissement;;;654333.5;6861131.57;2.377707;48.848608;parcelle;;;PARIS;RUE D ALIGRE;commune;commune;vrai;
75112_0200_00010;75112_0200;10;;Rue d'Aligre;75012;75112;Paris 12e Arrondissement;;;654323.93;6861081.16;2.377582;48.848154;parcelle;;;PARIS;RUE D ALIGRE;commune;commune;vrai;
75112_0200_00011;75112_0200;11;;Rue d'Aligre;75012;75112;Paris 12e Arrondissement;;;654374.09;6861206.86;2.378252;48.849288;parcelle;;;PARIS;RUE D ALIGRE;commune;commune;vrai;
75112_0200_00012;75112_0200;12;;Rue d'Aligre;75012;75112;Paris 12e Arrondissement;;;654329.82;6861092.12;2.377661;48.848253;parcelle;;;PARIS;RUE D ALIGRE;commune;commune;vrai;
75112_0200_00013;75112_0200;13;;Rue d'Aligre;75012;75112;Paris 12e Arrondissement;;;654380.57;6861218.71;2.378339;48.849395;parcelle;;;PARIS;RUE D ALIGRE;commune;commune;vrai;
75112_0200_00014;75112_0200;14;;Rue d'Aligre;75012;75112;Paris 12e Arrondissement;;;654339.35;6861109.62;2.377789;48.848411;parcelle;;;PARIS;RUE D ALIGRE;commune;commune;vrai;
75112_0200_00015;75112_0200;15;;Rue d'Aligre;75012;75112;Paris 12e Arrondissement;;;654386.82;6861230.23;2.378423;48.849499;parcelle;;;PARIS;RUE D ALIGRE;commune;commune;vrai;
75112_0200_00016;75112_0200;16;;Rue d'Aligre;75012;75112;Paris 12e Arrondissement;;;654348.43;6861126.45;2.377911;48.848563;parcelle;;;PARIS;RUE D ALIGRE;commune;commune;vrai;
75112_0200_00017;75112_0200;17;;Rue d'Aligre;75012;75112;Paris 12e Arrondissement;;;654393.82;6861242.96;2.378517;48.849614;parcelle;;;PARIS;RUE D ALIGRE;commune;commune;vrai;
75112_0200_00018;75112_0200;18;;Rue d'Aligre;75012;75112;Paris 12e Arrondissement;;;654387.83;6861199.64;2.37844;48.849224;parcelle;;;PARIS;RUE D ALIGRE;commune;commune;vrai;
75112_0200_00019;75112_0200;19;;Rue d'Aligre;75012;75112;Paris 12e Arrondissement;;;654402.24;6861258.35;2.37863;48.849753;parcelle;;;PARIS;RUE D ALIGRE;commune;commune;vrai;
75112_0200_00020;75112_0200;20;;Rue d'Aligre;75012;75112;Paris 12e Arrondissement;;;654395.13;6861212.92;2.378538;48.849344;parcelle;;;PARIS;RUE D ALIGRE;commune;commune;vrai;
75112_0200_00021;75112_0200;21;;Rue d'Aligre;75012;75112;Paris 12e Arrondissement;;;654409.24;6861271.3;2.378724;48.84987;parcelle;;;PARIS;RUE D ALIGRE;commune;commune;vrai;
75112_0200_00022;75112_0200;22;;Rue d'Aligre;75012;75112;Paris 12e Arrondissement;;;654404.44;6861229.98;2.378663;48.849498;parcelle;;;PARIS;RUE D ALIGRE;commune;commune;vrai;
75112_0200_00023;75112_0200;23;;Rue d'Aligre;75012;75112;Paris 12e Arrondissement;;;654415.12;6861282.04;2.378803;48.849967;parcelle;;;PARIS;RUE D ALIGRE;commune;commune;vrai;
75112_0200_00024;75112_0200;24;;Rue d'Aligre;75012;75112;Paris 12e Arrondissement;;;654410.91;6861241.93;2.37875;48.849606;parcelle;;;PARIS;RUE D ALIGRE;commune;commune;vrai;
75112_0200_00025;75112_0200;25;;Rue d'Aligre;75012;75112;Paris 12e Arrondissement;;;654419.81;6861290.57;2.378866;48.850044;parcelle;;;PARIS;RUE D ALIGRE;commune;commune;vrai;
75112_0200_00026;75112_0200;26;;Rue d'Aligre;75012;75112;Paris 12e Arrondissement;;;654415.01;6861249.57;2.378805;48.849675;parcelle;;;PARIS;RUE D ALIGRE;commune;commune;vrai;
75112_0200_00027;75112_0200;27;;Rue d'Aligre;75012;75112;Paris 12e Arrondissement;;;654441.11;6861329.88;2.379152;48.850399;parcelle;;;PARIS;RUE D ALIGRE;commune;commune;vrai;
75112_0200_00028;75112_0200;28;;Rue d'Aligre;75012;75112;Paris 12e Arrondissement;;;654419.18;6861257.1;2.378861;48.849743;parcelle;;;PARIS;RUE D ALIGRE;commune;commune;vrai;
75112_0200_00030;75112_0200;30;;Rue d'Aligre;75012;75112;Paris 12e Arrondissement;;;654425.73;6861269.17;2.378949;48.849852;parcelle;;;PARIS;RUE D ALIGRE;commune;commune;vrai;
75112_0200_00032;75112_0200;32;;Rue d'Aligre;75012;75112;Paris 12e Arrondissement;;;654445.61;6861305.82;2.379216;48.850183;parcelle;;;PARIS;RUE D ALIGRE;commune;commune;vrai;
75112_0200_00034;75112_0200;34;;Rue d'Aligre;75012;75112;Paris 12e Arrondissement;;;654450.97;6861315.57;2.379288;48.850271;parcelle;;;PARIS;RUE D ALIGRE;commune;commune;vrai;
75112_0200_00036;75112_0200;36;;Rue d'Aligre;75012;75112;Paris 12e Arrondissement;;;654458.57;6861329.52;2.37939;48.850397;parcelle;;;PARIS;RUE D ALIGRE;commune;commune;vrai;
75112_0200_00007_b;75112_0200;7;b;Rue d'Aligre;75012;75112;Paris 12e Arrondissement;;;654324.57;6861114.96;2.377587;48.848458;parcelle;;;PARIS;RUE D ALIGRE;commune;commune;vrai;
75112_0200_00007_a;75112_0200;7;a;Rue d'Aligre;75012;75112;Paris 12e Arrondissement;;;654319.45;6861117.56;2.377517;48.848481;parcelle;;;PARIS;RUE D ALIGRE;commune;commune;vrai;
75112_3233_00001;75112_3233;1;;Rue Emile Gilbert;75012;75112;Paris 12e Arrondissement;;;654002.39;6860846.74;2.373226;48.846023;parcelle;;;PARIS;RUE EMILE GILBERT;commune;commune;vrai;
75112_3233_00002;75112_3233;2;;Rue Emile Gilbert;75012;75112;Paris 12e Arrondissement;;;654015.43;6860853.09;2.373403;48.846081;parcelle;;;PARIS;RUE EMILE GILBERT;commune;commune;vrai;
75112_3233_00003;75112_3233;3;;Rue Emile Gilbert;75012;75112;Paris 12e Arrondissement;;;654000;6860859.99;2.373192;48.846142;parcelle;;;PARIS;RUE EMILE GILBERT;commune;commune;vrai;
75112_3233_00004;75112_3233;4;;Rue Emile Gilbert;75012;75112;Paris 12e Arrondissement;;;654012.13;6860871.02;2.373356;48.846242;parcelle;;;PARIS;RUE EMILE GILBERT;commune;commune;vrai;
75112_3233_00005;75112_3233;5;;Rue Emile Gilbert;75012;75112;Paris 12e Arrondissement;;;653997.47;6860873.91;2.373156;48.846267;parcelle;;;PARIS;RUE EMILE GILBERT;commune;commune;vrai;
75112_3233_00006;75112_3233;6;;Rue Emile Gilbert;75012;75112;Paris 12e Arrondissement;;;654009.59;6860884.82;2.37332;48.846366;parcelle;;;PARIS;RUE EMILE GILBERT;commune;commune;vrai;
75112_3233_00007;75112_3233;7;;Rue Emile Gilbert;75012;75112;Paris 12e Arrondissement;;;653995.01;6860887.16;2.373121;48.846386;parcelle;;;PARIS;RUE EMILE GILBERT;commune;commune;vrai;
75112_3233_00008;75112_3233;8;;Rue Emile Gilbert;75012;75112;Paris 12e Arrondissement;;;654006.78;6860900.41;2.37328;48.846506;parcelle;;;PARIS;RUE EMILE GILBERT;commune;commune;vrai;
75112_3233_00009;75112_3233;9;;Rue Emile Gilbert;75012;75112;Paris 12e Arrondissement;;;653992.4;6860901.2;2.373084;48.846512;parcelle;;;PARIS;RUE EMILE GILBERT;commune;commune;vrai;
75112_3233_00010;75112_3233;10;;Rue Emile Gilbert;75012;75112;Paris 12e Arrondissement;;;654003.97;6860916.12;2.37324;48.846647;parcelle;;;PARIS;RUE EMILE GILBERT;commune;commune;vrai;
75112_3233_00011;75112_3233;11;;Rue Emile Gilbert;75012;75112;Paris 12e Arrondissement;;;653989.87;6860914.89;2.373048;48.846635;parcelle;;;PARIS;RUE EMILE GILBERT;commune;commune;vrai;
75112_7411_00006;75112_7411;6;;Rue Pierre Bourdan;75012;75112;Paris 12e Arrondissement;;;655362.42;6860915.83;2.39175;48.84674;parcelle;;;PARIS;RUE PIERRE BOURDAN;commune;commune;vrai;
75112_7411_00008;75112_7411;8;;Rue Pierre Bourdan;75012;75112;Paris 12e Arrondissement;;;655356.54;6860924.66;2.391669;48.846819;parcelle;;;PARIS;RUE PIERRE BOURDAN;commune;commune;vrai;
75112_7411_00009;75112_7411;9;;Rue Pierre Bourdan;75012;75112;Paris 12e Arrondissement;;;655344.74;6860917.19;2.391509;48.846751;parcelle;;;PARIS;RUE PIERRE BOURDAN;commune;commune;vrai;
75112_7411_00010;75112_7411;10;;Rue Pierre Bourdan;75012;75112;Paris 12e Arrondissement;;;655350.3;6860934.16;2.391583;48.846904;parcelle;;;PARIS;RUE PIERRE BOURDAN;commune;commune;vrai;
75112_7411_00011;75112_7411;11;;Rue Pierre Bourdan;75012;75112;Paris 12e Arrondissement;;;655334.08;6860933.18;2.391362;48.846894;parcelle;;;PARIS;RUE PIERRE BOURDAN;commune;commune;vrai;
75112_7411_00012;75112_7411;12;;Rue Pierre Bourdan;75012;75112;Paris 12e Arrondissement;;;655339.06;6860951.04;2.391428;48.847055;parcelle;;;PARIS;RUE PIERRE BOURDAN;commune;commune;vrai;
75112_7411_00013;75112_7411;13;;Rue Pierre Bourdan;75012;75112;Paris 12e Arrondissement;;;655326.31;6860944.8;2.391255;48.846998;parcelle;;;PARIS;RUE PIERRE BOURDAN;commune;commune;vrai;
75112_7411_00014;75112_7411;14;;Rue Pierre Bourdan;75012;75112;Paris 12e Arrondissement;;;655333.83;6860958.75;2.391356;48.847124;parcelle;;;PARIS;RUE PIERRE BOURDAN;commune;commune;vrai;
75112_7411_00015;75112_7411;15;;Rue Pierre Bourdan;75012;75112;Paris 12e Arrondissement;;;655321.09;6860953.07;2.391183;48.847072;parcelle;;;PARIS;RUE PIERRE BOURDAN;commune;commune;vrai;
75112_7411_00016;75112_7411;16;;Rue Pierre Bourdan;75012;75112;Paris 12e Arrondissement;;;655327.3;6860968.59;2.391266;48.847212;parcelle;;;PARIS;RUE PIERRE BOURDAN;commune;commune;vrai;
75112_7411_00017;75112_7411;17;;Rue Pierre Bourdan;75012;75112;Paris 12e Arrondissement;;;655312.24;6860965.93;2.391061;48.847187;parcelle;;;PARIS;RUE PIERRE BOURDAN;commune;commune;vrai;
75112_7411_00018;75112_7411;18;;Rue Pierre Bourdan;75012;75112;Paris 12e Arrondissement;;;655318.31;6860982.11;2.391142;48.847333;parcelle;;;PARIS;RUE PIERRE BOURDAN;commune;commune;vrai;
75112_7411_00019;75112_7411;19;;Rue Pierre Bourdan;75012;75112;Paris 12e Arrondissement;;;655300.56;6860983.59;2.3909;48.847345;parcelle;;;PARIS;RUE PIERRE BOURDAN;commune;commune;vrai;
75112_7411_00020;75112_7411;20;;Rue Pierre Bourdan;75012;75112;Paris 12e Arrondissement;;;655309.31;6860995.53;2.391018;48.847453;parcelle;;;PARIS;RUE PIERRE BOURDAN;commune;commune;vrai;
75112_7411_00021;75112_7411;21;;Rue Pierre Bourdan;75012;75112;Paris 12e Arrondissement;;;655295.99;6860990.4;2.390837;48.847406;parcelle;;;PARIS;RUE PIERRE BOURDAN;commune;commune;vrai;
75112_7411_00022;75112_7411;22;;Rue Pierre Bourdan;75012;75112;Paris 12e Arrondissement;;;655300.61;6861008.72;2.390898;48.847571;parcelle;;;PARIS;RUE PIERRE BOURDAN;commune;commune;vrai;
75112_7411_00023;75112_7411;23;;Rue Pierre Bourdan;75012;75112;Paris 12e Arrondissement;;;655290.04;6860999.46;2.390755;48.847487;parcelle;;;PARIS;RUE PIERRE BOURDAN;commune;commune;vrai;
75112_7411_00025;75112_7411;25;;Rue Pierre Bourdan;75012;75112;Paris 12e Arrondissement;;;655285.61;6861005.72;2.390694;48.847543;parcelle;;;PARIS;RUE PIERRE BOURDAN;commune;commune;vrai;
75112_7411_00004_p;75112_7411;4;p;Rue Pierre Bourdan;75012;75112;Paris 12e Arrondissement;;;655356.09;6860970.37;2.391658;48.84723;parcelle;;;PARIS;RUE PIERRE BOURDAN;commune;commune;vrai;
75112_7411_00002_p;75112_7411;2;p;Rue Pierre Bourdan;75012;75112;Paris 12e Arrondissement;;;655336.37;6860954.95;2.391391;48.84709;parcelle;;;PARIS;RUE PIERRE BOURDAN;commune;commune;vrai;
75112_7164_00001;75112_7164;1;;Rue Paul-Henri Grauwin;75012;75112;Paris 12e Arrondissement;;;654342.69;6860676.7;2.377881;48.844518;parcelle;;;PARIS;RUE PAUL HENRI GRAUWIN;commune;commune;vrai;
75112_7164_00003;75112_7164;3;;Rue Paul-Henri Grauwin;75012;75112;Paris 12e Arrondissement;;;654337.7;6860686.08;2.377812;48.844602;parcelle;;;PARIS;RUE PAUL HENRI GRAUWIN;commune;commune;vrai;
75112_7164_00005;75112_7164;5;;Rue Paul-Henri Grauwin;75012;75112;Paris 12e Arrondissement;;;654332.56;6860695.46;2.377741;48.844686;parcelle;;;PARIS;RUE PAUL HENRI GRAUWIN;commune;commune;vrai;
75112_7164_00006;75112_7164;6;;Rue Paul-Henri Grauwin;75012;75112;Paris 12e Arrondissement;;;654347.25;6860705.8;2.37794;48.84478;parcelle;;;PARIS;RUE PAUL HENRI GRAUWIN;commune;commune;vrai;
75112_7164_00007;75112_7164;7;;Rue Paul-Henri Grauwin;75012;75112;Paris 12e Arrondissement;;;654326.56;6860706.51;2.377658;48.844785;parcelle;;;PARIS;RUE PAUL HENRI GRAUWIN;commune;commune;vrai;
75112_7164_00008;75112_7164;8;;Rue Paul-Henri Grauwin;75012;75112;Paris 12e Arrondissement;;;654342.62;6860714.06;2.377876;48.844854;parcelle;;;PARIS;RUE PAUL HENRI GRAUWIN;commune;commune;vrai;
75112_7164_00009;75112_7164;9;;Rue Paul-Henri Grauwin;75012;75112;Paris 12e Arrondissement;;;654321.2;6860716.45;2.377584;48.844874;parcelle;;;PARIS;RUE PAUL HENRI GRAUWIN;commune;commune;vrai;
75112_7164_00010;75112_7164;10;;Rue Paul-Henri Grauwin;75012;75112;Paris 12e Arrondissement;;;654337.7;6860723.22;2.377808;48.844936;parcelle;;;PARIS;RUE PAUL HENRI GRAUWIN;commune;commune;vrai;
75112_7164_00011;75112_7164;11;;Rue Paul-Henri Grauwin;75012;75112;Paris 12e Arrondissement;;;654315.05;6860727.73;2.377499;48.844975;parcelle;;;PARIS;RUE PAUL HENRI GRAUWIN;commune;commune;vrai;
75112_7164_00012;75112_7164;12;;Rue Paul-Henri Grauwin;75012;75112;Paris 12e Arrondissement;;;654333.93;6860730.03;2.377756;48.844997;parcelle;;;PARIS;RUE PAUL HENRI GRAUWIN;commune;commune;vrai;
75112_7164_00013;75112_7164;13;;Rue Paul-Henri Grauwin;75012;75112;Paris 12e Arrondissement;;;654308.83;6860739.24;2.377413;48.845078;parcelle;;;PARIS;RUE PAUL HENRI GRAUWIN;commune;commune;vrai;
75112_7164_00014;75112_7164;14;;Rue Paul-Henri Grauwin;75012;75112;Paris 12e Arrondissement;;;654328.35;6860738.86;2.377679;48.845076;parcelle;;;PARIS;RUE PAUL HENRI GRAUWIN;commune;commune;vrai;
75112_7164_00015;75112_7164;15;;Rue Paul-Henri Grauwin;75012;75112;Paris 12e Arrondissement;;;654302.9;6860750.18;2.377331;48.845176;parcelle;;;PARIS;RUE PAUL HENRI GRAUWIN;commune;commune;vrai;
75112_7164_00016;75112_7164;16;;Rue Paul-Henri Grauwin;75012;75112;Paris 12e Arrondissement;;;654323.94;6860746.68;2.377618;48.845146;parcelle;;;PARIS;RUE PAUL HENRI GRAUWIN;commune;commune;vrai;
75112_7164_00017;75112_7164;17;;Rue Paul-Henri Grauwin;75012;75112;Paris 12e Arrondissement;;;654293.66;6860759.82;2.377204;48.845262;parcelle;;;PARIS;RUE PAUL HENRI GRAUWIN;commune;commune;vrai;
75112_7164_00018;75112_7164;18;;Rue Paul-Henri Grauwin;75012;75112;Paris 12e Arrondissement;;;654318.22;6860757.29;2.377539;48.845241;parcelle;;;PARIS;RUE PAUL HENRI GRAUWIN;commune;commune;vrai;
75112_7164_00019;75112_7164;19;;Rue Paul-Henri Grauwin;75012;75112;Paris 12e Arrondissement;;;654285.64;6860766.66;2.377094;48.845323;parcelle;;;PARIS;RUE PAUL HENRI GRAUWIN;commune;commune;vrai;
75112_7164_00020;75112_7164;20;;Rue Paul-Henri Grauwin;75012;75112;Paris 12e Arrondissement;;;654311.49;6860768.46;2.377446;48.845341;parcelle;;;PARIS;RUE PAUL HENRI GRAUWIN;commune;commune;vrai;
75112_7164_00016_s;75112_7164;16;s;Rue Paul-Henri Grauwin;75012;75112;Paris 12e Arrondissement;;;654322.2;6860749.25;2.377594;48.845169;parcelle;;;PARIS;RUE PAUL HENRI GRAUWIN;commune;commune;vrai;
75112_7164_00011_p;75112_7164;11;p;Rue Paul-Henri Grauwin;75012;75112;Paris 12e Arrondissement;;;654334.2;6860727.03;2.37776;48.84497;parcelle;;;PARIS;RUE PAUL HENRI GRAUWIN;commune;commune;vrai;
75112_0803_00001;75112_0803;1;;Rue Beccaria;75012;75112;Paris 12e Arrondissement;;;654437.61;6860922.92;2.379148;48.846739;parcelle;;;PARIS;RUE BECCARIA;commune;commune;vrai;
75112_0803_00002;75112_0803;2;;Rue Beccaria;75012;75112;Paris 12e Arrondissement;;;654464.82;6860864.22;2.379525;48.846213;parcelle;;;PARIS;RUE BECCARIA;commune;commune;vrai;
75112_0803_00003;75112_0803;3;;Rue Beccaria;75012;75112;Paris 12e Arrondissement;;;654433.92;6860938.96;2.379096;48.846883;parcelle;;;PARIS;RUE BECCARIA;commune;commune;vrai;
75112_0803_00005;75112_0803;5;;Rue Beccaria;75012;75112;Paris 12e Arrondissement;;;654430.8;6860952.89;2.379052;48.847008;parcelle;;;PARIS;RUE BECCARIA;commune;commune;vrai;
75112_0803_00006;75112_0803;6;;Rue Beccaria;75012;75112;Paris 12e Arrondissement;;;654461.99;6860877.03;2.379485;48.846328;parcelle;;;PARIS;RUE BECCARIA;commune;commune;vrai;
75112_0803_00007;75112_0803;7;;Rue Beccaria;75012;75112;Paris 12e Arrondissement;;;654428.89;6860961.24;2.379025;48.847083;parcelle;;;PARIS;RUE BECCARIA;commune;commune;vrai;
75112_0803_00008;75112_0803;8;;Rue Beccaria;75012;75112;Paris 12e Arrondissement;;;654452.41;6860919.25;2.37935;48.846707;parcelle;;;PARIS;RUE BECCARIA;commune;commune;vrai;
75112_0803_00009;75112_0803;9;;Rue Beccaria;75012;75112;Paris 12e Arrondissement;;;654426.76;6860970.49;2.378995;48.847166;parcelle;;;PARIS;RUE BECCARIA;commune;commune;vrai;
75112_0803_00010;75112_0803;10;;Rue Beccaria;75012;75112;Paris 12e Arrondissement;;;654445.6;6860949.43;2.379254;48.846978;parcelle;;;PARIS;RUE BECCARIA;commune;commune;vrai;
75112_0803_00011;75112_0803;11;;Rue Beccaria;75012;75112;Paris 12e Arrondissement;;;654425.2;6860977.39;2.378973;48.847228;parcelle;;;PARIS;RUE BECCARIA;commune;commune;vrai;
75112_0803_00012;75112_0803;12;;Rue Beccaria;75012;75112;Paris 12e Arrondissement;;;654441.34;6860968.15;2.379194;48.847146;parcelle;;;PARIS;RUE BECCARIA;commune;commune;vrai;
75112_0803_00013;75112_0803;13;;Rue Beccaria;75012;75112;Paris 12e Arrondissement;;;654421.37;6860994.33;2.378919;48.84738;parcelle;;;PARIS;RUE BECCARIA;commune;commune;vrai;
75112_0803_00014;75112_0803;14;;Rue Beccaria;75012;75112;Paris 12e Arrondissement;;;654437.8;6860983.86;2.379144;48.847287;parcelle;;;PARIS;RUE BECCARIA;commune;commune;vrai;
75112_0803_00015;75112_0803;15;;Rue Beccaria;75012;75112;Paris 12e Arrondissement;;;654414.98;6861022.4;2.378829;48.847632;parcelle;;;PARIS;RUE BECCARIA;commune;commune;vrai;
75112_0803_00016;75112_0803;16;;Rue Beccaria;75012;75112;Paris 12e Arrondissement;;;654433.61;6861002.12;2.379085;48.847451;parcelle;;;PARIS;RUE BECCARIA;commune;commune;vrai;
75112_0803_00017;75112_0803;17;;Rue Beccaria;75012;75112;Paris 12e Arrondissement;;;654410.3;6861043.01;2.378763;48.847817;parcelle;;;PARIS;RUE BECCARIA;commune;commune;vrai;
75112_0803_00018;75112_0803;18;;Rue Beccaria;75012;75112;Paris 12e Arrondissement;;;654429.22;6861021.73;2.379023;48.847627;parcelle;;;PARIS;RUE BECCARIA;commune;commune;vrai;
75112_0803_00019;75112_0803;19;;Rue Beccaria;75012;75112;Paris 12e Arrondissement;;;654406.26;6861060.61;2.378706;48.847975;parcelle;;;PARIS;RUE BECCARIA;commune;commune;vrai;
75112_0803_00020;75112_0803;20;;Rue Beccaria;75012;75112;Paris 12e Arrondissement;;;654424.54;6861042.34;2.378957;48.847812;parcelle;;;PARIS;RUE BECCARIA;commune;commune;vrai;
75112_0803_00021;75112_0803;21;;Rue Beccaria;75012;75112;Paris 12e Arrondissement;;;654402.92;6861075.2;2.378659;48.848106;parcelle;;;PARIS;RUE BECCARIA;commune;commune;vrai;
75112_0803_00022;75112_0803;22;;Rue Beccaria;75012;75112;Paris 12e Arrondissement;;;654417.16;6861074.75;2.378853;48.848103;parcelle;;;PARIS;RUE BECCARIA;commune;commune;vrai;
75112_0803_00023;75112_0803;23;;Rue Beccaria;75012;75112;Paris 12e Arrondissement;;;654399.02;6861092.36;2.378604;48.84826;parcelle;;;PARIS;RUE BECCARIA;commune;commune;vrai;
75112_0803_00024;75112_0803;24;;Rue Beccaria;75012;75112;Paris 12e Arrondissement;;;654412.9;6861093.25;2.378793;48.848269;parcelle;;;PARIS;RUE BECCARIA;commune;commune;vrai;
75112_0803_00025;75112_0803;25;;Rue Beccaria;75012;75112;Paris 12e Arrondissement;;;654395.05;6861109.96;2.378548;48.848418;parcelle;;;PARIS;RUE BECCARIA;commune;commune;vrai;
75112_0803_00026;75112_0803;26;;Rue Beccaria;75012;75112;Paris 12e Arrondissement;;;654407.3;6861117.98;2.378714;48.848491;parcelle;;;PARIS;RUE BECCARIA;commune;commune;vrai;
75112_0803_00013_b;75112_0803;13;b;Rue Beccaria;75012;75112;Paris 12e Arrondissement;;;654418.25;6861008.14;2.378875;48.847504;parcelle;;;PARIS;RUE BECCARIA;commune;commune;vrai;
75112_0803_00021_z;75112_0803;21;z;Rue Beccaria;75012;75112;Paris 12e Arrondissement;;;654403.38;6861077.2;2.378665;48.848124;parcelle;;;PARIS;RUE BECCARIA;commune;commune;vrai;
75112_2935_00001;75112_2935;1;;Impasse Druinot;75012;75112;Paris 12e Arrondissement;;;654575.01;6861261.22;2.380984;48.849791;parcelle;;;PARIS;IMPASSE DRUINOT;commune;commune;vrai;
75112_2935_00002;75112_2935;2;;Impasse Druinot;75012;75112;Paris 12e Arrondissement;;;654576.17;6861268.77;2.380999;48.849859;parcelle;;;PARIS;IMPASSE DRUINOT;commune;commune;vrai;
75112_2935_00003;75112_2935;3;;Impasse Druinot;75012;75112;Paris 12e Arrondissement;;;654550.98;6861265.85;2.380656;48.849831;parcelle;;;PARIS;IMPASSE DRUINOT;commune;commune;vrai;
75112_2935_00004;75112_2935;4;;Impasse Druinot;75012;75112;Paris 12e Arrondissement;;;654558.8;6861272.13;2.380762;48.849888;parcelle;;;PARIS;IMPASSE DRUINOT;commune;commune;vrai;
75112_2935_00005;75112_2935;5;;Impasse Druinot;75012;75112;Paris 12e Arrondissement;;;654539.03;6861268.5;2.380493;48.849854;parcelle;;;PARIS;IMPASSE DRUINOT;commune;commune;vrai;
75112_2935_00006;75112_2935;6;;Impasse Druinot;75012;75112;Paris 12e Arrondissement;;;654547.16;6861274.89;2.380603;48.849912;parcelle;;;PARIS;IMPASSE DRUINOT;commune;commune;vrai;
75112_2935_00007;75112_2935;7;;Impasse Druinot;75012;75112;Paris 12e Arrondissement;;;654532;6861269.78;2.380397;48.849865;parcelle;;;PARIS;IMPASSE DRUINOT;commune;commune;vrai;
75112_2935_00008;75112_2935;8;;Impasse Druinot;75012;75112;Paris 12e Arrondissement;;;654527.67;6861279.16;2.380337;48.849949;parcelle;;;PARIS;IMPASSE DRUINOT;commune;commune;vrai;
75112_2935_00010;75112_2935;10;;Impasse Druinot;75012;75112;Paris 12e Arrondissement;;;654515.04;6861277.7;2.380165;48.849935;parcelle;;;PARIS;IMPASSE DRUINOT;commune;commune;vrai;
75112_2935_00001_z;75112_2935;1;z;Impasse Druinot;75012;75112;Paris 12e Arrondissement;;;654553.56;6861268.17;2.380691;48.849852;parcelle;;;PARIS;IMPASSE DRUINOT;commune;commune;vrai;
75112_2935_00001_b;75112_2935;1;b;Impasse Druinot;75012;75112;Paris 12e Arrondissement;;;654563.58;6861263.42;2.380828;48.84981;parcelle;;;PARIS;IMPASSE DRUINOT;commune;commune;vrai;
75112_2935_00005_a;75112_2935;5;a;Impasse Druinot;75012;75112;Paris 12e Arrondissement;;;654544.84;6861260.12;2.380573;48.849779;parcelle;;;PARIS;IMPASSE DRUINOT;commune;commune;vrai;
75112_4529_00001;75112_4529;1;;Passage Hennel;75012;75112;Paris 12e Arrondissement;;;654512.55;6860783.89;2.380184;48.845494;parcelle;;;PARIS;PASSAGE HENNEL;commune;commune;vrai;
75112_4529_00002;75112_4529;2;;Passage Hennel;75012;75112;Paris 12e Arrondissement;;;654520.69;6860782.94;2.380295;48.845486;parcelle;;;PARIS;PASSAGE HENNEL;commune;commune;vrai;
75112_4529_00003;75112_4529;3;;Passage Hennel;75012;75112;Paris 12e Arrondissement;;;654501.85;6860776.3;2.380039;48.845425;parcelle;;;PARIS;PASSAGE HENNEL;commune;commune;vrai;
75112_4529_00004;75112_4529;4;;Passage Hennel;75012;75112;Paris 12e Arrondissement;;;654510.95;6860775.9;2.380163;48.845422;parcelle;;;PARIS;PASSAGE HENNEL;commune;commune;vrai;
75112_4529_00005;75112_4529;5;;Passage Hennel;75012;75112;Paris 12e Arrondissement;;;654495.95;6860771.79;2.379959;48.845384;parcelle;;;PARIS;PASSAGE HENNEL;commune;commune;vrai;
75112_4529_00006;75112_4529;6;;Passage Hennel;75012;75112;Paris 12e Arrondissement;;;654500.98;6860767.86;2.380028;48.845349;parcelle;;;PARIS;PASSAGE HENNEL;commune;commune;vrai;
75112_4529_00002_p;75112_4529;2;p;Passage Hennel;75012;75112;Paris 12e Arrondissement;;;654524.26;6860760.89;2.380346;48.845288;parcelle;;;PARIS;PASSAGE HENNEL;commune;commune;vrai;
75112_8714_00001;75112_8714;1;;Rue Saint-Nicolas;75012;75112;Paris 12e Arrondissement;;;654050.67;6861317.28;2.373833;48.850258;parcelle;;;PARIS;RUE SAINT NICOLAS;commune;commune;vrai;
75112_8714_00002;75112_8714;2;;Rue Saint-Nicolas;75012;75112;Paris 12e Arrondissement;;;654054.83;6861305.02;2.373891;48.850148;parcelle;;;PARIS;RUE SAINT NICOLAS;commune;commune;vrai;
75112_8714_00003;75112_8714;3;;Rue Saint-Nicolas;75012;75112;Paris 12e Arrondissement;;;654061.65;6861341.32;2.37398;48.850475;parcelle;;;PARIS;RUE SAINT NICOLAS;commune;commune;vrai;
75112_8714_00004;75112_8714;4;;Rue Saint-Nicolas;75012;75112;Paris 12e Arrondissement;;;654062.72;6861318.19;2.373997;48.850267;parcelle;;;PARIS;RUE SAINT NICOLAS;commune;commune;vrai;
75112_8714_00005;75112_8714;5;;Rue Saint-Nicolas;75012;75112;Paris 12e Arrondissement;;;654072.76;6861363.7;2.374129;48.850677;parcelle;;;PARIS;RUE SAINT NICOLAS;commune;commune;vrai;
75112_8714_00006;75112_8714;6;;Rue Saint-Nicolas;75012;75112;Paris 12e Arrondissement;;;654066.75;6861326.72;2.374051;48.850344;parcelle;;;PARIS;RUE SAINT NICOLAS;commune;commune;vrai;
75112_8714_00007;75112_8714;7;;Rue Saint-Nicolas;75012;75112;Paris 12e Arrondissement;;;654080.6;6861380.31;2.374234;48.850827;parcelle;;;PARIS;RUE SAINT NICOLAS;commune;commune;vrai;
75112_8714_00008;75112_8714;8;;Rue Saint-Nicolas;75012;75112;Paris 12e Arrondissement;;;654071.92;6861340.13;2.37412;48.850465;parcelle;;;PARIS;RUE SAINT NICOLAS;commune;commune;vrai;
75112_8714_00009;75112_8714;9;;Rue Saint-Nicolas;75012;75112;Paris 12e Arrondissement;;;654085.53;6861390.73;2.3743;48.850921;parcelle;;;PARIS;RUE SAINT NICOLAS;commune;commune;vrai;
75112_8714_00010;75112_8714;10;;Rue Saint-Nicolas;75012;75112;Paris 12e Arrondissement;;;654075.87;6861348.33;2.374173;48.850539;parcelle;;;PARIS;RUE SAINT NICOLAS;commune;commune;vrai;
75112_8714_00011;75112_8714;11;;Rue Saint-Nicolas;75012;75112;Paris 12e Arrondissement;;;654089.56;6861399.15;2.374354;48.850997;parcelle;;;PARIS;RUE SAINT NICOLAS;commune;commune;vrai;
75112_8714_00012;75112_8714;12;;Rue Saint-Nicolas;75012;75112;Paris 12e Arrondissement;;;654079.3;6861355.53;2.374219;48.850604;parcelle;;;PARIS;RUE SAINT NICOLAS;commune;commune;vrai;
75112_8714_00013;75112_8714;13;;Rue Saint-Nicolas;75012;75112;Paris 12e Arrondissement;;;654092.69;6861405.68;2.374396;48.851056;parcelle;;;PARIS;RUE SAINT NICOLAS;commune;commune;vrai;
75112_8714_00014;75112_8714;14;;Rue Saint-Nicolas;75012;75112;Paris 12e Arrondissement;;;654085.03;6861364.93;2.374296;48.850689;parcelle;;;PARIS;RUE SAINT NICOLAS;commune;commune;vrai;
75112_8714_00015;75112_8714;15;;Rue Saint-Nicolas;75012;75112;Paris 12e Arrondissement;;;654095.55;6861415.33;2.374434;48.851143;parcelle;;;PARIS;RUE SAINT NICOLAS;commune;commune;vrai;
75112_8714_00016;75112_8714;16;;Rue Saint-Nicolas;75012;75112;Paris 12e Arrondissement;;;654090.79;6861379.46;2.374373;48.85082;parcelle;;;PARIS;RUE SAINT NICOLAS;commune;commune;vrai;
75112_8714_00017;75112_8714;17;;Rue Saint-Nicolas;75012;75112;Paris 12e Arrondissement;;;654101.35;6861423.85;2.374512;48.85122;parcelle;;;PARIS;RUE SAINT NICOLAS;commune;commune;vrai;
75112_8714_00018;75112_8714;18;;Rue Saint-Nicolas;75012;75112;Paris 12e Arrondissement;;;654100.1;6861396.62;2.374498;48.850975;parcelle;;;PARIS;RUE SAINT NICOLAS;commune;commune;vrai;
75112_8714_00019;75112_8714;19;;Rue Saint-Nicolas;75012;75112;Paris 12e Arrondissement;;;654104.63;6861430.72;2.374556;48.851282;parcelle;;;PARIS;RUE SAINT NICOLAS;commune;commune;vrai;
75112_8714_00020;75112_8714;20;;Rue Saint-Nicolas;75012;75112;Paris 12e Arrondissement;;;654110.57;6861421;2.374638;48.851195;parcelle;;;PARIS;RUE SAINT NICOLAS;commune;commune;vrai;
75112_8714_00021;75112_8714;21;;Rue Saint-Nicolas;75012;75112;Paris 12e Arrondissement;;;654110.32;6861445.69;2.374632;48.851417;parcelle;;;PARIS;RUE SAINT NICOLAS;commune;commune;vrai;
75112_8714_00022;75112_8714;22;;Rue Saint-Nicolas;75012;75112;Paris 12e Arrondissement;;;654118.7;6861438.17;2.374747;48.85135;parcelle;;;PARIS;RUE SAINT NICOLAS;commune;commune;vrai;
75112_8714_00024;75112_8714;24;;Rue Saint-Nicolas;75012;75112;Paris 12e Arrondissement;;;654124.08;6861449.47;2.374819;48.851452;parcelle;;;PARIS;RUE SAINT NICOLAS;commune;commune;vrai;
75112_0390_00001;75112_0390;1;;Rue Antoine Vollon;75012;75112;Paris 12e Arrondissement;;;654250.12;6861315.48;2.376551;48.850256;parcelle;;;PARIS;RUE ANTOINE VOLLON;commune;commune;vrai;
75112_0390_00003;75112_0390;3;;Rue Antoine Vollon;75012;75112;Paris 12e Arrondissement;;;654256.69;6861329.66;2.376639;48.850384;parcelle;;;PARIS;RUE ANTOINE VOLLON;commune;commune;vrai;
75112_0390_00005;75112_0390;5;;Rue Antoine Vollon;75012;75112;Paris 12e Arrondissement;;;654261.84;6861340.74;2.376708;48.850484;parcelle;;;PARIS;RUE ANTOINE VOLLON;commune;commune;vrai;
75112_0390_00006;75112_0390;6;;Rue Antoine Vollon;75012;75112;Paris 12e Arrondissement;;;654277.25;6861341.17;2.376918;48.850489;parcelle;;;PARIS;RUE ANTOINE VOLLON;commune;commune;vrai;
75112_0390_00007;75112_0390;7;;Rue Antoine Vollon;75012;75112;Paris 12e Arrondissement;;;654266.77;6861351.49;2.376774;48.850581;parcelle;;;PARIS;RUE ANTOINE VOLLON;commune;commune;vrai;
75112_0390_00009;75112_0390;9;;Rue Antoine Vollon;75012;75112;Paris 12e Arrondissement;;;654271.99;6861362.79;2.376844;48.850683;parcelle;;;PARIS;RUE ANTOINE VOLLON;commune;commune;vrai;
75112_0390_00011;75112_0390;11;;Rue Antoine Vollon;75012;75112;Paris 12e Arrondissement;;;654277.15;6861373.87;2.376913;48.850783;parcelle;;;PARIS;RUE ANTOINE VOLLON;commune;commune;vrai;
75112_0390_00013;75112_0390;13;;Rue Antoine Vollon;75012;75112;Paris 12e Arrondissement;;;654282.74;6861385.83;2.376988;48.850891;parcelle;;;PARIS;RUE ANTOINE VOLLON;commune;commune;vrai;
75112_1801_00001;75112_1801;1;;Rue Charles Baudelaire;75012;75112;Paris 12e Arrondissement;;;654226.32;6861155.21;2.376244;48.848813;parcelle;;;PARIS;RUE CHARLES BAUDELAIRE;commune;commune;vrai;
75112_1801_00002;75112_1801;2;;Rue Charles Baudelaire;75012;75112;Paris 12e Arrondissement;;;654223.67;6861116.09;2.376212;48.848461;parcelle;;;PARIS;RUE CHARLES BAUDELAIRE;commune;commune;vrai;
75112_1801_00003;75112_1801;3;;Rue Charles Baudelaire;75012;75112;Paris 12e Arrondissement;;;654254.62;6861216.26;2.376623;48.849364;parcelle;;;PARIS;RUE CHARLES BAUDELAIRE;commune;commune;vrai;
75112_1801_00004;75112_1801;4;;Rue Charles Baudelaire;75012;75112;Paris 12e Arrondissement;;;654233.45;6861137.14;2.376343;48.848651;parcelle;;;PARIS;RUE CHARLES BAUDELAIRE;commune;commune;vrai;
75112_1801_00005;75112_1801;5;;Rue Charles Baudelaire;75012;75112;Paris 12e Arrondissement;;;654272.09;6861253.81;2.376857;48.849703;parcelle;;;PARIS;RUE CHARLES BAUDELAIRE;commune;commune;vrai;
75112_1801_00006;75112_1801;6;;Rue Charles Baudelaire;75012;75112;Paris 12e Arrondissement;;;654240.02;6861151.32;2.376431;48.848779;parcelle;;;PARIS;RUE CHARLES BAUDELAIRE;commune;commune;vrai;
75112_1801_00008;75112_1801;8;;Rue Charles Baudelaire;75012;75112;Paris 12e Arrondissement;;;654242.63;6861156.97;2.376466;48.84883;parcelle;;;PARIS;RUE CHARLES BAUDELAIRE;commune;commune;vrai;
75112_1801_00010;75112_1801;10;;Rue Charles Baudelaire;75012;75112;Paris 12e Arrondissement;;;654256.29;6861186.33;2.376649;48.849095;parcelle;;;PARIS;RUE CHARLES BAUDELAIRE;commune;commune;vrai;
75112_1801_00012;75112_1801;12;;Rue Charles Baudelaire;75012;75112;Paris 12e Arrondissement;;;654263.09;6861201.07;2.37674;48.849228;parcelle;;;PARIS;RUE CHARLES BAUDELAIRE;commune;commune;vrai;
75112_1801_00014;75112_1801;14;;Rue Charles Baudelaire;75012;75112;Paris 12e Arrondissement;;;654269.88;6861215.58;2.376831;48.849359;parcelle;;;PARIS;RUE CHARLES BAUDELAIRE;commune;commune;vrai;
75112_1801_00016;75112_1801;16;;Rue Charles Baudelaire;75012;75112;Paris 12e Arrondissement;;;654277.05;6861231.09;2.376927;48.849499;parcelle;;;PARIS;RUE CHARLES BAUDELAIRE;commune;commune;vrai;
75112_1801_00018;75112_1801;18;;Rue Charles Baudelaire;75012;75112;Paris 12e Arrondissement;;;654282.42;6861242.84;2.376999;48.849605;parcelle;;;PARIS;RUE CHARLES BAUDELAIRE;commune;commune;vrai;
75112_1801_00020;75112_1801;20;;Rue Charles Baudelaire;75012;75112;Paris 12e Arrondissement;;;654293.77;6861267.43;2.377151;48.849827;parcelle;;;PARIS;RUE CHARLES BAUDELAIRE;commune;commune;vrai;
75112_1801_00022;75112_1801;22;;Rue Charles Baudelaire;75012;75112;Paris 12e Arrondissement;;;654298.7;6861278.07;2.377217;48.849923;parcelle;;;PARIS;RUE CHARLES BAUDELAIRE;commune;commune;vrai;
75112_1801_00024;75112_1801;24;;Rue Charles Baudelaire;75012;75112;Paris 12e Arrondissement;;;654303.1;6861287.6;2.377276;48.850009;parcelle;;;PARIS;RUE CHARLES BAUDELAIRE;commune;commune;vrai;
75112_1801_00026;75112_1801;26;;Rue Charles Baudelaire;75012;75112;Paris 12e Arrondissement;;;654307.58;6861297.23;2.377336;48.850096;parcelle;;;PARIS;RUE CHARLES BAUDELAIRE;commune;commune;vrai;
75112_1801_00027;75112_1801;27;;Rue Charles Baudelaire;75012;75112;Paris 12e Arrondissement;;;654304.6;6861328.62;2.377292;48.850378;parcelle;;;PARIS;RUE CHARLES BAUDELAIRE;commune;commune;vrai;
75112_1801_00028;75112_1801;28;;Rue Charles Baudelaire;75012;75112;Paris 12e Arrondissement;;;654317.59;6861318.95;2.37747;48.850292;parcelle;;;PARIS;RUE CHARLES BAUDELAIRE;commune;commune;vrai;
75112_1801_00030;75112_1801;30;;Rue Charles Baudelaire;75012;75112;Paris 12e Arrondissement;;;654324.31;6861333.46;2.37756;48.850423;parcelle;;;PARIS;RUE CHARLES BAUDELAIRE;commune;commune;vrai;
75112_1801_00032;75112_1801;32;;Rue Charles Baudelaire;75012;75112;Paris 12e Arrondissement;;;654330.8;6861347.42;2.377647;48.850549;parcelle;;;PARIS;RUE CHARLES BAUDELAIRE;commune;commune;vrai;
75112_1801_00034;75112_1801;34;;Rue Charles Baudelaire;75012;75112;Paris 12e Arrondissement;;;654338.42;6861364.04;2.377749;48.850699;parcelle;;;PARIS;RUE CHARLES BAUDELAIRE;commune;commune;vrai;
75112_1801_00001_b;75112_1801;1;b;Rue Charles Baudelaire;75012;75112;Paris 12e Arrondissement;;;654230.95;6861165.18;2.376306;48.848903;parcelle;;;PARIS;RUE CHARLES BAUDELAIRE;commune;commune;vrai;
75112_1801_00026_b;75112_1801;26;b;Rue Charles Baudelaire;75012;75112;Paris 12e Arrondissement;;;654311.99;6861306.87;2.377395;48.850183;parcelle;;;PARIS;RUE CHARLES BAUDELAIRE;commune;commune;vrai;
75112_1801_00001_t;75112_1801;1;t;Rue Charles Baudelaire;75012;75112;Paris 12e Arrondissement;;;654240.81;6861186.34;2.376438;48.849094;parcelle;;;PARIS;RUE CHARLES BAUDELAIRE;commune;commune;vrai;
75112_9589_00001;75112_9589;1;;Rue Van Gogh;75012;75112;Paris 12e Arrondissement;;;653828.52;6860596.15;2.370884;48.843757;parcelle;;;PARIS;RUE VAN GOGH;commune;commune;vrai;
75112_9589_00002;75112_9589;2;;Rue Van Gogh;75012;75112;Paris 12e Arrondissement;;;653854.69;6860564.7;2.371244;48.843476;parcelle;;;PARIS;RUE VAN GOGH;commune;commune;vrai;
75112_9589_00003;75112_9589;3;;Rue Van Gogh;75012;75112;Paris 12e Arrondissement;;;653839.53;6860606.07;2.371033;48.843847;parcelle;;;PARIS;RUE VAN GOGH;commune;commune;vrai;
75112_9589_00004;75112_9589;4;;Rue Van Gogh;75012;75112;Paris 12e Arrondissement;;;653866.59;6860575.5;2.371405;48.843574;parcelle;;;PARIS;RUE VAN GOGH;commune;commune;vrai;
75112_9589_00005;75112_9589;5;;Rue Van Gogh;75012;75112;Paris 12e Arrondissement;;;653850.99;6860616.54;2.371188;48.843942;parcelle;;;PARIS;RUE VAN GOGH;commune;commune;vrai;
75112_9589_00006;75112_9589;6;;Rue Van Gogh;75012;75112;Paris 12e Arrondissement;;;653876.87;6860584.87;2.371544;48.843659;parcelle;;;PARIS;RUE VAN GOGH;commune;commune;vrai;
75112_9589_00007;75112_9589;7;;Rue Van Gogh;75012;75112;Paris 12e Arrondissement;;;653861.27;6860625.91;2.371327;48.844027;parcelle;;;PARIS;RUE VAN GOGH;commune;commune;vrai;
75112_9589_00008;75112_9589;8;;Rue Van Gogh;75012;75112;Paris 12e Arrondissement;;;653888.99;6860595.89;2.371708;48.843759;parcelle;;;PARIS;RUE VAN GOGH;commune;commune;vrai;
75112_9589_00009;75112_9589;9;;Rue Van Gogh;75012;75112;Paris 12e Arrondissement;;;653873.69;6860637.16;2.371495;48.844129;parcelle;;;PARIS;RUE VAN GOGH;commune;commune;vrai;
75112_9589_00010;75112_9589;10;;Rue Van Gogh;75012;75112;Paris 12e Arrondissement;;;653899.93;6860605.81;2.371856;48.843849;parcelle;;;PARIS;RUE VAN GOGH;commune;commune;vrai;
75112_9589_00011;75112_9589;11;;Rue Van Gogh;75012;75112;Paris 12e Arrondissement;;;653884.41;6860646.97;2.37164;48.844218;parcelle;;;PARIS;RUE VAN GOGH;commune;commune;vrai;
75112_9589_00012;75112_9589;12;;Rue Van Gogh;75012;75112;Paris 12e Arrondissement;;;653911.17;6860616.06;2.372008;48.843942;parcelle;;;PARIS;RUE VAN GOGH;commune;commune;vrai;
75112_9589_00013;75112_9589;13;;Rue Van Gogh;75012;75112;Paris 12e Arrondissement;;;653895.86;6860657.33;2.371795;48.844312;parcelle;;;PARIS;RUE VAN GOGH;commune;commune;vrai;
75112_9589_00014;75112_9589;14;;Rue Van Gogh;75012;75112;Paris 12e Arrondissement;;;653922.26;6860626.21;2.372158;48.844034;parcelle;;;PARIS;RUE VAN GOGH;commune;commune;vrai;
75112_9589_00015;75112_9589;15;;Rue Van Gogh;75012;75112;Paris 12e Arrondissement;;;653907.47;6860667.91;2.371952;48.844408;parcelle;;;PARIS;RUE VAN GOGH;commune;commune;vrai;
75112_9589_00016;75112_9589;16;;Rue Van Gogh;75012;75112;Paris 12e Arrondissement;;;653933.05;6860636.02;2.372304;48.844123;parcelle;;;PARIS;RUE VAN GOGH;commune;commune;vrai;
75112_6330_00001;75112_6330;1;;Rue Michel Chasles;75012;75112;Paris 12e Arrondissement;;;654040.2;6860857.56;2.37374;48.846123;parcelle;;;PARIS;RUE MICHEL CHASLES;commune;commune;vrai;
75112_6330_00002;75112_6330;2;;Rue Michel Chasles;75012;75112;Paris 12e Arrondissement;;;654062.12;6860863.61;2.374038;48.846179;parcelle;;;PARIS;RUE MICHEL CHASLES;commune;commune;vrai;
75112_6330_00003;75112_6330;3;;Rue Michel Chasles;75012;75112;Paris 12e Arrondissement;;;654040.03;6860873.24;2.373736;48.846264;parcelle;;;PARIS;RUE MICHEL CHASLES;commune;commune;vrai;
75112_6330_00004;75112_6330;4;;Rue Michel Chasles;75012;75112;Paris 12e Arrondissement;;;654061.9;6860881.74;2.374033;48.846342;parcelle;;;PARIS;RUE MICHEL CHASLES;commune;commune;vrai;
75112_6330_00005;75112_6330;5;;Rue Michel Chasles;75012;75112;Paris 12e Arrondissement;;;654039.85;6860887.59;2.373732;48.846393;parcelle;;;PARIS;RUE MICHEL CHASLES;commune;commune;vrai;
75112_6330_00006;75112_6330;6;;Rue Michel Chasles;75012;75112;Paris 12e Arrondissement;;;654061.59;6860907.99;2.374026;48.846578;parcelle;;;PARIS;RUE MICHEL CHASLES;commune;commune;vrai;
75112_6330_00007;75112_6330;7;;Rue Michel Chasles;75012;75112;Paris 12e Arrondissement;;;654039.75;6860902.82;2.373729;48.84653;parcelle;;;PARIS;RUE MICHEL CHASLES;commune;commune;vrai;
75112_6330_00008;75112_6330;8;;Rue Michel Chasles;75012;75112;Paris 12e Arrondissement;;;654061.38;6860928;2.374021;48.846758;parcelle;;;PARIS;RUE MICHEL CHASLES;commune;commune;vrai;
75112_6330_00009;75112_6330;9;;Rue Michel Chasles;75012;75112;Paris 12e Arrondissement;;;654039.03;6860959.98;2.373713;48.847044;parcelle;;;PARIS;RUE MICHEL CHASLES;commune;commune;vrai;
75112_6330_00010;75112_6330;10;;Rue Michel Chasles;75012;75112;Paris 12e Arrondissement;;;654060.93;6860973.15;2.37401;48.847164;parcelle;;;PARIS;RUE MICHEL CHASLES;commune;commune;vrai;
75112_6330_00011;75112_6330;11;;Rue Michel Chasles;75012;75112;Paris 12e Arrondissement;;;654038.79;6860985.34;2.373707;48.847272;parcelle;;;PARIS;RUE MICHEL CHASLES;commune;commune;vrai;
75112_6330_00012;75112_6330;12;;Rue Michel Chasles;75012;75112;Paris 12e Arrondissement;;;654060.76;6860988.83;2.374006;48.847305;parcelle;;;PARIS;RUE MICHEL CHASLES;commune;commune;vrai;
75112_6330_00013;75112_6330;13;;Rue Michel Chasles;75012;75112;Paris 12e Arrondissement;;;654038.57;6861002.91;2.373702;48.84743;parcelle;;;PARIS;RUE MICHEL CHASLES;commune;commune;vrai;
75112_6330_00014;75112_6330;14;;Rue Michel Chasles;75012;75112;Paris 12e Arrondissement;;;654060.6;6861004.85;2.374002;48.847449;parcelle;;;PARIS;RUE MICHEL CHASLES;commune;commune;vrai;
75112_6330_00015;75112_6330;15;;Rue Michel Chasles;75012;75112;Paris 12e Arrondissement;;;654038.46;6861016.92;2.373699;48.847556;parcelle;;;PARIS;RUE MICHEL CHASLES;commune;commune;vrai;
75112_6330_00016;75112_6330;16;;Rue Michel Chasles;75012;75112;Paris 12e Arrondissement;;;654060.38;6861023.53;2.373997;48.847617;parcelle;;;PARIS;RUE MICHEL CHASLES;commune;commune;vrai;
75112_6330_00017;75112_6330;17;;Rue Michel Chasles;75012;75112;Paris 12e Arrondissement;;;654038.33;6861029.15;2.373696;48.847666;parcelle;;;PARIS;RUE MICHEL CHASLES;commune;commune;vrai;
75112_6330_00004_b;75112_6330;4;b;Rue Michel Chasles;75012;75112;Paris 12e Arrondissement;;;654061.77;6860893.31;2.37403;48.846446;parcelle;;;PARIS;RUE MICHEL CHASLES;commune;commune;vrai;
75112_6330_00009_b;75112_6330;9;b;Rue Michel Chasles;75012;75112;Paris 12e Arrondissement;;;654038.91;6860972.22;2.37371;48.847154;parcelle;;;PARIS;RUE MICHEL CHASLES;commune;commune;vrai;
75112_6330_00007_b;75112_6330;7;b;Rue Michel Chasles;75012;75112;Paris 12e Arrondissement;;;654039.53;6860921.28;2.373724;48.846696;parcelle;;;PARIS;RUE MICHEL CHASLES;commune;commune;vrai;
75112_1694_00001;75112_1694;1;;Impasse Châlon;75012;75112;Paris 12e Arrondissement;;;654244.5;6860678.47;2.376543;48.844527;parcelle;;;PARIS;IMPASSE CHALON;commune;commune;vrai;
75112_1694_00002;75112_1694;2;;Impasse Châlon;75012;75112;Paris 12e Arrondissement;;;654250.2;6860675.2;2.376621;48.844498;parcelle;;;PARIS;IMPASSE CHALON;commune;commune;vrai;
75112_1694_00003;75112_1694;3;;Impasse Châlon;75012;75112;Paris 12e Arrondissement;;;654260.22;6860689.58;2.376756;48.844628;parcelle;;;PARIS;IMPASSE CHALON;commune;commune;vrai;
75112_1694_00004;75112_1694;4;;Impasse Châlon;75012;75112;Paris 12e Arrondissement;;;654265.11;6860685.87;2.376823;48.844595;parcelle;;;PARIS;IMPASSE CHALON;commune;commune;vrai;
75112_1694_00005;75112_1694;5;;Impasse Châlon;75012;75112;Paris 12e Arrondissement;;;654262.51;6860691.23;2.376787;48.844643;parcelle;;;PARIS;IMPASSE CHALON;commune;commune;vrai;
75112_1694_00001_s2;75112_1694;1;s2;Impasse Châlon;75012;75112;Paris 12e Arrondissement;;;654242.41;6860673.6;2.376515;48.844483;parcelle;;;PARIS;IMPASSE CHALON;commune;commune;vrai;
75112_1694_00002_b;75112_1694;2;b;Impasse Châlon;75012;75112;Paris 12e Arrondissement;;;654258.54;6860681.14;2.376734;48.844552;parcelle;;;PARIS;IMPASSE CHALON;commune;commune;vrai;
75112_1694_00001_b;75112_1694;1;b;Impasse Châlon;75012;75112;Paris 12e Arrondissement;;;654254.02;6860685.18;2.376672;48.844588;parcelle;;;PARIS;IMPASSE CHALON;commune;commune;vrai;
75112_0874_00040;75112_0874;40;;Allée de Bercy;75012;75112;Paris 12e Arrondissement;;;654370.5;6860349.34;2.378295;48.841576;parcelle;;;PARIS;ALLEE DE BERCY;commune;commune;vrai;
75112_0874_00045;75112_0874;45;;Allée de Bercy;75012;75112;Paris 12e Arrondissement;;;654363.53;6860341.39;2.378201;48.841504;parcelle;;;PARIS;ALLEE DE BERCY;commune;commune;vrai;
75112_0874_00056;75112_0874;56;;Allée de Bercy;75012;75112;Paris 12e Arrondissement;;;654267.89;6860415.09;2.37689;48.84216;parcelle;;;PARIS;ALLEE DE BERCY;commune;commune;vrai;
75112_0874_00060;75112_0874;60;;Allée de Bercy;75012;75112;Paris 12e Arrondissement;;;654227.13;6860448.43;2.376331;48.842457;parcelle;;;PARIS;ALLEE DE BERCY;commune;commune;vrai;
75112_0874_00064;75112_0874;64;;Allée de Bercy;75012;75112;Paris 12e Arrondissement;;;654203.71;6860457.62;2.376011;48.842538;parcelle;;;PARIS;ALLEE DE BERCY;commune;commune;vrai;
75112_0874_00066;75112_0874;66;;Allée de Bercy;75012;75112;Paris 12e Arrondissement;;;654193.44;6860467.05;2.37587;48.842622;parcelle;;;PARIS;ALLEE DE BERCY;commune;commune;vrai;
75112_0874_00068;75112_0874;68;;Allée de Bercy;75012;75112;Paris 12e Arrondissement;;;654172.36;6860484.34;2.375581;48.842776;parcelle;;;PARIS;ALLEE DE BERCY;commune;commune;vrai;
75112_0874_00070;75112_0874;70;;Allée de Bercy;75012;75112;Paris 12e Arrondissement;;;654164.79;6860491.51;2.375477;48.84284;parcelle;;;PARIS;ALLEE DE BERCY;commune;commune;vrai;
75112_0874_00072;75112_0874;72;;Allée de Bercy;75012;75112;Paris 12e Arrondissement;;;654157.49;6860505.69;2.375376;48.842967;parcelle;;;PARIS;ALLEE DE BERCY;commune;commune;vrai;
75112_0874_00074;75112_0874;74;;Allée de Bercy;75012;75112;Paris 12e Arrondissement;;;654148.6;6860514.77;2.375254;48.843048;parcelle;;;PARIS;ALLEE DE BERCY;commune;commune;vrai;
75112_0874_00076;75112_0874;76;;Allée de Bercy;75012;75112;Paris 12e Arrondissement;;;654138.69;6860523.08;2.375118;48.843122;parcelle;;;PARIS;ALLEE DE BERCY;commune;commune;vrai;
75112_0874_00078;75112_0874;78;;Allée de Bercy;75012;75112;Paris 12e Arrondissement;;;654133.58;6860527.12;2.375048;48.843158;parcelle;;;PARIS;ALLEE DE BERCY;commune;commune;vrai;
75112_0874_00080;75112_0874;80;;Allée de Bercy;75012;75112;Paris 12e Arrondissement;;;654127.68;6860532.17;2.374967;48.843203;parcelle;;;PARIS;ALLEE DE BERCY;commune;commune;vrai;
75112_0874_00082;75112_0874;82;;Allée de Bercy;75012;75112;Paris 12e Arrondissement;;;654120.9;6860538.23;2.374874;48.843257;parcelle;;;PARIS;ALLEE DE BERCY;commune;commune;vrai;
75112_0874_00084;75112_0874;84;;Allée de Bercy;75012;75112;Paris 12e Arrondissement;;;654114.48;6860543.84;2.374786;48.843307;parcelle;;;PARIS;ALLEE DE BERCY;commune;commune;vrai;
75112_0874_00086;75112_0874;86;;Allée de Bercy;75012;75112;Paris 12e Arrondissement;;;654107.85;6860549.68;2.374695;48.843359;parcelle;;;PARIS;ALLEE DE BERCY;commune;commune;vrai;
75112_0874_00088;75112_0874;88;;Allée de Bercy;75012;75112;Paris 12e Arrondissement;;;654066;6860584.14;2.374121;48.843666;parcelle;;;PARIS;ALLEE DE BERCY;commune;commune;vrai;
75112_0874_00090;75112_0874;90;;Allée de Bercy;75012;75112;Paris 12e Arrondissement;;;654054.4;6860593.24;2.373962;48.843747;parcelle;;;PARIS;ALLEE DE BERCY;commune;commune;vrai;
75112_0874_00092;75112_0874;92;;Allée de Bercy;75012;75112;Paris 12e Arrondissement;;;654043.55;6860594.89;2.373814;48.843761;parcelle;;;PARIS;ALLEE DE BERCY;commune;commune;vrai;
75112_0874_00094;75112_0874;94;;Allée de Bercy;75012;75112;Paris 12e Arrondissement;;;654039.53;6860606.26;2.373758;48.843863;parcelle;;;PARIS;ALLEE DE BERCY;commune;commune;vrai;
75112_0874_00096;75112_0874;96;;Allée de Bercy;75012;75112;Paris 12e Arrondissement;;;654032.46;6860612.54;2.373661;48.843919;parcelle;;;PARIS;ALLEE DE BERCY;commune;commune;vrai;
75112_0874_00098;75112_0874;98;;Allée de Bercy;75012;75112;Paris 12e Arrondissement;;;654012.49;6860630.38;2.373387;48.844078;parcelle;;;PARIS;ALLEE DE BERCY;commune;commune;vrai;
75112_0874_00102;75112_0874;102;;Allée de Bercy;75012;75112;Paris 12e Arrondissement;;;653986.47;6860652.38;2.37303;48.844274;parcelle;;;PARIS;ALLEE DE BERCY;commune;commune;vrai;
75112_0874_00110;75112_0874;110;;Allée de Bercy;75012;75112;Paris 12e Arrondissement;;;653893.34;6860774;2.371748;48.845361;parcelle;;;PARIS;ALLEE DE BERCY;commune;commune;vrai;
75112_0874_00040_s;75112_0874;40;s;Allée de Bercy;75012;75112;Paris 12e Arrondissement;;;654368.56;6860346.24;2.378269;48.841548;parcelle;;;PARIS;ALLEE DE BERCY;commune;commune;vrai;
75112_8347_00001;75112_8347;1;;Rue Rondelet;75012;75112;Paris 12e Arrondissement;;;654914;6860868.27;2.385645;48.846281;parcelle;;;PARIS;RUE RONDELET;commune;commune;vrai;
75112_8347_00002;75112_8347;2;;Rue Rondelet;75012;75112;Paris 12e Arrondissement;;;654923.55;6860878.53;2.385774;48.846374;parcelle;;;PARIS;RUE RONDELET;commune;commune;vrai;
75112_8347_00003;75112_8347;3;;Rue Rondelet;75012;75112;Paris 12e Arrondissement;;;654906.77;6860881.78;2.385545;48.846402;parcelle;;;PARIS;RUE RONDELET;commune;commune;vrai;
75112_8347_00004;75112_8347;4;;Rue Rondelet;75012;75112;Paris 12e Arrondissement;;;654914;6860895.73;2.385642;48.846528;parcelle;;;PARIS;RUE RONDELET;commune;commune;vrai;
75112_8347_00005;75112_8347;5;;Rue Rondelet;75012;75112;Paris 12e Arrondissement;;;654894.75;6860903.33;2.385379;48.846595;parcelle;;;PARIS;RUE RONDELET;commune;commune;vrai;
75112_8347_00006;75112_8347;6;;Rue Rondelet;75012;75112;Paris 12e Arrondissement;;;654903.28;6860914.94;2.385494;48.8467;parcelle;;;PARIS;RUE RONDELET;commune;commune;vrai;
75112_8347_00007;75112_8347;7;;Rue Rondelet;75012;75112;Paris 12e Arrondissement;;;654888.33;6860917.39;2.38529;48.846721;parcelle;;;PARIS;RUE RONDELET;commune;commune;vrai;
75112_8347_00008;75112_8347;8;;Rue Rondelet;75012;75112;Paris 12e Arrondissement;;;654895.97;6860928.12;2.385393;48.846818;parcelle;;;PARIS;RUE RONDELET;commune;commune;vrai;
75112_8347_00009;75112_8347;9;;Rue Rondelet;75012;75112;Paris 12e Arrondissement;;;654880.51;6860931.35;2.385182;48.846846;parcelle;;;PARIS;RUE RONDELET;commune;commune;vrai;
75112_8347_00010;75112_8347;10;;Rue Rondelet;75012;75112;Paris 12e Arrondissement;;;654888.16;6860942.08;2.385285;48.846943;parcelle;;;PARIS;RUE RONDELET;commune;commune;vrai;
75112_8347_00011;75112_8347;11;;Rue Rondelet;75012;75112;Paris 12e Arrondissement;;;654873.64;6860943.64;2.385087;48.846956;parcelle;;;PARIS;RUE RONDELET;commune;commune;vrai;
75112_8347_00007_a;75112_8347;7;a;Rue Rondelet;75012;75112;Paris 12e Arrondissement;;;654879.38;6860908.23;2.385169;48.846638;parcelle;;;PARIS;RUE RONDELET;commune;commune;vrai;
75112_8347_00003_b;75112_8347;3;b;Rue Rondelet;75012;75112;Paris 12e Arrondissement;;;654899.46;6860894.73;2.385444;48.846518;parcelle;;;PARIS;RUE RONDELET;commune;commune;vrai;
75112_6549_00001;75112_6549;1;;Rue Moreau;75012;75112;Paris 12e Arrondissement;;;653919.07;6861193.9;2.372053;48.849139;parcelle;;;PARIS;RUE MOREAU;commune;commune;vrai;
75112_6549_00002;75112_6549;2;;Rue Moreau;75012;75112;Paris 12e Arrondissement;;;653928.97;6861184.36;2.372189;48.849054;parcelle;;;PARIS;RUE MOREAU;commune;commune;vrai;
75112_6549_00003;75112_6549;3;;Rue Moreau;75012;75112;Paris 12e Arrondissement;;;653924.9;6861207.64;2.372131;48.849263;parcelle;;;PARIS;RUE MOREAU;commune;commune;vrai;
75112_6549_00004;75112_6549;4;;Rue Moreau;75012;75112;Paris 12e Arrondissement;;;653933.82;6861194.22;2.372254;48.849143;parcelle;;;PARIS;RUE MOREAU;commune;commune;vrai;
75112_6549_00005;75112_6549;5;;Rue Moreau;75012;75112;Paris 12e Arrondissement;;;653930.5;6861219.16;2.372206;48.849367;parcelle;;;PARIS;RUE MOREAU;commune;commune;vrai;
75112_6549_00006;75112_6549;6;;Rue Moreau;75012;75112;Paris 12e Arrondissement;;;653939.19;6861205.41;2.372326;48.849244;parcelle;;;PARIS;RUE MOREAU;commune;commune;vrai;
75112_6549_00007;75112_6549;7;;Rue Moreau;75012;75112;Paris 12e Arrondissement;;;653935.87;6861230.23;2.372278;48.849467;parcelle;;;PARIS;RUE MOREAU;commune;commune;vrai;
75112_6549_00008;75112_6549;8;;Rue Moreau;75012;75112;Paris 12e Arrondissement;;;653944.86;6861217.15;2.372402;48.84935;parcelle;;;PARIS;RUE MOREAU;commune;commune;vrai;
75112_6549_00009;75112_6549;9;;Rue Moreau;75012;75112;Paris 12e Arrondissement;;;653941.09;6861241.09;2.372348;48.849565;parcelle;;;PARIS;RUE MOREAU;commune;commune;vrai;
75112_6549_00010;75112_6549;10;;Rue Moreau;75012;75112;Paris 12e Arrondissement;;;653951.21;6861230.22;2.372487;48.849468;parcelle;;;PARIS;RUE MOREAU;commune;commune;vrai;
75112_6549_00011;75112_6549;11;;Rue Moreau;75012;75112;Paris 12e Arrondissement;;;653947.88;6861255.27;2.372439;48.849693;parcelle;;;PARIS;RUE MOREAU;commune;commune;vrai;
75112_6549_00012;75112_6549;12;;Rue Moreau;75012;75112;Paris 12e Arrondissement;;;653958.07;6861244.51;2.372579;48.849597;parcelle;;;PARIS;RUE MOREAU;commune;commune;vrai;
75112_6549_00013;75112_6549;13;;Rue Moreau;75012;75112;Paris 12e Arrondissement;;;653956.76;6861273.66;2.372558;48.849859;parcelle;;;PARIS;RUE MOREAU;commune;commune;vrai;
75112_6549_00014;75112_6549;14;;Rue Moreau;75012;75112;Paris 12e Arrondissement;;;653965.23;6861259.25;2.372675;48.84973;parcelle;;;PARIS;RUE MOREAU;commune;commune;vrai;
75112_6549_00015;75112_6549;15;;Rue Moreau;75012;75112;Paris 12e Arrondissement;;;653965.56;6861291.82;2.372676;48.850023;parcelle;;;PARIS;RUE MOREAU;commune;commune;vrai;
75112_6549_00016;75112_6549;16;;Rue Moreau;75012;75112;Paris 12e Arrondissement;;;653974.56;6861278.63;2.3728;48.849905;parcelle;;;PARIS;RUE MOREAU;commune;commune;vrai;
75112_6549_00017;75112_6549;17;;Rue Moreau;75012;75112;Paris 12e Arrondissement;;;653973.47;6861308.22;2.372782;48.850171;parcelle;;;PARIS;RUE MOREAU;commune;commune;vrai;
75112_6549_00018;75112_6549;18;;Rue Moreau;75012;75112;Paris 12e Arrondissement;;;653982.77;6861295.58;2.37291;48.850058;parcelle;;;PARIS;RUE MOREAU;commune;commune;vrai;
75112_6549_00019;75112_6549;19;;Rue Moreau;75012;75112;Paris 12e Arrondissement;;;653980.79;6861323.51;2.37288;48.850309;parcelle;;;PARIS;RUE MOREAU;commune;commune;vrai;
75112_6549_00020;75112_6549;20;;Rue Moreau;75012;75112;Paris 12e Arrondissement;;;653989.03;6861308.54;2.372994;48.850175;parcelle;;;PARIS;RUE MOREAU;commune;commune;vrai;
75112_6549_00021;75112_6549;21;;Rue Moreau;75012;75112;Paris 12e Arrondissement;;;653986.31;6861334.8;2.372954;48.850411;parcelle;;;PARIS;RUE MOREAU;commune;commune;vrai;
75112_6549_00022;75112_6549;22;;Rue Moreau;75012;75112;Paris 12e Arrondissement;;;653994.11;6861319.17;2.373062;48.850271;parcelle;;;PARIS;RUE MOREAU;commune;commune;vrai;
75112_6549_00023;75112_6549;23;;Rue Moreau;75012;75112;Paris 12e Arrondissement;;;653990.86;6861344.22;2.373015;48.850496;parcelle;;;PARIS;RUE MOREAU;commune;commune;vrai;
75112_6549_00024;75112_6549;24;;Rue Moreau;75012;75112;Paris 12e Arrondissement;;;653999.93;6861331.03;2.37314;48.850378;parcelle;;;PARIS;RUE MOREAU;commune;commune;vrai;
75112_2200_00001;75112_2200;1;;Place du Colonel Bourgoin;75012;75112;Paris 12e Arrondissement;;;654710.56;6860726.96;2.382888;48.844996;parcelle;;;PARIS;PLACE DU COLONEL BOURGOIN;commune;commune;vrai;
75112_2200_00002;75112_2200;2;;Place du Colonel Bourgoin;75012;75112;Paris 12e Arrondissement;;;654686.68;6860704.69;2.382565;48.844794;parcelle;;;PARIS;PLACE DU COLONEL BOURGOIN;commune;commune;vrai;
75112_2200_00003;75112_2200;3;;Place du Colonel Bourgoin;75012;75112;Paris 12e Arrondissement;;;654737.03;6860741.99;2.383247;48.845133;parcelle;;;PARIS;PLACE DU COLONEL BOURGOIN;commune;commune;vrai;
75112_2200_00004;75112_2200;4;;Place du Colonel Bourgoin;75012;75112;Paris 12e Arrondissement;;;654720.36;6860693.97;2.383025;48.8447;parcelle;;;PARIS;PLACE DU COLONEL BOURGOIN;commune;commune;vrai;
75112_2200_00005;75112_2200;5;;Place du Colonel Bourgoin;75012;75112;Paris 12e Arrondissement;;;654764.08;6860738.55;2.383616;48.845104;parcelle;;;PARIS;PLACE DU COLONEL BOURGOIN;commune;commune;vrai;
75112_2200_00006;75112_2200;6;;Place du Colonel Bourgoin;75012;75112;Paris 12e Arrondissement;;;654736.53;6860687.51;2.383246;48.844643;parcelle;;;PARIS;PLACE DU COLONEL BOURGOIN;commune;commune;vrai;
75112_2200_00007;75112_2200;7;;Place du Colonel Bourgoin;75012;75112;Paris 12e Arrondissement;;;654767.27;6860704.73;2.383663;48.8448;parcelle;;;PARIS;PLACE DU COLONEL BOURGOIN;commune;commune;vrai;
75112_2200_00008;75112_2200;8;;Place du Colonel Bourgoin;75012;75112;Paris 12e Arrondissement;;;654746.04;6860683.76;2.383376;48.84461;parcelle;;;PARIS;PLACE DU COLONEL BOURGOIN;commune;commune;vrai;
75112_2200_00010;75112_2200;10;;Place du Colonel Bourgoin;75012;75112;Paris 12e Arrondissement;;;654753.21;6860680.93;2.383474;48.844585;parcelle;;;PARIS;PLACE DU COLONEL BOURGOIN;commune;commune;vrai;
75112_2200_00002_z;75112_2200;2;z;Place du Colonel Bourgoin;75012;75112;Paris 12e Arrondissement;;;654690.41;6860702.66;2.382616;48.844776;parcelle;;;PARIS;PLACE DU COLONEL BOURGOIN;commune;commune;vrai;
75112_0476_00002;75112_0476;2;;Rue d'Artagnan;75012;75112;Paris 12e Arrondissement;;;654916.04;6860771.4;2.385683;48.84541;parcelle;;;PARIS;RUE D ARTAGNAN;commune;commune;vrai;
75112_0476_00004;75112_0476;4;;Rue d'Artagnan;75012;75112;Paris 12e Arrondissement;;;654934.31;6860771.14;2.385932;48.845409;parcelle;;;PARIS;RUE D ARTAGNAN;commune;commune;vrai;
75112_0476_00006;75112_0476;6;;Rue d'Artagnan;75012;75112;Paris 12e Arrondissement;;;654949.35;6860770.92;2.386137;48.845408;parcelle;;;PARIS;RUE D ARTAGNAN;commune;commune;vrai;
75112_0476_00008;75112_0476;8;;Rue d'Artagnan;75012;75112;Paris 12e Arrondissement;;;654964.33;6860770.91;2.386341;48.845409;parcelle;;;PARIS;RUE D ARTAGNAN;commune;commune;vrai;
75112_0476_00010;75112_0476;10;;Rue d'Artagnan;75012;75112;Paris 12e Arrondissement;;;654979.73;6860770.57;2.386551;48.845407;parcelle;;;PARIS;RUE D ARTAGNAN;commune;commune;vrai;
75112_0476_00012;75112_0476;12;;Rue d'Artagnan;75012;75112;Paris 12e Arrondissement;;;654994.78;6860770.45;2.386756;48.845407;parcelle;;;PARIS;RUE D ARTAGNAN;commune;commune;vrai;
75112_0687_00001;75112_0687;1;;Impasse Barrier;75012;75112;Paris 12e Arrondissement;;;654522.93;6861040.23;2.380298;48.8478;parcelle;;;PARIS;IMPASSE BARRIER;commune;commune;vrai;
75112_0687_00002;75112_0687;2;;Impasse Barrier;75012;75112;Paris 12e Arrondissement;;;654528.41;6861046.53;2.380372;48.847857;parcelle;;;PARIS;IMPASSE BARRIER;commune;commune;vrai;
75112_0687_00003;75112_0687;3;;Impasse Barrier;75012;75112;Paris 12e Arrondissement;;;654518.02;6861040.83;2.380231;48.847805;parcelle;;;PARIS;IMPASSE BARRIER;commune;commune;vrai;
75112_0687_00004;75112_0687;4;;Impasse Barrier;75012;75112;Paris 12e Arrondissement;;;654508.62;6861049.13;2.380102;48.847879;parcelle;;;PARIS;IMPASSE BARRIER;commune;commune;vrai;
75112_0687_00005;75112_0687;5;;Impasse Barrier;75012;75112;Paris 12e Arrondissement;;;654508.05;6861042.13;2.380095;48.847816;parcelle;;;PARIS;IMPASSE BARRIER;commune;commune;vrai;
75112_0687_00006;75112_0687;6;;Impasse Barrier;75012;75112;Paris 12e Arrondissement;;;654491.98;6861051.26;2.379875;48.847897;parcelle;;;PARIS;IMPASSE BARRIER;commune;commune;vrai;
75112_0687_00007;75112_0687;7;;Impasse Barrier;75012;75112;Paris 12e Arrondissement;;;654497.2;6861043.44;2.379947;48.847827;parcelle;;;PARIS;IMPASSE BARRIER;commune;commune;vrai;
75112_0687_00008;75112_0687;8;;Impasse Barrier;75012;75112;Paris 12e Arrondissement;;;654480.17;6861052.69;2.379714;48.847909;parcelle;;;PARIS;IMPASSE BARRIER;commune;commune;vrai;
75112_0687_00009;75112_0687;9;;Impasse Barrier;75012;75112;Paris 12e Arrondissement;;;654486.05;6861044.86;2.379795;48.847839;parcelle;;;PARIS;IMPASSE BARRIER;commune;commune;vrai;
75112_0687_00010;75112_0687;10;;Impasse Barrier;75012;75112;Paris 12e Arrondissement;;;654479.7;6861048.69;2.379708;48.847873;parcelle;;;PARIS;IMPASSE BARRIER;commune;commune;vrai;
75112_1331_00001;75112_1331;1;;Passage Brulon;75012;75112;Paris 12e Arrondissement;;;654572.29;6861231.99;2.38095;48.849528;parcelle;;;PARIS;PASSAGE BRULON;commune;commune;vrai;
75112_1331_00002;75112_1331;2;;Passage Brulon;75012;75112;Paris 12e Arrondissement;;;654565.54;6861242.05;2.380857;48.849618;parcelle;;;PARIS;PASSAGE BRULON;commune;commune;vrai;
75112_1331_00003;75112_1331;3;;Passage Brulon;75012;75112;Paris 12e Arrondissement;;;654551.4;6861235.27;2.380665;48.849556;parcelle;;;PARIS;PASSAGE BRULON;commune;commune;vrai;
75112_1331_00004;75112_1331;4;;Passage Brulon;75012;75112;Paris 12e Arrondissement;;;654551.32;6861244.28;2.380663;48.849637;parcelle;;;PARIS;PASSAGE BRULON;commune;commune;vrai;
75112_1331_00005;75112_1331;5;;Passage Brulon;75012;75112;Paris 12e Arrondissement;;;654531.68;6861238.43;2.380396;48.849583;parcelle;;;PARIS;PASSAGE BRULON;commune;commune;vrai;
75112_1331_00006;75112_1331;6;;Passage Brulon;75012;75112;Paris 12e Arrondissement;;;654536.81;6861246.62;2.380465;48.849657;parcelle;;;PARIS;PASSAGE BRULON;commune;commune;vrai;
75112_1331_00007;75112_1331;7;;Passage Brulon;75012;75112;Paris 12e Arrondissement;;;654516.43;6861240.88;2.380188;48.849604;parcelle;;;PARIS;PASSAGE BRULON;commune;commune;vrai;
75112_1331_00008;75112_1331;8;;Passage Brulon;75012;75112;Paris 12e Arrondissement;;;654507.05;6861250.96;2.380059;48.849694;parcelle;;;PARIS;PASSAGE BRULON;commune;commune;vrai;
75112_1331_00009;75112_1331;9;;Passage Brulon;75012;75112;Paris 12e Arrondissement;;;654499.48;6861240.57;2.379957;48.8496;parcelle;;;PARIS;PASSAGE BRULON;commune;commune;vrai;
75112_1331_00010;75112_1331;10;;Passage Brulon;75012;75112;Paris 12e Arrondissement;;;654497.3;6861252.37;2.379926;48.849706;parcelle;;;PARIS;PASSAGE BRULON;commune;commune;vrai;
75112_1331_00012;75112_1331;12;;Passage Brulon;75012;75112;Paris 12e Arrondissement;;;654487.18;6861254.01;2.379788;48.84972;parcelle;;;PARIS;PASSAGE BRULON;commune;commune;vrai;
75112_1331_00014;75112_1331;14;;Passage Brulon;75012;75112;Paris 12e Arrondissement;;;654477.29;6861255.53;2.379653;48.849733;parcelle;;;PARIS;PASSAGE BRULON;commune;commune;vrai;
75112_1331_00001_z;75112_1331;1;z;Passage Brulon;75012;75112;Paris 12e Arrondissement;;;654567.84;6861236.48;2.380889;48.849568;parcelle;;;PARIS;PASSAGE BRULON;commune;commune;vrai;
75112_1331_00001_t;75112_1331;1;t;Passage Brulon;75012;75112;Paris 12e Arrondissement;;;654560.19;6861234.09;2.380785;48.849546;parcelle;;;PARIS;PASSAGE BRULON;commune;commune;vrai;
75112_1331_00002_z;75112_1331;2;z;Passage Brulon;75012;75112;Paris 12e Arrondissement;;;654552.98;6861240.71;2.380686;48.849605;parcelle;;;PARIS;PASSAGE BRULON;commune;commune;vrai;
75112_1331_00009_z;75112_1331;9;z;Passage Brulon;75012;75112;Paris 12e Arrondissement;;;654498.72;6861246.58;2.379946;48.849654;parcelle;;;PARIS;PASSAGE BRULON;commune;commune;vrai;
75112_1331_00007_z;75112_1331;7;z;Passage Brulon;75012;75112;Paris 12e Arrondissement;;;654516.97;6861243.99;2.380195;48.849632;parcelle;;;PARIS;PASSAGE BRULON;commune;commune;vrai;
75112_1331_00001_b;75112_1331;1;b;Passage Brulon;75012;75112;Paris 12e Arrondissement;;;654566.13;6861233.15;2.380866;48.849538;parcelle;;;PARIS;PASSAGE BRULON;commune;commune;vrai;
75112_1331_00003_b;75112_1331;3;b;Passage Brulon;75012;75112;Paris 12e Arrondissement;;;654545.17;6861236.32;2.38058;48.849565;parcelle;;;PARIS;PASSAGE BRULON;commune;commune;vrai;
75112_1331_00003_t;75112_1331;3;t;Passage Brulon;75012;75112;Paris 12e Arrondissement;;;654539.67;6861237.14;2.380505;48.849572;parcelle;;;PARIS;PASSAGE BRULON;commune;commune;vrai;
75112_1331_00005_b;75112_1331;5;b;Passage Brulon;75012;75112;Paris 12e Arrondissement;;;654526.84;6861239.13;2.38033;48.849589;parcelle;;;PARIS;PASSAGE BRULON;commune;commune;vrai;
75112_2471_00001;75112_2471;1;;Impasse Crozatier;75012;75112;Paris 12e Arrondissement;;;654521.26;6861089.17;2.38027;48.84824;parcelle;;;PARIS;IMPASSE CROZATIER;commune;commune;vrai;
75112_2471_00002;75112_2471;2;;Impasse Crozatier;75012;75112;Paris 12e Arrondissement;;;654510.77;6861098.93;2.380126;48.848327;parcelle;;;PARIS;IMPASSE CROZATIER;commune;commune;vrai;
75112_2471_00003;75112_2471;3;;Impasse Crozatier;75012;75112;Paris 12e Arrondissement;;;654505.65;6861091.63;2.380057;48.848261;parcelle;;;PARIS;IMPASSE CROZATIER;commune;commune;vrai;
75112_2471_00004;75112_2471;4;;Impasse Crozatier;75012;75112;Paris 12e Arrondissement;;;654498.24;6861100.92;2.379955;48.848344;parcelle;;;PARIS;IMPASSE CROZATIER;commune;commune;vrai;
75112_2471_00005;75112_2471;5;;Impasse Crozatier;75012;75112;Paris 12e Arrondissement;;;654489.67;6861094.09;2.379839;48.848282;parcelle;;;PARIS;IMPASSE CROZATIER;commune;commune;vrai;
75112_2471_00006;75112_2471;6;;Impasse Crozatier;75012;75112;Paris 12e Arrondissement;;;654482.99;6861103.26;2.379747;48.848364;parcelle;;;PARIS;IMPASSE CROZATIER;commune;commune;vrai;
75112_2471_00007;75112_2471;7;;Impasse Crozatier;75012;75112;Paris 12e Arrondissement;;;654472.96;6861096.78;2.379611;48.848305;parcelle;;;PARIS;IMPASSE CROZATIER;commune;commune;vrai;
75112_2471_00008;75112_2471;8;;Impasse Crozatier;75012;75112;Paris 12e Arrondissement;;;654468.4;6861105.6;2.379548;48.848384;parcelle;;;PARIS;IMPASSE CROZATIER;commune;commune;vrai;
75112_2931_00001;75112_2931;1;;Passage Driancourt;75012;75112;Paris 12e Arrondissement;;;654564.81;6861204.92;2.380851;48.849284;parcelle;;;PARIS;PASSAGE DRIANCOURT;commune;commune;vrai;
75112_2931_00002;75112_2931;2;;Passage Driancourt;75012;75112;Paris 12e Arrondissement;;;654561.78;6861211.95;2.380809;48.849347;parcelle;;;PARIS;PASSAGE DRIANCOURT;commune;commune;vrai;
75112_2931_00003;75112_2931;3;;Passage Driancourt;75012;75112;Paris 12e Arrondissement;;;654546.98;6861205.17;2.380608;48.849285;parcelle;;;PARIS;PASSAGE DRIANCOURT;commune;commune;vrai;
75112_2931_00004;75112_2931;4;;Passage Driancourt;75012;75112;Paris 12e Arrondissement;;;654550.93;6861213.37;2.380661;48.849359;parcelle;;;PARIS;PASSAGE DRIANCOURT;commune;commune;vrai;
75112_2931_00005;75112_2931;5;;Passage Driancourt;75012;75112;Paris 12e Arrondissement;;;654532.47;6861208.73;2.38041;48.849316;parcelle;;;PARIS;PASSAGE DRIANCOURT;commune;commune;vrai;
75112_2931_00006;75112_2931;6;;Passage Driancourt;75012;75112;Paris 12e Arrondissement;;;654540.52;6861214.56;2.380519;48.849369;parcelle;;;PARIS;PASSAGE DRIANCOURT;commune;commune;vrai;
75112_2931_00007;75112_2931;7;;Passage Driancourt;75012;75112;Paris 12e Arrondissement;;;654522.06;6861209.93;2.380268;48.849326;parcelle;;;PARIS;PASSAGE DRIANCOURT;commune;commune;vrai;
75112_2931_00008;75112_2931;8;;Passage Driancourt;75012;75112;Paris 12e Arrondissement;;;654527.4;6861216.22;2.38034;48.849383;parcelle;;;PARIS;PASSAGE DRIANCOURT;commune;commune;vrai;
75112_2931_00009;75112_2931;9;;Passage Driancourt;75012;75112;Paris 12e Arrondissement;;;654512.97;6861211;2.380144;48.849335;parcelle;;;PARIS;PASSAGE DRIANCOURT;commune;commune;vrai;
75112_2931_00010;75112_2931;10;;Passage Driancourt;75012;75112;Paris 12e Arrondissement;;;654509.08;6861220.37;2.38009;48.849419;parcelle;;;PARIS;PASSAGE DRIANCOURT;commune;commune;vrai;
75112_2931_00012;75112_2931;12;;Passage Driancourt;75012;75112;Paris 12e Arrondissement;;;654493.3;6861220.27;2.379875;48.849417;parcelle;;;PARIS;PASSAGE DRIANCOURT;commune;commune;vrai;
75112_2931_00010_s;75112_2931;10;s;Passage Driancourt;75012;75112;Paris 12e Arrondissement;;;654508.33;6861218.48;2.38008;48.849402;parcelle;;;PARIS;PASSAGE DRIANCOURT;commune;commune;vrai;
75112_4394_00001;75112_4394;1;;Rue Guillaumot;75012;75112;Paris 12e Arrondissement;;;654340.08;6860820.39;2.37783;48.84581;parcelle;;;PARIS;RUE GUILLAUMOT;commune;commune;vrai;
75112_4394_00002;75112_4394;2;;Rue Guillaumot;75012;75112;Paris 12e Arrondissement;;;654328.98;6860827.14;2.377678;48.84587;parcelle;;;PARIS;RUE GUILLAUMOT;commune;commune;vrai;
75112_4394_00003;75112_4394;3;;Rue Guillaumot;75012;75112;Paris 12e Arrondissement;;;654320.03;6860800.31;2.377559;48.845628;parcelle;;;PARIS;RUE GUILLAUMOT;commune;commune;vrai;
75112_4394_00004;75112_4394;4;;Rue Guillaumot;75012;75112;Paris 12e Arrondissement;;;654319.43;6860817.43;2.377549;48.845782;parcelle;;;PARIS;RUE GUILLAUMOT;commune;commune;vrai;
75112_4394_00005;75112_4394;5;;Rue Guillaumot;75012;75112;Paris 12e Arrondissement;;;654303.98;6860784.2;2.377342;48.845482;parcelle;;;PARIS;RUE GUILLAUMOT;commune;commune;vrai;
75112_4394_00006;75112_4394;6;;Rue Guillaumot;75012;75112;Paris 12e Arrondissement;;;654309.59;6860807.73;2.377416;48.845694;parcelle;;;PARIS;RUE GUILLAUMOT;commune;commune;vrai;
75112_4394_00008;75112_4394;8;;Rue Guillaumot;75012;75112;Paris 12e Arrondissement;;;654299.68;6860797.8;2.377282;48.845604;parcelle;;;PARIS;RUE GUILLAUMOT;commune;commune;vrai;
75112_4394_00010;75112_4394;10;;Rue Guillaumot;75012;75112;Paris 12e Arrondissement;;;654292.06;6860789.52;2.377179;48.845529;parcelle;;;PARIS;RUE GUILLAUMOT;commune;commune;vrai;
75112_8007_00001;75112_8007;1;;Rue de Rambouillet;75012;75112;Paris 12e Arrondissement;;;654278.89;6860451.36;2.377036;48.842487;parcelle;;;PARIS;RUE DE RAMBOUILLET;commune;commune;vrai;
75112_8007_00002;75112_8007;2;;Rue de Rambouillet;75012;75112;Paris 12e Arrondissement;;;654267.74;6860432.77;2.376886;48.842319;parcelle;;;PARIS;RUE DE RAMBOUILLET;commune;commune;vrai;
75112_8007_00004;75112_8007;4;;Rue de Rambouillet;75012;75112;Paris 12e Arrondissement;;;654499.34;6860577.95;2.380026;48.843641;parcelle;;;PARIS;RUE DE RAMBOUILLET;commune;commune;vrai;
75112_8007_00005;75112_8007;5;;Rue de Rambouillet;75012;75112;Paris 12e Arrondissement;;;654443.22;6860562.6;2.379263;48.843499;parcelle;;;PARIS;RUE DE RAMBOUILLET;commune;commune;vrai;
75112_8007_00006;75112_8007;6;;Rue de Rambouillet;75012;75112;Paris 12e Arrondissement;;;654644.26;6860658.32;2.381992;48.844374;parcelle;;;PARIS;RUE DE RAMBOUILLET;commune;commune;vrai;
75112_8007_00007;75112_8007;7;;Rue de Rambouillet;75012;75112;Paris 12e Arrondissement;;;654493.64;6860590.78;2.379947;48.843756;parcelle;;;PARIS;RUE DE RAMBOUILLET;commune;commune;vrai;
75112_8007_00008;75112_8007;8;;Rue de Rambouillet;75012;75112;Paris 12e Arrondissement;;;654663.21;6860669.4;2.382249;48.844475;parcelle;;;PARIS;RUE DE RAMBOUILLET;commune;commune;vrai;
75112_8007_00009;75112_8007;9;;Rue de Rambouillet;75012;75112;Paris 12e Arrondissement;;;654510.16;6860599.99;2.380171;48.84384;parcelle;;;PARIS;RUE DE RAMBOUILLET;commune;commune;vrai;
75112_8007_00010;75112_8007;10;;Rue de Rambouillet;75012;75112;Paris 12e Arrondissement;;;654678.18;6860677.73;2.382452;48.844551;parcelle;;;PARIS;RUE DE RAMBOUILLET;commune;commune;vrai;
75112_8007_00011;75112_8007;11;;Rue de Rambouillet;75012;75112;Paris 12e Arrondissement;;;654529.99;6860611.06;2.38044;48.843941;parcelle;;;PARIS;RUE DE RAMBOUILLET;commune;commune;vrai;
75112_8007_00012;75112_8007;12;;Rue de Rambouillet;75012;75112;Paris 12e Arrondissement;;;654693.36;6860686.18;2.382658;48.844628;parcelle;;;PARIS;RUE DE RAMBOUILLET;commune;commune;vrai;
75112_8007_00013;75112_8007;13;;Rue de Rambouillet;75012;75112;Paris 12e Arrondissement;;;654534.19;6860613.37;2.380497;48.843962;parcelle;;;PARIS;RUE DE RAMBOUILLET;commune;commune;vrai;
75112_8007_00014;75112_8007;14;;Rue de Rambouillet;75012;75112;Paris 12e Arrondissement;;;654706.92;6860693.74;2.382842;48.844697;parcelle;;;PARIS;RUE DE RAMBOUILLET;commune;commune;vrai;
75112_8007_00015;75112_8007;15;;Rue de Rambouillet;75012;75112;Paris 12e Arrondissement;;;654543.03;6860618.3;2.380617;48.844007;parcelle;;;PARIS;RUE DE RAMBOUILLET;commune;commune;vrai;
75112_8007_00017;75112_8007;17;;Rue de Rambouillet;75012;75112;Paris 12e Arrondissement;;;654549.82;6860622.03;2.380709;48.844041;parcelle;;;PARIS;RUE DE RAMBOUILLET;commune;commune;vrai;
75112_8007_00019;75112_8007;19;;Rue de Rambouillet;75012;75112;Paris 12e Arrondissement;;;654558.37;6860626.85;2.380825;48.844085;parcelle;;;PARIS;RUE DE RAMBOUILLET;commune;commune;vrai;
75112_8007_00021;75112_8007;21;;Rue de Rambouillet;75012;75112;Paris 12e Arrondissement;;;654567.88;6860632.12;2.380954;48.844133;parcelle;;;PARIS;RUE DE RAMBOUILLET;commune;commune;vrai;
75112_8007_00023;75112_8007;23;;Rue de Rambouillet;75012;75112;Paris 12e Arrondissement;;;654576.8;6860637.16;2.381075;48.844179;parcelle;;;PARIS;RUE DE RAMBOUILLET;commune;commune;vrai;
75112_8007_00025;75112_8007;25;;Rue de Rambouillet;75012;75112;Paris 12e Arrondissement;;;654586.67;6860642.64;2.381209;48.844229;parcelle;;;PARIS;RUE DE RAMBOUILLET;commune;commune;vrai;
75112_8007_00027;75112_8007;27;;Rue de Rambouillet;75012;75112;Paris 12e Arrondissement;;;654635.55;6860669.95;2.381872;48.844478;parcelle;;;PARIS;RUE DE RAMBOUILLET;commune;commune;vrai;
75112_8007_00029;75112_8007;29;;Rue de Rambouillet;75012;75112;Paris 12e Arrondissement;;;654639.34;6860676.81;2.381923;48.84454;parcelle;;;PARIS;RUE DE RAMBOUILLET;commune;commune;vrai;
75112_8007_00031;75112_8007;31;;Rue de Rambouillet;75012;75112;Paris 12e Arrondissement;;;654648.78;6860681.86;2.382051;48.844586;parcelle;;;PARIS;RUE DE RAMBOUILLET;commune;commune;vrai;
75112_8007_00033;75112_8007;33;;Rue de Rambouillet;75012;75112;Paris 12e Arrondissement;;;654658.81;6860688.23;2.382187;48.844644;parcelle;;;PARIS;RUE DE RAMBOUILLET;commune;commune;vrai;
75112_8007_00035;75112_8007;35;;Rue de Rambouillet;75012;75112;Paris 12e Arrondissement;;;654665.88;6860691.73;2.382283;48.844676;parcelle;;;PARIS;RUE DE RAMBOUILLET;commune;commune;vrai;
75112_8007_00037;75112_8007;37;;Rue de Rambouillet;75012;75112;Paris 12e Arrondissement;;;654682.17;6860700.83;2.382504;48.844759;parcelle;;;PARIS;RUE DE RAMBOUILLET;commune;commune;vrai;
75112_8007_00035_b;75112_8007;35;b;Rue de Rambouillet;75012;75112;Paris 12e Arrondissement;;;654673.18;6860696.23;2.382382;48.844717;parcelle;;;PARIS;RUE DE RAMBOUILLET;commune;commune;vrai;
75112_8007_00004_b;75112_8007;4;b;Rue de Rambouillet;75012;75112;Paris 12e Arrondissement;;;654549.02;6860604.8;2.3807;48.843886;parcelle;;;PARIS;RUE DE RAMBOUILLET;commune;commune;vrai;
75112_8007_00035_z;75112_8007;35;z;Rue de Rambouillet;75012;75112;Paris 12e Arrondissement;;;654678.59;6860693.41;2.382456;48.844692;parcelle;;;PARIS;RUE DE RAMBOUILLET;commune;commune;vrai;
75112_8007_00033_z;75112_8007;33;z;Rue de Rambouillet;75012;75112;Paris 12e Arrondissement;;;654660.02;6860683.55;2.382204;48.844602;parcelle;;;PARIS;RUE DE RAMBOUILLET;commune;commune;vrai;
75112_8007_00009_p2;75112_8007;9;p2;Rue de Rambouillet;75012;75112;Paris 12e Arrondissement;;;654492.58;6860623.92;2.379929;48.844054;parcelle;;;PARIS;RUE DE RAMBOUILLET;commune;commune;vrai;
75112_8007_00006_b;75112_8007;6;b;Rue de Rambouillet;75012;75112;Paris 12e Arrondissement;;;654650.09;6860662.05;2.382071;48.844408;parcelle;;;PARIS;RUE DE RAMBOUILLET;commune;commune;vrai;
75112_0024_00001;75112_0024;1;;Rue Abel;75012;75112;Paris 12e Arrondissement;;;654086.48;6860863.31;2.37437;48.846178;parcelle;;;PARIS;RUE ABEL;commune;commune;vrai;
75112_0024_00002;75112_0024;2;;Rue Abel;75012;75112;Paris 12e Arrondissement;;;654115.03;6860872.31;2.374758;48.846261;parcelle;;;PARIS;RUE ABEL;commune;commune;vrai;
75112_0024_00003;75112_0024;3;;Rue Abel;75012;75112;Paris 12e Arrondissement;;;654092.08;6860875.28;2.374445;48.846286;parcelle;;;PARIS;RUE ABEL;commune;commune;vrai;
75112_0024_00004;75112_0024;4;;Rue Abel;75012;75112;Paris 12e Arrondissement;;;654122.65;6860888.71;2.37486;48.846409;parcelle;;;PARIS;RUE ABEL;commune;commune;vrai;
75112_0024_00005;75112_0024;5;;Rue Abel;75012;75112;Paris 12e Arrondissement;;;654103.36;6860899.54;2.374596;48.846505;parcelle;;;PARIS;RUE ABEL;commune;commune;vrai;
75112_0024_00006;75112_0024;6;;Rue Abel;75012;75112;Paris 12e Arrondissement;;;654130.71;6860905.99;2.374968;48.846565;parcelle;;;PARIS;RUE ABEL;commune;commune;vrai;
75112_0024_00007;75112_0024;7;;Rue Abel;75012;75112;Paris 12e Arrondissement;;;654110.9;6860915.94;2.374697;48.846653;parcelle;;;PARIS;RUE ABEL;commune;commune;vrai;
75112_0024_00008;75112_0024;8;;Rue Abel;75012;75112;Paris 12e Arrondissement;;;654136.61;6860918.85;2.375047;48.846681;parcelle;;;PARIS;RUE ABEL;commune;commune;vrai;
75112_0024_00009;75112_0024;9;;Rue Abel;75012;75112;Paris 12e Arrondissement;;;654117.17;6860929.34;2.374781;48.846774;parcelle;;;PARIS;RUE ABEL;commune;commune;vrai;
75112_0024_00010;75112_0024;10;;Rue Abel;75012;75112;Paris 12e Arrondissement;;;654145.49;6860938.12;2.375166;48.846855;parcelle;;;PARIS;RUE ABEL;commune;commune;vrai;
75112_0024_00011;75112_0024;11;;Rue Abel;75012;75112;Paris 12e Arrondissement;;;654124.11;6860944.41;2.374874;48.84691;parcelle;;;PARIS;RUE ABEL;commune;commune;vrai;
75112_0024_00012;75112_0024;12;;Rue Abel;75012;75112;Paris 12e Arrondissement;;;654151.17;6860950.42;2.375242;48.846966;parcelle;;;PARIS;RUE ABEL;commune;commune;vrai;
75112_0024_00013;75112_0024;13;;Rue Abel;75012;75112;Paris 12e Arrondissement;;;654169.13;6861041.13;2.375477;48.847783;parcelle;;;PARIS;RUE ABEL;commune;commune;vrai;
75112_0024_00014;75112_0024;14;;Rue Abel;75012;75112;Paris 12e Arrondissement;;;654186.26;6861025.98;2.375712;48.847648;parcelle;;;PARIS;RUE ABEL;commune;commune;vrai;
75112_0024_00015;75112_0024;15;;Rue Abel;75012;75112;Paris 12e Arrondissement;;;654180.04;6861064.73;2.375623;48.847996;parcelle;;;PARIS;RUE ABEL;commune;commune;vrai;
75112_0024_00016;75112_0024;16;;Rue Abel;75012;75112;Paris 12e Arrondissement;;;654200.37;6861056.45;2.375901;48.847923;parcelle;;;PARIS;RUE ABEL;commune;commune;vrai;
75112_0024_00017;75112_0024;17;;Rue Abel;75012;75112;Paris 12e Arrondissement;;;654190.12;6861086.55;2.375758;48.848193;parcelle;;;PARIS;RUE ABEL;commune;commune;vrai;
75112_0024_00018;75112_0024;18;;Rue Abel;75012;75112;Paris 12e Arrondissement;;;654206.27;6861069.19;2.37598;48.848038;parcelle;;;PARIS;RUE ABEL;commune;commune;vrai;
75112_0024_00019;75112_0024;19;;Rue Abel;75012;75112;Paris 12e Arrondissement;;;654195.19;6861097.52;2.375826;48.848292;parcelle;;;PARIS;RUE ABEL;commune;commune;vrai;
75112_0024_00020;75112_0024;20;;Rue Abel;75012;75112;Paris 12e Arrondissement;;;654212.02;6861081.71;2.376057;48.848151;parcelle;;;PARIS;RUE ABEL;commune;commune;vrai;
75112_0024_00012_b;75112_0024;12;b;Rue Abel;75012;75112;Paris 12e Arrondissement;;;654172.36;6861004.18;2.375525;48.847451;parcelle;;;PARIS;RUE ABEL;commune;commune;vrai;
75112_0024_00003_b;75112_0024;3;b;Rue Abel;75012;75112;Paris 12e Arrondissement;;;654096.94;6860885.69;2.37451;48.84638;parcelle;;;PARIS;RUE ABEL;commune;commune;vrai;
75112_0024_00011_b;75112_0024;11;b;Rue Abel;75012;75112;Paris 12e Arrondissement;;;654139.49;6860977.31;2.37508;48.847207;parcelle;;;PARIS;RUE ABEL;commune;commune;vrai;
75112_0024_00011_t;75112_0024;11;t;Rue Abel;75012;75112;Paris 12e Arrondissement;;;654157.04;6861014.98;2.375315;48.847547;parcelle;;;PARIS;RUE ABEL;commune;commune;vrai;
75112_0024_00008_b;75112_0024;8;b;Rue Abel;75012;75112;Paris 12e Arrondissement;;;654140.72;6860927.71;2.375102;48.846761;parcelle;;;PARIS;RUE ABEL;commune;commune;vrai;
75112_0024_00015_b;75112_0024;15;b;Rue Abel;75012;75112;Paris 12e Arrondissement;;;654185.64;6861076.91;2.375698;48.848106;parcelle;;;PARIS;RUE ABEL;commune;commune;vrai;
75112_0024_00014_b;75112_0024;14;b;Rue Abel;75012;75112;Paris 12e Arrondissement;;;654195.37;6861045.59;2.375834;48.847825;parcelle;;;PARIS;RUE ABEL;commune;commune;vrai;
75112_1968_00002;75112_1968;2;;Cour du Chêne Vert;75012;75112;Paris 12e Arrondissement;;;654031.27;6861285.74;2.373572;48.849973;parcelle;;;PARIS;COUR DU CHENE VERT;commune;commune;vrai;
75112_1968_00004;75112_1968;4;;Cour du Chêne Vert;75012;75112;Paris 12e Arrondissement;;;654027.84;6861278.65;2.373526;48.849909;parcelle;;;PARIS;COUR DU CHENE VERT;commune;commune;vrai;
75112_1968_00005;75112_1968;5;;Cour du Chêne Vert;75012;75112;Paris 12e Arrondissement;;;654028.34;6861258.19;2.373535;48.849725;parcelle;;;PARIS;COUR DU CHENE VERT;commune;commune;vrai;
75112_1968_00006;75112_1968;6;;Cour du Chêne Vert;75012;75112;Paris 12e Arrondissement;;;654024.33;6861271.23;2.373479;48.849842;parcelle;;;PARIS;COUR DU CHENE VERT;commune;commune;vrai;
75112_1968_00007;75112_1968;7;;Cour du Chêne Vert;75012;75112;Paris 12e Arrondissement;;;654023.86;6861248.88;2.373475;48.849641;parcelle;;;PARIS;COUR DU CHENE VERT;commune;commune;vrai;
75112_1968_00008;75112_1968;8;;Cour du Chêne Vert;75012;75112;Paris 12e Arrondissement;;;654015.3;6861252.96;2.373358;48.849677;parcelle;;;PARIS;COUR DU CHENE VERT;commune;commune;vrai;
75112_1968_00009;75112_1968;9;;Cour du Chêne Vert;75012;75112;Paris 12e Arrondissement;;;654016.32;6861233.04;2.373374;48.849498;parcelle;;;PARIS;COUR DU CHENE VERT;commune;commune;vrai;
75112_1968_00010;75112_1968;10;;Cour du Chêne Vert;75012;75112;Paris 12e Arrondissement;;;654009.25;6861239.55;2.373277;48.849556;parcelle;;;PARIS;COUR DU CHENE VERT;commune;commune;vrai;
75112_1968_00012;75112_1968;12;;Cour du Chêne Vert;75012;75112;Paris 12e Arrondissement;;;654005.37;6861231.35;2.373225;48.849482;parcelle;;;PARIS;COUR DU CHENE VERT;commune;commune;vrai;
75112_4139_00001;75112_4139;1;;Square Georges Lesage;75012;75112;Paris 12e Arrondissement;;;653609.09;6860883.12;2.367863;48.846322;parcelle;;;PARIS;SQUARE GEORGES LESAGE;commune;commune;vrai;
75112_4139_00002;75112_4139;2;;Square Georges Lesage;75012;75112;Paris 12e Arrondissement;;;653619.51;6860892.49;2.368004;48.846407;parcelle;;;PARIS;SQUARE GEORGES LESAGE;commune;commune;vrai;
75112_4139_00003;75112_4139;3;;Square Georges Lesage;75012;75112;Paris 12e Arrondissement;;;653592.88;6860902.38;2.36764;48.846494;parcelle;;;PARIS;SQUARE GEORGES LESAGE;commune;commune;vrai;
75112_4139_00004;75112_4139;4;;Square Georges Lesage;75012;75112;Paris 12e Arrondissement;;;653607.15;6860907.16;2.367834;48.846538;parcelle;;;PARIS;SQUARE GEORGES LESAGE;commune;commune;vrai;
75112_4139_00006;75112_4139;6;;Square Georges Lesage;75012;75112;Paris 12e Arrondissement;;;653598.06;6860917.8;2.367709;48.846633;parcelle;;;PARIS;SQUARE GEORGES LESAGE;commune;commune;vrai;
75112_2022_00002;75112_2022;2;;Rue Chrétien de Troyes;75012;75112;Paris 12e Arrondissement;;;654474.92;6860590.15;2.379692;48.843749;parcelle;;;PARIS;RUE CHRETIEN DE TROYES;commune;commune;vrai;
75112_2022_00004;75112_2022;4;;Rue Chrétien de Troyes;75012;75112;Paris 12e Arrondissement;;;654466.54;6860597.22;2.379577;48.843812;parcelle;;;PARIS;RUE CHRETIEN DE TROYES;commune;commune;vrai;
75112_2022_00006;75112_2022;6;;Rue Chrétien de Troyes;75012;75112;Paris 12e Arrondissement;;;654455.6;6860606.42;2.379427;48.843894;parcelle;;;PARIS;RUE CHRETIEN DE TROYES;commune;commune;vrai;
75112_2022_00008;75112_2022;8;;Rue Chrétien de Troyes;75012;75112;Paris 12e Arrondissement;;;654444.37;6860615.96;2.379273;48.843979;parcelle;;;PARIS;RUE CHRETIEN DE TROYES;commune;commune;vrai;
75112_2022_00010;75112_2022;10;;Rue Chrétien de Troyes;75012;75112;Paris 12e Arrondissement;;;654435.34;6860624.37;2.379149;48.844054;parcelle;;;PARIS;RUE CHRETIEN DE TROYES;commune;commune;vrai;
75112_2022_00012;75112_2022;12;;Rue Chrétien de Troyes;75012;75112;Paris 12e Arrondissement;;;654432.35;6860635.63;2.379107;48.844155;parcelle;;;PARIS;RUE CHRETIEN DE TROYES;commune;commune;vrai;
75112_2022_00014;75112_2022;14;;Rue Chrétien de Troyes;75012;75112;Paris 12e Arrondissement;;;654446.18;6860649.09;2.379294;48.844277;parcelle;;;PARIS;RUE CHRETIEN DE TROYES;commune;commune;vrai;
75112_2022_00016;75112_2022;16;;Rue Chrétien de Troyes;75012;75112;Paris 12e Arrondissement;;;654458.12;6860656.44;2.379456;48.844344;parcelle;;;PARIS;RUE CHRETIEN DE TROYES;commune;commune;vrai;
75112_2022_00018;75112_2022;18;;Rue Chrétien de Troyes;75012;75112;Paris 12e Arrondissement;;;654475.38;6860667.2;2.37969;48.844442;parcelle;;;PARIS;RUE CHRETIEN DE TROYES;commune;commune;vrai;
75112_2022_00020;75112_2022;20;;Rue Chrétien de Troyes;75012;75112;Paris 12e Arrondissement;;;654492.2;6860677.52;2.379918;48.844536;parcelle;;;PARIS;RUE CHRETIEN DE TROYES;commune;commune;vrai;
75112_2022_00022;75112_2022;22;;Rue Chrétien de Troyes;75012;75112;Paris 12e Arrondissement;;;654498.24;6860681.26;2.38;48.84457;parcelle;;;PARIS;RUE CHRETIEN DE TROYES;commune;commune;vrai;
75112_2022_00024;75112_2022;24;;Rue Chrétien de Troyes;75012;75112;Paris 12e Arrondissement;;;654507.83;6860687.19;2.38013;48.844624;parcelle;;;PARIS;RUE CHRETIEN DE TROYES;commune;commune;vrai;
75112_2022_00026;75112_2022;26;;Rue Chrétien de Troyes;75012;75112;Paris 12e Arrondissement;;;654516.76;6860692.79;2.380251;48.844675;parcelle;;;PARIS;RUE CHRETIEN DE TROYES;commune;commune;vrai;
75112_2022_00001_z;75112_2022;1;z;Rue Chrétien de Troyes;75012;75112;Paris 12e Arrondissement;;;654438.15;6860599.33;2.37919;48.843829;parcelle;;;PARIS;RUE CHRETIEN DE TROYES;commune;commune;vrai;
75112_6044_00003;75112_6044;3;;Cour du Marché Saint-Antoine;75012;75112;Paris 12e Arrondissement;;;654140.77;6861055.47;2.375089;48.84791;parcelle;;;PARIS;COUR DU MARCHE SAINT ANTOINE;commune;commune;vrai;
75112_6044_00004;75112_6044;4;;Cour du Marché Saint-Antoine;75012;75112;Paris 12e Arrondissement;;;654141.99;6861042.79;2.375107;48.847796;parcelle;;;PARIS;COUR DU MARCHE SAINT ANTOINE;commune;commune;vrai;
75112_6044_00005;75112_6044;5;;Cour du Marché Saint-Antoine;75012;75112;Paris 12e Arrondissement;;;654138.99;6861070.72;2.375063;48.848047;parcelle;;;PARIS;COUR DU MARCHE SAINT ANTOINE;commune;commune;vrai;
75112_6044_00006;75112_6044;6;;Cour du Marché Saint-Antoine;75012;75112;Paris 12e Arrondissement;;;654147.41;6861049.75;2.37518;48.847859;parcelle;;;PARIS;COUR DU MARCHE SAINT ANTOINE;commune;commune;vrai;
75112_6044_00007;75112_6044;7;;Cour du Marché Saint-Antoine;75012;75112;Paris 12e Arrondissement;;;654143.73;6861077.02;2.375127;48.848104;parcelle;;;PARIS;COUR DU MARCHE SAINT ANTOINE;commune;commune;vrai;
75112_6044_00008;75112_6044;8;;Cour du Marché Saint-Antoine;75012;75112;Paris 12e Arrondissement;;;654149.93;6861053.96;2.375214;48.847897;parcelle;;;PARIS;COUR DU MARCHE SAINT ANTOINE;commune;commune;vrai;
75112_6044_00009;75112_6044;9;;Cour du Marché Saint-Antoine;75012;75112;Paris 12e Arrondissement;;;654149;6861084.32;2.375198;48.84817;parcelle;;;PARIS;COUR DU MARCHE SAINT ANTOINE;commune;commune;vrai;
75112_6044_00010;75112_6044;10;;Cour du Marché Saint-Antoine;75012;75112;Paris 12e Arrondissement;;;654159.65;6861067.22;2.375345;48.848017;parcelle;;;PARIS;COUR DU MARCHE SAINT ANTOINE;commune;commune;vrai;
75112_6044_00011;75112_6044;11;;Cour du Marché Saint-Antoine;75012;75112;Paris 12e Arrondissement;;;654155.23;6861092.72;2.375282;48.848246;parcelle;;;PARIS;COUR DU MARCHE SAINT ANTOINE;commune;commune;vrai;
75112_6044_00012;75112_6044;12;;Cour du Marché Saint-Antoine;75012;75112;Paris 12e Arrondissement;;;654171.8;6861090.37;2.375508;48.848226;parcelle;;;PARIS;COUR DU MARCHE SAINT ANTOINE;commune;commune;vrai;
75112_6044_00013;75112_6044;13;;Cour du Marché Saint-Antoine;75012;75112;Paris 12e Arrondissement;;;654163.24;6861103;2.37539;48.848339;parcelle;;;PARIS;COUR DU MARCHE SAINT ANTOINE;commune;commune;vrai;
75112_6044_00014;75112_6044;14;;Cour du Marché Saint-Antoine;75012;75112;Paris 12e Arrondissement;;;654179.89;6861093.19;2.375618;48.848252;parcelle;;;PARIS;COUR DU MARCHE SAINT ANTOINE;commune;commune;vrai;
75112_6044_00015;75112_6044;15;;Cour du Marché Saint-Antoine;75012;75112;Paris 12e Arrondissement;;;654168.58;6861110.41;2.375462;48.848406;parcelle;;;PARIS;COUR DU MARCHE SAINT ANTOINE;commune;commune;vrai;
75112_6044_00016;75112_6044;16;;Cour du Marché Saint-Antoine;75012;75112;Paris 12e Arrondissement;;;654183.97;6861098.72;2.375673;48.848302;parcelle;;;PARIS;COUR DU MARCHE SAINT ANTOINE;commune;commune;vrai;
75112_6044_00017;75112_6044;17;;Cour du Marché Saint-Antoine;75012;75112;Paris 12e Arrondissement;;;654173.28;6861110.7;2.375526;48.848409;parcelle;;;PARIS;COUR DU MARCHE SAINT ANTOINE;commune;commune;vrai;
75112_6044_00018;75112_6044;18;;Cour du Marché Saint-Antoine;75012;75112;Paris 12e Arrondissement;;;654182.47;6861104.07;2.375652;48.84835;parcelle;;;PARIS;COUR DU MARCHE SAINT ANTOINE;commune;commune;vrai;
75112_6044_00019;75112_6044;19;;Cour du Marché Saint-Antoine;75012;75112;Paris 12e Arrondissement;;;654178.74;6861114.33;2.3756;48.848442;parcelle;;;PARIS;COUR DU MARCHE SAINT ANTOINE;commune;commune;vrai;
75112_6044_00020;75112_6044;20;;Cour du Marché Saint-Antoine;75012;75112;Paris 12e Arrondissement;;;654184.07;6861110.4;2.375673;48.848407;parcelle;;;PARIS;COUR DU MARCHE SAINT ANTOINE;commune;commune;vrai;
75112_0953_00003;75112_0953;3;;Ruelle Bidault;75012;75112;Paris 12e Arrondissement;;;654597.02;6860698.5;2.381344;48.844732;parcelle;;;PARIS;RUELLE BIDAULT;commune;commune;vrai;
75112_0953_00004;75112_0953;4;;Ruelle Bidault;75012;75112;Paris 12e Arrondissement;;;654602.28;6860695.56;2.381416;48.844706;parcelle;;;PARIS;RUELLE BIDAULT;commune;commune;vrai;
75112_0953_00005;75112_0953;5;;Ruelle Bidault;75012;75112;Paris 12e Arrondissement;;;654606.1;6860704.87;2.381467;48.84479;parcelle;;;PARIS;RUELLE BIDAULT;commune;commune;vrai;
75112_0953_00006;75112_0953;6;;Ruelle Bidault;75012;75112;Paris 12e Arrondissement;;;654613.49;6860703.04;2.381568;48.844774;parcelle;;;PARIS;RUELLE BIDAULT;commune;commune;vrai;
75112_0953_00007;75112_0953;7;;Ruelle Bidault;75012;75112;Paris 12e Arrondissement;;;654617.16;6860711.9;2.381617;48.844854;parcelle;;;PARIS;RUELLE BIDAULT;commune;commune;vrai;
75112_0953_00008;75112_0953;8;;Ruelle Bidault;75012;75112;Paris 12e Arrondissement;;;654621.61;6860707.98;2.381678;48.844819;parcelle;;;PARIS;RUELLE BIDAULT;commune;commune;vrai;
75112_0953_00009;75112_0953;9;;Ruelle Bidault;75012;75112;Paris 12e Arrondissement;;;654626.37;6860716.95;2.381742;48.8449;parcelle;;;PARIS;RUELLE BIDAULT;commune;commune;vrai;
75112_0953_00010;75112_0953;10;;Ruelle Bidault;75012;75112;Paris 12e Arrondissement;;;654632;6860714.12;2.381819;48.844875;parcelle;;;PARIS;RUELLE BIDAULT;commune;commune;vrai;
75112_0953_00011;75112_0953;11;;Ruelle Bidault;75012;75112;Paris 12e Arrondissement;;;654631.69;6860720.91;2.381814;48.844936;parcelle;;;PARIS;RUELLE BIDAULT;commune;commune;vrai;
75112_0953_00012;75112_0953;12;;Ruelle Bidault;75012;75112;Paris 12e Arrondissement;;;654641.29;6860719.72;2.381945;48.844926;parcelle;;;PARIS;RUELLE BIDAULT;commune;commune;vrai;
75112_0953_00011_s;75112_0953;11;s;Ruelle Bidault;75012;75112;Paris 12e Arrondissement;;;654635.65;6860720.1;2.381868;48.844929;parcelle;;;PARIS;RUELLE BIDAULT;commune;commune;vrai;
75112_0953_00009_s1;75112_0953;9;s1;Ruelle Bidault;75012;75112;Paris 12e Arrondissement;;;654624.59;6860713.96;2.381718;48.844873;parcelle;;;PARIS;RUELLE BIDAULT;commune;commune;vrai;
75112_0953_00005_s;75112_0953;5;s;Ruelle Bidault;75012;75112;Paris 12e Arrondissement;;;654609.03;6860704.3;2.381507;48.844785;parcelle;;;PARIS;RUELLE BIDAULT;commune;commune;vrai;
75112_0953_00009_s2;75112_0953;9;s2;Ruelle Bidault;75012;75112;Paris 12e Arrondissement;;;654628.35;6860716.15;2.381769;48.844893;parcelle;;;PARIS;RUELLE BIDAULT;commune;commune;vrai;
75112_2814_00001;75112_2814;1;;Place du Docteur Antoine Béclère;75012;75112;Paris 12e Arrondissement;;;654727.11;6861295.39;2.383053;48.850109;parcelle;;;PARIS;PLACE DU DOCTEUR ANTOINE BECLERE;commune;commune;vrai;
75112_2814_00002;75112_2814;2;;Place du Docteur Antoine Béclère;75012;75112;Paris 12e Arrondissement;;;654708.05;6861298.43;2.382793;48.850135;parcelle;;;PARIS;PLACE DU DOCTEUR ANTOINE BECLERE;commune;commune;vrai;
75112_2814_00003;75112_2814;3;;Place du Docteur Antoine Béclère;75012;75112;Paris 12e Arrondissement;;;654725.25;6861282.61;2.383029;48.849994;parcelle;;;PARIS;PLACE DU DOCTEUR ANTOINE BECLERE;commune;commune;vrai;
75112_2814_00004;75112_2814;4;;Place du Docteur Antoine Béclère;75012;75112;Paris 12e Arrondissement;;;654706.37;6861289.21;2.382771;48.850052;parcelle;;;PARIS;PLACE DU DOCTEUR ANTOINE BECLERE;commune;commune;vrai;
75112_2814_00005;75112_2814;5;;Place du Docteur Antoine Béclère;75012;75112;Paris 12e Arrondissement;;;654714.75;6861281.47;2.382886;48.849983;parcelle;;;PARIS;PLACE DU DOCTEUR ANTOINE BECLERE;commune;commune;vrai;
75112_5761_00001;75112_5761;1;;Place Louis Armand;75012;75112;Paris 12e Arrondissement;;;653946.36;6860749.67;2.372473;48.845146;parcelle;;;PARIS;PLACE LOUIS ARMAND;commune;commune;vrai;
75112_5761_00002;75112_5761;2;;Place Louis Armand;75012;75112;Paris 12e Arrondissement;;;653964.04;6860684.59;2.372721;48.844562;parcelle;;;PARIS;PLACE LOUIS ARMAND;commune;commune;vrai;
75112_5761_00003;75112_5761;3;;Place Louis Armand;75012;75112;Paris 12e Arrondissement;;;653926.29;6860764.61;2.372198;48.845279;parcelle;;;PARIS;PLACE LOUIS ARMAND;commune;commune;vrai;
75112_5761_00004;75112_5761;4;;Place Louis Armand;75012;75112;Paris 12e Arrondissement;;;653989.8;6860712.4;2.373069;48.844814;parcelle;;;PARIS;PLACE LOUIS ARMAND;commune;commune;vrai;
75112_5761_00005;75112_5761;5;;Place Louis Armand;75012;75112;Paris 12e Arrondissement;;;653912.13;6860783.08;2.372003;48.845444;parcelle;;;PARIS;PLACE LOUIS ARMAND;commune;commune;vrai;
75112_5761_00006;75112_5761;6;;Place Louis Armand;75012;75112;Paris 12e Arrondissement;;;654003.95;6860728.53;2.37326;48.84496;parcelle;;;PARIS;PLACE LOUIS ARMAND;commune;commune;vrai;
75112_5761_00008;75112_5761;8;;Place Louis Armand;75012;75112;Paris 12e Arrondissement;;;654017;6860745.21;2.373436;48.845111;parcelle;;;PARIS;PLACE LOUIS ARMAND;commune;commune;vrai;
75112_0192_00002;75112_0192;2;;Cour d'Alger;75012;75112;Paris 12e Arrondissement;;;653631.42;6860968.46;2.368158;48.847091;parcelle;;;PARIS;COUR D ALGER;commune;commune;vrai;
75112_0714_00002;75112_0714;2;;Place de la Bastille;75012;75112;Paris 12e Arrondissement;;;653754.15;6861559.6;2.369766;48.852416;parcelle;;;PARIS;PLACE DE LA BASTILLE;commune;commune;vrai;
75112_0714_00004;75112_0714;4;;Place de la Bastille;75012;75112;Paris 12e Arrondissement;;;653775.62;6861619.81;2.370052;48.852959;parcelle;;;PARIS;PLACE DE LA BASTILLE;commune;commune;vrai;
75112_0714_00006;75112_0714;6;;Place de la Bastille;75012;75112;Paris 12e Arrondissement;;;653782.08;6861629.55;2.370139;48.853047;parcelle;;;PARIS;PLACE DE LA BASTILLE;commune;commune;vrai;
75112_0714_00002_b;75112_0714;2;b;Place de la Bastille;75012;75112;Paris 12e Arrondissement;;;653758.54;6861585.81;2.369823;48.852652;parcelle;;;PARIS;PLACE DE LA BASTILLE;commune;commune;vrai;
75112_8575_00001;75112_8575;1;;Cour Saint-Eloi;75012;75112;Paris 12e Arrondissement;;;655066.18;6860921.01;2.387713;48.846766;parcelle;;;PARIS;COUR SAINT ELOI;commune;commune;vrai;
75112_8575_00002;75112_8575;2;;Cour Saint-Eloi;75012;75112;Paris 12e Arrondissement;;;655064.23;6860905.35;2.387688;48.846625;parcelle;;;PARIS;COUR SAINT ELOI;commune;commune;vrai;
75112_8575_00003;75112_8575;3;;Cour Saint-Eloi;75012;75112;Paris 12e Arrondissement;;;655076.81;6860928.49;2.387857;48.846834;parcelle;;;PARIS;COUR SAINT ELOI;commune;commune;vrai;
75112_8575_00004;75112_8575;4;;Cour Saint-Eloi;75012;75112;Paris 12e Arrondissement;;;655084.5;6860917.54;2.387963;48.846736;parcelle;;;PARIS;COUR SAINT ELOI;commune;commune;vrai;
75112_8575_00005;75112_8575;5;;Cour Saint-Eloi;75012;75112;Paris 12e Arrondissement;;;655088.32;6860936.63;2.388013;48.846908;parcelle;;;PARIS;COUR SAINT ELOI;commune;commune;vrai;
75112_8575_00006;75112_8575;6;;Cour Saint-Eloi;75012;75112;Paris 12e Arrondissement;;;655109;6860935.03;2.388295;48.846895;parcelle;;;PARIS;COUR SAINT ELOI;commune;commune;vrai;
75112_8575_00007;75112_8575;7;;Cour Saint-Eloi;75012;75112;Paris 12e Arrondissement;;;655103.52;6860947.41;2.388219;48.847006;parcelle;;;PARIS;COUR SAINT ELOI;commune;commune;vrai;
75112_8575_00008;75112_8575;8;;Cour Saint-Eloi;75012;75112;Paris 12e Arrondissement;;;655127.97;6860948.45;2.388552;48.847017;parcelle;;;PARIS;COUR SAINT ELOI;commune;commune;vrai;
75112_8575_00009;75112_8575;9;;Cour Saint-Eloi;75012;75112;Paris 12e Arrondissement;;;655114.44;6860955.11;2.388367;48.847076;parcelle;;;PARIS;COUR SAINT ELOI;commune;commune;vrai;
75112_8575_00010;75112_8575;10;;Cour Saint-Eloi;75012;75112;Paris 12e Arrondissement;;;655144.2;6860960;2.388772;48.847122;parcelle;;;PARIS;COUR SAINT ELOI;commune;commune;vrai;
75112_8575_00011;75112_8575;11;;Cour Saint-Eloi;75012;75112;Paris 12e Arrondissement;;;655125.07;6860962.7;2.388511;48.847145;parcelle;;;PARIS;COUR SAINT ELOI;commune;commune;vrai;
75112_8575_00012;75112_8575;12;;Cour Saint-Eloi;75012;75112;Paris 12e Arrondissement;;;655149.81;6860964.07;2.388848;48.847159;parcelle;;;PARIS;COUR SAINT ELOI;commune;commune;vrai;
75112_8575_00013;75112_8575;13;;Cour Saint-Eloi;75012;75112;Paris 12e Arrondissement;;;655135.55;6860970.07;2.388653;48.847212;parcelle;;;PARIS;COUR SAINT ELOI;commune;commune;vrai;
75112_8575_00014;75112_8575;14;;Cour Saint-Eloi;75012;75112;Paris 12e Arrondissement;;;655156.09;6860968.47;2.388933;48.847199;parcelle;;;PARIS;COUR SAINT ELOI;commune;commune;vrai;
75112_8575_00015;75112_8575;15;;Cour Saint-Eloi;75012;75112;Paris 12e Arrondissement;;;655150.46;6860981.52;2.388855;48.847316;parcelle;;;PARIS;COUR SAINT ELOI;commune;commune;vrai;
75112_8575_00016;75112_8575;16;;Cour Saint-Eloi;75012;75112;Paris 12e Arrondissement;;;655163.76;6860973.86;2.389037;48.847248;parcelle;;;PARIS;COUR SAINT ELOI;commune;commune;vrai;
75112_8575_00017;75112_8575;17;;Cour Saint-Eloi;75012;75112;Paris 12e Arrondissement;;;655157.91;6860986.69;2.388956;48.847363;parcelle;;;PARIS;COUR SAINT ELOI;commune;commune;vrai;
75112_8575_00018;75112_8575;18;;Cour Saint-Eloi;75012;75112;Paris 12e Arrondissement;;;655171.74;6860980.58;2.389145;48.847309;parcelle;;;PARIS;COUR SAINT ELOI;commune;commune;vrai;
75112_8575_00020;75112_8575;20;;Cour Saint-Eloi;75012;75112;Paris 12e Arrondissement;;;655176.11;6860985.77;2.389204;48.847356;parcelle;;;PARIS;COUR SAINT ELOI;commune;commune;vrai;
75112_8575_00022;75112_8575;22;;Cour Saint-Eloi;75012;75112;Paris 12e Arrondissement;;;655176.75;6860992.44;2.389212;48.847416;parcelle;;;PARIS;COUR SAINT ELOI;commune;commune;vrai;
75112_8575_00001_u;75112_8575;1;u;Cour Saint-Eloi;75012;75112;Paris 12e Arrondissement;;;655061.98;6860908.7;2.387657;48.846655;parcelle;;;PARIS;COUR SAINT ELOI;commune;commune;vrai;
75112_8575_00003_p;75112_8575;3;p;Cour Saint-Eloi;75012;75112;Paris 12e Arrondissement;;;655078.54;6860933.82;2.38788;48.846882;parcelle;;;PARIS;COUR SAINT ELOI;commune;commune;vrai;
75112_3445_00001;75112_3445;1;;Rue Eugénie Eboué;75012;75112;Paris 12e Arrondissement;;;654924.76;6860817.81;2.385797;48.845828;parcelle;;;PARIS;RUE EUGENIE EBOUE;commune;commune;vrai;
75112_3445_00002;75112_3445;2;;Rue Eugénie Eboué;75012;75112;Paris 12e Arrondissement;;;654887.28;6860792.08;2.385289;48.845594;parcelle;;;PARIS;RUE EUGENIE EBOUE;commune;commune;vrai;
75112_3445_00003;75112_3445;3;;Rue Eugénie Eboué;75012;75112;Paris 12e Arrondissement;;;654936.95;6860817.6;2.385963;48.845827;parcelle;;;PARIS;RUE EUGENIE EBOUE;commune;commune;vrai;
75112_3445_00004;75112_3445;4;;Rue Eugénie Eboué;75012;75112;Paris 12e Arrondissement;;;654900.34;6860791.31;2.385467;48.845588;parcelle;;;PARIS;RUE EUGENIE EBOUE;commune;commune;vrai;
75112_3445_00005;75112_3445;5;;Rue Eugénie Eboué;75012;75112;Paris 12e Arrondissement;;;654950.45;6860817.39;2.386147;48.845826;parcelle;;;PARIS;RUE EUGENIE EBOUE;commune;commune;vrai;
75112_3445_00006;75112_3445;6;;Rue Eugénie Eboué;75012;75112;Paris 12e Arrondissement;;;654913.63;6860791.88;2.385648;48.845594;parcelle;;;PARIS;RUE EUGENIE EBOUE;commune;commune;vrai;
75112_3445_00007;75112_3445;7;;Rue Eugénie Eboué;75012;75112;Paris 12e Arrondissement;;;654963.58;6860817.17;2.386326;48.845825;parcelle;;;PARIS;RUE EUGENIE EBOUE;commune;commune;vrai;
75112_3445_00008;75112_3445;8;;Rue Eugénie Eboué;75012;75112;Paris 12e Arrondissement;;;654924.12;6860791.79;2.385791;48.845594;parcelle;;;PARIS;RUE EUGENIE EBOUE;commune;commune;vrai;
75112_3445_00009;75112_3445;9;;Rue Eugénie Eboué;75012;75112;Paris 12e Arrondissement;;;654987.07;6860816.77;2.386646;48.845823;parcelle;;;PARIS;RUE EUGENIE EBOUE;commune;commune;vrai;
75112_3445_00010;75112_3445;10;;Rue Eugénie Eboué;75012;75112;Paris 12e Arrondissement;;;654940.27;6860791.67;2.386011;48.845594;parcelle;;;PARIS;RUE EUGENIE EBOUE;commune;commune;vrai;
75112_3445_00012;75112_3445;12;;Rue Eugénie Eboué;75012;75112;Paris 12e Arrondissement;;;654958.69;6860791.53;2.386262;48.845594;parcelle;;;PARIS;RUE EUGENIE EBOUE;commune;commune;vrai;
75112_3445_00013;75112_3445;13;;Rue Eugénie Eboué;75012;75112;Paris 12e Arrondissement;;;654997.96;6860801.56;2.386796;48.845687;parcelle;;;PARIS;RUE EUGENIE EBOUE;commune;commune;vrai;
75112_3445_00014;75112_3445;14;;Rue Eugénie Eboué;75012;75112;Paris 12e Arrondissement;;;654978.06;6860791.38;2.386526;48.845594;parcelle;;;PARIS;RUE EUGENIE EBOUE;commune;commune;vrai;
75112_3445_00016;75112_3445;16;;Rue Eugénie Eboué;75012;75112;Paris 12e Arrondissement;;;654994.5;6860791.25;2.38675;48.845594;parcelle;;;PARIS;RUE EUGENIE EBOUE;commune;commune;vrai;
75112_5237_00001;75112_5237;1;;Rue Lacuée;75012;75112;Paris 12e Arrondissement;;;653685.24;6861292.95;2.368856;48.850013;parcelle;;;PARIS;RUE LACUEE;commune;commune;vrai;
75112_5237_00002;75112_5237;2;;Rue Lacuée;75012;75112;Paris 12e Arrondissement;;;653677.92;6861276.44;2.368758;48.849864;parcelle;;;PARIS;RUE LACUEE;commune;commune;vrai;
75112_5237_00003;75112_5237;3;;Rue Lacuée;75012;75112;Paris 12e Arrondissement;;;653700.2;6861282.6;2.369061;48.849921;parcelle;;;PARIS;RUE LACUEE;commune;commune;vrai;
75112_5237_00004;75112_5237;4;;Rue Lacuée;75012;75112;Paris 12e Arrondissement;;;653696.46;6861263.95;2.369012;48.849753;parcelle;;;PARIS;RUE LACUEE;commune;commune;vrai;
75112_5237_00005;75112_5237;5;;Rue Lacuée;75012;75112;Paris 12e Arrondissement;;;653712.54;6861274.05;2.36923;48.849845;parcelle;;;PARIS;RUE LACUEE;commune;commune;vrai;
75112_5237_00006;75112_5237;6;;Rue Lacuée;75012;75112;Paris 12e Arrondissement;;;653704.27;6861258.43;2.369119;48.849704;parcelle;;;PARIS;RUE LACUEE;commune;commune;vrai;
75112_5237_00007;75112_5237;7;;Rue Lacuée;75012;75112;Paris 12e Arrondissement;;;653724.51;6861265.72;2.369394;48.849771;parcelle;;;PARIS;RUE LACUEE;commune;commune;vrai;
75112_5237_00008;75112_5237;8;;Rue Lacuée;75012;75112;Paris 12e Arrondissement;;;653718.72;6861248.76;2.369317;48.849618;parcelle;;;PARIS;RUE LACUEE;commune;commune;vrai;
75112_5237_00009;75112_5237;9;;Rue Lacuée;75012;75112;Paris 12e Arrondissement;;;653737.42;6861256.72;2.369571;48.849691;parcelle;;;PARIS;RUE LACUEE;commune;commune;vrai;
75112_5237_00010;75112_5237;10;;Rue Lacuée;75012;75112;Paris 12e Arrondissement;;;653731.93;6861239.98;2.369498;48.84954;parcelle;;;PARIS;RUE LACUEE;commune;commune;vrai;
75112_5237_00011;75112_5237;11;;Rue Lacuée;75012;75112;Paris 12e Arrondissement;;;653773.11;6861231.86;2.37006;48.84947;parcelle;;;PARIS;RUE LACUEE;commune;commune;vrai;
75112_5237_00012;75112_5237;12;;Rue Lacuée;75012;75112;Paris 12e Arrondissement;;;653744.85;6861230.98;2.369675;48.84946;parcelle;;;PARIS;RUE LACUEE;commune;commune;vrai;
75112_5237_00013;75112_5237;13;;Rue Lacuée;75012;75112;Paris 12e Arrondissement;;;653782.74;6861225.23;2.370192;48.849411;parcelle;;;PARIS;RUE LACUEE;commune;commune;vrai;
75112_5237_00014;75112_5237;14;;Rue Lacuée;75012;75112;Paris 12e Arrondissement;;;653760.98;6861219.84;2.369896;48.849361;parcelle;;;PARIS;RUE LACUEE;commune;commune;vrai;
75112_5237_00015;75112_5237;15;;Rue Lacuée;75012;75112;Paris 12e Arrondissement;;;653792.67;6861218.36;2.370328;48.84935;parcelle;;;PARIS;RUE LACUEE;commune;commune;vrai;
75112_5237_00016;75112_5237;16;;Rue Lacuée;75012;75112;Paris 12e Arrondissement;;;653781.19;6861205.78;2.370173;48.849236;parcelle;;;PARIS;RUE LACUEE;commune;commune;vrai;
75112_5237_00017;75112_5237;17;;Rue Lacuée;75012;75112;Paris 12e Arrondissement;;;653803.4;6861210.94;2.370475;48.849284;parcelle;;;PARIS;RUE LACUEE;commune;commune;vrai;
75112_5237_00018;75112_5237;18;;Rue Lacuée;75012;75112;Paris 12e Arrondissement;;;653794.84;6861196.33;2.37036;48.849152;parcelle;;;PARIS;RUE LACUEE;commune;commune;vrai;
75112_5237_00020;75112_5237;20;;Rue Lacuée;75012;75112;Paris 12e Arrondissement;;;653804.26;6861189.81;2.370489;48.849094;parcelle;;;PARIS;RUE LACUEE;commune;commune;vrai;
75112_5237_00009_b;75112_5237;9;b;Rue Lacuée;75012;75112;Paris 12e Arrondissement;;;653746.84;6861250.2;2.3697;48.849633;parcelle;;;PARIS;RUE LACUEE;commune;commune;vrai;
75112_9256_00001;75112_9256;1;;Rue Théophile Roussel;75012;75112;Paris 12e Arrondissement;;;654313.83;6861223.79;2.377429;48.849436;parcelle;;;PARIS;RUE THEOPHILE ROUSSEL;commune;commune;vrai;
75112_9256_00002;75112_9256;2;;Rue Théophile Roussel;75012;75112;Paris 12e Arrondissement;;;654320.17;6861236.98;2.377514;48.849555;parcelle;;;PARIS;RUE THEOPHILE ROUSSEL;commune;commune;vrai;
75112_9256_00003;75112_9256;3;;Rue Théophile Roussel;75012;75112;Paris 12e Arrondissement;;;654301.15;6861235.46;2.377255;48.84954;parcelle;;;PARIS;RUE THEOPHILE ROUSSEL;commune;commune;vrai;
75112_9256_00004;75112_9256;4;;Rue Théophile Roussel;75012;75112;Paris 12e Arrondissement;;;654308.08;6861248.08;2.377348;48.849654;parcelle;;;PARIS;RUE THEOPHILE ROUSSEL;commune;commune;vrai;
75112_9256_00005;75112_9256;5;;Rue Théophile Roussel;75012;75112;Paris 12e Arrondissement;;;654289.71;6861245.89;2.377098;48.849633;parcelle;;;PARIS;RUE THEOPHILE ROUSSEL;commune;commune;vrai;
75112_9256_00006;75112_9256;6;;Rue Théophile Roussel;75012;75112;Paris 12e Arrondissement;;;654297.51;6861257.84;2.377203;48.849741;parcelle;;;PARIS;RUE THEOPHILE ROUSSEL;commune;commune;vrai;
75112_9256_00007;75112_9256;7;;Rue Théophile Roussel;75012;75112;Paris 12e Arrondissement;;;654236.82;6861294.23;2.376372;48.850064;parcelle;;;PARIS;RUE THEOPHILE ROUSSEL;commune;commune;vrai;
75112_9256_00008;75112_9256;8;;Rue Théophile Roussel;75012;75112;Paris 12e Arrondissement;;;654241.05;6861309.77;2.376428;48.850204;parcelle;;;PARIS;RUE THEOPHILE ROUSSEL;commune;commune;vrai;
75112_9256_00010;75112_9256;10;;Rue Théophile Roussel;75012;75112;Paris 12e Arrondissement;;;654232.23;6861317.96;2.376307;48.850277;parcelle;;;PARIS;RUE THEOPHILE ROUSSEL;commune;commune;vrai;
75112_9256_00012;75112_9256;12;;Rue Théophile Roussel;75012;75112;Paris 12e Arrondissement;;;654221.67;6861327.6;2.376162;48.850363;parcelle;;;PARIS;RUE THEOPHILE ROUSSEL;commune;commune;vrai;
75112_9256_00014;75112_9256;14;;Rue Théophile Roussel;75012;75112;Paris 12e Arrondissement;;;654206.51;6861341.51;2.375954;48.850487;parcelle;;;PARIS;RUE THEOPHILE ROUSSEL;commune;commune;vrai;
75112_9256_00006_b;75112_9256;6;b;Rue Théophile Roussel;75012;75112;Paris 12e Arrondissement;;;654268.37;6861284.42;2.376803;48.849978;parcelle;;;PARIS;RUE THEOPHILE ROUSSEL;commune;commune;vrai;
75112_9256_00012_b;75112_9256;12;b;Rue Théophile Roussel;75012;75112;Paris 12e Arrondissement;;;654212.27;6861336.24;2.376033;48.85044;parcelle;;;PARIS;RUE THEOPHILE ROUSSEL;commune;commune;vrai;
75112_3312_00001;75112_3312;1;;Impasse Erard;75012;75112;Paris 12e Arrondissement;;;654818.73;6860800.84;2.384354;48.845668;parcelle;;;PARIS;IMPASSE ERARD;commune;commune;vrai;
75112_3312_00002;75112_3312;2;;Impasse Erard;75012;75112;Paris 12e Arrondissement;;;654822.58;6860805.6;2.384406;48.845711;parcelle;;;PARIS;IMPASSE ERARD;commune;commune;vrai;
75112_3312_00003;75112_3312;3;;Impasse Erard;75012;75112;Paris 12e Arrondissement;;;654805.5;6860817.85;2.384172;48.84582;parcelle;;;PARIS;IMPASSE ERARD;commune;commune;vrai;
75112_3312_00004;75112_3312;4;;Impasse Erard;75012;75112;Paris 12e Arrondissement;;;654812.61;6860825.24;2.384268;48.845887;parcelle;;;PARIS;IMPASSE ERARD;commune;commune;vrai;
75112_3312_00005;75112_3312;5;;Impasse Erard;75012;75112;Paris 12e Arrondissement;;;654799.15;6860830.69;2.384084;48.845935;parcelle;;;PARIS;IMPASSE ERARD;commune;commune;vrai;
75112_3312_00006;75112_3312;6;;Impasse Erard;75012;75112;Paris 12e Arrondissement;;;654807.4;6860835.51;2.384196;48.845979;parcelle;;;PARIS;IMPASSE ERARD;commune;commune;vrai;
75112_x028_00001;75112_X028;1;;Voie Ac/12;75012;75112;Paris 12e Arrondissement;;;654767.25;6860645.9;2.383669;48.844271;parcelle;;;PARIS;VOIE AC 12;commune;commune;vrai;
75112_x028_00002;75112_X028;2;;Voie Ac/12;75012;75112;Paris 12e Arrondissement;;;654763.09;6860649.27;2.383612;48.844301;parcelle;;;PARIS;VOIE AC 12;commune;commune;vrai;
75112_x028_00003;75112_X028;3;;Voie Ac/12;75012;75112;Paris 12e Arrondissement;;;654753.46;6860638;2.383482;48.844199;parcelle;;;PARIS;VOIE AC 12;commune;commune;vrai;
75112_x028_00004;75112_X028;4;;Voie Ac/12;75012;75112;Paris 12e Arrondissement;;;654751.81;6860642.47;2.383459;48.844239;parcelle;;;PARIS;VOIE AC 12;commune;commune;vrai;
75112_2320_00001;75112_2320;1;;Avenue de Corbera;75012;75112;Paris 12e Arrondissement;;;654584.17;6860782.55;2.38116;48.845487;parcelle;;;PARIS;AVENUE DE CORBERA;commune;commune;vrai;
75112_2320_00002;75112_2320;2;;Avenue de Corbera;75012;75112;Paris 12e Arrondissement;;;654602.09;6860773.85;2.381405;48.84541;parcelle;;;PARIS;AVENUE DE CORBERA;commune;commune;vrai;
75112_2320_00003;75112_2320;3;;Avenue de Corbera;75012;75112;Paris 12e Arrondissement;;;654606.45;6860796.83;2.381462;48.845617;parcelle;;;PARIS;AVENUE DE CORBERA;commune;commune;vrai;
75112_2320_00004;75112_2320;4;;Avenue de Corbera;75012;75112;Paris 12e Arrondissement;;;654615.88;6860782.64;2.381592;48.84549;parcelle;;;PARIS;AVENUE DE CORBERA;commune;commune;vrai;
75112_2320_00005;75112_2320;5;;Avenue de Corbera;75012;75112;Paris 12e Arrondissement;;;654628.5;6860810.78;2.381761;48.845744;parcelle;;;PARIS;AVENUE DE CORBERA;commune;commune;vrai;
75112_2320_00006;75112_2320;6;;Avenue de Corbera;75012;75112;Paris 12e Arrondissement;;;654623.4;6860787.47;2.381694;48.845534;parcelle;;;PARIS;AVENUE DE CORBERA;commune;commune;vrai;
75112_2320_00007;75112_2320;7;;Avenue de Corbera;75012;75112;Paris 12e Arrondissement;;;654650.93;6860825.06;2.382065;48.845874;parcelle;;;PARIS;AVENUE DE CORBERA;commune;commune;vrai;
75112_2320_00008;75112_2320;8;;Avenue de Corbera;75012;75112;Paris 12e Arrondissement;;;654630.41;6860791.86;2.381789;48.845574;parcelle;;;PARIS;AVENUE DE CORBERA;commune;commune;vrai;
75112_2320_00010;75112_2320;10;;Avenue de Corbera;75012;75112;Paris 12e Arrondissement;;;654638.97;6860797.36;2.381905;48.845624;parcelle;;;PARIS;AVENUE DE CORBERA;commune;commune;vrai;
75112_2320_00012;75112_2320;12;;Avenue de Corbera;75012;75112;Paris 12e Arrondissement;;;654646.05;6860801.86;2.382001;48.845665;parcelle;;;PARIS;AVENUE DE CORBERA;commune;commune;vrai;
75112_2320_00014;75112_2320;14;;Avenue de Corbera;75012;75112;Paris 12e Arrondissement;;;654653.57;6860806.58;2.382103;48.845708;parcelle;;;PARIS;AVENUE DE CORBERA;commune;commune;vrai;
75112_2320_00016;75112_2320;16;;Avenue de Corbera;75012;75112;Paris 12e Arrondissement;;;654662.35;6860812.18;2.382222;48.845759;parcelle;;;PARIS;AVENUE DE CORBERA;commune;commune;vrai;
75112_6212_00003;75112_6212;3;;Rue Maurice Denis;75012;75112;Paris 12e Arrondissement;;;654407.15;6860689.09;2.378758;48.844634;parcelle;;;PARIS;RUE MAURICE DENIS;commune;commune;vrai;
75112_6212_00004;75112_6212;4;;Rue Maurice Denis;75012;75112;Paris 12e Arrondissement;;;654419.25;6860696.89;2.378922;48.844705;parcelle;;;PARIS;RUE MAURICE DENIS;commune;commune;vrai;
75112_6212_00005;75112_6212;5;;Rue Maurice Denis;75012;75112;Paris 12e Arrondissement;;;654399.25;6860701.49;2.378649;48.844745;parcelle;;;PARIS;RUE MAURICE DENIS;commune;commune;vrai;
75112_6212_00006;75112_6212;6;;Rue Maurice Denis;75012;75112;Paris 12e Arrondissement;;;654411.06;6860709.96;2.378809;48.844822;parcelle;;;PARIS;RUE MAURICE DENIS;commune;commune;vrai;
75112_0532_00001;75112_0532;1;;Rue Audubon;75012;75112;Paris 12e Arrondissement;;;653730;6860805.43;2.369519;48.845632;parcelle;;;PARIS;RUE AUDUBON;commune;commune;vrai;
75112_0532_00002;75112_0532;2;;Rue Audubon;75012;75112;Paris 12e Arrondissement;;;653748.9;6860801.17;2.369777;48.845595;parcelle;;;PARIS;RUE AUDUBON;commune;commune;vrai;
75112_0532_00003;75112_0532;3;;Rue Audubon;75012;75112;Paris 12e Arrondissement;;;653728.74;6860813;2.369501;48.8457;parcelle;;;PARIS;RUE AUDUBON;commune;commune;vrai;
75112_0532_00004;75112_0532;4;;Rue Audubon;75012;75112;Paris 12e Arrondissement;;;653746.53;6860816.31;2.369743;48.845731;parcelle;;;PARIS;RUE AUDUBON;commune;commune;vrai;
75112_0532_00005;75112_0532;5;;Rue Audubon;75012;75112;Paris 12e Arrondissement;;;653726.99;6860823.69;2.369476;48.845796;parcelle;;;PARIS;RUE AUDUBON;commune;commune;vrai;
75112_0532_00006;75112_0532;6;;Rue Audubon;75012;75112;Paris 12e Arrondissement;;;653744.01;6860831.67;2.369707;48.845869;parcelle;;;PARIS;RUE AUDUBON;commune;commune;vrai;
75112_0532_00007;75112_0532;7;;Rue Audubon;75012;75112;Paris 12e Arrondissement;;;653725.1;6860835.38;2.369449;48.845901;parcelle;;;PARIS;RUE AUDUBON;commune;commune;vrai;
75112_0532_00008;75112_0532;8;;Rue Audubon;75012;75112;Paris 12e Arrondissement;;;653741.77;6860845.7;2.369675;48.845995;parcelle;;;PARIS;RUE AUDUBON;commune;commune;vrai;
75112_0532_00009;75112_0532;9;;Rue Audubon;75012;75112;Paris 12e Arrondissement;;;653723.7;6860843.85;2.369429;48.845977;parcelle;;;PARIS;RUE AUDUBON;commune;commune;vrai;
75112_0532_00010;75112_0532;10;;Rue Audubon;75012;75112;Paris 12e Arrondissement;;;653739.82;6860857.84;2.369647;48.846104;parcelle;;;PARIS;RUE AUDUBON;commune;commune;vrai;
75112_0532_00011;75112_0532;11;;Rue Audubon;75012;75112;Paris 12e Arrondissement;;;653721.04;6860859.88;2.369391;48.846121;parcelle;;;PARIS;RUE AUDUBON;commune;commune;vrai;
75112_0532_00012;75112_0532;12;;Rue Audubon;75012;75112;Paris 12e Arrondissement;;;653744.52;6860867.81;2.36971;48.846194;parcelle;;;PARIS;RUE AUDUBON;commune;commune;vrai;
75112_0532_00013;75112_0532;13;;Rue Audubon;75012;75112;Paris 12e Arrondissement;;;653724.24;6860873.75;2.369433;48.846246;parcelle;;;PARIS;RUE AUDUBON;commune;commune;vrai;
75112_0532_00014;75112_0532;14;;Rue Audubon;75012;75112;Paris 12e Arrondissement;;;653753.83;6860876.41;2.369836;48.846272;parcelle;;;PARIS;RUE AUDUBON;commune;commune;vrai;
75112_0532_00015;75112_0532;15;;Rue Audubon;75012;75112;Paris 12e Arrondissement;;;653735.47;6860884;2.369585;48.846339;parcelle;;;PARIS;RUE AUDUBON;commune;commune;vrai;
75112_0532_00017;75112_0532;17;;Rue Audubon;75012;75112;Paris 12e Arrondissement;;;653744.79;6860892.49;2.369711;48.846416;parcelle;;;PARIS;RUE AUDUBON;commune;commune;vrai;
75112_6388_00001;75112_6388;1;;Passage Miriam Makeba;75012;75112;Paris 12e Arrondissement;;;654799.35;6860621.63;2.384109;48.844055;parcelle;;;PARIS;PASSAGE MIRIAM MAKEBA;commune;commune;vrai;
75112_6388_00002;75112_6388;2;;Passage Miriam Makeba;75012;75112;Paris 12e Arrondissement;;;654793.08;6860627.02;2.384023;48.844103;parcelle;;;PARIS;PASSAGE MIRIAM MAKEBA;commune;commune;vrai;
75112_6388_00003;75112_6388;3;;Passage Miriam Makeba;75012;75112;Paris 12e Arrondissement;;;654786.74;6860613.84;2.383938;48.843984;parcelle;;;PARIS;PASSAGE MIRIAM MAKEBA;commune;commune;vrai;
75112_6388_00004;75112_6388;4;;Passage Miriam Makeba;75012;75112;Paris 12e Arrondissement;;;654757.31;6860605.17;2.383538;48.843904;parcelle;;;PARIS;PASSAGE MIRIAM MAKEBA;commune;commune;vrai;
75112_6388_00005;75112_6388;5;;Passage Miriam Makeba;75012;75112;Paris 12e Arrondissement;;;654773.69;6860605.82;2.383761;48.843911;parcelle;;;PARIS;PASSAGE MIRIAM MAKEBA;commune;commune;vrai;
75112_6388_00007;75112_6388;7;;Passage Miriam Makeba;75012;75112;Paris 12e Arrondissement;;;654762.11;6860598.8;2.383604;48.843847;parcelle;;;PARIS;PASSAGE MIRIAM MAKEBA;commune;commune;vrai;
75112_6388_00002_b;75112_6388;2;b;Passage Miriam Makeba;75012;75112;Paris 12e Arrondissement;;;654777;6860617.25;2.383805;48.844014;parcelle;;;PARIS;PASSAGE MIRIAM MAKEBA;commune;commune;vrai;
75112_6388_00001_u;75112_6388;1;u;Passage Miriam Makeba;75012;75112;Paris 12e Arrondissement;;;654795.83;6860622.55;2.384061;48.844063;parcelle;;;PARIS;PASSAGE MIRIAM MAKEBA;commune;commune;vrai;
75112_8322_00001;75112_8322;1;;Rue Roland Barthes;75012;75112;Paris 12e Arrondissement;;;654427.7;6860595.74;2.379048;48.843796;parcelle;;;PARIS;RUE ROLAND BARTHES;commune;commune;vrai;
75112_8322_00002;75112_8322;2;;Rue Roland Barthes;75012;75112;Paris 12e Arrondissement;;;654335.62;6860673.53;2.377785;48.844489;parcelle;;;PARIS;RUE ROLAND BARTHES;commune;commune;vrai;
75112_8322_00003;75112_8322;3;;Rue Roland Barthes;75012;75112;Paris 12e Arrondissement;;;654394.17;6860615.36;2.378589;48.84397;parcelle;;;PARIS;RUE ROLAND BARTHES;commune;commune;vrai;
75112_8322_00004;75112_8322;4;;Rue Roland Barthes;75012;75112;Paris 12e Arrondissement;;;654328.89;6860677.25;2.377693;48.844522;parcelle;;;PARIS;RUE ROLAND BARTHES;commune;commune;vrai;
75112_8322_00005;75112_8322;5;;Rue Roland Barthes;75012;75112;Paris 12e Arrondissement;;;654377.88;6860625.72;2.378366;48.844062;parcelle;;;PARIS;RUE ROLAND BARTHES;commune;commune;vrai;
75112_8322_00006;75112_8322;6;;Rue Roland Barthes;75012;75112;Paris 12e Arrondissement;;;654323.56;6860680.41;2.37762;48.84455;parcelle;;;PARIS;RUE ROLAND BARTHES;commune;commune;vrai;
75112_8322_00007;75112_8322;7;;Rue Roland Barthes;75012;75112;Paris 12e Arrondissement;;;654361.23;6860635.52;2.378138;48.844149;parcelle;;;PARIS;RUE ROLAND BARTHES;commune;commune;vrai;
75112_8322_00008;75112_8322;8;;Rue Roland Barthes;75012;75112;Paris 12e Arrondissement;;;654318.52;6860683.34;2.377551;48.844576;parcelle;;;PARIS;RUE ROLAND BARTHES;commune;commune;vrai;
75112_8322_00009;75112_8322;9;;Rue Roland Barthes;75012;75112;Paris 12e Arrondissement;;;654327.77;6860655.02;2.37768;48.844322;parcelle;;;PARIS;RUE ROLAND BARTHES;commune;commune;vrai;
75112_8441_00002;75112_8441;2;;Place Rutebeuf;75012;75112;Paris 12e Arrondissement;;;654386.85;6860655.56;2.378485;48.844331;parcelle;;;PARIS;PLACE RUTEBEUF;commune;commune;vrai;
75112_8441_00004;75112_8441;4;;Place Rutebeuf;75012;75112;Paris 12e Arrondissement;;;654381.09;6860660.27;2.378406;48.844373;parcelle;;;PARIS;PLACE RUTEBEUF;commune;commune;vrai;
75112_8441_00006;75112_8441;6;;Place Rutebeuf;75012;75112;Paris 12e Arrondissement;;;654374.97;6860665.44;2.378322;48.844419;parcelle;;;PARIS;PLACE RUTEBEUF;commune;commune;vrai;
75112_8441_00008;75112_8441;8;;Place Rutebeuf;75012;75112;Paris 12e Arrondissement;;;654365.63;6860673.18;2.378194;48.844488;parcelle;;;PARIS;PLACE RUTEBEUF;commune;commune;vrai;
75112_8441_00010;75112_8441;10;;Place Rutebeuf;75012;75112;Paris 12e Arrondissement;;;654358.63;6860678.13;2.378098;48.844532;parcelle;;;PARIS;PLACE RUTEBEUF;commune;commune;vrai;
75112_8441_00012;75112_8441;12;;Place Rutebeuf;75012;75112;Paris 12e Arrondissement;;;654348.48;6860665.98;2.377961;48.844422;parcelle;;;PARIS;PLACE RUTEBEUF;commune;commune;vrai;
75112_3778_00001;75112_3778;1;;Ruelle Fraisier;75012;75112;Paris 12e Arrondissement;;;654238.67;6860971.97;2.376432;48.847166;parcelle;;;PARIS;RUELLE FRAISIER;commune;commune;vrai;
75112_3778_00003;75112_3778;3;;Ruelle Fraisier;75012;75112;Paris 12e Arrondissement;;;654246.97;6860982.02;2.376544;48.847257;parcelle;;;PARIS;RUELLE FRAISIER;commune;commune;vrai;
75112_3778_00004;75112_3778;4;;Ruelle Fraisier;75012;75112;Paris 12e Arrondissement;;;654240.59;6860964.28;2.376459;48.847097;parcelle;;;PARIS;RUELLE FRAISIER;commune;commune;vrai;
75112_3778_00005;75112_3778;5;;Ruelle Fraisier;75012;75112;Paris 12e Arrondissement;;;654253.64;6860990.31;2.376634;48.847332;parcelle;;;PARIS;RUELLE FRAISIER;commune;commune;vrai;
75112_3778_00006;75112_3778;6;;Ruelle Fraisier;75012;75112;Paris 12e Arrondissement;;;654248.6;6860974.11;2.376567;48.847186;parcelle;;;PARIS;RUELLE FRAISIER;commune;commune;vrai;
75112_3778_00008;75112_3778;8;;Ruelle Fraisier;75012;75112;Paris 12e Arrondissement;;;654256.46;6860983.95;2.376673;48.847275;parcelle;;;PARIS;RUELLE FRAISIER;commune;commune;vrai;
75112_3778_00001_s;75112_3778;1;s;Ruelle Fraisier;75012;75112;Paris 12e Arrondissement;;;654244.87;6860976.03;2.376516;48.847203;parcelle;;;PARIS;RUELLE FRAISIER;commune;commune;vrai;
75112_1809_00001;75112_1809;1;;Rue Charles Bossut;75012;75112;Paris 12e Arrondissement;;;654737.58;6860511.92;2.383279;48.843064;parcelle;;;PARIS;RUE CHARLES BOSSUT;commune;commune;vrai;
75112_1809_00003;75112_1809;3;;Rue Charles Bossut;75012;75112;Paris 12e Arrondissement;;;654746.17;6860521.97;2.383395;48.843155;parcelle;;;PARIS;RUE CHARLES BOSSUT;commune;commune;vrai;
75112_x462_00003;75112_X462;3;;Voie P/12;75012;75112;Paris 12e Arrondissement;;;654121.68;6861137.24;2.37482;48.848644;parcelle;;;PARIS;VOIE P 12;commune;commune;vrai;
75112_x462_00005;75112_X462;5;;Voie P/12;75012;75112;Paris 12e Arrondissement;;;654116.22;6861124.61;2.374747;48.84853;parcelle;;;PARIS;VOIE P 12;commune;commune;vrai;
75112_x462_00007;75112_X462;7;;Voie P/12;75012;75112;Paris 12e Arrondissement;;;654110.92;6861113.31;2.374676;48.848428;parcelle;;;PARIS;VOIE P 12;commune;commune;vrai;
75112_x462_00009;75112_X462;9;;Voie P/12;75012;75112;Paris 12e Arrondissement;;;654104.41;6861106.8;2.374588;48.848369;parcelle;;;PARIS;VOIE P 12;commune;commune;vrai;
75112_x462_00001_s;75112_X462;1;s;Voie P/12;75012;75112;Paris 12e Arrondissement;;;654126.51;6861154.66;2.374884;48.848801;parcelle;;;PARIS;VOIE P 12;commune;commune;vrai;
75112_6230_00001;75112_6230;1;;Place Mazas;75012;75112;Paris 12e Arrondissement;;;653491.37;6860901.64;2.366257;48.84648;parcelle;;;PARIS;PLACE MAZAS;commune;commune;vrai;
75112_6230_00002;75112_6230;2;;Place Mazas;75012;75112;Paris 12e Arrondissement;;;653605.02;6860732.48;2.367824;48.844967;parcelle;;;PARIS;PLACE MAZAS;commune;commune;vrai;
75112_6230_00003;75112_6230;3;;Place Mazas;75012;75112;Paris 12e Arrondissement;;;653480.42;6860926.97;2.366105;48.846707;parcelle;;;PARIS;PLACE MAZAS;commune;commune;vrai;
75112_6230_00001_b;75112_6230;1;b;Place Mazas;75012;75112;Paris 12e Arrondissement;;;653473.03;6860920.91;2.366005;48.846652;parcelle;;;PARIS;PLACE MAZAS;commune;commune;vrai;
75112_1343_00001;75112_1343;1;;Passage Brunoy;75012;75112;Paris 12e Arrondissement;;;654261.44;6860666.55;2.376775;48.844421;parcelle;;;PARIS;PASSAGE BRUNOY;commune;commune;vrai;
75112_1343_00002;75112_1343;2;;Passage Brunoy;75012;75112;Paris 12e Arrondissement;;;654265.07;6860661.85;2.376825;48.844379;parcelle;;;PARIS;PASSAGE BRUNOY;commune;commune;vrai;
75112_1343_00003;75112_1343;3;;Passage Brunoy;75012;75112;Paris 12e Arrondissement;;;654272.94;6860673.58;2.376931;48.844485;parcelle;;;PARIS;PASSAGE BRUNOY;commune;commune;vrai;
75112_1343_00004;75112_1343;4;;Passage Brunoy;75012;75112;Paris 12e Arrondissement;;;654275.4;6860668.56;2.376965;48.84444;parcelle;;;PARIS;PASSAGE BRUNOY;commune;commune;vrai;
75112_1343_00006;75112_1343;6;;Passage Brunoy;75012;75112;Paris 12e Arrondissement;;;654281.96;6860672.4;2.377054;48.844475;parcelle;;;PARIS;PASSAGE BRUNOY;commune;commune;vrai;
75112_0810_00001;75112_0810;1;;Cour du Bel Air;75012;75112;Paris 12e Arrondissement;;;653988.35;6861480.57;2.372966;48.851722;parcelle;;;PARIS;COUR DU BEL AIR;commune;commune;vrai;
75112_0810_00002;75112_0810;2;;Cour du Bel Air;75012;75112;Paris 12e Arrondissement;;;653993.47;6861478.64;2.373036;48.851705;parcelle;;;PARIS;COUR DU BEL AIR;commune;commune;vrai;
75112_8036_00001;75112_8036;1;;Port de la Rapée;75012;75112;Paris 12e Arrondissement;;;654119.71;6860072.88;2.374908;48.839072;parcelle;;;PARIS;PORT DE LA RAPEE;commune;commune;vrai;
75112_8036_00003;75112_8036;3;;Port de la Rapée;75012;75112;Paris 12e Arrondissement;;;654054.84;6860167.02;2.374014;48.839914;parcelle;;;PARIS;PORT DE LA RAPEE;commune;commune;vrai;
75112_8036_00005;75112_8036;5;;Port de la Rapée;75012;75112;Paris 12e Arrondissement;;;653979.23;6860258.69;2.372974;48.840733;parcelle;;;PARIS;PORT DE LA RAPEE;commune;commune;vrai;
75112_8036_00007;75112_8036;7;;Port de la Rapée;75012;75112;Paris 12e Arrondissement;;;653941.11;6860302.03;2.37245;48.84112;parcelle;;;PARIS;PORT DE LA RAPEE;commune;commune;vrai;
75112_8036_00009;75112_8036;9;;Port de la Rapée;75012;75112;Paris 12e Arrondissement;;;653905.69;6860342.23;2.371963;48.841479;parcelle;;;PARIS;PORT DE LA RAPEE;commune;commune;vrai;
75112_8036_00011;75112_8036;11;;Port de la Rapée;75012;75112;Paris 12e Arrondissement;;;653841.09;6860415.47;2.371075;48.842133;parcelle;;;PARIS;PORT DE LA RAPEE;commune;commune;vrai;
75112_8036_00013;75112_8036;13;;Port de la Rapée;75012;75112;Paris 12e Arrondissement;;;653814.84;6860445.25;2.370714;48.842399;parcelle;;;PARIS;PORT DE LA RAPEE;commune;commune;vrai;
75112_8036_00015;75112_8036;15;;Port de la Rapée;75012;75112;Paris 12e Arrondissement;;;653781.81;6860482.77;2.37026;48.842734;parcelle;;;PARIS;PORT DE LA RAPEE;commune;commune;vrai;
75112_8036_00017;75112_8036;17;;Port de la Rapée;75012;75112;Paris 12e Arrondissement;;;653708.43;6860566.42;2.369251;48.843481;parcelle;;;PARIS;PORT DE LA RAPEE;commune;commune;vrai;
75112_8036_00019;75112_8036;19;;Port de la Rapée;75012;75112;Paris 12e Arrondissement;;;653648.42;6860635.17;2.368426;48.844095;parcelle;;;PARIS;PORT DE LA RAPEE;commune;commune;vrai;
75112_x622_00001_s;75112_X622;1;s;Voie X/12;75012;75112;Paris 12e Arrondissement;;;654818.45;6860821.53;2.384348;48.845854;parcelle;;;PARIS;VOIE X 12;commune;commune;vrai;
75112_4819_00001;75112_4819;1;;Passage Jacqueline Giraud;75012;75112;Paris 12e Arrondissement;;;654819.84;6861141.43;2.384333;48.848731;parcelle;;;PARIS;PASSAGE JACQUELINE GIRAUD;commune;commune;vrai;
75112_4819_00002;75112_4819;2;;Passage Jacqueline Giraud;75012;75112;Paris 12e Arrondissement;;;654821.48;6861125.74;2.384357;48.84859;parcelle;;;PARIS;PASSAGE JACQUELINE GIRAUD;commune;commune;vrai;
75112_4819_00003;75112_4819;3;;Passage Jacqueline Giraud;75012;75112;Paris 12e Arrondissement;;;654825.96;6861144.28;2.384416;48.848757;parcelle;;;PARIS;PASSAGE JACQUELINE GIRAUD;commune;commune;vrai;
75112_4819_00004;75112_4819;4;;Passage Jacqueline Giraud;75012;75112;Paris 12e Arrondissement;;;654831.29;6861122;2.384491;48.848557;parcelle;;;PARIS;PASSAGE JACQUELINE GIRAUD;commune;commune;vrai;
75112_4819_00005;75112_4819;5;;Passage Jacqueline Giraud;75012;75112;Paris 12e Arrondissement;;;654832.44;6861147.45;2.384504;48.848786;parcelle;;;PARIS;PASSAGE JACQUELINE GIRAUD;commune;commune;vrai;
75112_4819_00007;75112_4819;7;;Passage Jacqueline Giraud;75012;75112;Paris 12e Arrondissement;;;654847.79;6861129.65;2.384715;48.848627;parcelle;;;PARIS;PASSAGE JACQUELINE GIRAUD;commune;commune;vrai;
75112_4819_00001_z;75112_4819;1;z;Passage Jacqueline Giraud;75012;75112;Paris 12e Arrondissement;;;654830.9;6861138.34;2.384484;48.848704;parcelle;;;PARIS;PASSAGE JACQUELINE GIRAUD;commune;commune;vrai;
75112_6115_00001;75112_6115;1;;Passage Marie Rogissart;75012;75112;Paris 12e Arrondissement;;;654896.39;6860990.94;2.385392;48.847383;parcelle;;;PARIS;PASSAGE MARIE ROGISSART;commune;commune;vrai;
75112_6115_00002;75112_6115;2;;Passage Marie Rogissart;75012;75112;Paris 12e Arrondissement;;;654914.32;6860994.47;2.385636;48.847416;parcelle;;;PARIS;PASSAGE MARIE ROGISSART;commune;commune;vrai;
75112_6115_00003;75112_6115;3;;Passage Marie Rogissart;75012;75112;Paris 12e Arrondissement;;;654893.57;6860996.41;2.385353;48.847432;parcelle;;;PARIS;PASSAGE MARIE ROGISSART;commune;commune;vrai;
75112_6115_00004;75112_6115;4;;Passage Marie Rogissart;75012;75112;Paris 12e Arrondissement;;;654908.82;6861003.52;2.38556;48.847497;parcelle;;;PARIS;PASSAGE MARIE ROGISSART;commune;commune;vrai;
75112_6115_00005;75112_6115;5;;Passage Marie Rogissart;75012;75112;Paris 12e Arrondissement;;;654889.48;6861018.24;2.385295;48.847628;parcelle;;;PARIS;PASSAGE MARIE ROGISSART;commune;commune;vrai;
75112_6115_00006;75112_6115;6;;Passage Marie Rogissart;75012;75112;Paris 12e Arrondissement;;;654902.77;6861018.14;2.385476;48.847628;parcelle;;;PARIS;PASSAGE MARIE ROGISSART;commune;commune;vrai;
75112_6115_00001_z;75112_6115;1;z;Passage Marie Rogissart;75012;75112;Paris 12e Arrondissement;;;654903.78;6860997.45;2.385492;48.847442;parcelle;;;PARIS;PASSAGE MARIE ROGISSART;commune;commune;vrai;
75112_3263_00001;75112_3263;1;;Passage Emma Calvé;75012;75112;Paris 12e Arrondissement;;;654930.21;6861093.09;2.385842;48.848304;parcelle;;;PARIS;PASSAGE EMMA CALVE;commune;commune;vrai;
75112_3263_00002;75112_3263;2;;Passage Emma Calvé;75012;75112;Paris 12e Arrondissement;;;654923.12;6861106.27;2.385744;48.848422;parcelle;;;PARIS;PASSAGE EMMA CALVE;commune;commune;vrai;
75112_3263_00003;75112_3263;3;;Passage Emma Calvé;75012;75112;Paris 12e Arrondissement;;;654922.98;6861098.15;2.385743;48.848349;parcelle;;;PARIS;PASSAGE EMMA CALVE;commune;commune;vrai;
75112_3263_00001_z;75112_3263;1;z;Passage Emma Calvé;75012;75112;Paris 12e Arrondissement;;;654929;6861098.55;2.385825;48.848353;parcelle;;;PARIS;PASSAGE EMMA CALVE;commune;commune;vrai;
75112_6560_00003_b;75112_6560;3;b;Pont Morland;75012;75112;Paris 12e Arrondissement;;;653468.73;6860960.98;2.365942;48.847012;parcelle;;;PARIS;PONT MORLAND;commune;commune;vrai;
