{
"type": "FeatureCollection",
"name": "cadastre_paris_1807_adresses",
"crs": { "type": "name", "properties": { "name": "urn:ogc:def:crs:EPSG::2154" } },
"features": [
{ "type": "Feature", "properties": { "fid": 12088, "PREFIXE 1": "RUE", "PREFIXE 2": "DU", "NOM_RUE": "FAUBOURG SAINT-ANTOINE", "NUMERO TXT": "1", "NOM_SAISI": "RUE DU FAUBOURG SAINT-ANTOINE", "NOM_NOTE": "Rue du faubourg St. Antoine", "EXP_GEO": 1, "INTERP": 0, "NUMEROTATI": 1, "NUM_QUART": 29 }, "geometry": { "type": "Point", "coordinates": [ 653811.382058528251946, 6861652.966853248886764 ] } },
{ "type": "Feature", "properties": { "fid": 12089, "PREFIXE 1": "RUE", "PREFIXE 2": "DU", "NOM_RUE": "FAUBOURG SAINT-ANTOINE", "NUMERO TXT": "3", "NOM_SAISI": "RUE DU FAUBOURG SAINT-ANTOINE", "NOM_NOTE": "Rue du faubourg St. Antoine", "EXP_GEO": 1, "INTERP": 0, "NUMEROTATI": 1, "NUM_QUART": 29 }, "geometry": { "type": "Point", "coordinates": [ 653818.856243025395088, 6861647.672520746476948 ] } },
{ "type": "Feature", "properties": { "fid": 12090, "PREFIXE 1": "RUE", "PREFIXE 2": "DU", "NOM_RUE": "FAUBOURG SAINT-ANTOINE", "NUMERO TXT": "5", "NOM_SAISI": "RUE DU FAUBOURG SAINT-ANTOINE", "NOM_NOTE": "Rue du faubourg St. Antoine", "EXP_GEO": 1, "INTERP": 0, "NUMEROTATI": 1, "NUM_QUART": 29 }, "geometry": { "type": "Point", "coordinates": [ 653825.739174354588613, 6861641.610839649103582 ] } },
{ "type": "Feature", "properties": { "fid": 12091, "PREFIXE 1": "RUE", "PREFIXE 2": "DU", "NOM_RUE": "FAUBOURG SAINT-ANTOINE", "NUMERO TXT": "7", "NOM_SAISI": "RUE DU FAUBOURG SAINT-ANTOINE", "NOM_NOTE": "Rue du faubourg St. Antoine", "EXP_GEO": 1, "INTERP": 0, "NUMEROTATI": 1, "NUM_QUART": 29 }, "geometry": { "type": "Point", "coordinates": [ 653833.384950545849279, 6861634.767262030392885 ] } },
{ "type": "Feature", "properties": { "fid": 12092, "PREFIXE 1": "RUE", "PREFIXE 2": "DU", "NOM_RUE": "FAUBOURG SAINT-ANTOINE", "NUMERO TXT": "9", "NOM_SAISI": "RUE DU FAUBOURG SAINT-ANTOINE", "NOM_NOTE": "Rue du faubourg St. Antoine", "EXP_GEO": 1, "INTERP": 0, "NUMEROTATI": 1, "NUM_QUART": 29 }, "geometry": { "type": "Point", "coordinates": [ 653838.351081537315622, 6861630.076744949445128 ] } },
{ "type": "Feature", "properties": { "fid": 12093, "PREFIXE 1": "RUE", "PREFIXE 2": "DU", "NOM_RUE": "FAUBOURG SAINT-ANTOINE", "NUMERO TXT": "11", "NOM_SAISI": "RUE DU FAUBOURG SAINT-ANTOINE", "NOM_NOTE": "Rue du faubourg St. Antoine", "EXP_GEO": 1, "INTERP": 0, "NUMEROTATI": 1, "NUM_QUART": 29 }, "geometry": { "type": "Point", "coordinates": [ 653842.368456874857657, 6861626.748798442073166 ] } },
{ "type": "Feature", "properties": { "fid": 12094, "PREFIXE 1": "RUE", "PREFIXE 2": "DU", "NOM_RUE": "FAUBOURG SAINT-ANTOINE", "NUMERO TXT": "13", "NOM_SAISI": "RUE DU FAUBOURG SAINT-ANTOINE", "NOM_NOTE": "Rue du faubourg St. Antoine", "EXP_GEO": 1, "INTERP": 0, "NUMEROTATI": 1, "NUM_QUART": 29 }, "geometry": { "type": "Point", "coordinates": [ 653846.960777120897546, 6861623.027972950600088 ] } },
{ "type": "Feature", "properties": { "fid": 12095, "PREFIXE 1": "RUE", "PREFIXE 2": "DU", "NOM_RUE": "FAUBOURG SAINT-ANTOINE", "NUMERO TXT": "15", "NOM_SAISI": "RUE DU FAUBOURG SAINT-ANTOINE", "NOM_NOTE": "Rue du faubourg St. Antoine", "EXP_GEO": 1, "INTERP": 0, "NUMEROTATI": 1, "NUM_QUART": 29 }, "geometry": { "type": "Point", "coordinates": [ 653851.937235908117145, 6861619.109510050155222 ] } },
{ "type": "Feature", "properties": { "fid": 12096, "PREFIXE 1": "RUE", "PREFIXE 2": "DU", "NOM_RUE": "FAUBOURG SAINT-ANTOINE", "NUMERO TXT": "17", "NOM_SAISI": "RUE DU FAUBOURG SAINT-ANTOINE", "NOM_NOTE": "Rue du faubourg St. Antoine", "EXP_GEO": 1, "INTERP": 0, "NUMEROTATI": 1, "NUM_QUART": 29 }, "geometry": { "type": "Point", "coordinates": [ 653857.472151355003007, 6861613.637807949446142 ] } },
{ "type": "Feature", "properties": { "fid": 12097, "PREFIXE 1": "RUE", "PREFIXE 2": "DU", "NOM_RUE": "FAUBOURG SAINT-ANTOINE", "NUMERO TXT": "19", "NOM_SAISI": "RUE DU FAUBOURG SAINT-ANTOINE", "NOM_NOTE": "Rue du faubourg St. Antoine", "EXP_GEO": 1, "INTERP": 0, "NUMEROTATI": 1, "NUM_QUART": 29 }, "geometry": { "type": "Point", "coordinates": [ 653862.824249973986298, 6861608.940949562937021 ] } },
{ "type": "Feature", "properties": { "fid": 12098, "PREFIXE 1": "RUE", "PREFIXE 2": "DU", "NOM_RUE": "FAUBOURG SAINT-ANTOINE", "NUMERO TXT": "21", "NOM_SAISI": "RUE DU FAUBOURG SAINT-ANTOINE", "NOM_NOTE": "Rue du faubourg St. Antoine", "EXP_GEO": 1, "INTERP": 0, "NUMEROTATI": 1, "NUM_QUART": 29 }, "geometry": { "type": "Point", "coordinates": [ 653867.80294770130422, 6861605.214645748026669 ] } },
{ "type": "Feature", "properties": { "fid": 12099, "PREFIXE 1": "RUE", "PREFIXE 2": "DU", "NOM_RUE": "FAUBOURG SAINT-ANTOINE", "NUMERO TXT": "23", "NOM_SAISI": "RUE DU FAUBOURG SAINT-ANTOINE", "NOM_NOTE": "Rue du faubourg St. Antoine", "EXP_GEO": 1, "INTERP": 0, "NUMEROTATI": 1, "NUM_QUART": 29 }, "geometry": { "type": "Point", "coordinates": [ 653872.576908868388273, 6861600.716249869205058 ] } },
{ "type": "Feature", "properties": { "fid": 12100, "PREFIXE 1": "RUE", "PREFIXE 2": "DU", "NOM_RUE": "FAUBOURG SAINT-ANTOINE", "NUMERO TXT": "25", "NOM_SAISI": "RUE DU FAUBOURG SAINT-ANTOINE", "NOM_NOTE": "Rue du faubourg St. Antoine", "EXP_GEO": 1, "INTERP": 0, "NUMEROTATI": 1, "NUM_QUART": 29 }, "geometry": { "type": "Point", "coordinates": [ 653877.552542149322107, 6861596.795801082625985 ] } },
{ "type": "Feature", "properties": { "fid": 12101, "PREFIXE 1": "RUE", "PREFIXE 2": "DU", "NOM_RUE": "FAUBOURG SAINT-ANTOINE", "NUMERO TXT": "27", "NOM_SAISI": "RUE DU FAUBOURG SAINT-ANTOINE", "NOM_NOTE": "Rue du faubourg St. Antoine", "EXP_GEO": 1, "INTERP": 0, "NUMEROTATI": 1, "NUM_QUART": 29 }, "geometry": { "type": "Point", "coordinates": [ 653883.675132848555222, 6861591.895748191513121 ] } },
{ "type": "Feature", "properties": { "fid": 12102, "PREFIXE 1": "RUE", "PREFIXE 2": "DU", "NOM_RUE": "FAUBOURG SAINT-ANTOINE", "NUMERO TXT": "29", "NOM_SAISI": "RUE DU FAUBOURG SAINT-ANTOINE", "NOM_NOTE": "Rue du faubourg St. Antoine", "EXP_GEO": 1, "INTERP": 0, "NUMEROTATI": 1, "NUM_QUART": 29 }, "geometry": { "type": "Point", "coordinates": [ 653893.255550883943215, 6861585.218131422996521 ] } },
{ "type": "Feature", "properties": { "fid": 12103, "PREFIXE 1": "RUE", "PREFIXE 2": "DU", "NOM_RUE": "FAUBOURG SAINT-ANTOINE", "NUMERO TXT": "31", "NOM_SAISI": "RUE DU FAUBOURG SAINT-ANTOINE", "NOM_NOTE": "Rue du faubourg St. Antoine", "EXP_GEO": 1, "INTERP": 0, "NUMEROTATI": 1, "NUM_QUART": 29 }, "geometry": { "type": "Point", "coordinates": [ 653900.154613273800351, 6861580.50260809250176 ] } },
{ "type": "Feature", "properties": { "fid": 12104, "PREFIXE 1": "RUE", "PREFIXE 2": "DU", "NOM_RUE": "FAUBOURG SAINT-ANTOINE", "NUMERO TXT": "33", "NOM_SAISI": "RUE DU FAUBOURG SAINT-ANTOINE", "NOM_NOTE": "Rue du faubourg St. Antoine", "EXP_GEO": 1, "INTERP": 0, "NUMEROTATI": 1, "NUM_QUART": 29 }, "geometry": { "type": "Point", "coordinates": [ 653906.475768847740255, 6861575.986077893525362 ] } },
{ "type": "Feature", "properties": { "fid": 12105, "PREFIXE 1": "RUE", "PREFIXE 2": "DU", "NOM_RUE": "FAUBOURG SAINT-ANTOINE", "NUMERO TXT": "35", "NOM_SAISI": "RUE DU FAUBOURG SAINT-ANTOINE", "NOM_NOTE": "Rue du faubourg St. Antoine", "EXP_GEO": 1, "INTERP": 0, "NUMEROTATI": 1, "NUM_QUART": 29 }, "geometry": { "type": "Point", "coordinates": [ 653911.086378985550255, 6861573.616282223723829 ] } },
{ "type": "Feature", "properties": { "fid": 12106, "PREFIXE 1": "RUE", "PREFIXE 2": "DU", "NOM_RUE": "FAUBOURG SAINT-ANTOINE", "NUMERO TXT": "37", "NOM_SAISI": "RUE DU FAUBOURG SAINT-ANTOINE", "NOM_NOTE": "Rue du faubourg St. Antoine", "EXP_GEO": 1, "INTERP": 0, "NUMEROTATI": 1, "NUM_QUART": 29 }, "geometry": { "type": "Point", "coordinates": [ 653917.985079510719515, 6861568.899719670414925 ] } },
{ "type": "Feature", "properties": { "fid": 12107, "PREFIXE 1": "RUE", "PREFIXE 2": "DU", "NOM_RUE": "FAUBOURG SAINT-ANTOINE", "NUMERO TXT": "39", "NOM_SAISI": "RUE DU FAUBOURG SAINT-ANTOINE", "NOM_NOTE": "Rue du faubourg St. Antoine", "EXP_GEO": 1, "INTERP": 0, "NUMEROTATI": 1, "NUM_QUART": 29 }, "geometry": { "type": "Point", "coordinates": [ 653925.868611222598702, 6861565.33497085981071 ] } },
{ "type": "Feature", "properties": { "fid": 12108, "PREFIXE 1": "RUE", "PREFIXE 2": "DU", "NOM_RUE": "FAUBOURG SAINT-ANTOINE", "NUMERO TXT": "41", "NOM_SAISI": "RUE DU FAUBOURG SAINT-ANTOINE", "NOM_NOTE": "Rue du faubourg St. Antoine", "EXP_GEO": 1, "INTERP": 0, "NUMEROTATI": 1, "NUM_QUART": 29 }, "geometry": { "type": "Point", "coordinates": [ 653930.294242486357689, 6861563.547743208706379 ] } },
{ "type": "Feature", "properties": { "fid": 12109, "PREFIXE 1": "RUE", "PREFIXE 2": "DU", "NOM_RUE": "FAUBOURG SAINT-ANTOINE", "NUMERO TXT": "43", "NOM_SAISI": "RUE DU FAUBOURG SAINT-ANTOINE", "NOM_NOTE": "Rue du faubourg St. Antoine", "EXP_GEO": 1, "INTERP": 0, "NUMEROTATI": 1, "NUM_QUART": 29 }, "geometry": { "type": "Point", "coordinates": [ 653937.025156521471217, 6861560.575420551002026 ] } },
{ "type": "Feature", "properties": { "fid": 12110, "PREFIXE 1": "RUE", "PREFIXE 2": "DU", "NOM_RUE": "FAUBOURG SAINT-ANTOINE", "NUMERO TXT": "45", "NOM_SAISI": "RUE DU FAUBOURG SAINT-ANTOINE", "NOM_NOTE": "Rue du faubourg St. Antoine", "EXP_GEO": 1, "INTERP": 0, "NUMEROTATI": 1, "NUM_QUART": 29 }, "geometry": { "type": "Point", "coordinates": [ 653945.69447926315479, 6861557.777574446052313 ] } },
{ "type": "Feature", "properties": { "fid": 12111, "PREFIXE 1": "RUE", "PREFIXE 2": "DU", "NOM_RUE": "FAUBOURG SAINT-ANTOINE", "NUMERO TXT": "47", "NOM_SAISI": "RUE DU FAUBOURG SAINT-ANTOINE", "NOM_NOTE": "Rue du faubourg St. Antoine", "EXP_GEO": 1, "INTERP": 0, "NUMEROTATI": 1, "NUM_QUART": 29 }, "geometry": { "type": "Point", "coordinates": [ 653954.528474609251134, 6861553.040834116749465 ] } },
{ "type": "Feature", "properties": { "fid": 12112, "PREFIXE 1": "RUE", "PREFIXE 2": "DU", "NOM_RUE": "FAUBOURG SAINT-ANTOINE", "NUMERO TXT": "49", "NOM_SAISI": "RUE DU FAUBOURG SAINT-ANTOINE", "NOM_NOTE": "Rue du faubourg St. Antoine", "EXP_GEO": 1, "INTERP": 0, "NUMEROTATI": 1, "NUM_QUART": 29 }, "geometry": { "type": "Point", "coordinates": [ 653963.379854091559537, 6861549.466214258223772 ] } },
{ "type": "Feature", "properties": { "fid": 12113, "PREFIXE 1": "RUE", "PREFIXE 2": "DU", "NOM_RUE": "FAUBOURG SAINT-ANTOINE", "NUMERO TXT": "51", "NOM_SAISI": "RUE DU FAUBOURG SAINT-ANTOINE", "NOM_NOTE": "Rue du faubourg St. Antoine", "EXP_GEO": 1, "INTERP": 0, "NUMEROTATI": 1, "NUM_QUART": 29 }, "geometry": { "type": "Point", "coordinates": [ 653974.152332961093634, 6861544.903860783204436 ] } },
{ "type": "Feature", "properties": { "fid": 12114, "PREFIXE 1": "RUE", "PREFIXE 2": "DU", "NOM_RUE": "FAUBOURG SAINT-ANTOINE", "NUMERO TXT": "53", "NOM_SAISI": "RUE DU FAUBOURG SAINT-ANTOINE", "NOM_NOTE": "Rue du faubourg St. Antoine", "EXP_GEO": 1, "INTERP": 0, "NUMEROTATI": 1, "NUM_QUART": 29 }, "geometry": { "type": "Point", "coordinates": [ 653985.30028689710889, 6861539.562504798173904 ] } },
{ "type": "Feature", "properties": { "fid": 12115, "PREFIXE 1": "RUE", "PREFIXE 2": "DU", "NOM_RUE": "FAUBOURG SAINT-ANTOINE", "NUMERO TXT": "55", "NOM_SAISI": "RUE DU FAUBOURG SAINT-ANTOINE", "NOM_NOTE": "Rue du faubourg St. Antoine", "EXP_GEO": 1, "INTERP": 0, "NUMEROTATI": 1, "NUM_QUART": 29 }, "geometry": { "type": "Point", "coordinates": [ 653991.638271803851239, 6861536.205893468111753 ] } },
{ "type": "Feature", "properties": { "fid": 12116, "PREFIXE 1": "RUE", "PREFIXE 2": "DU", "NOM_RUE": "FAUBOURG SAINT-ANTOINE", "NUMERO TXT": "57", "NOM_SAISI": "RUE DU FAUBOURG SAINT-ANTOINE", "NOM_NOTE": "Rue du faubourg St. Antoine", "EXP_GEO": 1, "INTERP": 0, "NUMEROTATI": 1, "NUM_QUART": 29 }, "geometry": { "type": "Point", "coordinates": [ 654000.108490442391485, 6861533.022370086051524 ] } },
{ "type": "Feature", "properties": { "fid": 12117, "PREFIXE 1": "RUE", "PREFIXE 2": "DU", "NOM_RUE": "FAUBOURG SAINT-ANTOINE", "NUMERO TXT": "59", "NOM_SAISI": "RUE DU FAUBOURG SAINT-ANTOINE", "NOM_NOTE": "Rue du faubourg St. Antoine", "EXP_GEO": 1, "INTERP": 0, "NUMEROTATI": 1, "NUM_QUART": 29 }, "geometry": { "type": "Point", "coordinates": [ 654012.414953590370715, 6861527.475433529354632 ] } },
{ "type": "Feature", "properties": { "fid": 12118, "PREFIXE 1": "RUE", "PREFIXE 2": "DU", "NOM_RUE": "FAUBOURG SAINT-ANTOINE", "NUMERO TXT": "61", "NOM_SAISI": "RUE DU FAUBOURG SAINT-ANTOINE", "NOM_NOTE": "Rue du faubourg St. Antoine", "EXP_GEO": 1, "INTERP": 0, "NUMEROTATI": 1, "NUM_QUART": 29 }, "geometry": { "type": "Point", "coordinates": [ 654022.029019382898696, 6861523.117500054650009 ] } },
{ "type": "Feature", "properties": { "fid": 12119, "PREFIXE 1": "RUE", "PREFIXE 2": "DU", "NOM_RUE": "FAUBOURG SAINT-ANTOINE", "NUMERO TXT": "63", "NOM_SAISI": "RUE DU FAUBOURG SAINT-ANTOINE", "NOM_NOTE": "Rue du faubourg St. Antoine", "EXP_GEO": 1, "INTERP": 0, "NUMEROTATI": 1, "NUM_QUART": 29 }, "geometry": { "type": "Point", "coordinates": [ 654032.616974078002386, 6861519.138002034276724 ] } },
{ "type": "Feature", "properties": { "fid": 12120, "PREFIXE 1": "RUE", "PREFIXE 2": "DU", "NOM_RUE": "FAUBOURG SAINT-ANTOINE", "NUMERO TXT": "65", "NOM_SAISI": "RUE DU FAUBOURG SAINT-ANTOINE", "NOM_NOTE": "Rue du faubourg St. Antoine", "EXP_GEO": 1, "INTERP": 0, "NUMEROTATI": 1, "NUM_QUART": 29 }, "geometry": { "type": "Point", "coordinates": [ 654043.580289048957638, 6861514.379164434038103 ] } },
{ "type": "Feature", "properties": { "fid": 12121, "PREFIXE 1": "RUE", "PREFIXE 2": "DU", "NOM_RUE": "FAUBOURG SAINT-ANTOINE", "NUMERO TXT": "67", "NOM_SAISI": "RUE DU FAUBOURG SAINT-ANTOINE", "NOM_NOTE": "Rue du faubourg St. Antoine", "EXP_GEO": 1, "INTERP": 0, "NUMEROTATI": 1, "NUM_QUART": 29 }, "geometry": { "type": "Point", "coordinates": [ 654072.601302411640063, 6861500.332124540582299 ] } },
{ "type": "Feature", "properties": { "fid": 12122, "PREFIXE 1": "RUE", "PREFIXE 2": "DU", "NOM_RUE": "FAUBOURG SAINT-ANTOINE", "NUMERO TXT": "69", "NOM_SAISI": "RUE DU FAUBOURG SAINT-ANTOINE", "NOM_NOTE": "Rue du faubourg St. Antoine", "EXP_GEO": 1, "INTERP": 0, "NUMEROTATI": 1, "NUM_QUART": 29 }, "geometry": { "type": "Point", "coordinates": [ 654079.731664599734358, 6861498.131046391092241 ] } },
{ "type": "Feature", "properties": { "fid": 12123, "PREFIXE 1": "RUE", "PREFIXE 2": "DU", "NOM_RUE": "FAUBOURG SAINT-ANTOINE", "NUMERO TXT": "71", "NOM_SAISI": "RUE DU FAUBOURG SAINT-ANTOINE", "NOM_NOTE": "Rue du faubourg St. Antoine", "EXP_GEO": 1, "INTERP": 0, "NUMEROTATI": 1, "NUM_QUART": 29 }, "geometry": { "type": "Point", "coordinates": [ 654086.656405802699737, 6861495.155727123841643 ] } },
{ "type": "Feature", "properties": { "fid": 12124, "PREFIXE 1": "RUE", "PREFIXE 2": "DU", "NOM_RUE": "FAUBOURG SAINT-ANTOINE", "NUMERO TXT": "73", "NOM_SAISI": "RUE DU FAUBOURG SAINT-ANTOINE", "NOM_NOTE": "Rue du faubourg St. Antoine", "EXP_GEO": 1, "INTERP": 0, "NUMEROTATI": 1, "NUM_QUART": 29 }, "geometry": { "type": "Point", "coordinates": [ 654095.133099235827103, 6861492.360047512687743 ] } },
{ "type": "Feature", "properties": { "fid": 12125, "PREFIXE 1": "RUE", "PREFIXE 2": "DU", "NOM_RUE": "FAUBOURG SAINT-ANTOINE", "NUMERO TXT": "75", "NOM_SAISI": "RUE DU FAUBOURG SAINT-ANTOINE", "NOM_NOTE": "Rue du faubourg St. Antoine", "EXP_GEO": 1, "INTERP": 0, "NUMEROTATI": 1, "NUM_QUART": 29 }, "geometry": { "type": "Point", "coordinates": [ 654104.378280666307546, 6861489.169173204340041 ] } },
{ "type": "Feature", "properties": { "fid": 12126, "PREFIXE 1": "RUE", "PREFIXE 2": "DU", "NOM_RUE": "FAUBOURG SAINT-ANTOINE", "NUMERO TXT": "77-79", "NOM_SAISI": "RUE DU FAUBOURG SAINT-ANTOINE", "NOM_NOTE": "Rue du faubourg St. Antoine", "EXP_GEO": 0, "INTERP": 0, "NUMEROTATI": 1, "NUM_QUART": 29 }, "geometry": { "type": "Point", "coordinates": [ 654116.125454884837382, 6861484.984821461141109 ] } },
{ "type": "Feature", "properties": { "fid": 12127, "PREFIXE 1": "RUE", "PREFIXE 2": "DU", "NOM_RUE": "FAUBOURG SAINT-ANTOINE", "NUMERO TXT": "81", "NOM_SAISI": "RUE DU FAUBOURG SAINT-ANTOINE", "NOM_NOTE": "Rue du faubourg St. Antoine", "EXP_GEO": 1, "INTERP": 0, "NUMEROTATI": 1, "NUM_QUART": 29 }, "geometry": { "type": "Point", "coordinates": [ 654126.139232260640711, 6861481.398813496343791 ] } },
{ "type": "Feature", "properties": { "fid": 12128, "PREFIXE 1": "RUE", "PREFIXE 2": "DU", "NOM_RUE": "FAUBOURG SAINT-ANTOINE", "NUMERO TXT": "83-85", "NOM_SAISI": "RUE DU FAUBOURG SAINT-ANTOINE", "NOM_NOTE": "Rue du faubourg St. Antoine", "EXP_GEO": 0, "INTERP": 0, "NUMEROTATI": 1, "NUM_QUART": 29 }, "geometry": { "type": "Point", "coordinates": [ 654135.765834979130886, 6861477.81639411766082 ] } },
{ "type": "Feature", "properties": { "fid": 12129, "PREFIXE 1": "RUE", "PREFIXE 2": "DU", "NOM_RUE": "FAUBOURG SAINT-ANTOINE", "NUMERO TXT": "87", "NOM_SAISI": "RUE DU FAUBOURG SAINT-ANTOINE", "NOM_NOTE": "Rue du faubourg St. Antoine", "EXP_GEO": 1, "INTERP": 0, "NUMEROTATI": 1, "NUM_QUART": 29 }, "geometry": { "type": "Point", "coordinates": [ 654144.236814324278384, 6861474.632828841917217 ] } },
{ "type": "Feature", "properties": { "fid": 12130, "PREFIXE 1": "RUE", "PREFIXE 2": "DU", "NOM_RUE": "FAUBOURG SAINT-ANTOINE", "NUMERO TXT": "89", "NOM_SAISI": "RUE DU FAUBOURG SAINT-ANTOINE", "NOM_NOTE": "Rue du faubourg St. Antoine", "EXP_GEO": 1, "INTERP": 0, "NUMEROTATI": 1, "NUM_QUART": 29 }, "geometry": { "type": "Point", "coordinates": [ 654150.015287924790755, 6861472.638731085695326 ] } },
{ "type": "Feature", "properties": { "fid": 12131, "PREFIXE 1": "RUE", "PREFIXE 2": "DU", "NOM_RUE": "FAUBOURG SAINT-ANTOINE", "NUMERO TXT": "91", "NOM_SAISI": "RUE DU FAUBOURG SAINT-ANTOINE", "NOM_NOTE": "Rue du faubourg St. Antoine", "EXP_GEO": 1, "INTERP": 0, "NUMEROTATI": 1, "NUM_QUART": 29 }, "geometry": { "type": "Point", "coordinates": [ 654159.25784966070205, 6861469.254064602777362 ] } },
{ "type": "Feature", "properties": { "fid": 12132, "PREFIXE 1": "RUE", "PREFIXE 2": "DU", "NOM_RUE": "FAUBOURG SAINT-ANTOINE", "NUMERO TXT": "93", "NOM_SAISI": "RUE DU FAUBOURG SAINT-ANTOINE", "NOM_NOTE": "Rue du faubourg St. Antoine", "EXP_GEO": 1, "INTERP": 0, "NUMEROTATI": 1, "NUM_QUART": 29 }, "geometry": { "type": "Point", "coordinates": [ 654168.684921709238552, 6861465.285125566646457 ] } },
{ "type": "Feature", "properties": { "fid": 12133, "PREFIXE 1": "RUE", "PREFIXE 2": "DU", "NOM_RUE": "FAUBOURG SAINT-ANTOINE", "NUMERO TXT": "95", "NOM_SAISI": "RUE DU FAUBOURG SAINT-ANTOINE", "NOM_NOTE": "Rue du faubourg St. Antoine", "EXP_GEO": 1, "INTERP": 0, "NUMEROTATI": 1, "NUM_QUART": 29 }, "geometry": { "type": "Point", "coordinates": [ 654175.231942325714044, 6861462.895764291286469 ] } },
{ "type": "Feature", "properties": { "fid": 12134, "PREFIXE 1": "RUE", "PREFIXE 2": "DU", "NOM_RUE": "FAUBOURG SAINT-ANTOINE", "NUMERO TXT": "97", "NOM_SAISI": "RUE DU FAUBOURG SAINT-ANTOINE", "NOM_NOTE": "Rue du faubourg St. Antoine", "EXP_GEO": 1, "INTERP": 0, "NUMEROTATI": 1, "NUM_QUART": 29 }, "geometry": { "type": "Point", "coordinates": [ 654180.816915847943164, 6861460.903494592756033 ] } },
{ "type": "Feature", "properties": { "fid": 12135, "PREFIXE 1": "RUE", "PREFIXE 2": "DU", "NOM_RUE": "FAUBOURG SAINT-ANTOINE", "NUMERO TXT": "99", "NOM_SAISI": "RUE DU FAUBOURG SAINT-ANTOINE", "NOM_NOTE": "Rue du faubourg St. Antoine", "EXP_GEO": 1, "INTERP": 0, "NUMEROTATI": 1, "NUM_QUART": 29 }, "geometry": { "type": "Point", "coordinates": [ 654187.176506727002561, 6861458.904355606995523 ] } },
{ "type": "Feature", "properties": { "fid": 12136, "PREFIXE 1": "RUE", "PREFIXE 2": "DU", "NOM_RUE": "FAUBOURG SAINT-ANTOINE", "NUMERO TXT": "101", "NOM_SAISI": "RUE DU FAUBOURG SAINT-ANTOINE", "NOM_NOTE": "Rue du faubourg St. Antoine", "EXP_GEO": 1, "INTERP": 0, "NUMEROTATI": 1, "NUM_QUART": 29 }, "geometry": { "type": "Point", "coordinates": [ 654196.219515587436035, 6861455.133058419451118 ] } },
{ "type": "Feature", "properties": { "fid": 12137, "PREFIXE 1": "RUE", "PREFIXE 2": "DU", "NOM_RUE": "FAUBOURG SAINT-ANTOINE", "NUMERO TXT": "103", "NOM_SAISI": "RUE DU FAUBOURG SAINT-ANTOINE", "NOM_NOTE": "Rue du faubourg St. Antoine", "EXP_GEO": 1, "INTERP": 0, "NUMEROTATI": 1, "NUM_QUART": 29 }, "geometry": { "type": "Point", "coordinates": [ 654207.967552655958571, 6861450.949275087565184 ] } },
{ "type": "Feature", "properties": { "fid": 12138, "PREFIXE 1": "RUE", "PREFIXE 2": "DU", "NOM_RUE": "FAUBOURG SAINT-ANTOINE", "NUMERO TXT": "105-107", "NOM_SAISI": "RUE DU FAUBOURG SAINT-ANTOINE", "NOM_NOTE": "Rue du faubourg St. Antoine", "EXP_GEO": 0, "INTERP": 0, "NUMEROTATI": 1, "NUM_QUART": 29 }, "geometry": { "type": "Point", "coordinates": [ 654219.709509665262885, 6861446.376994589343667 ] } },
{ "type": "Feature", "properties": { "fid": 12139, "PREFIXE 1": "RUE", "PREFIXE 2": "DU", "NOM_RUE": "FAUBOURG SAINT-ANTOINE", "NUMERO TXT": "109", "NOM_SAISI": "RUE DU FAUBOURG SAINT-ANTOINE", "NOM_NOTE": "Rue du faubourg St. Antoine", "EXP_GEO": 1, "INTERP": 0, "NUMEROTATI": 1, "NUM_QUART": 29 }, "geometry": { "type": "Point", "coordinates": [ 654227.406350326607935, 6861443.200391084887087 ] } },
{ "type": "Feature", "properties": { "fid": 12140, "PREFIXE 1": "RUE", "PREFIXE 2": "DU", "NOM_RUE": "FAUBOURG SAINT-ANTOINE", "NUMERO TXT": "111", "NOM_SAISI": "RUE DU FAUBOURG SAINT-ANTOINE", "NOM_NOTE": "Rue du faubourg St. Antoine", "EXP_GEO": 1, "INTERP": 0, "NUMEROTATI": 1, "NUM_QUART": 29 }, "geometry": { "type": "Point", "coordinates": [ 654232.22310526529327, 6861441.603643490001559 ] } },
{ "type": "Feature", "properties": { "fid": 12141, "PREFIXE 1": "RUE", "PREFIXE 2": "DU", "NOM_RUE": "FAUBOURG SAINT-ANTOINE", "NUMERO TXT": "113", "NOM_SAISI": "RUE DU FAUBOURG SAINT-ANTOINE", "NOM_NOTE": "Rue du faubourg St. Antoine", "EXP_GEO": 1, "INTERP": 0, "NUMEROTATI": 1, "NUM_QUART": 29 }, "geometry": { "type": "Point", "coordinates": [ 654238.954774873913266, 6861438.629764558747411 ] } },
{ "type": "Feature", "properties": { "fid": 12142, "PREFIXE 1": "RUE", "PREFIXE 2": "DU", "NOM_RUE": "FAUBOURG SAINT-ANTOINE", "NUMERO TXT": "115", "NOM_SAISI": "RUE DU FAUBOURG SAINT-ANTOINE", "NOM_NOTE": "Rue du faubourg St. Antoine", "EXP_GEO": 1, "INTERP": 0, "NUMEROTATI": 1, "NUM_QUART": 29 }, "geometry": { "type": "Point", "coordinates": [ 654246.667275702115148, 6861436.424861302599311 ] } },
{ "type": "Feature", "properties": { "fid": 12143, "PREFIXE 1": "RUE", "PREFIXE 2": "DU", "NOM_RUE": "FAUBOURG SAINT-ANTOINE", "NUMERO TXT": "117", "NOM_SAISI": "RUE DU FAUBOURG SAINT-ANTOINE", "NOM_NOTE": "Rue du faubourg St. Antoine", "EXP_GEO": 1, "INTERP": 0, "NUMEROTATI": 1, "NUM_QUART": 29 }, "geometry": { "type": "Point", "coordinates": [ 654252.436880343127996, 6861433.848042608238757 ] } },
{ "type": "Feature", "properties": { "fid": 12144, "PREFIXE 1": "RUE", "PREFIXE 2": "DU", "NOM_RUE": "FAUBOURG SAINT-ANTOINE", "NUMERO TXT": "119", "NOM_SAISI": "RUE DU FAUBOURG SAINT-ANTOINE", "NOM_NOTE": "Rue du faubourg St. Antoine", "EXP_GEO": 1, "INTERP": 0, "NUMEROTATI": 1, "NUM_QUART": 29 }, "geometry": { "type": "Point", "coordinates": [ 654258.203363319276832, 6861431.076800098642707 ] } },
{ "type": "Feature", "properties": { "fid": 12145, "PREFIXE 1": "RUE", "PREFIXE 2": "DU", "NOM_RUE": "FAUBOURG SAINT-ANTOINE", "NUMERO TXT": "121", "NOM_SAISI": "RUE DU FAUBOURG SAINT-ANTOINE", "NOM_NOTE": "Rue du faubourg St. Antoine", "EXP_GEO": 1, "INTERP": 0, "NUMEROTATI": 1, "NUM_QUART": 29 }, "geometry": { "type": "Point", "coordinates": [ 654264.760204868391156, 6861429.270797403529286 ] } },
{ "type": "Feature", "properties": { "fid": 12146, "PREFIXE 1": "RUE", "PREFIXE 2": "DU", "NOM_RUE": "FAUBOURG SAINT-ANTOINE", "NUMERO TXT": "123", "NOM_SAISI": "RUE DU FAUBOURG SAINT-ANTOINE", "NOM_NOTE": "Rue du faubourg St. Antoine", "EXP_GEO": 1, "INTERP": 0, "NUMEROTATI": 1, "NUM_QUART": 29 }, "geometry": { "type": "Point", "coordinates": [ 654269.955079030594788, 6861427.087676264345646 ] } },
{ "type": "Feature", "properties": { "fid": 12147, "PREFIXE 1": "RUE", "PREFIXE 2": "DU", "NOM_RUE": "FAUBOURG SAINT-ANTOINE", "NUMERO TXT": "125", "NOM_SAISI": "RUE DU FAUBOURG SAINT-ANTOINE", "NOM_NOTE": "Rue du faubourg St. Antoine", "EXP_GEO": 1, "INTERP": 0, "NUMEROTATI": 1, "NUM_QUART": 29 }, "geometry": { "type": "Point", "coordinates": [ 654275.159371902584098, 6861425.487768091261387 ] } },
{ "type": "Feature", "properties": { "fid": 12148, "PREFIXE 1": "RUE", "PREFIXE 2": "DU", "NOM_RUE": "FAUBOURG SAINT-ANTOINE", "NUMERO TXT": "127", "NOM_SAISI": "RUE DU FAUBOURG SAINT-ANTOINE", "NOM_NOTE": "Rue du faubourg St. Antoine", "EXP_GEO": 1, "INTERP": 0, "NUMEROTATI": 1, "NUM_QUART": 29 }, "geometry": { "type": "Point", "coordinates": [ 654280.157456867978908, 6861423.111870952881873 ] } },
{ "type": "Feature", "properties": { "fid": 12149, "PREFIXE 1": "RUE", "PREFIXE 2": "DU", "NOM_RUE": "FAUBOURG SAINT-ANTOINE", "NUMERO TXT": "129", "NOM_SAISI": "RUE DU FAUBOURG SAINT-ANTOINE", "NOM_NOTE": "Rue du faubourg St. Antoine", "EXP_GEO": 1, "INTERP": 0, "NUMEROTATI": 1, "NUM_QUART": 29 }, "geometry": { "type": "Point", "coordinates": [ 654287.095537875196896, 6861420.913919465616345 ] } },
{ "type": "Feature", "properties": { "fid": 12150, "PREFIXE 1": "RUE", "PREFIXE 2": "DU", "NOM_RUE": "FAUBOURG SAINT-ANTOINE", "NUMERO TXT": "131", "NOM_SAISI": "RUE DU FAUBOURG SAINT-ANTOINE", "NOM_NOTE": "Rue du faubourg St. Antoine", "EXP_GEO": 1, "INTERP": 0, "NUMEROTATI": 1, "NUM_QUART": 29 }, "geometry": { "type": "Point", "coordinates": [ 654294.989521430921741, 6861417.930058379657567 ] } },
{ "type": "Feature", "properties": { "fid": 12151, "PREFIXE 1": "RUE", "PREFIXE 2": "DU", "NOM_RUE": "FAUBOURG SAINT-ANTOINE", "NUMERO TXT": "133", "NOM_SAISI": "RUE DU FAUBOURG SAINT-ANTOINE", "NOM_NOTE": "Rue du faubourg St. Antoine", "EXP_GEO": 1, "INTERP": 0, "NUMEROTATI": 1, "NUM_QUART": 29 }, "geometry": { "type": "Point", "coordinates": [ 654304.039391537429765, 6861414.54749692324549 ] } },
{ "type": "Feature", "properties": { "fid": 12152, "PREFIXE 1": "RUE", "PREFIXE 2": "DU", "NOM_RUE": "FAUBOURG SAINT-ANTOINE", "NUMERO TXT": "135", "NOM_SAISI": "RUE DU FAUBOURG SAINT-ANTOINE", "NOM_NOTE": "Rue du faubourg St. Antoine", "EXP_GEO": 1, "INTERP": 0, "NUMEROTATI": 1, "NUM_QUART": 29 }, "geometry": { "type": "Point", "coordinates": [ 654312.327176136313938, 6861411.949389176443219 ] } },
{ "type": "Feature", "properties": { "fid": 12153, "PREFIXE 1": "RUE", "PREFIXE 2": "DU", "NOM_RUE": "FAUBOURG SAINT-ANTOINE", "NUMERO TXT": "137", "NOM_SAISI": "RUE DU FAUBOURG SAINT-ANTOINE", "NOM_NOTE": "Rue du faubourg St. Antoine", "EXP_GEO": 1, "INTERP": 0, "NUMEROTATI": 1, "NUM_QUART": 29 }, "geometry": { "type": "Point", "coordinates": [ 654320.980286496109329, 6861407.986648813821375 ] } },
{ "type": "Feature", "properties": { "fid": 12154, "PREFIXE 1": "RUE", "PREFIXE 2": "DU", "NOM_RUE": "FAUBOURG SAINT-ANTOINE", "NUMERO TXT": "139", "NOM_SAISI": "RUE DU FAUBOURG SAINT-ANTOINE", "NOM_NOTE": "Rue du faubourg St. Antoine", "EXP_GEO": 1, "INTERP": 0, "NUMEROTATI": 1, "NUM_QUART": 29 }, "geometry": { "type": "Point", "coordinates": [ 654331.960998704656959, 6861404.199011059477925 ] } },
{ "type": "Feature", "properties": { "fid": 12155, "PREFIXE 1": "RUE", "PREFIXE 2": "DU", "NOM_RUE": "FAUBOURG SAINT-ANTOINE", "NUMERO TXT": "141", "NOM_SAISI": "RUE DU FAUBOURG SAINT-ANTOINE", "NOM_NOTE": "Rue du faubourg St. Antoine", "EXP_GEO": 1, "INTERP": 0, "NUMEROTATI": 1, "NUM_QUART": 29 }, "geometry": { "type": "Point", "coordinates": [ 654342.548051215242594, 6861400.025585869327188 ] } },
{ "type": "Feature", "properties": { "fid": 12156, "PREFIXE 1": "RUE", "PREFIXE 2": "DU", "NOM_RUE": "FAUBOURG SAINT-ANTOINE", "NUMERO TXT": "143", "NOM_SAISI": "RUE DU FAUBOURG SAINT-ANTOINE", "NOM_NOTE": "Rue du faubourg St. Antoine", "EXP_GEO": 1, "INTERP": 0, "NUMEROTATI": 1, "NUM_QUART": 29 }, "geometry": { "type": "Point", "coordinates": [ 654350.054926640237682, 6861397.045014530420303 ] } },
{ "type": "Feature", "properties": { "fid": 12157, "PREFIXE 1": "RUE", "PREFIXE 2": "DU", "NOM_RUE": "FAUBOURG SAINT-ANTOINE", "NUMERO TXT": "145", "NOM_SAISI": "RUE DU FAUBOURG SAINT-ANTOINE", "NOM_NOTE": "Rue du faubourg St. Antoine", "EXP_GEO": 1, "INTERP": 0, "NUMEROTATI": 1, "NUM_QUART": 29 }, "geometry": { "type": "Point", "coordinates": [ 654357.952447877032682, 6861394.255837630480528 ] } },
{ "type": "Feature", "properties": { "fid": 12158, "PREFIXE 1": "RUE", "PREFIXE 2": "DU", "NOM_RUE": "FAUBOURG SAINT-ANTOINE", "NUMERO TXT": "147", "NOM_SAISI": "RUE DU FAUBOURG SAINT-ANTOINE", "NOM_NOTE": "Rue du faubourg St. Antoine", "EXP_GEO": 1, "INTERP": 0, "NUMEROTATI": 1, "NUM_QUART": 29 }, "geometry": { "type": "Point", "coordinates": [ 654368.1618296779925, 6861390.669368265196681 ] } },
{ "type": "Feature", "properties": { "fid": 12159, "PREFIXE 1": "RUE", "PREFIXE 2": "DU", "NOM_RUE": "FAUBOURG SAINT-ANTOINE", "NUMERO TXT": "149", "NOM_SAISI": "RUE DU FAUBOURG SAINT-ANTOINE", "NOM_NOTE": "Rue du faubourg St. Antoine", "EXP_GEO": 1, "INTERP": 0, "NUMEROTATI": 1, "NUM_QUART": 29 }, "geometry": { "type": "Point", "coordinates": [ 654378.167978195124306, 6861386.500693253241479 ] } },
{ "type": "Feature", "properties": { "fid": 12160, "PREFIXE 1": "RUE", "PREFIXE 2": "DU", "NOM_RUE": "FAUBOURG SAINT-ANTOINE", "NUMERO TXT": "151", "NOM_SAISI": "RUE DU FAUBOURG SAINT-ANTOINE", "NOM_NOTE": "Rue du faubourg St. Antoine", "EXP_GEO": 1, "INTERP": 0, "NUMEROTATI": 1, "NUM_QUART": 29 }, "geometry": { "type": "Point", "coordinates": [ 654383.944352075573988, 6861384.312750156968832 ] } },
{ "type": "Feature", "properties": { "fid": 12161, "PREFIXE 1": "RUE", "PREFIXE 2": "DU", "NOM_RUE": "FAUBOURG SAINT-ANTOINE", "NUMERO TXT": "153", "NOM_SAISI": "RUE DU FAUBOURG SAINT-ANTOINE", "NOM_NOTE": "Rue du faubourg St. Antoine", "EXP_GEO": 1, "INTERP": 0, "NUMEROTATI": 1, "NUM_QUART": 29 }, "geometry": { "type": "Point", "coordinates": [ 654391.451424812199548, 6861381.332180853933096 ] } },
{ "type": "Feature", "properties": { "fid": 12162, "PREFIXE 1": "RUE", "PREFIXE 2": "DU", "NOM_RUE": "FAUBOURG SAINT-ANTOINE", "NUMERO TXT": "155", "NOM_SAISI": "RUE DU FAUBOURG SAINT-ANTOINE", "NOM_NOTE": "Rue du faubourg St. Antoine", "EXP_GEO": 1, "INTERP": 0, "NUMEROTATI": 1, "NUM_QUART": 29 }, "geometry": { "type": "Point", "coordinates": [ 654398.764801917015575, 6861378.353155372664332 ] } },
{ "type": "Feature", "properties": { "fid": 12163, "PREFIXE 1": "RUE", "PREFIXE 2": "DU", "NOM_RUE": "FAUBOURG SAINT-ANTOINE", "NUMERO TXT": "157", "NOM_SAISI": "RUE DU FAUBOURG SAINT-ANTOINE", "NOM_NOTE": "Rue du faubourg St. Antoine", "EXP_GEO": 1, "INTERP": 0, "NUMEROTATI": 1, "NUM_QUART": 29 }, "geometry": { "type": "Point", "coordinates": [ 654412.636063875863329, 6861373.569372368045151 ] } },
{ "type": "Feature", "properties": { "fid": 12164, "PREFIXE 1": "RUE", "PREFIXE 2": "DU", "NOM_RUE": "FAUBOURG SAINT-ANTOINE", "NUMERO TXT": "159", "NOM_SAISI": "RUE DU FAUBOURG SAINT-ANTOINE", "NOM_NOTE": "Rue du faubourg St. Antoine", "EXP_GEO": 1, "INTERP": 0, "NUMEROTATI": 1, "NUM_QUART": 29 }, "geometry": { "type": "Point", "coordinates": [ 654420.556564231286757, 6861372.143356429412961 ] } },
{ "type": "Feature", "properties": { "fid": 12165, "PREFIXE 1": "RUE", "PREFIXE 2": "DU", "NOM_RUE": "FAUBOURG SAINT-ANTOINE", "NUMERO TXT": "161", "NOM_SAISI": "RUE DU FAUBOURG SAINT-ANTOINE", "NOM_NOTE": "Rue du faubourg St. Antoine", "EXP_GEO": 1, "INTERP": 0, "NUMEROTATI": 1, "NUM_QUART": 29 }, "geometry": { "type": "Point", "coordinates": [ 654429.81717577832751, 6861369.733288148418069 ] } },
{ "type": "Feature", "properties": { "fid": 12166, "PREFIXE 1": "RUE", "PREFIXE 2": "DU", "NOM_RUE": "FAUBOURG SAINT-ANTOINE", "NUMERO TXT": "163", "NOM_SAISI": "RUE DU FAUBOURG SAINT-ANTOINE", "NOM_NOTE": "Rue du faubourg St. Antoine", "EXP_GEO": 1, "INTERP": 0, "NUMEROTATI": 1, "NUM_QUART": 29 }, "geometry": { "type": "Point", "coordinates": [ 654440.046588705619797, 6861367.315799251198769 ] } },
{ "type": "Feature", "properties": { "fid": 12167, "PREFIXE 1": "RUE", "PREFIXE 2": "DU", "NOM_RUE": "FAUBOURG SAINT-ANTOINE", "NUMERO TXT": "165", "NOM_SAISI": "RUE DU FAUBOURG SAINT-ANTOINE", "NOM_NOTE": "Rue du faubourg St. Antoine", "EXP_GEO": 1, "INTERP": 0, "NUMEROTATI": 1, "NUM_QUART": 29 }, "geometry": { "type": "Point", "coordinates": [ 654451.238387970253825, 6861364.501537120901048 ] } },
{ "type": "Feature", "properties": { "fid": 12168, "PREFIXE 1": "RUE", "PREFIXE 2": "DU", "NOM_RUE": "FAUBOURG SAINT-ANTOINE", "NUMERO TXT": "167", "NOM_SAISI": "RUE DU FAUBOURG SAINT-ANTOINE", "NOM_NOTE": "Rue du faubourg St. Antoine", "EXP_GEO": 1, "INTERP": 0, "NUMEROTATI": 1, "NUM_QUART": 29 }, "geometry": { "type": "Point", "coordinates": [ 654461.652126737171784, 6861361.498843050561845 ] } },
{ "type": "Feature", "properties": { "fid": 12169, "PREFIXE 1": "RUE", "PREFIXE 2": "DU", "NOM_RUE": "FAUBOURG SAINT-ANTOINE", "NUMERO TXT": "169", "NOM_SAISI": "RUE DU FAUBOURG SAINT-ANTOINE", "NOM_NOTE": "Rue du faubourg St. Antoine", "EXP_GEO": 1, "INTERP": 0, "NUMEROTATI": 1, "NUM_QUART": 29 }, "geometry": { "type": "Point", "coordinates": [ 654472.660166603513062, 6861359.270918541587889 ] } },
{ "type": "Feature", "properties": { "fid": 12170, "PREFIXE 1": "RUE", "PREFIXE 2": "DU", "NOM_RUE": "FAUBOURG SAINT-ANTOINE", "NUMERO TXT": "171", "NOM_SAISI": "RUE DU FAUBOURG SAINT-ANTOINE", "NOM_NOTE": "Rue du faubourg St. Antoine", "EXP_GEO": 1, "INTERP": 0, "NUMEROTATI": 1, "NUM_QUART": 29 }, "geometry": { "type": "Point", "coordinates": [ 654480.768559916759841, 6861357.455248822458088 ] } },
{ "type": "Feature", "properties": { "fid": 12171, "PREFIXE 1": "RUE", "PREFIXE 2": "DU", "NOM_RUE": "FAUBOURG SAINT-ANTOINE", "NUMERO TXT": "173", "NOM_SAISI": "RUE DU FAUBOURG SAINT-ANTOINE", "NOM_NOTE": "Rue du faubourg St. Antoine", "EXP_GEO": 1, "INTERP": 0, "NUMEROTATI": 1, "NUM_QUART": 29 }, "geometry": { "type": "Point", "coordinates": [ 654490.992153125582263, 6861354.649511265568435 ] } },
{ "type": "Feature", "properties": { "fid": 12172, "PREFIXE 1": "RUE", "PREFIXE 2": "DU", "NOM_RUE": "FAUBOURG SAINT-ANTOINE", "NUMERO TXT": "175", "NOM_SAISI": "RUE DU FAUBOURG SAINT-ANTOINE", "NOM_NOTE": "Rue du faubourg St. Antoine", "EXP_GEO": 1, "INTERP": 0, "NUMEROTATI": 1, "NUM_QUART": 29 }, "geometry": { "type": "Point", "coordinates": [ 654501.603382239001803, 6861351.841037997975945 ] } },
{ "type": "Feature", "properties": { "fid": 12173, "PREFIXE 1": "RUE", "PREFIXE 2": "DU", "NOM_RUE": "FAUBOURG SAINT-ANTOINE", "NUMERO TXT": "177", "NOM_SAISI": "RUE DU FAUBOURG SAINT-ANTOINE", "NOM_NOTE": "Rue du faubourg St. Antoine", "EXP_GEO": 1, "INTERP": 0, "NUMEROTATI": 1, "NUM_QUART": 29 }, "geometry": { "type": "Point", "coordinates": [ 654511.084545291843824, 6861350.989718683995306 ] } },
{ "type": "Feature", "properties": { "fid": 12174, "PREFIXE 1": "RUE", "PREFIXE 2": "DU", "NOM_RUE": "FAUBOURG SAINT-ANTOINE", "NUMERO TXT": "179", "NOM_SAISI": "RUE DU FAUBOURG SAINT-ANTOINE", "NOM_NOTE": "Rue du faubourg St. Antoine", "EXP_GEO": 1, "INTERP": 0, "NUMEROTATI": 1, "NUM_QUART": 29 }, "geometry": { "type": "Point", "coordinates": [ 654524.799454735941254, 6861348.35331366956234 ] } },
{ "type": "Feature", "properties": { "fid": 12175, "PREFIXE 1": "RUE", "PREFIXE 2": "DU", "NOM_RUE": "FAUBOURG SAINT-ANTOINE", "NUMERO TXT": "181", "NOM_SAISI": "RUE DU FAUBOURG SAINT-ANTOINE", "NOM_NOTE": "Rue du faubourg St. Antoine", "EXP_GEO": 1, "INTERP": 0, "NUMEROTATI": 1, "NUM_QUART": 29 }, "geometry": { "type": "Point", "coordinates": [ 654534.106440587900579, 6861348.673137746751308 ] } },
{ "type": "Feature", "properties": { "fid": 12176, "PREFIXE 1": "RUE", "PREFIXE 2": "DU", "NOM_RUE": "FAUBOURG SAINT-ANTOINE", "NUMERO TXT": "183", "NOM_SAISI": "RUE DU FAUBOURG SAINT-ANTOINE", "NOM_NOTE": "Rue du faubourg St. Antoine", "EXP_GEO": 1, "INTERP": 0, "NUMEROTATI": 1, "NUM_QUART": 29 }, "geometry": { "type": "Point", "coordinates": [ 654544.947456610505469, 6861348.007664518430829 ] } },
{ "type": "Feature", "properties": { "fid": 12177, "PREFIXE 1": "RUE", "PREFIXE 2": "DU", "NOM_RUE": "FAUBOURG SAINT-ANTOINE", "NUMERO TXT": "185", "NOM_SAISI": "RUE DU FAUBOURG SAINT-ANTOINE", "NOM_NOTE": "Rue du faubourg St. Antoine", "EXP_GEO": 1, "INTERP": 0, "NUMEROTATI": 1, "NUM_QUART": 29 }, "geometry": { "type": "Point", "coordinates": [ 654555.61404110037256, 6861348.512948612682521 ] } },
{ "type": "Feature", "properties": { "fid": 12178, "PREFIXE 1": "RUE", "PREFIXE 2": "DU", "NOM_RUE": "FAUBOURG SAINT-ANTOINE", "NUMERO TXT": "187", "NOM_SAISI": "RUE DU FAUBOURG SAINT-ANTOINE", "NOM_NOTE": "Rue du faubourg St. Antoine", "EXP_GEO": 1, "INTERP": 0, "NUMEROTATI": 1, "NUM_QUART": 29 }, "geometry": { "type": "Point", "coordinates": [ 654565.877108343993314, 6861348.047455125488341 ] } },
{ "type": "Feature", "properties": { "fid": 12179, "PREFIXE 1": "RUE", "PREFIXE 2": "DU", "NOM_RUE": "FAUBOURG SAINT-ANTOINE", "NUMERO TXT": "189", "NOM_SAISI": "RUE DU FAUBOURG SAINT-ANTOINE", "NOM_NOTE": "Rue du faubourg St. Antoine", "EXP_GEO": 1, "INTERP": 0, "NUMEROTATI": 1, "NUM_QUART": 29 }, "geometry": { "type": "Point", "coordinates": [ 654577.19066943123471, 6861347.858016509562731 ] } },
{ "type": "Feature", "properties": { "fid": 12180, "PREFIXE 1": "RUE", "PREFIXE 2": "DU", "NOM_RUE": "FAUBOURG SAINT-ANTOINE", "NUMERO TXT": "191", "NOM_SAISI": "RUE DU FAUBOURG SAINT-ANTOINE", "NOM_NOTE": "Rue du faubourg St. Antoine", "EXP_GEO": 1, "INTERP": 0, "NUMEROTATI": 1, "NUM_QUART": 29 }, "geometry": { "type": "Point", "coordinates": [ 654586.178845611633733, 6861347.547949920408428 ] } },
{ "type": "Feature", "properties": { "fid": 12181, "PREFIXE 1": "RUE", "PREFIXE 2": "DU", "NOM_RUE": "FAUBOURG SAINT-ANTOINE", "NUMERO TXT": "193", "NOM_SAISI": "RUE DU FAUBOURG SAINT-ANTOINE", "NOM_NOTE": "Rue du faubourg St. Antoine", "EXP_GEO": 1, "INTERP": 0, "NUMEROTATI": 1, "NUM_QUART": 29 }, "geometry": { "type": "Point", "coordinates": [ 654596.750106879277155, 6861347.430343482643366 ] } },
{ "type": "Feature", "properties": { "fid": 12182, "PREFIXE 1": "RUE", "PREFIXE 2": "DU", "NOM_RUE": "FAUBOURG SAINT-ANTOINE", "NUMERO TXT": "195", "NOM_SAISI": "RUE DU FAUBOURG SAINT-ANTOINE", "NOM_NOTE": "Rue du faubourg St. Antoine", "EXP_GEO": 1, "INTERP": 0, "NUMEROTATI": 1, "NUM_QUART": 29 }, "geometry": { "type": "Point", "coordinates": [ 654605.624810355831869, 6861347.610491988249123 ] } },
{ "type": "Feature", "properties": { "fid": 12183, "PREFIXE 1": "RUE", "PREFIXE 2": "DU", "NOM_RUE": "FAUBOURG SAINT-ANTOINE", "NUMERO TXT": "197", "NOM_SAISI": "RUE DU FAUBOURG SAINT-ANTOINE", "NOM_NOTE": "Rue du faubourg St. Antoine", "EXP_GEO": 1, "INTERP": 0, "NUMEROTATI": 1, "NUM_QUART": 29 }, "geometry": { "type": "Point", "coordinates": [ 654622.429441642132588, 6861347.163886746391654 ] } },
{ "type": "Feature", "properties": { "fid": 12184, "PREFIXE 1": "RUE", "PREFIXE 2": "DU", "NOM_RUE": "FAUBOURG SAINT-ANTOINE", "NUMERO TXT": "199", "NOM_SAISI": "RUE DU FAUBOURG SAINT-ANTOINE", "NOM_NOTE": "Rue du faubourg St. Antoine", "EXP_GEO": 1, "INTERP": 0, "NUMEROTATI": 1, "NUM_QUART": 29 }, "geometry": { "type": "Point", "coordinates": [ 654629.944300398579799, 6861347.17130592931062 ] } },
{ "type": "Feature", "properties": { "fid": 12185, "PREFIXE 1": "RUE", "PREFIXE 2": "DU", "NOM_RUE": "FAUBOURG SAINT-ANTOINE", "NUMERO TXT": "201", "NOM_SAISI": "RUE DU FAUBOURG SAINT-ANTOINE", "NOM_NOTE": "Rue du faubourg St. Antoine", "EXP_GEO": 1, "INTERP": 0, "NUMEROTATI": 1, "NUM_QUART": 29 }, "geometry": { "type": "Point", "coordinates": [ 654635.936253609834239, 6861346.945393414236605 ] } },
{ "type": "Feature", "properties": { "fid": 12186, "PREFIXE 1": "RUE", "PREFIXE 2": "DU", "NOM_RUE": "FAUBOURG SAINT-ANTOINE", "NUMERO TXT": "203", "NOM_SAISI": "RUE DU FAUBOURG SAINT-ANTOINE", "NOM_NOTE": "Rue du faubourg St. Antoine", "EXP_GEO": 1, "INTERP": 0, "NUMEROTATI": 1, "NUM_QUART": 29 }, "geometry": { "type": "Point", "coordinates": [ 654642.358138901996426, 6861347.001657557673752 ] } },
{ "type": "Feature", "properties": { "fid": 12187, "PREFIXE 1": "RUE", "PREFIXE 2": "DU", "NOM_RUE": "FAUBOURG SAINT-ANTOINE", "NUMERO TXT": "205", "NOM_SAISI": "RUE DU FAUBOURG SAINT-ANTOINE", "NOM_NOTE": "Rue du faubourg St. Antoine", "EXP_GEO": 1, "INTERP": 0, "NUMEROTATI": 1, "NUM_QUART": 29 }, "geometry": { "type": "Point", "coordinates": [ 654651.106536705978215, 6861346.878762389533222 ] } },
{ "type": "Feature", "properties": { "fid": 12188, "PREFIXE 1": "RUE", "PREFIXE 2": "DU", "NOM_RUE": "FAUBOURG SAINT-ANTOINE", "NUMERO TXT": "207", "NOM_SAISI": "RUE DU FAUBOURG SAINT-ANTOINE", "NOM_NOTE": "Rue du faubourg St. Antoine", "EXP_GEO": 1, "INTERP": 0, "NUMEROTATI": 1, "NUM_QUART": 29 }, "geometry": { "type": "Point", "coordinates": [ 654657.991665859124623, 6861346.769233592785895 ] } },
{ "type": "Feature", "properties": { "fid": 12189, "PREFIXE 1": "RUE", "PREFIXE 2": "DU", "NOM_RUE": "FAUBOURG SAINT-ANTOINE", "NUMERO TXT": "209", "NOM_SAISI": "RUE DU FAUBOURG SAINT-ANTOINE", "NOM_NOTE": "Rue du faubourg St. Antoine", "EXP_GEO": 1, "INTERP": 0, "NUMEROTATI": 1, "NUM_QUART": 29 }, "geometry": { "type": "Point", "coordinates": [ 654664.936599168344401, 6861346.598376355133951 ] } },
{ "type": "Feature", "properties": { "fid": 12190, "PREFIXE 1": "RUE", "PREFIXE 2": "DU", "NOM_RUE": "FAUBOURG SAINT-ANTOINE", "NUMERO TXT": "211", "NOM_SAISI": "RUE DU FAUBOURG SAINT-ANTOINE", "NOM_NOTE": "Rue du faubourg St. Antoine", "EXP_GEO": 1, "INTERP": 0, "NUMEROTATI": 1, "NUM_QUART": 29 }, "geometry": { "type": "Point", "coordinates": [ 654672.652491337852553, 6861346.503779858350754 ] } },
{ "type": "Feature", "properties": { "fid": 12191, "PREFIXE 1": "RUE", "PREFIXE 2": "DU", "NOM_RUE": "FAUBOURG SAINT-ANTOINE", "NUMERO TXT": "213", "NOM_SAISI": "RUE DU FAUBOURG SAINT-ANTOINE", "NOM_NOTE": "Rue du faubourg St. Antoine", "EXP_GEO": 1, "INTERP": 0, "NUMEROTATI": 1, "NUM_QUART": 29 }, "geometry": { "type": "Point", "coordinates": [ 654682.940280720940791, 6861346.371212505735457 ] } },
{ "type": "Feature", "properties": { "fid": 12192, "PREFIXE 1": "RUE", "PREFIXE 2": "DU", "NOM_RUE": "FAUBOURG SAINT-ANTOINE", "NUMERO TXT": "215", "NOM_SAISI": "RUE DU FAUBOURG SAINT-ANTOINE", "NOM_NOTE": "Rue du faubourg St. Antoine", "EXP_GEO": 1, "INTERP": 0, "NUMEROTATI": 1, "NUM_QUART": 29 }, "geometry": { "type": "Point", "coordinates": [ 654690.911349087604322, 6861346.397552759386599 ] } },
{ "type": "Feature", "properties": { "fid": 12193, "PREFIXE 1": "RUE", "PREFIXE 2": "DU", "NOM_RUE": "FAUBOURG SAINT-ANTOINE", "NUMERO TXT": "217", "NOM_SAISI": "RUE DU FAUBOURG SAINT-ANTOINE", "NOM_NOTE": "Rue du faubourg St. Antoine", "EXP_GEO": 1, "INTERP": 0, "NUMEROTATI": 1, "NUM_QUART": 29 }, "geometry": { "type": "Point", "coordinates": [ 654700.310965592856519, 6861346.455045516602695 ] } },
{ "type": "Feature", "properties": { "fid": 12194, "PREFIXE 1": "RUE", "PREFIXE 2": "DU", "NOM_RUE": "FAUBOURG SAINT-ANTOINE", "NUMERO TXT": "219", "NOM_SAISI": "RUE DU FAUBOURG SAINT-ANTOINE", "NOM_NOTE": "Rue du faubourg St. Antoine", "EXP_GEO": 1, "INTERP": 0, "NUMEROTATI": 1, "NUM_QUART": 29 }, "geometry": { "type": "Point", "coordinates": [ 654709.503235102049075, 6861346.208853336982429 ] } },
{ "type": "Feature", "properties": { "fid": 12195, "PREFIXE 1": "RUE", "PREFIXE 2": "DU", "NOM_RUE": "FAUBOURG SAINT-ANTOINE", "NUMERO TXT": "221", "NOM_SAISI": "RUE DU FAUBOURG SAINT-ANTOINE", "NOM_NOTE": "Rue du faubourg St. Antoine", "EXP_GEO": 1, "INTERP": 0, "NUMEROTATI": 1, "NUM_QUART": 29 }, "geometry": { "type": "Point", "coordinates": [ 654717.81210521957837, 6861346.45766921248287 ] } },
{ "type": "Feature", "properties": { "fid": 12196, "PREFIXE 1": "RUE", "PREFIXE 2": "DU", "NOM_RUE": "FAUBOURG SAINT-ANTOINE", "NUMERO TXT": "223", "NOM_SAISI": "RUE DU FAUBOURG SAINT-ANTOINE", "NOM_NOTE": "Rue du faubourg St. Antoine", "EXP_GEO": 1, "INTERP": 0, "NUMEROTATI": 1, "NUM_QUART": 29 }, "geometry": { "type": "Point", "coordinates": [ 654726.660454000695609, 6861346.234771355055273 ] } },
{ "type": "Feature", "properties": { "fid": 12197, "PREFIXE 1": "RUE", "PREFIXE 2": "DU", "NOM_RUE": "FAUBOURG SAINT-ANTOINE", "NUMERO TXT": "225", "NOM_SAISI": "RUE DU FAUBOURG SAINT-ANTOINE", "NOM_NOTE": "Rue du faubourg St. Antoine", "EXP_GEO": 1, "INTERP": 0, "NUMEROTATI": 1, "NUM_QUART": 29 }, "geometry": { "type": "Point", "coordinates": [ 654734.923242966877297, 6861346.128100115805864 ] } },
{ "type": "Feature", "properties": { "fid": 12198, "PREFIXE 1": "RUE", "PREFIXE 2": "DU", "NOM_RUE": "FAUBOURG SAINT-ANTOINE", "NUMERO TXT": "227", "NOM_SAISI": "RUE DU FAUBOURG SAINT-ANTOINE", "NOM_NOTE": "Rue du faubourg St. Antoine", "EXP_GEO": 1, "INTERP": 0, "NUMEROTATI": 1, "NUM_QUART": 29 }, "geometry": { "type": "Point", "coordinates": [ 654743.278164675575681, 6861346.082152450457215 ] } },
{ "type": "Feature", "properties": { "fid": 12199, "PREFIXE 1": "RUE", "PREFIXE 2": "DU", "NOM_RUE": "FAUBOURG SAINT-ANTOINE", "NUMERO TXT": "229", "NOM_SAISI": "RUE DU FAUBOURG SAINT-ANTOINE", "NOM_NOTE": "Rue du faubourg St. Antoine", "EXP_GEO": 1, "INTERP": 0, "NUMEROTATI": 1, "NUM_QUART": 29 }, "geometry": { "type": "Point", "coordinates": [ 654750.240446382551454, 6861345.709798374213278 ] } },
{ "type": "Feature", "properties": { "fid": 12200, "PREFIXE 1": "RUE", "PREFIXE 2": "DU", "NOM_RUE": "FAUBOURG SAINT-ANTOINE", "NUMERO TXT": "231", "NOM_SAISI": "RUE DU FAUBOURG SAINT-ANTOINE", "NOM_NOTE": "Rue du faubourg St. Antoine", "EXP_GEO": 1, "INTERP": 0, "NUMEROTATI": 1, "NUM_QUART": 29 }, "geometry": { "type": "Point", "coordinates": [ 654757.410403163172305, 6861345.662028903141618 ] } },
{ "type": "Feature", "properties": { "fid": 12201, "PREFIXE 1": "RUE", "PREFIXE 2": "DU", "NOM_RUE": "FAUBOURG SAINT-ANTOINE", "NUMERO TXT": "233", "NOM_SAISI": "RUE DU FAUBOURG SAINT-ANTOINE", "NOM_NOTE": "Rue du faubourg St. Antoine", "EXP_GEO": 1, "INTERP": 0, "NUMEROTATI": 1, "NUM_QUART": 29 }, "geometry": { "type": "Point", "coordinates": [ 654766.240590374800377, 6861345.562741002067924 ] } },
{ "type": "Feature", "properties": { "fid": 12202, "PREFIXE 1": "RUE", "PREFIXE 2": "DE", "NOM_RUE": "MONTREUIL", "NUMERO TXT": "1", "NOM_SAISI": "RUE DE MONTREUIL", "NOM_NOTE": "Rue de Montreuil", "EXP_GEO": 1, "INTERP": 0, "NUMEROTATI": 1, "NUM_QUART": 29 }, "geometry": { "type": "Point", "coordinates": [ 654780.749654648592696, 6861345.187154286541045 ] } },
{ "type": "Feature", "properties": { "fid": 12203, "PREFIXE 1": "RUE", "PREFIXE 2": "DE", "NOM_RUE": "MONTREUIL", "NUMERO TXT": "3", "NOM_SAISI": "RUE DE MONTREUIL", "NOM_NOTE": "Rue de Montreuil", "EXP_GEO": 1, "INTERP": 0, "NUMEROTATI": 1, "NUM_QUART": 29 }, "geometry": { "type": "Point", "coordinates": [ 654791.792233714833856, 6861344.920129923149943 ] } },
{ "type": "Feature", "properties": { "fid": 12204, "PREFIXE 1": "RUE", "PREFIXE 2": "DE", "NOM_RUE": "MONTREUIL", "NUMERO TXT": "5", "NOM_SAISI": "RUE DE MONTREUIL", "NOM_NOTE": "Rue de Montreuil", "EXP_GEO": 1, "INTERP": 0, "NUMEROTATI": 1, "NUM_QUART": 29 }, "geometry": { "type": "Point", "coordinates": [ 654800.124918840825558, 6861344.865935227833688 ] } },
{ "type": "Feature", "properties": { "fid": 12205, "PREFIXE 1": "RUE", "PREFIXE 2": "DE", "NOM_RUE": "MONTREUIL", "NUMERO TXT": "7", "NOM_SAISI": "RUE DE MONTREUIL", "NOM_NOTE": "Rue de Montreuil", "EXP_GEO": 1, "INTERP": 0, "NUMEROTATI": 1, "NUM_QUART": 29 }, "geometry": { "type": "Point", "coordinates": [ 654805.93843669036869, 6861344.828279156237841 ] } },
{ "type": "Feature", "properties": { "fid": 12206, "PREFIXE 1": "RUE", "PREFIXE 2": "DE", "NOM_RUE": "MONTREUIL", "NUMERO TXT": "9", "NOM_SAISI": "RUE DE MONTREUIL", "NOM_NOTE": "Rue de Montreuil", "EXP_GEO": 1, "INTERP": 0, "NUMEROTATI": 1, "NUM_QUART": 29 }, "geometry": { "type": "Point", "coordinates": [ 654811.564193355618045, 6861345.181554540060461 ] } },
{ "type": "Feature", "properties": { "fid": 12207, "PREFIXE 1": "RUE", "PREFIXE 2": "DE", "NOM_RUE": "MONTREUIL", "NUMERO TXT": "11", "NOM_SAISI": "RUE DE MONTREUIL", "NOM_NOTE": "Rue de Montreuil", "EXP_GEO": 1, "INTERP": 0, "NUMEROTATI": 1, "NUM_QUART": 29 }, "geometry": { "type": "Point", "coordinates": [ 654818.531438416335732, 6861344.552347242832184 ] } },
{ "type": "Feature", "properties": { "fid": 12208, "PREFIXE 1": "RUE", "PREFIXE 2": "DE", "NOM_RUE": "MONTREUIL", "NUMERO TXT": "13", "NOM_SAISI": "RUE DE MONTREUIL", "NOM_NOTE": "Rue de Montreuil", "EXP_GEO": 1, "INTERP": 0, "NUMEROTATI": 1, "NUM_QUART": 29 }, "geometry": { "type": "Point", "coordinates": [ 654826.664444231428206, 6861344.110669611953199 ] } },
{ "type": "Feature", "properties": { "fid": 12209, "PREFIXE 1": "RUE", "PREFIXE 2": "DE", "NOM_RUE": "MONTREUIL", "NUMERO TXT": "15", "NOM_SAISI": "RUE DE MONTREUIL", "NOM_NOTE": "Rue de Montreuil", "EXP_GEO": 1, "INTERP": 0, "NUMEROTATI": 1, "NUM_QUART": 29 }, "geometry": { "type": "Point", "coordinates": [ 654837.519484458607621, 6861344.2363440990448 ] } },
{ "type": "Feature", "properties": { "fid": 12210, "PREFIXE 1": "RUE", "PREFIXE 2": "DE", "NOM_RUE": "MONTREUIL", "NUMERO TXT": "17", "NOM_SAISI": "RUE DE MONTREUIL", "NOM_NOTE": "Rue de Montreuil", "EXP_GEO": 1, "INTERP": 0, "NUMEROTATI": 1, "NUM_QUART": 29 }, "geometry": { "type": "Point", "coordinates": [ 654849.716179787646979, 6861343.380019241943955 ] } },
{ "type": "Feature", "properties": { "fid": 12211, "PREFIXE 1": "RUE", "PREFIXE 2": "DE", "NOM_RUE": "MONTREUIL", "NUMERO TXT": "19", "NOM_SAISI": "RUE DE MONTREUIL", "NOM_NOTE": "Rue de Montreuil", "EXP_GEO": 1, "INTERP": 0, "NUMEROTATI": 1, "NUM_QUART": 29 }, "geometry": { "type": "Point", "coordinates": [ 654859.196966407820582, 6861342.346450271084905 ] } },
{ "type": "Feature", "properties": { "fid": 12212, "PREFIXE 1": "RUE", "PREFIXE 2": "DE", "NOM_RUE": "MONTREUIL", "NUMERO TXT": "21", "NOM_SAISI": "RUE DE MONTREUIL", "NOM_NOTE": "Rue de Montreuil", "EXP_GEO": 1, "INTERP": 0, "NUMEROTATI": 1, "NUM_QUART": 29 }, "geometry": { "type": "Point", "coordinates": [ 654864.447118272655644, 6861343.482400828041136 ] } },
{ "type": "Feature", "properties": { "fid": 12213, "PREFIXE 1": "RUE", "PREFIXE 2": "DE", "NOM_RUE": "MONTREUIL", "NUMERO TXT": "23", "NOM_SAISI": "RUE DE MONTREUIL", "NOM_NOTE": "Rue de Montreuil", "EXP_GEO": 1, "INTERP": 0, "NUMEROTATI": 1, "NUM_QUART": 29 }, "geometry": { "type": "Point", "coordinates": [ 654872.386578620644286, 6861343.043340584263206 ] } },
{ "type": "Feature", "properties": { "fid": 12214, "PREFIXE 1": "RUE", "PREFIXE 2": "DE", "NOM_RUE": "MONTREUIL", "NUMERO TXT": "25", "NOM_SAISI": "RUE DE MONTREUIL", "NOM_NOTE": "Rue de Montreuil", "EXP_GEO": 1, "INTERP": 0, "NUMEROTATI": 1, "NUM_QUART": 29 }, "geometry": { "type": "Point", "coordinates": [ 654879.947373197763227, 6861343.191244741901755 ] } },
{ "type": "Feature", "properties": { "fid": 12215, "PREFIXE 1": "RUE", "PREFIXE 2": "DE", "NOM_RUE": "MONTREUIL", "NUMERO TXT": "27", "NOM_SAISI": "RUE DE MONTREUIL", "NOM_NOTE": "Rue de Montreuil", "EXP_GEO": 1, "INTERP": 0, "NUMEROTATI": 1, "NUM_QUART": 29 }, "geometry": { "type": "Point", "coordinates": [ 654887.881010970682837, 6861342.363096701912582 ] } },
{ "type": "Feature", "properties": { "fid": 12216, "PREFIXE 1": "RUE", "PREFIXE 2": "DE", "NOM_RUE": "MONTREUIL", "NUMERO TXT": "29", "NOM_SAISI": "RUE DE MONTREUIL", "NOM_NOTE": "Rue de Montreuil", "EXP_GEO": 1, "INTERP": 0, "NUMEROTATI": 1, "NUM_QUART": 29 }, "geometry": { "type": "Point", "coordinates": [ 654894.469952155370265, 6861342.322608993388712 ] } },
{ "type": "Feature", "properties": { "fid": 12217, "PREFIXE 1": "RUE", "PREFIXE 2": "DE", "NOM_RUE": "MONTREUIL", "NUMERO TXT": "31", "NOM_SAISI": "RUE DE MONTREUIL", "NOM_NOTE": "Rue de Montreuil", "EXP_GEO": 1, "INTERP": 0, "NUMEROTATI": 1, "NUM_QUART": 29 }, "geometry": { "type": "Point", "coordinates": [ 654901.243877352331765, 6861341.696767757646739 ] } },
{ "type": "Feature", "properties": { "fid": 12218, "PREFIXE 1": "RUE", "PREFIXE 2": "DE", "NOM_RUE": "MONTREUIL", "NUMERO TXT": "33", "NOM_SAISI": "RUE DE MONTREUIL", "NOM_NOTE": "Rue de Montreuil", "EXP_GEO": 1, "INTERP": 0, "NUMEROTATI": 1, "NUM_QUART": 29 }, "geometry": { "type": "Point", "coordinates": [ 654921.783161633997224, 6861341.377342249266803 ] } },
{ "type": "Feature", "properties": { "fid": 12219, "PREFIXE 1": "RUE", "PREFIXE 2": "DE", "NOM_RUE": "MONTREUIL", "NUMERO TXT": "35", "NOM_SAISI": "RUE DE MONTREUIL", "NOM_NOTE": "Rue de Montreuil", "EXP_GEO": 1, "INTERP": 0, "NUMEROTATI": 1, "NUM_QUART": 29 }, "geometry": { "type": "Point", "coordinates": [ 654951.62202554824762, 6861340.809525664895773 ] } },
{ "type": "Feature", "properties": { "fid": 12220, "PREFIXE 1": "RUE", "PREFIXE 2": "DE", "NOM_RUE": "MONTREUIL", "NUMERO TXT": "37", "NOM_SAISI": "RUE DE MONTREUIL", "NOM_NOTE": "Rue de Montreuil", "EXP_GEO": 1, "INTERP": 0, "NUMEROTATI": 1, "NUM_QUART": 29 }, "geometry": { "type": "Point", "coordinates": [ 654981.6551428232342, 6861340.243938662111759 ] } },
{ "type": "Feature", "properties": { "fid": 12221, "PREFIXE 1": "RUE", "PREFIXE 2": "DE", "NOM_RUE": "MONTREUIL", "NUMERO TXT": "2", "NOM_SAISI": "RUE DE MONTREUIL", "NOM_NOTE": "Rue de Montreuil", "EXP_GEO": 1, "INTERP": 0, "NUMEROTATI": 1, "NUM_QUART": 29 }, "geometry": { "type": "Point", "coordinates": [ 654799.109151365584694, 6861329.479621633887291 ] } },
{ "type": "Feature", "properties": { "fid": 12222, "PREFIXE 1": "RUE", "PREFIXE 2": "DE", "NOM_RUE": "MONTREUIL", "NUMERO TXT": "4", "NOM_SAISI": "RUE DE MONTREUIL", "NOM_NOTE": "Rue de Montreuil", "EXP_GEO": 1, "INTERP": 0, "NUMEROTATI": 1, "NUM_QUART": 29 }, "geometry": { "type": "Point", "coordinates": [ 654811.493712242809124, 6861328.230320709757507 ] } },
{ "type": "Feature", "properties": { "fid": 12223, "PREFIXE 1": "RUE", "PREFIXE 2": "DE", "NOM_RUE": "MONTREUIL", "NUMERO TXT": "6", "NOM_SAISI": "RUE DE MONTREUIL", "NOM_NOTE": "Rue de Montreuil", "EXP_GEO": 1, "INTERP": 0, "NUMEROTATI": 1, "NUM_QUART": 29 }, "geometry": { "type": "Point", "coordinates": [ 654820.983698359807022, 6861327.779673848301172 ] } },
{ "type": "Feature", "properties": { "fid": 12224, "PREFIXE 1": "RUE", "PREFIXE 2": "DE", "NOM_RUE": "MONTREUIL", "NUMERO TXT": "8", "NOM_SAISI": "RUE DE MONTREUIL", "NOM_NOTE": "Rue de Montreuil", "EXP_GEO": 1, "INTERP": 0, "NUMEROTATI": 1, "NUM_QUART": 29 }, "geometry": { "type": "Point", "coordinates": [ 654832.802406065980904, 6861327.509469047188759 ] } },
{ "type": "Feature", "properties": { "fid": 12225, "PREFIXE 1": "RUE", "PREFIXE 2": "DE", "NOM_RUE": "MONTREUIL", "NUMERO TXT": "10", "NOM_SAISI": "RUE DE MONTREUIL", "NOM_NOTE": "Rue de Montreuil", "EXP_GEO": 1, "INTERP": 0, "NUMEROTATI": 1, "NUM_QUART": 29 }, "geometry": { "type": "Point", "coordinates": [ 654843.258482408942655, 6861326.858590512536466 ] } },
{ "type": "Feature", "properties": { "fid": 12226, "PREFIXE 1": "RUE", "PREFIXE 2": "DE", "NOM_RUE": "MONTREUIL", "NUMERO TXT": "12", "NOM_SAISI": "RUE DE MONTREUIL", "NOM_NOTE": "Rue de Montreuil", "EXP_GEO": 1, "INTERP": 0, "NUMEROTATI": 1, "NUM_QUART": 29 }, "geometry": { "type": "Point", "coordinates": [ 654855.071265151258558, 6861326.199619910679758 ] } },
{ "type": "Feature", "properties": { "fid": 12227, "PREFIXE 1": "RUE", "PREFIXE 2": "DE", "NOM_RUE": "MONTREUIL", "NUMERO TXT": "14", "NOM_SAISI": "RUE DE MONTREUIL", "NOM_NOTE": "Rue de Montreuil", "EXP_GEO": 1, "INTERP": 0, "NUMEROTATI": 1, "NUM_QUART": 29 }, "geometry": { "type": "Point", "coordinates": [ 654866.890224381582811, 6861325.930938017554581 ] } },
{ "type": "Feature", "properties": { "fid": 12228, "PREFIXE 1": "RUE", "PREFIXE 2": "DE", "NOM_RUE": "MONTREUIL", "NUMERO TXT": "16", "NOM_SAISI": "RUE DE MONTREUIL", "NOM_NOTE": "Rue de Montreuil", "EXP_GEO": 1, "INTERP": 0, "NUMEROTATI": 1, "NUM_QUART": 29 }, "geometry": { "type": "Point", "coordinates": [ 654874.254779065027833, 6861325.885229140520096 ] } },
{ "type": "Feature", "properties": { "fid": 12229, "PREFIXE 1": "RUE", "PREFIXE 2": "DE", "NOM_RUE": "MONTREUIL", "NUMERO TXT": "18", "NOM_SAISI": "RUE DE MONTREUIL", "NOM_NOTE": "Rue de Montreuil", "EXP_GEO": 1, "INTERP": 0, "NUMEROTATI": 1, "NUM_QUART": 29 }, "geometry": { "type": "Point", "coordinates": [ 654882.779163779690862, 6861325.637678556144238 ] } },
{ "type": "Feature", "properties": { "fid": 12230, "PREFIXE 1": "RUE", "PREFIXE 2": "DE", "NOM_RUE": "MONTREUIL", "NUMERO TXT": "20", "NOM_SAISI": "RUE DE MONTREUIL", "NOM_NOTE": "Rue de Montreuil", "EXP_GEO": 1, "INTERP": 0, "NUMEROTATI": 1, "NUM_QUART": 29 }, "geometry": { "type": "Point", "coordinates": [ 654890.722172867972404, 6861325.393966068513691 ] } },
{ "type": "Feature", "properties": { "fid": 12231, "PREFIXE 1": "RUE", "PREFIXE 2": "DE", "NOM_RUE": "MONTREUIL", "NUMERO TXT": "22", "NOM_SAISI": "RUE DE MONTREUIL", "NOM_NOTE": "Rue de Montreuil", "EXP_GEO": 1, "INTERP": 0, "NUMEROTATI": 1, "NUM_QUART": 29 }, "geometry": { "type": "Point", "coordinates": [ 654896.917946796864271, 6861324.96625894214958 ] } },
{ "type": "Feature", "properties": { "fid": 12232, "PREFIXE 1": "RUE", "PREFIXE 2": "DE", "NOM_RUE": "MONTREUIL", "NUMERO TXT": "24", "NOM_SAISI": "RUE DE MONTREUIL", "NOM_NOTE": "Rue de Montreuil", "EXP_GEO": 1, "INTERP": 0, "NUMEROTATI": 1, "NUM_QUART": 29 }, "geometry": { "type": "Point", "coordinates": [ 654903.513399219023995, 6861325.315854359418154 ] } },
{ "type": "Feature", "properties": { "fid": 12233, "PREFIXE 1": "RUE", "PREFIXE 2": "DE", "NOM_RUE": "MONTREUIL", "NUMERO TXT": "26", "NOM_SAISI": "RUE DE MONTREUIL", "NOM_NOTE": "Rue de Montreuil", "EXP_GEO": 1, "INTERP": 0, "NUMEROTATI": 1, "NUM_QUART": 29 }, "geometry": { "type": "Point", "coordinates": [ 654915.144840548164211, 6861325.440250275656581 ] } },
{ "type": "Feature", "properties": { "fid": 12234, "PREFIXE 1": "RUE", "PREFIXE 2": "DE", "NOM_RUE": "MONTREUIL", "NUMERO TXT": "28", "NOM_SAISI": "RUE DE MONTREUIL", "NOM_NOTE": "Rue de Montreuil", "EXP_GEO": 1, "INTERP": 0, "NUMEROTATI": 1, "NUM_QUART": 29 }, "geometry": { "type": "Point", "coordinates": [ 654929.871285999077372, 6861325.156830981373787 ] } },
{ "type": "Feature", "properties": { "fid": 12235, "PREFIXE 1": "RUE", "PREFIXE 2": "DE", "NOM_RUE": "MONTREUIL", "NUMERO TXT": "30", "NOM_SAISI": "RUE DE MONTREUIL", "NOM_NOTE": "Rue de Montreuil", "EXP_GEO": 1, "INTERP": 0, "NUMEROTATI": 1, "NUM_QUART": 29 }, "geometry": { "type": "Point", "coordinates": [ 654942.084259188384749, 6861325.278918219730258 ] } },
{ "type": "Feature", "properties": { "fid": 12236, "PREFIXE 1": "RUE", "PREFIXE 2": "DE", "NOM_RUE": "MONTREUIL", "NUMERO TXT": "32", "NOM_SAISI": "RUE DE MONTREUIL", "NOM_NOTE": "Rue de Montreuil", "EXP_GEO": 1, "INTERP": 0, "NUMEROTATI": 1, "NUM_QUART": 29 }, "geometry": { "type": "Point", "coordinates": [ 654953.712875725934282, 6861325.21011907979846 ] } },
{ "type": "Feature", "properties": { "fid": 12237, "PREFIXE 1": "RUE", "PREFIXE 2": "DE", "NOM_RUE": "MONTREUIL", "NUMERO TXT": "34", "NOM_SAISI": "RUE DE MONTREUIL", "NOM_NOTE": "Rue de Montreuil", "EXP_GEO": 1, "INTERP": 0, "NUMEROTATI": 1, "NUM_QUART": 29 }, "geometry": { "type": "Point", "coordinates": [ 654962.240562540129758, 6861325.159988537430763 ] } },
{ "type": "Feature", "properties": { "fid": 12238, "PREFIXE 1": "RUE", "PREFIXE 2": "DE", "NOM_RUE": "MONTREUIL", "NUMERO TXT": "36", "NOM_SAISI": "RUE DE MONTREUIL", "NOM_NOTE": "Rue de Montreuil", "EXP_GEO": 1, "INTERP": 0, "NUMEROTATI": 1, "NUM_QUART": 29 }, "geometry": { "type": "Point", "coordinates": [ 654976.585593615076505, 6861325.271155789494514 ] } },
{ "type": "Feature", "properties": { "fid": 12239, "PREFIXE 1": "RUE", "PREFIXE 2": "DE", "NOM_RUE": "MONTREUIL", "NUMERO TXT": "38", "NOM_SAISI": "RUE DE MONTREUIL", "NOM_NOTE": "Rue de Montreuil", "EXP_GEO": 1, "INTERP": 0, "NUMEROTATI": 1, "NUM_QUART": 29 }, "geometry": { "type": "Point", "coordinates": [ 654999.458484965842217, 6861325.33414429333061 ] } },
{ "type": "Feature", "properties": { "fid": 12240, "PREFIXE 1": "RUE", "PREFIXE 2": "DE", "NOM_RUE": "MONTREUIL", "NUMERO TXT": "39", "NOM_SAISI": "RUE DE MONTREUIL", "NOM_NOTE": "Rue de Montreuil", "EXP_GEO": 1, "INTERP": 0, "NUMEROTATI": 1, "NUM_QUART": 29 }, "geometry": { "type": "Point", "coordinates": [ 655016.91855888441205, 6861339.457253550179303 ] } },
{ "type": "Feature", "properties": { "fid": 12241, "PREFIXE 1": "RUE", "PREFIXE 2": "DE", "NOM_RUE": "MONTREUIL", "NUMERO TXT": "40", "NOM_SAISI": "RUE DE MONTREUIL", "NOM_NOTE": "Rue de Montreuil", "EXP_GEO": 1, "INTERP": 0, "NUMEROTATI": 1, "NUM_QUART": 29 }, "geometry": { "type": "Point", "coordinates": [ 655032.213266767328605, 6861325.14868962392211 ] } },
{ "type": "Feature", "properties": { "fid": 12242, "PREFIXE 1": "RUE", "PREFIXE 2": "DE", "NOM_RUE": "MONTREUIL", "NUMERO TXT": "42", "NOM_SAISI": "RUE DE MONTREUIL", "NOM_NOTE": "Rue de Montreuil", "EXP_GEO": 1, "INTERP": 0, "NUMEROTATI": 1, "NUM_QUART": 29 }, "geometry": { "type": "Point", "coordinates": [ 655087.274901657598093, 6861326.015131407417357 ] } },
{ "type": "Feature", "properties": { "fid": 12243, "PREFIXE 1": "RUE", "PREFIXE 2": "DE", "NOM_RUE": "MONTREUIL", "NUMERO TXT": "41", "NOM_SAISI": "RUE DE MONTREUIL", "NOM_NOTE": "Rue de Montreuil", "EXP_GEO": 1, "INTERP": 0, "NUMEROTATI": 1, "NUM_QUART": 29 }, "geometry": { "type": "Point", "coordinates": [ 655050.463830113527365, 6861340.437782189808786 ] } },
{ "type": "Feature", "properties": { "fid": 12244, "PREFIXE 1": "RUE", "PREFIXE 2": "DE", "NOM_RUE": "MONTREUIL", "NUMERO TXT": "44", "NOM_SAISI": "RUE DE MONTREUIL", "NOM_NOTE": "Rue de Montreuil", "EXP_GEO": 1, "INTERP": 0, "NUMEROTATI": 1, "NUM_QUART": 29 }, "geometry": { "type": "Point", "coordinates": [ 655123.145949341123924, 6861326.798226560465991 ] } },
{ "type": "Feature", "properties": { "fid": 12245, "PREFIXE 1": "RUE", "PREFIXE 2": "DE", "NOM_RUE": "MONTREUIL", "NUMERO TXT": "46", "NOM_SAISI": "RUE DE MONTREUIL", "NOM_NOTE": "Rue de Montreuil", "EXP_GEO": 1, "INTERP": 0, "NUMEROTATI": 1, "NUM_QUART": 29 }, "geometry": { "type": "Point", "coordinates": [ 655145.061920835403726, 6861327.657977541908622 ] } },
{ "type": "Feature", "properties": { "fid": 12246, "PREFIXE 1": "RUE", "PREFIXE 2": "DE", "NOM_RUE": "MONTREUIL", "NUMERO TXT": "48", "NOM_SAISI": "RUE DE MONTREUIL", "NOM_NOTE": "Rue de Montreuil", "EXP_GEO": 1, "INTERP": 0, "NUMEROTATI": 1, "NUM_QUART": 29 }, "geometry": { "type": "Point", "coordinates": [ 655172.402191467001103, 6861328.297039379365742 ] } },
{ "type": "Feature", "properties": { "fid": 12247, "PREFIXE 1": "RUE", "PREFIXE 2": "DE", "NOM_RUE": "MONTREUIL", "NUMERO TXT": "50", "NOM_SAISI": "RUE DE MONTREUIL", "NOM_NOTE": "Rue de Montreuil", "EXP_GEO": 1, "INTERP": 0, "NUMEROTATI": 1, "NUM_QUART": 29 }, "geometry": { "type": "Point", "coordinates": [ 655188.492426999728195, 6861328.410628869198263 ] } },
{ "type": "Feature", "properties": { "fid": 12248, "PREFIXE 1": "RUE", "PREFIXE 2": "DE", "NOM_RUE": "MONTREUIL", "NUMERO TXT": "52", "NOM_SAISI": "RUE DE MONTREUIL", "NOM_NOTE": "Rue de Montreuil", "EXP_GEO": 1, "INTERP": 0, "NUMEROTATI": 1, "NUM_QUART": 29 }, "geometry": { "type": "Point", "coordinates": [ 655200.706211312441155, 6861328.544430014677346 ] } },
{ "type": "Feature", "properties": { "fid": 12249, "PREFIXE 1": "RUE", "PREFIXE 2": "DE", "NOM_RUE": "MONTREUIL", "NUMERO TXT": "54", "NOM_SAISI": "RUE DE MONTREUIL", "NOM_NOTE": "Rue de Montreuil", "EXP_GEO": 1, "INTERP": 0, "NUMEROTATI": 1, "NUM_QUART": 29 }, "geometry": { "type": "Point", "coordinates": [ 655206.332664651679806, 6861328.906131111085415 ] } },
{ "type": "Feature", "properties": { "fid": 12250, "PREFIXE 1": "RUE", "PREFIXE 2": "DE", "NOM_RUE": "MONTREUIL", "NUMERO TXT": "56", "NOM_SAISI": "RUE DE MONTREUIL", "NOM_NOTE": "Rue de Montreuil", "EXP_GEO": 1, "INTERP": 0, "NUMEROTATI": 1, "NUM_QUART": 29 }, "geometry": { "type": "Point", "coordinates": [ 655214.667214901419356, 6861328.864990007132292 ] } },
{ "type": "Feature", "properties": { "fid": 12251, "PREFIXE 1": "RUE", "PREFIXE 2": "DE", "NOM_RUE": "MONTREUIL", "NUMERO TXT": "43", "NOM_SAISI": "RUE DE MONTREUIL", "NOM_NOTE": "Rue de Montreuil", "EXP_GEO": 1, "INTERP": 0, "NUMEROTATI": 1, "NUM_QUART": 29 }, "geometry": { "type": "Point", "coordinates": [ 655070.240506034111604, 6861340.913129066117108 ] } },
{ "type": "Feature", "properties": { "fid": 12252, "PREFIXE 1": "RUE", "PREFIXE 2": "DE", "NOM_RUE": "MONTREUIL", "NUMERO TXT": "45", "NOM_SAISI": "RUE DE MONTREUIL", "NOM_NOTE": "Rue de Montreuil", "EXP_GEO": 1, "INTERP": 0, "NUMEROTATI": 1, "NUM_QUART": 29 }, "geometry": { "type": "Point", "coordinates": [ 655078.186593810212798, 6861340.869760852307081 ] } },
{ "type": "Feature", "properties": { "fid": 12253, "PREFIXE 1": "RUE", "PREFIXE 2": "DE", "NOM_RUE": "MONTREUIL", "NUMERO TXT": "47", "NOM_SAISI": "RUE DE MONTREUIL", "NOM_NOTE": "Rue de Montreuil", "EXP_GEO": 1, "INTERP": 0, "NUMEROTATI": 1, "NUM_QUART": 29 }, "geometry": { "type": "Point", "coordinates": [ 655085.363062341464683, 6861341.220319733023643 ] } },
{ "type": "Feature", "properties": { "fid": 12254, "PREFIXE 1": "RUE", "PREFIXE 2": "DE", "NOM_RUE": "MONTREUIL", "NUMERO TXT": "49", "NOM_SAISI": "RUE DE MONTREUIL", "NOM_NOTE": "Rue de Montreuil", "EXP_GEO": 1, "INTERP": 0, "NUMEROTATI": 1, "NUM_QUART": 29 }, "geometry": { "type": "Point", "coordinates": [ 655101.06430558860302, 6861341.330495631322265 ] } },
{ "type": "Feature", "properties": { "fid": 12255, "PREFIXE 1": "RUE", "PREFIXE 2": "DE", "NOM_RUE": "MONTREUIL", "NUMERO TXT": "51", "NOM_SAISI": "RUE DE MONTREUIL", "NOM_NOTE": "Rue de Montreuil", "EXP_GEO": 1, "INTERP": 0, "NUMEROTATI": 1, "NUM_QUART": 29 }, "geometry": { "type": "Point", "coordinates": [ 655114.644780354225077, 6861342.231837308965623 ] } },
{ "type": "Feature", "properties": { "fid": 12256, "PREFIXE 1": "RUE", "PREFIXE 2": "DE", "NOM_RUE": "MONTREUIL", "NUMERO TXT": "53", "NOM_SAISI": "RUE DE MONTREUIL", "NOM_NOTE": "Rue de Montreuil", "EXP_GEO": 1, "INTERP": 0, "NUMEROTATI": 1, "NUM_QUART": 29 }, "geometry": { "type": "Point", "coordinates": [ 655137.134953951346688, 6861342.697643763385713 ] } },
{ "type": "Feature", "properties": { "fid": 12257, "PREFIXE 1": "RUE", "PREFIXE 2": "DE", "NOM_RUE": "MONTREUIL", "NUMERO TXT": "55", "NOM_SAISI": "RUE DE MONTREUIL", "NOM_NOTE": "Rue de Montreuil", "EXP_GEO": 1, "INTERP": 0, "NUMEROTATI": 1, "NUM_QUART": 29 }, "geometry": { "type": "Point", "coordinates": [ 655155.546993323136121, 6861342.602098822593689 ] } },
{ "type": "Feature", "properties": { "fid": 12258, "PREFIXE 1": "RUE", "PREFIXE 2": "DE", "NOM_RUE": "MONTREUIL", "NUMERO TXT": "57", "NOM_SAISI": "RUE DE MONTREUIL", "NOM_NOTE": "Rue de Montreuil", "EXP_GEO": 1, "INTERP": 0, "NUMEROTATI": 1, "NUM_QUART": 29 }, "geometry": { "type": "Point", "coordinates": [ 655166.59700255934149, 6861342.74010254163295 ] } },
{ "type": "Feature", "properties": { "fid": 12259, "PREFIXE 1": "RUE", "PREFIXE 2": "DE", "NOM_RUE": "MONTREUIL", "NUMERO TXT": "59", "NOM_SAISI": "RUE DE MONTREUIL", "NOM_NOTE": "Rue de Montreuil", "EXP_GEO": 1, "INTERP": 0, "NUMEROTATI": 1, "NUM_QUART": 29 }, "geometry": { "type": "Point", "coordinates": [ 655174.346795752178878, 6861342.505853577516973 ] } },
{ "type": "Feature", "properties": { "fid": 12260, "PREFIXE 1": "RUE", "PREFIXE 2": "DE", "NOM_RUE": "MONTREUIL", "NUMERO TXT": "61", "NOM_SAISI": "RUE DE MONTREUIL", "NOM_NOTE": "Rue de Montreuil", "EXP_GEO": 1, "INTERP": 0, "NUMEROTATI": 1, "NUM_QUART": 29 }, "geometry": { "type": "Point", "coordinates": [ 655180.750760640134104, 6861343.057563985697925 ] } },
{ "type": "Feature", "properties": { "fid": 12261, "PREFIXE 1": "RUE", "PREFIXE 2": "DE", "NOM_RUE": "MONTREUIL", "NUMERO TXT": "63", "NOM_SAISI": "RUE DE MONTREUIL", "NOM_NOTE": "Rue de Montreuil", "EXP_GEO": 1, "INTERP": 0, "NUMEROTATI": 1, "NUM_QUART": 29 }, "geometry": { "type": "Point", "coordinates": [ 655187.143901444389485, 6861342.830557955428958 ] } },
{ "type": "Feature", "properties": { "fid": 12262, "PREFIXE 1": "RUE", "PREFIXE 2": "DE", "NOM_RUE": "MONTREUIL", "NUMERO TXT": "65", "NOM_SAISI": "RUE DE MONTREUIL", "NOM_NOTE": "Rue de Montreuil", "EXP_GEO": 1, "INTERP": 0, "NUMEROTATI": 1, "NUM_QUART": 29 }, "geometry": { "type": "Point", "coordinates": [ 655196.070127181825228, 6861343.564650501124561 ] } },
{ "type": "Feature", "properties": { "fid": 12263, "PREFIXE 1": "RUE", "PREFIXE 2": "DE", "NOM_RUE": "MONTREUIL", "NUMERO TXT": "67-69", "NOM_SAISI": "RUE DE MONTREUIL", "NOM_NOTE": "Rue de Montreuil", "EXP_GEO": 0, "INTERP": 0, "NUMEROTATI": 1, "NUM_QUART": 29 }, "geometry": { "type": "Point", "coordinates": [ 655210.409715950023383, 6861343.29856223706156 ] } },
{ "type": "Feature", "properties": { "fid": 12264, "PREFIXE 1": "RUE", "PREFIXE 2": "DE", "NOM_RUE": "MONTREUIL", "NUMERO TXT": "71", "NOM_SAISI": "RUE DE MONTREUIL", "NOM_NOTE": "Rue de Montreuil", "EXP_GEO": 1, "INTERP": 0, "NUMEROTATI": 1, "NUM_QUART": 29 }, "geometry": { "type": "Point", "coordinates": [ 655223.00506265705917, 6861343.041794502176344 ] } },
{ "type": "Feature", "properties": { "fid": 12265, "PREFIXE 1": "RUE", "PREFIXE 2": "DE", "NOM_RUE": "MONTREUIL", "NUMERO TXT": "73", "NOM_SAISI": "RUE DE MONTREUIL", "NOM_NOTE": "Rue de Montreuil", "EXP_GEO": 1, "INTERP": 0, "NUMEROTATI": 1, "NUM_QUART": 29 }, "geometry": { "type": "Point", "coordinates": [ 655229.409005647990853, 6861343.594628733582795 ] } },
{ "type": "Feature", "properties": { "fid": 12266, "PREFIXE 1": "RUE", "PREFIXE 2": "DE", "NOM_RUE": "MONTREUIL", "NUMERO TXT": "75", "NOM_SAISI": "RUE DE MONTREUIL", "NOM_NOTE": "Rue de Montreuil", "EXP_GEO": 1, "INTERP": 0, "NUMEROTATI": 1, "NUM_QUART": 29 }, "geometry": { "type": "Point", "coordinates": [ 655235.613795352634043, 6861343.759141869843006 ] } },
{ "type": "Feature", "properties": { "fid": 12267, "PREFIXE 1": "RUE", "PREFIXE 2": "DE", "NOM_RUE": "MONTREUIL", "NUMERO TXT": "77", "NOM_SAISI": "RUE DE MONTREUIL", "NOM_NOTE": "Rue de Montreuil", "EXP_GEO": 1, "INTERP": 0, "NUMEROTATI": 1, "NUM_QUART": 29 }, "geometry": { "type": "Point", "coordinates": [ 655241.040668136905879, 6861343.732844768092036 ] } },
{ "type": "Feature", "properties": { "fid": 12268, "PREFIXE 1": "RUE", "PREFIXE 2": "DE", "NOM_RUE": "MONTREUIL", "NUMERO TXT": "79", "NOM_SAISI": "RUE DE MONTREUIL", "NOM_NOTE": "Rue de Montreuil", "EXP_GEO": 1, "INTERP": 0, "NUMEROTATI": 1, "NUM_QUART": 29 }, "geometry": { "type": "Point", "coordinates": [ 655246.271084945765324, 6861343.512892059981823 ] } },
{ "type": "Feature", "properties": { "fid": 12271, "PREFIXE 1": "RUE", "PREFIXE 2": "DE", "NOM_RUE": "MONTREUIL", "NUMERO TXT": "58", "NOM_SAISI": "RUE DE MONTREUIL", "NOM_NOTE": "Rue de Montreuil", "EXP_GEO": 1, "INTERP": 0, "NUMEROTATI": 1, "NUM_QUART": 29 }, "geometry": { "type": "Point", "coordinates": [ 655230.566528330091387, 6861329.176836350001395 ] } },
{ "type": "Feature", "properties": { "fid": 12328, "PREFIXE 1": "RUE", "PREFIXE 2": "DU", "NOM_RUE": "FAUBOURG SAINT-ANTOINE", "NUMERO TXT": "235", "NOM_SAISI": "RUE DU FAUBOURG SAINT-ANTOINE", "NOM_NOTE": "Rue du faubourg St. Antoine", "EXP_GEO": 1, "INTERP": 0, "NUMEROTATI": 1, "NUM_QUART": 29 }, "geometry": { "type": "Point", "coordinates": [ 654771.799963657045737, 6861324.225440331734717 ] } },
{ "type": "Feature", "properties": { "fid": 12329, "PREFIXE 1": "RUE", "PREFIXE 2": "DU", "NOM_RUE": "FAUBOURG SAINT-ANTOINE", "NUMERO TXT": "237", "NOM_SAISI": "RUE DU FAUBOURG SAINT-ANTOINE", "NOM_NOTE": "Rue du faubourg St. Antoine", "EXP_GEO": 1, "INTERP": 0, "NUMEROTATI": 1, "NUM_QUART": 29 }, "geometry": { "type": "Point", "coordinates": [ 654796.443871252471581, 6861319.258479792624712 ] } },
{ "type": "Feature", "properties": { "fid": 12330, "PREFIXE 1": "RUE", "PREFIXE 2": "DU", "NOM_RUE": "FAUBOURG SAINT-ANTOINE", "NUMERO TXT": "239", "NOM_SAISI": "RUE DU FAUBOURG SAINT-ANTOINE", "NOM_NOTE": "Rue du faubourg St. Antoine", "EXP_GEO": 1, "INTERP": 0, "NUMEROTATI": 1, "NUM_QUART": 29 }, "geometry": { "type": "Point", "coordinates": [ 654810.935725612100214, 6861316.030263565480709 ] } },
{ "type": "Feature", "properties": { "fid": 12331, "PREFIXE 1": "RUE", "PREFIXE 2": "DU", "NOM_RUE": "FAUBOURG SAINT-ANTOINE", "NUMERO TXT": "241", "NOM_SAISI": "RUE DU FAUBOURG SAINT-ANTOINE", "NOM_NOTE": "Rue du faubourg St. Antoine", "EXP_GEO": 1, "INTERP": 0, "NUMEROTATI": 1, "NUM_QUART": 29 }, "geometry": { "type": "Point", "coordinates": [ 654823.564794620499015, 6861313.232495221309364 ] } },
{ "type": "Feature", "properties": { "fid": 12332, "PREFIXE 1": "RUE", "PREFIXE 2": "DU", "NOM_RUE": "FAUBOURG SAINT-ANTOINE", "NUMERO TXT": "243", "NOM_SAISI": "RUE DU FAUBOURG SAINT-ANTOINE", "NOM_NOTE": "Rue du faubourg St. Antoine", "EXP_GEO": 1, "INTERP": 0, "NUMEROTATI": 1, "NUM_QUART": 29 }, "geometry": { "type": "Point", "coordinates": [ 654833.084483045502566, 6861310.872877405025065 ] } },
{ "type": "Feature", "properties": { "fid": 12333, "PREFIXE 1": "RUE", "PREFIXE 2": "DU", "NOM_RUE": "FAUBOURG SAINT-ANTOINE", "NUMERO TXT": "245", "NOM_SAISI": "RUE DU FAUBOURG SAINT-ANTOINE", "NOM_NOTE": "Rue du faubourg St. Antoine", "EXP_GEO": 1, "INTERP": 0, "NUMEROTATI": 1, "NUM_QUART": 29 }, "geometry": { "type": "Point", "coordinates": [ 654841.568861448089592, 6861308.729029852896929 ] } },
{ "type": "Feature", "properties": { "fid": 12334, "PREFIXE 1": "RUE", "PREFIXE 2": "DU", "NOM_RUE": "FAUBOURG SAINT-ANTOINE", "NUMERO TXT": "247", "NOM_SAISI": "RUE DU FAUBOURG SAINT-ANTOINE", "NOM_NOTE": "Rue du faubourg St. Antoine", "EXP_GEO": 1, "INTERP": 0, "NUMEROTATI": 1, "NUM_QUART": 29 }, "geometry": { "type": "Point", "coordinates": [ 654851.913086889428087, 6861305.946569116786122 ] } },
{ "type": "Feature", "properties": { "fid": 12335, "PREFIXE 1": "RUE", "PREFIXE 2": "DU", "NOM_RUE": "FAUBOURG SAINT-ANTOINE", "NUMERO TXT": "249", "NOM_SAISI": "RUE DU FAUBOURG SAINT-ANTOINE", "NOM_NOTE": "Rue du faubourg St. Antoine", "EXP_GEO": 1, "INTERP": 0, "NUMEROTATI": 1, "NUM_QUART": 29 }, "geometry": { "type": "Point", "coordinates": [ 654859.777732687303796, 6861304.016003282740712 ] } },
{ "type": "Feature", "properties": { "fid": 12336, "PREFIXE 1": "RUE", "PREFIXE 2": "DU", "NOM_RUE": "FAUBOURG SAINT-ANTOINE", "NUMERO TXT": "251", "NOM_SAISI": "RUE DU FAUBOURG SAINT-ANTOINE", "NOM_NOTE": "Rue du faubourg St. Antoine", "EXP_GEO": 1, "INTERP": 0, "NUMEROTATI": 1, "NUM_QUART": 29 }, "geometry": { "type": "Point", "coordinates": [ 654867.22693179815542, 6861302.088162448257208 ] } },
{ "type": "Feature", "properties": { "fid": 12337, "PREFIXE 1": "RUE", "PREFIXE 2": "DU", "NOM_RUE": "FAUBOURG SAINT-ANTOINE", "NUMERO TXT": "253", "NOM_SAISI": "RUE DU FAUBOURG SAINT-ANTOINE", "NOM_NOTE": "Rue du faubourg St. Antoine", "EXP_GEO": 1, "INTERP": 0, "NUMEROTATI": 1, "NUM_QUART": 29 }, "geometry": { "type": "Point", "coordinates": [ 654873.858557165134698, 6861301.001796965487301 ] } },
{ "type": "Feature", "properties": { "fid": 12338, "PREFIXE 1": "RUE", "PREFIXE 2": "DU", "NOM_RUE": "FAUBOURG SAINT-ANTOINE", "NUMERO TXT": "255", "NOM_SAISI": "RUE DU FAUBOURG SAINT-ANTOINE", "NOM_NOTE": "Rue du faubourg St. Antoine", "EXP_GEO": 1, "INTERP": 0, "NUMEROTATI": 1, "NUM_QUART": 29 }, "geometry": { "type": "Point", "coordinates": [ 654883.164360487600788, 6861298.226482421159744 ] } },
{ "type": "Feature", "properties": { "fid": 12339, "PREFIXE 1": "RUE", "PREFIXE 2": "DU", "NOM_RUE": "FAUBOURG SAINT-ANTOINE", "NUMERO TXT": "257-259", "NOM_SAISI": "RUE DU FAUBOURG SAINT-ANTOINE", "NOM_NOTE": "Rue du faubourg St. Antoine", "EXP_GEO": 0, "INTERP": 0, "NUMEROTATI": 1, "NUM_QUART": 29 }, "geometry": { "type": "Point", "coordinates": [ 654891.233719968819059, 6861296.086163636296988 ] } },
{ "type": "Feature", "properties": { "fid": 12340, "PREFIXE 1": "RUE", "PREFIXE 2": "DU", "NOM_RUE": "FAUBOURG SAINT-ANTOINE", "NUMERO TXT": "261", "NOM_SAISI": "RUE DU FAUBOURG SAINT-ANTOINE", "NOM_NOTE": "Rue du faubourg St. Antoine", "EXP_GEO": 1, "INTERP": 0, "NUMEROTATI": 1, "NUM_QUART": 29 }, "geometry": { "type": "Point", "coordinates": [ 654900.968681683880277, 6861294.14499506354332 ] } },
{ "type": "Feature", "properties": { "fid": 12341, "PREFIXE 1": "RUE", "PREFIXE 2": "DU", "NOM_RUE": "FAUBOURG SAINT-ANTOINE", "NUMERO TXT": "263", "NOM_SAISI": "RUE DU FAUBOURG SAINT-ANTOINE", "NOM_NOTE": "Rue du faubourg St. Antoine", "EXP_GEO": 1, "INTERP": 0, "NUMEROTATI": 1, "NUM_QUART": 29 }, "geometry": { "type": "Point", "coordinates": [ 654908.63609949615784, 6861292.843932458199561 ] } },
{ "type": "Feature", "properties": { "fid": 12342, "PREFIXE 1": "RUE", "PREFIXE 2": "DU", "NOM_RUE": "FAUBOURG SAINT-ANTOINE", "NUMERO TXT": "265", "NOM_SAISI": "RUE DU FAUBOURG SAINT-ANTOINE", "NOM_NOTE": "Rue du faubourg St. Antoine", "EXP_GEO": 1, "INTERP": 0, "NUMEROTATI": 1, "NUM_QUART": 29 }, "geometry": { "type": "Point", "coordinates": [ 654916.293523410568014, 6861290.915739668533206 ] } },
{ "type": "Feature", "properties": { "fid": 12343, "PREFIXE 1": "RUE", "PREFIXE 2": "DU", "NOM_RUE": "FAUBOURG SAINT-ANTOINE", "NUMERO TXT": "267", "NOM_SAISI": "RUE DU FAUBOURG SAINT-ANTOINE", "NOM_NOTE": "Rue du faubourg St. Antoine", "EXP_GEO": 1, "INTERP": 0, "NUMEROTATI": 1, "NUM_QUART": 29 }, "geometry": { "type": "Point", "coordinates": [ 654925.194324397714809, 6861288.771122346632183 ] } },
{ "type": "Feature", "properties": { "fid": 12344, "PREFIXE 1": "RUE", "PREFIXE 2": "DU", "NOM_RUE": "FAUBOURG SAINT-ANTOINE", "NUMERO TXT": "269", "NOM_SAISI": "RUE DU FAUBOURG SAINT-ANTOINE", "NOM_NOTE": "Rue du faubourg St. Antoine", "EXP_GEO": 1, "INTERP": 0, "NUMEROTATI": 1, "NUM_QUART": 29 }, "geometry": { "type": "Point", "coordinates": [ 654938.652958764694631, 6861285.763088724575937 ] } },
{ "type": "Feature", "properties": { "fid": 12345, "PREFIXE 1": "RUE", "PREFIXE 2": "DU", "NOM_RUE": "FAUBOURG SAINT-ANTOINE", "NUMERO TXT": "271", "NOM_SAISI": "RUE DU FAUBOURG SAINT-ANTOINE", "NOM_NOTE": "Rue du faubourg St. Antoine", "EXP_GEO": 1, "INTERP": 0, "NUMEROTATI": 1, "NUM_QUART": 29 }, "geometry": { "type": "Point", "coordinates": [ 654950.212338069686666, 6861283.415907557122409 ] } },
{ "type": "Feature", "properties": { "fid": 12346, "PREFIXE 1": "RUE", "PREFIXE 2": "DU", "NOM_RUE": "FAUBOURG SAINT-ANTOINE", "NUMERO TXT": "273", "NOM_SAISI": "RUE DU FAUBOURG SAINT-ANTOINE", "NOM_NOTE": "Rue du faubourg St. Antoine", "EXP_GEO": 1, "INTERP": 0, "NUMEROTATI": 1, "NUM_QUART": 29 }, "geometry": { "type": "Point", "coordinates": [ 654963.73454058682546, 6861280.409756530076265 ] } },
{ "type": "Feature", "properties": { "fid": 12347, "PREFIXE 1": "RUE", "PREFIXE 2": "DU", "NOM_RUE": "FAUBOURG SAINT-ANTOINE", "NUMERO TXT": "275", "NOM_SAISI": "RUE DU FAUBOURG SAINT-ANTOINE", "NOM_NOTE": "Rue du faubourg St. Antoine", "EXP_GEO": 1, "INTERP": 0, "NUMEROTATI": 1, "NUM_QUART": 29 }, "geometry": { "type": "Point", "coordinates": [ 654975.903151200967841, 6861277.60707048047334 ] } },
{ "type": "Feature", "properties": { "fid": 12348, "PREFIXE 1": "RUE", "PREFIXE 2": "DU", "NOM_RUE": "FAUBOURG SAINT-ANTOINE", "NUMERO TXT": "277", "NOM_SAISI": "RUE DU FAUBOURG SAINT-ANTOINE", "NOM_NOTE": "Rue du faubourg St. Antoine", "EXP_GEO": 1, "INTERP": 0, "NUMEROTATI": 1, "NUM_QUART": 29 }, "geometry": { "type": "Point", "coordinates": [ 654989.807224667398259, 6861274.209310481324792 ] } },
{ "type": "Feature", "properties": { "fid": 12349, "PREFIXE 1": "RUE", "PREFIXE 2": "DU", "NOM_RUE": "FAUBOURG SAINT-ANTOINE", "NUMERO TXT": "279", "NOM_SAISI": "RUE DU FAUBOURG SAINT-ANTOINE", "NOM_NOTE": "Rue du faubourg St. Antoine", "EXP_GEO": 1, "INTERP": 0, "NUMEROTATI": 1, "NUM_QUART": 29 }, "geometry": { "type": "Point", "coordinates": [ 655003.333231778466143, 6861271.399757551960647 ] } },
{ "type": "Feature", "properties": { "fid": 12350, "PREFIXE 1": "RUE", "PREFIXE 2": "DU", "NOM_RUE": "FAUBOURG SAINT-ANTOINE", "NUMERO TXT": "281", "NOM_SAISI": "RUE DU FAUBOURG SAINT-ANTOINE", "NOM_NOTE": "Rue du faubourg St. Antoine", "EXP_GEO": 1, "INTERP": 0, "NUMEROTATI": 1, "NUM_QUART": 29 }, "geometry": { "type": "Point", "coordinates": [ 655015.708845134824514, 6861269.378014742396772 ] } },
{ "type": "Feature", "properties": { "fid": 12351, "PREFIXE 1": "RUE", "PREFIXE 2": "DU", "NOM_RUE": "FAUBOURG SAINT-ANTOINE", "NUMERO TXT": "283", "NOM_SAISI": "RUE DU FAUBOURG SAINT-ANTOINE", "NOM_NOTE": "Rue du faubourg St. Antoine", "EXP_GEO": 1, "INTERP": 0, "NUMEROTATI": 1, "NUM_QUART": 29 }, "geometry": { "type": "Point", "coordinates": [ 655028.265974082401954, 6861266.574893534183502 ] } },
{ "type": "Feature", "properties": { "fid": 12352, "PREFIXE 1": "RUE", "PREFIXE 2": "DU", "NOM_RUE": "FAUBOURG SAINT-ANTOINE", "NUMERO TXT": "285", "NOM_SAISI": "RUE DU FAUBOURG SAINT-ANTOINE", "NOM_NOTE": "Rue du faubourg St. Antoine", "EXP_GEO": 1, "INTERP": 0, "NUMEROTATI": 1, "NUM_QUART": 29 }, "geometry": { "type": "Point", "coordinates": [ 655045.648027349729091, 6861262.378989517688751 ] } },
{ "type": "Feature", "properties": { "fid": 12353, "PREFIXE 1": "RUE", "PREFIXE 2": "DU", "NOM_RUE": "FAUBOURG SAINT-ANTOINE", "NUMERO TXT": "287", "NOM_SAISI": "RUE DU FAUBOURG SAINT-ANTOINE", "NOM_NOTE": "Rue du faubourg St. Antoine", "EXP_GEO": 1, "INTERP": 0, "NUMEROTATI": 1, "NUM_QUART": 29 }, "geometry": { "type": "Point", "coordinates": [ 655069.01855228736531, 6861256.784567573107779 ] } },
{ "type": "Feature", "properties": { "fid": 12354, "PREFIXE 1": "RUE", "PREFIXE 2": "DU", "NOM_RUE": "FAUBOURG SAINT-ANTOINE", "NUMERO TXT": "289", "NOM_SAISI": "RUE DU FAUBOURG SAINT-ANTOINE", "NOM_NOTE": "Rue du faubourg St. Antoine", "EXP_GEO": 1, "INTERP": 0, "NUMEROTATI": 1, "NUM_QUART": 29 }, "geometry": { "type": "Point", "coordinates": [ 655086.398338041966781, 6861252.395147001370788 ] } },
{ "type": "Feature", "properties": { "fid": 12355, "PREFIXE 1": "RUE", "PREFIXE 2": "DU", "NOM_RUE": "FAUBOURG SAINT-ANTOINE", "NUMERO TXT": "291", "NOM_SAISI": "RUE DU FAUBOURG SAINT-ANTOINE", "NOM_NOTE": "Rue du faubourg St. Antoine", "EXP_GEO": 1, "INTERP": 0, "NUMEROTATI": 1, "NUM_QUART": 29 }, "geometry": { "type": "Point", "coordinates": [ 655102.039830581168644, 6861248.406210827641189 ] } },
{ "type": "Feature", "properties": { "fid": 12356, "PREFIXE 1": "RUE", "PREFIXE 2": "DU", "NOM_RUE": "FAUBOURG SAINT-ANTOINE", "NUMERO TXT": "293", "NOM_SAISI": "RUE DU FAUBOURG SAINT-ANTOINE", "NOM_NOTE": "Rue du faubourg St. Antoine", "EXP_GEO": 1, "INTERP": 0, "NUMEROTATI": 1, "NUM_QUART": 29 }, "geometry": { "type": "Point", "coordinates": [ 655115.564595527714118, 6861245.405519930645823 ] } },
{ "type": "Feature", "properties": { "fid": 12357, "PREFIXE 1": "RUE", "PREFIXE 2": "DU", "NOM_RUE": "FAUBOURG SAINT-ANTOINE", "NUMERO TXT": "295", "NOM_SAISI": "RUE DU FAUBOURG SAINT-ANTOINE", "NOM_NOTE": "Rue du faubourg St. Antoine", "EXP_GEO": 1, "INTERP": 0, "NUMEROTATI": 1, "NUM_QUART": 29 }, "geometry": { "type": "Point", "coordinates": [ 655129.862003242131323, 6861242.2059954283759 ] } },
{ "type": "Feature", "properties": { "fid": 12358, "PREFIXE 1": "RUE", "PREFIXE 2": "DU", "NOM_RUE": "FAUBOURG SAINT-ANTOINE", "NUMERO TXT": "297", "NOM_SAISI": "RUE DU FAUBOURG SAINT-ANTOINE", "NOM_NOTE": "Rue du faubourg St. Antoine", "EXP_GEO": 1, "INTERP": 0, "NUMEROTATI": 1, "NUM_QUART": 29 }, "geometry": { "type": "Point", "coordinates": [ 655162.501100713969208, 6861234.029796318151057 ] } },
{ "type": "Feature", "properties": { "fid": 12359, "PREFIXE 1": "RUE", "PREFIXE 2": "DU", "NOM_RUE": "FAUBOURG SAINT-ANTOINE", "NUMERO TXT": "299", "NOM_SAISI": "RUE DU FAUBOURG SAINT-ANTOINE", "NOM_NOTE": "Rue du faubourg St. Antoine", "EXP_GEO": 1, "INTERP": 0, "NUMEROTATI": 1, "NUM_QUART": 29 }, "geometry": { "type": "Point", "coordinates": [ 655180.276991654536687, 6861230.033118925988674 ] } },
{ "type": "Feature", "properties": { "fid": 12360, "PREFIXE 1": "RUE", "PREFIXE 2": "DU", "NOM_RUE": "FAUBOURG SAINT-ANTOINE", "NUMERO TXT": "301", "NOM_SAISI": "RUE DU FAUBOURG SAINT-ANTOINE", "NOM_NOTE": "Rue du faubourg St. Antoine", "EXP_GEO": 1, "INTERP": 0, "NUMEROTATI": 1, "NUM_QUART": 29 }, "geometry": { "type": "Point", "coordinates": [ 655191.879770579049364, 6861228.021747255697846 ] } },
{ "type": "Feature", "properties": { "fid": 12361, "PREFIXE 1": "RUE", "PREFIXE 2": "DU", "NOM_RUE": "FAUBOURG SAINT-ANTOINE", "NUMERO TXT": "303", "NOM_SAISI": "RUE DU FAUBOURG SAINT-ANTOINE", "NOM_NOTE": "Rue du faubourg St. Antoine", "EXP_GEO": 1, "INTERP": 0, "NUMEROTATI": 1, "NUM_QUART": 29 }, "geometry": { "type": "Point", "coordinates": [ 655203.082291389815509, 6861225.231041993945837 ] } },
{ "type": "Feature", "properties": { "fid": 12362, "PREFIXE 1": "RUE", "PREFIXE 2": "DU", "NOM_RUE": "FAUBOURG SAINT-ANTOINE", "NUMERO TXT": "305", "NOM_SAISI": "RUE DU FAUBOURG SAINT-ANTOINE", "NOM_NOTE": "Rue du faubourg St. Antoine", "EXP_GEO": 1, "INTERP": 0, "NUMEROTATI": 1, "NUM_QUART": 29 }, "geometry": { "type": "Point", "coordinates": [ 655211.770418140105903, 6861222.843662308529019 ] } },
{ "type": "Feature", "properties": { "fid": 12363, "PREFIXE 1": "RUE", "PREFIXE 2": "DU", "NOM_RUE": "FAUBOURG SAINT-ANTOINE", "NUMERO TXT": "307", "NOM_SAISI": "RUE DU FAUBOURG SAINT-ANTOINE", "NOM_NOTE": "Rue du faubourg St. Antoine", "EXP_GEO": 1, "INTERP": 0, "NUMEROTATI": 1, "NUM_QUART": 29 }, "geometry": { "type": "Point", "coordinates": [ 655217.568863424938172, 6861221.643029599450529 ] } },
{ "type": "Feature", "properties": { "fid": 12364, "PREFIXE 1": "RUE", "PREFIXE 2": "DU", "NOM_RUE": "FAUBOURG SAINT-ANTOINE", "NUMERO TXT": "309", "NOM_SAISI": "RUE DU FAUBOURG SAINT-ANTOINE", "NOM_NOTE": "Rue du faubourg St. Antoine", "EXP_GEO": 1, "INTERP": 0, "NUMEROTATI": 1, "NUM_QUART": 29 }, "geometry": { "type": "Point", "coordinates": [ 655223.936470193206333, 6861219.657941740006208 ] } },
{ "type": "Feature", "properties": { "fid": 12365, "PREFIXE 1": "RUE", "PREFIXE 2": "DU", "NOM_RUE": "FAUBOURG SAINT-ANTOINE", "NUMERO TXT": "311", "NOM_SAISI": "RUE DU FAUBOURG SAINT-ANTOINE", "NOM_NOTE": "Rue du faubourg St. Antoine", "EXP_GEO": 1, "INTERP": 0, "NUMEROTATI": 1, "NUM_QUART": 29 }, "geometry": { "type": "Point", "coordinates": [ 655230.704587658517994, 6861218.452875582501292 ] } },
{ "type": "Feature", "properties": { "fid": 12366, "PREFIXE 1": "RUE", "PREFIXE 2": "DU", "NOM_RUE": "FAUBOURG SAINT-ANTOINE", "NUMERO TXT": "313", "NOM_SAISI": "RUE DU FAUBOURG SAINT-ANTOINE", "NOM_NOTE": "Rue du faubourg St. Antoine", "EXP_GEO": 1, "INTERP": 0, "NUMEROTATI": 1, "NUM_QUART": 29 }, "geometry": { "type": "Point", "coordinates": [ 655240.372072200523689, 6861216.647834377363324 ] } },
{ "type": "Feature", "properties": { "fid": 12367, "PREFIXE 1": "RUE", "PREFIXE 2": "DU", "NOM_RUE": "FAUBOURG SAINT-ANTOINE", "NUMERO TXT": "315", "NOM_SAISI": "RUE DU FAUBOURG SAINT-ANTOINE", "NOM_NOTE": "Rue du faubourg St. Antoine", "EXP_GEO": 1, "INTERP": 0, "NUMEROTATI": 1, "NUM_QUART": 29 }, "geometry": { "type": "Point", "coordinates": [ 655249.057437638984993, 6861214.065740808844566 ] } },
{ "type": "Feature", "properties": { "fid": 12368, "PREFIXE 1": "RUE", "PREFIXE 2": "DU", "NOM_RUE": "FAUBOURG SAINT-ANTOINE", "NUMERO TXT": "317", "NOM_SAISI": "RUE DU FAUBOURG SAINT-ANTOINE", "NOM_NOTE": "Rue du faubourg St. Antoine", "EXP_GEO": 1, "INTERP": 0, "NUMEROTATI": 1, "NUM_QUART": 29 }, "geometry": { "type": "Point", "coordinates": [ 655261.230367280892096, 6861211.27207606099546 ] } },
{ "type": "Feature", "properties": { "fid": 12369, "PREFIXE 1": "RUE", "PREFIXE 2": "DU", "NOM_RUE": "FAUBOURG SAINT-ANTOINE", "NUMERO TXT": "319", "NOM_SAISI": "RUE DU FAUBOURG SAINT-ANTOINE", "NOM_NOTE": "Rue du faubourg St. Antoine", "EXP_GEO": 1, "INTERP": 0, "NUMEROTATI": 1, "NUM_QUART": 29 }, "geometry": { "type": "Point", "coordinates": [ 655272.824858609470539, 6861208.676969612017274 ] } },
{ "type": "Feature", "properties": { "fid": 12370, "PREFIXE 1": "RUE", "PREFIXE 2": "DU", "NOM_RUE": "FAUBOURG SAINT-ANTOINE", "NUMERO TXT": "321", "NOM_SAISI": "RUE DU FAUBOURG SAINT-ANTOINE", "NOM_NOTE": "Rue du faubourg St. Antoine", "EXP_GEO": 1, "INTERP": 0, "NUMEROTATI": 1, "NUM_QUART": 29 }, "geometry": { "type": "Point", "coordinates": [ 655286.164894264540635, 6861206.074294873513281 ] } },
{ "type": "Feature", "properties": { "fid": 12371, "PREFIXE 1": "RUE", "PREFIXE 2": "DU", "NOM_RUE": "FAUBOURG SAINT-ANTOINE", "NUMERO TXT": "323", "NOM_SAISI": "RUE DU FAUBOURG SAINT-ANTOINE", "NOM_NOTE": "Rue du faubourg St. Antoine", "EXP_GEO": 1, "INTERP": 0, "NUMEROTATI": 1, "NUM_QUART": 29 }, "geometry": { "type": "Point", "coordinates": [ 655299.492509120376781, 6861202.690038128755987 ] } },
{ "type": "Feature", "properties": { "fid": 12372, "PREFIXE 1": "RUE", "PREFIXE 2": "DU", "NOM_RUE": "FAUBOURG SAINT-ANTOINE", "NUMERO TXT": "325", "NOM_SAISI": "RUE DU FAUBOURG SAINT-ANTOINE", "NOM_NOTE": "Rue du faubourg St. Antoine", "EXP_GEO": 1, "INTERP": 0, "NUMEROTATI": 1, "NUM_QUART": 29 }, "geometry": { "type": "Point", "coordinates": [ 655314.759722226532176, 6861199.297599652782083 ] } },
{ "type": "Feature", "properties": { "fid": 12373, "PREFIXE 1": "RUE", "PREFIXE 2": "DU", "NOM_RUE": "FAUBOURG SAINT-ANTOINE", "NUMERO TXT": "327", "NOM_SAISI": "RUE DU FAUBOURG SAINT-ANTOINE", "NOM_NOTE": "Rue du faubourg St. Antoine", "EXP_GEO": 1, "INTERP": 0, "NUMEROTATI": 1, "NUM_QUART": 29 }, "geometry": { "type": "Point", "coordinates": [ 655333.321084499242716, 6861195.695850846357644 ] } },
{ "type": "Feature", "properties": { "fid": 12386, "PREFIXE 1": "RUE", "PREFIXE 2": "DE", "NOM_RUE": "CHARONNE", "NUMERO TXT": "1", "NOM_SAISI": "RUE DE CHARONNE", "NOM_NOTE": "Rue de Charonne", "EXP_GEO": 1, "INTERP": 0, "NUMEROTATI": 1, "NUM_QUART": 29 }, "geometry": { "type": "Point", "coordinates": [ 654052.17890900245402, 6861518.373138985596597 ] } },
{ "type": "Feature", "properties": { "fid": 12387, "PREFIXE 1": "RUE", "PREFIXE 2": "DE", "NOM_RUE": "CHARONNE", "NUMERO TXT": "3", "NOM_SAISI": "RUE DE CHARONNE", "NOM_NOTE": "Rue de Charonne", "EXP_GEO": 1, "INTERP": 0, "NUMEROTATI": 1, "NUM_QUART": 29 }, "geometry": { "type": "Point", "coordinates": [ 654056.578671762603335, 6861527.638754721730947 ] } },
{ "type": "Feature", "properties": { "fid": 12388, "PREFIXE 1": "RUE", "PREFIXE 2": "DE", "NOM_RUE": "CHARONNE", "NUMERO TXT": "5", "NOM_SAISI": "RUE DE CHARONNE", "NOM_NOTE": "Rue de Charonne", "EXP_GEO": 1, "INTERP": 0, "NUMEROTATI": 1, "NUM_QUART": 29 }, "geometry": { "type": "Point", "coordinates": [ 654060.979207085096277, 6861537.095471455715597 ] } },
{ "type": "Feature", "properties": { "fid": 12389, "PREFIXE 1": "RUE", "PREFIXE 2": "DE", "NOM_RUE": "CHARONNE", "NUMERO TXT": "7", "NOM_SAISI": "RUE DE CHARONNE", "NOM_NOTE": "Rue de Charonne", "EXP_GEO": 1, "INTERP": 0, "NUMEROTATI": 1, "NUM_QUART": 29 }, "geometry": { "type": "Point", "coordinates": [ 654067.731464909040369, 6861548.658422601409256 ] } },
{ "type": "Feature", "properties": { "fid": 12390, "PREFIXE 1": "RUE", "PREFIXE 2": "DE", "NOM_RUE": "CHARONNE", "NUMERO TXT": "9", "NOM_SAISI": "RUE DE CHARONNE", "NOM_NOTE": "Rue de Charonne", "EXP_GEO": 1, "INTERP": 0, "NUMEROTATI": 1, "NUM_QUART": 29 }, "geometry": { "type": "Point", "coordinates": [ 654075.696895030792803, 6861564.078924901783466 ] } },
{ "type": "Feature", "properties": { "fid": 12391, "PREFIXE 1": "RUE", "PREFIXE 2": "DE", "NOM_RUE": "CHARONNE", "NUMERO TXT": "11", "NOM_SAISI": "RUE DE CHARONNE", "NOM_NOTE": "Rue de Charonne", "EXP_GEO": 1, "INTERP": 0, "NUMEROTATI": 1, "NUM_QUART": 29 }, "geometry": { "type": "Point", "coordinates": [ 654079.693694218061864, 6861572.947804374620318 ] } },
{ "type": "Feature", "properties": { "fid": 12392, "PREFIXE 1": "RUE", "PREFIXE 2": "DE", "NOM_RUE": "CHARONNE", "NUMERO TXT": "13", "NOM_SAISI": "RUE DE CHARONNE", "NOM_NOTE": "Rue de Charonne", "EXP_GEO": 1, "INTERP": 0, "NUMEROTATI": 1, "NUM_QUART": 29 }, "geometry": { "type": "Point", "coordinates": [ 654086.464765890268609, 6861586.626188063062727 ] } },
{ "type": "Feature", "properties": { "fid": 12393, "PREFIXE 1": "RUE", "PREFIXE 2": "DE", "NOM_RUE": "CHARONNE", "NUMERO TXT": "15", "NOM_SAISI": "RUE DE CHARONNE", "NOM_NOTE": "Rue de Charonne", "EXP_GEO": 1, "INTERP": 0, "NUMEROTATI": 1, "NUM_QUART": 29 }, "geometry": { "type": "Point", "coordinates": [ 654091.638754743617028, 6861597.025280487723649 ] } },
{ "type": "Feature", "properties": { "fid": 12394, "PREFIXE 1": "RUE", "PREFIXE 2": "DE", "NOM_RUE": "CHARONNE", "NUMERO TXT": "2", "NOM_SAISI": "RUE DE CHARONNE", "NOM_NOTE": "Rue de Charonne", "EXP_GEO": 1, "INTERP": 0, "NUMEROTATI": 1, "NUM_QUART": 29 }, "geometry": { "type": "Point", "coordinates": [ 654069.817446820205078, 6861506.957286518998444 ] } },
{ "type": "Feature", "properties": { "fid": 12395, "PREFIXE 1": "RUE", "PREFIXE 2": "DE", "NOM_RUE": "CHARONNE", "NUMERO TXT": "4", "NOM_SAISI": "RUE DE CHARONNE", "NOM_NOTE": "Rue de Charonne", "EXP_GEO": 1, "INTERP": 0, "NUMEROTATI": 1, "NUM_QUART": 29 }, "geometry": { "type": "Point", "coordinates": [ 654074.01351975183934, 6861515.452501981519163 ] } },
{ "type": "Feature", "properties": { "fid": 12396, "PREFIXE 1": "RUE", "PREFIXE 2": "DE", "NOM_RUE": "CHARONNE", "NUMERO TXT": "6-8", "NOM_SAISI": "RUE DE CHARONNE", "NOM_NOTE": "Rue de Charonne", "EXP_GEO": 0, "INTERP": 0, "NUMEROTATI": 1, "NUM_QUART": 29 }, "geometry": { "type": "Point", "coordinates": [ 654081.230224136030301, 6861531.865605576895177 ] } },
{ "type": "Feature", "properties": { "fid": 12397, "PREFIXE 1": "RUE", "PREFIXE 2": "DE", "NOM_RUE": "CHARONNE", "NUMERO TXT": "10", "NOM_SAISI": "RUE DE CHARONNE", "NOM_NOTE": "Rue de Charonne", "EXP_GEO": 1, "INTERP": 0, "NUMEROTATI": 1, "NUM_QUART": 29 }, "geometry": { "type": "Point", "coordinates": [ 654086.807319233659655, 6861542.472834968008101 ] } },
{ "type": "Feature", "properties": { "fid": 12398, "PREFIXE 1": "RUE", "PREFIXE 2": "DE", "NOM_RUE": "CHARONNE", "NUMERO TXT": "12", "NOM_SAISI": "RUE DE CHARONNE", "NOM_NOTE": "Rue de Charonne", "EXP_GEO": 1, "INTERP": 0, "NUMEROTATI": 1, "NUM_QUART": 29 }, "geometry": { "type": "Point", "coordinates": [ 654094.19851899065543, 6861558.289296885021031 ] } },
{ "type": "Feature", "properties": { "fid": 12399, "PREFIXE 1": "RUE", "PREFIXE 2": "DE", "NOM_RUE": "CHARONNE", "NUMERO TXT": "14", "NOM_SAISI": "RUE DE CHARONNE", "NOM_NOTE": "Rue de Charonne", "EXP_GEO": 1, "INTERP": 0, "NUMEROTATI": 1, "NUM_QUART": 29 }, "geometry": { "type": "Point", "coordinates": [ 654103.180295975063927, 6861577.567273100838065 ] } },
{ "type": "Feature", "properties": { "fid": 12400, "PREFIXE 1": "RUE", "PREFIXE 2": "DE", "NOM_RUE": "CHARONNE", "NUMERO TXT": "16", "NOM_SAISI": "RUE DE CHARONNE", "NOM_NOTE": "Rue de Charonne", "EXP_GEO": 1, "INTERP": 0, "NUMEROTATI": 1, "NUM_QUART": 29 }, "geometry": { "type": "Point", "coordinates": [ 654108.368833719403483, 6861588.936800131574273 ] } },
{ "type": "Feature", "properties": { "fid": 12401, "PREFIXE 1": "RUE", "PREFIXE 2": "DE", "NOM_RUE": "CHARONNE", "NUMERO TXT": "18", "NOM_SAISI": "RUE DE CHARONNE", "NOM_NOTE": "Rue de Charonne", "EXP_GEO": 1, "INTERP": 0, "NUMEROTATI": 1, "NUM_QUART": 29 }, "geometry": { "type": "Point", "coordinates": [ 654114.748815192375332, 6861602.805486384779215 ] } },
{ "type": "Feature", "properties": { "fid": 12402, "PREFIXE 1": "RUE", "PREFIXE 2": "DE", "NOM_RUE": "CHARONNE", "NUMERO TXT": "20", "NOM_SAISI": "RUE DE CHARONNE", "NOM_NOTE": "Rue de Charonne", "EXP_GEO": 1, "INTERP": 0, "NUMEROTATI": 1, "NUM_QUART": 29 }, "geometry": { "type": "Point", "coordinates": [ 654124.230353528051637, 6861617.412539636716247 ] } },
{ "type": "Feature", "properties": { "fid": 12403, "PREFIXE 1": "RUE", "PREFIXE 2": "DE", "NOM_RUE": "CHARONNE", "NUMERO TXT": "22", "NOM_SAISI": "RUE DE CHARONNE", "NOM_NOTE": "Rue de Charonne", "EXP_GEO": 1, "INTERP": 0, "NUMEROTATI": 1, "NUM_QUART": 29 }, "geometry": { "type": "Point", "coordinates": [ 654136.369046193547547, 6861628.316909942775965 ] } },
{ "type": "Feature", "properties": { "fid": 12404, "PREFIXE 1": "RUE", "PREFIXE 2": "DE", "NOM_RUE": "CHARONNE", "NUMERO TXT": "24", "NOM_SAISI": "RUE DE CHARONNE", "NOM_NOTE": "Rue de Charonne", "EXP_GEO": 1, "INTERP": 0, "NUMEROTATI": 1, "NUM_QUART": 29 }, "geometry": { "type": "Point", "coordinates": [ 654150.606332045746967, 6861637.073477685451508 ] } },
{ "type": "Feature", "properties": { "fid": 12405, "PREFIXE 1": "RUE", "PREFIXE 2": "DE", "NOM_RUE": "CHARONNE", "NUMERO TXT": "26", "NOM_SAISI": "RUE DE CHARONNE", "NOM_NOTE": "Rue de Charonne", "EXP_GEO": 1, "INTERP": 0, "NUMEROTATI": 1, "NUM_QUART": 29 }, "geometry": { "type": "Point", "coordinates": [ 654163.257658110698685, 6861642.945530514232814 ] } },
{ "type": "Feature", "properties": { "fid": 12406, "PREFIXE 1": "RUE", "PREFIXE 2": "DE", "NOM_RUE": "CHARONNE", "NUMERO TXT": "28", "NOM_SAISI": "RUE DE CHARONNE", "NOM_NOTE": "Rue de Charonne", "EXP_GEO": 1, "INTERP": 0, "NUMEROTATI": 1, "NUM_QUART": 29 }, "geometry": { "type": "Point", "coordinates": [ 654173.932967890519649, 6861645.551908958703279 ] } },
{ "type": "Feature", "properties": { "fid": 12407, "PREFIXE 1": "RUE", "PREFIXE 2": "DE", "NOM_RUE": "CHARONNE", "NUMERO TXT": "30", "NOM_SAISI": "RUE DE CHARONNE", "NOM_NOTE": "Rue de Charonne", "EXP_GEO": 0, "INTERP": 0, "NUMEROTATI": 1, "NUM_QUART": 29 }, "geometry": { "type": "Point", "coordinates": [ 654180.905858817393892, 6861646.067786660045385 ] } },
{ "type": "Feature", "properties": { "fid": 12408, "PREFIXE 1": "RUE", "PREFIXE 2": "DE", "NOM_RUE": "CHARONNE", "NUMERO TXT": "30", "NOM_SAISI": "RUE DE CHARONNE", "NOM_NOTE": "Rue de Charonne", "EXP_GEO": 0, "INTERP": 0, "NUMEROTATI": 1, "NUM_QUART": 29 }, "geometry": { "type": "Point", "coordinates": [ 654189.230873949360102, 6861646.378450877964497 ] } },
{ "type": "Feature", "properties": { "fid": 12409, "PREFIXE 1": "RUE", "PREFIXE 2": "DE", "NOM_RUE": "CHARONNE", "NUMERO TXT": "32", "NOM_SAISI": "RUE DE CHARONNE", "NOM_NOTE": "Rue de Charonne", "EXP_GEO": 1, "INTERP": 0, "NUMEROTATI": 1, "NUM_QUART": 29 }, "geometry": { "type": "Point", "coordinates": [ 654197.698460262850858, 6861646.219563054852188 ] } },
{ "type": "Feature", "properties": { "fid": 12410, "PREFIXE 1": "RUE", "PREFIXE 2": "DE", "NOM_RUE": "CHARONNE", "NUMERO TXT": "34", "NOM_SAISI": "RUE DE CHARONNE", "NOM_NOTE": "Rue de Charonne", "EXP_GEO": 1, "INTERP": 0, "NUMEROTATI": 1, "NUM_QUART": 29 }, "geometry": { "type": "Point", "coordinates": [ 654214.056796339107677, 6861643.795202146284282 ] } },
{ "type": "Feature", "properties": { "fid": 12411, "PREFIXE 1": "RUE", "PREFIXE 2": "DE", "NOM_RUE": "CHARONNE", "NUMERO TXT": "36", "NOM_SAISI": "RUE DE CHARONNE", "NOM_NOTE": "Rue de Charonne", "EXP_GEO": 1, "INTERP": 0, "NUMEROTATI": 1, "NUM_QUART": 29 }, "geometry": { "type": "Point", "coordinates": [ 654228.143764809356071, 6861642.220102919265628 ] } },
{ "type": "Feature", "properties": { "fid": 12412, "PREFIXE 1": "RUE", "PREFIXE 2": "DE", "NOM_RUE": "CHARONNE", "NUMERO TXT": "38", "NOM_SAISI": "RUE DE CHARONNE", "NOM_NOTE": "Rue de Charonne", "EXP_GEO": 1, "INTERP": 0, "NUMEROTATI": 1, "NUM_QUART": 29 }, "geometry": { "type": "Point", "coordinates": [ 654251.992044911719859, 6861641.594564189203084 ] } },
{ "type": "Feature", "properties": { "fid": 12413, "PREFIXE 1": "RUE", "PREFIXE 2": "DE", "NOM_RUE": "CHARONNE", "NUMERO TXT": "40", "NOM_SAISI": "RUE DE CHARONNE", "NOM_NOTE": "Rue de Charonne", "EXP_GEO": 1, "INTERP": 0, "NUMEROTATI": 1, "NUM_QUART": 29 }, "geometry": { "type": "Point", "coordinates": [ 654294.50390801334288, 6861640.394809049554169 ] } },
{ "type": "Feature", "properties": { "fid": 12414, "PREFIXE 1": "RUE", "PREFIXE 2": "DE", "NOM_RUE": "CHARONNE", "NUMERO TXT": "42", "NOM_SAISI": "RUE DE CHARONNE", "NOM_NOTE": "Rue de Charonne", "EXP_GEO": 1, "INTERP": 0, "NUMEROTATI": 1, "NUM_QUART": 29 }, "geometry": { "type": "Point", "coordinates": [ 654311.095532545819879, 6861640.044588010758162 ] } },
{ "type": "Feature", "properties": { "fid": 12415, "PREFIXE 1": "RUE", "PREFIXE 2": "DE", "NOM_RUE": "CHARONNE", "NUMERO TXT": "44", "NOM_SAISI": "RUE DE CHARONNE", "NOM_NOTE": "Rue de Charonne", "EXP_GEO": 1, "INTERP": 0, "NUMEROTATI": 1, "NUM_QUART": 29 }, "geometry": { "type": "Point", "coordinates": [ 654320.637163492618129, 6861639.962705007754266 ] } },
{ "type": "Feature", "properties": { "fid": 12416, "PREFIXE 1": "RUE", "PREFIXE 2": "DE", "NOM_RUE": "CHARONNE", "NUMERO TXT": "46", "NOM_SAISI": "RUE DE CHARONNE", "NOM_NOTE": "Rue de Charonne", "EXP_GEO": 1, "INTERP": 0, "NUMEROTATI": 1, "NUM_QUART": 29 }, "geometry": { "type": "Point", "coordinates": [ 654331.633223792188801, 6861640.075779797509313 ] } },
{ "type": "Feature", "properties": { "fid": 12417, "PREFIXE 1": "RUE", "PREFIXE 2": "DE", "NOM_RUE": "CHARONNE", "NUMERO TXT": "48", "NOM_SAISI": "RUE DE CHARONNE", "NOM_NOTE": "Rue de Charonne", "EXP_GEO": 1, "INTERP": 0, "NUMEROTATI": 1, "NUM_QUART": 29 }, "geometry": { "type": "Point", "coordinates": [ 654350.516369884484448, 6861640.536542559042573 ] } },
{ "type": "Feature", "properties": { "fid": 12418, "PREFIXE 1": "RUE", "PREFIXE 2": "DE", "NOM_RUE": "CHARONNE", "NUMERO TXT": "50", "NOM_SAISI": "RUE DE CHARONNE", "NOM_NOTE": "Rue de Charonne", "EXP_GEO": 1, "INTERP": 0, "NUMEROTATI": 1, "NUM_QUART": 29 }, "geometry": { "type": "Point", "coordinates": [ 654377.906548889819533, 6861641.134443061426282 ] } },
{ "type": "Feature", "properties": { "fid": 12419, "PREFIXE 1": "RUE", "PREFIXE 2": "DE", "NOM_RUE": "CHARONNE", "NUMERO TXT": "52", "NOM_SAISI": "RUE DE CHARONNE", "NOM_NOTE": "Rue de Charonne", "EXP_GEO": 1, "INTERP": 0, "NUMEROTATI": 1, "NUM_QUART": 29 }, "geometry": { "type": "Point", "coordinates": [ 654395.98566105379723, 6861643.881853417493403 ] } },
{ "type": "Feature", "properties": { "fid": 12420, "PREFIXE 1": "RUE", "PREFIXE 2": "DE", "NOM_RUE": "CHARONNE", "NUMERO TXT": "54", "NOM_SAISI": "RUE DE CHARONNE", "NOM_NOTE": "Rue de Charonne", "EXP_GEO": 1, "INTERP": 0, "NUMEROTATI": 1, "NUM_QUART": 29 }, "geometry": { "type": "Point", "coordinates": [ 654422.56887879781425, 6861646.560371982865036 ] } },
{ "type": "Feature", "properties": { "fid": 12421, "PREFIXE 1": "RUE", "PREFIXE 2": "DE", "NOM_RUE": "CHARONNE", "NUMERO TXT": "56", "NOM_SAISI": "RUE DE CHARONNE", "NOM_NOTE": "Rue de Charonne", "EXP_GEO": 1, "INTERP": 0, "NUMEROTATI": 1, "NUM_QUART": 29 }, "geometry": { "type": "Point", "coordinates": [ 654440.035989957046695, 6861650.349661233834922 ] } },
{ "type": "Feature", "properties": { "fid": 12422, "PREFIXE 1": "RUE", "PREFIXE 2": "DE", "NOM_RUE": "CHARONNE", "NUMERO TXT": "58", "NOM_SAISI": "RUE DE CHARONNE", "NOM_NOTE": "Rue de Charonne", "EXP_GEO": 1, "INTERP": 0, "NUMEROTATI": 1, "NUM_QUART": 29 }, "geometry": { "type": "Point", "coordinates": [ 654455.64661262743175, 6861655.188898934051394 ] } },
{ "type": "Feature", "properties": { "fid": 12423, "PREFIXE 1": "RUE", "PREFIXE 2": "DE", "NOM_RUE": "CHARONNE", "NUMERO TXT": "60", "NOM_SAISI": "RUE DE CHARONNE", "NOM_NOTE": "Rue de Charonne", "EXP_GEO": 1, "INTERP": 0, "NUMEROTATI": 1, "NUM_QUART": 29 }, "geometry": { "type": "Point", "coordinates": [ 654475.188451512716711, 6861659.169242386706173 ] } },
{ "type": "Feature", "properties": { "fid": 12424, "PREFIXE 1": "RUE", "PREFIXE 2": "DE", "NOM_RUE": "CHARONNE", "NUMERO TXT": "62", "NOM_SAISI": "RUE DE CHARONNE", "NOM_NOTE": "Rue de Charonne", "EXP_GEO": 1, "INTERP": 0, "NUMEROTATI": 1, "NUM_QUART": 29 }, "geometry": { "type": "Point", "coordinates": [ 654485.589968354790471, 6861661.982014300301671 ] } },
{ "type": "Feature", "properties": { "fid": 12425, "PREFIXE 1": "RUE", "PREFIXE 2": "DE", "NOM_RUE": "CHARONNE", "NUMERO TXT": "64", "NOM_SAISI": "RUE DE CHARONNE", "NOM_NOTE": "Rue de Charonne", "EXP_GEO": 1, "INTERP": 0, "NUMEROTATI": 1, "NUM_QUART": 29 }, "geometry": { "type": "Point", "coordinates": [ 654493.495638998225331, 6861664.194229207932949 ] } },
{ "type": "Feature", "properties": { "fid": 12426, "PREFIXE 1": "RUE", "PREFIXE 2": "DE", "NOM_RUE": "CHARONNE", "NUMERO TXT": "66", "NOM_SAISI": "RUE DE CHARONNE", "NOM_NOTE": "Rue de Charonne", "EXP_GEO": 1, "INTERP": 0, "NUMEROTATI": 1, "NUM_QUART": 29 }, "geometry": { "type": "Point", "coordinates": [ 654505.14098357106559, 6861666.997322828508914 ] } },
{ "type": "Feature", "properties": { "fid": 12427, "PREFIXE 1": "RUE", "PREFIXE 2": "DE", "NOM_RUE": "CHARONNE", "NUMERO TXT": "68", "NOM_SAISI": "RUE DE CHARONNE", "NOM_NOTE": "Rue de Charonne", "EXP_GEO": 1, "INTERP": 0, "NUMEROTATI": 1, "NUM_QUART": 29 }, "geometry": { "type": "Point", "coordinates": [ 654517.835600696038455, 6861671.032981595024467 ] } },
{ "type": "Feature", "properties": { "fid": 12428, "PREFIXE 1": "RUE", "PREFIXE 2": "DE", "NOM_RUE": "CHARONNE", "NUMERO TXT": "70", "NOM_SAISI": "RUE DE CHARONNE", "NOM_NOTE": "Rue de Charonne", "EXP_GEO": 1, "INTERP": 0, "NUMEROTATI": 1, "NUM_QUART": 29 }, "geometry": { "type": "Point", "coordinates": [ 654529.898973646457307, 6861674.246581801213324 ] } },
{ "type": "Feature", "properties": { "fid": 12429, "PREFIXE 1": "RUE", "PREFIXE 2": "DE", "NOM_RUE": "CHARONNE", "NUMERO TXT": "72", "NOM_SAISI": "RUE DE CHARONNE", "NOM_NOTE": "Rue de Charonne", "EXP_GEO": 1, "INTERP": 0, "NUMEROTATI": 1, "NUM_QUART": 29 }, "geometry": { "type": "Point", "coordinates": [ 654545.923057406675071, 6861679.496685413643718 ] } },
{ "type": "Feature", "properties": { "fid": 12430, "PREFIXE 1": "RUE", "PREFIXE 2": "DE", "NOM_RUE": "CHARONNE", "NUMERO TXT": "74", "NOM_SAISI": "RUE DE CHARONNE", "NOM_NOTE": "Rue de Charonne", "EXP_GEO": 1, "INTERP": 0, "NUMEROTATI": 1, "NUM_QUART": 29 }, "geometry": { "type": "Point", "coordinates": [ 654566.730220216559246, 6861686.156526502221823 ] } },
{ "type": "Feature", "properties": { "fid": 12431, "PREFIXE 1": "RUE", "PREFIXE 2": "DE", "NOM_RUE": "CHARONNE", "NUMERO TXT": "76", "NOM_SAISI": "RUE DE CHARONNE", "NOM_NOTE": "Rue de Charonne", "EXP_GEO": 1, "INTERP": 0, "NUMEROTATI": 1, "NUM_QUART": 29 }, "geometry": { "type": "Point", "coordinates": [ 654588.994967924663797, 6861693.631596611812711 ] } },
{ "type": "Feature", "properties": { "fid": 12432, "PREFIXE 1": "RUE", "PREFIXE 2": "DE", "NOM_RUE": "CHARONNE", "NUMERO TXT": "78", "NOM_SAISI": "RUE DE CHARONNE", "NOM_NOTE": "Rue de Charonne", "EXP_GEO": 1, "INTERP": 0, "NUMEROTATI": 1, "NUM_QUART": 29 }, "geometry": { "type": "Point", "coordinates": [ 654600.023683587671258, 6861697.473093627020717 ] } },
{ "type": "Feature", "properties": { "fid": 12433, "PREFIXE 1": "RUE", "PREFIXE 2": "DE", "NOM_RUE": "CHARONNE", "NUMERO TXT": "80", "NOM_SAISI": "RUE DE CHARONNE", "NOM_NOTE": "Rue de Charonne", "EXP_GEO": 1, "INTERP": 0, "NUMEROTATI": 1, "NUM_QUART": 29 }, "geometry": { "type": "Point", "coordinates": [ 654613.972199145937338, 6861703.151370218023658 ] } },
{ "type": "Feature", "properties": { "fid": 12434, "PREFIXE 1": "RUE", "PREFIXE 2": "DE", "NOM_RUE": "CHARONNE", "NUMERO TXT": "82", "NOM_SAISI": "RUE DE CHARONNE", "NOM_NOTE": "Rue de Charonne", "EXP_GEO": 1, "INTERP": 0, "NUMEROTATI": 1, "NUM_QUART": 29 }, "geometry": { "type": "Point", "coordinates": [ 654671.360300903324969, 6861719.656305350363255 ] } },
{ "type": "Feature", "properties": { "fid": 12435, "PREFIXE 1": "RUE", "PREFIXE 2": "DE", "NOM_RUE": "CHARONNE", "NUMERO TXT": "84", "NOM_SAISI": "RUE DE CHARONNE", "NOM_NOTE": "Rue de Charonne", "EXP_GEO": 1, "INTERP": 0, "NUMEROTATI": 1, "NUM_QUART": 29 }, "geometry": { "type": "Point", "coordinates": [ 654735.818655553855933, 6861740.238074971362948 ] } },
{ "type": "Feature", "properties": { "fid": 12436, "PREFIXE 1": "RUE", "PREFIXE 2": "DE", "NOM_RUE": "CHARONNE", "NUMERO TXT": "86", "NOM_SAISI": "RUE DE CHARONNE", "NOM_NOTE": "Rue de Charonne", "EXP_GEO": 1, "INTERP": 0, "NUMEROTATI": 1, "NUM_QUART": 29 }, "geometry": { "type": "Point", "coordinates": [ 654772.598208278068341, 6861749.8783217985183 ] } },
{ "type": "Feature", "properties": { "fid": 12437, "PREFIXE 1": "RUE", "PREFIXE 2": "DE", "NOM_RUE": "CHARONNE", "NUMERO TXT": "88", "NOM_SAISI": "RUE DE CHARONNE", "NOM_NOTE": "Rue de Charonne", "EXP_GEO": 1, "INTERP": 0, "NUMEROTATI": 1, "NUM_QUART": 29 }, "geometry": { "type": "Point", "coordinates": [ 654833.944236173178069, 6861774.395852201618254 ] } },
{ "type": "Feature", "properties": { "fid": 12438, "PREFIXE 1": "RUE", "PREFIXE 2": "DE", "NOM_RUE": "CHARONNE", "NUMERO TXT": "90", "NOM_SAISI": "RUE DE CHARONNE", "NOM_NOTE": "Rue de Charonne", "EXP_GEO": 1, "INTERP": 0, "NUMEROTATI": 1, "NUM_QUART": 29 }, "geometry": { "type": "Point", "coordinates": [ 654881.950927142403089, 6861791.37559134233743 ] } },
{ "type": "Feature", "properties": { "fid": 12517, "PREFIXE 1": "RUE", "PREFIXE 2": "DE", "NOM_RUE": "LAPPE", "NUMERO TXT": "2", "NOM_SAISI": "RUE DE LAPPE", "NOM_NOTE": "Rue de Lappe", "EXP_GEO": 1, "INTERP": 0, "NUMEROTATI": 1, "NUM_QUART": 29 }, "geometry": { "type": "Point", "coordinates": [ 653881.942229171982035, 6861760.260894725099206 ] } },
{ "type": "Feature", "properties": { "fid": 12518, "PREFIXE 1": "RUE", "PREFIXE 2": "DE", "NOM_RUE": "LAPPE", "NUMERO TXT": "4", "NOM_SAISI": "RUE DE LAPPE", "NOM_NOTE": "Rue de Lappe", "EXP_GEO": 1, "INTERP": 0, "NUMEROTATI": 1, "NUM_QUART": 29 }, "geometry": { "type": "Point", "coordinates": [ 653889.135419235099107, 6861754.614929829724133 ] } },
{ "type": "Feature", "properties": { "fid": 12519, "PREFIXE 1": "RUE", "PREFIXE 2": "DE", "NOM_RUE": "LAPPE", "NUMERO TXT": "6", "NOM_SAISI": "RUE DE LAPPE", "NOM_NOTE": "Rue de Lappe", "EXP_GEO": 1, "INTERP": 0, "NUMEROTATI": 1, "NUM_QUART": 29 }, "geometry": { "type": "Point", "coordinates": [ 653896.728965993621387, 6861747.725628042593598 ] } },
{ "type": "Feature", "properties": { "fid": 12520, "PREFIXE 1": "RUE", "PREFIXE 2": "DE", "NOM_RUE": "LAPPE", "NUMERO TXT": "8", "NOM_SAISI": "RUE DE LAPPE", "NOM_NOTE": "Rue de Lappe", "EXP_GEO": 1, "INTERP": 0, "NUMEROTATI": 1, "NUM_QUART": 29 }, "geometry": { "type": "Point", "coordinates": [ 653908.046505731879734, 6861740.177725302986801 ] } },
{ "type": "Feature", "properties": { "fid": 12521, "PREFIXE 1": "RUE", "PREFIXE 2": "DE", "NOM_RUE": "LAPPE", "NUMERO TXT": "10", "NOM_SAISI": "RUE DE LAPPE", "NOM_NOTE": "Rue de Lappe", "EXP_GEO": 1, "INTERP": 0, "NUMEROTATI": 1, "NUM_QUART": 29 }, "geometry": { "type": "Point", "coordinates": [ 653917.705130290240049, 6861732.645576307550073 ] } },
{ "type": "Feature", "properties": { "fid": 12522, "PREFIXE 1": "RUE", "PREFIXE 2": "DE", "NOM_RUE": "LAPPE", "NUMERO TXT": "12", "NOM_SAISI": "RUE DE LAPPE", "NOM_NOTE": "Rue de Lappe", "EXP_GEO": 1, "INTERP": 0, "NUMEROTATI": 1, "NUM_QUART": 29 }, "geometry": { "type": "Point", "coordinates": [ 653924.90649946173653, 6861727.822265694849193 ] } },
{ "type": "Feature", "properties": { "fid": 12523, "PREFIXE 1": "RUE", "PREFIXE 2": "DE", "NOM_RUE": "LAPPE", "NUMERO TXT": "14", "NOM_SAISI": "RUE DE LAPPE", "NOM_NOTE": "Rue de Lappe", "EXP_GEO": 1, "INTERP": 0, "NUMEROTATI": 1, "NUM_QUART": 29 }, "geometry": { "type": "Point", "coordinates": [ 653930.458715582732111, 6861723.841460695490241 ] } },
{ "type": "Feature", "properties": { "fid": 12524, "PREFIXE 1": "RUE", "PREFIXE 2": "DE", "NOM_RUE": "LAPPE", "NUMERO TXT": "16", "NOM_SAISI": "RUE DE LAPPE", "NOM_NOTE": "Rue de Lappe", "EXP_GEO": 1, "INTERP": 0, "NUMEROTATI": 1, "NUM_QUART": 29 }, "geometry": { "type": "Point", "coordinates": [ 653934.774074439192191, 6861720.4925826061517 ] } },
{ "type": "Feature", "properties": { "fid": 12525, "PREFIXE 1": "RUE", "PREFIXE 2": "DE", "NOM_RUE": "LAPPE", "NUMERO TXT": "18", "NOM_SAISI": "RUE DE LAPPE", "NOM_NOTE": "Rue de Lappe", "EXP_GEO": 1, "INTERP": 0, "NUMEROTATI": 1, "NUM_QUART": 29 }, "geometry": { "type": "Point", "coordinates": [ 653939.91623811761383, 6861716.92851950135082 ] } },
{ "type": "Feature", "properties": { "fid": 12526, "PREFIXE 1": "RUE", "PREFIXE 2": "DE", "NOM_RUE": "LAPPE", "NUMERO TXT": "20", "NOM_SAISI": "RUE DE LAPPE", "NOM_NOTE": "Rue de Lappe", "EXP_GEO": 1, "INTERP": 0, "NUMEROTATI": 1, "NUM_QUART": 29 }, "geometry": { "type": "Point", "coordinates": [ 653949.368489447864704, 6861709.601308614015579 ] } },
{ "type": "Feature", "properties": { "fid": 12527, "PREFIXE 1": "RUE", "PREFIXE 2": "DE", "NOM_RUE": "LAPPE", "NUMERO TXT": "22", "NOM_SAISI": "RUE DE LAPPE", "NOM_NOTE": "Rue de Lappe", "EXP_GEO": 1, "INTERP": 0, "NUMEROTATI": 1, "NUM_QUART": 29 }, "geometry": { "type": "Point", "coordinates": [ 653958.422829281771556, 6861703.723780579864979 ] } },
{ "type": "Feature", "properties": { "fid": 12528, "PREFIXE 1": "RUE", "PREFIXE 2": "DE", "NOM_RUE": "LAPPE", "NUMERO TXT": "24", "NOM_SAISI": "RUE DE LAPPE", "NOM_NOTE": "Rue de Lappe", "EXP_GEO": 1, "INTERP": 0, "NUMEROTATI": 1, "NUM_QUART": 29 }, "geometry": { "type": "Point", "coordinates": [ 653965.813188413740136, 6861697.448693693615496 ] } },
{ "type": "Feature", "properties": { "fid": 12529, "PREFIXE 1": "RUE", "PREFIXE 2": "DE", "NOM_RUE": "LAPPE", "NUMERO TXT": "26", "NOM_SAISI": "RUE DE LAPPE", "NOM_NOTE": "Rue de Lappe", "EXP_GEO": 1, "INTERP": 0, "NUMEROTATI": 1, "NUM_QUART": 29 }, "geometry": { "type": "Point", "coordinates": [ 653980.615403081756085, 6861686.756796481087804 ] } },
{ "type": "Feature", "properties": { "fid": 12530, "PREFIXE 1": "RUE", "PREFIXE 2": "DE", "NOM_RUE": "LAPPE", "NUMERO TXT": "28", "NOM_SAISI": "RUE DE LAPPE", "NOM_NOTE": "Rue de Lappe", "EXP_GEO": 1, "INTERP": 0, "NUMEROTATI": 1, "NUM_QUART": 29 }, "geometry": { "type": "Point", "coordinates": [ 653995.818721533403732, 6861675.024236078374088 ] } },
{ "type": "Feature", "properties": { "fid": 12531, "PREFIXE 1": "RUE", "PREFIXE 2": "DE", "NOM_RUE": "LAPPE", "NUMERO TXT": "30", "NOM_SAISI": "RUE DE LAPPE", "NOM_NOTE": "Rue de Lappe", "EXP_GEO": 1, "INTERP": 0, "NUMEROTATI": 1, "NUM_QUART": 29 }, "geometry": { "type": "Point", "coordinates": [ 654001.364124755491503, 6861670.625273234210908 ] } },
{ "type": "Feature", "properties": { "fid": 12532, "PREFIXE 1": "RUE", "PREFIXE 2": "DE", "NOM_RUE": "LAPPE", "NUMERO TXT": "32", "NOM_SAISI": "RUE DE LAPPE", "NOM_NOTE": "Rue de Lappe", "EXP_GEO": 1, "INTERP": 0, "NUMEROTATI": 1, "NUM_QUART": 29 }, "geometry": { "type": "Point", "coordinates": [ 654008.361017102375627, 6861666.211705256253481 ] } },
{ "type": "Feature", "properties": { "fid": 12533, "PREFIXE 1": "RUE", "PREFIXE 2": "DE", "NOM_RUE": "LAPPE", "NUMERO TXT": "34", "NOM_SAISI": "RUE DE LAPPE", "NOM_NOTE": "Rue de Lappe", "EXP_GEO": 1, "INTERP": 0, "NUMEROTATI": 1, "NUM_QUART": 29 }, "geometry": { "type": "Point", "coordinates": [ 654017.81530959054362, 6861659.290358513593674 ] } },
{ "type": "Feature", "properties": { "fid": 12534, "PREFIXE 1": "RUE", "PREFIXE 2": "DE", "NOM_RUE": "LAPPE", "NUMERO TXT": "36", "NOM_SAISI": "RUE DE LAPPE", "NOM_NOTE": "Rue de Lappe", "EXP_GEO": 1, "INTERP": 0, "NUMEROTATI": 1, "NUM_QUART": 29 }, "geometry": { "type": "Point", "coordinates": [ 654025.628383892122656, 6861653.832938539795578 ] } },
{ "type": "Feature", "properties": { "fid": 12535, "PREFIXE 1": "RUE", "PREFIXE 2": "DE", "NOM_RUE": "LAPPE", "NUMERO TXT": "38", "NOM_SAISI": "RUE DE LAPPE", "NOM_NOTE": "Rue de Lappe", "EXP_GEO": 1, "INTERP": 0, "NUMEROTATI": 1, "NUM_QUART": 29 }, "geometry": { "type": "Point", "coordinates": [ 654033.643375046318397, 6861647.958895503543317 ] } },
{ "type": "Feature", "properties": { "fid": 12536, "PREFIXE 1": "RUE", "PREFIXE 2": "DE", "NOM_RUE": "LAPPE", "NUMERO TXT": "40", "NOM_SAISI": "RUE DE LAPPE", "NOM_NOTE": "Rue de Lappe", "EXP_GEO": 1, "INTERP": 0, "NUMEROTATI": 1, "NUM_QUART": 29 }, "geometry": { "type": "Point", "coordinates": [ 654040.631663255160674, 6861642.922285803593695 ] } },
{ "type": "Feature", "properties": { "fid": 12537, "PREFIXE 1": "RUE", "PREFIXE 2": "DE", "NOM_RUE": "LAPPE", "NUMERO TXT": "42", "NOM_SAISI": "RUE DE LAPPE", "NOM_NOTE": "Rue de Lappe", "EXP_GEO": 1, "INTERP": 0, "NUMEROTATI": 1, "NUM_QUART": 29 }, "geometry": { "type": "Point", "coordinates": [ 654050.076671673334204, 6861635.376316620968282 ] } },
{ "type": "Feature", "properties": { "fid": 12538, "PREFIXE 1": "RUE", "PREFIXE 2": "DE", "NOM_RUE": "LAPPE", "NUMERO TXT": "44", "NOM_SAISI": "RUE DE LAPPE", "NOM_NOTE": "Rue de Lappe", "EXP_GEO": 1, "INTERP": 0, "NUMEROTATI": 1, "NUM_QUART": 29 }, "geometry": { "type": "Point", "coordinates": [ 654063.847292346763425, 6861625.5090127941221 ] } },
{ "type": "Feature", "properties": { "fid": 12539, "PREFIXE 1": "RUE", "PREFIXE 2": "DE", "NOM_RUE": "LAPPE", "NUMERO TXT": "46", "NOM_SAISI": "RUE DE LAPPE", "NOM_NOTE": "Rue de Lappe", "EXP_GEO": 1, "INTERP": 0, "NUMEROTATI": 1, "NUM_QUART": 29 }, "geometry": { "type": "Point", "coordinates": [ 654075.556512377341278, 6861616.695366934873164 ] } },
{ "type": "Feature", "properties": { "fid": 12540, "PREFIXE 1": "RUE", "PREFIXE 2": "DE", "NOM_RUE": "LAPPE", "NUMERO TXT": "48", "NOM_SAISI": "RUE DE LAPPE", "NOM_NOTE": "Rue de Lappe", "EXP_GEO": 1, "INTERP": 0, "NUMEROTATI": 1, "NUM_QUART": 29 }, "geometry": { "type": "Point", "coordinates": [ 654086.858468923368491, 6861608.505736064165831 ] } },
{ "type": "Feature", "properties": { "fid": 12541, "PREFIXE 1": "RUE", "PREFIXE 2": "DE LA", "NOM_RUE": "ROQUETTE", "NUMERO TXT": "1", "NOM_SAISI": "RUE DE LA ROQUETTE", "NOM_NOTE": "Rue de la Roquette", "EXP_GEO": 1, "INTERP": 0, "NUMEROTATI": 1, "NUM_QUART": 29 }, "geometry": { "type": "Point", "coordinates": [ 653817.866755348281004, 6861706.714776628650725 ] } },
{ "type": "Feature", "properties": { "fid": 12542, "PREFIXE 1": "RUE", "PREFIXE 2": "DE LA", "NOM_RUE": "ROQUETTE", "NUMERO TXT": "3", "NOM_SAISI": "RUE DE LA ROQUETTE", "NOM_NOTE": "Rue de la Roquette", "EXP_GEO": 1, "INTERP": 0, "NUMEROTATI": 1, "NUM_QUART": 29 }, "geometry": { "type": "Point", "coordinates": [ 653823.349377773934975, 6861714.097902721725404 ] } },
{ "type": "Feature", "properties": { "fid": 12543, "PREFIXE 1": "RUE", "PREFIXE 2": "DE LA", "NOM_RUE": "ROQUETTE", "NUMERO TXT": "5", "NOM_SAISI": "RUE DE LA ROQUETTE", "NOM_NOTE": "Rue de la Roquette", "EXP_GEO": 1, "INTERP": 0, "NUMEROTATI": 1, "NUM_QUART": 29 }, "geometry": { "type": "Point", "coordinates": [ 653827.57658814068418, 6861720.6660246392712 ] } },
{ "type": "Feature", "properties": { "fid": 12544, "PREFIXE 1": "RUE", "PREFIXE 2": "DE LA", "NOM_RUE": "ROQUETTE", "NUMERO TXT": "7", "NOM_SAISI": "RUE DE LA ROQUETTE", "NOM_NOTE": "Rue de la Roquette", "EXP_GEO": 1, "INTERP": 0, "NUMEROTATI": 1, "NUM_QUART": 29 }, "geometry": { "type": "Point", "coordinates": [ 653834.515048444387503, 6861728.650357876904309 ] } },
{ "type": "Feature", "properties": { "fid": 12545, "PREFIXE 1": "RUE", "PREFIXE 2": "DE LA", "NOM_RUE": "ROQUETTE", "NUMERO TXT": "9", "NOM_SAISI": "RUE DE LA ROQUETTE", "NOM_NOTE": "Rue de la Roquette", "EXP_GEO": 1, "INTERP": 0, "NUMEROTATI": 1, "NUM_QUART": 29 }, "geometry": { "type": "Point", "coordinates": [ 653840.651556027936749, 6861739.119134921580553 ] } },
{ "type": "Feature", "properties": { "fid": 12546, "PREFIXE 1": "RUE", "PREFIXE 2": "DE LA", "NOM_RUE": "ROQUETTE", "NUMERO TXT": "11", "NOM_SAISI": "RUE DE LA ROQUETTE", "NOM_NOTE": "Rue de la Roquette", "EXP_GEO": 1, "INTERP": 0, "NUMEROTATI": 1, "NUM_QUART": 29 }, "geometry": { "type": "Point", "coordinates": [ 653847.385799799812958, 6861747.720304969698191 ] } },
{ "type": "Feature", "properties": { "fid": 12547, "PREFIXE 1": "RUE", "PREFIXE 2": "DE LA", "NOM_RUE": "ROQUETTE", "NUMERO TXT": "13", "NOM_SAISI": "RUE DE LA ROQUETTE", "NOM_NOTE": "Rue de la Roquette", "EXP_GEO": 1, "INTERP": 0, "NUMEROTATI": 1, "NUM_QUART": 29 }, "geometry": { "type": "Point", "coordinates": [ 653854.334621213725768, 6861757.142424266785383 ] } },
{ "type": "Feature", "properties": { "fid": 12548, "PREFIXE 1": "RUE", "PREFIXE 2": "DE LA", "NOM_RUE": "ROQUETTE", "NUMERO TXT": "15", "NOM_SAISI": "RUE DE LA ROQUETTE", "NOM_NOTE": "Rue de la Roquette", "EXP_GEO": 1, "INTERP": 0, "NUMEROTATI": 1, "NUM_QUART": 29 }, "geometry": { "type": "Point", "coordinates": [ 653862.761571694165468, 6861769.228277986869216 ] } },
{ "type": "Feature", "properties": { "fid": 12549, "PREFIXE 1": "RUE", "PREFIXE 2": "DE LA", "NOM_RUE": "ROQUETTE", "NUMERO TXT": "2-4", "NOM_SAISI": "RUE DE LA ROQUETTE", "NOM_NOTE": "Rue de la Roquette", "EXP_GEO": 0, "INTERP": 0, "NUMEROTATI": 1, "NUM_QUART": 29 }, "geometry": { "type": "Point", "coordinates": [ 653809.832583277369849, 6861662.73879604972899 ] } },
{ "type": "Feature", "properties": { "fid": 12550, "PREFIXE 1": "RUE", "PREFIXE 2": "DE LA", "NOM_RUE": "ROQUETTE", "NUMERO TXT": "6", "NOM_SAISI": "RUE DE LA ROQUETTE", "NOM_NOTE": "Rue de la Roquette", "EXP_GEO": 1, "INTERP": 0, "NUMEROTATI": 1, "NUM_QUART": 29 }, "geometry": { "type": "Point", "coordinates": [ 653813.855242937686853, 6861668.905965226702392 ] } },
{ "type": "Feature", "properties": { "fid": 12551, "PREFIXE 1": "RUE", "PREFIXE 2": "DE LA", "NOM_RUE": "ROQUETTE", "NUMERO TXT": "8", "NOM_SAISI": "RUE DE LA ROQUETTE", "NOM_NOTE": "Rue de la Roquette", "EXP_GEO": 1, "INTERP": 0, "NUMEROTATI": 1, "NUM_QUART": 29 }, "geometry": { "type": "Point", "coordinates": [ 653817.448617549263872, 6861674.041827504523098 ] } },
{ "type": "Feature", "properties": { "fid": 12552, "PREFIXE 1": "RUE", "PREFIXE 2": "DE LA", "NOM_RUE": "ROQUETTE", "NUMERO TXT": "10", "NOM_SAISI": "RUE DE LA ROQUETTE", "NOM_NOTE": "Rue de la Roquette", "EXP_GEO": 1, "INTERP": 0, "NUMEROTATI": 1, "NUM_QUART": 29 }, "geometry": { "type": "Point", "coordinates": [ 653820.416532339528203, 6861678.976523045450449 ] } },
{ "type": "Feature", "properties": { "fid": 12553, "PREFIXE 1": "RUE", "PREFIXE 2": "DE LA", "NOM_RUE": "ROQUETTE", "NUMERO TXT": "12", "NOM_SAISI": "RUE DE LA ROQUETTE", "NOM_NOTE": "Rue de la Roquette", "EXP_GEO": 1, "INTERP": 0, "NUMEROTATI": 1, "NUM_QUART": 29 }, "geometry": { "type": "Point", "coordinates": [ 653825.497240534750745, 6861686.991059049032629 ] } },
{ "type": "Feature", "properties": { "fid": 12554, "PREFIXE 1": "RUE", "PREFIXE 2": "DE LA", "NOM_RUE": "ROQUETTE", "NUMERO TXT": "14", "NOM_SAISI": "RUE DE LA ROQUETTE", "NOM_NOTE": "Rue de la Roquette", "EXP_GEO": 1, "INTERP": 0, "NUMEROTATI": 1, "NUM_QUART": 29 }, "geometry": { "type": "Point", "coordinates": [ 653832.253285267506726, 6861696.433510976843536 ] } },
{ "type": "Feature", "properties": { "fid": 12555, "PREFIXE 1": "RUE", "PREFIXE 2": "DE LA", "NOM_RUE": "ROQUETTE", "NUMERO TXT": "16", "NOM_SAISI": "RUE DE LA ROQUETTE", "NOM_NOTE": "Rue de la Roquette", "EXP_GEO": 1, "INTERP": 0, "NUMEROTATI": 1, "NUM_QUART": 29 }, "geometry": { "type": "Point", "coordinates": [ 653837.115274835610762, 6861703.825741709209979 ] } },
{ "type": "Feature", "properties": { "fid": 12556, "PREFIXE 1": "RUE", "PREFIXE 2": "DE LA", "NOM_RUE": "ROQUETTE", "NUMERO TXT": "18", "NOM_SAISI": "RUE DE LA ROQUETTE", "NOM_NOTE": "Rue de la Roquette", "EXP_GEO": 1, "INTERP": 0, "NUMEROTATI": 1, "NUM_QUART": 29 }, "geometry": { "type": "Point", "coordinates": [ 653842.60794570914004, 6861712.036363075487316 ] } },
{ "type": "Feature", "properties": { "fid": 12557, "PREFIXE 1": "RUE", "PREFIXE 2": "DE LA", "NOM_RUE": "ROQUETTE", "NUMERO TXT": "20", "NOM_SAISI": "RUE DE LA ROQUETTE", "NOM_NOTE": "Rue de la Roquette", "EXP_GEO": 1, "INTERP": 0, "NUMEROTATI": 1, "NUM_QUART": 29 }, "geometry": { "type": "Point", "coordinates": [ 653848.952980796340853, 6861722.302068519406021 ] } },
{ "type": "Feature", "properties": { "fid": 12558, "PREFIXE 1": "RUE", "PREFIXE 2": "DE LA", "NOM_RUE": "ROQUETTE", "NUMERO TXT": "22", "NOM_SAISI": "RUE DE LA ROQUETTE", "NOM_NOTE": "Rue de la Roquette", "EXP_GEO": 1, "INTERP": 0, "NUMEROTATI": 1, "NUM_QUART": 29 }, "geometry": { "type": "Point", "coordinates": [ 653854.019707531086169, 6861729.892675108276308 ] } },
{ "type": "Feature", "properties": { "fid": 12559, "PREFIXE 1": "RUE", "PREFIXE 2": "DE LA", "NOM_RUE": "ROQUETTE", "NUMERO TXT": "24", "NOM_SAISI": "RUE DE LA ROQUETTE", "NOM_NOTE": "Rue de la Roquette", "EXP_GEO": 1, "INTERP": 0, "NUMEROTATI": 1, "NUM_QUART": 29 }, "geometry": { "type": "Point", "coordinates": [ 653858.231559087173082, 6861735.425269538536668 ] } },
{ "type": "Feature", "properties": { "fid": 12560, "PREFIXE 1": "RUE", "PREFIXE 2": "DE LA", "NOM_RUE": "ROQUETTE", "NUMERO TXT": "26", "NOM_SAISI": "RUE DE LA ROQUETTE", "NOM_NOTE": "Rue de la Roquette", "EXP_GEO": 1, "INTERP": 0, "NUMEROTATI": 1, "NUM_QUART": 29 }, "geometry": { "type": "Point", "coordinates": [ 653862.873886709334329, 6861742.397739934735 ] } },
{ "type": "Feature", "properties": { "fid": 12561, "PREFIXE 1": "RUE", "PREFIXE 2": "DE LA", "NOM_RUE": "ROQUETTE", "NUMERO TXT": "28", "NOM_SAISI": "RUE DE LA ROQUETTE", "NOM_NOTE": "Rue de la Roquette", "EXP_GEO": 1, "INTERP": 0, "NUMEROTATI": 1, "NUM_QUART": 29 }, "geometry": { "type": "Point", "coordinates": [ 653866.681038038921542, 6861748.964489073492587 ] } },
{ "type": "Feature", "properties": { "fid": 12562, "PREFIXE 1": "RUE", "PREFIXE 2": "DE LA", "NOM_RUE": "ROQUETTE", "NUMERO TXT": "30", "NOM_SAISI": "RUE DE LA ROQUETTE", "NOM_NOTE": "Rue de la Roquette", "EXP_GEO": 1, "INTERP": 0, "NUMEROTATI": 1, "NUM_QUART": 29 }, "geometry": { "type": "Point", "coordinates": [ 653870.67113635269925, 6861753.464105624705553 ] } },
{ "type": "Feature", "properties": { "fid": 12563, "PREFIXE 1": "RUE", "PREFIXE 2": "DE LA", "NOM_RUE": "ROQUETTE", "NUMERO TXT": "32", "NOM_SAISI": "RUE DE LA ROQUETTE", "NOM_NOTE": "Rue de la Roquette", "EXP_GEO": 1, "INTERP": 0, "NUMEROTATI": 1, "NUM_QUART": 29 }, "geometry": { "type": "Point", "coordinates": [ 653874.259897275594994, 6861759.205401946790516 ] } },
{ "type": "Feature", "properties": { "fid": 12564, "PREFIXE 1": "PLACE", "PREFIXE 2": null, "NOM_RUE": "SAINT-ANTOINE", "NUMERO TXT": "1", "NOM_SAISI": "PLACE SAINT-ANTOINE", "NOM_NOTE": "Place St. Antoine", "EXP_GEO": 1, "INTERP": 0, "NUMEROTATI": 1, "NUM_QUART": 29 }, "geometry": { "type": "Point", "coordinates": [ 653737.008938879705966, 6861707.577368818223476 ] } },
{ "type": "Feature", "properties": { "fid": 12565, "PREFIXE 1": "PLACE", "PREFIXE 2": null, "NOM_RUE": "SAINT-ANTOINE", "NUMERO TXT": "3", "NOM_SAISI": "PLACE SAINT-ANTOINE", "NOM_NOTE": "Place St. Antoine", "EXP_GEO": 1, "INTERP": 0, "NUMEROTATI": 1, "NUM_QUART": 29 }, "geometry": { "type": "Point", "coordinates": [ 653769.141801563673653, 6861707.024902859702706 ] } },
{ "type": "Feature", "properties": { "fid": 12566, "PREFIXE 1": "PLACE", "PREFIXE 2": null, "NOM_RUE": "SAINT-ANTOINE", "NUMERO TXT": "5", "NOM_SAISI": "PLACE SAINT-ANTOINE", "NOM_NOTE": "Place St. Antoine", "EXP_GEO": 1, "INTERP": 0, "NUMEROTATI": 1, "NUM_QUART": 29 }, "geometry": { "type": "Point", "coordinates": [ 653779.904547931393608, 6861705.462890190072358 ] } },
{ "type": "Feature", "properties": { "fid": 12567, "PREFIXE 1": "PLACE", "PREFIXE 2": null, "NOM_RUE": "SAINT-ANTOINE", "NUMERO TXT": "7", "NOM_SAISI": "PLACE SAINT-ANTOINE", "NOM_NOTE": "Place St. Antoine", "EXP_GEO": 1, "INTERP": 0, "NUMEROTATI": 1, "NUM_QUART": 29 }, "geometry": { "type": "Point", "coordinates": [ 653792.509873031987809, 6861702.02103437576443 ] } },
{ "type": "Feature", "properties": { "fid": 12568, "PREFIXE 1": "PLACE", "PREFIXE 2": null, "NOM_RUE": "SAINT-ANTOINE", "NUMERO TXT": "9", "NOM_SAISI": "PLACE SAINT-ANTOINE", "NOM_NOTE": "Place St. Antoine", "EXP_GEO": 1, "INTERP": 0, "NUMEROTATI": 1, "NUM_QUART": 29 }, "geometry": { "type": "Point", "coordinates": [ 653809.062651185085997, 6861699.158169633708894 ] } },
{ "type": "Feature", "properties": { "fid": 12569, "PREFIXE 1": "RUE", "PREFIXE 2": null, "NOM_RUE": "AMELOT", "NUMERO TXT": "2", "NOM_SAISI": "RUE AMELOT", "NOM_NOTE": "Rue Amelot", "EXP_GEO": 1, "INTERP": 0, "NUMEROTATI": 1, "NUM_QUART": 29 }, "geometry": { "type": "Point", "coordinates": [ 653761.769364957232028, 6861731.074856445193291 ] } },
{ "type": "Feature", "properties": { "fid": 12570, "PREFIXE 1": "RUE", "PREFIXE 2": null, "NOM_RUE": "AMELOT", "NUMERO TXT": "1", "NOM_SAISI": "RUE AMELOT", "NOM_NOTE": "Rue Amelot", "EXP_GEO": 1, "INTERP": 0, "NUMEROTATI": 1, "NUM_QUART": 29 }, "geometry": { "type": "Point", "coordinates": [ 653734.491577266249806, 6861791.837656064890325 ] } },
{ "type": "Feature", "properties": { "fid": 12571, "PREFIXE 1": "RUE", "PREFIXE 2": null, "NOM_RUE": "AMELOT", "NUMERO TXT": "6", "NOM_SAISI": "RUE AMELOT", "NOM_NOTE": "Rue Amelot", "EXP_GEO": 1, "INTERP": 0, "NUMEROTATI": 1, "NUM_QUART": 29 }, "geometry": { "type": "Point", "coordinates": [ 653745.23507066455204, 6861827.368995876051486 ] } },
{ "type": "Feature", "properties": { "fid": 12572, "PREFIXE 1": "RUE", "PREFIXE 2": null, "NOM_RUE": "AMELOT", "NUMERO TXT": "8", "NOM_SAISI": "RUE AMELOT", "NOM_NOTE": "Rue Amelot", "EXP_GEO": 1, "INTERP": 0, "NUMEROTATI": 1, "NUM_QUART": 29 }, "geometry": { "type": "Point", "coordinates": [ 653733.58740993635729, 6861886.752605657093227 ] } },
{ "type": "Feature", "properties": { "fid": 12573, "PREFIXE 1": "RUE", "PREFIXE 2": null, "NOM_RUE": "AMELOT", "NUMERO TXT": "12-10", "NOM_SAISI": "RUE AMELOT", "NOM_NOTE": "Rue Amelot", "EXP_GEO": 0, "INTERP": 0, "NUMEROTATI": 1, "NUM_QUART": 29 }, "geometry": { "type": "Point", "coordinates": [ 653728.64221450604964, 6861913.107445122674108 ] } },
{ "type": "Feature", "properties": { "fid": 12575, "PREFIXE 1": "RUE", "PREFIXE 2": null, "NOM_RUE": "DAVAL", "NUMERO TXT": "1", "NOM_SAISI": "RUE DAVAL", "NOM_NOTE": "Rue Daval", "EXP_GEO": 1, "INTERP": 0, "NUMEROTATI": 1, "NUM_QUART": 29 }, "geometry": { "type": "Point", "coordinates": [ 653861.877384165883996, 6861783.262244167737663 ] } },
{ "type": "Feature", "properties": { "fid": 12576, "PREFIXE 1": "RUE", "PREFIXE 2": null, "NOM_RUE": "DAVAL", "NUMERO TXT": "5-3", "NOM_SAISI": "RUE DAVAL", "NOM_NOTE": "Rue Daval", "EXP_GEO": 0, "INTERP": 0, "NUMEROTATI": 1, "NUM_QUART": 29 }, "geometry": { "type": "Point", "coordinates": [ 653848.556077108369209, 6861797.626246266998351 ] } },
{ "type": "Feature", "properties": { "fid": 12577, "PREFIXE 1": "RUE", "PREFIXE 2": null, "NOM_RUE": "DAVAL", "NUMERO TXT": "7", "NOM_SAISI": "RUE DAVAL", "NOM_NOTE": "Rue Daval", "EXP_GEO": 1, "INTERP": 0, "NUMEROTATI": 1, "NUM_QUART": 29 }, "geometry": { "type": "Point", "coordinates": [ 653835.236447729286738, 6861812.396878675557673 ] } },
{ "type": "Feature", "properties": { "fid": 12578, "PREFIXE 1": "RUE", "PREFIXE 2": null, "NOM_RUE": "DAVAL", "NUMERO TXT": "9", "NOM_SAISI": "RUE DAVAL", "NOM_NOTE": "Rue Daval", "EXP_GEO": 1, "INTERP": 0, "NUMEROTATI": 1, "NUM_QUART": 29 }, "geometry": { "type": "Point", "coordinates": [ 653825.202937450027093, 6861824.449773977510631 ] } },
{ "type": "Feature", "properties": { "fid": 12579, "PREFIXE 1": "RUE", "PREFIXE 2": null, "NOM_RUE": "DAVAL", "NUMERO TXT": "11", "NOM_SAISI": "RUE DAVAL", "NOM_NOTE": "Rue Daval", "EXP_GEO": 1, "INTERP": 0, "NUMEROTATI": 1, "NUM_QUART": 29 }, "geometry": { "type": "Point", "coordinates": [ 653817.832975532626733, 6861833.588158927857876 ] } },
{ "type": "Feature", "properties": { "fid": 12580, "PREFIXE 1": "RUE", "PREFIXE 2": null, "NOM_RUE": "DAVAL", "NUMERO TXT": "13", "NOM_SAISI": "RUE DAVAL", "NOM_NOTE": "Rue Daval", "EXP_GEO": 1, "INTERP": 0, "NUMEROTATI": 1, "NUM_QUART": 29 }, "geometry": { "type": "Point", "coordinates": [ 653803.073908832040615, 6861850.212116437964141 ] } },
{ "type": "Feature", "properties": { "fid": 12586, "PREFIXE 1": "RUE", "PREFIXE 2": null, "NOM_RUE": "SAINTE-MARGUERITE-SAINT-ANTOINE", "NUMERO TXT": "1", "NOM_SAISI": "RUE SAINTE-MARGUERITE-SAINT-ANTOINE", "NOM_NOTE": "Rue Ste. Marguerite", "EXP_GEO": 1, "INTERP": 0, "NUMEROTATI": 1, "NUM_QUART": 29 }, "geometry": { "type": "Point", "coordinates": [ 654400.947303454042412, 6861386.682738405652344 ] } },
{ "type": "Feature", "properties": { "fid": 12587, "PREFIXE 1": "RUE", "PREFIXE 2": null, "NOM_RUE": "SAINTE-MARGUERITE-SAINT-ANTOINE", "NUMERO TXT": "3", "NOM_SAISI": "RUE SAINTE-MARGUERITE-SAINT-ANTOINE", "NOM_NOTE": "Rue Ste. Marguerite", "EXP_GEO": 1, "INTERP": 0, "NUMEROTATI": 1, "NUM_QUART": 29 }, "geometry": { "type": "Point", "coordinates": [ 654403.176377138122916, 6861396.052147402428091 ] } },
{ "type": "Feature", "properties": { "fid": 12588, "PREFIXE 1": "RUE", "PREFIXE 2": null, "NOM_RUE": "SAINTE-MARGUERITE-SAINT-ANTOINE", "NUMERO TXT": "5", "NOM_SAISI": "RUE SAINTE-MARGUERITE-SAINT-ANTOINE", "NOM_NOTE": "Rue Ste. Marguerite", "EXP_GEO": 1, "INTERP": 0, "NUMEROTATI": 1, "NUM_QUART": 29 }, "geometry": { "type": "Point", "coordinates": [ 654404.539614444365725, 6861403.340540697798133 ] } },
{ "type": "Feature", "properties": { "fid": 12589, "PREFIXE 1": "RUE", "PREFIXE 2": null, "NOM_RUE": "SAINTE-MARGUERITE-SAINT-ANTOINE", "NUMERO TXT": "7", "NOM_SAISI": "RUE SAINTE-MARGUERITE-SAINT-ANTOINE", "NOM_NOTE": "Rue Ste. Marguerite", "EXP_GEO": 1, "INTERP": 0, "NUMEROTATI": 1, "NUM_QUART": 29 }, "geometry": { "type": "Point", "coordinates": [ 654407.140872066607699, 6861410.200374007225037 ] } },
{ "type": "Feature", "properties": { "fid": 12590, "PREFIXE 1": "RUE", "PREFIXE 2": null, "NOM_RUE": "SAINTE-MARGUERITE-SAINT-ANTOINE", "NUMERO TXT": "9", "NOM_SAISI": "RUE SAINTE-MARGUERITE-SAINT-ANTOINE", "NOM_NOTE": "Rue Ste. Marguerite", "EXP_GEO": 1, "INTERP": 0, "NUMEROTATI": 1, "NUM_QUART": 29 }, "geometry": { "type": "Point", "coordinates": [ 654408.699614074430428, 6861416.858656118623912 ] } },
{ "type": "Feature", "properties": { "fid": 12591, "PREFIXE 1": "RUE", "PREFIXE 2": null, "NOM_RUE": "SAINTE-MARGUERITE-SAINT-ANTOINE", "NUMERO TXT": "11", "NOM_SAISI": "RUE SAINTE-MARGUERITE-SAINT-ANTOINE", "NOM_NOTE": "Rue Ste. Marguerite", "EXP_GEO": 1, "INTERP": 0, "NUMEROTATI": 1, "NUM_QUART": 29 }, "geometry": { "type": "Point", "coordinates": [ 654410.260615227627568, 6861423.723928303457797 ] } },
{ "type": "Feature", "properties": { "fid": 12592, "PREFIXE 1": "RUE", "PREFIXE 2": null, "NOM_RUE": "SAINTE-MARGUERITE-SAINT-ANTOINE", "NUMERO TXT": "13", "NOM_SAISI": "RUE SAINTE-MARGUERITE-SAINT-ANTOINE", "NOM_NOTE": "Rue Ste. Marguerite", "EXP_GEO": 1, "INTERP": 0, "NUMEROTATI": 1, "NUM_QUART": 29 }, "geometry": { "type": "Point", "coordinates": [ 654411.398903861641884, 6861430.174411580897868 ] } },
{ "type": "Feature", "properties": { "fid": 12593, "PREFIXE 1": "RUE", "PREFIXE 2": null, "NOM_RUE": "SAINTE-MARGUERITE-SAINT-ANTOINE", "NUMERO TXT": "15", "NOM_SAISI": "RUE SAINTE-MARGUERITE-SAINT-ANTOINE", "NOM_NOTE": "Rue Ste. Marguerite", "EXP_GEO": 1, "INTERP": 0, "NUMEROTATI": 1, "NUM_QUART": 29 }, "geometry": { "type": "Point", "coordinates": [ 654412.750272232573479, 6861437.038503517396748 ] } },
{ "type": "Feature", "properties": { "fid": 12594, "PREFIXE 1": "RUE", "PREFIXE 2": null, "NOM_RUE": "SAINTE-MARGUERITE-SAINT-ANTOINE", "NUMERO TXT": "17", "NOM_SAISI": "RUE SAINTE-MARGUERITE-SAINT-ANTOINE", "NOM_NOTE": "Rue Ste. Marguerite", "EXP_GEO": 1, "INTERP": 0, "NUMEROTATI": 1, "NUM_QUART": 29 }, "geometry": { "type": "Point", "coordinates": [ 654415.387184342835099, 6861446.59812318906188 ] } },
{ "type": "Feature", "properties": { "fid": 12595, "PREFIXE 1": "RUE", "PREFIXE 2": null, "NOM_RUE": "SAINTE-MARGUERITE-SAINT-ANTOINE", "NUMERO TXT": "19", "NOM_SAISI": "RUE SAINTE-MARGUERITE-SAINT-ANTOINE", "NOM_NOTE": "Rue Ste. Marguerite", "EXP_GEO": 1, "INTERP": 0, "NUMEROTATI": 1, "NUM_QUART": 29 }, "geometry": { "type": "Point", "coordinates": [ 654418.043714671744965, 6861457.611974111758173 ] } },
{ "type": "Feature", "properties": { "fid": 12596, "PREFIXE 1": "RUE", "PREFIXE 2": null, "NOM_RUE": "SAINTE-MARGUERITE-SAINT-ANTOINE", "NUMERO TXT": "21", "NOM_SAISI": "RUE SAINTE-MARGUERITE-SAINT-ANTOINE", "NOM_NOTE": "Rue Ste. Marguerite", "EXP_GEO": 1, "INTERP": 0, "NUMEROTATI": 1, "NUM_QUART": 29 }, "geometry": { "type": "Point", "coordinates": [ 654419.619923279969953, 6861465.925234372727573 ] } },
{ "type": "Feature", "properties": { "fid": 12597, "PREFIXE 1": "RUE", "PREFIXE 2": null, "NOM_RUE": "SAINTE-MARGUERITE-SAINT-ANTOINE", "NUMERO TXT": "23", "NOM_SAISI": "RUE SAINTE-MARGUERITE-SAINT-ANTOINE", "NOM_NOTE": "Rue Ste. Marguerite", "EXP_GEO": 1, "INTERP": 0, "NUMEROTATI": 1, "NUM_QUART": 29 }, "geometry": { "type": "Point", "coordinates": [ 654421.661010800627992, 6861477.769530613906682 ] } },
{ "type": "Feature", "properties": { "fid": 12598, "PREFIXE 1": "RUE", "PREFIXE 2": null, "NOM_RUE": "SAINTE-MARGUERITE-SAINT-ANTOINE", "NUMERO TXT": "25", "NOM_SAISI": "RUE SAINTE-MARGUERITE-SAINT-ANTOINE", "NOM_NOTE": "Rue Ste. Marguerite", "EXP_GEO": 1, "INTERP": 0, "NUMEROTATI": 1, "NUM_QUART": 29 }, "geometry": { "type": "Point", "coordinates": [ 654424.339437743765302, 6861490.852079465053976 ] } },
{ "type": "Feature", "properties": { "fid": 12599, "PREFIXE 1": "RUE", "PREFIXE 2": null, "NOM_RUE": "SAINTE-MARGUERITE-SAINT-ANTOINE", "NUMERO TXT": "27", "NOM_SAISI": "RUE SAINTE-MARGUERITE-SAINT-ANTOINE", "NOM_NOTE": "Rue Ste. Marguerite", "EXP_GEO": 1, "INTERP": 0, "NUMEROTATI": 1, "NUM_QUART": 29 }, "geometry": { "type": "Point", "coordinates": [ 654425.678690161090344, 6861497.495293978601694 ] } },
{ "type": "Feature", "properties": { "fid": 12600, "PREFIXE 1": "RUE", "PREFIXE 2": null, "NOM_RUE": "SAINTE-MARGUERITE-SAINT-ANTOINE", "NUMERO TXT": "29", "NOM_SAISI": "RUE SAINTE-MARGUERITE-SAINT-ANTOINE", "NOM_NOTE": "Rue Ste. Marguerite", "EXP_GEO": 1, "INTERP": 0, "NUMEROTATI": 1, "NUM_QUART": 29 }, "geometry": { "type": "Point", "coordinates": [ 654426.590293008368462, 6861503.309059754014015 ] } },
{ "type": "Feature", "properties": { "fid": 12601, "PREFIXE 1": "RUE", "PREFIXE 2": null, "NOM_RUE": "SAINTE-MARGUERITE-SAINT-ANTOINE", "NUMERO TXT": "31", "NOM_SAISI": "RUE SAINTE-MARGUERITE-SAINT-ANTOINE", "NOM_NOTE": "Rue Ste. Marguerite", "EXP_GEO": 1, "INTERP": 0, "NUMEROTATI": 1, "NUM_QUART": 29 }, "geometry": { "type": "Point", "coordinates": [ 654427.936310168355703, 6861510.573113593272865 ] } },
{ "type": "Feature", "properties": { "fid": 12602, "PREFIXE 1": "RUE", "PREFIXE 2": null, "NOM_RUE": "SAINTE-MARGUERITE-SAINT-ANTOINE", "NUMERO TXT": "33", "NOM_SAISI": "RUE SAINTE-MARGUERITE-SAINT-ANTOINE", "NOM_NOTE": "Rue Ste. Marguerite", "EXP_GEO": 1, "INTERP": 0, "NUMEROTATI": 1, "NUM_QUART": 29 }, "geometry": { "type": "Point", "coordinates": [ 654430.369641644298099, 6861521.566629755310714 ] } },
{ "type": "Feature", "properties": { "fid": 12603, "PREFIXE 1": "RUE", "PREFIXE 2": null, "NOM_RUE": "SAINTE-MARGUERITE-SAINT-ANTOINE", "NUMERO TXT": "35", "NOM_SAISI": "RUE SAINTE-MARGUERITE-SAINT-ANTOINE", "NOM_NOTE": "Rue Ste. Marguerite", "EXP_GEO": 1, "INTERP": 0, "NUMEROTATI": 1, "NUM_QUART": 29 }, "geometry": { "type": "Point", "coordinates": [ 654432.185976684559137, 6861533.184353559277952 ] } },
{ "type": "Feature", "properties": { "fid": 12604, "PREFIXE 1": "RUE", "PREFIXE 2": null, "NOM_RUE": "SAINTE-MARGUERITE-SAINT-ANTOINE", "NUMERO TXT": "37", "NOM_SAISI": "RUE SAINTE-MARGUERITE-SAINT-ANTOINE", "NOM_NOTE": "Rue Ste. Marguerite", "EXP_GEO": 1, "INTERP": 0, "NUMEROTATI": 1, "NUM_QUART": 29 }, "geometry": { "type": "Point", "coordinates": [ 654435.020690409466624, 6861543.543972782790661 ] } },
{ "type": "Feature", "properties": { "fid": 12605, "PREFIXE 1": "RUE", "PREFIXE 2": null, "NOM_RUE": "SAINTE-MARGUERITE-SAINT-ANTOINE", "NUMERO TXT": "39", "NOM_SAISI": "RUE SAINTE-MARGUERITE-SAINT-ANTOINE", "NOM_NOTE": "Rue Ste. Marguerite", "EXP_GEO": 1, "INTERP": 0, "NUMEROTATI": 1, "NUM_QUART": 29 }, "geometry": { "type": "Point", "coordinates": [ 654439.366634264704771, 6861558.661263903602958 ] } },
{ "type": "Feature", "properties": { "fid": 12606, "PREFIXE 1": "RUE", "PREFIXE 2": null, "NOM_RUE": "SAINTE-MARGUERITE-SAINT-ANTOINE", "NUMERO TXT": "41", "NOM_SAISI": "RUE SAINTE-MARGUERITE-SAINT-ANTOINE", "NOM_NOTE": "Rue Ste. Marguerite", "EXP_GEO": 1, "INTERP": 0, "NUMEROTATI": 1, "NUM_QUART": 29 }, "geometry": { "type": "Point", "coordinates": [ 654450.672250972129405, 6861618.278596795164049 ] } },
{ "type": "Feature", "properties": { "fid": 12607, "PREFIXE 1": "RUE", "PREFIXE 2": null, "NOM_RUE": "SAINTE-MARGUERITE-SAINT-ANTOINE", "NUMERO TXT": "58", "NOM_SAISI": "RUE SAINTE-MARGUERITE-SAINT-ANTOINE", "NOM_NOTE": "Rue Ste. Marguerite", "EXP_GEO": 1, "INTERP": 0, "NUMEROTATI": 1, "NUM_QUART": 29 }, "geometry": { "type": "Point", "coordinates": [ 654468.891913490719162, 6861652.289298468269408 ] } },
{ "type": "Feature", "properties": { "fid": 12608, "PREFIXE 1": "RUE", "PREFIXE 2": null, "NOM_RUE": "SAINTE-MARGUERITE-SAINT-ANTOINE", "NUMERO TXT": "56", "NOM_SAISI": "RUE SAINTE-MARGUERITE-SAINT-ANTOINE", "NOM_NOTE": "Rue Ste. Marguerite", "EXP_GEO": 1, "INTERP": 0, "NUMEROTATI": 1, "NUM_QUART": 29 }, "geometry": { "type": "Point", "coordinates": [ 654466.896986007806845, 6861640.509787607006729 ] } },
{ "type": "Feature", "properties": { "fid": 12609, "PREFIXE 1": "RUE", "PREFIXE 2": null, "NOM_RUE": "SAINTE-MARGUERITE-SAINT-ANTOINE", "NUMERO TXT": "54", "NOM_SAISI": "RUE SAINTE-MARGUERITE-SAINT-ANTOINE", "NOM_NOTE": "Rue Ste. Marguerite", "EXP_GEO": 1, "INTERP": 0, "NUMEROTATI": 1, "NUM_QUART": 29 }, "geometry": { "type": "Point", "coordinates": [ 654464.465472006821074, 6861627.072895266115665 ] } },
{ "type": "Feature", "properties": { "fid": 12610, "PREFIXE 1": "RUE", "PREFIXE 2": null, "NOM_RUE": "SAINTE-MARGUERITE-SAINT-ANTOINE", "NUMERO TXT": "52", "NOM_SAISI": "RUE SAINTE-MARGUERITE-SAINT-ANTOINE", "NOM_NOTE": "Rue Ste. Marguerite", "EXP_GEO": 1, "INTERP": 0, "NUMEROTATI": 1, "NUM_QUART": 29 }, "geometry": { "type": "Point", "coordinates": [ 654462.678586070658639, 6861615.903718062676489 ] } },
{ "type": "Feature", "properties": { "fid": 12611, "PREFIXE 1": "RUE", "PREFIXE 2": null, "NOM_RUE": "SAINTE-MARGUERITE-SAINT-ANTOINE", "NUMERO TXT": "50", "NOM_SAISI": "RUE SAINTE-MARGUERITE-SAINT-ANTOINE", "NOM_NOTE": "Rue Ste. Marguerite", "EXP_GEO": 1, "INTERP": 0, "NUMEROTATI": 1, "NUM_QUART": 29 }, "geometry": { "type": "Point", "coordinates": [ 654460.976277518784627, 6861594.574952106922865 ] } },
{ "type": "Feature", "properties": { "fid": 12612, "PREFIXE 1": "RUE", "PREFIXE 2": null, "NOM_RUE": "SAINTE-MARGUERITE-SAINT-ANTOINE", "NUMERO TXT": "48", "NOM_SAISI": "RUE SAINTE-MARGUERITE-SAINT-ANTOINE", "NOM_NOTE": "Rue Ste. Marguerite", "EXP_GEO": 1, "INTERP": 0, "NUMEROTATI": 1, "NUM_QUART": 29 }, "geometry": { "type": "Point", "coordinates": [ 654452.129286938463338, 6861566.858380608260632 ] } },
{ "type": "Feature", "properties": { "fid": 12613, "PREFIXE 1": "RUE", "PREFIXE 2": null, "NOM_RUE": "SAINTE-MARGUERITE-SAINT-ANTOINE", "NUMERO TXT": "46", "NOM_SAISI": "RUE SAINTE-MARGUERITE-SAINT-ANTOINE", "NOM_NOTE": "Rue Ste. Marguerite", "EXP_GEO": 1, "INTERP": 0, "NUMEROTATI": 1, "NUM_QUART": 29 }, "geometry": { "type": "Point", "coordinates": [ 654450.382952709216624, 6861560.025464079342782 ] } },
{ "type": "Feature", "properties": { "fid": 12614, "PREFIXE 1": "RUE", "PREFIXE 2": null, "NOM_RUE": "SAINTE-MARGUERITE-SAINT-ANTOINE", "NUMERO TXT": "44", "NOM_SAISI": "RUE SAINTE-MARGUERITE-SAINT-ANTOINE", "NOM_NOTE": "Rue Ste. Marguerite", "EXP_GEO": 1, "INTERP": 0, "NUMEROTATI": 1, "NUM_QUART": 29 }, "geometry": { "type": "Point", "coordinates": [ 654447.946197324898094, 6861548.007457182742655 ] } },
{ "type": "Feature", "properties": { "fid": 12615, "PREFIXE 1": "RUE", "PREFIXE 2": null, "NOM_RUE": "SAINTE-MARGUERITE-SAINT-ANTOINE", "NUMERO TXT": "42", "NOM_SAISI": "RUE SAINTE-MARGUERITE-SAINT-ANTOINE", "NOM_NOTE": "Rue Ste. Marguerite", "EXP_GEO": 1, "INTERP": 0, "NUMEROTATI": 1, "NUM_QUART": 29 }, "geometry": { "type": "Point", "coordinates": [ 654444.452151399455033, 6861534.74735747743398 ] } },
{ "type": "Feature", "properties": { "fid": 12616, "PREFIXE 1": "RUE", "PREFIXE 2": null, "NOM_RUE": "SAINTE-MARGUERITE-SAINT-ANTOINE", "NUMERO TXT": "40", "NOM_SAISI": "RUE SAINTE-MARGUERITE-SAINT-ANTOINE", "NOM_NOTE": "Rue Ste. Marguerite", "EXP_GEO": 1, "INTERP": 0, "NUMEROTATI": 1, "NUM_QUART": 29 }, "geometry": { "type": "Point", "coordinates": [ 654442.465532151400112, 6861525.832221850752831 ] } },
{ "type": "Feature", "properties": { "fid": 12617, "PREFIXE 1": "RUE", "PREFIXE 2": null, "NOM_RUE": "SAINTE-MARGUERITE-SAINT-ANTOINE", "NUMERO TXT": "38", "NOM_SAISI": "RUE SAINTE-MARGUERITE-SAINT-ANTOINE", "NOM_NOTE": "Rue Ste. Marguerite", "EXP_GEO": 1, "INTERP": 0, "NUMEROTATI": 1, "NUM_QUART": 29 }, "geometry": { "type": "Point", "coordinates": [ 654439.854506899486296, 6861516.919574586674571 ] } },
{ "type": "Feature", "properties": { "fid": 12618, "PREFIXE 1": "RUE", "PREFIXE 2": null, "NOM_RUE": "SAINTE-MARGUERITE-SAINT-ANTOINE", "NUMERO TXT": "34-36", "NOM_SAISI": "RUE SAINTE-MARGUERITE-SAINT-ANTOINE", "NOM_NOTE": "Rue Ste. Marguerite", "EXP_GEO": 0, "INTERP": 0, "NUMEROTATI": 1, "NUM_QUART": 29 }, "geometry": { "type": "Point", "coordinates": [ 654437.38598994561471, 6861503.430384061299264 ] } },
{ "type": "Feature", "properties": { "fid": 12619, "PREFIXE 1": "RUE", "PREFIXE 2": null, "NOM_RUE": "SAINTE-MARGUERITE-SAINT-ANTOINE", "NUMERO TXT": "32", "NOM_SAISI": "RUE SAINTE-MARGUERITE-SAINT-ANTOINE", "NOM_NOTE": "Rue Ste. Marguerite", "EXP_GEO": 1, "INTERP": 0, "NUMEROTATI": 1, "NUM_QUART": 29 }, "geometry": { "type": "Point", "coordinates": [ 654435.565549480961636, 6861492.009837620891631 ] } },
{ "type": "Feature", "properties": { "fid": 12620, "PREFIXE 1": "RUE", "PREFIXE 2": null, "NOM_RUE": "SAINTE-MARGUERITE-SAINT-ANTOINE", "NUMERO TXT": "30", "NOM_SAISI": "RUE SAINTE-MARGUERITE-SAINT-ANTOINE", "NOM_NOTE": "Rue Ste. Marguerite", "EXP_GEO": 1, "INTERP": 0, "NUMEROTATI": 1, "NUM_QUART": 29 }, "geometry": { "type": "Point", "coordinates": [ 654434.454089908860624, 6861486.819595398381352 ] } },
{ "type": "Feature", "properties": { "fid": 12621, "PREFIXE 1": "RUE", "PREFIXE 2": null, "NOM_RUE": "SAINTE-MARGUERITE-SAINT-ANTOINE", "NUMERO TXT": "28", "NOM_SAISI": "RUE SAINTE-MARGUERITE-SAINT-ANTOINE", "NOM_NOTE": "Rue Ste. Marguerite", "EXP_GEO": 1, "INTERP": 0, "NUMEROTATI": 1, "NUM_QUART": 29 }, "geometry": { "type": "Point", "coordinates": [ 654432.487868265947327, 6861479.971167422831059 ] } },
{ "type": "Feature", "properties": { "fid": 12622, "PREFIXE 1": "RUE", "PREFIXE 2": null, "NOM_RUE": "SAINTE-MARGUERITE-SAINT-ANTOINE", "NUMERO TXT": "26", "NOM_SAISI": "RUE SAINTE-MARGUERITE-SAINT-ANTOINE", "NOM_NOTE": "Rue Ste. Marguerite", "EXP_GEO": 1, "INTERP": 0, "NUMEROTATI": 1, "NUM_QUART": 29 }, "geometry": { "type": "Point", "coordinates": [ 654431.134258230915293, 6861472.492146433331072 ] } },
{ "type": "Feature", "properties": { "fid": 12623, "PREFIXE 1": "RUE", "PREFIXE 2": null, "NOM_RUE": "SAINTE-MARGUERITE-SAINT-ANTOINE", "NUMERO TXT": "24", "NOM_SAISI": "RUE SAINTE-MARGUERITE-SAINT-ANTOINE", "NOM_NOTE": "Rue Ste. Marguerite", "EXP_GEO": 1, "INTERP": 0, "NUMEROTATI": 1, "NUM_QUART": 29 }, "geometry": { "type": "Point", "coordinates": [ 654430.203751520253718, 6861465.63235570397228 ] } },
{ "type": "Feature", "properties": { "fid": 12624, "PREFIXE 1": "RUE", "PREFIXE 2": null, "NOM_RUE": "SAINTE-MARGUERITE-SAINT-ANTOINE", "NUMERO TXT": "22", "NOM_SAISI": "RUE SAINTE-MARGUERITE-SAINT-ANTOINE", "NOM_NOTE": "Rue Ste. Marguerite", "EXP_GEO": 1, "INTERP": 0, "NUMEROTATI": 1, "NUM_QUART": 29 }, "geometry": { "type": "Point", "coordinates": [ 654428.64945506292861, 6861458.776072901673615 ] } },
{ "type": "Feature", "properties": { "fid": 12625, "PREFIXE 1": "RUE", "PREFIXE 2": null, "NOM_RUE": "SAINTE-MARGUERITE-SAINT-ANTOINE", "NUMERO TXT": "20", "NOM_SAISI": "RUE SAINTE-MARGUERITE-SAINT-ANTOINE", "NOM_NOTE": "Rue Ste. Marguerite", "EXP_GEO": 1, "INTERP": 0, "NUMEROTATI": 1, "NUM_QUART": 29 }, "geometry": { "type": "Point", "coordinates": [ 654427.084772113710642, 6861451.293762479908764 ] } },
{ "type": "Feature", "properties": { "fid": 12626, "PREFIXE 1": "RUE", "PREFIXE 2": null, "NOM_RUE": "SAINTE-MARGUERITE-SAINT-ANTOINE", "NUMERO TXT": "18", "NOM_SAISI": "RUE SAINTE-MARGUERITE-SAINT-ANTOINE", "NOM_NOTE": "Rue Ste. Marguerite", "EXP_GEO": 1, "INTERP": 0, "NUMEROTATI": 1, "NUM_QUART": 29 }, "geometry": { "type": "Point", "coordinates": [ 654425.091042225831188, 6861442.980061931535602 ] } },
{ "type": "Feature", "properties": { "fid": 12627, "PREFIXE 1": "RUE", "PREFIXE 2": null, "NOM_RUE": "SAINTE-MARGUERITE-SAINT-ANTOINE", "NUMERO TXT": "16", "NOM_SAISI": "RUE SAINTE-MARGUERITE-SAINT-ANTOINE", "NOM_NOTE": "Rue Ste. Marguerite", "EXP_GEO": 1, "INTERP": 0, "NUMEROTATI": 1, "NUM_QUART": 29 }, "geometry": { "type": "Point", "coordinates": [ 654423.079812529496849, 6861433.622705831192434 ] } },
{ "type": "Feature", "properties": { "fid": 12628, "PREFIXE 1": "RUE", "PREFIXE 2": null, "NOM_RUE": "SAINTE-MARGUERITE-SAINT-ANTOINE", "NUMERO TXT": "14", "NOM_SAISI": "RUE SAINTE-MARGUERITE-SAINT-ANTOINE", "NOM_NOTE": "Rue Ste. Marguerite", "EXP_GEO": 1, "INTERP": 0, "NUMEROTATI": 1, "NUM_QUART": 29 }, "geometry": { "type": "Point", "coordinates": [ 654421.73469412419945, 6861427.174607963301241 ] } },
{ "type": "Feature", "properties": { "fid": 12629, "PREFIXE 1": "RUE", "PREFIXE 2": null, "NOM_RUE": "SAINTE-MARGUERITE-SAINT-ANTOINE", "NUMERO TXT": "12", "NOM_SAISI": "RUE SAINTE-MARGUERITE-SAINT-ANTOINE", "NOM_NOTE": "Rue Ste. Marguerite", "EXP_GEO": 1, "INTERP": 0, "NUMEROTATI": 1, "NUM_QUART": 29 }, "geometry": { "type": "Point", "coordinates": [ 654419.769034099415876, 6861420.938573898747563 ] } },
{ "type": "Feature", "properties": { "fid": 12630, "PREFIXE 1": "RUE", "PREFIXE 2": null, "NOM_RUE": "SAINTE-MARGUERITE-SAINT-ANTOINE", "NUMERO TXT": "10", "NOM_SAISI": "RUE SAINTE-MARGUERITE-SAINT-ANTOINE", "NOM_NOTE": "Rue Ste. Marguerite", "EXP_GEO": 1, "INTERP": 0, "NUMEROTATI": 1, "NUM_QUART": 29 }, "geometry": { "type": "Point", "coordinates": [ 654418.632998425862752, 6861414.694695667363703 ] } },
{ "type": "Feature", "properties": { "fid": 12631, "PREFIXE 1": "RUE", "PREFIXE 2": null, "NOM_RUE": "SAINTE-MARGUERITE-SAINT-ANTOINE", "NUMERO TXT": "8", "NOM_SAISI": "RUE SAINTE-MARGUERITE-SAINT-ANTOINE", "NOM_NOTE": "Rue Ste. Marguerite", "EXP_GEO": 1, "INTERP": 0, "NUMEROTATI": 1, "NUM_QUART": 29 }, "geometry": { "type": "Point", "coordinates": [ 654416.227140900213271, 6861407.000254455953836 ] } },
{ "type": "Feature", "properties": { "fid": 12632, "PREFIXE 1": "RUE", "PREFIXE 2": null, "NOM_RUE": "SAINTE-MARGUERITE-SAINT-ANTOINE", "NUMERO TXT": "6", "NOM_SAISI": "RUE SAINTE-MARGUERITE-SAINT-ANTOINE", "NOM_NOTE": "Rue Ste. Marguerite", "EXP_GEO": 1, "INTERP": 0, "NUMEROTATI": 1, "NUM_QUART": 29 }, "geometry": { "type": "Point", "coordinates": [ 654415.290138888871297, 6861400.334974241442978 ] } },
{ "type": "Feature", "properties": { "fid": 12633, "PREFIXE 1": "RUE", "PREFIXE 2": null, "NOM_RUE": "SAINTE-MARGUERITE-SAINT-ANTOINE", "NUMERO TXT": "2-4", "NOM_SAISI": "RUE SAINTE-MARGUERITE-SAINT-ANTOINE", "NOM_NOTE": "Rue Ste. Marguerite", "EXP_GEO": 0, "INTERP": 0, "NUMEROTATI": 1, "NUM_QUART": 29 }, "geometry": { "type": "Point", "coordinates": [ 654411.302690172800794, 6861384.930732411332428 ] } },
{ "type": "Feature", "properties": { "fid": 12634, "PREFIXE 1": "CUL-DE-SAC", "PREFIXE 2": "DE LA", "NOM_RUE": "FORGE-ROYALE", "NUMERO TXT": "1", "NOM_SAISI": "CUL-DE-SAC DE LA FORGE-ROYALE", "NOM_NOTE": "C. de Sac de la Forge Royale", "EXP_GEO": 1, "INTERP": 0, "NUMEROTATI": 1, "NUM_QUART": 29 }, "geometry": { "type": "Point", "coordinates": [ 654515.011461568297818, 6861357.4079824751243 ] } },
{ "type": "Feature", "properties": { "fid": 12635, "PREFIXE 1": "CUL-DE-SAC", "PREFIXE 2": "DE LA", "NOM_RUE": "FORGE-ROYALE", "NUMERO TXT": "3", "NOM_SAISI": "CUL-DE-SAC DE LA FORGE-ROYALE", "NOM_NOTE": "C. de Sac de la Forge Royale", "EXP_GEO": 1, "INTERP": 0, "NUMEROTATI": 1, "NUM_QUART": 29 }, "geometry": { "type": "Point", "coordinates": [ 654516.217020807089284, 6861367.628308829851449 ] } },
{ "type": "Feature", "properties": { "fid": 12636, "PREFIXE 1": "CUL-DE-SAC", "PREFIXE 2": "DE LA", "NOM_RUE": "FORGE-ROYALE", "NUMERO TXT": "5", "NOM_SAISI": "CUL-DE-SAC DE LA FORGE-ROYALE", "NOM_NOTE": "C. de Sac de la Forge Royale", "EXP_GEO": 1, "INTERP": 0, "NUMEROTATI": 1, "NUM_QUART": 29 }, "geometry": { "type": "Point", "coordinates": [ 654517.855751123395748, 6861379.094071961008012 ] } },
{ "type": "Feature", "properties": { "fid": 12637, "PREFIXE 1": "CUL-DE-SAC", "PREFIXE 2": "DE LA", "NOM_RUE": "FORGE-ROYALE", "NUMERO TXT": "2", "NOM_SAISI": "CUL-DE-SAC DE LA FORGE-ROYALE", "NOM_NOTE": "C. de Sac de la Forge Royale", "EXP_GEO": 1, "INTERP": 0, "NUMEROTATI": 1, "NUM_QUART": 29 }, "geometry": { "type": "Point", "coordinates": [ 654524.738443931331858, 6861355.246522189117968 ] } },
{ "type": "Feature", "properties": { "fid": 12638, "PREFIXE 1": "CUL-DE-SAC", "PREFIXE 2": "DE LA", "NOM_RUE": "FORGE-ROYALE", "NUMERO TXT": "4", "NOM_SAISI": "CUL-DE-SAC DE LA FORGE-ROYALE", "NOM_NOTE": "C. de Sac de la Forge Royale", "EXP_GEO": 1, "INTERP": 0, "NUMEROTATI": 1, "NUM_QUART": 29 }, "geometry": { "type": "Point", "coordinates": [ 654526.148328027222306, 6861365.257176974788308 ] } },
{ "type": "Feature", "properties": { "fid": 12639, "PREFIXE 1": "CUL-DE-SAC", "PREFIXE 2": "DE LA", "NOM_RUE": "FORGE-ROYALE", "NUMERO TXT": "6", "NOM_SAISI": "CUL-DE-SAC DE LA FORGE-ROYALE", "NOM_NOTE": "C. de Sac de la Forge Royale", "EXP_GEO": 1, "INTERP": 0, "NUMEROTATI": 1, "NUM_QUART": 29 }, "geometry": { "type": "Point", "coordinates": [ 654529.039841557038017, 6861377.131605978123844 ] } },
{ "type": "Feature", "properties": { "fid": 12640, "PREFIXE 1": "RUE", "PREFIXE 2": null, "NOM_RUE": "SAINT-BERNARD", "NUMERO TXT": "1", "NOM_SAISI": "RUE SAINT-BERNARD", "NOM_NOTE": "Rue St. Bernard", "EXP_GEO": 1, "INTERP": 0, "NUMEROTATI": 1, "NUM_QUART": 29 }, "geometry": { "type": "Point", "coordinates": [ 654607.955691523500718, 6861350.456798494793475 ] } },
{ "type": "Feature", "properties": { "fid": 12641, "PREFIXE 1": "RUE", "PREFIXE 2": null, "NOM_RUE": "SAINT-BERNARD", "NUMERO TXT": "3", "NOM_SAISI": "RUE SAINT-BERNARD", "NOM_NOTE": "Rue St. Bernard", "EXP_GEO": 1, "INTERP": 0, "NUMEROTATI": 1, "NUM_QUART": 29 }, "geometry": { "type": "Point", "coordinates": [ 654609.131970841437578, 6861359.008773656561971 ] } },
{ "type": "Feature", "properties": { "fid": 12642, "PREFIXE 1": "RUE", "PREFIXE 2": null, "NOM_RUE": "SAINT-BERNARD", "NUMERO TXT": "5", "NOM_SAISI": "RUE SAINT-BERNARD", "NOM_NOTE": "Rue St. Bernard", "EXP_GEO": 1, "INTERP": 0, "NUMEROTATI": 1, "NUM_QUART": 29 }, "geometry": { "type": "Point", "coordinates": [ 654611.262352082761936, 6861375.481540651991963 ] } },
{ "type": "Feature", "properties": { "fid": 12643, "PREFIXE 1": "RUE", "PREFIXE 2": null, "NOM_RUE": "SAINT-BERNARD", "NUMERO TXT": "7", "NOM_SAISI": "RUE SAINT-BERNARD", "NOM_NOTE": "Rue St. Bernard", "EXP_GEO": 1, "INTERP": 0, "NUMEROTATI": 1, "NUM_QUART": 29 }, "geometry": { "type": "Point", "coordinates": [ 654613.556159411440603, 6861389.44197881873697 ] } },
{ "type": "Feature", "properties": { "fid": 12644, "PREFIXE 1": "RUE", "PREFIXE 2": null, "NOM_RUE": "SAINT-BERNARD", "NUMERO TXT": "9", "NOM_SAISI": "RUE SAINT-BERNARD", "NOM_NOTE": "Rue St. Bernard", "EXP_GEO": 1, "INTERP": 0, "NUMEROTATI": 1, "NUM_QUART": 29 }, "geometry": { "type": "Point", "coordinates": [ 654614.219104316900484, 6861405.701304322108626 ] } },
{ "type": "Feature", "properties": { "fid": 12645, "PREFIXE 1": "RUE", "PREFIXE 2": null, "NOM_RUE": "SAINT-BERNARD", "NUMERO TXT": "11", "NOM_SAISI": "RUE SAINT-BERNARD", "NOM_NOTE": "Rue St. Bernard", "EXP_GEO": 1, "INTERP": 0, "NUMEROTATI": 1, "NUM_QUART": 29 }, "geometry": { "type": "Point", "coordinates": [ 654615.291874760761857, 6861421.949457104317844 ] } },
{ "type": "Feature", "properties": { "fid": 12646, "PREFIXE 1": "RUE", "PREFIXE 2": null, "NOM_RUE": "SAINT-BERNARD", "NUMERO TXT": "13", "NOM_SAISI": "RUE SAINT-BERNARD", "NOM_NOTE": "Rue St. Bernard", "EXP_GEO": 1, "INTERP": 0, "NUMEROTATI": 1, "NUM_QUART": 29 }, "geometry": { "type": "Point", "coordinates": [ 654616.06413111044094, 6861432.151717351749539 ] } },
{ "type": "Feature", "properties": { "fid": 12647, "PREFIXE 1": "RUE", "PREFIXE 2": null, "NOM_RUE": "SAINT-BERNARD", "NUMERO TXT": "15", "NOM_SAISI": "RUE SAINT-BERNARD", "NOM_NOTE": "Rue St. Bernard", "EXP_GEO": 1, "INTERP": 0, "NUMEROTATI": 1, "NUM_QUART": 29 }, "geometry": { "type": "Point", "coordinates": [ 654616.852081929333508, 6861443.599946104921401 ] } },
{ "type": "Feature", "properties": { "fid": 12648, "PREFIXE 1": "RUE", "PREFIXE 2": null, "NOM_RUE": "SAINT-BERNARD", "NUMERO TXT": "17", "NOM_SAISI": "RUE SAINT-BERNARD", "NOM_NOTE": "Rue St. Bernard", "EXP_GEO": 1, "INTERP": 0, "NUMEROTATI": 1, "NUM_QUART": 29 }, "geometry": { "type": "Point", "coordinates": [ 654618.894650239264593, 6861455.86752550303936 ] } },
{ "type": "Feature", "properties": { "fid": 12649, "PREFIXE 1": "RUE", "PREFIXE 2": null, "NOM_RUE": "SAINT-BERNARD", "NUMERO TXT": "19", "NOM_SAISI": "RUE SAINT-BERNARD", "NOM_NOTE": "Rue St. Bernard", "EXP_GEO": 1, "INTERP": 0, "NUMEROTATI": 1, "NUM_QUART": 29 }, "geometry": { "type": "Point", "coordinates": [ 654620.783546602237038, 6861472.292384501546621 ] } },
{ "type": "Feature", "properties": { "fid": 12650, "PREFIXE 1": "RUE", "PREFIXE 2": null, "NOM_RUE": "SAINT-BERNARD", "NUMERO TXT": "2", "NOM_SAISI": "RUE SAINT-BERNARD", "NOM_NOTE": "Rue St. Bernard", "EXP_GEO": 1, "INTERP": 0, "NUMEROTATI": 1, "NUM_QUART": 29 }, "geometry": { "type": "Point", "coordinates": [ 654621.04079495172482, 6861350.362731665372849 ] } },
{ "type": "Feature", "properties": { "fid": 12651, "PREFIXE 1": "RUE", "PREFIXE 2": null, "NOM_RUE": "SAINT-BERNARD", "NUMERO TXT": "4", "NOM_SAISI": "RUE SAINT-BERNARD", "NOM_NOTE": "Rue St. Bernard", "EXP_GEO": 1, "INTERP": 0, "NUMEROTATI": 1, "NUM_QUART": 29 }, "geometry": { "type": "Point", "coordinates": [ 654622.889554114430211, 6861362.041108976118267 ] } },
{ "type": "Feature", "properties": { "fid": 12652, "PREFIXE 1": "RUE", "PREFIXE 2": null, "NOM_RUE": "SAINT-BERNARD", "NUMERO TXT": "6", "NOM_SAISI": "RUE SAINT-BERNARD", "NOM_NOTE": "Rue St. Bernard", "EXP_GEO": 1, "INTERP": 0, "NUMEROTATI": 1, "NUM_QUART": 29 }, "geometry": { "type": "Point", "coordinates": [ 654625.02442425605841, 6861378.929406964220107 ] } },
{ "type": "Feature", "properties": { "fid": 12653, "PREFIXE 1": "RUE", "PREFIXE 2": null, "NOM_RUE": "SAINT-BERNARD", "NUMERO TXT": "8", "NOM_SAISI": "RUE SAINT-BERNARD", "NOM_NOTE": "Rue St. Bernard", "EXP_GEO": 1, "INTERP": 0, "NUMEROTATI": 1, "NUM_QUART": 29 }, "geometry": { "type": "Point", "coordinates": [ 654625.827682726201601, 6861390.604911675676703 ] } },
{ "type": "Feature", "properties": { "fid": 12654, "PREFIXE 1": "RUE", "PREFIXE 2": null, "NOM_RUE": "SAINT-BERNARD", "NUMERO TXT": "10", "NOM_SAISI": "RUE SAINT-BERNARD", "NOM_NOTE": "Rue St. Bernard", "EXP_GEO": 1, "INTERP": 0, "NUMEROTATI": 1, "NUM_QUART": 29 }, "geometry": { "type": "Point", "coordinates": [ 654626.451834612293169, 6861404.362215334549546 ] } },
{ "type": "Feature", "properties": { "fid": 12655, "PREFIXE 1": "RUE", "PREFIXE 2": null, "NOM_RUE": "SAINT-BERNARD", "NUMERO TXT": "12", "NOM_SAISI": "RUE SAINT-BERNARD", "NOM_NOTE": "Rue St. Bernard", "EXP_GEO": 1, "INTERP": 0, "NUMEROTATI": 1, "NUM_QUART": 29 }, "geometry": { "type": "Point", "coordinates": [ 654627.76855456456542, 6861423.109355323947966 ] } },
{ "type": "Feature", "properties": { "fid": 12656, "PREFIXE 1": "RUE", "PREFIXE 2": null, "NOM_RUE": "SAINT-BERNARD", "NUMERO TXT": "14", "NOM_SAISI": "RUE SAINT-BERNARD", "NOM_NOTE": "Rue St. Bernard", "EXP_GEO": 1, "INTERP": 0, "NUMEROTATI": 1, "NUM_QUART": 29 }, "geometry": { "type": "Point", "coordinates": [ 654627.877922106999904, 6861430.608160642907023 ] } },
{ "type": "Feature", "properties": { "fid": 12657, "PREFIXE 1": "RUE", "PREFIXE 2": null, "NOM_RUE": "SAINT-BERNARD", "NUMERO TXT": "16", "NOM_SAISI": "RUE SAINT-BERNARD", "NOM_NOTE": "Rue St. Bernard", "EXP_GEO": 1, "INTERP": 0, "NUMEROTATI": 1, "NUM_QUART": 29 }, "geometry": { "type": "Point", "coordinates": [ 654628.612006097100675, 6861438.308960092253983 ] } },
{ "type": "Feature", "properties": { "fid": 12658, "PREFIXE 1": "RUE", "PREFIXE 2": null, "NOM_RUE": "SAINT-BERNARD", "NUMERO TXT": "18", "NOM_SAISI": "RUE SAINT-BERNARD", "NOM_NOTE": "Rue St. Bernard", "EXP_GEO": 1, "INTERP": 0, "NUMEROTATI": 1, "NUM_QUART": 29 }, "geometry": { "type": "Point", "coordinates": [ 654629.561316599138081, 6861446.630943408235908 ] } },
{ "type": "Feature", "properties": { "fid": 12659, "PREFIXE 1": "RUE", "PREFIXE 2": null, "NOM_RUE": "SAINT-BERNARD", "NUMERO TXT": "20-22", "NOM_SAISI": "RUE SAINT-BERNARD", "NOM_NOTE": "Rue St. Bernard", "EXP_GEO": 0, "INTERP": 0, "NUMEROTATI": 1, "NUM_QUART": 29 }, "geometry": { "type": "Point", "coordinates": [ 654632.104201839771122, 6861465.1364811277017 ] } },
{ "type": "Feature", "properties": { "fid": 12660, "PREFIXE 1": "RUE", "PREFIXE 2": null, "NOM_RUE": "SAINT-BERNARD", "NUMERO TXT": "24", "NOM_SAISI": "RUE SAINT-BERNARD", "NOM_NOTE": "Rue St. Bernard", "EXP_GEO": 1, "INTERP": 0, "NUMEROTATI": 1, "NUM_QUART": 29 }, "geometry": { "type": "Point", "coordinates": [ 654634.327201174688525, 6861491.32698308583349 ] } },
{ "type": "Feature", "properties": { "fid": 12661, "PREFIXE 1": "RUE", "PREFIXE 2": null, "NOM_RUE": "SAINT-BERNARD", "NUMERO TXT": "26", "NOM_SAISI": "RUE SAINT-BERNARD", "NOM_NOTE": "Rue St. Bernard", "EXP_GEO": 1, "INTERP": 0, "NUMEROTATI": 1, "NUM_QUART": 29 }, "geometry": { "type": "Point", "coordinates": [ 654638.085825946298428, 6861525.170121209695935 ] } },
{ "type": "Feature", "properties": { "fid": 12662, "PREFIXE 1": "RUE", "PREFIXE 2": null, "NOM_RUE": "SAINT-BERNARD", "NUMERO TXT": "28", "NOM_SAISI": "RUE SAINT-BERNARD", "NOM_NOTE": "Rue St. Bernard", "EXP_GEO": 1, "INTERP": 0, "NUMEROTATI": 1, "NUM_QUART": 29 }, "geometry": { "type": "Point", "coordinates": [ 654608.334901095717214, 6861570.424911317415535 ] } },
{ "type": "Feature", "properties": { "fid": 12663, "PREFIXE 1": "RUE", "PREFIXE 2": null, "NOM_RUE": "SAINT-BERNARD", "NUMERO TXT": "21", "NOM_SAISI": "RUE SAINT-BERNARD", "NOM_NOTE": "Rue St. Bernard", "EXP_GEO": 1, "INTERP": 0, "NUMEROTATI": 1, "NUM_QUART": 29 }, "geometry": { "type": "Point", "coordinates": [ 654605.236199179547839, 6861554.26674625184387 ] } },
{ "type": "Feature", "properties": { "fid": 12664, "PREFIXE 1": "RUE", "PREFIXE 2": null, "NOM_RUE": "SAINT-BERNARD", "NUMERO TXT": "23", "NOM_SAISI": "RUE SAINT-BERNARD", "NOM_NOTE": "Rue St. Bernard", "EXP_GEO": 1, "INTERP": 0, "NUMEROTATI": 1, "NUM_QUART": 29 }, "geometry": { "type": "Point", "coordinates": [ 654590.732329865102656, 6861556.24218806438148 ] } },
{ "type": "Feature", "properties": { "fid": 12665, "PREFIXE 1": "RUE", "PREFIXE 2": null, "NOM_RUE": "SAINT-BERNARD", "NUMERO TXT": "25", "NOM_SAISI": "RUE SAINT-BERNARD", "NOM_NOTE": "Rue St. Bernard", "EXP_GEO": 1, "INTERP": 0, "NUMEROTATI": 1, "NUM_QUART": 29 }, "geometry": { "type": "Point", "coordinates": [ 654585.199652994517237, 6861562.09291816316545 ] } },
{ "type": "Feature", "properties": { "fid": 12666, "PREFIXE 1": "RUE", "PREFIXE 2": null, "NOM_RUE": "SAINT-BERNARD", "NUMERO TXT": "30", "NOM_SAISI": "RUE SAINT-BERNARD", "NOM_NOTE": "Rue St. Bernard", "EXP_GEO": 1, "INTERP": 0, "NUMEROTATI": 1, "NUM_QUART": 29 }, "geometry": { "type": "Point", "coordinates": [ 654591.67262912390288, 6861582.99068371206522 ] } },
{ "type": "Feature", "properties": { "fid": 12667, "PREFIXE 1": "RUE", "PREFIXE 2": null, "NOM_RUE": "SAINT-BERNARD", "NUMERO TXT": "32", "NOM_SAISI": "RUE SAINT-BERNARD", "NOM_NOTE": "Rue St. Bernard", "EXP_GEO": 1, "INTERP": 0, "NUMEROTATI": 1, "NUM_QUART": 29 }, "geometry": { "type": "Point", "coordinates": [ 654569.574335268698633, 6861629.357121357694268 ] } },
{ "type": "Feature", "properties": { "fid": 12668, "PREFIXE 1": "RUE", "PREFIXE 2": null, "NOM_RUE": "SAINT-BERNARD", "NUMERO TXT": "34", "NOM_SAISI": "RUE SAINT-BERNARD", "NOM_NOTE": "Rue St. Bernard", "EXP_GEO": 1, "INTERP": 0, "NUMEROTATI": 1, "NUM_QUART": 29 }, "geometry": { "type": "Point", "coordinates": [ 654553.124195021111518, 6861663.210621129721403 ] } },
{ "type": "Feature", "properties": { "fid": 12669, "PREFIXE 1": "RUE", "PREFIXE 2": null, "NOM_RUE": "SAINT-BERNARD", "NUMERO TXT": "29-27", "NOM_SAISI": "RUE SAINT-BERNARD", "NOM_NOTE": "Rue St. Bernard", "EXP_GEO": 0, "INTERP": 0, "NUMEROTATI": 1, "NUM_QUART": 29 }, "geometry": { "type": "Point", "coordinates": [ 654579.794369990820996, 6861578.725876516662538 ] } },
{ "type": "Feature", "properties": { "fid": 12670, "PREFIXE 1": "RUE", "PREFIXE 2": null, "NOM_RUE": "SAINT-BERNARD", "NUMERO TXT": "31", "NOM_SAISI": "RUE SAINT-BERNARD", "NOM_NOTE": "Rue St. Bernard", "EXP_GEO": 1, "INTERP": 0, "NUMEROTATI": 1, "NUM_QUART": 29 }, "geometry": { "type": "Point", "coordinates": [ 654563.819180799415335, 6861615.32017086725682 ] } },
{ "type": "Feature", "properties": { "fid": 12671, "PREFIXE 1": "RUE", "PREFIXE 2": null, "NOM_RUE": "SAINT-BERNARD", "NUMERO TXT": "33", "NOM_SAISI": "RUE SAINT-BERNARD", "NOM_NOTE": "Rue St. Bernard", "EXP_GEO": 1, "INTERP": 0, "NUMEROTATI": 1, "NUM_QUART": 29 }, "geometry": { "type": "Point", "coordinates": [ 654557.731467492412776, 6861627.791356745176017 ] } },
{ "type": "Feature", "properties": { "fid": 12672, "PREFIXE 1": "RUE", "PREFIXE 2": null, "NOM_RUE": "SAINT-BERNARD", "NUMERO TXT": "35", "NOM_SAISI": "RUE SAINT-BERNARD", "NOM_NOTE": "Rue St. Bernard", "EXP_GEO": 1, "INTERP": 0, "NUMEROTATI": 1, "NUM_QUART": 29 }, "geometry": { "type": "Point", "coordinates": [ 654552.462209164863452, 6861639.423839076422155 ] } },
{ "type": "Feature", "properties": { "fid": 12673, "PREFIXE 1": "RUE", "PREFIXE 2": null, "NOM_RUE": "SAINT-BERNARD", "NUMERO TXT": "37", "NOM_SAISI": "RUE SAINT-BERNARD", "NOM_NOTE": "Rue St. Bernard", "EXP_GEO": 1, "INTERP": 0, "NUMEROTATI": 1, "NUM_QUART": 29 }, "geometry": { "type": "Point", "coordinates": [ 654548.800417562481016, 6861646.281114232726395 ] } },
{ "type": "Feature", "properties": { "fid": 12674, "PREFIXE 1": "RUE", "PREFIXE 2": null, "NOM_RUE": "SAINT-BERNARD", "NUMERO TXT": "39", "NOM_SAISI": "RUE SAINT-BERNARD", "NOM_NOTE": "Rue St. Bernard", "EXP_GEO": 1, "INTERP": 0, "NUMEROTATI": 1, "NUM_QUART": 29 }, "geometry": { "type": "Point", "coordinates": [ 654544.120017850887962, 6861655.006730878725648 ] } },
{ "type": "Feature", "properties": { "fid": 12675, "PREFIXE 1": "RUE", "PREFIXE 2": null, "NOM_RUE": "SAINT-BERNARD", "NUMERO TXT": "41", "NOM_SAISI": "RUE SAINT-BERNARD", "NOM_NOTE": "Rue St. Bernard", "EXP_GEO": 1, "INTERP": 0, "NUMEROTATI": 1, "NUM_QUART": 29 }, "geometry": { "type": "Point", "coordinates": [ 654539.042499871458858, 6861665.594437981955707 ] } },
{ "type": "Feature", "properties": { "fid": 12701, "PREFIXE 1": "RUE", "PREFIXE 2": null, "NOM_RUE": "SAINT-BERNARD", "NUMERO TXT": "20", "NOM_SAISI": "RUE SAINT-BERNARD", "NOM_NOTE": "Rue St. Bernard", "EXP_GEO": 1, "INTERP": 1, "NUMEROTATI": 1, "NUM_QUART": 29 }, "geometry": { "type": "Point", "coordinates": [ 654630.316719761467539, 6861455.191307191736996 ] } },
{ "type": "Feature", "properties": { "fid": 12702, "PREFIXE 1": "RUE", "PREFIXE 2": null, "NOM_RUE": "SAINT-BERNARD", "NUMERO TXT": "22", "NOM_SAISI": "RUE SAINT-BERNARD", "NOM_NOTE": "Rue St. Bernard", "EXP_GEO": 1, "INTERP": 1, "NUMEROTATI": 1, "NUM_QUART": 29 }, "geometry": { "type": "Point", "coordinates": [ 654632.049152232822962, 6861472.617053156718612 ] } },
{ "type": "Feature", "properties": { "fid": 12703, "PREFIXE 1": "RUE", "PREFIXE 2": null, "NOM_RUE": "SAINTE-MARGUERITE-SAINT-ANTOINE", "NUMERO TXT": "34", "NOM_SAISI": "RUE SAINTE-MARGUERITE-SAINT-ANTOINE", "NOM_NOTE": "Rue Ste. Marguerite", "EXP_GEO": 1, "INTERP": 1, "NUMEROTATI": 1, "NUM_QUART": 29 }, "geometry": { "type": "Point", "coordinates": [ 654435.82551774661988, 6861499.507452653720975 ] } },
{ "type": "Feature", "properties": { "fid": 12704, "PREFIXE 1": "RUE", "PREFIXE 2": null, "NOM_RUE": "SAINTE-MARGUERITE-SAINT-ANTOINE", "NUMERO TXT": "36", "NOM_SAISI": "RUE SAINTE-MARGUERITE-SAINT-ANTOINE", "NOM_NOTE": "Rue Ste. Marguerite", "EXP_GEO": 1, "INTERP": 1, "NUMEROTATI": 1, "NUM_QUART": 29 }, "geometry": { "type": "Point", "coordinates": [ 654437.437207259819843, 6861508.204864730127156 ] } },
{ "type": "Feature", "properties": { "fid": 12705, "PREFIXE 1": "RUE", "PREFIXE 2": null, "NOM_RUE": "SAINT-BERNARD", "NUMERO TXT": "27", "NOM_SAISI": "RUE SAINT-BERNARD", "NOM_NOTE": "Rue St. Bernard", "EXP_GEO": 1, "INTERP": 1, "NUMEROTATI": 1, "NUM_QUART": 29 }, "geometry": { "type": "Point", "coordinates": [ 654580.660639984766021, 6861574.20275098271668 ] } },
{ "type": "Feature", "properties": { "fid": 12706, "PREFIXE 1": "RUE", "PREFIXE 2": null, "NOM_RUE": "SAINT-BERNARD", "NUMERO TXT": "29", "NOM_SAISI": "RUE SAINT-BERNARD", "NOM_NOTE": "Rue St. Bernard", "EXP_GEO": 1, "INTERP": 1, "NUMEROTATI": 1, "NUM_QUART": 29 }, "geometry": { "type": "Point", "coordinates": [ 654575.817454294650815, 6861584.913459151051939 ] } },
{ "type": "Feature", "properties": { "fid": 12707, "PREFIXE 1": "RUE", "PREFIXE 2": null, "NOM_RUE": "AMELOT", "NUMERO TXT": "12", "NOM_SAISI": "RUE AMELOT", "NOM_NOTE": "Rue Amelot", "EXP_GEO": 1, "INTERP": 1, "NUMEROTATI": 1, "NUM_QUART": 29 }, "geometry": { "type": "Point", "coordinates": [ 653727.5289667196339, 6861919.734400987625122 ] } },
{ "type": "Feature", "properties": { "fid": 12708, "PREFIXE 1": "RUE", "PREFIXE 2": null, "NOM_RUE": "AMELOT", "NUMERO TXT": "10", "NOM_SAISI": "RUE AMELOT", "NOM_NOTE": "Rue Amelot", "EXP_GEO": 1, "INTERP": 1, "NUMEROTATI": 1, "NUM_QUART": 29 }, "geometry": { "type": "Point", "coordinates": [ 653730.388259262545034, 6861906.178814879618585 ] } },
{ "type": "Feature", "properties": { "fid": 12709, "PREFIXE 1": "RUE", "PREFIXE 2": null, "NOM_RUE": "DAVAL", "NUMERO TXT": "5", "NOM_SAISI": "RUE DAVAL", "NOM_NOTE": "Rue Daval", "EXP_GEO": 1, "INTERP": 1, "NUMEROTATI": 1, "NUM_QUART": 29 }, "geometry": { "type": "Point", "coordinates": [ 653846.480034435866401, 6861801.221057352609932 ] } },
{ "type": "Feature", "properties": { "fid": 12710, "PREFIXE 1": "RUE", "PREFIXE 2": null, "NOM_RUE": "DAVAL", "NUMERO TXT": "3", "NOM_SAISI": "RUE DAVAL", "NOM_NOTE": "Rue Daval", "EXP_GEO": 1, "INTERP": 1, "NUMEROTATI": 1, "NUM_QUART": 29 }, "geometry": { "type": "Point", "coordinates": [ 653852.367959920666181, 6861794.743707859888673 ] } },
{ "type": "Feature", "properties": { "fid": 12711, "PREFIXE 1": "RUE", "PREFIXE 2": null, "NOM_RUE": "AMELOT", "NUMERO TXT": "4", "NOM_SAISI": "RUE AMELOT", "NOM_NOTE": "Rue Amelot", "EXP_GEO": 1, "INTERP": 1, "NUMEROTATI": 1, "NUM_QUART": 29 }, "geometry": { "type": "Point", "coordinates": [ 653758.219985328847542, 6861753.391300705261528 ] } },
{ "type": "Feature", "properties": { "fid": 12712, "PREFIXE 1": "RUE", "PREFIXE 2": null, "NOM_RUE": "DAVAL", "NUMERO TXT": "15", "NOM_SAISI": "RUE DAVAL", "NOM_NOTE": "Rue Daval", "EXP_GEO": 1, "INTERP": 1, "NUMEROTATI": 1, "NUM_QUART": 29 }, "geometry": { "type": "Point", "coordinates": [ 653795.202697201166302, 6861859.572251347824931 ] } },
{ "type": "Feature", "properties": { "fid": 12713, "PREFIXE 1": "RUE", "PREFIXE 2": "DE LA", "NOM_RUE": "ROQUETTE", "NUMERO TXT": "2", "NOM_SAISI": "RUE DE LA ROQUETTE", "NOM_NOTE": "Rue de la Roquette", "EXP_GEO": 1, "INTERP": 1, "NUMEROTATI": 1, "NUM_QUART": 29 }, "geometry": { "type": "Point", "coordinates": [ 653807.945142346899956, 6861660.920985672622919 ] } },
{ "type": "Feature", "properties": { "fid": 12714, "PREFIXE 1": "RUE", "PREFIXE 2": "DE LA", "NOM_RUE": "ROQUETTE", "NUMERO TXT": "4", "NOM_SAISI": "RUE DE LA ROQUETTE", "NOM_NOTE": "Rue de la Roquette", "EXP_GEO": 1, "INTERP": 1, "NUMEROTATI": 1, "NUM_QUART": 29 }, "geometry": { "type": "Point", "coordinates": [ 653810.666245729196817, 6861664.79561070073396 ] } },
{ "type": "Feature", "properties": { "fid": 12715, "PREFIXE 1": "CUL-DE-SAC", "PREFIXE 2": null, "NOM_RUE": "SAINT-BERNARD", "NUMERO TXT": null, "NOM_SAISI": "CUL-DE-SAC SAINT-BERNARD", "NOM_NOTE": "Cul de Sac St. Bernard", "EXP_GEO": 1, "INTERP": 1, "NUMEROTATI": 0, "NUM_QUART": 29 }, "geometry": { "type": "Point", "coordinates": [ 654691.584772593341768, 6861419.416070950217545 ] } },
{ "type": "Feature", "properties": { "fid": 12725, "PREFIXE 1": "RUE", "PREFIXE 2": "DE", "NOM_RUE": "CHARONNE", "NUMERO TXT": "6", "NOM_SAISI": "RUE DE CHARONNE", "NOM_NOTE": "Rue de Charonne", "EXP_GEO": 1, "INTERP": 1, "NUMEROTATI": 1, "NUM_QUART": 29 }, "geometry": { "type": "Point", "coordinates": [ 654079.158603360992856, 6861528.172508243471384 ] } },
{ "type": "Feature", "properties": { "fid": 12726, "PREFIXE 1": "RUE", "PREFIXE 2": "DE", "NOM_RUE": "CHARONNE", "NUMERO TXT": "8", "NOM_SAISI": "RUE DE CHARONNE", "NOM_NOTE": "Rue de Charonne", "EXP_GEO": 1, "INTERP": 1, "NUMEROTATI": 1, "NUM_QUART": 29 }, "geometry": { "type": "Point", "coordinates": [ 654083.119931957218796, 6861535.598115344531834 ] } },
{ "type": "Feature", "properties": { "fid": 12727, "PREFIXE 1": "RUE", "PREFIXE 2": "DU", "NOM_RUE": "FAUBOURG SAINT-ANTOINE", "NUMERO TXT": "105", "NOM_SAISI": "RUE DU FAUBOURG SAINT-ANTOINE", "NOM_NOTE": "Rue du faubourg St. Antoine", "EXP_GEO": 1, "INTERP": 1, "NUMEROTATI": 1, "NUM_QUART": 29 }, "geometry": { "type": "Point", "coordinates": [ 654215.536905279615894, 6861448.165626656264067 ] } },
{ "type": "Feature", "properties": { "fid": 12728, "PREFIXE 1": "RUE", "PREFIXE 2": "DU", "NOM_RUE": "FAUBOURG SAINT-ANTOINE", "NUMERO TXT": "107", "NOM_SAISI": "RUE DU FAUBOURG SAINT-ANTOINE", "NOM_NOTE": "Rue du faubourg St. Antoine", "EXP_GEO": 1, "INTERP": 1, "NUMEROTATI": 1, "NUM_QUART": 29 }, "geometry": { "type": "Point", "coordinates": [ 654222.451877588871866, 6861445.361927576363087 ] } },
{ "type": "Feature", "properties": { "fid": 12729, "PREFIXE 1": "RUE", "PREFIXE 2": "DU", "NOM_RUE": "FAUBOURG SAINT-ANTOINE", "NUMERO TXT": "85", "NOM_SAISI": "RUE DU FAUBOURG SAINT-ANTOINE", "NOM_NOTE": "Rue du faubourg St. Antoine", "EXP_GEO": 1, "INTERP": 1, "NUMEROTATI": 1, "NUM_QUART": 29 }, "geometry": { "type": "Point", "coordinates": [ 654138.75436064938549, 6861476.706973727792501 ] } },
{ "type": "Feature", "properties": { "fid": 12730, "PREFIXE 1": "RUE", "PREFIXE 2": "DU", "NOM_RUE": "FAUBOURG SAINT-ANTOINE", "NUMERO TXT": "83", "NOM_SAISI": "RUE DU FAUBOURG SAINT-ANTOINE", "NOM_NOTE": "Rue du faubourg St. Antoine", "EXP_GEO": 1, "INTERP": 1, "NUMEROTATI": 1, "NUM_QUART": 29 }, "geometry": { "type": "Point", "coordinates": [ 654131.963017024216242, 6861479.447248474694788 ] } },
{ "type": "Feature", "properties": { "fid": 12731, "PREFIXE 1": "RUE", "PREFIXE 2": "DU", "NOM_RUE": "FAUBOURG SAINT-ANTOINE", "NUMERO TXT": "79", "NOM_SAISI": "RUE DU FAUBOURG SAINT-ANTOINE", "NOM_NOTE": "Rue du faubourg St. Antoine", "EXP_GEO": 1, "INTERP": 1, "NUMEROTATI": 1, "NUM_QUART": 29 }, "geometry": { "type": "Point", "coordinates": [ 654119.598453555023298, 6861483.359612457454205 ] } },
{ "type": "Feature", "properties": { "fid": 12732, "PREFIXE 1": "RUE", "PREFIXE 2": "DU", "NOM_RUE": "FAUBOURG SAINT-ANTOINE", "NUMERO TXT": "77", "NOM_SAISI": "RUE DU FAUBOURG SAINT-ANTOINE", "NOM_NOTE": "Rue du faubourg St. Antoine", "EXP_GEO": 1, "INTERP": 1, "NUMEROTATI": 1, "NUM_QUART": 29 }, "geometry": { "type": "Point", "coordinates": [ 654112.190881895367056, 6861486.416971998289227 ] } },
{ "type": "Feature", "properties": { "fid": 12733, "PREFIXE 1": "RUE", "PREFIXE 2": "DU", "NOM_RUE": "FAUBOURG SAINT-ANTOINE", "NUMERO TXT": "257", "NOM_SAISI": "RUE DU FAUBOURG SAINT-ANTOINE", "NOM_NOTE": "Rue du faubourg St. Antoine", "EXP_GEO": 1, "INTERP": 1, "NUMEROTATI": 1, "NUM_QUART": 29 }, "geometry": { "type": "Point", "coordinates": [ 654888.175959662999958, 6861297.059534980915487 ] } },
{ "type": "Feature", "properties": { "fid": 12734, "PREFIXE 1": "RUE", "PREFIXE 2": "DU", "NOM_RUE": "FAUBOURG SAINT-ANTOINE", "NUMERO TXT": "259", "NOM_SAISI": "RUE DU FAUBOURG SAINT-ANTOINE", "NOM_NOTE": "Rue du faubourg St. Antoine", "EXP_GEO": 1, "INTERP": 1, "NUMEROTATI": 1, "NUM_QUART": 29 }, "geometry": { "type": "Point", "coordinates": [ 654894.121674552559853, 6861295.521231946535408 ] } },
{ "type": "Feature", "properties": { "fid": 12735, "PREFIXE 1": "RUE", "PREFIXE 2": "DE", "NOM_RUE": "MONTREUIL", "NUMERO TXT": "67", "NOM_SAISI": "RUE DE MONTREUIL", "NOM_NOTE": "Rue de Montreuil", "EXP_GEO": 1, "INTERP": 1, "NUMEROTATI": 1, "NUM_QUART": 29 }, "geometry": { "type": "Point", "coordinates": [ 655206.648466515121982, 6861343.316700930707157 ] } },
{ "type": "Feature", "properties": { "fid": 12736, "PREFIXE 1": "RUE", "PREFIXE 2": "DE", "NOM_RUE": "MONTREUIL", "NUMERO TXT": "69", "NOM_SAISI": "RUE DE MONTREUIL", "NOM_NOTE": "Rue de Montreuil", "EXP_GEO": 1, "INTERP": 1, "NUMEROTATI": 1, "NUM_QUART": 29 }, "geometry": { "type": "Point", "coordinates": [ 655214.237998267635703, 6861343.529020298272371 ] } },
{ "type": "Feature", "properties": { "fid": 12741, "PREFIXE 1": "RUE", "PREFIXE 2": null, "NOM_RUE": "SAINTE-MARGUERITE-SAINT-ANTOINE", "NUMERO TXT": "4", "NOM_SAISI": "RUE SAINTE-MARGUERITE-SAINT-ANTOINE", "NOM_NOTE": "Rue Ste. Marguerite", "EXP_GEO": 1, "INTERP": 1, "NUMEROTATI": 1, "NUM_QUART": 29 }, "geometry": { "type": "Point", "coordinates": [ 654412.670947393751703, 6861390.051128544844687 ] } },
{ "type": "Feature", "properties": { "fid": 12742, "PREFIXE 1": "RUE", "PREFIXE 2": null, "NOM_RUE": "SAINTE-MARGUERITE-SAINT-ANTOINE", "NUMERO TXT": "2", "NOM_SAISI": "RUE SAINTE-MARGUERITE-SAINT-ANTOINE", "NOM_NOTE": "Rue Ste. Marguerite", "EXP_GEO": 1, "INTERP": 1, "NUMEROTATI": 1, "NUM_QUART": 29 }, "geometry": { "type": "Point", "coordinates": [ 654410.170550663140602, 6861381.578354195691645 ] } },
{ "type": "Feature", "properties": { "fid": 12743, "PREFIXE 1": "RUE", "PREFIXE 2": "DE", "NOM_RUE": "CHARONNE", "NUMERO TXT": "30", "NOM_SAISI": "RUE DE CHARONNE", "NOM_NOTE": "Rue de Charonne", "EXP_GEO": 1, "INTERP": 1, "NUMEROTATI": 1, "NUM_QUART": 29 }, "geometry": { "type": "Point", "coordinates": [ 654184.558558490360156, 6861646.236093120649457 ] } },
{ "type": "Feature", "properties": { "fid": 13352, "PREFIXE 1": "RUE", "PREFIXE 2": "DU", "NOM_RUE": "FAUBOURG SAINT-ANTOINE", "NUMERO TXT": "2", "NOM_SAISI": "RUE DU FAUBOURG SAINT-ANTOINE", "NOM_NOTE": "Rue du faubourg St. Antoine", "EXP_GEO": 1, "INTERP": 0, "NUMEROTATI": 1, "NUM_QUART": 30 }, "geometry": { "type": "Point", "coordinates": [ 653812.704644349520095, 6861625.512736592441797 ] } },
{ "type": "Feature", "properties": { "fid": 13353, "PREFIXE 1": "RUE", "PREFIXE 2": "DU", "NOM_RUE": "FAUBOURG SAINT-ANTOINE", "NUMERO TXT": "4", "NOM_SAISI": "RUE DU FAUBOURG SAINT-ANTOINE", "NOM_NOTE": "Rue du faubourg St. Antoine", "EXP_GEO": 1, "INTERP": 0, "NUMEROTATI": 1, "NUM_QUART": 30 }, "geometry": { "type": "Point", "coordinates": [ 653818.050235227216035, 6861619.569368766620755 ] } },
{ "type": "Feature", "properties": { "fid": 13354, "PREFIXE 1": "RUE", "PREFIXE 2": "DU", "NOM_RUE": "FAUBOURG SAINT-ANTOINE", "NUMERO TXT": "6", "NOM_SAISI": "RUE DU FAUBOURG SAINT-ANTOINE", "NOM_NOTE": "Rue du faubourg St. Antoine", "EXP_GEO": 1, "INTERP": 0, "NUMEROTATI": 1, "NUM_QUART": 30 }, "geometry": { "type": "Point", "coordinates": [ 653822.647533992421813, 6861615.339527139440179 ] } },
{ "type": "Feature", "properties": { "fid": 13355, "PREFIXE 1": "RUE", "PREFIXE 2": "DU", "NOM_RUE": "FAUBOURG SAINT-ANTOINE", "NUMERO TXT": "8", "NOM_SAISI": "RUE DU FAUBOURG SAINT-ANTOINE", "NOM_NOTE": "Rue du faubourg St. Antoine", "EXP_GEO": 1, "INTERP": 0, "NUMEROTATI": 1, "NUM_QUART": 30 }, "geometry": { "type": "Point", "coordinates": [ 653826.0806189061841, 6861611.315364522859454 ] } },
{ "type": "Feature", "properties": { "fid": 13356, "PREFIXE 1": "RUE", "PREFIXE 2": "DU", "NOM_RUE": "FAUBOURG SAINT-ANTOINE", "NUMERO TXT": "10", "NOM_SAISI": "RUE DU FAUBOURG SAINT-ANTOINE", "NOM_NOTE": "Rue du faubourg St. Antoine", "EXP_GEO": 1, "INTERP": 0, "NUMEROTATI": 1, "NUM_QUART": 30 }, "geometry": { "type": "Point", "coordinates": [ 653830.483505330979824, 6861607.087700519710779 ] } },
{ "type": "Feature", "properties": { "fid": 13357, "PREFIXE 1": "RUE", "PREFIXE 2": "DU", "NOM_RUE": "FAUBOURG SAINT-ANTOINE", "NUMERO TXT": "12", "NOM_SAISI": "RUE DU FAUBOURG SAINT-ANTOINE", "NOM_NOTE": "Rue du faubourg St. Antoine", "EXP_GEO": 1, "INTERP": 0, "NUMEROTATI": 1, "NUM_QUART": 30 }, "geometry": { "type": "Point", "coordinates": [ 653834.879863791866228, 6861602.481148355640471 ] } },
{ "type": "Feature", "properties": { "fid": 13358, "PREFIXE 1": "RUE", "PREFIXE 2": "DU", "NOM_RUE": "FAUBOURG SAINT-ANTOINE", "NUMERO TXT": "14", "NOM_SAISI": "RUE DU FAUBOURG SAINT-ANTOINE", "NOM_NOTE": "Rue du faubourg St. Antoine", "EXP_GEO": 1, "INTERP": 0, "NUMEROTATI": 1, "NUM_QUART": 30 }, "geometry": { "type": "Point", "coordinates": [ 653839.088351147482172, 6861598.255594367161393 ] } },
{ "type": "Feature", "properties": { "fid": 13359, "PREFIXE 1": "RUE", "PREFIXE 2": "DU", "NOM_RUE": "FAUBOURG SAINT-ANTOINE", "NUMERO TXT": "16", "NOM_SAISI": "RUE DU FAUBOURG SAINT-ANTOINE", "NOM_NOTE": "Rue du faubourg St. Antoine", "EXP_GEO": 1, "INTERP": 0, "NUMEROTATI": 1, "NUM_QUART": 30 }, "geometry": { "type": "Point", "coordinates": [ 653842.72303345205728, 6861594.605995001271367 ] } },
{ "type": "Feature", "properties": { "fid": 13360, "PREFIXE 1": "RUE", "PREFIXE 2": "DU", "NOM_RUE": "FAUBOURG SAINT-ANTOINE", "NUMERO TXT": "18", "NOM_SAISI": "RUE DU FAUBOURG SAINT-ANTOINE", "NOM_NOTE": "Rue du faubourg St. Antoine", "EXP_GEO": 1, "INTERP": 0, "NUMEROTATI": 1, "NUM_QUART": 30 }, "geometry": { "type": "Point", "coordinates": [ 653847.311017206171528, 6861589.80627138633281 ] } },
{ "type": "Feature", "properties": { "fid": 13361, "PREFIXE 1": "RUE", "PREFIXE 2": "DU", "NOM_RUE": "FAUBOURG SAINT-ANTOINE", "NUMERO TXT": "20", "NOM_SAISI": "RUE DU FAUBOURG SAINT-ANTOINE", "NOM_NOTE": "Rue du faubourg St. Antoine", "EXP_GEO": 1, "INTERP": 0, "NUMEROTATI": 1, "NUM_QUART": 30 }, "geometry": { "type": "Point", "coordinates": [ 653852.486237782170065, 6861585.187300627119839 ] } },
{ "type": "Feature", "properties": { "fid": 13362, "PREFIXE 1": "RUE", "PREFIXE 2": "DU", "NOM_RUE": "FAUBOURG SAINT-ANTOINE", "NUMERO TXT": "22", "NOM_SAISI": "RUE DU FAUBOURG SAINT-ANTOINE", "NOM_NOTE": "Rue du faubourg St. Antoine", "EXP_GEO": 1, "INTERP": 0, "NUMEROTATI": 1, "NUM_QUART": 30 }, "geometry": { "type": "Point", "coordinates": [ 653858.433411314850673, 6861580.178284115158021 ] } },
{ "type": "Feature", "properties": { "fid": 13363, "PREFIXE 1": "RUE", "PREFIXE 2": "DU", "NOM_RUE": "FAUBOURG SAINT-ANTOINE", "NUMERO TXT": "24", "NOM_SAISI": "RUE DU FAUBOURG SAINT-ANTOINE", "NOM_NOTE": "Rue du faubourg St. Antoine", "EXP_GEO": 1, "INTERP": 0, "NUMEROTATI": 1, "NUM_QUART": 30 }, "geometry": { "type": "Point", "coordinates": [ 653865.53848346916493, 6861574.584331333637238 ] } },
{ "type": "Feature", "properties": { "fid": 13364, "PREFIXE 1": "RUE", "PREFIXE 2": "DU", "NOM_RUE": "FAUBOURG SAINT-ANTOINE", "NUMERO TXT": "26", "NOM_SAISI": "RUE DU FAUBOURG SAINT-ANTOINE", "NOM_NOTE": "Rue du faubourg St. Antoine", "EXP_GEO": 1, "INTERP": 0, "NUMEROTATI": 1, "NUM_QUART": 30 }, "geometry": { "type": "Point", "coordinates": [ 653873.425368906231597, 6861569.168691139668226 ] } },
{ "type": "Feature", "properties": { "fid": 13365, "PREFIXE 1": "RUE", "PREFIXE 2": "DU", "NOM_RUE": "FAUBOURG SAINT-ANTOINE", "NUMERO TXT": "28", "NOM_SAISI": "RUE DU FAUBOURG SAINT-ANTOINE", "NOM_NOTE": "Rue du faubourg St. Antoine", "EXP_GEO": 1, "INTERP": 0, "NUMEROTATI": 1, "NUM_QUART": 30 }, "geometry": { "type": "Point", "coordinates": [ 653883.835548439994454, 6861563.338970958255231 ] } },
{ "type": "Feature", "properties": { "fid": 13366, "PREFIXE 1": "RUE", "PREFIXE 2": "DU", "NOM_RUE": "FAUBOURG SAINT-ANTOINE", "NUMERO TXT": "30", "NOM_SAISI": "RUE DU FAUBOURG SAINT-ANTOINE", "NOM_NOTE": "Rue du faubourg St. Antoine", "EXP_GEO": 1, "INTERP": 0, "NUMEROTATI": 1, "NUM_QUART": 30 }, "geometry": { "type": "Point", "coordinates": [ 653892.108555828686804, 6861557.728174936957657 ] } },
{ "type": "Feature", "properties": { "fid": 13367, "PREFIXE 1": "RUE", "PREFIXE 2": "DU", "NOM_RUE": "FAUBOURG SAINT-ANTOINE", "NUMERO TXT": "32", "NOM_SAISI": "RUE DU FAUBOURG SAINT-ANTOINE", "NOM_NOTE": "Rue du faubourg St. Antoine", "EXP_GEO": 1, "INTERP": 0, "NUMEROTATI": 1, "NUM_QUART": 30 }, "geometry": { "type": "Point", "coordinates": [ 653899.41523722698912, 6861552.509546385146677 ] } },
{ "type": "Feature", "properties": { "fid": 13368, "PREFIXE 1": "RUE", "PREFIXE 2": "DU", "NOM_RUE": "FAUBOURG SAINT-ANTOINE", "NUMERO TXT": "34", "NOM_SAISI": "RUE DU FAUBOURG SAINT-ANTOINE", "NOM_NOTE": "Rue du faubourg St. Antoine", "EXP_GEO": 1, "INTERP": 0, "NUMEROTATI": 1, "NUM_QUART": 30 }, "geometry": { "type": "Point", "coordinates": [ 653908.301274460274726, 6861548.596531871706247 ] } },
{ "type": "Feature", "properties": { "fid": 13369, "PREFIXE 1": "RUE", "PREFIXE 2": "DU", "NOM_RUE": "FAUBOURG SAINT-ANTOINE", "NUMERO TXT": "36", "NOM_SAISI": "RUE DU FAUBOURG SAINT-ANTOINE", "NOM_NOTE": "Rue du faubourg St. Antoine", "EXP_GEO": 1, "INTERP": 0, "NUMEROTATI": 1, "NUM_QUART": 30 }, "geometry": { "type": "Point", "coordinates": [ 653914.845905513269827, 6861544.336190335452557 ] } },
{ "type": "Feature", "properties": { "fid": 13370, "PREFIXE 1": "RUE", "PREFIXE 2": "DU", "NOM_RUE": "FAUBOURG SAINT-ANTOINE", "NUMERO TXT": "38", "NOM_SAISI": "RUE DU FAUBOURG SAINT-ANTOINE", "NOM_NOTE": "Rue du faubourg St. Antoine", "EXP_GEO": 1, "INTERP": 0, "NUMEROTATI": 1, "NUM_QUART": 30 }, "geometry": { "type": "Point", "coordinates": [ 653923.336291947751306, 6861540.049549570307136 ] } },
{ "type": "Feature", "properties": { "fid": 13371, "PREFIXE 1": "RUE", "PREFIXE 2": "DU", "NOM_RUE": "FAUBOURG SAINT-ANTOINE", "NUMERO TXT": "40", "NOM_SAISI": "RUE DU FAUBOURG SAINT-ANTOINE", "NOM_NOTE": "Rue du faubourg St. Antoine", "EXP_GEO": 1, "INTERP": 0, "NUMEROTATI": 1, "NUM_QUART": 30 }, "geometry": { "type": "Point", "coordinates": [ 653930.66246840020176, 6861535.96832175180316 ] } },
{ "type": "Feature", "properties": { "fid": 13372, "PREFIXE 1": "RUE", "PREFIXE 2": "DU", "NOM_RUE": "FAUBOURG SAINT-ANTOINE", "NUMERO TXT": "42", "NOM_SAISI": "RUE DU FAUBOURG SAINT-ANTOINE", "NOM_NOTE": "Rue du faubourg St. Antoine", "EXP_GEO": 1, "INTERP": 0, "NUMEROTATI": 1, "NUM_QUART": 30 }, "geometry": { "type": "Point", "coordinates": [ 653939.758830369100906, 6861533.00157439801842 ] } },
{ "type": "Feature", "properties": { "fid": 13373, "PREFIXE 1": "RUE", "PREFIXE 2": "DU", "NOM_RUE": "FAUBOURG SAINT-ANTOINE", "NUMERO TXT": "44", "NOM_SAISI": "RUE DU FAUBOURG SAINT-ANTOINE", "NOM_NOTE": "Rue du faubourg St. Antoine", "EXP_GEO": 1, "INTERP": 0, "NUMEROTATI": 1, "NUM_QUART": 30 }, "geometry": { "type": "Point", "coordinates": [ 653947.09448530478403, 6861529.489577684551477 ] } },
{ "type": "Feature", "properties": { "fid": 13374, "PREFIXE 1": "RUE", "PREFIXE 2": "DU", "NOM_RUE": "FAUBOURG SAINT-ANTOINE", "NUMERO TXT": "46", "NOM_SAISI": "RUE DU FAUBOURG SAINT-ANTOINE", "NOM_NOTE": "Rue du faubourg St. Antoine", "EXP_GEO": 1, "INTERP": 0, "NUMEROTATI": 1, "NUM_QUART": 30 }, "geometry": { "type": "Point", "coordinates": [ 653954.24507634411566, 6861526.549273430369794 ] } },
{ "type": "Feature", "properties": { "fid": 13375, "PREFIXE 1": "RUE", "PREFIXE 2": "DU", "NOM_RUE": "FAUBOURG SAINT-ANTOINE", "NUMERO TXT": "48", "NOM_SAISI": "RUE DU FAUBOURG SAINT-ANTOINE", "NOM_NOTE": "Rue du faubourg St. Antoine", "EXP_GEO": 1, "INTERP": 0, "NUMEROTATI": 1, "NUM_QUART": 30 }, "geometry": { "type": "Point", "coordinates": [ 653962.55648822686635, 6861523.214427246712148 ] } },
{ "type": "Feature", "properties": { "fid": 13376, "PREFIXE 1": "RUE", "PREFIXE 2": "DU", "NOM_RUE": "FAUBOURG SAINT-ANTOINE", "NUMERO TXT": "50", "NOM_SAISI": "RUE DU FAUBOURG SAINT-ANTOINE", "NOM_NOTE": "Rue du faubourg St. Antoine", "EXP_GEO": 1, "INTERP": 0, "NUMEROTATI": 1, "NUM_QUART": 30 }, "geometry": { "type": "Point", "coordinates": [ 653971.830976345692761, 6861519.298034854233265 ] } },
{ "type": "Feature", "properties": { "fid": 13377, "PREFIXE 1": "RUE", "PREFIXE 2": "DU", "NOM_RUE": "FAUBOURG SAINT-ANTOINE", "NUMERO TXT": "52", "NOM_SAISI": "RUE DU FAUBOURG SAINT-ANTOINE", "NOM_NOTE": "Rue du faubourg St. Antoine", "EXP_GEO": 1, "INTERP": 0, "NUMEROTATI": 1, "NUM_QUART": 30 }, "geometry": { "type": "Point", "coordinates": [ 653979.555428677005693, 6861515.781679241918027 ] } },
{ "type": "Feature", "properties": { "fid": 13378, "PREFIXE 1": "RUE", "PREFIXE 2": "DU", "NOM_RUE": "FAUBOURG SAINT-ANTOINE", "NUMERO TXT": "54", "NOM_SAISI": "RUE DU FAUBOURG SAINT-ANTOINE", "NOM_NOTE": "Rue du faubourg St. Antoine", "EXP_GEO": 1, "INTERP": 0, "NUMEROTATI": 1, "NUM_QUART": 30 }, "geometry": { "type": "Point", "coordinates": [ 653988.431264732847922, 6861511.301739904098213 ] } },
{ "type": "Feature", "properties": { "fid": 13379, "PREFIXE 1": "RUE", "PREFIXE 2": "DU", "NOM_RUE": "FAUBOURG SAINT-ANTOINE", "NUMERO TXT": "56", "NOM_SAISI": "RUE DU FAUBOURG SAINT-ANTOINE", "NOM_NOTE": "Rue du faubourg St. Antoine", "EXP_GEO": 1, "INTERP": 0, "NUMEROTATI": 1, "NUM_QUART": 30 }, "geometry": { "type": "Point", "coordinates": [ 653996.152479304466397, 6861507.596002514474094 ] } },
{ "type": "Feature", "properties": { "fid": 13380, "PREFIXE 1": "RUE", "PREFIXE 2": "DU", "NOM_RUE": "FAUBOURG SAINT-ANTOINE", "NUMERO TXT": "58", "NOM_SAISI": "RUE DU FAUBOURG SAINT-ANTOINE", "NOM_NOTE": "Rue du faubourg St. Antoine", "EXP_GEO": 1, "INTERP": 0, "NUMEROTATI": 1, "NUM_QUART": 30 }, "geometry": { "type": "Point", "coordinates": [ 654003.305701835197397, 6861504.846677295863628 ] } },
{ "type": "Feature", "properties": { "fid": 13381, "PREFIXE 1": "RUE", "PREFIXE 2": "DU", "NOM_RUE": "FAUBOURG SAINT-ANTOINE", "NUMERO TXT": "60", "NOM_SAISI": "RUE DU FAUBOURG SAINT-ANTOINE", "NOM_NOTE": "Rue du faubourg St. Antoine", "EXP_GEO": 1, "INTERP": 0, "NUMEROTATI": 1, "NUM_QUART": 30 }, "geometry": { "type": "Point", "coordinates": [ 654009.483204251388088, 6861501.92030225880444 ] } },
{ "type": "Feature", "properties": { "fid": 13382, "PREFIXE 1": "RUE", "PREFIXE 2": "DU", "NOM_RUE": "FAUBOURG SAINT-ANTOINE", "NUMERO TXT": "62", "NOM_SAISI": "RUE DU FAUBOURG SAINT-ANTOINE", "NOM_NOTE": "Rue du faubourg St. Antoine", "EXP_GEO": 1, "INTERP": 0, "NUMEROTATI": 1, "NUM_QUART": 30 }, "geometry": { "type": "Point", "coordinates": [ 654014.317791144363582, 6861500.150067759677768 ] } },
{ "type": "Feature", "properties": { "fid": 13383, "PREFIXE 1": "RUE", "PREFIXE 2": "DU", "NOM_RUE": "FAUBOURG SAINT-ANTOINE", "NUMERO TXT": "64", "NOM_SAISI": "RUE DU FAUBOURG SAINT-ANTOINE", "NOM_NOTE": "Rue du faubourg St. Antoine", "EXP_GEO": 1, "INTERP": 0, "NUMEROTATI": 1, "NUM_QUART": 30 }, "geometry": { "type": "Point", "coordinates": [ 654020.881112591130659, 6861497.029162666760385 ] } },
{ "type": "Feature", "properties": { "fid": 13384, "PREFIXE 1": "RUE", "PREFIXE 2": "DU", "NOM_RUE": "FAUBOURG SAINT-ANTOINE", "NUMERO TXT": "66", "NOM_SAISI": "RUE DU FAUBOURG SAINT-ANTOINE", "NOM_NOTE": "Rue du faubourg St. Antoine", "EXP_GEO": 1, "INTERP": 0, "NUMEROTATI": 1, "NUM_QUART": 30 }, "geometry": { "type": "Point", "coordinates": [ 654028.805823439033702, 6861493.891061514616013 ] } },
{ "type": "Feature", "properties": { "fid": 13385, "PREFIXE 1": "RUE", "PREFIXE 2": "DU", "NOM_RUE": "FAUBOURG SAINT-ANTOINE", "NUMERO TXT": "68", "NOM_SAISI": "RUE DU FAUBOURG SAINT-ANTOINE", "NOM_NOTE": "Rue du faubourg St. Antoine", "EXP_GEO": 1, "INTERP": 0, "NUMEROTATI": 1, "NUM_QUART": 30 }, "geometry": { "type": "Point", "coordinates": [ 654035.359811235917732, 6861490.201034774072468 ] } },
{ "type": "Feature", "properties": { "fid": 13386, "PREFIXE 1": "RUE", "PREFIXE 2": "DU", "NOM_RUE": "FAUBOURG SAINT-ANTOINE", "NUMERO TXT": "70", "NOM_SAISI": "RUE DU FAUBOURG SAINT-ANTOINE", "NOM_NOTE": "Rue du faubourg St. Antoine", "EXP_GEO": 1, "INTERP": 0, "NUMEROTATI": 1, "NUM_QUART": 30 }, "geometry": { "type": "Point", "coordinates": [ 654042.129777137306519, 6861487.837305934168398 ] } },
{ "type": "Feature", "properties": { "fid": 13387, "PREFIXE 1": "RUE", "PREFIXE 2": "DU", "NOM_RUE": "FAUBOURG SAINT-ANTOINE", "NUMERO TXT": "72", "NOM_SAISI": "RUE DU FAUBOURG SAINT-ANTOINE", "NOM_NOTE": "Rue du faubourg St. Antoine", "EXP_GEO": 1, "INTERP": 0, "NUMEROTATI": 1, "NUM_QUART": 30 }, "geometry": { "type": "Point", "coordinates": [ 654049.473869212437421, 6861484.896991029381752 ] } },
{ "type": "Feature", "properties": { "fid": 13388, "PREFIXE 1": "RUE", "PREFIXE 2": "DU", "NOM_RUE": "FAUBOURG SAINT-ANTOINE", "NUMERO TXT": "74", "NOM_SAISI": "RUE DU FAUBOURG SAINT-ANTOINE", "NOM_NOTE": "Rue du faubourg St. Antoine", "EXP_GEO": 1, "INTERP": 0, "NUMEROTATI": 1, "NUM_QUART": 30 }, "geometry": { "type": "Point", "coordinates": [ 654057.975511597120203, 6861481.372785762883723 ] } },
{ "type": "Feature", "properties": { "fid": 13389, "PREFIXE 1": "RUE", "PREFIXE 2": "DU", "NOM_RUE": "FAUBOURG SAINT-ANTOINE", "NUMERO TXT": "76", "NOM_SAISI": "RUE DU FAUBOURG SAINT-ANTOINE", "NOM_NOTE": "Rue du faubourg St. Antoine", "EXP_GEO": 1, "INTERP": 0, "NUMEROTATI": 1, "NUM_QUART": 30 }, "geometry": { "type": "Point", "coordinates": [ 654065.690080113941804, 6861477.288965992629528 ] } },
{ "type": "Feature", "properties": { "fid": 13390, "PREFIXE 1": "RUE", "PREFIXE 2": "DU", "NOM_RUE": "FAUBOURG SAINT-ANTOINE", "NUMERO TXT": "78", "NOM_SAISI": "RUE DU FAUBOURG SAINT-ANTOINE", "NOM_NOTE": "Rue du faubourg St. Antoine", "EXP_GEO": 1, "INTERP": 0, "NUMEROTATI": 1, "NUM_QUART": 30 }, "geometry": { "type": "Point", "coordinates": [ 654074.969369297730736, 6861473.75558374542743 ] } },
{ "type": "Feature", "properties": { "fid": 13391, "PREFIXE 1": "RUE", "PREFIXE 2": "DU", "NOM_RUE": "FAUBOURG SAINT-ANTOINE", "NUMERO TXT": "80", "NOM_SAISI": "RUE DU FAUBOURG SAINT-ANTOINE", "NOM_NOTE": "Rue du faubourg St. Antoine", "EXP_GEO": 1, "INTERP": 0, "NUMEROTATI": 1, "NUM_QUART": 30 }, "geometry": { "type": "Point", "coordinates": [ 654085.017213620245457, 6861469.643340861424804 ] } },
{ "type": "Feature", "properties": { "fid": 13392, "PREFIXE 1": "RUE", "PREFIXE 2": "DU", "NOM_RUE": "FAUBOURG SAINT-ANTOINE", "NUMERO TXT": "82", "NOM_SAISI": "RUE DU FAUBOURG SAINT-ANTOINE", "NOM_NOTE": "Rue du faubourg St. Antoine", "EXP_GEO": 1, "INTERP": 0, "NUMEROTATI": 1, "NUM_QUART": 30 }, "geometry": { "type": "Point", "coordinates": [ 654094.29015132819768, 6861465.730905754491687 ] } },
{ "type": "Feature", "properties": { "fid": 13393, "PREFIXE 1": "RUE", "PREFIXE 2": "DU", "NOM_RUE": "FAUBOURG SAINT-ANTOINE", "NUMERO TXT": "84", "NOM_SAISI": "RUE DU FAUBOURG SAINT-ANTOINE", "NOM_NOTE": "Rue du faubourg St. Antoine", "EXP_GEO": 1, "INTERP": 0, "NUMEROTATI": 1, "NUM_QUART": 30 }, "geometry": { "type": "Point", "coordinates": [ 654106.075575400493108, 6861460.838434867560863 ] } },
{ "type": "Feature", "properties": { "fid": 13394, "PREFIXE 1": "RUE", "PREFIXE 2": "DU", "NOM_RUE": "FAUBOURG SAINT-ANTOINE", "NUMERO TXT": "86", "NOM_SAISI": "RUE DU FAUBOURG SAINT-ANTOINE", "NOM_NOTE": "Rue du faubourg St. Antoine", "EXP_GEO": 1, "INTERP": 0, "NUMEROTATI": 1, "NUM_QUART": 30 }, "geometry": { "type": "Point", "coordinates": [ 654114.588431972428225, 6861458.075711739249527 ] } },
{ "type": "Feature", "properties": { "fid": 13395, "PREFIXE 1": "RUE", "PREFIXE 2": "DU", "NOM_RUE": "FAUBOURG SAINT-ANTOINE", "NUMERO TXT": "88", "NOM_SAISI": "RUE DU FAUBOURG SAINT-ANTOINE", "NOM_NOTE": "Rue du faubourg St. Antoine", "EXP_GEO": 1, "INTERP": 0, "NUMEROTATI": 1, "NUM_QUART": 30 }, "geometry": { "type": "Point", "coordinates": [ 654134.317461756058037, 6861451.379042713902891 ] } },
{ "type": "Feature", "properties": { "fid": 13396, "PREFIXE 1": "RUE", "PREFIXE 2": "DU", "NOM_RUE": "FAUBOURG SAINT-ANTOINE", "NUMERO TXT": "90", "NOM_SAISI": "RUE DU FAUBOURG SAINT-ANTOINE", "NOM_NOTE": "Rue du faubourg St. Antoine", "EXP_GEO": 1, "INTERP": 0, "NUMEROTATI": 1, "NUM_QUART": 30 }, "geometry": { "type": "Point", "coordinates": [ 654146.493722220533527, 6861446.673900810070336 ] } },
{ "type": "Feature", "properties": { "fid": 13397, "PREFIXE 1": "RUE", "PREFIXE 2": "DU", "NOM_RUE": "FAUBOURG SAINT-ANTOINE", "NUMERO TXT": "92", "NOM_SAISI": "RUE DU FAUBOURG SAINT-ANTOINE", "NOM_NOTE": "Rue du faubourg St. Antoine", "EXP_GEO": 1, "INTERP": 0, "NUMEROTATI": 1, "NUM_QUART": 30 }, "geometry": { "type": "Point", "coordinates": [ 654155.774454646045342, 6861443.33370694424957 ] } },
{ "type": "Feature", "properties": { "fid": 13398, "PREFIXE 1": "RUE", "PREFIXE 2": "DU", "NOM_RUE": "FAUBOURG SAINT-ANTOINE", "NUMERO TXT": "94", "NOM_SAISI": "RUE DU FAUBOURG SAINT-ANTOINE", "NOM_NOTE": "Rue du faubourg St. Antoine", "EXP_GEO": 1, "INTERP": 0, "NUMEROTATI": 1, "NUM_QUART": 30 }, "geometry": { "type": "Point", "coordinates": [ 654166.595406134147197, 6861439.025655397213995 ] } },
{ "type": "Feature", "properties": { "fid": 13399, "PREFIXE 1": "RUE", "PREFIXE 2": "DU", "NOM_RUE": "FAUBOURG SAINT-ANTOINE", "NUMERO TXT": "96", "NOM_SAISI": "RUE DU FAUBOURG SAINT-ANTOINE", "NOM_NOTE": "Rue du faubourg St. Antoine", "EXP_GEO": 1, "INTERP": 0, "NUMEROTATI": 1, "NUM_QUART": 30 }, "geometry": { "type": "Point", "coordinates": [ 654175.106998523813672, 6861436.265392511151731 ] } },
{ "type": "Feature", "properties": { "fid": 13400, "PREFIXE 1": "RUE", "PREFIXE 2": "DU", "NOM_RUE": "FAUBOURG SAINT-ANTOINE", "NUMERO TXT": "98", "NOM_SAISI": "RUE DU FAUBOURG SAINT-ANTOINE", "NOM_NOTE": "Rue du faubourg St. Antoine", "EXP_GEO": 1, "INTERP": 0, "NUMEROTATI": 1, "NUM_QUART": 30 }, "geometry": { "type": "Point", "coordinates": [ 654182.063499178853817, 6861433.523594319820404 ] } },
{ "type": "Feature", "properties": { "fid": 13401, "PREFIXE 1": "RUE", "PREFIXE 2": "DU", "NOM_RUE": "FAUBOURG SAINT-ANTOINE", "NUMERO TXT": "100", "NOM_SAISI": "RUE DU FAUBOURG SAINT-ANTOINE", "NOM_NOTE": "Rue du faubourg St. Antoine", "EXP_GEO": 1, "INTERP": 0, "NUMEROTATI": 1, "NUM_QUART": 30 }, "geometry": { "type": "Point", "coordinates": [ 654189.005447366740555, 6861429.831854289397597 ] } },
{ "type": "Feature", "properties": { "fid": 13402, "PREFIXE 1": "RUE", "PREFIXE 2": "DU", "NOM_RUE": "FAUBOURG SAINT-ANTOINE", "NUMERO TXT": "102", "NOM_SAISI": "RUE DU FAUBOURG SAINT-ANTOINE", "NOM_NOTE": "Rue du faubourg St. Antoine", "EXP_GEO": 1, "INTERP": 0, "NUMEROTATI": 1, "NUM_QUART": 30 }, "geometry": { "type": "Point", "coordinates": [ 654195.181515023461543, 6861426.909333097748458 ] } },
{ "type": "Feature", "properties": { "fid": 13403, "PREFIXE 1": "RUE", "PREFIXE 2": "DU", "NOM_RUE": "FAUBOURG SAINT-ANTOINE", "NUMERO TXT": "104", "NOM_SAISI": "RUE DU FAUBOURG SAINT-ANTOINE", "NOM_NOTE": "Rue du faubourg St. Antoine", "EXP_GEO": 1, "INTERP": 0, "NUMEROTATI": 1, "NUM_QUART": 30 }, "geometry": { "type": "Point", "coordinates": [ 654201.557657481287606, 6861424.364785014651716 ] } },
{ "type": "Feature", "properties": { "fid": 13404, "PREFIXE 1": "RUE", "PREFIXE 2": "DU", "NOM_RUE": "FAUBOURG SAINT-ANTOINE", "NUMERO TXT": "106", "NOM_SAISI": "RUE DU FAUBOURG SAINT-ANTOINE", "NOM_NOTE": "Rue du faubourg St. Antoine", "EXP_GEO": 1, "INTERP": 0, "NUMEROTATI": 1, "NUM_QUART": 30 }, "geometry": { "type": "Point", "coordinates": [ 654209.482736015459523, 6861421.422464093193412 ] } },
{ "type": "Feature", "properties": { "fid": 13405, "PREFIXE 1": "RUE", "PREFIXE 2": "DU", "NOM_RUE": "FAUBOURG SAINT-ANTOINE", "NUMERO TXT": "108", "NOM_SAISI": "RUE DU FAUBOURG SAINT-ANTOINE", "NOM_NOTE": "Rue du faubourg St. Antoine", "EXP_GEO": 1, "INTERP": 0, "NUMEROTATI": 1, "NUM_QUART": 30 }, "geometry": { "type": "Point", "coordinates": [ 654216.253105819574557, 6861419.254000199958682 ] } },
{ "type": "Feature", "properties": { "fid": 13406, "PREFIXE 1": "RUE", "PREFIXE 2": "DU", "NOM_RUE": "FAUBOURG SAINT-ANTOINE", "NUMERO TXT": "110", "NOM_SAISI": "RUE DU FAUBOURG SAINT-ANTOINE", "NOM_NOTE": "Rue du faubourg St. Antoine", "EXP_GEO": 1, "INTERP": 0, "NUMEROTATI": 1, "NUM_QUART": 30 }, "geometry": { "type": "Point", "coordinates": [ 654230.742343776160851, 6861413.386068254709244 ] } },
{ "type": "Feature", "properties": { "fid": 13407, "PREFIXE 1": "RUE", "PREFIXE 2": "DU", "NOM_RUE": "FAUBOURG SAINT-ANTOINE", "NUMERO TXT": "112", "NOM_SAISI": "RUE DU FAUBOURG SAINT-ANTOINE", "NOM_NOTE": "Rue du faubourg St. Antoine", "EXP_GEO": 1, "INTERP": 0, "NUMEROTATI": 1, "NUM_QUART": 30 }, "geometry": { "type": "Point", "coordinates": [ 654239.630036137416027, 6861409.863516641780734 ] } },
{ "type": "Feature", "properties": { "fid": 13408, "PREFIXE 1": "RUE", "PREFIXE 2": "DU", "NOM_RUE": "FAUBOURG SAINT-ANTOINE", "NUMERO TXT": "114", "NOM_SAISI": "RUE DU FAUBOURG SAINT-ANTOINE", "NOM_NOTE": "Rue du faubourg St. Antoine", "EXP_GEO": 1, "INTERP": 0, "NUMEROTATI": 1, "NUM_QUART": 30 }, "geometry": { "type": "Point", "coordinates": [ 654246.399929933715612, 6861407.696008570492268 ] } },
{ "type": "Feature", "properties": { "fid": 13409, "PREFIXE 1": "RUE", "PREFIXE 2": "DU", "NOM_RUE": "FAUBOURG SAINT-ANTOINE", "NUMERO TXT": "116", "NOM_SAISI": "RUE DU FAUBOURG SAINT-ANTOINE", "NOM_NOTE": "Rue du faubourg St. Antoine", "EXP_GEO": 1, "INTERP": 0, "NUMEROTATI": 1, "NUM_QUART": 30 }, "geometry": { "type": "Point", "coordinates": [ 654251.418123423238285, 6861405.358121642842889 ] } },
{ "type": "Feature", "properties": { "fid": 13410, "PREFIXE 1": "RUE", "PREFIXE 2": "DU", "NOM_RUE": "FAUBOURG SAINT-ANTOINE", "NUMERO TXT": "118", "NOM_SAISI": "RUE DU FAUBOURG SAINT-ANTOINE", "NOM_NOTE": "Rue du faubourg St. Antoine", "EXP_GEO": 1, "INTERP": 0, "NUMEROTATI": 1, "NUM_QUART": 30 }, "geometry": { "type": "Point", "coordinates": [ 654258.962225683848374, 6861402.992220371961594 ] } },
{ "type": "Feature", "properties": { "fid": 13411, "PREFIXE 1": "RUE", "PREFIXE 2": "DU", "NOM_RUE": "FAUBOURG SAINT-ANTOINE", "NUMERO TXT": "120", "NOM_SAISI": "RUE DU FAUBOURG SAINT-ANTOINE", "NOM_NOTE": "Rue du faubourg St. Antoine", "EXP_GEO": 1, "INTERP": 0, "NUMEROTATI": 1, "NUM_QUART": 30 }, "geometry": { "type": "Point", "coordinates": [ 654269.023576570558362, 6861400.028272551484406 ] } },
{ "type": "Feature", "properties": { "fid": 13412, "PREFIXE 1": "RUE", "PREFIXE 2": "DU", "NOM_RUE": "FAUBOURG SAINT-ANTOINE", "NUMERO TXT": "122", "NOM_SAISI": "RUE DU FAUBOURG SAINT-ANTOINE", "NOM_NOTE": "Rue du faubourg St. Antoine", "EXP_GEO": 1, "INTERP": 0, "NUMEROTATI": 1, "NUM_QUART": 30 }, "geometry": { "type": "Point", "coordinates": [ 654276.342342326999642, 6861395.573520323261619 ] } },
{ "type": "Feature", "properties": { "fid": 13413, "PREFIXE 1": "RUE", "PREFIXE 2": "DU", "NOM_RUE": "FAUBOURG SAINT-ANTOINE", "NUMERO TXT": "124", "NOM_SAISI": "RUE DU FAUBOURG SAINT-ANTOINE", "NOM_NOTE": "Rue du faubourg St. Antoine", "EXP_GEO": 1, "INTERP": 0, "NUMEROTATI": 1, "NUM_QUART": 30 }, "geometry": { "type": "Point", "coordinates": [ 654291.626559458323754, 6861391.031825004145503 ] } },
{ "type": "Feature", "properties": { "fid": 13414, "PREFIXE 1": "RUE", "PREFIXE 2": "DU", "NOM_RUE": "FAUBOURG SAINT-ANTOINE", "NUMERO TXT": "126", "NOM_SAISI": "RUE DU FAUBOURG SAINT-ANTOINE", "NOM_NOTE": "Rue du faubourg St. Antoine", "EXP_GEO": 1, "INTERP": 0, "NUMEROTATI": 1, "NUM_QUART": 30 }, "geometry": { "type": "Point", "coordinates": [ 654319.240873085334897, 6861379.320351580157876 ] } },
{ "type": "Feature", "properties": { "fid": 13415, "PREFIXE 1": "RUE", "PREFIXE 2": "DU", "NOM_RUE": "FAUBOURG SAINT-ANTOINE", "NUMERO TXT": "128", "NOM_SAISI": "RUE DU FAUBOURG SAINT-ANTOINE", "NOM_NOTE": "Rue du faubourg St. Antoine", "EXP_GEO": 1, "INTERP": 0, "NUMEROTATI": 1, "NUM_QUART": 30 }, "geometry": { "type": "Point", "coordinates": [ 654328.135291822720319, 6861376.371724248863757 ] } },
{ "type": "Feature", "properties": { "fid": 13416, "PREFIXE 1": "RUE", "PREFIXE 2": "DU", "NOM_RUE": "FAUBOURG SAINT-ANTOINE", "NUMERO TXT": "130", "NOM_SAISI": "RUE DU FAUBOURG SAINT-ANTOINE", "NOM_NOTE": "Rue du faubourg St. Antoine", "EXP_GEO": 1, "INTERP": 0, "NUMEROTATI": 1, "NUM_QUART": 30 }, "geometry": { "type": "Point", "coordinates": [ 654336.837985759368166, 6861373.615773956291378 ] } },
{ "type": "Feature", "properties": { "fid": 13417, "PREFIXE 1": "RUE", "PREFIXE 2": "DU", "NOM_RUE": "FAUBOURG SAINT-ANTOINE", "NUMERO TXT": "132", "NOM_SAISI": "RUE DU FAUBOURG SAINT-ANTOINE", "NOM_NOTE": "Rue du faubourg St. Antoine", "EXP_GEO": 1, "INTERP": 0, "NUMEROTATI": 1, "NUM_QUART": 30 }, "geometry": { "type": "Point", "coordinates": [ 654344.949668537359685, 6861370.295597523450851 ] } },
{ "type": "Feature", "properties": { "fid": 13418, "PREFIXE 1": "RUE", "PREFIXE 2": "DU", "NOM_RUE": "FAUBOURG SAINT-ANTOINE", "NUMERO TXT": "134", "NOM_SAISI": "RUE DU FAUBOURG SAINT-ANTOINE", "NOM_NOTE": "Rue du faubourg St. Antoine", "EXP_GEO": 1, "INTERP": 0, "NUMEROTATI": 1, "NUM_QUART": 30 }, "geometry": { "type": "Point", "coordinates": [ 654354.423492815345526, 6861367.151709315367043 ] } },
{ "type": "Feature", "properties": { "fid": 13419, "PREFIXE 1": "RUE", "PREFIXE 2": "DU", "NOM_RUE": "FAUBOURG SAINT-ANTOINE", "NUMERO TXT": "136", "NOM_SAISI": "RUE DU FAUBOURG SAINT-ANTOINE", "NOM_NOTE": "Rue du faubourg St. Antoine", "EXP_GEO": 1, "INTERP": 0, "NUMEROTATI": 1, "NUM_QUART": 30 }, "geometry": { "type": "Point", "coordinates": [ 654365.626220913254656, 6861362.658196761272848 ] } },
{ "type": "Feature", "properties": { "fid": 13420, "PREFIXE 1": "RUE", "PREFIXE 2": "DU", "NOM_RUE": "FAUBOURG SAINT-ANTOINE", "NUMERO TXT": "138", "NOM_SAISI": "RUE DU FAUBOURG SAINT-ANTOINE", "NOM_NOTE": "Rue du faubourg St. Antoine", "EXP_GEO": 1, "INTERP": 0, "NUMEROTATI": 1, "NUM_QUART": 30 }, "geometry": { "type": "Point", "coordinates": [ 654377.033605182426982, 6861358.92433912307024 ] } },
{ "type": "Feature", "properties": { "fid": 13421, "PREFIXE 1": "RUE", "PREFIXE 2": "DU", "NOM_RUE": "FAUBOURG SAINT-ANTOINE", "NUMERO TXT": "140", "NOM_SAISI": "RUE DU FAUBOURG SAINT-ANTOINE", "NOM_NOTE": "Rue du faubourg St. Antoine", "EXP_GEO": 1, "INTERP": 0, "NUMEROTATI": 1, "NUM_QUART": 30 }, "geometry": { "type": "Point", "coordinates": [ 654385.724601526046172, 6861355.409254552796483 ] } },
{ "type": "Feature", "properties": { "fid": 13422, "PREFIXE 1": "RUE", "PREFIXE 2": "DU", "NOM_RUE": "FAUBOURG SAINT-ANTOINE", "NUMERO TXT": "142", "NOM_SAISI": "RUE DU FAUBOURG SAINT-ANTOINE", "NOM_NOTE": "Rue du faubourg St. Antoine", "EXP_GEO": 1, "INTERP": 0, "NUMEROTATI": 1, "NUM_QUART": 30 }, "geometry": { "type": "Point", "coordinates": [ 654401.377045886241831, 6861349.729941857978702 ] } },
{ "type": "Feature", "properties": { "fid": 13423, "PREFIXE 1": "RUE", "PREFIXE 2": "DU", "NOM_RUE": "FAUBOURG SAINT-ANTOINE", "NUMERO TXT": "144", "NOM_SAISI": "RUE DU FAUBOURG SAINT-ANTOINE", "NOM_NOTE": "Rue du faubourg St. Antoine", "EXP_GEO": 1, "INTERP": 0, "NUMEROTATI": 1, "NUM_QUART": 30 }, "geometry": { "type": "Point", "coordinates": [ 654407.950132299680263, 6861347.569586377590895 ] } },
{ "type": "Feature", "properties": { "fid": 13424, "PREFIXE 1": "RUE", "PREFIXE 2": "DU", "NOM_RUE": "FAUBOURG SAINT-ANTOINE", "NUMERO TXT": "146", "NOM_SAISI": "RUE DU FAUBOURG SAINT-ANTOINE", "NOM_NOTE": "Rue du faubourg St. Antoine", "EXP_GEO": 1, "INTERP": 0, "NUMEROTATI": 1, "NUM_QUART": 30 }, "geometry": { "type": "Point", "coordinates": [ 654415.677635267027654, 6861344.636392814107239 ] } },
{ "type": "Feature", "properties": { "fid": 13425, "PREFIXE 1": "RUE", "PREFIXE 2": "DU", "NOM_RUE": "FAUBOURG SAINT-ANTOINE", "NUMERO TXT": "148", "NOM_SAISI": "RUE DU FAUBOURG SAINT-ANTOINE", "NOM_NOTE": "Rue du faubourg St. Antoine", "EXP_GEO": 1, "INTERP": 0, "NUMEROTATI": 1, "NUM_QUART": 30 }, "geometry": { "type": "Point", "coordinates": [ 654421.66800212871749, 6861342.482309754006565 ] } },
{ "type": "Feature", "properties": { "fid": 13426, "PREFIXE 1": "RUE", "PREFIXE 2": "DU", "NOM_RUE": "FAUBOURG SAINT-ANTOINE", "NUMERO TXT": "150", "NOM_SAISI": "RUE DU FAUBOURG SAINT-ANTOINE", "NOM_NOTE": "Rue du faubourg St. Antoine", "EXP_GEO": 1, "INTERP": 0, "NUMEROTATI": 1, "NUM_QUART": 30 }, "geometry": { "type": "Point", "coordinates": [ 654428.432315924088471, 6861340.130302481353283 ] } },
{ "type": "Feature", "properties": { "fid": 13427, "PREFIXE 1": "RUE", "PREFIXE 2": "DU", "NOM_RUE": "FAUBOURG SAINT-ANTOINE", "NUMERO TXT": "152", "NOM_SAISI": "RUE DU FAUBOURG SAINT-ANTOINE", "NOM_NOTE": "Rue du faubourg St. Antoine", "EXP_GEO": 1, "INTERP": 0, "NUMEROTATI": 1, "NUM_QUART": 30 }, "geometry": { "type": "Point", "coordinates": [ 654437.924995800713077, 6861338.513017975725234 ] } },
{ "type": "Feature", "properties": { "fid": 13428, "PREFIXE 1": "RUE", "PREFIXE 2": "DU", "NOM_RUE": "FAUBOURG SAINT-ANTOINE", "NUMERO TXT": "154", "NOM_SAISI": "RUE DU FAUBOURG SAINT-ANTOINE", "NOM_NOTE": "Rue du faubourg St. Antoine", "EXP_GEO": 1, "INTERP": 0, "NUMEROTATI": 1, "NUM_QUART": 30 }, "geometry": { "type": "Point", "coordinates": [ 654465.963679426116869, 6861330.051097945310175 ] } },
{ "type": "Feature", "properties": { "fid": 13429, "PREFIXE 1": "RUE", "PREFIXE 2": "DU", "NOM_RUE": "FAUBOURG SAINT-ANTOINE", "NUMERO TXT": "156", "NOM_SAISI": "RUE DU FAUBOURG SAINT-ANTOINE", "NOM_NOTE": "Rue du faubourg St. Antoine", "EXP_GEO": 1, "INTERP": 0, "NUMEROTATI": 1, "NUM_QUART": 30 }, "geometry": { "type": "Point", "coordinates": [ 654477.20701330457814, 6861328.79974559135735 ] } },
{ "type": "Feature", "properties": { "fid": 13430, "PREFIXE 1": "RUE", "PREFIXE 2": "DU", "NOM_RUE": "FAUBOURG SAINT-ANTOINE", "NUMERO TXT": "158", "NOM_SAISI": "RUE DU FAUBOURG SAINT-ANTOINE", "NOM_NOTE": "Rue du faubourg St. Antoine", "EXP_GEO": 1, "INTERP": 0, "NUMEROTATI": 1, "NUM_QUART": 30 }, "geometry": { "type": "Point", "coordinates": [ 654487.471591095090844, 6861326.987306500785053 ] } },
{ "type": "Feature", "properties": { "fid": 13431, "PREFIXE 1": "RUE", "PREFIXE 2": "DU", "NOM_RUE": "FAUBOURG SAINT-ANTOINE", "NUMERO TXT": "160", "NOM_SAISI": "RUE DU FAUBOURG SAINT-ANTOINE", "NOM_NOTE": "Rue du faubourg St. Antoine", "EXP_GEO": 1, "INTERP": 0, "NUMEROTATI": 1, "NUM_QUART": 30 }, "geometry": { "type": "Point", "coordinates": [ 654496.193084674188867, 6861325.951796810142696 ] } },
{ "type": "Feature", "properties": { "fid": 13432, "PREFIXE 1": "RUE", "PREFIXE 2": "DU", "NOM_RUE": "FAUBOURG SAINT-ANTOINE", "NUMERO TXT": "162", "NOM_SAISI": "RUE DU FAUBOURG SAINT-ANTOINE", "NOM_NOTE": "Rue du faubourg St. Antoine", "EXP_GEO": 1, "INTERP": 0, "NUMEROTATI": 1, "NUM_QUART": 30 }, "geometry": { "type": "Point", "coordinates": [ 654502.948260433506221, 6861323.031394992955029 ] } },
{ "type": "Feature", "properties": { "fid": 13433, "PREFIXE 1": "RUE", "PREFIXE 2": "DU", "NOM_RUE": "FAUBOURG SAINT-ANTOINE", "NUMERO TXT": "164", "NOM_SAISI": "RUE DU FAUBOURG SAINT-ANTOINE", "NOM_NOTE": "Rue du faubourg St. Antoine", "EXP_GEO": 1, "INTERP": 0, "NUMEROTATI": 1, "NUM_QUART": 30 }, "geometry": { "type": "Point", "coordinates": [ 654510.497212676564232, 6861321.436546558514237 ] } },
{ "type": "Feature", "properties": { "fid": 13434, "PREFIXE 1": "RUE", "PREFIXE 2": "DU", "NOM_RUE": "FAUBOURG SAINT-ANTOINE", "NUMERO TXT": "166", "NOM_SAISI": "RUE DU FAUBOURG SAINT-ANTOINE", "NOM_NOTE": "Rue du faubourg St. Antoine", "EXP_GEO": 1, "INTERP": 0, "NUMEROTATI": 1, "NUM_QUART": 30 }, "geometry": { "type": "Point", "coordinates": [ 654519.819935704465024, 6861321.919770966283977 ] } },
{ "type": "Feature", "properties": { "fid": 13435, "PREFIXE 1": "RUE", "PREFIXE 2": "DU", "NOM_RUE": "FAUBOURG SAINT-ANTOINE", "NUMERO TXT": "168", "NOM_SAISI": "RUE DU FAUBOURG SAINT-ANTOINE", "NOM_NOTE": "Rue du faubourg St. Antoine", "EXP_GEO": 1, "INTERP": 0, "NUMEROTATI": 1, "NUM_QUART": 30 }, "geometry": { "type": "Point", "coordinates": [ 654528.532560561900027, 6861320.314769946970046 ] } },
{ "type": "Feature", "properties": { "fid": 13436, "PREFIXE 1": "RUE", "PREFIXE 2": "DU", "NOM_RUE": "FAUBOURG SAINT-ANTOINE", "NUMERO TXT": "170", "NOM_SAISI": "RUE DU FAUBOURG SAINT-ANTOINE", "NOM_NOTE": "Rue du faubourg St. Antoine", "EXP_GEO": 1, "INTERP": 0, "NUMEROTATI": 1, "NUM_QUART": 30 }, "geometry": { "type": "Point", "coordinates": [ 654536.180245184339583, 6861319.5418746676296 ] } },
{ "type": "Feature", "properties": { "fid": 13437, "PREFIXE 1": "RUE", "PREFIXE 2": "DU", "NOM_RUE": "FAUBOURG SAINT-ANTOINE", "NUMERO TXT": "172", "NOM_SAISI": "RUE DU FAUBOURG SAINT-ANTOINE", "NOM_NOTE": "Rue du faubourg St. Antoine", "EXP_GEO": 1, "INTERP": 0, "NUMEROTATI": 1, "NUM_QUART": 30 }, "geometry": { "type": "Point", "coordinates": [ 654544.446117200073786, 6861318.798766363412142 ] } },
{ "type": "Feature", "properties": { "fid": 13438, "PREFIXE 1": "RUE", "PREFIXE 2": "DU", "NOM_RUE": "FAUBOURG SAINT-ANTOINE", "NUMERO TXT": "174", "NOM_SAISI": "RUE DU FAUBOURG SAINT-ANTOINE", "NOM_NOTE": "Rue du faubourg St. Antoine", "EXP_GEO": 1, "INTERP": 0, "NUMEROTATI": 1, "NUM_QUART": 30 }, "geometry": { "type": "Point", "coordinates": [ 654553.169966716202907, 6861318.146835450083017 ] } },
{ "type": "Feature", "properties": { "fid": 13439, "PREFIXE 1": "RUE", "PREFIXE 2": "DU", "NOM_RUE": "FAUBOURG SAINT-ANTOINE", "NUMERO TXT": "176", "NOM_SAISI": "RUE DU FAUBOURG SAINT-ANTOINE", "NOM_NOTE": "Rue du faubourg St. Antoine", "EXP_GEO": 1, "INTERP": 0, "NUMEROTATI": 1, "NUM_QUART": 30 }, "geometry": { "type": "Point", "coordinates": [ 654559.380978624103591, 6861318.279943019151688 ] } },
{ "type": "Feature", "properties": { "fid": 13440, "PREFIXE 1": "RUE", "PREFIXE 2": "DU", "NOM_RUE": "FAUBOURG SAINT-ANTOINE", "NUMERO TXT": "178", "NOM_SAISI": "RUE DU FAUBOURG SAINT-ANTOINE", "NOM_NOTE": "Rue du faubourg St. Antoine", "EXP_GEO": 1, "INTERP": 0, "NUMEROTATI": 1, "NUM_QUART": 30 }, "geometry": { "type": "Point", "coordinates": [ 654570.613899488351308, 6861316.653874254785478 ] } },
{ "type": "Feature", "properties": { "fid": 13441, "PREFIXE 1": "RUE", "PREFIXE 2": "DU", "NOM_RUE": "FAUBOURG SAINT-ANTOINE", "NUMERO TXT": "180", "NOM_SAISI": "RUE DU FAUBOURG SAINT-ANTOINE", "NOM_NOTE": "Rue du faubourg St. Antoine", "EXP_GEO": 1, "INTERP": 0, "NUMEROTATI": 1, "NUM_QUART": 30 }, "geometry": { "type": "Point", "coordinates": [ 654580.88350278919097, 6861315.608393545262516 ] } },
{ "type": "Feature", "properties": { "fid": 13442, "PREFIXE 1": "RUE", "PREFIXE 2": "DU", "NOM_RUE": "FAUBOURG SAINT-ANTOINE", "NUMERO TXT": "182", "NOM_SAISI": "RUE DU FAUBOURG SAINT-ANTOINE", "NOM_NOTE": "Rue du faubourg St. Antoine", "EXP_GEO": 1, "INTERP": 0, "NUMEROTATI": 1, "NUM_QUART": 30 }, "geometry": { "type": "Point", "coordinates": [ 654588.048869697609916, 6861314.591567160561681 ] } },
{ "type": "Feature", "properties": { "fid": 13443, "PREFIXE 1": "RUE", "PREFIXE 2": "DU", "NOM_RUE": "FAUBOURG SAINT-ANTOINE", "NUMERO TXT": "184", "NOM_SAISI": "RUE DU FAUBOURG SAINT-ANTOINE", "NOM_NOTE": "Rue du faubourg St. Antoine", "EXP_GEO": 1, "INTERP": 0, "NUMEROTATI": 1, "NUM_QUART": 30 }, "geometry": { "type": "Point", "coordinates": [ 654595.800693358527496, 6861313.950483601540327 ] } },
{ "type": "Feature", "properties": { "fid": 13444, "PREFIXE 1": "RUE", "PREFIXE 2": "DU", "NOM_RUE": "FAUBOURG SAINT-ANTOINE", "NUMERO TXT": "186", "NOM_SAISI": "RUE DU FAUBOURG SAINT-ANTOINE", "NOM_NOTE": "Rue du faubourg St. Antoine", "EXP_GEO": 1, "INTERP": 0, "NUMEROTATI": 1, "NUM_QUART": 30 }, "geometry": { "type": "Point", "coordinates": [ 654608.204798706807196, 6861313.077710653655231 ] } },
{ "type": "Feature", "properties": { "fid": 13445, "PREFIXE 1": "RUE", "PREFIXE 2": "DU", "NOM_RUE": "FAUBOURG SAINT-ANTOINE", "NUMERO TXT": "188", "NOM_SAISI": "RUE DU FAUBOURG SAINT-ANTOINE", "NOM_NOTE": "Rue du faubourg St. Antoine", "EXP_GEO": 1, "INTERP": 0, "NUMEROTATI": 1, "NUM_QUART": 30 }, "geometry": { "type": "Point", "coordinates": [ 654619.441976447938941, 6861312.025783875025809 ] } },
{ "type": "Feature", "properties": { "fid": 13446, "PREFIXE 1": "RUE", "PREFIXE 2": "DU", "NOM_RUE": "FAUBOURG SAINT-ANTOINE", "NUMERO TXT": "190", "NOM_SAISI": "RUE DU FAUBOURG SAINT-ANTOINE", "NOM_NOTE": "Rue du faubourg St. Antoine", "EXP_GEO": 1, "INTERP": 0, "NUMEROTATI": 1, "NUM_QUART": 30 }, "geometry": { "type": "Point", "coordinates": [ 654626.610598353669047, 6861311.391192972660065 ] } },
{ "type": "Feature", "properties": { "fid": 13447, "PREFIXE 1": "RUE", "PREFIXE 2": "DU", "NOM_RUE": "FAUBOURG SAINT-ANTOINE", "NUMERO TXT": "192", "NOM_SAISI": "RUE DU FAUBOURG SAINT-ANTOINE", "NOM_NOTE": "Rue du faubourg St. Antoine", "EXP_GEO": 1, "INTERP": 0, "NUMEROTATI": 1, "NUM_QUART": 30 }, "geometry": { "type": "Point", "coordinates": [ 654633.003225228516385, 6861310.763721770606935 ] } },
{ "type": "Feature", "properties": { "fid": 13448, "PREFIXE 1": "RUE", "PREFIXE 2": "DU", "NOM_RUE": "FAUBOURG SAINT-ANTOINE", "NUMERO TXT": "194", "NOM_SAISI": "RUE DU FAUBOURG SAINT-ANTOINE", "NOM_NOTE": "Rue du faubourg St. Antoine", "EXP_GEO": 1, "INTERP": 0, "NUMEROTATI": 1, "NUM_QUART": 30 }, "geometry": { "type": "Point", "coordinates": [ 654639.951602217392065, 6861308.037781443446875 ] } },
{ "type": "Feature", "properties": { "fid": 13449, "PREFIXE 1": "RUE", "PREFIXE 2": "DU", "NOM_RUE": "FAUBOURG SAINT-ANTOINE", "NUMERO TXT": "196", "NOM_SAISI": "RUE DU FAUBOURG SAINT-ANTOINE", "NOM_NOTE": "Rue du faubourg St. Antoine", "EXP_GEO": 1, "INTERP": 0, "NUMEROTATI": 1, "NUM_QUART": 30 }, "geometry": { "type": "Point", "coordinates": [ 654650.794453590526246, 6861306.610627640038729 ] } },
{ "type": "Feature", "properties": { "fid": 13450, "PREFIXE 1": "RUE", "PREFIXE 2": "DU", "NOM_RUE": "FAUBOURG SAINT-ANTOINE", "NUMERO TXT": "198", "NOM_SAISI": "RUE DU FAUBOURG SAINT-ANTOINE", "NOM_NOTE": "Rue du faubourg St. Antoine", "EXP_GEO": 1, "INTERP": 0, "NUMEROTATI": 1, "NUM_QUART": 30 }, "geometry": { "type": "Point", "coordinates": [ 654657.190966148395091, 6861306.364716934971511 ] } },
{ "type": "Feature", "properties": { "fid": 13451, "PREFIXE 1": "RUE", "PREFIXE 2": "DU", "NOM_RUE": "FAUBOURG SAINT-ANTOINE", "NUMERO TXT": "200", "NOM_SAISI": "RUE DU FAUBOURG SAINT-ANTOINE", "NOM_NOTE": "Rue du faubourg St. Antoine", "EXP_GEO": 1, "INTERP": 0, "NUMEROTATI": 1, "NUM_QUART": 30 }, "geometry": { "type": "Point", "coordinates": [ 654680.429651136044413, 6861303.880598716437817 ] } },
{ "type": "Feature", "properties": { "fid": 13452, "PREFIXE 1": "RUE", "PREFIXE 2": "DU", "NOM_RUE": "FAUBOURG SAINT-ANTOINE", "NUMERO TXT": "202", "NOM_SAISI": "RUE DU FAUBOURG SAINT-ANTOINE", "NOM_NOTE": "Rue du faubourg St. Antoine", "EXP_GEO": 1, "INTERP": 0, "NUMEROTATI": 1, "NUM_QUART": 30 }, "geometry": { "type": "Point", "coordinates": [ 654689.520856396178715, 6861302.090127409435809 ] } },
{ "type": "Feature", "properties": { "fid": 13453, "PREFIXE 1": "RUE", "PREFIXE 2": "DU", "NOM_RUE": "FAUBOURG SAINT-ANTOINE", "NUMERO TXT": "204", "NOM_SAISI": "RUE DU FAUBOURG SAINT-ANTOINE", "NOM_NOTE": "Rue du faubourg St. Antoine", "EXP_GEO": 1, "INTERP": 0, "NUMEROTATI": 1, "NUM_QUART": 30 }, "geometry": { "type": "Point", "coordinates": [ 654700.157989617087878, 6861299.906413645483553 ] } },
{ "type": "Feature", "properties": { "fid": 13454, "PREFIXE 1": "RUE", "PREFIXE 2": "DU", "NOM_RUE": "FAUBOURG SAINT-ANTOINE", "NUMERO TXT": "206", "NOM_SAISI": "RUE DU FAUBOURG SAINT-ANTOINE", "NOM_NOTE": "Rue du faubourg St. Antoine", "EXP_GEO": 1, "INTERP": 0, "NUMEROTATI": 1, "NUM_QUART": 30 }, "geometry": { "type": "Point", "coordinates": [ 654709.841243266826496, 6861299.063705037347972 ] } },
{ "type": "Feature", "properties": { "fid": 13455, "PREFIXE 1": "RUE", "PREFIXE 2": "DU", "NOM_RUE": "FAUBOURG SAINT-ANTOINE", "NUMERO TXT": "208", "NOM_SAISI": "RUE DU FAUBOURG SAINT-ANTOINE", "NOM_NOTE": "Rue du faubourg St. Antoine", "EXP_GEO": 1, "INTERP": 0, "NUMEROTATI": 1, "NUM_QUART": 30 }, "geometry": { "type": "Point", "coordinates": [ 654736.775935866753571, 6861298.268937963992357 ] } },
{ "type": "Feature", "properties": { "fid": 13456, "PREFIXE 1": "RUE", "PREFIXE 2": "DU", "NOM_RUE": "FAUBOURG SAINT-ANTOINE", "NUMERO TXT": "210", "NOM_SAISI": "RUE DU FAUBOURG SAINT-ANTOINE", "NOM_NOTE": "Rue du faubourg St. Antoine", "EXP_GEO": 1, "INTERP": 0, "NUMEROTATI": 1, "NUM_QUART": 30 }, "geometry": { "type": "Point", "coordinates": [ 654746.034095402457751, 6861294.386571547016501 ] } },
{ "type": "Feature", "properties": { "fid": 13457, "PREFIXE 1": "RUE", "PREFIXE 2": "DU", "NOM_RUE": "FAUBOURG SAINT-ANTOINE", "NUMERO TXT": "212", "NOM_SAISI": "RUE DU FAUBOURG SAINT-ANTOINE", "NOM_NOTE": "Rue du faubourg St. Antoine", "EXP_GEO": 1, "INTERP": 0, "NUMEROTATI": 1, "NUM_QUART": 30 }, "geometry": { "type": "Point", "coordinates": [ 654760.742324868799187, 6861292.554004544392228 ] } },
{ "type": "Feature", "properties": { "fid": 13458, "PREFIXE 1": "RUE", "PREFIXE 2": "DU", "NOM_RUE": "FAUBOURG SAINT-ANTOINE", "NUMERO TXT": "214", "NOM_SAISI": "RUE DU FAUBOURG SAINT-ANTOINE", "NOM_NOTE": "Rue du faubourg St. Antoine", "EXP_GEO": 1, "INTERP": 0, "NUMEROTATI": 1, "NUM_QUART": 30 }, "geometry": { "type": "Point", "coordinates": [ 654773.494343042257242, 6861289.215758164413273 ] } },
{ "type": "Feature", "properties": { "fid": 13459, "PREFIXE 1": "RUE", "PREFIXE 2": "DU", "NOM_RUE": "FAUBOURG SAINT-ANTOINE", "NUMERO TXT": "216", "NOM_SAISI": "RUE DU FAUBOURG SAINT-ANTOINE", "NOM_NOTE": "Rue du faubourg St. Antoine", "EXP_GEO": 1, "INTERP": 0, "NUMEROTATI": 1, "NUM_QUART": 30 }, "geometry": { "type": "Point", "coordinates": [ 654785.485915941302665, 6861287.216771589592099 ] } },
{ "type": "Feature", "properties": { "fid": 13460, "PREFIXE 1": "RUE", "PREFIXE 2": "DU", "NOM_RUE": "FAUBOURG SAINT-ANTOINE", "NUMERO TXT": "218", "NOM_SAISI": "RUE DU FAUBOURG SAINT-ANTOINE", "NOM_NOTE": "Rue du faubourg St. Antoine", "EXP_GEO": 1, "INTERP": 0, "NUMEROTATI": 1, "NUM_QUART": 30 }, "geometry": { "type": "Point", "coordinates": [ 654797.476817971793935, 6861285.218619057908654 ] } },
{ "type": "Feature", "properties": { "fid": 13461, "PREFIXE 1": "RUE", "PREFIXE 2": "DU", "NOM_RUE": "FAUBOURG SAINT-ANTOINE", "NUMERO TXT": "220", "NOM_SAISI": "RUE DU FAUBOURG SAINT-ANTOINE", "NOM_NOTE": "Rue du faubourg St. Antoine", "EXP_GEO": 1, "INTERP": 0, "NUMEROTATI": 1, "NUM_QUART": 30 }, "geometry": { "type": "Point", "coordinates": [ 654808.123748278012499, 6861284.373753068968654 ] } },
{ "type": "Feature", "properties": { "fid": 13462, "PREFIXE 1": "RUE", "PREFIXE 2": "DU", "NOM_RUE": "FAUBOURG SAINT-ANTOINE", "NUMERO TXT": "222", "NOM_SAISI": "RUE DU FAUBOURG SAINT-ANTOINE", "NOM_NOTE": "Rue du faubourg St. Antoine", "EXP_GEO": 1, "INTERP": 0, "NUMEROTATI": 1, "NUM_QUART": 30 }, "geometry": { "type": "Point", "coordinates": [ 654817.397006246261299, 6861282.01759418938309 ] } },
{ "type": "Feature", "properties": { "fid": 13463, "PREFIXE 1": "RUE", "PREFIXE 2": "DU", "NOM_RUE": "FAUBOURG SAINT-ANTOINE", "NUMERO TXT": "224", "NOM_SAISI": "RUE DU FAUBOURG SAINT-ANTOINE", "NOM_NOTE": "Rue du faubourg St. Antoine", "EXP_GEO": 1, "INTERP": 0, "NUMEROTATI": 1, "NUM_QUART": 30 }, "geometry": { "type": "Point", "coordinates": [ 654903.747144372668117, 6861260.812599705532193 ] } },
{ "type": "Feature", "properties": { "fid": 13464, "PREFIXE 1": "RUE", "PREFIXE 2": "DU", "NOM_RUE": "FAUBOURG SAINT-ANTOINE", "NUMERO TXT": "226", "NOM_SAISI": "RUE DU FAUBOURG SAINT-ANTOINE", "NOM_NOTE": "Rue du faubourg St. Antoine", "EXP_GEO": 1, "INTERP": 0, "NUMEROTATI": 1, "NUM_QUART": 30 }, "geometry": { "type": "Point", "coordinates": [ 654923.636302414815873, 6861255.529890505596995 ] } },
{ "type": "Feature", "properties": { "fid": 13465, "PREFIXE 1": "RUE", "PREFIXE 2": "DU", "NOM_RUE": "FAUBOURG SAINT-ANTOINE", "NUMERO TXT": "228", "NOM_SAISI": "RUE DU FAUBOURG SAINT-ANTOINE", "NOM_NOTE": "Rue du faubourg St. Antoine", "EXP_GEO": 1, "INTERP": 0, "NUMEROTATI": 1, "NUM_QUART": 30 }, "geometry": { "type": "Point", "coordinates": [ 654935.416645209654234, 6861252.590845023281872 ] } },
{ "type": "Feature", "properties": { "fid": 13466, "PREFIXE 1": "RUE", "PREFIXE 2": "DU", "NOM_RUE": "FAUBOURG SAINT-ANTOINE", "NUMERO TXT": "230", "NOM_SAISI": "RUE DU FAUBOURG SAINT-ANTOINE", "NOM_NOTE": "Rue du faubourg St. Antoine", "EXP_GEO": 1, "INTERP": 0, "NUMEROTATI": 1, "NUM_QUART": 30 }, "geometry": { "type": "Point", "coordinates": [ 654947.589564260444604, 6861250.221022957935929 ] } },
{ "type": "Feature", "properties": { "fid": 13467, "PREFIXE 1": "RUE", "PREFIXE 2": "DU", "NOM_RUE": "FAUBOURG SAINT-ANTOINE", "NUMERO TXT": "232", "NOM_SAISI": "RUE DU FAUBOURG SAINT-ANTOINE", "NOM_NOTE": "Rue du faubourg St. Antoine", "EXP_GEO": 1, "INTERP": 0, "NUMEROTATI": 1, "NUM_QUART": 30 }, "geometry": { "type": "Point", "coordinates": [ 654968.044700275175273, 6861243.796816822141409 ] } },
{ "type": "Feature", "properties": { "fid": 13468, "PREFIXE 1": "RUE", "PREFIXE 2": "DU", "NOM_RUE": "FAUBOURG SAINT-ANTOINE", "NUMERO TXT": "234", "NOM_SAISI": "RUE DU FAUBOURG SAINT-ANTOINE", "NOM_NOTE": "Rue du faubourg St. Antoine", "EXP_GEO": 1, "INTERP": 0, "NUMEROTATI": 1, "NUM_QUART": 30 }, "geometry": { "type": "Point", "coordinates": [ 655002.813292190781794, 6861236.517825706861913 ] } },
{ "type": "Feature", "properties": { "fid": 13469, "PREFIXE 1": "RUE", "PREFIXE 2": "DU", "NOM_RUE": "FAUBOURG SAINT-ANTOINE", "NUMERO TXT": "236", "NOM_SAISI": "RUE DU FAUBOURG SAINT-ANTOINE", "NOM_NOTE": "Rue du faubourg St. Antoine", "EXP_GEO": 1, "INTERP": 0, "NUMEROTATI": 1, "NUM_QUART": 30 }, "geometry": { "type": "Point", "coordinates": [ 655024.247361578512937, 6861231.616833177395165 ] } },
{ "type": "Feature", "properties": { "fid": 13470, "PREFIXE 1": "RUE", "PREFIXE 2": "DU", "NOM_RUE": "FAUBOURG SAINT-ANTOINE", "NUMERO TXT": "238", "NOM_SAISI": "RUE DU FAUBOURG SAINT-ANTOINE", "NOM_NOTE": "Rue du faubourg St. Antoine", "EXP_GEO": 1, "INTERP": 0, "NUMEROTATI": 1, "NUM_QUART": 30 }, "geometry": { "type": "Point", "coordinates": [ 655036.406638041138649, 6861228.301099741831422 ] } },
{ "type": "Feature", "properties": { "fid": 13471, "PREFIXE 1": "RUE", "PREFIXE 2": "DU", "NOM_RUE": "FAUBOURG SAINT-ANTOINE", "NUMERO TXT": "240", "NOM_SAISI": "RUE DU FAUBOURG SAINT-ANTOINE", "NOM_NOTE": "Rue du faubourg St. Antoine", "EXP_GEO": 1, "INTERP": 0, "NUMEROTATI": 1, "NUM_QUART": 30 }, "geometry": { "type": "Point", "coordinates": [ 655049.339382408652455, 6861224.981272338889539 ] } },
{ "type": "Feature", "properties": { "fid": 13472, "PREFIXE 1": "RUE", "PREFIXE 2": "DU", "NOM_RUE": "FAUBOURG SAINT-ANTOINE", "NUMERO TXT": "242", "NOM_SAISI": "RUE DU FAUBOURG SAINT-ANTOINE", "NOM_NOTE": "Rue du faubourg St. Antoine", "EXP_GEO": 1, "INTERP": 0, "NUMEROTATI": 1, "NUM_QUART": 30 }, "geometry": { "type": "Point", "coordinates": [ 655063.056380494032055, 6861222.800168685615063 ] } },
{ "type": "Feature", "properties": { "fid": 13473, "PREFIXE 1": "RUE", "PREFIXE 2": "DU", "NOM_RUE": "FAUBOURG SAINT-ANTOINE", "NUMERO TXT": "244", "NOM_SAISI": "RUE DU FAUBOURG SAINT-ANTOINE", "NOM_NOTE": "Rue du faubourg St. Antoine", "EXP_GEO": 1, "INTERP": 0, "NUMEROTATI": 1, "NUM_QUART": 30 }, "geometry": { "type": "Point", "coordinates": [ 655075.794345580041409, 6861219.483493484556675 ] } },
{ "type": "Feature", "properties": { "fid": 13474, "PREFIXE 1": "RUE", "PREFIXE 2": "DU", "NOM_RUE": "FAUBOURG SAINT-ANTOINE", "NUMERO TXT": "246", "NOM_SAISI": "RUE DU FAUBOURG SAINT-ANTOINE", "NOM_NOTE": "Rue du faubourg St. Antoine", "EXP_GEO": 1, "INTERP": 0, "NUMEROTATI": 1, "NUM_QUART": 30 }, "geometry": { "type": "Point", "coordinates": [ 655090.082907633273862, 6861216.539197037927806 ] } },
{ "type": "Feature", "properties": { "fid": 13475, "PREFIXE 1": "RUE", "PREFIXE 2": "DU", "NOM_RUE": "FAUBOURG SAINT-ANTOINE", "NUMERO TXT": "248", "NOM_SAISI": "RUE DU FAUBOURG SAINT-ANTOINE", "NOM_NOTE": "Rue du faubourg St. Antoine", "EXP_GEO": 1, "INTERP": 0, "NUMEROTATI": 1, "NUM_QUART": 30 }, "geometry": { "type": "Point", "coordinates": [ 655107.052090626908466, 6861210.723014489747584 ] } },
{ "type": "Feature", "properties": { "fid": 13476, "PREFIXE 1": "RUE", "PREFIXE 2": "DU", "NOM_RUE": "FAUBOURG SAINT-ANTOINE", "NUMERO TXT": "250", "NOM_SAISI": "RUE DU FAUBOURG SAINT-ANTOINE", "NOM_NOTE": "Rue du faubourg St. Antoine", "EXP_GEO": 1, "INTERP": 0, "NUMEROTATI": 1, "NUM_QUART": 30 }, "geometry": { "type": "Point", "coordinates": [ 655123.832410028553568, 6861205.480780750513077 ] } },
{ "type": "Feature", "properties": { "fid": 13477, "PREFIXE 1": "RUE", "PREFIXE 2": "DU", "NOM_RUE": "FAUBOURG SAINT-ANTOINE", "NUMERO TXT": "252", "NOM_SAISI": "RUE DU FAUBOURG SAINT-ANTOINE", "NOM_NOTE": "Rue du faubourg St. Antoine", "EXP_GEO": 1, "INTERP": 0, "NUMEROTATI": 1, "NUM_QUART": 30 }, "geometry": { "type": "Point", "coordinates": [ 655137.132432068232447, 6861200.450499586760998 ] } },
{ "type": "Feature", "properties": { "fid": 13478, "PREFIXE 1": "RUE", "PREFIXE 2": "DU", "NOM_RUE": "FAUBOURG SAINT-ANTOINE", "NUMERO TXT": "254", "NOM_SAISI": "RUE DU FAUBOURG SAINT-ANTOINE", "NOM_NOTE": "Rue du faubourg St. Antoine", "EXP_GEO": 1, "INTERP": 0, "NUMEROTATI": 1, "NUM_QUART": 30 }, "geometry": { "type": "Point", "coordinates": [ 655150.243864604854025, 6861195.993622928857803 ] } },
{ "type": "Feature", "properties": { "fid": 13479, "PREFIXE 1": "RUE", "PREFIXE 2": "DU", "NOM_RUE": "FAUBOURG SAINT-ANTOINE", "NUMERO TXT": "256", "NOM_SAISI": "RUE DU FAUBOURG SAINT-ANTOINE", "NOM_NOTE": "Rue du faubourg St. Antoine", "EXP_GEO": 1, "INTERP": 0, "NUMEROTATI": 1, "NUM_QUART": 30 }, "geometry": { "type": "Point", "coordinates": [ 655161.034282529959455, 6861191.550538274459541 ] } },
{ "type": "Feature", "properties": { "fid": 13480, "PREFIXE 1": "RUE", "PREFIXE 2": "DU", "NOM_RUE": "FAUBOURG SAINT-ANTOINE", "NUMERO TXT": "258", "NOM_SAISI": "RUE DU FAUBOURG SAINT-ANTOINE", "NOM_NOTE": "Rue du faubourg St. Antoine", "EXP_GEO": 1, "INTERP": 0, "NUMEROTATI": 1, "NUM_QUART": 30 }, "geometry": { "type": "Point", "coordinates": [ 655171.056091938517056, 6861187.683808464556932 ] } },
{ "type": "Feature", "properties": { "fid": 13481, "PREFIXE 1": "RUE", "PREFIXE 2": "DU", "NOM_RUE": "FAUBOURG SAINT-ANTOINE", "NUMERO TXT": "260", "NOM_SAISI": "RUE DU FAUBOURG SAINT-ANTOINE", "NOM_NOTE": "Rue du faubourg St. Antoine", "EXP_GEO": 1, "INTERP": 0, "NUMEROTATI": 1, "NUM_QUART": 30 }, "geometry": { "type": "Point", "coordinates": [ 655182.044549948419444, 6861183.81222353503108 ] } },
{ "type": "Feature", "properties": { "fid": 13482, "PREFIXE 1": "RUE", "PREFIXE 2": "DU", "NOM_RUE": "FAUBOURG SAINT-ANTOINE", "NUMERO TXT": "262", "NOM_SAISI": "RUE DU FAUBOURG SAINT-ANTOINE", "NOM_NOTE": "Rue du faubourg St. Antoine", "EXP_GEO": 1, "INTERP": 0, "NUMEROTATI": 1, "NUM_QUART": 30 }, "geometry": { "type": "Point", "coordinates": [ 655193.612801772658713, 6861179.938078794628382 ] } },
{ "type": "Feature", "properties": { "fid": 13483, "PREFIXE 1": "RUE", "PREFIXE 2": "DU", "NOM_RUE": "FAUBOURG SAINT-ANTOINE", "NUMERO TXT": "264", "NOM_SAISI": "RUE DU FAUBOURG SAINT-ANTOINE", "NOM_NOTE": "Rue du faubourg St. Antoine", "EXP_GEO": 1, "INTERP": 0, "NUMEROTATI": 1, "NUM_QUART": 30 }, "geometry": { "type": "Point", "coordinates": [ 655203.635594045976177, 6861176.263364970684052 ] } },
{ "type": "Feature", "properties": { "fid": 13484, "PREFIXE 1": "RUE", "PREFIXE 2": "DU", "NOM_RUE": "FAUBOURG SAINT-ANTOINE", "NUMERO TXT": "266", "NOM_SAISI": "RUE DU FAUBOURG SAINT-ANTOINE", "NOM_NOTE": "Rue du faubourg St. Antoine", "EXP_GEO": 1, "INTERP": 0, "NUMEROTATI": 1, "NUM_QUART": 30 }, "geometry": { "type": "Point", "coordinates": [ 655210.382881698082201, 6861173.940528114326298 ] } },
{ "type": "Feature", "properties": { "fid": 13485, "PREFIXE 1": "RUE", "PREFIXE 2": "DU", "NOM_RUE": "FAUBOURG SAINT-ANTOINE", "NUMERO TXT": "268", "NOM_SAISI": "RUE DU FAUBOURG SAINT-ANTOINE", "NOM_NOTE": "Rue du faubourg St. Antoine", "EXP_GEO": 1, "INTERP": 0, "NUMEROTATI": 1, "NUM_QUART": 30 }, "geometry": { "type": "Point", "coordinates": [ 655221.563675369718112, 6861170.069944626651704 ] } },
{ "type": "Feature", "properties": { "fid": 13486, "PREFIXE 1": "RUE", "PREFIXE 2": "DU", "NOM_RUE": "FAUBOURG SAINT-ANTOINE", "NUMERO TXT": "270", "NOM_SAISI": "RUE DU FAUBOURG SAINT-ANTOINE", "NOM_NOTE": "Rue du faubourg St. Antoine", "EXP_GEO": 1, "INTERP": 0, "NUMEROTATI": 1, "NUM_QUART": 30 }, "geometry": { "type": "Point", "coordinates": [ 655236.212643572129309, 6861164.847846860997379 ] } },
{ "type": "Feature", "properties": { "fid": 13487, "PREFIXE 1": "RUE", "PREFIXE 2": "DU", "NOM_RUE": "FAUBOURG SAINT-ANTOINE", "NUMERO TXT": "272", "NOM_SAISI": "RUE DU FAUBOURG SAINT-ANTOINE", "NOM_NOTE": "Rue du faubourg St. Antoine", "EXP_GEO": 1, "INTERP": 0, "NUMEROTATI": 1, "NUM_QUART": 30 }, "geometry": { "type": "Point", "coordinates": [ 655249.88022139959503, 6861157.915671862661839 ] } },
{ "type": "Feature", "properties": { "fid": 13488, "PREFIXE 1": "RUE", "PREFIXE 2": "DU", "NOM_RUE": "FAUBOURG SAINT-ANTOINE", "NUMERO TXT": "274", "NOM_SAISI": "RUE DU FAUBOURG SAINT-ANTOINE", "NOM_NOTE": "Rue du faubourg St. Antoine", "EXP_GEO": 1, "INTERP": 0, "NUMEROTATI": 1, "NUM_QUART": 30 }, "geometry": { "type": "Point", "coordinates": [ 655263.381307479692623, 6861154.226311417296529 ] } },
{ "type": "Feature", "properties": { "fid": 13489, "PREFIXE 1": "RUE", "PREFIXE 2": "DU", "NOM_RUE": "FAUBOURG SAINT-ANTOINE", "NUMERO TXT": "280", "NOM_SAISI": "RUE DU FAUBOURG SAINT-ANTOINE", "NOM_NOTE": "Rue du faubourg St. Antoine", "EXP_GEO": 1, "INTERP": 1, "NUMEROTATI": 1, "NUM_QUART": 30 }, "geometry": { "type": "Point", "coordinates": [ 655361.940040342509747, 6861125.775978982448578 ] } },
{ "type": "Feature", "properties": { "fid": 13490, "PREFIXE 1": "RUE", "PREFIXE 2": "DE", "NOM_RUE": "CHARENTON", "NUMERO TXT": "1", "NOM_SAISI": "RUE DE CHARENTON", "NOM_NOTE": "Rue de Charenton", "EXP_GEO": 1, "INTERP": 0, "NUMEROTATI": 1, "NUM_QUART": 30 }, "geometry": { "type": "Point", "coordinates": [ 653810.629728431813419, 6861621.078889702446759 ] } },
{ "type": "Feature", "properties": { "fid": 13491, "PREFIXE 1": "RUE", "PREFIXE 2": "DE", "NOM_RUE": "CHARENTON", "NUMERO TXT": "3", "NOM_SAISI": "RUE DE CHARENTON", "NOM_NOTE": "Rue de Charenton", "EXP_GEO": 1, "INTERP": 0, "NUMEROTATI": 1, "NUM_QUART": 30 }, "geometry": { "type": "Point", "coordinates": [ 653814.108088332577609, 6861617.174198375083506 ] } },
{ "type": "Feature", "properties": { "fid": 13492, "PREFIXE 1": "RUE", "PREFIXE 2": "DE", "NOM_RUE": "CHARENTON", "NUMERO TXT": "5", "NOM_SAISI": "RUE DE CHARENTON", "NOM_NOTE": "Rue de Charenton", "EXP_GEO": 1, "INTERP": 0, "NUMEROTATI": 1, "NUM_QUART": 30 }, "geometry": { "type": "Point", "coordinates": [ 653817.773705488187261, 6861612.049067886546254 ] } },
{ "type": "Feature", "properties": { "fid": 13493, "PREFIXE 1": "RUE", "PREFIXE 2": "DE", "NOM_RUE": "CHARENTON", "NUMERO TXT": "7", "NOM_SAISI": "RUE DE CHARENTON", "NOM_NOTE": "Rue de Charenton", "EXP_GEO": 1, "INTERP": 0, "NUMEROTATI": 1, "NUM_QUART": 30 }, "geometry": { "type": "Point", "coordinates": [ 653821.212999068317004, 6861605.911829142831266 ] } },
{ "type": "Feature", "properties": { "fid": 13494, "PREFIXE 1": "RUE", "PREFIXE 2": "DE", "NOM_RUE": "CHARENTON", "NUMERO TXT": "9", "NOM_SAISI": "RUE DE CHARENTON", "NOM_NOTE": "Rue de Charenton", "EXP_GEO": 1, "INTERP": 0, "NUMEROTATI": 1, "NUM_QUART": 30 }, "geometry": { "type": "Point", "coordinates": [ 653824.670290014590137, 6861600.788271150551736 ] } },
{ "type": "Feature", "properties": { "fid": 13495, "PREFIXE 1": "RUE", "PREFIXE 2": "DE", "NOM_RUE": "CHARENTON", "NUMERO TXT": "11", "NOM_SAISI": "RUE DE CHARENTON", "NOM_NOTE": "Rue de Charenton", "EXP_GEO": 1, "INTERP": 0, "NUMEROTATI": 1, "NUM_QUART": 30 }, "geometry": { "type": "Point", "coordinates": [ 653827.911969915381633, 6861595.261114942841232 ] } },
{ "type": "Feature", "properties": { "fid": 13496, "PREFIXE 1": "RUE", "PREFIXE 2": "DE", "NOM_RUE": "CHARENTON", "NUMERO TXT": "13", "NOM_SAISI": "RUE DE CHARENTON", "NOM_NOTE": "Rue de Charenton", "EXP_GEO": 1, "INTERP": 0, "NUMEROTATI": 1, "NUM_QUART": 30 }, "geometry": { "type": "Point", "coordinates": [ 653831.39087813498918, 6861591.354169262573123 ] } },
{ "type": "Feature", "properties": { "fid": 13497, "PREFIXE 1": "RUE", "PREFIXE 2": "DE", "NOM_RUE": "CHARENTON", "NUMERO TXT": "15", "NOM_SAISI": "RUE DE CHARENTON", "NOM_NOTE": "Rue de Charenton", "EXP_GEO": 1, "INTERP": 0, "NUMEROTATI": 1, "NUM_QUART": 30 }, "geometry": { "type": "Point", "coordinates": [ 653834.643479196238331, 6861586.434788081794977 ] } },
{ "type": "Feature", "properties": { "fid": 13498, "PREFIXE 1": "RUE", "PREFIXE 2": "DE", "NOM_RUE": "CHARENTON", "NUMERO TXT": "17", "NOM_SAISI": "RUE DE CHARENTON", "NOM_NOTE": "Rue de Charenton", "EXP_GEO": 1, "INTERP": 0, "NUMEROTATI": 1, "NUM_QUART": 30 }, "geometry": { "type": "Point", "coordinates": [ 653841.382494819350541, 6861578.012843950651586 ] } },
{ "type": "Feature", "properties": { "fid": 13499, "PREFIXE 1": "RUE", "PREFIXE 2": "DE", "NOM_RUE": "CHARENTON", "NUMERO TXT": "2", "NOM_SAISI": "RUE DE CHARENTON", "NOM_NOTE": "Rue de Charenton", "EXP_GEO": 1, "INTERP": 0, "NUMEROTATI": 1, "NUM_QUART": 30 }, "geometry": { "type": "Point", "coordinates": [ 653794.393338013556786, 6861623.342796402052045 ] } },
{ "type": "Feature", "properties": { "fid": 13500, "PREFIXE 1": "RUE", "PREFIXE 2": "DE", "NOM_RUE": "CHARENTON", "NUMERO TXT": "4", "NOM_SAISI": "RUE DE CHARENTON", "NOM_NOTE": "Rue de Charenton", "EXP_GEO": 1, "INTERP": 0, "NUMEROTATI": 1, "NUM_QUART": 30 }, "geometry": { "type": "Point", "coordinates": [ 653798.673763579456136, 6861617.600081435404718 ] } },
{ "type": "Feature", "properties": { "fid": 13501, "PREFIXE 1": "RUE", "PREFIXE 2": "DE", "NOM_RUE": "CHARENTON", "NUMERO TXT": "6", "NOM_SAISI": "RUE DE CHARENTON", "NOM_NOTE": "Rue de Charenton", "EXP_GEO": 1, "INTERP": 0, "NUMEROTATI": 1, "NUM_QUART": 30 }, "geometry": { "type": "Point", "coordinates": [ 653800.893189820228145, 6861613.306866915896535 ] } },
{ "type": "Feature", "properties": { "fid": 13502, "PREFIXE 1": "RUE", "PREFIXE 2": "DE", "NOM_RUE": "CHARENTON", "NUMERO TXT": "8", "NOM_SAISI": "RUE DE CHARENTON", "NOM_NOTE": "Rue de Charenton", "EXP_GEO": 1, "INTERP": 0, "NUMEROTATI": 1, "NUM_QUART": 30 }, "geometry": { "type": "Point", "coordinates": [ 653804.551594653050415, 6861607.774694567546248 ] } },
{ "type": "Feature", "properties": { "fid": 13503, "PREFIXE 1": "RUE", "PREFIXE 2": "DE", "NOM_RUE": "CHARENTON", "NUMERO TXT": "10", "NOM_SAISI": "RUE DE CHARENTON", "NOM_NOTE": "Rue de Charenton", "EXP_GEO": 1, "INTERP": 0, "NUMEROTATI": 1, "NUM_QUART": 30 }, "geometry": { "type": "Point", "coordinates": [ 653808.814546208712272, 6861601.01512433681637 ] } },
{ "type": "Feature", "properties": { "fid": 13504, "PREFIXE 1": "RUE", "PREFIXE 2": "DE", "NOM_RUE": "CHARENTON", "NUMERO TXT": "12", "NOM_SAISI": "RUE DE CHARENTON", "NOM_NOTE": "Rue de Charenton", "EXP_GEO": 1, "INTERP": 0, "NUMEROTATI": 1, "NUM_QUART": 30 }, "geometry": { "type": "Point", "coordinates": [ 653813.066973210661672, 6861593.645430825650692 ] } },
{ "type": "Feature", "properties": { "fid": 13505, "PREFIXE 1": "RUE", "PREFIXE 2": "DE", "NOM_RUE": "CHARENTON", "NUMERO TXT": "14", "NOM_SAISI": "RUE DE CHARENTON", "NOM_NOTE": "Rue de Charenton", "EXP_GEO": 1, "INTERP": 0, "NUMEROTATI": 1, "NUM_QUART": 30 }, "geometry": { "type": "Point", "coordinates": [ 653818.963790514157154, 6861584.829278700053692 ] } },
{ "type": "Feature", "properties": { "fid": 13506, "PREFIXE 1": "RUE", "PREFIXE 2": "DE", "NOM_RUE": "CHARENTON", "NUMERO TXT": "16", "NOM_SAISI": "RUE DE CHARENTON", "NOM_NOTE": "Rue de Charenton", "EXP_GEO": 1, "INTERP": 0, "NUMEROTATI": 1, "NUM_QUART": 30 }, "geometry": { "type": "Point", "coordinates": [ 653831.175899798166938, 6861567.185431855730712 ] } },
{ "type": "Feature", "properties": { "fid": 13507, "PREFIXE 1": "RUE", "PREFIXE 2": "DE", "NOM_RUE": "CHARENTON", "NUMERO TXT": "19", "NOM_SAISI": "RUE DE CHARENTON", "NOM_NOTE": "Rue de Charenton", "EXP_GEO": 1, "INTERP": 0, "NUMEROTATI": 1, "NUM_QUART": 30 }, "geometry": { "type": "Point", "coordinates": [ 653850.346048463601619, 6861565.494597726501524 ] } },
{ "type": "Feature", "properties": { "fid": 13508, "PREFIXE 1": "RUE", "PREFIXE 2": "DE", "NOM_RUE": "CHARENTON", "NUMERO TXT": "21", "NOM_SAISI": "RUE DE CHARENTON", "NOM_NOTE": "Rue de Charenton", "EXP_GEO": 1, "INTERP": 0, "NUMEROTATI": 1, "NUM_QUART": 30 }, "geometry": { "type": "Point", "coordinates": [ 653858.889618457295001, 6861552.775223197415471 ] } },
{ "type": "Feature", "properties": { "fid": 13509, "PREFIXE 1": "RUE", "PREFIXE 2": "DE", "NOM_RUE": "CHARENTON", "NUMERO TXT": "23", "NOM_SAISI": "RUE DE CHARENTON", "NOM_NOTE": "Rue de Charenton", "EXP_GEO": 1, "INTERP": 0, "NUMEROTATI": 1, "NUM_QUART": 30 }, "geometry": { "type": "Point", "coordinates": [ 653868.098592619411647, 6861542.279598352499306 ] } },
{ "type": "Feature", "properties": { "fid": 13510, "PREFIXE 1": "RUE", "PREFIXE 2": "DE", "NOM_RUE": "CHARENTON", "NUMERO TXT": "25", "NOM_SAISI": "RUE DE CHARENTON", "NOM_NOTE": "Rue de Charenton", "EXP_GEO": 1, "INTERP": 0, "NUMEROTATI": 1, "NUM_QUART": 30 }, "geometry": { "type": "Point", "coordinates": [ 653876.268493135808967, 6861531.999318022280931 ] } },
{ "type": "Feature", "properties": { "fid": 13511, "PREFIXE 1": "RUE", "PREFIXE 2": "DE", "NOM_RUE": "CHARENTON", "NUMERO TXT": "27", "NOM_SAISI": "RUE DE CHARENTON", "NOM_NOTE": "Rue de Charenton", "EXP_GEO": 1, "INTERP": 0, "NUMEROTATI": 1, "NUM_QUART": 30 }, "geometry": { "type": "Point", "coordinates": [ 653881.35834101983346, 6861524.606844950467348 ] } },
{ "type": "Feature", "properties": { "fid": 13512, "PREFIXE 1": "RUE", "PREFIXE 2": "DE", "NOM_RUE": "CHARENTON", "NUMERO TXT": "29", "NOM_SAISI": "RUE DE CHARENTON", "NOM_NOTE": "Rue de Charenton", "EXP_GEO": 1, "INTERP": 0, "NUMEROTATI": 1, "NUM_QUART": 30 }, "geometry": { "type": "Point", "coordinates": [ 653886.678076968761161, 6861518.430876400321722 ] } },
{ "type": "Feature", "properties": { "fid": 13513, "PREFIXE 1": "RUE", "PREFIXE 2": "DE", "NOM_RUE": "CHARENTON", "NUMERO TXT": "31", "NOM_SAISI": "RUE DE CHARENTON", "NOM_NOTE": "Rue de Charenton", "EXP_GEO": 1, "INTERP": 0, "NUMEROTATI": 1, "NUM_QUART": 30 }, "geometry": { "type": "Point", "coordinates": [ 653890.968765511410311, 6861513.082043553702533 ] } },
{ "type": "Feature", "properties": { "fid": 13514, "PREFIXE 1": "RUE", "PREFIXE 2": "DE", "NOM_RUE": "CHARENTON", "NUMERO TXT": "18", "NOM_SAISI": "RUE DE CHARENTON", "NOM_NOTE": "Rue de Charenton", "EXP_GEO": 1, "INTERP": 0, "NUMEROTATI": 1, "NUM_QUART": 30 }, "geometry": { "type": "Point", "coordinates": [ 653846.876534942071885, 6861546.029187006875873 ] } },
{ "type": "Feature", "properties": { "fid": 13515, "PREFIXE 1": "RUE", "PREFIXE 2": "DE", "NOM_RUE": "CHARENTON", "NUMERO TXT": "20", "NOM_SAISI": "RUE DE CHARENTON", "NOM_NOTE": "Rue de Charenton", "EXP_GEO": 1, "INTERP": 0, "NUMEROTATI": 1, "NUM_QUART": 30 }, "geometry": { "type": "Point", "coordinates": [ 653853.58538427343592, 6861535.768042372539639 ] } },
{ "type": "Feature", "properties": { "fid": 13516, "PREFIXE 1": "RUE", "PREFIXE 2": "DE", "NOM_RUE": "CHARENTON", "NUMERO TXT": "22", "NOM_SAISI": "RUE DE CHARENTON", "NOM_NOTE": "Rue de Charenton", "EXP_GEO": 1, "INTERP": 0, "NUMEROTATI": 1, "NUM_QUART": 30 }, "geometry": { "type": "Point", "coordinates": [ 653858.869370637461543, 6861527.558408359065652 ] } },
{ "type": "Feature", "properties": { "fid": 13517, "PREFIXE 1": "RUE", "PREFIXE 2": "DE", "NOM_RUE": "CHARENTON", "NUMERO TXT": "24", "NOM_SAISI": "RUE DE CHARENTON", "NOM_NOTE": "Rue de Charenton", "EXP_GEO": 1, "INTERP": 0, "NUMEROTATI": 1, "NUM_QUART": 30 }, "geometry": { "type": "Point", "coordinates": [ 653864.588650231831707, 6861520.358672491274774 ] } },
{ "type": "Feature", "properties": { "fid": 13518, "PREFIXE 1": "RUE", "PREFIXE 2": "DE", "NOM_RUE": "CHARENTON", "NUMERO TXT": "26", "NOM_SAISI": "RUE DE CHARENTON", "NOM_NOTE": "Rue de Charenton", "EXP_GEO": 1, "INTERP": 0, "NUMEROTATI": 1, "NUM_QUART": 30 }, "geometry": { "type": "Point", "coordinates": [ 653869.477037719683722, 6861513.372617608867586 ] } },
{ "type": "Feature", "properties": { "fid": 13519, "PREFIXE 1": "RUE", "PREFIXE 2": "DE", "NOM_RUE": "CHARENTON", "NUMERO TXT": "28", "NOM_SAISI": "RUE DE CHARENTON", "NOM_NOTE": "Rue de Charenton", "EXP_GEO": 1, "INTERP": 0, "NUMEROTATI": 1, "NUM_QUART": 30 }, "geometry": { "type": "Point", "coordinates": [ 653874.995210185879841, 6861506.580481812357903 ] } },
{ "type": "Feature", "properties": { "fid": 13520, "PREFIXE 1": "RUE", "PREFIXE 2": "DE", "NOM_RUE": "CHARENTON", "NUMERO TXT": "30", "NOM_SAISI": "RUE DE CHARENTON", "NOM_NOTE": "Rue de Charenton", "EXP_GEO": 1, "INTERP": 0, "NUMEROTATI": 1, "NUM_QUART": 30 }, "geometry": { "type": "Point", "coordinates": [ 653882.565339859342203, 6861497.72353901900351 ] } },
{ "type": "Feature", "properties": { "fid": 13521, "PREFIXE 1": "RUE", "PREFIXE 2": "DE", "NOM_RUE": "CHARENTON", "NUMERO TXT": "32", "NOM_SAISI": "RUE DE CHARENTON", "NOM_NOTE": "Rue de Charenton", "EXP_GEO": 1, "INTERP": 0, "NUMEROTATI": 1, "NUM_QUART": 30 }, "geometry": { "type": "Point", "coordinates": [ 653892.785829274100251, 6861485.163162323646247 ] } },
{ "type": "Feature", "properties": { "fid": 13522, "PREFIXE 1": "RUE", "PREFIXE 2": "DE", "NOM_RUE": "CHARENTON", "NUMERO TXT": "34", "NOM_SAISI": "RUE DE CHARENTON", "NOM_NOTE": "Rue de Charenton", "EXP_GEO": 1, "INTERP": 0, "NUMEROTATI": 1, "NUM_QUART": 30 }, "geometry": { "type": "Point", "coordinates": [ 653901.762044971226715, 6861473.0233816197142 ] } },
{ "type": "Feature", "properties": { "fid": 13523, "PREFIXE 1": "RUE", "PREFIXE 2": "DE", "NOM_RUE": "CHARENTON", "NUMERO TXT": "33", "NOM_SAISI": "RUE DE CHARENTON", "NOM_NOTE": "Rue de Charenton", "EXP_GEO": 1, "INTERP": 0, "NUMEROTATI": 1, "NUM_QUART": 30 }, "geometry": { "type": "Point", "coordinates": [ 653894.630189807270654, 6861507.537488129921257 ] } },
{ "type": "Feature", "properties": { "fid": 13524, "PREFIXE 1": "RUE", "PREFIXE 2": "DE", "NOM_RUE": "CHARENTON", "NUMERO TXT": "35", "NOM_SAISI": "RUE DE CHARENTON", "NOM_NOTE": "Rue de Charenton", "EXP_GEO": 1, "INTERP": 0, "NUMEROTATI": 1, "NUM_QUART": 30 }, "geometry": { "type": "Point", "coordinates": [ 653898.931629206170328, 6861502.797940542921424 ] } },
{ "type": "Feature", "properties": { "fid": 13525, "PREFIXE 1": "RUE", "PREFIXE 2": "DE", "NOM_RUE": "CHARENTON", "NUMERO TXT": "37", "NOM_SAISI": "RUE DE CHARENTON", "NOM_NOTE": "Rue de Charenton", "EXP_GEO": 1, "INTERP": 0, "NUMEROTATI": 1, "NUM_QUART": 30 }, "geometry": { "type": "Point", "coordinates": [ 653902.8054726064438, 6861497.452834312804043 ] } },
{ "type": "Feature", "properties": { "fid": 13526, "PREFIXE 1": "RUE", "PREFIXE 2": "DE", "NOM_RUE": "CHARENTON", "NUMERO TXT": "39", "NOM_SAISI": "RUE DE CHARENTON", "NOM_NOTE": "Rue de Charenton", "EXP_GEO": 1, "INTERP": 0, "NUMEROTATI": 1, "NUM_QUART": 30 }, "geometry": { "type": "Point", "coordinates": [ 653907.712293858407065, 6861491.482428086921573 ] } },
{ "type": "Feature", "properties": { "fid": 13527, "PREFIXE 1": "RUE", "PREFIXE 2": "DE", "NOM_RUE": "CHARENTON", "NUMERO TXT": "41", "NOM_SAISI": "RUE DE CHARENTON", "NOM_NOTE": "Rue de Charenton", "EXP_GEO": 1, "INTERP": 0, "NUMEROTATI": 1, "NUM_QUART": 30 }, "geometry": { "type": "Point", "coordinates": [ 653913.450439970009029, 6861485.296601110137999 ] } },
{ "type": "Feature", "properties": { "fid": 13528, "PREFIXE 1": "RUE", "PREFIXE 2": "DE", "NOM_RUE": "CHARENTON", "NUMERO TXT": "43", "NOM_SAISI": "RUE DE CHARENTON", "NOM_NOTE": "Rue de Charenton", "EXP_GEO": 1, "INTERP": 0, "NUMEROTATI": 1, "NUM_QUART": 30 }, "geometry": { "type": "Point", "coordinates": [ 653918.333451443817466, 6861477.898957311175764 ] } },
{ "type": "Feature", "properties": { "fid": 13529, "PREFIXE 1": "RUE", "PREFIXE 2": "DE", "NOM_RUE": "CHARENTON", "NUMERO TXT": "45", "NOM_SAISI": "RUE DE CHARENTON", "NOM_NOTE": "Rue de Charenton", "EXP_GEO": 1, "INTERP": 0, "NUMEROTATI": 1, "NUM_QUART": 30 }, "geometry": { "type": "Point", "coordinates": [ 653922.614942090469413, 6861471.934221235103905 ] } },
{ "type": "Feature", "properties": { "fid": 13530, "PREFIXE 1": "RUE", "PREFIXE 2": "DE", "NOM_RUE": "CHARENTON", "NUMERO TXT": "47", "NOM_SAISI": "RUE DE CHARENTON", "NOM_NOTE": "Rue de Charenton", "EXP_GEO": 1, "INTERP": 0, "NUMEROTATI": 1, "NUM_QUART": 30 }, "geometry": { "type": "Point", "coordinates": [ 653929.376347850775346, 6861464.509735947474837 ] } },
{ "type": "Feature", "properties": { "fid": 13531, "PREFIXE 1": "RUE", "PREFIXE 2": "DE", "NOM_RUE": "CHARENTON", "NUMERO TXT": "36", "NOM_SAISI": "RUE DE CHARENTON", "NOM_NOTE": "Rue de Charenton", "EXP_GEO": 1, "INTERP": 0, "NUMEROTATI": 1, "NUM_QUART": 30 }, "geometry": { "type": "Point", "coordinates": [ 653912.17900576943066, 6861459.638249737210572 ] } },
{ "type": "Feature", "properties": { "fid": 13532, "PREFIXE 1": "RUE", "PREFIXE 2": "DE", "NOM_RUE": "CHARENTON", "NUMERO TXT": "49", "NOM_SAISI": "RUE DE CHARENTON", "NOM_NOTE": "Rue de Charenton", "EXP_GEO": 1, "INTERP": 0, "NUMEROTATI": 1, "NUM_QUART": 30 }, "geometry": { "type": "Point", "coordinates": [ 653937.529918078798801, 6861452.988924976438284 ] } },
{ "type": "Feature", "properties": { "fid": 13533, "PREFIXE 1": "RUE", "PREFIXE 2": "DE", "NOM_RUE": "CHARENTON", "NUMERO TXT": "51", "NOM_SAISI": "RUE DE CHARENTON", "NOM_NOTE": "Rue de Charenton", "EXP_GEO": 1, "INTERP": 0, "NUMEROTATI": 1, "NUM_QUART": 30 }, "geometry": { "type": "Point", "coordinates": [ 653946.912159551167861, 6861440.021616920828819 ] } },
{ "type": "Feature", "properties": { "fid": 13534, "PREFIXE 1": "RUE", "PREFIXE 2": "DE", "NOM_RUE": "CHARENTON", "NUMERO TXT": "53", "NOM_SAISI": "RUE DE CHARENTON", "NOM_NOTE": "Rue de Charenton", "EXP_GEO": 1, "INTERP": 0, "NUMEROTATI": 1, "NUM_QUART": 30 }, "geometry": { "type": "Point", "coordinates": [ 653966.352905406034552, 6861416.924278946593404 ] } },
{ "type": "Feature", "properties": { "fid": 13535, "PREFIXE 1": "RUE", "PREFIXE 2": "DE", "NOM_RUE": "CHARENTON", "NUMERO TXT": "55", "NOM_SAISI": "RUE DE CHARENTON", "NOM_NOTE": "Rue de Charenton", "EXP_GEO": 1, "INTERP": 0, "NUMEROTATI": 1, "NUM_QUART": 30 }, "geometry": { "type": "Point", "coordinates": [ 653992.318734825938009, 6861384.339567176066339 ] } },
{ "type": "Feature", "properties": { "fid": 13536, "PREFIXE 1": "RUE", "PREFIXE 2": "DE", "NOM_RUE": "CHARENTON", "NUMERO TXT": "57", "NOM_SAISI": "RUE DE CHARENTON", "NOM_NOTE": "Rue de Charenton", "EXP_GEO": 1, "INTERP": 0, "NUMEROTATI": 1, "NUM_QUART": 30 }, "geometry": { "type": "Point", "coordinates": [ 653999.033222887897864, 6861373.837116009555757 ] } },
{ "type": "Feature", "properties": { "fid": 13537, "PREFIXE 1": "RUE", "PREFIXE 2": "DE", "NOM_RUE": "CHARENTON", "NUMERO TXT": "38", "NOM_SAISI": "RUE DE CHARENTON", "NOM_NOTE": "Rue de Charenton", "EXP_GEO": 1, "INTERP": 0, "NUMEROTATI": 1, "NUM_QUART": 30 }, "geometry": { "type": "Point", "coordinates": [ 653970.204472242388874, 6861385.020858305506408 ] } },
{ "type": "Feature", "properties": { "fid": 13538, "PREFIXE 1": "RUE", "PREFIXE 2": "DE", "NOM_RUE": "CHARENTON", "NUMERO TXT": "40", "NOM_SAISI": "RUE DE CHARENTON", "NOM_NOTE": "Rue de Charenton", "EXP_GEO": 1, "INTERP": 0, "NUMEROTATI": 1, "NUM_QUART": 30 }, "geometry": { "type": "Point", "coordinates": [ 653974.89929347333964, 6861378.628647255711257 ] } },
{ "type": "Feature", "properties": { "fid": 13539, "PREFIXE 1": "RUE", "PREFIXE 2": "DE", "NOM_RUE": "CHARENTON", "NUMERO TXT": "42", "NOM_SAISI": "RUE DE CHARENTON", "NOM_NOTE": "Rue de Charenton", "EXP_GEO": 1, "INTERP": 0, "NUMEROTATI": 1, "NUM_QUART": 30 }, "geometry": { "type": "Point", "coordinates": [ 653981.22669429006055, 6861369.967153828591108 ] } },
{ "type": "Feature", "properties": { "fid": 13540, "PREFIXE 1": "RUE", "PREFIXE 2": "DE", "NOM_RUE": "CHARENTON", "NUMERO TXT": "44", "NOM_SAISI": "RUE DE CHARENTON", "NOM_NOTE": "Rue de Charenton", "EXP_GEO": 1, "INTERP": 0, "NUMEROTATI": 1, "NUM_QUART": 30 }, "geometry": { "type": "Point", "coordinates": [ 653987.786871907184832, 6861362.732249036431313 ] } },
{ "type": "Feature", "properties": { "fid": 13541, "PREFIXE 1": "RUE", "PREFIXE 2": "DE", "NOM_RUE": "CHARENTON", "NUMERO TXT": "46", "NOM_SAISI": "RUE DE CHARENTON", "NOM_NOTE": "Rue de Charenton", "EXP_GEO": 1, "INTERP": 0, "NUMEROTATI": 1, "NUM_QUART": 30 }, "geometry": { "type": "Point", "coordinates": [ 653993.690824755351059, 6861353.663838884793222 ] } },
{ "type": "Feature", "properties": { "fid": 13542, "PREFIXE 1": "RUE", "PREFIXE 2": "DE", "NOM_RUE": "CHARENTON", "NUMERO TXT": "59", "NOM_SAISI": "RUE DE CHARENTON", "NOM_NOTE": "Rue de Charenton", "EXP_GEO": 1, "INTERP": 0, "NUMEROTATI": 1, "NUM_QUART": 30 }, "geometry": { "type": "Point", "coordinates": [ 654006.205899399472401, 6861365.779313816688955 ] } },
{ "type": "Feature", "properties": { "fid": 13543, "PREFIXE 1": "RUE", "PREFIXE 2": "DE", "NOM_RUE": "CHARENTON", "NUMERO TXT": "61", "NOM_SAISI": "RUE DE CHARENTON", "NOM_NOTE": "Rue de Charenton", "EXP_GEO": 1, "INTERP": 0, "NUMEROTATI": 1, "NUM_QUART": 30 }, "geometry": { "type": "Point", "coordinates": [ 654011.500797557760961, 6861357.742826016619802 ] } },
{ "type": "Feature", "properties": { "fid": 13544, "PREFIXE 1": "RUE", "PREFIXE 2": "DE", "NOM_RUE": "CHARENTON", "NUMERO TXT": "63", "NOM_SAISI": "RUE DE CHARENTON", "NOM_NOTE": "Rue de Charenton", "EXP_GEO": 1, "INTERP": 0, "NUMEROTATI": 1, "NUM_QUART": 30 }, "geometry": { "type": "Point", "coordinates": [ 654017.627412079949863, 6861349.490323800593615 ] } },
{ "type": "Feature", "properties": { "fid": 13545, "PREFIXE 1": "RUE", "PREFIXE 2": "DE", "NOM_RUE": "CHARENTON", "NUMERO TXT": "65", "NOM_SAISI": "RUE DE CHARENTON", "NOM_NOTE": "Rue de Charenton", "EXP_GEO": 1, "INTERP": 0, "NUMEROTATI": 1, "NUM_QUART": 30 }, "geometry": { "type": "Point", "coordinates": [ 654026.440628820797428, 6861339.567937809973955 ] } },
{ "type": "Feature", "properties": { "fid": 13546, "PREFIXE 1": "RUE", "PREFIXE 2": "DE", "NOM_RUE": "CHARENTON", "NUMERO TXT": "50", "NOM_SAISI": "RUE DE CHARENTON", "NOM_NOTE": "Rue de Charenton", "EXP_GEO": 1, "INTERP": 0, "NUMEROTATI": 1, "NUM_QUART": 30 }, "geometry": { "type": "Point", "coordinates": [ 654012.714535522158258, 6861333.356475398875773 ] } },
{ "type": "Feature", "properties": { "fid": 13547, "PREFIXE 1": "RUE", "PREFIXE 2": "DE", "NOM_RUE": "CHARENTON", "NUMERO TXT": "52", "NOM_SAISI": "RUE DE CHARENTON", "NOM_NOTE": "Rue de Charenton", "EXP_GEO": 1, "INTERP": 0, "NUMEROTATI": 1, "NUM_QUART": 30 }, "geometry": { "type": "Point", "coordinates": [ 654019.765811251709238, 6861323.917967749759555 ] } },
{ "type": "Feature", "properties": { "fid": 13548, "PREFIXE 1": "RUE", "PREFIXE 2": "DE", "NOM_RUE": "CHARENTON", "NUMERO TXT": "54", "NOM_SAISI": "RUE DE CHARENTON", "NOM_NOTE": "Rue de Charenton", "EXP_GEO": 1, "INTERP": 0, "NUMEROTATI": 1, "NUM_QUART": 30 }, "geometry": { "type": "Point", "coordinates": [ 654026.619720583548769, 6861314.288772593252361 ] } },
{ "type": "Feature", "properties": { "fid": 13549, "PREFIXE 1": "RUE", "PREFIXE 2": "DE", "NOM_RUE": "CHARENTON", "NUMERO TXT": "56", "NOM_SAISI": "RUE DE CHARENTON", "NOM_NOTE": "Rue de Charenton", "EXP_GEO": 1, "INTERP": 0, "NUMEROTATI": 1, "NUM_QUART": 30 }, "geometry": { "type": "Point", "coordinates": [ 654033.112622163025662, 6861306.381058044731617 ] } },
{ "type": "Feature", "properties": { "fid": 13550, "PREFIXE 1": "RUE", "PREFIXE 2": "DE", "NOM_RUE": "CHARENTON", "NUMERO TXT": "58", "NOM_SAISI": "RUE DE CHARENTON", "NOM_NOTE": "Rue de Charenton", "EXP_GEO": 1, "INTERP": 0, "NUMEROTATI": 1, "NUM_QUART": 30 }, "geometry": { "type": "Point", "coordinates": [ 654039.769585006753914, 6861296.559211138635874 ] } },
{ "type": "Feature", "properties": { "fid": 13551, "PREFIXE 1": "RUE", "PREFIXE 2": "DE", "NOM_RUE": "CHARENTON", "NUMERO TXT": "67", "NOM_SAISI": "RUE DE CHARENTON", "NOM_NOTE": "Rue de Charenton", "EXP_GEO": 1, "INTERP": 0, "NUMEROTATI": 1, "NUM_QUART": 30 }, "geometry": { "type": "Point", "coordinates": [ 654035.221880386699922, 6861328.317831444554031 ] } },
{ "type": "Feature", "properties": { "fid": 13552, "PREFIXE 1": "RUE", "PREFIXE 2": "DE", "NOM_RUE": "CHARENTON", "NUMERO TXT": "69", "NOM_SAISI": "RUE DE CHARENTON", "NOM_NOTE": "Rue de Charenton", "EXP_GEO": 1, "INTERP": 0, "NUMEROTATI": 1, "NUM_QUART": 30 }, "geometry": { "type": "Point", "coordinates": [ 654042.653749934397638, 6861318.302615012042224 ] } },
{ "type": "Feature", "properties": { "fid": 13553, "PREFIXE 1": "RUE", "PREFIXE 2": "DE", "NOM_RUE": "CHARENTON", "NUMERO TXT": "71", "NOM_SAISI": "RUE DE CHARENTON", "NOM_NOTE": "Rue de Charenton", "EXP_GEO": 1, "INTERP": 0, "NUMEROTATI": 1, "NUM_QUART": 30 }, "geometry": { "type": "Point", "coordinates": [ 654060.995902374503203, 6861296.505810244940221 ] } },
{ "type": "Feature", "properties": { "fid": 13554, "PREFIXE 1": "RUE", "PREFIXE 2": "DE", "NOM_RUE": "CHARENTON", "NUMERO TXT": "60", "NOM_SAISI": "RUE DE CHARENTON", "NOM_NOTE": "Rue de Charenton", "EXP_GEO": 1, "INTERP": 0, "NUMEROTATI": 1, "NUM_QUART": 30 }, "geometry": { "type": "Point", "coordinates": [ 654050.08663014753256, 6861284.208022174425423 ] } },
{ "type": "Feature", "properties": { "fid": 13555, "PREFIXE 1": "RUE", "PREFIXE 2": "DE", "NOM_RUE": "CHARENTON", "NUMERO TXT": "62", "NOM_SAISI": "RUE DE CHARENTON", "NOM_NOTE": "Rue de Charenton", "EXP_GEO": 1, "INTERP": 0, "NUMEROTATI": 1, "NUM_QUART": 30 }, "geometry": { "type": "Point", "coordinates": [ 654057.900756289483979, 6861273.603132459335029 ] } },
{ "type": "Feature", "properties": { "fid": 13556, "PREFIXE 1": "RUE", "PREFIXE 2": "DE", "NOM_RUE": "CHARENTON", "NUMERO TXT": "64", "NOM_SAISI": "RUE DE CHARENTON", "NOM_NOTE": "Rue de Charenton", "EXP_GEO": 1, "INTERP": 0, "NUMEROTATI": 1, "NUM_QUART": 30 }, "geometry": { "type": "Point", "coordinates": [ 654065.140489050536416, 6861263.576018637046218 ] } },
{ "type": "Feature", "properties": { "fid": 13557, "PREFIXE 1": "RUE", "PREFIXE 2": "DE", "NOM_RUE": "CHARENTON", "NUMERO TXT": "70", "NOM_SAISI": "RUE DE CHARENTON", "NOM_NOTE": "Rue de Charenton", "EXP_GEO": 1, "INTERP": 1, "NUMEROTATI": 1, "NUM_QUART": 30 }, "geometry": { "type": "Point", "coordinates": [ 654083.593053065706044, 6861238.051600651815534 ] } },
{ "type": "Feature", "properties": { "fid": 13558, "PREFIXE 1": "RUE", "PREFIXE 2": "DE", "NOM_RUE": "CHARENTON", "NUMERO TXT": "73", "NOM_SAISI": "RUE DE CHARENTON", "NOM_NOTE": "Rue de Charenton", "EXP_GEO": 1, "INTERP": 0, "NUMEROTATI": 1, "NUM_QUART": 30 }, "geometry": { "type": "Point", "coordinates": [ 654070.039900892996229, 6861284.514227563515306 ] } },
{ "type": "Feature", "properties": { "fid": 13559, "PREFIXE 1": "RUE", "PREFIXE 2": "DE", "NOM_RUE": "CHARENTON", "NUMERO TXT": "75", "NOM_SAISI": "RUE DE CHARENTON", "NOM_NOTE": "Rue de Charenton", "EXP_GEO": 1, "INTERP": 0, "NUMEROTATI": 1, "NUM_QUART": 30 }, "geometry": { "type": "Point", "coordinates": [ 654077.092484154854901, 6861275.213231973350048 ] } },
{ "type": "Feature", "properties": { "fid": 13560, "PREFIXE 1": "RUE", "PREFIXE 2": "DE", "NOM_RUE": "CHARENTON", "NUMERO TXT": "77", "NOM_SAISI": "RUE DE CHARENTON", "NOM_NOTE": "Rue de Charenton", "EXP_GEO": 1, "INTERP": 0, "NUMEROTATI": 1, "NUM_QUART": 30 }, "geometry": { "type": "Point", "coordinates": [ 654083.418321336968802, 6861266.123443805612624 ] } },
{ "type": "Feature", "properties": { "fid": 13561, "PREFIXE 1": "RUE", "PREFIXE 2": "DE", "NOM_RUE": "CHARENTON", "NUMERO TXT": "79", "NOM_SAISI": "RUE DE CHARENTON", "NOM_NOTE": "Rue de Charenton", "EXP_GEO": 1, "INTERP": 0, "NUMEROTATI": 1, "NUM_QUART": 30 }, "geometry": { "type": "Point", "coordinates": [ 654089.979371267720126, 6861258.669493354856968 ] } },
{ "type": "Feature", "properties": { "fid": 13562, "PREFIXE 1": "RUE", "PREFIXE 2": "DE", "NOM_RUE": "CHARENTON", "NUMERO TXT": "83", "NOM_SAISI": "RUE DE CHARENTON", "NOM_NOTE": "Rue de Charenton", "EXP_GEO": 1, "INTERP": 0, "NUMEROTATI": 1, "NUM_QUART": 30 }, "geometry": { "type": "Point", "coordinates": [ 654104.097247767262161, 6861240.670257085934281 ] } },
{ "type": "Feature", "properties": { "fid": 13563, "PREFIXE 1": "RUE", "PREFIXE 2": "DE", "NOM_RUE": "CHARENTON", "NUMERO TXT": "72", "NOM_SAISI": "RUE DE CHARENTON", "NOM_NOTE": "Rue de Charenton", "EXP_GEO": 1, "INTERP": 0, "NUMEROTATI": 1, "NUM_QUART": 30 }, "geometry": { "type": "Point", "coordinates": [ 654088.713656361214817, 6861231.605395458638668 ] } },
{ "type": "Feature", "properties": { "fid": 13564, "PREFIXE 1": "RUE", "PREFIXE 2": "DE", "NOM_RUE": "CHARENTON", "NUMERO TXT": "74", "NOM_SAISI": "RUE DE CHARENTON", "NOM_NOTE": "Rue de Charenton", "EXP_GEO": 1, "INTERP": 0, "NUMEROTATI": 1, "NUM_QUART": 30 }, "geometry": { "type": "Point", "coordinates": [ 654094.424736331799068, 6861223.127342106774449 ] } },
{ "type": "Feature", "properties": { "fid": 13565, "PREFIXE 1": "RUE", "PREFIXE 2": "DE", "NOM_RUE": "CHARENTON", "NUMERO TXT": "76", "NOM_SAISI": "RUE DE CHARENTON", "NOM_NOTE": "Rue de Charenton", "EXP_GEO": 1, "INTERP": 0, "NUMEROTATI": 1, "NUM_QUART": 30 }, "geometry": { "type": "Point", "coordinates": [ 654097.448445831891149, 6861216.319372219964862 ] } },
{ "type": "Feature", "properties": { "fid": 13566, "PREFIXE 1": "RUE", "PREFIXE 2": "DE", "NOM_RUE": "CHARENTON", "NUMERO TXT": "78", "NOM_SAISI": "RUE DE CHARENTON", "NOM_NOTE": "Rue de Charenton", "EXP_GEO": 1, "INTERP": 0, "NUMEROTATI": 1, "NUM_QUART": 30 }, "geometry": { "type": "Point", "coordinates": [ 654106.637525758589618, 6861203.282064606435597 ] } },
{ "type": "Feature", "properties": { "fid": 13567, "PREFIXE 1": "RUE", "PREFIXE 2": "DE", "NOM_RUE": "CHARENTON", "NUMERO TXT": "85", "NOM_SAISI": "RUE DE CHARENTON", "NOM_NOTE": "Rue de Charenton", "EXP_GEO": 1, "INTERP": 0, "NUMEROTATI": 1, "NUM_QUART": 30 }, "geometry": { "type": "Point", "coordinates": [ 654113.673557986854576, 6861225.791826077736914 ] } },
{ "type": "Feature", "properties": { "fid": 13568, "PREFIXE 1": "RUE", "PREFIXE 2": "DE", "NOM_RUE": "CHARENTON", "NUMERO TXT": "87", "NOM_SAISI": "RUE DE CHARENTON", "NOM_NOTE": "Rue de Charenton", "EXP_GEO": 1, "INTERP": 0, "NUMEROTATI": 1, "NUM_QUART": 30 }, "geometry": { "type": "Point", "coordinates": [ 654131.151294784271158, 6861197.543927737511694 ] } },
{ "type": "Feature", "properties": { "fid": 13569, "PREFIXE 1": "RUE", "PREFIXE 2": "DE", "NOM_RUE": "CHARENTON", "NUMERO TXT": "80", "NOM_SAISI": "RUE DE CHARENTON", "NOM_NOTE": "Rue de Charenton", "EXP_GEO": 1, "INTERP": 0, "NUMEROTATI": 1, "NUM_QUART": 30 }, "geometry": { "type": "Point", "coordinates": [ 654121.685580478864722, 6861177.706595324911177 ] } },
{ "type": "Feature", "properties": { "fid": 13570, "PREFIXE 1": "RUE", "PREFIXE 2": "DE", "NOM_RUE": "CHARENTON", "NUMERO TXT": "82", "NOM_SAISI": "RUE DE CHARENTON", "NOM_NOTE": "Rue de Charenton", "EXP_GEO": 1, "INTERP": 0, "NUMEROTATI": 1, "NUM_QUART": 30 }, "geometry": { "type": "Point", "coordinates": [ 654127.393064310541376, 6861169.015770264901221 ] } },
{ "type": "Feature", "properties": { "fid": 13571, "PREFIXE 1": "RUE", "PREFIXE 2": "DE", "NOM_RUE": "CHARENTON", "NUMERO TXT": "84", "NOM_SAISI": "RUE DE CHARENTON", "NOM_NOTE": "Rue de Charenton", "EXP_GEO": 1, "INTERP": 0, "NUMEROTATI": 1, "NUM_QUART": 30 }, "geometry": { "type": "Point", "coordinates": [ 654131.806591509492137, 6861164.749360892921686 ] } },
{ "type": "Feature", "properties": { "fid": 13572, "PREFIXE 1": "RUE", "PREFIXE 2": "DE", "NOM_RUE": "CHARENTON", "NUMERO TXT": "86", "NOM_SAISI": "RUE DE CHARENTON", "NOM_NOTE": "Rue de Charenton", "EXP_GEO": 1, "INTERP": 0, "NUMEROTATI": 1, "NUM_QUART": 30 }, "geometry": { "type": "Point", "coordinates": [ 654137.574587940587662, 6861159.893007319420576 ] } },
{ "type": "Feature", "properties": { "fid": 13573, "PREFIXE 1": "RUE", "PREFIXE 2": "DE", "NOM_RUE": "CHARENTON", "NUMERO TXT": "89", "NOM_SAISI": "RUE DE CHARENTON", "NOM_NOTE": "Rue de Charenton", "EXP_GEO": 1, "INTERP": 0, "NUMEROTATI": 1, "NUM_QUART": 30 }, "geometry": { "type": "Point", "coordinates": [ 654143.93482099333778, 6861180.541395150125027 ] } },
{ "type": "Feature", "properties": { "fid": 13574, "PREFIXE 1": "RUE", "PREFIXE 2": "DE", "NOM_RUE": "CHARENTON", "NUMERO TXT": "91", "NOM_SAISI": "RUE DE CHARENTON", "NOM_NOTE": "Rue de Charenton", "EXP_GEO": 1, "INTERP": 0, "NUMEROTATI": 1, "NUM_QUART": 30 }, "geometry": { "type": "Point", "coordinates": [ 654162.352262135944329, 6861162.51544423494488 ] } },
{ "type": "Feature", "properties": { "fid": 13575, "PREFIXE 1": "RUE", "PREFIXE 2": "DE", "NOM_RUE": "CHARENTON", "NUMERO TXT": "93", "NOM_SAISI": "RUE DE CHARENTON", "NOM_NOTE": "Rue de Charenton", "EXP_GEO": 1, "INTERP": 0, "NUMEROTATI": 1, "NUM_QUART": 30 }, "geometry": { "type": "Point", "coordinates": [ 654190.750365958781913, 6861134.78664602059871 ] } },
{ "type": "Feature", "properties": { "fid": 13576, "PREFIXE 1": "RUE", "PREFIXE 2": "DE", "NOM_RUE": "CHARENTON", "NUMERO TXT": "88", "NOM_SAISI": "RUE DE CHARENTON", "NOM_NOTE": "Rue de Charenton", "EXP_GEO": 1, "INTERP": 0, "NUMEROTATI": 1, "NUM_QUART": 30 }, "geometry": { "type": "Point", "coordinates": [ 654145.263443551841192, 6861153.289467507041991 ] } },
{ "type": "Feature", "properties": { "fid": 13577, "PREFIXE 1": "RUE", "PREFIXE 2": "DE", "NOM_RUE": "CHARENTON", "NUMERO TXT": "90", "NOM_SAISI": "RUE DE CHARENTON", "NOM_NOTE": "Rue de Charenton", "EXP_GEO": 1, "INTERP": 0, "NUMEROTATI": 1, "NUM_QUART": 30 }, "geometry": { "type": "Point", "coordinates": [ 654152.943585459608585, 6861146.109595430083573 ] } },
{ "type": "Feature", "properties": { "fid": 13578, "PREFIXE 1": "RUE", "PREFIXE 2": "DE", "NOM_RUE": "CHARENTON", "NUMERO TXT": "92", "NOM_SAISI": "RUE DE CHARENTON", "NOM_NOTE": "Rue de Charenton", "EXP_GEO": 1, "INTERP": 0, "NUMEROTATI": 1, "NUM_QUART": 30 }, "geometry": { "type": "Point", "coordinates": [ 654161.768814522540197, 6861137.381435426883399 ] } },
{ "type": "Feature", "properties": { "fid": 13579, "PREFIXE 1": "RUE", "PREFIXE 2": "DE", "NOM_RUE": "CHARENTON", "NUMERO TXT": "94", "NOM_SAISI": "RUE DE CHARENTON", "NOM_NOTE": "Rue de Charenton", "EXP_GEO": 1, "INTERP": 0, "NUMEROTATI": 1, "NUM_QUART": 30 }, "geometry": { "type": "Point", "coordinates": [ 654172.152539924252778, 6861128.636354504153132 ] } },
{ "type": "Feature", "properties": { "fid": 13580, "PREFIXE 1": "RUE", "PREFIXE 2": "DE", "NOM_RUE": "CHARENTON", "NUMERO TXT": "96", "NOM_SAISI": "RUE DE CHARENTON", "NOM_NOTE": "Rue de Charenton", "EXP_GEO": 1, "INTERP": 0, "NUMEROTATI": 1, "NUM_QUART": 30 }, "geometry": { "type": "Point", "coordinates": [ 654185.422667162609287, 6861117.55664334166795 ] } },
{ "type": "Feature", "properties": { "fid": 13581, "PREFIXE 1": "RUE", "PREFIXE 2": "DE", "NOM_RUE": "CHARENTON", "NUMERO TXT": "98", "NOM_SAISI": "RUE DE CHARENTON", "NOM_NOTE": "Rue de Charenton", "EXP_GEO": 1, "INTERP": 0, "NUMEROTATI": 1, "NUM_QUART": 30 }, "geometry": { "type": "Point", "coordinates": [ 654201.373130634659901, 6861103.374693691730499 ] } },
{ "type": "Feature", "properties": { "fid": 13582, "PREFIXE 1": "RUE", "PREFIXE 2": "DE", "NOM_RUE": "CHARENTON", "NUMERO TXT": "100", "NOM_SAISI": "RUE DE CHARENTON", "NOM_NOTE": "Rue de Charenton", "EXP_GEO": 1, "INTERP": 0, "NUMEROTATI": 1, "NUM_QUART": 30 }, "geometry": { "type": "Point", "coordinates": [ 654213.077944766962901, 6861091.729620888829231 ] } },
{ "type": "Feature", "properties": { "fid": 13583, "PREFIXE 1": "RUE", "PREFIXE 2": "DE", "NOM_RUE": "CHARENTON", "NUMERO TXT": "95", "NOM_SAISI": "RUE DE CHARENTON", "NOM_NOTE": "Rue de Charenton", "EXP_GEO": 1, "INTERP": 0, "NUMEROTATI": 1, "NUM_QUART": 30 }, "geometry": { "type": "Point", "coordinates": [ 654238.814683833275922, 6861093.597644794732332 ] } },
{ "type": "Feature", "properties": { "fid": 13584, "PREFIXE 1": "RUE", "PREFIXE 2": "DE", "NOM_RUE": "CHARENTON", "NUMERO TXT": "97", "NOM_SAISI": "RUE DE CHARENTON", "NOM_NOTE": "Rue de Charenton", "EXP_GEO": 1, "INTERP": 0, "NUMEROTATI": 1, "NUM_QUART": 30 }, "geometry": { "type": "Point", "coordinates": [ 654251.874396480154246, 6861081.364531279541552 ] } },
{ "type": "Feature", "properties": { "fid": 13585, "PREFIXE 1": "RUE", "PREFIXE 2": "DE", "NOM_RUE": "CHARENTON", "NUMERO TXT": "102", "NOM_SAISI": "RUE DE CHARENTON", "NOM_NOTE": "Rue de Charenton", "EXP_GEO": 1, "INTERP": 0, "NUMEROTATI": 1, "NUM_QUART": 30 }, "geometry": { "type": "Point", "coordinates": [ 654242.446325483499095, 6861062.990536247380078 ] } },
{ "type": "Feature", "properties": { "fid": 13586, "PREFIXE 1": "RUE", "PREFIXE 2": "DE", "NOM_RUE": "CHARENTON", "NUMERO TXT": "104", "NOM_SAISI": "RUE DE CHARENTON", "NOM_NOTE": "Rue de Charenton", "EXP_GEO": 1, "INTERP": 0, "NUMEROTATI": 1, "NUM_QUART": 30 }, "geometry": { "type": "Point", "coordinates": [ 654251.862575999344699, 6861054.43748340383172 ] } },
{ "type": "Feature", "properties": { "fid": 13587, "PREFIXE 1": "RUE", "PREFIXE 2": "DE", "NOM_RUE": "CHARENTON", "NUMERO TXT": "99", "NOM_SAISI": "RUE DE CHARENTON", "NOM_NOTE": "Rue de Charenton", "EXP_GEO": 1, "INTERP": 0, "NUMEROTATI": 1, "NUM_QUART": 30 }, "geometry": { "type": "Point", "coordinates": [ 654269.943316185846925, 6861065.428657134994864 ] } },
{ "type": "Feature", "properties": { "fid": 13588, "PREFIXE 1": "RUE", "PREFIXE 2": "DE", "NOM_RUE": "CHARENTON", "NUMERO TXT": "101", "NOM_SAISI": "RUE DE CHARENTON", "NOM_NOTE": "Rue de Charenton", "EXP_GEO": 1, "INTERP": 0, "NUMEROTATI": 1, "NUM_QUART": 30 }, "geometry": { "type": "Point", "coordinates": [ 654282.781852235435508, 6861051.268204971216619 ] } },
{ "type": "Feature", "properties": { "fid": 13589, "PREFIXE 1": "RUE", "PREFIXE 2": "DE", "NOM_RUE": "CHARENTON", "NUMERO TXT": "106", "NOM_SAISI": "RUE DE CHARENTON", "NOM_NOTE": "Rue de Charenton", "EXP_GEO": 1, "INTERP": 0, "NUMEROTATI": 1, "NUM_QUART": 30 }, "geometry": { "type": "Point", "coordinates": [ 654263.587599910679273, 6861043.93750986456871 ] } },
{ "type": "Feature", "properties": { "fid": 13590, "PREFIXE 1": "RUE", "PREFIXE 2": "DE", "NOM_RUE": "CHARENTON", "NUMERO TXT": "108", "NOM_SAISI": "RUE DE CHARENTON", "NOM_NOTE": "Rue de Charenton", "EXP_GEO": 1, "INTERP": 0, "NUMEROTATI": 1, "NUM_QUART": 30 }, "geometry": { "type": "Point", "coordinates": [ 654271.435361632844433, 6861034.626083603128791 ] } },
{ "type": "Feature", "properties": { "fid": 13591, "PREFIXE 1": "RUE", "PREFIXE 2": "DE", "NOM_RUE": "CHARENTON", "NUMERO TXT": "110", "NOM_SAISI": "RUE DE CHARENTON", "NOM_NOTE": "Rue de Charenton", "EXP_GEO": 1, "INTERP": 0, "NUMEROTATI": 1, "NUM_QUART": 30 }, "geometry": { "type": "Point", "coordinates": [ 654282.19911582977511, 6861024.901664172299206 ] } },
{ "type": "Feature", "properties": { "fid": 13592, "PREFIXE 1": "RUE", "PREFIXE 2": "DE", "NOM_RUE": "CHARENTON", "NUMERO TXT": "112", "NOM_SAISI": "RUE DE CHARENTON", "NOM_NOTE": "Rue de Charenton", "EXP_GEO": 1, "INTERP": 0, "NUMEROTATI": 1, "NUM_QUART": 30 }, "geometry": { "type": "Point", "coordinates": [ 654296.200680273352191, 6861010.138557274825871 ] } },
{ "type": "Feature", "properties": { "fid": 13593, "PREFIXE 1": "RUE", "PREFIXE 2": "DE", "NOM_RUE": "CHARENTON", "NUMERO TXT": "103", "NOM_SAISI": "RUE DE CHARENTON", "NOM_NOTE": "Rue de Charenton", "EXP_GEO": 1, "INTERP": 0, "NUMEROTATI": 1, "NUM_QUART": 30 }, "geometry": { "type": "Point", "coordinates": [ 654309.872768847388215, 6861026.196727083064616 ] } },
{ "type": "Feature", "properties": { "fid": 13594, "PREFIXE 1": "RUE", "PREFIXE 2": "DE", "NOM_RUE": "CHARENTON", "NUMERO TXT": "114", "NOM_SAISI": "RUE DE CHARENTON", "NOM_NOTE": "Rue de Charenton", "EXP_GEO": 1, "INTERP": 0, "NUMEROTATI": 1, "NUM_QUART": 30 }, "geometry": { "type": "Point", "coordinates": [ 654310.245476264040917, 6860998.262039555236697 ] } },
{ "type": "Feature", "properties": { "fid": 13595, "PREFIXE 1": "RUE", "PREFIXE 2": "DE", "NOM_RUE": "CHARENTON", "NUMERO TXT": "105", "NOM_SAISI": "RUE DE CHARENTON", "NOM_NOTE": "Rue de Charenton", "EXP_GEO": 1, "INTERP": 0, "NUMEROTATI": 1, "NUM_QUART": 30 }, "geometry": { "type": "Point", "coordinates": [ 654334.852990048471838, 6861003.060221752151847 ] } },
{ "type": "Feature", "properties": { "fid": 13596, "PREFIXE 1": "RUE", "PREFIXE 2": "DE", "NOM_RUE": "CHARENTON", "NUMERO TXT": "107", "NOM_SAISI": "RUE DE CHARENTON", "NOM_NOTE": "Rue de Charenton", "EXP_GEO": 1, "INTERP": 0, "NUMEROTATI": 1, "NUM_QUART": 30 }, "geometry": { "type": "Point", "coordinates": [ 654344.252379059558734, 6860993.153086132369936 ] } },
{ "type": "Feature", "properties": { "fid": 13597, "PREFIXE 1": "RUE", "PREFIXE 2": "DE", "NOM_RUE": "CHARENTON", "NUMERO TXT": "117", "NOM_SAISI": "RUE DE CHARENTON", "NOM_NOTE": "Rue de Charenton", "EXP_GEO": 1, "INTERP": 1, "NUMEROTATI": 1, "NUM_QUART": 30 }, "geometry": { "type": "Point", "coordinates": [ 654658.514457596000284, 6860736.623558707535267 ] } },
{ "type": "Feature", "properties": { "fid": 13598, "PREFIXE 1": "RUE", "PREFIXE 2": "DE", "NOM_RUE": "CHARENTON", "NUMERO TXT": "116", "NOM_SAISI": "RUE DE CHARENTON", "NOM_NOTE": "Rue de Charenton", "EXP_GEO": 1, "INTERP": 0, "NUMEROTATI": 1, "NUM_QUART": 30 }, "geometry": { "type": "Point", "coordinates": [ 654321.011102369055152, 6860988.532179542817175 ] } },
{ "type": "Feature", "properties": { "fid": 13599, "PREFIXE 1": "RUE", "PREFIXE 2": "DE", "NOM_RUE": "CHARENTON", "NUMERO TXT": "118", "NOM_SAISI": "RUE DE CHARENTON", "NOM_NOTE": "Rue de Charenton", "EXP_GEO": 1, "INTERP": 0, "NUMEROTATI": 1, "NUM_QUART": 30 }, "geometry": { "type": "Point", "coordinates": [ 654339.700338616617955, 6860974.491965500637889 ] } },
{ "type": "Feature", "properties": { "fid": 13600, "PREFIXE 1": "RUE", "PREFIXE 2": "DE", "NOM_RUE": "CHARENTON", "NUMERO TXT": "120", "NOM_SAISI": "RUE DE CHARENTON", "NOM_NOTE": "Rue de Charenton", "EXP_GEO": 1, "INTERP": 0, "NUMEROTATI": 1, "NUM_QUART": 30 }, "geometry": { "type": "Point", "coordinates": [ 654356.936596681945957, 6860954.095024721696973 ] } },
{ "type": "Feature", "properties": { "fid": 13601, "PREFIXE 1": "RUE", "PREFIXE 2": "DE", "NOM_RUE": "CHARENTON", "NUMERO TXT": "122", "NOM_SAISI": "RUE DE CHARENTON", "NOM_NOTE": "Rue de Charenton", "EXP_GEO": 1, "INTERP": 0, "NUMEROTATI": 1, "NUM_QUART": 30 }, "geometry": { "type": "Point", "coordinates": [ 654363.274950360297225, 6860947.868315025232732 ] } },
{ "type": "Feature", "properties": { "fid": 13602, "PREFIXE 1": "RUE", "PREFIXE 2": "DE", "NOM_RUE": "CHARENTON", "NUMERO TXT": "124", "NOM_SAISI": "RUE DE CHARENTON", "NOM_NOTE": "Rue de Charenton", "EXP_GEO": 1, "INTERP": 0, "NUMEROTATI": 1, "NUM_QUART": 30 }, "geometry": { "type": "Point", "coordinates": [ 654373.612722858786583, 6860935.238611062988639 ] } },
{ "type": "Feature", "properties": { "fid": 13603, "PREFIXE 1": "RUE", "PREFIXE 2": "DE", "NOM_RUE": "CHARENTON", "NUMERO TXT": "126", "NOM_SAISI": "RUE DE CHARENTON", "NOM_NOTE": "Rue de Charenton", "EXP_GEO": 1, "INTERP": 0, "NUMEROTATI": 1, "NUM_QUART": 30 }, "geometry": { "type": "Point", "coordinates": [ 654381.320314792101271, 6860929.385066435672343 ] } },
{ "type": "Feature", "properties": { "fid": 13604, "PREFIXE 1": "RUE", "PREFIXE 2": "DE", "NOM_RUE": "CHARENTON", "NUMERO TXT": "128", "NOM_SAISI": "RUE DE CHARENTON", "NOM_NOTE": "Rue de Charenton", "EXP_GEO": 1, "INTERP": 0, "NUMEROTATI": 1, "NUM_QUART": 30 }, "geometry": { "type": "Point", "coordinates": [ 654391.478183020255528, 6860917.718030820600688 ] } },
{ "type": "Feature", "properties": { "fid": 13605, "PREFIXE 1": "RUE", "PREFIXE 2": "DE", "NOM_RUE": "CHARENTON", "NUMERO TXT": "130", "NOM_SAISI": "RUE DE CHARENTON", "NOM_NOTE": "Rue de Charenton", "EXP_GEO": 1, "INTERP": 0, "NUMEROTATI": 1, "NUM_QUART": 30 }, "geometry": { "type": "Point", "coordinates": [ 654404.947276210295968, 6860906.022785950452089 ] } },
{ "type": "Feature", "properties": { "fid": 13606, "PREFIXE 1": "RUE", "PREFIXE 2": "DE", "NOM_RUE": "CHARENTON", "NUMERO TXT": "132", "NOM_SAISI": "RUE DE CHARENTON", "NOM_NOTE": "Rue de Charenton", "EXP_GEO": 1, "INTERP": 0, "NUMEROTATI": 1, "NUM_QUART": 30 }, "geometry": { "type": "Point", "coordinates": [ 654414.711783707723953, 6860893.967187251895666 ] } },
{ "type": "Feature", "properties": { "fid": 13607, "PREFIXE 1": "RUE", "PREFIXE 2": "DE", "NOM_RUE": "CHARENTON", "NUMERO TXT": "134", "NOM_SAISI": "RUE DE CHARENTON", "NOM_NOTE": "Rue de Charenton", "EXP_GEO": 1, "INTERP": 0, "NUMEROTATI": 1, "NUM_QUART": 30 }, "geometry": { "type": "Point", "coordinates": [ 654427.189989483216777, 6860880.921576146036386 ] } },
{ "type": "Feature", "properties": { "fid": 13608, "PREFIXE 1": "RUE", "PREFIXE 2": "DE", "NOM_RUE": "CHARENTON", "NUMERO TXT": "136", "NOM_SAISI": "RUE DE CHARENTON", "NOM_NOTE": "Rue de Charenton", "EXP_GEO": 1, "INTERP": 0, "NUMEROTATI": 1, "NUM_QUART": 30 }, "geometry": { "type": "Point", "coordinates": [ 654445.031383688095957, 6860861.257058980874717 ] } },
{ "type": "Feature", "properties": { "fid": 13609, "PREFIXE 1": "RUE", "PREFIXE 2": "DE", "NOM_RUE": "CHARENTON", "NUMERO TXT": "138", "NOM_SAISI": "RUE DE CHARENTON", "NOM_NOTE": "Rue de Charenton", "EXP_GEO": 1, "INTERP": 0, "NUMEROTATI": 1, "NUM_QUART": 30 }, "geometry": { "type": "Point", "coordinates": [ 654455.569803778082132, 6860848.60454202350229 ] } },
{ "type": "Feature", "properties": { "fid": 13610, "PREFIXE 1": "RUE", "PREFIXE 2": "DE", "NOM_RUE": "CHARENTON", "NUMERO TXT": "140", "NOM_SAISI": "RUE DE CHARENTON", "NOM_NOTE": "Rue de Charenton", "EXP_GEO": 1, "INTERP": 0, "NUMEROTATI": 1, "NUM_QUART": 30 }, "geometry": { "type": "Point", "coordinates": [ 654516.026692918385379, 6860797.06536359153688 ] } },
{ "type": "Feature", "properties": { "fid": 13611, "PREFIXE 1": "RUE", "PREFIXE 2": "DE", "NOM_RUE": "CHARENTON", "NUMERO TXT": "142", "NOM_SAISI": "RUE DE CHARENTON", "NOM_NOTE": "Rue de Charenton", "EXP_GEO": 1, "INTERP": 0, "NUMEROTATI": 1, "NUM_QUART": 30 }, "geometry": { "type": "Point", "coordinates": [ 654565.202679348061793, 6860760.497906452976167 ] } },
{ "type": "Feature", "properties": { "fid": 13612, "PREFIXE 1": "RUE", "PREFIXE 2": "DE", "NOM_RUE": "CHARENTON", "NUMERO TXT": "144", "NOM_SAISI": "RUE DE CHARENTON", "NOM_NOTE": "Rue de Charenton", "EXP_GEO": 1, "INTERP": 0, "NUMEROTATI": 1, "NUM_QUART": 30 }, "geometry": { "type": "Point", "coordinates": [ 654700.989333556150086, 6860711.280754729174078 ] } },
{ "type": "Feature", "properties": { "fid": 13613, "PREFIXE 1": "RUE", "PREFIXE 2": "DE", "NOM_RUE": "CHARENTON", "NUMERO TXT": "146", "NOM_SAISI": "RUE DE CHARENTON", "NOM_NOTE": "Rue de Charenton", "EXP_GEO": 1, "INTERP": 0, "NUMEROTATI": 1, "NUM_QUART": 30 }, "geometry": { "type": "Point", "coordinates": [ 654736.18360216752626, 6860709.245774944312871 ] } },
{ "type": "Feature", "properties": { "fid": 13614, "PREFIXE 1": "RUE", "PREFIXE 2": "DE", "NOM_RUE": "CHARENTON", "NUMERO TXT": "148", "NOM_SAISI": "RUE DE CHARENTON", "NOM_NOTE": "Rue de Charenton", "EXP_GEO": 1, "INTERP": 0, "NUMEROTATI": 1, "NUM_QUART": 30 }, "geometry": { "type": "Point", "coordinates": [ 654744.853564497665502, 6860696.705805990844965 ] } },
{ "type": "Feature", "properties": { "fid": 13615, "PREFIXE 1": "RUE", "PREFIXE 2": "DE", "NOM_RUE": "CHARENTON", "NUMERO TXT": "150", "NOM_SAISI": "RUE DE CHARENTON", "NOM_NOTE": "Rue de Charenton", "EXP_GEO": 1, "INTERP": 0, "NUMEROTATI": 1, "NUM_QUART": 30 }, "geometry": { "type": "Point", "coordinates": [ 654774.585454810876399, 6860661.511382976546884 ] } },
{ "type": "Feature", "properties": { "fid": 13616, "PREFIXE 1": "RUE", "PREFIXE 2": "DE", "NOM_RUE": "CHARENTON", "NUMERO TXT": "119", "NOM_SAISI": "RUE DE CHARENTON", "NOM_NOTE": "Rue de Charenton", "EXP_GEO": 1, "INTERP": 0, "NUMEROTATI": 1, "NUM_QUART": 30 }, "geometry": { "type": "Point", "coordinates": [ 654769.593061974388547, 6860717.075394820421934 ] } },
{ "type": "Feature", "properties": { "fid": 13617, "PREFIXE 1": "RUE", "PREFIXE 2": "DE", "NOM_RUE": "CHARENTON", "NUMERO TXT": "121", "NOM_SAISI": "RUE DE CHARENTON", "NOM_NOTE": "Rue de Charenton", "EXP_GEO": 1, "INTERP": 0, "NUMEROTATI": 1, "NUM_QUART": 30 }, "geometry": { "type": "Point", "coordinates": [ 654774.563819453935139, 6860709.677421896718442 ] } },
{ "type": "Feature", "properties": { "fid": 13618, "PREFIXE 1": "RUE", "PREFIXE 2": "DE", "NOM_RUE": "CHARENTON", "NUMERO TXT": "123", "NOM_SAISI": "RUE DE CHARENTON", "NOM_NOTE": "Rue de Charenton", "EXP_GEO": 1, "INTERP": 0, "NUMEROTATI": 1, "NUM_QUART": 30 }, "geometry": { "type": "Point", "coordinates": [ 654779.937377447960898, 6860703.440849344246089 ] } },
{ "type": "Feature", "properties": { "fid": 13619, "PREFIXE 1": "RUE", "PREFIXE 2": "DE", "NOM_RUE": "CHARENTON", "NUMERO TXT": "125", "NOM_SAISI": "RUE DE CHARENTON", "NOM_NOTE": "Rue de Charenton", "EXP_GEO": 1, "INTERP": 0, "NUMEROTATI": 1, "NUM_QUART": 30 }, "geometry": { "type": "Point", "coordinates": [ 654805.722079913248308, 6860662.341962052509189 ] } },
{ "type": "Feature", "properties": { "fid": 13625, "PREFIXE 1": "RUE", "PREFIXE 2": "DE", "NOM_RUE": "CHARENTON", "NUMERO TXT": "152", "NOM_SAISI": "RUE DE CHARENTON", "NOM_NOTE": "Rue de Charenton", "EXP_GEO": 1, "INTERP": 0, "NUMEROTATI": 1, "NUM_QUART": 30 }, "geometry": { "type": "Point", "coordinates": [ 654807.514070603996515, 6860615.075043619610369 ] } },
{ "type": "Feature", "properties": { "fid": 13626, "PREFIXE 1": "RUE", "PREFIXE 2": "DE", "NOM_RUE": "CHARENTON", "NUMERO TXT": "154", "NOM_SAISI": "RUE DE CHARENTON", "NOM_NOTE": "Rue de Charenton", "EXP_GEO": 1, "INTERP": 0, "NUMEROTATI": 1, "NUM_QUART": 30 }, "geometry": { "type": "Point", "coordinates": [ 654828.497405850328505, 6860595.326059214770794 ] } },
{ "type": "Feature", "properties": { "fid": 13727, "PREFIXE 1": "RUE", "PREFIXE 2": "DE", "NOM_RUE": "REUILLY", "NUMERO TXT": "2", "NOM_SAISI": "RUE DE REUILLY", "NOM_NOTE": "Rue de Reuilly", "EXP_GEO": 1, "INTERP": 0, "NUMEROTATI": 1, "NUM_QUART": 30 }, "geometry": { "type": "Point", "coordinates": [ 654825.795586628490128, 6861272.980026696808636 ] } },
{ "type": "Feature", "properties": { "fid": 13728, "PREFIXE 1": "RUE", "PREFIXE 2": "DE", "NOM_RUE": "REUILLY", "NUMERO TXT": "4", "NOM_SAISI": "RUE DE REUILLY", "NOM_NOTE": "Rue de Reuilly", "EXP_GEO": 1, "INTERP": 0, "NUMEROTATI": 1, "NUM_QUART": 30 }, "geometry": { "type": "Point", "coordinates": [ 654831.710182988317683, 6861264.747610022313893 ] } },
{ "type": "Feature", "properties": { "fid": 13729, "PREFIXE 1": "RUE", "PREFIXE 2": "DE", "NOM_RUE": "REUILLY", "NUMERO TXT": "6", "NOM_SAISI": "RUE DE REUILLY", "NOM_NOTE": "Rue de Reuilly", "EXP_GEO": 1, "INTERP": 0, "NUMEROTATI": 1, "NUM_QUART": 30 }, "geometry": { "type": "Point", "coordinates": [ 654837.058669406920671, 6861257.851143124513328 ] } },
{ "type": "Feature", "properties": { "fid": 13730, "PREFIXE 1": "RUE", "PREFIXE 2": "DE", "NOM_RUE": "REUILLY", "NUMERO TXT": "8", "NOM_SAISI": "RUE DE REUILLY", "NOM_NOTE": "Rue de Reuilly", "EXP_GEO": 1, "INTERP": 0, "NUMEROTATI": 1, "NUM_QUART": 30 }, "geometry": { "type": "Point", "coordinates": [ 654841.266025510150939, 6861252.867120133712888 ] } },
{ "type": "Feature", "properties": { "fid": 13731, "PREFIXE 1": "RUE", "PREFIXE 2": "DE", "NOM_RUE": "REUILLY", "NUMERO TXT": "10", "NOM_SAISI": "RUE DE REUILLY", "NOM_NOTE": "Rue de Reuilly", "EXP_GEO": 1, "INTERP": 0, "NUMEROTATI": 1, "NUM_QUART": 30 }, "geometry": { "type": "Point", "coordinates": [ 654845.650495915440843, 6861246.357062839902937 ] } },
{ "type": "Feature", "properties": { "fid": 13732, "PREFIXE 1": "RUE", "PREFIXE 2": "DE", "NOM_RUE": "REUILLY", "NUMERO TXT": "12", "NOM_SAISI": "RUE DE REUILLY", "NOM_NOTE": "Rue de Reuilly", "EXP_GEO": 1, "INTERP": 0, "NUMEROTATI": 1, "NUM_QUART": 30 }, "geometry": { "type": "Point", "coordinates": [ 654850.618459349614568, 6861240.03224309720099 ] } },
{ "type": "Feature", "properties": { "fid": 13733, "PREFIXE 1": "RUE", "PREFIXE 2": "DE", "NOM_RUE": "REUILLY", "NUMERO TXT": "14", "NOM_SAISI": "RUE DE REUILLY", "NOM_NOTE": "Rue de Reuilly", "EXP_GEO": 1, "INTERP": 0, "NUMEROTATI": 1, "NUM_QUART": 30 }, "geometry": { "type": "Point", "coordinates": [ 654855.963686596020125, 6861232.750762170180678 ] } },
{ "type": "Feature", "properties": { "fid": 13734, "PREFIXE 1": "RUE", "PREFIXE 2": "DE", "NOM_RUE": "REUILLY", "NUMERO TXT": "16", "NOM_SAISI": "RUE DE REUILLY", "NOM_NOTE": "Rue de Reuilly", "EXP_GEO": 1, "INTERP": 0, "NUMEROTATI": 1, "NUM_QUART": 30 }, "geometry": { "type": "Point", "coordinates": [ 654859.567647147807293, 6861225.671318450011313 ] } },
{ "type": "Feature", "properties": { "fid": 13735, "PREFIXE 1": "RUE", "PREFIXE 2": "DE", "NOM_RUE": "REUILLY", "NUMERO TXT": "18", "NOM_SAISI": "RUE DE REUILLY", "NOM_NOTE": "Rue de Reuilly", "EXP_GEO": 1, "INTERP": 0, "NUMEROTATI": 1, "NUM_QUART": 30 }, "geometry": { "type": "Point", "coordinates": [ 654867.788403880316764, 6861215.506234087981284 ] } },
{ "type": "Feature", "properties": { "fid": 13736, "PREFIXE 1": "RUE", "PREFIXE 2": "DE", "NOM_RUE": "REUILLY", "NUMERO TXT": "20", "NOM_SAISI": "RUE DE REUILLY", "NOM_NOTE": "Rue de Reuilly", "EXP_GEO": 1, "INTERP": 0, "NUMEROTATI": 1, "NUM_QUART": 30 }, "geometry": { "type": "Point", "coordinates": [ 654876.195213493076153, 6861204.574536703526974 ] } },
{ "type": "Feature", "properties": { "fid": 13737, "PREFIXE 1": "RUE", "PREFIXE 2": "DE", "NOM_RUE": "REUILLY", "NUMERO TXT": "22", "NOM_SAISI": "RUE DE REUILLY", "NOM_NOTE": "Rue de Reuilly", "EXP_GEO": 1, "INTERP": 0, "NUMEROTATI": 1, "NUM_QUART": 30 }, "geometry": { "type": "Point", "coordinates": [ 654882.496113390661776, 6861195.944700332358479 ] } },
{ "type": "Feature", "properties": { "fid": 13738, "PREFIXE 1": "RUE", "PREFIXE 2": "DE", "NOM_RUE": "REUILLY", "NUMERO TXT": "1", "NOM_SAISI": "RUE DE REUILLY", "NOM_NOTE": "Rue de Reuilly", "EXP_GEO": 1, "INTERP": 0, "NUMEROTATI": 1, "NUM_QUART": 30 }, "geometry": { "type": "Point", "coordinates": [ 654884.012026315322146, 6861246.837583736516535 ] } },
{ "type": "Feature", "properties": { "fid": 13739, "PREFIXE 1": "RUE", "PREFIXE 2": "DE", "NOM_RUE": "REUILLY", "NUMERO TXT": "3", "NOM_SAISI": "RUE DE REUILLY", "NOM_NOTE": "Rue de Reuilly", "EXP_GEO": 1, "INTERP": 0, "NUMEROTATI": 1, "NUM_QUART": 30 }, "geometry": { "type": "Point", "coordinates": [ 654888.755977253778838, 6861237.658830439671874 ] } },
{ "type": "Feature", "properties": { "fid": 13740, "PREFIXE 1": "RUE", "PREFIXE 2": "DE", "NOM_RUE": "REUILLY", "NUMERO TXT": "5", "NOM_SAISI": "RUE DE REUILLY", "NOM_NOTE": "Rue de Reuilly", "EXP_GEO": 1, "INTERP": 0, "NUMEROTATI": 1, "NUM_QUART": 30 }, "geometry": { "type": "Point", "coordinates": [ 654892.739786089630798, 6861229.817334187217057 ] } },
{ "type": "Feature", "properties": { "fid": 13741, "PREFIXE 1": "RUE", "PREFIXE 2": "DE", "NOM_RUE": "REUILLY", "NUMERO TXT": "7", "NOM_SAISI": "RUE DE REUILLY", "NOM_NOTE": "Rue de Reuilly", "EXP_GEO": 1, "INTERP": 0, "NUMEROTATI": 1, "NUM_QUART": 30 }, "geometry": { "type": "Point", "coordinates": [ 654896.338499013683759, 6861222.16752028465271 ] } },
{ "type": "Feature", "properties": { "fid": 13742, "PREFIXE 1": "RUE", "PREFIXE 2": "DE", "NOM_RUE": "REUILLY", "NUMERO TXT": "9", "NOM_SAISI": "RUE DE REUILLY", "NOM_NOTE": "Rue de Reuilly", "EXP_GEO": 1, "INTERP": 0, "NUMEROTATI": 1, "NUM_QUART": 30 }, "geometry": { "type": "Point", "coordinates": [ 654900.147376814857125, 6861216.039992793463171 ] } },
{ "type": "Feature", "properties": { "fid": 13743, "PREFIXE 1": "RUE", "PREFIXE 2": "DE", "NOM_RUE": "REUILLY", "NUMERO TXT": "11", "NOM_SAISI": "RUE DE REUILLY", "NOM_NOTE": "Rue de Reuilly", "EXP_GEO": 1, "INTERP": 0, "NUMEROTATI": 1, "NUM_QUART": 30 }, "geometry": { "type": "Point", "coordinates": [ 654907.929045114899054, 6861200.919767641462386 ] } },
{ "type": "Feature", "properties": { "fid": 13744, "PREFIXE 1": "RUE", "PREFIXE 2": "DE", "NOM_RUE": "REUILLY", "NUMERO TXT": "13", "NOM_SAISI": "RUE DE REUILLY", "NOM_NOTE": "Rue de Reuilly", "EXP_GEO": 1, "INTERP": 0, "NUMEROTATI": 1, "NUM_QUART": 30 }, "geometry": { "type": "Point", "coordinates": [ 654923.684975277283229, 6861170.277702807448804 ] } },
{ "type": "Feature", "properties": { "fid": 13745, "PREFIXE 1": "RUE", "PREFIXE 2": "DE", "NOM_RUE": "REUILLY", "NUMERO TXT": "15", "NOM_SAISI": "RUE DE REUILLY", "NOM_NOTE": "Rue de Reuilly", "EXP_GEO": 1, "INTERP": 0, "NUMEROTATI": 1, "NUM_QUART": 30 }, "geometry": { "type": "Point", "coordinates": [ 654933.912169881747104, 6861147.863072290085256 ] } },
{ "type": "Feature", "properties": { "fid": 13746, "PREFIXE 1": "RUE", "PREFIXE 2": "DE", "NOM_RUE": "REUILLY", "NUMERO TXT": "24", "NOM_SAISI": "RUE DE REUILLY", "NOM_NOTE": "Rue de Reuilly", "EXP_GEO": 1, "INTERP": 0, "NUMEROTATI": 1, "NUM_QUART": 30 }, "geometry": { "type": "Point", "coordinates": [ 654913.481324911583215, 6861139.77793600410223 ] } },
{ "type": "Feature", "properties": { "fid": 13747, "PREFIXE 1": "RUE", "PREFIXE 2": "DE", "NOM_RUE": "REUILLY", "NUMERO TXT": "17", "NOM_SAISI": "RUE DE REUILLY", "NOM_NOTE": "Rue de Reuilly", "EXP_GEO": 1, "INTERP": 0, "NUMEROTATI": 1, "NUM_QUART": 30 }, "geometry": { "type": "Point", "coordinates": [ 654943.973372307722457, 6861127.921120449900627 ] } },
{ "type": "Feature", "properties": { "fid": 13748, "PREFIXE 1": "RUE", "PREFIXE 2": "DE", "NOM_RUE": "REUILLY", "NUMERO TXT": "19", "NOM_SAISI": "RUE DE REUILLY", "NOM_NOTE": "Rue de Reuilly", "EXP_GEO": 1, "INTERP": 0, "NUMEROTATI": 1, "NUM_QUART": 30 }, "geometry": { "type": "Point", "coordinates": [ 654957.616968291345984, 6861098.188244632445276 ] } },
{ "type": "Feature", "properties": { "fid": 13749, "PREFIXE 1": "RUE", "PREFIXE 2": "DE", "NOM_RUE": "REUILLY", "NUMERO TXT": "21", "NOM_SAISI": "RUE DE REUILLY", "NOM_NOTE": "Rue de Reuilly", "EXP_GEO": 1, "INTERP": 0, "NUMEROTATI": 1, "NUM_QUART": 30 }, "geometry": { "type": "Point", "coordinates": [ 654973.368179849814624, 6861065.736854013986886 ] } },
{ "type": "Feature", "properties": { "fid": 13750, "PREFIXE 1": "RUE", "PREFIXE 2": "DE", "NOM_RUE": "REUILLY", "NUMERO TXT": "26", "NOM_SAISI": "RUE DE REUILLY", "NOM_NOTE": "Rue de Reuilly", "EXP_GEO": 1, "INTERP": 0, "NUMEROTATI": 1, "NUM_QUART": 30 }, "geometry": { "type": "Point", "coordinates": [ 654983.50170497293584, 6860995.103228397667408 ] } },
{ "type": "Feature", "properties": { "fid": 13751, "PREFIXE 1": "RUE", "PREFIXE 2": "DE", "NOM_RUE": "REUILLY", "NUMERO TXT": "23", "NOM_SAISI": "RUE DE REUILLY", "NOM_NOTE": "Rue de Reuilly", "EXP_GEO": 1, "INTERP": 0, "NUMEROTATI": 1, "NUM_QUART": 30 }, "geometry": { "type": "Point", "coordinates": [ 654990.119859335012734, 6861035.935695167630911 ] } },
{ "type": "Feature", "properties": { "fid": 13752, "PREFIXE 1": "RUE", "PREFIXE 2": "DE", "NOM_RUE": "REUILLY", "NUMERO TXT": "25", "NOM_SAISI": "RUE DE REUILLY", "NOM_NOTE": "Rue de Reuilly", "EXP_GEO": 1, "INTERP": 0, "NUMEROTATI": 1, "NUM_QUART": 30 }, "geometry": { "type": "Point", "coordinates": [ 654998.104716315167025, 6861020.549063290469348 ] } },
{ "type": "Feature", "properties": { "fid": 13753, "PREFIXE 1": "RUE", "PREFIXE 2": "DE", "NOM_RUE": "REUILLY", "NUMERO TXT": "27", "NOM_SAISI": "RUE DE REUILLY", "NOM_NOTE": "Rue de Reuilly", "EXP_GEO": 1, "INTERP": 0, "NUMEROTATI": 1, "NUM_QUART": 30 }, "geometry": { "type": "Point", "coordinates": [ 655004.375095990253612, 6861008.043958405964077 ] } },
{ "type": "Feature", "properties": { "fid": 13754, "PREFIXE 1": "RUE", "PREFIXE 2": "DE", "NOM_RUE": "REUILLY", "NUMERO TXT": "29", "NOM_SAISI": "RUE DE REUILLY", "NOM_NOTE": "Rue de Reuilly", "EXP_GEO": 1, "INTERP": 0, "NUMEROTATI": 1, "NUM_QUART": 30 }, "geometry": { "type": "Point", "coordinates": [ 655009.502383628278039, 6860997.460380529053509 ] } },
{ "type": "Feature", "properties": { "fid": 13755, "PREFIXE 1": "RUE", "PREFIXE 2": "DE", "NOM_RUE": "REUILLY", "NUMERO TXT": "31", "NOM_SAISI": "RUE DE REUILLY", "NOM_NOTE": "Rue de Reuilly", "EXP_GEO": 1, "INTERP": 0, "NUMEROTATI": 1, "NUM_QUART": 30 }, "geometry": { "type": "Point", "coordinates": [ 655014.263567116577178, 6860988.987899876199663 ] } },
{ "type": "Feature", "properties": { "fid": 13756, "PREFIXE 1": "RUE", "PREFIXE 2": "DE", "NOM_RUE": "REUILLY", "NUMERO TXT": "33", "NOM_SAISI": "RUE DE REUILLY", "NOM_NOTE": "Rue de Reuilly", "EXP_GEO": 1, "INTERP": 0, "NUMEROTATI": 1, "NUM_QUART": 30 }, "geometry": { "type": "Point", "coordinates": [ 655019.769785749143921, 6860977.436577346175909 ] } },
{ "type": "Feature", "properties": { "fid": 13757, "PREFIXE 1": "RUE", "PREFIXE 2": "DE", "NOM_RUE": "REUILLY", "NUMERO TXT": "28", "NOM_SAISI": "RUE DE REUILLY", "NOM_NOTE": "Rue de Reuilly", "EXP_GEO": 1, "INTERP": 0, "NUMEROTATI": 1, "NUM_QUART": 30 }, "geometry": { "type": "Point", "coordinates": [ 655004.995044870185666, 6860954.067547692917287 ] } },
{ "type": "Feature", "properties": { "fid": 13758, "PREFIXE 1": "RUE", "PREFIXE 2": "DE", "NOM_RUE": "REUILLY", "NUMERO TXT": "30", "NOM_SAISI": "RUE DE REUILLY", "NOM_NOTE": "Rue de Reuilly", "EXP_GEO": 1, "INTERP": 0, "NUMEROTATI": 1, "NUM_QUART": 30 }, "geometry": { "type": "Point", "coordinates": [ 655010.335019222577102, 6860945.196062607690692 ] } },
{ "type": "Feature", "properties": { "fid": 13759, "PREFIXE 1": "RUE", "PREFIXE 2": "DE", "NOM_RUE": "REUILLY", "NUMERO TXT": "35", "NOM_SAISI": "RUE DE REUILLY", "NOM_NOTE": "Rue de Reuilly", "EXP_GEO": 1, "INTERP": 0, "NUMEROTATI": 1, "NUM_QUART": 30 }, "geometry": { "type": "Point", "coordinates": [ 655036.202135964063928, 6860953.335271844640374 ] } },
{ "type": "Feature", "properties": { "fid": 13760, "PREFIXE 1": "RUE", "PREFIXE 2": "DE", "NOM_RUE": "REUILLY", "NUMERO TXT": "37", "NOM_SAISI": "RUE DE REUILLY", "NOM_NOTE": "Rue de Reuilly", "EXP_GEO": 1, "INTERP": 0, "NUMEROTATI": 1, "NUM_QUART": 30 }, "geometry": { "type": "Point", "coordinates": [ 655049.168633870664053, 6860931.352409991435707 ] } },
{ "type": "Feature", "properties": { "fid": 13761, "PREFIXE 1": "RUE", "PREFIXE 2": "DE", "NOM_RUE": "REUILLY", "NUMERO TXT": "32", "NOM_SAISI": "RUE DE REUILLY", "NOM_NOTE": "Rue de Reuilly", "EXP_GEO": 1, "INTERP": 0, "NUMEROTATI": 1, "NUM_QUART": 30 }, "geometry": { "type": "Point", "coordinates": [ 655030.402339904103428, 6860915.856089827604592 ] } },
{ "type": "Feature", "properties": { "fid": 13762, "PREFIXE 1": "RUE", "PREFIXE 2": "DE", "NOM_RUE": "REUILLY", "NUMERO TXT": "34", "NOM_SAISI": "RUE DE REUILLY", "NOM_NOTE": "Rue de Reuilly", "EXP_GEO": 1, "INTERP": 0, "NUMEROTATI": 1, "NUM_QUART": 30 }, "geometry": { "type": "Point", "coordinates": [ 655042.070636339718476, 6860899.630522532388568 ] } },
{ "type": "Feature", "properties": { "fid": 13763, "PREFIXE 1": "RUE", "PREFIXE 2": "DE", "NOM_RUE": "REUILLY", "NUMERO TXT": "39", "NOM_SAISI": "RUE DE REUILLY", "NOM_NOTE": "Rue de Reuilly", "EXP_GEO": 1, "INTERP": 0, "NUMEROTATI": 1, "NUM_QUART": 30 }, "geometry": { "type": "Point", "coordinates": [ 655073.05369576625526, 6860895.447356809861958 ] } },
{ "type": "Feature", "properties": { "fid": 13764, "PREFIXE 1": "RUE", "PREFIXE 2": "DE", "NOM_RUE": "REUILLY", "NUMERO TXT": "41", "NOM_SAISI": "RUE DE REUILLY", "NOM_NOTE": "Rue de Reuilly", "EXP_GEO": 1, "INTERP": 0, "NUMEROTATI": 1, "NUM_QUART": 30 }, "geometry": { "type": "Point", "coordinates": [ 655091.39591288077645, 6860867.243904129602015 ] } },
{ "type": "Feature", "properties": { "fid": 13765, "PREFIXE 1": "RUE", "PREFIXE 2": "DE", "NOM_RUE": "REUILLY", "NUMERO TXT": "43", "NOM_SAISI": "RUE DE REUILLY", "NOM_NOTE": "Rue de Reuilly", "EXP_GEO": 1, "INTERP": 0, "NUMEROTATI": 1, "NUM_QUART": 30 }, "geometry": { "type": "Point", "coordinates": [ 655101.166609060484916, 6860854.867661717347801 ] } },
{ "type": "Feature", "properties": { "fid": 13766, "PREFIXE 1": "RUE", "PREFIXE 2": "DE", "NOM_RUE": "REUILLY", "NUMERO TXT": "45", "NOM_SAISI": "RUE DE REUILLY", "NOM_NOTE": "Rue de Reuilly", "EXP_GEO": 1, "INTERP": 0, "NUMEROTATI": 1, "NUM_QUART": 30 }, "geometry": { "type": "Point", "coordinates": [ 655112.08871837053448, 6860841.133569637313485 ] } },
{ "type": "Feature", "properties": { "fid": 13767, "PREFIXE 1": "RUE", "PREFIXE 2": "DE", "NOM_RUE": "REUILLY", "NUMERO TXT": "47", "NOM_SAISI": "RUE DE REUILLY", "NOM_NOTE": "Rue de Reuilly", "EXP_GEO": 1, "INTERP": 0, "NUMEROTATI": 1, "NUM_QUART": 30 }, "geometry": { "type": "Point", "coordinates": [ 655121.275822851690464, 6860828.366717314347625 ] } },
{ "type": "Feature", "properties": { "fid": 13768, "PREFIXE 1": "RUE", "PREFIXE 2": "DE", "NOM_RUE": "REUILLY", "NUMERO TXT": "49", "NOM_SAISI": "RUE DE REUILLY", "NOM_NOTE": "Rue de Reuilly", "EXP_GEO": 1, "INTERP": 0, "NUMEROTATI": 1, "NUM_QUART": 30 }, "geometry": { "type": "Point", "coordinates": [ 655128.946783447870985, 6860819.268684789538383 ] } },
{ "type": "Feature", "properties": { "fid": 13769, "PREFIXE 1": "RUE", "PREFIXE 2": "DE", "NOM_RUE": "REUILLY", "NUMERO TXT": "51", "NOM_SAISI": "RUE DE REUILLY", "NOM_NOTE": "Rue de Reuilly", "EXP_GEO": 1, "INTERP": 0, "NUMEROTATI": 1, "NUM_QUART": 30 }, "geometry": { "type": "Point", "coordinates": [ 655134.294998642406426, 6860810.563502136617899 ] } },
{ "type": "Feature", "properties": { "fid": 13770, "PREFIXE 1": "RUE", "PREFIXE 2": "DE", "NOM_RUE": "REUILLY", "NUMERO TXT": "36", "NOM_SAISI": "RUE DE REUILLY", "NOM_NOTE": "Rue de Reuilly", "EXP_GEO": 1, "INTERP": 0, "NUMEROTATI": 1, "NUM_QUART": 30 }, "geometry": { "type": "Point", "coordinates": [ 655125.160152785014361, 6860787.616115818731487 ] } },
{ "type": "Feature", "properties": { "fid": 13771, "PREFIXE 1": "RUE", "PREFIXE 2": "DE", "NOM_RUE": "REUILLY", "NUMERO TXT": "53", "NOM_SAISI": "RUE DE REUILLY", "NOM_NOTE": "Rue de Reuilly", "EXP_GEO": 1, "INTERP": 0, "NUMEROTATI": 1, "NUM_QUART": 30 }, "geometry": { "type": "Point", "coordinates": [ 655141.207301382906735, 6860803.202398514375091 ] } },
{ "type": "Feature", "properties": { "fid": 13772, "PREFIXE 1": "RUE", "PREFIXE 2": "DE", "NOM_RUE": "REUILLY", "NUMERO TXT": "55", "NOM_SAISI": "RUE DE REUILLY", "NOM_NOTE": "Rue de Reuilly", "EXP_GEO": 1, "INTERP": 0, "NUMEROTATI": 1, "NUM_QUART": 30 }, "geometry": { "type": "Point", "coordinates": [ 655148.107437445316464, 6860794.488496338017285 ] } },
{ "type": "Feature", "properties": { "fid": 13773, "PREFIXE 1": "RUE", "PREFIXE 2": "DE", "NOM_RUE": "REUILLY", "NUMERO TXT": "57", "NOM_SAISI": "RUE DE REUILLY", "NOM_NOTE": "Rue de Reuilly", "EXP_GEO": 1, "INTERP": 0, "NUMEROTATI": 1, "NUM_QUART": 30 }, "geometry": { "type": "Point", "coordinates": [ 655154.228810058208182, 6860785.38928247988224 ] } },
{ "type": "Feature", "properties": { "fid": 13785, "PREFIXE 1": "RUE", "PREFIXE 2": "DE", "NOM_RUE": "REUILLY", "NUMERO TXT": "38", "NOM_SAISI": "RUE DE REUILLY", "NOM_NOTE": "Rue de Reuilly", "EXP_GEO": 1, "INTERP": 0, "NUMEROTATI": 1, "NUM_QUART": 30 }, "geometry": { "type": "Point", "coordinates": [ 655134.529749785433523, 6860773.283947033807635 ] } },
{ "type": "Feature", "properties": { "fid": 13819, "PREFIXE 1": "PETITE RUE", "PREFIXE 2": "DE", "NOM_RUE": "REUILLY", "NUMERO TXT": "2", "NOM_SAISI": "PETITE RUE DE REUILLY", "NOM_NOTE": "Petite Rue de Reuilly", "EXP_GEO": 1, "INTERP": 0, "NUMEROTATI": 1, "NUM_QUART": 30 }, "geometry": { "type": "Point", "coordinates": [ 654779.934380768449046, 6860729.693583836778998 ] } },
{ "type": "Feature", "properties": { "fid": 13820, "PREFIXE 1": "PETITE RUE", "PREFIXE 2": "DE", "NOM_RUE": "REUILLY", "NUMERO TXT": "4", "NOM_SAISI": "PETITE RUE DE REUILLY", "NOM_NOTE": "Petite Rue de Reuilly", "EXP_GEO": 1, "INTERP": 0, "NUMEROTATI": 1, "NUM_QUART": 30 }, "geometry": { "type": "Point", "coordinates": [ 654793.26903495809529, 6860739.322334979660809 ] } },
{ "type": "Feature", "properties": { "fid": 13821, "PREFIXE 1": "PETITE RUE", "PREFIXE 2": "DE", "NOM_RUE": "REUILLY", "NUMERO TXT": "6", "NOM_SAISI": "PETITE RUE DE REUILLY", "NOM_NOTE": "Petite Rue de Reuilly", "EXP_GEO": 1, "INTERP": 0, "NUMEROTATI": 1, "NUM_QUART": 30 }, "geometry": { "type": "Point", "coordinates": [ 654806.792973123840056, 6860748.752758048474789 ] } },
{ "type": "Feature", "properties": { "fid": 13822, "PREFIXE 1": "PETITE RUE", "PREFIXE 2": "DE", "NOM_RUE": "REUILLY", "NUMERO TXT": "10", "NOM_SAISI": "PETITE RUE DE REUILLY", "NOM_NOTE": "Petite Rue de Reuilly", "EXP_GEO": 1, "INTERP": 0, "NUMEROTATI": 1, "NUM_QUART": 30 }, "geometry": { "type": "Point", "coordinates": [ 654867.512015254818834, 6860790.663885476067662 ] } },
{ "type": "Feature", "properties": { "fid": 13823, "PREFIXE 1": "PETITE RUE", "PREFIXE 2": "DE", "NOM_RUE": "REUILLY", "NUMERO TXT": "12", "NOM_SAISI": "PETITE RUE DE REUILLY", "NOM_NOTE": "Petite Rue de Reuilly", "EXP_GEO": 1, "INTERP": 0, "NUMEROTATI": 1, "NUM_QUART": 30 }, "geometry": { "type": "Point", "coordinates": [ 654891.632669735932723, 6860811.430631884373724 ] } },
{ "type": "Feature", "properties": { "fid": 13824, "PREFIXE 1": "PETITE RUE", "PREFIXE 2": "DE", "NOM_RUE": "REUILLY", "NUMERO TXT": "14", "NOM_SAISI": "PETITE RUE DE REUILLY", "NOM_NOTE": "Petite Rue de Reuilly", "EXP_GEO": 1, "INTERP": 0, "NUMEROTATI": 1, "NUM_QUART": 30 }, "geometry": { "type": "Point", "coordinates": [ 654921.226359628024511, 6860836.595441284589469 ] } },
{ "type": "Feature", "properties": { "fid": 13825, "PREFIXE 1": "PETITE RUE", "PREFIXE 2": "DE", "NOM_RUE": "REUILLY", "NUMERO TXT": "16", "NOM_SAISI": "PETITE RUE DE REUILLY", "NOM_NOTE": "Petite Rue de Reuilly", "EXP_GEO": 1, "INTERP": 0, "NUMEROTATI": 1, "NUM_QUART": 30 }, "geometry": { "type": "Point", "coordinates": [ 654934.74224076513201, 6860847.920122136361897 ] } },
{ "type": "Feature", "properties": { "fid": 13826, "PREFIXE 1": "PETITE RUE", "PREFIXE 2": "DE", "NOM_RUE": "REUILLY", "NUMERO TXT": "18", "NOM_SAISI": "PETITE RUE DE REUILLY", "NOM_NOTE": "Petite Rue de Reuilly", "EXP_GEO": 1, "INTERP": 0, "NUMEROTATI": 1, "NUM_QUART": 30 }, "geometry": { "type": "Point", "coordinates": [ 654951.586460311198607, 6860862.310195591300726 ] } },
{ "type": "Feature", "properties": { "fid": 13827, "PREFIXE 1": "PETITE RUE", "PREFIXE 2": "DE", "NOM_RUE": "REUILLY", "NUMERO TXT": "20", "NOM_SAISI": "PETITE RUE DE REUILLY", "NOM_NOTE": "Petite Rue de Reuilly", "EXP_GEO": 1, "INTERP": 0, "NUMEROTATI": 1, "NUM_QUART": 30 }, "geometry": { "type": "Point", "coordinates": [ 654969.409604958957061, 6860878.036805828101933 ] } },
{ "type": "Feature", "properties": { "fid": 13828, "PREFIXE 1": "PETITE RUE", "PREFIXE 2": "DE", "NOM_RUE": "REUILLY", "NUMERO TXT": "22", "NOM_SAISI": "PETITE RUE DE REUILLY", "NOM_NOTE": "Petite Rue de Reuilly", "EXP_GEO": 1, "INTERP": 0, "NUMEROTATI": 1, "NUM_QUART": 30 }, "geometry": { "type": "Point", "coordinates": [ 654985.847222243784927, 6860891.640968605875969 ] } },
{ "type": "Feature", "properties": { "fid": 13829, "PREFIXE 1": "PETITE RUE", "PREFIXE 2": "DE", "NOM_RUE": "REUILLY", "NUMERO TXT": "24", "NOM_SAISI": "PETITE RUE DE REUILLY", "NOM_NOTE": "Petite Rue de Reuilly", "EXP_GEO": 1, "INTERP": 0, "NUMEROTATI": 1, "NUM_QUART": 30 }, "geometry": { "type": "Point", "coordinates": [ 654997.006028259755112, 6860901.604153171181679 ] } },
{ "type": "Feature", "properties": { "fid": 13830, "PREFIXE 1": "PETITE RUE", "PREFIXE 2": "DE", "NOM_RUE": "REUILLY", "NUMERO TXT": "26", "NOM_SAISI": "PETITE RUE DE REUILLY", "NOM_NOTE": "Petite Rue de Reuilly", "EXP_GEO": 1, "INTERP": 0, "NUMEROTATI": 1, "NUM_QUART": 30 }, "geometry": { "type": "Point", "coordinates": [ 655009.149608456296846, 6860913.291263232007623 ] } },
{ "type": "Feature", "properties": { "fid": 13831, "PREFIXE 1": "PETITE RUE", "PREFIXE 2": "DE", "NOM_RUE": "REUILLY", "NUMERO TXT": "28", "NOM_SAISI": "PETITE RUE DE REUILLY", "NOM_NOTE": "Petite Rue de Reuilly", "EXP_GEO": 1, "INTERP": 0, "NUMEROTATI": 1, "NUM_QUART": 30 }, "geometry": { "type": "Point", "coordinates": [ 655019.719793134951033, 6860923.056270911358297 ] } },
{ "type": "Feature", "properties": { "fid": 13832, "PREFIXE 1": "RUE", "PREFIXE 2": "DE", "NOM_RUE": "BERCY-SAINT-ANTOINE", "NUMERO TXT": "2", "NOM_SAISI": "RUE DE BERCY-SAINT-ANTOINE", "NOM_NOTE": "Rue de Bercy", "EXP_GEO": 1, "INTERP": 0, "NUMEROTATI": 1, "NUM_QUART": 30 }, "geometry": { "type": "Point", "coordinates": [ 653582.813430287875235, 6861077.05794271081686 ] } },
{ "type": "Feature", "properties": { "fid": 13833, "PREFIXE 1": "RUE", "PREFIXE 2": "DE", "NOM_RUE": "BERCY-SAINT-ANTOINE", "NUMERO TXT": "4", "NOM_SAISI": "RUE DE BERCY-SAINT-ANTOINE", "NOM_NOTE": "Rue de Bercy", "EXP_GEO": 1, "INTERP": 0, "NUMEROTATI": 1, "NUM_QUART": 30 }, "geometry": { "type": "Point", "coordinates": [ 653592.976597385713831, 6861066.31318829394877 ] } },
{ "type": "Feature", "properties": { "fid": 13834, "PREFIXE 1": "RUE", "PREFIXE 2": "DE", "NOM_RUE": "BERCY-SAINT-ANTOINE", "NUMERO TXT": "6", "NOM_SAISI": "RUE DE BERCY-SAINT-ANTOINE", "NOM_NOTE": "Rue de Bercy", "EXP_GEO": 1, "INTERP": 0, "NUMEROTATI": 1, "NUM_QUART": 30 }, "geometry": { "type": "Point", "coordinates": [ 653601.959451343165711, 6861055.194608700461686 ] } },
{ "type": "Feature", "properties": { "fid": 13835, "PREFIXE 1": "RUE", "PREFIXE 2": "DE", "NOM_RUE": "BERCY-SAINT-ANTOINE", "NUMERO TXT": "8", "NOM_SAISI": "RUE DE BERCY-SAINT-ANTOINE", "NOM_NOTE": "Rue de Bercy", "EXP_GEO": 1, "INTERP": 0, "NUMEROTATI": 1, "NUM_QUART": 30 }, "geometry": { "type": "Point", "coordinates": [ 653611.1789359516697, 6861046.195763922296464 ] } },
{ "type": "Feature", "properties": { "fid": 13836, "PREFIXE 1": "RUE", "PREFIXE 2": "DE", "NOM_RUE": "BERCY-SAINT-ANTOINE", "NUMERO TXT": "10", "NOM_SAISI": "RUE DE BERCY-SAINT-ANTOINE", "NOM_NOTE": "Rue de Bercy", "EXP_GEO": 1, "INTERP": 0, "NUMEROTATI": 1, "NUM_QUART": 30 }, "geometry": { "type": "Point", "coordinates": [ 653620.188611237332225, 6861036.42517763376236 ] } },
{ "type": "Feature", "properties": { "fid": 13837, "PREFIXE 1": "RUE", "PREFIXE 2": "DE", "NOM_RUE": "BERCY-SAINT-ANTOINE", "NUMERO TXT": "12", "NOM_SAISI": "RUE DE BERCY-SAINT-ANTOINE", "NOM_NOTE": "Rue de Bercy", "EXP_GEO": 1, "INTERP": 0, "NUMEROTATI": 1, "NUM_QUART": 30 }, "geometry": { "type": "Point", "coordinates": [ 653630.542414769646712, 6861025.28356911893934 ] } },
{ "type": "Feature", "properties": { "fid": 13838, "PREFIXE 1": "RUE", "PREFIXE 2": "DE", "NOM_RUE": "BERCY-SAINT-ANTOINE", "NUMERO TXT": "14", "NOM_SAISI": "RUE DE BERCY-SAINT-ANTOINE", "NOM_NOTE": "Rue de Bercy", "EXP_GEO": 1, "INTERP": 0, "NUMEROTATI": 1, "NUM_QUART": 30 }, "geometry": { "type": "Point", "coordinates": [ 653640.125414349138737, 6861014.728960622102022 ] } },
{ "type": "Feature", "properties": { "fid": 13839, "PREFIXE 1": "RUE", "PREFIXE 2": "DE", "NOM_RUE": "BERCY-SAINT-ANTOINE", "NUMERO TXT": "16", "NOM_SAISI": "RUE DE BERCY-SAINT-ANTOINE", "NOM_NOTE": "Rue de Bercy", "EXP_GEO": 1, "INTERP": 0, "NUMEROTATI": 1, "NUM_QUART": 30 }, "geometry": { "type": "Point", "coordinates": [ 653649.350477235158905, 6861005.917204813100398 ] } },
{ "type": "Feature", "properties": { "fid": 13840, "PREFIXE 1": "RUE", "PREFIXE 2": "DE", "NOM_RUE": "BERCY-SAINT-ANTOINE", "NUMERO TXT": "18", "NOM_SAISI": "RUE DE BERCY-SAINT-ANTOINE", "NOM_NOTE": "Rue de Bercy", "EXP_GEO": 1, "INTERP": 0, "NUMEROTATI": 1, "NUM_QUART": 30 }, "geometry": { "type": "Point", "coordinates": [ 653657.985546378651634, 6860996.917692332528532 ] } },
{ "type": "Feature", "properties": { "fid": 13841, "PREFIXE 1": "RUE", "PREFIXE 2": "DE", "NOM_RUE": "BERCY-SAINT-ANTOINE", "NUMERO TXT": "20", "NOM_SAISI": "RUE DE BERCY-SAINT-ANTOINE", "NOM_NOTE": "Rue de Bercy", "EXP_GEO": 1, "INTERP": 0, "NUMEROTATI": 1, "NUM_QUART": 30 }, "geometry": { "type": "Point", "coordinates": [ 653663.922438565758057, 6860990.076670853421092 ] } },
{ "type": "Feature", "properties": { "fid": 13842, "PREFIXE 1": "RUE", "PREFIXE 2": "DE", "NOM_RUE": "BERCY-SAINT-ANTOINE", "NUMERO TXT": "5", "NOM_SAISI": "RUE DE BERCY-SAINT-ANTOINE", "NOM_NOTE": "Rue de Bercy", "EXP_GEO": 1, "INTERP": 0, "NUMEROTATI": 1, "NUM_QUART": 30 }, "geometry": { "type": "Point", "coordinates": [ 653653.751304833218455, 6861031.963153759017587 ] } },
{ "type": "Feature", "properties": { "fid": 13843, "PREFIXE 1": "RUE", "PREFIXE 2": "DE", "NOM_RUE": "BERCY-SAINT-ANTOINE", "NUMERO TXT": "7", "NOM_SAISI": "RUE DE BERCY-SAINT-ANTOINE", "NOM_NOTE": "Rue de Bercy", "EXP_GEO": 1, "INTERP": 0, "NUMEROTATI": 1, "NUM_QUART": 30 }, "geometry": { "type": "Point", "coordinates": [ 653662.008411087794229, 6861023.748092046938837 ] } },
{ "type": "Feature", "properties": { "fid": 13844, "PREFIXE 1": "RUE", "PREFIXE 2": "DE", "NOM_RUE": "BERCY-SAINT-ANTOINE", "NUMERO TXT": "9", "NOM_SAISI": "RUE DE BERCY-SAINT-ANTOINE", "NOM_NOTE": "Rue de Bercy", "EXP_GEO": 1, "INTERP": 0, "NUMEROTATI": 1, "NUM_QUART": 30 }, "geometry": { "type": "Point", "coordinates": [ 653671.797919556498528, 6861013.773930175229907 ] } },
{ "type": "Feature", "properties": { "fid": 13845, "PREFIXE 1": "RUE", "PREFIXE 2": "DE", "NOM_RUE": "BERCY-SAINT-ANTOINE", "NUMERO TXT": "11", "NOM_SAISI": "RUE DE BERCY-SAINT-ANTOINE", "NOM_NOTE": "Rue de Bercy", "EXP_GEO": 1, "INTERP": 0, "NUMEROTATI": 1, "NUM_QUART": 30 }, "geometry": { "type": "Point", "coordinates": [ 653686.354938100790605, 6860997.166925401426852 ] } },
{ "type": "Feature", "properties": { "fid": 13846, "PREFIXE 1": "RUE", "PREFIXE 2": "DE", "NOM_RUE": "BERCY-SAINT-ANTOINE", "NUMERO TXT": "13", "NOM_SAISI": "RUE DE BERCY-SAINT-ANTOINE", "NOM_NOTE": "Rue de Bercy", "EXP_GEO": 1, "INTERP": 0, "NUMEROTATI": 1, "NUM_QUART": 30 }, "geometry": { "type": "Point", "coordinates": [ 653714.200393436476588, 6860969.178044185042381 ] } },
{ "type": "Feature", "properties": { "fid": 13847, "PREFIXE 1": "RUE", "PREFIXE 2": "DE", "NOM_RUE": "BERCY-SAINT-ANTOINE", "NUMERO TXT": "22", "NOM_SAISI": "RUE DE BERCY-SAINT-ANTOINE", "NOM_NOTE": "Rue de Bercy", "EXP_GEO": 1, "INTERP": 0, "NUMEROTATI": 1, "NUM_QUART": 30 }, "geometry": { "type": "Point", "coordinates": [ 653669.863185883616097, 6860983.428221255540848 ] } },
{ "type": "Feature", "properties": { "fid": 13848, "PREFIXE 1": "RUE", "PREFIXE 2": "DE", "NOM_RUE": "BERCY-SAINT-ANTOINE", "NUMERO TXT": "24", "NOM_SAISI": "RUE DE BERCY-SAINT-ANTOINE", "NOM_NOTE": "Rue de Bercy", "EXP_GEO": 1, "INTERP": 0, "NUMEROTATI": 1, "NUM_QUART": 30 }, "geometry": { "type": "Point", "coordinates": [ 653675.032582457293756, 6860977.368524339981377 ] } },
{ "type": "Feature", "properties": { "fid": 13849, "PREFIXE 1": "RUE", "PREFIXE 2": "DE", "NOM_RUE": "BERCY-SAINT-ANTOINE", "NUMERO TXT": "26", "NOM_SAISI": "RUE DE BERCY-SAINT-ANTOINE", "NOM_NOTE": "Rue de Bercy", "EXP_GEO": 1, "INTERP": 0, "NUMEROTATI": 1, "NUM_QUART": 30 }, "geometry": { "type": "Point", "coordinates": [ 653682.132988478871994, 6860969.930753592401743 ] } },
{ "type": "Feature", "properties": { "fid": 13850, "PREFIXE 1": "RUE", "PREFIXE 2": "DE", "NOM_RUE": "BERCY-SAINT-ANTOINE", "NUMERO TXT": "28", "NOM_SAISI": "RUE DE BERCY-SAINT-ANTOINE", "NOM_NOTE": "Rue de Bercy", "EXP_GEO": 1, "INTERP": 0, "NUMEROTATI": 1, "NUM_QUART": 30 }, "geometry": { "type": "Point", "coordinates": [ 653692.305903923348524, 6860959.358662712387741 ] } },
{ "type": "Feature", "properties": { "fid": 13851, "PREFIXE 1": "RUE", "PREFIXE 2": "DE", "NOM_RUE": "BERCY-SAINT-ANTOINE", "NUMERO TXT": "30", "NOM_SAISI": "RUE DE BERCY-SAINT-ANTOINE", "NOM_NOTE": "Rue de Bercy", "EXP_GEO": 1, "INTERP": 0, "NUMEROTATI": 1, "NUM_QUART": 30 }, "geometry": { "type": "Point", "coordinates": [ 653700.936069466522895, 6860949.964254444465041 ] } },
{ "type": "Feature", "properties": { "fid": 13852, "PREFIXE 1": "RUE", "PREFIXE 2": "DE", "NOM_RUE": "BERCY-SAINT-ANTOINE", "NUMERO TXT": "32", "NOM_SAISI": "RUE DE BERCY-SAINT-ANTOINE", "NOM_NOTE": "Rue de Bercy", "EXP_GEO": 1, "INTERP": 0, "NUMEROTATI": 1, "NUM_QUART": 30 }, "geometry": { "type": "Point", "coordinates": [ 653708.816386777325533, 6860942.320372426882386 ] } },
{ "type": "Feature", "properties": { "fid": 13853, "PREFIXE 1": "RUE", "PREFIXE 2": "DE", "NOM_RUE": "BERCY-SAINT-ANTOINE", "NUMERO TXT": "34", "NOM_SAISI": "RUE DE BERCY-SAINT-ANTOINE", "NOM_NOTE": "Rue de Bercy", "EXP_GEO": 1, "INTERP": 0, "NUMEROTATI": 1, "NUM_QUART": 30 }, "geometry": { "type": "Point", "coordinates": [ 653727.636581717175432, 6860923.119322243146598 ] } },
{ "type": "Feature", "properties": { "fid": 13854, "PREFIXE 1": "RUE", "PREFIXE 2": "DE", "NOM_RUE": "BERCY-SAINT-ANTOINE", "NUMERO TXT": "38", "NOM_SAISI": "RUE DE BERCY-SAINT-ANTOINE", "NOM_NOTE": "Rue de Bercy", "EXP_GEO": 1, "INTERP": 0, "NUMEROTATI": 1, "NUM_QUART": 30 }, "geometry": { "type": "Point", "coordinates": [ 653748.36891850468237, 6860901.369865311309695 ] } },
{ "type": "Feature", "properties": { "fid": 13855, "PREFIXE 1": "RUE", "PREFIXE 2": "DE", "NOM_RUE": "BERCY-SAINT-ANTOINE", "NUMERO TXT": "40", "NOM_SAISI": "RUE DE BERCY-SAINT-ANTOINE", "NOM_NOTE": "Rue de Bercy", "EXP_GEO": 1, "INTERP": 0, "NUMEROTATI": 1, "NUM_QUART": 30 }, "geometry": { "type": "Point", "coordinates": [ 653764.682069169706665, 6860883.928362489677966 ] } },
{ "type": "Feature", "properties": { "fid": 13856, "PREFIXE 1": "RUE", "PREFIXE 2": "DE", "NOM_RUE": "BERCY-SAINT-ANTOINE", "NUMERO TXT": "17", "NOM_SAISI": "RUE DE BERCY-SAINT-ANTOINE", "NOM_NOTE": "Rue de Bercy", "EXP_GEO": 1, "INTERP": 0, "NUMEROTATI": 1, "NUM_QUART": 30 }, "geometry": { "type": "Point", "coordinates": [ 653746.963844546233304, 6860933.401721152476966 ] } },
{ "type": "Feature", "properties": { "fid": 13857, "PREFIXE 1": "RUE", "PREFIXE 2": "DE", "NOM_RUE": "BERCY-SAINT-ANTOINE", "NUMERO TXT": "19", "NOM_SAISI": "RUE DE BERCY-SAINT-ANTOINE", "NOM_NOTE": "Rue de Bercy", "EXP_GEO": 1, "INTERP": 0, "NUMEROTATI": 1, "NUM_QUART": 30 }, "geometry": { "type": "Point", "coordinates": [ 653751.507675080210902, 6860929.61328052636236 ] } },
{ "type": "Feature", "properties": { "fid": 13858, "PREFIXE 1": "RUE", "PREFIXE 2": "DE", "NOM_RUE": "BERCY-SAINT-ANTOINE", "NUMERO TXT": "21", "NOM_SAISI": "RUE DE BERCY-SAINT-ANTOINE", "NOM_NOTE": "Rue de Bercy", "EXP_GEO": 1, "INTERP": 0, "NUMEROTATI": 1, "NUM_QUART": 30 }, "geometry": { "type": "Point", "coordinates": [ 653757.649611505912617, 6860921.44455979950726 ] } },
{ "type": "Feature", "properties": { "fid": 13859, "PREFIXE 1": "RUE", "PREFIXE 2": "DE", "NOM_RUE": "BERCY-SAINT-ANTOINE", "NUMERO TXT": "23", "NOM_SAISI": "RUE DE BERCY-SAINT-ANTOINE", "NOM_NOTE": "Rue de Bercy", "EXP_GEO": 1, "INTERP": 0, "NUMEROTATI": 1, "NUM_QUART": 30 }, "geometry": { "type": "Point", "coordinates": [ 653782.178931556409225, 6860898.112269623205066 ] } },
{ "type": "Feature", "properties": { "fid": 13860, "PREFIXE 1": "RUE", "PREFIXE 2": "DE", "NOM_RUE": "BERCY-SAINT-ANTOINE", "NUMERO TXT": "42", "NOM_SAISI": "RUE DE BERCY-SAINT-ANTOINE", "NOM_NOTE": "Rue de Bercy", "EXP_GEO": 1, "INTERP": 0, "NUMEROTATI": 1, "NUM_QUART": 30 }, "geometry": { "type": "Point", "coordinates": [ 653792.474230822990648, 6860852.443128344602883 ] } },
{ "type": "Feature", "properties": { "fid": 13861, "PREFIXE 1": "RUE", "PREFIXE 2": "DE", "NOM_RUE": "BERCY-SAINT-ANTOINE", "NUMERO TXT": "25", "NOM_SAISI": "RUE DE BERCY-SAINT-ANTOINE", "NOM_NOTE": "Rue de Bercy", "EXP_GEO": 1, "INTERP": 0, "NUMEROTATI": 1, "NUM_QUART": 30 }, "geometry": { "type": "Point", "coordinates": [ 653827.469415090279654, 6860851.252178096212447 ] } },
{ "type": "Feature", "properties": { "fid": 13862, "PREFIXE 1": "RUE", "PREFIXE 2": "DE", "NOM_RUE": "BERCY-SAINT-ANTOINE", "NUMERO TXT": "44", "NOM_SAISI": "RUE DE BERCY-SAINT-ANTOINE", "NOM_NOTE": "Rue de Bercy", "EXP_GEO": 1, "INTERP": 0, "NUMEROTATI": 1, "NUM_QUART": 30 }, "geometry": { "type": "Point", "coordinates": [ 653812.852661858894862, 6860830.993064250797033 ] } },
{ "type": "Feature", "properties": { "fid": 13863, "PREFIXE 1": "RUE", "PREFIXE 2": "DE", "NOM_RUE": "BERCY-SAINT-ANTOINE", "NUMERO TXT": "27", "NOM_SAISI": "RUE DE BERCY-SAINT-ANTOINE", "NOM_NOTE": "Rue de Bercy", "EXP_GEO": 1, "INTERP": 0, "NUMEROTATI": 1, "NUM_QUART": 30 }, "geometry": { "type": "Point", "coordinates": [ 653839.540818393230438, 6860822.392392261885107 ] } },
{ "type": "Feature", "properties": { "fid": 13864, "PREFIXE 1": "RUE", "PREFIXE 2": "DE", "NOM_RUE": "BERCY-SAINT-ANTOINE", "NUMERO TXT": "29", "NOM_SAISI": "RUE DE BERCY-SAINT-ANTOINE", "NOM_NOTE": "Rue de Bercy", "EXP_GEO": 1, "INTERP": 0, "NUMEROTATI": 1, "NUM_QUART": 30 }, "geometry": { "type": "Point", "coordinates": [ 653848.831869127694517, 6860814.174263087101281 ] } },
{ "type": "Feature", "properties": { "fid": 13865, "PREFIXE 1": "RUE", "PREFIXE 2": "DE", "NOM_RUE": "BERCY-SAINT-ANTOINE", "NUMERO TXT": "46", "NOM_SAISI": "RUE DE BERCY-SAINT-ANTOINE", "NOM_NOTE": "Rue de Bercy", "EXP_GEO": 1, "INTERP": 0, "NUMEROTATI": 1, "NUM_QUART": 30 }, "geometry": { "type": "Point", "coordinates": [ 653917.149734395323321, 6860721.091683276928961 ] } },
{ "type": "Feature", "properties": { "fid": 13866, "PREFIXE 1": "RUE", "PREFIXE 2": "DE", "NOM_RUE": "BERCY-SAINT-ANTOINE", "NUMERO TXT": "31", "NOM_SAISI": "RUE DE BERCY-SAINT-ANTOINE", "NOM_NOTE": "Rue de Bercy", "EXP_GEO": 1, "INTERP": 0, "NUMEROTATI": 1, "NUM_QUART": 30 }, "geometry": { "type": "Point", "coordinates": [ 653880.436961265280843, 6860793.02309880591929 ] } },
{ "type": "Feature", "properties": { "fid": 13867, "PREFIXE 1": "RUE", "PREFIXE 2": "DE", "NOM_RUE": "BERCY-SAINT-ANTOINE", "NUMERO TXT": "33", "NOM_SAISI": "RUE DE BERCY-SAINT-ANTOINE", "NOM_NOTE": "Rue de Bercy", "EXP_GEO": 1, "INTERP": 0, "NUMEROTATI": 1, "NUM_QUART": 30 }, "geometry": { "type": "Point", "coordinates": [ 653935.324894202873111, 6860741.813180750235915 ] } },
{ "type": "Feature", "properties": { "fid": 13868, "PREFIXE 1": "RUE", "PREFIXE 2": "DE", "NOM_RUE": "BERCY-SAINT-ANTOINE", "NUMERO TXT": "35", "NOM_SAISI": "RUE DE BERCY-SAINT-ANTOINE", "NOM_NOTE": "Rue de Bercy", "EXP_GEO": 1, "INTERP": 0, "NUMEROTATI": 1, "NUM_QUART": 30 }, "geometry": { "type": "Point", "coordinates": [ 653965.740764805814251, 6860705.615209789015353 ] } },
{ "type": "Feature", "properties": { "fid": 13869, "PREFIXE 1": "RUE", "PREFIXE 2": "DE", "NOM_RUE": "BERCY-SAINT-ANTOINE", "NUMERO TXT": "37", "NOM_SAISI": "RUE DE BERCY-SAINT-ANTOINE", "NOM_NOTE": "Rue de Bercy", "EXP_GEO": 1, "INTERP": 0, "NUMEROTATI": 1, "NUM_QUART": 30 }, "geometry": { "type": "Point", "coordinates": [ 653973.779044452589005, 6860697.394066580571234 ] } },
{ "type": "Feature", "properties": { "fid": 13870, "PREFIXE 1": "RUE", "PREFIXE 2": "DE", "NOM_RUE": "BERCY-SAINT-ANTOINE", "NUMERO TXT": "48", "NOM_SAISI": "RUE DE BERCY-SAINT-ANTOINE", "NOM_NOTE": "Rue de Bercy", "EXP_GEO": 1, "INTERP": 0, "NUMEROTATI": 1, "NUM_QUART": 30 }, "geometry": { "type": "Point", "coordinates": [ 653944.090281863580458, 6860701.03575661405921 ] } },
{ "type": "Feature", "properties": { "fid": 13871, "PREFIXE 1": "RUE", "PREFIXE 2": "DE", "NOM_RUE": "BERCY-SAINT-ANTOINE", "NUMERO TXT": "39", "NOM_SAISI": "RUE DE BERCY-SAINT-ANTOINE", "NOM_NOTE": "Rue de Bercy", "EXP_GEO": 1, "INTERP": 0, "NUMEROTATI": 1, "NUM_QUART": 30 }, "geometry": { "type": "Point", "coordinates": [ 653980.706326089799404, 6860691.746519501321018 ] } },
{ "type": "Feature", "properties": { "fid": 13872, "PREFIXE 1": "RUE", "PREFIXE 2": "DE", "NOM_RUE": "BERCY-SAINT-ANTOINE", "NUMERO TXT": "41", "NOM_SAISI": "RUE DE BERCY-SAINT-ANTOINE", "NOM_NOTE": "Rue de Bercy", "EXP_GEO": 1, "INTERP": 0, "NUMEROTATI": 1, "NUM_QUART": 30 }, "geometry": { "type": "Point", "coordinates": [ 653985.292114085401408, 6860685.270488913170993 ] } },
{ "type": "Feature", "properties": { "fid": 13873, "PREFIXE 1": "RUE", "PREFIXE 2": "DE", "NOM_RUE": "BERCY-SAINT-ANTOINE", "NUMERO TXT": "43", "NOM_SAISI": "RUE DE BERCY-SAINT-ANTOINE", "NOM_NOTE": "Rue de Bercy", "EXP_GEO": 1, "INTERP": 0, "NUMEROTATI": 1, "NUM_QUART": 30 }, "geometry": { "type": "Point", "coordinates": [ 653992.817893842817284, 6860679.158894274383783 ] } },
{ "type": "Feature", "properties": { "fid": 13874, "PREFIXE 1": "RUE", "PREFIXE 2": "DE", "NOM_RUE": "BERCY-SAINT-ANTOINE", "NUMERO TXT": "45", "NOM_SAISI": "RUE DE BERCY-SAINT-ANTOINE", "NOM_NOTE": "Rue de Bercy", "EXP_GEO": 1, "INTERP": 0, "NUMEROTATI": 1, "NUM_QUART": 30 }, "geometry": { "type": "Point", "coordinates": [ 653999.160840674536303, 6860672.471366151235998 ] } },
{ "type": "Feature", "properties": { "fid": 13875, "PREFIXE 1": "RUE", "PREFIXE 2": "DE", "NOM_RUE": "BERCY-SAINT-ANTOINE", "NUMERO TXT": "47", "NOM_SAISI": "RUE DE BERCY-SAINT-ANTOINE", "NOM_NOTE": "Rue de Bercy", "EXP_GEO": 1, "INTERP": 0, "NUMEROTATI": 1, "NUM_QUART": 30 }, "geometry": { "type": "Point", "coordinates": [ 654007.045813585165888, 6860664.403986688703299 ] } },
{ "type": "Feature", "properties": { "fid": 13876, "PREFIXE 1": "RUE", "PREFIXE 2": "DE", "NOM_RUE": "BERCY-SAINT-ANTOINE", "NUMERO TXT": "49", "NOM_SAISI": "RUE DE BERCY-SAINT-ANTOINE", "NOM_NOTE": "Rue de Bercy", "EXP_GEO": 1, "INTERP": 0, "NUMEROTATI": 1, "NUM_QUART": 30 }, "geometry": { "type": "Point", "coordinates": [ 654021.858318753540516, 6860649.445289445109665 ] } },
{ "type": "Feature", "properties": { "fid": 13877, "PREFIXE 1": "RUE", "PREFIXE 2": "DE", "NOM_RUE": "BERCY-SAINT-ANTOINE", "NUMERO TXT": "51", "NOM_SAISI": "RUE DE BERCY-SAINT-ANTOINE", "NOM_NOTE": "Rue de Bercy", "EXP_GEO": 1, "INTERP": 0, "NUMEROTATI": 1, "NUM_QUART": 30 }, "geometry": { "type": "Point", "coordinates": [ 654037.063098802114837, 6860634.479707384482026 ] } },
{ "type": "Feature", "properties": { "fid": 13878, "PREFIXE 1": "RUE", "PREFIXE 2": "DE", "NOM_RUE": "BERCY-SAINT-ANTOINE", "NUMERO TXT": "53", "NOM_SAISI": "RUE DE BERCY-SAINT-ANTOINE", "NOM_NOTE": "Rue de Bercy", "EXP_GEO": 1, "INTERP": 0, "NUMEROTATI": 1, "NUM_QUART": 30 }, "geometry": { "type": "Point", "coordinates": [ 654045.579004370840266, 6860626.141632018610835 ] } },
{ "type": "Feature", "properties": { "fid": 13879, "PREFIXE 1": "RUE", "PREFIXE 2": "DE", "NOM_RUE": "BERCY-SAINT-ANTOINE", "NUMERO TXT": "55", "NOM_SAISI": "RUE DE BERCY-SAINT-ANTOINE", "NOM_NOTE": "Rue de Bercy", "EXP_GEO": 1, "INTERP": 0, "NUMEROTATI": 1, "NUM_QUART": 30 }, "geometry": { "type": "Point", "coordinates": [ 654122.591678390512243, 6860551.179320018738508 ] } },
{ "type": "Feature", "properties": { "fid": 13880, "PREFIXE 1": "RUE", "PREFIXE 2": "DE", "NOM_RUE": "BERCY-SAINT-ANTOINE", "NUMERO TXT": "52", "NOM_SAISI": "RUE DE BERCY-SAINT-ANTOINE", "NOM_NOTE": "Rue de Bercy", "EXP_GEO": 1, "INTERP": 0, "NUMEROTATI": 1, "NUM_QUART": 30 }, "geometry": { "type": "Point", "coordinates": [ 654218.762541046133265, 6860424.569053673185408 ] } },
{ "type": "Feature", "properties": { "fid": 13881, "PREFIXE 1": "RUE", "PREFIXE 2": "DE", "NOM_RUE": "BERCY-SAINT-ANTOINE", "NUMERO TXT": "67", "NOM_SAISI": "RUE DE BERCY-SAINT-ANTOINE", "NOM_NOTE": "Rue de Bercy", "EXP_GEO": 1, "INTERP": 1, "NUMEROTATI": 1, "NUM_QUART": 30 }, "geometry": { "type": "Point", "coordinates": [ 654408.073448509676382, 6860252.812004544772208 ] } },
{ "type": "Feature", "properties": { "fid": 13882, "PREFIXE 1": "RUE", "PREFIXE 2": "DE", "NOM_RUE": "BERCY-SAINT-ANTOINE", "NUMERO TXT": "54", "NOM_SAISI": "RUE DE BERCY-SAINT-ANTOINE", "NOM_NOTE": "Rue de Bercy", "EXP_GEO": 1, "INTERP": 0, "NUMEROTATI": 1, "NUM_QUART": 30 }, "geometry": { "type": "Point", "coordinates": [ 654236.422728769714013, 6860407.000737558118999 ] } },
{ "type": "Feature", "properties": { "fid": 13883, "PREFIXE 1": "RUE", "PREFIXE 2": "DE", "NOM_RUE": "BERCY-SAINT-ANTOINE", "NUMERO TXT": "56", "NOM_SAISI": "RUE DE BERCY-SAINT-ANTOINE", "NOM_NOTE": "Rue de Bercy", "EXP_GEO": 1, "INTERP": 0, "NUMEROTATI": 1, "NUM_QUART": 30 }, "geometry": { "type": "Point", "coordinates": [ 654247.338828932028264, 6860394.082973068580031 ] } },
{ "type": "Feature", "properties": { "fid": 13884, "PREFIXE 1": "RUE", "PREFIXE 2": "DE", "NOM_RUE": "BERCY-SAINT-ANTOINE", "NUMERO TXT": "58", "NOM_SAISI": "RUE DE BERCY-SAINT-ANTOINE", "NOM_NOTE": "Rue de Bercy", "EXP_GEO": 1, "INTERP": 0, "NUMEROTATI": 1, "NUM_QUART": 30 }, "geometry": { "type": "Point", "coordinates": [ 654261.13685806596186, 6860377.561353452503681 ] } },
{ "type": "Feature", "properties": { "fid": 13885, "PREFIXE 1": "RUE", "PREFIXE 2": "DE", "NOM_RUE": "BERCY-SAINT-ANTOINE", "NUMERO TXT": "60", "NOM_SAISI": "RUE DE BERCY-SAINT-ANTOINE", "NOM_NOTE": "Rue de Bercy", "EXP_GEO": 1, "INTERP": 0, "NUMEROTATI": 1, "NUM_QUART": 30 }, "geometry": { "type": "Point", "coordinates": [ 654273.344245764776133, 6860366.738474004901946 ] } },
{ "type": "Feature", "properties": { "fid": 13886, "PREFIXE 1": "RUE", "PREFIXE 2": "DE", "NOM_RUE": "BERCY-SAINT-ANTOINE", "NUMERO TXT": "62", "NOM_SAISI": "RUE DE BERCY-SAINT-ANTOINE", "NOM_NOTE": "Rue de Bercy", "EXP_GEO": 1, "INTERP": 0, "NUMEROTATI": 1, "NUM_QUART": 30 }, "geometry": { "type": "Point", "coordinates": [ 654285.483234161511064, 6860351.272395497187972 ] } },
{ "type": "Feature", "properties": { "fid": 13887, "PREFIXE 1": "RUE", "PREFIXE 2": "DE", "NOM_RUE": "BERCY-SAINT-ANTOINE", "NUMERO TXT": "64", "NOM_SAISI": "RUE DE BERCY-SAINT-ANTOINE", "NOM_NOTE": "Rue de Bercy", "EXP_GEO": 1, "INTERP": 0, "NUMEROTATI": 1, "NUM_QUART": 30 }, "geometry": { "type": "Point", "coordinates": [ 654303.659256865968928, 6860332.814765654504299 ] } },
{ "type": "Feature", "properties": { "fid": 13888, "PREFIXE 1": "RUE", "PREFIXE 2": "DE", "NOM_RUE": "BERCY-SAINT-ANTOINE", "NUMERO TXT": "66", "NOM_SAISI": "RUE DE BERCY-SAINT-ANTOINE", "NOM_NOTE": "Rue de Bercy", "EXP_GEO": 1, "INTERP": 0, "NUMEROTATI": 1, "NUM_QUART": 30 }, "geometry": { "type": "Point", "coordinates": [ 654316.620918950648047, 6860316.067097268998623 ] } },
{ "type": "Feature", "properties": { "fid": 13889, "PREFIXE 1": "RUE", "PREFIXE 2": "DE", "NOM_RUE": "BERCY-SAINT-ANTOINE", "NUMERO TXT": "68", "NOM_SAISI": "RUE DE BERCY-SAINT-ANTOINE", "NOM_NOTE": "Rue de Bercy", "EXP_GEO": 1, "INTERP": 0, "NUMEROTATI": 1, "NUM_QUART": 30 }, "geometry": { "type": "Point", "coordinates": [ 654332.543610316584818, 6860300.989797055721283 ] } },
{ "type": "Feature", "properties": { "fid": 13890, "PREFIXE 1": "RUE", "PREFIXE 2": "DE", "NOM_RUE": "BERCY-SAINT-ANTOINE", "NUMERO TXT": "70", "NOM_SAISI": "RUE DE BERCY-SAINT-ANTOINE", "NOM_NOTE": "Rue de Bercy", "EXP_GEO": 1, "INTERP": 0, "NUMEROTATI": 1, "NUM_QUART": 30 }, "geometry": { "type": "Point", "coordinates": [ 654356.499548470601439, 6860275.935606527142227 ] } },
{ "type": "Feature", "properties": { "fid": 13891, "PREFIXE 1": "RUE", "PREFIXE 2": "DE", "NOM_RUE": "BERCY-SAINT-ANTOINE", "NUMERO TXT": "72", "NOM_SAISI": "RUE DE BERCY-SAINT-ANTOINE", "NOM_NOTE": "Rue de Bercy", "EXP_GEO": 1, "INTERP": 0, "NUMEROTATI": 1, "NUM_QUART": 30 }, "geometry": { "type": "Point", "coordinates": [ 654366.351964394445531, 6860261.29875382501632 ] } },
{ "type": "Feature", "properties": { "fid": 13892, "PREFIXE 1": "RUE", "PREFIXE 2": "DE", "NOM_RUE": "BERCY-SAINT-ANTOINE", "NUMERO TXT": "74", "NOM_SAISI": "RUE DE BERCY-SAINT-ANTOINE", "NOM_NOTE": "Rue de Bercy", "EXP_GEO": 1, "INTERP": 0, "NUMEROTATI": 1, "NUM_QUART": 30 }, "geometry": { "type": "Point", "coordinates": [ 654373.820034067728557, 6860255.765659678727388 ] } },
{ "type": "Feature", "properties": { "fid": 13893, "PREFIXE 1": "RUE", "PREFIXE 2": "DE", "NOM_RUE": "BERCY-SAINT-ANTOINE", "NUMERO TXT": "76", "NOM_SAISI": "RUE DE BERCY-SAINT-ANTOINE", "NOM_NOTE": "Rue de Bercy", "EXP_GEO": 1, "INTERP": 0, "NUMEROTATI": 1, "NUM_QUART": 30 }, "geometry": { "type": "Point", "coordinates": [ 654389.69924527045805, 6860237.287374754436314 ] } },
{ "type": "Feature", "properties": { "fid": 13894, "PREFIXE 1": "RUE", "PREFIXE 2": "DE", "NOM_RUE": "VILLIOT", "NUMERO TXT": "2", "NOM_SAISI": "RUE DE VILLIOT", "NOM_NOTE": "Rue de Villiot", "EXP_GEO": 1, "INTERP": 0, "NUMEROTATI": 1, "NUM_QUART": 30 }, "geometry": { "type": "Point", "coordinates": [ 654105.233405676670372, 6860309.114695082418621 ] } },
{ "type": "Feature", "properties": { "fid": 13895, "PREFIXE 1": "RUE", "PREFIXE 2": "DE", "NOM_RUE": "VILLIOT", "NUMERO TXT": "4", "NOM_SAISI": "RUE DE VILLIOT", "NOM_NOTE": "Rue de Villiot", "EXP_GEO": 1, "INTERP": 0, "NUMEROTATI": 1, "NUM_QUART": 30 }, "geometry": { "type": "Point", "coordinates": [ 654118.546724741812795, 6860321.068994354456663 ] } },
{ "type": "Feature", "properties": { "fid": 13896, "PREFIXE 1": "QUAI", "PREFIXE 2": "DE LA", "NOM_RUE": "RAPÉE", "NUMERO TXT": "23", "NOM_SAISI": "QUAI DE LA RAPÉE", "NOM_NOTE": "Quay de la Rapée", "EXP_GEO": 1, "INTERP": 1, "NUMEROTATI": 1, "NUM_QUART": 30 }, "geometry": { "type": "Point", "coordinates": [ 653830.809298210777342, 6860569.362822838127613 ] } },
{ "type": "Feature", "properties": { "fid": 13897, "PREFIXE 1": "QUAI", "PREFIXE 2": "DE LA", "NOM_RUE": "RAPÉE", "NUMERO TXT": "25", "NOM_SAISI": "QUAI DE LA RAPÉE", "NOM_NOTE": "Quay de la Rapée", "EXP_GEO": 1, "INTERP": 0, "NUMEROTATI": 1, "NUM_QUART": 30 }, "geometry": { "type": "Point", "coordinates": [ 653840.282338711083867, 6860558.529188293963671 ] } },
{ "type": "Feature", "properties": { "fid": 13898, "PREFIXE 1": "QUAI", "PREFIXE 2": "DE LA", "NOM_RUE": "RAPÉE", "NUMERO TXT": "27", "NOM_SAISI": "QUAI DE LA RAPÉE", "NOM_NOTE": "Quay de la Rapée", "EXP_GEO": 1, "INTERP": 0, "NUMEROTATI": 1, "NUM_QUART": 30 }, "geometry": { "type": "Point", "coordinates": [ 653864.062888175016269, 6860525.695387436076999 ] } },
{ "type": "Feature", "properties": { "fid": 13899, "PREFIXE 1": "QUAI", "PREFIXE 2": "DE LA", "NOM_RUE": "RAPÉE", "NUMERO TXT": "29", "NOM_SAISI": "QUAI DE LA RAPÉE", "NOM_NOTE": "Quay de la Rapée", "EXP_GEO": 1, "INTERP": 0, "NUMEROTATI": 1, "NUM_QUART": 30 }, "geometry": { "type": "Point", "coordinates": [ 653875.591497431043535, 6860512.648595430888236 ] } },
{ "type": "Feature", "properties": { "fid": 13900, "PREFIXE 1": "QUAI", "PREFIXE 2": "DE LA", "NOM_RUE": "RAPÉE", "NUMERO TXT": "31", "NOM_SAISI": "QUAI DE LA RAPÉE", "NOM_NOTE": "Quay de la Rapée", "EXP_GEO": 1, "INTERP": 0, "NUMEROTATI": 1, "NUM_QUART": 30 }, "geometry": { "type": "Point", "coordinates": [ 653890.977947799954563, 6860496.033328528515995 ] } },
{ "type": "Feature", "properties": { "fid": 13901, "PREFIXE 1": "QUAI", "PREFIXE 2": "DE LA", "NOM_RUE": "RAPÉE", "NUMERO TXT": "33", "NOM_SAISI": "QUAI DE LA RAPÉE", "NOM_NOTE": "Quay de la Rapée", "EXP_GEO": 1, "INTERP": 0, "NUMEROTATI": 1, "NUM_QUART": 30 }, "geometry": { "type": "Point", "coordinates": [ 653909.557728577055968, 6860482.727896803990006 ] } },
{ "type": "Feature", "properties": { "fid": 13902, "PREFIXE 1": "QUAI", "PREFIXE 2": "DE LA", "NOM_RUE": "RAPÉE", "NUMERO TXT": "35", "NOM_SAISI": "QUAI DE LA RAPÉE", "NOM_NOTE": "Quay de la Rapée", "EXP_GEO": 1, "INTERP": 0, "NUMEROTATI": 1, "NUM_QUART": 30 }, "geometry": { "type": "Point", "coordinates": [ 653918.579602988320403, 6860471.85239583440125 ] } },
{ "type": "Feature", "properties": { "fid": 13903, "PREFIXE 1": "QUAI", "PREFIXE 2": "DE LA", "NOM_RUE": "RAPÉE", "NUMERO TXT": "37", "NOM_SAISI": "QUAI DE LA RAPÉE", "NOM_NOTE": "Quay de la Rapée", "EXP_GEO": 1, "INTERP": 0, "NUMEROTATI": 1, "NUM_QUART": 30 }, "geometry": { "type": "Point", "coordinates": [ 653924.447452669148333, 6860459.819188273511827 ] } },
{ "type": "Feature", "properties": { "fid": 13904, "PREFIXE 1": "QUAI", "PREFIXE 2": "DE LA", "NOM_RUE": "RAPÉE", "NUMERO TXT": "39", "NOM_SAISI": "QUAI DE LA RAPÉE", "NOM_NOTE": "Quay de la Rapée", "EXP_GEO": 1, "INTERP": 0, "NUMEROTATI": 1, "NUM_QUART": 30 }, "geometry": { "type": "Point", "coordinates": [ 653934.180505043594167, 6860444.60705244448036 ] } },
{ "type": "Feature", "properties": { "fid": 13905, "PREFIXE 1": "QUAI", "PREFIXE 2": "DE LA", "NOM_RUE": "RAPÉE", "NUMERO TXT": "41", "NOM_SAISI": "QUAI DE LA RAPÉE", "NOM_NOTE": "Quay de la Rapée", "EXP_GEO": 1, "INTERP": 0, "NUMEROTATI": 1, "NUM_QUART": 30 }, "geometry": { "type": "Point", "coordinates": [ 653966.368172613438219, 6860401.477149939164519 ] } },
{ "type": "Feature", "properties": { "fid": 13906, "PREFIXE 1": "QUAI", "PREFIXE 2": "DE LA", "NOM_RUE": "RAPÉE", "NUMERO TXT": "43", "NOM_SAISI": "QUAI DE LA RAPÉE", "NOM_NOTE": "Quay de la Rapée", "EXP_GEO": 1, "INTERP": 0, "NUMEROTATI": 1, "NUM_QUART": 30 }, "geometry": { "type": "Point", "coordinates": [ 653973.415386804845184, 6860389.415372057817876 ] } },
{ "type": "Feature", "properties": { "fid": 13907, "PREFIXE 1": "QUAI", "PREFIXE 2": "DE LA", "NOM_RUE": "RAPÉE", "NUMERO TXT": "45", "NOM_SAISI": "QUAI DE LA RAPÉE", "NOM_NOTE": "Quay de la Rapée", "EXP_GEO": 1, "INTERP": 0, "NUMEROTATI": 1, "NUM_QUART": 30 }, "geometry": { "type": "Point", "coordinates": [ 653993.53120615426451, 6860373.713972760364413 ] } },
{ "type": "Feature", "properties": { "fid": 13908, "PREFIXE 1": "QUAI", "PREFIXE 2": "DE LA", "NOM_RUE": "RAPÉE", "NUMERO TXT": "47", "NOM_SAISI": "QUAI DE LA RAPÉE", "NOM_NOTE": "Quay de la Rapée", "EXP_GEO": 1, "INTERP": 0, "NUMEROTATI": 1, "NUM_QUART": 30 }, "geometry": { "type": "Point", "coordinates": [ 654001.190934173180722, 6860363.02083365060389 ] } },
{ "type": "Feature", "properties": { "fid": 13909, "PREFIXE 1": "QUAI", "PREFIXE 2": "DE LA", "NOM_RUE": "RAPÉE", "NUMERO TXT": "49", "NOM_SAISI": "QUAI DE LA RAPÉE", "NOM_NOTE": "Quay de la Rapée", "EXP_GEO": 1, "INTERP": 0, "NUMEROTATI": 1, "NUM_QUART": 30 }, "geometry": { "type": "Point", "coordinates": [ 654005.755610911059193, 6860354.711518954485655 ] } },
{ "type": "Feature", "properties": { "fid": 13910, "PREFIXE 1": "QUAI", "PREFIXE 2": "DE LA", "NOM_RUE": "RAPÉE", "NUMERO TXT": "51", "NOM_SAISI": "QUAI DE LA RAPÉE", "NOM_NOTE": "Quay de la Rapée", "EXP_GEO": 1, "INTERP": 0, "NUMEROTATI": 1, "NUM_QUART": 30 }, "geometry": { "type": "Point", "coordinates": [ 654020.368765851482749, 6860337.854861473664641 ] } },
{ "type": "Feature", "properties": { "fid": 13911, "PREFIXE 1": "QUAI", "PREFIXE 2": "DE LA", "NOM_RUE": "RAPÉE", "NUMERO TXT": "53", "NOM_SAISI": "QUAI DE LA RAPÉE", "NOM_NOTE": "Quay de la Rapée", "EXP_GEO": 1, "INTERP": 0, "NUMEROTATI": 1, "NUM_QUART": 30 }, "geometry": { "type": "Point", "coordinates": [ 654016.185665474855341, 6860310.060253703966737 ] } },
{ "type": "Feature", "properties": { "fid": 13912, "PREFIXE 1": "QUAI", "PREFIXE 2": "DE LA", "NOM_RUE": "RAPÉE", "NUMERO TXT": "55", "NOM_SAISI": "QUAI DE LA RAPÉE", "NOM_NOTE": "Quay de la Rapée", "EXP_GEO": 1, "INTERP": 0, "NUMEROTATI": 1, "NUM_QUART": 30 }, "geometry": { "type": "Point", "coordinates": [ 654033.588310984661803, 6860295.734878429211676 ] } },
{ "type": "Feature", "properties": { "fid": 13913, "PREFIXE 1": "QUAI", "PREFIXE 2": "DE LA", "NOM_RUE": "RAPÉE", "NUMERO TXT": "57", "NOM_SAISI": "QUAI DE LA RAPÉE", "NOM_NOTE": "Quay de la Rapée", "EXP_GEO": 1, "INTERP": 0, "NUMEROTATI": 1, "NUM_QUART": 30 }, "geometry": { "type": "Point", "coordinates": [ 654045.399503513821401, 6860286.972118638455868 ] } },
{ "type": "Feature", "properties": { "fid": 13914, "PREFIXE 1": "QUAI", "PREFIXE 2": "DE LA", "NOM_RUE": "RAPÉE", "NUMERO TXT": "59", "NOM_SAISI": "QUAI DE LA RAPÉE", "NOM_NOTE": "Quay de la Rapée", "EXP_GEO": 1, "INTERP": 0, "NUMEROTATI": 1, "NUM_QUART": 30 }, "geometry": { "type": "Point", "coordinates": [ 654061.83651830686722, 6860261.384211888536811 ] } },
{ "type": "Feature", "properties": { "fid": 13915, "PREFIXE 1": "QUAI", "PREFIXE 2": "DE LA", "NOM_RUE": "RAPÉE", "NUMERO TXT": "61", "NOM_SAISI": "QUAI DE LA RAPÉE", "NOM_NOTE": "Quay de la Rapée", "EXP_GEO": 1, "INTERP": 0, "NUMEROTATI": 1, "NUM_QUART": 30 }, "geometry": { "type": "Point", "coordinates": [ 654082.605120625114068, 6860224.678109825588763 ] } },
{ "type": "Feature", "properties": { "fid": 13916, "PREFIXE 1": "QUAI", "PREFIXE 2": "DE LA", "NOM_RUE": "RAPÉE", "NUMERO TXT": "63", "NOM_SAISI": "QUAI DE LA RAPÉE", "NOM_NOTE": "Quay de la Rapée", "EXP_GEO": 1, "INTERP": 0, "NUMEROTATI": 1, "NUM_QUART": 30 }, "geometry": { "type": "Point", "coordinates": [ 654088.878081142785959, 6860212.571110065095127 ] } },
{ "type": "Feature", "properties": { "fid": 13917, "PREFIXE 1": "QUAI", "PREFIXE 2": "DE LA", "NOM_RUE": "RAPÉE", "NUMERO TXT": "65", "NOM_SAISI": "QUAI DE LA RAPÉE", "NOM_NOTE": "Quay de la Rapée", "EXP_GEO": 1, "INTERP": 0, "NUMEROTATI": 1, "NUM_QUART": 30 }, "geometry": { "type": "Point", "coordinates": [ 654101.28378691978287, 6860191.714096480049193 ] } },
{ "type": "Feature", "properties": { "fid": 13918, "PREFIXE 1": "QUAI", "PREFIXE 2": "DE LA", "NOM_RUE": "RAPÉE", "NUMERO TXT": "67", "NOM_SAISI": "QUAI DE LA RAPÉE", "NOM_NOTE": "Quay de la Rapée", "EXP_GEO": 1, "INTERP": 0, "NUMEROTATI": 1, "NUM_QUART": 30 }, "geometry": { "type": "Point", "coordinates": [ 654110.874724387773313, 6860178.589349755086005 ] } },
{ "type": "Feature", "properties": { "fid": 13919, "PREFIXE 1": "QUAI", "PREFIXE 2": "DE LA", "NOM_RUE": "RAPÉE", "NUMERO TXT": "69", "NOM_SAISI": "QUAI DE LA RAPÉE", "NOM_NOTE": "Quay de la Rapée", "EXP_GEO": 1, "INTERP": 0, "NUMEROTATI": 1, "NUM_QUART": 30 }, "geometry": { "type": "Point", "coordinates": [ 654123.700906678102911, 6860159.299792400561273 ] } },
{ "type": "Feature", "properties": { "fid": 13920, "PREFIXE 1": "QUAI", "PREFIXE 2": "DE LA", "NOM_RUE": "RAPÉE", "NUMERO TXT": "71", "NOM_SAISI": "QUAI DE LA RAPÉE", "NOM_NOTE": "Quay de la Rapée", "EXP_GEO": 1, "INTERP": 0, "NUMEROTATI": 1, "NUM_QUART": 30 }, "geometry": { "type": "Point", "coordinates": [ 654135.605270267114975, 6860143.576419455930591 ] } },
{ "type": "Feature", "properties": { "fid": 13921, "PREFIXE 1": "QUAI", "PREFIXE 2": "DE LA", "NOM_RUE": "RAPÉE", "NUMERO TXT": "73", "NOM_SAISI": "QUAI DE LA RAPÉE", "NOM_NOTE": "Quay de la Rapée", "EXP_GEO": 1, "INTERP": 0, "NUMEROTATI": 1, "NUM_QUART": 30 }, "geometry": { "type": "Point", "coordinates": [ 654149.378198021207936, 6860134.385567067191005 ] } },
{ "type": "Feature", "properties": { "fid": 13922, "PREFIXE 1": "QUAI", "PREFIXE 2": "DE LA", "NOM_RUE": "RAPÉE", "NUMERO TXT": "75", "NOM_SAISI": "QUAI DE LA RAPÉE", "NOM_NOTE": "Quay de la Rapée", "EXP_GEO": 1, "INTERP": 0, "NUMEROTATI": 1, "NUM_QUART": 30 }, "geometry": { "type": "Point", "coordinates": [ 654161.542803884716704, 6860110.11954974476248 ] } },
{ "type": "Feature", "properties": { "fid": 13923, "PREFIXE 1": "QUAI", "PREFIXE 2": "DE LA", "NOM_RUE": "RAPÉE", "NUMERO TXT": "77", "NOM_SAISI": "QUAI DE LA RAPÉE", "NOM_NOTE": "Quay de la Rapée", "EXP_GEO": 1, "INTERP": 0, "NUMEROTATI": 1, "NUM_QUART": 30 }, "geometry": { "type": "Point", "coordinates": [ 654171.300883930642158, 6860094.787178622558713 ] } },
{ "type": "Feature", "properties": { "fid": 13924, "PREFIXE 1": "QUAI", "PREFIXE 2": "DE LA", "NOM_RUE": "RAPÉE", "NUMERO TXT": "79", "NOM_SAISI": "QUAI DE LA RAPÉE", "NOM_NOTE": "Quay de la Rapée", "EXP_GEO": 1, "INTERP": 0, "NUMEROTATI": 1, "NUM_QUART": 30 }, "geometry": { "type": "Point", "coordinates": [ 654175.701087621506304, 6860087.816316429525614 ] } },
{ "type": "Feature", "properties": { "fid": 13925, "PREFIXE 1": "QUAI", "PREFIXE 2": "DE LA", "NOM_RUE": "RAPÉE", "NUMERO TXT": "81", "NOM_SAISI": "QUAI DE LA RAPÉE", "NOM_NOTE": "Quay de la Rapée", "EXP_GEO": 1, "INTERP": 0, "NUMEROTATI": 1, "NUM_QUART": 30 }, "geometry": { "type": "Point", "coordinates": [ 654189.864726292318664, 6860065.700529725290835 ] } },
{ "type": "Feature", "properties": { "fid": 13926, "PREFIXE 1": "RUE", "PREFIXE 2": null, "NOM_RUE": "TRAVERSIÈRE-SAINT-ANTOINE", "NUMERO TXT": "1", "NOM_SAISI": "RUE TRAVERSIÈRE-SAINT-ANTOINE", "NOM_NOTE": "Rue Traversiere", "EXP_GEO": 1, "INTERP": 0, "NUMEROTATI": 1, "NUM_QUART": 30 }, "geometry": { "type": "Point", "coordinates": [ 653839.917149465647526, 6860856.941836357116699 ] } },
{ "type": "Feature", "properties": { "fid": 13927, "PREFIXE 1": "RUE", "PREFIXE 2": null, "NOM_RUE": "TRAVERSIÈRE-SAINT-ANTOINE", "NUMERO TXT": "3", "NOM_SAISI": "RUE TRAVERSIÈRE-SAINT-ANTOINE", "NOM_NOTE": "Rue Traversiere", "EXP_GEO": 1, "INTERP": 0, "NUMEROTATI": 1, "NUM_QUART": 30 }, "geometry": { "type": "Point", "coordinates": [ 653885.120812951819971, 6860904.19944656547159 ] } },
{ "type": "Feature", "properties": { "fid": 13928, "PREFIXE 1": "RUE", "PREFIXE 2": null, "NOM_RUE": "TRAVERSIÈRE-SAINT-ANTOINE", "NUMERO TXT": "5", "NOM_SAISI": "RUE TRAVERSIÈRE-SAINT-ANTOINE", "NOM_NOTE": "Rue Traversiere", "EXP_GEO": 1, "INTERP": 0, "NUMEROTATI": 1, "NUM_QUART": 30 }, "geometry": { "type": "Point", "coordinates": [ 653904.595784586621448, 6860922.986118087545037 ] } },
{ "type": "Feature", "properties": { "fid": 13929, "PREFIXE 1": "RUE", "PREFIXE 2": null, "NOM_RUE": "TRAVERSIÈRE-SAINT-ANTOINE", "NUMERO TXT": "7", "NOM_SAISI": "RUE TRAVERSIÈRE-SAINT-ANTOINE", "NOM_NOTE": "Rue Traversiere", "EXP_GEO": 1, "INTERP": 0, "NUMEROTATI": 1, "NUM_QUART": 30 }, "geometry": { "type": "Point", "coordinates": [ 653932.880247532622889, 6860954.824353376403451 ] } },
{ "type": "Feature", "properties": { "fid": 13930, "PREFIXE 1": "RUE", "PREFIXE 2": null, "NOM_RUE": "TRAVERSIÈRE-SAINT-ANTOINE", "NUMERO TXT": "9", "NOM_SAISI": "RUE TRAVERSIÈRE-SAINT-ANTOINE", "NOM_NOTE": "Rue Traversiere", "EXP_GEO": 1, "INTERP": 0, "NUMEROTATI": 1, "NUM_QUART": 30 }, "geometry": { "type": "Point", "coordinates": [ 654007.715014960849658, 6861028.609725535847247 ] } },
{ "type": "Feature", "properties": { "fid": 13931, "PREFIXE 1": "RUE", "PREFIXE 2": null, "NOM_RUE": "TRAVERSIÈRE-SAINT-ANTOINE", "NUMERO TXT": "11", "NOM_SAISI": "RUE TRAVERSIÈRE-SAINT-ANTOINE", "NOM_NOTE": "Rue Traversiere", "EXP_GEO": 1, "INTERP": 0, "NUMEROTATI": 1, "NUM_QUART": 30 }, "geometry": { "type": "Point", "coordinates": [ 654028.152345414273441, 6861049.413171777501702 ] } },
{ "type": "Feature", "properties": { "fid": 13932, "PREFIXE 1": "RUE", "PREFIXE 2": null, "NOM_RUE": "TRAVERSIÈRE-SAINT-ANTOINE", "NUMERO TXT": "13", "NOM_SAISI": "RUE TRAVERSIÈRE-SAINT-ANTOINE", "NOM_NOTE": "Rue Traversiere", "EXP_GEO": 1, "INTERP": 0, "NUMEROTATI": 1, "NUM_QUART": 30 }, "geometry": { "type": "Point", "coordinates": [ 654042.108663688530214, 6861067.955304025672376 ] } },
{ "type": "Feature", "properties": { "fid": 13933, "PREFIXE 1": "RUE", "PREFIXE 2": null, "NOM_RUE": "TRAVERSIÈRE-SAINT-ANTOINE", "NUMERO TXT": "15", "NOM_SAISI": "RUE TRAVERSIÈRE-SAINT-ANTOINE", "NOM_NOTE": "Rue Traversiere", "EXP_GEO": 1, "INTERP": 0, "NUMEROTATI": 1, "NUM_QUART": 30 }, "geometry": { "type": "Point", "coordinates": [ 654053.980861133313738, 6861090.546363158151507 ] } },
{ "type": "Feature", "properties": { "fid": 13934, "PREFIXE 1": "RUE", "PREFIXE 2": null, "NOM_RUE": "TRAVERSIÈRE-SAINT-ANTOINE", "NUMERO TXT": "2", "NOM_SAISI": "RUE TRAVERSIÈRE-SAINT-ANTOINE", "NOM_NOTE": "Rue Traversiere", "EXP_GEO": 1, "INTERP": 1, "NUMEROTATI": 1, "NUM_QUART": 30 }, "geometry": { "type": "Point", "coordinates": [ 653849.12987979548052, 6860841.015063618309796 ] } },
{ "type": "Feature", "properties": { "fid": 13935, "PREFIXE 1": "RUE", "PREFIXE 2": null, "NOM_RUE": "TRAVERSIÈRE-SAINT-ANTOINE", "NUMERO TXT": "20", "NOM_SAISI": "RUE TRAVERSIÈRE-SAINT-ANTOINE", "NOM_NOTE": "Rue Traversiere", "EXP_GEO": 1, "INTERP": 0, "NUMEROTATI": 1, "NUM_QUART": 30 }, "geometry": { "type": "Point", "coordinates": [ 654077.315082228044048, 6861098.769398853182793 ] } },
{ "type": "Feature", "properties": { "fid": 13936, "PREFIXE 1": "RUE", "PREFIXE 2": null, "NOM_RUE": "TRAVERSIÈRE-SAINT-ANTOINE", "NUMERO TXT": "22", "NOM_SAISI": "RUE TRAVERSIÈRE-SAINT-ANTOINE", "NOM_NOTE": "Rue Traversiere", "EXP_GEO": 1, "INTERP": 0, "NUMEROTATI": 1, "NUM_QUART": 30 }, "geometry": { "type": "Point", "coordinates": [ 654086.164457326056436, 6861115.790188501589 ] } },
{ "type": "Feature", "properties": { "fid": 13937, "PREFIXE 1": "RUE", "PREFIXE 2": null, "NOM_RUE": "TRAVERSIÈRE-SAINT-ANTOINE", "NUMERO TXT": "24", "NOM_SAISI": "RUE TRAVERSIÈRE-SAINT-ANTOINE", "NOM_NOTE": "Rue Traversiere", "EXP_GEO": 1, "INTERP": 0, "NUMEROTATI": 1, "NUM_QUART": 30 }, "geometry": { "type": "Point", "coordinates": [ 654091.795612456742674, 6861126.685705084353685 ] } },
{ "type": "Feature", "properties": { "fid": 13938, "PREFIXE 1": "RUE", "PREFIXE 2": null, "NOM_RUE": "TRAVERSIÈRE-SAINT-ANTOINE", "NUMERO TXT": "26", "NOM_SAISI": "RUE TRAVERSIÈRE-SAINT-ANTOINE", "NOM_NOTE": "Rue Traversiere", "EXP_GEO": 1, "INTERP": 0, "NUMEROTATI": 1, "NUM_QUART": 30 }, "geometry": { "type": "Point", "coordinates": [ 654100.658923003007658, 6861144.840263753198087 ] } },
{ "type": "Feature", "properties": { "fid": 13939, "PREFIXE 1": "RUE", "PREFIXE 2": null, "NOM_RUE": "TRAVERSIÈRE-SAINT-ANTOINE", "NUMERO TXT": "17", "NOM_SAISI": "RUE TRAVERSIÈRE-SAINT-ANTOINE", "NOM_NOTE": "Rue Traversiere", "EXP_GEO": 1, "INTERP": 0, "NUMEROTATI": 1, "NUM_QUART": 30 }, "geometry": { "type": "Point", "coordinates": [ 654123.799592212541029, 6861225.794381340034306 ] } },
{ "type": "Feature", "properties": { "fid": 13940, "PREFIXE 1": "RUE", "PREFIXE 2": null, "NOM_RUE": "TRAVERSIÈRE-SAINT-ANTOINE", "NUMERO TXT": "19", "NOM_SAISI": "RUE TRAVERSIÈRE-SAINT-ANTOINE", "NOM_NOTE": "Rue Traversiere", "EXP_GEO": 1, "INTERP": 0, "NUMEROTATI": 1, "NUM_QUART": 30 }, "geometry": { "type": "Point", "coordinates": [ 654136.917251290054992, 6861250.473972751758993 ] } },
{ "type": "Feature", "properties": { "fid": 13941, "PREFIXE 1": "RUE", "PREFIXE 2": null, "NOM_RUE": "TRAVERSIÈRE-SAINT-ANTOINE", "NUMERO TXT": "21", "NOM_SAISI": "RUE TRAVERSIÈRE-SAINT-ANTOINE", "NOM_NOTE": "Rue Traversiere", "EXP_GEO": 1, "INTERP": 0, "NUMEROTATI": 1, "NUM_QUART": 30 }, "geometry": { "type": "Point", "coordinates": [ 654148.565786893945187, 6861274.941207010298967 ] } },
{ "type": "Feature", "properties": { "fid": 13942, "PREFIXE 1": "RUE", "PREFIXE 2": null, "NOM_RUE": "TRAVERSIÈRE-SAINT-ANTOINE", "NUMERO TXT": "30", "NOM_SAISI": "RUE TRAVERSIÈRE-SAINT-ANTOINE", "NOM_NOTE": "Rue Traversiere", "EXP_GEO": 1, "INTERP": 0, "NUMEROTATI": 1, "NUM_QUART": 30 }, "geometry": { "type": "Point", "coordinates": [ 654129.912516751675867, 6861202.940073118545115 ] } },
{ "type": "Feature", "properties": { "fid": 13943, "PREFIXE 1": "RUE", "PREFIXE 2": null, "NOM_RUE": "TRAVERSIÈRE-SAINT-ANTOINE", "NUMERO TXT": "32", "NOM_SAISI": "RUE TRAVERSIÈRE-SAINT-ANTOINE", "NOM_NOTE": "Rue Traversiere", "EXP_GEO": 1, "INTERP": 0, "NUMEROTATI": 1, "NUM_QUART": 30 }, "geometry": { "type": "Point", "coordinates": [ 654133.598832047311589, 6861211.73080627899617 ] } },
{ "type": "Feature", "properties": { "fid": 13944, "PREFIXE 1": "RUE", "PREFIXE 2": null, "NOM_RUE": "TRAVERSIÈRE-SAINT-ANTOINE", "NUMERO TXT": "34", "NOM_SAISI": "RUE TRAVERSIÈRE-SAINT-ANTOINE", "NOM_NOTE": "Rue Traversiere", "EXP_GEO": 1, "INTERP": 0, "NUMEROTATI": 1, "NUM_QUART": 30 }, "geometry": { "type": "Point", "coordinates": [ 654138.366455425042659, 6861222.969949404709041 ] } },
{ "type": "Feature", "properties": { "fid": 13945, "PREFIXE 1": "RUE", "PREFIXE 2": null, "NOM_RUE": "TRAVERSIÈRE-SAINT-ANTOINE", "NUMERO TXT": "36", "NOM_SAISI": "RUE TRAVERSIÈRE-SAINT-ANTOINE", "NOM_NOTE": "Rue Traversiere", "EXP_GEO": 1, "INTERP": 0, "NUMEROTATI": 1, "NUM_QUART": 30 }, "geometry": { "type": "Point", "coordinates": [ 654144.378749056253582, 6861233.780656799674034 ] } },
{ "type": "Feature", "properties": { "fid": 13946, "PREFIXE 1": "RUE", "PREFIXE 2": null, "NOM_RUE": "TRAVERSIÈRE-SAINT-ANTOINE", "NUMERO TXT": "38", "NOM_SAISI": "RUE TRAVERSIÈRE-SAINT-ANTOINE", "NOM_NOTE": "Rue Traversiere", "EXP_GEO": 1, "INTERP": 0, "NUMEROTATI": 1, "NUM_QUART": 30 }, "geometry": { "type": "Point", "coordinates": [ 654149.324396106763743, 6861243.162789194844663 ] } },
{ "type": "Feature", "properties": { "fid": 13947, "PREFIXE 1": "RUE", "PREFIXE 2": null, "NOM_RUE": "TRAVERSIÈRE-SAINT-ANTOINE", "NUMERO TXT": "40", "NOM_SAISI": "RUE TRAVERSIÈRE-SAINT-ANTOINE", "NOM_NOTE": "Rue Traversiere", "EXP_GEO": 1, "INTERP": 0, "NUMEROTATI": 1, "NUM_QUART": 30 }, "geometry": { "type": "Point", "coordinates": [ 654153.011118231574073, 6861252.145076845772564 ] } },
{ "type": "Feature", "properties": { "fid": 13948, "PREFIXE 1": "RUE", "PREFIXE 2": null, "NOM_RUE": "TRAVERSIÈRE-SAINT-ANTOINE", "NUMERO TXT": "42", "NOM_SAISI": "RUE TRAVERSIÈRE-SAINT-ANTOINE", "NOM_NOTE": "Rue Traversiere", "EXP_GEO": 1, "INTERP": 0, "NUMEROTATI": 1, "NUM_QUART": 30 }, "geometry": { "type": "Point", "coordinates": [ 654157.307243665796705, 6861260.092979626730084 ] } },
{ "type": "Feature", "properties": { "fid": 13949, "PREFIXE 1": "RUE", "PREFIXE 2": null, "NOM_RUE": "TRAVERSIÈRE-SAINT-ANTOINE", "NUMERO TXT": "44", "NOM_SAISI": "RUE TRAVERSIÈRE-SAINT-ANTOINE", "NOM_NOTE": "Rue Traversiere", "EXP_GEO": 1, "INTERP": 0, "NUMEROTATI": 1, "NUM_QUART": 30 }, "geometry": { "type": "Point", "coordinates": [ 654162.051569447619841, 6861270.082415570504963 ] } },
{ "type": "Feature", "properties": { "fid": 13950, "PREFIXE 1": "RUE", "PREFIXE 2": null, "NOM_RUE": "TRAVERSIÈRE-SAINT-ANTOINE", "NUMERO TXT": "46", "NOM_SAISI": "RUE TRAVERSIÈRE-SAINT-ANTOINE", "NOM_NOTE": "Rue Traversiere", "EXP_GEO": 1, "INTERP": 0, "NUMEROTATI": 1, "NUM_QUART": 30 }, "geometry": { "type": "Point", "coordinates": [ 654165.306665777810849, 6861278.240934767760336 ] } },
{ "type": "Feature", "properties": { "fid": 13951, "PREFIXE 1": "RUE", "PREFIXE 2": null, "NOM_RUE": "TRAVERSIÈRE-SAINT-ANTOINE", "NUMERO TXT": "48", "NOM_SAISI": "RUE TRAVERSIÈRE-SAINT-ANTOINE", "NOM_NOTE": "Rue Traversiere", "EXP_GEO": 1, "INTERP": 0, "NUMEROTATI": 1, "NUM_QUART": 30 }, "geometry": { "type": "Point", "coordinates": [ 654168.754107992281206, 6861285.371045457199216 ] } },
{ "type": "Feature", "properties": { "fid": 13952, "PREFIXE 1": "RUE", "PREFIXE 2": null, "NOM_RUE": "TRAVERSIÈRE-SAINT-ANTOINE", "NUMERO TXT": "50", "NOM_SAISI": "RUE TRAVERSIÈRE-SAINT-ANTOINE", "NOM_NOTE": "Rue Traversiere", "EXP_GEO": 1, "INTERP": 0, "NUMEROTATI": 1, "NUM_QUART": 30 }, "geometry": { "type": "Point", "coordinates": [ 654172.848759999033064, 6861293.925058176741004 ] } },
{ "type": "Feature", "properties": { "fid": 13953, "PREFIXE 1": "RUE", "PREFIXE 2": null, "NOM_RUE": "TRAVERSIÈRE-SAINT-ANTOINE", "NUMERO TXT": "52", "NOM_SAISI": "RUE TRAVERSIÈRE-SAINT-ANTOINE", "NOM_NOTE": "Rue Traversiere", "EXP_GEO": 1, "INTERP": 0, "NUMEROTATI": 1, "NUM_QUART": 30 }, "geometry": { "type": "Point", "coordinates": [ 654179.716256585437804, 6861306.53824616689235 ] } },
{ "type": "Feature", "properties": { "fid": 13954, "PREFIXE 1": "RUE", "PREFIXE 2": null, "NOM_RUE": "TRAVERSIÈRE-SAINT-ANTOINE", "NUMERO TXT": "54", "NOM_SAISI": "RUE TRAVERSIÈRE-SAINT-ANTOINE", "NOM_NOTE": "Rue Traversiere", "EXP_GEO": 1, "INTERP": 0, "NUMEROTATI": 1, "NUM_QUART": 30 }, "geometry": { "type": "Point", "coordinates": [ 654186.600935149122961, 6861320.372061885893345 ] } },
{ "type": "Feature", "properties": { "fid": 13955, "PREFIXE 1": "RUE", "PREFIXE 2": null, "NOM_RUE": "TRAVERSIÈRE-SAINT-ANTOINE", "NUMERO TXT": "56", "NOM_SAISI": "RUE TRAVERSIÈRE-SAINT-ANTOINE", "NOM_NOTE": "Rue Traversiere", "EXP_GEO": 1, "INTERP": 0, "NUMEROTATI": 1, "NUM_QUART": 30 }, "geometry": { "type": "Point", "coordinates": [ 654192.214503491879441, 6861332.986125838011503 ] } },
{ "type": "Feature", "properties": { "fid": 13956, "PREFIXE 1": "RUE", "PREFIXE 2": null, "NOM_RUE": "TRAVERSIÈRE-SAINT-ANTOINE", "NUMERO TXT": "23", "NOM_SAISI": "RUE TRAVERSIÈRE-SAINT-ANTOINE", "NOM_NOTE": "Rue Traversiere", "EXP_GEO": 1, "INTERP": 0, "NUMEROTATI": 1, "NUM_QUART": 30 }, "geometry": { "type": "Point", "coordinates": [ 654157.188298909924924, 6861292.868368087336421 ] } },
{ "type": "Feature", "properties": { "fid": 13957, "PREFIXE 1": "RUE", "PREFIXE 2": null, "NOM_RUE": "TRAVERSIÈRE-SAINT-ANTOINE", "NUMERO TXT": "25", "NOM_SAISI": "RUE TRAVERSIÈRE-SAINT-ANTOINE", "NOM_NOTE": "Rue Traversiere", "EXP_GEO": 1, "INTERP": 0, "NUMEROTATI": 1, "NUM_QUART": 30 }, "geometry": { "type": "Point", "coordinates": [ 654164.686630346346647, 6861305.680377140641212 ] } },
{ "type": "Feature", "properties": { "fid": 13958, "PREFIXE 1": "RUE", "PREFIXE 2": null, "NOM_RUE": "TRAVERSIÈRE-SAINT-ANTOINE", "NUMERO TXT": "27", "NOM_SAISI": "RUE TRAVERSIÈRE-SAINT-ANTOINE", "NOM_NOTE": "Rue Traversiere", "EXP_GEO": 1, "INTERP": 0, "NUMEROTATI": 1, "NUM_QUART": 30 }, "geometry": { "type": "Point", "coordinates": [ 654167.311874428996816, 6861313.630682270042598 ] } },
{ "type": "Feature", "properties": { "fid": 13959, "PREFIXE 1": "RUE", "PREFIXE 2": null, "NOM_RUE": "TRAVERSIÈRE-SAINT-ANTOINE", "NUMERO TXT": "29", "NOM_SAISI": "RUE TRAVERSIÈRE-SAINT-ANTOINE", "NOM_NOTE": "Rue Traversiere", "EXP_GEO": 1, "INTERP": 0, "NUMEROTATI": 1, "NUM_QUART": 30 }, "geometry": { "type": "Point", "coordinates": [ 654171.822751071769744, 6861322.171244753524661 ] } },
{ "type": "Feature", "properties": { "fid": 13960, "PREFIXE 1": "RUE", "PREFIXE 2": null, "NOM_RUE": "TRAVERSIÈRE-SAINT-ANTOINE", "NUMERO TXT": "31", "NOM_SAISI": "RUE TRAVERSIÈRE-SAINT-ANTOINE", "NOM_NOTE": "Rue Traversiere", "EXP_GEO": 1, "INTERP": 0, "NUMEROTATI": 1, "NUM_QUART": 30 }, "geometry": { "type": "Point", "coordinates": [ 654175.078876447165385, 6861330.518471135757864 ] } },
{ "type": "Feature", "properties": { "fid": 13961, "PREFIXE 1": "RUE", "PREFIXE 2": null, "NOM_RUE": "TRAVERSIÈRE-SAINT-ANTOINE", "NUMERO TXT": "33", "NOM_SAISI": "RUE TRAVERSIÈRE-SAINT-ANTOINE", "NOM_NOTE": "Rue Traversiere", "EXP_GEO": 1, "INTERP": 0, "NUMEROTATI": 1, "NUM_QUART": 30 }, "geometry": { "type": "Point", "coordinates": [ 654178.944307247991674, 6861337.834358782507479 ] } },
{ "type": "Feature", "properties": { "fid": 13962, "PREFIXE 1": "RUE", "PREFIXE 2": null, "NOM_RUE": "TRAVERSIÈRE-SAINT-ANTOINE", "NUMERO TXT": "35", "NOM_SAISI": "RUE TRAVERSIÈRE-SAINT-ANTOINE", "NOM_NOTE": "Rue Traversiere", "EXP_GEO": 1, "INTERP": 0, "NUMEROTATI": 1, "NUM_QUART": 30 }, "geometry": { "type": "Point", "coordinates": [ 654182.818602144252509, 6861345.761047531850636 ] } },
{ "type": "Feature", "properties": { "fid": 13963, "PREFIXE 1": "RUE", "PREFIXE 2": null, "NOM_RUE": "TRAVERSIÈRE-SAINT-ANTOINE", "NUMERO TXT": "37", "NOM_SAISI": "RUE TRAVERSIÈRE-SAINT-ANTOINE", "NOM_NOTE": "Rue Traversiere", "EXP_GEO": 1, "INTERP": 0, "NUMEROTATI": 1, "NUM_QUART": 30 }, "geometry": { "type": "Point", "coordinates": [ 654185.413636921904981, 6861351.861152895726264 ] } },
{ "type": "Feature", "properties": { "fid": 13964, "PREFIXE 1": "RUE", "PREFIXE 2": null, "NOM_RUE": "TRAVERSIÈRE-SAINT-ANTOINE", "NUMERO TXT": "39", "NOM_SAISI": "RUE TRAVERSIÈRE-SAINT-ANTOINE", "NOM_NOTE": "Rue Traversiere", "EXP_GEO": 1, "INTERP": 0, "NUMEROTATI": 1, "NUM_QUART": 30 }, "geometry": { "type": "Point", "coordinates": [ 654188.649261153652333, 6861358.973812957294285 ] } },
{ "type": "Feature", "properties": { "fid": 13965, "PREFIXE 1": "RUE", "PREFIXE 2": null, "NOM_RUE": "TRAVERSIÈRE-SAINT-ANTOINE", "NUMERO TXT": "41", "NOM_SAISI": "RUE TRAVERSIÈRE-SAINT-ANTOINE", "NOM_NOTE": "Rue Traversiere", "EXP_GEO": 1, "INTERP": 0, "NUMEROTATI": 1, "NUM_QUART": 30 }, "geometry": { "type": "Point", "coordinates": [ 654192.534583802334964, 6861367.710568972863257 ] } },
{ "type": "Feature", "properties": { "fid": 13966, "PREFIXE 1": "RUE", "PREFIXE 2": null, "NOM_RUE": "TRAVERSIÈRE-SAINT-ANTOINE", "NUMERO TXT": "43", "NOM_SAISI": "RUE TRAVERSIÈRE-SAINT-ANTOINE", "NOM_NOTE": "Rue Traversiere", "EXP_GEO": 1, "INTERP": 0, "NUMEROTATI": 1, "NUM_QUART": 30 }, "geometry": { "type": "Point", "coordinates": [ 654199.411131552536972, 6861381.308530834503472 ] } },
{ "type": "Feature", "properties": { "fid": 13967, "PREFIXE 1": "RUE", "PREFIXE 2": null, "NOM_RUE": "TRAVERSIÈRE-SAINT-ANTOINE", "NUMERO TXT": "45", "NOM_SAISI": "RUE TRAVERSIÈRE-SAINT-ANTOINE", "NOM_NOTE": "Rue Traversiere", "EXP_GEO": 1, "INTERP": 0, "NUMEROTATI": 1, "NUM_QUART": 30 }, "geometry": { "type": "Point", "coordinates": [ 654203.512498887488618, 6861390.647289146669209 ] } },
{ "type": "Feature", "properties": { "fid": 13968, "PREFIXE 1": "RUE", "PREFIXE 2": null, "NOM_RUE": "TRAVERSIÈRE-SAINT-ANTOINE", "NUMERO TXT": "47", "NOM_SAISI": "RUE TRAVERSIÈRE-SAINT-ANTOINE", "NOM_NOTE": "Rue Traversiere", "EXP_GEO": 1, "INTERP": 0, "NUMEROTATI": 1, "NUM_QUART": 30 }, "geometry": { "type": "Point", "coordinates": [ 654207.40176476968918, 6861399.781180958263576 ] } },
{ "type": "Feature", "properties": { "fid": 13969, "PREFIXE 1": "RUE", "PREFIXE 2": null, "NOM_RUE": "TRAVERSIÈRE-SAINT-ANTOINE", "NUMERO TXT": "49", "NOM_SAISI": "RUE TRAVERSIÈRE-SAINT-ANTOINE", "NOM_NOTE": "Rue Traversiere", "EXP_GEO": 1, "INTERP": 0, "NUMEROTATI": 1, "NUM_QUART": 30 }, "geometry": { "type": "Point", "coordinates": [ 654210.634656837559305, 6861406.880743306130171 ] } },
{ "type": "Feature", "properties": { "fid": 13970, "PREFIXE 1": "RUE", "PREFIXE 2": null, "NOM_RUE": "TRAVERSIÈRE-SAINT-ANTOINE", "NUMERO TXT": "58", "NOM_SAISI": "RUE TRAVERSIÈRE-SAINT-ANTOINE", "NOM_NOTE": "Rue Traversiere", "EXP_GEO": 1, "INTERP": 0, "NUMEROTATI": 1, "NUM_QUART": 30 }, "geometry": { "type": "Point", "coordinates": [ 654196.520327966660261, 6861341.930777345784009 ] } },
{ "type": "Feature", "properties": { "fid": 13971, "PREFIXE 1": "RUE", "PREFIXE 2": null, "NOM_RUE": "TRAVERSIÈRE-SAINT-ANTOINE", "NUMERO TXT": "60", "NOM_SAISI": "RUE TRAVERSIÈRE-SAINT-ANTOINE", "NOM_NOTE": "Rue Traversiere", "EXP_GEO": 1, "INTERP": 0, "NUMEROTATI": 1, "NUM_QUART": 30 }, "geometry": { "type": "Point", "coordinates": [ 654199.976274562766775, 6861349.860410233959556 ] } },
{ "type": "Feature", "properties": { "fid": 13972, "PREFIXE 1": "RUE", "PREFIXE 2": null, "NOM_RUE": "TRAVERSIÈRE-SAINT-ANTOINE", "NUMERO TXT": "62", "NOM_SAISI": "RUE TRAVERSIÈRE-SAINT-ANTOINE", "NOM_NOTE": "Rue Traversiere", "EXP_GEO": 1, "INTERP": 0, "NUMEROTATI": 1, "NUM_QUART": 30 }, "geometry": { "type": "Point", "coordinates": [ 654203.637062781723216, 6861357.581137365661561 ] } },
{ "type": "Feature", "properties": { "fid": 13973, "PREFIXE 1": "RUE", "PREFIXE 2": null, "NOM_RUE": "TRAVERSIÈRE-SAINT-ANTOINE", "NUMERO TXT": "64", "NOM_SAISI": "RUE TRAVERSIÈRE-SAINT-ANTOINE", "NOM_NOTE": "Rue Traversiere", "EXP_GEO": 1, "INTERP": 0, "NUMEROTATI": 1, "NUM_QUART": 30 }, "geometry": { "type": "Point", "coordinates": [ 654208.155622282647528, 6861366.923229494132102 ] } },
{ "type": "Feature", "properties": { "fid": 13974, "PREFIXE 1": "RUE", "PREFIXE 2": null, "NOM_RUE": "TRAVERSIÈRE-SAINT-ANTOINE", "NUMERO TXT": "66", "NOM_SAISI": "RUE TRAVERSIÈRE-SAINT-ANTOINE", "NOM_NOTE": "Rue Traversiere", "EXP_GEO": 1, "INTERP": 0, "NUMEROTATI": 1, "NUM_QUART": 30 }, "geometry": { "type": "Point", "coordinates": [ 654212.465061603928916, 6861376.264282381162047 ] } },
{ "type": "Feature", "properties": { "fid": 13975, "PREFIXE 1": "RUE", "PREFIXE 2": null, "NOM_RUE": "TRAVERSIÈRE-SAINT-ANTOINE", "NUMERO TXT": "68", "NOM_SAISI": "RUE TRAVERSIÈRE-SAINT-ANTOINE", "NOM_NOTE": "Rue Traversiere", "EXP_GEO": 1, "INTERP": 0, "NUMEROTATI": 1, "NUM_QUART": 30 }, "geometry": { "type": "Point", "coordinates": [ 654218.060751823009923, 6861388.035515299066901 ] } },
{ "type": "Feature", "properties": { "fid": 13976, "PREFIXE 1": "RUE", "PREFIXE 2": null, "NOM_RUE": "SAINT-NICOLAS-SAINT-ANTOINE", "NUMERO TXT": "2", "NOM_SAISI": "RUE SAINT-NICOLAS-SAINT-ANTOINE", "NOM_NOTE": "Rue St. Nicolas", "EXP_GEO": 1, "INTERP": 0, "NUMEROTATI": 1, "NUM_QUART": 30 }, "geometry": { "type": "Point", "coordinates": [ 654058.526772899436764, 6861306.5508749820292 ] } },
{ "type": "Feature", "properties": { "fid": 13977, "PREFIXE 1": "RUE", "PREFIXE 2": null, "NOM_RUE": "SAINT-NICOLAS-SAINT-ANTOINE", "NUMERO TXT": "4", "NOM_SAISI": "RUE SAINT-NICOLAS-SAINT-ANTOINE", "NOM_NOTE": "Rue St. Nicolas", "EXP_GEO": 1, "INTERP": 0, "NUMEROTATI": 1, "NUM_QUART": 30 }, "geometry": { "type": "Point", "coordinates": [ 654062.17226744024083, 6861315.293918560259044 ] } },
{ "type": "Feature", "properties": { "fid": 13978, "PREFIXE 1": "RUE", "PREFIXE 2": null, "NOM_RUE": "SAINT-NICOLAS-SAINT-ANTOINE", "NUMERO TXT": "6", "NOM_SAISI": "RUE SAINT-NICOLAS-SAINT-ANTOINE", "NOM_NOTE": "Rue St. Nicolas", "EXP_GEO": 1, "INTERP": 0, "NUMEROTATI": 1, "NUM_QUART": 30 }, "geometry": { "type": "Point", "coordinates": [ 654065.993486670544371, 6861322.886654742062092 ] } },
{ "type": "Feature", "properties": { "fid": 13979, "PREFIXE 1": "RUE", "PREFIXE 2": null, "NOM_RUE": "SAINT-NICOLAS-SAINT-ANTOINE", "NUMERO TXT": "8", "NOM_SAISI": "RUE SAINT-NICOLAS-SAINT-ANTOINE", "NOM_NOTE": "Rue St. Nicolas", "EXP_GEO": 1, "INTERP": 0, "NUMEROTATI": 1, "NUM_QUART": 30 }, "geometry": { "type": "Point", "coordinates": [ 654076.520616812165827, 6861348.141893042251468 ] } },
{ "type": "Feature", "properties": { "fid": 13980, "PREFIXE 1": "RUE", "PREFIXE 2": null, "NOM_RUE": "SAINT-NICOLAS-SAINT-ANTOINE", "NUMERO TXT": "10", "NOM_SAISI": "RUE SAINT-NICOLAS-SAINT-ANTOINE", "NOM_NOTE": "Rue St. Nicolas", "EXP_GEO": 1, "INTERP": 0, "NUMEROTATI": 1, "NUM_QUART": 30 }, "geometry": { "type": "Point", "coordinates": [ 654082.151883985730819, 6861359.516945696435869 ] } },
{ "type": "Feature", "properties": { "fid": 13981, "PREFIXE 1": "RUE", "PREFIXE 2": null, "NOM_RUE": "SAINT-NICOLAS-SAINT-ANTOINE", "NUMERO TXT": "12", "NOM_SAISI": "RUE SAINT-NICOLAS-SAINT-ANTOINE", "NOM_NOTE": "Rue St. Nicolas", "EXP_GEO": 1, "INTERP": 0, "NUMEROTATI": 1, "NUM_QUART": 30 }, "geometry": { "type": "Point", "coordinates": [ 654086.958306140149944, 6861368.038102477788925 ] } },
{ "type": "Feature", "properties": { "fid": 13982, "PREFIXE 1": "RUE", "PREFIXE 2": null, "NOM_RUE": "SAINT-NICOLAS-SAINT-ANTOINE", "NUMERO TXT": "14", "NOM_SAISI": "RUE SAINT-NICOLAS-SAINT-ANTOINE", "NOM_NOTE": "Rue St. Nicolas", "EXP_GEO": 1, "INTERP": 0, "NUMEROTATI": 1, "NUM_QUART": 30 }, "geometry": { "type": "Point", "coordinates": [ 654090.794245807803236, 6861376.758348454721272 ] } },
{ "type": "Feature", "properties": { "fid": 13983, "PREFIXE 1": "RUE", "PREFIXE 2": null, "NOM_RUE": "SAINT-NICOLAS-SAINT-ANTOINE", "NUMERO TXT": "16", "NOM_SAISI": "RUE SAINT-NICOLAS-SAINT-ANTOINE", "NOM_NOTE": "Rue St. Nicolas", "EXP_GEO": 1, "INTERP": 0, "NUMEROTATI": 1, "NUM_QUART": 30 }, "geometry": { "type": "Point", "coordinates": [ 654095.830009897937998, 6861387.556487096473575 ] } },
{ "type": "Feature", "properties": { "fid": 13984, "PREFIXE 1": "RUE", "PREFIXE 2": null, "NOM_RUE": "SAINT-NICOLAS-SAINT-ANTOINE", "NUMERO TXT": "18", "NOM_SAISI": "RUE SAINT-NICOLAS-SAINT-ANTOINE", "NOM_NOTE": "Rue St. Nicolas", "EXP_GEO": 1, "INTERP": 0, "NUMEROTATI": 1, "NUM_QUART": 30 }, "geometry": { "type": "Point", "coordinates": [ 654100.251183386542834, 6861396.453647901304066 ] } },
{ "type": "Feature", "properties": { "fid": 13985, "PREFIXE 1": "RUE", "PREFIXE 2": null, "NOM_RUE": "SAINT-NICOLAS-SAINT-ANTOINE", "NUMERO TXT": "20", "NOM_SAISI": "RUE SAINT-NICOLAS-SAINT-ANTOINE", "NOM_NOTE": "Rue St. Nicolas", "EXP_GEO": 1, "INTERP": 0, "NUMEROTATI": 1, "NUM_QUART": 30 }, "geometry": { "type": "Point", "coordinates": [ 654106.467157147591934, 6861408.181068086065352 ] } },
{ "type": "Feature", "properties": { "fid": 13986, "PREFIXE 1": "RUE", "PREFIXE 2": null, "NOM_RUE": "SAINT-NICOLAS-SAINT-ANTOINE", "NUMERO TXT": "22", "NOM_SAISI": "RUE SAINT-NICOLAS-SAINT-ANTOINE", "NOM_NOTE": "Rue St. Nicolas", "EXP_GEO": 1, "INTERP": 0, "NUMEROTATI": 1, "NUM_QUART": 30 }, "geometry": { "type": "Point", "coordinates": [ 654112.873312088428065, 6861419.710628636181355 ] } },
{ "type": "Feature", "properties": { "fid": 13987, "PREFIXE 1": "RUE", "PREFIXE 2": null, "NOM_RUE": "SAINT-NICOLAS-SAINT-ANTOINE", "NUMERO TXT": "24", "NOM_SAISI": "RUE SAINT-NICOLAS-SAINT-ANTOINE", "NOM_NOTE": "Rue St. Nicolas", "EXP_GEO": 1, "INTERP": 0, "NUMEROTATI": 1, "NUM_QUART": 30 }, "geometry": { "type": "Point", "coordinates": [ 654118.512269861879759, 6861432.00464641302824 ] } },
{ "type": "Feature", "properties": { "fid": 13988, "PREFIXE 1": "RUE", "PREFIXE 2": null, "NOM_RUE": "SAINT-NICOLAS-SAINT-ANTOINE", "NUMERO TXT": "1", "NOM_SAISI": "RUE SAINT-NICOLAS-SAINT-ANTOINE", "NOM_NOTE": "Rue St. Nicolas", "EXP_GEO": 1, "INTERP": 0, "NUMEROTATI": 1, "NUM_QUART": 30 }, "geometry": { "type": "Point", "coordinates": [ 654049.616910367272794, 6861321.549728605896235 ] } },
{ "type": "Feature", "properties": { "fid": 13989, "PREFIXE 1": "RUE", "PREFIXE 2": null, "NOM_RUE": "SAINT-NICOLAS-SAINT-ANTOINE", "NUMERO TXT": "3", "NOM_SAISI": "RUE SAINT-NICOLAS-SAINT-ANTOINE", "NOM_NOTE": "Rue St. Nicolas", "EXP_GEO": 1, "INTERP": 0, "NUMEROTATI": 1, "NUM_QUART": 30 }, "geometry": { "type": "Point", "coordinates": [ 654055.264655644074082, 6861333.700225185602903 ] } },
{ "type": "Feature", "properties": { "fid": 13990, "PREFIXE 1": "RUE", "PREFIXE 2": null, "NOM_RUE": "SAINT-NICOLAS-SAINT-ANTOINE", "NUMERO TXT": "5", "NOM_SAISI": "RUE SAINT-NICOLAS-SAINT-ANTOINE", "NOM_NOTE": "Rue St. Nicolas", "EXP_GEO": 1, "INTERP": 0, "NUMEROTATI": 1, "NUM_QUART": 30 }, "geometry": { "type": "Point", "coordinates": [ 654065.327701561502181, 6861354.185057618655264 ] } },
{ "type": "Feature", "properties": { "fid": 13991, "PREFIXE 1": "RUE", "PREFIXE 2": null, "NOM_RUE": "SAINT-NICOLAS-SAINT-ANTOINE", "NUMERO TXT": "7", "NOM_SAISI": "RUE SAINT-NICOLAS-SAINT-ANTOINE", "NOM_NOTE": "Rue St. Nicolas", "EXP_GEO": 1, "INTERP": 0, "NUMEROTATI": 1, "NUM_QUART": 30 }, "geometry": { "type": "Point", "coordinates": [ 654075.396249811863527, 6861375.225244956091046 ] } },
{ "type": "Feature", "properties": { "fid": 13992, "PREFIXE 1": "RUE", "PREFIXE 2": null, "NOM_RUE": "SAINT-NICOLAS-SAINT-ANTOINE", "NUMERO TXT": "9", "NOM_SAISI": "RUE SAINT-NICOLAS-SAINT-ANTOINE", "NOM_NOTE": "Rue St. Nicolas", "EXP_GEO": 1, "INTERP": 0, "NUMEROTATI": 1, "NUM_QUART": 30 }, "geometry": { "type": "Point", "coordinates": [ 654083.810826674569398, 6861390.36498149484396 ] } },
{ "type": "Feature", "properties": { "fid": 13993, "PREFIXE 1": "RUE", "PREFIXE 2": null, "NOM_RUE": "SAINT-NICOLAS-SAINT-ANTOINE", "NUMERO TXT": "11", "NOM_SAISI": "RUE SAINT-NICOLAS-SAINT-ANTOINE", "NOM_NOTE": "Rue St. Nicolas", "EXP_GEO": 1, "INTERP": 0, "NUMEROTATI": 1, "NUM_QUART": 30 }, "geometry": { "type": "Point", "coordinates": [ 654087.28450995858293, 6861400.795865726657212 ] } },
{ "type": "Feature", "properties": { "fid": 13994, "PREFIXE 1": "RUE", "PREFIXE 2": null, "NOM_RUE": "SAINT-NICOLAS-SAINT-ANTOINE", "NUMERO TXT": "13", "NOM_SAISI": "RUE SAINT-NICOLAS-SAINT-ANTOINE", "NOM_NOTE": "Rue St. Nicolas", "EXP_GEO": 1, "INTERP": 0, "NUMEROTATI": 1, "NUM_QUART": 30 }, "geometry": { "type": "Point", "coordinates": [ 654090.314187118550763, 6861407.802432046271861 ] } },
{ "type": "Feature", "properties": { "fid": 13995, "PREFIXE 1": "RUE", "PREFIXE 2": null, "NOM_RUE": "SAINT-NICOLAS-SAINT-ANTOINE", "NUMERO TXT": "15", "NOM_SAISI": "RUE SAINT-NICOLAS-SAINT-ANTOINE", "NOM_NOTE": "Rue St. Nicolas", "EXP_GEO": 1, "INTERP": 0, "NUMEROTATI": 1, "NUM_QUART": 30 }, "geometry": { "type": "Point", "coordinates": [ 654093.914943764684722, 6861414.039192612282932 ] } },
{ "type": "Feature", "properties": { "fid": 13996, "PREFIXE 1": "RUE", "PREFIXE 2": null, "NOM_RUE": "SAINT-NICOLAS-SAINT-ANTOINE", "NUMERO TXT": "17", "NOM_SAISI": "RUE SAINT-NICOLAS-SAINT-ANTOINE", "NOM_NOTE": "Rue St. Nicolas", "EXP_GEO": 1, "INTERP": 0, "NUMEROTATI": 1, "NUM_QUART": 30 }, "geometry": { "type": "Point", "coordinates": [ 654096.327267624204978, 6861418.957007363438606 ] } },
{ "type": "Feature", "properties": { "fid": 13997, "PREFIXE 1": "RUE", "PREFIXE 2": null, "NOM_RUE": "SAINT-NICOLAS-SAINT-ANTOINE", "NUMERO TXT": "19", "NOM_SAISI": "RUE SAINT-NICOLAS-SAINT-ANTOINE", "NOM_NOTE": "Rue St. Nicolas", "EXP_GEO": 1, "INTERP": 0, "NUMEROTATI": 1, "NUM_QUART": 30 }, "geometry": { "type": "Point", "coordinates": [ 654099.942354850238189, 6861426.14181892760098 ] } },
{ "type": "Feature", "properties": { "fid": 13998, "PREFIXE 1": "RUE", "PREFIXE 2": null, "NOM_RUE": "SAINT-NICOLAS-SAINT-ANTOINE", "NUMERO TXT": "21", "NOM_SAISI": "RUE SAINT-NICOLAS-SAINT-ANTOINE", "NOM_NOTE": "Rue St. Nicolas", "EXP_GEO": 1, "INTERP": 0, "NUMEROTATI": 1, "NUM_QUART": 30 }, "geometry": { "type": "Point", "coordinates": [ 654103.177049232064746, 6861433.899600081145763 ] } },
{ "type": "Feature", "properties": { "fid": 13999, "PREFIXE 1": "RUE", "PREFIXE 2": null, "NOM_RUE": "SAINT-NICOLAS-SAINT-ANTOINE", "NUMERO TXT": "23", "NOM_SAISI": "RUE SAINT-NICOLAS-SAINT-ANTOINE", "NOM_NOTE": "Rue St. Nicolas", "EXP_GEO": 1, "INTERP": 0, "NUMEROTATI": 1, "NUM_QUART": 30 }, "geometry": { "type": "Point", "coordinates": [ 654106.393334953812882, 6861440.514788650907576 ] } },
{ "type": "Feature", "properties": { "fid": 14000, "PREFIXE 1": "RUE", "PREFIXE 2": null, "NOM_RUE": "SAINT-NICOLAS-SAINT-ANTOINE", "NUMERO TXT": "25", "NOM_SAISI": "RUE SAINT-NICOLAS-SAINT-ANTOINE", "NOM_NOTE": "Rue St. Nicolas", "EXP_GEO": 1, "INTERP": 0, "NUMEROTATI": 1, "NUM_QUART": 30 }, "geometry": { "type": "Point", "coordinates": [ 654109.393868314102292, 6861445.800556914880872 ] } },
{ "type": "Feature", "properties": { "fid": 14001, "PREFIXE 1": "RUE", "PREFIXE 2": null, "NOM_RUE": "SAINT-NICOLAS-SAINT-ANTOINE", "NUMERO TXT": "27", "NOM_SAISI": "RUE SAINT-NICOLAS-SAINT-ANTOINE", "NOM_NOTE": "Rue St. Nicolas", "EXP_GEO": 1, "INTERP": 0, "NUMEROTATI": 1, "NUM_QUART": 30 }, "geometry": { "type": "Point", "coordinates": [ 654111.628332361928187, 6861451.854517243802547 ] } },
{ "type": "Feature", "properties": { "fid": 14002, "PREFIXE 1": "RUE", "PREFIXE 2": null, "NOM_RUE": "SAINT-NICOLAS-SAINT-ANTOINE", "NUMERO TXT": "26", "NOM_SAISI": "RUE SAINT-NICOLAS-SAINT-ANTOINE", "NOM_NOTE": "Rue St. Nicolas", "EXP_GEO": 1, "INTERP": 0, "NUMEROTATI": 1, "NUM_QUART": 30 }, "geometry": { "type": "Point", "coordinates": [ 654124.718426736420952, 6861443.335793423466384 ] } },
{ "type": "Feature", "properties": { "fid": 14003, "PREFIXE 1": "RUE", "PREFIXE 2": "DES", "NOM_RUE": "CHARBONNIERS-SAINT-ANTOINE", "NUMERO TXT": "1", "NOM_SAISI": "RUE DES CHARBONNIERS-SAINT-ANTOINE", "NOM_NOTE": "Rue des Charbonniers", "EXP_GEO": 1, "INTERP": 1, "NUMEROTATI": 1, "NUM_QUART": 30 }, "geometry": { "type": "Point", "coordinates": [ 654015.836108198738657, 6860669.850039683282375 ] } },
{ "type": "Feature", "properties": { "fid": 14004, "PREFIXE 1": "RUE", "PREFIXE 2": "DES", "NOM_RUE": "CHARBONNIERS-SAINT-ANTOINE", "NUMERO TXT": "15", "NOM_SAISI": "RUE DES CHARBONNIERS-SAINT-ANTOINE", "NOM_NOTE": "Rue des Charbonniers", "EXP_GEO": 1, "INTERP": 0, "NUMEROTATI": 1, "NUM_QUART": 30 }, "geometry": { "type": "Point", "coordinates": [ 654293.727005128748715, 6860955.599472709000111 ] } },
{ "type": "Feature", "properties": { "fid": 14005, "PREFIXE 1": "RUE", "PREFIXE 2": "DES", "NOM_RUE": "CHARBONNIERS-SAINT-ANTOINE", "NUMERO TXT": "17", "NOM_SAISI": "RUE DES CHARBONNIERS-SAINT-ANTOINE", "NOM_NOTE": "Rue des Charbonniers", "EXP_GEO": 1, "INTERP": 0, "NUMEROTATI": 1, "NUM_QUART": 30 }, "geometry": { "type": "Point", "coordinates": [ 654313.876700703753158, 6860976.93592313118279 ] } },
{ "type": "Feature", "properties": { "fid": 14006, "PREFIXE 1": "RUE", "PREFIXE 2": "D'", "NOM_RUE": "ALIGRE", "NUMERO TXT": "2", "NOM_SAISI": "RUE D'ALIGRE", "NOM_NOTE": "Rue d'Aligre", "EXP_GEO": 1, "INTERP": 0, "NUMEROTATI": 1, "NUM_QUART": 30 }, "geometry": { "type": "Point", "coordinates": [ 654308.9948938555317, 6861044.689050083979964 ] } },
{ "type": "Feature", "properties": { "fid": 14007, "PREFIXE 1": "RUE", "PREFIXE 2": "D'", "NOM_RUE": "ALIGRE", "NUMERO TXT": "4", "NOM_SAISI": "RUE D'ALIGRE", "NOM_NOTE": "Rue d'Aligre", "EXP_GEO": 1, "INTERP": 0, "NUMEROTATI": 1, "NUM_QUART": 30 }, "geometry": { "type": "Point", "coordinates": [ 654318.014536020811647, 6861062.497995746321976 ] } },
{ "type": "Feature", "properties": { "fid": 14008, "PREFIXE 1": "RUE", "PREFIXE 2": "D'", "NOM_RUE": "ALIGRE", "NUMERO TXT": "6", "NOM_SAISI": "RUE D'ALIGRE", "NOM_NOTE": "Rue d'Aligre", "EXP_GEO": 1, "INTERP": 0, "NUMEROTATI": 1, "NUM_QUART": 30 }, "geometry": { "type": "Point", "coordinates": [ 654326.011147163109854, 6861077.036947248503566 ] } },
{ "type": "Feature", "properties": { "fid": 14009, "PREFIXE 1": "RUE", "PREFIXE 2": "D'", "NOM_RUE": "ALIGRE", "NUMERO TXT": "8", "NOM_SAISI": "RUE D'ALIGRE", "NOM_NOTE": "Rue d'Aligre", "EXP_GEO": 1, "INTERP": 0, "NUMEROTATI": 1, "NUM_QUART": 30 }, "geometry": { "type": "Point", "coordinates": [ 654334.414193832199089, 6861092.908733127638698 ] } },
{ "type": "Feature", "properties": { "fid": 14010, "PREFIXE 1": "RUE", "PREFIXE 2": "D'", "NOM_RUE": "ALIGRE", "NUMERO TXT": "10", "NOM_SAISI": "RUE D'ALIGRE", "NOM_NOTE": "Rue d'Aligre", "EXP_GEO": 1, "INTERP": 0, "NUMEROTATI": 1, "NUM_QUART": 30 }, "geometry": { "type": "Point", "coordinates": [ 654344.801631812355481, 6861111.632255707867444 ] } },
{ "type": "Feature", "properties": { "fid": 14011, "PREFIXE 1": "RUE", "PREFIXE 2": "D'", "NOM_RUE": "ALIGRE", "NUMERO TXT": "12", "NOM_SAISI": "RUE D'ALIGRE", "NOM_NOTE": "Rue d'Aligre", "EXP_GEO": 1, "INTERP": 0, "NUMEROTATI": 1, "NUM_QUART": 30 }, "geometry": { "type": "Point", "coordinates": [ 654349.202220231294632, 6861120.036746977828443 ] } },
{ "type": "Feature", "properties": { "fid": 14012, "PREFIXE 1": "RUE", "PREFIXE 2": "D'", "NOM_RUE": "ALIGRE", "NUMERO TXT": "1", "NOM_SAISI": "RUE D'ALIGRE", "NOM_NOTE": "Rue d'Aligre", "EXP_GEO": 1, "INTERP": 0, "NUMEROTATI": 1, "NUM_QUART": 30 }, "geometry": { "type": "Point", "coordinates": [ 654299.848095810622908, 6861071.699197044596076 ] } },
{ "type": "Feature", "properties": { "fid": 14013, "PREFIXE 1": "RUE", "PREFIXE 2": "D'", "NOM_RUE": "ALIGRE", "NUMERO TXT": "3", "NOM_SAISI": "RUE D'ALIGRE", "NOM_NOTE": "Rue d'Aligre", "EXP_GEO": 1, "INTERP": 0, "NUMEROTATI": 1, "NUM_QUART": 30 }, "geometry": { "type": "Point", "coordinates": [ 654324.621939214412123, 6861115.656170467846096 ] } },
{ "type": "Feature", "properties": { "fid": 14014, "PREFIXE 1": "RUE", "PREFIXE 2": "D'", "NOM_RUE": "ALIGRE", "NUMERO TXT": "5", "NOM_SAISI": "RUE D'ALIGRE", "NOM_NOTE": "Rue d'Aligre", "EXP_GEO": 1, "INTERP": 0, "NUMEROTATI": 1, "NUM_QUART": 30 }, "geometry": { "type": "Point", "coordinates": [ 654330.460500775137916, 6861129.227219176478684 ] } },
{ "type": "Feature", "properties": { "fid": 14015, "PREFIXE 1": "RUE", "PREFIXE 2": null, "NOM_RUE": "TROUVÉE", "NUMERO TXT": "2", "NOM_SAISI": "RUE TROUVÉE", "NOM_NOTE": "Rue Trouvée", "EXP_GEO": 1, "INTERP": 0, "NUMEROTATI": 1, "NUM_QUART": 30 }, "geometry": { "type": "Point", "coordinates": [ 654270.871683325618505, 6861074.080049116164446 ] } },
{ "type": "Feature", "properties": { "fid": 14016, "PREFIXE 1": "RUE", "PREFIXE 2": null, "NOM_RUE": "TROUVÉE", "NUMERO TXT": "4", "NOM_SAISI": "RUE TROUVÉE", "NOM_NOTE": "Rue Trouvée", "EXP_GEO": 1, "INTERP": 0, "NUMEROTATI": 1, "NUM_QUART": 30 }, "geometry": { "type": "Point", "coordinates": [ 654279.551889244816266, 6861094.94966927357018 ] } },
{ "type": "Feature", "properties": { "fid": 14017, "PREFIXE 1": "RUE", "PREFIXE 2": null, "NOM_RUE": "TROUVÉE", "NUMERO TXT": "6", "NOM_SAISI": "RUE TROUVÉE", "NOM_NOTE": "Rue Trouvée", "EXP_GEO": 1, "INTERP": 0, "NUMEROTATI": 1, "NUM_QUART": 30 }, "geometry": { "type": "Point", "coordinates": [ 654301.42863833787851, 6861140.050137863494456 ] } },
{ "type": "Feature", "properties": { "fid": 14018, "PREFIXE 1": "RUE", "PREFIXE 2": null, "NOM_RUE": "TROUVÉE", "NUMERO TXT": "1", "NOM_SAISI": "RUE TROUVÉE", "NOM_NOTE": "Rue Trouvée", "EXP_GEO": 1, "INTERP": 0, "NUMEROTATI": 1, "NUM_QUART": 30 }, "geometry": { "type": "Point", "coordinates": [ 654259.798546065576375, 6861088.985278389416635 ] } },
{ "type": "Feature", "properties": { "fid": 14019, "PREFIXE 1": "RUE", "PREFIXE 2": "DE", "NOM_RUE": "COTTE", "NUMERO TXT": "3", "NOM_SAISI": "RUE DE COTTE", "NOM_NOTE": "Rue de Cotte", "EXP_GEO": 1, "INTERP": 0, "NUMEROTATI": 1, "NUM_QUART": 30 }, "geometry": { "type": "Point", "coordinates": [ 654309.086687065893784, 6861198.421986615285277 ] } },
{ "type": "Feature", "properties": { "fid": 14020, "PREFIXE 1": "RUE", "PREFIXE 2": "DE", "NOM_RUE": "COTTE", "NUMERO TXT": "5", "NOM_SAISI": "RUE DE COTTE", "NOM_NOTE": "Rue de Cotte", "EXP_GEO": 1, "INTERP": 0, "NUMEROTATI": 1, "NUM_QUART": 30 }, "geometry": { "type": "Point", "coordinates": [ 654316.909490233054385, 6861214.803707006387413 ] } },
{ "type": "Feature", "properties": { "fid": 14021, "PREFIXE 1": "RUE", "PREFIXE 2": "DE", "NOM_RUE": "COTTE", "NUMERO TXT": "7", "NOM_SAISI": "RUE DE COTTE", "NOM_NOTE": "Rue de Cotte", "EXP_GEO": 1, "INTERP": 0, "NUMEROTATI": 1, "NUM_QUART": 30 }, "geometry": { "type": "Point", "coordinates": [ 654323.311198186129332, 6861227.173613574355841 ] } },
{ "type": "Feature", "properties": { "fid": 14022, "PREFIXE 1": "RUE", "PREFIXE 2": "DE", "NOM_RUE": "COTTE", "NUMERO TXT": "9", "NOM_SAISI": "RUE DE COTTE", "NOM_NOTE": "Rue de Cotte", "EXP_GEO": 1, "INTERP": 0, "NUMEROTATI": 1, "NUM_QUART": 30 }, "geometry": { "type": "Point", "coordinates": [ 654330.349598819157109, 6861243.353920521214604 ] } },
{ "type": "Feature", "properties": { "fid": 14023, "PREFIXE 1": "RUE", "PREFIXE 2": "DE", "NOM_RUE": "COTTE", "NUMERO TXT": "11", "NOM_SAISI": "RUE DE COTTE", "NOM_NOTE": "Rue de Cotte", "EXP_GEO": 1, "INTERP": 0, "NUMEROTATI": 1, "NUM_QUART": 30 }, "geometry": { "type": "Point", "coordinates": [ 654337.955495727364905, 6861258.563589440658689 ] } },
{ "type": "Feature", "properties": { "fid": 14024, "PREFIXE 1": "RUE", "PREFIXE 2": "DE", "NOM_RUE": "COTTE", "NUMERO TXT": "13", "NOM_SAISI": "RUE DE COTTE", "NOM_NOTE": "Rue de Cotte", "EXP_GEO": 1, "INTERP": 0, "NUMEROTATI": 1, "NUM_QUART": 30 }, "geometry": { "type": "Point", "coordinates": [ 654344.979013691772707, 6861273.961060157977045 ] } },
{ "type": "Feature", "properties": { "fid": 14025, "PREFIXE 1": "RUE", "PREFIXE 2": "DE", "NOM_RUE": "COTTE", "NUMERO TXT": "15", "NOM_SAISI": "RUE DE COTTE", "NOM_NOTE": "Rue de Cotte", "EXP_GEO": 1, "INTERP": 0, "NUMEROTATI": 1, "NUM_QUART": 30 }, "geometry": { "type": "Point", "coordinates": [ 654355.987044132081792, 6861296.367889813147485 ] } },
{ "type": "Feature", "properties": { "fid": 14026, "PREFIXE 1": "RUE", "PREFIXE 2": "DE", "NOM_RUE": "COTTE", "NUMERO TXT": "2", "NOM_SAISI": "RUE DE COTTE", "NOM_NOTE": "Rue de Cotte", "EXP_GEO": 1, "INTERP": 0, "NUMEROTATI": 1, "NUM_QUART": 30 }, "geometry": { "type": "Point", "coordinates": [ 654342.983620406128466, 6861229.466629477217793 ] } },
{ "type": "Feature", "properties": { "fid": 14027, "PREFIXE 1": "RUE", "PREFIXE 2": "DE", "NOM_RUE": "COTTE", "NUMERO TXT": "4", "NOM_SAISI": "RUE DE COTTE", "NOM_NOTE": "Rue de Cotte", "EXP_GEO": 1, "INTERP": 0, "NUMEROTATI": 1, "NUM_QUART": 30 }, "geometry": { "type": "Point", "coordinates": [ 654354.789659453788772, 6861253.048668536357582 ] } },
{ "type": "Feature", "properties": { "fid": 14028, "PREFIXE 1": "RUE", "PREFIXE 2": "DE", "NOM_RUE": "COTTE", "NUMERO TXT": "6", "NOM_SAISI": "RUE DE COTTE", "NOM_NOTE": "Rue de Cotte", "EXP_GEO": 1, "INTERP": 0, "NUMEROTATI": 1, "NUM_QUART": 30 }, "geometry": { "type": "Point", "coordinates": [ 654364.029561238596216, 6861274.153368404135108 ] } },
{ "type": "Feature", "properties": { "fid": 14029, "PREFIXE 1": "RUE", "PREFIXE 2": "DE", "NOM_RUE": "COTTE", "NUMERO TXT": "8", "NOM_SAISI": "RUE DE COTTE", "NOM_NOTE": "Rue de Cotte", "EXP_GEO": 1, "INTERP": 0, "NUMEROTATI": 1, "NUM_QUART": 30 }, "geometry": { "type": "Point", "coordinates": [ 654371.623195766471326, 6861288.962583110667765 ] } },
{ "type": "Feature", "properties": { "fid": 14030, "PREFIXE 1": "RUE", "PREFIXE 2": "DE", "NOM_RUE": "COTTE", "NUMERO TXT": "10", "NOM_SAISI": "RUE DE COTTE", "NOM_NOTE": "Rue de Cotte", "EXP_GEO": 1, "INTERP": 0, "NUMEROTATI": 1, "NUM_QUART": 30 }, "geometry": { "type": "Point", "coordinates": [ 654377.415584349189885, 6861300.158298152498901 ] } },
{ "type": "Feature", "properties": { "fid": 14031, "PREFIXE 1": "RUE", "PREFIXE 2": "DE", "NOM_RUE": "COTTE", "NUMERO TXT": "12", "NOM_SAISI": "RUE DE COTTE", "NOM_NOTE": "Rue de Cotte", "EXP_GEO": 1, "INTERP": 0, "NUMEROTATI": 1, "NUM_QUART": 30 }, "geometry": { "type": "Point", "coordinates": [ 654384.79546944773756, 6861313.811157884076238 ] } },
{ "type": "Feature", "properties": { "fid": 14032, "PREFIXE 1": "RUE", "PREFIXE 2": "DE", "NOM_RUE": "COTTE", "NUMERO TXT": "17", "NOM_SAISI": "RUE DE COTTE", "NOM_NOTE": "Rue de Cotte", "EXP_GEO": 1, "INTERP": 0, "NUMEROTATI": 1, "NUM_QUART": 30 }, "geometry": { "type": "Point", "coordinates": [ 654365.223497828003019, 6861317.439147002063692 ] } },
{ "type": "Feature", "properties": { "fid": 14033, "PREFIXE 1": "RUE", "PREFIXE 2": "DE", "NOM_RUE": "COTTE", "NUMERO TXT": "19", "NOM_SAISI": "RUE DE COTTE", "NOM_NOTE": "Rue de Cotte", "EXP_GEO": 1, "INTERP": 0, "NUMEROTATI": 1, "NUM_QUART": 30 }, "geometry": { "type": "Point", "coordinates": [ 654369.234902868047357, 6861326.355069437995553 ] } },
{ "type": "Feature", "properties": { "fid": 14034, "PREFIXE 1": "RUE", "PREFIXE 2": "DE", "NOM_RUE": "COTTE", "NUMERO TXT": "21", "NOM_SAISI": "RUE DE COTTE", "NOM_NOTE": "Rue de Cotte", "EXP_GEO": 1, "INTERP": 0, "NUMEROTATI": 1, "NUM_QUART": 30 }, "geometry": { "type": "Point", "coordinates": [ 654372.83579958928749, 6861333.748297000303864 ] } },
{ "type": "Feature", "properties": { "fid": 14035, "PREFIXE 1": "RUE", "PREFIXE 2": "DE", "NOM_RUE": "COTTE", "NUMERO TXT": "23", "NOM_SAISI": "RUE DE COTTE", "NOM_NOTE": "Rue de Cotte", "EXP_GEO": 1, "INTERP": 0, "NUMEROTATI": 1, "NUM_QUART": 30 }, "geometry": { "type": "Point", "coordinates": [ 654377.018897659494542, 6861341.13346625585109 ] } },
{ "type": "Feature", "properties": { "fid": 14036, "PREFIXE 1": "RUE", "PREFIXE 2": "DE", "NOM_RUE": "COTTE", "NUMERO TXT": "14", "NOM_SAISI": "RUE DE COTTE", "NOM_NOTE": "Rue de Cotte", "EXP_GEO": 1, "INTERP": 0, "NUMEROTATI": 1, "NUM_QUART": 30 }, "geometry": { "type": "Point", "coordinates": [ 654390.391030893195421, 6861324.998041816055775 ] } },
{ "type": "Feature", "properties": { "fid": 14037, "PREFIXE 1": "RUE", "PREFIXE 2": "DE", "NOM_RUE": "COTTE", "NUMERO TXT": "16", "NOM_SAISI": "RUE DE COTTE", "NOM_NOTE": "Rue de Cotte", "EXP_GEO": 1, "INTERP": 0, "NUMEROTATI": 1, "NUM_QUART": 30 }, "geometry": { "type": "Point", "coordinates": [ 654395.405510185752064, 6861336.37638030666858 ] } },
{ "type": "Feature", "properties": { "fid": 14038, "PREFIXE 1": "RUE", "PREFIXE 2": null, "NOM_RUE": "LENOIR-FAUBOURG-SAINT-ANTOINE", "NUMERO TXT": "1", "NOM_SAISI": "RUE LENOIR-FAUBOURG-SAINT-ANTOINE", "NOM_NOTE": "Rue le Noir", "EXP_GEO": 1, "INTERP": 0, "NUMEROTATI": 1, "NUM_QUART": 30 }, "geometry": { "type": "Point", "coordinates": [ 654375.429159991559573, 6861210.923084382899106 ] } },
{ "type": "Feature", "properties": { "fid": 14039, "PREFIXE 1": "RUE", "PREFIXE 2": null, "NOM_RUE": "LENOIR-FAUBOURG-SAINT-ANTOINE", "NUMERO TXT": "3", "NOM_SAISI": "RUE LENOIR-FAUBOURG-SAINT-ANTOINE", "NOM_NOTE": "Rue le Noir", "EXP_GEO": 1, "INTERP": 0, "NUMEROTATI": 1, "NUM_QUART": 30 }, "geometry": { "type": "Point", "coordinates": [ 654382.04081436060369, 6861221.724708465859294 ] } },
{ "type": "Feature", "properties": { "fid": 14040, "PREFIXE 1": "RUE", "PREFIXE 2": null, "NOM_RUE": "LENOIR-FAUBOURG-SAINT-ANTOINE", "NUMERO TXT": "5", "NOM_SAISI": "RUE LENOIR-FAUBOURG-SAINT-ANTOINE", "NOM_NOTE": "Rue le Noir", "EXP_GEO": 1, "INTERP": 0, "NUMEROTATI": 1, "NUM_QUART": 30 }, "geometry": { "type": "Point", "coordinates": [ 654387.623877903213724, 6861233.555913681164384 ] } },
{ "type": "Feature", "properties": { "fid": 14041, "PREFIXE 1": "RUE", "PREFIXE 2": null, "NOM_RUE": "LENOIR-FAUBOURG-SAINT-ANTOINE", "NUMERO TXT": "7", "NOM_SAISI": "RUE LENOIR-FAUBOURG-SAINT-ANTOINE", "NOM_NOTE": "Rue le Noir", "EXP_GEO": 1, "INTERP": 0, "NUMEROTATI": 1, "NUM_QUART": 30 }, "geometry": { "type": "Point", "coordinates": [ 654394.666710360790603, 6861245.572513548657298 ] } },
{ "type": "Feature", "properties": { "fid": 14042, "PREFIXE 1": "RUE", "PREFIXE 2": null, "NOM_RUE": "LENOIR-FAUBOURG-SAINT-ANTOINE", "NUMERO TXT": "9", "NOM_SAISI": "RUE LENOIR-FAUBOURG-SAINT-ANTOINE", "NOM_NOTE": "Rue le Noir", "EXP_GEO": 1, "INTERP": 0, "NUMEROTATI": 1, "NUM_QUART": 30 }, "geometry": { "type": "Point", "coordinates": [ 654404.061391786672175, 6861262.063329453580081 ] } },
{ "type": "Feature", "properties": { "fid": 14043, "PREFIXE 1": "RUE", "PREFIXE 2": null, "NOM_RUE": "LENOIR-FAUBOURG-SAINT-ANTOINE", "NUMERO TXT": "11", "NOM_SAISI": "RUE LENOIR-FAUBOURG-SAINT-ANTOINE", "NOM_NOTE": "Rue le Noir", "EXP_GEO": 1, "INTERP": 0, "NUMEROTATI": 1, "NUM_QUART": 30 }, "geometry": { "type": "Point", "coordinates": [ 654413.039652070496231, 6861278.75208197068423 ] } },
{ "type": "Feature", "properties": { "fid": 14044, "PREFIXE 1": "RUE", "PREFIXE 2": null, "NOM_RUE": "LENOIR-FAUBOURG-SAINT-ANTOINE", "NUMERO TXT": "13", "NOM_SAISI": "RUE LENOIR-FAUBOURG-SAINT-ANTOINE", "NOM_NOTE": "Rue le Noir", "EXP_GEO": 1, "INTERP": 0, "NUMEROTATI": 1, "NUM_QUART": 30 }, "geometry": { "type": "Point", "coordinates": [ 654418.169284033006988, 6861288.312864019535482 ] } },
{ "type": "Feature", "properties": { "fid": 14045, "PREFIXE 1": "RUE", "PREFIXE 2": null, "NOM_RUE": "LENOIR-FAUBOURG-SAINT-ANTOINE", "NUMERO TXT": "15", "NOM_SAISI": "RUE LENOIR-FAUBOURG-SAINT-ANTOINE", "NOM_NOTE": "Rue le Noir", "EXP_GEO": 1, "INTERP": 0, "NUMEROTATI": 1, "NUM_QUART": 30 }, "geometry": { "type": "Point", "coordinates": [ 654422.02926967816893, 6861296.451825556345284 ] } },
{ "type": "Feature", "properties": { "fid": 14046, "PREFIXE 1": "RUE", "PREFIXE 2": null, "NOM_RUE": "LENOIR-FAUBOURG-SAINT-ANTOINE", "NUMERO TXT": "17", "NOM_SAISI": "RUE LENOIR-FAUBOURG-SAINT-ANTOINE", "NOM_NOTE": "Rue le Noir", "EXP_GEO": 1, "INTERP": 0, "NUMEROTATI": 1, "NUM_QUART": 30 }, "geometry": { "type": "Point", "coordinates": [ 654426.085667218547314, 6861303.769020928069949 ] } },
{ "type": "Feature", "properties": { "fid": 14047, "PREFIXE 1": "RUE", "PREFIXE 2": null, "NOM_RUE": "LENOIR-FAUBOURG-SAINT-ANTOINE", "NUMERO TXT": "19", "NOM_SAISI": "RUE LENOIR-FAUBOURG-SAINT-ANTOINE", "NOM_NOTE": "Rue le Noir", "EXP_GEO": 1, "INTERP": 0, "NUMEROTATI": 1, "NUM_QUART": 30 }, "geometry": { "type": "Point", "coordinates": [ 654433.985928661655635, 6861318.195003504864872 ] } },
{ "type": "Feature", "properties": { "fid": 14048, "PREFIXE 1": "RUE", "PREFIXE 2": null, "NOM_RUE": "LENOIR-FAUBOURG-SAINT-ANTOINE", "NUMERO TXT": "2", "NOM_SAISI": "RUE LENOIR-FAUBOURG-SAINT-ANTOINE", "NOM_NOTE": "Rue le Noir", "EXP_GEO": 1, "INTERP": 0, "NUMEROTATI": 1, "NUM_QUART": 30 }, "geometry": { "type": "Point", "coordinates": [ 654392.602627134649083, 6861202.14885198045522 ] } },
{ "type": "Feature", "properties": { "fid": 14049, "PREFIXE 1": "RUE", "PREFIXE 2": null, "NOM_RUE": "LENOIR-FAUBOURG-SAINT-ANTOINE", "NUMERO TXT": "4", "NOM_SAISI": "RUE LENOIR-FAUBOURG-SAINT-ANTOINE", "NOM_NOTE": "Rue le Noir", "EXP_GEO": 1, "INTERP": 0, "NUMEROTATI": 1, "NUM_QUART": 30 }, "geometry": { "type": "Point", "coordinates": [ 654398.584893539780751, 6861212.754405446350574 ] } },
{ "type": "Feature", "properties": { "fid": 14050, "PREFIXE 1": "RUE", "PREFIXE 2": null, "NOM_RUE": "LENOIR-FAUBOURG-SAINT-ANTOINE", "NUMERO TXT": "6", "NOM_SAISI": "RUE LENOIR-FAUBOURG-SAINT-ANTOINE", "NOM_NOTE": "Rue le Noir", "EXP_GEO": 1, "INTERP": 0, "NUMEROTATI": 1, "NUM_QUART": 30 }, "geometry": { "type": "Point", "coordinates": [ 654406.688879062072374, 6861226.204182428307831 ] } },
{ "type": "Feature", "properties": { "fid": 14051, "PREFIXE 1": "RUE", "PREFIXE 2": null, "NOM_RUE": "LENOIR-FAUBOURG-SAINT-ANTOINE", "NUMERO TXT": "8", "NOM_SAISI": "RUE LENOIR-FAUBOURG-SAINT-ANTOINE", "NOM_NOTE": "Rue le Noir", "EXP_GEO": 1, "INTERP": 0, "NUMEROTATI": 1, "NUM_QUART": 30 }, "geometry": { "type": "Point", "coordinates": [ 654413.957780601456761, 6861239.65478846244514 ] } },
{ "type": "Feature", "properties": { "fid": 14052, "PREFIXE 1": "RUE", "PREFIXE 2": null, "NOM_RUE": "LENOIR-FAUBOURG-SAINT-ANTOINE", "NUMERO TXT": "10", "NOM_SAISI": "RUE LENOIR-FAUBOURG-SAINT-ANTOINE", "NOM_NOTE": "Rue le Noir", "EXP_GEO": 1, "INTERP": 0, "NUMEROTATI": 1, "NUM_QUART": 30 }, "geometry": { "type": "Point", "coordinates": [ 654420.161150240572169, 6861251.470977925695479 ] } },
{ "type": "Feature", "properties": { "fid": 14053, "PREFIXE 1": "RUE", "PREFIXE 2": null, "NOM_RUE": "LENOIR-FAUBOURG-SAINT-ANTOINE", "NUMERO TXT": "12", "NOM_SAISI": "RUE LENOIR-FAUBOURG-SAINT-ANTOINE", "NOM_NOTE": "Rue le Noir", "EXP_GEO": 1, "INTERP": 0, "NUMEROTATI": 1, "NUM_QUART": 30 }, "geometry": { "type": "Point", "coordinates": [ 654425.519068051595241, 6861262.471381770446897 ] } },
{ "type": "Feature", "properties": { "fid": 14054, "PREFIXE 1": "RUE", "PREFIXE 2": null, "NOM_RUE": "LENOIR-FAUBOURG-SAINT-ANTOINE", "NUMERO TXT": "14", "NOM_SAISI": "RUE LENOIR-FAUBOURG-SAINT-ANTOINE", "NOM_NOTE": "Rue le Noir", "EXP_GEO": 1, "INTERP": 0, "NUMEROTATI": 1, "NUM_QUART": 30 }, "geometry": { "type": "Point", "coordinates": [ 654432.788950477843173, 6861276.312102911993861 ] } },
{ "type": "Feature", "properties": { "fid": 14055, "PREFIXE 1": "RUE", "PREFIXE 2": null, "NOM_RUE": "LENOIR-FAUBOURG-SAINT-ANTOINE", "NUMERO TXT": "16", "NOM_SAISI": "RUE LENOIR-FAUBOURG-SAINT-ANTOINE", "NOM_NOTE": "Rue le Noir", "EXP_GEO": 1, "INTERP": 0, "NUMEROTATI": 1, "NUM_QUART": 30 }, "geometry": { "type": "Point", "coordinates": [ 654439.404663664172404, 6861288.107559707947075 ] } },
{ "type": "Feature", "properties": { "fid": 14056, "PREFIXE 1": "RUE", "PREFIXE 2": null, "NOM_RUE": "LENOIR-FAUBOURG-SAINT-ANTOINE", "NUMERO TXT": "18", "NOM_SAISI": "RUE LENOIR-FAUBOURG-SAINT-ANTOINE", "NOM_NOTE": "Rue le Noir", "EXP_GEO": 1, "INTERP": 0, "NUMEROTATI": 1, "NUM_QUART": 30 }, "geometry": { "type": "Point", "coordinates": [ 654444.11227479937952, 6861297.463913390412927 ] } },
{ "type": "Feature", "properties": { "fid": 14057, "PREFIXE 1": "RUE", "PREFIXE 2": null, "NOM_RUE": "LENOIR-FAUBOURG-SAINT-ANTOINE", "NUMERO TXT": "20", "NOM_SAISI": "RUE LENOIR-FAUBOURG-SAINT-ANTOINE", "NOM_NOTE": "Rue le Noir", "EXP_GEO": 1, "INTERP": 0, "NUMEROTATI": 1, "NUM_QUART": 30 }, "geometry": { "type": "Point", "coordinates": [ 654451.136257685138844, 6861308.837169304490089 ] } },
{ "type": "Feature", "properties": { "fid": 14058, "PREFIXE 1": "MARCHÉ", "PREFIXE 2": null, "NOM_RUE": "BEAUVEAU", "NUMERO TXT": "2", "NOM_SAISI": "MARCHÉ BEAUVEAU", "NOM_NOTE": "Non nommé", "EXP_GEO": 1, "INTERP": 0, "NUMEROTATI": 1, "NUM_QUART": 30 }, "geometry": { "type": "Point", "coordinates": [ 654354.827068422571756, 6861125.076699003577232 ] } },
{ "type": "Feature", "properties": { "fid": 14059, "PREFIXE 1": "MARCHÉ", "PREFIXE 2": null, "NOM_RUE": "BEAUVEAU", "NUMERO TXT": "4", "NOM_SAISI": "MARCHÉ BEAUVEAU", "NOM_NOTE": "Non nommé", "EXP_GEO": 1, "INTERP": 0, "NUMEROTATI": 1, "NUM_QUART": 30 }, "geometry": { "type": "Point", "coordinates": [ 654388.643882309435867, 6861112.842771887779236 ] } },
{ "type": "Feature", "properties": { "fid": 14060, "PREFIXE 1": "MARCHÉ", "PREFIXE 2": null, "NOM_RUE": "BEAUVEAU", "NUMERO TXT": "6", "NOM_SAISI": "MARCHÉ BEAUVEAU", "NOM_NOTE": "Non nommé", "EXP_GEO": 1, "INTERP": 0, "NUMEROTATI": 1, "NUM_QUART": 30 }, "geometry": { "type": "Point", "coordinates": [ 654422.514055083156563, 6861165.145945248194039 ] } },
{ "type": "Feature", "properties": { "fid": 14061, "PREFIXE 1": "MARCHÉ", "PREFIXE 2": null, "NOM_RUE": "BEAUVEAU", "NUMERO TXT": "8", "NOM_SAISI": "MARCHÉ BEAUVEAU", "NOM_NOTE": "Non nommé", "EXP_GEO": 1, "INTERP": 0, "NUMEROTATI": 1, "NUM_QUART": 30 }, "geometry": { "type": "Point", "coordinates": [ 654412.71668677451089, 6861180.012852415442467 ] } },
{ "type": "Feature", "properties": { "fid": 14062, "PREFIXE 1": "MARCHÉ", "PREFIXE 2": null, "NOM_RUE": "BEAUVEAU", "NUMERO TXT": "10", "NOM_SAISI": "MARCHÉ BEAUVEAU", "NOM_NOTE": "Non nommé", "EXP_GEO": 1, "INTERP": 0, "NUMEROTATI": 1, "NUM_QUART": 30 }, "geometry": { "type": "Point", "coordinates": [ 654401.382072291104123, 6861189.144988695159554 ] } },
{ "type": "Feature", "properties": { "fid": 14063, "PREFIXE 1": "MARCHÉ", "PREFIXE 2": null, "NOM_RUE": "BEAUVEAU", "NUMERO TXT": "12", "NOM_SAISI": "MARCHÉ BEAUVEAU", "NOM_NOTE": "Non nommé", "EXP_GEO": 1, "INTERP": 0, "NUMEROTATI": 1, "NUM_QUART": 30 }, "geometry": { "type": "Point", "coordinates": [ 654390.829748610151, 6861194.576726946979761 ] } },
{ "type": "Feature", "properties": { "fid": 14064, "PREFIXE 1": "MARCHÉ", "PREFIXE 2": null, "NOM_RUE": "BEAUVEAU", "NUMERO TXT": "13", "NOM_SAISI": "MARCHÉ BEAUVEAU", "NOM_NOTE": "Non nommé", "EXP_GEO": 1, "INTERP": 0, "NUMEROTATI": 1, "NUM_QUART": 30 }, "geometry": { "type": "Point", "coordinates": [ 654366.388476904830895, 6861206.379487974569201 ] } },
{ "type": "Feature", "properties": { "fid": 14065, "PREFIXE 1": "MARCHÉ", "PREFIXE 2": null, "NOM_RUE": "BEAUVEAU", "NUMERO TXT": "11", "NOM_SAISI": "MARCHÉ BEAUVEAU", "NOM_NOTE": "Non nommé", "EXP_GEO": 1, "INTERP": 0, "NUMEROTATI": 1, "NUM_QUART": 30 }, "geometry": { "type": "Point", "coordinates": [ 654354.599516084534116, 6861211.737166832201183 ] } },
{ "type": "Feature", "properties": { "fid": 14066, "PREFIXE 1": "MARCHÉ", "PREFIXE 2": null, "NOM_RUE": "BEAUVEAU", "NUMERO TXT": "1", "NOM_SAISI": "MARCHÉ BEAUVEAU", "NOM_NOTE": "Non nommé", "EXP_GEO": 1, "INTERP": 0, "NUMEROTATI": 1, "NUM_QUART": 30 }, "geometry": { "type": "Point", "coordinates": [ 654334.339242559042759, 6861136.163495262153447 ] } },
{ "type": "Feature", "properties": { "fid": 14067, "PREFIXE 1": "MARCHÉ", "PREFIXE 2": null, "NOM_RUE": "BEAUVEAU", "NUMERO TXT": "3", "NOM_SAISI": "MARCHÉ BEAUVEAU", "NOM_NOTE": "Non nommé", "EXP_GEO": 1, "INTERP": 0, "NUMEROTATI": 1, "NUM_QUART": 30 }, "geometry": { "type": "Point", "coordinates": [ 654323.798830274143256, 6861142.840478118509054 ] } },
{ "type": "Feature", "properties": { "fid": 14068, "PREFIXE 1": "MARCHÉ", "PREFIXE 2": null, "NOM_RUE": "BEAUVEAU", "NUMERO TXT": "5", "NOM_SAISI": "MARCHÉ BEAUVEAU", "NOM_NOTE": "Non nommé", "EXP_GEO": 1, "INTERP": 0, "NUMEROTATI": 1, "NUM_QUART": 30 }, "geometry": { "type": "Point", "coordinates": [ 654309.936785806668922, 6861150.576410573907197 ] } },
{ "type": "Feature", "properties": { "fid": 14069, "PREFIXE 1": "COUR", "PREFIXE 2": "DE LA", "NOM_RUE": "JUIVERIE", "NUMERO TXT": "2", "NOM_SAISI": "COUR DE LA JUIVERIE", "NOM_NOTE": "Cour de la Juiverie", "EXP_GEO": 1, "INTERP": 0, "NUMEROTATI": 1, "NUM_QUART": 30 }, "geometry": { "type": "Point", "coordinates": [ 653775.227631383575499, 6861534.143707321956754 ] } },
{ "type": "Feature", "properties": { "fid": 14070, "PREFIXE 1": "COUR", "PREFIXE 2": "DE LA", "NOM_RUE": "JUIVERIE", "NUMERO TXT": "4", "NOM_SAISI": "COUR DE LA JUIVERIE", "NOM_NOTE": "Cour de la Juiverie", "EXP_GEO": 1, "INTERP": 0, "NUMEROTATI": 1, "NUM_QUART": 30 }, "geometry": { "type": "Point", "coordinates": [ 653782.427582510979846, 6861539.739536452107131 ] } },
{ "type": "Feature", "properties": { "fid": 14071, "PREFIXE 1": "COUR", "PREFIXE 2": "DE LA", "NOM_RUE": "JUIVERIE", "NUMERO TXT": "6", "NOM_SAISI": "COUR DE LA JUIVERIE", "NOM_NOTE": "Cour de la Juiverie", "EXP_GEO": 1, "INTERP": 0, "NUMEROTATI": 1, "NUM_QUART": 30 }, "geometry": { "type": "Point", "coordinates": [ 653793.218595815938897, 6861547.724148144945502 ] } },
{ "type": "Feature", "properties": { "fid": 14072, "PREFIXE 1": "COUR", "PREFIXE 2": "DE LA", "NOM_RUE": "JUIVERIE", "NUMERO TXT": "8", "NOM_SAISI": "COUR DE LA JUIVERIE", "NOM_NOTE": "Cour de la Juiverie", "EXP_GEO": 1, "INTERP": 0, "NUMEROTATI": 1, "NUM_QUART": 30 }, "geometry": { "type": "Point", "coordinates": [ 653800.743986425222829, 6861560.021726224571466 ] } },
{ "type": "Feature", "properties": { "fid": 14073, "PREFIXE 1": "COUR", "PREFIXE 2": "DE LA", "NOM_RUE": "JUIVERIE", "NUMERO TXT": "10", "NOM_SAISI": "COUR DE LA JUIVERIE", "NOM_NOTE": "Cour de la Juiverie", "EXP_GEO": 1, "INTERP": 0, "NUMEROTATI": 1, "NUM_QUART": 30 }, "geometry": { "type": "Point", "coordinates": [ 653800.524760005413555, 6861571.203990459442139 ] } },
{ "type": "Feature", "properties": { "fid": 14074, "PREFIXE 1": "COUR", "PREFIXE 2": "DE LA", "NOM_RUE": "JUIVERIE", "NUMERO TXT": "12", "NOM_SAISI": "COUR DE LA JUIVERIE", "NOM_NOTE": "Cour de la Juiverie", "EXP_GEO": 1, "INTERP": 0, "NUMEROTATI": 1, "NUM_QUART": 30 }, "geometry": { "type": "Point", "coordinates": [ 653794.027013428858481, 6861581.455990132875741 ] } },
{ "type": "Feature", "properties": { "fid": 14075, "PREFIXE 1": "RUE", "PREFIXE 2": null, "NOM_RUE": "MOREAU", "NUMERO TXT": "23", "NOM_SAISI": "RUE MOREAU", "NOM_NOTE": "Rue Moreau", "EXP_GEO": 1, "INTERP": 0, "NUMEROTATI": 1, "NUM_QUART": 30 }, "geometry": { "type": "Point", "coordinates": [ 653991.199101987527683, 6861344.560263144783676 ] } },
{ "type": "Feature", "properties": { "fid": 14076, "PREFIXE 1": "RUE", "PREFIXE 2": null, "NOM_RUE": "MOREAU", "NUMERO TXT": "21", "NOM_SAISI": "RUE MOREAU", "NOM_NOTE": "Rue Moreau", "EXP_GEO": 1, "INTERP": 0, "NUMEROTATI": 1, "NUM_QUART": 30 }, "geometry": { "type": "Point", "coordinates": [ 653985.587280285893939, 6861333.426873380318284 ] } },
{ "type": "Feature", "properties": { "fid": 14077, "PREFIXE 1": "RUE", "PREFIXE 2": null, "NOM_RUE": "MOREAU", "NUMERO TXT": "19", "NOM_SAISI": "RUE MOREAU", "NOM_NOTE": "Rue Moreau", "EXP_GEO": 1, "INTERP": 0, "NUMEROTATI": 1, "NUM_QUART": 30 }, "geometry": { "type": "Point", "coordinates": [ 653952.147553323069587, 6861266.269029146060348 ] } },
{ "type": "Feature", "properties": { "fid": 14078, "PREFIXE 1": "RUE", "PREFIXE 2": null, "NOM_RUE": "MOREAU", "NUMERO TXT": "17", "NOM_SAISI": "RUE MOREAU", "NOM_NOTE": "Rue Moreau", "EXP_GEO": 1, "INTERP": 0, "NUMEROTATI": 1, "NUM_QUART": 30 }, "geometry": { "type": "Point", "coordinates": [ 653939.445985956466757, 6861239.089406198821962 ] } },
{ "type": "Feature", "properties": { "fid": 14079, "PREFIXE 1": "RUE", "PREFIXE 2": null, "NOM_RUE": "MOREAU", "NUMERO TXT": "15", "NOM_SAISI": "RUE MOREAU", "NOM_NOTE": "Rue Moreau", "EXP_GEO": 1, "INTERP": 0, "NUMEROTATI": 1, "NUM_QUART": 30 }, "geometry": { "type": "Point", "coordinates": [ 653934.303034215583466, 6861225.644462550058961 ] } },
{ "type": "Feature", "properties": { "fid": 14080, "PREFIXE 1": "RUE", "PREFIXE 2": null, "NOM_RUE": "MOREAU", "NUMERO TXT": "13", "NOM_SAISI": "RUE MOREAU", "NOM_NOTE": "Rue Moreau", "EXP_GEO": 1, "INTERP": 0, "NUMEROTATI": 1, "NUM_QUART": 30 }, "geometry": { "type": "Point", "coordinates": [ 653888.124742830405012, 6861130.406461056321859 ] } },
{ "type": "Feature", "properties": { "fid": 14081, "PREFIXE 1": "RUE", "PREFIXE 2": null, "NOM_RUE": "MOREAU", "NUMERO TXT": "9", "NOM_SAISI": "RUE MOREAU", "NOM_NOTE": "Rue Moreau", "EXP_GEO": 1, "INTERP": 1, "NUMEROTATI": 1, "NUM_QUART": 30 }, "geometry": { "type": "Point", "coordinates": [ 653870.601772926398553, 6861086.391683995723724 ] } },
{ "type": "Feature", "properties": { "fid": 14082, "PREFIXE 1": "RUE", "PREFIXE 2": "DE LA", "NOM_RUE": "CONTRESCARPE-SAINT-ANTOINE", "NUMERO TXT": "72", "NOM_SAISI": "RUE DE LA CONTRESCARPE-SAINT-ANTOINE", "NOM_NOTE": "Rue Contrescarpe", "EXP_GEO": 1, "INTERP": 0, "NUMEROTATI": 1, "NUM_QUART": 30 }, "geometry": { "type": "Point", "coordinates": [ 653790.005362900090404, 6861613.905571900308132 ] } },
{ "type": "Feature", "properties": { "fid": 14085, "PREFIXE 1": "PETITE RUE", "PREFIXE 2": "DE", "NOM_RUE": "REUILLY", "NUMERO TXT": "11", "NOM_SAISI": "PETITE RUE DE REUILLY", "NOM_NOTE": "Petite Rue de Reuilly", "EXP_GEO": 1, "INTERP": 0, "NUMEROTATI": 1, "NUM_QUART": 30 }, "geometry": { "type": "Point", "coordinates": [ 654903.909804041148163, 6860848.593699182383716 ] } },
{ "type": "Feature", "properties": { "fid": 14086, "PREFIXE 1": "PETITE RUE", "PREFIXE 2": "DE", "NOM_RUE": "REUILLY", "NUMERO TXT": "7", "NOM_SAISI": "PETITE RUE DE REUILLY", "NOM_NOTE": "Petite Rue de Reuilly", "EXP_GEO": 1, "INTERP": 1, "NUMEROTATI": 1, "NUM_QUART": 30 }, "geometry": { "type": "Point", "coordinates": [ 654886.980227298336104, 6860827.546958410181105 ] } },
{ "type": "Feature", "properties": { "fid": 14087, "PREFIXE 1": "PETITE RUE", "PREFIXE 2": "DE", "NOM_RUE": "REUILLY", "NUMERO TXT": "3", "NOM_SAISI": "PETITE RUE DE REUILLY", "NOM_NOTE": "Petite Rue de Reuilly", "EXP_GEO": 1, "INTERP": 0, "NUMEROTATI": 1, "NUM_QUART": 30 }, "geometry": { "type": "Point", "coordinates": [ 654838.811852412647568, 6860789.329941223375499 ] } },
{ "type": "Feature", "properties": { "fid": 14088, "PREFIXE 1": "RUE", "PREFIXE 2": "DE", "NOM_RUE": "BERCY-SAINT-ANTOINE", "NUMERO TXT": "57", "NOM_SAISI": "RUE DE BERCY-SAINT-ANTOINE", "NOM_NOTE": "Rue de Bercy", "EXP_GEO": 1, "INTERP": 1, "NUMEROTATI": 1, "NUM_QUART": 30 }, "geometry": { "type": "Point", "coordinates": [ 654156.22562466468662, 6860515.122674717567861 ] } },
{ "type": "Feature", "properties": { "fid": 14089, "PREFIXE 1": "RUE", "PREFIXE 2": "DE", "NOM_RUE": "BERCY-SAINT-ANTOINE", "NUMERO TXT": "59", "NOM_SAISI": "RUE DE BERCY-SAINT-ANTOINE", "NOM_NOTE": "Rue de Bercy", "EXP_GEO": 1, "INTERP": 1, "NUMEROTATI": 1, "NUM_QUART": 30 }, "geometry": { "type": "Point", "coordinates": [ 654188.511630862602033, 6860483.401888416148722 ] } },
{ "type": "Feature", "properties": { "fid": 14090, "PREFIXE 1": "RUE", "PREFIXE 2": "DE", "NOM_RUE": "BERCY-SAINT-ANTOINE", "NUMERO TXT": "50", "NOM_SAISI": "RUE DE BERCY-SAINT-ANTOINE", "NOM_NOTE": "Rue de Bercy", "EXP_GEO": 1, "INTERP": 1, "NUMEROTATI": 1, "NUM_QUART": 30 }, "geometry": { "type": "Point", "coordinates": [ 654092.707441537640989, 6860550.113549152389169 ] } },
{ "type": "Feature", "properties": { "fid": 14091, "PREFIXE 1": "RUE", "PREFIXE 2": "DE", "NOM_RUE": "BERCY-SAINT-ANTOINE", "NUMERO TXT": "36", "NOM_SAISI": "RUE DE BERCY-SAINT-ANTOINE", "NOM_NOTE": "Rue de Bercy", "EXP_GEO": 1, "INTERP": 1, "NUMEROTATI": 1, "NUM_QUART": 30 }, "geometry": { "type": "Point", "coordinates": [ 653739.651654853834771, 6860912.315249845385551 ] } },
{ "type": "Feature", "properties": { "fid": 14092, "PREFIXE 1": "RUE", "PREFIXE 2": "DE", "NOM_RUE": "BERCY-SAINT-ANTOINE", "NUMERO TXT": "15", "NOM_SAISI": "RUE DE BERCY-SAINT-ANTOINE", "NOM_NOTE": "Rue de Bercy", "EXP_GEO": 1, "INTERP": 1, "NUMEROTATI": 1, "NUM_QUART": 30 }, "geometry": { "type": "Point", "coordinates": [ 653729.752367503009737, 6860950.613490679301322 ] } },
{ "type": "Feature", "properties": { "fid": 14093, "PREFIXE 1": "QUAI", "PREFIXE 2": "DE LA", "NOM_RUE": "RAPÉE", "NUMERO TXT": "19", "NOM_SAISI": "QUAI DE LA RAPÉE", "NOM_NOTE": "Quay de la Rapée", "EXP_GEO": 1, "INTERP": 1, "NUMEROTATI": 1, "NUM_QUART": 30 }, "geometry": { "type": "Point", "coordinates": [ 653811.43021986389067, 6860593.323827350512147 ] } },
{ "type": "Feature", "properties": { "fid": 14094, "PREFIXE 1": "QUAI", "PREFIXE 2": "DE LA", "NOM_RUE": "RAPÉE", "NUMERO TXT": "15", "NOM_SAISI": "QUAI DE LA RAPÉE", "NOM_NOTE": "Quay de la Rapée", "EXP_GEO": 1, "INTERP": 1, "NUMEROTATI": 1, "NUM_QUART": 30 }, "geometry": { "type": "Point", "coordinates": [ 653779.220494462642819, 6860628.561144954524934 ] } },
{ "type": "Feature", "properties": { "fid": 14095, "PREFIXE 1": "QUAI", "PREFIXE 2": "DE LA", "NOM_RUE": "RAPÉE", "NUMERO TXT": "21", "NOM_SAISI": "QUAI DE LA RAPÉE", "NOM_NOTE": "Quay de la Rapée", "EXP_GEO": 1, "INTERP": 1, "NUMEROTATI": 1, "NUM_QUART": 30 }, "geometry": { "type": "Point", "coordinates": [ 653819.637533571338281, 6860582.141277587972581 ] } },
{ "type": "Feature", "properties": { "fid": 14096, "PREFIXE 1": "QUAI", "PREFIXE 2": "DE LA", "NOM_RUE": "RAPÉE", "NUMERO TXT": "13", "NOM_SAISI": "QUAI DE LA RAPÉE", "NOM_NOTE": "Quay de la Rapée", "EXP_GEO": 1, "INTERP": 1, "NUMEROTATI": 1, "NUM_QUART": 30 }, "geometry": { "type": "Point", "coordinates": [ 653767.744668798404746, 6860640.048032032325864 ] } },
{ "type": "Feature", "properties": { "fid": 14097, "PREFIXE 1": "QUAI", "PREFIXE 2": "DE LA", "NOM_RUE": "RAPÉE", "NUMERO TXT": "11", "NOM_SAISI": "QUAI DE LA RAPÉE", "NOM_NOTE": "Quay de la Rapée", "EXP_GEO": 1, "INTERP": 1, "NUMEROTATI": 1, "NUM_QUART": 30 }, "geometry": { "type": "Point", "coordinates": [ 653754.901741926791146, 6860654.673781780526042 ] } },
{ "type": "Feature", "properties": { "fid": 14098, "PREFIXE 1": "QUAI", "PREFIXE 2": "DE LA", "NOM_RUE": "RAPÉE", "NUMERO TXT": "9", "NOM_SAISI": "QUAI DE LA RAPÉE", "NOM_NOTE": "Quay de la Rapée", "EXP_GEO": 1, "INTERP": 1, "NUMEROTATI": 1, "NUM_QUART": 30 }, "geometry": { "type": "Point", "coordinates": [ 653738.977856585057452, 6860672.167442137375474 ] } },
{ "type": "Feature", "properties": { "fid": 14099, "PREFIXE 1": "QUAI", "PREFIXE 2": "DE LA", "NOM_RUE": "RAPÉE", "NUMERO TXT": "7", "NOM_SAISI": "QUAI DE LA RAPÉE", "NOM_NOTE": "Quay de la Rapée", "EXP_GEO": 1, "INTERP": 1, "NUMEROTATI": 1, "NUM_QUART": 30 }, "geometry": { "type": "Point", "coordinates": [ 653724.741531201638281, 6860688.360607861541212 ] } },
{ "type": "Feature", "properties": { "fid": 14100, "PREFIXE 1": "QUAI", "PREFIXE 2": "DE LA", "NOM_RUE": "RAPÉE", "NUMERO TXT": "5", "NOM_SAISI": "QUAI DE LA RAPÉE", "NOM_NOTE": "Quay de la Rapée", "EXP_GEO": 1, "INTERP": 1, "NUMEROTATI": 1, "NUM_QUART": 30 }, "geometry": { "type": "Point", "coordinates": [ 653705.21131147374399, 6860710.990352677181363 ] } },
{ "type": "Feature", "properties": { "fid": 14101, "PREFIXE 1": "QUAI", "PREFIXE 2": "DE LA", "NOM_RUE": "RAPÉE", "NUMERO TXT": "3", "NOM_SAISI": "QUAI DE LA RAPÉE", "NOM_NOTE": "Quay de la Rapée", "EXP_GEO": 1, "INTERP": 1, "NUMEROTATI": 1, "NUM_QUART": 30 }, "geometry": { "type": "Point", "coordinates": [ 653692.338209479465149, 6860725.596894453279674 ] } },
{ "type": "Feature", "properties": { "fid": 14102, "PREFIXE 1": "QUAI", "PREFIXE 2": "DE LA", "NOM_RUE": "RAPÉE", "NUMERO TXT": "17", "NOM_SAISI": "QUAI DE LA RAPÉE", "NOM_NOTE": "Quay de la Rapée", "EXP_GEO": 1, "INTERP": 0, "NUMEROTATI": 1, "NUM_QUART": 30 }, "geometry": { "type": "Point", "coordinates": [ 653791.928622885840014, 6860614.806241158396006 ] } },
{ "type": "Feature", "properties": { "fid": 14103, "PREFIXE 1": "QUAI", "PREFIXE 2": "DE LA", "NOM_RUE": "RAPÉE", "NUMERO TXT": "1", "NOM_SAISI": "QUAI DE LA RAPÉE", "NOM_NOTE": "Quay de la Rapée", "EXP_GEO": 1, "INTERP": 1, "NUMEROTATI": 1, "NUM_QUART": 30 }, "geometry": { "type": "Point", "coordinates": [ 653679.402920044609345, 6860740.625599098391831 ] } },
{ "type": "Feature", "properties": { "fid": 14104, "PREFIXE 1": "RUE", "PREFIXE 2": null, "NOM_RUE": "TRAVERSIÈRE-SAINT-ANTOINE", "NUMERO TXT": "16", "NOM_SAISI": "RUE TRAVERSIÈRE-SAINT-ANTOINE", "NOM_NOTE": "Rue Traversiere", "EXP_GEO": 1, "INTERP": 1, "NUMEROTATI": 1, "NUM_QUART": 30 }, "geometry": { "type": "Point", "coordinates": [ 654042.702269744244404, 6861041.534102787263691 ] } },
{ "type": "Feature", "properties": { "fid": 14105, "PREFIXE 1": "RUE", "PREFIXE 2": null, "NOM_RUE": "TRAVERSIÈRE-SAINT-ANTOINE", "NUMERO TXT": "18", "NOM_SAISI": "RUE TRAVERSIÈRE-SAINT-ANTOINE", "NOM_NOTE": "Rue Traversiere", "EXP_GEO": 1, "INTERP": 0, "NUMEROTATI": 1, "NUM_QUART": 30 }, "geometry": { "type": "Point", "coordinates": [ 654065.266308492980897, 6861076.958623982965946 ] } },
{ "type": "Feature", "properties": { "fid": 14106, "PREFIXE 1": "RUE", "PREFIXE 2": null, "NOM_RUE": "TRAVERSIÈRE-SAINT-ANTOINE", "NUMERO TXT": "14", "NOM_SAISI": "RUE TRAVERSIÈRE-SAINT-ANTOINE", "NOM_NOTE": "Rue Traversiere", "EXP_GEO": 1, "INTERP": 1, "NUMEROTATI": 1, "NUM_QUART": 30 }, "geometry": { "type": "Point", "coordinates": [ 654009.802901483839378, 6861007.927669325843453 ] } },
{ "type": "Feature", "properties": { "fid": 14107, "PREFIXE 1": "RUE", "PREFIXE 2": null, "NOM_RUE": "TRAVERSIÈRE-SAINT-ANTOINE", "NUMERO TXT": "12", "NOM_SAISI": "RUE TRAVERSIÈRE-SAINT-ANTOINE", "NOM_NOTE": "Rue Traversiere", "EXP_GEO": 1, "INTERP": 1, "NUMEROTATI": 1, "NUM_QUART": 30 }, "geometry": { "type": "Point", "coordinates": [ 653978.598875185241923, 6860975.101996428333223 ] } },
{ "type": "Feature", "properties": { "fid": 14108, "PREFIXE 1": "RUE", "PREFIXE 2": null, "NOM_RUE": "TRAVERSIÈRE-SAINT-ANTOINE", "NUMERO TXT": "10", "NOM_SAISI": "RUE TRAVERSIÈRE-SAINT-ANTOINE", "NOM_NOTE": "Rue Traversiere", "EXP_GEO": 1, "INTERP": 1, "NUMEROTATI": 1, "NUM_QUART": 30 }, "geometry": { "type": "Point", "coordinates": [ 653949.102387803024612, 6860943.623083624988794 ] } },
{ "type": "Feature", "properties": { "fid": 14109, "PREFIXE 1": "RUE", "PREFIXE 2": null, "NOM_RUE": "TRAVERSIÈRE-SAINT-ANTOINE", "NUMERO TXT": "8", "NOM_SAISI": "RUE TRAVERSIÈRE-SAINT-ANTOINE", "NOM_NOTE": "Rue Traversiere", "EXP_GEO": 1, "INTERP": 1, "NUMEROTATI": 1, "NUM_QUART": 30 }, "geometry": { "type": "Point", "coordinates": [ 653921.634101699921302, 6860915.464832100085914 ] } },
{ "type": "Feature", "properties": { "fid": 14110, "PREFIXE 1": "RUE", "PREFIXE 2": null, "NOM_RUE": "TRAVERSIÈRE-SAINT-ANTOINE", "NUMERO TXT": "6", "NOM_SAISI": "RUE TRAVERSIÈRE-SAINT-ANTOINE", "NOM_NOTE": "Rue Traversiere", "EXP_GEO": 1, "INTERP": 1, "NUMEROTATI": 1, "NUM_QUART": 30 }, "geometry": { "type": "Point", "coordinates": [ 653894.449211696628481, 6860888.118183092214167 ] } },
{ "type": "Feature", "properties": { "fid": 14111, "PREFIXE 1": "RUE", "PREFIXE 2": null, "NOM_RUE": "TRAVERSIÈRE-SAINT-ANTOINE", "NUMERO TXT": "4", "NOM_SAISI": "RUE TRAVERSIÈRE-SAINT-ANTOINE", "NOM_NOTE": "Rue Traversiere", "EXP_GEO": 1, "INTERP": 1, "NUMEROTATI": 1, "NUM_QUART": 30 }, "geometry": { "type": "Point", "coordinates": [ 653873.577817930257879, 6860864.912472954951227 ] } },
{ "type": "Feature", "properties": { "fid": 14112, "PREFIXE 1": "RUE", "PREFIXE 2": null, "NOM_RUE": "TRAVERSIÈRE-SAINT-ANTOINE", "NUMERO TXT": "28", "NOM_SAISI": "RUE TRAVERSIÈRE-SAINT-ANTOINE", "NOM_NOTE": "Rue Traversiere", "EXP_GEO": 1, "INTERP": 1, "NUMEROTATI": 1, "NUM_QUART": 30 }, "geometry": { "type": "Point", "coordinates": [ 654110.933089856989682, 6861168.077146486379206 ] } },
{ "type": "Feature", "properties": { "fid": 14113, "PREFIXE 1": "RUE", "PREFIXE 2": null, "NOM_RUE": "MOREAU", "NUMERO TXT": "11", "NOM_SAISI": "RUE MOREAU", "NOM_NOTE": "Rue Moreau", "EXP_GEO": 1, "INTERP": 0, "NUMEROTATI": 1, "NUM_QUART": 30 }, "geometry": { "type": "Point", "coordinates": [ 653881.09954678453505, 6861113.522759485989809 ] } },
{ "type": "Feature", "properties": { "fid": 14114, "PREFIXE 1": "RUE", "PREFIXE 2": null, "NOM_RUE": "MOREAU", "NUMERO TXT": "1", "NOM_SAISI": "RUE MOREAU", "NOM_NOTE": "Rue Moreau", "EXP_GEO": 1, "INTERP": 1, "NUMEROTATI": 1, "NUM_QUART": 30 }, "geometry": { "type": "Point", "coordinates": [ 653744.037111719022505, 6860960.856292232871056 ] } },
{ "type": "Feature", "properties": { "fid": 14115, "PREFIXE 1": "RUE", "PREFIXE 2": null, "NOM_RUE": "MOREAU", "NUMERO TXT": "3", "NOM_SAISI": "RUE MOREAU", "NOM_NOTE": "Rue Moreau", "EXP_GEO": 1, "INTERP": 1, "NUMEROTATI": 1, "NUM_QUART": 30 }, "geometry": { "type": "Point", "coordinates": [ 653774.012972855241969, 6860990.911910254508257 ] } },
{ "type": "Feature", "properties": { "fid": 14116, "PREFIXE 1": "RUE", "PREFIXE 2": null, "NOM_RUE": "MOREAU", "NUMERO TXT": "5", "NOM_SAISI": "RUE MOREAU", "NOM_NOTE": "Rue Moreau", "EXP_GEO": 1, "INTERP": 1, "NUMEROTATI": 1, "NUM_QUART": 30 }, "geometry": { "type": "Point", "coordinates": [ 653809.10535486403387, 6861021.997840721160173 ] } },
{ "type": "Feature", "properties": { "fid": 14117, "PREFIXE 1": "RUE", "PREFIXE 2": null, "NOM_RUE": "MOREAU", "NUMERO TXT": "7", "NOM_SAISI": "RUE MOREAU", "NOM_NOTE": "Rue Moreau", "EXP_GEO": 1, "INTERP": 1, "NUMEROTATI": 1, "NUM_QUART": 30 }, "geometry": { "type": "Point", "coordinates": [ 653845.066329595982097, 6861055.279318727552891 ] } },
{ "type": "Feature", "properties": { "fid": 14118, "PREFIXE 1": "RUE", "PREFIXE 2": null, "NOM_RUE": "MOREAU", "NUMERO TXT": "4", "NOM_SAISI": "RUE MOREAU", "NOM_NOTE": "Rue Moreau", "EXP_GEO": 1, "INTERP": 1, "NUMEROTATI": 1, "NUM_QUART": 30 }, "geometry": { "type": "Point", "coordinates": [ 653816.611578252050094, 6861012.574001581408083 ] } },
{ "type": "Feature", "properties": { "fid": 14119, "PREFIXE 1": "RUE", "PREFIXE 2": null, "NOM_RUE": "MOREAU", "NUMERO TXT": "6", "NOM_SAISI": "RUE MOREAU", "NOM_NOTE": "Rue Moreau", "EXP_GEO": 1, "INTERP": 1, "NUMEROTATI": 1, "NUM_QUART": 30 }, "geometry": { "type": "Point", "coordinates": [ 653876.889543266501278, 6861076.443749651312828 ] } },
{ "type": "Feature", "properties": { "fid": 14120, "PREFIXE 1": "RUE", "PREFIXE 2": null, "NOM_RUE": "MOREAU", "NUMERO TXT": "8", "NOM_SAISI": "RUE MOREAU", "NOM_NOTE": "Rue Moreau", "EXP_GEO": 1, "INTERP": 1, "NUMEROTATI": 1, "NUM_QUART": 30 }, "geometry": { "type": "Point", "coordinates": [ 653924.402985924622044, 6861169.9147979747504 ] } },
{ "type": "Feature", "properties": { "fid": 14121, "PREFIXE 1": "RUE", "PREFIXE 2": null, "NOM_RUE": "MOREAU", "NUMERO TXT": "10", "NOM_SAISI": "RUE MOREAU", "NOM_NOTE": "Rue Moreau", "EXP_GEO": 1, "INTERP": 1, "NUMEROTATI": 1, "NUM_QUART": 30 }, "geometry": { "type": "Point", "coordinates": [ 653966.072194748092443, 6861257.205263948068023 ] } },
{ "type": "Feature", "properties": { "fid": 14122, "PREFIXE 1": "RUE", "PREFIXE 2": null, "NOM_RUE": "MOREAU", "NUMERO TXT": "2", "NOM_SAISI": "RUE MOREAU", "NOM_NOTE": "Rue Moreau", "EXP_GEO": 1, "INTERP": 1, "NUMEROTATI": 1, "NUM_QUART": 30 }, "geometry": { "type": "Point", "coordinates": [ 653752.080883095506579, 6860949.573651037178934 ] } },
{ "type": "Feature", "properties": { "fid": 14123, "PREFIXE 1": "RUE", "PREFIXE 2": null, "NOM_RUE": "MOREAU", "NUMERO TXT": "12", "NOM_SAISI": "RUE MOREAU", "NOM_NOTE": "Rue Moreau", "EXP_GEO": 1, "INTERP": 1, "NUMEROTATI": 1, "NUM_QUART": 30 }, "geometry": { "type": "Point", "coordinates": [ 654001.920819577411748, 6861329.977774660103023 ] } },
{ "type": "Feature", "properties": { "fid": 14126, "PREFIXE 1": "RUE", "PREFIXE 2": "DE", "NOM_RUE": "CHARENTON", "NUMERO TXT": "48", "NOM_SAISI": "RUE DE CHARENTON", "NOM_NOTE": "Rue de Charenton", "EXP_GEO": 1, "INTERP": 1, "NUMEROTATI": 1, "NUM_QUART": 30 }, "geometry": { "type": "Point", "coordinates": [ 654007.276347535429522, 6861340.086587377823889 ] } },
{ "type": "Feature", "properties": { "fid": 14127, "PREFIXE 1": "RUE", "PREFIXE 2": "DE", "NOM_RUE": "CHARENTON", "NUMERO TXT": "66", "NOM_SAISI": "RUE DE CHARENTON", "NOM_NOTE": "Rue de Charenton", "EXP_GEO": 1, "INTERP": 0, "NUMEROTATI": 1, "NUM_QUART": 30 }, "geometry": { "type": "Point", "coordinates": [ 654072.192133559612557, 6861253.931380781345069 ] } },
{ "type": "Feature", "properties": { "fid": 14128, "PREFIXE 1": "RUE", "PREFIXE 2": "DE", "NOM_RUE": "CHARENTON", "NUMERO TXT": "68", "NOM_SAISI": "RUE DE CHARENTON", "NOM_NOTE": "Rue de Charenton", "EXP_GEO": 1, "INTERP": 1, "NUMEROTATI": 1, "NUM_QUART": 30 }, "geometry": { "type": "Point", "coordinates": [ 654077.986718252766877, 6861245.585452225059271 ] } },
{ "type": "Feature", "properties": { "fid": 14129, "PREFIXE 1": "RUE", "PREFIXE 2": "DE", "NOM_RUE": "CHARENTON", "NUMERO TXT": "81", "NOM_SAISI": "RUE DE CHARENTON", "NOM_NOTE": "Rue de Charenton", "EXP_GEO": 1, "INTERP": 1, "NUMEROTATI": 1, "NUM_QUART": 30 }, "geometry": { "type": "Point", "coordinates": [ 654096.532437075744383, 6861250.179884895682335 ] } },
{ "type": "Feature", "properties": { "fid": 14130, "PREFIXE 1": "RUE", "PREFIXE 2": "DE", "NOM_RUE": "CHARENTON", "NUMERO TXT": "111", "NOM_SAISI": "RUE DE CHARENTON", "NOM_NOTE": "Rue de Charenton", "EXP_GEO": 1, "INTERP": 1, "NUMEROTATI": 1, "NUM_QUART": 30 }, "geometry": { "type": "Point", "coordinates": [ 654404.046366247930564, 6860928.106753095984459 ] } },
{ "type": "Feature", "properties": { "fid": 14131, "PREFIXE 1": "RUE", "PREFIXE 2": "DE", "NOM_RUE": "CHARENTON", "NUMERO TXT": "109", "NOM_SAISI": "RUE DE CHARENTON", "NOM_NOTE": "Rue de Charenton", "EXP_GEO": 1, "INTERP": 0, "NUMEROTATI": 1, "NUM_QUART": 30 }, "geometry": { "type": "Point", "coordinates": [ 654351.919227503822185, 6860984.608020872808993 ] } },
{ "type": "Feature", "properties": { "fid": 14132, "PREFIXE 1": "RUE", "PREFIXE 2": "DE", "NOM_RUE": "CHARENTON", "NUMERO TXT": "113", "NOM_SAISI": "RUE DE CHARENTON", "NOM_NOTE": "Rue de Charenton", "EXP_GEO": 1, "INTERP": 1, "NUMEROTATI": 1, "NUM_QUART": 30 }, "geometry": { "type": "Point", "coordinates": [ 654481.731621316517703, 6860849.609807723201811 ] } },
{ "type": "Feature", "properties": { "fid": 14133, "PREFIXE 1": "RUE", "PREFIXE 2": "DE", "NOM_RUE": "CHARENTON", "NUMERO TXT": "115", "NOM_SAISI": "RUE DE CHARENTON", "NOM_NOTE": "Rue de Charenton", "EXP_GEO": 1, "INTERP": 1, "NUMEROTATI": 1, "NUM_QUART": 30 }, "geometry": { "type": "Point", "coordinates": [ 654564.56839876039885, 6860784.08024488389492 ] } },
{ "type": "Feature", "properties": { "fid": 14134, "PREFIXE 1": "RUE", "PREFIXE 2": "DE", "NOM_RUE": "CHARENTON", "NUMERO TXT": "127", "NOM_SAISI": "RUE DE CHARENTON", "NOM_NOTE": "Rue de Charenton", "EXP_GEO": 1, "INTERP": 1, "NUMEROTATI": 1, "NUM_QUART": 30 }, "geometry": { "type": "Point", "coordinates": [ 654834.579973208718002, 6860619.842344692908227 ] } },
{ "type": "Feature", "properties": { "fid": 14146, "PREFIXE 1": "PETITE RUE", "PREFIXE 2": "DE", "NOM_RUE": "REUILLY", "NUMERO TXT": "1", "NOM_SAISI": "PETITE RUE DE REUILLY", "NOM_NOTE": "Petite Rue de Reuilly", "EXP_GEO": 1, "INTERP": 1, "NUMEROTATI": 1, "NUM_QUART": 30 }, "geometry": { "type": "Point", "coordinates": [ 654790.977539186947979, 6860756.504756508395076 ] } },
{ "type": "Feature", "properties": { "fid": 14147, "PREFIXE 1": "PETITE RUE", "PREFIXE 2": "DE", "NOM_RUE": "REUILLY", "NUMERO TXT": "8", "NOM_SAISI": "PETITE RUE DE REUILLY", "NOM_NOTE": "Petite Rue de Reuilly", "EXP_GEO": 1, "INTERP": 1, "NUMEROTATI": 1, "NUM_QUART": 30 }, "geometry": { "type": "Point", "coordinates": [ 654836.36559348134324, 6860769.631211377680302 ] } },
{ "type": "Feature", "properties": { "fid": 14148, "PREFIXE 1": "PETITE RUE", "PREFIXE 2": "DE", "NOM_RUE": "REUILLY", "NUMERO TXT": "5", "NOM_SAISI": "PETITE RUE DE REUILLY", "NOM_NOTE": "Petite Rue de Reuilly", "EXP_GEO": 1, "INTERP": 0, "NUMEROTATI": 1, "NUM_QUART": 30 }, "geometry": { "type": "Point", "coordinates": [ 654870.472938663326204, 6860831.745089639909565 ] } },
{ "type": "Feature", "properties": { "fid": 14149, "PREFIXE 1": "PETITE RUE", "PREFIXE 2": "DE", "NOM_RUE": "REUILLY", "NUMERO TXT": "9", "NOM_SAISI": "PETITE RUE DE REUILLY", "NOM_NOTE": "Petite Rue de Reuilly", "EXP_GEO": 1, "INTERP": 1, "NUMEROTATI": 1, "NUM_QUART": 30 }, "geometry": { "type": "Point", "coordinates": [ 654897.421506183804013, 6860835.484667241573334 ] } },
{ "type": "Feature", "properties": { "fid": 14150, "PREFIXE 1": "CUL-DE-SAC", "PREFIXE 2": "DE", "NOM_RUE": "REUILLY", "NUMERO TXT": null, "NOM_SAISI": "CUL-DE-SAC DE REUILLY", "NOM_NOTE": "cul de sac de Reuilly", "EXP_GEO": 1, "INTERP": 1, "NUMEROTATI": 0, "NUM_QUART": 30 }, "geometry": { "type": "Point", "coordinates": [ 654911.747570575331338, 6860896.109208030626178 ] } },
{ "type": "Feature", "properties": { "fid": 14154, "PREFIXE 1": "RUE", "PREFIXE 2": "DE", "NOM_RUE": "COTTE", "NUMERO TXT": "1", "NOM_SAISI": "RUE DE COTTE", "NOM_NOTE": "Rue de Cotte", "EXP_GEO": 1, "INTERP": 1, "NUMEROTATI": 1, "NUM_QUART": 30 }, "geometry": { "type": "Point", "coordinates": [ 654302.206622463767417, 6861181.381501679308712 ] } },
{ "type": "Feature", "properties": { "fid": 14155, "PREFIXE 1": "RUE", "PREFIXE 2": "DE", "NOM_RUE": "BERCY-SAINT-ANTOINE", "NUMERO TXT": "63", "NOM_SAISI": "RUE DE BERCY-SAINT-ANTOINE", "NOM_NOTE": "Rue de Bercy", "EXP_GEO": 1, "INTERP": 1, "NUMEROTATI": 1, "NUM_QUART": 30 }, "geometry": { "type": "Point", "coordinates": [ 654284.375983923324384, 6860385.054781526327133 ] } },
{ "type": "Feature", "properties": { "fid": 14156, "PREFIXE 1": "RUE", "PREFIXE 2": "DE", "NOM_RUE": "BERCY-SAINT-ANTOINE", "NUMERO TXT": "61", "NOM_SAISI": "RUE DE BERCY-SAINT-ANTOINE", "NOM_NOTE": "Rue de Bercy", "EXP_GEO": 1, "INTERP": 0, "NUMEROTATI": 1, "NUM_QUART": 30 }, "geometry": { "type": "Point", "coordinates": [ 654225.15506874746643, 6860452.781451217830181 ] } },
{ "type": "Feature", "properties": { "fid": 14157, "PREFIXE 1": "RUE", "PREFIXE 2": "DE", "NOM_RUE": "BERCY-SAINT-ANTOINE", "NUMERO TXT": "65", "NOM_SAISI": "RUE DE BERCY-SAINT-ANTOINE", "NOM_NOTE": "Rue de Bercy", "EXP_GEO": 1, "INTERP": 1, "NUMEROTATI": 1, "NUM_QUART": 30 }, "geometry": { "type": "Point", "coordinates": [ 654339.830931527190842, 6860325.299806777387857 ] } },
{ "type": "Feature", "properties": { "fid": 14158, "PREFIXE 1": "RUE", "PREFIXE 2": "DU", "NOM_RUE": "FAUBOURG SAINT-ANTOINE", "NUMERO TXT": "276", "NOM_SAISI": "RUE DU FAUBOURG SAINT-ANTOINE", "NOM_NOTE": "Rue du faubourg St. Antoine", "EXP_GEO": 1, "INTERP": 0, "NUMEROTATI": 1, "NUM_QUART": 30 }, "geometry": { "type": "Point", "coordinates": [ 655276.298810331500135, 6861150.159366147592664 ] } },
{ "type": "Feature", "properties": { "fid": 14159, "PREFIXE 1": "RUE", "PREFIXE 2": "DU", "NOM_RUE": "FAUBOURG SAINT-ANTOINE", "NUMERO TXT": "278", "NOM_SAISI": "RUE DU FAUBOURG SAINT-ANTOINE", "NOM_NOTE": "Rue du faubourg St. Antoine", "EXP_GEO": 1, "INTERP": 1, "NUMEROTATI": 1, "NUM_QUART": 30 }, "geometry": { "type": "Point", "coordinates": [ 655315.502663373597898, 6861139.916721441783011 ] } },
{ "type": "Feature", "properties": { "fid": 14175, "PREFIXE 1": "RUE", "PREFIXE 2": "DE", "NOM_RUE": "RAMBOUILLET", "NUMERO TXT": null, "NOM_SAISI": "RUE DE RAMBOUILLET", "NOM_NOTE": "Rue de Rambouillet", "EXP_GEO": 1, "INTERP": 1, "NUMEROTATI": 0, "NUM_QUART": 30 }, "geometry": { "type": "Point", "coordinates": [ 654485.192480147466995, 6860575.910884770564735 ] } },
{ "type": "Feature", "properties": { "fid": 14176, "PREFIXE 1": "CUL-DE-SAC", "PREFIXE 2": "DES", "NOM_RUE": "CHARBONNIERS", "NUMERO TXT": null, "NOM_SAISI": "CUL-DE-SAC DES CHARBONNIERS", "NOM_NOTE": "Cul de Sac des Charbonniers", "EXP_GEO": 1, "INTERP": 1, "NUMEROTATI": 0, "NUM_QUART": 30 }, "geometry": { "type": "Point", "coordinates": [ 654170.152680574567057, 6860888.799569802358747 ] } },
{ "type": "Feature", "properties": { "fid": 14177, "PREFIXE 1": "CUL-DE-SAC", "PREFIXE 2": null, "NOM_RUE": "BOUTON", "NUMERO TXT": null, "NOM_SAISI": "CUL-DE-SAC BOUTON", "NOM_NOTE": "Cul de Sac Bouton", "EXP_GEO": 1, "INTERP": 1, "NUMEROTATI": 0, "NUM_QUART": 30 }, "geometry": { "type": "Point", "coordinates": [ 654271.431770792114548, 6860792.075556845404208 ] } },
{ "type": "Feature", "properties": { "fid": 14178, "PREFIXE 1": "RUE", "PREFIXE 2": "DES", "NOM_RUE": "CHARBONNIERS-SAINT-ANTOINE", "NUMERO TXT": "13", "NOM_SAISI": "RUE DES CHARBONNIERS-SAINT-ANTOINE", "NOM_NOTE": "Rue des Charbonniers", "EXP_GEO": 1, "INTERP": 0, "NUMEROTATI": 1, "NUM_QUART": 30 }, "geometry": { "type": "Point", "coordinates": [ 654276.772338383249007, 6860938.979816376231611 ] } },
{ "type": "Feature", "properties": { "fid": 14179, "PREFIXE 1": "RUE", "PREFIXE 2": "DES", "NOM_RUE": "CHARBONNIERS-SAINT-ANTOINE", "NUMERO TXT": "11", "NOM_SAISI": "RUE DES CHARBONNIERS-SAINT-ANTOINE", "NOM_NOTE": "Rue des Charbonniers", "EXP_GEO": 1, "INTERP": 1, "NUMEROTATI": 1, "NUM_QUART": 30 }, "geometry": { "type": "Point", "coordinates": [ 654244.764244043268263, 6860904.87248594686389 ] } },
{ "type": "Feature", "properties": { "fid": 14180, "PREFIXE 1": "RUE", "PREFIXE 2": "DES", "NOM_RUE": "CHARBONNIERS-SAINT-ANTOINE", "NUMERO TXT": "9", "NOM_SAISI": "RUE DES CHARBONNIERS-SAINT-ANTOINE", "NOM_NOTE": "Rue des Charbonniers", "EXP_GEO": 1, "INTERP": 1, "NUMEROTATI": 1, "NUM_QUART": 30 }, "geometry": { "type": "Point", "coordinates": [ 654210.695148877450265, 6860870.105313799344003 ] } },
{ "type": "Feature", "properties": { "fid": 14181, "PREFIXE 1": "RUE", "PREFIXE 2": "DES", "NOM_RUE": "CHARBONNIERS-SAINT-ANTOINE", "NUMERO TXT": "7", "NOM_SAISI": "RUE DES CHARBONNIERS-SAINT-ANTOINE", "NOM_NOTE": "Rue des Charbonniers", "EXP_GEO": 1, "INTERP": 1, "NUMEROTATI": 1, "NUM_QUART": 30 }, "geometry": { "type": "Point", "coordinates": [ 654167.197939729201607, 6860822.674028130248189 ] } },
{ "type": "Feature", "properties": { "fid": 14182, "PREFIXE 1": "RUE", "PREFIXE 2": "DES", "NOM_RUE": "CHARBONNIERS-SAINT-ANTOINE", "NUMERO TXT": "5", "NOM_SAISI": "RUE DES CHARBONNIERS-SAINT-ANTOINE", "NOM_NOTE": "Rue des Charbonniers", "EXP_GEO": 1, "INTERP": 1, "NUMEROTATI": 1, "NUM_QUART": 30 }, "geometry": { "type": "Point", "coordinates": [ 654121.259100638446398, 6860773.695309543050826 ] } },
{ "type": "Feature", "properties": { "fid": 14183, "PREFIXE 1": "RUE", "PREFIXE 2": "DES", "NOM_RUE": "CHARBONNIERS-SAINT-ANTOINE", "NUMERO TXT": "3", "NOM_SAISI": "RUE DES CHARBONNIERS-SAINT-ANTOINE", "NOM_NOTE": "Rue des Charbonniers", "EXP_GEO": 1, "INTERP": 1, "NUMEROTATI": 1, "NUM_QUART": 30 }, "geometry": { "type": "Point", "coordinates": [ 654067.730198237579316, 6860717.866971170529723 ] } },
{ "type": "Feature", "properties": { "fid": 14184, "PREFIXE 1": "CHEMIN DE RONDE", "PREFIXE 2": "DE LA", "NOM_RUE": "BARRIÈRE DE BERCY", "NUMERO TXT": null, "NOM_SAISI": "CHEMIN DE RONDE DE LA BARRIÈRE DE BERCY", "NOM_NOTE": "Chemin de Ronde de la Barriere de Bercy", "EXP_GEO": 1, "INTERP": 1, "NUMEROTATI": 0, "NUM_QUART": 30 }, "geometry": { "type": "Point", "coordinates": [ 654300.610799278831109, 6860131.665390831418335 ] } },
{ "type": "Feature", "properties": { "fid": 14190, "PREFIXE 1": "RUE", "PREFIXE 2": "DE", "NOM_RUE": "BEAUVEAU", "NUMERO TXT": null, "NOM_SAISI": "RUE DE BEAUVEAU", "NOM_NOTE": "Rue de Beauveau", "EXP_GEO": 1, "INTERP": 1, "NUMEROTATI": 0, "NUM_QUART": 30 }, "geometry": { "type": "Point", "coordinates": [ 654428.81610962189734, 6860997.139000278897583 ] } },
{ "type": "Feature", "properties": { "fid": 14191, "PREFIXE 1": "RUE", "PREFIXE 2": "DE", "NOM_RUE": "VILLIOT", "NUMERO TXT": "3", "NOM_SAISI": "RUE DE VILLIOT", "NOM_NOTE": "Rue de Villiot", "EXP_GEO": 1, "INTERP": 0, "NUMEROTATI": 1, "NUM_QUART": 30 }, "geometry": { "type": "Point", "coordinates": [ 654063.906860984396189, 6860293.568437429144979 ] } },
{ "type": "Feature", "properties": { "fid": 14192, "PREFIXE 1": "RUE", "PREFIXE 2": "DE", "NOM_RUE": "VILLIOT", "NUMERO TXT": "5", "NOM_SAISI": "RUE DE VILLIOT", "NOM_NOTE": "Rue de Villiot", "EXP_GEO": 1, "INTERP": 0, "NUMEROTATI": 1, "NUM_QUART": 30 }, "geometry": { "type": "Point", "coordinates": [ 654066.760624143411405, 6860303.994134215638041 ] } },
{ "type": "Feature", "properties": { "fid": 14193, "PREFIXE 1": "RUE", "PREFIXE 2": "DE", "NOM_RUE": "VILLIOT", "NUMERO TXT": "7", "NOM_SAISI": "RUE DE VILLIOT", "NOM_NOTE": "Rue de Villiot", "EXP_GEO": 1, "INTERP": 0, "NUMEROTATI": 1, "NUM_QUART": 30 }, "geometry": { "type": "Point", "coordinates": [ 654079.638868707930669, 6860311.951831738464534 ] } },
{ "type": "Feature", "properties": { "fid": 14194, "PREFIXE 1": "RUE", "PREFIXE 2": "DE", "NOM_RUE": "VILLIOT", "NUMERO TXT": "1", "NOM_SAISI": "RUE DE VILLIOT", "NOM_NOTE": "Rue de Villiot", "EXP_GEO": 1, "INTERP": 1, "NUMEROTATI": 1, "NUM_QUART": 30 }, "geometry": { "type": "Point", "coordinates": [ 654055.704877057927661, 6860279.901180454529822 ] } },
{ "type": "Feature", "properties": { "fid": 14195, "PREFIXE 1": "RUE", "PREFIXE 2": "DE", "NOM_RUE": "VILLIOT", "NUMERO TXT": "9", "NOM_SAISI": "RUE DE VILLIOT", "NOM_NOTE": "Rue de Villiot", "EXP_GEO": 1, "INTERP": 0, "NUMEROTATI": 1, "NUM_QUART": 30 }, "geometry": { "type": "Point", "coordinates": [ 654169.373024965985678, 6860377.649330811575055 ] } },
{ "type": "Feature", "properties": { "fid": 14197, "PREFIXE 1": "RUE", "PREFIXE 2": "DES", "NOM_RUE": "TERRES-FORTES", "NUMERO TXT": null, "NOM_SAISI": "RUE DES TERRES-FORTES", "NOM_NOTE": "Rue des Terres Fortes", "EXP_GEO": 1, "INTERP": 1, "NUMEROTATI": 0, "NUM_QUART": 30 }, "geometry": { "type": "Point", "coordinates": [ 653758.10251744533889, 6861228.828260230831802 ] } },
{ "type": "Feature", "properties": { "fid": 14198, "PREFIXE 1": "RUE", "PREFIXE 2": "DE LA", "NOM_RUE": "PLANCHETTE", "NUMERO TXT": null, "NOM_SAISI": "RUE DE LA PLANCHETTE", "NOM_NOTE": "Rue de la Planchette", "EXP_GEO": 1, "INTERP": 1, "NUMEROTATI": 0, "NUM_QUART": 30 }, "geometry": { "type": "Point", "coordinates": [ 653740.720157529809512, 6861429.457016902044415 ] } },
{ "type": "Feature", "properties": { "fid": 14199, "PREFIXE 1": "PASSAGE", "PREFIXE 2": "DE LA", "NOM_RUE": "BOULE-BLANCHE", "NUMERO TXT": null, "NOM_SAISI": "PASSAGE DE LA BOULE-BLANCHE", "NOM_NOTE": "Passage de la Boule Blanche", "EXP_GEO": 1, "INTERP": 1, "NUMEROTATI": 0, "NUM_QUART": 30 }, "geometry": { "type": "Point", "coordinates": [ 653959.345983767416328, 6861477.813342064619064 ] } },
{ "type": "Feature", "properties": { "fid": 14233, "PREFIXE 1": "RUE", "PREFIXE 2": "DE", "NOM_RUE": "CHARONNE", "NUMERO TXT": "17", "NOM_SAISI": "RUE DE CHARONNE", "NOM_NOTE": "Rue de Charonne", "EXP_GEO": 1, "INTERP": 0, "NUMEROTATI": 1, "NUM_QUART": 31 }, "geometry": { "type": "Point", "coordinates": [ 654099.202381200506352, 6861618.479888623580337 ] } },
{ "type": "Feature", "properties": { "fid": 14234, "PREFIXE 1": "RUE", "PREFIXE 2": "DE", "NOM_RUE": "CHARONNE", "NUMERO TXT": "19", "NOM_SAISI": "RUE DE CHARONNE", "NOM_NOTE": "Rue de Charonne", "EXP_GEO": 1, "INTERP": 0, "NUMEROTATI": 1, "NUM_QUART": 31 }, "geometry": { "type": "Point", "coordinates": [ 654106.947681997786276, 6861629.374761387705803 ] } },
{ "type": "Feature", "properties": { "fid": 14235, "PREFIXE 1": "RUE", "PREFIXE 2": "DE", "NOM_RUE": "CHARONNE", "NUMERO TXT": "21", "NOM_SAISI": "RUE DE CHARONNE", "NOM_NOTE": "Rue de Charonne", "EXP_GEO": 1, "INTERP": 0, "NUMEROTATI": 1, "NUM_QUART": 31 }, "geometry": { "type": "Point", "coordinates": [ 654122.730814226786606, 6861640.075977550819516 ] } },
{ "type": "Feature", "properties": { "fid": 14236, "PREFIXE 1": "RUE", "PREFIXE 2": "DE", "NOM_RUE": "CHARONNE", "NUMERO TXT": "23", "NOM_SAISI": "RUE DE CHARONNE", "NOM_NOTE": "Rue de Charonne", "EXP_GEO": 1, "INTERP": 0, "NUMEROTATI": 1, "NUM_QUART": 31 }, "geometry": { "type": "Point", "coordinates": [ 654139.710589051013812, 6861650.751824920997024 ] } },
{ "type": "Feature", "properties": { "fid": 14237, "PREFIXE 1": "RUE", "PREFIXE 2": "DE", "NOM_RUE": "CHARONNE", "NUMERO TXT": "25", "NOM_SAISI": "RUE DE CHARONNE", "NOM_NOTE": "Rue de Charonne", "EXP_GEO": 1, "INTERP": 0, "NUMEROTATI": 1, "NUM_QUART": 31 }, "geometry": { "type": "Point", "coordinates": [ 654164.953167884727009, 6861663.963479380123317 ] } },
{ "type": "Feature", "properties": { "fid": 14238, "PREFIXE 1": "RUE", "PREFIXE 2": "DE", "NOM_RUE": "CHARONNE", "NUMERO TXT": "27", "NOM_SAISI": "RUE DE CHARONNE", "NOM_NOTE": "Rue de Charonne", "EXP_GEO": 1, "INTERP": 0, "NUMEROTATI": 1, "NUM_QUART": 31 }, "geometry": { "type": "Point", "coordinates": [ 654189.063968900009058, 6861663.047639086842537 ] } },
{ "type": "Feature", "properties": { "fid": 14239, "PREFIXE 1": "RUE", "PREFIXE 2": "DE", "NOM_RUE": "CHARONNE", "NUMERO TXT": "29", "NOM_SAISI": "RUE DE CHARONNE", "NOM_NOTE": "Rue de Charonne", "EXP_GEO": 1, "INTERP": 0, "NUMEROTATI": 1, "NUM_QUART": 31 }, "geometry": { "type": "Point", "coordinates": [ 654212.142347918008454, 6861661.815803964622319 ] } },
{ "type": "Feature", "properties": { "fid": 14240, "PREFIXE 1": "RUE", "PREFIXE 2": "DE", "NOM_RUE": "CHARONNE", "NUMERO TXT": "31", "NOM_SAISI": "RUE DE CHARONNE", "NOM_NOTE": "Rue de Charonne", "EXP_GEO": 1, "INTERP": 0, "NUMEROTATI": 1, "NUM_QUART": 31 }, "geometry": { "type": "Point", "coordinates": [ 654225.987616116646677, 6861660.974586802534759 ] } },
{ "type": "Feature", "properties": { "fid": 14241, "PREFIXE 1": "RUE", "PREFIXE 2": "DE", "NOM_RUE": "CHARONNE", "NUMERO TXT": "33", "NOM_SAISI": "RUE DE CHARONNE", "NOM_NOTE": "Rue de Charonne", "EXP_GEO": 1, "INTERP": 0, "NUMEROTATI": 1, "NUM_QUART": 31 }, "geometry": { "type": "Point", "coordinates": [ 654237.270561397308484, 6861660.365116601809859 ] } },
{ "type": "Feature", "properties": { "fid": 14242, "PREFIXE 1": "RUE", "PREFIXE 2": "DE", "NOM_RUE": "CHARONNE", "NUMERO TXT": "35", "NOM_SAISI": "RUE DE CHARONNE", "NOM_NOTE": "Rue de Charonne", "EXP_GEO": 1, "INTERP": 0, "NUMEROTATI": 1, "NUM_QUART": 31 }, "geometry": { "type": "Point", "coordinates": [ 654254.533984911162406, 6861659.272347859106958 ] } },
{ "type": "Feature", "properties": { "fid": 14243, "PREFIXE 1": "RUE", "PREFIXE 2": "DE", "NOM_RUE": "CHARONNE", "NUMERO TXT": "37", "NOM_SAISI": "RUE DE CHARONNE", "NOM_NOTE": "Rue de Charonne", "EXP_GEO": 1, "INTERP": 0, "NUMEROTATI": 1, "NUM_QUART": 31 }, "geometry": { "type": "Point", "coordinates": [ 654289.58821973472368, 6861657.758397341705859 ] } },
{ "type": "Feature", "properties": { "fid": 14244, "PREFIXE 1": "RUE", "PREFIXE 2": "DE", "NOM_RUE": "CHARONNE", "NUMERO TXT": "39", "NOM_SAISI": "RUE DE CHARONNE", "NOM_NOTE": "Rue de Charonne", "EXP_GEO": 1, "INTERP": 0, "NUMEROTATI": 1, "NUM_QUART": 31 }, "geometry": { "type": "Point", "coordinates": [ 654320.195813520462252, 6861656.35106863733381 ] } },
{ "type": "Feature", "properties": { "fid": 14245, "PREFIXE 1": "RUE", "PREFIXE 2": "DE", "NOM_RUE": "CHARONNE", "NUMERO TXT": "41", "NOM_SAISI": "RUE DE CHARONNE", "NOM_NOTE": "Rue de Charonne", "EXP_GEO": 1, "INTERP": 0, "NUMEROTATI": 1, "NUM_QUART": 31 }, "geometry": { "type": "Point", "coordinates": [ 654346.2153743194649, 6861656.591644540429115 ] } },
{ "type": "Feature", "properties": { "fid": 14246, "PREFIXE 1": "RUE", "PREFIXE 2": "DE", "NOM_RUE": "CHARONNE", "NUMERO TXT": "43", "NOM_SAISI": "RUE DE CHARONNE", "NOM_NOTE": "Rue de Charonne", "EXP_GEO": 1, "INTERP": 0, "NUMEROTATI": 1, "NUM_QUART": 31 }, "geometry": { "type": "Point", "coordinates": [ 654364.731561185908504, 6861658.207293366082013 ] } },
{ "type": "Feature", "properties": { "fid": 14247, "PREFIXE 1": "RUE", "PREFIXE 2": "DE", "NOM_RUE": "CHARONNE", "NUMERO TXT": "45", "NOM_SAISI": "RUE DE CHARONNE", "NOM_NOTE": "Rue de Charonne", "EXP_GEO": 1, "INTERP": 0, "NUMEROTATI": 1, "NUM_QUART": 31 }, "geometry": { "type": "Point", "coordinates": [ 654380.346377462614328, 6861660.234473754651845 ] } },
{ "type": "Feature", "properties": { "fid": 14248, "PREFIXE 1": "RUE", "PREFIXE 2": "DE", "NOM_RUE": "CHARONNE", "NUMERO TXT": "47", "NOM_SAISI": "RUE DE CHARONNE", "NOM_NOTE": "Rue de Charonne", "EXP_GEO": 1, "INTERP": 0, "NUMEROTATI": 1, "NUM_QUART": 31 }, "geometry": { "type": "Point", "coordinates": [ 654394.579407912446186, 6861661.611096256412566 ] } },
{ "type": "Feature", "properties": { "fid": 14249, "PREFIXE 1": "RUE", "PREFIXE 2": "DE", "NOM_RUE": "CHARONNE", "NUMERO TXT": "49", "NOM_SAISI": "RUE DE CHARONNE", "NOM_NOTE": "Rue de Charonne", "EXP_GEO": 1, "INTERP": 0, "NUMEROTATI": 1, "NUM_QUART": 31 }, "geometry": { "type": "Point", "coordinates": [ 654424.102494372869842, 6861665.882141711190343 ] } },
{ "type": "Feature", "properties": { "fid": 14250, "PREFIXE 1": "RUE", "PREFIXE 2": "DE", "NOM_RUE": "CHARONNE", "NUMERO TXT": "51", "NOM_SAISI": "RUE DE CHARONNE", "NOM_NOTE": "Rue de Charonne", "EXP_GEO": 1, "INTERP": 0, "NUMEROTATI": 1, "NUM_QUART": 31 }, "geometry": { "type": "Point", "coordinates": [ 654445.249466687906533, 6861670.694495406001806 ] } },
{ "type": "Feature", "properties": { "fid": 14251, "PREFIXE 1": "RUE", "PREFIXE 2": "DE", "NOM_RUE": "CHARONNE", "NUMERO TXT": "53", "NOM_SAISI": "RUE DE CHARONNE", "NOM_NOTE": "Rue de Charonne", "EXP_GEO": 1, "INTERP": 0, "NUMEROTATI": 1, "NUM_QUART": 31 }, "geometry": { "type": "Point", "coordinates": [ 654459.744975407375023, 6861673.665178197436035 ] } },
{ "type": "Feature", "properties": { "fid": 14252, "PREFIXE 1": "RUE", "PREFIXE 2": "DE", "NOM_RUE": "CHARONNE", "NUMERO TXT": "55", "NOM_SAISI": "RUE DE CHARONNE", "NOM_NOTE": "Rue de Charonne", "EXP_GEO": 1, "INTERP": 0, "NUMEROTATI": 1, "NUM_QUART": 31 }, "geometry": { "type": "Point", "coordinates": [ 654475.498381759040058, 6861677.062141355127096 ] } },
{ "type": "Feature", "properties": { "fid": 14253, "PREFIXE 1": "RUE", "PREFIXE 2": "DE", "NOM_RUE": "CHARONNE", "NUMERO TXT": "57", "NOM_SAISI": "RUE DE CHARONNE", "NOM_NOTE": "Rue de Charonne", "EXP_GEO": 1, "INTERP": 0, "NUMEROTATI": 1, "NUM_QUART": 31 }, "geometry": { "type": "Point", "coordinates": [ 654491.169106820481829, 6861680.921448837034404 ] } },
{ "type": "Feature", "properties": { "fid": 14254, "PREFIXE 1": "RUE", "PREFIXE 2": "DE", "NOM_RUE": "CHARONNE", "NUMERO TXT": "59", "NOM_SAISI": "RUE DE CHARONNE", "NOM_NOTE": "Rue de Charonne", "EXP_GEO": 1, "INTERP": 0, "NUMEROTATI": 1, "NUM_QUART": 31 }, "geometry": { "type": "Point", "coordinates": [ 654501.507047721417621, 6861684.170742779038846 ] } },
{ "type": "Feature", "properties": { "fid": 14255, "PREFIXE 1": "RUE", "PREFIXE 2": "DE", "NOM_RUE": "CHARONNE", "NUMERO TXT": "61", "NOM_SAISI": "RUE DE CHARONNE", "NOM_NOTE": "Rue de Charonne", "EXP_GEO": 1, "INTERP": 0, "NUMEROTATI": 1, "NUM_QUART": 31 }, "geometry": { "type": "Point", "coordinates": [ 654510.920903897029348, 6861687.075022937729955 ] } },
{ "type": "Feature", "properties": { "fid": 14256, "PREFIXE 1": "RUE", "PREFIXE 2": "DE", "NOM_RUE": "CHARONNE", "NUMERO TXT": "63", "NOM_SAISI": "RUE DE CHARONNE", "NOM_NOTE": "Rue de Charonne", "EXP_GEO": 1, "INTERP": 0, "NUMEROTATI": 1, "NUM_QUART": 31 }, "geometry": { "type": "Point", "coordinates": [ 654519.692854552064091, 6861689.994710461236537 ] } },
{ "type": "Feature", "properties": { "fid": 14275, "PREFIXE 1": "RUE", "PREFIXE 2": null, "NOM_RUE": "BASFROI", "NUMERO TXT": "1", "NOM_SAISI": "RUE BASFROI", "NOM_NOTE": "Rue Basfoi", "EXP_GEO": 1, "INTERP": 0, "NUMEROTATI": 1, "NUM_QUART": 31 }, "geometry": { "type": "Point", "coordinates": [ 654524.717809859546833, 6861695.191744282841682 ] } },
{ "type": "Feature", "properties": { "fid": 14276, "PREFIXE 1": "RUE", "PREFIXE 2": null, "NOM_RUE": "BASFROI", "NUMERO TXT": "3", "NOM_SAISI": "RUE BASFROI", "NOM_NOTE": "Rue Basfoi", "EXP_GEO": 1, "INTERP": 0, "NUMEROTATI": 1, "NUM_QUART": 31 }, "geometry": { "type": "Point", "coordinates": [ 654520.460427903570235, 6861702.813748240470886 ] } },
{ "type": "Feature", "properties": { "fid": 14277, "PREFIXE 1": "RUE", "PREFIXE 2": null, "NOM_RUE": "BASFROI", "NUMERO TXT": "5", "NOM_SAISI": "RUE BASFROI", "NOM_NOTE": "Rue Basfoi", "EXP_GEO": 1, "INTERP": 0, "NUMEROTATI": 1, "NUM_QUART": 31 }, "geometry": { "type": "Point", "coordinates": [ 654516.915215471410193, 6861709.317374277859926 ] } },
{ "type": "Feature", "properties": { "fid": 14278, "PREFIXE 1": "RUE", "PREFIXE 2": null, "NOM_RUE": "BASFROI", "NUMERO TXT": "7", "NOM_SAISI": "RUE BASFROI", "NOM_NOTE": "Rue Basfoi", "EXP_GEO": 1, "INTERP": 0, "NUMEROTATI": 1, "NUM_QUART": 31 }, "geometry": { "type": "Point", "coordinates": [ 654513.909422136843204, 6861715.257481083273888 ] } },
{ "type": "Feature", "properties": { "fid": 14279, "PREFIXE 1": "RUE", "PREFIXE 2": null, "NOM_RUE": "BASFROI", "NUMERO TXT": "9", "NOM_SAISI": "RUE BASFROI", "NOM_NOTE": "Rue Basfoi", "EXP_GEO": 1, "INTERP": 0, "NUMEROTATI": 1, "NUM_QUART": 31 }, "geometry": { "type": "Point", "coordinates": [ 654508.800167279085144, 6861726.381507034413517 ] } },
{ "type": "Feature", "properties": { "fid": 14280, "PREFIXE 1": "RUE", "PREFIXE 2": null, "NOM_RUE": "BASFROI", "NUMERO TXT": "11", "NOM_SAISI": "RUE BASFROI", "NOM_NOTE": "Rue Basfoi", "EXP_GEO": 1, "INTERP": 0, "NUMEROTATI": 1, "NUM_QUART": 31 }, "geometry": { "type": "Point", "coordinates": [ 654498.35754127567634, 6861746.610075238160789 ] } },
{ "type": "Feature", "properties": { "fid": 14281, "PREFIXE 1": "RUE", "PREFIXE 2": null, "NOM_RUE": "BASFROI", "NUMERO TXT": "13", "NOM_SAISI": "RUE BASFROI", "NOM_NOTE": "Rue Basfoi", "EXP_GEO": 1, "INTERP": 0, "NUMEROTATI": 1, "NUM_QUART": 31 }, "geometry": { "type": "Point", "coordinates": [ 654479.028939290205017, 6861782.42613822594285 ] } },
{ "type": "Feature", "properties": { "fid": 14282, "PREFIXE 1": "RUE", "PREFIXE 2": null, "NOM_RUE": "BASFROI", "NUMERO TXT": "15", "NOM_SAISI": "RUE BASFROI", "NOM_NOTE": "Rue Basfoi", "EXP_GEO": 1, "INTERP": 0, "NUMEROTATI": 1, "NUM_QUART": 31 }, "geometry": { "type": "Point", "coordinates": [ 654471.76091401593294, 6861796.148736790753901 ] } },
{ "type": "Feature", "properties": { "fid": 14283, "PREFIXE 1": "RUE", "PREFIXE 2": null, "NOM_RUE": "BASFROI", "NUMERO TXT": "17", "NOM_SAISI": "RUE BASFROI", "NOM_NOTE": "Rue Basfoi", "EXP_GEO": 1, "INTERP": 0, "NUMEROTATI": 1, "NUM_QUART": 31 }, "geometry": { "type": "Point", "coordinates": [ 654462.144369976129383, 6861811.933845200575888 ] } },
{ "type": "Feature", "properties": { "fid": 14284, "PREFIXE 1": "RUE", "PREFIXE 2": null, "NOM_RUE": "BASFROI", "NUMERO TXT": "19", "NOM_SAISI": "RUE BASFROI", "NOM_NOTE": "Rue Basfoi", "EXP_GEO": 1, "INTERP": 0, "NUMEROTATI": 1, "NUM_QUART": 31 }, "geometry": { "type": "Point", "coordinates": [ 654458.45093551336322, 6861820.624927720986307 ] } },
{ "type": "Feature", "properties": { "fid": 14285, "PREFIXE 1": "RUE", "PREFIXE 2": null, "NOM_RUE": "BASFROI", "NUMERO TXT": "21", "NOM_SAISI": "RUE BASFROI", "NOM_NOTE": "Rue Basfoi", "EXP_GEO": 1, "INTERP": 0, "NUMEROTATI": 1, "NUM_QUART": 31 }, "geometry": { "type": "Point", "coordinates": [ 654451.16244169336278, 6861833.421509275212884 ] } },
{ "type": "Feature", "properties": { "fid": 14286, "PREFIXE 1": "RUE", "PREFIXE 2": null, "NOM_RUE": "BASFROI", "NUMERO TXT": "23", "NOM_SAISI": "RUE BASFROI", "NOM_NOTE": "Rue Basfoi", "EXP_GEO": 1, "INTERP": 0, "NUMEROTATI": 1, "NUM_QUART": 31 }, "geometry": { "type": "Point", "coordinates": [ 654443.002234107349068, 6861848.797128561884165 ] } },
{ "type": "Feature", "properties": { "fid": 14287, "PREFIXE 1": "RUE", "PREFIXE 2": null, "NOM_RUE": "BASFROI", "NUMERO TXT": "25", "NOM_SAISI": "RUE BASFROI", "NOM_NOTE": "Rue Basfoi", "EXP_GEO": 1, "INTERP": 0, "NUMEROTATI": 1, "NUM_QUART": 31 }, "geometry": { "type": "Point", "coordinates": [ 654435.75071353383828, 6861863.782723515294492 ] } },
{ "type": "Feature", "properties": { "fid": 14288, "PREFIXE 1": "RUE", "PREFIXE 2": null, "NOM_RUE": "BASFROI", "NUMERO TXT": "27", "NOM_SAISI": "RUE BASFROI", "NOM_NOTE": "Rue Basfoi", "EXP_GEO": 1, "INTERP": 0, "NUMEROTATI": 1, "NUM_QUART": 31 }, "geometry": { "type": "Point", "coordinates": [ 654426.349167506676167, 6861881.737718030810356 ] } },
{ "type": "Feature", "properties": { "fid": 14289, "PREFIXE 1": "RUE", "PREFIXE 2": null, "NOM_RUE": "BASFROI", "NUMERO TXT": "29", "NOM_SAISI": "RUE BASFROI", "NOM_NOTE": "Rue Basfoi", "EXP_GEO": 1, "INTERP": 0, "NUMEROTATI": 1, "NUM_QUART": 31 }, "geometry": { "type": "Point", "coordinates": [ 654418.913909764494747, 6861896.900571878068149 ] } },
{ "type": "Feature", "properties": { "fid": 14290, "PREFIXE 1": "RUE", "PREFIXE 2": null, "NOM_RUE": "BASFROI", "NUMERO TXT": "31", "NOM_SAISI": "RUE BASFROI", "NOM_NOTE": "Rue Basfoi", "EXP_GEO": 1, "INTERP": 0, "NUMEROTATI": 1, "NUM_QUART": 31 }, "geometry": { "type": "Point", "coordinates": [ 654414.983087919768877, 6861902.837769112549722 ] } },
{ "type": "Feature", "properties": { "fid": 14291, "PREFIXE 1": "RUE", "PREFIXE 2": null, "NOM_RUE": "BASFROI", "NUMERO TXT": "33", "NOM_SAISI": "RUE BASFROI", "NOM_NOTE": "Rue Basfoi", "EXP_GEO": 1, "INTERP": 0, "NUMEROTATI": 1, "NUM_QUART": 31 }, "geometry": { "type": "Point", "coordinates": [ 654410.412115687504411, 6861914.093521602451801 ] } },
{ "type": "Feature", "properties": { "fid": 14292, "PREFIXE 1": "RUE", "PREFIXE 2": null, "NOM_RUE": "BASFROI", "NUMERO TXT": "35", "NOM_SAISI": "RUE BASFROI", "NOM_NOTE": "Rue Basfoi", "EXP_GEO": 1, "INTERP": 0, "NUMEROTATI": 1, "NUM_QUART": 31 }, "geometry": { "type": "Point", "coordinates": [ 654395.787933086510748, 6861937.989569832570851 ] } },
{ "type": "Feature", "properties": { "fid": 14293, "PREFIXE 1": "RUE", "PREFIXE 2": null, "NOM_RUE": "BASFROI", "NUMERO TXT": "37", "NOM_SAISI": "RUE BASFROI", "NOM_NOTE": "Rue Basfoi", "EXP_GEO": 1, "INTERP": 0, "NUMEROTATI": 1, "NUM_QUART": 31 }, "geometry": { "type": "Point", "coordinates": [ 654392.60167250095401, 6861944.637987642548978 ] } },
{ "type": "Feature", "properties": { "fid": 14294, "PREFIXE 1": "RUE", "PREFIXE 2": null, "NOM_RUE": "BASFROI", "NUMERO TXT": "39", "NOM_SAISI": "RUE BASFROI", "NOM_NOTE": "Rue Basfoi", "EXP_GEO": 1, "INTERP": 0, "NUMEROTATI": 1, "NUM_QUART": 31 }, "geometry": { "type": "Point", "coordinates": [ 654388.340130834607407, 6861952.770054463297129 ] } },
{ "type": "Feature", "properties": { "fid": 14295, "PREFIXE 1": "RUE", "PREFIXE 2": null, "NOM_RUE": "BASFROI", "NUMERO TXT": "41", "NOM_SAISI": "RUE BASFROI", "NOM_NOTE": "Rue Basfoi", "EXP_GEO": 1, "INTERP": 0, "NUMEROTATI": 1, "NUM_QUART": 31 }, "geometry": { "type": "Point", "coordinates": [ 654375.726589824189432, 6861976.606548058800399 ] } },
{ "type": "Feature", "properties": { "fid": 14586, "PREFIXE 1": "RUE", "PREFIXE 2": null, "NOM_RUE": "BASFROI", "NUMERO TXT": "2", "NOM_SAISI": "RUE BASFROI", "NOM_NOTE": "Rue Basfoi", "EXP_GEO": 1, "INTERP": 1, "NUMEROTATI": 1, "NUM_QUART": 31 }, "geometry": { "type": "Point", "coordinates": [ 654539.309580390807241, 6861699.911807805299759 ] } },
{ "type": "Feature", "properties": { "fid": 14587, "PREFIXE 1": "RUE", "PREFIXE 2": null, "NOM_RUE": "BASFROI", "NUMERO TXT": "4", "NOM_SAISI": "RUE BASFROI", "NOM_NOTE": "Rue Basfoi", "EXP_GEO": 1, "INTERP": 1, "NUMEROTATI": 1, "NUM_QUART": 31 }, "geometry": { "type": "Point", "coordinates": [ 654529.435546972905286, 6861718.091134922578931 ] } },
{ "type": "Feature", "properties": { "fid": 14588, "PREFIXE 1": "RUE", "PREFIXE 2": null, "NOM_RUE": "BASFROI", "NUMERO TXT": "6", "NOM_SAISI": "RUE BASFROI", "NOM_NOTE": "Rue Basfoi", "EXP_GEO": 1, "INTERP": 1, "NUMEROTATI": 1, "NUM_QUART": 31 }, "geometry": { "type": "Point", "coordinates": [ 654520.800422790809534, 6861735.986833957023919 ] } },
{ "type": "Feature", "properties": { "fid": 14589, "PREFIXE 1": "RUE", "PREFIXE 2": null, "NOM_RUE": "BASFROI", "NUMERO TXT": "8", "NOM_SAISI": "RUE BASFROI", "NOM_NOTE": "Rue Basfoi", "EXP_GEO": 1, "INTERP": 1, "NUMEROTATI": 1, "NUM_QUART": 31 }, "geometry": { "type": "Point", "coordinates": [ 654510.686519312905148, 6861754.906052608974278 ] } },
{ "type": "Feature", "properties": { "fid": 14590, "PREFIXE 1": "RUE", "PREFIXE 2": null, "NOM_RUE": "BASFROI", "NUMERO TXT": "10", "NOM_SAISI": "RUE BASFROI", "NOM_NOTE": "Rue Basfoi", "EXP_GEO": 1, "INTERP": 1, "NUMEROTATI": 1, "NUM_QUART": 31 }, "geometry": { "type": "Point", "coordinates": [ 654499.112017662962899, 6861775.843285324983299 ] } },
{ "type": "Feature", "properties": { "fid": 14591, "PREFIXE 1": "RUE", "PREFIXE 2": null, "NOM_RUE": "BASFROI", "NUMERO TXT": "12", "NOM_SAISI": "RUE BASFROI", "NOM_NOTE": "Rue Basfoi", "EXP_GEO": 1, "INTERP": 1, "NUMEROTATI": 1, "NUM_QUART": 31 }, "geometry": { "type": "Point", "coordinates": [ 654488.528841645922512, 6861796.625517926178873 ] } },
{ "type": "Feature", "properties": { "fid": 14592, "PREFIXE 1": "RUE", "PREFIXE 2": null, "NOM_RUE": "BASFROI", "NUMERO TXT": "14", "NOM_SAISI": "RUE BASFROI", "NOM_NOTE": "Rue Basfoi", "EXP_GEO": 1, "INTERP": 1, "NUMEROTATI": 1, "NUM_QUART": 31 }, "geometry": { "type": "Point", "coordinates": [ 654479.036508973222226, 6861815.881852995604277 ] } },
{ "type": "Feature", "properties": { "fid": 14593, "PREFIXE 1": "RUE", "PREFIXE 2": null, "NOM_RUE": "BASFROI", "NUMERO TXT": "16", "NOM_SAISI": "RUE BASFROI", "NOM_NOTE": "Rue Basfoi", "EXP_GEO": 1, "INTERP": 1, "NUMEROTATI": 1, "NUM_QUART": 31 }, "geometry": { "type": "Point", "coordinates": [ 654468.65118409297429, 6861834.154276783578098 ] } },
{ "type": "Feature", "properties": { "fid": 14594, "PREFIXE 1": "RUE", "PREFIXE 2": null, "NOM_RUE": "BASFROI", "NUMERO TXT": "18", "NOM_SAISI": "RUE BASFROI", "NOM_NOTE": "Rue Basfoi", "EXP_GEO": 1, "INTERP": 1, "NUMEROTATI": 1, "NUM_QUART": 31 }, "geometry": { "type": "Point", "coordinates": [ 654459.615999842295423, 6861851.395784458145499 ] } },
{ "type": "Feature", "properties": { "fid": 14595, "PREFIXE 1": "RUE", "PREFIXE 2": null, "NOM_RUE": "BASFROI", "NUMERO TXT": "20", "NOM_SAISI": "RUE BASFROI", "NOM_NOTE": "Rue Basfoi", "EXP_GEO": 1, "INTERP": 1, "NUMEROTATI": 1, "NUM_QUART": 31 }, "geometry": { "type": "Point", "coordinates": [ 654450.825617093360052, 6861868.501840390264988 ] } },
{ "type": "Feature", "properties": { "fid": 14596, "PREFIXE 1": "RUE", "PREFIXE 2": null, "NOM_RUE": "BASFROI", "NUMERO TXT": "22", "NOM_SAISI": "RUE BASFROI", "NOM_NOTE": "Rue Basfoi", "EXP_GEO": 1, "INTERP": 1, "NUMEROTATI": 1, "NUM_QUART": 31 }, "geometry": { "type": "Point", "coordinates": [ 654441.665987163432874, 6861885.982903955504298 ] } },
{ "type": "Feature", "properties": { "fid": 14597, "PREFIXE 1": "RUE", "PREFIXE 2": null, "NOM_RUE": "BASFROI", "NUMERO TXT": "24", "NOM_SAISI": "RUE BASFROI", "NOM_NOTE": "Rue Basfoi", "EXP_GEO": 1, "INTERP": 1, "NUMEROTATI": 1, "NUM_QUART": 31 }, "geometry": { "type": "Point", "coordinates": [ 654433.472246368648484, 6861901.821535382419825 ] } },
{ "type": "Feature", "properties": { "fid": 14598, "PREFIXE 1": "RUE", "PREFIXE 2": null, "NOM_RUE": "BASFROI", "NUMERO TXT": "26", "NOM_SAISI": "RUE BASFROI", "NOM_NOTE": "Rue Basfoi", "EXP_GEO": 1, "INTERP": 1, "NUMEROTATI": 1, "NUM_QUART": 31 }, "geometry": { "type": "Point", "coordinates": [ 654423.331337363575585, 6861920.429812930524349 ] } },
{ "type": "Feature", "properties": { "fid": 14599, "PREFIXE 1": "RUE", "PREFIXE 2": null, "NOM_RUE": "BASFROI", "NUMERO TXT": "28", "NOM_SAISI": "RUE BASFROI", "NOM_NOTE": "Rue Basfoi", "EXP_GEO": 1, "INTERP": 1, "NUMEROTATI": 1, "NUM_QUART": 31 }, "geometry": { "type": "Point", "coordinates": [ 654414.639616, 6861936.516174380667508 ] } },
{ "type": "Feature", "properties": { "fid": 14600, "PREFIXE 1": "RUE", "PREFIXE 2": null, "NOM_RUE": "BASFROI", "NUMERO TXT": "30", "NOM_SAISI": "RUE BASFROI", "NOM_NOTE": "Rue Basfoi", "EXP_GEO": 1, "INTERP": 1, "NUMEROTATI": 1, "NUM_QUART": 31 }, "geometry": { "type": "Point", "coordinates": [ 654402.512526167673059, 6861959.437427786178887 ] } },
{ "type": "Feature", "properties": { "fid": 14601, "PREFIXE 1": "RUE", "PREFIXE 2": null, "NOM_RUE": "BASFROI", "NUMERO TXT": "32", "NOM_SAISI": "RUE BASFROI", "NOM_NOTE": "Rue Basfoi", "EXP_GEO": 1, "INTERP": 1, "NUMEROTATI": 1, "NUM_QUART": 31 }, "geometry": { "type": "Point", "coordinates": [ 654392.074757502996363, 6861979.333955521695316 ] } },
{ "type": "Feature", "properties": { "fid": 14602, "PREFIXE 1": "RUE", "PREFIXE 2": null, "NOM_RUE": "BASFROI", "NUMERO TXT": "34", "NOM_SAISI": "RUE BASFROI", "NOM_NOTE": "Rue Basfoi", "EXP_GEO": 1, "INTERP": 1, "NUMEROTATI": 1, "NUM_QUART": 31 }, "geometry": { "type": "Point", "coordinates": [ 654383.148135903873481, 6861996.647518321871758 ] } },
{ "type": "Feature", "properties": { "fid": 14603, "PREFIXE 1": "RUE", "PREFIXE 2": null, "NOM_RUE": "BASFROI", "NUMERO TXT": "36", "NOM_SAISI": "RUE BASFROI", "NOM_NOTE": "Rue Basfoi", "EXP_GEO": 1, "INTERP": 1, "NUMEROTATI": 1, "NUM_QUART": 31 }, "geometry": { "type": "Point", "coordinates": [ 654373.634143982082605, 6862016.201053860597312 ] } },
{ "type": "Feature", "properties": { "fid": 14605, "PREFIXE 1": "CUL-DE-SAC", "PREFIXE 2": null, "NOM_RUE": "MORTAGNE", "NUMERO TXT": null, "NOM_SAISI": "CUL-DE-SAC MORTAGNE", "NOM_NOTE": "Cul de sac Mortagne", "EXP_GEO": 1, "INTERP": 1, "NUMEROTATI": 0, "NUM_QUART": 31 }, "geometry": { "type": "Point", "coordinates": [ 654330.872623458504677, 6861678.859176835045218 ] } },
{ "type": "Feature", "properties": { "fid": 14607, "PREFIXE 1": "RUE", "PREFIXE 2": "DE", "NOM_RUE": "CHARONNE", "NUMERO TXT": "67", "NOM_SAISI": "RUE DE CHARONNE", "NOM_NOTE": "Rue de Charonne", "EXP_GEO": 1, "INTERP": 1, "NUMEROTATI": 1, "NUM_QUART": 31 }, "geometry": { "type": "Point", "coordinates": [ 654560.331371761276387, 6861702.429129226133227 ] } },
{ "type": "Feature", "properties": { "fid": 14608, "PREFIXE 1": "RUE", "PREFIXE 2": "DE", "NOM_RUE": "CHARONNE", "NUMERO TXT": "69", "NOM_SAISI": "RUE DE CHARONNE", "NOM_NOTE": "Rue de Charonne", "EXP_GEO": 1, "INTERP": 1, "NUMEROTATI": 1, "NUM_QUART": 31 }, "geometry": { "type": "Point", "coordinates": [ 654572.749630551668815, 6861706.452518162317574 ] } },
{ "type": "Feature", "properties": { "fid": 14609, "PREFIXE 1": "RUE", "PREFIXE 2": "DE", "NOM_RUE": "CHARONNE", "NUMERO TXT": "71", "NOM_SAISI": "RUE DE CHARONNE", "NOM_NOTE": "Rue de Charonne", "EXP_GEO": 1, "INTERP": 1, "NUMEROTATI": 1, "NUM_QUART": 31 }, "geometry": { "type": "Point", "coordinates": [ 654582.84839023463428, 6861709.780791765078902 ] } },
{ "type": "Feature", "properties": { "fid": 14610, "PREFIXE 1": "RUE", "PREFIXE 2": "DE", "NOM_RUE": "CHARONNE", "NUMERO TXT": "73", "NOM_SAISI": "RUE DE CHARONNE", "NOM_NOTE": "Rue de Charonne", "EXP_GEO": 1, "INTERP": 1, "NUMEROTATI": 1, "NUM_QUART": 31 }, "geometry": { "type": "Point", "coordinates": [ 654594.700009018881246, 6861713.507376631721854 ] } },
{ "type": "Feature", "properties": { "fid": 14611, "PREFIXE 1": "RUE", "PREFIXE 2": "DE", "NOM_RUE": "CHARONNE", "NUMERO TXT": "75", "NOM_SAISI": "RUE DE CHARONNE", "NOM_NOTE": "Rue de Charonne", "EXP_GEO": 1, "INTERP": 1, "NUMEROTATI": 1, "NUM_QUART": 31 }, "geometry": { "type": "Point", "coordinates": [ 654605.424229930038564, 6861716.948387814685702 ] } },
{ "type": "Feature", "properties": { "fid": 14612, "PREFIXE 1": "RUE", "PREFIXE 2": "DE", "NOM_RUE": "CHARONNE", "NUMERO TXT": "77", "NOM_SAISI": "RUE DE CHARONNE", "NOM_NOTE": "Rue de Charonne", "EXP_GEO": 1, "INTERP": 1, "NUMEROTATI": 1, "NUM_QUART": 31 }, "geometry": { "type": "Point", "coordinates": [ 654617.053089584107511, 6861720.432625046931207 ] } },
{ "type": "Feature", "properties": { "fid": 14613, "PREFIXE 1": "RUE", "PREFIXE 2": "DE", "NOM_RUE": "CHARONNE", "NUMERO TXT": "79", "NOM_SAISI": "RUE DE CHARONNE", "NOM_NOTE": "Rue de Charonne", "EXP_GEO": 1, "INTERP": 1, "NUMEROTATI": 1, "NUM_QUART": 31 }, "geometry": { "type": "Point", "coordinates": [ 654630.093359809950925, 6861724.385869943536818 ] } },
{ "type": "Feature", "properties": { "fid": 14614, "PREFIXE 1": "RUE", "PREFIXE 2": "DE", "NOM_RUE": "CHARONNE", "NUMERO TXT": "81", "NOM_SAISI": "RUE DE CHARONNE", "NOM_NOTE": "Rue de Charonne", "EXP_GEO": 1, "INTERP": 1, "NUMEROTATI": 1, "NUM_QUART": 31 }, "geometry": { "type": "Point", "coordinates": [ 654643.421155577292666, 6861728.708651751279831 ] } },
{ "type": "Feature", "properties": { "fid": 14615, "PREFIXE 1": "RUE", "PREFIXE 2": "DE", "NOM_RUE": "CHARONNE", "NUMERO TXT": "83", "NOM_SAISI": "RUE DE CHARONNE", "NOM_NOTE": "Rue de Charonne", "EXP_GEO": 1, "INTERP": 1, "NUMEROTATI": 1, "NUM_QUART": 31 }, "geometry": { "type": "Point", "coordinates": [ 654657.784149781335145, 6861733.384668637998402 ] } },
{ "type": "Feature", "properties": { "fid": 14616, "PREFIXE 1": "RUE", "PREFIXE 2": "DE", "NOM_RUE": "CHARONNE", "NUMERO TXT": "85", "NOM_SAISI": "RUE DE CHARONNE", "NOM_NOTE": "Rue de Charonne", "EXP_GEO": 1, "INTERP": 1, "NUMEROTATI": 1, "NUM_QUART": 31 }, "geometry": { "type": "Point", "coordinates": [ 654672.394057935802266, 6861737.932195045985281 ] } },
{ "type": "Feature", "properties": { "fid": 14617, "PREFIXE 1": "RUE", "PREFIXE 2": "DE", "NOM_RUE": "CHARONNE", "NUMERO TXT": "87", "NOM_SAISI": "RUE DE CHARONNE", "NOM_NOTE": "Rue de Charonne", "EXP_GEO": 1, "INTERP": 1, "NUMEROTATI": 1, "NUM_QUART": 31 }, "geometry": { "type": "Point", "coordinates": [ 654686.952292232424952, 6861743.044601642526686 ] } },
{ "type": "Feature", "properties": { "fid": 14618, "PREFIXE 1": "RUE", "PREFIXE 2": "DE", "NOM_RUE": "CHARONNE", "NUMERO TXT": "89", "NOM_SAISI": "RUE DE CHARONNE", "NOM_NOTE": "Rue de Charonne", "EXP_GEO": 1, "INTERP": 1, "NUMEROTATI": 1, "NUM_QUART": 31 }, "geometry": { "type": "Point", "coordinates": [ 654700.822767342673615, 6861748.049052034504712 ] } },
{ "type": "Feature", "properties": { "fid": 14619, "PREFIXE 1": "RUE", "PREFIXE 2": "DE", "NOM_RUE": "CHARONNE", "NUMERO TXT": "91", "NOM_SAISI": "RUE DE CHARONNE", "NOM_NOTE": "Rue de Charonne", "EXP_GEO": 1, "INTERP": 1, "NUMEROTATI": 1, "NUM_QUART": 31 }, "geometry": { "type": "Point", "coordinates": [ 654713.994923579739407, 6861752.383490360341966 ] } },
{ "type": "Feature", "properties": { "fid": 14620, "PREFIXE 1": "RUE", "PREFIXE 2": "DE", "NOM_RUE": "CHARONNE", "NUMERO TXT": "93", "NOM_SAISI": "RUE DE CHARONNE", "NOM_NOTE": "Rue de Charonne", "EXP_GEO": 1, "INTERP": 1, "NUMEROTATI": 1, "NUM_QUART": 31 }, "geometry": { "type": "Point", "coordinates": [ 654729.252657329896465, 6861758.235790926963091 ] } },
{ "type": "Feature", "properties": { "fid": 14621, "PREFIXE 1": "RUE", "PREFIXE 2": "DE", "NOM_RUE": "CHARONNE", "NUMERO TXT": "95", "NOM_SAISI": "RUE DE CHARONNE", "NOM_NOTE": "Rue de Charonne", "EXP_GEO": 1, "INTERP": 1, "NUMEROTATI": 1, "NUM_QUART": 31 }, "geometry": { "type": "Point", "coordinates": [ 654744.878409255761653, 6861763.770076905377209 ] } },
{ "type": "Feature", "properties": { "fid": 14622, "PREFIXE 1": "RUE", "PREFIXE 2": "DE", "NOM_RUE": "CHARONNE", "NUMERO TXT": "97", "NOM_SAISI": "RUE DE CHARONNE", "NOM_NOTE": "Rue de Charonne", "EXP_GEO": 1, "INTERP": 1, "NUMEROTATI": 1, "NUM_QUART": 31 }, "geometry": { "type": "Point", "coordinates": [ 654758.059929320239462, 6861768.60933253262192 ] } },
{ "type": "Feature", "properties": { "fid": 14623, "PREFIXE 1": "RUE", "PREFIXE 2": "DE", "NOM_RUE": "CHARONNE", "NUMERO TXT": "65", "NOM_SAISI": "RUE DE CHARONNE", "NOM_NOTE": "Rue de Charonne", "EXP_GEO": 1, "INTERP": 1, "NUMEROTATI": 1, "NUM_QUART": 31 }, "geometry": { "type": "Point", "coordinates": [ 654546.322065934538841, 6861698.318451053462923 ] } },
{ "type": "Feature", "properties": { "fid": 14624, "PREFIXE 1": "RUE", "PREFIXE 2": "DE", "NOM_RUE": "CHARONNE", "NUMERO TXT": "99", "NOM_SAISI": "RUE DE CHARONNE", "NOM_NOTE": "Rue de Charonne", "EXP_GEO": 1, "INTERP": 1, "NUMEROTATI": 1, "NUM_QUART": 31 }, "geometry": { "type": "Point", "coordinates": [ 654773.559893141500652, 6861774.087977100163698 ] } },
{ "type": "Feature", "properties": { "fid": 14625, "PREFIXE 1": "RUE", "PREFIXE 2": "DE", "NOM_RUE": "CHARONNE", "NUMERO TXT": "101", "NOM_SAISI": "RUE DE CHARONNE", "NOM_NOTE": "Rue de Charonne", "EXP_GEO": 1, "INTERP": 1, "NUMEROTATI": 1, "NUM_QUART": 31 }, "geometry": { "type": "Point", "coordinates": [ 654789.365650653955527, 6861779.249864712357521 ] } },
{ "type": "Feature", "properties": { "fid": 14626, "PREFIXE 1": "RUE", "PREFIXE 2": "DE", "NOM_RUE": "CHARONNE", "NUMERO TXT": "103", "NOM_SAISI": "RUE DE CHARONNE", "NOM_NOTE": "Rue de Charonne", "EXP_GEO": 1, "INTERP": 1, "NUMEROTATI": 1, "NUM_QUART": 31 }, "geometry": { "type": "Point", "coordinates": [ 654805.053756148787215, 6861784.791415248066187 ] } },
{ "type": "Feature", "properties": { "fid": 14627, "PREFIXE 1": "RUE", "PREFIXE 2": "DE", "NOM_RUE": "CHARONNE", "NUMERO TXT": "105", "NOM_SAISI": "RUE DE CHARONNE", "NOM_NOTE": "Rue de Charonne", "EXP_GEO": 1, "INTERP": 1, "NUMEROTATI": 1, "NUM_QUART": 31 }, "geometry": { "type": "Point", "coordinates": [ 654820.163687515421771, 6861789.409802499227226 ] } },
{ "type": "Feature", "properties": { "fid": 14628, "PREFIXE 1": "RUE", "PREFIXE 2": "DE", "NOM_RUE": "CHARONNE", "NUMERO TXT": "107", "NOM_SAISI": "RUE DE CHARONNE", "NOM_NOTE": "Rue de Charonne", "EXP_GEO": 1, "INTERP": 1, "NUMEROTATI": 1, "NUM_QUART": 31 }, "geometry": { "type": "Point", "coordinates": [ 654836.836276026093401, 6861794.247328977100551 ] } },
{ "type": "Feature", "properties": { "fid": 14629, "PREFIXE 1": "RUE", "PREFIXE 2": "DE", "NOM_RUE": "CHARONNE", "NUMERO TXT": "109", "NOM_SAISI": "RUE DE CHARONNE", "NOM_NOTE": "Rue de Charonne", "EXP_GEO": 1, "INTERP": 1, "NUMEROTATI": 1, "NUM_QUART": 31 }, "geometry": { "type": "Point", "coordinates": [ 654852.551040537771769, 6861799.54480906855315 ] } },
{ "type": "Feature", "properties": { "fid": 14630, "PREFIXE 1": "RUE", "PREFIXE 2": "DE", "NOM_RUE": "CHARONNE", "NUMERO TXT": "111", "NOM_SAISI": "RUE DE CHARONNE", "NOM_NOTE": "Rue de Charonne", "EXP_GEO": 1, "INTERP": 1, "NUMEROTATI": 1, "NUM_QUART": 31 }, "geometry": { "type": "Point", "coordinates": [ 654867.739544186275452, 6861805.043037795461714 ] } },
{ "type": "Feature", "properties": { "fid": 14643, "PREFIXE 1": "RUE", "PREFIXE 2": "DE", "NOM_RUE": "LAPPE", "NUMERO TXT": "5", "NOM_SAISI": "RUE DE LAPPE", "NOM_NOTE": "Rue de Lappe", "EXP_GEO": 1, "INTERP": 1, "NUMEROTATI": 1, "NUM_QUART": 31 }, "geometry": { "type": "Point", "coordinates": [ 653905.699987071217038, 6861754.552657743915915 ] } },
{ "type": "Feature", "properties": { "fid": 14644, "PREFIXE 1": "RUE", "PREFIXE 2": "DE", "NOM_RUE": "LAPPE", "NUMERO TXT": "7", "NOM_SAISI": "RUE DE LAPPE", "NOM_NOTE": "Rue de Lappe", "EXP_GEO": 1, "INTERP": 1, "NUMEROTATI": 1, "NUM_QUART": 31 }, "geometry": { "type": "Point", "coordinates": [ 653911.466045437147841, 6861749.838768310844898 ] } },
{ "type": "Feature", "properties": { "fid": 14645, "PREFIXE 1": "RUE", "PREFIXE 2": "DE", "NOM_RUE": "LAPPE", "NUMERO TXT": "9", "NOM_SAISI": "RUE DE LAPPE", "NOM_NOTE": "Rue de Lappe", "EXP_GEO": 1, "INTERP": 1, "NUMEROTATI": 1, "NUM_QUART": 31 }, "geometry": { "type": "Point", "coordinates": [ 653916.745605365606025, 6861745.754444502294064 ] } },
{ "type": "Feature", "properties": { "fid": 14646, "PREFIXE 1": "RUE", "PREFIXE 2": "DE", "NOM_RUE": "LAPPE", "NUMERO TXT": "11", "NOM_SAISI": "RUE DE LAPPE", "NOM_NOTE": "Rue de Lappe", "EXP_GEO": 1, "INTERP": 1, "NUMEROTATI": 1, "NUM_QUART": 31 }, "geometry": { "type": "Point", "coordinates": [ 653923.267994889523834, 6861741.516619595699012 ] } },
{ "type": "Feature", "properties": { "fid": 14647, "PREFIXE 1": "RUE", "PREFIXE 2": "DE", "NOM_RUE": "LAPPE", "NUMERO TXT": "13", "NOM_SAISI": "RUE DE LAPPE", "NOM_NOTE": "Rue de Lappe", "EXP_GEO": 1, "INTERP": 1, "NUMEROTATI": 1, "NUM_QUART": 31 }, "geometry": { "type": "Point", "coordinates": [ 653929.285102951806039, 6861736.918533616699278 ] } },
{ "type": "Feature", "properties": { "fid": 14648, "PREFIXE 1": "RUE", "PREFIXE 2": "DE", "NOM_RUE": "LAPPE", "NUMERO TXT": "15", "NOM_SAISI": "RUE DE LAPPE", "NOM_NOTE": "Rue de Lappe", "EXP_GEO": 1, "INTERP": 1, "NUMEROTATI": 1, "NUM_QUART": 31 }, "geometry": { "type": "Point", "coordinates": [ 653935.419530409155414, 6861731.945480918511748 ] } },
{ "type": "Feature", "properties": { "fid": 14649, "PREFIXE 1": "RUE", "PREFIXE 2": "DE", "NOM_RUE": "LAPPE", "NUMERO TXT": "17", "NOM_SAISI": "RUE DE LAPPE", "NOM_NOTE": "Rue de Lappe", "EXP_GEO": 1, "INTERP": 1, "NUMEROTATI": 1, "NUM_QUART": 31 }, "geometry": { "type": "Point", "coordinates": [ 653941.687804225948639, 6861727.463799991644919 ] } },
{ "type": "Feature", "properties": { "fid": 14650, "PREFIXE 1": "RUE", "PREFIXE 2": "DE", "NOM_RUE": "LAPPE", "NUMERO TXT": "19", "NOM_SAISI": "RUE DE LAPPE", "NOM_NOTE": "Rue de Lappe", "EXP_GEO": 1, "INTERP": 1, "NUMEROTATI": 1, "NUM_QUART": 31 }, "geometry": { "type": "Point", "coordinates": [ 653947.464952672598884, 6861723.364537155255675 ] } },
{ "type": "Feature", "properties": { "fid": 14651, "PREFIXE 1": "RUE", "PREFIXE 2": "DE", "NOM_RUE": "LAPPE", "NUMERO TXT": "21", "NOM_SAISI": "RUE DE LAPPE", "NOM_NOTE": "Rue de Lappe", "EXP_GEO": 1, "INTERP": 1, "NUMEROTATI": 1, "NUM_QUART": 31 }, "geometry": { "type": "Point", "coordinates": [ 653954.461200254387222, 6861717.873324003070593 ] } },
{ "type": "Feature", "properties": { "fid": 14652, "PREFIXE 1": "RUE", "PREFIXE 2": "DE", "NOM_RUE": "LAPPE", "NUMERO TXT": "23", "NOM_SAISI": "RUE DE LAPPE", "NOM_NOTE": "Rue de Lappe", "EXP_GEO": 1, "INTERP": 1, "NUMEROTATI": 1, "NUM_QUART": 31 }, "geometry": { "type": "Point", "coordinates": [ 653962.273869006312452, 6861712.733383754268289 ] } },
{ "type": "Feature", "properties": { "fid": 14653, "PREFIXE 1": "RUE", "PREFIXE 2": "DE", "NOM_RUE": "LAPPE", "NUMERO TXT": "25", "NOM_SAISI": "RUE DE LAPPE", "NOM_NOTE": "Rue de Lappe", "EXP_GEO": 1, "INTERP": 1, "NUMEROTATI": 1, "NUM_QUART": 31 }, "geometry": { "type": "Point", "coordinates": [ 653969.522421564674005, 6861707.419977884739637 ] } },
{ "type": "Feature", "properties": { "fid": 14654, "PREFIXE 1": "RUE", "PREFIXE 2": "DE", "NOM_RUE": "LAPPE", "NUMERO TXT": "27", "NOM_SAISI": "RUE DE LAPPE", "NOM_NOTE": "Rue de Lappe", "EXP_GEO": 1, "INTERP": 1, "NUMEROTATI": 1, "NUM_QUART": 31 }, "geometry": { "type": "Point", "coordinates": [ 653976.585206931689754, 6861702.171942885033786 ] } },
{ "type": "Feature", "properties": { "fid": 14655, "PREFIXE 1": "RUE", "PREFIXE 2": "DE", "NOM_RUE": "LAPPE", "NUMERO TXT": "29", "NOM_SAISI": "RUE DE LAPPE", "NOM_NOTE": "Rue de Lappe", "EXP_GEO": 1, "INTERP": 1, "NUMEROTATI": 1, "NUM_QUART": 31 }, "geometry": { "type": "Point", "coordinates": [ 653985.372155962744728, 6861695.890374164097011 ] } },
{ "type": "Feature", "properties": { "fid": 14656, "PREFIXE 1": "RUE", "PREFIXE 2": "DE", "NOM_RUE": "LAPPE", "NUMERO TXT": "31", "NOM_SAISI": "RUE DE LAPPE", "NOM_NOTE": "Rue de Lappe", "EXP_GEO": 1, "INTERP": 1, "NUMEROTATI": 1, "NUM_QUART": 31 }, "geometry": { "type": "Point", "coordinates": [ 653994.708484965376556, 6861689.036453755572438 ] } },
{ "type": "Feature", "properties": { "fid": 14657, "PREFIXE 1": "RUE", "PREFIXE 2": "DE", "NOM_RUE": "LAPPE", "NUMERO TXT": "33", "NOM_SAISI": "RUE DE LAPPE", "NOM_NOTE": "Rue de Lappe", "EXP_GEO": 1, "INTERP": 1, "NUMEROTATI": 1, "NUM_QUART": 31 }, "geometry": { "type": "Point", "coordinates": [ 654004.116448052227497, 6861682.675046987831593 ] } },
{ "type": "Feature", "properties": { "fid": 14658, "PREFIXE 1": "RUE", "PREFIXE 2": "DE", "NOM_RUE": "LAPPE", "NUMERO TXT": "35", "NOM_SAISI": "RUE DE LAPPE", "NOM_NOTE": "Rue de Lappe", "EXP_GEO": 1, "INTERP": 1, "NUMEROTATI": 1, "NUM_QUART": 31 }, "geometry": { "type": "Point", "coordinates": [ 654012.462001092964783, 6861676.151647383347154 ] } },
{ "type": "Feature", "properties": { "fid": 14659, "PREFIXE 1": "RUE", "PREFIXE 2": "DE", "NOM_RUE": "LAPPE", "NUMERO TXT": "37", "NOM_SAISI": "RUE DE LAPPE", "NOM_NOTE": "Rue de Lappe", "EXP_GEO": 1, "INTERP": 1, "NUMEROTATI": 1, "NUM_QUART": 31 }, "geometry": { "type": "Point", "coordinates": [ 654020.50805689021945, 6861670.254064911045134 ] } },
{ "type": "Feature", "properties": { "fid": 14660, "PREFIXE 1": "RUE", "PREFIXE 2": "DE", "NOM_RUE": "LAPPE", "NUMERO TXT": "39", "NOM_SAISI": "RUE DE LAPPE", "NOM_NOTE": "Rue de Lappe", "EXP_GEO": 1, "INTERP": 1, "NUMEROTATI": 1, "NUM_QUART": 31 }, "geometry": { "type": "Point", "coordinates": [ 654027.878648998797871, 6861664.867651826702058 ] } },
{ "type": "Feature", "properties": { "fid": 14661, "PREFIXE 1": "RUE", "PREFIXE 2": "DE", "NOM_RUE": "LAPPE", "NUMERO TXT": "41", "NOM_SAISI": "RUE DE LAPPE", "NOM_NOTE": "Rue de Lappe", "EXP_GEO": 1, "INTERP": 1, "NUMEROTATI": 1, "NUM_QUART": 31 }, "geometry": { "type": "Point", "coordinates": [ 654037.404223625198938, 6861658.187654963694513 ] } },
{ "type": "Feature", "properties": { "fid": 14662, "PREFIXE 1": "RUE", "PREFIXE 2": "DE", "NOM_RUE": "LAPPE", "NUMERO TXT": "43", "NOM_SAISI": "RUE DE LAPPE", "NOM_NOTE": "Rue de Lappe", "EXP_GEO": 1, "INTERP": 1, "NUMEROTATI": 1, "NUM_QUART": 31 }, "geometry": { "type": "Point", "coordinates": [ 654048.222609635908157, 6861650.730269089341164 ] } },
{ "type": "Feature", "properties": { "fid": 14663, "PREFIXE 1": "RUE", "PREFIXE 2": "DE", "NOM_RUE": "LAPPE", "NUMERO TXT": "45", "NOM_SAISI": "RUE DE LAPPE", "NOM_NOTE": "Rue de Lappe", "EXP_GEO": 1, "INTERP": 1, "NUMEROTATI": 1, "NUM_QUART": 31 }, "geometry": { "type": "Point", "coordinates": [ 654056.079784959321842, 6861644.769846500828862 ] } },
{ "type": "Feature", "properties": { "fid": 14664, "PREFIXE 1": "RUE", "PREFIXE 2": "DE", "NOM_RUE": "LAPPE", "NUMERO TXT": "47", "NOM_SAISI": "RUE DE LAPPE", "NOM_NOTE": "Rue de Lappe", "EXP_GEO": 1, "INTERP": 1, "NUMEROTATI": 1, "NUM_QUART": 31 }, "geometry": { "type": "Point", "coordinates": [ 654064.864704176201485, 6861638.475330611690879 ] } },
{ "type": "Feature", "properties": { "fid": 14665, "PREFIXE 1": "RUE", "PREFIXE 2": "DE", "NOM_RUE": "LAPPE", "NUMERO TXT": "49", "NOM_SAISI": "RUE DE LAPPE", "NOM_NOTE": "Rue de Lappe", "EXP_GEO": 1, "INTERP": 1, "NUMEROTATI": 1, "NUM_QUART": 31 }, "geometry": { "type": "Point", "coordinates": [ 654071.988924390519969, 6861633.274979750625789 ] } },
{ "type": "Feature", "properties": { "fid": 14666, "PREFIXE 1": "RUE", "PREFIXE 2": "DE", "NOM_RUE": "LAPPE", "NUMERO TXT": "51", "NOM_SAISI": "RUE DE LAPPE", "NOM_NOTE": "Rue de Lappe", "EXP_GEO": 1, "INTERP": 1, "NUMEROTATI": 1, "NUM_QUART": 31 }, "geometry": { "type": "Point", "coordinates": [ 654079.547668486717157, 6861628.00097578857094 ] } },
{ "type": "Feature", "properties": { "fid": 14667, "PREFIXE 1": "RUE", "PREFIXE 2": "DE", "NOM_RUE": "LAPPE", "NUMERO TXT": "53", "NOM_SAISI": "RUE DE LAPPE", "NOM_NOTE": "Rue de Lappe", "EXP_GEO": 1, "INTERP": 1, "NUMEROTATI": 1, "NUM_QUART": 31 }, "geometry": { "type": "Point", "coordinates": [ 654087.092704311246052, 6861622.043422458693385 ] } },
{ "type": "Feature", "properties": { "fid": 14668, "PREFIXE 1": "RUE", "PREFIXE 2": "DE", "NOM_RUE": "LAPPE", "NUMERO TXT": "55", "NOM_SAISI": "RUE DE LAPPE", "NOM_NOTE": "Rue de Lappe", "EXP_GEO": 1, "INTERP": 1, "NUMEROTATI": 1, "NUM_QUART": 31 }, "geometry": { "type": "Point", "coordinates": [ 654094.218908732756972, 6861616.964166734367609 ] } },
{ "type": "Feature", "properties": { "fid": 14670, "PREFIXE 1": "CUL-DE-SAC", "PREFIXE 2": "DE LA", "NOM_RUE": "ROQUETTE", "NUMERO TXT": null, "NOM_SAISI": "CUL-DE-SAC DE LA ROQUETTE", "NOM_NOTE": "Cul de sac de la Roquette", "EXP_GEO": 1, "INTERP": 1, "NUMEROTATI": 0, "NUM_QUART": 31 }, "geometry": { "type": "Point", "coordinates": [ 654310.985550828278065, 6861915.589916145429015 ] } },
{ "type": "Feature", "properties": { "fid": 14913, "PREFIXE 1": "RUE", "PREFIXE 2": null, "NOM_RUE": "NEUVE-SAINTE-CATHERINE", "NUMERO TXT": "1", "NOM_SAISI": "RUE NEUVE-SAINTE-CATHERINE", "NOM_NOTE": "Rue Ne. St. Catherine", "EXP_GEO": 1, "INTERP": 0, "NUMEROTATI": 1, "NUM_QUART": 32 }, "geometry": { "type": "Point", "coordinates": [ 653339.221369800972752, 6862014.728855254128575 ] } },
{ "type": "Feature", "properties": { "fid": 14926, "PREFIXE 1": "RUE", "PREFIXE 2": null, "NOM_RUE": "NEUVE-SAINTE-CATHERINE", "NUMERO TXT": "2", "NOM_SAISI": "RUE NEUVE-SAINTE-CATHERINE", "NOM_NOTE": "Rue Ne. St. Catherine", "EXP_GEO": 1, "INTERP": 0, "NUMEROTATI": 1, "NUM_QUART": 32 }, "geometry": { "type": "Point", "coordinates": [ 653345.062376815709285, 6862028.935692340135574 ] } },
{ "type": "Feature", "properties": { "fid": 14934, "PREFIXE 1": "RUE", "PREFIXE 2": "DE L'", "NOM_RUE": "ÉCHARPE", "NUMERO TXT": "1", "NOM_SAISI": "RUE DE L'ÉCHARPE", "NOM_NOTE": "Rue de l'Écharpe", "EXP_GEO": 1, "INTERP": 0, "NUMEROTATI": 1, "NUM_QUART": 32 }, "geometry": { "type": "Point", "coordinates": [ 653368.705991561408155, 6862000.261473883874714 ] } },
{ "type": "Feature", "properties": { "fid": 14935, "PREFIXE 1": "RUE", "PREFIXE 2": "DE L'", "NOM_RUE": "ÉCHARPE", "NUMERO TXT": "2", "NOM_SAISI": "RUE DE L'ÉCHARPE", "NOM_NOTE": "Rue de l'Écharpe", "EXP_GEO": 1, "INTERP": 0, "NUMEROTATI": 1, "NUM_QUART": 32 }, "geometry": { "type": "Point", "coordinates": [ 653380.78445560648106, 6862011.672118320129812 ] } },
{ "type": "Feature", "properties": { "fid": 14936, "PREFIXE 1": "RUE", "PREFIXE 2": "DE", "NOM_RUE": "SARENTE", "NUMERO TXT": "2", "NOM_SAISI": "RUE DE SARENTE", "NOM_NOTE": "Rue de Sarente", "EXP_GEO": 1, "INTERP": 0, "NUMEROTATI": 1, "NUM_QUART": 32 }, "geometry": { "type": "Point", "coordinates": [ 653298.076469772495329, 6861918.157735485583544 ] } },
{ "type": "Feature", "properties": { "fid": 14937, "PREFIXE 1": "RUE", "PREFIXE 2": "DE", "NOM_RUE": "SARENTE", "NUMERO TXT": "4", "NOM_SAISI": "RUE DE SARENTE", "NOM_NOTE": "Rue de Sarente", "EXP_GEO": 1, "INTERP": 0, "NUMEROTATI": 1, "NUM_QUART": 32 }, "geometry": { "type": "Point", "coordinates": [ 653294.069802527665161, 6861919.93728756532073 ] } },
{ "type": "Feature", "properties": { "fid": 14943, "PREFIXE 1": "RUE", "PREFIXE 2": "DE", "NOM_RUE": "SARENTE", "NUMERO TXT": "1", "NOM_SAISI": "RUE DE SARENTE", "NOM_NOTE": "Rue de Sarente", "EXP_GEO": 1, "INTERP": 0, "NUMEROTATI": 1, "NUM_QUART": 32 }, "geometry": { "type": "Point", "coordinates": [ 653293.762939607142471, 6861906.456645561382174 ] } },
{ "type": "Feature", "properties": { "fid": 14944, "PREFIXE 1": "RUE", "PREFIXE 2": "DE", "NOM_RUE": "SARENTE", "NUMERO TXT": "3", "NOM_SAISI": "RUE DE SARENTE", "NOM_NOTE": "Rue de Sarente", "EXP_GEO": 1, "INTERP": 0, "NUMEROTATI": 1, "NUM_QUART": 32 }, "geometry": { "type": "Point", "coordinates": [ 653288.250989206484519, 6861908.497807060368359 ] } },
{ "type": "Feature", "properties": { "fid": 14948, "PREFIXE 1": "RUE", "PREFIXE 2": "D'", "NOM_RUE": "ORMESSON", "NUMERO TXT": "1", "NOM_SAISI": "RUE D'ORMESSON", "NOM_NOTE": "Rue d'Ormesson", "EXP_GEO": 1, "INTERP": 0, "NUMEROTATI": 1, "NUM_QUART": 32 }, "geometry": { "type": "Point", "coordinates": [ 653270.239444428007118, 6861858.224153390154243 ] } },
{ "type": "Feature", "properties": { "fid": 14949, "PREFIXE 1": "RUE", "PREFIXE 2": "D'", "NOM_RUE": "ORMESSON", "NUMERO TXT": "3", "NOM_SAISI": "RUE D'ORMESSON", "NOM_NOTE": "Rue d'Ormesson", "EXP_GEO": 1, "INTERP": 0, "NUMEROTATI": 1, "NUM_QUART": 32 }, "geometry": { "type": "Point", "coordinates": [ 653264.974734699586406, 6861860.512946795672178 ] } },
{ "type": "Feature", "properties": { "fid": 14958, "PREFIXE 1": "RUE", "PREFIXE 2": "D'", "NOM_RUE": "ORMESSON", "NUMERO TXT": "2", "NOM_SAISI": "RUE D'ORMESSON", "NOM_NOTE": "Rue d'Ormesson", "EXP_GEO": 1, "INTERP": 0, "NUMEROTATI": 1, "NUM_QUART": 32 }, "geometry": { "type": "Point", "coordinates": [ 653273.798398855491541, 6861870.672368064522743 ] } },
{ "type": "Feature", "properties": { "fid": 14976, "PREFIXE 1": "RUE", "PREFIXE 2": "DE L'", "NOM_RUE": "ÉGOUT", "NUMERO TXT": "1", "NOM_SAISI": "RUE DE L'ÉGOUT", "NOM_NOTE": "Rue de l'Égout", "EXP_GEO": 1, "INTERP": 0, "NUMEROTATI": 1, "NUM_QUART": 32 }, "geometry": { "type": "Point", "coordinates": [ 653259.67354682891164, 6861829.07791696023196 ] } },
{ "type": "Feature", "properties": { "fid": 14977, "PREFIXE 1": "RUE", "PREFIXE 2": "DE L'", "NOM_RUE": "ÉGOUT", "NUMERO TXT": "3", "NOM_SAISI": "RUE DE L'ÉGOUT", "NOM_NOTE": "Rue de l'Égout", "EXP_GEO": 1, "INTERP": 0, "NUMEROTATI": 1, "NUM_QUART": 32 }, "geometry": { "type": "Point", "coordinates": [ 653267.866265834658407, 6861846.381766547448933 ] } },
{ "type": "Feature", "properties": { "fid": 14978, "PREFIXE 1": "RUE", "PREFIXE 2": "DE L'", "NOM_RUE": "ÉGOUT", "NUMERO TXT": "5", "NOM_SAISI": "RUE DE L'ÉGOUT", "NOM_NOTE": "Rue de l'Égout", "EXP_GEO": 1, "INTERP": 0, "NUMEROTATI": 1, "NUM_QUART": 32 }, "geometry": { "type": "Point", "coordinates": [ 653278.515168493147939, 6861872.444755936041474 ] } },
{ "type": "Feature", "properties": { "fid": 14979, "PREFIXE 1": "RUE", "PREFIXE 2": "DE L'", "NOM_RUE": "ÉGOUT", "NUMERO TXT": "7", "NOM_SAISI": "RUE DE L'ÉGOUT", "NOM_NOTE": "Rue de l'Égout", "EXP_GEO": 1, "INTERP": 0, "NUMEROTATI": 1, "NUM_QUART": 32 }, "geometry": { "type": "Point", "coordinates": [ 653285.313641957123764, 6861885.81201614625752 ] } },
{ "type": "Feature", "properties": { "fid": 14980, "PREFIXE 1": "RUE", "PREFIXE 2": "DE L'", "NOM_RUE": "ÉGOUT", "NUMERO TXT": "9", "NOM_SAISI": "RUE DE L'ÉGOUT", "NOM_NOTE": "Rue de l'Égout", "EXP_GEO": 1, "INTERP": 0, "NUMEROTATI": 1, "NUM_QUART": 32 }, "geometry": { "type": "Point", "coordinates": [ 653292.114428656408563, 6861899.526070936582983 ] } },
{ "type": "Feature", "properties": { "fid": 14981, "PREFIXE 1": "RUE", "PREFIXE 2": "DE L'", "NOM_RUE": "ÉGOUT", "NUMERO TXT": "2", "NOM_SAISI": "RUE DE L'ÉGOUT", "NOM_NOTE": "Rue de l'Égout", "EXP_GEO": 1, "INTERP": 0, "NUMEROTATI": 1, "NUM_QUART": 32 }, "geometry": { "type": "Point", "coordinates": [ 653297.40000714850612, 6861879.347753967158496 ] } },
{ "type": "Feature", "properties": { "fid": 14982, "PREFIXE 1": "RUE", "PREFIXE 2": "DE L'", "NOM_RUE": "ÉGOUT", "NUMERO TXT": "11", "NOM_SAISI": "RUE DE L'ÉGOUT", "NOM_NOTE": "Rue de l'Égout", "EXP_GEO": 1, "INTERP": 0, "NUMEROTATI": 1, "NUM_QUART": 32 }, "geometry": { "type": "Point", "coordinates": [ 653301.360598047147505, 6861918.732423456385732 ] } },
{ "type": "Feature", "properties": { "fid": 14983, "PREFIXE 1": "RUE", "PREFIXE 2": "DE L'", "NOM_RUE": "ÉGOUT", "NUMERO TXT": "13", "NOM_SAISI": "RUE DE L'ÉGOUT", "NOM_NOTE": "Rue de l'Égout", "EXP_GEO": 1, "INTERP": 0, "NUMEROTATI": 1, "NUM_QUART": 32 }, "geometry": { "type": "Point", "coordinates": [ 653304.331305309897289, 6861925.940044204704463 ] } },
{ "type": "Feature", "properties": { "fid": 14984, "PREFIXE 1": "RUE", "PREFIXE 2": "DE L'", "NOM_RUE": "ÉGOUT", "NUMERO TXT": "6", "NOM_SAISI": "RUE DE L'ÉGOUT", "NOM_NOTE": "Rue de l'Égout", "EXP_GEO": 1, "INTERP": 0, "NUMEROTATI": 1, "NUM_QUART": 32 }, "geometry": { "type": "Point", "coordinates": [ 653319.190978768630885, 6861923.413366695865989 ] } },
{ "type": "Feature", "properties": { "fid": 14985, "PREFIXE 1": "RUE", "PREFIXE 2": "DE L'", "NOM_RUE": "ÉGOUT", "NUMERO TXT": "15", "NOM_SAISI": "RUE DE L'ÉGOUT", "NOM_NOTE": "Rue de l'Égout", "EXP_GEO": 1, "INTERP": 0, "NUMEROTATI": 1, "NUM_QUART": 32 }, "geometry": { "type": "Point", "coordinates": [ 653311.118556866189465, 6861935.873648309148848 ] } },
{ "type": "Feature", "properties": { "fid": 14986, "PREFIXE 1": "RUE", "PREFIXE 2": "DE L'", "NOM_RUE": "ÉGOUT", "NUMERO TXT": "17", "NOM_SAISI": "RUE DE L'ÉGOUT", "NOM_NOTE": "Rue de l'Égout", "EXP_GEO": 1, "INTERP": 0, "NUMEROTATI": 1, "NUM_QUART": 32 }, "geometry": { "type": "Point", "coordinates": [ 653320.202104845899157, 6861956.469129871577024 ] } },
{ "type": "Feature", "properties": { "fid": 14987, "PREFIXE 1": "RUE", "PREFIXE 2": "DE L'", "NOM_RUE": "ÉGOUT", "NUMERO TXT": "19", "NOM_SAISI": "RUE DE L'ÉGOUT", "NOM_NOTE": "Rue de l'Égout", "EXP_GEO": 1, "INTERP": 0, "NUMEROTATI": 1, "NUM_QUART": 32 }, "geometry": { "type": "Point", "coordinates": [ 653327.541060292394832, 6861973.121426923200488 ] } },
{ "type": "Feature", "properties": { "fid": 14988, "PREFIXE 1": "RUE", "PREFIXE 2": "DE L'", "NOM_RUE": "ÉGOUT", "NUMERO TXT": "21", "NOM_SAISI": "RUE DE L'ÉGOUT", "NOM_NOTE": "Rue de l'Égout", "EXP_GEO": 1, "INTERP": 0, "NUMEROTATI": 1, "NUM_QUART": 32 }, "geometry": { "type": "Point", "coordinates": [ 653334.544276071246713, 6861991.330793658271432 ] } },
{ "type": "Feature", "properties": { "fid": 14989, "PREFIXE 1": "RUE", "PREFIXE 2": "DE L'", "NOM_RUE": "ÉGOUT", "NUMERO TXT": "23", "NOM_SAISI": "RUE DE L'ÉGOUT", "NOM_NOTE": "Rue de l'Égout", "EXP_GEO": 1, "INTERP": 0, "NUMEROTATI": 1, "NUM_QUART": 32 }, "geometry": { "type": "Point", "coordinates": [ 653341.539280900615267, 6862007.476524853147566 ] } },
{ "type": "Feature", "properties": { "fid": 14990, "PREFIXE 1": "RUE", "PREFIXE 2": "DE L'", "NOM_RUE": "ÉGOUT", "NUMERO TXT": "8", "NOM_SAISI": "RUE DE L'ÉGOUT", "NOM_NOTE": "Rue de l'Égout", "EXP_GEO": 1, "INTERP": 0, "NUMEROTATI": 1, "NUM_QUART": 32 }, "geometry": { "type": "Point", "coordinates": [ 653325.307293301564641, 6861938.690948285162449 ] } },
{ "type": "Feature", "properties": { "fid": 14991, "PREFIXE 1": "RUE", "PREFIXE 2": "DE L'", "NOM_RUE": "ÉGOUT", "NUMERO TXT": "10", "NOM_SAISI": "RUE DE L'ÉGOUT", "NOM_NOTE": "Rue de l'Égout", "EXP_GEO": 1, "INTERP": 0, "NUMEROTATI": 1, "NUM_QUART": 32 }, "geometry": { "type": "Point", "coordinates": [ 653331.593550969613716, 6861952.936925767920911 ] } },
{ "type": "Feature", "properties": { "fid": 14992, "PREFIXE 1": "RUE", "PREFIXE 2": "DE L'", "NOM_RUE": "ÉGOUT", "NUMERO TXT": "12", "NOM_SAISI": "RUE DE L'ÉGOUT", "NOM_NOTE": "Rue de l'Égout", "EXP_GEO": 1, "INTERP": 0, "NUMEROTATI": 1, "NUM_QUART": 32 }, "geometry": { "type": "Point", "coordinates": [ 653336.489909242838621, 6861965.301375872455537 ] } },
{ "type": "Feature", "properties": { "fid": 14993, "PREFIXE 1": "RUE", "PREFIXE 2": "DE L'", "NOM_RUE": "ÉGOUT", "NUMERO TXT": "14", "NOM_SAISI": "RUE DE L'ÉGOUT", "NOM_NOTE": "Rue de l'Égout", "EXP_GEO": 1, "INTERP": 0, "NUMEROTATI": 1, "NUM_QUART": 32 }, "geometry": { "type": "Point", "coordinates": [ 653342.601937946979888, 6861978.692394935525954 ] } },
{ "type": "Feature", "properties": { "fid": 14994, "PREFIXE 1": "RUE", "PREFIXE 2": "DE L'", "NOM_RUE": "ÉGOUT", "NUMERO TXT": "16", "NOM_SAISI": "RUE DE L'ÉGOUT", "NOM_NOTE": "Rue de l'Égout", "EXP_GEO": 1, "INTERP": 0, "NUMEROTATI": 1, "NUM_QUART": 32 }, "geometry": { "type": "Point", "coordinates": [ 653348.008563414448872, 6861988.989583008922637 ] } },
{ "type": "Feature", "properties": { "fid": 14995, "PREFIXE 1": "RUE", "PREFIXE 2": "DE L'", "NOM_RUE": "ÉGOUT", "NUMERO TXT": "18", "NOM_SAISI": "RUE DE L'ÉGOUT", "NOM_NOTE": "Rue de l'Égout", "EXP_GEO": 1, "INTERP": 0, "NUMEROTATI": 1, "NUM_QUART": 32 }, "geometry": { "type": "Point", "coordinates": [ 653353.080944307497703, 6862001.358772886916995 ] } },
{ "type": "Feature", "properties": { "fid": 15008, "PREFIXE 1": "RUE", "PREFIXE 2": null, "NOM_RUE": "SAINT-ANTOINE", "NUMERO TXT": "125", "NOM_SAISI": "RUE SAINT-ANTOINE", "NOM_NOTE": "Rue Saint Antoine", "EXP_GEO": 1, "INTERP": 0, "NUMEROTATI": 1, "NUM_QUART": 32 }, "geometry": { "type": "Point", "coordinates": [ 653249.469007344101556, 6861823.365300223231316 ] } },
{ "type": "Feature", "properties": { "fid": 15009, "PREFIXE 1": "RUE", "PREFIXE 2": null, "NOM_RUE": "SAINT-ANTOINE", "NUMERO TXT": "127", "NOM_SAISI": "RUE SAINT-ANTOINE", "NOM_NOTE": "Rue Saint Antoine", "EXP_GEO": 1, "INTERP": 0, "NUMEROTATI": 1, "NUM_QUART": 32 }, "geometry": { "type": "Point", "coordinates": [ 653252.855006584781222, 6861821.091100661084056 ] } },
{ "type": "Feature", "properties": { "fid": 15010, "PREFIXE 1": "RUE", "PREFIXE 2": null, "NOM_RUE": "SAINT-ANTOINE", "NUMERO TXT": "129", "NOM_SAISI": "RUE SAINT-ANTOINE", "NOM_NOTE": "Rue Saint Antoine", "EXP_GEO": 1, "INTERP": 0, "NUMEROTATI": 1, "NUM_QUART": 32 }, "geometry": { "type": "Point", "coordinates": [ 653267.531987717957236, 6861813.268659258261323 ] } },
{ "type": "Feature", "properties": { "fid": 15011, "PREFIXE 1": "RUE", "PREFIXE 2": null, "NOM_RUE": "SAINT-ANTOINE", "NUMERO TXT": "131", "NOM_SAISI": "RUE SAINT-ANTOINE", "NOM_NOTE": "Rue Saint Antoine", "EXP_GEO": 1, "INTERP": 0, "NUMEROTATI": 1, "NUM_QUART": 32 }, "geometry": { "type": "Point", "coordinates": [ 653273.174574520904571, 6861809.69260558206588 ] } },
{ "type": "Feature", "properties": { "fid": 15012, "PREFIXE 1": "RUE", "PREFIXE 2": null, "NOM_RUE": "SAINT-ANTOINE", "NUMERO TXT": "133", "NOM_SAISI": "RUE SAINT-ANTOINE", "NOM_NOTE": "Rue Saint Antoine", "EXP_GEO": 1, "INTERP": 0, "NUMEROTATI": 1, "NUM_QUART": 32 }, "geometry": { "type": "Point", "coordinates": [ 653278.009830998489633, 6861806.283782313577831 ] } },
{ "type": "Feature", "properties": { "fid": 15013, "PREFIXE 1": "RUE", "PREFIXE 2": null, "NOM_RUE": "SAINT-ANTOINE", "NUMERO TXT": "135", "NOM_SAISI": "RUE SAINT-ANTOINE", "NOM_NOTE": "Rue Saint Antoine", "EXP_GEO": 1, "INTERP": 0, "NUMEROTATI": 1, "NUM_QUART": 32 }, "geometry": { "type": "Point", "coordinates": [ 653282.524933056207374, 6861804.000574750825763 ] } },
{ "type": "Feature", "properties": { "fid": 15014, "PREFIXE 1": "RUE", "PREFIXE 2": null, "NOM_RUE": "SAINT-ANTOINE", "NUMERO TXT": "137", "NOM_SAISI": "RUE SAINT-ANTOINE", "NOM_NOTE": "Rue Saint Antoine", "EXP_GEO": 1, "INTERP": 0, "NUMEROTATI": 1, "NUM_QUART": 32 }, "geometry": { "type": "Point", "coordinates": [ 653287.51859169290401, 6861799.628178949467838 ] } },
{ "type": "Feature", "properties": { "fid": 15015, "PREFIXE 1": "RUE", "PREFIXE 2": null, "NOM_RUE": "SAINT-ANTOINE", "NUMERO TXT": "139", "NOM_SAISI": "RUE SAINT-ANTOINE", "NOM_NOTE": "Rue Saint Antoine", "EXP_GEO": 1, "INTERP": 0, "NUMEROTATI": 1, "NUM_QUART": 32 }, "geometry": { "type": "Point", "coordinates": [ 653291.385335959494114, 6861796.548474877141416 ] } },
{ "type": "Feature", "properties": { "fid": 15016, "PREFIXE 1": "RUE", "PREFIXE 2": null, "NOM_RUE": "SAINT-ANTOINE", "NUMERO TXT": "141", "NOM_SAISI": "RUE SAINT-ANTOINE", "NOM_NOTE": "Rue Saint Antoine", "EXP_GEO": 1, "INTERP": 0, "NUMEROTATI": 1, "NUM_QUART": 32 }, "geometry": { "type": "Point", "coordinates": [ 653296.222927386057563, 6861794.423208585008979 ] } },
{ "type": "Feature", "properties": { "fid": 15017, "PREFIXE 1": "RUE", "PREFIXE 2": null, "NOM_RUE": "SAINT-ANTOINE", "NUMERO TXT": "143", "NOM_SAISI": "RUE SAINT-ANTOINE", "NOM_NOTE": "Rue Saint Antoine", "EXP_GEO": 1, "INTERP": 0, "NUMEROTATI": 1, "NUM_QUART": 32 }, "geometry": { "type": "Point", "coordinates": [ 653313.147197501268238, 6861785.140802199020982 ] } },
{ "type": "Feature", "properties": { "fid": 15018, "PREFIXE 1": "RUE", "PREFIXE 2": null, "NOM_RUE": "SAINT-ANTOINE", "NUMERO TXT": "145", "NOM_SAISI": "RUE SAINT-ANTOINE", "NOM_NOTE": "Rue Saint Antoine", "EXP_GEO": 1, "INTERP": 0, "NUMEROTATI": 1, "NUM_QUART": 32 }, "geometry": { "type": "Point", "coordinates": [ 653331.040962559753098, 6861778.417586045339704 ] } },
{ "type": "Feature", "properties": { "fid": 15019, "PREFIXE 1": "RUE", "PREFIXE 2": null, "NOM_RUE": "SAINT-ANTOINE", "NUMERO TXT": "147", "NOM_SAISI": "RUE SAINT-ANTOINE", "NOM_NOTE": "Rue Saint Antoine", "EXP_GEO": 1, "INTERP": 0, "NUMEROTATI": 1, "NUM_QUART": 32 }, "geometry": { "type": "Point", "coordinates": [ 653336.840520188678056, 6861775.001860584132373 ] } },
{ "type": "Feature", "properties": { "fid": 15020, "PREFIXE 1": "RUE", "PREFIXE 2": null, "NOM_RUE": "SAINT-ANTOINE", "NUMERO TXT": "149", "NOM_SAISI": "RUE SAINT-ANTOINE", "NOM_NOTE": "Rue Saint Antoine", "EXP_GEO": 1, "INTERP": 0, "NUMEROTATI": 1, "NUM_QUART": 32 }, "geometry": { "type": "Point", "coordinates": [ 653341.674320239573717, 6861772.716858714818954 ] } },
{ "type": "Feature", "properties": { "fid": 15021, "PREFIXE 1": "RUE", "PREFIXE 2": null, "NOM_RUE": "SAINT-ANTOINE", "NUMERO TXT": "151", "NOM_SAISI": "RUE SAINT-ANTOINE", "NOM_NOTE": "Rue Saint Antoine", "EXP_GEO": 1, "INTERP": 0, "NUMEROTATI": 1, "NUM_QUART": 32 }, "geometry": { "type": "Point", "coordinates": [ 653346.022662581293844, 6861769.794349302537739 ] } },
{ "type": "Feature", "properties": { "fid": 15022, "PREFIXE 1": "RUE", "PREFIXE 2": null, "NOM_RUE": "SAINT-ANTOINE", "NUMERO TXT": "153", "NOM_SAISI": "RUE SAINT-ANTOINE", "NOM_NOTE": "Rue Saint Antoine", "EXP_GEO": 1, "INTERP": 0, "NUMEROTATI": 1, "NUM_QUART": 32 }, "geometry": { "type": "Point", "coordinates": [ 653351.821705887559801, 6861766.699687310494483 ] } },
{ "type": "Feature", "properties": { "fid": 15023, "PREFIXE 1": "RUE", "PREFIXE 2": null, "NOM_RUE": "SAINT-ANTOINE", "NUMERO TXT": "155", "NOM_SAISI": "RUE SAINT-ANTOINE", "NOM_NOTE": "Rue Saint Antoine", "EXP_GEO": 1, "INTERP": 0, "NUMEROTATI": 1, "NUM_QUART": 32 }, "geometry": { "type": "Point", "coordinates": [ 653357.139371784985997, 6861765.052488434128463 ] } },
{ "type": "Feature", "properties": { "fid": 15024, "PREFIXE 1": "RUE", "PREFIXE 2": null, "NOM_RUE": "SAINT-ANTOINE", "NUMERO TXT": "157", "NOM_SAISI": "RUE SAINT-ANTOINE", "NOM_NOTE": "Rue Saint Antoine", "EXP_GEO": 1, "INTERP": 0, "NUMEROTATI": 1, "NUM_QUART": 32 }, "geometry": { "type": "Point", "coordinates": [ 653361.970461227931082, 6861762.126271571032703 ] } },
{ "type": "Feature", "properties": { "fid": 15025, "PREFIXE 1": "RUE", "PREFIXE 2": null, "NOM_RUE": "SAINT-ANTOINE", "NUMERO TXT": "159", "NOM_SAISI": "RUE SAINT-ANTOINE", "NOM_NOTE": "Rue Saint Antoine", "EXP_GEO": 1, "INTERP": 0, "NUMEROTATI": 1, "NUM_QUART": 32 }, "geometry": { "type": "Point", "coordinates": [ 653366.480626516975462, 6861760.165018210187554 ] } },
{ "type": "Feature", "properties": { "fid": 15026, "PREFIXE 1": "RUE", "PREFIXE 2": null, "NOM_RUE": "SAINT-ANTOINE", "NUMERO TXT": "161", "NOM_SAISI": "RUE SAINT-ANTOINE", "NOM_NOTE": "Rue Saint Antoine", "EXP_GEO": 1, "INTERP": 0, "NUMEROTATI": 1, "NUM_QUART": 32 }, "geometry": { "type": "Point", "coordinates": [ 653370.668094844324514, 6861758.206442164257169 ] } },
{ "type": "Feature", "properties": { "fid": 15027, "PREFIXE 1": "RUE", "PREFIXE 2": null, "NOM_RUE": "SAINT-ANTOINE", "NUMERO TXT": "163", "NOM_SAISI": "RUE SAINT-ANTOINE", "NOM_NOTE": "Rue Saint Antoine", "EXP_GEO": 1, "INTERP": 0, "NUMEROTATI": 1, "NUM_QUART": 32 }, "geometry": { "type": "Point", "coordinates": [ 653375.338802579906769, 6861756.243995886296034 ] } },
{ "type": "Feature", "properties": { "fid": 15028, "PREFIXE 1": "RUE", "PREFIXE 2": null, "NOM_RUE": "SAINT-ANTOINE", "NUMERO TXT": "169", "NOM_SAISI": "RUE SAINT-ANTOINE", "NOM_NOTE": "Rue Saint Antoine", "EXP_GEO": 1, "INTERP": 1, "NUMEROTATI": 1, "NUM_QUART": 32 }, "geometry": { "type": "Point", "coordinates": [ 653384.714138018898666, 6861751.342037199065089 ] } },
{ "type": "Feature", "properties": { "fid": 15029, "PREFIXE 1": "RUE", "PREFIXE 2": null, "NOM_RUE": "SAINT-ANTOINE", "NUMERO TXT": "171", "NOM_SAISI": "RUE SAINT-ANTOINE", "NOM_NOTE": "Rue Saint Antoine", "EXP_GEO": 1, "INTERP": 1, "NUMEROTATI": 1, "NUM_QUART": 32 }, "geometry": { "type": "Point", "coordinates": [ 653387.414978266344406, 6861750.212291940115392 ] } },
{ "type": "Feature", "properties": { "fid": 15030, "PREFIXE 1": "RUE", "PREFIXE 2": null, "NOM_RUE": "SAINT-ANTOINE", "NUMERO TXT": "173", "NOM_SAISI": "RUE SAINT-ANTOINE", "NOM_NOTE": "Rue Saint Antoine", "EXP_GEO": 1, "INTERP": 0, "NUMEROTATI": 1, "NUM_QUART": 32 }, "geometry": { "type": "Point", "coordinates": [ 653410.507556821918115, 6861740.836223050951958 ] } },
{ "type": "Feature", "properties": { "fid": 15031, "PREFIXE 1": "RUE", "PREFIXE 2": null, "NOM_RUE": "SAINT-ANTOINE", "NUMERO TXT": "175", "NOM_SAISI": "RUE SAINT-ANTOINE", "NOM_NOTE": "Rue Saint Antoine", "EXP_GEO": 1, "INTERP": 0, "NUMEROTATI": 1, "NUM_QUART": 32 }, "geometry": { "type": "Point", "coordinates": [ 653419.606687488267198, 6861737.003984581679106 ] } },
{ "type": "Feature", "properties": { "fid": 15032, "PREFIXE 1": "RUE", "PREFIXE 2": null, "NOM_RUE": "SAINT-ANTOINE", "NUMERO TXT": "177", "NOM_SAISI": "RUE SAINT-ANTOINE", "NOM_NOTE": "Rue Saint Antoine", "EXP_GEO": 1, "INTERP": 0, "NUMEROTATI": 1, "NUM_QUART": 32 }, "geometry": { "type": "Point", "coordinates": [ 653427.594167226459831, 6861732.959736427292228 ] } },
{ "type": "Feature", "properties": { "fid": 15033, "PREFIXE 1": "RUE", "PREFIXE 2": null, "NOM_RUE": "SAINT-ANTOINE", "NUMERO TXT": "179", "NOM_SAISI": "RUE SAINT-ANTOINE", "NOM_NOTE": "Rue Saint Antoine", "EXP_GEO": 1, "INTERP": 0, "NUMEROTATI": 1, "NUM_QUART": 32 }, "geometry": { "type": "Point", "coordinates": [ 653434.694712815340608, 6861730.470624146051705 ] } },
{ "type": "Feature", "properties": { "fid": 15034, "PREFIXE 1": "RUE", "PREFIXE 2": null, "NOM_RUE": "SAINT-ANTOINE", "NUMERO TXT": "181", "NOM_SAISI": "RUE SAINT-ANTOINE", "NOM_NOTE": "Rue Saint Antoine", "EXP_GEO": 0, "INTERP": 0, "NUMEROTATI": 1, "NUM_QUART": 32 }, "geometry": { "type": "Point", "coordinates": [ 653442.459667999530211, 6861727.534105533733964 ] } },
{ "type": "Feature", "properties": { "fid": 15035, "PREFIXE 1": "RUE", "PREFIXE 2": null, "NOM_RUE": "SAINT-ANTOINE", "NUMERO TXT": "183", "NOM_SAISI": "RUE SAINT-ANTOINE", "NOM_NOTE": "Rue Saint Antoine", "EXP_GEO": 0, "INTERP": 0, "NUMEROTATI": 1, "NUM_QUART": 32 }, "geometry": { "type": "Point", "coordinates": [ 653449.114556223386899, 6861725.048812352120876 ] } },
{ "type": "Feature", "properties": { "fid": 15036, "PREFIXE 1": "RUE", "PREFIXE 2": null, "NOM_RUE": "SAINT-ANTOINE", "NUMERO TXT": "181", "NOM_SAISI": "RUE SAINT-ANTOINE", "NOM_NOTE": "Rue Saint Antoine", "EXP_GEO": 0, "INTERP": 0, "NUMEROTATI": 1, "NUM_QUART": 32 }, "geometry": { "type": "Point", "coordinates": [ 653466.093277405481786, 6861718.12816362362355 ] } },
{ "type": "Feature", "properties": { "fid": 15037, "PREFIXE 1": "RUE", "PREFIXE 2": null, "NOM_RUE": "SAINT-ANTOINE", "NUMERO TXT": "183", "NOM_SAISI": "RUE SAINT-ANTOINE", "NOM_NOTE": "Rue Saint Antoine", "EXP_GEO": 0, "INTERP": 0, "NUMEROTATI": 1, "NUM_QUART": 32 }, "geometry": { "type": "Point", "coordinates": [ 653474.133481376455165, 6861714.85746942833066 ] } },
{ "type": "Feature", "properties": { "fid": 15038, "PREFIXE 1": "RUE", "PREFIXE 2": null, "NOM_RUE": "SAINT-ANTOINE", "NUMERO TXT": "185", "NOM_SAISI": "RUE SAINT-ANTOINE", "NOM_NOTE": "Rue Saint Antoine", "EXP_GEO": 1, "INTERP": 0, "NUMEROTATI": 1, "NUM_QUART": 32 }, "geometry": { "type": "Point", "coordinates": [ 653481.368877708446234, 6861712.074358331039548 ] } },
{ "type": "Feature", "properties": { "fid": 15039, "PREFIXE 1": "RUE", "PREFIXE 2": null, "NOM_RUE": "SAINT-ANTOINE", "NUMERO TXT": "187", "NOM_SAISI": "RUE SAINT-ANTOINE", "NOM_NOTE": "Rue Saint Antoine", "EXP_GEO": 1, "INTERP": 0, "NUMEROTATI": 1, "NUM_QUART": 32 }, "geometry": { "type": "Point", "coordinates": [ 653489.085540362983011, 6861708.96689379401505 ] } },
{ "type": "Feature", "properties": { "fid": 15040, "PREFIXE 1": "RUE", "PREFIXE 2": null, "NOM_RUE": "SAINT-ANTOINE", "NUMERO TXT": "189", "NOM_SAISI": "RUE SAINT-ANTOINE", "NOM_NOTE": "Rue Saint Antoine", "EXP_GEO": 1, "INTERP": 0, "NUMEROTATI": 1, "NUM_QUART": 32 }, "geometry": { "type": "Point", "coordinates": [ 653495.35499609017279, 6861706.993423164822161 ] } },
{ "type": "Feature", "properties": { "fid": 15041, "PREFIXE 1": "RUE", "PREFIXE 2": null, "NOM_RUE": "SAINT-ANTOINE", "NUMERO TXT": "191", "NOM_SAISI": "RUE SAINT-ANTOINE", "NOM_NOTE": "Rue Saint Antoine", "EXP_GEO": 1, "INTERP": 0, "NUMEROTATI": 1, "NUM_QUART": 32 }, "geometry": { "type": "Point", "coordinates": [ 653500.980246182181872, 6861704.383674119599164 ] } },
{ "type": "Feature", "properties": { "fid": 15042, "PREFIXE 1": "RUE", "PREFIXE 2": null, "NOM_RUE": "SAINT-ANTOINE", "NUMERO TXT": "193", "NOM_SAISI": "RUE SAINT-ANTOINE", "NOM_NOTE": "Rue Saint Antoine", "EXP_GEO": 1, "INTERP": 0, "NUMEROTATI": 1, "NUM_QUART": 32 }, "geometry": { "type": "Point", "coordinates": [ 653507.570179413072765, 6861702.888961465097964 ] } },
{ "type": "Feature", "properties": { "fid": 15043, "PREFIXE 1": "RUE", "PREFIXE 2": null, "NOM_RUE": "SAINT-ANTOINE", "NUMERO TXT": "195", "NOM_SAISI": "RUE SAINT-ANTOINE", "NOM_NOTE": "Rue Saint Antoine", "EXP_GEO": 1, "INTERP": 0, "NUMEROTATI": 1, "NUM_QUART": 32 }, "geometry": { "type": "Point", "coordinates": [ 653513.033639459288679, 6861700.441010895185173 ] } },
{ "type": "Feature", "properties": { "fid": 15044, "PREFIXE 1": "RUE", "PREFIXE 2": null, "NOM_RUE": "SAINT-ANTOINE", "NUMERO TXT": "197", "NOM_SAISI": "RUE SAINT-ANTOINE", "NOM_NOTE": "Rue Saint Antoine", "EXP_GEO": 1, "INTERP": 0, "NUMEROTATI": 1, "NUM_QUART": 32 }, "geometry": { "type": "Point", "coordinates": [ 653517.693430994288065, 6861698.640814309939742 ] } },
{ "type": "Feature", "properties": { "fid": 15045, "PREFIXE 1": "RUE", "PREFIXE 2": null, "NOM_RUE": "SAINT-ANTOINE", "NUMERO TXT": "199", "NOM_SAISI": "RUE SAINT-ANTOINE", "NOM_NOTE": "Rue Saint Antoine", "EXP_GEO": 1, "INTERP": 0, "NUMEROTATI": 1, "NUM_QUART": 32 }, "geometry": { "type": "Point", "coordinates": [ 653524.923334810766391, 6861695.69823357090354 ] } },
{ "type": "Feature", "properties": { "fid": 15046, "PREFIXE 1": "RUE", "PREFIXE 2": null, "NOM_RUE": "SAINT-ANTOINE", "NUMERO TXT": "201", "NOM_SAISI": "RUE SAINT-ANTOINE", "NOM_NOTE": "Rue Saint Antoine", "EXP_GEO": 1, "INTERP": 0, "NUMEROTATI": 1, "NUM_QUART": 32 }, "geometry": { "type": "Point", "coordinates": [ 653534.725090509979054, 6861697.546565580181777 ] } },
{ "type": "Feature", "properties": { "fid": 15047, "PREFIXE 1": "RUE", "PREFIXE 2": null, "NOM_RUE": "SAINT-ANTOINE", "NUMERO TXT": "203", "NOM_SAISI": "RUE SAINT-ANTOINE", "NOM_NOTE": "Rue Saint Antoine", "EXP_GEO": 1, "INTERP": 0, "NUMEROTATI": 1, "NUM_QUART": 32 }, "geometry": { "type": "Point", "coordinates": [ 653546.61473179818131, 6861703.388671124354005 ] } },
{ "type": "Feature", "properties": { "fid": 15048, "PREFIXE 1": "RUE", "PREFIXE 2": null, "NOM_RUE": "SAINT-ANTOINE", "NUMERO TXT": "205", "NOM_SAISI": "RUE SAINT-ANTOINE", "NOM_NOTE": "Rue Saint Antoine", "EXP_GEO": 1, "INTERP": 0, "NUMEROTATI": 1, "NUM_QUART": 32 }, "geometry": { "type": "Point", "coordinates": [ 653556.092045862809755, 6861707.806930914521217 ] } },
{ "type": "Feature", "properties": { "fid": 15049, "PREFIXE 1": "RUE", "PREFIXE 2": null, "NOM_RUE": "SAINT-ANTOINE", "NUMERO TXT": "207", "NOM_SAISI": "RUE SAINT-ANTOINE", "NOM_NOTE": "Rue Saint Antoine", "EXP_GEO": 1, "INTERP": 0, "NUMEROTATI": 1, "NUM_QUART": 32 }, "geometry": { "type": "Point", "coordinates": [ 653564.764563824282959, 6861711.911275400780141 ] } },
{ "type": "Feature", "properties": { "fid": 15050, "PREFIXE 1": "RUE", "PREFIXE 2": null, "NOM_RUE": "SAINT-ANTOINE", "NUMERO TXT": "209", "NOM_SAISI": "RUE SAINT-ANTOINE", "NOM_NOTE": "Rue Saint Antoine", "EXP_GEO": 1, "INTERP": 0, "NUMEROTATI": 1, "NUM_QUART": 32 }, "geometry": { "type": "Point", "coordinates": [ 653592.542589399032295, 6861731.274573911912739 ] } },
{ "type": "Feature", "properties": { "fid": 15051, "PREFIXE 1": "RUE", "PREFIXE 2": null, "NOM_RUE": "SAINT-ANTOINE", "NUMERO TXT": "211", "NOM_SAISI": "RUE SAINT-ANTOINE", "NOM_NOTE": "Rue Saint Antoine", "EXP_GEO": 1, "INTERP": 0, "NUMEROTATI": 1, "NUM_QUART": 32 }, "geometry": { "type": "Point", "coordinates": [ 653603.450044408091344, 6861729.910274468362331 ] } },
{ "type": "Feature", "properties": { "fid": 15052, "PREFIXE 1": "RUE", "PREFIXE 2": null, "NOM_RUE": "SAINT-ANTOINE", "NUMERO TXT": "213", "NOM_SAISI": "RUE SAINT-ANTOINE", "NOM_NOTE": "Rue Saint Antoine", "EXP_GEO": 1, "INTERP": 0, "NUMEROTATI": 1, "NUM_QUART": 32 }, "geometry": { "type": "Point", "coordinates": [ 653613.553021212341264, 6861728.231337876059115 ] } },
{ "type": "Feature", "properties": { "fid": 15053, "PREFIXE 1": "RUE", "PREFIXE 2": null, "NOM_RUE": "SAINT-ANTOINE", "NUMERO TXT": "215", "NOM_SAISI": "RUE SAINT-ANTOINE", "NOM_NOTE": "Rue Saint Antoine", "EXP_GEO": 1, "INTERP": 0, "NUMEROTATI": 1, "NUM_QUART": 32 }, "geometry": { "type": "Point", "coordinates": [ 653621.409247633069754, 6861726.569148562848568 ] } },
{ "type": "Feature", "properties": { "fid": 15054, "PREFIXE 1": "RUE", "PREFIXE 2": null, "NOM_RUE": "SAINT-ANTOINE", "NUMERO TXT": "217", "NOM_SAISI": "RUE SAINT-ANTOINE", "NOM_NOTE": "Rue Saint Antoine", "EXP_GEO": 1, "INTERP": 0, "NUMEROTATI": 1, "NUM_QUART": 32 }, "geometry": { "type": "Point", "coordinates": [ 653629.264733903110027, 6861725.709405086003244 ] } },
{ "type": "Feature", "properties": { "fid": 15055, "PREFIXE 1": "RUE", "PREFIXE 2": null, "NOM_RUE": "SAINT-ANTOINE", "NUMERO TXT": "219", "NOM_SAISI": "RUE SAINT-ANTOINE", "NOM_NOTE": "Rue Saint Antoine", "EXP_GEO": 1, "INTERP": 0, "NUMEROTATI": 1, "NUM_QUART": 32 }, "geometry": { "type": "Point", "coordinates": [ 653644.811285003554076, 6861723.349834247492254 ] } },
{ "type": "Feature", "properties": { "fid": 15056, "PREFIXE 1": "RUE", "PREFIXE 2": null, "NOM_RUE": "SAINT-ANTOINE", "NUMERO TXT": "221", "NOM_SAISI": "RUE SAINT-ANTOINE", "NOM_NOTE": "Rue Saint Antoine", "EXP_GEO": 1, "INTERP": 0, "NUMEROTATI": 1, "NUM_QUART": 32 }, "geometry": { "type": "Point", "coordinates": [ 653653.944843525998294, 6861722.481401152908802 ] } },
{ "type": "Feature", "properties": { "fid": 15057, "PREFIXE 1": "RUE", "PREFIXE 2": null, "NOM_RUE": "SAINT-ANTOINE", "NUMERO TXT": "223", "NOM_SAISI": "RUE SAINT-ANTOINE", "NOM_NOTE": "Rue Saint Antoine", "EXP_GEO": 1, "INTERP": 0, "NUMEROTATI": 1, "NUM_QUART": 32 }, "geometry": { "type": "Point", "coordinates": [ 653663.397059862269089, 6861721.610934056341648 ] } },
{ "type": "Feature", "properties": { "fid": 15058, "PREFIXE 1": "RUE", "PREFIXE 2": null, "NOM_RUE": "ROYALE-SAINT-ANTOINE", "NUMERO TXT": "1", "NOM_SAISI": "RUE ROYALE-SAINT-ANTOINE", "NOM_NOTE": "Rue Royale", "EXP_GEO": 1, "INTERP": 0, "NUMEROTATI": 1, "NUM_QUART": 32 }, "geometry": { "type": "Point", "coordinates": [ 653393.213856199639849, 6861756.236946915276349 ] } },
{ "type": "Feature", "properties": { "fid": 15059, "PREFIXE 1": "RUE", "PREFIXE 2": null, "NOM_RUE": "ROYALE-SAINT-ANTOINE", "NUMERO TXT": "3", "NOM_SAISI": "RUE ROYALE-SAINT-ANTOINE", "NOM_NOTE": "Rue Royale", "EXP_GEO": 1, "INTERP": 0, "NUMEROTATI": 1, "NUM_QUART": 32 }, "geometry": { "type": "Point", "coordinates": [ 653395.645405981456861, 6861764.718292728066444 ] } },
{ "type": "Feature", "properties": { "fid": 15060, "PREFIXE 1": "RUE", "PREFIXE 2": null, "NOM_RUE": "ROYALE-SAINT-ANTOINE", "NUMERO TXT": "5", "NOM_SAISI": "RUE ROYALE-SAINT-ANTOINE", "NOM_NOTE": "Rue Royale", "EXP_GEO": 1, "INTERP": 0, "NUMEROTATI": 1, "NUM_QUART": 32 }, "geometry": { "type": "Point", "coordinates": [ 653397.595063013839535, 6861773.525212259031832 ] } },
{ "type": "Feature", "properties": { "fid": 15061, "PREFIXE 1": "RUE", "PREFIXE 2": null, "NOM_RUE": "ROYALE-SAINT-ANTOINE", "NUMERO TXT": "7", "NOM_SAISI": "RUE ROYALE-SAINT-ANTOINE", "NOM_NOTE": "Rue Royale", "EXP_GEO": 1, "INTERP": 0, "NUMEROTATI": 1, "NUM_QUART": 32 }, "geometry": { "type": "Point", "coordinates": [ 653401.325023795245215, 6861786.00895440671593 ] } },
{ "type": "Feature", "properties": { "fid": 15062, "PREFIXE 1": "RUE", "PREFIXE 2": null, "NOM_RUE": "ROYALE-SAINT-ANTOINE", "NUMERO TXT": "9", "NOM_SAISI": "RUE ROYALE-SAINT-ANTOINE", "NOM_NOTE": "Rue Royale", "EXP_GEO": 1, "INTERP": 0, "NUMEROTATI": 1, "NUM_QUART": 32 }, "geometry": { "type": "Point", "coordinates": [ 653404.891904576099478, 6861796.891324849799275 ] } },
{ "type": "Feature", "properties": { "fid": 15063, "PREFIXE 1": "RUE", "PREFIXE 2": null, "NOM_RUE": "ROYALE-SAINT-ANTOINE", "NUMERO TXT": "11", "NOM_SAISI": "RUE ROYALE-SAINT-ANTOINE", "NOM_NOTE": "Rue Royale", "EXP_GEO": 1, "INTERP": 0, "NUMEROTATI": 1, "NUM_QUART": 32 }, "geometry": { "type": "Point", "coordinates": [ 653407.338823709404096, 6861810.351680977270007 ] } },
{ "type": "Feature", "properties": { "fid": 15064, "PREFIXE 1": "RUE", "PREFIXE 2": null, "NOM_RUE": "ROYALE-SAINT-ANTOINE", "NUMERO TXT": "11 bis", "NOM_SAISI": "RUE ROYALE-SAINT-ANTOINE", "NOM_NOTE": "Rue Royale", "EXP_GEO": 1, "INTERP": 0, "NUMEROTATI": 1, "NUM_QUART": 32 }, "geometry": { "type": "Point", "coordinates": [ 653410.429495090269484, 6861822.846088546328247 ] } },
{ "type": "Feature", "properties": { "fid": 15065, "PREFIXE 1": "CUL-DE-SAC", "PREFIXE 2": null, "NOM_RUE": "GUÉMÉNÉE", "NUMERO TXT": "1", "NOM_SAISI": "CUL-DE-SAC GUÉMÉNÉE", "NOM_NOTE": "C. de Sac Guéménée", "EXP_GEO": 1, "INTERP": 0, "NUMEROTATI": 1, "NUM_QUART": 32 }, "geometry": { "type": "Point", "coordinates": [ 653452.028958171838894, 6861731.389572786167264 ] } },
{ "type": "Feature", "properties": { "fid": 15066, "PREFIXE 1": "CUL-DE-SAC", "PREFIXE 2": null, "NOM_RUE": "GUÉMÉNÉE", "NUMERO TXT": "3", "NOM_SAISI": "CUL-DE-SAC GUÉMÉNÉE", "NOM_NOTE": "C. de Sac Guéménée", "EXP_GEO": 1, "INTERP": 0, "NUMEROTATI": 1, "NUM_QUART": 32 }, "geometry": { "type": "Point", "coordinates": [ 653455.748051873175427, 6861745.47432148642838 ] } },
{ "type": "Feature", "properties": { "fid": 15067, "PREFIXE 1": "CUL-DE-SAC", "PREFIXE 2": null, "NOM_RUE": "GUÉMÉNÉE", "NUMERO TXT": "5", "NOM_SAISI": "CUL-DE-SAC GUÉMÉNÉE", "NOM_NOTE": "C. de Sac Guéménée", "EXP_GEO": 1, "INTERP": 0, "NUMEROTATI": 1, "NUM_QUART": 32 }, "geometry": { "type": "Point", "coordinates": [ 653458.502725137630478, 6861758.766908007673919 ] } },
{ "type": "Feature", "properties": { "fid": 15068, "PREFIXE 1": "CUL-DE-SAC", "PREFIXE 2": null, "NOM_RUE": "GUÉMÉNÉE", "NUMERO TXT": "7", "NOM_SAISI": "CUL-DE-SAC GUÉMÉNÉE", "NOM_NOTE": "C. de Sac Guéménée", "EXP_GEO": 1, "INTERP": 0, "NUMEROTATI": 1, "NUM_QUART": 32 }, "geometry": { "type": "Point", "coordinates": [ 653462.386612583184615, 6861772.694608946330845 ] } },
{ "type": "Feature", "properties": { "fid": 15069, "PREFIXE 1": "CUL-DE-SAC", "PREFIXE 2": null, "NOM_RUE": "GUÉMÉNÉE", "NUMERO TXT": "9", "NOM_SAISI": "CUL-DE-SAC GUÉMÉNÉE", "NOM_NOTE": "C. de Sac Guéménée", "EXP_GEO": 1, "INTERP": 0, "NUMEROTATI": 1, "NUM_QUART": 32 }, "geometry": { "type": "Point", "coordinates": [ 653465.632541315979324, 6861788.394839431159198 ] } },
{ "type": "Feature", "properties": { "fid": 15070, "PREFIXE 1": "CUL-DE-SAC", "PREFIXE 2": null, "NOM_RUE": "GUÉMÉNÉE", "NUMERO TXT": "2", "NOM_SAISI": "CUL-DE-SAC GUÉMÉNÉE", "NOM_NOTE": "C. de Sac Guéménée", "EXP_GEO": 1, "INTERP": 0, "NUMEROTATI": 1, "NUM_QUART": 32 }, "geometry": { "type": "Point", "coordinates": [ 653466.343183222226799, 6861726.465267457067966 ] } },
{ "type": "Feature", "properties": { "fid": 15071, "PREFIXE 1": "CUL-DE-SAC", "PREFIXE 2": null, "NOM_RUE": "GUÉMÉNÉE", "NUMERO TXT": "4", "NOM_SAISI": "CUL-DE-SAC GUÉMÉNÉE", "NOM_NOTE": "C. de Sac Guéménée", "EXP_GEO": 1, "INTERP": 0, "NUMEROTATI": 1, "NUM_QUART": 32 }, "geometry": { "type": "Point", "coordinates": [ 653469.412425950402394, 6861737.507625023834407 ] } },
{ "type": "Feature", "properties": { "fid": 15072, "PREFIXE 1": "CUL-DE-SAC", "PREFIXE 2": null, "NOM_RUE": "GUÉMÉNÉE", "NUMERO TXT": "6", "NOM_SAISI": "CUL-DE-SAC GUÉMÉNÉE", "NOM_NOTE": "C. de Sac Guéménée", "EXP_GEO": 1, "INTERP": 0, "NUMEROTATI": 1, "NUM_QUART": 32 }, "geometry": { "type": "Point", "coordinates": [ 653470.228491478716023, 6861746.644126133061945 ] } },
{ "type": "Feature", "properties": { "fid": 15073, "PREFIXE 1": "CUL-DE-SAC", "PREFIXE 2": null, "NOM_RUE": "GUÉMÉNÉE", "NUMERO TXT": "8", "NOM_SAISI": "CUL-DE-SAC GUÉMÉNÉE", "NOM_NOTE": "C. de Sac Guéménée", "EXP_GEO": 1, "INTERP": 0, "NUMEROTATI": 1, "NUM_QUART": 32 }, "geometry": { "type": "Point", "coordinates": [ 653472.655932808760554, 6861757.052428418770432 ] } },
{ "type": "Feature", "properties": { "fid": 15074, "PREFIXE 1": "CUL-DE-SAC", "PREFIXE 2": null, "NOM_RUE": "GUÉMÉNÉE", "NUMERO TXT": "10", "NOM_SAISI": "CUL-DE-SAC GUÉMÉNÉE", "NOM_NOTE": "C. de Sac Guéménée", "EXP_GEO": 1, "INTERP": 0, "NUMEROTATI": 1, "NUM_QUART": 32 }, "geometry": { "type": "Point", "coordinates": [ 653474.55998859659303, 6861797.648782731965184 ] } },
{ "type": "Feature", "properties": { "fid": 15093, "PREFIXE 1": "RUE", "PREFIXE 2": "DU", "NOM_RUE": "PAS-DE-LA-MULE", "NUMERO TXT": "1", "NOM_SAISI": "RUE DU PAS-DE-LA-MULE", "NOM_NOTE": "Rue du Pas de la Mule", "EXP_GEO": 1, "INTERP": 0, "NUMEROTATI": 1, "NUM_QUART": 32 }, "geometry": { "type": "Point", "coordinates": [ 653637.291617447393946, 6861928.679652791470289 ] } },
{ "type": "Feature", "properties": { "fid": 15094, "PREFIXE 1": "RUE", "PREFIXE 2": "DU", "NOM_RUE": "PAS-DE-LA-MULE", "NUMERO TXT": "3", "NOM_SAISI": "RUE DU PAS-DE-LA-MULE", "NOM_NOTE": "Rue du Pas de la Mule", "EXP_GEO": 1, "INTERP": 0, "NUMEROTATI": 1, "NUM_QUART": 32 }, "geometry": { "type": "Point", "coordinates": [ 653619.397414873819798, 6861933.70149936247617 ] } },
{ "type": "Feature", "properties": { "fid": 15095, "PREFIXE 1": "RUE", "PREFIXE 2": "DU", "NOM_RUE": "PAS-DE-LA-MULE", "NUMERO TXT": "5", "NOM_SAISI": "RUE DU PAS-DE-LA-MULE", "NOM_NOTE": "Rue du Pas de la Mule", "EXP_GEO": 1, "INTERP": 0, "NUMEROTATI": 1, "NUM_QUART": 32 }, "geometry": { "type": "Point", "coordinates": [ 653601.170183816342615, 6861938.399620803073049 ] } },
{ "type": "Feature", "properties": { "fid": 15096, "PREFIXE 1": "RUE", "PREFIXE 2": "DU", "NOM_RUE": "PAS-DE-LA-MULE", "NUMERO TXT": "9", "NOM_SAISI": "RUE DU PAS-DE-LA-MULE", "NOM_NOTE": "Rue du Pas de la Mule", "EXP_GEO": 1, "INTERP": 0, "NUMEROTATI": 1, "NUM_QUART": 32 }, "geometry": { "type": "Point", "coordinates": [ 653557.531160163925961, 6861950.135549905709922 ] } },
{ "type": "Feature", "properties": { "fid": 15097, "PREFIXE 1": "RUE", "PREFIXE 2": "DU", "NOM_RUE": "PAS-DE-LA-MULE", "NUMERO TXT": "11", "NOM_SAISI": "RUE DU PAS-DE-LA-MULE", "NOM_NOTE": "Rue du Pas de la Mule", "EXP_GEO": 1, "INTERP": 0, "NUMEROTATI": 1, "NUM_QUART": 32 }, "geometry": { "type": "Point", "coordinates": [ 653548.411461022798903, 6861953.466501395218074 ] } },
{ "type": "Feature", "properties": { "fid": 15098, "PREFIXE 1": "RUE", "PREFIXE 2": "DU", "NOM_RUE": "PAS-DE-LA-MULE", "NUMERO TXT": "13", "NOM_SAISI": "RUE DU PAS-DE-LA-MULE", "NOM_NOTE": "Rue du Pas de la Mule", "EXP_GEO": 1, "INTERP": 0, "NUMEROTATI": 1, "NUM_QUART": 32 }, "geometry": { "type": "Point", "coordinates": [ 653539.611317568691447, 6861955.488185530528426 ] } },
{ "type": "Feature", "properties": { "fid": 15099, "PREFIXE 1": "RUE", "PREFIXE 2": "DU", "NOM_RUE": "PAS-DE-LA-MULE", "NUMERO TXT": "2", "NOM_SAISI": "RUE DU PAS-DE-LA-MULE", "NOM_NOTE": "Rue du Pas de la Mule", "EXP_GEO": 1, "INTERP": 0, "NUMEROTATI": 1, "NUM_QUART": 32 }, "geometry": { "type": "Point", "coordinates": [ 653633.445623291656375, 6861946.355370325036347 ] } },
{ "type": "Feature", "properties": { "fid": 15100, "PREFIXE 1": "RUE", "PREFIXE 2": "DU", "NOM_RUE": "PAS-DE-LA-MULE", "NUMERO TXT": "4", "NOM_SAISI": "RUE DU PAS-DE-LA-MULE", "NOM_NOTE": "Rue du Pas de la Mule", "EXP_GEO": 1, "INTERP": 0, "NUMEROTATI": 1, "NUM_QUART": 32 }, "geometry": { "type": "Point", "coordinates": [ 653615.877848824835382, 6861951.375148724764585 ] } },
{ "type": "Feature", "properties": { "fid": 15101, "PREFIXE 1": "RUE", "PREFIXE 2": "DU", "NOM_RUE": "PAS-DE-LA-MULE", "NUMERO TXT": "6", "NOM_SAISI": "RUE DU PAS-DE-LA-MULE", "NOM_NOTE": "Rue du Pas de la Mule", "EXP_GEO": 1, "INTERP": 0, "NUMEROTATI": 1, "NUM_QUART": 32 }, "geometry": { "type": "Point", "coordinates": [ 653595.048311434104107, 6861957.071394744329154 ] } },
{ "type": "Feature", "properties": { "fid": 15102, "PREFIXE 1": "RUE", "PREFIXE 2": "DU", "NOM_RUE": "PAS-DE-LA-MULE", "NUMERO TXT": "8", "NOM_SAISI": "RUE DU PAS-DE-LA-MULE", "NOM_NOTE": "Rue du Pas de la Mule", "EXP_GEO": 1, "INTERP": 0, "NUMEROTATI": 1, "NUM_QUART": 32 }, "geometry": { "type": "Point", "coordinates": [ 653559.221427271841094, 6861965.158823527395725 ] } },
{ "type": "Feature", "properties": { "fid": 15103, "PREFIXE 1": "RUE", "PREFIXE 2": null, "NOM_RUE": "JEAN-BEAU-SIRE", "NUMERO TXT": "1", "NOM_SAISI": "RUE JEAN-BEAU-SIRE", "NOM_NOTE": "Rue Jean Beau Sire", "EXP_GEO": 1, "INTERP": 0, "NUMEROTATI": 1, "NUM_QUART": 32 }, "geometry": { "type": "Point", "coordinates": [ 653629.070982003817335, 6861730.636719807982445 ] } },
{ "type": "Feature", "properties": { "fid": 15104, "PREFIXE 1": "RUE", "PREFIXE 2": null, "NOM_RUE": "JEAN-BEAU-SIRE", "NUMERO TXT": "3", "NOM_SAISI": "RUE JEAN-BEAU-SIRE", "NOM_NOTE": "Rue Jean Beau Sire", "EXP_GEO": 1, "INTERP": 0, "NUMEROTATI": 1, "NUM_QUART": 32 }, "geometry": { "type": "Point", "coordinates": [ 653628.929323766380548, 6861744.331016536802053 ] } },
{ "type": "Feature", "properties": { "fid": 15105, "PREFIXE 1": "RUE", "PREFIXE 2": null, "NOM_RUE": "JEAN-BEAU-SIRE", "NUMERO TXT": "5", "NOM_SAISI": "RUE JEAN-BEAU-SIRE", "NOM_NOTE": "Rue Jean Beau Sire", "EXP_GEO": 1, "INTERP": 0, "NUMEROTATI": 1, "NUM_QUART": 32 }, "geometry": { "type": "Point", "coordinates": [ 653628.636086804093793, 6861755.897838954813778 ] } },
{ "type": "Feature", "properties": { "fid": 15106, "PREFIXE 1": "RUE", "PREFIXE 2": null, "NOM_RUE": "JEAN-BEAU-SIRE", "NUMERO TXT": "7", "NOM_SAISI": "RUE JEAN-BEAU-SIRE", "NOM_NOTE": "Rue Jean Beau Sire", "EXP_GEO": 1, "INTERP": 0, "NUMEROTATI": 1, "NUM_QUART": 32 }, "geometry": { "type": "Point", "coordinates": [ 653629.555674349190667, 6861763.195958198979497 ] } },
{ "type": "Feature", "properties": { "fid": 15107, "PREFIXE 1": "RUE", "PREFIXE 2": null, "NOM_RUE": "JEAN-BEAU-SIRE", "NUMERO TXT": "9", "NOM_SAISI": "RUE JEAN-BEAU-SIRE", "NOM_NOTE": "Rue Jean Beau Sire", "EXP_GEO": 1, "INTERP": 0, "NUMEROTATI": 1, "NUM_QUART": 32 }, "geometry": { "type": "Point", "coordinates": [ 653628.956215617130511, 6861770.505554502829909 ] } },
{ "type": "Feature", "properties": { "fid": 15108, "PREFIXE 1": "RUE", "PREFIXE 2": null, "NOM_RUE": "JEAN-BEAU-SIRE", "NUMERO TXT": "11", "NOM_SAISI": "RUE JEAN-BEAU-SIRE", "NOM_NOTE": "Rue Jean Beau Sire", "EXP_GEO": 1, "INTERP": 0, "NUMEROTATI": 1, "NUM_QUART": 32 }, "geometry": { "type": "Point", "coordinates": [ 653629.123261419474147, 6861782.224410869181156 ] } },
{ "type": "Feature", "properties": { "fid": 15109, "PREFIXE 1": "RUE", "PREFIXE 2": null, "NOM_RUE": "JEAN-BEAU-SIRE", "NUMERO TXT": "13", "NOM_SAISI": "RUE JEAN-BEAU-SIRE", "NOM_NOTE": "Rue Jean Beau Sire", "EXP_GEO": 1, "INTERP": 0, "NUMEROTATI": 1, "NUM_QUART": 32 }, "geometry": { "type": "Point", "coordinates": [ 653628.986400221125223, 6861792.72897042054683 ] } },
{ "type": "Feature", "properties": { "fid": 15110, "PREFIXE 1": "RUE", "PREFIXE 2": null, "NOM_RUE": "JEAN-BEAU-SIRE", "NUMERO TXT": "15", "NOM_SAISI": "RUE JEAN-BEAU-SIRE", "NOM_NOTE": "Rue Jean Beau Sire", "EXP_GEO": 1, "INTERP": 0, "NUMEROTATI": 1, "NUM_QUART": 32 }, "geometry": { "type": "Point", "coordinates": [ 653628.556413648067974, 6861808.717896545305848 ] } },
{ "type": "Feature", "properties": { "fid": 15111, "PREFIXE 1": "RUE", "PREFIXE 2": null, "NOM_RUE": "JEAN-BEAU-SIRE", "NUMERO TXT": "17", "NOM_SAISI": "RUE JEAN-BEAU-SIRE", "NOM_NOTE": "Rue Jean Beau Sire", "EXP_GEO": 1, "INTERP": 0, "NUMEROTATI": 1, "NUM_QUART": 32 }, "geometry": { "type": "Point", "coordinates": [ 653628.131748827057891, 6861825.623082092031837 ] } },
{ "type": "Feature", "properties": { "fid": 15112, "PREFIXE 1": "RUE", "PREFIXE 2": null, "NOM_RUE": "JEAN-BEAU-SIRE", "NUMERO TXT": "19", "NOM_SAISI": "RUE JEAN-BEAU-SIRE", "NOM_NOTE": "Rue Jean Beau Sire", "EXP_GEO": 1, "INTERP": 0, "NUMEROTATI": 1, "NUM_QUART": 32 }, "geometry": { "type": "Point", "coordinates": [ 653628.454138977569528, 6861834.758378323167562 ] } },
{ "type": "Feature", "properties": { "fid": 15113, "PREFIXE 1": "RUE", "PREFIXE 2": null, "NOM_RUE": "JEAN-BEAU-SIRE", "NUMERO TXT": "21", "NOM_SAISI": "RUE JEAN-BEAU-SIRE", "NOM_NOTE": "Rue Jean Beau Sire", "EXP_GEO": 1, "INTERP": 0, "NUMEROTATI": 1, "NUM_QUART": 32 }, "geometry": { "type": "Point", "coordinates": [ 653628.017267181305215, 6861843.595196133479476 ] } },
{ "type": "Feature", "properties": { "fid": 15114, "PREFIXE 1": "RUE", "PREFIXE 2": null, "NOM_RUE": "JEAN-BEAU-SIRE", "NUMERO TXT": "2", "NOM_SAISI": "RUE JEAN-BEAU-SIRE", "NOM_NOTE": "Rue Jean Beau Sire", "EXP_GEO": 1, "INTERP": 0, "NUMEROTATI": 1, "NUM_QUART": 32 }, "geometry": { "type": "Point", "coordinates": [ 653642.293113227700815, 6861731.605657941661775 ] } },
{ "type": "Feature", "properties": { "fid": 15115, "PREFIXE 1": "RUE", "PREFIXE 2": null, "NOM_RUE": "JEAN-BEAU-SIRE", "NUMERO TXT": "4", "NOM_SAISI": "RUE JEAN-BEAU-SIRE", "NOM_NOTE": "Rue Jean Beau Sire", "EXP_GEO": 1, "INTERP": 0, "NUMEROTATI": 1, "NUM_QUART": 32 }, "geometry": { "type": "Point", "coordinates": [ 653642.759284229832701, 6861745.752782505005598 ] } },
{ "type": "Feature", "properties": { "fid": 15116, "PREFIXE 1": "RUE", "PREFIXE 2": null, "NOM_RUE": "JEAN-BEAU-SIRE", "NUMERO TXT": "6", "NOM_SAISI": "RUE JEAN-BEAU-SIRE", "NOM_NOTE": "Rue Jean Beau Sire", "EXP_GEO": 1, "INTERP": 0, "NUMEROTATI": 1, "NUM_QUART": 32 }, "geometry": { "type": "Point", "coordinates": [ 653642.012987861060537, 6861760.215062083676457 ] } },
{ "type": "Feature", "properties": { "fid": 15117, "PREFIXE 1": "RUE", "PREFIXE 2": null, "NOM_RUE": "JEAN-BEAU-SIRE", "NUMERO TXT": "8", "NOM_SAISI": "RUE JEAN-BEAU-SIRE", "NOM_NOTE": "Rue Jean Beau Sire", "EXP_GEO": 1, "INTERP": 0, "NUMEROTATI": 1, "NUM_QUART": 32 }, "geometry": { "type": "Point", "coordinates": [ 653642.182691390393302, 6861775.890625717118382 ] } },
{ "type": "Feature", "properties": { "fid": 15118, "PREFIXE 1": "RUE", "PREFIXE 2": null, "NOM_RUE": "JEAN-BEAU-SIRE", "NUMERO TXT": "10", "NOM_SAISI": "RUE JEAN-BEAU-SIRE", "NOM_NOTE": "Rue Jean Beau Sire", "EXP_GEO": 1, "INTERP": 0, "NUMEROTATI": 1, "NUM_QUART": 32 }, "geometry": { "type": "Point", "coordinates": [ 653642.205827411613427, 6861792.939929842948914 ] } },
{ "type": "Feature", "properties": { "fid": 15119, "PREFIXE 1": "RUE", "PREFIXE 2": null, "NOM_RUE": "JEAN-BEAU-SIRE", "NUMERO TXT": "12", "NOM_SAISI": "RUE JEAN-BEAU-SIRE", "NOM_NOTE": "Rue Jean Beau Sire", "EXP_GEO": 1, "INTERP": 0, "NUMEROTATI": 1, "NUM_QUART": 32 }, "geometry": { "type": "Point", "coordinates": [ 653642.531633387552574, 6861806.944807630963624 ] } },
{ "type": "Feature", "properties": { "fid": 15120, "PREFIXE 1": "RUE", "PREFIXE 2": null, "NOM_RUE": "JEAN-BEAU-SIRE", "NUMERO TXT": "23", "NOM_SAISI": "RUE JEAN-BEAU-SIRE", "NOM_NOTE": "Rue Jean Beau Sire", "EXP_GEO": 1, "INTERP": 0, "NUMEROTATI": 1, "NUM_QUART": 32 }, "geometry": { "type": "Point", "coordinates": [ 653628.040149559965357, 6861853.648237660527229 ] } },
{ "type": "Feature", "properties": { "fid": 15121, "PREFIXE 1": "RUE", "PREFIXE 2": null, "NOM_RUE": "JEAN-BEAU-SIRE", "NUMERO TXT": "16", "NOM_SAISI": "RUE JEAN-BEAU-SIRE", "NOM_NOTE": "Rue Jean Beau Sire", "EXP_GEO": 1, "INTERP": 0, "NUMEROTATI": 1, "NUM_QUART": 32 }, "geometry": { "type": "Point", "coordinates": [ 653642.287706313771196, 6861838.774645537137985 ] } },
{ "type": "Feature", "properties": { "fid": 15122, "PREFIXE 1": "RUE", "PREFIXE 2": null, "NOM_RUE": "JEAN-BEAU-SIRE", "NUMERO TXT": "18", "NOM_SAISI": "RUE JEAN-BEAU-SIRE", "NOM_NOTE": "Rue Jean Beau Sire", "EXP_GEO": 1, "INTERP": 0, "NUMEROTATI": 1, "NUM_QUART": 32 }, "geometry": { "type": "Point", "coordinates": [ 653642.162404847797006, 6861850.961280391551554 ] } },
{ "type": "Feature", "properties": { "fid": 15123, "PREFIXE 1": "RUE", "PREFIXE 2": null, "NOM_RUE": "JEAN-BEAU-SIRE", "NUMERO TXT": "20", "NOM_SAISI": "RUE JEAN-BEAU-SIRE", "NOM_NOTE": "Rue Jean Beau Sire", "EXP_GEO": 1, "INTERP": 0, "NUMEROTATI": 1, "NUM_QUART": 32 }, "geometry": { "type": "Point", "coordinates": [ 653642.189182717469521, 6861862.386642382480204 ] } },
{ "type": "Feature", "properties": { "fid": 15124, "PREFIXE 1": "RUE", "PREFIXE 2": "DES", "NOM_RUE": "TOURNELLES", "NUMERO TXT": "1", "NOM_SAISI": "RUE DES TOURNELLES", "NOM_NOTE": "Rue des Tournelles", "EXP_GEO": 1, "INTERP": 0, "NUMEROTATI": 1, "NUM_QUART": 32 }, "geometry": { "type": "Point", "coordinates": [ 653570.213189921574667, 6861729.513385763391852 ] } },
{ "type": "Feature", "properties": { "fid": 15125, "PREFIXE 1": "RUE", "PREFIXE 2": "DES", "NOM_RUE": "TOURNELLES", "NUMERO TXT": "3", "NOM_SAISI": "RUE DES TOURNELLES", "NOM_NOTE": "Rue des Tournelles", "EXP_GEO": 1, "INTERP": 0, "NUMEROTATI": 1, "NUM_QUART": 32 }, "geometry": { "type": "Point", "coordinates": [ 653571.893760128528811, 6861739.941904492676258 ] } },
{ "type": "Feature", "properties": { "fid": 15126, "PREFIXE 1": "RUE", "PREFIXE 2": "DES", "NOM_RUE": "TOURNELLES", "NUMERO TXT": "5", "NOM_SAISI": "RUE DES TOURNELLES", "NOM_NOTE": "Rue des Tournelles", "EXP_GEO": 1, "INTERP": 0, "NUMEROTATI": 1, "NUM_QUART": 32 }, "geometry": { "type": "Point", "coordinates": [ 653570.864507322781719, 6861754.360142257995903 ] } },
{ "type": "Feature", "properties": { "fid": 15127, "PREFIXE 1": "RUE", "PREFIXE 2": "DES", "NOM_RUE": "TOURNELLES", "NUMERO TXT": "7", "NOM_SAISI": "RUE DES TOURNELLES", "NOM_NOTE": "Rue des Tournelles", "EXP_GEO": 1, "INTERP": 0, "NUMEROTATI": 1, "NUM_QUART": 32 }, "geometry": { "type": "Point", "coordinates": [ 653569.209505171864294, 6861767.322808745317161 ] } },
{ "type": "Feature", "properties": { "fid": 15128, "PREFIXE 1": "RUE", "PREFIXE 2": "DES", "NOM_RUE": "TOURNELLES", "NUMERO TXT": "9", "NOM_SAISI": "RUE DES TOURNELLES", "NOM_NOTE": "Rue des Tournelles", "EXP_GEO": 1, "INTERP": 0, "NUMEROTATI": 1, "NUM_QUART": 32 }, "geometry": { "type": "Point", "coordinates": [ 653567.766406480688602, 6861780.703361154533923 ] } },
{ "type": "Feature", "properties": { "fid": 15129, "PREFIXE 1": "RUE", "PREFIXE 2": "DES", "NOM_RUE": "TOURNELLES", "NUMERO TXT": "11", "NOM_SAISI": "RUE DES TOURNELLES", "NOM_NOTE": "Rue des Tournelles", "EXP_GEO": 1, "INTERP": 0, "NUMEROTATI": 1, "NUM_QUART": 32 }, "geometry": { "type": "Point", "coordinates": [ 653565.489887034986168, 6861793.882799844257534 ] } },
{ "type": "Feature", "properties": { "fid": 15130, "PREFIXE 1": "RUE", "PREFIXE 2": "DES", "NOM_RUE": "TOURNELLES", "NUMERO TXT": "13", "NOM_SAISI": "RUE DES TOURNELLES", "NOM_NOTE": "Rue des Tournelles", "EXP_GEO": 1, "INTERP": 0, "NUMEROTATI": 1, "NUM_QUART": 32 }, "geometry": { "type": "Point", "coordinates": [ 653564.680075866635889, 6861808.098044168204069 ] } },
{ "type": "Feature", "properties": { "fid": 15131, "PREFIXE 1": "RUE", "PREFIXE 2": "DES", "NOM_RUE": "TOURNELLES", "NUMERO TXT": "15", "NOM_SAISI": "RUE DES TOURNELLES", "NOM_NOTE": "Rue des Tournelles", "EXP_GEO": 1, "INTERP": 0, "NUMEROTATI": 1, "NUM_QUART": 32 }, "geometry": { "type": "Point", "coordinates": [ 653564.709506810293533, 6861822.727238925173879 ] } },
{ "type": "Feature", "properties": { "fid": 15132, "PREFIXE 1": "RUE", "PREFIXE 2": "DES", "NOM_RUE": "TOURNELLES", "NUMERO TXT": "2", "NOM_SAISI": "RUE DES TOURNELLES", "NOM_NOTE": "Rue des Tournelles", "EXP_GEO": 1, "INTERP": 0, "NUMEROTATI": 1, "NUM_QUART": 32 }, "geometry": { "type": "Point", "coordinates": [ 653588.812064325553365, 6861740.02496303524822 ] } },
{ "type": "Feature", "properties": { "fid": 15133, "PREFIXE 1": "RUE", "PREFIXE 2": "DES", "NOM_RUE": "TOURNELLES", "NUMERO TXT": "4", "NOM_SAISI": "RUE DES TOURNELLES", "NOM_NOTE": "Rue des Tournelles", "EXP_GEO": 1, "INTERP": 0, "NUMEROTATI": 1, "NUM_QUART": 32 }, "geometry": { "type": "Point", "coordinates": [ 653587.983144252910279, 6861746.714356880635023 ] } },
{ "type": "Feature", "properties": { "fid": 15134, "PREFIXE 1": "RUE", "PREFIXE 2": "DES", "NOM_RUE": "TOURNELLES", "NUMERO TXT": "6", "NOM_SAISI": "RUE DES TOURNELLES", "NOM_NOTE": "Rue des Tournelles", "EXP_GEO": 1, "INTERP": 0, "NUMEROTATI": 1, "NUM_QUART": 32 }, "geometry": { "type": "Point", "coordinates": [ 653587.572965378523804, 6861753.818841654807329 ] } },
{ "type": "Feature", "properties": { "fid": 15135, "PREFIXE 1": "RUE", "PREFIXE 2": "DES", "NOM_RUE": "TOURNELLES", "NUMERO TXT": "8", "NOM_SAISI": "RUE DES TOURNELLES", "NOM_NOTE": "Rue des Tournelles", "EXP_GEO": 1, "INTERP": 0, "NUMEROTATI": 1, "NUM_QUART": 32 }, "geometry": { "type": "Point", "coordinates": [ 653586.121145199518651, 6861762.393712401390076 ] } },
{ "type": "Feature", "properties": { "fid": 15136, "PREFIXE 1": "RUE", "PREFIXE 2": "DES", "NOM_RUE": "TOURNELLES", "NUMERO TXT": "10", "NOM_SAISI": "RUE DES TOURNELLES", "NOM_NOTE": "Rue des Tournelles", "EXP_GEO": 1, "INTERP": 0, "NUMEROTATI": 1, "NUM_QUART": 32 }, "geometry": { "type": "Point", "coordinates": [ 653584.669799692113884, 6861770.551450056955218 ] } },
{ "type": "Feature", "properties": { "fid": 15137, "PREFIXE 1": "RUE", "PREFIXE 2": "DES", "NOM_RUE": "TOURNELLES", "NUMERO TXT": "12", "NOM_SAISI": "RUE DES TOURNELLES", "NOM_NOTE": "Rue des Tournelles", "EXP_GEO": 1, "INTERP": 0, "NUMEROTATI": 1, "NUM_QUART": 32 }, "geometry": { "type": "Point", "coordinates": [ 653581.758488406776451, 6861779.347249278798699 ] } },
{ "type": "Feature", "properties": { "fid": 15138, "PREFIXE 1": "RUE", "PREFIXE 2": "DES", "NOM_RUE": "TOURNELLES", "NUMERO TXT": "14", "NOM_SAISI": "RUE DES TOURNELLES", "NOM_NOTE": "Rue des Tournelles", "EXP_GEO": 1, "INTERP": 0, "NUMEROTATI": 1, "NUM_QUART": 32 }, "geometry": { "type": "Point", "coordinates": [ 653581.978417810285464, 6861786.658302254043519 ] } },
{ "type": "Feature", "properties": { "fid": 15139, "PREFIXE 1": "RUE", "PREFIXE 2": "DES", "NOM_RUE": "TOURNELLES", "NUMERO TXT": "16", "NOM_SAISI": "RUE DES TOURNELLES", "NOM_NOTE": "Rue des Tournelles", "EXP_GEO": 1, "INTERP": 0, "NUMEROTATI": 1, "NUM_QUART": 32 }, "geometry": { "type": "Point", "coordinates": [ 653580.529155176249333, 6861794.399955365806818 ] } },
{ "type": "Feature", "properties": { "fid": 15140, "PREFIXE 1": "RUE", "PREFIXE 2": "DES", "NOM_RUE": "TOURNELLES", "NUMERO TXT": "18", "NOM_SAISI": "RUE DES TOURNELLES", "NOM_NOTE": "Rue des Tournelles", "EXP_GEO": 1, "INTERP": 0, "NUMEROTATI": 1, "NUM_QUART": 32 }, "geometry": { "type": "Point", "coordinates": [ 653580.542160696117207, 6861801.922595305368304 ] } },
{ "type": "Feature", "properties": { "fid": 15141, "PREFIXE 1": "RUE", "PREFIXE 2": "DES", "NOM_RUE": "TOURNELLES", "NUMERO TXT": "20", "NOM_SAISI": "RUE DES TOURNELLES", "NOM_NOTE": "Rue des Tournelles", "EXP_GEO": 1, "INTERP": 0, "NUMEROTATI": 1, "NUM_QUART": 32 }, "geometry": { "type": "Point", "coordinates": [ 653580.342825354309753, 6861807.148500182665884 ] } },
{ "type": "Feature", "properties": { "fid": 15142, "PREFIXE 1": "RUE", "PREFIXE 2": "DES", "NOM_RUE": "TOURNELLES", "NUMERO TXT": "22", "NOM_SAISI": "RUE DES TOURNELLES", "NOM_NOTE": "Rue des Tournelles", "EXP_GEO": 1, "INTERP": 0, "NUMEROTATI": 1, "NUM_QUART": 32 }, "geometry": { "type": "Point", "coordinates": [ 653580.355111946235411, 6861813.627133684232831 ] } },
{ "type": "Feature", "properties": { "fid": 15143, "PREFIXE 1": "RUE", "PREFIXE 2": "DES", "NOM_RUE": "TOURNELLES", "NUMERO TXT": "24", "NOM_SAISI": "RUE DES TOURNELLES", "NOM_NOTE": "Rue des Tournelles", "EXP_GEO": 1, "INTERP": 0, "NUMEROTATI": 1, "NUM_QUART": 32 }, "geometry": { "type": "Point", "coordinates": [ 653580.790728991269134, 6861822.61133661866188 ] } },
{ "type": "Feature", "properties": { "fid": 15144, "PREFIXE 1": "RUE", "PREFIXE 2": "DES", "NOM_RUE": "TOURNELLES", "NUMERO TXT": "26", "NOM_SAISI": "RUE DES TOURNELLES", "NOM_NOTE": "Rue des Tournelles", "EXP_GEO": 1, "INTERP": 0, "NUMEROTATI": 1, "NUM_QUART": 32 }, "geometry": { "type": "Point", "coordinates": [ 653581.018163487664424, 6861831.388847501948476 ] } },
{ "type": "Feature", "properties": { "fid": 15145, "PREFIXE 1": "RUE", "PREFIXE 2": "DES", "NOM_RUE": "TOURNELLES", "NUMERO TXT": "28", "NOM_SAISI": "RUE DES TOURNELLES", "NOM_NOTE": "Rue des Tournelles", "EXP_GEO": 1, "INTERP": 0, "NUMEROTATI": 1, "NUM_QUART": 32 }, "geometry": { "type": "Point", "coordinates": [ 653581.875922926701605, 6861841.417019698768854 ] } },
{ "type": "Feature", "properties": { "fid": 15146, "PREFIXE 1": "RUE", "PREFIXE 2": "DES", "NOM_RUE": "TOURNELLES", "NUMERO TXT": "30", "NOM_SAISI": "RUE DES TOURNELLES", "NOM_NOTE": "Rue des Tournelles", "EXP_GEO": 1, "INTERP": 0, "NUMEROTATI": 1, "NUM_QUART": 32 }, "geometry": { "type": "Point", "coordinates": [ 653581.897291621076874, 6861850.406812553294003 ] } },
{ "type": "Feature", "properties": { "fid": 15147, "PREFIXE 1": "RUE", "PREFIXE 2": "DES", "NOM_RUE": "TOURNELLES", "NUMERO TXT": "32", "NOM_SAISI": "RUE DES TOURNELLES", "NOM_NOTE": "Rue des Tournelles", "EXP_GEO": 1, "INTERP": 0, "NUMEROTATI": 1, "NUM_QUART": 32 }, "geometry": { "type": "Point", "coordinates": [ 653581.918695002910681, 6861858.979243561625481 ] } },
{ "type": "Feature", "properties": { "fid": 15148, "PREFIXE 1": "RUE", "PREFIXE 2": "DES", "NOM_RUE": "TOURNELLES", "NUMERO TXT": "34", "NOM_SAISI": "RUE DES TOURNELLES", "NOM_NOTE": "Rue des Tournelles", "EXP_GEO": 1, "INTERP": 0, "NUMEROTATI": 1, "NUM_QUART": 32 }, "geometry": { "type": "Point", "coordinates": [ 653582.570791893987916, 6861868.802695040591061 ] } },
{ "type": "Feature", "properties": { "fid": 15149, "PREFIXE 1": "RUE", "PREFIXE 2": "DES", "NOM_RUE": "TOURNELLES", "NUMERO TXT": "36", "NOM_SAISI": "RUE DES TOURNELLES", "NOM_NOTE": "Rue des Tournelles", "EXP_GEO": 1, "INTERP": 0, "NUMEROTATI": 1, "NUM_QUART": 32 }, "geometry": { "type": "Point", "coordinates": [ 653582.384393024840392, 6861876.959950453601778 ] } },
{ "type": "Feature", "properties": { "fid": 15150, "PREFIXE 1": "RUE", "PREFIXE 2": "DES", "NOM_RUE": "TOURNELLES", "NUMERO TXT": "38", "NOM_SAISI": "RUE DES TOURNELLES", "NOM_NOTE": "Rue des Tournelles", "EXP_GEO": 1, "INTERP": 0, "NUMEROTATI": 1, "NUM_QUART": 32 }, "geometry": { "type": "Point", "coordinates": [ 653583.030932247987948, 6861884.066304387524724 ] } },
{ "type": "Feature", "properties": { "fid": 15151, "PREFIXE 1": "RUE", "PREFIXE 2": "DES", "NOM_RUE": "TOURNELLES", "NUMERO TXT": "40", "NOM_SAISI": "RUE DES TOURNELLES", "NOM_NOTE": "Rue des Tournelles", "EXP_GEO": 1, "INTERP": 0, "NUMEROTATI": 1, "NUM_QUART": 32 }, "geometry": { "type": "Point", "coordinates": [ 653583.063214692054316, 6861894.942552820779383 ] } },
{ "type": "Feature", "properties": { "fid": 15152, "PREFIXE 1": "RUE", "PREFIXE 2": "DES", "NOM_RUE": "TOURNELLES", "NUMERO TXT": "17", "NOM_SAISI": "RUE DES TOURNELLES", "NOM_NOTE": "Rue des Tournelles", "EXP_GEO": 1, "INTERP": 0, "NUMEROTATI": 1, "NUM_QUART": 32 }, "geometry": { "type": "Point", "coordinates": [ 653565.364160616998561, 6861835.472810477018356 ] } },
{ "type": "Feature", "properties": { "fid": 15153, "PREFIXE 1": "RUE", "PREFIXE 2": "DES", "NOM_RUE": "TOURNELLES", "NUMERO TXT": "19", "NOM_SAISI": "RUE DES TOURNELLES", "NOM_NOTE": "Rue des Tournelles", "EXP_GEO": 1, "INTERP": 0, "NUMEROTATI": 1, "NUM_QUART": 32 }, "geometry": { "type": "Point", "coordinates": [ 653565.606866016983986, 6861849.686505331657827 ] } },
{ "type": "Feature", "properties": { "fid": 15154, "PREFIXE 1": "RUE", "PREFIXE 2": "DES", "NOM_RUE": "TOURNELLES", "NUMERO TXT": "21", "NOM_SAISI": "RUE DES TOURNELLES", "NOM_NOTE": "Rue des Tournelles", "EXP_GEO": 1, "INTERP": 0, "NUMEROTATI": 1, "NUM_QUART": 32 }, "geometry": { "type": "Point", "coordinates": [ 653567.100967591861263, 6861862.220646969974041 ] } },
{ "type": "Feature", "properties": { "fid": 15155, "PREFIXE 1": "RUE", "PREFIXE 2": "DES", "NOM_RUE": "TOURNELLES", "NUMERO TXT": "23", "NOM_SAISI": "RUE DES TOURNELLES", "NOM_NOTE": "Rue des Tournelles", "EXP_GEO": 1, "INTERP": 0, "NUMEROTATI": 1, "NUM_QUART": 32 }, "geometry": { "type": "Point", "coordinates": [ 653566.928137793089263, 6861875.39567119255662 ] } },
{ "type": "Feature", "properties": { "fid": 15156, "PREFIXE 1": "RUE", "PREFIXE 2": "DES", "NOM_RUE": "TOURNELLES", "NUMERO TXT": "25", "NOM_SAISI": "RUE DES TOURNELLES", "NOM_NOTE": "Rue des Tournelles", "EXP_GEO": 1, "INTERP": 0, "NUMEROTATI": 1, "NUM_QUART": 32 }, "geometry": { "type": "Point", "coordinates": [ 653567.382932921522297, 6861888.149755992926657 ] } },
{ "type": "Feature", "properties": { "fid": 15157, "PREFIXE 1": "RUE", "PREFIXE 2": "DES", "NOM_RUE": "TOURNELLES", "NUMERO TXT": "27", "NOM_SAISI": "RUE DES TOURNELLES", "NOM_NOTE": "Rue des Tournelles", "EXP_GEO": 1, "INTERP": 0, "NUMEROTATI": 1, "NUM_QUART": 32 }, "geometry": { "type": "Point", "coordinates": [ 653568.054054444888607, 6861902.577473629266024 ] } },
{ "type": "Feature", "properties": { "fid": 15158, "PREFIXE 1": "RUE", "PREFIXE 2": "DES", "NOM_RUE": "TOURNELLES", "NUMERO TXT": "42", "NOM_SAISI": "RUE DES TOURNELLES", "NOM_NOTE": "Rue des Tournelles", "EXP_GEO": 1, "INTERP": 0, "NUMEROTATI": 1, "NUM_QUART": 32 }, "geometry": { "type": "Point", "coordinates": [ 653583.721354752080515, 6861905.188098222017288 ] } },
{ "type": "Feature", "properties": { "fid": 15159, "PREFIXE 1": "RUE", "PREFIXE 2": "DES", "NOM_RUE": "TOURNELLES", "NUMERO TXT": "44", "NOM_SAISI": "RUE DES TOURNELLES", "NOM_NOTE": "Rue des Tournelles", "EXP_GEO": 1, "INTERP": 0, "NUMEROTATI": 1, "NUM_QUART": 32 }, "geometry": { "type": "Point", "coordinates": [ 653583.965491867624223, 6861916.065274068154395 ] } },
{ "type": "Feature", "properties": { "fid": 15160, "PREFIXE 1": "RUE", "PREFIXE 2": "DES", "NOM_RUE": "TOURNELLES", "NUMERO TXT": "46", "NOM_SAISI": "RUE DES TOURNELLES", "NOM_NOTE": "Rue des Tournelles", "EXP_GEO": 1, "INTERP": 0, "NUMEROTATI": 1, "NUM_QUART": 32 }, "geometry": { "type": "Point", "coordinates": [ 653584.840326797217131, 6861927.776345824822783 ] } },
{ "type": "Feature", "properties": { "fid": 15161, "PREFIXE 1": "RUE", "PREFIXE 2": "DES", "NOM_RUE": "TOURNELLES", "NUMERO TXT": "48", "NOM_SAISI": "RUE DES TOURNELLES", "NOM_NOTE": "Rue des Tournelles", "EXP_GEO": 1, "INTERP": 0, "NUMEROTATI": 1, "NUM_QUART": 32 }, "geometry": { "type": "Point", "coordinates": [ 653586.127557949861512, 6861937.602654514834285 ] } },
{ "type": "Feature", "properties": { "fid": 15162, "PREFIXE 1": "RUE", "PREFIXE 2": "DES", "NOM_RUE": "TOURNELLES", "NUMERO TXT": "29", "NOM_SAISI": "RUE DES TOURNELLES", "NOM_NOTE": "Rue des Tournelles", "EXP_GEO": 1, "INTERP": 0, "NUMEROTATI": 1, "NUM_QUART": 32 }, "geometry": { "type": "Point", "coordinates": [ 653566.839493493782356, 6861914.300759154371917 ] } },
{ "type": "Feature", "properties": { "fid": 15163, "PREFIXE 1": "RUE", "PREFIXE 2": "DES", "NOM_RUE": "TOURNELLES", "NUMERO TXT": "31", "NOM_SAISI": "RUE DES TOURNELLES", "NOM_NOTE": "Rue des Tournelles", "EXP_GEO": 1, "INTERP": 0, "NUMEROTATI": 1, "NUM_QUART": 32 }, "geometry": { "type": "Point", "coordinates": [ 653567.934101027203724, 6861928.938696127384901 ] } },
{ "type": "Feature", "properties": { "fid": 15164, "PREFIXE 1": "RUE", "PREFIXE 2": "DES", "NOM_RUE": "TOURNELLES", "NUMERO TXT": "33", "NOM_SAISI": "RUE DES TOURNELLES", "NOM_NOTE": "Rue des Tournelles", "EXP_GEO": 1, "INTERP": 0, "NUMEROTATI": 1, "NUM_QUART": 32 }, "geometry": { "type": "Point", "coordinates": [ 653567.98992480430752, 6861944.213863262906671 ] } },
{ "type": "Feature", "properties": { "fid": 15166, "PREFIXE 1": "RUE", "PREFIXE 2": "DES", "NOM_RUE": "TOURNELLES", "NUMERO TXT": "50", "NOM_SAISI": "RUE DES TOURNELLES", "NOM_NOTE": "Rue des Tournelles", "EXP_GEO": 1, "INTERP": 0, "NUMEROTATI": 1, "NUM_QUART": 32 }, "geometry": { "type": "Point", "coordinates": [ 653586.849537122878246, 6861962.922543661668897 ] } },
{ "type": "Feature", "properties": { "fid": 15377, "PREFIXE 1": "RUE", "PREFIXE 2": null, "NOM_RUE": "SAINT-LOUIS-AU-MARAIS", "NUMERO TXT": "1", "NOM_SAISI": "RUE SAINT-LOUIS-AU-MARAIS", "NOM_NOTE": "Rue St. Louis", "EXP_GEO": 1, "INTERP": 0, "NUMEROTATI": 1, "NUM_QUART": 32 }, "geometry": { "type": "Point", "coordinates": [ 653350.89586671453435, 6862030.314953440800309 ] } },
{ "type": "Feature", "properties": { "fid": 15383, "PREFIXE 1": "RUE", "PREFIXE 2": null, "NOM_RUE": "SAINT-LOUIS-AU-MARAIS", "NUMERO TXT": "2", "NOM_SAISI": "RUE SAINT-LOUIS-AU-MARAIS", "NOM_NOTE": "Rue St. Louis", "EXP_GEO": 1, "INTERP": 0, "NUMEROTATI": 1, "NUM_QUART": 32 }, "geometry": { "type": "Point", "coordinates": [ 653373.842389223980717, 6862018.661290775053203 ] } },
{ "type": "Feature", "properties": { "fid": 15513, "PREFIXE 1": "BOULEVARD", "PREFIXE 2": null, "NOM_RUE": "SAINT-ANTOINE", "NUMERO TXT": "13", "NOM_SAISI": "BOULEVARD SAINT-ANTOINE", "NOM_NOTE": "Boulevard Saint Antoine", "EXP_GEO": 1, "INTERP": 1, "NUMEROTATI": 1, "NUM_QUART": 32 }, "geometry": { "type": "Point", "coordinates": [ 653661.888570640236139, 6861807.04877286683768 ] } },
{ "type": "Feature", "properties": { "fid": 15514, "PREFIXE 1": "BOULEVARD", "PREFIXE 2": null, "NOM_RUE": "SAINT-ANTOINE", "NUMERO TXT": "15", "NOM_SAISI": "BOULEVARD SAINT-ANTOINE", "NOM_NOTE": "Boulevard Saint Antoine", "EXP_GEO": 1, "INTERP": 1, "NUMEROTATI": 1, "NUM_QUART": 32 }, "geometry": { "type": "Point", "coordinates": [ 653661.272360916715115, 6861817.655299233272672 ] } },
{ "type": "Feature", "properties": { "fid": 15515, "PREFIXE 1": "BOULEVARD", "PREFIXE 2": null, "NOM_RUE": "SAINT-ANTOINE", "NUMERO TXT": "23", "NOM_SAISI": "BOULEVARD SAINT-ANTOINE", "NOM_NOTE": "Boulevard Saint Antoine", "EXP_GEO": 1, "INTERP": 1, "NUMEROTATI": 1, "NUM_QUART": 32 }, "geometry": { "type": "Point", "coordinates": [ 653648.18582021293696, 6861903.343569180928171 ] } },
{ "type": "Feature", "properties": { "fid": 15517, "PREFIXE 1": "BOULEVARD", "PREFIXE 2": null, "NOM_RUE": "SAINT-ANTOINE", "NUMERO TXT": "25", "NOM_SAISI": "BOULEVARD SAINT-ANTOINE", "NOM_NOTE": "Boulevard Saint Antoine", "EXP_GEO": 1, "INTERP": 1, "NUMEROTATI": 1, "NUM_QUART": 32 }, "geometry": { "type": "Point", "coordinates": [ 653643.016152577940375, 6861922.086348290555179 ] } },
{ "type": "Feature", "properties": { "fid": 15530, "PREFIXE 1": "RUE", "PREFIXE 2": null, "NOM_RUE": "SAINT-ANTOINE", "NUMERO TXT": "165", "NOM_SAISI": "RUE SAINT-ANTOINE", "NOM_NOTE": "Rue Saint Antoine", "EXP_GEO": 1, "INTERP": 1, "NUMEROTATI": 1, "NUM_QUART": 32 }, "geometry": { "type": "Point", "coordinates": [ 653379.203371620504186, 6861754.288141493685544 ] } },
{ "type": "Feature", "properties": { "fid": 15531, "PREFIXE 1": "RUE", "PREFIXE 2": null, "NOM_RUE": "SAINT-ANTOINE", "NUMERO TXT": "167", "NOM_SAISI": "RUE SAINT-ANTOINE", "NOM_NOTE": "Rue Saint Antoine", "EXP_GEO": 1, "INTERP": 1, "NUMEROTATI": 1, "NUM_QUART": 32 }, "geometry": { "type": "Point", "coordinates": [ 653381.822742455406114, 6861752.781014943495393 ] } },
{ "type": "Feature", "properties": { "fid": 15532, "PREFIXE 1": "RUE", "PREFIXE 2": null, "NOM_RUE": "SAINT-ANTOINE", "NUMERO TXT": "181", "NOM_SAISI": "RUE SAINT-ANTOINE", "NOM_NOTE": "Rue Saint Antoine", "EXP_GEO": 1, "INTERP": 1, "NUMEROTATI": 1, "NUM_QUART": 32 }, "geometry": { "type": "Point", "coordinates": [ 653445.556999468477443, 6861726.106680657714605 ] } },
{ "type": "Feature", "properties": { "fid": 15533, "PREFIXE 1": "RUE", "PREFIXE 2": null, "NOM_RUE": "SAINT-ANTOINE", "NUMERO TXT": "183", "NOM_SAISI": "RUE SAINT-ANTOINE", "NOM_NOTE": "Rue Saint Antoine", "EXP_GEO": 1, "INTERP": 1, "NUMEROTATI": 1, "NUM_QUART": 32 }, "geometry": { "type": "Point", "coordinates": [ 653470.474525165278465, 6861716.196249442175031 ] } },
{ "type": "Feature", "properties": { "fid": 15535, "PREFIXE 1": "RUE", "PREFIXE 2": "DU", "NOM_RUE": "PAS-DE-LA-MULE", "NUMERO TXT": "7", "NOM_SAISI": "RUE DU PAS-DE-LA-MULE", "NOM_NOTE": "Rue du Pas de la Mule", "EXP_GEO": 1, "INTERP": 1, "NUMEROTATI": 1, "NUM_QUART": 32 }, "geometry": { "type": "Point", "coordinates": [ 653584.207121502724476, 6861944.177383760921657 ] } },
{ "type": "Feature", "properties": { "fid": 15536, "PREFIXE 1": "RUE", "PREFIXE 2": null, "NOM_RUE": "JEAN-BEAU-SIRE", "NUMERO TXT": "14", "NOM_SAISI": "RUE JEAN-BEAU-SIRE", "NOM_NOTE": "Rue Jean Beau Sire", "EXP_GEO": 1, "INTERP": 1, "NUMEROTATI": 1, "NUM_QUART": 32 }, "geometry": { "type": "Point", "coordinates": [ 653642.1010334296152, 6861819.722424489445984 ] } },
{ "type": "Feature", "properties": { "fid": 15572, "PREFIXE 1": "BOULEVARD", "PREFIXE 2": null, "NOM_RUE": "SAINT-ANTOINE", "NUMERO TXT": "3", "NOM_SAISI": "BOULEVARD SAINT-ANTOINE", "NOM_NOTE": "Boulevard Saint Antoine", "EXP_GEO": 1, "INTERP": 1, "NUMEROTATI": 1, "NUM_QUART": 32 }, "geometry": { "type": "Point", "coordinates": [ 653666.911631591850892, 6861741.358116884715855 ] } },
{ "type": "Feature", "properties": { "fid": 15573, "PREFIXE 1": "BOULEVARD", "PREFIXE 2": null, "NOM_RUE": "SAINT-ANTOINE", "NUMERO TXT": "5", "NOM_SAISI": "BOULEVARD SAINT-ANTOINE", "NOM_NOTE": "Boulevard Saint Antoine", "EXP_GEO": 1, "INTERP": 1, "NUMEROTATI": 1, "NUM_QUART": 32 }, "geometry": { "type": "Point", "coordinates": [ 653667.31433510244824, 6861754.718727147206664 ] } },
{ "type": "Feature", "properties": { "fid": 15574, "PREFIXE 1": "BOULEVARD", "PREFIXE 2": null, "NOM_RUE": "SAINT-ANTOINE", "NUMERO TXT": "7", "NOM_SAISI": "BOULEVARD SAINT-ANTOINE", "NOM_NOTE": "Boulevard Saint Antoine", "EXP_GEO": 1, "INTERP": 1, "NUMEROTATI": 1, "NUM_QUART": 32 }, "geometry": { "type": "Point", "coordinates": [ 653667.717597726732492, 6861766.312161437235773 ] } },
{ "type": "Feature", "properties": { "fid": 15575, "PREFIXE 1": "BOULEVARD", "PREFIXE 2": null, "NOM_RUE": "SAINT-ANTOINE", "NUMERO TXT": "9", "NOM_SAISI": "BOULEVARD SAINT-ANTOINE", "NOM_NOTE": "Boulevard Saint Antoine", "EXP_GEO": 1, "INTERP": 1, "NUMEROTATI": 1, "NUM_QUART": 32 }, "geometry": { "type": "Point", "coordinates": [ 653665.968806966906413, 6861780.477683275006711 ] } },
{ "type": "Feature", "properties": { "fid": 15576, "PREFIXE 1": "BOULEVARD", "PREFIXE 2": null, "NOM_RUE": "SAINT-ANTOINE", "NUMERO TXT": "1", "NOM_SAISI": "BOULEVARD SAINT-ANTOINE", "NOM_NOTE": "Boulevard Saint Antoine", "EXP_GEO": 1, "INTERP": 1, "NUMEROTATI": 1, "NUM_QUART": 32 }, "geometry": { "type": "Point", "coordinates": [ 653666.726455560536124, 6861729.053658733144403 ] } },
{ "type": "Feature", "properties": { "fid": 15577, "PREFIXE 1": "BOULEVARD", "PREFIXE 2": null, "NOM_RUE": "SAINT-ANTOINE", "NUMERO TXT": "11", "NOM_SAISI": "BOULEVARD SAINT-ANTOINE", "NOM_NOTE": "Boulevard Saint Antoine", "EXP_GEO": 1, "INTERP": 1, "NUMEROTATI": 1, "NUM_QUART": 32 }, "geometry": { "type": "Point", "coordinates": [ 653663.829260706785135, 6861793.664784319698811 ] } },
{ "type": "Feature", "properties": { "fid": 15578, "PREFIXE 1": "BOULEVARD", "PREFIXE 2": null, "NOM_RUE": "SAINT-ANTOINE", "NUMERO TXT": "19", "NOM_SAISI": "BOULEVARD SAINT-ANTOINE", "NOM_NOTE": "Boulevard Saint Antoine", "EXP_GEO": 1, "INTERP": 1, "NUMEROTATI": 1, "NUM_QUART": 32 }, "geometry": { "type": "Point", "coordinates": [ 653654.153836014447734, 6861861.781925925053656 ] } },
{ "type": "Feature", "properties": { "fid": 15579, "PREFIXE 1": "BOULEVARD", "PREFIXE 2": null, "NOM_RUE": "SAINT-ANTOINE", "NUMERO TXT": "17", "NOM_SAISI": "BOULEVARD SAINT-ANTOINE", "NOM_NOTE": "Boulevard Saint Antoine", "EXP_GEO": 1, "INTERP": 1, "NUMEROTATI": 1, "NUM_QUART": 32 }, "geometry": { "type": "Point", "coordinates": [ 653658.136487136711366, 6861837.84001556225121 ] } },
{ "type": "Feature", "properties": { "fid": 15580, "PREFIXE 1": "BOULEVARD", "PREFIXE 2": null, "NOM_RUE": "SAINT-ANTOINE", "NUMERO TXT": "21", "NOM_SAISI": "BOULEVARD SAINT-ANTOINE", "NOM_NOTE": "Boulevard Saint Antoine", "EXP_GEO": 1, "INTERP": 1, "NUMEROTATI": 1, "NUM_QUART": 32 }, "geometry": { "type": "Point", "coordinates": [ 653650.86924719880335, 6861881.283650239929557 ] } },
{ "type": "Feature", "properties": { "fid": 16456, "PREFIXE 1": "RUE", "PREFIXE 2": "DE LA", "NOM_RUE": "CONTRESCARPE-SAINT-ANTOINE", "NUMERO TXT": "10", "NOM_SAISI": "RUE DE LA CONTRESCARPE-SAINT-ANTOINE", "NOM_NOTE": "Rue de la Contrescarpe", "EXP_GEO": 1, "INTERP": 1, "NUMEROTATI": 1, "NUM_QUART": 35 }, "geometry": { "type": "Point", "coordinates": [ 653567.280927762622014, 6860997.226637450046837 ] } },
{ "type": "Feature", "properties": { "fid": 16457, "PREFIXE 1": "RUE", "PREFIXE 2": "DE LA", "NOM_RUE": "CONTRESCARPE-SAINT-ANTOINE", "NUMERO TXT": "12", "NOM_SAISI": "RUE DE LA CONTRESCARPE-SAINT-ANTOINE", "NOM_NOTE": "Rue de la Contrescarpe", "EXP_GEO": 1, "INTERP": 0, "NUMEROTATI": 1, "NUM_QUART": 35 }, "geometry": { "type": "Point", "coordinates": [ 653568.27612319868058, 6861007.235646869987249 ] } },
{ "type": "Feature", "properties": { "fid": 16458, "PREFIXE 1": "RUE", "PREFIXE 2": "DE LA", "NOM_RUE": "CONTRESCARPE-SAINT-ANTOINE", "NUMERO TXT": "14", "NOM_SAISI": "RUE DE LA CONTRESCARPE-SAINT-ANTOINE", "NOM_NOTE": "Rue de la Contrescarpe", "EXP_GEO": 1, "INTERP": 0, "NUMEROTATI": 1, "NUM_QUART": 35 }, "geometry": { "type": "Point", "coordinates": [ 653566.193623615545221, 6861010.414912266656756 ] } },
{ "type": "Feature", "properties": { "fid": 16459, "PREFIXE 1": "RUE", "PREFIXE 2": "DE LA", "NOM_RUE": "CONTRESCARPE-SAINT-ANTOINE", "NUMERO TXT": "16", "NOM_SAISI": "RUE DE LA CONTRESCARPE-SAINT-ANTOINE", "NOM_NOTE": "Rue de la Contrescarpe", "EXP_GEO": 1, "INTERP": 0, "NUMEROTATI": 1, "NUM_QUART": 35 }, "geometry": { "type": "Point", "coordinates": [ 653566.926937168696895, 6861016.460805241018534 ] } },
{ "type": "Feature", "properties": { "fid": 16460, "PREFIXE 1": "RUE", "PREFIXE 2": "DE LA", "NOM_RUE": "CONTRESCARPE-SAINT-ANTOINE", "NUMERO TXT": "18", "NOM_SAISI": "RUE DE LA CONTRESCARPE-SAINT-ANTOINE", "NOM_NOTE": "Rue de la Contrescarpe", "EXP_GEO": 1, "INTERP": 0, "NUMEROTATI": 1, "NUM_QUART": 35 }, "geometry": { "type": "Point", "coordinates": [ 653567.503910208237357, 6861021.035002057440579 ] } },
{ "type": "Feature", "properties": { "fid": 16461, "PREFIXE 1": "RUE", "PREFIXE 2": "DE LA", "NOM_RUE": "CONTRESCARPE-SAINT-ANTOINE", "NUMERO TXT": "20", "NOM_SAISI": "RUE DE LA CONTRESCARPE-SAINT-ANTOINE", "NOM_NOTE": "Rue de la Contrescarpe", "EXP_GEO": 1, "INTERP": 0, "NUMEROTATI": 1, "NUM_QUART": 35 }, "geometry": { "type": "Point", "coordinates": [ 653568.309281742665917, 6861027.260379699058831 ] } },
{ "type": "Feature", "properties": { "fid": 16462, "PREFIXE 1": "RUE", "PREFIXE 2": "DE LA", "NOM_RUE": "CONTRESCARPE-SAINT-ANTOINE", "NUMERO TXT": "22", "NOM_SAISI": "RUE DE LA CONTRESCARPE-SAINT-ANTOINE", "NOM_NOTE": "Rue de la Contrescarpe", "EXP_GEO": 1, "INTERP": 0, "NUMEROTATI": 1, "NUM_QUART": 35 }, "geometry": { "type": "Point", "coordinates": [ 653569.099659755360335, 6861034.805464033037424 ] } },
{ "type": "Feature", "properties": { "fid": 16463, "PREFIXE 1": "RUE", "PREFIXE 2": "DE LA", "NOM_RUE": "CONTRESCARPE-SAINT-ANTOINE", "NUMERO TXT": "24", "NOM_SAISI": "RUE DE LA CONTRESCARPE-SAINT-ANTOINE", "NOM_NOTE": "Rue de la Contrescarpe", "EXP_GEO": 1, "INTERP": 0, "NUMEROTATI": 1, "NUM_QUART": 35 }, "geometry": { "type": "Point", "coordinates": [ 653569.802704810746945, 6861040.456982304342091 ] } },
{ "type": "Feature", "properties": { "fid": 16464, "PREFIXE 1": "RUE", "PREFIXE 2": "DE LA", "NOM_RUE": "CONTRESCARPE-SAINT-ANTOINE", "NUMERO TXT": "26", "NOM_SAISI": "RUE DE LA CONTRESCARPE-SAINT-ANTOINE", "NOM_NOTE": "Rue de la Contrescarpe", "EXP_GEO": 1, "INTERP": 0, "NUMEROTATI": 1, "NUM_QUART": 35 }, "geometry": { "type": "Point", "coordinates": [ 653570.330985998618416, 6861044.932875989936292 ] } },
{ "type": "Feature", "properties": { "fid": 16465, "PREFIXE 1": "RUE", "PREFIXE 2": "DE LA", "NOM_RUE": "CONTRESCARPE-SAINT-ANTOINE", "NUMERO TXT": "28", "NOM_SAISI": "RUE DE LA CONTRESCARPE-SAINT-ANTOINE", "NOM_NOTE": "Rue de la Contrescarpe", "EXP_GEO": 1, "INTERP": 0, "NUMEROTATI": 1, "NUM_QUART": 35 }, "geometry": { "type": "Point", "coordinates": [ 653571.281221591867507, 6861051.276913471519947 ] } },
{ "type": "Feature", "properties": { "fid": 16466, "PREFIXE 1": "RUE", "PREFIXE 2": "DE LA", "NOM_RUE": "CONTRESCARPE-SAINT-ANTOINE", "NUMERO TXT": "30", "NOM_SAISI": "RUE DE LA CONTRESCARPE-SAINT-ANTOINE", "NOM_NOTE": "Rue de la Contrescarpe", "EXP_GEO": 1, "INTERP": 0, "NUMEROTATI": 1, "NUM_QUART": 35 }, "geometry": { "type": "Point", "coordinates": [ 653573.2548818847863, 6861063.425587709993124 ] } },
{ "type": "Feature", "properties": { "fid": 16467, "PREFIXE 1": "RUE", "PREFIXE 2": "DE LA", "NOM_RUE": "CONTRESCARPE-SAINT-ANTOINE", "NUMERO TXT": "32", "NOM_SAISI": "RUE DE LA CONTRESCARPE-SAINT-ANTOINE", "NOM_NOTE": "Rue de la Contrescarpe", "EXP_GEO": 1, "INTERP": 0, "NUMEROTATI": 1, "NUM_QUART": 35 }, "geometry": { "type": "Point", "coordinates": [ 653574.993648344068788, 6861077.489103240892291 ] } },
{ "type": "Feature", "properties": { "fid": 16468, "PREFIXE 1": "RUE", "PREFIXE 2": "DE LA", "NOM_RUE": "CONTRESCARPE-SAINT-ANTOINE", "NUMERO TXT": "34", "NOM_SAISI": "RUE DE LA CONTRESCARPE-SAINT-ANTOINE", "NOM_NOTE": "Rue de la Contrescarpe", "EXP_GEO": 1, "INTERP": 0, "NUMEROTATI": 1, "NUM_QUART": 35 }, "geometry": { "type": "Point", "coordinates": [ 653580.764732007868588, 6861111.454194691032171 ] } },
{ "type": "Feature", "properties": { "fid": 16469, "PREFIXE 1": "RUE", "PREFIXE 2": "DE LA", "NOM_RUE": "CONTRESCARPE-SAINT-ANTOINE", "NUMERO TXT": "36", "NOM_SAISI": "RUE DE LA CONTRESCARPE-SAINT-ANTOINE", "NOM_NOTE": "Rue de la Contrescarpe", "EXP_GEO": 1, "INTERP": 0, "NUMEROTATI": 1, "NUM_QUART": 35 }, "geometry": { "type": "Point", "coordinates": [ 653583.234268287313171, 6861127.480358090251684 ] } },
{ "type": "Feature", "properties": { "fid": 16470, "PREFIXE 1": "RUE", "PREFIXE 2": "DE LA", "NOM_RUE": "CONTRESCARPE-SAINT-ANTOINE", "NUMERO TXT": "38", "NOM_SAISI": "RUE DE LA CONTRESCARPE-SAINT-ANTOINE", "NOM_NOTE": "Rue de la Contrescarpe", "EXP_GEO": 1, "INTERP": 0, "NUMEROTATI": 1, "NUM_QUART": 35 }, "geometry": { "type": "Point", "coordinates": [ 653585.849848197423853, 6861142.759872119873762 ] } },
{ "type": "Feature", "properties": { "fid": 16471, "PREFIXE 1": "RUE", "PREFIXE 2": "DE LA", "NOM_RUE": "CONTRESCARPE-SAINT-ANTOINE", "NUMERO TXT": "40", "NOM_SAISI": "RUE DE LA CONTRESCARPE-SAINT-ANTOINE", "NOM_NOTE": "Rue de la Contrescarpe", "EXP_GEO": 1, "INTERP": 0, "NUMEROTATI": 1, "NUM_QUART": 35 }, "geometry": { "type": "Point", "coordinates": [ 653590.885900018387474, 6861157.381695828400552 ] } },
{ "type": "Feature", "properties": { "fid": 16472, "PREFIXE 1": "RUE", "PREFIXE 2": "DE LA", "NOM_RUE": "CONTRESCARPE-SAINT-ANTOINE", "NUMERO TXT": "42", "NOM_SAISI": "RUE DE LA CONTRESCARPE-SAINT-ANTOINE", "NOM_NOTE": "Rue de la Contrescarpe", "EXP_GEO": 1, "INTERP": 0, "NUMEROTATI": 1, "NUM_QUART": 35 }, "geometry": { "type": "Point", "coordinates": [ 653595.589004599489272, 6861179.645346276462078 ] } },
{ "type": "Feature", "properties": { "fid": 16473, "PREFIXE 1": "RUE", "PREFIXE 2": "DE LA", "NOM_RUE": "CONTRESCARPE-SAINT-ANTOINE", "NUMERO TXT": "48", "NOM_SAISI": "RUE DE LA CONTRESCARPE-SAINT-ANTOINE", "NOM_NOTE": "Rue de la Contrescarpe", "EXP_GEO": 1, "INTERP": 1, "NUMEROTATI": 1, "NUM_QUART": 35 }, "geometry": { "type": "Point", "coordinates": [ 653608.830863377312198, 6861226.503918526694179 ] } },
{ "type": "Feature", "properties": { "fid": 16474, "PREFIXE 1": "RUE", "PREFIXE 2": "DE LA", "NOM_RUE": "CONTRESCARPE-SAINT-ANTOINE", "NUMERO TXT": "50", "NOM_SAISI": "RUE DE LA CONTRESCARPE-SAINT-ANTOINE", "NOM_NOTE": "Rue de la Contrescarpe", "EXP_GEO": 1, "INTERP": 0, "NUMEROTATI": 1, "NUM_QUART": 35 }, "geometry": { "type": "Point", "coordinates": [ 653614.548571511986665, 6861245.880170870572329 ] } },
{ "type": "Feature", "properties": { "fid": 16475, "PREFIXE 1": "RUE", "PREFIXE 2": "DE LA", "NOM_RUE": "CONTRESCARPE-SAINT-ANTOINE", "NUMERO TXT": "56", "NOM_SAISI": "RUE DE LA CONTRESCARPE-SAINT-ANTOINE", "NOM_NOTE": "Rue de la Contrescarpe", "EXP_GEO": 1, "INTERP": 1, "NUMEROTATI": 1, "NUM_QUART": 35 }, "geometry": { "type": "Point", "coordinates": [ 653628.837137688766234, 6861292.807308525778353 ] } },
{ "type": "Feature", "properties": { "fid": 16476, "PREFIXE 1": "RUE", "PREFIXE 2": "DE LA", "NOM_RUE": "CONTRESCARPE-SAINT-ANTOINE", "NUMERO TXT": "58", "NOM_SAISI": "RUE DE LA CONTRESCARPE-SAINT-ANTOINE", "NOM_NOTE": "Rue de la Contrescarpe", "EXP_GEO": 1, "INTERP": 0, "NUMEROTATI": 1, "NUM_QUART": 35 }, "geometry": { "type": "Point", "coordinates": [ 653637.475672197993845, 6861323.147539287805557 ] } },
{ "type": "Feature", "properties": { "fid": 16477, "PREFIXE 1": "RUE", "PREFIXE 2": "DE LA", "NOM_RUE": "CONTRESCARPE-SAINT-ANTOINE", "NUMERO TXT": "60", "NOM_SAISI": "RUE DE LA CONTRESCARPE-SAINT-ANTOINE", "NOM_NOTE": "Rue de la Contrescarpe", "EXP_GEO": 1, "INTERP": 0, "NUMEROTATI": 1, "NUM_QUART": 35 }, "geometry": { "type": "Point", "coordinates": [ 653641.056042469455861, 6861335.230627123266459 ] } },
{ "type": "Feature", "properties": { "fid": 16478, "PREFIXE 1": "RUE", "PREFIXE 2": "DE LA", "NOM_RUE": "CONTRESCARPE-SAINT-ANTOINE", "NUMERO TXT": "62", "NOM_SAISI": "RUE DE LA CONTRESCARPE-SAINT-ANTOINE", "NOM_NOTE": "Rue de la Contrescarpe", "EXP_GEO": 1, "INTERP": 0, "NUMEROTATI": 1, "NUM_QUART": 35 }, "geometry": { "type": "Point", "coordinates": [ 653650.205782484030351, 6861362.11808869894594 ] } },
{ "type": "Feature", "properties": { "fid": 16479, "PREFIXE 1": "RUE", "PREFIXE 2": "DE LA", "NOM_RUE": "CONTRESCARPE-SAINT-ANTOINE", "NUMERO TXT": "66", "NOM_SAISI": "RUE DE LA CONTRESCARPE-SAINT-ANTOINE", "NOM_NOTE": "Rue de la Contrescarpe", "EXP_GEO": 1, "INTERP": 1, "NUMEROTATI": 1, "NUM_QUART": 35 }, "geometry": { "type": "Point", "coordinates": [ 653712.23517717642244, 6861486.315519268624485 ] } },
{ "type": "Feature", "properties": { "fid": 16480, "PREFIXE 1": "RUE", "PREFIXE 2": "DE LA", "NOM_RUE": "CONTRESCARPE-SAINT-ANTOINE", "NUMERO TXT": "68", "NOM_SAISI": "RUE DE LA CONTRESCARPE-SAINT-ANTOINE", "NOM_NOTE": "Rue de la Contrescarpe", "EXP_GEO": 1, "INTERP": 0, "NUMEROTATI": 1, "NUM_QUART": 35 }, "geometry": { "type": "Point", "coordinates": [ 653751.736821730970405, 6861551.644071805290878 ] } },
{ "type": "Feature", "properties": { "fid": 16481, "PREFIXE 1": "RUE", "PREFIXE 2": "DE LA", "NOM_RUE": "CONTRESCARPE-SAINT-ANTOINE", "NUMERO TXT": "70", "NOM_SAISI": "RUE DE LA CONTRESCARPE-SAINT-ANTOINE", "NOM_NOTE": "Rue de la Contrescarpe", "EXP_GEO": 1, "INTERP": 0, "NUMEROTATI": 1, "NUM_QUART": 35 }, "geometry": { "type": "Point", "coordinates": [ 653763.523307937895879, 6861569.952225932851434 ] } },
{ "type": "Feature", "properties": { "fid": 16482, "PREFIXE 1": "COUR", "PREFIXE 2": "DE LA", "NOM_RUE": "JUIVERIE", "NUMERO TXT": "1", "NOM_SAISI": "COUR DE LA JUIVERIE", "NOM_NOTE": "Cour de la Juiverie", "EXP_GEO": 1, "INTERP": 0, "NUMEROTATI": 1, "NUM_QUART": 35 }, "geometry": { "type": "Point", "coordinates": [ 653766.451311099110171, 6861551.379725339822471 ] } },
{ "type": "Feature", "properties": { "fid": 16483, "PREFIXE 1": "COUR", "PREFIXE 2": "DE LA", "NOM_RUE": "JUIVERIE", "NUMERO TXT": "5", "NOM_SAISI": "COUR DE LA JUIVERIE", "NOM_NOTE": "Cour de la Juiverie", "EXP_GEO": 1, "INTERP": 1, "NUMEROTATI": 1, "NUM_QUART": 35 }, "geometry": { "type": "Point", "coordinates": [ 653772.433828456676565, 6861569.992605647072196 ] } },
{ "type": "Feature", "properties": { "fid": 16484, "PREFIXE 1": "COUR", "PREFIXE 2": "DE LA", "NOM_RUE": "JUIVERIE", "NUMERO TXT": "7", "NOM_SAISI": "COUR DE LA JUIVERIE", "NOM_NOTE": "Cour de la Juiverie", "EXP_GEO": 1, "INTERP": 0, "NUMEROTATI": 1, "NUM_QUART": 35 }, "geometry": { "type": "Point", "coordinates": [ 653775.626196786295623, 6861580.872456634417176 ] } },
{ "type": "Feature", "properties": { "fid": 16497, "PREFIXE 1": "QUAI", "PREFIXE 2": "DES", "NOM_RUE": "CÉLESTINS", "NUMERO TXT": "2", "NOM_SAISI": "QUAI DES CÉLESTINS", "NOM_NOTE": "Quai des Célestins", "EXP_GEO": 1, "INTERP": 0, "NUMEROTATI": 1, "NUM_QUART": 35 }, "geometry": { "type": "Point", "coordinates": [ 653200.575366278877482, 6861430.276845099404454 ] } },
{ "type": "Feature", "properties": { "fid": 16498, "PREFIXE 1": "QUAI", "PREFIXE 2": "DES", "NOM_RUE": "CÉLESTINS", "NUMERO TXT": "4", "NOM_SAISI": "QUAI DES CÉLESTINS", "NOM_NOTE": "Quai des Célestins", "EXP_GEO": 1, "INTERP": 0, "NUMEROTATI": 1, "NUM_QUART": 35 }, "geometry": { "type": "Point", "coordinates": [ 653206.809002065565437, 6861435.154723478481174 ] } },
{ "type": "Feature", "properties": { "fid": 16499, "PREFIXE 1": "QUAI", "PREFIXE 2": "DES", "NOM_RUE": "CÉLESTINS", "NUMERO TXT": "6", "NOM_SAISI": "QUAI DES CÉLESTINS", "NOM_NOTE": "Quai des Célestins", "EXP_GEO": 1, "INTERP": 0, "NUMEROTATI": 1, "NUM_QUART": 35 }, "geometry": { "type": "Point", "coordinates": [ 653216.305358701967634, 6861444.675756716169417 ] } },
{ "type": "Feature", "properties": { "fid": 16500, "PREFIXE 1": "QUAI", "PREFIXE 2": "DES", "NOM_RUE": "CÉLESTINS", "NUMERO TXT": "8", "NOM_SAISI": "QUAI DES CÉLESTINS", "NOM_NOTE": "Quai des Célestins", "EXP_GEO": 1, "INTERP": 0, "NUMEROTATI": 1, "NUM_QUART": 35 }, "geometry": { "type": "Point", "coordinates": [ 653217.056125384639017, 6861454.294401753693819 ] } },
{ "type": "Feature", "properties": { "fid": 16501, "PREFIXE 1": "QUAI", "PREFIXE 2": "DES", "NOM_RUE": "CÉLESTINS", "NUMERO TXT": "10", "NOM_SAISI": "QUAI DES CÉLESTINS", "NOM_NOTE": "Quai des Célestins", "EXP_GEO": 1, "INTERP": 0, "NUMEROTATI": 1, "NUM_QUART": 35 }, "geometry": { "type": "Point", "coordinates": [ 653192.393538805423304, 6861476.959655925631523 ] } },
{ "type": "Feature", "properties": { "fid": 16502, "PREFIXE 1": "QUAI", "PREFIXE 2": "DES", "NOM_RUE": "CÉLESTINS", "NUMERO TXT": "12", "NOM_SAISI": "QUAI DES CÉLESTINS", "NOM_NOTE": "Quai des Célestins", "EXP_GEO": 1, "INTERP": 0, "NUMEROTATI": 1, "NUM_QUART": 35 }, "geometry": { "type": "Point", "coordinates": [ 653171.363973893458024, 6861496.330672631040215 ] } },
{ "type": "Feature", "properties": { "fid": 16503, "PREFIXE 1": "QUAI", "PREFIXE 2": "DES", "NOM_RUE": "CÉLESTINS", "NUMERO TXT": "14", "NOM_SAISI": "QUAI DES CÉLESTINS", "NOM_NOTE": "Quai des Célestins", "EXP_GEO": 1, "INTERP": 0, "NUMEROTATI": 1, "NUM_QUART": 35 }, "geometry": { "type": "Point", "coordinates": [ 653155.415611965465359, 6861511.131853113882244 ] } },
{ "type": "Feature", "properties": { "fid": 16504, "PREFIXE 1": "QUAI", "PREFIXE 2": "DES", "NOM_RUE": "CÉLESTINS", "NUMERO TXT": "16", "NOM_SAISI": "QUAI DES CÉLESTINS", "NOM_NOTE": "Quai des Célestins", "EXP_GEO": 1, "INTERP": 0, "NUMEROTATI": 1, "NUM_QUART": 35 }, "geometry": { "type": "Point", "coordinates": [ 653144.239694246673025, 6861521.787977899424732 ] } },
{ "type": "Feature", "properties": { "fid": 16505, "PREFIXE 1": "QUAI", "PREFIXE 2": "DES", "NOM_RUE": "CÉLESTINS", "NUMERO TXT": "18", "NOM_SAISI": "QUAI DES CÉLESTINS", "NOM_NOTE": "Quai des Célestins", "EXP_GEO": 1, "INTERP": 0, "NUMEROTATI": 1, "NUM_QUART": 35 }, "geometry": { "type": "Point", "coordinates": [ 653136.44038510741666, 6861528.812381133437157 ] } },
{ "type": "Feature", "properties": { "fid": 16506, "PREFIXE 1": "QUAI", "PREFIXE 2": "DES", "NOM_RUE": "CÉLESTINS", "NUMERO TXT": "20", "NOM_SAISI": "QUAI DES CÉLESTINS", "NOM_NOTE": "Quai des Célestins", "EXP_GEO": 1, "INTERP": 0, "NUMEROTATI": 1, "NUM_QUART": 35 }, "geometry": { "type": "Point", "coordinates": [ 653130.131109429057688, 6861535.603440371342003 ] } },
{ "type": "Feature", "properties": { "fid": 16507, "PREFIXE 1": "QUAI", "PREFIXE 2": "DES", "NOM_RUE": "CÉLESTINS", "NUMERO TXT": "22", "NOM_SAISI": "QUAI DES CÉLESTINS", "NOM_NOTE": "Quai des Célestins", "EXP_GEO": 1, "INTERP": 0, "NUMEROTATI": 1, "NUM_QUART": 35 }, "geometry": { "type": "Point", "coordinates": [ 653121.788147446932271, 6861543.264278399758041 ] } },
{ "type": "Feature", "properties": { "fid": 16508, "PREFIXE 1": "QUAI", "PREFIXE 2": "DES", "NOM_RUE": "CÉLESTINS", "NUMERO TXT": "24", "NOM_SAISI": "QUAI DES CÉLESTINS", "NOM_NOTE": "Quai des Célestins", "EXP_GEO": 1, "INTERP": 0, "NUMEROTATI": 1, "NUM_QUART": 35 }, "geometry": { "type": "Point", "coordinates": [ 653115.067284455872141, 6861549.408873522654176 ] } },
{ "type": "Feature", "properties": { "fid": 16509, "PREFIXE 1": "QUAI", "PREFIXE 2": "DES", "NOM_RUE": "CÉLESTINS", "NUMERO TXT": "26", "NOM_SAISI": "QUAI DES CÉLESTINS", "NOM_NOTE": "Quai des Célestins", "EXP_GEO": 1, "INTERP": 0, "NUMEROTATI": 1, "NUM_QUART": 35 }, "geometry": { "type": "Point", "coordinates": [ 653108.031958976760507, 6861556.650592679157853 ] } },
{ "type": "Feature", "properties": { "fid": 16510, "PREFIXE 1": "QUAI", "PREFIXE 2": "DES", "NOM_RUE": "CÉLESTINS", "NUMERO TXT": "28", "NOM_SAISI": "QUAI DES CÉLESTINS", "NOM_NOTE": "Quai des Célestins", "EXP_GEO": 1, "INTERP": 0, "NUMEROTATI": 1, "NUM_QUART": 35 }, "geometry": { "type": "Point", "coordinates": [ 653101.4003436017083, 6861563.156679883599281 ] } },
{ "type": "Feature", "properties": { "fid": 16511, "PREFIXE 1": "QUAI", "PREFIXE 2": "DES", "NOM_RUE": "CÉLESTINS", "NUMERO TXT": "30", "NOM_SAISI": "QUAI DES CÉLESTINS", "NOM_NOTE": "Quai des Célestins", "EXP_GEO": 1, "INTERP": 0, "NUMEROTATI": 1, "NUM_QUART": 35 }, "geometry": { "type": "Point", "coordinates": [ 653093.728070882731117, 6861570.164385189302266 ] } },
{ "type": "Feature", "properties": { "fid": 16560, "PREFIXE 1": "RUE", "PREFIXE 2": "DES", "NOM_RUE": "PRÊTRES-SAINT-PAUL", "NUMERO TXT": "1", "NOM_SAISI": "RUE DES PRÊTRES-SAINT-PAUL", "NOM_NOTE": "Rue des Prêtres", "EXP_GEO": 1, "INTERP": 0, "NUMEROTATI": 1, "NUM_QUART": 35 }, "geometry": { "type": "Point", "coordinates": [ 653175.254783904878423, 6861722.256662657484412 ] } },
{ "type": "Feature", "properties": { "fid": 16561, "PREFIXE 1": "RUE", "PREFIXE 2": "DES", "NOM_RUE": "PRÊTRES-SAINT-PAUL", "NUMERO TXT": "2", "NOM_SAISI": "RUE DES PRÊTRES-SAINT-PAUL", "NOM_NOTE": "Rue des Prêtres", "EXP_GEO": 1, "INTERP": 0, "NUMEROTATI": 1, "NUM_QUART": 35 }, "geometry": { "type": "Point", "coordinates": [ 653177.299234376172535, 6861731.167351812124252 ] } },
{ "type": "Feature", "properties": { "fid": 16614, "PREFIXE 1": "RUE", "PREFIXE 2": "DES", "NOM_RUE": "BARRÉS", "NUMERO TXT": "1", "NOM_SAISI": "RUE DES BARRÉS", "NOM_NOTE": "Rue des Barrez", "EXP_GEO": 1, "INTERP": 0, "NUMEROTATI": 1, "NUM_QUART": 35 }, "geometry": { "type": "Point", "coordinates": [ 653070.915075481985696, 6861586.82647074572742 ] } },
{ "type": "Feature", "properties": { "fid": 16618, "PREFIXE 1": "RUE", "PREFIXE 2": "DES", "NOM_RUE": "BARRÉS", "NUMERO TXT": "2", "NOM_SAISI": "RUE DES BARRÉS", "NOM_NOTE": "Rue des Barrez", "EXP_GEO": 1, "INTERP": 0, "NUMEROTATI": 1, "NUM_QUART": 35 }, "geometry": { "type": "Point", "coordinates": [ 653079.578634483506903, 6861597.496739036403596 ] } },
{ "type": "Feature", "properties": { "fid": 16684, "PREFIXE 1": "RUE", "PREFIXE 2": null, "NOM_RUE": "SAINT-ANTOINE", "NUMERO TXT": "142", "NOM_SAISI": "RUE SAINT-ANTOINE", "NOM_NOTE": "Rue saint Antoine", "EXP_GEO": 1, "INTERP": 0, "NUMEROTATI": 1, "NUM_QUART": 35 }, "geometry": { "type": "Point", "coordinates": [ 653240.670170371304266, 6861798.793159876950085 ] } },
{ "type": "Feature", "properties": { "fid": 16685, "PREFIXE 1": "RUE", "PREFIXE 2": null, "NOM_RUE": "SAINT-ANTOINE", "NUMERO TXT": "144", "NOM_SAISI": "RUE SAINT-ANTOINE", "NOM_NOTE": "Rue saint Antoine", "EXP_GEO": 1, "INTERP": 0, "NUMEROTATI": 1, "NUM_QUART": 35 }, "geometry": { "type": "Point", "coordinates": [ 653245.886583353858441, 6861795.628618986345828 ] } },
{ "type": "Feature", "properties": { "fid": 16686, "PREFIXE 1": "RUE", "PREFIXE 2": null, "NOM_RUE": "SAINT-ANTOINE", "NUMERO TXT": "146", "NOM_SAISI": "RUE SAINT-ANTOINE", "NOM_NOTE": "Rue saint Antoine", "EXP_GEO": 1, "INTERP": 0, "NUMEROTATI": 1, "NUM_QUART": 35 }, "geometry": { "type": "Point", "coordinates": [ 653251.214307965012267, 6861792.327428000979125 ] } },
{ "type": "Feature", "properties": { "fid": 16687, "PREFIXE 1": "RUE", "PREFIXE 2": null, "NOM_RUE": "SAINT-ANTOINE", "NUMERO TXT": "148", "NOM_SAISI": "RUE SAINT-ANTOINE", "NOM_NOTE": "Rue saint Antoine", "EXP_GEO": 1, "INTERP": 0, "NUMEROTATI": 1, "NUM_QUART": 35 }, "geometry": { "type": "Point", "coordinates": [ 653255.191609571105801, 6861790.183380302973092 ] } },
{ "type": "Feature", "properties": { "fid": 16688, "PREFIXE 1": "RUE", "PREFIXE 2": null, "NOM_RUE": "SAINT-ANTOINE", "NUMERO TXT": "150", "NOM_SAISI": "RUE SAINT-ANTOINE", "NOM_NOTE": "Rue saint Antoine", "EXP_GEO": 1, "INTERP": 0, "NUMEROTATI": 1, "NUM_QUART": 35 }, "geometry": { "type": "Point", "coordinates": [ 653258.990283267921768, 6861788.310480073094368 ] } },
{ "type": "Feature", "properties": { "fid": 16689, "PREFIXE 1": "RUE", "PREFIXE 2": null, "NOM_RUE": "SAINT-ANTOINE", "NUMERO TXT": "154", "NOM_SAISI": "RUE SAINT-ANTOINE", "NOM_NOTE": "Rue saint Antoine", "EXP_GEO": 1, "INTERP": 1, "NUMEROTATI": 1, "NUM_QUART": 35 }, "geometry": { "type": "Point", "coordinates": [ 653266.055736302863806, 6861784.716121920384467 ] } },
{ "type": "Feature", "properties": { "fid": 16690, "PREFIXE 1": "RUE", "PREFIXE 2": null, "NOM_RUE": "SAINT-ANTOINE", "NUMERO TXT": "156", "NOM_SAISI": "RUE SAINT-ANTOINE", "NOM_NOTE": "Rue saint Antoine", "EXP_GEO": 1, "INTERP": 0, "NUMEROTATI": 1, "NUM_QUART": 35 }, "geometry": { "type": "Point", "coordinates": [ 653272.678786186035722, 6861780.758488429710269 ] } },
{ "type": "Feature", "properties": { "fid": 16691, "PREFIXE 1": "RUE", "PREFIXE 2": null, "NOM_RUE": "SAINT-ANTOINE", "NUMERO TXT": "158", "NOM_SAISI": "RUE SAINT-ANTOINE", "NOM_NOTE": "Rue saint Antoine", "EXP_GEO": 1, "INTERP": 0, "NUMEROTATI": 1, "NUM_QUART": 35 }, "geometry": { "type": "Point", "coordinates": [ 653283.625908246729523, 6861774.348345506004989 ] } },
{ "type": "Feature", "properties": { "fid": 16692, "PREFIXE 1": "RUE", "PREFIXE 2": null, "NOM_RUE": "SAINT-ANTOINE", "NUMERO TXT": "160", "NOM_SAISI": "RUE SAINT-ANTOINE", "NOM_NOTE": "Rue saint Antoine", "EXP_GEO": 1, "INTERP": 0, "NUMEROTATI": 1, "NUM_QUART": 35 }, "geometry": { "type": "Point", "coordinates": [ 653291.795887421700172, 6861769.623445406556129 ] } },
{ "type": "Feature", "properties": { "fid": 16693, "PREFIXE 1": "RUE", "PREFIXE 2": null, "NOM_RUE": "SAINT-ANTOINE", "NUMERO TXT": "162", "NOM_SAISI": "RUE SAINT-ANTOINE", "NOM_NOTE": "Rue saint Antoine", "EXP_GEO": 1, "INTERP": 0, "NUMEROTATI": 1, "NUM_QUART": 35 }, "geometry": { "type": "Point", "coordinates": [ 653296.986152824247256, 6861766.632225631736219 ] } },
{ "type": "Feature", "properties": { "fid": 16694, "PREFIXE 1": "RUE", "PREFIXE 2": null, "NOM_RUE": "SAINT-ANTOINE", "NUMERO TXT": "164", "NOM_SAISI": "RUE SAINT-ANTOINE", "NOM_NOTE": "Rue saint Antoine", "EXP_GEO": 1, "INTERP": 0, "NUMEROTATI": 1, "NUM_QUART": 35 }, "geometry": { "type": "Point", "coordinates": [ 653305.969029573956504, 6861761.650311154313385 ] } },
{ "type": "Feature", "properties": { "fid": 16695, "PREFIXE 1": "RUE", "PREFIXE 2": null, "NOM_RUE": "SAINT-ANTOINE", "NUMERO TXT": "166", "NOM_SAISI": "RUE SAINT-ANTOINE", "NOM_NOTE": "Rue saint Antoine", "EXP_GEO": 1, "INTERP": 0, "NUMEROTATI": 1, "NUM_QUART": 35 }, "geometry": { "type": "Point", "coordinates": [ 653311.451382377767004, 6861758.519642222672701 ] } },
{ "type": "Feature", "properties": { "fid": 16696, "PREFIXE 1": "RUE", "PREFIXE 2": null, "NOM_RUE": "SAINT-ANTOINE", "NUMERO TXT": "168", "NOM_SAISI": "RUE SAINT-ANTOINE", "NOM_NOTE": "Rue saint Antoine", "EXP_GEO": 1, "INTERP": 0, "NUMEROTATI": 1, "NUM_QUART": 35 }, "geometry": { "type": "Point", "coordinates": [ 653319.13899078045506, 6861753.814962646923959 ] } },
{ "type": "Feature", "properties": { "fid": 16697, "PREFIXE 1": "RUE", "PREFIXE 2": null, "NOM_RUE": "SAINT-ANTOINE", "NUMERO TXT": "172", "NOM_SAISI": "RUE SAINT-ANTOINE", "NOM_NOTE": "Rue saint Antoine", "EXP_GEO": 1, "INTERP": 1, "NUMEROTATI": 1, "NUM_QUART": 35 }, "geometry": { "type": "Point", "coordinates": [ 653330.288425098522566, 6861747.869943658821285 ] } },
{ "type": "Feature", "properties": { "fid": 16698, "PREFIXE 1": "RUE", "PREFIXE 2": null, "NOM_RUE": "SAINT-ANTOINE", "NUMERO TXT": "174", "NOM_SAISI": "RUE SAINT-ANTOINE", "NOM_NOTE": "Rue saint Antoine", "EXP_GEO": 1, "INTERP": 0, "NUMEROTATI": 1, "NUM_QUART": 35 }, "geometry": { "type": "Point", "coordinates": [ 653335.440704386681318, 6861744.280499435961246 ] } },
{ "type": "Feature", "properties": { "fid": 16699, "PREFIXE 1": "RUE", "PREFIXE 2": null, "NOM_RUE": "SAINT-ANTOINE", "NUMERO TXT": "176", "NOM_SAISI": "RUE SAINT-ANTOINE", "NOM_NOTE": "Rue saint Antoine", "EXP_GEO": 1, "INTERP": 0, "NUMEROTATI": 1, "NUM_QUART": 35 }, "geometry": { "type": "Point", "coordinates": [ 653341.346662112278864, 6861740.826181278564036 ] } },
{ "type": "Feature", "properties": { "fid": 16700, "PREFIXE 1": "RUE", "PREFIXE 2": null, "NOM_RUE": "SAINT-ANTOINE", "NUMERO TXT": "178", "NOM_SAISI": "RUE SAINT-ANTOINE", "NOM_NOTE": "Rue saint Antoine", "EXP_GEO": 1, "INTERP": 0, "NUMEROTATI": 1, "NUM_QUART": 35 }, "geometry": { "type": "Point", "coordinates": [ 653349.698696447070688, 6861735.297105589881539 ] } },
{ "type": "Feature", "properties": { "fid": 16701, "PREFIXE 1": "RUE", "PREFIXE 2": null, "NOM_RUE": "SAINT-ANTOINE", "NUMERO TXT": "180", "NOM_SAISI": "RUE SAINT-ANTOINE", "NOM_NOTE": "Rue saint Antoine", "EXP_GEO": 1, "INTERP": 0, "NUMEROTATI": 1, "NUM_QUART": 35 }, "geometry": { "type": "Point", "coordinates": [ 653357.25551870232448, 6861731.398040958680212 ] } },
{ "type": "Feature", "properties": { "fid": 16702, "PREFIXE 1": "RUE", "PREFIXE 2": null, "NOM_RUE": "SAINT-ANTOINE", "NUMERO TXT": "182", "NOM_SAISI": "RUE SAINT-ANTOINE", "NOM_NOTE": "Rue saint Antoine", "EXP_GEO": 1, "INTERP": 0, "NUMEROTATI": 1, "NUM_QUART": 35 }, "geometry": { "type": "Point", "coordinates": [ 653361.55691993155051, 6861728.74372467584908 ] } },
{ "type": "Feature", "properties": { "fid": 16703, "PREFIXE 1": "RUE", "PREFIXE 2": null, "NOM_RUE": "SAINT-ANTOINE", "NUMERO TXT": "184", "NOM_SAISI": "RUE SAINT-ANTOINE", "NOM_NOTE": "Rue saint Antoine", "EXP_GEO": 1, "INTERP": 0, "NUMEROTATI": 1, "NUM_QUART": 35 }, "geometry": { "type": "Point", "coordinates": [ 653367.52825604879763, 6861725.329837824217975 ] } },
{ "type": "Feature", "properties": { "fid": 16704, "PREFIXE 1": "RUE", "PREFIXE 2": null, "NOM_RUE": "SAINT-ANTOINE", "NUMERO TXT": "186", "NOM_SAISI": "RUE SAINT-ANTOINE", "NOM_NOTE": "Rue saint Antoine", "EXP_GEO": 1, "INTERP": 0, "NUMEROTATI": 1, "NUM_QUART": 35 }, "geometry": { "type": "Point", "coordinates": [ 653373.874679718632251, 6861721.234264995902777 ] } },
{ "type": "Feature", "properties": { "fid": 16705, "PREFIXE 1": "RUE", "PREFIXE 2": null, "NOM_RUE": "SAINT-ANTOINE", "NUMERO TXT": "188", "NOM_SAISI": "RUE SAINT-ANTOINE", "NOM_NOTE": "Rue saint Antoine", "EXP_GEO": 1, "INTERP": 0, "NUMEROTATI": 1, "NUM_QUART": 35 }, "geometry": { "type": "Point", "coordinates": [ 653383.102252761134878, 6861716.887191991321743 ] } },
{ "type": "Feature", "properties": { "fid": 16706, "PREFIXE 1": "RUE", "PREFIXE 2": null, "NOM_RUE": "SAINT-ANTOINE", "NUMERO TXT": "190", "NOM_SAISI": "RUE SAINT-ANTOINE", "NOM_NOTE": "Rue saint Antoine", "EXP_GEO": 1, "INTERP": 0, "NUMEROTATI": 1, "NUM_QUART": 35 }, "geometry": { "type": "Point", "coordinates": [ 653387.190463362261653, 6861715.293538779020309 ] } },
{ "type": "Feature", "properties": { "fid": 16707, "PREFIXE 1": "RUE", "PREFIXE 2": null, "NOM_RUE": "SAINT-ANTOINE", "NUMERO TXT": "192", "NOM_SAISI": "RUE SAINT-ANTOINE", "NOM_NOTE": "Rue saint Antoine", "EXP_GEO": 1, "INTERP": 0, "NUMEROTATI": 1, "NUM_QUART": 35 }, "geometry": { "type": "Point", "coordinates": [ 653391.273792300140485, 6861713.405878123827279 ] } },
{ "type": "Feature", "properties": { "fid": 16708, "PREFIXE 1": "RUE", "PREFIXE 2": null, "NOM_RUE": "SAINT-ANTOINE", "NUMERO TXT": "194", "NOM_SAISI": "RUE SAINT-ANTOINE", "NOM_NOTE": "Rue saint Antoine", "EXP_GEO": 1, "INTERP": 0, "NUMEROTATI": 1, "NUM_QUART": 35 }, "geometry": { "type": "Point", "coordinates": [ 653396.668387080309913, 6861711.122338657267392 ] } },
{ "type": "Feature", "properties": { "fid": 16709, "PREFIXE 1": "RUE", "PREFIXE 2": null, "NOM_RUE": "SAINT-ANTOINE", "NUMERO TXT": "196", "NOM_SAISI": "RUE SAINT-ANTOINE", "NOM_NOTE": "Rue saint Antoine", "EXP_GEO": 1, "INTERP": 0, "NUMEROTATI": 1, "NUM_QUART": 35 }, "geometry": { "type": "Point", "coordinates": [ 653401.834931620163843, 6861708.817592677660286 ] } },
{ "type": "Feature", "properties": { "fid": 16710, "PREFIXE 1": "RUE", "PREFIXE 2": null, "NOM_RUE": "SAINT-ANTOINE", "NUMERO TXT": "198", "NOM_SAISI": "RUE SAINT-ANTOINE", "NOM_NOTE": "Rue saint Antoine", "EXP_GEO": 1, "INTERP": 0, "NUMEROTATI": 1, "NUM_QUART": 35 }, "geometry": { "type": "Point", "coordinates": [ 653406.117248869268224, 6861706.655684974044561 ] } },
{ "type": "Feature", "properties": { "fid": 16711, "PREFIXE 1": "RUE", "PREFIXE 2": null, "NOM_RUE": "SAINT-ANTOINE", "NUMERO TXT": "200", "NOM_SAISI": "RUE SAINT-ANTOINE", "NOM_NOTE": "Rue saint Antoine", "EXP_GEO": 1, "INTERP": 0, "NUMEROTATI": 1, "NUM_QUART": 35 }, "geometry": { "type": "Point", "coordinates": [ 653411.939007940003648, 6861704.185809613205492 ] } },
{ "type": "Feature", "properties": { "fid": 16712, "PREFIXE 1": "RUE", "PREFIXE 2": null, "NOM_RUE": "SAINT-ANTOINE", "NUMERO TXT": "202", "NOM_SAISI": "RUE SAINT-ANTOINE", "NOM_NOTE": "Rue saint Antoine", "EXP_GEO": 1, "INTERP": 0, "NUMEROTATI": 1, "NUM_QUART": 35 }, "geometry": { "type": "Point", "coordinates": [ 653417.32898862240836, 6861701.741716266609728 ] } },
{ "type": "Feature", "properties": { "fid": 16713, "PREFIXE 1": "RUE", "PREFIXE 2": null, "NOM_RUE": "SAINT-ANTOINE", "NUMERO TXT": "204", "NOM_SAISI": "RUE SAINT-ANTOINE", "NOM_NOTE": "Rue saint Antoine", "EXP_GEO": 1, "INTERP": 0, "NUMEROTATI": 1, "NUM_QUART": 35 }, "geometry": { "type": "Point", "coordinates": [ 653421.367427547811531, 6861700.032583322376013 ] } },
{ "type": "Feature", "properties": { "fid": 16714, "PREFIXE 1": "RUE", "PREFIXE 2": null, "NOM_RUE": "SAINT-ANTOINE", "NUMERO TXT": "206", "NOM_SAISI": "RUE SAINT-ANTOINE", "NOM_NOTE": "Rue saint Antoine", "EXP_GEO": 1, "INTERP": 0, "NUMEROTATI": 1, "NUM_QUART": 35 }, "geometry": { "type": "Point", "coordinates": [ 653426.011788052739576, 6861697.888076907023787 ] } },
{ "type": "Feature", "properties": { "fid": 16715, "PREFIXE 1": "RUE", "PREFIXE 2": null, "NOM_RUE": "SAINT-ANTOINE", "NUMERO TXT": "208", "NOM_SAISI": "RUE SAINT-ANTOINE", "NOM_NOTE": "Rue saint Antoine", "EXP_GEO": 1, "INTERP": 0, "NUMEROTATI": 1, "NUM_QUART": 35 }, "geometry": { "type": "Point", "coordinates": [ 653430.050306067336351, 6861696.22340702265501 ] } },
{ "type": "Feature", "properties": { "fid": 16716, "PREFIXE 1": "RUE", "PREFIXE 2": null, "NOM_RUE": "SAINT-ANTOINE", "NUMERO TXT": "210", "NOM_SAISI": "RUE SAINT-ANTOINE", "NOM_NOTE": "Rue saint Antoine", "EXP_GEO": 1, "INTERP": 0, "NUMEROTATI": 1, "NUM_QUART": 35 }, "geometry": { "type": "Point", "coordinates": [ 653435.121275650803, 6861693.825374018400908 ] } },
{ "type": "Feature", "properties": { "fid": 16717, "PREFIXE 1": "RUE", "PREFIXE 2": null, "NOM_RUE": "SAINT-ANTOINE", "NUMERO TXT": "212", "NOM_SAISI": "RUE SAINT-ANTOINE", "NOM_NOTE": "Rue saint Antoine", "EXP_GEO": 1, "INTERP": 0, "NUMEROTATI": 1, "NUM_QUART": 35 }, "geometry": { "type": "Point", "coordinates": [ 653462.678380788885988, 6861685.005090270191431 ] } },
{ "type": "Feature", "properties": { "fid": 16718, "PREFIXE 1": "RUE", "PREFIXE 2": null, "NOM_RUE": "SAINT-ANTOINE", "NUMERO TXT": "214", "NOM_SAISI": "RUE SAINT-ANTOINE", "NOM_NOTE": "Rue saint Antoine", "EXP_GEO": 1, "INTERP": 0, "NUMEROTATI": 1, "NUM_QUART": 35 }, "geometry": { "type": "Point", "coordinates": [ 653486.28336882579606, 6861677.341418718919158 ] } },
{ "type": "Feature", "properties": { "fid": 16719, "PREFIXE 1": "RUE", "PREFIXE 2": null, "NOM_RUE": "SAINT-ANTOINE", "NUMERO TXT": "216", "NOM_SAISI": "RUE SAINT-ANTOINE", "NOM_NOTE": "Rue saint Antoine", "EXP_GEO": 1, "INTERP": 0, "NUMEROTATI": 1, "NUM_QUART": 35 }, "geometry": { "type": "Point", "coordinates": [ 653506.936506548314355, 6861671.993963670916855 ] } },
{ "type": "Feature", "properties": { "fid": 16720, "PREFIXE 1": "RUE", "PREFIXE 2": null, "NOM_RUE": "SAINT-ANTOINE", "NUMERO TXT": "218", "NOM_SAISI": "RUE SAINT-ANTOINE", "NOM_NOTE": "Rue saint Antoine", "EXP_GEO": 1, "INTERP": 0, "NUMEROTATI": 1, "NUM_QUART": 35 }, "geometry": { "type": "Point", "coordinates": [ 653517.360121398232877, 6861669.779900493100286 ] } },
{ "type": "Feature", "properties": { "fid": 16721, "PREFIXE 1": "RUE", "PREFIXE 2": null, "NOM_RUE": "SAINT-ANTOINE", "NUMERO TXT": "220", "NOM_SAISI": "RUE SAINT-ANTOINE", "NOM_NOTE": "Rue saint Antoine", "EXP_GEO": 1, "INTERP": 0, "NUMEROTATI": 1, "NUM_QUART": 35 }, "geometry": { "type": "Point", "coordinates": [ 653527.597411319264211, 6861667.36231988761574 ] } },
{ "type": "Feature", "properties": { "fid": 16722, "PREFIXE 1": "RUE", "PREFIXE 2": null, "NOM_RUE": "SAINT-ANTOINE", "NUMERO TXT": "222", "NOM_SAISI": "RUE SAINT-ANTOINE", "NOM_NOTE": "Rue saint Antoine", "EXP_GEO": 1, "INTERP": 0, "NUMEROTATI": 1, "NUM_QUART": 35 }, "geometry": { "type": "Point", "coordinates": [ 653533.48225679632742, 6861666.506255152635276 ] } },
{ "type": "Feature", "properties": { "fid": 16723, "PREFIXE 1": "RUE", "PREFIXE 2": null, "NOM_RUE": "SAINT-ANTOINE", "NUMERO TXT": "224", "NOM_SAISI": "RUE SAINT-ANTOINE", "NOM_NOTE": "Rue saint Antoine", "EXP_GEO": 1, "INTERP": 0, "NUMEROTATI": 1, "NUM_QUART": 35 }, "geometry": { "type": "Point", "coordinates": [ 653540.512331981211901, 6861665.003531183116138 ] } },
{ "type": "Feature", "properties": { "fid": 16724, "PREFIXE 1": "RUE", "PREFIXE 2": null, "NOM_RUE": "SAINT-ANTOINE", "NUMERO TXT": "226", "NOM_SAISI": "RUE SAINT-ANTOINE", "NOM_NOTE": "Rue saint Antoine", "EXP_GEO": 1, "INTERP": 0, "NUMEROTATI": 1, "NUM_QUART": 35 }, "geometry": { "type": "Point", "coordinates": [ 653549.290461536147632, 6861663.570636047050357 ] } },
{ "type": "Feature", "properties": { "fid": 16725, "PREFIXE 1": "RUE", "PREFIXE 2": null, "NOM_RUE": "SAINT-ANTOINE", "NUMERO TXT": "228", "NOM_SAISI": "RUE SAINT-ANTOINE", "NOM_NOTE": "Rue saint Antoine", "EXP_GEO": 1, "INTERP": 0, "NUMEROTATI": 1, "NUM_QUART": 35 }, "geometry": { "type": "Point", "coordinates": [ 653560.450579361524433, 6861660.932902731001377 ] } },
{ "type": "Feature", "properties": { "fid": 16726, "PREFIXE 1": "RUE", "PREFIXE 2": null, "NOM_RUE": "SAINT-ANTOINE", "NUMERO TXT": "230", "NOM_SAISI": "RUE SAINT-ANTOINE", "NOM_NOTE": "Rue saint Antoine", "EXP_GEO": 1, "INTERP": 0, "NUMEROTATI": 1, "NUM_QUART": 35 }, "geometry": { "type": "Point", "coordinates": [ 653565.353626309428364, 6861659.8358916901052 ] } },
{ "type": "Feature", "properties": { "fid": 16727, "PREFIXE 1": "RUE", "PREFIXE 2": null, "NOM_RUE": "SAINT-ANTOINE", "NUMERO TXT": "232", "NOM_SAISI": "RUE SAINT-ANTOINE", "NOM_NOTE": "Rue saint Antoine", "EXP_GEO": 1, "INTERP": 0, "NUMEROTATI": 1, "NUM_QUART": 35 }, "geometry": { "type": "Point", "coordinates": [ 653569.375599317019805, 6861658.952279890887439 ] } },
{ "type": "Feature", "properties": { "fid": 16728, "PREFIXE 1": "RUE", "PREFIXE 2": null, "NOM_RUE": "LESDIGUIÈRES", "NUMERO TXT": "2", "NOM_SAISI": "RUE LESDIGUIÈRES", "NOM_NOTE": "Rue Lesdiguieres", "EXP_GEO": 1, "INTERP": 0, "NUMEROTATI": 1, "NUM_QUART": 35 }, "geometry": { "type": "Point", "coordinates": [ 653521.019215367152356, 6861513.095069565810263 ] } },
{ "type": "Feature", "properties": { "fid": 16729, "PREFIXE 1": "RUE", "PREFIXE 2": null, "NOM_RUE": "LESDIGUIÈRES", "NUMERO TXT": "4", "NOM_SAISI": "RUE LESDIGUIÈRES", "NOM_NOTE": "Rue Lesdiguieres", "EXP_GEO": 1, "INTERP": 0, "NUMEROTATI": 1, "NUM_QUART": 35 }, "geometry": { "type": "Point", "coordinates": [ 653524.942229583626613, 6861528.271737079136074 ] } },
{ "type": "Feature", "properties": { "fid": 16730, "PREFIXE 1": "RUE", "PREFIXE 2": null, "NOM_RUE": "LESDIGUIÈRES", "NUMERO TXT": "1", "NOM_SAISI": "RUE LESDIGUIÈRES", "NOM_NOTE": "Rue Lesdiguieres", "EXP_GEO": 1, "INTERP": 0, "NUMEROTATI": 1, "NUM_QUART": 35 }, "geometry": { "type": "Point", "coordinates": [ 653516.779844310251065, 6861533.12431272584945 ] } },
{ "type": "Feature", "properties": { "fid": 16731, "PREFIXE 1": "RUE", "PREFIXE 2": null, "NOM_RUE": "LESDIGUIÈRES", "NUMERO TXT": "6", "NOM_SAISI": "RUE LESDIGUIÈRES", "NOM_NOTE": "Rue Lesdiguieres", "EXP_GEO": 1, "INTERP": 0, "NUMEROTATI": 1, "NUM_QUART": 35 }, "geometry": { "type": "Point", "coordinates": [ 653527.91728640825022, 6861540.501149718649685 ] } },
{ "type": "Feature", "properties": { "fid": 16732, "PREFIXE 1": "RUE", "PREFIXE 2": null, "NOM_RUE": "LESDIGUIÈRES", "NUMERO TXT": "8", "NOM_SAISI": "RUE LESDIGUIÈRES", "NOM_NOTE": "Rue Lesdiguieres", "EXP_GEO": 1, "INTERP": 0, "NUMEROTATI": 1, "NUM_QUART": 35 }, "geometry": { "type": "Point", "coordinates": [ 653535.05914493848104, 6861566.169207786209881 ] } },
{ "type": "Feature", "properties": { "fid": 16733, "PREFIXE 1": "RUE", "PREFIXE 2": null, "NOM_RUE": "LESDIGUIÈRES", "NUMERO TXT": "3", "NOM_SAISI": "RUE LESDIGUIÈRES", "NOM_NOTE": "Rue Lesdiguieres", "EXP_GEO": 1, "INTERP": 0, "NUMEROTATI": 1, "NUM_QUART": 35 }, "geometry": { "type": "Point", "coordinates": [ 653525.856471415492706, 6861568.192837891168892 ] } },
{ "type": "Feature", "properties": { "fid": 16734, "PREFIXE 1": "RUE", "PREFIXE 2": null, "NOM_RUE": "LESDIGUIÈRES", "NUMERO TXT": "10", "NOM_SAISI": "RUE LESDIGUIÈRES", "NOM_NOTE": "Rue Lesdiguieres", "EXP_GEO": 1, "INTERP": 0, "NUMEROTATI": 1, "NUM_QUART": 35 }, "geometry": { "type": "Point", "coordinates": [ 653541.312520998064429, 6861591.073202220723033 ] } },
{ "type": "Feature", "properties": { "fid": 16735, "PREFIXE 1": "RUE", "PREFIXE 2": null, "NOM_RUE": "LESDIGUIÈRES", "NUMERO TXT": "5", "NOM_SAISI": "RUE LESDIGUIÈRES", "NOM_NOTE": "Rue Lesdiguieres", "EXP_GEO": 1, "INTERP": 0, "NUMEROTATI": 1, "NUM_QUART": 35 }, "geometry": { "type": "Point", "coordinates": [ 653531.037033036467619, 6861588.563915757462382 ] } },
{ "type": "Feature", "properties": { "fid": 16736, "PREFIXE 1": "RUE", "PREFIXE 2": null, "NOM_RUE": "LESDIGUIÈRES", "NUMERO TXT": "7", "NOM_SAISI": "RUE LESDIGUIÈRES", "NOM_NOTE": "Rue Lesdiguieres", "EXP_GEO": 1, "INTERP": 0, "NUMEROTATI": 1, "NUM_QUART": 35 }, "geometry": { "type": "Point", "coordinates": [ 653534.83029916184023, 6861601.973800490610301 ] } },
{ "type": "Feature", "properties": { "fid": 16737, "PREFIXE 1": "RUE", "PREFIXE 2": null, "NOM_RUE": "LESDIGUIÈRES", "NUMERO TXT": "12", "NOM_SAISI": "RUE LESDIGUIÈRES", "NOM_NOTE": "Rue Lesdiguieres", "EXP_GEO": 1, "INTERP": 0, "NUMEROTATI": 1, "NUM_QUART": 35 }, "geometry": { "type": "Point", "coordinates": [ 653546.562156833591871, 6861612.655513691715896 ] } },
{ "type": "Feature", "properties": { "fid": 16738, "PREFIXE 1": "RUE", "PREFIXE 2": null, "NOM_RUE": "LESDIGUIÈRES", "NUMERO TXT": "9", "NOM_SAISI": "RUE LESDIGUIÈRES", "NOM_NOTE": "Rue Lesdiguieres", "EXP_GEO": 1, "INTERP": 0, "NUMEROTATI": 1, "NUM_QUART": 35 }, "geometry": { "type": "Point", "coordinates": [ 653538.043209714698605, 6861615.42245835904032 ] } },
{ "type": "Feature", "properties": { "fid": 16739, "PREFIXE 1": "RUE", "PREFIXE 2": null, "NOM_RUE": "LESDIGUIÈRES", "NUMERO TXT": "11", "NOM_SAISI": "RUE LESDIGUIÈRES", "NOM_NOTE": "Rue Lesdiguieres", "EXP_GEO": 1, "INTERP": 0, "NUMEROTATI": 1, "NUM_QUART": 35 }, "geometry": { "type": "Point", "coordinates": [ 653541.420782856293954, 6861627.451452831737697 ] } },
{ "type": "Feature", "properties": { "fid": 16740, "PREFIXE 1": "RUE", "PREFIXE 2": null, "NOM_RUE": "LESDIGUIÈRES", "NUMERO TXT": "14-16", "NOM_SAISI": "RUE LESDIGUIÈRES", "NOM_NOTE": "Rue Lesdiguieres", "EXP_GEO": 1, "INTERP": 0, "NUMEROTATI": 1, "NUM_QUART": 35 }, "geometry": { "type": "Point", "coordinates": [ 653555.90839340526145, 6861644.057861112058163 ] } },
{ "type": "Feature", "properties": { "fid": 16741, "PREFIXE 1": "RUE", "PREFIXE 2": null, "NOM_RUE": "LESDIGUIÈRES", "NUMERO TXT": "13-15", "NOM_SAISI": "RUE LESDIGUIÈRES", "NOM_NOTE": "Rue Lesdiguieres", "EXP_GEO": 1, "INTERP": 0, "NUMEROTATI": 1, "NUM_QUART": 35 }, "geometry": { "type": "Point", "coordinates": [ 653545.88288542535156, 6861646.523972313851118 ] } },
{ "type": "Feature", "properties": { "fid": 16742, "PREFIXE 1": "RUE", "PREFIXE 2": "DE LA", "NOM_RUE": "CERISAIE", "NUMERO TXT": "1", "NOM_SAISI": "RUE DE LA CERISAIE", "NOM_NOTE": "Rue de la Cerisaie", "EXP_GEO": 1, "INTERP": 0, "NUMEROTATI": 1, "NUM_QUART": 35 }, "geometry": { "type": "Point", "coordinates": [ 653510.959673530422151, 6861492.227492885664105 ] } },
{ "type": "Feature", "properties": { "fid": 16743, "PREFIXE 1": "RUE", "PREFIXE 2": "DE LA", "NOM_RUE": "CERISAIE", "NUMERO TXT": "3", "NOM_SAISI": "RUE DE LA CERISAIE", "NOM_NOTE": "Rue de la Cerisaie", "EXP_GEO": 1, "INTERP": 0, "NUMEROTATI": 1, "NUM_QUART": 35 }, "geometry": { "type": "Point", "coordinates": [ 653494.73258782341145, 6861498.740139432251453 ] } },
{ "type": "Feature", "properties": { "fid": 16744, "PREFIXE 1": "RUE", "PREFIXE 2": "DE LA", "NOM_RUE": "CERISAIE", "NUMERO TXT": "2", "NOM_SAISI": "RUE DE LA CERISAIE", "NOM_NOTE": "Rue de la Cerisaie", "EXP_GEO": 1, "INTERP": 0, "NUMEROTATI": 1, "NUM_QUART": 35 }, "geometry": { "type": "Point", "coordinates": [ 653497.662051419029012, 6861512.793044297024608 ] } },
{ "type": "Feature", "properties": { "fid": 16745, "PREFIXE 1": "RUE", "PREFIXE 2": "DE LA", "NOM_RUE": "CERISAIE", "NUMERO TXT": "5", "NOM_SAISI": "RUE DE LA CERISAIE", "NOM_NOTE": "Rue de la Cerisaie", "EXP_GEO": 1, "INTERP": 0, "NUMEROTATI": 1, "NUM_QUART": 35 }, "geometry": { "type": "Point", "coordinates": [ 653479.810774623649195, 6861505.214276851154864 ] } },
{ "type": "Feature", "properties": { "fid": 16746, "PREFIXE 1": "RUE", "PREFIXE 2": "DE LA", "NOM_RUE": "CERISAIE", "NUMERO TXT": "4", "NOM_SAISI": "RUE DE LA CERISAIE", "NOM_NOTE": "Rue de la Cerisaie", "EXP_GEO": 1, "INTERP": 0, "NUMEROTATI": 1, "NUM_QUART": 35 }, "geometry": { "type": "Point", "coordinates": [ 653470.950411129626445, 6861523.835278192535043 ] } },
{ "type": "Feature", "properties": { "fid": 16747, "PREFIXE 1": "RUE", "PREFIXE 2": "DE LA", "NOM_RUE": "CERISAIE", "NUMERO TXT": "7", "NOM_SAISI": "RUE DE LA CERISAIE", "NOM_NOTE": "Rue de la Cerisaie", "EXP_GEO": 1, "INTERP": 0, "NUMEROTATI": 1, "NUM_QUART": 35 }, "geometry": { "type": "Point", "coordinates": [ 653466.141514660208486, 6861510.942782822996378 ] } },
{ "type": "Feature", "properties": { "fid": 16748, "PREFIXE 1": "RUE", "PREFIXE 2": "DE LA", "NOM_RUE": "CERISAIE", "NUMERO TXT": "9", "NOM_SAISI": "RUE DE LA CERISAIE", "NOM_NOTE": "Rue de la Cerisaie", "EXP_GEO": 1, "INTERP": 0, "NUMEROTATI": 1, "NUM_QUART": 35 }, "geometry": { "type": "Point", "coordinates": [ 653458.772043643170036, 6861514.563699272461236 ] } },
{ "type": "Feature", "properties": { "fid": 16749, "PREFIXE 1": "RUE", "PREFIXE 2": "DE LA", "NOM_RUE": "CERISAIE", "NUMERO TXT": "13", "NOM_SAISI": "RUE DE LA CERISAIE", "NOM_NOTE": "Rue de la Cerisaie", "EXP_GEO": 1, "INTERP": 0, "NUMEROTATI": 1, "NUM_QUART": 35 }, "geometry": { "type": "Point", "coordinates": [ 653448.158882877090946, 6861519.212664163671434 ] } },
{ "type": "Feature", "properties": { "fid": 16750, "PREFIXE 1": "RUE", "PREFIXE 2": "DE LA", "NOM_RUE": "CERISAIE", "NUMERO TXT": "11", "NOM_SAISI": "RUE DE LA CERISAIE", "NOM_NOTE": "Rue de la Cerisaie", "EXP_GEO": 1, "INTERP": 0, "NUMEROTATI": 1, "NUM_QUART": 35 }, "geometry": { "type": "Point", "coordinates": [ 653455.13156222505495, 6861516.327657124958932 ] } },
{ "type": "Feature", "properties": { "fid": 16751, "PREFIXE 1": "RUE", "PREFIXE 2": "DE LA", "NOM_RUE": "CERISAIE", "NUMERO TXT": "17", "NOM_SAISI": "RUE DE LA CERISAIE", "NOM_NOTE": "Rue de la Cerisaie", "EXP_GEO": 1, "INTERP": 0, "NUMEROTATI": 1, "NUM_QUART": 35 }, "geometry": { "type": "Point", "coordinates": [ 653436.550189992412925, 6861523.95775102917105 ] } },
{ "type": "Feature", "properties": { "fid": 16752, "PREFIXE 1": "RUE", "PREFIXE 2": "DE LA", "NOM_RUE": "CERISAIE", "NUMERO TXT": "6", "NOM_SAISI": "RUE DE LA CERISAIE", "NOM_NOTE": "Rue de la Cerisaie", "EXP_GEO": 1, "INTERP": 0, "NUMEROTATI": 1, "NUM_QUART": 35 }, "geometry": { "type": "Point", "coordinates": [ 653444.545672354637645, 6861535.134284561499953 ] } },
{ "type": "Feature", "properties": { "fid": 16753, "PREFIXE 1": "RUE", "PREFIXE 2": "DE LA", "NOM_RUE": "CERISAIE", "NUMERO TXT": "19", "NOM_SAISI": "RUE DE LA CERISAIE", "NOM_NOTE": "Rue de la Cerisaie", "EXP_GEO": 1, "INTERP": 0, "NUMEROTATI": 1, "NUM_QUART": 35 }, "geometry": { "type": "Point", "coordinates": [ 653429.439567230641842, 6861526.841040584258735 ] } },
{ "type": "Feature", "properties": { "fid": 16754, "PREFIXE 1": "RUE", "PREFIXE 2": "DE LA", "NOM_RUE": "CERISAIE", "NUMERO TXT": "15", "NOM_SAISI": "RUE DE LA CERISAIE", "NOM_NOTE": "Rue de la Cerisaie", "EXP_GEO": 1, "INTERP": 0, "NUMEROTATI": 1, "NUM_QUART": 35 }, "geometry": { "type": "Point", "coordinates": [ 653441.097508018836379, 6861522.3257602667436 ] } },
{ "type": "Feature", "properties": { "fid": 16755, "PREFIXE 1": "RUE", "PREFIXE 2": "DE LA", "NOM_RUE": "CERISAIE", "NUMERO TXT": "21", "NOM_SAISI": "RUE DE LA CERISAIE", "NOM_NOTE": "Rue de la Cerisaie", "EXP_GEO": 1, "INTERP": 0, "NUMEROTATI": 1, "NUM_QUART": 35 }, "geometry": { "type": "Point", "coordinates": [ 653420.391540341544896, 6861530.421951971948147 ] } },
{ "type": "Feature", "properties": { "fid": 16756, "PREFIXE 1": "RUE", "PREFIXE 2": "DE LA", "NOM_RUE": "CERISAIE", "NUMERO TXT": "8", "NOM_SAISI": "RUE DE LA CERISAIE", "NOM_NOTE": "Rue de la Cerisaie", "EXP_GEO": 1, "INTERP": 0, "NUMEROTATI": 1, "NUM_QUART": 35 }, "geometry": { "type": "Point", "coordinates": [ 653425.094112730701454, 6861542.489475301466882 ] } },
{ "type": "Feature", "properties": { "fid": 16757, "PREFIXE 1": "RUE", "PREFIXE 2": "DE LA", "NOM_RUE": "CERISAIE", "NUMERO TXT": "23", "NOM_SAISI": "RUE DE LA CERISAIE", "NOM_NOTE": "Rue de la Cerisaie", "EXP_GEO": 1, "INTERP": 0, "NUMEROTATI": 1, "NUM_QUART": 35 }, "geometry": { "type": "Point", "coordinates": [ 653412.040651886025444, 6861535.869078852236271 ] } },
{ "type": "Feature", "properties": { "fid": 16758, "PREFIXE 1": "RUE", "PREFIXE 2": "DE LA", "NOM_RUE": "CERISAIE", "NUMERO TXT": "10", "NOM_SAISI": "RUE DE LA CERISAIE", "NOM_NOTE": "Rue de la Cerisaie", "EXP_GEO": 1, "INTERP": 0, "NUMEROTATI": 1, "NUM_QUART": 35 }, "geometry": { "type": "Point", "coordinates": [ 653406.189021106809378, 6861554.761231534183025 ] } },
{ "type": "Feature", "properties": { "fid": 16759, "PREFIXE 1": "RUE", "PREFIXE 2": "DE LA", "NOM_RUE": "CERISAIE", "NUMERO TXT": "25", "NOM_SAISI": "RUE DE LA CERISAIE", "NOM_NOTE": "Rue de la Cerisaie", "EXP_GEO": 1, "INTERP": 0, "NUMEROTATI": 1, "NUM_QUART": 35 }, "geometry": { "type": "Point", "coordinates": [ 653405.264004446915351, 6861540.664272474125028 ] } },
{ "type": "Feature", "properties": { "fid": 16760, "PREFIXE 1": "RUE", "PREFIXE 2": "DE LA", "NOM_RUE": "CERISAIE", "NUMERO TXT": "27", "NOM_SAISI": "RUE DE LA CERISAIE", "NOM_NOTE": "Rue de la Cerisaie", "EXP_GEO": 1, "INTERP": 0, "NUMEROTATI": 1, "NUM_QUART": 35 }, "geometry": { "type": "Point", "coordinates": [ 653398.790017709136009, 6861544.268928303383291 ] } },
{ "type": "Feature", "properties": { "fid": 16761, "PREFIXE 1": "RUE", "PREFIXE 2": "DE LA", "NOM_RUE": "CERISAIE", "NUMERO TXT": "29", "NOM_SAISI": "RUE DE LA CERISAIE", "NOM_NOTE": "Rue de la Cerisaie", "EXP_GEO": 1, "INTERP": 0, "NUMEROTATI": 1, "NUM_QUART": 35 }, "geometry": { "type": "Point", "coordinates": [ 653392.009238509694114, 6861548.878778539597988 ] } },
{ "type": "Feature", "properties": { "fid": 16762, "PREFIXE 1": "RUE", "PREFIXE 2": "DE LA", "NOM_RUE": "CERISAIE", "NUMERO TXT": "12", "NOM_SAISI": "RUE DE LA CERISAIE", "NOM_NOTE": "Rue de la Cerisaie", "EXP_GEO": 1, "INTERP": 0, "NUMEROTATI": 1, "NUM_QUART": 35 }, "geometry": { "type": "Point", "coordinates": [ 653392.930097640957683, 6861562.743259811773896 ] } },
{ "type": "Feature", "properties": { "fid": 16763, "PREFIXE 1": "RUE", "PREFIXE 2": "DE LA", "NOM_RUE": "CERISAIE", "NUMERO TXT": "14", "NOM_SAISI": "RUE DE LA CERISAIE", "NOM_NOTE": "Rue de la Cerisaie", "EXP_GEO": 1, "INTERP": 0, "NUMEROTATI": 1, "NUM_QUART": 35 }, "geometry": { "type": "Point", "coordinates": [ 653383.000761298811994, 6861569.285050478763878 ] } },
{ "type": "Feature", "properties": { "fid": 16764, "PREFIXE 1": "RUE", "PREFIXE 2": "DE LA", "NOM_RUE": "CERISAIE", "NUMERO TXT": "31", "NOM_SAISI": "RUE DE LA CERISAIE", "NOM_NOTE": "Rue de la Cerisaie", "EXP_GEO": 1, "INTERP": 0, "NUMEROTATI": 1, "NUM_QUART": 35 }, "geometry": { "type": "Point", "coordinates": [ 653382.386451165075414, 6861554.37261179741472 ] } },
{ "type": "Feature", "properties": { "fid": 16765, "PREFIXE 1": "RUE", "PREFIXE 2": "DE LA", "NOM_RUE": "CERISAIE", "NUMERO TXT": "33", "NOM_SAISI": "RUE DE LA CERISAIE", "NOM_NOTE": "Rue de la Cerisaie", "EXP_GEO": 1, "INTERP": 0, "NUMEROTATI": 1, "NUM_QUART": 35 }, "geometry": { "type": "Point", "coordinates": [ 653370.166909266030416, 6861562.709038998000324 ] } },
{ "type": "Feature", "properties": { "fid": 16766, "PREFIXE 1": "RUE", "PREFIXE 2": "DE LA", "NOM_RUE": "CERISAIE", "NUMERO TXT": "35", "NOM_SAISI": "RUE DE LA CERISAIE", "NOM_NOTE": "Rue de la Cerisaie", "EXP_GEO": 1, "INTERP": 0, "NUMEROTATI": 1, "NUM_QUART": 35 }, "geometry": { "type": "Point", "coordinates": [ 653361.536411813693121, 6861568.327821004204452 ] } },
{ "type": "Feature", "properties": { "fid": 16767, "PREFIXE 1": "RUE", "PREFIXE 2": "DE LA", "NOM_RUE": "CERISAIE", "NUMERO TXT": "16", "NOM_SAISI": "RUE DE LA CERISAIE", "NOM_NOTE": "Rue de la Cerisaie", "EXP_GEO": 1, "INTERP": 0, "NUMEROTATI": 1, "NUM_QUART": 35 }, "geometry": { "type": "Point", "coordinates": [ 653365.202698355540633, 6861580.979306744411588 ] } },
{ "type": "Feature", "properties": { "fid": 16768, "PREFIXE 1": "RUE", "PREFIXE 2": "DE LA", "NOM_RUE": "CERISAIE", "NUMERO TXT": "37", "NOM_SAISI": "RUE DE LA CERISAIE", "NOM_NOTE": "Rue de la Cerisaie", "EXP_GEO": 1, "INTERP": 0, "NUMEROTATI": 1, "NUM_QUART": 35 }, "geometry": { "type": "Point", "coordinates": [ 653351.285924106603488, 6861575.048525753431022 ] } },
{ "type": "Feature", "properties": { "fid": 16769, "PREFIXE 1": "RUE", "PREFIXE 2": "DU", "NOM_RUE": "PETIT-MUSC", "NUMERO TXT": "2", "NOM_SAISI": "RUE DU PETIT-MUSC", "NOM_NOTE": "Rue du petit Musc", "EXP_GEO": 1, "INTERP": 0, "NUMEROTATI": 1, "NUM_QUART": 35 }, "geometry": { "type": "Point", "coordinates": [ 653268.517627631430514, 6861505.671718892641366 ] } },
{ "type": "Feature", "properties": { "fid": 16770, "PREFIXE 1": "RUE", "PREFIXE 2": "DU", "NOM_RUE": "PETIT-MUSC", "NUMERO TXT": "1", "NOM_SAISI": "RUE DU PETIT-MUSC", "NOM_NOTE": "Rue du petit Musc", "EXP_GEO": 1, "INTERP": 0, "NUMEROTATI": 1, "NUM_QUART": 35 }, "geometry": { "type": "Point", "coordinates": [ 653266.719104798510671, 6861521.577190464362502 ] } },
{ "type": "Feature", "properties": { "fid": 16771, "PREFIXE 1": "RUE", "PREFIXE 2": "DU", "NOM_RUE": "PETIT-MUSC", "NUMERO TXT": "3", "NOM_SAISI": "RUE DU PETIT-MUSC", "NOM_NOTE": "Rue du petit Musc", "EXP_GEO": 1, "INTERP": 0, "NUMEROTATI": 1, "NUM_QUART": 35 }, "geometry": { "type": "Point", "coordinates": [ 653274.07377477013506, 6861529.585088755004108 ] } },
{ "type": "Feature", "properties": { "fid": 16772, "PREFIXE 1": "RUE", "PREFIXE 2": "DU", "NOM_RUE": "PETIT-MUSC", "NUMERO TXT": "5", "NOM_SAISI": "RUE DU PETIT-MUSC", "NOM_NOTE": "Rue du petit Musc", "EXP_GEO": 1, "INTERP": 0, "NUMEROTATI": 1, "NUM_QUART": 35 }, "geometry": { "type": "Point", "coordinates": [ 653293.392598033417016, 6861548.829192607663572 ] } },
{ "type": "Feature", "properties": { "fid": 16773, "PREFIXE 1": "RUE", "PREFIXE 2": "DU", "NOM_RUE": "PETIT-MUSC", "NUMERO TXT": "4", "NOM_SAISI": "RUE DU PETIT-MUSC", "NOM_NOTE": "Rue du petit Musc", "EXP_GEO": 1, "INTERP": 0, "NUMEROTATI": 1, "NUM_QUART": 35 }, "geometry": { "type": "Point", "coordinates": [ 653321.152891616337001, 6861557.306926573626697 ] } },
{ "type": "Feature", "properties": { "fid": 16774, "PREFIXE 1": "RUE", "PREFIXE 2": "DU", "NOM_RUE": "PETIT-MUSC", "NUMERO TXT": "6", "NOM_SAISI": "RUE DU PETIT-MUSC", "NOM_NOTE": "Rue du petit Musc", "EXP_GEO": 1, "INTERP": 0, "NUMEROTATI": 1, "NUM_QUART": 35 }, "geometry": { "type": "Point", "coordinates": [ 653330.607790311914869, 6861566.728762021288276 ] } },
{ "type": "Feature", "properties": { "fid": 16775, "PREFIXE 1": "RUE", "PREFIXE 2": "DU", "NOM_RUE": "PETIT-MUSC", "NUMERO TXT": "7", "NOM_SAISI": "RUE DU PETIT-MUSC", "NOM_NOTE": "Rue du petit Musc", "EXP_GEO": 1, "INTERP": 0, "NUMEROTATI": 1, "NUM_QUART": 35 }, "geometry": { "type": "Point", "coordinates": [ 653322.133264065836556, 6861577.496027122251689 ] } },
{ "type": "Feature", "properties": { "fid": 16776, "PREFIXE 1": "RUE", "PREFIXE 2": "DU", "NOM_RUE": "PETIT-MUSC", "NUMERO TXT": "8", "NOM_SAISI": "RUE DU PETIT-MUSC", "NOM_NOTE": "Rue du petit Musc", "EXP_GEO": 1, "INTERP": 0, "NUMEROTATI": 1, "NUM_QUART": 35 }, "geometry": { "type": "Point", "coordinates": [ 653339.257767772185616, 6861575.267770449630916 ] } },
{ "type": "Feature", "properties": { "fid": 16777, "PREFIXE 1": "RUE", "PREFIXE 2": "DU", "NOM_RUE": "PETIT-MUSC", "NUMERO TXT": "9", "NOM_SAISI": "RUE DU PETIT-MUSC", "NOM_NOTE": "Rue du petit Musc", "EXP_GEO": 1, "INTERP": 0, "NUMEROTATI": 1, "NUM_QUART": 35 }, "geometry": { "type": "Point", "coordinates": [ 653334.246069502201863, 6861588.893199097365141 ] } },
{ "type": "Feature", "properties": { "fid": 16778, "PREFIXE 1": "RUE", "PREFIXE 2": "DU", "NOM_RUE": "PETIT-MUSC", "NUMERO TXT": "11", "NOM_SAISI": "RUE DU PETIT-MUSC", "NOM_NOTE": "Rue du petit Musc", "EXP_GEO": 1, "INTERP": 0, "NUMEROTATI": 1, "NUM_QUART": 35 }, "geometry": { "type": "Point", "coordinates": [ 653348.584934208542109, 6861602.89085081871599 ] } },
{ "type": "Feature", "properties": { "fid": 16779, "PREFIXE 1": "RUE", "PREFIXE 2": "DU", "NOM_RUE": "PETIT-MUSC", "NUMERO TXT": "12", "NOM_SAISI": "RUE DU PETIT-MUSC", "NOM_NOTE": "Rue du petit Musc", "EXP_GEO": 1, "INTERP": 0, "NUMEROTATI": 1, "NUM_QUART": 35 }, "geometry": { "type": "Point", "coordinates": [ 653375.093470462248661, 6861611.848612635396421 ] } },
{ "type": "Feature", "properties": { "fid": 16780, "PREFIXE 1": "RUE", "PREFIXE 2": "DU", "NOM_RUE": "PETIT-MUSC", "NUMERO TXT": "14", "NOM_SAISI": "RUE DU PETIT-MUSC", "NOM_NOTE": "Rue du petit Musc", "EXP_GEO": 1, "INTERP": 0, "NUMEROTATI": 1, "NUM_QUART": 35 }, "geometry": { "type": "Point", "coordinates": [ 653402.850783606409095, 6861641.682230372913182 ] } },
{ "type": "Feature", "properties": { "fid": 16781, "PREFIXE 1": "RUE", "PREFIXE 2": "DU", "NOM_RUE": "PETIT-MUSC", "NUMERO TXT": "16", "NOM_SAISI": "RUE DU PETIT-MUSC", "NOM_NOTE": "Rue du petit Musc", "EXP_GEO": 1, "INTERP": 0, "NUMEROTATI": 1, "NUM_QUART": 35 }, "geometry": { "type": "Point", "coordinates": [ 653432.574355198536068, 6861671.416981612332165 ] } },
{ "type": "Feature", "properties": { "fid": 16782, "PREFIXE 1": "RUE", "PREFIXE 2": "DU", "NOM_RUE": "PETIT-MUSC", "NUMERO TXT": "21", "NOM_SAISI": "RUE DU PETIT-MUSC", "NOM_NOTE": "Rue du petit Musc", "EXP_GEO": 1, "INTERP": 0, "NUMEROTATI": 1, "NUM_QUART": 35 }, "geometry": { "type": "Point", "coordinates": [ 653427.647418789798394, 6861684.406547819264233 ] } },
{ "type": "Feature", "properties": { "fid": 16783, "PREFIXE 1": "RUE", "PREFIXE 2": "DU", "NOM_RUE": "PETIT-MUSC", "NUMERO TXT": "19", "NOM_SAISI": "RUE DU PETIT-MUSC", "NOM_NOTE": "Rue du petit Musc", "EXP_GEO": 1, "INTERP": 0, "NUMEROTATI": 1, "NUM_QUART": 35 }, "geometry": { "type": "Point", "coordinates": [ 653417.254676845739596, 6861672.910324617289007 ] } },
{ "type": "Feature", "properties": { "fid": 16784, "PREFIXE 1": "RUE", "PREFIXE 2": "DU", "NOM_RUE": "PETIT-MUSC", "NUMERO TXT": "17", "NOM_SAISI": "RUE DU PETIT-MUSC", "NOM_NOTE": "Rue du petit Musc", "EXP_GEO": 1, "INTERP": 0, "NUMEROTATI": 1, "NUM_QUART": 35 }, "geometry": { "type": "Point", "coordinates": [ 653397.655600113561377, 6861651.387180319055915 ] } },
{ "type": "Feature", "properties": { "fid": 16785, "PREFIXE 1": "RUE", "PREFIXE 2": "DU", "NOM_RUE": "PETIT-MUSC", "NUMERO TXT": "15", "NOM_SAISI": "RUE DU PETIT-MUSC", "NOM_NOTE": "Rue du petit Musc", "EXP_GEO": 1, "INTERP": 0, "NUMEROTATI": 1, "NUM_QUART": 35 }, "geometry": { "type": "Point", "coordinates": [ 653371.135609376826324, 6861625.424483611248434 ] } },
{ "type": "Feature", "properties": { "fid": 16786, "PREFIXE 1": "RUE", "PREFIXE 2": "DU", "NOM_RUE": "PETIT-MUSC", "NUMERO TXT": "13", "NOM_SAISI": "RUE DU PETIT-MUSC", "NOM_NOTE": "Rue du petit Musc", "EXP_GEO": 1, "INTERP": 0, "NUMEROTATI": 1, "NUM_QUART": 35 }, "geometry": { "type": "Point", "coordinates": [ 653361.659231243073009, 6861615.84091822616756 ] } },
{ "type": "Feature", "properties": { "fid": 16787, "PREFIXE 1": "RUE", "PREFIXE 2": "DES", "NOM_RUE": "TROIS-PISTOLETS", "NUMERO TXT": "1", "NOM_SAISI": "RUE DES TROIS-PISTOLETS", "NOM_NOTE": "R. des 3 Pistolets", "EXP_GEO": 1, "INTERP": 0, "NUMEROTATI": 1, "NUM_QUART": 35 }, "geometry": { "type": "Point", "coordinates": [ 653306.759854476898909, 6861564.582632137462497 ] } },
{ "type": "Feature", "properties": { "fid": 16788, "PREFIXE 1": "RUE", "PREFIXE 2": "DES", "NOM_RUE": "TROIS-PISTOLETS", "NUMERO TXT": "3", "NOM_SAISI": "RUE DES TROIS-PISTOLETS", "NOM_NOTE": "R. des 3 Pistolets", "EXP_GEO": 1, "INTERP": 0, "NUMEROTATI": 1, "NUM_QUART": 35 }, "geometry": { "type": "Point", "coordinates": [ 653299.92294887220487, 6861569.409406367689371 ] } },
{ "type": "Feature", "properties": { "fid": 16789, "PREFIXE 1": "RUE", "PREFIXE 2": "DES", "NOM_RUE": "TROIS-PISTOLETS", "NUMERO TXT": "5", "NOM_SAISI": "RUE DES TROIS-PISTOLETS", "NOM_NOTE": "R. des 3 Pistolets", "EXP_GEO": 1, "INTERP": 0, "NUMEROTATI": 1, "NUM_QUART": 35 }, "geometry": { "type": "Point", "coordinates": [ 653287.819479085854255, 6861577.818967848084867 ] } },
{ "type": "Feature", "properties": { "fid": 16790, "PREFIXE 1": "RUE", "PREFIXE 2": "DES", "NOM_RUE": "TROIS-PISTOLETS", "NUMERO TXT": "2", "NOM_SAISI": "RUE DES TROIS-PISTOLETS", "NOM_NOTE": "R. des 3 Pistolets", "EXP_GEO": 1, "INTERP": 0, "NUMEROTATI": 1, "NUM_QUART": 35 }, "geometry": { "type": "Point", "coordinates": [ 653302.125417439965531, 6861582.720903321169317 ] } },
{ "type": "Feature", "properties": { "fid": 16791, "PREFIXE 1": "RUE NEUVE", "PREFIXE 2": null, "NOM_RUE": "SAINT-PAUL", "NUMERO TXT": "1", "NOM_SAISI": "RUE NEUVE SAINT-PAUL", "NOM_NOTE": "Rue neuve S.t Paul", "EXP_GEO": 1, "INTERP": 0, "NUMEROTATI": 1, "NUM_QUART": 35 }, "geometry": { "type": "Point", "coordinates": [ 653263.56232569902204, 6861595.307945659384131 ] } },
{ "type": "Feature", "properties": { "fid": 16792, "PREFIXE 1": "RUE NEUVE", "PREFIXE 2": null, "NOM_RUE": "SAINT-PAUL", "NUMERO TXT": "2", "NOM_SAISI": "RUE NEUVE SAINT-PAUL", "NOM_NOTE": "Rue neuve S.t Paul", "EXP_GEO": 1, "INTERP": 0, "NUMEROTATI": 1, "NUM_QUART": 35 }, "geometry": { "type": "Point", "coordinates": [ 653261.62714542588219, 6861612.268867503851652 ] } },
{ "type": "Feature", "properties": { "fid": 16793, "PREFIXE 1": "RUE NEUVE", "PREFIXE 2": null, "NOM_RUE": "SAINT-PAUL", "NUMERO TXT": "3", "NOM_SAISI": "RUE NEUVE SAINT-PAUL", "NOM_NOTE": "Rue neuve S.t Paul", "EXP_GEO": 1, "INTERP": 0, "NUMEROTATI": 1, "NUM_QUART": 35 }, "geometry": { "type": "Point", "coordinates": [ 653249.969179709907621, 6861605.623519740998745 ] } },
{ "type": "Feature", "properties": { "fid": 16794, "PREFIXE 1": "RUE NEUVE", "PREFIXE 2": null, "NOM_RUE": "SAINT-PAUL", "NUMERO TXT": "5", "NOM_SAISI": "RUE NEUVE SAINT-PAUL", "NOM_NOTE": "Rue neuve S.t Paul", "EXP_GEO": 1, "INTERP": 0, "NUMEROTATI": 1, "NUM_QUART": 35 }, "geometry": { "type": "Point", "coordinates": [ 653241.437824615044519, 6861612.152893874794245 ] } },
{ "type": "Feature", "properties": { "fid": 16795, "PREFIXE 1": "RUE NEUVE", "PREFIXE 2": null, "NOM_RUE": "SAINT-PAUL", "NUMERO TXT": "7", "NOM_SAISI": "RUE NEUVE SAINT-PAUL", "NOM_NOTE": "Rue neuve S.t Paul", "EXP_GEO": 1, "INTERP": 0, "NUMEROTATI": 1, "NUM_QUART": 35 }, "geometry": { "type": "Point", "coordinates": [ 653235.128709137090482, 6861616.370223117060959 ] } },
{ "type": "Feature", "properties": { "fid": 16796, "PREFIXE 1": "RUE NEUVE", "PREFIXE 2": null, "NOM_RUE": "SAINT-PAUL", "NUMERO TXT": "11", "NOM_SAISI": "RUE NEUVE SAINT-PAUL", "NOM_NOTE": "Rue neuve S.t Paul", "EXP_GEO": 1, "INTERP": 1, "NUMEROTATI": 1, "NUM_QUART": 35 }, "geometry": { "type": "Point", "coordinates": [ 653220.60939036286436, 6861627.257922640070319 ] } },
{ "type": "Feature", "properties": { "fid": 16797, "PREFIXE 1": "RUE NEUVE", "PREFIXE 2": null, "NOM_RUE": "SAINT-PAUL", "NUMERO TXT": "4", "NOM_SAISI": "RUE NEUVE SAINT-PAUL", "NOM_NOTE": "Rue neuve S.t Paul", "EXP_GEO": 1, "INTERP": 0, "NUMEROTATI": 1, "NUM_QUART": 35 }, "geometry": { "type": "Point", "coordinates": [ 653231.492799771483988, 6861633.731693107634783 ] } },
{ "type": "Feature", "properties": { "fid": 16798, "PREFIXE 1": "RUE NEUVE", "PREFIXE 2": null, "NOM_RUE": "SAINT-PAUL", "NUMERO TXT": "6", "NOM_SAISI": "RUE NEUVE SAINT-PAUL", "NOM_NOTE": "Rue neuve S.t Paul", "EXP_GEO": 1, "INTERP": 0, "NUMEROTATI": 1, "NUM_QUART": 35 }, "geometry": { "type": "Point", "coordinates": [ 653209.09381206415128, 6861649.927328865043819 ] } },
{ "type": "Feature", "properties": { "fid": 16799, "PREFIXE 1": "RUE NEUVE", "PREFIXE 2": null, "NOM_RUE": "SAINT-PAUL", "NUMERO TXT": "8", "NOM_SAISI": "RUE NEUVE SAINT-PAUL", "NOM_NOTE": "Rue neuve S.t Paul", "EXP_GEO": 1, "INTERP": 0, "NUMEROTATI": 1, "NUM_QUART": 35 }, "geometry": { "type": "Point", "coordinates": [ 653183.936047188704833, 6861668.705979663878679 ] } },
{ "type": "Feature", "properties": { "fid": 16800, "PREFIXE 1": "RUE NEUVE", "PREFIXE 2": null, "NOM_RUE": "SAINT-PAUL", "NUMERO TXT": "19", "NOM_SAISI": "RUE NEUVE SAINT-PAUL", "NOM_NOTE": "Rue neuve S.t Paul", "EXP_GEO": 1, "INTERP": 0, "NUMEROTATI": 1, "NUM_QUART": 35 }, "geometry": { "type": "Point", "coordinates": [ 653183.317816281924024, 6861654.389794072136283 ] } },
{ "type": "Feature", "properties": { "fid": 16801, "PREFIXE 1": "RUE NEUVE", "PREFIXE 2": null, "NOM_RUE": "SAINT-PAUL", "NUMERO TXT": "17", "NOM_SAISI": "RUE NEUVE SAINT-PAUL", "NOM_NOTE": "Rue neuve S.t Paul", "EXP_GEO": 1, "INTERP": 0, "NUMEROTATI": 1, "NUM_QUART": 35 }, "geometry": { "type": "Point", "coordinates": [ 653195.312073143664747, 6861645.477272685617208 ] } },
{ "type": "Feature", "properties": { "fid": 16802, "PREFIXE 1": "RUE NEUVE", "PREFIXE 2": null, "NOM_RUE": "SAINT-PAUL", "NUMERO TXT": "21", "NOM_SAISI": "RUE NEUVE SAINT-PAUL", "NOM_NOTE": "Rue neuve S.t Paul", "EXP_GEO": 1, "INTERP": 0, "NUMEROTATI": 1, "NUM_QUART": 35 }, "geometry": { "type": "Point", "coordinates": [ 653172.448939833790064, 6861662.611497140489519 ] } },
{ "type": "Feature", "properties": { "fid": 16803, "PREFIXE 1": "RUE NEUVE", "PREFIXE 2": null, "NOM_RUE": "SAINT-PAUL", "NUMERO TXT": "23", "NOM_SAISI": "RUE NEUVE SAINT-PAUL", "NOM_NOTE": "Rue neuve S.t Paul", "EXP_GEO": 1, "INTERP": 0, "NUMEROTATI": 1, "NUM_QUART": 35 }, "geometry": { "type": "Point", "coordinates": [ 653164.055234649917111, 6861668.548505963757634 ] } },
{ "type": "Feature", "properties": { "fid": 16804, "PREFIXE 1": "RUE NEUVE", "PREFIXE 2": null, "NOM_RUE": "SAINT-PAUL", "NUMERO TXT": "13", "NOM_SAISI": "RUE NEUVE SAINT-PAUL", "NOM_NOTE": "Rue neuve S.t Paul", "EXP_GEO": 1, "INTERP": 0, "NUMEROTATI": 1, "NUM_QUART": 35 }, "geometry": { "type": "Point", "coordinates": [ 653210.80413731164299, 6861634.998834578320384 ] } },
{ "type": "Feature", "properties": { "fid": 16805, "PREFIXE 1": "RUE NEUVE", "PREFIXE 2": null, "NOM_RUE": "SAINT-PAUL", "NUMERO TXT": "15", "NOM_SAISI": "RUE NEUVE SAINT-PAUL", "NOM_NOTE": "Rue neuve S.t Paul", "EXP_GEO": 1, "INTERP": 0, "NUMEROTATI": 1, "NUM_QUART": 35 }, "geometry": { "type": "Point", "coordinates": [ 653204.468325666035526, 6861639.300855172798038 ] } },
{ "type": "Feature", "properties": { "fid": 16806, "PREFIXE 1": "RUE", "PREFIXE 2": "DES", "NOM_RUE": "LIONS", "NUMERO TXT": "2", "NOM_SAISI": "RUE DES LIONS", "NOM_NOTE": "Rue des Lions", "EXP_GEO": 1, "INTERP": 0, "NUMEROTATI": 1, "NUM_QUART": 35 }, "geometry": { "type": "Point", "coordinates": [ 653253.150247642537579, 6861527.611653158441186 ] } },
{ "type": "Feature", "properties": { "fid": 16807, "PREFIXE 1": "RUE", "PREFIXE 2": "DES", "NOM_RUE": "LIONS", "NUMERO TXT": "1", "NOM_SAISI": "RUE DES LIONS", "NOM_NOTE": "Rue des Lions", "EXP_GEO": 1, "INTERP": 0, "NUMEROTATI": 1, "NUM_QUART": 35 }, "geometry": { "type": "Point", "coordinates": [ 653243.177897222805768, 6861519.35323035158217 ] } },
{ "type": "Feature", "properties": { "fid": 16808, "PREFIXE 1": "RUE", "PREFIXE 2": "DES", "NOM_RUE": "LIONS", "NUMERO TXT": "3", "NOM_SAISI": "RUE DES LIONS", "NOM_NOTE": "Rue des Lions", "EXP_GEO": 1, "INTERP": 0, "NUMEROTATI": 1, "NUM_QUART": 35 }, "geometry": { "type": "Point", "coordinates": [ 653225.410973208257928, 6861535.229996715672314 ] } },
{ "type": "Feature", "properties": { "fid": 16809, "PREFIXE 1": "RUE", "PREFIXE 2": "DES", "NOM_RUE": "LIONS", "NUMERO TXT": "4", "NOM_SAISI": "RUE DES LIONS", "NOM_NOTE": "Rue des Lions", "EXP_GEO": 1, "INTERP": 0, "NUMEROTATI": 1, "NUM_QUART": 35 }, "geometry": { "type": "Point", "coordinates": [ 653230.486209567519836, 6861544.506036319769919 ] } },
{ "type": "Feature", "properties": { "fid": 16810, "PREFIXE 1": "RUE", "PREFIXE 2": "DES", "NOM_RUE": "LIONS", "NUMERO TXT": "5", "NOM_SAISI": "RUE DES LIONS", "NOM_NOTE": "Rue des Lions", "EXP_GEO": 1, "INTERP": 0, "NUMEROTATI": 1, "NUM_QUART": 35 }, "geometry": { "type": "Point", "coordinates": [ 653216.497801405377686, 6861542.464999926276505 ] } },
{ "type": "Feature", "properties": { "fid": 16811, "PREFIXE 1": "RUE", "PREFIXE 2": "DES", "NOM_RUE": "LIONS", "NUMERO TXT": "6", "NOM_SAISI": "RUE DES LIONS", "NOM_NOTE": "Rue des Lions", "EXP_GEO": 1, "INTERP": 0, "NUMEROTATI": 1, "NUM_QUART": 35 }, "geometry": { "type": "Point", "coordinates": [ 653221.642428629449569, 6861551.875509676523507 ] } },
{ "type": "Feature", "properties": { "fid": 16812, "PREFIXE 1": "RUE", "PREFIXE 2": "DES", "NOM_RUE": "LIONS", "NUMERO TXT": "8", "NOM_SAISI": "RUE DES LIONS", "NOM_NOTE": "Rue des Lions", "EXP_GEO": 1, "INTERP": 0, "NUMEROTATI": 1, "NUM_QUART": 35 }, "geometry": { "type": "Point", "coordinates": [ 653211.872614981606603, 6861559.838824527338147 ] } },
{ "type": "Feature", "properties": { "fid": 16813, "PREFIXE 1": "RUE", "PREFIXE 2": "DES", "NOM_RUE": "LIONS", "NUMERO TXT": "7", "NOM_SAISI": "RUE DES LIONS", "NOM_NOTE": "Rue des Lions", "EXP_GEO": 1, "INTERP": 0, "NUMEROTATI": 1, "NUM_QUART": 35 }, "geometry": { "type": "Point", "coordinates": [ 653203.77368734322954, 6861552.154684915207326 ] } },
{ "type": "Feature", "properties": { "fid": 16814, "PREFIXE 1": "RUE", "PREFIXE 2": "DES", "NOM_RUE": "LIONS", "NUMERO TXT": "9", "NOM_SAISI": "RUE DES LIONS", "NOM_NOTE": "Rue des Lions", "EXP_GEO": 1, "INTERP": 0, "NUMEROTATI": 1, "NUM_QUART": 35 }, "geometry": { "type": "Point", "coordinates": [ 653191.640182693488896, 6861562.980166898109019 ] } },
{ "type": "Feature", "properties": { "fid": 16815, "PREFIXE 1": "RUE", "PREFIXE 2": "DES", "NOM_RUE": "LIONS", "NUMERO TXT": "10", "NOM_SAISI": "RUE DES LIONS", "NOM_NOTE": "Rue des Lions", "EXP_GEO": 1, "INTERP": 0, "NUMEROTATI": 1, "NUM_QUART": 35 }, "geometry": { "type": "Point", "coordinates": [ 653199.932367699220777, 6861568.55848378688097 ] } },
{ "type": "Feature", "properties": { "fid": 16816, "PREFIXE 1": "RUE", "PREFIXE 2": "DES", "NOM_RUE": "LIONS", "NUMERO TXT": "12", "NOM_SAISI": "RUE DES LIONS", "NOM_NOTE": "Rue des Lions", "EXP_GEO": 1, "INTERP": 0, "NUMEROTATI": 1, "NUM_QUART": 35 }, "geometry": { "type": "Point", "coordinates": [ 653186.257901752949692, 6861579.356486316770315 ] } },
{ "type": "Feature", "properties": { "fid": 16817, "PREFIXE 1": "RUE", "PREFIXE 2": "DES", "NOM_RUE": "LIONS", "NUMERO TXT": "16", "NOM_SAISI": "RUE DES LIONS", "NOM_NOTE": "Rue des Lions", "EXP_GEO": 1, "INTERP": 1, "NUMEROTATI": 1, "NUM_QUART": 35 }, "geometry": { "type": "Point", "coordinates": [ 653165.683929043938406, 6861595.974873899482191 ] } },
{ "type": "Feature", "properties": { "fid": 16818, "PREFIXE 1": "RUE", "PREFIXE 2": "DES", "NOM_RUE": "LIONS", "NUMERO TXT": "11", "NOM_SAISI": "RUE DES LIONS", "NOM_NOTE": "Rue des Lions", "EXP_GEO": 1, "INTERP": 0, "NUMEROTATI": 1, "NUM_QUART": 35 }, "geometry": { "type": "Point", "coordinates": [ 653163.603834319626912, 6861584.73330903891474 ] } },
{ "type": "Feature", "properties": { "fid": 16819, "PREFIXE 1": "RUE", "PREFIXE 2": "DES", "NOM_RUE": "LIONS", "NUMERO TXT": "13", "NOM_SAISI": "RUE DES LIONS", "NOM_NOTE": "Rue des Lions", "EXP_GEO": 1, "INTERP": 0, "NUMEROTATI": 1, "NUM_QUART": 35 }, "geometry": { "type": "Point", "coordinates": [ 653130.059572228230536, 6861609.730068244971335 ] } },
{ "type": "Feature", "properties": { "fid": 16820, "PREFIXE 1": "RUE", "PREFIXE 2": "DES", "NOM_RUE": "LIONS", "NUMERO TXT": "18", "NOM_SAISI": "RUE DES LIONS", "NOM_NOTE": "Rue des Lions", "EXP_GEO": 1, "INTERP": 0, "NUMEROTATI": 1, "NUM_QUART": 35 }, "geometry": { "type": "Point", "coordinates": [ 653145.339930022018962, 6861611.387612420134246 ] } },
{ "type": "Feature", "properties": { "fid": 16821, "PREFIXE 1": "RUE", "PREFIXE 2": null, "NOM_RUE": "GIRARD-BEAUGUET", "NUMERO TXT": "1", "NOM_SAISI": "RUE GIRARD-BEAUGUET", "NOM_NOTE": "Rue Girard-Beauguet", "EXP_GEO": 1, "INTERP": 0, "NUMEROTATI": 1, "NUM_QUART": 35 }, "geometry": { "type": "Point", "coordinates": [ 653236.716279461281374, 6861544.406244851648808 ] } },
{ "type": "Feature", "properties": { "fid": 16822, "PREFIXE 1": "RUE", "PREFIXE 2": null, "NOM_RUE": "GIRARD-BEAUGUET", "NUMERO TXT": "3", "NOM_SAISI": "RUE GIRARD-BEAUGUET", "NOM_NOTE": "Rue Girard-Beauguet", "EXP_GEO": 1, "INTERP": 0, "NUMEROTATI": 1, "NUM_QUART": 35 }, "geometry": { "type": "Point", "coordinates": [ 653244.220634377328679, 6861553.97407715395093 ] } },
{ "type": "Feature", "properties": { "fid": 16823, "PREFIXE 1": "RUE", "PREFIXE 2": null, "NOM_RUE": "GIRARD-BEAUGUET", "NUMERO TXT": "2", "NOM_SAISI": "RUE GIRARD-BEAUGUET", "NOM_NOTE": "Rue Girard-Beauguet", "EXP_GEO": 1, "INTERP": 0, "NUMEROTATI": 1, "NUM_QUART": 35 }, "geometry": { "type": "Point", "coordinates": [ 653248.878864718484692, 6861543.690653960220516 ] } },
{ "type": "Feature", "properties": { "fid": 16824, "PREFIXE 1": "RUE", "PREFIXE 2": null, "NOM_RUE": "GIRARD-BEAUGUET", "NUMERO TXT": "4", "NOM_SAISI": "RUE GIRARD-BEAUGUET", "NOM_NOTE": "Rue Girard-Beauguet", "EXP_GEO": 1, "INTERP": 0, "NUMEROTATI": 1, "NUM_QUART": 35 }, "geometry": { "type": "Point", "coordinates": [ 653267.178785174153745, 6861565.493404597043991 ] } },
{ "type": "Feature", "properties": { "fid": 16825, "PREFIXE 1": "RUE", "PREFIXE 2": null, "NOM_RUE": "GIRARD-BEAUGUET", "NUMERO TXT": "5", "NOM_SAISI": "RUE GIRARD-BEAUGUET", "NOM_NOTE": "Rue Girard-Beauguet", "EXP_GEO": 1, "INTERP": 0, "NUMEROTATI": 1, "NUM_QUART": 35 }, "geometry": { "type": "Point", "coordinates": [ 653252.867153503466398, 6861564.111445400863886 ] } },
{ "type": "Feature", "properties": { "fid": 16826, "PREFIXE 1": "RUE", "PREFIXE 2": null, "NOM_RUE": "GIRARD-BEAUGUET", "NUMERO TXT": "7", "NOM_SAISI": "RUE GIRARD-BEAUGUET", "NOM_NOTE": "Rue Girard-Beauguet", "EXP_GEO": 1, "INTERP": 0, "NUMEROTATI": 1, "NUM_QUART": 35 }, "geometry": { "type": "Point", "coordinates": [ 653264.488419470493682, 6861577.307498623616993 ] } },
{ "type": "Feature", "properties": { "fid": 16827, "PREFIXE 1": "RUE", "PREFIXE 2": "DE", "NOM_RUE": "BEAUTREILLIS", "NUMERO TXT": "2", "NOM_SAISI": "RUE DE BEAUTREILLIS", "NOM_NOTE": "Rue de Beautreillis", "EXP_GEO": 1, "INTERP": 0, "NUMEROTATI": 1, "NUM_QUART": 35 }, "geometry": { "type": "Point", "coordinates": [ 653295.666121419053525, 6861601.362815026193857 ] } },
{ "type": "Feature", "properties": { "fid": 16828, "PREFIXE 1": "RUE", "PREFIXE 2": "DE", "NOM_RUE": "BEAUTREILLIS", "NUMERO TXT": "1", "NOM_SAISI": "RUE DE BEAUTREILLIS", "NOM_NOTE": "Rue de Beautreillis", "EXP_GEO": 1, "INTERP": 0, "NUMEROTATI": 1, "NUM_QUART": 35 }, "geometry": { "type": "Point", "coordinates": [ 653286.954950261628255, 6861607.158539448864758 ] } },
{ "type": "Feature", "properties": { "fid": 16829, "PREFIXE 1": "RUE", "PREFIXE 2": "DE", "NOM_RUE": "BEAUTREILLIS", "NUMERO TXT": "4", "NOM_SAISI": "RUE DE BEAUTREILLIS", "NOM_NOTE": "Rue de Beautreillis", "EXP_GEO": 1, "INTERP": 0, "NUMEROTATI": 1, "NUM_QUART": 35 }, "geometry": { "type": "Point", "coordinates": [ 653308.646626781206578, 6861619.19624862447381 ] } },
{ "type": "Feature", "properties": { "fid": 16830, "PREFIXE 1": "RUE", "PREFIXE 2": "DE", "NOM_RUE": "BEAUTREILLIS", "NUMERO TXT": "3", "NOM_SAISI": "RUE DE BEAUTREILLIS", "NOM_NOTE": "Rue de Beautreillis", "EXP_GEO": 1, "INTERP": 0, "NUMEROTATI": 1, "NUM_QUART": 35 }, "geometry": { "type": "Point", "coordinates": [ 653299.731684501399286, 6861624.93332651630044 ] } },
{ "type": "Feature", "properties": { "fid": 16831, "PREFIXE 1": "RUE", "PREFIXE 2": "DE", "NOM_RUE": "BEAUTREILLIS", "NUMERO TXT": "5", "NOM_SAISI": "RUE DE BEAUTREILLIS", "NOM_NOTE": "Rue de Beautreillis", "EXP_GEO": 1, "INTERP": 0, "NUMEROTATI": 1, "NUM_QUART": 35 }, "geometry": { "type": "Point", "coordinates": [ 653309.623637681012042, 6861638.289138474501669 ] } },
{ "type": "Feature", "properties": { "fid": 16832, "PREFIXE 1": "RUE", "PREFIXE 2": "DE", "NOM_RUE": "BEAUTREILLIS", "NUMERO TXT": "6", "NOM_SAISI": "RUE DE BEAUTREILLIS", "NOM_NOTE": "Rue de Beautreillis", "EXP_GEO": 1, "INTERP": 0, "NUMEROTATI": 1, "NUM_QUART": 35 }, "geometry": { "type": "Point", "coordinates": [ 653323.821473011979833, 6861638.611361395567656 ] } },
{ "type": "Feature", "properties": { "fid": 16833, "PREFIXE 1": "RUE", "PREFIXE 2": "DE", "NOM_RUE": "BEAUTREILLIS", "NUMERO TXT": "8", "NOM_SAISI": "RUE DE BEAUTREILLIS", "NOM_NOTE": "Rue de Beautreillis", "EXP_GEO": 1, "INTERP": 0, "NUMEROTATI": 1, "NUM_QUART": 35 }, "geometry": { "type": "Point", "coordinates": [ 653330.608863910660148, 6861648.83289741165936 ] } },
{ "type": "Feature", "properties": { "fid": 16834, "PREFIXE 1": "RUE", "PREFIXE 2": "DE", "NOM_RUE": "BEAUTREILLIS", "NUMERO TXT": "10", "NOM_SAISI": "RUE DE BEAUTREILLIS", "NOM_NOTE": "Rue de Beautreillis", "EXP_GEO": 1, "INTERP": 0, "NUMEROTATI": 1, "NUM_QUART": 35 }, "geometry": { "type": "Point", "coordinates": [ 653335.550162971019745, 6861652.295861271210015 ] } },
{ "type": "Feature", "properties": { "fid": 16835, "PREFIXE 1": "RUE", "PREFIXE 2": "DE", "NOM_RUE": "BEAUTREILLIS", "NUMERO TXT": "12", "NOM_SAISI": "RUE DE BEAUTREILLIS", "NOM_NOTE": "Rue de Beautreillis", "EXP_GEO": 1, "INTERP": 0, "NUMEROTATI": 1, "NUM_QUART": 35 }, "geometry": { "type": "Point", "coordinates": [ 653339.830018961452879, 6861660.797914115712047 ] } },
{ "type": "Feature", "properties": { "fid": 16836, "PREFIXE 1": "RUE", "PREFIXE 2": "DE", "NOM_RUE": "BEAUTREILLIS", "NUMERO TXT": "9", "NOM_SAISI": "RUE DE BEAUTREILLIS", "NOM_NOTE": "Rue de Beautreillis", "EXP_GEO": 1, "INTERP": 0, "NUMEROTATI": 1, "NUM_QUART": 35 }, "geometry": { "type": "Point", "coordinates": [ 653328.513004330452532, 6861663.006720528937876 ] } },
{ "type": "Feature", "properties": { "fid": 16837, "PREFIXE 1": "RUE", "PREFIXE 2": "DE", "NOM_RUE": "BEAUTREILLIS", "NUMERO TXT": "7", "NOM_SAISI": "RUE DE BEAUTREILLIS", "NOM_NOTE": "Rue de Beautreillis", "EXP_GEO": 1, "INTERP": 0, "NUMEROTATI": 1, "NUM_QUART": 35 }, "geometry": { "type": "Point", "coordinates": [ 653319.839646061533131, 6861651.126976016908884 ] } },
{ "type": "Feature", "properties": { "fid": 16838, "PREFIXE 1": "RUE", "PREFIXE 2": "DE", "NOM_RUE": "BEAUTREILLIS", "NUMERO TXT": "11", "NOM_SAISI": "RUE DE BEAUTREILLIS", "NOM_NOTE": "Rue de Beautreillis", "EXP_GEO": 1, "INTERP": 0, "NUMEROTATI": 1, "NUM_QUART": 35 }, "geometry": { "type": "Point", "coordinates": [ 653334.239374119206332, 6861670.859267078340054 ] } },
{ "type": "Feature", "properties": { "fid": 16839, "PREFIXE 1": "RUE", "PREFIXE 2": "DE", "NOM_RUE": "BEAUTREILLIS", "NUMERO TXT": "15", "NOM_SAISI": "RUE DE BEAUTREILLIS", "NOM_NOTE": "Rue de Beautreillis", "EXP_GEO": 1, "INTERP": 1, "NUMEROTATI": 1, "NUM_QUART": 35 }, "geometry": { "type": "Point", "coordinates": [ 653343.091002848232165, 6861682.690629693679512 ] } },
{ "type": "Feature", "properties": { "fid": 16840, "PREFIXE 1": "RUE", "PREFIXE 2": "DE", "NOM_RUE": "BEAUTREILLIS", "NUMERO TXT": "14", "NOM_SAISI": "RUE DE BEAUTREILLIS", "NOM_NOTE": "Rue de Beautreillis", "EXP_GEO": 1, "INTERP": 0, "NUMEROTATI": 1, "NUM_QUART": 35 }, "geometry": { "type": "Point", "coordinates": [ 653352.05214959254954, 6861675.764089388772845 ] } },
{ "type": "Feature", "properties": { "fid": 16841, "PREFIXE 1": "RUE", "PREFIXE 2": "DE", "NOM_RUE": "BEAUTREILLIS", "NUMERO TXT": "16", "NOM_SAISI": "RUE DE BEAUTREILLIS", "NOM_NOTE": "Rue de Beautreillis", "EXP_GEO": 1, "INTERP": 0, "NUMEROTATI": 1, "NUM_QUART": 35 }, "geometry": { "type": "Point", "coordinates": [ 653366.114979183417745, 6861691.237342139706016 ] } },
{ "type": "Feature", "properties": { "fid": 16842, "PREFIXE 1": "RUE", "PREFIXE 2": "DE", "NOM_RUE": "BEAUTREILLIS", "NUMERO TXT": "18", "NOM_SAISI": "RUE DE BEAUTREILLIS", "NOM_NOTE": "Rue de Beautreillis", "EXP_GEO": 1, "INTERP": 0, "NUMEROTATI": 1, "NUM_QUART": 35 }, "geometry": { "type": "Point", "coordinates": [ 653371.601628461503424, 6861703.093351228162646 ] } },
{ "type": "Feature", "properties": { "fid": 16843, "PREFIXE 1": "RUE", "PREFIXE 2": "DE", "NOM_RUE": "BEAUTREILLIS", "NUMERO TXT": "17", "NOM_SAISI": "RUE DE BEAUTREILLIS", "NOM_NOTE": "Rue de Beautreillis", "EXP_GEO": 1, "INTERP": 0, "NUMEROTATI": 1, "NUM_QUART": 35 }, "geometry": { "type": "Point", "coordinates": [ 653359.809986232081428, 6861704.498873821459711 ] } },
{ "type": "Feature", "properties": { "fid": 16844, "PREFIXE 1": "RUE", "PREFIXE 2": "DE", "NOM_RUE": "BEAUTREILLIS", "NUMERO TXT": "19", "NOM_SAISI": "RUE DE BEAUTREILLIS", "NOM_NOTE": "Rue de Beautreillis", "EXP_GEO": 1, "INTERP": 0, "NUMEROTATI": 1, "NUM_QUART": 35 }, "geometry": { "type": "Point", "coordinates": [ 653365.897731932811439, 6861710.645611366257071 ] } },
{ "type": "Feature", "properties": { "fid": 16845, "PREFIXE 1": "RUE", "PREFIXE 2": "DE", "NOM_RUE": "BEAUTREILLIS", "NUMERO TXT": "21", "NOM_SAISI": "RUE DE BEAUTREILLIS", "NOM_NOTE": "Rue de Beautreillis", "EXP_GEO": 1, "INTERP": 0, "NUMEROTATI": 1, "NUM_QUART": 35 }, "geometry": { "type": "Point", "coordinates": [ 653371.259505247347988, 6861716.658665701746941 ] } },
{ "type": "Feature", "properties": { "fid": 16846, "PREFIXE 1": "RUE", "PREFIXE 2": "DE", "NOM_RUE": "BEAUTREILLIS", "NUMERO TXT": "20", "NOM_SAISI": "RUE DE BEAUTREILLIS", "NOM_NOTE": "Rue de Beautreillis", "EXP_GEO": 1, "INTERP": 0, "NUMEROTATI": 1, "NUM_QUART": 35 }, "geometry": { "type": "Point", "coordinates": [ 653379.845601919107139, 6861713.469109513796866 ] } },
{ "type": "Feature", "properties": { "fid": 16847, "PREFIXE 1": "RUE", "PREFIXE 2": null, "NOM_RUE": "SAINT-PAUL", "NUMERO TXT": "2", "NOM_SAISI": "RUE SAINT-PAUL", "NOM_NOTE": "Rue saint Paul", "EXP_GEO": 1, "INTERP": 0, "NUMEROTATI": 1, "NUM_QUART": 35 }, "geometry": { "type": "Point", "coordinates": [ 653102.436387693043798, 6861593.011041034944355 ] } },
{ "type": "Feature", "properties": { "fid": 16848, "PREFIXE 1": "RUE", "PREFIXE 2": null, "NOM_RUE": "SAINT-PAUL", "NUMERO TXT": "5", "NOM_SAISI": "RUE SAINT-PAUL", "NOM_NOTE": "Rue saint Paul", "EXP_GEO": 1, "INTERP": 0, "NUMEROTATI": 1, "NUM_QUART": 35 }, "geometry": { "type": "Point", "coordinates": [ 653091.849713862407953, 6861601.907431953586638 ] } },
{ "type": "Feature", "properties": { "fid": 16849, "PREFIXE 1": "RUE", "PREFIXE 2": null, "NOM_RUE": "SAINT-PAUL", "NUMERO TXT": "3", "NOM_SAISI": "RUE SAINT-PAUL", "NOM_NOTE": "Rue saint Paul", "EXP_GEO": 1, "INTERP": 0, "NUMEROTATI": 1, "NUM_QUART": 35 }, "geometry": { "type": "Point", "coordinates": [ 653068.27891321037896, 6861583.545501287095249 ] } },
{ "type": "Feature", "properties": { "fid": 16850, "PREFIXE 1": "RUE", "PREFIXE 2": null, "NOM_RUE": "SAINT-PAUL", "NUMERO TXT": "6", "NOM_SAISI": "RUE SAINT-PAUL", "NOM_NOTE": "Rue saint Paul", "EXP_GEO": 1, "INTERP": 1, "NUMEROTATI": 1, "NUM_QUART": 35 }, "geometry": { "type": "Point", "coordinates": [ 653117.278910159482621, 6861610.43995398376137 ] } },
{ "type": "Feature", "properties": { "fid": 16851, "PREFIXE 1": "RUE", "PREFIXE 2": null, "NOM_RUE": "SAINT-PAUL", "NUMERO TXT": "7", "NOM_SAISI": "RUE SAINT-PAUL", "NOM_NOTE": "Rue saint Paul", "EXP_GEO": 1, "INTERP": 0, "NUMEROTATI": 1, "NUM_QUART": 35 }, "geometry": { "type": "Point", "coordinates": [ 653107.15103251603432, 6861618.687858841381967 ] } },
{ "type": "Feature", "properties": { "fid": 16852, "PREFIXE 1": "RUE", "PREFIXE 2": null, "NOM_RUE": "SAINT-PAUL", "NUMERO TXT": "9", "NOM_SAISI": "RUE SAINT-PAUL", "NOM_NOTE": "Rue saint Paul", "EXP_GEO": 1, "INTERP": 0, "NUMEROTATI": 1, "NUM_QUART": 35 }, "geometry": { "type": "Point", "coordinates": [ 653119.199060190236196, 6861633.623085837811232 ] } },
{ "type": "Feature", "properties": { "fid": 16853, "PREFIXE 1": "RUE", "PREFIXE 2": null, "NOM_RUE": "SAINT-PAUL", "NUMERO TXT": "8", "NOM_SAISI": "RUE SAINT-PAUL", "NOM_NOTE": "Rue saint Paul", "EXP_GEO": 1, "INTERP": 0, "NUMEROTATI": 1, "NUM_QUART": 35 }, "geometry": { "type": "Point", "coordinates": [ 653134.473879580502398, 6861632.634589589200914 ] } },
{ "type": "Feature", "properties": { "fid": 16854, "PREFIXE 1": "RUE", "PREFIXE 2": null, "NOM_RUE": "SAINT-PAUL", "NUMERO TXT": "11", "NOM_SAISI": "RUE SAINT-PAUL", "NOM_NOTE": "Rue saint Paul", "EXP_GEO": 1, "INTERP": 0, "NUMEROTATI": 1, "NUM_QUART": 35 }, "geometry": { "type": "Point", "coordinates": [ 653126.516772581613623, 6861643.949066492728889 ] } },
{ "type": "Feature", "properties": { "fid": 16855, "PREFIXE 1": "RUE", "PREFIXE 2": null, "NOM_RUE": "SAINT-PAUL", "NUMERO TXT": "13", "NOM_SAISI": "RUE SAINT-PAUL", "NOM_NOTE": "Rue saint Paul", "EXP_GEO": 1, "INTERP": 0, "NUMEROTATI": 1, "NUM_QUART": 35 }, "geometry": { "type": "Point", "coordinates": [ 653130.682942849583924, 6861649.972134968265891 ] } },
{ "type": "Feature", "properties": { "fid": 16856, "PREFIXE 1": "RUE", "PREFIXE 2": null, "NOM_RUE": "SAINT-PAUL", "NUMERO TXT": "15", "NOM_SAISI": "RUE SAINT-PAUL", "NOM_NOTE": "Rue saint Paul", "EXP_GEO": 1, "INTERP": 0, "NUMEROTATI": 1, "NUM_QUART": 35 }, "geometry": { "type": "Point", "coordinates": [ 653135.176124981488101, 6861657.014833448454738 ] } },
{ "type": "Feature", "properties": { "fid": 16857, "PREFIXE 1": "RUE", "PREFIXE 2": null, "NOM_RUE": "SAINT-PAUL", "NUMERO TXT": "10", "NOM_SAISI": "RUE SAINT-PAUL", "NOM_NOTE": "Rue saint Paul", "EXP_GEO": 1, "INTERP": 0, "NUMEROTATI": 1, "NUM_QUART": 35 }, "geometry": { "type": "Point", "coordinates": [ 653143.396783791016787, 6861645.047159923240542 ] } },
{ "type": "Feature", "properties": { "fid": 16858, "PREFIXE 1": "RUE", "PREFIXE 2": null, "NOM_RUE": "SAINT-PAUL", "NUMERO TXT": "12", "NOM_SAISI": "RUE SAINT-PAUL", "NOM_NOTE": "Rue saint Paul", "EXP_GEO": 1, "INTERP": 0, "NUMEROTATI": 1, "NUM_QUART": 35 }, "geometry": { "type": "Point", "coordinates": [ 653148.321114209946245, 6861651.997730537317693 ] } },
{ "type": "Feature", "properties": { "fid": 16859, "PREFIXE 1": "RUE", "PREFIXE 2": null, "NOM_RUE": "SAINT-PAUL", "NUMERO TXT": "14", "NOM_SAISI": "RUE SAINT-PAUL", "NOM_NOTE": "Rue saint Paul", "EXP_GEO": 1, "INTERP": 0, "NUMEROTATI": 1, "NUM_QUART": 35 }, "geometry": { "type": "Point", "coordinates": [ 653151.07284875982441, 6861656.130163181573153 ] } },
{ "type": "Feature", "properties": { "fid": 16860, "PREFIXE 1": "RUE", "PREFIXE 2": null, "NOM_RUE": "SAINT-PAUL", "NUMERO TXT": "16", "NOM_SAISI": "RUE SAINT-PAUL", "NOM_NOTE": "Rue saint Paul", "EXP_GEO": 1, "INTERP": 0, "NUMEROTATI": 1, "NUM_QUART": 35 }, "geometry": { "type": "Point", "coordinates": [ 653154.42103019845672, 6861660.986911104992032 ] } },
{ "type": "Feature", "properties": { "fid": 16861, "PREFIXE 1": "RUE", "PREFIXE 2": null, "NOM_RUE": "SAINT-PAUL", "NUMERO TXT": "18", "NOM_SAISI": "RUE SAINT-PAUL", "NOM_NOTE": "Rue saint Paul", "EXP_GEO": 1, "INTERP": 0, "NUMEROTATI": 1, "NUM_QUART": 35 }, "geometry": { "type": "Point", "coordinates": [ 653158.551826629322022, 6861667.066410242579877 ] } },
{ "type": "Feature", "properties": { "fid": 16862, "PREFIXE 1": "RUE", "PREFIXE 2": null, "NOM_RUE": "SAINT-PAUL", "NUMERO TXT": "17", "NOM_SAISI": "RUE SAINT-PAUL", "NOM_NOTE": "Rue saint Paul", "EXP_GEO": 1, "INTERP": 0, "NUMEROTATI": 1, "NUM_QUART": 35 }, "geometry": { "type": "Point", "coordinates": [ 653140.559035651618615, 6861664.278156855143607 ] } },
{ "type": "Feature", "properties": { "fid": 16863, "PREFIXE 1": "RUE", "PREFIXE 2": null, "NOM_RUE": "SAINT-PAUL", "NUMERO TXT": "19", "NOM_SAISI": "RUE SAINT-PAUL", "NOM_NOTE": "Rue saint Paul", "EXP_GEO": 1, "INTERP": 0, "NUMEROTATI": 1, "NUM_QUART": 35 }, "geometry": { "type": "Point", "coordinates": [ 653144.942406837712042, 6861670.925959780812263 ] } },
{ "type": "Feature", "properties": { "fid": 16864, "PREFIXE 1": "RUE", "PREFIXE 2": null, "NOM_RUE": "SAINT-PAUL", "NUMERO TXT": "21", "NOM_SAISI": "RUE SAINT-PAUL", "NOM_NOTE": "Rue saint Paul", "EXP_GEO": 1, "INTERP": 0, "NUMEROTATI": 1, "NUM_QUART": 35 }, "geometry": { "type": "Point", "coordinates": [ 653151.651743755559437, 6861675.677165470086038 ] } },
{ "type": "Feature", "properties": { "fid": 16865, "PREFIXE 1": "RUE", "PREFIXE 2": null, "NOM_RUE": "SAINT-PAUL", "NUMERO TXT": "23", "NOM_SAISI": "RUE SAINT-PAUL", "NOM_NOTE": "Rue saint Paul", "EXP_GEO": 1, "INTERP": 0, "NUMEROTATI": 1, "NUM_QUART": 35 }, "geometry": { "type": "Point", "coordinates": [ 653156.601172102964483, 6861681.452916213311255 ] } },
{ "type": "Feature", "properties": { "fid": 16866, "PREFIXE 1": "RUE", "PREFIXE 2": null, "NOM_RUE": "SAINT-PAUL", "NUMERO TXT": "25", "NOM_SAISI": "RUE SAINT-PAUL", "NOM_NOTE": "Rue saint Paul", "EXP_GEO": 1, "INTERP": 0, "NUMEROTATI": 1, "NUM_QUART": 35 }, "geometry": { "type": "Point", "coordinates": [ 653159.632796595804393, 6861685.665708641521633 ] } },
{ "type": "Feature", "properties": { "fid": 16867, "PREFIXE 1": "RUE", "PREFIXE 2": null, "NOM_RUE": "SAINT-PAUL", "NUMERO TXT": "20", "NOM_SAISI": "RUE SAINT-PAUL", "NOM_NOTE": "Rue saint Paul", "EXP_GEO": 1, "INTERP": 0, "NUMEROTATI": 1, "NUM_QUART": 35 }, "geometry": { "type": "Point", "coordinates": [ 653173.41041896562092, 6861682.620263881981373 ] } },
{ "type": "Feature", "properties": { "fid": 16868, "PREFIXE 1": "RUE", "PREFIXE 2": null, "NOM_RUE": "SAINT-PAUL", "NUMERO TXT": "27", "NOM_SAISI": "RUE SAINT-PAUL", "NOM_NOTE": "Rue saint Paul", "EXP_GEO": 1, "INTERP": 0, "NUMEROTATI": 1, "NUM_QUART": 35 }, "geometry": { "type": "Point", "coordinates": [ 653163.367599681951106, 6861692.279753759503365 ] } },
{ "type": "Feature", "properties": { "fid": 16869, "PREFIXE 1": "RUE", "PREFIXE 2": null, "NOM_RUE": "SAINT-PAUL", "NUMERO TXT": "22", "NOM_SAISI": "RUE SAINT-PAUL", "NOM_NOTE": "Rue saint Paul", "EXP_GEO": 1, "INTERP": 0, "NUMEROTATI": 1, "NUM_QUART": 35 }, "geometry": { "type": "Point", "coordinates": [ 653180.379923647153191, 6861695.164544077590108 ] } },
{ "type": "Feature", "properties": { "fid": 16870, "PREFIXE 1": "RUE", "PREFIXE 2": null, "NOM_RUE": "SAINT-PAUL", "NUMERO TXT": "29", "NOM_SAISI": "RUE SAINT-PAUL", "NOM_NOTE": "Rue saint Paul", "EXP_GEO": 1, "INTERP": 0, "NUMEROTATI": 1, "NUM_QUART": 35 }, "geometry": { "type": "Point", "coordinates": [ 653170.657894163276069, 6861704.908193022944033 ] } },
{ "type": "Feature", "properties": { "fid": 16871, "PREFIXE 1": "RUE", "PREFIXE 2": null, "NOM_RUE": "SAINT-PAUL", "NUMERO TXT": "24", "NOM_SAISI": "RUE SAINT-PAUL", "NOM_NOTE": "Rue saint Paul", "EXP_GEO": 1, "INTERP": 0, "NUMEROTATI": 1, "NUM_QUART": 35 }, "geometry": { "type": "Point", "coordinates": [ 653185.643442267552018, 6861704.167376047000289 ] } },
{ "type": "Feature", "properties": { "fid": 16872, "PREFIXE 1": "RUE", "PREFIXE 2": null, "NOM_RUE": "SAINT-PAUL", "NUMERO TXT": "26", "NOM_SAISI": "RUE SAINT-PAUL", "NOM_NOTE": "Rue saint Paul", "EXP_GEO": 1, "INTERP": 0, "NUMEROTATI": 1, "NUM_QUART": 35 }, "geometry": { "type": "Point", "coordinates": [ 653189.333958394476213, 6861709.862569035030901 ] } },
{ "type": "Feature", "properties": { "fid": 16873, "PREFIXE 1": "RUE", "PREFIXE 2": null, "NOM_RUE": "SAINT-PAUL", "NUMERO TXT": "31", "NOM_SAISI": "RUE SAINT-PAUL", "NOM_NOTE": "Rue saint Paul", "EXP_GEO": 1, "INTERP": 0, "NUMEROTATI": 1, "NUM_QUART": 35 }, "geometry": { "type": "Point", "coordinates": [ 653179.289708794793114, 6861718.921826279722154 ] } },
{ "type": "Feature", "properties": { "fid": 16874, "PREFIXE 1": "RUE", "PREFIXE 2": null, "NOM_RUE": "SAINT-PAUL", "NUMERO TXT": "28", "NOM_SAISI": "RUE SAINT-PAUL", "NOM_NOTE": "Rue saint Paul", "EXP_GEO": 1, "INTERP": 0, "NUMEROTATI": 1, "NUM_QUART": 35 }, "geometry": { "type": "Point", "coordinates": [ 653192.488168752170168, 6861716.236790995113552 ] } },
{ "type": "Feature", "properties": { "fid": 16875, "PREFIXE 1": "RUE", "PREFIXE 2": null, "NOM_RUE": "SAINT-PAUL", "NUMERO TXT": "30", "NOM_SAISI": "RUE SAINT-PAUL", "NOM_NOTE": "Rue saint Paul", "EXP_GEO": 1, "INTERP": 0, "NUMEROTATI": 1, "NUM_QUART": 35 }, "geometry": { "type": "Point", "coordinates": [ 653200.253636939218268, 6861724.306416665203869 ] } },
{ "type": "Feature", "properties": { "fid": 16876, "PREFIXE 1": "RUE", "PREFIXE 2": null, "NOM_RUE": "SAINT-PAUL", "NUMERO TXT": "33", "NOM_SAISI": "RUE SAINT-PAUL", "NOM_NOTE": "Rue saint Paul", "EXP_GEO": 1, "INTERP": 0, "NUMEROTATI": 1, "NUM_QUART": 35 }, "geometry": { "type": "Point", "coordinates": [ 653183.177694617770612, 6861730.269987060688436 ] } },
{ "type": "Feature", "properties": { "fid": 16877, "PREFIXE 1": "RUE", "PREFIXE 2": null, "NOM_RUE": "SAINT-PAUL", "NUMERO TXT": "37", "NOM_SAISI": "RUE SAINT-PAUL", "NOM_NOTE": "Rue saint Paul", "EXP_GEO": 1, "INTERP": 0, "NUMEROTATI": 1, "NUM_QUART": 35 }, "geometry": { "type": "Point", "coordinates": [ 653190.247846301179379, 6861745.075630170293152 ] } },
{ "type": "Feature", "properties": { "fid": 16878, "PREFIXE 1": "RUE", "PREFIXE 2": null, "NOM_RUE": "SAINT-PAUL", "NUMERO TXT": "35", "NOM_SAISI": "RUE SAINT-PAUL", "NOM_NOTE": "Rue saint Paul", "EXP_GEO": 1, "INTERP": 0, "NUMEROTATI": 1, "NUM_QUART": 35 }, "geometry": { "type": "Point", "coordinates": [ 653186.62320905784145, 6861737.946838020347059 ] } },
{ "type": "Feature", "properties": { "fid": 16879, "PREFIXE 1": "RUE", "PREFIXE 2": null, "NOM_RUE": "SAINT-PAUL", "NUMERO TXT": "32", "NOM_SAISI": "RUE SAINT-PAUL", "NOM_NOTE": "Rue saint Paul", "EXP_GEO": 1, "INTERP": 0, "NUMEROTATI": 1, "NUM_QUART": 35 }, "geometry": { "type": "Point", "coordinates": [ 653206.039259007549845, 6861737.82988175470382 ] } },
{ "type": "Feature", "properties": { "fid": 16880, "PREFIXE 1": "RUE", "PREFIXE 2": null, "NOM_RUE": "SAINT-PAUL", "NUMERO TXT": "39", "NOM_SAISI": "RUE SAINT-PAUL", "NOM_NOTE": "Rue saint Paul", "EXP_GEO": 1, "INTERP": 0, "NUMEROTATI": 1, "NUM_QUART": 35 }, "geometry": { "type": "Point", "coordinates": [ 653194.802860075491481, 6861753.401090908795595 ] } },
{ "type": "Feature", "properties": { "fid": 16881, "PREFIXE 1": "RUE", "PREFIXE 2": null, "NOM_RUE": "SAINT-PAUL", "NUMERO TXT": "34", "NOM_SAISI": "RUE SAINT-PAUL", "NOM_NOTE": "Rue saint Paul", "EXP_GEO": 1, "INTERP": 0, "NUMEROTATI": 1, "NUM_QUART": 35 }, "geometry": { "type": "Point", "coordinates": [ 653207.550268862396479, 6861745.978632766753435 ] } },
{ "type": "Feature", "properties": { "fid": 16882, "PREFIXE 1": "RUE", "PREFIXE 2": null, "NOM_RUE": "SAINT-PAUL", "NUMERO TXT": "38", "NOM_SAISI": "RUE SAINT-PAUL", "NOM_NOTE": "Rue saint Paul", "EXP_GEO": 1, "INTERP": 1, "NUMEROTATI": 1, "NUM_QUART": 35 }, "geometry": { "type": "Point", "coordinates": [ 653213.216849605785683, 6861757.95743581559509 ] } },
{ "type": "Feature", "properties": { "fid": 16883, "PREFIXE 1": "RUE", "PREFIXE 2": null, "NOM_RUE": "SAINT-PAUL", "NUMERO TXT": "41", "NOM_SAISI": "RUE SAINT-PAUL", "NOM_NOTE": "Rue saint Paul", "EXP_GEO": 1, "INTERP": 0, "NUMEROTATI": 1, "NUM_QUART": 35 }, "geometry": { "type": "Point", "coordinates": [ 653198.478452271781862, 6861759.427800234407187 ] } },
{ "type": "Feature", "properties": { "fid": 16884, "PREFIXE 1": "RUE", "PREFIXE 2": null, "NOM_RUE": "SAINT-PAUL", "NUMERO TXT": "43-45", "NOM_SAISI": "RUE SAINT-PAUL", "NOM_NOTE": "Rue saint Paul", "EXP_GEO": 0, "INTERP": 0, "NUMEROTATI": 1, "NUM_QUART": 35 }, "geometry": { "type": "Point", "coordinates": [ 653205.98739783349447, 6861771.12478725425899 ] } },
{ "type": "Feature", "properties": { "fid": 16885, "PREFIXE 1": "RUE", "PREFIXE 2": null, "NOM_RUE": "SAINT-PAUL", "NUMERO TXT": "47", "NOM_SAISI": "RUE SAINT-PAUL", "NOM_NOTE": "Rue saint Paul", "EXP_GEO": 1, "INTERP": 0, "NUMEROTATI": 1, "NUM_QUART": 35 }, "geometry": { "type": "Point", "coordinates": [ 653210.61532780318521, 6861778.290306711569428 ] } },
{ "type": "Feature", "properties": { "fid": 16886, "PREFIXE 1": "RUE", "PREFIXE 2": null, "NOM_RUE": "SAINT-PAUL", "NUMERO TXT": "40", "NOM_SAISI": "RUE SAINT-PAUL", "NOM_NOTE": "Rue saint Paul", "EXP_GEO": 1, "INTERP": 0, "NUMEROTATI": 1, "NUM_QUART": 35 }, "geometry": { "type": "Point", "coordinates": [ 653219.102057468960993, 6861768.281756879761815 ] } },
{ "type": "Feature", "properties": { "fid": 16887, "PREFIXE 1": "RUE", "PREFIXE 2": null, "NOM_RUE": "SAINT-PAUL", "NUMERO TXT": "42", "NOM_SAISI": "RUE SAINT-PAUL", "NOM_NOTE": "Rue saint Paul", "EXP_GEO": 1, "INTERP": 0, "NUMEROTATI": 1, "NUM_QUART": 35 }, "geometry": { "type": "Point", "coordinates": [ 653227.727025353466161, 6861778.382425691001117 ] } },
{ "type": "Feature", "properties": { "fid": 16888, "PREFIXE 1": "RUE", "PREFIXE 2": null, "NOM_RUE": "SAINT-PAUL", "NUMERO TXT": "51", "NOM_SAISI": "RUE SAINT-PAUL", "NOM_NOTE": "Rue saint Paul", "EXP_GEO": 1, "INTERP": 0, "NUMEROTATI": 1, "NUM_QUART": 35 }, "geometry": { "type": "Point", "coordinates": [ 653216.469458400271833, 6861786.981087863445282 ] } },
{ "type": "Feature", "properties": { "fid": 16889, "PREFIXE 1": "RUE", "PREFIXE 2": null, "NOM_RUE": "SAINT-PAUL", "NUMERO TXT": "49", "NOM_SAISI": "RUE SAINT-PAUL", "NOM_NOTE": "Rue saint Paul", "EXP_GEO": 1, "INTERP": 0, "NUMEROTATI": 1, "NUM_QUART": 35 }, "geometry": { "type": "Point", "coordinates": [ 653213.389264789177105, 6861782.848818813450634 ] } },
{ "type": "Feature", "properties": { "fid": 16890, "PREFIXE 1": "RUE", "PREFIXE 2": null, "NOM_RUE": "SAINT-PAUL", "NUMERO TXT": "44", "NOM_SAISI": "RUE SAINT-PAUL", "NOM_NOTE": "Rue saint Paul", "EXP_GEO": 1, "INTERP": 0, "NUMEROTATI": 1, "NUM_QUART": 35 }, "geometry": { "type": "Point", "coordinates": [ 653233.603701787185855, 6861791.293942234478891 ] } },
{ "type": "Feature", "properties": { "fid": 16891, "PREFIXE 1": "RUE", "PREFIXE 2": null, "NOM_RUE": "SAINT-PAUL", "NUMERO TXT": "46", "NOM_SAISI": "RUE SAINT-PAUL", "NOM_NOTE": "Rue saint Paul", "EXP_GEO": 1, "INTERP": 0, "NUMEROTATI": 1, "NUM_QUART": 35 }, "geometry": { "type": "Point", "coordinates": [ 653237.052147164824419, 6861796.493869423866272 ] } },
{ "type": "Feature", "properties": { "fid": 16892, "PREFIXE 1": "RUE", "PREFIXE 2": null, "NOM_RUE": "SAINT-PAUL", "NUMERO TXT": "53", "NOM_SAISI": "RUE SAINT-PAUL", "NOM_NOTE": "Rue saint Paul", "EXP_GEO": 1, "INTERP": 0, "NUMEROTATI": 1, "NUM_QUART": 35 }, "geometry": { "type": "Point", "coordinates": [ 653219.840323511743918, 6861792.454338662326336 ] } },
{ "type": "Feature", "properties": { "fid": 16893, "PREFIXE 1": "RUE", "PREFIXE 2": null, "NOM_RUE": "SAINT-PAUL", "NUMERO TXT": "55", "NOM_SAISI": "RUE SAINT-PAUL", "NOM_NOTE": "Rue saint Paul", "EXP_GEO": 1, "INTERP": 0, "NUMEROTATI": 1, "NUM_QUART": 35 }, "geometry": { "type": "Point", "coordinates": [ 653222.144846372073516, 6861796.434158153831959 ] } },
{ "type": "Feature", "properties": { "fid": 16894, "PREFIXE 1": "RUE", "PREFIXE 2": null, "NOM_RUE": "SAINT-PAUL", "NUMERO TXT": "57", "NOM_SAISI": "RUE SAINT-PAUL", "NOM_NOTE": "Rue saint Paul", "EXP_GEO": 1, "INTERP": 0, "NUMEROTATI": 1, "NUM_QUART": 35 }, "geometry": { "type": "Point", "coordinates": [ 653226.151705542113632, 6861802.743330908939242 ] } },
{ "type": "Feature", "properties": { "fid": 16914, "PREFIXE 1": "RUE", "PREFIXE 2": null, "NOM_RUE": "SAINT-ANTOINE", "NUMERO TXT": "152-154", "NOM_SAISI": "RUE SAINT-ANTOINE", "NOM_NOTE": "Rue saint Antoine", "EXP_GEO": 0, "INTERP": 0, "NUMEROTATI": 1, "NUM_QUART": 35 }, "geometry": { "type": "Point", "coordinates": [ 653264.41746311809402, 6861785.705130248330534 ] } },
{ "type": "Feature", "properties": { "fid": 16915, "PREFIXE 1": "RUE", "PREFIXE 2": null, "NOM_RUE": "SAINT-ANTOINE", "NUMERO TXT": "152", "NOM_SAISI": "RUE SAINT-ANTOINE", "NOM_NOTE": "Rue saint Antoine", "EXP_GEO": 1, "INTERP": 1, "NUMEROTATI": 1, "NUM_QUART": 35 }, "geometry": { "type": "Point", "coordinates": [ 653262.705245649558492, 6861786.553753374144435 ] } },
{ "type": "Feature", "properties": { "fid": 16916, "PREFIXE 1": "RUE", "PREFIXE 2": null, "NOM_RUE": "SAINT-ANTOINE", "NUMERO TXT": "170-172", "NOM_SAISI": "RUE SAINT-ANTOINE", "NOM_NOTE": "Rue saint Antoine", "EXP_GEO": 0, "INTERP": 0, "NUMEROTATI": 1, "NUM_QUART": 35 }, "geometry": { "type": "Point", "coordinates": [ 653328.057335097924806, 6861749.369833246804774 ] } },
{ "type": "Feature", "properties": { "fid": 16917, "PREFIXE 1": "RUE", "PREFIXE 2": null, "NOM_RUE": "SAINT-ANTOINE", "NUMERO TXT": "170", "NOM_SAISI": "RUE SAINT-ANTOINE", "NOM_NOTE": "Rue saint Antoine", "EXP_GEO": 1, "INTERP": 1, "NUMEROTATI": 1, "NUM_QUART": 35 }, "geometry": { "type": "Point", "coordinates": [ 653324.905747416778468, 6861750.947629503905773 ] } },
{ "type": "Feature", "properties": { "fid": 16918, "PREFIXE 1": "RUE", "PREFIXE 2": "DE", "NOM_RUE": "BEAUTREILLIS", "NUMERO TXT": "13-15", "NOM_SAISI": "RUE DE BEAUTREILLIS", "NOM_NOTE": "Rue de Beautreillis", "EXP_GEO": 0, "INTERP": 0, "NUMEROTATI": 1, "NUM_QUART": 35 }, "geometry": { "type": "Point", "coordinates": [ 653347.285097042913549, 6861689.207423692569137 ] } },
{ "type": "Feature", "properties": { "fid": 16919, "PREFIXE 1": "RUE", "PREFIXE 2": "DE", "NOM_RUE": "BEAUTREILLIS", "NUMERO TXT": "13", "NOM_SAISI": "RUE DE BEAUTREILLIS", "NOM_NOTE": "Rue de Beautreillis", "EXP_GEO": 1, "INTERP": 1, "NUMEROTATI": 1, "NUM_QUART": 35 }, "geometry": { "type": "Point", "coordinates": [ 653351.633813618682325, 6861694.191870400682092 ] } },
{ "type": "Feature", "properties": { "fid": 16920, "PREFIXE 1": "RUE NEUVE", "PREFIXE 2": null, "NOM_RUE": "SAINT-PAUL", "NUMERO TXT": "11-9", "NOM_SAISI": "RUE NEUVE SAINT-PAUL", "NOM_NOTE": "Rue neuve S.t Paul", "EXP_GEO": 0, "INTERP": 0, "NUMEROTATI": 1, "NUM_QUART": 35 }, "geometry": { "type": "Point", "coordinates": [ 653224.207496371935122, 6861624.794421196915209 ] } },
{ "type": "Feature", "properties": { "fid": 16921, "PREFIXE 1": "RUE NEUVE", "PREFIXE 2": null, "NOM_RUE": "SAINT-PAUL", "NUMERO TXT": "9", "NOM_SAISI": "RUE NEUVE SAINT-PAUL", "NOM_NOTE": "Rue neuve S.t Paul", "EXP_GEO": 1, "INTERP": 1, "NUMEROTATI": 1, "NUM_QUART": 35 }, "geometry": { "type": "Point", "coordinates": [ 653227.37844446557574, 6861622.042730034328997 ] } },
{ "type": "Feature", "properties": { "fid": 16922, "PREFIXE 1": "RUE", "PREFIXE 2": null, "NOM_RUE": "SAINT-PAUL", "NUMERO TXT": "36-38", "NOM_SAISI": "RUE SAINT-PAUL", "NOM_NOTE": "Rue saint Paul", "EXP_GEO": 0, "INTERP": 0, "NUMEROTATI": 1, "NUM_QUART": 35 }, "geometry": { "type": "Point", "coordinates": [ 653212.083020194084384, 6861755.621344430372119 ] } },
{ "type": "Feature", "properties": { "fid": 16923, "PREFIXE 1": "RUE", "PREFIXE 2": null, "NOM_RUE": "SAINT-PAUL", "NUMERO TXT": "36", "NOM_SAISI": "RUE SAINT-PAUL", "NOM_NOTE": "Rue saint Paul", "EXP_GEO": 1, "INTERP": 1, "NUMEROTATI": 1, "NUM_QUART": 35 }, "geometry": { "type": "Point", "coordinates": [ 653210.564599885139614, 6861752.891190410591662 ] } },
{ "type": "Feature", "properties": { "fid": 16924, "PREFIXE 1": "RUE", "PREFIXE 2": null, "NOM_RUE": "SAINT-PAUL", "NUMERO TXT": "43", "NOM_SAISI": "RUE SAINT-PAUL", "NOM_NOTE": "Rue saint Paul", "EXP_GEO": 1, "INTERP": 1, "NUMEROTATI": 1, "NUM_QUART": 35 }, "geometry": { "type": "Point", "coordinates": [ 653204.338864275952801, 6861768.605867491103709 ] } },
{ "type": "Feature", "properties": { "fid": 16925, "PREFIXE 1": "RUE", "PREFIXE 2": null, "NOM_RUE": "SAINT-PAUL", "NUMERO TXT": "45", "NOM_SAISI": "RUE SAINT-PAUL", "NOM_NOTE": "Rue saint Paul", "EXP_GEO": 1, "INTERP": 1, "NUMEROTATI": 1, "NUM_QUART": 35 }, "geometry": { "type": "Point", "coordinates": [ 653207.214797713444568, 6861773.466660489328206 ] } },
{ "type": "Feature", "properties": { "fid": 16926, "PREFIXE 1": "RUE", "PREFIXE 2": null, "NOM_RUE": "SAINT-PAUL", "NUMERO TXT": "4-6", "NOM_SAISI": "RUE SAINT-PAUL", "NOM_NOTE": "Rue saint Paul", "EXP_GEO": 0, "INTERP": 0, "NUMEROTATI": 1, "NUM_QUART": 35 }, "geometry": { "type": "Point", "coordinates": [ 653118.859965519281104, 6861612.829608514904976 ] } },
{ "type": "Feature", "properties": { "fid": 16927, "PREFIXE 1": "RUE", "PREFIXE 2": null, "NOM_RUE": "SAINT-PAUL", "NUMERO TXT": "4", "NOM_SAISI": "RUE SAINT-PAUL", "NOM_NOTE": "Rue saint Paul", "EXP_GEO": 1, "INTERP": 1, "NUMEROTATI": 1, "NUM_QUART": 35 }, "geometry": { "type": "Point", "coordinates": [ 653120.373308082926087, 6861614.961697737686336 ] } },
{ "type": "Feature", "properties": { "fid": 16928, "PREFIXE 1": "RUE", "PREFIXE 2": "DES", "NOM_RUE": "LIONS", "NUMERO TXT": "16-14", "NOM_SAISI": "RUE DES LIONS", "NOM_NOTE": "Rue des Lions", "EXP_GEO": 0, "INTERP": 0, "NUMEROTATI": 1, "NUM_QUART": 35 }, "geometry": { "type": "Point", "coordinates": [ 653170.034450873732567, 6861592.64196327701211 ] } },
{ "type": "Feature", "properties": { "fid": 16929, "PREFIXE 1": "RUE", "PREFIXE 2": "DES", "NOM_RUE": "LIONS", "NUMERO TXT": "14", "NOM_SAISI": "RUE DES LIONS", "NOM_NOTE": "Rue des Lions", "EXP_GEO": 1, "INTERP": 1, "NUMEROTATI": 1, "NUM_QUART": 35 }, "geometry": { "type": "Point", "coordinates": [ 653175.182448041625321, 6861588.529564377851784 ] } },
{ "type": "Feature", "properties": { "fid": 16937, "PREFIXE 1": "PONT", "PREFIXE 2": "DE", "NOM_RUE": "GRAMMONT", "NUMERO TXT": null, "NOM_SAISI": "PONT DE GRAMMONT", "NOM_NOTE": "Pont de Grammont", "EXP_GEO": 1, "INTERP": 1, "NUMEROTATI": 0, "NUM_QUART": 35 }, "geometry": { "type": "Point", "coordinates": [ 653160.125665197847411, 6861405.566176576539874 ] } },
{ "type": "Feature", "properties": { "fid": 16938, "PREFIXE 1": "QUAI", "PREFIXE 2": null, "NOM_RUE": "MORLAND", "NUMERO TXT": null, "NOM_SAISI": "QUAI MORLAND", "NOM_NOTE": "Quai Morland", "EXP_GEO": 1, "INTERP": 1, "NUMEROTATI": 0, "NUM_QUART": 35 }, "geometry": { "type": "Point", "coordinates": [ 653342.028162859147415, 6861210.589878439903259 ] } },
{ "type": "Feature", "properties": { "fid": 16939, "PREFIXE 1": "COUR", "PREFIXE 2": "DES", "NOM_RUE": "FONDERIES", "NUMERO TXT": null, "NOM_SAISI": "COUR DES FONDERIES", "NOM_NOTE": "Cour des Fonderies", "EXP_GEO": 1, "INTERP": 1, "NUMEROTATI": 0, "NUM_QUART": 35 }, "geometry": { "type": "Point", "coordinates": [ 653443.108752621104941, 6861171.599686103872955 ] } },
{ "type": "Feature", "properties": { "fid": 16940, "PREFIXE 1": "RUE", "PREFIXE 2": "DE", "NOM_RUE": "SULLY", "NUMERO TXT": null, "NOM_SAISI": "RUE DE SULLY", "NOM_NOTE": "Rue de Sully", "EXP_GEO": 1, "INTERP": 1, "NUMEROTATI": 0, "NUM_QUART": 35 }, "geometry": { "type": "Point", "coordinates": [ 653320.870370119810104, 6861326.411230782978237 ] } },
{ "type": "Feature", "properties": { "fid": 16941, "PREFIXE 1": "PLACE", "PREFIXE 2": null, "NOM_RUE": "MORLAND", "NUMERO TXT": null, "NOM_SAISI": "PLACE MORLAND", "NOM_NOTE": "Place Morland", "EXP_GEO": 1, "INTERP": 1, "NUMEROTATI": 0, "NUM_QUART": 35 }, "geometry": { "type": "Point", "coordinates": [ 653217.962837643339299, 6861421.715502985753119 ] } },
{ "type": "Feature", "properties": { "fid": 16942, "PREFIXE 1": "GRAND", "PREFIXE 2": null, "NOM_RUE": "ARSENAL", "NUMERO TXT": null, "NOM_SAISI": "GRAND ARSENAL", "NOM_NOTE": "Grand Arsenal", "EXP_GEO": 1, "INTERP": 1, "NUMEROTATI": 0, "NUM_QUART": 35 }, "geometry": { "type": "Point", "coordinates": [ 653322.93988572305534, 6861323.768408960662782 ] } },
{ "type": "Feature", "properties": { "fid": 16943, "PREFIXE 1": "RUE", "PREFIXE 2": null, "NOM_RUE": "CASTEX", "NUMERO TXT": null, "NOM_SAISI": "RUE CASTEX", "NOM_NOTE": "Rue Castex", "EXP_GEO": 1, "INTERP": 1, "NUMEROTATI": 0, "NUM_QUART": 35 }, "geometry": { "type": "Point", "coordinates": [ 653423.074973486363888, 6861387.601439852267504 ] } },
{ "type": "Feature", "properties": { "fid": 16944, "PREFIXE 1": "BOULEVARD", "PREFIXE 2": null, "NOM_RUE": "BOURDON", "NUMERO TXT": null, "NOM_SAISI": "BOULEVARD BOURDON", "NOM_NOTE": "Boulevard Bourdon", "EXP_GEO": 1, "INTERP": 1, "NUMEROTATI": 0, "NUM_QUART": 35 }, "geometry": { "type": "Point", "coordinates": [ 653526.286358647164889, 6861259.099064360372722 ] } },
{ "type": "Feature", "properties": { "fid": 16945, "PREFIXE 1": "FOSSÉS", "PREFIXE 2": "DE L'", "NOM_RUE": "ARSENAL", "NUMERO TXT": null, "NOM_SAISI": "FOSSÉS DE L'ARSENAL", "NOM_NOTE": "Fossés de l'Arsenal", "EXP_GEO": 1, "INTERP": 1, "NUMEROTATI": 0, "NUM_QUART": 35 }, "geometry": { "type": "Point", "coordinates": [ 653588.221947578596883, 6861286.712952540256083 ] } },
{ "type": "Feature", "properties": { "fid": 16946, "PREFIXE 1": null, "PREFIXE 2": null, "NOM_RUE": "PETIT-ARSENAL", "NUMERO TXT": null, "NOM_SAISI": "PETIT-ARSENAL", "NOM_NOTE": "Petit Arsenal", "EXP_GEO": 1, "INTERP": 1, "NUMEROTATI": 0, "NUM_QUART": 35 }, "geometry": { "type": "Point", "coordinates": [ 653567.185959527618252, 6861530.837512188591063 ] } },
{ "type": "Feature", "properties": { "fid": 16947, "PREFIXE 1": "COUR", "PREFIXE 2": "DES", "NOM_RUE": "SALPÊTRES", "NUMERO TXT": null, "NOM_SAISI": "COUR DES SALPÊTRES", "NOM_NOTE": "Cour des Salpêtres", "EXP_GEO": 1, "INTERP": 1, "NUMEROTATI": 0, "NUM_QUART": 35 }, "geometry": { "type": "Point", "coordinates": [ 653535.711207301006652, 6861475.317060513421893 ] } },
{ "type": "Feature", "properties": { "fid": 16948, "PREFIXE 1": "COUR", "PREFIXE 2": "DE LA", "NOM_RUE": "BASTILLE", "NUMERO TXT": null, "NOM_SAISI": "COUR DE LA BASTILLE", "NOM_NOTE": "Fossés de la Bastille", "EXP_GEO": 1, "INTERP": 1, "NUMEROTATI": 0, "NUM_QUART": 35 }, "geometry": { "type": "Point", "coordinates": [ 653602.412147374940105, 6861644.129316449165344 ] } },
{ "type": "Feature", "properties": { "fid": 16950, "PREFIXE 1": "PASSAGE", "PREFIXE 2": null, "NOM_RUE": "SAINT-PIERRE", "NUMERO TXT": null, "NOM_SAISI": "PASSAGE SAINT-PIERRE", "NOM_NOTE": "Passage St. Pierre", "EXP_GEO": 1, "INTERP": 1, "NUMEROTATI": 0, "NUM_QUART": 35 }, "geometry": { "type": "Point", "coordinates": [ 653255.505985867232084, 6861728.760661653243005 ] } },
{ "type": "Feature", "properties": { "fid": 16951, "PREFIXE 1": "COUR", "PREFIXE 2": "DE LA", "NOM_RUE": "JUIVERIE", "NUMERO TXT": "3-5", "NOM_SAISI": "COUR DE LA JUIVERIE", "NOM_NOTE": "Cour de la Juiverie", "EXP_GEO": 0, "INTERP": 0, "NUMEROTATI": 1, "NUM_QUART": 35 }, "geometry": { "type": "Point", "coordinates": [ 653770.172565812128596, 6861566.412786880508065 ] } },
{ "type": "Feature", "properties": { "fid": 16952, "PREFIXE 1": "COUR", "PREFIXE 2": "DE LA", "NOM_RUE": "JUIVERIE", "NUMERO TXT": "3", "NOM_SAISI": "COUR DE LA JUIVERIE", "NOM_NOTE": "Cour de la Juiverie", "EXP_GEO": 1, "INTERP": 1, "NUMEROTATI": 1, "NUM_QUART": 35 }, "geometry": { "type": "Point", "coordinates": [ 653767.364193773129955, 6861561.777856533415616 ] } },
{ "type": "Feature", "properties": { "fid": 16953, "PREFIXE 1": "RUE", "PREFIXE 2": "DE LA", "NOM_RUE": "CONTRESCARPE-SAINT-ANTOINE", "NUMERO TXT": "52", "NOM_SAISI": "RUE DE LA CONTRESCARPE-SAINT-ANTOINE", "NOM_NOTE": "Rue de la Contrescarpe", "EXP_GEO": 1, "INTERP": 1, "NUMEROTATI": 1, "NUM_QUART": 35 }, "geometry": { "type": "Point", "coordinates": [ 653621.228030176018365, 6861269.088167815469205 ] } },
{ "type": "Feature", "properties": { "fid": 16954, "PREFIXE 1": "RUE", "PREFIXE 2": "DE LA", "NOM_RUE": "CONTRESCARPE-SAINT-ANTOINE", "NUMERO TXT": "52-54-56", "NOM_SAISI": "RUE DE LA CONTRESCARPE-SAINT-ANTOINE", "NOM_NOTE": "Rue de la Contrescarpe", "EXP_GEO": 0, "INTERP": 0, "NUMEROTATI": 1, "NUM_QUART": 35 }, "geometry": { "type": "Point", "coordinates": [ 653625.174951938213781, 6861281.209033149294555 ] } },
{ "type": "Feature", "properties": { "fid": 16955, "PREFIXE 1": "RUE", "PREFIXE 2": "DE LA", "NOM_RUE": "CONTRESCARPE-SAINT-ANTOINE", "NUMERO TXT": "54", "NOM_SAISI": "RUE DE LA CONTRESCARPE-SAINT-ANTOINE", "NOM_NOTE": "Rue de la Contrescarpe", "EXP_GEO": 1, "INTERP": 1, "NUMEROTATI": 1, "NUM_QUART": 35 }, "geometry": { "type": "Point", "coordinates": [ 653624.669868680881336, 6861281.421232873573899 ] } },
{ "type": "Feature", "properties": { "fid": 16956, "PREFIXE 1": "RUE", "PREFIXE 2": "DE LA", "NOM_RUE": "CONTRESCARPE-SAINT-ANTOINE", "NUMERO TXT": "44", "NOM_SAISI": "RUE DE LA CONTRESCARPE-SAINT-ANTOINE", "NOM_NOTE": "Rue de la Contrescarpe", "EXP_GEO": 1, "INTERP": 1, "NUMEROTATI": 1, "NUM_QUART": 35 }, "geometry": { "type": "Point", "coordinates": [ 653602.337845802307129, 6861204.379633761011064 ] } },
{ "type": "Feature", "properties": { "fid": 16957, "PREFIXE 1": "RUE", "PREFIXE 2": "DE LA", "NOM_RUE": "CONTRESCARPE-SAINT-ANTOINE", "NUMERO TXT": "44-46-48", "NOM_SAISI": "RUE DE LA CONTRESCARPE-SAINT-ANTOINE", "NOM_NOTE": "Rue de la Contrescarpe", "EXP_GEO": 0, "INTERP": 0, "NUMEROTATI": 1, "NUM_QUART": 35 }, "geometry": { "type": "Point", "coordinates": [ 653605.8679832611233, 6861215.246421813033521 ] } },
{ "type": "Feature", "properties": { "fid": 16958, "PREFIXE 1": "RUE", "PREFIXE 2": "DE LA", "NOM_RUE": "CONTRESCARPE-SAINT-ANTOINE", "NUMERO TXT": "46", "NOM_SAISI": "RUE DE LA CONTRESCARPE-SAINT-ANTOINE", "NOM_NOTE": "Rue de la Contrescarpe", "EXP_GEO": 1, "INTERP": 1, "NUMEROTATI": 1, "NUM_QUART": 35 }, "geometry": { "type": "Point", "coordinates": [ 653605.449593998375349, 6861215.446900102309883 ] } },
{ "type": "Feature", "properties": { "fid": 16959, "PREFIXE 1": "RUE", "PREFIXE 2": "DE LA", "NOM_RUE": "CONTRESCARPE-SAINT-ANTOINE", "NUMERO TXT": "2-4-6-8-10", "NOM_SAISI": "RUE DE LA CONTRESCARPE-SAINT-ANTOINE", "NOM_NOTE": "Rue de la Contrescarpe", "EXP_GEO": 0, "INTERP": 0, "NUMEROTATI": 1, "NUM_QUART": 35 }, "geometry": { "type": "Point", "coordinates": [ 653558.164598038070835, 6860940.050924949347973 ] } },
{ "type": "Feature", "properties": { "fid": 16960, "PREFIXE 1": "RUE", "PREFIXE 2": "DE LA", "NOM_RUE": "CONTRESCARPE-SAINT-ANTOINE", "NUMERO TXT": "2", "NOM_SAISI": "RUE DE LA CONTRESCARPE-SAINT-ANTOINE", "NOM_NOTE": "Rue de la Contrescarpe", "EXP_GEO": 1, "INTERP": 1, "NUMEROTATI": 1, "NUM_QUART": 35 }, "geometry": { "type": "Point", "coordinates": [ 653551.272701727109961, 6860878.002478318288922 ] } },
{ "type": "Feature", "properties": { "fid": 16961, "PREFIXE 1": "RUE", "PREFIXE 2": "DE LA", "NOM_RUE": "CONTRESCARPE-SAINT-ANTOINE", "NUMERO TXT": "4", "NOM_SAISI": "RUE DE LA CONTRESCARPE-SAINT-ANTOINE", "NOM_NOTE": "Rue de la Contrescarpe", "EXP_GEO": 1, "INTERP": 1, "NUMEROTATI": 1, "NUM_QUART": 35 }, "geometry": { "type": "Point", "coordinates": [ 653555.255839299177751, 6860913.523806005716324 ] } },
{ "type": "Feature", "properties": { "fid": 16962, "PREFIXE 1": "RUE", "PREFIXE 2": "DE LA", "NOM_RUE": "CONTRESCARPE-SAINT-ANTOINE", "NUMERO TXT": "6", "NOM_SAISI": "RUE DE LA CONTRESCARPE-SAINT-ANTOINE", "NOM_NOTE": "Rue de la Contrescarpe", "EXP_GEO": 1, "INTERP": 1, "NUMEROTATI": 1, "NUM_QUART": 35 }, "geometry": { "type": "Point", "coordinates": [ 653557.593461962766014, 6860940.116318611428142 ] } },
{ "type": "Feature", "properties": { "fid": 16963, "PREFIXE 1": "RUE", "PREFIXE 2": "DE LA", "NOM_RUE": "CONTRESCARPE-SAINT-ANTOINE", "NUMERO TXT": "8", "NOM_SAISI": "RUE DE LA CONTRESCARPE-SAINT-ANTOINE", "NOM_NOTE": "Rue de la Contrescarpe", "EXP_GEO": 1, "INTERP": 1, "NUMEROTATI": 1, "NUM_QUART": 35 }, "geometry": { "type": "Point", "coordinates": [ 653560.261820396757685, 6860965.183641045354307 ] } },
{ "type": "Feature", "properties": { "fid": 16964, "PREFIXE 1": "RUE", "PREFIXE 2": "DE LA", "NOM_RUE": "CONTRESCARPE-SAINT-ANTOINE", "NUMERO TXT": "64", "NOM_SAISI": "RUE DE LA CONTRESCARPE-SAINT-ANTOINE", "NOM_NOTE": "Rue de la Contrescarpe", "EXP_GEO": 1, "INTERP": 1, "NUMEROTATI": 1, "NUM_QUART": 35 }, "geometry": { "type": "Point", "coordinates": [ 653675.459624171257019, 6861421.618063631467521 ] } },
{ "type": "Feature", "properties": { "fid": 16965, "PREFIXE 1": "RUE", "PREFIXE 2": "DE LA", "NOM_RUE": "CONTRESCARPE-SAINT-ANTOINE", "NUMERO TXT": "64-64 bis-66", "NOM_SAISI": "RUE DE LA CONTRESCARPE-SAINT-ANTOINE", "NOM_NOTE": "Rue de la Contrescarpe", "EXP_GEO": 0, "INTERP": 0, "NUMEROTATI": 1, "NUM_QUART": 35 }, "geometry": { "type": "Point", "coordinates": [ 653693.119798927917145, 6861452.670206901617348 ] } },
{ "type": "Feature", "properties": { "fid": 16966, "PREFIXE 1": "RUE", "PREFIXE 2": "DE LA", "NOM_RUE": "CONTRESCARPE-SAINT-ANTOINE", "NUMERO TXT": "64 bis", "NOM_SAISI": "RUE DE LA CONTRESCARPE-SAINT-ANTOINE", "NOM_NOTE": "Rue de la Contrescarpe", "EXP_GEO": 1, "INTERP": 1, "NUMEROTATI": 1, "NUM_QUART": 35 }, "geometry": { "type": "Point", "coordinates": [ 653691.376848414540291, 6861453.904125084169209 ] } }
]
}
