Siècle;Identifiant;Type voie;Préposition voie;Nom voie;Dénomination complète;Dénomination complète minuscule;Arrondissement;Date de l'arrêté;Date de caducité;Code voie VdP;Quartier;Code voie DGFIP;Longueur voie;Largeur voie;Feuille parcellaire;Début voie;Fin voie;Numéro pair;Numéro impair;Alignement;Servitude;Historique;Dénomination;Classement;Observation;Numérotage;Origine du nom;Déclassement;Nivellement;Assainissement;Ouverture
19;8367;rue;;Aubé;RUE AUBE;rue Aubé;04e;1875-02-10;1934-01-27;;Notre-Dame;;70;30;;quai de la Cité.;rue de Lutèce, 2.;;;Décret du 22 mai 1865.;;Dénommée partie de la place Louis Lépine par arrêté préfectoral du 27 janvier 1934.;Décret présidentiel du 10 février 1875. Précédemment rue de Rouen.;;Intégrée à la place Louis Lépine, une partie de l'emprise de la rue Aubé d'une largeur de 8,90 m a été déclassée par arrêté préfectoral du 22 mai 1962.;;Longe le tribunal de Commerce et a pris le nom d'Aubé, ancien président du tribunal de Commerce.;;;;
;7801;voie;;BL/12;VOIE BL/12;voie BL/12;12e;;1993-02-11;;Bercy;;;;;;;;;;;Dénommée rue George Gershwin par arrêté municipal du 11 février 1993.;;;;;;;;;
;7819;rue;de la;Blanche Oie;RUE DE LA BLANCHE OIE;rue de la Blanche Oie;;;;;;;;;;;;;;;;Actuellement partie de la rue du Four.;;;;;;;;;
;7823;barrière;;Blanche;BARRIERE BLANCHE;barrière Blanche;;;;;;;;;;;;;;;;Supprimé. Elle était située boul. de Clichy sur l'emplacement de la place Blanche. Elle a aussi porté le nom de barrière de la Croix Blanche.;;;;;;;;;
;8391;passage;des;Arts;PASSAGE DES ARTS;passage des Arts;;;;;;;;;;;;;;;;Supprimé en 1942. Commençait av. Frédéric Passy (Supprimé.), finissait pas. Thierry (Supprimé.).;;;;;;;;;
;8415;rue;des;Armuriers;RUE DES ARMURIERS;rue des Armuriers;;;;;;;;;;;;;;;;Voir : Heaumerie (rue de la).;;;;;;;;;
;7842;place;de;Birague;PLACE DE BIRAGUE;place de Birague;04e;;;;Saint-Gervais;;;;;;;;;;;On appelait ainsi l'élargissement de la rue Saint-Antoine, en face de l'église Saint-Paul-Saint-Louis. Elle avait précédemment porté le nom de Sainte-Catherine. Pendant la Révolution, c'était la place Catherine.;;;;;;;;;
;8473;rue;;Appert;RUE APPERT;rue Appert;;;;;;;;;;;;;;;;Actuellement rue du Général Appert.;;;;;;;;;
;7873;voie;;BG/12;VOIE BG/12;voie BG/12;12e;;1991-06-11;;Picpus;;;;;;;;;;;Dénommée allée Vivaldi par arrêté municipal du 11 juin 1991.;;;;;;;;;
;8501;rue;;Anquetil;RUE ANQUETIL;rue Anquetil;;;;;;;;;;;;;;;;Actuellement partie de la rue du Roi de Sicile.;;;;;;;;;
;8509;rue;d';Anjou;RUE D'ANJOU;rue d'Anjou;;;;;;;;;;;;;;;;Supprimée lors de la construction de l'Hôtel de Soissons. Etait sur l'emplacement de la Bourse du Commerce.;;;;;;;;;
;7926;rue;de;Bercy;RUE DE BERCY;rue de Bercy;04e;;;;Saint-Gervais;;;;;;;;;;;Actuellement partie de la rue du Roi de Sicile.;;;;;;;;;
;8535;impasse;;Andrieux;IMPASSE ANDRIEUX;impasse Andrieux;;;;;;;;;;;;;;;;Actuellement villa Championnet.;;;;;;;;;
;8551;rue;de l';An Huit;RUE DE L'AN HUIT;rue de l'An Huit;;;;;;;;;;;;;;;;Actuellement rue Jean-Baptiste Pigalle.;;;;;;;;;
;7285;quai;de;Chaillot;QUAI DE CHAILLOT;quai de Chaillot;;;;;;;;;;;;;;;;Actuellement avenue de New York.;;;;;;;;;
;8012;passage;;Beaufort;PASSAGE BEAUFORT;passage Beaufort;;;;;;;;;;;;;;;;Supprimé. par l'ouverture du boul. de Sébastopol. Il allait de la rue Quincampoix à l'imp. Beaufort. Anciennement ruelle derrière Saint-Leu et Saint-Gilles.;;;;;;;;;
;8013;impasse;;Beaufort;IMPASSE BEAUFORT;impasse Beaufort;;;;;;;;;;;;;;;;Supprimé. par l'ouverture du boul. de Sébastopol. Elle était située pas. Beaufort.;;;;;;;;;
;8624;cité;;Alésia;CITE ALESIA;cité Alésia;;;;;;;;;;;;;;;;Supprimé. Elle allait de la rue d'Alésia, 16, à la rue du Commandeur, 13.;;;;;;;;;
;7373;chemin;de;Cassel;CHEMIN DE CASSEL;chemin de Cassel;;;;;;;;;;;;;;;;Actuellement rue du Vieux Colombier.;;;;;;;;;
;8675;voie;;AF/12;VOIE AF/12;voie AF/12;12e;;1972-04-07;;Picpus;;;;;;;;;;;Dénommée place Maurice de Fontenay par arrêté préfectoral du 7 avril 1972.;;;;;;;;;
;7401;passage;;Caron;PASSAGE CARON;passage Caron;;;;;;;;;;;;;;;;Supprimé. Etait situé boul. de la Commanderie.;;;;;;;;;
;7416;rue;;Carême Prenant;RUE CAREME PRENANT;rue Carême Prenant;;;;;;;;;;;;;;;;Actuellement partie de la rue Bichat.;;;;;;;;;
;8063;cul-de-sac;;Baudoin Prend Gaige;CUL-DE-SAC BAUDOIN PREND GAIGE;cul-de-sac Baudoin Prend Gaige;;;;;;;;;;;;;;;;Ou Beaudoin prend Gaie. Voir : Beaudoin prend Gaie (cul-de-sac).;;;;;;;;;
;8067;cul-de-sac;de la;Baudoierie;CUL-DE-SAC DE LA BAUDOIERIE;cul-de-sac de la Baudoierie;;;;;;;;;;;;;;;;Voir : Baudroirie (imp. de la).;;;;;;;;;
;8087;place;;Baudaire;PLACE BAUDAIRE;place Baudaire;;;;;;;;;;;;;;;;Voir : Baudoyer (place).;;;;;;;;;
;8100;rue;;Batelier;RUE BATELIER;rue Batelier;;;;;;;;;;;;;;;;Actuellement rue de la Grange Batelière.;;;;;;;;;
;8681;voie;;AE/12;VOIE AE/12;voie AE/12;12e;;;;Picpus;;;;;;;;;;;Dénommée rue du Colonel Rozanoff par arrêté préfectoral du 7 avril 1972.;;;;;;;;;
;5115;rue;;Guille Queulx;RUE GUILLE QUEULX;rue Guille Queulx;;;;;;;;;;;;;;;;Ou Gui le Comte. Actuellement rue Gît-le-Coeur.;;;;;;;;;
;5148;rue;de;Guernelle Saint-Honoré;RUE DE GUERNELLE SAINT-HONORE;rue de Guernelle Saint-Honoré;;;;;;;;;;;;;;;;Actuellement partie de la rue Jean-Jacques Rousseau.;;;;;;;;;
;5776;quai;de la;Ferronnerie;QUAI DE LA FERRONNERIE;quai de la Ferronnerie;;;;;;;;;;;;;;;;Actuellement quai de la Mégisserie.;;;;;;;;;
;5782;cour;;Ferri;COUR FERRI;cour Ferri;;;;;;;;;;;;;;;;Voir : Cocatrix (rue).;;;;;;;;;
;5787;rue;;Ferpeillon;RUE FERPEILLON;rue Ferpeillon;;;;;;;;;;;;;;;;Voir : Frépillon (rue).;;;;;;;;;
;6472;chemin;de la;Croix de l'Évangile;CHEMIN DE LA CROIX DE L'EVANGILE;chemin de la Croix de l'Évangile;;;;;;;;;;;;;;;;Actuellement partie de la rue de l'Ourcq.;;;;;;;;;
;6513;cul-de-sac;;Courtavoye;CUL-DE-SAC COURTAVOYE;cul-de-sac Courtavoye;;;;;;;;;;;;;;;;Voir : Opéra (cul-de-sac de l').;;;;;;;;;
;7156;chemin de ronde;de;Charenton;CHEMIN DE RONDE DE CHARENTON;chemin de ronde de Charenton;12e;;;;Picpus;;;;;;;;;;;Dénommée partie du boulevard de Reuilly par arrêté préfectoral du 30 décembre 1864.;;;;;;;;;
;7158;barrière;de;Charenton;BARRIERE DE CHARENTON;barrière de Charenton;;;;;;;;;;;;;;;;Supprimé. Elle était située boul. de Bercy et de Reuilly à leur intersection avec la rue de Charenton. Elle a aussi porté le nom de barrière de Marengo.;;;;;;;;;
;5170;rue;;Grosnier;RUE GROSNIER;rue Grosnier;;;;;;;;;;;;;;;;Ou Grosnière. Voir : Grognerie (rue de la).;;;;;;;;;
;5185;port;de la;Grève;PORT DE LA GREVE;port de la Grève;;;;;;;;;;;;;;;;Actuellement port de l'Hôtel de Ville.;;;;;;;;;
;5186;pont;de la;Grève;PONT DE LA GREVE;pont de la Grève;;;;;;;;;;;;;;;;Remplacé par le pont d'Arcole.;;;;;;;;;
;5854;via ad;;Fabros;VIA AD FABROS;via ad Fabros;;;;;;;;;;;;;;;;Voir : Fèves (rue aux).;;;;;;;;;
;6523;passage;de la;Couronne d'Or;PASSAGE DE LA COURONNE D'OR;passage de la Couronne d'Or;;;;;;;;;;;;;;;;Supprimé. vers 1830. Il allait de la rue des Bourdonnais à la rue Tirechappe (Supprimé.).;;;;;;;;;
;6559;rue;;Coupe Gorge;RUE COUPE GORGE;rue Coupe Gorge;;;;;;;;;;;;;;;;Supprimé. Elle était située rue Saint-Jacques, auprès de l'enceinte de Philippe-Auguste, et longeait les murs du couvent des Jacobins. Donnée par Louis XII aux Jacobins. On la nommait aussi Coupe Gueule.;;;;;;;;;
;7200;rue;;Chanvoirerie;RUE CHANVOIRERIE;rue Chanvoirerie;;;;;;;;;;;;;;;;Voir : Chanverrerie (rue de la).;;;;;;;;;
;7214;rue;;Chantereine;RUE CHANTEREINE;rue Chantereine;;;;;;;;;;;;;;;;Ou Chanterelle. Actuellement partie de la rue de la Victoire.;;;;;;;;;
;7217;impasse;;Chandon;IMPASSE CHANDON;impasse Chandon;;;;;;;;;;;;;;;;Absorbée par la rue des Cévennes.;;;;;;;;;
;7238;rue;du;Champflori;RUE DU CHAMPFLORI;rue du Champflori;;;;;;;;;;;;;;;;Voir : Perpignan (rue de).;;;;;;;;;
;5212;rue;;Greffier;RUE GREFFIER;rue Greffier;;;;;;;;;;;;;;;;Ou Greffière. Actuellement rue Clément.;;;;;;;;;
;5214;sente;des;Graviers;SENTE DES GRAVIERS;sente des Graviers;;;;;;;;;;;;;;;;Supprimé. Etait située av. du Centenaire (Supprimé.).;;;;;;;;;
;5893;rue;des;Étroites Ruelles;RUE DES ETROITES RUELLES;rue des Étroites Ruelles;;;;;;;;;;;;;;;;Actuellement rue de Campo-Formio.;;;;;;;;;
;5897;rue;de l';Étoile;RUE DE L'ETOILE;rue de l'Étoile;04e;;1868-04-02;;Saint-Gervais;;;;;;;;;;;Dénommée partie de la rue du Fauconnier par arrêté préfectoral du 2 avril 1868.;;;;;;;;;
;6563;impasse;;Coup de Bâton;IMPASSE COUP DE BATON;impasse Coup de Bâton;;;;;;;;;;;;;;;;Voir : Courbaton (imp.).;;;;;;;;;
;6601;rue;des;Corderies;RUE DES CORDERIES;rue des Corderies;;;;;;;;;;;;;;;;Actuellement rue du Nil.;;;;;;;;;
;4581;passage;;La Fayette;PASSAGE LA FAYETTE;passage La Fayette;11e;;;;Folie-Méricourt;;;;;;;;;;;Actuellement rue Gambey.;;;;;;;;;
;4585;rue;;L;RUE L;rue L;;;;;;;;;;;;;;;;Actuellement rue Duhesme.;;;;;;;;;
;5269;passage;;Grados;PASSAGE GRADOS;passage Grados;;;;;;;;;;;;;;;;Actuellement pas. Dubail.;;;;;;;;;
;5930;impasse;de l';Escullerie;IMPASSE DE L'ESCULLERIE;impasse de l'Escullerie;;;;;;;;;;;;;;;;Voir : Saint-Faron (imp.).;;;;;;;;;
;4629;rue;de la;Juivrerie;RUE DE LA JUIVRERIE;rue de la Juivrerie;;;;;;;;;;;;;;;;Ou Juiverie. Voir : Juiverie (rue de la).;;;;;;;;;
;4632;rue;de la;Juiverie;RUE DE LA JUIVERIE;rue de la Juiverie;;;;;;;;;;;;;;;;Voir : Harpe (partie de la rue de la).;;;;;;;;;
;5337;chemin;du;Gibet;CHEMIN DU GIBET;chemin du Gibet;;;;;;;;;;;;;;;;Actuellement partie de la rue Dupleix.;;;;;;;;;
;5982;rue;des;Enlumineurs;RUE DES ENLUMINEURS;rue des Enlumineurs;;;;;;;;;;;;;;;;Actuellement rue Boutebrie.;;;;;;;;;
;6657;rue;des;Consuls;RUE DES CONSULS;rue des Consuls;;;;;;;;;;;;;;;;Actuellement rue des Juges Consuls.;;;;;;;;;
;4662;rue;;Joseph Laurent;RUE JOSEPH LAURENT;rue Joseph Laurent;;;;;;;;;;;;;;;;Voir : Probité (rue de la).;;;;;;;;;
;4697;ruelle;;Jehan Pinmollet;RUELLE JEHAN PINMOLLET;ruelle Jehan Pinmollet;;;;;;;;;;;;;;;;Ou Jehan Pymollet. Voir : Beurrière (rue).;;;;;;;;;
;5363;rue;;Georges Delavenne;RUE GEORGES DELAVENNE;rue Georges Delavenne;;;;;;;;;;;;;;;;Actuellement rue Joseph Granier.;;;;;;;;;
;6711;cour;du;Commerce;COUR DU COMMERCE;cour du Commerce;;;1888-12-31;;;;;;;rue de Charenton, 60.;;;;;;Supprimée vers 1888.;;;;;;;;;
;4727;rue;;Jean Monot;RUE JEAN MONOT;rue Jean Monot;12e;;;;Bercy;;;;;;;;;;;Supprimée. Voie située dans les entrepôts de Bercy.;;;;;Entrepôt de M. Jean Monot.;;;;
;4732;rue;;Jean Le Mire;RUE JEAN LE MIRE;rue Jean Le Mire;;;;;;;;;;;;;;;;Actuellement rue du Jour.;;;;;;;;;
;6734;place;du;Colonel Mazas;PLACE DU COLONEL MAZAS;place du Colonel Mazas;12e;;;;Quinze-Vingts;;;;;;;;;;;Actuellement place Mazas.;;;;;;;;;
;6739;pont;aux;Colombes;PONT AUX COLOMBES;pont aux Colombes;;;;;;;;;;;;;;;;Remplacé par le Pont au Change.;;;;;;;;;
;4764;cul-de-sac;de;Jean de Cambrai;CUL-DE-SAC DE JEAN DE CAMBRAI;cul-de-sac de Jean de Cambrai;;;;;;;;;;;;;;;;Il était situé rue Cuvier et a été supprimé vers la fin du XVIIe siècle. Il avait porté le nom de cul-de-sac du Tondeur.;;;;;;;;;
;5417;rue;;Garlande;RUE GARLANDE;rue Garlande;;;;;;;;;;;;;;;;Actuellement rue Galande.;;;;;;;;;
;6789;rue;du;Clos du Chardonneret;RUE DU CLOS DU CHARDONNERET;rue du Clos du Chardonneret;;;;;;;;;;;;;;;;Actuellement rue du Puits de l'Ermite et partie de la rue Pestalozzi.;;;;;;;;;
;4812;rue;des;Jacobins Réformés;RUE DES JACOBINS REFORMES;rue des Jacobins Réformés;;;;;;;;;;;;;;;;Actuellement rue des Saints-Pères.;;;;;;;;;
;5471;chemin;;Gaillard;CHEMIN GAILLARD;chemin Gaillard;;;;;;;;;;;;;;;;Voir : Alfred Cornu (rue).;;;;;;;;;
;6830;chemin de ronde;de;Clichy;CHEMIN DE RONDE DE CLICHY;chemin de ronde de Clichy;;;;;;;;;;;;;;;;Actuellement partie du boul. des Batignolles et de la place de Clichy.;;;;;;;;;
;6835;chemin;aux;Clercs;CHEMIN AUX CLERCS;chemin aux Clercs;;;;;;;;;;;;;;;;Actuellement partie de la rue Jacob et de la rue de l'Université.;;;;;;;;;
;5492;rue;du;Fumer;RUE DU FUMER;rue du Fumer;;;;;;;;;;;;;;;;Ou Fumier. Voir : Saint-Landry (rue).;;;;;;;;;
;5513;ruelle;;Frileuse;RUELLE FRILEUSE;ruelle Frileuse;04e;;1841-06-14;;Saint-Gervais;;;;;quai de l'Hôtel de Ville;rue de l'Hôtel de Ville;;;;;Supprimée par une Ordonnance royale du 14 juin 1841. Elle conduisait du quai de l'Hôtel de Ville à la rue de l'Hôtel de Ville, entre les rues des Barres et de Brosse. Elle a été désignée par les noms de rue de la Pétaudière et de rue de Château Frileux.;;;;;;;;;
;6157;passage;;Duranti;PASSAGE DURANTI;passage Duranti;;;;;;;;;;;;;;;;Actuellement partie de la rue René Villermé.;;;;;;;;;
19;6856;quai;de la;Cité;QUAI DE LA CITE;quai de la Cité;04e;1873-11-10;;;Notre-Dame;;;;;;;;;;;Actuellement partie du quai de la Corse et quai aux Fleurs.;Arrêté préfectoral du 10 novembre 1873. Précédemment quai Desaix.;;;;;;;;
;6871;chemin;du;Cimetière Saint-Père;CHEMIN DU CIMETIERE SAINT-PERE;chemin du Cimetière Saint-Père;;;;;;;;;;;;;;;;Actuellement partie de la rue Saint-Guillaume.;;;;;;;;;
;6875;rue;du;Cimetière Saint-Gervais;RUE DU CIMETIERE SAINT-GERVAIS;rue du Cimetière Saint-Gervais;;;;;;;;;;;;;;;;Actuellement partie de la rue François Miron.;;;;;;;;;
;4889;voie;;H/11;VOIE H/11;voie H/11;11e;;1990-03-08;;Saint-Ambroise;;;;;;;;;;;Dénommé rue Gaby Sylvia par arrêté municipal du 8 mars 1990.;;;;;;;;;
;6929;rue;du;Chevet Saint-Landry;RUE DU CHEVET SAINT-LANDRY;rue du Chevet Saint-Landry;;;;;;;;;;;;;;;;Supprimée par la rectification de la rue d'Arcole. Elle portait le nom de rue du Chevet Saint-Landry dès le XIIIe siècle. En 1451, on l'appelait rue de la Couronne. Elle commençait rue Basse des Ursins et finissait rue des Marmousets.;;;;;;;;;
;4925;passage;de l';Hôtel Charost;PASSAGE DE L'HOTEL CHAROST;passage de l'Hôtel Charost;;;;;;;;;;;;;;;;Supprimé. Il commençait rue Montmartre et finissait rue des Vieux Augustins (Actuellement rue d'Argout).;;;;;;;;;
;4926;rue;de l';Hôtel;RUE DE L'HOTEL;rue de l'Hôtel;12e;;1934-01-01;;Bercy;;;;;;;;;;;Supprimé. en 1934. Commençait rue du Charolais, finissait av. Daumesnil.;;;;;;;;;
;5560;rue;de la;Franchise;RUE DE LA FRANCHISE;rue de la Franchise;;;;;;;;;;;;;;;;Actuellement rues Edouard Quénu, Broca et Léon-Maurice Nordmann.;;;;;;;;;
;5593;passage;du;Four;PASSAGE DU FOUR;passage du Four;;;;;;;;;;;;;;;;Actuellement partie de la rue Mabillon.;;;;;;;;;
;6234;villa;;Dezegher-Gibaud;VILLA DEZEGHER-GIBAUD;villa Dezegher-Gibaud;;;;;;;;;;;;;;;;Actuellement partie de la rue Jacquier.;;;;;;;;;
;6240;rue;;Devant la Croix Saint-Denis;RUE DEVANT LA CROIX SAINT-DENIS;rue Devant la Croix Saint-Denis;;;;;;;;;;;;;;;;Actuellement partie de la place Louis Lépine et de la rue de la Cité.;;;;;;;;;
;2484;rue;du;Pot au Lait;RUE DU POT AU LAIT;rue du Pot au Lait;;;;;;;;;;;;;;;;Actuellement rue Wurtz.;;;;;;;;;
;2224;port;du;Recueillage;PORT DU RECUEILLAGE;port du Recueillage;;;;;;;;;;;;;;;;Actuellement port des Saints-Pères.;;;;;;;;;
;2225;rue;des;Recommanderesses;RUE DES RECOMMANDERESSES;rue des Recommanderesses;;;;;;;;;;;;;;;;Actuellement rue de la Coutellerie.;;;;;;;;;
;2259;passage;;Raoul;PASSAGE RAOUL;passage Raoul;11e;;1911-12-31;;Roquette;;;;;;;;;;;Devenue rue Bréguet prolongée en 1911, puis partie de la rue Bréguet après son classement en 1933.;;;;;;;;;
;2287;rue;des;Quinze-Vingts;RUE DES QUINZE-VINGTS;rue des Quinze-Vingts;;;;;;;;;;;;;;;;Supprimée par le percement de la rue de Rivoli. Elle commençait rue de Valois (Supprimé.) et finissait rue de Rohan.;;;;;;;;;
;2299;rue;au;Quens de Pontis;RUE AU QUENS DE PONTIS;rue au Quens de Pontis;;;;;;;;;;;;;;;;Voir : Béthisy (rue).;;;;;;;;;
;2637;rue;de la;Pointe Saint-Eustache;RUE DE LA POINTE SAINT-EUSTACHE;rue de la Pointe Saint-Eustache;;;;;;;;;;rue de la Tonnellerie.;rue Traînée;;;;;Supprimée par la construction des Halles Centrales. Commençait rue de la Tonnellerie (Supprimé.), finissait rue Traînée (Supprimé.).;;;;;;;;;
;2792;rue;;Phélipot;RUE PHELIPOT;rue Phélipot;;;;;;;;;;;;;;;;Voir : Phélipeaux (rue).;;;;;;;;;
;2803;rue;aux;Petits Soulers de Bazenne;RUE AUX PETITS SOULERS DE BAZENNE;rue aux Petits Soulers de Bazenne;;;;;;;;;;;;;;;;Actuellement rue Courtalon.;;;;;;;;;
;2661;rue;des;Plâtriers;RUE DES PLATRIERS;rue des Plâtriers;;;;;;;;;;;;;;;;Actuellement rue Domat.;;;;;;;;;
;2712;rue;du;Pistolet;RUE DU PISTOLET;rue du Pistolet;;;;;;;;;;;;;;;;Actuellement partie de la rue Beautreillis.;;;;;;;;;
;2718;place;des;Piques;PLACE DES PIQUES;place des Piques;;;;;;;;;;;;;;;;Actuellement place Vendôme.;;;;;;;;;
;2489;partie de la sente;des;Postes;PARTIE DE LA SENTE DES POSTES;partie de la sente des Postes;;;;;;;;;;;;;;;;Supprimé. Commençait boul. de la Commanderie, finissait sente des Postes à la limite du territoire d'Aubervilliers.;;;;;;;;;
;2492;rue;de la;Poste aux Chevaux;RUE DE LA POSTE AUX CHEVAUX;rue de la Poste aux Chevaux;;;;;;;;;;;;;;;;Actuellement partie de la rue Bonaparte.;;;;;;;;;
;2498;rue;de la;Porte Saint-Marcel;RUE DE LA PORTE SAINT-MARCEL;rue de la Porte Saint-Marcel;;;;;;;;;;;;;;;;Actuellement rue Descartes.;;;;;;;;;
;2502;quai;de la;Porte Saint-Bernard;QUAI DE LA PORTE SAINT-BERNARD;quai de la Porte Saint-Bernard;;;;;;;;;;;;;;;;Actuellement quai Saint-Bernard.;;;;;;;;;
;2544;rue;du;Port Saint-Gervais;RUE DU PORT SAINT-GERVAIS;rue du Port Saint-Gervais;;;;;;;;;;;;;;;;Actuellement rue de Brosse.;;;;;;;;;
;2549;rue ou ruelle;du;Port aux Oeufs;RUE OU RUELLE DU PORT AUX OEUFS;rue ou ruelle du Port aux Oeufs;;;;;;;;;;;;;;;;Supprimé. Elle conduisait de la rue de la Pelleterie au Port aux OEufs. Elle avait porté le nom de ruelle Jean Notteau, de 1259 à 1392. En 1398, on l'appelait rue Garnier Marcel.;;;;;;;;;
;2582;rue;du;Pont de la Triperie;RUE DU PONT DE LA TRIPERIE;rue du Pont de la Triperie;;;;;;;;;;;;;;;;Supprimé. Elle allait autrefois de la rue Jean Nicot jusqu'au dépôt des marbres et débouchait sur le quai. Coupée par la construction de l'entrepôt des Douanes, aujourd'hui démoli, elle a disparu lors de la construction des écuries de l'empereur. La partie entre la rue Malar et le dépôt des marbres a été appelée rue du Vert Buisson.;;;;;;;;;
;2821;;;Petite Voie de Vanves;PETITE VOIE DE VANVES;Petite Voie de Vanves;;;;;;;;;;;;;;;;Voir : Paris (petite rue de).;;;;;;;;;
;2855;rue qui va;du;Petit Pont à la Place Saint-Michel;RUE QUI VA DU PETIT PONT A LA PLACE SAINT-MICHEL;rue qui va du Petit Pont à la Place Saint-Michel;;;;;;;;;;;;;;;;Voir : Calandre (rue de la).;;;;;;;;;
;2863;rue;du;Petit Paradis;RUE DU PETIT PARADIS;rue du Petit Paradis;03e;;;;Archives;;;;;;;;;;;Actuellement rue du Parc Royal.;;;;;;;;;
;2886;rue;du;Petit Four;RUE DU PETIT FOUR;rue du Petit Four;;;;;;;;;;;;;;;;Ou Petit Four Saint-Ylaire. Voir : Victor de Lanneau (rue).;;;;;;;;;
;2896;rue;du;Petit Champ;RUE DU PETIT CHAMP;rue du Petit Champ;;;;;;;;;;;;;;;;Actuellement rue de l'Epée de Bois.;;;;;;;;;
;2905;rue;du;Petit Bouquet;RUE DU PETIT BOUQUET;rue du Petit Bouquet;;;;;;;;;;;;;;;;Actuellement rue Watteau.;;;;;;;;;
;2911;impasse;;Petit;IMPASSE PETIT;impasse Petit;;;;;;;;;;;;;;;;Actuellement Imp. Charles Petit.;;;;;;;;;
;2933;rue;;Perreau D'Estampes;RUE PERREAU D'ESTAMPES;rue Perreau D'Estampes;;;;;;;;;;;;;;;;Ou Perriau d'Estampes ou encore Perrot d'Estampes. Actuellement partie de la rue des Guillemites.;;;;;;;;;
;2955;rue;;Perdue;RUE PERDUE;rue Perdue;;;;;;;;;;;;;;;;Actuellement rue Maître Albert.;;;;;;;;;
;3017;rue;;Pavée;RUE PAVEE;rue Pavée;;;;;;;;;;;;;;;;Ou Pavée d'Andouilles. Voir : Mûrier (rue du).;;;;;;;;;
;3210;rue;d';Orléans;RUE D'ORLEANS;rue d'Orléans;12e;;1877-08-06;;Bercy;;;;;quai de Bercy.;rue de Bercy.;;;;;Devenue rue de Thorins (supprimée) dans les entrepots de Bercy.;;;;;;;;;
;3254;allée;du;Onze Novembre;ALLEE DU ONZE NOVEMBRE;allée du Onze Novembre;;;;;;;;;;;;;;;;Supprimé. en 1943. Commençait av. Germaine Rolland (Supprimé.), finissait allée des Peupliers (Supprimé.).;;;;;;;;;
;3260;pont;aux;Oiseaux;PONT AUX OISEAUX;pont aux Oiseaux;;;;;;;;;;;;;;;;Remplacé par le pont au Change.;;;;;;;;;
;3270;rue;de l';Observatoire;RUE DE L'OBSERVATOIRE;rue de l'Observatoire;;;;;;;;;;;;;;;;Actuellement rue du Faubourg Saint-Jacques.;;;;;;;;;
;3278;rue;des;Oblayeurs;RUE DES OBLAYEURS;rue des Oblayeurs;;;;;;;;;;;;;;;;Ou Oblayers ou encore Obléeurs. Voir : Oblayers (rue des).;;;;;;;;;
;3122;rue;;Palée;RUE PALEE;rue Palée;;;;;;;;;;;;;;;;Voir : Maure (rue du).;;;;;;;;;
;3665;ruelle;des;Moulins;RUELLE DES MOULINS;ruelle des Moulins;;;;;;;;;;;;;;;;Supprimé. Elle allait de la rue de la Pelleterie à la rivière, au droit des moulins du Gord ou à l'évêque de Paris.;;;;;;;;;
;3666;rue;des;Moulins;RUE DES MOULINS;rue des Moulins;12e;;1868-08-10;;Picpus;;;;;;;;;;;Dénommée rue Lamblardie par décret impérial du 10 août 1868.;;;;;;;;;
;3422;rue;;Neuve Poterne;RUE NEUVE POTERNE;rue Neuve Poterne;;;;;;;;;;;;;;;;Voir : Chaume (rue du).;;;;;;;;;
;3445;rue;;Neuve du Pont Saint-Michel;RUE NEUVE DU PONT SAINT-MICHEL;rue Neuve du Pont Saint-Michel;;;;;;;;;;;;;;;;Actuellement partie de la rue de la Harpe.;;;;;;;;;
;3522;rue;;Neuve de Bellechasse;RUE NEUVE DE BELLECHASSE;rue Neuve de Bellechasse;;;;;;;;;;;;;;;;Actuellement partie de la rue de Bellechasse.;;;;;;;;;
;3523;rue;;Neuve de Babylone;RUE NEUVE DE BABYLONE;rue Neuve de Babylone;;;;;;;;;;;;;;;;Actuellement partie de la rue d'Estrées.;;;;;;;;;
;3549;rue;;Neuve;RUE NEUVE;rue Neuve;;;;;;;;;;;;;;;;Actuellement rue du Petit Pont.;;;;;;;;;
;3550;porte;;Neuve;PORTE NEUVE;porte Neuve;;;;;;;;;;;;;;;;Elle était située quai des Tuileries, près la tour de Bois (enceinte de Charles V).;;;;;;;;;
;3560;ruelle;des;Neuf Arpents;RUELLE DES NEUF ARPENTS;ruelle des Neuf Arpents;;;;;;;;;;;;;;;;Actuellement partie de la rue du Chemin Vert.;;;;;;;;;
;3570;port;de;Nesle;PORT DE NESLE;port de Nesle;;;;;;;;;;;;;;;;Actuellement quai Malaquais.;;;;;;;;;
19;3578;rue;de la;Nativité;RUE DE LA NATIVITE;rue de la Nativité;12e;1867-02-26;1885-12-03;;Bercy;;;;;;;;;;;Dénommée rue Proudhon par arrêté préfectoral du 10 novembre 1885 approuvé par décret du 3 décembre 1885.;Arrêté du 26 février 1867. Précédemment rue du Commerce.;;;;;;;;
;3598;passage;;Napoléon;PASSAGE NAPOLEON;passage Napoléon;;;;;;;;;;;;;;;;Actuellement rue Borromée.;;;;;;;;;
;3632;ruelle;du;Mûrier;RUELLE DU MURIER;ruelle du Mûrier;;;;;;;;;;;;;;;;Supprimé. Elle aboutissait rue de la Mortellerie (rue de l'Hôtel de Ville).;;;;;;;;;
;3647;cul-de-sac;de la;Muette;CUL-DE-SAC DE LA MUETTE;cul-de-sac de la Muette;;;;;;;;;;;;;;;;Actuellement impasse Delaunay.;;;;;;;;;
;3827;quai;de la;Monnaie;QUAI DE LA MONNAIE;quai de la Monnaie;;;;;;;;;;;;;;;;Actuellement quai de Conti.;;;;;;;;;
;3836;rue;;Mondétor;RUE MONDETOR;rue Mondétor;;;;;;;;;;;;;;;;Actuellement rue Mondétour.;;;;;;;;;
;3927;pont;aux;Meuniers;PONT AUX MEUNIERS;pont aux Meuniers;;;;;;;;;;;;;;;;Brûlé le 24 octobre 1621. Il aboutissait en face de l'Horloge du Palais de Justice et occupait à peu près l'emplacement du pont au Change.;;;;;;;;;
;3736;cour;du;More dite des Anglais;COUR DU MORE DITE DES ANGLAIS;cour du More dite des Anglais;;;;;;;;;;;;;;;;Voir : Maure (rue du).;;;;;;;;;
;3772;rue;;Montorgueil;RUE MONTORGUEIL;rue Montorgueil;;;;;;;;;;;;;;;;Actuellement rue des Petits Carreaux.;;;;;;;;;
;3785;boulevard;;Montmarat;BOULEVARD MONTMARAT;boulevard Montmarat;;;;;;;;;;;;;;;;Actuellement boul. Montmartre.;;;;;;;;;
;3816;cul-de-sac ou impasse;du;Mont Thabor;CUL-DE-SAC OU IMPASSE DU MONT THABOR;cul-de-sac ou impasse du Mont Thabor;;;;;;;;;;;;;;;;Actuellement partie de la rue du Mont Thabor.;;;;;;;;;
;4035;cul-de-sac;de;Matignon;CUL-DE-SAC DE MATIGNON;cul-de-sac de Matignon;;;;;;;;;;;;;;;;Supprimé. Il était situé près de la place de la Petite Bretagne (Supprimé.).;;;;;;;;;
;4046;passage;;Masson;PASSAGE MASSON;passage Masson;;;;;;;;;;;;;;;;Actuellement partie de la rue Durantin.;;;;;;;;;
;4061;rue;du;Martroi;RUE DU MARTROI;rue du Martroi;;;;;;;;;;;;;;;;Supprimée par l'agrandissement de l'Hôtel de Ville. Elle aboutissait d'un côté à la place de Grève (place de l'Hôtel de Ville) et de l'autre à la rue du Monceau Saint-Gervais (Supprimé.). En 1372, elle est désignée sous le nom de rue du Chevet Saint-Jean. On l'a appelée Marteret, du Martrai, du Martroi et du Martroi Saint-Jean. Corrozet dit Martel Saint-Jean, d'autres écrivent Maltois ou Martroi ou Martrai.;;;;;;;;;
;4092;rue;;Marivas;RUE MARIVAS;rue Marivas;;;;;;;;;;;;;;;;Actuellement rue Nicolas Flamel.;;;;;;;;;
;4168;impasse;;Marcès;IMPASSE MARCES;impasse Marcès;11e;;1990-02-20;;Roquette;;;;;rue Popincourt, 39.;;;;;;Dénommée villa Marcès par décision municipale du 20 février 1990. Actuellement partie de la villa Marcès.;;;;;M. Marcès, propriétaire.;;;;
;4176;port;aux;Marbres;PORT AUX MARBRES;port aux Marbres;;;;;;;;;;;;;;;;Il était situé au droit de la place de la Concorde.;;;;;;;;;
18;812;rue;;Trouvée;RUE TROUVEE;rue Trouvée;12e;1780-01-08;1849-08-28;;Quinze-Vingts;;;;;;;;;;;Dénommée partie de la rue de Cotte par décision ministérielle du 28 août 1849.;Arrêt du conseil du Roi du 8 janvier 1780.;;;;;;;;
;814;rue;;Trousse Nonnain;RUE TROUSSE NONNAIN;rue Trousse Nonnain;;;;;;;;;;;;;;;;Actuellement partie de la rue Beaubourg.;;;;;;;;;
;890;rue;du;Trioir;RUE DU TRIOIR;rue du Trioir;;;;;;;;;;;;;;;;Ou Triouer. Voir : Triouer (rue du).;;;;;;;;;
;659;rue;;Verderet;RUE VERDERET;rue Verderet;;;;;;;;;;;;;;;;Ou Verdelet. Voir : Verdelet (rue).;;;;;;;;;
;693;partie du sentier;des;Vaugaris;PARTIE DU SENTIER DES VAUGARIS;partie du sentier des Vaugaris;;;;;;;;;;;;;;;;Supprimé. Commençait rue Léon Gérôme, finissait sentier des Vaugaris à la limite du territoire de Bagnolet.;;;;;;;;;
;700;passage;des;Variétés;PASSAGE DES VARIETES;passage des Variétés;;;;;;;;;;;;;;;;Supprimé. Il faisait partie du Palais Royal et conduisait autrefois de la rue Saint-Honoré au Théâtre Français. Ce théâtre a porté le nom de Théâtre des Variétés.;;;;;;;;;
;723;rue;de la;Vallée de Misère;RUE DE LA VALLEE DE MISERE;rue de la Vallée de Misère;;;;;;;;;;;;;;;;Voir : Descente de la Vallée de Misère (rue de la).;;;;;;;;;
;1230;rue;du;Seigneur de Montmorency;RUE DU SEIGNEUR DE MONTMORENCY;rue du Seigneur de Montmorency;03e;;;;Sainte-Avoye;;;;;;;;;;;Actuellement rue de Montmorency.;;;;;;;;;
;958;porte;de la;Tournelle;PORTE DE LA TOURNELLE;porte de la Tournelle;;;;;;;;;;;;;;;;Voir : Saint-Bernard (porte).;;;;;;;;;
;1087;grande rue;du;Temple;GRANDE RUE DU TEMPLE;grande rue du Temple;;;;;;;;;;;;;;;;Actuellement rue du Temple.;;;;;;;;;
;1099;grande rue ou rue;de;Tarennes;GRANDE RUE OU RUE DE TARENNES;grande rue ou rue de Tarennes;;;;;;;;;;;;;;;;Voir : Egout Saint-Germain (rue de l').;;;;;;;;;
;1129;rue;de;Suez;RUE DE SUEZ;rue de Suez;;;;;;;;;;;;;;;;Supprimée en partie par la construction d'une école communale. Elle allait de la rue de Bagnolet, 77, à la rue de Lesseps. La partie restante, située rue de Bagnolet, 77, est Actuellement l'imp. Suez.;;;;;;;;;
;1134;boulevard;de;Strasbourg;BOULEVARD DE STRASBOURG;boulevard de Strasbourg;;;1851-05-10;;;;;;;;;;;;;Dénommé boulevard de la Butte Chaumont par arrêté préfectoral du 10 mai 1851. Actuellement partie du boulevard de la Villette.;;;;;;;;;
;1174;rue;des;Singes;RUE DES SINGES;rue des Singes;04e;;1868-04-02;;Saint-Gervais;;;;;;;;;;;Dénommée partie de la rue des Guillemites par arrêté préfectoral du 2 avril 1868.;;;;;;;;;
;1398;rue;;Sainte-Croix Chaussée d'Antin;RUE SAINTE-CROIX CHAUSSEE D'ANTIN;rue Sainte-Croix Chaussée d'Antin;;;;;;;;;;;;;;;;Actuellement partie de la rue de Caumartin.;;;;;;;;;
;1547;porte;;Saint-Michel;PORTE SAINT-MICHEL;porte Saint-Michel;;;;;;;;;;;;;;;;Voir : Enfer (porte d').;;;;;;;;;
;1474;porte;;Saint-Roch;PORTE SAINT-ROCH;porte Saint-Roch;;;;;;;;;;;;;;;;Voir : Gaillon (porte).;;;;;;;;;
;1288;rue;des;Sans Culottes;RUE DES SANS CULOTTES;rue des Sans Culottes;;;;;;;;;;;;;;;;Actuellement rue Guisarde.;;;;;;;;;
;1363;rue;;Sainte-Marguerite;RUE SAINTE-MARGUERITE;rue Sainte-Marguerite;11e;;1894-12-28;;Sainte-Marguerite;;;;;;;;;;;Dénommée rue Trousseau par arrêté préfectoral du 28 décembre 1894.;;;;;;;;;
;1584;grand'rue;;Saint-Marceau;GRAND'RUE SAINT-MARCEAU;grand'rue Saint-Marceau;;;;;;;;;;;;;;;;Voir : Saint-Marcel (rue).;;;;;;;;;
;1693;ruelle;;Saint-Honoré;RUELLE SAINT-HONORE;ruelle Saint-Honoré;;;;;;;;;;;;;;;;Voir : Harvey (rue).;;;;;;;;;
;1732;grant rue;;Saint-Germain;GRANT RUE SAINT-GERMAIN;grant rue Saint-Germain;;;;;;;;;;;;;;;;Actuellement rue du Four.;;;;;;;;;
;1782;porte;;Saint-Denis;PORTE SAINT-DENIS;porte Saint-Denis;;;;;;;;;;;;;;;;Elle était située rue Saint-Denis (enceinte de Philippe-Auguste). Elle a été appelée porte Royale.;;;;;;;;;
;1792;rue;;Saint-Damien;RUE SAINT-DAMIEN;rue Saint-Damien;;;;;;;;;;;;;;;;Et Saint-Côme. Actuellement rue de l'Ecole de Médecine.;;;;;;;;;
;2183;rue;;Renard Le Fèvre;RUE RENARD LE FEVRE;rue Renard Le Fèvre;;;;;;;;;;;;;;;;Voir : Renaud Lefèvre (rue).;;;;;;;;;
;2197;rue;du;Rempart;RUE DU REMPART;rue du Rempart;;;;;;;;;;;;;;;;Actuellement partie de la rue Malebranche.;;;;;;;;;
;2201;cour;des;Religieux;COUR DES RELIGIEUX;cour des Religieux;;;;;;;;;;;;;;;;Actuellement partie de la rue Bonaparte.;;;;;;;;;
;2095;quai;de la;Rivière;QUAI DE LA RIVIERE;quai de la Rivière;;;;;;;;;;;;;;;;Actuellement quai des Grands Augustins.;;;;;;;;;
;1896;rue;du;Sablon;RUE DU SABLON;rue du Sablon;;;;;;;;;;;;;;;;Supprimé. en 1511, pour l'agrandissement de l'Hôtel Dieu. On disait aussi rue des Sablons.;;;;;;;;;
;1937;route;;Nationale N° 7;ROUTE NATIONALE N? 7;route Nationale N° 7;;;;;;;;;;;;;;;;Actuellement av. d'Italie et partie de l'av. de la Porte d'Italie.;;;;;;;;;
;1945;route;;Nationale N° 189;ROUTE NATIONALE N? 189;route Nationale N° 189;;;;;;;;;;;;;;;;Actuellement partie de la rue de Vaugirard et de l'av. Ernest Renan.;;;;;;;;;
;1961;route;;Départementale n° 54;ROUTE DEPARTEMENTALE N? 54;route Départementale n° 54;;;;;;;;;;;;;;;;Voir : Châtillon (av. de).;;;;;;;;;
;2463;rue;des;Pots;RUE DES POTS;rue des Pots;;;;;;;;;;;;;;;;Ou Poteries. Voir : Poteries (rue des).;;;;;;;;;
;2477;rue;de la;Poterie;RUE DE LA POTERIE;rue de la Poterie;04e;;1868-04-02;;Saint-Merri;;;;;;;;;;;Dénommée partie de la rue du Renard par arrêté préfectoral du 2 avril 1868.;;;Dite aussi rue de la Poterie des Arcis;;;;;;
;8155;chemin de ronde;de la;Barrière des Rats;CHEMIN DE RONDE DE LA BARRIERE DES RATS;chemin de ronde de la Barrière des Rats;;;;;;;;;;;;;;;;Actuellement partie du boul. de Ménilmontant. Il commençait rue des Rats (Actuellement rue de Mont-Louis et rue Pierre Bayle) et finissait rue de la Roquette.;;;;;;;;;
;8172;rue;de la;Barrière;RUE DE LA BARRIERE;rue de la Barrière;;;;;;;;;;;;;;;;Actuellement rue du Champ de l'Alouette.;;;;;;;;;
;7553;rue;de;Brodeval derrière les Incurables;RUE DE BRODEVAL DERRIERE LES INCURABLES;rue de Brodeval derrière les Incurables;;;;;;;;;;;;;;;;Ou Brodeurs (rue des). Voir : Brodeurs (rue des).;;;;;;;;;
;6262;rue;des;Deux Moulins;RUE DES DEUX MOULINS;rue des Deux Moulins;;;;;;;;;;;;;;;;Ou Deux Moulins Saint-Antoine (rue des). Actuellement rue Lamblardie.;;;;;;;;;
;6281;cour;;Dessort;COUR DESSORT;cour Dessort;12e;;;;Bercy;;;;;;;;;;;Supprimée. Voie située dans les anciens entrepôts de Bercy.;;;;;Entrepôt de M. Dessort;;;;
;6286;impasse;;Désiré;IMPASSE DESIRE;impasse Désiré;;;;;;;;;;;;;;;;Actuellement imp. Léger.;;;;;;;;;
;6290;rue;du;Désert;RUE DU DESERT;rue du Désert;;;;;;;;;;;;;;;;Supprimé. vers 1823. Elle commençait petite rue du Désert (Supprimé.) et finissait rue de la Rochefoucauld.;;;;;;;;;
;6953;rue;du;Cherche Midy;RUE DU CHERCHE MIDY;rue du Cherche Midy;;;;;;;;;;;;;;;;Voir : Chasse Midi (rue du).;;;;;;;;;
;6974;rue;du;Chemin Vert;RUE DU CHEMIN VERT;rue du Chemin Vert;12e;;;;Bercy;;;;;;;;;;;Actuellement rue Proudhon.;;;;;;;;;
;4968;rue;;Hillorain Bertin;RUE HILLORAIN BERTIN;rue Hillorain Bertin;;;;;;;;;;;;;;;;Voir : Hillerin Bertin (rue).;;;;;;;;;
;5616;rue;des;Fossés Saint-Germain;RUE DES FOSSES SAINT-GERMAIN;rue des Fossés Saint-Germain;;;;;;;;;;;;;;;;Actuellement rue des Ciseaux.;;;;;;;;;
;5645;rue;;Fortuné;RUE FORTUNE;rue Fortuné;;;;;;;;;;;;;;;;Actuellement partie de la rue Balzac.;;;;;;;;;
;6319;rue;du;Demi-Saint;RUE DU DEMI-SAINT;rue du Demi-Saint;;;;;;;;;;;;;;;;"Supprimé par l'ouverture de la place du Louvre. Elle commençait rue Chilpéric et finissait rue des Fossés Saint-Germain l'Auxerrois. En 1271, c'était la rue du Tronc Bernard ; en 1300, rue du Trou Bernard ; à la fin du Xve siècle, rue du Demi-Saint.";;;;;;;;;
;6332;passage;;Delessert;PASSAGE DELESSERT;passage Delessert;;;;;;;;;;;;;;;;Actuellement rue Pierre Dupont.;;;;;;;;;
;6990;rue;du;Chemin de Ménilmontant;RUE DU CHEMIN DE MENILMONTANT;rue du Chemin de Ménilmontant;;;;;;;;;;;;;;;;Actuellement partie de la rue Oberkampf.;;;;;;;;;
;7004;;;Chemin de Grande Communication N° 31;CHEMIN DE GRANDE COMMUNICATION N? 31;Chemin de Grande Communication N° 31;;;;;;;;;;;;;;;;Actuellement boul. de la Commanderie.;;;;;;;;;
;7056;place;aux;Chats;PLACE AUX CHATS;place aux Chats;;;;;;;;;;;;;;;;Voir : Limace (rue de la).;;;;;;;;;
;5728;passage;de;Flore;PASSAGE DE FLORE;passage de Flore;;;;;;;;;;;;;;;;Supprimé. par l'ouverture du boul. du Palais. Il conduisait de la rue de la Pelleterie (Supprimé.) à la rue de Constantine (Actuellement rue de Lutèce).;;;;;;;;;
;6387;passage et cour;des;Dames Saint-Chaumond;PASSAGE ET COUR DES DAMES SAINT-CHAUMOND;passage et cour des Dames Saint-Chaumond;;;;;;;;;;;;;;;;Supprimé. Ils étaient situés entre les rues Saint-Denis et du Ponceau. Cette dernière rue a été absorbée par le boulevard de Sébastopol.;;;;;;;;;
;5750;rue;des;Filles Pénitentes;RUE DES FILLES PENITENTES;rue des Filles Pénitentes;;;;;;;;;;;;;;;;Ou Filles Repenties (rue des). Voir : Orléans Saint-Honoré (rue d').;;;;;;;;;
;5763;rue;aux;Fèves;RUE AUX FEVES;rue aux Fèves;;;;;;;;;;;;;;;;"Supprimé. en 1860. Elle commençait rue de la Vieille Draperie (Supprimé.) et finissait rue de la Calandre (Supprimé.). En 1260, vicus Fabrorum. En 1291, rue aux Fèves (vicus Fabarum) ; plus tard rue au Feure, rue aux Febvres ou Fèvres, via ad Fabros.";;;;;;;;;
;6422;ruelle;du;Curé de Saint-Eustache;RUELLE DU CURE DE SAINT-EUSTACHE;ruelle du Curé de Saint-Eustache;;;;;;;;;;;;;;;;Voir : Traînée (rue).;;;;;;;;;
;6444;rue;du;Crucifix Saint-Jacques;RUE DU CRUCIFIX SAINT-JACQUES;rue du Crucifix Saint-Jacques;;;;;;;;;;;;;;;;Voir : Saint-Jacques la Boucherie (rue).;;;;;;;;;
;358;voie;;Z/11;VOIE Z/11;voie Z/11;11e;;1979-07-27;;Saint-Ambroise;;;;;;;;;;;Dénommée rue Scarron par arrêté municipal du 27 juillet 1979.;;;;;;;;;
;282;voie;;DL/12;VOIE DL/12;voie DL/12;12e;;2000-11-24;;Bercy;;;;;;;;;;;Dénommée square Eugène Hatton par décision municipale du 24 novembre 2000.;;;;;;;;;
;12061;quai;du;Marché Neuf;QUAI DU MARCHE NEUF;quai du Marché Neuf;04e;;2018-12-10;;Notre-Dame;;155;20;91C2;Petit Pont-Cardinal Lustiger et rue de la Cité, 6.;pont Saint-Michel et boulevard du Palais, 15.;8;;;Les immeubles portant les nos 4, 6 et 8 sont assujettis à une servitude d'architecture.;"Dénommé quai du Marché Neuf-Maurice Grimaud par délibération municipale des 10, 11, 12 et 13 décembre 2018. En 1210, c'était la rue de l'Orberie ou de l'Herberie ; en 1568, la rue du Marché Neuf.";;;;Arrêté du 31 juillet 1872.;Emplacement de l'ancien Marché Neuf.;;;;Ce quai a été formé en exécution de lettres patentes du 9 septembre 1734 et du 22 avril 1769. Un décret du 15 décembre 1851 a déclaré d'utilité publique son prolongement jusqu'au Petit Pont. Il a été élargi à la suite d'un décret du 8 août 1860, relatif à la construction de la caserne de la Cité.
20;14264;passerelle;;BZ/12;PASSERELLE BZ/12;passerelle BZ/12;12e;1991-01-01;2021-04-15;;Picpus;;87;2,5;114A3,114A4;allée Vivaldi.;rue Jacques Hillairet.;;;;;Dénommée passerelle André Léo par délibération municipale des 13, 14 et 15 avril 2021. Voie créée dans le cadre de l'aménagement de la Zac `Reuilly`.;;;Passerelle publique enjambant un espace vert. Acquisition par la Ville de Paris en date du 26 janvier 1993. Arrêté municipal du 26 juillet 1996, supprimant de la liste des voies privées ouvertes à la circulation la voie BZ/12, devenue voie publique.;;;;;;
;197;voie;;DM/12;VOIE DM/12;voie DM/12;12e;;2006-11-02;;Bercy;;;;;;;;;;;Dénommée rue Gerty Archimède par arrêté municipal du 2 novembre 2006.;;;;;;;;;
;15556;impasse;;Parmentier;IMPASSE PARMENTIER;impasse Parmentier;11e;;1863-01-24;;Saint-Ambroise;;;;;avenue Parmentier, 15.;en impasse;;;;;Intégrée au sol de voie de la rue Saint-Irénée (actuellement rue Lacharrière) par décret impérial du 24 janvier 1863.;;;;;;;;;
;636;rue;du;Vert Buisson;RUE DU VERT BUISSON;rue du Vert Buisson;;;;;;;;;;;;;;;;Voir : Ile des Cygnes (rue de l').;;;;;;;;;
;558;rue;des;Vieilles Étuves;RUE DES VIEILLES ETUVES;rue des Vieilles Étuves;04e;;;;Saint-Merri;;;;;;;;;;;"Devenue rue des Vielles Étuves Saint-Martin, puis dénommée rue des Étuves Saint-Martin par arrêté du 24 janvier 1881.  En 1350, c'était la rue Geoffroy des Bains ou Geoffroy des Estuves ; en 1300, la rue des Estuves.";;;;;;;;;
;596;rue;de la;Vieille Behaigne;RUE DE LA VIEILLE BEHAIGNE;rue de la Vieille Behaigne;;;;;;;;;;;;;;;;Voir : Behaigne (rue de).;;;;;;;;;
;778;quai;de l';Unité;QUAI DE L'UNITE;quai de l'Unité;;;;;;;;;;;;;;;;Actuellement quai de Conti.;;;;;;;;;
;789;voie;;T/12;VOIE T/12;voie T/12;12e;;1960-09-28;;Picpus;;;;;;;;;;;Dénommée villa des Artisans (supprimée) par décision préfectorale du 28 septembre 1960.;;;;;;;;;
;923;rue;;Traversane;RUE TRAVERSANE;rue Traversane;;;;;;;;;;;;;;;;Actuellement partie de la rue Berger.;;;;;;;;;
;926;rue;;Transnonnain;RUE TRANSNONNAIN;rue Transnonnain;;;1851-03-11;;;;;;;;;;;;;Dénommée partie de la rue Beaubourg par arrêté préfectoral du 11 mars 1851.;;;;;;;;;
;4407;sentier;de la;Lieutenance;SENTIER DE LA LIEUTENANCE;sentier de la Lieutenance;12e;;;;Bel-Air;;;;;boulevard Carnot.;avenue Maurice Ravel;;;;;Supprimé.;;;Situé sur le territoire zonier de Saint-Mandé annexé à Paris par décret du 18 avril 1929.;;;;;;
21;15252;allée;;Célestin Hennion;ALLEE CELESTIN HENNION;allée Célestin Hennion;04e;2006-11-28;2007-07-11;;Notre-Dame;;;;91A4;;;;;;;;Arrêté municipal du 28 novembre 2006.;;Voie desservant les boutiques du marché aux fleurs, place Louis Lépine. L'arrêté du 11 juillet 2007 a modifié les emprises des précédentes dénominations (arrêtés du 11 août 2006 et du 28 novembre 2006).;;Célestin Hennion (Gommegnies (Nord), 1862-Le Havre, 1915), grand réformateur de l'organisation policière française. Nommé à la succession de Louis Lépine comme préfet de police en 1913, puis en 1914 avec rang d'ambassadeur, Commissaire général du Gouvernement de la République auprès du Gouvernement belge basé près du Havre.;;;;
21;15042;voie;;DP/12;VOIE DP/12;voie DP/12;12e;2010-01-01;2021-06-04;;Bercy;;58;7;113B4;rue Jorge Semprun, 26.;rue du Charolais, 35;;;;;Dénommée rue Anna Jaclard par décision municipale du 4 juin 2021.;;;;;;;;;
;4518;rue;de la;Lanterne;RUE DE LA LANTERNE;rue de la Lanterne;04e;;;;Notre-Dame;;;;;;;;;;;Actuellement partie de la place Louis Lépine et de la rue de la Cité.;;;;;;;;;
19;4552;avenue;;Lacuée;AVENUE LACUEE;avenue Lacuée;12e;1875-02-10;1879-08-16;;Quinze-Vingts;;;;;;;;;;;Dénommée partie de l'avenue Ledru-Rollin par arrêté préfectoral du 16 août 1879.;Décret présidentiel du 10 février 1875.;;;;;;;;
;4548;passage;;Laffite;PASSAGE LAFFITE;passage Laffite;;;;;;;;;;;;;;;;Supprimé. en 1854. Il allait de la rue Le Peletier, 11, à la rue Laffitte, 16.;;;;;;;;;
;4284;rue;des;Magasins;RUE DES MAGASINS;rue des Magasins;;;;;;;;;;;;;;;;Actuellement rue de Saint-Quentin.;;;;;;;;;
;4332;place;du;Louvre;PLACE DU LOUVRE;place du Louvre;;;;;;;;;;;;;;;;Supprimée lors de l'ouverture de la rue de l'Amiral de Coligny.;;;;;;;;;
;4369;ruelle;;Longue Allée;RUELLE LONGUE ALLEE;ruelle Longue Allée;;;;;;;;;;;;;;;;Actuellement imp. Bouvart.;;;;;;;;;
;4373;rue;de;Longpont;RUE DE LONGPONT;rue de Longpont;04e;;;;Saint-Gervais;;;;;;;;;;;Actuellement rue de Brosse.;;;Dite aussi rue aux Moines de Longpont;;;;;;
;4394;rue;de la;Limace;RUE DE LA LIMACE;rue de la Limace;;;;;;;;;;;;;;;;Supprimée par l'ouverture de la rue des Halles. Elle commençait rue des Déchargeurs et finissait rue des Bourdonnais. Vers 1300, c'était la rue de la Mancherie. En 1412, elle était déjà nommée rue de la Limace. En 1575, rue de la Place aux Pourceaux, autrement dite de la Limace, et rue de la Viels Place aux Pourceaux. Sauval dit qu'elle a été appelée rue aux Chats et de la Place aux Chats.;;;;;;;;;
;7647;rue;;Bourdet;RUE BOURDET;rue Bourdet;;;;;;;;;;;;;;;;Ou Bourdelle. Actuellement rue Descartes.;;;;;;;;;
;7694;rue;de la;Bouclerie;RUE DE LA BOUCLERIE;rue de la Bouclerie;;;;;;;;;;;;;;;;Actuellement partie de la rue Brisemiche.;;;;;;;;;
;7708;ruelle;de la;Boucherie;RUELLE DE LA BOUCHERIE;ruelle de la Boucherie;;;;;;;;;;;;;;;;Actuellement partie de la rue Grégoire de Tours.;;;;;;;;;
;7714;rue;;Bouchée;RUE BOUCHEE;rue Bouchée;;;;;;;;;;;;;;;;Voir : Oblin (rue).;;;;;;;;;
;7742;ruelle;des;Bons Enfants;RUELLE DES BONS ENFANTS;ruelle des Bons Enfants;;;;;;;;;;;;;;;;Voir : Saint-Benoît (cul-de-sac).;;;;;;;;;
;7480;vicus;de;Byeria;VICUS DE BYERIA;vicus de Byeria;;;;;;;;;;;;;;;;Voir : Venise (Imp. de).;;;;;;;;;
;7520;rue;de la;Buffeterie;RUE DE LA BUFFETERIE;rue de la Buffeterie;;;;;;;;;;;;;;;;Actuellement partie de la rue des Lombards.;;;;;;;;;
;7572;rue;;Breneuse;RUE BRENEUSE;rue Breneuse;;;;;;;;;;;;;;;;Voir : Pagevin (rue).;;;;;;;;;
;7583;rue;du;Brave;RUE DU BRAVE;rue du Brave;;;;;;;;;;;;;;;;Supprimé. en 1814. Elle commençait rue des Quatre Vents et finissait rue du Petit Lion (Actuellement partie de la rue Saint-Sulpice). En 1621 elle est nommée rue du Petit Brave. Elle aurait aussi porté le nom de rue de Brenne.;;;;;;;;;
;8229;place et porte;;Balederii;PLACE ET PORTE BALEDERII;place et porte Balederii;;;;;;;;;;;;;;;;Ou Baldaeri. Voir : Baldaeri (place et porte).;;;;;;;;;
;7619;impasse;de la;Bouteille;IMPASSE DE LA BOUTEILLE;impasse de la Bouteille;;;;;;;;;;;;;;;;Supprimée par l'ouverture de la rue Etienne Marcel. Elle était située rue Montorgueil près de la rue Tiquetonne. Au XVIIe siècle rue de la Cueiller et rue Commune.;;;;;;;;;
;7636;cour;de;Bourgogne;COUR DE BOURGOGNE;cour de Bourgogne;12e;;1877-02-01;;Quinze-Vingts;;;;;;;;;;;Dénommée cour des Bourguignons (supprimée) par arrêté préfectoral du 1er février 1877.;;;;;;;;;
;5626;chemin;sur les;Fossés de l'Abbaye;CHEMIN SUR LES FOSSES DE L'ABBAYE;chemin sur les Fossés de l'Abbaye;;;;;;;;;;;;;;;;Actuellement rue de l'Echaudé.;;;;;;;;;
;5635;rue;du;Fossé Mademoiselle;RUE DU FOSSE MADEMOISELLE;rue du Fossé Mademoiselle;;;;;;;;;;;;;;;;Voir : Saint-Nicaise (rue).;;;;;;;;;
;5644;avenue;;Fortunée;AVENUE FORTUNEE;avenue Fortunée;;;;;;;;;;;;;;;;Actuellement partie de la rue Balzac.;;;;;;;;;
;6337;passage;;Delaruelle;PASSAGE DELARUELLE;passage Delaruelle;;;;;;;;;;;;;;;;Actuellement rue des Tennis.;;;;;;;;;
;6998;partie du;;Chemin de Grande Communication N° 50;PARTIE DU CHEMIN DE GRANDE COMMUNICATION N? 50;partie du Chemin de Grande Communication N° 50;;;;;;;;;;;;;;;;Actuellement boul. Carnot.;;;;;;;;;
;7005;;;Chemin de Grande Communication N° 20 Bis;CHEMIN DE GRANDE COMMUNICATION N? 20 BIS;Chemin de Grande Communication N° 20 Bis;;;;;;;;;;;;;;;;Actuellement av. Ibsen.;;;;;;;;;
;5683;rue;de la;Fontaine Maubuée;RUE DE LA FONTAINE MAUBUEE;rue de la Fontaine Maubuée;04e;;;;Saint-Merri;;;;;;;;;;;Partie supprimée de la rue Simon Le Franc, entre les rues Brisemiche (tronçon supprimé) et Saint-Martin.;;;;;;;;;
;7040;rue;de la;Chaussée des Minimes;RUE DE LA CHAUSSEE DES MINIMES;rue de la Chaussée des Minimes;03e;;1867-02-26;;Archives;;;;;;;;;;;Dénommée rue de Béarn par arrêté préfectoral du 26 février 1867.;;;;;;;;;
;6396;rue;;Dame Agnès l'Asnière;RUE DAME AGNES L'ASNIERE;rue Dame Agnès l'Asnière;;;;;;;;;;;;;;;;Actuellement partie de la rue Sainte-Croix de la Bretonnerie.;;;;;;;;;
;6397;rue;;Dame Agnès;RUE DAME AGNES;rue Dame Agnès;;;;;;;;;;;;;;;;Supprimé. D'après Sauval, elle aboutissait rue de la Mortellerie (rue de l'Hôtel de Ville), près de la Chapelle d'Etienne Haudry. Elle est mentionnée dans le compte de prévôté de Paris de 1417.;;;;;;;;;
;6398;allée;des;Dahlias;ALLEE DES DAHLIAS;allée des Dahlias;;;;;;;;;;;;;;;;Supprimé. Commençait av. Paul Appell, finissait allée des Sureaux (Supprimé.).;;;;;;;;;
;7083;rue;du;Chataigner;RUE DU CHATAIGNER;rue du Chataigner;;;;;;;;;;;;;;;;Actuellement rue Laromiguière.;;;;;;;;;
;7095;rue;de la;Chartrière;RUE DE LA CHARTRIERE;rue de la Chartrière;;;;;;;;;;;;;;;;Actuellement imp. Chartière.;;;;;;;;;
;5108;rue;;Guntzbourg;RUE GUNTZBOURG;rue Guntzbourg;;;;;;;;;;;;;;;;Actuellement rue Cardinale.;;;;;;;;;
;5756;vicus;;Figularia;VICUS FIGULARIA;vicus Figularia;;;;;;;;;;;;;;;;Actuellement rue du Renard.;;;;;;;;;
;6437;rue;de la;Cueiller;RUE DE LA CUEILLER;rue de la Cueiller;;;;;;;;;;;;;;;;Voir : Bouteille (imp. de la).;;;;;;;;;
;6447;rue;du;Crucifix;RUE DU CRUCIFIX;rue du Crucifix;;;;;;;;;;;;;;;;Voir : Petit Crucifix (rue du).;;;;;;;;;
;6459;cul-de-sac;de la;Croix Neuve;CUL-DE-SAC DE LA CROIX NEUVE;cul-de-sac de la Croix Neuve;;;;;;;;;;;;;;;;Actuellement imp. Saint-Eustache.;;;;;;;;;
;4572;impasse;;La Rochelle;IMPASSE LA ROCHELLE;impasse La Rochelle;;;;;;;;;;;;;;;;Actuellement rue Larochelle.;;;;;;;;;
19;4481;cour;;Leby;COUR LEBY;cour Leby;12e;1877-02-01;1938-12-31;;Picpus;;;;;rue Claude Decaen, 67.;;;;;;Supprimée en 1938.;Arrêté préfectoral du 1er février 1877.;;;;;;;;
19;4432;cité;;Lesage-Bullourde;CITE LESAGE-BULLOURDE;cité Lesage-Bullourde;11e;1877-02-01;1965-12-31;;Roquette;;98;3,5;;avenue Ledru-Rollin, 119.;passage Bullourde, 10;8;;;;Supprimée en 1965. Précédemment cité Lesage.;Arrêté du 1er février 1877.;;;;M. Lesage-Bullourde, propriétaire;;;Arrêté préfectoral du 29 octobre 1913;
;4543;rue;de;Lagny dite de la Grande Bretonnerie;RUE DE LAGNY DITE DE LA GRANDE BRETONNERIE;rue de Lagny dite de la Grande Bretonnerie;;;;;;;;;;;;;;;;Actuellement rue Sainte-Croix de la Bretonnerie.;;;;;;;;;
;4541;rue;de la;Laiterie;RUE DE LA LAITERIE;rue de la Laiterie;;;;;;;;;;;;;;;;Supprimé. par l'ouverture du boul. de Sébastopol. Elle était située dans l'enclos de la Trinité (Supprimé.) et conduisait de la rue des Arts à la cour du Commerce. En 1790, elle portait le nom de rue Saint-Pierre.;;;;;;;;;
;4308;rue;de;Lyrundelle;RUE DE LYRUNDELLE;rue de Lyrundelle;;;;;;;;;;;;;;;;Actuellement rue de l'Hirondelle.;;;;;;;;;
;4338;rue;de;Loursine;RUE DE LOURSINE;rue de Loursine;;;;;;;;;;;;;;;;Ou Lorcines ou encore Lourcine. Actuellement rues Edouard Quénu, Broca et Léon-Maurice Nordmann.;;;;;;;;;
;4352;pont;;Louis-Philippe;PONT LOUIS-PHILIPPE;pont Louis-Philippe;04e;;1859-12-31;;Notre-Dame, Saint-Gervais;;;;;;;;;;;Il réunissait le quai de l'Hôtel de Ville au quai aux Fleurs en passant à l'extrémité de l'île Saint-Louis. Supprimé en 1859, il a été remplacé par le pont actuel dont la direction n'est pas la même.;;;;;;;;;
;4387;rue;de;Lionne;RUE DE LIONNE;rue de Lionne;;;;;;;;;;;;;;;;Actuellement partie de la rue Sainte-Anne.;;;;;;;;;
;7649;rue;de la;Bourde;RUE DE LA BOURDE;rue de la Bourde;;;;;;;;;;;;;;;;Voir : Port-Royal (rue de).;;;;;;;;;
;7663;port;de;Bourbon;PORT DE BOURBON;port de Bourbon;;;;;;;;;;;;;;;;Il était situé devant l'Hôtel de Bourbon et le palais du Louvre (1564).;;;;;;;;;
;7669;rue;du;Bouloir Saint-Germain;RUE DU BOULOIR SAINT-GERMAIN;rue du Bouloir Saint-Germain;;;;;;;;;;;;;;;;Actuellement partie de la rue de Sèvres.;;;;;;;;;
;7676;rue;du;Boullouer;RUE DU BOULLOUER;rue du Boullouer;;;;;;;;;;;;;;;;Ou Boulloy. Actuellement partie de la rue de Sèvres.;;;;;;;;;
;8295;rue;de l';Aviron;RUE DE L'AVIRON;rue de l'Aviron;;;;;;;;;;;;;;;;Voir : Fourcy (imp. de).;;;;;;;;;
;7737;cité;;Bonvoisin;CITE BONVOISIN;cité Bonvoisin;;;;;;;;;;;;;;;;Supprimé. Elle était située rue Marcadet, 175.;;;;;;;;;
;8313;rue;d';Autruche;RUE D'AUTRUCHE;rue d'Autruche;;;;;;;;;;;;;;;;Voir : Autriche (rue d').;;;;;;;;;
;7795;voie;;BN/12;VOIE BN/12;voie BN/12;12e;;1993-02-11;;Bercy;;;;;;;;;;;Dénommée rue Baron Le Roy par arrêté municipal du 11 février 1993. Son emprise a englobé une partie de la rue Neuve de la Garonne.;;;;;;;;;
;8405;rue;;Arpentier;RUE ARPENTIER;rue Arpentier;;;;;;;;;;;;;;;;Actuellement rue Marie Pape-Carpantier.;;;;;;;;;
;8406;rue;de l';Arpenteur;RUE DE L'ARPENTEUR;rue de l'Arpenteur;;;;;;;;;;;;;;;;Actuellement rue du Sabot.;;;;;;;;;
;8417;place;des;Armes;PLACE DES ARMES;place des Armes;;;;;;;;;;;;;;;;Ou de l'Arsenal. Voir : Arsenal (place de l').;;;;;;;;;
;7855;rue;;Bigot;RUE BIGOT;rue Bigot;;;;;;;;;;;;;;;;Actuellement rue Monsieur.;;;;;;;;;
;8434;ruelle;de l';Archiprêtre;RUELLE DE L'ARCHIPRETRE;ruelle de l'Archiprêtre;;;;;;;;;;;;;;;;Actuellement rue des Prêtres Saint-Séverin.;;;;;;;;;
;8530;rue;;Angélique;RUE ANGELIQUE;rue Angélique;;;;;;;;;;;;;;;;Actuellement partie de la rue Le Regrattier.;;;;;;;;;
;8544;cul-de-sac;;Andelas;CUL-DE-SAC ANDELAS;cul-de-sac Andelas;;;;;;;;;;;;;;;;Voir : Andrelas (cul-de-sac).;;;;;;;;;
;7244;rue;du;Champ Malouin;RUE DU CHAMP MALOUIN;rue du Champ Malouin;;;;;;;;;;;;;;;;Actuellement rue Saint-Romain.;;;;;;;;;
;8597;passage;de l';Alma;PASSAGE DE L'ALMA;passage de l'Alma;;;;;;;;;;;;;;;;Actuellement rue de l'Exposition.;;;;;;;;;
;1696;grand chemin;;Saint-Honoré;GRAND CHEMIN SAINT-HONORE;grand chemin Saint-Honoré;;;;;;;;;;;;;;;;Actuellement partie de la rue Saint-Honoré.;;;;;;;;;
;1697;fausse porte;;Saint-Honoré;FAUSSE PORTE SAINT-HONORE;fausse porte Saint-Honoré;;;;;;;;;;;;;;;;Voir : Argencourt (porte d').;;;;;;;;;
;1754;porte;;Saint-Eustache;PORTE SAINT-EUSTACHE;porte Saint-Eustache;;;;;;;;;;;;;;;;Voir : Montmartre (porte).;;;;;;;;;
;1807;cul-de-sac;;Saint-Claude;CUL-DE-SAC SAINT-CLAUDE;cul-de-sac Saint-Claude;;;;;;;;;;;;;;;;Voir : Crucifix (cul-de-sac du).;;;;;;;;;
;2199;rue;du;Rempart;RUE DU REMPART;rue du Rempart;;;;;;;;;;;;;;;;Actuellement rue Jean Beausire.;;;;;;;;;
;2111;place;de;Richelieu;PLACE DE RICHELIEU;place de Richelieu;;;;;;;;;;;;;;;;Actuellement rue de Louvois.;;;;;;;;;
;2124;rue;;Richard des Poulies;RUE RICHARD DES POULIES;rue Richard des Poulies;;;;;;;;;;;;;;;;Actuellement rue Portefoin et partie de la rue des Francs Bourgeois.;;;;;;;;;
;2139;rond-point;de la;Révolte;ROND-POINT DE LA REVOLTE;rond-point de la Révolte;;;;;;;;;;;;;;;;Actuellement partie de la place du Général Koenig.;;;;;;;;;
;2145;passage;de la;Réunion;PASSAGE DE LA REUNION;passage de la Réunion;03e;;;;Sainte-Avoye;;95;3;;rue du Maure, 6.;rue Saint-Martin, 176;12;11;;;Supprimé lors de l'aménagement du secteur des Halles. Commençait rue du Maure, 6 (Supprimé.) et finissait rue Saint-Martin, 176.;;;;;Formé vers 1790, porte le nom de l'ancienne section révolutionnaire de la Réunion, dans laquelle il était compris.;;;Arrêté du 12 juin 1914.;
;1874;impasse;;Saint-Ambroise;IMPASSE SAINT-AMBROISE;impasse Saint-Ambroise;11e;;1873-11-10;;Saint-Ambroise;;;;;;;;;;;Dénommée impasse Saint-Irénée par arrêté préfectoral du 10 novembre 1873. Actuellement square Saint-Irénée.;;;;;;;;;
;1923;rue;;Royale;RUE ROYALE;rue Royale;;;;;;;;;;;;;;;;Actuellement impasse Guéménée.;;;;;;;;;
;1924;rue;;Royale;RUE ROYALE;rue Royale;;;;;;;;;;;;;;;;Actuellement rue Lepic.;;;;;;;;;
;1928;place;;Royale;PLACE ROYALE;place Royale;03e, 04e;;1870-09-16;;Archives, Arsenal;;;;;;;;;;;Dénommée place des Vosges par arrêté du maire de Paris du 16 septembre 1870.;;;;;;;;;
;1957;route;;Départementale N° 61;ROUTE DEPARTEMENTALE N? 61;route Départementale N° 61;;;;;;;;;;;;;;;;Actuellement partie de la rue Lecourbe.;;;;;;;;;
;1989;route;;Départementale N° 21;ROUTE DEPARTEMENTALE N? 21;route Départementale N° 21;12e;;1930-01-23;;Bel-Air, Picpus;;;;;;;;;;;Dénommée avenue du Tremblay par arrêté préfectoral du 23 janvier 1930.;;;;;;;;;
;2007;route;;Départementale N° 1;ROUTE DEPARTEMENTALE N? 1;route Départementale N° 1;;;;;;;;;;;;;;;;Actuellement av. Georges Lafont, rue Gudin et place Léon Deubel.;;;;;;;;;
;2450;rue;;Pouliveau;RUE POULIVEAU;rue Pouliveau;;;;;;;;;;;;;;;;Actuellement rue Poliveau.;;;;;;;;;
;4227;quai;;Malaquest;QUAI MALAQUEST;quai Malaquest;;;;;;;;;;;;;;;;Actuellement quai Malaquais.;;;;;;;;;
;7127;rue;de la;Charpenterie;RUE DE LA CHARPENTERIE;rue de la Charpenterie;;;;;;;;;;;;;;;;Voir : Béthisy (rue).;;;;;;;;;
;7131;barrière;de;Charonne;BARRIERE DE CHARONNE;barrière de Charonne;;;;;;;;;;;;;;;;Voir : Fontarabie (barrière de).;;;;;;;;;
20;5135;rue;de;Guichen;RUE DE GUICHEN;rue de Guichen;12e;1933-01-31;;;Bel-Air;;;;;;;;;;;Nom attribué par un arrêté du 31 janvier 1933 à une voie qui avait été projetée sur l'emplacement du bastion n° 7. Elle devait aboutir boulevard Soult, 40.;Arrêté préfectoral du 31 janvier 1933;;;;;;;;
;5149;rue;;Guerlain;RUE GUERLAIN;rue Guerlain;;;;;;;;;;;;;;;;Supprimé. par l'ouverture de l'av. Kléber. Elle conduisait de la rue Pauquet (Actuellement rue Jean Giraudoux et av. des Portugais) à la rue de Villejust (Actuellement rue Paul Valéry).;;;;;;;;;
;5154;impasse;;Guépine;IMPASSE GUEPINE;impasse Guépine;04e;;1963-11-12;;Saint-Gervais;;;;;;;;;;;Supprimée. Elle était située rue de Jouy, 17. C'était anciennement le cul-de-sac d'Aguespine. Au milieu du XIIIe siècle, c'était la rue à la Guépine.;;;;;;;;;
;5155;quai;;Guénégaud;QUAI GUENEGAUD;quai Guénégaud;;;;;;;;;;;;;;;;Actuellement quai de Conti.;;;;;;;;;
;6508;rue;;Cousté;RUE COUSTE;rue Cousté;12e;;;;Picpus;;;;;;;;;;;Actuellement rue Sidi Brahim.;;;;;Nom de propriétaire;;;;
;5176;rue;de la;Groignerie;RUE DE LA GROIGNERIE;rue de la Groignerie;;;;;;;;;;;;;;;;Voir : Grognerie (rue de la).;;;;;;;;;
;5181;rue;;Grillée;RUE GRILLEE;rue Grillée;;;;;;;;;;;;;;;;Voir : Plumets (rue ou ruelle des).;;;;;;;;;
;5200;port;de;Grenelle;PORT DE GRENELLE;port de Grenelle;;;;;;;;;;;;;;;;Il était situé sur la rive gauche de la Seine en face du couvent des Minimes. Il en fait mention en 1389.;;;;;;;;;
;5821;rue;de la;Fausse Poterne Saint-Paul;RUE DE LA FAUSSE POTERNE SAINT-PAUL;rue de la Fausse Poterne Saint-Paul;;;;;;;;;;;;;;;;Actuellement rue Charlemagne et une partie de la rue de Jouy.;;;;;;;;;
;5826;rue;des;Fauconniers;RUE DES FAUCONNIERS;rue des Fauconniers;;;;;;;;;;;;;;;;Ou Fauconnière (rue). Voir : Fauconnière (rue).;;;;;;;;;
;5839;rue;du;Faubourg du Roule;RUE DU FAUBOURG DU ROULE;rue du Faubourg du Roule;;;;;;;;;;;;;;;;Actuellement partie de la rue du Faubourg Saint-Honoré.;;;;;;;;;
;5850;impasse;;Faldony;IMPASSE FALDONY;impasse Faldony;;;;;;;;;;;;;;;;Supprimé. Etait située rue Salneuve, 25.;;;;;;;;;
;7202;rue;de la;Chanverie;RUE DE LA CHANVERIE;rue de la Chanverie;;;;;;;;;;;;;;;;Voir : Chanverrerie (rue de la).;;;;;;;;;
;5239;passage;de la;Grande Pinte;PASSAGE DE LA GRANDE PINTE;passage de la Grande Pinte;12e;;1965-12-31;;Picpus;;145;3;;rue de Charenton, 293.;rue des Meuniers, 39.;14;15;;;Supprimé en 1965 lors de la rénovation de l'îlot.;;;;;Ancienne enseigne.;;;Arrêté préfectoral du 16 juin 1934.;
;6561;chemin;de;Coupe Gorge;CHEMIN DE COUPE GORGE;chemin de Coupe Gorge;;;;;;;;;;;;;;;;Actuellement rue Notre-Dame des Champs.;;;;;;;;;
;6599;cul-de-sac;de la;Cordière;CUL-DE-SAC DE LA CORDIERE;cul-de-sac de la Cordière;;;;;;;;;;;;;;;;Voir : Thévenot (rue).;;;;;;;;;
;5256;rue;du;Grand Hurleur;RUE DU GRAND HURLEUR;rue du Grand Hurleur;;;;;;;;;;;;;;;;Supprimée par l'ouverture du boul. de Sébastopol. Elle commençait rue Saint-Martin et finissait rue du Bourg l'Abbé (Supprimé.). En 1253, elle est désignée sous le nom de Heuleu, Huleu, Hue Leu. Elle a aussi porté le nom de rue du Pet et de rue des Innocents.;;;;;;;;;
;5275;partie du sentier;des;Gouvieux;PARTIE DU SENTIER DES GOUVIEUX;partie du sentier des Gouvieux;;;;;;;;;;;;;;;;Supprimé. Commençait sentier des Gouvieux à la limite du territoire de Bagnolet, finissait sentier des Vaugaris (Supprimé.).;;;;;;;;;
;5902;chemin de ronde;de l';Étoile;CHEMIN DE RONDE DE L'ETOILE;chemin de ronde de l'Étoile;;;;;;;;;;;;;;;;Supprimé. Il commençait place de l'Etoile (Actuellement place Charles de Gaulle) et finissait rue des Bassins (Actuellement rue Auguste Vacquerie). Son emplacement est occupé par les immeubles pairs de la rue Dumont d'Urville.;;;;;;;;;
;4648;rue;;Judas;RUE JUDAS;rue Judas;;;;;;;;;;;;;;;;Voir : Clos Bruneau (rue du). Actuellement pas. du Clos Bruneau pour la partie restante.;;;;;;;;;
;5307;cul-de-sac;;Gloriette;CUL-DE-SAC GLORIETTE;cul-de-sac Gloriette;;;;;;;;;;;;;;;;Supprimé. Il était situé rue du Petit Pont et aboutissait à la rivière. On le nommait cul-de-sac du Trou Punais ou Punets.;;;;;;;;;
;5328;rue;;Gilles le Queux;RUE GILLES LE QUEUX;rue Gilles le Queux;;;;;;;;;;;;;;;;Ou Gilles le Coeur. Actuellement rue Gît-le-Coeur.;;;;;;;;;
;5956;partie de l'avenue;;Érables;PARTIE DE L'AVENUE ERABLES;partie de l'avenue Érables;;;;;;;;;;;;;;;;Actuellement boul. André Maurois.;;;;;;;;;
;5983;rue;de l';Engronnerie;RUE DE L'ENGRONNERIE;rue de l'Engronnerie;;;;;;;;;;;;;;;;Voir : Grognerie (rue de la).;;;;;;;;;
;6693;passage;;Compoint Grunit;PASSAGE COMPOINT GRUNIT;passage Compoint Grunit;;;;;;;;;;;;;;;;Supprimé vers 1875. Il était situé sur l'emplacement de la propriété portant le n° 52 boul. Ornano.;;;;;;;;;
;4703;rue;;Jehan l'Huilier;RUE JEHAN L'HUILIER;rue Jehan l'Huilier;;;;;;;;;;;;;;;;Actuellement rue des Haudriettes.;;;;;;;;;
;4733;rue;;Jean Le Maître;RUE JEAN LE MAITRE;rue Jean Le Maître;;;;;;;;;;;;;;;;Voir : Cholets (rue des).;;;;;;;;;
;6041;rue;de l';Égout du Temple;RUE DE L'EGOUT DU TEMPLE;rue de l'Égout du Temple;;;;;;;;;;;;;;;;Actuellement rue Vieille du Temple.;;;;;;;;;
;5413;rue;;Garnier Marcel;RUE GARNIER MARCEL;rue Garnier Marcel;;;;;;;;;;;;;;;;Voir : Port aux OEufs (rue ou ruelle du).;;;;;;;;;
;5415;rue;de;Garnelles;RUE DE GARNELLES;rue de Garnelles;;;;;;;;;;;;;;;;Et Guarnales ou Guarnelle. Voir : Guarnales (rue de).;;;;;;;;;
;5435;rue;de la;Ganterie;RUE DE LA GANTERIE;rue de la Ganterie;;;;;;;;;;;;;;;;Voir : Saint-Eloi (rue).;;;;;;;;;
;6779;rue;de la;Clôture du Temple;RUE DE LA CLOTURE DU TEMPLE;rue de la Clôture du Temple;;;;;;;;;;;;;;;;Actuellement rue Vieille du Temple.;;;;;;;;;
;6798;rue;du;Clos Bruneau;RUE DU CLOS BRUNEAU;rue du Clos Bruneau;;;;;;;;;;;;;;;;Supprimée en partie par l'ouverture du boul. Saint-Germain. Elle commençait rue de la Montagne Sainte-Geneviève et finissait rue des Carmes. En 1243, c'était la rue Judas. Actuellement pas. Du Clos Bruneau pour la partie restante.;;;;;;;;;
;4792;ruelle;des;Jardiniers;RUELLE DES JARDINIERS;ruelle des Jardiniers;;;;;;;;;;;;;;;;Actuellement rue Baulant.;;;;;;;;;
;4801;rue;du;Jardin des Plantes;RUE DU JARDIN DES PLANTES;rue du Jardin des Plantes;;;;;;;;;;;;;;;;Actuellement partie de la rue Geoffroy-Saint-Hilaire.;;;;;;;;;
;5443;passage;;Gallot;PASSAGE GALLOT;passage Gallot;;;;;;;;;;;;;;;;Supprimé. en 1941. Commençait pas. de l'Octroi (Supprimé.), finissait av. de la Porte de Choisy.;;;;;;;;;
19;6092;rue;des;Écrivains;RUE DES ECRIVAINS;rue des Écrivains;04e;1851-03-11;;;Saint-Merri;;;;;;;;;;;Supprimée pour l'achèvement des abords de la rue de Rivoli. Elle commençait rue Saint-Martin et finissait à la rue de la Vieille Monnaie (supprimée). En 1851, on avait réuni les rues Jean Pain Mollet et de la Heaumerie à la rue des Ecrivains. Au XIIIe siècle, c'était la rue Commune. Guillot, en 1300, la nomme rue Pierre o let. En 1439, rue de la Pierre au Lait, dite des Ecrivains.;;;;;;;;;
;6125;rue;de l';Échaudé au Marais;RUE DE L'ECHAUDE AU MARAIS;rue de l'Échaudé au Marais;03e;;1865-10-02;;Archives;;;;;;;;;;;Dénommée partie de la rue Debelleyme par décret impérial du 2 octobre 1865;;;;;;;;;
;6833;chemin;de;Clichy;CHEMIN DE CLICHY;chemin de Clichy;;;;;;;;;;;;;;;;Actuellement place d'Estienne d'Orves, rue et av. de Clichy.;;;;;;;;;
;6163;rue;;Dupont;RUE DUPONT;rue Dupont;;;;;;;;;;;;;;;;Supprimée par l'ouverture de l'av. du Trocadéro (Actuellement av. Henri Martin, Georges Mandel et du Président Wilson). Elle commençait rue Basse Saint-Pierre et finissait rue de Chaillot.;;;;;;;;;
;6177;rue;;Dubois;RUE DUBOIS;rue Dubois;;;;;;;;;;;;;;;;Actuellement rue Louis Blanc.;;;;;;;;;
;6877;rue;du;Cimetière Saint-André des Arts;RUE DU CIMETIERE SAINT-ANDRE DES ARTS;rue du Cimetière Saint-André des Arts;;;;;;;;;;;;;;;;Actuellement rue Suger.;;;;;;;;;
;6883;chemin;du;Cimetière aux Malades;CHEMIN DU CIMETIERE AUX MALADES;chemin du Cimetière aux Malades;;;;;;;;;;;;;;;;Actuellement partie de la rue des Saints-Pères.;;;;;;;;;
;6890;rue;du;Cimetière;RUE DU CIMETIERE;rue du Cimetière;;;1969-12-31;;;;;;;;;;;;;Supprimée par la création du boulevard Périphérique en 1969. Commençait boul. de Douaumont et finissait rue du Cimetière, à la limite du territoire de Clichy.;;;;;;;;;
;6892;chemin;du;Cimetière;CHEMIN DU CIMETIERE;chemin du Cimetière;;;;;;;;;;;;;;;;Supprimé. Il commençait rue des Meuniers et finissait rue Claude Decaen.;;;;;;;;;
;4880;port;de l';Île Louviers;PORT DE L'ILE LOUVIERS;port de l'Île Louviers;04e;;;;Arsenal;;;;;;;;;;;Il était situé dans l'île Louviers.;;;;;;;;;
;4903;rue;;Huguetin le Faucheur;RUE HUGUETIN LE FAUCHEUR;rue Huguetin le Faucheur;;;;;;;;;;;;;;;;Ou Huguetin. Voir : Huguetin (rue).;;;;;;;;;
;4906;rue;de la;Huchette;RUE DE LA HUCHETTE;rue de la Huchette;04e;;;;Notre-Dame;;;;;;;;;;;Elle était située sur l'emplacement du parvis Notre-Dame. Elle a été aussi appelée rue du Parvis.;;;;;;;;;
;5531;place;de la;Fraternité;PLACE DE LA FRATERNITE;place de la Fraternité;;;;;;;;;;;;;;;;Actuellement place du Carrousel.;;;;;;;;;
;5533;villa;;Franquin;VILLA FRANQUIN;villa Franquin;;;;;;;;;;;;;;;;Supprimé. Elle était située av. de Malakoff, 11 (Actuellement av. Raymond Poincaré).;;;;;;;;;
;6190;cour;du;Dragon;COUR DU DRAGON;cour du Dragon;;;1943-12-31;;;;;;;;;;;;;"Supprimée en 1943. Commençait rue de Rennes, 50 ; finissait rue du Dragon, 7.";;;;;;;;;
;6194;rue;des;Douze Portes;RUE DES DOUZE PORTES;rue des Douze Portes;03e;;1865-10-02;;Archives;;;;;;;;;;;Dénommée partie de la rue Villehardouin par décret impérial du 2 octobre 1865.;;;;;;;;;
19;6199;rue;;Dorian;RUE DORIAN;rue Dorian;12e;1881-01-25;1911-03-21;;Picpus;;;;;;;;;;;Dénommée avenue Dorian par arrêté préfectoral du 21 mars 1911.;Décret du 25 janvier 1881;;;;Pierre Frédéric Dorian (1814-1873), manufacturier et homme politique français.;;;;
;6219;rue;;Diernstein;RUE DIERNSTEIN;rue Diernstein;;;;;;;;;;;;;;;;Actuellement rue de l'Echaudé.;;;;;;;;;
;6894;impasse;;Cibiel;IMPASSE CIBIEL;impasse Cibiel;;;;;;;;;;;;;;;;Supprimé. Elle était située, 78, rue Lecourbe.;;;;;;;;;
;6927;rue;du;Chevet Saint-Lieufroi;RUE DU CHEVET SAINT-LIEUFROI;rue du Chevet Saint-Lieufroi;;;;;;;;;;;;;;;;Voir : Joaillerie (rue de la).;;;;;;;;;
;4921;rue;de l';Hôtel de Reims;RUE DE L'HOTEL DE REIMS;rue de l'Hôtel de Reims;;;;;;;;;;;;;;;;Voir : Petit Paon (rue du).;;;;;;;;;
;4933;galerie;de l';Horloge;GALERIE DE L'HORLOGE;galerie de l'Horloge;;;;;;;;;;;;;;;;Supprimé. en 1926 par l'achèvement du boul. Haussmann.;;;;;;;;;
;4945;rue;de l';Hôpital des Petites Maisons;RUE DE L'HOPITAL DES PETITES MAISONS;rue de l'Hôpital des Petites Maisons;;;;;;;;;;;;;;;;Actuellement partie de la rue de Sèvres.;;;;;;;;;
;6256;rue;des;Deux Portes;RUE DES DEUX PORTES;rue des Deux Portes;;;;;;;;;;;;;;;;Voir : Jacinthe (rue).;;;;;;;;;
;7308;rue;;Cerutti;RUE CERUTTI;rue Cerutti;;;;;;;;;;;;;;;;Actuellement partie de la rue Laffitte.;;;;;;;;;
;7978;avenue;du;Bel Air;AVENUE DU BEL AIR;avenue du Bel Air;12e;;1868-04-02;;Bel-Air;;;;;boulevard Soult.;boulevard de Picpus;;;;;Dénommée partie de l'avenue de Saint-Mandé par arrêté préfectoral du 2 avril 1868.;;;;;;;;;
;8011;rue;de;Beaugency;RUE DE BEAUGENCY;rue de Beaugency;12e;;;;Bercy;;;;;;;;;;;Supprimée. Voie située dans les anciens entrepôts de Bercy.;;;;;Vignoble du Loiret;;;;
;7334;rue;du;Cendrier;RUE DU CENDRIER;rue du Cendrier;;;;;;;;;;;;;;;;Supprimée par l'ouverture du boulevard de Port-Royal. Elle commençait rue Geoffroy-Saint-Hilaire et finissait rue des Fossés Saint-Marcel.;;;;;;;;;
;7354;chemin ou rue;des;Cavées;CHEMIN OU RUE DES CAVEES;chemin ou rue des Cavées;;;;;;;;;;;;;;;;Actuellement partie de la rue Dareau.;;;;;;;;;
;8034;voie;;BB/12;VOIE BB/12;voie BB/12;12e;;1988-12-21;;Quinze-Vingts;;;;;;;;;;;Dénommée rue Chrétien de Troyes par arrêté municipal du 21 décembre 1988.;;;;;;;;;
;7408;rue;du;Carneau;RUE DU CARNEAU;rue du Carneau;;;;;;;;;;;;;;;;Elle communiquait de la rue de la Bûcherie à la rivière. Elle a été Supprimé. vers 1790. En 1300, rue de la Poissonnerie, en 1313 et 1398, rue des Porrées. Au XVIe siècle, Place aux Poissons, ensuite rues du Petit Carneau, du Carneau ou du Port à Maître Pierre, et du Port à Maître Jean.;;;;;;;;;
;8074;place;;Baudeti;PLACE BAUDETI;place Baudeti;;;;;;;;;;;;;;;;Voir : Baudoyer (place).;;;;;;;;;
;7432;cour;;Canonge;COUR CANONGE;cour Canonge;12e;;;;Bercy;;;;;;;;;;;Supprimée. Voie située dans les entrepôts de Bercy.;;;;;Entrepôt de M. Canonge;;;;
;7435;rue;des;Canettes;RUE DES CANETTES;rue des Canettes;;;;;;;;;;;;;;;;Actuellement partie de la rue Mercoeur, rue de la Folie-Regnault et rue Auguste Laurent.;;;;;;;;;
;8141;poterne;du;Bas Meudon;POTERNE DU BAS MEUDON;poterne du Bas Meudon;;;;;;;;;;;;;;;;Ou Bas Meudon (porte du). Voir Bas Meudon (porte du).;;;;;;;;;
;8741;rue;à l';Abbé de Jouy;RUE A L'ABBE DE JOUY;rue à l'Abbé de Jouy;;;;;;;;;;;;;;;;Actuellement partie de la rue de Jouy.;;;;;;;;;
;2217;petit chemin;du;Regard;PETIT CHEMIN DU REGARD;petit chemin du Regard;;;;;;;;;;;;;;;;Supprimé. à la fin du XVIIIe siècle. Il s'étendait du chemin des Prêtres (Supprimé.) à la vieille route d'Orléans (Actuellement rue de la Tombe Issoire).;;;;;;;;;
;2255;rue;;Raoul Menuicet;RUE RAOUL MENUICET;rue Raoul Menuicet;;;;;;;;;;;;;;;;Ou Raoul Mucet. Supprimé. Elle était située sur l'emplacement où l'on a construit l'Hôtel de Soissons.;;;;;;;;;
;2265;avenue;de la;Rampe;AVENUE DE LA RAMPE;avenue de la Rampe;;;;;;;;;;;;;;;;Supprimé. par l'établissement des jardins du Trocadéro. Elle était située sensiblement dans le prolongement du boul. Delessert.;;;;;;;;;
;2298;rue;d';Qui Chiet en la Savonnerie;RUE D'QUI CHIET EN LA SAVONNERIE;rue d'Qui Chiet en la Savonnerie;;;;;;;;;;;;;;;;voir : avignon (rue d');;;;;;;;;
;2413;rue;des;Prêtres;RUE DES PRETRES;rue des Prêtres;;;;;;;;;;;;;;;;Actuellement partie de la rue Saint-Sulpice.;;;;;;;;;
;2416;rue;;Prétrelle;RUE PRETRELLE;rue Prétrelle;;;;;;;;;;;;;;;;Ou Prétrel. Voir : Prétrel (rue).;;;;;;;;;
;2445;place;aux;Pourceaux;PLACE AUX POURCEAUX;place aux Pourceaux;;;;;;;;;;;;;;;;Voir : Limace (rue de la).;;;;;;;;;
;2761;rue;;Pierre;RUE PIERRE;rue Pierre;;;;;;;;;;;;;;;;Actuellement partie de la rue Paul Lelong.;;;;;;;;;
;2774;avenue;;Picolo;AVENUE PICOLO;avenue Picolo;;;;;;;;;;;;;;;;Supprimé. en 1943. Commençait rue Vadé (Supprimé.), finissait allée du Métro (Supprimé.).;;;;;;;;;
;2784;rue;;Philippe Lointier;RUE PHILIPPE LOINTIER;rue Philippe Lointier;;;;;;;;;;;;;;;;Actuellement rue Jean Lantier.;;;;;;;;;
;2696;ruelle;de la;Planche aux Teinturiers;RUELLE DE LA PLANCHE AUX TEINTURIERS;ruelle de la Planche aux Teinturiers;;;;;;;;;;;;;;;;Voir : Tannerie (rue de la).;;;;;;;;;
;2743;avenue;;Pierre Larousse;AVENUE PIERRE LAROUSSE;avenue Pierre Larousse;;;;;;;;;;;;;;;;Supprimée en 1947 par l'ouverture du boulevard Adolphe Pinard. Commençait av. de Paris (Actuellement rue Julia Bartet), finissait Av. Pierre Larousse à la limite du territoire de Malakoff.;;;;;;;;;
;2494;cour;des;Porteurs d'Eau;COUR DES PORTEURS D'EAU;cour des Porteurs d'Eau;;;;;;;;;;;;;;;;Elle était située rue du Faubourg Saint-Antoine, 57.;;;;;;;;;
;2501;rue;de la;Porte Saint-Germain;RUE DE LA PORTE SAINT-GERMAIN;rue de la Porte Saint-Germain;;;;;;;;;;;;;;;;Voir : Boucheries (rue des).;;;;;;;;;
;2504;place;de la;Porte Saint-Antoine;PLACE DE LA PORTE SAINT-ANTOINE;place de la Porte Saint-Antoine;;;;;;;;;;;;;;;;Absorbée par la place actuelle de la Bastille. Commençait a l'ancienne place de la Bastille (Supprimé.), finissait place Saint-Antoine. Elle longeait le côté nord des fossés de la Bastille.;;;;;;;;;
;2505;boulevard;de la;Porte Saint-Antoine;BOULEVARD DE LA PORTE SAINT-ANTOINE;boulevard de la Porte Saint-Antoine;;;;;;;;;;;;;;;;Actuellement boul. Beaumarchais et des Filles du Calvaire.;;;;;;;;;
;2534;rue;de la;Porte au Coquillier;RUE DE LA PORTE AU COQUILLIER;rue de la Porte au Coquillier;;;;;;;;;;;;;;;;Voir : Coquillier (rue du).;;;;;;;;;
;2547;rue;du;Port l'Évêque;RUE DU PORT L'EVEQUE;rue du Port l'Évêque;;;;;;;;;;;;;;;;Voir : Évêché (rue de l').;;;;;;;;;
;2558;chemin;du;Port;CHEMIN DU PORT;chemin du Port;;;;;;;;;;;;;;;;Actuellement rue Saint-Dominique.;;;;;;;;;
;2570;rue;du;Pont Saint-Michel;RUE DU PONT SAINT-MICHEL;rue du Pont Saint-Michel;;;;;;;;;;;;;;;;Actuellement partie du boulevard du Palais.;;;;;;;;;
;3075;grand'rue;de;Paris;GRAND'RUE DE PARIS;grand'rue de Paris;;;;;;;;;;;;;;;;Actuellement rue Saint-Denis.;;;;;;;;;
;2868;rue;du;Petit Muce;RUE DU PETIT MUCE;rue du Petit Muce;;;;;;;;;;;;;;;;Ou Petit Musse. Actuellement rue du Petit Musc.;;;;;;;;;
;2871;rue;du;Petit Marivaux;RUE DU PETIT MARIVAUX;rue du Petit Marivaux;;;;;;;;;;;;;;;;Ou Petit Marais. Voir : Petit Marais (rue du).;;;;;;;;;
;2923;rue;du;Perron;RUE DU PERRON;rue du Perron;;;;;;;;;;;;;;;;Actuellement rue Gozlin.;;;;;;;;;
;2939;rue;;Pernelle;RUE PERNELLE;rue Pernelle;;;;;;;;;;;;;;;;Etait située entre le quai et la rue de la Mortellerie (Actuellement rue de l'Hôtel de Ville). Vers l'an 1300, Guillot la nomme ruelle de Saine, puis on lui donna successivement les noms de ruelle du Port au Blé, de rue Perronelle, Prunier et Pernelle.;;;;;;;;;
;3202;rue;de l';Orme;RUE DE L'ORME;rue de l'Orme;04e;;1867-02-27;;Arsenal;;;;;;;;;;;La partie entre la rue Mornay et la place de l'Arsenal a été dénommée rue de l'Arsenal par arrêté préfectoral du 26 février 1867. La partie entre la place de l'Arsenal et la rue Saint-Antoine a été dénommée rue Jacques Coeur par décret impérial du 27 février 1867.;;;;;;;;;
;3231;barrière;de l';Orillon;BARRIERE DE L'ORILLON;barrière de l'Orillon;11e;;;;Folie-Méricourt;;;;;;;;;;;Voir : Ramponneau (barrière).;;;;;Barrière d'octroi de l'enceinte des Fermiers généraux.;;;;
;3366;ruelle;de;Nevers;RUELLE DE NEVERS;ruelle de Nevers;;;;;;;;;;;;;;;;Actuellement rue de Nevers.;;;;;;;;;
;3374;rue;;Neuve Saint-Thomas;RUE NEUVE SAINT-THOMAS;rue Neuve Saint-Thomas;;;;;;;;;;;;;;;;Voir : Doyenné (rue du).;;;;;;;;;
;3385;rue;;Neuve Saint-Michel;RUE NEUVE SAINT-MICHEL;rue Neuve Saint-Michel;;;;;;;;;;;;;;;;Actuellement partie de la rue de la Harpe.;;;;;;;;;
;3272;carrefour;de l';Observatoire;CARREFOUR DE L'OBSERVATOIRE;carrefour de l'Observatoire;;;1866-08-14;;;;;;;;;;;;;Englobé dans l'avenue de l'Observatoire.;;;;;;;;;
;3334;rue;du;Nord;RUE DU NORD;rue du Nord;;;;;;;;;;;;;;;;Supprimée. Absorbée par le boulevard de Magenta lors de son ouverture. Elle était comprise entre les rues du Faubourg Poissonnière et du Faubourg Saint-Denis.;;;;;;;;;
;3347;rue;du;Noir;RUE DU NOIR;rue du Noir;;;;;;;;;;;;;;;;Actuellement rue Gracieuse.;;;;;;;;;
;3196;cour;des;Ormes;COUR DES ORMES;cour des Ormes;04e;;;;Arsenal;;;;;;;;;;;Voir : Arsenal (place de l').;;;;;;;;;
;3687;rue;du;Moulin de la Tour;RUE DU MOULIN DE LA TOUR;rue du Moulin de la Tour;;;;;;;;;;;;;;;;Actuellement rue de la Tour.;;;;;;;;;
;3505;rue;;Neuve de la Foire;RUE NEUVE DE LA FOIRE;rue Neuve de la Foire;;;;;;;;;;;;;;;;Actuellement rue des Quatre Vents.;;;;;;;;;
;3520;rue;;Neuve de Bourgogne;RUE NEUVE DE BOURGOGNE;rue Neuve de Bourgogne;;;;;;;;;;;;;;;;Actuellement rue Française.;;;;;;;;;
;3561;quai;;Neuf;QUAI NEUF;quai Neuf;;;;;;;;;;;;;;;;Actuellement quai de Gesvres.;;;;;;;;;
;3564;chemin;;Neuf;CHEMIN NEUF;chemin Neuf;;;;;;;;;;;;;;;;Actuellement rue de Grenelle.;;;;;;;;;
;3571;petite rue;de;Nesle;PETITE RUE DE NESLE;petite rue de Nesle;;;;;;;;;;;;;;;;Actuellement partie de la rue Mazarine.;;;;;;;;;
;3633;rue;du;Mûrier;RUE DU MURIER;rue du Mûrier;03e;;;;Arts et Metiers;;;;;;;;;;;Actuellement rue Notre-Dame de Nazareth.;;;;;;;;;
;3828;port;de la;Monnaie;PORT DE LA MONNAIE;port de la Monnaie;;;;;;;;;;;;;;;;Supprimé. Il était situé au droit de la Monnaie.;;;;;;;;;
;3858;passage;des;Moineaux;PASSAGE DES MOINEAUX;passage des Moineaux;;;;;;;;;;;;;;;;Supprimé. Il allait de la rue des Moineaux (Supprimé.) à celle d'Argenteuil.;;;;;;;;;
;3863;rue;;Moftard;RUE MOFTARD;rue Moftard;;;;;;;;;;;;;;;;Actuellement rue Mouffetard.;;;;;;;;;
;3959;rue;;Merderai;RUE MERDERAI;rue Merderai;;;;;;;;;;;;;;;;Ou Merderel ou encore Merderet. Voir : Verderet (rue).;;;;;;;;;
;3975;chemin;du;Ménil-Mautemps;CHEMIN DU MENIL-MAUTEMPS;chemin du Ménil-Mautemps;;;;;;;;;;;;;;;;Actuellement rue de Ménilmontant.;;;;;;;;;
;3910;rue;;Michel Lepelletier;RUE MICHEL LEPELLETIER;rue Michel Lepelletier;;;;;;;;;;;;;;;;Actuellement rue Michel le Comte.;;;;;;;;;
;3916;ruelle;;Michaut Riegnaut;RUELLE MICHAUT RIEGNAUT;ruelle Michaut Riegnaut;;;;;;;;;;;;;;;;Voir : Michaut Regnaut (Rue).;;;;;;;;;
;3809;route;de la;Montagne du Bon Air;ROUTE DE LA MONTAGNE DU BON AIR;route de la Montagne du Bon Air;;;;;;;;;;;;;;;;Voir : Neuilly (partie de la vieille route de).;;;;;;;;;
;3819;rue;de;Mont Gallet;RUE DE MONT GALLET;rue de Mont Gallet;;;;;;;;;;;;;;;;Ou Montgallet (rue de). Actuellement rue Montgallet.;;;;;;;;;
;4234;chemin;de la;Maladrerie;CHEMIN DE LA MALADRERIE;chemin de la Maladrerie;;;;;;;;;;;;;;;;Ou Maladerie. Voir : Maladerie (chemin de la).;;;;;;;;;
;4051;rue;;Masséna;RUE MASSENA;rue Masséna;;;;;;;;;;;;;;;;Actuellement rue de Montpensier.;;;;;;;;;
;4069;rue;du;Martel Saint-Jean;RUE DU MARTEL SAINT-JEAN;rue du Martel Saint-Jean;;;;;;;;;;;;;;;;Voir : Martroi Saint-Jean (rue du).;;;;;;;;;
;4081;rue;des;Marmousets de la Cité;RUE DES MARMOUSETS DE LA CITE;rue des Marmousets de la Cité;04e;;;;Notre-Dame;;;;;;;;;;;Devenue rue des Marmousets.;;;;;;;;;
;4095;rue;des;Marionnettes;RUE DES MARIONNETTES;rue des Marionnettes;;;;;;;;;;;;;;;;Supprimée au commencement du XVIIIe siècle. Elle conduisait de la rue Saint-Jacques à la rue de l'Arbalète. On l'a quelquefois appelée rue du Mariollet et du Marjollet.;;;;;;;;;
19;4171;rue;;Marceau;RUE MARCEAU;rue Marceau;12e;1867-03-02;1879-08-16;;Picpus;;;;;;;;;;;Dénommée rue de Wattignies par arrêté préfectoral du 16 août 1879.;Décret impérial du 2 mars 1867.;;;;;;;;
;4192;poterne;du;Marais;POTERNE DU MARAIS;poterne du Marais;;;;;;;;;;;;;;;;Voir : Pont aux Choux (poterne du).;;;;;;;;;
;9;avenue;de;Bel Air;AVENUE DE BEL AIR;avenue de Bel Air;12e;;2013-07-28;;Bel-Air;;230;13,5;114B2;route de la Tourelle, 15.;porte du Bel Air.;;;;;"Devenue avenue Anna Politkovskaïa par arrêté municipal DEVE du 28 juillet 2013. Située autrefois sur le territoire de Saint-Mandé, annexé à Paris par décret du 18 avril 1929. Intégrée au Bois de Vincennes.";;;;Arrêté du 14 mars 1904, côté impair.;;;;;
;289;voie;;DJ/12;VOIE DJ/12;voie DJ/12;12e;;2001-12-19;;Quinze-Vingts;;;;;;;;;;;Dénommée cour du Marché Saint-Antoine par décision municipale du 19 décembre 2001.;;;;;;;;;
;338;voie;;DH/12;VOIE DH/12;voie DH/12;12e;;1998-03-17;;Picpus;;;;;;;;;;;Dénommée rue Georges et Maï Politzer par arrêté municipal du 17 mars 1998.;;;;;;;;;
;186;impasse;;Cesselin;IMPASSE CESSELIN;impasse Cesselin;11e;;2007-07-17;;Sainte-Marguerite;;51;8;93D2;rue Paul Bert, 10;;6;5;Arrêté municipal du 11 mai 1993.;;Dénommée partie de la rue Cesselin par arrêté municipal du 17 juillet 2007.;;Arrêté municipal du 11 mai 1993.;;;M. Cesselin, propriétaire du terrain sur lequel la voie a été ouverte.;;Arrêté municipal du 11 mai 1993.;;
;15705;quai;de;Condé;QUAI DE CONDE;quai de Condé;;;;;;;;;;rue de Bourgogne.;Barrière des Invalides;;;;;Nom attribué au projet d'ouverture d'un quai entre la rue de Bourgogne et la barrière des Invalides. Actuellement partie du quai d'Orsay.;;;;;;;;;
;15458;voie;;projetée 11;VOIE PROJETEE 11;voie projetée 11;12e;;;;Bel-Air;;;;;à la limite de la zone.;boulevard Soult, 26;;;;;Voie projetée dans le cadre de l'aménagement de l'enceinte fortifiée;;;;;;;;;
20;15412;voie;;BM/12;VOIE BM/12;voie BM/12;12e;1994-01-14;1994-12-12;;Bercy;;;;;;;;;;;Dénommée rue Jean Renoir par arrêté du 12 décembre 1994. Précédemment rue Michel Audiard du 30 novembre 1992 au 14 janvier 1994, antérieurement voie BM/12.;Arrêté municipal du 14 janvier 1994;;;;;;;;
;15433;rue;de;Narbonne;RUE DE NARBONNE;rue de Narbonne;12e;;1963-12-17;;Bercy;;;;;;;;;;;Dénommée cour de Narbonne par arrêté préfectoral du 17 décembre 1963. Était située dans les entrepôts de Bercy.;;;;;;;;;
;637;rue;du;Vert Buisson;RUE DU VERT BUISSON;rue du Vert Buisson;;;;;;;;;;;;;;;;Voir : Pont de la Triperie (rue du).;;;;;;;;;
;638;impasse;du;Vert Buisson;IMPASSE DU VERT BUISSON;impasse du Vert Buisson;;;;;;;;;;;;;;;;Supprimé. Elle était située rue de l'Université.;;;;;;;;;
;407;rue;des;Vosges;RUE DES VOSGES;rue des Vosges;04e;;;;Arsenal;;;;;;;;;;;Actuellement rue de Birague.;;;;;;;;;
;758;chemin;des;Vaches;CHEMIN DES VACHES;chemin des Vaches;;;;;;;;;;;;;;;;Actuellement rue Saint-Dominique.;;;;;;;;;
;839;rue;des;Trois Pistolets;RUE DES TROIS PISTOLETS;rue des Trois Pistolets;;;;;;;;;;;;;;;;Actuellement partie de la rue Charles V.;;;;;;;;;
;852;rue;des;Trois Crémaillères;RUE DES TROIS CREMAILLERES;rue des Trois Crémaillères;;;;;;;;;;;;;;;;Actuellement rue d'Ecosse.;;;;;;;;;
;879;port;aux;Tripes;PORT AUX TRIPES;port aux Tripes;;;;;;;;;;;;;;;;Il était situé sur la rive gauche de la Seine, au droit du Pont au Double.;;;;;;;;;
;897;rue;des;Trésoriers;RUE DES TRESORIERS;rue des Trésoriers;;;;;;;;;;;;;;;;Voir : Neuve de Richelieu (rue).;;;;;;;;;
;661;rue;;Verdelet;RUE VERDELET;rue Verdelet;;;;;;;;;;;;;;;;Voir : Verderet (rue) (Supprimé. par l'ouverture de la rue de Turbigo).;;;;;;;;;
;663;chemin;;Verd;CHEMIN VERD;chemin Verd;;;;;;;;;;;;;;;;Actuellement partie de la rue du Chemin Vert.;;;;;;;;;
;698;passage;;Vaucanson;PASSAGE VAUCANSON;passage Vaucanson;11e;;1877-11-10;;Roquette;;;;;;;;;;;Dénommé passage Charles Dallery par décret présidentiel du 10 novembre 1877.;;;;;;;;;
;704;chemin;de;Vanves à Paris;CHEMIN DE VANVES A PARIS;chemin de Vanves à Paris;;;;;;;;;;;;;;;;Actuellement rue Henri Barbusse et avenue Denfert-Rochereau.;;;;;;;;;
;1003;rue;;Tireboudin;RUE TIREBOUDIN;rue Tireboudin;;;;;;;;;;;;;;;;Actuellement rue Marie Stuart.;;;;;;;;;
;1008;avenue;des;Tilleuls;AVENUE DES TILLEULS;avenue des Tilleuls;;;;;;;;;;;;;;;;Actuellement partie de l'av. Matignon.;;;;;;;;;
;1022;impasse;de;Thionville;IMPASSE DE THIONVILLE;impasse de Thionville;;;;;;;;;;;;;;;;Voir : Verdun (imp. de).;;;;;;;;;
;1025;passage;;Thierry;PASSAGE THIERRY;passage Thierry;;;1942-12-31;;;;;;;;;;;;;Supprimé en 1942. Était situé rue du Bosquet (supprimée).;;;;;;;;;
;1070;rue;de la;Terrasse;RUE DE LA TERRASSE;rue de la Terrasse;12e;;1936-02-03;;Bercy;;;;;;;;;;;Dénommée rue Chaudey par arrêté préfectoral du 3 février 1936.;;;;;;;;;
;1171;rue;des;Six Chandelles;RUE DES SIX CHANDELLES;rue des Six Chandelles;;;;;;;;;;;;;;;;Actuellement rue Montgallet.;;;;;;;;;
;1195;rue;;Serpillon;RUE SERPILLON;rue Serpillon;;;;;;;;;;;;;;;;Voir : Frépillon (rue).;;;;;;;;;
;1463;ruelle;de;Saint-Séverin;RUELLE DE SAINT-SEVERIN;ruelle de Saint-Séverin;;;;;;;;;;;;;;;;Voir : Paradis (rue de).;;;;;;;;;
;1486;rue;;Saint-Pierre;RUE SAINT-PIERRE;rue Saint-Pierre;;;;;;;;;;;;;;;;Supprimé. Elle commençait boulevard de la Villette et finissait en impasse.;;;;;;;;;
;1255;ruelle;des;Saussaies;RUELLE DES SAUSSAIES;ruelle des Saussaies;;;;;;;;;;;;;;;;Voir : Saules (ruelle des).;;;;;;;;;
;1283;rue;des;Sansonnets;RUE DES SANSONNETS;rue des Sansonnets;;;;;;;;;;;;;;;;Ou Sansonnet à la Croix (rue du). Supprimé. Elle conduisait de la rue Saint-Jacques à celle des Bourguignons et au Champ des Capucins. Elle avait porté le nom de rue du Puits de l'Orme. En 1636, elle s'appelait rue de l'Egout.;;;;;;;;;
;1323;rue;;Sainte-Opportune;RUE SAINTE-OPPORTUNE;rue Sainte-Opportune;;;;;;;;;;;;;;;;Voir : Tabletterie (rue de la).;;;;;;;;;
;1355;chemin de ronde;;Sainte-Marie;CHEMIN DE RONDE SAINTE-MARIE;chemin de ronde Sainte-Marie;;;;;;;;;;;;;;;;Supprimé. Il était situé entre les barrières Franklin et Sainte-Marie, commençait rue des Bonshommes et finissait rue Vineuse.;;;;;;;;;
;1839;grand'rue;;Saint-Benoît;GRAND'RUE SAINT-BENOIT;grand'rue Saint-Benoît;;;;;;;;;;;;;;;;Ou Saint-Benoît Le Bestournet. Actuellement rue Saint-Jacques.;;;;;;;;;
;1843;rue;;Saint-Barthélemy;RUE SAINT-BARTHELEMY;rue Saint-Barthélemy;;;;;;;;;;;;;;;;Actuellement partie du boulevard du Palais.;;;;;;;;;
;1579;rue;;Saint-Marcel;RUE SAINT-MARCEL;rue Saint-Marcel;;;;;;;;;;;;;;;;Supprimée par l'ouverture de l'avenue des Gobelins. Elle commençait rue Mouffetard et finissait place de la Collégiale (supprimée).;;;;;;;;;
;1589;boulevard;de;Saint-Mandé;BOULEVARD DE SAINT-MANDE;boulevard de Saint-Mandé;12e;;1864-12-30;;Bel-Air, Picpus;;;;;;;;;;;Dénommé partie du boulevard de Picpus par arrêté préfectoral du 30 décembre 1864.;;;;;;;;;
;1617;grand'rue;;Saint-Louis;GRAND'RUE SAINT-LOUIS;grand'rue Saint-Louis;;;;;;;;;;;;;;;;Actuellement partie de la rue Saint-Honoré.;;;;;;;;;
;1639;rue;;Saint-Julien;RUE SAINT-JULIEN;rue Saint-Julien;;;;;;;;;;;;;;;;Actuellement rue Saint-Julien le Pauvre.;;;;;;;;;
;810;rue;;Truvignon;RUE TRUVIGNON;rue Truvignon;;;;;;;;;;;;;;;;Voir : Trognon (rue).;;;;;;;;;
;819;rue;du;Trou Bernard;RUE DU TROU BERNARD;rue du Trou Bernard;;;;;;;;;;;;;;;;Voir : Demi-Saint (rue du).;;;;;;;;;
;828;rue;du;Tronc Bernard;RUE DU TRONC BERNARD;rue du Tronc Bernard;;;;;;;;;;;;;;;;Voir : Demi-Saint (rue du).;;;;;;;;;
;832;rue;des;Trois Sabres;RUE DES TROIS SABRES;rue des Trois Sabres;12e;;;;Picpus;;;;;;;;;;;Actuellement rue Pleyel.;;;;;;;;;
;855;chemin de ronde;des;Trois Couronnes;CHEMIN DE RONDE DES TROIS COURONNES;chemin de ronde des Trois Couronnes;11e;;1864-12-30;;Folie-Méricourt;;;;;;;;;;;Dénommé partie du boulevard de Belleville par arrêté préfectoral du 30 décembre 1864.;;;;;;;;;
;889;avenue;des;Triomphes;AVENUE DES TRIOMPHES;avenue des Triomphes;11e;;1864-08-24;;Sainte-Marguerite;;;;;;;;;;;Dénommée avenue de Taillebourg par décret impérial du 24 août 1864.;;;;;;;;;
;892;passage;de la;Trinité;PASSAGE DE LA TRINITE;passage de la Trinité;;;;;;;;;;;;;;;;Supprimé par la construction de l'église de la Trinité. Il commençait rue Blanche et finissait rue de Clichy.;;;;;;;;;
19;908;rue;;Treilhard;RUE TREILHARD;rue Treilhard;12e;1844-08-05;1847-11-27;;Quinze-Vingts;;;;;;;;;;;Supprimée par l'ouverture de la rue de Lyon. Elle commençait boulevard Mazas (Actuellement boulevard Diderot) et finissait rue Traversière.;Ordonnance royale du 5 août 1844.;;;;;;;;
;652;cul-de-sac;;Vergnon;CUL-DE-SAC VERGNON;cul-de-sac Vergnon;;;;;;;;;;;;;;;;Voir : Sainte-Catherine (rue).;;;;;;;;;
;741;rue;du;Val Sainte-Catherine;RUE DU VAL SAINTE-CATHERINE;rue du Val Sainte-Catherine;04e;;1865-10-02;;Arsenal, Saint-Gervais;;;;;;;;;;;Dénommée partie de la rue de Turenne par décret impérial du 2 octobre 1865.;;;;;;;;;
;742;chemin;du;Val Larronneux;CHEMIN DU VAL LARRONNEUX;chemin du Val Larronneux;;;;;;;;;;;;;;;;Actuellement rue Poissonnière.;;;;;;;;;
;1209;rue;;Sensée;RUE SENSEE;rue Sensée;;;;;;;;;;;;;;;;Actuellement rue Censier.;;;;;;;;;
;974;route;de;Toulouse;ROUTE DE TOULOUSE;route de Toulouse;;;;;;;;;;;;;;;;Actuellement av. du Général Leclerc.;;;;;;;;;
;982;cul-de-sac;du;Tondeur;CUL-DE-SAC DU TONDEUR;cul-de-sac du Tondeur;;;;;;;;;;;;;;;;Ou Tondeurs (cul-de-sac des). Voir : Jean de Cambrai (cul-de-sac de).;;;;;;;;;
;1012;rue;de;Thorins;RUE DE THORINS;rue de Thorins;12e;;;;Bercy;;;;;;;;;;;Supprimée. Voie située dans les entrepôts de Bercy. Précédemment rue d'Orléans.;;;;;Ville du département de Saône et Loire, célèbre par ses vignobles;;;;
;1015;rue;;Thomas du Muséum;RUE THOMAS DU MUSEUM;rue Thomas du Muséum;;;;;;;;;;;;;;;;Voir : Saint-Thomas du Louvre (rue).;;;;;;;;;
;1029;rue;;Thibault Oudet;RUE THIBAULT OUDET;rue Thibault Oudet;;;;;;;;;;;;;;;;Actuellement partie de la rue des Bourdonnais.;;;;;;;;;
;1033;rue;;Thibaud aux Dés;RUE THIBAUD AUX DES;rue Thibaud aux Dés;;;;;;;;;;;;;;;;Actuellement partie de la rue des Bourdonnais.;;;;;;;;;
;1072;passage;du;Terrain Moreau;PASSAGE DU TERRAIN MOREAU;passage du Terrain Moreau;;;;;;;;;;;;;;;;Supprimé. Etait situé rue Lécuyer prolongée (Supprimé.).;;;;;;;;;
;1073;;le;Terrain;LE TERRAIN;le Terrain;;;;;;;;;;;;;;;;Ou Terrail. Voir : Terrail (le).;;;;;;;;;
;1102;rue;de la;Tannerie;RUE DE LA TANNERIE;rue de la Tannerie;04e;;;;Saint-Merri;;;;;;;;;;;Supprimée par l'ouverture de l'avenue Victoria. Elle commençait place de l'Hôtel de Ville et finissait rue Saint-Martin. Elle a porté le nom de rue de l'Ecorcherie. Sauval dit qu'on l'a appelée ruelle de la Planche aux Teinturiers.;;;;;;;;;
;1120;cour;des;Sureaux;COUR DES SUREAUX;cour des Sureaux;;;;;;;;;;;;;;;;Actuellement imp. Delaunay.;;;;;;;;;
;1149;passage;de;La Sourdière;PASSAGE DE LA SOURDIERE;passage de La Sourdière;;;;;;;;;;;;;;;;Supprimé. Il conduisait de la rue Saint-Honoré à la rue de La Sourdière. Il avait porté le nom de pas. Saint-Honoré.;;;;;;;;;
;1385;rue;;Sainte-Françoise;RUE SAINTE-FRANCOISE;rue Sainte-Françoise;;;;;;;;;;;;;;;;Ou Saint-François. Actuellement rue du Roi Doré.;;;;;;;;;
;1573;cul-de-sac;;Saint-Martin;CUL-DE-SAC SAINT-MARTIN;cul-de-sac Saint-Martin;;;;;;;;;;;;;;;;Supprimé lors du percement de la rue Réaumur. Il était situé rue Royale (englobée par la rue Réaumur), tout près de la rue de Breteuil (Supprimé.). On l'a aussi désigné sous le nom de Saint-Nicolas.;;;;;;;;;
;1576;cul-de-sac;;Saint-Martial;CUL-DE-SAC SAINT-MARTIAL;cul-de-sac Saint-Martial;04e;;;;Notre-Dame;;;;;;;;;;;Supprimé en 1860. Il était situé rue Saint-Eloi en la Cité. En 1398, c'était la ruelle Saint-Martial. En 1404, la ruelle du Porche Saint-Martial. En 1459, la rue Saint-Martial.;;;;;;;;;
;1419;porte;;Sainte-Avoie;PORTE SAINTE-AVOIE;porte Sainte-Avoie;;;;;;;;;;;;;;;;Voir : Temple (porte du) (enceinte de Philippe-Auguste).;;;;;;;;;
;1509;rue;;Saint-Père;RUE SAINT-PERE;rue Saint-Père;;;;;;;;;;;;;;;;Actuellement rue des Saints-Pères.;;;;;;;;;
;1314;impasse;;Salembière;IMPASSE SALEMBIERE;impasse Salembière;;;;;;;;;;;;;;;;Actuellement Salembrière (imp.). Précédemment vicus Salientis, imp. Saille en Bien (Saliens in Bonum), imp. Emeline Salembien et imp. Salembrière.;;;;;;;;;
;1833;passage;;Saint-Bernard;PASSAGE SAINT-BERNARD;passage Saint-Bernard;11e;;1894-12-28;;Sainte-Marguerite;;;;;;;;;;;Dénommé rue du Dahomey par arrêté préfectoral du 28 décembre 1894.;;;;;;;;;
;1582;fausse porte;;Saint-Marcel;FAUSSE PORTE SAINT-MARCEL;fausse porte Saint-Marcel;;;;;;;;;;;;;;;;Elle était au bout de la rue Mouffetard, près des Gobelins (1691).;;;;;;;;;
;1671;rue;;Saint-Jacques de l'Hôpital;RUE SAINT-JACQUES DE L'HOPITAL;rue Saint-Jacques de l'Hôpital;;;;;;;;;;;;;;;;Actuellement partie de la rue Mauconseil.;;;;;;;;;
;157;voie;;DN/12;VOIE DN/12;voie DN/12;12e;;2008-11-25;;Quinze-Vingts;;;;;;;;;;;Dénommée place Léo Ferré par délibération municipale des 24 et 25 novembre 2008.;;;;;;;;;
;15686;quai;;Bignon;QUAI BIGNON;quai Bignon;;;;;;;;;;;;;;;;Actuellement quai Saint-Michel;;;;;;;;;
;15447;rue;du;Petit Château;RUE DU PETIT CHATEAU;rue du Petit Château;12e;;1962-12-31;;Bercy;;;;;;;;;;;Dénommée avenue du Petit Château en 1962. Voie située dans les entrepôts de Bercy.;;;;;En souvenir du petit château de Bercy, aujourd'hui disparu;;;;
;15604;boulevard;;Croulebarbe;BOULEVARD CROULEBARBE;boulevard Croulebarbe;;;1851-05-10;;;;;;;;;;;;;Dénommé partie du boulevard d'Italie par arrêté préfectoral du 10 mai 1851.;;;;;;;;;
;15648;quai;de l';Hôtel Dieu;QUAI DE L'HOTEL DIEU;quai de l'Hôtel Dieu;;;;;;;;;;;;;;;;;;;;;;;;;
19;15411;rue;;Du Bellay;RUE DU BELLAY;rue Du Bellay;04e;1867-03-02;1907-06-24;;Notre-Dame;;75;16;91D2;quai de Bourbon, 55.;quai de Bourbon, 33.;14;;Non retenus au POS et non repris au PLU : Décret du 1er août 1860.;;Dénommée rue Jean du Bellay par arrêté du 24 juin 1907.;Décret du 2 mars 1867;;;Arrêté du 28 février 1882.;"Jean du Bellay (1492-1560), cardinal, évêque de Paris ; voisinage de Notre-Dame.";;;;Décret du 1er août 1860.
;611;impasse;;Victor Hugo;IMPASSE VICTOR HUGO;impasse Victor Hugo;;;1942-12-31;;;;;;;;;;;;;Supprimée en 1942. Était située av. du Parc des Expositions (Supprimé.).;;;;;Marie Victor Hugo (1802-1885), poète et homme politique français.;;;;
;633;rue;;Verte;RUE VERTE;rue Verte;;;;;;;;;;;;;;;;Voir : Venise (imp. de).;;;;;;;;;
;418;chemin;des;Voisins;CHEMIN DES VOISINS;chemin des Voisins;;;;;;;;;;;;;;;;Voir : Etoile (imp. de l').;;;;;;;;;
;421;rue;de la;Voirie de Popincourt;RUE DE LA VOIRIE DE POPINCOURT;rue de la Voirie de Popincourt;;;;;;;;;;;;;;;;Supprimé. Elle occupait l'emplacement de la rue Ternaux.;;;;;;;;;
;450;rue;de la;Violette;RUE DE LA VIOLETTE;rue de la Violette;;;;;;;;;;;;;;;;Voir : Saint-Faron (imp.).;;;;;;;;;
;456;port;aux;Vins;PORT AUX VINS;port aux Vins;;;;;;;;;;;;;;;;Réuni au port Saint-Bernard par décision préfectorale du 18 juillet 1905.;;;;;;;;;
;488;rue;;Villeran Bertin;RUE VILLERAN BERTIN;rue Villeran Bertin;;;;;;;;;;;;;;;;Voir : Hillerin Bertin (rue).;;;;;;;;;
;508;impasse;;Vilatte;IMPASSE VILATTE;impasse Vilatte;;;;;;;;;;;;;;;;Supprimé. Elle était située rue du Château des Rentiers, 37.;;;;;;;;;
;519;rue;des;Vignes;RUE DES VIGNES;rue des Vignes;;;;;;;;;;;;;;;;Voir : Corderies (cul-de-sac des).;;;;;;;;;
;560;chemin;de la;Vieille Tuilerie;CHEMIN DE LA VIEILLE TUILERIE;chemin de la Vieille Tuilerie;;;;;;;;;;;;;;;;Voir : Chasse Midi (rue du).;;;;;;;;;
;569;rue;de la;Vieille Oreille;RUE DE LA VIEILLE OREILLE;rue de la Vieille Oreille;;;;;;;;;;;;;;;;Actuellement rue de la Coutellerie.;;;;;;;;;
;585;rue;;Vieille de la Garonne;RUE VIEILLE DE LA GARONNE;rue Vieille de la Garonne;12e;;;;Bercy;;;;;;;;;;;Supprimée. Précédemment rue de la Garonne.;;;;;Fleuve traversant des vignobles renommés.;;;;
;748;rue;des;Vaches;RUE DES VACHES;rue des Vaches;;;;;;;;;;;;;;;;Actuellement partie de la rue de Vaugirard.;;;;;;;;;
;750;rue;des;Vaches;RUE DES VACHES;rue des Vaches;;;;;;;;;;;;;;;;Actuellement rue Rottembourg.;;;;;;;;;
;751;rue;des;Vaches;RUE DES VACHES;rue des Vaches;;;;;;;;;;;;;;;;Actuellement rue Rousselet.;;;;;;;;;
;791;rue;de;Tyroer;RUE DE TYROER;rue de Tyroer;;;;;;;;;;;;;;;;Voir : Croix du Tiroir (rue de la).;;;;;;;;;
;935;rue;du;Trahoir;RUE DU TRAHOIR;rue du Trahoir;;;;;;;;;;;;;;;;Ou Trayoir. Voir : Trayoir (rue du).;;;;;;;;;
;936;rue;;Trace Putain;RUE TRACE PUTAIN;rue Trace Putain;;;;;;;;;;;;;;;;Actuellement partie de la rue Beaubourg.;;;;;;;;;
;15637;impasse;de la;Fidélité;IMPASSE DE LA FIDELITE;impasse de la Fidélité;;;;;;;;;;;;;;;;Devenue rue Neuve de la Fidélité (supprimée);;;;;;;;;
21;15171;voie;;DW/12;VOIE DW/12;voie DW/12;12e;2017-02-10;2018-12-13;;Picpus;;;;93D4;boulevard Diderot, 67.;en impasse.;6;5;;;Dénommée passage Marie Rogissart par délibération municipale des 10, 11, 12 et 13 décembre 2018.;Voie créée par décision de numérotage du 10 février 2017.;;;;;;;;
;624;vicus;;Vetus Judearia;VICUS VETUS JUDEARIA;vicus Vetus Judearia;;;;;;;;;;;;;;;;Actuellement partie de la rue de la Harpe.;;;;;;;;;
;441;chemin;de;Vitry;CHEMIN DE VITRY;chemin de Vitry;;;;;;;;;;;;;;;;Actuellement avenue de Choisy.;;;;;;;;;
;457;rue;du;Vingt-Quatre Février;RUE DU VINGT-QUATRE FEVRIER;rue du Vingt-Quatre Février;;;;;;;;;;;;;;;;Actuellement rue de Valois.;;;;;;;;;
;469;ruelle;des;Vinaigriers;RUELLE DES VINAIGRIERS;ruelle des Vinaigriers;;;;;;;;;;;;;;;;Actuellement rues des Vinaigriers et Jean Poulmarch.;;;;;;;;;
;506;rue;de la;Villa de la Porte Dauphine;RUE DE LA VILLA DE LA PORTE DAUPHINE;rue de la Villa de la Porte Dauphine;;;;;;;;;;;;;;;;Actuellement partie de la rue du Général Appert.;;;;;;;;;
;525;rue;des;Vignes;RUE DES VIGNES;rue des Vignes;;;;;;;;;;;;;;;;Actuellement partie de la rue Rataud.;;;;;;;;;
;551;cul-de-sac;des;Vieilles Tuileries;CUL-DE-SAC DES VIEILLES TUILERIES;cul-de-sac des Vieilles Tuileries;;;;;;;;;;;;;;;;Englobé dans la rue Saint-Placide. Il était situé rue des Vieilles Tuileries, côté sud (Actuellement rue du Cherche-Midi).;;;;;;;;;
;554;rue;des;Vieilles Haudriettes;RUE DES VIEILLES HAUDRIETTES;rue des Vieilles Haudriettes;03e;;1881-01-24;;Sainte-Avoye;;;;;;;;;;;Dénommée rue des Haudriettes par arrêté préfectoral du 24 janvier 1881.;;;;;"Société des femmes veuves, dites Haudriettes, parce que leur maison avait été fondée par Etienne Haudri, grand panetier de Philippe le Bel ; elles y avaient diverses propriétés.";;;;
;562;rue;de la;Vieille Tannerie;RUE DE LA VIEILLE TANNERIE;rue de la Vieille Tannerie;04e;;;;Saint-Merri;;;;;;;;;;;Supprimée par l'ouverture de l'avenue Victoria. Elle commençait rue de la Vieille Lanterne (supprimée), finissait rue de la Vieille place aux Veaux (supprimée). Elle existait au XIIIe siècle. Sauval dit qu'elle a été nommée rue des Crénaux.;;;;;;;;;
;575;rue;de la;Vieille Juiverie;RUE DE LA VIEILLE JUIVERIE;rue de la Vieille Juiverie;04e;;;;Saint-Merri;;;;;;;;;;;Actuellement rue de la Tacherie.;;;;;;;;;
;945;place;du;Tourniquet Saint-Jean;PLACE DU TOURNIQUET SAINT-JEAN;place du Tourniquet Saint-Jean;;;;;;;;;;;;;;;;Supprimé. Elle était située à la rencontre des rues du Tourniquet Saint-Jean, de Monceau et du Martroi (supprimées).;;;;;;;;;
;7472;place;;Cabanis;PLACE CABANIS;place Cabanis;12e;;1864-12-30;;Bercy;;;;;;;;;;;Dénommée partie du boulevard de Bercy par arrêté préfectoral du 30 décembre 1864.;;;;;;;;;
;7510;chemin;de la;Butte aux Cailles;CHEMIN DE LA BUTTE AUX CAILLES;chemin de la Butte aux Cailles;;;;;;;;;;;;;;;;Actuellement partie de la rue du Moulin des Prés.;;;;;;;;;
;8171;rue;de la;Barrière;RUE DE LA BARRIERE;rue de la Barrière;;;;;;;;;;;;;;;;Actuellement partie de la rue de la Glacière et de la rue de l'Amiral Mouchez.;;;;;;;;;
;7573;rue;;Breneuse;RUE BRENEUSE;rue Breneuse;;;;;;;;;;;;;;;;Ou Berneuse. Voir : Berneuse (rue).;;;;;;;;;
;7574;rue;;Breneuse;RUE BRENEUSE;rue Breneuse;;;;;;;;;;;;;;;;Voir : Cimetière Saint-Benoît (rue du).;;;;;;;;;
;8244;rue;;Bailleheu;RUE BAILLEHEU;rue Bailleheu;;;;;;;;;;;;;;;;Ou Baillehoe. Une partie est actuellement la rue Brisemiche, l'autre devenue la rue Taille-Pain a été supprimée en 1910.;;;;;;;;;
;7637;chemin;du;Bourget;CHEMIN DU BOURGET;chemin du Bourget;;;;;;;;;;;;;;;;Actuellement av. de Flandre et av. Corentin Cariou.;;;;;;;;;
;6271;rue;des;Deux Frères;RUE DES DEUX FRERES;rue des Deux Frères;;;;;;;;;;;;;;;;Supprimée par l'exécution des alignements l'av. Junot. Elle commençait rue Girardon, 3, et finissait en impasse.;;;;;;;;;
;6279;chemin;de;Dessus les Fossés;CHEMIN DE DESSUS LES FOSSES;chemin de Dessus les Fossés;;;;;;;;;;;;;;;;Actuellement partie de la rue Monsieur le Prince.;;;;;;;;;
;6945;partie de la rue;de la;Chevalerie du Temple;PARTIE DE LA RUE DE LA CHEVALERIE DU TEMPLE;partie de la rue de la Chevalerie du Temple;;;;;;;;;;;;;;;;Actuellement partie de la rue du Temple comprise entre la place de la République et la rue Michel le Comte. A l'origine, elle allait jusqu'au boulevard du Temple. A été nommée précédemment vicus Militiæ Templi.;;;;;;;;;
;4961;rue;;Hoche;RUE HOCHE;rue Hoche;;;;;;;;;;;;;;;;Actuellement rue de Beaujolais.;;;;;;;;;
;5600;rue;de la;Foulerie;RUE DE LA FOULERIE;rue de la Foulerie;;;;;;;;;;;;;;;;Actuellement rue de l'Hôtel de Ville.;;;;;;;;;
;5640;rue;de la;Fosse aux Chevaux;RUE DE LA FOSSE AUX CHEVAUX;rue de la Fosse aux Chevaux;;;;;;;;;;;;;;;;Actuellement rue du Tibre.;;;;;;;;;
;5642;rue;du;Fossé;RUE DU FOSSE;rue du Fossé;;;;;;;;;;;;;;;;Actuellement rue Mazarine.;;;;;;;;;
;5037;sentier;des;Hauts Merisiers;SENTIER DES HAUTS MERISIERS;sentier des Hauts Merisiers;12e;;1941-12-31;;Bel-Air;;;;;boulevard Carnot.;avenue Vincent d'Indy.;;;;;Supprimé en 1941.;;;;;;;;;
;6370;villa;;Daumesnil;VILLA DAUMESNIL;villa Daumesnil;;;;;;;;;;;;;;;;Supprimé. Etait située rue des Tourelles, 3.;;;;;;;;;
;6372;rue;;Daudin;RUE DAUDIN;rue Daudin;;;;;;;;;;;;;;;;Actuellement rue Jean Daudin.;;;;;;;;;
;5049;rue;de la;Haute Voirie Saint-Honoré;RUE DE LA HAUTE VOIRIE SAINT-HONORE;rue de la Haute Voirie Saint-Honoré;;;;;;;;;;;;;;;;Actuellement partie de la rue d'Argenteuil.;;;;;;;;;
;5057;rue;du;Haut Moulin;RUE DU HAUT MOULIN;rue du Haut Moulin;11e;;1851-03-11;;Folie-Méricourt;;;;;;;;;;;Dénommée partie de la rue de Malte par arrêté préfectoral du 11 mars 1851.;;;;;;;;;
;5069;rue;du;Harpeur;RUE DU HARPEUR;rue du Harpeur;;;;;;;;;;;;;;;;Voir : Trois Canettes (rue des).;;;;;;;;;
;5716;rue;de la;Foire;RUE DE LA FOIRE;rue de la Foire;;;;;;;;;;;;;;;;Actuellement partie de la rue Mabillon.;;;;;;;;;
;7064;cité;;Châteauneuf;CITE CHATEAUNEUF;cité Châteauneuf;;;;;;;;;;;;;;;;Supprimée par la place d'Italie.;;;;;;;;;
;7088;rue;du;Chastelet;RUE DU CHASTELET;rue du Chastelet;;;;;;;;;;;;;;;;Ou Chastel. Voir : Chastel (rue du).;;;;;;;;;
;5098;rue;de la;Gyptienne;RUE DE LA GYPTIENNE;rue de la Gyptienne;;;;;;;;;;;;;;;;Actuellement rue de la Jussienne.;;;;;;;;;
;7145;rue;;Charles Garnier;RUE CHARLES GARNIER;rue Charles Garnier;11e;;1904-01-28;;Roquette;;;;;;;;;;;Actuellement rue de la Croix Faubin.;;;;;;;;;
;5117;passage;;Guillaumot;PASSAGE GUILLAUMOT;passage Guillaumot;12e;;;;Quinze-Vingts;;;;;rue de Charenton, 131-135.;rue Crozatier, 11-17;;;;;Devenu passage Guillaumot Lainet. Actuellement avenue de Corbera.;;;;;;;;;
;5133;rue;;Guidonis ad Pictavinas;RUE GUIDONIS AD PICTAVINAS;rue Guidonis ad Pictavinas;;;;;;;;;;;;;;;;Actuellement rue des Poitevins.;;;;;;;;;
;5140;rue;;Gui le Queux;RUE GUI LE QUEUX;rue Gui le Queux;;;;;;;;;;;;;;;;Actuellement rue des Poitevins.;;;;;;;;;
;5141;rue;;Gui le Preux;RUE GUI LE PREUX;rue Gui le Preux;;;;;;;;;;;;;;;;Ou Gui le Comte. Actuellement rue Gît-le-Coeur.;;;;;;;;;
;5160;chemin;de;Guarnelles;CHEMIN DE GUARNELLES;chemin de Guarnelles;;;;;;;;;;;;;;;;Actuellement partie de la rue de Babylone.;;;;;;;;;
;6485;rue;de la;Croix;RUE DE LA CROIX;rue de la Croix;03e;;1851-02-18;;Arts et Metiers;;;;;;;;;;;Dénommée partie de la rue Volta par décret présidentiel du 18 février 1851 et arrêté préfectoral du 11 mars 1851.;;;;;;;;;
;7151;rue;de la;Charité;RUE DE LA CHARITE;rue de la Charité;;;;;;;;;;;;;;;;Actuellement rue des Saints-Pères.;;;;;;;;;
;7155;porte;de;Charenton;PORTE DE CHARENTON;porte de Charenton;12e;;;;Picpus;;;;;;;;;;;Supprimé. Etait située boul. Poniatowski dans le prolongement de la rue de Charenton.;;;;;Porte de l'enceinte de Thiers.;;;;
;7179;rue;;Chapus;RUE CHAPUS;rue Chapus;;;;;;;;;;;;;;;;Ou Chapuy. Actuellement partie de la rue Oberkampf.;;;;;;;;;
;7184;rue;;Chappeau;RUE CHAPPEAU;rue Chappeau;;;;;;;;;;;;;;;;Ou Chapon, Chapperon ou encore Chappon. Voir : Chapon (rue).;;;;;;;;;
;5816;place;des;Fédérés;PLACE DES FEDERES;place des Fédérés;;;;;;;;;;;;;;;;Actuellement place des Vosges.;;;;;;;;;
;5835;grande rue;du;Faubourg Saint-Honoré;GRANDE RUE DU FAUBOURG SAINT-HONORE;grande rue du Faubourg Saint-Honoré;;;;;;;;;;;;;;;;Actuellement partie de la rue Saint-Honoré.;;;;;;;;;
;5847;villa;;Fallières;VILLA FALLIERES;villa Fallières;;;;;;;;;;;;;;;;Actuellement villa Armand Fallières.;;;;;;;;;
;5862;voie;;E/11;VOIE E/11;voie E/11;11e;;1978-08-30;;Saint-Ambroise;;;;;;;;;;;Dénommée rue Clotilde de Vaux par arrêté municipal du 30 août 1978.;;;;;;;;;
;7211;rue;du;Chantier;RUE DU CHANTIER;rue du Chantier;;;;;;;;;;;;;;;;Actuellement partie de la rue du Sentier.;;;;;;;;;
;5226;rue;de la;Grange aux Merciers;RUE DE LA GRANGE AUX MERCIERS;rue de la Grange aux Merciers;12e;;1865-10-02;;Bercy;;;;;;;;;;;Dénommée partie de la rue Nicolaï par décret impérial du 2 octobre 1865.;;;;;;;;;
;5890;rue;des;Étuves;RUE DES ETUVES;rue des Étuves;;;;;;;;;;;;;;;;"Supprimé. vers 1294. Elle formait le prolongement de la rue Mignon et débouchait dans la rue des Cordeliers (Actuellement rue de l'Ecole de Médecine) ; elle séparait le collège de Bourgogne de celui des Prémontrés. En 1255, rue aux Etuves. En 1292, rue au Prince.";;;;;;;;;
;5891;rue;aux;Étuves;RUE AUX ETUVES;rue aux Étuves;;;;;;;;;;;;;;;;Actuellement rue Champollion.;;;;;;;;;
;4451;rue;;Lenoy;RUE LENOY;rue Lenoy;;;;;;;;;;;;;;;;Actuellement rue Hassard.;;;;;;;;;
;4535;passage;;Lamarck;PASSAGE LAMARCK;passage Lamarck;;;;;;;;;;;;;;;;Actuellement rue Paul Féval et rue de l'Abbé Patureau.;;;;;;;;;
;4301;rue;;Machel;RUE MACHEL;rue Machel;;;;;;;;;;;;;;;;Voir : Cloître Saint-Benoît (rue du).;;;;;;;;;
;4316;rue;des;Lyannes;RUE DES LYANNES;rue des Lyannes;;;;;;;;;;;;;;;;Actuellement rue des Lyanes.;;;;;;;;;
;4360;impasse;de la;Lormerie;IMPASSE DE LA LORMERIE;impasse de la Lormerie;;;;;;;;;;;;;;;;Voir : Heaumerie (cul-de-sac de la).;;;;;;;;;
;4372;cul-de-sac;de la;Longue Allée;CUL-DE-SAC DE LA LONGUE ALLEE;cul-de-sac de la Longue Allée;;;;;;;;;;;;;;;;Supprimé. Il était situé dans la rue de l'Hôtel de Ville entre les rues des Nonnains d'Hyères et Geoffroy l'Asnier.;;;;;;;;;
;4386;rue;de;Lionne;RUE DE LIONNE;rue de Lionne;;;;;;;;;;;;;;;;Actuellement rue de Ventadour.;;;;;;;;;
;7645;rue;du;Bourg;RUE DU BOURG;rue du Bourg;;;;;;;;;;;;;;;;Actuellement rue du Four.;;;;;;;;;
;8312;rue;de l';Autruche;RUE DE L'AUTRUCHE;rue de l'Autruche;;;;;;;;;;;;;;;;Voir : Autriche (rue d').;;;;;;;;;
;8315;rue;d';Autheriche;RUE D'AUTHERICHE;rue d'Autheriche;;;;;;;;;;;;;;;;Voir : Autriche (rue d').;;;;;;;;;
;8320;rue;;Australe;RUE AUSTRALE;rue Australe;;;;;;;;;;;;;;;;Supprimé. en 1947. Commençait av. Frédéric Passy (Supprimé.), finissait av. de la Porte de Vanves.;;;;;;;;;
;7763;passage;du;Bon Charles X;PASSAGE DU BON CHARLES X;passage du Bon Charles X;;;;;;;;;;;;;;;;Actuellement rue Gambey.;;;;;;;;;
;8353;rue;;Aufroy des Grès;RUE AUFROY DES GRES;rue Aufroy des Grès;;;;;;;;;;;;;;;;Ou Aufridi de Gressibus (Vicus). Voir : Aufridi de Gressibus (Vicus).;;;;;;;;;
;8398;rue;des;Arsis;RUE DES ARSIS;rue des Arsis;;;;;;;;;;;;;;;;Actuellement partie de la rue Saint-Martin.;;;;;;;;;
;8424;impasse;d';Argenson;IMPASSE D'ARGENSON;impasse d'Argenson;04e;;1877-02-01;;Saint-Gervais;;;;;;;;;;;Dénommée impasse de l'Hôtel d'Argenson par arrêté préfectoral du 1er février 1877.;;;;;;;;;
;8433;rue;des;Arcis;RUE DES ARCIS;rue des Arcis;;;1851-03-11;;;;;;;;;;;;;Dénommée partie de la rue Saint-Martin par arrêté préfectoral du 11 mars 1851.;;;;;;;;;
19;7824;rue;;Blaise;RUE BLAISE;rue Blaise;11e;1875-02-10;1896-03-10;;Saint-Ambroise;;;;;;;;;;;Dénommée rue du Général Blaise par arrêté préfectoral du 10 mars 1896.;Arrêté préfectoral approuvé par décret du 10 février 1875;;;;Nicolas Jean Henri Blaise, général de brigade, tué à Ville Evrard le 22 décembre 1870.;;;;
;8437;rue;de l';Archet Saint-Paul;RUE DE L'ARCHET SAINT-PAUL;rue de l'Archet Saint-Paul;;;;;;;;;;;;;;;;Actuellement rue Charlemagne.;;;;;;;;;
;8442;rue;de l';Archer;RUE DE L'ARCHER;rue de l'Archer;;;;;;;;;;;;;;;;Ou Archet. Actuellement partie de la rue des Bourdonnais.;;;;;;;;;
;8475;rue;;Apentier;RUE APENTIER;rue Apentier;;;;;;;;;;;;;;;;Actuellement rue Marie Pape-Carpantier.;;;;;;;;;
;7937;rue;;Bénédict;RUE BENEDICT;rue Bénédict;;;;;;;;;;;;;;;;Actuellement partie de la rue Gabrielle.;;;;;;;;;
;8580;barrière;des;Amandiers;BARRIERE DES AMANDIERS;barrière des Amandiers;;;;;;;;;;;;;;;;Supprimée. Elle était située boul. de Ménilmontant à l'extrémité de la rue du Chemin Vert.;;;;;;;;;
;8594;rue;;Almari de Roissiaco;RUE ALMARI DE ROISSIACO;rue Almari de Roissiaco;;;;;;;;;;;;;;;;Actuellement partie de la rue de La Reynie.;;;;;;;;;
;7332;rue;;Censée;RUE CENSEE;rue Censée;;;;;;;;;;;;;;;;Actuellement rue Censier.;;;;;;;;;
;7986;cul-de-sac;de;Bec Oye;CUL-DE-SAC DE BEC OYE;cul-de-sac de Bec Oye;;;;;;;;;;;;;;;;Actuellement imp. du Boeuf.;;;;;;;;;
;7992;rue;de;Beauvais;RUE DE BEAUVAIS;rue de Beauvais;;;;;;;;;;;;;;;;Supprimé. de 1806 à 1808. Elle commençait rue du Champ Fleuri (Supprimé.) et finissait rue Froidmanteau (Supprimé.). Au XIIIe siècle, on la nommait Biauvoir ou Byauvoir. En 1372, Beauvoir. En 1450, Beauvais.;;;;;;;;;
;8017;poterne;;Beaubourg;POTERNE BEAUBOURG;poterne Beaubourg;;;;;;;;;;;;;;;;Elle faisait partie de l'enceinte de Philippe-Auguste et était située rue Beaubourg. On l'a appelée également porte Nicolas Huidelon ou Hydron.;;;;;;;;;
;8024;voie;;BD/12;VOIE BD/12;voie BD/12;12e;;1990-11-21;;Picpus;;;;;;;;;;;Dénommée rue Riesener par arrêté municipal du 21 novembre 1990.;;;;;;;;;
;8056;cul-de-sac;de la;Baudroierie;CUL-DE-SAC DE LA BAUDROIERIE;cul-de-sac de la Baudroierie;;;;;;;;;;;;;;;;Voir : Baudroirie (imp. de la).;;;;;;;;;
;8667;rue;;Agnès La Buschère;RUE AGNES LA BUSCHERE;rue Agnès La Buschère;;;;;;;;;;;;;;;;Ou la Huschère. Actuellement partie de la rue Sainte-Croix de la Bretonnerie.;;;;;;;;;
;7414;rue;des;Cargaisons;RUE DES CARGAISONS;rue des Cargaisons;04e;;;;Notre-Dame;;;;;;;;;;;Supprimée vers 1860. Elle était située dans l'île de la Cité, entre les rues du Marché Neuf (supprimée) et de la Calandre (supprimée). Elle a été appelée Carcuissons, Carquillons, Escarcuissons, etc.;;;;;;;;;
;7417;rue;;Carelle;RUE CARELLE;rue Carelle;;;;;;;;;;;;;;;;Actuellement partie de la rue Saint-Louis en l'Ile.;;;;;;;;;
;8081;porte;;Baudeer;PORTE BAUDEER;porte Baudeer;;;;;;;;;;;;;;;;Baudais ou encore Baudayer. Voir : Baudais (porte).;;;;;;;;;
;7440;passage;du;Canal de l'Ourcq;PASSAGE DU CANAL DE L'OURCQ;passage du Canal de l'Ourcq;;;;;;;;;;;;;;;;Supprimé. Etait situé boul. Macdonald et Sérurier.;;;;;;;;;
;8108;rue;du;Bastouer;RUE DU BASTOUER;rue du Bastouer;;;;;;;;;;;;;;;;Actuellement rue Serpente.;;;;;;;;;
;8118;rue;des;Basses Vignoles;RUE DES BASSES VIGNOLES;rue des Basses Vignoles;;;;;;;;;;;;;;;;Actuellement partie de la rue de Terre Neuve.;;;;;;;;;
;8130;rue;;Basse des Ursins;RUE BASSE DES URSINS;rue Basse des Ursins;04e;;1881-01-24;;Notre-Dame;;;;;;;;;;;Dénommée rue des Ursins par arrêté préfectoral du 24 janvier 1881.;;;;;Dû à l'hôtel des Ursins.;;;;
;8737;rue;de l';Abbéie du Bec Hellouin;RUE DE L'ABBEIE DU BEC HELLOUIN;rue de l'Abbéie du Bec Hellouin;04e;;;;Saint-Merri;;;;;;;;;;;Actuellement partie de la rue du Temple.;;;;;;;;;
;8740;rue;de l';Abbé de Jouy;RUE DE L'ABBE DE JOUY;rue de l'Abbé de Jouy;;;;;;;;;;;;;;;;Actuellement partie de la rue Charlemagne.;;;;;;;;;
;8742;rue;à l';Abbé de Cligny;RUE A L'ABBE DE CLIGNY;rue à l'Abbé de Cligny;;;;;;;;;;;;;;;;Actuellement partie de la rue Victor Cousin.;;;;;;;;;
;5907;rue;;Étienne le Meunier;RUE ETIENNE LE MEUNIER;rue Étienne le Meunier;;;;;;;;;;;;;;;;Supprimé. Elle aboutissait rue des Singes (Actuellement rue des Guillemites).;;;;;;;;;
;6627;porte ou poterne;;Coquillier;PORTE OU POTERNE COQUILLIER;porte ou poterne Coquillier;;;;;;;;;;;;;;;;Ou Coquillière. Elle était située rue Coquillière et portait aussi les noms de Behaigne (Bohême), et de Flandre (enceinte de Philippe-Auguste).;;;;;;;;;
;4637;rue;de la;Juisvie;RUE DE LA JUISVIE;rue de la Juisvie;;;;;;;;;;;;;;;;Ou Juirie. Voir : Juirie (rue de la).;;;;;;;;;
;4655;rue;;Jousseline;RUE JOUSSELINE;rue Jousseline;;;;;;;;;;;;;;;;Ou Jousselin. Voir : Jousselin (rue).;;;;;;;;;
;5301;rue;des;Gobelins;RUE DES GOBELINS;rue des Gobelins;;;;;;;;;;;;;;;;Actuellement av. des Gobelins.;;;;;;;;;
;5331;cour;;Gilles;COUR GILLES;cour Gilles;12e;;;;Bercy;;;;;;;;;;;Supprimée. Voie située dans les entrepôts de Bercy. Précédemment impasse de la Côte d'Or.;;;;;Entrepôt de M. Gilles.;;;;
;5953;rue;;Erembourg de Brie;RUE EREMBOURG DE BRIE;rue Erembourg de Brie;;;;;;;;;;;;;;;;Actuellement rue Boutebrie.;;;;;;;;;
;5959;chemin;des;Épinettes;CHEMIN DES EPINETTES;chemin des Épinettes;12e;;;;Bel-Air;;;;;;;;;;;Actuellement partie de la rue du Colonel Oudot.;;;;;;;;;
;6654;chemin;de la;Contrescarpe;CHEMIN DE LA CONTRESCARPE;chemin de la Contrescarpe;;;;;;;;;;;;;;;;Actuellement partie de la rue Amelot.;;;;;;;;;
;6679;porte;de la;Conférence;PORTE DE LA CONFERENCE;porte de la Conférence;;;;;;;;;;;;;;;;Elle était édifiée sur le quai des Tuileries, à peu de distance de la place de la Concorde (troisième enceinte).;;;;;;;;;
;4666;rue;des;Jongleurs;RUE DES JONGLEURS;rue des Jongleurs;;;;;;;;;;;;;;;;Voir : Ménétriers (rue des).;;;;;;;;;
;5354;avenue;;Germaine Rolland;AVENUE GERMAINE ROLLAND;avenue Germaine Rolland;;;1943-12-31;;;;;;;impasse du Métro (Supprimée).;rue Jules Vallès (Supprimée);;;;;Supprimée en 1943.;;;;;;;;;
;5367;rue;;Geoffroy-Château;RUE GEOFFROY-CHATEAU;rue Geoffroy-Château;12e;;1884-08-30;;Bercy;;;;;;;;;;;Dénommée rue du Congo par arrêté préfectoral du 30 août 1884;;;;;;;;;
;6691;rue;au;Comte d'Artois;RUE AU COMTE D'ARTOIS;rue au Comte d'Artois;;;;;;;;;;;;;;;;Actuellement partie de la rue Montorgueil.;;;;;;;;;
;6704;rue;du;Commissaire Jaulneau;RUE DU COMMISSAIRE JAULNEAU;rue du Commissaire Jaulneau;;;;;;;;;;;;;;;;Actuellement rue Honoré Chevalier.;;;;;;;;;
;6707;rue;du;Commerce;RUE DU COMMERCE;rue du Commerce;12e;;1867-02-26;;Bercy;;;;;;;;;;;Dénommée rue de la Nativité par arrêté préfectoral du 26 février 1867. Actuellement rue Proudhon.;;;;;;;;;
;6716;rue;de la;Commanderesse;RUE DE LA COMMANDERESSE;rue de la Commanderesse;;;;;;;;;;;;;;;;Actuellement rue de la Coutellerie.;;;;;;;;;
;4701;rue;;Jehan Le Comte;RUE JEHAN LE COMTE;rue Jehan Le Comte;;;;;;;;;;;;;;;;Voir : Trognon (rue).;;;;;;;;;
;4715;ruelle;;Jean Vingne;RUELLE JEAN VINGNE;ruelle Jean Vingne;;;;;;;;;;;;;;;;Ou Jehan Bingne (ruellette). Voir : Réale (rue de la).;;;;;;;;;
;4730;rue;;Jean Lointier;RUE JEAN LOINTIER;rue Jean Lointier;;;;;;;;;;;;;;;;Actuellement rue Jean Lantier.;;;;;;;;;
19;5384;rue;du;Général Morin;RUE DU GENERAL MORIN;rue du Général Morin;03e;1884-08-30;1933-12-31;;Arts et Metiers;;;;;rue Réaumur.;rue Vaucanson;;;;;Supprimée en 1933.;Arrêté préfectoral du 30 août 1884.;;;;;;;;
;5403;place;;Gastine;PLACE GASTINE;place Gastine;;;;;;;;;;;;;;;;Supprimé. Elle était située rue Saint-Denis et rue de l'Aiguillerie (Supprimé.).;;;;;;;;;
;6048;rue;de l';Égout;RUE DE L'EGOUT;rue de l'Égout;;;;;;;;;;;;;;;;Actuellement rue Saint-Benoît.;;;;;;;;;
;4766;rue;;Jean Dauphin;RUE JEAN DAUPHIN;rue Jean Dauphin;;;1941-12-31;;;;;;;;;;;;;Supprimée en 1941. Commençait av. de la Porte d'Italie, finissait rue Blanqui.;;;;;;;;;
;4785;rue;des;Jardins;RUE DES JARDINS;rue des Jardins;;;;;;;;;;;;;;;;Actuellement partie de la rue des Francs Bourgeois.;;;;;;;;;
;5431;rue;;Garanella;RUE GARANELLA;rue Garanella;;;;;;;;;;;;;;;;Actuellement rue de Grenelle.;;;;;;;;;
;6082;passage;de l';Égalité;PASSAGE DE L'EGALITE;passage de l'Égalité;;;;;;;;;;;;;;;;Actuellement pas. de la Reine de Hongrie.;;;;;;;;;
;6778;impasse;;Clovis;IMPASSE CLOVIS;impasse Clovis;;;;;;;;;;;;;;;;Supprimé. Elle était située rue de Meaux.;;;;;;;;;
;6791;rue;du;Clos des Moynes;RUE DU CLOS DES MOYNES;rue du Clos des Moynes;;;;;;;;;;;;;;;;Voir : Taranne (rue).;;;;;;;;;
;4819;impasse;;Jacob;IMPASSE JACOB;impasse Jacob;;;;;;;;;;;;;;;;Supprimé. en 1890. Elle était située rue Pouchet.;;;;;;;;;
;5458;rue;de la;Galerie;RUE DE LA GALERIE;rue de la Galerie;;;;;;;;;;;;;;;;Voir : Trognon (rue).;;;;;;;;;
;6113;rue;de l';École de Médecine;RUE DE L'ECOLE DE MEDECINE;rue de l'École de Médecine;;;;;;;;;;;;;;;;Voir : Boucheries (rue des).;;;;;;;;;
;6826;chemin;de;Clichy à Monceau;CHEMIN DE CLICHY A MONCEAU;chemin de Clichy à Monceau;;;;;;;;;;;;;;;;Actuellement rue Salneuve et rue Tarbé.;;;;;;;;;
;5487;vicus;;Furni;VICUS FURNI;vicus Furni;;;;;;;;;;;;;;;;Actuellement rue du Four.;;;;;;;;;
;6165;ruelle;;Dupleix;RUELLE DUPLEIX;ruelle Dupleix;;;;;;;;;;;;;;;;Actuellement rue de Pondichéry.;;;;;;;;;
;6175;rue;au;Duc de Bourgogne;RUE AU DUC DE BOURGOGNE;rue au Duc de Bourgogne;;;;;;;;;;;;;;;;Voir : Reims (rue de).;;;;;;;;;
;6868;rue;du;Cimetière Saint-Sulpice;RUE DU CIMETIERE SAINT-SULPICE;rue du Cimetière Saint-Sulpice;;;;;;;;;;;;;;;;Actuellement rue Palatine.;;;;;;;;;
;6869;rue;du;Cimetière Saint-Sulpice;RUE DU CIMETIERE SAINT-SULPICE;rue du Cimetière Saint-Sulpice;;;;;;;;;;;;;;;;Actuellement partie de la rue Saint-Sulpice.;;;;;;;;;
;6870;passage;du;Cimetière Saint-Séverin;PASSAGE DU CIMETIERE SAINT-SEVERIN;passage du Cimetière Saint-Séverin;;;;;;;;;;;;;;;;Supprimé. Il commençait rue de la Parcheminerie et finissait à l'église Saint-Séverin.;;;;;;;;;
;6889;place;du;Cimetière;PLACE DU CIMETIERE;place du Cimetière;;;;;;;;;;;;;;;;Actuellement place de Torcy.;;;;;;;;;
;4893;rue;;Hyrondale;RUE HYRONDALE;rue Hyrondale;;;;;;;;;;;;;;;;Actuellement rue de l'Hirondelle.;;;;;;;;;
;6206;rue;du;Docteur Salathé;RUE DU DOCTEUR SALATHE;rue du Docteur Salathé;;;;;;;;;;;;;;;;Supprimé. Commençait av. du Parc des Expositions (Supprimé.), finissait rue Krüger (Supprimé.).;;;;;;;;;
;6903;impasse;;Choquet;IMPASSE CHOQUET;impasse Choquet;;;;;;;;;;;;;;;;Supprimé. Etait située rue Curial, 48.;;;;;;;;;
;6919;impasse;des;Chiens;IMPASSE DES CHIENS;impasse des Chiens;;;;;;;;;;;;;;;;Supprimé. en 1943. Etait située allée des Peupliers (Supprimé.).;;;;;;;;;
;6926;rue;du;Chevet Sainte-Geneviève;RUE DU CHEVET SAINTE-GENEVIEVE;rue du Chevet Sainte-Geneviève;;;;;;;;;;;;;;;;Voir : Coulons (rue aux).;;;;;;;;;
;4922;rue;de l';Hôtel de Nemours;RUE DE L'HOTEL DE NEMOURS;rue de l'Hôtel de Nemours;;;;;;;;;;;;;;;;Actuellement partie de la rue des Grands Augustins.;;;;;;;;;
;4942;passage;de l';Hôpital Saint-Antoine;PASSAGE DE L'HOPITAL SAINT-ANTOINE;passage de l'Hôpital Saint-Antoine;;;1863-12-31;;;;;;;;;;;;;Supprimé en 1863. Il commençait rue Chaligny et finissait place de l'Hôpital Saint-Antoine.;;;;;;;;;
;6224;rue;de;Diane;RUE DE DIANE;rue de Diane;;;;;;;;;;;;;;;;Actuellement rue Elzévir.;;;;;;;;;
;6253;rue;des;Deux Portes;RUE DES DEUX PORTES;rue des Deux Portes;04e;;1890-04-18;;Saint-Gervais, Saint-Merri;;;;;;;;;;;"Dénommée partie de la rue des Archives (entre les rues de Rivoli et de la Verrerie) par arrêté préfectoral du 18 avril 1890. Dès la fin du XIIIe siècle, on l'appelait rue Entre Deux Portes, rue des Deux Portes Saint-Jean ; au XVIIe siècle, on la désignait sous le nom de rue de la Galiace.";;;Dite aussi rue des Deux Portes Saint-Jean;;;;;;
21;16;voie;;DQ/12;VOIE DQ/12;voie DQ/12;12e;2010-01-01;2017-02-23;;Bercy;;51;12;113B4;rue Jorge Semprun, 34.;place Gertrude Stein, 3.;;;;;"Dénommée rue Simone Iff par décision municipale du 23 février 2017.  projetée dans le lotissement ""Charolais - Rotonde"".";;;;;;;;;
21;15680;voie;;EF/12;VOIE EF/12;voie EF/12;12e;2024-02-08;2025-10-10;;Bercy;;;;;voie ED/12, 1.;voie EG/12, 2.;18;;;;Dénommée rue Djamila Debèche par délibération municipale des 7, 8, 9 et 10 octobre 2025.;Décision de numérotage du 8 février 2024.;;;;;;;;
;15707;rue;;Le Tourneur;RUE LE TOURNEUR;rue Le Tourneur;;;;;;;;;;;;;;;;;;;;;;;;;
;15772;voie;;AF/11;VOIE AF/11;voie AF/11;11e;;2011-09-27;;Folie-Méricourt;;;;;;;;;;;Dénommée place Darno Maffini par délibération municipale des 26 et 27 septembre 2011.;;;;;;;;;
;7104;impasse;de;Chartres;IMPASSE DE CHARTRES;impasse de Chartres;;;;;;;;;;;;;;;;Actuellement villa Jacquemont.;;;;;;;;;
;7124;rue;;Charpentière;RUE CHARPENTIERE;rue Charpentière;;;;;;;;;;;;;;;;Et Charpentier. Actuellement rue Marie Pape-Carpantier.;;;;;;;;;
;7143;cité;;Charles Humbert;CITE CHARLES HUMBERT;cité Charles Humbert;11e;;1930-12-31;;Sainte-Marguerite;;;;;;;;;;;Actuellement cité de l'Ameublement.;;;;;;;;;
;5125;rue;;Guillaume;RUE GUILLAUME;rue Guillaume;04e;;1867-02-27;;Notre-Dame;;;;;;;;;;;Dénommée rue Budé par décret impérial du 27 février 1867.;;;;;;;;;
;5146;rue;de;Guernelles;RUE DE GUERNELLES;rue de Guernelles;;;;;;;;;;;;;;;;Actuellement rue de Grenelle.;;;;;;;;;
;5780;porta;;Ferri;PORTA FERRI;porta Ferri;;;;;;;;;;;;;;;;Voir : Enfer (porte d').;;;;;;;;;
;5800;cité;;Ferdinand Bal;CITE FERDINAND BAL;cité Ferdinand Bal;;;;;;;;;;;;;;;;Actuellement cité d'Hauteville.;;;;;;;;;
;7176;cul-de-sac;;Charblanc;CUL-DE-SAC CHARBLANC;cul-de-sac Charblanc;;;;;;;;;;;;;;;;Voir : Chat Blanc (cul-de-sac du).;;;;;;;;;
;5203;petit chemin;de;Grenelle;PETIT CHEMIN DE GRENELLE;petit chemin de Grenelle;;;;;;;;;;;;;;;;Actuellement rue de Grenelle.;;;;;;;;;
;6522;chemin;des;Couronnes;CHEMIN DES COURONNES;chemin des Couronnes;;;;;;;;;;;;;;;;Actuellement rue Polonceau.;;;;;;;;;
;6529;rue;des;Courdouagniers;RUE DES COURDOUAGNIERS;rue des Courdouagniers;;;;;;;;;;;;;;;;Voir : Barthélemy (cul-de-sac).;;;;;;;;;
;7198;rue;de la;Chanvrerie;RUE DE LA CHANVRERIE;rue de la Chanvrerie;;;;;;;;;;;;;;;;Voir : Chanverrerie (rue de la).;;;;;;;;;
;7207;rue;des;Chantiers;RUE DES CHANTIERS;rue des Chantiers;;;;;;;;;;;;;;;;Actuellement partie de la rue Traversière.;;;;;;;;;
;7229;rue;de;Champrou;RUE DE CHAMPROU;rue de Champrou;;;;;;;;;;;;;;;;Ou Champourri, Champrose, Champrosy, Champron ou encore Champrousier. Voir : Champourri (rue de).;;;;;;;;;
;5889;rue;des;Étuves;RUE DES ETUVES;rue des Étuves;;;;;;;;;;;;;;;;Actuellement rue Sauval.;;;;;;;;;
;6583;place;du;Corps Législatif;PLACE DU CORPS LEGISLATIF;place du Corps Législatif;;;;;;;;;;;;;;;;Actuellement place du Palais Bourbon.;;;;;;;;;
;6586;rue;de la;Corne;RUE DE LA CORNE;rue de la Corne;;;;;;;;;;;;;;;;Voir : Neuve Guillemin (rue).;;;;;;;;;
;5259;quai;du;Grand Cours d'Eau;QUAI DU GRAND COURS D'EAU;quai du Grand Cours d'Eau;;;;;;;;;;;;;;;;Actuellement quai de l'Horloge.;;;;;;;;;
;5288;impasse;des;Gourdes;IMPASSE DES GOURDES;impasse des Gourdes;;;;;;;;;;;;;;;;Voir : Blanchisseuses (imp. des).;;;;;;;;;
;5928;rue;des;Escureux;RUE DES ESCUREUX;rue des Escureux;;;;;;;;;;;;;;;;Actuellement rue du Jardinet.;;;;;;;;;
;5929;rue;de l';Escureul;RUE DE L'ESCUREUL;rue de l'Escureul;;;;;;;;;;;;;;;;Actuellement rue du Jardinet.;;;;;;;;;
;6611;cul-de-sac;de la;Corderie;CUL-DE-SAC DE LA CORDERIE;cul-de-sac de la Corderie;;;;;;;;;;;;;;;;Voir : Thévenot (rue).;;;;;;;;;
;4644;rue;des;Jugleurs;RUE DES JUGLEURS;rue des Jugleurs;;;;;;;;;;;;;;;;Ou Jugleours. Voir : Ménétriers (rue des).;;;;;;;;;
;5304;barrière;des;Gobelins;BARRIERE DES GOBELINS;barrière des Gobelins;;;;;;;;;;;;;;;;Elle était située sur l'ancien boul. des Gobelins, au droit de la rue Barrault.;;;;;;;;;
;5340;porte;;Gibart;PORTE GIBART;porte Gibart;;;;;;;;;;;;;;;;Voir : Enfer (porte d').;;;;;;;;;
;5948;rue;des;Ermites;RUE DES ERMITES;rue des Ermites;;;;;;;;;;;;;;;;Voir : Deux Ermites (rue des).;;;;;;;;;
;5966;cul-de-sac;de l';Épée Royale;CUL-DE-SAC DE L'EPEE ROYALE;cul-de-sac de l'Épée Royale;;;;;;;;;;;;;;;;Voir : Commissaires (cul-de-sac des).;;;;;;;;;
;6680;port;de la;Conférence;PORT DE LA CONFERENCE;port de la Conférence;;;;;;;;;;;;;;;;"Il était en face de l'av. d'Antin (Actuellement av. Franklin D. Roosevelt) ; on y déchargeait les pierres de Saint-Leu. Il a aussi porté le nom de port aux pierres de Saint-Leu.";;;;;;;;;
;6683;impasse;;Conard;IMPASSE CONARD;impasse Conard;;;1940-12-31;;;;;;;;;;;;;Supprimée en 1940. Etait située rue Castagnary, 73.;;;;;;;;;
;4667;rue;aux;Jongleurs;RUE AUX JONGLEURS;rue aux Jongleurs;;;;;;;;;;;;;;;;Voir : Ménétriers (rue des).;;;;;;;;;
;5342;ruelle;de;Gesvres;RUELLE DE GESVRES;ruelle de Gesvres;;;;;;;;;;;;;;;;Voir : Saint-Jérôme (rue).;;;;;;;;;
;5999;ruelle puis impasse;de l';Empereur;RUELLE PUIS IMPASSE DE L'EMPEREUR;ruelle puis impasse de l'Empereur;;;;;;;;;;;;;;;;Actuellement impasse Saint-Denis.;;;;;;;;;
;6006;passage;;Émile Meyer;PASSAGE EMILE MEYER;passage Émile Meyer;;;;;;;;;;;;;;;;Actuellement villa Emile Meyer.;;;;;;;;;
;6702;rue;;Commune;RUE COMMUNE;rue Commune;;;;;;;;;;;;;;;;Voir : Bouteille (imp. de la).;;;;;;;;;
;6703;cul-de-sac;des;Commissaires;CUL-DE-SAC DES COMMISSAIRES;cul-de-sac des Commissaires;;;;;;;;;;;;;;;;Supprimé. Il était situé sur Montmartre en face de l'imp. Saint-Pierre. C'était anciennement la rue de l'Arche. Plus tard, une partie de la voie ayant été bouchée, il prit le nom de cul-de-sac de l'Epée Royale (1647), ensuite celui de cul-de-sac Ragouleau (1663), et enfin des Commissaires.;;;;;;;;;
;4704;rue;;Jehan de Saint-Quentin;RUE JEHAN DE SAINT-QUENTIN;rue Jehan de Saint-Quentin;;;;;;;;;;;;;;;;Actuellement partie de la rue Pastourelle.;;;;;;;;;
;6027;impasse;;Élisabeth;IMPASSE ELISABETH;impasse Élisabeth;;;;;;;;;;;;;;;;Voir : Sainte-Catherine (imp.).;;;;;;;;;
;6036;rue;des;Égouts;RUE DES EGOUTS;rue des Égouts;;;;;;;;;;;;;;;;Actuellement rue Saint-Benoît.;;;;;;;;;
;6037;rue;de l';Égout Sainte-Catherine;RUE DE L'EGOUT SAINTE-CATHERINE;rue de l'Égout Sainte-Catherine;;;;;;;;;;;;;;;;Actuellement partie de la rue de Turenne.;;;;;;;;;
;4748;rue;;Jean Gilles;RUE JEAN GILLES;rue Jean Gilles;;;;;;;;;;;;;;;;Voir : Réale (rue de la).;;;;;;;;;
;6784;rue;du;Clos Mauvoisin;RUE DU CLOS MAUVOISIN;rue du Clos Mauvoisin;;;;;;;;;;;;;;;;Actuellement rue Galande.;;;;;;;;;
;6797;rue;du;Clos Bruneau;RUE DU CLOS BRUNEAU;rue du Clos Bruneau;;;;;;;;;;;;;;;;Ou Clos Brunel (rue du). Actuellement rue Jean de Beauvais.;;;;;;;;;
;4791;ruelle;des;Jardiniers;RUELLE DES JARDINIERS;ruelle des Jardiniers;12e;;;;Bercy;;;;;;;;;;;Actuellement ruelle des Hébrard.;;;;;;;;;
19;4804;rue;;Japy;RUE JAPY;rue Japy;;1851-02-18;;;;;;;;;;;;;;Supprimée par l'ouverture de la rue de Turbigo. Elle commençait rue Bailly et finissait rue Royale (Actuellement rue Réaumur). Précédemment elle avait été appelée rue Saint-Philippe-Saint-Martin.;;;;;;;;;
;4816;cul-de-sac;des;Jacobins;CUL-DE-SAC DES JACOBINS;cul-de-sac des Jacobins;;;;;;;;;;;;;;;;Actuellement rue Saint-Hyacinthe.;;;;;;;;;
;5459;cité;du;Galant Jardinier;CITE DU GALANT JARDINIER;cité du Galant Jardinier;;;;;;;;;;;;;;;;Supprimé. Elle était située rue des Maronites, 36.;;;;;;;;;
;6097;rue;de l';Économe;RUE DE L'ECONOME;rue de l'Économe;;;;;;;;;;;;;;;;Supprimé. par l'aménagement de la zone en 1969. Commençait av. de la Porte des Lilas et finissait av. du Docteur Gley.;;;;;;;;;
;6102;rue;des;Écoles Saint-Denis;RUE DES ECOLES SAINT-DENIS;rue des Écoles Saint-Denis;;;;;;;;;;;;;;;;Actuellement rue des Grands Augustins.;;;;;;;;;
;6816;rue;du;Cloître de la Raison;RUE DU CLOITRE DE LA RAISON;rue du Cloître de la Raison;;;;;;;;;;;;;;;;Actuellement partie de la rue du Cloître Notre-Dame.;;;;;;;;;
20;5478;avenue;;Gabriel Bonvalot;AVENUE GABRIEL BONVALOT;avenue Gabriel Bonvalot;12e;1936-02-03;;;Picpus;;;;;;;;;;;Nom attribué par arr. du 3 février 1936 à une voie qui avait été projetée à la limite sud du bastion 4. Elle devait aboutir place du Cardinal Lavigerie.;Arrêté préfectoral du 3 février 1936;;;;;;;;
;5509;rue;;Frogier l'Asnier;RUE FROGIER L'ASNIER;rue Frogier l'Asnier;;;;;;;;;;;;;;;;Ou Forgier l'Asnier (rue). Actuellement rue Geoffroy l'Asnier.;;;;;;;;;
;4869;impasse;de l';Industrie;IMPASSE DE L'INDUSTRIE;impasse de l'Industrie;;;;;;;;;;;;;;;;Actuellement imp. Véran.;;;;;;;;;
;4877;ruelle;de l';Image Notre-Dame;RUELLE DE L'IMAGE NOTRE-DAME;ruelle de l'Image Notre-Dame;;;;;;;;;;;;;;;;Supprimé. Elle était située près du pont Notre-Dame et allait de la rue de la Pelleterie (Supprimé.) à la Seine.;;;;;;;;;
;5541;rue;des;Francs Bourgeois Saint-Marcel;RUE DES FRANCS BOURGEOIS SAINT-MARCEL;rue des Francs Bourgeois Saint-Marcel;;;;;;;;;;;;;;;;Supprimée par l'ouverture du boulevard Saint-Marcel. Elle commençait rue des Fossés Saint-Marcel et finissait place de la Collégiale (Supprimé.). Un arrêt du Parlement de 1296 affranchissait ses habitants des taxes payées par les Parisiens.;;;;;;;;;
;6913;rue;;Chilpéric;RUE CHILPERIC;rue Chilpéric;;;;;;;;;;;;;;;;Supprimé. lors de la formation de la place du Louvre. Elle faisait partie du Cloître de Saint-Germain l'Auxerrois et elle a reçu en 1806 le nom de Chilpéric. Elle allait de la rue de l'Arbre Sec à la place Saint-Germain l'Auxerrois (Supprimé.).;;;;;;;;;
;6933;rue;du;Chevet Saint-Denis de la Chartre;RUE DU CHEVET SAINT-DENIS DE LA CHARTRE;rue du Chevet Saint-Denis de la Chartre;;;;;;;;;;;;;;;;Voir : Glatigny (rue).;;;;;;;;;
;4909;rue;;Hougnart;RUE HOUGNART;rue Hougnart;;;;;;;;;;;;;;;;Actuellement partie de la rue de La Reynie.;;;;;;;;;
;4912;rue;;Hoteriche;RUE HOTERICHE;rue Hoteriche;;;;;;;;;;;;;;;;Ou Hosteriche. Voir : Hosteriche (rue).;;;;;;;;;
;4914;rue;de l';Hôtel Dieu de la Charité;RUE DE L'HOTEL DIEU DE LA CHARITE;rue de l'Hôtel Dieu de la Charité;;;;;;;;;;;;;;;;Actuellement rue des Saints-Pères.;;;;;;;;;
;4947;rue;de l';Hôpital;RUE DE L'HOPITAL;rue de l'Hôpital;;;;;;;;;;;;;;;;Voir : Saint-Jean de Latran (rue).;;;;;;;;;
;5585;rue;du;Four du Temple;RUE DU FOUR DU TEMPLE;rue du Four du Temple;;;;;;;;;;;;;;;;Supprimée très anciennement. Elle débouchait dans la rue Sainte-Avoie (rue du Temple) auprès de la rue Sainte-Croix de la Bretonnerie.;;;;;;;;;
;5589;ruelle ou rue;du;Four Bannier;RUELLE OU RUE DU FOUR BANNIER;ruelle ou rue du Four Bannier;;;;;;;;;;;;;;;;Voir : Beurrière (rue).;;;;;;;;;
;6222;passage;;Didier;PASSAGE DIDIER;passage Didier;;;;;;;;;;;;;;;;Supprimé. par l'ouverture de la rue Bolivar (Actuellement av. Simon Bolivar). Il commençait et finissait rue Asselin (Actuellement rue Henri Turot).;;;;;;;;;
;6244;rue;des;Deux Serviteurs;RUE DES DEUX SERVITEURS;rue des Deux Serviteurs;;;;;;;;;;;;;;;;Voir : Deux Ermites (rue des).;;;;;;;;;
;2240;chemin de ronde;des;Rats;CHEMIN DE RONDE DES RATS;chemin de ronde des Rats;;;;;;;;;;;;;;;;Englobé dans le boulevard de Ménilmontant.;;;;;;;;;
;2246;rue;du ou des;Ras;RUE DU OU DES RAS;rue du ou des Ras;;;;;;;;;;;;;;;;Actuellement rue d'Arras.;;;;;;;;;
;2272;cul-de-sac;;Ragouleau;CUL-DE-SAC RAGOULEAU;cul-de-sac Ragouleau;;;;;;;;;;;;;;;;Voir : Commissaires (cul-de-sac des).;;;;;;;;;
;2321;passage;du;Quai de l'École;PASSAGE DU QUAI DE L'ECOLE;passage du Quai de l'École;;;;;;;;;;;;;;;;Supprimé. Il commençait quai de l'Ecole et finissait rue des Prêtres Saint-Germain l'Auxerrois.;;;;;;;;;
;2440;passage;du;Prado;PASSAGE DU PRADO;passage du Prado;04e;;;;Notre-Dame;;;;;;;;;;;Supprimé. par la construction du Tribunal de commerce. Il commençait rue du Marché aux Fleurs (Supprimé.) et finissait rue de la Barillerie (Actuellement boul. du Palais).;;;;;;;;;
;2801;vicus;;Petri Oilart;VICUS PETRI OILART;vicus Petri Oilart;;;;;;;;;;;;;;;;Supprimé. Elle était une partie de la rue Pierre au Lard.;;;;;;;;;
;2653;rue;de la;Plume;RUE DE LA PLUME;rue de la Plume;;;;;;;;;;;;;;;;Actuellement rue Pierre Leroux.;;;;;;;;;
;2665;rue;de la;Plâtrière;RUE DE LA PLATRIERE;rue de la Plâtrière;;;;;;;;;;;;;;;;Actuellement rue Domat.;;;;;;;;;
;2728;passage;;Pihet;PASSAGE PIHET;passage Pihet;11e;;;;Saint-Ambroise;;;;;;;;;;;Actuellement rue Pihet.;;;;;;;;;
;2733;port;aux;Pierres de Saint-Leu;PORT AUX PIERRES DE SAINT-LEU;port aux Pierres de Saint-Leu;;;;;;;;;;;;;;;;Voir : Conférence (port de la).;;;;;;;;;
;2506;rue;de la;Porte Neuve;RUE DE LA PORTE NEUVE;rue de la Porte Neuve;;;;;;;;;;;;;;;;Voir : Chaume (rue du).;;;;;;;;;
;2509;rue;de la;Porte Maillot;RUE DE LA PORTE MAILLOT;rue de la Porte Maillot;;;;;;;;;;;;;;;;Actuellement rue Ruhmkorff.;;;;;;;;;
;2513;rue;de la;Porte du Chaume;RUE DE LA PORTE DU CHAUME;rue de la Porte du Chaume;;;;;;;;;;;;;;;;Voir : Chaume (rue du).;;;;;;;;;
;2523;rue;de la;Porte de Buci;RUE DE LA PORTE DE BUCI;rue de la Porte de Buci;;;;;;;;;;;;;;;;Actuellement rue de Buci.;;;;;;;;;
;2578;rue;du;Pont Livaut;RUE DU PONT LIVAUT;rue du Pont Livaut;;;;;;;;;;;;;;;;Actuellement rue Poliveau.;;;;;;;;;
;2816;rue;des;Petites Écuries du Roi;RUE DES PETITES ECURIES DU ROI;rue des Petites Écuries du Roi;;;;;;;;;;;;;;;;Actuellement rue des Petites Ecuries.;;;;;;;;;
;2820;impasse;de la;Petite Voirie;IMPASSE DE LA PETITE VOIRIE;impasse de la Petite Voirie;;;;;;;;;;;;;;;;Voir : Laborde (imp. de).;;;;;;;;;
;2834;rue;de la;Petite Monnaye;RUE DE LA PETITE MONNAYE;rue de la Petite Monnaye;;;;;;;;;;;;;;;;Voir : Orties du Louvre (rue des).;;;;;;;;;
;2841;rue;de la;Petite Bretonnerie;RUE DE LA PETITE BRETONNERIE;rue de la Petite Bretonnerie;;;;;;;;;;;;;;;;Voir : Grande Bretonnerie (rue de la).;;;;;;;;;
;2844;rue;de la;Petite Bouclerie;RUE DE LA PETITE BOUCLERIE;rue de la Petite Bouclerie;;;;;;;;;;;;;;;;Actuellement partie de la rue de la Harpe.;;;;;;;;;
;2849;rue;du;Petit Saint-Martin;RUE DU PETIT SAINT-MARTIN;rue du Petit Saint-Martin;;;;;;;;;;;;;;;;Voir : Four Saint-Martin (rue du).;;;;;;;;;
;2890;rue;du;Petit Château;RUE DU PETIT CHATEAU;rue du Petit Château;12e;;;;Bercy;;20;13;;rue Chaudey.;rue du Petit Château à la limite du territoire de Charenton-le-Pont.;;;;;Supprimée par la création du boulevard Périphérique. Elle commençait rue Chaudey et se terminait rue du Petit Château à la limite du territoire de Charenton-le-Pont. Située autrefois sur le territoire de Charenton le Pont annexé à Paris par décret du 18 avril 1929.;;;;;En souvenir du petit château de Bercy, aujourd'hui disparu;;;;
;2914;rue;du;Pet au Diable;RUE DU PET AU DIABLE;rue du Pet au Diable;;;;;;;;;;;;;;;;Voir : Tourniquet Saint-Jean (rue du).;;;;;;;;;
;2921;rue;;Perronelle;RUE PERRONELLE;rue Perronelle;;;;;;;;;;;;;;;;Voir : Pernelle (rue).;;;;;;;;;
;2938;impasse;;Pernet;IMPASSE PERNET;impasse Pernet;;;;;;;;;;;;;;;;Supprimé. par l'ouverture des rues Lamarck et Caulaincourt. Elle était située pas. Pernet (Supprimé.).;;;;;;;;;
;2968;ruelle;;Percée;RUELLE PERCEE;ruelle Percée;;;;;;;;;;;;;;;;Supprimé. Elle conduisait de la rue Saint-Landry à la Seine.;;;;;;;;;
;2981;rue;;Penecher;RUE PENECHER;rue Penecher;;;;;;;;;;;;;;;;Ou Péniche. Actuellement partie de la rue Paul Lelong.;;;;;;;;;
;3007;rue;;Pavée Saint-Sauveur;RUE PAVEE SAINT-SAUVEUR;rue Pavée Saint-Sauveur;;;;;;;;;;;;;;;;Voir : Petit Lion (rue du).;;;;;;;;;
;3053;rue;du;Parvis;RUE DU PARVIS;rue du Parvis;04e;;;;Notre-Dame;;;;;;;;;;;Elle était située sur l'emplacement du parvis Notre-Dame. Elle a été aussi appelée rue de la Huchette.;;;;;;;;;
;3358;porte;;Nicolas Hydron;PORTE NICOLAS HYDRON;porte Nicolas Hydron;;;;;;;;;;;;;;;;Ou Nicolas Huidelon. Voir : Nicolas Huidelon (porte).;;;;;;;;;
;3306;rue;;Nouvelle;RUE NOUVELLE;rue Nouvelle;;;;;;;;;;;;;;;;Actuellement rue du Cardinal Mercier.;;;;;;;;;
;3348;passage;;Noir;PASSAGE NOIR;passage Noir;;;;;;;;;;;;;;;;Supprimé. par le prolongement de la rue Baillif. Il était situé rue Neuve des Bons Enfants (Supprimé.) et aboutissait rue de Valois.;;;;;;;;;
;3104;porte;;Papale;PORTE PAPALE;porte Papale;;;;;;;;;;;;;;;;Elle était située rue d'Ulm.;;;;;;;;;
;3128;rue;du;Palais des Thermes;RUE DU PALAIS DES THERMES;rue du Palais des Thermes;;;;;;;;;;;;;;;;Actuellement partie de la rue Du Sommerard.;;;;;;;;;
;3133;cour;;Pajot;COUR PAJOT;cour Pajot;;;;;;;;;;;;;;;;Voir : Pajol (cour).;;;;;;;;;
;3157;passage;de l';Ouest;PASSAGE DE L'OUEST;passage de l'Ouest;;;;;;;;;;;;;;;;Ou Ouest (pas. dit de l'). Actuellement partie de la rue Vavin.;;;;;;;;;
;3162;rue;des;Oubloyers;RUE DES OUBLOYERS;rue des Oubloyers;;;;;;;;;;;;;;;;Ou Oublayeurs ou encore Oublieurs. Voir : Oublayeurs (rue des).;;;;;;;;;
;3696;passage;;Moulin;PASSAGE MOULIN;passage Moulin;12e;;;;Quinze-Vingts;;108;3;;rue de Chalon, 42.;impasse Jean Bouton, 12;12;11;;;Supprimé.;;;;;M. Moulin, propriétaire;;;Arrêté du 23 juillet 1965;
;3415;rue;;Neuve Saint-Étienne;RUE NEUVE SAINT-ETIENNE;rue Neuve Saint-Étienne;;;;;;;;;;;;;;;;Actuellement partie de la rue Rataud.;;;;;;;;;
;3429;rue;;Neuve Notre-Dame;RUE NEUVE NOTRE-DAME;rue Neuve Notre-Dame;04e;;1865-05-22;;Notre-Dame;;;;;;;;;;;Englobée dans la place du Parvis Notre-Dame. Elle commençait place du Parvis et finissait rue du Marché Palu (Supprimé.). Elle fut bâtie en 1163 et nommée rue Neuve. A la fin du XIIIe siècle, elle prit le nom de Neuve Notre-Dame. Pendant la Révolution, elle a porté le nom de la rue de la Raison.;;;;;;;;;
;3451;rue;;Neuve du Delta;RUE NEUVE DU DELTA;rue Neuve du Delta;;;;;;;;;;;;;;;;Voir : Dunkerque (rue de).;;;;;;;;;
;3472;rue;;Neuve des Filles Dieu;RUE NEUVE DES FILLES DIEU;rue Neuve des Filles Dieu;;;;;;;;;;;;;;;;Voir : Basse Porte Saint-Denis (rue).;;;;;;;;;
;3518;rue;;Neuve de Clichy;RUE NEUVE DE CLICHY;rue Neuve de Clichy;;;;;;;;;;;;;;;;Actuellement rue de Parme.;;;;;;;;;
;3577;passage;de;Navarin;PASSAGE DE NAVARIN;passage de Navarin;;;;;;;;;;;;;;;;Actuellement rue de Budapest.;;;;;;;;;
;3592;villa;;Napoléon;VILLA NAPOLEON;villa Napoléon;;;;;;;;;;;;;;;;Actuellement villa Daumesnil.;;;;;;;;;
;3850;rue;;Molay;RUE MOLAY;rue Molay;03e;;1874-06-25;;Enfants-Rouges;;;;;;;;;;;Dénommée partie de la rue des Archives par arrêté préfectoral du 25 juin 1874. Comprise entre les rues Portefoin et Perrée. Actuellement partie de la rue Eugène Spuller et partie de la rue des Archives.;;;;;;;;;
;3856;chemin;des;Moines;CHEMIN DES MOINES;chemin des Moines;;;;;;;;;;;;;;;;Actuellement rue des Moines.;;;;;;;;;
;3859;rue;du;Moine;RUE DU MOINE;rue du Moine;;;;;;;;;;;;;;;;Voir : Jean Hubert (rue).;;;;;;;;;
;3868;rue;de la;Miséricorde;RUE DE LA MISERICORDE;rue de la Miséricorde;;;;;;;;;;;;;;;;Actuellement partie de la rue de la Clef.;;;;;;;;;
;3895;rue;de la;Milice du Temple;RUE DE LA MILICE DU TEMPLE;rue de la Milice du Temple;;;;;;;;;;;;;;;;Actuellement partie de la rue du Temple.;;;;;;;;;
;3900;sentier;des;Mignottes;SENTIER DES MIGNOTTES;sentier des Mignottes;;;;;;;;;;;;;;;;Supprimé. Il commençait rue des Lilas et finissait chemin des Mignottes.;;;;;;;;;
;3763;square puis rue;du;Montparnasse;SQUARE PUIS RUE DU MONTPARNASSE;square puis rue du Montparnasse;;;;;;;;;;;;;;;;Actuellement square du Croisic.;;;;;;;;;
;3773;porte;;Montorgueil;PORTE MONTORGUEIL;porte Montorgueil;;;;;;;;;;;;;;;;Voir : Comte d'Artois (porte au).;;;;;;;;;
;4249;place;de la;Maison de la Révolution;PLACE DE LA MAISON DE LA REVOLUTION;place de la Maison de la Révolution;;;;;;;;;;;;;;;;Actuellement place du Palais Bourbon.;;;;;;;;;
;4266;passage;;Maindron;PASSAGE MAINDRON;passage Maindron;;;;;;;;;;;;;;;;Voir : Gandon (ruelle).;;;;;;;;;
;4038;rue;;Matholio;RUE MATHOLIO;rue Matholio;;;;;;;;;;;;;;;;Voir : Cloître Saint-Benoît (rue du).;;;;;;;;;
;4086;rue;de;Marle;RUE DE MARLE;rue de Marle;;;;;;;;;;;;;;;;Voir : Batailles (rue des).;;;;;;;;;
;4087;rue;du;Marjollet;RUE DU MARJOLLET;rue du Marjollet;;;;;;;;;;;;;;;;Voir : Marionnettes (rue des).;;;;;;;;;
;4116;rue;de;Marengo;RUE DE MARENGO;rue de Marengo;;;;;;;;;;;;;;;;Actuellement rue de Charenton.;;;;;;;;;
;4128;rue;du;Marché Saint-Laurent;RUE DU MARCHE SAINT-LAURENT;rue du Marché Saint-Laurent;;;;;;;;;;;;;;;;Supprimée par l'ouverture du boulevard de Strasbourg. Elle commençait rue Saint-Laurent et finissait rue de Strasbourg.;;;;;;;;;
;4132;partie;de la;Marché Palu;PARTIE DE LA MARCHE PALU;partie de la Marché Palu;04e;;;;Notre-Dame;;;;;;;;;;;Supprimée par la reconstruction de l'Hôtel Dieu (décret du 22 mai 1865). En 1218, rue de la Regraterie. En 1300, Guillot la nomme grand'rue Saint-Christophe. Une partie portait le nom de rue du Marché Palu.;;;;;;;;;
;4204;rue;;Mangini;RUE MANGINI;rue Mangini;;;1942-12-31;;;;;;;;;;;;;Supprimé. en 1942. Etait située av. du Parc des Expositions (Supprimé.).;;;;;;;;;
;7468;passage;du;Café de Foy;PASSAGE DU CAFE DE FOY;passage du Café de Foy;;;;;;;;;;;;;;;;Supprimé. Il allait de la rue de Montpensier à la rue de Richelieu.;;;;;;;;;
;7502;rue;des;Buttes;RUE DES BUTTES;rue des Buttes;;;;;;;;;;;;;;;;Actuellement rue Mazarine.;;;;;;;;;
;7508;barrière;de la;Butte Chaumont;BARRIERE DE LA BUTTE CHAUMONT;barrière de la Butte Chaumont;;;;;;;;;;;;;;;;Elle était située boulevard de la Villette au droit de la rue Louis Blanc. Elle a aussi porté le nom de la Boyauterie.;;;;;;;;;
;8147;cour;de;Barsac;COUR DE BARSAC;cour de Barsac;12e;;;;Bercy;;;;;;;;;;;Supprimée. Voie située dans les entrepôts de Bercy. Elle a été formée par la réunion des cours des Platanes et des Tilleuls.;;;;;L'un des grands crus de la Gironde;;;;
;8184;rue;de la;Barre;RUE DE LA BARRE;rue de la Barre;;;;;;;;;;;;;;;;Actuellement partie de la rue des Grands Augustins.;;;;;;;;;
;7528;voie;;BT/12;VOIE BT/12;voie BT/12;12e;;1993-02-11;;Bercy;;;;;;;;;;;Dénommée rue François Truffaut par arrêté municipal du 11 février 1993.;;;;;;;;;
;7547;rue;;Bruneau;RUE BRUNEAU;rue Bruneau;;;;;;;;;;;;;;;;Actuellement rue des Carmes.;;;;;;;;;
;7576;rue;;Breneuse;RUE BRENEUSE;rue Breneuse;;;;;;;;;;;;;;;;Voir : Petit Reposoir (rue du).;;;;;;;;;
;8230;place et porte;;Baldaeri;PLACE ET PORTE BALDAERI;place et porte Baldaeri;;;;;;;;;;;;;;;;Ou Balederii. Actuellement partie de la place Baudoyer.;;;;;;;;;
;7596;voie;;BQ/12;VOIE BQ/12;voie BQ/12;12e;;1993-02-11;;Bercy;;;;;;;;;;;Dénommée rue de l'Ambroisie par arrêté municipal du 11 février 1993.;;;;;;;;;
;6943;cul-de-sac;du;Chevalier du Guet;CUL-DE-SAC DU CHEVALIER DU GUET;cul-de-sac du Chevalier du Guet;;;;;;;;;;;;;;;;Supprimé. Il était situé place du Chevalier du Guet (Supprimé.).;;;;;;;;;
;4954;rue;de l';Homme Armé;RUE DE L'HOMME ARME;rue de l'Homme Armé;04e;;;;Saint-Gervais, Saint-Merri;;;;;;;;;;;Actuellement partie de la rue des Archives entre les rues Sainte-Croix de la Bretonnerie et des Blancs Manteaux.;;;;;;;;;
;6303;rue;;Dernetat;RUE DERNETAT;rue Dernetat;;;;;;;;;;;;;;;;Actuellement partie de la rue Greneta.;;;;;;;;;
;7008;partie du;;Chemin de Grande Communication N° 18 Bis;PARTIE DU CHEMIN DE GRANDE COMMUNICATION N? 18 BIS;partie du Chemin de Grande Communication N° 18 Bis;;;;;;;;;;;;;;;;Actuellement rue Hérault de Séchelles.;;;;;;;;;
;7012;chemin;;Latéral au Chemin de Fer de l'Est;CHEMIN LATERAL AU CHEMIN DE FER DE L'EST;chemin Latéral au Chemin de Fer de l'Est;12e;;;;Bel-Air;;;;;;;;;;;Supprimé. Etait située boulevard Carnot.;;;;;;;;;
;5011;ruelle;;Henri du Vergier;RUELLE HENRI DU VERGIER;ruelle Henri du Vergier;;;;;;;;;;;;;;;;Actuellement partie de la rue Bonaparte.;;;;;;;;;
;5014;rue;;Hennequin;RUE HENNEQUIN;rue Hennequin;;;;;;;;;;;;;;;;Ou Hennequin le Faucheur. Actuellement partie de la rue du Roi de Sicile.;;;;;;;;;
;5020;ruelle;;Hélie Annot;RUELLE HELIE ANNOT;ruelle Hélie Annot;;;;;;;;;;;;;;;;Ou Hélie Hannot. Voir : Fourcy (imp. de).;;;;;;;;;
;5025;rue;;Hébert aux Broches;RUE HEBERT AUX BROCHES;rue Hébert aux Broches;;;;;;;;;;;;;;;;Supprimé. Il en est fait mention dans la Collecte de 1313. Elle était située entre les rues de la Huchette et Saint-Séverin.;;;;;;;;;
;5028;rue;de la;Heaumerie;RUE DE LA HEAUMERIE;rue de la Heaumerie;;;1851-03-11;;;;;;;;;;;;;"Dénommée partie de la rue des Écrivains (supprimée) par arrêté préfectoral du 11 mars 1851. Supprimée par l'ouverture de la rue de Rivoli.  Elle commençait rue de la Vieille Monnaie et finissait rue Saint-Denis. En 1300, rue de la Hiaumerie ou Hyaumerie (de heaume, casque). Elle a été aussi appelée rue des Armuriers.";;;;;;;;;
;5654;cul-de-sac et passage;de la;Forge Royale;CUL-DE-SAC ET PASSAGE DE LA FORGE ROYALE;cul-de-sac et passage de la Forge Royale;11e;;;;Sainte-Marguerite;;;;;;;;;;;Actuellement rue de la Forge Royale.;;;;;;;;;
;6346;villa;;Decamps;VILLA DECAMPS;villa Decamps;;;;;;;;;;;;;;;;Actuellement rue du Général Langlois.;;;;;;;;;
;6354;impasse;;Déare;IMPASSE DEARE;impasse Déare;;;;;;;;;;;;;;;;Supprimé. par l'agrandissement de la gare de Charonne Marchandises. Elle était située rue Philidor.;;;;;;;;;
;5713;passage;de la;Foire Saint-Laurent;PASSAGE DE LA FOIRE SAINT-LAURENT;passage de la Foire Saint-Laurent;;;;;;;;;;;;;;;;Supprimé. Il commençait rue du Faubourg Saint-Martin et finissait rue du Faubourg Saint-Denis.;;;;;;;;;
;5731;rue;;Fleury;RUE FLEURY;rue Fleury;12e;;;;Picpus;;;;;boulevard de Reuilly.;rue Raoul;;;;;Supprimée par l'ouverture de l'avenue Daumesnil.;;;Dite aussi rue de Fleury;;;;;;
;5748;partie de la rue;des;Filles Thomas;PARTIE DE LA RUE DES FILLES THOMAS;partie de la rue des Filles Thomas;;;;;;;;;;;;;;;;Précédemment, elle allait de la rue Notre-Dame des Victoires à la rue de Richelieu. Elle fut appelée rue Saint-Augustin puis rue Neuve Saint-Augustin, rue Neuve des Filles Saint-Thomas et, pendant la Révolution, rue des Filles Thomas. Actuellement rue des Filles Saint-Thomas.;;;;;;;;;
;6426;chemin;de;Cupels;CHEMIN DE CUPELS;chemin de Cupels;;;;;;;;;;;;;;;;Actuellement rue Lacépède.;;;;;;;;;
;1717;passage;;Saint-Germain le Vieux;PASSAGE SAINT-GERMAIN LE VIEUX;passage Saint-Germain le Vieux;04e;;;;Notre-Dame;;;;;;;;;;;Supprimé. Il conduisait de la rue du Marché Neuf (supprimée) à la rue de la Calandre (supprimée).;;;;;;;;;
;1747;ruelle;;Saint-Fiacre;RUELLE SAINT-FIACRE;ruelle Saint-Fiacre;04e;;;;Saint-Merri;;;;;;;;;;;Actuellement impasse Saint-Fiacre.;;;;;;;;;
;1762;cour;;Saint-Étienne;COUR SAINT-ETIENNE;cour Saint-Étienne;;;;;;;;;;;;;;;;Supprimé. Elle était située rue Saint-Lazare entre les rues du Havre et de l'Arcade.;;;;;;;;;
;1768;rue;;Saint-Dominique Saint-Germain;RUE SAINT-DOMINIQUE SAINT-GERMAIN;rue Saint-Dominique Saint-Germain;;;;;;;;;;;;;;;;Actuellement partie de la rue Saint-Dominique.;;;;;;;;;
;1774;rue;;Saint-Denis Saint-Antoine;RUE SAINT-DENIS SAINT-ANTOINE;rue Saint-Denis Saint-Antoine;11e;;1868-04-02;;Sainte-Marguerite;;;;;;;;;;;Dénommée partie de la rue des Boulets par arrêté préfectoral du 2 avril 1868.;;;;;;;;;
;1794;rue;;Saint-Côme;RUE SAINT-COME;rue Saint-Côme;;;;;;;;;;;;;;;;Voir : Hoirs d'Harcourt (rue aux).;;;;;;;;;
;2025;passage;;Rouge;PASSAGE ROUGE;passage Rouge;11e;;;;Sainte-Marguerite;;38;1;;rue du Faubourg Saint-Antoine, 245.;rue de Montreuil, 28;;;;;Supprimé entre 1951 et 1972.;;;;;;;;;
;2049;passage;des;Rondeaux;PASSAGE DES RONDEAUX;passage des Rondeaux;;;;;;;;;;;;;;;;Supprimé. par l'ouverture de l'av. Gambetta. Il était situé rue des Poiriers.;;;;;;;;;
;2074;rue;de la;Roche;RUE DE LA ROCHE;rue de la Roche;;;;;;;;;;;;;;;;"Elle existait au XVIe siècle, avant l'agrandissement de l'Hôtel de Soubise. Elle tenait ce nom de l'Hôtel de la Roche Guion. Elle avait porté les noms de rue des Bouchers et de Soubise. Ce n'était guère qu'un passage qui formait le prolongement des rues de Braque et Barbette ; il subsiste encore en partie entre le bâtiments des Archives nationales.";;;;;;;;;
;2082;rue;;Roberval;RUE ROBERVAL;rue Roberval;;;;;;;;;;;;;;;;Actuellement partie de la rue Baron.;;;;;;;;;
;2101;villa;des;Rigoles;VILLA DES RIGOLES;villa des Rigoles;;;;;;;;;;;;;;;;Voir : Pavillons (villa des).;;;;;;;;;
;2117;impasse;de;Richebourg;IMPASSE DE RICHEBOURG;impasse de Richebourg;;;;;;;;;;;;;;;;Actuellement partie de la rue de Marengo.;;;;;;;;;
;2135;pont;de la;Révolution;PONT DE LA REVOLUTION;pont de la Révolution;;;;;;;;;;;;;;;;Actuellement pont de la Concorde.;;;;;;;;;
;1868;rue;;Saint-André;RUE SAINT-ANDRE;rue Saint-André;;;;;;;;;;;;;;;;Actuellement partie de la rue de la Roquette. Elle commençait rue de la Folie-Regnault et finissait boul. de Ménilmontant.;;;Dite aussi rue Saint-André Popincourt;;;;;;
;1877;ruelle;;Saint-Alexandre;RUELLE SAINT-ALEXANDRE;ruelle Saint-Alexandre;;;;;;;;;;;;;;;;Actuellement partie de la rue des Favorites.;;;;;;;;;
;1878;rue;;Saint-Alexandre;RUE SAINT-ALEXANDRE;rue Saint-Alexandre;;;;;;;;;;;;;;;;Voir : Grande Rue ( ).;;;;;;;;;
;1919;route;;Royale N° 1;ROUTE ROYALE N? 1;route Royale N° 1;;;;;;;;;;;;;;;;Actuellement rue de la Chapelle et rue Marx Dormoy.;;;;;;;;;
;1936;cité;;Routhier;CITE ROUTHIER;cité Routhier;;;;;;;;;;;;;;;;Supprimé. par le prolongement de la rue de Rome. Elle était située boul. des Batignolles.;;;;;;;;;
;1973;route;;Départementale N° 30;ROUTE DEPARTEMENTALE N? 30;route Départementale N° 30;;;;;;;;;;;;;;;;Actuellement partie de la rue d'Auteuil.;;;;;;;;;
21;15251;allée;;Célestin Hennion;ALLEE CELESTIN HENNION;allée Célestin Hennion;04e;2006-08-11;2006-11-28;;Notre-Dame;;;;91A4;;;;;;;;Arrêté municipal du 11 août 2006.;;Voie desservant les boutiques du marché aux fleurs, place Louis Lépine. L'arrêté du 11 juillet 2007 a modifié les emprises des précédentes dénominations (arrêtés du 11 août 2006 et du 28 novembre 2006).;;Célestin Hennion (Gommegnies (Nord), 1862-Le Havre, 1915), grand réformateur de l'organisation policière française. Nommé à la succession de Louis Lépine comme préfet de police en 1913, puis en 1914 avec rang d'ambassadeur, Commissaire général du Gouvernement de la République auprès du Gouvernement belge basé près du Havre.;;;;
;4576;rue;de;La Michodière;RUE DE LA MICHODIERE;rue de La Michodière;;;1783-08-08;;;;;;;;;;;;;Dénommée rue d'Hauteville par lettres patentes du 8 août 1783. Actuellement partie de la rue d'Hauteville.;;;;;;;;;
;4428;rue;du;Levant;RUE DU LEVANT;rue du Levant;;;;;;;;;;;;;;;;Voir : Est (rue de l').;;;;;;;;;
;4324;rue;du;Lude;RUE DU LUDE;rue du Lude;;;;;;;;;;;;;;;;Actuellement partie de la rue Vaneau.;;;;;;;;;
;4327;rue;;Loysel;RUE LOYSEL;rue Loysel;;;;;;;;;;;;;;;;Supprimé. par l'ouverture de la rue Bolivar (Actuellement av. Simon Bolivar). Elle commençait rue Asselin et finissait rue Péchoin (Supprimé.).;;;;;;;;;
;4333;passage;du;Louvre;PASSAGE DU LOUVRE;passage du Louvre;;;;;;;;;;;;;;;;Supprimé. Il commençait rue Fromenteau, finissait rue du Petit Bourbon (Actuellement partie de la place du Louvre) en traversant le Louvre.;;;;;;;;;
;4371;passage;de la;Longue Allée;PASSAGE DE LA LONGUE ALLEE;passage de la Longue Allée;;;;;;;;;;;;;;;;Supprimée par l'ouverture du boul. de Sébastopol. Il allait de la rue du Ponceau à la rue Neuve Saint-Denis (Actuellement rue Blondel).;;;;;;;;;
;4385;cour;des;Lions;COUR DES LIONS;cour des Lions;11e;;;;Saint-Ambroise;;140;5;;rue Amelot, 64.;;12;15;;;Supprimée en 1974.;;;;;Deux lions décorent l'entrée de cette cour.;;;;
;4393;rue;de;Limoges;RUE DE LIMOGES;rue de Limoges;03e;;1865-10-02;;Enfants-Rouges;;;;;;;;;;;Dénommée partie de la rue Debelleyme par décret impérial du 2 octobre 1865.;;;;;;;;;
;7642;rue;du;Bourg l'Abbé;RUE DU BOURG L'ABBE;rue du Bourg l'Abbé;;;;;;;;;;;;;;;;Supprimée par l'ouverture du boulevard de Sébastopol. Elle commençait rue aux Ours et finissait rue Greneta.;;;;;;;;;
19;7684;rue;;Boule;RUE BOULE;rue Boule;11e;1868-08-10;1880-05-01;;Roquette;;;;;;;;;;;Dénommée rue Boulle par arrêté préfectoral du 1er mai 1880.;Décret impérial du 10 août 1868.;;;;;;;;
;7695;rue;;Boucicaut;RUE BOUCICAUT;rue Boucicaut;;;;;;;;;;;;;;;;Voir : Bourgeois (rue).;;;;;;;;;
;8294;rue;de l';Avoinerie;RUE DE L'AVOINERIE;rue de l'Avoinerie;;;;;;;;;;;;;;;;Voir : Saint-Jacques la Boucherie (rue).;;;;;;;;;
;8310;ruelle;;Auvillain;RUELLE AUVILLAIN;ruelle Auvillain;;;;;;;;;;;;;;;;Voir : Cour au Villain (rue). Actuellement partie de la rue de Montmorency.;;;;;;;;;
;7698;rue;des;Bouchers;RUE DES BOUCHERS;rue des Bouchers;;;;;;;;;;;;;;;;Voir : Roche (rue de la).;;;;;;;;;
;7702;rue;des;Boucheries du Temple;RUE DES BOUCHERIES DU TEMPLE;rue des Boucheries du Temple;03e;;;;Sainte-Avoye;;;;;;;;;;;Actuellement rue de Braque.;;;;;;;;;
;7732;porte;;Bordelle;PORTE BORDELLE;porte Bordelle;;;;;;;;;;;;;;;;Ou Bordet. Voir : Saint-Marcel (porte).;;;;;;;;;
;7733;rue;de;Bordeaux;RUE DE BORDEAUX;rue de Bordeaux;12e;;;;Bercy;;;;;;;;;;;Supprimée. Voie située dans les entrepôts de Bercy.;;;;;Préfecture du département de la Gironde, centre d'un grand commerce de vin.;;;;
;7762;rue;du;Bon Jacob;RUE DU BON JACOB;rue du Bon Jacob;;;;;;;;;;;;;;;;Actuellement partie de la rue Jacob.;;;;;;;;;
;7788;chemin;des;Boeufs;CHEMIN DES BOEUFS;chemin des Boeufs;;;;;;;;;;;;;;;;Actuellement rues d'Alésia et de Vouillé (parties).;;;;;;;;;
;8407;partie de la voie;d';Arpajon;PARTIE DE LA VOIE D'ARPAJON;partie de la voie d'Arpajon;;;;;;;;;;;;;;;;Supprimé. Commençait à la voie en prolongement de la rue Emile Faguet, finissait av. du Docteur Lannelongue.;;;;;;;;;
;8432;passage;d';Arcole;PASSAGE D'ARCOLE;passage d'Arcole;;;;;;;;;;;;;;;;Supprimé. Il commençait rue d'Arcole (Actuellement rue de Beaujolais) et finissait rue des Petits Champs.;;;;;;;;;
;7827;voie;;BK/12;VOIE BK/12;voie BK/12;12e;;1992-11-30;;Bercy;;;;;;;;;;;Dénommée rue Paul Belmondo par arrêté municipal du 30 novembre 1992.;;;;;;;;;
;7837;rue;de;Bissy;RUE DE BISSY;rue de Bissy;;;;;;;;;;;;;;;;Actuellement rue de Montfaucon.;;;;;;;;;
;8435;rue;de l';Archevêque de Reims;RUE DE L'ARCHEVEQUE DE REIMS;rue de l'Archevêque de Reims;;;;;;;;;;;;;;;;Voir : Paon (cul-de-sac ou imp. du).;;;;;;;;;
;8446;port;de l';Arche de l'Aulthruche;PORT DE L'ARCHE DE L'AULTHRUCHE;port de l'Arche de l'Aulthruche;;;;;;;;;;;;;;;;Absorbé par le quai du Louvre.;;;;;;;;;
;8447;rue;de l';Arche Beaufils;RUE DE L'ARCHE BEAUFILS;rue de l'Arche Beaufils;;;;;;;;;;;;;;;;Actuellement partie de la rue du Fauconnier.;;;;;;;;;
;7869;voie;;BH/12;VOIE BH/12;voie BH/12;12e;;1991-12-16;;Picpus;;;;;;;;;;;Dénommée rue Paul Dukas par arrêté municipal du 16 décembre 1991.;;;;;;;;;
;8533;vicus;;Androe de Macolio;VICUS ANDROE DE MACOLIO;vicus Androe de Macolio;;;;;;;;;;;;;;;;Voir : Cloître Saint-Benoît (rue du).;;;;;;;;;
;8540;rue;;André sur L'Eau;RUE ANDRE SUR L'EAU;rue André sur L'Eau;;;;;;;;;;;;;;;;Actuellement rue Grenier sur l'Eau.;;;;;;;;;
;8547;passage;de l';Ancre Nationale;PASSAGE DE L'ANCRE NATIONALE;passage de l'Ancre Nationale;;;;;;;;;;;;;;;;Ou Ancre Royale. Actuellement pas. de l'Ancre.;;;;;;;;;
;7267;rue;;Chamon;RUE CHAMON;rue Chamon;;;;;;;;;;;;;;;;Actuellement rue de la Grande Chaumière.;;;;;;;;;
;7956;cité;des;Belles Feuilles;CITE DES BELLES FEUILLES;cité des Belles Feuilles;;;;;;;;;;;;;;;;Elle était située rue Mérimée, 2.;;;;;;;;;
;7968;chemin;de;Bel Ayr;CHEMIN DE BEL AYR;chemin de Bel Ayr;;;;;;;;;;;;;;;;Ou Bel Air (rue de). Actuellement partie de la rue de Vaugirard.;;;;;;;;;
;8571;passage;;Amavet;PASSAGE AMAVET;passage Amavet;;;;;;;;;;;;;;;;Actuellement pas. Singer.;;;;;;;;;
;7315;rue;du;Cerf;RUE DU CERF;rue du Cerf;;;;;;;;;;;;;;;;Ou Cerfs (rue aux). Actuellement rue de la Monnaie.;;;;;;;;;
;7988;passage;des;Beaux-Arts;PASSAGE DES BEAUX-ARTS;passage des Beaux-Arts;;;;;;;;;;;;;;;;Actuellement rue des Beaux-Arts.;;;;;;;;;
;7339;porte;des;Célestins;PORTE DES CELESTINS;porte des Célestins;;;;;;;;;;;;;;;;Elle était située quai des Célestins en face de la rue du Petit Musc.;;;;;Couvent des Célestins fondé en 1352.;;;;
;7355;rue;de la;Cavaterie;RUE DE LA CAVATERIE;rue de la Cavaterie;;;;;;;;;;;;;;;;Ou Caveterie. Voir : Saint-Eloi (rue).;;;;;;;;;
;7363;place;;Catherine;PLACE CATHERINE;place Catherine;;;;;;;;;;;;;;;;Voir : Birague (place de).;;;;;;;;;
;8638;voie;;AK/12;VOIE AK/12;voie AK/12;12e;;1992-10-21;;Bel-Air;;;;;;;;;;;Dénommée rue Jeanne Jugan par arrêté du 21 octobre 1992.;;;;;;;;;
;8650;ruelle;des;Aigoux;RUELLE DES AIGOUX;ruelle des Aigoux;;;;;;;;;;;;;;;;Actuellement rue Léopold Bellan.;;;;;;;;;
;8694;rue;;Adam Bourdon;RUE ADAM BOURDON;rue Adam Bourdon;;;;;;;;;;;;;;;;Actuellement partie de la rue des Bourdonnais.;;;;;;;;;
;7451;sentier;du;Calvaire;SENTIER DU CALVAIRE;sentier du Calvaire;;;;;;;;;;;;;;;;Supprimé par l'ouverture de la rue Mozart (Actuellement av. Mozart). Il débouchait sur la rue Pajou (Actuellement rue Davioud).;;;;;;;;;
;8135;rue;du;Bas Roule;RUE DU BAS ROULE;rue du Bas Roule;;;;;;;;;;;;;;;;Actuellement partie de la rue du Faubourg Saint-Honoré.;;;;;;;;;
;8145;cul-de-sac;;Barthélemy;CUL-DE-SAC BARTHELEMY;cul-de-sac Barthélemy;;;;;;;;;;;;;;;;"Supprimé. Il était situé dans la Cité, entre les églises Saint-Barthélemy et Saint-Pierre des Arcis. C'était autrefois la rue des Cordouagners ; elle fut en partie bouchée en 1315 et appelée plus tard ruelle du Prieuré.";;;;;;;;;
;8383;rue;;as Oues;RUE AS OUES;rue as Oues;;;;;;;;;;;;;;;;Actuellement rue aux Ours.;;;;;;;;;
;8399;vicus;de;Arsionibus;VICUS DE ARSIONIBUS;vicus de Arsionibus;;;;;;;;;;;;;;;;Actuellement partie de la rue des Arcis, comprise entre le boulevard de l'Hôtel de Ville (Actuellement avenue Victoria) et la rue de la Verrerie.;;;;;;;;;
;8402;chaussée;de l';Arsenal;CHAUSSEE DE L'ARSENAL;chaussée de l'Arsenal;;;;;;;;;;;;;;;;Actuellement rue Jacques Coeur.;;;;;;;;;
;8436;rue;de l';Archevêché;RUE DE L'ARCHEVECHE;rue de l'Archevêché;;;1831-12-31;;;;;;;;;;;;;Supprimée en 1831. Commençait au parvis Notre-Dame, et finissait au pont au Double.;;;;;Voisinage de l'ancien Archevêché.;;;;
;7878;voie;;BF/12;VOIE BF/12;voie BF/12;12e;;1991-12-16;;Picpus;;;;;;;;;;;Dénommée rue Albinoni par arrêté municipal du 16 décembre 1991.;;;;;;;;;
;8497;rue;;Anthony;RUE ANTHONY;rue Anthony;11e;;1899-08-02;;Folie-Méricourt;;;;;;;;;;;Dénommée rue des Goncourt par arrêté préfectoral du 2 août 1899.;;;;;;;;;
;8498;rue;d';Antain;RUE D'ANTAIN;rue d'Antain;;;;;;;;;;;;;;;;Voir : Provençaux (imp. des).;;;;;;;;;
;7902;cité;;Bertheley;CITE BERTHELEY;cité Bertheley;;;;;;;;;;;;;;;;Supprimé. Elle était située imp. du Moulin Joly (Actuellement rue du Moulin Joly).;;;;;;;;;
;7905;rue;;Bertaut Qui Dort;RUE BERTAUT QUI DORT;rue Bertaut Qui Dort;;;;;;;;;;;;;;;;Actuellement rue de Venise.;;;;;;;;;
;7270;rue;de;Chambéry;RUE DE CHAMBERY;rue de Chambéry;11e;;1873-11-10;;Sainte-Marguerite;;;;;;;;;;;Dénommée rue de la Petite Pierre par arrêté du 10 novembre 1873.;;;;;;;;;
;7944;rue;;Bellus Locus;RUE BELLUS LOCUS;rue Bellus Locus;;;;;;;;;;;;;;;;Actuellement partie de la rue Greneta.;;;;;;;;;
;8591;rue;des;Alpes;RUE DES ALPES;rue des Alpes;;;;;;;;;;;;;;;;Actuellement partie de la rue de Picardie.;;;;;;;;;
;7310;rue;de;Cernelles;RUE DE CERNELLES;rue de Cernelles;;;;;;;;;;;;;;;;Actuellement partie de la rue Jean-Jacques Rousseau.;;;;;;;;;
;7981;porte;de;Behaigne;PORTE DE BEHAIGNE;porte de Behaigne;;;;;;;;;;;;;;;;Ou Bohême. Voir : Coquillier (porte ou poterne).;;;;;;;;;
;8006;rue;de;Beaujolais;RUE DE BEAUJOLAIS;rue de Beaujolais;03e;;1867-02-26;;Enfants-Rouges;;;;;;;;;;;Dénommée rue de Picardie par arrêté préfectoral du 26 février 1867. Actuellement partie de la rue de Picardie.;;;;;;;;;
;8008;cour;;Beaujolais;COUR BEAUJOLAIS;cour Beaujolais;12e;;;;Bercy;;;;;;;;;;;Supprimé. Etait située dans les entrepôts de Bercy, s'est appelée cour Margaux.;;;;;;;;;
;7359;villa;;Caulaincourt;VILLA CAULAINCOURT;villa Caulaincourt;;;;;;;;;;;;;;;;Actuellement rue Nobel.;;;;;;;;;
19;8020;impasse;de;Béarn;IMPASSE DE BEARN;impasse de Béarn;03e;1867-02-26;1965-04-13;;Archives;;39;7;;rue de Béarn, 6.;rue Roger Verlomme, 11;6;5;Ils ont fait l'objet d'une délibération du Conseil municipal en date du 6 juin 1832, d'après laquelle ils devaient passer sur les façades des maisons riveraines.;;Dénommée partie de la rue Roger Verlomme par arrêté préfectoral du 13 avril 1965. Précédemment impasse des Hospitalières. Elle faisait partie, autrefois, de la rue du foin.;Arrêté du 26 février 1867;;;;"Appelée ainsi en l'honneur d'Henri IV le Béarnais ; voisinage de la place Royale, aujourd'hui place des Vosges.";;;;
;8039;cour;;Bazile;COUR BAZILE;cour Bazile;;;;;;;;;;;;;;;;Actuellement rue du Bouloi.;;;;;;;;;
;8040;rue;de la;Bazennerie;RUE DE LA BAZENNERIE;rue de la Bazennerie;;;;;;;;;;;;;;;;Voir : Avignon (rue d').;;;;;;;;;
;8668;rue;;Agnès aux Truyes;RUE AGNES AUX TRUYES;rue Agnès aux Truyes;;;;;;;;;;;;;;;;Actuellement imp. Berthaud.;;;;;;;;;
;7381;chemin;des;Carrières de Vaugirard;CHEMIN DES CARRIERES DE VAUGIRARD;chemin des Carrières de Vaugirard;;;;;;;;;;;;;;;;Actuellement partie de la rue de Vaugirard.;;;;;;;;;
;7399;rue;des;Carquillons;RUE DES CARQUILLONS;rue des Carquillons;;;;;;;;;;;;;;;;Voir : Cargaisons (rue des).;;;;;;;;;
;8072;porte;;Baudier;PORTE BAUDIER;porte Baudier;;;;;;;;;;;;;;;;Voir : Baudoyer (place).;;;;;;;;;
;8102;rue;;Batave;RUE BATAVE;rue Batave;;;;;;;;;;;;;;;;Voir : Valois Saint-Honoré (rue de).;;;;;;;;;
;8712;avenue;des;Acacias;AVENUE DES ACACIAS;avenue des Acacias;;;;;;;;;;;;;;;;Actuellement avenue Sainte-Eugénie.;;;;;;;;;
;8718;voie;;AB/11;VOIE AB/11;voie AB/11;11e;;1985-11-18;;Saint-Ambroise;;;;;;;;;;;Dénommée rue Nicolas Appert par arrêté municipal du 18 novembre 1985.;;;;;;;;;
;8111;rue;;Bastien;RUE BASTIEN;rue Bastien;;;;;;;;;;;;;;;;Actuellement partie de la rue Durantin.;;;;;;;;;
;8731;place;de l';Abreuvoir;PLACE DE L'ABREUVOIR;place de l'Abreuvoir;;;;;;;;;;;;;;;;Actuellement place Constantin Pecqueur.;;;;;;;;;
;8748;clos de l';;Abbaye;CLOS DE L' ABBAYE;clos de l' Abbaye;12e;;1887-12-31;;Quinze-Vingts;;;;;;;;;;;Supprimé par les propriétaires, vers 1887. Il commençait rue du Faubourg Saint-Antoine et finissait rue de Citeaux.;;;;;;;;;
;5121;rue;;Guillaume Laplagne;RUE GUILLAUME LAPLAGNE;rue Guillaume Laplagne;;;;;;;;;;;;;;;;Supprimé. par la construction des Abattoirs de la rive gauche. Commençait rue de Dantzig, finissait rue Brancion.;;;;;;;;;
;5132;rue;de;Guienne;RUE DE GUIENNE;rue de Guienne;;;;;;;;;;;;;;;;Actuellement rue Payenne.;;;;;;;;;
;5783;rue;au;Ferre;RUE AU FERRE;rue au Ferre;;;;;;;;;;;;;;;;Actuellement partie de la rue Berger.;;;;;;;;;
;6504;rue;du;Couvent;RUE DU COUVENT;rue du Couvent;;;;;;;;;;;;;;;;Actuellement rue Saint-Etienne du Mont.;;;;;;;;;
;7167;cul-de-sac;des;Charbonniers;CUL-DE-SAC DES CHARBONNIERS;cul-de-sac des Charbonniers;12e;;1842-12-31;;Quinze-Vingts;;;;;;;;;;;Supprimé vers 1842, lors de la construction de la prison Mazas. Il était situé dans la partie de la rue des Charbonniers absorbée par le boulevard Diderot.;;;;;;;;;
;5168;rue;de la;Grosse Margot;RUE DE LA GROSSE MARGOT;rue de la Grosse Margot;;;;;;;;;;;;;;;;Actuellement rue Cloche Perce.;;;;;;;;;
;5174;rue;de la;Grongnerie;RUE DE LA GRONGNERIE;rue de la Grongnerie;;;;;;;;;;;;;;;;Voir : Grognerie (rue de la).;;;;;;;;;
;5202;petite rue;de;Grenelle;PETITE RUE DE GRENELLE;petite rue de Grenelle;;;;;;;;;;;;;;;;Actuellement partie de la rue de Babylone.;;;;;;;;;
;5837;rue;du;Faubourg Montmarat;RUE DU FAUBOURG MONTMARAT;rue du Faubourg Montmarat;;;;;;;;;;;;;;;;Actuellement rue du Faubourg Montmartre.;;;;;;;;;
;5843;rue;;Farou;RUE FAROU;rue Farou;;;;;;;;;;;;;;;;Ou Faron ou encore Farouls. Voir : Faron (rue).;;;;;;;;;
;5859;voie;;E/3;VOIE E/3;voie E/3;03e;;1987-02-23;;Archives;;;;;;;;;;;Dénommée rue du Grand Veneur par décision municipale du 23 février 1987.;;;;;;;;;
;6552;rue;;Cour au Villain;RUE COUR AU VILLAIN;rue Cour au Villain;;;;;;;;;;;;;;;;"Actuellement partie de la rue de Montmorency entre les rues Beaubourg et du Temple. On l'appelait en 1328 ruelle au Villain. Elle s'est nommée rue Cour au Villain. Lacaille écrit Courtauvillain et Auvillain ; elle a pris également le nom de Montmorency en 1768. Elle s'est appelée rue de la Réunion de 1793 à 1806.";;;;;;;;;
;7233;rue;de;Champourri;RUE DE CHAMPOURRI;rue de Champourri;;;;;;;;;;;;;;;;Ou Champrou, Champron, Champrose, Champrosy ou encore Champrousier. Voir : Perpignan (rue de).;;;;;;;;;
;5878;villa;;Eugène Léautey;VILLA EUGENE LEAUTEY;villa Eugène Léautey;;;;;;;;;;;;;;;;Supprimé. en 1967. Etait située rue de la Butte aux Cailles, 38.;;;;;;;;;
;6575;cul-de-sac;;Coterel;CUL-DE-SAC COTEREL;cul-de-sac Coterel;;;;;;;;;;;;;;;;Ou Cocerel. Voir : Cocerel (cul-de-sac).;;;;;;;;;
;6585;rue;de la;Corne;RUE DE LA CORNE;rue de la Corne;;;;;;;;;;;;;;;;Voir : Corderies (cul-de-sac des).;;;;;;;;;
;4589;voie;;K/11;VOIE K/11;voie K/11;11e;;1991-11-13;;Saint-Ambroise;;;;;;;;;;;Dénommée passage de la Petite Voirie par arrêté municipal du 13 novembre 1991.;;;;;;;;;
;5272;rue;;Goyani;RUE GOYANI;rue Goyani;;;;;;;;;;;;;;;;Ou Gougaud ou encore Gayain. Voir : Gougaud (rue).;;;;;;;;;
;5921;impasse;de l';Est;IMPASSE DE L'EST;impasse de l'Est;;;;;;;;;;;;;;;;Actuellement rue de l'Equerre.;;;;;;;;;
;5938;rue;des;Esclosses;RUE DES ESCLOSSES;rue des Esclosses;;;;;;;;;;;;;;;;Ou Escofles. Actuellement rue des Ecouffes.;;;;;;;;;
;6617;rue;des;Cordèles;RUE DES CORDELES;rue des Cordèles;;;;;;;;;;;;;;;;Actuellement rue de l'Ecole de Médecine.;;;;;;;;;
;6620;passage;;Corbes;PASSAGE CORBES;passage Corbes;;;;;;;;;;;;;;;;Supprimé. pour l'agrandissement de la gare de Lyon. Il commençait rue Nicolaï et finissait rue Proudhon. Anciennement cour de Châles.;;;;;;;;;
;6628;rue;des;Coquilles;RUE DES COQUILLES;rue des Coquilles;;;1851-03-11;;;;;;;;;;;;;Dénommée partie de la rue du Temple par arrêté préfectoral du 11 mars 1851.;;;;;;;;;
;6640;rue;du;Coq;RUE DU COQ;rue du Coq;04e;;;;Saint-Merri;;;;;;;;;;;Voir : Coq (imp. du).;;;;;;;;;
;4639;rue;de la;Juirie;RUE DE LA JUIRIE;rue de la Juirie;;;;;;;;;;;;;;;;Ou Juisvie. Actuellement partie de la rue de la Cité.;;;;;;;;;
;4643;rue;de la;Juiferie;RUE DE LA JUIFERIE;rue de la Juiferie;;;;;;;;;;;;;;;;Voir : Juiverie (rue de la).;;;;;;;;;
;5949;rue;;Ermeline Boiliaue;RUE ERMELINE BOILIAUE;rue Ermeline Boiliaue;;;;;;;;;;;;;;;;Voir : Putigneux (imp.).;;;;;;;;;
;5955;rue;;Érard;RUE ERARD;rue Érard;;;;;;;;;;;;;;;;Actuellement partie de la rue d'Alleray.;;;;;;;;;
;5964;rue;de l';Épine Guiet;RUE DE L'EPINE GUIET;rue de l'Épine Guiet;;;;;;;;;;;;;;;;Actuellement rue de La Sourdière.;;;;;;;;;
;6662;rue;de;Constantine;RUE DE CONSTANTINE;rue de Constantine;04e;;1865-05-22;;Notre-Dame;;;;;;;;;;;Dénommée avenue de Constantine par décret impérial du 22 mai 1865. Actuellement rue de Lutèce et partie de la place Louis Lépine.;;;;;;;;;
;6677;rue;de la;Confréerie;RUE DE LA CONFREERIE;rue de la Confréerie;;;;;;;;;;;;;;;;Actuellement rue Quincampoix.;;;;;;;;;
;4680;rue;des;Jeux Neufs;RUE DES JEUX NEUFS;rue des Jeux Neufs;;;;;;;;;;;;;;;;Actuellement partie de la rue des Jeûneurs.;;;;;;;;;
;4687;avenue;des;Jésuites;AVENUE DES JESUITES;avenue des Jésuites;;;;;;;;;;;;;;;;Actuellement pas. Saint-Paul.;;;;;;;;;
;5351;villa;;Germinal;VILLA GERMINAL;villa Germinal;;;;;;;;;;;;;;;;Supprimé. Commençait voie d'Arpajon (Supprimé.), finissait av. André Rivoire.;;;;;;;;;
;5988;rue;d';Enfer;RUE D'ENFER;rue d'Enfer;;;;;;;;;;;;;;;;Actuellement rue Bleue.;;;;;;;;;
;4700;rue;;Jehan Le Cras;RUE JEHAN LE CRAS;rue Jehan Le Cras;;;;;;;;;;;;;;;;Etait située le long de l'enceinte du Palais de la Cité et parallèle à un petit bras de la Seine, appelé rivière de Jehan le Cras (Supprimé. en 1300).;;;;;;;;;
;4726;ruelle;;Jean Notteau;RUELLE JEAN NOTTEAU;ruelle Jean Notteau;;;;;;;;;;;;;;;;Voir : Port aux OEufs (rue ou ruelle du).;;;;;;;;;
;6754;rue;aux;Coiffeurs;RUE AUX COIFFEURS;rue aux Coiffeurs;;;;;;;;;;;;;;;;Ou Coifferie. Voir : Coifferie (rue de la).;;;;;;;;;
;6757;rue;du;Coeur Volant;RUE DU COEUR VOLANT;rue du Coeur Volant;;;1851-05-10;;;;;;;;;;;;;Dénommée partie de la rue Grégoire de Tours (entre les rues de l'Ecole de Médecine et des Quatre Vents) par arrêté préfectoral du 10 mai 1851.;;;Dite aussi rue Neuve des Marguilliers dite du Coeur Volant;;;;;;
;4757;ruelle;;Jean des Vignes;RUELLE JEAN DES VIGNES;ruelle Jean des Vignes;;;;;;;;;;;;;;;;Voir : Réale (rue de la).;;;;;;;;;
;5416;chemin ou grand chemin;de;Garnelle;CHEMIN OU GRAND CHEMIN DE GARNELLE;chemin ou grand chemin de Garnelle;;;;;;;;;;;;;;;;Actuellement rue de Grenelle.;;;;;;;;;
;4789;rue;des;Jardins;RUE DES JARDINS;rue des Jardins;;;;;;;;;;;;;;;;Actuellement partie de la rue des Bourdonnais.;;;;;;;;;
;5457;rue;des;Galeries;RUE DES GALERIES;rue des Galeries;;;;;;;;;;;;;;;;Voir : Orties du Louvre (rue des).;;;;;;;;;
;6094;rue;de l';Écorcherie;RUE DE L'ECORCHERIE;rue de l'Écorcherie;;;;;;;;;;;;;;;;Voir : Vieille Lanterne (rue de la) et Tuerie (rue de la).;;;;;;;;;
;5501;rue;;Fromenteau;RUE FROMENTEAU;rue Fromenteau;;;;;;;;;;;;;;;;Voir : Musée (rue du).;;;;;;;;;
;6872;rue;du;Cimetière Saint-Nicolas;RUE DU CIMETIERE SAINT-NICOLAS;rue du Cimetière Saint-Nicolas;03e;;1851-03-11;;Sainte-Avoye;;;;;;;;;;;Dénommée partie de la rue Chapon par arrêté préfectoral du 11 mars 1851.;;;;;;;;;
;4871;place;de l';Indivisibilité;PLACE DE L'INDIVISIBILITE;place de l'Indivisibilité;;;;;;;;;;;;;;;;Actuellement place des Vosges.;;;;;;;;;
;4879;rue;de l';Île Louviers;RUE DE L'ILE LOUVIERS;rue de l'Île Louviers;04e;;;;Arsenal;;;;;quai Henri IV, en face de l'estacade.;boulevard Morland, vis-à-vis la rue de Schomberg;;;;;Supprimée.;;;;;;;;;
;4892;rue;;Hyrundale;RUE HYRUNDALE;rue Hyrundale;;;;;;;;;;;;;;;;Actuellement rue de l'Hirondelle.;;;;;;;;;
;5523;rue;;Frémentel;RUE FREMENTEL;rue Frémentel;;;;;;;;;;;;;;;;Ou Frémenteau. Voir : Frémenteau (rue).;;;;;;;;;
;5525;rue;de;Fréjus;RUE DE FREJUS;rue de Fréjus;;;;;;;;;;;;;;;;Actuellement rue Monsieur.;;;;;;;;;
;5544;rue;;Françoise;RUE FRANCOISE;rue Françoise;;;;;;;;;;;;;;;;Actuellement partie de la rue du Puits de l'Ermite et partie de la rue Pestalozzi.;;;;;;;;;
;5555;rue;de;Franciade;RUE DE FRANCIADE;rue de Franciade;;;;;;;;;;;;;;;;Actuellement rue Saint-Denis.;;;;;;;;;
;5557;chemin conduisant;à;Franciade;CHEMIN CONDUISANT A FRANCIADE;chemin conduisant à Franciade;;;;;;;;;;;;;;;;Actuellement rue des Poissonniers.;;;;;;;;;
;6917;rue;des;Chieurs;RUE DES CHIEURS;rue des Chieurs;;;;;;;;;;;;;;;;Voir : Jean Hubert (rue).;;;;;;;;;
;4952;rue;;Honorée Liberté;RUE HONOREE LIBERTE;rue Honorée Liberté;;;;;;;;;;;;;;;;Actuellement rue Honoré Chevalier.;;;;;;;;;
;5562;rue;;Française;RUE FRANCAISE;rue Française;03e;;;;Archives;;;;;;;;;;;Actuellement rue du Roi Doré.;;;;;;;;;
;5563;rue;du;Franc Mourier;RUE DU FRANC MOURIER;rue du Franc Mourier;;;;;;;;;;;;;;;;Ou Franc Meurier ou encore Franc Morier. Actuellement rue de Moussy.;;;;;;;;;
;5565;rue;du;Franc Meurier;RUE DU FRANC MEURIER;rue du Franc Meurier;;;;;;;;;;;;;;;;Ou Franc Mourier ou encore Franc Morier. Voir : Franc Mourier (rue du).;;;;;;;;;
;5581;rue;du;Four Saint-Martin;RUE DU FOUR SAINT-MARTIN;rue du Four Saint-Martin;;;;;;;;;;;;;;;;Supprimé. C'était une petite voie entre les rues de la Cordonnerie (Supprimé.) et de la Petite Friperie (Actuellement partie de la rue Berger). On la nommait aussi rue du Petit Saint-Martin.;;;;;;;;;
;5591;sente ou chemin;du;Four;SENTE OU CHEMIN DU FOUR;sente ou chemin du Four;;;;;;;;;;;;;;;;Actuellement rue de l'Yvette.;;;;;;;;;
;803;avenue;des;Tuileries;AVENUE DES TUILERIES;avenue des Tuileries;;;;;;;;;;;;;;;;Actuellement partie de l'av. des Champs Elysées.;;;;;;;;;
;851;cité;des;Trois Frères;CITE DES TROIS FRERES;cité des Trois Frères;;;;;;;;;;;;;;;;Actuellement sq. d'Orléans.;;;;;;;;;
;872;rue;;Tripotte;RUE TRIPOTTE;rue Tripotte;;;;;;;;;;;;;;;;Ou Tripet ou encore Tripette. Voir : Tripet (rue).;;;;;;;;;
;667;rue;;Ventandour;RUE VENTANDOUR;rue Ventandour;;;;;;;;;;;;;;;;Actuellement rue de Ventadour.;;;;;;;;;
;1219;rue;du;Séjour;RUE DU SEJOUR;rue du Séjour;;;;;;;;;;;;;;;;Actuellement rue du Jour.;;;;;;;;;
;1240;place;;Scipion;PLACE SCIPION;place Scipion;;;;;;;;;;;;;;;;Actuellement square Scipion.;;;;;;;;;
;990;passage;;Tocanier;PASSAGE TOCANIER;passage Tocanier;;;;;;;;;;;;;;;;Actuellement rue Claude Tillier.;;;;;;;;;
;1017;rue;;Thiroux de Crosne;RUE THIROUX DE CROSNE;rue Thiroux de Crosne;;;;;;;;;;;;;;;;Actuellement partie de la rue de Caumartin.;;;;;;;;;
;1039;rue;;Thérouenne;RUE THEROUENNE;rue Thérouenne;;;;;;;;;;;;;;;;Voir : Pirouette (rue).;;;;;;;;;
;1041;rue;des;Thermes;RUE DES THERMES;rue des Thermes;;;;;;;;;;;;;;;;Actuellement partie de la rue Du Sommerard.;;;;;;;;;
;1046;rue;;Théobaldi ad Decios;RUE THEOBALDI AD DECIOS;rue Théobaldi ad Decios;;;;;;;;;;;;;;;;Voir : Thibault aux Dés (rue). Actuellement rue des Bourdonnais.;;;;;;;;;
;1075;rue;;Teronne;RUE TERONNE;rue Teronne;;;;;;;;;;;;;;;;Voir : Pirouette (rue).;;;;;;;;;
;1096;rue;;Tasse Nonnain;RUE TASSE NONNAIN;rue Tasse Nonnain;;;;;;;;;;;;;;;;Actuellement partie de la rue Beaubourg.;;;;;;;;;
;1104;quai;de la;Tannerie;QUAI DE LA TANNERIE;quai de la Tannerie;;;;;;;;;;;;;;;;Actuellement quai de Gesvres.;;;;;;;;;
;1122;allée;des;Sureaux;ALLEE DES SUREAUX;allée des Sureaux;;;;;;;;;;;;;;;;Supprimé. Commençait voie en prolongement de la rue Emile Faguet, finissait rue Jubinal (Supprimé.).;;;;;;;;;
;1137;passage;de la;Station de Boulainvilliers;PASSAGE DE LA STATION DE BOULAINVILLIERS;passage de la Station de Boulainvilliers;;;;;;;;;;;;;;;;Supprimé. Etait situé rue Singer, 31-35.;;;;;;;;;
;1368;cul-de-sac;;Sainte-Marguerite;CUL-DE-SAC SAINTE-MARGUERITE;cul-de-sac Sainte-Marguerite;11e;;;;Sainte-Marguerite;;;;;;;;;;;Actuellement rue du Dahomey.;;;;;;;;;
;1381;place;;Sainte-Geneviève;PLACE SAINTE-GENEVIEVE;place Sainte-Geneviève;;;;;;;;;;;;;;;;Actuellement place du Panthéon.;;;;;;;;;
;1550;rue;;Saint-Merri;RUE SAINT-MERRI;rue Saint-Merri;;;;;;;;;;;;;;;;Actuellement partie de la rue Saint-Martin.;;;;;;;;;
;1551;rue;;Saint-Merri;RUE SAINT-MERRI;rue Saint-Merri;;;;;;;;;;;;;;;;Actuellement partie de la rue de la Verrerie.;;;;;;;;;
;1456;ruelle;de la;Saint-Sulpice;RUELLE DE LA SAINT-SULPICE;ruelle de la Saint-Sulpice;;;;;;;;;;;;;;;;Actuellement rues Férou et Henry de Jouvenel.;;;;;;;;;
;1477;rue;;Saint-Pierre Popincourt;RUE SAINT-PIERRE POPINCOURT;rue Saint-Pierre Popincourt;11e;;1868-04-02;;Saint-Ambroise;;;;;;;;;;;Dénommée partie de la rue Amelot par arrêté préfectoral du 2 avril 1868.;;;;;;;;;
;1483;cul-de-sac;;Saint-Pierre aux Marais;CUL-DE-SAC SAINT-PIERRE AUX MARAIS;cul-de-sac Saint-Pierre aux Marais;03e;;;;Archives;;;;;;;;;;;Dénommée impasse Saint-Pierre puis impasse Villehardouin (supprimée);;;;;;;;;
;1260;quai;de la;Saunerie;QUAI DE LA SAUNERIE;quai de la Saunerie;;;;;;;;;;;;;;;;Actuellement quai de la Mégisserie.;;;;;;;;;
;1274;avenue;;Santerre;AVENUE SANTERRE;avenue Santerre;;;;;;;;;;;;;;;;Actuellement av. du Trône.;;;;;;;;;
;1840;cul-de-sac;;Saint-Benoît;CUL-DE-SAC SAINT-BENOIT;cul-de-sac Saint-Benoît;;;;;;;;;;;;;;;;Supprimé par l'ouverture de la rue de Rivoli. Il était située rue de la Tacherie. Anciennement ruelle des Bons Enfants, puis rue de la Petite Tacherie et enfin cul-de-sac Saint-Benoît.;;;;;;;;;
;1622;rue;;Saint-Leu;RUE SAINT-LEU;rue Saint-Leu;;;;;;;;;;;;;;;;Voir : Saint-Magloire (rue).;;;;;;;;;
;1636;cul-de-sac;;Saint-Landry;CUL-DE-SAC SAINT-LANDRY;cul-de-sac Saint-Landry;;;;;;;;;;;;;;;;Supprimé. Il était situé dans la rue du Chevet Saint-Landry.;;;;;;;;;
;1641;rue;;Saint-Jules;RUE SAINT-JULES;rue Saint-Jules;;;;;;;;;;;;;;;;"Supprimée en 1938. Commençait rue du Faubourg Saint-Antoine, 225 ; finissait rue de Montreuil, 2.";;;;;;;;;
;1643;villa;;Saint-Joseph;VILLA SAINT-JOSEPH;villa Saint-Joseph;;;;;;;;;;;;;;;;Supprimé. Elle était située boul. Pereire, 255.;;;;;;;;;
;1666;passage;;Saint-Jacques la Boucherie;PASSAGE SAINT-JACQUES LA BOUCHERIE;passage Saint-Jacques la Boucherie;;;;;;;;;;;;;;;;Supprimé. par l'établissement du sq. Saint-Jacques. Il commençait rue Saint-Jacques la Boucherie (Supprimé.) et finissait place Saint-Jacques la Boucherie (Supprimé.).;;;;;;;;;
;1676;rue;;Saint-Jacques;RUE SAINT-JACQUES;rue Saint-Jacques;;;;;;;;;;;;;;;;Actuellement rue de Nantes.;;;;;;;;;
;1681;fausse porte;;Saint-Jacques;FAUSSE PORTE SAINT-JACQUES;fausse porte Saint-Jacques;;;;;;;;;;;;;;;;Etait située rue du Faubourg Saint-Jacques, entre le boul. de Port-Royal et la rue Cassini.;;;;;;;;;
;1692;rue;;Saint-Hugues;RUE SAINT-HUGUES;rue Saint-Hugues;;;1851-03-11;;;;;;;;;;;;;Dénommée partie de la rue Beaubourg par arrêté préfectoral du 11 mars 1851. Ce tronçon a été supprimé par l'ouverture de la rue de Turbigo. Il était compris entre les rues Bailly et Réaumur.;;;;;;;;;
;1734;grande rue ou rue;;Saint-Germain;GRANDE RUE OU RUE SAINT-GERMAIN;grande rue ou rue Saint-Germain;;;;;;;;;;;;;;;;Actuellement rue Saint-Germain l'Auxerrois.;;;;;;;;;
;1743;rue;;Saint-François;RUE SAINT-FRANCOIS;rue Saint-François;03e;;;;Archives;;;;;;;;;;;Ou Sainte-Françoise. Actuellement rue du Roi Doré.;;;;;;;;;
;1750;square;;Saint-Ferdinand;SQUARE SAINT-FERDINAND;square Saint-Ferdinand;;;;;;;;;;;;;;;;Actuellement partie de la rue du Colonel Moll.;;;;;;;;;
;1767;cul-de-sac;;Saint-Éloi;CUL-DE-SAC SAINT-ELOI;cul-de-sac Saint-Éloi;;;;;;;;;;;;;;;;Voir : Saint-Pierre (pas.).;;;;;;;;;
;1789;chemin;de;Saint-Denis;CHEMIN DE SAINT-DENIS;chemin de Saint-Denis;;;;;;;;;;;;;;;;Actuellement partie de la rue Saint-Maur.;;;;;;;;;
;1808;ruelle;;Saint-Christophe;RUELLE SAINT-CHRISTOPHE;ruelle Saint-Christophe;;;;;;;;;;;;;;;;Voir : Venise (rue de).;;;;;;;;;
;1809;rue;;Saint-Christophe;RUE SAINT-CHRISTOPHE;rue Saint-Christophe;04e;;1865-05-22;;Notre-Dame;;;;;place du Parvis Notre-Dame.;rue de la  Cité;;;;;Supprimée par la reconstruction de l'Hôtel Dieu (décret du 22 mai 1865). En 1218, rue de la Regraterie. En 1300, Guillot la nomme grand'rue Saint-Christophe. Une partie portait le nom de rue du Marché Palu.;;;;;;;;;
;1810;passage ou cour;;Saint-Chaumont;PASSAGE OU COUR SAINT-CHAUMONT;passage ou cour Saint-Chaumont;;;;;;;;;;;;;;;;Supprimée par l'ouverture du boul. de Sébastopol. Il commençait rue du Ponceau, 18, et finissait rue Saint-Denis, 374.;;;;;;;;;
;2161;quai;de la;République;QUAI DE LA REPUBLIQUE;quai de la République;;;;;;;;;;;;;;;;Actuellement quai de Bourbon.;;;;;;;;;
;1947;route;;Nationale N° 13;ROUTE NATIONALE N? 13;route Nationale N° 13;;;;;;;;;;;;;;;;Actuellement av. de la Grande Armée et av. de Neuilly.;;;;;;;;;
;1962;route;;Départementale N° 52;ROUTE DEPARTEMENTALE N? 52;route Départementale N° 52;;;;;;;;;;;;;;;;Actuellement avenue d'Ivry.;;;;;;;;;
;1965;route;;Départementale N° 47;ROUTE DEPARTEMENTALE N? 47;route Départementale N° 47;;;;;;;;;;;;;;;;Actuellement partie de la rue Nicolaï.;;;;;;;;;
;1980;route;;Départementale N° 27;ROUTE DEPARTEMENTALE N? 27;route Départementale N° 27;;;;;;;;;;;;;;;;Actuellement rue de la Poterne des Peupliers.;;;;;;;;;
;1992;route;;Départementale N° 2;ROUTE DEPARTEMENTALE N? 2;route Départementale N° 2;;;;;;;;;;;;;;;;Actuellement av. de la Porte de Saint-Cloud.;;;;;;;;;
;1995;route;;Départementale N° 17;ROUTE DEPARTEMENTALE N? 17;route Départementale N° 17;;;;;;;;;;;;;;;;Actuellement partie de l'av. de la Porte des Lilas.;;;;;;;;;
;2451;chemin;de;Poulignis;CHEMIN DE POULIGNIS;chemin de Poulignis;;;;;;;;;;;;;;;;Actuellement rue Cassette.;;;;;;;;;
;2471;cul-de-sac;près la;Poterne;CUL-DE-SAC PRES LA POTERNE;cul-de-sac près la Poterne;;;;;;;;;;;;;;;;Actuellement imp. Beaubourg.;;;;;;;;;
;2245;rue;du;Rasoir;RUE DU RASOIR;rue du Rasoir;;;;;;;;;;;;;;;;Actuellement partie de la rue Gît-le-Coeur.;;;;;;;;;
;2249;rue;de la;Rapée;RUE DE LA RAPEE;rue de la Rapée;;;;;;;;;;;;;;;;Actuellement partie de la rue de Bercy.;;;;;;;;;
;2250;chemin de ronde;de la;Rapée;CHEMIN DE RONDE DE LA RAPEE;chemin de ronde de la Rapée;12e;;1864-12-30;;Bercy;;;;;;;;;;;Dénommé partie du boulevard de Bercy par arrêté préfectoral du 30 décembre 1864.;;;;;;;;;
;2291;rue;;Quinquempoix;RUE QUINQUEMPOIX;rue Quinquempoix;;;;;;;;;;;;;;;;Ou Quinquempoit, Cinquampoit ou encore Quiquenpoit. Voir : Quinquempoit (rue).;;;;;;;;;
;2296;rue;;qui Rassis;RUE QUI RASSIS;rue qui Rassis;;;;;;;;;;;;;;;;Ou Quiracie et Quirassis. Voir : Pierre Assis (rue).;;;;;;;;;
;2320;avenue;du;Quartier de la Cavalerie;AVENUE DU QUARTIER DE LA CAVALERIE;avenue du Quartier de la Cavalerie;;;;;;;;;;;;;;;;Actuellement partie de l'av. de Lowendal.;;;;;;;;;
;2331;rue;du;Puys;RUE DU PUYS;rue du Puys;;;;;;;;;;;;;;;;Ou Puys Mauconseil. Actuellement partie de la rue du Vieux Colombier entre la rue Férou et la rue du Pot de Fer.;;;;;;;;;
;2388;rue;de la;Probité;RUE DE LA PROBITE;rue de la Probité;;;;;;;;;;;;;;;;Supprimé. par la construction des Abattoirs de la rive gauche. Elle était située rue Guillaume Laplagne. Précédemment c'était la rue Joseph Laurent.;;;;;;;;;
;2417;rue;;Prétrel;RUE PRETREL;rue Prétrel;;;;;;;;;;;;;;;;Ou Prétrelle. Actuellement rue Pétrelle.;;;;;;;;;
;2426;ruelle;du;Presbytère;RUELLE DU PRESBYTERE;ruelle du Presbytère;;;;;;;;;;;;;;;;Elle était située rue de Perpignan (Supprimé.).;;;;;;;;;
;2441;rue;du;Pourtour Saint-Gervais;RUE DU POURTOUR SAINT-GERVAIS;rue du Pourtour Saint-Gervais;04e;;1865-10-02;;Saint-Gervais;;;;;;;;;;;Dénommée partie de la rue François Miron par décret impérial du 2 octobre 1865.;;;;;;;;;
;2613;porte;des;Poissonniers;PORTE DES POISSONNIERS;porte des Poissonniers;;;;;;;;;;;;;;;;Ou Poissonnerie ou encore Poissonnière (porte de la). Voir : Poissonnerie (porte de la).;;;;;;;;;
;2625;rue;de la;Poissonnerie;RUE DE LA POISSONNERIE;rue de la Poissonnerie;;;;;;;;;;;;;;;;Actuellement rue Poissonnière.;;;;;;;;;
;2768;porte;de;Picpus dite Porte Dorée;PORTE DE PICPUS DITE PORTE DOREE;porte de Picpus dite Porte Dorée;12e;;;;Bel-Air;;;;;;;;;;;Supprimée. Située à l'emplacement de la place Edouard Renard.;;;;;Porte de l'enceinte de Thiers.;;;;
;2775;avenue;;Picolo;AVENUE PICOLO;avenue Picolo;;;;;;;;;;;;;;;;Supprimé. en 1943. Elle était située boul. de Reuilly et de Picpus, sur le passage de la rue de Picpus.;;;;;;;;;
;2649;rue ou ruelle;des;Plumets;RUE OU RUELLE DES PLUMETS;rue ou ruelle des Plumets;;;1854-09-29;;;;;;;;;;;;;Supprimée par un décret du 29 septembre 1854 relatif au dégagement des abords de l'Hôtel de Ville. Elle commençait quai de la Grève (Actuellement quai de l'Hôtel de Ville) et finissait rue de la Mortellerie (Actuellement rue de l'Hôtel de Ville). Jaillot suppose que c'est la rue appelée par Corrozet ruelle du Petit Port Saint-Gervais. Sur le plan de Jacoubet, elle porte le nom de rue Grillée.;;;;;;;;;
;2680;cité;des;Plantes;CITE DES PLANTES;cité des Plantes;;;;;;;;;;;;;;;;Actuellement rue de l'Eure.;;;;;;;;;
;2529;rue;de la;Porte Baudoyer;RUE DE LA PORTE BAUDOYER;rue de la Porte Baudoyer;;;;;;;;;;;;;;;;Ou Porte Baudéer ou encore Porte Baudet. Voir : Porte Baudéer (rue de la).;;;;;;;;;
;2553;rue;du;Port à Maître Pierre;RUE DU PORT A MAITRE PIERRE;rue du Port à Maître Pierre;;;;;;;;;;;;;;;;Ou Port à Maître Jean. Voir : Port à Maître Jean (rue du).;;;;;;;;;
;2825;chemin;de la;Petite Seine;CHEMIN DE LA PETITE SEINE;chemin de la Petite Seine;;;;;;;;;;;;;;;;Il plongeait un chemin traversant le Pré aux Clercs, suivait la direction de la rue de l'Université et aboutissait à la Petite Seine au droit de l'île aux Treilles.;;;;;;;;;
;2878;cul-de-sac;du;Petit Jésus;CUL-DE-SAC DU PETIT JESUS;cul-de-sac du Petit Jésus;;;;;;;;;;;;;;;;Voir : Thévenot (imp.).;;;;;;;;;
;2929;rue;;Perriche;RUE PERRICHE;rue Perriche;;;;;;;;;;;;;;;;Actuellement partie de la rue Paul Lelong.;;;;;;;;;
;2958;rue;;Perciée;RUE PERCIEE;rue Perciée;;;;;;;;;;;;;;;;Actuellement partie de la rue Greneta.;;;;;;;;;
;2965;rue;;Percée Saint-Antoine;RUE PERCEE SAINT-ANTOINE;rue Percée Saint-Antoine;04e;;;;Saint-Gervais;;;;;;;;;;;Dénommée rue du Prévôt par arrêté préfectoral du 1er février 1877. Variante Perciée, Percié ou encore Percée Saint-Paul.;;;;;;;;;
;2984;rue;de la;Pelleterie;RUE DE LA PELLETERIE;rue de la Pelleterie;04e;;1860-12-31;;Notre-Dame;;;;;;;;;;;Supprimée en 1860. Elle commençait rue de la Cité et finissait rue de la Barillerie (Supprimé.). D'après les anciens titres, elle se serait appelée rue Macra Madiana. Lacaille la nomme rue de la Vieille Pelleterie. Elle portait ce nom dès 1183. Un édit du roi, de 1786, prescrivit de démolir les maisons du côté de la rivière. On lui a donné, vers 1806, le nom de rue Desaix. Mais elle reprit le nom de la Pelleterie en 1814.;;;;;;;;;
;3003;rue;du;Pavillon du Roi;RUE DU PAVILLON DU ROI;rue du Pavillon du Roi;;;;;;;;;;;;;;;;Actuellement rue de Béarn et rue de Birague.;;;;;;;;;
;3015;rue;;Pavée;RUE PAVEE;rue Pavée;;;;;;;;;;;;;;;;Actuellement partie de la rue Traversière.;;;;;;;;;
;3380;rue;;Neuve Saint-René;RUE NEUVE SAINT-RENE;rue Neuve Saint-René;;;;;;;;;;;;;;;;Actuellement rue de Quatrefages.;;;;;;;;;
;3253;cul-de-sac;de l';Opéra;CUL-DE-SAC DE L'OPERA;cul-de-sac de l'Opéra;;;;;;;;;;;;;;;;Supprimé. Il débouchait sur la place du Palais Royal et conduisait au théâtre de l'Opéra. Il a aussi porté le nom de cour Auris, cour au Ris, cour Oris ou Orry, cour du Roi, cul-de-sac Courtavoye et cour Savoye.;;;;;;;;;
;3294;rue;du;Noyer;RUE DU NOYER;rue du Noyer;;;;;;;;;;;;;;;;Supprimé. Elle existait au XIVe siècle et aboutissait rue des Vieilles Haudriettes.;;;;;;;;;
;3308;passage;des;Nourrices;PASSAGE DES NOURRICES;passage des Nourrices;;;;;;;;;;;;;;;;Actuellement pas. Molière.;;;;;;;;;
;3330;parvis;;Notre-Dame;PARVIS NOTRE-DAME;parvis Notre-Dame;;;;;;;;;;;;;;;;Actuellement partie de la place du Parvis Notre-Dame.;;;;;;;;;
;3107;rue;du;Paon;RUE DU PAON;rue du Paon;;;;;;;;;;;;;;;;Supprimée lors du percement de la rue des Ecoles. Elle commençait rue Saint-Victor et finissait rue Traversine. Au XIIIe siècle, on la nommait rue Alexandre Langlais ou Langlois (Alexandri Anglici). En 1540, rue du Paon. De Chuyes la nommait aussi rue du Pan.;;;Dite aussi rue du Paon Saint-Victor;;;;;;
;3165;rue;des;Oublayeurs;RUE DES OUBLAYEURS;rue des Oublayeurs;;;;;;;;;;;;;;;;Ou Oubloyers ou encore Oublieurs. Actuellement partie de la rue Chanoinesse.;;;;;;;;;
;3179;rue;des;Orties du Louvre;RUE DES ORTIES DU LOUVRE;rue des Orties du Louvre;;;;;;;;;;;;;;;;Supprimée vers 1808. Elle commençait rue Saint-Thomas du Louvre (Supprimé.) et finissait à la place du Carrousel. C'était anciennement un chemin de halage et elle était bâtie d'un seul côté. En 1455, on la nommait la Grant Rue du Louvre. En 1530, rue du Louvre. En 1568, rue de Seyne. En 1603, rue Saint-Nicolas du Louvre. En 1623, rue des Galeries. En 1647, rue des Galeries du Louvre, autrement des Ortils. Verniquet écrit rue des Orties Saint-Louis. Vers son extrémité occidentale on l'a appelée rue de la Petite Monnoye ou Monnaye.;;;;;;;;;
;3182;rue;de l';Orsine;RUE DE L'ORSINE;rue de l'Orsine;;;;;;;;;;;;;;;;Actuellement rues Edouard Quénu, Broca et Léon-Maurice Nordmann.;;;;;;;;;
;3682;impasse;du;Moulin Joly;IMPASSE DU MOULIN JOLY;impasse du Moulin Joly;11e;;1929-12-09;;Folie-Méricourt;;;;;;;;;;;Dénommée rue du Moulin Joly par arrêté préfectoral du 9 décembre 1929.;;;;;Un moulin à vent était situé autrefois à l'extrémité de l'impasse et un sieur Joly avait établi un restaurant à côté de ce moulin.;;;;
;3694;chemin;du;Moulin à Vent;CHEMIN DU MOULIN A VENT;chemin du Moulin à Vent;;;;;;;;;;;;;;;;Actuellement rue Saint-Dominique.;;;;;;;;;
;3401;rue;;Neuve Saint-Jean;RUE NEUVE SAINT-JEAN;rue Neuve Saint-Jean;;;1851-07-09;;;;;;;;;;;;;Dénommée partie de la rue du Château d'Eau par arrêté préfectoral du 9 juillet 1851.;;;;;;;;;
;3406;rue;;Neuve Saint-Gervais;RUE NEUVE SAINT-GERVAIS;rue Neuve Saint-Gervais;03e;;;;Archives;;;;;;;;;;;Actuellement partie de la rue de Thorigny.;;;Dite aussi rue Saint-Gervais;;;;;;
;3418;rue;;Neuve Saint-Charles;RUE NEUVE SAINT-CHARLES;rue Neuve Saint-Charles;;;;;;;;;;;;;;;;Actuellement partie de la rue La Boétie.;;;;;;;;;
;3444;rue;;Neuve du Pont Saint-Michel dite de la Bouclerie;RUE NEUVE DU PONT SAINT-MICHEL DITE DE LA BOUCLERIE;rue Neuve du Pont Saint-Michel dite de la Bouclerie;;;;;;;;;;;;;;;;Actuellement partie de la rue de la Harpe.;;;;;;;;;
;3470;rue;;Neuve des Fossés Montmarat;RUE NEUVE DES FOSSES MONTMARAT;rue Neuve des Fossés Montmarat;;;;;;;;;;;;;;;;Ou Neuve des Fossés Montmartre. Actuellement rue Feydeau.;;;;;;;;;
;3507;rue;;Neuve de la Fidélité;RUE NEUVE DE LA FIDELITE;rue Neuve de la Fidélité;;;;;;;;;;;;;;;;Supprimée par le percement du boulevard de Strasbourg. Elle commençait rue du Château d'Eau et finissait rue de la Fidélité.;;;;;;;;;
;3533;rue;;Neuve Bourg l'Abbé;RUE NEUVE BOURG L'ABBE;rue Neuve Bourg l'Abbé;03e;;1881-01-24;;Sainte-Avoye;;;;;;;;;;;Dénommée rue du Bourg l'Abbé par arrêté préfectoral du 24 janvier 1881.;;;;;;;;;
;3566;rue;de;Nesle;RUE DE NESLE;rue de Nesle;;;;;;;;;;;;;;;;Actuellement partie de la rue Mazarine.;;;;;;;;;
;3569;porte;de;Nesle;PORTE DE NESLE;porte de Nesle;;;;;;;;;;;;;;;;Elle était située quai de Conti, sur l'emplacement du pavillon à l'est du palais de l'Institut. Elle avait porté primitivement le nom de Philippe Hamelin (enceinte de Philippe-Auguste).;;;;;;;;;
;3621;port;du;Musée;PORT DU MUSEE;port du Musée;;;;;;;;;;;;;;;;Actuellement port du Louvre.;;;;;;;;;
;3657;rue;du;Moutier;RUE DU MOUTIER;rue du Moutier;;;;;;;;;;;;;;;;Actuellement rue Saint-Etienne du Mont.;;;;;;;;;
;3833;rue;;Monfétard;RUE MONFETARD;rue Monfétard;;;;;;;;;;;;;;;;Actuellement rue Mouffetard.;;;;;;;;;
;15709;rue;de;Montigny;RUE DE MONTIGNY;rue de Montigny;;;;;;;;;;;;;;;;;;;;;;;;;
;632;rue;;Verte;RUE VERTE;rue Verte;;;;;;;;;;;;;;;;Actuellement partie de la rue du Chemin Vert.;;;;;;;;;
;425;rue;de la;Voirie;RUE DE LA VOIRIE;rue de la Voirie;;;;;;;;;;;;;;;;Actuellement rue Louis Blanc.;;;;;;;;;
;427;rue;de la;Voirie;RUE DE LA VOIRIE;rue de la Voirie;;;;;;;;;;;;;;;;Actuellement rue Cadet.;;;;;;;;;
;435;rue;de la;Voie Creuse;RUE DE LA VOIE CREUSE;rue de la Voie Creuse;;;;;;;;;;;;;;;;Actuellement rue Dareau.;;;;;;;;;
;449;allée;des;Violettes;ALLEE DES VIOLETTES;allée des Violettes;;;;;;;;;;;;;;;;Supprimé. Commençait voie en prolongement de la rue Emile Faguet, finissait allée des Lilas (Supprimé.).;;;;;;;;;
;465;boulevard;de;Vincennes;BOULEVARD DE VINCENNES;boulevard de Vincennes;12e;;1864-08-24;;Bel-Air, Bercy, Picpus, Quinze-Vingts;;;;;;;;;;;Dénommée avenue Daumesnil par décret impérial du 24 août 1864. Actuellement partie de l'avenue Daumesnil;;;;;;;;;
;481;grande rue;de la;Villette;GRANDE RUE DE LA VILLETTE;grande rue de la Villette;;;;;;;;;;;;;;;;Actuellement av. de Flandre et av. Corentin Cariou.;;;;;;;;;
;484;chaussée;de la;Villette;CHAUSSEE DE LA VILLETTE;chaussée de la Villette;;;;;;;;;;;;;;;;Actuellement av. de Flandre et av. Corentin Cariou.;;;;;;;;;
;496;impasse;;Villehardouin;IMPASSE VILLEHARDOUIN;impasse Villehardouin;03e;;1906-06-16;;Archives;;;;;rue Villehardouin, 4.;;;;;;Supprimée par décret du 16 juin 1906. Précédemment impasse Saint-Pierre et antérieurement cul-de-sac Saint-Pierre aux Marais.;;;;;"Geoffroi, sire de Villehardouin, chroniqueur du XIIe siècle ; voisinage de l'ancienne rue Saint-Louis, aujourd'hui rue de Turenne.";Décret présidentiel du 16 juin 1906.;;;
;563;rue;;Vieille Saint-Jean;RUE VIEILLE SAINT-JEAN;rue Vieille Saint-Jean;;;;;;;;;;;;;;;;Actuellement partie de la rue Censier.;;;;;;;;;
;583;rue;;Vieille Doucet;RUE VIEILLE DOUCET;rue Vieille Doucet;;;;;;;;;;;;;;;;Actuellement rue Vide-Gousset.;;;;;;;;;
;752;rue;des;Vaches;RUE DES VACHES;rue des Vaches;;;;;;;;;;;;;;;;Voir : Egout Saint-Germain (rue de l').;;;;;;;;;
;757;chemin;des;Vaches;CHEMIN DES VACHES;chemin des Vaches;;;;;;;;;;;;;;;;Actuellement rue des Saints-Pères.;;;;;;;;;
;771;voie;;U/11;VOIE U/11;voie U/11;11e;;1980-09-09;;Saint-Ambroise;;;;;;;;;;;Dénommée rue Marcel Gromaire par arrêté municipal du 9 septembre 1980.;;;;;;;;;
;944;rue;du;Tourniquet Saint-Jean;RUE DU TOURNIQUET SAINT-JEAN;rue du Tourniquet Saint-Jean;;;;;;;;;;;;;;;;Supprimée par l'agrandissement de l'Hôtel de Ville. Elle commençait rue du Martroi (Supprimé.), et finissait rue de la Tixeranderie (Supprimé.). Elle a porté les noms de rue du Pet au Diable, du Chevet Saint-Jean, du Cloître Saint-Jean, du Sanhédrin. En 1815, elle prit le nom de rue du Tourniquet.;;;;;;;;;
;7511;rue;de la;Butte;RUE DE LA BUTTE;rue de la Butte;;;;;;;;;;;;;;;;Actuellement partie de la rue Saint-Guillaume et rue Perronet.;;;;;;;;;
;8158;place;de la;Barrière de Reuilly;PLACE DE LA BARRIERE DE REUILLY;place de la Barrière de Reuilly;12e;;1864-12-30;;Picpus;;;;;;;;;;;Dénommée place Daumesnil par arrêté préfectoral du 30 décembre 1864. Actuellement partie de la place Félix Eboué.;;;;;;;;;
;8174;rue;des;Barrés;RUE DES BARRES;rue des Barrés;04e;;1867-02-26;;Saint-Gervais;;;;;;;;;;;Dénommée rue de l'Ave Maria par arrêté préfectoral du 26 février 1867. Actuellement rue de l'Ave Maria et partie de la rue du Fauconnier.;;;;;;;;;
;8222;rue ou sentier;des;Baltreux;RUE OU SENTIER DES BALTREUX;rue ou sentier des Baltreux;;;;;;;;;;;;;;;;Actuellement partie de la rue des Rondeaux.;;;;;;;;;
19;7591;rue;;Brantôme;RUE BRANTOME;rue Brantôme;03e;1864-08-24;;;Sainte-Avoye;;125;2,7;;rue Beaubourg, 29.;rue Saint-Martin, 162;20;25;;;Supprimée lors de l'aménagement du secteur des Halles. Précédemment rue des Petits Champs. Cette voie existait en 1273.;Décret du 24 août 1864.;;;;Pierre de Bourdeille, seigneur de Brantôme (1540-1614), chroniqueur.;Arrêté préfectoral du 30 août 1972;;;
;7612;impasse;;Bouvier;IMPASSE BOUVIER;impasse Bouvier;11e;;1994-01-14;;Sainte-Marguerite;;100;8;;rue des Boulets, 45.;;4;7;;;Dénommée partie de la rue Bouvier par arrêté municipal du 14 janvier 1994. Précédemment impasse du Prince Eugène.;;;;;M. Bouvier, propriétaire.;;;;
;7620;passage;;Boutarel;PASSAGE BOUTAREL;passage Boutarel;04e;;;;Notre-Dame;;;;;;;;;;;Actuellement rue Boutarel.;;;;;;;;;
;7624;rue;du;Bourtibou;RUE DU BOURTIBOU;rue du Bourtibou;;;;;;;;;;;;;;;;Voir : Bourg Thiébault (rue du).;;;;;;;;;
;7641;chemin;de;Bourg-La-Reine;CHEMIN DE BOURG-LA-REINE;chemin de Bourg-La-Reine;;;;;;;;;;;;;;;;Actuellement rue de la Tombe Issoire.;;;;;;;;;
;6942;place;du;Chevalier du Guet;PLACE DU CHEVALIER DU GUET;place du Chevalier du Guet;;;;;;;;;;;;;;;;Supprimée en 1852-1855 pour l'agrandissement des Halles Centrales. Elle était située entre les rues Perrin Gasselin et du Chevalier du Guet (Supprimé.).;;;;;;;;;
;6944;rue ou rue du;;Chevalier;RUE OU RUE DU CHEVALIER;rue ou rue du Chevalier;;;;;;;;;;;;;;;;Actuellement rue Honoré Chevalier.;;;;;;;;;
;4975;rue;;Heuleu;RUE HEULEU;rue Heuleu;;;;;;;;;;;;;;;;Voir : Grand Hurleur (rue du).;;;;;;;;;
;4983;rue;des;Hermites;RUE DES HERMITES;rue des Hermites;;;;;;;;;;;;;;;;Ou Hermite (rue de l'). Voir : Hermite (rue de l').;;;;;;;;;
;5602;ruelle;aux;Fouetteurs;RUELLE AUX FOUETTEURS;ruelle aux Fouetteurs;;;;;;;;;;;;;;;;Supprimé. Elle prolongeait la rue des Vignes, entre la rue de Chaillot et l'ancien égout du même nom.;;;;;;;;;
;5639;cul-de-sac ou rue;de la;Fosse aux Chiens;CUL-DE-SAC OU RUE DE LA FOSSE AUX CHIENS;cul-de-sac ou rue de la Fosse aux Chiens;;;;;;;;;;;;;;;;Actuellement imp. des Bourdonnais.;;;;;;;;;
;6327;rue;;Delots;RUE DELOTS;rue Delots;;;;;;;;;;;;;;;;Actuellement rue Sophie Germain.;;;;;;;;;
;7007;;;Chemin de Grande Communication N° 19;CHEMIN DE GRANDE COMMUNICATION N? 19;Chemin de Grande Communication N° 19;;;;;;;;;;;;;;;;Actuellement av. de la Porte de Montmartre.;;;;;;;;;
;5013;rue;;Hennequin le Faucheur;RUE HENNEQUIN LE FAUCHEUR;rue Hennequin le Faucheur;;;;;;;;;;;;;;;;Ou Hennequin. Voir : Hennequin (rue).;;;;;;;;;
;5652;rue;de la;Formagerie;RUE DE LA FORMAGERIE;rue de la Formagerie;;;;;;;;;;;;;;;;Voir : Fromagerie (rue de la).;;;;;;;;;
;6371;place;;Daumesnil;PLACE DAUMESNIL;place Daumesnil;12e;;1946-06-08;;Picpus;;;;;;;;;;;Dénommée place Félix Eboué par arrêté du 8 juin 1946.;;;;;"Le baron Pierre Yriex Daumesnil (Périgueux (Dordogne),1776 - Vincennes (Val-de-Marne), 1832), général qui a défendu le château de Vincennes en 1814 et 1815 ;";;;;
;5054;rue;du;Haut Roule;RUE DU HAUT ROULE;rue du Haut Roule;;;;;;;;;;;;;;;;Actuellement partie de la rue du Faubourg Saint-Honoré.;;;;;;;;;
;5699;ruelle;des;Fonds Verts;RUELLE DES FONDS VERTS;ruelle des Fonds Verts;12e;;;;Bercy;;;;;;;;;;;Actuellement rue des Fonds Verts.;;;;;Lieu-dit, quartier bas et marécageux de la vallée de Fécamp.;;;;
;7098;rue;de la;Chartreuse;RUE DE LA CHARTREUSE;rue de la Chartreuse;;;;;;;;;;;;;;;;Remplacée par la rue Beaujon. Elle allait de la rue Neuve de l'Oratoire (rue Washington) à l'av. Sainte-Marie (Supprimé.). Son tracé a été modifié et elle a été remplacée par la rue Beaujon.;;;;;;;;;
;5078;rue;de la;Harengerie;RUE DE LA HARENGERIE;rue de la Harengerie;;;;;;;;;;;;;;;;Voir : Vieille Harengerie (rue de la).;;;;;;;;;
;5080;rue;de la;Hanterie;RUE DE LA HANTERIE;rue de la Hanterie;;;;;;;;;;;;;;;;Voir : Tabletterie (rue de la).;;;;;;;;;
;6433;rue;du;Cul-de-sac Sans Chef;RUE DU CUL-DE-SAC SANS CHEF;rue du Cul-de-sac Sans Chef;;;;;;;;;;;;;;;;Actuellement rue Censier.;;;;;;;;;
;6452;barrière;de;Croulebarbe;BARRIERE DE CROULEBARBE;barrière de Croulebarbe;;;;;;;;;;;;;;;;Elle était située boulevard Auguste Blanqui presque en face de la rue Barrault.;;;;;;;;;
;4217;rue;;Malivaux;RUE MALIVAUX;rue Malivaux;;;;;;;;;;;;;;;;Actuellement partie de la rue des Barres.;;;;;;;;;
;4399;ruelle;des;Lilas;RUELLE DES LILAS;ruelle des Lilas;11e;;1873-11-10;;Saint-Ambroise;;;;;;;;;;;Dénommée impasse des Primevères par arrêté préfectoral du 10 novembre 1873;;;;;;;;;
;3949;petit chemin;de;Merle;PETIT CHEMIN DE MERLE;petit chemin de Merle;;;;;;;;;;;;;;;;Supprimé. Il existait en 1771, entre la vieille route d'Orléans (rue de la Tombe Issoire actuelle) et le chemin des Boeufs (aujourd'hui rues Dareau et Rémy Dumoncel).;;;;;;;;;
;3960;rue;;Merdelet;RUE MERDELET;rue Merdelet;;;;;;;;;;;;;;;;Ou Merderet. Voir : Pagevin (rue).;;;;;;;;;
;3981;rue;des;Ménestrels;RUE DES MENESTRELS;rue des Ménestrels;;;;;;;;;;;;;;;;Voir : Ménétriers (rue des).;;;;;;;;;
;3704;rue;;Moufetard;RUE MOUFETARD;rue Moufetard;;;;;;;;;;;;;;;;Actuellement rue Mouffetard.;;;;;;;;;
;3764;ruelle;du;Montparnasse;RUELLE DU MONTPARNASSE;ruelle du Montparnasse;;;;;;;;;;;;;;;;Actuellement rue Campagne Première.;;;;;;;;;
;3786;rue;;Montigny;RUE MONTIGNY;rue Montigny;;;;;;;;;;;;;;;;Actuellement rue de Poissy.;;;;;;;;;
;3790;passage;;Monthiers;PASSAGE MONTHIERS;passage Monthiers;;;;;;;;;;;;;;;;Voir : Epargne (pas. de l').;;;;;;;;;
;3791;rue;de;Montgallet;RUE DE MONTGALLET;rue de Montgallet;;;;;;;;;;;;;;;;Ou Mont Gallet (rue de). Voir : Mont Gallet (rue de).;;;;;;;;;
;4236;rue;de la;Maladerye;RUE DE LA MALADERYE;rue de la Maladerye;;;;;;;;;;;;;;;;Actuellement rue du Four.;;;;;;;;;
;4239;chemin;de la;Maladerie;CHEMIN DE LA MALADERIE;chemin de la Maladerie;;;;;;;;;;;;;;;;Ou Maladrerie. Actuellement rue de Sèvres.;;;;;;;;;
;4278;passage;de;Magenta;PASSAGE DE MAGENTA;passage de Magenta;;;;;;;;;;;;;;;;Supprimé par l'ouverture de la rue Botzaris. Il commençait rue de Crimée, finissait sentier de la Chaudière d'Enfer (Supprimé.).;;;;;;;;;
;4025;rue;;Maufetard;RUE MAUFETARD;rue Maufetard;;;;;;;;;;;;;;;;Actuellement rue Mouffetard.;;;;;;;;;
;4031;rue;;Matignon du Louvre;RUE MATIGNON DU LOUVRE;rue Matignon du Louvre;;;1808-12-31;;;;;;;;;;;;;Supprimée en 1808. Anciennement elle commençait rue des Orties et finissait, en faisant un retour d'équerre, à la rue du Doyenné. Elle avait été réduite à l'état d'impasse par la suppression de son débouché sur la rue du Doyenné. Cette dernière partie avait porté le nom de rue du Compas.;;;;;;;;;
;4048;cité;;Masson;CITE MASSON;cité Masson;;;;;;;;;;;;;;;;Supprimé. en 1888. Elle commençait rue Neuve de la Chardonnière et finissait boul. Ornano, 44.;;;;;;;;;
;4059;rue;du;Martroi Saint-Jean;RUE DU MARTROI SAINT-JEAN;rue du Martroi Saint-Jean;;;;;;;;;;;;;;;;Ou Martrai. Voir : Martrai (rue du).;;;;;;;;;
;4088;rue;;Marivaux des Lombards;RUE MARIVAUX DES LOMBARDS;rue Marivaux des Lombards;;;1851-02-18;;;;;;;;;;;;;Dénommée rue Nicolas Flamel par décret présidentiel du 18 février 1851 et arrêté préfectoral du 11 mars 1851.;;;;;;;;;
;4104;rue;des;Mariettes;RUE DES MARIETTES;rue des Mariettes;;;;;;;;;;;;;;;;Actuellement rue des Marmousets.;;;;;;;;;
;4135;ruelle;du;Marché du Marais;RUELLE DU MARCHE DU MARAIS;ruelle du Marché du Marais;03e;;;;Enfants-Rouges;;;;;;;;;;;Actuellement rue des Oiseaux.;;;;;;;;;
;4163;pont;aux;Marchands;PONT AUX MARCHANDS;pont aux Marchands;;;;;;;;;;;;;;;;Remplacé par le pont au Change.;;;;;;;;;
;4190;rue;des;Marais;RUE DES MARAIS;rue des Marais;;;;;;;;;;;;;;;;Actuellement partie de la rue de Malte.;;;;;;;;;
;4199;rue;;Maquignonne;RUE MAQUIGNONNE;rue Maquignonne;;;;;;;;;;;;;;;;Actuellement rue de l'Essai.;;;;;;;;;
;4207;passage;du;Manège;PASSAGE DU MANEGE;passage du Manège;;;;;;;;;;;;;;;;Actuellement partie de la rue de l'Abbé Grégoire.;;;;;;;;;
;4484;passage;;Lebègue;PASSAGE LEBEGUE;passage Lebègue;;;;;;;;;;;;;;;;Supprimé. par l'ouverture du boul. Saint-Germain. Il allait de la rue des Noyers à la place Maubert.;;;;;;;;;
;4485;quai;;Le Pelletier;QUAI LE PELLETIER;quai Le Pelletier;04e;;1868-04-02;;Saint-Merri;;;;;;;;;;;Dénommé partie du quai de Gesvres par arrêté préfectoral du 2 avril 1868.;;;;;;;;;
;4487;rue;;Le Masson;RUE LE MASSON;rue Le Masson;;;;;;;;;;;;;;;;Actuellement rue Champollion.;;;;;;;;;
;4492;rue;des;Lavandières Saint-Jacques;RUE DES LAVANDIERES SAINT-JACQUES;rue des Lavandières Saint-Jacques;;;;;;;;;;;;;;;;Ou Lavandières de la Place Maubert ou encore Lavandières. Supprimée par l'ouverture du boulevard Saint-Germain et par l'ouverture de la rue Lagrange. Elle allait de la place Maubert à la rue des Noyers. Cette voie était bordée de constructions vers 1230.;;;;;;;;;
;4287;rue;des;Madelonnettes;RUE DES MADELONNETTES;rue des Madelonnettes;;;;;;;;;;;;;;;;Actuellement rue des Fontaines du Temple.;;;;;;;;;
;4309;rue;de;Lyonne;RUE DE LYONNE;rue de Lyonne;;;;;;;;;;;;;;;;Actuellement partie de la rue Sainte-Anne.;;;;;;;;;
;4312;place;du;Lycée Louis le Grand;PLACE DU LYCEE LOUIS LE GRAND;place du Lycée Louis le Grand;;;;;;;;;;;;;;;;Voir : Poirées (rue des) ou Porées (rue des).;;;;;;;;;
;4315;villa;des;Lyannes;VILLA DES LYANNES;villa des Lyannes;;;;;;;;;;;;;;;;Actuellement villa des Lyanes.;;;;;;;;;
;7657;rue;de;Bourbon;RUE DE BOURBON;rue de Bourbon;;;;;;;;;;;;;;;;Voir : Poulies (rue des).;;;;;;;;;
;7666;rue;;Bouquetonne;RUE BOUQUETONNE;rue Bouquetonne;;;;;;;;;;;;;;;;Actuellement partie de la rue du Roi de Sicile.;;;;;;;;;
;7691;rue;de la;Boue;RUE DE LA BOUE;rue de la Boue;;;;;;;;;;;;;;;;Voir : Port-Royal (rue de).;;;;;;;;;
;7717;rue;;Botha;RUE BOTHA;rue Botha;;;1942-12-31;;;;;;;;;;;;;Supprimée en 1942. Commençait av. du Parc des Expositions (Supprimé.), finissait rue du Docteur Salathé (Supprimé.).;;;;;;;;;
;7730;porte;;Bordet;PORTE BORDET;porte Bordet;;;;;;;;;;;;;;;;Démolie en 1683. Elle était située à l'extrémité de la rue Bordet ou Bordelle. Guillot la nomme porte Saint-Marcel. Voir : Saint-Marcel (porte).;;;;;;;;;
;8332;barrière;d';Aunay;BARRIERE D'AUNAY;barrière d'Aunay;;;;;;;;;;;;;;;;Supprimé. Elle était située boul. de Ménilmontant, à l'extrémité de la rue de la Roquette. Elle a aussi porté le nom de la Folie-Regnault puis de Saint-André.;;;;;;;;;
;8342;rue, puis quai;des;Augustins;RUE, PUIS QUAI DES AUGUSTINS;rue, puis quai des Augustins;;;;;;;;;;;;;;;;Actuellement partie du quai des Grands Augustins.;;;;;;;;;
;7739;quai;des;Bons Hommes;QUAI DES BONS HOMMES;quai des Bons Hommes;;;;;;;;;;;;;;;;Actuellement avenue de New York.;;;;;;;;;
;7752;place;au;Bonhomme;PLACE AU BONHOMME;place au Bonhomme;;;;;;;;;;;;;;;;Supprimé. Cette place, ainsi dénommée dès 1322, avait servi de cimetière. En 1735, elle a été absorbée par l'agrandissement de l'église Saint-Jean en Grève.;;;;;;;;;
;7536;voie;;BR/12;VOIE BR/12;voie BR/12;12e;;1993-02-11;;Bercy;;;;;;;;;;;Dénommée place des Vins de France par arrêté municipal du 11 février 1993.;;;;;;;;;
;7537;voie;des;Bruyères;VOIE DES BRUYERES;voie des Bruyères;;;;;;;;;;;;;;;;Actuellement rue Blomet.;;;;;;;;;
;8233;rue;des;Bains;RUE DES BAINS;rue des Bains;;;;;;;;;;;;;;;;Actuellement partie de la rue du Baigneur.;;;;;;;;;
;8234;passage;des;Bains;PASSAGE DES BAINS;passage des Bains;;;;;;;;;;;;;;;;Supprimé. en 1898 par l'ouverture de la rue du Commandant Lamy.;;;;;;;;;
;7606;rue;de la;Boyauterie;RUE DE LA BOYAUTERIE;rue de la Boyauterie;;;;;;;;;;;;;;;;Ou Boyauderie. Voir : Boyauderie (rue de la).;;;;;;;;;
;7608;barrière;de la;Boyauterie;BARRIERE DE LA BOYAUTERIE;barrière de la Boyauterie;;;;;;;;;;;;;;;;Supprimé. Elle était située sur le boul. de la Villette, au droit de la rue de la Boyauterie (Actuellement rue Louis Blanc).;;;;;;;;;
;6287;rue;;Desgranges;RUE DESGRANGES;rue Desgranges;;;;;;;;;;;;;;;;Supprimée par l'ouverture de l'avenue de Wagram. Elle commençait rue de Courcelles et finissait rue Des Renaudes.;;;;;;;;;
;6949;passage;du;Cheval Rouge;PASSAGE DU CHEVAL ROUGE;passage du Cheval Rouge;;;;;;;;;;;;;;;;Supprimé. par l'ouverture du boul. de Sébastopol. Il allait de la rue Saint-Martin à la rue du Ponceau.;;;;;;;;;
;6962;chemin;;Vicinal Ordinaire N° 4;CHEMIN VICINAL ORDINAIRE N? 4;chemin Vicinal Ordinaire N° 4;;;;;;;;;;;;;;;;Actuellement rue Pierre Joseph Desault.;;;;;;;;;
;6976;passage;du;Chemin Vert;PASSAGE DU CHEMIN VERT;passage du Chemin Vert;11e;;;;Saint-Ambroise;;;;;;;;;;;Actuellement rue Moufle.;;;;;;;;;
;4991;chemin;du;Herbu;CHEMIN DU HERBU;chemin du Herbu;;;;;;;;;;;;;;;;Actuellement rue Notre-Dame des Victoires.;;;;;;;;;
;5637;barrière;de la;Fosse aux Lions;BARRIERE DE LA FOSSE AUX LIONS;barrière de la Fosse aux Lions;;;;;;;;;;;;;;;;Voir : Arcueil (barrière d').;;;;;;;;;
;5641;chemin;de la;Fosse à l'Aumosnier dit Herbu;CHEMIN DE LA FOSSE A L'AUMOSNIER DIT HERBU;chemin de la Fosse à l'Aumosnier dit Herbu;;;;;;;;;;;;;;;;Actuellement rue du Regard.;;;;;;;;;
;6316;passage;;Denain;PASSAGE DENAIN;passage Denain;;;;;;;;;;;;;;;;Actuellement rue Charles Lecocq.;;;;;;;;;
;6989;rue;du;Chemin de Mesnil Maudan;RUE DU CHEMIN DE MESNIL MAUDAN;rue du Chemin de Mesnil Maudan;;;;;;;;;;;;;;;;Voir : Chemin de Ménil Mautemps (Rue du).;;;;;;;;;
;5008;place;;Henri IV;PLACE HENRI IV;place Henri IV;;;;;;;;;;;;;;;;Actuellement place du Pont Neuf.;;;;;Henri IV, roi de France (1553-1610);;;;
;5027;passage;;Hébert;PASSAGE HEBERT;passage Hébert;12e;;;;Quinze-Vingts;;;;;;;;;;;Actuellement passage Brunoy.;;;;;;;;;
;5042;sentier;des;Hautes Gâtines;SENTIER DES HAUTES GATINES;sentier des Hautes Gâtines;;;;;;;;;;;;;;;;Actuellement partie de la rue de la Chine.;;;;;;;;;
;7070;rue;du;Château Lafitte;RUE DU CHATEAU LAFITTE;rue du Château Lafitte;12e;;;;Bercy;;;;;;;;;;;Supprimée. Voie située dans les entrepôts de Bercy.;;;;;Un des grands crus du Médoc;;;;
;5749;rue;des;Filles Repenties;RUE DES FILLES REPENTIES;rue des Filles Repenties;;;;;;;;;;;;;;;;Ou Filles Pénitentes. Voir : Filles Pénitentes (rue des).;;;;;;;;;
;5762;rue;aux;Fèvres;RUE AUX FEVRES;rue aux Fèvres;;;;;;;;;;;;;;;;Actuellement partie de la rue Berger.;;;;;;;;;
;5764;rue;du;Feurre;RUE DU FEURRE;rue du Feurre;;;;;;;;;;;;;;;;Actuellement rue du Fouarre.;;;;;;;;;
;6436;rue;au;Cuens de Pontis;RUE AU CUENS DE PONTIS;rue au Cuens de Pontis;;;;;;;;;;;;;;;;Voir : Fossés Saint-Germain l'Auxerrois (rue des).;;;;;;;;;
;4461;passage;;Lemaraisquier;PASSAGE LEMARAISQUIER;passage Lemaraisquier;;;1897-12-31;;;;;;;rue du Ruisseau, 59.;;;;;;Supprimé en 1897. Il était situé rue du Ruisseau, 59.;;;;;;;;;
;4471;passage;;Lée;PASSAGE LEE;passage Lée;;;;;;;;;;;;;;;;Actuellement partie de la rue des Maraîchers.;;;;;;;;;
;4511;rue;de la;Larderie;RUE DE LA LARDERIE;rue de la Larderie;;;;;;;;;;;;;;;;Voir : Pierre à Poisson (rue).;;;;;;;;;
;4412;rue;de la;Liberté;RUE DE LA LIBERTE;rue de la Liberté;;;;;;;;;;;;;;;;Actuellement partie de la rue Monsieur le Prince.;;;;;;;;;
;4414;place;de la;Liberté;PLACE DE LA LIBERTE;place de la Liberté;;;;;;;;;;;;;;;;Voir : Oratoire (place de l').;;;;;;;;;
;4322;quai;des;Lunettes;QUAI DES LUNETTES;quai des Lunettes;;;;;;;;;;;;;;;;Actuellement quai de l'Horloge.;;;;;;;;;
;4334;grant rue ou rue;du;Louvre;GRANT RUE OU RUE DU LOUVRE;grant rue ou rue du Louvre;;;;;;;;;;;;;;;;Voir : Orties du Louvre (rue des).;;;;;;;;;
;4370;passage;de la;Longue Allée;PASSAGE DE LA LONGUE ALLEE;passage de la Longue Allée;;;;;;;;;;;;;;;;Actuellement pas. Lemoine.;;;;;;;;;
;4388;ruelle;du;Lion Pugnais;RUELLE DU LION PUGNAIS;ruelle du Lion Pugnais;;;;;;;;;;;;;;;;"Supprimé. Elle était située dans la rue de la Bûcherie et conduisait à la rivière. On l'appelait ainsi en 1490 ; en 1508 on disait ruelle du Trou Punais.";;;;;;;;;
;4389;rue;du;Lion d'Or;RUE DU LION D'OR;rue du Lion d'Or;;;;;;;;;;;;;;;;Voir : Petit Lion Saint-Sauveur (rue du).;;;;;;;;;
;4392;rue;;Lingarière;RUE LINGARIERE;rue Lingarière;;;;;;;;;;;;;;;;Partie Supprimé. de la rue de Venise.;;;;;;;;;
;7662;quai;de;Bourbon;QUAI DE BOURBON;quai de Bourbon;;;;;;;;;;;;;;;;Actuellement partie du quai du Louvre.;;;;;;;;;
;7674;avenue;de;Boulogne;AVENUE DE BOULOGNE;avenue de Boulogne;;;;;;;;;;;;;;;;Actuellement avenue Ingres.;;;;;;;;;
;7709;rue;de la;Boucherie;RUE DE LA BOUCHERIE;rue de la Boucherie;;;;;;;;;;;;;;;;Actuellement rue de la Bûcherie.;;;;;;;;;
;7721;impasse;des;Bossettes;IMPASSE DES BOSSETTES;impasse des Bossettes;;;;;;;;;;;;;;;;Supprimé. en 1942. Elle était située av. Boutroux.;;;;;;;;;
;7722;ruelle;des;Bosquets;RUELLE DES BOSQUETS;ruelle des Bosquets;;;;;;;;;;;;;;;;Actuellement partie de la rue des Maraîchers.;;;;;;;;;
;8337;rue;;Aumaire;RUE AUMAIRE;rue Aumaire;03e;;;;Arts et Metiers;;;;;;;;;;;Ou Aumair. Actuellement rue au Maire.;;;;;;;;;
;7747;rue;de la;Bonneterie;RUE DE LA BONNETERIE;rue de la Bonneterie;;;;;;;;;;;;;;;;Voir : Tonnellerie (rue de la).;;;;;;;;;
;7117;passage;;Charrière;PASSAGE CHARRIERE;passage Charrière;11e;;;;Sainte-Marguerite;;;;;;;;;;;Actuellement rue Charrière.;;;;;;;;;
;7129;cour;;Charost;COUR CHAROST;cour Charost;;;;;;;;;;;;;;;;Supprimé. par l'ouverture de la rue Bachaumont. Elle était située rue Montmartre, 70.;;;;;;;;;
;7144;rue;;Charles Henri;RUE CHARLES HENRI;rue Charles Henri;;;;;;;;;;;;;;;;Actuellement rue Dejean.;;;;;;;;;
;5124;rue;;Guillaume Bourdon;RUE GUILLAUME BOURDON;rue Guillaume Bourdon;;;;;;;;;;;;;;;;Actuellement partie de la rue des Bourdonnais.;;;;;;;;;
;5777;rue;;Ferron;RUE FERRON;rue Ferron;;;;;;;;;;;;;;;;Actuellement rues Férou et Henry de Jouvenel.;;;;;;;;;
;5802;rue;du;Fer à Cheval;RUE DU FER A CHEVAL;rue du Fer à Cheval;;;;;;;;;;;;;;;;Actuellement partie de la rue Servandoni.;;;;;;;;;
;6470;chemin;de la;Croix de Vaugirard;CHEMIN DE LA CROIX DE VAUGIRARD;chemin de la Croix de Vaugirard;;;;;;;;;;;;;;;;Voir : Chasse Midi (rue du).;;;;;;;;;
;6511;barrière;de la;Courtille;BARRIERE DE LA COURTILLE;barrière de la Courtille;;;;;;;;;;;;;;;;Voir : Belleville (barrière de).;;;;;;;;;
;7170;chemin;des;Charbonniers;CHEMIN DES CHARBONNIERS;chemin des Charbonniers;;;;;;;;;;;;;;;;Actuellement rue Saint-Dominique.;;;;;;;;;
;7174;rue;du;Charbonnier;RUE DU CHARBONNIER;rue du Charbonnier;;;;;;;;;;;;;;;;Voir : Charbonniers (rue des).;;;;;;;;;
;5832;rue;du;Faubourg Saint-Marceau;RUE DU FAUBOURG SAINT-MARCEAU;rue du Faubourg Saint-Marceau;;;;;;;;;;;;;;;;Actuellement rue Mouffetard.;;;;;;;;;
;5852;rue;o;Fain;RUE O FAIN;rue o Fain;;;;;;;;;;;;;;;;Voir : Foin Saint-Jacques (rue du).;;;;;;;;;
;6528;rue;de la;Courdouanerie;RUE DE LA COURDOUANERIE;rue de la Courdouanerie;;;;;;;;;;;;;;;;Voir : Cordonnerie (rue de la).;;;;;;;;;
;6532;chemin;de;Courcelles;CHEMIN DE COURCELLES;chemin de Courcelles;;;;;;;;;;;;;;;;Actuellement partie de la rue de Courcelles.;;;;;;;;;
;6551;passage;de la;Cour Batave;PASSAGE DE LA COUR BATAVE;passage de la Cour Batave;;;;;;;;;;;;;;;;Voir : Batave (cour).;;;;;;;;;
;5207;cul-de-sac;de;Grenelle;CUL-DE-SAC DE GRENELLE;cul-de-sac de Grenelle;;;;;;;;;;;;;;;;Supprimé par l'ouverture du boulevard de La Tour-Maubourg. Il débouchait rue de Grenelle sur l'emplacement du boulevard de la Tour-Maubourg.;;;;;;;;;
;5251;rue;;Grand Saint-Christophe;RUE GRAND SAINT-CHRISTOPHE;rue Grand Saint-Christophe;;;;;;;;;;;;;;;;Voir : Saint-Christophe (rue).;;;;;;;;;
;6560;cul-de-sac;;Coupe Gorge;CUL-DE-SAC COUPE GORGE;cul-de-sac Coupe Gorge;;;;;;;;;;;;;;;;Voir : Corderies (cul-de-sac des).;;;;;;;;;
19;6572;rue;des;Coucous;RUE DES COUCOUS;rue des Coucous;12e;1877-02-01;1885-12-03;;Bel-Air;;;;;;;;;;;Dénommée rue du Colonel Oudot par arrêté préfectoral du 10 novembre 1885 approuvé par décret présidentiel du 3 décembre 1885;Arrêté préfectoral du 1er février 1877. Précédemment chemin des Coucous;;;;;;;;
;5283;chemin;de la;Goutte;CHEMIN DE LA GOUTTE;chemin de la Goutte;;;;;;;;;;;;;;;;Supprimé. Il commençait rue de la Villette, finissait rue Compans.;;;;;;;;;
;5904;barrière;de l';Étoile;BARRIERE DE L'ETOILE;barrière de l'Étoile;;;;;;;;;;;;;;;;Supprimée. Elle était située place de l'Etoile (Actuellement place Charles de Gaulle). Elle a porté le nom de Neuilly.;;;;;;;;;
;6614;porte;des;Cordeliers;PORTE DES CORDELIERS;porte des Cordeliers;;;;;;;;;;;;;;;;Voir : Saint-Germain (porte).;;;;;;;;;
;6631;rue;;Coquerée;RUE COQUEREE;rue Coquerée;;;;;;;;;;;;;;;;Voir : Coquerelle (imp.).;;;;;;;;;
;4646;rue;de la;Juërie;RUE DE LA JUERIE;rue de la Juërie;;;;;;;;;;;;;;;;Voir : Juiverie (rue de la).;;;;;;;;;
;5321;rue;;Gist le Coeur;RUE GIST LE COEUR;rue Gist le Coeur;;;;;;;;;;;;;;;;Ou Gilles le Queux. Actuellement rue Gît-le-Coeur.;;;;;;;;;
;5329;rue;;Gilles le Coeur;RUE GILLES LE COEUR;rue Gilles le Coeur;;;;;;;;;;;;;;;;Ou Gilles le Queux. Actuellement rue Gît-le-Coeur.;;;;;;;;;
;6667;impasse;;Constance;IMPASSE CONSTANCE;impasse Constance;;;;;;;;;;;;;;;;Actuellement imp. Marie Blanche.;;;;;;;;;
;6675;ruelle;de la;Confrérie;RUELLE DE LA CONFRERIE;ruelle de la Confrérie;;;;;;;;;;;;;;;;Supprimé. Elle était située dans l'île de la Cité et aboutissait à la rue des Deux Ermites (anciennement rue de la Confrérie Notre-Dame).;;;;;;;;;
;4685;rue;;Jetty;RUE JETTY;rue Jetty;;;;;;;;;;;;;;;;Voir : Maure (rue du).;;;;;;;;;
;5347;rue;;Gervais Laurent;RUE GERVAIS LAURENT;rue Gervais Laurent;;;;;;;;;;;;;;;;Supprimée par l'ouverture du boul. du Palais. Elle commençait rue de la Lanterne (Supprimé.) et finissait rue de la Vieille Draperie (Supprimé.). En 1248, c'était la rue Gervais Loorand ou Leorens. En 1300, rue Gervese Lorens.;;;;;;;;;
;4716;rue;;Jean Vigne;RUE JEAN VIGNE;rue Jean Vigne;;;;;;;;;;;;;;;;Voir : Réale (rue de la).;;;;;;;;;
;4721;rue;;Jean Saint-Denis;RUE JEAN SAINT-DENIS;rue Jean Saint-Denis;;;;;;;;;;;;;;;;Voir : Pierre Lescot (rue).;;;;;;;;;
;4729;rue;;Jean Mesnard;RUE JEAN MESNARD;rue Jean Mesnard;;;;;;;;;;;;;;;;Ou Jean Molé. Actuellement partie de la rue Larrey.;;;;;;;;;
;6038;ruelle;de l';Égout Saint-Nicolas;RUELLE DE L'EGOUT SAINT-NICOLAS;ruelle de l'Égout Saint-Nicolas;;;;;;;;;;;;;;;;Ou Egout. Voir : Egout (ruelle de l').;;;;;;;;;
;6733;quai;du;Colonel Morland;QUAI DU COLONEL MORLAND;quai du Colonel Morland;;;;;;;;;;;;;;;;Actuellement boulevard Morland.;;;;;;;;;
20;6736;avenue;du;Colonel Dominé;AVENUE DU COLONEL DOMINE;avenue du Colonel Dominé;12e;1939-08-16;;;Bel-Air;;;;;;;;;;;Supprimé. Commençait av. de la Porte de Vincennes et finissait rue du Chaffault.;Arrêté préfectoral du 16 août 1939;;;;Colonel Dominé (1848-1921), officier français. Il participa aux combats de la Loire au cours de la guerre de 1870, à la conquête du Tonkin où il s'illustra par son héroïsme lors du siège de Tuyen-Quang (1885). Il reprit les armes à 66 ans pendant la guerre 1914-1918.;;;;
;6741;place;de la;Collégiale;PLACE DE LA COLLEGIALE;place de la Collégiale;;;;;;;;;;;;;;;;Supprimée par l'ouverture du boulevard Saint-Marcel. Elle commençait rue des Francs Bourgeois Saint-Marcel et finissait rue Pierre Lombard (Supprimée). Elle avait porté autrefois le nom de place ou cloître Saint-Marcel. Le cloître Saint-Marcel, supprimé en 1805, était situé entre les églises Saint-Martin et Saint-Marcel (démolies).;;;;;;;;;
19;6748;rue;;Coligny;RUE COLIGNY;rue Coligny;04e;1844-08-05;1945-10-12;;Arsenal;;88;12;;quai Henri IV, 12;boulevard Morland, 11;8;5;Ordonnance du 30 juin 1847;;Supprimée en 1945. Elle se situait entre le quai Henri IV et le boulevard Morland.;Ordonnance du 5 août 1844;;;;"L'amiral Gaspard de Coligny tué pendant les massacres de la Saint-Barthélemy (1517-1572) ; voisinage de l'ancien arsenal.";Arrêté préfectoral du 12 octobre 1945.;;;Ordonnance du 30 juin 1847
;6755;rue;de la;Coifferie;RUE DE LA COIFFERIE;rue de la Coifferie;;;;;;;;;;;;;;;;Ou Coiffeurs (rue aux). Actuellement rue de la Coutellerie.;;;;;;;;;
;6762;cul-de-sac;du;Cochon;CUL-DE-SAC DU COCHON;cul-de-sac du Cochon;;;;;;;;;;;;;;;;Voir : Jardin du Roi (cul-de-sac ou rue du).;;;;;;;;;
;5407;chemin;du;Gars;CHEMIN DU GARS;chemin du Gars;;;;;;;;;;;;;;;;Ou Gors. Voir : Gors (chemin du).;;;;;;;;;
;5408;rue;de la;Garonne;RUE DE LA GARONNE;rue de la Garonne;;;;;;;;;;;;;;;;Voir : Vieille de la Garonne (rue).;;;;;;;;;
;5418;rue;de la;Garenne;RUE DE LA GARENNE;rue de la Garenne;;;;;;;;;;;;;;;;Actuellement rue de Varenne.;;;;;;;;;
;6783;passage;du;Clos Payen;PASSAGE DU CLOS PAYEN;passage du Clos Payen;;;;;;;;;;;;;;;;Supprimé. Il conduisait de la rue du Champ de l'Alouette au boul. Auguste Blanqui.;;;;;;;;;
;6792;rue;du;Clos Brunel;RUE DU CLOS BRUNEL;rue du Clos Brunel;;;;;;;;;;;;;;;;Ou Clos Bruneau (rue du). Actuellement rue Jean de Beauvais.;;;;;;;;;
;4802;pont;du;Jardin des Plantes;PONT DU JARDIN DES PLANTES;pont du Jardin des Plantes;;;;;;;;;;;;;;;;Actuellement pont d'Austerlitz.;;;;;;;;;
;5456;rue;des;Galeries du Louvre;RUE DES GALERIES DU LOUVRE;rue des Galeries du Louvre;;;;;;;;;;;;;;;;Voir : Galeries (rue des).;;;;;;;;;
;6101;rue;des;Écoliers;RUE DES ECOLIERS;rue des Écoliers;;;;;;;;;;;;;;;;Ou Ecoles. Voir : Ecoles (rue des).;;;;;;;;;
;6831;chemin;de;Clichy;CHEMIN DE CLICHY;chemin de Clichy;;;;;;;;;;;;;;;;Actuellement partie de la rue Saint-Honoré.;;;;;;;;;
;6840;rue;de la;Clé;RUE DE LA CLE;rue de la Clé;;;;;;;;;;;;;;;;Actuellement partie de la rue de la Clef.;;;;;;;;;
20;5489;rue;;Furetière;RUE FURETIERE;rue Furetière;12e;1933-05-10;;;Bel-Air;;;;;;;;;;;"Supprimé. Commençait boul. de la Guyane ; finissait av. Armand Rousseau et av. du Général Messimy. Précédemment, voie Verte, située autrefois sur le territoire de Saint-Mandé annexé à Paris par décret du 18 avril 1929.";Arrêté préfectoral du 10 mai 1933.;;;;;;;;
;5497;rue;des;Frondeurs;RUE DES FRONDEURS;rue des Frondeurs;;;;;;;;;;;;;;;;Supprimée par le prolongement de la rue de l'Echelle. Elle commençait rue Saint-Honoré et finissait rue de l'Anglade (supprimée).;;;;;;;;;
;5503;rue;;Froitmantel;RUE FROITMANTEL;rue Froitmantel;;;;;;;;;;;;;;;;Voir : Fromentel (rue).;;;;;;;;;
;5508;rue;;Froid Mantyeau;RUE FROID MANTYEAU;rue Froid Mantyeau;;;;;;;;;;;;;;;;Ou Froidmanteau. Voir : Froidmanteau (rue).;;;;;;;;;
;5511;rue;;Fripilon;RUE FRIPILON;rue Fripilon;;;;;;;;;;;;;;;;Voir : Frépillon (rue).;;;;;;;;;
;6171;passage;;Duclos;PASSAGE DUCLOS;passage Duclos;;;;;;;;;;;;;;;;"Supprimé par l'agrandissement du chemin de fer de l'Etat ; il débouchait boulevard Lefebvre, 191, et petite rue de Paris (Supprimé.).";;;;;;;;;
;5594;grant rue;du;Four;GRANT RUE DU FOUR;grant rue du Four;;;;;;;;;;;;;;;;Actuellement partie de la rue du Four.;;;;;;;;;
20;10048;quai;de la;Corse;QUAI DE LA CORSE;quai de la Corse;04e;1929-03-02;2023-11-17;;Notre-Dame;;280;15;91B3,91A4;rue d'Arcole, quai aux Fleurs et pont d'Arcole.;boulevard du Palais, quai de l'Horloge et pont au Change.;;25;Non retenus au POS et non repris au PLU : Décret du 22 mai 1865 (UP), au droit du Tribunal de Commerce. Arrêté du 22 mai 1962, sur une longueur de 8 m avant le Tribunal de Commerce.;;"Dénommé quai de la Corse - Pasquale Paoli par délibération municipale des 14, 15, 16 et 17 novembre 2023. La partie A s'est appelée successivement : quai Napoléon (1808), quai de la Cité (1816), quai Napoléon (1834), quai aux Fleurs (de 1879 à 1929). La partie B a été dénommée quai Desaix (1800), puis quai de la Cité (de 1873 à 1929).";Arrêté du 2 mars 1929.;;;;Province française.;;;;Arrêté du Pouvoir exécutif du 29 vendémiaire an XII, entre la rue d'Arcole et la rue de la Cité (A). Construit en vertu de lettres patentes du 22 avril 1769, entre la rue de la Cité et le boulevard du Palais (B).
;821;rue;;Trop Va Qui Dure;RUE TROP VA QUI DURE;rue Trop Va Qui Dure;;;;;;;;;;;;;;;;Voir : Descente de la Vallée de Misère (rue de la).;;;;;;;;;
;857;barrière;des;Trois Couronnes;BARRIERE DES TROIS COURONNES;barrière des Trois Couronnes;11e;;;;Folie-Méricourt;;;;;;;;;;;Supprimé. Elle était située sur le boul. de Belleville, devant la rue des Trois Couronnes.;;;;;Barrière d'octroi de l'enceinte des Fermiers généraux.;;;;
;867;rue;;Trognon;RUE TROGNON;rue Trognon;;;;;;;;;;;;;;;;Supprimée par l'ouverture du boul. de Sébastopol. Elle commençait rue d'Avignon (Supprimé.) et finissait rue de la Heaumerie (Supprimé.). Elle s'est appelée rue Jehan le Comte - cour Pierre la Pie - rue Jean Fraillon - rue Trognon, Tronion et Truvignon - rue de la Galerie.;;;;;;;;;
;653;rue;du;Verger;RUE DU VERGER;rue du Verger;;;;;;;;;;;;;;;;Actuellement partie de la rue Bonaparte.;;;;;;;;;
;676;cour;;Veissière;COUR VEISSIERE;cour Veissière;11e;;;;Roquette;;;;;;;;;;;Supprimé. Elle était située pas. Thiéré.;;;;;;;;;
;695;rue;;Vaudoyer;RUE VAUDOYER;rue Vaudoyer;;;;;;;;;;;;;;;;Actuellement rue de Sfax.;;;;;;;;;
;696;passage;du;Vaudeville;PASSAGE DU VAUDEVILLE;passage du Vaudeville;;;;;;;;;;;;;;;;Supprimé. par l'agrandissement du Louvre. Il conduisait de la rue Saint-Thomas du Louvre (Supprimé.) à la rue de Chartres (Supprimé.) et servait d'entrée au théâtre du Vaudeville (démoli).;;;;;;;;;
;961;rue;;Tourigny;RUE TOURIGNY;rue Tourigny;;;;;;;;;;;;;;;;Actuellement rue de la Perle.;;;;;;;;;
;996;viez;;Tisseranderie;VIEZ TISSERANDERIE;viez Tisseranderie;;;;;;;;;;;;;;;;Voir : Tixeranderie (rue de la).;;;;;;;;;
;1006;cour;des;Tilleuls;COUR DES TILLEULS;cour des Tilleuls;12e;;;;Bercy;;;;;;;;;;;Denevue partie de la cour de Barsac (Supprimée, elle était dans les entrepôts de Bercy).;;;;;;;;;
;1027;rue;;Thibaut Todé;RUE THIBAUT TODE;rue Thibaut Todé;;;;;;;;;;;;;;;;Actuellement partie de la rue des Bourdonnais.;;;;;;;;;
;1028;rue;;Thibaut Ausdet;RUE THIBAUT AUSDET;rue Thibaut Ausdet;;;;;;;;;;;;;;;;Actuellement partie de la rue des Bourdonnais.;;;;;;;;;
;1084;rue ou vieille rue;du;Temple;RUE OU VIEILLE RUE DU TEMPLE;rue ou vieille rue du Temple;;;;;;;;;;;;;;;;Actuellement rue Vieille du Temple.;;;;;;;;;
;1112;passage;;Tahan;PASSAGE TAHAN;passage Tahan;;;;;;;;;;;;;;;;Supprimé. Il allait de la rue Camille Tahan à la rue Ganneron.;;;;;;;;;
;1146;ruelle;de;Sourdis;RUELLE DE SOURDIS;ruelle de Sourdis;;;;;;;;;;;;;;;;Voir : Sourdis (cul-de-sac de) et Courbaton (Imp.). Précédemment rue Chardeporc.;;;;;;;;;
;1197;rue;de la;Serpente;RUE DE LA SERPENTE;rue de la Serpente;;;;;;;;;;;;;;;;Voir : Perrin Gasselin (rue) et Chevalier du Guet (rue du).;;;;;;;;;
;1379;porte;;Sainte-Geneviève;PORTE SAINTE-GENEVIEVE;porte Sainte-Geneviève;;;;;;;;;;;;;;;;Voir : Papale (porte).;;;;;;;;;
;1538;cul-de-sac;;Saint-Nicolas;CUL-DE-SAC SAINT-NICOLAS;cul-de-sac Saint-Nicolas;;;;;;;;;;;;;;;;Supprimé par l'ouverture de la rue Réaumur. Il était situé rue Royale (englobée par la rue Réaumur à l'opposite du cul-de-sac Saint-Martin [Supprimé.]).;;;;;;;;;
;1539;cul-de-sac;;Saint-Nicolas;CUL-DE-SAC SAINT-NICOLAS;cul-de-sac Saint-Nicolas;;;;;;;;;;;;;;;;Voir : Saint-Martin (cul-de-sac).;;;;;;;;;
;1410;rue;;Sainte-Catherine;RUE SAINTE-CATHERINE;rue Sainte-Catherine;;;;;;;;;;;;;;;;Supprimée. Elle conduisait à la porte Saint-Antoine.;;;;;;;;;
;1448;place;;Saint-Vannes;PLACE SAINT-VANNES;place Saint-Vannes;;;1817-12-31;;;;;;;;;;;;;Supprimée en 1817, par l'ouverture de la rue Conté. Elle était située à l'extrémité de la rue Saint-Vannes (Supprimé.), près de l'ancien marché Saint-Martin.;;;;;;;;;
;1505;chemin qui va;de;Saint-Père à la Maladrerie;CHEMIN QUI VA DE SAINT-PERE A LA MALADRERIE;chemin qui va de Saint-Père à la Maladrerie;;;;;;;;;;;;;;;;Actuellement partie de la rue Saint-Guillaume.;;;;;;;;;
;1263;couloir;;Saulnier-Duchesne;COULOIR SAULNIER-DUCHESNE;couloir Saulnier-Duchesne;12e;;;;Bercy;;;;;;;;;;;Supprimée. Voie située dans les entrepôts de Bercy.;;;;;M. Saulnier-Duchesne, négociant en vins.;;;;
;1332;cul-de-sac;;Sainte-Marine;CUL-DE-SAC SAINTE-MARINE;cul-de-sac Sainte-Marine;;;;;;;;;;;;;;;;Voir : Sainte-Marine (imp.).;;;;;;;;;
;1340;ruelle;;Sainte-Marie;RUELLE SAINTE-MARIE;ruelle Sainte-Marie;;;;;;;;;;;;;;;;Supprimé. Elle prolongeait la rue des Batailles (Supprimé.) et formait retour d'équerre pour aboutir quai Debilly (Actuellement av. de New York).;;;;;;;;;
;1828;ruelle;;Saint-Bon;RUELLE SAINT-BON;ruelle Saint-Bon;;;;;;;;;;;;;;;;Actuellement partie de la rue Pernelle.;;;;;;;;;
;1837;rue;;Saint-Benoît;RUE SAINT-BENOIT;rue Saint-Benoît;03e;;1851-03-11;;Arts et Metiers;;;;;;;;;;;Dénommée partie de la rue Saint-Marcoul (supprimée) par arrêté préfectoral du 11 mars 1851.;;;;;;;;;
;1592;cul-de-sac;;Saint-Magloire;CUL-DE-SAC SAINT-MAGLOIRE;cul-de-sac Saint-Magloire;;;;;;;;;;;;;;;;Voir : Salle au Comte (rue).;;;;;;;;;
;1596;cul-de-sac;;Saint-Louis au Louvre;CUL-DE-SAC SAINT-LOUIS AU LOUVRE;cul-de-sac Saint-Louis au Louvre;;;1849-12-31;;;;;;;;;;;;;Supprimé vers 1849. Il était situé entre les rues Saint-Thomas du Louvre (Supprimé.) et Fromenteau (Supprimé.).;;;;;;;;;
;1607;poterne;;Saint-Louis;POTERNE SAINT-LOUIS;poterne Saint-Louis;;;;;;;;;;;;;;;;Voir : Pont aux Choux (poterne du).;;;;;;;;;
;1615;impasse;;Saint-Louis;IMPASSE SAINT-LOUIS;impasse Saint-Louis;;;;;;;;;;;;;;;;Actuellement partie de la rue Alibert.;;;;;;;;;
;1623;cour;;Saint-Leu;COUR SAINT-LEU;cour Saint-Leu;;;;;;;;;;;;;;;;Voir : Salle au Comte (rue).;;;;;;;;;
;1624;ruelle;;Saint-Lazare;RUELLE SAINT-LAZARE;ruelle Saint-Lazare;;;;;;;;;;;;;;;;Supprimée. Elle était située rue du Faubourg Saint-Denis, au droit de la rue de Dunkerque. Actuellement la partie restante est partie de la rue de Dunkerque.;;;;;;;;;
;1650;cloître;;Saint-Jean en Grève;CLOITRE SAINT-JEAN EN GREVE;cloître Saint-Jean en Grève;;;1837-12-31;;;;;;;;;;;;;Supprimé vers 1837 par l'agrandissement de l'Hôtel de Ville. Il était devant l'église Saint-Jean (démolie), entre les rues du Tourniquet et du Pet au Diable (supprimées).;;;;;;;;;
;1672;passage;;Saint-Jacques de l'Hôpital;PASSAGE SAINT-JACQUES DE L'HOPITAL;passage Saint-Jacques de l'Hôpital;;;;;;;;;;;;;;;;Actuellement partie de la rue Pierre Lescot entre les rues Turbigo et du Cygnes. Il allait à l'origine jusqu'à la rue Mauconseil.;;;;;;;;;
;1713;rue;;Saint-Gervais;RUE SAINT-GERVAIS;rue Saint-Gervais;04e;;;;Saint-Gervais;;;;;;;;;;;Actuellement partie de la rue François Miron.;;;;;;;;;
;2173;rue;;René Lobjeois;RUE RENE LOBJEOIS;rue René Lobjeois;;;;;;;;;;;;;;;;Actuellement rue Joseph Granier.;;;;;;;;;
;2195;rue;du;Rempart;RUE DU REMPART;rue du Rempart;;;;;;;;;;;;;;;;Voir : Saint-Sauveur (imp.).;;;;;;;;;
;2079;impasse;;Robine;IMPASSE ROBINE;impasse Robine;;;;;;;;;;;;;;;;Actuellement partie de la rue Roli.;;;;;;;;;
;2087;voie;;Robert;VOIE ROBERT;voie Robert;;;;;;;;;;;;;;;;Actuellement rue des Suisses.;;;;;;;;;
;2122;passage;;Richard Tesson;PASSAGE RICHARD TESSON;passage Richard Tesson;;;;;;;;;;;;;;;;Actuellement rue Tesson.;;;;;;;;;
;1910;cul-de-sac;de la;Rue Neuve Saint-Merri;CUL-DE-SAC DE LA RUE NEUVE SAINT-MERRI;cul-de-sac de la Rue Neuve Saint-Merri;;;;;;;;;;;;;;;;Actuellement impasse du Boeuf.;;;;;;;;;
;1917;rue;;Royale Saint-Honoré;RUE ROYALE SAINT-HONORE;rue Royale Saint-Honoré;;;;;;;;;;;;;;;;Actuellement rue Royale.;;;;;;;;;
;1942;route;;Nationale N° 20;ROUTE NATIONALE N? 20;route Nationale N° 20;;;;;;;;;;;;;;;;Actuellement av. du Général Leclerc et av. de la Porte d'Orléans.;;;;;;;;;
;1975;route;;Départementale N° 3;ROUTE DEPARTEMENTALE N? 3;route Départementale N° 3;;;;;;;;;;;;;;;;Actuellement partie du boulevard Malesherbes.;;;;;;;;;
;1983;route;;Départementale N° 25;ROUTE DEPARTEMENTALE N? 25;route Départementale N° 25;;;;;;;;;;;;;;;;Actuellement partie de l'av. de la Porte de Choisy.;;;;;;;;;
;1996;route;;Départementale N° 17;ROUTE DEPARTEMENTALE N? 17;route Départementale N° 17;;;;;;;;;;;;;;;;Actuellement partie de l'av. de la Porte de Clichy.;;;;;;;;;
;2452;cul-de-sac;des;Poulies Saint-Paul;CUL-DE-SAC DES POULIES SAINT-PAUL;cul-de-sac des Poulies Saint-Paul;;;;;;;;;;;;;;;;Voir : Putigno (cul-de-sac).;;;;;;;;;
;2468;rue;de la;Poterne;RUE DE LA POTERNE;rue de la Poterne;;;;;;;;;;;;;;;;Voir : Maure (rue du).;;;;;;;;;
;2478;chemin;des;Potences;CHEMIN DES POTENCES;chemin des Potences;;;;;;;;;;;;;;;;Actuellement rue Philippe de Girard.;;;;;;;;;
;2215;vicus;;Reginaldi Citharatoris;VICUS REGINALDI CITHARATORIS;vicus Reginaldi Citharatoris;;;;;;;;;;;;;;;;Actuellement partie de la rue de la Harpe.;;;;;;;;;
;2257;cul-de-sac;;Raoul de Charonne;CUL-DE-SAC RAOUL DE CHARONNE;cul-de-sac Raoul de Charonne;;;;;;;;;;;;;;;;Voir : Provençaux (imp. des).;;;;;;;;;
;2274;passage;de la;Raffinerie;PASSAGE DE LA RAFFINERIE;passage de la Raffinerie;;;;;;;;;;;;;;;;Voir : Genty (pas.).;;;;;;;;;
19;2277;impasse;du;Rabot;IMPASSE DU RABOT;impasse du Rabot;12e;1877-02-01;1985-04-22;;Quinze-Vingts;;24;13;;rue de Charenton, 8.;en impasse;;;Ordonnance du 1er juin 1828;;"Supprimée. Précédemment impasse de la Planchette. Cette impasse était une partie de l'ancienne rue de la Planchette. La rue de la Planchette avait été percée en 1650 et ses alignements avaient été fixés par une décision ministérielle du 3 thermidor an IX ; elle s'étendait entre la rue des Terres-Fortes (actuellement rue Lacuée) et la rue de Charenton ; un troncçon supprimé lors de la mise à l'alignement du boulevard de la Bastille a été remplacé par la rue Biscornet et un autre tronçon a été absorbé par le chemin de fer de Vincennes. Cette voie été désaffectée en 1972.";Arrêté du 1er février 1877.;;;;Cette voie était occupée par des menuisiers.;Arrêté municipal du 22 avril 1985.;;;
;2318;ruelle;du;Quassay;RUELLE DU QUASSAY;ruelle du Quassay;;;;;;;;;;;;;;;;Ou Quassy. Voir : Beurrière (rue).;;;;;;;;;
;2336;rue;;Pute y Muce;RUE PUTE Y MUCE;rue Pute y Muce;;;;;;;;;;;;;;;;Actuellement rue du Petit Musc.;;;;;;;;;
;2342;rue;du;Puits de l'Orme;RUE DU PUITS DE L'ORME;rue du Puits de l'Orme;;;;;;;;;;;;;;;;Voir : Sansonnets (rue des).;;;;;;;;;
;2389;passage;du;Prix Fixe;PASSAGE DU PRIX FIXE;passage du Prix Fixe;;;;;;;;;;;;;;;;Supprimé. Il conduisait de la rue de Richelieu à la rue de Montpensier.;;;;;;;;;
;2406;rue;des;Prévoires;RUE DES PREVOIRES;rue des Prévoires;;;;;;;;;;;;;;;;Ou Preuvoires. Actuellement rue des Prouvaires.;;;;;;;;;
;2438;rue;de la;Prairie;RUE DE LA PRAIRIE;rue de la Prairie;;;;;;;;;;;;;;;;Actuellement rue Félicien David.;;;;;;;;;
;2620;chemin, puis rue;des;Poissonnières;CHEMIN, PUIS RUE DES POISSONNIERES;chemin, puis rue des Poissonnières;;;;;;;;;;;;;;;;Actuellement rue Poissonnière.;;;;;;;;;
;2772;rue;;Picpuce;RUE PICPUCE;rue Picpuce;;;;;;;;;;;;;;;;Voir : Picquepusse (ruelle de).;;;;;;;;;
;2786;porte;;Philippe Hamelin;PORTE PHILIPPE HAMELIN;porte Philippe Hamelin;;;;;;;;;;;;;;;;Voir : Nesle (porte de).;;;;;;;;;
;2793;rue;;Phélipeaux;RUE PHELIPEAUX;rue Phélipeaux;;;;;;;;;;;;;;;;"Supprimée par l'ouverture de la rue Réaumur. Elle était située entre les rues du Temple et Volta. Son premier nom est Frépaut (1397), qui est successivement devenu, au XVe siècle, Frapault ; en 1560, Fripaux et Frépaux ; au XVIIe siècle, Phélipot ; au XVIIIe, Philipot ; et enfin Phélipeaux.";;;;;;;;;
;2658;rue;du;Plessis;RUE DU PLESSIS;rue du Plessis;;;;;;;;;;;;;;;;Actuellement partie de la rue Saint-Guillaume.;;;;;;;;;
;2662;rue;de la;Plâtrière;RUE DE LA PLATRIERE;rue de la Plâtrière;;;;;;;;;;;;;;;;Actuellement partie de la rue Serpente.;;;;;;;;;
;2671;rue;au;Plâtre;RUE AU PLATRE;rue au Plâtre;;;;;;;;;;;;;;;;Actuellement rue du Plâtre.;;;;;;;;;
;2688;rue;de la;Planchette;RUE DE LA PLANCHETTE;rue de la Planchette;12e;;;;Quinze-Vingts;;;;;;;;;;;Devenue impasse de la Planchette puis impasse du Rabot (arrêté du 1er février 1877).;;;;;;;;;
;2690;petite rue;de la;Planchette;PETITE RUE DE LA PLANCHETTE;petite rue de la Planchette;12e;;1864-08-24;;Quinze-Vingts;;;;;;;;;;;Dénommée rue Biscornet par décret impérial du 24 août 1864.;;;;;;;;;
;2716;rue;;Pirouet en Tiroye;RUE PIROUET EN TIROYE;rue Pirouet en Tiroye;;;;;;;;;;;;;;;;Voir : Pirouette (rue).;;;;;;;;;
;2719;ruelle;de;Piquepus;RUELLE DE PIQUEPUS;ruelle de Piquepus;;;;;;;;;;;;;;;;Voir : Picquepusse (ruelle de).;;;;;;;;;
;2720;rue;;Piquepus;RUE PIQUEPUS;rue Piquepus;;;;;;;;;;;;;;;;Actuellement rue de Picpus.;;;;;;;;;
;2532;rue;de la;Porte Barbette;RUE DE LA PORTE BARBETTE;rue de la Porte Barbette;;;;;;;;;;;;;;;;Actuellement rue Vieille du Temple.;;;;;;;;;
;2535;rue;de la;Porte au Comte d'Artois;RUE DE LA PORTE AU COMTE D'ARTOIS;rue de la Porte au Comte d'Artois;;;;;;;;;;;;;;;;Ou Porte à la Comtesse d'Artois. Voir : Porte à la Comtesse d'Artois (rue de la).;;;;;;;;;
;2548;rue;du;Port de Bercy;RUE DU PORT DE BERCY;rue du Port de Bercy;12e;;1967-12-31;;Bercy;;;;;;;;;;;Supprimée en 1967 par l'élargissement du quai de Bercy. Elle était située dans les entrepôts de Bercy.;;;;;;;;;
;2575;rue;du;Pont Neuf;RUE DU PONT NEUF;rue du Pont Neuf;;;;;;;;;;;;;;;;Voir : Trois Maries (place des).;;;;;;;;;
;2591;rue;du;Pont aux Biches;RUE DU PONT AUX BICHES;rue du Pont aux Biches;03e;;1851-02-18;;Arts et Metiers;;;;;;;;;;;Dénommée partie de la rue Volta par décret présidentiel du 18 février 1851 et arrêté préfectoral du 11 mars 1851.;;;;;;;;;
;2824;rue;de la;Petite Seine;RUE DE LA PETITE SEINE;rue de la Petite Seine;;;;;;;;;;;;;;;;Actuellement partie de la rue Bonaparte.;;;;;;;;;
;2826;rue;de la;Petite Saunerie;RUE DE LA PETITE SAUNERIE;rue de la Petite Saunerie;;;;;;;;;;;;;;;;Voir : Pierre à Poisson (rue).;;;;;;;;;
;2829;rue;de la;Petite Poissonnerie;RUE DE LA PETITE POISSONNERIE;rue de la Petite Poissonnerie;;;;;;;;;;;;;;;;Voir : Saunerie (rue de la).;;;;;;;;;
;2888;rue;du;Petit Crucifix;RUE DU PETIT CRUCIFIX;rue du Petit Crucifix;04e;;;;Saint-Merri;;;;;;;;;;;"Supprimée par la formation du square Saint-Jacques. Elle commençait rue de la Vannerie (Supprimé.), finissait rue des Ecrivains (Supprimé.). Son premier nom est rue ou ruelle du Porche Saint-Jacques et ensuite rue du Crucifix ; Verniquet l'appelle du Petit Crucifix.";;;;;;;;;
;2897;rue;du;Petit Carneau;RUE DU PETIT CARNEAU;rue du Petit Carneau;;;;;;;;;;;;;;;;Voir : Carneau (rue du).;;;;;;;;;
;2920;rue;;Perronet;RUE PERRONET;rue Perronet;;;;;;;;;;;;;;;;Voir : Pirouette (rue).;;;;;;;;;
;2990;impasse;;Pelée;IMPASSE PELEE;impasse Pelée;11e;;;;Saint-Ambroise;;;;;;;;;;;Actuellement rue Pelée.;;;;;;;;;
;2994;rue;;Péchoin;RUE PECHOIN;rue Péchoin;;;;;;;;;;;;;;;;Supprimé. par l'ouverture de la rue Burnouf. Elle allait de la rue Monjol à la rue Bolivar (Actuellement av. Simon Bolivar).;;;;;;;;;
;2997;rue;;Payen;RUE PAYEN;rue Payen;;;;;;;;;;;;;;;;Actuellement rue du Champ de l'Alouette.;;;;;;;;;
;3001;rue;;Payelle;RUE PAYELLE;rue Payelle;;;;;;;;;;;;;;;;Actuellement rue Payenne.;;;;;;;;;
;3005;port;aux;Pavés;PORT AUX PAVES;port aux Pavés;;;;;;;;;;;;;;;;Actuellement partie du port des Célestins.;;;;;;;;;
;3013;rue;;Pavée;RUE PAVEE;rue Pavée;;;;;;;;;;;;;;;;Actuellement rue des Grands Degrés.;;;;;;;;;
;3034;place;des;Patriarches;PLACE DES PATRIARCHES;place des Patriarches;;;;;;;;;;;;;;;;Supprimée en 1828. Elle se trouvait derrière le marché des Patriarches, auquel on accédait par un passage débouchant sur la rue Mouffetard.;;;;;;;;;
;3384;rue;;Neuve Saint-Nicolas;RUE NEUVE SAINT-NICOLAS;rue Neuve Saint-Nicolas;;;1851-07-09;;;;;;;;;;;;;Dénommée partie de la rue du Château d'Eau par arrêté préfectoral du 9 juillet 1851.;;;;;;;;;
;3386;rue;;Neuve Saint-Merri;RUE NEUVE SAINT-MERRI;rue Neuve Saint-Merri;04e;;1881-01-24;;Saint-Merri;;;;;;;;;;;Ou rue Neuve Saint-Médéric. Dénommée rue Saint-Merri par arrêté préfectoral du 24 janvier 1881.;;;;;;;;;
;3390;rue;;Neuve Saint-Martin;RUE NEUVE SAINT-MARTIN;rue Neuve Saint-Martin;;;1851-03-11;;;;;;;;;;;;;Dénommée partie de la rue Notre-Dame de Nazareth par arrêté préfectoral du 11 mars 1851.;;;;;;;;;
;3239;rue;de l';Oratoire du Louvre;RUE DE L'ORATOIRE DU LOUVRE;rue de l'Oratoire du Louvre;;;;;;;;;;;;;;;;Actuellement rue de l'Oratoire.;;;;;;;;;
;3256;passage;des;Omnibus;PASSAGE DES OMNIBUS;passage des Omnibus;12e;;;;Bercy;;;;;;;;;;;Supprimé. Etait situé dans les entrepôts de Bercy.;;;;;;;;;
;3259;rue;;Olin le Fauche;RUE OLIN LE FAUCHE;rue Olin le Fauche;;;;;;;;;;;;;;;;Actuellement partie de la rue du Roi de Sicile.;;;;;;;;;
;3289;rue;;Nys;RUE NYS;rue Nys;11e;;1893-12-26;;Folie-Méricourt;;;;;;;;;;;Dénommée rue Pierre Nys par arrêté préfectoral du 26 décembre 1893, puis rue Louis Bonnet par arrêté préfectoral du 31 janvier 1927.;;;;;M. Pierre Nys, propriétaire;;;;
;3295;rue;du;Noyer;RUE DU NOYER;rue du Noyer;;;;;;;;;;;;;;;;Ou Nouier. Voir : Poulies (rue des).;;;;;;;;;
;3299;rue;de la;Nouvelle Gare;RUE DE LA NOUVELLE GARE;rue de la Nouvelle Gare;;;1944-12-31;;;;;;;;;;;;;Supprimée en 1944. Commençait quai de Bercy, finissait rue de la Zone (Actuellement rue Escoffier).;;;;;;;;;
;3305;voie;;Nouvelle;VOIE NOUVELLE;voie Nouvelle;;;;;;;;;;;;;;;;Actuellement partie de la rue Dupleix.;;;;;;;;;
;3106;rue;du;Paon Blanc;RUE DU PAON BLANC;rue du Paon Blanc;04e;;;;Saint-Gervais;;;;;;;;;;;Supprimée. Elle commençait quai de l'Hôtel de Ville et finissait rue de l'Hôtel de Ville.;;;;;;;;;
;3163;rue;des;Oublieurs;RUE DES OUBLIEURS;rue des Oublieurs;;;;;;;;;;;;;;;;Ou Oublayers ou encore Oubloyers. Voir : Oublayers (rue des).;;;;;;;;;
;3166;rue;des;Oublayers;RUE DES OUBLAYERS;rue des Oublayers;;;;;;;;;;;;;;;;Ou Oublieurs ou encore Oubloyers. Voir : Licorne (rue de la).;;;;;;;;;
;3195;port;des;Ormes;PORT DES ORMES;port des Ormes;;;;;;;;;;;;;;;;Réuni au port de l'Hôtel de Ville par décision préfectorale du 18 juillet 1905.;;;;;;;;;
;3670;rue;des;Moulins;RUE DES MOULINS;rue des Moulins;;;;;;;;;;;;;;;;Voir : Jehan Bonnefille (ruelle).;;;;;;;;;
;3466;rue;;Neuve des Marguilliers dite du Coeur Volant;RUE NEUVE DES MARGUILLIERS DITE DU COEUR VOLANT;rue Neuve des Marguilliers dite du Coeur Volant;;;;;;;;;;;;;;;;Dénommée partie de la rue Grégoire de Tours (entre les rues de l'Ecole de Médecine et des Quatre Vents) par arrêté préfectoral du 10 mai 1851.;;;Dite aussi rue du Coeur Volant;;;;;;
;3471;rue;;Neuve des Filles Saint-Thomas;RUE NEUVE DES FILLES SAINT-THOMAS;rue Neuve des Filles Saint-Thomas;;;;;;;;;;;;;;;;Voir : Filles Thomas (rue des). Actuellement rue des Filles Saint-Thomas.;;;;;;;;;
;3496;rue;;Neuve de la Reine;RUE NEUVE DE LA REINE;rue Neuve de la Reine;;;;;;;;;;;;;;;;Supprimé. lors de la construction de l'hôtel de Soissons.;;;;;;;;;
;3519;rue;;Neuve de Bretagne;RUE NEUVE DE BRETAGNE;rue Neuve de Bretagne;03e;;1864-08-24;;Enfants-Rouges;;;;;;;;;;;Dénommée rue Froissart par décret impérial du 24 août 1864. Actuellement partie de la rue Froissart.;;;;;;;;;
;3548;rue;;Neuve;RUE NEUVE;rue Neuve;;;;;;;;;;;;;;;;Actuellement rue Villehardouin.;;;;;;;;;
;3615;villa;;Myrtille;VILLA MYRTILLE;villa Myrtille;;;;;;;;;;;;;;;;Supprimé. Elle était située passage Charles Bertheau (Actuellement rue Charles Bertheau).;;;;;;;;;
;3649;allée;de la;Muette;ALLEE DE LA MUETTE;allée de la Muette;;;;;;;;;;;;;;;;Supprimée par l'établissement du chemin de fer de ceinture. Elle aboutissait sur la rue militaire au droit du bastion n° 62.;;;;;;;;;
;3823;cul-de-sac;;Monsieur Saugé;CUL-DE-SAC MONSIEUR SAUGE;cul-de-sac Monsieur Saugé;;;;;;;;;;;;;;;;Supprimé. Il était situé dans la rue du Jour. Il a aussi porté le nom de la Madeleine.;;;;;;;;;
;3830;cul-de-sac ou impasse;de la;Monnaie;CUL-DE-SAC OU IMPASSE DE LA MONNAIE;cul-de-sac ou impasse de la Monnaie;;;;;;;;;;;;;;;;Actuellement imp. de Conti.;;;;;;;;;
;3846;ruelle;;Monbarrey;RUELLE MONBARREY;ruelle Monbarrey;;;;;;;;;;;;;;;;Actuellement rue Chevert.;;;;;;;;;
;8381;chemin;d';Asnières;CHEMIN D'ASNIERES;chemin d'Asnières;;;;;;;;;;;;;;;;Actuellement rues de Tocqueville et Léon Cosnard.;;;;;;;;;
;7810;port;aux;Blés;PORT AUX BLES;port aux Blés;;;;;;;;;;;;;;;;Actuellement port de l'Hôtel de Ville.;;;;;;;;;
;8409;rue;;Arondelle;RUE ARONDELLE;rue Arondelle;;;;;;;;;;;;;;;;Actuellement rue de l'Hirondelle.;;;;;;;;;
;8411;rue;;Arondale;RUE ARONDALE;rue Arondale;;;;;;;;;;;;;;;;Actuellement rue de l'Hirondelle.;;;;;;;;;
;8423;chemin;d';Argenteuil;CHEMIN D'ARGENTEUIL;chemin d'Argenteuil;;;;;;;;;;;;;;;;Actuellement rue de l'Arcade.;;;;;;;;;
;7854;villa;;Bigot;VILLA BIGOT;villa Bigot;;;;;;;;;;;;;;;;Supprimé. Etait située rue Scheffer, 7.;;;;;;;;;
;7865;rue;de;Biauvoir;RUE DE BIAUVOIR;rue de Biauvoir;;;;;;;;;;;;;;;;Voir : Beauvais (rue de) et Oratoire (place de l').;;;;;;;;;
;7893;villa;;Besnard;VILLA BESNARD;villa Besnard;;;;;;;;;;;;;;;;Supprimé. Elle était située rue Fondary, 56.;;;;;;;;;
;7896;rue;;Bertret;RUE BERTRET;rue Bertret;;;;;;;;;;;;;;;;Actuellement partie de la rue Xavier Privas.;;;;;;;;;
;8528;rue;d';Angiviller;RUE D'ANGIVILLER;rue d'Angiviller;;;;;;;;;;;;;;;;Supprimée par l'ouverture de la rue du Louvre. Elle commençait place du Louvre et finissait rue de l'Oratoire.;;;;;;;;;
;8542;rue;;André Machel;RUE ANDRE MACHEL;rue André Machel;;;;;;;;;;;;;;;;Voir : Cloître Saint-Benoît (rue du).;;;;;;;;;
;7268;ruelle allant;aux;Chambres de Maitre Hugues;RUELLE ALLANT AUX CHAMBRES DE MAITRE HUGUES;ruelle allant aux Chambres de Maitre Hugues;;;;;;;;;;;;;;;;C'était une ruelle conduisant à trois moulins situés près de la rue de la Tannerie.;;;;;;;;;
;7272;rue;de;Châlons;RUE DE CHALONS;rue de Châlons;;;;;;;;;;;;;;;;Ou Chalon. Voir : Chalon (rue de).;;;;;;;;;
;8574;rue;des;Amandiers;RUE DES AMANDIERS;rue des Amandiers;11e;;1868-04-02;;Roquette, Saint-Ambroise;;;;;;;;;;;Dénommée partie de la rue du Chemin Vert par arrêté préfectoral du 2 avril 1868.;;;;;;;;;
;8593;rue;;Almarici de Roissiaco;RUE ALMARICI DE ROISSIACO;rue Almarici de Roissiaco;;;;;;;;;;;;;;;;Actuellement partie de la rue de La Reynie.;;;;;;;;;
;7327;boulevard;du;Centre;BOULEVARD DU CENTRE;boulevard du Centre;;;;;;;;;;;;;;;;Actuellement boulevard de Sébastopol.;;;;;;;;;
;7372;grant rue;de;Cassel;GRANT RUE DE CASSEL;grant rue de Cassel;;;;;;;;;;;;;;;;Voir : Cassel (rue de). Actuellement rue Cassette.;;;;;;;;;
;8038;voie;;BA/12;VOIE BA/12;voie BA/12;12e;;1990-03-14;;Quinze-Vingts;;;;;;;;;;;Dénommée rue Audubon par arrêté municipal du 14 mars 1990.;;;;;;;;;
;8663;voie;;AG/12;VOIE AG/12;voie AG/12;12e;;;;Picpus;;;;;;;;;;;Supprimé. Etait située rue de Picpus, 126.;;;;;;;;;
;7397;impasse;;Carrière;IMPASSE CARRIERE;impasse Carrière;;;;;;;;;;;;;;;;Actuellement imp. Carrière-Mainguet.;;;;;;;;;
;8060;porte;;Baudoyer;PORTE BAUDOYER;porte Baudoyer;04e;;;;Saint-Gervais;;;;;;;;;;;Elle était située à l'ancienne entrée de la rue Saint-Antoine (place Baudoyer actuelle). Elle est désignée sous les noms de : Baudéer, Baudier, Baudez, Baudais, Baudayer, Baudet.;;;;;;;;;
;8084;porte;;Baudayer;PORTE BAUDAYER;porte Baudayer;;;;;;;;;;;;;;;;Baudais ou encore Baudeer. Voir : Baudais (porte).;;;;;;;;;
;8101;rue;des;Bateaux;RUE DES BATEAUX;rue des Bateaux;;;;;;;;;;;;;;;;Voir : Evêché (rue de l').;;;;;;;;;
;8682;voie;;AE/11;VOIE AE/11;voie AE/11;11e;;1994-01-14;;Sainte-Marguerite;;;;;;;;;;;Dénommée partie de la rue Bouvier par arrêté municipal du 14 janvier 1994.;;;;;;;;;
;8723;rue;de l';Abreuvoir Popin;RUE DE L'ABREUVOIR POPIN;rue de l'Abreuvoir Popin;;;;;;;;;;;;;;;;Voir : Arche Pépin (rue de l').;;;;;;;;;
;8725;rue;de l';Abreuvoir Mascon;RUE DE L'ABREUVOIR MASCON;rue de l'Abreuvoir Mascon;;;;;;;;;;;;;;;;Ou Abreuvoir Mâcon. Voir : Abreuvoir Mâcon (rue de l'). Actuellement partie de la rue de la Harpe.;;;;;;;;;
;7465;;le;Cagnard;LE CAGNARD;le Cagnard;;;;;;;;;;;;;;;;Voir : Abreuvoir Mâcon (rue de l').;;;;;;;;;
;808;rue;de la;Tuerie;RUE DE LA TUERIE;rue de la Tuerie;;;;;;;;;;;;;;;;"Voir : Vieille Lanterne (rue de la). Supprimée par l'ouverture de l'avenue Victoria. Elle commençait rue de la Vieille Tannerie (supprimée) et finissait rue de la Vieille Place aux Veaux (supprimée). En 1300, rue de l'Ecorcherie. En 1512, rue des Lessives. La rue de la Tuerie qui lui faisait suite et s'étendait jusqu'à la rue Saint-Jérôme, a été également désignée sous le nom de la rue de la Vieille Lanterne.";;;;;;;;;
;820;rue;du;Trou à Sable;RUE DU TROU A SABLE;rue du Trou à Sable;12e;;1890-04-18;;Picpus;;;;;;;;;;;Dénommée rue Pleyel par arrêté préfectoral du 18 avril 1890 approuvé par décret du 30 avril 1890.;;;;;;;;;
;853;rue;des;Trois Couronnes Saint-Marcel;RUE DES TROIS COURONNES SAINT-MARCEL;rue des Trois Couronnes Saint-Marcel;;;;;;;;;;;;;;;;Supprimée par l'ouverture du boul. de Port-Royal. Elle commençait rue Mouffetard et finissait rue Saint-Hippolyte.;;;;;;;;;
;898;passage;du;Trésor;PASSAGE DU TRESOR;passage du Trésor;;;;;;;;;;;;;;;;Actuellement pas. Colbert.;;;;;;;;;
;899;rue;du;Trente et Un Mai;RUE DU TRENTE ET UN MAI;rue du Trente et Un Mai;;;;;;;;;;;;;;;;Actuellement partie de la rue Saint-Sulpice.;;;;;;;;;
;646;chemin;de;Versailles;CHEMIN DE VERSAILLES;chemin de Versailles;;;;;;;;;;;;;;;;Actuellement rue Decamps et rue Eugène Delacroix. Voir : Croix (rue de la).;;;;;;;;;
;666;chemin;de;Venves;CHEMIN DE VENVES;chemin de Venves;;;;;;;;;;;;;;;;Actuellement av. Denfert-Rochereau et rue Henri Barbusse.;;;;;;;;;
;691;chemin;de;Vaugirard;CHEMIN DE VAUGIRARD;chemin de Vaugirard;;;;;;;;;;;;;;;;Actuellement rue du Four.;;;;;;;;;
;727;rue;de la;Vallée de Fécamp;RUE DE LA VALLEE DE FECAMP;rue de la Vallée de Fécamp;;;;;;;;;;;;;;;;Actuellement partie de la rue de Charenton.;;;;;;;;;
;729;;;Vallée aux Voleurs;VALLEE AUX VOLEURS;Vallée aux Voleurs;;;;;;;;;;;;;;;;Actuellement rue Poissonnière.;;;;;;;;;
;1216;;la;Sellerie de Paris;LA SELLERIE DE PARIS;la Sellerie de Paris;;;;;;;;;;;;;;;;Et Sellerie de la Grande Rue. Actuellement rue Saint-Denis.;;;;;;;;;
;998;rue;du;Tirouer;RUE DU TIROUER;rue du Tirouer;;;;;;;;;;;;;;;;Ou Tirauer. Voir : Tirauer (rue du).;;;;;;;;;
;1026;rue;;Thiébaud Audet;RUE THIEBAUD AUDET;rue Thiébaud Audet;;;;;;;;;;;;;;;;Actuellement partie de la rue des Bourdonnais.;;;;;;;;;
;1045;rue;;Théobaldi ad Tados;RUE THEOBALDI AD TADOS;rue Théobaldi ad Tados;;;;;;;;;;;;;;;;Voir : Thibault aux Dés (rue). Actuellement rue des Bourdonnais.;;;;;;;;;
;1121;chemin;des;Sureaux;CHEMIN DES SUREAUX;chemin des Sureaux;;;;;;;;;;;;;;;;Actuellement rue des Jardiniers.;;;;;;;;;
;1128;cour;des;Suisses;COUR DES SUISSES;cour des Suisses;;;;;;;;;;;;;;;;"Supprimé. Elle se trouvait le long de l'aile nord du palais des Tuileries ; elle fait maintenant partie des jardins de la place du Carrousel. Lacaille désigne sa façade au Nord sous le nom de rue des Ecuries du Roi.";;;;;;;;;
19;1138;passage;de la;Station;PASSAGE DE LA STATION;passage de la Station;12e;1877-02-01;1936-02-03;;Bel-Air;;;;;;;;;;;Dénommé partie de la rue du Sahel par arrêté préfectoral du 3 février 1936.;Arrêté préfectoral du 1er février 1877.;;;;;;;;
;1156;rue;;Sorbonne;RUE SORBONNE;rue Sorbonne;;;;;;;;;;;;;;;;Actuellement rue de la Sorbonne.;;;;;;;;;
;1158;impasse;;Sophie;IMPASSE SOPHIE;impasse Sophie;;;;;;;;;;;;;;;;Supprimé. Elle existait rue La Fontaine, 48.;;;;;;;;;
;1175;villa;;Singer;VILLA SINGER;villa Singer;;;;;;;;;;;;;;;;Actuellement villa de Beauséjour.;;;;;;;;;
19;1185;passage;;Sibuet;PASSAGE SIBUET;passage Sibuet;12e;1877-02-01;1934-01-13;;Bel-Air;;;;;;;;;;;Dénommée partie de la rue de Toul par arrêté préfectoral du 13 janvier 1934;Arrêté préfectoral du 1er février 1877;;;;;;;;
;1196;vicus;;Serpentis;VICUS SERPENTIS;vicus Serpentis;;;;;;;;;;;;;;;;Actuellement partie de la rue Serpente.;;;;;;;;;
;1383;carré;;Sainte-Geneviève;CARRE SAINTE-GENEVIEVE;carré Sainte-Geneviève;;;;;;;;;;;;;;;;Actuellement place Sainte-Geneviève.;;;;;;;;;
;1571;marché;;Saint-Martin;MARCHE SAINT-MARTIN;marché Saint-Martin;;;;;;;;;;;;;;;;Supprimé pour l'établissement de l'Ecole Centrale, en 1880.;;;;;;;;;
;1457;ruelle;;Saint-Sulpice;RUELLE SAINT-SULPICE;ruelle Saint-Sulpice;;;;;;;;;;;;;;;;Actuellement rue Garancière.;;;;;;;;;
;1460;rue ou grant rue;;Saint-Sulpice;RUE OU GRANT RUE SAINT-SULPICE;rue ou grant rue Saint-Sulpice;;;;;;;;;;;;;;;;Actuellement rue du Vieux Colombier.;;;;;;;;;
;1479;cul-de-sac;;Saint-Pierre Gourtin;CUL-DE-SAC SAINT-PIERRE GOURTIN;cul-de-sac Saint-Pierre Gourtin;;;;;;;;;;;;;;;;"Supprimé. Il était situé rue Montmartre, 118. En 1622, cul-de-sac des Masures ; ensuite, cul-de-sac de la rue Neuve Montmartre. En 1663, cul-de-sac des Marmouzets, puis cul-de-sac Gourtin.";;;;;;;;;
;1492;rue;;Saint-Pierre;RUE SAINT-PIERRE;rue Saint-Pierre;;;;;;;;;;;;;;;;Voir : Férou (imp.).;;;;;;;;;
;1529;cloître ou place;;Saint-Nicolas des Champs;CLOITRE OU PLACE SAINT-NICOLAS DES CHAMPS;cloître ou place Saint-Nicolas des Champs;;;;;;;;;;;;;;;;Supprimé par l'ouverture de la rue de Turbigo. Il était situé rue au Maire (tronçon Supprimé.) devant l'entrée latérale de l'église. La rue Cunin-Gridaine occupe une partie de son emplacement.;;;;;;;;;
;1293;rue;;sans Chef;RUE SANS CHEF;rue sans Chef;;;;;;;;;;;;;;;;Actuellement rue de Fourcy.;;;;;;;;;
;1311;avenue;de la;Salle;AVENUE DE LA SALLE;avenue de la Salle;;;;;;;;;;;;;;;;Actuellement partie de la place du Président Mithouard.;;;;;;;;;
;1334;passage et cour;;Sainte-Marie Saint-Antoine;PASSAGE ET COUR SAINTE-MARIE SAINT-ANTOINE;passage et cour Sainte-Marie Saint-Antoine;11e;;1877-02-01;;Roquette;;;;;;;;;;;Dénommé passage Thiéré par arrêté préfectoral du 1er février 1877.;;;;;;;;;
;1344;rue;;Sainte-Marie;RUE SAINTE-MARIE;rue Sainte-Marie;;;;;;;;;;;;;;;;Actuellement rue Seveste.;;;;;;;;;
;1853;cour;;Saint-Antoine;COUR SAINT-ANTOINE;cour Saint-Antoine;;;;;;;;;;;;;;;;Supprimée. Elle était située rue du Faubourg Saint-Antoine, 234.;;;;;;;;;
;1855;boulevard;;Saint-Antoine;BOULEVARD SAINT-ANTOINE;boulevard Saint-Antoine;;;;;;;;;;;;;;;;Actuellement boulevard Beaumarchais.;;;;;;;;;
;1585;ruelle;de;Saint-Mandé;RUELLE DE SAINT-MANDE;ruelle de Saint-Mandé;;;;;;;;;;;;;;;;Supprimé. Elle faisait communiquer l'av. de Saint-Mandé à la rue de Picpus.;;;;;;;;;
;1616;grande rue;;Saint-Louis;GRANDE RUE SAINT-LOUIS;grande rue Saint-Louis;;;;;;;;;;;;;;;;Actuellement partie de la rue de Turenne.;;;;;;;;;
;1640;cour;;Saint-Julien;COUR SAINT-JULIEN;cour Saint-Julien;12e;;;;Bercy;;;;;;;;;;;Supprimée. Voie située dans les entrepôts de Bercy.;;;;;Ville de Gironde, grand-cru du Médoc.;;;;
;1648;rue;;Saint-Jérôme;RUE SAINT-JEROME;rue Saint-Jérôme;;;;;;;;;;;;;;;;Supprimée par l'ouverture de l'av. Victoria. Elle commençait quai de Gesvres et finissait rue de la Vieille Lanterne (Supprimé.). Elle a porté les noms de rue Merderet et de rue de Gesvres.;;;;;;;;;
;1667;cloître;;Saint-Jacques la Boucherie;CLOITRE SAINT-JACQUES LA BOUCHERIE;cloître Saint-Jacques la Boucherie;;;;;;;;;;;;;;;;Supprimé. Il était situé rue des Ecrivains (Supprimé.), devant l'église Saint-Jacques la Boucherie.;;;;;;;;;
;1769;rue;;Saint-Dominique du Gros Caillou;RUE SAINT-DOMINIQUE DU GROS CAILLOU;rue Saint-Dominique du Gros Caillou;;;;;;;;;;;;;;;;Actuellement partie de la rue Saint-Dominique.;;;;;;;;;
;1780;route;de;Saint-Denis;ROUTE DE SAINT-DENIS;route de Saint-Denis;;;;;;;;;;;;;;;;Actuellement avenue de Malakoff.;;;;;;;;;
;1801;impasse;;Saint-Claude au Marais;IMPASSE SAINT-CLAUDE AU MARAIS;impasse Saint-Claude au Marais;03e;;1881-12-31;;Archives;;;;;;;;;;;Devenue impasse Saint-Claude en 1881.;;;;;;;;;
;2019;allée;du;Roule;ALLEE DU ROULE;allée du Roule;;;;;;;;;;;;;;;;Actuellement avenue des Champs Elysées.;;;;;;;;;
;2034;rue;des;Rôtisseurs;RUE DES ROTISSEURS;rue des Rôtisseurs;;;;;;;;;;;;;;;;Actuellement rue de la Huchette.;;;;;;;;;
;2182;rue;du;Renard Qui Pêche;RUE DU RENARD QUI PECHE;rue du Renard Qui Pêche;;;;;;;;;;;;;;;;Actuellement rue du Renard.;;;;;;;;;
;2083;vicus;;Roberti Begonis, Sive Caponis;VICUS ROBERTI BEGONIS, SIVE CAPONIS;vicus Roberti Begonis, Sive Caponis;;;;;;;;;;;;;;;;Actuellement rue Chapon.;;;;;;;;;
;2148;porte;de;Reuilly;PORTE DE REUILLY;porte de Reuilly;12e;;;;Bel-Air, Picpus;;;;;;;;;;;Supprimée. Etait située boulevard Poniatowski, au droit de la rue Claude Decaen.;;;;;Porte de l'enceinte de Thiers.;;;;
;1949;route;;Nationale N° 1;ROUTE NATIONALE N? 1;route Nationale N° 1;;;;;;;;;;;;;;;;Actuellement rues Marx Dormoy, de la Chapelle et partie de l'av. de la Porte de la Chapelle.;;;;;;;;;
;1978;route;;Départementale N° 28;ROUTE DEPARTEMENTALE N? 28;route Départementale N° 28;;;;;;;;;;;;;;;;Actuellement rue de la Légion Etrangère.;;;;;;;;;
;2464;rue;des;Potiers d'Étain;RUE DES POTIERS D'ETAIN;rue des Potiers d'Étain;;;;;;;;;;;;;;;;Supprimé. par la construction des Halles Centrales. Elle commençait rue aux Poirées (Supprimé.) et finissait rue Rambuteau.;;;;;;;;;
;2467;rue;de la;Poterne Barbette;RUE DE LA POTERNE BARBETTE;rue de la Poterne Barbette;;;;;;;;;;;;;;;;Actuellement rue Vieille du Temple.;;;;;;;;;
;2214;vicus;;Reginaldi Dicti le Harpeur;VICUS REGINALDI DICTI LE HARPEUR;vicus Reginaldi Dicti le Harpeur;;;;;;;;;;;;;;;;Actuellement partie de la rue de la Harpe.;;;;;;;;;
;2263;chemin de ronde;de;Ramponeau;CHEMIN DE RONDE DE RAMPONEAU;chemin de ronde de Ramponeau;11e;;1864-12-30;;Folie-Méricourt;;;;;;;;;;;Dénommé partie du boulevard de Belleville par arrêté préfectoral du 30 décembre 1864.;;;;;;;;;
;2269;pont;de la;Raison;PONT DE LA RAISON;pont de la Raison;;;;;;;;;;;;;;;;Actuellement pont Notre-Dame.;;;;;;;;;
;2288;passage;des;Quinze-Vingts;PASSAGE DES QUINZE-VINGTS;passage des Quinze-Vingts;;;;;;;;;;;;;;;;Supprimé lors du percement de la rue de Rivoli. Il conduisait de la rue Saint-Honoré à la rue Saint-Louis (Supprimé.).;;;;;;;;;
;2390;rue;de la;Prison Saint-Magloire;RUE DE LA PRISON SAINT-MAGLOIRE;rue de la Prison Saint-Magloire;;;;;;;;;;;;;;;;Voir : Saint-Magloire (rue).;;;;;;;;;
;2436;chemin;du;Pré aux Clercs;CHEMIN DU PRE AUX CLERCS;chemin du Pré aux Clercs;;;;;;;;;;;;;;;;Actuellement rue de Seine.;;;;;;;;;
;2633;rue;du;Poirier;RUE DU POIRIER;rue du Poirier;04e;;1868-04-02;;Saint-Merri;;;;;rue Saint-Merri.;rue Simon le Franc;;;;;Dénommée partie de la rue Brisemiche par arrêté préfectoral du 2 avril 1868. Ce tronçon a été supprimé en 1972.;;;;;;;;;
;2766;ruelle;de;Picquepusse;RUELLE DE PICQUEPUSSE;ruelle de Picquepusse;;;;;;;;;;;;;;;;Actuellement rue de Picpus. L'orthographe de ce nom a varié. On écrit Piquepus, Picpuce, Picpusse et Picpus.;;;;;;;;;
;2769;ruelle;de;Picpus;RUELLE DE PICPUS;ruelle de Picpus;;;;;;;;;;;;;;;;Voir : Picquepusse (ruelle de).;;;;;;;;;
;2771;chemin de ronde;de;Picpus;CHEMIN DE RONDE DE PICPUS;chemin de ronde de Picpus;12e;;1864-12-30;;Picpus;;;;;;;;;;;Dénommé partie du boulevard de Picpus par arrêté préfectoral du 30 décembre 1864.;;;;;;;;;
;2663;rue;de la;Plâtrière;RUE DE LA PLATRIERE;rue de la Plâtrière;;;;;;;;;;;;;;;;Actuellement rue du Plâtre.;;;;;;;;;
;2692;chemin;de la;Planchette;CHEMIN DE LA PLANCHETTE;chemin de la Planchette;;;;;;;;;;;;;;;;Supprimé par l'ouverture du boulevard Malesherbes. Il commençait chemin de la Couronne (supprimé) et finissait rue de la Terrasse. Il était aussi appelé chemin des Clos. Il conduisait à la Planchette près de Clichy.;;;;;;;;;
;2723;chemin;du;Pilori au Pré aux Clercs;CHEMIN DU PILORI AU PRE AUX CLERCS;chemin du Pilori au Pré aux Clercs;;;;;;;;;;;;;;;;Actuellement rue de Seine.;;;;;;;;;
;2542;rue;du;Port Saint-Landry;RUE DU PORT SAINT-LANDRY;rue du Port Saint-Landry;;;;;;;;;;;;;;;;Actuellement rue des Ursins.;;;;;;;;;
;2552;ruelle;du;Port au Blé;RUELLE DU PORT AU BLE;ruelle du Port au Blé;;;;;;;;;;;;;;;;Voir : Pernelle (rue).;;;;;;;;;
;2806;rue;des;Petits Pères;RUE DES PETITS PERES;rue des Petits Pères;;;;;;;;;;;;;;;;Actuellement partie de la rue Blainville.;;;;;;;;;
;2846;rue;;Petite Barrée;RUE PETITE BARREE;rue Petite Barrée;;;;;;;;;;;;;;;;Actuellement partie de la rue du Fauconnier.;;;;;;;;;
;2850;passage;du;Petit Saint-Antoine;PASSAGE DU PETIT SAINT-ANTOINE;passage du Petit Saint-Antoine;;;;;;;;;;;;;;;;Supprimé partiellement par l'ouverture de la rue de Rivoli. Il conduisait de la rue Saint-Antoine (Actuellement rue François Miron) à la rue du Roi de Sicile, en face de la rue des Juifs (Actuellement rue Ferdinand Duval). Ce passage avait été ouvert sur l'emplacement du Petit Saint-Antoine. Actuellement rue Ferdinand Duval entre la rue de Rivoli et la rue du Roi de Sicile.;;;;;;;;;
;2864;rue;du;Petit Paradis;RUE DU PETIT PARADIS;rue du Petit Paradis;;;;;;;;;;;;;;;;Voir : Paradis (rue de).;;;;;;;;;
;2915;rue;du;Pet;RUE DU PET;rue du Pet;;;;;;;;;;;;;;;;Actuellement rue des Poitevins.;;;;;;;;;
;2943;rue;du;Périgord;RUE DU PERIGORD;rue du Périgord;03e;;;;Enfants-Rouges;;;;;;;;;;;Ou Périgueux (rue de). Actuellement partie de la rue Debelleyme.;;;Dite aussi rue de Périgueux;;;;;;
;2948;rue;des;Pères de la Doctrine Chrétienne;RUE DES PERES DE LA DOCTRINE CHRETIENNE;rue des Pères de la Doctrine Chrétienne;;;;;;;;;;;;;;;;Actuellement rue du Cardinal Lemoine.;;;;;;;;;
;2972;rue;;Percée;RUE PERCEE;rue Percée;04e;;1877-02-01;;Saint-Gervais;;;;;;;;;;;Dénommée rue du Prévôt par arrêté préfectoral du 1er février 1877.;;;;;;;;;
;3216;rue;d';Orléans;RUE D'ORLEANS;rue d'Orléans;;;;;;;;;;;;;;;;Supprimée. Elle existait anciennement près de la rue Saint-Antoine.;;;;;;;;;
;3375;rue;;Neuve Saint-Sulpice;RUE NEUVE SAINT-SULPICE;rue Neuve Saint-Sulpice;;;;;;;;;;;;;;;;Actuellement rue Palatine.;;;;;;;;;
;3399;rue;;Neuve Saint-Lambert;RUE NEUVE SAINT-LAMBERT;rue Neuve Saint-Lambert;;;;;;;;;;;;;;;;Actuellement rue de Condé.;;;;;;;;;
;3315;porte;;Notre-Dame des Champs;PORTE NOTRE-DAME DES CHAMPS;porte Notre-Dame des Champs;;;;;;;;;;;;;;;;Voir : Saint-Jacques (porte).;;;;;;;;;
;3343;rue;des;Nonnaindières;RUE DES NONNAINDIERES;rue des Nonnaindières;04e;;;;Saint-Gervais;;;;;;;;;;;Actuellement rue des Nonnains d'Hyères.;;;;;;;;;
;3115;place;du;Panthéon Français;PLACE DU PANTHEON FRANCAIS;place du Panthéon Français;;;;;;;;;;;;;;;;Actuellement place du Panthéon.;;;;;;;;;
;3118;passage;du;Panier Fleuri;PASSAGE DU PANIER FLEURI;passage du Panier Fleuri;;;;;;;;;;;;;;;;Supprimé. par l'ouverture de la rue du Pont Neuf. Il conduisait de l'imp. des Bourdonnais à la rue Tirechappe (Supprimé.).;;;;;;;;;
;3119;rue;du;Pan;RUE DU PAN;rue du Pan;;;;;;;;;;;;;;;;Voir : Paon (rue du).;;;;;;;;;
;3403;rue;;Neuve Saint-Honoré;RUE NEUVE SAINT-HONORE;rue Neuve Saint-Honoré;;;;;;;;;;;;;;;;Actuellement partie de la rue Saint-Honoré.;;;;;;;;;
;3469;rue;;Neuve des Fossés Montmartre;RUE NEUVE DES FOSSES MONTMARTRE;rue Neuve des Fossés Montmartre;;;;;;;;;;;;;;;;Ou Neuve des Fossés Montmarat. Voir : Neuve des Fossés Montmarat (rue).;;;;;;;;;
;3562;pont ou petit pont;;Neuf;PONT OU PETIT PONT NEUF;pont ou petit pont Neuf;;;;;;;;;;;;;;;;Remplacé par le pont Saint-Michel.;;;;;;;;;
;3567;rue;de;Nesle;RUE DE NESLE;rue de Nesle;;;;;;;;;;;;;;;;Voir : Orléans Saint-Honoré (rue d').;;;;;;;;;
;3659;impasse;;Mousseau;IMPASSE MOUSSEAU;impasse Mousseau;;;;;;;;;;;;;;;;Supprimé. elle débouchait rue des Périchaux, 55.;;;;;;;;;
;3832;quai;de;Monfils;QUAI DE MONFILS;quai de Monfils;;;;;;;;;;;;;;;;Voir : Ormes (quai des).;;;;;;;;;
;3973;chaussée;de;Ménilmontant;CHAUSSEE DE MENILMONTANT;chaussée de Ménilmontant;;;;;;;;;;;;;;;;Actuellement partie de la rue Saint-Fargeau.;;;;;;;;;
;3712;rue;de la;Mortellerie;RUE DE LA MORTELLERIE;rue de la Mortellerie;04e;;;;Saint-Gervais;;;;;;;;;;;Actuellement rue de l'Hôtel de Ville.;;;;;;;;;
;3741;villa;de;Monttessuy;VILLA DE MONTTESSUY;villa de Monttessuy;;;;;;;;;;;;;;;;Actuellement sq. Rapp.;;;;;;;;;
;3745;rue;de;Montrouge;RUE DE MONTROUGE;rue de Montrouge;;;;;;;;;;;;;;;;Actuellement partie de l'av. Paul Vaillant-Couturier.;;;;;;;;;
;4235;carrefour;de la;Maladrerie;CARREFOUR DE LA MALADRERIE;carrefour de la Maladrerie;;;;;;;;;;;;;;;;Actuellement carrefour de la Croix Rouge.;;;;;;;;;
;4014;rue;de la;Mauricourt;RUE DE LA MAURICOURT;rue de la Mauricourt;;;;;;;;;;;;;;;;Ou Folie Marcaut, Folie Mauricaut, Mauricaute ou encore Moricourt. Voir : Folie Marcaut (rue de la).;;;;;;;;;
;4030;rue;;Maubuée;RUE MAUBUEE;rue Maubuée;04e;;1890-04-18;;Saint-Merri;;;;;;;;;;;Partie supprimée de la rue Simon Le Franc entre les rues Brisemiche (tronçon supprimé) et Saint-Martin.;;;;;;;;;
;4456;rue;;Lemoult Prolongée;RUE LEMOULT PROLONGEE;rue Lemoult Prolongée;;;;;;;;;;;;;;;;Actuellement rue Saint-Christophe.;;;;;;;;;
;4469;rue;;Lefuel;RUE LEFUEL;rue Lefuel;;;;;;;;;;;;;;;;Actuellement rue de Sontay.;;;;;;;;;
;4410;rue;de la;Licorne;RUE DE LA LICORNE;rue de la Licorne;04e;;1865-05-22;;Notre-Dame;;;;;rue des Marmousets (Supprimée).;rue Saint-Christophe (Supprimée);;;;;"Supprimée par la reconstruction de l'Hôtel Dieu (décret du 22 mai 1865). En 1269, c'était la rue du Chevet de la Madeleine. Mais elle avait porté précédemment les noms de vicus Nebulariorium, de rue des Oubloyers, des Oublayers, des Oblayers (1398), Obléeurs, Oblayeurs et Oublieurs. La rue des Oblayers n'a pas toujours été confondue avec la rue de la Licorne ; celle-ci, autrefois, longeait l'église de la Madeleine, allant de la rue des Oblayers, devenue de la Licorne, à la rue de la Juiverie.";;;;;;;;;
;4418;rue;de;Lias;RUE DE LIAS;rue de Lias;;;;;;;;;;;;;;;;Voir : Poupée (rue).;;;;;;;;;
;4563;rue;;Labordère;RUE LABORDERE;rue Labordère;;;;;;;;;;;;;;;;Voir : Demours (rue).;;;;;;;;;
;4313;rue;du;Lycée;RUE DU LYCEE;rue du Lycée;;;;;;;;;;;;;;;;Actuellement rue de Valois.;;;;;;;;;
;4343;quai;;Louis XVIII;QUAI LOUIS XVIII;quai Louis XVIII;;;;;;;;;;;;;;;;Actuellement quai de Valmy et partie du boul. Richard Lenoir.;;;;;;;;;
;7683;passage;de la;Boule Rouge;PASSAGE DE LA BOULE ROUGE;passage de la Boule Rouge;;;;;;;;;;;;;;;;Actuellement rue de la Boule Rouge et partie de la rue de Montyon.;;;;;;;;;
;8293;voie;;AV/12;VOIE AV/12;voie AV/12;12e;;1995-05-31;;Bercy;;;;;;;;;;;Dénommée place Léonard Bernstein par arrêté municipal du 31 mai 1995.;;;;;;;;;
;7710;rue;de la;Boucherie;RUE DE LA BOUCHERIE;rue de la Boucherie;;;;;;;;;;;;;;;;Voir : Boucheries Saint-Germain (rue des).;;;;;;;;;
;8343;rue;;Augustine Lefaucheur;RUE AUGUSTINE LEFAUCHEUR;rue Augustine Lefaucheur;;;;;;;;;;;;;;;;Ou Augustin Lefaucheur. Voir : Augustin Lefaucheur (rue).;;;;;;;;;
;15602;boulevard;de la;Barrière Blanche;BOULEVARD DE LA BARRIERE BLANCHE;boulevard de la Barrière Blanche;;;1851-05-10;;;;;;;;;;;;;Dénommé boulevard de Clichy par arrêté préfectoral du 10 mai 1851.;;;;;;;;;
21;15374;voie;;C/4;VOIE C/4;voie C/4;04e;2021-02-05;2021-10-12;;Arsenal;;;;92C4;voie D/4.;boulevard Morland, 17.;8;7;;;Dénommée cour de l'Île Louviers par décision municipale du 12 octobre 2021.;Décision de numérotage du 5 février 2021.;;;;;;;;
;404;rue;de la;Voûte du Cours;RUE DE LA VOUTE DU COURS;rue de la Voûte du Cours;12e;;1880-10-23;;Bel-Air;;;;;;;;;;;"À l'origine, la rue de la Voûte du Cours s'étendait du chemin des Marais (intégrée à l'avenue Daumesnil) au boulevard Soult. Le tronçon entre la rue de Montempoivre et l'avenue de Saint-Mandé a été intégré à la rue Bizot (Actuellement parties de l'avenue du Général Michel Bizot et de l'avenue du Docteur Arnold Netter). Le tronçon entre l'avenue de Saint-Mandé et le boulevard Soult a été dénommé rue de la Voûte par arrêté préfectoral du 10 novembre 1873. Le tronçon entre l'avenue Daumesnil et la rue de Montempoivre a été dénommée rue de la Véga par arrêté préfectoral du 23 octobre 1880.";;;;;;;;;
;493;rue;de;Villeneuve;RUE DE VILLENEUVE;rue de Villeneuve;;;;;;;;;;;;;;;;Actuellement partie de la rue d'Aboukir.;;;;;;;;;
;529;passage;du;Vigan;PASSAGE DU VIGAN;passage du Vigan;;;;;;;;;;;;;;;;Supprimé. en 1913 par le prolongement de la rue du Louvre jusqu'à la rue Montmartre. Il commençait rue d'Argout, 63, et finissait rue d'Aboukir, 14. Il avait été créé vers 1815.;;;;;;;;;
;590;rue;de la;Vieille Chevalerie;RUE DE LA VIEILLE CHEVALERIE;rue de la Vieille Chevalerie;;;;;;;;;;;;;;;;Voir : Joaillerie (rue de la).;;;;;;;;;
;599;rue;du;Vieil Braque;RUE DU VIEIL BRAQUE;rue du Vieil Braque;;;;;;;;;;;;;;;;Voir : Chaume (rue du).;;;;;;;;;
;781;passage;de l';Union;PASSAGE DE L'UNION;passage de l'Union;;;;;;;;;;;;;;;;Supprimé. Il débouchait boul. de Reims.;;;;;;;;;
;7488;voie;;BW/12;VOIE BW/12;voie BW/12;12e;;1992-11-30;;Bercy;;;;;;;;;;;Dénommée rue Joseph Kessel par arrêté municipal du 30 novembre 1992.;;;;;;;;;
;7498;sente;des;Buttes Montmartre;SENTE DES BUTTES MONTMARTRE;sente des Buttes Montmartre;;;;;;;;;;;;;;;;Supprimée. Etait située rue des Buttes Montmartre (supprimée).;;;;;;;;;
;7503;rue;des;Buttes;RUE DES BUTTES;rue des Buttes;12e;;1894-12-28;;Picpus;;;;;;;;;;;Dénommée rue du Sergent Bauchat par arrêté préfectoral du 28 décembre 1894.;;;;;;;;;
;8189;impasse ou passage;;Barnot;IMPASSE OU PASSAGE BARNOT;impasse ou passage Barnot;;;;;;;;;;;;;;;;Actuellement partie du pas. des Tourelles.;;;;;;;;;
;8204;rue;;Barbette;RUE BARBETTE;rue Barbette;;;;;;;;;;;;;;;;Actuellement rue Vieille du Temple.;;;;;;;;;
;8208;porte;;Barbelle sur l'Yaue;PORTE BARBELLE SUR L'YAUE;porte Barbelle sur l'Yaue;;;;;;;;;;;;;;;;Elle faisait partie de l'enceinte de Philippe-Auguste et était située au bout de la rue des Barrés du côté de la rivière.;;;;;;;;;
;7582;ruelle;de la;Brèche aux Loups;RUELLE DE LA BRECHE AUX LOUPS;ruelle de la Brèche aux Loups;12e;;;;Picpus;;;;;;;;;;;Actuellement partie de la rue de la Brèche aux Loups.;;;;;;;;;
;8231;quai;des;Balcons;QUAI DES BALCONS;quai des Balcons;;;;;;;;;;;;;;;;Actuellement quai de Béthune.;;;;;;;;;
;7622;cul-de-sac;du;Bout du Monde;CUL-DE-SAC DU BOUT DU MONDE;cul-de-sac du Bout du Monde;;;;;;;;;;;;;;;;Voir : Saint-Sauveur (imp.).;;;;;;;;;
;7630;rue;de;Bourgogne;RUE DE BOURGOGNE;rue de Bourgogne;12e;;;;Bercy;;;;;;;;;;;Voir : Nuits (rue de) (Entrepôts de Bercy).;;;;;;;;;
;6946;impasse;du;Chevaleret;IMPASSE DU CHEVALERET;impasse du Chevaleret;;;;;;;;;;;;;;;;Actuellement partie de la rue Pierre Gourdault.;;;;;;;;;
;6963;chemin;;Vicinal Ordinaire N° 3;CHEMIN VICINAL ORDINAIRE N? 3;chemin Vicinal Ordinaire N° 3;;;;;;;;;;;;;;;;Actuellement av. de la Porte des Poissonniers, partie du boul. Romain Rolland et rue du Général Archinard.;;;;;;;;;
;4988;rue;de la;Herengerie;RUE DE LA HERENGERIE;rue de la Herengerie;;;;;;;;;;;;;;;;Voir : Vieille Harengerie (rue de la).;;;;;;;;;
;5599;ruelle;aux;Foulons;RUELLE AUX FOULONS;ruelle aux Foulons;;;;;;;;;;;;;;;;Supprimé. Elle aboutissait rue de la Mortellerie (rue de l'Hôtel de Ville).;;;;;;;;;
;6297;passage;;Desange;PASSAGE DESANGE;passage Desange;;;;;;;;;;;;;;;;Actuellement pas. Victor Marchand.;;;;;;;;;
;6317;avenue;de;Denain;AVENUE DE DENAIN;avenue de Denain;;;;;;;;;;;;;;;;Actuellement boul. de Denain. A absorbé, lors de sa création, la rue de Denain.;;;;;;;;;
;6335;cité;;Delaunay;CITE DELAUNAY;cité Delaunay;11e;;;;Sainte-Marguerite;;90;3,2;;rue de Charonne, 176.;;14;17;;;Supprimé. Etait située rue de Charonne, 176.;;;;;M. Delaunay, propriétaire;;;Arrêté municipal du 18 février 1986;
;6982;rue;du;Chemin de Vincennes;RUE DU CHEMIN DE VINCENNES;rue du Chemin de Vincennes;;;;;;;;;;;;;;;;Actuellement partie de la rue du Faubourg Saint-Antoine.;;;;;;;;;
;6991;rue;du;Chemin de Ménil Mautemps;RUE DU CHEMIN DE MENIL MAUTEMPS;rue du Chemin de Ménil Mautemps;;;;;;;;;;;;;;;;Actuellement partie de la rue Oberkampf (entre le boulevard des Filles du Calvaire et la rue de la Folie-Méricourt).;;;;;;;;;
;6995;;;Chemin de Grande Communication N° 69;CHEMIN DE GRANDE COMMUNICATION N? 69;Chemin de Grande Communication N° 69;;;;;;;;;;;;;;;;Actuellement rue Pégoud.;;;;;;;;;
;5012;passage;;Henri;PASSAGE HENRI;passage Henri;;;1941-12-31;;;;;;;;;;;;;Supprimé en 1941. Commençait pas. de l'Avenir (Supprimé.) et finissait av. de la Porte de Choisy.;;;;;;;;;
;5033;rue;des;Hauts Moulins;RUE DES HAUTS MOULINS;rue des Hauts Moulins;;;;;;;;;;;;;;;;Voir : Saint-Landry (rue).;;;;;;;;;
;5680;rue;de la;Fontaine Neuve;RUE DE LA FONTAINE NEUVE;rue de la Fontaine Neuve;03e;;;;Sainte-Avoye;;;;;;;;;;;Actuellement rue des Haudriettes.;;;;;;;;;
;7041;boulevard;de la;Chaussée d'Antin;BOULEVARD DE LA CHAUSSEE D'ANTIN;boulevard de la Chaussée d'Antin;;;;;;;;;;;;;;;;Actuellement boulevard des Italiens.;;;;;;;;;
;7054;rue;du;Chauderon;RUE DU CHAUDERON;rue du Chauderon;;;;;;;;;;;;;;;;Actuellement rue d'Ecosse.;;;;;;;;;
;5063;;;Haulte Rue;HAULTE RUE;Haulte Rue;;;;;;;;;;;;;;;;Actuellement partie de la rue Serpente.;;;;;;;;;
;5712;impasse;de la;Folie Genlis;IMPASSE DE LA FOLIE GENLIS;impasse de la Folie Genlis;;;;;;;;;;;;;;;;Supprimé. Etait située rue des Amandiers.;;;;;;;;;
;6375;rue;;Darnetal;RUE DARNETAL;rue Darnetal;;;;;;;;;;;;;;;;Actuellement partie de la rue Greneta.;;;;;;;;;
;6413;port;des;Cygnes;PORT DES CYGNES;port des Cygnes;;;;;;;;;;;;;;;;Actuellement port de La Bourdonnais.;;;;;;;;;
;7079;cour;du;Château;COUR DU CHATEAU;cour du Château;12e;;1877-02-01;;Picpus;;;;;;;;;;;Dénommée cour Saint-Eloi par arrêté préfectoral du 1er février 1877.;;;;;;;;;
;5089;carreau;de la;Halle;CARREAU DE LA HALLE;carreau de la Halle;;;;;;;;;;;;;;;;Supprimé. Place triangulaire située autrefois entre les rues de la Tonnellerie (Supprimé.), du Marché aux Poirées (Supprimé.) et des Piliers aux Potiers d'Etain (Supprimé.).;;;;;;;;;
;5093;rue;de la;Hache;RUE DE LA HACHE;rue de la Hache;;;;;;;;;;;;;;;;Voir : Traversaine (rue).;;;;;;;;;
;5094;cul-de-sac;du;Ha ! Ha !;CUL-DE-SAC DU HA ! HA !;cul-de-sac du Ha ! Ha !;;;;;;;;;;;;;;;;Actuellement imp. Guéménée.;;;;;;;;;
;5736;villa;des;Fleurs;VILLA DES FLEURS;villa des Fleurs;;;;;;;;;;;;;;;;Actuellement cité des Fleurs.;;;;;;;;;
;6414;pont;des;Cygnes;PONT DES CYGNES;pont des Cygnes;;;;;;;;;;;;;;;;Supprimé à la fin du XVIIIe siècle. Il allait de la rue Jean Nicot à l'île des Cygnes.;;;;;;;;;
;4221;cité ou passage;;Malesherbes;CITE OU PASSAGE MALESHERBES;cité ou passage Malesherbes;;;;;;;;;;;;;;;;Actuellement pas. Cardinet.;;;;;;;;;
;4402;cité;des;Lilas;CITE DES LILAS;cité des Lilas;11e;;1877-02-01;;Saint-Ambroise;;;;;;;;;;;Dénommée cité des Bluets par arrêté préfectoral du 1er février 1877. Actuellement rue Victor Gelez.;;;;;;;;;
;7111;rue;de la;Charte;RUE DE LA CHARTE;rue de la Charte;;;;;;;;;;;;;;;;Actuellement partie de la rue La Boétie.;;;;;;;;;
;5143;ruelle;;Gui de Ham;RUELLE GUI DE HAM;ruelle Gui de Ham;;;;;;;;;;;;;;;;Voir : Treille (pas. de la).;;;;;;;;;
;5145;rue;;Guernier sur l'Eau;RUE GUERNIER SUR L'EAU;rue Guernier sur l'Eau;;;;;;;;;;;;;;;;Actuellement rue Grenier sur l'Eau.;;;;;;;;;
;6464;rue;de la;Croix du Trahoir;RUE DE LA CROIX DU TRAHOIR;rue de la Croix du Trahoir;;;;;;;;;;;;;;;;Ou Croix du Tiroir. Voir : Croix du Tiroir (rue de la).;;;;;;;;;
;6494;rue;;Crespin;RUE CRESPIN;rue Crespin;11e;;1928-03-24;;Saint-Ambroise;;;;;;;;;;;Dénommée rue Crespin du Gast par arrêté préfectoral du 24 mars 1928.;;;;;Nom de propriétaire.;;;;
;6503;ruelle;;Couvreuse;RUELLE COUVREUSE;ruelle Couvreuse;;;;;;;;;;;;;;;;Actuellement imp. Bonne Nouvelle.;;;;;;;;;
;7188;grande rue ou rue;de la;Chapelle Franciade;GRANDE RUE OU RUE DE LA CHAPELLE FRANCIADE;grande rue ou rue de la Chapelle Franciade;;;;;;;;;;;;;;;;Actuellement rue Marx Dormoy et rue de la Chapelle.;;;;;;;;;
;5189;voirie;dite des;Grésillons;VOIRIE DITE DES GRESILLONS;voirie dite des Grésillons;;;;;;;;;;;;;;;;Actuellement place Henri Bergson.;;;;;;;;;
;5201;place;de;Grenelle;PLACE DE GRENELLE;place de Grenelle;;;;;;;;;;;;;;;;Actuellement place Dupleix.;;;;;;;;;
;5838;rue;du;Faubourg Franciade;RUE DU FAUBOURG FRANCIADE;rue du Faubourg Franciade;;;;;;;;;;;;;;;;Actuellement rue du Faubourg Saint-Denis.;;;;;;;;;
;5858;rue;;F;RUE F;rue F;;;;;;;;;;;;;;;;Actuellement rue Becquerel.;;;;;;;;;
;5861;voie;;E/12;VOIE E/12;voie E/12;12e;;;;Quinze-Vingts;;;;;rue Jean Bouton, 8.;;;;;;Supprimée. Etait située rue Jean Bouton, 8.;;;;;;;;;
;6527;rue;;Couréerie;RUE COUREERIE;rue Couréerie;;;;;;;;;;;;;;;;Actuellement partie de la rue Quincampoix.;;;;;;;;;
;7205;rue;des;Chantres;RUE DES CHANTRES;rue des Chantres;;;;;;;;;;;;;;;;Etait située dans le cloître Notre-Dame.;;;;;;;;;
;5217;rue;;Grate Cul;RUE GRATE CUL;rue Grate Cul;;;;;;;;;;;;;;;;Actuellement rue Dussoubs.;;;;;;;;;
;5219;;la;Grant Rue;LA GRANT RUE;la Grant Rue;;;;;;;;;;;;;;;;Actuellement rue Saint-Denis.;;;;;;;;;
;5238;chemin;de la;Grande Remise;CHEMIN DE LA GRANDE REMISE;chemin de la Grande Remise;;;;;;;;;;;;;;;;Actuellement partie de la rue du Moulin Vert.;;;;;;;;;
;5241;chemin;de la;Grande Pinte;CHEMIN DE LA GRANDE PINTE;chemin de la Grande Pinte;;;;;;;;;;;;;;;;Actuellement rue de la Chaussée d'Antin.;;;;;;;;;
20;5879;rue;;Eugène Étienne;RUE EUGENE ETIENNE;rue Eugène Étienne;12e;1936-02-03;;;Picpus;;;;;;;;;;;Nom attribué par arrêté du 3 février 1936 à une voie qui avait été projetée sur l'emplacement du bastion 4. Elle devait aboutir boul. Poniatowski, 28.;Arrêté préfectoral du 3 février 1936;;;;;;;;
;6568;rue;de la;Couldraie;RUE DE LA COULDRAIE;rue de la Couldraie;;;;;;;;;;;;;;;;Actuellement rue des Saussaies.;;;;;;;;;
;6580;rue;de;Corton;RUE DE CORTON;rue de Corton;12e;;;;Bercy;;;;;;;;;;;Supprimée. Voie située dans les entrepôts de Bercy. Précédemment, rue d'Orléans.;;;;;Un des grands crus de la Côte d'Or;;;;
;4609;chemin;de la;Justice;CHEMIN DE LA JUSTICE;chemin de la Justice;;;;;;;;;;;;;;;;Actuellement rue de Grenelle.;;;;;;;;;
;5293;sentier;;Gosselin;SENTIER GOSSELIN;sentier Gosselin;;;;;;;;;;;;;;;;Supprimé. en 1942. Commençait chemin des Mariniers (Supprimé.), finissait rue des Châtaigniers (Supprimé.).;;;;;;;;;
;5927;rue;d';Espagne;RUE D'ESPAGNE;rue d'Espagne;;;;;;;;;;;;;;;;Actuellement rue Jean Beausire.;;;;;;;;;
;4650;ruelle;;Jubin;RUELLE JUBIN;ruelle Jubin;;;;;;;;;;;;;;;;Supprimé. Elle aboutissait rue Censier.;;;;;;;;;
;5295;chemin;du;Gors;CHEMIN DU GORS;chemin du Gors;;;;;;;;;;;;;;;;Ou Gars. Actuellement partie de la rue des Plantes et, anciennement, imp. des Plantes (Supprimé.).;;;;;;;;;
;5296;rue;;Gorigand;RUE GORIGAND;rue Gorigand;;;;;;;;;;;;;;;;Voir : Chappon (rue).;;;;;;;;;
19;5297;ruelle;de;Gondi;RUELLE DE GONDI;ruelle de Gondi;12e;1864-08-24;1900-12-31;;Picpus;;;;;;;;;;;Devenue rue Théodore-Hamont vers 1900.;Décret impérial du 24 août 1864. Précédemment ruelle du Cimetière;;;;;;;;
;5322;passage;;Giraud;PASSAGE GIRAUD;passage Giraud;;;;;;;;;;;;;;;;Supprimé. en 1943. Commençait imp. Baher (Supprimé.), finissait allée des Peupliers (Supprimé.).;;;;;;;;;
;5326;rue;;Ginart aux Poitevins;RUE GINART AUX POITEVINS;rue Ginart aux Poitevins;;;;;;;;;;;;;;;;Actuellement rue des Poitevins.;;;;;;;;;
;5338;rue;;Gibert;RUE GIBERT;rue Gibert;;;;;;;;;;;;;;;;Ou Gibard. Voir : Gibard (rue).;;;;;;;;;
;5965;rue;de l';Éperon;RUE DE L'EPERON;rue de l'Éperon;;;;;;;;;;;;;;;;Supprimé. Elle commençait rue des Acacias et finissait rue Militaire (boul. Gouvion-Saint-Cyr).;;;;;;;;;
;5978;passage;de l';Entrepôt;PASSAGE DE L'ENTREPOT;passage de l'Entrepôt;;;;;;;;;;rue des Marais.;;;;;;Supprimé par l'ouverture de la rue Beaurepaire. Il commençait rue des Marais (Actuellement rue Albert Thomas) et finissait rue de l'Entrepôt (Actuellement rue Yves Toudic).;;;;;;;;;
;4678;rue;;Job;RUE JOB;rue Job;;;;;;;;;;;;;;;;Voir : Soly (rue).;;;;;;;;;
;4682;passage;du;Jeu de Paume;PASSAGE DU JEU DE PAUME;passage du Jeu de Paume;;;;;;;;;;;;;;;;Actuellement pas. Vendôme.;;;;;;;;;
;4691;passage du cul-de-sac;de;Jérusalem;PASSAGE DU CUL-DE-SAC DE JERUSALEM;passage du cul-de-sac de Jérusalem;;;;;;;;;;;;;;;;Supprimé. Il conduisait de la rue Neuve Notre-Dame (Supprimé.) au cul-de-sac de Jérusalem (Supprimé.).;;;;;;;;;
;5345;rue;;Gervais Loorand;RUE GERVAIS LOORAND;rue Gervais Loorand;;;;;;;;;;;;;;;;Voir : Gervais Laurent (rue).;;;;;;;;;
;5357;rue;;Gérard Beauquet;RUE GERARD BEAUQUET;rue Gérard Beauquet;04e;;;;Arsenal;;;;;;;;;;;Actuellement partie de la rue Beautreillis.;;;;;;;;;
;5365;rue;;Geoffroy des Estuves;RUE GEOFFROY DES ESTUVES;rue Geoffroy des Estuves;;;;;;;;;;;;;;;;Ou Geoffroy des Bains. Voir : Geoffroy des Bains (rue).;;;;;;;;;
;5995;barrière;d';Enfer;BARRIERE D'ENFER;barrière d'Enfer;;;;;;;;;;;;;;;;Supprimé. Elle était élevée sur la place Denfert-Rochereau. Les pavillons existent encore.;;;;;;;;;
;6701;rue;;Commune;RUE COMMUNE;rue Commune;;;;;;;;;;;;;;;;Voir : Ecrivains (rue des).;;;;;;;;;
;4708;ruellette;;Jehan Bingne;RUELLETTE JEHAN BINGNE;ruellette Jehan Bingne;;;;;;;;;;;;;;;;Ou Jean Vingne (ruelle). Voir : Jean Vingne (ruelle).;;;;;;;;;
;4731;rue;;Jean Le Riche;RUE JEAN LE RICHE;rue Jean Le Riche;;;;;;;;;;;;;;;;Voir : Paradis (rue de).;;;;;;;;;
;4737;rue;;Jean l'Éveiller;RUE JEAN L'EVEILLER;rue Jean l'Éveiller;;;;;;;;;;;;;;;;Ou Jean l'Esgullier. Voir : Jean l'Esgullier (rue).;;;;;;;;;
;5376;ruelle;;Gentien;RUELLE GENTIEN;ruelle Gentien;;;;;;;;;;;;;;;;Actuellement partie de la rue du Temple.;;;;;;;;;
;5398;rue;;Gaugain;RUE GAUGAIN;rue Gaugain;;;;;;;;;;;;;;;;Ou Gaugai. Voir : Gaugai (rue).;;;;;;;;;
;6753;chemin;;Coipeau;CHEMIN COIPEAU;chemin Coipeau;;;;;;;;;;;;;;;;Actuellement rue Lacépède.;;;;;;;;;
;4743;impasse;;Jean Jacques;IMPASSE JEAN JACQUES;impasse Jean Jacques;;;;;;;;;;;;;;;;Actuellement villa Championnet.;;;;;;;;;
;5411;rue;;Garnier Saint-Ladre;RUE GARNIER SAINT-LADRE;rue Garnier Saint-Ladre;;;;;;;;;;;;;;;;Actuellement rue du Grenier Saint-Lazare.;;;;;;;;;
;6080;rue;de l';Égalité;RUE DE L'EGALITE;rue de l'Égalité;;;;;;;;;;;;;;;;Supprimé. Précédemment rue Pierre Lescot.;;;;;;;;;
;6788;rue;du;Clos Feuquières;RUE DU CLOS FEUQUIERES;rue du Clos Feuquières;;;;;;;;;;;;;;;;Actuellement partie de la rue Théodore Deck.;;;;;;;;;
;6811;impasse;du;Cloître Saint-Germain l'Auxerrois;IMPASSE DU CLOITRE SAINT-GERMAIN L'AUXERROIS;impasse du Cloître Saint-Germain l'Auxerrois;;;;;;;;;;;;;;;;Supprimé. par l'ouverture de la rue du Louvre. Elle était située dans le cloître Saint-Germain l'Auxerrois.;;;;;;;;;
;4807;rue;;Jacques de Verneuil;RUE JACQUES DE VERNEUIL;rue Jacques de Verneuil;;;;;;;;;;;;;;;;Voir : Jacques Berneult (rue).;;;;;;;;;
;4822;passage;;Jabak;PASSAGE JABAK;passage Jabak;;;;;;;;;;;;;;;;"Supprimé. en 1936. Commençait rue Saint-Merri, 42 ; finissait rue Saint-Martin, 110.";;;;;;;;;
;5444;rue;;Gallois;RUE GALLOIS;rue Gallois;12e;;;;Bercy;;;;;quai de Bercy.;rue de Bercy;20;17;;;Supprimée. Voie intégrée dans les anciens entrepôts de Bercy en 1877.;;;;;Louis Gallois, maire de Bercy de 1815 à 1821.;;;;
;6098;rue;des;Écoliers Saint-Honoré;RUE DES ECOLIERS SAINT-HONORE;rue des Écoliers Saint-Honoré;;;;;;;;;;;;;;;;Actuellement rue des Bons Enfants.;;;;;;;;;
;6114;place;de l';École de Médecine;PLACE DE L'ECOLE DE MEDECINE;place de l'École de Médecine;;;;;;;;;;;;;;;;Supprimée. Elle a été englobée par la rue de l'Ecole de Médecine. Elle était située au droit de l'Ecole de Médecine. Elle avait été ouverte sur l'emplacement de l'église du couvent des Cordeliers (arrêté du Gouvernement de la République du 23 fructidor an XI) et avait reçu la dénomination de place des Cordeliers.;;;;;;;;;
;6134;rue;;E;RUE E;rue E;;;;;;;;;;;;;;;;Actuellement rue Francoeur.;;;;;;;;;
;6820;rue;;Cloche Percée;RUE CLOCHE PERCEE;rue Cloche Percée;04e;;;;Saint-Gervais;;;;;;;;;;;Actuellement rue Cloche Perce.;;;;;;;;;
;5507;rue;;Froidmanteau;RUE FROIDMANTEAU;rue Froidmanteau;;;;;;;;;;;;;;;;Ou Froid Mantyeau. Voir : Musée (rue du).;;;;;;;;;
;6878;rue;du;Cimetière Saint-André;RUE DU CIMETIERE SAINT-ANDRE;rue du Cimetière Saint-André;;;;;;;;;;;;;;;;Actuellement rue Suger.;;;;;;;;;
;4894;rue;de la;Hyaumerie;RUE DE LA HYAUMERIE;rue de la Hyaumerie;;;;;;;;;;;;;;;;Voir : Heaumerie (rue de la).;;;;;;;;;
;4900;pont;de l';Humanité;PONT DE L'HUMANITE;pont de l'Humanité;;;;;;;;;;;;;;;;Voir : Saint-Charles (pont).;;;;;;;;;
;4902;impasse;;Huilerie;IMPASSE HUILERIE;impasse Huilerie;;;;;;;;;;;;;;;;Supprimé. Elle était située rue du Ruisseau, 97.;;;;;;;;;
;5529;rue;de la;Fraternité;RUE DE LA FRATERNITE;rue de la Fraternité;;;;;;;;;;;;;;;;Actuellement rue de Berri.;;;;;;;;;
;5537;chemin de ronde;de;Franklin;CHEMIN DE RONDE DE FRANKLIN;chemin de ronde de Franklin;;;;;;;;;;;;;;;;Supprimé. Il allait de la barrière Franklin au quai Debilly (Actuellement av. de New York).;;;;;;;;;
;6227;cité;de la;Dhuis;CITE DE LA DHUIS;cité de la Dhuis;;;;;;;;;;;;;;;;Actuellement rue Devéria.;;;;;;;;;
;2219;rue;de la;Réforme;RUE DE LA REFORME;rue de la Réforme;;;;;;;;;;;;;;;;Actuellement partie de la rue du Pont Louis-Philippe.;;;;;;;;;
;2271;passage;;Raimbaut;PASSAGE RAIMBAUT;passage Raimbaut;;;;;;;;;;;;;;;;Actuellement pas. Rimbaut.;;;;;;;;;
;2308;port;des;Quatre Nations;PORT DES QUATRE NATIONS;port des Quatre Nations;;;;;;;;;;;;;;;;Supprimé. Il était situé en face du Palais de l'Institut (Palais des Quatre Nations).;;;;;;;;;
;2363;rue;;Prunier;RUE PRUNIER;rue Prunier;;;;;;;;;;;;;;;;Voir : Pernelle (rue).;;;;;;;;;
;2407;rue;des;Preuvoires;RUE DES PREUVOIRES;rue des Preuvoires;;;;;;;;;;;;;;;;Ou Prévoires. Actuellement rue des Prouvaires.;;;;;;;;;
;2408;rue;des;Prêtres Saint-Paul;RUE DES PRETRES SAINT-PAUL;rue des Prêtres Saint-Paul;04e;;;;Saint-Gervais;;;;;;;;;;;Actuellement rue Charlemagne.;;;;;;;;;
;2414;rue;des;Prêtres;RUE DES PRETRES;rue des Prêtres;;;;;;;;;;;;;;;;Actuellement partie de la rue Pernelle.;;;;;;;;;
;2443;rue;de la;Pourpointerie;RUE DE LA POURPOINTERIE;rue de la Pourpointerie;;;;;;;;;;;;;;;;Actuellement partie de la rue des Lombards.;;;;;;;;;
;2604;rue;de la;Pomme Rouge;RUE DE LA POMME ROUGE;rue de la Pomme Rouge;;;;;;;;;;;;;;;;Ou Pomme. Voir : Pomme (rue de la).;;;;;;;;;
;2605;rue;de la;Pomme;RUE DE LA POMME;rue de la Pomme;;;;;;;;;;;;;;;;Ou Pomme Rouge. Voir : Trois Canettes (rue des).;;;;;;;;;
;2770;porte;de;Picpus;PORTE DE PICPUS;porte de Picpus;12e;;;;Bel-Air;;;;;;;;;;;Supprimé. Etait située boul. Soult et Poniatowski, en prolongement de l'av. Daumesnil.;;;;;Porte de l'enceinte de Thiers.;;;;
;2783;rue;;Philippe Saint-Martin;RUE PHILIPPE SAINT-MARTIN;rue Philippe Saint-Martin;;;;;;;;;;;;;;;;Voir : Japy (rue).;;;;;;;;;
;2785;rue;;Philippe le Comte;RUE PHILIPPE LE COMTE;rue Philippe le Comte;;;;;;;;;;;;;;;;Voir : Avignon (rue d').;;;;;;;;;
;2684;ruelle;de la;Planchette;RUELLE DE LA PLANCHETTE;ruelle de la Planchette;12e;;1841-07-23;;Bercy;;;;;;;;;;;Supprimée par une délibération du Conseil municipal du 23 juillet 1841. Commençait chemin de ronde de Bercy (Supprimé.), finissait rue de Charenton.;;;;;;;;;
;2724;ruelle qui va du;;Pilori à la Seine;RUELLE QUI VA DU PILORI A LA SEINE;ruelle qui va du Pilori à la Seine;;;;;;;;;;;;;;;;Actuellement rue de l'Echaudé.;;;;;;;;;
;2726;rue;des;Piliers des Halles;RUE DES PILIERS DES HALLES;rue des Piliers des Halles;;;;;;;;;;;;;;;;Ou Piliers aux Potiers d'Etain. Voir : Piliers aux Potiers d'Etain (rue des).;;;;;;;;;
;2495;rue;des;Portes;RUE DES PORTES;rue des Portes;;;;;;;;;;;;;;;;Actuellement rue de la Sorbonne.;;;;;;;;;
;2530;rue;de la;Porte Baudet;RUE DE LA PORTE BAUDET;rue de la Porte Baudet;;;;;;;;;;;;;;;;Ou Porte Baudéer ou encore Porte Baudoyer. Voir : Porte Baudéer (rue de la).;;;;;;;;;
;2539;;;Porta Baudia;PORTA BAUDIA;Porta Baudia;;;;;;;;;;;;;;;;Voir : Baudoyer (place).;;;;;;;;;
;2574;rue;du;Pont Neuf qui va aux Augustins;RUE DU PONT NEUF QUI VA AUX AUGUSTINS;rue du Pont Neuf qui va aux Augustins;;;;;;;;;;;;;;;;Actuellement partie du quai des Grands Augustins.;;;;;;;;;
;3077;rue;;Parelle;RUE PARELLE;rue Parelle;;;;;;;;;;;;;;;;Actuellement rue Payenne.;;;;;;;;;
;3081;rue;du;Parc Royal;RUE DU PARC ROYAL;rue du Parc Royal;03e;;;;Archives;;;;;;;;;;;Actuellement rue de Béarn.;;;;;;;;;
;2828;rue;de la;Petite Pusse;RUE DE LA PETITE PUSSE;rue de la Petite Pusse;;;;;;;;;;;;;;;;Actuellement rue du Petit Musc.;;;;;;;;;
;2831;;la;Petite Orberie;LA PETITE ORBERIE;la Petite Orberie;;;;;;;;;;;;;;;;Voir : Four Basset (rue du).;;;;;;;;;
;2854;petit pont;;Neuf;PETIT PONT NEUF;petit pont Neuf;;;;;;;;;;;;;;;;Actuellement pont Saint-Michel. A été nommé Petit Pont puis Pont Neuf.;;;;;;;;;
;2860;impasse;du;Petit Pavillon;IMPASSE DU PETIT PAVILLON;impasse du Petit Pavillon;;;;;;;;;;;;;;;;Supprimée par l'ouverture de la rue de Tolbiac. Elle débouchait dans la rue du Moulin des Prés sur la rive droite de la Bièvre.;;;;;;;;;
;2887;impasse;du;Petit Dieu;IMPASSE DU PETIT DIEU;impasse du Petit Dieu;;;;;;;;;;;;;;;;Actuellement partie de la rue du Baigneur.;;;;;;;;;
;3367;quai;de;Nevers;QUAI DE NEVERS;quai de Nevers;;;;;;;;;;;;;;;;Actuellement quai de Conti.;;;;;;;;;
;3377;rue;;Neuve Saint-Sébastien;RUE NEUVE SAINT-SEBASTIEN;rue Neuve Saint-Sébastien;11e;;;;Saint-Ambroise;;;;;;;;;;;Actuellement rue Saint-Sébastien.;;;;;;;;;
;3300;chemin puis rue;de la;Nouvelle France;CHEMIN PUIS RUE DE LA NOUVELLE FRANCE;chemin puis rue de la Nouvelle France;;;;;;;;;;;;;;;;Actuellement rue de La Tour d'Auvergne.;;;;;;;;;
;3309;rue;du;Nouier;RUE DU NOUIER;rue du Nouier;;;;;;;;;;;;;;;;Ou du Noyer. Voir : Poulies (rue des).;;;;;;;;;
;3311;ruelle où l'on va à;;Notre-Dame des Voûtes;RUELLE OU L'ON VA A NOTRE-DAME DES VOUTES;ruelle où l'on va à Notre-Dame des Voûtes;;;;;;;;;;;;;;;;Voir : Barthélemy (cul-de-sac).;;;;;;;;;
;3187;cour;;Orry;COUR ORRY;cour Orry;;;;;;;;;;;;;;;;Ou Oris. Voir : Oris (cour).;;;;;;;;;
;3699;chemin;du;Moulin;CHEMIN DU MOULIN;chemin du Moulin;;;;;;;;;;;;;;;;Actuellement rue Curial.;;;;;;;;;
;3450;rue;;Neuve du Fossé;RUE NEUVE DU FOSSE;rue Neuve du Fossé;;;;;;;;;;;;;;;;Actuellement rue de l'Ancienne Comédie.;;;;;;;;;
;3552;partie de la vieille route;de;Neuilly;PARTIE DE LA VIEILLE ROUTE DE NEUILLY;partie de la vieille route de Neuilly;;;;;;;;;;;;;;;;Ou route dite de Saint-Germain. Actuellement av. des Ternes. Précédemment route de la Montagne du Bon Air.;;;;;;;;;
;3603;impasse;des;Nanettes;IMPASSE DES NANETTES;impasse des Nanettes;11e;;;;Saint-Ambroise;;;;;;;;;;;Dénommée rue des Nanettes par arrêté préfectoral du 10 novembre 1885.;;;;;Ancien nom (XVIIIe siècle).;;;;
;3612;voie;;M/11;VOIE M/11;voie M/11;11e;;1998-03-20;;Roquette;;;;;;;;;;;Supprimé. Etait située rue de la Roquette, 177 bis.;;;;;;;;;
;3644;rue;de la;Muette;RUE DE LA MUETTE;rue de la Muette;11e;;1868-04-02;;Roquette;;;;;;;;;;;Dénommée partie de la rue des Boulets par arrêté préfectoral du 2 avril 1868. Actuellement partie de la rue Léon Frot.;;;;;;;;;
;3965;rue;de;Ménilmontant;RUE DE MENILMONTANT;rue de Ménilmontant;11e;;1864-08-24;;Folie-Méricourt, Saint-Ambroise;;;;;;;;;;;Dénommée rue Oberkampf par décret impérial du 24 août 1864.;;;;;;;;;
;3971;chemin;de;Ménilmontant;CHEMIN DE MENILMONTANT;chemin de Ménilmontant;;;;;;;;;;;;;;;;Actuellement partie de la rue de la Mare.;;;;;;;;;
;3976;rue;du;Ménil Mautemps;RUE DU MENIL MAUTEMPS;rue du Ménil Mautemps;;;;;;;;;;;;;;;;Ou Ménil Maudan. Voir : Ménil Maudan (rue du).;;;;;;;;;
;3875;cour;des;Miracles;COUR DES MIRACLES;cour des Miracles;11e;;;;Roquette;;;;;;;;;;;Supprimé. Elle était située rue de la Muette (rue Saint-Maur), actuellement rue Léon Frot.;;;;;;;;;
;3894;rue;du;Milieu des Ursins;RUE DU MILIEU DES URSINS;rue du Milieu des Ursins;04e;;1865-05-22;;Notre-Dame;;;;;;;;;;;Supprimée par la reconstruction de l'Hôtel Dieu (décret du 22 mai 1865). Elle commençait rue Basse des Ursins (Supprimé.) et finissait rue Haute des Ursins (Supprimé.). Sur le plan de Bretez elle est appelée Moyenne des Ursins.;;;;;Dû à l'hôtel des Ursins.;;;;
;4259;passage;au;Maire;PASSAGE AU MAIRE;passage au Maire;;;1851-03-11;;;;;;;;;;;;;Dénommé partie de la Beaubourg (entre les rues au Maire et Bailly) par arrêté préfectoral du 11 mars 1851.;;;;;;;;;
;4267;cour;de la;Main d'Or;COUR DE LA MAIN D'OR;cour de la Main d'Or;11e;;;;Sainte-Marguerite;;;;;;;;;;;Actuellement passage de la Main d'Or.;;;;;Enseigne d'une auberge.;;;;
;4008;passage;;Mauve;PASSAGE MAUVE;passage Mauve;;;;;;;;;;;;;;;;"Supprimé. Commençait rue du Faubourg Saint-Antoine ; finissait rue de Montreuil.";;;;;;;;;
;4020;cour;des;Maures;COUR DES MAURES;cour des Maures;;;;;;;;;;;;;;;;Supprimé. Elle était située rue Saint-Honoré au Palais Royal.;;;;;;;;;
;4027;rue;;Maudestour;RUE MAUDESTOUR;rue Maudestour;;;;;;;;;;;;;;;;Ou Maudétour. Voir : Maudétour (rue).;;;;;;;;;
;4072;rue;de;Marseille;RUE DE MARSEILLE;rue de Marseille;;;;;;;;;;;;;;;;Actuellement rue Antoine Dubois.;;;;;;;;;
;4076;rue;;Marolio;RUE MAROLIO;rue Marolio;;;;;;;;;;;;;;;;Voir : Cloître Saint-Benoît (rue du).;;;;;;;;;
;4101;partie du passage;des;Mariniers;PARTIE DU PASSAGE DES MARINIERS;partie du passage des Mariniers;;;;;;;;;;;;;;;;Supprimé. en 1942. Etait située rue Pierre Laval (Supprimé.).;;;;;;;;;
;7979;rue;de;Behaigne;RUE DE BEHAIGNE;rue de Behaigne;;;;;;;;;;;;;;;;Supprimé. Elle était située près de l'Hôtel de Soissons (emplacement de la Halle aux blés). On l'appelait aussi rue de la Vieille Behaigne.;;;;;;;;;
;8617;rue;;Alexandre Langlois;RUE ALEXANDRE LANGLOIS;rue Alexandre Langlois;;;;;;;;;;;;;;;;Voir : Paon (rue du).;;;;;;;;;
;7337;rue;de la;Cendrée;RUE DE LA CENDREE;rue de la Cendrée;;;;;;;;;;;;;;;;Actuellement rue Poliveau.;;;;;;;;;
;7348;voie;;CB/12;VOIE CB/12;voie CB/12;12e;;1994-01-31;;Bercy;;;;;;;;;;;Dénommée rue Lheureux par arrêté municipal du 31 janvier 1994.;;;;;;;;;
;8071;porte;;Baudier;PORTE BAUDIER;porte Baudier;;;;;;;;;;;;;;;;Ou Baudet ou encore Baudez. Voir : Baudet (porte).;;;;;;;;;
;8709;allée;des;Acacias;ALLEE DES ACACIAS;allée des Acacias;;;1942-12-31;;;;;;;;;;;;;Supprimée en 1942. Commençait à la limite du territoire de Saint-Ouen, finissait rue Lécuyer prolongée (Supprimé.).;;;;;;;;;
;8717;voie;;AB/12;VOIE AB/12;voie AB/12;12e;;;;Bercy;;;;;;;;;;;Supprimé. Etait située quai de la Rapée, 12.;;;;;;;;;
;7464;impasse;;Caillard;IMPASSE CAILLARD;impasse Caillard;;;;;;;;;;;;;;;;Supprimé. Etait située rue des Taillandiers, 13.;;;;;;;;;
;7109;rue;;Chartier;RUE CHARTIER;rue Chartier;;;;;;;;;;;;;;;;Voir : Provençaux (imp. des).;;;;;;;;;
;7110;rue;de la;Charterie;RUE DE LA CHARTERIE;rue de la Charterie;;;;;;;;;;;;;;;;Actuellement imp. Chartière.;;;;;;;;;
;7118;impasse;;Charrière;IMPASSE CHARRIERE;impasse Charrière;11e;;1997-07-31;;Sainte-Marguerite;;125;10;;rue de Charonne, 86.;;4;17;Arrêté du 7 février 1969.;;Dénommée rue Charrière par arrêté municipal du 31 juillet 1997. Précédeemment passage Charrière et plus anciennement passage Lacharrière.;;Arrêté du 7 février 1969.;Un débouché sur la rue Chanzy permet le passage des piétons.;;;;Arrêté du 7 février 1969.;;
;7121;rue;;Charretière;RUE CHARRETIERE;rue Charretière;;;;;;;;;;;;;;;;Actuellement imp. Chartière.;;;;;;;;;
;5122;rue;;Guillaume Josse;RUE GUILLAUME JOSSE;rue Guillaume Josse;;;;;;;;;;;;;;;;Voir : Trois Maures (rue des).;;;;;;;;;
;5814;cité;;Félix;CITE FELIX;cité Félix;;;;;;;;;;;;;;;;Supprimé. Elle était située rue Duret, 20.;;;;;;;;;
;6465;rue;de la;Croix du Tiroir;RUE DE LA CROIX DU TIROIR;rue de la Croix du Tiroir;;;;;;;;;;;;;;;;Ou Croix du Trahoir. Actuellement partie de la rue Saint-Honoré.;;;;;;;;;
;7154;vieux chemin;de;Charenton;VIEUX CHEMIN DE CHARENTON;vieux chemin de Charenton;;;;;;;;;;;;;;;;Actuellement rue de Bercy.;;;;;;;;;
;5162;rue;de;Guarnelle;RUE DE GUARNELLE;rue de Guarnelle;;;;;;;;;;;;;;;;Et Guarnales ou Garnelles. Voir : Guarnales (rue de).;;;;;;;;;
;5187;place;de;Grève;PLACE DE GREVE;place de Grève;04e;;1803-03-19;;Saint-Merri;;;;;;;;;;;Dénommée place de l'Hôtel de Ville par arrêté préfectoral du 28 ventôse an XI. Actuellement place de l'Hôtel de Ville Esplanade de la Libération.;;;;;;;;;
;5205;passage;de;Grenelle;PASSAGE DE GRENELLE;passage de Grenelle;;;;;;;;;;;;;;;;Actuellement rue du Gros Caillou.;;;;;;;;;
;5822;rue;de la;Fausse Poterne;RUE DE LA FAUSSE POTERNE;rue de la Fausse Poterne;;;;;;;;;;;;;;;;Voir : Maure (rue du).;;;;;;;;;
;5841;rue;du;Faubourg de Gloire;RUE DU FAUBOURG DE GLOIRE;rue du Faubourg de Gloire;;;;;;;;;;;;;;;;Actuellement rue du Faubourg Saint-Denis et rue Marx Dormoy. Anciennement partie de la rue de la Chapelle.;;;;;;;;;
;6515;ruelle;de la;Court Orry;RUELLE DE LA COURT ORRY;ruelle de la Court Orry;;;;;;;;;;;;;;;;Voir : Opéra (cul-de-sac de l').;;;;;;;;;
;6533;barrière;de;Courcelles;BARRIERE DE COURCELLES;barrière de Courcelles;;;;;;;;;;;;;;;;Supprimé. Elle était située boul. de Courcelles, sur le passage de la rue de Courcelles.;;;;;;;;;
;7220;rue;de la;Champverrerie;RUE DE LA CHAMPVERRERIE;rue de la Champverrerie;;;;;;;;;;;;;;;;Voir : Chanverrerie (rue de la).;;;;;;;;;
;5216;rue;;Gravelier;RUE GRAVELIER;rue Gravelier;;;;;;;;;;;;;;;;Actuellement partie de la rue des Gravilliers.;;;;;;;;;
;5222;ruelle;de la;Grant Boucherie;RUELLE DE LA GRANT BOUCHERIE;ruelle de la Grant Boucherie;;;;;;;;;;;;;;;;Actuellement partie de la rue Grégoire de Tours.;;;;;;;;;
;5232;rue;des;Grandes Papeteries;RUE DES GRANDES PAPETERIES;rue des Grandes Papeteries;;;;;;;;;;;;;;;;Supprimé. Elle allait du quai d'Auteuil (Actuellement quai Louis Blériot) à l'av. de Versailles.;;;;;;;;;
;6581;rue;de la;Corroierie;RUE DE LA CORROIERIE;rue de la Corroierie;;;1851-03-11;;;;;;;;;;;;;Dénommée partie de la rue de Venise par arrêté préfectoral du 11 mars 1851. Ce tronçon a été supprimé en 1971.;;;;;;;;;
;6596;rue;aux;Cordiers;RUE AUX CORDIERS;rue aux Cordiers;;;;;;;;;;;;;;;;Voir : Rome (cul-de-sac de).;;;;;;;;;
;5292;rue;;Gougaud;RUE GOUGAUD;rue Gougaud;;;;;;;;;;;;;;;;Ou Gayain ou encore Goyani. Actuellement rue de l'Eperon.;;;;;;;;;
;5924;rue;de l';Esquillerie;RUE DE L'ESQUILLERIE;rue de l'Esquillerie;;;;;;;;;;;;;;;;Actuellement partie de la rue des Lombards.;;;;;;;;;
;6607;rue;de la;Corderie;RUE DE LA CORDERIE;rue de la Corderie;;;1851-03-11;;;;;;;;;;;;;Dénommée partie de la rue de Bretagne (entre les rues de Beauce et du Temple) par arrêté préfectoral du 11 mars 1851.;;;;;;;;;
;6608;rue;de la;Corderie;RUE DE LA CORDERIE;rue de la Corderie;;;;;;;;;;;;;;;;Actuellement imp. Saint-Denis.;;;;;;;;;
;5298;rue;;Goguenard;RUE GOGUENARD;rue Goguenard;;;;;;;;;;;;;;;;Actuellement rue Lamartine.;;;;;;;;;
;5312;route;des;Glacières;ROUTE DES GLACIERES;route des Glacières;12e;;;;Picpus;;;;;;;;;;;Actuellement route Dom Pérignon.;;;;;;;;;
;5335;porte;;Gilbert;PORTE GILBERT;porte Gilbert;;;;;;;;;;;;;;;;Voir : Enfer (porte d').;;;;;;;;;
;5954;rue;;Erembourg;RUE EREMBOURG;rue Erembourg;;;;;;;;;;;;;;;;Actuellement rue de Venise.;;;;;;;;;
;5963;sentier ou chemin;de l';Épinette;SENTIER OU CHEMIN DE L'EPINETTE;sentier ou chemin de l'Épinette;;;;;;;;;;;;;;;;Actuellement partie de la rue du Colonel Oudot.;;;;;;;;;
;6652;chemin et rue;de la;Contrescarpe;CHEMIN ET RUE DE LA CONTRESCARPE;chemin et rue de la Contrescarpe;;;;;;;;;;;;;;;;Actuellement boulevard de la Bastille.;;;;;;;;;
;6678;quai;de la;Conférence;QUAI DE LA CONFERENCE;quai de la Conférence;;;;;;;;;;;;;;;;Actuellement partie de l'avenue de New York et des cours la Reine et Albert Ier. Sous le premier Empire, il a porté le nom de quai Levesque.;;;;;;;;;
;6686;rue;au;Comte de Pontis;RUE AU COMTE DE PONTIS;rue au Comte de Pontis;;;;;;;;;;;;;;;;Voir : Fossés Saint-Germain l'Auxerrois (rue des).;;;;;;;;;
;5352;partie de la rue;;Germinal;PARTIE DE LA RUE GERMINAL;partie de la rue Germinal;;;;;;;;;;;;;;;;Supprimé. Commençait rue Germinal à la limite du territoire de Bagnolet, finissait rue Léon Gérôme (Supprimé.).;;;;;;;;;
;6728;barrière;du;Combat;BARRIERE DU COMBAT;barrière du Combat;;;;;;;;;;;;;;;;Supprimé. Elle était située boul. de la Villette, à l'extrémité de la rue de la Grange aux Belles. Elle a porté le nom de barrière de Pantin.;;;;;;;;;
;5400;petite impasse;;Gaudelet;PETITE IMPASSE GAUDELET;petite impasse Gaudelet;11e;;1960-08-04;;Saint-Ambroise;;;;;;;;;;;Dénommée rue Dranem par décision préfectorale du 4 août 1960.;;;;;;;;;
;6020;passage;de l';Élysée du Roule;PASSAGE DE L'ELYSEE DU ROULE;passage de l'Élysée du Roule;;;;;;;;;;;;;;;;Supprimé par l'ouverture du boulevard Haussmann. Il commençait rue du Faubourg Saint-Honoré et finissait rue de Courcelles.;;;;;;;;;
;4750;rue;;Jean Froillon;RUE JEAN FROILLON;rue Jean Froillon;;;;;;;;;;;;;;;;Ou Jean Fraillon. Voir : Jean Fraillon (rue).;;;;;;;;;
;4763;ruelle;;Jean de Charonne;RUELLE JEAN DE CHARONNE;ruelle Jean de Charonne;;;;;;;;;;;;;;;;Voir : Petite Bastille (imp. de la).;;;;;;;;;
;4773;rue;;Jean Beausire;RUE JEAN BEAUSIRE;rue Jean Beausire;03e, 04e;;;;Archives, Arsenal;;;;;;;;;;;Actuellement partie de la rue des Tournelles.;;;;;;;;;
;5423;rue;de la;Gare;RUE DE LA GARE;rue de la Gare;12e;;1864-08-24;;Bercy;;;;;;;;;;;Dénommée rue Corbineau par décret impérial du 24 août 1864.;;;;;;;;;
;5436;rue;du;Ganivet;RUE DU GANIVET;rue du Ganivet;;;;;;;;;;;;;;;;Actuellement rue du Canivet.;;;;;;;;;
;6079;rue;de l';Égalité;RUE DE L'EGALITE;rue de l'Égalité;;;;;;;;;;;;;;;;Actuellement rue Houdon.;;;;;;;;;
;6081;quai;de l';Égalité;QUAI DE L'EGALITE;quai de l'Égalité;;;;;;;;;;;;;;;;Actuellement quai d'Orléans.;;;;;;;;;
;4796;cul-de-sac;des;Jardiniers;CUL-DE-SAC DES JARDINIERS;cul-de-sac des Jardiniers;;;;;;;;;;;;;;;;Actuellement partie de la rue Sedaine.;;;;;;;;;
;4815;passage;des;Jacobins;PASSAGE DES JACOBINS;passage des Jacobins;;;;;;;;;;;;;;;;Il a été absorbé par la rue Cujas.;;;;;;;;;
;5462;porte;;Gaillon;PORTE GAILLON;porte Gaillon;;;;;;;;;;;;;;;;Elle était située rue de La Michodière à 60 mètres environ de la rue Saint-Augustin (3e enceinte).;;;;;;;;;
;6100;rue;aux;Écoliers de Rethel;RUE AUX ECOLIERS DE RETHEL;rue aux Écoliers de Rethel;;;;;;;;;;;;;;;;Voir : Poirées (rue des).;;;;;;;;;
;6105;rue;des;Écoles;RUE DES ECOLES;rue des Écoles;;;;;;;;;;;;;;;;Ou Ecoliers. Actuellement rue du Fouarre.;;;;;;;;;
;6818;passage;du;Cloître;PASSAGE DU CLOITRE;passage du Cloître;;;;;;;;;;;;;;;;Voir : Cloître des Bernardins (Rue du).;;;;;;;;;
;4846;passage;d';Isly;PASSAGE D'ISLY;passage d'Isly;;;;;;;;;;;;;;;;Voir : Notre-Dame de la Croix (pas.).;;;;;Victoire remportée sur les Marocains le 14 août 1844 par le maréchal Bugeaud.;;;;
;6152;passage;;Duval;PASSAGE DUVAL;passage Duval;;;;;;;;;;;;;;;;Supprimé. Il était situé entre la rue Brancion et le boul. Lefebvre.;;;;;;;;;
;6155;rue;;Durnstein;RUE DURNSTEIN;rue Durnstein;;;;;;;;;;;;;;;;Actuellement rue de l'Echaudé.;;;;;;;;;
;6174;rue;au;Duc de Bourgoingne;RUE AU DUC DE BOURGOINGNE;rue au Duc de Bourgoingne;;;;;;;;;;;;;;;;Voir : Reims (rue de).;;;;;;;;;
;6860;rue;;Cisalpine;RUE CISALPINE;rue Cisalpine;;;;;;;;;;;;;;;;Actuellement partie de la rue de Monceau.;;;;;;;;;
;6885;rue;du;Cimetière;RUE DU CIMETIERE;rue du Cimetière;12e;;1946-06-08;;Bel-Air;;;;;;;;;;;Dénommée rue du Général Archinard par arrêté préfectoral du 8 juin 1946.;;;;;;;;;
;5524;rue;;Frémenteau;RUE FREMENTEAU;rue Frémenteau;;;;;;;;;;;;;;;;Ou Frémentel. Voir : Musée (rue du).;;;;;;;;;
;5539;rue;des;Francs Citoyens;RUE DES FRANCS CITOYENS;rue des Francs Citoyens;;;;;;;;;;;;;;;;Actuellement partie de la rue des Francs Bourgeois.;;;;;;;;;
20;5551;avenue;;François Fresneau;AVENUE FRANCOIS FRESNEAU;avenue François Fresneau;12e;1949-03-03;;;Bel-Air;;400;12;;route de la Croix Rouge.;avenue Daumesnil;;;;;Supprimée par la construction du boulevard Périphérique.;Arrêté préfectoral du 3 mars 1949;;Située dans le vois de Vincennes;;;;;;
;6918;rue;des;Chiens;RUE DES CHIENS;rue des Chiens;;;;;;;;;;;;;;;;Voir : Jean Hubert (rue).;;;;;;;;;
;4927;rue;;Hosteriche;RUE HOSTERICHE;rue Hosteriche;;;;;;;;;;;;;;;;Ou Hoteriche. Actuellement rue de l'Oratoire.;;;;;;;;;
;4932;quai;;Hors-Tournelle;QUAI HORS-TOURNELLE;quai Hors-Tournelle;;;;;;;;;;;;;;;;Actuellement quai Saint-Bernard.;;;;;;;;;
;6235;allée;;Devillers;ALLEE DEVILLERS;allée Devillers;;;;;;;;;;;;;;;;Supprimé. par l'aménagement de la villa Dancourt.;;;;;;;;;
;6254;rue;des;Deux Portes;RUE DES DEUX PORTES;rue des Deux Portes;03e;;;;Archives;;;;;;;;;;;C'était, au commencement du XIVe siècle, la rue de l'Echelle du Temple. En 1450, elle fut appelée rue des Deux Portes et, plus tard, rue des Quatre Fils Aymon. Actuellement rue des Quatre Fils.;;;;;;;;;
;1710;cour et passage;;Saint-Guillaume;COUR ET PASSAGE SAINT-GUILLAUME;cour et passage Saint-Guillaume;;;;;;;;;;;;;;;;Supprimé par l'ouverture de l'avenue de l'Opéra. Ce passage conduisait de la rue de Richelieu à la rue Molière.;;;;;;;;;
;1755;cul-de-sac;;Saint-Étienne du Mont;CUL-DE-SAC SAINT-ETIENNE DU MONT;cul-de-sac Saint-Étienne du Mont;;;1840-12-31;;;;;;;;;;;;;Supprimé vers 1840 et réuni à l'immeuble portant le n° 65 de la rue de la Montagne Sainte-Geneviève.;;;;;;;;;
;1763;rue;;Saint-Estèphe;RUE SAINT-ESTEPHE;rue Saint-Estèphe;12e;;;;Bercy;;;;;;;;;;;Supprimée. Voie située dans les entrepôts de Bercy.;;;;;Ville de la Gironde, grand cru du Médoc.;;;;
;1765;ruelle;;Saint-Éloi;RUELLE SAINT-ELOI;ruelle Saint-Éloi;;;;;;;;;;;;;;;;Supprimé. Elle était située rue de la Barillerie (Supprimé.).;;;;;;;;;
;1795;rue;;Saint-Côme;RUE SAINT-COME;rue Saint-Côme;;;;;;;;;;;;;;;;Et Saint-Damien. Actuellement rue de l'Ecole de Médecine.;;;;;;;;;
;1802;rue;;Saint-Claude;RUE SAINT-CLAUDE;rue Saint-Claude;;;;;;;;;;;;;;;;Actuellement partie de l'avenue Ledru-Rollin.;;;;;;;;;
;2047;porte;de;Roolle;PORTE DE ROOLLE;porte de Roolle;;;;;;;;;;;;;;;;Voir : Argencourt (porte d').;;;;;;;;;
;2056;sente latérale à la rue;de;Romainville;SENTE LATERALE A LA RUE DE ROMAINVILLE;sente latérale à la rue de Romainville;;;;;;;;;;;;;;;;Voir : Desvaux (sente).;;;;;;;;;
;2059;impasse;;Roiron;IMPASSE ROIRON;impasse Roiron;;;;;;;;;;;;;;;;Actuellement pas. des Entrepreneurs.;;;;;;;;;
;2094;chemin allant;à la;Rivière de Seyne et au Pré aux Clercs;CHEMIN ALLANT A LA RIVIERE DE SEYNE ET AU PRE AUX CLERCS;chemin allant à la Rivière de Seyne et au Pré aux Clercs;;;;;;;;;;;;;;;;Actuellement rue de l'Ancienne Comédie.;;;;;;;;;
;1944;route;;Nationale N° 19;ROUTE NATIONALE N? 19;route Nationale N° 19;;;;;;;;;;;;;;;;Actuellement quais de la Gare et d'Ivry.;;;;;;;;;
;1969;route;;Départementale N° 36;ROUTE DEPARTEMENTALE N? 36;route Départementale N° 36;;;;;;;;;;;;;;;;Actuellement partie de la rue Ordener, rue Marcadet et la rue Guy Môquet.;;;;;;;;;
;1991;route;;Départementale N° 2;ROUTE DEPARTEMENTALE N? 2;route Départementale N° 2;;;;;;;;;;;;;;;;Actuellement rue de Passy, boul. Delessert et rue Beethoven.;;;;;;;;;
;2004;route;;Départementale N° 11;ROUTE DEPARTEMENTALE N? 11;route Départementale N° 11;;;;;;;;;;;;;;;;Actuellement partie de l'av. de la Porte de Saint-Ouen.;;;;;;;;;
;2006;route;;Départementale N° 10;ROUTE DEPARTEMENTALE N? 10;route Départementale N° 10;;;;;;;;;;;;;;;;Actuellement rues d'Alésia, de Vouillé, de l'Abbé Groult, des Entrepreneurs, de l'Ingénieur Robert Keller, pont de Grenelle, rue Maurice Bourdet, rues de Boulainvilliers, de la Pompe et Duret.;;;;;;;;;
;2465;rue;;Potier;RUE POTIER;rue Potier;;;;;;;;;;;;;;;;Actuellement rue de Poitiers.;;;;;;;;;
;797;port;aux;Tuiles;PORT AUX TUILES;port aux Tuiles;;;;;;;;;;;;;;;;Actuellement port de la Tournelle.;;;;;;;;;
;844;rue;des;Trois Maures;RUE DES TROIS MAURES;rue des Trois Maures;;;;;;;;;;;;;;;;Supprimée par l'ouverture du boulevard de Sébastopol. Elle commençait rue des Lombards et finissait rue de La Reynie. Au XIIIe siècle, c'était la rue Guillaume Josse. En 1300, rue de Vin le Roi. Au commencement du XVIIIe siècle, rue des Trois Maures.;;;;;;;;;
;880;rue;de la;Triperie;RUE DE LA TRIPERIE;rue de la Triperie;;;1813-12-31;;;;;;;;;;;;;Supprimée vers 1813. Située derrière le Grand Châtelet. Elle commençait rue de la Joaillerie, finissait rue Saint-Denis et portait ce nom vers 1300. Au XVe siècle, rue de l'Araigne ou de l'Iraigne (croc dont se servent les bouchers pour accrocher la viande). Elle a aussi été appelée rue des Bouticles et rue du Pied de Boeuf.;;;;;;;;;
;690;chemin;de;Vaugirard;CHEMIN DE VAUGIRARD;chemin de Vaugirard;;;;;;;;;;;;;;;;Voir : Chasse Midi (rue du).;;;;;;;;;
;1245;rue;de la;Savonnerie;RUE DE LA SAVONNERIE;rue de la Savonnerie;;;;;;;;;;;;;;;;Supprimée par l'ouverture de la rue de Rivoli. Elle commençait rue Saint-Jacques la Boucherie (Supprimé.) et finissait rue de la Heaumerie (Supprimé.). Elle portait ce nom dès le commencement du XIVe siècle.;;;;;;;;;
;977;vicus;;Tortuosus;VICUS TORTUOSUS;vicus Tortuosus;;;;;;;;;;;;;;;;Actuellement partie de la rue Serpente.;;;;;;;;;
;995;impasse;de;Tivoli;IMPASSE DE TIVOLI;impasse de Tivoli;;;;;;;;;;;;;;;;Voir : Rougevin (imp.).;;;;;;;;;
;1020;rue;de;Thionville;RUE DE THIONVILLE;rue de Thionville;;;;;;;;;;;;;;;;Actuellement rue Dauphine.;;;;;;;;;
;1114;impasse;;Tabourin;IMPASSE TABOURIN;impasse Tabourin;;;;;;;;;;;;;;;;Supprimé. par la construction des abattoirs de la rive gauche.;;;;;;;;;
;1130;rue ou ruelle;;Suce Raisin;RUE OU RUELLE SUCE RAISIN;rue ou ruelle Suce Raisin;;;;;;;;;;;;;;;;Supprimé. C'était probablement une ruelle qui se trouvait dans la rue Traversine et qui allait de la rue d'Arras à la rue de la Montagne Sainte-Geneviève. Peut-être aussi la rue Traversine.;;;;;;;;;
;1154;rue;de la;Sorbonne;RUE DE LA SORBONNE;rue de la Sorbonne;;;;;;;;;;;;;;;;Actuellement partie de la rue de l'Université.;;;;;;;;;
;1181;cul-de-sac;de;Siguerie;CUL-DE-SAC DE SIGUERIE;cul-de-sac de Siguerie;;;;;;;;;;;;;;;;Actuellement rue Rondelet.;;;;;;;;;
;1190;grand chemin ou voie;de;Sèvres;GRAND CHEMIN OU VOIE DE SEVRES;grand chemin ou voie de Sèvres;;;;;;;;;;;;;;;;Actuellement rue de Sèvres.;;;;;;;;;
;1570;petite rue;;Saint-Martin;PETITE RUE SAINT-MARTIN;petite rue Saint-Martin;;;;;;;;;;;;;;;;Voir : Grognerie (rue de la).;;;;;;;;;
;1521;passage;;Saint-Paul;PASSAGE SAINT-PAUL;passage Saint-Paul;;;;;;;;;;;;;;;;Voir : Saint-Pierre (pas.).;;;;;;;;;
;1270;rue;des;Sarlages;RUE DES SARLAGES;rue des Sarlages;12e;;;;Bercy;;;;;;;;;;;Supprimé. Etait située dans les entrepôts de Bercy.;;;;;;;;;
;1302;cul-de-sac;;Sancier;CUL-DE-SAC SANCIER;cul-de-sac Sancier;;;;;;;;;;;;;;;;Actuellement rue de Fourcy.;;;;;;;;;
;1825;cité;;Saint-Charles;CITE SAINT-CHARLES;cité Saint-Charles;;;;;;;;;;;;;;;;Supprimé. Elle était située rue Saint-Dominique, 125.;;;;;;;;;
;1606;rue;;Saint-Louis;RUE SAINT-LOUIS;rue Saint-Louis;04e;;;;Notre-Dame;;;;;;;;;;;Actuellement rue Saint-Louis en l'Ile.;;;;;;;;;
;1621;ruelle derrière;;Saint-Leu et Saint-Gilles;RUELLE DERRIERE SAINT-LEU ET SAINT-GILLES;ruelle derrière Saint-Leu et Saint-Gilles;;;;;;;;;;;;;;;;Voir : Beaufort (pas.).;;;;;;;;;
;1689;passage;;Saint-Hyacinthe;PASSAGE SAINT-HYACINTHE;passage Saint-Hyacinthe;;;1853-12-31;;;;;;;;;;;;;Supprimée en 1853 pour prolonger la rue Sainte-Catherine d'Enfer (Actuellement rue Le Goff). Il allait de la rue Saint-Hyacinthe (Supprimé.) à la rue Saint-Thomas d'Enfer (Supprimé.).;;;;;;;;;
;15704;rue;du;Champ de Mars;RUE DU CHAMP DE MARS;rue du Champ de Mars;;;;;;;;;;;;;;;;Actuellement partie de la rue de l'Université.;;;;;;;;;
18;15655;rue;de la;Retraite;RUE DE LA RETRAITE;rue de la Retraite;03e;1799-06-02;;;Archives;;;;;;;;;;;Nom donné à la rue des Minimes pendant la période révolutionnaire.;Arrêté de l'administration centrale du Département de la Seine du 14 prairial an VII.;;;;;;;;
21;15386;voie;;DY/12;VOIE DY/12;voie DY/12;12e;2021-05-31;2023-07-07;;Bel-Air;;;;;avenue du Docteur Arnold Netter, 77.;en impasse;18;17;;;Dénommée cité Marthe Condat par délibération municipale des 4, 5, 6 et 7 juillet 2023. Voie réalisée dans le secteur Netter (anciennement secteur Debergue).;;;sol de voie acquis par acte du 24/03/2021;;;;;;
;610;avenue;;Victor Hugo;AVENUE VICTOR HUGO;avenue Victor Hugo;12e;;1930-08-11;;Bel-Air;;;;;;;;;;;Dénommée partie de l'avenue Courteline par arrêté préfectoral du 11 août 1930. Situé autrefois sur les territoire de Saint-Mandé, annexé à Paris par décret du 18 avril 1929.;;;;;Marie Victor Hugo (1802-1885), poète et homme politique français.;;;;
;390;passage;du;Wauxhall;PASSAGE DU WAUXHALL;passage du Wauxhall;;;;;;;;;;;;;;;;Voir : Douane (rue de la) (partie).;;;;;;;;;
;406;chemin;de la;Voûte du Cours;CHEMIN DE LA VOUTE DU COURS;chemin de la Voûte du Cours;12e;;;;Bel-Air;;;;;boulevard de Picpus, 104.;rue de la Voûte, 45;;;;;Supprimé. Il était parallèle au cours de Vincennes.;;;;;;;;;
;437;chemin;du;Vivier;CHEMIN DU VIVIER;chemin du Vivier;;;;;;;;;;;;;;;;Actuellement partie de la rue de Cambrai.;;;;;;;;;
;482;chemin pavé;de la;Villette;CHEMIN PAVE DE LA VILLETTE;chemin pavé de la Villette;;;;;;;;;;;;;;;;Actuellement av. de Flandre et av. Corentin Cariou.;;;;;;;;;
;490;rue;;Villequeux Gui;RUE VILLEQUEUX GUI;rue Villequeux Gui;;;;;;;;;;;;;;;;Actuellement rue Gît-le-Coeur.;;;;;;;;;
;552;cour;des;Vieilles Tuileries;COUR DES VIEILLES TUILERIES;cour des Vieilles Tuileries;;;;;;;;;;;;;;;;Supprimé. Elle était située rue du Cherche-Midi, 86.;;;;;;;;;
;561;ruelle;de la;Vieille Tannerie;RUELLE DE LA VIEILLE TANNERIE;ruelle de la Vieille Tannerie;04e;;;;Saint-Merri;;;;;;;;;;;Supprimée par l'ouverture de l'avenue Victoria. Elle commençait quai de Gesvres et finissait rue de la Tannerie (supprimée). On la nommait aussi ruelle Simon Finet.;;;;;;;;;
;592;rue;de la;Vieille Bouclerie;RUE DE LA VIEILLE BOUCLERIE;rue de la Vieille Bouclerie;;;;;;;;;;;;;;;;Actuellement partie de la rue de la Harpe.;;;;;;;;;
;763;cité;;Vacheron;CITE VACHERON;cité Vacheron;11e;;1975-12-31;;Roquette;;90;3,3;;rue de la Folie-Regnault, 56.;en impasse;;1 à 17, numérotage continu;;;Supprimée en 1975.;;;;;M. Vacheron, propriétaire;;;;
;924;rue;;Traversaine;RUE TRAVERSAINE;rue Traversaine;;;;;;;;;;;;;;;;Actuellement partie de la rue Berger.;;;;;;;;;
;7521;cul-de-sac;;Buef et Oe;CUL-DE-SAC BUEF ET OE;cul-de-sac Buef et Oe;;;;;;;;;;;;;;;;Actuellement imp. du Boeuf.;;;;;;;;;
;7578;rue;de la;Brehaigue;RUE DE LA BREHAIGUE;rue de la Brehaigue;;;;;;;;;;;;;;;;Voir : Orléans Saint-Honoré (rue d').;;;;;;;;;
;7587;cour;du;Bras d'Or;COUR DU BRAS D'OR;cour du Bras d'Or;;;;;;;;;;;;;;;;Supprimé. lors du prolongement de l'av. Ledru-Rollin. Elle s'étendait de la rue du Faubourg Saint-Antoine au pas. Josset.;;;;;;;;;
;8228;rue;des;Ballays;RUE DES BALLAYS;rue des Ballays;04e;;;;Saint-Gervais;;;;;;;;;;;Ou Ballets. Actuellement partie de la rue Malher.;;;;;;;;;
;8240;passage;;Bailly;PASSAGE BAILLY;passage Bailly;;;;;;;;;;;;;;;;Actuellement partie de la rue Beaubourg.;;;;;;;;;
;7618;rue;des;Bouticles;RUE DES BOUTICLES;rue des Bouticles;;;;;;;;;;;;;;;;Actuellement rue du Chat qui Pêche.;;;;;;;;;
;7631;rue;de;Bourgogne;RUE DE BOURGOGNE;rue de Bourgogne;;;;;;;;;;;;;;;;Voir : Graves (rue de) (Halle aux vins).;;;;;;;;;
;6967;chemin;;Vicinal N° 5;CHEMIN VICINAL N? 5;chemin Vicinal N° 5;;;;;;;;;;;;;;;;Actuellement av. de la Porte de Montrouge.;;;;;;;;;
;6306;boulevard;du;Dépôt;BOULEVARD DU DEPOT;boulevard du Dépôt;;;;;;;;;;;;;;;;Actuellement boulevard des Italiens.;;;;;;;;;
;5010;rue;;Henri Ier;RUE HENRI IER;rue Henri Ier;03e;;;;Arts et Metiers;;;;;;;;;;;Supprimée par l'ouverture de la rue de Turbigo. Elle commençait rue Bailly et finissait rue Royale (rue Réaumur).;;;;;;;;;
;5024;rue;de la;Hédengerie;RUE DE LA HEDENGERIE;rue de la Hédengerie;;;;;;;;;;;;;;;;Voir : Vieille Harengerie (rue de la).;;;;;;;;;
;5658;cul-de-sac;du;For aux Dames;CUL-DE-SAC DU FOR AUX DAMES;cul-de-sac du For aux Dames;;;;;;;;;;;;;;;;Supprimé. Il était situé dans l'ancienne rue de la Heaumerie (For signifie juridiction).;;;;;;;;;
;5681;rue;de la;Fontaine Nationale;RUE DE LA FONTAINE NATIONALE;rue de la Fontaine Nationale;11e;;;;Folie-Méricourt;;;;;;;;;;;Actuellement partie de la rue de la Fontaine au Roi.;;;;;;;;;
;6364;porte;;Dauphine;PORTE DAUPHINE;porte Dauphine;;;;;;;;;;;;;;;;Elle appartenait à l'enceinte de Philippe-Auguste. Elle était située rue Dauphine en face de la rue Mazet.;;;;;;;;;
;7028;rue;du;Chef Saint-Jean;RUE DU CHEF SAINT-JEAN;rue du Chef Saint-Jean;;;;;;;;;;;;;;;;Voir : Martroi Saint-Jean (rue du).;;;;;;;;;
;5061;rue;;Haumard;RUE HAUMARD;rue Haumard;;;;;;;;;;;;;;;;Actuellement partie de la rue de La Reynie.;;;;;;;;;
;5064;rue;des;Haudriettes;RUE DES HAUDRIETTES;rue des Haudriettes;;;;;;;;;;;;;;;;Supprimée par une ordonnance royale du 24 août 1836 fixant le périmètre de l'Hôtel de Ville. Elle commençait quai de la Grève (Quai de l'Hôtel de Ville) et finissait rue de la Mortellerie (rue de l'Hôtel de Ville). On écrivait aussi Audriettes.;;;;;;;;;
;5704;rue dicte;de la;Follye de l'Escorcherie Régnier;RUE DICTE DE LA FOLLYE DE L'ESCORCHERIE REGNIER;rue dicte de la Follye de l'Escorcherie Régnier;;;;;;;;;;;;;;;;Actuellement rue Grégoire de Tours.;;;;;;;;;
;5720;rue ou place;au;Foin;RUE OU PLACE AU FOIN;rue ou place au Foin;;;;;;;;;;;;;;;;Voir : Trois Maries (place des).;;;;;;;;;
;5743;impasse;;Finet;IMPASSE FINET;impasse Finet;;;;;;;;;;;;;;;;Supprimé par l'aménagement de l'îlot insalubre n° 11 en 1966. Etait située rue des Amandiers. Précédemment, passage Finet.;;;;;;;;;
;6427;barrière;de la;Cunette;BARRIERE DE LA CUNETTE;barrière de la Cunette;;;;;;;;;;;;;;;;Supprimé. Elle était située sur le quai de Grenelle au droit du boul. de Grenelle.;;;;;;;;;
;6460;cul-de-sac;;Croix Neuve;CUL-DE-SAC CROIX NEUVE;cul-de-sac Croix Neuve;;;;;;;;;;;;;;;;Voir : Oblin (rue).;;;;;;;;;
;4570;rue;de;Laas;RUE DE LAAS;rue de Laas;;;;;;;;;;;;;;;;Actuellement rue Saint-André des Arts.;;;;;;;;;
;4504;vicus;;Lathomorum;VICUS LATHOMORUM;vicus Lathomorum;;;;;;;;;;;;;;;;Actuellement rue Champollion.;;;;;;;;;
;4544;chemin;de;Lagny;CHEMIN DE LAGNY;chemin de Lagny;11e;;;;Sainte-Marguerite;;;;;;;;;;;Devenue rue du Chemin de Lagny. Actuellement rue de Bouvines.;;;;;;;;;
;4282;rue;de la;Magdeleine;RUE DE LA MAGDELEINE;rue de la Magdeleine;;;;;;;;;;;;;;;;Actuellement partie de la rue Le Goff.;;;;;;;;;
;4314;passage;du;Lycée;PASSAGE DU LYCEE;passage du Lycée;;;;;;;;;;;;;;;;Voir : Valois (pas. de).;;;;;;;;;
;4361;rue;de;Lorge;RUE DE LORGE;rue de Lorge;;;;;;;;;;;;;;;;Actuellement partie de la rue Saint-Roch.;;;;;;;;;
;7643;poterne;du;Bourg l'Abbé;POTERNE DU BOURG L'ABBE;poterne du Bourg l'Abbé;;;;;;;;;;;;;;;;Elle était située rue du Bourg l'Abbé (enceinte de Philippe-Auguste). Supprimée par l'ouverture du boulevard de Sébastopol.;;;;;Le Bourg l'Abbé, dépendance de l'Abbaye de Saint-Martin des Champs.;;;;
;7671;rue;au;Bouloir;RUE AU BOULOIR;rue au Bouloir;;;;;;;;;;;;;;;;Actuellement rue Daubenton.;;;;;;;;;
20;8271;voie;;A/4;VOIE A/4;voie A/4;04e;1956-01-01;1978-08-30;;Saint-Gervais;;;;;;;;;;;Dénommée rue de l'Abbé Migne par arrêté municipal du 30 août 1978.;;;;;;;;;
;8279;voie;;AZ/12;VOIE AZ/12;voie AZ/12;12e;;1988-12-21;;Quinze-Vingts;;;;;;;;;;;Dénommée place Rutebeuf par arrêté municipal du 21 décembre 1988.;;;;;;;;;
;7713;impasse;;Boucher;IMPASSE BOUCHER;impasse Boucher;;;;;;;;;;;;;;;;Actuellement pas. Flourens.;;;;;;;;;
;8322;place;d';Austerlitz;PLACE D'AUSTERLITZ;place d'Austerlitz;;;;;;;;;;;;;;;;Voir : Musée (place du).;;;;;;;;;
;8329;impasse;d';Aunay;IMPASSE D'AUNAY;impasse d'Aunay;11e;;1959-06-27;;Roquette;;90;7;;rue de la Folie Regnault, 58.;;10;13;;;Dénommée impasse Daunay par décision du 27 juin 1959.;;;;;Voisinage de l'ancienne barrière d'Aunay.;;;Arrêté du 8 juillet 1926.;Ouverte en 1858.
;8345;rue;;Augustin Lefaucheur;RUE AUGUSTIN LEFAUCHEUR;rue Augustin Lefaucheur;;;;;;;;;;;;;;;;Ou Augustine Lefaucheur. Partie de la rue du Roi de Sicile.;;;;;;;;;
;7745;rue;des;Bons Enfants;RUE DES BONS ENFANTS;rue des Bons Enfants;;;;;;;;;;;;;;;;Actuellement rue Portefoin.;;;;;;;;;
;8357;rue;des;Audriettes;RUE DES AUDRIETTES;rue des Audriettes;;;;;;;;;;;;;;;;Supprimée par une ordonnance royale du 24 août 1836 fixant le périmètre de l'Hôtel de Ville. Elle commençait quai de la Grève (Quai de l'Hôtel de Ville) et finissait rue de la Mortellerie (rue de l'Hôtel de Ville). On écrivait aussi Haudriettes.;;;;;;;;;
;7806;cité;;Blondel;CITE BLONDEL;cité Blondel;;;;;;;;;;;;;;;;Actuellement rue Devéria.;;;;;;;;;
;7858;rue;de;Bierre;RUE DE BIERRE;rue de Bierre;;;;;;;;;;;;;;;;Ou Bierne. Voir : Bierne (rue).;;;;;;;;;
;8484;voie;;AN/12;VOIE AN/12;voie AN/12;12e;;1974-10-21;;Bel-Air;;;;;;;;;;;Dénommée rue Allard par arrêté préfectoral du 21 octobre 1974.;;;;;;;;;
;7906;rue;de;Berry;RUE DE BERRY;rue de Berry;;;1851-03-11;;;;;;;;;;;;;Dénommée partie de la rue Charlot par arrêté préfectoral du 11 mars 1851.;;;;;;;;;
;8527;rue;de l';Anglade;RUE DE L'ANGLADE;rue de l'Anglade;;;;;;;;;;;;;;;;"Supprimée par l'ouverture de la partie A de la rue de l'Echelle. Elle commençait rues de l'Evêque (Supprimé.) et des Frondeurs (Supprimé.) et finissait rue Traversière Saint-Honoré (Actuellement rue Molière). Elle a été ouverte sur un terrain vendu en 1639 à Gilbert Anglade ; aussi a-t-elle porté successivement les noms de Gilbert et d'Anglade. De Chuyes la nomme rue Neuve Saint-Antoine.";;;;;;;;;
;8541;rue;;André Malet;RUE ANDRE MALET;rue André Malet;;;;;;;;;;;;;;;;Voir : Coq (imp. du).;;;;;;;;;
;7247;chemin ou rue;du;Champ Gaillard;CHEMIN OU RUE DU CHAMP GAILLARD;chemin ou rue du Champ Gaillard;;;;;;;;;;;;;;;;Voir : Alfred Cornu (rue).;;;;;;;;;
;7278;allée;des;Chalets;ALLEE DES CHALETS;allée des Chalets;;;;;;;;;;;;;;;;Supprimé. Etait située rue Lécuyer prolongée (Supprimé.).;;;;;;;;;
;7282;sentier;de la;Chaise;SENTIER DE LA CHAISE;sentier de la Chaise;;;;;;;;;;;;;;;;Supprimé par l'ouverture de la rue Mozart (Actuellement av. Mozart). Il était situé rue de la Glacière (rue Pajou).;;;;;;;;;
;8569;passage;de l';Ambigu Comique;PASSAGE DE L'AMBIGU COMIQUE;passage de l'Ambigu Comique;;;;;;;;;;;;;;;;Supprimé par l'ouverture du boul. Voltaire. Il commençait boul. du Temple et finissait rue des Fossés du Temple (Actuellement partie de la rue Amelot).;;;;;;;;;
;15606;boulevard;du;Montparnasse;BOULEVARD DU MONTPARNASSE;boulevard du Montparnasse;;;1851-05-10;;;;;;;;;;;;;Dénommé boulevard de Vanves par arrêté préfectoral du 10 mai 1851. Actuellement boulevard Edgar Quinet.;;;;;;;;;
;15426;place;du;Parc des Tournelles;PLACE DU PARC DES TOURNELLES;place du Parc des Tournelles;;;;;;;;;;;;;;;;Supprimée par l'aménagement de la place des Vosges;;;;;;;;;
;424;rue;de la;Voirie;RUE DE LA VOIRIE;rue de la Voirie;;;;;;;;;;;;;;;;Actuellement rue Poliveau.;;;;;;;;;
;426;rue;de la;Voirie;RUE DE LA VOIRIE;rue de la Voirie;;;;;;;;;;;;;;;;Actuellement rue de Meaux.;;;;;;;;;
;472;rue;de;Vin le Roi;RUE DE VIN LE ROI;rue de Vin le Roi;;;;;;;;;;;;;;;;Voir : Trois Maures (rue des).;;;;;;;;;
;500;passage;de la;Ville l'Évêque;PASSAGE DE LA VILLE L'EVEQUE;passage de la Ville l'Évêque;;;;;;;;;;;;;;;;Supprimé en partie. Il conduisait de la rue de Surène à la rue de l'Arcade en faisant un coude. La rue de Surène commençait alors à la rue du Chemin du Rempart (Supprimé.). La partie débouchant rue de l'Arcade forme Actuellement le pas. de la Madeleine.;;;;;;;;;
;598;rue;du;Vieil Siège aux Déchargeurs;RUE DU VIEIL SIEGE AUX DECHARGEURS;rue du Vieil Siège aux Déchargeurs;;;;;;;;;;;;;;;;Actuellement rue des Déchargeurs.;;;;;;;;;
;749;rue;des;Vaches;RUE DES VACHES;rue des Vaches;;;;;;;;;;;;;;;;Voir : Port (chemin du).;;;;;;;;;
;779;rue;de l';Union;RUE DE L'UNION;rue de l'Union;;;;;;;;;;;;;;;;Actuellement partie de la rue La Boétie.;;;;;;;;;
;947;rue;du;Tourniquet;RUE DU TOURNIQUET;rue du Tourniquet;;;;;;;;;;;;;;;;Voir : Tourniquet Saint-Jean (rue du).;;;;;;;;;
;948;ruelle;des;Tourneux;RUELLE DES TOURNEUX;ruelle des Tourneux;12e;;;;Picpus;;;;;;;;;;;Devenue rue Tourneux.;;;;;;;;;
;1818;pont;;Saint-Charles;PONT SAINT-CHARLES;pont Saint-Charles;;;;;;;;;;;;;;;;Supprimé. Il mettait en communication les bâtiments de l'Hôtel Dieu situés dans la Cité et ceux de la rive gauche de la Seine. Pendant la Révolution il a porté le nom de pont de l'Humanité.;;;;;;;;;
;2016;chemin de ronde;du;Roule;CHEMIN DE RONDE DU ROULE;chemin de ronde du Roule;;;;;;;;;;;;;;;;Englobé dans les immeubles riverains de l'avenue de Wagram. Il était compris entre la rue du Faubourg Saint-Honoré et l'avenue de Champs Elysées.;;;;;;;;;
;2020;impasse;;Rougevin;IMPASSE ROUGEVIN;impasse Rougevin;;;;;;;;;;;;;;;;Supprimé. Absorbée en 1841 par la rue de Boulogne (Actuellement rue Ballu), lors de son ouverture. Elle a été appelée également imp. de Tivoli.;;;;;;;;;
;2179;rue;;Renaud Lefèvre;RUE RENAUD LEFEVRE;rue Renaud Lefèvre;;;1854-12-31;;;;;;;;;;;;;Supprimée en 1854. Elle commençait place Baudoyer et finissait au Marché Saint-Jean (supprimé). En 1300, Guillot la nomme Renaut Lefèvre. En 1522, Regnault, Regnaud le Feure ou le Fèvre. La Caille écrit Renard le Fèvre.;;;;;;;;;
;2149;petite rue;de;Reuilly;PETITE RUE DE REUILLY;petite rue de Reuilly;12e;;1864-08-24;;Picpus;;;;;;;;;;;Dénommée rue Érard par décret impérial du 24 août 1864.;;;;;;;;;
;1927;porte;;Royale;PORTE ROYALE;porte Royale;;;;;;;;;;;;;;;;Voir : Saint-Denis (porte).;;;;;;;;;
;1997;route;;Départementale N° 15;ROUTE DEPARTEMENTALE N? 15;route Départementale N° 15;;;;;;;;;;;;;;;;Actuellement partie de l'avenue de Villiers.;;;;;;;;;
;2460;quai;de la;Poulaillerie;QUAI DE LA POULAILLERIE;quai de la Poulaillerie;;;;;;;;;;;;;;;;Actuellement partie du quai de la Mégisserie.;;;;;;;;;
;2466;rue;outre la;Poterne Nicolas Hydron;RUE OUTRE LA POTERNE NICOLAS HYDRON;rue outre la Poterne Nicolas Hydron;;;;;;;;;;;;;;;;Actuellement partie de la rue Beaubourg.;;;;;;;;;
;2370;rue;;Prouvelle;RUE PROUVELLE;rue Prouvelle;;;;;;;;;;;;;;;;Ou Prouvoires ou encore Provaires. Actuellement rue des Prouvaires.;;;;;;;;;
;2377;passage;du;Progrès;PASSAGE DU PROGRES;passage du Progrès;;;;;;;;;;;;;;;;Supprimé. Commençait avenue de la Porte d'Ivry, finissait boulevard de la Zone.;;;;;;;;;
;2607;rue;de la;Pologne;RUE DE LA POLOGNE;rue de la Pologne;;;;;;;;;;;;;;;;Actuellement partie de la rue de l'Arcade.;;;;;;;;;
;2608;grant rue;des;Poitevins;GRANT RUE DES POITEVINS;grant rue des Poitevins;;;;;;;;;;;;;;;;Actuellement rue des Poitevins.;;;;;;;;;
;2622;petite rue;;Poissonnière;PETITE RUE POISSONNIERE;petite rue Poissonnière;;;;;;;;;;;;;;;;Actuellement rue Notre-Dame de Recouvrance.;;;;;;;;;
;4464;rue;;Leloy;RUE LELOY;rue Leloy;;;;;;;;;;;;;;;;Actuellement rue Hassard.;;;;;;;;;
;4505;rue;;Latérale à l'Église Saint-Joseph;RUE LATERALE A L'EGLISE SAINT-JOSEPH;rue Latérale à l'Église Saint-Joseph;11e;;1875-02-10;;Folie-Méricourt;;;;;;;;;;;Dénommée rue Darboy et rue Deguerry par arrêté préfectoral du 10 février 1875.;;;;;;;;;
;4409;ruelle;de la;Licorne;RUELLE DE LA LICORNE;ruelle de la Licorne;04e;;;;Notre-Dame;;;;;;;;;;;Supprimé. Elle commençait rue de la Licorne et finissait rue de la Juiverie (Ile de la Cité).;;;;;;;;;
;4537;galerie;;Lalleman;GALERIE LALLEMAN;galerie Lalleman;;;;;;;;;;;;;;;;Supprimé. Elle était située rue de Clignancourt, 5.;;;;;;;;;
;4281;avenue;de;Magenta;AVENUE DE MAGENTA;avenue de Magenta;;;;;;;;;;;;;;;;Voir : Obélisque (rue de l').;;;;;;;;;
;4292;rue;;Madame de Valence;RUE MADAME DE VALENCE;rue Madame de Valence;;;;;;;;;;;;;;;;Voir : Taranne (rue).;;;;;;;;;
;4330;porte;du;Louvre;PORTE DU LOUVRE;porte du Louvre;;;;;;;;;;;;;;;;Elle était située sur le quai au pied d'une tour de l'enceinte de Philippe-Auguste.;;;;;;;;;
20;4390;impasse;du;Lion d'Or;IMPASSE DU LION D'OR;impasse du Lion d'Or;12e;1957-02-12;;;Picpus;;;;;rue Érard, 8 bis.;;;;;;Supprimée lors de l'aménagement de l'îlot Saint-Eloi.;Décision préfectorale du 12 février 1957;;;;;;;;
;7689;impasse;;Boufflers;IMPASSE BOUFFLERS;impasse Boufflers;03e;;1877-02-01;;Enfants-Rouges;;;;;;;;;;;Dénommée cité Dupetit-Thouars par arrêté préfectoral du 1er février 1877.;;;;;;;;;
;8298;rue;des;Aveugles;RUE DES AVEUGLES;rue des Aveugles;;;;;;;;;;;;;;;;Ou Aveugle (rue de l'). Voir : Aveugle (rue de l').;;;;;;;;;
;8340;rue;;Aulart;RUE AULART;rue Aulart;;;;;;;;;;;;;;;;Ou Aulard. Voir : Aulard (rue).;;;;;;;;;
;7777;pont;de;Bois;PONT DE BOIS;pont de Bois;;;;;;;;;;;;;;;;Remplacé par le Pont Saint-Louis.;;;;;;;;;
;7817;ruelle;des;Blanchisseuses;RUELLE DES BLANCHISSEUSES;ruelle des Blanchisseuses;;;;;;;;;;;;;;;;Actuellement partie de la rue Georges Bizet.;;;;;;;;;
;7820;rue;;Blanche de Castille;RUE BLANCHE DE CASTILLE;rue Blanche de Castille;;;;;;;;;;;;;;;;Actuellement rue Saint-Louis en l'Ile.;;;;;;;;;
;7859;rue;;Bierne;RUE BIERNE;rue Bierne;;;;;;;;;;;;;;;;Ou de Bierre. Voir : Venise (imp. de).;;;;;;;;;
;8449;rue;de l';Arche;RUE DE L'ARCHE;rue de l'Arche;;;;;;;;;;;;;;;;Voir : Commissaires (cul-de-sac des).;;;;;;;;;
;8472;place;;Apport Paris;PLACE APPORT PARIS;place Apport Paris;;;;;;;;;;;;;;;;Supprimé. Elle était située devant le grand Châtelet à l'entrée de la rue Saint-Denis.;;;;;;;;;
;7888;rue;de;Bethmont;RUE DE BETHMONT;rue de Bethmont;;;;;;;;;;;;;;;;Actuellement rue Hector Malot.;;;;;;;;;
;7923;porte;de;Bercy;PORTE DE BERCY;porte de Bercy;12e;;;;Bercy;;;;;;;;;;;Supprimé. Etait située boul. Poniatowski dans l'axe du quai de Bercy.;;;;;;;;;
;8529;boulevard;des;Anges;BOULEVARD DES ANGES;boulevard des Anges;;;;;;;;;;;;;;;;Actuellement partie du boul. de la Chapelle entre les rues Marx Dormoy et de la Charbonnière.;;;;;;;;;
;7264;rue;du;Champ D'Albiac;RUE DU CHAMP D'ALBIAC;rue du Champ D'Albiac;;;;;;;;;;;;;;;;"Supprimé. Ouverte vers 1540 ; elle commençait rue du Noir (Actuellement rue Gracieuse), et finissait rue de l'Epée de Bois. Son nom lui venait du sieur d'Albiac, qui possédait en cet endroit des terrains assez considérables.";;;;;;;;;
;7273;rue;de;Chalon;RUE DE CHALON;rue de Chalon;;;;;;;;;;;;;;;;Ou Châlons. Actuellement partie de la rue Beaubourg.;;;;;;;;;
;7495;voie;;BU/12;VOIE BU/12;voie BU/12;12e;;1993-02-11;;Bercy;;;;;;;;;;;Dénommée rue des Pirogues de Bercy par arrêté municipal du 11 février 1993.;;;;;;;;;
;8149;place;de la;Barrière Saint-Jacques;PLACE DE LA BARRIERE SAINT-JACQUES;place de la Barrière Saint-Jacques;;;;;;;;;;;;;;;;Actuellement place Saint-Jacques.;;;;;;;;;
;8179;rue;de la;Barre Saint-Merri;RUE DE LA BARRE SAINT-MERRI;rue de la Barre Saint-Merri;;;;;;;;;;;;;;;;Actuellement rue des Juges Consuls.;;;;;;;;;
;7515;rue;aux;Bulliers;RUE AUX BULLIERS;rue aux Bulliers;;;;;;;;;;;;;;;;Actuellement rue du Bouloi.;;;;;;;;;
;8215;petite rue;du;Banquier;PETITE RUE DU BANQUIER;petite rue du Banquier;;;;;;;;;;;;;;;;Actuellement rue Watteau.;;;;;;;;;
;7562;ruelle;aux;Bretons;RUELLE AUX BRETONS;ruelle aux Bretons;;;;;;;;;;;;;;;;Supprimé. au XVe siècle. Elle était située rue de la Mortellerie (Actuellement rue de l'Hôtel de Ville).;;;;;;;;;
;7588;porte;de;Braque;PORTE DE BRAQUE;porte de Braque;;;;;;;;;;;;;;;;Voir : Chaume (poterne du).;;;;;;;;;
;7628;rue;des;Bourguignons;RUE DES BOURGUIGNONS;rue des Bourguignons;;;;;;;;;;;;;;;;Supprimée par l'ouverture du boulevard de Port-Royal. Elle allait de la rue de Lourcine (Actuellement rue Broca) à la rue de la Santé. Elle aurait aussi porté le nom de rue de Bourgogne.;;;;;;;;;
;6267;rue;des;Deux Lions;RUE DES DEUX LIONS;rue des Deux Lions;;;;;;;;;;;;;;;;Actuellement rue de l'Indre.;;;;;;;;;
;6273;rue;des;Deux Ermites;RUE DES DEUX ERMITES;rue des Deux Ermites;04e;;1865-05-22;;Notre-Dame;;;;;rue Cocatrix (Supprimée).;rue des Marmousets (Supprimée);;;;;Supprimée par l'agrandissement de l'Hôtel Dieu (décret du 22 mai 1865). En 1220, cour Ferri de Paris. En 1300, rue de la Confrérie Notre-Dame. Au XVIe siècle, rue de l'Armite, puis rue des Hermites, de l'Hermite ou des Ermites et des Deux Hermites. En 1640, rue des Deux Serviteurs.;;;;;;;;;
;6971;rue;du;Chemin Vicinal;RUE DU CHEMIN VICINAL;rue du Chemin Vicinal;12e;;1885-12-03;;Picpus;;;;;;;;;;;Dénommée rue Jaucourt par arrêté préfectoral du 10 novembre 1885 approuvé par décret du 3 décembre 1885;;;;;;;;;
;4972;rue;de la;Hiaumerie;RUE DE LA HIAUMERIE;rue de la Hiaumerie;;;;;;;;;;;;;;;;Voir : Heaumerie (rue de la).;;;;;;;;;
;4995;rue;de l';Herberie;RUE DE L'HERBERIE;rue de l'Herberie;;;;;;;;;;;;;;;;Voir : Calandre (rue de la).;;;;;;;;;
;6309;ruelle;;Denys Moreau;RUELLE DENYS MOREAU;ruelle Denys Moreau;;;;;;;;;;;;;;;;Supprimé. Elle était parallèle à la rue Triperet (Supprimé.).;;;;;;;;;
;6329;cité;;Delorme;CITE DELORME;cité Delorme;;;;;;;;;;;;;;;;Supprimé. Elle était située rue de Courcelles, 32.;;;;;;;;;
;6988;rue;du;Chemin de Pantin;RUE DU CHEMIN DE PANTIN;rue du Chemin de Pantin;;;;;;;;;;;;;;;;Actuellement partie de la rue La Fayette.;;;;;;;;;
;7009;;;Chemin de Grande Communication N° 16;CHEMIN DE GRANDE COMMUNICATION N? 16;Chemin de Grande Communication N° 16;;;;;;;;;;;;;;;;Actuellement boul. de Douaumont, boul. de l'Yser, boul. de la Somme, boul. de Reims, boul. du Fort de Vaux, boul. du Fort de Vaux, boul. Pershing (partie B), boul. Gouvion-Saint-Cyr, rue de Sablonville et boul. de Dixmude.;;;;;;;;;
;7010;partie du;;Chemin de Grande Communication N° 1;PARTIE DU CHEMIN DE GRANDE COMMUNICATION N? 1;partie du Chemin de Grande Communication N° 1;;;;;;;;;;;;;;;;Actuellement quai Saint-Exupéry.;;;;;;;;;
;7019;sentier;du;Chemin de Fer;SENTIER DU CHEMIN DE FER;sentier du Chemin de Fer;12e;;1877-02-01;;Bel-Air;;;;;;;;;;;Dénommée rue du Gabon par arrêté préfectoral du 1er février 1877.;;;;;;;;;
;7037;rue;de la;Chausseterie;RUE DE LA CHAUSSETERIE;rue de la Chausseterie;;;;;;;;;;;;;;;;Actuellement partie de la rue Saint-Honoré.;;;;;;;;;
;7050;impasse;;Chaudron;IMPASSE CHAUDRON;impasse Chaudron;;;;;;;;;;;;;;;;Supprimé. Elle était située rue Chaudron (rue des Panoyaux).;;;;;;;;;
;5051;rue;;Haute des Ursins;RUE HAUTE DES URSINS;rue Haute des Ursins;04e;;1865-05-22;;Notre-Dame;;;;;rue Saint-Landry (Supprimée).;rue Glatigny (Supprimée);;;;;Supprimée par la reconstruction de l'Hôtel Dieu (décret du 22 mai 1865). On pense que c'est la voie appelée par Guillot rue de l'Image. En 1369, rue de la Petite Image Sainte-Catherine.;;;;;Dû à l'hôtel des Ursins.;;;;
;5053;rue;d';Hautbertois;RUE D'HAUTBERTOIS;rue d'Hautbertois;;;;;;;;;;;;;;;;Ou Haut Bertois. Voir : Haut Bertois (rue).;;;;;;;;;
;5055;rue;du;Haut Moulin en la Cité;RUE DU HAUT MOULIN EN LA CITE;rue du Haut Moulin en la Cité;04e;;1865-05-22;;Notre-Dame;;;;;rue Glatigny (supprimée).;rue de la Cité;;;;;Supprimée par la reconstruction de l'Hôtel Dieu (décret du 22 mai 1865). Vers 1300, rue Saint-Denis de la Chartre. Au XVIe siècle, une partie se nommait des Hauts Moulins et l'autre Saint-Symphorien.;;;Dite aussi rue des Hauts Moulins;;;;;;
;6388;rue;des;Dames Hospitalières;RUE DES DAMES HOSPITALIERES;rue des Dames Hospitalières;;;;;;;;;;;;;;;;Actuellement rue des Hospitalières Saint-Gervais.;;;;;;;;;
;6401;ruelle;;Dagouri;RUELLE DAGOURI;ruelle Dagouri;;;;;;;;;;;;;;;;Actuellement partie de la rue Alibert.;;;;;;;;;
;7066;avenue;de;Chateaubriand;AVENUE DE CHATEAUBRIAND;avenue de Chateaubriand;;;;;;;;;;;;;;;;Actuellement partie de la rue Arsène Houssaye.;;;;;;;;;
;7081;villa;;Chaté;VILLA CHATE;villa Chaté;12e;;;;Bel-Air;;;;;;;;;;;Actuellement villa du Sahel.;;;;;;;;;
;7092;rue;du;Chasse Midi;RUE DU CHASSE MIDI;rue du Chasse Midi;;;;;;;;;;;;;;;;Actuellement partie de la rue du Cherche-Midi entre le carrefour de la Croix Rouge et la rue du Regard. Précédemment, chemin de Vaugirard, chemin de la Croix de Vaugirard, chemin de la Tuilerie, chemin de la Vieille Tuilerie ou chemin de la Pointe, rue des Vieilles Tuileries autrement dit de Cherche Midy, rue de Chasse Midy dite du Petit Vaugirard puis rue du Chasse Midi.;;;;;;;;;
;5103;rue;;Guy le Queux;RUE GUY LE QUEUX;rue Guy le Queux;;;;;;;;;;;;;;;;Actuellement rue Gît-le-Coeur.;;;;;;;;;
;5741;vicus;;Firmarii;VICUS FIRMARII;vicus Firmarii;;;;;;;;;;;;;;;;Voir : Saint-Landry (rue).;;;;;;;;;
;5742;passage;;Finet;PASSAGE FINET;passage Finet;;;;;;;;;;;;;;;;Voir : Finet (imp.).;;;;;;;;;
;6449;allée;;Crouslé;ALLEE CROUSLE;allée Crouslé;;;;;;;;;;;;;;;;Supprimé. par l'aménagement de la villa Dancourt.;;;;;;;;;
;4577;rue;de;La Fresnaie;RUE DE LA FRESNAIE;rue de La Fresnaie;;;;;;;;;;;;;;;;Actuellement partie de la rue de Babylone.;;;;;;;;;
;4513;cul-de-sac;au;Lard;CUL-DE-SAC AU LARD;cul-de-sac au Lard;;;;;;;;;;;;;;;;Supprimé. par l'ouverture de la rue des Halles. Il était situé dans la rue Lenoir Saint-Honoré dont une partie forme la rue des Bourdonnais.;;;;;;;;;
;4516;rue;de la;Lanterne des Arcis;RUE DE LA LANTERNE DES ARCIS;rue de la Lanterne des Arcis;04e;;;;Saint-Merri;;;;;;;;;;;Actuellement partie de la rue Pernelle.;;;;;;;;;
;4319;rue;de;Luxembourg;RUE DE LUXEMBOURG;rue de Luxembourg;;;;;;;;;;;;;;;;Actuellement partie de la rue de Vaugirard.;;;;;;;;;
;4362;rue;de;Lorcines;RUE DE LORCINES;rue de Lorcines;;;;;;;;;;;;;;;;Ou Lourcine ou encore Loursine. Actuellement rues Edouard Quénu, Broca et Léon-Maurice Nordmann.;;;;;;;;;
;7661;rue;;Bourbon;RUE BOURBON;rue Bourbon;;;;;;;;;;;;;;;;Actuellement partie de la rue d'Aboukir.;;;;;;;;;
;7667;rue;de la;Bouqueterie;RUE DE LA BOUQUETERIE;rue de la Bouqueterie;;;;;;;;;;;;;;;;Supprimé. Elle était anciennement située près de Saint-Julien le Pauvre.;;;;;;;;;
;8283;voie;;AX/12;VOIE AX/12;voie AX/12;12e;;1987-12-28;;Bel-Air;;;;;;;;;;;Dénommée rue André Derain par arrêté municipal du 28 décembre 1987.;;;;;;;;;
;8311;rue;d';Autruche dite du Louvre;RUE D'AUTRUCHE DITE DU LOUVRE;rue d'Autruche dite du Louvre;;;;;;;;;;;;;;;;Voir : Autriche (rue d').;;;;;;;;;
;7699;rue;des;Bouchers;RUE DES BOUCHERS;rue des Bouchers;;;;;;;;;;;;;;;;Actuellement rue de Braque.;;;;;;;;;
;7716;rue;du;Bouc Thibout;RUE DU BOUC THIBOUT;rue du Bouc Thibout;;;;;;;;;;;;;;;;Voir : Bourg Thiébault (rue du).;;;;;;;;;
;7740;barrière;des;Bons Hommes;BARRIERE DES BONS HOMMES;barrière des Bons Hommes;;;;;;;;;;;;;;;;Voir : Passy (barrière de).;;;;;;;;;
;7741;cité;des;Bons Garçons;CITE DES BONS GARCONS;cité des Bons Garçons;;;;;;;;;;;;;;;;Supprimé. Etait située av. de la Porte de Montmartre.;;;;;;;;;
;7743;rue;des;Bons Enfants;RUE DES BONS ENFANTS;rue des Bons Enfants;;;;;;;;;;;;;;;;Voir : Versailles (rue de).;;;;;;;;;
;7112;rue;;Charrori;RUE CHARRORI;rue Charrori;;;;;;;;;;;;;;;;Voir : Perpignan (rue de).;;;;;;;;;
;7120;rue;des;Charrettes;RUE DES CHARRETTES;rue des Charrettes;;;;;;;;;;;;;;;;Et Charrière (rue de la). Actuellement imp. Chartière.;;;;;;;;;
;7128;rue;;Charoui;RUE CHAROUI;rue Charoui;;;;;;;;;;;;;;;;Voir : Perpignan (rue de).;;;;;;;;;
;5134;cul-de-sac;du;Guichet;CUL-DE-SAC DU GUICHET;cul-de-sac du Guichet;;;;;;;;;;;;;;;;Actuellement partie de la rue de l'Echaudé.;;;;;;;;;
;5138;avenue;;Guibert;AVENUE GUIBERT;avenue Guibert;;;;;;;;;;;;;;;;Actuellement av. de Ségur.;;;;;;;;;
;5150;rue;;Guérin Boucel;RUE GUERIN BOUCEL;rue Guérin Boucel;;;;;;;;;;;;;;;;Ou Guérin Bancel. Actuellement rue Guérin-Boisseau.;;;;;;;;;
;5157;porte;;Gueffière;PORTE GUEFFIERE;porte Gueffière;;;;;;;;;;;;;;;;Voir : Treille (pas. de la).;;;;;;;;;
;5778;rue;;Ferri des Poulies;RUE FERRI DES POULIES;rue Ferri des Poulies;;;;;;;;;;;;;;;;Actuellement partie de la rue des Francs Bourgeois.;;;;;;;;;
;5803;rue;de;Fer;RUE DE FER;rue de Fer;;;;;;;;;;;;;;;;Actuellement rues des Fossés Saint-Marcel et Le Brun.;;;;;;;;;
;6490;rue;du;Croc;RUE DU CROC;rue du Croc;;;;;;;;;;;;;;;;Voir : Jean Pain Mollet (rue).;;;;;;;;;
;6506;rue;de la;Couture du Temple;RUE DE LA COUTURE DU TEMPLE;rue de la Couture du Temple;;;;;;;;;;;;;;;;Actuellement rue Vieille du Temple.;;;;;;;;;
;6507;rue;des;Couteliers;RUE DES COUTELIERS;rue des Couteliers;;;;;;;;;;;;;;;;Actuellement rue de la Coutellerie.;;;;;;;;;
;7171;chemin;des;Charbonniers;CHEMIN DES CHARBONNIERS;chemin des Charbonniers;;;;;;;;;;;;;;;;Actuellement rue du Niger.;;;;;;;;;
;7190;rue;de la;Chapelle de Braque;RUE DE LA CHAPELLE DE BRAQUE;rue de la Chapelle de Braque;;;;;;;;;;;;;;;;Voir : Chaume (rue du).;;;;;;;;;
;5827;rue;;Fauconnière;RUE FAUCONNIERE;rue Fauconnière;;;;;;;;;;;;;;;;Ou Fauconniers (rue des). Actuellement partie de la rue du Fauconnier.;;;;;;;;;
;5831;rue;du;Faubourg Saint-Michel;RUE DU FAUBOURG SAINT-MICHEL;rue du Faubourg Saint-Michel;;;;;;;;;;;;;;;;Actuellement av. Denfert-Rochereau et rue Henri Barbusse.;;;;;;;;;
;6556;chemin;de;Coupeau;CHEMIN DE COUPEAU;chemin de Coupeau;;;;;;;;;;;;;;;;Actuellement rue Lacépède.;;;;;;;;;
;7199;rue;;Chanvoirie;RUE CHANVOIRIE;rue Chanvoirie;;;;;;;;;;;;;;;;Voir : Chanverrerie (rue de la).;;;;;;;;;
;7232;rue;de;Champron;RUE DE CHAMPRON;rue de Champron;;;;;;;;;;;;;;;;Ou Champourri, Champrose, Champrosy, Champrou ou encore Champrousier. Voir : Champourri (rue de).;;;;;;;;;
;5215;rue;de;Graves;RUE DE GRAVES;rue de Graves;;;;;;;;;;;;;;;;Supprimé. en 1967 lors de la construction de la Faculté des Sciences de la Halle aux Vins.;;;;;;;;;
;5220;rue;de la;Grant Orberie;RUE DE LA GRANT ORBERIE;rue de la Grant Orberie;;;;;;;;;;;;;;;;Voir : Calandre (rue de la).;;;;;;;;;
;5246;rue;de la;Grande Bouclerie;RUE DE LA GRANDE BOUCLERIE;rue de la Grande Bouclerie;;;;;;;;;;;;;;;;Voir : Mâcon (rue de).;;;;;;;;;
;5875;sentier;;Eugénie Blanche;SENTIER EUGENIE BLANCHE;sentier Eugénie Blanche;;;1942-12-31;;;;;;;;;;;;;Supprimé en 1942. Était située avenue Frédéric Passy (Supprimé.).;;;;;;;;;
;6566;rue;du;Coulon;RUE DU COULON;rue du Coulon;;;;;;;;;;;;;;;;Voir : Coulons (rue aux).;;;;;;;;;
;6588;rue;de la;Cordouannerie;RUE DE LA CORDOUANNERIE;rue de la Cordouannerie;;;;;;;;;;;;;;;;Voir : Fourreurs (rue des) et Tabletterie (rue de la).;;;;;;;;;
;4593;impasse;des;Kroumirs;IMPASSE DES KROUMIRS;impasse des Kroumirs;;;;;;;;;;;;;;;;Supprimé. Elle débouchait imp. du Mont Viso (englobée par la rue Emile Blémont).;;;;;;;;;
;4610;chemin;de la;Justice;CHEMIN DE LA JUSTICE;chemin de la Justice;;;;;;;;;;;;;;;;Actuellement partie de la rue d'Alésia.;;;;;;;;;
;4613;rue;;Jusseline;RUE JUSSELINE;rue Jusseline;;;;;;;;;;;;;;;;Actuellement imp. Bouvart.;;;;;;;;;
;5255;rue;du;Grand Lion;RUE DU GRAND LION;rue du Grand Lion;;;;;;;;;;;;;;;;Voir : Petit Lion Saint-Sauveur (rue du).;;;;;;;;;
;5264;rue;de la;Granche Jehan le Bouvier;RUE DE LA GRANCHE JEHAN LE BOUVIER;rue de la Granche Jehan le Bouvier;;;;;;;;;;;;;;;;Actuellement partie de la rue du Four.;;;;;;;;;
;5268;passage;;Graffard;PASSAGE GRAFFARD;passage Graffard;;;;;;;;;;;;;;;;Supprimé. vers l'année 1868. Commençait quai de Valmy et finissait rue la Fayette, 220.;;;;;;;;;
;5305;rue;;Gloriette;RUE GLORIETTE;rue Gloriette;;;;;;;;;;;;;;;;Actuellement rue Baillet.;;;;;;;;;
;5332;rue;;Gilbert Langlois;RUE GILBERT LANGLOIS;rue Gilbert Langlois;;;;;;;;;;;;;;;;Voir : Monnaie (petite rue ou rue de la).;;;;;;;;;
;5339;porte;;Gibert;PORTE GIBERT;porte Gibert;;;;;;;;;;;;;;;;Voir : Enfer (porte d').;;;;;;;;;
;6672;rue;de la;Conroirie;RUE DE LA CONROIRIE;rue de la Conroirie;;;;;;;;;;;;;;;;Actuellement partie de la rue de Venise.;;;;;;;;;
;4695;rue;;Jehan Saint-Paul;RUE JEHAN SAINT-PAUL;rue Jehan Saint-Paul;;;;;;;;;;;;;;;;Actuellement rue du Plâtre.;;;;;;;;;
;5346;rue;;Gervais Leorens;RUE GERVAIS LEORENS;rue Gervais Leorens;;;;;;;;;;;;;;;;Voir : Gervais Laurent (rue).;;;;;;;;;
20;6700;rue;de la;Compagnie des Courtiers Gourmets;RUE DE LA COMPAGNIE DES COURTIERS GOURMETS;rue de la Compagnie des Courtiers Gourmets;12e;1958-05-31;;;Bercy;;;;;;;;;;;Supprimée en 1967 par l'élargissement du quai de Bercy. Etait située dans les entrepôts de Bercy.;Arrêté préfectoral du 31 mai 1958.;;;;La Compagnie des Courtiers gourmets, qui groupe cinquante experts dégustateurs professionnels, remonte au règlement de Charles IV le Bel, du 12 mars 1321.;;;;
;6719;rue;de la;Comédie;RUE DE LA COMEDIE;rue de la Comédie;;;;;;;;;;;;;;;;Actuellement rue de l'Ancienne Comédie.;;;;;;;;;
20;5385;rue;du;Général Michel Bizot;RUE DU GENERAL MICHEL BIZOT;rue du Général Michel Bizot;12e;1915-08-12;1916-05-24;;Bel-Air, Picpus;;;;;;;;;;;Dénommée avenue du Général Bizot par arrêté préfectoral du 24 mai 1916. Actuellement avenue du Docteur Arnold Netter et avenue du Général Michel Bizot.;Arrêté préfectoral du 12 août 1915. Précédemment rue Michel Bizot;;;;"Michel Brice Bizot (1795-1855), général du génie ; dirigea les travaux du siège de Sébastopol, où il fut tué.";;;;
;5394;rue;;Gayain;RUE GAYAIN;rue Gayain;;;;;;;;;;;;;;;;Ou Gougaud ou encore Goyani. Voir : Gougaud (rue).;;;;;;;;;
;6731;place;de la;Colonnade;PLACE DE LA COLONNADE;place de la Colonnade;;;;;;;;;;;;;;;;Actuellement place du Louvre.;;;;;;;;;
;6735;partie de la rue;du;Colonel Gillon;PARTIE DE LA RUE DU COLONEL GILLON;partie de la rue du Colonel Gillon;;;;;;;;;;;;;;;;Supprimé. Englobée par le boul. Romain Rolland.;;;;;;;;;
;4762;rue;;Jean de Fontenay;RUE JEAN DE FONTENAY;rue Jean de Fontenay;;;;;;;;;;;;;;;;Actuellement partie de la rue Serpente.;;;;;;;;;
;4774;passage;;Jean Barre;PASSAGE JEAN BARRE;passage Jean Barre;;;;;;;;;;;;;;;;Supprimé. Il conduisait du quai de la Mégisserie à la rue Saint-Germain l'Auxerrois.;;;;;;;;;
;5425;pont;de la;Gare;PONT DE LA GARE;pont de la Gare;;;;;;;;;;;;;;;;Actuellement pont de Bercy.;;;;;;;;;
;5429;rue;des;Gardénias;RUE DES GARDENIAS;rue des Gardénias;;;;;;;;;;;;;;;;Supprimé. en 1933. Elle était comprise entre les rues Boussingault et des Orchidées.;;;;;;;;;
;6090;rue;de l';Écurie;RUE DE L'ECURIE;rue de l'Écurie;;;;;;;;;;;;;;;;Voir : Carrousel (petite place du).;;;;;;;;;
;6794;rue;du;Clos Bruneau;RUE DU CLOS BRUNEAU;rue du Clos Bruneau;;;;;;;;;;;;;;;;Actuellement rue des Carmes.;;;;;;;;;
;4795;impasse;des;Jardiniers;IMPASSE DES JARDINIERS;impasse des Jardiniers;11e;;1877-02-01;;Saint-Ambroise;;;;;;;;;;;Dénommée impasse Amelot par arrêté préfectoral du 1er février 1877.;;;;;;;;;
;6095;rue;de l';Écorcherie;RUE DE L'ECORCHERIE;rue de l'Écorcherie;;;;;;;;;;;;;;;;Voir : Tannerie (rue de la).;;;;;;;;;
;6846;impasse;de;Clairvaux;IMPASSE DE CLAIRVAUX;impasse de Clairvaux;03e;;;;Sainte-Avoye;;27;2,7;;rue Saint-Martin, 178.;;;1;;;Supprimée lors de l'aménagement du secteur des Halles. C'était autrefois la ruelle de la Petite Troussevache. Elle était bâtie en 1330;;;;;Voisinage de l'ancien hôtel de Clairvaux.;;;;
;6853;vicus;;Cithare in Judearia;VICUS CITHARE IN JUDEARIA;vicus Cithare in Judearia;;;;;;;;;;;;;;;;Voir : Harpe (partie de la rue de la).;;;;;;;;;
;4862;porta;;Inferni;PORTA INFERNI;porta Inferni;;;;;;;;;;;;;;;;Voir : Enfer (porte d').;;;;;;;;;
;6865;rue;des;Cinq Diamants;RUE DES CINQ DIAMANTS;rue des Cinq Diamants;04e;;1851-03-11;;Saint-Merri;;;;;;;;;;;Dénommée partie de la rue Quincampoix par décision ministérielle du 18 février 1851 et arrêté préfectoral du 11 mars 1851.;;;;;;;;;
;6189;rue;de la;Draperie;RUE DE LA DRAPERIE;rue de la Draperie;;;;;;;;;;;;;;;;Voir : Vieille Draperie (rue de la).;;;;;;;;;
;6215;rue;où;Dieu Fut Bouilli;RUE OU DIEU FUT BOUILLI;rue où Dieu Fut Bouilli;;;;;;;;;;;;;;;;Voir : Billettes (rue des).;;;;;;;;;
;6907;barrière;de la;Chopinette;BARRIERE DE LA CHOPINETTE;barrière de la Chopinette;;;;;;;;;;;;;;;;Supprimé. Elle était située boul. de la Villette, à l'extrémité de la rue du Buisson Saint-Louis.;;;;;;;;;
;6924;chemin;de;Chevreuse;CHEMIN DE CHEVREUSE;chemin de Chevreuse;;;;;;;;;;;;;;;;Actuellement av. Jean Moulin.;;;;;;;;;
;6931;rue;du;Chevet Saint-Jean;RUE DU CHEVET SAINT-JEAN;rue du Chevet Saint-Jean;;;;;;;;;;;;;;;;Voir : Tourniquet Saint-Jean (rue du).;;;;;;;;;
;4913;passage;de l';Hôtel Tachou;PASSAGE DE L'HOTEL TACHOU;passage de l'Hôtel Tachou;;;;;;;;;;;;;;;;Supprimé. Il commençait rue du Marché Neuf (Supprimé.) et finissait rue de la Calandre (Supprimé.).;;;;;;;;;
;4930;rue;;Hortense;RUE HORTENSE;rue Hortense;;;;;;;;;;;;;;;;Actuellement partie de la rue Lambert.;;;;;;;;;
;4934;cour;de l';Horloge;COUR DE L'HORLOGE;cour de l'Horloge;;;;;;;;;;;;;;;;Supprimé. en 1932. Etait située rue du Rocher, 40.;;;;;;;;;
21;19;voie;;DU/12;VOIE DU/12;voie DU/12;12e;2016-01-01;2018-01-16;;Picpus;;;;93D4;voie dt/12, 2.;voie dv/12, 2.;;;;;Supprimée. Emprise non créée.;;;;;;;;;
;297;voie;;W/11;VOIE W/11;voie W/11;11e;;2001-09-10;;Roquette;;;;;;;;;;;Actuellement allée du philosophe.;;;;;;;;;
21;15674;voie;;DZ/12;VOIE DZ/12;voie DZ/12;12e;2024-02-08;2025-10-10;;Bercy;;;;;boulevard de Bercy, 17 ter.;rue Jorge Semprun, 16.;;25;;;Dénommée rue Sylvia Plath par délibération municipale des 7, 8, 9 et 10 octobre 2025.;Décision de numérotage du 8 février 2024.;;;;;;;;
21;15676;voie;;EB/12;VOIE EB/12;voie EB/12;12e;2024-02-08;2025-10-10;;Bercy;;;;;voie EA/12, 26.;rue Jorge Semprun, 35.;6;5;;;Dénommée rue Edmonde Charles-Roux par délibération municipale des 7, 8, 9 et 10 octobre 2025.;Décision de numérotage du 8 février 2024.;;;;;;;;
;807;rue;de la;Tuerie;RUE DE LA TUERIE;rue de la Tuerie;;;;;;;;;;;;;;;;Actuellement partie de la rue Grégoire de Tours.;;;;;;;;;
;848;impasse;des;Trois Frères;IMPASSE DES TROIS FRERES;impasse des Trois Frères;11e;;;;Sainte-Marguerite;;46;7;;boulevard de Charonne, 93.;;8;5;;;Supprimée.;;;;;;;;;
;862;ruelle;des;Trois Chandelles;RUELLE DES TROIS CHANDELLES;ruelle des Trois Chandelles;12e;;1877-02-01;;Picpus;;;;;;;;;;;Dénommée rue de la Durance par arrêté préfectoral du 1er février 1877.;;;;;;;;;
;865;rue;des;Trois Canettes;RUE DES TROIS CANETTES;rue des Trois Canettes;04e;;1865-05-22;;Notre-Dame;;;;;rue Saint-Christophe (Supprimée).;rue de la Licorne (Supprimée);;;;;Supprimée par la reconstruction de l'Hôtel Dieu (décret du 22 mai 1865). D'après Guillot elle aurait porté le nom de rue de la Pomme. En 1480, elle est nommée rue de la Pomme Rouge et rue des Canettes. Le nom de la Pomme était appliqué à la partie aboutissant à la rue Saint-Christophe. Sauval donne l'extrait d'un compte de 1421, où est indiquée une rue de l'Homme Sauvage, qui paraît être celle-ci.;;;;;;;;;
;883;pont;de la;Triperie;PONT DE LA TRIPERIE;pont de la Triperie;;;;;;;;;;;;;;;;Il était situé sur la Bièvre, rue Mouffetard.;;;;;;;;;
;886;rue;;Tripellé;RUE TRIPELLE;rue Tripellé;;;;;;;;;;;;;;;;Ou Tripelle ou encore Tripolet. Voir : Tripelle (rue).;;;;;;;;;
;647;rue;de la;Verrerie;RUE DE LA VERRERIE;rue de la Verrerie;;;;;;;;;;;;;;;;Actuellement partie de la rue de Vaugirard.;;;;;;;;;
;662;rue;;Verdelet;RUE VERDELET;rue Verdelet;;;;;;;;;;;;;;;;Ou Verderet. La rue Verdelet, qui était comprise entre les rues Jean-Jacques Rousseau et de la Jussienne, avait porté les noms de la rue Mardelet ou Marderet (XIIIe siècle), Breneuse et enfin de rue Verderet ou Verdelet. Voir : Pagevin (rue).;;;;;;;;;
;677;rue;aux;Veaux;RUE AUX VEAUX;rue aux Veaux;04e;;;;Saint-Merri;;;;;;;;;;;Supprimée par l'ouverture de l'avenue Victoria. Elle commençait rue Saint-Jacques la Boucherie (Supprimé.) et finissait rue Saint-Martin. Au XIVe siècle, on la nommait place aux Sainctyons. En 1488, c'était la rue de la Tannerie. Au XVe siècle, rue aux Veaux. Corrozet la nomme place aux Veaux. Plus tard, rue de la vieille place aux Veaux.;;;;;;;;;
;681;passage;du;Vauxhall;PASSAGE DU VAUXHALL;passage du Vauxhall;;;;;;;;;;;;;;;;Actuellement partie de la rue Léon Jouhaux.;;;;;;;;;
;724;quai;de la;Vallée de Misère;QUAI DE LA VALLEE DE MISERE;quai de la Vallée de Misère;;;;;;;;;;;;;;;;Actuellement partie du quai de la Mégisserie.;;;;;;;;;
;978;rue;de la;Tonnellerie;RUE DE LA TONNELLERIE;rue de la Tonnellerie;04e;;;;Saint-Merri;;;;;;;;;;;Voir : Jean de l'Epine (rue).;;;;;;;;;
;1016;rue;;Thomas d'Argenteuil;RUE THOMAS D'ARGENTEUIL;rue Thomas d'Argenteuil;;;;;;;;;;;;;;;;Voir : Poirées (rue des) ou Porées (rue des).;;;;;;;;;
;1051;passage;du;Théâtre de la Gaîté;PASSAGE DU THEATRE DE LA GAITE;passage du Théâtre de la Gaîté;;;;;;;;;;;;;;;;Supprimé. Il conduisait du boulevard du Temple à la rue des Fossés du Temple (Actuellement rue Amelot).;;;;;;;;;
;1065;rue;;Tête Barrée;RUE TETE BARREE;rue Tête Barrée;;;;;;;;;;;;;;;;Actuellement partie de la rue du Fauconnier.;;;;;;;;;
;1106;rue;du;Talus du Cours;RUE DU TALUS DU COURS;rue du Talus du Cours;12e;;;;Bel-Air;;240;6;;avenue Lamoricière.;rue du Talus du Cours à la limite du territoire de Saint-Mandé;20;;;;Située autrefois sur le territoire de Saint-Mandé annexé à Paris par décret du  18 avril 1929.;;;;;Lieu-dit.;Arrêté préfectoral du 12 janvier 1955, entre l'avenue Lamoricière et le boulevard Carnot. Arrêté préfectoral du 14 octobre 1958, entre le boulevard Carnot et la limite administrative de Paris;;;
;1111;rue;;Taille-Pain;RUE TAILLE-PAIN;rue Taille-Pain;04e;;1909-06-19;;Saint-Merri;;;;;;;;;;;Supprimée par décret du 19 juin 1909 (création d'un groupe scolaire). Elle s'étendait entre la rue du Cloître Saint-Merri et la rue Brisemiche. C'était en 1207, la rue Bay le Hoeu. En 1420, la rue Brisemiche. En 1540, la rue Bailleheu ou Baillehoe. Puis la rue Brisepain, Machepain, Tranchepain, Planchepain. Elle a aussi porté le nom de rue de l'Estable du Cloître.;;;;;;;;;
;1119;passage;du;Syndicat;PASSAGE DU SYNDICAT;passage du Syndicat;;;;;;;;;;;;;;;;Actuellement partie du pas. de Thionville et rue Léon Giraud.;;;;;;;;;
;1384;rue;;Sainte-Françoise;RUE SAINTE-FRANCOISE;rue Sainte-Françoise;;;;;;;;;;;;;;;;Actuellement rue du Roi Doré.;;;;;;;;;
;1545;rue;;Saint-Michel;RUE SAINT-MICHEL;rue Saint-Michel;;;;;;;;;;;;;;;;Voir : Arts (rue des).;;;;;;;;;
;1414;cour;;Sainte-Catherine;COUR SAINTE-CATHERINE;cour Sainte-Catherine;;;;;;;;;;;;;;;;Maintenant occupée par un groupe scolaire. Son entrée est conservée rue Saint-Denis presque vis-à-vis de la rue du Ponceau.;;;;;;;;;
;1447;rue;;Saint-Vannes;RUE SAINT-VANNES;rue Saint-Vannes;;;1817-12-31;;;;;;;;;;;;;Supprimée en 1817, par l'ouverture de la rue Conté. Elle allait de la rue Saint-Maur (Supprimé.) à la place Saint-Vannes (Supprimé.). Cette voie était parallèle à la rue Royale (Actuellement rue Réaumur) et longeait le jardin de l'abbaye Saint-Martin des Champs.;;;;;;;;;
;1462;rue;;Saint-Soulpice;RUE SAINT-SOULPICE;rue Saint-Soulpice;;;;;;;;;;;;;;;;Actuellement rue des Canettes.;;;;;;;;;
;1476;rue;;Saint-René;RUE SAINT-RENE;rue Saint-René;;;;;;;;;;;;;;;;Actuellement rue de Quatrefages.;;;;;;;;;
;1480;passage;;Saint-Pierre du Temple;PASSAGE SAINT-PIERRE DU TEMPLE;passage Saint-Pierre du Temple;11e;;1877-02-01;;Folie-Méricourt;;;;;;;;;;;Dénommé passage de la Reuss par arrêté préfectoral du 1er février 1877. Actuellement rue Jules Verne.;;;;;;;;;
;1512;passage;;Saint-Paul et Saint-Éloi;PASSAGE SAINT-PAUL ET SAINT-ELOI;passage Saint-Paul et Saint-Éloi;04e;;;;Arsenal;;;;;;;;;;;Voir : passage Saint-Pierre. Actuellement partie des rues Neuve Saint-Pierre et de l'Hôtel Saint-Paul.;;;;;;;;;
;1532;rue;;Saint-Nicolas;RUE SAINT-NICOLAS;rue Saint-Nicolas;;;;;;;;;;;;;;;;Actuellement partie de la rue Villehardouin.;;;;;;;;;
;1287;cul-de-sac;;sans Tête;CUL-DE-SAC SANS TETE;cul-de-sac sans Tête;;;;;;;;;;;;;;;;Actuellement imp. Beaubourg.;;;;;;;;;
;1308;galerie;du;Salon;GALERIE DU SALON;galerie du Salon;;;;;;;;;;;;;;;;Voir : Saumon (pas. du).;;;;;;;;;
;1310;rue;;Salle au Comte;RUE SALLE AU COMTE;rue Salle au Comte;;;;;;;;;;;;;;;;"Supprimée par l'ouverture du boulevard de Sébastopol. Elle commençait anciennement rue Saint-Magloire (Supprimé.) et finissait rue aux Ours (Actuellement rue Etienne Marcel). Son prolongement jusqu'à la rue Rambuteau, en 1843, avait englobé le cul-de-sac Saint-Magloire. En 1312, cette voie finissait en cul-de-sac ; au XVe siècle, c'était la rue du Comte de Dammartin, puis la rue de la Salle du Comte. En 1623, rue Salle au Comte, et aussi cour Saint-Leu.";;;;;;;;;
;1329;passage;;Sainte-Marine;PASSAGE SAINTE-MARINE;passage Sainte-Marine;04e;;1865-05-22;;Notre-Dame;;;;;impasse Sainte-Marine (Supprimée).;rue du Cloître Notre-Dame;;;;;Supprimé par le redressement de la rue d'Arcole (décret du 22 mai 1865).;;;;;;;;;
;1336;rue;;Sainte-Marie du Temple;RUE SAINTE-MARIE DU TEMPLE;rue Sainte-Marie du Temple;11e;;1877-02-01;;Folie-Méricourt;;;;;;;;;;;Dénommée rue de la Présentation par arrêté préfectoral du 1er février 1877.;;;;;;;;;
;1832;porte;;Saint-Bernard;PORTE SAINT-BERNARD;porte Saint-Bernard;;;;;;;;;;;;;;;;Elle était située sur le quai de la Tournelle entre la rue des Fossés Saint-Bernard et le pont de la Tournelle. Elle faisait partie de l'enceinte de Philippe-Auguste.;;;;;;;;;
;1838;passage;;Saint-Benoît;PASSAGE SAINT-BENOIT;passage Saint-Benoît;;;;;;;;;;;;;;;;Supprimé par l'ouverture de la rue des Ecoles. Il faisait communiquer la rue du Cloître Saint-Benoît à la rue de la Sorbonne.;;;;;;;;;
;1841;cour;;Saint-Benoît;COUR SAINT-BENOIT;cour Saint-Benoît;;;;;;;;;;;;;;;;Supprimée. Elle était située à l'angle des rues des Charbonniers et de l'Arbalète.;;;;;;;;;
;1850;place;;Saint-Antoine;PLACE SAINT-ANTOINE;place Saint-Antoine;;;;;;;;;;;;;;;;Englobée dans la place de la Bastille. Elle était située au débouché des rues Amelot, de la Roquette, du Faubourg Saint-Antoine et de la rue de la Contrescarpe.;;;;;;;;;
;1851;petite rue;;Saint-Antoine;PETITE RUE SAINT-ANTOINE;petite rue Saint-Antoine;04e;;1877-02-01;;Arsenal;;;;;;;;;;;Dénommée rue de la Bastille par arrêté préfectoral du 1er février 1877.;;;;;;;;;
;1862;rue;;Saint-André des Arcs;RUE SAINT-ANDRE DES ARCS;rue Saint-André des Arcs;;;;;;;;;;;;;;;;Ou Saint-André, Saint-André de Laas ou encore Saint-Andrieu. Actuellement rue Saint-André des Arts.;;;;;;;;;
;1701;petite rue;;Saint-Hippolyte;PETITE RUE SAINT-HIPPOLYTE;petite rue Saint-Hippolyte;;;;;;;;;;;;;;;;Voir : Pierre Assis (rue).;;;;;;;;;
;1731;port;;Saint-Germain;PORT SAINT-GERMAIN;port Saint-Germain;;;;;;;;;;;;;;;;Actuellement quai Malaquais.;;;;;;;;;
;1733;grant rue;;Saint-Germain;GRANT RUE SAINT-GERMAIN;grant rue Saint-Germain;;;;;;;;;;;;;;;;Voir : Boucheries Saint-Germain (rue des).;;;;;;;;;
;1784;passage;;Saint-Denis;PASSAGE SAINT-DENIS;passage Saint-Denis;;;;;;;;;;;;;;;;Supprimé. par l'ouverture du boul. de Sébastopol. Il commençait rue Greneta et finissait pas. Basfour.;;;;;;;;;
;1796;rue;;Saint-Côme;RUE SAINT-COME;rue Saint-Côme;;;;;;;;;;;;;;;;Actuellement partie de la rue d'Aboukir.;;;;;;;;;
;2030;impasse;de;Rouan;IMPASSE DE ROUAN;impasse de Rouan;;;;;;;;;;;;;;;;Actuellement rue du Jardinet.;;;;;;;;;
19;2178;rue;;Renault;RUE RENAULT;rue Renault;11e;1875-02-10;1967-09-29;;Saint-Ambroise;;45;30;;avenue Parmentier, 36.;rue du Général Blaise, 5;8;7;Décret du 26 novembre 1883;;Dénommée rue du Général Renault par arrêté du 29 septembre 1967. Ouverte sur l'emplacement de l'ancien abattoir de Ménilmontant (Délibération du conseil municipal du 27 août 1869).;Décret du 10 février 1875.;Décret du 26 novembre 1883;;Arrêté du 7 juin 1875;"Pierre Hippolyte Publius Renault (1807-1870), général de division, tué à la bataille de Champigny ; quartier où ont été groupés des noms d'officiers tués pendant la défense de Paris.";;Décret du 26 novembre 1883;;
;2206;route;de la;Reine;ROUTE DE LA REINE;route de la Reine;;;;;;;;;;;;;;;;Actuellement avenues de Versailles et du Président Kennedy.;;;;;;;;;
;2064;chaussée;du;Roi;CHAUSSEE DU ROI;chaussée du Roi;;;;;;;;;;;;;;;;C'était une rue située près de l'église Saint-Barthélemy, dans la Cité. Ce nom paraît s'appliquer à une partie de la rue de la Vieille Draperie.;;;;;;;;;
;2131;cité;;Rey Ratelet;CITE REY RATELET;cité Rey Ratelet;;;;;;;;;;;;;;;;Supprimé. en 1942. Commençait rue François Couperin (Supprimé.), finissait av. Cartellier.;;;;;;;;;
;2158;cul-de-sac ou impasse;des;Réservoirs;CUL-DE-SAC OU IMPASSE DES RESERVOIRS;cul-de-sac ou impasse des Réservoirs;;;;;;;;;;;;;;;;Supprimé. Il était situé rue de Chaillot, du côté des numéros impairs, près de la rue Freycinet.;;;;;;;;;
;1871;barrière;;Saint-André;BARRIERE SAINT-ANDRE;barrière Saint-André;11e;;;;Roquette;;;;;;;;;;;Voir : Aunay (barrière d').;;;;;Barrière d'octroi de l'enceinte des Fermiers généraux.;;;;
;1875;passage;;Saint-Amand;PASSAGE SAINT-AMAND;passage Saint-Amand;;;;;;;;;;;;;;;;Voir : Vidus (pas.).;;;;;;;;;
;1885;rue;des;Sachettes;RUE DES SACHETTES;rue des Sachettes;;;;;;;;;;;;;;;;Actuellement rue Suger.;;;;;;;;;
;1894;quai;de la;Sablonnière;QUAI DE LA SABLONNIERE;quai de la Sablonnière;;;;;;;;;;;;;;;;Actuellement quai Malaquais.;;;;;;;;;
;1897;passage;de la;Sablière;PASSAGE DE LA SABLIERE;passage de la Sablière;12e;;;;Picpus;;;;;;;;;;;Devenu passage de Beaulieu (supprimé).;;;;;;;;;
;1909;chemin ou voie;des;Ruelles;CHEMIN OU VOIE DES RUELLES;chemin ou voie des Ruelles;;;;;;;;;;;;;;;;Actuellement partie de la rue de Vaugirard.;;;;;;;;;
;1932;chemin;;Royal;CHEMIN ROYAL;chemin Royal;;;;;;;;;;;;;;;;Actuellement partie de la rue Saint-Honoré.;;;;;;;;;
;1952;route;;Départementale N° 8;ROUTE DEPARTEMENTALE N? 8;route Départementale N° 8;;;;;;;;;;;;;;;;Actuellement av. de la Porte d'Asnières.;;;;;;;;;
;1953;route;;Départementale N° 76;ROUTE DEPARTEMENTALE N? 76;route Départementale N° 76;;;;;;;;;;;;;;;;Actuellement quai de la Loire.;;;;;;;;;
;2000;route;;Départementale N° 13;ROUTE DEPARTEMENTALE N? 13;route Départementale N° 13;;;;;;;;;;;;;;;;Actuellement partie de l'avenue de la Porte d'Aubervilliers.;;;;;;;;;
;2238;rue;des;Rats;RUE DES RATS;rue des Rats;;;;;;;;;;;;;;;;Voir : Saint-Jacques la Boucherie (rue).;;;;;;;;;
;2239;petite rue;des;Rats;PETITE RUE DES RATS;petite rue des Rats;;;;;;;;;;;;;;;;Voir : Chat Blanc (cul-de-sac du).;;;;;;;;;
;2286;rue;;Quiquenpoit;RUE QUIQUENPOIT;rue Quiquenpoit;;;;;;;;;;;;;;;;Ou Quinquempoit, Cinquampoit ou encore Quinquempoix. Voir : Quinquempoit (rue).;;;;;;;;;
;2302;rue;;Quatremère;RUE QUATREMERE;rue Quatremère;;;;;;;;;;;;;;;;Actuellement partie de la rue d'Anjou.;Arrêt du conseil du Roi de 1778.;;;;;;;;
;2337;rue;;Purgée;RUE PURGEE;rue Purgée;;;;;;;;;;;;;;;;Actuellement rue du Pélican.;;;;;;;;;
;2339;ruelle;du;Puits du Chapitre;RUELLE DU PUITS DU CHAPITRE;ruelle du Puits du Chapitre;;;;;;;;;;;;;;;;Voir : Treille (pas. de la).;;;;;;;;;
;2365;rue;des;Provoires;RUE DES PROVOIRES;rue des Provoires;;;;;;;;;;;;;;;;Actuellement rue des Prouvaires.;;;;;;;;;
;2435;rue;du;Pré aux Clercs;RUE DU PRE AUX CLERCS;rue du Pré aux Clercs;;;;;;;;;;;;;;;;Actuellement partie des rues Jacob et de l'Université.;;;;;;;;;
;2648;rue;du;Pô;RUE DU PO;rue du Pô;;;;;;;;;;;;;;;;Actuellement rue Aubriot.;;;;;;;;;
;2687;rue;de la;Planchette;RUE DE LA PLANCHETTE;rue de la Planchette;;;;;;;;;;;;;;;;Supprimé. Elle existait au XVIe siècle et était située près de la rue Mouffetard.;;;;;;;;;
;2750;rue;;Pierre d'Estampes;RUE PIERRE D'ESTAMPES;rue Pierre d'Estampes;;;;;;;;;;;;;;;;Actuellement partie de la rue des Guillemites.;;;;;;;;;
;2760;rue;;Pierre à Poisson;RUE PIERRE A POISSON;rue Pierre à Poisson;;;;;;;;;;;;;;;;Supprimée vers 1854 par l'agrandissement de la place du Châtelet. Elle commençait rue de la Saunerie (Supprimé.), finissait rue Saint-Denis. On l'a appelée rue de la Petite Saunerie, rue de la Larderie, de la Poulaillerie.;;;;;;;;;
;2536;rue;de la;Porte à la Comtesse d'Artois;RUE DE LA PORTE A LA COMTESSE D'ARTOIS;rue de la Porte à la Comtesse d'Artois;;;;;;;;;;;;;;;;Ou Porte au Comte d'Artois. Actuellement partie de la rue Montorgueil.;;;;;;;;;
;2540;rue;;Port Sainte-Marie;RUE PORT SAINTE-MARIE;rue Port Sainte-Marie;;;;;;;;;;;;;;;;Voir : Sainte-Marie (rue).;;;;;;;;;
;2550;rue;du;Port au Plâtre;RUE DU PORT AU PLATRE;rue du Port au Plâtre;12e;;;;Quinze-Vingts;;;;;;;;;;;Actuellement rue Hector Malot.;;;;;;;;;
;2599;rue;;Pompée;RUE POMPEE;rue Pompée;;;;;;;;;;;;;;;;Voir : Poupée (rue).;;;;;;;;;
;2852;rue;du;Petit Reposoir;RUE DU PETIT REPOSOIR;rue du Petit Reposoir;;;;;;;;;;;;;;;;Actuellement partie de la rue Vide-Gousset.;;;;;;;;;
;2859;rue;du;Petit Pet;RUE DU PETIT PET;rue du Petit Pet;;;;;;;;;;;;;;;;Actuellement rue des Poitevins.;;;;;;;;;
;2870;cité;;Petit Modèle;CITE PETIT MODELE;cité Petit Modèle;;;;;;;;;;;;;;;;Actuellement imp. du Petit Modèle.;;;;;;;;;
;2880;chemin;du;Petit Huys de la Foire;CHEMIN DU PETIT HUYS DE LA FOIRE;chemin du Petit Huys de la Foire;;;;;;;;;;;;;;;;Actuellement rue des Quatre Vents.;;;;;;;;;
;2892;chemin;du;Petit Charonne;CHEMIN DU PETIT CHARONNE;chemin du Petit Charonne;;;;;;;;;;;;;;;;Actuellement rue des Haies.;;;;;;;;;
;2918;rue;;Perrot d'Estampes;RUE PERROT D'ESTAMPES;rue Perrot d'Estampes;;;;;;;;;;;;;;;;Ou Perreau d'Estampes ou encore Perriau d'Estampes. Voir : Perreau d'Estampes (rue).;;;;;;;;;
;2919;rue;du;Perroquet;RUE DU PERROQUET;rue du Perroquet;;;;;;;;;;;;;;;;Actuellement partie de la rue Péclet et partie de la rue Petel.;;;;;;;;;
;2992;passage;;Pecquay;PASSAGE PECQUAY;passage Pecquay;04e;;1955-05-04;;Saint-Merri;;;;;;;;;;;Dénommé rue Pecquay par arrêté préfectoral du 4 mai 1955.;;;;;;;;;
;3014;rue;;Pavée;RUE PAVEE;rue Pavée;;;;;;;;;;;;;;;;Ou Pavé de la Place Maubert (rue du). Actuellement rue Frédéric Sauton.;;;;;;;;;
;3361;porte;;Nicolas Arrode;PORTE NICOLAS ARRODE;porte Nicolas Arrode;;;;;;;;;;;;;;;;Voir : Comte d'Artois (porte au).;;;;;;;;;
;3372;rue;;Neuve Sainte-Anastase;RUE NEUVE SAINTE-ANASTASE;rue Neuve Sainte-Anastase;04e;;1864-08-24;;Saint-Gervais;;;;;;;;;;;Dénommée rue Eginhard par décret impérial du 24 août 1864.;;;;;;;;;
;3398;rue;;Neuve Saint-Laurent;RUE NEUVE SAINT-LAURENT;rue Neuve Saint-Laurent;03e;;1851-03-11;;Arts et Metiers;;;;;;;;;;;Dénommée partie de la rue du Vertbois par arrêté préfectoral du 11 mars 1851.;;;;;;;;;
;3277;rue;des;Obléeurs;RUE DES OBLEEURS;rue des Obléeurs;;;;;;;;;;;;;;;;Ou Oblayers ou encore Oblayeurs. Voir : Oblayers (rue des).;;;;;;;;;
;3333;rue;de;Normandie;RUE DE NORMANDIE;rue de Normandie;;;;;;;;;;;;;;;;Devenue rue du Ridrel. Supprimée en 1937. Commençait rue de Genets (supprimée), finissait rue des Sables (supprimée).;;;;;;;;;
;3336;quai;du;Nord;QUAI DU NORD;quai du Nord;;;;;;;;;;;;;;;;Actuellement quai de l'Horloge.;;;;;;;;;
;3129;place;du;Palais des Beaux-Arts;PLACE DU PALAIS DES BEAUX-ARTS;place du Palais des Beaux-Arts;;;;;;;;;;;;;;;;Actuellement place de l'Institut.;;;;;;;;;
;3146;boulevard;des;Paillassons;BOULEVARD DES PAILLASSONS;boulevard des Paillassons;;;;;;;;;;;;;;;;Actuellement boulevard Garibaldi (partie).;;;;;;;;;
;3177;rue;des;Orties Saint-Louis;RUE DES ORTIES SAINT-LOUIS;rue des Orties Saint-Louis;;;;;;;;;;;;;;;;Voir : Orties du Louvre (rue des).;;;;;;;;;
;3432;rue;;Neuve Louis-Philippe;RUE NEUVE LOUIS-PHILIPPE;rue Neuve Louis-Philippe;;;;;;;;;;;;;;;;Actuellement rue des Taillandiers.;;;;;;;;;
;3457;rue;;Neuve des Vieux Augustins;RUE NEUVE DES VIEUX AUGUSTINS;rue Neuve des Vieux Augustins;;;;;;;;;;;;;;;;Actuellement rue Saint-Augustin.;;;;;;;;;
;3497;rue;;Neuve de la Reine;RUE NEUVE DE LA REINE;rue Neuve de la Reine;;;;;;;;;;;;;;;;Actuellement place des Deux Ecus.;;;;;;;;;
;3553;chemin de ronde;de;Neuilly;CHEMIN DE RONDE DE NEUILLY;chemin de ronde de Neuilly;;;;;;;;;;;;;;;;Supprimé. Il commençait av. des Champs Elysées et finissait rue de Belloy.;;;;;;;;;
;3576;rue;du;Navet;RUE DU NAVET;rue du Navet;;;;;;;;;;;;;;;;Voir : Teinturiers (rue des).;;;;;;;;;
19;3580;impasse;de la;Nativité;IMPASSE DE LA NATIVITE;impasse de la Nativité;12e;1867-02-26;;;Bercy;;;;;place de la Nativité  (actuellement place Lachambeaudie).;;;;;;Supprimée par l'établissement des Entrepôts de Bercy.;Arrêté préfectoral du 26 février 1867. Précédemment impasse Libert.;;;;;;;;
;3583;rue;;Nationale;RUE NATIONALE;rue Nationale;;;;;;;;;;;;;;;;Actuellement rue de Béarn et rue de Birague.;;;;;;;;;
;3590;place;;Napoléon III;PLACE NAPOLEON III;place Napoléon III;;;;;;;;;;;;;;;;Nom donné autrefois à la place située dans le palais du Louvre, à l'est de la place du Carrousel.;;;;;;;;;
;3595;rue;;Napoléon;RUE NAPOLEON;rue Napoléon;;;;;;;;;;;;;;;;Actuellement rue de la Paix.;;;;;;;;;
;3597;pont;;Napoléon;PONT NAPOLEON;pont Napoléon;;;;;;;;;;;;;;;;Actuellement pont National.;;;;;;;;;
;3829;petite rue ou rue;de la;Monnaie;PETITE RUE OU RUE DE LA MONNAIE;petite rue ou rue de la Monnaie;;;;;;;;;;;;;;;;Supprimée vers 1778. Elle était située entre l'ancien Hôtel des Monnaies (supprimé) et la rue Béthisy (supprimée). Son plus ancien nom était Alexandre Langlais ou Langlois. En 1300, Gilbert l'Anglais ou Langlois et Cul-de-sac Guy d'Auxerre.;;;;;;;;;
;3840;chemin;de;Monceau à Saint-Ouen;CHEMIN DE MONCEAU A SAINT-OUEN;chemin de Monceau à Saint-Ouen;;;;;;;;;;;;;;;;Actuellement rue Legendre.;;;;;;;;;
;3955;rue;;Merderet;RUE MERDERET;rue Merderet;;;;;;;;;;;;;;;;Ou Merderai ou encore Merderel. Voir : Merderai (rue).;;;;;;;;;
;3957;rue;;Merderet;RUE MERDERET;rue Merderet;;;;;;;;;;;;;;;;Voir : Saint-Jérôme (rue).;;;;;;;;;
;3980;rue;des;Ménétriers;RUE DES MENETRIERS;rue des Ménétriers;03e, 04e;;;;Sainte-Avoye, Saint-Merri;;;;;;;;;;;Supprimée. Absorbée par la rue Rambuteau lors de son ouverture. Elle commençait rue Beaubourg et finissait rue Saint-Martin. En 1225, on la nommait vicus Viellatorum et rue des Jugleours. Au XIIIe siècle, vicus Joculatorum. En 1300, rue des Jugleurs. En 1325, rue des ou aux Jongleurs. Au commencement du XVe siècle, rue des Ménestrels. En 1842, rue des Ménétriers.;;;;;;;;;
;3893;rue;du;Milieu du Fossé;RUE DU MILIEU DU FOSSE;rue du Milieu du Fossé;;;;;;;;;;;;;;;;Actuellement partie de la rue d'Aboukir.;;;;;;;;;
;3938;impasse;du;Métro;IMPASSE DU METRO;impasse du Métro;;;;;;;;;;;;;;;;Supprimé. en 1943. Etait située av. Germaine Rolland (Supprimé.).;;;;;;;;;
;3782;rue;;Montmartel;RUE MONTMARTEL;rue Montmartel;12e;;;;Bercy;;;;;quai de Bercy.;rue Nicolaï;;;;;Le tronçon entre le quai de Bercy et le chemin de fer a été supprimé par l'agrandissement du chemin de fer de Lyon. Le tronçon restant dans le prolongement de la rue de Bercy a été transformé en impasse;;;;;Jean-Paris de Montmartel (1690-1766), financier, propriétaire d'un château à Bercy.;;;;
;3783;impasse;;Montmartel;IMPASSE MONTMARTEL;impasse Montmartel;12e;;;;Bercy;;;;;rue Nicolaï.;;;;;;Englobée dans le chemin de fer de Lyon. Elle était située rue Nicolaï, dans le prolongement de la rue de Bercy. Précédemment partie de la rue Montmartel;;;;;Jean-Paris de Montmartel (1690-1766), financier, propriétaire d'un château à Bercy.;;;;
;4010;rue;;Mauvaise Parole;RUE MAUVAISE PAROLE;rue Mauvaise Parole;;;;;;;;;;;;;;;;Ou Mauvais Conseil (rue) ou encore Mauvaises Paroles (rue des). Voir : Mauvaises Paroles (rue des).;;;;;;;;;
;4017;villa;;Maurice;VILLA MAURICE;villa Maurice;;;;;;;;;;;;;;;;Supprimé. en 1938. Etait située 81, rue Claude Decaen.;;;;;;;;;
;4034;impasse;;Matignon;IMPASSE MATIGNON;impasse Matignon;;;;;;;;;;;;;;;;Voir : Matignon du Louvre (rue).;;;;;;;;;
;4107;rue;;Marie de Poissy;RUE MARIE DE POISSY;rue Marie de Poissy;;;;;;;;;;;;;;;;Actuellement partie de la rue de La Reynie.;;;;;;;;;
;4126;rue;;Mardelet;RUE MARDELET;rue Mardelet;;;;;;;;;;;;;;;;Ou Marderet. Voir : Marderet (rue).;;;;;;;;;
;4151;rue;du;Marché aux Fleurs;RUE DU MARCHE AUX FLEURS;rue du Marché aux Fleurs;04e;;;;Notre-Dame;;;;;;;;;;;Supprimée. Elle commençait rue de la Pelleterie et finissait rue de la Vieille Draperie.;;;;;;;;;
;4162;rue;de la;Marche;RUE DE LA MARCHE;rue de la Marche;;;1851-03-11;;;;;;;;;;;;;Dénommée partie de la rue de Saintonge par arrêté préfectoral du 11 mars 1851.;;;;;;;;;
;4185;passage;des;Marais des Gourdes;PASSAGE DES MARAIS DES GOURDES;passage des Marais des Gourdes;;;;;;;;;;;;;;;;Voir : Douze Maisons (imp. des).;;;;;;;;;
;4197;chemin;des;Marais;CHEMIN DES MARAIS;chemin des Marais;;;;;;;;;;;;;;;;Actuellement rue de Penthièvre.;;;;;;;;;
;4200;rue;;Maquignonne;RUE MAQUIGNONNE;rue Maquignonne;;;;;;;;;;;;;;;;Actuellement rue Duméril et partie de la rue Geoffroy-Saint-Hilaire.;;;;;;;;;
;15598;ancien chemin;d';Auteuil;ANCIEN CHEMIN D'AUTEUIL;ancien chemin d'Auteuil;;;1854-01-18;;;;;;;route impériale n° 10.;chemin des Pâtures;;;;;chemin vicinal n° 4 de la commune d'Auteuil;;;;;;Arrêté préfectoral du 18 janvier 1854;;;
;15608;boulevard;de;Sèvres;BOULEVARD DE SEVRES;boulevard de Sèvres;;;1851-05-10;;;;;;;;;;;;;Dénommé boulevard de Vaugirard par arrêté préfectoral du 10 mai 1851.;;;;;;;;;
;15657;rue;de;Bourbon;RUE DE BOURBON;rue de Bourbon;;;;;;;;;;;;;;;;Dénommée rue de Lille par arrêté du conseil général du 27 octobre 1792.;;;;;;;;;
21;15170;voie;;DT/12;VOIE DT/12;voie DT/12;12e;2017-02-10;2018-12-13;;Picpus;;;;93D4;rue de Chaligny, 34.;en impasse.;;7;;;Dénommée passage Jacqueline Giraud par délibération municipale des 10, 11, 12 et 13 décembre 2018.;Voie créée par décision de numérotage du 10 février 2017.;;;;;;;;
;417;ruelle;des;Volarnaux;RUELLE DES VOLARNAUX;ruelle des Volarnaux;;;;;;;;;;;;;;;;Actuellement rue Bleue.;;;;;;;;;
;531;rue;des;Viez Poulies;RUE DES VIEZ POULIES;rue des Viez Poulies;;;;;;;;;;;;;;;;Actuellement partie de la rue des Francs Bourgeois.;;;;;;;;;
;548;rue;des;Vieilles Tuileries, autrement dite de Cherche-Midi;RUE DES VIEILLES TUILERIES, AUTREMENT DITE DE CHERCHE-MIDI;rue des Vieilles Tuileries, autrement dite de Cherche-Midi;;;;;;;;;;;;;;;;Actuellement rue du Cherche-Midi.;;;;;;;;;
;566;rue;de la;Vieille Place aux Veaux;RUE DE LA VIEILLE PLACE AUX VEAUX;rue de la Vieille Place aux Veaux;04e;;;;Saint-Merri;;;;;;;;;;;Supprimée par l'ouverture de l'avenue Victoria. Elle commençait rue Saint-Jacques la Boucherie (Supprimé.) et finissait rue Saint-Martin. Au XIVe siècle, on la nommait place aux Sainctyons. En 1488, c'était la rue de la Tannerie. Au XVe siècle, rue aux Veaux. Corrozet la nomme place aux Veaux. Plus tard, vieille place aux Veaux.;;;;;;;;;
;586;rue;;Vieille de la Garonne;RUE VIEILLE DE LA GARONNE;rue Vieille de la Garonne;12e;;;;Bercy;;;;;;;;;;;Supprimé. Etait située dans les entrepôts de Bercy.;;;;;;;;;
;589;rue;de la;Vieille Cordonnerie;RUE DE LA VIEILLE CORDONNERIE;rue de la Vieille Cordonnerie;;;;;;;;;;;;;;;;Voir : Tabletterie (rue de la).;;;;;;;;;
;591;rue;de la;Vieille Bouclerie;RUE DE LA VIEILLE BOUCLERIE;rue de la Vieille Bouclerie;;;;;;;;;;;;;;;;Voir : Mâcon (rue de).;;;;;;;;;
;4214;rue;de;Malte;RUE DE MALTE;rue de Malte;;;;;;;;;;;;;;;;Voir : Chartres Saint-Honoré (rue de).;;;;;;;;;
;2211;rue;;Regnault le Fèvre;RUE REGNAULT LE FEVRE;rue Regnault le Fèvre;;;;;;;;;;;;;;;;Ou Regnaud le Feure. Voir : Regnaud le Feure (rue).;;;;;;;;;
;2212;rue;;Regnaud le Harpeur;RUE REGNAUD LE HARPEUR;rue Regnaud le Harpeur;;;;;;;;;;;;;;;;Voir : Vieille Bouclerie (rue de la).;;;;;;;;;
;2333;impasse;;Putigneux;IMPASSE PUTIGNEUX;impasse Putigneux;04e;;;;Saint-Gervais;;;;;;;;;;;Supprimée en 1991. Elle était située rue Geoffroy l'Asnier, 15. Une partie de cette voie avait été supprimée en vertu d'une ordonnance royale du 26 janvier 1843. C'était en 1300, la rue Emeline Boiliaue.;;;;;;;;;
;2442;rue;du;Pourtour;RUE DU POURTOUR;rue du Pourtour;;;;;;;;;;;;;;;;Actuellement partie de la rue des Barres.;;;;;;;;;
;2444;place;aux;Pourceaux;PLACE AUX POURCEAUX;place aux Pourceaux;;;;;;;;;;;;;;;;Supprimé. Elle était située à l'extrémité des rues des Déchargeurs et de la Ferronnerie. On l'a aussi désignée par le nom de place aux Chats.;;;;;;;;;
;2639;chemin;de la;Pointe;CHEMIN DE LA POINTE;chemin de la Pointe;;;;;;;;;;;;;;;;Voir : Chasse Midi (rue du).;;;;;;;;;
;2763;rue;du;Pied de Bœuf;RUE DU PIED DE B?UF;rue du Pied de Bœuf;;;;;;;;;;;;;;;;Voir : Triperie (rue de la).;;;;;;;;;
;2778;passage;;Picard;PASSAGE PICARD;passage Picard;;;1941-12-31;;;;;;;;;;;;;Supprimé en 1941. Commençait avenue de Paris (Actuellement rue Julia Bartet), finissait avenue de la Porte de Vanves.;;;;;;;;;
;2787;rue;;Philippe de l'Épine;RUE PHILIPPE DE L'EPINE;rue Philippe de l'Épine;;;;;;;;;;;;;;;;Voir : Jean de l'Epine (rue).;;;;;;;;;
;2791;passage;;Philibert;PASSAGE PHILIBERT;passage Philibert;11e;;1844-11-04;;Folie-Méricourt;;;;;;;;;;;Dénommé passage de l'Isly par ordonnance de police du 4 novembre 1844, puis passage Bouchardy par décret présidentiel du 10 février 1875. Actuellement rue Robert-Houdin (arrêté du 17 août 1938).;;;;;;;;;Ouvert en 1829.
;2664;rue;de la;Plâtrière;RUE DE LA PLATRIERE;rue de la Plâtrière;;;;;;;;;;;;;;;;Partie Supprimé. de la rue de Venise.;;;;;;;;;
;2675;cour;des;Platanes;COUR DES PLATANES;cour des Platanes;12e;;;;Bercy;;;;;;;;;;;Devenue partie de la cour de Barsac (Supprimée, elle était dans les entrepôts de Bercy).;;;;;;;;;
;2708;cité;de la;Place Cadet;CITE DE LA PLACE CADET;cité de la Place Cadet;;;;;;;;;;;;;;;;Supprimé. Elle était située rue Cadet, 29.;;;;;;;;;
;2490;chemin;des;Postes;CHEMIN DES POSTES;chemin des Postes;;;;;;;;;;;;;;;;Actuellement partie de la rue de Cambrai.;;;;;;;;;
;2546;rue;du;Port Notre-Dame;RUE DU PORT NOTRE-DAME;rue du Port Notre-Dame;;;;;;;;;;;;;;;;Voir : Saint-Landry (rue).;;;;;;;;;
;2554;rue;du;Port à Maître Jean;RUE DU PORT A MAITRE JEAN;rue du Port à Maître Jean;;;;;;;;;;;;;;;;Ou Port à Maître Pierre. Voir : Carneau (rue du).;;;;;;;;;
;2597;rue;du;Ponceau;RUE DU PONCEAU;rue du Ponceau;03e;;;;Arts et Metiers;;;;;;;;;;;Le tronçon entre la rue Saint-Martin et le boulevard de Sébastopol a été dénommé partie de la rue de Nazareth par arrêté préfectoral du 19 août 1864. Actuellement partie de la rue Notre-Dame de Nazareth et du boulevard de Sébastopol.;;;;;;;;;
;3061;passage;de;Parme;PASSAGE DE PARME;passage de Parme;;;;;;;;;;;;;;;;Actuellement partie du boul. Lefebvre et de la rue des Périchaux.;;;;;;;;;
;2866;rue;du;Petit Paon;RUE DU PETIT PAON;rue du Petit Paon;;;;;;;;;;;;;;;;Supprimé. Cette voie était située entre les rues du Paon Saint-Victor (Supprimé.) et Saint-Victor.;;;;;;;;;
;2877;rue;du;Petit Leu;RUE DU PETIT LEU;rue du Petit Leu;;;;;;;;;;;;;;;;Voir : Petit Hurleur (rue du).;;;;;;;;;
;2904;rue;du;Petit Bourbon;RUE DU PETIT BOURBON;rue du Petit Bourbon;;;;;;;;;;;;;;;;Voir : Poulies (rue des).;;;;;;;;;
;2907;rue;du;Petit Bercy;RUE DU PETIT BERCY;rue du Petit Bercy;;;;;;;;;;;;;;;;Actuellement partie de la rue de Bercy.;;;Dite aussi route départementale n° 48;;;;;;
;2940;rue;;Permoulin;RUE PERMOULIN;rue Permoulin;;;;;;;;;;;;;;;;Actuellement partie de la rue du Fer à Moulin.;;;;;;;;;
;2989;ruelle;;Pelée;RUELLE PELEE;ruelle Pelée;11e;;;;Saint-Ambroise;;;;;;;;;;;Actuellement rue Pelée.;;;;;;;;;
;2991;porte;aux;Peintres;PORTE AUX PEINTRES;porte aux Peintres;;;;;;;;;;;;;;;;Elle était située rue Saint-Denis, près l'impasse des Peintres.;;;;;;;;;
;3211;rue;d';Orléans;RUE D'ORLEANS;rue d'Orléans;12e;;;;Bercy;;;;;;;;;;;Voir : rues de Corton et de Sauternes (entrepôts de Bercy).;;;;;;;;;
;3233;passage;d';Orient;PASSAGE D'ORIENT;passage d'Orient;;;;;;;;;;;;;;;;Actuellement rue d'Austerlitz.;;;;;;;;;
;3359;porte;;Nicolas Huidelon;PORTE NICOLAS HUIDELON;porte Nicolas Huidelon;;;;;;;;;;;;;;;;Ou Nicolas Hydron. Voir : Beaubourg (poterne).;;;;;;;;;
;3395;rue;;Neuve Saint-Louis;RUE NEUVE SAINT-LOUIS;rue Neuve Saint-Louis;;;;;;;;;;;;;;;;Actuellement partie de la rue Saint-Honoré.;;;;;;;;;
;3400;petite rue;;Neuve Saint-Jean de Latran;PETITE RUE NEUVE SAINT-JEAN DE LATRAN;petite rue Neuve Saint-Jean de Latran;;;;;;;;;;;;;;;;Actuellement rue Magendie.;;;;;;;;;
;3284;rue;;o Fain;RUE O FAIN;rue o Fain;;;;;;;;;;;;;;;;Voir : Foin Saint-Jacques (Rue du).;;;;;;;;;
;3327;rue;;Notre-Dame;RUE NOTRE-DAME;rue Notre-Dame;;;;;;;;;;;;;;;;Actuellement partie de la rue Alibert.;;;;;;;;;
;3331;ancienne rue;;Notre-Dame;ANCIENNE RUE NOTRE-DAME;ancienne rue Notre-Dame;;;;;;;;;;;;;;;;Actuellement rue de la Madone.;;;;;;;;;
;3123;rue;;Palée;RUE PALEE;rue Palée;;;;;;;;;;;;;;;;Voir : Petit Hurleur (rue du).;;;;;;;;;
;3148;rue;des;Paillasses;RUE DES PAILLASSES;rue des Paillasses;;;;;;;;;;;;;;;;Actuellement rue Malassis.;;;;;;;;;
;3188;rue;;Orrière;RUE ORRIERE;rue Orrière;;;;;;;;;;;;;;;;Supprimé. par l'ouverture de la rue Bolivar (Actuellement av. Simon Bolivar). Elle commençait rue Péchoin (Supprimé.) et finissait rue Legrand.;;;;;;;;;
;3663;ruelle;des;Moulins du Temple;RUELLE DES MOULINS DU TEMPLE;ruelle des Moulins du Temple;;;;;;;;;;;;;;;;Actuellement rue des Barres.;;;;;;;;;
;3693;chemin;du;Moulin à Vent;CHEMIN DU MOULIN A VENT;chemin du Moulin à Vent;;;;;;;;;;;;;;;;Actuellement rue Rollin et rue de Navarre.;;;;;;;;;
;3503;rue;;Neuve de la Garonne;RUE NEUVE DE LA GARONNE;rue Neuve de la Garonne;12e;;;;Bercy;;;;;;;;;;;Supprimée. Voie située dans les entrepôts de Bercy. La rue Baron Le Roy a été construite sur l'ancienne emprise.;;;;;Voisinage de la rue Vieille de la Garonne.;;;;
;3516;place;;Neuve de Fourcy;PLACE NEUVE DE FOURCY;place Neuve de Fourcy;;;;;;;;;;;;;;;;Actuellement place de l'Estrapade.;;;;;;;;;
;3825;grant chaussée;de;Monseigneur Saint-Denis;GRANT CHAUSSEE DE MONSEIGNEUR SAINT-DENIS;grant chaussée de Monseigneur Saint-Denis;;;;;;;;;;;;;;;;Ou Monsieur. Voir : Monsieur (grant chaussée de).;;;;;;;;;
;3855;rue;aux;Moines de Cernay;RUE AUX MOINES DE CERNAY;rue aux Moines de Cernay;;;;;;;;;;;;;;;;Voir : Foin Saint-Jacques (rue du).;;;;;;;;;
;3958;rue;;Merderel;RUE MERDEREL;rue Merderel;;;;;;;;;;;;;;;;Ou Merderai ou encore Merderet. Voir : Merderai (rue).;;;;;;;;;
;3974;barrière;de;Ménilmontant;BARRIERE DE MENILMONTANT;barrière de Ménilmontant;11e;;;;Folie-Méricourt, Saint-Ambroise;;;;;;;;;;;Supprimée. Elle était située boulevard de Belleville et de Ménilmontant, au droit de la rue Oberkampf.;;;;;Barrière d'octroi de l'enceinte des Fermiers généraux.;;;;
;3983;;la;Méguiscerie;LA MEGUISCERIE;la Méguiscerie;;;;;;;;;;;;;;;;Actuellement quai de la Mégisserie.;;;;;;;;;
19;3984;rue;du;Médoc;RUE DU MEDOC;rue du Médoc;12e;1873-11-10;1877-08-06;;Bercy;;;;;avenue du Petit Château.;rue Léopold;;;;;Supprimée. Voie intégrée dans les entrepôts de Bercy en 1877.;Arrêté préfectoral du 10 novembre 1873. Précédemment rue Saint-Louis;;;;;;;;
;3817;rue;du;Mont Saint-Hilaire;RUE DU MONT SAINT-HILAIRE;rue du Mont Saint-Hilaire;;;;;;;;;;;;;;;;Actuellement rue de Lanneau.;;;;;;;;;
;4260;passage;au;Maire;PASSAGE AU MAIRE;passage au Maire;;;;;;;;;;;;;;;;Actuellement rue au Maire.;;;;;;;;;
;4271;quai;du;Mail;QUAI DU MAIL;quai du Mail;04e;;;;Arsenal;;;;;;;;;;;Actuellement boulevard Morland.;;;;;;;;;
;4272;port;du;Mail;PORT DU MAIL;port du Mail;;;;;;;;;;;;;;;;Il était situé entre le pont de l'Archevêché et le pont au Double.;;;;;;;;;
;4003;rue;au;Mayre;RUE AU MAYRE;rue au Mayre;;;;;;;;;;;;;;;;Actuellement rue au Maire.;;;;;;;;;
;4080;rue;du;Marmouzet;RUE DU MARMOUZET;rue du Marmouzet;;;;;;;;;;;;;;;;Ou Marmouzettes (rue des) ou encore Marmozets (rue des). Actuellement partie de la rue Chanoinesse.;;;;;;;;;
;4090;petite rue;;Marivaux;PETITE RUE MARIVAUX;petite rue Marivaux;;;1851-03-11;;;;;;;;;;;;;Dénommée rue Pernelle par décret présidentiel du 18 février 1851 et arrêté préfectoral du 11 mars 1851. Actuellement partie de la rue Pernelle.;;;;;;;;;
;4188;rue;des;Marais;RUE DES MARAIS;rue des Marais;12e;;;;Quinze-Vingts;;;;;;;;;;;Supprimée. Elle commençait rue Moreau et finissait rue du Fossé de la Contrescarpe (Actuellement boul. de la Bastille).;;;;;;;;;
;806;avenue;de la;Tuilerie;AVENUE DE LA TUILERIE;avenue de la Tuilerie;;;;;;;;;;;;;;;;Réunie vers 1867 à l'ancien couvent de l'Assomption. Elle était située rue La Fontaine, 26.;;;;;;;;;
;858;chemin;des;Trois Cornets;CHEMIN DES TROIS CORNETS;chemin des Trois Cornets;;;;;;;;;;;;;;;;Actuellement partie des rues de la Procession et de Gergovie.;;;;;;;;;
;878;rue;;Tripet;RUE TRIPET;rue Tripet;;;;;;;;;;;;;;;;Ou Tripette ou encore Tripotte. Voir : Triperet (rue).;;;;;;;;;
;887;rue;;Tripelle;RUE TRIPELLE;rue Tripelle;;;;;;;;;;;;;;;;Ou Tripellé ou encore Tripolet. Voir : Triperet (rue).;;;;;;;;;
;668;rue;de;Venise;RUE DE VENISE;rue de Venise;;;;;;;;;;;;;;;;Elle aboutissait à la rue Neuve Notre-Dame dans la Cité. Son premier nom était rue des Dix-Huit. On suppose que c'est la ruelle Saint-Christophe citée par Guillot (1300).;;;;;;;;;
;718;passage;de;Valois;PASSAGE DE VALOIS;passage de Valois;;;;;;;;;;;;;;;;Supprimé. Il commençait rue des Bons Enfants, 25, et finissait rue de Valois, 16. Il a porté le nom de pas. du Lycée à la fin du XVIIIe siècle.;;;;;;;;;
;728;rue;de la;Vallée de Fécamp;RUE DE LA VALLEE DE FECAMP;rue de la Vallée de Fécamp;;;;;;;;;;;;;;;;Actuellement rue Rottembourg.;;;;;;;;;
;1202;ruelle;;Seraine;RUELLE SERAINE;ruelle Seraine;;;;;;;;;;;;;;;;Supprimé. vers la fin du XVIe siècle. Elle aboutissait rue de la Barillerie.;;;;;;;;;
;1217;;la;Sellerie de la Grande Rue;LA SELLERIE DE LA GRANDE RUE;la Sellerie de la Grande Rue;;;;;;;;;;;;;;;;Et Sellerie de Paris. Voir : Sellerie de Paris (la).;;;;;;;;;
;971;rue;de la;Tour;RUE DE LA TOUR;rue de la Tour;11e;;1864-08-24;;Folie-Méricourt;;;;;;;;;;;Dénommée rue Rampon par décret impérial du 24 août 1864.;;;Dite aussi rue Delatour;;;;;;
;999;rue;;Tironnet;RUE TIRONNET;rue Tironnet;;;;;;;;;;;;;;;;Voir : Pirouette (rue).;;;;;;;;;
;1109;cité;;Talma;CITE TALMA;cité Talma;;;;;;;;;;;;;;;;Actuellement rue Dalou.;;;;;;;;;
;1177;ruelle;;Simon Finet;RUELLE SIMON FINET;ruelle Simon Finet;04e;;;;Saint-Merri;;;;;;;;;;;Supprimée par l'ouverture de l'avenue Victoria. Elle commençait quai de Gesvres et finissait rue de la Tannerie (supprimée). On la nommait aussi ruelle de la Vieille Tannerie.;;;;;;;;;
;1179;rue;;Simon Bade;RUE SIMON BADE;rue Simon Bade;;;;;;;;;;;;;;;;Voir : Vieilles Garnisons (rue des).;;;;;;;;;
;1194;rue;;Servode;RUE SERVODE;rue Servode;;;;;;;;;;;;;;;;Voir : Foin Saint-Jacques (rue du).;;;;;;;;;
;1370;villa;;Sainte-Julie;VILLA SAINTE-JULIE;villa Sainte-Julie;;;;;;;;;;;;;;;;Supprimé. en 1938. Etait située rue Claude Decaen, 73.;;;;;;;;;
;1564;chemin;de;Saint-Maur;CHEMIN DE SAINT-MAUR;chemin de Saint-Maur;;;;;;;;;;;;;;;;Actuellement partie de la rue Saint-Maur.;;;;;;;;;
;1565;grand'rue;vers;Saint-Matelin;GRAND'RUE VERS SAINT-MATELIN;grand'rue vers Saint-Matelin;;;;;;;;;;;;;;;;Actuellement rue Saint-Jacques.;;;;;;;;;
;1566;rue;;Saint-Martin des Champs;RUE SAINT-MARTIN DES CHAMPS;rue Saint-Martin des Champs;;;;;;;;;;;;;;;;Actuellement partie de la rue Saint-Martin.;;;;;;;;;
;1451;cul-de-sac;;Saint-Thomas;CUL-DE-SAC SAINT-THOMAS;cul-de-sac Saint-Thomas;;;;;;;;;;;;;;;;Voir : Doyenné (cul-de-sac du).;;;;;;;;;
;1453;rue;;Saint-Symphorien;RUE SAINT-SYMPHORIEN;rue Saint-Symphorien;;;;;;;;;;;;;;;;Actuellement pas. de la Petite Boucherie.;;;;;;;;;
;1461;petite rue;;Saint-Sulpice;PETITE RUE SAINT-SULPICE;petite rue Saint-Sulpice;;;;;;;;;;;;;;;;Actuellement rue Saint-Sulpice.;;;;;;;;;
;1508;rue;;Saint-Père;RUE SAINT-PERE;rue Saint-Père;;;;;;;;;;;;;;;;Voir : Taranne (rue).;;;;;;;;;
;1510;grand chemin;de;Saint-Père;GRAND CHEMIN DE SAINT-PERE;grand chemin de Saint-Père;;;;;;;;;;;;;;;;Actuellement rue des Saints-Pères.;;;;;;;;;
;1271;rue;;Saqualie;RUE SAQUALIE;rue Saqualie;;;;;;;;;;;;;;;;Actuellement partie de la rue Xavier Privas.;;;;;;;;;
;1284;rue;du;Sansonnet à La Croix;RUE DU SANSONNET A LA CROIX;rue du Sansonnet à La Croix;;;;;;;;;;;;;;;;Ou Sansonnets. Voir : Sansonnets (rue des).;;;;;;;;;
;1307;cour;du;Salpêtre;COUR DU SALPETRE;cour du Salpêtre;;;;;;;;;;;;;;;;Voir : Arsenal (place de l').;;;;;;;;;
;1856;villa;;Saint-Ange;VILLA SAINT-ANGE;villa Saint-Ange;;;;;;;;;;rue Le Sueur, 24.;;;;;;Supprimée.;;;;;;;;;
;1860;boulevard;;Saint-Ange;BOULEVARD SAINT-ANGE;boulevard Saint-Ange;;;;;;;;;;;;;;;;Actuellement partie du boulevard de la Chapelle.;;;;;;;;;
;1619;rue;;Saint-Loorand;RUE SAINT-LOORAND;rue Saint-Loorand;;;;;;;;;;;;;;;;Voir : Gervais Laurent (rue).;;;;;;;;;
;1633;rue;;Saint-Landry;RUE SAINT-LANDRY;rue Saint-Landry;04e;;;;Notre-Dame;;;;;;;;;;;Ou Saint-Landry sur l'Yaue (grande rue). Actuellement rue des Ursins.;;;;;;;;;
19;1686;impasse;;Saint-Irénée;IMPASSE SAINT-IRENEE;impasse Saint-Irénée;11e;1873-11-10;1971-08-13;;Saint-Ambroise;;;;;;;;;;;Dénommée square Saint-Irénée par décision préfectorale du 13 août 1971.;Arrêté préfectoral du 10 novembre 1873. Précédemment impasse Saint-Ambroise.;;;;;;;;
;1699;chaussée;;Saint-Honoré;CHAUSSEE SAINT-HONORE;chaussée Saint-Honoré;;;;;;;;;;;;;;;;Actuellement partie de la rue Saint-Honoré.;;;;;;;;;
;1746;cour;;Saint-François;COUR SAINT-FRANCOIS;cour Saint-François;;;;;;;;;;;;;;;;Supprimé. Elle était située rue Moreau.;;;;;;;;;
;1793;rue;;Saint-Damien;RUE SAINT-DAMIEN;rue Saint-Damien;;;;;;;;;;;;;;;;Voir : Hoirs d'Harcourt (rue aux).;;;;;;;;;
;2027;cul-de-sac;de;Rouen;CUL-DE-SAC DE ROUEN;cul-de-sac de Rouen;;;;;;;;;;;;;;;;Actuellement rue du Jardinet.;;;;;;;;;
;2071;cité;;Rochechouart;CITE ROCHECHOUART;cité Rochechouart;;;;;;;;;;;;;;;;Supprimé. Etait située rue de Rochechouart, 58.;;;;;;;;;
;2089;cour;;Robert;COUR ROBERT;cour Robert;;;;;;;;;;;;;;;;Actuellement rue du Renard.;;;;;;;;;
;1887;rue;;Sac Épée;RUE SAC EPEE;rue Sac Épée;;;;;;;;;;;;;;;;Actuellement partie de la rue Bertin Poirée.;;;;;;;;;
;1899;chemin;des;Sables;CHEMIN DES SABLES;chemin des Sables;;;;;;;;;;;;;;;;Actuellement rue du Hameau.;;;;;;;;;
;1918;rue;;Royale Saint-Antoine;RUE ROYALE SAINT-ANTOINE;rue Royale Saint-Antoine;04e;;1864-08-24;;Arsenal;;;;;;;;;;;Dénommée rue de Birague par décret impérial du 24 août 1864.;;;Dite aussi rue Royale;;;;;;
;1958;route;;Départementale N° 60;ROUTE DEPARTEMENTALE N? 60;route Départementale N° 60;;;;;;;;;;;;;;;;Actuellement rue Cambronne.;;;;;;;;;
;1988;route;;Départementale N° 22;ROUTE DEPARTEMENTALE N? 22;route Départementale N° 22;;;;;;;;;;;;;;;;Actuellement quai de la Gare.;;;;;;;;;
;2453;rue;des;Poulies;RUE DES POULIES;rue des Poulies;;;;;;;;;;;;;;;;Actuellement partie de la rue des Francs Bourgeois.;;;;;;;;;
;8757;voie;;AA/11;VOIE AA/11;voie AA/11;11e;;1978-08-30;;Saint-Ambroise;;;;;rue Pelée, 19.;impasse Saint-Sébastien, 1.;;;;;Dénommée partie de la rue Alphonse Baudin par arrêté municipal du 30 août 1978.;;;;;;;;;
;7497;ruelle;de la;Buvette Champêtre;RUELLE DE LA BUVETTE CHAMPETRE;ruelle de la Buvette Champêtre;;;;;;;;;;;;;;;;Elle était située av. Montaigne (autrefois allée des Veuves) à 160 mètres environ du rond-point des Champs Elysées.;;;;;;;;;
;7501;rue;des;Buttes Chaumont;RUE DES BUTTES CHAUMONT;rue des Buttes Chaumont;;;;;;;;;;;;;;;;Actuellement partie de la rue du Plateau.;;;;;;;;;
;8201;rue;du;Barc;RUE DU BARC;rue du Barc;;;;;;;;;;;;;;;;Actuellement rue Notre-Dame des Champs.;;;;;;;;;
;7571;rue;de;Brenne;RUE DE BRENNE;rue de Brenne;;;;;;;;;;;;;;;;Voir : Brave (rue du). Supprimé. en 1814.;;;;;;;;;
;7575;rue;;Breneuse;RUE BRENEUSE;rue Breneuse;;;;;;;;;;;;;;;;Voir : Verdelet (rue).;;;;;;;;;
;7590;carrefour;de;Braque;CARREFOUR DE BRAQUE;carrefour de Braque;;;;;;;;;;;;;;;;Actuellement place de l'Estrapade.;;;;;;;;;
;8237;cité;des;Bains;CITE DES BAINS;cité des Bains;;;;;;;;;;;;;;;;Supprimé. par l'aménagement de la villa Dancourt.;;;;;;;;;
;8239;rue;;Bailly;RUE BAILLY;rue Bailly;03e;;;;Arts et Metiers;;;;;;;;;;;Elle a été créée vers la fin du XVIIIe siècle sur des terrains dépendant du Prieuré de Saint-Martin des Champs.;;;Cette voie a été remplacée par une autre créée à la suite d'un décret du 23 août 1858 qui prévoyait sa suppression et déclarait d'utilité publique le percement de la rue de Turbigo et de la rue Réaumur. En utilisant les terrains expropriés pour cette opération on a formé la nouvelle rue Bailly, non prévue au décret, qui emprunte une partie de l'ancienne et une partie de la place du Vieux Marché.;;;;;;
;8256;porte;des;Bagaudes;PORTE DES BAGAUDES;porte des Bagaudes;;;;;;;;;;;;;;;;"Ou Bagauds. Ancienne porte de Paris ; elle était située place Baudoyer.";;;;;;;;;
;7640;rue;du;Bourg Thiboud;RUE DU BOURG THIBOUD;rue du Bourg Thiboud;;;;;;;;;;;;;;;;Voir : Bourg Thiébault (rue du).;;;;;;;;;
;6266;rue;des;Deux Maillets;RUE DES DEUX MAILLETS;rue des Deux Maillets;;;;;;;;;;;;;;;;Actuellement rue Cassini.;;;;;;;;;
;6268;impasse;des;Deux Lions;IMPASSE DES DEUX LIONS;impasse des Deux Lions;;;;;;;;;;;;;;;;Supprimé. par l'élargissement du boul. Jourdan. Elle était située boul. Jourdan, 22 bis.;;;;;;;;;
;4956;rue;aux;Hoirs de Sabonnes;RUE AUX HOIRS DE SABONNES;rue aux Hoirs de Sabonnes;;;;;;;;;;;;;;;;Actuellement rue de la Sorbonne.;;;;;;;;;
;4979;rue;de la;Herpe;RUE DE LA HERPE;rue de la Herpe;;;;;;;;;;;;;;;;Voir : Harpe (partie de la rue de la).;;;;;;;;;
;5603;rue;du;Fouarre;RUE DU FOUARRE;rue du Fouarre;;;;;;;;;;;;;;;;Actuellement partie de la rue Berger.;;;;;;;;;
;5623;rue;des;Fossés des Tuileries;RUE DES FOSSES DES TUILERIES;rue des Fossés des Tuileries;;;;;;;;;;;;;;;;Supprimé. par l'ouverture de la rue Royale.;;;;;;;;;
;6325;rue;du;Delta;RUE DU DELTA;rue du Delta;;;;;;;;;;;;;;;;Actuellement partie de la rue de Valenciennes.;;;;;;;;;
18;6336;rue;;Delatour;RUE DELATOUR;rue Delatour;11e;1781-10-13;1864-08-24;;Folie-Méricourt;;;;;;;;;;;Dénommée rue Rampon par décret impérial du 24 août 1864.;Lettres patentes du 13 octobre 1781.;;;;;;;;
;6992;rue;du;Chemin de Lagny;RUE DU CHEMIN DE LAGNY;rue du Chemin de Lagny;11e;;1864-08-24;;Sainte-Marguerite;;;;;;;;;;;Dénommée rue de Bouvines par décret impérial du 24 août 1864.;;;;;;;;;
;6362;rue;du;Dauphiné;RUE DU DAUPHINE;rue du Dauphiné;12e;;1904-05-11;;Quinze-Vingts;;;;;;;;;;;Dénommée rue Emile Gilbert par arrêté préfectoral du 11 mai 1904;;;;;;;;;
;7038;rue;de la;Chausseterie;RUE DE LA CHAUSSETERIE;rue de la Chausseterie;;;;;;;;;;;;;;;;Voir : Charronnerie (rue de la).;;;;;;;;;
;7051;impasse;;Chaudon;IMPASSE CHAUDON;impasse Chaudon;;;;;;;;;;;;;;;;Supprimé. en 1880. Elle était située rue Lecourbe, 282.;;;;;;;;;
;7055;rue;aux;Chats;RUE AUX CHATS;rue aux Chats;;;;;;;;;;;;;;;;Voir : Limace (rue de la).;;;;;;;;;
;5715;rue;de la;Foire;RUE DE LA FOIRE;rue de la Foire;;;;;;;;;;;;;;;;Actuellement partie de la rue Saint-Sulpice.;;;;;;;;;
;7078;esplanade;du;Château;ESPLANADE DU CHATEAU;esplanade du Château;12e;;1987-01-21;;Bel-Air;;;;;intersection des avenues des Minimes, Daumesnil, du Polygone et des routes de l'Esplanade, Dauphine et de la Pyramide. La partie sud-ouest de l'esplanade comporte un jardin public dénommé square Carnot.;;;;;;Dénommée esplanade Saint-Louis par arrêté municipal du 21 janvier 1987. Située autrefois sur le territoire de Vincennes annexé à Paris par décret du 18 avril 1929.;;;Située dans le bois de Vincennes;;;;;;
;7096;rue;des;Chartreux;RUE DES CHARTREUX;rue des Chartreux;;;;;;;;;;;;;;;;Actuellement avenue Denfert-Rochereau et rue Henri Barbusse.;;;;;;;;;
;5739;porte;de;Flandre;PORTE DE FLANDRE;porte de Flandre;;;;;;;;;;;;;;;;Voir : Coquillier (porte ou poterne).;;;;;;;;;
;5760;passage;;Feydeau;PASSAGE FEYDEAU;passage Feydeau;;;1830-12-31;;;;;;;;;;;;;Supprimé en 1830. Il était situé entre les rues des Filles Saint-Thomas et Feydeau et avait une issue rue des Colonnes.;;;;;;;;;
;6428;allée;des;Cultures;ALLEE DES CULTURES;allée des Cultures;;;;;;;;;;;;;;;;Supprimé. Commençait rue Emile Faguet (prolongée), finissait allée des Dahlias (supprimée).;;;;;;;;;
;6431;rue;de la;Culture du Temple;RUE DE LA CULTURE DU TEMPLE;rue de la Culture du Temple;;;;;;;;;;;;;;;;Actuellement rue Vieille du Temple.;;;;;;;;;
;6454;rue;de la;Croix Saint-Denis;RUE DE LA CROIX SAINT-DENIS;rue de la Croix Saint-Denis;04e;;;;Notre-Dame;;;;;;;;;;;Actuellement partie de la rue de la Cité et de la place Louis Lépine.;;;;;;;;;
;11082;rue;;Gonnet;RUE GONNET;rue Gonnet;11e;;2024-02-09;;Sainte-Marguerite;;115;7,8;94C4;rue du Faubourg Saint-Antoine, 285.;rue de Montreuil, 60.;10;11;Retenus au POS et non repris au PLU : Arrêté municipal du 4 mars 1991.;;Dénommée rue Marguerite Gonnet par délibération municipale des 6, 7, 8 et 9 février 2024.;;Arrêté municipal du 4 mars 1991.;;;M. Gonnet, propriétaire.;;Arrêté municipal du 4 mars 1991.;;
;325;voie;;J/11;VOIE J/11;voie J/11;11e;;2000-06-05;;Sainte-Marguerite;;;;;;;;;;;Dénommée villa du Moulin Dagobert par arrêté municipal du 5 juin 2000.;;;;;;;;;
18;15700;place;de l';Abbaye Saint-Antoine;PLACE DE L'ABBAYE SAINT-ANTOINE;place de l'Abbaye Saint-Antoine;12e;1780-01-08;;;Quinze-Vingts;;;;;;;;;;;Actuellement place d'Aligre.;Arrêt du conseil du Roi du 8 janvier 1780.;;;;;;;;
;15505;rue;de;Tolbiac prolongée;RUE DE TOLBIAC PROLONGEE;rue de Tolbiac prolongée;12e;;1879-08-01;;Bercy;;;;;;;;;;;Dénommée rue de Dijon par arrêté préfectoral du 1er août 1879.;;;;;;;;;
;15427;ruelle;des;Ormes;RUELLE DES ORMES;ruelle des Ormes;04e;;;;Saint-Gervais;;;;;;;;;;;Partie de la rue des Nonnains d'Hyères;;;;;;;;;
;15437;voie;;U/12;VOIE U/12;voie U/12;12e;;1962-06-26;;Bercy;;;;;;;;;;;Dénommée rue Robert Etlin par arrêté préfectoral du 26 juin 1962.;;;;;;;;;
;620;ruelle;;Vichignon;RUELLE VICHIGNON;ruelle Vichignon;;;;;;;;;;;;;;;;Voir : Sainte-Catherine (rue).;;;;;;;;;
;516;chemin;des;Vignoles;CHEMIN DES VIGNOLES;chemin des Vignoles;;;;;;;;;;;;;;;;Actuellement rue de Terre Neuve.;;;;;;;;;
;559;rue;de la;Vieille Ville Saint-Marcel;RUE DE LA VIEILLE VILLE SAINT-MARCEL;rue de la Vieille Ville Saint-Marcel;;;;;;;;;;;;;;;;Actuellement rue Mouffetard.;;;;;;;;;
;570;rue;;Vieille Oreille;RUE VIEILLE OREILLE;rue Vieille Oreille;;;;;;;;;;;;;;;;Voir : Tixeranderie (rue de la).;;;;;;;;;
;593;rue;de la;Vieille Boucherie;RUE DE LA VIEILLE BOUCHERIE;rue de la Vieille Boucherie;;;1851-05-10;;;;;;;;;;;;;Dénommée partie de la rue de la Harpe par arrêté préfectoral du 10 mai 1851.;;;;;;;;;
;594;rue;de la;Vieille Bohême;RUE DE LA VIEILLE BOHEME;rue de la Vieille Bohême;;;;;;;;;;;;;;;;Voir : Orléans Saint-Honoré (rue d').;;;;;;;;;
;760;chemin aux ou grand chemi;;Vaches;CHEMIN AUX OU GRAND CHEMI VACHES;chemin aux ou grand chemi Vaches;;;;;;;;;;;;;;;;Actuellement rue de Grenelle.;;;;;;;;;
;4440;rue;;Léopold;RUE LEOPOLD;rue Léopold;12e;;;;Bercy;;;;;;rue de Bercy;;;;;Supprimée. Voie intégrée dans les entrepôts de Bercy en 1877.;;;;;M. Léopold Gallois, fils d'un maire de Bercy.;;;;
;4486;rue;;Le Mire;RUE LE MIRE;rue Le Mire;;;;;;;;;;;;;;;;Actuellement rue Chardon-Lagache et avenue Théophile Gautier.;;;;;;;;;
;4510;rue;;Laroche;RUE LAROCHE;rue Laroche;12e;;;;Bercy;;;;;avenue du Petit Château.;rue Léopold;;;;;Supprimée. Voie intégrée dans les entrepôts de Bercy en 1877.;;;;;;;;;
;4421;rue;de la;Levrette;RUE DE LA LEVRETTE;rue de la Levrette;;;1843-12-31;;;;;;;;;;;;;Supprimée en 1843. Elle commençait rue de la Mortellerie (rue de l'Hôtel de Ville) et finissait rue du Martroi (supprimée). En 1491, c'était la ruelle aux Poissons. En 1552, la rue des Trois Poissons. Au XVIIe siècle, la rue Pernelle depuis la rue du Martroi (supprimée) jusqu'à la rivière.;;;;;;;;;
;4424;passage;;Levert;PASSAGE LEVERT;passage Levert;11e;;1877-02-01;;Roquette;;;;;;;;;;;Dénommé passage Basfroi par arrêté préfectoral du 1er février 1877.;;;;;;;;;
;4289;rue;de la;Madeleine;RUE DE LA MADELEINE;rue de la Madeleine;;;;;;;;;;;;;;;;Voir : Marmousets (rue des).;;;;;;;;;
;7652;rue;;Bourc de Brie;RUE BOURC DE BRIE;rue Bourc de Brie;;;;;;;;;;;;;;;;Actuellement rue Boutebrie.;;;;;;;;;
;7659;rue;de;Bourbon;RUE DE BOURBON;rue de Bourbon;;;;;;;;;;;;;;;;Actuellement rue Meslay et rue Sainte-Apolline.;;;;;;;;;
19;7715;passage;;Bouchardy;PASSAGE BOUCHARDY;passage Bouchardy;11e;1875-02-10;1938-08-17;;Folie-Méricourt;;145;5;;rue de l'Orillon, 31.;rue du Faubourg du Temple, 106;26;21;Arrêté du 2 novembre 1932.;;Dénommée rue Robert-Houdin par arrêté préfectoral du 17 août 1938. Précédemment, passage de l'Isly avant 1875 et, antérieurement, passage Philibert. Une ordonnance de police du 4 novembre 1844 fixait à 11 m la hauteur maximum des maisons en bordure.;Décret du 10 février 1875.;Arrêté du 2 novembre 1932.;;;Joseph Bouchardy (1810-1852), auteur dramatique;;;Arrêté du 17 février 1925;
19;7718;rue;;Bossut;RUE BOSSUT;rue Bossut;12e;1873-11-10;1897-06-10;;Bercy;;;;;rue du Charolais.;avenue Daumesnil;;;;;Dénommée rue Charles Bossut par arrêté préfectoral du 10 juin 1897.;Arrêté préfectoral du 10 novembre 1873.;;ou rue Bossu;;;;;;
;7771;rue;du;Bois de l'Orme;RUE DU BOIS DE L'ORME;rue du Bois de l'Orme;;;;;;;;;;;;;;;;"Supprimé. : 1° Pour la partie qui était comprise entre les rues du Pré-Saint-Gervais et Janssen en 1934 (percement de la rue de l'Inspecteur Allès) ; 2° Pour la partie qui s'étendait au-delà de la rue Janssen (anciennement sentier du Bois de l'Orme) par la loi du 3 avril 1841 (établissement de l'enceinte fortifiée).";;;;;;;;;
;7116;rue;de la;Charrière;RUE DE LA CHARRIERE;rue de la Charrière;;;;;;;;;;;;;;;;Et Charrettes (rue des). Voir : Charrettes (rue des).;;;;;;;;;
;5118;cité;;Guillaumot;CITE GUILLAUMOT;cité Guillaumot;12e;;1927-01-31;;Quinze-Vingts;;;;;;;;;;;Dénommé rue Guillaumot par arrêté préfectoral du 31 janvier 1927.;;;;;Nom de propriétaire.;;;;
19;5126;rue;;Guilhem;RUE GUILHEM;rue Guilhem;11e;1875-02-10;1957-08-28;;Saint-Ambroise;;;;;;;;;Décret du 26 novembre 1883.;;Dénommé rue du Général Guilhem par arrêté du 28 août 1957.;Décret du 10 février 1875.;Décret du 26 novembre 1883.;;Arrêté du 14 juin 1875.;"Pierre Victor Guilhem (1815-1870), général de brigade, tué à la bataille de Chevilly ; quartier où ont été groupés des noms d'officiers tués pendant le siège de Paris (1870-1871).";;Décret du 26 novembre 1883.;;Ouverte vers 1869 sur les terrains provenant des anciens abattoirs de Ménilmontant.
;5161;rue;de;Guarnelle;RUE DE GUARNELLE;rue de Guarnelle;;;;;;;;;;;;;;;;Actuellement rue de Grenelle.;;;;;;;;;
;5779;cour;;Ferri de Paris;COUR FERRI DE PARIS;cour Ferri de Paris;;;;;;;;;;;;;;;;Voir : Deux Ermites (rue des).;;;;;;;;;
;5805;galeries;de;Fer;GALERIES DE FER;galeries de Fer;;;;;;;;;;;;;;;;Supprimé. en 1879. Elles conduisaient de la rue de Choiseul au boul. des Italiens.;;;;;;;;;
;6468;chemin;de la;Croix du Gors;CHEMIN DE LA CROIX DU GORS;chemin de la Croix du Gors;;;;;;;;;;;;;;;;Actuellement partie de la rue des Plantes et, anciennement, imp. des Plantes (Supprimé.).;;;;;;;;;
;6483;rue;de la;Croix;RUE DE LA CROIX;rue de la Croix;12e;;1869-09-03;;Picpus;;;;;;;;;;;Dénommée rue de Fécamp par arrêté préfectoral du 3 septembre 1869.;;;;;;;;;
;6514;rue;;Courtauvillain;RUE COURTAUVILLAIN;rue Courtauvillain;;;;;;;;;;;;;;;;Ou Cour au Villain. Voir : Cour au Villain (rue). Actuellement partie de la rue de Montmorency.;;;;;;;;;
;7178;rue;;Chapuy;RUE CHAPUY;rue Chapuy;;;;;;;;;;;;;;;;Ou Chapus. Voir : Chapus (rue).;;;;;;;;;
;5175;rue;;Groignet;RUE GROIGNET;rue Groignet;;;;;;;;;;;;;;;;Actuellement rue Pastourelle.;;;;;;;;;
;5194;rue;;Grenouiller;RUE GRENOUILLER;rue Grenouiller;;;;;;;;;;;;;;;;Ou Grenouillière. Voir : Poirées (rue des).;;;;;;;;;
;5825;place;;Faure;PLACE FAURE;place Faure;;;;;;;;;;;;;;;;Voir : Félix Faure (place).;;;;;;;;;
;5830;rue;du;Faubourg Saint-Victor;RUE DU FAUBOURG SAINT-VICTOR;rue du Faubourg Saint-Victor;;;;;;;;;;;;;;;;Actuellement partie de la rue Geoffroy-Saint-Hilaire, rue Linné et partie de la rue et de la place Jussieu.;;;;;;;;;
;5842;rue;;Farouls;RUE FAROULS;rue Farouls;;;;;;;;;;;;;;;;Ou Faron ou encore Farou. Voir : Faron (rue).;;;;;;;;;
;6557;rue;;Coupe Gueule;RUE COUPE GUEULE;rue Coupe Gueule;;;;;;;;;;;;;;;;Voir : Coupe Gorge (rue).;;;;;;;;;
;7212;cour;du;Chantier;COUR DU CHANTIER;cour du Chantier;;;;;;;;;;;;;;;;Supprimé. Elle était située rue Guérin-Boisseau.;;;;;;;;;
;7225;rue;des;Champs;RUE DES CHAMPS;rue des Champs;;;;;;;;;;;;;;;;Actuellement rue du Vieux Colombier.;;;;;;;;;
;7228;rue;de;Champrousier;RUE DE CHAMPROUSIER;rue de Champrousier;;;;;;;;;;;;;;;;Ou Champourri, Champrose, Champrosy ou encore Champrou. Voir : Champourri (rue de).;;;;;;;;;
;7231;rue;de;Champrose;RUE DE CHAMPROSE;rue de Champrose;;;;;;;;;;;;;;;;Ou Champourri, Champrou, Champron, Champrosy ou encore Champrousier. Voir : Champourri (rue de).;;;;;;;;;
;5230;rue;des;Grands Piliers des Halles;RUE DES GRANDS PILIERS DES HALLES;rue des Grands Piliers des Halles;;;;;;;;;;;;;;;;Voir : Tonnellerie (rue de la).;;;;;;;;;
;5237;;;Grande Rue;GRANDE RUE;Grande Rue;;;;;;;;;;;;;;;;"Supprimée par l'ouverture du boul. de Sébastopol. Elle faisait partie de l'enclos de la Trinité (Supprimé.) ; commençait rue des Arts (Supprimé.) et finissait cour du Commerce (Supprimé.). Elle a aussi été appelée rue Saint-Alexandre.";;;;;;;;;
;5284;cul-de-sac;;Gourtin;CUL-DE-SAC GOURTIN;cul-de-sac Gourtin;;;;;;;;;;;;;;;;Voir : Saint-Pierre Gourtin (cul-de-sac).;;;;;;;;;
;5942;rue;d';Errancis;RUE D'ERRANCIS;rue d'Errancis;;;;;;;;;;;;;;;;Actuellement partie de la rue du Rocher.;;;;;;;;;
;6615;place;des;Cordeliers;PLACE DES CORDELIERS;place des Cordeliers;;;;;;;;;;;;;;;;Voir : Ecole de Médecine (place de l').;;;;;;;;;
;6643;rue;;Copieuse;RUE COPIEUSE;rue Copieuse;;;;;;;;;;;;;;;;Actuellement rue du Sabot.;;;;;;;;;
;4636;cour;de la;Juiverie;COUR DE LA JUIVERIE;cour de la Juiverie;12e;;1853-08-17;;Quinze-Vingts;;;;;;;;;;;Supprimée par un décret du 17 août 1853, relatif à l'établissement du Chemin de Fer de Vincennes. Elle était située rue de la Contrescarpe dans la partie annexée à la place de la Bastille. Une des faces de la cour a subsisté un temps sur la place et dans la cour de l'embarcadère du chemin de fer de Vincennes.;;;;;;;;;
;5327;rue;;Gilles Queux;RUE GILLES QUEUX;rue Gilles Queux;;;;;;;;;;;;;;;;Ou Gilles le Coeur. Actuellement rue Gît-le-Coeur.;;;;;;;;;
;5336;chemin;du;Gibet;CHEMIN DU GIBET;chemin du Gibet;;;;;;;;;;;;;;;;Actuellement partie de la rue de Grenelle.;;;;;;;;;
;5967;rue;de l';Épargne;RUE DE L'EPARGNE;rue de l'Épargne;;;;;;;;;;;;;;;;Supprimé. Commençait rue Hickel (Supprimé.), finissait rue Krüger (Supprimé.).;;;;;;;;;
;6685;porte;à la;Comtesse d'Artois;PORTE A LA COMTESSE D'ARTOIS;porte à la Comtesse d'Artois;;;;;;;;;;;;;;;;Ou Comte d'Artois (porte au). Elle était située dans la rue Montorgueil, près de l'imp. de la Bouteille (Supprimé.) (enceinte de Philippe-Auguste). Elle s'est appelée aussi porte Montorgueil, porte de Bourgogne et porte Nicolas Arrode.;;;;;;;;;
;5344;rue;;Gervese Lorens;RUE GERVESE LORENS;rue Gervese Lorens;;;;;;;;;;;;;;;;Voir : Gervais Laurent (rue).;;;;;;;;;
;4706;cul-de-sac;;Jehan Chat Blanc;CUL-DE-SAC JEHAN CHAT BLANC;cul-de-sac Jehan Chat Blanc;;;;;;;;;;;;;;;;Voir : Chat Blanc (cul-de-sac du).;;;;;;;;;
;4724;rue;;Jean Pain Mollet;RUE JEAN PAIN MOLLET;rue Jean Pain Mollet;04e;;1851-03-11;;Saint-Merri;;;;;;;;;;;"Dénommée partie de la rue des Écrivains (supprimée) par arrêté préfectoral du 11 mars 1851.  Supprimée par l'ouverture de la rue de Rivoli. Elle commençait rue de la Coutellerie (Supprimé.) et finissait rue des Arcis (rue Saint-Martin). Sauval prétend qu'elle s'est appelée rue du Croc. Sur le plan de la Tapisserie on lui donne le nom de la Radrerie.";;;;;;;;;
;4735;ruelle;;Jean le Forestier;RUELLE JEAN LE FORESTIER;ruelle Jean le Forestier;;;;;;;;;;;;;;;;Supprimé. Elle allait de la rue de la Tannerie (Supprimé.) à la rivière.;;;;;;;;;
;6016;impasse;;Émeline Salembien;IMPASSE EMELINE SALEMBIEN;impasse Émeline Salembien;;;;;;;;;;;;;;;;Voir : Salembière (Imp.).;;;;;;;;;
;6747;rue;;Colin Pochet;RUE COLIN POCHET;rue Colin Pochet;;;;;;;;;;;;;;;;Actuellement rue Saint-Séverin.;;;;;;;;;
;4744;rue;;Jean Hubert;RUE JEAN HUBERT;rue Jean Hubert;;;1844-12-31;;;;;;;rue des Sept Voies (actuellement rue Valette);rue des Cholets (supprimée);;;;;Supprimée en 1844. Au XIIIe siècle, elle aurait été appelée rue du Moine. Au XVe siècle c'était la rue Maître Jeharre, puis rue des Chieurs ou des Chiards, ensuite rue des Chiens et enfin rue Jean Hubert en 1806.;;;;;;;;;
;6065;rue;de l';Église;RUE DE L'EGLISE;rue de l'Église;12e;;;;Bercy;;;;;;;;;;;Supprimé. Elle commençait place de la Nativité (Actuellement place Lachambeaudie) et finissait rue de Bercy.;;;;;;;;;
;6083;passage;;Édouard VII;PASSAGE EDOUARD VII;passage Édouard VII;;;;;;;;;;;;;;;;Actuellement rue Édouard VII.;;;;;;;;;
;6796;rue;du;Clos Bruneau;RUE DU CLOS BRUNEAU;rue du Clos Bruneau;;;;;;;;;;;;;;;;Actuellement rue de Lanneau.;;;;;;;;;
;6809;rue;du;Cloître Saint-Jean;RUE DU CLOITRE SAINT-JEAN;rue du Cloître Saint-Jean;;;;;;;;;;;;;;;;Voir : Tourniquet Saint-Jean (rue du).;;;;;;;;;
;4814;passage;des;Jacobins;PASSAGE DES JACOBINS;passage des Jacobins;;;;;;;;;;;;;;;;Actuellement rue Saint-Thomas d'Aquin.;;;;;;;;;
;6126;passage;de l';Échaudé;PASSAGE DE L'ECHAUDE;passage de l'Échaudé;;;;;;;;;;;;;;;;Actuellement partie de la rue des Bourdonnais.;;;;;;;;;
;6815;rue;du;Cloître des Bernardins;RUE DU CLOITRE DES BERNARDINS;rue du Cloître des Bernardins;;;;;;;;;;;;;;;;Supprimée par l'ouverture du boul. Saint-Germain. Elle commençait rue de Pontoise et finissait rue des Bernardins. Précédemment pas. du Cloître.;;;;;;;;;
;5479;rue;;G;RUE G;rue G;;;;;;;;;;;;;;;;Actuellement rue Azaïs.;;;;;;;;;
;6160;passage;;Dupuis;PASSAGE DUPUIS;passage Dupuis;;;1942-12-31;;;;;;;;;;;;;Supprimé en 1942. Commençait passage Flocart (supprimé), finissait passage des Arts (supprimé).;;;;;;;;;
;6888;rue;du;Cimetière;RUE DU CIMETIERE;rue du Cimetière;;;;;;;;;;;;;;;;Actuellement rue Saint-Spire.;;;;;;;;;
;5521;rue;;Frépaut;RUE FREPAUT;rue Frépaut;;;;;;;;;;;;;;;;Ou Fripaux et Frépaux (rue). Voir : Phélipeaux (rue).;;;;;;;;;
;6184;rue;des;Droits de L'Homme;RUE DES DROITS DE L'HOMME;rue des Droits de L'Homme;;;;;;;;;;;;;;;;Actuellement partie de la rue du Roi de Sicile.;;;;;;;;;
;6201;rue;;Doré;RUE DORE;rue Doré;03e;;;;Archives;;;;;;;;;;;Actuellement rue du Roi Doré.;;;;;;;;;
;6203;rue;du;Domaine Prolongée;RUE DU DOMAINE PROLONGEE;rue du Domaine Prolongée;;;;;;;;;;;;;;;;Supprimé. en 1941. Commençait rue du Domaine (Supprimé.), finissait rue de la Champignonnière (Supprimé.).;;;;;;;;;
;6204;rue;du;Domaine;RUE DU DOMAINE;rue du Domaine;;;;;;;;;;;;;;;;Supprimé. en 1941. Commençait rue Jean Dauphin (Supprimé.) finissait rue de la Champignonnière (Supprimé.).;;;;;;;;;
;4946;rue;de l';Hôpital de la Charité;RUE DE L'HOPITAL DE LA CHARITE;rue de l'Hôpital de la Charité;;;;;;;;;;;;;;;;Actuellement rue des Saints-Pères.;;;;;;;;;
;5579;impasse;de;Fourcy;IMPASSE DE FOURCY;impasse de Fourcy;;;;;;;;;;;;;;;;Supprimée. Elle était située rue de Jouy. En 1367, petite ruelle Sans Chef, puis ruelle Hélie Hannot. Au commencement du XVIIe siècle, rue de l'Aviron et plus tard de Fourcy, à cause de l'Hôtel de Fourcy qui était construit à l'angle de la rue de Jouy et de cette impasse.;;;;;;;;;
19;6223;rue;;Diderot;RUE DIDEROT;rue Diderot;03e;1877-11-10;1879-08-16;;Archives;;;;;;;;;;;Dénommée rue des Arquebusiers par arrêté préfectoral du 16 août 1879. Antérieurement rue de Harlay au Marais et rue de Harlay;Décret présidentiel du 10 novembre 1877.;;;;;;;;
;6247;rue;entre;Deux Portes;RUE ENTRE DEUX PORTES;rue entre Deux Portes;;;;;;;;;;;;;;;;Voir : Deux Portes (rue des).;;;;;;;;;
;2486;ruelle;des;Postes;RUELLE DES POSTES;ruelle des Postes;;;;;;;;;;;;;;;;Actuellement partie de la rue de la Victoire.;;;;;;;;;
;2218;rue;de la;Réforme;RUE DE LA REFORME;rue de la Réforme;;;;;;;;;;;;;;;;Actuellement rue d'Artois et rue Berryer.;;;;;;;;;
;2233;rue;;Ravel;RUE RAVEL;rue Ravel;;;;;;;;;;;;;;;;Actuellement rue Saint-Romain.;;;;;;;;;
;2264;barrière;;Ramponeau;BARRIERE RAMPONEAU;barrière Ramponeau;11e;;;;Folie-Méricourt;;;;;;;;;;;Supprimé. Elle était située boul. de Belleville, au droit des rues de l'Orillon et Ramponeau.;;;;;Barrière d'octroi de l'enceinte des Fermiers généraux.;;;;
;2267;ruelle;de;Rambouillet;RUELLE DE RAMBOUILLET;ruelle de Rambouillet;12e;;;;Bercy;;;;;rue de Charenton, 172;;;;;;Supprimée. Etait située 172, rue de Charenton.;;;;;;;;;
;2399;rue;au;Prince;RUE AU PRINCE;rue au Prince;;;;;;;;;;;;;;;;Voir : Etuves (rue des).;;;;;;;;;
;2427;allée;du;Premier Mai;ALLEE DU PREMIER MAI;allée du Premier Mai;;;;;;;;;;;;;;;;Supprimé. en 1943. Commençait rue Lécuyer prolongée (Supprimé.), finissait rue Vadé (Supprimé.).;;;;;;;;;
;2762;passage;;Piémontési;PASSAGE PIEMONTESI;passage Piémontési;;;;;;;;;;;;;;;;Actuellement rue Piémontési.;;;;;;;;;
;2652;rue;;Plumel;RUE PLUMEL;rue Plumel;;;;;;;;;;;;;;;;Actuellement rue Oudinot.;;;;;;;;;
;2656;rue;;Pleyel;RUE PLEYEL;rue Pleyel;;;;;;;;;;;;;;;;Supprimée par l'ouverture de la rue Ordener. Elle commençait rue Marcadet et finissait rue des Portes Blanches.;;;;;;;;;
;2722;rue;;Pincourt;RUE PINCOURT;rue Pincourt;;;;;;;;;;;;;;;;Actuellement rue Popincourt et partie de la rue de la Folie-Méricourt.;;;;;;;;;
;2732;rue;;Pierret;RUE PIERRET;rue Pierret;;;;;;;;;;;;;;;;Voir : Pirouette (rue).;;;;;;;;;
19;2735;rue;;Pierre Nys;RUE PIERRE NYS;rue Pierre Nys;11e;1893-12-26;1927-01-31;;Folie-Méricourt;;;;;;;;;;;Dénommée rue Louis Bonnet par arrêté préfectoral du 31 janvier 1927.;Arrêté préfectoral du 26 décembre 1893;;;;M. Pierre Nys, propriétaire;;;;
;2516;place;de la;Porte de Paris;PLACE DE LA PORTE DE PARIS;place de la Porte de Paris;;;;;;;;;;;;;;;;Elle était située dans le prolongement de la rue Saint-Denis, entre le Châtelet et la rue Saint-Jacques la Boucherie (Supprimé.). On disait aussi Apport Paris.;;;;;;;;;
;2593;impasse;du;Pont aux Biches;IMPASSE DU PONT AUX BICHES;impasse du Pont aux Biches;03e;;1881-12-31;;Arts et Metiers;;;;;;;;;;;Devenue partie du passage du Pont aux Biches lors de l'ouverture du passage en 1881. Précédemment cul-de-sac de la Chiffonnerie.;;;;;Voisinage de l'ancienne rue du Pont aux Biches, qui devait elle-même son nom à un pont sur l'égout et à une enseigne représentant des biches.;;;;
;3069;rue;de;Paris;RUE DE PARIS;rue de Paris;12e;;1930-08-11;;Bercy, Picpus;;;;;;;;;;;Dénommée partie de l'avenue de la Porte de Charenton par arrêté préfectoral du 11 août 1930. Située sur le territoire de Charenton-le-Pont annexé à Paris par décret du 18 avril 1929.;;;;;;;;;
;3080;rue;de la;Parcheminerie;RUE DE LA PARCHEMINERIE;rue de la Parcheminerie;;;;;;;;;;;;;;;;Actuellement rue des Blancs Manteaux.;;;;;;;;;
;2835;rue;de la;Petite Image Sainte-Catherine;RUE DE LA PETITE IMAGE SAINTE-CATHERINE;rue de la Petite Image Sainte-Catherine;;;;;;;;;;;;;;;;Voir : Haute des Ursins (rue).;;;;;;;;;
;2840;passage;de la;Petite Chaise;PASSAGE DE LA PETITE CHAISE;passage de la Petite Chaise;;;;;;;;;;;;;;;;Supprimé par l'ouverture de l'avenue Victoria. Il conduisait de la rue Saint-Martin à la rue Saint-Jacques la Boucherie (Supprimé.).;;;;;;;;;
;2930;rue;;Perriau D'Estampes;RUE PERRIAU D'ESTAMPES;rue Perriau D'Estampes;;;;;;;;;;;;;;;;Ou Perreau d'Estampes ou encore Perrot d'Estampes. Voir : Perreau d'Estampes (rue).;;;;;;;;;
;3033;place;des;Patriarches;PLACE DES PATRIARCHES;place des Patriarches;;;;;;;;;;;;;;;;Elle fait maintenant partie du marché des Patriarches.;;;;;;;;;
;3058;rue;de la;Paroisse;RUE DE LA PAROISSE;rue de la Paroisse;;;;;;;;;;;;;;;;Actuellement rue de Furstemberg.;;;;;;;;;
;3203;carrefour;de l';Orme;CARREFOUR DE L'ORME;carrefour de l'Orme;;;;;;;;;;;;;;;;Actuellement partie de la place Saint-Gervais.;;;;;;;;;
;3371;rue;;Neuve Sainte-Catherine;RUE NEUVE SAINTE-CATHERINE;rue Neuve Sainte-Catherine;03e, 04e;;1868-04-02;;Archives, Saint-Gervais;;;;;;;;;;;Dénommée partie de la rue des Francs Bourgeois par arrêté préfectoral du 2 avril 1868.;;;;;;;;;
;3381;rue;;Neuve Saint-Pierre;RUE NEUVE SAINT-PIERRE;rue Neuve Saint-Pierre;03e;;1865-10-02;;Archives;;;;;;;;1;;;Dénommée partie de la rue Villehardouin par décret impérial du 2 octobre 1865.;;;;;;;;;
;3265;rue;aux;Oës;RUE AUX OES;rue aux Oës;;;;;;;;;;;;;;;;Ou Oues. Voir : Oues (rue aux).;;;;;;;;;
;3296;cul-de-sac;;Novion;CUL-DE-SAC NOVION;cul-de-sac Novion;;;;;;;;;;;;;;;;Voir : Pecquay (pas.).;;;;;;;;;
;3301;chemin;de la;Nouvelle France;CHEMIN DE LA NOUVELLE FRANCE;chemin de la Nouvelle France;;;;;;;;;;;;;;;;Actuellement rue de Bellefond.;;;;;;;;;
;3314;rue;;Notre-Dame des Champs;RUE NOTRE-DAME DES CHAMPS;rue Notre-Dame des Champs;;;;;;;;;;;;;;;;Voir : Paradis (rue de).;;;;;;;;;
;3152;rue;;P;RUE P;rue P;;;;;;;;;;;;;;;;Actuellement rue Boinod.;;;;;;;;;
;3192;voies;des;Ormes;VOIES DES ORMES;voies des Ormes;;;;;;;;;;;;;;;;Actuellement rue Dunois.;;;;;;;;;
;3194;quai;des;Ormes;QUAI DES ORMES;quai des Ormes;04e;;1868-04-02;;Saint-Gervais;;;;;;;;;;;Dénommé partie du quai des Célestins et partie du quai de l'Hôtel de Ville par arrêté préfectoral du 2 avril 1868.. Le quai des Ormes fut formé au XIVe siècle. Il fut appelé anciennement Mofils ou de MonFils ou de l'Arche Beaufils. Il porta le nom de place aux Veaux au XVIIe siècle.;;;;;;;;;
;3405;petite rue;;Neuve Saint-Gilles;PETITE RUE NEUVE SAINT-GILLES;petite rue Neuve Saint-Gilles;03e;;;;Archives;;;;;;;;;;;Actuellement partie de la rue des Tournelles.;;;;;;;;;
;3420;rue;;Neuve Saint-Antoine;RUE NEUVE SAINT-ANTOINE;rue Neuve Saint-Antoine;;;;;;;;;;;;;;;;Voir : Anglade (rue de l').;;;;;;;;;
;3433;rue;;Neuve Lepelletier;RUE NEUVE LEPELLETIER;rue Neuve Lepelletier;;;;;;;;;;;;;;;;Actuellement rue Rameau.;;;;;;;;;
;3453;rue;;Neuve du Colombier;RUE NEUVE DU COLOMBIER;rue Neuve du Colombier;04e;;;;Saint-Gervais;;;;;;;;;;;Devenue rue Ducolombier puis partie de la rue Caron.;;;;;;;;;
;3460;rue;;Neuve des Petits Pères;RUE NEUVE DES PETITS PERES;rue Neuve des Petits Pères;;;;;;;;;;;;;;;;Actuellement rue des Petits Pères.;;;;;;;;;
;3483;rue;;Neuve de Sully;RUE NEUVE DE SULLY;rue Neuve de Sully;04e;;;;Arsenal;;;;;;;;;;;Actuellement rue de Sully.;;;;;;;;;
;3542;ruelle;;Neuve;RUELLE NEUVE;ruelle Neuve;;;;;;;;;;;;;;;;Actuellement partie de la rue Dupleix.;;;;;;;;;
;824;rue;du;Trône;RUE DU TRONE;rue du Trône;;;;;;;;;;;;;;;;Actuellement rue des Boulets.;;;;;;;;;
;893;cour ou passage;;Tricot;COUR OU PASSAGE TRICOT;cour ou passage Tricot;;;;;;;;;;;;;;;;Voir : Jussienne (pas. ou cour de la).;;;;;;;;;
;682;chemin ou rue;de;Vauvert;CHEMIN OU RUE DE VAUVERT;chemin ou rue de Vauvert;;;;;;;;;;;;;;;;Actuellement av. Denfert-Rochereau et rue Henri Barbusse.;;;;;;;;;
;725;quai;de la;Vallée de la Pie;QUAI DE LA VALLEE DE LA PIE;quai de la Vallée de la Pie;;;;;;;;;;;;;;;;Actuellement partie du quai de la Mégisserie.;;;;;;;;;
;731;passage;de la;Vallée;PASSAGE DE LA VALLEE;passage de la Vallée;;;;;;;;;;;;;;;;Supprimé. Commençait av. de la Porte Brancion, finissait av. du Parc des Expositions (Supprimé.).;;;;;;;;;
;1222;rue;de;Seine allant aux Augustins;RUE DE SEINE ALLANT AUX AUGUSTINS;rue de Seine allant aux Augustins;;;;;;;;;;;;;;;;Actuellement partie du quai des Grands Augustins.;;;;;;;;;
;989;rue;de la;Toilerie;RUE DE LA TOILERIE;rue de la Toilerie;;;;;;;;;;;;;;;;Ou Toilières (rue des). Voir : Tonnellerie (rue de la).;;;;;;;;;
;1011;passage;;Thuilleux;PASSAGE THUILLEUX;passage Thuilleux;;;;;;;;;;;;;;;;Actuellement rue du Docteur Charles Richet.;;;;;;;;;
;1067;rue;des;Terres Fortes;RUE DES TERRES FORTES;rue des Terres Fortes;12e;;1879-08-16;;Quinze-Vingts;;;;;;;;;;;Dénommée rue Lacuée par arrêté préfectoral du 16 août 1879 ( entre la rue de Lyon et le boulevard de la Bastille). Supprimée en partie entre l'avenue Ledru-Rollin et la rue de Lyon.;;;;;;;;;
;1079;chemin;des;Ternes;CHEMIN DES TERNES;chemin des Ternes;;;;;;;;;;;;;;;;Supprimé. Il commençait chemin des Clos (Supprimé.) et finissait rue de Courcelles.;;;;;;;;;
;1088;fausse poterne;du;Temple;FAUSSE POTERNE DU TEMPLE;fausse poterne du Temple;;;;;;;;;;;;;;;;Voir : Barbette (porte).;;;;;;;;;
;1103;rue;de la;Tannerie;RUE DE LA TANNERIE;rue de la Tannerie;;;;;;;;;;;;;;;;Voir : Vieille Place aux Veaux (rue de la).;;;;;;;;;
;1147;passage;;Sourdis;PASSAGE SOURDIS;passage Sourdis;;;;;;;;;;;;;;;;Actuellement passage Lemoine.;;;;;;;;;
;1163;ruelle;;Solly;RUELLE SOLLY;ruelle Solly;;;;;;;;;;;;;;;;Voir : Soly (rue).;;;;;;;;;
;1397;rue;;Sainte-Croix en la Cité;RUE SAINTE-CROIX EN LA CITE;rue Sainte-Croix en la Cité;04e;;;;Notre-Dame;;;;;;;;;;;Supprimée par la reconstruction de l'Hôtel Dieu. Commençait rue Gervais Laurent (supprimée), finissait rue de la Vieille Draperie (supprimée). Au XIIe siècle on la nommait petite rue Sainte-Croix et plus tard ruelle Sainte-Croix.;;;;;;;;;
;1574;cour;;Saint-Martin;COUR SAINT-MARTIN;cour Saint-Martin;;;;;;;;;;;;;;;;Absorbée par la rue Réaumur. Elle était située entre l'église Saint-Nicolas des Champs et le Conservatoire des Arts et Métiers.;;;;;;;;;
;1418;rue;;Sainte-Avoie;RUE SAINTE-AVOIE;rue Sainte-Avoie;03e, 04e;;1851-03-11;;Sainte-Avoye, Saint-Merri;;;;;;;;;;;Dénommée partie de la rue du Temple par arrêté préfectoral du 11 mars 1851.;;;;;;;;;
;1439;cul-de-sac;;Saint-Vincent;CUL-DE-SAC SAINT-VINCENT;cul-de-sac Saint-Vincent;;;;;;;;;;;;;;;;Actuellement partie de la rue Saint-Roch.;;;;;;;;;
;1452;rue;;Saint-Symphorien des Vignes;RUE SAINT-SYMPHORIEN DES VIGNES;rue Saint-Symphorien des Vignes;;;;;;;;;;;;;;;;Voir : Cholets (rue des).;;;;;;;;;
;1471;ruelle;;Saint-Sabin;RUELLE SAINT-SABIN;ruelle Saint-Sabin;;;;;;;;;;;;;;;;Supprimé. Elle était située rue Saint-Sabin près de la rue Bréguet.;;;;;;;;;
;1482;rue;;Saint-Pierre des Arcis;RUE SAINT-PIERRE DES ARCIS;rue Saint-Pierre des Arcis;04e;;1812-12-31;;Notre-Dame;;;;;;;;;;;Supprimée en 1812. Elle commençait rue Gervais Laurent (supprimée) et finissait rue de la Vieille Draperie (supprimée). Elle s'est appelée petite rue Saint-Martin.;;;;;;;;;
;1493;rue;;Saint-Pierre;RUE SAINT-PIERRE;rue Saint-Pierre;;;;;;;;;;;;;;;;Voir : Laiterie (rue de la).;;;;;;;;;
;1498;impasse;;Saint-Pierre;IMPASSE SAINT-PIERRE;impasse Saint-Pierre;04e;;;;Saint-Merri;;;;;;;;;;;Actuellement impasse Saint-Fiacre.;;;;;;;;;
;1522;rue;;Saint-Ovide;RUE SAINT-OVIDE;rue Saint-Ovide;;;;;;;;;;;;;;;;Actuellement rue des Capucines.;;;;;;;;;
;1257;chemin;de la;Saussaie;CHEMIN DE LA SAUSSAIE;chemin de la Saussaie;;;;;;;;;;;;;;;;Actuellement rue des Saussaies.;;;;;;;;;
;1297;rue;du;Sanhédrin;RUE DU SANHEDRIN;rue du Sanhédrin;;;;;;;;;;;;;;;;Voir : Tourniquet Saint-Jean (rue du).;;;;;;;;;
;1331;cul-de-sac;;Sainte-Marine;CUL-DE-SAC SAINTE-MARINE;cul-de-sac Sainte-Marine;;;;;;;;;;;;;;;;Supprimé. par le redressement de la rue d'Arcole. Il était situé rue Saint-Pierre aux Boeufs (Supprimé.).;;;;;;;;;
;1597;rue;;Saint-Louis;RUE SAINT-LOUIS;rue Saint-Louis;;;;;;;;;;;;;;;;Voir : Métiers (rue des).;;;;;;;;;
;1620;rue;;Saint-Leufroi;RUE SAINT-LEUFROI;rue Saint-Leufroi;;;;;;;;;;;;;;;;Supprimé. en 1813 lors de la démolition du Châtelet. Située en face du pont au Change, elle traversait le grand Châtelet et aboutissait rue de la Triperie. Elle a aussi porté le nom de rue du Chastel, Chastelet ou Châtelet et de rue Devant le Chatel.;;;;;;;;;
;1635;port;;Saint-Landry;PORT SAINT-LANDRY;port Saint-Landry;;;;;;;;;;;;;;;;Il était situé à l'extrémité de la rue Saint-Landry. Au XVIIe siècle, on le nommait quai des Ormes de Blondei.;;;;;;;;;
;1659;rue;;Saint-Jean;RUE SAINT-JEAN;rue Saint-Jean;;;;;;;;;;;;;;;;Voir : Martroi Saint-Jean (rue du).;;;;;;;;;
;1668;ruelle;;Saint-Jacques du Haut Pas;RUELLE SAINT-JACQUES DU HAUT PAS;ruelle Saint-Jacques du Haut Pas;;;;;;;;;;;;;;;;Actuellement partie de la rue de l'Abbé de l'Epée.;;;;;;;;;
19;1685;rue;;Saint-Irénée;RUE SAINT-IRENEE;rue Saint-Irénée;11e;1867-02-26;1877-06-23;;Saint-Ambroise;;;;;;;;;;;Dénommée partie de la rue Lacharrière par arrêté préfectoral du 23 juin 1877.;Arrêté préfectoral du 26 février 1867;;;;;;;;
;1724;rue;;Saint-Germain;RUE SAINT-GERMAIN;rue Saint-Germain;;;;;;;;;;;;;;;;Ou Saint-Germain des Près. Actuellement rue Saint-André des Arts.;;;;;;;;;
;2176;rue;;Renaut Lefèvre;RUE RENAUT LEFEVRE;rue Renaut Lefèvre;;;;;;;;;;;;;;;;Voir : Renaud Lefèvre (rue).;;;;;;;;;
;2205;rue;de la;Reine;RUE DE LA REINE;rue de la Reine;;;;;;;;;;;;;;;;Elle existait anciennement près de la rue Saint-Antoine.;;;;;;;;;
;2053;rue;de;Rome;RUE DE ROME;rue de Rome;;;;;;;;;;;;;;;;Actuellement rue au Maire.;;;;;;;;;
;2054;cul-de-sac;de;Rome;CUL-DE-SAC DE ROME;cul-de-sac de Rome;03e;;;;Arts et Metiers;;;;;;;;;;;Supprimée par l'ouverture de la partie de la rue au Maire comprise entre la rue Volta et la rue des Vertus. Elle était située rue Volta (anciennement rue Frépillon). Avant 1806, on la nommait cul-de-sac du Puits de Rome. Au XIVe siècle, elle faisait partie d'une rue aux Cordiers qui s'étendait de la rue Frépillon à la rue du Temple.;;;;;;;;;
;2063;cour;du;Roi;COUR DU ROI;cour du Roi;;;;;;;;;;;;;;;;Voir : Opéra (cul-de-sac de l').;;;;;;;;;
;2100;barrière;de;Riom;BARRIERE DE RIOM;barrière de Riom;11e;;;;Folie-Méricourt;;;;;;;;;;;Nom donné à la barrière Ramponneau.;;;;;Barrière d'octroi de l'enceinte des Fermiers généraux.;;;;
;2121;rue;;Richard Wagner;RUE RICHARD WAGNER;rue Richard Wagner;;;;;;;;;;;;;;;;Actuellement partie de la rue Albéric Magnard.;;;;;;;;;
;2150;grande rue;de;Reuilly;GRANDE RUE DE REUILLY;grande rue de Reuilly;;;;;;;;;;;;;;;;Actuellement rue de Reuilly.;;;;;;;;;
;1884;rue;;Sacrot Prolongée;RUE SACROT PROLONGEE;rue Sacrot Prolongée;12e;;;;Bel-Air;;;;;;;;;;;Supprimée. Commençait boulevard Carnot.;;;;;;;;;
;1908;chemin;des;Ruelles Saint-Vincent;CHEMIN DES RUELLES SAINT-VINCENT;chemin des Ruelles Saint-Vincent;;;;;;;;;;;;;;;;Actuellement rue Saint-Vincent.;;;;;;;;;
;1926;rue;;Royale;RUE ROYALE;rue Royale;;;;;;;;;;;;;;;;Actuellement rue Jean-Baptiste Pigalle.;;;;;;;;;
;1943;route;;Nationale N° 2;ROUTE NATIONALE N? 2;route Nationale N° 2;;;;;;;;;;;;;;;;Actuellement av. de Flandre, av. Corentin Cariou et partie de l'av. de la Porte de la Villette.;;;;;;;;;
;1967;route;;Départementale N° 40;ROUTE DEPARTEMENTALE N? 40;route Départementale N° 40;;;;;;;;;;;;;;;;Actuellement rue Pelleport et partie de la rue Haxo. La rue Le Bua et un tronçon de la rue du Surmelin faisaient partie de cette voie avant sa rectification en 1847.;;;;;;;;;
;1990;route;;Départementale N° 2 Bis;ROUTE DEPARTEMENTALE N? 2 BIS;route Départementale N° 2 Bis;;;;;;;;;;;;;;;;Actuellement av. de la Porte Molitor.;;;;;;;;;
;1993;route;;Départementale N° 19;ROUTE DEPARTEMENTALE N? 19;route Départementale N° 19;;;;;;;;;;;;;;;;Actuellement partie de l'av. de la Porte de Montreuil.;;;;;;;;;
;2454;rue;des;Poulies;RUE DES POULIES;rue des Poulies;03e;;;;Enfants-Rouges;;;;;;;;;;;Actuellement rue Portefoin.;;;;;;;;;
;3952;rue;;Merderiau;RUE MERDERIAU;rue Merderiau;;;;;;;;;;;;;;;;Voir : Verderet (rue).;;;;;;;;;
;3967;impasse;de;Ménilmontant;IMPASSE DE MENILMONTANT;impasse de Ménilmontant;11e;;;;Saint-Ambroise;;;;;;;;;;;Devenue  impasse Gaudelet. Actuellement villa Gaudelet.;;;;;;;;;
;3891;vicus;;Militiæ Templi;VICUS MILITI? TEMPLI;vicus Militiæ Templi;;;;;;;;;;;;;;;;Voir : Chevalerie du Temple (rue de la).;;;;;;;;;
;3905;quai;du;Midi;QUAI DU MIDI;quai du Midi;;;;;;;;;;;;;;;;Actuellement partie du quai des Orfèvres.;;;;;;;;;
;3928;chemin;des;Meuniers;CHEMIN DES MEUNIERS;chemin des Meuniers;12e;;;;Picpus;;;;;;;;;;;Actuellement rue Claude Decaen.;;;;;;;;;
;3945;passage;des;Messageries;PASSAGE DES MESSAGERIES;passage des Messageries;;;;;;;;;;;;;;;;Actuellement partie de la rue d'Hauteville et rue des Messageries.;;;;;;;;;
;3710;rue;des;Morts;RUE DES MORTS;rue des Morts;;;;;;;;;;;;;;;;Voir : Muette (rue de la).;;;;;;;;;
;3716;quai;;Morland;QUAI MORLAND;quai Morland;;;;;;;;;;;;;;;;Actuellement boulevard Morland.;;;;;;;;;
;3767;chemin;du;Montparnasse;CHEMIN DU MONTPARNASSE;chemin du Montparnasse;;;;;;;;;;;;;;;;Actuellement partie de la rue Vandamme.;;;;;;;;;
;4241;ruelle;à;Maitre Hugues;RUELLE A MAITRE HUGUES;ruelle à Maitre Hugues;;;;;;;;;;;;;;;;Supprimé. Elle conduisait de la rue de la Tannerie (Supprimé.) à la Seine.;;;;;;;;;
;4247;ruelle;de la;Maison des Singes;RUELLE DE LA MAISON DES SINGES;ruelle de la Maison des Singes;;;;;;;;;;;;;;;;Supprimé. Elle allait de la rue de la Pelleterie à la Seine, dans le voisinage du pont au Change.;;;;;;;;;
;4273;rue;;Maguéron;RUE MAGUERON;rue Maguéron;;;;;;;;;;;;;;;;Actuellement rue Coq Héron.;;;;;;;;;
;4113;impasse;des;Marguettes;IMPASSE DES MARGUETTES;impasse des Marguettes;12e;;1899-03-05;;Bel-Air;;;;;;;;;;;Supprimée. Elle débouchait rue des Marguettes. Son emprise a été intégrée à la rue du Sahel.;;;;;;;;;
;4127;rue;du;Marché Saint-Martin;RUE DU MARCHE SAINT-MARTIN;rue du Marché Saint-Martin;;;1851-02-18;;;;;;;;;;;;;Dénommée partie de la rue Réaumur (entre les rues Volta et de Turbigo) par décret présidentiel du 18 février 1851 et arrêté préfectoral du 11 mars 1851.;;;;;;;;;
;4134;passage;du;Marché Neuf;PASSAGE DU MARCHE NEUF;passage du Marché Neuf;;;;;;;;;;;;;;;;Supprimé. Il conduisait de la rue du Marché Neuf à la rue de la Calandre (Supprimé.). On l'a appelé pas. Boisselier.;;;;;;;;;
;4202;rue;de;Mantoue;RUE DE MANTOUE;rue de Mantoue;;;;;;;;;;;;;;;;Actuellement rue de Courcelles.;;;;;;;;;
;4216;rue ou petite rue;de la;Malladerye;RUE OU PETITE RUE DE LA MALLADERYE;rue ou petite rue de la Malladerye;;;;;;;;;;;;;;;;Ou Maladrerie. Voir : Maladrerie (rue ou petite rue de la).;;;;;;;;;
;4222;rue;;Maleparole;RUE MALEPAROLE;rue Maleparole;;;;;;;;;;;;;;;;Actuellement rue des Deux Boules.;;;;;;;;;
;7133;passage;du;Charnier des Innocents;PASSAGE DU CHARNIER DES INNOCENTS;passage du Charnier des Innocents;;;1845-12-31;;;;;;;;;;;;;Supprimé en 1845. Il commençait rue Saint-Denis et finissait rue de la Lingerie.;;;;;;;;;
;5116;passage;;Guillaumot Lainet;PASSAGE GUILLAUMOT LAINET;passage Guillaumot Lainet;12e;;;;Quinze-Vingts;;;;;rue de Charenton, 131-135.;rue Crozatier, 11-17;;;;;Actuellement avenue de Corbera. Précédemment passage Guillaumot.;;;;;;;;;
;5119;rue;;Guillaume Porée dite des Deux Boules;RUE GUILLAUME POREE DITE DES DEUX BOULES;rue Guillaume Porée dite des Deux Boules;;;;;;;;;;;;;;;;Voir : Guillaume Porée (rue).;;;;;;;;;
;5137;passage;;Guibert;PASSAGE GUIBERT;passage Guibert;;;1909-12-31;;;;;;;;;;;;;Devenu rue François Guibert (supprimée) en 1909.;;;;;;;;;
;5797;cité;;Ferdinanville;CITE FERDINANVILLE;cité Ferdinanville;;;;;;;;;;;;;;;;Voir : Saint-Joseph (villa).;;;;;;;;;
;5809;rue;de la;Femme sans Tête;RUE DE LA FEMME SANS TETE;rue de la Femme sans Tête;04e;;1868-04-02;;Notre-Dame;;;;;;;;;;;Dénommée partie de la rue Le Regrattier par arrêté préfectoral du 2 avril 1868.;;;;;;;;;
;6477;rue;de la;Croix Blanche;RUE DE LA CROIX BLANCHE;rue de la Croix Blanche;04e;;;;Saint-Gervais;;;;;;;;;;;Actuellement partie de la rue du Roi de Sicile.;;;;;;;;;
;6479;passage;de la;Croix Blanche;PASSAGE DE LA CROIX BLANCHE;passage de la Croix Blanche;;;;;;;;;;;;;;;;Devenue passage Saucède (supprimé par l'ouverture du boulevard de Sébastopol). Il conduisait de la rue Saint-Denis à la rue du Bourg l'Abbé.;;;;;;;;;
20;6512;rue;;Courteline;RUE COURTELINE;rue Courteline;12e;1929-12-12;1930-08-11;;Bel-Air;;;;;;;;;;;Dénommée rue Fernand Foureau par arrêté préfectoral du 11 août 1930.;Arrêté préfectoral du 12 décembre 1929;;;;;;;;
;8372;rue;de l';Attacherie;RUE DE L'ATTACHERIE;rue de l'Attacherie;;;;;;;;;;;;;;;;Actuellement rue de la Tacherie.;;;;;;;;;
;7173;rue;du;Charbonnier;RUE DU CHARBONNIER;rue du Charbonnier;;;;;;;;;;;;;;;;Voir : Charbonniers Saint-Marcel (rue des).;;;;;;;;;
;7814;rue;;Blandan;RUE BLANDAN;rue Blandan;;;;;;;;;;;;;;;;Actuellement rue Steinlen.;;;;;;;;;
;7815;cul-de-sac;des;Blancs Manteaux;CUL-DE-SAC DES BLANCS MANTEAUX;cul-de-sac des Blancs Manteaux;;;;;;;;;;;;;;;;Voir : Pecquay (pas.).;;;;;;;;;
;5204;passage;de;Grenelle;PASSAGE DE GRENELLE;passage de Grenelle;;;;;;;;;;;;;;;;Actuellement villa de Grenelle.;;;;;;;;;
;8421;rue;d';Argenteuil;RUE D'ARGENTEUIL;rue d'Argenteuil;;;;;;;;;;;;;;;;Actuellement rue Saint-Lazare.;;;;;;;;;
;5824;rue;de la;Fausse Poterne;RUE DE LA FAUSSE POTERNE;rue de la Fausse Poterne;;;;;;;;;;;;;;;;Actuellement rue Charlemagne.;;;;;;;;;
;8426;sentier;d';Arcueil;SENTIER D'ARCUEIL;sentier d'Arcueil;;;;;;;;;;;;;;;;Voir : Cibelle (sentier de la).;;;;;;;;;
;6545;sentier de traverse;de la;Cour des Noues;SENTIER DE TRAVERSE DE LA COUR DES NOUES;sentier de traverse de la Cour des Noues;;;;;;;;;;;;;;;;Actuellement rue Lisfranc.;;;;;;;;;
;6547;passage;de la;Cour des Coches;PASSAGE DE LA COUR DES COCHES;passage de la Cour des Coches;;;;;;;;;;;;;;;;Actuellement cité du Retiro.;;;;;;;;;
;7853;impasse;;Bilcoq;IMPASSE BILCOQ;impasse Bilcoq;;;;;;;;;;;;;;;;Supprimé. Etait située rue du Poteau, 42.;;;;;;;;;
;7210;passage;du;Chantier de l'Écu;PASSAGE DU CHANTIER DE L'ECU;passage du Chantier de l'Écu;;;;;;;;;;;;;;;;Supprimé. Il allait de la rue Basse du Rempart au cul-de-sac de la Ferme des Mathurins devenu la rue Vignon.;;;;;;;;;
;7856;rue;de;Bièvre;RUE DE BIEVRE;rue de Bièvre;04e;;;;Saint-Merri;;;;;;;;;;;Supprimée par l'ouverture du boulevard de Sébastopol. Elle était située rue Quincampoix. En 1210, vicus de Byeria, rue de Bierre. En 1313, rue Brère, ensuite rue Bierne, rue de Bièvre dite rue Verte, puis rue Verte ou cul-de-sac Quincampoix et cul-de-sac de Venise. De 1793 à 1806, cul-de-sac Batave. En 1806, impasse de Venise.;;;;;;;;;
;8440;rue;de l';Archet;RUE DE L'ARCHET;rue de l'Archet;;;;;;;;;;;;;;;;Ou Archer. Voir : Archer (rue de l').;;;;;;;;;
;5242;rue;de la;Grande Friperie;RUE DE LA GRANDE FRIPERIE;rue de la Grande Friperie;;;;;;;;;;;;;;;;Supprimé. par la construction des Halles Centrales. Elle commençait rue Jean de Beauce (Supprimé.) puis, plus tard rue du Marché aux Poirées (Supprimé.) et finissait rue de la Tonnellerie (Supprimé.).;;;;;;;;;
;5885;ruelle;des;Étuves;RUELLE DES ETUVES;ruelle des Étuves;;;;;;;;;;;;;;;;Voir : Porte aux Peintres (cul-de-sac de la).;;;;;;;;;
;8459;rue;de l';Arbalète;RUE DE L'ARBALETE;rue de l'Arbalète;;;;;;;;;;;;;;;;Voir : Petit Lion Saint-Sauveur (rue du).;;;;;;;;;
;8466;voie;;AQ/12;VOIE AQ/12;voie AQ/12;12e;;1978-08-30;;Picpus;;;;;;;;;;;Dénommée rue Charles Nicolle par arrêté municipal du 30 août 1978.;;;;;;;;;
;7889;rue;;Béthisy;RUE BETHISY;rue Béthisy;;;;;;;;;;;;;;;;Supprimée par l'ouverture de la rue de Rivoli. Elle commençait rue des Bourdonnais et finissait rue de la Monnaie. Elle comprenait autrefois la rue des Fossés Saint-Germain l'Auxerrois jusqu'à la rue de l'Arbre Sec. De la rue Tirechappe à la rue des Bourdonnais, elle portait, au XIIIe siècle, le nom de rue de la Charpenterie.;;;;;;;;;
;7922;rue;de;Bercy au Marais;RUE DE BERCY AU MARAIS;rue de Bercy au Marais;04e;;;;Saint-Gervais;;;;;;;;;;;Actuellement partie de la rue du Roi de Sicile.;;;Dite aussi rue de Bercy Saint-Jean;;;;;;
;8524;passage;des;Anglais;PASSAGE DES ANGLAIS;passage des Anglais;;;;;;;;;;;;;;;;Supprimé. Il commençait quai de la Seine et finissait av. de Flandre, 74.;;;;;;;;;
;8531;cour;aux;Ânes;COUR AUX ANES;cour aux Ânes;;;;;;;;;;;;;;;;Supprimé. par l'ouverture de la rue de Maubeuge. Elle débouchait rue Lamartine entre les rues Rodier et Milton.;;;;;;;;;
;8543;rue;;André de Machel;RUE ANDRE DE MACHEL;rue André de Machel;;;;;;;;;;;;;;;;Voir : Cloître Saint-Benoît (rue du).;;;;;;;;;
;8572;rue;;Amauri de Roissy;RUE AMAURI DE ROISSY;rue Amauri de Roissy;;;;;;;;;;;;;;;;Actuellement partie de la rue de La Reynie.;;;;;;;;;
;5260;passage;du;Grand Chantier de Tivoli;PASSAGE DU GRAND CHANTIER DE TIVOLI;passage du Grand Chantier de Tivoli;;;;;;;;;;;;;;;;Supprimé. Il allait de la rue Saint-Lazare à la rue Saint-Nicolas (Actuellement rue de Provence).;;;;;;;;;
;8576;passage;des;Amandiers;PASSAGE DES AMANDIERS;passage des Amandiers;11e;;;;Roquette;;;;;;;;;;;Actuellement rue du Morvan et partie de la rue Pétion.;;;;;;;;;
;8585;voie;;AL/12;VOIE AL/12;voie AL/12;12e;;1972-04-17;;Bercy;;;;;;;;;;;Dénommée rue du Général de Langle de Cary par arrêté préfectoral du 17 avril 1972.;;;;;;;;;
19;7985;rue;;Beccaria;RUE BECCARIA;rue Beccaria;;1844-08-05;;;;;;;;;;;;;;Supprimée par un décret du 16 avril 1859. Elle a été absorbée par l'avenue Daumesnil. Elle commençait rue des Charbonniers Saint-Antoine (Actuellement rue Hector Malot) et finissait rue Traversière.;Ordonnance royale du 5 août 1844.;;;;;;;;
;5936;rue;de l';Escorcherie dite de la Follye Régnier;RUE DE L'ESCORCHERIE DITE DE LA FOLLYE REGNIER;rue de l'Escorcherie dite de la Follye Régnier;;;;;;;;;;;;;;;;Actuellement partie de la rue Grégoire de Tours.;;;;;;;;;
;5937;rue;des;Escofles;RUE DES ESCOFLES;rue des Escofles;;;;;;;;;;;;;;;;Ou Esclosses. Voir : Esclosses (rue des).;;;;;;;;;
;7357;route;de la;Cavalerie;ROUTE DE LA CAVALERIE;route de la Cavalerie;12e;;;;Bel-Air;;350;6,5;;voie non dénommée.;route Dauphine;;;;;Supprimée. Était située route Dauphine.;;;Située dans le bois de Vincennes;;;;;;
;6606;rue;de la;Corderie;RUE DE LA CORDERIE;rue de la Corderie;;;;;;;;;;;;;;;;Actuellement rue du Nil.;;;;;;;;;
;6638;rue;du;Coq;RUE DU COQ;rue du Coq;03e;;;;Sainte-Avoye;;;;;;;;;;;Actuellement partie de la rue Chapon.;;;;;;;;;
;8051;passage;;Baulant;PASSAGE BAULANT;passage Baulant;12e;;;;Bercy;;;;;;;;;;;Actuellement rue Baulant.;;;;;;;;;
;8054;rue;de la;Baudroierie;RUE DE LA BAUDROIERIE;rue de la Baudroierie;;;;;;;;;;;;;;;;Partie Supprimé. de la rue Simon Le Franc, entre les rues Brisemiche (tronçon Supprimé.) et Saint-Martin.;;;;;;;;;
;8644;rue;de l';Ajussiane;RUE DE L'AJUSSIANE;rue de l'Ajussiane;;;;;;;;;;;;;;;;Actuellement rue de la Jussienne.;;;;;;;;;
;4633;rue;de la;Juiverie;RUE DE LA JUIVERIE;rue de la Juiverie;04e;;;;Saint-Merri;;;;;;;;;;;Actuellement rue de la Tacherie.;;;;;;;;;
;4635;rue;de la;Juiverie;RUE DE LA JUIVERIE;rue de la Juiverie;;;;;;;;;;;;;;;;Supprimé. Elle commençait rue des Marmousets (Supprimé.) et finissait rue de la Vieille Draperie (Supprimé.). On a écrit son nom Juërie (1300), Juyrie (1313), Juisvie (1405), Juiferie (1450).;;;;;;;;;
;5952;rue;;Eremburge de Brie;RUE EREMBURGE DE BRIE;rue Eremburge de Brie;;;;;;;;;;;;;;;;Actuellement rue Boutebrie.;;;;;;;;;
;7413;cul-de-sac;de;Carignan;CUL-DE-SAC DE CARIGNAN;cul-de-sac de Carignan;;;;;;;;;;;;;;;;Voir : Oblin (rue).;;;;;;;;;
;8073;porte;;Baudez;PORTE BAUDEZ;porte Baudez;;;;;;;;;;;;;;;;Ou Baudet ou encore Baudier. Voir : Baudet (porte).;;;;;;;;;
;8079;place;;Baudeeri;PLACE BAUDEERI;place Baudeeri;;;;;;;;;;;;;;;;Voir : Baudoyer (place).;;;;;;;;;
;6669;square;du;Conservatoire;SQUARE DU CONSERVATOIRE;square du Conservatoire;;;;;;;;;;;;;;;;Actuellement rue Ambroise Thomas.;;;;;;;;;
;7441;impasse;;Camus;IMPASSE CAMUS;impasse Camus;;;;;;;;;;;;;;;;Actuellement villa Brune.;;;;;;;;;
;4671;partie du passage;;Joissans;PARTIE DU PASSAGE JOISSANS;partie du passage Joissans;;;;;;;;;;;;;;;;Supprimé. en 1947. Commençait av. Frédéric Passy (Supprimé.), finissait pas. Joissans à la limite du territoire de Malakoff.;;;;;;;;;
;5353;impasse;;Germaine Rolland;IMPASSE GERMAINE ROLLAND;impasse Germaine Rolland;;;1943-12-31;;;;;;;avenue Germaine Rolland (Supprimée).;;;;;;Supprimée en 1943.;;;;;;;;;
;8116;barrière;des;Bassins;BARRIERE DES BASSINS;barrière des Bassins;;;;;;;;;;;;;;;;Supprimée. Elle était située boul. de Passy (av. Kléber), à l'extrémité de la rue de Belloy. En 1848, on l'a nommée barrière du Banquet.;;;;;;;;;
;8138;rue;du;Bas Pincourt;RUE DU BAS PINCOURT;rue du Bas Pincourt;;;;;;;;;;;;;;;;Ou Bas Popincourt. Actuellement partie de la rue Saint-Maur.;;;;;;;;;
;6696;route;de;Compiègne et de Flandre;ROUTE DE COMPIEGNE ET DE FLANDRE;route de Compiègne et de Flandre;;;;;;;;;;;;;;;;Actuellement av. de Flandre et av. Corentin Cariou.;;;;;;;;;
;6697;rue;du;Compas;RUE DU COMPAS;rue du Compas;;;;;;;;;;;;;;;;Voir : Matignon du Louvre (rue).;;;;;;;;;
;8728;rue;de l';Abreuvoir l'Évêque;RUE DE L'ABREUVOIR L'EVEQUE;rue de l'Abreuvoir l'Évêque;;;;;;;;;;;;;;;;Actuellement rue Boissy d'Anglas.;;;;;;;;;
;8729;rue;de l';Abreuvoir aux Boeufs;RUE DE L'ABREUVOIR AUX BOEUFS;rue de l'Abreuvoir aux Boeufs;;;;;;;;;;;;;;;;Actuellement partie de la rue Jean Nicot.;;;;;;;;;
;6708;passage;du;Commerce;PASSAGE DU COMMERCE;passage du Commerce;;;;;;;;;;;;;;;;Supprimé par l'ouverture de la rue Réaumur. Il faisait communiquer le cul-de-sac de Rome et le pas. Frépillon (Supprimé.) avec la rue Phélipeaux (Supprimé.). Il a porté également le nom de pas. Ou cour de la Marmite.;;;;;;;;;
;4699;ruelle;;Jehan Nicolle;RUELLE JEHAN NICOLLE;ruelle Jehan Nicolle;;;;;;;;;;;;;;;;Voir : Beurrière (rue).;;;;;;;;;
;6034;ruelle, puis rue;des;Égouts;RUELLE, PUIS RUE DES EGOUTS;ruelle, puis rue des Égouts;;;;;;;;;;;;;;;;Actuellement partie de la rue de Turenne.;;;;;;;;;
;6039;rue;de l';Égout Saint-Martin;RUE DE L'EGOUT SAINT-MARTIN;rue de l'Égout Saint-Martin;;;;;;;;;;;;;;;;Actuellement partie de la rue Notre-Dame de Nazareth.;;;;;;;;;
;6756;rue;de;Cognac;RUE DE COGNAC;rue de Cognac;12e;;;;Bercy;;;;;;;;;;;Supprimée. Voie située dans les entrepôts de Bercy.;;;;;"Chef-lieu d'arrondissement du département de la Charente ; centre d'un grand commerce d'eaux-de-vie.";;;;
;6760;vicus;;Coementariorium;VICUS COEMENTARIORIUM;vicus Coementariorium;;;;;;;;;;;;;;;;Actuellement rue Champollion.;;;;;;;;;
;6764;port;aux;Coches;PORT AUX COCHES;port aux Coches;;;;;;;;;;;;;;;;Réuni au port Saint-Bernard en 1905.;;;;;;;;;
;4758;rue;;Jean de Lille;RUE JEAN DE LILLE;rue Jean de Lille;;;;;;;;;;;;;;;;Actuellement partie de la rue Bertin Poirée.;;;;;;;;;
;4771;rue;;Jean Boissier;RUE JEAN BOISSIER;rue Jean Boissier;;;;;;;;;;;;;;;;Actuellement rue Jean Beausire.;;;;;;;;;
;5432;rue;;Garancée;RUE GARANCEE;rue Garancée;;;;;;;;;;;;;;;;Ou Garance. Voir : Garance (rue).;;;;;;;;;
;6795;rue;du;Clos Bruneau;RUE DU CLOS BRUNEAU;rue du Clos Bruneau;;;;;;;;;;;;;;;;Actuellement rue de Condé et partie de la rue Saint-Sulpice.;;;;;;;;;
;6800;rue;du;Clos aux Halliers;RUE DU CLOS AUX HALLIERS;rue du Clos aux Halliers;;;;;;;;;;;;;;;;Actuellement rue Bergère.;;;;;;;;;
;5466;rue;;Gaillardbois;RUE GAILLARDBOIS;rue Gaillardbois;;;;;;;;;;;;;;;;Actuellement rue du Vertbois.;;;;;;;;;
;6099;rue;des;Écoliers de Saint-Denis;RUE DES ECOLIERS DE SAINT-DENIS;rue des Écoliers de Saint-Denis;;;;;;;;;;;;;;;;Actuellement rue des Grands Augustins.;;;;;;;;;
;6121;rue;de l';Échelle du Temple;RUE DE L'ECHELLE DU TEMPLE;rue de l'Échelle du Temple;;;;;;;;;;;;;;;;Actuellement rue des Haudriettes et rue des Quatre Fils.;;;;;;;;;
;6832;chemin;de;Clichy;CHEMIN DE CLICHY;chemin de Clichy;;;;;;;;;;;;;;;;Actuellement rue des Bons Enfants.;;;;;;;;;
;5486;rue;des;Fuseaux;RUE DES FUSEAUX;rue des Fuseaux;;;;;;;;;;;;;;;;Actuellement rue Bertin Poirée.;;;;;;;;;
;5504;rue;;Froit Mantel;RUE FROIT MANTEL;rue Froit Mantel;;;;;;;;;;;;;;;;Ou Froit Manteau. Voir : Froit Manteau (rue) et Musée (rue du).;;;;;;;;;
;5512;rue;;Fripaux;RUE FRIPAUX;rue Fripaux;;;;;;;;;;;;;;;;Ou Frépaut. Voir : Frépaut (rue).;;;;;;;;;
;5516;rue;;Fresmantel;RUE FRESMANTEL;rue Fresmantel;;;;;;;;;;;;;;;;Voir : Fromentel (rue).;;;;;;;;;
;5520;rue;;Frépaux;RUE FREPAUX;rue Frépaux;;;;;;;;;;;;;;;;Ou Fripaux et Frépaut. Voir : Phélipeaux (rue).;;;;;;;;;
;4901;rue;;Huleu;RUE HULEU;rue Huleu;;;;;;;;;;;;;;;;Ou Hue Leu. Voir : Grand Hurleur (rue du).;;;;;;;;;
;5540;rue;des;Francs Bourgeois Saint-Michel;RUE DES FRANCS BOURGEOIS SAINT-MICHEL;rue des Francs Bourgeois Saint-Michel;;;1851-05-10;;;;;;;;;;;;;Dénommée partie de la rue Monsieur le Prince par arrêté préfectoral du 10 mai 1851.;;;;;;;;;
;5543;rue;;Françoise dite du Clos du Chardonneret;RUE FRANCOISE DITE DU CLOS DU CHARDONNERET;rue Françoise dite du Clos du Chardonneret;;;;;;;;;;;;;;;;Actuellement partie de la rue du Puits de l'Ermite et partie de la rue Pestalozzi.;;;;;;;;;
;6185;place;des;Droits de L'Homme;PLACE DES DROITS DE L'HOMME;place des Droits de L'Homme;;;;;;;;;;;;;;;;Actuellement rue du Bourg Tibourg.;;;;;;;;;
;6211;rue;des;Dix-Huit;RUE DES DIX-HUIT;rue des Dix-Huit;;;;;;;;;;;;;;;;Voir : Venise (rue de).;;;;;;;;;
;6930;rue;du;Chevet Saint-Jean;RUE DU CHEVET SAINT-JEAN;rue du Chevet Saint-Jean;;;;;;;;;;;;;;;;Voir : Martroi Saint-Jean (rue du).;;;;;;;;;
;4935;rue;;Hoqueton le Faucheur;RUE HOQUETON LE FAUCHEUR;rue Hoqueton le Faucheur;;;;;;;;;;;;;;;;Ou Hoqueton (rue du). Voir : Hoqueton (rue du).;;;;;;;;;
;4951;port;de l';Hôpital;PORT DE L'HOPITAL;port de l'Hôpital;;;;;;;;;;;;;;;;Il était situé près de l'hôpital de la Salpêtrière.;;;;;;;;;
;4479;passage;;Léchevin;PASSAGE LECHEVIN;passage Léchevin;11e;;;;Saint-Ambroise;;;;;;;;;;;Actuellement rue Léchevin.;;;;;;;;;
;4491;impasse;;Lavocat;IMPASSE LAVOCAT;impasse Lavocat;;;;;;;;;;;;;;;;Actuellement imp. de la Santé.;;;;;;;;;
;4419;rue;;Lias;RUE LIAS;rue Lias;;;;;;;;;;;;;;;;Ou Laas. Voir : Laas (rue).;;;;;;;;;
;4528;rue;de la;Lamperie;RUE DE LA LAMPERIE;rue de la Lamperie;;;;;;;;;;;;;;;;Guillot en fait mention (1300). C'était peut-être le cul-de-sac Saint-Fiacre.;;;;;;;;;
;4298;rue;de;Mâcon;RUE DE MACON;rue de Mâcon;12e;;;;Bercy;;;;;;;;;;;Supprimée. Voie située dans les entrepôts de Bercy.;;;;;Chef-lieu du département de Saône et Loire, centre d'un grand commerce de vins.;;;;
;4321;avenue;du;Luxembourg;AVENUE DU LUXEMBOURG;avenue du Luxembourg;;;;;;;;;;;;;;;;Actuellement partie de l'av. de l'Observatoire.;;;;;;;;;
;4344;pont;;Louis XVI;PONT LOUIS XVI;pont Louis XVI;;;;;;;;;;;;;;;;Actuellement pont de la Concorde.;;;;;;;;;
;4366;chemin;de la;Longue Raye;CHEMIN DE LA LONGUE RAYE;chemin de la Longue Raye;;;;;;;;;;;;;;;;Actuellement rue Saint-Dominique.;;;;;;;;;
;4374;passage;;Longcheval;PASSAGE LONGCHEVAL;passage Longcheval;;;;;;;;;;;;;;;;Actuellement rue de l'Encheval.;;;;;;;;;
;4381;rue;de la;Loi;RUE DE LA LOI;rue de la Loi;;;;;;;;;;;;;;;;Actuellement rue de Richelieu.;;;;;;;;;
;7678;rue;aux;Bouliers dite Cour Bazile;RUE AUX BOULIERS DITE COUR BAZILE;rue aux Bouliers dite Cour Bazile;;;;;;;;;;;;;;;;Actuellement rue du Bouloi.;;;;;;;;;
;8281;voie;;AY/12;VOIE AY/12;voie AY/12;12e;;1987-12-28;;Quinze-Vingts;;;;;;;;;;;Dénommée rue Maurice Denis par arrêté municipal du 28 décembre 1987.;;;;;;;;;
;8288;voie;;AW/12;VOIE AW/12;voie AW/12;12e;;1987-12-28;;Bel-Air;;;;;;;;;;;Dénommée rue Marie Laurencin par arrêté municipal du 28 décembre 1987.;;;;;;;;;
;7719;rue;;Bossuet;RUE BOSSUET;rue Bossuet;04e;;;;Notre-Dame;;;;;;;;;;;Actuellement partie de la rue du Cloître Notre-Dame.;;;;;;;;;
;7754;rue;;Bonconseil;RUE BONCONSEIL;rue Bonconseil;;;;;;;;;;;;;;;;Actuellement rue Mauconseil.;;;;;;;;;
;7767;cité;;Bois Halbran;CITE BOIS HALBRAN;cité Bois Halbran;11e;;;;Roquette;;;;;;;;;;;Devenue cité Bayvet (supprimée);;;;;;;;;
;8359;rue;d';Aubusson;RUE D'AUBUSSON;rue d'Aubusson;;;;;;;;;;;;;;;;Actuellement partie de la rue Croix des Petits Champs.;;;;;;;;;
;7781;rue;des;Bohèmes;RUE DES BOHEMES;rue des Bohèmes;;;;;;;;;;;;;;;;Voir : Hillerin Bertin (rue).;;;;;;;;;
19;7802;cité;des;Bluets;CITE DES BLUETS;cité des Bluets;11e;1877-02-01;1928-03-26;;Saint-Ambroise;;;;;;;;;;;Dénommée rue Victor Gelez par arrêté préfectoral du 26 mars 1928.;Arrêté préfectoral du 1er février 1877.;;;;;;;;
;7813;passage;;Blanqui;PASSAGE BLANQUI;passage Blanqui;;;;;;;;;;;;;;;;Supprimé. en 1970. Il conduisait de la cour des Artistes (Supprimé.) au boul. Auguste Blanqui.;;;;;;;;;
;8408;rue;de l';Arongerie;RUE DE L'ARONGERIE;rue de l'Arongerie;;;;;;;;;;;;;;;;Voir : Vieille Harengerie (rue de la).;;;;;;;;;
;8418;rue;d';Arienne;RUE D'ARIENNE;rue d'Arienne;;;;;;;;;;;;;;;;Actuellement rue de la Petite Truanderie.;;;;;;;;;
;8445;rue;de l';Arche Dorée;RUE DE L'ARCHE DOREE;rue de l'Arche Dorée;;;;;;;;;;;;;;;;Actuellement partie de la rue du Fauconnier.;;;;;;;;;
;8457;rue;des;Arbalétriers;RUE DES ARBALETRIERS;rue des Arbalétriers;;;;;;;;;;;;;;;;Voir : Petit Lion Saint-Sauveur (rue du).;;;;;;;;;
;8500;rue;;Anquetin;RUE ANQUETIN;rue Anquetin;;;;;;;;;;;;;;;;Ou Anquetin le Faucheur. Actuellement partie de la rue du Roi de Sicile.;;;;;;;;;
;8518;place;d';Angoulême;PLACE D'ANGOULEME;place d'Angoulême;11e;;;;Folie-Méricourt;;;;;;;;;;;Actuellement partie de la rue Amelot et de la rue Jean-Pierre Timbaud.;Lettres patentes du 13 octobre 1781.;;;;;;;;
;8532;ruelle;de l';Âne Rayé;RUELLE DE L'ANE RAYE;ruelle de l'Âne Rayé;;;;;;;;;;;;;;;;Actuellement imp. des Peintres.;;;;;;;;;
;7279;rue;du;Chalet;RUE DU CHALET;rue du Chalet;;;;;;;;;;;;;;;;Voir : Pierre Laval (rue).;;;;;;;;;
;7958;port;de;Bellefond;PORT DE BELLEFOND;port de Bellefond;;;;;;;;;;;;;;;;Il aurait occupé une partie du port Saint-Bernard actuel.;;;;;;;;;
;8619;rue;;Alexandre Langlais;RUE ALEXANDRE LANGLAIS;rue Alexandre Langlais;;;;;;;;;;;;;;;;Voir : Paon (rue du).;;;;;;;;;
;7362;quai;;Catinat;QUAI CATINAT;quai Catinat;;;;;;;;;;;;;;;;Actuellement quai de l'Archevêché.;;;;;;;;;
;8049;cour;de;Bavière;COUR DE BAVIERE;cour de Bavière;;;;;;;;;;;;;;;;Supprimé. Elle était située rue Descartes, sur l'emplacement de l'ancien Hôtel de Bavière.;;;;;;;;;
;7436;cité;du;Canard Boiteux;CITE DU CANARD BOITEUX;cité du Canard Boiteux;;;;;;;;;;;;;;;;Supprimé. par l'agrandissement de la gare aux marchandises du chemin de fer de l'Ouest.;;;;;;;;;
;8110;;la;Bastille;LA BASTILLE;la Bastille;;;;;;;;;;;;;;;;Ancienne porte de Paris, dépendant de l'enceinte construite sous Charles V.;;;;;;;;;
;8129;rue;;Basse du Port Saint-Landry;RUE BASSE DU PORT SAINT-LANDRY;rue Basse du Port Saint-Landry;;;;;;;;;;;;;;;;Actuellement rue des Ursins.;;;;;;;;;
;8738;rue;de l';Abbé de Saint-Denis;RUE DE L'ABBE DE SAINT-DENIS;rue de l'Abbé de Saint-Denis;;;;;;;;;;;;;;;;Actuellement rue des Grands Augustins.;;;;;;;;;
18;4607;rue;de la;Justice;RUE DE LA JUSTICE;rue de la Justice;;1793-01-01;1807-12-31;;;;;;;;;;;;;Actuellement rue Princesse.;;;;;;;;;
;4611;chemin;de la;Justice;CHEMIN DE LA JUSTICE;chemin de la Justice;;;;;;;;;;;;;;;;Actuellement rue Saint-Dominique.;;;;;;;;;
;4612;passage ou cour;de la;Jussienne;PASSAGE OU COUR DE LA JUSSIENNE;passage ou cour de la Jussienne;;;;;;;;;;;;;;;;Il allait de la rue de la Jussienne à la rue Montmartre en contournant la Chapelle de la Jussienne. Il a porté le nom de Cour Tricot ou de pas. de la Cour Tricot.;;;;;;;;;
;5270;passage;;Gracieuse;PASSAGE GRACIEUSE;passage Gracieuse;;;;;;;;;;;;;;;;Supprimé par l'ouverture de la rue Monge. Il commençait rue Gracieuse et finissait rue du Marché des Patriarches.;;;;;;;;;
;5908;passage;;Étienne Delaunay;PASSAGE ETIENNE DELAUNAY;passage Étienne Delaunay;11e;;;;Sainte-Marguerite;;200;10;;rue de Charonne, 172.;passage du Bureau, 25-33;18;29;;;"Une partie actuellement dénommée rue Robert et Sonia Delaunay (du n° 2 au 14) par arrêté municipal du 13 novembre 1991. et l'autre partie supprimée lors de l'aménagement de la ZAC ""Dorian"".";;;;;M. Étienne Delaunay, propriétaire, créateur du passage.;;;Arrêté du 29 janvier 1965.;
;6609;place;de la;Corderie;PLACE DE LA CORDERIE;place de la Corderie;03e;;1885-05-11;;Enfants-Rouges;;;;;;;;;;;Dénommée partie de la rue de la Corderie par arrêté préfectoral du 11 mai 1885;;;;;;;;;
;6642;impasse;du;Coq;IMPASSE DU COQ;impasse du Coq;04e;;1904-12-31;;Saint-Merri;;;;;rue de la Verrerie.;;;;;;"Supprimée en 1904. Elle était située rue de la Verrerie, 43. C'était un vestige de la rue du Coq Saint-Jean, en partie supprimée par l'ouverture de la rue de Rivoli. La rue du Coq Saint-Jean s'est appelée : rue André Malet ou Maillet (XIIIe siècle) ; rue Lambert Râle ; rue du Coq (XVe siècle).";;;;;;;;;
;4649;rue;;Jubinal;RUE JUBINAL;rue Jubinal;;;;;;;;;;;;;;;;Supprimé. Commençait av. de la Porte d'Orléans, finissait rue Saint-Albin (Supprimé.).;;;;;;;;;
;5320;barrière;de la;Glacière;BARRIERE DE LA GLACIERE;barrière de la Glacière;;;;;;;;;;;;;;;;Voir : Lourcine (barrière de).;;;;;;;;;
;5334;rue;;Gilbert;RUE GILBERT;rue Gilbert;;;;;;;;;;;;;;;;Voir : Anglade (rue de l').;;;;;;;;;
;4674;rue;du;Joindre;RUE DU JOINDRE;rue du Joindre;;;;;;;;;;;;;;;;Actuellement partie de la rue Madame.;;;;;;;;;
;4679;rue;de la;Joaillerie;RUE DE LA JOAILLERIE;rue de la Joaillerie;;;;;;;;;;;;;;;;Supprimée par l'agrandissement de la place du Châtelet. Elle commençait à la place du Châtelet et finissait rue Saint-Jacques de la Boucherie (Supprimé.). En 1300, rue du Chevet Saint-Lieufroi (Saint-Leufroy). Plus tard, rue du Pont au Change. Vers 1621, rue de la Joaillerie. Elle aurait aussi été nommée rue de la Vieille Joaillerie et, suivant Sauval, de la Vieille Chevalerie.;;;;;;;;;
;4683;passage;du;Jeu de Paume;PASSAGE DU JEU DE PAUME;passage du Jeu de Paume;;;;;;;;;;;;;;;;Supprimé. Il conduisait de la rue Mazarine à la rue de Seine Saint-Germain, en face de la rue Visconti.;;;;;;;;;
;4696;ruelle;;Jehan Pymollet;RUELLE JEHAN PYMOLLET;ruelle Jehan Pymollet;;;;;;;;;;;;;;;;Ou Jehan Pinmollet. Voir : Jehan Pinmollet (ruelle).;;;;;;;;;
;5368;passage;;Genty;PASSAGE GENTY;passage Genty;12e;;1972-11-24;;Quinze-Vingts;;146;5,75;;quai de la Rapée, 66.;rue de Bercy, 201;10;9;Arrêté du 12 décembre 1935.;;"Englobé dans la voie AJ/12 par arrêté préfectoral du 24 novembre 1972. Actuellement rue Van Gogh.  Formé vers 1806, il s'est appelé passage de la Raffinerie.";;Arrêté du 12 décembre 1935.;;;Le chantier de bois de M. Genty y était situé.;;Arrêté du 12 décembre 1935.;;
;5374;chemin;de;Gentilly;CHEMIN DE GENTILLY;chemin de Gentilly;;;;;;;;;;;;;;;;Actuellement partie de la rue de la Santé.;;;;;;;;;
;2231;passage;;Raymot;PASSAGE RAYMOT;passage Raymot;;;;;;;;;;;;;;;;Voir : Raymond (pas.).;;;;;;;;;
;4722;rue;;Jean Robert;RUE JEAN ROBERT;rue Jean Robert;03e;;1851-03-11;;Arts et Metiers, Sainte-Avoye;;;;;;;;;;;Dénommée partie de la rue des Gravilliers par arrêté préfectoral du 11 mars 1851.;;;;;;;;;
;4723;rue;;Jean Palée;RUE JEAN PALEE;rue Jean Palée;;;;;;;;;;;;;;;;Voir : Petit Hurleur (rue du).;;;;;;;;;
;4734;rue;;Jean Le Goulier;RUE JEAN LE GOULIER;rue Jean Le Goulier;;;;;;;;;;;;;;;;Actuellement imp. des Trois Visages.;;;;;;;;;
;2273;rue;;Ragonni;RUE RAGONNI;rue Ragonni;;;;;;;;;;;;;;;;Actuellement partie de la rue du Fauconnier.;;;;;;;;;
;2289;passage;des;Quinze-Vingts;PASSAGE DES QUINZE-VINGTS;passage des Quinze-Vingts;12e;;;;Quinze-Vingts;;100;3,5;;rue de Lyon, 46.;rue Moreau, 9;6;3;;;Supprimé en 1969 par la reconstruction de l'îlot. Il conduisait de la rue de Lyon à la rue Moreau.;;;;;Voisinage de l'hospice des Quinze-Vingts.;;;;
;5375;chemin;de;Gentilly;CHEMIN DE GENTILLY;chemin de Gentilly;;;;;;;;;;;;;;;;Actuellement rue Duméril et partie de la rue Geoffroy-Saint-Hilaire.;;;;;;;;;
;2293;cul-de-sac;;Quincampoix;CUL-DE-SAC QUINCAMPOIX;cul-de-sac Quincampoix;;;1806-12-31;;;;;;;;;;;;;Supprimée par l'ouverture du boulevard de Sébastopol. Elle était située rue Quincampoix. En 1210, vicus de Byeria, rue de Bierre. En 1313, rue Brère, ensuite rue Bierne, rue de Bièvre dite rue Verte, puis rue Verte ou cul-de-sac Quincampoix et cul-de-sac de Venise. De 1793 à 1806, cul-de-sac Batave. En 1806, impasse de Venise.;;;;;;;;;
;6044;rue;de l';Égout Couvert;RUE DE L'EGOUT COUVERT;rue de l'Égout Couvert;;;;;;;;;;;;;;;;Ou Egout. Voir : Egout (rue de l').;;;;;;;;;
;2307;quai;des;Quatre Nations;QUAI DES QUATRE NATIONS;quai des Quatre Nations;;;;;;;;;;;;;;;;Actuellement partie du quai de Conti.;;;;;;;;;
;4759;ruelle;;Jean de la Poterne;RUELLE JEAN DE LA POTERNE;ruelle Jean de la Poterne;;;;;;;;;;;;;;;;Actuellement partie de la rue des Bourdonnais.;;;;;;;;;
;2314;rue;des;Quatre Chemins;RUE DES QUATRE CHEMINS;rue des Quatre Chemins;12e;;1884-10-16;;Picpus;;;;;;;;;;;Dénommée rue Dubrunfaut par arrêté du 16 octobre 1884.;;;;;;;;;
;2317;ruelle;du;Quassy;RUELLE DU QUASSY;ruelle du Quassy;;;;;;;;;;;;;;;;Ou Quassay. Voir : Quassay (ruelle du).;;;;;;;;;
;2330;rue;du;Puys Mauconseil;RUE DU PUYS MAUCONSEIL;rue du Puys Mauconseil;;;;;;;;;;;;;;;;Ou Puys. Voir : Puys (rue du).;;;;;;;;;
;5419;rue;de la;Gare du Chemin de Fer de Strasbourg;RUE DE LA GARE DU CHEMIN DE FER DE STRASBOURG;rue de la Gare du Chemin de Fer de Strasbourg;;;;;;;;;;;;;;;;Actuellement rue Pajol.;;;;;;;;;
;2400;ruelle;du;Prieuré;RUELLE DU PRIEURE;ruelle du Prieuré;;;;;;;;;;;;;;;;Voir : Barthélemy (cul-de-sac).;;;;;;;;;
;2626;porte;de la;Poissonnerie;PORTE DE LA POISSONNERIE;porte de la Poissonnerie;;;;;;;;;;;;;;;;Ou Poissonniers (porte des) ou encore Poissonnière (porte de la). Voir : Sainte-Anne (porte).;;;;;;;;;
;4824;vieux chemin;d';Ivry;VIEUX CHEMIN D'IVRY;vieux chemin d'Ivry;;;;;;;;;;;;;;;;Actuellement quai Saint-Bernard.;;;;;;;;;
;2764;rue;du;Pied de Bœuf;RUE DU PIED DE B?UF;rue du Pied de Bœuf;04e;;;;Saint-Merri;;;;;;;;;;;Supprimée en 1813 pour la formation de la place du Châtelet. Elle commençait rue de la Tuerie (supprimée) et finissait rue de la Joaillerie (supprimée). Elle se continuait autrefois jusqu'à la rivière et a été souvent confondue avec la rue de la Triperie.;;;;;;;;;
;2644;rue;;Poinpée;RUE POINPEE;rue Poinpée;;;;;;;;;;;;;;;;Voir : Poupée (rue).;;;;;;;;;
;6123;rue;;Échaudé Saint-Honoré;RUE ECHAUDE SAINT-HONORE;rue Échaudé Saint-Honoré;;;;;;;;;;;;;;;;Voir : Saint-Louis-Saint-Honoré (rue).;;;;;;;;;
;2666;rue;;Plâtrière;RUE PLATRIERE;rue Plâtrière;;;;;;;;;;;;;;;;Actuellement partie de la rue Jean-Jacques Rousseau.;;;;;;;;;
;2681;cité;des;Plantes;CITE DES PLANTES;cité des Plantes;;;;;;;;;;;;;;;;Voir : Papillon (cité).;;;;;;;;;
;2693;rue;;Planchepain;RUE PLANCHEPAIN;rue Planchepain;;;;;;;;;;;;;;;;Voir : Taille-Pain (rue).;;;;;;;;;
;2706;rue;de la;Place Saint-Denis de la Chartre;RUE DE LA PLACE SAINT-DENIS DE LA CHARTRE;rue de la Place Saint-Denis de la Chartre;;;;;;;;;;;;;;;;Actuellement rue de la Cité et partie de la place Louis Lépine.;;;;;;;;;
;2717;rue;des;Piques;RUE DES PIQUES;rue des Piques;;;;;;;;;;;;;;;;Actuellement rue Louis le Grand.;;;;;;;;;
;2727;rue;des;Piliers aux Potiers D'Étain;RUE DES PILIERS AUX POTIERS D'ETAIN;rue des Piliers aux Potiers D'Étain;;;;;;;;;;;;;;;;Ou Piliers des Halles. Supprimé. par la construction des Halles Centrales. Elle commençait rue de la Cossonnerie et finissait rue Pirouette. On la désignait aussi sous les noms de Petits Piliers et Piliers des Halles.;;;;;;;;;
;5518;rue;;Frépillon;RUE FREPILLON;rue Frépillon;03e;;1851-02-18;;Arts et Metiers;;;;;;;;;;;Dénommée partie de la rue Volta par décret présidentiel du 18 février 1851 et arrêté préfectoral du 11 mars 1851. Précédemment, on a écrit Ferpillon, Ferpeillon, Fripilon, Serpillon, etc.;;;;;;;;;
;2742;rue;;Pierre Laval;RUE PIERRE LAVAL;rue Pierre Laval;;;;;;;;;;rue du Chalet (supprimée).;sentier Guilbert (supprimé);;;;;Supprimée en 1942. Commençait rue du Chalet, finissait sentier Guilbert (supprimé).;;;;;;;;;
;2757;rue;;Pierre Argile;RUE PIERRE ARGILE;rue Pierre Argile;;;;;;;;;;;;;;;;Ou Pierre Agis. Voir : Pierre Agis (rue).;;;;;;;;;
;6169;impasse;;Duhot;IMPASSE DUHOT;impasse Duhot;;;;;;;;;;;;;;;;Actuellement villa Poirier.;;;;;;;;;
;6857;passerelle;de la;Cité;PASSERELLE DE LA CITE;passerelle de la Cité;04e;;1860-12-31;;Notre-Dame;;;;;;;;;;;Supprimée. elle a été remplacée en 1860 par le Pont Saint-Louis.;;;;;;;;;
;6873;place;du;Cimetière Saint-Jean;PLACE DU CIMETIERE SAINT-JEAN;place du Cimetière Saint-Jean;;;;;;;;;;;;;;;;Actuellement partie de la rue du Bourg Tibourg.;;;;;;;;;
;6884;ruelle;du;Cimetière;RUELLE DU CIMETIERE;ruelle du Cimetière;;;;;;;;;;;;;;;;Supprimée par l'ouverture de la rue Michel Bizot (Actuellement av. du Général Michel Bizot). Elle commençait rue des Meuniers et finissait chemin des Meuniers (Actuellement rue Claude Decaen).;;;;;;;;;
;6902;impasse;;Chrétien;IMPASSE CHRETIEN;impasse Chrétien;;;;;;;;;;;;;;;;Supprimé. en 1866 par l'ouverture de l'av. de Laumière. Elle était située rue du Dépotoir (Actuellement rue Petit).;;;;;;;;;
;5564;rue;du;Franc Morier;RUE DU FRANC MORIER;rue du Franc Morier;;;;;;;;;;;;;;;;Ou Franc Mourier ou encore Franc Meurier. Voir : Franc Mourier (rue du).;;;;;;;;;
;5584;rue;du;Four Saint-Germain;RUE DU FOUR SAINT-GERMAIN;rue du Four Saint-Germain;;;;;;;;;;;;;;;;Actuellement rue du Four.;;;;;;;;;
;3084;rue;du;Parc des Tournelles;RUE DU PARC DES TOURNELLES;rue du Parc des Tournelles;03e;;;;Archives;;;;;;;;;;;Actuellement rue de Béarn.;;;;;;;;;
;2865;rue;du;Petit Paon;RUE DU PETIT PAON;rue du Petit Paon;;;;;;;;;;;;;;;;Voir : Paon (cul-de-sac ou imp. du).;;;;;;;;;
;2885;rue;du;Petit Four Saint-Ylaire;RUE DU PETIT FOUR SAINT-YLAIRE;rue du Petit Four Saint-Ylaire;;;;;;;;;;;;;;;;Ou Petit Four. Voir : Petit Four (rue du).;;;;;;;;;
;2898;rue;du;Petit Brave;RUE DU PETIT BRAVE;rue du Petit Brave;;;;;;;;;;;;;;;;Actuellement rue des Quatre Vents.;;;;;;;;;
;3006;rue;;Pavée Saint-Victor;RUE PAVEE SAINT-VICTOR;rue Pavée Saint-Victor;;;;;;;;;;;;;;;;Actuellement rue du Haut Pavé.;;;;;;;;;
;3201;rue;l';Orme;RUE L'ORME;rue l'Orme;;;;;;;;;;;;;;;;Voir : Puits de la Ville (rue du).;;;;;;;;;
;3393;rue;;Neuve Saint-Louis;RUE NEUVE SAINT-LOUIS;rue Neuve Saint-Louis;;;;;;;;;;;;;;;;Actuellement quai des Orfèvres.;;;;;;;;;
;3243;cul-de-sac;de l';Oratoire;CUL-DE-SAC DE L'ORATOIRE;cul-de-sac de l'Oratoire;;;;;;;;;;;;;;;;Actuellement rue de l'Oratoire.;;;;;;;;;
;3267;passage;de l';Octroi;PASSAGE DE L'OCTROI;passage de l'Octroi;;;;;;;;;;;;;;;;Supprimé. en 1941. Commençait av. de la Porte d'Ivry, finissait pas. Gallot (Supprimé.).;;;;;;;;;
;3290;cité;;Nys;CITE NYS;cité Nys;11e;;1932-12-22;;Folie-Méricourt;;;;;;;;;;;Dénommée partie de la rue du Moulin Joly par arrêté préfectoral du 22 décembre 1932.;;;;;M. Pierre Nys, propriétaire;;;;
;96;voie;;AA/12;VOIE AA/12;voie AA/12;12e;;2013-11-13;;Bercy;;;;;;;;;;;Dénommée passage Miriam Makeba par délibération municipale du 12 et 13 novembre 2013.;;;;;;;;;
;110;voie;;DO/12;VOIE DO/12;voie DO/12;12e;;2013-07-10;;Bercy;;;;;;;;;;;Dénommée rue Jorge Semprun par délibération municipale des 8, 9 et 10 juillet 2013.;;;;;;;;;
;339;voie;;C/12;VOIE C/12;voie C/12;12e;;;;Quinze-Vingts;;;;;;;;;;;Supprimée. Etait située rue de Charenton, 88 et rue Abel, 17.;;;;;;;;;
21;15677;voie;;EC/12;VOIE EC/12;voie EC/12;12e;2024-02-08;2025-10-10;;Bercy;;;;;voie EA/12, 30.;rue Jorge Semprun, 39.;6;5;;;Dénommée rue Emmanuèle Bernheim par délibération municipale des 7, 8, 9 et 10 octobre 2025.;Décision de numérotage du 8 février 2024.;;;;;;;;
;8009;rue;de;Beauharnais;RUE DE BEAUHARNAIS;rue de Beauharnais;;;;;;;;;;;;;;;;Supprimé. par une décision ministérielle du 9 octobre 1818. Elle commençait rue des Amandiers (Actuellement rue du Chemin Vert) et finissait rue Saint-Ambroise.;;;;;;;;;
;8618;rue;;Alexandre Langlais;RUE ALEXANDRE LANGLAIS;rue Alexandre Langlais;;;;;;;;;;;;;;;;Voir : Monnaie (petite rue ou rue de la).;;;;;;;;;
;3325;rue;;Notre-Dame;RUE NOTRE-DAME;rue Notre-Dame;;;;;;;;;;;;;;;;Actuellement rue de Meaux.;;;;;;;;;
;8626;quai;d';Alençon;QUAI D'ALENCON;quai d'Alençon;;;;;;;;;;;;;;;;Actuellement quai de Bourbon et partie du quai d'Anjou.;;;;;;;;;
;3170;rue;;Osteriche;RUE OSTERICHE;rue Osteriche;;;;;;;;;;;;;;;;Voir : Autriche (rue d').;;;;;;;;;
;7350;rue;de la;Caveterie;RUE DE LA CAVETERIE;rue de la Caveterie;;;;;;;;;;;;;;;;Ou Cavaterie. Voir : Cavaterie (rue de la).;;;;;;;;;
;3198;avenue;des;Ormeaux;AVENUE DES ORMEAUX;avenue des Ormeaux;11e;;1864-08-24;;Sainte-Marguerite;;;;;;;;;;;Dénommée avenue de Bouvines par décret impérial du 24 août 1864.;;;;;;;;;
;8029;voie;;BC/12;VOIE BC/12;voie BC/12;12e;;1990-03-14;;Picpus;;;;;;;;;;;Dénommée rue Jacques Hillairet par arrêté municipal du 14 mars 1990.;;;;;;;;;
;3409;rue;;Neuve Saint-François;RUE NEUVE SAINT-FRANCOIS;rue Neuve Saint-François;03e;;1865-10-02;;Archives;;;;;;;;;;;Dénommée partie de la rue Debelleyme par décret impérial du 2 octobre 1865.;;;;;;;;;
;3417;rue;;Neuve Saint-Denis;RUE NEUVE SAINT-DENIS;rue Neuve Saint-Denis;;;;;;;;;;;;;;;;Voir : Haut Moulin en la Cité (rue du).;;;;;;;;;
;8647;rue;de l';Air;RUE DE L'AIR;rue de l'Air;;;;;;;;;;;;;;;;Actuellement rue de Mont-Louis et rue Pierre Bayle.;;;;;;;;;
;3431;rue;;Neuve Mâcon;RUE NEUVE MACON;rue Neuve Mâcon;;;;;;;;;;;;;;;;Actuellement partie de la rue de la Harpe.;;;;;;;;;
;3435;rue;;Neuve Jean Le Riche;RUE NEUVE JEAN LE RICHE;rue Neuve Jean Le Riche;;;;;;;;;;;;;;;;Voir : Paradis (rue de). Elle aboutissait rue Saint-Jacques.;;;;;;;;;
;7419;rue;des;Carcuissons;RUE DES CARCUISSONS;rue des Carcuissons;;;;;;;;;;;;;;;;Voir : Cargaisons (rue des).;;;;;;;;;
;3463;rue;;Neuve des Minimes;RUE NEUVE DES MINIMES;rue Neuve des Minimes;;;;;;;;;;;;;;;;Actuellement rue Benjamin Franklin.;;;;;;;;;
19;8695;rue;;Adam;RUE ADAM;rue Adam;04e;1864-03-02;1879-08-16;;Saint-Merri;;;;;;;;;;;Dénommée rue Adolphe Adam par arrêté préfectoral du 16 août 1879.;Décret impérial du 2 mars 1864.;;;;;;;;
;3473;rue;;Neuve des Deux Jeux de Paume;RUE NEUVE DES DEUX JEUX DE PAUME;rue Neuve des Deux Jeux de Paume;;;;;;;;;;;;;;;;Voir : Poterie (rue de la).;;;;;;;;;
;8700;voie;;AC/11;VOIE AC/11;voie AC/11;11e;;1991-11-13;;Sainte-Marguerite;;;;;;;;;;;Dénommée partie de la rue Robert et Sonia Delaunay par arrêté municipal du 13 novembre 1991.;;;;;;;;;
;3491;rue;;Neuve de Malesherbes;RUE NEUVE DE MALESHERBES;rue Neuve de Malesherbes;;;;;;;;;;;;;;;;Actuellement rue Paul Borel.;;;;;;;;;
;8721;rue;de l';Abreuvoir Thibaut aux Dés;RUE DE L'ABREUVOIR THIBAUT AUX DES;rue de l'Abreuvoir Thibaut aux Dés;;;;;;;;;;;;;;;;Actuellement partie de la rue des Bourdonnais.;;;;;;;;;
;3510;rue;;Neuve de l'Université;RUE NEUVE DE L'UNIVERSITE;rue Neuve de l'Université;;;;;;;;;;;;;;;;Actuellement rue du Pré aux Clercs.;;;;;;;;;
;8724;rue;de l';Abreuvoir Paupin;RUE DE L'ABREUVOIR PAUPIN;rue de l'Abreuvoir Paupin;;;;;;;;;;;;;;;;Voir : Arche Pépin (rue de l').;;;;;;;;;
;3620;rue;du;Musée;RUE DU MUSEE;rue du Musée;;;;;;;;;;;;;;;;Supprimée par l'ouverture de la rue de Rivoli. Elle allait de la place du Musée (Supprimé.) à la place du Palais Royal. C'était, avant 1839, la rue Froidmanteau. Plus anciennement : rue Frémentel (1225), Frigido Mantello (1282). Du XIVe au XVIIIe siècle, Froit Mantel, Froid Mantyeau, Froit Manteau, Frémenteau, Fromenteau. Avant 1806, la rue Froidmanteau s'étendait jusqu'à la galerie méridionale du Louvre et communiquait avec le quai par un guichet.;;;;;;;;;
;7433;rue;;Cannaberie;RUE CANNABERIE;rue Cannaberie;;;;;;;;;;;;;;;;Voir : Chanverrerie (rue de la).;;;;;;;;;
;3623;rue derrière;les;Murs Saint-Victor;RUE DERRIERE LES MURS SAINT-VICTOR;rue derrière les Murs Saint-Victor;;;;;;;;;;;;;;;;Actuellement rue Cuvier.;;;;;;;;;
;3653;rue;;Moyenne des Ursins;RUE MOYENNE DES URSINS;rue Moyenne des Ursins;04e;;;;Notre-Dame;;;;;;;;;;;Voir : Milieu des Ursins (rue du).;;;;;Dû à l'hôtel des Ursins.;;;;
;3660;passage;des;Mousquetaires;PASSAGE DES MOUSQUETAIRES;passage des Mousquetaires;12e;;;;Bercy;;51;3,5;;rue de Bercy, 149.;en impasse;16;23;;;Supprimé en 1974. La partie de ce passage qui débouchait quai de la Rapée a été supprimée en 1971. Précédemment passage de la Grande Cour.;;;;;Voisinage de l'ancien hôtel des Mousquetaires, devenu en 1870 l'hôpital des Quinze-Vingts.;;;Arrêté du 20 mai 1960;
;3831;rue;;Mongenot;RUE MONGENOT;rue Mongenot;12e;;1884-08-30;;Bel-Air;;;;;;;;;;;Dénommée rue du Niger par arrêté préfectoral du 30 août 1884.;;;;;;;;;
;3852;rue;aux;Moines de Longpont;RUE AUX MOINES DE LONGPONT;rue aux Moines de Longpont;04e;;;;Saint-Gervais;;;;;;;;;;;Actuellement rue de Brosse.;;;Dite aussi rue de Longpont;;;;;;
;798;rue;des;Tuileries;RUE DES TUILERIES;rue des Tuileries;;;;;;;;;;;;;;;;Voir : Saint-Louis-Saint-Honoré (rue).;;;;;;;;;
;842;ruelle;des;Trois Morts;RUELLE DES TROIS MORTS;ruelle des Trois Morts;;;;;;;;;;;;;;;;Ou Trois Maures. Voir : Trois Maures (ruelle des).;;;;;;;;;
;877;rue;;Tripette;RUE TRIPETTE;rue Tripette;;;;;;;;;;;;;;;;Ou Tripet ou encore Tripotte. Voir : Tripet (rue).;;;;;;;;;
;1231;rue;au;Seigneur d'Igny;RUE AU SEIGNEUR D'IGNY;rue au Seigneur d'Igny;;;;;;;;;;;;;;;;Supprimé. Elle était située près des rues de Cluny et des Poirées. La suppression paraît remonter à l'époque de la construction de la Sorbonne.;;;;;;;;;
;1242;rue;de;Schenk;RUE DE SCHENK;rue de Schenk;;;;;;;;;;;;;;;;Actuellement rue de l'Argonne.;;;;;;;;;
;1244;cour;;Savoye;COUR SAVOYE;cour Savoye;;;;;;;;;;;;;;;;Voir : Opéra (cul-de-sac de l').;;;;;;;;;
;1246;quai;de la;Savonnerie;QUAI DE LA SAVONNERIE;quai de la Savonnerie;;;;;;;;;;;;;;;;Actuellement av. de New York.;;;;;;;;;
;1009;rue;;Tillebarrée;RUE TILLEBARREE;rue Tillebarrée;;;;;;;;;;;;;;;;Actuellement partie de la rue du Fauconnier.;;;;;;;;;
;1019;rue;;Thirouane;RUE THIROUANE;rue Thirouane;;;;;;;;;;;;;;;;Voir : Pirouette (rue).;;;;;;;;;
;1050;rue;du;Théâtre des Arts;RUE DU THEATRE DES ARTS;rue du Théâtre des Arts;;;;;;;;;;;;;;;;Actuellement rue Lulli.;;;;;;;;;
;1123;passage;;Sureau;PASSAGE SUREAU;passage Sureau;;;;;;;;;;;;;;;;Actuellement partie du pas. des Tourelles.;;;;;;;;;
;1139;cour;de la;Station;COUR DE LA STATION;cour de la Station;;;;;;;;;;;;;;;;Actuellement partie de la rue Paturle.;;;;;;;;;
;1178;rue;;Simon de Lille;RUE SIMON DE LILLE;rue Simon de Lille;;;;;;;;;;;;;;;;Actuellement partie de la rue Bertin Poirée.;;;;;;;;;
;1186;rue;de;Seyne;RUE DE SEYNE;rue de Seyne;;;;;;;;;;;;;;;;Voir : Orties du Louvre (rue des).;;;;;;;;;
;1373;ruelle;;Sainte-Geneviève;RUELLE SAINTE-GENEVIEVE;ruelle Sainte-Geneviève;;;;;;;;;;;;;;;;Supprimé. Elle allait de la rue du Marché Palu à l'église Sainte-Geneviève en la Cité.;;;;;;;;;
;1535;passage;;Saint-Nicolas;PASSAGE SAINT-NICOLAS;passage Saint-Nicolas;;;;;;;;;;;;;;;;Supprimé. par l'ouverture du boul. de Magenta. Il commençait rue des Marais et finissait rue du Château d'Eau.;;;;;;;;;
;1417;porte;;Sainte-Avoye;PORTE SAINTE-AVOYE;porte Sainte-Avoye;;;;;;;;;;;;;;;;Voir : Sainte-Avoie (porte).;;;;;;;;;
;1446;impasse;;Saint-Victor;IMPASSE SAINT-VICTOR;impasse Saint-Victor;;;;;;;;;;;;;;;;Supprimé. par l'ouverture du boul. Ornano. Elle était située à l'extrémité de l'imp. Saint-François.;;;;;;;;;
;1455;ruelle puis rue;;Saint-Sulpice;RUELLE PUIS RUE SAINT-SULPICE;ruelle puis rue Saint-Sulpice;;;;;;;;;;;;;;;;Actuellement rue Servandoni.;;;;;;;;;
;8154;rue;de la;Barrière des Sergents;RUE DE LA BARRIERE DES SERGENTS;rue de la Barrière des Sergents;;;;;;;;;;;;;;;;Actuellement rue du Pélican.;;;;;;;;;
;1458;ruelle;;Saint-Sulpice;RUELLE SAINT-SULPICE;ruelle Saint-Sulpice;;;;;;;;;;;;;;;;Actuellement rue de Tournon.;;;;;;;;;
;1465;petite rue, petie ruelle;;Saint-Séverin;PETITE RUE, PETIE RUELLE SAINT-SEVERIN;petite rue, petie ruelle Saint-Séverin;;;;;;;;;;;;;;;;Actuellement rue des Prêtres Saint-Séverin.;;;;;;;;;
;1495;passage;;Saint-Pierre;PASSAGE SAINT-PIERRE;passage Saint-Pierre;04e;;1922-06-06;;Arsenal;;;;;;;;;;;Dénommé rue Neuve Saint-Pierre et rue de l'Hôtel Saint-Paul par arrêté préfectoral du 6 juin 1922. Supprimé par l'ouverture des rues Neuve Saint-Pierre et de l'Hôtel Saint-Paul. Il donnait autrefois accès au cimetière et charnier de l'ancienne église Saint-Paul. Il est indiqué sur le plan de Gomboust (1652). Il a été appelé passage Saint-Paul et Saint-Eloi.;;;;;;;;;
;1502;rue;;Saint-Philippe Saint-Martin;RUE SAINT-PHILIPPE SAINT-MARTIN;rue Saint-Philippe Saint-Martin;;;1851-02-18;;;;;;;;;;;;;Dénommée rue Japy (supprimée) par décret présidentiel du 18 février 1851 et arrêté préfectoral du 11 mars 1851.;;;;;;;;;
;7523;porte;de;Buci;PORTE DE BUCI;porte de Buci;;;;;;;;;;;;;;;;Elle était située rue Saint-André des Arts, près de la rue Mazet. Elle a porté le nom de Saint-Germain (enceinte de Philippe-Auguste).;;;;;;;;;
;8220;cité;;Banis;CITE BANIS;cité Banis;;;;;;;;;;;;;;;;Supprimé. Elle débouchait rue de la Procession, 54.;;;;;;;;;
;1286;rue;;Sansée;RUE SANSEE;rue Sansée;;;;;;;;;;;;;;;;Actuellement rue de Fourcy.;;;;;;;;;
;7563;rue;aux;Bretons;RUE AUX BRETONS;rue aux Bretons;;;;;;;;;;;;;;;;Voir : Grande Bretonnerie (rue de la).;;;;;;;;;
;7577;passage;;Brémant;PASSAGE BREMANT;passage Brémant;;;;;;;;;;;;;;;;Supprimé. Il était situé rue des Orteaux, 27.;;;;;;;;;
;1861;rue;;Saint-Andrieu;RUE SAINT-ANDRIEU;rue Saint-Andrieu;;;;;;;;;;;;;;;;Ou Saint-André, Saint-André de Laas ou encore Saint-André des Arcs. Voir : Saint-André (rue).;;;;;;;;;
;8243;rue;;Baillehoe;RUE BAILLEHOE;rue Baillehoe;;;;;;;;;;;;;;;;Ou Bailleheu. Voir : Bailleheu (rue).;;;;;;;;;
;8245;villa;du;Baigneur;VILLA DU BAIGNEUR;villa du Baigneur;;;;;;;;;;;;;;;;Supprimé. Commençait boul. Murat, 163, finissait rue Claude Terrasse, 27.;;;;;;;;;
;1634;rue;;Saint-Landry;RUE SAINT-LANDRY;rue Saint-Landry;04e;;1865-05-22;;Notre-Dame;;;;;quai Napoléon.;rue des Marmousets (Supprimée);;;;;Supprimée par la reconstruction de l'Hôtel Dieu (décret du 22 mai 1865). Confondue autrefois avec les rues des Marmousets, Basse des Ursins et d'Enfer, elle était désignée par les noms du port Notre-Dame, port Sainte-Marie et port Saint-Landry. Elle aurait aussi porté les noms de rue de l'Image Sainte-Catherine et rue des Hauts Moulins. Son extrémité vers le pont Rouge était, en 1213, appelée vicus Firmarii et, en 1222, rue du Fumer.;;;;;;;;;
;7610;rue;de;Bouyn;RUE DE BOUYN;rue de Bouyn;;;;;;;;;;;;;;;;Actuellement partie de la rue Bonaparte.;;;;;;;;;
;1649;rue;;Saint-Jérôme;RUE SAINT-JEROME;rue Saint-Jérôme;;;;;;;;;;;;;;;;Supprimé. au XVIIe siècle pour l'agrandissement des jardins du couvent des Filles Saint-Thomas. Elle était située sur l'emplacement occupé Actuellement par le palais de la Bourse.;;;;;;;;;
19;7629;cour;des;Bourguignons;COUR DES BOURGUIGNONS;cour des Bourguignons;12e;1877-02-01;;;Quinze-Vingts;;;;;rue du Faubourg Saint-Antoine, 74.;rue de Charenton, 59;;;;;Supprimée.;Arrêté préfectoral du 1er février 1877. Précédemment cour de Bourgogne et antérieurement cour des Miracles.;;;;;;;;
;1654;rue;;Saint-Jean de l'Hôpital;RUE SAINT-JEAN DE L'HOPITAL;rue Saint-Jean de l'Hôpital;;;;;;;;;;;;;;;;Actuellement partie de la place Marcelin Berthelot.;;;;;;;;;
;7632;rue;de;Bourgogne;RUE DE BOURGOGNE;rue de Bourgogne;;;;;;;;;;;;;;;;Voir : Bourguignons (rue des).;;;;;;;;;
;1655;rue;;Saint-Jean de Jérusalem;RUE SAINT-JEAN DE JERUSALEM;rue Saint-Jean de Jérusalem;;;;;;;;;;;;;;;;Actuellement partie de la place Marcelin Berthelot.;;;;;;;;;
;7635;porte;de;Bourgogne;PORTE DE BOURGOGNE;porte de Bourgogne;;;;;;;;;;;;;;;;Voir : Comte d'Artois (porte au).;;;;;;;;;
;1677;porte;;Saint-Jacques;PORTE SAINT-JACQUES;porte Saint-Jacques;;;;;;;;;;;;;;;;Elle était située rue Saint-Jacques, au droit de la rue des Fossés Saint-Jacques (enceinte de Philippe-Auguste).;;;;;;;;;
;6270;rue;des;Deux Haches;RUE DES DEUX HACHES;rue des Deux Haches;;;;;;;;;;;;;;;;Actuellement partie de la rue Berger.;;;;;;;;;
;1706;rue;;Saint-Hilaire;RUE SAINT-HILAIRE;rue Saint-Hilaire;;;;;;;;;;;;;;;;Actuellement rue des Carmes.;;;;;;;;;
;1723;rue;;Saint-Germain;RUE SAINT-GERMAIN;rue Saint-Germain;;;;;;;;;;;;;;;;Actuellement rue de l'Ecole de Médecine.;;;;;;;;;
;1730;porte;;Saint-Germain;PORTE SAINT-GERMAIN;porte Saint-Germain;;;;;;;;;;;;;;;;Elle était située rue de l'Ecole de Médecine, près du pas. du Commerce Saint-André (enceinte de Philippe-Auguste) (Supprimé.). On la nommait aussi porte des Cordeliers.;;;;;;;;;
;6964;chemin;;Vicinal Ordinaire N° 2;CHEMIN VICINAL ORDINAIRE N? 2;chemin Vicinal Ordinaire N° 2;;;;;;;;;;;;;;;;Actuellement av. Félicien Rops.;;;;;;;;;
;1757;grand'rue;;Saint-Étienne des Grès;GRAND'RUE SAINT-ETIENNE DES GRES;grand'rue Saint-Étienne des Grès;;;;;;;;;;;;;;;;Actuellement rue Saint-Jacques.;;;;;;;;;
;4989;chemin;;Herbu des Moulins à Vent;CHEMIN HERBU DES MOULINS A VENT;chemin Herbu des Moulins à Vent;;;;;;;;;;;;;;;;Ou Herbu. Voir : Herbu (chemin).;;;;;;;;;
;5622;rue;des;Fossés du Temple;RUE DES FOSSES DU TEMPLE;rue des Fossés du Temple;11e;;1868-04-02;;Folie-Méricourt;;;;;;;;;;;Dénommée partie de la rue Amelot par arrêté préfectoral du 2 avril 1868.;;;;;;;;;
;2044;impasse;de la;Roquette;IMPASSE DE LA ROQUETTE;impasse de la Roquette;11e;;;;Roquette;;;;;;;;;;;Actuellement partie du passage Charles Dallery.;;;;;;;;;
;5630;rue;des;Fossés;RUE DES FOSSES;rue des Fossés;;;;;;;;;;;;;;;;Ou Fossé (rue du). Voir : Fossé (rue du).;;;;;;;;;
;5638;rue;de la;Fosse aux Chiens;RUE DE LA FOSSE AUX CHIENS;rue de la Fosse aux Chiens;;;;;;;;;;;;;;;;Voir : Fossés Saint-Germain l'Auxerrois (rue des).;;;;;;;;;
;2065;chaussée;du;Roi;CHAUSSEE DU ROI;chaussée du Roi;;;;;;;;;;;;;;;;Actuellement rue du Four.;;;;;;;;;
;6298;rue;;Desaix;RUE DESAIX;rue Desaix;;;;;;;;;;;;;;;;Voir : Pelleterie (rue de la).;;;;;;;;;
;6313;ruelle;;Deniau le Breton;RUELLE DENIAU LE BRETON;ruelle Deniau le Breton;;;;;;;;;;;;;;;;Voir : Trois Poissons (ruelle des).;;;;;;;;;
;2151;impasse;de;Reuilly;IMPASSE DE REUILLY;impasse de Reuilly;12e;;1868-08-10;;Picpus;;;;;;;;;;;Dénommée rue Rondelet par décret impérial du 10 août 1868. Actuellement partie de la rue Rondelet.;;;;;;;;;
;6320;rue;de la;Demi Lune;RUE DE LA DEMI LUNE;rue de la Demi Lune;;;;;;;;;;;;;;;;Actuellement rue Le Bua.;;;;;;;;;
;1880;ruelle;de;Saine;RUELLE DE SAINE;ruelle de Saine;;;;;;;;;;;;;;;;Voir : Pernelle (rue).;;;;;;;;;
;6324;rue;du;Delta Projetée;RUE DU DELTA PROJETEE;rue du Delta Projetée;;;;;;;;;;;;;;;;Actuellement partie de la rue de Dunkerque.;;;;;;;;;
;6996;;;Chemin de Grande Communication N° 61;CHEMIN DE GRANDE COMMUNICATION N? 61;Chemin de Grande Communication N° 61;;;;;;;;;;;;;;;;Actuellement av. de la Porte de la Plaine.;;;;;;;;;
;6997;;;Chemin de Grande Communication N° 51;CHEMIN DE GRANDE COMMUNICATION N? 51;Chemin de Grande Communication N° 51;;;;;;;;;;;;;;;;Actuellement av. de la Porte d'Ivry.;;;;;;;;;
;7002;;;Chemin de Grande Communication N° 34 Bis;CHEMIN DE GRANDE COMMUNICATION N? 34 BIS;Chemin de Grande Communication N° 34 Bis;;;;;;;;;;;;;;;;Actuellement av. du Belvédère.;;;;;;;;;
;1955;route;;Départementale N° 7;ROUTE DEPARTEMENTALE N? 7;route Départementale N° 7;;;;;;;;;;;;;;;;Actuellement av. de la Porte de Champerret.;;;;;;;;;
;2475;rue;de la;Poterie des Arcis;RUE DE LA POTERIE DES ARCIS;rue de la Poterie des Arcis;04e;;;;Saint-Merri;;;;;;;;;;;Dénommée partie de la rue du Renard.;;;Dite aussi rue de la Poterie;;;;;;
;5662;partie de la rue;de;Fontenay;PARTIE DE LA RUE DE FONTENAY;partie de la rue de Fontenay;;;;;;;;;;;;;;;;Supprimé. Englobée par le boul. Romain Rolland.;;;;;;;;;
;5669;passage;des;Fontaines de la Bastille;PASSAGE DES FONTAINES DE LA BASTILLE;passage des Fontaines de la Bastille;04e;;;;Arsenal;;;;;;;;;;;Actuellement partie de la rue Jacques Coeur.;;;;;;;;;
;7030;rue;de la;Chavaterie;RUE DE LA CHAVATERIE;rue de la Chavaterie;;;;;;;;;;;;;;;;Voir : Saint-Eloi (rue).;;;;;;;;;
;7047;rue;du;Chaume;RUE DU CHAUME;rue du Chaume;03e, 04e;;1874-06-25;;Archives, Sainte-Avoye, Saint-Gervais, Saint-Merri;;;;;;;;;;;Actuellement partie de la rue des Archives (entre les rues des Blancs Manteaux et des Haudriettes). Elle existait dès la fin du XIIIe siècle, elle faisait partie de la rue Neuve-du-Temple ou rue du Chantier du Temple. On l'a appelée successivement rue de la Porte Neuve, rue Neuve Poterne, rue d'Outre la Porte Neuve, rue de la Porte du Chaume, rue du Vieil Braque, Grande rue de Braque, rue de la Chapelle de Braque, rue de la Merci et rue du Chaume.;;;;;;;;;
;5066;chemin;du;Haubertois;CHEMIN DU HAUBERTOIS;chemin du Haubertois;;;;;;;;;;;;;;;;Actuellement rue Curial.;;;;;;;;;
;5710;rue;de la;Folie Mauricaut;RUE DE LA FOLIE MAURICAUT;rue de la Folie Mauricaut;;;;;;;;;;;;;;;;Voir : Folie Marcaut (rue de la).;;;;;;;;;
;5719;rue;du;Foin Saint-Jacques;RUE DU FOIN SAINT-JACQUES;rue du Foin Saint-Jacques;;;1851-05-10;;;;;;;;;;;;;"Dénommée partie de la rue des Noyers (supprimée) par arrêté préfectoral du 10 mai 1851.  Supprimée par le boulevard Saint-Germain. Elle commençait rue Saint-Jacques et finissait rue de la Harpe. Vers la fin du XIIIe siècle, on l'appelait rue o Fain. En 1332, rue de la Fennerie. En 1383, rue aux Moines de Cernay. Elle a repris son ancien nom au XVe siècle. On l'a aussi nommée rue Servode.";;;;;;;;;
;6406;voie;;C/11;VOIE C/11;voie C/11;11e;;;;Folie-Méricourt;;;;;;;;;;;Supprimé. Etait située rue Saint-Maur, 140.;;;;;;;;;
;7080;avenue;du;Château;AVENUE DU CHATEAU;avenue du Château;;;;;;;;;;;;;;;;Actuellement rue Asseline.;;;;;;;;;
;5084;rue;aux;Halliers;RUE AUX HALLIERS;rue aux Halliers;;;;;;;;;;;;;;;;Actuellement rue Bergère.;;;;;;;;;
;5730;passage;;Flocart;PASSAGE FLOCART;passage Flocart;;;;;;;;;;;;;;;;Supprimé. en 1942. Commençait av. Frédéric Passy (Supprimé.), finissait pas. Thierry (Supprimé.).;;;;;;;;;
;5732;passage;;Fleury;PASSAGE FLEURY;passage Fleury;;;;;;;;;;;;;;;;Supprimée par la création de la place Saint-Fargeau.;;;;;;;;;
;7115;chemin;des;Charrières;CHEMIN DES CHARRIERES;chemin des Charrières;;;;;;;;;;;;;;;;Supprimé. Il était situé entre le pas. des Epinettes (XIVe ardt.) et la petite cité Saint-François d'Assise.;;;;;;;;;
;7137;petite rue;;Charlot;PETITE RUE CHARLOT;petite rue Charlot;03e;;;;Enfants-Rouges;;;;;;;;;;;Actuellement rue des Oiseaux.;;;;;;;;;
;5152;villa;;Guérin;VILLA GUERIN;villa Guérin;;;;;;;;;;;;;;;;Actuellement villa Collet.;;;;;;;;;
;5774;hostium;;Ferti;HOSTIUM FERTI;hostium Ferti;;;;;;;;;;;;;;;;Voir : Enfer (porte d').;;;;;;;;;
;5811;rue;;Félix Hurez;RUE FELIX HUREZ;rue Félix Hurez;11e;;1884-01-24;;Sainte-Marguerite;;;;;;;;;;;Dénommée rue Chevreul par arrêté du 24 janvier 1884 approuvé par décret du 31 janvier 1884.;;;;;;;;;
;7160;rue;;Chardeporc;RUE CHARDEPORC;rue Chardeporc;;;;;;;;;;;;;;;;Voir : Sourdis (ruelle de).;;;;;;;;;
;7182;rue;;Chappon;RUE CHAPPON;rue Chappon;;;;;;;;;;;;;;;;Ou Chapon, Chappeau ou encore Chapperon. Voir : Chapon (rue).;;;;;;;;;
;7183;rue;;Chapperon;RUE CHAPPERON;rue Chapperon;;;;;;;;;;;;;;;;Ou Chapon, Chappeau ou encore Chappon. Voir : Chapon (rue).;;;;;;;;;
;5178;rue;de la;Grognerie;RUE DE LA GROGNERIE;rue de la Grognerie;;;;;;;;;;;;;;;;Supprimé. par la construction des Halles Centrales. Elle était située entre les rues de la Grande Friperie et de la Cordonnerie et aboutissait à la rue Jean de Beauce. Elle a été successivement appelée rue de l'Engronnerie et rue Langrognerie, de la Grongnerie, de la Groignerie, de l'Angrognerie, de petite rue Saint-Martin, et de rue Grosnière.;;;;;;;;;
;5855;vicus;;Fabrorum;VICUS FABRORUM;vicus Fabrorum;;;;;;;;;;;;;;;;Voir : Fèves (rue aux).;;;;;;;;;
;6540;rue;de la;Cour du More;RUE DE LA COUR DU MORE;rue de la Cour du More;;;;;;;;;;;;;;;;Voir : Maure (rue du).;;;;;;;;;
;6544;sentier de traverse;de la;Cour des Noues;SENTIER DE TRAVERSE DE LA COUR DES NOUES;sentier de traverse de la Cour des Noues;;;;;;;;;;;;;;;;Actuellement partie de la rue Emile Landrin.;;;;;;;;;
;6548;impasse ou cul-de-sac;de la;Cour de Rouen;IMPASSE OU CUL-DE-SAC DE LA COUR DE ROUEN;impasse ou cul-de-sac de la Cour de Rouen;;;;;;;;;;;;;;;;Ou Cour de Rohan. Voir : Cour de Rohan (imp. ou cul-de-sac de la).;;;;;;;;;
;5211;porte;;Greffière;PORTE GREFFIERE;porte Greffière;;;;;;;;;;;;;;;;Voir : Treille (pas. de la).;;;;;;;;;
;5221;rue;de la;Grant Bouclerie;RUE DE LA GRANT BOUCLERIE;rue de la Grant Bouclerie;;;;;;;;;;;;;;;;Actuellement partie de la rue de la Harpe.;;;;;;;;;
;5227;allée;;Grangé;ALLEE GRANGE;allée Grangé;;;;;;;;;;;;;;;;Supprimé. Etait située sente des Buttes Montmartre (Supprimé.).;;;;;;;;;
;5243;passage;de la;Grande Cour;PASSAGE DE LA GRANDE COUR;passage de la Grande Cour;;;;;;;;;;;;;;;;Voir : Mousquetaires (pas. des).;;;;;;;;;
;5884;rue;des;Étuves aux Femmes;RUE DES ETUVES AUX FEMMES;rue des Étuves aux Femmes;;;;;;;;;;;;;;;;Actuellement partie de la rue des Bourdonnais.;;;;;;;;;
;816;ruelle;du;Trou Punais;RUELLE DU TROU PUNAIS;ruelle du Trou Punais;;;;;;;;;;;;;;;;"Elle existait en 1508 ; cette voie conduisait de la rivière à la rue de la Bûcherie.";;;;;;;;;
;840;rue;des;Trois Pavillons;RUE DES TROIS PAVILLONS;rue des Trois Pavillons;03e;;1867-02-27;;Archives;;;;;;;;;;;Dénommée rue Elzévir par décret impérial du 27 février 1867.;;;;;;;;;
;895;rue;du;Tribunal;RUE DU TRIBUNAL;rue du Tribunal;;;;;;;;;;;;;;;;Ou Tribunat. Voir : Tribunat (rue du).;;;;;;;;;
;640;chemin;;Vert;CHEMIN VERT;chemin Vert;;;;;;;;;;;;;;;;Actuellement partie de la rue de la Procession.;;;;;;;;;
;679;place;aux;Veaux;PLACE AUX VEAUX;place aux Veaux;04e;;;;Saint-Gervais;;;;;;;;;;;Voir : Ormes (quai des).;;;;;;;;;
;711;rue;de la;Vannerie;RUE DE LA VANNERIE;rue de la Vannerie;;;;;;;;;;;;;;;;Supprimée par l'ouverture de l'avenue Victoria. Elle commençait place de l'Hôtel de Ville et finissait rue Saint-Martin. Ainsi dénommée en 1252. La partie du côté de la rue Saint-Martin était appelée au XVIe siècle rue des Recommanderesses. Au XIVe siècle, cette voie et la rue Saint-Jacques la Boucherie (Supprimé.), qui lui faisait suite, étaient réunies sous la dénomination de Vannerie.;;;;;;;;;
;721;rue;;Vallerun;RUE VALLERUN;rue Vallerun;;;;;;;;;;;;;;;;Voir : Hillerin Bertin (rue).;;;;;;;;;
;733;rue;des;Valets;RUE DES VALETS;rue des Valets;;;;;;;;;;;;;;;;Supprimé. en 1604. Elle était située entre les rues des Francs Bourgeois et des Rosiers.;;;;;;;;;
;1064;quai;des;Théatins;QUAI DES THEATINS;quai des Théatins;;;;;;;;;;;;;;;;Actuellement quai Voltaire.;;;;;;;;;
;1083;rue;du;Temple Autrement Sainte-Avoie;RUE DU TEMPLE AUTREMENT SAINTE-AVOIE;rue du Temple Autrement Sainte-Avoie;;;;;;;;;;;;;;;;Actuellement rue du Temple.;;;;;;;;;
;1145;rue;du;Sous-Lieutenant Malher;RUE DU SOUS-LIEUTENANT MALHER;rue du Sous-Lieutenant Malher;04e;;;;Saint-Gervais;;;;;;;;;;;Actuellement partie de la rue Malher.;;;;;;;;;
;1575;rue ou ruelle;;Saint-Martial;RUE OU RUELLE SAINT-MARTIAL;rue ou ruelle Saint-Martial;;;;;;;;;;;;;;;;Voir : Saint-Martial (cul-de-sac).;;;;;;;;;
;1435;rue;;Saint-Yves;RUE SAINT-YVES;rue Saint-Yves;;;;;;;;;;;;;;;;Voir : Noyers (rue des).;;;;;;;;;
;1442;porte;;Saint-Victor;PORTE SAINT-VICTOR;porte Saint-Victor;;;;;;;;;;;;;;;;Etait située rue Saint-Victor, entre les rues d'Arras et du Cardinal Lemoine (enceinte de Philippe-Auguste).;;;;;;;;;
;1475;petite rue;;Saint-Roch;PETITE RUE SAINT-ROCH;petite rue Saint-Roch;;;;;;;;;;;;;;;;Actuellement partie de la rue des Jeûneurs.;;;;;;;;;
;1258;rue;;Saunet le Breton;RUE SAUNET LE BRETON;rue Saunet le Breton;;;;;;;;;;;;;;;;Actuellement rue du Sabot.;;;;;;;;;
;1264;ruelle;des;Saules;RUELLE DES SAULES;ruelle des Saules;;;;;;;;;;;;;;;;Supprimée par l'ouverture des rues Caulaincourt et Lamarck. Elle allait de la rue des Saules à la rue de la Fontaine du But.;;;;;;;;;
;1291;ruelle;;Sans Chef dite Bas Fours;RUELLE SANS CHEF DITE BAS FOURS;ruelle Sans Chef dite Bas Fours;;;;;;;;;;;;;;;;Actuellement pas. Basfour.;;;;;;;;;
;1313;impasse;;Salembrière;IMPASSE SALEMBRIERE;impasse Salembrière;;;;;;;;;;;;;;;;Voir : Salembière (Imp.).;;;;;;;;;
;1835;passage;;Saint-Benoît Saint-Germain;PASSAGE SAINT-BENOIT SAINT-GERMAIN;passage Saint-Benoît Saint-Germain;;;;;;;;;;;;;;;;Supprimé par l'ouverture de la rue de Rennes. Il était situé entre la rue Saint-Benoît et la place située devant l'Abbaye de Saint-Germain des Prés (Actuellement place Saint-Germain des Prés).;;;;;;;;;
;1849;porte;;Saint-Antoine;PORTE SAINT-ANTOINE;porte Saint-Antoine;;;;;;;;;;;;;;;;Démolie en 1778. Elle était située entre les rues Jean Beausire et des Tournelles et faisait partie de l'Enceinte de Charles V.;;;;;;;;;
;1581;fausse porte;;Saint-Marcel;FAUSSE PORTE SAINT-MARCEL;fausse porte Saint-Marcel;;;;;;;;;;;;;;;;Voir : Poupeline (porte).;;;;;;;;;
;1590;barrière;de;Saint-Mandé;BARRIERE DE SAINT-MANDE;barrière de Saint-Mandé;12e;;;;Picpus;;;;;;;;;;;Supprimé. Elle était située boul. de Picpus, sur le passage de l'av. de Saint-Mandé.;;;;;Barrière d'octroi de l'enceinte des Fermiers généraux.;;;;
;1598;rue;;Saint-Louis;RUE SAINT-LOUIS;rue Saint-Louis;12e;;1873-11-10;;Bercy;;;;;;;;;;;Dénommée rue du Médoc (intégrée dans les entrepots de Bercy en 1877) par arrêté préfectoral du 10 novembre 1873.;;;;;;;;;
;1647;cul-de-sac;;Saint-Joseph;CUL-DE-SAC SAINT-JOSEPH;cul-de-sac Saint-Joseph;;;;;;;;;;;;;;;;Actuellement cour Saint-Joseph.;;;;;;;;;
20;10084;rue;;Crespin du Gast;RUE CRESPIN DU GAST;rue Crespin du Gast;11e;1928-03-24;2022-03-23;;Saint-Ambroise;;190;12;73D1,73D4;rue Oberkampf, 148.;passage de Ménilmontant, 21.;16;17;Non retenus au POS et non repris au PLU : Décret du 22 avril 1924.;;Dénommée rue Camille Crespin-du Gast par Délibération municipale des 22 et 23 mars 2022. Avant 1928, rue Crespin. Voie amorcée en 1884.;Arrêté du 24 mars 1928.;Décret du 22 avril 1924, sauf la partie A.;;;Nom de propriétaire.;;Décret du 22 avril 1924.;;Décret du 22 avril 1924 (UP), depuis les nos 13 et 12 exclus jusqu'au passage de Ménilmontant (A).
21;15675;voie;;EA/12;VOIE EA/12;voie EA/12;12e;2024-02-08;2025-10-10;;Bercy;;;;;rue Jorge Semprun, 16.;voie EC/12, 2.;30;29;;;Dénommée rue Clarice Lispector par délibération municipale des 7, 8, 9 et 10 octobre 2025.;Décision de numérotage du 8 février 2024.;;;;;;;;
18;15683;quai;de;Breteuil;QUAI DE BRETEUIL;quai de Breteuil;04e;1788-04-12;1800-12-31;;Notre-Dame;;;;;;;;;;;Dénommé quai Desaix (1800), quai de la Cité (1873, puis quai de la Corse (1929). Actuellement quai de la Corse - Pasquale Paoli.;Arrêt du conseil du Ro du 12 avril 1788.;;;;;;;;
;15507;chemin;des;Coucous;CHEMIN DES COUCOUS;chemin des Coucous;12e;;1877-02-01;;Bel-Air;;;;;;;;;;;Dénommée rue des Coucous par arrêté préfectoral du 1er février 1877, puis rue du Colonel Oudot (arrêté préfectoral du 10 novembre 1885).;;;;;;;;;
;402;rue;de;Vouvray;RUE DE VOUVRAY;rue de Vouvray;12e;;;;Bercy;;;;;;;;;;;Supprimée. Voie située dans les anciens entrepôts de Bercy.;;;;;Vignoble du département d'Indre et Loire.;;;;
;455;impasse;;Vintimille;IMPASSE VINTIMILLE;impasse Vintimille;;;;;;;;;;;;;;;;Actuellement partie de la rue Pierre Haret.;;;;;;;;;
;475;chemin, puis rue;de;Villiers;CHEMIN, PUIS RUE DE VILLIERS;chemin, puis rue de Villiers;;;;;;;;;;;;;;;;Actuellement partie de la rue de Courcelles.;;;;;;;;;
;579;rue;de la;Vieille Fromagerie;RUE DE LA VIEILLE FROMAGERIE;rue de la Vieille Fromagerie;;;;;;;;;;;;;;;;Voir : Fromagerie (rue de la).;;;;;;;;;
;597;rue;;Vieille Barbette;RUE VIEILLE BARBETTE;rue Vieille Barbette;;;;;;;;;;;;;;;;Actuellement rue Vieille du Temple.;;;;;;;;;
;754;rue;aux;Vaches;RUE AUX VACHES;rue aux Vaches;;;;;;;;;;;;;;;;Actuellement rue du Sabot.;;;;;;;;;
;777;cité;;Universelle;CITE UNIVERSELLE;cité Universelle;;;;;;;;;;;;;;;;Supprimé. en 1934. Etait située rue de la Croix Nivert, 105.;;;;;;;;;
;2805;rue;des;Petits Piliers;RUE DES PETITS PILIERS;rue des Petits Piliers;;;;;;;;;;;;;;;;Voir : Piliers aux Potiers d'Etain (rue des).;;;;;;;;;
;2689;rue;de la;Planchette;RUE DE LA PLANCHETTE;rue de la Planchette;12e;;1895-01-25;;Bercy;;;;;rue Libert (supprimée).;boulevard de Bercy, 56.;;;;;Supprimée par l'agrandissement de la gare de Lyon.;;;;;;;;;
;2713;chemin;de la;Pissotte;CHEMIN DE LA PISSOTTE;chemin de la Pissotte;;;;;;;;;;;;;;;;Actuellement rue de Lagny.;;;;;;;;;
;2752;rue;;Pierre Chef d'Air;RUE PIERRE CHEF D'AIR;rue Pierre Chef d'Air;;;;;;;;;;;;;;;;D'après Sauval elle existait en 1243 dans la censive de Saint-Germain l'Auxerrois.;;;;;;;;;
;2756;rue;;Pierre Assis;RUE PIERRE ASSIS;rue Pierre Assis;;;;;;;;;;;;;;;;Supprimée par l'ouverture de l'av. des Gobelins. Elle commençait rue Mouffetard (tronçon Supprimé.) et finissait rue Saint-Hippolyte (tronçon Supprimé.). Elle a été désignée par les noms de Quirassis, Quiracie, Qui Rassis. Au XVIIIe siècle, Pierre Agis, Pierre Argile et Pierre Assis. Jaillot pense qu'elle a été appelée Petite rue Saint-Hippolyte.;;;;;;;;;
;2493;rue;de la;Poste;RUE DE LA POSTE;rue de la Poste;;;;;;;;;;;;;;;;Actuellement rue Jean-Jacques Rousseau.;;;;;;;;;
;2496;chemin allant;à la;Porte Saint-Michel;CHEMIN ALLANT A LA PORTE SAINT-MICHEL;chemin allant à la Porte Saint-Michel;;;;;;;;;;;;;;;;Actuellement partie de la rue Monsieur le Prince.;;;;;;;;;
;2499;chemin qui va;de la;Porte Saint-Honoré à la Seine;CHEMIN QUI VA DE LA PORTE SAINT-HONORE A LA SEINE;chemin qui va de la Porte Saint-Honoré à la Seine;;;;;;;;;;;;;;;;Actuellement partie de la rue de l'Echelle.;;;;;;;;;
;2528;ruelle;;Porte Bûche;RUELLE PORTE BUCHE;ruelle Porte Bûche;;;;;;;;;;;;;;;;Supprimé. Elle était située dans la Cité, entre les rues de la Juiverie (Supprimé.) et des Oublayers (Supprimé.).;;;;;;;;;
20;3912;rue;;Michel Audiard;RUE MICHEL AUDIARD;rue Michel Audiard;12e;1992-11-30;1994-01-14;;Bercy;;50;10;;rue Paul Belmondi, 48.;rue de Pommard, 43;10;9;;;"Devenue voie BM/12 par arrêté du 14 janvier 1994. Précédemment voie BM/12, voie créée dans le cadre de la ZAC ""Bercy"". Actuellement rue Jean Renoir.";Arrêté municipal du 30 novembre 1992;;;;Michel Audiard (1920-1985), journaliste, romancier, scénariste, metteur en scène et réalisateur français.;;;;
;3914;villa;;Michel Ange;VILLA MICHEL ANGE;villa Michel Ange;;;;;;;;;;;;;;;;Actuellement rue Bastien Lepage.;;;;;;;;;
;3936;rue;de;Metz;RUE DE METZ;rue de Metz;;;;;;;;;;;;;;;;Actuellement rue de l'Echaudé.;;;;;Ville de Lorraine.;;;;
;3723;rue;;Morié;RUE MORIE;rue Morié;;;;;;;;;;;;;;;;Actuellement rue de Moussy.;;;;;;;;;
;3777;porte;;Montmartre;PORTE MONTMARTRE;porte Montmartre;;;;;;;;;;;;;;;;Celle qui faisait partie de l'enceinte dite de Philippe-Auguste était située rue Montmartre, entre les rues du Jour et Jean-Jacques Rousseau. Celle de l'enceinte de Charles V était également rue Montmartre, à l'angle de la rue d'Aboukir.;;;;;;;;;
;3814;carrefour;de la;Montagne;CARREFOUR DE LA MONTAGNE;carrefour de la Montagne;;;;;;;;;;;;;;;;Nom donné au carrefour situé à la rencontre du boul. Delessert, des rues Vineuse, de Passy et Raynouard.;;;;;;;;;
;4251;place;de la;Maison Commune;PLACE DE LA MAISON COMMUNE;place de la Maison Commune;;;;;;;;;;;;;;;;Actuellement place de l'Hôtel de Ville.;;;;;;;;;
;4033;rue;;Matignon;RUE MATIGNON;rue Matignon;;;;;;;;;;;;;;;;Voir : Doyenné (cul-de-sac du).;;;;;;;;;
;4044;rue;de la;Masure;RUE DE LA MASURE;rue de la Masure;;;;;;;;;;;;;;;;"Supprimé. en 1933. Commençait quai de l'Hôtel de Ville, 10 ; finissait rue de l'Hôtel de Ville, 23.";;;;;;;;;
;4068;rue;;Marteret;RUE MARTERET;rue Marteret;;;;;;;;;;;;;;;;Voir : Martroi Saint-Jean (rue du).;;;;;;;;;
;4155;ruelle;du;Marché;RUELLE DU MARCHE;ruelle du Marché;03e;;;;Enfants-Rouges;;;;;;;;;;;Actuellement rue des Oiseaux.;;;;;;;;;
;4184;ruellette;au;Marais des Porcherons;RUELLETTE AU MARAIS DES PORCHERONS;ruellette au Marais des Porcherons;;;;;;;;;;;;;;;;Actuellement partie de la rue de la Victoire.;;;;;;;;;
;2543;port;;Saint-Landry;PORT SAINT-LANDRY;port Saint-Landry;;;;;;;;;;;;;;;;Actuellement rue des Ursins.;;;;;;;;;
;2551;place;du;Port au Foin;PLACE DU PORT AU FOIN;place du Port au Foin;;;;;;;;;;;;;;;;Voir : Trois Maries (place des).;;;;;;;;;
;2590;rue;du;Pont aux Biches Saint-Marcel;RUE DU PONT AUX BICHES SAINT-MARCEL;rue du Pont aux Biches Saint-Marcel;;;;;;;;;;;;;;;;Voir : Pont aux Biches (Rue du). Actuellement partie de la rue de la Clef.;;;;;;;;;
;3079;rue;des;Parcheminiers;RUE DES PARCHEMINIERS;rue des Parcheminiers;;;;;;;;;;;;;;;;Actuellement rue des Blancs Manteaux.;;;;;;;;;
;2819;rue;de la;Petite Voirie;RUE DE LA PETITE VOIRIE;rue de la Petite Voirie;;;;;;;;;;;;;;;;Supprimé. en 1829 lors du percement de la rue Ternaux. Commençait rue de la Folie-Méricourt et finissait rue Oberkampf.;;;;;;;;;
;2842;place;de la;Petite Bretagne;PLACE DE LA PETITE BRETAGNE;place de la Petite Bretagne;;;;;;;;;;;;;;;;Supprimé. Elle était située près du cul-de-sac de Matignon. Elle fait maintenant partie de la place du Carrousel.;;;;;;;;;
;2916;rue;du;Pet;RUE DU PET;rue du Pet;;;;;;;;;;;;;;;;Voir : Grand Hurleur (rue du).;;;;;;;;;
;2935;cul-de-sac;;Péronelle;CUL-DE-SAC PERONELLE;cul-de-sac Péronelle;;;;;;;;;;;;;;;;Actuellement rue et imp. Gomboust.;;;;;;;;;
;2947;chemin;des;Périchaux;CHEMIN DES PERICHAUX;chemin des Périchaux;;;;;;;;;;;;;;;;Actuellement rue des Périchaux.;;;;;;;;;
;2956;impasse;;Perdrier;IMPASSE PERDRIER;impasse Perdrier;12e;;;;Bercy;;;;;;;;;;;Supprimée. Voie située dans les entrepôts de Bercy.;;;;;Entrepôt de M. Perdrier;;;;
;2959;rue;;Perciée;RUE PERCIEE;rue Perciée;;;;;;;;;;;;;;;;Ou Percée Saint-Antoine, Percée Saint-Paul ou encore Percié. Voir : Percée Saint-Antoine (rue).;;;;;;;;;
;2977;impasse;de la;Pépinière;IMPASSE DE LA PEPINIERE;impasse de la Pépinière;;;;;;;;;;;;;;;;Supprimée. Etait située avenue de la Porte de Choisy.;;;;;;;;;
;2987;impasse;;Pellechet;IMPASSE PELLECHET;impasse Pellechet;;;;;;;;;;;;;;;;Actuellement imp. de Valmy.;;;;;;;;;
;2996;rue;;Payen;RUE PAYEN;rue Payen;;;;;;;;;;;;;;;;Actuellement partie de la rue de la Glacière et de la rue de l'Amiral Mouchez.;;;;;;;;;
;3230;impasse;de l';Orillon;IMPASSE DE L'ORILLON;impasse de l'Orillon;11e;;1946-06-14;;Folie-Méricourt;;;;;;;;;;;Dénommée rue Desargues par arrêté préfectoral du 14 juin 1946.;;;;;;;;;
;3394;rue;;Neuve Saint-Louis;RUE NEUVE SAINT-LOUIS;rue Neuve Saint-Louis;;;;;;;;;;;;;;;;Actuellement partie de la rue de Turenne.;;;;;;;;;
;3246;rue;de l';Orangerie;RUE DE L'ORANGERIE;rue de l'Orangerie;;;;;;;;;;;;;;;;Ou Oranges (rue des) ou encore Orangers (rue des). Supprimée par l'ouverture de la rue Monge. Elle commençait rue Daubenton et finissait rue Censier. Sur le plan de Turgot elle est nommée par erreur ruelle Notre-Dame. Lacaille écrit petite rue Saint-Jacques.;;;;;;;;;
;3281;place;de l';Obélisque;PLACE DE L'OBELISQUE;place de l'Obélisque;;;;;;;;;;;;;;;;Absorbée par la rue Castagnary.;;;;;;;;;
;3304;rue;de la;Nouvelle Athènes;RUE DE LA NOUVELLE ATHENES;rue de la Nouvelle Athènes;;;;;;;;;;;;;;;;Actuellement rue Frochot.;;;;;;;;;
;7470;ruelle;;Cadot;RUELLE CADOT;ruelle Cadot;;;;;;;;;;;;;;;;Actuellement ruelle du Soleil d'Or.;;;;;;;;;
;8175;poterne;des;Barrés;POTERNE DES BARRES;poterne des Barrés;;;;;;;;;;;;;;;;Elle était située rue des Barrés (enceinte de Philippe-Auguste). Elle a aussi porté le nom de poterne de l'Ave Maria.;;;;;;;;;
;8197;ruelle ou cul-de-sac;;Barentin;RUELLE OU CUL-DE-SAC BARENTIN;ruelle ou cul-de-sac Barentin;;;;;;;;;;;;;;;;Voir : Saint-Faron (imp.).;;;;;;;;;
;7558;chemin;de la;Briqueterie;CHEMIN DE LA BRIQUETERIE;chemin de la Briqueterie;;;;;;;;;;;;;;;;Voir : Chenilles (sente des).;;;;;;;;;
;7585;rue;de la;Brasserie;RUE DE LA BRASSERIE;rue de la Brasserie;;;;;;;;;;;;;;;;Actuellement rue Molière.;;;;;;;;;
;3310;chemin;de la;Noue;CHEMIN DE LA NOUE;chemin de la Noue;;;;;;;;;;;;;;;;Actuellement partie de la rue Bonaparte.;;;;;;;;;
;8247;impasse;;Baher;IMPASSE BAHER;impasse Baher;;;;;;;;;;;;;;;;Supprimé. en 1943. Commençait allée des Peupliers (Supprimé.), finissait pas. Giraud (Supprimé.).;;;;;;;;;
;3324;rue;;Notre-Dame;RUE NOTRE-DAME;rue Notre-Dame;;;;;;;;;;;;;;;;Actuellement partie de la rue Riquet.;;;;;;;;;
;8255;porte;des;Bagauds;PORTE DES BAGAUDS;porte des Bagauds;;;;;;;;;;;;;;;;Ou Bagaudes. Voir : Bagaudes (porte des).;;;;;;;;;
;3335;rue;du;Nord;RUE DU NORD;rue du Nord;;;;;;;;;;;;;;;;Englobée dans la gare aux marchandises du Chemin de fer du Nord. Elle était parallèle à la rue de la Chapelle, commençait rue des Poiriers (Supprimé.) et finissait boul. Ney.;;;;;;;;;
;7604;voie;;BO/12;VOIE BO/12;voie BO/12;12e;;1992-11-30;;Bercy;;;;;;;;;;;Dénommée rue de la Nativité par arrêté municipal du 30 novembre 1992.;;;;;;;;;
;3173;chemin;de l';Oseraie;CHEMIN DE L'OSERAIE;chemin de l'Oseraie;;;;;;;;;;;;;;;;Actuellement rue Saint-Dominique.;;;;;;;;;
;3197;rue;des;Ormeaux;RUE DES ORMEAUX;rue des Ormeaux;11e;;1867-02-26;;Sainte-Marguerite;;;;;;;;;;;Dénommée rue de Tunis par arrêté préfectoral du 26 février 1867.;;;;;;;;;
;6959;passage;du;Chêne Vert;PASSAGE DU CHENE VERT;passage du Chêne Vert;12e;;1887-12-31;;Quinze-Vingts;;;;;rue de Charenton, 48.;avenue Daumesnil;;;;;Devenu cour du Chêne Vert lors de l'ouverture de l'avenue Ledru-Rollin en 1887, qui a supprimé la partie du passage débouchant sur l'avenue Daumesnil.;;;;;Ancienne plantation dont on avait conservé un chêne, abattu vers 1840.;;;;
;3691;rue;du;Moulin de Croulebarbe;RUE DU MOULIN DE CROULEBARBE;rue du Moulin de Croulebarbe;;;;;;;;;;;;;;;;Actuellement rue de Croulebarbe.;;;;;;;;;
;4953;rue;de l';Homme Sauvage;RUE DE L'HOMME SAUVAGE;rue de l'Homme Sauvage;;;;;;;;;;;;;;;;Supprimé. Elle était dans la Cité, près de la rue des Trois Canettes. Elle existait en 1421.;;;;;;;;;
;3447;cour;;Neuve du Palais;COUR NEUVE DU PALAIS;cour Neuve du Palais;;;;;;;;;;;;;;;;Voir : Harlay (cour de).;;;;;;;;;
;4959;rue;;Hoche;RUE HOCHE;rue Hoche;;;;;;;;;;;;;;;;Voir : Beaujolais Saint-Honoré (rue de).;;;;;;;;;
;4963;place;de l';Hirondelle;PLACE DE L'HIRONDELLE;place de l'Hirondelle;;;;;;;;;;;;;;;;C'était le carrefour des rues Poulet, Myrha et Christiani.;;;;;;;;;
;3506;rue;;Neuve de la Foire;RUE NEUVE DE LA FOIRE;rue Neuve de la Foire;;;;;;;;;;;;;;;;Actuellement rue de Condé.;;;;;;;;;
;4969;rue;;Hillorai Bertin;RUE HILLORAI BERTIN;rue Hillorai Bertin;;;;;;;;;;;;;;;;Voir : Hillerin Bertin (rue).;;;;;;;;;
;3530;rue;;Neuve Chabrol;RUE NEUVE CHABROL;rue Neuve Chabrol;;;;;;;;;;;;;;;;Actuellement rue du 8 Mai 1945.;;;;;;;;;
;5605;rue;des;Fossoyeurs;RUE DES FOSSOYEURS;rue des Fossoyeurs;;;;;;;;;;;;;;;;Ou Fossoyeur (rue du). Voir : Fossoyeur (rue du).;;;;;;;;;
;3584;pont;;National;PONT NATIONAL;pont National;;;;;;;;;;;;;;;;Actuellement pont Royal.;;;;;;;;;
;6323;allée;de la;Demi Lune;ALLEE DE LA DEMI LUNE;allée de la Demi Lune;;;;;;;;;;;;;;;;Actuellement route de la Demi Lune. Elle allait du carrefour de la Patte d'Oie à l'allée des Quatre Carrefours.;;;;;;;;;
;3656;rue;du;Mouton;RUE DU MOUTON;rue du Mouton;04e;;;;Saint-Merri;;;;;;;;;;;Englobée dans la place de l'Hôtel de Ville. Elle commençait place de l'Hôtel de Ville et finissait rue de la Tixeranderie (supprimée).;;;;;;;;;
;6999;chemin;de;Grande Communication N° 38;CHEMIN DE GRANDE COMMUNICATION N? 38;chemin de Grande Communication N° 38;12e;;1930-01-23;;Bel-Air, Picpus;;;;;;;;;;;Dénommé avenue de Saint-Maurice par arrêté préfectoral du 23 janvier 1930.;;;;;;;;;
;3950;passage;du;Méridien;PASSAGE DU MERIDIEN;passage du Méridien;;;;;;;;;;;;;;;;Actuellement pas. des Tourelles.;;;;;;;;;
;3968;impasse;de;Ménilmontant;IMPASSE DE MENILMONTANT;impasse de Ménilmontant;11e;;1946-06-14;;Saint-Ambroise;;;;;;;;;;;Dénommée partie de l'avenue Jean Aicard par arrêté préfectoral du 14 juin 1946.;;;;;;;;;
;3904;rue;du;Midi;RUE DU MIDI;rue du Midi;;;;;;;;;;;;;;;;Actuellement rue Vernier.;;;;;;;;;
;5668;rue;des;Fontaines du Roi;RUE DES FONTAINES DU ROI;rue des Fontaines du Roi;11e;;;;Folie-Méricourt;;;;;;;;;;;Actuellement partie de la rue de la Fontaine au Roi.;;;;;;;;;
;3919;carrefour;;Mibrai;CARREFOUR MIBRAI;carrefour Mibrai;;;;;;;;;;;;;;;;Actuellement partie de la rue Saint-Martin.;;;;;;;;;
;3923;rue;de;Meursault;RUE DE MEURSAULT;rue de Meursault;12e;;;;Bercy;;;;;;;;;;;Supprimée. Voie située dans les entrepôts de Bercy. Précédemment rue de Beaune;;;;;Commune du département de la Côte d'Or, vignoble renommé.;;;;
;3926;ruelle;des;Meuniers;RUELLE DES MEUNIERS;ruelle des Meuniers;12e;;1880-03-20;;Picpus;;;;;;;;;;;Dénommée rue des Meuniers par arrêté préfectoral du 20 mars 1880.;;;;;;;;;
;7023;rue;du;Chemin de Fer;RUE DU CHEMIN DE FER;rue du Chemin de Fer;;;1960-12-31;;;;;;;;;;;;;Supprimée en 1960. Commençait boulevard Adolphe Pinard.;;;;;;;;;
;7029;rue;aux;Chavetiers;RUE AUX CHAVETIERS;rue aux Chavetiers;;;;;;;;;;;;;;;;Ancienne voie citée par Guillot, qui était située rue de la Verrerie.;;;;;;;;;
;3705;;la;Motte aux Papelards;LA MOTTE AUX PAPELARDS;la Motte aux Papelards;;;;;;;;;;;;;;;;Voir : Terrain (le).;;;;;;;;;
;3717;place;;Morland;PLACE MORLAND;place Morland;;;;;;;;;;;;;;;;Supprimé. Elle était située entre les quais Morland (Actuellement boul. Morland) et des Célestins.;;;;;;;;;
;3718;impasse;;Morlaix;IMPASSE MORLAIX;impasse Morlaix;;;;;;;;;;;;;;;;Supprimé. pour l'établissement du canal Saint-Martin. Elle était située rue des Morts (Actuellement rue des Ecluses Saint-Martin).;;;;;;;;;
;6376;rue;;Darnestat;RUE DARNESTAT;rue Darnestat;;;;;;;;;;;;;;;;Actuellement partie de la rue Greneta.;;;;;;;;;
;3743;impasse;de;Montsouris;IMPASSE DE MONTSOURIS;impasse de Montsouris;;;;;;;;;;;;;;;;Voir : Tombe Issoire (imp. de la).;;;;;;;;;
;6395;rue;;Dame Agnès la Sarrazine;RUE DAME AGNES LA SARRAZINE;rue Dame Agnès la Sarrazine;;;;;;;;;;;;;;;;D'après Sauval, elle existait en 1300, dans la paroisse Saint-Nicolas des Champs.;;;;;;;;;
;3792;ruelle;;Montfort;RUELLE MONTFORT;ruelle Montfort;;;;;;;;;;;;;;;;Supprimé. au commencement du XVIIe siècle. Elle débouchait dans le chemin Herbu (Actuellement rue Notre-Dame des Victoires).;;;;;;;;;
;5758;place;de la;Fidélité;PLACE DE LA FIDELITE;place de la Fidélité;;;;;;;;;;;;;;;;Supprimée par l'établissement du boulevard de Strasbourg. Elle était située devant l'église Saint-Laurent, appelée pendant la Révolution le temple de la Fidélité.;;;;;;;;;
;3821;rue;du;Mont Blanc;RUE DU MONT BLANC;rue du Mont Blanc;;;;;;;;;;;;;;;;Actuellement rue de la Chaussée d'Antin.;;;;;;;;;
;6432;rue;;Culloir;RUE CULLOIR;rue Culloir;;;;;;;;;;;;;;;;Voir : Evêque (rue de l').;;;;;;;;;
;6434;passage;du;Cul-de-sac Sainte-Marine;PASSAGE DU CUL-DE-SAC SAINTE-MARINE;passage du Cul-de-sac Sainte-Marine;;;;;;;;;;;;;;;;Supprimé. Il allait du cul-de-sac Sainte-Marine (Supprimé.) à la rue du Cloître Notre-Dame.;;;;;;;;;
;4018;passage;;Maurice;PASSAGE MAURICE;passage Maurice;11e;;1934-01-13;;Roquette;;282;10;;rue du Chemin Vert, 86.;rue Saint-Maur, 23;16;21;;;"Dénommée partie de la rue Pétion par arrêté préfectoral du 13 janvier 1934. Précédemment passage des Amandiers. La partie débouchant rue Saint-Maur a été dénommée rue du Morvan en 1930.";;;"Largeur : 10 mètres entre la rue du Chemin Vert et la rue Pétion ; 4,8 mètres pour la partie débouchant rue Saint-Maur";;M. Maurice, propriétaire;;;Arrêté du 25 janvier 1922;
;6446;ruelle;du;Crucifix;RUELLE DU CRUCIFIX;ruelle du Crucifix;;;;;;;;;;;;;;;;Voir : Thévenot (imp.).;;;;;;;;;
;4110;rue;;Marie;RUE MARIE;rue Marie;;;;;;;;;;;;;;;;Actuellement rue Saint-Louis en l'Ile.;;;;;;;;;
;6448;cul-de-sac;du;Crucifix;CUL-DE-SAC DU CRUCIFIX;cul-de-sac du Crucifix;;;;;;;;;;;;;;;;"Il était situé dans la rue du Petit Carreau et existait encore en 1768. En 1622, on l'appelait ruelle du Crucifix ; puis cul-de-sac du Petit Jésus. Sur plusieurs plans, il porte le nom de Saint-Claude.";;;;;;;;;
;4117;place;de;Marengo;PLACE DE MARENGO;place de Marengo;;;;;;;;;;;;;;;;Voir : Oratoire (place de l').;;;;;;;;;
;4125;rue;;Marderet;RUE MARDERET;rue Marderet;;;;;;;;;;;;;;;;Ou Mardelet. Voir : Verdelet (rue).;;;;;;;;;
;4164;place;aux;Marchands;PLACE AUX MARCHANDS;place aux Marchands;;;;;;;;;;;;;;;;Actuellement place de l'Ecole.;;;;;;;;;
;4183;rue;des;Marais du Temple;RUE DES MARAIS DU TEMPLE;rue des Marais du Temple;;;;;;;;;;;;;;;;Actuellement partie de la rue de Malte.;;;;;;;;;
;4224;rue;;Maldestor;RUE MALDESTOR;rue Maldestor;;;;;;;;;;;;;;;;Actuellement rue Mondétour.;;;;;;;;;
;4232;rue ou petite rue;de la;Maladrerie;RUE OU PETITE RUE DE LA MALADRERIE;rue ou petite rue de la Maladrerie;;;;;;;;;;;;;;;;Ou Malladerye. Actuellement rue de la Chaise.;;;;;;;;;
;15317;boulevard;de;Boulogne;BOULEVARD DE BOULOGNE;boulevard de Boulogne;Hors Paris;;1932-02-11;;Hors Paris;;;;;;;;;;;"Dénommé boulevard Anatole France par arrêté préfectoral du 11 février 1932;";;;;;;;;;
;4517;rue;de la;Lanterne;RUE DE LA LANTERNE;rue de la Lanterne;04e;;;;Saint-Merri;;;;;;;;;;;Actuellement partie de la rue Pernelle.;;;;;;;;;
;4519;cour;;Lanoy;COUR LANOY;cour Lanoy;;;;;;;;;;;;;;;;Supprimé. en 1902. Elle était située rue des Petits Carreaux, 26. Elle avait porté précédemment le nom de pas. de l'Etoile.;;;;;;;;;
;4431;rue;des;Lessives;RUE DES LESSIVES;rue des Lessives;;;;;;;;;;;;;;;;Voir : Vieille Lanterne (rue de la).;;;;;;;;;
;4436;cour;;Lépine;COUR LEPINE;cour Lépine;;;;;;;;;;;;;;;;Supprimé. Elle était située rue de Charonne, 37.;;;;;;;;;
;4438;rue;;Lepeu;RUE LEPEU;rue Lepeu;12e;;1972-01-01;;Picpus;;;;;;;;;;;Supprimée en 1972, lors l'aménagement de l'îlot Saint-Eloi. Etait située rue Erard, 12 bis.;;;;;;;;;
;4522;rue;;Langrognerie;RUE LANGROGNERIE;rue Langrognerie;;;;;;;;;;;;;;;;Voir : Grognerie (rue de la).;;;;;;;;;
20;4357;cour;;Louis Armand;COUR LOUIS ARMAND;cour Louis Armand;12e;1981-05-20;1984-01-25;;Quinze-Vingts;;;;;;;;;;;Dénommée place Louis Armand par décision municipale du 25 janvier 1984.;Décision municipale du 20 mai 1981;;;;;;;;
;7656;rue;de;Bourbon;RUE DE BOURBON;rue de Bourbon;;;;;;;;;;;;;;;;Actuellement partie de la rue Saint-Sulpice.;;;;;;;;;
;7670;rue;du;Bouloir;RUE DU BOULOIR;rue du Bouloir;;;;;;;;;;;;;;;;Actuellement rue du Bouloi.;;;;;;;;;
;7685;avenue;;Boulard;AVENUE BOULARD;avenue Boulard;12e;;1939-08-16;;Bel-Air;;;;;;;;;;;Dénommée avenue du Colonel Dominé par arrêté préfectoral du 16 août 1939.;;;;;;;;;
;8270;impasse;des;Babillards;IMPASSE DES BABILLARDS;impasse des Babillards;;;;;;;;;;;;;;;;Supprimée lors du nivellement du boul. de Bonne Nouvelle (1832). Elle était située rue Basse Porte Saint-Denis (Supprimé.) entre l'impasse Bonne Nouvelle et la rue d'Hauteville.;;;;;;;;;
;8305;poterne;de l';Ave Maria;POTERNE DE L'AVE MARIA;poterne de l'Ave Maria;;;;;;;;;;;;;;;;Voir : Barrés (poterne des).;;;;;;;;;
;7703;rue;des;Boucheries de Braque;RUE DES BOUCHERIES DE BRAQUE;rue des Boucheries de Braque;03e;;;;Sainte-Avoye;;;;;;;;;;;Actuellement rue de Braque.;;;;;;;;;
;7736;impasse;;Bony;IMPASSE BONY;impasse Bony;;;;;;;;;;;;;;;;Supprimée par l'élargissement de la rue Saint-Lazare. Elle était située rue Saint-Lazare, 118.;;;;;;;;;
;7782;rue;de;Bohême;RUE DE BOHEME;rue de Bohême;;;;;;;;;;;;;;;;Voir : Orléans Saint-Honoré (rue d').;;;;;;;;;
;8420;place;d';Ariane;PLACE D'ARIANE;place d'Ariane;;;;;;;;;;;;;;;;Etait située à la réunion des rues de la Grande Truanderie et de la Petite Truanderie.;;;;;;;;;
;7861;passage;des;Biches;PASSAGE DES BICHES;passage des Biches;;;;;;;;;;;;;;;;Actuellement rue Mérimée.;;;;;;;;;
;8514;rue;de l';Angrognerie;RUE DE L'ANGROGNERIE;rue de l'Angrognerie;;;;;;;;;;;;;;;;Voir : Grognerie (rue de la).;;;;;;;;;
;8515;rue;d';Angoumois;RUE D'ANGOUMOIS;rue d'Angoumois;;;;;;;;;;;;;;;;Actuellement partie de la rue Charlot.;;;;;;;;;
;7919;rue;au;Berger;RUE AU BERGER;rue au Berger;;;;;;;;;;;;;;;;Actuellement rue Bergère.;;;;;;;;;
;7250;rue;du;Champ Fleuri;RUE DU CHAMP FLEURI;rue du Champ Fleuri;;;;;;;;;;;;;;;;Ou Champ Floury ou encore Champ Flori. Voir : Bibliothèque (rue de la).;;;;;;;;;
;7276;place;;Chalier;PLACE CHALIER;place Chalier;;;;;;;;;;;;;;;;Actuellement place de la Sorbonne.;;;;;;;;;
;6576;rue;de la;Côte d'Or;RUE DE LA COTE D'OR;rue de la Côte d'Or;;;;;;;;;;;;;;;;Voir : Romanée (rue de) (Entrepôts de Bercy).;;;;;;;;;
;5911;rue;des;Estuves;RUE DES ESTUVES;rue des Estuves;;;;;;;;;;;;;;;;Voir : Etuves Saint-Martin (rue des).;;;;;;;;;
;5935;rue;de l';Escorcherie dite de la Follye Reinier;RUE DE L'ESCORCHERIE DITE DE LA FOLLYE REINIER;rue de l'Escorcherie dite de la Follye Reinier;;;;;;;;;;;;;;;;Actuellement partie de la rue Grégoire de Tours.;;;;;;;;;
;5939;rue;des;Escholiers Saint-Honoré;RUE DES ESCHOLIERS SAINT-HONORE;rue des Escholiers Saint-Honoré;;;;;;;;;;;;;;;;Actuellement rue des Bons Enfants.;;;;;;;;;
;6621;rue;au;Corbel;RUE AU CORBEL;rue au Corbel;;;;;;;;;;;;;;;;Elle existait près des rues de Cluny et des Poirées. Elle est citée par Guillot.;;;;;;;;;
;6629;rue;de la;Coquerie;RUE DE LA COQUERIE;rue de la Coquerie;;;;;;;;;;;;;;;;Voir : Coquerelle (imp.).;;;;;;;;;
;4620;rue;;Julie Joséphine;RUE JULIE JOSEPHINE;rue Julie Joséphine;;;;;;;;;;;;;;;;Actuellement rue Emmanuel Chauvière.;;;;;;;;;
;4634;rue;de la;Juiverie;RUE DE LA JUIVERIE;rue de la Juiverie;04e;;;;Notre-Dame;;;;;;;;;;;Ou Juivrerie. Actuellement partie de la rue de la Cité et de la place Louis Lépine.;;;;;;;;;
;4656;rue;;Jousselin;RUE JOUSSELIN;rue Jousselin;;;;;;;;;;;;;;;;Ou Jousseline. Actuellement imp. Bouvart.;;;;;;;;;
;5324;rue;de la;Gipecienne;RUE DE LA GIPECIENNE;rue de la Gipecienne;;;;;;;;;;;;;;;;Actuellement rue de la Jussienne.;;;;;;;;;
;4675;vicus;;Joculatorum;VICUS JOCULATORUM;vicus Joculatorum;;;;;;;;;;;;;;;;Voir : Ménétriers (rue des).;;;;;;;;;
;4677;rue;;Job;RUE JOB;rue Job;;;;;;;;;;;;;;;;Voir : Soly (rue).;;;;;;;;;
;4686;rue;des;Jésuites;RUE DES JESUITES;rue des Jésuites;;;;;;;;;;;;;;;;Actuellement partie de la rue Bonaparte.;;;;;;;;;
;5343;rue;de;Gesvres;RUE DE GESVRES;rue de Gesvres;;;;;;;;;;;;;;;;Cette rue a été confondue avec le quai de Gesvres quand fut supprimée, en 1796, une rangée de boutiques construites le long de la rivière entre le pont Notre-Dame et le pont au Change, c'est-à-dire dans la longueur de l'ancien quai de Gesvres. Elle commençait rue Planche Mibray (Actuellement rue Saint-Martin) et finissait rue de la Joaillerie (Supprimé.).;;;;;;;;;
;5987;rue;d';Enfer;RUE D'ENFER;rue d'Enfer;;;;;;;;;;;;;;;;Actuellement rue des Fossés Saint-Marcel et Le Brun.;;;;;;;;;
;4736;rue;;Jean Le Comte;RUE JEAN LE COMTE;rue Jean Le Comte;;;;;;;;;;;;;;;;Voir : Trognon (rue).;;;;;;;;;
;4738;rue;;Jean l'Esgullier;RUE JEAN L'ESGULLIER;rue Jean l'Esgullier;;;;;;;;;;;;;;;;Ou Jean l'Eveiller. Actuellement imp. des Trois Visages.;;;;;;;;;
;4772;petite ruellette;;Jean Bingue;PETITE RUELLETTE JEAN BINGUE;petite ruellette Jean Bingue;;;;;;;;;;;;;;;;Voir : Jean Gilles (rue).;;;;;;;;;
;4784;rue;des;Jardins;RUE DES JARDINS;rue des Jardins;04e;;;;Saint-Gervais;;;;;;;;;;;Actuellement rue des Jardins Saint-Paul.;;;;;;;;;
;6087;rue;aux;Écus;RUE AUX ECUS;rue aux Écus;;;;;;;;;;;;;;;;Actuellement partie de la rue Berger.;;;;;;;;;
;4788;rue;des;Jardins;RUE DES JARDINS;rue des Jardins;;;;;;;;;;;;;;;;Voir : Billettes (rue des).;;;;;;;;;
;4810;rue;;Jacques Berneult;RUE JACQUES BERNEULT;rue Jacques Berneult;;;;;;;;;;;;;;;;Supprimé. Voie citée dans le rôle des taxes de l'année 1313 comme étant voisine de la rue du Four Saint-Honoré. C'est probablement la rue des Etuves. Son vrai nom serait Jacques de Verneuil.;;;;;;;;;
;4813;place;des;Jacobins;PLACE DES JACOBINS;place des Jacobins;;;;;;;;;;;;;;;;Actuellement place Saint-Thomas d'Aquin.;;;;;;;;;
;4825;vieux chemin;d';Ivry;VIEUX CHEMIN D'IVRY;vieux chemin d'Ivry;;;;;;;;;;;;;;;;Actuellement partie de la rue du Château des Rentiers.;;;;;;;;;
;5454;rue;de la;Galiace;RUE DE LA GALIACE;rue de la Galiace;;;;;;;;;;;;;;;;Voir : Deux Portes (rue des).;;;;;;;;;
;5467;rue;;Gaillard;RUE GAILLARD;rue Gaillard;;;;;;;;;;;;;;;;Actuellement rue de Lappe.;;;;;;;;;
;6096;quai;de l';Écorcherie;QUAI DE L'ECORCHERIE;quai de l'Écorcherie;;;;;;;;;;;;;;;;Actuellement quai Malaquais.;;;;;;;;;
;6103;square;des;Écoles;SQUARE DES ECOLES;square des Écoles;;;;;;;;;;;;;;;;Actuellement square Vermenouze.;;;;;;;;;
;6127;rue;de l';Écharpe Blanche;RUE DE L'ECHARPE BLANCHE;rue de l'Écharpe Blanche;;;;;;;;;;;;;;;;Actuellement partie de la rue des Francs Bourgeois.;;;;;;;;;
;6852;rue;des;Citoyennes;RUE DES CITOYENNES;rue des Citoyennes;;;;;;;;;;;;;;;;Actuellement rue Madame.;;;;;;;;;
;4860;rue;des;Innocents;RUE DES INNOCENTS;rue des Innocents;;;;;;;;;;;;;;;;Voir : Grand Hurleur (rue du).;;;;;;;;;
;5483;voie;;F/12;VOIE F/12;voie F/12;12e;;1965-05-05;;Bel-Air;;;;;;;;;;;Dénommée rue de la Nouvelle-Calédonie par arrêté préfectoral du 5 mai 1965.;;;;;;;;;
;5485;rue;des;Fusées;RUE DES FUSEES;rue des Fusées;;;;;;;;;;;;;;;;Actuellement rue du Parc Royal.;;;;;;;;;
;6176;rue;du;Duc de Bordeaux;RUE DU DUC DE BORDEAUX;rue du Duc de Bordeaux;;;;;;;;;;;;;;;;Actuellement rue du Vingt-Neuf Juillet.;;;;;;;;;
;6867;rue;au;Cingne;RUE AU CINGNE;rue au Cingne;;;;;;;;;;;;;;;;Actuellement rue du Cygne.;;;;;;;;;
;4865;bazar;de l';Industrie Française;BAZAR DE L'INDUSTRIE FRANCAISE;bazar de l'Industrie Française;;;;;;;;;;;;;;;;Il conduisait de la rue Montmartre au boulevard Poissonnière.;;;;;;;;;
;4870;rue;de l';Indivisibilité;RUE DE L'INDIVISIBILITE;rue de l'Indivisibilité;;;;;;;;;;;;;;;;Actuellement rue Compans.;;;;;;;;;
;4876;rue;de l';Image Sainte-Catherine;RUE DE L'IMAGE SAINTE-CATHERINE;rue de l'Image Sainte-Catherine;;;;;;;;;;;;;;;;Voir : Saint-Landry (rue).;;;;;;;;;
;4878;rue;de l';Image;RUE DE L'IMAGE;rue de l'Image;;;;;;;;;;;;;;;;Voir : Haute des Ursins (rue).;;;;;;;;;
;4904;rue;;Huguetin;RUE HUGUETIN;rue Huguetin;;;;;;;;;;;;;;;;Ou Huguetin le Faucheur. Actuellement partie de la rue du Roi de Sicile.;;;;;;;;;
;6187;rue;;Drenetat;RUE DRENETAT;rue Drenetat;;;;;;;;;;;;;;;;Actuellement partie de la rue Greneta.;;;;;;;;;
;6922;passage;;Cheysson;PASSAGE CHEYSSON;passage Cheysson;;;;;;;;;;;;;;;;Actuellement villa Cheysson.;;;;;;;;;
;4920;cul-de-sac;de l';Hôtel de Soissons;CUL-DE-SAC DE L'HOTEL DE SOISSONS;cul-de-sac de l'Hôtel de Soissons;;;;;;;;;;;;;;;;Voir : Oblin (rue).;;;;;;;;;
;4931;partie de la rue;;Hortense;PARTIE DE LA RUE HORTENSE;partie de la rue Hortense;;;;;;;;;;;;;;;;Supprimé. par l'ouverture du boul. Romain Rolland.;;;;;;;;;
;4936;rue;du;Hoqueton;RUE DU HOQUETON;rue du Hoqueton;;;;;;;;;;;;;;;;Ou Hoqueton le Faucheur (rue). Actuellement partie de la rue du Roi de Sicile.;;;;;;;;;
;4940;rue;de l';Hôpital Saint-Gervais;RUE DE L'HOPITAL SAINT-GERVAIS;rue de l'Hôpital Saint-Gervais;;;;;;;;;;;;;;;;Actuellement rue des Coutures Saint-Gervais.;;;;;;;;;
;4941;place;de l';Hôpital Saint-Antoine;PLACE DE L'HOPITAL SAINT-ANTOINE;place de l'Hôpital Saint-Antoine;12e;;1970-07-29;;Quinze-Vingts;;21;16,26;;rue du Faubourg Saint-Antoine, 182-186.;;184 (numéro unique);;Ordonnance royale du 30 avril 1838;;Dénommée place du Docteur Antoine Béclère par arrêté préfectoral du 29 juillet 1970.;;;;;Voisinage de l'Hôpital Saint-Antoine.;;;;
;4950;quai;de l';Hôpital;QUAI DE L'HOPITAL;quai de l'Hôpital;;;;;;;;;;;;;;;;Actuellement quai d'Austerlitz.;;;;;;;;;
;5587;ruelle ou rue;du;Four Baunier;RUELLE OU RUE DU FOUR BAUNIER;ruelle ou rue du Four Baunier;;;;;;;;;;;;;;;;Voir : Four Bannier (ruelle ou rue du).;;;;;;;;;
21;15681;voie;;EG/12;VOIE EG/12;voie EG/12;12e;2024-02-08;2025-10-10;;Bercy;;;;;voie EF/12, 18.;rue du Charolais, 61.;10;9;;;Dénommée rue Agatha Christie par délibération municipale des 7, 8, 9 et 10 octobre 2025.;Décision de numérotage du 8 février 2024.;;;;;;;;
;200;place;du;Parvis Notre-Dame;PLACE DU PARVIS NOTRE-DAME;place du Parvis Notre-Dame;04e;;2006-08-02;;Notre-Dame;;135;100;91D1,91C2;pont au Double et rue d'Arcole, 23.;rue de la Cité, 6.;;1;Décret du 22 mai 1865.;;Dénommée parvis Notre-Dame - place Jean-Paul II par arrêté municipal du 2 août 2006. Précédemment parvis Notre-Dame et rue Neuve Notre-Dame. Le parvis Notre-Dame a été appelée parvis de la Raison en l'an II. Les rues Neuve Notre-Dame et Saint-Christophe ont été englobées dans la place du Parvis Notre-Dame vers 1874, lors de l'exécution des alignements approuvés le 22 mai 1865.;;;Place orné du groupe de Charlemagne à cheval avec Roland et Olivier.;;"Située devant la cathédrale Notre-Dame ; parvis est un ancien nom dérivé de paradis.";;;;
;15526;rue;;Denis Papin;RUE DENIS PAPIN;rue Denis Papin;;;;;;;;;;;;;;;;Nom non officiel utilisé lors du jugement du 13 juin 1863;;;;;;;;;
;2555;petit chemin;du;Port;PETIT CHEMIN DU PORT;petit chemin du Port;;;;;;;;;;;;;;;;Actuellement partie de la rue de Grenelle.;;;;;;;;;
;2557;chemin;du;Port;CHEMIN DU PORT;chemin du Port;;;;;;;;;;;;;;;;Il suivait le bord de la Seine et conduisait au port de Grenelle. On l'a aussi appelé rue des Vaches ou petit chemin aux Vaches.;;;;;;;;;
;2561;rue;des;Porcherons;RUE DES PORCHERONS;rue des Porcherons;;;;;;;;;;;;;;;;Actuellement rue Saint-Lazare.;;;;;;;;;
;2563;chemin;des;Porcherons;CHEMIN DES PORCHERONS;chemin des Porcherons;;;;;;;;;;;;;;;;Actuellement rue de la Chaussée d'Antin.;;;;;;;;;
;2569;rue;du;Pont Saint-Michel;RUE DU PONT SAINT-MICHEL;rue du Pont Saint-Michel;;;;;;;;;;;;;;;;Absorbée par la place Saint-Michel. Elle était située en face du pont Saint-Michel, entre la rue Saint-André des Arts et le quai des Grands Augustins.;;;;;;;;;
;2573;rue;du;Pont Notre-Dame;RUE DU PONT NOTRE-DAME;rue du Pont Notre-Dame;;;;;;;;;;;;;;;;Actuellement partie de la place Louis Lépine et de la rue de la Cité.;;;;;;;;;
;2577;pont;;Neuf;PONT NEUF;pont Neuf;;;;;;;;;;;;;;;;Actuellement pont Saint-Michel. A été nommé Petit Pont puis Petit Pont Neuf.;;;;;;;;;
;3082;rue;du;Parc National;RUE DU PARC NATIONAL;rue du Parc National;;;;;;;;;;;;;;;;Actuellement rue du Parc Royal.;;;;;;;;;
;2813;avenue;des;Petits Bâtiments;AVENUE DES PETITS BATIMENTS;avenue des Petits Bâtiments;;;;;;;;;;;;;;;;Actuellement av. des Arts.;;;;;;;;;
;2822;ruelle;de la;Petite Troussevache;RUELLE DE LA PETITE TROUSSEVACHE;ruelle de la Petite Troussevache;03e;;;;Sainte-Avoye;;;;;;;;;;;Voir : Clairvaux (imp. de).;;;;;;;;;
;2838;rue;de la;Petite Corne;RUE DE LA PETITE CORNE;rue de la Petite Corne;;;;;;;;;;;;;;;;Voir : Beurrière (rue).;;;;;;;;;
;2839;rue;de la;Petite Corderie;RUE DE LA PETITE CORDERIE;rue de la Petite Corderie;03e;;1885-05-11;;Enfants-Rouges;;;;;;;;;;;Dénommée partie de la rue de la Corderie par arrêté préfectoral du 11 mai 1885.;;;;;;;;;
;2848;rue;du;Petit Saint-Sulpice;RUE DU PETIT SAINT-SULPICE;rue du Petit Saint-Sulpice;;;;;;;;;;;;;;;;Actuellement partie de la rue Saint-Sulpice.;;;;;;;;;
;2853;ruelle;du;Petit Port Saint-Gervais;RUELLE DU PETIT PORT SAINT-GERVAIS;ruelle du Petit Port Saint-Gervais;;;;;;;;;;;;;;;;Voir : Plumets (rue ou ruelle des).;;;;;;;;;
;2891;avenue;du;Petit Château;AVENUE DU PETIT CHATEAU;avenue du Petit Château;12e;;;;Bercy;;;;;;;;;;;Supprimée. Voie située dans les entrepôts de Bercy. Précédemment rue du Petit Château.;Dénommée en 1962.;;;;En souvenir du petit château de Bercy, aujourd'hui disparu;;;;
;2917;port;de;Pertuis;PORT DE PERTUIS;port de Pertuis;;;;;;;;;;;;;;;;Il était établi en amont du port de Bellefond (le port de Bellefond aurait occupé une partie du port Saint-Bernard actuel).;;;;;;;;;
;2925;carrefour;;Perrin Gasselin;CARREFOUR PERRIN GASSELIN;carrefour Perrin Gasselin;;;;;;;;;;;;;;;;Supprimé. C'était probablement la place du Chevalier du Guet.;;;;;;;;;
;3049;rue;;Passementière;RUE PASSEMENTIERE;rue Passementière;;;;;;;;;;;;;;;;Voir : Vieille Monnaie (rue de la).;;;;;;;;;
;3379;rue;;Neuve Saint-Roch;RUE NEUVE SAINT-ROCH;rue Neuve Saint-Roch;;;;;;;;;;;;;;;;Actuellement partie de la rue Saint-Roch.;;;;;;;;;
;3262;rue;;Ogniard;RUE OGNIARD;rue Ogniard;;;1851-03-11;;;;;;;;;;;;;Dénommée partie de la rue de La Reynie par arrêté préfectoral du 11 mars 1851. Elle s'étendait entre les rues Saint-Martin et Quincampoix.;;;;;;;;;
;3286;voie;;N/12;VOIE N/12;voie N/12;12e;;1974-10-21;;Bel-Air;;;;;;;;;;;Dénommée rue Édouard Lartet par arrêté préfectoral du 21 octobre 1974.;;;;;;;;;
;3100;cité;;Papillon;CITE PAPILLON;cité Papillon;;;;;;;;;;;;;;;;Supprimée. Commençait rue des Plantes, 26 et rue Bénard, 25, finissait rue Hippolyte Maindron, 29.;;;;;;;;;
;3112;chemin;de;Pantin;CHEMIN DE PANTIN;chemin de Pantin;;;;;;;;;;;;;;;;Actuellement rue de Meaux.;;;;;;;;;
;3114;rue;du;Panthéon Français;RUE DU PANTHEON FRANCAIS;rue du Panthéon Français;;;;;;;;;;;;;;;;Actuellement rue Soufflot.;;;;;;;;;
;3131;rue;du;Palais;RUE DU PALAIS;rue du Palais;;;;;;;;;;;;;;;;Actuellement partie de la rue Du Sommerard.;;;;;;;;;
;3153;rue;de l';Oursine;RUE DE L'OURSINE;rue de l'Oursine;;;;;;;;;;;;;;;;Actuellement rues Edouard Quénu, Broca et Léon-Maurice Nordmann.;;;;;;;;;
;3185;place;d';Orsay;PLACE D'ORSAY;place d'Orsay;;;;;;;;;;;;;;;;Supprimée vers 1826 pour l'agrandissement de l'ancienne Manufacture des Tabacs. C'était une sorte de carrefour sur le quai d'Orsay, à l'extrémité de la rue de la Boucherie des Invalides (Actuellement rue Surcouf).;;;;;;;;;
;3675;pont;aux;Moulins;PONT AUX MOULINS;pont aux Moulins;;;;;;;;;;;;;;;;Construit en 865. Il occupait un emplacement voisin du pont au Change.;;;;;;;;;
;3695;ruelle;du;Moulin;RUELLE DU MOULIN;ruelle du Moulin;;;;;;;;;;;;;;;;Ou Moulins (ruelle des). Supprimé. Elle était située rue de la Tuerie (Châtelet).;;;;;;;;;
;3423;rue;;Neuve Poissonnière;RUE NEUVE POISSONNIERE;rue Neuve Poissonnière;;;;;;;;;;;;;;;;Voir : Lévisse (rue).;;;;;;;;;
;3452;rue;;Neuve du Delta;RUE NEUVE DU DELTA;rue Neuve du Delta;;;;;;;;;;;;;;;;Actuellement partie de la rue de Dunkerque.;;;;;;;;;
;3462;rue;;Neuve des Minimes;RUE NEUVE DES MINIMES;rue Neuve des Minimes;;;;;;;;;;;;;;;;Actuellement partie de la rue Villehardouin.;;;;;;;;;
;3482;rue;;Neuve de Thurenne;RUE NEUVE DE THURENNE;rue Neuve de Thurenne;;;;;;;;;;;;;;;;Actuellement rue Dupuytren.;;;;;;;;;
;3538;rue;;Neuve Boileau;RUE NEUVE BOILEAU;rue Neuve Boileau;;;;;;;;;;;;;;;;Actuellement partie de la rue Pierre Guérin.;;;;;;;;;
;3563;chemin et sentier;;Neuf;CHEMIN ET SENTIER NEUF;chemin et sentier Neuf;;;;;;;;;;;;;;;;Actuellement partie de la rue Dupleix.;;;;;;;;;
;3573;vicus;;Nebulariorium;VICUS NEBULARIORIUM;vicus Nebulariorium;;;;;;;;;;;;;;;;Voir : Licorne (rue de la).;;;;;;;;;
20;3588;cour;de;Narbonne;COUR DE NARBONNE;cour de Narbonne;12e;1963-12-17;;;Bercy;;;;;;;;;;;Supprimée. Voie située dans les entrepôts de Bercy. Précédemment rue de Narbonne.;Arrêté préfectoral du 17 décembre 1963.;;;;Ville du département de l'Aude;;;;
;3635;passage;;Murat;PASSAGE MURAT;passage Murat;;;;;;;;;;;;;;;;Actuellement villa Murat.;;;;;;;;;
;3963;avenue;;Mercédés;AVENUE MERCEDES;avenue Mercédés;;;;;;;;;;;;;;;;Actuellement av. du Colonel Bonnet.;;;;;;;;;
;3986;passage;;Méchin;PASSAGE MECHIN;passage Méchin;;;;;;;;;;;;;;;;Supprimé. en 1944. Etait située entre l'allée du Métro (Supprimé.) et rue Lécuyer prolongée (Supprimé.).;;;;;;;;;
;3889;rue;;Millet;RUE MILLET;rue Millet;;;;;;;;;;;;;;;;Actuellement partie de l'av. Matignon.;;;;;Nom du propriétaire qui l'a ouverte.;;;;
;3939;allée;du;Métro;ALLEE DU METRO;allée du Métro;;;;;;;;;;;;;;;;Supprimé. Etait située av. Elisabeth Rolland, 27 (Supprimé.).;;;;;;;;;
;4238;chemin;de la;Maladerie;CHEMIN DE LA MALADERIE;chemin de la Maladerie;;;;;;;;;;;;;;;;Actuellement partie de la rue de Babylone.;;;;;;;;;
;4043;cul-de-sac;des;Masures;CUL-DE-SAC DES MASURES;cul-de-sac des Masures;;;;;;;;;;;;;;;;Voir : Saint-Pierre Gourtin (cul-de-sac).;;;;;;;;;
;4082;rue;des;Marmousets;RUE DES MARMOUSETS;rue des Marmousets;04e;;1874-12-19;;Notre-Dame;;;;;;;;;;;La partie subistante après l'ouverture de la rue d'Arcole (décret du 22 mai 1865) a été dénommée partie de la rue Chanoinesse par arrêté préfectoral du 19 décembre 1874.;;;Ou rue des Marmousets de la Cité.;;;;;;
;4093;rue;;Marivas;RUE MARIVAS;rue Marivas;;;;;;;;;;;;;;;;Ou Marivaux. Actuellement partie de la rue Pavée.;;;;;;;;;
;4119;barrière;de;Marengo;BARRIERE DE MARENGO;barrière de Marengo;12e;;;;Bercy, Picpus;;;;;;;;;;;Voir : Charenton (barrière de).;;;;;Barrière d'octroi de l'enceinte des Fermiers généraux.;;;;
;4212;rue;de la;Mancherie;RUE DE LA MANCHERIE;rue de la Mancherie;;;;;;;;;;;;;;;;Voir : Limace (rue de la).;;;;;;;;;
;4223;rue;;Male Parole;RUE MALE PAROLE;rue Male Parole;;;;;;;;;;;;;;;;Voir : Mauvaises Paroles (rue des).;;;;;;;;;
;4228;port;;Malaquais;PORT MALAQUAIS;port Malaquais;;;;;;;;;;;;;;;;Actuellement port des Saints-Pères.;;;;;;;;;
20;15280;voie;;K/12;VOIE K/12;voie K/12;12e;1958-01-01;1964-12-31;;Picpus;;;;;rue des Meuniers, 45.;en impasse;;;;;Supprimée lors de la rénovation de l'ilot Charenton Meuniers;;;;;;;;;
;817;rue;du;Trou Punais;RUE DU TROU PUNAIS;rue du Trou Punais;;;;;;;;;;;;;;;;Actuellement rue des Canettes.;;;;;;;;;
;866;rue;des;Trois Bouteilles;RUE DES TROIS BOUTEILLES;rue des Trois Bouteilles;;;;;;;;;;;;;;;;Voir : Teinturiers (rue des).;;;;;;;;;
;871;rue;;Trippelet;RUE TRIPPELET;rue Trippelet;;;;;;;;;;;;;;;;Voir : Triperet (rue).;;;;;;;;;
;888;rue;du;Triouer;RUE DU TRIOUER;rue du Triouer;;;;;;;;;;;;;;;;Ou Trioir. Actuellement partie de la rue Saint-Honoré.;;;;;;;;;
;641;rue;;Verseille;RUE VERSEILLE;rue Verseille;;;;;;;;;;;;;;;;Voir : Fresnel (rue).;;;;;;;;;
;673;rue;de;Vendôme;RUE DE VENDOME;rue de Vendôme;03e;;1864-08-24;;Enfants-Rouges;;;;;;;;;;;Dénommée rue Béranger par décret impérial du 24 août 1864.;;;;;;;;;
19;697;passage;;Vaucouleurs;PASSAGE VAUCOULEURS;passage Vaucouleurs;11e;1873-11-10;1903-12-31;;Folie-Méricourt;;;;;;;;;;;Actuellement rue de Vaucouleurs.;Arrêté préfectoral du 10 novembre 1873. Précédemment passage des Trois Couronnes.;;;;;;;;
;730;quai;de la;Vallée;QUAI DE LA VALLEE;quai de la Vallée;;;;;;;;;;;;;;;;Actuellement quai des Grands Augustins.;;;;;;;;;
;1229;chemin;devers;Seine;CHEMIN DEVERS SEINE;chemin devers Seine;;;;;;;;;;;;;;;;Actuellement rue Cuvier.;;;;;;;;;
;1021;place;de;Thionville;PLACE DE THIONVILLE;place de Thionville;;;;;;;;;;;;;;;;Actuellement place Dauphine et rue Henri Robert.;;;;;;;;;
;1094;rue;des;Teigneux;RUE DES TEIGNEUX;rue des Teigneux;;;;;;;;;;;;;;;;Actuellement rue de la Chaise.;;;;;;;;;
;1157;passage;de la;Sorbonne;PASSAGE DE LA SORBONNE;passage de la Sorbonne;;;;;;;;;;;;;;;;Supprimé. par l'ouverture de la rue des Ecoles. Il commençait pas. Saint-Benoît (Supprimé.) et finissait rue de la Sorbonne.;;;;;;;;;
;1543;rue;;Saint-Michel;RUE SAINT-MICHEL;rue Saint-Michel;;;;;;;;;;;;;;;;Voir : Calandre (rue de la).;;;;;;;;;
;1572;fausse porte;;Saint-Martin;FAUSSE PORTE SAINT-MARTIN;fausse porte Saint-Martin;;;;;;;;;;;;;;;;Elle était située rue du Faubourg Saint-Martin au droit de la rue du Château d'Eau.;;;;;;;;;
;1466;passage;;Saint-Séverin;PASSAGE SAINT-SEVERIN;passage Saint-Séverin;;;;;;;;;;;;;;;;Il n'en reste plus qu'un couloir débouchant dans la rue de la Parcheminerie et aboutissant à une cour, reste de l'ancien cloître.;;;;;;;;;
;1473;impasse;;Saint-Sabin;IMPASSE SAINT-SABIN;impasse Saint-Sabin;;;;;;;;;;;;;;;;Actuellement partie de la rue Sedaine.;;;;;;;;;
;1294;petite ruelle;;sans Chef;PETITE RUELLE SANS CHEF;petite ruelle sans Chef;;;;;;;;;;;;;;;;Voir : Fourcy (imp. de).;;;;;;;;;
;1301;rue;;Sancier;RUE SANCIER;rue Sancier;;;;;;;;;;;;;;;;Ou Sancée. Voir : Sancée (rue).;;;;;;;;;
;1583;cloître ou place;;Saint-Marcel;CLOITRE OU PLACE SAINT-MARCEL;cloître ou place Saint-Marcel;;;;;;;;;;;;;;;;Voir : Collégiale (place de la).;;;;;;;;;
;1587;porte;de;Saint-Mandé;PORTE DE SAINT-MANDE;porte de Saint-Mandé;12e;;;;Bel-Air;;;;;;;;;;;Supprimé. Etait située boul. Soult en prolongement de l'avenue de Saint-Mandé.;;;;;Porte de l'enceinte de Thiers.;;;;
;1611;passage;;Saint-Louis;PASSAGE SAINT-LOUIS;passage Saint-Louis;11e;;;;Roquette;;;;;;;;;;;Actuellement cour Saint-Louis.;;;;;;;;;
;1646;impasse;;Saint-Joseph;IMPASSE SAINT-JOSEPH;impasse Saint-Joseph;11e;;1877-02-01;;Folie-Méricourt;;;;;;;;;;;Dénommée impasse Questre par arrêté préfectoral du 1er février 1877.;;;;;;;;;
;1675;rue;;Saint-Jacques;RUE SAINT-JACQUES;rue Saint-Jacques;;;;;;;;;;;;;;;;Voir : Saint-Jacques la Boucherie (rue).;;;;;;;;;
;1682;cour;;Saint-Jacques;COUR SAINT-JACQUES;cour Saint-Jacques;;;;;;;;;;;;;;;;Actuellement cour Jacques Viguès.;;;;;;;;;
;8180;rue;;Barre du Bec;RUE BARRE DU BEC;rue Barre du Bec;04e;;1851-03-11;;Saint-Merri;;;;;;;;;;;Dénommée partie de la rue du Temple (entre la rue de la Verrerie et la rue Sainte-Croix de la Bretonnerie) par arrêté préfectoral du 11 mars 1851.;;;;;;;;;
;8190;passage;des;Barnabites;PASSAGE DES BARNABITES;passage des Barnabites;;;;;;;;;;;;;;;;Supprimé. Il était situé dans la Cité entre les églises Saint-Barthélemy et Saint-Pierre des Arcis.;;;;;;;;;
;8200;villa;;Bardinet;VILLA BARDINET;villa Bardinet;;;;;;;;;;;;;;;;Actuellement partie de la rue Bardinet.;;;;;;;;;
;7615;rue;des;Bouticles Près Saint-Leufroi;RUE DES BOUTICLES PRES SAINT-LEUFROI;rue des Bouticles Près Saint-Leufroi;;;;;;;;;;;;;;;;Voir : Descente de la Vallée de Misère (rue de la).;;;;;;;;;
;7623;rue;;Bout de Brye;RUE BOUT DE BRYE;rue Bout de Brye;;;;;;;;;;;;;;;;Actuellement rue Boutebrie.;;;;;;;;;
;6294;rue;de la;Descente de la Vallée de Misère;RUE DE LA DESCENTE DE LA VALLEE DE MISERE;rue de la Descente de la Vallée de Misère;;;;;;;;;;;;;;;;Supprimé. en 1813. Elle était située entre la Seine et le Grand Châtelet. En 1524, rue des Bouticles près Saint-Leufroi. En 1540, rue de la Tournée du Pont. En 1615, rue de la Vallée de Misère. En 1636, rue de la Descente de la Vallée de Misère. On la nommait autrefois rue Trop va qui dure, Qui trop va si dure, Qui m'y trouva si dure.;;;;;;;;;
;6939;rue;du;Chevalier Honoré;RUE DU CHEVALIER HONORE;rue du Chevalier Honoré;;;;;;;;;;;;;;;;Actuellement rue Honoré Chevalier.;;;;;;;;;
;6941;rue;du;Chevalier du Guet;RUE DU CHEVALIER DU GUET;rue du Chevalier du Guet;;;1855-12-31;;;;;;;;;;;;;Supprimée en 1852-1855 pour l'agrandissement des Halles Centrales. Elle commençait rue de la Vieille Harengerie (Supprimé.) et finissait rue des Lavandières. Elle aurait, jusqu'en 1300, été confondue avec la rue Perrin Gasselin. D'après le plan de Ducerceau, ces deux voies auraient aussi été appelées rue de la Serpente.;;;;;;;;;
;6970;chemin;;Vicinal de Clamart à la Barrière du Montparnasse;CHEMIN VICINAL DE CLAMART A LA BARRIERE DU MONTPARNASSE;chemin Vicinal de Clamart à la Barrière du Montparnasse;;;;;;;;;;;;;;;;Actuellement rue de la Gaîté.;;;;;;;;;
;4985;ruelle;;Hérivault;RUELLE HERIVAULT;ruelle Hérivault;;;;;;;;;;;;;;;;Actuellement av. Albert de Mun. Elle commençait quai des Bons Hommes (Actuellement av. de New York) et finissait rue des Batailles (Supprimé.).;;;;;;;;;
;4994;chemin;;Herbu;CHEMIN HERBU;chemin Herbu;;;;;;;;;;;;;;;;Actuellement rue du Regard.;;;;;;;;;
;6312;rue;;Denis Le Coffrier;RUE DENIS LE COFFRIER;rue Denis Le Coffrier;;;;;;;;;;;;;;;;Actuellement partie de la rue Tiquetonne.;;;;;;;;;
;7001;partie du;;Chemin de Grande Communication N° 36;PARTIE DU CHEMIN DE GRANDE COMMUNICATION N? 36;partie du Chemin de Grande Communication N° 36;;;;;;;;;;;;;;;;Actuellement rue de Noisy Le Sec.;;;;;;;;;
;7006;;;Chemin de Grande Communication N° 20;CHEMIN DE GRANDE COMMUNICATION N? 20;Chemin de Grande Communication N° 20;;;;;;;;;;;;;;;;Actuellement av. du Docteur Gley.;;;;;;;;;
;5007;rue;;Henri IV;RUE HENRI IV;rue Henri IV;;;;;;;;;;;;;;;;Actuellement partie de la rue des Francs Bourgeois.;;;;;Henri IV, roi de France (1553-1610);;;;
;5018;rue;;Héliot de Brie;RUE HELIOT DE BRIE;rue Héliot de Brie;;;;;;;;;;;;;;;;Supprimé. Elle existait au XIIIe siècle dans la rue de la Verrerie, entre les rues Saint-Bon et de la Poterie (Actuellement rue du Renard).;;;;;;;;;
;5019;ruelle;;Hélie Hannot;RUELLE HELIE HANNOT;ruelle Hélie Hannot;;;;;;;;;;;;;;;;Ou Hélie Annot. Voir : Hélie Annot (ruelle).;;;;;;;;;
;5029;cul-de-sac;de la;Heaumerie;CUL-DE-SAC DE LA HEAUMERIE;cul-de-sac de la Heaumerie;04e;;;;Saint-Merri;;;;;;;;;;;Supprimé. par l'ouverture de la rue de Rivoli. C'était anciennement l'imp. de la Lormerie. Elle était située rue des Ecrivains (Supprimée).;;;;;;;;;
20;7053;rue;;Chaudey;RUE CHAUDEY;rue Chaudey;12e;1936-02-03;;;Bercy;;;;;;;;;;;Supprimée. Elle était située av. de la Porte de Charenton.;Arrêté préfectoral du 3 février 1936;;;;;;;;
;5059;rue;;Haut Bertois;RUE HAUT BERTOIS;rue Haut Bertois;;;;;;;;;;;;;;;;Ou Hautbertois (rue d'). Actuellement partie de la rue Curial.;;;;;;;;;
;5072;impasse;de l';Harmonie;IMPASSE DE L'HARMONIE;impasse de l'Harmonie;;;;;;;;;;;;;;;;Actuellement rue de la Saïda.;;;;;;;;;
;5101;rue;;Guyot;RUE GUYOT;rue Guyot;;;;;;;;;;;;;;;;Actuellement partie de la rue de Miromesnil.;;;;;;;;;
;6445;ruelle;du;Crucifix;RUELLE DU CRUCIFIX;ruelle du Crucifix;;;;;;;;;;;;;;;;Voir : Crucifix (cul-de-sac du).;;;;;;;;;
;6450;rue;;Croulebarbe;RUE CROULEBARBE;rue Croulebarbe;;;;;;;;;;;;;;;;Actuellement partie de la rue Corvisart.;;;;;;;;;
;7119;rue;des;Charrettes;RUE DES CHARRETTES;rue des Charrettes;;;;;;;;;;;;;;;;Actuellement imp. Chartière.;;;;;;;;;
;5136;rue;;Guichard Le Blanc;RUE GUICHARD LE BLANC;rue Guichard Le Blanc;;;;;;;;;;;;;;;;Voir : Chat Blanc (cul-de-sac du).;;;;;;;;;
;5139;rue;;Guiart as Poitevins;RUE GUIART AS POITEVINS;rue Guiart as Poitevins;;;;;;;;;;;;;;;;Actuellement rue des Poitevins.;;;;;;;;;
;5804;porte;de;Fer;PORTE DE FER;porte de Fer;;;;;;;;;;;;;;;;Voir : Enfer (porte d').;;;;;;;;;
;5806;rue;de la;Fennerie;RUE DE LA FENNERIE;rue de la Fennerie;;;;;;;;;;;;;;;;Voir : Foin Saint-Jacques (rue du).;;;;;;;;;
;5182;passage ou impasse;de la;Grille;PASSAGE OU IMPASSE DE LA GRILLE;passage ou impasse de la Grille;;;;;;;;;;;;;;;;Supprimé. Absorbé par la rue Godot de Mauroy lors de son ouverture. Il allait de la rue Basse du Rempart (englobée dans le boul. de la Madeleine) à la rue des Mathurins.;;;;;;;;;
;5190;rue;des;Grésillons;RUE DES GRESILLONS;rue des Grésillons;;;;;;;;;;;;;;;;Actuellement rue de Laborde.;;;;;;;;;
;5817;rue;aux;Febvres;RUE AUX FEBVRES;rue aux Febvres;;;;;;;;;;;;;;;;Voir : Fèves (rue aux).;;;;;;;;;
;5834;rue;du;Faubourg Saint-Laurent;RUE DU FAUBOURG SAINT-LAURENT;rue du Faubourg Saint-Laurent;;;;;;;;;;;;;;;;Actuellement partie de la rue du Faubourg Saint-Martin.;;;;;;;;;
;5844;rue;;Faron;RUE FARON;rue Faron;;;;;;;;;;;;;;;;Ou Farou ou encore Farouls. Actuellement rues Férou et Henry de Jouvenel.;;;;;;;;;
;7219;rue;;Champvoirie;RUE CHAMPVOIRIE;rue Champvoirie;;;;;;;;;;;;;;;;Voir : Chanverrerie (rue de la).;;;;;;;;;
;5210;rue;;Greffière;RUE GREFFIERE;rue Greffière;;;;;;;;;;;;;;;;Ou Greffier. Voir : Greffier (rue).;;;;;;;;;
;5244;rue;de la;Grande Bretonnerie;RUE DE LA GRANDE BRETONNERIE;rue de la Grande Bretonnerie;;;;;;;;;;;;;;;;Actuellement rue Sainte-Croix de la Bretonnerie.;;;;;;;;;
;5886;ruelle;des;Étuves;RUELLE DES ETUVES;ruelle des Étuves;;;;;;;;;;;;;;;;Actuellement rue du Chat qui Pêche.;;;;;;;;;
;1751;cour;;Saint-Ferdinand;COUR SAINT-FERDINAND;cour Saint-Ferdinand;;;;;;;;;;;;;;;;Supprimé. Elle était située rue Saint-Ferdinand, 25.;;;;;;;;;
;1761;rue;;Saint-Étienne;RUE SAINT-ETIENNE;rue Saint-Étienne;;;;;;;;;;;;;;;;Actuellement partie de la rue Rataud.;;;;;;;;;
;1766;rue;;Saint-Éloi;RUE SAINT-ELOI;rue Saint-Éloi;04e;;;;Notre-Dame;;;;;;;;;;;Supprimée pour la construction de la caserne de la Cité. Elle était située entre la rue de la Calandre (supprimée) et celle de la Vieille Draperie. Vers 1280, Cavateria. En 1300, d'après Guillot, rue de la Chavaterie. En 1313, la Savaterie. En 1343 et 1367, la Caveterie, la Savaterie. Elle a aussi porté les noms de la Ganterie et de l'Etoile.;;;;;;;;;
;2014;porte;de;Roule;PORTE DE ROULE;porte de Roule;;;;;;;;;;;;;;;;Voir : Argencourt (porte d').;;;;;;;;;
;2198;rue;du;Rempart;RUE DU REMPART;rue du Rempart;;;;;;;;;;;;;;;;Voir : Saint-Nicaise (rue).;;;;;;;;;
;2061;impasse;du;Roi de Rome;IMPASSE DU ROI DE ROME;impasse du Roi de Rome;;;;;;;;;;;;;;;;Actuellement rue au Maire.;;;;;;;;;
;2099;rue;de;Riom;RUE DE RIOM;rue de Riom;;;;;;;;;;;;;;;;Actuellement rue de l'Orillon.;;;;;;;;;
;2105;rue;du;Ridrel;RUE DU RIDREL;rue du Ridrel;;;;;;;;;;;;;;;;Supprimée en 1937. Commençait rue de Genets (supprimée), finissait rue des Sables (supprimée).;;;;;;;;;
;2110;porte;de;Richelieu;PORTE DE RICHELIEU;porte de Richelieu;;;;;;;;;;;;;;;;Elle était située rue de Richelieu, près de la rue de la Bourse (enceinte de Louis XIII).;;;;;;;;;
;2125;ruelle;;Richard Arrode;RUELLE RICHARD ARRODE;ruelle Richard Arrode;;;;;;;;;;;;;;;;Supprimé. Elle existait encore en 1304. Elle a été comprise dans les bâtiments de l'église Saint-Jacques de la Boucherie.;;;;;;;;;
;2127;impasse;;Richard;IMPASSE RICHARD;impasse Richard;;;;;;;;;;;;;;;;Actuellement rue Tesson.;;;;;;;;;
;2129;cité;;Ribot;CITE RIBOT;cité Ribot;11e;;;;Folie-Méricourt;;240;3;;rue Oberkampf, 137.;rue Jean-Pierre Timbaud, 110;20;21;;;Supprimée en 1976. Elle commençait rue Oberkampf et finissait rue Jean-Pierre Timbaud.;;;;;M. Ribot, propriétaire;;;;
;2159;rue;de la;République;RUE DE LA REPUBLIQUE;rue de la République;;;;;;;;;;;;;;;;Actuellement rue Rambuteau.;;;;;;;;;
;1951;route;;Départementale N° 9;ROUTE DEPARTEMENTALE N? 9;route Départementale N° 9;;;;;;;;;;;;;;;;Actuellement av. Raymond Poincaré et de Malakoff.;;;;;;;;;
;1959;route;;Départementale N° 6;ROUTE DEPARTEMENTALE N? 6;route Départementale N° 6;;;;;;;;;;;;;;;;Actuellement partie de l'avenue de Wagram.;;;;;;;;;
;1963;route;;Départementale N° 51;ROUTE DEPARTEMENTALE N? 51;route Départementale N° 51;;;;;;;;;;;;;;;;Actuellement av. de Choisy.;;;;;;;;;
;2487;ruelle;des;Postes;RUELLE DES POSTES;ruelle des Postes;;;;;;;;;;;;;;;;Actuellement partie de la rue Alibert.;;;;;;;;;
;2254;rue;;Raoul Mucet;RUE RAOUL MUCET;rue Raoul Mucet;;;;;;;;;;;;;;;;Ou Raoul Menuicet. Voir : Raoul Menuicet (rue).;;;;;;;;;
;2256;rue;;Raoul Lavenier;RUE RAOUL LAVENIER;rue Raoul Lavenier;;;;;;;;;;;;;;;;Actuellement rue du Plat d'Etain.;;;;;;;;;
;2346;rue;du;Puits au Marais;RUE DU PUITS AU MARAIS;rue du Puits au Marais;04e;;1867-02-27;;Saint-Gervais;;;;;;;;;;;Dénommée rue Aubriot par décret impérial du 27 février 1867.;;;;;;;;;
;2398;rue ou ruelle;au;Prince;RUE OU RUELLE AU PRINCE;rue ou ruelle au Prince;;;;;;;;;;;;;;;;Voir : Paon (cul-de-sac ou imp. du).;;;;;;;;;
;2412;rue;des;Prêtres;RUE DES PRETRES;rue des Prêtres;;;;;;;;;;;;;;;;Voir : Férou (imp.).;;;;;;;;;
;2446;porte;;Poupeline;PORTE POUPELINE;porte Poupeline;;;;;;;;;;;;;;;;Sur les fossés qui environnaient le territoire de Saint-Marcel. Elle était située rue des Hauts Fossés Saint-Marcel (Actuellement rues Le Brun et des Fossés Saint-Marcel).;;;;;;;;;
;2621;porte;de la;Poissonnière;PORTE DE LA POISSONNIERE;porte de la Poissonnière;;;;;;;;;;;;;;;;Ou Poissonnerie ou encore Poissonniers (porte des). Voir : Poissonnerie (porte de la).;;;;;;;;;
;2636;rue;aux;Poirées;RUE AUX POIREES;rue aux Poirées;;;;;;;;;;;;;;;;Supprimée par la construction des Halles Centrales. Elle commençait rue de la Grande Friperie (Supprimé.) et finissait rue Traînée (Actuellement rue Rambuteau).;;;;;;;;;
;2767;ruelle;de;Picpusse;RUELLE DE PICPUSSE;ruelle de Picpusse;;;;;;;;;;;;;;;;Voir : Picquepusse (ruelle de).;;;;;;;;;
;2789;cité;;Philippe;CITE PHILIPPE;cité Philippe;;;;;;;;;;;;;;;;Supprimé. lors de l'ouverture de la rue Cavendish. Elle était située rue de Meaux.;;;;;;;;;
;2657;partie de l'impasse;;Plet;PARTIE DE L'IMPASSE PLET;partie de l'impasse Plet;;;;;;;;;;;;;;;;Supprimé. Englobée par le boul. Romain Rolland.;;;;;;;;;
;2672;port;au;Plâtre;PORT AU PLATRE;port au Plâtre;;;;;;;;;;;;;;;;Il était situé au droit de la rue des Charbonniers, laquelle descendait autrefois jusqu'à la Seine.;;;;;;;;;
;2694;rue;;Planche Mibray;RUE PLANCHE MIBRAY;rue Planche Mibray;;;1851-03-11;;;;;;;;;;;;;Dénommée partie de la rue Saint-Martin par arrêté préfectoral du 11 mars 1851.;;;;;;;;;
;2725;rue qui tend;du;Pilori à la Porte de Buci;RUE QUI TEND DU PILORI A LA PORTE DE BUCI;rue qui tend du Pilori à la Porte de Buci;;;;;;;;;;;;;;;;Actuellement rue de Buci.;;;;;;;;;
;2491;cité;;Postel;CITE POSTEL;cité Postel;;;;;;;;;;;;;;;;Supprimé. Elle était située rue de Montreuil, 110.;;;;;;;;;
;15431;pont;aux;Tripes;PONT AUX TRIPES;pont aux Tripes;;;;;;;;;;;;;;;;Pont sur la Bièvre qui était situé sur le parcours de la rue Mouffetard;;;;;;;;;
;618;place;des;Victoires Nationales;PLACE DES VICTOIRES NATIONALES;place des Victoires Nationales;;;;;;;;;;;;;;;;Actuellement place des Victoires.;;;;;;;;;
;619;rue;des;Victoires;RUE DES VICTOIRES;rue des Victoires;;;;;;;;;;;;;;;;Ou Victoires Nationales. Actuellement rue Notre-Dame des Victoires.;;;;;;;;;
;448;rue;de;Viracoublé;RUE DE VIRACOUBLE;rue de Viracoublé;;;;;;;;;;;;;;;;Actuellement rue des Canettes.;;;;;;;;;
;491;rue;;Villequeux;RUE VILLEQUEUX;rue Villequeux;;;;;;;;;;;;;;;;Actuellement rue Gît-le-Coeur.;;;;;;;;;
;501;passage;de la;Ville;PASSAGE DE LA VILLE;passage de la Ville;;;;;;;;;;;;;;;;Supprimé. en 1941. Commençait av. de la Porte d'Ivry et finissait av. de la Porte de Choisy.;;;;;;;;;
;505;rue;de la;Villa des Beaux-Arts;RUE DE LA VILLA DES BEAUX-ARTS;rue de la Villa des Beaux-Arts;;;;;;;;;;;;;;;;Actuellement rue Hégésippe Moreau.;;;;;;;;;
;550;rue;des;Vieilles Tuileries;RUE DES VIEILLES TUILERIES;rue des Vieilles Tuileries;;;;;;;;;;;;;;;;Actuellement rue Saint-Jean-Baptiste de La Salle.;;;;;;;;;
;564;rue;de la;Vieille Plâtrière;RUE DE LA VIEILLE PLATRIERE;rue de la Vieille Plâtrière;;;;;;;;;;;;;;;;Actuellement partie de la rue Serpente.;;;;;;;;;
;565;rue;de la;Vieille Plâtrière;RUE DE LA VIEILLE PLATRIERE;rue de la Vieille Plâtrière;;;;;;;;;;;;;;;;Actuellement partie de la rue Hautefeuille.;;;;;;;;;
;573;rue;de la;Vieille Monnaie;RUE DE LA VIEILLE MONNAIE;rue de la Vieille Monnaie;;;;;;;;;;;;;;;;Supprimée par l'ouverture du boulevard de Sébastopol. Elle allait de la rue des Ecrivains à la rue des Lombards. Dès 1243, rue de la Vieille Monnaie. En 1636, rue Passementière.;;;;;;;;;
;921;petite rue;;Traverse;PETITE RUE TRAVERSE;petite rue Traverse;;;;;;;;;;;;;;;;Actuellement rue d'Olivet.;;;;;;;;;
;7305;passage;;César;PASSAGE CESAR;passage César;;;;;;;;;;;;;;;;Supprimé. par l'ouverture du boul. de la Tour-Maubourg.;;;;;;;;;
;7311;sente;des;Cerisiers;SENTE DES CERISIERS;sente des Cerisiers;;;;;;;;;;;;;;;;Supprimé. Elle débouchait rue de la Butte du Chapeau (Supprimé.).;;;;;;;;;
;7994;rue;;Beaurepaire;RUE BEAUREPAIRE;rue Beaurepaire;;;;;;;;;;;;;;;;Voir : Neuve de Richelieu (rue).;;;;;;;;;
;8604;rue;de l';Allemandier;RUE DE L'ALLEMANDIER;rue de l'Allemandier;;;;;;;;;;;;;;;;Actuellement rue Laplace.;;;;;;;;;
;7361;rue;;Catinat;RUE CATINAT;rue Catinat;;;;;;;;;;;;;;;;Actuellement rue de la Sorbonne.;;;;;;;;;
;7374;rue;;Caspienne;RUE CASPIENNE;rue Caspienne;;;;;;;;;;;;;;;;Supprimé. Etait située rue du Volga.;;;;;;;;;
;8058;rue;de la;Baudrerie;RUE DE LA BAUDRERIE;rue de la Baudrerie;;;;;;;;;;;;;;;;Actuellement partie de la rue Brisemiche.;;;;;;;;;
;8068;ruelle;;Baudin;RUELLE BAUDIN;ruelle Baudin;;;;;;;;;;;;;;;;Actuellement rue de la Tour des Dames.;;;;;;;;;
;8726;rue;de l';Abreuvoir Marion;RUE DE L'ABREUVOIR MARION;rue de l'Abreuvoir Marion;;;;;;;;;;;;;;;;Actuellement partie de la rue des Bourdonnais.;;;;;;;;;
;7423;rue;des;Capucins;RUE DES CAPUCINS;rue des Capucins;;;;;;;;;;;;;;;;Supprimé. Elle était située rue Saint-Honoré, entre les couvents des Capucins et des Feuillants.;;;;;;;;;
;8115;chemin de ronde;des;Bassins;CHEMIN DE RONDE DES BASSINS;chemin de ronde des Bassins;;;;;;;;;;;;;;;;Actuellement partie de l'avenue Kléber.;;;;;;;;;
;8134;rue;de la;Basennerie;RUE DE LA BASENNERIE;rue de la Basennerie;;;;;;;;;;;;;;;;Voir : Avignon (rue d').;;;;;;;;;
;8137;rue;du;Bas Popincourt;RUE DU BAS POPINCOURT;rue du Bas Popincourt;;;;;;;;;;;;;;;;Ou Bas Pincourt. Voir : Bas Pincourt (rue du).;;;;;;;;;
;7793;cul-de-sac;;Boeuf et Oue;CUL-DE-SAC BOEUF ET OUE;cul-de-sac Boeuf et Oue;;;;;;;;;;;;;;;;Actuellement imp. du Boeuf.;;;;;;;;;
20;8397;villa;des;Artisans;VILLA DES ARTISANS;villa des Artisans;12e;1960-09-28;;;Picpus;;;;;rue de Reuilly, 45.;;18;21;;;Supprimée en 1978. Etait située rue de Reuilly, 45. Précédemment voie T/12.;Décision préfectorale du 28 septembre 1960;;;;Nom donné par les propriétaires;;;;
;8400;place;de l';Arsenal;PLACE DE L'ARSENAL;place de l'Arsenal;04e;;;;Arsenal;;;;;;;;;;;Ou des Armes. Supprimée par la création de la rue de l'Orme (décret du 21 mars 1878). Elle était située à la rencontre des rues de l'Arsenal et de la Cerisaie. Elle avait anciennement porté le nom de cour des Ormes et antérieurement celui de cour du Salpêtre.;;;;;;;;;
;8401;cour;de l';Arsenal;COUR DE L'ARSENAL;cour de l'Arsenal;;;;;;;;;;;;;;;;Actuellement rue de Sully.;;;;;;;;;
;7849;passage;du;Billard;PASSAGE DU BILLARD;passage du Billard;;;;;;;;;;;;;;;;Supprimé. Il était situé dans l'île de la Cité et allait de la rue du Marché Neuf (Supprimé.) à la rue de la Calandre (Supprimé.).;;;;;;;;;
;8461;rue;de l';Araigne;RUE DE L'ARAIGNE;rue de l'Araigne;;;;;;;;;;;;;;;;Voir : Triperie (rue de la).;;;;;;;;;
;7864;rue;du;Biberon Robert;RUE DU BIBERON ROBERT;rue du Biberon Robert;;;;;;;;;;;;;;;;Actuellement rue Edouard Robert.;;;;;;;;;
;7891;rue;;Besson;RUE BESSON;rue Besson;12e;;;;Bercy;;;;;;;;;;;Supprimé. Elle était située dans les entrepôts de Bercy.;;;;;;;;;
;7918;galerie;;Bergère;GALERIE BERGERE;galerie Bergère;;;1927-12-31;;;;;;;;;;;;;Supprimée en 1927. Commençait rue Monthyon (Actuellement rue Mouton-Duvernet), finissait rue Geoffroy-Marie, 10.;;;;;;;;;
;8539;rue;;Andréine;RUE ANDREINE;rue Andréine;;;;;;;;;;;;;;;;Supprimé. par l'ouverture de l'av. du Bois de Boulogne (Actuellement av. Foch). Elle commençait route de Saint-Denis (Actuellement av. de Malakoff) et finissait av. Dauphine (Actuellement av. Bugeaud).;;;;;;;;;
;7240;partie de la rue;des;Champeaux;PARTIE DE LA RUE DES CHAMPEAUX;partie de la rue des Champeaux;;;;;;;;;;;;;;;;Supprimé. Commençait av. Ibsen, finissait rue des Champeaux à la limite du territoire de Bagnolet.;;;;;;;;;
;7265;place;du;Champ D'Albiac;PLACE DU CHAMP D'ALBIAC;place du Champ D'Albiac;;;;;;;;;;;;;;;;Supprimé. Elle était située au débouché de la rue de l'Epée de Bois sur la rue Gracieuse.;;;;;;;;;
;7266;cour;de;Chamonard;COUR DE CHAMONARD;cour de Chamonard;12e;;;;Bercy;;;;;;;;;;;Supprimée. Voie située dans les entrepôts de Bercy.;;;;;Entrepôt de M. Chamonard;;;;
;7277;villa;des;Chalets;VILLA DES CHALETS;villa des Chalets;;;;;;;;;;;;;;;;Supprimée. Commençait allée des Chalets (Supprimé.) finissait rue Lécuyer prolongée (Supprimé.).;;;;;;;;;
;7940;cité;;Bénard;CITE BENARD;cité Bénard;11e;;;;Sainte-Marguerite;;82;6;;rue de Montreuil, 119.;;10;11;;;Supprimée.;;;;;M. Bénard, propriétaire;;;;
;7309;boulevard;;Cerutti;BOULEVARD CERUTTI;boulevard Cerutti;;;;;;;;;;;;;;;;Actuellement boul. de la Madeleine, des Capucines et des Italiens.;;;;;;;;;
;7328;rue;;Centière;RUE CENTIERE;rue Centière;;;;;;;;;;;;;;;;Actuellement partie de la rue du Sentier.;;;;;;;;;
;7980;rue;de;Behaigne;RUE DE BEHAIGNE;rue de Behaigne;;;;;;;;;;;;;;;;Voir : Orléans Saint-Honoré (rue d').;;;;;;;;;
;7982;rue;des;Béguines;RUE DES BEGUINES;rue des Béguines;;;;;;;;;;;;;;;;Actuellement rue de l'Ave Maria.;;;;;;;;;
;8002;passage;;Beaulieu;PASSAGE BEAULIEU;passage Beaulieu;12e;;;;Picpus;;243;3,5;;rue de la Lancette, 31.;rue Claude Decaen, 85;10;23;;;Supprimé par l'aménagement de l'îlot en 1954. Précédemment passage de la Sablière.;;;;;M. Beaulieu, propriétaire du terrain sur lequel la voie a été ouverte.;;;;
;8014;cul-de-sac;;Beaudoin Prend Gaie;CUL-DE-SAC BEAUDOIN PREND GAIE;cul-de-sac Beaudoin Prend Gaie;;;;;;;;;;;;;;;;Ou Baudoin prend Gaige. Voir : Rollin prend Gage (cul-de-sac).;;;;;;;;;
;7338;rue;des;Célestins;RUE DES CELESTINS;rue des Célestins;;;;;;;;;;;;;;;;Actuellement rue du Petit Musc.;;;;;Couvent des Célestins fondé en 1352.;;;;
;7349;voie;;CA/12;VOIE CA/12;voie CA/12;12e;;1995-07-18;;Quinze-Vingts;;;;;;;;;;;Dénommée place Henri Frenay par arrêté municipal du 18 juillet 1995.;;;;;;;;;
;7356;rue;;Cavateria;RUE CAVATERIA;rue Cavateria;;;;;;;;;;;;;;;;Voir : Saint-Eloi (rue).;;;;;;;;;
;7369;rue ou ruelle;;Cassel;RUE OU RUELLE CASSEL;rue ou ruelle Cassel;;;;;;;;;;;;;;;;Voir : Beurrière (rue).;;;;;;;;;
;7370;rue;de;Cassel;RUE DE CASSEL;rue de Cassel;;;;;;;;;;;;;;;;Actuellement rue Cassette. Précédemment ruelle de Cassel, chemin de Poulignis, rue de Cassel, grant rue de Cassel.;;;;;;;;;
;8633;rue;;Alain de Dampierre;RUE ALAIN DE DAMPIERRE;rue Alain de Dampierre;;;;;;;;;;;;;;;;Actuellement partie de la rue des Lombards.;;;;;;;;;
;7394;chemin;des;Carrières;CHEMIN DES CARRIERES;chemin des Carrières;11e;;;;Roquette, Saint-Ambroise;;;;;;;;;;;Dénommé ainsi en 1627 (arpentage des biens des religieuses hospitalières de Saint-Gervais dans le Faubourg Saint-Antoine). Actuellement rue du Chemin Vert.;;;;;;;;;
;7421;ruelle;des;Capucins;RUELLE DES CAPUCINS;ruelle des Capucins;;;;;;;;;;;;;;;;Actuellement rue Méchain.;;;;;;;;;
;8066;rue;de la;Baudoierie;RUE DE LA BAUDOIERIE;rue de la Baudoierie;;;;;;;;;;;;;;;;Partie Supprimé. de la rue Simon Le Franc, entre les rues Brisemiche (tronçon Supprimé.) et Saint-Martin.;;;;;;;;;
;8075;ruelle;;Baudet;RUELLE BAUDET;ruelle Baudet;;;;;;;;;;;;;;;;Actuellement rue des Saussaies.;;;;;;;;;
;8082;place;;Baudea;PLACE BAUDEA;place Baudea;;;;;;;;;;;;;;;;Voir : Baudoyer (place).;;;;;;;;;
;8086;porte;;Baudais;PORTE BAUDAIS;porte Baudais;;;;;;;;;;;;;;;;Baudayer ou encore Baudeer. Voir : Baudoyer (porte).;;;;;;;;;
;7442;rue;;Campo Florido;RUE CAMPO FLORIDO;rue Campo Florido;;;;;;;;;;;;;;;;Voir : Bibliothèque (rue de la).;;;;;;;;;
;7457;passage;;Calba;PASSAGE CALBA;passage Calba;;;;;;;;;;;;;;;;Supprimé. en 1941. Commençait av. de la Porte d'Ivry, finissait av. de la Porte de Choisy.;;;;;;;;;
;8734;rue;d';Ablon;RUE D'ABLON;rue d'Ablon;;;;;;;;;;;;;;;;Actuellement rue Saint-Médard.;;;;;;;;;
;1703;carrefour;;Saint-Hippolyte;CARREFOUR SAINT-HIPPOLYTE;carrefour Saint-Hippolyte;;;;;;;;;;;;;;;;Supprimé par l'ouverture de l'avenue des Gobelins. Il était formé par la rencontre des rues Saint-Hippolyte, des Trois Couronnes (Supprimé.) et Pierre Assis (Supprimé.).;;;;;;;;;
;1714;rue;;Saint-Gervais;RUE SAINT-GERVAIS;rue Saint-Gervais;03e;;1868-04-02;;Archives;;;;;;;;;;;Dénommée partie de la rue de Thorigny (entre les rues des Coutures Saint-Gervais et Debelleyme) par arrêté préfectoral du 2 avril 1868;;;;;;;;;
;1744;rue;;Saint-François;RUE SAINT-FRANCOIS;rue Saint-François;03e;;;;Archives;;;;;;;;;;;Actuellement partie de la rue Debelleyme.;;;;;;;;;
;1752;impasse;;Saint-Faron;IMPASSE SAINT-FARON;impasse Saint-Faron;;;;;;;;;;;;;;;;Supprimée par l'ouverture de la rue de Rivoli. Elle était située rue de la Tixeranderie (supprimée). En 1300, impasse de l'Escullerie. En 1313, rue de la Violette, puis rue des Juifs et ruelle ou cul-de-sac Barentin.;;;;;;;;;
;1816;rue;;Saint-Charles;RUE SAINT-CHARLES;rue Saint-Charles;;;;;;;;;;;;;;;;Actuellement rue Guilleminot.;;;;;;;;;
;2024;pont;;Rouge;PONT ROUGE;pont Rouge;04e;;;;Notre-Dame;;;;;;;;;;;Supprimé et remplacé par le pont Saint-Louis.;;;;;;;;;
;2031;place;de la;Rotonde du Temple;PLACE DE LA ROTONDE DU TEMPLE;place de la Rotonde du Temple;03e;;1877-02-01;;Enfants-Rouges;;;;;;;;;;;Supprimée en partie par la reconstruction du marché du Temple. Elle était située entre les rues Dupetit-Thouars et Perrée. La partie restante a été dénommée partie de la rue de Picardie par arrêté préfetoral du 1er février 1877;;;;;;;;;
;2041;rue;des;Rosiers;RUE DES ROSIERS;rue des Rosiers;04e;;;;Saint-Gervais;;;;;;;;;;;Actuellement partie de la rue Ferdinand Duval.;;;;;;;;;
;2134;rue;de la;Révolution;RUE DE LA REVOLUTION;rue de la Révolution;;;;;;;;;;;;;;;;Actuellement rue Royale.;;;;;;;;;
;2144;place;de la;Réunion;PLACE DE LA REUNION;place de la Réunion;;;;;;;;;;;;;;;;Actuellement place du Carrousel.;;;;;;;;;
;2152;cité;de;Reuilly;CITE DE REUILLY;cité de Reuilly;;;;;;;;;;;;;;;;Actuellement rue de la Gare de Reuilly.;;;;;;;;;
;1867;rue;;Saint-André;RUE SAINT-ANDRE;rue Saint-André;;;;;;;;;;;;;;;;Ou Saint-Andrieu, Saint-André de Laas ou encore Saint-André des Arcs. Actuellement rue Saint-André des Arts.;;;;;;;;;
;1872;avenue;;Saint-André;AVENUE SAINT-ANDRE;avenue Saint-André;;;;;;;;;;;;;;;;Supprimé. vers 1867. Elle était située rue de l'Assomption.;;;;;;;;;
;1882;impasse;;Saille en Bien;IMPASSE SAILLE EN BIEN;impasse Saille en Bien;;;;;;;;;;;;;;;;Voir : Salientis (Vicus).;;;;;;;;;
;1948;route;;Nationale N° 10;ROUTE NATIONALE N? 10;route Nationale N° 10;;;;;;;;;;;;;;;;Devenue quai de Passy. Actuellement avenue de Versailles, avenue Edouard Vaillant et avenue du Président Kennedy.;;;;;;;;;
;1985;route;;Départementale N° 23;ROUTE DEPARTEMENTALE N? 23;route Départementale N° 23;;;;;;;;;;;;;;;;Actuellement rues de Bagnolet et Saint-Blaise.;;;;;;;;;
;4568;place;;Labat;PLACE LABAT;place Labat;;;;;;;;;;;;;;;;Supprimée par l'ouverture du boulevard Barbès. Elle était située sur le passage de ce boulevard à la hauteur des rues Labat et Simart.;;;;;;;;;
;4571;rue;;Laas;RUE LAAS;rue Laas;;;;;;;;;;;;;;;;Ou Lias. Voir : Poupée (rue).;;;;;;;;;
;4477;passage;;Leclère;PASSAGE LECLERE;passage Leclère;;;;;;;;;;;;;;;;Supprimé. par l'ouverture du boul. Voltaire. Commençait rue de Malte et finissait rue du Grand Prieuré.;;;;;;;;;
;4502;cul-de-sac;;Launay;CUL-DE-SAC LAUNAY;cul-de-sac Launay;;;;;;;;;;;;;;;;Actuellement imp. Delaunay.;;;;;;;;;
;4413;quai;de la;Liberté;QUAI DE LA LIBERTE;quai de la Liberté;;;;;;;;;;;;;;;;Actuellement quai de Béthune.;;;;;;;;;
;4427;impasse;;Levé;IMPASSE LEVE;impasse Levé;;;;;;;;;;;;;;;;Supprimé. Elle était située rue du Moulin des Prés, 2.;;;;;;;;;
;4542;rue;de;Lair;RUE DE LAIR;rue de Lair;;;;;;;;;;;;;;;;Actuellement rue Pierre Bayle et rue de Mont-Louis.;;;;;;;;;
;4526;ruelle;de la;Lancette;RUELLE DE LA LANCETTE;ruelle de la Lancette;;;;;;;;;;;;;;;;Supprimé. Elle commençait rue de Fécamp, finissait rue Nicolaï.;;;;;;;;;
;4527;rue;de la;Lamproie;RUE DE LA LAMPROIE;rue de la Lamproie;;;;;;;;;;;;;;;;Voir : Coquerelle (imp.).;;;;;;;;;
;4295;rue;;Macra Madiana;RUE MACRA MADIANA;rue Macra Madiana;;;;;;;;;;;;;;;;Voir : Pelleterie (rue de la).;;;;;;;;;
;4331;pont;du;Louvre;PONT DU LOUVRE;pont du Louvre;;;;;;;;;;;;;;;;Actuellement pont des Arts.;;;;;;;;;
;4337;rue;;Loustalot;RUE LOUSTALOT;rue Loustalot;;;;;;;;;;;;;;;;Actuellement partie des rues du Cardinal Lemoine et Thouin.;;;;;;;;;
;4350;rue;;Louis-Philippe Ier;RUE LOUIS-PHILIPPE IER;rue Louis-Philippe Ier;;;;;;;;;;;;;;;;Actuellement rue d'Alger.;;;;;;;;;
;4376;chemin de ronde;de;Longchamp;CHEMIN DE RONDE DE LONGCHAMP;chemin de ronde de Longchamp;;;;;;;;;;;;;;;;Actuellement partie de l'av. Kléber et de la place du Trocadéro et du 11 Novembre.;;;;;;;;;
;7651;rue;du;Bourc Tibout;RUE DU BOURC TIBOUT;rue du Bourc Tibout;;;;;;;;;;;;;;;;Voir : Bourg Thiébault (rue du).;;;;;;;;;
;7665;rue;de la;Bourbe;RUE DE LA BOURBE;rue de la Bourbe;;;;;;;;;;;;;;;;Voir : Port-Royal (rue de).;;;;;;;;;
;7677;rue;du;Boullaier;RUE DU BOULLAIER;rue du Boullaier;;;;;;;;;;;;;;;;Actuellement partie de la rue de Sèvres.;;;;;;;;;
;7693;rue;;Boudebrie;RUE BOUDEBRIE;rue Boudebrie;;;;;;;;;;;;;;;;Actuellement rue Boutebrie.;;;;;;;;;
;8300;rue;de l';Aveugle;RUE DE L'AVEUGLE;rue de l'Aveugle;;;;;;;;;;;;;;;;Ou Aveugles (rue des). Actuellement partie de la rue Saint-Sulpice.;;;;;;;;;
;8324;passage;d';Austerlitz;PASSAGE D'AUSTERLITZ;passage d'Austerlitz;;;;;;;;;;;;;;;;Actuellement rue d'Austerlitz.;;;;;;;;;
;7785;rue ou chemin;des;Boeufs;RUE OU CHEMIN DES BOEUFS;rue ou chemin des Boeufs;;;;;;;;;;;;;;;;Actuellement partie de la rue du Moulin Vert.;;;;;;;;;
;7805;rue;de la;Bloquerie;RUE DE LA BLOQUERIE;rue de la Bloquerie;;;;;;;;;;;;;;;;Actuellement partie Supprimé. de la rue de Venise.;;;;;;;;;
;8416;rue;de l';Armite;RUE DE L'ARMITE;rue de l'Armite;;;;;;;;;;;;;;;;Voir : Deux Ermites (rue des).;;;;;;;;;
;8430;barrière;d';Arcueil;BARRIERE D'ARCUEIL;barrière d'Arcueil;;;;;;;;;;;;;;;;"Supprimé. Elle était située boul. Saint-Jacques, en face de la rue du Faubourg Saint-Jacques ; elle avait aussi porté le nom de barrière de la Fosse aux Lions.";;;;;;;;;
;7847;cul-de-sac;des;Billettes;CUL-DE-SAC DES BILLETTES;cul-de-sac des Billettes;04e;;;;Saint-Merri;;;;;;;;;;;Actuellement partie du square Sainte-Croix de la Bretonnerie.;;;;;;;;;
;8439;rue;de l';Archet;RUE DE L'ARCHET;rue de l'Archet;;;;;;;;;;;;;;;;Voir : Teinturiers (rue des).;;;;;;;;;
;8441;sentier;des;Arches;SENTIER DES ARCHES;sentier des Arches;;;;;;;;;;;;;;;;Actuellement partie des rues Wilhem et Narcisse Diaz.;;;;;;;;;
;8467;rue;de l';Aqueduc;RUE DE L'AQUEDUC;rue de l'Aqueduc;;;;;;;;;;;;;;;;Actuellement partie de la rue de Douai.;;;;;;;;;
;7910;passage;des;Bernardins;PASSAGE DES BERNARDINS;passage des Bernardins;;;;;;;;;;;;;;;;Supprimé. Il commençait rue de Pontoise et finissait rue des Bernardins.;;;;;;;;;
;7925;barrière;de;Bercy;BARRIERE DE BERCY;barrière de Bercy;;;;;;;;;;;;;;;;Supprimé. Elle était située boul. de Bercy, à l'extrémité de la rue de Bercy. Aussi nommée barrière des Poules.;;;;;;;;;
;7252;;le;Champ des Capucins;LE CHAMP DES CAPUCINS;le Champ des Capucins;;;;;;;;;;;;;;;;Actuellement partie du boul. de Port-Royal. Il était situé entre les anciennes rues des Bourguignons et des Capucins (Supprimé.).;;;;;;;;;
;7253;rue;du;Champ des Bouchers;RUE DU CHAMP DES BOUCHERS;rue du Champ des Bouchers;;;;;;;;;;;;;;;;Ou Champ de la Boucherie. Voir : Champ de la Boucherie (rue du).;;;;;;;;;
;7259;ruelle;du;Champ de la Foire;RUELLE DU CHAMP DE LA FOIRE;ruelle du Champ de la Foire;;;;;;;;;;;;;;;;Actuellement rue de Tournon.;;;;;;;;;
;7281;cour;de;Châles;COUR DE CHALES;cour de Châles;;;;;;;;;;;;;;;;Voir : Corbes (pas.).;;;;;;;;;
;7972;rue;de;Bel Air;RUE DE BEL AIR;rue de Bel Air;;;;;;;;;;;;;;;;Ou Bel Ayr (chemin de). Actuellement partie de la rue de Vaugirard.;;;;;;;;;
;2241;boulevard;des;Rats;BOULEVARD DES RATS;boulevard des Rats;;;1851-05-10;;;;;;;;;;;;;Dénommé partie boulevard de Fontarabie par arrêté préfectoral du 10 mai 1851. Actuellement partie du boulevard de Ménilmontant.;;;;;;;;;
;2251;boulevard;de la;Rapée;BOULEVARD DE LA RAPEE;boulevard de la Rapée;12e;;1864-12-30;;Bercy;;;;;;;;;;;Dénommé partie du boulevard de Bercy par arrêté préfectoral du 30 décembre 1864.;;;;;;;;;
;2270;parvis;de la;Raison;PARVIS DE LA RAISON;parvis de la Raison;;;;;;;;;;;;;;;;Actuellement partie de la place du Parvis Notre-Dame.;;;;;;;;;
;2276;rue;de la;Radrerie;RUE DE LA RADRERIE;rue de la Radrerie;;;;;;;;;;;;;;;;Voir : Jean Pain Mollet (rue).;;;;;;;;;
;2282;rue;;Q;RUE Q;rue Q;;;;;;;;;;;;;;;;Actuellement partie du boulevard Ornano.;;;;;;;;;
;2368;rue;des;Provaires;RUE DES PROVAIRES;rue des Provaires;;;;;;;;;;;;;;;;Ou Prouvoires ou encore Prouvelle. Voir : Prouvelle (rue).;;;;;;;;;
;2420;rue;du;Pressoir du Bret;RUE DU PRESSOIR DU BRET;rue du Pressoir du Bret;;;;;;;;;;;;;;;;Actuellement rue Sauval.;;;;;;;;;
;2624;rue;de la;Poissonnerie;RUE DE LA POISSONNERIE;rue de la Poissonnerie;;;;;;;;;;;;;;;;Voir : Carneau (rue du).;;;;;;;;;
;2646;rue;du;Poil au Cul;RUE DU POIL AU CUL;rue du Poil au Cul;;;;;;;;;;;;;;;;Actuellement rue du Pélican.;;;;;;;;;
;2655;cité;;Plichon;CITE PLICHON;cité Plichon;11e;;;;Saint-Ambroise;;;;;;;;;;;Actuellement rue Plichon.;;;;;;;;;
;2685;rue;de la;Planchette;RUE DE LA PLANCHETTE;rue de la Planchette;;;;;;;;;;;;;;;;Actuellement partie de la rue de Charenton.;;;;;;;;;
;2707;rue;devant la;Place Saint-Denis;RUE DEVANT LA PLACE SAINT-DENIS;rue devant la Place Saint-Denis;;;;;;;;;;;;;;;;Actuellement rue de la Cité.;;;;;;;;;
;2738;rue;;Pierre Lombard;RUE PIERRE LOMBARD;rue Pierre Lombard;;;;;;;;;;;;;;;;Supprimée par l'ouverture du boulevard Saint-Marcel. Commençait place de la Collégiale (Supprimé.), finissait rue Mouffetard (tronçon Supprimé.).;;;;;;;;;
;2759;rue;;Pierre Agis;RUE PIERRE AGIS;rue Pierre Agis;;;;;;;;;;;;;;;;Ou Pierre Argile. Voir : Pierre Assis (rue).;;;;;;;;;
;2571;place;du;Pont Saint-Michel;PLACE DU PONT SAINT-MICHEL;place du Pont Saint-Michel;;;;;;;;;;;;;;;;Englobée dans la place Saint-Michel.;;;;;;;;;
;2576;passage;du;Pont Neuf;PASSAGE DU PONT NEUF;passage du Pont Neuf;;;;;;;;;;;;;;;;Supprimé par l'ouverture de la rue Jacques Callot. Il commençait rue Mazarine et finissait rue de Seine.;;;;;;;;;
19;2583;rue;du;Pont de la Réforme;RUE DU PONT DE LA REFORME;rue du Pont de la Réforme;04e;1848-01-01;1852-12-31;;Saint-Gervais;;;;;;;;;;;Actuellement partie de la rue du Pont Louis-Philippe.;;;;;;;;;
;2809;rue;des;Petits Champs;RUE DES PETITS CHAMPS;rue des Petits Champs;03e;;1864-08-24;;Sainte-Avoye;;;;;;;;;;;Dénommée rue Brantôme (supprimée) par décret impérial du 24 août 1864.;;;Dite aussi rue des Petits Champs Saint-Martin;;;;;;
;2858;;;Petit Pont;PETIT PONT;Petit Pont;;;;;;;;;;;;;;;;Actuellement pont Saint-Michel. A été nommé Petit Pont, Petit Pont Neuf puis pont Neuf.;;;;;;;;;
;2895;place;du;Petit Champ d'Albiac;PLACE DU PETIT CHAMP D'ALBIAC;place du Petit Champ d'Albiac;;;;;;;;;;;;;;;;Supprimé. Elle était située à l'extrémité de la rue de l'Epée de Bois sur la rue Gracieuse.;;;;;;;;;
;2942;rue;de;Périgueux;RUE DE PERIGUEUX;rue de Périgueux;03e;;1865-10-02;;Enfants-Rouges;;;;;;;;;;;Dénommée partie de la rue Debelleyme par décret impérial du 2 octobre 1865.;;;Dite aussi rue du Périgord;;;;;;
;2949;cul-de-sac;des;Pères de l'Oratoire;CUL-DE-SAC DES PERES DE L'ORATOIRE;cul-de-sac des Pères de l'Oratoire;;;;;;;;;;;;;;;;Actuellement rue de l'Oratoire.;;;;;;;;;
;3010;rue;;Pavée Goire;RUE PAVEE GOIRE;rue Pavée Goire;;;;;;;;;;;;;;;;Voir : Mûrier (rue du).;;;;;;;;;
;3208;rue;d';Orléans;RUE D'ORLEANS;rue d'Orléans;03e;;1851-03-11;;Archives;;;;;;;;;;;Dénommée partie de la rue Charlot par arrêté préfectoral du 11 mars 1851.;;;Dite aussi rue d'Orléans au Marais;;;;;;
;3279;rue;des;Oblayers;RUE DES OBLAYERS;rue des Oblayers;;;;;;;;;;;;;;;;Ou Oblayeurs ou encore Obléeurs. Voir : Licorne (rue de la).;;;;;;;;;
;3283;rue;;o'Lard;RUE O'LARD;rue o'Lard;;;;;;;;;;;;;;;;Supprimé. Elle était une partie de la rue Pierre au Lard.;;;;;;;;;
;3307;rue;;Nouvelle;RUE NOUVELLE;rue Nouvelle;11e;;;;Saint-Ambroise;;;;;;;;;;;Actuellement rue Saint-Hubert.;;;;;;;;;
;3322;rue ou vieille rue;;Notre-Dame;RUE OU VIEILLE RUE NOTRE-DAME;rue ou vieille rue Notre-Dame;;;;;;;;;;;;;;;;Actuellement rue Censier.;;;;;;;;;
;3168;rue;;Oteriche;RUE OTERICHE;rue Oteriche;;;;;;;;;;;;;;;;Voir : Autriche (rue d').;;;;;;;;;
;3440;rue;;Neuve Égalité;RUE NEUVE EGALITE;rue Neuve Égalité;;;;;;;;;;;;;;;;Actuellement partie de la rue d'Aboukir.;;;;;;;;;
;3490;rue;;Neuve de Ménilmontant;RUE NEUVE DE MENILMONTANT;rue Neuve de Ménilmontant;03e;;1864-08-24;;Enfants-Rouges;;;;;;;;;;;Dénommée rue Commines par décret impérial du 24 août 1864.;;;;;;;;;
19;3558;rue;;Neufchâteau;RUE NEUFCHATEAU;rue Neufchâteau;11e;1867-03-02;;;Roquette;;;;;;;;;;;Devenue rue François de Neufchâteau.;Décret du 2 mars 1867.;;;;Le comte Nicolas Louis François de Neufchâteau (1750-1828), homme d'Etat et littérateur.;;;;
;3587;avenue;de la;Nation;AVENUE DE LA NATION;avenue de la Nation;;;;;;;;;;;;;;;;Actuellement avenue de l'Opéra.;;;;;;;;;
;3589;porte;de;Narbonne;PORTE DE NARBONNE;porte de Narbonne;;;;;;;;;;;;;;;;Voir : Enfer (porte d').;;;;;;;;;
;3619;quai;du;Muséum;QUAI DU MUSEUM;quai du Muséum;;;;;;;;;;;;;;;;Actuellement quai du Louvre.;;;;;;;;;
;3837;rue;;Monconseil;RUE MONCONSEIL;rue Monconseil;;;;;;;;;;;;;;;;Actuellement rue Mauconseil.;;;;;;;;;
;3864;quai;;Mofils;QUAI MOFILS;quai Mofils;;;;;;;;;;;;;;;;Voir : Ormes (quai des).;;;;;;;;;
;3766;cul-de-sac;du;Montparnasse;CUL-DE-SAC DU MONTPARNASSE;cul-de-sac du Montparnasse;;;;;;;;;;;;;;;;Nom ancien d'une imp. située 75, boul. du Montparnasse.;;;;;;;;;
;3818;rue;;Mont Louis;RUE MONT LOUIS;rue Mont Louis;11e;;;;Roquette;;;;;;;;;;;Devenue rue de Mont-Louis.;;;;;;;;;
;4279;partie de la cité;de;Magenta;PARTIE DE LA CITE DE MAGENTA;partie de la cité de Magenta;;;;;;;;;;;;;;;;Actuellement cité Hittorf pour partie, le reste à été absorbé par la rue Hittorf. Précédemment cité Grange.;;;;;;;;;
;4019;rue;de la;Mauricaute;RUE DE LA MAURICAUTE;rue de la Mauricaute;;;;;;;;;;;;;;;;Ou Folie Marcaut, Folie Mauricaut, Mauricourt ou encore Moricourt. Voir : Folie Marcaut (rue de la).;;;;;;;;;
;4026;rue;;Maudétour;RUE MAUDETOUR;rue Maudétour;;;;;;;;;;;;;;;;Ou Maudestour. Actuellement rue Mondétour.;;;;;;;;;
;4045;partie de l'impasse;;Masson-Plet;PARTIE DE L'IMPASSE MASSON-PLET;partie de l'impasse Masson-Plet;;;;;;;;;;;;;;;;Supprimé. en 1941. Etait située av. du Parc des Expositions (Supprimé.).;;;;;;;;;
;4096;rue;des;Marionnettes;RUE DES MARIONNETTES;rue des Marionnettes;;;;;;;;;;;;;;;;Actuellement rue des Marmousets.;;;;;;;;;
;4130;rue;du;Marché Palu;RUE DU MARCHE PALU;rue du Marché Palu;;;;;;;;;;;;;;;;Voir : Calandre (rue de la).;;;;;;;;;
;4194;impasse;des;Marais;IMPASSE DES MARAIS;impasse des Marais;;;;;;;;;;;;;;;;Actuellement impasse Dupuy.;;;;;;;;;
;818;cul-de-sac;du;Trou Punais;CUL-DE-SAC DU TROU PUNAIS;cul-de-sac du Trou Punais;;;;;;;;;;;;;;;;Ou Trou Punets. Voir : Gloriette (cul-de-sac).;;;;;;;;;
;838;rue;des;Trois Poissons;RUE DES TROIS POISSONS;rue des Trois Poissons;;;;;;;;;;;;;;;;Voir : Levrette (rue de la).;;;;;;;;;
;903;chemin;des;Treilles;CHEMIN DES TREILLES;chemin des Treilles;;;;;;;;;;;;;;;;Actuellement rue de l'Université.;;;;;;;;;
;904;chemin;des;Treilles;CHEMIN DES TREILLES;chemin des Treilles;;;;;;;;;;;;;;;;Actuellement partie de la rue Jean Nicot.;;;;;;;;;
;683;rue;de;Vaulgirard;RUE DE VAULGIRARD;rue de Vaulgirard;;;;;;;;;;;;;;;;Actuellement partie de la rue de Vaugirard.;;;;;;;;;
;703;rue;de la;Varenne;RUE DE LA VARENNE;rue de la Varenne;;;;;;;;;;;;;;;;Actuellement rue de Varenne.;;;;;;;;;
;719;passage;de;Valois;PASSAGE DE VALOIS;passage de Valois;;;;;;;;;;;;;;;;Actuellement rue de Valois.;;;;;;;;;
;1215;rue;de la;Semelle;RUE DE LA SEMELLE;rue de la Semelle;;;;;;;;;;;;;;;;Actuellement rue Mignon.;;;;;;;;;
;988;rue;des;Toilières;RUE DES TOILIERES;rue des Toilières;;;;;;;;;;;;;;;;Ou Toilerie. Voir : Toilerie (rue de la).;;;;;;;;;
;1032;rue;;Thibault Ausdet;RUE THIBAULT AUSDET;rue Thibault Ausdet;;;;;;;;;;;;;;;;Actuellement partie de la rue des Bourdonnais.;;;;;;;;;
;1092;rue;des;Teinturiers;RUE DES TEINTURIERS;rue des Teinturiers;04e;;;;Saint-Merri;;;;;;;;;;;"Supprimée par l'ouverture de l'avenue Victoria. Elle débouchait d'un côté rue de la Vannerie (supprimée) et aboutissait de l'autre à la rivière en passant sous une arcade pratiquée sous le quai, ce qui lui a valu le nom de rue de l'Archet ; plus tard on l'a nommée rue du Navet, puis rue des Trois Bouteilles.";;;;;;;;;
;1183;rue;du;Siège aux Déchargeurs;RUE DU SIEGE AUX DECHARGEURS;rue du Siège aux Déchargeurs;;;;;;;;;;;;;;;;Actuellement rue des Déchargeurs.;;;;;;;;;
;1375;ruelle;;Sainte-Geneviève;RUELLE SAINTE-GENEVIEVE;ruelle Sainte-Geneviève;;;;;;;;;;;;;;;;Actuellement rue Edouard Lockroy.;;;;;;;;;
;1404;cul-de-sac;;Sainte-Croix;CUL-DE-SAC SAINTE-CROIX;cul-de-sac Sainte-Croix;;;;;;;;;;;;;;;;Actuellement partie du square Sainte-Croix de la Bretonnerie.;;;;;;;;;
;1511;rue;;Saint-Paxent;RUE SAINT-PAXENT;rue Saint-Paxent;;;;;;;;;;;;;;;;Supprimée par l'ouverture de la rue de Turbigo. Elle allait de la rue Bailly à la rue Conté. La rue Saint-Maur-Saint-Martin située entre la rue Royale (actuellement rue Réaumur) et la rue Conté, lui avait été réunie en 1851.;;;;;;;;;
;1517;quai;;Saint-Paul;QUAI SAINT-PAUL;quai Saint-Paul;04e;;1868-04-02;;Arsenal;;;;;;;;;;;Dénommé partie du quai des Célestins par arrêté préfectoral du 2 avril 1868.;;;;;;;;;
;1289;passage;des;Sans Culottes;PASSAGE DES SANS CULOTTES;passage des Sans Culottes;;;;;;;;;;;;;;;;Actuellement pas. Molière.;;;;;;;;;
;1292;ruelle;;sans Chef;RUELLE SANS CHEF;ruelle sans Chef;;;;;;;;;;;;;;;;Actuellement rue de Fourcy.;;;;;;;;;
;1322;place;;Sainte-Pélagie;PLACE SAINTE-PELAGIE;place Sainte-Pélagie;;;;;;;;;;;;;;;;Actuellement place du Puits de l'Ermite.;;;;;;;;;
;1328;ruelle;;Sainte-Marine;RUELLE SAINTE-MARINE;ruelle Sainte-Marine;;;;;;;;;;;;;;;;Voir : Sainte-Marine (imp.).;;;;;;;;;
;1362;place;;Sainte-Marguerite Saint-Antoine;PLACE SAINTE-MARGUERITE SAINT-ANTOINE;place Sainte-Marguerite Saint-Antoine;11e;;;;Sainte-Marguerite;;;;;;;;;;;Petite place demi-circulaire située rue Saint-Bernard, en face de l'église Sainte-Marguerite.;;;;;;;;;
;1830;quai et port;;Saint-Bernard;QUAI ET PORT SAINT-BERNARD;quai et port Saint-Bernard;;;;;;;;;;;;;;;;Actuellement partie du quai de la Tournelle.;;;;;;;;;
;1854;chaussée;;Saint-Antoine;CHAUSSEE SAINT-ANTOINE;chaussée Saint-Antoine;;;;;;;;;;;;;;;;Actuellement rue du Faubourg Saint-Antoine.;;;;;;;;;
;1588;chemin de ronde;de;Saint-Mandé;CHEMIN DE RONDE DE SAINT-MANDE;chemin de ronde de Saint-Mandé;12e;;1864-12-30;;Picpus;;;;;;;;;;;Dénommé partie du boulevard de Picpus par arrêté préfectoral du 30 décembre 1864.;;;;;;;;;
;1595;rue;;Saint-Louis au Marais;RUE SAINT-LOUIS AU MARAIS;rue Saint-Louis au Marais;03e;;;;Archives, Enfants-Rouges;;;;;;;;;;;Actuellement partie de la rue de Turenne.;;;Dite aussi rue Saint-Louis;;;;;;
;1614;nouvelle rue;;Saint-Louis;NOUVELLE RUE SAINT-LOUIS;nouvelle rue Saint-Louis;;;;;;;;;;;;;;;;Actuellement partie de la rue Saint-Honoré.;;;;;;;;;
;1683;cour;;Saint-Jacques;COUR SAINT-JACQUES;cour Saint-Jacques;11e;;;;Roquette;;27;6;;passage Louis-Philippe, 8.;;;;;;Supprimée par la reconstruction après 1972.;;;;;;;;;
;1758;rue;;Saint-Étienne à la Ville Neuve;RUE SAINT-ETIENNE A LA VILLE NEUVE;rue Saint-Étienne à la Ville Neuve;;;;;;;;;;;;;;;;Actuellement rue de la Ville Neuve.;;;;;;;;;
;1764;rue;du;Saint-Esprit;RUE DU SAINT-ESPRIT;rue du Saint-Esprit;;;;;;;;;;;;;;;;Voir : Vieilles Garnisons (rue des).;;;;;;;;;
;1775;rue;;Saint-Denis de la Chartre;RUE SAINT-DENIS DE LA CHARTRE;rue Saint-Denis de la Chartre;;;;;;;;;;;;;;;;Voir : Haut Moulin en la Cité (rue du).;;;;;;;;;
;1777;ruelle;;Saint-Denis;RUELLE SAINT-DENIS;ruelle Saint-Denis;;;;;;;;;;;;;;;;Actuellement rue Saint-Laurent.;;;;;;;;;
;1785;fausse porte;;Saint-Denis;FAUSSE PORTE SAINT-DENIS;fausse porte Saint-Denis;;;;;;;;;;;;;;;;Etait située rue du Faubourg Saint-Denis au droit de la rue du Château d'Eau.;;;;;;;;;
;1805;impasse;;Saint-Claude;IMPASSE SAINT-CLAUDE;impasse Saint-Claude;;;;;;;;;;;;;;;;Ou Saint-Claude-Saint-Antoine. Supprimé. au commencement du XIXe siècle. Il débouchait rue de Bercy et prolongeait la rue Moreau (tronçon Supprimé.). Il a été absorbé par la rue Saint-Claude (Actuellement av. Ledru-Rollin).;;;;;;;;;
;2013;rue;de la;Roulette;RUE DE LA ROULETTE;rue de la Roulette;;;;;;;;;;;;;;;;Actuellement partie de la rue Oberkampf.;;;;;;;;;
;2078;rue;;Robine;RUE ROBINE;rue Robine;;;;;;;;;;;;;;;;Supprimé. Elle commençait rue Brillat-Savarin et finissait rue de l'Amiral Mouchez.;;;;;;;;;
;2112;rue;de;Richebourg;RUE DE RICHEBOURG;rue de Richebourg;;;;;;;;;;;;;;;;Actuellement partie de la rue Léon Frot.;;;;;;;;;
;2116;rue;;Richebourg;RUE RICHEBOURG;rue Richebourg;;;;;;;;;;;;;;;;Actuellement partie de la rue du Fer à Moulin.;;;;;;;;;
;2132;rue;;Révolutionnaire;RUE REVOLUTIONNAIRE;rue Révolutionnaire;;;;;;;;;;;;;;;;Actuellement rue Princesse.;;;;;;;;;
;2143;rue;de la;Réunion;RUE DE LA REUNION;rue de la Réunion;;;;;;;;;;;;;;;;Actuellement partie de la rue de Montmorency.;;;;;;;;;
;2154;barrière;de;Reuilly;BARRIERE DE REUILLY;barrière de Reuilly;12e;;;;Picpus;;;;;;;;;;;Supprimé. Elle était située sur le boul. de Reuilly au droit de la rue de Reuilly.;;;;;Barrière d'octroi de l'enceinte des Fermiers généraux.;;;;
;1902;voie;;R/12;VOIE R/12;voie R/12;12e;;1978-08-30;;Bel-Air;;;;;;;;;;;Dénommée rue Bernard Lecache par arrêté municipal du 30 août 1978.;;;;;;;;;
;1921;rue;;Royale;RUE ROYALE;rue Royale;;;;;;;;;;;;;;;;Actuellement rue de Richelieu.;;;;;;;;;
;1922;rue;;Royale;RUE ROYALE;rue Royale;;;;;;;;;;;;;;;;Devenue rue de la Nation. Actuellement rue de Sofia.;;;Dite aussi grande rue Royale;;;;;;
;1925;rue;;Royale;RUE ROYALE;rue Royale;;;;;;;;;;;;;;;;Précédemment rue Neuve de Richelieu. Actuellement rue des Moulins.;;;;;;;;;
;1938;route;;Nationale N° 5;ROUTE NATIONALE N? 5;route Nationale N° 5;;;;;;;;;;;;;;;;Actuellement partie de la rue de Charenton et partie de l'av. de la Porte de Charenton.;;;;;;;;;
;1976;route;;Départementale N° 29;ROUTE DEPARTEMENTALE N? 29;route Départementale N° 29;;;;;;;;;;;;;;;;Actuellement rue Gros et partie des rues La Fontaine et d'Auteuil.;;;;;;;;;
;5128;rue;;Guignoreille;RUE GUIGNOREILLE;rue Guignoreille;;;;;;;;;;;;;;;;Actuellement rue de la Coutellerie.;;;;;;;;;
;5144;rue;des;Guézaux;RUE DES GUEZAUX;rue des Guézaux;;;;;;;;;;;;;;;;Supprimé. Commençait rue de Longchamp et finissait rue Vineuse.;;;;;;;;;
;6466;place;de la;Croix du Tiroir;PLACE DE LA CROIX DU TIROIR;place de la Croix du Tiroir;;;;;;;;;;;;;;;;Supprimé. Elle était située à la rencontre des rues de l'Arbre Sec et Saint-Honoré.;;;;;;;;;
;6486;chemin;de la;Croix;CHEMIN DE LA CROIX;chemin de la Croix;;;;;;;;;;;;;;;;Supprimé. Etait situé boul. de Douaumont.;;;;;;;;;
;6505;rue;de la;Couture Sainte-Catherine;RUE DE LA COUTURE SAINTE-CATHERINE;rue de la Couture Sainte-Catherine;03e, 04e;;;;Archives, Saint-Gervais;;;;;;;;;;;Devenue rue de Sévigné. Actuellement rue Elzévir et rue Madame de Sévigné.;;;;;;;;;
;7177;rue;;Charauri;RUE CHARAURI;rue Charauri;;;;;;;;;;;;;;;;Voir : Perpignan (rue de).;;;;;;;;;
;5188;cité;;Greuse;CITE GREUSE;cité Greuse;;;;;;;;;;;;;;;;Supprimé. vers 1889. Elle était située rue Greuze, 20.;;;;;;;;;
;5192;rue;;Grenouillière;RUE GRENOUILLIERE;rue Grenouillière;;;;;;;;;;;;;;;;Ou Grenouiller. Voir : Grenouiller (rue).;;;;;;;;;
;5193;quai;de la;Grenouillière;QUAI DE LA GRENOUILLIERE;quai de la Grenouillière;;;;;;;;;;;;;;;;Actuellement quais d'Orsay et Anatole France.;;;;;;;;;
;5836;;;Faubourg Saint-Honoré;FAUBOURG SAINT-HONORE;Faubourg Saint-Honoré;;;;;;;;;;;;;;;;Actuellement partie de la rue du Faubourg Saint-Honoré.;;;;;;;;;
;6525;rue;de la;Couronne;RUE DE LA COURONNE;rue de la Couronne;;;;;;;;;;;;;;;;Actuellement partie de la rue d'Arcole.;;;;;;;;;
;6526;chemin;de la;Couronne;CHEMIN DE LA COURONNE;chemin de la Couronne;;;;;;;;;;;;;;;;Supprimé. Il allait de la rue de Courcelles au chemin des Clos (Supprimé.).;;;;;;;;;
;6578;impasse;de la;Côte d'Or;IMPASSE DE LA COTE D'OR;impasse de la Côte d'Or;;;;;;;;;;;;;;;;Voir : Gilles (cour) (Entrepôts de Bercy).;;;;;;;;;
;6582;rue;;Corroier;RUE CORROIER;rue Corroier;;;;;;;;;;;;;;;;Actuellement partie supprimée de la rue de Venise.;;;;;;;;;
;6589;rue;des;Cordouagners;RUE DES CORDOUAGNERS;rue des Cordouagners;;;;;;;;;;;;;;;;Voir : Barthélemy (cul-de-sac).;;;;;;;;;
;6600;rue;des;Corderies;RUE DES CORDERIES;rue des Corderies;;;;;;;;;;;;;;;;Actuellement rue Sainte-Foy.;;;;;;;;;
;5261;rue;du;Grand Chantier;RUE DU GRAND CHANTIER;rue du Grand Chantier;03e;;1874-06-25;;Archives, Sainte-Avoye;;;;;;;;;;;Dénommée partie de la rue des Archives par arrêté préfectoral du 25 juin 1874, entre les rues des Haudriettes et Pastourelle. Elle faisait partie de la rue Neuve-du-Temple ou rue du Chantier du Temple. A l'origine, elle allait jusqu'à la rue Portefoin. Elle fut découpée en rue du Grand Chantier et rue des Enfants Rouges.;;;;;;;;;
;5926;rue;;Espaulart;RUE ESPAULART;rue Espaulart;;;;;;;;;;;;;;;;Actuellement partie de la rue Pierre au Lard.;;;;;;;;;
;5941;rue;des;Escarcuissons;RUE DES ESCARCUISSONS;rue des Escarcuissons;;;;;;;;;;;;;;;;Voir : Cargaisons (rue des).;;;;;;;;;
;6605;rue;de la;Corderie du Temple;RUE DE LA CORDERIE DU TEMPLE;rue de la Corderie du Temple;;;;;;;;;;;;;;;;Actuellement partie de la rue de Bretagne entre les rues de Beauce et du Temple.;;;;;;;;;
;4638;rue;de la;Juisvie;RUE DE LA JUISVIE;rue de la Juisvie;;;;;;;;;;;;;;;;Voir : Juiverie (rue de la).;;;;;;;;;
;4641;rue;des;Juifs;RUE DES JUIFS;rue des Juifs;;;;;;;;;;;;;;;;Devenue impasse Saint-Faron (supprimée par l'ouverture de la rue de Rivoli). Elle était située rue de la Tixeranderie (supprimée). En 1300, impasse de l'Escullerie. En 1313, rue de la Violette, puis rue des Juifs et ruelle ou cul-de-sac Barentin.;;;;;;;;;
;4642;rue;des;Juifs;RUE DES JUIFS;rue des Juifs;04e;;1900-12-07;;Saint-Gervais;;;;;;;;;;;Dénommée rue Ferdinand Duval par arrêté préfectoral du 7 décembre 1900 approuvé par décret du 6 janvier 1901.;;;;;;;;;
;4651;rue;de la;Joyeuse;RUE DE LA JOYEUSE;rue de la Joyeuse;;;;;;;;;;;;;;;;Actuellement rue Watt.;;;;;;;;;
;5306;place;;Gloriette;PLACE GLORIETTE;place Gloriette;;;;;;;;;;;;;;;;Actuellement place du Petit Pont.;;;;;;;;;
;5308;ruelle;;Glatigny;RUELLE GLATIGNY;ruelle Glatigny;;;;;;;;;;;;;;;;Elle était parallèle à la Seine. Commençait rue Saint-Landry et finissait rue Glatigny. Elle avait été absorbée par la rue Basses des Ursins (Supprimé.).;;;;;;;;;
;5310;rue;;Glateingni;RUE GLATEINGNI;rue Glateingni;;;;;;;;;;;;;;;;Voir : Glatigny (rue).;;;;;;;;;
;5973;rue;des;Entrepôts;RUE DES ENTREPOTS;rue des Entrepôts;;;;;;;;;;;;;;;;Supprimée lors de l'aménagement de la zone. Commençait rue des Entrepôts à la limite du territoire de Saint-Ouen, finissait av. de la Porte de Clignancourt.;;;;;;;;;
;5981;rue;;Entre Deux Portes;RUE ENTRE DEUX PORTES;rue Entre Deux Portes;;;;;;;;;;;;;;;;Ou Deux Petites Portes (rue des). Voir : Deux Petites Portes (rue des).;;;;;;;;;
;6670;rue;du;Conseil des Cinq Cents;RUE DU CONSEIL DES CINQ CENTS;rue du Conseil des Cinq Cents;;;;;;;;;;;;;;;;Actuellement rue de Bourgogne et rue Aristide Briand.;;;;;;;;;
;6676;rue;de la;Confrérie;RUE DE LA CONFRERIE;rue de la Confrérie;;;;;;;;;;;;;;;;Voir : Confrérie (ruelle de la).;;;;;;;;;
;6688;rue;du;Comte de Paris;RUE DU COMTE DE PARIS;rue du Comte de Paris;;;;;;;;;;;;;;;;Actuellement rue du Débarcadère.;;;;;;;;;
;4681;passage;des;Jeux de Paume;PASSAGE DES JEUX DE PAUME;passage des Jeux de Paume;;;;;;;;;;;;;;;;Voir : Lard (rue au).;;;;;;;;;
;5341;rue;;Gibard;RUE GIBARD;rue Gibard;;;;;;;;;;;;;;;;Ou Gibert. Voir : Harpe (partie de la rue de la).;;;;;;;;;
;5366;rue;;Geoffroy des Bains;RUE GEOFFROY DES BAINS;rue Geoffroy des Bains;;;;;;;;;;;;;;;;Ou Geoffroy des Estuves (rue). Voir : Etuves Saint-Martin (rue des).;;;;;;;;;
;5996;rue;des;Enfants Rouges;RUE DES ENFANTS ROUGES;rue des Enfants Rouges;03e;;1874-06-25;;Enfants-Rouges;;;;;;;;;;;Dénommée partie de la rue des Archives par arrêté préfectoral du 25 juin 1874, entre les rues Pastourelle et Portefoin. Elle faisait partie de la rue du Grand Chantier.;;;;;;;;;
;5997;rue;des;Enfants Rouges;RUE DES ENFANTS ROUGES;rue des Enfants Rouges;03e;;;;Enfants-Rouges;;;;;;;;;;;Actuellement rue Portefoin.;;;;;;;;;
;6695;impasse;;Compoint;IMPASSE COMPOINT;impasse Compoint;;;;;;;;;;;;;;;;Actuellement imp. de La Jonquière.;;;;;;;;;
;6722;rue;;Combault;RUE COMBAULT;rue Combault;;;;;;;;;;;;;;;;Actuellement partie de la rue Saint-Sulpice.;;;;;;;;;
;6723;galerie;des;Combats;GALERIE DES COMBATS;galerie des Combats;;;;;;;;;;;;;;;;Actuellement galerie de Montpensier.;;;;;;;;;
;4707;ruelle;;Jehan Bonnefille;RUELLE JEHAN BONNEFILLE;ruelle Jehan Bonnefille;;;;;;;;;;;;;;;;Supprimé. Elle conduisait au XIVe siècle, de la rue de la Tuerie à la rivière. Elle a été aussi nommée rue des Moulins.;;;;;;;;;
;6049;rue;de l';Égout;RUE DE L'EGOUT;rue de l'Égout;04e;;;;Arsenal, Saint-Gervais;;;;;;;;;;;Ou Egout Couvert. Actuellement partie de la rue de Turenne.;;;;;;;;;
;6744;ruelle par où l'on va au;;Collège des Bons Enfants;RUELLE PAR OU L'ON VA AU COLLEGE DES BONS ENFANTS;ruelle par où l'on va au Collège des Bons Enfants;;;;;;;;;;;;;;;;Actuellement rue des Bons Enfants.;;;;;;;;;
;6812;quai;du;Cloître Saint-Germain;QUAI DU CLOITRE SAINT-GERMAIN;quai du Cloître Saint-Germain;;;;;;;;;;;;;;;;Actuellement partie du quai du Louvre.;;;;;;;;;
;6108;grande rue;de l';École Saint-Germain;GRANDE RUE DE L'ECOLE SAINT-GERMAIN;grande rue de l'École Saint-Germain;;;;;;;;;;;;;;;;Actuellement partie du quai du Louvre.;;;;;;;;;
;6120;impasse;de l';Échiquier;IMPASSE DE L'ECHIQUIER;impasse de l'Échiquier;03e;;1877-02-01;;Sainte-Avoye;;;;;;;;;;;Dénommée impasse Sainte-Avoie (supprimée) par arrêté préfectoral du 1er février 1877.;;;;;;;;;
;6133;passage;des;Eaux;PASSAGE DES EAUX;passage des Eaux;;;;;;;;;;;;;;;;Actuellement rue des Eaux.;;;;;;;;;
;6829;chemin qui va;à;Clichy;CHEMIN QUI VA A CLICHY;chemin qui va à Clichy;;;;;;;;;;;;;;;;Actuellement rue des Bons Enfants.;;;;;;;;;
;6834;barrière;de;Clichy;BARRIERE DE CLICHY;barrière de Clichy;;;;;;;;;;;;;;;;Supprimé. Elle était située place de Clichy. On l'avait nommée, en 1793, barrière de Fructidor.;;;;;;;;;
;6837;rue;du;Cler Chantier;RUE DU CLER CHANTIER;rue du Cler Chantier;;;;;;;;;;;;;;;;Actuellement partie de la rue Traversière.;;;;;;;;;
;4838;chemin;d';Issy et de Meudon;CHEMIN D'ISSY ET DE MEUDON;chemin d'Issy et de Meudon;;;;;;;;;;;;;;;;Actuellement rue Blomet.;;;;;;;;;
;5514;rue;;Frigido Mantello;RUE FRIGIDO MANTELLO;rue Frigido Mantello;;;;;;;;;;;;;;;;Voir : Musée (rue du).;;;;;;;;;
;6861;passage;du;Cirque Olympique;PASSAGE DU CIRQUE OLYMPIQUE;passage du Cirque Olympique;;;;;;;;;;;;;;;;Supprimé. Il existait en 1808 et allait de la rue du Mont Thabor à la rue Saint-Honoré.;;;;;;;;;
;6874;ruelle;du;Cimetière Saint-Jacques;RUELLE DU CIMETIERE SAINT-JACQUES;ruelle du Cimetière Saint-Jacques;;;;;;;;;;;;;;;;Actuellement partie de la rue de l'Abbé de l'Epée.;;;;;;;;;
;4881;rue;de l';Île des Cygnes;RUE DE L'ILE DES CYGNES;rue de l'Île des Cygnes;;;1862-12-31;;;;;;;;;;;;;Supprimée vers 1862. Elle avait porté le nom de cul-de-sac ou impasse du Vert Buisson, puis de rue du Vert Buisson. Elle commençait rue de la Vierge (absorbée par l'av. Bosquet) et finissait quai d'Orsay.;;;;;;;;;
;5545;rue;;Françoise;RUE FRANCOISE;rue Françoise;;;;;;;;;;;;;;;;Actuellement partie de la rue Française.;;;;;;;;;
;6216;rue;du;Dieu Bouliz;RUE DU DIEU BOULIZ;rue du Dieu Bouliz;;;;;;;;;;;;;;;;Voir : Billettes (rue des).;;;;;;;;;
;4944;rue;de l';Hôpital du Nord;RUE DE L'HOPITAL DU NORD;rue de l'Hôpital du Nord;;;;;;;;;;;;;;;;Actuellement rue de la Grange aux Belles.;;;;;;;;;
;4948;rue;de l';Hôpital;RUE DE L'HOPITAL;rue de l'Hôpital;;;;;;;;;;;;;;;;Actuellement partie de la place Marcelin Berthelot.;;;;;;;;;
;5568;impasse;;Fournier;IMPASSE FOURNIER;impasse Fournier;;;;;;;;;;;;;;;;Voir : Choquet (imp.).;;;;;;;;;
;6239;rue;;Devant la Place Saint-Denis;RUE DEVANT LA PLACE SAINT-DENIS;rue Devant la Place Saint-Denis;;;;;;;;;;;;;;;;Actuellement partie de la place Louis Lépine et de la rue de la Cité.;;;;;;;;;
;102;voie;;DR/12;VOIE DR/12;voie DR/12;12e;;2013-10-15;;Bercy;;;;;;;;;;;Dénommée place Gertrude Stein par délibération municipale des 14 et 15 octobre 2013.;;;;;;;;;
21;18;voie;;DV/12;VOIE DV/12;voie DV/12;12e;2016-01-01;2018-01-16;;Picpus;;;;93D4;voie dw/12, 3.;voie du/12.;;;;;Supprimée. Emprise non créée.;;;;;;;;;
;350;voie;;DE/12;VOIE DE/12;voie DE/12;12e;;1997-11-27;;Quinze-Vingts;;;;;;;;;;;Dénommé rue Roland Barthes par arrêté municipal du 27 novembre 1997.;;;;;;;;;
;361;rue;de la;Zone;RUE DE LA ZONE;rue de la Zone;12e;;1954-02-03;;Bercy;;270;16;;quai de Bercy.;rue de l'Entrepôt à la limite du territoire de Charenton le Pont;;;;;Dénommée rue Escoffier par arrêté préfectoral du 3 février 1954. Située autrefois sur le territoire de Charenton le Pont annexé à Paris par décret du 18 avril 1929.;;;;;Située dans l'ancienne zone militaire.;;;;
20;279;rue;;Hénard;RUE HENARD;rue Hénard;12e;1990-11-21;2002-11-05;;Picpus;;;;;;;;;;;Dénommée rue Antoine-Julien Hénard par arrêté municipal du 5 novembre 2002.;Arrêté municipal du 21 novembre 1990.;;;;"Antoine Julien Hénard (Fontainebleau, 1812-Paris, 1887), architecte ; son oeuvre marquante est la mairie du XIIe arrondissement.";;;;
;15771;voie;;L/11;VOIE L/11;voie L/11;11e;;;;Saint-Ambroise;;;;;boulevard Richard Lenoir, 71.;en impasse.;;;;;Supprimée en 1972.;;;;;;;;;
;639;cul-de-sac;du;Vert Buisson;CUL-DE-SAC DU VERT BUISSON;cul-de-sac du Vert Buisson;;;;;;;;;;;;;;;;Voir : Ile des Cygnes (rue de l').;;;;;;;;;
;381;voie;;X/11;VOIE X/11;voie X/11;11e;;;;Folie-Méricourt;;;;;;;;;;;Supprimé. Etait située rue Oberkampf, 143.;;;;;;;;;
;434;rue;de la;Voie Creuse;RUE DE LA VOIE CREUSE;rue de la Voie Creuse;;;;;;;;;;;;;;;;Actuellement rue Oudry.;;;;;;;;;
;546;rue;de la;Viels Place aux Pourceaux;RUE DE LA VIELS PLACE AUX POURCEAUX;rue de la Viels Place aux Pourceaux;;;;;;;;;;;;;;;;Voir : Limace (rue de la).;;;;;;;;;
;753;rue;aux;Vaches;RUE AUX VACHES;rue aux Vaches;;;;;;;;;;;;;;;;Actuellement rue des Balkans.;;;;;;;;;
;774;rue;de l';Ursine;RUE DE L'URSINE;rue de l'Ursine;;;;;;;;;;;;;;;;Actuellement rues Edouard Quénu, Broca et Léon-Maurice Nordmann.;;;;;;;;;
;951;rue;des;Tournelles;RUE DES TOURNELLES;rue des Tournelles;;;;;;;;;;;;;;;;Supprimée. Elle commençait rue des Grands Degrés et finissait quai des Miramiones (Actuellement partie du quai de la Tournelle).;;;;;;;;;
;7513;vicus;;Burgi Thibaudi;VICUS BURGI THIBAUDI;vicus Burgi Thibaudi;;;;;;;;;;;;;;;;Voir : Bourg Thiébault (rue du).;;;;;;;;;
;8148;rue;des;Barrières;RUE DES BARRIERES;rue des Barrières;;;;;;;;;;;;;;;;Actuellement rue de l'Ave Maria.;;;;;;;;;
;8159;place;de la;Barrière de Picpus;PLACE DE LA BARRIERE DE PICPUS;place de la Barrière de Picpus;12e;;;;Bel-Air, Picpus;;;;;;;;;;;Dénommée parties des boulevards de Picpus et de Reuilly.;;;;;;;;;
;8214;passage;;Baptiste Daude;PASSAGE BAPTISTE DAUDE;passage Baptiste Daude;;;;;;;;;;;;;;;;Supprimé. en 1941. Commençait Av. Pierre Larousse (Supprimé.), finissait pas. Picard (Supprimé.).;;;;;;;;;
;8226;rue;des;Ballets;RUE DES BALLETS;rue des Ballets;04e;;;;Saint-Gervais;;;;;;;;;;;Ou Ballays. Actuellement partie de la rue Malher.;;;;;;;;;
;7556;rue;;Brisepain;RUE BRISEPAIN;rue Brisepain;;;;;;;;;;;;;;;;Voir : Taille-Pain (rue).;;;;;;;;;
;7570;rue;;Brère;RUE BRERE;rue Brère;;;;;;;;;;;;;;;;Voir : Venise (imp. de).;;;;;;;;;
;7584;rue;du;Brave;RUE DU BRAVE;rue du Brave;;;;;;;;;;;;;;;;Actuellement rue des Quatre Vents.;;;;;;;;;
;7589;grande rue;de;Braque;GRANDE RUE DE BRAQUE;grande rue de Braque;;;;;;;;;;;;;;;;Voir : Chaume (rue du).;;;;;;;;;
;8257;cour;;Baduel;COUR BADUEL;cour Baduel;11e;;1935-12-31;;Roquette;;42;12;;passage Thiéré, 16 et 16 bis;;;;;;Supprimée en 1935.;;;;;;;;;
;8266;grand chemin, ruelle et grande;du;Bac;GRAND CHEMIN, RUELLE ET GRANDE DU BAC;grand chemin, ruelle et grande du Bac;;;;;;;;;;;;;;;;Actuellement rue du Bac.;;;;;;;;;
;7600;voie;;BP/12;VOIE BP/12;voie BP/12;12e;;1992-11-30;;Bercy;;;;;;;;;;;Dénommée rue Gabriel Lamé par arrêté municipal du 30 novembre 1992.;;;;;;;;;
;7621;rue;du;Bout du Monde;RUE DU BOUT DU MONDE;rue du Bout du Monde;;;;;;;;;;;;;;;;Actuellement rue Léopold Bellan.;;;;;;;;;
;7633;rue;de;Bourgogne;RUE DE BOURGOGNE;rue de Bourgogne;;;;;;;;;;;;;;;;Actuellement partie de la rue Française.;;;;;;;;;
;6265;barrière;des;Deux Moulins;BARRIERE DES DEUX MOULINS;barrière des Deux Moulins;;;;;;;;;;;;;;;;Voir : Ivry (barrière d').;;;;;;;;;
;6282;rue;de la;Desserte du Jardin des Plantes;RUE DE LA DESSERTE DU JARDIN DES PLANTES;rue de la Desserte du Jardin des Plantes;;;;;;;;;;;;;;;;Actuellement rue Buffon.;;;;;;;;;
;4984;rue;de l';Hermite;RUE DE L'HERMITE;rue de l'Hermite;;;;;;;;;;;;;;;;Ou Hermites (rue des). Voir : Deux Ermites (rue des).;;;;;;;;;
;4992;chemin;;Herbu;CHEMIN HERBU;chemin Herbu;;;;;;;;;;;;;;;;Ou Herbu des Moulins à Vent. Actuellement rue Saint-Dominique.;;;;;;;;;
;4993;chemin;;Herbu;CHEMIN HERBU;chemin Herbu;;;;;;;;;;;;;;;;Actuellement rue Notre-Dame des Champs.;;;;;;;;;
;6302;couloir;;Deroche;COULOIR DEROCHE;couloir Deroche;12e;;;;Bercy;;;;;;;;;;;Supprimé. Voie située dans les entrepôts de Bercy.;;;;;Entrepôt de M. Deroche;;;;
;6981;partie du;;Chemin Départemental N° 50;PARTIE DU CHEMIN DEPARTEMENTAL N? 50;partie du Chemin Départemental N° 50;;;;;;;;;;;;;;;;Actuellement boul. des Frères Voisin.;;;;;;;;;
;7000;;;Chemin de Grande Communication N° 37;CHEMIN DE GRANDE COMMUNICATION N? 37;Chemin de Grande Communication N° 37;;;;;;;;;;;;;;;;Actuellement av. Cartellier.;;;;;;;;;
;5015;;l';Hendengerie;L'HENDENGERIE;l'Hendengerie;;;;;;;;;;;;;;;;Voir : Vieille Harengerie (rue de la).;;;;;;;;;
;5026;rue;;Hébert;RUE HEBERT;rue Hébert;;;;;;;;;;;;;;;;Actuellement rue Keppler.;;;;;;;;;
19;6347;rue;;Decaen;RUE DECAEN;rue Decaen;12e;1875-02-10;1877-02-01;;Picpus;;;;;;;;;;;Dénommée rue Claude Decaen par arrêté préfectoral du 1er février 1877.;Décret présidentiel du 10 février 1875. Précédemment, rue du Chemin de Reuilly.;;;;;;;;
;7033;rue;;Chauvelot;RUE CHAUVELOT;rue Chauvelot;;;1947-12-31;;;;;;;;;;;;;Supprimée en 1947. Commençait av. de la porte de Vanves. Finissait rue Chauvelot à la limite du territoire de Malakoff.;;;;;;;;;
;5724;rue;;Florentine;RUE FLORENTINE;rue Florentine;04e;;;;Notre-Dame;;;;;;;;;;;Actuellement rue Poulletier.;;;;;;;;;
;6377;rue;;Dardan;RUE DARDAN;rue Dardan;;;;;;;;;;;;;;;;Supprimé. Commençait rue de la Légion Etrangère et finissait av. de la Porte de Montrouge.;;;;;;;;;
;7062;rue;du;Châtelet;RUE DU CHATELET;rue du Châtelet;;;;;;;;;;;;;;;;Voir : Saint-Leufroi (rue).;;;;;;;;;
19;5075;rue;de;Harlay;RUE DE HARLAY;rue de Harlay;03e;1873-11-10;1877-11-10;;Archives;;;;;;;;;;;Dénommée rue Diderot par décret présidentiel du 10 novembre 1877. Actuellement rue des Arquebusiers.;Arrêté préfectoral du 10 novembre 1873. Précédemment rue de Harlay au Marais.;;;;;;;;
;5079;passage;d';Harcourt;PASSAGE D'HARCOURT;passage d'Harcourt;;;;;;;;;;;;;;;;Supprimé. par l'ouverture du boul. Saint-Michel. Il commençait rue des Maçons Sorbonne (Actuellement rue Champollion) et finissait rue de la Harpe (tronçon supprimé).;;;;;;;;;
;5081;chemin;du;Hameau de la Goutte d'Or;CHEMIN DU HAMEAU DE LA GOUTTE D'OR;chemin du Hameau de la Goutte d'Or;;;;;;;;;;;;;;;;Actuellement rue de la Goutte d'Or.;;;;;;;;;
;5761;rue;aux;Fèvres;RUE AUX FEVRES;rue aux Fèvres;;;;;;;;;;;;;;;;Voir : Fèves (rue aux).;;;;;;;;;
;6429;rue;de la;Culture Sainte-Catherine;RUE DE LA CULTURE SAINTE-CATHERINE;rue de la Culture Sainte-Catherine;03e, 04e;;1867-02-27;;Archives, Saint-Gervais;;;;;;;;;;;Dénommée rue de Sévigné par décret impérial du 27 février 1867. Actuellement rue Elzévir et rue Madame de Sévigné.;;;;;;;;;
;6457;chemin;de la;Croix Rouge;CHEMIN DE LA CROIX ROUGE;chemin de la Croix Rouge;12e;;1868-04-02;;Bel-Air, Picpus;;;;;;;;;;;Dénommé partie de la rue de Picpus par arrêté préfectoral du 2 avril 1868.;;;;;;;;;
;7293;cour;;Chabrie;COUR CHABRIE;cour Chabrie;12e;;;;Bercy;;;;;;;;;;;Supprimé. Etait située dans les anciens entrepôts de Bercy.;;;;;;;;;
;8608;partie de la rue;;Allard;PARTIE DE LA RUE ALLARD;partie de la rue Allard;;;;;;;;;;;;;;;;Supprimée par la création du boulevard Périphérique. Elle allait de la rue Allard à la limite du territoire de Saint-Mandé au boulevard Carnot.;;;;;;;;;
;8612;rue;d';Alez;RUE D'ALEZ;rue d'Alez;;;;;;;;;;;;;;;;Ouverte sur un champ appelé terre d'Alez ou d'Aleps, qui prit plus tard le nom de Chardonnet. Elle allait de la rue du Faubourg Saint-Victor (actuellement rues Jussieu, Linné et Geoffroy-Saint-Hilaire) jusqu'à un chemin longeant la Seine. Elle existait au XIVe siècle, et paraît avoir été supprimée à la fin du XVIe siècle.;;;;;;;;;
;8613;passage;;Alexandrine Lepeu;PASSAGE ALEXANDRINE LEPEU;passage Alexandrine Lepeu;11e;;;;Roquette;;;;;;;;;;;Actuellement passage Alexandrine.;;;;;Alexandrine, prénom de la fille de M. Lepeu, propriétaire des terrains sur lesquels cette voie a été ouverte.;;;;
;7368;ruelle;de;Cassel;RUELLE DE CASSEL;ruelle de Cassel;;;;;;;;;;;;;;;;Voir : Cassel (rue).;;;;;;;;;
;8019;sente;du;Beau Mur;SENTE DU BEAU MUR;sente du Beau Mur;;;;;;;;;;;;;;;;Actuellement rue Diard.;;;;;;;;;
;8050;rue;;Bautru;RUE BAUTRU;rue Bautru;;;;;;;;;;;;;;;;Actuellement partie de la rue des Petits Champs.;;;;;;;;;
;8088;place;;Baudaier;PLACE BAUDAIER;place Baudaier;;;;;;;;;;;;;;;;Voir : Baudoyer (place).;;;;;;;;;
;8094;rue;du;Bâton Royal;RUE DU BATON ROYAL;rue du Bâton Royal;;;;;;;;;;;;;;;;Actuellement rue Molière.;;;;;;;;;
;7458;rue;de la;Calandre;RUE DE LA CALANDRE;rue de la Calandre;04e;;;;Notre-Dame;;;;;;;;;;;Supprimée vers 1860. Elle était située dans l'île de la Cité et allait de la rue de la Cité à la rue de la Barillerie. Au XIIIe siècle, on la nommait rue qui va du Petit Pont à la place Saint-Michel ou rue Saint-Michel (c'était la place devant la chapelle du Palais). On l'a aussi appelée rue du Marché Palu et rue de la Grant Orberie, ou de l'Herberie. Dès 1280, elle portait le nom de la Calande, qui lui vient d'une maison ayant appartenu à Jean de la Kalendre (1343) ou d'une autre dite à Nicolas le Kalendreur.;;;;;;;;;
;8139;rue;du;Bas Pincourt;RUE DU BAS PINCOURT;rue du Bas Pincourt;;;;;;;;;;;;;;;;Actuellement partie de la rue Popincourt et partie de la rue de la Folie-Méricourt.;;;;;;;;;
;7484;voie;;BX/12;VOIE BX/12;voie BX/12;12e;;1994-01-14;;Bercy;;;;;;;;;;;Dénommée rue Henri Desgrange par arrêté municipal du 14 janvier 1994.;;;;;;;;;
;7500;quai;des;Buttes de l'École;QUAI DES BUTTES DE L'ECOLE;quai des Buttes de l'École;;;;;;;;;;;;;;;;Actuellement partie du Quai du Louvre.;;;;;;;;;
;7541;boulevard;de;Bruxelles;BOULEVARD DE BRUXELLES;boulevard de Bruxelles;;;1851-05-10;;;;;;;;;;;;;Dénommée boulevard de la Villette par arrêté préfectoral du 10 mai 1851. Actuellement partie du boulevard de la Villette.;;;;;;;;;
;7611;rue;de;Bouvines;RUE DE BOUVINES;rue de Bouvines;;;;;;;;;;;;;;;;Supprimée par l'ouverture de la rue de Maubeuge. Elle était située entre la rue de Dunkerque et le chemin de ronde de Saint-Denis.;;;;;;;;;
;6269;rue;des;Deux Hermite;RUE DES DEUX HERMITE;rue des Deux Hermite;;;;;;;;;;;;;;;;Voir : Deux Ermites (rue des).;;;;;;;;;
;6291;petite rue;du;Désert;PETITE RUE DU DESERT;petite rue du Désert;;;;;;;;;;;;;;;;Supprimé. vers 1823. Elle commençait rue Saint-Lazare et finissait rue du Désert (Supprimé.).;;;;;;;;;
;6935;rue;du;Chevet de la Madeleine;RUE DU CHEVET DE LA MADELEINE;rue du Chevet de la Madeleine;04e;;;;Notre-Dame;;;;;;;;;;;Voir : Licorne (rue de la).;;;;;;;;;
;4958;rue;;Hoignart;RUE HOIGNART;rue Hoignart;;;;;;;;;;;;;;;;Actuellement partie de la rue de La Reynie.;;;;;;;;;
;4996;rue;de l';Herberie;RUE DE L'HERBERIE;rue de l'Herberie;;;;;;;;;;;;;;;;Actuellement quai du Marché Neuf.;;;;;;;;;
;6326;place;du;Delta;PLACE DU DELTA;place du Delta;;;;;;;;;;;;;;;;Actuellement place de Valenciennes.;;;;;;;;;
;6333;rue;;Delesse;RUE DELESSE;rue Delesse;;;;;;;;;;;;;;;;Actuellement rue de l'Equerre.;;;;;;;;;
;6984;rue;du;Chemin de Versailles;RUE DU CHEMIN DE VERSAILLES;rue du Chemin de Versailles;;;;;;;;;;;;;;;;Actuellement partie de la rue Decamps.;;;;;;;;;
;7011;rue;du;Chemin de Franciade;RUE DU CHEMIN DE FRANCIADE;rue du Chemin de Franciade;;;;;;;;;;;;;;;;Actuellement rue des Trois Couronnes et partie de la rue Jean-Pierre Timbaud.;;;;;;;;;
;6361;rue;;Daveron;RUE DAVERON;rue Daveron;;;;;;;;;;;;;;;;Actuellement rue Bailleul.;;;;;;;;;
;7046;passage;de la;Chaumière;PASSAGE DE LA CHAUMIERE;passage de la Chaumière;;;;;;;;;;;;;;;;Actuellement partie de la rue du Moulin Vert.;;;;;;;;;
;5056;rue;du;Haut Moulin;RUE DU HAUT MOULIN;rue du Haut Moulin;04e;;;;Notre-Dame;;;;;;;;;;;Supprimée par la construction de l'Hôtel Dieu (décret du 22 mai 1865). Guillot l'appelle rue Glateingni. On la désignait aussi par le nom de rue du Val d'Amour. En 1380, elle est dite rue du Chevet Saint-Denis de la Chartre. Et enfin rue du Haut Moulin.;;;;;;;;;
;5058;rue;du;Haut Caillou;RUE DU HAUT CAILLOU;rue du Haut Caillou;;;;;;;;;;;;;;;;Actuellement rue Duméril et partie de la rue Geoffroy-Saint-Hilaire.;;;;;;;;;
;5070;vicus;;Harpe;VICUS HARPE;vicus Harpe;;;;;;;;;;;;;;;;Ou Herpe (vicus) ou encore Cithara (vicus de). Voir : Harpe (partie de la rue de la).;;;;;;;;;
;5696;rue;;Fontaine;RUE FONTAINE;rue Fontaine;11e;;;;Folie-Méricourt;;;;;;;;;;;Actuellement partie de la rue de la Fontaine au Roi.;;;;;;;;;
;6393;rue;;Dame Gloriette;RUE DAME GLORIETTE;rue Dame Gloriette;;;;;;;;;;;;;;;;Actuellement rue Baillet.;;;;;;;;;
;6412;rue;des;Cygnes;RUE DES CYGNES;rue des Cygnes;;;;;;;;;;;;;;;;Actuellement partie de la rue Jean Nicot.;;;;;;;;;
;7071;rue;de;Château Frileux;RUE DE CHATEAU FRILEUX;rue de Château Frileux;;;;;;;;;;;;;;;;Voir : Frileuse (ruelle).;;;;;;;;;
;7085;rue;;Chastinière;RUE CHASTINIERE;rue Chastinière;;;;;;;;;;;;;;;;Actuellement rue Laromiguière.;;;;;;;;;
;7091;rue;de;Chasse Midy dite du Petit Vaugirard;RUE DE CHASSE MIDY DITE DU PETIT VAUGIRARD;rue de Chasse Midy dite du Petit Vaugirard;;;;;;;;;;;;;;;;Voir : Chasse Midi (rue du).;;;;;;;;;
;5734;allée;;Fleury;ALLEE FLEURY;allée Fleury;;;;;;;;;;;;;;;;Supprimée par l'aménagement de la villa Dancourt.;;;;;;;;;
;5735;villa;des;Fleurs;VILLA DES FLEURS;villa des Fleurs;;;;;;;;;;;;;;;;Actuellement villa Emile Loubet.;;;;;;;;;
;5766;rue;au;Feure;RUE AU FEURE;rue au Feure;;;;;;;;;;;;;;;;Actuellement partie de la rue Berger.;;;;;;;;;
;6424;ruelle;de la;Cure;RUELLE DE LA CURE;ruelle de la Cure;;;;;;;;;;;;;;;;Actuellement imp. Raffet.;;;;;;;;;
21;20;voie;;DS/12;VOIE DS/12;voie DS/12;12e;2016-01-01;2018-01-16;;Picpus;;;;93D4;voie DT/12, 1.;rue de Reuilly, 18.;;;;;Supprimée. Emprise non créée.;;;;;;;;;
21;15679;voie;;EE/12;VOIE EE/12;voie EE/12;12e;2024-02-08;2025-10-10;;Bercy;;;;;voie EC/12, 1.;voie EG/12, 6.;18;17;;;Dénommée rue Nelly Kaplan par délibération municipale des 7, 8, 9 et 10 octobre 2025.;Décision de numérotage du 8 février 2024.;;;;;;;;
;201;cité;;Prost;CITE PROST;cité Prost;11e;;2009-02-18;;Sainte-Marguerite;;77;6,5;;rue Chanzy, 30.;en impasse.;12;13;;;Supprimée par décision de numérotage du 18 février 2009.;;;;;M. Prost, créateur de la cité.;;;;
;15656;rue;;Boulanger;RUE BOULANGER;rue Boulanger;;;;;;;;;;;;;;;;Actuellement partie de la rue Le Pelletier entre la rue de Provence et la rue Rossini;;;;;;;;;
;428;impasse;de la;Voirie;IMPASSE DE LA VOIRIE;impasse de la Voirie;;;;;;;;;;;;;;;;Supprimé. un arrêté municipal du 30 octobre 1848. Elle était située place de Laborde (Actuellement place Henri Bergson). Le sol de cette voie est aujourd'hui compris dans celui l'av. César Caire.;;;;;;;;;
;486;rue;;Villerin Bertin;RUE VILLERIN BERTIN;rue Villerin Bertin;;;;;;;;;;;;;;;;Voir : Hillerin Bertin (rue).;;;;;;;;;
;532;cul-de-sac;des;Viez Poulies;CUL-DE-SAC DES VIEZ POULIES;cul-de-sac des Viez Poulies;;;;;;;;;;;;;;;;Voir : Putigno (cul-de-sac).;;;;;;;;;
;540;rue;du;Vieux Chemin de Garnelles;RUE DU VIEUX CHEMIN DE GARNELLES;rue du Vieux Chemin de Garnelles;;;;;;;;;;;;;;;;Actuellement partie de la rue de Babylone.;;;;;;;;;
;568;rue;de la;Vieille Parcheminerie;RUE DE LA VIEILLE PARCHEMINERIE;rue de la Vieille Parcheminerie;;;;;;;;;;;;;;;;Actuellement rue des Blancs Manteaux.;;;;;;;;;
;747;sentier;des;Vaches;SENTIER DES VACHES;sentier des Vaches;;;;;;;;;;;;;;;;Actuellement rue de la Justice.;;;;;;;;;
;780;quai;de l';Union;QUAI DE L'UNION;quai de l'Union;;;;;;;;;;;;;;;;Actuellement quai d'Anjou.;;;;;;;;;
;919;rue;de la;Traverse Cadier;RUE DE LA TRAVERSE CADIER;rue de la Traverse Cadier;;;;;;;;;;;;;;;;Supprimé. Elle allait de la rue de Braque à la rue des Haudriettes.;;;;;;;;;
;943;ruelle;des;Tourniquets;RUELLE DES TOURNIQUETS;ruelle des Tourniquets;;;;;;;;;;;;;;;;Actuellement rue Georges Bizet.;;;;;;;;;
;946;passage;;Tourniquet Saint-Jean;PASSAGE TOURNIQUET SAINT-JEAN;passage Tourniquet Saint-Jean;;;;;;;;;;;;;;;;Voir : Washington (pas.).;;;;;;;;;
;4220;passage;;Malesherbes;PASSAGE MALESHERBES;passage Malesherbes;;;;;;;;;;;;;;;;Supprimé. Il était situé sur l'emplacement du boul. Malesherbes près de la rue de la Terrasse.;;;;;;;;;
;4231;ruelle;de la;Maladrerie;RUELLE DE LA MALADRERIE;ruelle de la Maladrerie;;;;;;;;;;;;;;;;Voir : Vinaigriers (ruelle des).;;;;;;;;;
;4233;rue;de la;Maladrerie;RUE DE LA MALADRERIE;rue de la Maladrerie;;;;;;;;;;;;;;;;Actuellement rue des Saints-Pères.;;;;;;;;;
19;15275;rue;;Michel Bizot;RUE MICHEL BIZOT;rue Michel Bizot;12e;1864-08-24;;;Bel-Air, Picpus;;;;;;;;;;;Précédemment chemin des Marais. Supprimé par l'ouverture de l'avenue Daumesnil. Elle commençait au boulevard de Reuilly et finissait à la porte de Picpus.;Décret impérial du 24 août 1864.;;;;"Michel Brice Bizot (1795-1855), général du génie ; dirigea les travaux du siège de Sébastopol, où il fut tué.";;;;
;4415;rue;;Libert;RUE LIBERT;rue Libert;12e;;1888-12-31;;Bercy;;;;;;;;;;;Supprimée en 1888 pour l'agrandissement de la gare du chemin de fer de Lyon. Elle commençait rue de la Nativité et finissait boulevard de Bercy.;;;;;;;;;
;4423;quai;;Levesque;QUAI LEVESQUE;quai Levesque;;;;;;;;;;;;;;;;Voir : Conférence (Quai de la).;;;;;;;;;
;4531;rue;;Lambert Râle;RUE LAMBERT RALE;rue Lambert Râle;;;;;;;;;;;;;;;;Voir : Coq (imp. du).;;;;;;;;;
;4294;allée;;Madame;ALLEE MADAME;allée Madame;;;;;;;;;;rue des Orteaux, 45;;;;;;Supprimée. Etait située rue des Orteaux, 45.;;;;;;;;;
;4300;rue;;Machepain;RUE MACHEPAIN;rue Machepain;;;;;;;;;;;;;;;;Voir : Taille-Pain (rue).;;;;;;;;;
;4345;place;;Louis XVI;PLACE LOUIS XVI;place Louis XVI;;;;;;;;;;;;;;;;Actuellement place de la Concorde.;;;;;;;;;
;4367;chemin;de la;Longue Raye;CHEMIN DE LA LONGUE RAYE;chemin de la Longue Raye;;;;;;;;;;;;;;;;Voir : Etoile (imp. de l').;;;;;;;;;
;4380;impasse;;Lombard;IMPASSE LOMBARD;impasse Lombard;;;;;;;;;;;;;;;;Supprimé par l'établissement du chemin de fer d'Auteuil. Elle était située rue Lombard (Actuellement rue Rennequin).;;;;;;;;;
;4383;rue;des;Lions;RUE DES LIONS;rue des Lions;04e;;1974-10-23;;Arsenal;;;;;;;;;;;Dénommée rue des Lions Saint-Paul par arrêté préfectoral du 23 octobre 1974.;;;;;;;;;
;7650;rue;;Bourdaloue;RUE BOURDALOUE;rue Bourdaloue;;;;;;;;;;;;;;;;Elle était située dans la Cité, derrière l'église Notre-Dame, sur l'emplacement du square.;;;;;;;;;
;7655;rue;;Bourbon Guise;RUE BOURBON GUISE;rue Bourbon Guise;;;;;;;;;;;;;;;;Actuellement rue de Bourbon le Château.;;;;;;;;;
;7687;avenue;de;Boulainvilliers;AVENUE DE BOULAINVILLIERS;avenue de Boulainvilliers;;;;;;;;;;;;;;;;Actuellement partie de la rue de Boulainvilliers.;;;;;;;;;
;8308;voie;;AU/12;VOIE AU/12;voie AU/12;12e;;1985-07-12;;Bercy;;;;;;;;;;;Dénommée cour du Ginkgo par décision municipale du 12 juillet 1985.;;;;;;;;;
;7728;rue;du;Borel;RUE DU BOREL;rue du Borel;;;;;;;;;;;;;;;;Voir : Fossés Saint-Germain l'Auxerrois (rue des).;;;;;;;;;
;8330;chemin de ronde;d';Aunay;CHEMIN DE RONDE D'AUNAY;chemin de ronde d'Aunay;11e;;1864-12-30;;Roquette;;;;;;;;;;;Dénommé partie du boulevard de Ménilmontant par arrêté préfectoral du 30 décembre 1864.;;;;;;;;;
;7744;rue;des;Bons Enfants;RUE DES BONS ENFANTS;rue des Bons Enfants;;;;;;;;;;;;;;;;Voir : Fresnel (rue).;;;;;;;;;
;8352;passage;;Auger;PASSAGE AUGER;passage Auger;;;;;;;;;;;;;;;;Supprimé. Il était situé à l'extrémité de l'impasse du Rouet.;;;;;;;;;
;7799;voie;;BM/12;VOIE BM/12;voie BM/12;12e;;1992-11-30;;Bercy;;;;;;;;;;;Dénommée rue Michel Audiard par arrêté du 30 novembre 1992. Actuellement rue Jean Renoir.;;;;;;;;;
;8422;impasse;d';Argenteuil;IMPASSE D'ARGENTEUIL;impasse d'Argenteuil;;;;;;;;;;;;;;;;Supprimée par l'élargissement de la rue Saint-Lazare.;;;;;;;;;
;7883;voie;;BE/12;VOIE BE/12;voie BE/12;12e;;1990-11-21;;Picpus;;;;;;;;;;;Dénommée rue Hénard par arrêté municipal du 21 novembre 1990, actuellement rue Antoine-Julien Hénard.;;;;;;;;;
;7885;rue;de;Béziers;RUE DE BEZIERS;rue de Béziers;12e;;;;Bercy;;;;;;;;;;;Supprimé. Elle était située dans les entrepôts de Bercy.;;;;;;;;;
;8499;rue;;Anquetin le Faucheur;RUE ANQUETIN LE FAUCHEUR;rue Anquetin le Faucheur;;;;;;;;;;;;;;;;Ou Anquetin. Voir : Anquetin (rue).;;;;;;;;;
;7924;chemin de ronde;de;Bercy;CHEMIN DE RONDE DE BERCY;chemin de ronde de Bercy;12e;;1864-12-30;;Bercy;;;;;;;;;;;Dénommé partie du boulevard de Bercy par arrêté préfectoral du 30 décembre 1864. C'était au début du XIXe siècle le chemin de ronde de Marengo.;;;;;;;;;
;8519;passage;d';Angoulême;PASSAGE D'ANGOULEME;passage d'Angoulême;11e;;1933-01-31;;Folie-Méricourt;;;;;;;;;;;Dénommé rue Edouard Lockroy par arrêté préfectoral du 31 janvier 1933.;;;;;;;;;
;8538;cul-de-sac;;Andrelas;CUL-DE-SAC ANDRELAS;cul-de-sac Andrelas;;;;;;;;;;;;;;;;Supprimé. par l'ouverture de l'av. des Gobelins. Il était situé rue Mouffetard (Actuellement av. des Gobelins) entre la place de la Collégiale et la rue du Petit Moine. Il a aussi porté le nom de cul-de-sac Andelas.;;;;;;;;;
;8545;passage;;Andanson;PASSAGE ANDANSON;passage Andanson;;;;;;;;;;;;;;;;Supprimé. en 1943. Commençait allée des Peupliers (Supprimé.), finissait allée du Métro (Supprimé.).;;;;;;;;;
;8558;voie;;AM/12;VOIE AM/12;voie AM/12;12e;;;;Picpus;;;;;avenue Daumesnil, 183.;rue de Reuilly, 104.;;;;;"Supprimée lors de l'aménagement de la ZAC ""Reuilly"".";;;;;;;;;
;7275;rue;;Châlier;RUE CHALIER;rue Châlier;;;;;;;;;;;;;;;;Voir : Neuve de Richelieu (rue).;;;;;;;;;
;7286;impasse;;Chacepert;IMPASSE CHACEPERT;impasse Chacepert;;;;;;;;;;;;;;;;Supprimé. Elle était située rue du Poteau, 52.;;;;;;;;;
;7943;rue;;Bellus Reditus;RUE BELLUS REDITUS;rue Bellus Reditus;;;;;;;;;;;;;;;;Actuellement partie de la rue Greneta.;;;;;;;;;
;7292;rue;de;Chabrié;RUE DE CHABRIE;rue de Chabrié;12e;;;;Bercy;;;;;;;;;;;Supprimée. Voie située dans les entrepôts de Bercy.;;;;;Entrepôt de M. Chabrié.;;;;
;7304;rue;de;Cette;RUE DE CETTE;rue de Cette;12e;;;;Bercy;;;;;;;;;;;"Supprimée ; ancienne voie des Entrepôts de Bercy.";;;;;;;;;
;7314;rue;aux;Cerfs;RUE AUX CERFS;rue aux Cerfs;;;;;;;;;;;;;;;;Ou Cerf (rue du). Voir : Cerf (rue du).;;;;;;;;;
;7989;rue;de;Beauvoir;RUE DE BEAUVOIR;rue de Beauvoir;;;;;;;;;;;;;;;;Voir : Beauvais (rue de).;;;;;;;;;
;8616;rue;;Alexandre Langlois;RUE ALEXANDRE LANGLOIS;rue Alexandre Langlois;;;;;;;;;;;;;;;;Voir : Monnaie (petite rue ou rue de la).;;;;;;;;;
;7371;rue;;Cassel;RUE CASSEL;rue Cassel;;;;;;;;;;;;;;;;Voir : Neuve Guillemin (rue).;;;;;;;;;
;8042;passage;;Bayeux;PASSAGE BAYEUX;passage Bayeux;;;;;;;;;;;;;;;;Il traversait les bâtiments de l'ancien collège de Bayeux, de la rue de la Harpe à la rue des Maçons Sorbonne (Actuellement rue Champollion).;;;;;;;;;
;8666;rue;;Agnès La Huschère;RUE AGNES LA HUSCHERE;rue Agnès La Huschère;;;;;;;;;;;;;;;;Ou la Buschère. Voir : Agnès la Buschère (rue).;;;;;;;;;
;8720;rue;;Abrulle;RUE ABRULLE;rue Abrulle;;;;;;;;;;;;;;;;Actuellement rue Saint-Romain.;;;;;;;;;
;7434;rue;;Cannaberia;RUE CANNABERIA;rue Cannaberia;;;;;;;;;;;;;;;;Voir : Chanverrerie (rue de la).;;;;;;;;;
;7439;chemin latéral;au;Canal Saint-Denis;CHEMIN LATERAL AU CANAL SAINT-DENIS;chemin latéral au Canal Saint-Denis;;;;;;;;;;;;;;;;Actuellement partie du quai de l'Allier.;;;;;;;;;
;7467;passage;du;Café de Malte;PASSAGE DU CAFE DE MALTE;passage du Café de Malte;;;;;;;;;;;;;;;;Supprimé. Il allait de la rue Saint-Martin au boul. Saint-Martin.;;;;;;;;;
;3953;rue;;Merderet;RUE MERDERET;rue Merderet;;;;;;;;;;;;;;;;Actuellement rue Verderet.;;;;;;;;;
;3987;rue;des;Mécaniques;RUE DES MECANIQUES;rue des Mécaniques;;;;;;;;;;;;;;;;Supprimé. par l'ouverture du boul. de Sébastopol. Elle était située dans l'enclos de la Trinité (Supprimé.), entre la cour du Commerce et la rue des Arts.;;;;;;;;;
;3988;route ou grand chemin;de;Meaux;ROUTE OU GRAND CHEMIN DE MEAUX;route ou grand chemin de Meaux;;;;;;;;;;;;;;;;Actuellement rue de Meaux.;;;;;;;;;
;3995;boulevard;;Mazas;BOULEVARD MAZAS;boulevard Mazas;12e;;1879-08-16;;Picpus, Quinze-Vingts;;;;;;;;;;;Dénommé boulevard Diderot par arrêté préfectoral du 16 août 1879.;;;;;;;;;
;3930;avenue;;Meunier;AVENUE MEUNIER;avenue Meunier;;;;;;;;;;;;;;;;Actuellement rue Decrès.;;;;;;;;;
;3932;chemin;de;Meudon;CHEMIN DE MEUDON;chemin de Meudon;;;;;;;;;;;;;;;;Actuellement rue de Sèvres.;;;;;;;;;
;3713;impasse;;Mortagne;IMPASSE MORTAGNE;impasse Mortagne;;;1912-12-31;;;;;;;rue de Charonne, 49;;;;;;Supprimée en 1912 par l'ouverture de l'avenue Ledru-Rollin.;;;;;;;;;
19;3714;rue;;Morse;RUE MORSE;rue Morse;12e;1875-02-10;1877-08-06;;Bercy;;;;;avenue du Peit Château.;rue Léopold;;;;;Supprimée par l'établissement des entrepôts de Bercy en 1877. Elle a autrefois été appelée rue Sainte-Anne.;Décret présidentiel du 10 février 1875.;;;;;;;;
;3725;rue;des;Morfondus;RUE DES MORFONDUS;rue des Morfondus;;;;;;;;;;;;;;;;Actuellement rue d'Anjou.;;;;;;;;;
;3733;passage;;Moreau;PASSAGE MOREAU;passage Moreau;;;;;;;;;;;;;;;;Supprimé. Commençait rue Lécuyer prolongée (Supprimé.), finissait rue Jules Vallès (Supprimé.).;;;;;;;;;
;3739;rue;;Moqueron;RUE MOQUERON;rue Moqueron;;;;;;;;;;;;;;;;Actuellement rue Coq Héron.;;;;;;;;;
;3755;barrière;de;Montreuil;BARRIERE DE MONTREUIL;barrière de Montreuil;11e;;;;Sainte-Marguerite;;;;;;;;;;;Supprimé. Elle était située boul. de Charonne à l'extrémité de la rue de Montreuil.;;;;;Barrière d'octroi de l'enceinte des Fermiers généraux.;;;;
;3770;rue;;Montorgueil dite de la Poissonnerie;RUE MONTORGUEIL DITE DE LA POISSONNERIE;rue Montorgueil dite de la Poissonnerie;;;;;;;;;;;;;;;;Voir : Montorgueil (rue).;;;;;;;;;
;3813;rue;de la;Montagne;RUE DE LA MONTAGNE;rue de la Montagne;;;;;;;;;;;;;;;;Actuellement partie de la rue Saint-Roch.;;;;;;;;;
;4245;cité;;Maison Neuve;CITE MAISON NEUVE;cité Maison Neuve;;;;;;;;;;;;;;;;Supprimé. Elle était située rue des Eglantiers (supprimée).;;;;;;;;;
;4250;ruelle;de la;Maison de la Cloche;RUELLE DE LA MAISON DE LA CLOCHE;ruelle de la Maison de la Cloche;;;;;;;;;;;;;;;;Supprimé. Elle allait de la rue de la Pelleterie à la rivière.;;;;;;;;;
;4042;ruelle;;Masurier;RUELLE MASURIER;ruelle Masurier;;;;;;;;;;;;;;;;Voir : Beurrière (rue).;;;;;;;;;
;4062;rue;du;Martrai Saint-Jean;RUE DU MARTRAI SAINT-JEAN;rue du Martrai Saint-Jean;;;;;;;;;;;;;;;;Ou Martrai. Voir : Martrai (rue du).;;;;;;;;;
;4084;cour ou passage;de la;Marmite;COUR OU PASSAGE DE LA MARMITE;cour ou passage de la Marmite;;;;;;;;;;;;;;;;Voir : Commerce (pas. du).;;;;;;;;;
;4115;cour;;Margaux;COUR MARGAUX;cour Margaux;12e;;;;Bercy;;;;;;;;;;;Supprimée. Voie située dans les anciens entrepôts de Bercy. Précédemment cour Beaujolais.;;;;;Margaux, l'un des grands crus de la Gironde;;;;
;4165;pont;de la;Marchandise;PONT DE LA MARCHANDISE;pont de la Marchandise;;;;;;;;;;;;;;;;Remplacé par le pont au Change.;;;;;;;;;
;4172;rue;;Marceau;RUE MARCEAU;rue Marceau;;;;;;;;;;;;;;;;Actuellement rue de Rohan.;;;;;;;;;
;4196;chemin;des;Marais;CHEMIN DES MARAIS;chemin des Marais;12e;;1864-08-24;;Bel-Air, Picpus;;;;;;;;;;;Dénommée rue Michel Bizot (supprimée) par décret impérial du 24 août 1864.Supprimé par l'ouverture de l'avenue Daumesnil. Il commençait au boulevard de Reuilly et finissait à la porte de Picpus.;;;;;;;;;
;4208;cour;du;Manège;COUR DU MANEGE;cour du Manège;;;;;;;;;;;;;;;;Supprimé. Elle était située sur l'emplacement de la rue de Rivoli, à la hauteur de la rue d'Alger.;;;;;;;;;
;4403;allée;des;Lilas;ALLEE DES LILAS;allée des Lilas;;;;;;;;;;;;;;;;Supprimé. Commençait allée des Cultures (Supprimé.), finissait allée des Sureaux (Supprimé.).;;;;;;;;;
21;15028;place;;Marie-Claude Vaillant-Couturier;PLACE MARIE-CLAUDE VAILLANT-COUTURIER;place Marie-Claude Vaillant-Couturier;04e;2009-04-07;2019-07-11;;Saint-Gervais;;52;16;91B4,92C1;intersection du quai de l'Hôtel de Ville, rue du Pont Louis Philippe, rue de l'Hôtel de Ville, et rue Geoffroy l'Asnier.;;;;;;Dénommée place Marie-Claude Vaillant-Couturier et Pierre Villon par délibération municipale des 8, 9 10 et 11 juillet 2019;Délibération municipale du 6 et 7 avril 2009.;;;;Marie-Claude Vaillant-Couturier née Vogel (Paris, 1912-Paris, 1996), reporter-photographe. Présidente d'honneur de la Fondation pour la mémoire de la Déportation, titulaire du titre de Combattante Volontaire de la Résistance. Elle fut élevée au rang de Commandeur de la Légion d'honneur en 1995.;;;;
;8354;vicus;;Aufridi de Gressibus;VICUS AUFRIDI DE GRESSIBUS;vicus Aufridi de Gressibus;;;;;;;;;;;;;;;;Ou Aufroy des Grès (rue). Actuellement rue Pierre au Lard, partie débouchant rue Saint-Merri.;;;;;;;;;
;7783;porte;de;Bohême;PORTE DE BOHEME;porte de Bohême;;;;;;;;;;;;;;;;Ou Behaigne. Voir : Behaigne (porte de).;;;;;;;;;
;7822;rue;;Blanche;RUE BLANCHE;rue Blanche;;;;;;;;;;;;;;;;Actuellement partie de la rue Saint-Maur.;;;;;;;;;
;8412;cul-de-sac;;Arnoult de Charonne;CUL-DE-SAC ARNOULT DE CHARONNE;cul-de-sac Arnoult de Charonne;;;;;;;;;;;;;;;;Voir : Provençaux (imp. des).;;;;;;;;;
;8425;porte;d';Argencourt;PORTE D'ARGENCOURT;porte d'Argencourt;;;;;;;;;;;;;;;;Elle était située rue du Faubourg Saint-Honoré à la hauteur de la rue Matignon (son vrai nom est peut-être porte d'Argenteuil). Elle aurait aussi porté le nom de porte de Roolle (Roule), et de fausse porte Saint-Honoré.;;;;;;;;;
;7846;rue;des;Billettes;RUE DES BILLETTES;rue des Billettes;04e;;;;Saint-Gervais, Saint-Merri;;;;;;;;;;;"Actuellement partie de la rue des Archives, entre les rues de la Verrerie et Sainte-Croix de la Bretonnerie. Elle fut appelée rue des Jardins, à la fin du XIIIe siècle ; rue Où Dieu fut bouilli et rue du Dieu Bouliz, au XVe siècle.";;;;;;;;;
;8485;rue;;Antonin Proust;RUE ANTONIN PROUST;rue Antonin Proust;;;;;;;;;;;;;;;;Actuellement rue de Plélo.;;;;;;;;;
;8511;rue;d';Anjou;RUE D'ANJOU;rue d'Anjou;;;;;;;;;;;;;;;;Voir : Provençaux (imp. des).;;;;;;;;;
;7920;rue;de;Bercy Saint-Jean;RUE DE BERCY SAINT-JEAN;rue de Bercy Saint-Jean;04e;;1868-04-02;;Saint-Gervais;;;;;;;;;;;Dénommée partie de la rue du Roi de Sicile par arrêté préfectoral du 2 avril 1868.;;;Dite aussi rue de Bercy au Marais, ou rue de Bercy;;;;;;
;7274;impasse;;Chalon;IMPASSE CHALON;impasse Chalon;12e;;;;Quinze-Vingts;;66;4;;rue de Chalon, 30.;en impasse;6;7;Arrêté du 3 juin 1933.;;Supprimée en 1986.;;Arrêté du 3 juin 1933.;;;"Chalon-sur-Saône, sous-préfecture du département de Saône et Loire ; voisinage de la rue de Chalon.";Arrêté municipal du 7 mai 1986.;Arrêté du 3 juin 1933.;;
;7959;place;de;Bellechasse;PLACE DE BELLECHASSE;place de Bellechasse;;;;;;;;;;;;;;;;Actuellement sq. Samuel Rousseau (jardin public situé entre les rues Saint-Dominique, Las Cases, Casimir Périer et de Martignac), anciennement sq. Sainte-Clotilde.;;;;;;;;;
;7398;rue;du;Carrefour Guilleri;RUE DU CARREFOUR GUILLERI;rue du Carrefour Guilleri;;;;;;;;;;;;;;;;Voir : Jean de l'Epine (rue).;;;;;;;;;
;8065;cour;;Baudoin;COUR BAUDOIN;cour Baudoin;12e;;;;Bercy;;;;;;;;;;;Supprimée. Voie située dans les entrepôts de Bercy.;;;;;Entrepôt de M. Baudoin;;;;
;8080;place;;Baudéer;PLACE BAUDEER;place Baudéer;;;;;;;;;;;;;;;;Voir : Baudoyer (place).;;;;;;;;;
19;8106;barrière;des;Batailles;BARRIERE DES BATAILLES;barrière des Batailles;;1849-06-07;;;;;;;;;;;;;;Supprimée. Elle était située sur le passage du boulevard Delessert.;;;;;Barrière d'octroi de l'enceinte dite des Fermiers Généraux;;;;
;8727;rue;de l';Abreuvoir Mâcon;RUE DE L'ABREUVOIR MACON;rue de l'Abreuvoir Mâcon;;;;;;;;;;;;;;;;"Ou Abreuvoir Mascon. Actuellement partie de la rue de la Harpe. Ce nom désignait également une descente à la rivière autrement appelée le ""Cagnard"" et supprimée par la construction du quai Saint-Michel.";;;;;;;;;
;836;rue;des;Trois Portes;RUE DES TROIS PORTES;rue des Trois Portes;;;;;;;;;;;;;;;;Actuellement partie de la rue de Malte.;;;;;;;;;
;861;rue;des;Trois Chandelles;RUE DES TROIS CHANDELLES;rue des Trois Chandelles;;;;;;;;;;;;;;;;Supprimée par la création de la gare de Reuilly. Elle commençait rue Montgallet et finissait au chemin de fer de Vincennes. Elle existait à l'état de chemin vers 1730.;;;;;;;;;
;671;impasse;de;Venise;IMPASSE DE VENISE;impasse de Venise;;;;;;;;;;;;;;;;Supprimée par l'ouverture du boulevard de Sébastopol. Elle était située rue Quincampoix. En 1210, vicus de Byeria, rue de Bierre. En 1313, rue Brère, ensuite rue Bierne, rue de Bièvre dite rue Verte, puis rue Verte ou cul-de-sac Quincampoix et cul-de-sac de Venise. De 1793 à 1806, cul-de-sac Batave. En 1806, impasse de Venise.;;;;;;;;;
;732;voie;du;Valgirard;VOIE DU VALGIRARD;voie du Valgirard;;;;;;;;;;;;;;;;Actuellement partie de la rue de Vaugirard.;;;;;;;;;
;736;cour;;Valentin;COUR VALENTIN;cour Valentin;12e;;;;Bercy;;;;;;;;;;;Supprimée. Voie située dans les entrepôts de Bercy.;;;;;Entrepôt de M. Valentin;;;;
;744;rue;du;Val d'Amour;RUE DU VAL D'AMOUR;rue du Val d'Amour;;;;;;;;;;;;;;;;Voir : Glatigny (rue).;;;;;;;;;
;1243;impasse;de;Saxe;IMPASSE DE SAXE;impasse de Saxe;;;;;;;;;;;;;;;;Actuellement villa de Saxe.;;;;;;;;;
;962;villa;des;Tourelles;VILLA DES TOURELLES;villa des Tourelles;;;;;;;;;;;;;;;;Supprimée. Était située avenue d'Ivry, 67.;;;;;;;;;
;1000;rue;;Tironne;RUE TIRONNE;rue Tironne;;;;;;;;;;;;;;;;Voir : Pirouette (rue).;;;;;;;;;
;1031;rue;;Thibault aux Broches;RUE THIBAULT AUX BROCHES;rue Thibault aux Broches;;;;;;;;;;;;;;;;Actuellement partie de la rue Xavier Privas.;;;;;;;;;
;1052;passage;du;Théâtre de la Cité;PASSAGE DU THEATRE DE LA CITE;passage du Théâtre de la Cité;;;;;;;;;;;;;;;;Supprimé. Il allait de la rue de la Barillerie à la rue de la Vieille Draperie (Supprimé.).;;;;;;;;;
;1108;sentier;de la;Talmouse;SENTIER DE LA TALMOUSE;sentier de la Talmouse;;;;;;;;;;;;;;;;Supprimé. Commençait rue du Cormier (Supprimé.), finissait sentier des Bernages (Supprimé.).;;;;;;;;;
;1110;cul-de-sac;;Taitbout;CUL-DE-SAC TAITBOUT;cul-de-sac Taitbout;;;;;;;;;;;;;;;;Actuellement partie de la rue du Helder.;;;;;;;;;
;1540;rue;;Saint-Nicaise;RUE SAINT-NICAISE;rue Saint-Nicaise;;;;;;;;;;;;;;;;Supprimée lors de l'établissement de la place du Théâtre Français (Actuellement place André Malraux). Elle commençait alors rue de Rivoli et finissait rue Saint-Honoré. Ouverte vers 1616, son premier nom a été rue du Rempart, puis rue du Fossé Mademoiselle. Elle commençait rue des Orties du Louvre (Supprimé.).;;;;;;;;;
;1553;rue;;Saint-Médard;RUE SAINT-MEDARD;rue Saint-Médard;;;;;;;;;;;;;;;;Actuellement partie de la rue de la Clef.;;;;;;;;;
;1569;petite rue;;Saint-Martin;PETITE RUE SAINT-MARTIN;petite rue Saint-Martin;;;;;;;;;;;;;;;;Voir : Saint-Pierre des Arcis (rue).;;;;;;;;;
;1437;rue;;Saint-Vincent;RUE SAINT-VINCENT;rue Saint-Vincent;;;;;;;;;;;;;;;;Actuellement partie de la rue Saint-Roch.;;;;;;;;;
;1494;petite rue;;Saint-Pierre;PETITE RUE SAINT-PIERRE;petite rue Saint-Pierre;11e;;1868-04-02;;Saint-Ambroise;;;;;;;;;;;Dénommée partie de la rue Saint-Sabin par arrêté préfectoral du 2 avril 1868.;;;;;;;;;
;1501;cour;;Saint-Pierre;COUR SAINT-PIERRE;cour Saint-Pierre;12e;;1877-02-01;;Picpus;;;;;;;;;;;Dénommée cour Leby (supprimée en 1938) par arrêté préfectoral du 1er février 1877.;;;;;;;;;
;1513;ruelle;;Saint-Paul;RUELLE SAINT-PAUL;ruelle Saint-Paul;;;;;;;;;;;;;;;;Actuellement rue Eginhard.;;;;;;;;;
;1527;rue;;Saint-Nicolas du Louvre;RUE SAINT-NICOLAS DU LOUVRE;rue Saint-Nicolas du Louvre;;;;;;;;;;;;;;;;Voir : Orties du Louvre (rue des).;;;;;;;;;
;1253;rue;de;Sauternes;RUE DE SAUTERNES;rue de Sauternes;12e;;;;Bercy;;;;;;;;;;;Supprimée. Voie située dans les entrepôts de Bercy. Précédemment, rue d'Orléans.;;;;;Commune de la Gironde, centre de production de vins blancs renommés.;;;;
;1296;ruelle;;sans Bout;RUELLE SANS BOUT;ruelle sans Bout;;;;;;;;;;;;;;;;"C'était vers 1250 un cul-de-sac situé entre les rues Sainte-Croix de la Bretonnerie et du Four du Temple. Quelques auteurs attribuent aussi ce nom à la rue du Plâtre ; d'autres appellent ainsi un des cul-de-sac de la rue Barre du Bec. Voir aussi Petite Bastille (imp. de la).";;;;;;;;;
;1298;rue;au;Sanglier;RUE AU SANGLIER;rue au Sanglier;;;;;;;;;;;;;;;;Elle existait en 1313, près de la place Maubert.;;;;;;;;;
;1325;impasse;;Sainte-Opportune;IMPASSE SAINTE-OPPORTUNE;impasse Sainte-Opportune;;;;;;;;;;;;;;;;Actuellement rue Legouvé.;;;;;;;;;
;1827;place;;Saint-Catherine;PLACE SAINT-CATHERINE;place Saint-Catherine;;;;;;;;;;;;;;;;Voir : Birague (place de).;;;;;;;;;
;1580;porte;;Saint-Marcel;PORTE SAINT-MARCEL;porte Saint-Marcel;;;;;;;;;;;;;;;;Elle était située rue Descartes, près de la rue Thouin. Elle a aussi porté les noms de Bordet et Bordelle. Construite vers 1200, elle a été abattue en 1683 (enceinte de Philippe-Auguste).;;;;;;;;;
;1600;rue;;Saint-Louis;RUE SAINT-LOUIS;rue Saint-Louis;04e;;;;Notre-Dame;;;;;;;;;;;Actuellement rue des Deux Ponts.;;;;;;;;;
;1603;rue;;Saint-Louis;RUE SAINT-LOUIS;rue Saint-Louis;03e;;1865-10-02;;Archives, Enfants-Rouges;;;;;;;;;;;Dénommée partie de la rue de Turenne par décret impérial du 2 octobre 1865. Un arrêté préfectoral du 11 mars 1851 lui a réuni la rue Boucherat.;;;Dite aussi rue Saint-Louis au Marais;;;;;;
;1612;passage;;Saint-Louis;PASSAGE SAINT-LOUIS;passage Saint-Louis;04e;;1877-02-01;;Saint-Gervais;;;;;;;;;;;Dénommée passage Saint-Paul par arrêté préfectoral du 1er février 1877.;;;;;;;;;
;1661;rue;;Saint-Jean;RUE SAINT-JEAN;rue Saint-Jean;;;;;;;;;;;;;;;;Actuellement rue Censier.;;;;;;;;;
;1664;rue;;Saint-Jacques la Boucherie;RUE SAINT-JACQUES LA BOUCHERIE;rue Saint-Jacques la Boucherie;;;1851-03-11;;;;;;;;;;;;;"Dénommée partie de la rue de la Vannerie (supprimée) par arrêté préfectoral du 11 mars 1851.  Supprimée par l'ouverture de l'avenue Victoria. En 1300, d'après Guillot, on la nommait rue Saint-Jacques. On l'appelait en même temps rue de la Vannerie, parce qu'elle continuait cette dernière. Ensuite on la désigna sous le nom de rue du Porche Saint-Jacques, puis sous celui de Crucifix Saint-Jacques (1512). Plus tard rue de la Grande Boucherie, et enfin rue Saint-Jacques la Boucherie. Sauval prétend qu'elle aurait aussi été nommée rue des Rats.";;;;;;;;;
;1673;cloître;;Saint-Jacques de l'Hôpital;CLOITRE SAINT-JACQUES DE L'HOPITAL;cloître Saint-Jacques de l'Hôpital;;;1820-12-31;;;;;;;;;;;;;Supprimé vers 1820. Il était situé contre l'ancienne église Saint-Jacques de l'Hôpital, dans la partie de la rue Mauconseil absorbée par la rue Etienne Marcel.;;;;;;;;;
;1674;vieille rue;;Saint-Jacques;VIEILLE RUE SAINT-JACQUES;vieille rue Saint-Jacques;;;;;;;;;;;;;;;;Actuellement rue Censier.;;;;;;;;;
;1711;cour;;Saint-Guillaume;COUR SAINT-GUILLAUME;cour Saint-Guillaume;;;;;;;;;;;;;;;;Supprimé. Elle était située rue Rodier.;;;;;;;;;
;1799;impasse;;Saint-Claude Saint-Antoine;IMPASSE SAINT-CLAUDE SAINT-ANTOINE;impasse Saint-Claude Saint-Antoine;;;;;;;;;;;;;;;;Ou Saint-Claude. Supprimée au commencement du XIXe siècle. Il débouchait rue de Bercy et prolongeait la rue Moreau (tronçon supprimé). Il a été absorbé par la rue Saint-Claude (Actuellement av. Ledru-Rollin).;;;;;;;;;
;1800;rue;;Saint-Claude au Marais;RUE SAINT-CLAUDE AU MARAIS;rue Saint-Claude au Marais;03e;;1881-05-09;;Archives;;;;;;;;;;;Dénommée rue Saint-Claude par arrêté préfectoral du 9 mai 1881.;;;;;Ancienne enseigne de l'image Saint-Claude (XVIIe siècle).;;;;
;2045;barrière;de la;Roquette;BARRIERE DE LA ROQUETTE;barrière de la Roquette;11e;;;;Roquette;;;;;;;;;;;Elle était située boulevard de Ménilmontant en face de la rue de la Roquette.;;;;;Barrière d'octroi de l'enceinte des Fermiers généraux.;;;;
;2114;rue;de;Richebourg;RUE DE RICHEBOURG;rue de Richebourg;;;;;;;;;;;;;;;;Actuellement rue de Marengo.;;;;;;;;;
;2119;passage;du;Riche Laboureur;PASSAGE DU RICHE LABOUREUR;passage du Riche Laboureur;;;;;;;;;;;;;;;;Supprimé. Il était compris entre les rues Monsieur le Prince et de Condé.;;;;;;;;;
;2153;chemin de ronde;de;Reuilly;CHEMIN DE RONDE DE REUILLY;chemin de ronde de Reuilly;;;;;;;;;;;;;;;;Actuellement partie du boul. de Reuilly et de la place Félix Eboué.;;;;;;;;;
;2169;rue;des;Rentiers;RUE DES RENTIERS;rue des Rentiers;;;;;;;;;;;;;;;;Actuellement rue du Caire.;;;;;;;;;
;1888;partie du passage;;Sabra;PARTIE DU PASSAGE SABRA;partie du passage Sabra;;;;;;;;;;;;;;;;Supprimé. Il débouchait rue Pierre Laval (Supprimé.).;;;;;;;;;
;1916;rue;;Royale Saint-Martin;RUE ROYALE SAINT-MARTIN;rue Royale Saint-Martin;;;1851-02-18;;;;;;;;;;;;;Dénommée partie de la rue Réaumur par décret présidentiel du 18 février 1851 et arrêté préfectoral du 11 mars 1851.;;;;;;;;;
;1930;petite rue ou rue;;Royale;PETITE RUE OU RUE ROYALE;petite rue ou rue Royale;;;;;;;;;;;;;;;;Actuellement rue du Pas de la Mule.;;;;;;;;;
;1960;route;;Départementale N° 55;ROUTE DEPARTEMENTALE N? 55;route Départementale N° 55;;;;;;;;;;;;;;;;Actuellement av. du Maine.;;;;;;;;;
;1968;route;;Départementale N° 4;ROUTE DEPARTEMENTALE N? 4;route Départementale N° 4;;;;;;;;;;;;;;;;Absorbée par l'av. Foch.;;;;;;;;;
;1971;route;;Départementale N° 33;ROUTE DEPARTEMENTALE N? 33;route Départementale N° 33;;;;;;;;;;;;;;;;Actuellement rue de Tocqueville et rue de Lévis.;;;;;;;;;
;1977;route;;Départementale N° 29;ROUTE DEPARTEMENTALE N? 29;route Départementale N° 29;;;;;;;;;;;;;;;;Actuellement partie de l'av. de la Porte de Châtillon et rue de Boulainvilliers.;;;;;;;;;
;1986;route;;Départementale N° 23;ROUTE DEPARTEMENTALE N? 23;route Départementale N° 23;;;;;;;;;;;;;;;;Actuellement partie du quai de Bercy.;;;;;;;;;
13;2447;rue;;Poupée;RUE POUPEE;rue Poupée;;1300-01-01;;;;;;;;;;;;;;Supprimée par l'ouverture du boulevard Saint-Michel. Elle commençait rue de la Harpe et finissait rue Hautefeuille. Elle avait porté anciennement le nom de Laas ou de Lias. En 1200, on la nommait Popée. En 1300, Poupée. On a aussi écrit Poinpée et Pompée.;;;;;;;;;
;2456;rue;des;Pouliers;RUE DES POULIERS;rue des Pouliers;;;;;;;;;;;;;;;;Absorbée par la rue du Louvre.;;;;;;;;;
;2458;barrière;des;Poules;BARRIERE DES POULES;barrière des Poules;12e;;;;Bercy;;;;;;;;;;;Voir : Bercy (barrière de).;;;;;Barrière d'octroi de l'enceinte des Fermiers généraux.;;;;
;2470;rue;de la;Poterne;RUE DE LA POTERNE;rue de la Poterne;;;;;;;;;;;;;;;;Actuellement partie de la rue Beaubourg.;;;;;;;;;
;2220;pont;de la;Réforme;PONT DE LA REFORME;pont de la Réforme;;;;;;;;;;;;;;;;Nom donné en 1848 à l'ancien pont Louis-Philippe, maintenant supprimé. Il commençait à la rue du Pont Louis-Philippe, passait à l'extrémité de l'île Saint-Louis et aboutissait au quai aux Fleurs.;;;;;;;;;
;2248;rue ou chemin;de la;Rapée;RUE OU CHEMIN DE LA RAPEE;rue ou chemin de la Rapée;;;;;;;;;;;;;;;;Actuellement rue Villiot.;;;;;;;;;
;2268;rue;de la;Raison;RUE DE LA RAISON;rue de la Raison;;;;;;;;;;;;;;;;Voir : Neuve Notre-Dame (rue).;;;;;;;;;
;2283;rue;;Quirassis;RUE QUIRASSIS;rue Quirassis;;;;;;;;;;;;;;;;Ou Quiracie et Qui Rassis. Voir : Pierre Assis (rue).;;;;;;;;;
;2290;impasse;;Quintaine;IMPASSE QUINTAINE;impasse Quintaine;;;;;;;;;;;;;;;;Supprimé. par l'ouverture du boul. Ornano. Elle débouchait rue Saint-Denis (Actuellement rue du Mont Cenis).;;;;;;;;;
;2294;rue;de;Quiberon;RUE DE QUIBERON;rue de Quiberon;;;;;;;;;;;;;;;;Actuellement rue de Montpensier.;;;;;;;;;
;2385;chemin;de la;Procession;CHEMIN DE LA PROCESSION;chemin de la Procession;;;;;;;;;;;;;;;;Voir : Paris (petite rue de).;;;;;;;;;
;2396;cité;du;Prince Eugène;CITE DU PRINCE EUGENE;cité du Prince Eugène;;;;;;;;;;;;;;;;Actuellement cité Voltaire.;;;;;;;;;
;2773;rue;;Picpuce;RUE PICPUCE;rue Picpuce;;;;;;;;;;;;;;;;Actuellement rue de Picpus. L'orthographe de ce nom a varié. On écrit Piquepus, Picpuce, Picpusse et Picpus.;;;;;;;;;
;2691;impasse;de la;Planchette;IMPASSE DE LA PLANCHETTE;impasse de la Planchette;12e;;1877-02-01;;Quinze-Vingts;;;;;;;;;;;Dénommée impasse du Rabot par arrêté préfectoral du 1er février 1877.;;;;;;;;;
;2734;rue;;Pierre o Let;RUE PIERRE O LET;rue Pierre o Let;;;;;;;;;;;;;;;;Voir : Ecrivains (rue des).;;;;;;;;;
;2758;rue;;Pierre Allard;RUE PIERRE ALLARD;rue Pierre Allard;;;;;;;;;;;;;;;;Supprimé. Elle était une partie de la rue Pierre au Lard.;;;;;;;;;
;2497;rue;de la;Porte Saint-Merri;RUE DE LA PORTE SAINT-MERRI;rue de la Porte Saint-Merri;;;;;;;;;;;;;;;;Actuellement partie de la rue Saint-Martin entre les rues de la Verrerie et Saint-Merri.;;;;;;;;;
;2521;chemin tendant;de la;Porte de Buci au Pré aux Clercs;CHEMIN TENDANT DE LA PORTE DE BUCI AU PRE AUX CLERCS;chemin tendant de la Porte de Buci au Pré aux Clercs;;;;;;;;;;;;;;;;Actuellement rue de Seine.;;;;;;;;;
;2562;rue;des;Porcherons;RUE DES PORCHERONS;rue des Porcherons;;;;;;;;;;;;;;;;Actuellement rue des Martyrs.;;;;;;;;;
;2589;rue;du;Pont aux Biches Saint-Martin;RUE DU PONT AUX BICHES SAINT-MARTIN;rue du Pont aux Biches Saint-Martin;;;;;;;;;;;;;;;;Voir : Pont aux Biches (Rue du).;;;;;;;;;
;2594;rue;du;Pont au Change;RUE DU PONT AU CHANGE;rue du Pont au Change;;;;;;;;;;;;;;;;Voir : Joaillerie (rue de la).;;;;;;;;;
;2595;rue;du;Pont;RUE DU PONT;rue du Pont;;;;;;;;;;;;;;;;Actuellement partie de la rue de Beaune.;;;;;;;;;
;3078;rue;des;Parcheminiers;RUE DES PARCHEMINIERS;rue des Parcheminiers;;;;;;;;;;;;;;;;Actuellement rue de la Parcheminerie.;;;;;;;;;
;2807;rue;des;Petits Degrés;RUE DES PETITS DEGRES;rue des Petits Degrés;;;;;;;;;;;;;;;;Actuellement partie de la rue de l'Hôtel Colbert.;;;;;;;;;
;2827;;;Petite Rue;PETITE RUE;Petite Rue;;;;;;;;;;;;;;;;Voir : Saint-Jérôme (rue).;;;;;;;;;
;2847;rue;du;Petit Vaugirard;RUE DU PETIT VAUGIRARD;rue du Petit Vaugirard;;;;;;;;;;;;;;;;Actuellement partie de la rue du Cherche-Midi.;;;;;;;;;
;2867;rue;du;Petit Musse;RUE DU PETIT MUSSE;rue du Petit Musse;;;;;;;;;;;;;;;;Ou Petit Muce. Voir : Petit Muce (rue du).;;;;;;;;;
;2906;rue;du;Petit Bercy;RUE DU PETIT BERCY;rue du Petit Bercy;12e;;1967-12-31;;Bercy;;;;;;;;;;;Supprimée en 1967 par l'élargissement du quai de Bercy. Était située dans les entrepôts de Bercy.;;;;;;;;;
;2912;rue;;Pétiet;RUE PETIET;rue Pétiet;;;;;;;;;;;;;;;;Voir : Félix Pécaut (rue).;;;;;;;;;
;2924;rue;;Perrin Gasselin;RUE PERRIN GASSELIN;rue Perrin Gasselin;;;;;;;;;;;;;;;;Supprimée par l'ouverture de la rue de Rivoli. Elle commençait rue Saint-Denis et finissait rue de la Vieille Harengerie (Supprimé.). Elle a, d'après le plan de Ducerceau, porté, ainsi que la rue du Chevalier du Guet, le nom de rue de la Serpente.;;;;;;;;;
;2934;rue;de;Perpignan;RUE DE PERPIGNAN;rue de Perpignan;04e;;1865-05-22;;Notre-Dame;;;;;rue des Marmousets (Supprimée).;rue des Trois Canettes (Supprimée);;;;;Supprimée par la reconstruction de l'Hôtel Dieu (décret du 22 mai 1865). En 1203-1235, rue Cherauri. En 1241, rue Charauri ou Charrori. En 1300, Guillot dit Charoui. En 1370, rue Champron. En 1399, rue de Champrose. En 1482, rue de Champourri, Champrou puis de Champrousier, des Champs Rousiers, du Champflori, de Champrosy (1586).;;;;;;;;;
;2978;avenue;de la;Pépinière;AVENUE DE LA PEPINIERE;avenue de la Pépinière;;;;;;;;;;;;;;;;Actuellement partie de l'avenue de l'Observatoire.;;;;;;;;;
;2979;rue;de;Penthièvre;RUE DE PENTHIEVRE;rue de Penthièvre;;;;;;;;;;;;;;;;Actuellement rue Roquépine.;;;;;;;;;
;3011;rue;;Pavée d'Andouilles;RUE PAVEE D'ANDOUILLES;rue Pavée d'Andouilles;;;;;;;;;;;;;;;;Ou Pavée. Voir : Mûrier (rue du).;;;;;;;;;
;3025;rue;;Paul Seurat;RUE PAUL SEURAT;rue Paul Seurat;;;;;;;;;;;;;;;;Actuellement partie de la rue Emile Dubois.;;;;;;;;;
;3382;rue;;Neuve Saint-Père;RUE NEUVE SAINT-PERE;rue Neuve Saint-Père;;;;;;;;;;;;;;;;Actuellement rue des Saints-Pères.;;;;;;;;;
;3321;ruelle;;Notre-Dame;RUELLE NOTRE-DAME;ruelle Notre-Dame;;;;;;;;;;;;;;;;Voir : Orangerie (rue de l').;;;;;;;;;
;3097;rue;de;Paradis au Marais;RUE DE PARADIS AU MARAIS;rue de Paradis au Marais;03e, 04e;;1868-04-02;;Archives, Saint-Gervais;;;;;;;;;;;Dénommée partie de la rue des Francs Bourgeois par arrêté préfectoral du 2 avril 1868.;;;Dite aussi rue de Paradis;;;;;;
;3116;passage;;Pannier;PASSAGE PANNIER;passage Pannier;;;;;;;;;;;;;;;;Actuellement partie de la rue de l'Ermitage.;;;;;;;;;
;3134;cour;;Pajol;COUR PAJOL;cour Pajol;12e;;;;Bercy;;;;;;;;;;;Supprimée. Voie située dans les entrepôts de Bercy. Précédemment cour Pajot.;;;;;;;;;
;3161;rue;des;Oubloyers;RUE DES OUBLOYERS;rue des Oubloyers;;;;;;;;;;;;;;;;Ou Oublayers ou encore Oublieurs. Voir : Oublayers (rue des).;;;;;;;;;
;3702;rue;;Mouflard;RUE MOUFLARD;rue Mouflard;;;;;;;;;;;;;;;;Actuellement rue Mouffetard.;;;;;;;;;
;3517;rue;;Neuve de Clignancourt;RUE NEUVE DE CLIGNANCOURT;rue Neuve de Clignancourt;;;;;;;;;;;;;;;;Actuellement partie de la rue de Clignancourt.;;;;;;;;;
;3568;quai;de;Nesle;QUAI DE NESLE;quai de Nesle;;;;;;;;;;;;;;;;Actuellement quai de Conti.;;;;;;;;;
;3625;ruelle ou allée;des;Murs;RUELLE OU ALLEE DES MURS;ruelle ou allée des Murs;;;;;;;;;;;;;;;;Actuellement rue André Mazet.;;;;;;;;;
;3824;grant chaussée;de;Monsieur;GRANT CHAUSSEE DE MONSIEUR;grant chaussée de Monsieur;;;;;;;;;;;;;;;;Ou Monseigneur Saint-Denis. Actuellement rue Saint-Denis.;;;;;;;;;
21;15222;voie;;G/3;VOIE G/3;voie G/3;03e;2018-05-24;2019-11-15;;Archives;;;;92B3, 92B4;rue des Tournelles, 35.;rue des Tournelles, 37.;-;15;;;Dénommée allée Arnaud Beltrame par délibération municipale des 12, 14 et 15 novembre 2019. Voie intérieure créée dans le cadre d'une opération d'aménagement de la caserne des Minimes.;Décision de numérotage du 24 mai 2018.;;voie, propriété communale, destinée à être baillée.;;;;;;
;3865;rue;;Mofetard;RUE MOFETARD;rue Mofetard;;;;;;;;;;;;;;;;Actuellement rue Mouffetard.;;;;;;;;;
;8150;rue;de la;Barrière Saint-Denis;RUE DE LA BARRIERE SAINT-DENIS;rue de la Barrière Saint-Denis;;;;;;;;;;;;;;;;Voir : Denain (rue de).;;;;;;;;;
;8191;cour;des;Barnabites;COUR DES BARNABITES;cour des Barnabites;;;;;;;;;;;;;;;;Supprimé. par l'ouverture du boul. du Palais. Elle était située place du Palais de Justice, n° 3.;;;;;;;;;
;7593;rue;de;Brack;RUE DE BRACK;rue de Brack;;;;;;;;;;;;;;;;Actuellement rue Frochot.;;;;;;;;;
;7616;rue;des;Bouticles;RUE DES BOUTICLES;rue des Bouticles;;;;;;;;;;;;;;;;Actuellement partie de la rue Xavier Privas.;;;;;;;;;
;7634;rue;de;Bourgogne;RUE DE BOURGOGNE;rue de Bourgogne;;;;;;;;;;;;;;;;Actuellement partie de la rue de Bretagne.;;;;;;;;;
;6940;ruelle;du;Chevalier du Guet;RUELLE DU CHEVALIER DU GUET;ruelle du Chevalier du Guet;;;;;;;;;;;;;;;;Voir : Trois Poissons (ruelle des).;;;;;;;;;
;6965;chemin;;Vicinal Ordinaire N° 1;CHEMIN VICINAL ORDINAIRE N? 1;chemin Vicinal Ordinaire N° 1;;;;;;;;;;;;;;;;Actuellement rue Louis Pergaud.;;;;;;;;;
;4964;rue;;Hirondale;RUE HIRONDALE;rue Hirondale;;;;;;;;;;;;;;;;Actuellement rue de l'Hirondelle.;;;;;;;;;
;5601;passage;;Fougeat;PASSAGE FOUGEAT;passage Fougeat;;;;;;;;;;;;;;;;Actuellement rue de l'Avre.;;;;;;;;;
;5614;rue;des;Fossés Saint-Germain des Prés;RUE DES FOSSES SAINT-GERMAIN DES PRES;rue des Fossés Saint-Germain des Prés;;;;;;;;;;;;;;;;Actuellement rue de l'Ancienne Comédie.;;;;;;;;;
;5627;rue;des;Fossés de Franciade;RUE DES FOSSES DE FRANCIADE;rue des Fossés de Franciade;;;;;;;;;;;;;;;;Voir : Basse Porte Saint-Denis (rue).;;;;;;;;;
;5633;rue;des;Fossés;RUE DES FOSSES;rue des Fossés;;;;;;;;;;;;;;;;Actuellement rue de l'Ancienne Comédie.;;;;;;;;;
;6980;partie du;;Chemin Départemental N° 69;PARTIE DU CHEMIN DEPARTEMENTAL N? 69;partie du Chemin Départemental N° 69;;;;;;;;;;;;;;;;Actuellement boul. Gallieni.;;;;;;;;;
;5017;rue;;Helvétius;RUE HELVETIUS;rue Helvétius;;;;;;;;;;;;;;;;Actuellement rue Sainte-Anne.;;;;;;;;;
;5653;rue;;Forgier l'Asnier;RUE FORGIER L'ASNIER;rue Forgier l'Asnier;;;;;;;;;;;;;;;;Ou Frogier l'Asnier. Voir : Frogier l'Asnier (rue).;;;;;;;;;
;7039;rue;de la;Chaussée Saint-Honoré;RUE DE LA CHAUSSEE SAINT-HONORE;rue de la Chaussée Saint-Honoré;;;;;;;;;;;;;;;;Actuellement partie de la rue Saint-Honoré.;;;;;;;;;
;7057;place;aux;Chats;PLACE AUX CHATS;place aux Chats;;;;;;;;;;;;;;;;Actuellement imp. des Bourdonnais.;;;;;;;;;
;5040;ruelle;des;Hautes Vignoles;RUELLE DES HAUTES VIGNOLES;ruelle des Hautes Vignoles;11e;;1877-02-01;;Sainte-Marguerite;;;;;;;;;;;Dénommée partie du passage du Bureau par arrêté préfectoral du 1er février 1877.;;;;;;;;;
;5709;rue;de la;Folie Mauricaute;RUE DE LA FOLIE MAURICAUTE;rue de la Folie Mauricaute;;;;;;;;;;;;;;;;Voir : Folie Marcaut (rue de la).;;;;;;;;;
;5721;port;au;Foin;PORT AU FOIN;port au Foin;;;;;;;;;;;;;;;;Actuellement port de l'Hôtel de Ville.;;;;;;;;;
;6383;villa;;Damont;VILLA DAMONT;villa Damont;;;;;;;;;;;;;;;;Supprimé. par l'ouverture de la rue Gustave Zédé. Elle était située rue des Bauches, 21.;;;;;;;;;
;6385;passage;des;Dames Saint-Gervais;PASSAGE DES DAMES SAINT-GERVAIS;passage des Dames Saint-Gervais;;;;;;;;;;;;;;;;Actuellement rue des Hospitalières Saint-Gervais.;;;;;;;;;
;7074;rue;du;Château des Fleurs;RUE DU CHATEAU DES FLEURS;rue du Château des Fleurs;;;;;;;;;;;;;;;;Actuellement partie de la rue de Bassano.;;;;;;;;;
;7087;rue;du;Chastiau Festu;RUE DU CHASTIAU FESTU;rue du Chastiau Festu;;;;;;;;;;;;;;;;Actuellement partie de la rue Saint-Honoré.;;;;;;;;;
;7093;partie de la villa;;Chassagnole;PARTIE DE LA VILLA CHASSAGNOLE;partie de la villa Chassagnole;;;;;;;;;;;;;;;;Supprimé. en 1969 lors de l'aménagement de la zone. Etait située villa Chassagnole à la limite du territoire des Lilas.;;;;;;;;;
;5092;rue;de la;Hache;RUE DE LA HACHE;rue de la Hache;;;;;;;;;;;;;;;;Actuellement partie de la rue Berger.;;;;;;;;;
;6430;rue;de la;Culture Saint-Gervais;RUE DE LA CULTURE SAINT-GERVAIS;rue de la Culture Saint-Gervais;;;;;;;;;;;;;;;;Actuellement rue des Coutures Saint-Gervais.;;;;;;;;;
;90;voie;;DI/12;VOIE DI/12;voie DI/12;12e;;2013-12-18;;Bercy;;;;;;;;;;;Dénommée rue Louise Hervieu par délibération municipale des 16, 17 et 18 décembre 2013.;;;;;;;;;
;12371;rue;;Moret;RUE MORET;rue Moret;11e;;2024-02-09;;Folie-Méricourt;;200;12;73D1;rue Oberkampf, 133.;rue Jean-Pierre Timbaud, 102.;34;29;Non retenus au POS et non repris au PLU : Décret du 21 janvier 1853.;;Dénommée rue Marguerite Moret par délibération municipale des 6, 7, 8 et 9 février 2024.;;;;Arrêté du 16 mai 1883.;Nom de propriétaire.;;Décret du 13 juin 1853.;;Décret du 21 janvier 1853.
;341;passage;;Brunoy;PASSAGE BRUNOY;passage Brunoy;12e;;;;Quinze-Vingts;;165;4;;rue de Châlon, 26.;passage Raguinot, 11;24;21;;;Supprimé lors de l'aménagement de la Zac Châlon. La partie qui débouchait sur le passage Raguinot a été englobée dans la rue Paul-Henri Grauwin. Précédemment passage Hébert;;;;;M. Brunoy, propriétaire;;;Arrêté du 12 avril 1966.;
;15708;rue;;Bosc;RUE BOSC;rue Bosc;;;;;;;;;;;;;;;;;;;;;;;;;
;15600;chemin;des;Bornes;CHEMIN DES BORNES;chemin des Bornes;;;;;;;;;;;;;;;;Supprimé lors du lotissement des terrains de la plaine des Sablons. Il a été remplacé par les rues des Sablons.;;;;;;;;;
;15603;boulevard;des;Deux Moulins;BOULEVARD DES DEUX MOULINS;boulevard des Deux Moulins;;;;;;;;;;;;;;;;;;;;;;;;;
21;15375;voie;;D/4;VOIE D/4;voie D/4;04e;2021-02-05;2021-10-12;;Arsenal;;;;92C4;quai Henri IV, 36.;voie C/4.;16;15;;;Dénommée passage de l'Île Louviers par décision municipale du 12 octobre 2021.;Décision de numérotage du 5 février 2021.;;;;;;;;
;617;rue;des;Victoires Nationales;RUE DES VICTOIRES NATIONALES;rue des Victoires Nationales;;;;;;;;;;;;;;;;Ou Victoires. Voir : Victoires (rue des).;;;;;;;;;
;411;place;;Voltaire;PLACE VOLTAIRE;place Voltaire;11e;;1957-03-25;;Roquette;;;;;;;10;9;Décret du 29 août 1857, côté impair. Ce décret prévoyait également des alignements du côté pair qui n'ont pas été suivis. Contrat des 4 et 6 juillet 1863, côté pair.;;Dénommée place Léon Blum par arrêté préfectoral du 25 mars 1957. Précédemment, place du Prince Eugène.;Décision du maire de Paris du 25 octobre 1870.;;;;François Marie Arouet, dit Voltaire (1694-1778), écrivain français.;;;;Décret du 29 août 1857
;430;chemin;de la;Voirie;CHEMIN DE LA VOIRIE;chemin de la Voirie;;;;;;;;;;;;;;;;Actuellement rue René Boulanger.;;;;;;;;;
;438;rue;;Vivien;RUE VIVIEN;rue Vivien;;;;;;;;;;;;;;;;Actuellement partie de la rue Vivienne.;;;;;;;;;
;464;chemin de ronde;de;Vincennes;CHEMIN DE RONDE DE VINCENNES;chemin de ronde de Vincennes;11e;;1864-12-30;;Sainte-Marguerite;;;;;;;;;;;Dénommé partie du boulevard de Charonne par arrêté préfectoral du 30 décembre 1864.;;;;;;;;;
;489;rue;de;Villequier;RUE DE VILLEQUIER;rue de Villequier;;;;;;;;;;;;;;;;Voir : Poulies (rue des).;;;;;;;;;
;524;rue;des;Vignes;RUE DES VIGNES;rue des Vignes;;;;;;;;;;;;;;;;Actuellement partie de la rue du Pot de Fer.;;;;;;;;;
;556;rue;des;Vieilles Étuves Saint-Martin;RUE DES VIEILLES ETUVES SAINT-MARTIN;rue des Vieilles Étuves Saint-Martin;04e;;1881-01-24;;Saint-Merri;;;;;rue Beaubourg.;rue Saint-Martin;;;;;"Dénommée rue des Étuves Saint-Martin par arrêté du 24 janvier 1881. Précédemment, rue des Vieilles Étuves. En 1350, c'était la rue Geoffroy des Bains ou Geoffroy des Estuves ; en 1300, la rue des Estuves.";;;Dite aussi rue des Vieilles Étuves;;Des étuves étaient situées dans cette voie.;;;;
;567;rue;de la;Vieille Pelleterie;RUE DE LA VIEILLE PELLETERIE;rue de la Vieille Pelleterie;;;;;;;;;;;;;;;;Supprimée en 1860. Elle commençait rue de la Cité et finissait rue de la Barillerie (Supprimé.). D'après les anciens titres, elle se serait appelée rue Macra Madiana. Lacaille la nomme rue de la Vieille Pelleterie. Elle portait ce nom dès 1183. Un édit du roi, de 1786, prescrivit de démolir les maisons du côté de la rivière. On lui a donné, vers 1806, le nom de rue Desaix. Mais elle reprit le nom de la Pelleterie en 1814.;;;;;;;;;
;762;chemin;des;Vachers;CHEMIN DES VACHERS;chemin des Vachers;;;;;;;;;;;;;;;;Actuellement rue Rousselet.;;;;;;;;;
;929;rue;;Tranchepain;RUE TRANCHEPAIN;rue Tranchepain;;;;;;;;;;;;;;;;Voir : Taille-Pain (rue).;;;;;;;;;
;933;rue;du;Traihouer;RUE DU TRAIHOUER;rue du Traihouer;;;;;;;;;;;;;;;;Ou Traihoir. Voir : Traihoir (rue du).;;;;;;;;;
;4466;square;;Legrand du Saulle;SQUARE LEGRAND DU SAULLE;square Legrand du Saulle;;;;;;;;;;;;;;;;Actuellement sq. André Dreyer.;;;;;;;;;
;4500;cité;;Laurent de Jussieu;CITE LAURENT DE JUSSIEU;cité Laurent de Jussieu;;;;;;;;;;;;;;;;Actuellement rue Duvivier.;;;;;;;;;
;4411;rue;de;Libourne;RUE DE LIBOURNE;rue de Libourne;12e;;;;Bercy;;;;;;;;;;;Supprimée. Voie située dans les entrepôts de Bercy.;;;;;Ville du département de la Gironde.;;;;
;4420;cité;;Liandier;CITE LIANDIER;cité Liandier;11e;;1972-12-31;;Sainte-Marguerite;;80;4;;rue de Charonne, 142.;;10;11;;;Supprimée en 1972.;;;;;M. Liandier, propriétaire.;;;Arrêté du 6 juin 1914.;
;4425;passage;;Levée;PASSAGE LEVEE;passage Levée;;;;;;;;;;;;;;;;Supprimé. en 1971. Il commençait rue du Chevaleret, 189 et finissait rue Dunois, 64.;;;;;;;;;
;4430;rue;de;Leude;RUE DE LEUDE;rue de Leude;;;;;;;;;;;;;;;;Actuellement rue Vaneau.;;;;;;;;;
;4555;passage;;Lacoste;PASSAGE LACOSTE;passage Lacoste;;;;;;;;;;;;;;;;Actuellement rue Erckmann-Chatrian.;;;;;;;;;
;4529;cité;;Lamoureux;CITE LAMOUREUX;cité Lamoureux;;;;;;;;;;;;;;;;Actuellement partie pas. Poncelet.;;;;;;;;;
;4303;rue;;Mabille;RUE MABILLE;rue Mabille;;;;;;;;;;;;;;;;Actuellement rue Gauthey.;;;;;;;;;
;4328;chemin;de;Louvres;CHEMIN DE LOUVRES;chemin de Louvres;;;;;;;;;;;;;;;;Actuellement av. de Flandre et av. Corentin Cariou.;;;;;;;;;
;4359;passage;;Loron;PASSAGE LORON;passage Loron;12e;;;;Bercy;;;;;;;;;;;Supprimé. Voie située dans les entrepôts de Bercy.;;;;;Entrepôt de M. Loron.;;;;
;4391;rue;du;Lion;RUE DU LION;rue du Lion;;;;;;;;;;;;;;;;Voir : Petit Lion Saint-Sauveur (rue du).;;;;;;;;;
;8335;rue;;Aumer;RUE AUMER;rue Aumer;;;;;;;;;;;;;;;;Actuellement rue de Fontarabie et partie de la rue de Bagnolet.;;;;;;;;;
;8339;rue;;Aumair;RUE AUMAIR;rue Aumair;03e;;;;Arts et Metiers;;;;;;;;;;;Ou Aumaire. Actuellement rue au Maire.;;;;;;;;;
;8347;ruelle;;Augustin;RUELLE AUGUSTIN;ruelle Augustin;;;;;;;;;;;;;;;;Ou Augustine. Actuellement rue des Trois Portes.;;;;;;;;;
;7105;barrière;de;Chartres;BARRIERE DE CHARTRES;barrière de Chartres;;;;;;;;;;;;;;;;Supprimé. Elle était située boul. de Courcelles, à l'entrée du parc de Monceau.;;;;;;;;;
;7114;rue;de la;Charronnerie;RUE DE LA CHARRONNERIE;rue de la Charronnerie;;;;;;;;;;;;;;;;Actuellement rue de la Ferronnerie.;;;;;;;;;
;7125;ruelle;;Charpentier;RUELLE CHARPENTIER;ruelle Charpentier;12e;;;;Picpus;;;;;;;;;;;Supprimée par une décision du Conseil Municipal du 29 septembre 1839. Elle commençait chemin de la Croix Rouge (rue de Picpus) et finissait rue de Reuilly.;;;;;;;;;
;5131;rue;;Guiet de l'Épine;RUE GUIET DE L'EPINE;rue Guiet de l'Épine;;;;;;;;;;;;;;;;Actuellement rue de La Sourdière.;;;;;;;;;
;5153;rue;à la;Guépine;RUE A LA GUEPINE;rue à la Guépine;04e;;;;Saint-Gervais;;;;;;;;;;;Supprimée. Elle était située rue de Jouy, 17. C'était anciennement le cul-de-sac d'Aguespine. Au milieu du XIIIe siècle, c'était la rue à la Guépine.;;;;;;;;;
;5807;place;;Fénelon;PLACE FENELON;place Fénelon;;;;;;;;;;;;;;;;Supprimé. Elle était située derrière l'église Notre-Dame.;;;;;;;;;
;6493;chemin et voye;;Creuse;CHEMIN ET VOYE CREUSE;chemin et voye Creuse;;;;;;;;;;;;;;;;Actuellement rue Jean Dolent.;;;;;;;;;
;6497;rue;;Crapez;RUE CRAPEZ;rue Crapez;;;;;;;;;;;;;;;;Actuellement rue Denis Poisson.;;;;;;;;;
;6502;cul-de-sac;;Coypel;CUL-DE-SAC COYPEL;cul-de-sac Coypel;;;;;;;;;;;;;;;;Actuellement passage des Deux Sœurs.;;;;;;;;;
;7181;rue;des;Chaps;RUE DES CHAPS;rue des Chaps;;;;;;;;;;;;;;;;Actuellement rue des Déchargeurs.;;;;;;;;;
;7186;passage;;Chapon;PASSAGE CHAPON;passage Chapon;03e;;;;Sainte-Avoye;;;;;;;;;;;Actuellement passage des Gravilliers.;;;;;;;;;
;5169;rue;;Grosnière;RUE GROSNIERE;rue Grosnière;;;;;;;;;;;;;;;;Ou Grosnier. Voir : Grosnier (rue).;;;;;;;;;
;5823;rue;de la;Fausse Poterne;RUE DE LA FAUSSE POTERNE;rue de la Fausse Poterne;;;;;;;;;;;;;;;;Actuellement partie de la rue Beaubourg.;;;;;;;;;
;5848;passage;;Fallempin;PASSAGE FALLEMPIN;passage Fallempin;;;;;;;;;;;;;;;;Actuellement rue Fallempin.;;;;;;;;;
;5853;place;au;Fain;PLACE AU FAIN;place au Fain;;;;;;;;;;;;;;;;Voir : Trois Maries (place des).;;;;;;;;;
;6558;rue;;Coupe Gueule;RUE COUPE GUEULE;rue Coupe Gueule;;;;;;;;;;;;;;;;Supprimé. D'après Sauval, elle existait en 1258, entre les rues de la Sorbonne et des Maçons Sorbonne (Actuellement rue Champollion).;;;;;;;;;
;7213;rue;;Chanterelle;RUE CHANTERELLE;rue Chanterelle;;;;;;;;;;;;;;;;Ou Chantereine. Voir : Chantereine (rue).;;;;;;;;;
;7218;rue;;Chandelière;RUE CHANDELIERE;rue Chandelière;;;;;;;;;;;;;;;;Actuellement partie de la rue Xavier Privas.;;;;;;;;;
;5253;;;Grand Pont;GRAND PONT;Grand Pont;;;;;;;;;;;;;;;;Remplacé par le pont au Change.;;;;;;;;;
;5872;rue;de l';Évêque;RUE DE L'EVEQUE;rue de l'Évêque;;;;;;;;;;;;;;;;Voir : Evêché (rue de l').;;;;;;;;;
;5874;rue;de l';Évêché;RUE DE L'EVECHE;rue de l'Évêché;;;;;;;;;;;;;;;;Supprimé. en 1831. Elle commençait au Pont au Double et finissait place du Parvis Notre-Dame. En 1282, rue du Port l'Evêque ou rue des Bateaux, puis de l'Evêque et enfin rue de l'Evêché.;;;;;;;;;
;5882;rue;des;Étuves Saint-Michel;RUE DES ETUVES SAINT-MICHEL;rue des Étuves Saint-Michel;04e;;;;Notre-Dame;;;;;;;;;;;Supprimée vers la fin du XVIIe siècle. Elle était située rue de la Barillerie (Actuellement boul. du Palais) en face de l'église Saint-Eloi (démolie).;;;;;;;;;
;6597;cul-de-sac;des;Cordiers;CUL-DE-SAC DES CORDIERS;cul-de-sac des Cordiers;;;;;;;;;;;;;;;;Voir : Thévenot (rue).;;;;;;;;;
;4604;rue;de la;Juyrie;RUE DE LA JUYRIE;rue de la Juyrie;;;;;;;;;;;;;;;;Voir : Juiverie (rue de la).;;;;;;;;;
;4614;rue;de la;Jusrie;RUE DE LA JUSRIE;rue de la Jusrie;;;;;;;;;;;;;;;;Actuellement partie de la rue de la Cité.;;;;;;;;;
;5274;passage;des;Gouvieux;PASSAGE DES GOUVIEUX;passage des Gouvieux;;;;;;;;;;;;;;;;Supprimé. Commençait sentier des Vaugaris (Supprimé.), finissait rue Adanson (rue).;;;;;;;;;
;5290;rue;au;Goulier dite du Renard;RUE AU GOULIER DITE DU RENARD;rue au Goulier dite du Renard;;;;;;;;;;;;;;;;Ou Goulier. Voir : Goulier (rue au).;;;;;;;;;
;5291;rue;au;Goulier;RUE AU GOULIER;rue au Goulier;;;;;;;;;;;;;;;;Ou Goulier dite du Renard. Actuellement imp. des Trois Visages.;;;;;;;;;
;5931;rue;de l';Escrivenerie;RUE DE L'ESCRIVENERIE;rue de l'Escrivenerie;;;;;;;;;;;;;;;;Actuellement rue de la Parcheminerie.;;;;;;;;;
;5932;rue;des;Escoufles;RUE DES ESCOUFLES;rue des Escoufles;;;;;;;;;;;;;;;;Ou Escoufle (rue de l'). Voir : Escoufle (rue de l').;;;;;;;;;
;5933;rue;de l';Escoufle;RUE DE L'ESCOUFLE;rue de l'Escoufle;;;;;;;;;;;;;;;;Ou Escoufles (rue des). Actuellement rue des Ecouffes.;;;;;;;;;
;5934;rue;des;Escouffes;RUE DES ESCOUFFES;rue des Escouffes;;;;;;;;;;;;;;;;Actuellement rue des Ecouffes.;;;;;;;;;
;5333;rue;;Gilbert l'Anglais;RUE GILBERT L'ANGLAIS;rue Gilbert l'Anglais;;;;;;;;;;;;;;;;Voir : Monnaie (petite rue ou rue de la).;;;;;;;;;
;6655;boulevard;de la;Contrescarpe;BOULEVARD DE LA CONTRESCARPE;boulevard de la Contrescarpe;12e;;;;Quinze-Vingts;;;;;;;;;;;Actuellement boulevard de la Bastille.;;;;;;;;;
;6656;rue;du;Contrat Social;RUE DU CONTRAT SOCIAL;rue du Contrat Social;;;;;;;;;;;;;;;;Supprimée par l'ouverture de la rue Berger. Elle commençait rue de la Tonnellerie (Supprimée) et finissait rue des Prouvaires. Percée vers 1786, elle a d'abord porté le nom de Calonne. En 1790, on lui donna le nom de La Fayette. En 1792, celui du Contrat Social.;;;;;;;;;
;6658;place;des;Consuls;PLACE DES CONSULS;place des Consuls;;;;;;;;;;;;;;;;Actuellement place du Palais Bourbon.;;;;;;;;;
;6671;place;du;Conseil des Cinq Cents;PLACE DU CONSEIL DES CINQ CENTS;place du Conseil des Cinq Cents;;;;;;;;;;;;;;;;Actuellement place du Palais Bourbon.;;;;;;;;;
;4694;rue;;Jehan Savary;RUE JEHAN SAVARY;rue Jehan Savary;;;;;;;;;;;;;;;;Voir : Vieilles Garnisons (rue des).;;;;;;;;;
;6692;porte;au;Comte d'Artois;PORTE AU COMTE D'ARTOIS;porte au Comte d'Artois;;;;;;;;;;;;;;;;Ou Comtesse d'Artois (porte à la). Voir : Comtesse d'Artois (porte à la).;;;;;;;;;
;6705;passage;du;Commerce Saint-André;PASSAGE DU COMMERCE SAINT-ANDRE;passage du Commerce Saint-André;;;;;;;;;;;;;;;;Commençait rue Saint-André des Arts, 61 et finissait boulevard Saint-Germain, 130.;;;;;;;;;
;4702;rue;;Jehan Le Comte;RUE JEHAN LE COMTE;rue Jehan Le Comte;;;;;;;;;;;;;;;;Voir : Avignon (rue d').;;;;;;;;;
;6018;rue;;Émauri de Roissy;RUE EMAURI DE ROISSY;rue Émauri de Roissy;;;;;;;;;;;;;;;;Actuellement partie de la rue de La Reynie.;;;;;;;;;
;6766;cul-de-sac;;Cocerel;CUL-DE-SAC COCEREL;cul-de-sac Cocerel;;;;;;;;;;;;;;;;Ou Coterel. Cette voie était située rue des Mathurins (Actuellement rue Du Sommerard) et séparait le Palais des Thermes du couvent des Mathurins.;;;;;;;;;
;4761;rue;;Jean de Fontenay;RUE JEAN DE FONTENAY;rue Jean de Fontenay;;;;;;;;;;;;;;;;Ancien nom d'une partie Supprimé. de la rue Saint-Germain l'Auxerrois, vers la rue Saint-Denis.;;;;;;;;;
;5433;rue;;Garance;RUE GARANCE;rue Garance;;;;;;;;;;;;;;;;Ou Garancée. Actuellement rue Garancière.;;;;;;;;;
;6810;rue;du;Cloître Saint-Jacques;RUE DU CLOITRE SAINT-JACQUES;rue du Cloître Saint-Jacques;;;;;;;;;;;;;;;;Actuellement partie de la rue Pierre Lescot.;;;;;;;;;
;4794;impasse;des;Jardiniers;IMPASSE DES JARDINIERS;impasse des Jardiniers;11e;;1877-02-01;;Sainte-Marguerite;;;;;;;;;;;Dénommée passage Dumas par arrêté préfectoral du 1er février 1877.;;;;;;;;;
;4808;rue;;Jacques de Brosse;RUE JACQUES DE BROSSE;rue Jacques de Brosse;04e;;1881-06-04;;Saint-Gervais;;;;;;;;;;;Dénommée rue de Brosse par arrêté préfectoral du 4 juin 1881.;;;;;"Salomon de Brosse, appelé à tort Jacques de Brosse (mort en 1626), architecte du Palais du Luxembourg et du portail de l'église Saint-Gervais ; voisinage de cette église.";;;;
;6107;quai;de l';École Saint-Germain devant les Buttes;QUAI DE L'ECOLE SAINT-GERMAIN DEVANT LES BUTTES;quai de l'École Saint-Germain devant les Buttes;;;;;;;;;;;;;;;;Actuellement partie du quai du Louvre.;;;;;;;;;
;6119;rue;de l';Écofle;RUE DE L'ECOFLE;rue de l'Écofle;;;;;;;;;;;;;;;;Actuellement rue des Ecouffes.;;;;;;;;;
;6135;avenue;;E;AVENUE E;avenue E;;;;;;;;;;;;;;;;Actuellement av. Dutuit.;;;;;;;;;
;6819;rue;;Clochepin;RUE CLOCHEPIN;rue Clochepin;;;;;;;;;;;;;;;;Actuellement rue Hector Malot.;;;;;;;;;
;6821;sentier;de la;Cloche à l'Eau;SENTIER DE LA CLOCHE A L'EAU;sentier de la Cloche à l'Eau;;;;;;;;;;;;;;;;Actuellement rue des Partants et rue Villiers de l'Isle Adam.;;;;;;;;;
;4834;cité;des;Italiens;CITE DES ITALIENS;cité des Italiens;;;;;;;;;;;;;;;;Dénomination qui avait été donnée à une amorce du boul. Haussmann située rue Le Peletier, 3.;;;;;;;;;
19;4844;passage;de l';Isly;PASSAGE DE L'ISLY;passage de l'Isly;11e;1844-11-04;1875-02-10;;Folie-Méricourt;;;;;;;;;;;Dénommé passage Bouchardy par décret présidentiel du 10 février 1875. Actuellement rue Robert-Houdin.;Ordonnance de police du 4 novembre 1844.;;;;Victoire remportée sur les Marocains le 14 août 1844 par le maréchal Bugeaud.;;;;Ouvert en 1829, régularisé par ordonnance de police du 4 novembre 1844.
;4858;avenue;des;Invalides;AVENUE DES INVALIDES;avenue des Invalides;;;;;;;;;;;;;;;;Actuellement av. de Tourville.;;;;;;;;;
;5488;ruella;;Furni;RUELLA FURNI;ruella Furni;;;;;;;;;;;;;;;;Voir : Beurrière (rue).;;;;;;;;;
;5498;rue;;Fromentel;RUE FROMENTEL;rue Fromentel;;;;;;;;;;;;;;;;Actuellement rue de Lanneau.;;;;;;;;;
;5502;rue;de la;Fromagerie;RUE DE LA FROMAGERIE;rue de la Fromagerie;;;;;;;;;;;;;;;;Supprimé. en 1854. Elle commençait rue du Marché aux Poirées (Supprimé.) et finissait rue de la Tonnellerie (Supprimé.). On la nommait autrefois rue de la Vieille Fromagerie. Guillot dit Formagerie.;;;;;;;;;
;5506;impasse;;Froissart;IMPASSE FROISSART;impasse Froissart;03e;;1890-04-18;;Enfants-Rouges;;;;;;;;;;;Dénommée partie de la rue Froissart par arrêté préfectoral du 18 avril 1890.;;;;;;;;;
;6866;place;des;Cinq Cents;PLACE DES CINQ CENTS;place des Cinq Cents;;;;;;;;;;;;;;;;Actuellement place du Palais Bourbon.;;;;;;;;;
;4905;rue;;Hue Leu;RUE HUE LEU;rue Hue Leu;;;;;;;;;;;;;;;;Ou Huleu. Voir : Huleu (rue).;;;;;;;;;
;5528;rue;de la;Fraternité;RUE DE LA FRATERNITE;rue de la Fraternité;;;;;;;;;;;;;;;;Actuellement rue Saint-Louis en l'Ile.;;;;;;;;;
;5532;rue;;Frapault;RUE FRAPAULT;rue Frapault;;;;;;;;;;;;;;;;Voir : Phélipeaux (rue).;;;;;;;;;
;5538;barrière;;Franklin;BARRIERE FRANKLIN;barrière Franklin;;;;;;;;;;;;;;;;Supprimé. Elle était située rue des Bonshommes (Supprimé.), à peu près à la hauteur de la rue Chardin et sur le chemin de ronde qui aboutissait à l'extrémité de la rue Vineuse.;;;;;;;;;
;5558;boulevard;;Franciade;BOULEVARD FRANCIADE;boulevard Franciade;;;;;;;;;;;;;;;;Actuellement boul. Saint-Denis.;;;;;;;;;
21;123;square;;André Tollet;SQUARE ANDRE TOLLET;square André Tollet;03e, 11e;2004-04-29;2013-04-23;;Enfants-Rouges, Folie-Méricourt;;;;;place de la République.;;;;;;Supprimé lors du réaménagement de la place de la République. Une esplanade André Tollet a été dénommée par délibération municipale des 22 et 23 avril 2013.;Arrêté municipal du 29 avril 2004.;;;;"André Tollet (Paris, 1913-2001), syndicaliste dès l'âge de 15 ans; résistant, a joué un rôle majeur dans la libération de Paris; fut un des dirigeants nationaux de la CGT et de l'Union Confédérale des retraités CGT.";;;;
;56;voie;;AG/11;VOIE AG/11;voie AG/11;11e;;2015-10-01;;Roquette;;42;8;93A2;villa Marcès, 17.;en impasse.;-;21;;;"Dénommée partie de la villa Marcès par délibération municipale des 28, 29, 30 septembre et 1er octobre 2015. Voie projetée dans le cadre de l'aménagement du secteur ""Breguet Chemin Vert"", en prolongement de la villa Marcès.";;;;;;;;;
;371;voie;;Y/11;VOIE Y/11;voie Y/11;11e;;;;Saint-Ambroise;;;;;;;;;;;Supprimé. Etait située boulevard Voltaire, 76.;;;;;;;;;
;15706;quai;des;Ursins;QUAI DES URSINS;quai des Ursins;;;;;;;;;;;;;;;;Nom donné par lettres patentes du 22 avril 1769 au projet d'ouverture (non exécuté) d'un quai entre le pont Notre-Dame et la rue Saint-Pierre aux Boeufs.;;;;;;;;;
;15773;voie;;W/12;VOIE W/12;voie W/12;12e;;1974-12-31;;Bel-Air;;;;;rue du Rendez-Vous, 60.;en impasse.;;;;;Supprimée en 1974.;;;;;;;;;
;15531;impasse;;Libert;IMPASSE LIBERT;impasse Libert;12e;;1867-02-26;;Bercy;;;;;place de l'Église (actuellement place Lachambeaudie).;;;;;;Dénommée impasse de la Nativité (supprimée) par arrêté préfectoral du 26 février 1867.;;;;;;;;;
18;15624;place;de la;Liberté;PLACE DE LA LIBERTE;place de la Liberté;;1792-06-27;;;;;;;;;;;;;;Actuellement place de la Bastille.;Décret de l'Assemblée nationale du 27 juin 1792.;;;;;;;;
;15643;impasse;de la;Bonne Graine;IMPASSE DE LA BONNE GRAINE;impasse de la Bonne Graine;11e;;1825-12-31;;Sainte-Marguerite;;;;;rue du Faubourg Saint-Antoine;;;;;;Devenue passage de la Bonne Graine après son prolongement en 1825.;;;;;On faisait autrefois le commerce des grains dans cette voie.;;;;
;625;vicus;;Vetus Bouclearia;VICUS VETUS BOUCLEARIA;vicus Vetus Bouclearia;;;;;;;;;;;;;;;;Actuellement partie de la rue de la Harpe.;;;;;;;;;
;432;sentier;de la;Voie Neuve;SENTIER DE LA VOIE NEUVE;sentier de la Voie Neuve;;;;;;;;;;;;;;;;Actuellement rue des Grands Champs.;;;;;;;;;
;447;rue;;Virgile;RUE VIRGILE;rue Virgile;;;;;;;;;;;;;;;;Supprimé. par un décret du 6 mars 1858. Elle commençait rue de la Pompe et finissait rue Mignard.;;;;;;;;;
;536;place;du;Vieux Marché;PLACE DU VIEUX MARCHE;place du Vieux Marché;03e;;1878-02-13;;Arts et Metiers;;;;;;;;;;;Dénommée partie de la rue Bailly par arrêté préfectoral du 13 février 1878.;;;;;;;;;
;538;place;du;Vieux Cimetière Saint-Jean;PLACE DU VIEUX CIMETIERE SAINT-JEAN;place du Vieux Cimetière Saint-Jean;;;;;;;;;;;;;;;;Actuellement partie de la rue du Bourg Tibourg et de la place Baudoyer.;;;;;;;;;
;587;rue;de la;Vieille Courroierie;RUE DE LA VIEILLE COURROIERIE;rue de la Vieille Courroierie;;;;;;;;;;;;;;;;Actuellement partie de la rue Quincampoix.;;;;;;;;;
;784;sentier;de l';Uis des Ruelles;SENTIER DE L'UIS DES RUELLES;sentier de l'Uis des Ruelles;;;;;;;;;;;;;;;;Voir : Pressoir de l'Hôtel Dieu (sentier du).;;;;;;;;;
;3991;grand chemin;de;Meaux;GRAND CHEMIN DE MEAUX;grand chemin de Meaux;;;;;;;;;;;;;;;;Actuellement partie de l'av. Jean Jaurès.;;;;;;;;;
20;3886;rue;du;Minervois;RUE DU MINERVOIS;rue du Minervois;12e;1910-01-20;;;Bercy;;;;;;;;;;;Supprimée. Voie située dans les entrepôts de Bercy.;Arrêté du 20 janvier 1910;;;;Région vinicole du département de l'Aude;;;;
;3907;villa;;Michon;VILLA MICHON;villa Michon;;;;;;;;;;;;;;;;Actuellement villa Boissière.;;;;;;;;;
;3947;chemin;du;Mesnil;CHEMIN DU MESNIL;chemin du Mesnil;;;;;;;;;;;;;;;;Actuellement partie de la rue de la Fontaine au Roi.;;;;;;;;;
;3753;chemin de ronde;de;Montreuil;CHEMIN DE RONDE DE MONTREUIL;chemin de ronde de Montreuil;11e;;1864-12-30;;Sainte-Marguerite;;;;;;;;;;;Dénommé partie du boulevard de Charonne par arrêté préfectoral du 30 décembre 1864.;;;;;;;;;
;3822;rue;du;Mont;RUE DU MONT;rue du Mont;;;;;;;;;;;;;;;;Actuellement rue de la Montagne Sainte-Geneviève.;;;;;;;;;
;4246;place;de la;Maison Égalité;PLACE DE LA MAISON EGALITE;place de la Maison Égalité;;;;;;;;;;;;;;;;Actuellement place du Palais Royal.;;;;;;;;;
;4270;rue;;Maillet;RUE MAILLET;rue Maillet;;;;;;;;;;;;;;;;Actuellement rue Cassini.;;;;;;;;;
;4063;rue;du;Martrai;RUE DU MARTRAI;rue du Martrai;;;;;;;;;;;;;;;;Ou Martroi Saint-Jean, ou encore Martrai Saint-Jean. Voir : Vieilles Garnisons (rue des).;;;;;;;;;
;4100;passage;des;Mariniers;PASSAGE DES MARINIERS;passage des Mariniers;;;;;;;;;;;;;;;;Actuellement rue des Mariniers.;;;;;;;;;
;4173;rue;;Marceau;RUE MARCEAU;rue Marceau;;;;;;;;;;;;;;;;Actuellement rue de Montpensier.;;;;;;;;;
;4181;cul-de-sac;des;Marais Rouges;CUL-DE-SAC DES MARAIS ROUGES;cul-de-sac des Marais Rouges;;;;;;;;;;;;;;;;Supprimé lors de l'exécution du canal Saint-Martin. Il était situé rue des Récollets.;;;;;;;;;
;4213;rue;;Maltois;RUE MALTOIS;rue Maltois;;;;;;;;;;;;;;;;Voir : Martroi Saint-Jean (rue du).;;;;;;;;;
;7776;port;aux;Bois;PORT AUX BOIS;port aux Bois;;;;;;;;;;;;;;;;Actuellement port de la Tournelle.;;;;;;;;;
;8356;rue;des;Audriettes;RUE DES AUDRIETTES;rue des Audriettes;;;;;;;;;;;;;;;;Actuellement partie de la rue Stendhal.;;;;;;;;;
;8413;cul-de-sac;;Arnoul le Charron;CUL-DE-SAC ARNOUL LE CHARRON;cul-de-sac Arnoul le Charron;;;;;;;;;;;;;;;;Voir : Provençaux (imp. des).;;;;;;;;;
;8414;rue;d';Arnetal;RUE D'ARNETAL;rue d'Arnetal;;;;;;;;;;;;;;;;Actuellement rue Greneta.;;;;;;;;;
;8419;rue;d';Ariane;RUE D'ARIANE;rue d'Ariane;;;;;;;;;;;;;;;;Actuellement rue de la Petite Truanderie.;;;;;;;;;
;7831;voie;;BJ/12;VOIE BJ/12;voie BJ/12;12e;;1991-12-16;;Picpus;;;;;;;;;;;Dénommée rue Brahms par arrêté municipal du 16 décembre 1991.;;;;;;;;;
;8448;quai;de l';Arche Beaufils;QUAI DE L'ARCHE BEAUFILS;quai de l'Arche Beaufils;;;;;;;;;;;;;;;;Voir : Ormes (quai des).;;;;;;;;;
;8512;cul-de-sac;d';Anjou;CUL-DE-SAC D'ANJOU;cul-de-sac d'Anjou;;;;;;;;;;;;;;;;Voir : Provençaux (imp. des).;;;;;;;;;
;8546;passage;de l';Ancre Royale;PASSAGE DE L'ANCRE ROYALE;passage de l'Ancre Royale;;;;;;;;;;;;;;;;Ou Ancre Nationale. Voir : Ancre Nationale (pas. de l').;;;;;;;;;
;7246;rue;du;Champ Gaillard;RUE DU CHAMP GAILLARD;rue du Champ Gaillard;;;;;;;;;;;;;;;;Actuellement rue d'Arras.;;;;;;;;;
;7955;passage;des;Belles Feuilles;PASSAGE DES BELLES FEUILLES;passage des Belles Feuilles;;;;;;;;;;;;;;;;Actuellement rue Mérimée.;;;;;;;;;
;8595;rue;des;Almandiers;RUE DES ALMANDIERS;rue des Almandiers;;;;;;;;;;;;;;;;Actuellement rue Laplace.;;;;;;;;;
;7312;petite sente;des;Cerisiers;PETITE SENTE DES CERISIERS;petite sente des Cerisiers;;;;;;;;;;;;;;;;Supprimé. Etait située av. de la Porte du Pré Saint-Gervais.;;;;;;;;;
;7333;cul-de-sac;;Censée;CUL-DE-SAC CENSEE;cul-de-sac Censée;;;;;;;;;;;;;;;;Actuellement rue de Fourcy.;;;;;;;;;
18;7991;rue;;Beauvau;RUE BEAUVAU;rue Beauvau;12e;1777-02-17;1864-08-24;;Quinze-Vingts;;;;;;;;;;;Dénommée rue Beccaria par décret impérial du 24 août 1864.;Lettres patentes du 17 février 1777, confirmées par arrêt du conseil du Roi du 8 janvier 1780.;;;;;;;;
;7993;rue;du;Beautibourg;RUE DU BEAUTIBOURG;rue du Beautibourg;;;;;;;;;;;;;;;;Voir : Bourg Thiébault (rue du).;;;;;;;;;
;8016;cul-de-sac;de;Beauce;CUL-DE-SAC DE BEAUCE;cul-de-sac de Beauce;;;;;;;;;;;;;;;;Actuellement rue des Oiseaux.;;;;;;;;;
;8018;cul-de-sac de la rue;;Beaubourg;CUL-DE-SAC DE LA RUE BEAUBOURG;cul-de-sac de la rue Beaubourg;;;;;;;;;;;;;;;;Actuellement impasse Beaubourg.;;;;;;;;;
;8643;voie;;AJ/12;VOIE AJ/12;voie AJ/12;12e;;1978-08-30;;Quinze-Vingts;;;;;;;;;Arrêté préfectoral du 24 novembre 1972;;Dénommée rue Van Gogh par arrêté municipal du 30 août 1978.;;;;;;;Arrêté préfectoral du 24 novembre 1972;;Arrêté préfectoral du 24 novembre 1972
;7415;rue;;Carême Prenant;RUE CAREME PRENANT;rue Carême Prenant;;;;;;;;;;;;;;;;Actuellement rues des Vinaigriers et Jean Poulmarch.;;;;;;;;;
;8077;place;;Bauderia;PLACE BAUDERIA;place Bauderia;;;;;;;;;;;;;;;;Voir : Baudoyer (place).;;;;;;;;;
;8689;voie;;AD/11;VOIE AD/11;voie AD/11;11e;;1991-10-22;;Sainte-Marguerite;;;;;;;;;;;Devenue partie du passage du Bureau par décision de numérotage du 22 octobre 1991.;;;;;;;;;
;8123;rue;;Basse Villeneuve;RUE BASSE VILLENEUVE;rue Basse Villeneuve;;;;;;;;;;;;;;;;Voir : Basse Porte Saint-Denis (rue).;;;;;;;;;
;8125;rue;;Basse Saint-Martin;RUE BASSE SAINT-MARTIN;rue Basse Saint-Martin;;;;;;;;;;;;;;;;Devenue rue de Bondy. Actuellement partie de la rue René Boulanger.;;;;;;;;;
;8730;rue;de l';Abreuvoir;RUE DE L'ABREUVOIR;rue de l'Abreuvoir;;;;;;;;;;;;;;;;Supprimée par la construction du quai de l'Archevêché. Elle commençait au cloître Notre-Dame et finissait à la rivière. Elle occupait une partie du quai de l'Archevêché, du square derrière l'église Notre-Dame et de l'emplacement de l'ancienne Morgue.;;;;;;;;;
;8735;impasse;;Abel Varet;IMPASSE ABEL VARET;impasse Abel Varet;;;;;;;;;;;;;;;;Supprimée par la création du boulevard Périphérique en 1969. Etait située impasse Abel Varet à la limite du territoire de Clichy.;;;;;;;;;
;8743;impasse;de l';Abbaye Saint-Antoine;IMPASSE DE L'ABBAYE SAINT-ANTOINE;impasse de l'Abbaye Saint-Antoine;12e;;1864-08-24;;Quinze-Vingts;;;;;;;;;;;Dénommée partie de la rue de Citeaux par décret impérial du 24 août 1864.;;;;;;;;;
;2332;cul-de-sac;;Putigno;CUL-DE-SAC PUTIGNO;cul-de-sac Putigno;04e;;;;Saint-Gervais;;;;;;;;;;;Supprimé. Il était situé rue Geoffroy l'Asnier, près de la rue Saint-Antoine. Il aurait porté les noms des Poulies Saint-Paul et des Viez Poulies.;;;;;;;;;
;2350;rue;du;Puits;RUE DU PUITS;rue du Puits;;;;;;;;;;;;;;;;Voir : Grande Bretonnerie (rue de la).;;;;;;;;;
;2353;passage;du;Puits;PASSAGE DU PUITS;passage du Puits;;;;;;;;;;;;;;;;Actuellement passage du Désir.;;;;;;;;;
;2356;allée;du;Puits;ALLEE DU PUITS;allée du Puits;;;1944-12-31;;;;;;;;;;;;;Supprimée en 1944. Était située allée du Métro (Supprimé.).;;;;;;;;;
;2397;boulevard;du;Prince Eugène;BOULEVARD DU PRINCE EUGENE;boulevard du Prince Eugène;;;;;;;;;;;;;;;;Actuellement boulevard Voltaire.;;;;;;;;;
;2418;ruelle;au;Prêtre;RUELLE AU PRETRE;ruelle au Prêtre;;;;;;;;;;;;;;;;Actuellement rue des Prêtres Saint-Séverin.;;;;;;;;;
;2610;ruelle;aux;Poissons;RUELLE AUX POISSONS;ruelle aux Poissons;;;;;;;;;;;;;;;;Voir : Levrette (rue de la).;;;;;;;;;
;2614;passage;des;Poissonniers;PASSAGE DES POISSONNIERS;passage des Poissonniers;;;;;;;;;;;;;;;;Actuellement rue du Nord.;;;;;;;;;
;2673;passage;du;Plâtre;PASSAGE DU PLATRE;passage du Plâtre;;;;;;;;;;;;;;;;Supprimé. Il allait de la rue Galande à la rue du Plâtre Saint-Jacques.;;;;;;;;;
;2709;rue;de la;Place aux Veaux;RUE DE LA PLACE AUX VEAUX;rue de la Place aux Veaux;;;;;;;;;;;;;;;;Voir : Vieille Place aux Veaux (rue de la).;;;;;;;;;
;2739;rue;;Pierre Levée;RUE PIERRE LEVEE;rue Pierre Levée;11e;;1936-07-27;;Folie-Méricourt;;;;;;;;;;;Dénommée rue de la Pierre Levée par arrêté préfectoral du 27 juillet 1936;;;;;;;;;
;2741;rue;;Pierre Lebrun;RUE PIERRE LEBRUN;rue Pierre Lebrun;;;;;;;;;;;;;;;;Actuellement partie de la rue de Douai.;;;;;;;;;
;2503;place;de la;Porte Saint-Antoine;PLACE DE LA PORTE SAINT-ANTOINE;place de la Porte Saint-Antoine;;;;;;;;;;;;;;;;Actuellement rue de la Bastille.;;;;;;;;;
;2507;rue;d'outre la;Porte Neuve;RUE D'OUTRE LA PORTE NEUVE;rue d'outre la Porte Neuve;;;;;;;;;;;;;;;;Voir : Chaume (rue du).;;;;;;;;;
;2559;rue;des;Porrées;RUE DES PORREES;rue des Porrées;;;;;;;;;;;;;;;;Voir : Carneau (rue du).;;;;;;;;;
;2565;rue ou ruelle;du;Porche Saint-Jacques;RUE OU RUELLE DU PORCHE SAINT-JACQUES;rue ou ruelle du Porche Saint-Jacques;;;;;;;;;;;;;;;;Voir : Petit Crucifix (rue du).;;;;;;;;;
;2814;rue;des;Petits Augustins;RUE DES PETITS AUGUSTINS;rue des Petits Augustins;;;1852-08-12;;;;;;;;;;;;;Dénommée partie de la rue Bonaparte par arrêté préfectoral du 12 août 1852.;;;;;;;;;
;2836;rue;de la;Petite Friperie;RUE DE LA PETITE FRIPERIE;rue de la Petite Friperie;;;;;;;;;;;;;;;;Actuellement partie de la rue Berger. Elle commençait rue Jean de Beauce (Supprimé.) puis, rue du Marché aux Poirées (Supprimé.) et finissait rue de la Tonnellerie (Supprimé.).;;;;;;;;;
;2857;grand'rue;du;Petit Pont;GRAND'RUE DU PETIT PONT;grand'rue du Petit Pont;;;;;;;;;;;;;;;;Actuellement rue Saint-Jacques.;;;;;;;;;
;2882;passage;du;Petit Hôtel de Charost;PASSAGE DU PETIT HOTEL DE CHAROST;passage du Petit Hôtel de Charost;;;;;;;;;;;;;;;;Supprimé. Il traversait l'Hôtel de Charost, de la rue d'Argout à la rue Montmartre.;;;;;;;;;
;2960;rue;;Percié;RUE PERCIE;rue Percié;;;;;;;;;;;;;;;;Ou Percée Saint-Antoine, Percée Saint-Paul ou encore Perciée. Voir : Percée Saint-Antoine (rue).;;;;;;;;;
;2993;impasse;;Pecquay;IMPASSE PECQUAY;impasse Pecquay;04e;;;;Saint-Merri;;;;;;;;;;;Devenue rue passage Pecquay puis actuellement rue Pecquay.;;;;;;;;;
;3004;avenue;du;Pavillon;AVENUE DU PAVILLON;avenue du Pavillon;;;1910-12-31;;;;;;;;;;;;;Supprimée en 1910 par le prolongement de la rue Jeanne d'Arc.;;;;;;;;;
;3019;rue;du;Pavé de la Place Maubert;RUE DU PAVE DE LA PLACE MAUBERT;rue du Pavé de la Place Maubert;;;;;;;;;;;;;;;;Ou Pavée (rue). Actuellement rue Frédéric Sauton.;;;;;;;;;
;3227;cour;;Oris;COUR ORIS;cour Oris;;;;;;;;;;;;;;;;Ou Orry. Voir : Opéra (cul-de-sac de l').;;;;;;;;;
;3388;rue;;Neuve Saint-Médéric;RUE NEUVE SAINT-MEDERIC;rue Neuve Saint-Médéric;04e;;;;Saint-Merri;;;;;;;;;;;Ou rue Neuve Saint-Merri.;;;;;;;;;
;3291;rue;de;Nuits;RUE DE NUITS;rue de Nuits;12e;;;;Bercy;;;;;;;;;;;Supprimée. Voie située dans les entrepôts de Bercy.;;;;;Ville de la Côte d'Or, célèbre par ses vins.;;;;
;3312;rue;;Notre-Dame des Vertus;RUE NOTRE-DAME DES VERTUS;rue Notre-Dame des Vertus;;;;;;;;;;;;;;;;Actuellement rue Curial.;;;;;;;;;
;3117;rue;du;Panier Fleuri;RUE DU PANIER FLEURI;rue du Panier Fleuri;;;;;;;;;;;;;;;;Supprimé. par l'ouverture de la rue de Seine. Elle s'étendait de l'imp. des Quatre Vents (Supprimé.) à la rue des Boucheries (Supprimé.).;;;;;;;;;
;3124;rue;;Palatine;RUE PALATINE;rue Palatine;04e;;;;Notre-Dame;;;;;;;;;;;Actuellement partie de la rue Saint-Louis en l'Ile (à l'Est de la rue des Deux Ponts).;;;;;;;;;
;3156;passage dit;de l';Ouest;PASSAGE DIT DE L'OUEST;passage dit de l'Ouest;;;;;;;;;;;;;;;;Ou Ouest (pas. de l'). Voir : Ouest (pas. de l').;;;;;;;;;
;3164;rue;des;Oublieurs;RUE DES OUBLIEURS;rue des Oublieurs;;;;;;;;;;;;;;;;Ou Oublayeurs ou encore Oubloyers. Voir : Oublayeurs (rue des).;;;;;;;;;
;3176;rue;des;Ortils;RUE DES ORTILS;rue des Ortils;;;;;;;;;;;;;;;;Voir : Orties du Louvre (rue des).;;;;;;;;;
;3184;port;d';Orsay;PORT D'ORSAY;port d'Orsay;;;;;;;;;;;;;;;;Actuellement port de Solférino.;;;;;;;;;
;3200;chemin;de l';Orme de Grenelle;CHEMIN DE L'ORME DE GRENELLE;chemin de l'Orme de Grenelle;;;;;;;;;;;;;;;;Actuellement rue Desaix.;;;;;;;;;
;3664;ruelle;des;Moulins;RUELLE DES MOULINS;ruelle des Moulins;;;;;;;;;;;;;;;;Ou Moulin (ruelle du). Voir : Moulin (ruelle du).;;;;;;;;;
;3668;rue;des;Moulins;RUE DES MOULINS;rue des Moulins;;;;;;;;;;;;;;;;Actuellement partie de la rue Sainte-Anne.;;;;;;;;;
;3674;rue;des;Moulins;RUE DES MOULINS;rue des Moulins;11e;;;;Folie-Méricourt;;;;;;;;;;;Actuellement rue de l'Orillon.;;;;;;;;;
;3700;chemin;du;Moulin;CHEMIN DU MOULIN;chemin du Moulin;;;;;;;;;;;;;;;;Supprimé. par le redressement de l'av. de Porte de la Plaine.;;;;;;;;;
;3511;rue;;Neuve de l'Oratoire;RUE NEUVE DE L'ORATOIRE;rue Neuve de l'Oratoire;;;;;;;;;;;;;;;;Actuellement rue Washington.;;;;;;;;;
;3544;rue;;Neuve;RUE NEUVE;rue Neuve;;;;;;;;;;;;;;;;Actuellement partie de la rue de Crimée.;;;;;;;;;
19;3579;place;de la;Nativité;PLACE DE LA NATIVITE;place de la Nativité;12e;1867-02-26;1905-07-12;;Bercy;;;;;;;;;;;Dénommée place Lachambeaudie par arrêté préfectoral du 12 juillet 1905.;Arrêté préfectoral du 26 février 1867. Précédemment place de l'Église;;;;;;;;
;3602;rue;de;Naples;RUE DE NAPLES;rue de Naples;;;;;;;;;;;;;;;;Supprimée par l'établissement du chemin de fer du Havre. Elle commençait à la place de l'Europe et finissait à la barrière de la Réforme (boul. des Batignolles).;;;;;;;;;
;3841;rue;de;Monceau;RUE DE MONCEAU;rue de Monceau;;;;;;;;;;;;;;;;Voir : Moineaux (rue des).;;;;;;;;;
;3842;chemin de ronde;de;Monceau;CHEMIN DE RONDE DE MONCEAU;chemin de ronde de Monceau;;;;;;;;;;;;;;;;Annexé au boul. de Courcelles.;;;;;;;;;
;3860;rue;aux;Moignes de Jenvau;RUE AUX MOIGNES DE JENVAU;rue aux Moignes de Jenvau;;;;;;;;;;;;;;;;Actuellement rue des Orfèvres.;;;;;;;;;
;3969;chemin de ronde;de;Ménilmontant;CHEMIN DE RONDE DE MENILMONTANT;chemin de ronde de Ménilmontant;11e;;1864-12-30;;Folie-Méricourt;;;;;;;;;;;Dénommé partie du boulevard de Belleville par arrêté préfectoral du 30 décembre 1864.;;;;;;;;;
;3888;rue;de la;Millière;RUE DE LA MILLIERE;rue de la Millière;;;;;;;;;;;;;;;;Supprimé. Etait située entre les rues du Faubourg Saint-Jacques et de la Santé.;;;;;;;;;
;3903;cour;;Mignon;COUR MIGNON;cour Mignon;;;;;;;;;;;;;;;;Supprimée par l'ouverture du boulevard Saint-Germain. Elle était située rue Hautefeuille.;;;;;;;;;
;3924;rue;;Meurier;RUE MEURIER;rue Meurier;;;;;;;;;;;;;;;;Actuellement rue de Moussy.;;;;;;;;;
;3941;rue;des;Métiers;RUE DES METIERS;rue des Métiers;;;;;;;;;;;;;;;;Supprimé. par l'ouverture du boul. de Sébastopol. Elle était comprise dans l'enclos de la Trinité (Supprimé.) et allait de la cour du Commerce (Supprimé.) à la rue des Arts (Supprimé.). Elle a aussi porté le nom de Saint-Louis.;;;;;;;;;
;3724;rue;de la;Moricourt;RUE DE LA MORICOURT;rue de la Moricourt;;;;;;;;;;;;;;;;Ou Folie Marcaut, Folie Mauricaut, Mauricourt ou encore Mauricaute. Voir : Folie Marcaut (rue de la).;;;;;;;;;
;3758;rue;de;Montpensier Saint-Honoré;RUE DE MONTPENSIER SAINT-HONORE;rue de Montpensier Saint-Honoré;;;;;;;;;;;;;;;;Supprimée par l'ouverture de la rue de Rivoli. Elle était située entre les anciennes rues de Valois et de Rohan.;;;;;;;;;
;4237;rue;de la;Maladerie;RUE DE LA MALADERIE;rue de la Maladerie;;;;;;;;;;;;;;;;Actuellement rue du Vieux Colombier.;;;;;;;;;
;4067;rue;;Marteret;RUE MARTERET;rue Marteret;;;;;;;;;;;;;;;;Voir : Vieilles Garnisons (rue des).;;;;;;;;;
;4070;avenue;;Martel;AVENUE MARTEL;avenue Martel;12e;;;;Bercy;;;;;;;;;;;Supprimé. pour les entrepôts de Bercy.;;;;;;;;;
;4078;rue;des;Marmouzettes;RUE DES MARMOUZETTES;rue des Marmouzettes;;;;;;;;;;;;;;;;Ou Marmouzet (rue du) ou encore Marmozets (rue des). Voir : Marmouzet (rue du).;;;;;;;;;
;4089;rue;;Marivaux;RUE MARIVAUX;rue Marivaux;;;;;;;;;;;;;;;;Ou Marivas. Actuellement partie de la rue Pavée.;;;;;;;;;
;4129;place;du;Marché Saint-Jean;PLACE DU MARCHE SAINT-JEAN;place du Marché Saint-Jean;04e;;1868-07-20;;Saint-Gervais;;;;;;;;;;;Dénommée partie de la rue du Bourg Tibourg  et place Baudoyer par arrêté préfectoral du 20 juillet 1868.;;;;;;;;;
;4174;partie de la rue;;Marceau;PARTIE DE LA RUE MARCEAU;partie de la rue Marceau;;;;;;;;;;;;;;;;Supprimé. Commençait rue Marceau à la limite du territoire d'Ivry-sur-Seine, finissait av. de la Porte de Vitry.;;;;;;;;;
;4619;rue;;Julie-Juliette;RUE JULIE-JULIETTE;rue Julie-Juliette;;;;;;;;;;;;;;;;Actuellement rue Léontine.;;;;;;;;;
;4628;allée;;Jules Constant;ALLEE JULES CONSTANT;allée Jules Constant;;;;;;;;;;;;;;;;Supprimé. par l'aménagement de la Villa Dancourt.;;;;;;;;;
;4631;ruelle;de la;Juiverie;RUELLE DE LA JUIVERIE;ruelle de la Juiverie;;;;;;;;;;;;;;;;Voir : Four Basset (rue du).;;;;;;;;;
;5309;rue;;Glatigny;RUE GLATIGNY;rue Glatigny;04e;;1865-05-22;;Notre-Dame;;;;;quai Desaix.;rue des Marmousets (supprimée);;;;;Supprimée par la construction de l'Hôtel Dieu (décret du 22 mai 1865). Guillot l'appelle rue Glateingni. On la désignait aussi par le nom de rue du Val d'Amour. En 1380, elle est dite rue du Chevet Saint-Denis de la Chartre. Et enfin rue du Haut Moulin.;;;;;Nom d'une famille qui y possédait une maison, en 1241.;;;;
;5330;cul-de-sac;;Gilles Chat Blanc;CUL-DE-SAC GILLES CHAT BLANC;cul-de-sac Gilles Chat Blanc;;;;;;;;;;;;;;;;Voir : Chat Blanc (cul-de-sac du).;;;;;;;;;
;6673;place;des;Conquêtes;PLACE DES CONQUETES;place des Conquêtes;;;;;;;;;;;;;;;;Actuellement place Vendôme.;;;;;;;;;
;5986;rue;d';Enfer;RUE D'ENFER;rue d'Enfer;;;;;;;;;;;;;;;;Actuellement rue des Ursins.;;;;;;;;;
;6690;rue;du;Comte de Boulogne;RUE DU COMTE DE BOULOGNE;rue du Comte de Boulogne;;;;;;;;;;;;;;;;Actuellement rue du Fer à Moulin.;;;;;;;;;
;6709;cour;du;Commerce;COUR DU COMMERCE;cour du Commerce;;;;;;;;;;;;;;;;Elle était formée par des échoppes installées sur la place Saint-Jacques la Boucherie (Supprimé.).;;;;;;;;;
;4728;rue;;Jean Molé;RUE JEAN MOLE;rue Jean Molé;;;;;;;;;;;;;;;;Ou Jean Mesnard. Voir : Jean Mesnard (rue).;;;;;;;;;
19;5378;rue;de;Genève;RUE DE GENEVE;rue de Genève;11e;1877-02-01;1879-08-16;;Roquette;;;;;;;;;;;Dénommée partie de l'avenue Ledru-Rollin par arrêté préfectoral du 16 août 1879.;Arrêté préfectoral du 1er férier 1877.;;;;;;;;
;4747;ruelle;;Jean Gilles;RUELLE JEAN GILLES;ruelle Jean Gilles;;;;;;;;;;;;;;;;Actuellement partie de la rue Mondétour.;;;;;;;;;
;4751;rue;;Jean Fraillon;RUE JEAN FRAILLON;rue Jean Fraillon;;;;;;;;;;;;;;;;Ou Jean Froillon. Voir : Trognon (rue).;;;;;;;;;
;4752;rue;;Jean Fleury;RUE JEAN FLEURY;rue Jean Fleury;;;;;;;;;;;;;;;;Voir : Bibliothèque (rue de la).;;;;;;;;;
;5409;rue;des;Garnisons;RUE DES GARNISONS;rue des Garnisons;;;;;;;;;;;;;;;;Voir : Vieilles Garnisons (rue des).;;;;;;;;;
;5428;barrière;de la;Gare;BARRIERE DE LA GARE;barrière de la Gare;;;;;;;;;;;;;;;;Supprimé. Elle était située sur les quais d'Austerlitz et de la Gare au droit du boul. Vincent Auriol.;;;;;;;;;
;5434;rue;de la;Ganterie;RUE DE LA GANTERIE;rue de la Ganterie;;;;;;;;;;;;;;;;Actuellement rue de la Lingerie.;;;;;;;;;
;6088;rue;des;Écuries du Roi;RUE DES ECURIES DU ROI;rue des Écuries du Roi;;;;;;;;;;;;;;;;Voir : Suisses (cour des).;;;;;;;;;
;4806;rue;;Jacques Gentien;RUE JACQUES GENTIEN;rue Jacques Gentien;;;;;;;;;;;;;;;;Actuellement partie de la rue du Temple.;;;;;;;;;
;5455;vicus;;Galgani;VICUS GALGANI;vicus Galgani;;;;;;;;;;;;;;;;Actuellement rue de l'Eperon.;;;;;;;;;
;5469;impasse;;Gaillard;IMPASSE GAILLARD;impasse Gaillard;;;;;;;;;;;;;;;;Actuellement rue Robert Planquette.;;;;;;;;;
19;5474;rue;;Gabriel Lamé;RUE GABRIEL LAME;rue Gabriel Lamé;12e;1885-11-10;1988-02-29;;Bercy;;275;12;;place Lachambeaudie.;en impasse;;13 bis;Décret du 6 août 1877 (UP);;Supprimée en 1988.;Arrêté du 10 novembre 1885;;;;Gabriel Lamé (Tours, 1795-Paris, 1870), mathématicien et ingénieur français. Membre de l'Académie des sciences (1843), prit une part active à l'établissement des premiers chemins de fer.;Délibération municipale du 29 février 1988.;Décret du 6 août 1877 (UP);;Décret du 6 août 1877 (UP)
;6817;ruelle;du;Cloître;RUELLE DU CLOITRE;ruelle du Cloître;;;;;;;;;;;;;;;;Actuellement rue des Prêtres Saint-Germain l'Auxerrois et partie de la place du Louvre.;;;;;;;;;
;4841;impasse;;Issoire;IMPASSE ISSOIRE;impasse Issoire;;;;;;;;;;;;;;;;Supprimé. par l'ouverture de la rue d'Alésia. Elle était située rue de la Tombe Issoire, côté des numéros impairs, près de la rue d'Alésia.;;;;;;;;;
;4856;pont;des;Invalides;PONT DES INVALIDES;pont des Invalides;;;;;;;;;;;;;;;;Actuellement pont d'Iéna.;;;;;;;;;
;5480;voie;;F/3;VOIE F/3;voie F/3;03e;;1987-01-14;;Archives;;;;;;;;;;;Dénommée rue de Hesse par décision municipale du 14 janvier 1987.;;;;;;;;;
;5491;rue;du;Fumier;RUE DU FUMIER;rue du Fumier;;;;;;;;;;;;;;;;Ou Fumer. Voir : Fumer (rue du).;;;;;;;;;
;6862;rue;;Cinquampoit;RUE CINQUAMPOIT;rue Cinquampoit;;;;;;;;;;;;;;;;Ou Quinquempoix, Quinquempoit ou encore Quiquenpoit. Actuellement rue Quincampoix.;;;;;;;;;
;6887;ruelle;du;Cimetière;RUELLE DU CIMETIERE;ruelle du Cimetière;12e;;1864-08-24;;Picpus;;;;;;;;;;;Dénommée ruelle de Gondi par décret impérial du 24 août 1864. Actuellement rue Théodore-Hamont.;;;;;;;;;
;5527;rue;;Frédéric;RUE FREDERIC;rue Frédéric;;;;;;;;;;;;;;;;Actuellement partie de la rue Myrha.;;;;;;;;;
;4943;rue;de l';Hôpital Général;RUE DE L'HOPITAL GENERAL;rue de l'Hôpital Général;;;1851-04-09;;;;;;;;;;;;;Dénommée rue Pinel par décret présidentiel du 9 avril 1851.;;;;;;;;;
;5595;carrefour;du;Four;CARREFOUR DU FOUR;carrefour du Four;;;;;;;;;;;;;;;;Actuellement carrefour de la Croix Rouge.;;;;;;;;;
;248;voie;;V/11;VOIE V/11;voie V/11;11e;;2000-04-06;;Roquette;;;;;;;;;;;Suppriméee en 2000. Commençait rue des Taillandiers, 11, et  finissait en impasse.;;;;;;;;;
;15459;voie;;projetée 12;VOIE PROJETEE 12;voie projetée 12;12e;;;;Bel-Air;;;;;à la limite de la zone.;boulevard Soult, 42;;;;;Voie projetée dans le cadre de l'aménagement de l'enceinte fortifiée;;;;;;;;;
;8371;voie;;AT/12;VOIE AT/12;voie AT/12;12e;;1985-07-12;;Bercy;;;;;;;;;;;Dénommée place du Bataillon du Pacifique par arrêté municipal du 12 juillet 1985;;;;;;;;;
;7787;cour;aux;Boeufs;COUR AUX BOEUFS;cour aux Boeufs;;;;;;;;;;;;;;;;Elle existait dans la rue de la Tuerie, près du Châtelet.;;;;;;;;;
;8387;voie;;AR/12;VOIE AR/12;voie AR/12;12e;;1978-06-27;;Picpus;;;;;;;;;;;Dénommée square Saint-Charles par décision du 27 juin 1978.;;;;;;;;;
;8460;porte;de l';Arbalète;PORTE DE L'ARBALETE;porte de l'Arbalète;;;;;;;;;;;;;;;;Autrefois située rue de l'Arbalète, entre les rues Mouffetard et Lhomond, c'était une des portes de l'enceinte de l'abbaye Saint-Marcel.;;;;;;;;;
;8513;rue;d';Aniac;RUE D'ANIAC;rue d'Aniac;;;;;;;;;;;;;;;;Actuellement partie de la rue de La Reynie.;;;;;;;;;
;7914;allée;;Berghen;ALLEE BERGHEN;allée Berghen;;;;;;;;;;;;;;;;Supprimée en 1944. Commençait av. de la Porte de Montmartre, finissait rue Lécuyer prolongée (Supprimé.).;;;;;;;;;
;8548;passage;;Ancel;PASSAGE ANCEL;passage Ancel;;;;;;;;;;;;;;;;Actuellement pas. Saint-Sébastien.;;;;;;;;;
;8560;rue;de l';Amiral Courbet;RUE DE L'AMIRAL COURBET;rue de l'Amiral Courbet;12e;;1932-01-22;;Bel-Air;;;;;;;;;;;Dénommée rue du Chaffault par arrêté préfectoral du 22 janvier 1932. Elle était située sur la partie du territorie de la commune de Saint-Mandé annexé à Paris.;;;;;;;;;
;7254;rue;du;Champ de Repos;RUE DU CHAMP DE REPOS;rue du Champ de Repos;;;;;;;;;;;;;;;;Actuellement rue des Martyrs.;;;;;;;;;
;7938;passage;;Bender;PASSAGE BENDER;passage Bender;;;;;;;;;;;;;;;;Actuellement pas. Binder.;;;;;;;;;
;8578;chemin de ronde;des;Amandiers;CHEMIN DE RONDE DES AMANDIERS;chemin de ronde des Amandiers;11e;;1864-12-30;;Saint-Ambroise;;;;;;;;;;;Dénommé partie du boulevard de Ménilmontant par arrêté préfectoral du 30 décembre 1864.;;;;;;;;;
19;8581;avenue;des;Amandiers;AVENUE DES AMANDIERS;avenue des Amandiers;11e;1867-02-26;1879-05-04;;Folie-Méricourt;;;;;;;;;;;Dénommée partie de l'avenue de la République par arrêté préfectoral du 4 mai 1879.;Arrêté préfectoral du 26 février 1867.;;;;;;;;
;4467;impasse;de la;Légion;IMPASSE DE LA LEGION;impasse de la Légion;;;;;;;;;;;;;;;;Supprimé. Etait située av. de la Porte de Choisy.;;;;;;;;;
;4323;cité;;Lugand;CITE LUGAND;cité Lugand;11e;;;;Folie-Méricourt;;;;;;;;;;;Actuellement impasse de la Baleine.;;;;;;;;;
;7646;rue;des;Bourdonnas;RUE DES BOURDONNAS;rue des Bourdonnas;;;;;;;;;;;;;;;;Actuellement partie de la rue des Bourdonnais.;;;;;;;;;
;7648;rue;;Bourdelle;RUE BOURDELLE;rue Bourdelle;;;;;;;;;;;;;;;;Ou Bourdet. Voir : Bourdet (rue).;;;;;;;;;
;7658;rue;de;Bourbon;RUE DE BOURBON;rue de Bourbon;;;;;;;;;;;;;;;;Actuellement rue Sainte-Apolline.;;;;;;;;;
;8333;impasse;d';Aumont;IMPASSE D'AUMONT;impasse d'Aumont;04e;;1843-02-04;;Saint-Gervais;;;;;;;;;;;Supprimée par une ordonnance royale du 4 février 1843. Elle était située rue de l'Hôtel de Ville.;;;;;;;;;
;8334;rue;;Aumère;RUE AUMERE;rue Aumère;;;;;;;;;;;;;;;;Actuellement rue au Maire.;;;;;;;;;
;7749;rue;de la;Bonne Morue;RUE DE LA BONNE MORUE;rue de la Bonne Morue;;;;;;;;;;;;;;;;Actuellement partie de la rue Boissy d'Anglas.;;;;;;;;;
;7766;passage;;Boisselier;PASSAGE BOISSELIER;passage Boisselier;;;;;;;;;;;;;;;;Voir : Marché Neuf (pas. du).;;;;;;;;;
;7770;sentier;du;Bois de l'Orme;SENTIER DU BOIS DE L'ORME;sentier du Bois de l'Orme;;;;;;;;;;;;;;;;Actuellement rue Janssen.;;;;;;;;;
;815;cul-de-sac;du;Trou Punets;CUL-DE-SAC DU TROU PUNETS;cul-de-sac du Trou Punets;;;;;;;;;;;;;;;;Ou Trou Punais. Voir : Trou Punais (cul-de-sac du).;;;;;;;;;
;823;place;du;Trône Renversé;PLACE DU TRONE RENVERSE;place du Trône Renversé;11e, 12e;;;;Picpus, Sainte-Marguerite;;;;;;;;;;;Actuellement place de la Nation et av. du Trône.;;;;;;;;;
;849;impasse;des;Trois Frères;IMPASSE DES TROIS FRERES;impasse des Trois Frères;12e;;;;Quinze-Vingts;;;;;;;;;;;Supprimée par la construction de l'ancienne prison de Mazas. Elle était située dans la rue Traversière.;;;;;;;;;
;900;rue;;Trenette;RUE TRENETTE;rue Trenette;;;;;;;;;;;;;;;;Actuellement partie de la rue Norvins.;;;;;;;;;
;902;chemin;des;Treilles;CHEMIN DES TREILLES;chemin des Treilles;;;;;;;;;;;;;;;;Actuellement rue Saint-Dominique.;;;;;;;;;
;910;rue;du;Trayoir;RUE DU TRAYOIR;rue du Trayoir;;;;;;;;;;;;;;;;Ou Trahoir. Actuellement partie de la rue Saint-Honoré.;;;;;;;;;
;669;passage;de;Venise;PASSAGE DE VENISE;passage de Venise;;;;;;;;;;;;;;;;Supprimé par l'ouverture du boulevard de Sébastopol. Il allait de l'impasse de Venise (supprimée) à la cour Batave (supprimée).;;;;;;;;;
;1201;rue;;Serisay;RUE SERISAY;rue Serisay;;;;;;;;;;;;;;;;Actuellement rue de la Cerisaie.;;;;;;;;;
;1203;rue;de la;Séquanaise;RUE DE LA SEQUANAISE;rue de la Séquanaise;;;;;;;;;;;;;;;;Actuellement rue Jules Lefebvre.;;;;;;;;;
;1206;ruelle;des;Sept Chenets;RUELLE DES SEPT CHENETS;ruelle des Sept Chenets;;;;;;;;;;;;;;;;Voir : Jardins (rue des).;;;;;;;;;
;1210;chemin;de;Senlis;CHEMIN DE SENLIS;chemin de Senlis;;;;;;;;;;;;;;;;Actuellement av. de Flandre et av. Corentin Cariou.;;;;;;;;;
;1221;rue;de;Seine Saint-Germain;RUE DE SEINE SAINT-GERMAIN;rue de Seine Saint-Germain;;;;;;;;;;;;;;;;Supprimée. Elle était située à l'extrémité du passage du Jeu de Paume, en face de la rue Visconti.;;;;;;;;;
;1227;petite rue;de;Seine;PETITE RUE DE SEINE;petite rue de Seine;;;;;;;;;;;;;;;;Actuellement partie de la rue Bonaparte.;;;;;;;;;
;972;carrefour;de la;Tour;CARREFOUR DE LA TOUR;carrefour de la Tour;;;;;;;;;;;;;;;;Il était formé par la rencontre des rues de la Grande et de la Petite Truanderie.;;;;;;;;;
;1004;rue;du;Tirauer;RUE DU TIRAUER;rue du Tirauer;;;;;;;;;;;;;;;;Ou Tirouer. Voir : Croix du Tiroir (rue de la).;;;;;;;;;
;1030;rue;;Thibault aux Dés;RUE THIBAULT AUX DES;rue Thibault aux Dés;;;;;;;;;;;;;;;;"Actuellement partie de la rue des Bourdonnais. En 1220, rue Théobaldi ad Decios ; en 1295, rue Théobaldi ad Tados et rue Thibaud aux Dés. Ce nom a souvent été altéré. Ainsi au XVe siècle on disait rue Thibaut Ausdet ou Thibault Ausdet, Thibaut Todé, Thibault Oudet, Thiébaud Audet...";;;;;;;;;
;1152;rue;;Soulages;RUE SOULAGES;rue Soulages;12e;;1877-08-06;;Bercy;;;;;quai de Bercy.;rue de Bercy;;;;;Supprimée. Voie intégrée dans les anciens entrepôts de Bercy en 1877.;;;;;M. Soulages, adjoint au maire de Bercy.;;;;
;1153;rue;de;Soubise;RUE DE SOUBISE;rue de Soubise;;;;;;;;;;;;;;;;Voir : Roche (rue de la).;;;;;;;;;
;1166;impasse;du;Soldat Laboureur;IMPASSE DU SOLDAT LABOUREUR;impasse du Soldat Laboureur;;;;;;;;;;;;;;;;Supprimé. Elle était située rue de la Gaîté.;;;;;;;;;
;1182;passage;;Sifflet;PASSAGE SIFFLET;passage Sifflet;;;;;;;;;;;;;;;;Supprimé. par l'ouverture de la rue de Maubeuge. On lui donnait aussi à ce moment le nom d'imp. Briare. Commençait rue Neuve Coquenard (rue Rodier), finissait imp. Briare.;;;;;;;;;
;1401;place;;Sainte-Croix;PLACE SAINTE-CROIX;place Sainte-Croix;;;;;;;;;;;;;;;;Petite place située rue de Caumartin, en face du lycée Condorcet. Elle portait ce nom en 1816.;;;;;;;;;
;1544;rue;;Saint-Michel;RUE SAINT-MICHEL;rue Saint-Michel;;;;;;;;;;;;;;;;Actuellement avenue Denfert-Rochereau et rue Henri Barbusse.;;;;;;;;;
;1411;rue;;Sainte-Catherine;RUE SAINTE-CATHERINE;rue Sainte-Catherine;;;;;;;;;;;;;;;;Supprimée au XVIIe siècle pour agrandir l'hôpital Sainte-Catherine situé autrefois à l'angle des rues Saint-Denis et des Lombards. En 1268, rue Garnier Maufet. En 1399-1495, ruelle aux Vifs. En 1569, ruelle Vichignon. En 1606, cul-de-sac Vergnon. A la fin du XVIIe siècle, rue Sainte-Catherine.;;;;;;;;;
;1481;place;;Saint-Pierre des Arsiz;PLACE SAINT-PIERRE DES ARSIZ;place Saint-Pierre des Arsiz;;;;;;;;;;;;;;;;Elle était située rue de la Vieille Draperie au débouché de la rue des Cordouagners.;;;;;;;;;
;1500;impasse;;Saint-Pierre;IMPASSE SAINT-PIERRE;impasse Saint-Pierre;03e;;1869-09-03;;Archives;;;;;;;;;;;Dénommée impasse Villehardouin (supprimée) par arrêté préfectoral du 3 septembre 1869. Précédemment cul-de-sac Saint-Pierre au Marais;;;;;;;;;
;1526;rue;;Saint-Nicolas près le Puits;RUE SAINT-NICOLAS PRES LE PUITS;rue Saint-Nicolas près le Puits;;;;;;;;;;;;;;;;Actuellement partie de la rue des Bernardins.;;;;;;;;;
;1528;rue;;Saint-Nicolas du Chardonnet;RUE SAINT-NICOLAS DU CHARDONNET;rue Saint-Nicolas du Chardonnet;;;;;;;;;;;;;;;;Actuellement partie de la rue des Bernardins.;;;;;;;;;
;1266;passage;;Saucède;PASSAGE SAUCEDE;passage Saucède;;;;;;;;;;;;;;;;Supprimée par l'ouverture du boul. de Sébastopol. Il conduisait de la rue Saint-Denis à la rue du Bourg l'Abbé. Il avait précédemment porté le nom de pas. de la Croix Blanche.;;;;;;;;;
;1299;place;au;Sang;PLACE AU SANG;place au Sang;;;;;;;;;;;;;;;;Supprimé. Elle existait au XVIIe siècle et était située près des rues du Clos Georgeau (Supprimé.) et Sainte-Anne.;;;;;;;;;
;1312;vicus;;Salientis;VICUS SALIENTIS;vicus Salientis;;;;;;;;;;;;;;;;Voir : Salembière (Imp.).;;;;;;;;;
;1852;passage;;Saint-Antoine;PASSAGE SAINT-ANTOINE;passage Saint-Antoine;;;;;;;;;;;;;;;;Supprimé par l'ouverture de la rue de Rivoli. Il conduisait de la rue du Roi de Sicile à la rue François Miron.;;;;;;;;;
;1608;porte;;Saint-Louis;PORTE SAINT-LOUIS;porte Saint-Louis;;;;;;;;;;;;;;;;Voir : Calvaire (porte du).;;;;;;;;;
20;1642;place;;Saint-Josse;PLACE SAINT-JOSSE;place Saint-Josse;04e;1980-09-09;1984-04-05;;Saint-Merri;;;;;rue Aubry le Boucher, 35 et rue Quincampoix, 24.;;;;;;Supprimée.;Arrêté municipal du 9 septembre 1980;;;;Saint-Josse, prince Breton;Arrêté municipal du 5 avril 1984.;;;
;15607;boulevard;de la;Cunette;BOULEVARD DE LA CUNETTE;boulevard de la Cunette;;;1851-05-10;;;;;;;;;;;;;Dénommé boulevards de Meudon, de Grenelle et de Javel par arrêté préfectoral du 10 mai 1851.;;;;;;;;;
;15625;route;du;Rond-point de la Barrière de l'Étoile à la Porte de l'Élysée Charles;ROUTE DU ROND-POINT DE LA BARRIERE DE L'ETOILE A LA PORTE DE L'ELYSEE CHARLES;route du Rond-point de la Barrière de l'Étoile à la Porte de l'Élysée Charles;;;;;;;;;;;;;;;;Actuellement avenue Victor Hugo.;;;;;;;;;
;634;petite rue;;Verte;PETITE RUE VERTE;petite rue Verte;;;;;;;;;;;;;;;;Actuellement partie de l'avenue Matignon.;;;;;;;;;
;429;chemin;de la;Voirie;CHEMIN DE LA VOIRIE;chemin de la Voirie;;;;;;;;;;;;;;;;Actuellement rue des Quatre Vents.;;;;;;;;;
;466;barrière;de;Vincennes;BARRIERE DE VINCENNES;barrière de Vincennes;11e, 12e;;;;Picpus, Sainte-Marguerite;;;;;;;;;;;Voir : Trône (barrière du).;;;;;Barrière d'octroi de l'enceinte des Fermiers généraux.;;;;
;487;rue;;Villerau;RUE VILLERAU;rue Villerau;;;;;;;;;;;;;;;;Voir : Hillerin Bertin (rue).;;;;;;;;;
;513;ruelle;des;Vignoles;RUELLE DES VIGNOLES;ruelle des Vignoles;;;;;;;;;;;;;;;;Supprimée vers 1865 lors de l'ouverture de la rue des Pyrénées.;;;;;;;;;
;553;rue;des;Vieilles Poulies;RUE DES VIEILLES POULIES;rue des Vieilles Poulies;;;;;;;;;;;;;;;;Actuellement partie de la rue des Francs Bourgeois.;;;;;;;;;
;764;rue;au;Vacher;RUE AU VACHER;rue au Vacher;;;;;;;;;;;;;;;;Elle était située à l'extrémité de la rue de Fontarabie et débouchait dans la rue Saint-Blaise.;;;;;;;;;
;8183;rue;de la;Barre;RUE DE LA BARRE;rue de la Barre;;;;;;;;;;;;;;;;Actuellement partie de la rue Hautefeuille.;;;;;;;;;
;8185;porte;de la;Barre;PORTE DE LA BARRE;porte de la Barre;;;;;;;;;;;;;;;;Supprimé. Elle était située rue des Fossés Saint-Marcel, près de celle des Francs Bourgeois (Supprimé.).;;;;;;;;;
;7514;ruelle;du;Bureau;RUELLE DU BUREAU;ruelle du Bureau;11e;;1877-02-01;;Sainte-Marguerite;;;;;;;;;;;Dénommée partie du passage du Bureau par arrêté préfectoral du 1er février 1877.;;;;;;;;;
;8207;ruelle;du;Barbet D'Or;RUELLE DU BARBET D'OR;ruelle du Barbet D'Or;;;;;;;;;;;;;;;;Elle était située rue Saint-Landry (Supprimé.).;;;;;;;;;
;8209;poterne;;Barbeau;POTERNE BARBEAU;poterne Barbeau;;;;;;;;;;;;;;;;Elle était située quai Saint-Paul (enceinte de Philippe-Auguste).;;;;;;;;;
;7551;rue;des;Brouillards;RUE DES BROUILLARDS;rue des Brouillards;04e;;;;Notre-Dame;;;;;;;;;;;Actuellement partie de la rue Chanoinesse.;;;;;;;;;
;7555;cour;;Brisset;COUR BRISSET;cour Brisset;;;;;;;;;;;;;;;;Anciennement située rue de la Mortellerie (rue de l'Hôtel de Ville), entre les rues Pernelle et de Longpont (Supprimé.).;;;;;;;;;
;7564;rue;de;Breteuil;RUE DE BRETEUIL;rue de Breteuil;03e;;1884-08-30;;Arts et Metiers;;;;;rue Réaumur.;rue Vaucanson;;;;;Dénommée rue du Général Morin (supprimée) par arrêté préfectoral du 30 août 1884.;;;;;;;;;
;8236;galerie;des;Bains;GALERIE DES BAINS;galerie des Bains;;;;;;;;;;;;;;;;Supprimé. par l'ouverture de la rue Bachaumont.;;;;;;;;;
;8238;allée;des;Bains;ALLEE DES BAINS;allée des Bains;;;;;;;;;;;;;;;;Supprimé. par l'aménagement de la villa Dancourt.;;;;;;;;;
;8258;cité;;Badran;CITE BADRAN;cité Badran;;;;;;;;;;;;;;;;Supprimé. en 1926. Elle était située 154, av. du Maine.;;;;;;;;;
;7613;rue;à;Bouvetins;RUE A BOUVETINS;rue à Bouvetins;;;;;;;;;;;;;;;;Actuellement imp. du Boeuf.;;;;;;;;;
;7617;rue;des;Bouticles;RUE DES BOUTICLES;rue des Bouticles;;;;;;;;;;;;;;;;Voir : Triperie (rue de la).;;;;;;;;;
;7639;rue;du;Bourg Thiébault;RUE DU BOURG THIEBAULT;rue du Bourg Thiébault;;;;;;;;;;;;;;;;"Actuellement partie de la rue du Bourg Tibourg. En 1220, rue du Bourtibou ; 1280, vicus Burgi Thibaudi ; en 1300, Bourc Tibout, en 1367, Bouc Thibout, Bourg Thiboud et Beautibourg.";;;;;;;;;
;6277;rue;des;Deux Anges;RUE DES DEUX ANGES;rue des Deux Anges;;;;;;;;;;;;;;;;Actuellement rue Cassini.;;;;;;;;;
;6960;rue;des;Chemins Verts;RUE DES CHEMINS VERTS;rue des Chemins Verts;12e;;1865-10-02;;Picpus;;;;;;;;;;;Dénommée partie de la rue Nicolaï par décret impérial du 2 octobre 1865.;;;;;;;;;
;4981;rue;;Héron;RUE HERON;rue Héron;;;;;;;;;;;;;;;;Actuellement rue de l'Hôpital Saint-Louis.;;;;;;;;;
;4986;ruelle;de l';Héritier;RUELLE DE L'HERITIER;ruelle de l'Héritier;;;;;;;;;;;;;;;;Actuellement rues des Vinaigriers et Jean Poulmarch.;;;;;;;;;
;4997;rue;;Hérard;RUE HERARD;rue Hérard;;;;;;;;;;;;;;;;Actuellement partie de la rue d'Alleray.;;;;;;;;;
;5615;rue;des;Fossés Saint-Germain;RUE DES FOSSES SAINT-GERMAIN;rue des Fossés Saint-Germain;;;;;;;;;;;;;;;;Actuellement rue Saint-Benoît.;;;;;;;;;
;5617;rue;des;Fossés Saint-Germain;RUE DES FOSSES SAINT-GERMAIN;rue des Fossés Saint-Germain;;;;;;;;;;;;;;;;Actuellement partie de la rue Monsieur le Prince.;;;;;;;;;
;5632;rue;des;Fossés;RUE DES FOSSES;rue des Fossés;;;;;;;;;;;;;;;;Actuellement rue Mazarine.;;;;;;;;;
;6307;partie de la rue;;Dépinoy;PARTIE DE LA RUE DEPINOY;partie de la rue Dépinoy;;;;;;;;;;;;;;;;Actuellement partie du boul. Adolphe Pinard.;;;;;;;;;
;6334;cité;;Delaye;CITE DELAYE;cité Delaye;;;;;;;;;;;;;;;;Voir : Postel (cité).;;;;;;;;;
;6987;rue;du;Chemin de Reuilly;RUE DU CHEMIN DE REUILLY;rue du Chemin de Reuilly;12e;;1875-02-10;;Picpus;;;;;;;;;;;Dénommée rue Decaen par décret présidentiel du 10 février 1875. Actuellement rue Claude Decaen.;;;;;;;;;
;5647;impasse;de la;Fortune;IMPASSE DE LA FORTUNE;impasse de la Fortune;;;;;;;;;;;;;;;;Voir : Bon Puits (imp. du).;;;;;;;;;
;5671;rue;des;Fontaines;RUE DES FONTAINES;rue des Fontaines;03e;;1939-02-08;;Arts et Metiers;;;;;;;;;;;Dénommée rue des Fontaines du Temple par arrêté préfectoral du 8 février 1939.;;;;;;;;;
;6369;quai;du;Dauphin;QUAI DU DAUPHIN;quai du Dauphin;;;;;;;;;;;;;;;;Actuellement quai de Béthune.;;;;;;;;;
;7048;poterne;du;Chaume;POTERNE DU CHAUME;poterne du Chaume;;;;;;;;;;;;;;;;Elle était située rue du Chaume (enceinte de Philippe-Auguste). Elle a également porté le nom de porte de Braque.;;;;;;;;;
;5052;rue;de la;Haute Borne;RUE DE LA HAUTE BORNE;rue de la Haute Borne;;;;;;;;;;;;;;;;Actuellement rue Oberkampf.;;;;;;;;;
;5705;rue;de la;Folie-Titon;RUE DE LA FOLIE-TITON;rue de la Folie-Titon;11e;;;;Sainte-Marguerite;;;;;;;;;;;Actuellement rue Titon.;;;;;;;;;
;5717;rue;de la;Foire;RUE DE LA FOIRE;rue de la Foire;;;;;;;;;;;;;;;;Actuellement rue des Quatre Vents.;;;;;;;;;
;6394;rue;;Dame Agnès la Vachère;RUE DAME AGNES LA VACHERE;rue Dame Agnès la Vachère;;;;;;;;;;;;;;;;Actuellement partie de la rue Sainte-Croix de la Bretonnerie.;;;;;;;;;
;7072;rue;du;Château Fétu;RUE DU CHATEAU FETU;rue du Château Fétu;;;;;;;;;;;;;;;;Actuellement partie de la rue Saint-Honoré.;;;;;;;;;
;5759;rue;des;Fidèles;RUE DES FIDELES;rue des Fidèles;;;;;;;;;;;;;;;;Actuellement rue Borromée.;;;;;;;;;
;6420;rue;;Cuvelier;RUE CUVELIER;rue Cuvelier;;;;;;;;;;;;;;;;Actuellement rue Auguste Maquet.;;;;;;;;;
;7122;rue;de la;Charreterie;RUE DE LA CHARRETERIE;rue de la Charreterie;;;;;;;;;;;;;;;;Actuellement imp. Chartière.;;;;;;;;;
;7141;quai;;Charles X;QUAI CHARLES X;quai Charles X;;;;;;;;;;;;;;;;Actuellement quai de Jemmapes et partie du boul. Richard Lenoir.;;;;;;;;;
;7142;place;;Charles X;PLACE CHARLES X;place Charles X;;;;;;;;;;;;;;;;Actuellement place Franz Liszt.;;;;;;;;;
;5111;carrefour;;Guillori;CARREFOUR GUILLORI;carrefour Guillori;;;;;;;;;;;;;;;;Ou Guilleri. Voir : Guilleri (carrefour).;;;;;;;;;
;5120;rue;;Guillaume Porée;RUE GUILLAUME POREE;rue Guillaume Porée;;;;;;;;;;;;;;;;Actuellement rue des Deux Boules.;;;;;;;;;
;5786;rue;;Ferpillon;RUE FERPILLON;rue Ferpillon;;;;;;;;;;;;;;;;Voir : Frépillon (rue).;;;;;;;;;
;6510;rue;de;Courtille;RUE DE COURTILLE;rue de Courtille;;;;;;;;;;;;;;;;Voir : Egout Saint-Germain (rue de l').;;;;;;;;;
;7164;rue;des;Charbonniers;RUE DES CHARBONNIERS;rue des Charbonniers;12e;;1912-07-16;;Quinze-Vingts;;;;;;;;;;;Dénommée rue Hector Malot par arrêté préfectoral du 16 juillet 1912 approuvé par décret présidentiel du 26 août 1912.;;;;;;;;;
;7172;chemin;des;Charbonniers;CHEMIN DES CHARBONNIERS;chemin des Charbonniers;;;;;;;;;;;;;;;;Actuellement rue Desaix.;;;;;;;;;
;5171;rue;du;Gros Pet;RUE DU GROS PET;rue du Gros Pet;;;;;;;;;;;;;;;;Actuellement rue des Poitevins.;;;;;;;;;
;5172;rue;du;Gros Chenet;RUE DU GROS CHENET;rue du Gros Chenet;;;;;;;;;;;;;;;;Actuellement partie de la rue du Sentier.;;;;;;;;;
;5815;rue;des;Fédérés;RUE DES FEDERES;rue des Fédérés;;;;;;;;;;;;;;;;Actuellement rue de Béarn et rue de Birague.;;;;;;;;;
;6539;rue;;Coura;RUE COURA;rue Coura;;;;;;;;;;;;;;;;Actuellement rue Courat.;;;;;;;;;
;7230;rue;de;Champrosy;RUE DE CHAMPROSY;rue de Champrosy;;;;;;;;;;;;;;;;Ou Champourri, Champrou, Champron ou encore Champrousier. Voir : Champourri (rue de).;;;;;;;;;
19;5883;rue;des;Étuves Saint-Martin;RUE DES ETUVES SAINT-MARTIN;rue des Étuves Saint-Martin;04e;1881-01-24;1971-08-13;;Saint-Merri;;110;10;;rue Beaubourg, 13.;rue Saint-Martin, 140;12;;;;"Supprimée dans le cadre de l'aménagement du secteur des Halles. Précédemment, rue des Vieilles Étuves Saint-Martin et plus anciennement, rue des Vieilles Étuves. En 1350, c'était la rue Geoffroy des Bains ou Geoffroy des Estuves ; en 1300, la rue des Estuves.";Arrêté du 24 janvier 1881.;;;;Des étuves étaient situées dans cette voie.;Arrêté préfectoral du 13 août 1971;;;
;5892;impasse;des;Étuves;IMPASSE DES ETUVES;impasse des Étuves;04e;;;;Saint-Merri;;;;;;;;;;;Supprimée par l'ouverture du boul. de Sébastopol. Elle était située rue Marivaux (Actuellement rue Nicolas Flamel). Au XVe siècle, c'était une rue qui aboutissait à celle de la Vieille Monnaie.;;;;;;;;;
;5895;rue;de l';Étoile;RUE DE L'ETOILE;rue de l'Étoile;04e;;;;Notre-Dame;;;;;;;;;;;Devenue rue Saint-Eloi (supprimée).;;;;;;;;;
;1715;passage;;Saint-Gervais;PASSAGE SAINT-GERVAIS;passage Saint-Gervais;;;;;;;;;;;;;;;;Supprimé. Elle était située au sud de l'église Saint-Gervais. Son débouché sur la rue des Barres avait été supprimé vers 1847.;;;;;;;;;
;1722;rue;;Saint-Germain à Couroiers;RUE SAINT-GERMAIN A COUROIERS;rue Saint-Germain à Couroiers;;;;;;;;;;;;;;;;Actuellement rue Saint-Germain l'Auxerrois.;;;;;;;;;
;1781;porte ou bastide;;Saint-Denis;PORTE OU BASTIDE SAINT-DENIS;porte ou bastide Saint-Denis;;;;;;;;;;;;;;;;Elle était située rue Saint-Denis, près de la rue Sainte-Apolline (enceinte de Charles V).;;;;;;;;;
;2043;rue;de la;Roquette;RUE DE LA ROQUETTE;rue de la Roquette;11e;;;;Roquette;;;;;;;;;;;Actuellement rue Mercoeur.;;;;;;;;;
;2046;avenue;de la;Roquette;AVENUE DE LA ROQUETTE;avenue de la Roquette;11e;;1884-08-30;;Roquette;;;;;;;;;;;Dénommée rue Godefroy Cavaignac par arrêté préfectoral du 30 août 1884.;;;;;;;;;
;2177;rue;;Renaut Le Fèvre;RUE RENAUT LE FEVRE;rue Renaut Le Fèvre;;;;;;;;;;;;;;;;Actuellement rue Cloche Perce.;;;;;;;;;
;2200;rue;de la;Religion;RUE DE LA RELIGION;rue de la Religion;;;;;;;;;;;;;;;;Actuellement partie de la rue Riquet.;;;;;;;;;
;2113;rue;de;Richebourg;RUE DE RICHEBOURG;rue de Richebourg;;;;;;;;;;;;;;;;Actuellement rue Daubenton.;;;;;;;;;
;1866;rue;;Saint-André;RUE SAINT-ANDRE;rue Saint-André;;;;;;;;;;;;;;;;Actuellement partie de la rue Hautefeuille.;;;;;;;;;
;1939;route;;Nationale N° 4;ROUTE NATIONALE N? 4;route Nationale N° 4;;;;;;;;;;;;;;;;Actuellement av. des Canadiens.;;;;;;;;;
;1984;route;;Départementale N° 24;ROUTE DEPARTEMENTALE N? 24;route Départementale N° 24;;;;;;;;;;;;;;;;Actuellement partie de l'av. de la Porte de Vitry.;;;;;;;;;
;1998;route;;Départementale N° 15;ROUTE DEPARTEMENTALE N? 15;route Départementale N° 15;;;;;;;;;;;;;;;;Actuellement rue Lepic.;;;;;;;;;
;2002;route;;Départementale N° 12;ROUTE DEPARTEMENTALE N? 12;route Départementale N° 12;;;;;;;;;;;;;;;;Actuellement av. des Ternes.;;;;;;;;;
;2448;rue;de la;Poulletière;RUE DE LA POULLETIERE;rue de la Poulletière;;;;;;;;;;;;;;;;Ou Poulleterie. Voir : Poulleterie (rue de la).;;;;;;;;;
;7329;rue;du;Centier;RUE DU CENTIER;rue du Centier;;;;;;;;;;;;;;;;Actuellement rue Censier.;;;;;;;;;
;7984;impasse;;Beer;IMPASSE BEER;impasse Beer;;;;;;;;;;;;;;;;Actuellement rue Théodore Deck (partie).;;;;;;;;;
;8630;vicus;;Alberici Carnificis;VICUS ALBERICI CARNIFICIS;vicus Alberici Carnificis;;;;;;;;;;;;;;;;Actuellement rue Aubry le Boucher.;;;;;;;;;
;7353;rue;des;Cavées;RUE DES CAVEES;rue des Cavées;;;;;;;;;;;;;;;;Actuellement rue de l'Orillon.;;;;;;;;;
;7366;petite rue;;Cassette;PETITE RUE CASSETTE;petite rue Cassette;;;;;;;;;;;;;;;;Voir : Beurrière (rue).;;;;;;;;;
;8047;rue;;Bay le Hoeu;RUE BAY LE HOEU;rue Bay le Hoeu;;;;;;;;;;;;;;;;"Une partie est comprise dans la rue Brisemiche ; l'autre, devenue la rue Taille-Pain, a été Supprimé. en 1910.";;;;;;;;;
;8052;partie de la rue;;Baudry;PARTIE DE LA RUE BAUDRY;partie de la rue Baudry;;;;;;;;;;;;;;;;Supprimé. Commençait av. du Parc des Expositions (Supprimé.).;;;;;;;;;
;8053;impasse;de la;Baudroirie;IMPASSE DE LA BAUDROIRIE;impasse de la Baudroirie;04e;;1936-12-31;;Saint-Merri;;;;;;;;;;;Supprimée en 1936. Commençait rue de Venise (partie Supprimé.). Elle existait dès 1300. Elle a porté le nom de cul-de-sac de la Baudroierie.;;;;;;;;;
;8105;rue;des;Batailles;RUE DES BATAILLES;rue des Batailles;;;;;;;;;;;;;;;;Supprimée par l'ouverture de l'av. d'Iéna. Elle commençait rue de Longchamp et finissait à la barrière des Batailles. Elle aurait aussi porté le nom de rue de Marle.;;;;;;;;;
;8688;voie;;AD/12;VOIE AD/12;voie AD/12;12e;;1977-07-22;;Picpus;;;;;;;;;;;Dénommée rue Eugénie Eboué par arrêté municipal du 22 juillet 1977.;;;;;;;;;
;8107;rue;de;Basville;RUE DE BASVILLE;rue de Basville;;;;;;;;;;;;;;;;Supprimé. lors de l'agrandissement du Palais de Justice. Elle communiquait de la Cour Neuve à celle de Lamoignon.;;;;;;;;;
;8732;chemin;de l';Abreuvoir;CHEMIN DE L'ABREUVOIR;chemin de l'Abreuvoir;;;;;;;;;;;;;;;;Actuellement rue de l'Abreuvoir.;;;;;;;;;
;2213;rue;;Regnaud Le Feure;RUE REGNAUD LE FEURE;rue Regnaud Le Feure;;;;;;;;;;;;;;;;Ou Regnault le Fèvre. Voir : Renaud Lefèvre (rue).;;;;;;;;;
;2252;barrière;de la;Rapée;BARRIERE DE LA RAPEE;barrière de la Rapée;12e;;;;Bercy;;;;;;;;;;;Supprimé. Elle était située sur le quai de la Rapée, au droit du boul. de Bercy.;;;;;Barrière d'octroi de l'enceinte des Fermiers généraux.;;;;
;2316;rue;des;Quatre Bornes;RUE DES QUATRE BORNES;rue des Quatre Bornes;12e;;1867-02-27;;Bel-Air;;;;;;;;;;;Dénommée rue et impasse Montéra par décret impérial du 27 février 1867.;;;;;;;;;
;2355;cour;du;Puits;COUR DU PUITS;cour du Puits;;;;;;;;;;;;;;;;Actuellement cité Fénelon.;;;;;;;;;
;2419;chemin;aux;Prêtre;CHEMIN AUX PRETRE;chemin aux Prêtre;;;;;;;;;;;;;;;;Actuellement rue du Pot de Fer.;;;;;;;;;
;2638;carrefour;de la;Pointe Saint-Eustache;CARREFOUR DE LA POINTE SAINT-EUSTACHE;carrefour de la Pointe Saint-Eustache;;;;;;;;;;;;;;;;On donnait ce nom à la place triangulaire formée au chevet de l'église par la rencontre des rues Montmartre, de la Comtesse d'Artois (Actuellement rue Montorgueil) et Traînée (Actuellement rue Rambuteau).;;;;;;;;;
;2799;allée;des;Peupliers;ALLEE DES PEUPLIERS;allée des Peupliers;;;;;;;;;;;;;;;;Supprimée en 1943. Commençait allée du Métro (Supprimé.), finissait imp. Baher (Supprimé.).;;;;;;;;;
;2659;rue;du;Plessis;RUE DU PLESSIS;rue du Plessis;;;;;;;;;;;;;;;;Actuellement partie de la rue de Varenne.;;;;;;;;;
;2744;cour;;Pierre la Pie;COUR PIERRE LA PIE;cour Pierre la Pie;;;;;;;;;;;;;;;;Voir : Trognon (rue).;;;;;;;;;
;2747;rue;;Pierre Dillery;RUE PIERRE DILLERY;rue Pierre Dillery;11e;;1896-07-28;;Sainte-Marguerite;;;;;;;;;;;Actuellement rue Jean Macé.;;;;;;;;;
;2755;rue;de la;Pierre au Lait;RUE DE LA PIERRE AU LAIT;rue de la Pierre au Lait;;;;;;;;;;;;;;;;Voir : Ecrivains (rue des).;;;;;;;;;
;2522;chemin;de la;Porte de Buci à la Seine;CHEMIN DE LA PORTE DE BUCI A LA SEINE;chemin de la Porte de Buci à la Seine;;;;;;;;;;;;;;;;Actuellement rue de Seine.;;;;;;;;;
;2567;passage;;Popincourt;PASSAGE POPINCOURT;passage Popincourt;;;;;;;;;;;;;;;;Actuellement pas. Beslay.;;;;;;;;;
;2568;rue;;Popée;RUE POPEE;rue Popée;;;;;;;;;;;;;;;;Voir : Poupée (rue).;;;;;;;;;
;3089;rue;du;Parc;RUE DU PARC;rue du Parc;;;;;;;;;;;;;;;;Actuellement avenue Félicien Rops.;;;;;;;;;
;2815;rue;des;Petites Maisons;RUE DES PETITES MAISONS;rue des Petites Maisons;;;;;;;;;;;;;;;;Actuellement partie de la rue de Sèvres.;;;;;;;;;
;2843;rue;de la;Petite Bouclerie;RUE DE LA PETITE BOUCLERIE;rue de la Petite Bouclerie;;;;;;;;;;;;;;;;Actuellement partie de la rue Brisemiche.;;;;;;;;;
;2946;impasse;des;Périchaux;IMPASSE DES PERICHAUX;impasse des Périchaux;;;;;;;;;;;;;;;;Supprimée par la construction des abattoirs de la Rive Gauche. Etait située chemin des Périchaux (Actuellement rue des Périchaux).;;;;;;;;;
;2950;rue;des;Pères Augustins;RUE DES PERES AUGUSTINS;rue des Pères Augustins;;;;;;;;;;;;;;;;Actuellement rue Notre-Dame des Victoires.;;;;;;;;;
;2970;rue;;Percée;RUE PERCEE;rue Percée;;;;;;;;;;;;;;;;Actuellement partie de la rue Greneta.;;;;;;;;;
;3236;rue;de l';Orberie;RUE DE L'ORBERIE;rue de l'Orberie;;;;;;;;;;;;;;;;Actuellement quai du Marché Neuf.;;;;;;;;;
;3360;rue;;Nicolas Arrode;RUE NICOLAS ARRODE;rue Nicolas Arrode;;;;;;;;;;;;;;;;Actuellement partie de la rue Montorgueil. Nicolas Arrode était prévôt de Paris en 1217.;;;;;;;;;
;3255;rue;;Oniard;RUE ONIARD;rue Oniard;04e;;1851-02-18;;Saint-Merri;;;;;;;;;;;Dénommée partie de la rue de La Reynie (tronçon supprimé entre la rue Saint-Martin et la rue Quincampoix) par décision ministérielle du 18 février 1851.;;;;;;;;;
;3261;rue;;Oignart;RUE OIGNART;rue Oignart;04e;;1851-02-18;;Saint-Merri;;;;;;;;;;;Dénommée partie de la rue de La Reynie (tronçon supprimé entre la rue Saint-Martin et la rue Quincampoix) par décision ministérielle du 18 février 1851.;;;Dite aussi rue Oniard;;;;;;
;3338;impasse;du;Nord;IMPASSE DU NORD;impasse du Nord;;;;;;;;;;;;;;;;Supprimée par la formation du Marché aux Bestiaux de la Villette. Elle était située rue de Sedan (Supprimé.).;;;;;;;;;
;3127;place;du;Palais du Corps Législatif;PLACE DU PALAIS DU CORPS LEGISLATIF;place du Palais du Corps Législatif;;;;;;;;;;;;;;;;Actuellement place du Palais Bourbon.;;;;;;;;;
;3446;galerie;;Neuve du Palais Royal;GALERIE NEUVE DU PALAIS ROYAL;galerie Neuve du Palais Royal;;;;;;;;;;;;;;;;Actuellement galerie de Chartres.;;;;;;;;;
;3467;rue;;Neuve des Fossés Saint-Denis;RUE NEUVE DES FOSSES SAINT-DENIS;rue Neuve des Fossés Saint-Denis;;;;;;;;;;;;;;;;Voir : Basse Porte Saint-Denis (rue).;;;;;;;;;
;3501;rue;;Neuve de la Grange Batelière;RUE NEUVE DE LA GRANGE BATELIERE;rue Neuve de la Grange Batelière;;;;;;;;;;;;;;;;Actuellement partie de la rue de la Grange Batelière.;;;;;;;;;
;3508;rue;;Neuve de la Cerisaie;RUE NEUVE DE LA CERISAIE;rue Neuve de la Cerisaie;;;;;;;;;;;;;;;;Actuellement partie de la rue de la Cerisaie.;;;;;;;;;
;3509;rue;;Neuve de l'Ursine;RUE NEUVE DE L'URSINE;rue Neuve de l'Ursine;;;;;;;;;;;;;;;;Actuellement rue d'Alexandrie.;;;;;;;;;
;3534;rue;;Neuve Bourdon;RUE NEUVE BOURDON;rue Neuve Bourdon;;;;;;;;;;;;;;;;Actuellement partie de la rue Pierre Guérin.;;;;;;;;;
;3547;rue;;Neuve;RUE NEUVE;rue Neuve;;;;;;;;;;;;;;;;Voir : Saint-Louis (rue). Actuellement quai des Orfèvres.;;;;;;;;;
;3581;rue;;Nationale;RUE NATIONALE;rue Nationale;;;;;;;;;;;;;;;;Actuellement rue Réaumur.;;;;;;;;;
;3582;rue;;Nationale;RUE NATIONALE;rue Nationale;;;;;;;;;;;;;;;;Actuellement rue Houdon.;;;;;;;;;
;3626;ruelle;des;Murs;RUELLE DES MURS;ruelle des Murs;;;;;;;;;;;;;;;;Elle longeait à l'intérieur l'enceinte de Philippe-Auguste entre les rues du Paon et Saint-André des Arts.;;;;;;;;;
;3627;rue;des;Murs;RUE DES MURS;rue des Murs;;;;;;;;;;;;;;;;Actuellement rue d'Arras.;;;;;;;;;
;3640;port;aux;Mulets;PORT AUX MULETS;port aux Mulets;;;;;;;;;;;;;;;;Actuellement port de Montebello.;;;;;;;;;
;3661;cul-de-sac ou vieille rue;;Mousquetaires;CUL-DE-SAC OU VIEILLE RUE MOUSQUETAIRES;cul-de-sac ou vieille rue Mousquetaires;;;;;;;;;;;;;;;;Actuellement rue Rondelet.;;;;;;;;;
;3989;route;de;Meaux;ROUTE DE MEAUX;route de Meaux;;;;;;;;;;;;;;;;Actuellement partie de l'av. Jean Jaurès.;;;;;;;;;
;3994;passage;;Mazas;PASSAGE MAZAS;passage Mazas;;;;;;;;;;;;;;;;Actuellement rue Claude Tillier.;;;;;;;;;
;3996;rue;;Mazarin;RUE MAZARIN;rue Mazarin;;;;;;;;;;;;;;;;Actuellement rue Colbert.;;;;;;;;;
;3872;quai;des;Miramiones;QUAI DES MIRAMIONES;quai des Miramiones;;;;;;;;;;;;;;;;Actuellement partie du quai de la Tournelle.;;;;;;;;;
;3944;cour;des;Messageries Nationales;COUR DES MESSAGERIES NATIONALES;cour des Messageries Nationales;;;;;;;;;;;;;;;;Supprimé. Elle commençait rue Saint-Honoré, 130, et finissait rue Jean-Jacques Rousseau, 18.;;;;;;;;;
;4244;rue;de la;Maison Neuve;RUE DE LA MAISON NEUVE;rue de la Maison Neuve;;;;;;;;;;;;;;;;Actuellement partie de la rue d'Astorg.;;;;;;;;;
;4041;rue;;Mathel;RUE MATHEL;rue Mathel;;;;;;;;;;;;;;;;Voir : Cloître Saint-Benoît (rue du).;;;;;;;;;
;4060;rue;du;Martroi Saint-Jean;RUE DU MARTROI SAINT-JEAN;rue du Martroi Saint-Jean;;;;;;;;;;;;;;;;Supprimée par l'agrandissement de l'Hôtel de Ville. Elle aboutissait d'un côté à la place de Grève (place de l'Hôtel de Ville) et de l'autre à la rue du Monceau Saint-Gervais (Supprimé.). En 1372, elle est désignée sous le nom de rue du Chevet Saint-Jean. On l'a appelée Marteret, du Martrai, du Martroi et du Martroi Saint-Jean. Corrozet dit Martel Saint-Jean, d'autres écrivent Maltois ou Martroi ou Martrai.;;;;;;;;;
;4064;rue;;Martin Alésoires;RUE MARTIN ALESOIRES;rue Martin Alésoires;;;;;;;;;;;;;;;;Actuellement rue du Jardinet.;;;;;;;;;
;4077;rue;des;Marmozets;RUE DES MARMOZETS;rue des Marmozets;;;;;;;;;;;;;;;;Ou Marmouzet (rue du) ou encore Marmouzettes (rue des). Voir : Marmouzet (rue du).;;;;;;;;;
;4091;grande rue et petite rue;;Marivaux;GRANDE RUE ET PETITE RUE MARIVAUX;grande rue et petite rue Marivaux;;;;;;;;;;;;;;;;Actuellement rue Nicolas Flamel.;;;;;;;;;
;4097;rue;du;Mariollet;RUE DU MARIOLLET;rue du Mariollet;;;;;;;;;;;;;;;;Voir : Marionnettes (rue des).;;;;;;;;;
;4102;chemin;des;Mariniers;CHEMIN DES MARINIERS;chemin des Mariniers;;;;;;;;;;;;;;;;Supprimé en 1942. Commençait rue Pierre Laval (Supprimé.), finissait à la limite de l'ancienne enceinte fortifiée.;;;;;;;;;
;4112;rue;des;Marguilliers;RUE DES MARGUILLIERS;rue des Marguilliers;;;;;;;;;;;;;;;;Actuellement partie de la rue Grégoire de Tours.;;;;;;;;;
;4187;ruelle;des;Marais;RUELLE DES MARAIS;ruelle des Marais;;;;;;;;;;;;;;;;Actuellement rue Marbeuf.;;;;;;;;;
;4191;rue;des;Marais;RUE DES MARAIS;rue des Marais;;;;;;;;;;;;;;;;Actuellement rue Notre-Dame des Victoires.;;;;;;;;;
;4205;rue;;Mangallée;RUE MANGALLEE;rue Mangallée;;;;;;;;;;;;;;;;Actuellement rue Montgallet.;;;;;;;;;
20;14844;allée;des;Justes de France;ALLEE DES JUSTES DE FRANCE;allée des Justes de France;04e;2000-07-17;2019-06-14;;Saint-Gervais;;60;10;92A3;rue Geoffroy l'Asnier, 17.;rue du Pont Louis-Philippe, 14.;4;9;"Non retenus au PSMV du Marais : Arrêté du 5 mars 1945 : 1° côté impair, sur une longueur de 35 m environ à partir de la rue Geoffroy l'Asnier ; 2° pan coupé circulaire du côté pair à l'angle de cette dernière voie. Ordonnance du 4 mars 1836, le surplus.";;"Dénommée allée des Justes parmi les Nations par délibération municipale des 11, 12, 13 et 14 juin 2019.Précédemment partie de la rue Grenier sur l'eau. Elle s'appelait en 1257 rue André sur l'Eau ; on la trouve désignée sous les noms de Garnier sur l'Yaue et Guernier sur l'Eau.";Arrêté municipal du 17 juillet 2000.;;;;En hommage à la mémoire des français qui pendant la guerre 39-45 ont aidé ou caché des hommes, des femmes et des enfants juifs traqués par les nazis.;;Arrêté du 5 mars 1945, entre les rues Geoffroy l'Asnier et du pont Louis-Philippe.;;
;1727;rue;;Saint-Germain;RUE SAINT-GERMAIN;rue Saint-Germain;;;;;;;;;;;;;;;;Ou Saint-Germain des Près. Actuellement partie de la rue Bonaparte.;;;;;;;;;
;1742;petite cité;;Saint-François D'Assise;PETITE CITE SAINT-FRANCOIS D'ASSISE;petite cité Saint-François D'Assise;;;;;;;;;;;;;;;;Elle était située rue d'Odessa, 3.;;;;;;;;;
;1760;rue;;Saint-Étienne;RUE SAINT-ETIENNE;rue Saint-Étienne;;;;;;;;;;;;;;;;Actuellement rue Saint-Sébastien.;;;;;;;;;
;1788;chemin;de;Saint-Denis;CHEMIN DE SAINT-DENIS;chemin de Saint-Denis;;;;;;;;;;;;;;;;Actuellement rue des Fillettes.;;;;;;;;;
;2028;cour;de;Rouen;COUR DE ROUEN;cour de Rouen;;;;;;;;;;;;;;;;Actuellement rue du Jardinet.;;;;;;;;;
;2175;passage;;René;PASSAGE RENE;passage René;11e;;1969-04-02;;Roquette;;;;;;;;;;;Dénommé rue René Villermé par arrêté préfectoral du 2 avril 1969.;;;;;;;;;
;2055;rue;de;Romanée;RUE DE ROMANEE;rue de Romanée;12e;;;;Bercy;;;;;;;;;;;Supprimée. Voie située dans les entrepôts de Bercy. Précédemment rue de la Côte d'Or;;;;;Grand cru de la Côte d'Or;;;;
;2067;rue;;Rodolphe le Plâtrier;RUE RODOLPHE LE PLATRIER;rue Rodolphe le Plâtrier;;;;;;;;;;;;;;;;Actuellement rue Domat.;;;;;;;;;
;2084;cour;;Robert de Paris;COUR ROBERT DE PARIS;cour Robert de Paris;;;;;;;;;;;;;;;;Actuellement rue du Renard.;;;;;;;;;
;2086;rue;;Robert Bégon;RUE ROBERT BEGON;rue Robert Bégon;;;;;;;;;;;;;;;;Actuellement partie de la rue Chapon.;;;;;;;;;
;2097;cour;au;Ris;COUR AU RIS;cour au Ris;;;;;;;;;;;;;;;;Voir : Opéra (cul-de-sac de l').;;;;;;;;;
19;2141;passage;de la;Reuss;PASSAGE DE LA REUSS;passage de la Reuss;11e;1877-02-01;1912-07-16;;Folie-Méricourt;;;;;;;;;;;Dénommé rue Jules Verne par arrêté préfectoral du 16 juillet 1912 approuvé par décret présidentiel du 26 août 1912.;Arrêté préfectoral du 1er février 1877.;;;;;;;;
;1863;rue;;Saint-André de Laas;RUE SAINT-ANDRE DE LAAS;rue Saint-André de Laas;;;;;;;;;;;;;;;;Ou Saint-André, Saint-André des Arcs ou encore Saint-Andrieu. Actuellement rue Saint-André des Arts.;;;;;;;;;
;1873;impasse;;Saint-Ambroise;IMPASSE SAINT-AMBROISE;impasse Saint-Ambroise;11e;;;;Saint-Ambroise;;;;;;;;;;;Actuellement passage Saint-Ambroise.;;;;;;;;;
;1879;partie de la rue;;Saint-Albin;PARTIE DE LA RUE SAINT-ALBIN;partie de la rue Saint-Albin;;;;;;;;;;;;;;;;Supprimé. par l'ouverture du boul. Romain Rolland.;;;;;;;;;
;1911;cul-de-sac;de la;Rue Neuve Montmartre;CUL-DE-SAC DE LA RUE NEUVE MONTMARTRE;cul-de-sac de la Rue Neuve Montmartre;;;;;;;;;;;;;;;;Voir : Saint-Pierre Gourtin (cul-de-sac).;;;;;;;;;
;1956;route;;Départementale N° 64;ROUTE DEPARTEMENTALE N? 64;route Départementale N° 64;;;;;;;;;;;;;;;;Actuellement avenue Victor Hugo.;;;;;;;;;
;1966;route;;Départementale N° 41;ROUTE DEPARTEMENTALE N? 41;route Départementale N° 41;;;;;;;;;;;;;;;;Actuellement rue d'Avron.;;;;;;;;;
;1981;route;;Départementale N° 26;ROUTE DEPARTEMENTALE N? 26;route Départementale N° 26;;;;;;;;;;;;;;;;Actuellement rue de Belleville. La rue de Romainville faisait autrefois partie de la route n° 26 qui a été rectifiée sur ce point en 1859.;;;;;;;;;
;1982;route;;Départementale N° 25;ROUTE DEPARTEMENTALE N? 25;route Départementale N° 25;;;;;;;;;;;;;;;;Actuellement rue de Meaux.;;;;;;;;;
;1994;route;;Départementale N° 18;ROUTE DEPARTEMENTALE N? 18;route Départementale N° 18;;;;;;;;;;;;;;;;Actuellement partie de l'av. de la Porte de Bagnolet.;;;;;;;;;
;2449;rue;de la;Poulleterie;RUE DE LA POULLETERIE;rue de la Poulleterie;;;;;;;;;;;;;;;;Ou Poulletière. Actuellement rue Poulletier.;;;;;;;;;
;833;ruelle;des;Trois Quenouilles;RUELLE DES TROIS QUENOUILLES;ruelle des Trois Quenouilles;;;;;;;;;;;;;;;;Actuellement partie de la rue Bertin Poirée.;;;;;;;;;
;891;rue;de la;Trinité;RUE DE LA TRINITE;rue de la Trinité;;;;;;;;;;;;;;;;Actuellement partie de la rue Greneta.;;;;;;;;;
;901;rue;des;Treilles;RUE DES TREILLES;rue des Treilles;;;;;;;;;;;;;;;;Actuellement rue Censier.;;;;;;;;;
;648;rue;de la;Verrerie;RUE DE LA VERRERIE;rue de la Verrerie;;;;;;;;;;;;;;;;Voir : Vieille Draperie (rue de la).;;;;;;;;;
;651;rue;des;Vernis;RUE DES VERNIS;rue des Vernis;;;;;;;;;;;;;;;;Supprimé. Commençait av. de Malakoff (Actuellement av. Raymond Poincaré), finissait rue de Villejust (Actuellement rue Paul Valéry).;;;;;;;;;
;726;ruelle;de la;Vallée de Fécamp;RUELLE DE LA VALLEE DE FECAMP;ruelle de la Vallée de Fécamp;12e;;;;Picpus;;;;;rue de la Brèche aux Loups.;en impasse au-delà de la rue de la Croix (rue de Fécamp);;;;;Supprimée par l'ouverture de la rue de Wattignies. La partie restante est actuellement l'impasse de la Vallée de Fécamp.;;;;;;;;;
;738;passage;de;Valenciennes;PASSAGE DE VALENCIENNES;passage de Valenciennes;;;;;;;;;;;;;;;;Actuellement rue de l'Escaut et rue Labois-Rouillon.;;;;;;;;;
;965;route;de la;Tourelle à Gravelle;ROUTE DE LA TOURELLE A GRAVELLE;route de la Tourelle à Gravelle;12e;;;;Picpus;;2400;12;;route de la Ferme.;route de la Tourelle;;;;;Actuellement partie de la route de la Tourelle. Située autrefois sur les territoires de Vincennes et Saint-Mandé annexés à Paris par décret du 18 avril 1929.;;;Située dans le bois de Vincennes.;;;;;;
;969;ruelle ou rue;de la;Tour des Dames;RUELLE OU RUE DE LA TOUR DES DAMES;ruelle ou rue de la Tour des Dames;;;;;;;;;;;;;;;;Actuellement rue de La Rochefoucauld.;;;;;;;;;
19;976;rue;du;Touat;RUE DU TOUAT;rue du Touat;12e;1900-12-07;1905-11-18;;Picpus;;;;;;;;;;;Dénommée rue Santerre par arrêté préfectoral du 6 novembre 1905 approuvé par décret du 18 novembre 1905.;Arrêté préfectoral du 7 décembre 1900.;;;;;;;;
;992;rue;de la;Tixeranderie;RUE DE LA TIXERANDERIE;rue de la Tixeranderie;;;;;;;;;;;;;;;;Supprimée par l'ouverture de la rue de Rivoli. Elle commençait rue Jean Pain Mollet (Supprimé.) et finissait place Baudoyer. On la nommait anciennement rue de la Vieille Oreille, entre les rues Jean Pain Mollet (Supprimé.) et Mouton (Supprimé.). En 1263 elle portait déjà le nom de Tixeranderie. En 1300, c'est la Viez Tisseranderie.;;;;;;;;;
;1013;rue;de;Thorigny;RUE DE THORIGNY;rue de Thorigny;03e;;;;Archives;;;;;;;;;;;Actuellement rue de la Perle.;;;;;;;;;
;1062;avenue;du;Théâtre;AVENUE DU THEATRE;avenue du Théâtre;;;;;;;;;;;;;;;;Supprimée. Allait du boul. de Rochechouart au théâtre de Montmartre.;;;;;;;;;
;1082;rue;du;Temps Perdu;RUE DU TEMPS PERDU;rue du Temps Perdu;;;;;;;;;;;;;;;;Actuellement rue Saint-Joseph.;;;;;;;;;
;1095;ruelle;;Taufier;RUELLE TAUFIER;ruelle Taufier;;;;;;;;;;;;;;;;Actuellement rue de Rouen.;;;;;;;;;
;1143;ruelle;de la;Sphère;RUELLE DE LA SPHERE;ruelle de la Sphère;;;;;;;;;;;;;;;;Supprimé. Elle commençait rue Neuve Sainte-Geneviève (Actuellement rue Tournefort) et finissait rue des Postes (Actuellement rue Lhomond).;;;;;;;;;
;1374;ruelle;;Sainte-Geneviève;RUELLE SAINTE-GENEVIEVE;ruelle Sainte-Geneviève;;;;;;;;;;;;;;;;Actuellement rue Saint-Etienne du Mont.;;;;;;;;;
;1549;cité;;Saint-Michel;CITE SAINT-MICHEL;cité Saint-Michel;11e;;1970-12-31;;Sainte-Marguerite;;;;;rue des Boulets, 29.;rue de Montreuil, 55;20;17;;;Supprimée en 1970 par l'aménagement partiel de l'îlot.;;;;;;;;;
;1552;porte ou archet;;Saint-Merri;PORTE OU ARCHET SAINT-MERRI;porte ou archet Saint-Merri;;;;;;;;;;;;;;;;Elle était située rue Saint-Martin près l'église Saint-Merri.;;;;;;;;;
;1556;rue;;Saint-Maur Saint-Martin;RUE SAINT-MAUR SAINT-MARTIN;rue Saint-Maur Saint-Martin;03e;;1851-03-11;;Arts et Metiers;;;;;rue Royale Saint-Martin;rue Conté;;;;;Dénommée partie de la rue Saint-Paxent (supprimée par l'ouverture de la rue de Turbigo) par arrêté préfectoral du 11 mars 1851.;;;;;;;;;
;1568;porte;;Saint-Martin;PORTE SAINT-MARTIN;porte Saint-Martin;;;;;;;;;;;;;;;;Elle était située rue Saint-Martin (enceinte de Philippe-Auguste), et plus tard près de la rue Meslay (enceinte de Charles V).;;;;;;;;;
;1416;petite rue;;Sainte-Barbe;PETITE RUE SAINTE-BARBE;petite rue Sainte-Barbe;;;;;;;;;;;;;;;;Voir : Cholets (rue des).;;;;;;;;;
;1421;ruelle;;Sainte-Apolline;RUELLE SAINTE-APOLLINE;ruelle Sainte-Apolline;;;;;;;;;;;;;;;;Supprimé. Elle était située rue Neuve Sainte-Geneviève (Actuellement rue Tournefort).;;;;;;;;;
;1425;rue;;Sainte-Anne;RUE SAINTE-ANNE;rue Sainte-Anne;12e;;1875-02-10;;Bercy;;;;;;;;;;;Dénommée rue Morse (supprimée) par décret présidentiel du 10 février 1875.;;;;;;;;;
;1468;chemin ou rue;du;Saint-Sépulcre;CHEMIN OU RUE DU SAINT-SEPULCRE;chemin ou rue du Saint-Sépulcre;;;;;;;;;;;;;;;;Actuellement rue du Dragon.;;;;;;;;;
;1506;rue;;Saint-Père à Beus;RUE SAINT-PERE A BEUS;rue Saint-Père à Beus;;;;;;;;;;;;;;;;Actuellement rue d'Arcole.;;;;;;;;;
;1335;rue;;Sainte-Marie l'Égyptienne;RUE SAINTE-MARIE L'EGYPTIENNE;rue Sainte-Marie l'Égyptienne;;;;;;;;;;;;;;;;Actuellement rue de la Jussienne.;;;;;;;;;
;1823;impasse;;Saint-Charles;IMPASSE SAINT-CHARLES;impasse Saint-Charles;12e;;;;Picpus;;;;;;;;;;;Actuellement imp. Erard.;;;;;;;;;
;1834;impasse;;Saint-Bernard;IMPASSE SAINT-BERNARD;impasse Saint-Bernard;;;;;;;;;;;;;;;;Actuellement rue du Dahomey.;;;;;;;;;
;1836;grand'rue;;Saint-Benoît le Bestournet;GRAND'RUE SAINT-BENOIT LE BESTOURNET;grand'rue Saint-Benoît le Bestournet;;;;;;;;;;;;;;;;Ou Saint-Benoît. Voir : Saint-Benoît (grand'rue).;;;;;;;;;
;1844;impasse;;Saint-Barthélemy;IMPASSE SAINT-BARTHELEMY;impasse Saint-Barthélemy;;;;;;;;;;;;;;;;Supprimé. Elle débouchait sur la rue de la Vieille Draperie (Supprimé.).;;;;;;;;;
;1845;rue;;Saint-Augustin;RUE SAINT-AUGUSTIN;rue Saint-Augustin;;;;;;;;;;;;;;;;Actuellement rue des Filles Saint-Thomas.;;;;;;;;;
;1632;grande rue;;Saint-Landry sur l'Yaue;GRANDE RUE SAINT-LANDRY SUR L'YAUE;grande rue Saint-Landry sur l'Yaue;;;;;;;;;;;;;;;;Ou Saint-Landry. Actuellement rue des Ursins.;;;;;;;;;
;1653;enclos et passage;;Saint-Jean de Latran;ENCLOS ET PASSAGE SAINT-JEAN DE LATRAN;enclos et passage Saint-Jean de Latran;;;;;;;;;;;;;;;;Le passage traversait l'enclos et conduisait de la place de Cambrai (Actuellement partie de la place Marcelin Berthelot) à la rue Saint-Jean de Beauvais (Actuellement rue Jean de Beauvais).;;;;;;;;;
;7481;rue;de;Byauvoir;RUE DE BYAUVOIR;rue de Byauvoir;;;;;;;;;;;;;;;;Voir : Beauvais (rue de).;;;;;;;;;
;7512;rue;de la;Buscherie du Petit Pont;RUE DE LA BUSCHERIE DU PETIT PONT;rue de la Buscherie du Petit Pont;;;;;;;;;;;;;;;;Actuellement rue de la Bûcherie.;;;;;;;;;
;8165;place;de la;Barrière de Bercy;PLACE DE LA BARRIERE DE BERCY;place de la Barrière de Bercy;12e;;1864-12-30;;Bercy;;;;;;;;;;;Dénommée partie du boulevard de Bercy par arrêté préfectoral du 30 décembre 1864.;;;;;;;;;
;8182;rue;de la;Barre;RUE DE LA BARRE;rue de la Barre;;;;;;;;;;;;;;;;Actuellement rue Scipion.;;;;;;;;;
;7524;quai;de la;Bûcherie;QUAI DE LA BUCHERIE;quai de la Bûcherie;;;;;;;;;;;;;;;;Actuellement quai de Montebello.;;;;;;;;;
;7533;voie;;BS/12;VOIE BS/12;voie BS/12;12e;;1993-02-11;;Bercy;;;;;;;;;;;Dénommée rue de l'Aubrac par arrêté municipal du 11 février 1993.;;;;;;;;;
;8205;porte;;Barbette;PORTE BARBETTE;porte Barbette;;;;;;;;;;;;;;;;Elle faisait partie de l'enceinte de Philippe-Auguste et était située rue Vieille du Temple.;;;;;;;;;
;7567;impasse;de;Bretagne;IMPASSE DE BRETAGNE;impasse de Bretagne;;;;;;;;;;;;;;;;Actuellement partie de la rue Froissart.;;;;;;;;;
;7568;grand chemin;de;Bretagne;GRAND CHEMIN DE BRETAGNE;grand chemin de Bretagne;;;;;;;;;;;;;;;;Actuellement rue Lecourbe.;;;;;;;;;
;7579;rue;;Bréguet Prolongée;RUE BREGUET PROLONGEE;rue Bréguet Prolongée;11e;;1933-12-31;;Roquette;;;;;;;;;;;Devenue partie de la rue Bréguet en 1933. Précédemment passage Raoul.;Dénommée en 1911.;;;;;;;;
;8251;rue;de;Bagnolet;RUE DE BAGNOLET;rue de Bagnolet;;;;;;;;;;;;;;;;Supprime. lors de l'établissement de l'enceinte fortifiée. Elle commençait rue de Belleville et se dirigeait vers le village du Pré-Saint-Gervais.;;;;;;;;;
;7607;chemin de ronde;de la;Boyauterie;CHEMIN DE RONDE DE LA BOYAUTERIE;chemin de ronde de la Boyauterie;;;;;;;;;;;;;;;;Actuellement partie du boul. de la Villette.;;;;;;;;;
;7609;rue;de la;Boyauderie;RUE DE LA BOYAUDERIE;rue de la Boyauderie;;;;;;;;;;;;;;;;Ou Boyauterie. Actuellement rue Louis Blanc.;;;;;;;;;
;6261;rue;des;Deux Moulins Saint-Antoine;RUE DES DEUX MOULINS SAINT-ANTOINE;rue des Deux Moulins Saint-Antoine;;;;;;;;;;;;;;;;Ou Deux Moulins. Voir : Deux Moulins (rue des). Actuellement rue Lamblardie.;;;;;;;;;
;6293;rue;de la;Descente de Montargis;RUE DE LA DESCENTE DE MONTARGIS;rue de la Descente de Montargis;;;;;;;;;;;;;;;;Actuellement rue du Regard.;;;;;;;;;
;6957;rue;;Cherauri;RUE CHERAURI;rue Cherauri;;;;;;;;;;;;;;;;Voir : Perpignan (rue de).;;;;;;;;;
;6968;chemin;;Vicinal N° 1;CHEMIN VICINAL N? 1;chemin Vicinal N° 1;;;;;;;;;;;;;;;;Actuellement av. de la Porte de Vanves.;;;;;;;;;
;6969;chemin;;Vicinal de Grande Communication des Batignolles;CHEMIN VICINAL DE GRANDE COMMUNICATION DES BATIGNOLLES;chemin Vicinal de Grande Communication des Batignolles;;;;;;;;;;;;;;;;Actuellement partie de la rue Marcadet.;;;;;;;;;
;4955;cité;;Holzbacher;CITE HOLZBACHER;cité Holzbacher;;;;;;;;;;;;;;;;Supprimée par l'ouverture de l'avenue Parmentier. Elle commençait rue des Trois Bornes et finissait rue de la Fontaine au Roi.;;;;;;;;;
;4957;rue;aux;Hoirs d'Harcourt;RUE AUX HOIRS D'HARCOURT;rue aux Hoirs d'Harcourt;;;;;;;;;;;;;;;;Supprimé. par l'ouverture du boul. Saint-Michel. C'était la partie de la rue de la Harpe comprise entre la rue de l'Ecole de Médecine et la rue Monsieur le Prince. Elle avait aussi porté le nom de Saint-Côme et Saint-Damien (1254-1279).;;;;;;;;;
;4971;rue;;Hickel;RUE HICKEL;rue Hickel;;;;;;;;;;;;;;;;Supprimé. en 1942. Etait située av. du Parc des Expositions (Supprimé.).;;;;;;;;;
;4980;rue;;Hérondale;RUE HERONDALE;rue Hérondale;;;;;;;;;;;;;;;;Actuellement rue de l'Hirondelle.;;;;;;;;;
;4990;petit chemin;;Herbu;PETIT CHEMIN HERBU;petit chemin Herbu;;;;;;;;;;;;;;;;Actuellement partie de la rue Paul Lelong.;;;;;;;;;
;5606;rue;du;Fossoyeur;RUE DU FOSSOYEUR;rue du Fossoyeur;;;;;;;;;;;;;;;;Ou Fossoyeurs (rue des). Actuellement rue Servandoni.;;;;;;;;;
;5634;chemin ou ruelle;des;Fossés;CHEMIN OU RUELLE DES FOSSES;chemin ou ruelle des Fossés;;;;;;;;;;;;;;;;Actuellement rue Gozlin.;;;;;;;;;
;6310;rue;de la;Dentelle;RUE DE LA DENTELLE;rue de la Dentelle;;;;;;;;;;;;;;;;Actuellement partie de la rue Pernelle.;;;;;;;;;
;6322;chemin;de la;Demi Lune;CHEMIN DE LA DEMI LUNE;chemin de la Demi Lune;;;;;;;;;;;;;;;;Actuellement partie de la rue du Borrégo.;;;;;;;;;
;6994;;;Chemin de Grande Communication N° 76;CHEMIN DE GRANDE COMMUNICATION N? 76;Chemin de Grande Communication N° 76;;;;;;;;;;;;;;;;Actuellement rue de la Porte d'Issy.;;;;;;;;;
;7003;partie du;;Chemin de Grande Communication N° 34;PARTIE DU CHEMIN DE GRANDE COMMUNICATION N? 34;partie du Chemin de Grande Communication N° 34;;;;;;;;;;;;;;;;Actuellement av. de la Porte du Pré Saint-Gervais.;;;;;;;;;
;5030;rue;du;Havre;RUE DU HAVRE;rue du Havre;;;;;;;;;;;;;;;;Actuellement rue de Marseille.;;;;;;;;;
;5034;rue;des;Hauts Moulins;RUE DES HAUTS MOULINS;rue des Hauts Moulins;04e;;1865-05-22;;Notre-Dame;;;;;;;;;;;Supprimée par la reconstruction de l'Hôtel Dieu (décret du 22 mai 1865). Vers 1300, rue Saint-Denis de la Chartre. Au XVIe siècle, une partie se nommait des Hauts Moulins et l'autre Saint-Symphorien.;;;Dite aussi rue du Haut Moulin en la Cité;;;;;;
;5035;sentier;des;Hauts Montiboeufs;SENTIER DES HAUTS MONTIBOEUFS;sentier des Hauts Montiboeufs;;;;;;;;;;;;;;;;Actuellement rue de la Dhuis.;;;;;;;;;
;5646;rue;de la;Fortune;RUE DE LA FORTUNE;rue de la Fortune;;;;;;;;;;;;;;;;Voir : Bon Puits (rue du).;;;;;;;;;
;5651;rue;des;Fortes Terres;RUE DES FORTES TERRES;rue des Fortes Terres;;;;;;;;;;;;;;;;Actuellement partie de la rue de Boulainvilliers.;;;;;;;;;
;5655;rue;;Forestier;RUE FORESTIER;rue Forestier;;;;;;;;;;;;;;;;Voir : Egout Saint-Germain (rue de l').;;;;;;;;;
;5666;barrière;de;Fontarabie;BARRIERE DE FONTARABIE;barrière de Fontarabie;;;;;;;;;;;;;;;;Supprimé. Elle était située boul. de Charonne, à l'extrémité de la rue de Charonne. Elle a porté le nom de Charonne.;;;;;;;;;
;5065;rue;de la;Haucherie;RUE DE LA HAUCHERIE;rue de la Haucherie;;;;;;;;;;;;;;;;Voir : Vieille Harengerie (rue de la).;;;;;;;;;
;5707;rue;de la;Folie Moricourt;RUE DE LA FOLIE MORICOURT;rue de la Folie Moricourt;;;;;;;;;;;;;;;;Voir : Folie Marcaut (rue de la).;;;;;;;;;
;5708;rue;de la;Folie Mauricourt;RUE DE LA FOLIE MAURICOURT;rue de la Folie Mauricourt;;;;;;;;;;;;;;;;Voir : Folie Marcaut (rue de la).;;;;;;;;;
;6399;villa;;Daguerre;VILLA DAGUERRE;villa Daguerre;;;1889-12-31;;;;;;;;;;;;;Supprimée en 1889. Commençait rue du Champ d'Asile (Actuellement rue Froidevaux), finissait rue Daguerre, 54.;;;;;;;;;
;5753;rue;des;Filles Anglaises;RUE DES FILLES ANGLAISES;rue des Filles Anglaises;12e;;;;Quinze-Vingts;;;;;;;;;;;Actuellement rue Moreau.;;;;;;;;;
;6461;chemin;dit de la;Croix Moreau;CHEMIN DIT DE LA CROIX MOREAU;chemin dit de la Croix Moreau;;;;;;;;;;;;;;;;Actuellement rue des Portes Blanches et partie des rues Ordener et du Poteau.;;;;;;;;;
;7126;rue;;Charpentier;RUE CHARPENTIER;rue Charpentier;;;;;;;;;;;;;;;;Et Charpentière. Voir : Charpentière (rue).;;;;;;;;;
;5112;rue;;Guilleri Bertin;RUE GUILLERI BERTIN;rue Guilleri Bertin;;;;;;;;;;;;;;;;Voir : Hillerin Bertin (rue).;;;;;;;;;
;5130;rue;de;Guigne Oreille;RUE DE GUIGNE OREILLE;rue de Guigne Oreille;;;;;;;;;;;;;;;;Actuellement rue de la Coutellerie.;;;;;;;;;
;5801;rue;;Ferdinand;RUE FERDINAND;rue Ferdinand;11e;;1864-08-24;;Folie-Méricourt;;;;;;;;;;;Dénommée rue Morand par décret impérial du 24 août 1864.;;;;;;;;;
;5808;passage;;Fénelon;PASSAGE FENELON;passage Fénelon;;;;;;;;;;;;;;;;Actuellement partie de la rue Milton.;;;;;"François de Salignac de La Mothe-Fénelon (1652-1715), écrivain, archevêque de Cambrai ; voisinage de l'église Saint-Vincent de Paul.";;;;
;6473;carrefour;de la;Croix de Clamart;CARREFOUR DE LA CROIX DE CLAMART;carrefour de la Croix de Clamart;;;;;;;;;;;;;;;;On nommait ainsi le carrefour où se trouve une fontaine à la rencontre des rues Geoffroy-Saint-Hilaire, Poliveau et du Fer à Moulin.;;;;;;;;;
;6480;barrière;de la;Croix Blanche;BARRIERE DE LA CROIX BLANCHE;barrière de la Croix Blanche;;;;;;;;;;;;;;;;Voir : Blanche (barrière).;;;;;;;;;
;6492;rue;;Creuse;RUE CREUSE;rue Creuse;;;;;;;;;;;;;;;;Actuellement rue Oudry.;;;;;;;;;
;6495;cour;;Crépier;COUR CREPIER;cour Crépier;12e;;;;Bercy;;;;;;;;;;;Supprimée. Voie située dans les entrepôts de Bercy.;;;;;Entrepôt de M. Crépier.;;;;
;6496;rue;des;Crénaux;RUE DES CRENAUX;rue des Crénaux;;;;;;;;;;;;;;;;Voir : Vieille Tannerie (rue de la).;;;;;;;;;
;7153;rue;du;Charetier;RUE DU CHARETIER;rue du Charetier;;;;;;;;;;;;;;;;Actuellement rue de l'Arbre Sec.;;;;;;;;;
;7162;rue;des;Charbonniers Saint-Antoine;RUE DES CHARBONNIERS SAINT-ANTOINE;rue des Charbonniers Saint-Antoine;12e;;;;Quinze-Vingts;;;;;;;;;;;Actuellement rue Hector Malot.;;;;;;;;;
;7169;chemin;des;Charbonniers;CHEMIN DES CHARBONNIERS;chemin des Charbonniers;;;;;;;;;;;;;;;;Voir : Charbonniers Saint-Marcel (rue des).;;;;;;;;;
;5173;rue;du;Gros Caillou;RUE DU GROS CAILLOU;rue du Gros Caillou;;;;;;;;;;;;;;;;Actuellement rue Duméril et partie de la rue Geoffroy-Saint-Hilaire.;;;;;;;;;
;5195;passage;;Greneta;PASSAGE GRENETA;passage Greneta;;;;;;;;;;;;;;;;Supprimé par l'ouverture du boulevard de Sébastopol. Il conduisait de la rue Greneta à la cour du Commerce (Supprimé.), dans l'enclos de la Trinité (Supprimé.).;;;;;;;;;
;5846;partie de la rue;;Fanny;PARTIE DE LA RUE FANNY;partie de la rue Fanny;;;;;;;;;;;;;;;;Supprimé. par la création du boulevard Périphérique en 1969. Etait située rue Fanny à la limite du territoire de Clichy.;;;;;;;;;
;5857;vicus;;Fabarum;VICUS FABARUM;vicus Fabarum;;;;;;;;;;;;;;;;Voir : Fèves (rue aux).;;;;;;;;;
;6555;rue;;Coupeau;RUE COUPEAU;rue Coupeau;;;;;;;;;;;;;;;;Ou Coipeaux ou encore Copeau. Voir : Coipeaux (rue).;;;;;;;;;
;7215;rue;des;Chanoines;RUE DES CHANOINES;rue des Chanoines;;;;;;;;;;;;;;;;Voir : Saint-Thomas du Louvre (rue).;;;;;;;;;
;1695;passage;;Saint-Honoré;PASSAGE SAINT-HONORE;passage Saint-Honoré;;;;;;;;;;;;;;;;Voir : Sourdière (pas. de la).;;;;;;;;;
;1728;route;de;Saint-Germain;ROUTE DE SAINT-GERMAIN;route de Saint-Germain;;;;;;;;;;;;;;;;Ou partie de la Vieille Route de Neuilly. Voir : Neuilly (Partie de la vieille route de).;;;;;;;;;
;1787;chemin;de;Saint-Denis;CHEMIN DE SAINT-DENIS;chemin de Saint-Denis;;;;;;;;;;;;;;;;Actuellement rue des Poissonniers.;;;;;;;;;
;2017;chaussée ou faubourg;du;Roule;CHAUSSEE OU FAUBOURG DU ROULE;chaussée ou faubourg du Roule;;;;;;;;;;;;;;;;Actuellement rue du Faubourg Saint-Honoré.;;;;;;;;;
;2115;rue;;Richebourg;RUE RICHEBOURG;rue Richebourg;;;;;;;;;;;;;;;;Actuellement rue de Marengo.;;;;;;;;;
;2133;rue;;Révolutionnaire;RUE REVOLUTIONNAIRE;rue Révolutionnaire;;;;;;;;;;;;;;;;Voir : Saint-Louis (rue). Actuellement quai des Orfèvres.;;;;;;;;;
;2136;place;de la;Révolution;PLACE DE LA REVOLUTION;place de la Révolution;;;;;;;;;;;;;;;;Actuellement place de la Concorde.;;;;;;;;;
;2160;rue;de la;République;RUE DE LA REPUBLIQUE;rue de la République;;;;;;;;;;;;;;;;Actuellement rue Jean-Baptiste Pigalle.;;;;;;;;;
;2168;villa;des;Rentiers;VILLA DES RENTIERS;villa des Rentiers;;;;;;;;;;;;;;;;Supprimé. Etait située rue du Château des Rentiers, 65.;;;;;;;;;
;1886;rue;;Sacalie;RUE SACALIE;rue Sacalie;;;;;;;;;;;;;;;;Actuellement partie de la rue Xavier Privas.;;;;;;;;;
;1913;impasse;de la;Rue Geoffroy l'Angevin;IMPASSE DE LA RUE GEOFFROY L'ANGEVIN;impasse de la Rue Geoffroy l'Angevin;;;;;;;;;;;;;;;;Supprimé. Elle formait retour d'équerre à l'extrémité de l'imp. Berthaud. En 1342, rue Agnès aux Truyes. En 1386, rue des Truyes.;;;;;;;;;
;1946;route;;Nationale N° 14;ROUTE NATIONALE N? 14;route Nationale N° 14;;;;;;;;;;;;;;;;Actuellement partie de l'av. de la Porte de Clignancourt.;;;;;;;;;
;1954;route;;Départementale N° 75;ROUTE DEPARTEMENTALE N? 75;route Départementale N° 75;;;;;;;;;;;;;;;;Actuellement quai de la Seine.;;;;;;;;;
;1972;route;;Départementale N° 31;ROUTE DEPARTEMENTALE N? 31;route Départementale N° 31;;;;;;;;;;;;;;;;Actuellement quai d'Issy-les-Moulineaux.;;;;;;;;;
;1979;route;;Départementale N° 27;ROUTE DEPARTEMENTALE N? 27;route Départementale N° 27;;;;;;;;;;;;;;;;Actuellement rue de Ménilmontant.;;;;;;;;;
;2005;route;;Départementale N° 10;ROUTE DEPARTEMENTALE N? 10;route Départementale N° 10;;;;;;;;;;;;;;;;Actuellement boul. du Bois le Prêtre.;;;;;;;;;
;2459;rue;de la;Poulaillerie;RUE DE LA POULAILLERIE;rue de la Poulaillerie;;;;;;;;;;;;;;;;Voir : Pierre à Poisson (rue).;;;;;;;;;
19;15595;boulevard;du;Nord;BOULEVARD DU NORD;boulevard du Nord;;1855-11-19;;;;;;;;;;;;;;Actuellement boulevard de Magenta;;;;;;;;;
;15610;rue;;Négrier;RUE NEGRIER;rue Négrier;;;;;;;;;;rue de Grenelle Saint-Germain.;avenue de La Motte-Picquet;;;;;Voie non réalisée dont l'ouverture a été autorisée par décret présidentiel du 6 novembre 1849.;;;;;;;;;
21;15172;voie;;DX/12;VOIE DX/12;voie DX/12;12e;2017-02-10;2018-12-13;;Picpus;;;;94C3;rue de Reuilly, 18 quater.;;2;3;;;Dénommée passage Emma Calvé par délibération municipale des 10, 11, 12 et 13 décembre 2018.;Voie créée par décision de numérotage du 10 février 2017.;;;;;;;;
;394;passage;;Washington;PASSAGE WASHINGTON;passage Washington;;;;;;;;;;rue de la Bibliothèque (supprimée).;rue du Chantre (supprimée).;;;;;Supprimé par l'ouverture de la rue de Rivoli.;;;;;;;;;
;530;ruelle;aux;Vifs;RUELLE AUX VIFS;ruelle aux Vifs;;;;;;;;;;;;;;;;Voir : Sainte-Catherine (rue).;;;;;;;;;
;537;place;du;Vieux Louvre;PLACE DU VIEUX LOUVRE;place du Vieux Louvre;;;;;;;;;;;;;;;;Supprimé. Elle était située sur la façade occidentale du Louvre.;;;;;;;;;
;547;vicus;;Viellatorum;VICUS VIELLATORUM;vicus Viellatorum;;;;;;;;;;;;;;;;Voir : Ménétriers (rue des).;;;;;;;;;
;574;rue;de la;Vieille Lanterne;RUE DE LA VIEILLE LANTERNE;rue de la Vieille Lanterne;04e;;;;Saint-Merri;;;;;;;;;;;Supprimée par l'ouverture de l'avenue Victoria. Elle commençait rue de la Vieille Tannerie (supprimée) et finissait rue de la Vieille Place aux Veaux (supprimée). En 1300, rue de l'Ecorcherie. En 1512, rue des Lessives. La rue de la Tuerie qui lui faisait suite et s'étendait jusqu'à la rue Saint-Jérôme, a été également désignée sous le nom de la rue de la Vieille Lanterne.;;;;;;;;;
;576;rue;de la;Vieille Juiverie;RUE DE LA VIEILLE JUIVERIE;rue de la Vieille Juiverie;;;;;;;;;;;;;;;;Voir : Harpe (partie de la rue de la).;;;;;;;;;
;577;rue;de la;Vieille Joaillerie;RUE DE LA VIEILLE JOAILLERIE;rue de la Vieille Joaillerie;;;;;;;;;;;;;;;;Voir : Joaillerie (rue de la).;;;;;;;;;
;578;rue;de la;Vieille Harengerie;RUE DE LA VIEILLE HARENGERIE;rue de la Vieille Harengerie;;;;;;;;;;;;;;;;Supprimé. par l'ouverture de la rue de Rivoli. Elle commençait rue du Chevalier du Guet (Supprimé.) et finissait rue Perrin Gasselin (Supprimé.). Au XIIIe siècle, Herengerie, Hédengerie ou Hendengerie. En 1313, Arongerie, Harengerie. Corrozet la nomme Haucherie. Plus tard, rue de la Harengerie et enfin Vieille Harengerie.;;;;;;;;;
;755;petit chemin;aux;Vaches;PETIT CHEMIN AUX VACHES;petit chemin aux Vaches;;;;;;;;;;;;;;;;Voir : Port (chemin du).;;;;;;;;;
;922;rue;;Traversante;RUE TRAVERSANTE;rue Traversante;;;;;;;;;;;;;;;;Actuellement rue Molière.;;;;;;;;;
;7811;rue;de;Blaye;RUE DE BLAYE;rue de Blaye;12e;;;;Bercy;;;;;;;;;;;Supprimée. Voie située dans les entrepôts de Bercy.;;;;;"Ville du département de la Gironde ; pays de vignobles.";;;;
;8403;rue;des;Ars;RUE DES ARS;rue des Ars;;;;;;;;;;;;;;;;Actuellement partie de la rue Saint-Martin.;;;;;;;;;
;8410;rue;;Arondale en Laas;RUE ARONDALE EN LAAS;rue Arondale en Laas;;;;;;;;;;;;;;;;Actuellement rue de l'Hirondelle.;;;;;;;;;
;8474;ruelle;;Appay;RUELLE APPAY;ruelle Appay;;;;;;;;;;;;;;;;Supprimé. par la Compagnie des chemins de fer de l'Est. Elle était comprise entre la rue de Toul et le boul. de Picpus.;;;;;;;;;
;7894;impasse;;Bès;IMPASSE BES;impasse Bès;;;;;;;;;;;;;;;;Actuellement imp. Rothschild.;;;;;;;;;
;8502;rue;des;Annonciades;RUE DES ANNONCIADES;rue des Annonciades;11e;;1867-02-26;;Saint-Ambroise;;;;;;;;;;;Supprimée. Elle a été réunie au presbytère de l'église Saint-Ambroise.;Arrêté préfectoral du 26 février 1867.;;;;;;;;
;8508;rue;d';Anjou au Marais;RUE D'ANJOU AU MARAIS;rue d'Anjou au Marais;03e;;1877-02-01;;Archives, Enfants-Rouges;;;;;;;;;;;Dénommée partie de la rue Pastourelle par arrêté préfectoral du 1er février 1877.;;;;;;;;;
;8510;rue;d';Anjou;RUE D'ANJOU;rue d'Anjou;;;;;;;;;;;;;;;;Actuellement place des Deux Ecus.;;;;;;;;;
;7921;rue;de;Bercy Saint-Antoine;RUE DE BERCY SAINT-ANTOINE;rue de Bercy Saint-Antoine;;;;;;;;;;;;;;;;Actuellement rue de Bercy.;;;;;;;;;
;7242;rue;de;Champagne;RUE DE CHAMPAGNE;rue de Champagne;12e;;;;Bercy;;;;;;;;;;;Supprimée. Voie située dans les entrepôts de Bercy.;;;;;Grand vignoble français;;;;
;7248;rue;du;Champ Floury;RUE DU CHAMP FLOURY;rue du Champ Floury;;;;;;;;;;;;;;;;Ou Champ Fleuri ou encore Champ Flori. Voir : Champ Fleuri (rue du).;;;;;;;;;
;7251;rue;du;Champ des Capucins;RUE DU CHAMP DES CAPUCINS;rue du Champ des Capucins;;;;;;;;;;;;;;;;Supprimée par l'ouverture du boulevard de Port-Royal. Elle allait de la rue de la Santé à la rue des Capucins (Supprimé.).;;;;;;;;;
;7269;place;de la;Chambre des Députés;PLACE DE LA CHAMBRE DES DEPUTES;place de la Chambre des Députés;;;;;;;;;;;;;;;;Actuellement place du Palais Bourbon.;;;;;;;;;
;7954;barrière;de;Belleville;BARRIERE DE BELLEVILLE;barrière de Belleville;;;;;;;;;;;;;;;;Supprimé. Elle était située boul. de la Villette, à l'extrémité de la rue du Faubourg du Temple. On la désignait aussi sous le nom de barrière de la Courtille.;;;;;;;;;
;7961;rue;de la;Belle Épine;RUE DE LA BELLE EPINE;rue de la Belle Épine;;;;;;;;;;;;;;;;Actuellement rue du Loiret.;;;;;;;;;
;7962;rue;de;Belle Chasse;RUE DE BELLE CHASSE;rue de Belle Chasse;;;;;;;;;;;;;;;;Actuellement partie de la rue de Bellechasse entre le quai Anatole France et la rue Saint-Dominique.;;;;;;;;;
;4569;rue;de;Laas;RUE DE LAAS;rue de Laas;;;;;;;;;;;;;;;;Actuellement rue de la Huchette.;;;;;;;;;
;4468;place;du;Légat;PLACE DU LEGAT;place du Légat;;;;;;;;;;;;;;;;Supprimé. Elle était située près de la Halle aux draps, entre les rues de la Petite et de la Grande Friperie.;;;;;;;;;
;4493;rue;des;Lavandières de la Place Maubert;RUE DES LAVANDIERES DE LA PLACE MAUBERT;rue des Lavandières de la Place Maubert;;;;;;;;;;;;;;;;Ou Lavandières ou encore Lavandières Saint-Jacques. Supprimée par l'ouverture du boulevard Saint-Germain et par l'ouverture de la rue Lagrange. Elle allait de la place Maubert à la rue des Noyers. Cette voie était bordée de constructions vers 1230.;;;;;;;;;
;4416;impasse;du;Libert;IMPASSE DU LIBERT;impasse du Libert;12e;;;;Bercy;;;;;rue Proudhon.;;;;;;Supprimée. Elle était située rue Proudhon.;;;;;;;;;
;4561;cour;;Labourmène;COUR LABOURMENE;cour Labourmène;12e;;;;Bercy;;;;;;;;;;;Supprimée. Voie située dans les entrepôts de Bercy.;;;;;Entrepôt de M. Labourmène;;;;
;4306;voie;;L/12;VOIE L/12;voie L/12;12e;;1961-05-08;;Bel-Air;;;;;;;;;;;Dénommée rue Élie Faure par arrêté préfectoral du 8 mai 1961.;;;;;;;;;
;4310;vieille route;de;Lyon;VIEILLE ROUTE DE LYON;vieille route de Lyon;;;;;;;;;;;;;;;;Actuellement partie de la rue Damesme.;;;;;;;;;
;4349;cour;;Louis Proust;COUR LOUIS PROUST;cour Louis Proust;12e;;;;Bercy;;;;;;;;;;;Supprimée. Voie située dans les entrepôts de Bercy.;;;;;Entrepôt de M. Louis Proust.;;;;
;7679;rue;des;Bouliers;RUE DES BOULIERS;rue des Bouliers;;;;;;;;;;;;;;;;Actuellement rue Daubenton.;;;;;;;;;
;8341;rue;;Aulard;RUE AULARD;rue Aulard;;;;;;;;;;;;;;;;Ou Aulart. Supprimé. Elle était une partie de la rue Pierre au Lard.;;;;;;;;;
;8000;rue;de;Beaune;RUE DE BEAUNE;rue de Beaune;12e;;;;Bercy;;;;;;;;;;;Supprimée. Située dans les entrepôts de Bercy, elle a aussi porté le nom de rue de Meursault (Supprimé.).;;;;;;;;;
;8625;rue;d';Aleps;RUE D'ALEPS;rue d'Aleps;;;;;;;;;;;;;;;;Voir : Alez (rue d').;;;;;;;;;
;8627;cour;d';Albret;COUR D'ALBRET;cour d'Albret;;;;;;;;;;;;;;;;Supprimé. Elle était située rue des Sept Voies (Actuellement rue Valette). C'était un reste de l'ancien Hôtel d'Albret.;;;;;;;;;
;8059;rue;;Baudran;RUE BAUDRAN;rue Baudran;;;;;;;;;;;;;;;;Supprimée. Commençait rue Louis Pergaud, finissait rue Baudran, à la limite du territoire de Gentilly.;;;;;;;;;
;8648;villa;;Aimée;VILLA AIMEE;villa Aimée;;;;;;;;;;;;;;;;Supprimé. en 1897 par l'ouverture de la rue Francisque Sarcey. Elle était située rue de la Tour, 29.;;;;;;;;;
;8651;rue;de l';Aigle;RUE DE L'AIGLE;rue de l'Aigle;;;;;;;;;;;;;;;;Actuellement partie de la rue Saint-Antoine et de la rue François Miron.;;;;;;;;;
;8656;voie;;AH/12;VOIE AH/12;voie AH/12;12e;;1990-03-14;;Bel-Air;;;;;;;;;;;Dénommée partie du boulevard de la Guyane par arrêté municipal du 14 mars 1990.;;;;;;;;;
;8665;cul-de-sac;d';Aguespine;CUL-DE-SAC D'AGUESPINE;cul-de-sac d'Aguespine;;;;;;;;;;;;;;;;Voir : Guépine (imp.).;;;;;;;;;
;8076;porte;;Baudet;PORTE BAUDET;porte Baudet;;;;;;;;;;;;;;;;Ou Baudez ou encore Baudier. Voir : Baudoyer (porte).;;;;;;;;;
;8083;porte;;Baudayer;PORTE BAUDAYER;porte Baudayer;;;;;;;;;;;;;;;;Voir : Baudoyer (place).;;;;;;;;;
;8085;place;;Baudarius;PLACE BAUDARIUS;place Baudarius;;;;;;;;;;;;;;;;Voir : Baudoyer (place).;;;;;;;;;
;8089;place;;Baudacharius;PLACE BAUDACHARIUS;place Baudacharius;;;;;;;;;;;;;;;;Voir : Baudoyer (place).;;;;;;;;;
;8103;cul-de-sac;;Batave;CUL-DE-SAC BATAVE;cul-de-sac Batave;;;;;;;;;;;;;;;;Voir : Venise (imp. de).;;;;;;;;;
;8702;passage;de l';Académie de Vandeuil;PASSAGE DE L'ACADEMIE DE VANDEUIL;passage de l'Académie de Vandeuil;;;;;;;;;;;;;;;;Supprimé. vers 1815. Il conduisait de la rue des Canettes à celle du Vieux Colombier.;;;;;;;;;
;7426;rue;;Capon;RUE CAPON;rue Capon;;;;;;;;;;;;;;;;Actuellement partie de la rue Chapon.;;;;;;;;;
;7455;rue;de;Calonne;RUE DE CALONNE;rue de Calonne;;;;;;;;;;;;;;;;Voir : Contrat Social (rue du).;;;;;;;;;
;7466;passage;du;Café du Parnasse;PASSAGE DU CAFE DU PARNASSE;passage du Café du Parnasse;;;;;;;;;;;;;;;;Supprimé. Il allait du quai de l'Ecole (Actuellement partie du quai du Louvre) à la rue des Prêtres Saint-Germain l'Auxerrois.;;;;;;;;;
;8117;sentier;des;Basses Vignoles;SENTIER DES BASSES VIGNOLES;sentier des Basses Vignoles;;;;;;;;;;;;;;;;Actuellement partie de la rue des Vignoles et rue Michel de Bourges.;;;;;;;;;
;8136;rue;du;Bas Reuilly;RUE DU BAS REUILLY;rue du Bas Reuilly;;;;;;;;;;;;;;;;Actuellement rue Montgallet;;;;;;;;;
;2209;rue;de la;Regraterie;RUE DE LA REGRATERIE;rue de la Regraterie;;;;;;;;;;;;;;;;Voir : Saint-Christophe (rue).;;;;;;;;;
;2228;rue;de la;Réale;RUE DE LA REALE;rue de la Réale;;;;;;;;;;;;;;;;Actuellement partie de la rue du Roi de Sicile.;;;;;;;;;
;2284;rue;;Quiracie;RUE QUIRACIE;rue Quiracie;;;;;;;;;;;;;;;;Ou Qui Rassis. Voir : Qui Rassis (rue).;;;;;;;;;
;2292;rue;;Quinquempoit;RUE QUINQUEMPOIT;rue Quinquempoit;;;;;;;;;;;;;;;;Ou Quinquempoix, Cinquampoit ou encore Quiquenpoit. Actuellement rue Quincampoix.;;;;;;;;;
;2295;rue;;Qui Trop Va Si Dure;RUE QUI TROP VA SI DURE;rue Qui Trop Va Si Dure;;;;;;;;;;;;;;;;Voir : Descente de la Vallée de Misère (rue de la).;;;;;;;;;
;2340;cul-de-sac;du;Puits de Rome;CUL-DE-SAC DU PUITS DE ROME;cul-de-sac du Puits de Rome;;;;;;;;;;;;;;;;Voir : Rome (cul-de-sac de).;;;;;;;;;
;2409;impasse;des;Prêtres Saint-Nicolas;IMPASSE DES PRETRES SAINT-NICOLAS;impasse des Prêtres Saint-Nicolas;;;;;;;;;;;;;;;;Supprimé. Elle était latérale à la façade nord de l'église Saint-Nicolas des Champs.;;;;;;;;;
;2421;sentier;du;Pressoir de l'Hôtel Dieu;SENTIER DU PRESSOIR DE L'HOTEL DIEU;sentier du Pressoir de l'Hôtel Dieu;;;;;;;;;;;;;;;;Il aboutissait à la rue de Vaugirard à peu près en face de la rue Férou. Il existait en 1400 et a été aussi appelé sentier de l'Uis des Ruelles.;;;;;;;;;
;2428;rue;;Préclin;RUE PRECLIN;rue Préclin;;;;;;;;;;;;;;;;Supprimé. par l'ouverture de la rue Bolivar (Actuellement av. Simon Bolivar). Elle commençait rue Péchoin et finissait rue Legrand.;;;;;;;;;
;2802;rue;;Pétonnet;RUE PETONNET;rue Pétonnet;;;;;;;;;;;;;;;;Voir : Pirouette (rue).;;;;;;;;;
;2508;rue;de la;Porte Montmartre;RUE DE LA PORTE MONTMARTRE;rue de la Porte Montmartre;;;;;;;;;;;;;;;;Actuellement partie de la rue Montmartre.;;;;;;;;;
;2511;rue;de la;Porte Gibart;RUE DE LA PORTE GIBART;rue de la Porte Gibart;;;;;;;;;;;;;;;;Actuellement av. Denfert-Rochereau et rue Henri Barbusse.;;;;;;;;;
;2564;ruelle;du;Porche Saint-Martial;RUELLE DU PORCHE SAINT-MARTIAL;ruelle du Porche Saint-Martial;;;;;;;;;;;;;;;;Voir : Saint-Martial (cul-de-sac).;;;;;;;;;
;2566;rue;du;Porche Saint-Jacques;RUE DU PORCHE SAINT-JACQUES;rue du Porche Saint-Jacques;;;;;;;;;;;;;;;;Voir : Saint-Jacques la Boucherie (rue).;;;;;;;;;
;2830;rue;de la;Petite Parcheminerie;RUE DE LA PETITE PARCHEMINERIE;rue de la Petite Parcheminerie;;;;;;;;;;;;;;;;Actuellement rue des Blancs Manteaux.;;;;;;;;;
;2833;rue;de la;Petite Monnoye;RUE DE LA PETITE MONNOYE;rue de la Petite Monnoye;;;;;;;;;;;;;;;;Voir : Petite Monnaye (rue de la).;;;;;;;;;
;2889;;le;Petit Cours;LE PETIT COURS;le Petit Cours;;;;;;;;;;;;;;;;Actuellement cours la Reine.;;;;;;;;;
;2899;rue;du;Petit Brave;RUE DU PETIT BRAVE;rue du Petit Brave;;;;;;;;;;;;;;;;Voir : Brave (rue du), Supprimé. pour le prolongement de la rue de Seine.;;;;;;;;;
;2913;rue;de la;Pétaudière;RUE DE LA PETAUDIERE;rue de la Pétaudière;;;;;;;;;;;;;;;;Voir : Frileuse (ruelle).;;;;;;;;;
;2951;rue;;Pérenelle de Saint-Pol;RUE PERENELLE DE SAINT-POL;rue Pérenelle de Saint-Pol;;;;;;;;;;;;;;;;Voir : Pecquay (pas.).;;;;;;;;;
;2983;quai;;Pelletier;QUAI PELLETIER;quai Pelletier;;;;;;;;;;;;;;;;Actuellement quai de Gesvres.;;;;;;;;;
;2995;rue;des;Payens;RUE DES PAYENS;rue des Payens;;;;;;;;;;;;;;;;Actuellement rue Payenne.;;;;;;;;;
;3023;passage;du;Paumier Doré;PASSAGE DU PAUMIER DORE;passage du Paumier Doré;;;;;;;;;;;;;;;;Voir : Doré (cité).;;;;;;;;;
;3026;passage;;Paul Lenormand;PASSAGE PAUL LENORMAND;passage Paul Lenormand;;;;;;;;;;;;;;;;Supprimé. Commençait rue du Charolais, finissait av. Daumesnil.;;;;;;;;;
;3031;rue;;Paul Bert;RUE PAUL BERT;rue Paul Bert;12e;;1931-04-21;;Bel-Air;;;;;;;;;;;Dénommée rue Cailletet par arrêté préfectoral du 21 avril 1931. Située autrefois sur le territoire de Saint-Mandé annexé à Paris.;;;;;Paul Bert (1833-1886), physiologiste et homme politique français, mort gouverneur du Tonkin.;;;;
;3035;cul-de-sac;des;Patriarches;CUL-DE-SAC DES PATRIARCHES;cul-de-sac des Patriarches;;;;;;;;;;;;;;;;Actuellement partie de la rue de l'Arbalète entre les rues Mouffetard et des Patriarches.;;;;;;;;;
;3373;rue;;Neuve Saint-Victor;RUE NEUVE SAINT-VICTOR;rue Neuve Saint-Victor;;;;;;;;;;;;;;;;Actuellement rue des Boulangers.;;;;;;;;;
;3376;rue;;Neuve Saint-Sulpice;RUE NEUVE SAINT-SULPICE;rue Neuve Saint-Sulpice;;;;;;;;;;;;;;;;Actuellement rue des Canettes.;;;;;;;;;
;3264;port;aux;Oeufs;PORT AUX OEUFS;port aux Oeufs;;;;;;;;;;;;;;;;Il était situé entre le pont au Change et le pont Notre-Dame.;;;;;;;;;
;3271;cul-de-sac ou ancienne rue;de l';Observatoire;CUL-DE-SAC OU ANCIENNE RUE DE L'OBSERVATOIRE;cul-de-sac ou ancienne rue de l'Observatoire;;;;;;;;;;;;;;;;Englobée dans l'avenue et dans la cour de l'Observatoire.;;;;;;;;;
;3145;chemin de ronde;des;Paillassons;CHEMIN DE RONDE DES PAILLASSONS;chemin de ronde des Paillassons;;;;;;;;;;;;;;;;Il était situé entre les av. de Ségur et de Lowendal. Une partie a été englobée par le boul. Garibaldi, le surplus par la rue Alexandre Cabanel.;;;;;;;;;
;3191;quai;des;Ormes de Blondei;QUAI DES ORMES DE BLONDEI;quai des Ormes de Blondei;;;;;;;;;;;;;;;;Voir : Saint-Landry (port).;;;;;;;;;
;3701;passage;;Moufle;PASSAGE MOUFLE;passage Moufle;11e;;;;Saint-Ambroise;;;;;;;;;;;Actuellement rue Moufle.;;;;;;;;;
;3575;cul-de-sac;de;Nazareth;CUL-DE-SAC DE NAZARETH;cul-de-sac de Nazareth;;;;;;;;;;;;;;;;Voir : Jérusalem (rue de).;;;;;;;;;
;3624;rue;des;Murs de la Roquette;RUE DES MURS DE LA ROQUETTE;rue des Murs de la Roquette;11e;;1904-05-11;;Roquette;;;;;;;;;;;Dénommée rue Auguste Laurent par arrêté préfectoral du 11 mai 1904. Le tronçon entre le boulevard du Prince Eugène (boulevard Voltaire) et la rue de la Muette (rue Léon Frot) a été dénommé rue Mercoeur par décret impérial du 2 octobre 1865.;;;;;;;;;
;3637;avenue;de;Munich;AVENUE DE MUNICH;avenue de Munich;;;;;;;;;;;;;;;;Englobée dans le boulevard Haussmann. Elle commençait rue de Miromesnil et finissait rue de Plaisance (rue de Téhéran).;;;;;;;;;
;3962;rue;de la;Merci;RUE DE LA MERCI;rue de la Merci;;;;;;;;;;;;;;;;Voir : Chaume (rue du).;;;;;;;;;
;3977;rue;du;Ménil Maudan;RUE DU MENIL MAUDAN;rue du Ménil Maudan;;;;;;;;;;;;;;;;Ou Ménil Mautemps. Actuellement rue Oberkampf.;;;;;;;;;
;3876;cour;des;Miracles;COUR DES MIRACLES;cour des Miracles;12e;;;;Picpus;;;;;;;;;;;Supprimé. Elle était située rue de Reuilly, près de la rue Montgallet.;;;;;;;;;
;3890;avenue;;Millaud;AVENUE MILLAUD;avenue Millaud;;;;;;;;;;;;;;;;Actuellement rue Crémieux.;;;;;;;;;
19;3911;rue;;Michel Bizot;RUE MICHEL BIZOT;rue Michel Bizot;12e;1867-03-02;1915-08-12;;Bel-Air, Picpus;;;;;;;;;;;Dénommée rue du Général Michel Bizot en 1915, puis avenue du Général Michel Bizot en 1916. Actuellement avenue du Général Michel Bizot et avenue du Docteur Arnold Netter.;Décret impérial du 2 mars 1867.;;;;"Michel Brice Bizot (1795-1855), général du génie ; dirigea les travaux du siège de Sébastopol, où il fut tué.";;;;
;3921;rue;des;Mézières;RUE DES MEZIERES;rue des Mézières;;;;;;;;;;;;;;;;Partie supprimée de la rue Barentin.;;;;;;;;;
;3931;chemin;des;Meunars;CHEMIN DES MEUNARS;chemin des Meunars;;;;;;;;;;;;;;;;Actuellement rue Claude Decaen.;;;;;;;;;
;3948;rue;aux;Merrains;RUE AUX MERRAINS;rue aux Merrains;;;;;;;;;;;;;;;;Voir : Grève (quai de la).;;;;;;;;;
;3784;rue;;Montmarat;RUE MONTMARAT;rue Montmarat;;;;;;;;;;;;;;;;Actuellement rue Montmartre.;;;;;;;;;
;4013;rue;;Mauvais Conseil;RUE MAUVAIS CONSEIL;rue Mauvais Conseil;;;;;;;;;;;;;;;;Ou Mauvaise Parole (rue) ou encore Mauvaises Paroles (rue des). Voir : Mauvaises Paroles (rue des).;;;;;;;;;
;4047;partie de la villa;;Masson;PARTIE DE LA VILLA MASSON;partie de la villa Masson;;;;;;;;;;;;;;;;Supprimé. en 1942. Etait située av. du Parc des Expositions (Supprimé.).;;;;;;;;;
;4099;sentier;des;Mariniers;SENTIER DES MARINIERS;sentier des Mariniers;;;;;;;;;;;;;;;;Voir : Mariniers (chemin des).;;;;;;;;;
;4118;chemin de ronde;de;Marengo;CHEMIN DE RONDE DE MARENGO;chemin de ronde de Marengo;;;;;;;;;;;;;;;;Voir : Bercy (chemin de ronde de).;;;;;;;;;
;4145;place;du;Marché Beauveau;PLACE DU MARCHE BEAUVEAU;place du Marché Beauveau;12e;;1867-02-26;;Quinze-Vingts;;;;;;;;;;;Dénommée place d'Aligre par arrêté préfectoral du 26 février 1867.;;;;;;;;;
;4398;sentier;des;Lilas;SENTIER DES LILAS;sentier des Lilas;;;;;;;;;;;;;;;;Supprimé. Commençait et finissait rue de l'Amérique du Nord (Supprimé.).;;;;;;;;;
;4594;rue;;Krieger;RUE KRIEGER;rue Krieger;11e;;1890-04-18;;Sainte-Marguerite;;;;;;;;;;;Dénommée rue Paul Bert par arrêté préfectoral du 18 avril 1890 approuvé par décret du 30 avril 1890.;;;;;;;;;
;6612;cul-de-sac;de la;Corderie;CUL-DE-SAC DE LA CORDERIE;cul-de-sac de la Corderie;;;;;;;;;;;;;;;;Actuellement rue et imp. Gomboust.;;;;;;;;;
;6622;chemin;des;Corbeaux;CHEMIN DES CORBEAUX;chemin des Corbeaux;12e;;;;Picpus;;;;;;;;;;;Actuellement avenue des Canadiens.;;;;;;;;;
;4709;rue;;Jeannisson;RUE JEANNISSON;rue Jeannisson;;;;;;;;;;;;;;;;Supprimée par l'ouverture de la place André Malraux. Elle commençait rue Saint-Honoré et finissait rue de Richelieu. Elle avait porté le nom de rue des Boucheries Saint-Honoré.;;;;;;;;;
;6043;chemin;de l';Égout de Gaillon;CHEMIN DE L'EGOUT DE GAILLON;chemin de l'Égout de Gaillon;;;;;;;;;;;;;;;;Actuellement rue de la Chaussée d'Antin.;;;;;;;;;
;6751;chemin;;Coippeaulx;CHEMIN COIPPEAULX;chemin Coippeaulx;;;;;;;;;;;;;;;;Actuellement rue Lacépède.;;;;;;;;;
;4746;rue;;Jean Golier;RUE JEAN GOLIER;rue Jean Golier;;;;;;;;;;;;;;;;Actuellement impasse des Trois Visages.;;;;;;;;;
;4749;ruelle;;Jean Gentien;RUELLE JEAN GENTIEN;ruelle Jean Gentien;;;;;;;;;;;;;;;;Actuellement partie de la rue du Temple.;;;;;;;;;
;4753;rue;;Jean Dumesnil;RUE JEAN DUMESNIL;rue Jean Dumesnil;;;;;;;;;;;;;;;;Actuellement partie de la rue Bertin Poirée.;;;;;;;;;
;5410;rue;;Garnier sur l'Yaue;RUE GARNIER SUR L'YAUE;rue Garnier sur l'Yaue;;;;;;;;;;;;;;;;Actuellement rue Grenier sur l'Eau.;;;;;;;;;
;5439;boulevard;de;Gand;BOULEVARD DE GAND;boulevard de Gand;;;;;;;;;;;;;;;;Actuellement boul. des Italiens.;;;;;;;;;
;6056;chemin allant;de l';Église Saint-Honoré au Pont du Roule;CHEMIN ALLANT DE L'EGLISE SAINT-HONORE AU PONT DU ROULE;chemin allant de l'Église Saint-Honoré au Pont du Roule;;;;;;;;;;;;;;;;Actuellement rue du Faubourg Saint-Honoré.;;;;;;;;;
;6785;sente;du;Clos Lamothe;SENTE DU CLOS LAMOTHE;sente du Clos Lamothe;;;1969-12-31;;;;;;;;;;;;;Supprimée par la création du boulevard Périphérique en 1969. Commençait av. du Belvédère (partie Supprimé.) et finissait sente du Clos Lamothe, à la limite du territoire du Pré-Saint-Gervais.;;;;;;;;;
;6801;rue;du;Clos;RUE DU CLOS;rue du Clos;;;;;;;;;;;;;;;;Supprimée. Commençait rue de la Carrière, finissait rue du Télégraphe.;;;;;;;;;
;6804;chemin;des;Clos;CHEMIN DES CLOS;chemin des Clos;;;;;;;;;;;;;;;;Supprimé par l'ouverture du boul. Malesherbes. Il commençait chemin de la Couronne (Supprimé.) et finissait rue de la Terrasse. Il était aussi appelé chemin de la Planchette. Il conduisait à la Planchette près de Clichy.;;;;;;;;;
;4786;rue;des;Jardins;RUE DES JARDINS;rue des Jardins;;;;;;;;;;;;;;;;Supprimé. Commençait rue de Steinkerque (côté ouest) et se terminait en impasse.;;;;;;;;;
;6112;rue;de l';École de Santé;RUE DE L'ECOLE DE SANTE;rue de l'École de Santé;;;;;;;;;;;;;;;;Actuellement rue de l'Ecole de Médecine.;;;;;;;;;
;6117;port;de l';École;PORT DE L'ECOLE;port de l'École;;;;;;;;;;;;;;;;Il était situé au droit du quai de l'Ecole.;;;;;;;;;
;4897;rue;du;Hurepoix;RUE DU HUREPOIX;rue du Hurepoix;;;;;;;;;;;;;;;;Actuellement partie du quai des Grands Augustins.;;;;;;;;;
20;6205;rue;du;Docteur Salmon;RUE DU DOCTEUR SALMON;rue du Docteur Salmon;12e;1933-12-07;;;Bel-Air;;;;;;;;;;;Nom attribué par un arr. du 7 décembre 1933, à une voie qui avait été projetée sur l'emplacement du bastion 7. Elle devait aboutir boulevard Soult, 28.;Arrêté préfectoral du 7 décembre 1933;;;;;;;;
;6921;rue;des;Chiards;RUE DES CHIARDS;rue des Chiards;;;;;;;;;;;;;;;;Supprimée en 1844. Au XIIIe siècle, elle aurait été appelée rue du Moine. Au XVe siècle c'était la rue Maître Jeharre, puis rue des Chieurs ou des Chiards, ensuite rue des Chiens et enfin rue Jean Hubert en 1806.;;;;;;;;;
;6925;rue;de;Chevilli;RUE DE CHEVILLI;rue de Chevilli;;;;;;;;;;;;;;;;Voir : Chemin du Rempart (rue du).;;;;;;;;;
;4915;rue;de l';Hôtel Dieu;RUE DE L'HOTEL DIEU;rue de l'Hôtel Dieu;;;;;;;;;;;;;;;;Actuellement rue de la Chaussée d'Antin.;;;;;;;;;
;5572;passage;des;Fourneaux;PASSAGE DES FOURNEAUX;passage des Fourneaux;;;;;;;;;;;;;;;;Voir : Falguière (pas.).;;;;;;;;;
19;138;rue;de;Taïti;RUE DE TAITI;rue de Taïti;12e;1884-08-30;2011-10-18;;Picpus;;60;12;;rue   de Picpus, 83.;boulevard de Picpus, 5.;6;7;Décret présidentiel du 3 juillet 1884.;;Dénommée rue de Tahiti par délibération municipale du 17 et 18 novembre 2011.;Arrêté préfectoral du 30 août 1884.;Décret présidentiel du 3 juillet 1884.;;;Taïti, ancienne orthographe de Tahiti, île de la Polynésie appartenant à la France.;;Décret présidentiel du 3 juillet 1884.;;
;241;rue;;Dupuis;RUE DUPUIS;rue Dupuis;03e;;2003-11-13;;Enfants-Rouges;;110;10;;rue Dupetit-Thouars, 4.;rue Béranger, 7.;10;11;Ordonnance royale du 16 mai 1833.;;Dénommée rue Charles-François Dupuis par arrêté municipal du 13 novembre 2003.;;;;;Charles François Dupuis (1742-1809), philosophe et homme politique français.;;;;Décision ministérielle du 9 septembre 1809.
;351;impasse;;Gaudelet;IMPASSE GAUDELET;impasse Gaudelet;11e;;1997-08-28;;Saint-Ambroise;;;;;;;;;;;Dénommée villa Gaudelet par arrêté municipal du 28 août 1997.;;;;;;;;;
;335;voie;;S/12;VOIE S/12;voie S/12;12e;;;;Quinze-Vingts;;;;;avenue Daumesnil, 76.;;;;;;Supprimée. Etait située avenue Daumesnil, 78.;;;;;;;;;
19;13445;rue;de;Sévigné;RUE DE SEVIGNE;rue de Sévigné;03e, 04e;1867-02-27;2023-12-15;;Archives, Saint-Gervais;;386;10;92A4,92B1;rue de Rivoli, 2, et rue Saint-Antoine, 100.;rue du Parc Royal, 3.;54;31;Non retenus au PSMV du Marais : Décision ministérielle du 13 fructidor an VII. Décret du 29 septembre 1854 (UP), raccordement du côté impair avec la rue de Rivoli.;;Dénommée rue Madame de Sévigné par délibération municipale des 12, 13, 14 et 15 décembre 2023. Précédemment, rue de la Culture Sainte-Catherine ou de la Couture Sainte-Catherine. La partie comprise entre les rues des Francs Bourgeois et du Parc Royal aurait été appelée rue du Val.;Décret du 27 février 1867.;;;;Marie de Rabutin-Chantal, marquise de Sévigné (1626-1696), que ses lettres ont rendue célèbre, habita, de 1677 jusqu'à sa mort, l'hôtel Carnavalet situé dans cette rue et occupé aujourd'hui par le Musée historique de la Ville de Paris.;;;;
;6463;cul-de-sac;de la;Croix Faubin;CUL-DE-SAC DE LA CROIX FAUBIN;cul-de-sac de la Croix Faubin;;;;;;;;;;;;;;;;Actuellement imp. Delaunay.;;;;;;;;;
;5113;carrefour;;Guilleri;CARREFOUR GUILLERI;carrefour Guilleri;;;;;;;;;;;;;;;;Ou Guillori. Supprimé. Il se trouvait à la rencontre des rues de la Coutellerie, Jean Pain Mollet (Supprimé.), Jean de l'Epine (Supprimé.), de la Poterie (Supprimé.) et de la Tixeranderie (Supprimé.).;;;;;;;;;
;5114;rue;;Guillemin;RUE GUILLEMIN;rue Guillemin;;;;;;;;;;;;;;;;Voir : Neuve Guillemin (rue).;;;;;;;;;
;5147;rue;de;Guernelles;RUE DE GUERNELLES;rue de Guernelles;;;;;;;;;;;;;;;;Actuellement partie de la rue Jean-Jacques Rousseau.;;;;;;;;;
;5781;hostium;;Ferri;HOSTIUM FERRI;hostium Ferri;;;;;;;;;;;;;;;;Voir : Enfer (porte d').;;;;;;;;;
;5784;rue;;Ferrand;RUE FERRAND;rue Ferrand;;;;;;;;;;;;;;;;Actuellement rue Victor Massé.;;;;;;;;;
;6489;rue;;Croignet;RUE CROIGNET;rue Croignet;;;;;;;;;;;;;;;;Actuellement rue Pastourelle.;;;;;;;;;
;6509;rue;;Courtoise;RUE COURTOISE;rue Courtoise;;;;;;;;;;;;;;;;Actuellement rue Gracieuse.;;;;;;;;;
;7168;chemin, puis rue;des;Charbonniers;CHEMIN, PUIS RUE DES CHARBONNIERS;chemin, puis rue des Charbonniers;;;;;;;;;;;;;;;;Actuellement rue de Sèvres.;;;;;;;;;
;7187;rue;du;Chapitre;RUE DU CHAPITRE;rue du Chapitre;;;;;;;;;;;;;;;;Supprimé. en 1791. Elle s'étendait du cloître Notre-Dame à la rue Chanoinesse.;;;;;;;;;
;7189;rue;de la;Chapelle de Braque;RUE DE LA CHAPELLE DE BRAQUE;rue de la Chapelle de Braque;03e;;;;Sainte-Avoye;;;;;;;;;;;Actuellement rue de Braque.;;;;;;;;;
;5180;rue;;Grimaud ad Pictavinas;RUE GRIMAUD AD PICTAVINAS;rue Grimaud ad Pictavinas;;;;;;;;;;;;;;;;Actuellement rue des Poitevins.;;;;;;;;;
;5833;rue;du;Faubourg Saint-Lazare;RUE DU FAUBOURG SAINT-LAZARE;rue du Faubourg Saint-Lazare;;;;;;;;;;;;;;;;Actuellement partie de la rue du Faubourg Saint-Denis.;;;;;;;;;
;6517;rue;;Courroier;RUE COURROIER;rue Courroier;;;;;;;;;;;;;;;;Actuellement rue de Venise.;;;;;;;;;
;6546;passage;de la;Cour des Miracles;PASSAGE DE LA COUR DES MIRACLES;passage de la Cour des Miracles;04e;;;;Arsenal;;;;;;;;;;;Etait situé entre la rue des Tournelles et l'imp. Jean Beausire.;;;;;;;;;
;7209;passage;du;Chantier de Tivoli;PASSAGE DU CHANTIER DE TIVOLI;passage du Chantier de Tivoli;;;;;;;;;;;;;;;;Absorbé par la rue du Havre. Il commençait rue Saint-Nicolas (Supprimé.) et finissait rue Saint-Lazare.;;;;;;;;;
;7216;pont;aux;Changeurs;PONT AUX CHANGEURS;pont aux Changeurs;;;;;;;;;;;;;;;;Actuellement pont au Change.;;;;;;;;;
;7236;rue;;Champin;RUE CHAMPIN;rue Champin;;;;;;;;;;;;;;;;Voir : Rempart (rue du).;;;;;;;;;
;5213;chemin;des;Gravois;CHEMIN DES GRAVOIS;chemin des Gravois;;;;;;;;;;;;;;;;Actuellement rue de Cléry.;;;;;;;;;
;5223;rue;de la;Granges aux Belles;RUE DE LA GRANGES AUX BELLES;rue de la Granges aux Belles;;;;;;;;;;;;;;;;Actuellement partie de la rue de Lancry.;;;;;;;;;
;5245;rue;de la;Grande Bretonnerie;RUE DE LA GRANDE BRETONNERIE;rue de la Grande Bretonnerie;;;;;;;;;;;;;;;;Cette voie, Supprimé. vers 1757, était située dans la rue Saint-Jacques et faisait un retour d'équerre aboutissant à une impasse près de l'enceinte de la ville. Le plus grand tronçon portait probablement le nom de Grande Bretonnerie et le plus petit celui de Petite Bretonnerie. Au XVe siècle, on la nommait rue aux Bretons. D'après Sauval, on l'aurait appelée rue du Puits.;;;;;;;;;
;5247;rue;de la;Grande Boucherie;RUE DE LA GRANDE BOUCHERIE;rue de la Grande Boucherie;;;;;;;;;;;;;;;;Voir : Saint-Jacques la Boucherie (rue).;;;;;;;;;
;5871;rue;de l';Évêque;RUE DE L'EVEQUE;rue de l'Évêque;;;;;;;;;;;;;;;;Actuellement partie de la rue Boissy d'Anglas et partie de la rue Pasquier.;;;;;;;;;
;5887;ruelle;des;Étuves;RUELLE DES ETUVES;ruelle des Étuves;;;;;;;;;;;;;;;;Supprimé. Elle débouchait dans la rivière, en aval du Petit Pont, près de la rue de la Huchette.;;;;;;;;;
;5888;rue;des;Étuves;RUE DES ETUVES;rue des Étuves;;;;;;;;;;;;;;;;Actuellement partie de la rue des Bourdonnais.;;;;;;;;;
;6565;pont;à;Coulons;PONT A COULONS;pont à Coulons;;;;;;;;;;;;;;;;Remplacé par le pont au Change.;;;;;;;;;
;6573;rue;du;Couchant;RUE DU COUCHANT;rue du Couchant;;;;;;;;;;;;;;;;Actuellement partie de la rue d'Assas.;;;;;;;;;
18;4579;rue;;La Fayette;RUE LA FAYETTE;rue La Fayette;;1790-01-01;1792-12-31;;;;;;;;;;;;;Supprimée par l'ouverture de la rue Berger. Elle commençait rue de la Tonnellerie (Supprimée) et finissait rue des Prouvaires. Percée vers 1786, elle a d'abord porté le nom de Calonne. En 1790, on lui donna le nom de La Fayette. En 1792, celui du Contrat Social.;;;;;;;;;
;4592;rue;;Krüger;RUE KRUGER;rue Krüger;;;;;;;;;;;;;;;;Supprimé. en 1942. Etait située av. du Parc des Expositions (Supprimé.).;;;;;;;;;
;4608;chemin ou sentier;de la;Justice;CHEMIN OU SENTIER DE LA JUSTICE;chemin ou sentier de la Justice;;;;;;;;;;;;;;;;Actuellement partie de la rue Dupleix.;;;;;;;;;
;5266;pont;de;Grammont;PONT DE GRAMMONT;pont de Grammont;04e;;;;Arsenal;;;;;;;;;;;Il conduisait du quai des Célestins dans l'île Louviers.;;;;;;;;;
;5910;rue;des;Estuves;RUE DES ESTUVES;rue des Estuves;;;;;;;;;;;;;;;;Actuellement rue Sauval.;;;;;;;;;
20;6619;rue;des;Corbières;RUE DES CORBIERES;rue des Corbières;12e;1910-01-20;;;Bercy;;;;;;;;;;;Voie située dans les entrepôts de Bercy.;Arrêté du 20 janvier 1910.;;;;Région vinicole du département de l'Aude.;;;;
;6630;impasse;;Coquerelle;IMPASSE COQUERELLE;impasse Coquerelle;;;;;;;;;;;;;;;;"Supprimée par le prolongement de la rue des Rosiers. A l'origine cette voie aboutissait rue de la Culture Sainte-Catherine (Actuellement rue de Sévigné). En 1400, rue de la Lamproie ; en 1415, rue Coquerée, en 1540, rue de la Coquerie. Elle fut convertie en impasse en 1604.";;;;;;;;;
;6634;rue;du;Coq Saint-Jean;RUE DU COQ SAINT-JEAN;rue du Coq Saint-Jean;04e;;1854-01-31;;Saint-Merri;;;;;;;;;;;"Devenue impasse du Coq (supprimée en 1904). La rue du Coq Saint-Jean s'est appelée : rue André Malet ou Maillet (XIIIe siècle) ; rue Lambert Râle ; rue du Coq (XVe siècle). Elle a été supprimée par l'ouverture de la rue de Rivoli.";;;;;;Décret impérial du 31 janvier 1854.;;;
;6641;rue;du;Coq;RUE DU COQ;rue du Coq;;;;;;;;;;;;;;;;Actuellement rue de Clichy et place d'Estienne d'Orves (partie).;;;;;;;;;
;4647;vicus;;Judeorum;VICUS JUDEORUM;vicus Judeorum;;;;;;;;;;;;;;;;Voir : Harpe (partie de la rue de la).;;;;;;;;;
;4684;carrefour;du;Jeu de Boule;CARREFOUR DU JEU DE BOULE;carrefour du Jeu de Boule;;;;;;;;;;;;;;;;Actuellement carrefour de la Croix Rouge.;;;;;;;;;
;4692;cul-de-sac;de;Jérusalem;CUL-DE-SAC DE JERUSALEM;cul-de-sac de Jérusalem;;;;;;;;;;;;;;;;Supprimé. Il était situé rue Saint-Christophe (Supprimé.).;;;;;;;;;
;5358;rue;;Gérard aux Poitevins;RUE GERARD AUX POITEVINS;rue Gérard aux Poitevins;;;;;;;;;;;;;;;;Actuellement rue des Poitevins.;;;;;;;;;
;5990;porte;d';Enfer;PORTE D'ENFER;porte d'Enfer;;;;;;;;;;;;;;;;Démolie en 1684. Elle était située à l'extrémité de la rue de la Harpe. Son emplacement est compris aujourd'hui dans le boul. Saint-Michel près du débouché de la rue Cujas. Elle a porté le nom de Gibart, Gibert ou Gilbert. En 1246, hostium Ferti. En 1271, hostium Ferri. En 1311, porta Inferni. En 1379, porta Ferri. Le vrai nom serait porte de Fer. A la fin du XIVe siècle elle prit le nom de porte Saint-Michel (Jaillot). Elle aurait aussi porté le nom de porte de Narbonne.;;;;;;;;;
;6706;rue ou cour;du;Commerce;RUE OU COUR DU COMMERCE;rue ou cour du Commerce;;;;;;;;;;;;;;;;Supprimée par l'ouverture du boulevard de Sébastopol. Elle était située dans l'enclos de la Trinité, autrefois située rue Saint-Denis, entre la rue Greneta et le passage Basfour.;;;;;;;;;
;6720;passage;de la;Comédie;PASSAGE DE LA COMEDIE;passage de la Comédie;;;;;;;;;;;;;;;;Supprimé. Il conduisait de la rue Saint-Honoré dans celle de Richelieu.;;;;;;;;;
;6025;rue;;Élisabeth Rolland;RUE ELISABETH ROLLAND;rue Élisabeth Rolland;;;;;;;;;;;;;;;;Supprimé. en 1943. Commençait rue Brisard (Supprimé.), finissait av. Germaine Rolland (Supprimé.).;;;;;;;;;
;6742;rue;du;Collège Saint-Denis;RUE DU COLLEGE SAINT-DENIS;rue du Collège Saint-Denis;;;;;;;;;;;;;;;;Actuellement rue des Grands Augustins.;;;;;;;;;
;6761;passage;;Codoni;PASSAGE CODONI;passage Codoni;;;;;;;;;;;;;;;;Supprimé. par l'ouverture de la rue Sorbier. Il commençait rue des Oiseaux (Supprimé.) et finissait rue des Partants.;;;;;;;;;
;4780;rue;des;Jardins Saint-Sulpice;RUE DES JARDINS SAINT-SULPICE;rue des Jardins Saint-Sulpice;;;;;;;;;;;;;;;;Actuellement partie de la rue Bonaparte.;;;;;;;;;
;6058;ruelle;de l';Église;RUELLE DE L'EGLISE;ruelle de l'Église;12e;;1869-09-11;;Bel-Air;;;;;;;;;;;Dénommée rue Rottembourg par décret impérial du 11 septembre 1869.;;;;;;;;;
18;6078;rue;de l';Égalité;RUE DE L'EGALITE;rue de l'Égalité;;1792-01-01;1805-12-31;;;;;;;;;;;;;Actuellement rue de Condé.;;;;;;;;;
;4787;rue;des;Jardins;RUE DES JARDINS;rue des Jardins;;;;;;;;;;;;;;;;Supprimé. Elle aboutissait à la rue Saint-Jacques et l'impasse Salembrière. En 1603, on la nommait ruelle des Sept Chenets.;;;;;;;;;
;4803;rue;du;Jardin;RUE DU JARDIN;rue du Jardin;;;;;;;;;;;;;;;;Supprimée en 1947. Commençait av. Frédéric Passy (Supprimé.), finissait rue du Jardin à la limite du territoire de Malakoff.;;;;;;;;;
;5463;rue;;Gaillon;RUE GAILLON;rue Gaillon;;;;;;;;;;;;;;;;Actuellement partie de la rue Saint-Roch.;;;;;;;;;
;6128;rue;de l';Écharpe;RUE DE L'ECHARPE;rue de l'Écharpe;;;;;;;;;;;;;;;;Actuellement partie de la rue des Francs Bourgeois.;;;;;;;;;
;6886;rue;du;Cimetière;RUE DU CIMETIERE;rue du Cimetière;;;;;;;;;;;;;;;;Actuellement partie occidentale de la rue de Torcy entre la rue de la Chapelle et la rue de Torcy.;;;;;;;;;
;4868;impasse;de l';Industrie;IMPASSE DE L'INDUSTRIE;impasse de l'Industrie;;;;;;;;;;;;;;;;Absorbée par la rue des Vignoles. Elle commençait rue de Buzenval et se dirigeait vers le boul. de Charonne.;;;;;;;;;
;4895;impasse;;Hyacinthe;IMPASSE HYACINTHE;impasse Hyacinthe;04e;;;;Saint-Gervais;;;;;;;;;;;Supprimée par une ordonnance royale du 15 mars 1841. Elle était située entre le quai de l'Hôtel de Ville et la rue de l'Hôtel de Ville. Elle a aussi porté le nom de rue Fermée.;;;;;;;;;
;4898;rue;;Hungard;RUE HUNGARD;rue Hungard;;;;;;;;;;;;;;;;Actuellement partie de la rue de La Reynie.;;;;;;;;;
;5530;rue;de la;Fraternité;RUE DE LA FRATERNITE;rue de la Fraternité;;;;;;;;;;;;;;;;Actuellement partie de la rue Réaumur.;;;;;;;;;
;6188;rue;;Dras;RUE DRAS;rue Dras;;;;;;;;;;;;;;;;Actuellement rue d'Arras.;;;;;;;;;
;6934;rue;du;Chevet Saint-André;RUE DU CHEVET SAINT-ANDRE;rue du Chevet Saint-André;;;;;;;;;;;;;;;;Actuellement partie de la rue Hautefeuille.;;;;;;;;;
;5566;rue;des;Fourreurs;RUE DES FOURREURS;rue des Fourreurs;;;;;;;;;;;;;;;;Supprimée par la construction des Halles centrales. Elle commençait rue des Lavandières et finissait rue des Déchargeurs (Supprimé.). Aux XIIIe, XIVe et XVe siècles, elle se nommait rue de la Cordouannerie, ensuite de la Cordonnerie et de la Vieille Cordonnerie. Au XVIIe siècle on lui donna le nom de rue des Fourreurs et de Petite rue Sainte-Opportune.;;;;;;;;;
;6237;ruelle;;Devant Saint-Séverin;RUELLE DEVANT SAINT-SEVERIN;ruelle Devant Saint-Séverin;;;;;;;;;;;;;;;;Actuellement rue des Prêtres Saint-Séverin.;;;;;;;;;
;6238;rue;;Devant le Chatel;RUE DEVANT LE CHATEL;rue Devant le Chatel;;;;;;;;;;;;;;;;Voir : Saint-Leufroi (rue).;;;;;;;;;
;6242;cour;des;Deux Soeurs;COUR DES DEUX SOEURS;cour des Deux Soeurs;;;;;;;;;;;;;;;;Actuellement pas. des Deux Soeurs.;;;;;;;;;
;2242;barrière;des;Rats;BARRIERE DES RATS;barrière des Rats;11e;;;;Roquette;;;;;;;;;;;Supprimé. Elle était située sur les boul. de Ménilmontant et de Charonne, au droit de la rue de Mont-Louis.;;;;;Barrière d'octroi de l'enceinte des Fermiers généraux.;;;;
;2253;rue;;Raoul Roissolle;RUE RAOUL ROISSOLLE;rue Raoul Roissolle;;;;;;;;;;;;;;;;Actuellement rue du Jour.;;;;;;;;;
;2297;rue;;Qui m'y Trouva si Dure;RUE QUI M'Y TROUVA SI DURE;rue Qui m'y Trouva si Dure;;;;;;;;;;;;;;;;Voir : Descente de la Vallée de Misère (rue de la).;;;;;;;;;
;2301;ruelle;de la;Quenouille;RUELLE DE LA QUENOUILLE;ruelle de la Quenouille;;;;;;;;;;;;;;;;Actuellement partie de la rue Bertin Poirée.;;;;;;;;;
;2304;impasse;des;Quatre Vents;IMPASSE DES QUATRE VENTS;impasse des Quatre Vents;;;;;;;;;;;;;;;;Supprimée par le prolongement de la rue de Seine. Elle commençait rue des Quatre Vents et aboutissait, par un retour d'équerre, au préau de la Foire Saint-Germain. Elle a porté les noms de cul-de-sac de la Foire et de cul-de-sac de l'Opéra Comique.;;;;;;;;;
;2309;place;des;Quatre Nations;PLACE DES QUATRE NATIONS;place des Quatre Nations;;;;;;;;;;;;;;;;Actuellement place de l'Institut.;;;;;;;;;
;2313;rue;des;Quatre Fils Aymon;RUE DES QUATRE FILS AYMON;rue des Quatre Fils Aymon;03e;;;;Archives;;;;;;;;;;;Actuellement rue des Quatre Fils.;;;;;;;;;
;2364;rue;;Provot;RUE PROVOT;rue Provot;11e;;1897-06-10;;Folie-Méricourt;;;;;;;;;;;Dénommée rue Auguste Barbier par arrêté préfectoral du 10 juin 1897 approuvé par décret présidentiel du 29 juin 1897.;;;;;;;;;
;2372;rue;;Proudhon Prolongée;RUE PROUDHON PROLONGEE;rue Proudhon Prolongée;12e;;;;Picpus;;;;;;;;;;;Actuellement rue Taine.;;;;;;;;;
;2394;place;du;Prince Eugène;PLACE DU PRINCE EUGENE;place du Prince Eugène;11e;;;;Roquette;;;;;;;;;;;Devenue place Voltaire. Actuellement place Léon Blum.;;;;;;;;;
;2395;impasse;du;Prince Eugène;IMPASSE DU PRINCE EUGENE;impasse du Prince Eugène;11e;;;;Sainte-Marguerite;;;;;;;;;;;Devenue impasse Bouvier. Actuellement partie de la rue Bouvier (arrêté du 14 janvier 1994).;;;;;;;;;
;2609;rue;;Poitevine;RUE POITEVINE;rue Poitevine;;;;;;;;;;;;;;;;Actuellement rue des Poitevins.;;;;;;;;;
;2611;place;aux;Poissons;PLACE AUX POISSONS;place aux Poissons;;;;;;;;;;;;;;;;Voir : Carneau (rue du).;;;;;;;;;
;2765;rue;du;Pied de Biche;RUE DU PIED DE BICHE;rue du Pied de Biche;;;;;;;;;;;;;;;;Actuellement partie de la rue Servandoni.;;;;;;;;;
;2676;rue;;Plastaye;RUE PLASTAYE;rue Plastaye;;;;;;;;;;;;;;;;Partie Supprimé. de la rue de Venise.;;;;;;;;;
;2695;pont;de la;Planche Mibray;PONT DE LA PLANCHE MIBRAY;pont de la Planche Mibray;;;;;;;;;;;;;;;;Remplacé par le pont Notre-Dame.;;;;;;;;;
;2740;rue;;Pierre Lescot;RUE PIERRE LESCOT;rue Pierre Lescot;;;;;;;;;;;;;;;;Supprimée par l'ouverture de la rue de Rivoli. Elle commençait rue de Beauvais, près du Louvre, et finissait rue Saint-Honoré. Elle avait porté le nom de rue Jean Saint-Denis jusqu'en 1806. Voir rue de l'Egalité.;;;;;;;;;
;2531;rue;de la;Porte Baudéer;RUE DE LA PORTE BAUDEER;rue de la Porte Baudéer;;;;;;;;;;;;;;;;Ou Porte Baudet ou encore Porte Baudoyer. Actuellement partie de la rue Saint-Antoine et partie de la rue François Miron.;;;;;;;;;
;2560;rue;des;Porées;RUE DES POREES;rue des Porées;;;;;;;;;;;;;;;;Voir : Poirées (rue des).;;;;;;;;;
;2588;poterne;du;Pont aux Choux;POTERNE DU PONT AUX CHOUX;poterne du Pont aux Choux;;;;;;;;;;;;;;;;Supprimée. Elle était située boulevard des Filles du Calvaire, au droit de la rue du Pont aux Choux. Elle avait précédemment porté le nom de Poterne Saint-Louis et antérieurement celui de Poterne du Marais.;;;;;;;;;
;2817;rue;des;Petites Barrières;RUE DES PETITES BARRIERES;rue des Petites Barrières;;;;;;;;;;;;;;;;Actuellement partie de la rue du Fauconnier.;;;;;;;;;
;2856;grand'rue oultre ou rue outre;;Petit Pont;GRAND'RUE OULTRE OU RUE OUTRE PETIT PONT;grand'rue oultre ou rue outre Petit Pont;;;;;;;;;;;;;;;;Actuellement rue Saint-Jacques.;;;;;;;;;
;3044;pont;de;Passy;PONT DE PASSY;pont de Passy;;;;;;;;;;;;;;;;Supprimé. Remplacé par le pont-viaduc de Passy (Actuellement pont de Bir-Hakeim).;;;;;;;;;
;3048;port;aux;Passeurs;PORT AUX PASSEURS;port aux Passeurs;;;;;;;;;;;;;;;;Il était situé l'Hôtel de Bourbon, près du Louvre, et sur la rive gauche de la Seine, au droit du quai Malaquais.;;;;;;;;;
;3206;rue;d';Orléans au Marais;RUE D'ORLEANS AU MARAIS;rue d'Orléans au Marais;03e;;;;Archives;;;;;;;;;;;Actuellement partie de la rue Charlot.;;;Dite aussi rue d'Orléans;;;;;;
;3383;rue;;Neuve Saint-Paul;RUE NEUVE SAINT-PAUL;rue Neuve Saint-Paul;04e;;1864-08-24;;Arsenal;;;;;;;;;;;Dénommée rue Charles V par décret impérial du 24 août 1864. Actuellement partie de la rue Charles V.;;;;;;;;;
;3244;rue;des;Oranges;RUE DES ORANGES;rue des Oranges;;;;;;;;;;;;;;;;Ou Orangerie (rue de l') ou encore Orangers (rue des). Voir : Orangerie (rue de l').;;;;;;;;;
;3273;rue;de l';Observance;RUE DE L'OBSERVANCE;rue de l'Observance;;;;;;;;;;;;;;;;Actuellement rue de la Bienfaisance.;;;;;;;;;
;3302;chaussée;de la;Nouvelle France;CHAUSSEE DE LA NOUVELLE FRANCE;chaussée de la Nouvelle France;;;;;;;;;;;;;;;;Actuellement rue du Faubourg Poissonnière.;;;;;;;;;
;3126;place;du;Palais National;PLACE DU PALAIS NATIONAL;place du Palais National;;;;;;;;;;;;;;;;Actuellement place du Palais Royal.;;;;;;;;;
;3144;impasse;des;Paillassons;IMPASSE DES PAILLASSONS;impasse des Paillassons;;;;;;;;;;;;;;;;Supprimé. Elle était située rue Pérignon.;;;;;;;;;
;3159;rue;aux;Oues;RUE AUX OUES;rue aux Oues;;;;;;;;;;;;;;;;Ou Oës. Actuellement rue aux Ours.;;;;;;;;;
;3174;rue;de l';Oseille;RUE DE L'OSEILLE;rue de l'Oseille;03e;;1877-02-01;;Archives, Enfants-Rouges;;;;;;;;;;;Dénommée partie de la rue de Poitou par arrêté préfectoral du 1er février 1877.;;;;;;;;;
;3697;partie de la rue;du;Moulin;PARTIE DE LA RUE DU MOULIN;partie de la rue du Moulin;;;;;;;;;;;;;;;;Supprimé. Commençait av. du Parc des Expositions (Supprimé.).;;;;;;;;;
;3493;rue;;Neuve de Lappe;RUE NEUVE DE LAPPE;rue Neuve de Lappe;11e;;1867-02-26;;Roquette;;;;;;;;;;;Dénommée rue des Taillandiers par arrêté préfectoral du 26 février 1867.;;;;;;;;;
;3539;rue;;Neuve Barbette;RUE NEUVE BARBETTE;rue Neuve Barbette;;;;;;;;;;;;;;;;Actuellement rue Barbette.;;;;;;;;;
;3541;rue;;Neuve Babylone;RUE NEUVE BABYLONE;rue Neuve Babylone;;;;;;;;;;;;;;;;Actuellement rue d'Estrées.;;;;;;;;;
;3546;rue;;Neuve;RUE NEUVE;rue Neuve;;;;;;;;;;;;;;;;Actuellement rue des Lyanes.;;;;;;;;;
;3596;quai;;Napoléon;QUAI NAPOLEON;quai Napoléon;04e;;1879-08-16;;Notre-Dame;;;;;;;;;;;Dénommé quai aux Fleurs par arrêté préfectoral du 16 août 1879. Actuellement quai aux Fleurs et quai de la Corse.;;;;;;;;;
;3658;rue;de;Mousseau;RUE DE MOUSSEAU;rue de Mousseau;;;;;;;;;;;;;;;;Voir : Cisalpine (rue).;;;;;;;;;
;3902;chemin;des;Mignottes;CHEMIN DES MIGNOTTES;chemin des Mignottes;;;;;;;;;;;;;;;;Supprimé. Il commençait sentier des Mignottes et finissait rue Compans.;;;;;;;;;
;3915;cité;;Michel;CITE MICHEL;cité Michel;;;;;;;;;;;;;;;;Supprimé. en 1934. Etait située rue d'Hautpoul, 44.;;;;;;;;;
;3706;rue;;Mostard;RUE MOSTARD;rue Mostard;;;;;;;;;;;;;;;;Actuellement rue Mouffetard.;;;;;;;;;
;3726;rue;des;Morfondus;RUE DES MORFONDUS;rue des Morfondus;;;;;;;;;;;;;;;;Actuellement rue Rollin et rue de Navarre.;;;;;;;;;
;3727;quai;des;Morfondus;QUAI DES MORFONDUS;quai des Morfondus;;;;;;;;;;;;;;;;Actuellement quai de l'Horloge.;;;;;;;;;
;3778;passage;;Montmartre;PASSAGE MONTMARTRE;passage Montmartre;;;;;;;;;;;;;;;;Actuellement cité Bergère.;;;;;;;;;
;3798;impasse;;Montéra;IMPASSE MONTERA;impasse Montéra;12e;;1889-01-25;;Bel-Air;;;;;;;;;;;Dénommée partie de la rue Montéra par arrêté préfectoral du 25 janvier 1889. Précédemment rue des Quatre Bornes.;;;;;Nom de propriétaire.;;;;
;4006;rue;;Maverse;RUE MAVERSE;rue Maverse;;;;;;;;;;;;;;;;Actuellement partie de la rue Jean-Jacques Rousseau.;;;;;;;;;
;4021;rue;du;Maure;RUE DU MAURE;rue du Maure;03e;;;;Sainte-Avoye;;131;2;;rue Beaubourg, 33.;rue Saint-Martin, 168.;12;15;Ordonnance royale du 16 mai 1833.;;Supprimée lors de l'aménagement du secteur des Halles. Elle est indiquée au rôle de la taille de 1313, sous le nom de Jehan Palée, plus tard elle portera les noms rue Palée, rue Saint-Julien, rue de la Poterne puis de la Fausse Poterne, rue Jetty, rue du Maure, cour du More dite des Anglais, cour des Anglais ou du More et enfin rue du Maure.;;;;;Dû à une enseigne;Arrêté préfectoral du 30 août 1972 (aménagement du secteur des Halles).;;;
;4024;rue;;Maugallée;RUE MAUGALLEE;rue Maugallée;;;;;;;;;;;;;;;;Actuellement rue Montgallet.;;;;;;;;;
;4079;cul-de-sac;des;Marmouzets;CUL-DE-SAC DES MARMOUZETS;cul-de-sac des Marmouzets;;;;;;;;;;;;;;;;Voir : Saint-Pierre Gourtin (cul-de-sac).;;;;;;;;;
;4133;rue;du;Marché Neuf;RUE DU MARCHE NEUF;rue du Marché Neuf;04e;;;;Notre-Dame;;;;;;;;;;;Actuellement quai du Marché Neuf.;;;;;;;;;
;4201;rue;;Maqueron;RUE MAQUERON;rue Maqueron;;;;;;;;;;;;;;;;Actuellement rue Coq Héron.;;;;;;;;;
19;15262;rue;;Charles Dallery;RUE CHARLES DALLERY;rue Charles Dallery;11e;1900-01-01;1933-05-20;;Roquette;;;;;;;;;;;"Précédemment, passage Vaucanson. Il avait été dénommé ""passage Charles Dallery"" par décret présidentiel du 10 novembre 1877 Le passage a été dénommé ""rue Charles Dallery"" par les riverains vers 1900 mais ce nom n'était pas officiel. L'arrêté préfectoral de classement du 20 mai 1933 a rétabli le nom ""passage Charles Dallery""";Nom officieux donnés par les riverains vers 1900;;;;Charles Dallery (1754-1835), célèbre par ses travaux sur la navigation à vapeur.;;;;
;802;petite rue;des;Tuileries;PETITE RUE DES TUILERIES;petite rue des Tuileries;;;;;;;;;;;;;;;;Actuellement rue Saint-Florentin.;;;;;;;;;
;822;rue;;Tronion;RUE TRONION;rue Tronion;;;;;;;;;;;;;;;;Voir : Trognon (rue).;;;;;;;;;
;826;cité;du;Trône;CITE DU TRONE;cité du Trône;;;;;;;;;;;;;;;;Actuellement rue du Pensionnat.;;;;;;;;;
;863;rue;des;Trois Chandeliers;RUE DES TROIS CHANDELIERS;rue des Trois Chandeliers;;;1851-05-10;;;;;;;;;;;;;Dénommée partie de la rue Zacharie par arrêté préfectoral du 10 mai 1851. Actuellement partie de la rue Xavier Privas.;;;;;;;;;
;873;cul-de-sac;du;Tripot Bertaut;CUL-DE-SAC DU TRIPOT BERTAUT;cul-de-sac du Tripot Bertaut;;;;;;;;;;;;;;;;Actuellement imp. Beaubourg.;;;;;;;;;
;689;chemin;de;Vaugirard;CHEMIN DE VAUGIRARD;chemin de Vaugirard;;;;;;;;;;;;;;;;Actuellement partie de la rue de Vaugirard.;;;;;;;;;
;1200;rue;de la;Serpent;RUE DE LA SERPENT;rue de la Serpent;;;;;;;;;;;;;;;;Ou Serpente. Actuellement partie de la rue Serpente.;;;;;;;;;
;1205;rue;des;Sept Voies;RUE DES SEPT VOIES;rue des Sept Voies;;;;;;;;;;;;;;;;Actuellement partie de la rue de l'Arbalète entre les rues Mouffetard et Berthollet.;;;;;;;;;
;1218;ruelle;du;Séjour;RUELLE DU SEJOUR;ruelle du Séjour;;;;;;;;;;;;;;;;Actuellement rue du Jour.;;;;;;;;;
;1223;ruelle;de;Seine;RUELLE DE SEINE;ruelle de Seine;;;;;;;;;;;;;;;;Voir : Pernelle (rue).;;;;;;;;;
;1225;rue;de;Seine;RUE DE SEINE;rue de Seine;;;;;;;;;;;;;;;;Actuellement partie du quai des Grands Augustins.;;;;;;;;;
;959;rue;de la;Tournée du Pont;RUE DE LA TOURNEE DU PONT;rue de la Tournée du Pont;;;;;;;;;;;;;;;;Voir : Descente de la Vallée de Misère (rue de la).;;;;;;;;;
;1005;passage;;Tillier;PASSAGE TILLIER;passage Tillier;;;;;;;;;;;;;;;;Actuellement rue Claude Tillier.;;;;;;;;;
;1018;rue;;Thiroux;RUE THIROUX;rue Thiroux;;;;;;;;;;;;;;;;Actuellement partie de la rue de Caumartin.;;;;;;;;;
;1173;rue;;Sire Guillaume Bourdon;RUE SIRE GUILLAUME BOURDON;rue Sire Guillaume Bourdon;;;;;;;;;;;;;;;;Actuellement partie de la rue des Bourdonnais.;;;;;;;;;
;1400;rue;;Sainte-Croix;RUE SAINTE-CROIX;rue Sainte-Croix;;;;;;;;;;;;;;;;Actuellement rue Sainte-Croix de la Bretonnerie.;;;;;;;;;
;1548;place;;Saint-Michel;PLACE SAINT-MICHEL;place Saint-Michel;;;;;;;;;;;;;;;;Supprimée par l'ouverture du boulevard Saint-Michel. Elle était située à l'extrémité des rues Monsieur le Prince et de la Harpe (tronçon supprimé).;;;;;;;;;
;1555;rue;;Saint-Médard;RUE SAINT-MEDARD;rue Saint-Médard;;;;;;;;;;;;;;;;Actuellement rue Gracieuse.;;;;;;;;;
19;1420;impasse;;Sainte-Avoie;IMPASSE SAINTE-AVOIE;impasse Sainte-Avoie;03e;1877-02-01;1930-12-31;;Sainte-Avoye;;;;;rue du Temple, 106.;;;;;;Supprimée en 1930.;Arrêté préfectoral du 1er février 1877. Précédemment impasse de l'Échiquier.;;Sainte-Avoie ou Sainte-Avoye;;;;;;
;1454;rue;;Saint-Symphorien;RUE SAINT-SYMPHORIEN;rue Saint-Symphorien;;;;;;;;;;;;;;;;Voir : Haut Moulin en la Cité (rue du).;;;;;;;;;
;1467;passage;;Saint-Séverin;PASSAGE SAINT-SEVERIN;passage Saint-Séverin;;;;;;;;;;;;;;;;Voir : Zacharie (pas.).;;;;;;;;;
;1472;rue;;Saint-Sabin;RUE SAINT-SABIN;rue Saint-Sabin;;;;;;;;;;;;;;;;Actuellement partie de la rue Saint-Maur.;;;;;;;;;
;1484;rue;;Saint-Pierre aux Boeufs;RUE SAINT-PIERRE AUX BOEUFS;rue Saint-Pierre aux Boeufs;04e;;;;Notre-Dame;;;;;;;;;;;Supprimée par la formation de la rue d'Arcole. Elle commençait rue des Marmousets (Supprimé.) et finissait rue Saint-Christophe (Supprimé.).;;;;;;;;;
;1518;poterne ou archet;;Saint-Paul;POTERNE OU ARCHET SAINT-PAUL;poterne ou archet Saint-Paul;;;;;;;;;;;;;;;;Elle était située rue des Prêtres Saint-Paul (Actuellement rue Charlemagne) et faisait partie de l'enceinte de Philippe-Auguste.;;;;;;;;;
;1519;port;;Saint-Paul;PORT SAINT-PAUL;port Saint-Paul;;;;;;;;;;;;;;;;Réuni au port des Célestins en 1905.;;;;;;;;;
;1249;rue;de la;Savaterie;RUE DE LA SAVATERIE;rue de la Savaterie;;;;;;;;;;;;;;;;Voir : Saint-Eloi (rue).;;;;;;;;;
;1303;rue;;Sancée;RUE SANCEE;rue Sancée;;;;;;;;;;;;;;;;Ou Sancier. Actuellement rue Censier.;;;;;;;;;
;1309;rue;de la;Salle du Comte;RUE DE LA SALLE DU COMTE;rue de la Salle du Comte;;;;;;;;;;;;;;;;Voir : Salle au Comte (rue).;;;;;;;;;
;1317;grande rue ou rue;des;Saints Innocents;GRANDE RUE OU RUE DES SAINTS INNOCENTS;grande rue ou rue des Saints Innocents;;;;;;;;;;;;;;;;Actuellement partie de la rue Saint-Denis.;;;;;;;;;
;1320;rue;;Sainte-Périne;RUE SAINTE-PERINE;rue Sainte-Périne;;;;;;;;;;;;;;;;Actuellement rue Kepler.;;;;;;;;;
;1324;petite rue;;Sainte-Opportune;PETITE RUE SAINTE-OPPORTUNE;petite rue Sainte-Opportune;;;;;;;;;;;;;;;;Voir : Fourreurs (rue des).;;;;;;;;;
;1357;avenue ou passage;;Sainte-Marie;AVENUE OU PASSAGE SAINTE-MARIE;avenue ou passage Sainte-Marie;;;;;;;;;;;;;;;;Supprimé. par l'ouverture des av. Hoche et de Friedland. Elle commençait place Charles de Gaulle et finissait rue du Faubourg Saint-Honoré.;;;;;;;;;
;1638;rue;;Saint-Julien;RUE SAINT-JULIEN;rue Saint-Julien;;;;;;;;;;;;;;;;Voir : Maure (rue du).;;;;;;;;;
;1651;rue;;Saint-Jean de Latran;RUE SAINT-JEAN DE LATRAN;rue Saint-Jean de Latran;;;;;;;;;;;;;;;;Actuellement partie de la place Marcelin Berthelot.;;;;;;;;;
;7107;ruelle;;Chartière;RUELLE CHARTIERE;ruelle Chartière;;;;;;;;;;;;;;;;Actuellement rue Tournefort et partie de la place Lucien Herr.;;;;;;;;;
;7140;rue;;Charles X;RUE CHARLES X;rue Charles X;;;;;;;;;;;;;;;;Actuellement partie de la rue La Fayette.;;;;;;;;;
;5123;rue;;Guillaume D'Argenteuil;RUE GUILLAUME D'ARGENTEUIL;rue Guillaume D'Argenteuil;;;;;;;;;;;;;;;;Voir : Poirées (rue des).;;;;;;;;;
;5159;chemin;de;Guarnelles;CHEMIN DE GUARNELLES;chemin de Guarnelles;;;;;;;;;;;;;;;;Actuellement rue de Grenelle.;;;;;;;;;
;5791;rue;;Fermée;RUE FERMEE;rue Fermée;;;;;;;;;;;;;;;;Voir : Hyacinthe (imp.).;;;;;;;;;
;6474;rue;de la;Croix d'Or dite des Marguilliers;RUE DE LA CROIX D'OR DITE DES MARGUILLIERS;rue de la Croix d'Or dite des Marguilliers;;;;;;;;;;;;;;;;Actuellement partie de la rue Grégoire de Tours.;;;;;;;;;
;7175;port;du;Charbon;PORT DU CHARBON;port du Charbon;;;;;;;;;;;;;;;;Il était situé quai de la Grève au droit de la place.;;;;;;;;;
;5163;rue;de;Guarnales;RUE DE GUARNALES;rue de Guarnales;;;;;;;;;;;;;;;;Et Guarnelle ou Garnelles. Actuellement partie de la rue Jean-Jacques Rousseau.;;;;;;;;;
;5184;quai;de la;Grève;QUAI DE LA GREVE;quai de la Grève;04e;;;;Saint-Gervais, Saint-Merri;;;;;;;;;;;Actuellement partie du quai de l'Hôtel de Ville. Le quai de la Grève formait une longue berge ou port qui existait en 1254. Vers cette époque on l'appelait rue aux Merrains.;;;;;;;;;
;5840;rue;du;Faubourg du Nord;RUE DU FAUBOURG DU NORD;rue du Faubourg du Nord;;;;;;;;;;;;;;;;Actuellement rue du Faubourg Saint-Martin.;;;;;;;;;
;6564;rue;aux;Coulons;RUE AUX COULONS;rue aux Coulons;;;;;;;;;;;;;;;;Supprimée. Elle était située dans l'île de la Cité, entre les rues Neuve Notre-Dame (Supprimé.) et Saint-Christophe (Supprimé.). En 1254, c'était la rue au Chevet Sainte-Geneviève. Vers 1300, rue à Coulons. En 1434, rue du Coulon.;;;;;;;;;
;6577;rue;de la;Côte d'Or;RUE DE LA COTE D'OR;rue de la Côte d'Or;;;;;;;;;;;;;;;;Supprimé. en 1967 lors de la construction de la Faculté des Sciences de la Halle aux vins.;;;;;;;;;
;6598;rue;;Cordière;RUE CORDIERE;rue Cordière;;;;;;;;;;;;;;;;Actuellement partie de la rue de Bretagne.;;;;;;;;;
;5286;rue;des;Gourdes;RUE DES GOURDES;rue des Gourdes;;;;;;;;;;;;;;;;Actuellement partie de la rue Georges Bizet.;;;;;;;;;
;5913;passerelle;de l';Estacade;PASSERELLE DE L'ESTACADE;passerelle de l'Estacade;04e;;;;Arsenal, Notre-Dame;;;;;;;;;;;Supprimée. Etait située entre les quais Henri IV et de Béthune.;;;;;;;;;
;6625;porte ou poterne;;Coquillière;PORTE OU POTERNE COQUILLIERE;porte ou poterne Coquillière;;;;;;;;;;;;;;;;Ou Coquillier. Voir : Coquillier (porte ou poterne).;;;;;;;;;
;6647;villa;;Coopérative;VILLA COOPERATIVE;villa Coopérative;;;;;;;;;;;;;;;;Voir : Pavillons (villa des).;;;;;;;;;
;5980;chemin de ronde;de l';Entrepôt;CHEMIN DE RONDE DE L'ENTREPOT;chemin de ronde de l'Entrepôt;;;;;;;;;;;;;;;;Supprimé. Situé à l'extrémité de la rue du Centre (Supprimé.).;;;;;;;;;
;6653;chemin;de la;Contrescarpe;CHEMIN DE LA CONTRESCARPE;chemin de la Contrescarpe;;;;;;;;;;;;;;;;Actuellement rue Saint-Sabin.;;;;;;;;;
;6674;rue;de la;Confrérie Notre-Dame;RUE DE LA CONFRERIE NOTRE-DAME;rue de la Confrérie Notre-Dame;;;;;;;;;;;;;;;;Voir : Deux Ermites (rue des).;;;;;;;;;
;6687;rue;au;Comte de Ponthieu;RUE AU COMTE DE PONTHIEU;rue au Comte de Ponthieu;;;;;;;;;;;;;;;;Voir : Fossés Saint-Germain l'Auxerrois (rue des).;;;;;;;;;
;6689;rue;du;Comte de Dammartin;RUE DU COMTE DE DAMMARTIN;rue du Comte de Dammartin;;;;;;;;;;;;;;;;Voir : Salle au Comte (rue).;;;;;;;;;
;4660;ruelle;;Josselin;RUELLE JOSSELIN;ruelle Josselin;;;;;;;;;;;;;;;;Actuellement imp. Bouvart.;;;;;;;;;
;6729;ruelle;à;Colot;RUELLE A COLOT;ruelle à Colot;;;;;;;;;;;;;;;;Actuellement rue du Clos.;;;;;;;;;
;4698;rue;;Jehan Palée;RUE JEHAN PALEE;rue Jehan Palée;;;;;;;;;;;;;;;;Voir : Maure (rue du).;;;;;;;;;
;5396;rue;;Gautier Renaud;RUE GAUTIER RENAUD;rue Gautier Renaud;;;;;;;;;;;;;;;;Actuellement partie de l'av. des Gobelins. Elle formait autrefois une section de la rue Mouffetard.;;;;;;;;;
;6019;rue;;Élysée Reclu;RUE ELYSEE RECLU;rue Élysée Reclu;;;;;;;;;;;;;;;;Actuellement av. Elysée Reclu.;;;;;;;;;
;6031;rue;de l';Égyptienne de Blois;RUE DE L'EGYPTIENNE DE BLOIS;rue de l'Égyptienne de Blois;;;;;;;;;;;;;;;;Actuellement rue de la Jussienne.;;;;;;;;;
;6052;rue;de l';Égout;RUE DE L'EGOUT;rue de l'Égout;;;;;;;;;;;;;;;;Voir : Sansonnets (rue des).;;;;;;;;;
;6752;rue;;Coipeaux;RUE COIPEAUX;rue Coipeaux;;;;;;;;;;;;;;;;Ou Copeau ou encore Coupeau. Actuellement partie de la rue Geoffroy-Saint-Hilaire.;;;;;;;;;
;6765;cour;des;Coches;COUR DES COCHES;cour des Coches;;;;;;;;;;;;;;;;Actuellement cité du Retiro.;;;;;;;;;
;6077;rue;de l';Égizziane;RUE DE L'EGIZZIANE;rue de l'Égizziane;;;;;;;;;;;;;;;;Actuellement rue de la Jussienne.;;;;;;;;;
;6787;rue;du;Clos Ganay;RUE DU CLOS GANAY;rue du Clos Ganay;;;;;;;;;;;;;;;;Actuellement rues Edouard Quénu, Broca et Léon-Maurice Nordmann.;;;;;;;;;
;6808;place;du;Cloître Sainte-Opportune;PLACE DU CLOITRE SAINTE-OPPORTUNE;place du Cloître Sainte-Opportune;;;;;;;;;;;;;;;;Actuellement place Sainte-Opportune.;;;;;;;;;
;5451;partie de la ruelle;;Galleron;PARTIE DE LA RUELLE GALLERON;partie de la ruelle Galleron;;;;;;;;;;;;;;;;Actuellement rue Galleron.;;;;;;;;;
;6118;barrière;de l';École;BARRIERE DE L'ECOLE;barrière de l'École;;;;;;;;;;;;;;;;Supprimé. Elle était située place Cambronne au débouché de l'av. de Lowendal.;;;;;;;;;
;4854;cité;;Isely;CITE ISELY;cité Isely;;;;;;;;;;;;;;;;Supprimé. Etait située rue de la Glacière, 109.;;;;;;;;;
;5519;passage;;Frépillon;PASSAGE FREPILLON;passage Frépillon;03e;;;;Arts et Metiers;;;;;;;;;;;Supprimé par l'ouverture de la rue Réaumur. Il conduisait de la rue Frépillon (Actuellement rue Volta, 14) à la cour du Commerce (Supprimé.).;;;;;;;;;
;6170;rue;;Ducolombier;RUE DUCOLOMBIER;rue Ducolombier;04e;;1877-02-01;;Saint-Gervais;;;;;;;;;;;Dénommée partie de la rue Caron par arrêté préfectoral du 1er février 1877.;;;;;;;;;
;6854;vicus;de;Cithara;VICUS DE CITHARA;vicus de Cithara;;;;;;;;;;;;;;;;Ou Harpe (vicus) ou encore Herpe (vicus). Voir : Harpe (vicus).;;;;;;;;;
;4864;rue;de l';Industrie Saint-Antoine;RUE DE L'INDUSTRIE SAINT-ANTOINE;rue de l'Industrie Saint-Antoine;11e;;1877-02-01;;Sainte-Marguerite;;;;;;;;;;;Dénommée rue des Immeubles Industriels par arrêté préfectoral du 1er février 1877.;;;;;;;;;
;5556;porte;;Franciade;PORTE FRANCIADE;porte Franciade;;;;;;;;;;;;;;;;Porte Saint-Denis.;;;;;;;;;
;6912;impasse;de la;Chine;IMPASSE DE LA CHINE;impasse de la Chine;;;;;;;;;;;;;;;;Supprimé. Etait située rue de la Chine, 10.;;;;;;;;;
;6915;cul-de-sac;de la;Chiffonnerie;CUL-DE-SAC DE LA CHIFFONNERIE;cul-de-sac de la Chiffonnerie;;;;;;;;;;;;;;;;Voir : Pont aux Biches (imp. ou cul-de-sac du).;;;;;;;;;
;6928;rue;du;Chevet Saint-Leufroy;RUE DU CHEVET SAINT-LEUFROY;rue du Chevet Saint-Leufroy;;;;;;;;;;;;;;;;Voir : Joaillerie (rue de la).;;;;;;;;;
;6932;rue;du;Chevet Saint-Gervais;RUE DU CHEVET SAINT-GERVAIS;rue du Chevet Saint-Gervais;;;;;;;;;;;;;;;;Actuellement rue des Barres.;;;;;;;;;
;4916;passage;de l';Hôtel des Fermes;PASSAGE DE L'HOTEL DES FERMES;passage de l'Hôtel des Fermes;;;;;;;;;;;;;;;;Il traversait l'hôtel des Fermes et conduisait de la rue Jean-Jacques Rousseau à la rue du Bouloi. L'hôtel des Fermes a été supprimé en 1888-1889.;;;;;;;;;
;4928;impasse;des;Hospitalières;IMPASSE DES HOSPITALIERES;impasse des Hospitalières;03e;;1867-02-26;;Archives;;;;;;;;;;;Dénommée impasse de Béarn par arrêté préfectoral du 26 février 1867. Actuellement partie de la rue Roger Verlomme.;;;;;;;;;
;5577;barrière;des;Fourneaux;BARRIERE DES FOURNEAUX;barrière des Fourneaux;;;;;;;;;;;;;;;;Supprimée. Elle était située boul. de Vaugirard à l'extrémité de la rue des Fourneaux (Actuellement rue Falguière).;;;;;;;;;
;2479;chemin;des;Potences;CHEMIN DES POTENCES;chemin des Potences;;;;;;;;;;;;;;;;Actuellement rue du Château Landon.;;;;;;;;;
;2258;ruelle;;Raoul;RUELLE RAOUL;ruelle Raoul;;;;;;;;;;;;;;;;Supprimée par l'ouverture de la rue Michel Bizot (Actuellement av. du Général Michel Bizot). Elle commençait rue des Meuniers et finissait rue Claude Decaen.;;;;;;;;;
;2285;rue;;Quiquetonne;RUE QUIQUETONNE;rue Quiquetonne;;;;;;;;;;;;;;;;Actuellement rue Tiquetonne.;;;;;;;;;
;2369;rue;des;Prouvoires;RUE DES PROUVOIRES;rue des Prouvoires;;;;;;;;;;;;;;;;Ou Prouvelle ou encore Provaires. Voir : Prouvelle (rue).;;;;;;;;;
;2790;rue;;Philipot;RUE PHILIPOT;rue Philipot;;;;;;;;;;;;;;;;Voir : Phélipeaux (rue).;;;;;;;;;
;2654;impasse;;Pliez;IMPASSE PLIEZ;impasse Pliez;;;;;;;;;;;;;;;;Supprimé. par l'élargissement du boul. Brune. Elle y était située au n° 7.;;;;;;;;;
;2670;rue;du;Plâtre;RUE DU PLATRE;rue du Plâtre;;;;;;;;;;;;;;;;Englobée par le boulevard Saint-Germain.;;;;;;;;;
;2731;vicus;;Pietri Oilart;VICUS PIETRI OILART;vicus Pietri Oilart;;;;;;;;;;;;;;;;Actuellement partie de la rue Pierre au Lard.;;;;;;;;;
;2500;grand chemin;de la;Porte Saint-Honoré;GRAND CHEMIN DE LA PORTE SAINT-HONORE;grand chemin de la Porte Saint-Honoré;;;;;;;;;;;;;;;;Actuellement partie de la rue Saint-Honoré.;;;;;;;;;
;2556;chemin;du;Port;CHEMIN DU PORT;chemin du Port;;;;;;;;;;;;;;;;Supprimé. par la construction du marché aux bestiaux de la Villette. Il commençait rue des Ardennes et finissait rue Adolphe Mille.;;;;;;;;;
;2572;rue;du;Pont Perrin;RUE DU PONT PERRIN;rue du Pont Perrin;;;;;;;;;;;;;;;;Actuellement rue Saint-Antoine.;;;;;;;;;
;2598;rue;du;Ponceau;RUE DU PONCEAU;rue du Ponceau;;;;;;;;;;;;;;;;Actuellement rue Cuvier.;;;;;;;;;
;2818;rue;de la;Petite Voirie du Roule;RUE DE LA PETITE VOIRIE DU ROULE;rue de la Petite Voirie du Roule;;;;;;;;;;;;;;;;Supprimée par l'ouverture de l'avenue Portalis (actuellement avenue César Caire). Elle était située entre la partie nord de la place de Laborde (antérieurement rue de la voirie Saint-Honoré), côté du sq. Marcel Pagnol (jardin public) et la rue de la Bienfaisance.;;;;;;;;;
;2823;rue;de la;Petite Tacherie;RUE DE LA PETITE TACHERIE;rue de la Petite Tacherie;;;;;;;;;;;;;;;;Voir : Saint-Benoît (cul-de-sac).;;;;;;;;;
;2872;rue;du;Petit Marais;RUE DU PETIT MARAIS;rue du Petit Marais;;;;;;;;;;;;;;;;Ou Petit Marivaux. Actuellement rue Pavée.;;;;;;;;;
;2879;cul-de-sac;du;Petit Jardinet;CUL-DE-SAC DU PETIT JARDINET;cul-de-sac du Petit Jardinet;;;;;;;;;;;;;;;;Actuellement rue du Dahomey.;;;;;;;;;
;2964;rue;;Percée Saint-Paul;RUE PERCEE SAINT-PAUL;rue Percée Saint-Paul;;;;;;;;;;;;;;;;Ou Percée Saint-Antoine, Perciée ou encore Percié. Voir : Percée Saint-Antoine (rue).;;;;;;;;;
;2980;rue;;Péniche;RUE PENICHE;rue Péniche;;;;;;;;;;;;;;;;Ou Penecher. Voir : Penecher (rue).;;;;;;;;;
;3024;rue;;Paule;RUE PAULE;rue Paule;;;;;;;;;;;;;;;;Voir : Petit Lion Saint-Sauveur (rue du).;;;;;;;;;
20;3027;rue;;Paul Dislère;RUE PAUL DISLERE;rue Paul Dislère;12e;1936-02-03;;;Picpus;;;;;;;;;;;Nom attribué par arr. du 3 février 1936 à une voie qui avait été projetée sur l'emplacement du bastion 4. Elle devait aboutir boul. Poniatowski, 36.;Arrêté préfectoral du 3 février 1936;;;;;;;;
;3392;rue;;Neuve Saint-Magloire;RUE NEUVE SAINT-MAGLOIRE;rue Neuve Saint-Magloire;;;;;;;;;;;;;;;;Voir : Saint-Magloire (rue).;;;;;;;;;
;3242;place;de l';Oratoire;PLACE DE L'ORATOIRE;place de l'Oratoire;;;;;;;;;;;;;;;;"Supprimée par l'ouverture de la rue de Rivoli. Elle s'étendait devant la façade nord du palais du Louvre. Au XIIIe siècle, c'était une partie de la rue de Biauvoir, plus tard rue de Beauvais. Vers 1784, les maisons en bordure ont été abattues. Cette place s'est appelée, en 1793, de la Liberté ; en 1806, de Marengo ; en 1814, de l'Oratoire.";;;;;;;;;
;3245;rue;des;Orangers;RUE DES ORANGERS;rue des Orangers;;;;;;;;;;;;;;;;Ou Orangerie (rue de l') ou encore Oranges (rue des). Voir : Orangerie (rue de l').;;;;;;;;;
;3313;chemin;de;Notre-Dame des Vertus;CHEMIN DE NOTRE-DAME DES VERTUS;chemin de Notre-Dame des Vertus;;;;;;;;;;;;;;;;Actuellement rue du Château Landon et rue d'Aubervilliers.;;;;;;;;;
;3317;impasse;;Notre-Dame des Champs;IMPASSE NOTRE-DAME DES CHAMPS;impasse Notre-Dame des Champs;;;;;;;;;;;;;;;;Actuellement rue Le Verrier.;;;;;;;;;
;3342;ruelle;des;Nonnains;RUELLE DES NONNAINS;ruelle des Nonnains;;;;;;;;;;;;;;;;Actuellement rue de la Mare et rue Jean-Baptiste Dumay.;;;;;;;;;
;3125;place;du;Palais Royal;PLACE DU PALAIS ROYAL;place du Palais Royal;;;;;;;;;;;;;;;;Actuellement place de Valois.;;;;;;;;;
;3172;rue;de l';Oseraie;RUE DE L'OSERAIE;rue de l'Oseraie;;;;;;;;;;;;;;;;Voir : Cimetière Saint-Benoît (rue du).;;;;;;;;;
;3686;ruelle;au;Moulin des Barres;RUELLE AU MOULIN DES BARRES;ruelle au Moulin des Barres;04e;;;;Saint-Gervais;;;;;;;;;;;Actuellement rue des Barres.;;;;;;;;;
;3404;rue;;Neuve Saint-Gilles;RUE NEUVE SAINT-GILLES;rue Neuve Saint-Gilles;03e;;;;Archives;;;;;;;;;;;Actuellement rue Saint-Gilles.;;;;;;;;;
;3407;rue;;Neuve Saint-Georges;RUE NEUVE SAINT-GEORGES;rue Neuve Saint-Georges;;;;;;;;;;;;;;;;Actuellement rue Saint-Georges.;;;;;;;;;
;3427;rue;;Neuve outre la Porte Saint-Michel;RUE NEUVE OUTRE LA PORTE SAINT-MICHEL;rue Neuve outre la Porte Saint-Michel;;;;;;;;;;;;;;;;Actuellement rue de la Harpe.;;;;;;;;;
;3442;rue;;Neuve du Temple;RUE NEUVE DU TEMPLE;rue Neuve du Temple;;;;;;;;;;;;;;;;Ou Chantier du Temple (rue du). Actuellement partie de la rue des Archives entre la rue des Blancs Manteaux et la rue Portefoin. Elle fut découpée en rue du Chaume et rue du Grand Chantier.;;;;;;;;;
;3524;rue;;Neuve Dauphine;RUE NEUVE DAUPHINE;rue Neuve Dauphine;;;;;;;;;;;;;;;;Actuellement partie de la rue Dauphine.;;;;;;;;;
;3528;rue;;Neuve d'Angoulême;RUE NEUVE D'ANGOULEME;rue Neuve d'Angoulême;11e;;;;Folie-Méricourt;;;;;;;;;;;Actuellement rue Gambey.;;;;;;;;;
;3565;boulevard;;Neuf;BOULEVARD NEUF;boulevard Neuf;;;;;;;;;;;;;;;;Actuellement boulevard des Italiens.;;;;;;;;;
;3622;place;du;Musée;PLACE DU MUSEE;place du Musée;;;;;;;;;;;;;;;;Supprimé. par l'agrandissement du palais du Louvre. Elle avait précédemment porté le nom d'Austerlitz. Elle était située entre le Louvre, les rues du Carrousel et du Musée.;;;;;;;;;
;3628;allée;des;Murs;ALLEE DES MURS;allée des Murs;;;;;;;;;;;;;;;;Supprimé. Elle suivait à l'intérieur la muraille de Philippe-Auguste, entre les rues de l'Observance (Actuellement rue Antoine Dubois) et de la Harpe (partie Supprimé.).;;;;;;;;;
;3839;rue;du;Monceau Saint-Gervais;RUE DU MONCEAU SAINT-GERVAIS;rue du Monceau Saint-Gervais;04e;;;;Saint-Gervais;;;;;;;;;;;Actuellement place Saint-Gervais.;;;;;;;;;
;3951;impasse;du;Méridien;IMPASSE DU MERIDIEN;impasse du Méridien;;;;;;;;;;;;;;;;Supprimé. par l'établissement du parc de Montsouris. Elle était située chemin des Prêtres (remplacé par la rue Nansouty).;;;;;;;;;
;3954;rue;;Merderet;RUE MERDERET;rue Merderet;;;;;;;;;;;;;;;;Ou Merdelet. Voir : Merdelet (rue).;;;;;;;;;
;3956;rue;;Merderet;RUE MERDERET;rue Merderet;;;;;;;;;;;;;;;;Actuellement partie de la rue de Malte.;;;;;;;;;
;3993;port;de;Mazas;PORT DE MAZAS;port de Mazas;;;;;;;;;;;;;;;;Actuellement partie des ports Henri IV et de la Rapée.;;;;;;;;;
;3879;cour;des;Miracles;COUR DES MIRACLES;cour des Miracles;12e;;;;Quinze-Vingts;;;;;;;;;;;Devenue cour de Bourgogne puis cour des Bourguignons (supprimée).;;;;;;;;;
;3917;rue;;Michaut Regnaut;RUE MICHAUT REGNAUT;rue Michaut Regnaut;;;;;;;;;;;;;;;;Précédemment ruelle Michaut Riegnaut. Actuellement rue Gaillon et partie de la rue Saint-Roch (à partir de la rue Saint-Honoré).;;;;;;;;;
;3925;ruelle ou voie;des;Meuniers;RUELLE OU VOIE DES MEUNIERS;ruelle ou voie des Meuniers;;;;;;;;;;;;;;;;Actuellement rue de Bellièvre.;;;;;;;;;
;3940;allée;du;Métro;ALLEE DU METRO;allée du Métro;;;;;;;;;;;;;;;;"Supprimé. en 1943. Commençait av. de la porte de Montmartre ; finissait allée des Peupliers (Supprimé.).";;;;;;;;;
;3946;cour;des;Messageries;COUR DES MESSAGERIES;cour des Messageries;;;;;;;;;;;;;;;;Supprimé. en 1883. Elle commençait imp. Saint-Pierre et finissait rue Notre-Dame des Victoires.;;;;;;;;;
;3720;rue;des;Morins;RUE DES MORINS;rue des Morins;;;;;;;;;;;;;;;;Actuellement partie de la rue de Thorigny.;;;;;;;;;
;3721;impasse;;Morin;IMPASSE MORIN;impasse Morin;;;;;;;;;;;;;;;;Supprimé. Elle débouchait dans la rue des Périchaux (partie Supprimé.).;;;;;;;;;
;3737;rue;du;More;RUE DU MORE;rue du More;;;;;;;;;;;;;;;;Actuellement partie de la rue Gracieuse.;;;;;;;;;
;3774;avenue;;Montmorin;AVENUE MONTMORIN;avenue Montmorin;;;;;;;;;;;;;;;;Actuellement rue Duroc.;;;;;;;;;
;3799;porte;de;Montempoivre;PORTE DE MONTEMPOIVRE;porte de Montempoivre;12e;;;;Bel-Air;;;;;;;;;;;Supprimé. Elle était située boul. Soult en prolongement de la rue des Marguettes.;;;;;Porte de l'enceinte de Thiers.;;;;
;3820;passage;du;Mont de Piété;PASSAGE DU MONT DE PIETE;passage du Mont de Piété;;;;;;;;;;;;;;;;Actuellement pas. des Récollets.;;;;;;;;;
;4240;rue;;Maître Jeharre;RUE MAITRE JEHARRE;rue Maître Jeharre;;;;;;;;;;;;;;;;Voir : Jean Hubert (rue).;;;;;;;;;
;4243;passage;de la;Maison Tachou;PASSAGE DE LA MAISON TACHOU;passage de la Maison Tachou;;;;;;;;;;;;;;;;Supprimé. Il conduisait de la rue du Marché Neuf (Supprimé.) à la rue de la Calandre (Supprimé.).;;;;;;;;;
;4248;chemin;de la;Maison de Santé;CHEMIN DE LA MAISON DE SANTE;chemin de la Maison de Santé;;;;;;;;;;;;;;;;Actuellement rue Ferrus.;;;;;;;;;
;4131;rue;du;Marché Palu;RUE DU MARCHE PALU;rue du Marché Palu;04e;;;;Notre-Dame;;;;;;;;;;;Actuellement partie de la rue de la Cité, entre le Petit Pont et la façade de l'Hôtel Dieu.;;;;;;;;;
;801;pont;des;Tuileries;PONT DES TUILERIES;pont des Tuileries;;;;;;;;;;;;;;;;Actuellement pont Royal.;;;;;;;;;
;827;barrière;du;Trône;BARRIERE DU TRONE;barrière du Trône;11e, 12e;;;;Picpus, Sainte-Marguerite;;;;;;;;;;;Supprimé. Elle était située avenue du Trône. Les pavillons existent encore. Elle a porté le nom de Barrière de Vincennes.;;;;;Barrière d'octroi de l'enceinte des Fermiers généraux.;;;;
;854;passage;des;Trois Couronnes;PASSAGE DES TROIS COURONNES;passage des Trois Couronnes;11e;;1873-11-10;;Folie-Méricourt;;;;;;;;;;;Dénommé passage Vaucouleurs par arrêté préfectoral du 10 novembre 1873. Actuellement rue de Vaucouleurs (1903).;;;;;;;;;
;860;rue;des;Trois Chandelles;RUE DES TROIS CHANDELLES;rue des Trois Chandelles;12e;;1884-10-16;;Picpus;;;;;;;;;;;Dénommée rue Elisa Lemonnier par arrêté du 16 octobre 1884.;;;;;;;;;
;874;rue;;Tripolet;RUE TRIPOLET;rue Tripolet;;;;;;;;;;;;;;;;Ou Tripelle ou encore Tripellé. Voir : Tripelle (rue).;;;;;;;;;
;715;rue;de;Valois Saint-Honoré;RUE DE VALOIS SAINT-HONORE;rue de Valois Saint-Honoré;;;;;;;;;;;;;;;;Supprimée par l'agrandissement du Louvre et par l'ouverture de la rue de Rivoli. Elle commençait rue de Montpensier (supprimée) et finissait rue Saint-Honoré. Bâtie vers 1784 sur l'emplacement de l'hôpital des Quinze-Vingts, elle fut nommée rue de Valois. En 1795, rue Batave. Elle reprit son premier nom en 1814.;;;;;;;;;
;1212;rue;;Sendebours la Tréfilière;RUE SENDEBOURS LA TREFILIERE;rue Sendebours la Tréfilière;;;;;;;;;;;;;;;;Actuellement rue de Venise.;;;;;;;;;
;975;rue;;Tougin;RUE TOUGIN;rue Tougin;;;;;;;;;;;;;;;;Actuellement rue de la Perle.;;;;;;;;;
;1074;;le;Terrail;LE TERRAIL;le Terrail;;;;;;;;;;;;;;;;Ou Terrain. Place formée derrière l'église Notre-Dame, par le dépôt des gravois provenant de la construction de l'église. En 1258, c'était la Motte aux Papelards. En 1343, le Terrail.;;;;;;;;;
;1086;porte;du;Temple;PORTE DU TEMPLE;porte du Temple;;;;;;;;;;;;;;;;1° Celle de l'enceinte de Philippe-Auguste. Elle était située rue Sainte-Avoie (réunie Actuellement à la rue du Temple). On l'a appelée également porte Sainte-Avoye ou Sainte-Avoie. 2° Celle de l'enceinte de Charles V. Elle était située rue du Temple, près de la rue de Vendôme (Actuellement rue Béranger).;;;;;;;;;
;1115;rue;de la;Tabletterie;RUE DE LA TABLETTERIE;rue de la Tabletterie;;;;;;;;;;;;;;;;Supprimée par l'ouverture de la rue des Halles. Commençait rue Saint-Denis, finissait rue des Lavandières. Au XIIIe siècle on la nommait de la Hanterie. Vers 1300, Guillot l'appelle de la Tabletterie. En 1312, rue Sainte-Opportune et de la Cordouannerie. Sauval dit qu'elle a porté anciennement le nom de la Vieille Cordonnerie.;;;;;;;;;
;1131;route;;Stratégique;ROUTE STRATEGIQUE;route Stratégique;12e;;1978-08-30;;Picpus;;1350;7;;route de la Ferme.;avenue de Gravelle;;;;;Dénommée avenue de l'Ecole de Joinville par arrêté municipal du 30 août 1978. Située autrefois sur le territoire de Joinville le Pont annexé à Paris par décret du 18 avril 1929.;;;Située dans le bois de Vincennes.;;;;;;
;1136;passage;;Stephenson;PASSAGE STEPHENSON;passage Stephenson;;;;;;;;;;;;;;;;Supprimé par l'ouverture de la rue de Tombouctou. Il commençait boul. de la Chapelle, 48, et finissait rue de Jessaint.;;;;;;;;;
;1151;avenue;des;Soupirs;AVENUE DES SOUPIRS;avenue des Soupirs;;;;;;;;;;;;;;;;Actuellement rue Jaucourt.;;;;;;;;;
;1172;ruelle;de la;Sirène;RUELLE DE LA SIRENE;ruelle de la Sirène;;;;;;;;;;;;;;;;Supprimé. Elle était située devant l'église Saint-Barthélemy, dont l'emplacement est occupé par le Tribunal de Commerce.;;;;;;;;;
;1402;petite rue ou ruelle;;Sainte-Croix;PETITE RUE OU RUELLE SAINTE-CROIX;petite rue ou ruelle Sainte-Croix;;;;;;;;;;;;;;;;Voir : Sainte-Croix en la Cité (rue).;;;;;;;;;
;1558;rue;;Saint-Maur Popincourt;RUE SAINT-MAUR POPINCOURT;rue Saint-Maur Popincourt;;;;;;;;;;;;;;;;Actuellement partie de la rue Saint-Maur et rue Juliette Dodu.;;;;;;;;;
;1577;rue;;Saint-Marcoul;RUE SAINT-MARCOUL;rue Saint-Marcoul;;;1858-08-23;;;;;;;;;;;;;Supprimée par l'ouverture de la rue de Turbigo. Elle commençait rue Bailly, finissait rue Conté. La partie entre la rue Royale (supprimée) et la rue Conté avait porté le nom de Saint-Benoît et elle avait été réunie à la rue Saint-Marcoul en 1851.;;;;;;;;;
;1578;rue;;Saint-Marcel;RUE SAINT-MARCEL;rue Saint-Marcel;;;;;;;;;;;;;;;;Actuellement rue Mouffetard.;;;;;;;;;
;1422;rue;;Sainte-Apolline;RUE SAINTE-APOLLINE;rue Sainte-Apolline;03e;;;;Arts et Metiers;;;;;;;;;;;Actuellement rue Meslay.;;;;;;;;;
;1427;rue;;Sainte-Anne;RUE SAINTE-ANNE;rue Sainte-Anne;12e;;;;Bercy;;;;;;;;;;;Supprimé. Elle était située sur l'emplacement des entrepôts de Bercy.;;;;;;;;;
;1464;rue;;Saint-Séverin;RUE SAINT-SEVERIN;rue Saint-Séverin;;;;;;;;;;;;;;;;Voir : Corderies (cul-de-sac des).;;;;;;;;;
;1272;impasse;du;Sapin Fourchu;IMPASSE DU SAPIN FOURCHU;impasse du Sapin Fourchu;;;;;;;;;;;;;;;;Voir : Belle Avoine (Cul-de-sac).;;;;;;;;;
;1290;ruelle;;Sans Chef dite des Étuves;RUELLE SANS CHEF DITE DES ETUVES;ruelle Sans Chef dite des Étuves;;;;;;;;;;;;;;;;Actuellement imp. des Peintres.;;;;;;;;;
;1295;cul-de-sac;;sans Chef;CUL-DE-SAC SANS CHEF;cul-de-sac sans Chef;;;;;;;;;;;;;;;;Actuellement rue Censier.;;;;;;;;;
;1330;impasse;;Sainte-Marine;IMPASSE SAINTE-MARINE;impasse Sainte-Marine;04e;;1865-05-22;;Notre-Dame;;;;;rue d'Arcole.;;;;;;Supprimée par le redressement de la rue d'Arcole (décret du 22 mai 1865). Il était situé au début du pas. Sainte-Marine (Supprimé.). Autrefois ruelle Sainte-Marine puis cul-de-sac Sainte-Marine.;;;;;;;;;
;1829;rue;;Saint-Bernard;RUE SAINT-BERNARD;rue Saint-Bernard;;;;;;;;;;;;;;;;Actuellement rue des Grands Degrés.;;;;;;;;;
;1848;sentier;;Saint-Antoine;SENTIER SAINT-ANTOINE;sentier Saint-Antoine;12e;;1868-08-10;;Bel-Air;;;;;;;;;;;Dénommé rue Sibuet par décret impérial du 10 août 1868. Actuellement rues Sibuet et de Toul.;;;Dit aussi chemin de Saint-Antoine;;;;;;
;1627;cul-de-sac;;Saint-Lazare;CUL-DE-SAC SAINT-LAZARE;cul-de-sac Saint-Lazare;;;;;;;;;;;;;;;;Supprimé. Il était situé dans la rue du Faubourg Saint-Denis, à la hauteur de la rue de Strasbourg.;;;;;;;;;
;1665;place;;Saint-Jacques la Boucherie;PLACE SAINT-JACQUES LA BOUCHERIE;place Saint-Jacques la Boucherie;;;;;;;;;;;;;;;;Supprimée par l'ouverture de la rue de Rivoli. Elle était située rue des Ecrivains et occupait l'emplacement de l'ancien cloître et d'une partie de l'ancienne église Saint-Jacques la Boucherie.;;;;;;;;;
;1669;grand'rue;;Saint-Jacques des Prêcheurs;GRAND'RUE SAINT-JACQUES DES PRECHEURS;grand'rue Saint-Jacques des Prêcheurs;;;;;;;;;;;;;;;;Actuellement rue Saint-Jacques.;;;;;;;;;
;1678;petite rue;;Saint-Jacques;PETITE RUE SAINT-JACQUES;petite rue Saint-Jacques;;;;;;;;;;;;;;;;Voir : Orangerie (rue de l').;;;;;;;;;
;1680;grand'rue;;Saint-Jacques;GRAND'RUE SAINT-JACQUES;grand'rue Saint-Jacques;;;;;;;;;;;;;;;;Actuellement rue Saint-Jacques.;;;;;;;;;
;1694;porte;;Saint-Honoré;PORTE SAINT-HONORE;porte Saint-Honoré;;;;;;;;;;;;;;;;Vers l'an 1200, elle était en face de l'église de l'Oratoire. En 1260, on l'appelait porte aux Aveugles. Elle a été reportée sous Charles V au droit de la rue du Rempart (Supprimé. lors de la création de la place du Théâtre Français). En 1631, elle a été édifiée près de la rue Royale.;;;;;;;;;
;1729;porte;;Saint-Germain;PORTE SAINT-GERMAIN;porte Saint-Germain;;;;;;;;;;;;;;;;Voir : Buci (porte de).;;;;;;;;;
;1776;place;;Saint-Denis de la Chartre;PLACE SAINT-DENIS DE LA CHARTRE;place Saint-Denis de la Chartre;;;;;;;;;;;;;;;;Actuellement partie de la place Louis Lépine et de la rue de la Cité.;;;;;;;;;
;2010;rue;du;Roussillon;RUE DU ROUSSILLON;rue du Roussillon;12e;;;;Bercy;;;;;;;;;;;Supprimée. Voie située dans les entrepôts de Bercy.;;;;;Province de Rance où se fait un grand commerce de vins.;;;;
;2181;rue;du;Renard Qui Prêche;RUE DU RENARD QUI PRECHE;rue du Renard Qui Prêche;;;;;;;;;;;;;;;;Actuellement rue du Renard.;;;;;;;;;
;2190;rue;des;Remparts;RUE DES REMPARTS;rue des Remparts;03e;;;;Arts et Metiers;;;;;;;;;;;Actuellement rue Meslay.;;;;;;;;;
;2202;quai;de la;Reine Marguerite;QUAI DE LA REINE MARGUERITE;quai de la Reine Marguerite;;;;;;;;;;;;;;;;Actuellement quai Malaquais.;;;;;;;;;
;2118;rue;;Richebourc;RUE RICHEBOURC;rue Richebourc;;;;;;;;;;;;;;;;Actuellement rue de Marengo.;;;;;;;;;
;2123;rue;;Richard le Harpeur;RUE RICHARD LE HARPEUR;rue Richard le Harpeur;;;;;;;;;;;;;;;;Voir : Vieille Bouclerie (rue de la).;;;;;;;;;
;1881;place;aux;Sainctyons;PLACE AUX SAINCTYONS;place aux Sainctyons;;;;;;;;;;;;;;;;Voir : Vieille Place aux Veaux (rue de la).;;;;;;;;;
19;1904;rue;;Ruty;RUE RUTY;rue Ruty;12e;1867-03-02;1912-07-16;;Bel-Air;;;;;;;;;;;Dénommée rue Marsoulan par arrêté préfectoral du 16 juillet 1912 approuvé par décret présidentiel du 26 août 1912.;Décret impérial du 2 mars 1867.;;;;;;;;
;1914;passage;de la;Rue au Maire;PASSAGE DE LA RUE AU MAIRE;passage de la Rue au Maire;;;;;;;;;;;;;;;;Actuellement rue Beaubourg. On l'appelait aussi pas. Bailly.;;;;;;;;;
;1941;route;;Nationale N° 3;ROUTE NATIONALE N? 3;route Nationale N° 3;;;;;;;;;;;;;;;;Actuellement av. Jean Jaurès et de la Porte de Pantin.;;;;;;;;;
;1950;route;;Départementale N° 9 Bis;ROUTE DEPARTEMENTALE N? 9 BIS;route Départementale N° 9 Bis;;;;;;;;;;;;;;;;Actuellement rue du Caporal Peugeot.;;;;;;;;;
;1964;route;;Départementale N° 48;ROUTE DEPARTEMENTALE N? 48;route Départementale N° 48;;;;;;;;;;;;;;;;Actuellement partie de la rue de Bercy.;;;;;;;;;
;1987;route;;Départementale N° 22;ROUTE DEPARTEMENTALE N? 22;route Départementale N° 22;;;;;;;;;;;;;;;;Actuellement partie de la rue de Crimée.;;;;;;;;;
;7330;rue;;Centier;RUE CENTIER;rue Centier;;;;;;;;;;;;;;;;Actuellement partie de la rue du Sentier.;;;;;;;;;
;7987;sente;des;Beaux Murs;SENTE DES BEAUX MURS;sente des Beaux Murs;;;;;;;;;;;;;;;;Supprimé. Elle commençait rue Saint-Vincent et finissait en impasse.;;;;;;;;;
;8614;rue;;Alexandri Anglici;RUE ALEXANDRI ANGLICI;rue Alexandri Anglici;;;;;;;;;;;;;;;;Voir : Paon (rue du).;;;;;;;;;
;8710;impasse;des;Acacias;IMPASSE DES ACACIAS;impasse des Acacias;;;;;;;;;;;;;;;;Actuellement villa Guizot.;;;;;;;;;
;7453;porte;du;Calvaire;PORTE DU CALVAIRE;porte du Calvaire;;;;;;;;;;;;;;;;Voir : Saint-Louis (porte).;;;;;;;;;
;7459;rue;de la;Calande;RUE DE LA CALANDE;rue de la Calande;;;;;;;;;;;;;;;;Voir : Calandre (rue de la).;;;;;;;;;
;8736;rue;;Abel Laurent;RUE ABEL LAURENT;rue Abel Laurent;12e;;;;Bercy;;;;;;;;;;;Supprimée. Voie située dans les anciens entrepôts de Bercy.;;;;;Entrepôts de M. Abel Laurent.;;;;
;7471;rue;de;Cadix;RUE DE CADIX;rue de Cadix;;;;;;;;;;;;;;;;Actuellement rue Goethe.;;;;;;;;;
;7491;voie;;BV/12;VOIE BV/12;voie BV/12;12e;;1993-02-11;;Bercy;;;;;;;;;;;Dénommée avenue des Terroirs de France par arrêté municipal du 11 février 1993.;;;;;;;;;
;8164;place;de la;Barrière de Charenton;PLACE DE LA BARRIERE DE CHARENTON;place de la Barrière de Charenton;12e;;1864-12-30;;Bercy, Picpus;;;;;;;;;;;Dénommée parties des boulevard de Reuilly et de Bercy par arrêté préfectoral du 30 décembre 1864.;;;;;;;;;
;8178;rue;;Barrée;RUE BARREE;rue Barrée;;;;;;;;;;;;;;;;Actuellement rue de l'Ave Maria.;;;;;;;;;
;7544;impasse;;Brunetaud;IMPASSE BRUNETAUD;impasse Brunetaud;;;;;;;;;;;;;;;;Actuellement imp. Tourneux.;;;;;;;;;
;8217;barrière;du;Banquet;BARRIERE DU BANQUET;barrière du Banquet;;;;;;;;;;;;;;;;Voir : Bassins (barrière des).;;;;;;;;;
;7560;passage;;Brière;PASSAGE BRIERE;passage Brière;;;;;;;;;;;;;;;;Supprimé. Il était situé entre les rues du Faubourg Saint-Antoine et de Montreuil.;;;;;;;;;
;7614;rue;;Bouttebrie;RUE BOUTTEBRIE;rue Bouttebrie;;;;;;;;;;;;;;;;Actuellement rue Boutebrie.;;;;;;;;;
;6948;rue;du;Cheval Vert;RUE DU CHEVAL VERT;rue du Cheval Vert;;;;;;;;;;;;;;;;Actuellement rue des Irlandais.;;;;;;;;;
;6950;ruelle;du;Cheval Blanc;RUELLE DU CHEVAL BLANC;ruelle du Cheval Blanc;;;;;;;;;;;;;;;;Supprimé. Elle était située dans l'île de la Cité, entre la rue Saint-Christophe et la rue des Trois Canettes.;;;;;;;;;
;6951;passage;;Chevajoux;PASSAGE CHEVAJOUX;passage Chevajoux;;;;;;;;;;;;;;;;Supprimé. Il était situé entre la rue du Faubourg Saint-Antoine et la rue de Montreuil.;;;;;;;;;
;4974;;;Heurt du Port aux Passeurs;HEURT DU PORT AUX PASSEURS;Heurt du Port aux Passeurs;;;;;;;;;;;;;;;;Actuellement quai Malaquais.;;;;;;;;;
;4998;rue;;Hérambourg la Tréfelière;RUE HERAMBOURG LA TREFELIERE;rue Hérambourg la Tréfelière;;;;;;;;;;;;;;;;Actuellement rue de Venise.;;;;;;;;;
;5608;rue;des;Fossés Saint-Michel;RUE DES FOSSES SAINT-MICHEL;rue des Fossés Saint-Michel;;;;;;;;;;;;;;;;Actuellement partie de la rue Malebranche.;;;;;;;;;
;5631;rue;des;Fossés;RUE DES FOSSES;rue des Fossés;;;;;;;;;;;;;;;;Actuellement partie de la rue Malebranche.;;;;;;;;;
;6299;quai;;Desaix;QUAI DESAIX;quai Desaix;04e;;1873-11-10;;Notre-Dame;;;;;;;;;;;Dénommé quai de la Cité par arrêté préfectoral du 10 novembre 1873. Actuellement partie du quai de la Corse.;;;;;;;;;
;5664;chemin de ronde;de;Fontarabie;CHEMIN DE RONDE DE FONTARABIE;chemin de ronde de Fontarabie;11e;;1864-12-30;;Roquette;;;;;;;;;;;Dénommé parties du boulevard de Charonne et du boulevard de Ménilmontant par arrêté préfectoral du 30 décembre 1864.;;;;;;;;;
;6363;rue;;Dauphine;RUE DAUPHINE;rue Dauphine;;;;;;;;;;;;;;;;Actuellement rue de Seine.;;;;;;;;;
;6366;petite rue;;Dauphine;PETITE RUE DAUPHINE;petite rue Dauphine;;;;;;;;;;;;;;;;Actuellement partie de la rue Dauphine.;;;;;;;;;
;6373;passage;;Daudin;PASSAGE DAUDIN;passage Daudin;;;;;;;;;;;;;;;;Actuellement rue Jean Daudin.;;;;;;;;;
;7044;rue;de la;Chaumière;RUE DE LA CHAUMIERE;rue de la Chaumière;;;;;;;;;;;;;;;;Actuellement rue de Bourbon le Château.;;;;;;;;;
;5706;barrière;de la;Folie-Regnault;BARRIERE DE LA FOLIE-REGNAULT;barrière de la Folie-Regnault;;;;;;;;;;;;;;;;Voir : Aunay (barrière d').;;;;;;;;;
;5718;cul-de-sac;de la;Foire;CUL-DE-SAC DE LA FOIRE;cul-de-sac de la Foire;;;;;;;;;;;;;;;;Voir : Quatre Vents (imp. des).;;;;;;;;;
;6384;pont ou passerelle;;Damiette;PONT OU PASSERELLE DAMIETTE;pont ou passerelle Damiette;;;;;;;;;;;;;;;;Supprimé. II était situé à l'extrémité de l'île Louvier et joignait le quai d'Anjou au quai des Célestins.;;;;;;;;;
;7089;rue;du;Chastel;RUE DU CHASTEL;rue du Chastel;;;;;;;;;;;;;;;;Ou Chastelet. Voir : Saint-Leufroi (rue).;;;;;;;;;
;7097;passage;des;Chartreux;PASSAGE DES CHARTREUX;passage des Chartreux;;;;;;;;;;;;;;;;Supprimé. pour l'agrandissement des Halles Centrales. Il allait de la rue de la Tonnellerie (Supprimé.) à la rue Traînée (Supprimé.).;;;;;;;;;
;5088;voie;de la;Halle;VOIE DE LA HALLE;voie de la Halle;;;;;;;;;;;;;;;;Voir : Brave (rue du).;;;;;;;;;
;5104;cul-de-sac;;Guy d'Auxerre;CUL-DE-SAC GUY D'AUXERRE;cul-de-sac Guy d'Auxerre;;;;;;;;;;;;;;;;Voir : Monnaie (petite rue ou rue de la).;;;;;;;;;
;6451;impasse;;Croulebarbe;IMPASSE CROULEBARBE;impasse Croulebarbe;;;;;;;;;;;;;;;;Elle a été absorbée par la rue Barrault.;;;;;;;;;
19;11315;place;de l';Hôtel de Ville;PLACE DE L'HOTEL DE VILLE;place de l'Hôtel de Ville;04e;1803-03-19;2013-04-23;;Saint-Merri;;155;82;91B3,91B4;quai de Gesvres, 2, et quai de l'Hôtel de Ville.;rue de Rivoli, 31.;;11;Non retenus au POS et non repris au PLU : Décret du 19 février 1853 (UP) à partir d'un point situé à 7,50 m environ du quai de Gesvres, sauf sur une longueur de 15 m environ à partir d'un point situé à 20 m du même quai, partie régie par le décret du 29 juillet 1854.;Les immeubles bordant la place du côté ouest sont assujettis à une servitude d'architecture.;Elle existait au commencement du XIIe siècle, sous le nom de place de Grève. Pendant la Révolution, elle s'est appelée place de la Maison Commune. Actuellement dénommée place de l'Hôtel de Ville-esplanade de la Libération;Arrêté du 28 ventôse an XI.;;Place ornée de parterres.;;Place située devant l'Hôtel de Ville.;;;;
21;240;voie;;X/11;VOIE X/11;voie X/11;11e;2002-06-07;2003-11-13;;Roquette;;;;;;;;;;;Actuellement partie de la cité de Phalsbourg.;Décision de numérotage du 7 juin 2002;;;;;;;;
;326;voie;;Q/11;VOIE Q/11;voie Q/11;11e;;1999-12-30;;Folie-Méricourt;;;;;;;;;;;Dénommée villa du Clos de Malevart par arrêté municipal du 30 décembre 1999.;;;;;;;;;
21;189;voie;;Y/11;VOIE Y/11;voie Y/11;11e;2005-01-01;2007-07-17;;Sainte-Marguerite;;18;8;93D2, 94C1;impasse Cesselin, 15.;cité de l'Ameublement, 13.;;;;;Dénommée partie de la rue Cesselin par arrêté municipal du 17 juillet 2007.;;;;;;;;;
;15616;rue;du;Port;RUE DU PORT;rue du Port;12e;;;;Bercy;;;;;;;;;;;Devenue partie du quai de Bercy.;;;;;;;;;
;15430;quai;de l';Arsenal;QUAI DE L'ARSENAL;quai de l'Arsenal;;;;;;;;;;;;;;;;;;;;;;;;;
;627;passage;des;Vertus;PASSAGE DES VERTUS;passage des Vertus;;;;;;;;;;;;;;;;Supprimé. Il conduisait de la rue des Vertus, 5, au cul-de-sac de Rome.;;;;;;;;;
;631;voie;;Verte;VOIE VERTE;voie Verte;12e;;1933-05-10;;Bel-Air;;;;;boulevard Carnot.;à la limite extérieure de l'enceinte fortifiée;;;;;Dénommée rue Furetière par arrêté préfectoral du 10 mai 1933. Voie comprise dans l'ancienne zone militaire annexée à Paris par décret du 18 avril 1929.;;;;;;;;;
;374;rue;de l';Yonne;RUE DE L'YONNE;rue de l'Yonne;12e;;;;Bercy;;;;;quai de Bercy.;rue de Bercy;;;;;Supprimée. Voie intégrée dans les anciens entrepôts de Bercy en 1877.;;;;;Affluent de la Seine;;;;
;452;impasse;;Violet;IMPASSE VIOLET;impasse Violet;;;;;;;;;;;;;;;;Actuellement villa de Grenelle.;;;;;;;;;
;467;avenue;de;Vincennes;AVENUE DE VINCENNES;avenue de Vincennes;;;;;;;;;;;;;;;;Actuellement cours de Vincennes.;;;;;;;;;
;468;ruelle;des;Vinaigriers;RUELLE DES VINAIGRIERS;ruelle des Vinaigriers;;;;;;;;;;;;;;;;Supprimée lors de l'exécution du canal Saint-Martin. Elle commençait rue Carême Prenant et finissait rue de la Grange aux Belles. Elle a été appelée, jusqu'au début du XIXe siècle, ruelle de la Maladrerie.;;;;;;;;;
;520;rue;des;Vignes;RUE DES VIGNES;rue des Vignes;;;;;;;;;;;;;;;;Voir : Cholets (rue des).;;;;;;;;;
;535;place;du;Vieux Marché Saint-Martin;PLACE DU VIEUX MARCHE SAINT-MARTIN;place du Vieux Marché Saint-Martin;;;;;;;;;;;;;;;;Supprimée par l'ouverture de la rue de Turbigo. Elle occupait l'emplacement de l'ancien marché Saint-Martin à l'extrémité de la rue Royale (Actuellement partie de la rue Réaumur).;;;;;;;;;
;555;rue;des;Vieilles Garnisons;RUE DES VIEILLES GARNISONS;rue des Vieilles Garnisons;;;;;;;;;;rue du Tourniquet Saint-Jean (supprimée).;rue de la Tixeranderie (supprimée).;;;;;Supprimée par l'agrandissement de l'Hôtel de Ville. Au XIIIe siècle, rue Marteret, du Martrai, du Martroi Saint-Jean. En 1448, rue des Garnisons. Sauval dit qu'on l'a appelée rue Jehan Savary. Jaillot croit la reconnaître sous le nom de Simon Bade dans un compte de 1443. Elle a aussi été appelée rue du Saint-Esprit.;;;;;;;;;
;595;rue;de la;Vieille Behaigne;RUE DE LA VIEILLE BEHAIGNE;rue de la Vieille Behaigne;;;;;;;;;;;;;;;;Voir : Orléans Saint-Honoré (rue d').;;;;;;;;;
;775;rue;de l';Université au Gros Caillou;RUE DE L'UNIVERSITE AU GROS CAILLOU;rue de l'Université au Gros Caillou;;;;;;;;;;;;;;;;Actuellement partie de la rue de l'Université.;;;;;;;;;
;934;rue;du;Traihoir;RUE DU TRAIHOIR;rue du Traihoir;;;;;;;;;;;;;;;;Ou Traihouer. Actuellement partie de la rue Saint-Honoré.;;;;;;;;;
;4453;rue;;Lenoir au Faubourg Saint-Antoine;RUE LENOIR AU FAUBOURG SAINT-ANTOINE;rue Lenoir au Faubourg Saint-Antoine;12e;;1868-04-02;;Quinze-Vingts;;;;;;;;;;;Dénommée partie de la rue d'Aligre par arrêté préfectoral du 2 avril 1868.;;;;;;;;;
;4433;cité;;Lesage;CITE LESAGE;cité Lesage;11e;;1877-02-01;;Roquette;;;;;;;;;;;Dénommée cité Lesage-Bullourde (supprimée) par arrêté préfectoral du 1er février 1877.;;;;;;;;;
;4435;rue;;Lequeux;RUE LEQUEUX;rue Lequeux;;;;;;;;;;;;;;;;Actuellement rue Gît-le-Coeur.;;;;;;;;;
;4551;rue;;Lacuée;RUE LACUEE;rue Lacuée;;;;;;;;;;;;;;;;Actuellement partie de l'avenue Ledru-Rollin.;;;;;;;;;
;4557;passage;;Lacharrière;PASSAGE LACHARRIERE;passage Lacharrière;11e;;;;Sainte-Marguerite;;;;;;;;;;;Actuellement rue Charrière.;;;;;;;;;
;4540;rue;des;Laitières;RUE DES LAITIERES;rue des Laitières;;;;;;;;;;;;;;;;Actuellement rue Watteau.;;;;;;;;;
;4329;rue;du;Louvre;RUE DU LOUVRE;rue du Louvre;;;;;;;;;;;;;;;;Voir : Autriche (rue d').;;;;;;;;;
;4346;place;;Louis XV;PLACE LOUIS XV;place Louis XV;;;;;;;;;;;;;;;;Actuellement place de la Concorde.;;;;;;;;;
;4351;rue;;Louis-Philippe;RUE LOUIS-PHILIPPE;rue Louis-Philippe;11e;;1867-02-26;;Roquette;;;;;;;;;;;Dénommée rue de Lappe par arrêté préfectoral du 26 février 1867.;;;;;;;;;
;7644;rue;;Bourg de Brie;RUE BOURG DE BRIE;rue Bourg de Brie;;;;;;;;;;;;;;;;Actuellement rue Boutebrie.;;;;;;;;;
;7675;rue;du;Boulloy;RUE DU BOULLOY;rue du Boulloy;;;;;;;;;;;;;;;;Ou Boullouer. Voir : Boullouer (rue du).;;;;;;;;;
;8301;rue;d';Averon;RUE D'AVERON;rue d'Averon;;;;;;;;;;;;;;;;Actuellement rue Bailleul.;;;;;;;;;
;8302;passage;de l';Avenir;PASSAGE DE L'AVENIR;passage de l'Avenir;;;1941-12-31;;;;;;;;;;;;;Supprimé en 1941. Commençait av. de la Porte d'Ivry, finissait av. de la Porte de Choisy.;;;;;;;;;
;7712;rue;;Boucherat;RUE BOUCHERAT;rue Boucherat;;;1851-03-11;;;;;;;;;;;;;Dénommée partie de la rue Saint-Louis par arrêté préfectoral du 11 mars 1851. Actuellement partie de la rue de Turenne.;;;;;;;;;
;7727;cité;;Borey;CITE BOREY;cité Borey;;;;;;;;;;;;;;;;"Absorbée en partie par la rue des Plâtrières ; le surplus a été supprimé. Elle était située entre l'imp. des Carrières et le pas. Saint-Louis.";;;;;;;;;
;8326;cour;;Auris;COUR AURIS;cour Auris;;;;;;;;;;;;;;;;Voir : Opéra (cul-de-sac de l').;;;;;;;;;
;8344;ruelle;;Augustine;RUELLE AUGUSTINE;ruelle Augustine;;;;;;;;;;;;;;;;Ou Augustin. Actuellement rue des Trois Portes.;;;;;;;;;
;7748;carrefour;du;Bonnet Rouge;CARREFOUR DU BONNET ROUGE;carrefour du Bonnet Rouge;;;;;;;;;;;;;;;;Actuellement carrefour de la Croix Rouge.;;;;;;;;;
;7756;cité;;Bon Secours;CITE BON SECOURS;cité Bon Secours;11e;;;;Roquette;;;;;rue de Charonne, 99.;;;;;;Supprimée;;;;;Emplacement de l'ancien hôpital de Bon Secours.;;;;
20;8350;avenue;;Auguste Pavie;AVENUE AUGUSTE PAVIE;avenue Auguste Pavie;12e;1936-02-03;;;Picpus;;;;;;;;;;;Nom attribué par arrêté du 3 février 1936 à une voie qui avait été projetée à la limite sud du bastion 4. Elle devait aboutir rue Ferdinand de Béhagle.;Arrêté préfectoral du 3 février 1936;;;;;;;;
;8376;rue;des;Assis;RUE DES ASSIS;rue des Assis;;;;;;;;;;;;;;;;Actuellement partie de la rue Saint-Martin.;;;;;;;;;
;8389;rue;des;Arts;RUE DES ARTS;rue des Arts;;;;;;;;;;;;;;;;Supprimée par l'ouverture du boul. de Sébastopol. Elle était comprise dans l'enclos de la Trinité, autrefois situé rue Saint-Denis, entre la rue Greneta et le pas. Basfour. Elle conduisait de la rue des Métiers à la rue de la Laiterie. En 1790, elle portait le nom de rue Saint-Michel.;;;;;;;;;
;8438;rue;de l';Archet Saint-Merri;RUE DE L'ARCHET SAINT-MERRI;rue de l'Archet Saint-Merri;;;;;;;;;;;;;;;;Actuellement partie de la rue Saint-Martin.;;;;;;;;;
;8443;rue;de l';Arche Pépin;RUE DE L'ARCHE PEPIN;rue de l'Arche Pépin;;;;;;;;;;;;;;;;Supprimée par l'élargissement du quai de la Mégisserie. Elle commençait rue Saint-Germain l'Auxerrois et aboutissait à la rivière en passant sous le quai de la Mégisserie. Ouverte sur une propriété ayant appartenu à Jean Popin (XIIe siècle). Elle a porté le nom de rue de l'Abreuvoir Popin ou Paupin.;;;;;;;;;
;7909;rue;;Berneuse;RUE BERNEUSE;rue Berneuse;;;;;;;;;;;;;;;;Ou Breneuse. Voir : Beurrière (rue).;;;;;;;;;
19;8517;rue;d';Angoulême;RUE D'ANGOULEME;rue d'Angoulême;11e;1894-12-28;1945-07-07;;Folie-Méricourt;;;;;;;;;;;Dénommée rue Jean-Pierre Timbaud par arrêtés du 7 juillet 1945 et du 18 décembre 1944.;Lettres patentes du 13 octobre 1781. Arrêté préfectoral du 28 décembre 1894.;;;;;;;;
;8525;cul-de-sac;des;Anglais;CUL-DE-SAC DES ANGLAIS;cul-de-sac des Anglais;03e;;1867-02-26;;Sainte-Avoye;;;;;;;;;;;Dénommé impasse Beaubourg par arrêté préfectoral du 26 février 1867.;;;;;;;;;
;8526;cour;des;Anglais;COUR DES ANGLAIS;cour des Anglais;;;;;;;;;;;;;;;;Voir : Maure (rue du).;;;;;;;;;
;8549;rue;;Anatole Loudin;RUE ANATOLE LOUDIN;rue Anatole Loudin;;;;;;;;;;;;;;;;Supprimé. par la construction des Abattoirs de la rive gauche. Commençait passage Carlier (Supprimé), finissait rue Latérale (Supprimé).;;;;;;;;;
;7243;rue;du;Champ Petit;RUE DU CHAMP PETIT;rue du Champ Petit;;;;;;;;;;;;;;;;Actuellement rue du Jardinet.;;;;;;;;;
;7260;rue;du;Champ de la Boucherie;RUE DU CHAMP DE LA BOUCHERIE;rue du Champ de la Boucherie;;;;;;;;;;;;;;;;Ou Champ des Bouchers (rue du). Actuellement partie de la rue Grégoire de Tours.;;;;;;;;;
;4210;galerie;;Mandar;GALERIE MANDAR;galerie Mandar;;;;;;;;;;;;;;;;Voir : Saumon (pas. du).;;;;;;;;;
20;15263;cour;;Nicolaï;COUR NICOLAI;cour Nicolaï;12e;1963-12-17;;;Bercy;;;;;;;;;;;Précédemment rue Nicolaï et antérieurement partie de la rue de la Grange aux Merciers. Supprimé. Était située dans les entrepôts de Bercy. Son emprise a été intégré dans l'avenue du Terroirs de France.;Arrêté préfectoral du 17 décembre 1963.;;;;Voisinage de l'ancien château de Bercy qui appartenait à la famille Nicolaï.;;;;
;15276;passage;;Sainte-Croix de la Bretonnerie;PASSAGE SAINTE-CROIX DE LA BRETONNERIE;passage Sainte-Croix de la Bretonnerie;04e;;1909-12-31;;Saint-Merri;;115;6,5;91B2;rue des Archives, 13.;rue Sainte-Croix de La Bretonnerie, 35.;8;13;;;"La partie ayant son entrée rue Sainte-Croix de la Bretonnerie a été construite en 1810 sur l'emplacement de la maison des chanoines de Sainte-Croix de la Bretonnerie. L'autre partie, donnant sur la rue des Archives, existait dès le XVIIe siècle ; elle a porté les noms de cul-de-sac des Billettes, puis de cul-de-sac Sainte-Croix. Dénommé square Sainte-Croix de la Bretonnerie en 1909";;;;;Voisinage de la rue Sainte-Croix de la Bretonnerie. Communauté des chanoines de Sainte-Croix, dits de la Bretonnerie, parce qu'ils s'établirent au XIIIe siècle dans cette rue, nommée la Bretonnerie ou le champ aux Bretons.;;Arrêté municipal du 24 août 1995.;;
;5263;rue;;Grand Barizerie;RUE GRAND BARIZERIE;rue Grand Barizerie;;;;;;;;;;;;;;;;Actuellement boul. du Palais.;;;;;;;;;
;5905;rue;;Étienne Marcel Prolongée;RUE ETIENNE MARCEL PROLONGEE;rue Étienne Marcel Prolongée;03e;;1954-02-03;;Archives;;;;;;;;;;;Dénommée rue Roger Verlomme par arrêté préfectoral du 3 février 1954;;;;;;;;;
;5914;rue;de l';Estable du Cloître;RUE DE L'ESTABLE DU CLOITRE;rue de l'Estable du Cloître;;;;;;;;;;;;;;;;Voir : Taille-Pain (rue).;;;;;;;;;
;6618;passage;;Corby;PASSAGE CORBY;passage Corby;;;;;;;;;;;;;;;;Supprimé. en 1876. Il allait de la rue de Richelieu n° 10 à la rue de Montpensier.;;;;;;;;;
;4630;rue;de la;Juiverie Saint-Bon;RUE DE LA JUIVERIE SAINT-BON;rue de la Juiverie Saint-Bon;04e;;;;Saint-Merri;;;;;;;;;;;Actuellement rue de la Tacherie.;;;;;;;;;
;4645;rue;des;Jugleours;RUE DES JUGLEOURS;rue des Jugleours;;;;;;;;;;;;;;;;Ou Jugleurs. Voir : Jugleurs (rue des).;;;;;;;;;
;4652;rue;de;Jouy;RUE DE JOUY;rue de Jouy;04e;;;;Saint-Gervais;;;;;;;;;;;Actuellement rue Charlemagne.;;;;;;;;;
;5951;rue;;Eremburgis de Bria;RUE EREMBURGIS DE BRIA;rue Eremburgis de Bria;;;;;;;;;;;;;;;;Actuellement rue Boutebrie.;;;;;;;;;
;5971;passage;de l';Entreprise;PASSAGE DE L'ENTREPRISE;passage de l'Entreprise;;;;;;;;;;;;;;;;Actuellement rue de l'Escaut.;;;;;;;;;
;6648;rue;de la;Convention;RUE DE LA CONVENTION;rue de la Convention;;;;;;;;;;;;;;;;Actuellement partie de la rue Saint-Roch.;;;;;;;;;
19;6665;avenue;de;Constantine;AVENUE DE CONSTANTINE;avenue de Constantine;04e;1865-05-22;1880-10-23;;Notre-Dame;;;;;;;;;;;Dénommée rue de Lutèce par arrêté préfectoral du 23 octobre 1880. Actuellement rue de Lutèce et partie de la place Louis Lépine.;Décret impérial du 22 mai 1865. Précédemment rue de Constantine.;;;;;;;;
;4676;passage;;Jobert;PASSAGE JOBERT;passage Jobert;;;;;;;;;;;;;;;;Actuellement partie de la rue Belliard et partie de la rue des Tennis.;;;;;;;;;
;6001;passage;de l';Empereur;PASSAGE DE L'EMPEREUR;passage de l'Empereur;;;;;;;;;;;;;;;;Supprimé par l'ouverture de la rue de Rivoli. Il conduisait de la rue Saint-Denis à la rue de la Vieille Harengerie (Supprimé.).;;;;;;;;;
;4705;rue;;Jehan de Fontenoy;RUE JEHAN DE FONTENOY;rue Jehan de Fontenoy;;;;;;;;;;;;;;;;Actuellement partie de la rue Serpente.;;;;;;;;;
;4720;rue;;Jean Sarrazin;RUE JEAN SARRAZIN;rue Jean Sarrazin;;;;;;;;;;;;;;;;Actuellement rue Pierre Sarrazin.;;;;;;;;;
;5399;rue;;Gaugai;RUE GAUGAI;rue Gaugai;;;;;;;;;;;;;;;;Ou Gaugain. Actuellement rue de l'Eperon.;;;;;;;;;
;5401;sentier de traverse;des;Gâtines;SENTIER DE TRAVERSE DES GATINES;sentier de traverse des Gâtines;;;;;;;;;;;;;;;;Actuellement rue du Cher et rue du Cambodge.;;;;;;;;;
;6032;rue;de l';Égyptienne;RUE DE L'EGYPTIENNE;rue de l'Égyptienne;;;;;;;;;;;;;;;;Actuellement rue de la Jussienne.;;;;;;;;;
;6046;ruelle;de l';Égout;RUELLE DE L'EGOUT;ruelle de l'Égout;;;;;;;;;;;;;;;;Ou de l'Egout Saint-Nicolas. Actuellement partie de la rue de Provence.;;;;;;;;;
;6750;rue;du;Col de Bacon;RUE DU COL DE BACON;rue du Col de Bacon;;;;;;;;;;;;;;;;Voir : Courbaton (imp.).;;;;;;;;;
;6758;impasse;du;Coeur Volant;IMPASSE DU COEUR VOLANT;impasse du Coeur Volant;;;;;;;;;;;;;;;;Voir : Croix Boissière (imp. de la).;;;;;;;;;
;6767;rue;;Cocatrix;RUE COCATRIX;rue Cocatrix;04e;;1865-05-22;;Notre-Dame;;;;;rue Saint-Pierre aux Boeufs (Supprimée).;rue des Trois Canettes (Supprimée);;;;;Supprimée par l'ouverture de la rue d'Arcole (décret du 22 mai 1865). On l'a aussi nommée cour Ferri.;;;;;;;;;
;4760;rue;;Jean de l'Épine;RUE JEAN DE L'EPINE;rue Jean de l'Épine;04e;;;;Saint-Merri;;;;;;;;;;;Supprimée par l'ouverture de la rue de Rivoli. Elle conduisait de la rue de la Vannerie (Supprimé.) à la rue de la Coutellerie et s'est appelée rue du Carrefour Guilleri. Au XVe siècle, on la nommait rue Philippe de l'Epine. Elle aurait, d'après Sauval, porté le nom de rue de la Tonnellerie.;;;;;;;;;
;4770;impasse;;Jean Bouton;IMPASSE JEAN BOUTON;impasse Jean Bouton;;;;;;;;;;;;;;;;Actuellement rue Jean Bouton.;;;;;;;;;
;4775;impasse;;Javotte;IMPASSE JAVOTTE;impasse Javotte;;;;;;;;;;;;;;;;Supprimé. par l'ouverture de la rue Gustave Flaubert. Elle commençait rue Rennequin, 14.;;;;;;;;;
;5412;rue;;Garnier Maufet;RUE GARNIER MAUFET;rue Garnier Maufet;;;;;;;;;;;;;;;;Voir : Sainte-Catherine (rue).;;;;;;;;;
;6070;place;de l';Église;PLACE DE L'EGLISE;place de l'Église;12e;;1867-02-26;;Bercy;;;;;;;;;;;Dénommée place de la Nativité par arrêté préfectoral du 26 février 1867. Actuellement place Lachambeaudie.;;;;;;;;;
;6091;ruelle;de l';Écu de France;RUELLE DE L'ECU DE FRANCE;ruelle de l'Écu de France;;;;;;;;;;;;;;;;Supprimé. Elle allait de la rue de la Pelleterie à la rivière.;;;;;;;;;
;5464;chaussée;de;Gaillon;CHAUSSEE DE GAILLON;chaussée de Gaillon;;;;;;;;;;;;;;;;Actuellement rue de la Chaussée d'Antin.;;;;;;;;;
;5465;carrefour;;Gaillon;CARREFOUR GAILLON;carrefour Gaillon;;;;;;;;;;;;;;;;Actuellement place Gaillon.;;;;;;;;;
;4855;rue;de l';Iraigne;RUE DE L'IRAIGNE;rue de l'Iraigne;;;;;;;;;;;;;;;;Voir : Triperie (rue de la).;;;;;;;;;
;4859;place;;Internationale;PLACE INTERNATIONALE;place Internationale;;;;;;;;;;;;;;;;Actuellement place Vendôme.;;;;;;;;;
;4863;quai;de l';Infante;QUAI DE L'INFANTE;quai de l'Infante;;;;;;;;;;;;;;;;Actuellement quai du Louvre.;;;;;;;;;
;5490;rue;du;Fumier;RUE DU FUMIER;rue du Fumier;;;;;;;;;;;;;;;;Actuellement rue Lacuée.;;;;;;;;;
;5496;barrière;de;Fructidor;BARRIERE DE FRUCTIDOR;barrière de Fructidor;;;;;;;;;;;;;;;;Voir : Clichy (barrière de).;;;;;;;;;
;5505;rue;;Froit Manteau;RUE FROIT MANTEAU;rue Froit Manteau;;;;;;;;;;;;;;;;Ou Froit Mantel (rue). Voir : Musée (rue du).;;;;;;;;;
;6141;voie;;D/11;VOIE D/11;voie D/11;11e;;1976-12-31;;Folie-Méricourt;;;;;boulevard de Belleville, 13;;;;;;Supprimée en 1976. Etait située boulevard de Belleville, 13.;;;;;;;;;
;4885;place;d';Iéna;PLACE D'IENA;place d'Iéna;;;;;;;;;;;;;;;;Actuellement place du Louvre.;;;;;;;;;
;4896;chemin;de la;Hutte aux Gardes;CHEMIN DE LA HUTTE AUX GARDES;chemin de la Hutte aux Gardes;;;;;;;;;;;;;;;;Actuellement rue Ganneron.;;;;;;;;;
;5559;barrière;;Franciade;BARRIERE FRANCIADE;barrière Franciade;;;;;;;;;;;;;;;;Voir : Saint-Denis (barrière).;;;;;;;;;
;6920;cour;des;Chiens;COUR DES CHIENS;cour des Chiens;;;;;;;;;;;;;;;;Actuellement pas. des Deux Soeurs.;;;;;;;;;
;5588;rue;du;Four Basset;RUE DU FOUR BASSET;rue du Four Basset;;;1730-12-31;;;;;;;;;;;;;Supprimée en 1730. Elle était située dans l'île de la Cité et communiquait de la rue de la Juiverie à la rue aux Fèves. En 1300, c'était la Petite Orberie. En 1313, la rue du Four Basset ou la ruelle de la Juiverie.;;;;;;;;;
;6243;cour;des;Deux Soeurs;COUR DES DEUX SOEURS;cour des Deux Soeurs;;;;;;;;;;;;;;;;Supprimé. vers 1870. Elle était située rue de Charonne, 24.;;;;;;;;;
;357;voie;;Z/12;VOIE Z/12;voie Z/12;12e;;1978-08-30;;Bel-Air;;;;;;;;;;;Dénommée rue Montesquiou-Fezensac par arrêté municipal du 30 août 1978.;;;;;;;;;
;281;voie;;DK/12;VOIE DK/12;voie DK/12;12e;;2002-01-01;;Quinze-Vingts;;;;;;;;;;;Supprimée en 2002. Voie inexistante.;;;;;;;;;
21;15678;voie;;ED/12;VOIE ED/12;voie ED/12;12e;2024-02-08;2025-10-10;;Bercy;;;;;voie EF/12, 2.;voie EE/12, 1.;4;3;;;Dénommée place Doris Lessing par délibération municipale des 7, 8, 9 et 10 octobre 2025.;Décision de numérotage du 8 février 2024.;;;;;;;;
;7983;porte;des;Béguines;PORTE DES BEGUINES;porte des Béguines;;;;;;;;;;;;;;;;Elle faisait partie de l'enceinte de Philippe-Auguste, et était située à l'extrémité de la rue des Barrés.;;;;;;;;;
;7335;passage;;Cendrier;PASSAGE CENDRIER;passage Cendrier;;;;;;;;;;;;;;;;Supprimé par la création des abords de l'Opéra. Il allait de la rue Basse du Rempart à la rue des Mathurins.;;;;;;;;;
;7358;rue;;Cauvain;RUE CAUVAIN;rue Cauvain;;;;;;;;;;;;;;;;Actuellement rue de l'Eperon.;;;;;;;;;
;8041;cité;;Bayvet;CITE BAYVET;cité Bayvet;11e;;1974-12-31;;Roquette;;115;10;;rue de la Roquette, 78.;;14;17;;;Supprimée en 1974. Précédemment cité Bois Halbran.;;;;;M. Bayvet, propriétaire du sol de la voie en 1891.;;;;
;8055;rue;de la;Baudroierie;RUE DE LA BAUDROIERIE;rue de la Baudroierie;;;;;;;;;;;;;;;;Actuellement partie de la rue Brisemiche.;;;;;;;;;
;8061;place;;Baudoyer;PLACE BAUDOYER;place Baudoyer;04e;;;;Saint-Gervais;;;;;;;;;;;"Une partie fait partie de la place Baudoyer actuelle. C'était un carrefour à la rencontre des rues de la Tixeranderie (Supprimé.), Saint-Antoine (partie absorbée par la rue François Miron) et des Barres. Elle a porté successivement les noms suivants : au XIIIe siècle, place et porte Baldaeri ou Balederii, place Baudeerii, Baudeti, Bauderia, Baudea ; En 1261, Porta Baudia, porte Baudéer, Baudier, Baudayer, Baudoyer (1366) ; on l'appela également place Baudacharius, Baudarius, Baudaire, Baudaier.";;;;;;;;;
;7438;passage;du;Canal Saint-Denis;PASSAGE DU CANAL SAINT-DENIS;passage du Canal Saint-Denis;;;;;;;;;;;;;;;;Supprimé. Etait situé boulevard Macdonald.;;;;;;;;;
;8133;rue;de la;Basoche;RUE DE LA BASOCHE;rue de la Basoche;;;;;;;;;;;;;;;;Actuellement rue Mazet.;;;;;;;;;
;805;chemin;de la;Tuilerie;CHEMIN DE LA TUILERIE;chemin de la Tuilerie;;;;;;;;;;;;;;;;Voir : Chasse Midi (rue du).;;;;;;;;;
;809;rue;des;Truyes;RUE DES TRUYES;rue des Truyes;;;;;;;;;;;;;;;;Actuellement imp. Berthaud. Voir aussi rue Geoffroy l'Angevin (imp. de la).;;;;;;;;;
;825;place;du;Trône;PLACE DU TRONE;place du Trône;11e, 12e;;1880-07-02;;Picpus, Sainte-Marguerite;;;;;;;;;;;Dénommée place de la Nation par arrêté préfectoral du 2 juillet 1880.;;;;;;;;;
;837;ruelle;des;Trois Poissons;RUELLE DES TROIS POISSONS;ruelle des Trois Poissons;;;;;;;;;;;;;;;;Supprimée. Elle aboutissait rue Saint-Germain l'Auxerrois, en face de la rue de la Saunerie. En 1336, ruelle Deniau le Breton. Elle s'est aussi appelée ruelle du Chevalier du Guet.;;;;;;;;;
;843;ruelle;des;Trois Maures;RUELLE DES TROIS MAURES;ruelle des Trois Maures;;;;;;;;;;;;;;;;Ou Trois Morts. Supprimé. Elle conduisait du quai de l'Hôtel de Ville à la rue de l'Hôtel de Ville.;;;;;;;;;
;894;rue;du;Tribunat;RUE DU TRIBUNAT;rue du Tribunat;;;;;;;;;;;;;;;;Ou Tribunal. Actuellement rue Cardinale.;;;;;;;;;
;743;chemin;du;Val des Larrons;CHEMIN DU VAL DES LARRONS;chemin du Val des Larrons;;;;;;;;;;;;;;;;Voir : Poissonnerie (rue de la).;;;;;;;;;
;745;rue;du;Val;RUE DU VAL;rue du Val;;;;;;;;;;;;;;;;Actuellement partie de la rue de Sévigné.;;;;;;;;;
;1198;rue;de la;Serpente;RUE DE LA SERPENTE;rue de la Serpente;;;;;;;;;;;;;;;;Ou Serpent. Voir : Serpent (rue de la).;;;;;;;;;
;1199;rue;;Serpente;RUE SERPENTE;rue Serpente;;;;;;;;;;;;;;;;Voir : Battoir Saint-André (rue du).;;;;;;;;;
;967;rue;de;Touraine au Marais;RUE DE TOURAINE AU MARAIS;rue de Touraine au Marais;;;1851-03-11;;;;;;;;;;;;;Dénommée partie de la rue de Saintonge par arrêté préfectoral du 11 mars 1851.;;;;;;;;;
;981;cul-de-sac;des;Tondeurs;CUL-DE-SAC DES TONDEURS;cul-de-sac des Tondeurs;;;;;;;;;;;;;;;;Ou Tondeur. Voir : Tondeur (cul-de-sac du).;;;;;;;;;
;997;rue;;Tison;RUE TISON;rue Tison;;;;;;;;;;;;;;;;Actuellement rue Jean Tison.;;;;;;;;;
;1023;rue;;Thimeray;RUE THIMERAY;rue Thimeray;;;;;;;;;;;;;;;;Actuellement rue Duguay-Trouin.;;;;;;;;;
;1038;passage;;Théruin;PASSAGE THERUIN;passage Théruin;11e;;;;Roquette;;110;5,5;;rue Mercoeur, 17.;rue Auguste Laurent, 10;20;15;;;Supprimé par l'aménagement de l'îlot.;;;;;M.Théruin, propriétaire;;;;
;1059;passage;du;Théâtre;PASSAGE DU THEATRE;passage du Théâtre;;;;;;;;;;;;;;;;Rue Neuve du Théâtre (Supprimé.).;;;;;;;;;
;1155;rue;de;Sorbonne;RUE DE SORBONNE;rue de Sorbonne;;;;;;;;;;;;;;;;Voir : Neuve de Richelieu (rue), Supprimé. par l'ouverture du boul. Saint-Michel.;;;;;;;;;
;1165;passage;du;Soleil d'Or;PASSAGE DU SOLEIL D'OR;passage du Soleil d'Or;;;;;;;;;;;;;;;;Voir : Cherbourg (galerie de).;;;;;;;;;
;1184;rue;du;Siège;RUE DU SIEGE;rue du Siège;;;;;;;;;;;;;;;;Actuellement rue des Déchargeurs.;;;;;;;;;
;1428;porte;;Sainte-Anne;PORTE SAINTE-ANNE;porte Sainte-Anne;;;;;;;;;;;;;;;;Démolie au XVIIIe siècle. Elle était située rue Poissonnière, près de la rue de la Lune. Elle fut construite en 1645 (enceinte de Louis XIII). Elle a aussi porté les noms de porte de la Poissonnerie, des Poissonniers ou Poissonnière.;;;;;;;;;
;1459;ruelle;;Saint-Sulpice;RUELLE SAINT-SULPICE;ruelle Saint-Sulpice;;;;;;;;;;;;;;;;Actuellement partie de la rue Bonaparte.;;;;;;;;;
;1507;rue;;Saint-Père;RUE SAINT-PERE;rue Saint-Père;;;;;;;;;;;;;;;;Voir : Férou (imp.).;;;;;;;;;
;1533;rue;;Saint-Nicolas;RUE SAINT-NICOLAS;rue Saint-Nicolas;;;;;;;;;;;;;;;;Actuellement rue Desgenettes.;;;;;;;;;
;1268;grande rue;;Sartine;GRANDE RUE SARTINE;grande rue Sartine;;;;;;;;;;;;;;;;Cette rue entourait la Halle aux Veaux, installée sur l'emplacement du jardin du couvent des Bernardins. Elle forme Actuellement une partie des rues de Poissy, de Pontoise et la rue Cochin. Elle a aussi porté le nom de place de la Halle aux Veaux.;;;;;;;;;
;1326;cloître;;Sainte-Opportune;CLOITRE SAINTE-OPPORTUNE;cloître Sainte-Opportune;;;;;;;;;;;;;;;;Supprimé. vers 1790. Il était situé entre la rue des Fourreurs (Supprimé.) et l'église Sainte-Opportune (Supprimé.).;;;;;;;;;
;1824;cour;;Saint-Charles;COUR SAINT-CHARLES;cour Saint-Charles;12e;;;;Picpus;;;;;rue de Reuilly, 55.;;;;;;Supprimée en 1978.;;;;;;;;Arrêté du 3 mai 1956.;
;1652;petite rue;;Saint-Jean de Latran;PETITE RUE SAINT-JEAN DE LATRAN;petite rue Saint-Jean de Latran;;;;;;;;;;;;;;;;Actuellement rue Magendie.;;;;;;;;;
;15605;boulevard;;Saint-Jacques;BOULEVARD SAINT-JACQUES;boulevard Saint-Jacques;;;1851-05-10;;;;;;;;;;;;;Dénommé boulevard d'Arcueil par arrêté préfectoral du 10 mai 1851. Actuellement partie du boulevard Saint-Jacques.;;;;;;;;;
19;408;rue;des;Vosges;RUE DES VOSGES;rue des Vosges;03e, 04e;1862-01-22;1893-12-26;;Archives, Arsenal;;;;;;;;;;;Dénommée rue du Pas de la Mule, partie de la place des Vosges et partie de la rue des Francs Bourgeois par arrêté préfectoral du 26 décembre 1893.;Arrêté préfectoral du 22 janvier 1862.;;;;;;;;
;502;ruelle;au;Villain;RUELLE AU VILLAIN;ruelle au Villain;;;;;;;;;;;;;;;;Voir : Cour au Villain (rue). Actuellement partie de la rue de Montmorency.;;;;;;;;;
;582;rue;de la;Vieille Draperie;RUE DE LA VIEILLE DRAPERIE;rue de la Vieille Draperie;04e;;;;Notre-Dame;;;;;;;;;;;Actuellement rue de Lutèce et une partie de la place Louis Lépine. Elle commençait rue de la Juiverie et finissait place du Palais de Justice. En 1293, rue de la Draperie. En 1313, rue de la Vieille Draperie. Sur le plan de Ducerceau (1555), rue de la Verrerie.;;;;;;;;;
;756;chemin;des;Vaches;CHEMIN DES VACHES;chemin des Vaches;;;;;;;;;;;;;;;;Actuellement partie de la rue Jean Nicot.;;;;;;;;;
;761;carrefour;aux;Vaches;CARREFOUR AUX VACHES;carrefour aux Vaches;;;;;;;;;;;;;;;;Voir : Saint-Benoît (carrefour).;;;;;;;;;
;776;square;de l';Université;SQUARE DE L'UNIVERSITE;square de l'Université;;;;;;;;;;;;;;;;Actuellement partie de la rue Sébastien Bottin.;;;;;;;;;
;790;voie;;T/11;VOIE T/11;voie T/11;11e;;1980-09-09;;Saint-Ambroise;;;;;;;;;;;Dénommée rue Charles Luizet par arrêté municipal du 9 septembre 1980.;;;;;;;;;
;8188;galerie;du;Baromètre;GALERIE DU BAROMETRE;galerie du Baromètre;;;;;;;;;;;;;;;;Supprimé. en 1926 par l'achèvement du boul. Haussmann.;;;;;;;;;
;8192;;la grand;Bariszerie;LA GRAND BARISZERIE;la grand Bariszerie;;;;;;;;;;;;;;;;Actuellement boul. du Palais.;;;;;;;;;
;8196;rue;du;Baril Neuf;RUE DU BARIL NEUF;rue du Baril Neuf;;;;;;;;;;;;;;;;Actuellement rue Dupin.;;;;;;;;;
;8216;rue;du;Banquet;RUE DU BANQUET;rue du Banquet;;;;;;;;;;;;;;;;Actuellement rue Galilée.;;;;;;;;;
;8262;impasse;du;Bac d'Asnières;IMPASSE DU BAC D'ASNIERES;impasse du Bac d'Asnières;;;;;;;;;;rue de Tocqueville, 29.;;;;;;Elle était située rue de Tocqueville, 29.;;;;;;;;;
;6258;rue;des;Deux Petites Portes;RUE DES DEUX PETITES PORTES;rue des Deux Petites Portes;;;;;;;;;;;;;;;;Ou Entre Deux Portes. Actuellement rue Dussoubs.;;;;;;;;;
;6264;place;des;Deux Moulins;PLACE DES DEUX MOULINS;place des Deux Moulins;;;;;;;;;;;;;;;;Actuellement place Pinel.;;;;;;;;;
;6272;impasse;des;Deux Frères;IMPASSE DES DEUX FRERES;impasse des Deux Frères;;;;;;;;;;;;;;;;Supprimé. Etait située impasse du Mont Viso, 8 (englobée par la rue Emile Blémont).;;;;;;;;;
;4978;vicus;;Herpe;VICUS HERPE;vicus Herpe;;;;;;;;;;;;;;;;Ou Harpe (vicus) ou encore Cithara (vicus de). Voir : Harpe (vicus).;;;;;;;;;
;5618;rue;des;Fossés Saint-Antoine;RUE DES FOSSES SAINT-ANTOINE;rue des Fossés Saint-Antoine;;;;;;;;;;;;;;;;Actuellement boul. de la Bastille.;;;;;;;;;
;5629;rue;des;Fossés;RUE DES FOSSES;rue des Fossés;;;;;;;;;;;;;;;;Actuellement rue de l'échelle.;;;;;;;;;
;5643;rue;du;Fossé;RUE DU FOSSE;rue du Fossé;;;;;;;;;;;;;;;;Ou Fossés (rue des). Actuellement partie de la rue d'Aboukir.;;;;;;;;;
;5656;chemin;de la;Forest;CHEMIN DE LA FOREST;chemin de la Forest;;;;;;;;;;;;;;;;Actuellement rue de Grenelle.;;;;;;;;;
;5657;rue;;Forain;RUE FORAIN;rue Forain;;;;;;;;;;;;;;;;Actuellement rue Jean-Louis Forain.;;;;;;;;;
;5062;;;Haulte Rue, dicte du Bastouer;HAULTE RUE, DICTE DU BASTOUER;Haulte Rue, dicte du Bastouer;;;;;;;;;;;;;;;;Actuellement partie de la rue Serpente.;;;;;;;;;
;5074;rue;de;Harlay au Marais;RUE DE HARLAY AU MARAIS;rue de Harlay au Marais;03e;;1873-11-10;;Archives;;;;;;;;;;;Dénommée rue de Harlay par arrêté préfectoral du 10 novembre 1873, puis rue Diderot (décret présidentiel du 10 novembre 1877). Actuellement rue des Arquebusiers.;;;;;;;;;
;5711;rue;de la;Folie Marcaut;RUE DE LA FOLIE MARCAUT;rue de la Folie Marcaut;;;;;;;;;;;;;;;;Ou Folie Maricaut, Mauricaute, Moricourt ou encore Mauricourt. Actuellement partie de la rue de la Folie-Méricourt.;;;;;;;;;
;7094;rue;;Chartron;RUE CHARTRON;rue Chartron;;;;;;;;;;;;;;;;Actuellement rue des Mauvais Garçons.;;;;;;;;;
;5110;rue;;Guillori;RUE GUILLORI;rue Guillori;;;;;;;;;;;;;;;;Actuellement rue de la Coutellerie.;;;;;;;;;
;5747;chemin;des;Fillettes;CHEMIN DES FILLETTES;chemin des Fillettes;;;;;;;;;;;;;;;;Supprimée par l'aménagement de la zone. Etait située rue des Fillettes.;;;;;;;;;
;5765;rue;au;Feure;RUE AU FEURE;rue au Feure;;;;;;;;;;;;;;;;Voir : Fèves (rue aux).;;;;;;;;;
;7113;rue;des;Charrons;RUE DES CHARRONS;rue des Charrons;;;;;;;;;;;;;;;;Actuellement rue de la Ferronnerie.;;;;;;;;;
;5127;sentier, puis passage;;Guilbert;SENTIER, PUIS PASSAGE GUILBERT;sentier, puis passage Guilbert;;;;;;;;;;;;;;;;Supprimé. en 1942. Commençait av. Frédéric Passy (Supprimé.), finissait rue Pierre Laval (Supprimé.).;;;;;;;;;
;5142;rue;;Gui Le Comte;RUE GUI LE COMTE;rue Gui Le Comte;;;;;;;;;;;;;;;;Ou Gui le Preux. Actuellement rue Gît-le-Coeur.;;;;;;;;;
;5151;rue;;Guérin Bancel;RUE GUERIN BANCEL;rue Guérin Bancel;;;;;;;;;;;;;;;;Ou Guérin Boucel. Voir : Guérin Boucel (rue).;;;;;;;;;
;5785;quai;de la;Ferraille;QUAI DE LA FERRAILLE;quai de la Ferraille;;;;;;;;;;;;;;;;Actuellement quai de la Mégisserie.;;;;;;;;;
;5799;rue;;Ferdinand Berthoud;RUE FERDINAND BERTHOUD;rue Ferdinand Berthoud;03e;;1970-03-12;;Arts et Metiers;;61;11,5;;rue Montgolfier, 1.;rue Vaucanson, 6;8;;Ordonnance royale du 16 mai 1833.;;Supprimée en 1971 par incorporation au groupe scolaire voisin. Commençait rue Montgolfier, finissait rue Vaucanson.;Décision ministérielle du 27 septembre 1818.;;;;"Ferdinand Berthoud (1727-1807), horloger suisse ; voisinage du Conservatoire des Arts et Métiers";Arrêté préfectoral du 12 mars 1970, en totalité;;;Décision ministérielle du 9 octobre 1816.
;7157;boulevard;de;Charenton;BOULEVARD DE CHARENTON;boulevard de Charenton;12e;;1864-12-30;;Picpus;;;;;;;;;;;Dénommée partie du boulevard de Reuilly par arrêté préfectoral du 30 décembre 1864.;;;;;;;;;
;5856;ruelle;de la;Fabrique de Saint-Germain l'Auxerrois;RUELLE DE LA FABRIQUE DE SAINT-GERMAIN L'AUXERROIS;ruelle de la Fabrique de Saint-Germain l'Auxerrois;;;;;;;;;;;;;;;;Supprimé. au XIIe siècle. Cette voie allait du quai à l'église.;;;;;;;;;
;6516;rue;de la;Courroirie;RUE DE LA COURROIRIE;rue de la Courroirie;;;;;;;;;;;;;;;;Actuellement partie de la rue Quincampoix.;;;;;;;;;
;6541;passage;de la;Cour du Commerce;PASSAGE DE LA COUR DU COMMERCE;passage de la Cour du Commerce;;;;;;;;;;;;;;;;Supprimé. Commençait rue Saint-Jacques la Boucherie (Supprimé.), finissait rue des Ecrivains.;;;;;;;;;
;6554;chauciée;;Coupeaulx;CHAUCIEE COUPEAULX;chauciée Coupeaulx;;;;;;;;;;;;;;;;Actuellement rue Lacépède.;;;;;;;;;
;7203;ruelle;;Chanut;RUELLE CHANUT;ruelle Chanut;;;;;;;;;;;;;;;;Actuellement partie de la rue du Capitaine Ferber. Voir : Montiboeufs (sentier des).;;;;;;;;;
;7206;rue;du;Chantre;RUE DU CHANTRE;rue du Chantre;;;;;;;;;;;;;;;;Supprimé. pour le dégagement des abords du Louvre. Elle existait en 1221 et portait ce nom dès 1235. Elle commençait place de l'Oratoire (Supprimé.), finissait rue Saint-Honoré.;;;;;;;;;
;7208;rue;du;Chantier du Temple;RUE DU CHANTIER DU TEMPLE;rue du Chantier du Temple;;;;;;;;;;;;;;;;Voir : Neuve-du-Temple (rue).;;;;;;;;;
;7221;rue;des;Champs Rousiers;RUE DES CHAMPS ROUSIERS;rue des Champs Rousiers;;;;;;;;;;;;;;;;Voir : Perpignan (rue de).;;;;;;;;;
;7226;rue;des;Champs;RUE DES CHAMPS;rue des Champs;;;;;;;;;;;;;;;;Actuellement rue du Jardinet.;;;;;;;;;
;5229;cul-de-sac;des;Grands Pleurs;CUL-DE-SAC DES GRANDS PLEURS;cul-de-sac des Grands Pleurs;;;;;;;;;;;;;;;;Actuellement imp. Saint-Denis.;;;;;;;;;
;5873;port;de l';Évêque;PORT DE L'EVEQUE;port de l'Évêque;;;;;;;;;;;;;;;;Actuellement port de Montebello.;;;;;;;;;
;4452;rue;;Lenoir Saint-Honoré;RUE LENOIR SAINT-HONORE;rue Lenoir Saint-Honoré;;;;;;;;;;;;;;;;Actuellement partie de la rue des Bourdonnais.;;;;;;;;;
;4482;rue;;Lebobe;RUE LEBOBE;rue Lebobe;12e;;;;Quinze-Vingts;;;;;;;;;;;Devenue rue de la Planchette. Actuellement rue Biscornet.;;;;;;;;;
;4564;rue;de;Laborde;RUE DE LABORDE;rue de Laborde;;;;;;;;;;;;;;;;Actuellement rue de Chabrol.;;;;;;;;;
;4546;passage;;Lagache;PASSAGE LAGACHE;passage Lagache;;;1943-12-31;;;;;;;avenue Germaine Rolland (Supprimée).;allée des Peupliers (Supprimée);;;;;Supprimé en 1943.;;;;;;;;;
;4566;impasse;de;Laborde;IMPASSE DE LABORDE;impasse de Laborde;;;;;;;;;;;;;;;;Supprimée par l'ouverture du boul. Malesherbes. Elle était située place de Laborde (Actuellement place Henri Bergson). Elle a porté le nom d'imp. de la Petite Voirie.;;;;;;;;;
;4291;cul-de-sac;de la;Madeleine;CUL-DE-SAC DE LA MADELEINE;cul-de-sac de la Madeleine;04e;;;;Notre-Dame;;;;;;;;;;;Supprimé par l'ouverture de la rue de Lutèce. Il commençait rue de la Licorne (Supprimé.) et finissait rue de la Cité.;;;;;;;;;
;4299;rue;;Macolio;RUE MACOLIO;rue Macolio;;;;;;;;;;;;;;;;Voir : Cloître Saint-Benoît (rue du).;;;;;;;;;
;8296;rue;d';Avignon;RUE D'AVIGNON;rue d'Avignon;;;;;;;;;;;;;;;;Supprimée par le prolongement de la rue de Rivoli. Elle commençait rue de la Savonnerie et finissait rue Saint-Denis. Son premier nom connu est rue Jehan le Comte (1386). En 1300 on la désignait : rue qui Chiet en la Savonnerie. Au Xve siècle c'est la rue Philippe le Comte. Jaillot pense que la partie aboutissant à la rue Saint-Denis a porté le nom de rue de la Bazennerie ou Basennerie.;;;;;;;;;
;8299;porte;aux;Aveugles;PORTE AUX AVEUGLES;porte aux Aveugles;;;;;;;;;;;;;;;;Voir : Saint-Honoré (porte), enceinte de Charles V.;;;;;;;;;
;7711;petite ruelle;de la;Boucherie;PETITE RUELLE DE LA BOUCHERIE;petite ruelle de la Boucherie;;;;;;;;;;;;;;;;Actuellement partie de la rue Grégoire de Tours.;;;;;;;;;
;8327;sentier;;Aurifère;SENTIER AURIFERE;sentier Aurifère;;;;;;;;;;;;;;;;Supprimé. en 1942. Il commençait sentier des Mariniers (Supprimé.), finissait rue des Châtaigniers (Supprimé.).;;;;;;;;;
;7761;rue;du;Bon Pays;RUE DU BON PAYS;rue du Bon Pays;;;;;;;;;;;;;;;;Voir : Bon Puits (rue du), Supprimé. par l'ouverture de la rue Monge.;;;;;;;;;
19;8360;rue;d';Aubigné;RUE D'AUBIGNE;rue d'Aubigné;04e;1867-03-02;1891-01-29;;Arsenal;;;;;;;;;;;Dénommée rue Agrippa d'Aubigné par arrêté préfectoral du 29 janvier 1891.;Décret impérial du 2 mars 1867.;;;;Théodore Agrippa d'Aubigné (1552-1630), poète, homme de guerre et historien.;;;;
;7807;chemin;de;Blomet;CHEMIN DE BLOMET;chemin de Blomet;;;;;;;;;;;;;;;;Actuellement rue Oudinot.;;;;;;;;;
;7809;cour;des;Bleus;COUR DES BLEUS;cour des Bleus;;;;;;;;;;;;;;;;"Supprimé. Commençait rue Saint-Denis, 146 ; finissait rue de Palestro, 15.";;;;;;;;;
;7890;carrefour;;Béthisy;CARREFOUR BETHISY;carrefour Béthisy;;;;;;;;;;;;;;;;Supprimé. Il était formé par la rencontre des rues Béthisy, Bertin Poirée, Thibault aux Dés, Boucher et des Bourdonnais.;;;;;;;;;
;7249;rue;du;Champ Flori;RUE DU CHAMP FLORI;rue du Champ Flori;;;;;;;;;;;;;;;;Ou Champ Fleuri ou encore Champ Floury. Voir : Champ Fleuri (rue du).;;;;;;;;;
;7963;cul-de-sac;;Belle Avoine;CUL-DE-SAC BELLE AVOINE;cul-de-sac Belle Avoine;;;;;;;;;;;;;;;;Etait située rue du Faubourg Saint-Jacques. C'était précédemment l'imp. du Sapin Fourchu.;;;;;;;;;
