houseNumberId,streetId,streetName,arrdtId,arrdtName,arrdtInsee
https://www.openstreetmap.org/node/10214644543,https://www.openstreetmap.org/relation/6948561,Rue de Charonne,https://www.openstreetmap.org/relation/9533,Paris 11e Arrondissement,75111
https://www.openstreetmap.org/node/10217237313,https://www.openstreetmap.org/relation/11831871,Rue de Lappe,https://www.openstreetmap.org/relation/9533,Paris 11e Arrondissement,75111
https://www.openstreetmap.org/node/10218195005,https://www.openstreetmap.org/relation/11831874,Rue Keller,https://www.openstreetmap.org/relation/9533,Paris 11e Arrondissement,75111
https://www.openstreetmap.org/node/10218226620,https://www.openstreetmap.org/relation/11831751,Passage Thiéré,https://www.openstreetmap.org/relation/9533,Paris 11e Arrondissement,75111
https://www.openstreetmap.org/node/10223617304,https://www.openstreetmap.org/relation/14944688,Rue de Turenne,https://www.openstreetmap.org/relation/9597,Paris 4e Arrondissement,75104
https://www.openstreetmap.org/node/10249520221,https://www.openstreetmap.org/relation/6949984,Rue du Faubourg Saint-Antoine,https://www.openstreetmap.org/relation/9525,Paris 12e Arrondissement,75112
https://www.openstreetmap.org/node/10253520737,https://www.openstreetmap.org/relation/11832377,Rue Érard,https://www.openstreetmap.org/relation/9525,Paris 12e Arrondissement,75112
https://www.openstreetmap.org/node/10253537378,https://www.openstreetmap.org/relation/11831830,Cour du Nom de Jésus,https://www.openstreetmap.org/relation/9533,Paris 11e Arrondissement,75111
https://www.openstreetmap.org/node/10253537379,https://www.openstreetmap.org/relation/11831830,Cour du Nom de Jésus,https://www.openstreetmap.org/relation/9533,Paris 11e Arrondissement,75111
https://www.openstreetmap.org/node/10276272397,https://www.openstreetmap.org/relation/6948539,Rue Saint-Antoine,https://www.openstreetmap.org/relation/9597,Paris 4e Arrondissement,75104
https://www.openstreetmap.org/node/10276272398,https://www.openstreetmap.org/relation/6948539,Rue Saint-Antoine,https://www.openstreetmap.org/relation/9597,Paris 4e Arrondissement,75104
https://www.openstreetmap.org/node/1034179325,https://www.openstreetmap.org/relation/11832359,Rue Abel,https://www.openstreetmap.org/relation/9525,Paris 12e Arrondissement,75112
https://www.openstreetmap.org/node/1056728714,https://www.openstreetmap.org/relation/11832591,Rue de Cîteaux,https://www.openstreetmap.org/relation/9525,Paris 12e Arrondissement,75112
https://www.openstreetmap.org/node/10609164023,https://www.openstreetmap.org/relation/11832354,Rue Eugénie Éboué,https://www.openstreetmap.org/relation/9525,Paris 12e Arrondissement,75112
https://www.openstreetmap.org/node/10805568910,https://www.openstreetmap.org/relation/6949986,Avenue Ledru-Rollin,https://www.openstreetmap.org/relation/9533,Paris 11e Arrondissement,75111
https://www.openstreetmap.org/node/10805568966,https://www.openstreetmap.org/relation/11832535,Rue Théophile Roussel,https://www.openstreetmap.org/relation/9525,Paris 12e Arrondissement,75112
https://www.openstreetmap.org/node/10832878792,https://www.openstreetmap.org/relation/11828765,Place des Vosges,https://www.openstreetmap.org/relation/9597,Paris 4e Arrondissement,75104
https://www.openstreetmap.org/node/11160663637,https://www.openstreetmap.org/relation/11832417,Boulevard de la Bastille,https://www.openstreetmap.org/relation/9525,Paris 12e Arrondissement,75112
https://www.openstreetmap.org/node/11225657040,https://www.openstreetmap.org/relation/11828895,Boulevard Bourdon,https://www.openstreetmap.org/relation/9597,Paris 4e Arrondissement,75104
https://www.openstreetmap.org/node/11350569963,https://www.openstreetmap.org/relation/11832433,Rue de Charenton,https://www.openstreetmap.org/relation/9525,Paris 12e Arrondissement,75112
https://www.openstreetmap.org/node/11643156199,https://www.openstreetmap.org/relation/11831919,Rue Faidherbe,https://www.openstreetmap.org/relation/9533,Paris 11e Arrondissement,75111
https://www.openstreetmap.org/node/1173675304,https://www.openstreetmap.org/relation/11832534,Avenue Daumesnil,https://www.openstreetmap.org/relation/9525,Paris 12e Arrondissement,75112
https://www.openstreetmap.org/node/1173675363,https://www.openstreetmap.org/relation/11832534,Avenue Daumesnil,https://www.openstreetmap.org/relation/9525,Paris 12e Arrondissement,75112
https://www.openstreetmap.org/node/1173675365,https://www.openstreetmap.org/relation/11832534,Avenue Daumesnil,https://www.openstreetmap.org/relation/9525,Paris 12e Arrondissement,75112
https://www.openstreetmap.org/node/1173675371,https://www.openstreetmap.org/relation/11832534,Avenue Daumesnil,https://www.openstreetmap.org/relation/9525,Paris 12e Arrondissement,75112
https://www.openstreetmap.org/node/1173675381,https://www.openstreetmap.org/relation/11832534,Avenue Daumesnil,https://www.openstreetmap.org/relation/9525,Paris 12e Arrondissement,75112
https://www.openstreetmap.org/node/1173675386,https://www.openstreetmap.org/relation/11832534,Avenue Daumesnil,https://www.openstreetmap.org/relation/9525,Paris 12e Arrondissement,75112
https://www.openstreetmap.org/node/1173675389,https://www.openstreetmap.org/relation/11832534,Avenue Daumesnil,https://www.openstreetmap.org/relation/9525,Paris 12e Arrondissement,75112
https://www.openstreetmap.org/node/1173675396,https://www.openstreetmap.org/relation/11832534,Avenue Daumesnil,https://www.openstreetmap.org/relation/9525,Paris 12e Arrondissement,75112
https://www.openstreetmap.org/node/1173675399,https://www.openstreetmap.org/relation/11832534,Avenue Daumesnil,https://www.openstreetmap.org/relation/9525,Paris 12e Arrondissement,75112
https://www.openstreetmap.org/node/1173675409,https://www.openstreetmap.org/relation/11832534,Avenue Daumesnil,https://www.openstreetmap.org/relation/9525,Paris 12e Arrondissement,75112
https://www.openstreetmap.org/node/1173675410,https://www.openstreetmap.org/relation/11832534,Avenue Daumesnil,https://www.openstreetmap.org/relation/9525,Paris 12e Arrondissement,75112
https://www.openstreetmap.org/node/1173675422,https://www.openstreetmap.org/relation/11832534,Avenue Daumesnil,https://www.openstreetmap.org/relation/9525,Paris 12e Arrondissement,75112
https://www.openstreetmap.org/node/1173675435,https://www.openstreetmap.org/relation/11832534,Avenue Daumesnil,https://www.openstreetmap.org/relation/9525,Paris 12e Arrondissement,75112
https://www.openstreetmap.org/node/1173675442,https://www.openstreetmap.org/relation/11832534,Avenue Daumesnil,https://www.openstreetmap.org/relation/9525,Paris 12e Arrondissement,75112
https://www.openstreetmap.org/node/1173675445,https://www.openstreetmap.org/relation/11832534,Avenue Daumesnil,https://www.openstreetmap.org/relation/9525,Paris 12e Arrondissement,75112
https://www.openstreetmap.org/node/1173675461,https://www.openstreetmap.org/relation/11832534,Avenue Daumesnil,https://www.openstreetmap.org/relation/9525,Paris 12e Arrondissement,75112
https://www.openstreetmap.org/node/1173675462,https://www.openstreetmap.org/relation/11832534,Avenue Daumesnil,https://www.openstreetmap.org/relation/9525,Paris 12e Arrondissement,75112
https://www.openstreetmap.org/node/1173675471,https://www.openstreetmap.org/relation/11832534,Avenue Daumesnil,https://www.openstreetmap.org/relation/9525,Paris 12e Arrondissement,75112
https://www.openstreetmap.org/node/1173675477,https://www.openstreetmap.org/relation/11832534,Avenue Daumesnil,https://www.openstreetmap.org/relation/9525,Paris 12e Arrondissement,75112
https://www.openstreetmap.org/node/1173675489,https://www.openstreetmap.org/relation/11832534,Avenue Daumesnil,https://www.openstreetmap.org/relation/9525,Paris 12e Arrondissement,75112
https://www.openstreetmap.org/node/1173675516,https://www.openstreetmap.org/relation/11832534,Avenue Daumesnil,https://www.openstreetmap.org/relation/9525,Paris 12e Arrondissement,75112
https://www.openstreetmap.org/node/1173675518,https://www.openstreetmap.org/relation/11832534,Avenue Daumesnil,https://www.openstreetmap.org/relation/9525,Paris 12e Arrondissement,75112
https://www.openstreetmap.org/node/1173675528,https://www.openstreetmap.org/relation/11832534,Avenue Daumesnil,https://www.openstreetmap.org/relation/9525,Paris 12e Arrondissement,75112
https://www.openstreetmap.org/node/1173675530,https://www.openstreetmap.org/relation/11832534,Avenue Daumesnil,https://www.openstreetmap.org/relation/9525,Paris 12e Arrondissement,75112
https://www.openstreetmap.org/node/1173675537,https://www.openstreetmap.org/relation/11832534,Avenue Daumesnil,https://www.openstreetmap.org/relation/9525,Paris 12e Arrondissement,75112
https://www.openstreetmap.org/node/1173675541,https://www.openstreetmap.org/relation/11832534,Avenue Daumesnil,https://www.openstreetmap.org/relation/9525,Paris 12e Arrondissement,75112
https://www.openstreetmap.org/node/1173675546,https://www.openstreetmap.org/relation/11832534,Avenue Daumesnil,https://www.openstreetmap.org/relation/9525,Paris 12e Arrondissement,75112
https://www.openstreetmap.org/node/1173675554,https://www.openstreetmap.org/relation/11832534,Avenue Daumesnil,https://www.openstreetmap.org/relation/9525,Paris 12e Arrondissement,75112
https://www.openstreetmap.org/node/1173675557,https://www.openstreetmap.org/relation/11832534,Avenue Daumesnil,https://www.openstreetmap.org/relation/9525,Paris 12e Arrondissement,75112
https://www.openstreetmap.org/node/1173675569,https://www.openstreetmap.org/relation/11832534,Avenue Daumesnil,https://www.openstreetmap.org/relation/9525,Paris 12e Arrondissement,75112
https://www.openstreetmap.org/node/1173675577,https://www.openstreetmap.org/relation/11832534,Avenue Daumesnil,https://www.openstreetmap.org/relation/9525,Paris 12e Arrondissement,75112
https://www.openstreetmap.org/node/1173675593,https://www.openstreetmap.org/relation/11832534,Avenue Daumesnil,https://www.openstreetmap.org/relation/9525,Paris 12e Arrondissement,75112
https://www.openstreetmap.org/node/1173675598,https://www.openstreetmap.org/relation/11832534,Avenue Daumesnil,https://www.openstreetmap.org/relation/9525,Paris 12e Arrondissement,75112
https://www.openstreetmap.org/node/1173675599,https://www.openstreetmap.org/relation/11832534,Avenue Daumesnil,https://www.openstreetmap.org/relation/9525,Paris 12e Arrondissement,75112
https://www.openstreetmap.org/node/1173675608,https://www.openstreetmap.org/relation/11832534,Avenue Daumesnil,https://www.openstreetmap.org/relation/9525,Paris 12e Arrondissement,75112
https://www.openstreetmap.org/node/1173675611,https://www.openstreetmap.org/relation/11832534,Avenue Daumesnil,https://www.openstreetmap.org/relation/9525,Paris 12e Arrondissement,75112
https://www.openstreetmap.org/node/1173675617,https://www.openstreetmap.org/relation/11832534,Avenue Daumesnil,https://www.openstreetmap.org/relation/9525,Paris 12e Arrondissement,75112
https://www.openstreetmap.org/node/1173675626,https://www.openstreetmap.org/relation/11832534,Avenue Daumesnil,https://www.openstreetmap.org/relation/9525,Paris 12e Arrondissement,75112
https://www.openstreetmap.org/node/1173675641,https://www.openstreetmap.org/relation/11832534,Avenue Daumesnil,https://www.openstreetmap.org/relation/9525,Paris 12e Arrondissement,75112
https://www.openstreetmap.org/node/1173675690,https://www.openstreetmap.org/relation/11832534,Avenue Daumesnil,https://www.openstreetmap.org/relation/9525,Paris 12e Arrondissement,75112
https://www.openstreetmap.org/node/1173675691,https://www.openstreetmap.org/relation/11832534,Avenue Daumesnil,https://www.openstreetmap.org/relation/9525,Paris 12e Arrondissement,75112
https://www.openstreetmap.org/node/1173675697,https://www.openstreetmap.org/relation/11832534,Avenue Daumesnil,https://www.openstreetmap.org/relation/9525,Paris 12e Arrondissement,75112
https://www.openstreetmap.org/node/1173675707,https://www.openstreetmap.org/relation/11832534,Avenue Daumesnil,https://www.openstreetmap.org/relation/9525,Paris 12e Arrondissement,75112
https://www.openstreetmap.org/node/1173675712,https://www.openstreetmap.org/relation/11832534,Avenue Daumesnil,https://www.openstreetmap.org/relation/9525,Paris 12e Arrondissement,75112
https://www.openstreetmap.org/node/1173675719,https://www.openstreetmap.org/relation/11832534,Avenue Daumesnil,https://www.openstreetmap.org/relation/9525,Paris 12e Arrondissement,75112
https://www.openstreetmap.org/node/1173675723,https://www.openstreetmap.org/relation/11832534,Avenue Daumesnil,https://www.openstreetmap.org/relation/9525,Paris 12e Arrondissement,75112
https://www.openstreetmap.org/node/1173675736,https://www.openstreetmap.org/relation/11832534,Avenue Daumesnil,https://www.openstreetmap.org/relation/9525,Paris 12e Arrondissement,75112
https://www.openstreetmap.org/node/1173675739,https://www.openstreetmap.org/relation/11832534,Avenue Daumesnil,https://www.openstreetmap.org/relation/9525,Paris 12e Arrondissement,75112
https://www.openstreetmap.org/node/1173675740,https://www.openstreetmap.org/relation/11832534,Avenue Daumesnil,https://www.openstreetmap.org/relation/9525,Paris 12e Arrondissement,75112
https://www.openstreetmap.org/node/1173675745,https://www.openstreetmap.org/relation/11832534,Avenue Daumesnil,https://www.openstreetmap.org/relation/9525,Paris 12e Arrondissement,75112
https://www.openstreetmap.org/node/1173675746,https://www.openstreetmap.org/relation/11832534,Avenue Daumesnil,https://www.openstreetmap.org/relation/9525,Paris 12e Arrondissement,75112
https://www.openstreetmap.org/node/1173675752,https://www.openstreetmap.org/relation/11832534,Avenue Daumesnil,https://www.openstreetmap.org/relation/9525,Paris 12e Arrondissement,75112
https://www.openstreetmap.org/node/1173675754,https://www.openstreetmap.org/relation/11832534,Avenue Daumesnil,https://www.openstreetmap.org/relation/9525,Paris 12e Arrondissement,75112
https://www.openstreetmap.org/node/1173675764,https://www.openstreetmap.org/relation/11832534,Avenue Daumesnil,https://www.openstreetmap.org/relation/9525,Paris 12e Arrondissement,75112
https://www.openstreetmap.org/node/1173675769,https://www.openstreetmap.org/relation/11832534,Avenue Daumesnil,https://www.openstreetmap.org/relation/9525,Paris 12e Arrondissement,75112
https://www.openstreetmap.org/node/1173675777,https://www.openstreetmap.org/relation/11832534,Avenue Daumesnil,https://www.openstreetmap.org/relation/9525,Paris 12e Arrondissement,75112
https://www.openstreetmap.org/node/1173675784,https://www.openstreetmap.org/relation/11832534,Avenue Daumesnil,https://www.openstreetmap.org/relation/9525,Paris 12e Arrondissement,75112
https://www.openstreetmap.org/node/1173675786,https://www.openstreetmap.org/relation/11832534,Avenue Daumesnil,https://www.openstreetmap.org/relation/9525,Paris 12e Arrondissement,75112
https://www.openstreetmap.org/node/1173675791,https://www.openstreetmap.org/relation/11832534,Avenue Daumesnil,https://www.openstreetmap.org/relation/9525,Paris 12e Arrondissement,75112
https://www.openstreetmap.org/node/1173675798,https://www.openstreetmap.org/relation/11832534,Avenue Daumesnil,https://www.openstreetmap.org/relation/9525,Paris 12e Arrondissement,75112
https://www.openstreetmap.org/node/1173675799,https://www.openstreetmap.org/relation/11832534,Avenue Daumesnil,https://www.openstreetmap.org/relation/9525,Paris 12e Arrondissement,75112
https://www.openstreetmap.org/node/1173675802,https://www.openstreetmap.org/relation/11832534,Avenue Daumesnil,https://www.openstreetmap.org/relation/9525,Paris 12e Arrondissement,75112
https://www.openstreetmap.org/node/1173675806,https://www.openstreetmap.org/relation/11832534,Avenue Daumesnil,https://www.openstreetmap.org/relation/9525,Paris 12e Arrondissement,75112
https://www.openstreetmap.org/node/1173675807,https://www.openstreetmap.org/relation/11832534,Avenue Daumesnil,https://www.openstreetmap.org/relation/9525,Paris 12e Arrondissement,75112
https://www.openstreetmap.org/node/1173675814,https://www.openstreetmap.org/relation/11832534,Avenue Daumesnil,https://www.openstreetmap.org/relation/9525,Paris 12e Arrondissement,75112
https://www.openstreetmap.org/node/1173675828,https://www.openstreetmap.org/relation/11832534,Avenue Daumesnil,https://www.openstreetmap.org/relation/9525,Paris 12e Arrondissement,75112
https://www.openstreetmap.org/node/1173675831,https://www.openstreetmap.org/relation/11832534,Avenue Daumesnil,https://www.openstreetmap.org/relation/9525,Paris 12e Arrondissement,75112
https://www.openstreetmap.org/node/1173675834,https://www.openstreetmap.org/relation/11832534,Avenue Daumesnil,https://www.openstreetmap.org/relation/9525,Paris 12e Arrondissement,75112
https://www.openstreetmap.org/node/1173675835,https://www.openstreetmap.org/relation/11832534,Avenue Daumesnil,https://www.openstreetmap.org/relation/9525,Paris 12e Arrondissement,75112
https://www.openstreetmap.org/node/1173675841,https://www.openstreetmap.org/relation/11832534,Avenue Daumesnil,https://www.openstreetmap.org/relation/9525,Paris 12e Arrondissement,75112
https://www.openstreetmap.org/node/1173675844,https://www.openstreetmap.org/relation/11832534,Avenue Daumesnil,https://www.openstreetmap.org/relation/9525,Paris 12e Arrondissement,75112
https://www.openstreetmap.org/node/1173675852,https://www.openstreetmap.org/relation/11832534,Avenue Daumesnil,https://www.openstreetmap.org/relation/9525,Paris 12e Arrondissement,75112
https://www.openstreetmap.org/node/1173675857,https://www.openstreetmap.org/relation/11832534,Avenue Daumesnil,https://www.openstreetmap.org/relation/9525,Paris 12e Arrondissement,75112
https://www.openstreetmap.org/node/1173675865,https://www.openstreetmap.org/relation/11832534,Avenue Daumesnil,https://www.openstreetmap.org/relation/9525,Paris 12e Arrondissement,75112
https://www.openstreetmap.org/node/1173675870,https://www.openstreetmap.org/relation/11832534,Avenue Daumesnil,https://www.openstreetmap.org/relation/9525,Paris 12e Arrondissement,75112
https://www.openstreetmap.org/node/1173675874,https://www.openstreetmap.org/relation/11832534,Avenue Daumesnil,https://www.openstreetmap.org/relation/9525,Paris 12e Arrondissement,75112
https://www.openstreetmap.org/node/1173675876,https://www.openstreetmap.org/relation/11832534,Avenue Daumesnil,https://www.openstreetmap.org/relation/9525,Paris 12e Arrondissement,75112
https://www.openstreetmap.org/node/1173675878,https://www.openstreetmap.org/relation/11832534,Avenue Daumesnil,https://www.openstreetmap.org/relation/9525,Paris 12e Arrondissement,75112
https://www.openstreetmap.org/node/1173675884,https://www.openstreetmap.org/relation/11832534,Avenue Daumesnil,https://www.openstreetmap.org/relation/9525,Paris 12e Arrondissement,75112
https://www.openstreetmap.org/node/1173675887,https://www.openstreetmap.org/relation/11832534,Avenue Daumesnil,https://www.openstreetmap.org/relation/9525,Paris 12e Arrondissement,75112
https://www.openstreetmap.org/node/1173675899,https://www.openstreetmap.org/relation/11832534,Avenue Daumesnil,https://www.openstreetmap.org/relation/9525,Paris 12e Arrondissement,75112
https://www.openstreetmap.org/node/1173675900,https://www.openstreetmap.org/relation/11832534,Avenue Daumesnil,https://www.openstreetmap.org/relation/9525,Paris 12e Arrondissement,75112
https://www.openstreetmap.org/node/1173675908,https://www.openstreetmap.org/relation/11832534,Avenue Daumesnil,https://www.openstreetmap.org/relation/9525,Paris 12e Arrondissement,75112
https://www.openstreetmap.org/node/1173675924,https://www.openstreetmap.org/relation/11832534,Avenue Daumesnil,https://www.openstreetmap.org/relation/9525,Paris 12e Arrondissement,75112
https://www.openstreetmap.org/node/1173675926,https://www.openstreetmap.org/relation/11832534,Avenue Daumesnil,https://www.openstreetmap.org/relation/9525,Paris 12e Arrondissement,75112
https://www.openstreetmap.org/node/1173675932,https://www.openstreetmap.org/relation/11832534,Avenue Daumesnil,https://www.openstreetmap.org/relation/9525,Paris 12e Arrondissement,75112
https://www.openstreetmap.org/node/1173675934,https://www.openstreetmap.org/relation/11832534,Avenue Daumesnil,https://www.openstreetmap.org/relation/9525,Paris 12e Arrondissement,75112
https://www.openstreetmap.org/node/1173675937,https://www.openstreetmap.org/relation/11832534,Avenue Daumesnil,https://www.openstreetmap.org/relation/9525,Paris 12e Arrondissement,75112
https://www.openstreetmap.org/node/1173675940,https://www.openstreetmap.org/relation/11832534,Avenue Daumesnil,https://www.openstreetmap.org/relation/9525,Paris 12e Arrondissement,75112
https://www.openstreetmap.org/node/1173675945,https://www.openstreetmap.org/relation/11832534,Avenue Daumesnil,https://www.openstreetmap.org/relation/9525,Paris 12e Arrondissement,75112
https://www.openstreetmap.org/node/1173675950,https://www.openstreetmap.org/relation/11832534,Avenue Daumesnil,https://www.openstreetmap.org/relation/9525,Paris 12e Arrondissement,75112
https://www.openstreetmap.org/node/1173675955,https://www.openstreetmap.org/relation/11832534,Avenue Daumesnil,https://www.openstreetmap.org/relation/9525,Paris 12e Arrondissement,75112
https://www.openstreetmap.org/node/1173675959,https://www.openstreetmap.org/relation/11832534,Avenue Daumesnil,https://www.openstreetmap.org/relation/9525,Paris 12e Arrondissement,75112
https://www.openstreetmap.org/node/1173675965,https://www.openstreetmap.org/relation/11832534,Avenue Daumesnil,https://www.openstreetmap.org/relation/9525,Paris 12e Arrondissement,75112
https://www.openstreetmap.org/node/1173675975,https://www.openstreetmap.org/relation/11832534,Avenue Daumesnil,https://www.openstreetmap.org/relation/9525,Paris 12e Arrondissement,75112
https://www.openstreetmap.org/node/1173675981,https://www.openstreetmap.org/relation/11832534,Avenue Daumesnil,https://www.openstreetmap.org/relation/9525,Paris 12e Arrondissement,75112
https://www.openstreetmap.org/node/1173675982,https://www.openstreetmap.org/relation/11832534,Avenue Daumesnil,https://www.openstreetmap.org/relation/9525,Paris 12e Arrondissement,75112
https://www.openstreetmap.org/node/1173675986,https://www.openstreetmap.org/relation/11832534,Avenue Daumesnil,https://www.openstreetmap.org/relation/9525,Paris 12e Arrondissement,75112
https://www.openstreetmap.org/node/1173675987,https://www.openstreetmap.org/relation/11832534,Avenue Daumesnil,https://www.openstreetmap.org/relation/9525,Paris 12e Arrondissement,75112
https://www.openstreetmap.org/node/1173675994,https://www.openstreetmap.org/relation/11832534,Avenue Daumesnil,https://www.openstreetmap.org/relation/9525,Paris 12e Arrondissement,75112
https://www.openstreetmap.org/node/1173675998,https://www.openstreetmap.org/relation/11832534,Avenue Daumesnil,https://www.openstreetmap.org/relation/9525,Paris 12e Arrondissement,75112
https://www.openstreetmap.org/node/1173675999,https://www.openstreetmap.org/relation/11832534,Avenue Daumesnil,https://www.openstreetmap.org/relation/9525,Paris 12e Arrondissement,75112
https://www.openstreetmap.org/node/1173676006,https://www.openstreetmap.org/relation/11832534,Avenue Daumesnil,https://www.openstreetmap.org/relation/9525,Paris 12e Arrondissement,75112
https://www.openstreetmap.org/node/1173676023,https://www.openstreetmap.org/relation/11832534,Avenue Daumesnil,https://www.openstreetmap.org/relation/9525,Paris 12e Arrondissement,75112
https://www.openstreetmap.org/node/1173676027,https://www.openstreetmap.org/relation/11832534,Avenue Daumesnil,https://www.openstreetmap.org/relation/9525,Paris 12e Arrondissement,75112
https://www.openstreetmap.org/node/1173676031,https://www.openstreetmap.org/relation/11832534,Avenue Daumesnil,https://www.openstreetmap.org/relation/9525,Paris 12e Arrondissement,75112
https://www.openstreetmap.org/node/1173676032,https://www.openstreetmap.org/relation/11832534,Avenue Daumesnil,https://www.openstreetmap.org/relation/9525,Paris 12e Arrondissement,75112
https://www.openstreetmap.org/node/1173676037,https://www.openstreetmap.org/relation/11832534,Avenue Daumesnil,https://www.openstreetmap.org/relation/9525,Paris 12e Arrondissement,75112
https://www.openstreetmap.org/node/1173676038,https://www.openstreetmap.org/relation/11832534,Avenue Daumesnil,https://www.openstreetmap.org/relation/9525,Paris 12e Arrondissement,75112
https://www.openstreetmap.org/node/1173676043,https://www.openstreetmap.org/relation/11832534,Avenue Daumesnil,https://www.openstreetmap.org/relation/9525,Paris 12e Arrondissement,75112
https://www.openstreetmap.org/node/1173676051,https://www.openstreetmap.org/relation/11832534,Avenue Daumesnil,https://www.openstreetmap.org/relation/9525,Paris 12e Arrondissement,75112
https://www.openstreetmap.org/node/1173676052,https://www.openstreetmap.org/relation/11832534,Avenue Daumesnil,https://www.openstreetmap.org/relation/9525,Paris 12e Arrondissement,75112
https://www.openstreetmap.org/node/1173676058,https://www.openstreetmap.org/relation/11832534,Avenue Daumesnil,https://www.openstreetmap.org/relation/9525,Paris 12e Arrondissement,75112
https://www.openstreetmap.org/node/1173676064,https://www.openstreetmap.org/relation/11832534,Avenue Daumesnil,https://www.openstreetmap.org/relation/9525,Paris 12e Arrondissement,75112
https://www.openstreetmap.org/node/1173676073,https://www.openstreetmap.org/relation/11832534,Avenue Daumesnil,https://www.openstreetmap.org/relation/9525,Paris 12e Arrondissement,75112
https://www.openstreetmap.org/node/1173676076,https://www.openstreetmap.org/relation/11832534,Avenue Daumesnil,https://www.openstreetmap.org/relation/9525,Paris 12e Arrondissement,75112
https://www.openstreetmap.org/node/1173676078,https://www.openstreetmap.org/relation/11832534,Avenue Daumesnil,https://www.openstreetmap.org/relation/9525,Paris 12e Arrondissement,75112
https://www.openstreetmap.org/node/1173676084,https://www.openstreetmap.org/relation/11832534,Avenue Daumesnil,https://www.openstreetmap.org/relation/9525,Paris 12e Arrondissement,75112
https://www.openstreetmap.org/node/1173676085,https://www.openstreetmap.org/relation/11832534,Avenue Daumesnil,https://www.openstreetmap.org/relation/9525,Paris 12e Arrondissement,75112
https://www.openstreetmap.org/node/1173676090,https://www.openstreetmap.org/relation/11832534,Avenue Daumesnil,https://www.openstreetmap.org/relation/9525,Paris 12e Arrondissement,75112
https://www.openstreetmap.org/node/1173676094,https://www.openstreetmap.org/relation/11832534,Avenue Daumesnil,https://www.openstreetmap.org/relation/9525,Paris 12e Arrondissement,75112
https://www.openstreetmap.org/node/1173676098,https://www.openstreetmap.org/relation/11832534,Avenue Daumesnil,https://www.openstreetmap.org/relation/9525,Paris 12e Arrondissement,75112
https://www.openstreetmap.org/node/1197621385,https://www.openstreetmap.org/relation/11831742,Rue Trousseau,https://www.openstreetmap.org/relation/9533,Paris 11e Arrondissement,75111
https://www.openstreetmap.org/node/1197621396,https://www.openstreetmap.org/relation/11831861,Passage de la Main d'Or,https://www.openstreetmap.org/relation/9533,Paris 11e Arrondissement,75111
https://www.openstreetmap.org/node/1197621411,https://www.openstreetmap.org/relation/11832430,Rue Antoine Vollon,https://www.openstreetmap.org/relation/9525,Paris 12e Arrondissement,75112
https://www.openstreetmap.org/node/1197653482,https://www.openstreetmap.org/relation/11832268,Boulevard Diderot,https://www.openstreetmap.org/relation/9525,Paris 12e Arrondissement,75112
https://www.openstreetmap.org/node/11988998171,https://www.openstreetmap.org/relation/11831900,Rue Godefroy Cavaignac,https://www.openstreetmap.org/relation/9533,Paris 11e Arrondissement,75111
https://www.openstreetmap.org/node/12140830589,https://www.openstreetmap.org/relation/11831889,Cour de l'Industrie,https://www.openstreetmap.org/relation/9533,Paris 11e Arrondissement,75111
https://www.openstreetmap.org/node/12140830590,https://www.openstreetmap.org/relation/11831889,Cour de l'Industrie,https://www.openstreetmap.org/relation/9533,Paris 11e Arrondissement,75111
https://www.openstreetmap.org/node/12140830595,https://www.openstreetmap.org/relation/11831889,Cour de l'Industrie,https://www.openstreetmap.org/relation/9533,Paris 11e Arrondissement,75111
https://www.openstreetmap.org/node/12140834702,https://www.openstreetmap.org/relation/11831889,Cour de l'Industrie,https://www.openstreetmap.org/relation/9533,Paris 11e Arrondissement,75111
https://www.openstreetmap.org/node/12140834703,https://www.openstreetmap.org/relation/11831889,Cour de l'Industrie,https://www.openstreetmap.org/relation/9533,Paris 11e Arrondissement,75111
https://www.openstreetmap.org/node/12140834717,https://www.openstreetmap.org/relation/11831889,Cour de l'Industrie,https://www.openstreetmap.org/relation/9533,Paris 11e Arrondissement,75111
https://www.openstreetmap.org/node/12140834718,https://www.openstreetmap.org/relation/11831889,Cour de l'Industrie,https://www.openstreetmap.org/relation/9533,Paris 11e Arrondissement,75111
https://www.openstreetmap.org/node/12140834719,https://www.openstreetmap.org/relation/11831889,Cour de l'Industrie,https://www.openstreetmap.org/relation/9533,Paris 11e Arrondissement,75111
https://www.openstreetmap.org/node/12140834720,https://www.openstreetmap.org/relation/11831889,Cour de l'Industrie,https://www.openstreetmap.org/relation/9533,Paris 11e Arrondissement,75111
https://www.openstreetmap.org/node/12253946619,https://www.openstreetmap.org/relation/11828811,Boulevard Henri IV,https://www.openstreetmap.org/relation/9597,Paris 4e Arrondissement,75104
https://www.openstreetmap.org/node/12253946620,https://www.openstreetmap.org/relation/11828811,Boulevard Henri IV,https://www.openstreetmap.org/relation/9597,Paris 4e Arrondissement,75104
https://www.openstreetmap.org/node/12253946621,https://www.openstreetmap.org/relation/11828811,Boulevard Henri IV,https://www.openstreetmap.org/relation/9597,Paris 4e Arrondissement,75104
https://www.openstreetmap.org/node/12316400141,https://www.openstreetmap.org/relation/6949986,Avenue Ledru-Rollin,https://www.openstreetmap.org/relation/9525,Paris 12e Arrondissement,75112
https://www.openstreetmap.org/node/12473971693,https://www.openstreetmap.org/relation/4236558,Passage du Génie,https://www.openstreetmap.org/relation/9525,Paris 12e Arrondissement,75112
https://www.openstreetmap.org/node/1282484165,https://www.openstreetmap.org/relation/11831871,Rue de Lappe,https://www.openstreetmap.org/relation/9533,Paris 11e Arrondissement,75111
https://www.openstreetmap.org/node/1301125030,https://www.openstreetmap.org/relation/6948541,Boulevard Beaumarchais,https://www.openstreetmap.org/relation/9533,Paris 11e Arrondissement,75111
https://www.openstreetmap.org/node/1301125081,https://www.openstreetmap.org/relation/6783066,Rue Amelot,https://www.openstreetmap.org/relation/9533,Paris 11e Arrondissement,75111
https://www.openstreetmap.org/node/1301125116,https://www.openstreetmap.org/relation/6948541,Boulevard Beaumarchais,https://www.openstreetmap.org/relation/9533,Paris 11e Arrondissement,75111
https://www.openstreetmap.org/node/1301125196,https://www.openstreetmap.org/relation/6948541,Boulevard Beaumarchais,https://www.openstreetmap.org/relation/9533,Paris 11e Arrondissement,75111
https://www.openstreetmap.org/node/1301125198,https://www.openstreetmap.org/relation/6783066,Rue Amelot,https://www.openstreetmap.org/relation/9533,Paris 11e Arrondissement,75111
https://www.openstreetmap.org/node/1301125207,https://www.openstreetmap.org/relation/6948541,Boulevard Beaumarchais,https://www.openstreetmap.org/relation/9533,Paris 11e Arrondissement,75111
https://www.openstreetmap.org/node/1301125219,https://www.openstreetmap.org/relation/6783066,Rue Amelot,https://www.openstreetmap.org/relation/9533,Paris 11e Arrondissement,75111
https://www.openstreetmap.org/node/1301125244,https://www.openstreetmap.org/relation/6948541,Boulevard Beaumarchais,https://www.openstreetmap.org/relation/9533,Paris 11e Arrondissement,75111
https://www.openstreetmap.org/node/1301125247,https://www.openstreetmap.org/relation/6948541,Boulevard Beaumarchais,https://www.openstreetmap.org/relation/9533,Paris 11e Arrondissement,75111
https://www.openstreetmap.org/node/1301125273,https://www.openstreetmap.org/relation/6783066,Rue Amelot,https://www.openstreetmap.org/relation/9533,Paris 11e Arrondissement,75111
https://www.openstreetmap.org/node/1301125286,https://www.openstreetmap.org/relation/6783066,Rue Amelot,https://www.openstreetmap.org/relation/9533,Paris 11e Arrondissement,75111
https://www.openstreetmap.org/node/1301125296,https://www.openstreetmap.org/relation/6948541,Boulevard Beaumarchais,https://www.openstreetmap.org/relation/9533,Paris 11e Arrondissement,75111
https://www.openstreetmap.org/node/1301125319,https://www.openstreetmap.org/relation/6783066,Rue Amelot,https://www.openstreetmap.org/relation/9533,Paris 11e Arrondissement,75111
https://www.openstreetmap.org/node/1301125327,https://www.openstreetmap.org/relation/6783066,Rue Amelot,https://www.openstreetmap.org/relation/9533,Paris 11e Arrondissement,75111
https://www.openstreetmap.org/node/1301125336,https://www.openstreetmap.org/relation/6948541,Boulevard Beaumarchais,https://www.openstreetmap.org/relation/9533,Paris 11e Arrondissement,75111
https://www.openstreetmap.org/node/1301125342,https://www.openstreetmap.org/relation/6948541,Boulevard Beaumarchais,https://www.openstreetmap.org/relation/9533,Paris 11e Arrondissement,75111
https://www.openstreetmap.org/node/1301125365,https://www.openstreetmap.org/relation/6783066,Rue Amelot,https://www.openstreetmap.org/relation/9533,Paris 11e Arrondissement,75111
https://www.openstreetmap.org/node/1301125431,https://www.openstreetmap.org/relation/6783066,Rue Amelot,https://www.openstreetmap.org/relation/9533,Paris 11e Arrondissement,75111
https://www.openstreetmap.org/node/1301125454,https://www.openstreetmap.org/relation/6948541,Boulevard Beaumarchais,https://www.openstreetmap.org/relation/9533,Paris 11e Arrondissement,75111
https://www.openstreetmap.org/node/1301125537,https://www.openstreetmap.org/relation/6783066,Rue Amelot,https://www.openstreetmap.org/relation/9533,Paris 11e Arrondissement,75111
https://www.openstreetmap.org/node/1301125600,https://www.openstreetmap.org/relation/6948541,Boulevard Beaumarchais,https://www.openstreetmap.org/relation/9533,Paris 11e Arrondissement,75111
https://www.openstreetmap.org/node/1301125665,https://www.openstreetmap.org/relation/6783066,Rue Amelot,https://www.openstreetmap.org/relation/9533,Paris 11e Arrondissement,75111
https://www.openstreetmap.org/node/1301125721,https://www.openstreetmap.org/relation/6948541,Boulevard Beaumarchais,https://www.openstreetmap.org/relation/9533,Paris 11e Arrondissement,75111
https://www.openstreetmap.org/node/1301125750,https://www.openstreetmap.org/relation/6783066,Rue Amelot,https://www.openstreetmap.org/relation/9533,Paris 11e Arrondissement,75111
https://www.openstreetmap.org/node/1301125786,https://www.openstreetmap.org/relation/6783066,Rue Amelot,https://www.openstreetmap.org/relation/9533,Paris 11e Arrondissement,75111
https://www.openstreetmap.org/node/1301310287,https://www.openstreetmap.org/relation/6782338,Boulevard Richard-Lenoir,https://www.openstreetmap.org/relation/9533,Paris 11e Arrondissement,75111
https://www.openstreetmap.org/node/1301310339,https://www.openstreetmap.org/relation/6782338,Boulevard Richard-Lenoir,https://www.openstreetmap.org/relation/9533,Paris 11e Arrondissement,75111
https://www.openstreetmap.org/node/1301310394,https://www.openstreetmap.org/relation/6782338,Boulevard Richard-Lenoir,https://www.openstreetmap.org/relation/9533,Paris 11e Arrondissement,75111
https://www.openstreetmap.org/node/1301310428,https://www.openstreetmap.org/relation/6782338,Boulevard Richard-Lenoir,https://www.openstreetmap.org/relation/9533,Paris 11e Arrondissement,75111
https://www.openstreetmap.org/node/1301310509,https://www.openstreetmap.org/relation/6782338,Boulevard Richard-Lenoir,https://www.openstreetmap.org/relation/9533,Paris 11e Arrondissement,75111
https://www.openstreetmap.org/node/1301310587,https://www.openstreetmap.org/relation/6782338,Boulevard Richard-Lenoir,https://www.openstreetmap.org/relation/9533,Paris 11e Arrondissement,75111
https://www.openstreetmap.org/node/1301310648,https://www.openstreetmap.org/relation/6782338,Boulevard Richard-Lenoir,https://www.openstreetmap.org/relation/9533,Paris 11e Arrondissement,75111
https://www.openstreetmap.org/node/1301310687,https://www.openstreetmap.org/relation/6782338,Boulevard Richard-Lenoir,https://www.openstreetmap.org/relation/9533,Paris 11e Arrondissement,75111
https://www.openstreetmap.org/node/1301310793,https://www.openstreetmap.org/relation/6782338,Boulevard Richard-Lenoir,https://www.openstreetmap.org/relation/9533,Paris 11e Arrondissement,75111
https://www.openstreetmap.org/node/1301310812,https://www.openstreetmap.org/relation/6782338,Boulevard Richard-Lenoir,https://www.openstreetmap.org/relation/9533,Paris 11e Arrondissement,75111
https://www.openstreetmap.org/node/1301310837,https://www.openstreetmap.org/relation/6782338,Boulevard Richard-Lenoir,https://www.openstreetmap.org/relation/9533,Paris 11e Arrondissement,75111
https://www.openstreetmap.org/node/1301310911,https://www.openstreetmap.org/relation/6782338,Boulevard Richard-Lenoir,https://www.openstreetmap.org/relation/9533,Paris 11e Arrondissement,75111
https://www.openstreetmap.org/node/1307259014,https://www.openstreetmap.org/relation/11831936,Rue Daval,https://www.openstreetmap.org/relation/9533,Paris 11e Arrondissement,75111
https://www.openstreetmap.org/node/1307259016,https://www.openstreetmap.org/relation/11831786,Rue de la Roquette,https://www.openstreetmap.org/relation/9533,Paris 11e Arrondissement,75111
https://www.openstreetmap.org/node/1307259034,https://www.openstreetmap.org/relation/11831786,Rue de la Roquette,https://www.openstreetmap.org/relation/9533,Paris 11e Arrondissement,75111
https://www.openstreetmap.org/node/1307259040,https://www.openstreetmap.org/relation/11831786,Rue de la Roquette,https://www.openstreetmap.org/relation/9533,Paris 11e Arrondissement,75111
https://www.openstreetmap.org/node/1307259061,https://www.openstreetmap.org/relation/11831786,Rue de la Roquette,https://www.openstreetmap.org/relation/9533,Paris 11e Arrondissement,75111
https://www.openstreetmap.org/node/1307259074,https://www.openstreetmap.org/relation/11831936,Rue Daval,https://www.openstreetmap.org/relation/9533,Paris 11e Arrondissement,75111
https://www.openstreetmap.org/node/1307259080,https://www.openstreetmap.org/relation/11831786,Rue de la Roquette,https://www.openstreetmap.org/relation/9533,Paris 11e Arrondissement,75111
https://www.openstreetmap.org/node/1307259084,https://www.openstreetmap.org/relation/11831786,Rue de la Roquette,https://www.openstreetmap.org/relation/9533,Paris 11e Arrondissement,75111
https://www.openstreetmap.org/node/1307259102,https://www.openstreetmap.org/relation/11831786,Rue de la Roquette,https://www.openstreetmap.org/relation/9533,Paris 11e Arrondissement,75111
https://www.openstreetmap.org/node/1307259106,https://www.openstreetmap.org/relation/11831936,Rue Daval,https://www.openstreetmap.org/relation/9533,Paris 11e Arrondissement,75111
https://www.openstreetmap.org/node/1307259107,https://www.openstreetmap.org/relation/11831786,Rue de la Roquette,https://www.openstreetmap.org/relation/9533,Paris 11e Arrondissement,75111
https://www.openstreetmap.org/node/1307259118,https://www.openstreetmap.org/relation/11831936,Rue Daval,https://www.openstreetmap.org/relation/9533,Paris 11e Arrondissement,75111
https://www.openstreetmap.org/node/1307259119,https://www.openstreetmap.org/relation/11831786,Rue de la Roquette,https://www.openstreetmap.org/relation/9533,Paris 11e Arrondissement,75111
https://www.openstreetmap.org/node/1307259130,https://www.openstreetmap.org/relation/11831786,Rue de la Roquette,https://www.openstreetmap.org/relation/9533,Paris 11e Arrondissement,75111
https://www.openstreetmap.org/node/1307259134,https://www.openstreetmap.org/relation/11831786,Rue de la Roquette,https://www.openstreetmap.org/relation/9533,Paris 11e Arrondissement,75111
https://www.openstreetmap.org/node/1307259157,https://www.openstreetmap.org/relation/11831786,Rue de la Roquette,https://www.openstreetmap.org/relation/9533,Paris 11e Arrondissement,75111
https://www.openstreetmap.org/node/1307259163,https://www.openstreetmap.org/relation/11831786,Rue de la Roquette,https://www.openstreetmap.org/relation/9533,Paris 11e Arrondissement,75111
https://www.openstreetmap.org/node/1307259178,https://www.openstreetmap.org/relation/11831786,Rue de la Roquette,https://www.openstreetmap.org/relation/9533,Paris 11e Arrondissement,75111
https://www.openstreetmap.org/node/1307259186,https://www.openstreetmap.org/relation/11831786,Rue de la Roquette,https://www.openstreetmap.org/relation/9533,Paris 11e Arrondissement,75111
https://www.openstreetmap.org/node/1307259205,https://www.openstreetmap.org/relation/11831936,Rue Daval,https://www.openstreetmap.org/relation/9533,Paris 11e Arrondissement,75111
https://www.openstreetmap.org/node/1307259207,https://www.openstreetmap.org/relation/11831786,Rue de la Roquette,https://www.openstreetmap.org/relation/9533,Paris 11e Arrondissement,75111
https://www.openstreetmap.org/node/1307259228,https://www.openstreetmap.org/relation/11831786,Rue de la Roquette,https://www.openstreetmap.org/relation/9533,Paris 11e Arrondissement,75111
https://www.openstreetmap.org/node/1307259233,https://www.openstreetmap.org/relation/11831786,Rue de la Roquette,https://www.openstreetmap.org/relation/9533,Paris 11e Arrondissement,75111
https://www.openstreetmap.org/node/1307259257,https://www.openstreetmap.org/relation/11831786,Rue de la Roquette,https://www.openstreetmap.org/relation/9533,Paris 11e Arrondissement,75111
https://www.openstreetmap.org/node/1307259296,https://www.openstreetmap.org/relation/11831786,Rue de la Roquette,https://www.openstreetmap.org/relation/9533,Paris 11e Arrondissement,75111
https://www.openstreetmap.org/node/1307270876,https://www.openstreetmap.org/relation/11831756,Passage des Taillandiers,https://www.openstreetmap.org/relation/9533,Paris 11e Arrondissement,75111
https://www.openstreetmap.org/node/1307270877,https://www.openstreetmap.org/relation/11831874,Rue Keller,https://www.openstreetmap.org/relation/9533,Paris 11e Arrondissement,75111
https://www.openstreetmap.org/node/1307270878,https://www.openstreetmap.org/relation/11831961,Passage Charles Dallery,https://www.openstreetmap.org/relation/9533,Paris 11e Arrondissement,75111
https://www.openstreetmap.org/node/1307270879,https://www.openstreetmap.org/relation/11831983,Passage Basfroi,https://www.openstreetmap.org/relation/9533,Paris 11e Arrondissement,75111
https://www.openstreetmap.org/node/1307270889,https://www.openstreetmap.org/relation/11831961,Passage Charles Dallery,https://www.openstreetmap.org/relation/9533,Paris 11e Arrondissement,75111
https://www.openstreetmap.org/node/1307270890,https://www.openstreetmap.org/relation/11831961,Passage Charles Dallery,https://www.openstreetmap.org/relation/9533,Paris 11e Arrondissement,75111
https://www.openstreetmap.org/node/1307270893,https://www.openstreetmap.org/relation/11831874,Rue Keller,https://www.openstreetmap.org/relation/9533,Paris 11e Arrondissement,75111
https://www.openstreetmap.org/node/1307270895,https://www.openstreetmap.org/relation/11831983,Passage Basfroi,https://www.openstreetmap.org/relation/9533,Paris 11e Arrondissement,75111
https://www.openstreetmap.org/node/1307270903,https://www.openstreetmap.org/relation/11831756,Passage des Taillandiers,https://www.openstreetmap.org/relation/9533,Paris 11e Arrondissement,75111
https://www.openstreetmap.org/node/1307270905,https://www.openstreetmap.org/relation/11831983,Passage Basfroi,https://www.openstreetmap.org/relation/9533,Paris 11e Arrondissement,75111
https://www.openstreetmap.org/node/1307270908,https://www.openstreetmap.org/relation/11831982,Rue Basfroi,https://www.openstreetmap.org/relation/9533,Paris 11e Arrondissement,75111
https://www.openstreetmap.org/node/1307270911,https://www.openstreetmap.org/relation/11831874,Rue Keller,https://www.openstreetmap.org/relation/9533,Paris 11e Arrondissement,75111
https://www.openstreetmap.org/node/1307270919,https://www.openstreetmap.org/relation/11831874,Rue Keller,https://www.openstreetmap.org/relation/9533,Paris 11e Arrondissement,75111
https://www.openstreetmap.org/node/1307270920,https://www.openstreetmap.org/relation/11831874,Rue Keller,https://www.openstreetmap.org/relation/9533,Paris 11e Arrondissement,75111
https://www.openstreetmap.org/node/1307270922,https://www.openstreetmap.org/relation/11831982,Rue Basfroi,https://www.openstreetmap.org/relation/9533,Paris 11e Arrondissement,75111
https://www.openstreetmap.org/node/1307270924,https://www.openstreetmap.org/relation/11831982,Rue Basfroi,https://www.openstreetmap.org/relation/9533,Paris 11e Arrondissement,75111
https://www.openstreetmap.org/node/1307270927,https://www.openstreetmap.org/relation/11831983,Passage Basfroi,https://www.openstreetmap.org/relation/9533,Paris 11e Arrondissement,75111
https://www.openstreetmap.org/node/1307270932,https://www.openstreetmap.org/relation/11831968,Passage Bullourde,https://www.openstreetmap.org/relation/9533,Paris 11e Arrondissement,75111
https://www.openstreetmap.org/node/1307270936,https://www.openstreetmap.org/relation/11831874,Rue Keller,https://www.openstreetmap.org/relation/9533,Paris 11e Arrondissement,75111
https://www.openstreetmap.org/node/1307270945,https://www.openstreetmap.org/relation/11831874,Rue Keller,https://www.openstreetmap.org/relation/9533,Paris 11e Arrondissement,75111
https://www.openstreetmap.org/node/1307270949,https://www.openstreetmap.org/relation/11831961,Passage Charles Dallery,https://www.openstreetmap.org/relation/9533,Paris 11e Arrondissement,75111
https://www.openstreetmap.org/node/1307270952,https://www.openstreetmap.org/relation/11831961,Passage Charles Dallery,https://www.openstreetmap.org/relation/9533,Paris 11e Arrondissement,75111
https://www.openstreetmap.org/node/1307270957,https://www.openstreetmap.org/relation/11831874,Rue Keller,https://www.openstreetmap.org/relation/9533,Paris 11e Arrondissement,75111
https://www.openstreetmap.org/node/1307270958,https://www.openstreetmap.org/relation/11831874,Rue Keller,https://www.openstreetmap.org/relation/9533,Paris 11e Arrondissement,75111
https://www.openstreetmap.org/node/1307270959,https://www.openstreetmap.org/relation/11831961,Passage Charles Dallery,https://www.openstreetmap.org/relation/9533,Paris 11e Arrondissement,75111
https://www.openstreetmap.org/node/1307270968,https://www.openstreetmap.org/relation/11831756,Passage des Taillandiers,https://www.openstreetmap.org/relation/9533,Paris 11e Arrondissement,75111
https://www.openstreetmap.org/node/1307270970,https://www.openstreetmap.org/relation/11831874,Rue Keller,https://www.openstreetmap.org/relation/9533,Paris 11e Arrondissement,75111
https://www.openstreetmap.org/node/1307270971,https://www.openstreetmap.org/relation/11831961,Passage Charles Dallery,https://www.openstreetmap.org/relation/9533,Paris 11e Arrondissement,75111
https://www.openstreetmap.org/node/1307270972,https://www.openstreetmap.org/relation/11831961,Passage Charles Dallery,https://www.openstreetmap.org/relation/9533,Paris 11e Arrondissement,75111
https://www.openstreetmap.org/node/1307270973,https://www.openstreetmap.org/relation/11831968,Passage Bullourde,https://www.openstreetmap.org/relation/9533,Paris 11e Arrondissement,75111
https://www.openstreetmap.org/node/1307270979,https://www.openstreetmap.org/relation/11831874,Rue Keller,https://www.openstreetmap.org/relation/9533,Paris 11e Arrondissement,75111
https://www.openstreetmap.org/node/1307270980,https://www.openstreetmap.org/relation/11831874,Rue Keller,https://www.openstreetmap.org/relation/9533,Paris 11e Arrondissement,75111
https://www.openstreetmap.org/node/1307270982,https://www.openstreetmap.org/relation/11831982,Rue Basfroi,https://www.openstreetmap.org/relation/9533,Paris 11e Arrondissement,75111
https://www.openstreetmap.org/node/1307270984,https://www.openstreetmap.org/relation/11831983,Passage Basfroi,https://www.openstreetmap.org/relation/9533,Paris 11e Arrondissement,75111
https://www.openstreetmap.org/node/1307270985,https://www.openstreetmap.org/relation/11831961,Passage Charles Dallery,https://www.openstreetmap.org/relation/9533,Paris 11e Arrondissement,75111
https://www.openstreetmap.org/node/1307270986,https://www.openstreetmap.org/relation/11831874,Rue Keller,https://www.openstreetmap.org/relation/9533,Paris 11e Arrondissement,75111
https://www.openstreetmap.org/node/1307270987,https://www.openstreetmap.org/relation/11831874,Rue Keller,https://www.openstreetmap.org/relation/9533,Paris 11e Arrondissement,75111
https://www.openstreetmap.org/node/1307270988,https://www.openstreetmap.org/relation/11831874,Rue Keller,https://www.openstreetmap.org/relation/9533,Paris 11e Arrondissement,75111
https://www.openstreetmap.org/node/1307270989,https://www.openstreetmap.org/relation/11831982,Rue Basfroi,https://www.openstreetmap.org/relation/9533,Paris 11e Arrondissement,75111
https://www.openstreetmap.org/node/1307270991,https://www.openstreetmap.org/relation/11831982,Rue Basfroi,https://www.openstreetmap.org/relation/9533,Paris 11e Arrondissement,75111
https://www.openstreetmap.org/node/1307270992,https://www.openstreetmap.org/relation/11831961,Passage Charles Dallery,https://www.openstreetmap.org/relation/9533,Paris 11e Arrondissement,75111
https://www.openstreetmap.org/node/1307270993,https://www.openstreetmap.org/relation/11831983,Passage Basfroi,https://www.openstreetmap.org/relation/9533,Paris 11e Arrondissement,75111
https://www.openstreetmap.org/node/1307270994,https://www.openstreetmap.org/relation/11831968,Passage Bullourde,https://www.openstreetmap.org/relation/9533,Paris 11e Arrondissement,75111
https://www.openstreetmap.org/node/1307270995,https://www.openstreetmap.org/relation/11831982,Rue Basfroi,https://www.openstreetmap.org/relation/9533,Paris 11e Arrondissement,75111
https://www.openstreetmap.org/node/1307270996,https://www.openstreetmap.org/relation/11831968,Passage Bullourde,https://www.openstreetmap.org/relation/9533,Paris 11e Arrondissement,75111
https://www.openstreetmap.org/node/1307270997,https://www.openstreetmap.org/relation/11831874,Rue Keller,https://www.openstreetmap.org/relation/9533,Paris 11e Arrondissement,75111
https://www.openstreetmap.org/node/1307270998,https://www.openstreetmap.org/relation/11831982,Rue Basfroi,https://www.openstreetmap.org/relation/9533,Paris 11e Arrondissement,75111
https://www.openstreetmap.org/node/1307270999,https://www.openstreetmap.org/relation/11831874,Rue Keller,https://www.openstreetmap.org/relation/9533,Paris 11e Arrondissement,75111
https://www.openstreetmap.org/node/1307271000,https://www.openstreetmap.org/relation/11831982,Rue Basfroi,https://www.openstreetmap.org/relation/9533,Paris 11e Arrondissement,75111
https://www.openstreetmap.org/node/1307271001,https://www.openstreetmap.org/relation/11831982,Rue Basfroi,https://www.openstreetmap.org/relation/9533,Paris 11e Arrondissement,75111
https://www.openstreetmap.org/node/1307271002,https://www.openstreetmap.org/relation/11831961,Passage Charles Dallery,https://www.openstreetmap.org/relation/9533,Paris 11e Arrondissement,75111
https://www.openstreetmap.org/node/1307271003,https://www.openstreetmap.org/relation/11831968,Passage Bullourde,https://www.openstreetmap.org/relation/9533,Paris 11e Arrondissement,75111
https://www.openstreetmap.org/node/1307271004,https://www.openstreetmap.org/relation/11831961,Passage Charles Dallery,https://www.openstreetmap.org/relation/9533,Paris 11e Arrondissement,75111
https://www.openstreetmap.org/node/1307271005,https://www.openstreetmap.org/relation/11831874,Rue Keller,https://www.openstreetmap.org/relation/9533,Paris 11e Arrondissement,75111
https://www.openstreetmap.org/node/1307271006,https://www.openstreetmap.org/relation/11831968,Passage Bullourde,https://www.openstreetmap.org/relation/9533,Paris 11e Arrondissement,75111
https://www.openstreetmap.org/node/1307271008,https://www.openstreetmap.org/relation/11831874,Rue Keller,https://www.openstreetmap.org/relation/9533,Paris 11e Arrondissement,75111
https://www.openstreetmap.org/node/1307271010,https://www.openstreetmap.org/relation/11831961,Passage Charles Dallery,https://www.openstreetmap.org/relation/9533,Paris 11e Arrondissement,75111
https://www.openstreetmap.org/node/1307271011,https://www.openstreetmap.org/relation/11831968,Passage Bullourde,https://www.openstreetmap.org/relation/9533,Paris 11e Arrondissement,75111
https://www.openstreetmap.org/node/1307271013,https://www.openstreetmap.org/relation/11831874,Rue Keller,https://www.openstreetmap.org/relation/9533,Paris 11e Arrondissement,75111
https://www.openstreetmap.org/node/1307271014,https://www.openstreetmap.org/relation/11831874,Rue Keller,https://www.openstreetmap.org/relation/9533,Paris 11e Arrondissement,75111
https://www.openstreetmap.org/node/1307271017,https://www.openstreetmap.org/relation/11831968,Passage Bullourde,https://www.openstreetmap.org/relation/9533,Paris 11e Arrondissement,75111
https://www.openstreetmap.org/node/1307271019,https://www.openstreetmap.org/relation/11831983,Passage Basfroi,https://www.openstreetmap.org/relation/9533,Paris 11e Arrondissement,75111
https://www.openstreetmap.org/node/1307271020,https://www.openstreetmap.org/relation/11831961,Passage Charles Dallery,https://www.openstreetmap.org/relation/9533,Paris 11e Arrondissement,75111
https://www.openstreetmap.org/node/1307271021,https://www.openstreetmap.org/relation/11831874,Rue Keller,https://www.openstreetmap.org/relation/9533,Paris 11e Arrondissement,75111
https://www.openstreetmap.org/node/1307271022,https://www.openstreetmap.org/relation/11831874,Rue Keller,https://www.openstreetmap.org/relation/9533,Paris 11e Arrondissement,75111
https://www.openstreetmap.org/node/1307271023,https://www.openstreetmap.org/relation/11831874,Rue Keller,https://www.openstreetmap.org/relation/9533,Paris 11e Arrondissement,75111
https://www.openstreetmap.org/node/1307271024,https://www.openstreetmap.org/relation/11831983,Passage Basfroi,https://www.openstreetmap.org/relation/9533,Paris 11e Arrondissement,75111
https://www.openstreetmap.org/node/1307271026,https://www.openstreetmap.org/relation/11831982,Rue Basfroi,https://www.openstreetmap.org/relation/9533,Paris 11e Arrondissement,75111
https://www.openstreetmap.org/node/1307271027,https://www.openstreetmap.org/relation/11831961,Passage Charles Dallery,https://www.openstreetmap.org/relation/9533,Paris 11e Arrondissement,75111
https://www.openstreetmap.org/node/1307271028,https://www.openstreetmap.org/relation/11831983,Passage Basfroi,https://www.openstreetmap.org/relation/9533,Paris 11e Arrondissement,75111
https://www.openstreetmap.org/node/1307271030,https://www.openstreetmap.org/relation/11831968,Passage Bullourde,https://www.openstreetmap.org/relation/9533,Paris 11e Arrondissement,75111
https://www.openstreetmap.org/node/1307271032,https://www.openstreetmap.org/relation/11831968,Passage Bullourde,https://www.openstreetmap.org/relation/9533,Paris 11e Arrondissement,75111
https://www.openstreetmap.org/node/1307271033,https://www.openstreetmap.org/relation/11831874,Rue Keller,https://www.openstreetmap.org/relation/9533,Paris 11e Arrondissement,75111
https://www.openstreetmap.org/node/1307271034,https://www.openstreetmap.org/relation/11831982,Rue Basfroi,https://www.openstreetmap.org/relation/9533,Paris 11e Arrondissement,75111
https://www.openstreetmap.org/node/1307271036,https://www.openstreetmap.org/relation/11831874,Rue Keller,https://www.openstreetmap.org/relation/9533,Paris 11e Arrondissement,75111
https://www.openstreetmap.org/node/1307271037,https://www.openstreetmap.org/relation/11831982,Rue Basfroi,https://www.openstreetmap.org/relation/9533,Paris 11e Arrondissement,75111
https://www.openstreetmap.org/node/1307271039,https://www.openstreetmap.org/relation/11831982,Rue Basfroi,https://www.openstreetmap.org/relation/9533,Paris 11e Arrondissement,75111
https://www.openstreetmap.org/node/1307271040,https://www.openstreetmap.org/relation/11831982,Rue Basfroi,https://www.openstreetmap.org/relation/9533,Paris 11e Arrondissement,75111
https://www.openstreetmap.org/node/1307271041,https://www.openstreetmap.org/relation/11831983,Passage Basfroi,https://www.openstreetmap.org/relation/9533,Paris 11e Arrondissement,75111
https://www.openstreetmap.org/node/1307271042,https://www.openstreetmap.org/relation/11831968,Passage Bullourde,https://www.openstreetmap.org/relation/9533,Paris 11e Arrondissement,75111
https://www.openstreetmap.org/node/1307271044,https://www.openstreetmap.org/relation/11831756,Passage des Taillandiers,https://www.openstreetmap.org/relation/9533,Paris 11e Arrondissement,75111
https://www.openstreetmap.org/node/1307271045,https://www.openstreetmap.org/relation/11831874,Rue Keller,https://www.openstreetmap.org/relation/9533,Paris 11e Arrondissement,75111
https://www.openstreetmap.org/node/1307271046,https://www.openstreetmap.org/relation/11831874,Rue Keller,https://www.openstreetmap.org/relation/9533,Paris 11e Arrondissement,75111
https://www.openstreetmap.org/node/1307271047,https://www.openstreetmap.org/relation/11831756,Passage des Taillandiers,https://www.openstreetmap.org/relation/9533,Paris 11e Arrondissement,75111
https://www.openstreetmap.org/node/1307271048,https://www.openstreetmap.org/relation/11831874,Rue Keller,https://www.openstreetmap.org/relation/9533,Paris 11e Arrondissement,75111
https://www.openstreetmap.org/node/1307271051,https://www.openstreetmap.org/relation/11831961,Passage Charles Dallery,https://www.openstreetmap.org/relation/9533,Paris 11e Arrondissement,75111
https://www.openstreetmap.org/node/1307271052,https://www.openstreetmap.org/relation/11831961,Passage Charles Dallery,https://www.openstreetmap.org/relation/9533,Paris 11e Arrondissement,75111
https://www.openstreetmap.org/node/1307271054,https://www.openstreetmap.org/relation/11831961,Passage Charles Dallery,https://www.openstreetmap.org/relation/9533,Paris 11e Arrondissement,75111
https://www.openstreetmap.org/node/1307271057,https://www.openstreetmap.org/relation/11831874,Rue Keller,https://www.openstreetmap.org/relation/9533,Paris 11e Arrondissement,75111
https://www.openstreetmap.org/node/1307271058,https://www.openstreetmap.org/relation/11831874,Rue Keller,https://www.openstreetmap.org/relation/9533,Paris 11e Arrondissement,75111
https://www.openstreetmap.org/node/1307318770,https://www.openstreetmap.org/relation/6948561,Rue de Charonne,https://www.openstreetmap.org/relation/9533,Paris 11e Arrondissement,75111
https://www.openstreetmap.org/node/1307318775,https://www.openstreetmap.org/relation/11831866,Passage Lhomme,https://www.openstreetmap.org/relation/9533,Paris 11e Arrondissement,75111
https://www.openstreetmap.org/node/1307318776,https://www.openstreetmap.org/relation/6948561,Rue de Charonne,https://www.openstreetmap.org/relation/9533,Paris 11e Arrondissement,75111
https://www.openstreetmap.org/node/1307318782,https://www.openstreetmap.org/relation/11831866,Passage Lhomme,https://www.openstreetmap.org/relation/9533,Paris 11e Arrondissement,75111
https://www.openstreetmap.org/node/1307318784,https://www.openstreetmap.org/relation/6948561,Rue de Charonne,https://www.openstreetmap.org/relation/9533,Paris 11e Arrondissement,75111
https://www.openstreetmap.org/node/1307318787,https://www.openstreetmap.org/relation/6948561,Rue de Charonne,https://www.openstreetmap.org/relation/9533,Paris 11e Arrondissement,75111
https://www.openstreetmap.org/node/1307318789,https://www.openstreetmap.org/relation/11831866,Passage Lhomme,https://www.openstreetmap.org/relation/9533,Paris 11e Arrondissement,75111
https://www.openstreetmap.org/node/1307318836,https://www.openstreetmap.org/relation/6948561,Rue de Charonne,https://www.openstreetmap.org/relation/9533,Paris 11e Arrondissement,75111
https://www.openstreetmap.org/node/1307318839,https://www.openstreetmap.org/relation/11831782,Passage Saint-Antoine,https://www.openstreetmap.org/relation/9533,Paris 11e Arrondissement,75111
https://www.openstreetmap.org/node/1307318854,https://www.openstreetmap.org/relation/11831866,Passage Lhomme,https://www.openstreetmap.org/relation/9533,Paris 11e Arrondissement,75111
https://www.openstreetmap.org/node/1307318855,https://www.openstreetmap.org/relation/11831976,Passage de la Bonne Graine,https://www.openstreetmap.org/relation/9533,Paris 11e Arrondissement,75111
https://www.openstreetmap.org/node/1307318857,https://www.openstreetmap.org/relation/6948561,Rue de Charonne,https://www.openstreetmap.org/relation/9533,Paris 11e Arrondissement,75111
https://www.openstreetmap.org/node/1307318866,https://www.openstreetmap.org/relation/6948561,Rue de Charonne,https://www.openstreetmap.org/relation/9533,Paris 11e Arrondissement,75111
https://www.openstreetmap.org/node/1307318873,https://www.openstreetmap.org/relation/11831780,Rue Saint-Bernard,https://www.openstreetmap.org/relation/9533,Paris 11e Arrondissement,75111
https://www.openstreetmap.org/node/1307318875,https://www.openstreetmap.org/relation/11831866,Passage Lhomme,https://www.openstreetmap.org/relation/9533,Paris 11e Arrondissement,75111
https://www.openstreetmap.org/node/1307318898,https://www.openstreetmap.org/relation/6948561,Rue de Charonne,https://www.openstreetmap.org/relation/9533,Paris 11e Arrondissement,75111
https://www.openstreetmap.org/node/1307318917,https://www.openstreetmap.org/relation/6948561,Rue de Charonne,https://www.openstreetmap.org/relation/9533,Paris 11e Arrondissement,75111
https://www.openstreetmap.org/node/1307318920,https://www.openstreetmap.org/relation/11831782,Passage Saint-Antoine,https://www.openstreetmap.org/relation/9533,Paris 11e Arrondissement,75111
https://www.openstreetmap.org/node/1307318924,https://www.openstreetmap.org/relation/11831866,Passage Lhomme,https://www.openstreetmap.org/relation/9533,Paris 11e Arrondissement,75111
https://www.openstreetmap.org/node/1307318935,https://www.openstreetmap.org/relation/11831866,Passage Lhomme,https://www.openstreetmap.org/relation/9533,Paris 11e Arrondissement,75111
https://www.openstreetmap.org/node/1307318938,https://www.openstreetmap.org/relation/6948561,Rue de Charonne,https://www.openstreetmap.org/relation/9533,Paris 11e Arrondissement,75111
https://www.openstreetmap.org/node/1307318969,https://www.openstreetmap.org/relation/11831879,Passage Josset,https://www.openstreetmap.org/relation/9533,Paris 11e Arrondissement,75111
https://www.openstreetmap.org/node/1307319024,https://www.openstreetmap.org/relation/6948561,Rue de Charonne,https://www.openstreetmap.org/relation/9533,Paris 11e Arrondissement,75111
https://www.openstreetmap.org/node/1307319029,https://www.openstreetmap.org/relation/6948561,Rue de Charonne,https://www.openstreetmap.org/relation/9533,Paris 11e Arrondissement,75111
https://www.openstreetmap.org/node/1307319032,https://www.openstreetmap.org/relation/11831879,Passage Josset,https://www.openstreetmap.org/relation/9533,Paris 11e Arrondissement,75111
https://www.openstreetmap.org/node/1307319047,https://www.openstreetmap.org/relation/6948561,Rue de Charonne,https://www.openstreetmap.org/relation/9533,Paris 11e Arrondissement,75111
https://www.openstreetmap.org/node/1307319092,https://www.openstreetmap.org/relation/6948561,Rue de Charonne,https://www.openstreetmap.org/relation/9533,Paris 11e Arrondissement,75111
https://www.openstreetmap.org/node/1307319096,https://www.openstreetmap.org/relation/11831866,Passage Lhomme,https://www.openstreetmap.org/relation/9533,Paris 11e Arrondissement,75111
https://www.openstreetmap.org/node/1307319099,https://www.openstreetmap.org/relation/6948561,Rue de Charonne,https://www.openstreetmap.org/relation/9533,Paris 11e Arrondissement,75111
https://www.openstreetmap.org/node/1307319101,https://www.openstreetmap.org/relation/11831976,Passage de la Bonne Graine,https://www.openstreetmap.org/relation/9533,Paris 11e Arrondissement,75111
https://www.openstreetmap.org/node/1307319116,https://www.openstreetmap.org/relation/6948561,Rue de Charonne,https://www.openstreetmap.org/relation/9533,Paris 11e Arrondissement,75111
https://www.openstreetmap.org/node/1307319143,https://www.openstreetmap.org/relation/6948561,Rue de Charonne,https://www.openstreetmap.org/relation/9533,Paris 11e Arrondissement,75111
https://www.openstreetmap.org/node/1307319159,https://www.openstreetmap.org/relation/6948561,Rue de Charonne,https://www.openstreetmap.org/relation/9533,Paris 11e Arrondissement,75111
https://www.openstreetmap.org/node/1307319160,https://www.openstreetmap.org/relation/11831782,Passage Saint-Antoine,https://www.openstreetmap.org/relation/9533,Paris 11e Arrondissement,75111
https://www.openstreetmap.org/node/1307319178,https://www.openstreetmap.org/relation/6948561,Rue de Charonne,https://www.openstreetmap.org/relation/9533,Paris 11e Arrondissement,75111
https://www.openstreetmap.org/node/1307319192,https://www.openstreetmap.org/relation/11831866,Passage Lhomme,https://www.openstreetmap.org/relation/9533,Paris 11e Arrondissement,75111
https://www.openstreetmap.org/node/1307319218,https://www.openstreetmap.org/relation/11831879,Passage Josset,https://www.openstreetmap.org/relation/9533,Paris 11e Arrondissement,75111
https://www.openstreetmap.org/node/1307319233,https://www.openstreetmap.org/relation/6948561,Rue de Charonne,https://www.openstreetmap.org/relation/9533,Paris 11e Arrondissement,75111
https://www.openstreetmap.org/node/1307319252,https://www.openstreetmap.org/relation/11831780,Rue Saint-Bernard,https://www.openstreetmap.org/relation/9533,Paris 11e Arrondissement,75111
https://www.openstreetmap.org/node/1307319259,https://www.openstreetmap.org/relation/11831879,Passage Josset,https://www.openstreetmap.org/relation/9533,Paris 11e Arrondissement,75111
https://www.openstreetmap.org/node/1307319265,https://www.openstreetmap.org/relation/11831879,Passage Josset,https://www.openstreetmap.org/relation/9533,Paris 11e Arrondissement,75111
https://www.openstreetmap.org/node/1307319269,https://www.openstreetmap.org/relation/11831879,Passage Josset,https://www.openstreetmap.org/relation/9533,Paris 11e Arrondissement,75111
https://www.openstreetmap.org/node/1307319270,https://www.openstreetmap.org/relation/6948561,Rue de Charonne,https://www.openstreetmap.org/relation/9533,Paris 11e Arrondissement,75111
https://www.openstreetmap.org/node/1307319271,https://www.openstreetmap.org/relation/6948561,Rue de Charonne,https://www.openstreetmap.org/relation/9533,Paris 11e Arrondissement,75111
https://www.openstreetmap.org/node/1307319277,https://www.openstreetmap.org/relation/6948561,Rue de Charonne,https://www.openstreetmap.org/relation/9533,Paris 11e Arrondissement,75111
https://www.openstreetmap.org/node/1307319286,https://www.openstreetmap.org/relation/11831782,Passage Saint-Antoine,https://www.openstreetmap.org/relation/9533,Paris 11e Arrondissement,75111
https://www.openstreetmap.org/node/1307319298,https://www.openstreetmap.org/relation/11831866,Passage Lhomme,https://www.openstreetmap.org/relation/9533,Paris 11e Arrondissement,75111
https://www.openstreetmap.org/node/1307319299,https://www.openstreetmap.org/relation/6948561,Rue de Charonne,https://www.openstreetmap.org/relation/9533,Paris 11e Arrondissement,75111
https://www.openstreetmap.org/node/1307319303,https://www.openstreetmap.org/relation/6948561,Rue de Charonne,https://www.openstreetmap.org/relation/9533,Paris 11e Arrondissement,75111
https://www.openstreetmap.org/node/1307319304,https://www.openstreetmap.org/relation/6948561,Rue de Charonne,https://www.openstreetmap.org/relation/9533,Paris 11e Arrondissement,75111
https://www.openstreetmap.org/node/1307319306,https://www.openstreetmap.org/relation/11831866,Passage Lhomme,https://www.openstreetmap.org/relation/9533,Paris 11e Arrondissement,75111
https://www.openstreetmap.org/node/1307319320,https://www.openstreetmap.org/relation/6948561,Rue de Charonne,https://www.openstreetmap.org/relation/9533,Paris 11e Arrondissement,75111
https://www.openstreetmap.org/node/1307319325,https://www.openstreetmap.org/relation/6948561,Rue de Charonne,https://www.openstreetmap.org/relation/9533,Paris 11e Arrondissement,75111
https://www.openstreetmap.org/node/1307319326,https://www.openstreetmap.org/relation/11831782,Passage Saint-Antoine,https://www.openstreetmap.org/relation/9533,Paris 11e Arrondissement,75111
https://www.openstreetmap.org/node/1307319330,https://www.openstreetmap.org/relation/11831879,Passage Josset,https://www.openstreetmap.org/relation/9533,Paris 11e Arrondissement,75111
https://www.openstreetmap.org/node/1307319331,https://www.openstreetmap.org/relation/6948561,Rue de Charonne,https://www.openstreetmap.org/relation/9533,Paris 11e Arrondissement,75111
https://www.openstreetmap.org/node/1307319335,https://www.openstreetmap.org/relation/11831866,Passage Lhomme,https://www.openstreetmap.org/relation/9533,Paris 11e Arrondissement,75111
https://www.openstreetmap.org/node/1307319336,https://www.openstreetmap.org/relation/6948561,Rue de Charonne,https://www.openstreetmap.org/relation/9533,Paris 11e Arrondissement,75111
https://www.openstreetmap.org/node/1307319349,https://www.openstreetmap.org/relation/6948561,Rue de Charonne,https://www.openstreetmap.org/relation/9533,Paris 11e Arrondissement,75111
https://www.openstreetmap.org/node/1307319359,https://www.openstreetmap.org/relation/6948561,Rue de Charonne,https://www.openstreetmap.org/relation/9533,Paris 11e Arrondissement,75111
https://www.openstreetmap.org/node/1307319365,https://www.openstreetmap.org/relation/11831866,Passage Lhomme,https://www.openstreetmap.org/relation/9533,Paris 11e Arrondissement,75111
https://www.openstreetmap.org/node/1307319366,https://www.openstreetmap.org/relation/6948561,Rue de Charonne,https://www.openstreetmap.org/relation/9533,Paris 11e Arrondissement,75111
https://www.openstreetmap.org/node/1307325793,https://www.openstreetmap.org/relation/6948561,Rue de Charonne,https://www.openstreetmap.org/relation/9533,Paris 11e Arrondissement,75111
https://www.openstreetmap.org/node/1307325798,https://www.openstreetmap.org/relation/6948561,Rue de Charonne,https://www.openstreetmap.org/relation/9533,Paris 11e Arrondissement,75111
https://www.openstreetmap.org/node/1307325805,https://www.openstreetmap.org/relation/6948561,Rue de Charonne,https://www.openstreetmap.org/relation/9533,Paris 11e Arrondissement,75111
https://www.openstreetmap.org/node/1307325814,https://www.openstreetmap.org/relation/6948561,Rue de Charonne,https://www.openstreetmap.org/relation/9533,Paris 11e Arrondissement,75111
https://www.openstreetmap.org/node/1307325815,https://www.openstreetmap.org/relation/6948561,Rue de Charonne,https://www.openstreetmap.org/relation/9533,Paris 11e Arrondissement,75111
https://www.openstreetmap.org/node/1307325835,https://www.openstreetmap.org/relation/6948561,Rue de Charonne,https://www.openstreetmap.org/relation/9533,Paris 11e Arrondissement,75111
https://www.openstreetmap.org/node/1307325845,https://www.openstreetmap.org/relation/6948561,Rue de Charonne,https://www.openstreetmap.org/relation/9533,Paris 11e Arrondissement,75111
https://www.openstreetmap.org/node/1307325848,https://www.openstreetmap.org/relation/6948561,Rue de Charonne,https://www.openstreetmap.org/relation/9533,Paris 11e Arrondissement,75111
https://www.openstreetmap.org/node/1307325856,https://www.openstreetmap.org/relation/6948561,Rue de Charonne,https://www.openstreetmap.org/relation/9533,Paris 11e Arrondissement,75111
https://www.openstreetmap.org/node/1307325862,https://www.openstreetmap.org/relation/6948561,Rue de Charonne,https://www.openstreetmap.org/relation/9533,Paris 11e Arrondissement,75111
https://www.openstreetmap.org/node/1307325870,https://www.openstreetmap.org/relation/6948561,Rue de Charonne,https://www.openstreetmap.org/relation/9533,Paris 11e Arrondissement,75111
https://www.openstreetmap.org/node/1307325883,https://www.openstreetmap.org/relation/6948561,Rue de Charonne,https://www.openstreetmap.org/relation/9533,Paris 11e Arrondissement,75111
https://www.openstreetmap.org/node/1307325898,https://www.openstreetmap.org/relation/6948561,Rue de Charonne,https://www.openstreetmap.org/relation/9533,Paris 11e Arrondissement,75111
https://www.openstreetmap.org/node/1307325916,https://www.openstreetmap.org/relation/6948561,Rue de Charonne,https://www.openstreetmap.org/relation/9533,Paris 11e Arrondissement,75111
https://www.openstreetmap.org/node/1312774791,https://www.openstreetmap.org/relation/11831751,Passage Thiéré,https://www.openstreetmap.org/relation/9533,Paris 11e Arrondissement,75111
https://www.openstreetmap.org/node/1312774793,https://www.openstreetmap.org/relation/11831755,Rue des Taillandiers,https://www.openstreetmap.org/relation/9533,Paris 11e Arrondissement,75111
https://www.openstreetmap.org/node/1312774806,https://www.openstreetmap.org/relation/11831863,Passage Louis-Philippe,https://www.openstreetmap.org/relation/9533,Paris 11e Arrondissement,75111
https://www.openstreetmap.org/node/1312774809,https://www.openstreetmap.org/relation/11831751,Passage Thiéré,https://www.openstreetmap.org/relation/9533,Paris 11e Arrondissement,75111
https://www.openstreetmap.org/node/1312774812,https://www.openstreetmap.org/relation/11831755,Rue des Taillandiers,https://www.openstreetmap.org/relation/9533,Paris 11e Arrondissement,75111
https://www.openstreetmap.org/node/1312774814,https://www.openstreetmap.org/relation/11831863,Passage Louis-Philippe,https://www.openstreetmap.org/relation/9533,Paris 11e Arrondissement,75111
https://www.openstreetmap.org/node/1312774827,https://www.openstreetmap.org/relation/11831751,Passage Thiéré,https://www.openstreetmap.org/relation/9533,Paris 11e Arrondissement,75111
https://www.openstreetmap.org/node/1312774831,https://www.openstreetmap.org/relation/11831755,Rue des Taillandiers,https://www.openstreetmap.org/relation/9533,Paris 11e Arrondissement,75111
https://www.openstreetmap.org/node/1312774835,https://www.openstreetmap.org/relation/11831751,Passage Thiéré,https://www.openstreetmap.org/relation/9533,Paris 11e Arrondissement,75111
https://www.openstreetmap.org/node/1312774840,https://www.openstreetmap.org/relation/11831755,Rue des Taillandiers,https://www.openstreetmap.org/relation/9533,Paris 11e Arrondissement,75111
https://www.openstreetmap.org/node/1312774843,https://www.openstreetmap.org/relation/11831863,Passage Louis-Philippe,https://www.openstreetmap.org/relation/9533,Paris 11e Arrondissement,75111
https://www.openstreetmap.org/node/1312774845,https://www.openstreetmap.org/relation/11831751,Passage Thiéré,https://www.openstreetmap.org/relation/9533,Paris 11e Arrondissement,75111
https://www.openstreetmap.org/node/1312774848,https://www.openstreetmap.org/relation/11831751,Passage Thiéré,https://www.openstreetmap.org/relation/9533,Paris 11e Arrondissement,75111
https://www.openstreetmap.org/node/1312774851,https://www.openstreetmap.org/relation/11831755,Rue des Taillandiers,https://www.openstreetmap.org/relation/9533,Paris 11e Arrondissement,75111
https://www.openstreetmap.org/node/1312774855,https://www.openstreetmap.org/relation/11831751,Passage Thiéré,https://www.openstreetmap.org/relation/9533,Paris 11e Arrondissement,75111
https://www.openstreetmap.org/node/1312774858,https://www.openstreetmap.org/relation/11831755,Rue des Taillandiers,https://www.openstreetmap.org/relation/9533,Paris 11e Arrondissement,75111
https://www.openstreetmap.org/node/1312774860,https://www.openstreetmap.org/relation/11831751,Passage Thiéré,https://www.openstreetmap.org/relation/9533,Paris 11e Arrondissement,75111
https://www.openstreetmap.org/node/1312774861,https://www.openstreetmap.org/relation/11831755,Rue des Taillandiers,https://www.openstreetmap.org/relation/9533,Paris 11e Arrondissement,75111
https://www.openstreetmap.org/node/1312774862,https://www.openstreetmap.org/relation/11831751,Passage Thiéré,https://www.openstreetmap.org/relation/9533,Paris 11e Arrondissement,75111
https://www.openstreetmap.org/node/1312774863,https://www.openstreetmap.org/relation/11831751,Passage Thiéré,https://www.openstreetmap.org/relation/9533,Paris 11e Arrondissement,75111
https://www.openstreetmap.org/node/1312774864,https://www.openstreetmap.org/relation/11831755,Rue des Taillandiers,https://www.openstreetmap.org/relation/9533,Paris 11e Arrondissement,75111
https://www.openstreetmap.org/node/1312774865,https://www.openstreetmap.org/relation/11831751,Passage Thiéré,https://www.openstreetmap.org/relation/9533,Paris 11e Arrondissement,75111
https://www.openstreetmap.org/node/1312774866,https://www.openstreetmap.org/relation/11831755,Rue des Taillandiers,https://www.openstreetmap.org/relation/9533,Paris 11e Arrondissement,75111
https://www.openstreetmap.org/node/1312774867,https://www.openstreetmap.org/relation/11831751,Passage Thiéré,https://www.openstreetmap.org/relation/9533,Paris 11e Arrondissement,75111
https://www.openstreetmap.org/node/1312774868,https://www.openstreetmap.org/relation/11831755,Rue des Taillandiers,https://www.openstreetmap.org/relation/9533,Paris 11e Arrondissement,75111
https://www.openstreetmap.org/node/1312774869,https://www.openstreetmap.org/relation/11831863,Passage Louis-Philippe,https://www.openstreetmap.org/relation/9533,Paris 11e Arrondissement,75111
https://www.openstreetmap.org/node/1312774870,https://www.openstreetmap.org/relation/11831751,Passage Thiéré,https://www.openstreetmap.org/relation/9533,Paris 11e Arrondissement,75111
https://www.openstreetmap.org/node/1312774871,https://www.openstreetmap.org/relation/11831755,Rue des Taillandiers,https://www.openstreetmap.org/relation/9533,Paris 11e Arrondissement,75111
https://www.openstreetmap.org/node/1312774872,https://www.openstreetmap.org/relation/11831751,Passage Thiéré,https://www.openstreetmap.org/relation/9533,Paris 11e Arrondissement,75111
https://www.openstreetmap.org/node/1312774873,https://www.openstreetmap.org/relation/11831755,Rue des Taillandiers,https://www.openstreetmap.org/relation/9533,Paris 11e Arrondissement,75111
https://www.openstreetmap.org/node/1312774874,https://www.openstreetmap.org/relation/11831751,Passage Thiéré,https://www.openstreetmap.org/relation/9533,Paris 11e Arrondissement,75111
https://www.openstreetmap.org/node/1312774875,https://www.openstreetmap.org/relation/11831755,Rue des Taillandiers,https://www.openstreetmap.org/relation/9533,Paris 11e Arrondissement,75111
https://www.openstreetmap.org/node/1312774876,https://www.openstreetmap.org/relation/11831755,Rue des Taillandiers,https://www.openstreetmap.org/relation/9533,Paris 11e Arrondissement,75111
https://www.openstreetmap.org/node/1312774877,https://www.openstreetmap.org/relation/11831751,Passage Thiéré,https://www.openstreetmap.org/relation/9533,Paris 11e Arrondissement,75111
https://www.openstreetmap.org/node/1312774878,https://www.openstreetmap.org/relation/11831755,Rue des Taillandiers,https://www.openstreetmap.org/relation/9533,Paris 11e Arrondissement,75111
https://www.openstreetmap.org/node/1312774879,https://www.openstreetmap.org/relation/11831755,Rue des Taillandiers,https://www.openstreetmap.org/relation/9533,Paris 11e Arrondissement,75111
https://www.openstreetmap.org/node/1312774880,https://www.openstreetmap.org/relation/11831751,Passage Thiéré,https://www.openstreetmap.org/relation/9533,Paris 11e Arrondissement,75111
https://www.openstreetmap.org/node/1312774881,https://www.openstreetmap.org/relation/11831755,Rue des Taillandiers,https://www.openstreetmap.org/relation/9533,Paris 11e Arrondissement,75111
https://www.openstreetmap.org/node/1312774882,https://www.openstreetmap.org/relation/11831751,Passage Thiéré,https://www.openstreetmap.org/relation/9533,Paris 11e Arrondissement,75111
https://www.openstreetmap.org/node/1312774883,https://www.openstreetmap.org/relation/11831755,Rue des Taillandiers,https://www.openstreetmap.org/relation/9533,Paris 11e Arrondissement,75111
https://www.openstreetmap.org/node/1312774884,https://www.openstreetmap.org/relation/11831751,Passage Thiéré,https://www.openstreetmap.org/relation/9533,Paris 11e Arrondissement,75111
https://www.openstreetmap.org/node/1312774885,https://www.openstreetmap.org/relation/11831751,Passage Thiéré,https://www.openstreetmap.org/relation/9533,Paris 11e Arrondissement,75111
https://www.openstreetmap.org/node/1312774887,https://www.openstreetmap.org/relation/11831751,Passage Thiéré,https://www.openstreetmap.org/relation/9533,Paris 11e Arrondissement,75111
https://www.openstreetmap.org/node/1312774889,https://www.openstreetmap.org/relation/11831751,Passage Thiéré,https://www.openstreetmap.org/relation/9533,Paris 11e Arrondissement,75111
https://www.openstreetmap.org/node/1312774890,https://www.openstreetmap.org/relation/11831751,Passage Thiéré,https://www.openstreetmap.org/relation/9533,Paris 11e Arrondissement,75111
https://www.openstreetmap.org/node/1312774892,https://www.openstreetmap.org/relation/11831755,Rue des Taillandiers,https://www.openstreetmap.org/relation/9533,Paris 11e Arrondissement,75111
https://www.openstreetmap.org/node/1312774893,https://www.openstreetmap.org/relation/11831863,Passage Louis-Philippe,https://www.openstreetmap.org/relation/9533,Paris 11e Arrondissement,75111
https://www.openstreetmap.org/node/1312774895,https://www.openstreetmap.org/relation/11831755,Rue des Taillandiers,https://www.openstreetmap.org/relation/9533,Paris 11e Arrondissement,75111
https://www.openstreetmap.org/node/1312774898,https://www.openstreetmap.org/relation/11831863,Passage Louis-Philippe,https://www.openstreetmap.org/relation/9533,Paris 11e Arrondissement,75111
https://www.openstreetmap.org/node/1312774899,https://www.openstreetmap.org/relation/11831751,Passage Thiéré,https://www.openstreetmap.org/relation/9533,Paris 11e Arrondissement,75111
https://www.openstreetmap.org/node/1312774901,https://www.openstreetmap.org/relation/11831755,Rue des Taillandiers,https://www.openstreetmap.org/relation/9533,Paris 11e Arrondissement,75111
https://www.openstreetmap.org/node/1312774904,https://www.openstreetmap.org/relation/11831863,Passage Louis-Philippe,https://www.openstreetmap.org/relation/9533,Paris 11e Arrondissement,75111
https://www.openstreetmap.org/node/1312774907,https://www.openstreetmap.org/relation/11831751,Passage Thiéré,https://www.openstreetmap.org/relation/9533,Paris 11e Arrondissement,75111
https://www.openstreetmap.org/node/1312774908,https://www.openstreetmap.org/relation/11831755,Rue des Taillandiers,https://www.openstreetmap.org/relation/9533,Paris 11e Arrondissement,75111
https://www.openstreetmap.org/node/1312774909,https://www.openstreetmap.org/relation/11831863,Passage Louis-Philippe,https://www.openstreetmap.org/relation/9533,Paris 11e Arrondissement,75111
https://www.openstreetmap.org/node/1312774913,https://www.openstreetmap.org/relation/11831751,Passage Thiéré,https://www.openstreetmap.org/relation/9533,Paris 11e Arrondissement,75111
https://www.openstreetmap.org/node/1312774915,https://www.openstreetmap.org/relation/11831755,Rue des Taillandiers,https://www.openstreetmap.org/relation/9533,Paris 11e Arrondissement,75111
https://www.openstreetmap.org/node/1312774916,https://www.openstreetmap.org/relation/11831863,Passage Louis-Philippe,https://www.openstreetmap.org/relation/9533,Paris 11e Arrondissement,75111
https://www.openstreetmap.org/node/1312774917,https://www.openstreetmap.org/relation/11831751,Passage Thiéré,https://www.openstreetmap.org/relation/9533,Paris 11e Arrondissement,75111
https://www.openstreetmap.org/node/1312774919,https://www.openstreetmap.org/relation/11831755,Rue des Taillandiers,https://www.openstreetmap.org/relation/9533,Paris 11e Arrondissement,75111
https://www.openstreetmap.org/node/1312774920,https://www.openstreetmap.org/relation/11831751,Passage Thiéré,https://www.openstreetmap.org/relation/9533,Paris 11e Arrondissement,75111
https://www.openstreetmap.org/node/1312774921,https://www.openstreetmap.org/relation/11831863,Passage Louis-Philippe,https://www.openstreetmap.org/relation/9533,Paris 11e Arrondissement,75111
https://www.openstreetmap.org/node/1312774923,https://www.openstreetmap.org/relation/11831755,Rue des Taillandiers,https://www.openstreetmap.org/relation/9533,Paris 11e Arrondissement,75111
https://www.openstreetmap.org/node/1312774924,https://www.openstreetmap.org/relation/11831751,Passage Thiéré,https://www.openstreetmap.org/relation/9533,Paris 11e Arrondissement,75111
https://www.openstreetmap.org/node/1312774925,https://www.openstreetmap.org/relation/11831755,Rue des Taillandiers,https://www.openstreetmap.org/relation/9533,Paris 11e Arrondissement,75111
https://www.openstreetmap.org/node/1312774926,https://www.openstreetmap.org/relation/11831863,Passage Louis-Philippe,https://www.openstreetmap.org/relation/9533,Paris 11e Arrondissement,75111
https://www.openstreetmap.org/node/1312774928,https://www.openstreetmap.org/relation/11831751,Passage Thiéré,https://www.openstreetmap.org/relation/9533,Paris 11e Arrondissement,75111
https://www.openstreetmap.org/node/1312774929,https://www.openstreetmap.org/relation/11831751,Passage Thiéré,https://www.openstreetmap.org/relation/9533,Paris 11e Arrondissement,75111
https://www.openstreetmap.org/node/1312774931,https://www.openstreetmap.org/relation/11831751,Passage Thiéré,https://www.openstreetmap.org/relation/9533,Paris 11e Arrondissement,75111
https://www.openstreetmap.org/node/1313543582,https://www.openstreetmap.org/relation/11831775,Cour Saint-Joseph,https://www.openstreetmap.org/relation/9533,Paris 11e Arrondissement,75111
https://www.openstreetmap.org/node/1313543584,https://www.openstreetmap.org/relation/11831871,Rue de Lappe,https://www.openstreetmap.org/relation/9533,Paris 11e Arrondissement,75111
https://www.openstreetmap.org/node/1313543586,https://www.openstreetmap.org/relation/11831775,Cour Saint-Joseph,https://www.openstreetmap.org/relation/9533,Paris 11e Arrondissement,75111
https://www.openstreetmap.org/node/1313543588,https://www.openstreetmap.org/relation/11831871,Rue de Lappe,https://www.openstreetmap.org/relation/9533,Paris 11e Arrondissement,75111
https://www.openstreetmap.org/node/1313543590,https://www.openstreetmap.org/relation/11831775,Cour Saint-Joseph,https://www.openstreetmap.org/relation/9533,Paris 11e Arrondissement,75111
https://www.openstreetmap.org/node/1313543592,https://www.openstreetmap.org/relation/11831871,Rue de Lappe,https://www.openstreetmap.org/relation/9533,Paris 11e Arrondissement,75111
https://www.openstreetmap.org/node/1313543593,https://www.openstreetmap.org/relation/11831775,Cour Saint-Joseph,https://www.openstreetmap.org/relation/9533,Paris 11e Arrondissement,75111
https://www.openstreetmap.org/node/1313543595,https://www.openstreetmap.org/relation/11831871,Rue de Lappe,https://www.openstreetmap.org/relation/9533,Paris 11e Arrondissement,75111
https://www.openstreetmap.org/node/1313543597,https://www.openstreetmap.org/relation/11831775,Cour Saint-Joseph,https://www.openstreetmap.org/relation/9533,Paris 11e Arrondissement,75111
https://www.openstreetmap.org/node/1313543599,https://www.openstreetmap.org/relation/11831871,Rue de Lappe,https://www.openstreetmap.org/relation/9533,Paris 11e Arrondissement,75111
https://www.openstreetmap.org/node/1313543600,https://www.openstreetmap.org/relation/11831886,Cour Jacques Viguès,https://www.openstreetmap.org/relation/9533,Paris 11e Arrondissement,75111
https://www.openstreetmap.org/node/1313543602,https://www.openstreetmap.org/relation/11831871,Rue de Lappe,https://www.openstreetmap.org/relation/9533,Paris 11e Arrondissement,75111
https://www.openstreetmap.org/node/1313543603,https://www.openstreetmap.org/relation/11831886,Cour Jacques Viguès,https://www.openstreetmap.org/relation/9533,Paris 11e Arrondissement,75111
https://www.openstreetmap.org/node/1313543605,https://www.openstreetmap.org/relation/11831871,Rue de Lappe,https://www.openstreetmap.org/relation/9533,Paris 11e Arrondissement,75111
https://www.openstreetmap.org/node/1313543606,https://www.openstreetmap.org/relation/11831886,Cour Jacques Viguès,https://www.openstreetmap.org/relation/9533,Paris 11e Arrondissement,75111
https://www.openstreetmap.org/node/1313543607,https://www.openstreetmap.org/relation/11831871,Rue de Lappe,https://www.openstreetmap.org/relation/9533,Paris 11e Arrondissement,75111
https://www.openstreetmap.org/node/1313543608,https://www.openstreetmap.org/relation/11831886,Cour Jacques Viguès,https://www.openstreetmap.org/relation/9533,Paris 11e Arrondissement,75111
https://www.openstreetmap.org/node/1313543610,https://www.openstreetmap.org/relation/11831871,Rue de Lappe,https://www.openstreetmap.org/relation/9533,Paris 11e Arrondissement,75111
https://www.openstreetmap.org/node/1313543611,https://www.openstreetmap.org/relation/11831886,Cour Jacques Viguès,https://www.openstreetmap.org/relation/9533,Paris 11e Arrondissement,75111
https://www.openstreetmap.org/node/1313543612,https://www.openstreetmap.org/relation/11831871,Rue de Lappe,https://www.openstreetmap.org/relation/9533,Paris 11e Arrondissement,75111
https://www.openstreetmap.org/node/1313543613,https://www.openstreetmap.org/relation/11831886,Cour Jacques Viguès,https://www.openstreetmap.org/relation/9533,Paris 11e Arrondissement,75111
https://www.openstreetmap.org/node/1313543615,https://www.openstreetmap.org/relation/11831871,Rue de Lappe,https://www.openstreetmap.org/relation/9533,Paris 11e Arrondissement,75111
https://www.openstreetmap.org/node/1313543616,https://www.openstreetmap.org/relation/11831775,Cour Saint-Joseph,https://www.openstreetmap.org/relation/9533,Paris 11e Arrondissement,75111
https://www.openstreetmap.org/node/1313543618,https://www.openstreetmap.org/relation/11831871,Rue de Lappe,https://www.openstreetmap.org/relation/9533,Paris 11e Arrondissement,75111
https://www.openstreetmap.org/node/1313543620,https://www.openstreetmap.org/relation/11831871,Rue de Lappe,https://www.openstreetmap.org/relation/9533,Paris 11e Arrondissement,75111
https://www.openstreetmap.org/node/1313543623,https://www.openstreetmap.org/relation/11831871,Rue de Lappe,https://www.openstreetmap.org/relation/9533,Paris 11e Arrondissement,75111
https://www.openstreetmap.org/node/1313543624,https://www.openstreetmap.org/relation/11831871,Rue de Lappe,https://www.openstreetmap.org/relation/9533,Paris 11e Arrondissement,75111
https://www.openstreetmap.org/node/1313543625,https://www.openstreetmap.org/relation/11831871,Rue de Lappe,https://www.openstreetmap.org/relation/9533,Paris 11e Arrondissement,75111
https://www.openstreetmap.org/node/1313543626,https://www.openstreetmap.org/relation/11831871,Rue de Lappe,https://www.openstreetmap.org/relation/9533,Paris 11e Arrondissement,75111
https://www.openstreetmap.org/node/1313543627,https://www.openstreetmap.org/relation/11831871,Rue de Lappe,https://www.openstreetmap.org/relation/9533,Paris 11e Arrondissement,75111
https://www.openstreetmap.org/node/1313543628,https://www.openstreetmap.org/relation/11831871,Rue de Lappe,https://www.openstreetmap.org/relation/9533,Paris 11e Arrondissement,75111
https://www.openstreetmap.org/node/1313543629,https://www.openstreetmap.org/relation/11831871,Rue de Lappe,https://www.openstreetmap.org/relation/9533,Paris 11e Arrondissement,75111
https://www.openstreetmap.org/node/1313543630,https://www.openstreetmap.org/relation/11831871,Rue de Lappe,https://www.openstreetmap.org/relation/9533,Paris 11e Arrondissement,75111
https://www.openstreetmap.org/node/1313543631,https://www.openstreetmap.org/relation/11831871,Rue de Lappe,https://www.openstreetmap.org/relation/9533,Paris 11e Arrondissement,75111
https://www.openstreetmap.org/node/1313543632,https://www.openstreetmap.org/relation/11831775,Cour Saint-Joseph,https://www.openstreetmap.org/relation/9533,Paris 11e Arrondissement,75111
https://www.openstreetmap.org/node/1313543634,https://www.openstreetmap.org/relation/11831871,Rue de Lappe,https://www.openstreetmap.org/relation/9533,Paris 11e Arrondissement,75111
https://www.openstreetmap.org/node/1313543636,https://www.openstreetmap.org/relation/11831871,Rue de Lappe,https://www.openstreetmap.org/relation/9533,Paris 11e Arrondissement,75111
https://www.openstreetmap.org/node/1313543637,https://www.openstreetmap.org/relation/11831871,Rue de Lappe,https://www.openstreetmap.org/relation/9533,Paris 11e Arrondissement,75111
https://www.openstreetmap.org/node/1313543638,https://www.openstreetmap.org/relation/11831871,Rue de Lappe,https://www.openstreetmap.org/relation/9533,Paris 11e Arrondissement,75111
https://www.openstreetmap.org/node/1313543639,https://www.openstreetmap.org/relation/11831871,Rue de Lappe,https://www.openstreetmap.org/relation/9533,Paris 11e Arrondissement,75111
https://www.openstreetmap.org/node/1313543640,https://www.openstreetmap.org/relation/11831871,Rue de Lappe,https://www.openstreetmap.org/relation/9533,Paris 11e Arrondissement,75111
https://www.openstreetmap.org/node/1313543641,https://www.openstreetmap.org/relation/11831871,Rue de Lappe,https://www.openstreetmap.org/relation/9533,Paris 11e Arrondissement,75111
https://www.openstreetmap.org/node/1313543642,https://www.openstreetmap.org/relation/11831871,Rue de Lappe,https://www.openstreetmap.org/relation/9533,Paris 11e Arrondissement,75111
https://www.openstreetmap.org/node/1313543643,https://www.openstreetmap.org/relation/11831871,Rue de Lappe,https://www.openstreetmap.org/relation/9533,Paris 11e Arrondissement,75111
https://www.openstreetmap.org/node/1313543644,https://www.openstreetmap.org/relation/11831871,Rue de Lappe,https://www.openstreetmap.org/relation/9533,Paris 11e Arrondissement,75111
https://www.openstreetmap.org/node/1313543645,https://www.openstreetmap.org/relation/11831775,Cour Saint-Joseph,https://www.openstreetmap.org/relation/9533,Paris 11e Arrondissement,75111
https://www.openstreetmap.org/node/1313543647,https://www.openstreetmap.org/relation/11831871,Rue de Lappe,https://www.openstreetmap.org/relation/9533,Paris 11e Arrondissement,75111
https://www.openstreetmap.org/node/1313543649,https://www.openstreetmap.org/relation/11831871,Rue de Lappe,https://www.openstreetmap.org/relation/9533,Paris 11e Arrondissement,75111
https://www.openstreetmap.org/node/1313543650,https://www.openstreetmap.org/relation/11831871,Rue de Lappe,https://www.openstreetmap.org/relation/9533,Paris 11e Arrondissement,75111
https://www.openstreetmap.org/node/1313543651,https://www.openstreetmap.org/relation/11831871,Rue de Lappe,https://www.openstreetmap.org/relation/9533,Paris 11e Arrondissement,75111
https://www.openstreetmap.org/node/1313543652,https://www.openstreetmap.org/relation/11831871,Rue de Lappe,https://www.openstreetmap.org/relation/9533,Paris 11e Arrondissement,75111
https://www.openstreetmap.org/node/1313543653,https://www.openstreetmap.org/relation/11831871,Rue de Lappe,https://www.openstreetmap.org/relation/9533,Paris 11e Arrondissement,75111
https://www.openstreetmap.org/node/1313543654,https://www.openstreetmap.org/relation/11831775,Cour Saint-Joseph,https://www.openstreetmap.org/relation/9533,Paris 11e Arrondissement,75111
https://www.openstreetmap.org/node/1313543655,https://www.openstreetmap.org/relation/11831871,Rue de Lappe,https://www.openstreetmap.org/relation/9533,Paris 11e Arrondissement,75111
https://www.openstreetmap.org/node/1313543658,https://www.openstreetmap.org/relation/11831775,Cour Saint-Joseph,https://www.openstreetmap.org/relation/9533,Paris 11e Arrondissement,75111
https://www.openstreetmap.org/node/1313543660,https://www.openstreetmap.org/relation/11831871,Rue de Lappe,https://www.openstreetmap.org/relation/9533,Paris 11e Arrondissement,75111
https://www.openstreetmap.org/node/1313543662,https://www.openstreetmap.org/relation/11831775,Cour Saint-Joseph,https://www.openstreetmap.org/relation/9533,Paris 11e Arrondissement,75111
https://www.openstreetmap.org/node/1313543664,https://www.openstreetmap.org/relation/11831871,Rue de Lappe,https://www.openstreetmap.org/relation/9533,Paris 11e Arrondissement,75111
https://www.openstreetmap.org/node/1313543666,https://www.openstreetmap.org/relation/11831775,Cour Saint-Joseph,https://www.openstreetmap.org/relation/9533,Paris 11e Arrondissement,75111
https://www.openstreetmap.org/node/1313543668,https://www.openstreetmap.org/relation/11831871,Rue de Lappe,https://www.openstreetmap.org/relation/9533,Paris 11e Arrondissement,75111
https://www.openstreetmap.org/node/1313543670,https://www.openstreetmap.org/relation/11831775,Cour Saint-Joseph,https://www.openstreetmap.org/relation/9533,Paris 11e Arrondissement,75111
https://www.openstreetmap.org/node/1313543675,https://www.openstreetmap.org/relation/11831871,Rue de Lappe,https://www.openstreetmap.org/relation/9533,Paris 11e Arrondissement,75111
https://www.openstreetmap.org/node/1316515263,https://www.openstreetmap.org/relation/11831824,Cité Parchappe,https://www.openstreetmap.org/relation/9533,Paris 11e Arrondissement,75111
https://www.openstreetmap.org/node/1316515267,https://www.openstreetmap.org/relation/6949984,Rue du Faubourg Saint-Antoine,https://www.openstreetmap.org/relation/9533,Paris 11e Arrondissement,75111
https://www.openstreetmap.org/node/1316515270,https://www.openstreetmap.org/relation/11831955,Passage du Cheval Blanc,https://www.openstreetmap.org/relation/9533,Paris 11e Arrondissement,75111
https://www.openstreetmap.org/node/1316515271,https://www.openstreetmap.org/relation/11831955,Passage du Cheval Blanc,https://www.openstreetmap.org/relation/9533,Paris 11e Arrondissement,75111
https://www.openstreetmap.org/node/1316515281,https://www.openstreetmap.org/relation/6949984,Rue du Faubourg Saint-Antoine,https://www.openstreetmap.org/relation/9533,Paris 11e Arrondissement,75111
https://www.openstreetmap.org/node/1316515283,https://www.openstreetmap.org/relation/11831955,Passage du Cheval Blanc,https://www.openstreetmap.org/relation/9533,Paris 11e Arrondissement,75111
https://www.openstreetmap.org/node/1316515285,https://www.openstreetmap.org/relation/11831955,Passage du Cheval Blanc,https://www.openstreetmap.org/relation/9533,Paris 11e Arrondissement,75111
https://www.openstreetmap.org/node/1316515287,https://www.openstreetmap.org/relation/6949984,Rue du Faubourg Saint-Antoine,https://www.openstreetmap.org/relation/9533,Paris 11e Arrondissement,75111
https://www.openstreetmap.org/node/1316515296,https://www.openstreetmap.org/relation/11831955,Passage du Cheval Blanc,https://www.openstreetmap.org/relation/9533,Paris 11e Arrondissement,75111
https://www.openstreetmap.org/node/1316515301,https://www.openstreetmap.org/relation/11831955,Passage du Cheval Blanc,https://www.openstreetmap.org/relation/9533,Paris 11e Arrondissement,75111
https://www.openstreetmap.org/node/1316515306,https://www.openstreetmap.org/relation/6949984,Rue du Faubourg Saint-Antoine,https://www.openstreetmap.org/relation/9533,Paris 11e Arrondissement,75111
https://www.openstreetmap.org/node/1316515307,https://www.openstreetmap.org/relation/11831955,Passage du Cheval Blanc,https://www.openstreetmap.org/relation/9533,Paris 11e Arrondissement,75111
https://www.openstreetmap.org/node/1316515309,https://www.openstreetmap.org/relation/6949984,Rue du Faubourg Saint-Antoine,https://www.openstreetmap.org/relation/9533,Paris 11e Arrondissement,75111
https://www.openstreetmap.org/node/1316515310,https://www.openstreetmap.org/relation/6949984,Rue du Faubourg Saint-Antoine,https://www.openstreetmap.org/relation/9533,Paris 11e Arrondissement,75111
https://www.openstreetmap.org/node/1316515323,https://www.openstreetmap.org/relation/6949984,Rue du Faubourg Saint-Antoine,https://www.openstreetmap.org/relation/9533,Paris 11e Arrondissement,75111
https://www.openstreetmap.org/node/1316515328,https://www.openstreetmap.org/relation/6949984,Rue du Faubourg Saint-Antoine,https://www.openstreetmap.org/relation/9533,Paris 11e Arrondissement,75111
https://www.openstreetmap.org/node/1316515331,https://www.openstreetmap.org/relation/6949984,Rue du Faubourg Saint-Antoine,https://www.openstreetmap.org/relation/9533,Paris 11e Arrondissement,75111
https://www.openstreetmap.org/node/1316515336,https://www.openstreetmap.org/relation/11831824,Cité Parchappe,https://www.openstreetmap.org/relation/9533,Paris 11e Arrondissement,75111
https://www.openstreetmap.org/node/1316515339,https://www.openstreetmap.org/relation/11831955,Passage du Cheval Blanc,https://www.openstreetmap.org/relation/9533,Paris 11e Arrondissement,75111
https://www.openstreetmap.org/node/1316515341,https://www.openstreetmap.org/relation/6949984,Rue du Faubourg Saint-Antoine,https://www.openstreetmap.org/relation/9533,Paris 11e Arrondissement,75111
https://www.openstreetmap.org/node/1316515344,https://www.openstreetmap.org/relation/6949984,Rue du Faubourg Saint-Antoine,https://www.openstreetmap.org/relation/9533,Paris 11e Arrondissement,75111
https://www.openstreetmap.org/node/1316515356,https://www.openstreetmap.org/relation/6949984,Rue du Faubourg Saint-Antoine,https://www.openstreetmap.org/relation/9533,Paris 11e Arrondissement,75111
https://www.openstreetmap.org/node/1316515359,https://www.openstreetmap.org/relation/6949984,Rue du Faubourg Saint-Antoine,https://www.openstreetmap.org/relation/9533,Paris 11e Arrondissement,75111
https://www.openstreetmap.org/node/1316515362,https://www.openstreetmap.org/relation/6949984,Rue du Faubourg Saint-Antoine,https://www.openstreetmap.org/relation/9533,Paris 11e Arrondissement,75111
https://www.openstreetmap.org/node/1316515367,https://www.openstreetmap.org/relation/11831824,Cité Parchappe,https://www.openstreetmap.org/relation/9533,Paris 11e Arrondissement,75111
https://www.openstreetmap.org/node/1316515368,https://www.openstreetmap.org/relation/6949984,Rue du Faubourg Saint-Antoine,https://www.openstreetmap.org/relation/9533,Paris 11e Arrondissement,75111
https://www.openstreetmap.org/node/1316515369,https://www.openstreetmap.org/relation/6949984,Rue du Faubourg Saint-Antoine,https://www.openstreetmap.org/relation/9533,Paris 11e Arrondissement,75111
https://www.openstreetmap.org/node/1316515386,https://www.openstreetmap.org/relation/6949984,Rue du Faubourg Saint-Antoine,https://www.openstreetmap.org/relation/9533,Paris 11e Arrondissement,75111
https://www.openstreetmap.org/node/1316515389,https://www.openstreetmap.org/relation/6949984,Rue du Faubourg Saint-Antoine,https://www.openstreetmap.org/relation/9533,Paris 11e Arrondissement,75111
https://www.openstreetmap.org/node/1316515390,https://www.openstreetmap.org/relation/6949984,Rue du Faubourg Saint-Antoine,https://www.openstreetmap.org/relation/9533,Paris 11e Arrondissement,75111
https://www.openstreetmap.org/node/1316515391,https://www.openstreetmap.org/relation/11831824,Cité Parchappe,https://www.openstreetmap.org/relation/9533,Paris 11e Arrondissement,75111
https://www.openstreetmap.org/node/1316515399,https://www.openstreetmap.org/relation/11831955,Passage du Cheval Blanc,https://www.openstreetmap.org/relation/9533,Paris 11e Arrondissement,75111
https://www.openstreetmap.org/node/1316515406,https://www.openstreetmap.org/relation/6949984,Rue du Faubourg Saint-Antoine,https://www.openstreetmap.org/relation/9533,Paris 11e Arrondissement,75111
https://www.openstreetmap.org/node/1316515408,https://www.openstreetmap.org/relation/6949984,Rue du Faubourg Saint-Antoine,https://www.openstreetmap.org/relation/9533,Paris 11e Arrondissement,75111
https://www.openstreetmap.org/node/1316515418,https://www.openstreetmap.org/relation/6949984,Rue du Faubourg Saint-Antoine,https://www.openstreetmap.org/relation/9533,Paris 11e Arrondissement,75111
https://www.openstreetmap.org/node/1316515422,https://www.openstreetmap.org/relation/6949984,Rue du Faubourg Saint-Antoine,https://www.openstreetmap.org/relation/9533,Paris 11e Arrondissement,75111
https://www.openstreetmap.org/node/1316515425,https://www.openstreetmap.org/relation/6949984,Rue du Faubourg Saint-Antoine,https://www.openstreetmap.org/relation/9533,Paris 11e Arrondissement,75111
https://www.openstreetmap.org/node/1316515427,https://www.openstreetmap.org/relation/11831824,Cité Parchappe,https://www.openstreetmap.org/relation/9533,Paris 11e Arrondissement,75111
https://www.openstreetmap.org/node/1316515433,https://www.openstreetmap.org/relation/6949984,Rue du Faubourg Saint-Antoine,https://www.openstreetmap.org/relation/9533,Paris 11e Arrondissement,75111
https://www.openstreetmap.org/node/1316515436,https://www.openstreetmap.org/relation/6949984,Rue du Faubourg Saint-Antoine,https://www.openstreetmap.org/relation/9533,Paris 11e Arrondissement,75111
https://www.openstreetmap.org/node/1316515441,https://www.openstreetmap.org/relation/6949984,Rue du Faubourg Saint-Antoine,https://www.openstreetmap.org/relation/9533,Paris 11e Arrondissement,75111
https://www.openstreetmap.org/node/1316515446,https://www.openstreetmap.org/relation/6949984,Rue du Faubourg Saint-Antoine,https://www.openstreetmap.org/relation/9533,Paris 11e Arrondissement,75111
https://www.openstreetmap.org/node/1316515451,https://www.openstreetmap.org/relation/6949984,Rue du Faubourg Saint-Antoine,https://www.openstreetmap.org/relation/9533,Paris 11e Arrondissement,75111
https://www.openstreetmap.org/node/1316515452,https://www.openstreetmap.org/relation/11831955,Passage du Cheval Blanc,https://www.openstreetmap.org/relation/9533,Paris 11e Arrondissement,75111
https://www.openstreetmap.org/node/1316515454,https://www.openstreetmap.org/relation/6949984,Rue du Faubourg Saint-Antoine,https://www.openstreetmap.org/relation/9533,Paris 11e Arrondissement,75111
https://www.openstreetmap.org/node/1316515466,https://www.openstreetmap.org/relation/6949984,Rue du Faubourg Saint-Antoine,https://www.openstreetmap.org/relation/9533,Paris 11e Arrondissement,75111
https://www.openstreetmap.org/node/1316515468,https://www.openstreetmap.org/relation/6949984,Rue du Faubourg Saint-Antoine,https://www.openstreetmap.org/relation/9533,Paris 11e Arrondissement,75111
https://www.openstreetmap.org/node/1316515469,https://www.openstreetmap.org/relation/6949984,Rue du Faubourg Saint-Antoine,https://www.openstreetmap.org/relation/9533,Paris 11e Arrondissement,75111
https://www.openstreetmap.org/node/1316515470,https://www.openstreetmap.org/relation/6949984,Rue du Faubourg Saint-Antoine,https://www.openstreetmap.org/relation/9533,Paris 11e Arrondissement,75111
https://www.openstreetmap.org/node/1316515482,https://www.openstreetmap.org/relation/6949984,Rue du Faubourg Saint-Antoine,https://www.openstreetmap.org/relation/9533,Paris 11e Arrondissement,75111
https://www.openstreetmap.org/node/1316515484,https://www.openstreetmap.org/relation/11831955,Passage du Cheval Blanc,https://www.openstreetmap.org/relation/9533,Paris 11e Arrondissement,75111
https://www.openstreetmap.org/node/1316515486,https://www.openstreetmap.org/relation/6949984,Rue du Faubourg Saint-Antoine,https://www.openstreetmap.org/relation/9533,Paris 11e Arrondissement,75111
https://www.openstreetmap.org/node/1316515487,https://www.openstreetmap.org/relation/6949984,Rue du Faubourg Saint-Antoine,https://www.openstreetmap.org/relation/9533,Paris 11e Arrondissement,75111
https://www.openstreetmap.org/node/1316515494,https://www.openstreetmap.org/relation/6949984,Rue du Faubourg Saint-Antoine,https://www.openstreetmap.org/relation/9533,Paris 11e Arrondissement,75111
https://www.openstreetmap.org/node/1316515497,https://www.openstreetmap.org/relation/6949984,Rue du Faubourg Saint-Antoine,https://www.openstreetmap.org/relation/9533,Paris 11e Arrondissement,75111
https://www.openstreetmap.org/node/1316515500,https://www.openstreetmap.org/relation/6949984,Rue du Faubourg Saint-Antoine,https://www.openstreetmap.org/relation/9533,Paris 11e Arrondissement,75111
https://www.openstreetmap.org/node/1316515501,https://www.openstreetmap.org/relation/11831955,Passage du Cheval Blanc,https://www.openstreetmap.org/relation/9533,Paris 11e Arrondissement,75111
https://www.openstreetmap.org/node/1316515513,https://www.openstreetmap.org/relation/6949984,Rue du Faubourg Saint-Antoine,https://www.openstreetmap.org/relation/9533,Paris 11e Arrondissement,75111
https://www.openstreetmap.org/node/1316515516,https://www.openstreetmap.org/relation/6949984,Rue du Faubourg Saint-Antoine,https://www.openstreetmap.org/relation/9533,Paris 11e Arrondissement,75111
https://www.openstreetmap.org/node/1316515529,https://www.openstreetmap.org/relation/6949984,Rue du Faubourg Saint-Antoine,https://www.openstreetmap.org/relation/9533,Paris 11e Arrondissement,75111
https://www.openstreetmap.org/node/1316515533,https://www.openstreetmap.org/relation/6949984,Rue du Faubourg Saint-Antoine,https://www.openstreetmap.org/relation/9533,Paris 11e Arrondissement,75111
https://www.openstreetmap.org/node/1316545685,https://www.openstreetmap.org/relation/6949872,Rue de Montreuil,https://www.openstreetmap.org/relation/9533,Paris 11e Arrondissement,75111
https://www.openstreetmap.org/node/1316545694,https://www.openstreetmap.org/relation/6949984,Rue du Faubourg Saint-Antoine,https://www.openstreetmap.org/relation/9533,Paris 11e Arrondissement,75111
https://www.openstreetmap.org/node/1316545698,https://www.openstreetmap.org/relation/6949984,Rue du Faubourg Saint-Antoine,https://www.openstreetmap.org/relation/9533,Paris 11e Arrondissement,75111
https://www.openstreetmap.org/node/1316545701,https://www.openstreetmap.org/relation/6949984,Rue du Faubourg Saint-Antoine,https://www.openstreetmap.org/relation/9533,Paris 11e Arrondissement,75111
https://www.openstreetmap.org/node/1316545704,https://www.openstreetmap.org/relation/6949984,Rue du Faubourg Saint-Antoine,https://www.openstreetmap.org/relation/9533,Paris 11e Arrondissement,75111
https://www.openstreetmap.org/node/1316545707,https://www.openstreetmap.org/relation/6949984,Rue du Faubourg Saint-Antoine,https://www.openstreetmap.org/relation/9533,Paris 11e Arrondissement,75111
https://www.openstreetmap.org/node/1316545713,https://www.openstreetmap.org/relation/6949984,Rue du Faubourg Saint-Antoine,https://www.openstreetmap.org/relation/9533,Paris 11e Arrondissement,75111
https://www.openstreetmap.org/node/1316545714,https://www.openstreetmap.org/relation/6949984,Rue du Faubourg Saint-Antoine,https://www.openstreetmap.org/relation/9533,Paris 11e Arrondissement,75111
https://www.openstreetmap.org/node/1316545716,https://www.openstreetmap.org/relation/6949984,Rue du Faubourg Saint-Antoine,https://www.openstreetmap.org/relation/9533,Paris 11e Arrondissement,75111
https://www.openstreetmap.org/node/1316545719,https://www.openstreetmap.org/relation/6949984,Rue du Faubourg Saint-Antoine,https://www.openstreetmap.org/relation/9533,Paris 11e Arrondissement,75111
https://www.openstreetmap.org/node/1316545729,https://www.openstreetmap.org/relation/6949984,Rue du Faubourg Saint-Antoine,https://www.openstreetmap.org/relation/9533,Paris 11e Arrondissement,75111
https://www.openstreetmap.org/node/1316545730,https://www.openstreetmap.org/relation/6949984,Rue du Faubourg Saint-Antoine,https://www.openstreetmap.org/relation/9533,Paris 11e Arrondissement,75111
https://www.openstreetmap.org/node/1316545733,https://www.openstreetmap.org/relation/6949984,Rue du Faubourg Saint-Antoine,https://www.openstreetmap.org/relation/9533,Paris 11e Arrondissement,75111
https://www.openstreetmap.org/node/1316545736,https://www.openstreetmap.org/relation/6949984,Rue du Faubourg Saint-Antoine,https://www.openstreetmap.org/relation/9533,Paris 11e Arrondissement,75111
https://www.openstreetmap.org/node/1316545738,https://www.openstreetmap.org/relation/6949984,Rue du Faubourg Saint-Antoine,https://www.openstreetmap.org/relation/9533,Paris 11e Arrondissement,75111
https://www.openstreetmap.org/node/1316545751,https://www.openstreetmap.org/relation/6949984,Rue du Faubourg Saint-Antoine,https://www.openstreetmap.org/relation/9533,Paris 11e Arrondissement,75111
https://www.openstreetmap.org/node/1316545754,https://www.openstreetmap.org/relation/6949984,Rue du Faubourg Saint-Antoine,https://www.openstreetmap.org/relation/9533,Paris 11e Arrondissement,75111
https://www.openstreetmap.org/node/1316545756,https://www.openstreetmap.org/relation/6949984,Rue du Faubourg Saint-Antoine,https://www.openstreetmap.org/relation/9533,Paris 11e Arrondissement,75111
https://www.openstreetmap.org/node/1316545760,https://www.openstreetmap.org/relation/6949984,Rue du Faubourg Saint-Antoine,https://www.openstreetmap.org/relation/9533,Paris 11e Arrondissement,75111
https://www.openstreetmap.org/node/1316545768,https://www.openstreetmap.org/relation/6949984,Rue du Faubourg Saint-Antoine,https://www.openstreetmap.org/relation/9533,Paris 11e Arrondissement,75111
https://www.openstreetmap.org/node/1316545769,https://www.openstreetmap.org/relation/6949984,Rue du Faubourg Saint-Antoine,https://www.openstreetmap.org/relation/9533,Paris 11e Arrondissement,75111
https://www.openstreetmap.org/node/1316545771,https://www.openstreetmap.org/relation/6949984,Rue du Faubourg Saint-Antoine,https://www.openstreetmap.org/relation/9533,Paris 11e Arrondissement,75111
https://www.openstreetmap.org/node/1316545773,https://www.openstreetmap.org/relation/6949984,Rue du Faubourg Saint-Antoine,https://www.openstreetmap.org/relation/9533,Paris 11e Arrondissement,75111
https://www.openstreetmap.org/node/1316545775,https://www.openstreetmap.org/relation/6949984,Rue du Faubourg Saint-Antoine,https://www.openstreetmap.org/relation/9533,Paris 11e Arrondissement,75111
https://www.openstreetmap.org/node/1316545786,https://www.openstreetmap.org/relation/6949984,Rue du Faubourg Saint-Antoine,https://www.openstreetmap.org/relation/9533,Paris 11e Arrondissement,75111
https://www.openstreetmap.org/node/1316545788,https://www.openstreetmap.org/relation/6949984,Rue du Faubourg Saint-Antoine,https://www.openstreetmap.org/relation/9533,Paris 11e Arrondissement,75111
https://www.openstreetmap.org/node/1316545789,https://www.openstreetmap.org/relation/6949984,Rue du Faubourg Saint-Antoine,https://www.openstreetmap.org/relation/9533,Paris 11e Arrondissement,75111
https://www.openstreetmap.org/node/1316545791,https://www.openstreetmap.org/relation/6949984,Rue du Faubourg Saint-Antoine,https://www.openstreetmap.org/relation/9533,Paris 11e Arrondissement,75111
https://www.openstreetmap.org/node/1316545794,https://www.openstreetmap.org/relation/6949984,Rue du Faubourg Saint-Antoine,https://www.openstreetmap.org/relation/9533,Paris 11e Arrondissement,75111
https://www.openstreetmap.org/node/1316545807,https://www.openstreetmap.org/relation/6949984,Rue du Faubourg Saint-Antoine,https://www.openstreetmap.org/relation/9533,Paris 11e Arrondissement,75111
https://www.openstreetmap.org/node/1316545809,https://www.openstreetmap.org/relation/6949984,Rue du Faubourg Saint-Antoine,https://www.openstreetmap.org/relation/9533,Paris 11e Arrondissement,75111
https://www.openstreetmap.org/node/1316545811,https://www.openstreetmap.org/relation/6949984,Rue du Faubourg Saint-Antoine,https://www.openstreetmap.org/relation/9533,Paris 11e Arrondissement,75111
https://www.openstreetmap.org/node/1316545813,https://www.openstreetmap.org/relation/6949984,Rue du Faubourg Saint-Antoine,https://www.openstreetmap.org/relation/9533,Paris 11e Arrondissement,75111
https://www.openstreetmap.org/node/1316545824,https://www.openstreetmap.org/relation/6949984,Rue du Faubourg Saint-Antoine,https://www.openstreetmap.org/relation/9533,Paris 11e Arrondissement,75111
https://www.openstreetmap.org/node/1316545827,https://www.openstreetmap.org/relation/6949984,Rue du Faubourg Saint-Antoine,https://www.openstreetmap.org/relation/9533,Paris 11e Arrondissement,75111
https://www.openstreetmap.org/node/1316545828,https://www.openstreetmap.org/relation/6949984,Rue du Faubourg Saint-Antoine,https://www.openstreetmap.org/relation/9533,Paris 11e Arrondissement,75111
https://www.openstreetmap.org/node/1316545831,https://www.openstreetmap.org/relation/6949984,Rue du Faubourg Saint-Antoine,https://www.openstreetmap.org/relation/9533,Paris 11e Arrondissement,75111
https://www.openstreetmap.org/node/1316545834,https://www.openstreetmap.org/relation/6949984,Rue du Faubourg Saint-Antoine,https://www.openstreetmap.org/relation/9533,Paris 11e Arrondissement,75111
https://www.openstreetmap.org/node/1316545849,https://www.openstreetmap.org/relation/6949984,Rue du Faubourg Saint-Antoine,https://www.openstreetmap.org/relation/9533,Paris 11e Arrondissement,75111
https://www.openstreetmap.org/node/1316545850,https://www.openstreetmap.org/relation/6949984,Rue du Faubourg Saint-Antoine,https://www.openstreetmap.org/relation/9533,Paris 11e Arrondissement,75111
https://www.openstreetmap.org/node/1316545852,https://www.openstreetmap.org/relation/6949984,Rue du Faubourg Saint-Antoine,https://www.openstreetmap.org/relation/9533,Paris 11e Arrondissement,75111
https://www.openstreetmap.org/node/1316545854,https://www.openstreetmap.org/relation/6949984,Rue du Faubourg Saint-Antoine,https://www.openstreetmap.org/relation/9533,Paris 11e Arrondissement,75111
https://www.openstreetmap.org/node/1316545865,https://www.openstreetmap.org/relation/6949984,Rue du Faubourg Saint-Antoine,https://www.openstreetmap.org/relation/9533,Paris 11e Arrondissement,75111
https://www.openstreetmap.org/node/1316545867,https://www.openstreetmap.org/relation/6949984,Rue du Faubourg Saint-Antoine,https://www.openstreetmap.org/relation/9533,Paris 11e Arrondissement,75111
https://www.openstreetmap.org/node/1316545870,https://www.openstreetmap.org/relation/6949984,Rue du Faubourg Saint-Antoine,https://www.openstreetmap.org/relation/9533,Paris 11e Arrondissement,75111
https://www.openstreetmap.org/node/1316545872,https://www.openstreetmap.org/relation/6949984,Rue du Faubourg Saint-Antoine,https://www.openstreetmap.org/relation/9533,Paris 11e Arrondissement,75111
https://www.openstreetmap.org/node/1316545875,https://www.openstreetmap.org/relation/6949984,Rue du Faubourg Saint-Antoine,https://www.openstreetmap.org/relation/9533,Paris 11e Arrondissement,75111
https://www.openstreetmap.org/node/1316545889,https://www.openstreetmap.org/relation/6949984,Rue du Faubourg Saint-Antoine,https://www.openstreetmap.org/relation/9533,Paris 11e Arrondissement,75111
https://www.openstreetmap.org/node/1316545890,https://www.openstreetmap.org/relation/6949984,Rue du Faubourg Saint-Antoine,https://www.openstreetmap.org/relation/9533,Paris 11e Arrondissement,75111
https://www.openstreetmap.org/node/1316545892,https://www.openstreetmap.org/relation/6949984,Rue du Faubourg Saint-Antoine,https://www.openstreetmap.org/relation/9533,Paris 11e Arrondissement,75111
https://www.openstreetmap.org/node/1316545893,https://www.openstreetmap.org/relation/6949984,Rue du Faubourg Saint-Antoine,https://www.openstreetmap.org/relation/9533,Paris 11e Arrondissement,75111
https://www.openstreetmap.org/node/1316545904,https://www.openstreetmap.org/relation/6949984,Rue du Faubourg Saint-Antoine,https://www.openstreetmap.org/relation/9533,Paris 11e Arrondissement,75111
https://www.openstreetmap.org/node/1316545907,https://www.openstreetmap.org/relation/6949984,Rue du Faubourg Saint-Antoine,https://www.openstreetmap.org/relation/9533,Paris 11e Arrondissement,75111
https://www.openstreetmap.org/node/1316545909,https://www.openstreetmap.org/relation/6949984,Rue du Faubourg Saint-Antoine,https://www.openstreetmap.org/relation/9533,Paris 11e Arrondissement,75111
https://www.openstreetmap.org/node/1316545911,https://www.openstreetmap.org/relation/6949984,Rue du Faubourg Saint-Antoine,https://www.openstreetmap.org/relation/9533,Paris 11e Arrondissement,75111
https://www.openstreetmap.org/node/1316545915,https://www.openstreetmap.org/relation/6949984,Rue du Faubourg Saint-Antoine,https://www.openstreetmap.org/relation/9533,Paris 11e Arrondissement,75111
https://www.openstreetmap.org/node/1316545933,https://www.openstreetmap.org/relation/6949984,Rue du Faubourg Saint-Antoine,https://www.openstreetmap.org/relation/9533,Paris 11e Arrondissement,75111
https://www.openstreetmap.org/node/1316545935,https://www.openstreetmap.org/relation/6949984,Rue du Faubourg Saint-Antoine,https://www.openstreetmap.org/relation/9533,Paris 11e Arrondissement,75111
https://www.openstreetmap.org/node/1316545938,https://www.openstreetmap.org/relation/6949984,Rue du Faubourg Saint-Antoine,https://www.openstreetmap.org/relation/9533,Paris 11e Arrondissement,75111
https://www.openstreetmap.org/node/1316545942,https://www.openstreetmap.org/relation/6949984,Rue du Faubourg Saint-Antoine,https://www.openstreetmap.org/relation/9533,Paris 11e Arrondissement,75111
https://www.openstreetmap.org/node/1316545953,https://www.openstreetmap.org/relation/6949984,Rue du Faubourg Saint-Antoine,https://www.openstreetmap.org/relation/9533,Paris 11e Arrondissement,75111
https://www.openstreetmap.org/node/1316545957,https://www.openstreetmap.org/relation/6949984,Rue du Faubourg Saint-Antoine,https://www.openstreetmap.org/relation/9533,Paris 11e Arrondissement,75111
https://www.openstreetmap.org/node/1316545960,https://www.openstreetmap.org/relation/6949872,Rue de Montreuil,https://www.openstreetmap.org/relation/9533,Paris 11e Arrondissement,75111
https://www.openstreetmap.org/node/1316545963,https://www.openstreetmap.org/relation/6949872,Rue de Montreuil,https://www.openstreetmap.org/relation/9533,Paris 11e Arrondissement,75111
https://www.openstreetmap.org/node/1316570590,https://www.openstreetmap.org/relation/11831827,Cour de l'Ours,https://www.openstreetmap.org/relation/9533,Paris 11e Arrondissement,75111
https://www.openstreetmap.org/node/1316570591,https://www.openstreetmap.org/relation/11831961,Passage Charles Dallery,https://www.openstreetmap.org/relation/9533,Paris 11e Arrondissement,75111
https://www.openstreetmap.org/node/1316570592,https://www.openstreetmap.org/relation/11831976,Passage de la Bonne Graine,https://www.openstreetmap.org/relation/9533,Paris 11e Arrondissement,75111
https://www.openstreetmap.org/node/1316570593,https://www.openstreetmap.org/relation/11831827,Cour de l'Ours,https://www.openstreetmap.org/relation/9533,Paris 11e Arrondissement,75111
https://www.openstreetmap.org/node/1316570594,https://www.openstreetmap.org/relation/11831976,Passage de la Bonne Graine,https://www.openstreetmap.org/relation/9533,Paris 11e Arrondissement,75111
https://www.openstreetmap.org/node/1316570595,https://www.openstreetmap.org/relation/6948561,Rue de Charonne,https://www.openstreetmap.org/relation/9533,Paris 11e Arrondissement,75111
https://www.openstreetmap.org/node/1316570596,https://www.openstreetmap.org/relation/6948561,Rue de Charonne,https://www.openstreetmap.org/relation/9533,Paris 11e Arrondissement,75111
https://www.openstreetmap.org/node/1316570597,https://www.openstreetmap.org/relation/6948561,Rue de Charonne,https://www.openstreetmap.org/relation/9533,Paris 11e Arrondissement,75111
https://www.openstreetmap.org/node/1316570598,https://www.openstreetmap.org/relation/6948561,Rue de Charonne,https://www.openstreetmap.org/relation/9533,Paris 11e Arrondissement,75111
https://www.openstreetmap.org/node/1316570599,https://www.openstreetmap.org/relation/6948561,Rue de Charonne,https://www.openstreetmap.org/relation/9533,Paris 11e Arrondissement,75111
https://www.openstreetmap.org/node/1316570600,https://www.openstreetmap.org/relation/6948561,Rue de Charonne,https://www.openstreetmap.org/relation/9533,Paris 11e Arrondissement,75111
https://www.openstreetmap.org/node/1316570601,https://www.openstreetmap.org/relation/6948561,Rue de Charonne,https://www.openstreetmap.org/relation/9533,Paris 11e Arrondissement,75111
https://www.openstreetmap.org/node/1316570602,https://www.openstreetmap.org/relation/6948561,Rue de Charonne,https://www.openstreetmap.org/relation/9533,Paris 11e Arrondissement,75111
https://www.openstreetmap.org/node/1316570603,https://www.openstreetmap.org/relation/6948561,Rue de Charonne,https://www.openstreetmap.org/relation/9533,Paris 11e Arrondissement,75111
https://www.openstreetmap.org/node/1316570604,https://www.openstreetmap.org/relation/11831827,Cour de l'Ours,https://www.openstreetmap.org/relation/9533,Paris 11e Arrondissement,75111
https://www.openstreetmap.org/node/1316570606,https://www.openstreetmap.org/relation/6948561,Rue de Charonne,https://www.openstreetmap.org/relation/9533,Paris 11e Arrondissement,75111
https://www.openstreetmap.org/node/1316570607,https://www.openstreetmap.org/relation/11831827,Cour de l'Ours,https://www.openstreetmap.org/relation/9533,Paris 11e Arrondissement,75111
https://www.openstreetmap.org/node/1316570608,https://www.openstreetmap.org/relation/11831976,Passage de la Bonne Graine,https://www.openstreetmap.org/relation/9533,Paris 11e Arrondissement,75111
https://www.openstreetmap.org/node/1316570609,https://www.openstreetmap.org/relation/6948561,Rue de Charonne,https://www.openstreetmap.org/relation/9533,Paris 11e Arrondissement,75111
https://www.openstreetmap.org/node/1316570611,https://www.openstreetmap.org/relation/11831976,Passage de la Bonne Graine,https://www.openstreetmap.org/relation/9533,Paris 11e Arrondissement,75111
https://www.openstreetmap.org/node/1316570612,https://www.openstreetmap.org/relation/11831827,Cour de l'Ours,https://www.openstreetmap.org/relation/9533,Paris 11e Arrondissement,75111
https://www.openstreetmap.org/node/1316570613,https://www.openstreetmap.org/relation/11831976,Passage de la Bonne Graine,https://www.openstreetmap.org/relation/9533,Paris 11e Arrondissement,75111
https://www.openstreetmap.org/node/1316570614,https://www.openstreetmap.org/relation/6948561,Rue de Charonne,https://www.openstreetmap.org/relation/9533,Paris 11e Arrondissement,75111
https://www.openstreetmap.org/node/1316570615,https://www.openstreetmap.org/relation/11831976,Passage de la Bonne Graine,https://www.openstreetmap.org/relation/9533,Paris 11e Arrondissement,75111
https://www.openstreetmap.org/node/1316570617,https://www.openstreetmap.org/relation/11831976,Passage de la Bonne Graine,https://www.openstreetmap.org/relation/9533,Paris 11e Arrondissement,75111
https://www.openstreetmap.org/node/1316570618,https://www.openstreetmap.org/relation/11831827,Cour de l'Ours,https://www.openstreetmap.org/relation/9533,Paris 11e Arrondissement,75111
https://www.openstreetmap.org/node/1316570619,https://www.openstreetmap.org/relation/11831976,Passage de la Bonne Graine,https://www.openstreetmap.org/relation/9533,Paris 11e Arrondissement,75111
https://www.openstreetmap.org/node/1316570620,https://www.openstreetmap.org/relation/6948561,Rue de Charonne,https://www.openstreetmap.org/relation/9533,Paris 11e Arrondissement,75111
https://www.openstreetmap.org/node/1316570622,https://www.openstreetmap.org/relation/11831976,Passage de la Bonne Graine,https://www.openstreetmap.org/relation/9533,Paris 11e Arrondissement,75111
https://www.openstreetmap.org/node/1316570623,https://www.openstreetmap.org/relation/6948561,Rue de Charonne,https://www.openstreetmap.org/relation/9533,Paris 11e Arrondissement,75111
https://www.openstreetmap.org/node/1316570624,https://www.openstreetmap.org/relation/11831827,Cour de l'Ours,https://www.openstreetmap.org/relation/9533,Paris 11e Arrondissement,75111
https://www.openstreetmap.org/node/1316570625,https://www.openstreetmap.org/relation/11831976,Passage de la Bonne Graine,https://www.openstreetmap.org/relation/9533,Paris 11e Arrondissement,75111
https://www.openstreetmap.org/node/1316570626,https://www.openstreetmap.org/relation/11831976,Passage de la Bonne Graine,https://www.openstreetmap.org/relation/9533,Paris 11e Arrondissement,75111
https://www.openstreetmap.org/node/1316570627,https://www.openstreetmap.org/relation/6948561,Rue de Charonne,https://www.openstreetmap.org/relation/9533,Paris 11e Arrondissement,75111
https://www.openstreetmap.org/node/1316570629,https://www.openstreetmap.org/relation/11831976,Passage de la Bonne Graine,https://www.openstreetmap.org/relation/9533,Paris 11e Arrondissement,75111
https://www.openstreetmap.org/node/1316570632,https://www.openstreetmap.org/relation/6948561,Rue de Charonne,https://www.openstreetmap.org/relation/9533,Paris 11e Arrondissement,75111
https://www.openstreetmap.org/node/1316570638,https://www.openstreetmap.org/relation/11831976,Passage de la Bonne Graine,https://www.openstreetmap.org/relation/9533,Paris 11e Arrondissement,75111
https://www.openstreetmap.org/node/1316570639,https://www.openstreetmap.org/relation/6948561,Rue de Charonne,https://www.openstreetmap.org/relation/9533,Paris 11e Arrondissement,75111
https://www.openstreetmap.org/node/1316570641,https://www.openstreetmap.org/relation/6948561,Rue de Charonne,https://www.openstreetmap.org/relation/9533,Paris 11e Arrondissement,75111
https://www.openstreetmap.org/node/1316570644,https://www.openstreetmap.org/relation/6948561,Rue de Charonne,https://www.openstreetmap.org/relation/9533,Paris 11e Arrondissement,75111
https://www.openstreetmap.org/node/1316570656,https://www.openstreetmap.org/relation/11831782,Passage Saint-Antoine,https://www.openstreetmap.org/relation/9533,Paris 11e Arrondissement,75111
https://www.openstreetmap.org/node/1316570658,https://www.openstreetmap.org/relation/11831827,Cour de l'Ours,https://www.openstreetmap.org/relation/9533,Paris 11e Arrondissement,75111
https://www.openstreetmap.org/node/1316570664,https://www.openstreetmap.org/relation/11831961,Passage Charles Dallery,https://www.openstreetmap.org/relation/9533,Paris 11e Arrondissement,75111
https://www.openstreetmap.org/node/1316570665,https://www.openstreetmap.org/relation/11831976,Passage de la Bonne Graine,https://www.openstreetmap.org/relation/9533,Paris 11e Arrondissement,75111
https://www.openstreetmap.org/node/1316570667,https://www.openstreetmap.org/relation/6948561,Rue de Charonne,https://www.openstreetmap.org/relation/9533,Paris 11e Arrondissement,75111
https://www.openstreetmap.org/node/1316570669,https://www.openstreetmap.org/relation/6948561,Rue de Charonne,https://www.openstreetmap.org/relation/9533,Paris 11e Arrondissement,75111
https://www.openstreetmap.org/node/1316570684,https://www.openstreetmap.org/relation/6948561,Rue de Charonne,https://www.openstreetmap.org/relation/9533,Paris 11e Arrondissement,75111
https://www.openstreetmap.org/node/1316570687,https://www.openstreetmap.org/relation/6948561,Rue de Charonne,https://www.openstreetmap.org/relation/9533,Paris 11e Arrondissement,75111
https://www.openstreetmap.org/node/1316570689,https://www.openstreetmap.org/relation/11831827,Cour de l'Ours,https://www.openstreetmap.org/relation/9533,Paris 11e Arrondissement,75111
https://www.openstreetmap.org/node/1316570690,https://www.openstreetmap.org/relation/11831782,Passage Saint-Antoine,https://www.openstreetmap.org/relation/9533,Paris 11e Arrondissement,75111
https://www.openstreetmap.org/node/1316570695,https://www.openstreetmap.org/relation/11831976,Passage de la Bonne Graine,https://www.openstreetmap.org/relation/9533,Paris 11e Arrondissement,75111
https://www.openstreetmap.org/node/1316570698,https://www.openstreetmap.org/relation/6948561,Rue de Charonne,https://www.openstreetmap.org/relation/9533,Paris 11e Arrondissement,75111
https://www.openstreetmap.org/node/1316570701,https://www.openstreetmap.org/relation/6948561,Rue de Charonne,https://www.openstreetmap.org/relation/9533,Paris 11e Arrondissement,75111
https://www.openstreetmap.org/node/1316570713,https://www.openstreetmap.org/relation/6948561,Rue de Charonne,https://www.openstreetmap.org/relation/9533,Paris 11e Arrondissement,75111
https://www.openstreetmap.org/node/1316570714,https://www.openstreetmap.org/relation/6948561,Rue de Charonne,https://www.openstreetmap.org/relation/9533,Paris 11e Arrondissement,75111
https://www.openstreetmap.org/node/1316570715,https://www.openstreetmap.org/relation/11831827,Cour de l'Ours,https://www.openstreetmap.org/relation/9533,Paris 11e Arrondissement,75111
https://www.openstreetmap.org/node/1316570723,https://www.openstreetmap.org/relation/11831961,Passage Charles Dallery,https://www.openstreetmap.org/relation/9533,Paris 11e Arrondissement,75111
https://www.openstreetmap.org/node/1316570728,https://www.openstreetmap.org/relation/11831976,Passage de la Bonne Graine,https://www.openstreetmap.org/relation/9533,Paris 11e Arrondissement,75111
https://www.openstreetmap.org/node/1316570732,https://www.openstreetmap.org/relation/6948561,Rue de Charonne,https://www.openstreetmap.org/relation/9533,Paris 11e Arrondissement,75111
https://www.openstreetmap.org/node/1316570735,https://www.openstreetmap.org/relation/11831976,Passage de la Bonne Graine,https://www.openstreetmap.org/relation/9533,Paris 11e Arrondissement,75111
https://www.openstreetmap.org/node/1316570739,https://www.openstreetmap.org/relation/11831827,Cour de l'Ours,https://www.openstreetmap.org/relation/9533,Paris 11e Arrondissement,75111
https://www.openstreetmap.org/node/1316570740,https://www.openstreetmap.org/relation/6948561,Rue de Charonne,https://www.openstreetmap.org/relation/9533,Paris 11e Arrondissement,75111
https://www.openstreetmap.org/node/1316570741,https://www.openstreetmap.org/relation/6948561,Rue de Charonne,https://www.openstreetmap.org/relation/9533,Paris 11e Arrondissement,75111
https://www.openstreetmap.org/node/1316570742,https://www.openstreetmap.org/relation/6948561,Rue de Charonne,https://www.openstreetmap.org/relation/9533,Paris 11e Arrondissement,75111
https://www.openstreetmap.org/node/1316570753,https://www.openstreetmap.org/relation/6948561,Rue de Charonne,https://www.openstreetmap.org/relation/9533,Paris 11e Arrondissement,75111
https://www.openstreetmap.org/node/1316570756,https://www.openstreetmap.org/relation/6948561,Rue de Charonne,https://www.openstreetmap.org/relation/9533,Paris 11e Arrondissement,75111
https://www.openstreetmap.org/node/1316570758,https://www.openstreetmap.org/relation/6948561,Rue de Charonne,https://www.openstreetmap.org/relation/9533,Paris 11e Arrondissement,75111
https://www.openstreetmap.org/node/1316570761,https://www.openstreetmap.org/relation/11831827,Cour de l'Ours,https://www.openstreetmap.org/relation/9533,Paris 11e Arrondissement,75111
https://www.openstreetmap.org/node/1316570766,https://www.openstreetmap.org/relation/11831961,Passage Charles Dallery,https://www.openstreetmap.org/relation/9533,Paris 11e Arrondissement,75111
https://www.openstreetmap.org/node/1316570769,https://www.openstreetmap.org/relation/11831976,Passage de la Bonne Graine,https://www.openstreetmap.org/relation/9533,Paris 11e Arrondissement,75111
https://www.openstreetmap.org/node/1316570779,https://www.openstreetmap.org/relation/6948561,Rue de Charonne,https://www.openstreetmap.org/relation/9533,Paris 11e Arrondissement,75111
https://www.openstreetmap.org/node/1316570782,https://www.openstreetmap.org/relation/6948561,Rue de Charonne,https://www.openstreetmap.org/relation/9533,Paris 11e Arrondissement,75111
https://www.openstreetmap.org/node/1316570785,https://www.openstreetmap.org/relation/6948561,Rue de Charonne,https://www.openstreetmap.org/relation/9533,Paris 11e Arrondissement,75111
https://www.openstreetmap.org/node/1316570787,https://www.openstreetmap.org/relation/6948561,Rue de Charonne,https://www.openstreetmap.org/relation/9533,Paris 11e Arrondissement,75111
https://www.openstreetmap.org/node/1316570791,https://www.openstreetmap.org/relation/6949984,Rue du Faubourg Saint-Antoine,https://www.openstreetmap.org/relation/9533,Paris 11e Arrondissement,75111
https://www.openstreetmap.org/node/1316570792,https://www.openstreetmap.org/relation/6948561,Rue de Charonne,https://www.openstreetmap.org/relation/9533,Paris 11e Arrondissement,75111
https://www.openstreetmap.org/node/1316570794,https://www.openstreetmap.org/relation/11831827,Cour de l'Ours,https://www.openstreetmap.org/relation/9533,Paris 11e Arrondissement,75111
https://www.openstreetmap.org/node/1316570797,https://www.openstreetmap.org/relation/11831976,Passage de la Bonne Graine,https://www.openstreetmap.org/relation/9533,Paris 11e Arrondissement,75111
https://www.openstreetmap.org/node/1316570810,https://www.openstreetmap.org/relation/6948561,Rue de Charonne,https://www.openstreetmap.org/relation/9533,Paris 11e Arrondissement,75111
https://www.openstreetmap.org/node/1316570813,https://www.openstreetmap.org/relation/6948561,Rue de Charonne,https://www.openstreetmap.org/relation/9533,Paris 11e Arrondissement,75111
https://www.openstreetmap.org/node/1316570815,https://www.openstreetmap.org/relation/6948561,Rue de Charonne,https://www.openstreetmap.org/relation/9533,Paris 11e Arrondissement,75111
https://www.openstreetmap.org/node/1316570816,https://www.openstreetmap.org/relation/6948561,Rue de Charonne,https://www.openstreetmap.org/relation/9533,Paris 11e Arrondissement,75111
https://www.openstreetmap.org/node/1316570818,https://www.openstreetmap.org/relation/6948561,Rue de Charonne,https://www.openstreetmap.org/relation/9533,Paris 11e Arrondissement,75111
https://www.openstreetmap.org/node/1316570821,https://www.openstreetmap.org/relation/11831827,Cour de l'Ours,https://www.openstreetmap.org/relation/9533,Paris 11e Arrondissement,75111
https://www.openstreetmap.org/node/1316570824,https://www.openstreetmap.org/relation/11831976,Passage de la Bonne Graine,https://www.openstreetmap.org/relation/9533,Paris 11e Arrondissement,75111
https://www.openstreetmap.org/node/1316570827,https://www.openstreetmap.org/relation/6948561,Rue de Charonne,https://www.openstreetmap.org/relation/9533,Paris 11e Arrondissement,75111
https://www.openstreetmap.org/node/1316570838,https://www.openstreetmap.org/relation/6948561,Rue de Charonne,https://www.openstreetmap.org/relation/9533,Paris 11e Arrondissement,75111
https://www.openstreetmap.org/node/1316570841,https://www.openstreetmap.org/relation/6948561,Rue de Charonne,https://www.openstreetmap.org/relation/9533,Paris 11e Arrondissement,75111
https://www.openstreetmap.org/node/1316570848,https://www.openstreetmap.org/relation/6948561,Rue de Charonne,https://www.openstreetmap.org/relation/9533,Paris 11e Arrondissement,75111
https://www.openstreetmap.org/node/1316570851,https://www.openstreetmap.org/relation/6948561,Rue de Charonne,https://www.openstreetmap.org/relation/9533,Paris 11e Arrondissement,75111
https://www.openstreetmap.org/node/1316570854,https://www.openstreetmap.org/relation/6948561,Rue de Charonne,https://www.openstreetmap.org/relation/9533,Paris 11e Arrondissement,75111
https://www.openstreetmap.org/node/1316570857,https://www.openstreetmap.org/relation/6948561,Rue de Charonne,https://www.openstreetmap.org/relation/9533,Paris 11e Arrondissement,75111
https://www.openstreetmap.org/node/13201582863,https://www.openstreetmap.org/relation/11828895,Boulevard Bourdon,https://www.openstreetmap.org/relation/9597,Paris 4e Arrondissement,75104
https://www.openstreetmap.org/node/13201582864,https://www.openstreetmap.org/relation/11828895,Boulevard Bourdon,https://www.openstreetmap.org/relation/9597,Paris 4e Arrondissement,75104
https://www.openstreetmap.org/node/1326727394,https://www.openstreetmap.org/relation/4835750,Rue Richard Lenoir,https://www.openstreetmap.org/relation/9533,Paris 11e Arrondissement,75111
https://www.openstreetmap.org/node/1326727399,https://www.openstreetmap.org/relation/11831795,Passage Rauch,https://www.openstreetmap.org/relation/9533,Paris 11e Arrondissement,75111
https://www.openstreetmap.org/node/1326727429,https://www.openstreetmap.org/relation/11831900,Rue Godefroy Cavaignac,https://www.openstreetmap.org/relation/9533,Paris 11e Arrondissement,75111
https://www.openstreetmap.org/node/1326727440,https://www.openstreetmap.org/relation/11831935,Cour Debille,https://www.openstreetmap.org/relation/9533,Paris 11e Arrondissement,75111
https://www.openstreetmap.org/node/1326727445,https://www.openstreetmap.org/relation/11831982,Rue Basfroi,https://www.openstreetmap.org/relation/9533,Paris 11e Arrondissement,75111
https://www.openstreetmap.org/node/1326727449,https://www.openstreetmap.org/relation/11831901,Rue Gobert,https://www.openstreetmap.org/relation/9533,Paris 11e Arrondissement,75111
https://www.openstreetmap.org/node/1326727452,https://www.openstreetmap.org/relation/4835750,Rue Richard Lenoir,https://www.openstreetmap.org/relation/9533,Paris 11e Arrondissement,75111
https://www.openstreetmap.org/node/1326727455,https://www.openstreetmap.org/relation/4835750,Rue Richard Lenoir,https://www.openstreetmap.org/relation/9533,Paris 11e Arrondissement,75111
https://www.openstreetmap.org/node/1326727483,https://www.openstreetmap.org/relation/4835750,Rue Richard Lenoir,https://www.openstreetmap.org/relation/9533,Paris 11e Arrondissement,75111
https://www.openstreetmap.org/node/1326727492,https://www.openstreetmap.org/relation/11831901,Rue Gobert,https://www.openstreetmap.org/relation/9533,Paris 11e Arrondissement,75111
https://www.openstreetmap.org/node/1326727497,https://www.openstreetmap.org/relation/11831885,Rue Japy,https://www.openstreetmap.org/relation/9533,Paris 11e Arrondissement,75111
https://www.openstreetmap.org/node/1326727502,https://www.openstreetmap.org/relation/11831961,Passage Charles Dallery,https://www.openstreetmap.org/relation/9533,Paris 11e Arrondissement,75111
https://www.openstreetmap.org/node/1326727507,https://www.openstreetmap.org/relation/11831910,Rue François Neufchateau,https://www.openstreetmap.org/relation/9533,Paris 11e Arrondissement,75111
https://www.openstreetmap.org/node/1326727509,https://www.openstreetmap.org/relation/4835750,Rue Richard Lenoir,https://www.openstreetmap.org/relation/9533,Paris 11e Arrondissement,75111
https://www.openstreetmap.org/node/1326727526,https://www.openstreetmap.org/relation/4835750,Rue Richard Lenoir,https://www.openstreetmap.org/relation/9533,Paris 11e Arrondissement,75111
https://www.openstreetmap.org/node/1326727531,https://www.openstreetmap.org/relation/11831795,Passage Rauch,https://www.openstreetmap.org/relation/9533,Paris 11e Arrondissement,75111
https://www.openstreetmap.org/node/1326727534,https://www.openstreetmap.org/relation/11831900,Rue Godefroy Cavaignac,https://www.openstreetmap.org/relation/9533,Paris 11e Arrondissement,75111
https://www.openstreetmap.org/node/1326727541,https://www.openstreetmap.org/relation/11831935,Cour Debille,https://www.openstreetmap.org/relation/9533,Paris 11e Arrondissement,75111
https://www.openstreetmap.org/node/1326727551,https://www.openstreetmap.org/relation/11831982,Rue Basfroi,https://www.openstreetmap.org/relation/9533,Paris 11e Arrondissement,75111
https://www.openstreetmap.org/node/1326727581,https://www.openstreetmap.org/relation/11831910,Rue François Neufchateau,https://www.openstreetmap.org/relation/9533,Paris 11e Arrondissement,75111
https://www.openstreetmap.org/node/1326727593,https://www.openstreetmap.org/relation/11831900,Rue Godefroy Cavaignac,https://www.openstreetmap.org/relation/9533,Paris 11e Arrondissement,75111
https://www.openstreetmap.org/node/1326727598,https://www.openstreetmap.org/relation/11831961,Passage Charles Dallery,https://www.openstreetmap.org/relation/9533,Paris 11e Arrondissement,75111
https://www.openstreetmap.org/node/1326727602,https://www.openstreetmap.org/relation/11831982,Rue Basfroi,https://www.openstreetmap.org/relation/9533,Paris 11e Arrondissement,75111
https://www.openstreetmap.org/node/1326727607,https://www.openstreetmap.org/relation/11831795,Passage Rauch,https://www.openstreetmap.org/relation/9533,Paris 11e Arrondissement,75111
https://www.openstreetmap.org/node/1326727613,https://www.openstreetmap.org/relation/11831736,Passage Viallet,https://www.openstreetmap.org/relation/9533,Paris 11e Arrondissement,75111
https://www.openstreetmap.org/node/1326727641,https://www.openstreetmap.org/relation/11831900,Rue Godefroy Cavaignac,https://www.openstreetmap.org/relation/9533,Paris 11e Arrondissement,75111
https://www.openstreetmap.org/node/1326727650,https://www.openstreetmap.org/relation/4835750,Rue Richard Lenoir,https://www.openstreetmap.org/relation/9533,Paris 11e Arrondissement,75111
https://www.openstreetmap.org/node/1326727657,https://www.openstreetmap.org/relation/11831982,Rue Basfroi,https://www.openstreetmap.org/relation/9533,Paris 11e Arrondissement,75111
https://www.openstreetmap.org/node/1326727666,https://www.openstreetmap.org/relation/4835750,Rue Richard Lenoir,https://www.openstreetmap.org/relation/9533,Paris 11e Arrondissement,75111
https://www.openstreetmap.org/node/1326727669,https://www.openstreetmap.org/relation/11831900,Rue Godefroy Cavaignac,https://www.openstreetmap.org/relation/9533,Paris 11e Arrondissement,75111
https://www.openstreetmap.org/node/1326727671,https://www.openstreetmap.org/relation/11831945,Cité du Couvent,https://www.openstreetmap.org/relation/9533,Paris 11e Arrondissement,75111
https://www.openstreetmap.org/node/1326727705,https://www.openstreetmap.org/relation/11831982,Rue Basfroi,https://www.openstreetmap.org/relation/9533,Paris 11e Arrondissement,75111
https://www.openstreetmap.org/node/1326727706,https://www.openstreetmap.org/relation/4835750,Rue Richard Lenoir,https://www.openstreetmap.org/relation/9533,Paris 11e Arrondissement,75111
https://www.openstreetmap.org/node/1326727717,https://www.openstreetmap.org/relation/11831900,Rue Godefroy Cavaignac,https://www.openstreetmap.org/relation/9533,Paris 11e Arrondissement,75111
https://www.openstreetmap.org/node/1326727722,https://www.openstreetmap.org/relation/11831900,Rue Godefroy Cavaignac,https://www.openstreetmap.org/relation/9533,Paris 11e Arrondissement,75111
https://www.openstreetmap.org/node/1326727726,https://www.openstreetmap.org/relation/11831982,Rue Basfroi,https://www.openstreetmap.org/relation/9533,Paris 11e Arrondissement,75111
https://www.openstreetmap.org/node/1326727729,https://www.openstreetmap.org/relation/11831901,Rue Gobert,https://www.openstreetmap.org/relation/9533,Paris 11e Arrondissement,75111
https://www.openstreetmap.org/node/1326727748,https://www.openstreetmap.org/relation/4835750,Rue Richard Lenoir,https://www.openstreetmap.org/relation/9533,Paris 11e Arrondissement,75111
https://www.openstreetmap.org/node/1326727758,https://www.openstreetmap.org/relation/11831982,Rue Basfroi,https://www.openstreetmap.org/relation/9533,Paris 11e Arrondissement,75111
https://www.openstreetmap.org/node/1326727761,https://www.openstreetmap.org/relation/11831900,Rue Godefroy Cavaignac,https://www.openstreetmap.org/relation/9533,Paris 11e Arrondissement,75111
https://www.openstreetmap.org/node/1326727763,https://www.openstreetmap.org/relation/11831900,Rue Godefroy Cavaignac,https://www.openstreetmap.org/relation/9533,Paris 11e Arrondissement,75111
https://www.openstreetmap.org/node/1326727767,https://www.openstreetmap.org/relation/11831900,Rue Godefroy Cavaignac,https://www.openstreetmap.org/relation/9533,Paris 11e Arrondissement,75111
https://www.openstreetmap.org/node/1326727771,https://www.openstreetmap.org/relation/4835750,Rue Richard Lenoir,https://www.openstreetmap.org/relation/9533,Paris 11e Arrondissement,75111
https://www.openstreetmap.org/node/1326727792,https://www.openstreetmap.org/relation/11831885,Rue Japy,https://www.openstreetmap.org/relation/9533,Paris 11e Arrondissement,75111
https://www.openstreetmap.org/node/1326727796,https://www.openstreetmap.org/relation/11831982,Rue Basfroi,https://www.openstreetmap.org/relation/9533,Paris 11e Arrondissement,75111
https://www.openstreetmap.org/node/1326727799,https://www.openstreetmap.org/relation/4835750,Rue Richard Lenoir,https://www.openstreetmap.org/relation/9533,Paris 11e Arrondissement,75111
https://www.openstreetmap.org/node/1326727805,https://www.openstreetmap.org/relation/4835750,Rue Richard Lenoir,https://www.openstreetmap.org/relation/9533,Paris 11e Arrondissement,75111
https://www.openstreetmap.org/node/1326727815,https://www.openstreetmap.org/relation/11831900,Rue Godefroy Cavaignac,https://www.openstreetmap.org/relation/9533,Paris 11e Arrondissement,75111
https://www.openstreetmap.org/node/1326727817,https://www.openstreetmap.org/relation/11831945,Cité du Couvent,https://www.openstreetmap.org/relation/9533,Paris 11e Arrondissement,75111
https://www.openstreetmap.org/node/1326727818,https://www.openstreetmap.org/relation/4835750,Rue Richard Lenoir,https://www.openstreetmap.org/relation/9533,Paris 11e Arrondissement,75111
https://www.openstreetmap.org/node/1326727821,https://www.openstreetmap.org/relation/4835750,Rue Richard Lenoir,https://www.openstreetmap.org/relation/9533,Paris 11e Arrondissement,75111
https://www.openstreetmap.org/node/1326727822,https://www.openstreetmap.org/relation/11831982,Rue Basfroi,https://www.openstreetmap.org/relation/9533,Paris 11e Arrondissement,75111
https://www.openstreetmap.org/node/1326727823,https://www.openstreetmap.org/relation/4835750,Rue Richard Lenoir,https://www.openstreetmap.org/relation/9533,Paris 11e Arrondissement,75111
https://www.openstreetmap.org/node/1326727824,https://www.openstreetmap.org/relation/11831900,Rue Godefroy Cavaignac,https://www.openstreetmap.org/relation/9533,Paris 11e Arrondissement,75111
https://www.openstreetmap.org/node/1326727825,https://www.openstreetmap.org/relation/4835750,Rue Richard Lenoir,https://www.openstreetmap.org/relation/9533,Paris 11e Arrondissement,75111
https://www.openstreetmap.org/node/1326727826,https://www.openstreetmap.org/relation/11831900,Rue Godefroy Cavaignac,https://www.openstreetmap.org/relation/9533,Paris 11e Arrondissement,75111
https://www.openstreetmap.org/node/1326727827,https://www.openstreetmap.org/relation/11831910,Rue François Neufchateau,https://www.openstreetmap.org/relation/9533,Paris 11e Arrondissement,75111
https://www.openstreetmap.org/node/1326727837,https://www.openstreetmap.org/relation/4835750,Rue Richard Lenoir,https://www.openstreetmap.org/relation/9533,Paris 11e Arrondissement,75111
https://www.openstreetmap.org/node/1326727839,https://www.openstreetmap.org/relation/11831795,Passage Rauch,https://www.openstreetmap.org/relation/9533,Paris 11e Arrondissement,75111
https://www.openstreetmap.org/node/1326727840,https://www.openstreetmap.org/relation/11831900,Rue Godefroy Cavaignac,https://www.openstreetmap.org/relation/9533,Paris 11e Arrondissement,75111
https://www.openstreetmap.org/node/1326727841,https://www.openstreetmap.org/relation/11831900,Rue Godefroy Cavaignac,https://www.openstreetmap.org/relation/9533,Paris 11e Arrondissement,75111
https://www.openstreetmap.org/node/1326727843,https://www.openstreetmap.org/relation/11831935,Cour Debille,https://www.openstreetmap.org/relation/9533,Paris 11e Arrondissement,75111
https://www.openstreetmap.org/node/1326727845,https://www.openstreetmap.org/relation/11831982,Rue Basfroi,https://www.openstreetmap.org/relation/9533,Paris 11e Arrondissement,75111
https://www.openstreetmap.org/node/1326727847,https://www.openstreetmap.org/relation/11831982,Rue Basfroi,https://www.openstreetmap.org/relation/9533,Paris 11e Arrondissement,75111
https://www.openstreetmap.org/node/1326727849,https://www.openstreetmap.org/relation/11831901,Rue Gobert,https://www.openstreetmap.org/relation/9533,Paris 11e Arrondissement,75111
https://www.openstreetmap.org/node/1326727854,https://www.openstreetmap.org/relation/11831935,Cour Debille,https://www.openstreetmap.org/relation/9533,Paris 11e Arrondissement,75111
https://www.openstreetmap.org/node/1326727856,https://www.openstreetmap.org/relation/4835750,Rue Richard Lenoir,https://www.openstreetmap.org/relation/9533,Paris 11e Arrondissement,75111
https://www.openstreetmap.org/node/1326727860,https://www.openstreetmap.org/relation/11831945,Cité du Couvent,https://www.openstreetmap.org/relation/9533,Paris 11e Arrondissement,75111
https://www.openstreetmap.org/node/1326727862,https://www.openstreetmap.org/relation/4835750,Rue Richard Lenoir,https://www.openstreetmap.org/relation/9533,Paris 11e Arrondissement,75111
https://www.openstreetmap.org/node/1326727865,https://www.openstreetmap.org/relation/4835750,Rue Richard Lenoir,https://www.openstreetmap.org/relation/9533,Paris 11e Arrondissement,75111
https://www.openstreetmap.org/node/1326727867,https://www.openstreetmap.org/relation/11831975,Impasse Bon Secours,https://www.openstreetmap.org/relation/9533,Paris 11e Arrondissement,75111
https://www.openstreetmap.org/node/1326727869,https://www.openstreetmap.org/relation/11831961,Passage Charles Dallery,https://www.openstreetmap.org/relation/9533,Paris 11e Arrondissement,75111
https://www.openstreetmap.org/node/1326727875,https://www.openstreetmap.org/relation/11831900,Rue Godefroy Cavaignac,https://www.openstreetmap.org/relation/9533,Paris 11e Arrondissement,75111
https://www.openstreetmap.org/node/1326727880,https://www.openstreetmap.org/relation/11831910,Rue François Neufchateau,https://www.openstreetmap.org/relation/9533,Paris 11e Arrondissement,75111
https://www.openstreetmap.org/node/1326727883,https://www.openstreetmap.org/relation/4835750,Rue Richard Lenoir,https://www.openstreetmap.org/relation/9533,Paris 11e Arrondissement,75111
https://www.openstreetmap.org/node/1326727885,https://www.openstreetmap.org/relation/11831795,Passage Rauch,https://www.openstreetmap.org/relation/9533,Paris 11e Arrondissement,75111
https://www.openstreetmap.org/node/1326727886,https://www.openstreetmap.org/relation/11831900,Rue Godefroy Cavaignac,https://www.openstreetmap.org/relation/9533,Paris 11e Arrondissement,75111
https://www.openstreetmap.org/node/1326727887,https://www.openstreetmap.org/relation/11831900,Rue Godefroy Cavaignac,https://www.openstreetmap.org/relation/9533,Paris 11e Arrondissement,75111
https://www.openstreetmap.org/node/1326727899,https://www.openstreetmap.org/relation/11831935,Cour Debille,https://www.openstreetmap.org/relation/9533,Paris 11e Arrondissement,75111
https://www.openstreetmap.org/node/1326727902,https://www.openstreetmap.org/relation/11831982,Rue Basfroi,https://www.openstreetmap.org/relation/9533,Paris 11e Arrondissement,75111
https://www.openstreetmap.org/node/1326727904,https://www.openstreetmap.org/relation/11831901,Rue Gobert,https://www.openstreetmap.org/relation/9533,Paris 11e Arrondissement,75111
https://www.openstreetmap.org/node/1326727906,https://www.openstreetmap.org/relation/4835750,Rue Richard Lenoir,https://www.openstreetmap.org/relation/9533,Paris 11e Arrondissement,75111
https://www.openstreetmap.org/node/1326727908,https://www.openstreetmap.org/relation/4835750,Rue Richard Lenoir,https://www.openstreetmap.org/relation/9533,Paris 11e Arrondissement,75111
https://www.openstreetmap.org/node/1326727912,https://www.openstreetmap.org/relation/4835750,Rue Richard Lenoir,https://www.openstreetmap.org/relation/9533,Paris 11e Arrondissement,75111
https://www.openstreetmap.org/node/1326727924,https://www.openstreetmap.org/relation/11831901,Rue Gobert,https://www.openstreetmap.org/relation/9533,Paris 11e Arrondissement,75111
https://www.openstreetmap.org/node/1326727927,https://www.openstreetmap.org/relation/11831982,Rue Basfroi,https://www.openstreetmap.org/relation/9533,Paris 11e Arrondissement,75111
https://www.openstreetmap.org/node/1326727930,https://www.openstreetmap.org/relation/11831961,Passage Charles Dallery,https://www.openstreetmap.org/relation/9533,Paris 11e Arrondissement,75111
https://www.openstreetmap.org/node/1326727938,https://www.openstreetmap.org/relation/11831736,Passage Viallet,https://www.openstreetmap.org/relation/9533,Paris 11e Arrondissement,75111
https://www.openstreetmap.org/node/1326727941,https://www.openstreetmap.org/relation/11831900,Rue Godefroy Cavaignac,https://www.openstreetmap.org/relation/9533,Paris 11e Arrondissement,75111
https://www.openstreetmap.org/node/1326727948,https://www.openstreetmap.org/relation/4835750,Rue Richard Lenoir,https://www.openstreetmap.org/relation/9533,Paris 11e Arrondissement,75111
https://www.openstreetmap.org/node/1326727971,https://www.openstreetmap.org/relation/11831982,Rue Basfroi,https://www.openstreetmap.org/relation/9533,Paris 11e Arrondissement,75111
https://www.openstreetmap.org/node/1326727975,https://www.openstreetmap.org/relation/11831982,Rue Basfroi,https://www.openstreetmap.org/relation/9533,Paris 11e Arrondissement,75111
https://www.openstreetmap.org/node/1326727981,https://www.openstreetmap.org/relation/11831945,Cité du Couvent,https://www.openstreetmap.org/relation/9533,Paris 11e Arrondissement,75111
https://www.openstreetmap.org/node/1326727983,https://www.openstreetmap.org/relation/11831900,Rue Godefroy Cavaignac,https://www.openstreetmap.org/relation/9533,Paris 11e Arrondissement,75111
https://www.openstreetmap.org/node/1326727987,https://www.openstreetmap.org/relation/11831982,Rue Basfroi,https://www.openstreetmap.org/relation/9533,Paris 11e Arrondissement,75111
https://www.openstreetmap.org/node/1326727990,https://www.openstreetmap.org/relation/4835750,Rue Richard Lenoir,https://www.openstreetmap.org/relation/9533,Paris 11e Arrondissement,75111
https://www.openstreetmap.org/node/1326728009,https://www.openstreetmap.org/relation/11831900,Rue Godefroy Cavaignac,https://www.openstreetmap.org/relation/9533,Paris 11e Arrondissement,75111
https://www.openstreetmap.org/node/1326728016,https://www.openstreetmap.org/relation/11831901,Rue Gobert,https://www.openstreetmap.org/relation/9533,Paris 11e Arrondissement,75111
https://www.openstreetmap.org/node/1326728025,https://www.openstreetmap.org/relation/11831961,Passage Charles Dallery,https://www.openstreetmap.org/relation/9533,Paris 11e Arrondissement,75111
https://www.openstreetmap.org/node/1326728030,https://www.openstreetmap.org/relation/11831982,Rue Basfroi,https://www.openstreetmap.org/relation/9533,Paris 11e Arrondissement,75111
https://www.openstreetmap.org/node/1326728031,https://www.openstreetmap.org/relation/11831900,Rue Godefroy Cavaignac,https://www.openstreetmap.org/relation/9533,Paris 11e Arrondissement,75111
https://www.openstreetmap.org/node/1326728032,https://www.openstreetmap.org/relation/11831736,Passage Viallet,https://www.openstreetmap.org/relation/9533,Paris 11e Arrondissement,75111
https://www.openstreetmap.org/node/1326728047,https://www.openstreetmap.org/relation/11831900,Rue Godefroy Cavaignac,https://www.openstreetmap.org/relation/9533,Paris 11e Arrondissement,75111
https://www.openstreetmap.org/node/1326728050,https://www.openstreetmap.org/relation/11831975,Impasse Bon Secours,https://www.openstreetmap.org/relation/9533,Paris 11e Arrondissement,75111
https://www.openstreetmap.org/node/1326728053,https://www.openstreetmap.org/relation/11831900,Rue Godefroy Cavaignac,https://www.openstreetmap.org/relation/9533,Paris 11e Arrondissement,75111
https://www.openstreetmap.org/node/1326728055,https://www.openstreetmap.org/relation/4835750,Rue Richard Lenoir,https://www.openstreetmap.org/relation/9533,Paris 11e Arrondissement,75111
https://www.openstreetmap.org/node/1326728059,https://www.openstreetmap.org/relation/11831975,Impasse Bon Secours,https://www.openstreetmap.org/relation/9533,Paris 11e Arrondissement,75111
https://www.openstreetmap.org/node/1326728063,https://www.openstreetmap.org/relation/11831982,Rue Basfroi,https://www.openstreetmap.org/relation/9533,Paris 11e Arrondissement,75111
https://www.openstreetmap.org/node/1326728066,https://www.openstreetmap.org/relation/4835750,Rue Richard Lenoir,https://www.openstreetmap.org/relation/9533,Paris 11e Arrondissement,75111
https://www.openstreetmap.org/node/1326728068,https://www.openstreetmap.org/relation/11831982,Rue Basfroi,https://www.openstreetmap.org/relation/9533,Paris 11e Arrondissement,75111
https://www.openstreetmap.org/node/1326728085,https://www.openstreetmap.org/relation/4835750,Rue Richard Lenoir,https://www.openstreetmap.org/relation/9533,Paris 11e Arrondissement,75111
https://www.openstreetmap.org/node/1326728087,https://www.openstreetmap.org/relation/4835750,Rue Richard Lenoir,https://www.openstreetmap.org/relation/9533,Paris 11e Arrondissement,75111
https://www.openstreetmap.org/node/1326728092,https://www.openstreetmap.org/relation/11831900,Rue Godefroy Cavaignac,https://www.openstreetmap.org/relation/9533,Paris 11e Arrondissement,75111
https://www.openstreetmap.org/node/1326728094,https://www.openstreetmap.org/relation/11831945,Cité du Couvent,https://www.openstreetmap.org/relation/9533,Paris 11e Arrondissement,75111
https://www.openstreetmap.org/node/1326728097,https://www.openstreetmap.org/relation/4835750,Rue Richard Lenoir,https://www.openstreetmap.org/relation/9533,Paris 11e Arrondissement,75111
https://www.openstreetmap.org/node/1326728099,https://www.openstreetmap.org/relation/4835750,Rue Richard Lenoir,https://www.openstreetmap.org/relation/9533,Paris 11e Arrondissement,75111
https://www.openstreetmap.org/node/1326728103,https://www.openstreetmap.org/relation/11831982,Rue Basfroi,https://www.openstreetmap.org/relation/9533,Paris 11e Arrondissement,75111
https://www.openstreetmap.org/node/1326728116,https://www.openstreetmap.org/relation/11831945,Cité du Couvent,https://www.openstreetmap.org/relation/9533,Paris 11e Arrondissement,75111
https://www.openstreetmap.org/node/1326728120,https://www.openstreetmap.org/relation/4835750,Rue Richard Lenoir,https://www.openstreetmap.org/relation/9533,Paris 11e Arrondissement,75111
https://www.openstreetmap.org/node/1326728123,https://www.openstreetmap.org/relation/11831900,Rue Godefroy Cavaignac,https://www.openstreetmap.org/relation/9533,Paris 11e Arrondissement,75111
https://www.openstreetmap.org/node/1326728125,https://www.openstreetmap.org/relation/11831900,Rue Godefroy Cavaignac,https://www.openstreetmap.org/relation/9533,Paris 11e Arrondissement,75111
https://www.openstreetmap.org/node/1326728128,https://www.openstreetmap.org/relation/4835750,Rue Richard Lenoir,https://www.openstreetmap.org/relation/9533,Paris 11e Arrondissement,75111
https://www.openstreetmap.org/node/1326728131,https://www.openstreetmap.org/relation/11831900,Rue Godefroy Cavaignac,https://www.openstreetmap.org/relation/9533,Paris 11e Arrondissement,75111
https://www.openstreetmap.org/node/1326728135,https://www.openstreetmap.org/relation/11831900,Rue Godefroy Cavaignac,https://www.openstreetmap.org/relation/9533,Paris 11e Arrondissement,75111
https://www.openstreetmap.org/node/1326728137,https://www.openstreetmap.org/relation/11831910,Rue François Neufchateau,https://www.openstreetmap.org/relation/9533,Paris 11e Arrondissement,75111
https://www.openstreetmap.org/node/1326728156,https://www.openstreetmap.org/relation/4835750,Rue Richard Lenoir,https://www.openstreetmap.org/relation/9533,Paris 11e Arrondissement,75111
https://www.openstreetmap.org/node/1326728161,https://www.openstreetmap.org/relation/11831982,Rue Basfroi,https://www.openstreetmap.org/relation/9533,Paris 11e Arrondissement,75111
https://www.openstreetmap.org/node/1326728164,https://www.openstreetmap.org/relation/11831900,Rue Godefroy Cavaignac,https://www.openstreetmap.org/relation/9533,Paris 11e Arrondissement,75111
https://www.openstreetmap.org/node/1326728167,https://www.openstreetmap.org/relation/11831900,Rue Godefroy Cavaignac,https://www.openstreetmap.org/relation/9533,Paris 11e Arrondissement,75111
https://www.openstreetmap.org/node/1326728169,https://www.openstreetmap.org/relation/11831900,Rue Godefroy Cavaignac,https://www.openstreetmap.org/relation/9533,Paris 11e Arrondissement,75111
https://www.openstreetmap.org/node/1326728170,https://www.openstreetmap.org/relation/4835750,Rue Richard Lenoir,https://www.openstreetmap.org/relation/9533,Paris 11e Arrondissement,75111
https://www.openstreetmap.org/node/1326728172,https://www.openstreetmap.org/relation/11831935,Cour Debille,https://www.openstreetmap.org/relation/9533,Paris 11e Arrondissement,75111
https://www.openstreetmap.org/node/1326728175,https://www.openstreetmap.org/relation/11831982,Rue Basfroi,https://www.openstreetmap.org/relation/9533,Paris 11e Arrondissement,75111
https://www.openstreetmap.org/node/1326728192,https://www.openstreetmap.org/relation/4835750,Rue Richard Lenoir,https://www.openstreetmap.org/relation/9533,Paris 11e Arrondissement,75111
https://www.openstreetmap.org/node/1326728203,https://www.openstreetmap.org/relation/11831935,Cour Debille,https://www.openstreetmap.org/relation/9533,Paris 11e Arrondissement,75111
https://www.openstreetmap.org/node/1326728206,https://www.openstreetmap.org/relation/4835750,Rue Richard Lenoir,https://www.openstreetmap.org/relation/9533,Paris 11e Arrondissement,75111
https://www.openstreetmap.org/node/1326728209,https://www.openstreetmap.org/relation/11831900,Rue Godefroy Cavaignac,https://www.openstreetmap.org/relation/9533,Paris 11e Arrondissement,75111
https://www.openstreetmap.org/node/1326728210,https://www.openstreetmap.org/relation/11831945,Cité du Couvent,https://www.openstreetmap.org/relation/9533,Paris 11e Arrondissement,75111
https://www.openstreetmap.org/node/1326728233,https://www.openstreetmap.org/relation/4835750,Rue Richard Lenoir,https://www.openstreetmap.org/relation/9533,Paris 11e Arrondissement,75111
https://www.openstreetmap.org/node/1326728236,https://www.openstreetmap.org/relation/11831975,Impasse Bon Secours,https://www.openstreetmap.org/relation/9533,Paris 11e Arrondissement,75111
https://www.openstreetmap.org/node/1326728242,https://www.openstreetmap.org/relation/11831900,Rue Godefroy Cavaignac,https://www.openstreetmap.org/relation/9533,Paris 11e Arrondissement,75111
https://www.openstreetmap.org/node/1326728248,https://www.openstreetmap.org/relation/11831910,Rue François Neufchateau,https://www.openstreetmap.org/relation/9533,Paris 11e Arrondissement,75111
https://www.openstreetmap.org/node/1326728254,https://www.openstreetmap.org/relation/4835750,Rue Richard Lenoir,https://www.openstreetmap.org/relation/9533,Paris 11e Arrondissement,75111
https://www.openstreetmap.org/node/1326728256,https://www.openstreetmap.org/relation/11831795,Passage Rauch,https://www.openstreetmap.org/relation/9533,Paris 11e Arrondissement,75111
https://www.openstreetmap.org/node/1326728275,https://www.openstreetmap.org/relation/11831900,Rue Godefroy Cavaignac,https://www.openstreetmap.org/relation/9533,Paris 11e Arrondissement,75111
https://www.openstreetmap.org/node/1326728278,https://www.openstreetmap.org/relation/11831900,Rue Godefroy Cavaignac,https://www.openstreetmap.org/relation/9533,Paris 11e Arrondissement,75111
https://www.openstreetmap.org/node/1326728280,https://www.openstreetmap.org/relation/11831901,Rue Gobert,https://www.openstreetmap.org/relation/9533,Paris 11e Arrondissement,75111
https://www.openstreetmap.org/node/1326728281,https://www.openstreetmap.org/relation/11831935,Cour Debille,https://www.openstreetmap.org/relation/9533,Paris 11e Arrondissement,75111
https://www.openstreetmap.org/node/1326728284,https://www.openstreetmap.org/relation/11831982,Rue Basfroi,https://www.openstreetmap.org/relation/9533,Paris 11e Arrondissement,75111
https://www.openstreetmap.org/node/1326728291,https://www.openstreetmap.org/relation/11831901,Rue Gobert,https://www.openstreetmap.org/relation/9533,Paris 11e Arrondissement,75111
https://www.openstreetmap.org/node/1326728294,https://www.openstreetmap.org/relation/4835750,Rue Richard Lenoir,https://www.openstreetmap.org/relation/9533,Paris 11e Arrondissement,75111
https://www.openstreetmap.org/node/1326728309,https://www.openstreetmap.org/relation/4835750,Rue Richard Lenoir,https://www.openstreetmap.org/relation/9533,Paris 11e Arrondissement,75111
https://www.openstreetmap.org/node/1326728314,https://www.openstreetmap.org/relation/4835750,Rue Richard Lenoir,https://www.openstreetmap.org/relation/9533,Paris 11e Arrondissement,75111
https://www.openstreetmap.org/node/1326728316,https://www.openstreetmap.org/relation/11831901,Rue Gobert,https://www.openstreetmap.org/relation/9533,Paris 11e Arrondissement,75111
https://www.openstreetmap.org/node/1326728321,https://www.openstreetmap.org/relation/11831961,Passage Charles Dallery,https://www.openstreetmap.org/relation/9533,Paris 11e Arrondissement,75111
https://www.openstreetmap.org/node/1326728326,https://www.openstreetmap.org/relation/11831736,Passage Viallet,https://www.openstreetmap.org/relation/9533,Paris 11e Arrondissement,75111
https://www.openstreetmap.org/node/1326728329,https://www.openstreetmap.org/relation/11831900,Rue Godefroy Cavaignac,https://www.openstreetmap.org/relation/9533,Paris 11e Arrondissement,75111
https://www.openstreetmap.org/node/1326728332,https://www.openstreetmap.org/relation/4835750,Rue Richard Lenoir,https://www.openstreetmap.org/relation/9533,Paris 11e Arrondissement,75111
https://www.openstreetmap.org/node/1326728351,https://www.openstreetmap.org/relation/11831795,Passage Rauch,https://www.openstreetmap.org/relation/9533,Paris 11e Arrondissement,75111
https://www.openstreetmap.org/node/1326728354,https://www.openstreetmap.org/relation/11831982,Rue Basfroi,https://www.openstreetmap.org/relation/9533,Paris 11e Arrondissement,75111
https://www.openstreetmap.org/node/1326728360,https://www.openstreetmap.org/relation/11831982,Rue Basfroi,https://www.openstreetmap.org/relation/9533,Paris 11e Arrondissement,75111
https://www.openstreetmap.org/node/1326728367,https://www.openstreetmap.org/relation/4835750,Rue Richard Lenoir,https://www.openstreetmap.org/relation/9533,Paris 11e Arrondissement,75111
https://www.openstreetmap.org/node/1326728372,https://www.openstreetmap.org/relation/11831900,Rue Godefroy Cavaignac,https://www.openstreetmap.org/relation/9533,Paris 11e Arrondissement,75111
https://www.openstreetmap.org/node/1326728387,https://www.openstreetmap.org/relation/11831901,Rue Gobert,https://www.openstreetmap.org/relation/9533,Paris 11e Arrondissement,75111
https://www.openstreetmap.org/node/1326728394,https://www.openstreetmap.org/relation/11831961,Passage Charles Dallery,https://www.openstreetmap.org/relation/9533,Paris 11e Arrondissement,75111
https://www.openstreetmap.org/node/1326728396,https://www.openstreetmap.org/relation/11831982,Rue Basfroi,https://www.openstreetmap.org/relation/9533,Paris 11e Arrondissement,75111
https://www.openstreetmap.org/node/1326728397,https://www.openstreetmap.org/relation/11831736,Passage Viallet,https://www.openstreetmap.org/relation/9533,Paris 11e Arrondissement,75111
https://www.openstreetmap.org/node/1326728402,https://www.openstreetmap.org/relation/11831900,Rue Godefroy Cavaignac,https://www.openstreetmap.org/relation/9533,Paris 11e Arrondissement,75111
https://www.openstreetmap.org/node/1326728405,https://www.openstreetmap.org/relation/11831945,Cité du Couvent,https://www.openstreetmap.org/relation/9533,Paris 11e Arrondissement,75111
https://www.openstreetmap.org/node/1326728423,https://www.openstreetmap.org/relation/11831975,Impasse Bon Secours,https://www.openstreetmap.org/relation/9533,Paris 11e Arrondissement,75111
https://www.openstreetmap.org/node/1326728427,https://www.openstreetmap.org/relation/11831982,Rue Basfroi,https://www.openstreetmap.org/relation/9533,Paris 11e Arrondissement,75111
https://www.openstreetmap.org/node/1326728431,https://www.openstreetmap.org/relation/11831982,Rue Basfroi,https://www.openstreetmap.org/relation/9533,Paris 11e Arrondissement,75111
https://www.openstreetmap.org/node/1326728435,https://www.openstreetmap.org/relation/11831961,Passage Charles Dallery,https://www.openstreetmap.org/relation/9533,Paris 11e Arrondissement,75111
https://www.openstreetmap.org/node/1326728436,https://www.openstreetmap.org/relation/4835750,Rue Richard Lenoir,https://www.openstreetmap.org/relation/9533,Paris 11e Arrondissement,75111
https://www.openstreetmap.org/node/1326728440,https://www.openstreetmap.org/relation/11831900,Rue Godefroy Cavaignac,https://www.openstreetmap.org/relation/9533,Paris 11e Arrondissement,75111
https://www.openstreetmap.org/node/1326728443,https://www.openstreetmap.org/relation/11831945,Cité du Couvent,https://www.openstreetmap.org/relation/9533,Paris 11e Arrondissement,75111
https://www.openstreetmap.org/node/1326728457,https://www.openstreetmap.org/relation/11831900,Rue Godefroy Cavaignac,https://www.openstreetmap.org/relation/9533,Paris 11e Arrondissement,75111
https://www.openstreetmap.org/node/1326728461,https://www.openstreetmap.org/relation/4835750,Rue Richard Lenoir,https://www.openstreetmap.org/relation/9533,Paris 11e Arrondissement,75111
https://www.openstreetmap.org/node/1326728465,https://www.openstreetmap.org/relation/11831982,Rue Basfroi,https://www.openstreetmap.org/relation/9533,Paris 11e Arrondissement,75111
https://www.openstreetmap.org/node/1326728471,https://www.openstreetmap.org/relation/11831982,Rue Basfroi,https://www.openstreetmap.org/relation/9533,Paris 11e Arrondissement,75111
https://www.openstreetmap.org/node/1326728473,https://www.openstreetmap.org/relation/4835750,Rue Richard Lenoir,https://www.openstreetmap.org/relation/9533,Paris 11e Arrondissement,75111
https://www.openstreetmap.org/node/1326728476,https://www.openstreetmap.org/relation/11831900,Rue Godefroy Cavaignac,https://www.openstreetmap.org/relation/9533,Paris 11e Arrondissement,75111
https://www.openstreetmap.org/node/1326728481,https://www.openstreetmap.org/relation/11831900,Rue Godefroy Cavaignac,https://www.openstreetmap.org/relation/9533,Paris 11e Arrondissement,75111
https://www.openstreetmap.org/node/1326728502,https://www.openstreetmap.org/relation/4835750,Rue Richard Lenoir,https://www.openstreetmap.org/relation/9533,Paris 11e Arrondissement,75111
https://www.openstreetmap.org/node/1326728505,https://www.openstreetmap.org/relation/11831982,Rue Basfroi,https://www.openstreetmap.org/relation/9533,Paris 11e Arrondissement,75111
https://www.openstreetmap.org/node/1326728508,https://www.openstreetmap.org/relation/11831900,Rue Godefroy Cavaignac,https://www.openstreetmap.org/relation/9533,Paris 11e Arrondissement,75111
https://www.openstreetmap.org/node/1326728511,https://www.openstreetmap.org/relation/11831900,Rue Godefroy Cavaignac,https://www.openstreetmap.org/relation/9533,Paris 11e Arrondissement,75111
https://www.openstreetmap.org/node/1326728515,https://www.openstreetmap.org/relation/11831900,Rue Godefroy Cavaignac,https://www.openstreetmap.org/relation/9533,Paris 11e Arrondissement,75111
https://www.openstreetmap.org/node/1326728520,https://www.openstreetmap.org/relation/4835750,Rue Richard Lenoir,https://www.openstreetmap.org/relation/9533,Paris 11e Arrondissement,75111
https://www.openstreetmap.org/node/1326728535,https://www.openstreetmap.org/relation/11831885,Rue Japy,https://www.openstreetmap.org/relation/9533,Paris 11e Arrondissement,75111
https://www.openstreetmap.org/node/1326728538,https://www.openstreetmap.org/relation/11831982,Rue Basfroi,https://www.openstreetmap.org/relation/9533,Paris 11e Arrondissement,75111
https://www.openstreetmap.org/node/1326728541,https://www.openstreetmap.org/relation/4835750,Rue Richard Lenoir,https://www.openstreetmap.org/relation/9533,Paris 11e Arrondissement,75111
https://www.openstreetmap.org/node/1326728546,https://www.openstreetmap.org/relation/4835750,Rue Richard Lenoir,https://www.openstreetmap.org/relation/9533,Paris 11e Arrondissement,75111
https://www.openstreetmap.org/node/1326728553,https://www.openstreetmap.org/relation/11831900,Rue Godefroy Cavaignac,https://www.openstreetmap.org/relation/9533,Paris 11e Arrondissement,75111
https://www.openstreetmap.org/node/1326728557,https://www.openstreetmap.org/relation/11831945,Cité du Couvent,https://www.openstreetmap.org/relation/9533,Paris 11e Arrondissement,75111
https://www.openstreetmap.org/node/1326728574,https://www.openstreetmap.org/relation/4835750,Rue Richard Lenoir,https://www.openstreetmap.org/relation/9533,Paris 11e Arrondissement,75111
https://www.openstreetmap.org/node/1326728580,https://www.openstreetmap.org/relation/4835750,Rue Richard Lenoir,https://www.openstreetmap.org/relation/9533,Paris 11e Arrondissement,75111
https://www.openstreetmap.org/node/1326728582,https://www.openstreetmap.org/relation/4835750,Rue Richard Lenoir,https://www.openstreetmap.org/relation/9533,Paris 11e Arrondissement,75111
https://www.openstreetmap.org/node/1326728586,https://www.openstreetmap.org/relation/11831900,Rue Godefroy Cavaignac,https://www.openstreetmap.org/relation/9533,Paris 11e Arrondissement,75111
https://www.openstreetmap.org/node/1326728592,https://www.openstreetmap.org/relation/11831910,Rue François Neufchateau,https://www.openstreetmap.org/relation/9533,Paris 11e Arrondissement,75111
https://www.openstreetmap.org/node/1326762222,https://www.openstreetmap.org/relation/6949986,Avenue Ledru-Rollin,https://www.openstreetmap.org/relation/9533,Paris 11e Arrondissement,75111
https://www.openstreetmap.org/node/1326762229,https://www.openstreetmap.org/relation/6949986,Avenue Ledru-Rollin,https://www.openstreetmap.org/relation/9533,Paris 11e Arrondissement,75111
https://www.openstreetmap.org/node/1326762234,https://www.openstreetmap.org/relation/11831860,Rue de la Main d'Or,https://www.openstreetmap.org/relation/9533,Paris 11e Arrondissement,75111
https://www.openstreetmap.org/node/1326762241,https://www.openstreetmap.org/relation/6949986,Avenue Ledru-Rollin,https://www.openstreetmap.org/relation/9533,Paris 11e Arrondissement,75111
https://www.openstreetmap.org/node/1326762245,https://www.openstreetmap.org/relation/11831861,Passage de la Main d'Or,https://www.openstreetmap.org/relation/9533,Paris 11e Arrondissement,75111
https://www.openstreetmap.org/node/1326762248,https://www.openstreetmap.org/relation/6949986,Avenue Ledru-Rollin,https://www.openstreetmap.org/relation/9533,Paris 11e Arrondissement,75111
https://www.openstreetmap.org/node/1326762252,https://www.openstreetmap.org/relation/6949986,Avenue Ledru-Rollin,https://www.openstreetmap.org/relation/9533,Paris 11e Arrondissement,75111
https://www.openstreetmap.org/node/1326762257,https://www.openstreetmap.org/relation/6949986,Avenue Ledru-Rollin,https://www.openstreetmap.org/relation/9533,Paris 11e Arrondissement,75111
https://www.openstreetmap.org/node/1326762264,https://www.openstreetmap.org/relation/11831860,Rue de la Main d'Or,https://www.openstreetmap.org/relation/9533,Paris 11e Arrondissement,75111
https://www.openstreetmap.org/node/1326762269,https://www.openstreetmap.org/relation/11831861,Passage de la Main d'Or,https://www.openstreetmap.org/relation/9533,Paris 11e Arrondissement,75111
https://www.openstreetmap.org/node/1326762273,https://www.openstreetmap.org/relation/6949986,Avenue Ledru-Rollin,https://www.openstreetmap.org/relation/9533,Paris 11e Arrondissement,75111
https://www.openstreetmap.org/node/1326762275,https://www.openstreetmap.org/relation/11831861,Passage de la Main d'Or,https://www.openstreetmap.org/relation/9533,Paris 11e Arrondissement,75111
https://www.openstreetmap.org/node/1326762278,https://www.openstreetmap.org/relation/11831861,Passage de la Main d'Or,https://www.openstreetmap.org/relation/9533,Paris 11e Arrondissement,75111
https://www.openstreetmap.org/node/1326762281,https://www.openstreetmap.org/relation/11831861,Passage de la Main d'Or,https://www.openstreetmap.org/relation/9533,Paris 11e Arrondissement,75111
https://www.openstreetmap.org/node/1326762282,https://www.openstreetmap.org/relation/11831964,Rue de Candie,https://www.openstreetmap.org/relation/9533,Paris 11e Arrondissement,75111
https://www.openstreetmap.org/node/1326762283,https://www.openstreetmap.org/relation/6948561,Rue de Charonne,https://www.openstreetmap.org/relation/9533,Paris 11e Arrondissement,75111
https://www.openstreetmap.org/node/1326762290,https://www.openstreetmap.org/relation/6949986,Avenue Ledru-Rollin,https://www.openstreetmap.org/relation/9533,Paris 11e Arrondissement,75111
https://www.openstreetmap.org/node/1326762291,https://www.openstreetmap.org/relation/6949986,Avenue Ledru-Rollin,https://www.openstreetmap.org/relation/9533,Paris 11e Arrondissement,75111
https://www.openstreetmap.org/node/1326762292,https://www.openstreetmap.org/relation/6949986,Avenue Ledru-Rollin,https://www.openstreetmap.org/relation/9533,Paris 11e Arrondissement,75111
https://www.openstreetmap.org/node/1326762296,https://www.openstreetmap.org/relation/6949986,Avenue Ledru-Rollin,https://www.openstreetmap.org/relation/9533,Paris 11e Arrondissement,75111
https://www.openstreetmap.org/node/1326762299,https://www.openstreetmap.org/relation/6949986,Avenue Ledru-Rollin,https://www.openstreetmap.org/relation/9533,Paris 11e Arrondissement,75111
https://www.openstreetmap.org/node/1326762300,https://www.openstreetmap.org/relation/11831964,Rue de Candie,https://www.openstreetmap.org/relation/9533,Paris 11e Arrondissement,75111
https://www.openstreetmap.org/node/1326762303,https://www.openstreetmap.org/relation/11831861,Passage de la Main d'Or,https://www.openstreetmap.org/relation/9533,Paris 11e Arrondissement,75111
https://www.openstreetmap.org/node/1326762304,https://www.openstreetmap.org/relation/6949986,Avenue Ledru-Rollin,https://www.openstreetmap.org/relation/9533,Paris 11e Arrondissement,75111
https://www.openstreetmap.org/node/1326762306,https://www.openstreetmap.org/relation/11831964,Rue de Candie,https://www.openstreetmap.org/relation/9533,Paris 11e Arrondissement,75111
https://www.openstreetmap.org/node/1326762307,https://www.openstreetmap.org/relation/11831861,Passage de la Main d'Or,https://www.openstreetmap.org/relation/9533,Paris 11e Arrondissement,75111
https://www.openstreetmap.org/node/1326762308,https://www.openstreetmap.org/relation/6949986,Avenue Ledru-Rollin,https://www.openstreetmap.org/relation/9533,Paris 11e Arrondissement,75111
https://www.openstreetmap.org/node/1326762309,https://www.openstreetmap.org/relation/6949986,Avenue Ledru-Rollin,https://www.openstreetmap.org/relation/9533,Paris 11e Arrondissement,75111
https://www.openstreetmap.org/node/1326762310,https://www.openstreetmap.org/relation/11831818,Place du Père Chaillet,https://www.openstreetmap.org/relation/9533,Paris 11e Arrondissement,75111
https://www.openstreetmap.org/node/1326762311,https://www.openstreetmap.org/relation/6949986,Avenue Ledru-Rollin,https://www.openstreetmap.org/relation/9533,Paris 11e Arrondissement,75111
https://www.openstreetmap.org/node/1326762313,https://www.openstreetmap.org/relation/6949986,Avenue Ledru-Rollin,https://www.openstreetmap.org/relation/9533,Paris 11e Arrondissement,75111
https://www.openstreetmap.org/node/1326762314,https://www.openstreetmap.org/relation/11831861,Passage de la Main d'Or,https://www.openstreetmap.org/relation/9533,Paris 11e Arrondissement,75111
https://www.openstreetmap.org/node/1326762316,https://www.openstreetmap.org/relation/6949986,Avenue Ledru-Rollin,https://www.openstreetmap.org/relation/9533,Paris 11e Arrondissement,75111
https://www.openstreetmap.org/node/1326762317,https://www.openstreetmap.org/relation/11831860,Rue de la Main d'Or,https://www.openstreetmap.org/relation/9533,Paris 11e Arrondissement,75111
https://www.openstreetmap.org/node/1326762318,https://www.openstreetmap.org/relation/6949986,Avenue Ledru-Rollin,https://www.openstreetmap.org/relation/9533,Paris 11e Arrondissement,75111
https://www.openstreetmap.org/node/1326762319,https://www.openstreetmap.org/relation/6949986,Avenue Ledru-Rollin,https://www.openstreetmap.org/relation/9533,Paris 11e Arrondissement,75111
https://www.openstreetmap.org/node/1326762320,https://www.openstreetmap.org/relation/11831861,Passage de la Main d'Or,https://www.openstreetmap.org/relation/9533,Paris 11e Arrondissement,75111
https://www.openstreetmap.org/node/1326762321,https://www.openstreetmap.org/relation/6949986,Avenue Ledru-Rollin,https://www.openstreetmap.org/relation/9533,Paris 11e Arrondissement,75111
https://www.openstreetmap.org/node/1326762322,https://www.openstreetmap.org/relation/6949986,Avenue Ledru-Rollin,https://www.openstreetmap.org/relation/9533,Paris 11e Arrondissement,75111
https://www.openstreetmap.org/node/1326762325,https://www.openstreetmap.org/relation/11831860,Rue de la Main d'Or,https://www.openstreetmap.org/relation/9533,Paris 11e Arrondissement,75111
https://www.openstreetmap.org/node/1326762326,https://www.openstreetmap.org/relation/6949986,Avenue Ledru-Rollin,https://www.openstreetmap.org/relation/9533,Paris 11e Arrondissement,75111
https://www.openstreetmap.org/node/1326762327,https://www.openstreetmap.org/relation/11831861,Passage de la Main d'Or,https://www.openstreetmap.org/relation/9533,Paris 11e Arrondissement,75111
https://www.openstreetmap.org/node/1326762328,https://www.openstreetmap.org/relation/11831861,Passage de la Main d'Or,https://www.openstreetmap.org/relation/9533,Paris 11e Arrondissement,75111
https://www.openstreetmap.org/node/1326762329,https://www.openstreetmap.org/relation/11831861,Passage de la Main d'Or,https://www.openstreetmap.org/relation/9533,Paris 11e Arrondissement,75111
https://www.openstreetmap.org/node/1326762330,https://www.openstreetmap.org/relation/6949986,Avenue Ledru-Rollin,https://www.openstreetmap.org/relation/9533,Paris 11e Arrondissement,75111
https://www.openstreetmap.org/node/1326762331,https://www.openstreetmap.org/relation/11831964,Rue de Candie,https://www.openstreetmap.org/relation/9533,Paris 11e Arrondissement,75111
https://www.openstreetmap.org/node/1326762333,https://www.openstreetmap.org/relation/11831860,Rue de la Main d'Or,https://www.openstreetmap.org/relation/9533,Paris 11e Arrondissement,75111
https://www.openstreetmap.org/node/1326762334,https://www.openstreetmap.org/relation/6949986,Avenue Ledru-Rollin,https://www.openstreetmap.org/relation/9533,Paris 11e Arrondissement,75111
https://www.openstreetmap.org/node/1326762335,https://www.openstreetmap.org/relation/6949986,Avenue Ledru-Rollin,https://www.openstreetmap.org/relation/9533,Paris 11e Arrondissement,75111
https://www.openstreetmap.org/node/1326762336,https://www.openstreetmap.org/relation/11831861,Passage de la Main d'Or,https://www.openstreetmap.org/relation/9533,Paris 11e Arrondissement,75111
https://www.openstreetmap.org/node/1326762339,https://www.openstreetmap.org/relation/11831861,Passage de la Main d'Or,https://www.openstreetmap.org/relation/9533,Paris 11e Arrondissement,75111
https://www.openstreetmap.org/node/1326762341,https://www.openstreetmap.org/relation/6949986,Avenue Ledru-Rollin,https://www.openstreetmap.org/relation/9533,Paris 11e Arrondissement,75111
https://www.openstreetmap.org/node/1326762342,https://www.openstreetmap.org/relation/11831964,Rue de Candie,https://www.openstreetmap.org/relation/9533,Paris 11e Arrondissement,75111
https://www.openstreetmap.org/node/1326762343,https://www.openstreetmap.org/relation/6948561,Rue de Charonne,https://www.openstreetmap.org/relation/9533,Paris 11e Arrondissement,75111
https://www.openstreetmap.org/node/1326762344,https://www.openstreetmap.org/relation/6949986,Avenue Ledru-Rollin,https://www.openstreetmap.org/relation/9533,Paris 11e Arrondissement,75111
https://www.openstreetmap.org/node/1326762345,https://www.openstreetmap.org/relation/6949986,Avenue Ledru-Rollin,https://www.openstreetmap.org/relation/9533,Paris 11e Arrondissement,75111
https://www.openstreetmap.org/node/1326762346,https://www.openstreetmap.org/relation/6949986,Avenue Ledru-Rollin,https://www.openstreetmap.org/relation/9533,Paris 11e Arrondissement,75111
https://www.openstreetmap.org/node/1326762347,https://www.openstreetmap.org/relation/6949986,Avenue Ledru-Rollin,https://www.openstreetmap.org/relation/9533,Paris 11e Arrondissement,75111
https://www.openstreetmap.org/node/1326762348,https://www.openstreetmap.org/relation/6949986,Avenue Ledru-Rollin,https://www.openstreetmap.org/relation/9533,Paris 11e Arrondissement,75111
https://www.openstreetmap.org/node/1326762349,https://www.openstreetmap.org/relation/6949986,Avenue Ledru-Rollin,https://www.openstreetmap.org/relation/9533,Paris 11e Arrondissement,75111
https://www.openstreetmap.org/node/1326762350,https://www.openstreetmap.org/relation/11831861,Passage de la Main d'Or,https://www.openstreetmap.org/relation/9533,Paris 11e Arrondissement,75111
https://www.openstreetmap.org/node/1326762351,https://www.openstreetmap.org/relation/6949986,Avenue Ledru-Rollin,https://www.openstreetmap.org/relation/9533,Paris 11e Arrondissement,75111
https://www.openstreetmap.org/node/1326762352,https://www.openstreetmap.org/relation/11831861,Passage de la Main d'Or,https://www.openstreetmap.org/relation/9533,Paris 11e Arrondissement,75111
https://www.openstreetmap.org/node/1326762353,https://www.openstreetmap.org/relation/6949986,Avenue Ledru-Rollin,https://www.openstreetmap.org/relation/9533,Paris 11e Arrondissement,75111
https://www.openstreetmap.org/node/1326762354,https://www.openstreetmap.org/relation/6949986,Avenue Ledru-Rollin,https://www.openstreetmap.org/relation/9533,Paris 11e Arrondissement,75111
https://www.openstreetmap.org/node/1326762355,https://www.openstreetmap.org/relation/11831964,Rue de Candie,https://www.openstreetmap.org/relation/9533,Paris 11e Arrondissement,75111
https://www.openstreetmap.org/node/1326762356,https://www.openstreetmap.org/relation/11831860,Rue de la Main d'Or,https://www.openstreetmap.org/relation/9533,Paris 11e Arrondissement,75111
https://www.openstreetmap.org/node/1326762357,https://www.openstreetmap.org/relation/6949986,Avenue Ledru-Rollin,https://www.openstreetmap.org/relation/9533,Paris 11e Arrondissement,75111
https://www.openstreetmap.org/node/1326762358,https://www.openstreetmap.org/relation/6949986,Avenue Ledru-Rollin,https://www.openstreetmap.org/relation/9533,Paris 11e Arrondissement,75111
https://www.openstreetmap.org/node/1326762359,https://www.openstreetmap.org/relation/6949986,Avenue Ledru-Rollin,https://www.openstreetmap.org/relation/9533,Paris 11e Arrondissement,75111
https://www.openstreetmap.org/node/1326762360,https://www.openstreetmap.org/relation/11831964,Rue de Candie,https://www.openstreetmap.org/relation/9533,Paris 11e Arrondissement,75111
https://www.openstreetmap.org/node/1326762361,https://www.openstreetmap.org/relation/6948561,Rue de Charonne,https://www.openstreetmap.org/relation/9533,Paris 11e Arrondissement,75111
https://www.openstreetmap.org/node/1326762362,https://www.openstreetmap.org/relation/6949986,Avenue Ledru-Rollin,https://www.openstreetmap.org/relation/9533,Paris 11e Arrondissement,75111
https://www.openstreetmap.org/node/1326762363,https://www.openstreetmap.org/relation/6949986,Avenue Ledru-Rollin,https://www.openstreetmap.org/relation/9533,Paris 11e Arrondissement,75111
https://www.openstreetmap.org/node/1326762364,https://www.openstreetmap.org/relation/6949986,Avenue Ledru-Rollin,https://www.openstreetmap.org/relation/9533,Paris 11e Arrondissement,75111
https://www.openstreetmap.org/node/1326762365,https://www.openstreetmap.org/relation/11831860,Rue de la Main d'Or,https://www.openstreetmap.org/relation/9533,Paris 11e Arrondissement,75111
https://www.openstreetmap.org/node/1326762367,https://www.openstreetmap.org/relation/6949986,Avenue Ledru-Rollin,https://www.openstreetmap.org/relation/9533,Paris 11e Arrondissement,75111
https://www.openstreetmap.org/node/1326762368,https://www.openstreetmap.org/relation/11831861,Passage de la Main d'Or,https://www.openstreetmap.org/relation/9533,Paris 11e Arrondissement,75111
https://www.openstreetmap.org/node/1326762369,https://www.openstreetmap.org/relation/11831861,Passage de la Main d'Or,https://www.openstreetmap.org/relation/9533,Paris 11e Arrondissement,75111
https://www.openstreetmap.org/node/1326762370,https://www.openstreetmap.org/relation/11831861,Passage de la Main d'Or,https://www.openstreetmap.org/relation/9533,Paris 11e Arrondissement,75111
https://www.openstreetmap.org/node/1326762371,https://www.openstreetmap.org/relation/6949986,Avenue Ledru-Rollin,https://www.openstreetmap.org/relation/9533,Paris 11e Arrondissement,75111
https://www.openstreetmap.org/node/1326762372,https://www.openstreetmap.org/relation/11831964,Rue de Candie,https://www.openstreetmap.org/relation/9533,Paris 11e Arrondissement,75111
https://www.openstreetmap.org/node/1326762373,https://www.openstreetmap.org/relation/6949986,Avenue Ledru-Rollin,https://www.openstreetmap.org/relation/9533,Paris 11e Arrondissement,75111
https://www.openstreetmap.org/node/1326762376,https://www.openstreetmap.org/relation/11831860,Rue de la Main d'Or,https://www.openstreetmap.org/relation/9533,Paris 11e Arrondissement,75111
https://www.openstreetmap.org/node/1326762377,https://www.openstreetmap.org/relation/6949986,Avenue Ledru-Rollin,https://www.openstreetmap.org/relation/9533,Paris 11e Arrondissement,75111
https://www.openstreetmap.org/node/1326762378,https://www.openstreetmap.org/relation/11831861,Passage de la Main d'Or,https://www.openstreetmap.org/relation/9533,Paris 11e Arrondissement,75111
https://www.openstreetmap.org/node/1326762380,https://www.openstreetmap.org/relation/11831861,Passage de la Main d'Or,https://www.openstreetmap.org/relation/9533,Paris 11e Arrondissement,75111
https://www.openstreetmap.org/node/1326762381,https://www.openstreetmap.org/relation/11831860,Rue de la Main d'Or,https://www.openstreetmap.org/relation/9533,Paris 11e Arrondissement,75111
https://www.openstreetmap.org/node/1326762382,https://www.openstreetmap.org/relation/6949986,Avenue Ledru-Rollin,https://www.openstreetmap.org/relation/9533,Paris 11e Arrondissement,75111
https://www.openstreetmap.org/node/1326762383,https://www.openstreetmap.org/relation/11831964,Rue de Candie,https://www.openstreetmap.org/relation/9533,Paris 11e Arrondissement,75111
https://www.openstreetmap.org/node/1326762384,https://www.openstreetmap.org/relation/6948561,Rue de Charonne,https://www.openstreetmap.org/relation/9533,Paris 11e Arrondissement,75111
https://www.openstreetmap.org/node/1326762386,https://www.openstreetmap.org/relation/6949986,Avenue Ledru-Rollin,https://www.openstreetmap.org/relation/9533,Paris 11e Arrondissement,75111
https://www.openstreetmap.org/node/1326762387,https://www.openstreetmap.org/relation/6949986,Avenue Ledru-Rollin,https://www.openstreetmap.org/relation/9533,Paris 11e Arrondissement,75111
https://www.openstreetmap.org/node/1326762389,https://www.openstreetmap.org/relation/6949986,Avenue Ledru-Rollin,https://www.openstreetmap.org/relation/9533,Paris 11e Arrondissement,75111
https://www.openstreetmap.org/node/1326762391,https://www.openstreetmap.org/relation/11831861,Passage de la Main d'Or,https://www.openstreetmap.org/relation/9533,Paris 11e Arrondissement,75111
https://www.openstreetmap.org/node/1326762392,https://www.openstreetmap.org/relation/6949986,Avenue Ledru-Rollin,https://www.openstreetmap.org/relation/9533,Paris 11e Arrondissement,75111
https://www.openstreetmap.org/node/1326762393,https://www.openstreetmap.org/relation/11831964,Rue de Candie,https://www.openstreetmap.org/relation/9533,Paris 11e Arrondissement,75111
https://www.openstreetmap.org/node/1326762394,https://www.openstreetmap.org/relation/6949986,Avenue Ledru-Rollin,https://www.openstreetmap.org/relation/9533,Paris 11e Arrondissement,75111
https://www.openstreetmap.org/node/1326762395,https://www.openstreetmap.org/relation/6949986,Avenue Ledru-Rollin,https://www.openstreetmap.org/relation/9533,Paris 11e Arrondissement,75111
https://www.openstreetmap.org/node/1326762396,https://www.openstreetmap.org/relation/11831964,Rue de Candie,https://www.openstreetmap.org/relation/9533,Paris 11e Arrondissement,75111
https://www.openstreetmap.org/node/1326762397,https://www.openstreetmap.org/relation/11831860,Rue de la Main d'Or,https://www.openstreetmap.org/relation/9533,Paris 11e Arrondissement,75111
https://www.openstreetmap.org/node/1326762398,https://www.openstreetmap.org/relation/6949986,Avenue Ledru-Rollin,https://www.openstreetmap.org/relation/9533,Paris 11e Arrondissement,75111
https://www.openstreetmap.org/node/1326762399,https://www.openstreetmap.org/relation/6949986,Avenue Ledru-Rollin,https://www.openstreetmap.org/relation/9533,Paris 11e Arrondissement,75111
https://www.openstreetmap.org/node/1326762400,https://www.openstreetmap.org/relation/6949986,Avenue Ledru-Rollin,https://www.openstreetmap.org/relation/9533,Paris 11e Arrondissement,75111
https://www.openstreetmap.org/node/1326762401,https://www.openstreetmap.org/relation/11831964,Rue de Candie,https://www.openstreetmap.org/relation/9533,Paris 11e Arrondissement,75111
https://www.openstreetmap.org/node/1326762402,https://www.openstreetmap.org/relation/11831861,Passage de la Main d'Or,https://www.openstreetmap.org/relation/9533,Paris 11e Arrondissement,75111
https://www.openstreetmap.org/node/1326762403,https://www.openstreetmap.org/relation/11831818,Place du Père Chaillet,https://www.openstreetmap.org/relation/9533,Paris 11e Arrondissement,75111
https://www.openstreetmap.org/node/1326932056,https://www.openstreetmap.org/relation/11831781,Passage Saint-Bernard,https://www.openstreetmap.org/relation/9533,Paris 11e Arrondissement,75111
https://www.openstreetmap.org/node/1326932057,https://www.openstreetmap.org/relation/11831919,Rue Faidherbe,https://www.openstreetmap.org/relation/9533,Paris 11e Arrondissement,75111
https://www.openstreetmap.org/node/1326932058,https://www.openstreetmap.org/relation/11831742,Rue Trousseau,https://www.openstreetmap.org/relation/9533,Paris 11e Arrondissement,75111
https://www.openstreetmap.org/node/1326932059,https://www.openstreetmap.org/relation/11831962,Rue Chanzy,https://www.openstreetmap.org/relation/9533,Paris 11e Arrondissement,75111
https://www.openstreetmap.org/node/1326932060,https://www.openstreetmap.org/relation/11831742,Rue Trousseau,https://www.openstreetmap.org/relation/9533,Paris 11e Arrondissement,75111
https://www.openstreetmap.org/node/1326932061,https://www.openstreetmap.org/relation/11831742,Rue Trousseau,https://www.openstreetmap.org/relation/9533,Paris 11e Arrondissement,75111
https://www.openstreetmap.org/node/1326932064,https://www.openstreetmap.org/relation/11831781,Passage Saint-Bernard,https://www.openstreetmap.org/relation/9533,Paris 11e Arrondissement,75111
https://www.openstreetmap.org/node/1326932069,https://www.openstreetmap.org/relation/11831962,Rue Chanzy,https://www.openstreetmap.org/relation/9533,Paris 11e Arrondissement,75111
https://www.openstreetmap.org/node/1326932073,https://www.openstreetmap.org/relation/11831781,Passage Saint-Bernard,https://www.openstreetmap.org/relation/9533,Paris 11e Arrondissement,75111
https://www.openstreetmap.org/node/1326932075,https://www.openstreetmap.org/relation/11831912,Rue de la Forge Royale,https://www.openstreetmap.org/relation/9533,Paris 11e Arrondissement,75111
https://www.openstreetmap.org/node/1326932076,https://www.openstreetmap.org/relation/11831960,Rue Charles Delescluze,https://www.openstreetmap.org/relation/9533,Paris 11e Arrondissement,75111
https://www.openstreetmap.org/node/1326932078,https://www.openstreetmap.org/relation/11831919,Rue Faidherbe,https://www.openstreetmap.org/relation/9533,Paris 11e Arrondissement,75111
https://www.openstreetmap.org/node/1326932092,https://www.openstreetmap.org/relation/11831919,Rue Faidherbe,https://www.openstreetmap.org/relation/9533,Paris 11e Arrondissement,75111
https://www.openstreetmap.org/node/1326932094,https://www.openstreetmap.org/relation/11831919,Rue Faidherbe,https://www.openstreetmap.org/relation/9533,Paris 11e Arrondissement,75111
https://www.openstreetmap.org/node/1326932096,https://www.openstreetmap.org/relation/11831780,Rue Saint-Bernard,https://www.openstreetmap.org/relation/9533,Paris 11e Arrondissement,75111
https://www.openstreetmap.org/node/1326932100,https://www.openstreetmap.org/relation/11831912,Rue de la Forge Royale,https://www.openstreetmap.org/relation/9533,Paris 11e Arrondissement,75111
https://www.openstreetmap.org/node/1326932104,https://www.openstreetmap.org/relation/11831960,Rue Charles Delescluze,https://www.openstreetmap.org/relation/9533,Paris 11e Arrondissement,75111
https://www.openstreetmap.org/node/1326932116,https://www.openstreetmap.org/relation/11831919,Rue Faidherbe,https://www.openstreetmap.org/relation/9533,Paris 11e Arrondissement,75111
https://www.openstreetmap.org/node/1326932117,https://www.openstreetmap.org/relation/11831962,Rue Chanzy,https://www.openstreetmap.org/relation/9533,Paris 11e Arrondissement,75111
https://www.openstreetmap.org/node/1326932118,https://www.openstreetmap.org/relation/11831962,Rue Chanzy,https://www.openstreetmap.org/relation/9533,Paris 11e Arrondissement,75111
https://www.openstreetmap.org/node/1326932120,https://www.openstreetmap.org/relation/11831781,Passage Saint-Bernard,https://www.openstreetmap.org/relation/9533,Paris 11e Arrondissement,75111
https://www.openstreetmap.org/node/1326932126,https://www.openstreetmap.org/relation/11831742,Rue Trousseau,https://www.openstreetmap.org/relation/9533,Paris 11e Arrondissement,75111
https://www.openstreetmap.org/node/1326932130,https://www.openstreetmap.org/relation/11831742,Rue Trousseau,https://www.openstreetmap.org/relation/9533,Paris 11e Arrondissement,75111
https://www.openstreetmap.org/node/1326932133,https://www.openstreetmap.org/relation/11831962,Rue Chanzy,https://www.openstreetmap.org/relation/9533,Paris 11e Arrondissement,75111
https://www.openstreetmap.org/node/1326932136,https://www.openstreetmap.org/relation/11831781,Passage Saint-Bernard,https://www.openstreetmap.org/relation/9533,Paris 11e Arrondissement,75111
https://www.openstreetmap.org/node/1326932139,https://www.openstreetmap.org/relation/11831912,Rue de la Forge Royale,https://www.openstreetmap.org/relation/9533,Paris 11e Arrondissement,75111
https://www.openstreetmap.org/node/1326932141,https://www.openstreetmap.org/relation/11831960,Rue Charles Delescluze,https://www.openstreetmap.org/relation/9533,Paris 11e Arrondissement,75111
https://www.openstreetmap.org/node/1326932142,https://www.openstreetmap.org/relation/11831919,Rue Faidherbe,https://www.openstreetmap.org/relation/9533,Paris 11e Arrondissement,75111
https://www.openstreetmap.org/node/1326932143,https://www.openstreetmap.org/relation/11831919,Rue Faidherbe,https://www.openstreetmap.org/relation/9533,Paris 11e Arrondissement,75111
https://www.openstreetmap.org/node/1326932150,https://www.openstreetmap.org/relation/11831912,Rue de la Forge Royale,https://www.openstreetmap.org/relation/9533,Paris 11e Arrondissement,75111
https://www.openstreetmap.org/node/1326932151,https://www.openstreetmap.org/relation/11831742,Rue Trousseau,https://www.openstreetmap.org/relation/9533,Paris 11e Arrondissement,75111
https://www.openstreetmap.org/node/1326932152,https://www.openstreetmap.org/relation/11831780,Rue Saint-Bernard,https://www.openstreetmap.org/relation/9533,Paris 11e Arrondissement,75111
https://www.openstreetmap.org/node/1326932154,https://www.openstreetmap.org/relation/11831912,Rue de la Forge Royale,https://www.openstreetmap.org/relation/9533,Paris 11e Arrondissement,75111
https://www.openstreetmap.org/node/1326932156,https://www.openstreetmap.org/relation/11831919,Rue Faidherbe,https://www.openstreetmap.org/relation/9533,Paris 11e Arrondissement,75111
https://www.openstreetmap.org/node/1326932157,https://www.openstreetmap.org/relation/11831962,Rue Chanzy,https://www.openstreetmap.org/relation/9533,Paris 11e Arrondissement,75111
https://www.openstreetmap.org/node/1326932159,https://www.openstreetmap.org/relation/11831742,Rue Trousseau,https://www.openstreetmap.org/relation/9533,Paris 11e Arrondissement,75111
https://www.openstreetmap.org/node/1326932161,https://www.openstreetmap.org/relation/11831962,Rue Chanzy,https://www.openstreetmap.org/relation/9533,Paris 11e Arrondissement,75111
https://www.openstreetmap.org/node/1326932163,https://www.openstreetmap.org/relation/11831957,Rue Charrière,https://www.openstreetmap.org/relation/9533,Paris 11e Arrondissement,75111
https://www.openstreetmap.org/node/1326932164,https://www.openstreetmap.org/relation/11831912,Rue de la Forge Royale,https://www.openstreetmap.org/relation/9533,Paris 11e Arrondissement,75111
https://www.openstreetmap.org/node/1326932165,https://www.openstreetmap.org/relation/11831742,Rue Trousseau,https://www.openstreetmap.org/relation/9533,Paris 11e Arrondissement,75111
https://www.openstreetmap.org/node/1326932168,https://www.openstreetmap.org/relation/11831960,Rue Charles Delescluze,https://www.openstreetmap.org/relation/9533,Paris 11e Arrondissement,75111
https://www.openstreetmap.org/node/1326932169,https://www.openstreetmap.org/relation/11831780,Rue Saint-Bernard,https://www.openstreetmap.org/relation/9533,Paris 11e Arrondissement,75111
https://www.openstreetmap.org/node/1326932171,https://www.openstreetmap.org/relation/11831742,Rue Trousseau,https://www.openstreetmap.org/relation/9533,Paris 11e Arrondissement,75111
https://www.openstreetmap.org/node/1326932172,https://www.openstreetmap.org/relation/11831962,Rue Chanzy,https://www.openstreetmap.org/relation/9533,Paris 11e Arrondissement,75111
https://www.openstreetmap.org/node/1326932173,https://www.openstreetmap.org/relation/11831780,Rue Saint-Bernard,https://www.openstreetmap.org/relation/9533,Paris 11e Arrondissement,75111
https://www.openstreetmap.org/node/1326932174,https://www.openstreetmap.org/relation/11831912,Rue de la Forge Royale,https://www.openstreetmap.org/relation/9533,Paris 11e Arrondissement,75111
https://www.openstreetmap.org/node/1326932175,https://www.openstreetmap.org/relation/11831957,Rue Charrière,https://www.openstreetmap.org/relation/9533,Paris 11e Arrondissement,75111
https://www.openstreetmap.org/node/1326932176,https://www.openstreetmap.org/relation/11831780,Rue Saint-Bernard,https://www.openstreetmap.org/relation/9533,Paris 11e Arrondissement,75111
https://www.openstreetmap.org/node/1326932177,https://www.openstreetmap.org/relation/11831742,Rue Trousseau,https://www.openstreetmap.org/relation/9533,Paris 11e Arrondissement,75111
https://www.openstreetmap.org/node/1326932178,https://www.openstreetmap.org/relation/11831919,Rue Faidherbe,https://www.openstreetmap.org/relation/9533,Paris 11e Arrondissement,75111
https://www.openstreetmap.org/node/1326932180,https://www.openstreetmap.org/relation/11831912,Rue de la Forge Royale,https://www.openstreetmap.org/relation/9533,Paris 11e Arrondissement,75111
https://www.openstreetmap.org/node/1326932182,https://www.openstreetmap.org/relation/11831780,Rue Saint-Bernard,https://www.openstreetmap.org/relation/9533,Paris 11e Arrondissement,75111
https://www.openstreetmap.org/node/1326932183,https://www.openstreetmap.org/relation/11831962,Rue Chanzy,https://www.openstreetmap.org/relation/9533,Paris 11e Arrondissement,75111
https://www.openstreetmap.org/node/1326932185,https://www.openstreetmap.org/relation/11831742,Rue Trousseau,https://www.openstreetmap.org/relation/9533,Paris 11e Arrondissement,75111
https://www.openstreetmap.org/node/1326932186,https://www.openstreetmap.org/relation/11831957,Rue Charrière,https://www.openstreetmap.org/relation/9533,Paris 11e Arrondissement,75111
https://www.openstreetmap.org/node/1326932187,https://www.openstreetmap.org/relation/11831781,Passage Saint-Bernard,https://www.openstreetmap.org/relation/9533,Paris 11e Arrondissement,75111
https://www.openstreetmap.org/node/1326932188,https://www.openstreetmap.org/relation/11831957,Rue Charrière,https://www.openstreetmap.org/relation/9533,Paris 11e Arrondissement,75111
https://www.openstreetmap.org/node/1326932189,https://www.openstreetmap.org/relation/11831912,Rue de la Forge Royale,https://www.openstreetmap.org/relation/9533,Paris 11e Arrondissement,75111
https://www.openstreetmap.org/node/1326932190,https://www.openstreetmap.org/relation/11831742,Rue Trousseau,https://www.openstreetmap.org/relation/9533,Paris 11e Arrondissement,75111
https://www.openstreetmap.org/node/1326932191,https://www.openstreetmap.org/relation/11831919,Rue Faidherbe,https://www.openstreetmap.org/relation/9533,Paris 11e Arrondissement,75111
https://www.openstreetmap.org/node/1326932192,https://www.openstreetmap.org/relation/11831780,Rue Saint-Bernard,https://www.openstreetmap.org/relation/9533,Paris 11e Arrondissement,75111
https://www.openstreetmap.org/node/1326932194,https://www.openstreetmap.org/relation/11831960,Rue Charles Delescluze,https://www.openstreetmap.org/relation/9533,Paris 11e Arrondissement,75111
https://www.openstreetmap.org/node/1326932195,https://www.openstreetmap.org/relation/11831780,Rue Saint-Bernard,https://www.openstreetmap.org/relation/9533,Paris 11e Arrondissement,75111
https://www.openstreetmap.org/node/1326932196,https://www.openstreetmap.org/relation/11831962,Rue Chanzy,https://www.openstreetmap.org/relation/9533,Paris 11e Arrondissement,75111
https://www.openstreetmap.org/node/1326932197,https://www.openstreetmap.org/relation/11831912,Rue de la Forge Royale,https://www.openstreetmap.org/relation/9533,Paris 11e Arrondissement,75111
https://www.openstreetmap.org/node/1326932198,https://www.openstreetmap.org/relation/11831962,Rue Chanzy,https://www.openstreetmap.org/relation/9533,Paris 11e Arrondissement,75111
https://www.openstreetmap.org/node/1326932199,https://www.openstreetmap.org/relation/11831781,Passage Saint-Bernard,https://www.openstreetmap.org/relation/9533,Paris 11e Arrondissement,75111
https://www.openstreetmap.org/node/1326932200,https://www.openstreetmap.org/relation/11831919,Rue Faidherbe,https://www.openstreetmap.org/relation/9533,Paris 11e Arrondissement,75111
https://www.openstreetmap.org/node/1326932202,https://www.openstreetmap.org/relation/11831962,Rue Chanzy,https://www.openstreetmap.org/relation/9533,Paris 11e Arrondissement,75111
https://www.openstreetmap.org/node/1326932203,https://www.openstreetmap.org/relation/11831742,Rue Trousseau,https://www.openstreetmap.org/relation/9533,Paris 11e Arrondissement,75111
https://www.openstreetmap.org/node/1326932204,https://www.openstreetmap.org/relation/11831780,Rue Saint-Bernard,https://www.openstreetmap.org/relation/9533,Paris 11e Arrondissement,75111
https://www.openstreetmap.org/node/1326932205,https://www.openstreetmap.org/relation/11831962,Rue Chanzy,https://www.openstreetmap.org/relation/9533,Paris 11e Arrondissement,75111
https://www.openstreetmap.org/node/1326932206,https://www.openstreetmap.org/relation/11831742,Rue Trousseau,https://www.openstreetmap.org/relation/9533,Paris 11e Arrondissement,75111
https://www.openstreetmap.org/node/1326932207,https://www.openstreetmap.org/relation/11831781,Passage Saint-Bernard,https://www.openstreetmap.org/relation/9533,Paris 11e Arrondissement,75111
https://www.openstreetmap.org/node/1326932208,https://www.openstreetmap.org/relation/11831962,Rue Chanzy,https://www.openstreetmap.org/relation/9533,Paris 11e Arrondissement,75111
https://www.openstreetmap.org/node/1326932209,https://www.openstreetmap.org/relation/11831781,Passage Saint-Bernard,https://www.openstreetmap.org/relation/9533,Paris 11e Arrondissement,75111
https://www.openstreetmap.org/node/1326932210,https://www.openstreetmap.org/relation/11831957,Rue Charrière,https://www.openstreetmap.org/relation/9533,Paris 11e Arrondissement,75111
https://www.openstreetmap.org/node/1326932211,https://www.openstreetmap.org/relation/11831912,Rue de la Forge Royale,https://www.openstreetmap.org/relation/9533,Paris 11e Arrondissement,75111
https://www.openstreetmap.org/node/1326932212,https://www.openstreetmap.org/relation/11831919,Rue Faidherbe,https://www.openstreetmap.org/relation/9533,Paris 11e Arrondissement,75111
https://www.openstreetmap.org/node/1326932213,https://www.openstreetmap.org/relation/11831919,Rue Faidherbe,https://www.openstreetmap.org/relation/9533,Paris 11e Arrondissement,75111
https://www.openstreetmap.org/node/1326932215,https://www.openstreetmap.org/relation/11831962,Rue Chanzy,https://www.openstreetmap.org/relation/9533,Paris 11e Arrondissement,75111
https://www.openstreetmap.org/node/1326932216,https://www.openstreetmap.org/relation/11831912,Rue de la Forge Royale,https://www.openstreetmap.org/relation/9533,Paris 11e Arrondissement,75111
https://www.openstreetmap.org/node/1326932217,https://www.openstreetmap.org/relation/11831960,Rue Charles Delescluze,https://www.openstreetmap.org/relation/9533,Paris 11e Arrondissement,75111
https://www.openstreetmap.org/node/1326932218,https://www.openstreetmap.org/relation/11831919,Rue Faidherbe,https://www.openstreetmap.org/relation/9533,Paris 11e Arrondissement,75111
https://www.openstreetmap.org/node/1326932219,https://www.openstreetmap.org/relation/11831962,Rue Chanzy,https://www.openstreetmap.org/relation/9533,Paris 11e Arrondissement,75111
https://www.openstreetmap.org/node/1326932221,https://www.openstreetmap.org/relation/11831962,Rue Chanzy,https://www.openstreetmap.org/relation/9533,Paris 11e Arrondissement,75111
https://www.openstreetmap.org/node/1326932222,https://www.openstreetmap.org/relation/11831781,Passage Saint-Bernard,https://www.openstreetmap.org/relation/9533,Paris 11e Arrondissement,75111
https://www.openstreetmap.org/node/1326932224,https://www.openstreetmap.org/relation/11831742,Rue Trousseau,https://www.openstreetmap.org/relation/9533,Paris 11e Arrondissement,75111
https://www.openstreetmap.org/node/1326932225,https://www.openstreetmap.org/relation/11831742,Rue Trousseau,https://www.openstreetmap.org/relation/9533,Paris 11e Arrondissement,75111
https://www.openstreetmap.org/node/1326932226,https://www.openstreetmap.org/relation/11831962,Rue Chanzy,https://www.openstreetmap.org/relation/9533,Paris 11e Arrondissement,75111
https://www.openstreetmap.org/node/1326932227,https://www.openstreetmap.org/relation/11831962,Rue Chanzy,https://www.openstreetmap.org/relation/9533,Paris 11e Arrondissement,75111
https://www.openstreetmap.org/node/1326932228,https://www.openstreetmap.org/relation/11831781,Passage Saint-Bernard,https://www.openstreetmap.org/relation/9533,Paris 11e Arrondissement,75111
https://www.openstreetmap.org/node/1326932229,https://www.openstreetmap.org/relation/11831912,Rue de la Forge Royale,https://www.openstreetmap.org/relation/9533,Paris 11e Arrondissement,75111
https://www.openstreetmap.org/node/1326932230,https://www.openstreetmap.org/relation/11831960,Rue Charles Delescluze,https://www.openstreetmap.org/relation/9533,Paris 11e Arrondissement,75111
https://www.openstreetmap.org/node/1326932231,https://www.openstreetmap.org/relation/11831919,Rue Faidherbe,https://www.openstreetmap.org/relation/9533,Paris 11e Arrondissement,75111
https://www.openstreetmap.org/node/1326932233,https://www.openstreetmap.org/relation/11831912,Rue de la Forge Royale,https://www.openstreetmap.org/relation/9533,Paris 11e Arrondissement,75111
https://www.openstreetmap.org/node/1326932234,https://www.openstreetmap.org/relation/11831780,Rue Saint-Bernard,https://www.openstreetmap.org/relation/9533,Paris 11e Arrondissement,75111
https://www.openstreetmap.org/node/1326932235,https://www.openstreetmap.org/relation/11831912,Rue de la Forge Royale,https://www.openstreetmap.org/relation/9533,Paris 11e Arrondissement,75111
https://www.openstreetmap.org/node/1326932236,https://www.openstreetmap.org/relation/11831780,Rue Saint-Bernard,https://www.openstreetmap.org/relation/9533,Paris 11e Arrondissement,75111
https://www.openstreetmap.org/node/1326932237,https://www.openstreetmap.org/relation/11831919,Rue Faidherbe,https://www.openstreetmap.org/relation/9533,Paris 11e Arrondissement,75111
https://www.openstreetmap.org/node/1326932238,https://www.openstreetmap.org/relation/11831962,Rue Chanzy,https://www.openstreetmap.org/relation/9533,Paris 11e Arrondissement,75111
https://www.openstreetmap.org/node/1326932240,https://www.openstreetmap.org/relation/11831742,Rue Trousseau,https://www.openstreetmap.org/relation/9533,Paris 11e Arrondissement,75111
https://www.openstreetmap.org/node/1326932242,https://www.openstreetmap.org/relation/11831962,Rue Chanzy,https://www.openstreetmap.org/relation/9533,Paris 11e Arrondissement,75111
https://www.openstreetmap.org/node/1326932244,https://www.openstreetmap.org/relation/11831919,Rue Faidherbe,https://www.openstreetmap.org/relation/9533,Paris 11e Arrondissement,75111
https://www.openstreetmap.org/node/1326932245,https://www.openstreetmap.org/relation/11831957,Rue Charrière,https://www.openstreetmap.org/relation/9533,Paris 11e Arrondissement,75111
https://www.openstreetmap.org/node/1326932246,https://www.openstreetmap.org/relation/11831957,Rue Charrière,https://www.openstreetmap.org/relation/9533,Paris 11e Arrondissement,75111
https://www.openstreetmap.org/node/1326932247,https://www.openstreetmap.org/relation/11831912,Rue de la Forge Royale,https://www.openstreetmap.org/relation/9533,Paris 11e Arrondissement,75111
https://www.openstreetmap.org/node/1326932248,https://www.openstreetmap.org/relation/11831742,Rue Trousseau,https://www.openstreetmap.org/relation/9533,Paris 11e Arrondissement,75111
https://www.openstreetmap.org/node/1326932249,https://www.openstreetmap.org/relation/11831919,Rue Faidherbe,https://www.openstreetmap.org/relation/9533,Paris 11e Arrondissement,75111
https://www.openstreetmap.org/node/1326932258,https://www.openstreetmap.org/relation/11831960,Rue Charles Delescluze,https://www.openstreetmap.org/relation/9533,Paris 11e Arrondissement,75111
https://www.openstreetmap.org/node/1326932259,https://www.openstreetmap.org/relation/11831962,Rue Chanzy,https://www.openstreetmap.org/relation/9533,Paris 11e Arrondissement,75111
https://www.openstreetmap.org/node/1326932261,https://www.openstreetmap.org/relation/11831960,Rue Charles Delescluze,https://www.openstreetmap.org/relation/9533,Paris 11e Arrondissement,75111
https://www.openstreetmap.org/node/1326932265,https://www.openstreetmap.org/relation/11831742,Rue Trousseau,https://www.openstreetmap.org/relation/9533,Paris 11e Arrondissement,75111
https://www.openstreetmap.org/node/1326932266,https://www.openstreetmap.org/relation/11831962,Rue Chanzy,https://www.openstreetmap.org/relation/9533,Paris 11e Arrondissement,75111
https://www.openstreetmap.org/node/1326932267,https://www.openstreetmap.org/relation/11831780,Rue Saint-Bernard,https://www.openstreetmap.org/relation/9533,Paris 11e Arrondissement,75111
https://www.openstreetmap.org/node/1326932268,https://www.openstreetmap.org/relation/11831780,Rue Saint-Bernard,https://www.openstreetmap.org/relation/9533,Paris 11e Arrondissement,75111
https://www.openstreetmap.org/node/1326932269,https://www.openstreetmap.org/relation/11831912,Rue de la Forge Royale,https://www.openstreetmap.org/relation/9533,Paris 11e Arrondissement,75111
https://www.openstreetmap.org/node/1326932270,https://www.openstreetmap.org/relation/11831742,Rue Trousseau,https://www.openstreetmap.org/relation/9533,Paris 11e Arrondissement,75111
https://www.openstreetmap.org/node/1326932271,https://www.openstreetmap.org/relation/11831780,Rue Saint-Bernard,https://www.openstreetmap.org/relation/9533,Paris 11e Arrondissement,75111
https://www.openstreetmap.org/node/1326932272,https://www.openstreetmap.org/relation/11831919,Rue Faidherbe,https://www.openstreetmap.org/relation/9533,Paris 11e Arrondissement,75111
https://www.openstreetmap.org/node/1326932273,https://www.openstreetmap.org/relation/11831780,Rue Saint-Bernard,https://www.openstreetmap.org/relation/9533,Paris 11e Arrondissement,75111
https://www.openstreetmap.org/node/1326932274,https://www.openstreetmap.org/relation/11831742,Rue Trousseau,https://www.openstreetmap.org/relation/9533,Paris 11e Arrondissement,75111
https://www.openstreetmap.org/node/1326932275,https://www.openstreetmap.org/relation/11831780,Rue Saint-Bernard,https://www.openstreetmap.org/relation/9533,Paris 11e Arrondissement,75111
https://www.openstreetmap.org/node/1326932276,https://www.openstreetmap.org/relation/11831962,Rue Chanzy,https://www.openstreetmap.org/relation/9533,Paris 11e Arrondissement,75111
https://www.openstreetmap.org/node/1326932278,https://www.openstreetmap.org/relation/11831780,Rue Saint-Bernard,https://www.openstreetmap.org/relation/9533,Paris 11e Arrondissement,75111
https://www.openstreetmap.org/node/1326932279,https://www.openstreetmap.org/relation/11831957,Rue Charrière,https://www.openstreetmap.org/relation/9533,Paris 11e Arrondissement,75111
https://www.openstreetmap.org/node/1326932280,https://www.openstreetmap.org/relation/11831781,Passage Saint-Bernard,https://www.openstreetmap.org/relation/9533,Paris 11e Arrondissement,75111
https://www.openstreetmap.org/node/1326932281,https://www.openstreetmap.org/relation/11831957,Rue Charrière,https://www.openstreetmap.org/relation/9533,Paris 11e Arrondissement,75111
https://www.openstreetmap.org/node/1326932282,https://www.openstreetmap.org/relation/11831912,Rue de la Forge Royale,https://www.openstreetmap.org/relation/9533,Paris 11e Arrondissement,75111
https://www.openstreetmap.org/node/1326932283,https://www.openstreetmap.org/relation/11831742,Rue Trousseau,https://www.openstreetmap.org/relation/9533,Paris 11e Arrondissement,75111
https://www.openstreetmap.org/node/1326932284,https://www.openstreetmap.org/relation/11831919,Rue Faidherbe,https://www.openstreetmap.org/relation/9533,Paris 11e Arrondissement,75111
https://www.openstreetmap.org/node/1326932286,https://www.openstreetmap.org/relation/11831960,Rue Charles Delescluze,https://www.openstreetmap.org/relation/9533,Paris 11e Arrondissement,75111
https://www.openstreetmap.org/node/1326932287,https://www.openstreetmap.org/relation/11831780,Rue Saint-Bernard,https://www.openstreetmap.org/relation/9533,Paris 11e Arrondissement,75111
https://www.openstreetmap.org/node/1326932288,https://www.openstreetmap.org/relation/11831742,Rue Trousseau,https://www.openstreetmap.org/relation/9533,Paris 11e Arrondissement,75111
https://www.openstreetmap.org/node/1326932289,https://www.openstreetmap.org/relation/11831962,Rue Chanzy,https://www.openstreetmap.org/relation/9533,Paris 11e Arrondissement,75111
https://www.openstreetmap.org/node/1326932290,https://www.openstreetmap.org/relation/11831962,Rue Chanzy,https://www.openstreetmap.org/relation/9533,Paris 11e Arrondissement,75111
https://www.openstreetmap.org/node/1326932291,https://www.openstreetmap.org/relation/11831912,Rue de la Forge Royale,https://www.openstreetmap.org/relation/9533,Paris 11e Arrondissement,75111
https://www.openstreetmap.org/node/1326932292,https://www.openstreetmap.org/relation/11831780,Rue Saint-Bernard,https://www.openstreetmap.org/relation/9533,Paris 11e Arrondissement,75111
https://www.openstreetmap.org/node/1326932293,https://www.openstreetmap.org/relation/11831781,Passage Saint-Bernard,https://www.openstreetmap.org/relation/9533,Paris 11e Arrondissement,75111
https://www.openstreetmap.org/node/1326932294,https://www.openstreetmap.org/relation/11831919,Rue Faidherbe,https://www.openstreetmap.org/relation/9533,Paris 11e Arrondissement,75111
https://www.openstreetmap.org/node/1326932295,https://www.openstreetmap.org/relation/11831780,Rue Saint-Bernard,https://www.openstreetmap.org/relation/9533,Paris 11e Arrondissement,75111
https://www.openstreetmap.org/node/1326932296,https://www.openstreetmap.org/relation/11831962,Rue Chanzy,https://www.openstreetmap.org/relation/9533,Paris 11e Arrondissement,75111
https://www.openstreetmap.org/node/1326932297,https://www.openstreetmap.org/relation/11831742,Rue Trousseau,https://www.openstreetmap.org/relation/9533,Paris 11e Arrondissement,75111
https://www.openstreetmap.org/node/1326932298,https://www.openstreetmap.org/relation/11831780,Rue Saint-Bernard,https://www.openstreetmap.org/relation/9533,Paris 11e Arrondissement,75111
https://www.openstreetmap.org/node/1326932299,https://www.openstreetmap.org/relation/11831962,Rue Chanzy,https://www.openstreetmap.org/relation/9533,Paris 11e Arrondissement,75111
https://www.openstreetmap.org/node/1326932300,https://www.openstreetmap.org/relation/11831742,Rue Trousseau,https://www.openstreetmap.org/relation/9533,Paris 11e Arrondissement,75111
https://www.openstreetmap.org/node/1326932301,https://www.openstreetmap.org/relation/11831781,Passage Saint-Bernard,https://www.openstreetmap.org/relation/9533,Paris 11e Arrondissement,75111
https://www.openstreetmap.org/node/1326932302,https://www.openstreetmap.org/relation/11831962,Rue Chanzy,https://www.openstreetmap.org/relation/9533,Paris 11e Arrondissement,75111
https://www.openstreetmap.org/node/1326932303,https://www.openstreetmap.org/relation/11831781,Passage Saint-Bernard,https://www.openstreetmap.org/relation/9533,Paris 11e Arrondissement,75111
https://www.openstreetmap.org/node/1326932304,https://www.openstreetmap.org/relation/11831957,Rue Charrière,https://www.openstreetmap.org/relation/9533,Paris 11e Arrondissement,75111
https://www.openstreetmap.org/node/1326932305,https://www.openstreetmap.org/relation/11831912,Rue de la Forge Royale,https://www.openstreetmap.org/relation/9533,Paris 11e Arrondissement,75111
https://www.openstreetmap.org/node/1326932306,https://www.openstreetmap.org/relation/11831742,Rue Trousseau,https://www.openstreetmap.org/relation/9533,Paris 11e Arrondissement,75111
https://www.openstreetmap.org/node/1326932307,https://www.openstreetmap.org/relation/11831919,Rue Faidherbe,https://www.openstreetmap.org/relation/9533,Paris 11e Arrondissement,75111
https://www.openstreetmap.org/node/1326932308,https://www.openstreetmap.org/relation/11831919,Rue Faidherbe,https://www.openstreetmap.org/relation/9533,Paris 11e Arrondissement,75111
https://www.openstreetmap.org/node/1326932309,https://www.openstreetmap.org/relation/11831962,Rue Chanzy,https://www.openstreetmap.org/relation/9533,Paris 11e Arrondissement,75111
https://www.openstreetmap.org/node/1326932310,https://www.openstreetmap.org/relation/11831960,Rue Charles Delescluze,https://www.openstreetmap.org/relation/9533,Paris 11e Arrondissement,75111
https://www.openstreetmap.org/node/1326932311,https://www.openstreetmap.org/relation/11831919,Rue Faidherbe,https://www.openstreetmap.org/relation/9533,Paris 11e Arrondissement,75111
https://www.openstreetmap.org/node/1326932312,https://www.openstreetmap.org/relation/11831962,Rue Chanzy,https://www.openstreetmap.org/relation/9533,Paris 11e Arrondissement,75111
https://www.openstreetmap.org/node/1326932314,https://www.openstreetmap.org/relation/11831962,Rue Chanzy,https://www.openstreetmap.org/relation/9533,Paris 11e Arrondissement,75111
https://www.openstreetmap.org/node/1326932315,https://www.openstreetmap.org/relation/11831781,Passage Saint-Bernard,https://www.openstreetmap.org/relation/9533,Paris 11e Arrondissement,75111
https://www.openstreetmap.org/node/1326932316,https://www.openstreetmap.org/relation/11831962,Rue Chanzy,https://www.openstreetmap.org/relation/9533,Paris 11e Arrondissement,75111
https://www.openstreetmap.org/node/1326932317,https://www.openstreetmap.org/relation/11831742,Rue Trousseau,https://www.openstreetmap.org/relation/9533,Paris 11e Arrondissement,75111
https://www.openstreetmap.org/node/1326932318,https://www.openstreetmap.org/relation/11831742,Rue Trousseau,https://www.openstreetmap.org/relation/9533,Paris 11e Arrondissement,75111
https://www.openstreetmap.org/node/1326932319,https://www.openstreetmap.org/relation/11831962,Rue Chanzy,https://www.openstreetmap.org/relation/9533,Paris 11e Arrondissement,75111
https://www.openstreetmap.org/node/1326932320,https://www.openstreetmap.org/relation/11831962,Rue Chanzy,https://www.openstreetmap.org/relation/9533,Paris 11e Arrondissement,75111
https://www.openstreetmap.org/node/1326932321,https://www.openstreetmap.org/relation/11831781,Passage Saint-Bernard,https://www.openstreetmap.org/relation/9533,Paris 11e Arrondissement,75111
https://www.openstreetmap.org/node/1326932323,https://www.openstreetmap.org/relation/11831912,Rue de la Forge Royale,https://www.openstreetmap.org/relation/9533,Paris 11e Arrondissement,75111
https://www.openstreetmap.org/node/1326932324,https://www.openstreetmap.org/relation/11831960,Rue Charles Delescluze,https://www.openstreetmap.org/relation/9533,Paris 11e Arrondissement,75111
https://www.openstreetmap.org/node/1326932326,https://www.openstreetmap.org/relation/11831919,Rue Faidherbe,https://www.openstreetmap.org/relation/9533,Paris 11e Arrondissement,75111
https://www.openstreetmap.org/node/1326932327,https://www.openstreetmap.org/relation/11831742,Rue Trousseau,https://www.openstreetmap.org/relation/9533,Paris 11e Arrondissement,75111
https://www.openstreetmap.org/node/1326932328,https://www.openstreetmap.org/relation/11831919,Rue Faidherbe,https://www.openstreetmap.org/relation/9533,Paris 11e Arrondissement,75111
https://www.openstreetmap.org/node/1326932329,https://www.openstreetmap.org/relation/11831919,Rue Faidherbe,https://www.openstreetmap.org/relation/9533,Paris 11e Arrondissement,75111
https://www.openstreetmap.org/node/1326932331,https://www.openstreetmap.org/relation/11831960,Rue Charles Delescluze,https://www.openstreetmap.org/relation/9533,Paris 11e Arrondissement,75111
https://www.openstreetmap.org/node/1326932332,https://www.openstreetmap.org/relation/11831919,Rue Faidherbe,https://www.openstreetmap.org/relation/9533,Paris 11e Arrondissement,75111
https://www.openstreetmap.org/node/1326932333,https://www.openstreetmap.org/relation/11831780,Rue Saint-Bernard,https://www.openstreetmap.org/relation/9533,Paris 11e Arrondissement,75111
https://www.openstreetmap.org/node/1326932337,https://www.openstreetmap.org/relation/11831962,Rue Chanzy,https://www.openstreetmap.org/relation/9533,Paris 11e Arrondissement,75111
https://www.openstreetmap.org/node/1326932340,https://www.openstreetmap.org/relation/11831919,Rue Faidherbe,https://www.openstreetmap.org/relation/9533,Paris 11e Arrondissement,75111
https://www.openstreetmap.org/node/1326932341,https://www.openstreetmap.org/relation/11831912,Rue de la Forge Royale,https://www.openstreetmap.org/relation/9533,Paris 11e Arrondissement,75111
https://www.openstreetmap.org/node/1326932342,https://www.openstreetmap.org/relation/11831742,Rue Trousseau,https://www.openstreetmap.org/relation/9533,Paris 11e Arrondissement,75111
https://www.openstreetmap.org/node/1326932343,https://www.openstreetmap.org/relation/11831742,Rue Trousseau,https://www.openstreetmap.org/relation/9533,Paris 11e Arrondissement,75111
https://www.openstreetmap.org/node/1326932345,https://www.openstreetmap.org/relation/11831962,Rue Chanzy,https://www.openstreetmap.org/relation/9533,Paris 11e Arrondissement,75111
https://www.openstreetmap.org/node/1326932346,https://www.openstreetmap.org/relation/11831960,Rue Charles Delescluze,https://www.openstreetmap.org/relation/9533,Paris 11e Arrondissement,75111
https://www.openstreetmap.org/node/1326932347,https://www.openstreetmap.org/relation/11831919,Rue Faidherbe,https://www.openstreetmap.org/relation/9533,Paris 11e Arrondissement,75111
https://www.openstreetmap.org/node/1326932349,https://www.openstreetmap.org/relation/11831912,Rue de la Forge Royale,https://www.openstreetmap.org/relation/9533,Paris 11e Arrondissement,75111
https://www.openstreetmap.org/node/1326932350,https://www.openstreetmap.org/relation/11831742,Rue Trousseau,https://www.openstreetmap.org/relation/9533,Paris 11e Arrondissement,75111
https://www.openstreetmap.org/node/1326932351,https://www.openstreetmap.org/relation/11831962,Rue Chanzy,https://www.openstreetmap.org/relation/9533,Paris 11e Arrondissement,75111
https://www.openstreetmap.org/node/1326932352,https://www.openstreetmap.org/relation/11831780,Rue Saint-Bernard,https://www.openstreetmap.org/relation/9533,Paris 11e Arrondissement,75111
https://www.openstreetmap.org/node/1326932353,https://www.openstreetmap.org/relation/11831781,Passage Saint-Bernard,https://www.openstreetmap.org/relation/9533,Paris 11e Arrondissement,75111
https://www.openstreetmap.org/node/1326932354,https://www.openstreetmap.org/relation/11831912,Rue de la Forge Royale,https://www.openstreetmap.org/relation/9533,Paris 11e Arrondissement,75111
https://www.openstreetmap.org/node/1326932355,https://www.openstreetmap.org/relation/11831742,Rue Trousseau,https://www.openstreetmap.org/relation/9533,Paris 11e Arrondissement,75111
https://www.openstreetmap.org/node/1326932356,https://www.openstreetmap.org/relation/11831780,Rue Saint-Bernard,https://www.openstreetmap.org/relation/9533,Paris 11e Arrondissement,75111
https://www.openstreetmap.org/node/1326932357,https://www.openstreetmap.org/relation/11831919,Rue Faidherbe,https://www.openstreetmap.org/relation/9533,Paris 11e Arrondissement,75111
https://www.openstreetmap.org/node/1326932358,https://www.openstreetmap.org/relation/11831962,Rue Chanzy,https://www.openstreetmap.org/relation/9533,Paris 11e Arrondissement,75111
https://www.openstreetmap.org/node/1326932360,https://www.openstreetmap.org/relation/11831780,Rue Saint-Bernard,https://www.openstreetmap.org/relation/9533,Paris 11e Arrondissement,75111
https://www.openstreetmap.org/node/1326932361,https://www.openstreetmap.org/relation/11831962,Rue Chanzy,https://www.openstreetmap.org/relation/9533,Paris 11e Arrondissement,75111
https://www.openstreetmap.org/node/1326932363,https://www.openstreetmap.org/relation/11831780,Rue Saint-Bernard,https://www.openstreetmap.org/relation/9533,Paris 11e Arrondissement,75111
https://www.openstreetmap.org/node/1326932365,https://www.openstreetmap.org/relation/11831957,Rue Charrière,https://www.openstreetmap.org/relation/9533,Paris 11e Arrondissement,75111
https://www.openstreetmap.org/node/1326932366,https://www.openstreetmap.org/relation/11831912,Rue de la Forge Royale,https://www.openstreetmap.org/relation/9533,Paris 11e Arrondissement,75111
https://www.openstreetmap.org/node/1326932367,https://www.openstreetmap.org/relation/11831742,Rue Trousseau,https://www.openstreetmap.org/relation/9533,Paris 11e Arrondissement,75111
https://www.openstreetmap.org/node/1326932368,https://www.openstreetmap.org/relation/11831919,Rue Faidherbe,https://www.openstreetmap.org/relation/9533,Paris 11e Arrondissement,75111
https://www.openstreetmap.org/node/1326932369,https://www.openstreetmap.org/relation/11831960,Rue Charles Delescluze,https://www.openstreetmap.org/relation/9533,Paris 11e Arrondissement,75111
https://www.openstreetmap.org/node/1326932370,https://www.openstreetmap.org/relation/11831780,Rue Saint-Bernard,https://www.openstreetmap.org/relation/9533,Paris 11e Arrondissement,75111
https://www.openstreetmap.org/node/1326932371,https://www.openstreetmap.org/relation/11831742,Rue Trousseau,https://www.openstreetmap.org/relation/9533,Paris 11e Arrondissement,75111
https://www.openstreetmap.org/node/1326932372,https://www.openstreetmap.org/relation/11831962,Rue Chanzy,https://www.openstreetmap.org/relation/9533,Paris 11e Arrondissement,75111
https://www.openstreetmap.org/node/1326932373,https://www.openstreetmap.org/relation/11831912,Rue de la Forge Royale,https://www.openstreetmap.org/relation/9533,Paris 11e Arrondissement,75111
https://www.openstreetmap.org/node/1326932374,https://www.openstreetmap.org/relation/11831780,Rue Saint-Bernard,https://www.openstreetmap.org/relation/9533,Paris 11e Arrondissement,75111
https://www.openstreetmap.org/node/1326932375,https://www.openstreetmap.org/relation/11831919,Rue Faidherbe,https://www.openstreetmap.org/relation/9533,Paris 11e Arrondissement,75111
https://www.openstreetmap.org/node/1326932376,https://www.openstreetmap.org/relation/11831780,Rue Saint-Bernard,https://www.openstreetmap.org/relation/9533,Paris 11e Arrondissement,75111
https://www.openstreetmap.org/node/1326932377,https://www.openstreetmap.org/relation/11831912,Rue de la Forge Royale,https://www.openstreetmap.org/relation/9533,Paris 11e Arrondissement,75111
https://www.openstreetmap.org/node/1326932378,https://www.openstreetmap.org/relation/11831742,Rue Trousseau,https://www.openstreetmap.org/relation/9533,Paris 11e Arrondissement,75111
https://www.openstreetmap.org/node/1326932379,https://www.openstreetmap.org/relation/11831919,Rue Faidherbe,https://www.openstreetmap.org/relation/9533,Paris 11e Arrondissement,75111
https://www.openstreetmap.org/node/1326932380,https://www.openstreetmap.org/relation/11831780,Rue Saint-Bernard,https://www.openstreetmap.org/relation/9533,Paris 11e Arrondissement,75111
https://www.openstreetmap.org/node/1326932381,https://www.openstreetmap.org/relation/11831962,Rue Chanzy,https://www.openstreetmap.org/relation/9533,Paris 11e Arrondissement,75111
https://www.openstreetmap.org/node/1326932382,https://www.openstreetmap.org/relation/11831742,Rue Trousseau,https://www.openstreetmap.org/relation/9533,Paris 11e Arrondissement,75111
https://www.openstreetmap.org/node/1326932383,https://www.openstreetmap.org/relation/11831781,Passage Saint-Bernard,https://www.openstreetmap.org/relation/9533,Paris 11e Arrondissement,75111
https://www.openstreetmap.org/node/1326932384,https://www.openstreetmap.org/relation/11831957,Rue Charrière,https://www.openstreetmap.org/relation/9533,Paris 11e Arrondissement,75111
https://www.openstreetmap.org/node/1326932385,https://www.openstreetmap.org/relation/11831962,Rue Chanzy,https://www.openstreetmap.org/relation/9533,Paris 11e Arrondissement,75111
https://www.openstreetmap.org/node/1326932386,https://www.openstreetmap.org/relation/11831781,Passage Saint-Bernard,https://www.openstreetmap.org/relation/9533,Paris 11e Arrondissement,75111
https://www.openstreetmap.org/node/1326932387,https://www.openstreetmap.org/relation/11831957,Rue Charrière,https://www.openstreetmap.org/relation/9533,Paris 11e Arrondissement,75111
https://www.openstreetmap.org/node/1326932388,https://www.openstreetmap.org/relation/11831912,Rue de la Forge Royale,https://www.openstreetmap.org/relation/9533,Paris 11e Arrondissement,75111
https://www.openstreetmap.org/node/1326932389,https://www.openstreetmap.org/relation/11831742,Rue Trousseau,https://www.openstreetmap.org/relation/9533,Paris 11e Arrondissement,75111
https://www.openstreetmap.org/node/1326932390,https://www.openstreetmap.org/relation/11831919,Rue Faidherbe,https://www.openstreetmap.org/relation/9533,Paris 11e Arrondissement,75111
https://www.openstreetmap.org/node/1326932391,https://www.openstreetmap.org/relation/11831780,Rue Saint-Bernard,https://www.openstreetmap.org/relation/9533,Paris 11e Arrondissement,75111
https://www.openstreetmap.org/node/1326932395,https://www.openstreetmap.org/relation/11831919,Rue Faidherbe,https://www.openstreetmap.org/relation/9533,Paris 11e Arrondissement,75111
https://www.openstreetmap.org/node/1326932396,https://www.openstreetmap.org/relation/11831780,Rue Saint-Bernard,https://www.openstreetmap.org/relation/9533,Paris 11e Arrondissement,75111
https://www.openstreetmap.org/node/1326932397,https://www.openstreetmap.org/relation/11831962,Rue Chanzy,https://www.openstreetmap.org/relation/9533,Paris 11e Arrondissement,75111
https://www.openstreetmap.org/node/1326932398,https://www.openstreetmap.org/relation/11831962,Rue Chanzy,https://www.openstreetmap.org/relation/9533,Paris 11e Arrondissement,75111
https://www.openstreetmap.org/node/1326949779,https://www.openstreetmap.org/relation/11831963,Rue Cesselin,https://www.openstreetmap.org/relation/9533,Paris 11e Arrondissement,75111
https://www.openstreetmap.org/node/1326949782,https://www.openstreetmap.org/relation/11831992,Cité de l'Ameublement,https://www.openstreetmap.org/relation/9533,Paris 11e Arrondissement,75111
https://www.openstreetmap.org/node/1326949784,https://www.openstreetmap.org/relation/11831963,Rue Cesselin,https://www.openstreetmap.org/relation/9533,Paris 11e Arrondissement,75111
https://www.openstreetmap.org/node/1326949789,https://www.openstreetmap.org/relation/11831992,Cité de l'Ameublement,https://www.openstreetmap.org/relation/9533,Paris 11e Arrondissement,75111
https://www.openstreetmap.org/node/1326949791,https://www.openstreetmap.org/relation/11831958,Impasse Charles Petit,https://www.openstreetmap.org/relation/9533,Paris 11e Arrondissement,75111
https://www.openstreetmap.org/node/1326949796,https://www.openstreetmap.org/relation/11831992,Cité de l'Ameublement,https://www.openstreetmap.org/relation/9533,Paris 11e Arrondissement,75111
https://www.openstreetmap.org/node/1326949797,https://www.openstreetmap.org/relation/11831958,Impasse Charles Petit,https://www.openstreetmap.org/relation/9533,Paris 11e Arrondissement,75111
https://www.openstreetmap.org/node/1326949799,https://www.openstreetmap.org/relation/11831962,Rue Chanzy,https://www.openstreetmap.org/relation/9533,Paris 11e Arrondissement,75111
https://www.openstreetmap.org/node/1326949802,https://www.openstreetmap.org/relation/11831992,Cité de l'Ameublement,https://www.openstreetmap.org/relation/9533,Paris 11e Arrondissement,75111
https://www.openstreetmap.org/node/1326949805,https://www.openstreetmap.org/relation/11831963,Rue Cesselin,https://www.openstreetmap.org/relation/9533,Paris 11e Arrondissement,75111
https://www.openstreetmap.org/node/1326949807,https://www.openstreetmap.org/relation/11831963,Rue Cesselin,https://www.openstreetmap.org/relation/9533,Paris 11e Arrondissement,75111
https://www.openstreetmap.org/node/1326949808,https://www.openstreetmap.org/relation/11831992,Cité de l'Ameublement,https://www.openstreetmap.org/relation/9533,Paris 11e Arrondissement,75111
https://www.openstreetmap.org/node/1326949810,https://www.openstreetmap.org/relation/11831963,Rue Cesselin,https://www.openstreetmap.org/relation/9533,Paris 11e Arrondissement,75111
https://www.openstreetmap.org/node/1326949814,https://www.openstreetmap.org/relation/11831992,Cité de l'Ameublement,https://www.openstreetmap.org/relation/9533,Paris 11e Arrondissement,75111
https://www.openstreetmap.org/node/1326949816,https://www.openstreetmap.org/relation/11831958,Impasse Charles Petit,https://www.openstreetmap.org/relation/9533,Paris 11e Arrondissement,75111
https://www.openstreetmap.org/node/1326949818,https://www.openstreetmap.org/relation/11831750,Rue Titon,https://www.openstreetmap.org/relation/9533,Paris 11e Arrondissement,75111
https://www.openstreetmap.org/node/1326949819,https://www.openstreetmap.org/relation/11831963,Rue Cesselin,https://www.openstreetmap.org/relation/9533,Paris 11e Arrondissement,75111
https://www.openstreetmap.org/node/1326949822,https://www.openstreetmap.org/relation/11831958,Impasse Charles Petit,https://www.openstreetmap.org/relation/9533,Paris 11e Arrondissement,75111
https://www.openstreetmap.org/node/1326949824,https://www.openstreetmap.org/relation/11831992,Cité de l'Ameublement,https://www.openstreetmap.org/relation/9533,Paris 11e Arrondissement,75111
https://www.openstreetmap.org/node/1326949825,https://www.openstreetmap.org/relation/11831958,Impasse Charles Petit,https://www.openstreetmap.org/relation/9533,Paris 11e Arrondissement,75111
https://www.openstreetmap.org/node/1326949830,https://www.openstreetmap.org/relation/11831992,Cité de l'Ameublement,https://www.openstreetmap.org/relation/9533,Paris 11e Arrondissement,75111
https://www.openstreetmap.org/node/1326949833,https://www.openstreetmap.org/relation/11831963,Rue Cesselin,https://www.openstreetmap.org/relation/9533,Paris 11e Arrondissement,75111
https://www.openstreetmap.org/node/1326949838,https://www.openstreetmap.org/relation/11831992,Cité de l'Ameublement,https://www.openstreetmap.org/relation/9533,Paris 11e Arrondissement,75111
https://www.openstreetmap.org/node/1326949840,https://www.openstreetmap.org/relation/11831963,Rue Cesselin,https://www.openstreetmap.org/relation/9533,Paris 11e Arrondissement,75111
https://www.openstreetmap.org/node/1326949846,https://www.openstreetmap.org/relation/11831992,Cité de l'Ameublement,https://www.openstreetmap.org/relation/9533,Paris 11e Arrondissement,75111
https://www.openstreetmap.org/node/1326949848,https://www.openstreetmap.org/relation/11831958,Impasse Charles Petit,https://www.openstreetmap.org/relation/9533,Paris 11e Arrondissement,75111
https://www.openstreetmap.org/node/1326949850,https://www.openstreetmap.org/relation/11831992,Cité de l'Ameublement,https://www.openstreetmap.org/relation/9533,Paris 11e Arrondissement,75111
https://www.openstreetmap.org/node/1326949851,https://www.openstreetmap.org/relation/11831963,Rue Cesselin,https://www.openstreetmap.org/relation/9533,Paris 11e Arrondissement,75111
https://www.openstreetmap.org/node/1326949855,https://www.openstreetmap.org/relation/11831992,Cité de l'Ameublement,https://www.openstreetmap.org/relation/9533,Paris 11e Arrondissement,75111
https://www.openstreetmap.org/node/1326949856,https://www.openstreetmap.org/relation/11831958,Impasse Charles Petit,https://www.openstreetmap.org/relation/9533,Paris 11e Arrondissement,75111
https://www.openstreetmap.org/node/1326949864,https://www.openstreetmap.org/relation/11831992,Cité de l'Ameublement,https://www.openstreetmap.org/relation/9533,Paris 11e Arrondissement,75111
https://www.openstreetmap.org/node/1326949865,https://www.openstreetmap.org/relation/11831958,Impasse Charles Petit,https://www.openstreetmap.org/relation/9533,Paris 11e Arrondissement,75111
https://www.openstreetmap.org/node/1326949885,https://www.openstreetmap.org/relation/11831992,Cité de l'Ameublement,https://www.openstreetmap.org/relation/9533,Paris 11e Arrondissement,75111
https://www.openstreetmap.org/node/1326949887,https://www.openstreetmap.org/relation/11831963,Rue Cesselin,https://www.openstreetmap.org/relation/9533,Paris 11e Arrondissement,75111
https://www.openstreetmap.org/node/1334006315,https://www.openstreetmap.org/relation/6949984,Rue du Faubourg Saint-Antoine,https://www.openstreetmap.org/relation/9533,Paris 11e Arrondissement,75111
https://www.openstreetmap.org/node/1334006318,https://www.openstreetmap.org/relation/11831876,Rue Jules Vallès,https://www.openstreetmap.org/relation/9533,Paris 11e Arrondissement,75111
https://www.openstreetmap.org/node/1334006321,https://www.openstreetmap.org/relation/11831876,Rue Jules Vallès,https://www.openstreetmap.org/relation/9533,Paris 11e Arrondissement,75111
https://www.openstreetmap.org/node/1334006324,https://www.openstreetmap.org/relation/11831898,Rue Marguerite Gonnet,https://www.openstreetmap.org/relation/9533,Paris 11e Arrondissement,75111
https://www.openstreetmap.org/node/1334006326,https://www.openstreetmap.org/relation/11831750,Rue Titon,https://www.openstreetmap.org/relation/9533,Paris 11e Arrondissement,75111
https://www.openstreetmap.org/node/1334006328,https://www.openstreetmap.org/relation/11831911,Impasse Franchemont,https://www.openstreetmap.org/relation/9533,Paris 11e Arrondissement,75111
https://www.openstreetmap.org/node/1334006332,https://www.openstreetmap.org/relation/11831750,Rue Titon,https://www.openstreetmap.org/relation/9533,Paris 11e Arrondissement,75111
https://www.openstreetmap.org/node/1334006333,https://www.openstreetmap.org/relation/11831750,Rue Titon,https://www.openstreetmap.org/relation/9533,Paris 11e Arrondissement,75111
https://www.openstreetmap.org/node/1334006343,https://www.openstreetmap.org/relation/6949872,Rue de Montreuil,https://www.openstreetmap.org/relation/9533,Paris 11e Arrondissement,75111
https://www.openstreetmap.org/node/1334006344,https://www.openstreetmap.org/relation/11831972,Rue Bouvier,https://www.openstreetmap.org/relation/9533,Paris 11e Arrondissement,75111
https://www.openstreetmap.org/node/1334006346,https://www.openstreetmap.org/relation/11831820,Rue Paul Bert,https://www.openstreetmap.org/relation/9533,Paris 11e Arrondissement,75111
https://www.openstreetmap.org/node/1334006350,https://www.openstreetmap.org/relation/11831972,Rue Bouvier,https://www.openstreetmap.org/relation/9533,Paris 11e Arrondissement,75111
https://www.openstreetmap.org/node/1334006352,https://www.openstreetmap.org/relation/11831972,Rue Bouvier,https://www.openstreetmap.org/relation/9533,Paris 11e Arrondissement,75111
https://www.openstreetmap.org/node/1334006355,https://www.openstreetmap.org/relation/11831911,Impasse Franchemont,https://www.openstreetmap.org/relation/9533,Paris 11e Arrondissement,75111
https://www.openstreetmap.org/node/1334006357,https://www.openstreetmap.org/relation/11831882,Rue Jean Macé,https://www.openstreetmap.org/relation/9533,Paris 11e Arrondissement,75111
https://www.openstreetmap.org/node/1334006360,https://www.openstreetmap.org/relation/11831785,Rue Roubo,https://www.openstreetmap.org/relation/9533,Paris 11e Arrondissement,75111
https://www.openstreetmap.org/node/1334006363,https://www.openstreetmap.org/relation/11831820,Rue Paul Bert,https://www.openstreetmap.org/relation/9533,Paris 11e Arrondissement,75111
https://www.openstreetmap.org/node/1334006365,https://www.openstreetmap.org/relation/11831750,Rue Titon,https://www.openstreetmap.org/relation/9533,Paris 11e Arrondissement,75111
https://www.openstreetmap.org/node/1334006369,https://www.openstreetmap.org/relation/11831820,Rue Paul Bert,https://www.openstreetmap.org/relation/9533,Paris 11e Arrondissement,75111
https://www.openstreetmap.org/node/1334006370,https://www.openstreetmap.org/relation/11831882,Rue Jean Macé,https://www.openstreetmap.org/relation/9533,Paris 11e Arrondissement,75111
https://www.openstreetmap.org/node/1334006371,https://www.openstreetmap.org/relation/11831876,Rue Jules Vallès,https://www.openstreetmap.org/relation/9533,Paris 11e Arrondissement,75111
https://www.openstreetmap.org/node/1334006377,https://www.openstreetmap.org/relation/11831750,Rue Titon,https://www.openstreetmap.org/relation/9533,Paris 11e Arrondissement,75111
https://www.openstreetmap.org/node/1334006384,https://www.openstreetmap.org/relation/6949984,Rue du Faubourg Saint-Antoine,https://www.openstreetmap.org/relation/9533,Paris 11e Arrondissement,75111
https://www.openstreetmap.org/node/1334006388,https://www.openstreetmap.org/relation/11831876,Rue Jules Vallès,https://www.openstreetmap.org/relation/9533,Paris 11e Arrondissement,75111
https://www.openstreetmap.org/node/1334006390,https://www.openstreetmap.org/relation/11831876,Rue Jules Vallès,https://www.openstreetmap.org/relation/9533,Paris 11e Arrondissement,75111
https://www.openstreetmap.org/node/1334006396,https://www.openstreetmap.org/relation/11831911,Impasse Franchemont,https://www.openstreetmap.org/relation/9533,Paris 11e Arrondissement,75111
https://www.openstreetmap.org/node/1334006399,https://www.openstreetmap.org/relation/6949872,Rue de Montreuil,https://www.openstreetmap.org/relation/9533,Paris 11e Arrondissement,75111
https://www.openstreetmap.org/node/1334006400,https://www.openstreetmap.org/relation/11831882,Rue Jean Macé,https://www.openstreetmap.org/relation/9533,Paris 11e Arrondissement,75111
https://www.openstreetmap.org/node/1334006402,https://www.openstreetmap.org/relation/6949872,Rue de Montreuil,https://www.openstreetmap.org/relation/9533,Paris 11e Arrondissement,75111
https://www.openstreetmap.org/node/1334006403,https://www.openstreetmap.org/relation/6949984,Rue du Faubourg Saint-Antoine,https://www.openstreetmap.org/relation/9533,Paris 11e Arrondissement,75111
https://www.openstreetmap.org/node/1334006404,https://www.openstreetmap.org/relation/11831820,Rue Paul Bert,https://www.openstreetmap.org/relation/9533,Paris 11e Arrondissement,75111
https://www.openstreetmap.org/node/1334006407,https://www.openstreetmap.org/relation/6949872,Rue de Montreuil,https://www.openstreetmap.org/relation/9533,Paris 11e Arrondissement,75111
https://www.openstreetmap.org/node/1334006411,https://www.openstreetmap.org/relation/11831876,Rue Jules Vallès,https://www.openstreetmap.org/relation/9533,Paris 11e Arrondissement,75111
https://www.openstreetmap.org/node/1334006412,https://www.openstreetmap.org/relation/6949872,Rue de Montreuil,https://www.openstreetmap.org/relation/9533,Paris 11e Arrondissement,75111
https://www.openstreetmap.org/node/1334006414,https://www.openstreetmap.org/relation/11831876,Rue Jules Vallès,https://www.openstreetmap.org/relation/9533,Paris 11e Arrondissement,75111
https://www.openstreetmap.org/node/1334006418,https://www.openstreetmap.org/relation/6949984,Rue du Faubourg Saint-Antoine,https://www.openstreetmap.org/relation/9533,Paris 11e Arrondissement,75111
https://www.openstreetmap.org/node/1334006420,https://www.openstreetmap.org/relation/6949984,Rue du Faubourg Saint-Antoine,https://www.openstreetmap.org/relation/9533,Paris 11e Arrondissement,75111
https://www.openstreetmap.org/node/1334006421,https://www.openstreetmap.org/relation/6949984,Rue du Faubourg Saint-Antoine,https://www.openstreetmap.org/relation/9533,Paris 11e Arrondissement,75111
https://www.openstreetmap.org/node/1334006423,https://www.openstreetmap.org/relation/11831876,Rue Jules Vallès,https://www.openstreetmap.org/relation/9533,Paris 11e Arrondissement,75111
https://www.openstreetmap.org/node/1334006425,https://www.openstreetmap.org/relation/11831750,Rue Titon,https://www.openstreetmap.org/relation/9533,Paris 11e Arrondissement,75111
https://www.openstreetmap.org/node/1334006426,https://www.openstreetmap.org/relation/11831882,Rue Jean Macé,https://www.openstreetmap.org/relation/9533,Paris 11e Arrondissement,75111
https://www.openstreetmap.org/node/1334006432,https://www.openstreetmap.org/relation/11831750,Rue Titon,https://www.openstreetmap.org/relation/9533,Paris 11e Arrondissement,75111
https://www.openstreetmap.org/node/1334006435,https://www.openstreetmap.org/relation/11831911,Impasse Franchemont,https://www.openstreetmap.org/relation/9533,Paris 11e Arrondissement,75111
https://www.openstreetmap.org/node/1334006438,https://www.openstreetmap.org/relation/11831898,Rue Marguerite Gonnet,https://www.openstreetmap.org/relation/9533,Paris 11e Arrondissement,75111
https://www.openstreetmap.org/node/1334006439,https://www.openstreetmap.org/relation/11831750,Rue Titon,https://www.openstreetmap.org/relation/9533,Paris 11e Arrondissement,75111
https://www.openstreetmap.org/node/1334006441,https://www.openstreetmap.org/relation/11831750,Rue Titon,https://www.openstreetmap.org/relation/9533,Paris 11e Arrondissement,75111
https://www.openstreetmap.org/node/1334006457,https://www.openstreetmap.org/relation/6949872,Rue de Montreuil,https://www.openstreetmap.org/relation/9533,Paris 11e Arrondissement,75111
https://www.openstreetmap.org/node/1334006458,https://www.openstreetmap.org/relation/11831972,Rue Bouvier,https://www.openstreetmap.org/relation/9533,Paris 11e Arrondissement,75111
https://www.openstreetmap.org/node/1334006460,https://www.openstreetmap.org/relation/11831820,Rue Paul Bert,https://www.openstreetmap.org/relation/9533,Paris 11e Arrondissement,75111
https://www.openstreetmap.org/node/1334006465,https://www.openstreetmap.org/relation/11831759,Cité Souzy,https://www.openstreetmap.org/relation/9533,Paris 11e Arrondissement,75111
https://www.openstreetmap.org/node/1334006466,https://www.openstreetmap.org/relation/11831889,Cour de l'Industrie,https://www.openstreetmap.org/relation/9533,Paris 11e Arrondissement,75111
https://www.openstreetmap.org/node/1334006467,https://www.openstreetmap.org/relation/11831972,Rue Bouvier,https://www.openstreetmap.org/relation/9533,Paris 11e Arrondissement,75111
https://www.openstreetmap.org/node/1334006469,https://www.openstreetmap.org/relation/11831750,Rue Titon,https://www.openstreetmap.org/relation/9533,Paris 11e Arrondissement,75111
https://www.openstreetmap.org/node/1334006472,https://www.openstreetmap.org/relation/11831882,Rue Jean Macé,https://www.openstreetmap.org/relation/9533,Paris 11e Arrondissement,75111
https://www.openstreetmap.org/node/1334006473,https://www.openstreetmap.org/relation/6949984,Rue du Faubourg Saint-Antoine,https://www.openstreetmap.org/relation/9533,Paris 11e Arrondissement,75111
https://www.openstreetmap.org/node/1334006479,https://www.openstreetmap.org/relation/6949872,Rue de Montreuil,https://www.openstreetmap.org/relation/9533,Paris 11e Arrondissement,75111
https://www.openstreetmap.org/node/1334006481,https://www.openstreetmap.org/relation/11831820,Rue Paul Bert,https://www.openstreetmap.org/relation/9533,Paris 11e Arrondissement,75111
https://www.openstreetmap.org/node/1334006483,https://www.openstreetmap.org/relation/11831820,Rue Paul Bert,https://www.openstreetmap.org/relation/9533,Paris 11e Arrondissement,75111
https://www.openstreetmap.org/node/1334006484,https://www.openstreetmap.org/relation/11831889,Cour de l'Industrie,https://www.openstreetmap.org/relation/9533,Paris 11e Arrondissement,75111
https://www.openstreetmap.org/node/1334006486,https://www.openstreetmap.org/relation/11831882,Rue Jean Macé,https://www.openstreetmap.org/relation/9533,Paris 11e Arrondissement,75111
https://www.openstreetmap.org/node/1334006487,https://www.openstreetmap.org/relation/11831759,Cité Souzy,https://www.openstreetmap.org/relation/9533,Paris 11e Arrondissement,75111
https://www.openstreetmap.org/node/1334006489,https://www.openstreetmap.org/relation/11831876,Rue Jules Vallès,https://www.openstreetmap.org/relation/9533,Paris 11e Arrondissement,75111
https://www.openstreetmap.org/node/1334006490,https://www.openstreetmap.org/relation/11831998,Passage P/11,https://www.openstreetmap.org/relation/9533,Paris 11e Arrondissement,75111
https://www.openstreetmap.org/node/1334006493,https://www.openstreetmap.org/relation/11831898,Rue Marguerite Gonnet,https://www.openstreetmap.org/relation/9533,Paris 11e Arrondissement,75111
https://www.openstreetmap.org/node/1334006494,https://www.openstreetmap.org/relation/11831882,Rue Jean Macé,https://www.openstreetmap.org/relation/9533,Paris 11e Arrondissement,75111
https://www.openstreetmap.org/node/1334006498,https://www.openstreetmap.org/relation/6949872,Rue de Montreuil,https://www.openstreetmap.org/relation/9533,Paris 11e Arrondissement,75111
https://www.openstreetmap.org/node/1334006499,https://www.openstreetmap.org/relation/6949984,Rue du Faubourg Saint-Antoine,https://www.openstreetmap.org/relation/9533,Paris 11e Arrondissement,75111
https://www.openstreetmap.org/node/1334006500,https://www.openstreetmap.org/relation/11831876,Rue Jules Vallès,https://www.openstreetmap.org/relation/9533,Paris 11e Arrondissement,75111
https://www.openstreetmap.org/node/1334006505,https://www.openstreetmap.org/relation/6949872,Rue de Montreuil,https://www.openstreetmap.org/relation/9533,Paris 11e Arrondissement,75111
https://www.openstreetmap.org/node/1334006511,https://www.openstreetmap.org/relation/6949872,Rue de Montreuil,https://www.openstreetmap.org/relation/9533,Paris 11e Arrondissement,75111
https://www.openstreetmap.org/node/1334006512,https://www.openstreetmap.org/relation/11831785,Rue Roubo,https://www.openstreetmap.org/relation/9533,Paris 11e Arrondissement,75111
https://www.openstreetmap.org/node/1334006514,https://www.openstreetmap.org/relation/6949872,Rue de Montreuil,https://www.openstreetmap.org/relation/9533,Paris 11e Arrondissement,75111
https://www.openstreetmap.org/node/1334006517,https://www.openstreetmap.org/relation/6949984,Rue du Faubourg Saint-Antoine,https://www.openstreetmap.org/relation/9533,Paris 11e Arrondissement,75111
https://www.openstreetmap.org/node/1334006518,https://www.openstreetmap.org/relation/11831820,Rue Paul Bert,https://www.openstreetmap.org/relation/9533,Paris 11e Arrondissement,75111
https://www.openstreetmap.org/node/1334006521,https://www.openstreetmap.org/relation/6949872,Rue de Montreuil,https://www.openstreetmap.org/relation/9533,Paris 11e Arrondissement,75111
https://www.openstreetmap.org/node/1334006524,https://www.openstreetmap.org/relation/6949984,Rue du Faubourg Saint-Antoine,https://www.openstreetmap.org/relation/9533,Paris 11e Arrondissement,75111
https://www.openstreetmap.org/node/1334006525,https://www.openstreetmap.org/relation/6949872,Rue de Montreuil,https://www.openstreetmap.org/relation/9533,Paris 11e Arrondissement,75111
https://www.openstreetmap.org/node/1334006530,https://www.openstreetmap.org/relation/6949984,Rue du Faubourg Saint-Antoine,https://www.openstreetmap.org/relation/9533,Paris 11e Arrondissement,75111
https://www.openstreetmap.org/node/1334006534,https://www.openstreetmap.org/relation/6949984,Rue du Faubourg Saint-Antoine,https://www.openstreetmap.org/relation/9533,Paris 11e Arrondissement,75111
https://www.openstreetmap.org/node/1334006537,https://www.openstreetmap.org/relation/6949984,Rue du Faubourg Saint-Antoine,https://www.openstreetmap.org/relation/9533,Paris 11e Arrondissement,75111
https://www.openstreetmap.org/node/1334006540,https://www.openstreetmap.org/relation/11831898,Rue Marguerite Gonnet,https://www.openstreetmap.org/relation/9533,Paris 11e Arrondissement,75111
https://www.openstreetmap.org/node/1334006542,https://www.openstreetmap.org/relation/11831882,Rue Jean Macé,https://www.openstreetmap.org/relation/9533,Paris 11e Arrondissement,75111
https://www.openstreetmap.org/node/1334006544,https://www.openstreetmap.org/relation/11831911,Impasse Franchemont,https://www.openstreetmap.org/relation/9533,Paris 11e Arrondissement,75111
https://www.openstreetmap.org/node/1334006547,https://www.openstreetmap.org/relation/11831898,Rue Marguerite Gonnet,https://www.openstreetmap.org/relation/9533,Paris 11e Arrondissement,75111
https://www.openstreetmap.org/node/1334006548,https://www.openstreetmap.org/relation/11831750,Rue Titon,https://www.openstreetmap.org/relation/9533,Paris 11e Arrondissement,75111
https://www.openstreetmap.org/node/1334006550,https://www.openstreetmap.org/relation/11831750,Rue Titon,https://www.openstreetmap.org/relation/9533,Paris 11e Arrondissement,75111
https://www.openstreetmap.org/node/1334006563,https://www.openstreetmap.org/relation/6949872,Rue de Montreuil,https://www.openstreetmap.org/relation/9533,Paris 11e Arrondissement,75111
https://www.openstreetmap.org/node/1334006564,https://www.openstreetmap.org/relation/11831820,Rue Paul Bert,https://www.openstreetmap.org/relation/9533,Paris 11e Arrondissement,75111
https://www.openstreetmap.org/node/1334006567,https://www.openstreetmap.org/relation/11831972,Rue Bouvier,https://www.openstreetmap.org/relation/9533,Paris 11e Arrondissement,75111
https://www.openstreetmap.org/node/1334006568,https://www.openstreetmap.org/relation/6949872,Rue de Montreuil,https://www.openstreetmap.org/relation/9533,Paris 11e Arrondissement,75111
https://www.openstreetmap.org/node/1334006572,https://www.openstreetmap.org/relation/6949984,Rue du Faubourg Saint-Antoine,https://www.openstreetmap.org/relation/9533,Paris 11e Arrondissement,75111
https://www.openstreetmap.org/node/1334006574,https://www.openstreetmap.org/relation/11831882,Rue Jean Macé,https://www.openstreetmap.org/relation/9533,Paris 11e Arrondissement,75111
https://www.openstreetmap.org/node/1334006576,https://www.openstreetmap.org/relation/11831972,Rue Bouvier,https://www.openstreetmap.org/relation/9533,Paris 11e Arrondissement,75111
https://www.openstreetmap.org/node/1334006577,https://www.openstreetmap.org/relation/6949872,Rue de Montreuil,https://www.openstreetmap.org/relation/9533,Paris 11e Arrondissement,75111
https://www.openstreetmap.org/node/1334006583,https://www.openstreetmap.org/relation/11831898,Rue Marguerite Gonnet,https://www.openstreetmap.org/relation/9533,Paris 11e Arrondissement,75111
https://www.openstreetmap.org/node/1334006586,https://www.openstreetmap.org/relation/6949872,Rue de Montreuil,https://www.openstreetmap.org/relation/9533,Paris 11e Arrondissement,75111
https://www.openstreetmap.org/node/1334006588,https://www.openstreetmap.org/relation/11831820,Rue Paul Bert,https://www.openstreetmap.org/relation/9533,Paris 11e Arrondissement,75111
https://www.openstreetmap.org/node/1334006593,https://www.openstreetmap.org/relation/11831882,Rue Jean Macé,https://www.openstreetmap.org/relation/9533,Paris 11e Arrondissement,75111
https://www.openstreetmap.org/node/1334006594,https://www.openstreetmap.org/relation/11831876,Rue Jules Vallès,https://www.openstreetmap.org/relation/9533,Paris 11e Arrondissement,75111
https://www.openstreetmap.org/node/1334006598,https://www.openstreetmap.org/relation/11831750,Rue Titon,https://www.openstreetmap.org/relation/9533,Paris 11e Arrondissement,75111
https://www.openstreetmap.org/node/1334006602,https://www.openstreetmap.org/relation/11831876,Rue Jules Vallès,https://www.openstreetmap.org/relation/9533,Paris 11e Arrondissement,75111
https://www.openstreetmap.org/node/1334006603,https://www.openstreetmap.org/relation/6949872,Rue de Montreuil,https://www.openstreetmap.org/relation/9533,Paris 11e Arrondissement,75111
https://www.openstreetmap.org/node/1334006606,https://www.openstreetmap.org/relation/11831876,Rue Jules Vallès,https://www.openstreetmap.org/relation/9533,Paris 11e Arrondissement,75111
https://www.openstreetmap.org/node/1334006609,https://www.openstreetmap.org/relation/6949872,Rue de Montreuil,https://www.openstreetmap.org/relation/9533,Paris 11e Arrondissement,75111
https://www.openstreetmap.org/node/1334006611,https://www.openstreetmap.org/relation/6949872,Rue de Montreuil,https://www.openstreetmap.org/relation/9533,Paris 11e Arrondissement,75111
https://www.openstreetmap.org/node/1334006615,https://www.openstreetmap.org/relation/6949872,Rue de Montreuil,https://www.openstreetmap.org/relation/9533,Paris 11e Arrondissement,75111
https://www.openstreetmap.org/node/1334006616,https://www.openstreetmap.org/relation/6949872,Rue de Montreuil,https://www.openstreetmap.org/relation/9533,Paris 11e Arrondissement,75111
https://www.openstreetmap.org/node/1334006617,https://www.openstreetmap.org/relation/6949872,Rue de Montreuil,https://www.openstreetmap.org/relation/9533,Paris 11e Arrondissement,75111
https://www.openstreetmap.org/node/1334006619,https://www.openstreetmap.org/relation/11831889,Cour de l'Industrie,https://www.openstreetmap.org/relation/9533,Paris 11e Arrondissement,75111
https://www.openstreetmap.org/node/1334006620,https://www.openstreetmap.org/relation/6949984,Rue du Faubourg Saint-Antoine,https://www.openstreetmap.org/relation/9533,Paris 11e Arrondissement,75111
https://www.openstreetmap.org/node/1334006622,https://www.openstreetmap.org/relation/6949872,Rue de Montreuil,https://www.openstreetmap.org/relation/9533,Paris 11e Arrondissement,75111
https://www.openstreetmap.org/node/1334006624,https://www.openstreetmap.org/relation/6949872,Rue de Montreuil,https://www.openstreetmap.org/relation/9533,Paris 11e Arrondissement,75111
https://www.openstreetmap.org/node/1334006625,https://www.openstreetmap.org/relation/6949984,Rue du Faubourg Saint-Antoine,https://www.openstreetmap.org/relation/9533,Paris 11e Arrondissement,75111
https://www.openstreetmap.org/node/1334006626,https://www.openstreetmap.org/relation/6949872,Rue de Montreuil,https://www.openstreetmap.org/relation/9533,Paris 11e Arrondissement,75111
https://www.openstreetmap.org/node/1334006631,https://www.openstreetmap.org/relation/6949984,Rue du Faubourg Saint-Antoine,https://www.openstreetmap.org/relation/9533,Paris 11e Arrondissement,75111
https://www.openstreetmap.org/node/1334006635,https://www.openstreetmap.org/relation/6949984,Rue du Faubourg Saint-Antoine,https://www.openstreetmap.org/relation/9533,Paris 11e Arrondissement,75111
https://www.openstreetmap.org/node/1334006638,https://www.openstreetmap.org/relation/6949984,Rue du Faubourg Saint-Antoine,https://www.openstreetmap.org/relation/9533,Paris 11e Arrondissement,75111
https://www.openstreetmap.org/node/1334006639,https://www.openstreetmap.org/relation/11831882,Rue Jean Macé,https://www.openstreetmap.org/relation/9533,Paris 11e Arrondissement,75111
https://www.openstreetmap.org/node/1334006642,https://www.openstreetmap.org/relation/11831898,Rue Marguerite Gonnet,https://www.openstreetmap.org/relation/9533,Paris 11e Arrondissement,75111
https://www.openstreetmap.org/node/1334006644,https://www.openstreetmap.org/relation/11831882,Rue Jean Macé,https://www.openstreetmap.org/relation/9533,Paris 11e Arrondissement,75111
https://www.openstreetmap.org/node/1334006646,https://www.openstreetmap.org/relation/11831911,Impasse Franchemont,https://www.openstreetmap.org/relation/9533,Paris 11e Arrondissement,75111
https://www.openstreetmap.org/node/1334006650,https://www.openstreetmap.org/relation/11831898,Rue Marguerite Gonnet,https://www.openstreetmap.org/relation/9533,Paris 11e Arrondissement,75111
https://www.openstreetmap.org/node/1334006651,https://www.openstreetmap.org/relation/11831750,Rue Titon,https://www.openstreetmap.org/relation/9533,Paris 11e Arrondissement,75111
https://www.openstreetmap.org/node/1334006652,https://www.openstreetmap.org/relation/11831750,Rue Titon,https://www.openstreetmap.org/relation/9533,Paris 11e Arrondissement,75111
https://www.openstreetmap.org/node/1334006654,https://www.openstreetmap.org/relation/6949984,Rue du Faubourg Saint-Antoine,https://www.openstreetmap.org/relation/9533,Paris 11e Arrondissement,75111
https://www.openstreetmap.org/node/1334006662,https://www.openstreetmap.org/relation/11831972,Rue Bouvier,https://www.openstreetmap.org/relation/9533,Paris 11e Arrondissement,75111
https://www.openstreetmap.org/node/1334006663,https://www.openstreetmap.org/relation/6949872,Rue de Montreuil,https://www.openstreetmap.org/relation/9533,Paris 11e Arrondissement,75111
https://www.openstreetmap.org/node/1334006666,https://www.openstreetmap.org/relation/11831820,Rue Paul Bert,https://www.openstreetmap.org/relation/9533,Paris 11e Arrondissement,75111
https://www.openstreetmap.org/node/1334006668,https://www.openstreetmap.org/relation/11831785,Rue Roubo,https://www.openstreetmap.org/relation/9533,Paris 11e Arrondissement,75111
https://www.openstreetmap.org/node/1334006669,https://www.openstreetmap.org/relation/11831759,Cité Souzy,https://www.openstreetmap.org/relation/9533,Paris 11e Arrondissement,75111
https://www.openstreetmap.org/node/1334006672,https://www.openstreetmap.org/relation/11831820,Rue Paul Bert,https://www.openstreetmap.org/relation/9533,Paris 11e Arrondissement,75111
https://www.openstreetmap.org/node/1334006678,https://www.openstreetmap.org/relation/11831911,Impasse Franchemont,https://www.openstreetmap.org/relation/9533,Paris 11e Arrondissement,75111
https://www.openstreetmap.org/node/1334006679,https://www.openstreetmap.org/relation/6949872,Rue de Montreuil,https://www.openstreetmap.org/relation/9533,Paris 11e Arrondissement,75111
https://www.openstreetmap.org/node/1334006681,https://www.openstreetmap.org/relation/11831882,Rue Jean Macé,https://www.openstreetmap.org/relation/9533,Paris 11e Arrondissement,75111
https://www.openstreetmap.org/node/1334006683,https://www.openstreetmap.org/relation/6949872,Rue de Montreuil,https://www.openstreetmap.org/relation/9533,Paris 11e Arrondissement,75111
https://www.openstreetmap.org/node/1334006685,https://www.openstreetmap.org/relation/11831750,Rue Titon,https://www.openstreetmap.org/relation/9533,Paris 11e Arrondissement,75111
https://www.openstreetmap.org/node/1334006692,https://www.openstreetmap.org/relation/6949872,Rue de Montreuil,https://www.openstreetmap.org/relation/9533,Paris 11e Arrondissement,75111
https://www.openstreetmap.org/node/1334006695,https://www.openstreetmap.org/relation/11831820,Rue Paul Bert,https://www.openstreetmap.org/relation/9533,Paris 11e Arrondissement,75111
https://www.openstreetmap.org/node/1334006698,https://www.openstreetmap.org/relation/11831876,Rue Jules Vallès,https://www.openstreetmap.org/relation/9533,Paris 11e Arrondissement,75111
https://www.openstreetmap.org/node/1334006699,https://www.openstreetmap.org/relation/11831998,Passage P/11,https://www.openstreetmap.org/relation/9533,Paris 11e Arrondissement,75111
https://www.openstreetmap.org/node/1334006702,https://www.openstreetmap.org/relation/11831750,Rue Titon,https://www.openstreetmap.org/relation/9533,Paris 11e Arrondissement,75111
https://www.openstreetmap.org/node/1334006705,https://www.openstreetmap.org/relation/11831876,Rue Jules Vallès,https://www.openstreetmap.org/relation/9533,Paris 11e Arrondissement,75111
https://www.openstreetmap.org/node/1334006706,https://www.openstreetmap.org/relation/6949872,Rue de Montreuil,https://www.openstreetmap.org/relation/9533,Paris 11e Arrondissement,75111
https://www.openstreetmap.org/node/1334006709,https://www.openstreetmap.org/relation/6949872,Rue de Montreuil,https://www.openstreetmap.org/relation/9533,Paris 11e Arrondissement,75111
https://www.openstreetmap.org/node/1334006718,https://www.openstreetmap.org/relation/6949872,Rue de Montreuil,https://www.openstreetmap.org/relation/9533,Paris 11e Arrondissement,75111
https://www.openstreetmap.org/node/1334006719,https://www.openstreetmap.org/relation/6949984,Rue du Faubourg Saint-Antoine,https://www.openstreetmap.org/relation/9533,Paris 11e Arrondissement,75111
https://www.openstreetmap.org/node/1334006720,https://www.openstreetmap.org/relation/11831820,Rue Paul Bert,https://www.openstreetmap.org/relation/9533,Paris 11e Arrondissement,75111
https://www.openstreetmap.org/node/1334006723,https://www.openstreetmap.org/relation/6949872,Rue de Montreuil,https://www.openstreetmap.org/relation/9533,Paris 11e Arrondissement,75111
https://www.openstreetmap.org/node/1334006725,https://www.openstreetmap.org/relation/11831972,Rue Bouvier,https://www.openstreetmap.org/relation/9533,Paris 11e Arrondissement,75111
https://www.openstreetmap.org/node/1334006726,https://www.openstreetmap.org/relation/11831972,Rue Bouvier,https://www.openstreetmap.org/relation/9533,Paris 11e Arrondissement,75111
https://www.openstreetmap.org/node/1334006729,https://www.openstreetmap.org/relation/6949984,Rue du Faubourg Saint-Antoine,https://www.openstreetmap.org/relation/9533,Paris 11e Arrondissement,75111
https://www.openstreetmap.org/node/1334006735,https://www.openstreetmap.org/relation/11831785,Rue Roubo,https://www.openstreetmap.org/relation/9533,Paris 11e Arrondissement,75111
https://www.openstreetmap.org/node/1334006737,https://www.openstreetmap.org/relation/11831882,Rue Jean Macé,https://www.openstreetmap.org/relation/9533,Paris 11e Arrondissement,75111
https://www.openstreetmap.org/node/1334006741,https://www.openstreetmap.org/relation/11831750,Rue Titon,https://www.openstreetmap.org/relation/9533,Paris 11e Arrondissement,75111
https://www.openstreetmap.org/node/1334006743,https://www.openstreetmap.org/relation/11831882,Rue Jean Macé,https://www.openstreetmap.org/relation/9533,Paris 11e Arrondissement,75111
https://www.openstreetmap.org/node/1334006744,https://www.openstreetmap.org/relation/11831876,Rue Jules Vallès,https://www.openstreetmap.org/relation/9533,Paris 11e Arrondissement,75111
https://www.openstreetmap.org/node/1334006746,https://www.openstreetmap.org/relation/11831898,Rue Marguerite Gonnet,https://www.openstreetmap.org/relation/9533,Paris 11e Arrondissement,75111
https://www.openstreetmap.org/node/1334006748,https://www.openstreetmap.org/relation/11831750,Rue Titon,https://www.openstreetmap.org/relation/9533,Paris 11e Arrondissement,75111
https://www.openstreetmap.org/node/1334006749,https://www.openstreetmap.org/relation/11831750,Rue Titon,https://www.openstreetmap.org/relation/9533,Paris 11e Arrondissement,75111
https://www.openstreetmap.org/node/1334006750,https://www.openstreetmap.org/relation/6949984,Rue du Faubourg Saint-Antoine,https://www.openstreetmap.org/relation/9533,Paris 11e Arrondissement,75111
https://www.openstreetmap.org/node/1334006752,https://www.openstreetmap.org/relation/11831876,Rue Jules Vallès,https://www.openstreetmap.org/relation/9533,Paris 11e Arrondissement,75111
https://www.openstreetmap.org/node/1334006753,https://www.openstreetmap.org/relation/11831876,Rue Jules Vallès,https://www.openstreetmap.org/relation/9533,Paris 11e Arrondissement,75111
https://www.openstreetmap.org/node/1334006756,https://www.openstreetmap.org/relation/11831750,Rue Titon,https://www.openstreetmap.org/relation/9533,Paris 11e Arrondissement,75111
https://www.openstreetmap.org/node/1334006758,https://www.openstreetmap.org/relation/11831972,Rue Bouvier,https://www.openstreetmap.org/relation/9533,Paris 11e Arrondissement,75111
https://www.openstreetmap.org/node/1334006762,https://www.openstreetmap.org/relation/11831820,Rue Paul Bert,https://www.openstreetmap.org/relation/9533,Paris 11e Arrondissement,75111
https://www.openstreetmap.org/node/1334006764,https://www.openstreetmap.org/relation/11831785,Rue Roubo,https://www.openstreetmap.org/relation/9533,Paris 11e Arrondissement,75111
https://www.openstreetmap.org/node/1334006765,https://www.openstreetmap.org/relation/6949872,Rue de Montreuil,https://www.openstreetmap.org/relation/9533,Paris 11e Arrondissement,75111
https://www.openstreetmap.org/node/1334006766,https://www.openstreetmap.org/relation/11831759,Cité Souzy,https://www.openstreetmap.org/relation/9533,Paris 11e Arrondissement,75111
https://www.openstreetmap.org/node/1334006767,https://www.openstreetmap.org/relation/6949872,Rue de Montreuil,https://www.openstreetmap.org/relation/9533,Paris 11e Arrondissement,75111
https://www.openstreetmap.org/node/1334006768,https://www.openstreetmap.org/relation/11831889,Cour de l'Industrie,https://www.openstreetmap.org/relation/9533,Paris 11e Arrondissement,75111
https://www.openstreetmap.org/node/1334006769,https://www.openstreetmap.org/relation/11831820,Rue Paul Bert,https://www.openstreetmap.org/relation/9533,Paris 11e Arrondissement,75111
https://www.openstreetmap.org/node/1334006776,https://www.openstreetmap.org/relation/6949872,Rue de Montreuil,https://www.openstreetmap.org/relation/9533,Paris 11e Arrondissement,75111
https://www.openstreetmap.org/node/1334006784,https://www.openstreetmap.org/relation/6949872,Rue de Montreuil,https://www.openstreetmap.org/relation/9533,Paris 11e Arrondissement,75111
https://www.openstreetmap.org/node/1334006785,https://www.openstreetmap.org/relation/6949984,Rue du Faubourg Saint-Antoine,https://www.openstreetmap.org/relation/9533,Paris 11e Arrondissement,75111
https://www.openstreetmap.org/node/1334006787,https://www.openstreetmap.org/relation/11831820,Rue Paul Bert,https://www.openstreetmap.org/relation/9533,Paris 11e Arrondissement,75111
https://www.openstreetmap.org/node/1334006793,https://www.openstreetmap.org/relation/11831876,Rue Jules Vallès,https://www.openstreetmap.org/relation/9533,Paris 11e Arrondissement,75111
https://www.openstreetmap.org/node/1334006794,https://www.openstreetmap.org/relation/11831998,Passage P/11,https://www.openstreetmap.org/relation/9533,Paris 11e Arrondissement,75111
https://www.openstreetmap.org/node/1334006797,https://www.openstreetmap.org/relation/11831750,Rue Titon,https://www.openstreetmap.org/relation/9533,Paris 11e Arrondissement,75111
https://www.openstreetmap.org/node/1334006801,https://www.openstreetmap.org/relation/11831911,Impasse Franchemont,https://www.openstreetmap.org/relation/9533,Paris 11e Arrondissement,75111
https://www.openstreetmap.org/node/1334006802,https://www.openstreetmap.org/relation/6949872,Rue de Montreuil,https://www.openstreetmap.org/relation/9533,Paris 11e Arrondissement,75111
https://www.openstreetmap.org/node/1334006805,https://www.openstreetmap.org/relation/11831972,Rue Bouvier,https://www.openstreetmap.org/relation/9533,Paris 11e Arrondissement,75111
https://www.openstreetmap.org/node/1334006808,https://www.openstreetmap.org/relation/6949872,Rue de Montreuil,https://www.openstreetmap.org/relation/9533,Paris 11e Arrondissement,75111
https://www.openstreetmap.org/node/1334006814,https://www.openstreetmap.org/relation/6949872,Rue de Montreuil,https://www.openstreetmap.org/relation/9533,Paris 11e Arrondissement,75111
https://www.openstreetmap.org/node/1334006815,https://www.openstreetmap.org/relation/11831972,Rue Bouvier,https://www.openstreetmap.org/relation/9533,Paris 11e Arrondissement,75111
https://www.openstreetmap.org/node/1334006817,https://www.openstreetmap.org/relation/6949984,Rue du Faubourg Saint-Antoine,https://www.openstreetmap.org/relation/9533,Paris 11e Arrondissement,75111
https://www.openstreetmap.org/node/1334006818,https://www.openstreetmap.org/relation/11831820,Rue Paul Bert,https://www.openstreetmap.org/relation/9533,Paris 11e Arrondissement,75111
https://www.openstreetmap.org/node/1334006820,https://www.openstreetmap.org/relation/6949872,Rue de Montreuil,https://www.openstreetmap.org/relation/9533,Paris 11e Arrondissement,75111
https://www.openstreetmap.org/node/1334006823,https://www.openstreetmap.org/relation/11831972,Rue Bouvier,https://www.openstreetmap.org/relation/9533,Paris 11e Arrondissement,75111
https://www.openstreetmap.org/node/1334006824,https://www.openstreetmap.org/relation/6949984,Rue du Faubourg Saint-Antoine,https://www.openstreetmap.org/relation/9533,Paris 11e Arrondissement,75111
https://www.openstreetmap.org/node/1334006825,https://www.openstreetmap.org/relation/11831972,Rue Bouvier,https://www.openstreetmap.org/relation/9533,Paris 11e Arrondissement,75111
https://www.openstreetmap.org/node/1334006828,https://www.openstreetmap.org/relation/11831785,Rue Roubo,https://www.openstreetmap.org/relation/9533,Paris 11e Arrondissement,75111
https://www.openstreetmap.org/node/1334006831,https://www.openstreetmap.org/relation/6949984,Rue du Faubourg Saint-Antoine,https://www.openstreetmap.org/relation/9533,Paris 11e Arrondissement,75111
https://www.openstreetmap.org/node/1334007130,https://www.openstreetmap.org/relation/11831785,Rue Roubo,https://www.openstreetmap.org/relation/9533,Paris 11e Arrondissement,75111
https://www.openstreetmap.org/node/1334007135,https://www.openstreetmap.org/relation/11831972,Rue Bouvier,https://www.openstreetmap.org/relation/9533,Paris 11e Arrondissement,75111
https://www.openstreetmap.org/node/1334007149,https://www.openstreetmap.org/relation/11831750,Rue Titon,https://www.openstreetmap.org/relation/9533,Paris 11e Arrondissement,75111
https://www.openstreetmap.org/node/1334007151,https://www.openstreetmap.org/relation/11831820,Rue Paul Bert,https://www.openstreetmap.org/relation/9533,Paris 11e Arrondissement,75111
https://www.openstreetmap.org/node/1334007170,https://www.openstreetmap.org/relation/11831882,Rue Jean Macé,https://www.openstreetmap.org/relation/9533,Paris 11e Arrondissement,75111
https://www.openstreetmap.org/node/1334007174,https://www.openstreetmap.org/relation/11831876,Rue Jules Vallès,https://www.openstreetmap.org/relation/9533,Paris 11e Arrondissement,75111
https://www.openstreetmap.org/node/1334007187,https://www.openstreetmap.org/relation/11831750,Rue Titon,https://www.openstreetmap.org/relation/9533,Paris 11e Arrondissement,75111
https://www.openstreetmap.org/node/1334007190,https://www.openstreetmap.org/relation/11831898,Rue Marguerite Gonnet,https://www.openstreetmap.org/relation/9533,Paris 11e Arrondissement,75111
https://www.openstreetmap.org/node/1334007194,https://www.openstreetmap.org/relation/11831750,Rue Titon,https://www.openstreetmap.org/relation/9533,Paris 11e Arrondissement,75111
https://www.openstreetmap.org/node/1334007199,https://www.openstreetmap.org/relation/6949984,Rue du Faubourg Saint-Antoine,https://www.openstreetmap.org/relation/9533,Paris 11e Arrondissement,75111
https://www.openstreetmap.org/node/1334007210,https://www.openstreetmap.org/relation/11831876,Rue Jules Vallès,https://www.openstreetmap.org/relation/9533,Paris 11e Arrondissement,75111
https://www.openstreetmap.org/node/1334007221,https://www.openstreetmap.org/relation/11831750,Rue Titon,https://www.openstreetmap.org/relation/9533,Paris 11e Arrondissement,75111
https://www.openstreetmap.org/node/1334007250,https://www.openstreetmap.org/relation/11831820,Rue Paul Bert,https://www.openstreetmap.org/relation/9533,Paris 11e Arrondissement,75111
https://www.openstreetmap.org/node/1334007256,https://www.openstreetmap.org/relation/11831785,Rue Roubo,https://www.openstreetmap.org/relation/9533,Paris 11e Arrondissement,75111
https://www.openstreetmap.org/node/1334007259,https://www.openstreetmap.org/relation/6949872,Rue de Montreuil,https://www.openstreetmap.org/relation/9533,Paris 11e Arrondissement,75111
https://www.openstreetmap.org/node/1334007271,https://www.openstreetmap.org/relation/6949984,Rue du Faubourg Saint-Antoine,https://www.openstreetmap.org/relation/9533,Paris 11e Arrondissement,75111
https://www.openstreetmap.org/node/1334007276,https://www.openstreetmap.org/relation/11831820,Rue Paul Bert,https://www.openstreetmap.org/relation/9533,Paris 11e Arrondissement,75111
https://www.openstreetmap.org/node/1334007277,https://www.openstreetmap.org/relation/6949872,Rue de Montreuil,https://www.openstreetmap.org/relation/9533,Paris 11e Arrondissement,75111
https://www.openstreetmap.org/node/1334007279,https://www.openstreetmap.org/relation/11831882,Rue Jean Macé,https://www.openstreetmap.org/relation/9533,Paris 11e Arrondissement,75111
https://www.openstreetmap.org/node/1334007294,https://www.openstreetmap.org/relation/6949872,Rue de Montreuil,https://www.openstreetmap.org/relation/9533,Paris 11e Arrondissement,75111
https://www.openstreetmap.org/node/1334007310,https://www.openstreetmap.org/relation/6949984,Rue du Faubourg Saint-Antoine,https://www.openstreetmap.org/relation/9533,Paris 11e Arrondissement,75111
https://www.openstreetmap.org/node/1334007318,https://www.openstreetmap.org/relation/11831820,Rue Paul Bert,https://www.openstreetmap.org/relation/9533,Paris 11e Arrondissement,75111
https://www.openstreetmap.org/node/1334007334,https://www.openstreetmap.org/relation/11831750,Rue Titon,https://www.openstreetmap.org/relation/9533,Paris 11e Arrondissement,75111
https://www.openstreetmap.org/node/1334007342,https://www.openstreetmap.org/relation/11831911,Impasse Franchemont,https://www.openstreetmap.org/relation/9533,Paris 11e Arrondissement,75111
https://www.openstreetmap.org/node/1334007346,https://www.openstreetmap.org/relation/11831972,Rue Bouvier,https://www.openstreetmap.org/relation/9533,Paris 11e Arrondissement,75111
https://www.openstreetmap.org/node/1334007348,https://www.openstreetmap.org/relation/11831750,Rue Titon,https://www.openstreetmap.org/relation/9533,Paris 11e Arrondissement,75111
https://www.openstreetmap.org/node/1334007354,https://www.openstreetmap.org/relation/11831750,Rue Titon,https://www.openstreetmap.org/relation/9533,Paris 11e Arrondissement,75111
https://www.openstreetmap.org/node/1334007367,https://www.openstreetmap.org/relation/6949872,Rue de Montreuil,https://www.openstreetmap.org/relation/9533,Paris 11e Arrondissement,75111
https://www.openstreetmap.org/node/1334007369,https://www.openstreetmap.org/relation/6949872,Rue de Montreuil,https://www.openstreetmap.org/relation/9533,Paris 11e Arrondissement,75111
https://www.openstreetmap.org/node/1334007375,https://www.openstreetmap.org/relation/6949984,Rue du Faubourg Saint-Antoine,https://www.openstreetmap.org/relation/9533,Paris 11e Arrondissement,75111
https://www.openstreetmap.org/node/1334007378,https://www.openstreetmap.org/relation/11831820,Rue Paul Bert,https://www.openstreetmap.org/relation/9533,Paris 11e Arrondissement,75111
https://www.openstreetmap.org/node/1334007384,https://www.openstreetmap.org/relation/6949872,Rue de Montreuil,https://www.openstreetmap.org/relation/9533,Paris 11e Arrondissement,75111
https://www.openstreetmap.org/node/1334007386,https://www.openstreetmap.org/relation/11831972,Rue Bouvier,https://www.openstreetmap.org/relation/9533,Paris 11e Arrondissement,75111
https://www.openstreetmap.org/node/1334007392,https://www.openstreetmap.org/relation/11831972,Rue Bouvier,https://www.openstreetmap.org/relation/9533,Paris 11e Arrondissement,75111
https://www.openstreetmap.org/node/1334007404,https://www.openstreetmap.org/relation/6949984,Rue du Faubourg Saint-Antoine,https://www.openstreetmap.org/relation/9533,Paris 11e Arrondissement,75111
https://www.openstreetmap.org/node/1334007408,https://www.openstreetmap.org/relation/6949984,Rue du Faubourg Saint-Antoine,https://www.openstreetmap.org/relation/9533,Paris 11e Arrondissement,75111
https://www.openstreetmap.org/node/1334007417,https://www.openstreetmap.org/relation/11831898,Rue Marguerite Gonnet,https://www.openstreetmap.org/relation/9533,Paris 11e Arrondissement,75111
https://www.openstreetmap.org/node/1334007424,https://www.openstreetmap.org/relation/6949872,Rue de Montreuil,https://www.openstreetmap.org/relation/9533,Paris 11e Arrondissement,75111
https://www.openstreetmap.org/node/1334007437,https://www.openstreetmap.org/relation/11831750,Rue Titon,https://www.openstreetmap.org/relation/9533,Paris 11e Arrondissement,75111
https://www.openstreetmap.org/node/1334007444,https://www.openstreetmap.org/relation/11831820,Rue Paul Bert,https://www.openstreetmap.org/relation/9533,Paris 11e Arrondissement,75111
https://www.openstreetmap.org/node/1334007447,https://www.openstreetmap.org/relation/6949872,Rue de Montreuil,https://www.openstreetmap.org/relation/9533,Paris 11e Arrondissement,75111
https://www.openstreetmap.org/node/1334007448,https://www.openstreetmap.org/relation/11831882,Rue Jean Macé,https://www.openstreetmap.org/relation/9533,Paris 11e Arrondissement,75111
https://www.openstreetmap.org/node/1334007456,https://www.openstreetmap.org/relation/11831876,Rue Jules Vallès,https://www.openstreetmap.org/relation/9533,Paris 11e Arrondissement,75111
https://www.openstreetmap.org/node/1334007458,https://www.openstreetmap.org/relation/11831750,Rue Titon,https://www.openstreetmap.org/relation/9533,Paris 11e Arrondissement,75111
https://www.openstreetmap.org/node/1334007459,https://www.openstreetmap.org/relation/11831898,Rue Marguerite Gonnet,https://www.openstreetmap.org/relation/9533,Paris 11e Arrondissement,75111
https://www.openstreetmap.org/node/1334007462,https://www.openstreetmap.org/relation/11831750,Rue Titon,https://www.openstreetmap.org/relation/9533,Paris 11e Arrondissement,75111
https://www.openstreetmap.org/node/1334007467,https://www.openstreetmap.org/relation/11831750,Rue Titon,https://www.openstreetmap.org/relation/9533,Paris 11e Arrondissement,75111
https://www.openstreetmap.org/node/1334007470,https://www.openstreetmap.org/relation/6949872,Rue de Montreuil,https://www.openstreetmap.org/relation/9533,Paris 11e Arrondissement,75111
https://www.openstreetmap.org/node/1334007478,https://www.openstreetmap.org/relation/11831876,Rue Jules Vallès,https://www.openstreetmap.org/relation/9533,Paris 11e Arrondissement,75111
https://www.openstreetmap.org/node/1334007482,https://www.openstreetmap.org/relation/6949872,Rue de Montreuil,https://www.openstreetmap.org/relation/9533,Paris 11e Arrondissement,75111
https://www.openstreetmap.org/node/1334007491,https://www.openstreetmap.org/relation/11831911,Impasse Franchemont,https://www.openstreetmap.org/relation/9533,Paris 11e Arrondissement,75111
https://www.openstreetmap.org/node/1334007494,https://www.openstreetmap.org/relation/11831785,Rue Roubo,https://www.openstreetmap.org/relation/9533,Paris 11e Arrondissement,75111
https://www.openstreetmap.org/node/1334007499,https://www.openstreetmap.org/relation/11831882,Rue Jean Macé,https://www.openstreetmap.org/relation/9533,Paris 11e Arrondissement,75111
https://www.openstreetmap.org/node/1334007505,https://www.openstreetmap.org/relation/11831998,Passage P/11,https://www.openstreetmap.org/relation/9533,Paris 11e Arrondissement,75111
https://www.openstreetmap.org/node/1334007508,https://www.openstreetmap.org/relation/11831889,Cour de l'Industrie,https://www.openstreetmap.org/relation/9533,Paris 11e Arrondissement,75111
https://www.openstreetmap.org/node/1334007511,https://www.openstreetmap.org/relation/6949984,Rue du Faubourg Saint-Antoine,https://www.openstreetmap.org/relation/9533,Paris 11e Arrondissement,75111
https://www.openstreetmap.org/node/1334007513,https://www.openstreetmap.org/relation/11831820,Rue Paul Bert,https://www.openstreetmap.org/relation/9533,Paris 11e Arrondissement,75111
https://www.openstreetmap.org/node/1334007518,https://www.openstreetmap.org/relation/6949872,Rue de Montreuil,https://www.openstreetmap.org/relation/9533,Paris 11e Arrondissement,75111
https://www.openstreetmap.org/node/1334007527,https://www.openstreetmap.org/relation/11831876,Rue Jules Vallès,https://www.openstreetmap.org/relation/9533,Paris 11e Arrondissement,75111
https://www.openstreetmap.org/node/1334007530,https://www.openstreetmap.org/relation/6949872,Rue de Montreuil,https://www.openstreetmap.org/relation/9533,Paris 11e Arrondissement,75111
https://www.openstreetmap.org/node/1334007541,https://www.openstreetmap.org/relation/6949984,Rue du Faubourg Saint-Antoine,https://www.openstreetmap.org/relation/9533,Paris 11e Arrondissement,75111
https://www.openstreetmap.org/node/1334906500,https://www.openstreetmap.org/relation/6949984,Rue du Faubourg Saint-Antoine,https://www.openstreetmap.org/relation/9525,Paris 12e Arrondissement,75112
https://www.openstreetmap.org/node/1334906592,https://www.openstreetmap.org/relation/11832433,Rue de Charenton,https://www.openstreetmap.org/relation/9525,Paris 12e Arrondissement,75112
https://www.openstreetmap.org/node/1335019883,https://www.openstreetmap.org/relation/11832475,Rue Hector Malot,https://www.openstreetmap.org/relation/9525,Paris 12e Arrondissement,75112
https://www.openstreetmap.org/node/1336163524,https://www.openstreetmap.org/relation/11832454,Rue Legraverend,https://www.openstreetmap.org/relation/9525,Paris 12e Arrondissement,75112
https://www.openstreetmap.org/node/1351811585,https://www.openstreetmap.org/relation/11832362,Passage de la Boule Blanche,https://www.openstreetmap.org/relation/9525,Paris 12e Arrondissement,75112
https://www.openstreetmap.org/node/1351811594,https://www.openstreetmap.org/relation/11832433,Rue de Charenton,https://www.openstreetmap.org/relation/9525,Paris 12e Arrondissement,75112
https://www.openstreetmap.org/node/1351811598,https://www.openstreetmap.org/relation/11832362,Passage de la Boule Blanche,https://www.openstreetmap.org/relation/9525,Paris 12e Arrondissement,75112
https://www.openstreetmap.org/node/1351811601,https://www.openstreetmap.org/relation/11832362,Passage de la Boule Blanche,https://www.openstreetmap.org/relation/9525,Paris 12e Arrondissement,75112
https://www.openstreetmap.org/node/1351811605,https://www.openstreetmap.org/relation/11832433,Rue de Charenton,https://www.openstreetmap.org/relation/9525,Paris 12e Arrondissement,75112
https://www.openstreetmap.org/node/1351811608,https://www.openstreetmap.org/relation/11832433,Rue de Charenton,https://www.openstreetmap.org/relation/9525,Paris 12e Arrondissement,75112
https://www.openstreetmap.org/node/1351811612,https://www.openstreetmap.org/relation/11832433,Rue de Charenton,https://www.openstreetmap.org/relation/9525,Paris 12e Arrondissement,75112
https://www.openstreetmap.org/node/1351811616,https://www.openstreetmap.org/relation/11832433,Rue de Charenton,https://www.openstreetmap.org/relation/9525,Paris 12e Arrondissement,75112
https://www.openstreetmap.org/node/1351811619,https://www.openstreetmap.org/relation/11832433,Rue de Charenton,https://www.openstreetmap.org/relation/9525,Paris 12e Arrondissement,75112
https://www.openstreetmap.org/node/1351811627,https://www.openstreetmap.org/relation/11832362,Passage de la Boule Blanche,https://www.openstreetmap.org/relation/9525,Paris 12e Arrondissement,75112
https://www.openstreetmap.org/node/1351811629,https://www.openstreetmap.org/relation/11832433,Rue de Charenton,https://www.openstreetmap.org/relation/9525,Paris 12e Arrondissement,75112
https://www.openstreetmap.org/node/1351811631,https://www.openstreetmap.org/relation/11832433,Rue de Charenton,https://www.openstreetmap.org/relation/9525,Paris 12e Arrondissement,75112
https://www.openstreetmap.org/node/1351811647,https://www.openstreetmap.org/relation/11832433,Rue de Charenton,https://www.openstreetmap.org/relation/9525,Paris 12e Arrondissement,75112
https://www.openstreetmap.org/node/1351811649,https://www.openstreetmap.org/relation/11832433,Rue de Charenton,https://www.openstreetmap.org/relation/9525,Paris 12e Arrondissement,75112
https://www.openstreetmap.org/node/1351811652,https://www.openstreetmap.org/relation/11832433,Rue de Charenton,https://www.openstreetmap.org/relation/9525,Paris 12e Arrondissement,75112
https://www.openstreetmap.org/node/1351811655,https://www.openstreetmap.org/relation/11832362,Passage de la Boule Blanche,https://www.openstreetmap.org/relation/9525,Paris 12e Arrondissement,75112
https://www.openstreetmap.org/node/1351811675,https://www.openstreetmap.org/relation/11832433,Rue de Charenton,https://www.openstreetmap.org/relation/9525,Paris 12e Arrondissement,75112
https://www.openstreetmap.org/node/1351811678,https://www.openstreetmap.org/relation/11832433,Rue de Charenton,https://www.openstreetmap.org/relation/9525,Paris 12e Arrondissement,75112
https://www.openstreetmap.org/node/1351811683,https://www.openstreetmap.org/relation/11832433,Rue de Charenton,https://www.openstreetmap.org/relation/9525,Paris 12e Arrondissement,75112
https://www.openstreetmap.org/node/1351811687,https://www.openstreetmap.org/relation/11832433,Rue de Charenton,https://www.openstreetmap.org/relation/9525,Paris 12e Arrondissement,75112
https://www.openstreetmap.org/node/1351811700,https://www.openstreetmap.org/relation/11832433,Rue de Charenton,https://www.openstreetmap.org/relation/9525,Paris 12e Arrondissement,75112
https://www.openstreetmap.org/node/1351811704,https://www.openstreetmap.org/relation/11832433,Rue de Charenton,https://www.openstreetmap.org/relation/9525,Paris 12e Arrondissement,75112
https://www.openstreetmap.org/node/1351811710,https://www.openstreetmap.org/relation/11832362,Passage de la Boule Blanche,https://www.openstreetmap.org/relation/9525,Paris 12e Arrondissement,75112
https://www.openstreetmap.org/node/1351811713,https://www.openstreetmap.org/relation/11832433,Rue de Charenton,https://www.openstreetmap.org/relation/9525,Paris 12e Arrondissement,75112
https://www.openstreetmap.org/node/1351811727,https://www.openstreetmap.org/relation/11832433,Rue de Charenton,https://www.openstreetmap.org/relation/9525,Paris 12e Arrondissement,75112
https://www.openstreetmap.org/node/1351811731,https://www.openstreetmap.org/relation/11832433,Rue de Charenton,https://www.openstreetmap.org/relation/9525,Paris 12e Arrondissement,75112
https://www.openstreetmap.org/node/1351811736,https://www.openstreetmap.org/relation/11832362,Passage de la Boule Blanche,https://www.openstreetmap.org/relation/9525,Paris 12e Arrondissement,75112
https://www.openstreetmap.org/node/1351811738,https://www.openstreetmap.org/relation/11832433,Rue de Charenton,https://www.openstreetmap.org/relation/9525,Paris 12e Arrondissement,75112
https://www.openstreetmap.org/node/1351811747,https://www.openstreetmap.org/relation/11832433,Rue de Charenton,https://www.openstreetmap.org/relation/9525,Paris 12e Arrondissement,75112
https://www.openstreetmap.org/node/1351811751,https://www.openstreetmap.org/relation/11832362,Passage de la Boule Blanche,https://www.openstreetmap.org/relation/9525,Paris 12e Arrondissement,75112
https://www.openstreetmap.org/node/1351811757,https://www.openstreetmap.org/relation/11832362,Passage de la Boule Blanche,https://www.openstreetmap.org/relation/9525,Paris 12e Arrondissement,75112
https://www.openstreetmap.org/node/1351811765,https://www.openstreetmap.org/relation/11832433,Rue de Charenton,https://www.openstreetmap.org/relation/9525,Paris 12e Arrondissement,75112
https://www.openstreetmap.org/node/1351811767,https://www.openstreetmap.org/relation/11832362,Passage de la Boule Blanche,https://www.openstreetmap.org/relation/9525,Paris 12e Arrondissement,75112
https://www.openstreetmap.org/node/1351811771,https://www.openstreetmap.org/relation/11832433,Rue de Charenton,https://www.openstreetmap.org/relation/9525,Paris 12e Arrondissement,75112
https://www.openstreetmap.org/node/1351854142,https://www.openstreetmap.org/relation/11832546,Passage du Chantier,https://www.openstreetmap.org/relation/9525,Paris 12e Arrondissement,75112
https://www.openstreetmap.org/node/1351854145,https://www.openstreetmap.org/relation/11832546,Passage du Chantier,https://www.openstreetmap.org/relation/9525,Paris 12e Arrondissement,75112
https://www.openstreetmap.org/node/1351854146,https://www.openstreetmap.org/relation/11832433,Rue de Charenton,https://www.openstreetmap.org/relation/9525,Paris 12e Arrondissement,75112
https://www.openstreetmap.org/node/1351854147,https://www.openstreetmap.org/relation/11832433,Rue de Charenton,https://www.openstreetmap.org/relation/9525,Paris 12e Arrondissement,75112
https://www.openstreetmap.org/node/1351854157,https://www.openstreetmap.org/relation/11832433,Rue de Charenton,https://www.openstreetmap.org/relation/9525,Paris 12e Arrondissement,75112
https://www.openstreetmap.org/node/1351854161,https://www.openstreetmap.org/relation/11832433,Rue de Charenton,https://www.openstreetmap.org/relation/9525,Paris 12e Arrondissement,75112
https://www.openstreetmap.org/node/1351854163,https://www.openstreetmap.org/relation/11832433,Rue de Charenton,https://www.openstreetmap.org/relation/9525,Paris 12e Arrondissement,75112
https://www.openstreetmap.org/node/1351854164,https://www.openstreetmap.org/relation/11832433,Rue de Charenton,https://www.openstreetmap.org/relation/9525,Paris 12e Arrondissement,75112
https://www.openstreetmap.org/node/1351854171,https://www.openstreetmap.org/relation/11832433,Rue de Charenton,https://www.openstreetmap.org/relation/9525,Paris 12e Arrondissement,75112
https://www.openstreetmap.org/node/1351854175,https://www.openstreetmap.org/relation/11832433,Rue de Charenton,https://www.openstreetmap.org/relation/9525,Paris 12e Arrondissement,75112
https://www.openstreetmap.org/node/1351854178,https://www.openstreetmap.org/relation/11832433,Rue de Charenton,https://www.openstreetmap.org/relation/9525,Paris 12e Arrondissement,75112
https://www.openstreetmap.org/node/1351854180,https://www.openstreetmap.org/relation/11832433,Rue de Charenton,https://www.openstreetmap.org/relation/9525,Paris 12e Arrondissement,75112
https://www.openstreetmap.org/node/1351854188,https://www.openstreetmap.org/relation/11832433,Rue de Charenton,https://www.openstreetmap.org/relation/9525,Paris 12e Arrondissement,75112
https://www.openstreetmap.org/node/1351854191,https://www.openstreetmap.org/relation/11832433,Rue de Charenton,https://www.openstreetmap.org/relation/9525,Paris 12e Arrondissement,75112
https://www.openstreetmap.org/node/1351854194,https://www.openstreetmap.org/relation/11832433,Rue de Charenton,https://www.openstreetmap.org/relation/9525,Paris 12e Arrondissement,75112
https://www.openstreetmap.org/node/1351854198,https://www.openstreetmap.org/relation/11832433,Rue de Charenton,https://www.openstreetmap.org/relation/9525,Paris 12e Arrondissement,75112
https://www.openstreetmap.org/node/1351854199,https://www.openstreetmap.org/relation/11832433,Rue de Charenton,https://www.openstreetmap.org/relation/9525,Paris 12e Arrondissement,75112
https://www.openstreetmap.org/node/1351854200,https://www.openstreetmap.org/relation/11832433,Rue de Charenton,https://www.openstreetmap.org/relation/9525,Paris 12e Arrondissement,75112
https://www.openstreetmap.org/node/1351854201,https://www.openstreetmap.org/relation/11832433,Rue de Charenton,https://www.openstreetmap.org/relation/9525,Paris 12e Arrondissement,75112
https://www.openstreetmap.org/node/1351854202,https://www.openstreetmap.org/relation/11832433,Rue de Charenton,https://www.openstreetmap.org/relation/9525,Paris 12e Arrondissement,75112
https://www.openstreetmap.org/node/1351854204,https://www.openstreetmap.org/relation/11832433,Rue de Charenton,https://www.openstreetmap.org/relation/9525,Paris 12e Arrondissement,75112
https://www.openstreetmap.org/node/1351854205,https://www.openstreetmap.org/relation/11832433,Rue de Charenton,https://www.openstreetmap.org/relation/9525,Paris 12e Arrondissement,75112
https://www.openstreetmap.org/node/1351854206,https://www.openstreetmap.org/relation/11832433,Rue de Charenton,https://www.openstreetmap.org/relation/9525,Paris 12e Arrondissement,75112
https://www.openstreetmap.org/node/1351854207,https://www.openstreetmap.org/relation/11832546,Passage du Chantier,https://www.openstreetmap.org/relation/9525,Paris 12e Arrondissement,75112
https://www.openstreetmap.org/node/1351854208,https://www.openstreetmap.org/relation/11832433,Rue de Charenton,https://www.openstreetmap.org/relation/9525,Paris 12e Arrondissement,75112
https://www.openstreetmap.org/node/1351854209,https://www.openstreetmap.org/relation/11832433,Rue de Charenton,https://www.openstreetmap.org/relation/9525,Paris 12e Arrondissement,75112
https://www.openstreetmap.org/node/1351854210,https://www.openstreetmap.org/relation/11832546,Passage du Chantier,https://www.openstreetmap.org/relation/9525,Paris 12e Arrondissement,75112
https://www.openstreetmap.org/node/1351854212,https://www.openstreetmap.org/relation/11832433,Rue de Charenton,https://www.openstreetmap.org/relation/9525,Paris 12e Arrondissement,75112
https://www.openstreetmap.org/node/1351854213,https://www.openstreetmap.org/relation/11832546,Passage du Chantier,https://www.openstreetmap.org/relation/9525,Paris 12e Arrondissement,75112
https://www.openstreetmap.org/node/1351854214,https://www.openstreetmap.org/relation/11832433,Rue de Charenton,https://www.openstreetmap.org/relation/9525,Paris 12e Arrondissement,75112
https://www.openstreetmap.org/node/1351854215,https://www.openstreetmap.org/relation/11832546,Passage du Chantier,https://www.openstreetmap.org/relation/9525,Paris 12e Arrondissement,75112
https://www.openstreetmap.org/node/1351854217,https://www.openstreetmap.org/relation/11832433,Rue de Charenton,https://www.openstreetmap.org/relation/9525,Paris 12e Arrondissement,75112
https://www.openstreetmap.org/node/1351854218,https://www.openstreetmap.org/relation/11832433,Rue de Charenton,https://www.openstreetmap.org/relation/9525,Paris 12e Arrondissement,75112
https://www.openstreetmap.org/node/1351854219,https://www.openstreetmap.org/relation/11832372,Cour du Chêne Vert,https://www.openstreetmap.org/relation/9525,Paris 12e Arrondissement,75112
https://www.openstreetmap.org/node/1351854220,https://www.openstreetmap.org/relation/11832433,Rue de Charenton,https://www.openstreetmap.org/relation/9525,Paris 12e Arrondissement,75112
https://www.openstreetmap.org/node/1351854221,https://www.openstreetmap.org/relation/11832546,Passage du Chantier,https://www.openstreetmap.org/relation/9525,Paris 12e Arrondissement,75112
https://www.openstreetmap.org/node/1351854222,https://www.openstreetmap.org/relation/11832433,Rue de Charenton,https://www.openstreetmap.org/relation/9525,Paris 12e Arrondissement,75112
https://www.openstreetmap.org/node/1351854223,https://www.openstreetmap.org/relation/11832433,Rue de Charenton,https://www.openstreetmap.org/relation/9525,Paris 12e Arrondissement,75112
https://www.openstreetmap.org/node/1351854225,https://www.openstreetmap.org/relation/11832433,Rue de Charenton,https://www.openstreetmap.org/relation/9525,Paris 12e Arrondissement,75112
https://www.openstreetmap.org/node/1351854226,https://www.openstreetmap.org/relation/11832433,Rue de Charenton,https://www.openstreetmap.org/relation/9525,Paris 12e Arrondissement,75112
https://www.openstreetmap.org/node/1351854227,https://www.openstreetmap.org/relation/11832433,Rue de Charenton,https://www.openstreetmap.org/relation/9525,Paris 12e Arrondissement,75112
https://www.openstreetmap.org/node/1351854228,https://www.openstreetmap.org/relation/11832546,Passage du Chantier,https://www.openstreetmap.org/relation/9525,Paris 12e Arrondissement,75112
https://www.openstreetmap.org/node/1351854229,https://www.openstreetmap.org/relation/11832433,Rue de Charenton,https://www.openstreetmap.org/relation/9525,Paris 12e Arrondissement,75112
https://www.openstreetmap.org/node/1351854231,https://www.openstreetmap.org/relation/11832433,Rue de Charenton,https://www.openstreetmap.org/relation/9525,Paris 12e Arrondissement,75112
https://www.openstreetmap.org/node/1351854232,https://www.openstreetmap.org/relation/11832433,Rue de Charenton,https://www.openstreetmap.org/relation/9525,Paris 12e Arrondissement,75112
https://www.openstreetmap.org/node/1351854233,https://www.openstreetmap.org/relation/11832433,Rue de Charenton,https://www.openstreetmap.org/relation/9525,Paris 12e Arrondissement,75112
https://www.openstreetmap.org/node/1351854234,https://www.openstreetmap.org/relation/11832433,Rue de Charenton,https://www.openstreetmap.org/relation/9525,Paris 12e Arrondissement,75112
https://www.openstreetmap.org/node/1351854235,https://www.openstreetmap.org/relation/11832433,Rue de Charenton,https://www.openstreetmap.org/relation/9525,Paris 12e Arrondissement,75112
https://www.openstreetmap.org/node/1351854236,https://www.openstreetmap.org/relation/11832546,Passage du Chantier,https://www.openstreetmap.org/relation/9525,Paris 12e Arrondissement,75112
https://www.openstreetmap.org/node/1351854237,https://www.openstreetmap.org/relation/11832372,Cour du Chêne Vert,https://www.openstreetmap.org/relation/9525,Paris 12e Arrondissement,75112
https://www.openstreetmap.org/node/1351854239,https://www.openstreetmap.org/relation/11832433,Rue de Charenton,https://www.openstreetmap.org/relation/9525,Paris 12e Arrondissement,75112
https://www.openstreetmap.org/node/1351854240,https://www.openstreetmap.org/relation/11832433,Rue de Charenton,https://www.openstreetmap.org/relation/9525,Paris 12e Arrondissement,75112
https://www.openstreetmap.org/node/1351854241,https://www.openstreetmap.org/relation/11832433,Rue de Charenton,https://www.openstreetmap.org/relation/9525,Paris 12e Arrondissement,75112
https://www.openstreetmap.org/node/1351854242,https://www.openstreetmap.org/relation/11832433,Rue de Charenton,https://www.openstreetmap.org/relation/9525,Paris 12e Arrondissement,75112
https://www.openstreetmap.org/node/1351854243,https://www.openstreetmap.org/relation/11832433,Rue de Charenton,https://www.openstreetmap.org/relation/9525,Paris 12e Arrondissement,75112
https://www.openstreetmap.org/node/1351854244,https://www.openstreetmap.org/relation/11832433,Rue de Charenton,https://www.openstreetmap.org/relation/9525,Paris 12e Arrondissement,75112
https://www.openstreetmap.org/node/1351854245,https://www.openstreetmap.org/relation/11832372,Cour du Chêne Vert,https://www.openstreetmap.org/relation/9525,Paris 12e Arrondissement,75112
https://www.openstreetmap.org/node/1351854247,https://www.openstreetmap.org/relation/11832546,Passage du Chantier,https://www.openstreetmap.org/relation/9525,Paris 12e Arrondissement,75112
https://www.openstreetmap.org/node/1351854248,https://www.openstreetmap.org/relation/11832433,Rue de Charenton,https://www.openstreetmap.org/relation/9525,Paris 12e Arrondissement,75112
https://www.openstreetmap.org/node/1351854249,https://www.openstreetmap.org/relation/11832433,Rue de Charenton,https://www.openstreetmap.org/relation/9525,Paris 12e Arrondissement,75112
https://www.openstreetmap.org/node/1351854250,https://www.openstreetmap.org/relation/11832433,Rue de Charenton,https://www.openstreetmap.org/relation/9525,Paris 12e Arrondissement,75112
https://www.openstreetmap.org/node/1351854251,https://www.openstreetmap.org/relation/11832433,Rue de Charenton,https://www.openstreetmap.org/relation/9525,Paris 12e Arrondissement,75112
https://www.openstreetmap.org/node/1351854252,https://www.openstreetmap.org/relation/11832433,Rue de Charenton,https://www.openstreetmap.org/relation/9525,Paris 12e Arrondissement,75112
https://www.openstreetmap.org/node/1351854253,https://www.openstreetmap.org/relation/11832433,Rue de Charenton,https://www.openstreetmap.org/relation/9525,Paris 12e Arrondissement,75112
https://www.openstreetmap.org/node/1351854254,https://www.openstreetmap.org/relation/11832433,Rue de Charenton,https://www.openstreetmap.org/relation/9525,Paris 12e Arrondissement,75112
https://www.openstreetmap.org/node/1351854258,https://www.openstreetmap.org/relation/11832372,Cour du Chêne Vert,https://www.openstreetmap.org/relation/9525,Paris 12e Arrondissement,75112
https://www.openstreetmap.org/node/1351854259,https://www.openstreetmap.org/relation/11832433,Rue de Charenton,https://www.openstreetmap.org/relation/9525,Paris 12e Arrondissement,75112
https://www.openstreetmap.org/node/1351854260,https://www.openstreetmap.org/relation/11832433,Rue de Charenton,https://www.openstreetmap.org/relation/9525,Paris 12e Arrondissement,75112
https://www.openstreetmap.org/node/1351854261,https://www.openstreetmap.org/relation/11832433,Rue de Charenton,https://www.openstreetmap.org/relation/9525,Paris 12e Arrondissement,75112
https://www.openstreetmap.org/node/1351854262,https://www.openstreetmap.org/relation/11832433,Rue de Charenton,https://www.openstreetmap.org/relation/9525,Paris 12e Arrondissement,75112
https://www.openstreetmap.org/node/1351854263,https://www.openstreetmap.org/relation/11832433,Rue de Charenton,https://www.openstreetmap.org/relation/9525,Paris 12e Arrondissement,75112
https://www.openstreetmap.org/node/1351854264,https://www.openstreetmap.org/relation/11832433,Rue de Charenton,https://www.openstreetmap.org/relation/9525,Paris 12e Arrondissement,75112
https://www.openstreetmap.org/node/1351854266,https://www.openstreetmap.org/relation/11832433,Rue de Charenton,https://www.openstreetmap.org/relation/9525,Paris 12e Arrondissement,75112
https://www.openstreetmap.org/node/1351854267,https://www.openstreetmap.org/relation/11832433,Rue de Charenton,https://www.openstreetmap.org/relation/9525,Paris 12e Arrondissement,75112
https://www.openstreetmap.org/node/1351854268,https://www.openstreetmap.org/relation/11832433,Rue de Charenton,https://www.openstreetmap.org/relation/9525,Paris 12e Arrondissement,75112
https://www.openstreetmap.org/node/1351854269,https://www.openstreetmap.org/relation/11832372,Cour du Chêne Vert,https://www.openstreetmap.org/relation/9525,Paris 12e Arrondissement,75112
https://www.openstreetmap.org/node/1351854270,https://www.openstreetmap.org/relation/11832546,Passage du Chantier,https://www.openstreetmap.org/relation/9525,Paris 12e Arrondissement,75112
https://www.openstreetmap.org/node/1351854271,https://www.openstreetmap.org/relation/11832433,Rue de Charenton,https://www.openstreetmap.org/relation/9525,Paris 12e Arrondissement,75112
https://www.openstreetmap.org/node/1351854272,https://www.openstreetmap.org/relation/11832433,Rue de Charenton,https://www.openstreetmap.org/relation/9525,Paris 12e Arrondissement,75112
https://www.openstreetmap.org/node/1351854274,https://www.openstreetmap.org/relation/11832433,Rue de Charenton,https://www.openstreetmap.org/relation/9525,Paris 12e Arrondissement,75112
https://www.openstreetmap.org/node/1351854275,https://www.openstreetmap.org/relation/11832433,Rue de Charenton,https://www.openstreetmap.org/relation/9525,Paris 12e Arrondissement,75112
https://www.openstreetmap.org/node/1351854276,https://www.openstreetmap.org/relation/11832433,Rue de Charenton,https://www.openstreetmap.org/relation/9525,Paris 12e Arrondissement,75112
https://www.openstreetmap.org/node/1351854277,https://www.openstreetmap.org/relation/11832433,Rue de Charenton,https://www.openstreetmap.org/relation/9525,Paris 12e Arrondissement,75112
https://www.openstreetmap.org/node/1351854278,https://www.openstreetmap.org/relation/11832433,Rue de Charenton,https://www.openstreetmap.org/relation/9525,Paris 12e Arrondissement,75112
https://www.openstreetmap.org/node/1351854280,https://www.openstreetmap.org/relation/11832433,Rue de Charenton,https://www.openstreetmap.org/relation/9525,Paris 12e Arrondissement,75112
https://www.openstreetmap.org/node/1351854281,https://www.openstreetmap.org/relation/11832372,Cour du Chêne Vert,https://www.openstreetmap.org/relation/9525,Paris 12e Arrondissement,75112
https://www.openstreetmap.org/node/1351854282,https://www.openstreetmap.org/relation/11832433,Rue de Charenton,https://www.openstreetmap.org/relation/9525,Paris 12e Arrondissement,75112
https://www.openstreetmap.org/node/1351854283,https://www.openstreetmap.org/relation/11832433,Rue de Charenton,https://www.openstreetmap.org/relation/9525,Paris 12e Arrondissement,75112
https://www.openstreetmap.org/node/1351854284,https://www.openstreetmap.org/relation/11832433,Rue de Charenton,https://www.openstreetmap.org/relation/9525,Paris 12e Arrondissement,75112
https://www.openstreetmap.org/node/1351854285,https://www.openstreetmap.org/relation/11832433,Rue de Charenton,https://www.openstreetmap.org/relation/9525,Paris 12e Arrondissement,75112
https://www.openstreetmap.org/node/1351854286,https://www.openstreetmap.org/relation/11832433,Rue de Charenton,https://www.openstreetmap.org/relation/9525,Paris 12e Arrondissement,75112
https://www.openstreetmap.org/node/1351854288,https://www.openstreetmap.org/relation/11832433,Rue de Charenton,https://www.openstreetmap.org/relation/9525,Paris 12e Arrondissement,75112
https://www.openstreetmap.org/node/1351854289,https://www.openstreetmap.org/relation/11832433,Rue de Charenton,https://www.openstreetmap.org/relation/9525,Paris 12e Arrondissement,75112
https://www.openstreetmap.org/node/1351854290,https://www.openstreetmap.org/relation/11832433,Rue de Charenton,https://www.openstreetmap.org/relation/9525,Paris 12e Arrondissement,75112
https://www.openstreetmap.org/node/1351854291,https://www.openstreetmap.org/relation/11832433,Rue de Charenton,https://www.openstreetmap.org/relation/9525,Paris 12e Arrondissement,75112
https://www.openstreetmap.org/node/1351854292,https://www.openstreetmap.org/relation/11832433,Rue de Charenton,https://www.openstreetmap.org/relation/9525,Paris 12e Arrondissement,75112
https://www.openstreetmap.org/node/1351854293,https://www.openstreetmap.org/relation/11832433,Rue de Charenton,https://www.openstreetmap.org/relation/9525,Paris 12e Arrondissement,75112
https://www.openstreetmap.org/node/1351854295,https://www.openstreetmap.org/relation/11832433,Rue de Charenton,https://www.openstreetmap.org/relation/9525,Paris 12e Arrondissement,75112
https://www.openstreetmap.org/node/1351854296,https://www.openstreetmap.org/relation/11832433,Rue de Charenton,https://www.openstreetmap.org/relation/9525,Paris 12e Arrondissement,75112
https://www.openstreetmap.org/node/1351854298,https://www.openstreetmap.org/relation/11832433,Rue de Charenton,https://www.openstreetmap.org/relation/9525,Paris 12e Arrondissement,75112
https://www.openstreetmap.org/node/1351854299,https://www.openstreetmap.org/relation/11832433,Rue de Charenton,https://www.openstreetmap.org/relation/9525,Paris 12e Arrondissement,75112
https://www.openstreetmap.org/node/1351854300,https://www.openstreetmap.org/relation/11832433,Rue de Charenton,https://www.openstreetmap.org/relation/9525,Paris 12e Arrondissement,75112
https://www.openstreetmap.org/node/1351854301,https://www.openstreetmap.org/relation/11832372,Cour du Chêne Vert,https://www.openstreetmap.org/relation/9525,Paris 12e Arrondissement,75112
https://www.openstreetmap.org/node/1351854302,https://www.openstreetmap.org/relation/11832546,Passage du Chantier,https://www.openstreetmap.org/relation/9525,Paris 12e Arrondissement,75112
https://www.openstreetmap.org/node/1351854304,https://www.openstreetmap.org/relation/11832433,Rue de Charenton,https://www.openstreetmap.org/relation/9525,Paris 12e Arrondissement,75112
https://www.openstreetmap.org/node/1351854305,https://www.openstreetmap.org/relation/11832433,Rue de Charenton,https://www.openstreetmap.org/relation/9525,Paris 12e Arrondissement,75112
https://www.openstreetmap.org/node/1351854306,https://www.openstreetmap.org/relation/11832433,Rue de Charenton,https://www.openstreetmap.org/relation/9525,Paris 12e Arrondissement,75112
https://www.openstreetmap.org/node/1351854307,https://www.openstreetmap.org/relation/11832433,Rue de Charenton,https://www.openstreetmap.org/relation/9525,Paris 12e Arrondissement,75112
https://www.openstreetmap.org/node/1351854308,https://www.openstreetmap.org/relation/11832433,Rue de Charenton,https://www.openstreetmap.org/relation/9525,Paris 12e Arrondissement,75112
https://www.openstreetmap.org/node/1351854310,https://www.openstreetmap.org/relation/11832433,Rue de Charenton,https://www.openstreetmap.org/relation/9525,Paris 12e Arrondissement,75112
https://www.openstreetmap.org/node/1351854311,https://www.openstreetmap.org/relation/11832433,Rue de Charenton,https://www.openstreetmap.org/relation/9525,Paris 12e Arrondissement,75112
https://www.openstreetmap.org/node/1351854312,https://www.openstreetmap.org/relation/11832433,Rue de Charenton,https://www.openstreetmap.org/relation/9525,Paris 12e Arrondissement,75112
https://www.openstreetmap.org/node/1351854313,https://www.openstreetmap.org/relation/11832433,Rue de Charenton,https://www.openstreetmap.org/relation/9525,Paris 12e Arrondissement,75112
https://www.openstreetmap.org/node/1351854314,https://www.openstreetmap.org/relation/11832433,Rue de Charenton,https://www.openstreetmap.org/relation/9525,Paris 12e Arrondissement,75112
https://www.openstreetmap.org/node/1351907633,https://www.openstreetmap.org/relation/11832417,Boulevard de la Bastille,https://www.openstreetmap.org/relation/9525,Paris 12e Arrondissement,75112
https://www.openstreetmap.org/node/1351907636,https://www.openstreetmap.org/relation/11832417,Boulevard de la Bastille,https://www.openstreetmap.org/relation/9525,Paris 12e Arrondissement,75112
https://www.openstreetmap.org/node/1351907640,https://www.openstreetmap.org/relation/11832417,Boulevard de la Bastille,https://www.openstreetmap.org/relation/9525,Paris 12e Arrondissement,75112
https://www.openstreetmap.org/node/1351907641,https://www.openstreetmap.org/relation/11832417,Boulevard de la Bastille,https://www.openstreetmap.org/relation/9525,Paris 12e Arrondissement,75112
https://www.openstreetmap.org/node/1351907642,https://www.openstreetmap.org/relation/11832417,Boulevard de la Bastille,https://www.openstreetmap.org/relation/9525,Paris 12e Arrondissement,75112
https://www.openstreetmap.org/node/1351907647,https://www.openstreetmap.org/relation/11832417,Boulevard de la Bastille,https://www.openstreetmap.org/relation/9525,Paris 12e Arrondissement,75112
https://www.openstreetmap.org/node/1351907650,https://www.openstreetmap.org/relation/11832417,Boulevard de la Bastille,https://www.openstreetmap.org/relation/9525,Paris 12e Arrondissement,75112
https://www.openstreetmap.org/node/1351907653,https://www.openstreetmap.org/relation/11832417,Boulevard de la Bastille,https://www.openstreetmap.org/relation/9525,Paris 12e Arrondissement,75112
https://www.openstreetmap.org/node/1351907654,https://www.openstreetmap.org/relation/11832417,Boulevard de la Bastille,https://www.openstreetmap.org/relation/9525,Paris 12e Arrondissement,75112
https://www.openstreetmap.org/node/1351907655,https://www.openstreetmap.org/relation/11832417,Boulevard de la Bastille,https://www.openstreetmap.org/relation/9525,Paris 12e Arrondissement,75112
https://www.openstreetmap.org/node/1351907656,https://www.openstreetmap.org/relation/11832417,Boulevard de la Bastille,https://www.openstreetmap.org/relation/9525,Paris 12e Arrondissement,75112
https://www.openstreetmap.org/node/1351907657,https://www.openstreetmap.org/relation/11832417,Boulevard de la Bastille,https://www.openstreetmap.org/relation/9525,Paris 12e Arrondissement,75112
https://www.openstreetmap.org/node/1351907660,https://www.openstreetmap.org/relation/11832417,Boulevard de la Bastille,https://www.openstreetmap.org/relation/9525,Paris 12e Arrondissement,75112
https://www.openstreetmap.org/node/1351907662,https://www.openstreetmap.org/relation/11832417,Boulevard de la Bastille,https://www.openstreetmap.org/relation/9525,Paris 12e Arrondissement,75112
https://www.openstreetmap.org/node/1351907665,https://www.openstreetmap.org/relation/11832417,Boulevard de la Bastille,https://www.openstreetmap.org/relation/9525,Paris 12e Arrondissement,75112
https://www.openstreetmap.org/node/1351907669,https://www.openstreetmap.org/relation/11832417,Boulevard de la Bastille,https://www.openstreetmap.org/relation/9525,Paris 12e Arrondissement,75112
https://www.openstreetmap.org/node/1351907672,https://www.openstreetmap.org/relation/11832417,Boulevard de la Bastille,https://www.openstreetmap.org/relation/9525,Paris 12e Arrondissement,75112
https://www.openstreetmap.org/node/1351907674,https://www.openstreetmap.org/relation/11832417,Boulevard de la Bastille,https://www.openstreetmap.org/relation/9525,Paris 12e Arrondissement,75112
https://www.openstreetmap.org/node/1351907676,https://www.openstreetmap.org/relation/11832417,Boulevard de la Bastille,https://www.openstreetmap.org/relation/9525,Paris 12e Arrondissement,75112
https://www.openstreetmap.org/node/1351907679,https://www.openstreetmap.org/relation/11832417,Boulevard de la Bastille,https://www.openstreetmap.org/relation/9525,Paris 12e Arrondissement,75112
https://www.openstreetmap.org/node/1351907681,https://www.openstreetmap.org/relation/11832417,Boulevard de la Bastille,https://www.openstreetmap.org/relation/9525,Paris 12e Arrondissement,75112
https://www.openstreetmap.org/node/1351907683,https://www.openstreetmap.org/relation/11832417,Boulevard de la Bastille,https://www.openstreetmap.org/relation/9525,Paris 12e Arrondissement,75112
https://www.openstreetmap.org/node/1351907684,https://www.openstreetmap.org/relation/11832417,Boulevard de la Bastille,https://www.openstreetmap.org/relation/9525,Paris 12e Arrondissement,75112
https://www.openstreetmap.org/node/1351907693,https://www.openstreetmap.org/relation/11832539,Square Georges Lesage,https://www.openstreetmap.org/relation/9525,Paris 12e Arrondissement,75112
https://www.openstreetmap.org/node/1351907694,https://www.openstreetmap.org/relation/11832417,Boulevard de la Bastille,https://www.openstreetmap.org/relation/9525,Paris 12e Arrondissement,75112
https://www.openstreetmap.org/node/1351907695,https://www.openstreetmap.org/relation/11832417,Boulevard de la Bastille,https://www.openstreetmap.org/relation/9525,Paris 12e Arrondissement,75112
https://www.openstreetmap.org/node/1351907696,https://www.openstreetmap.org/relation/11832417,Boulevard de la Bastille,https://www.openstreetmap.org/relation/9525,Paris 12e Arrondissement,75112
https://www.openstreetmap.org/node/1351907697,https://www.openstreetmap.org/relation/11832417,Boulevard de la Bastille,https://www.openstreetmap.org/relation/9525,Paris 12e Arrondissement,75112
https://www.openstreetmap.org/node/1351907700,https://www.openstreetmap.org/relation/11832417,Boulevard de la Bastille,https://www.openstreetmap.org/relation/9525,Paris 12e Arrondissement,75112
https://www.openstreetmap.org/node/1351907704,https://www.openstreetmap.org/relation/11832417,Boulevard de la Bastille,https://www.openstreetmap.org/relation/9525,Paris 12e Arrondissement,75112
https://www.openstreetmap.org/node/1351907707,https://www.openstreetmap.org/relation/11832417,Boulevard de la Bastille,https://www.openstreetmap.org/relation/9525,Paris 12e Arrondissement,75112
https://www.openstreetmap.org/node/1351907708,https://www.openstreetmap.org/relation/11832417,Boulevard de la Bastille,https://www.openstreetmap.org/relation/9525,Paris 12e Arrondissement,75112
https://www.openstreetmap.org/node/1351907709,https://www.openstreetmap.org/relation/11832417,Boulevard de la Bastille,https://www.openstreetmap.org/relation/9525,Paris 12e Arrondissement,75112
https://www.openstreetmap.org/node/1351907718,https://www.openstreetmap.org/relation/11832417,Boulevard de la Bastille,https://www.openstreetmap.org/relation/9525,Paris 12e Arrondissement,75112
https://www.openstreetmap.org/node/1351907719,https://www.openstreetmap.org/relation/11832539,Square Georges Lesage,https://www.openstreetmap.org/relation/9525,Paris 12e Arrondissement,75112
https://www.openstreetmap.org/node/1351907720,https://www.openstreetmap.org/relation/11832417,Boulevard de la Bastille,https://www.openstreetmap.org/relation/9525,Paris 12e Arrondissement,75112
https://www.openstreetmap.org/node/1352821530,https://www.openstreetmap.org/relation/11832552,Rue Biscornet,https://www.openstreetmap.org/relation/9525,Paris 12e Arrondissement,75112
https://www.openstreetmap.org/node/1352821531,https://www.openstreetmap.org/relation/11832552,Rue Biscornet,https://www.openstreetmap.org/relation/9525,Paris 12e Arrondissement,75112
https://www.openstreetmap.org/node/1352821536,https://www.openstreetmap.org/relation/11832552,Rue Biscornet,https://www.openstreetmap.org/relation/9525,Paris 12e Arrondissement,75112
https://www.openstreetmap.org/node/1352821542,https://www.openstreetmap.org/relation/11832552,Rue Biscornet,https://www.openstreetmap.org/relation/9525,Paris 12e Arrondissement,75112
https://www.openstreetmap.org/node/1352821546,https://www.openstreetmap.org/relation/11832552,Rue Biscornet,https://www.openstreetmap.org/relation/9525,Paris 12e Arrondissement,75112
https://www.openstreetmap.org/node/1352821551,https://www.openstreetmap.org/relation/11832552,Rue Biscornet,https://www.openstreetmap.org/relation/9525,Paris 12e Arrondissement,75112
https://www.openstreetmap.org/node/1352821553,https://www.openstreetmap.org/relation/11832552,Rue Biscornet,https://www.openstreetmap.org/relation/9525,Paris 12e Arrondissement,75112
https://www.openstreetmap.org/node/1352821558,https://www.openstreetmap.org/relation/11832552,Rue Biscornet,https://www.openstreetmap.org/relation/9525,Paris 12e Arrondissement,75112
https://www.openstreetmap.org/node/1352821559,https://www.openstreetmap.org/relation/11832552,Rue Biscornet,https://www.openstreetmap.org/relation/9525,Paris 12e Arrondissement,75112
https://www.openstreetmap.org/node/1352821560,https://www.openstreetmap.org/relation/11832552,Rue Biscornet,https://www.openstreetmap.org/relation/9525,Paris 12e Arrondissement,75112
https://www.openstreetmap.org/node/1352821561,https://www.openstreetmap.org/relation/11832552,Rue Biscornet,https://www.openstreetmap.org/relation/9525,Paris 12e Arrondissement,75112
https://www.openstreetmap.org/node/1352821562,https://www.openstreetmap.org/relation/11832552,Rue Biscornet,https://www.openstreetmap.org/relation/9525,Paris 12e Arrondissement,75112
https://www.openstreetmap.org/node/1352821563,https://www.openstreetmap.org/relation/11832552,Rue Biscornet,https://www.openstreetmap.org/relation/9525,Paris 12e Arrondissement,75112
https://www.openstreetmap.org/node/1352821564,https://www.openstreetmap.org/relation/11832552,Rue Biscornet,https://www.openstreetmap.org/relation/9525,Paris 12e Arrondissement,75112
https://www.openstreetmap.org/node/1352821565,https://www.openstreetmap.org/relation/11832572,Rue de Lyon,https://www.openstreetmap.org/relation/9525,Paris 12e Arrondissement,75112
https://www.openstreetmap.org/node/1352821566,https://www.openstreetmap.org/relation/11832552,Rue Biscornet,https://www.openstreetmap.org/relation/9525,Paris 12e Arrondissement,75112
https://www.openstreetmap.org/node/1352821567,https://www.openstreetmap.org/relation/11832552,Rue Biscornet,https://www.openstreetmap.org/relation/9525,Paris 12e Arrondissement,75112
https://www.openstreetmap.org/node/1352821568,https://www.openstreetmap.org/relation/11832572,Rue de Lyon,https://www.openstreetmap.org/relation/9525,Paris 12e Arrondissement,75112
https://www.openstreetmap.org/node/1352821569,https://www.openstreetmap.org/relation/11832552,Rue Biscornet,https://www.openstreetmap.org/relation/9525,Paris 12e Arrondissement,75112
https://www.openstreetmap.org/node/1352821570,https://www.openstreetmap.org/relation/11832572,Rue de Lyon,https://www.openstreetmap.org/relation/9525,Paris 12e Arrondissement,75112
https://www.openstreetmap.org/node/1352821571,https://www.openstreetmap.org/relation/11832552,Rue Biscornet,https://www.openstreetmap.org/relation/9525,Paris 12e Arrondissement,75112
https://www.openstreetmap.org/node/1352821572,https://www.openstreetmap.org/relation/11832572,Rue de Lyon,https://www.openstreetmap.org/relation/9525,Paris 12e Arrondissement,75112
https://www.openstreetmap.org/node/1352821573,https://www.openstreetmap.org/relation/11832552,Rue Biscornet,https://www.openstreetmap.org/relation/9525,Paris 12e Arrondissement,75112
https://www.openstreetmap.org/node/1352821574,https://www.openstreetmap.org/relation/11832572,Rue de Lyon,https://www.openstreetmap.org/relation/9525,Paris 12e Arrondissement,75112
https://www.openstreetmap.org/node/1352821575,https://www.openstreetmap.org/relation/11832572,Rue de Lyon,https://www.openstreetmap.org/relation/9525,Paris 12e Arrondissement,75112
https://www.openstreetmap.org/node/1352821576,https://www.openstreetmap.org/relation/11832572,Rue de Lyon,https://www.openstreetmap.org/relation/9525,Paris 12e Arrondissement,75112
https://www.openstreetmap.org/node/1352821577,https://www.openstreetmap.org/relation/11832572,Rue de Lyon,https://www.openstreetmap.org/relation/9525,Paris 12e Arrondissement,75112
https://www.openstreetmap.org/node/1352821578,https://www.openstreetmap.org/relation/11832572,Rue de Lyon,https://www.openstreetmap.org/relation/9525,Paris 12e Arrondissement,75112
https://www.openstreetmap.org/node/1352821579,https://www.openstreetmap.org/relation/11832572,Rue de Lyon,https://www.openstreetmap.org/relation/9525,Paris 12e Arrondissement,75112
https://www.openstreetmap.org/node/1352821580,https://www.openstreetmap.org/relation/11832552,Rue Biscornet,https://www.openstreetmap.org/relation/9525,Paris 12e Arrondissement,75112
https://www.openstreetmap.org/node/1352821581,https://www.openstreetmap.org/relation/11832572,Rue de Lyon,https://www.openstreetmap.org/relation/9525,Paris 12e Arrondissement,75112
https://www.openstreetmap.org/node/1352821583,https://www.openstreetmap.org/relation/11832572,Rue de Lyon,https://www.openstreetmap.org/relation/9525,Paris 12e Arrondissement,75112
https://www.openstreetmap.org/node/1352821585,https://www.openstreetmap.org/relation/11832572,Rue de Lyon,https://www.openstreetmap.org/relation/9525,Paris 12e Arrondissement,75112
https://www.openstreetmap.org/node/1352821593,https://www.openstreetmap.org/relation/11832572,Rue de Lyon,https://www.openstreetmap.org/relation/9525,Paris 12e Arrondissement,75112
https://www.openstreetmap.org/node/1352821598,https://www.openstreetmap.org/relation/11832572,Rue de Lyon,https://www.openstreetmap.org/relation/9525,Paris 12e Arrondissement,75112
https://www.openstreetmap.org/node/1352821601,https://www.openstreetmap.org/relation/11832552,Rue Biscornet,https://www.openstreetmap.org/relation/9525,Paris 12e Arrondissement,75112
https://www.openstreetmap.org/node/1352821606,https://www.openstreetmap.org/relation/11832572,Rue de Lyon,https://www.openstreetmap.org/relation/9525,Paris 12e Arrondissement,75112
https://www.openstreetmap.org/node/1352821613,https://www.openstreetmap.org/relation/11832572,Rue de Lyon,https://www.openstreetmap.org/relation/9525,Paris 12e Arrondissement,75112
https://www.openstreetmap.org/node/1352821615,https://www.openstreetmap.org/relation/11832572,Rue de Lyon,https://www.openstreetmap.org/relation/9525,Paris 12e Arrondissement,75112
https://www.openstreetmap.org/node/1352821624,https://www.openstreetmap.org/relation/11832572,Rue de Lyon,https://www.openstreetmap.org/relation/9525,Paris 12e Arrondissement,75112
https://www.openstreetmap.org/node/1352821633,https://www.openstreetmap.org/relation/11832572,Rue de Lyon,https://www.openstreetmap.org/relation/9525,Paris 12e Arrondissement,75112
https://www.openstreetmap.org/node/1352821637,https://www.openstreetmap.org/relation/11832552,Rue Biscornet,https://www.openstreetmap.org/relation/9525,Paris 12e Arrondissement,75112
https://www.openstreetmap.org/node/1352821643,https://www.openstreetmap.org/relation/11832572,Rue de Lyon,https://www.openstreetmap.org/relation/9525,Paris 12e Arrondissement,75112
https://www.openstreetmap.org/node/1352821647,https://www.openstreetmap.org/relation/11832572,Rue de Lyon,https://www.openstreetmap.org/relation/9525,Paris 12e Arrondissement,75112
https://www.openstreetmap.org/node/1352821652,https://www.openstreetmap.org/relation/11832572,Rue de Lyon,https://www.openstreetmap.org/relation/9525,Paris 12e Arrondissement,75112
https://www.openstreetmap.org/node/1352821658,https://www.openstreetmap.org/relation/11832572,Rue de Lyon,https://www.openstreetmap.org/relation/9525,Paris 12e Arrondissement,75112
https://www.openstreetmap.org/node/1352821668,https://www.openstreetmap.org/relation/11832572,Rue de Lyon,https://www.openstreetmap.org/relation/9525,Paris 12e Arrondissement,75112
https://www.openstreetmap.org/node/1352821671,https://www.openstreetmap.org/relation/11832552,Rue Biscornet,https://www.openstreetmap.org/relation/9525,Paris 12e Arrondissement,75112
https://www.openstreetmap.org/node/1352821673,https://www.openstreetmap.org/relation/11832572,Rue de Lyon,https://www.openstreetmap.org/relation/9525,Paris 12e Arrondissement,75112
https://www.openstreetmap.org/node/1352821686,https://www.openstreetmap.org/relation/11832572,Rue de Lyon,https://www.openstreetmap.org/relation/9525,Paris 12e Arrondissement,75112
https://www.openstreetmap.org/node/1352821694,https://www.openstreetmap.org/relation/11832552,Rue Biscornet,https://www.openstreetmap.org/relation/9525,Paris 12e Arrondissement,75112
https://www.openstreetmap.org/node/1352821714,https://www.openstreetmap.org/relation/11832552,Rue Biscornet,https://www.openstreetmap.org/relation/9525,Paris 12e Arrondissement,75112
https://www.openstreetmap.org/node/1352831743,https://www.openstreetmap.org/relation/11832436,Rue Jules César,https://www.openstreetmap.org/relation/9525,Paris 12e Arrondissement,75112
https://www.openstreetmap.org/node/1352831744,https://www.openstreetmap.org/relation/11832358,Rue Lacuée,https://www.openstreetmap.org/relation/9525,Paris 12e Arrondissement,75112
https://www.openstreetmap.org/node/1352831745,https://www.openstreetmap.org/relation/11832523,Rue Moreau,https://www.openstreetmap.org/relation/9525,Paris 12e Arrondissement,75112
https://www.openstreetmap.org/node/1352831747,https://www.openstreetmap.org/relation/11832294,Rue Saint-Nicolas,https://www.openstreetmap.org/relation/9525,Paris 12e Arrondissement,75112
https://www.openstreetmap.org/node/1352831755,https://www.openstreetmap.org/relation/11832436,Rue Jules César,https://www.openstreetmap.org/relation/9525,Paris 12e Arrondissement,75112
https://www.openstreetmap.org/node/1352831756,https://www.openstreetmap.org/relation/11832358,Rue Lacuée,https://www.openstreetmap.org/relation/9525,Paris 12e Arrondissement,75112
https://www.openstreetmap.org/node/1352831758,https://www.openstreetmap.org/relation/11832523,Rue Moreau,https://www.openstreetmap.org/relation/9525,Paris 12e Arrondissement,75112
https://www.openstreetmap.org/node/1352831765,https://www.openstreetmap.org/relation/11832294,Rue Saint-Nicolas,https://www.openstreetmap.org/relation/9525,Paris 12e Arrondissement,75112
https://www.openstreetmap.org/node/1352831768,https://www.openstreetmap.org/relation/11832358,Rue Lacuée,https://www.openstreetmap.org/relation/9525,Paris 12e Arrondissement,75112
https://www.openstreetmap.org/node/1352831771,https://www.openstreetmap.org/relation/11832523,Rue Moreau,https://www.openstreetmap.org/relation/9525,Paris 12e Arrondissement,75112
https://www.openstreetmap.org/node/1352831777,https://www.openstreetmap.org/relation/11832294,Rue Saint-Nicolas,https://www.openstreetmap.org/relation/9525,Paris 12e Arrondissement,75112
https://www.openstreetmap.org/node/1352831778,https://www.openstreetmap.org/relation/11832436,Rue Jules César,https://www.openstreetmap.org/relation/9525,Paris 12e Arrondissement,75112
https://www.openstreetmap.org/node/1352831779,https://www.openstreetmap.org/relation/11832436,Rue Jules César,https://www.openstreetmap.org/relation/9525,Paris 12e Arrondissement,75112
https://www.openstreetmap.org/node/1352831782,https://www.openstreetmap.org/relation/11832358,Rue Lacuée,https://www.openstreetmap.org/relation/9525,Paris 12e Arrondissement,75112
https://www.openstreetmap.org/node/1352831788,https://www.openstreetmap.org/relation/11832523,Rue Moreau,https://www.openstreetmap.org/relation/9525,Paris 12e Arrondissement,75112
https://www.openstreetmap.org/node/1352831789,https://www.openstreetmap.org/relation/11832294,Rue Saint-Nicolas,https://www.openstreetmap.org/relation/9525,Paris 12e Arrondissement,75112
https://www.openstreetmap.org/node/1352831790,https://www.openstreetmap.org/relation/11832436,Rue Jules César,https://www.openstreetmap.org/relation/9525,Paris 12e Arrondissement,75112
https://www.openstreetmap.org/node/1352831793,https://www.openstreetmap.org/relation/11832358,Rue Lacuée,https://www.openstreetmap.org/relation/9525,Paris 12e Arrondissement,75112
https://www.openstreetmap.org/node/1352831799,https://www.openstreetmap.org/relation/11832523,Rue Moreau,https://www.openstreetmap.org/relation/9525,Paris 12e Arrondissement,75112
https://www.openstreetmap.org/node/1352831800,https://www.openstreetmap.org/relation/11832294,Rue Saint-Nicolas,https://www.openstreetmap.org/relation/9525,Paris 12e Arrondissement,75112
https://www.openstreetmap.org/node/1352831801,https://www.openstreetmap.org/relation/11832436,Rue Jules César,https://www.openstreetmap.org/relation/9525,Paris 12e Arrondissement,75112
https://www.openstreetmap.org/node/1352831802,https://www.openstreetmap.org/relation/11832358,Rue Lacuée,https://www.openstreetmap.org/relation/9525,Paris 12e Arrondissement,75112
https://www.openstreetmap.org/node/1352831803,https://www.openstreetmap.org/relation/11832523,Rue Moreau,https://www.openstreetmap.org/relation/9525,Paris 12e Arrondissement,75112
https://www.openstreetmap.org/node/1352831804,https://www.openstreetmap.org/relation/11832294,Rue Saint-Nicolas,https://www.openstreetmap.org/relation/9525,Paris 12e Arrondissement,75112
https://www.openstreetmap.org/node/1352831805,https://www.openstreetmap.org/relation/11832436,Rue Jules César,https://www.openstreetmap.org/relation/9525,Paris 12e Arrondissement,75112
https://www.openstreetmap.org/node/1352831806,https://www.openstreetmap.org/relation/11832358,Rue Lacuée,https://www.openstreetmap.org/relation/9525,Paris 12e Arrondissement,75112
https://www.openstreetmap.org/node/1352831807,https://www.openstreetmap.org/relation/11832523,Rue Moreau,https://www.openstreetmap.org/relation/9525,Paris 12e Arrondissement,75112
https://www.openstreetmap.org/node/1352831808,https://www.openstreetmap.org/relation/11832294,Rue Saint-Nicolas,https://www.openstreetmap.org/relation/9525,Paris 12e Arrondissement,75112
https://www.openstreetmap.org/node/1352831809,https://www.openstreetmap.org/relation/11832436,Rue Jules César,https://www.openstreetmap.org/relation/9525,Paris 12e Arrondissement,75112
https://www.openstreetmap.org/node/1352831810,https://www.openstreetmap.org/relation/11832358,Rue Lacuée,https://www.openstreetmap.org/relation/9525,Paris 12e Arrondissement,75112
https://www.openstreetmap.org/node/1352831811,https://www.openstreetmap.org/relation/11832523,Rue Moreau,https://www.openstreetmap.org/relation/9525,Paris 12e Arrondissement,75112
https://www.openstreetmap.org/node/1352831812,https://www.openstreetmap.org/relation/11832294,Rue Saint-Nicolas,https://www.openstreetmap.org/relation/9525,Paris 12e Arrondissement,75112
https://www.openstreetmap.org/node/1352831814,https://www.openstreetmap.org/relation/11832358,Rue Lacuée,https://www.openstreetmap.org/relation/9525,Paris 12e Arrondissement,75112
https://www.openstreetmap.org/node/1352831815,https://www.openstreetmap.org/relation/11832523,Rue Moreau,https://www.openstreetmap.org/relation/9525,Paris 12e Arrondissement,75112
https://www.openstreetmap.org/node/1352831816,https://www.openstreetmap.org/relation/11832294,Rue Saint-Nicolas,https://www.openstreetmap.org/relation/9525,Paris 12e Arrondissement,75112
https://www.openstreetmap.org/node/1352831817,https://www.openstreetmap.org/relation/11832436,Rue Jules César,https://www.openstreetmap.org/relation/9525,Paris 12e Arrondissement,75112
https://www.openstreetmap.org/node/1352831818,https://www.openstreetmap.org/relation/11832358,Rue Lacuée,https://www.openstreetmap.org/relation/9525,Paris 12e Arrondissement,75112
https://www.openstreetmap.org/node/1352831819,https://www.openstreetmap.org/relation/11832294,Rue Saint-Nicolas,https://www.openstreetmap.org/relation/9525,Paris 12e Arrondissement,75112
https://www.openstreetmap.org/node/1352831820,https://www.openstreetmap.org/relation/11832436,Rue Jules César,https://www.openstreetmap.org/relation/9525,Paris 12e Arrondissement,75112
https://www.openstreetmap.org/node/1352831821,https://www.openstreetmap.org/relation/11832523,Rue Moreau,https://www.openstreetmap.org/relation/9525,Paris 12e Arrondissement,75112
https://www.openstreetmap.org/node/1352831822,https://www.openstreetmap.org/relation/11832294,Rue Saint-Nicolas,https://www.openstreetmap.org/relation/9525,Paris 12e Arrondissement,75112
https://www.openstreetmap.org/node/1352831823,https://www.openstreetmap.org/relation/11832436,Rue Jules César,https://www.openstreetmap.org/relation/9525,Paris 12e Arrondissement,75112
https://www.openstreetmap.org/node/1352831824,https://www.openstreetmap.org/relation/11832358,Rue Lacuée,https://www.openstreetmap.org/relation/9525,Paris 12e Arrondissement,75112
https://www.openstreetmap.org/node/1352831825,https://www.openstreetmap.org/relation/11832523,Rue Moreau,https://www.openstreetmap.org/relation/9525,Paris 12e Arrondissement,75112
https://www.openstreetmap.org/node/1352831826,https://www.openstreetmap.org/relation/11832294,Rue Saint-Nicolas,https://www.openstreetmap.org/relation/9525,Paris 12e Arrondissement,75112
https://www.openstreetmap.org/node/1352831827,https://www.openstreetmap.org/relation/11832436,Rue Jules César,https://www.openstreetmap.org/relation/9525,Paris 12e Arrondissement,75112
https://www.openstreetmap.org/node/1352831828,https://www.openstreetmap.org/relation/11832358,Rue Lacuée,https://www.openstreetmap.org/relation/9525,Paris 12e Arrondissement,75112
https://www.openstreetmap.org/node/1352831829,https://www.openstreetmap.org/relation/11832523,Rue Moreau,https://www.openstreetmap.org/relation/9525,Paris 12e Arrondissement,75112
https://www.openstreetmap.org/node/1352831830,https://www.openstreetmap.org/relation/11832294,Rue Saint-Nicolas,https://www.openstreetmap.org/relation/9525,Paris 12e Arrondissement,75112
https://www.openstreetmap.org/node/1352831831,https://www.openstreetmap.org/relation/11832523,Rue Moreau,https://www.openstreetmap.org/relation/9525,Paris 12e Arrondissement,75112
https://www.openstreetmap.org/node/1352831832,https://www.openstreetmap.org/relation/11832294,Rue Saint-Nicolas,https://www.openstreetmap.org/relation/9525,Paris 12e Arrondissement,75112
https://www.openstreetmap.org/node/1352831833,https://www.openstreetmap.org/relation/11832436,Rue Jules César,https://www.openstreetmap.org/relation/9525,Paris 12e Arrondissement,75112
https://www.openstreetmap.org/node/1352831834,https://www.openstreetmap.org/relation/11832523,Rue Moreau,https://www.openstreetmap.org/relation/9525,Paris 12e Arrondissement,75112
https://www.openstreetmap.org/node/1352831835,https://www.openstreetmap.org/relation/11832294,Rue Saint-Nicolas,https://www.openstreetmap.org/relation/9525,Paris 12e Arrondissement,75112
https://www.openstreetmap.org/node/1352831836,https://www.openstreetmap.org/relation/11832523,Rue Moreau,https://www.openstreetmap.org/relation/9525,Paris 12e Arrondissement,75112
https://www.openstreetmap.org/node/1352831837,https://www.openstreetmap.org/relation/11832436,Rue Jules César,https://www.openstreetmap.org/relation/9525,Paris 12e Arrondissement,75112
https://www.openstreetmap.org/node/1352831838,https://www.openstreetmap.org/relation/11832523,Rue Moreau,https://www.openstreetmap.org/relation/9525,Paris 12e Arrondissement,75112
https://www.openstreetmap.org/node/1352831839,https://www.openstreetmap.org/relation/11832294,Rue Saint-Nicolas,https://www.openstreetmap.org/relation/9525,Paris 12e Arrondissement,75112
https://www.openstreetmap.org/node/1352831840,https://www.openstreetmap.org/relation/11832436,Rue Jules César,https://www.openstreetmap.org/relation/9525,Paris 12e Arrondissement,75112
https://www.openstreetmap.org/node/1352831841,https://www.openstreetmap.org/relation/11832358,Rue Lacuée,https://www.openstreetmap.org/relation/9525,Paris 12e Arrondissement,75112
https://www.openstreetmap.org/node/1352831842,https://www.openstreetmap.org/relation/11832523,Rue Moreau,https://www.openstreetmap.org/relation/9525,Paris 12e Arrondissement,75112
https://www.openstreetmap.org/node/1352831843,https://www.openstreetmap.org/relation/11832294,Rue Saint-Nicolas,https://www.openstreetmap.org/relation/9525,Paris 12e Arrondissement,75112
https://www.openstreetmap.org/node/1352831844,https://www.openstreetmap.org/relation/11832436,Rue Jules César,https://www.openstreetmap.org/relation/9525,Paris 12e Arrondissement,75112
https://www.openstreetmap.org/node/1352831845,https://www.openstreetmap.org/relation/11832358,Rue Lacuée,https://www.openstreetmap.org/relation/9525,Paris 12e Arrondissement,75112
https://www.openstreetmap.org/node/1352831846,https://www.openstreetmap.org/relation/11832523,Rue Moreau,https://www.openstreetmap.org/relation/9525,Paris 12e Arrondissement,75112
https://www.openstreetmap.org/node/1352831847,https://www.openstreetmap.org/relation/11832294,Rue Saint-Nicolas,https://www.openstreetmap.org/relation/9525,Paris 12e Arrondissement,75112
https://www.openstreetmap.org/node/1352831848,https://www.openstreetmap.org/relation/11832436,Rue Jules César,https://www.openstreetmap.org/relation/9525,Paris 12e Arrondissement,75112
https://www.openstreetmap.org/node/1352831849,https://www.openstreetmap.org/relation/11832358,Rue Lacuée,https://www.openstreetmap.org/relation/9525,Paris 12e Arrondissement,75112
https://www.openstreetmap.org/node/1352831850,https://www.openstreetmap.org/relation/11832523,Rue Moreau,https://www.openstreetmap.org/relation/9525,Paris 12e Arrondissement,75112
https://www.openstreetmap.org/node/1352831851,https://www.openstreetmap.org/relation/11832294,Rue Saint-Nicolas,https://www.openstreetmap.org/relation/9525,Paris 12e Arrondissement,75112
https://www.openstreetmap.org/node/1352831852,https://www.openstreetmap.org/relation/11832436,Rue Jules César,https://www.openstreetmap.org/relation/9525,Paris 12e Arrondissement,75112
https://www.openstreetmap.org/node/1352831853,https://www.openstreetmap.org/relation/11832358,Rue Lacuée,https://www.openstreetmap.org/relation/9525,Paris 12e Arrondissement,75112
https://www.openstreetmap.org/node/1352831854,https://www.openstreetmap.org/relation/11832523,Rue Moreau,https://www.openstreetmap.org/relation/9525,Paris 12e Arrondissement,75112
https://www.openstreetmap.org/node/1352831855,https://www.openstreetmap.org/relation/11832294,Rue Saint-Nicolas,https://www.openstreetmap.org/relation/9525,Paris 12e Arrondissement,75112
https://www.openstreetmap.org/node/1352831856,https://www.openstreetmap.org/relation/11832436,Rue Jules César,https://www.openstreetmap.org/relation/9525,Paris 12e Arrondissement,75112
https://www.openstreetmap.org/node/1352831857,https://www.openstreetmap.org/relation/11832358,Rue Lacuée,https://www.openstreetmap.org/relation/9525,Paris 12e Arrondissement,75112
https://www.openstreetmap.org/node/1352831858,https://www.openstreetmap.org/relation/11832523,Rue Moreau,https://www.openstreetmap.org/relation/9525,Paris 12e Arrondissement,75112
https://www.openstreetmap.org/node/1352831859,https://www.openstreetmap.org/relation/11832436,Rue Jules César,https://www.openstreetmap.org/relation/9525,Paris 12e Arrondissement,75112
https://www.openstreetmap.org/node/1352831860,https://www.openstreetmap.org/relation/11832358,Rue Lacuée,https://www.openstreetmap.org/relation/9525,Paris 12e Arrondissement,75112
https://www.openstreetmap.org/node/1352831861,https://www.openstreetmap.org/relation/11832523,Rue Moreau,https://www.openstreetmap.org/relation/9525,Paris 12e Arrondissement,75112
https://www.openstreetmap.org/node/1352831862,https://www.openstreetmap.org/relation/11832294,Rue Saint-Nicolas,https://www.openstreetmap.org/relation/9525,Paris 12e Arrondissement,75112
https://www.openstreetmap.org/node/1352831863,https://www.openstreetmap.org/relation/11832436,Rue Jules César,https://www.openstreetmap.org/relation/9525,Paris 12e Arrondissement,75112
https://www.openstreetmap.org/node/1352831864,https://www.openstreetmap.org/relation/11832358,Rue Lacuée,https://www.openstreetmap.org/relation/9525,Paris 12e Arrondissement,75112
https://www.openstreetmap.org/node/1352831865,https://www.openstreetmap.org/relation/11832523,Rue Moreau,https://www.openstreetmap.org/relation/9525,Paris 12e Arrondissement,75112
https://www.openstreetmap.org/node/1352831866,https://www.openstreetmap.org/relation/11832294,Rue Saint-Nicolas,https://www.openstreetmap.org/relation/9525,Paris 12e Arrondissement,75112
https://www.openstreetmap.org/node/1352831867,https://www.openstreetmap.org/relation/11832436,Rue Jules César,https://www.openstreetmap.org/relation/9525,Paris 12e Arrondissement,75112
https://www.openstreetmap.org/node/1352831868,https://www.openstreetmap.org/relation/11832358,Rue Lacuée,https://www.openstreetmap.org/relation/9525,Paris 12e Arrondissement,75112
https://www.openstreetmap.org/node/1352887549,https://www.openstreetmap.org/relation/11832430,Rue Antoine Vollon,https://www.openstreetmap.org/relation/9525,Paris 12e Arrondissement,75112
https://www.openstreetmap.org/node/1352887550,https://www.openstreetmap.org/relation/11832602,Rue Charles Baudelaire,https://www.openstreetmap.org/relation/9525,Paris 12e Arrondissement,75112
https://www.openstreetmap.org/node/1352887552,https://www.openstreetmap.org/relation/11832602,Rue Charles Baudelaire,https://www.openstreetmap.org/relation/9525,Paris 12e Arrondissement,75112
https://www.openstreetmap.org/node/1352887553,https://www.openstreetmap.org/relation/6949986,Avenue Ledru-Rollin,https://www.openstreetmap.org/relation/9525,Paris 12e Arrondissement,75112
https://www.openstreetmap.org/node/1352887554,https://www.openstreetmap.org/relation/11832430,Rue Antoine Vollon,https://www.openstreetmap.org/relation/9525,Paris 12e Arrondissement,75112
https://www.openstreetmap.org/node/1352887555,https://www.openstreetmap.org/relation/6949986,Avenue Ledru-Rollin,https://www.openstreetmap.org/relation/9525,Paris 12e Arrondissement,75112
https://www.openstreetmap.org/node/1352887556,https://www.openstreetmap.org/relation/11832602,Rue Charles Baudelaire,https://www.openstreetmap.org/relation/9525,Paris 12e Arrondissement,75112
https://www.openstreetmap.org/node/1352887557,https://www.openstreetmap.org/relation/11832430,Rue Antoine Vollon,https://www.openstreetmap.org/relation/9525,Paris 12e Arrondissement,75112
https://www.openstreetmap.org/node/1352887558,https://www.openstreetmap.org/relation/11832534,Avenue Daumesnil,https://www.openstreetmap.org/relation/9525,Paris 12e Arrondissement,75112
https://www.openstreetmap.org/node/1352887559,https://www.openstreetmap.org/relation/6949986,Avenue Ledru-Rollin,https://www.openstreetmap.org/relation/9525,Paris 12e Arrondissement,75112
https://www.openstreetmap.org/node/1352887560,https://www.openstreetmap.org/relation/11832602,Rue Charles Baudelaire,https://www.openstreetmap.org/relation/9525,Paris 12e Arrondissement,75112
https://www.openstreetmap.org/node/1352887561,https://www.openstreetmap.org/relation/6949986,Avenue Ledru-Rollin,https://www.openstreetmap.org/relation/9525,Paris 12e Arrondissement,75112
https://www.openstreetmap.org/node/1352887562,https://www.openstreetmap.org/relation/11832534,Avenue Daumesnil,https://www.openstreetmap.org/relation/9525,Paris 12e Arrondissement,75112
https://www.openstreetmap.org/node/1352887563,https://www.openstreetmap.org/relation/6949986,Avenue Ledru-Rollin,https://www.openstreetmap.org/relation/9525,Paris 12e Arrondissement,75112
https://www.openstreetmap.org/node/1352887564,https://www.openstreetmap.org/relation/11832602,Rue Charles Baudelaire,https://www.openstreetmap.org/relation/9525,Paris 12e Arrondissement,75112
https://www.openstreetmap.org/node/1352887565,https://www.openstreetmap.org/relation/6949986,Avenue Ledru-Rollin,https://www.openstreetmap.org/relation/9525,Paris 12e Arrondissement,75112
https://www.openstreetmap.org/node/1352887566,https://www.openstreetmap.org/relation/6949986,Avenue Ledru-Rollin,https://www.openstreetmap.org/relation/9525,Paris 12e Arrondissement,75112
https://www.openstreetmap.org/node/1352887567,https://www.openstreetmap.org/relation/11832602,Rue Charles Baudelaire,https://www.openstreetmap.org/relation/9525,Paris 12e Arrondissement,75112
https://www.openstreetmap.org/node/1352887569,https://www.openstreetmap.org/relation/11832602,Rue Charles Baudelaire,https://www.openstreetmap.org/relation/9525,Paris 12e Arrondissement,75112
https://www.openstreetmap.org/node/1352887570,https://www.openstreetmap.org/relation/11832602,Rue Charles Baudelaire,https://www.openstreetmap.org/relation/9525,Paris 12e Arrondissement,75112
https://www.openstreetmap.org/node/1352887572,https://www.openstreetmap.org/relation/11832602,Rue Charles Baudelaire,https://www.openstreetmap.org/relation/9525,Paris 12e Arrondissement,75112
https://www.openstreetmap.org/node/1352887573,https://www.openstreetmap.org/relation/6949986,Avenue Ledru-Rollin,https://www.openstreetmap.org/relation/9525,Paris 12e Arrondissement,75112
https://www.openstreetmap.org/node/1352887574,https://www.openstreetmap.org/relation/11832602,Rue Charles Baudelaire,https://www.openstreetmap.org/relation/9525,Paris 12e Arrondissement,75112
https://www.openstreetmap.org/node/1352887576,https://www.openstreetmap.org/relation/6949986,Avenue Ledru-Rollin,https://www.openstreetmap.org/relation/9525,Paris 12e Arrondissement,75112
https://www.openstreetmap.org/node/1352887577,https://www.openstreetmap.org/relation/11832602,Rue Charles Baudelaire,https://www.openstreetmap.org/relation/9525,Paris 12e Arrondissement,75112
https://www.openstreetmap.org/node/1352887578,https://www.openstreetmap.org/relation/6949986,Avenue Ledru-Rollin,https://www.openstreetmap.org/relation/9525,Paris 12e Arrondissement,75112
https://www.openstreetmap.org/node/1352887579,https://www.openstreetmap.org/relation/11832602,Rue Charles Baudelaire,https://www.openstreetmap.org/relation/9525,Paris 12e Arrondissement,75112
https://www.openstreetmap.org/node/1352887580,https://www.openstreetmap.org/relation/6949986,Avenue Ledru-Rollin,https://www.openstreetmap.org/relation/9525,Paris 12e Arrondissement,75112
https://www.openstreetmap.org/node/1352887581,https://www.openstreetmap.org/relation/6949986,Avenue Ledru-Rollin,https://www.openstreetmap.org/relation/9525,Paris 12e Arrondissement,75112
https://www.openstreetmap.org/node/1352887582,https://www.openstreetmap.org/relation/11832602,Rue Charles Baudelaire,https://www.openstreetmap.org/relation/9525,Paris 12e Arrondissement,75112
https://www.openstreetmap.org/node/1352887583,https://www.openstreetmap.org/relation/11832602,Rue Charles Baudelaire,https://www.openstreetmap.org/relation/9525,Paris 12e Arrondissement,75112
https://www.openstreetmap.org/node/1352887584,https://www.openstreetmap.org/relation/6949986,Avenue Ledru-Rollin,https://www.openstreetmap.org/relation/9525,Paris 12e Arrondissement,75112
https://www.openstreetmap.org/node/1352887585,https://www.openstreetmap.org/relation/6949986,Avenue Ledru-Rollin,https://www.openstreetmap.org/relation/9525,Paris 12e Arrondissement,75112
https://www.openstreetmap.org/node/1352887586,https://www.openstreetmap.org/relation/11832602,Rue Charles Baudelaire,https://www.openstreetmap.org/relation/9525,Paris 12e Arrondissement,75112
https://www.openstreetmap.org/node/1352887587,https://www.openstreetmap.org/relation/6949986,Avenue Ledru-Rollin,https://www.openstreetmap.org/relation/9525,Paris 12e Arrondissement,75112
https://www.openstreetmap.org/node/1352887588,https://www.openstreetmap.org/relation/6949986,Avenue Ledru-Rollin,https://www.openstreetmap.org/relation/9525,Paris 12e Arrondissement,75112
https://www.openstreetmap.org/node/1352887589,https://www.openstreetmap.org/relation/11832430,Rue Antoine Vollon,https://www.openstreetmap.org/relation/9525,Paris 12e Arrondissement,75112
https://www.openstreetmap.org/node/1352887590,https://www.openstreetmap.org/relation/11832602,Rue Charles Baudelaire,https://www.openstreetmap.org/relation/9525,Paris 12e Arrondissement,75112
https://www.openstreetmap.org/node/1352887591,https://www.openstreetmap.org/relation/6949986,Avenue Ledru-Rollin,https://www.openstreetmap.org/relation/9525,Paris 12e Arrondissement,75112
https://www.openstreetmap.org/node/1352887592,https://www.openstreetmap.org/relation/11832602,Rue Charles Baudelaire,https://www.openstreetmap.org/relation/9525,Paris 12e Arrondissement,75112
https://www.openstreetmap.org/node/1352887593,https://www.openstreetmap.org/relation/6949986,Avenue Ledru-Rollin,https://www.openstreetmap.org/relation/9525,Paris 12e Arrondissement,75112
https://www.openstreetmap.org/node/1352887594,https://www.openstreetmap.org/relation/6949986,Avenue Ledru-Rollin,https://www.openstreetmap.org/relation/9525,Paris 12e Arrondissement,75112
https://www.openstreetmap.org/node/1352887595,https://www.openstreetmap.org/relation/11832602,Rue Charles Baudelaire,https://www.openstreetmap.org/relation/9525,Paris 12e Arrondissement,75112
https://www.openstreetmap.org/node/1352887596,https://www.openstreetmap.org/relation/6949986,Avenue Ledru-Rollin,https://www.openstreetmap.org/relation/9525,Paris 12e Arrondissement,75112
https://www.openstreetmap.org/node/1352887597,https://www.openstreetmap.org/relation/6949986,Avenue Ledru-Rollin,https://www.openstreetmap.org/relation/9525,Paris 12e Arrondissement,75112
https://www.openstreetmap.org/node/1352887598,https://www.openstreetmap.org/relation/11832602,Rue Charles Baudelaire,https://www.openstreetmap.org/relation/9525,Paris 12e Arrondissement,75112
https://www.openstreetmap.org/node/1352887599,https://www.openstreetmap.org/relation/6949986,Avenue Ledru-Rollin,https://www.openstreetmap.org/relation/9525,Paris 12e Arrondissement,75112
https://www.openstreetmap.org/node/1352887601,https://www.openstreetmap.org/relation/6949986,Avenue Ledru-Rollin,https://www.openstreetmap.org/relation/9525,Paris 12e Arrondissement,75112
https://www.openstreetmap.org/node/1352887603,https://www.openstreetmap.org/relation/6949986,Avenue Ledru-Rollin,https://www.openstreetmap.org/relation/9525,Paris 12e Arrondissement,75112
https://www.openstreetmap.org/node/1352887604,https://www.openstreetmap.org/relation/11832602,Rue Charles Baudelaire,https://www.openstreetmap.org/relation/9525,Paris 12e Arrondissement,75112
https://www.openstreetmap.org/node/1352887609,https://www.openstreetmap.org/relation/6949986,Avenue Ledru-Rollin,https://www.openstreetmap.org/relation/9525,Paris 12e Arrondissement,75112
https://www.openstreetmap.org/node/1352887612,https://www.openstreetmap.org/relation/6949986,Avenue Ledru-Rollin,https://www.openstreetmap.org/relation/9525,Paris 12e Arrondissement,75112
https://www.openstreetmap.org/node/1352887622,https://www.openstreetmap.org/relation/6949986,Avenue Ledru-Rollin,https://www.openstreetmap.org/relation/9525,Paris 12e Arrondissement,75112
https://www.openstreetmap.org/node/1352887624,https://www.openstreetmap.org/relation/6949986,Avenue Ledru-Rollin,https://www.openstreetmap.org/relation/9525,Paris 12e Arrondissement,75112
https://www.openstreetmap.org/node/1352887625,https://www.openstreetmap.org/relation/11832430,Rue Antoine Vollon,https://www.openstreetmap.org/relation/9525,Paris 12e Arrondissement,75112
https://www.openstreetmap.org/node/1352887626,https://www.openstreetmap.org/relation/11832602,Rue Charles Baudelaire,https://www.openstreetmap.org/relation/9525,Paris 12e Arrondissement,75112
https://www.openstreetmap.org/node/1352887629,https://www.openstreetmap.org/relation/6949986,Avenue Ledru-Rollin,https://www.openstreetmap.org/relation/9525,Paris 12e Arrondissement,75112
https://www.openstreetmap.org/node/1352887632,https://www.openstreetmap.org/relation/6949986,Avenue Ledru-Rollin,https://www.openstreetmap.org/relation/9525,Paris 12e Arrondissement,75112
https://www.openstreetmap.org/node/1352887637,https://www.openstreetmap.org/relation/6949986,Avenue Ledru-Rollin,https://www.openstreetmap.org/relation/9525,Paris 12e Arrondissement,75112
https://www.openstreetmap.org/node/1352887639,https://www.openstreetmap.org/relation/6949986,Avenue Ledru-Rollin,https://www.openstreetmap.org/relation/9525,Paris 12e Arrondissement,75112
https://www.openstreetmap.org/node/1352887640,https://www.openstreetmap.org/relation/6949986,Avenue Ledru-Rollin,https://www.openstreetmap.org/relation/9525,Paris 12e Arrondissement,75112
https://www.openstreetmap.org/node/1352887642,https://www.openstreetmap.org/relation/6949986,Avenue Ledru-Rollin,https://www.openstreetmap.org/relation/9525,Paris 12e Arrondissement,75112
https://www.openstreetmap.org/node/1352887648,https://www.openstreetmap.org/relation/6949986,Avenue Ledru-Rollin,https://www.openstreetmap.org/relation/9525,Paris 12e Arrondissement,75112
https://www.openstreetmap.org/node/1352887650,https://www.openstreetmap.org/relation/6949986,Avenue Ledru-Rollin,https://www.openstreetmap.org/relation/9525,Paris 12e Arrondissement,75112
https://www.openstreetmap.org/node/1352887655,https://www.openstreetmap.org/relation/11832602,Rue Charles Baudelaire,https://www.openstreetmap.org/relation/9525,Paris 12e Arrondissement,75112
https://www.openstreetmap.org/node/1352887658,https://www.openstreetmap.org/relation/6949986,Avenue Ledru-Rollin,https://www.openstreetmap.org/relation/9525,Paris 12e Arrondissement,75112
https://www.openstreetmap.org/node/1352887667,https://www.openstreetmap.org/relation/6949986,Avenue Ledru-Rollin,https://www.openstreetmap.org/relation/9525,Paris 12e Arrondissement,75112
https://www.openstreetmap.org/node/1352887668,https://www.openstreetmap.org/relation/6949986,Avenue Ledru-Rollin,https://www.openstreetmap.org/relation/9525,Paris 12e Arrondissement,75112
https://www.openstreetmap.org/node/1352887669,https://www.openstreetmap.org/relation/6949986,Avenue Ledru-Rollin,https://www.openstreetmap.org/relation/9525,Paris 12e Arrondissement,75112
https://www.openstreetmap.org/node/1352887671,https://www.openstreetmap.org/relation/6949986,Avenue Ledru-Rollin,https://www.openstreetmap.org/relation/9525,Paris 12e Arrondissement,75112
https://www.openstreetmap.org/node/1352887679,https://www.openstreetmap.org/relation/6949986,Avenue Ledru-Rollin,https://www.openstreetmap.org/relation/9525,Paris 12e Arrondissement,75112
https://www.openstreetmap.org/node/1352887680,https://www.openstreetmap.org/relation/6949986,Avenue Ledru-Rollin,https://www.openstreetmap.org/relation/9525,Paris 12e Arrondissement,75112
https://www.openstreetmap.org/node/1352887681,https://www.openstreetmap.org/relation/6949986,Avenue Ledru-Rollin,https://www.openstreetmap.org/relation/9525,Paris 12e Arrondissement,75112
https://www.openstreetmap.org/node/1352887682,https://www.openstreetmap.org/relation/6949986,Avenue Ledru-Rollin,https://www.openstreetmap.org/relation/9525,Paris 12e Arrondissement,75112
https://www.openstreetmap.org/node/1352887684,https://www.openstreetmap.org/relation/6949986,Avenue Ledru-Rollin,https://www.openstreetmap.org/relation/9525,Paris 12e Arrondissement,75112
https://www.openstreetmap.org/node/1352887693,https://www.openstreetmap.org/relation/11832430,Rue Antoine Vollon,https://www.openstreetmap.org/relation/9525,Paris 12e Arrondissement,75112
https://www.openstreetmap.org/node/1352887694,https://www.openstreetmap.org/relation/6949986,Avenue Ledru-Rollin,https://www.openstreetmap.org/relation/9525,Paris 12e Arrondissement,75112
https://www.openstreetmap.org/node/1352887695,https://www.openstreetmap.org/relation/6949986,Avenue Ledru-Rollin,https://www.openstreetmap.org/relation/9525,Paris 12e Arrondissement,75112
https://www.openstreetmap.org/node/1352887697,https://www.openstreetmap.org/relation/6949986,Avenue Ledru-Rollin,https://www.openstreetmap.org/relation/9525,Paris 12e Arrondissement,75112
https://www.openstreetmap.org/node/1352887705,https://www.openstreetmap.org/relation/6949986,Avenue Ledru-Rollin,https://www.openstreetmap.org/relation/9525,Paris 12e Arrondissement,75112
https://www.openstreetmap.org/node/1352887708,https://www.openstreetmap.org/relation/6949986,Avenue Ledru-Rollin,https://www.openstreetmap.org/relation/9525,Paris 12e Arrondissement,75112
https://www.openstreetmap.org/node/1352887709,https://www.openstreetmap.org/relation/6949986,Avenue Ledru-Rollin,https://www.openstreetmap.org/relation/9525,Paris 12e Arrondissement,75112
https://www.openstreetmap.org/node/1352887717,https://www.openstreetmap.org/relation/6949986,Avenue Ledru-Rollin,https://www.openstreetmap.org/relation/9525,Paris 12e Arrondissement,75112
https://www.openstreetmap.org/node/1352887720,https://www.openstreetmap.org/relation/6949986,Avenue Ledru-Rollin,https://www.openstreetmap.org/relation/9525,Paris 12e Arrondissement,75112
https://www.openstreetmap.org/node/1352887721,https://www.openstreetmap.org/relation/11832258,Rue Traversière,https://www.openstreetmap.org/relation/9525,Paris 12e Arrondissement,75112
https://www.openstreetmap.org/node/1352887722,https://www.openstreetmap.org/relation/6949986,Avenue Ledru-Rollin,https://www.openstreetmap.org/relation/9525,Paris 12e Arrondissement,75112
https://www.openstreetmap.org/node/1352887728,https://www.openstreetmap.org/relation/11832602,Rue Charles Baudelaire,https://www.openstreetmap.org/relation/9525,Paris 12e Arrondissement,75112
https://www.openstreetmap.org/node/1352887732,https://www.openstreetmap.org/relation/6949986,Avenue Ledru-Rollin,https://www.openstreetmap.org/relation/9525,Paris 12e Arrondissement,75112
https://www.openstreetmap.org/node/1352887735,https://www.openstreetmap.org/relation/11832258,Rue Traversière,https://www.openstreetmap.org/relation/9525,Paris 12e Arrondissement,75112
https://www.openstreetmap.org/node/1352887738,https://www.openstreetmap.org/relation/6949986,Avenue Ledru-Rollin,https://www.openstreetmap.org/relation/9525,Paris 12e Arrondissement,75112
https://www.openstreetmap.org/node/1352887746,https://www.openstreetmap.org/relation/6949986,Avenue Ledru-Rollin,https://www.openstreetmap.org/relation/9525,Paris 12e Arrondissement,75112
https://www.openstreetmap.org/node/1352887749,https://www.openstreetmap.org/relation/6949986,Avenue Ledru-Rollin,https://www.openstreetmap.org/relation/9525,Paris 12e Arrondissement,75112
https://www.openstreetmap.org/node/1352887751,https://www.openstreetmap.org/relation/6949986,Avenue Ledru-Rollin,https://www.openstreetmap.org/relation/9525,Paris 12e Arrondissement,75112
https://www.openstreetmap.org/node/1352887755,https://www.openstreetmap.org/relation/6949986,Avenue Ledru-Rollin,https://www.openstreetmap.org/relation/9525,Paris 12e Arrondissement,75112
https://www.openstreetmap.org/node/1352887766,https://www.openstreetmap.org/relation/11832430,Rue Antoine Vollon,https://www.openstreetmap.org/relation/9525,Paris 12e Arrondissement,75112
https://www.openstreetmap.org/node/1352900271,https://www.openstreetmap.org/relation/11832535,Rue Théophile Roussel,https://www.openstreetmap.org/relation/9525,Paris 12e Arrondissement,75112
https://www.openstreetmap.org/node/1352900290,https://www.openstreetmap.org/relation/11832535,Rue Théophile Roussel,https://www.openstreetmap.org/relation/9525,Paris 12e Arrondissement,75112
https://www.openstreetmap.org/node/1352900292,https://www.openstreetmap.org/relation/11832535,Rue Théophile Roussel,https://www.openstreetmap.org/relation/9525,Paris 12e Arrondissement,75112
https://www.openstreetmap.org/node/1352900293,https://www.openstreetmap.org/relation/11832535,Rue Théophile Roussel,https://www.openstreetmap.org/relation/9525,Paris 12e Arrondissement,75112
https://www.openstreetmap.org/node/1352900301,https://www.openstreetmap.org/relation/11832535,Rue Théophile Roussel,https://www.openstreetmap.org/relation/9525,Paris 12e Arrondissement,75112
https://www.openstreetmap.org/node/1352900304,https://www.openstreetmap.org/relation/11832535,Rue Théophile Roussel,https://www.openstreetmap.org/relation/9525,Paris 12e Arrondissement,75112
https://www.openstreetmap.org/node/1352900306,https://www.openstreetmap.org/relation/11832535,Rue Théophile Roussel,https://www.openstreetmap.org/relation/9525,Paris 12e Arrondissement,75112
https://www.openstreetmap.org/node/1352900307,https://www.openstreetmap.org/relation/11832535,Rue Théophile Roussel,https://www.openstreetmap.org/relation/9525,Paris 12e Arrondissement,75112
https://www.openstreetmap.org/node/1352900309,https://www.openstreetmap.org/relation/11832535,Rue Théophile Roussel,https://www.openstreetmap.org/relation/9525,Paris 12e Arrondissement,75112
https://www.openstreetmap.org/node/1352900310,https://www.openstreetmap.org/relation/11832535,Rue Théophile Roussel,https://www.openstreetmap.org/relation/9525,Paris 12e Arrondissement,75112
https://www.openstreetmap.org/node/1352900311,https://www.openstreetmap.org/relation/11832535,Rue Théophile Roussel,https://www.openstreetmap.org/relation/9525,Paris 12e Arrondissement,75112
https://www.openstreetmap.org/node/1352900312,https://www.openstreetmap.org/relation/11832535,Rue Théophile Roussel,https://www.openstreetmap.org/relation/9525,Paris 12e Arrondissement,75112
https://www.openstreetmap.org/node/1353062562,https://www.openstreetmap.org/relation/11832462,Rue Audubon,https://www.openstreetmap.org/relation/9525,Paris 12e Arrondissement,75112
https://www.openstreetmap.org/node/1353062565,https://www.openstreetmap.org/relation/11832614,Rue Crémieux,https://www.openstreetmap.org/relation/9525,Paris 12e Arrondissement,75112
https://www.openstreetmap.org/node/1353062574,https://www.openstreetmap.org/relation/11832258,Rue Traversière,https://www.openstreetmap.org/relation/9525,Paris 12e Arrondissement,75112
https://www.openstreetmap.org/node/1353062575,https://www.openstreetmap.org/relation/11832559,Rue d'Austerlitz,https://www.openstreetmap.org/relation/9525,Paris 12e Arrondissement,75112
https://www.openstreetmap.org/node/1353062576,https://www.openstreetmap.org/relation/11832590,Rue de Prague,https://www.openstreetmap.org/relation/9525,Paris 12e Arrondissement,75112
https://www.openstreetmap.org/node/1353062577,https://www.openstreetmap.org/relation/11832462,Rue Audubon,https://www.openstreetmap.org/relation/9525,Paris 12e Arrondissement,75112
https://www.openstreetmap.org/node/1353062585,https://www.openstreetmap.org/relation/11832614,Rue Crémieux,https://www.openstreetmap.org/relation/9525,Paris 12e Arrondissement,75112
https://www.openstreetmap.org/node/1353062587,https://www.openstreetmap.org/relation/11832258,Rue Traversière,https://www.openstreetmap.org/relation/9525,Paris 12e Arrondissement,75112
https://www.openstreetmap.org/node/1353062590,https://www.openstreetmap.org/relation/11832559,Rue d'Austerlitz,https://www.openstreetmap.org/relation/9525,Paris 12e Arrondissement,75112
https://www.openstreetmap.org/node/1353062593,https://www.openstreetmap.org/relation/11832590,Rue de Prague,https://www.openstreetmap.org/relation/9525,Paris 12e Arrondissement,75112
https://www.openstreetmap.org/node/1353062599,https://www.openstreetmap.org/relation/11832462,Rue Audubon,https://www.openstreetmap.org/relation/9525,Paris 12e Arrondissement,75112
https://www.openstreetmap.org/node/1353062603,https://www.openstreetmap.org/relation/11832614,Rue Crémieux,https://www.openstreetmap.org/relation/9525,Paris 12e Arrondissement,75112
https://www.openstreetmap.org/node/1353062606,https://www.openstreetmap.org/relation/11832258,Rue Traversière,https://www.openstreetmap.org/relation/9525,Paris 12e Arrondissement,75112
https://www.openstreetmap.org/node/1353062608,https://www.openstreetmap.org/relation/11832559,Rue d'Austerlitz,https://www.openstreetmap.org/relation/9525,Paris 12e Arrondissement,75112
https://www.openstreetmap.org/node/1353062615,https://www.openstreetmap.org/relation/11832590,Rue de Prague,https://www.openstreetmap.org/relation/9525,Paris 12e Arrondissement,75112
https://www.openstreetmap.org/node/1353062617,https://www.openstreetmap.org/relation/11832258,Rue Traversière,https://www.openstreetmap.org/relation/9525,Paris 12e Arrondissement,75112
https://www.openstreetmap.org/node/1353062618,https://www.openstreetmap.org/relation/11832462,Rue Audubon,https://www.openstreetmap.org/relation/9525,Paris 12e Arrondissement,75112
https://www.openstreetmap.org/node/1353062619,https://www.openstreetmap.org/relation/11832614,Rue Crémieux,https://www.openstreetmap.org/relation/9525,Paris 12e Arrondissement,75112
https://www.openstreetmap.org/node/1353062628,https://www.openstreetmap.org/relation/11832258,Rue Traversière,https://www.openstreetmap.org/relation/9525,Paris 12e Arrondissement,75112
https://www.openstreetmap.org/node/1353062629,https://www.openstreetmap.org/relation/11832559,Rue d'Austerlitz,https://www.openstreetmap.org/relation/9525,Paris 12e Arrondissement,75112
https://www.openstreetmap.org/node/1353062630,https://www.openstreetmap.org/relation/11832462,Rue Audubon,https://www.openstreetmap.org/relation/9525,Paris 12e Arrondissement,75112
https://www.openstreetmap.org/node/1353062640,https://www.openstreetmap.org/relation/11832614,Rue Crémieux,https://www.openstreetmap.org/relation/9525,Paris 12e Arrondissement,75112
https://www.openstreetmap.org/node/1353062645,https://www.openstreetmap.org/relation/11832258,Rue Traversière,https://www.openstreetmap.org/relation/9525,Paris 12e Arrondissement,75112
https://www.openstreetmap.org/node/1353062648,https://www.openstreetmap.org/relation/11832559,Rue d'Austerlitz,https://www.openstreetmap.org/relation/9525,Paris 12e Arrondissement,75112
https://www.openstreetmap.org/node/1353062649,https://www.openstreetmap.org/relation/11832590,Rue de Prague,https://www.openstreetmap.org/relation/9525,Paris 12e Arrondissement,75112
https://www.openstreetmap.org/node/1353062659,https://www.openstreetmap.org/relation/11832614,Rue Crémieux,https://www.openstreetmap.org/relation/9525,Paris 12e Arrondissement,75112
https://www.openstreetmap.org/node/1353062662,https://www.openstreetmap.org/relation/11832258,Rue Traversière,https://www.openstreetmap.org/relation/9525,Paris 12e Arrondissement,75112
https://www.openstreetmap.org/node/1353062666,https://www.openstreetmap.org/relation/11832559,Rue d'Austerlitz,https://www.openstreetmap.org/relation/9525,Paris 12e Arrondissement,75112
https://www.openstreetmap.org/node/1353062671,https://www.openstreetmap.org/relation/11832462,Rue Audubon,https://www.openstreetmap.org/relation/9525,Paris 12e Arrondissement,75112
https://www.openstreetmap.org/node/1353062672,https://www.openstreetmap.org/relation/11832614,Rue Crémieux,https://www.openstreetmap.org/relation/9525,Paris 12e Arrondissement,75112
https://www.openstreetmap.org/node/1353062673,https://www.openstreetmap.org/relation/11832258,Rue Traversière,https://www.openstreetmap.org/relation/9525,Paris 12e Arrondissement,75112
https://www.openstreetmap.org/node/1353062674,https://www.openstreetmap.org/relation/11832590,Rue de Prague,https://www.openstreetmap.org/relation/9525,Paris 12e Arrondissement,75112
https://www.openstreetmap.org/node/1353062675,https://www.openstreetmap.org/relation/11832614,Rue Crémieux,https://www.openstreetmap.org/relation/9525,Paris 12e Arrondissement,75112
https://www.openstreetmap.org/node/1353062676,https://www.openstreetmap.org/relation/11832258,Rue Traversière,https://www.openstreetmap.org/relation/9525,Paris 12e Arrondissement,75112
https://www.openstreetmap.org/node/1353062677,https://www.openstreetmap.org/relation/11832559,Rue d'Austerlitz,https://www.openstreetmap.org/relation/9525,Paris 12e Arrondissement,75112
https://www.openstreetmap.org/node/1353062678,https://www.openstreetmap.org/relation/11832462,Rue Audubon,https://www.openstreetmap.org/relation/9525,Paris 12e Arrondissement,75112
https://www.openstreetmap.org/node/1353062679,https://www.openstreetmap.org/relation/11832614,Rue Crémieux,https://www.openstreetmap.org/relation/9525,Paris 12e Arrondissement,75112
https://www.openstreetmap.org/node/1353062680,https://www.openstreetmap.org/relation/11832258,Rue Traversière,https://www.openstreetmap.org/relation/9525,Paris 12e Arrondissement,75112
https://www.openstreetmap.org/node/1353062681,https://www.openstreetmap.org/relation/11832590,Rue de Prague,https://www.openstreetmap.org/relation/9525,Paris 12e Arrondissement,75112
https://www.openstreetmap.org/node/1353062682,https://www.openstreetmap.org/relation/11832614,Rue Crémieux,https://www.openstreetmap.org/relation/9525,Paris 12e Arrondissement,75112
https://www.openstreetmap.org/node/1353062683,https://www.openstreetmap.org/relation/11832258,Rue Traversière,https://www.openstreetmap.org/relation/9525,Paris 12e Arrondissement,75112
https://www.openstreetmap.org/node/1353062684,https://www.openstreetmap.org/relation/11832559,Rue d'Austerlitz,https://www.openstreetmap.org/relation/9525,Paris 12e Arrondissement,75112
https://www.openstreetmap.org/node/1353062685,https://www.openstreetmap.org/relation/11832614,Rue Crémieux,https://www.openstreetmap.org/relation/9525,Paris 12e Arrondissement,75112
https://www.openstreetmap.org/node/1353062686,https://www.openstreetmap.org/relation/11832258,Rue Traversière,https://www.openstreetmap.org/relation/9525,Paris 12e Arrondissement,75112
https://www.openstreetmap.org/node/1353062687,https://www.openstreetmap.org/relation/11832559,Rue d'Austerlitz,https://www.openstreetmap.org/relation/9525,Paris 12e Arrondissement,75112
https://www.openstreetmap.org/node/1353062688,https://www.openstreetmap.org/relation/11832590,Rue de Prague,https://www.openstreetmap.org/relation/9525,Paris 12e Arrondissement,75112
https://www.openstreetmap.org/node/1353062689,https://www.openstreetmap.org/relation/11832559,Rue d'Austerlitz,https://www.openstreetmap.org/relation/9525,Paris 12e Arrondissement,75112
https://www.openstreetmap.org/node/1353062690,https://www.openstreetmap.org/relation/11832462,Rue Audubon,https://www.openstreetmap.org/relation/9525,Paris 12e Arrondissement,75112
https://www.openstreetmap.org/node/1353062691,https://www.openstreetmap.org/relation/11832614,Rue Crémieux,https://www.openstreetmap.org/relation/9525,Paris 12e Arrondissement,75112
https://www.openstreetmap.org/node/1353062692,https://www.openstreetmap.org/relation/11832258,Rue Traversière,https://www.openstreetmap.org/relation/9525,Paris 12e Arrondissement,75112
https://www.openstreetmap.org/node/1353062693,https://www.openstreetmap.org/relation/11832559,Rue d'Austerlitz,https://www.openstreetmap.org/relation/9525,Paris 12e Arrondissement,75112
https://www.openstreetmap.org/node/1353062694,https://www.openstreetmap.org/relation/11832614,Rue Crémieux,https://www.openstreetmap.org/relation/9525,Paris 12e Arrondissement,75112
https://www.openstreetmap.org/node/1353062695,https://www.openstreetmap.org/relation/11832258,Rue Traversière,https://www.openstreetmap.org/relation/9525,Paris 12e Arrondissement,75112
https://www.openstreetmap.org/node/1353062696,https://www.openstreetmap.org/relation/11832559,Rue d'Austerlitz,https://www.openstreetmap.org/relation/9525,Paris 12e Arrondissement,75112
https://www.openstreetmap.org/node/1353062697,https://www.openstreetmap.org/relation/11832614,Rue Crémieux,https://www.openstreetmap.org/relation/9525,Paris 12e Arrondissement,75112
https://www.openstreetmap.org/node/1353062698,https://www.openstreetmap.org/relation/11832258,Rue Traversière,https://www.openstreetmap.org/relation/9525,Paris 12e Arrondissement,75112
https://www.openstreetmap.org/node/1353062699,https://www.openstreetmap.org/relation/11832559,Rue d'Austerlitz,https://www.openstreetmap.org/relation/9525,Paris 12e Arrondissement,75112
https://www.openstreetmap.org/node/1353062700,https://www.openstreetmap.org/relation/11832384,Rue de Bercy,https://www.openstreetmap.org/relation/9525,Paris 12e Arrondissement,75112
https://www.openstreetmap.org/node/1353062701,https://www.openstreetmap.org/relation/11832384,Rue de Bercy,https://www.openstreetmap.org/relation/9525,Paris 12e Arrondissement,75112
https://www.openstreetmap.org/node/1353062702,https://www.openstreetmap.org/relation/11832384,Rue de Bercy,https://www.openstreetmap.org/relation/9525,Paris 12e Arrondissement,75112
https://www.openstreetmap.org/node/1353062703,https://www.openstreetmap.org/relation/11832384,Rue de Bercy,https://www.openstreetmap.org/relation/9525,Paris 12e Arrondissement,75112
https://www.openstreetmap.org/node/1353062704,https://www.openstreetmap.org/relation/11832384,Rue de Bercy,https://www.openstreetmap.org/relation/9525,Paris 12e Arrondissement,75112
https://www.openstreetmap.org/node/1353062706,https://www.openstreetmap.org/relation/11832384,Rue de Bercy,https://www.openstreetmap.org/relation/9525,Paris 12e Arrondissement,75112
https://www.openstreetmap.org/node/1353062707,https://www.openstreetmap.org/relation/11832384,Rue de Bercy,https://www.openstreetmap.org/relation/9525,Paris 12e Arrondissement,75112
https://www.openstreetmap.org/node/1353062708,https://www.openstreetmap.org/relation/11832614,Rue Crémieux,https://www.openstreetmap.org/relation/9525,Paris 12e Arrondissement,75112
https://www.openstreetmap.org/node/1353062709,https://www.openstreetmap.org/relation/11832258,Rue Traversière,https://www.openstreetmap.org/relation/9525,Paris 12e Arrondissement,75112
https://www.openstreetmap.org/node/1353062710,https://www.openstreetmap.org/relation/11832559,Rue d'Austerlitz,https://www.openstreetmap.org/relation/9525,Paris 12e Arrondissement,75112
https://www.openstreetmap.org/node/1353062711,https://www.openstreetmap.org/relation/11832384,Rue de Bercy,https://www.openstreetmap.org/relation/9525,Paris 12e Arrondissement,75112
https://www.openstreetmap.org/node/1353062713,https://www.openstreetmap.org/relation/11832384,Rue de Bercy,https://www.openstreetmap.org/relation/9525,Paris 12e Arrondissement,75112
https://www.openstreetmap.org/node/1353062714,https://www.openstreetmap.org/relation/11832384,Rue de Bercy,https://www.openstreetmap.org/relation/9525,Paris 12e Arrondissement,75112
https://www.openstreetmap.org/node/1353062715,https://www.openstreetmap.org/relation/11832384,Rue de Bercy,https://www.openstreetmap.org/relation/9525,Paris 12e Arrondissement,75112
https://www.openstreetmap.org/node/1353062717,https://www.openstreetmap.org/relation/11832384,Rue de Bercy,https://www.openstreetmap.org/relation/9525,Paris 12e Arrondissement,75112
https://www.openstreetmap.org/node/1353062718,https://www.openstreetmap.org/relation/11832384,Rue de Bercy,https://www.openstreetmap.org/relation/9525,Paris 12e Arrondissement,75112
https://www.openstreetmap.org/node/1353062719,https://www.openstreetmap.org/relation/11832384,Rue de Bercy,https://www.openstreetmap.org/relation/9525,Paris 12e Arrondissement,75112
https://www.openstreetmap.org/node/1353062720,https://www.openstreetmap.org/relation/11832384,Rue de Bercy,https://www.openstreetmap.org/relation/9525,Paris 12e Arrondissement,75112
https://www.openstreetmap.org/node/1353062721,https://www.openstreetmap.org/relation/11832258,Rue Traversière,https://www.openstreetmap.org/relation/9525,Paris 12e Arrondissement,75112
https://www.openstreetmap.org/node/1353062722,https://www.openstreetmap.org/relation/11832258,Rue Traversière,https://www.openstreetmap.org/relation/9525,Paris 12e Arrondissement,75112
https://www.openstreetmap.org/node/1353062723,https://www.openstreetmap.org/relation/11832614,Rue Crémieux,https://www.openstreetmap.org/relation/9525,Paris 12e Arrondissement,75112
https://www.openstreetmap.org/node/1353062724,https://www.openstreetmap.org/relation/11832258,Rue Traversière,https://www.openstreetmap.org/relation/9525,Paris 12e Arrondissement,75112
https://www.openstreetmap.org/node/1353062725,https://www.openstreetmap.org/relation/11832559,Rue d'Austerlitz,https://www.openstreetmap.org/relation/9525,Paris 12e Arrondissement,75112
https://www.openstreetmap.org/node/1353062726,https://www.openstreetmap.org/relation/11832384,Rue de Bercy,https://www.openstreetmap.org/relation/9525,Paris 12e Arrondissement,75112
https://www.openstreetmap.org/node/1353062727,https://www.openstreetmap.org/relation/11832384,Rue de Bercy,https://www.openstreetmap.org/relation/9525,Paris 12e Arrondissement,75112
https://www.openstreetmap.org/node/1353062729,https://www.openstreetmap.org/relation/11832384,Rue de Bercy,https://www.openstreetmap.org/relation/9525,Paris 12e Arrondissement,75112
https://www.openstreetmap.org/node/1353062731,https://www.openstreetmap.org/relation/11832384,Rue de Bercy,https://www.openstreetmap.org/relation/9525,Paris 12e Arrondissement,75112
https://www.openstreetmap.org/node/1353062738,https://www.openstreetmap.org/relation/11832384,Rue de Bercy,https://www.openstreetmap.org/relation/9525,Paris 12e Arrondissement,75112
https://www.openstreetmap.org/node/1353062741,https://www.openstreetmap.org/relation/11832384,Rue de Bercy,https://www.openstreetmap.org/relation/9525,Paris 12e Arrondissement,75112
https://www.openstreetmap.org/node/1353062746,https://www.openstreetmap.org/relation/11832384,Rue de Bercy,https://www.openstreetmap.org/relation/9525,Paris 12e Arrondissement,75112
https://www.openstreetmap.org/node/1353062753,https://www.openstreetmap.org/relation/11832384,Rue de Bercy,https://www.openstreetmap.org/relation/9525,Paris 12e Arrondissement,75112
https://www.openstreetmap.org/node/1353062756,https://www.openstreetmap.org/relation/11832614,Rue Crémieux,https://www.openstreetmap.org/relation/9525,Paris 12e Arrondissement,75112
https://www.openstreetmap.org/node/1353062757,https://www.openstreetmap.org/relation/11832258,Rue Traversière,https://www.openstreetmap.org/relation/9525,Paris 12e Arrondissement,75112
https://www.openstreetmap.org/node/1353062758,https://www.openstreetmap.org/relation/11832384,Rue de Bercy,https://www.openstreetmap.org/relation/9525,Paris 12e Arrondissement,75112
https://www.openstreetmap.org/node/1353062766,https://www.openstreetmap.org/relation/11832384,Rue de Bercy,https://www.openstreetmap.org/relation/9525,Paris 12e Arrondissement,75112
https://www.openstreetmap.org/node/1353062767,https://www.openstreetmap.org/relation/11832384,Rue de Bercy,https://www.openstreetmap.org/relation/9525,Paris 12e Arrondissement,75112
https://www.openstreetmap.org/node/1353062768,https://www.openstreetmap.org/relation/11832384,Rue de Bercy,https://www.openstreetmap.org/relation/9525,Paris 12e Arrondissement,75112
https://www.openstreetmap.org/node/1353062769,https://www.openstreetmap.org/relation/11832384,Rue de Bercy,https://www.openstreetmap.org/relation/9525,Paris 12e Arrondissement,75112
https://www.openstreetmap.org/node/1353062783,https://www.openstreetmap.org/relation/11832384,Rue de Bercy,https://www.openstreetmap.org/relation/9525,Paris 12e Arrondissement,75112
https://www.openstreetmap.org/node/1353062784,https://www.openstreetmap.org/relation/11832384,Rue de Bercy,https://www.openstreetmap.org/relation/9525,Paris 12e Arrondissement,75112
https://www.openstreetmap.org/node/1353062785,https://www.openstreetmap.org/relation/11832384,Rue de Bercy,https://www.openstreetmap.org/relation/9525,Paris 12e Arrondissement,75112
https://www.openstreetmap.org/node/1353062788,https://www.openstreetmap.org/relation/11832384,Rue de Bercy,https://www.openstreetmap.org/relation/9525,Paris 12e Arrondissement,75112
https://www.openstreetmap.org/node/1353062795,https://www.openstreetmap.org/relation/11832384,Rue de Bercy,https://www.openstreetmap.org/relation/9525,Paris 12e Arrondissement,75112
https://www.openstreetmap.org/node/1353062796,https://www.openstreetmap.org/relation/11832258,Rue Traversière,https://www.openstreetmap.org/relation/9525,Paris 12e Arrondissement,75112
https://www.openstreetmap.org/node/1353062799,https://www.openstreetmap.org/relation/11832614,Rue Crémieux,https://www.openstreetmap.org/relation/9525,Paris 12e Arrondissement,75112
https://www.openstreetmap.org/node/1353062805,https://www.openstreetmap.org/relation/11832258,Rue Traversière,https://www.openstreetmap.org/relation/9525,Paris 12e Arrondissement,75112
https://www.openstreetmap.org/node/1353062806,https://www.openstreetmap.org/relation/11832384,Rue de Bercy,https://www.openstreetmap.org/relation/9525,Paris 12e Arrondissement,75112
https://www.openstreetmap.org/node/1353062808,https://www.openstreetmap.org/relation/11832384,Rue de Bercy,https://www.openstreetmap.org/relation/9525,Paris 12e Arrondissement,75112
https://www.openstreetmap.org/node/1353062811,https://www.openstreetmap.org/relation/11832384,Rue de Bercy,https://www.openstreetmap.org/relation/9525,Paris 12e Arrondissement,75112
https://www.openstreetmap.org/node/1353062817,https://www.openstreetmap.org/relation/11832384,Rue de Bercy,https://www.openstreetmap.org/relation/9525,Paris 12e Arrondissement,75112
https://www.openstreetmap.org/node/1353062820,https://www.openstreetmap.org/relation/11832384,Rue de Bercy,https://www.openstreetmap.org/relation/9525,Paris 12e Arrondissement,75112
https://www.openstreetmap.org/node/1353062823,https://www.openstreetmap.org/relation/11832384,Rue de Bercy,https://www.openstreetmap.org/relation/9525,Paris 12e Arrondissement,75112
https://www.openstreetmap.org/node/1353062831,https://www.openstreetmap.org/relation/11832384,Rue de Bercy,https://www.openstreetmap.org/relation/9525,Paris 12e Arrondissement,75112
https://www.openstreetmap.org/node/1353062834,https://www.openstreetmap.org/relation/11832614,Rue Crémieux,https://www.openstreetmap.org/relation/9525,Paris 12e Arrondissement,75112
https://www.openstreetmap.org/node/1353062837,https://www.openstreetmap.org/relation/11832258,Rue Traversière,https://www.openstreetmap.org/relation/9525,Paris 12e Arrondissement,75112
https://www.openstreetmap.org/node/1353062839,https://www.openstreetmap.org/relation/11832258,Rue Traversière,https://www.openstreetmap.org/relation/9525,Paris 12e Arrondissement,75112
https://www.openstreetmap.org/node/1353062847,https://www.openstreetmap.org/relation/11832258,Rue Traversière,https://www.openstreetmap.org/relation/9525,Paris 12e Arrondissement,75112
https://www.openstreetmap.org/node/1353062849,https://www.openstreetmap.org/relation/11832614,Rue Crémieux,https://www.openstreetmap.org/relation/9525,Paris 12e Arrondissement,75112
https://www.openstreetmap.org/node/1353062850,https://www.openstreetmap.org/relation/11832258,Rue Traversière,https://www.openstreetmap.org/relation/9525,Paris 12e Arrondissement,75112
https://www.openstreetmap.org/node/1353062851,https://www.openstreetmap.org/relation/11832614,Rue Crémieux,https://www.openstreetmap.org/relation/9525,Paris 12e Arrondissement,75112
https://www.openstreetmap.org/node/1353062860,https://www.openstreetmap.org/relation/11832258,Rue Traversière,https://www.openstreetmap.org/relation/9525,Paris 12e Arrondissement,75112
https://www.openstreetmap.org/node/1353062861,https://www.openstreetmap.org/relation/11832258,Rue Traversière,https://www.openstreetmap.org/relation/9525,Paris 12e Arrondissement,75112
https://www.openstreetmap.org/node/1353062862,https://www.openstreetmap.org/relation/11832258,Rue Traversière,https://www.openstreetmap.org/relation/9525,Paris 12e Arrondissement,75112
https://www.openstreetmap.org/node/1353062870,https://www.openstreetmap.org/relation/11832614,Rue Crémieux,https://www.openstreetmap.org/relation/9525,Paris 12e Arrondissement,75112
https://www.openstreetmap.org/node/1353062871,https://www.openstreetmap.org/relation/11832258,Rue Traversière,https://www.openstreetmap.org/relation/9525,Paris 12e Arrondissement,75112
https://www.openstreetmap.org/node/1353062872,https://www.openstreetmap.org/relation/11832462,Rue Audubon,https://www.openstreetmap.org/relation/9525,Paris 12e Arrondissement,75112
https://www.openstreetmap.org/node/1353062873,https://www.openstreetmap.org/relation/11832614,Rue Crémieux,https://www.openstreetmap.org/relation/9525,Paris 12e Arrondissement,75112
https://www.openstreetmap.org/node/1353062883,https://www.openstreetmap.org/relation/11832258,Rue Traversière,https://www.openstreetmap.org/relation/9525,Paris 12e Arrondissement,75112
https://www.openstreetmap.org/node/1353062884,https://www.openstreetmap.org/relation/11832559,Rue d'Austerlitz,https://www.openstreetmap.org/relation/9525,Paris 12e Arrondissement,75112
https://www.openstreetmap.org/node/1353062885,https://www.openstreetmap.org/relation/11832590,Rue de Prague,https://www.openstreetmap.org/relation/9525,Paris 12e Arrondissement,75112
https://www.openstreetmap.org/node/1353062887,https://www.openstreetmap.org/relation/11832614,Rue Crémieux,https://www.openstreetmap.org/relation/9525,Paris 12e Arrondissement,75112
https://www.openstreetmap.org/node/1353062895,https://www.openstreetmap.org/relation/11832258,Rue Traversière,https://www.openstreetmap.org/relation/9525,Paris 12e Arrondissement,75112
https://www.openstreetmap.org/node/1353062896,https://www.openstreetmap.org/relation/11832258,Rue Traversière,https://www.openstreetmap.org/relation/9525,Paris 12e Arrondissement,75112
https://www.openstreetmap.org/node/1353062898,https://www.openstreetmap.org/relation/11832614,Rue Crémieux,https://www.openstreetmap.org/relation/9525,Paris 12e Arrondissement,75112
https://www.openstreetmap.org/node/1353062901,https://www.openstreetmap.org/relation/11832258,Rue Traversière,https://www.openstreetmap.org/relation/9525,Paris 12e Arrondissement,75112
https://www.openstreetmap.org/node/1353062907,https://www.openstreetmap.org/relation/11832614,Rue Crémieux,https://www.openstreetmap.org/relation/9525,Paris 12e Arrondissement,75112
https://www.openstreetmap.org/node/1353062910,https://www.openstreetmap.org/relation/11832258,Rue Traversière,https://www.openstreetmap.org/relation/9525,Paris 12e Arrondissement,75112
https://www.openstreetmap.org/node/1353062913,https://www.openstreetmap.org/relation/11832614,Rue Crémieux,https://www.openstreetmap.org/relation/9525,Paris 12e Arrondissement,75112
https://www.openstreetmap.org/node/1353062916,https://www.openstreetmap.org/relation/11832258,Rue Traversière,https://www.openstreetmap.org/relation/9525,Paris 12e Arrondissement,75112
https://www.openstreetmap.org/node/1353062920,https://www.openstreetmap.org/relation/11832614,Rue Crémieux,https://www.openstreetmap.org/relation/9525,Paris 12e Arrondissement,75112
https://www.openstreetmap.org/node/1353062923,https://www.openstreetmap.org/relation/11832258,Rue Traversière,https://www.openstreetmap.org/relation/9525,Paris 12e Arrondissement,75112
https://www.openstreetmap.org/node/1353062926,https://www.openstreetmap.org/relation/11832614,Rue Crémieux,https://www.openstreetmap.org/relation/9525,Paris 12e Arrondissement,75112
https://www.openstreetmap.org/node/1353062932,https://www.openstreetmap.org/relation/11832258,Rue Traversière,https://www.openstreetmap.org/relation/9525,Paris 12e Arrondissement,75112
https://www.openstreetmap.org/node/1353062938,https://www.openstreetmap.org/relation/11832258,Rue Traversière,https://www.openstreetmap.org/relation/9525,Paris 12e Arrondissement,75112
https://www.openstreetmap.org/node/1353062940,https://www.openstreetmap.org/relation/11832258,Rue Traversière,https://www.openstreetmap.org/relation/9525,Paris 12e Arrondissement,75112
https://www.openstreetmap.org/node/1353062946,https://www.openstreetmap.org/relation/11832258,Rue Traversière,https://www.openstreetmap.org/relation/9525,Paris 12e Arrondissement,75112
https://www.openstreetmap.org/node/1353062949,https://www.openstreetmap.org/relation/11832462,Rue Audubon,https://www.openstreetmap.org/relation/9525,Paris 12e Arrondissement,75112
https://www.openstreetmap.org/node/1353062950,https://www.openstreetmap.org/relation/11832614,Rue Crémieux,https://www.openstreetmap.org/relation/9525,Paris 12e Arrondissement,75112
https://www.openstreetmap.org/node/1353062951,https://www.openstreetmap.org/relation/11832258,Rue Traversière,https://www.openstreetmap.org/relation/9525,Paris 12e Arrondissement,75112
https://www.openstreetmap.org/node/1353062960,https://www.openstreetmap.org/relation/11832559,Rue d'Austerlitz,https://www.openstreetmap.org/relation/9525,Paris 12e Arrondissement,75112
https://www.openstreetmap.org/node/1353062961,https://www.openstreetmap.org/relation/11832258,Rue Traversière,https://www.openstreetmap.org/relation/9525,Paris 12e Arrondissement,75112
https://www.openstreetmap.org/node/1353062962,https://www.openstreetmap.org/relation/11832258,Rue Traversière,https://www.openstreetmap.org/relation/9525,Paris 12e Arrondissement,75112
https://www.openstreetmap.org/node/1353062963,https://www.openstreetmap.org/relation/11832258,Rue Traversière,https://www.openstreetmap.org/relation/9525,Paris 12e Arrondissement,75112
https://www.openstreetmap.org/node/1353062972,https://www.openstreetmap.org/relation/11832258,Rue Traversière,https://www.openstreetmap.org/relation/9525,Paris 12e Arrondissement,75112
https://www.openstreetmap.org/node/1353062975,https://www.openstreetmap.org/relation/11832258,Rue Traversière,https://www.openstreetmap.org/relation/9525,Paris 12e Arrondissement,75112
https://www.openstreetmap.org/node/1353062982,https://www.openstreetmap.org/relation/11832258,Rue Traversière,https://www.openstreetmap.org/relation/9525,Paris 12e Arrondissement,75112
https://www.openstreetmap.org/node/1353062983,https://www.openstreetmap.org/relation/11832258,Rue Traversière,https://www.openstreetmap.org/relation/9525,Paris 12e Arrondissement,75112
https://www.openstreetmap.org/node/1353062986,https://www.openstreetmap.org/relation/11832462,Rue Audubon,https://www.openstreetmap.org/relation/9525,Paris 12e Arrondissement,75112
https://www.openstreetmap.org/node/1353062989,https://www.openstreetmap.org/relation/11832614,Rue Crémieux,https://www.openstreetmap.org/relation/9525,Paris 12e Arrondissement,75112
https://www.openstreetmap.org/node/1353062994,https://www.openstreetmap.org/relation/11832258,Rue Traversière,https://www.openstreetmap.org/relation/9525,Paris 12e Arrondissement,75112
https://www.openstreetmap.org/node/1353062997,https://www.openstreetmap.org/relation/11832559,Rue d'Austerlitz,https://www.openstreetmap.org/relation/9525,Paris 12e Arrondissement,75112
https://www.openstreetmap.org/node/1353063000,https://www.openstreetmap.org/relation/11832590,Rue de Prague,https://www.openstreetmap.org/relation/9525,Paris 12e Arrondissement,75112
https://www.openstreetmap.org/node/1353063003,https://www.openstreetmap.org/relation/11832258,Rue Traversière,https://www.openstreetmap.org/relation/9525,Paris 12e Arrondissement,75112
https://www.openstreetmap.org/node/1353063007,https://www.openstreetmap.org/relation/11832258,Rue Traversière,https://www.openstreetmap.org/relation/9525,Paris 12e Arrondissement,75112
https://www.openstreetmap.org/node/1353063010,https://www.openstreetmap.org/relation/11832258,Rue Traversière,https://www.openstreetmap.org/relation/9525,Paris 12e Arrondissement,75112
https://www.openstreetmap.org/node/1353063013,https://www.openstreetmap.org/relation/11832258,Rue Traversière,https://www.openstreetmap.org/relation/9525,Paris 12e Arrondissement,75112
https://www.openstreetmap.org/node/1353063016,https://www.openstreetmap.org/relation/11832258,Rue Traversière,https://www.openstreetmap.org/relation/9525,Paris 12e Arrondissement,75112
https://www.openstreetmap.org/node/1353063022,https://www.openstreetmap.org/relation/11832258,Rue Traversière,https://www.openstreetmap.org/relation/9525,Paris 12e Arrondissement,75112
https://www.openstreetmap.org/node/1353063025,https://www.openstreetmap.org/relation/11832258,Rue Traversière,https://www.openstreetmap.org/relation/9525,Paris 12e Arrondissement,75112
https://www.openstreetmap.org/node/1353063027,https://www.openstreetmap.org/relation/11832258,Rue Traversière,https://www.openstreetmap.org/relation/9525,Paris 12e Arrondissement,75112
https://www.openstreetmap.org/node/1353063028,https://www.openstreetmap.org/relation/11832258,Rue Traversière,https://www.openstreetmap.org/relation/9525,Paris 12e Arrondissement,75112
https://www.openstreetmap.org/node/1353063036,https://www.openstreetmap.org/relation/11832590,Rue de Prague,https://www.openstreetmap.org/relation/9525,Paris 12e Arrondissement,75112
https://www.openstreetmap.org/node/1353063038,https://www.openstreetmap.org/relation/11832462,Rue Audubon,https://www.openstreetmap.org/relation/9525,Paris 12e Arrondissement,75112
https://www.openstreetmap.org/node/1353063039,https://www.openstreetmap.org/relation/11832614,Rue Crémieux,https://www.openstreetmap.org/relation/9525,Paris 12e Arrondissement,75112
https://www.openstreetmap.org/node/1353063047,https://www.openstreetmap.org/relation/11832258,Rue Traversière,https://www.openstreetmap.org/relation/9525,Paris 12e Arrondissement,75112
https://www.openstreetmap.org/node/1353063048,https://www.openstreetmap.org/relation/11832559,Rue d'Austerlitz,https://www.openstreetmap.org/relation/9525,Paris 12e Arrondissement,75112
https://www.openstreetmap.org/node/1353063049,https://www.openstreetmap.org/relation/11832590,Rue de Prague,https://www.openstreetmap.org/relation/9525,Paris 12e Arrondissement,75112
https://www.openstreetmap.org/node/1353063051,https://www.openstreetmap.org/relation/11832258,Rue Traversière,https://www.openstreetmap.org/relation/9525,Paris 12e Arrondissement,75112
https://www.openstreetmap.org/node/1353063059,https://www.openstreetmap.org/relation/11832258,Rue Traversière,https://www.openstreetmap.org/relation/9525,Paris 12e Arrondissement,75112
https://www.openstreetmap.org/node/1353063061,https://www.openstreetmap.org/relation/11832258,Rue Traversière,https://www.openstreetmap.org/relation/9525,Paris 12e Arrondissement,75112
https://www.openstreetmap.org/node/1353063063,https://www.openstreetmap.org/relation/11832258,Rue Traversière,https://www.openstreetmap.org/relation/9525,Paris 12e Arrondissement,75112
https://www.openstreetmap.org/node/1353063066,https://www.openstreetmap.org/relation/11832258,Rue Traversière,https://www.openstreetmap.org/relation/9525,Paris 12e Arrondissement,75112
https://www.openstreetmap.org/node/1353063071,https://www.openstreetmap.org/relation/11832258,Rue Traversière,https://www.openstreetmap.org/relation/9525,Paris 12e Arrondissement,75112
https://www.openstreetmap.org/node/1353063074,https://www.openstreetmap.org/relation/11832258,Rue Traversière,https://www.openstreetmap.org/relation/9525,Paris 12e Arrondissement,75112
https://www.openstreetmap.org/node/1353063077,https://www.openstreetmap.org/relation/11832258,Rue Traversière,https://www.openstreetmap.org/relation/9525,Paris 12e Arrondissement,75112
https://www.openstreetmap.org/node/1353063080,https://www.openstreetmap.org/relation/11832590,Rue de Prague,https://www.openstreetmap.org/relation/9525,Paris 12e Arrondissement,75112
https://www.openstreetmap.org/node/1353063085,https://www.openstreetmap.org/relation/11832462,Rue Audubon,https://www.openstreetmap.org/relation/9525,Paris 12e Arrondissement,75112
https://www.openstreetmap.org/node/1353063088,https://www.openstreetmap.org/relation/11832614,Rue Crémieux,https://www.openstreetmap.org/relation/9525,Paris 12e Arrondissement,75112
https://www.openstreetmap.org/node/1353063091,https://www.openstreetmap.org/relation/11832559,Rue d'Austerlitz,https://www.openstreetmap.org/relation/9525,Paris 12e Arrondissement,75112
https://www.openstreetmap.org/node/1353063093,https://www.openstreetmap.org/relation/11832590,Rue de Prague,https://www.openstreetmap.org/relation/9525,Paris 12e Arrondissement,75112
https://www.openstreetmap.org/node/1353063099,https://www.openstreetmap.org/relation/11832258,Rue Traversière,https://www.openstreetmap.org/relation/9525,Paris 12e Arrondissement,75112
https://www.openstreetmap.org/node/1353063102,https://www.openstreetmap.org/relation/11832258,Rue Traversière,https://www.openstreetmap.org/relation/9525,Paris 12e Arrondissement,75112
https://www.openstreetmap.org/node/1353063104,https://www.openstreetmap.org/relation/11832258,Rue Traversière,https://www.openstreetmap.org/relation/9525,Paris 12e Arrondissement,75112
https://www.openstreetmap.org/node/1353063109,https://www.openstreetmap.org/relation/11832258,Rue Traversière,https://www.openstreetmap.org/relation/9525,Paris 12e Arrondissement,75112
https://www.openstreetmap.org/node/1353063113,https://www.openstreetmap.org/relation/11832258,Rue Traversière,https://www.openstreetmap.org/relation/9525,Paris 12e Arrondissement,75112
https://www.openstreetmap.org/node/1353063114,https://www.openstreetmap.org/relation/11832462,Rue Audubon,https://www.openstreetmap.org/relation/9525,Paris 12e Arrondissement,75112
https://www.openstreetmap.org/node/1353063115,https://www.openstreetmap.org/relation/11832614,Rue Crémieux,https://www.openstreetmap.org/relation/9525,Paris 12e Arrondissement,75112
https://www.openstreetmap.org/node/1353063124,https://www.openstreetmap.org/relation/11832258,Rue Traversière,https://www.openstreetmap.org/relation/9525,Paris 12e Arrondissement,75112
https://www.openstreetmap.org/node/1353063125,https://www.openstreetmap.org/relation/11832559,Rue d'Austerlitz,https://www.openstreetmap.org/relation/9525,Paris 12e Arrondissement,75112
https://www.openstreetmap.org/node/1353063126,https://www.openstreetmap.org/relation/11832590,Rue de Prague,https://www.openstreetmap.org/relation/9525,Paris 12e Arrondissement,75112
https://www.openstreetmap.org/node/1353063127,https://www.openstreetmap.org/relation/11832462,Rue Audubon,https://www.openstreetmap.org/relation/9525,Paris 12e Arrondissement,75112
https://www.openstreetmap.org/node/1353063136,https://www.openstreetmap.org/relation/11832614,Rue Crémieux,https://www.openstreetmap.org/relation/9525,Paris 12e Arrondissement,75112
https://www.openstreetmap.org/node/1353063137,https://www.openstreetmap.org/relation/11832258,Rue Traversière,https://www.openstreetmap.org/relation/9525,Paris 12e Arrondissement,75112
https://www.openstreetmap.org/node/1353063138,https://www.openstreetmap.org/relation/11832559,Rue d'Austerlitz,https://www.openstreetmap.org/relation/9525,Paris 12e Arrondissement,75112
https://www.openstreetmap.org/node/1353063141,https://www.openstreetmap.org/relation/11832590,Rue de Prague,https://www.openstreetmap.org/relation/9525,Paris 12e Arrondissement,75112
https://www.openstreetmap.org/node/1353123974,https://www.openstreetmap.org/relation/11828870,Rue Mornay,https://www.openstreetmap.org/relation/9597,Paris 4e Arrondissement,75104
https://www.openstreetmap.org/node/1353123978,https://www.openstreetmap.org/relation/11828802,Rue de Sully,https://www.openstreetmap.org/relation/9597,Paris 4e Arrondissement,75104
https://www.openstreetmap.org/node/1353123981,https://www.openstreetmap.org/relation/11828888,Rue Crillon,https://www.openstreetmap.org/relation/9597,Paris 4e Arrondissement,75104
https://www.openstreetmap.org/node/1353123984,https://www.openstreetmap.org/relation/11828888,Rue Crillon,https://www.openstreetmap.org/relation/9597,Paris 4e Arrondissement,75104
https://www.openstreetmap.org/node/1353123986,https://www.openstreetmap.org/relation/11828895,Boulevard Bourdon,https://www.openstreetmap.org/relation/9597,Paris 4e Arrondissement,75104
https://www.openstreetmap.org/node/1353123990,https://www.openstreetmap.org/relation/11828895,Boulevard Bourdon,https://www.openstreetmap.org/relation/9597,Paris 4e Arrondissement,75104
https://www.openstreetmap.org/node/1353123993,https://www.openstreetmap.org/relation/11828895,Boulevard Bourdon,https://www.openstreetmap.org/relation/9597,Paris 4e Arrondissement,75104
https://www.openstreetmap.org/node/1353123999,https://www.openstreetmap.org/relation/11828895,Boulevard Bourdon,https://www.openstreetmap.org/relation/9597,Paris 4e Arrondissement,75104
https://www.openstreetmap.org/node/1353124001,https://www.openstreetmap.org/relation/11828870,Rue Mornay,https://www.openstreetmap.org/relation/9597,Paris 4e Arrondissement,75104
https://www.openstreetmap.org/node/1353124005,https://www.openstreetmap.org/relation/11828820,Boulevard Morland,https://www.openstreetmap.org/relation/9597,Paris 4e Arrondissement,75104
https://www.openstreetmap.org/node/1353124008,https://www.openstreetmap.org/relation/11828888,Rue Crillon,https://www.openstreetmap.org/relation/9597,Paris 4e Arrondissement,75104
https://www.openstreetmap.org/node/1353124011,https://www.openstreetmap.org/relation/11828888,Rue Crillon,https://www.openstreetmap.org/relation/9597,Paris 4e Arrondissement,75104
https://www.openstreetmap.org/node/1353124014,https://www.openstreetmap.org/relation/11828895,Boulevard Bourdon,https://www.openstreetmap.org/relation/9597,Paris 4e Arrondissement,75104
https://www.openstreetmap.org/node/1353124017,https://www.openstreetmap.org/relation/11828802,Rue de Sully,https://www.openstreetmap.org/relation/9597,Paris 4e Arrondissement,75104
https://www.openstreetmap.org/node/1353124019,https://www.openstreetmap.org/relation/11828820,Boulevard Morland,https://www.openstreetmap.org/relation/9597,Paris 4e Arrondissement,75104
https://www.openstreetmap.org/node/1353124022,https://www.openstreetmap.org/relation/11828888,Rue Crillon,https://www.openstreetmap.org/relation/9597,Paris 4e Arrondissement,75104
https://www.openstreetmap.org/node/1353124025,https://www.openstreetmap.org/relation/11828820,Boulevard Morland,https://www.openstreetmap.org/relation/9597,Paris 4e Arrondissement,75104
https://www.openstreetmap.org/node/1353124029,https://www.openstreetmap.org/relation/11828895,Boulevard Bourdon,https://www.openstreetmap.org/relation/9597,Paris 4e Arrondissement,75104
https://www.openstreetmap.org/node/1353124032,https://www.openstreetmap.org/relation/11828888,Rue Crillon,https://www.openstreetmap.org/relation/9597,Paris 4e Arrondissement,75104
https://www.openstreetmap.org/node/1353124041,https://www.openstreetmap.org/relation/11828895,Boulevard Bourdon,https://www.openstreetmap.org/relation/9597,Paris 4e Arrondissement,75104
https://www.openstreetmap.org/node/1370190233,https://www.openstreetmap.org/relation/11832359,Rue Abel,https://www.openstreetmap.org/relation/9525,Paris 12e Arrondissement,75112
https://www.openstreetmap.org/node/1370190237,https://www.openstreetmap.org/relation/11832394,Rue Michel Chasles,https://www.openstreetmap.org/relation/9525,Paris 12e Arrondissement,75112
https://www.openstreetmap.org/node/1370190239,https://www.openstreetmap.org/relation/11832556,Rue de Cotte,https://www.openstreetmap.org/relation/9525,Paris 12e Arrondissement,75112
https://www.openstreetmap.org/node/1370190242,https://www.openstreetmap.org/relation/11832457,Rue Émile Gilbert,https://www.openstreetmap.org/relation/9525,Paris 12e Arrondissement,75112
https://www.openstreetmap.org/node/1370190247,https://www.openstreetmap.org/relation/4116996,Cour du Marché Saint-Antoine,https://www.openstreetmap.org/relation/9525,Paris 12e Arrondissement,75112
https://www.openstreetmap.org/node/1370190248,https://www.openstreetmap.org/relation/11832359,Rue Abel,https://www.openstreetmap.org/relation/9525,Paris 12e Arrondissement,75112
https://www.openstreetmap.org/node/1370190252,https://www.openstreetmap.org/relation/11832394,Rue Michel Chasles,https://www.openstreetmap.org/relation/9525,Paris 12e Arrondissement,75112
https://www.openstreetmap.org/node/1370190258,https://www.openstreetmap.org/relation/11832556,Rue de Cotte,https://www.openstreetmap.org/relation/9525,Paris 12e Arrondissement,75112
https://www.openstreetmap.org/node/1370190265,https://www.openstreetmap.org/relation/11832457,Rue Émile Gilbert,https://www.openstreetmap.org/relation/9525,Paris 12e Arrondissement,75112
https://www.openstreetmap.org/node/1370190268,https://www.openstreetmap.org/relation/11832556,Rue de Cotte,https://www.openstreetmap.org/relation/9525,Paris 12e Arrondissement,75112
https://www.openstreetmap.org/node/1370190272,https://www.openstreetmap.org/relation/4116996,Cour du Marché Saint-Antoine,https://www.openstreetmap.org/relation/9525,Paris 12e Arrondissement,75112
https://www.openstreetmap.org/node/1370190285,https://www.openstreetmap.org/relation/11832394,Rue Michel Chasles,https://www.openstreetmap.org/relation/9525,Paris 12e Arrondissement,75112
https://www.openstreetmap.org/node/1370190287,https://www.openstreetmap.org/relation/11832556,Rue de Cotte,https://www.openstreetmap.org/relation/9525,Paris 12e Arrondissement,75112
https://www.openstreetmap.org/node/1370190289,https://www.openstreetmap.org/relation/11832457,Rue Émile Gilbert,https://www.openstreetmap.org/relation/9525,Paris 12e Arrondissement,75112
https://www.openstreetmap.org/node/1370190290,https://www.openstreetmap.org/relation/11832359,Rue Abel,https://www.openstreetmap.org/relation/9525,Paris 12e Arrondissement,75112
https://www.openstreetmap.org/node/1370190291,https://www.openstreetmap.org/relation/11832556,Rue de Cotte,https://www.openstreetmap.org/relation/9525,Paris 12e Arrondissement,75112
https://www.openstreetmap.org/node/1370190292,https://www.openstreetmap.org/relation/11832359,Rue Abel,https://www.openstreetmap.org/relation/9525,Paris 12e Arrondissement,75112
https://www.openstreetmap.org/node/1370190293,https://www.openstreetmap.org/relation/11832394,Rue Michel Chasles,https://www.openstreetmap.org/relation/9525,Paris 12e Arrondissement,75112
https://www.openstreetmap.org/node/1370190294,https://www.openstreetmap.org/relation/11832556,Rue de Cotte,https://www.openstreetmap.org/relation/9525,Paris 12e Arrondissement,75112
https://www.openstreetmap.org/node/1370190295,https://www.openstreetmap.org/relation/4116996,Cour du Marché Saint-Antoine,https://www.openstreetmap.org/relation/9525,Paris 12e Arrondissement,75112
https://www.openstreetmap.org/node/1370190296,https://www.openstreetmap.org/relation/11832359,Rue Abel,https://www.openstreetmap.org/relation/9525,Paris 12e Arrondissement,75112
https://www.openstreetmap.org/node/1370190297,https://www.openstreetmap.org/relation/11832394,Rue Michel Chasles,https://www.openstreetmap.org/relation/9525,Paris 12e Arrondissement,75112
https://www.openstreetmap.org/node/1370190298,https://www.openstreetmap.org/relation/11832556,Rue de Cotte,https://www.openstreetmap.org/relation/9525,Paris 12e Arrondissement,75112
https://www.openstreetmap.org/node/1370190299,https://www.openstreetmap.org/relation/4116996,Cour du Marché Saint-Antoine,https://www.openstreetmap.org/relation/9525,Paris 12e Arrondissement,75112
https://www.openstreetmap.org/node/1370190300,https://www.openstreetmap.org/relation/11832359,Rue Abel,https://www.openstreetmap.org/relation/9525,Paris 12e Arrondissement,75112
https://www.openstreetmap.org/node/1370190301,https://www.openstreetmap.org/relation/11832394,Rue Michel Chasles,https://www.openstreetmap.org/relation/9525,Paris 12e Arrondissement,75112
https://www.openstreetmap.org/node/1370190302,https://www.openstreetmap.org/relation/11832556,Rue de Cotte,https://www.openstreetmap.org/relation/9525,Paris 12e Arrondissement,75112
https://www.openstreetmap.org/node/1370190303,https://www.openstreetmap.org/relation/11832359,Rue Abel,https://www.openstreetmap.org/relation/9525,Paris 12e Arrondissement,75112
https://www.openstreetmap.org/node/1370190304,https://www.openstreetmap.org/relation/4116996,Cour du Marché Saint-Antoine,https://www.openstreetmap.org/relation/9525,Paris 12e Arrondissement,75112
https://www.openstreetmap.org/node/1370190305,https://www.openstreetmap.org/relation/11832359,Rue Abel,https://www.openstreetmap.org/relation/9525,Paris 12e Arrondissement,75112
https://www.openstreetmap.org/node/1370190306,https://www.openstreetmap.org/relation/11832394,Rue Michel Chasles,https://www.openstreetmap.org/relation/9525,Paris 12e Arrondissement,75112
https://www.openstreetmap.org/node/1370190307,https://www.openstreetmap.org/relation/11832556,Rue de Cotte,https://www.openstreetmap.org/relation/9525,Paris 12e Arrondissement,75112
https://www.openstreetmap.org/node/1370190308,https://www.openstreetmap.org/relation/11832359,Rue Abel,https://www.openstreetmap.org/relation/9525,Paris 12e Arrondissement,75112
https://www.openstreetmap.org/node/1370190309,https://www.openstreetmap.org/relation/4116996,Cour du Marché Saint-Antoine,https://www.openstreetmap.org/relation/9525,Paris 12e Arrondissement,75112
https://www.openstreetmap.org/node/1370190310,https://www.openstreetmap.org/relation/11832359,Rue Abel,https://www.openstreetmap.org/relation/9525,Paris 12e Arrondissement,75112
https://www.openstreetmap.org/node/1370190311,https://www.openstreetmap.org/relation/11832394,Rue Michel Chasles,https://www.openstreetmap.org/relation/9525,Paris 12e Arrondissement,75112
https://www.openstreetmap.org/node/1370190312,https://www.openstreetmap.org/relation/11832556,Rue de Cotte,https://www.openstreetmap.org/relation/9525,Paris 12e Arrondissement,75112
https://www.openstreetmap.org/node/1370190313,https://www.openstreetmap.org/relation/4116996,Cour du Marché Saint-Antoine,https://www.openstreetmap.org/relation/9525,Paris 12e Arrondissement,75112
https://www.openstreetmap.org/node/1370190314,https://www.openstreetmap.org/relation/11832359,Rue Abel,https://www.openstreetmap.org/relation/9525,Paris 12e Arrondissement,75112
https://www.openstreetmap.org/node/1370190315,https://www.openstreetmap.org/relation/11832394,Rue Michel Chasles,https://www.openstreetmap.org/relation/9525,Paris 12e Arrondissement,75112
https://www.openstreetmap.org/node/1370190316,https://www.openstreetmap.org/relation/11832556,Rue de Cotte,https://www.openstreetmap.org/relation/9525,Paris 12e Arrondissement,75112
https://www.openstreetmap.org/node/1370190317,https://www.openstreetmap.org/relation/4116996,Cour du Marché Saint-Antoine,https://www.openstreetmap.org/relation/9525,Paris 12e Arrondissement,75112
https://www.openstreetmap.org/node/1370190318,https://www.openstreetmap.org/relation/11832359,Rue Abel,https://www.openstreetmap.org/relation/9525,Paris 12e Arrondissement,75112
https://www.openstreetmap.org/node/1370190319,https://www.openstreetmap.org/relation/11832556,Rue de Cotte,https://www.openstreetmap.org/relation/9525,Paris 12e Arrondissement,75112
https://www.openstreetmap.org/node/1370190320,https://www.openstreetmap.org/relation/4116996,Cour du Marché Saint-Antoine,https://www.openstreetmap.org/relation/9525,Paris 12e Arrondissement,75112
https://www.openstreetmap.org/node/1370190321,https://www.openstreetmap.org/relation/11832359,Rue Abel,https://www.openstreetmap.org/relation/9525,Paris 12e Arrondissement,75112
https://www.openstreetmap.org/node/1370190322,https://www.openstreetmap.org/relation/11832556,Rue de Cotte,https://www.openstreetmap.org/relation/9525,Paris 12e Arrondissement,75112
https://www.openstreetmap.org/node/1370190323,https://www.openstreetmap.org/relation/11832556,Rue de Cotte,https://www.openstreetmap.org/relation/9525,Paris 12e Arrondissement,75112
https://www.openstreetmap.org/node/1370190324,https://www.openstreetmap.org/relation/11832359,Rue Abel,https://www.openstreetmap.org/relation/9525,Paris 12e Arrondissement,75112
https://www.openstreetmap.org/node/1370190325,https://www.openstreetmap.org/relation/11832394,Rue Michel Chasles,https://www.openstreetmap.org/relation/9525,Paris 12e Arrondissement,75112
https://www.openstreetmap.org/node/1370190326,https://www.openstreetmap.org/relation/11832556,Rue de Cotte,https://www.openstreetmap.org/relation/9525,Paris 12e Arrondissement,75112
https://www.openstreetmap.org/node/1370190328,https://www.openstreetmap.org/relation/11832457,Rue Émile Gilbert,https://www.openstreetmap.org/relation/9525,Paris 12e Arrondissement,75112
https://www.openstreetmap.org/node/1370190330,https://www.openstreetmap.org/relation/4116996,Cour du Marché Saint-Antoine,https://www.openstreetmap.org/relation/9525,Paris 12e Arrondissement,75112
https://www.openstreetmap.org/node/1370190331,https://www.openstreetmap.org/relation/11832359,Rue Abel,https://www.openstreetmap.org/relation/9525,Paris 12e Arrondissement,75112
https://www.openstreetmap.org/node/1370190333,https://www.openstreetmap.org/relation/11832556,Rue de Cotte,https://www.openstreetmap.org/relation/9525,Paris 12e Arrondissement,75112
https://www.openstreetmap.org/node/1370190334,https://www.openstreetmap.org/relation/11832556,Rue de Cotte,https://www.openstreetmap.org/relation/9525,Paris 12e Arrondissement,75112
https://www.openstreetmap.org/node/1370190336,https://www.openstreetmap.org/relation/11832556,Rue de Cotte,https://www.openstreetmap.org/relation/9525,Paris 12e Arrondissement,75112
https://www.openstreetmap.org/node/1370190339,https://www.openstreetmap.org/relation/11832556,Rue de Cotte,https://www.openstreetmap.org/relation/9525,Paris 12e Arrondissement,75112
https://www.openstreetmap.org/node/1370190341,https://www.openstreetmap.org/relation/11832556,Rue de Cotte,https://www.openstreetmap.org/relation/9525,Paris 12e Arrondissement,75112
https://www.openstreetmap.org/node/1370190346,https://www.openstreetmap.org/relation/11832556,Rue de Cotte,https://www.openstreetmap.org/relation/9525,Paris 12e Arrondissement,75112
https://www.openstreetmap.org/node/1370190347,https://www.openstreetmap.org/relation/11832556,Rue de Cotte,https://www.openstreetmap.org/relation/9525,Paris 12e Arrondissement,75112
https://www.openstreetmap.org/node/1370190349,https://www.openstreetmap.org/relation/11832556,Rue de Cotte,https://www.openstreetmap.org/relation/9525,Paris 12e Arrondissement,75112
https://www.openstreetmap.org/node/1370190352,https://www.openstreetmap.org/relation/11832556,Rue de Cotte,https://www.openstreetmap.org/relation/9525,Paris 12e Arrondissement,75112
https://www.openstreetmap.org/node/1370190354,https://www.openstreetmap.org/relation/11832359,Rue Abel,https://www.openstreetmap.org/relation/9525,Paris 12e Arrondissement,75112
https://www.openstreetmap.org/node/1370190356,https://www.openstreetmap.org/relation/11832394,Rue Michel Chasles,https://www.openstreetmap.org/relation/9525,Paris 12e Arrondissement,75112
https://www.openstreetmap.org/node/1370190359,https://www.openstreetmap.org/relation/11832556,Rue de Cotte,https://www.openstreetmap.org/relation/9525,Paris 12e Arrondissement,75112
https://www.openstreetmap.org/node/1370190360,https://www.openstreetmap.org/relation/11832457,Rue Émile Gilbert,https://www.openstreetmap.org/relation/9525,Paris 12e Arrondissement,75112
https://www.openstreetmap.org/node/1370190361,https://www.openstreetmap.org/relation/11832556,Rue de Cotte,https://www.openstreetmap.org/relation/9525,Paris 12e Arrondissement,75112
https://www.openstreetmap.org/node/1370190362,https://www.openstreetmap.org/relation/11832556,Rue de Cotte,https://www.openstreetmap.org/relation/9525,Paris 12e Arrondissement,75112
https://www.openstreetmap.org/node/1370190367,https://www.openstreetmap.org/relation/11832556,Rue de Cotte,https://www.openstreetmap.org/relation/9525,Paris 12e Arrondissement,75112
https://www.openstreetmap.org/node/1370190368,https://www.openstreetmap.org/relation/11832556,Rue de Cotte,https://www.openstreetmap.org/relation/9525,Paris 12e Arrondissement,75112
https://www.openstreetmap.org/node/1370190369,https://www.openstreetmap.org/relation/11832359,Rue Abel,https://www.openstreetmap.org/relation/9525,Paris 12e Arrondissement,75112
https://www.openstreetmap.org/node/1370190370,https://www.openstreetmap.org/relation/4116996,Cour du Marché Saint-Antoine,https://www.openstreetmap.org/relation/9525,Paris 12e Arrondissement,75112
https://www.openstreetmap.org/node/1370190374,https://www.openstreetmap.org/relation/11832359,Rue Abel,https://www.openstreetmap.org/relation/9525,Paris 12e Arrondissement,75112
https://www.openstreetmap.org/node/1370190375,https://www.openstreetmap.org/relation/11832394,Rue Michel Chasles,https://www.openstreetmap.org/relation/9525,Paris 12e Arrondissement,75112
https://www.openstreetmap.org/node/1370190376,https://www.openstreetmap.org/relation/11832556,Rue de Cotte,https://www.openstreetmap.org/relation/9525,Paris 12e Arrondissement,75112
https://www.openstreetmap.org/node/1370190380,https://www.openstreetmap.org/relation/11832457,Rue Émile Gilbert,https://www.openstreetmap.org/relation/9525,Paris 12e Arrondissement,75112
https://www.openstreetmap.org/node/1370190381,https://www.openstreetmap.org/relation/11832394,Rue Michel Chasles,https://www.openstreetmap.org/relation/9525,Paris 12e Arrondissement,75112
https://www.openstreetmap.org/node/1370190382,https://www.openstreetmap.org/relation/4116996,Cour du Marché Saint-Antoine,https://www.openstreetmap.org/relation/9525,Paris 12e Arrondissement,75112
https://www.openstreetmap.org/node/1370190383,https://www.openstreetmap.org/relation/11832359,Rue Abel,https://www.openstreetmap.org/relation/9525,Paris 12e Arrondissement,75112
https://www.openstreetmap.org/node/1370190387,https://www.openstreetmap.org/relation/11832556,Rue de Cotte,https://www.openstreetmap.org/relation/9525,Paris 12e Arrondissement,75112
https://www.openstreetmap.org/node/1370190388,https://www.openstreetmap.org/relation/11832457,Rue Émile Gilbert,https://www.openstreetmap.org/relation/9525,Paris 12e Arrondissement,75112
https://www.openstreetmap.org/node/1370190392,https://www.openstreetmap.org/relation/11832359,Rue Abel,https://www.openstreetmap.org/relation/9525,Paris 12e Arrondissement,75112
https://www.openstreetmap.org/node/1370190394,https://www.openstreetmap.org/relation/11832394,Rue Michel Chasles,https://www.openstreetmap.org/relation/9525,Paris 12e Arrondissement,75112
https://www.openstreetmap.org/node/1370190395,https://www.openstreetmap.org/relation/11832556,Rue de Cotte,https://www.openstreetmap.org/relation/9525,Paris 12e Arrondissement,75112
https://www.openstreetmap.org/node/1370190396,https://www.openstreetmap.org/relation/11832457,Rue Émile Gilbert,https://www.openstreetmap.org/relation/9525,Paris 12e Arrondissement,75112
https://www.openstreetmap.org/node/1370190398,https://www.openstreetmap.org/relation/4116996,Cour du Marché Saint-Antoine,https://www.openstreetmap.org/relation/9525,Paris 12e Arrondissement,75112
https://www.openstreetmap.org/node/1370190402,https://www.openstreetmap.org/relation/11832359,Rue Abel,https://www.openstreetmap.org/relation/9525,Paris 12e Arrondissement,75112
https://www.openstreetmap.org/node/1370190403,https://www.openstreetmap.org/relation/11832394,Rue Michel Chasles,https://www.openstreetmap.org/relation/9525,Paris 12e Arrondissement,75112
https://www.openstreetmap.org/node/1370190404,https://www.openstreetmap.org/relation/11832556,Rue de Cotte,https://www.openstreetmap.org/relation/9525,Paris 12e Arrondissement,75112
https://www.openstreetmap.org/node/1370190408,https://www.openstreetmap.org/relation/11832457,Rue Émile Gilbert,https://www.openstreetmap.org/relation/9525,Paris 12e Arrondissement,75112
https://www.openstreetmap.org/node/1370190409,https://www.openstreetmap.org/relation/11832394,Rue Michel Chasles,https://www.openstreetmap.org/relation/9525,Paris 12e Arrondissement,75112
https://www.openstreetmap.org/node/1370190410,https://www.openstreetmap.org/relation/4116996,Cour du Marché Saint-Antoine,https://www.openstreetmap.org/relation/9525,Paris 12e Arrondissement,75112
https://www.openstreetmap.org/node/1370190411,https://www.openstreetmap.org/relation/11832359,Rue Abel,https://www.openstreetmap.org/relation/9525,Paris 12e Arrondissement,75112
https://www.openstreetmap.org/node/1370190415,https://www.openstreetmap.org/relation/11832394,Rue Michel Chasles,https://www.openstreetmap.org/relation/9525,Paris 12e Arrondissement,75112
https://www.openstreetmap.org/node/1370190416,https://www.openstreetmap.org/relation/11832556,Rue de Cotte,https://www.openstreetmap.org/relation/9525,Paris 12e Arrondissement,75112
https://www.openstreetmap.org/node/1370190417,https://www.openstreetmap.org/relation/11832457,Rue Émile Gilbert,https://www.openstreetmap.org/relation/9525,Paris 12e Arrondissement,75112
https://www.openstreetmap.org/node/1370190419,https://www.openstreetmap.org/relation/11832359,Rue Abel,https://www.openstreetmap.org/relation/9525,Paris 12e Arrondissement,75112
https://www.openstreetmap.org/node/1370190422,https://www.openstreetmap.org/relation/4116996,Cour du Marché Saint-Antoine,https://www.openstreetmap.org/relation/9525,Paris 12e Arrondissement,75112
https://www.openstreetmap.org/node/1370190423,https://www.openstreetmap.org/relation/11832359,Rue Abel,https://www.openstreetmap.org/relation/9525,Paris 12e Arrondissement,75112
https://www.openstreetmap.org/node/1370190424,https://www.openstreetmap.org/relation/11832394,Rue Michel Chasles,https://www.openstreetmap.org/relation/9525,Paris 12e Arrondissement,75112
https://www.openstreetmap.org/node/1370190426,https://www.openstreetmap.org/relation/11832556,Rue de Cotte,https://www.openstreetmap.org/relation/9525,Paris 12e Arrondissement,75112
https://www.openstreetmap.org/node/1370190431,https://www.openstreetmap.org/relation/11832457,Rue Émile Gilbert,https://www.openstreetmap.org/relation/9525,Paris 12e Arrondissement,75112
https://www.openstreetmap.org/node/1370190432,https://www.openstreetmap.org/relation/11832394,Rue Michel Chasles,https://www.openstreetmap.org/relation/9525,Paris 12e Arrondissement,75112
https://www.openstreetmap.org/node/1370204906,https://www.openstreetmap.org/relation/11832486,Place d'Aligre,https://www.openstreetmap.org/relation/9525,Paris 12e Arrondissement,75112
https://www.openstreetmap.org/node/1370204909,https://www.openstreetmap.org/relation/11832518,Rue Émilio Castelar,https://www.openstreetmap.org/relation/9525,Paris 12e Arrondissement,75112
https://www.openstreetmap.org/node/1370204912,https://www.openstreetmap.org/relation/11832455,Rue d'Aligre,https://www.openstreetmap.org/relation/9525,Paris 12e Arrondissement,75112
https://www.openstreetmap.org/node/1370204918,https://www.openstreetmap.org/relation/11832518,Rue Émilio Castelar,https://www.openstreetmap.org/relation/9525,Paris 12e Arrondissement,75112
https://www.openstreetmap.org/node/1370204933,https://www.openstreetmap.org/relation/6949984,Rue du Faubourg Saint-Antoine,https://www.openstreetmap.org/relation/9525,Paris 12e Arrondissement,75112
https://www.openstreetmap.org/node/1370204940,https://www.openstreetmap.org/relation/6949984,Rue du Faubourg Saint-Antoine,https://www.openstreetmap.org/relation/9525,Paris 12e Arrondissement,75112
https://www.openstreetmap.org/node/1370204943,https://www.openstreetmap.org/relation/6949984,Rue du Faubourg Saint-Antoine,https://www.openstreetmap.org/relation/9525,Paris 12e Arrondissement,75112
https://www.openstreetmap.org/node/1370204946,https://www.openstreetmap.org/relation/6949984,Rue du Faubourg Saint-Antoine,https://www.openstreetmap.org/relation/9525,Paris 12e Arrondissement,75112
https://www.openstreetmap.org/node/1370204948,https://www.openstreetmap.org/relation/11832518,Rue Émilio Castelar,https://www.openstreetmap.org/relation/9525,Paris 12e Arrondissement,75112
https://www.openstreetmap.org/node/1370204952,https://www.openstreetmap.org/relation/11832486,Place d'Aligre,https://www.openstreetmap.org/relation/9525,Paris 12e Arrondissement,75112
https://www.openstreetmap.org/node/1370204955,https://www.openstreetmap.org/relation/11832518,Rue Émilio Castelar,https://www.openstreetmap.org/relation/9525,Paris 12e Arrondissement,75112
https://www.openstreetmap.org/node/1370204958,https://www.openstreetmap.org/relation/11832455,Rue d'Aligre,https://www.openstreetmap.org/relation/9525,Paris 12e Arrondissement,75112
https://www.openstreetmap.org/node/1370204969,https://www.openstreetmap.org/relation/6949984,Rue du Faubourg Saint-Antoine,https://www.openstreetmap.org/relation/9525,Paris 12e Arrondissement,75112
https://www.openstreetmap.org/node/1370204975,https://www.openstreetmap.org/relation/11832518,Rue Émilio Castelar,https://www.openstreetmap.org/relation/9525,Paris 12e Arrondissement,75112
https://www.openstreetmap.org/node/1370204976,https://www.openstreetmap.org/relation/11832455,Rue d'Aligre,https://www.openstreetmap.org/relation/9525,Paris 12e Arrondissement,75112
https://www.openstreetmap.org/node/1370204987,https://www.openstreetmap.org/relation/6949984,Rue du Faubourg Saint-Antoine,https://www.openstreetmap.org/relation/9525,Paris 12e Arrondissement,75112
https://www.openstreetmap.org/node/1370204990,https://www.openstreetmap.org/relation/6949984,Rue du Faubourg Saint-Antoine,https://www.openstreetmap.org/relation/9525,Paris 12e Arrondissement,75112
https://www.openstreetmap.org/node/1370204992,https://www.openstreetmap.org/relation/6949984,Rue du Faubourg Saint-Antoine,https://www.openstreetmap.org/relation/9525,Paris 12e Arrondissement,75112
https://www.openstreetmap.org/node/1370205002,https://www.openstreetmap.org/relation/6949984,Rue du Faubourg Saint-Antoine,https://www.openstreetmap.org/relation/9525,Paris 12e Arrondissement,75112
https://www.openstreetmap.org/node/1370205006,https://www.openstreetmap.org/relation/6949984,Rue du Faubourg Saint-Antoine,https://www.openstreetmap.org/relation/9525,Paris 12e Arrondissement,75112
https://www.openstreetmap.org/node/1370205009,https://www.openstreetmap.org/relation/11832518,Rue Émilio Castelar,https://www.openstreetmap.org/relation/9525,Paris 12e Arrondissement,75112
https://www.openstreetmap.org/node/1370205011,https://www.openstreetmap.org/relation/11832455,Rue d'Aligre,https://www.openstreetmap.org/relation/9525,Paris 12e Arrondissement,75112
https://www.openstreetmap.org/node/1370205025,https://www.openstreetmap.org/relation/11832518,Rue Émilio Castelar,https://www.openstreetmap.org/relation/9525,Paris 12e Arrondissement,75112
https://www.openstreetmap.org/node/1370205028,https://www.openstreetmap.org/relation/11832455,Rue d'Aligre,https://www.openstreetmap.org/relation/9525,Paris 12e Arrondissement,75112
https://www.openstreetmap.org/node/1370205034,https://www.openstreetmap.org/relation/11832518,Rue Émilio Castelar,https://www.openstreetmap.org/relation/9525,Paris 12e Arrondissement,75112
https://www.openstreetmap.org/node/1370205053,https://www.openstreetmap.org/relation/11832518,Rue Émilio Castelar,https://www.openstreetmap.org/relation/9525,Paris 12e Arrondissement,75112
https://www.openstreetmap.org/node/1370205057,https://www.openstreetmap.org/relation/11832455,Rue d'Aligre,https://www.openstreetmap.org/relation/9525,Paris 12e Arrondissement,75112
https://www.openstreetmap.org/node/1370205060,https://www.openstreetmap.org/relation/6949984,Rue du Faubourg Saint-Antoine,https://www.openstreetmap.org/relation/9525,Paris 12e Arrondissement,75112
https://www.openstreetmap.org/node/1370205075,https://www.openstreetmap.org/relation/11832455,Rue d'Aligre,https://www.openstreetmap.org/relation/9525,Paris 12e Arrondissement,75112
https://www.openstreetmap.org/node/1370205080,https://www.openstreetmap.org/relation/11832518,Rue Émilio Castelar,https://www.openstreetmap.org/relation/9525,Paris 12e Arrondissement,75112
https://www.openstreetmap.org/node/1370205083,https://www.openstreetmap.org/relation/11832455,Rue d'Aligre,https://www.openstreetmap.org/relation/9525,Paris 12e Arrondissement,75112
https://www.openstreetmap.org/node/1370205085,https://www.openstreetmap.org/relation/6949984,Rue du Faubourg Saint-Antoine,https://www.openstreetmap.org/relation/9525,Paris 12e Arrondissement,75112
https://www.openstreetmap.org/node/1370205101,https://www.openstreetmap.org/relation/11832455,Rue d'Aligre,https://www.openstreetmap.org/relation/9525,Paris 12e Arrondissement,75112
https://www.openstreetmap.org/node/1370205105,https://www.openstreetmap.org/relation/11832518,Rue Émilio Castelar,https://www.openstreetmap.org/relation/9525,Paris 12e Arrondissement,75112
https://www.openstreetmap.org/node/1370205109,https://www.openstreetmap.org/relation/11832486,Place d'Aligre,https://www.openstreetmap.org/relation/9525,Paris 12e Arrondissement,75112
https://www.openstreetmap.org/node/1370205120,https://www.openstreetmap.org/relation/11832518,Rue Émilio Castelar,https://www.openstreetmap.org/relation/9525,Paris 12e Arrondissement,75112
https://www.openstreetmap.org/node/1370205126,https://www.openstreetmap.org/relation/11832455,Rue d'Aligre,https://www.openstreetmap.org/relation/9525,Paris 12e Arrondissement,75112
https://www.openstreetmap.org/node/1370205134,https://www.openstreetmap.org/relation/11832455,Rue d'Aligre,https://www.openstreetmap.org/relation/9525,Paris 12e Arrondissement,75112
https://www.openstreetmap.org/node/1370205148,https://www.openstreetmap.org/relation/6949984,Rue du Faubourg Saint-Antoine,https://www.openstreetmap.org/relation/9525,Paris 12e Arrondissement,75112
https://www.openstreetmap.org/node/1370205154,https://www.openstreetmap.org/relation/11832455,Rue d'Aligre,https://www.openstreetmap.org/relation/9525,Paris 12e Arrondissement,75112
https://www.openstreetmap.org/node/1370205158,https://www.openstreetmap.org/relation/11832455,Rue d'Aligre,https://www.openstreetmap.org/relation/9525,Paris 12e Arrondissement,75112
https://www.openstreetmap.org/node/1370205159,https://www.openstreetmap.org/relation/6949984,Rue du Faubourg Saint-Antoine,https://www.openstreetmap.org/relation/9525,Paris 12e Arrondissement,75112
https://www.openstreetmap.org/node/1370205177,https://www.openstreetmap.org/relation/11832455,Rue d'Aligre,https://www.openstreetmap.org/relation/9525,Paris 12e Arrondissement,75112
https://www.openstreetmap.org/node/1370205179,https://www.openstreetmap.org/relation/11832455,Rue d'Aligre,https://www.openstreetmap.org/relation/9525,Paris 12e Arrondissement,75112
https://www.openstreetmap.org/node/1370205181,https://www.openstreetmap.org/relation/6949984,Rue du Faubourg Saint-Antoine,https://www.openstreetmap.org/relation/9525,Paris 12e Arrondissement,75112
https://www.openstreetmap.org/node/1370205184,https://www.openstreetmap.org/relation/11832433,Rue de Charenton,https://www.openstreetmap.org/relation/9525,Paris 12e Arrondissement,75112
https://www.openstreetmap.org/node/1370205204,https://www.openstreetmap.org/relation/11832433,Rue de Charenton,https://www.openstreetmap.org/relation/9525,Paris 12e Arrondissement,75112
https://www.openstreetmap.org/node/1370205205,https://www.openstreetmap.org/relation/11832455,Rue d'Aligre,https://www.openstreetmap.org/relation/9525,Paris 12e Arrondissement,75112
https://www.openstreetmap.org/node/1370205207,https://www.openstreetmap.org/relation/11832455,Rue d'Aligre,https://www.openstreetmap.org/relation/9525,Paris 12e Arrondissement,75112
https://www.openstreetmap.org/node/1370205209,https://www.openstreetmap.org/relation/6949984,Rue du Faubourg Saint-Antoine,https://www.openstreetmap.org/relation/9525,Paris 12e Arrondissement,75112
https://www.openstreetmap.org/node/1370205228,https://www.openstreetmap.org/relation/11832455,Rue d'Aligre,https://www.openstreetmap.org/relation/9525,Paris 12e Arrondissement,75112
https://www.openstreetmap.org/node/1370205229,https://www.openstreetmap.org/relation/11832455,Rue d'Aligre,https://www.openstreetmap.org/relation/9525,Paris 12e Arrondissement,75112
https://www.openstreetmap.org/node/1370205231,https://www.openstreetmap.org/relation/11832433,Rue de Charenton,https://www.openstreetmap.org/relation/9525,Paris 12e Arrondissement,75112
https://www.openstreetmap.org/node/1370205255,https://www.openstreetmap.org/relation/11832486,Place d'Aligre,https://www.openstreetmap.org/relation/9525,Paris 12e Arrondissement,75112
https://www.openstreetmap.org/node/1370205256,https://www.openstreetmap.org/relation/11832518,Rue Émilio Castelar,https://www.openstreetmap.org/relation/9525,Paris 12e Arrondissement,75112
https://www.openstreetmap.org/node/1370205279,https://www.openstreetmap.org/relation/11832455,Rue d'Aligre,https://www.openstreetmap.org/relation/9525,Paris 12e Arrondissement,75112
https://www.openstreetmap.org/node/1370205281,https://www.openstreetmap.org/relation/6949984,Rue du Faubourg Saint-Antoine,https://www.openstreetmap.org/relation/9525,Paris 12e Arrondissement,75112
https://www.openstreetmap.org/node/1370205283,https://www.openstreetmap.org/relation/11832455,Rue d'Aligre,https://www.openstreetmap.org/relation/9525,Paris 12e Arrondissement,75112
https://www.openstreetmap.org/node/1370205302,https://www.openstreetmap.org/relation/6949984,Rue du Faubourg Saint-Antoine,https://www.openstreetmap.org/relation/9525,Paris 12e Arrondissement,75112
https://www.openstreetmap.org/node/1370205307,https://www.openstreetmap.org/relation/11832455,Rue d'Aligre,https://www.openstreetmap.org/relation/9525,Paris 12e Arrondissement,75112
https://www.openstreetmap.org/node/1370205310,https://www.openstreetmap.org/relation/6949984,Rue du Faubourg Saint-Antoine,https://www.openstreetmap.org/relation/9525,Paris 12e Arrondissement,75112
https://www.openstreetmap.org/node/1370205312,https://www.openstreetmap.org/relation/11832455,Rue d'Aligre,https://www.openstreetmap.org/relation/9525,Paris 12e Arrondissement,75112
https://www.openstreetmap.org/node/1370205328,https://www.openstreetmap.org/relation/6949984,Rue du Faubourg Saint-Antoine,https://www.openstreetmap.org/relation/9525,Paris 12e Arrondissement,75112
https://www.openstreetmap.org/node/1370205331,https://www.openstreetmap.org/relation/6949984,Rue du Faubourg Saint-Antoine,https://www.openstreetmap.org/relation/9525,Paris 12e Arrondissement,75112
https://www.openstreetmap.org/node/1370205338,https://www.openstreetmap.org/relation/11832486,Place d'Aligre,https://www.openstreetmap.org/relation/9525,Paris 12e Arrondissement,75112
https://www.openstreetmap.org/node/1370205351,https://www.openstreetmap.org/relation/11832518,Rue Émilio Castelar,https://www.openstreetmap.org/relation/9525,Paris 12e Arrondissement,75112
https://www.openstreetmap.org/node/1370205355,https://www.openstreetmap.org/relation/11832455,Rue d'Aligre,https://www.openstreetmap.org/relation/9525,Paris 12e Arrondissement,75112
https://www.openstreetmap.org/node/1370205364,https://www.openstreetmap.org/relation/6949984,Rue du Faubourg Saint-Antoine,https://www.openstreetmap.org/relation/9525,Paris 12e Arrondissement,75112
https://www.openstreetmap.org/node/1370205377,https://www.openstreetmap.org/relation/6949984,Rue du Faubourg Saint-Antoine,https://www.openstreetmap.org/relation/9525,Paris 12e Arrondissement,75112
https://www.openstreetmap.org/node/1370205382,https://www.openstreetmap.org/relation/6949984,Rue du Faubourg Saint-Antoine,https://www.openstreetmap.org/relation/9525,Paris 12e Arrondissement,75112
https://www.openstreetmap.org/node/1370205396,https://www.openstreetmap.org/relation/11832486,Place d'Aligre,https://www.openstreetmap.org/relation/9525,Paris 12e Arrondissement,75112
https://www.openstreetmap.org/node/1370205399,https://www.openstreetmap.org/relation/11832518,Rue Émilio Castelar,https://www.openstreetmap.org/relation/9525,Paris 12e Arrondissement,75112
https://www.openstreetmap.org/node/1370205415,https://www.openstreetmap.org/relation/6949984,Rue du Faubourg Saint-Antoine,https://www.openstreetmap.org/relation/9525,Paris 12e Arrondissement,75112
https://www.openstreetmap.org/node/1370205419,https://www.openstreetmap.org/relation/6949984,Rue du Faubourg Saint-Antoine,https://www.openstreetmap.org/relation/9525,Paris 12e Arrondissement,75112
https://www.openstreetmap.org/node/1370205424,https://www.openstreetmap.org/relation/6949984,Rue du Faubourg Saint-Antoine,https://www.openstreetmap.org/relation/9525,Paris 12e Arrondissement,75112
https://www.openstreetmap.org/node/1370205431,https://www.openstreetmap.org/relation/11832486,Place d'Aligre,https://www.openstreetmap.org/relation/9525,Paris 12e Arrondissement,75112
https://www.openstreetmap.org/node/1370205433,https://www.openstreetmap.org/relation/11832518,Rue Émilio Castelar,https://www.openstreetmap.org/relation/9525,Paris 12e Arrondissement,75112
https://www.openstreetmap.org/node/1370205451,https://www.openstreetmap.org/relation/6949984,Rue du Faubourg Saint-Antoine,https://www.openstreetmap.org/relation/9525,Paris 12e Arrondissement,75112
https://www.openstreetmap.org/node/1370205456,https://www.openstreetmap.org/relation/6949984,Rue du Faubourg Saint-Antoine,https://www.openstreetmap.org/relation/9525,Paris 12e Arrondissement,75112
https://www.openstreetmap.org/node/1370205459,https://www.openstreetmap.org/relation/11832518,Rue Émilio Castelar,https://www.openstreetmap.org/relation/9525,Paris 12e Arrondissement,75112
https://www.openstreetmap.org/node/1370205461,https://www.openstreetmap.org/relation/11832455,Rue d'Aligre,https://www.openstreetmap.org/relation/9525,Paris 12e Arrondissement,75112
https://www.openstreetmap.org/node/1370205468,https://www.openstreetmap.org/relation/6949984,Rue du Faubourg Saint-Antoine,https://www.openstreetmap.org/relation/9525,Paris 12e Arrondissement,75112
https://www.openstreetmap.org/node/1370205477,https://www.openstreetmap.org/relation/6949984,Rue du Faubourg Saint-Antoine,https://www.openstreetmap.org/relation/9525,Paris 12e Arrondissement,75112
https://www.openstreetmap.org/node/1370205491,https://www.openstreetmap.org/relation/6949984,Rue du Faubourg Saint-Antoine,https://www.openstreetmap.org/relation/9525,Paris 12e Arrondissement,75112
https://www.openstreetmap.org/node/1370205493,https://www.openstreetmap.org/relation/11832455,Rue d'Aligre,https://www.openstreetmap.org/relation/9525,Paris 12e Arrondissement,75112
https://www.openstreetmap.org/node/1370205494,https://www.openstreetmap.org/relation/11832486,Place d'Aligre,https://www.openstreetmap.org/relation/9525,Paris 12e Arrondissement,75112
https://www.openstreetmap.org/node/1370205496,https://www.openstreetmap.org/relation/11832518,Rue Émilio Castelar,https://www.openstreetmap.org/relation/9525,Paris 12e Arrondissement,75112
https://www.openstreetmap.org/node/1370205516,https://www.openstreetmap.org/relation/6949984,Rue du Faubourg Saint-Antoine,https://www.openstreetmap.org/relation/9525,Paris 12e Arrondissement,75112
https://www.openstreetmap.org/node/1370205525,https://www.openstreetmap.org/relation/6949984,Rue du Faubourg Saint-Antoine,https://www.openstreetmap.org/relation/9525,Paris 12e Arrondissement,75112
https://www.openstreetmap.org/node/1370205527,https://www.openstreetmap.org/relation/6949984,Rue du Faubourg Saint-Antoine,https://www.openstreetmap.org/relation/9525,Paris 12e Arrondissement,75112
https://www.openstreetmap.org/node/1370205528,https://www.openstreetmap.org/relation/6949984,Rue du Faubourg Saint-Antoine,https://www.openstreetmap.org/relation/9525,Paris 12e Arrondissement,75112
https://www.openstreetmap.org/node/1370205532,https://www.openstreetmap.org/relation/6949984,Rue du Faubourg Saint-Antoine,https://www.openstreetmap.org/relation/9525,Paris 12e Arrondissement,75112
https://www.openstreetmap.org/node/1370205541,https://www.openstreetmap.org/relation/11832486,Place d'Aligre,https://www.openstreetmap.org/relation/9525,Paris 12e Arrondissement,75112
https://www.openstreetmap.org/node/1370205544,https://www.openstreetmap.org/relation/11832518,Rue Émilio Castelar,https://www.openstreetmap.org/relation/9525,Paris 12e Arrondissement,75112
https://www.openstreetmap.org/node/1370205548,https://www.openstreetmap.org/relation/11832455,Rue d'Aligre,https://www.openstreetmap.org/relation/9525,Paris 12e Arrondissement,75112
https://www.openstreetmap.org/node/1370205551,https://www.openstreetmap.org/relation/6949984,Rue du Faubourg Saint-Antoine,https://www.openstreetmap.org/relation/9525,Paris 12e Arrondissement,75112
https://www.openstreetmap.org/node/1370205558,https://www.openstreetmap.org/relation/6949984,Rue du Faubourg Saint-Antoine,https://www.openstreetmap.org/relation/9525,Paris 12e Arrondissement,75112
https://www.openstreetmap.org/node/1370205561,https://www.openstreetmap.org/relation/6949984,Rue du Faubourg Saint-Antoine,https://www.openstreetmap.org/relation/9525,Paris 12e Arrondissement,75112
https://www.openstreetmap.org/node/1372868291,https://www.openstreetmap.org/relation/11832268,Boulevard Diderot,https://www.openstreetmap.org/relation/9525,Paris 12e Arrondissement,75112
https://www.openstreetmap.org/node/1372868293,https://www.openstreetmap.org/relation/11832317,Rue Parrot,https://www.openstreetmap.org/relation/9525,Paris 12e Arrondissement,75112
https://www.openstreetmap.org/node/1372868335,https://www.openstreetmap.org/relation/11832317,Rue Parrot,https://www.openstreetmap.org/relation/9525,Paris 12e Arrondissement,75112
https://www.openstreetmap.org/node/1372868344,https://www.openstreetmap.org/relation/11832268,Boulevard Diderot,https://www.openstreetmap.org/relation/9525,Paris 12e Arrondissement,75112
https://www.openstreetmap.org/node/1372868349,https://www.openstreetmap.org/relation/11832317,Rue Parrot,https://www.openstreetmap.org/relation/9525,Paris 12e Arrondissement,75112
https://www.openstreetmap.org/node/1372868359,https://www.openstreetmap.org/relation/11832317,Rue Parrot,https://www.openstreetmap.org/relation/9525,Paris 12e Arrondissement,75112
https://www.openstreetmap.org/node/1372868378,https://www.openstreetmap.org/relation/11832317,Rue Parrot,https://www.openstreetmap.org/relation/9525,Paris 12e Arrondissement,75112
https://www.openstreetmap.org/node/1372868382,https://www.openstreetmap.org/relation/11832317,Rue Parrot,https://www.openstreetmap.org/relation/9525,Paris 12e Arrondissement,75112
https://www.openstreetmap.org/node/1372868390,https://www.openstreetmap.org/relation/11832317,Rue Parrot,https://www.openstreetmap.org/relation/9525,Paris 12e Arrondissement,75112
https://www.openstreetmap.org/node/1372868393,https://www.openstreetmap.org/relation/11832268,Boulevard Diderot,https://www.openstreetmap.org/relation/9525,Paris 12e Arrondissement,75112
https://www.openstreetmap.org/node/1372868409,https://www.openstreetmap.org/relation/11832317,Rue Parrot,https://www.openstreetmap.org/relation/9525,Paris 12e Arrondissement,75112
https://www.openstreetmap.org/node/1372868413,https://www.openstreetmap.org/relation/11832317,Rue Parrot,https://www.openstreetmap.org/relation/9525,Paris 12e Arrondissement,75112
https://www.openstreetmap.org/node/1372868420,https://www.openstreetmap.org/relation/11832268,Boulevard Diderot,https://www.openstreetmap.org/relation/9525,Paris 12e Arrondissement,75112
https://www.openstreetmap.org/node/1372868426,https://www.openstreetmap.org/relation/11832317,Rue Parrot,https://www.openstreetmap.org/relation/9525,Paris 12e Arrondissement,75112
https://www.openstreetmap.org/node/1372868448,https://www.openstreetmap.org/relation/11832268,Boulevard Diderot,https://www.openstreetmap.org/relation/9525,Paris 12e Arrondissement,75112
https://www.openstreetmap.org/node/1372868455,https://www.openstreetmap.org/relation/11832317,Rue Parrot,https://www.openstreetmap.org/relation/9525,Paris 12e Arrondissement,75112
https://www.openstreetmap.org/node/1372868466,https://www.openstreetmap.org/relation/11832317,Rue Parrot,https://www.openstreetmap.org/relation/9525,Paris 12e Arrondissement,75112
https://www.openstreetmap.org/node/1372868486,https://www.openstreetmap.org/relation/11832317,Rue Parrot,https://www.openstreetmap.org/relation/9525,Paris 12e Arrondissement,75112
https://www.openstreetmap.org/node/1372868489,https://www.openstreetmap.org/relation/11832268,Boulevard Diderot,https://www.openstreetmap.org/relation/9525,Paris 12e Arrondissement,75112
https://www.openstreetmap.org/node/1372868497,https://www.openstreetmap.org/relation/11832268,Boulevard Diderot,https://www.openstreetmap.org/relation/9525,Paris 12e Arrondissement,75112
https://www.openstreetmap.org/node/1372868523,https://www.openstreetmap.org/relation/11832268,Boulevard Diderot,https://www.openstreetmap.org/relation/9525,Paris 12e Arrondissement,75112
https://www.openstreetmap.org/node/1372868528,https://www.openstreetmap.org/relation/11832268,Boulevard Diderot,https://www.openstreetmap.org/relation/9525,Paris 12e Arrondissement,75112
https://www.openstreetmap.org/node/1372868535,https://www.openstreetmap.org/relation/11832268,Boulevard Diderot,https://www.openstreetmap.org/relation/9525,Paris 12e Arrondissement,75112
https://www.openstreetmap.org/node/1372868554,https://www.openstreetmap.org/relation/11832268,Boulevard Diderot,https://www.openstreetmap.org/relation/9525,Paris 12e Arrondissement,75112
https://www.openstreetmap.org/node/1372868558,https://www.openstreetmap.org/relation/11832268,Boulevard Diderot,https://www.openstreetmap.org/relation/9525,Paris 12e Arrondissement,75112
https://www.openstreetmap.org/node/1372868563,https://www.openstreetmap.org/relation/11832268,Boulevard Diderot,https://www.openstreetmap.org/relation/9525,Paris 12e Arrondissement,75112
https://www.openstreetmap.org/node/1372868566,https://www.openstreetmap.org/relation/11832268,Boulevard Diderot,https://www.openstreetmap.org/relation/9525,Paris 12e Arrondissement,75112
https://www.openstreetmap.org/node/1372868586,https://www.openstreetmap.org/relation/11832317,Rue Parrot,https://www.openstreetmap.org/relation/9525,Paris 12e Arrondissement,75112
https://www.openstreetmap.org/node/1372868591,https://www.openstreetmap.org/relation/11832268,Boulevard Diderot,https://www.openstreetmap.org/relation/9525,Paris 12e Arrondissement,75112
https://www.openstreetmap.org/node/1372868597,https://www.openstreetmap.org/relation/11832268,Boulevard Diderot,https://www.openstreetmap.org/relation/9525,Paris 12e Arrondissement,75112
https://www.openstreetmap.org/node/1372868602,https://www.openstreetmap.org/relation/11832268,Boulevard Diderot,https://www.openstreetmap.org/relation/9525,Paris 12e Arrondissement,75112
https://www.openstreetmap.org/node/1372868609,https://www.openstreetmap.org/relation/11832268,Boulevard Diderot,https://www.openstreetmap.org/relation/9525,Paris 12e Arrondissement,75112
https://www.openstreetmap.org/node/1372868616,https://www.openstreetmap.org/relation/11832268,Boulevard Diderot,https://www.openstreetmap.org/relation/9525,Paris 12e Arrondissement,75112
https://www.openstreetmap.org/node/1372868622,https://www.openstreetmap.org/relation/11832268,Boulevard Diderot,https://www.openstreetmap.org/relation/9525,Paris 12e Arrondissement,75112
https://www.openstreetmap.org/node/1372868641,https://www.openstreetmap.org/relation/11832268,Boulevard Diderot,https://www.openstreetmap.org/relation/9525,Paris 12e Arrondissement,75112
https://www.openstreetmap.org/node/1372868644,https://www.openstreetmap.org/relation/11832268,Boulevard Diderot,https://www.openstreetmap.org/relation/9525,Paris 12e Arrondissement,75112
https://www.openstreetmap.org/node/1372868647,https://www.openstreetmap.org/relation/11832317,Rue Parrot,https://www.openstreetmap.org/relation/9525,Paris 12e Arrondissement,75112
https://www.openstreetmap.org/node/1372868658,https://www.openstreetmap.org/relation/11832268,Boulevard Diderot,https://www.openstreetmap.org/relation/9525,Paris 12e Arrondissement,75112
https://www.openstreetmap.org/node/1372868671,https://www.openstreetmap.org/relation/11832268,Boulevard Diderot,https://www.openstreetmap.org/relation/9525,Paris 12e Arrondissement,75112
https://www.openstreetmap.org/node/1372868677,https://www.openstreetmap.org/relation/11832268,Boulevard Diderot,https://www.openstreetmap.org/relation/9525,Paris 12e Arrondissement,75112
https://www.openstreetmap.org/node/1372868681,https://www.openstreetmap.org/relation/11832268,Boulevard Diderot,https://www.openstreetmap.org/relation/9525,Paris 12e Arrondissement,75112
https://www.openstreetmap.org/node/1372868690,https://www.openstreetmap.org/relation/11832268,Boulevard Diderot,https://www.openstreetmap.org/relation/9525,Paris 12e Arrondissement,75112
https://www.openstreetmap.org/node/1372868698,https://www.openstreetmap.org/relation/11832268,Boulevard Diderot,https://www.openstreetmap.org/relation/9525,Paris 12e Arrondissement,75112
https://www.openstreetmap.org/node/1372868703,https://www.openstreetmap.org/relation/11832268,Boulevard Diderot,https://www.openstreetmap.org/relation/9525,Paris 12e Arrondissement,75112
https://www.openstreetmap.org/node/1372868709,https://www.openstreetmap.org/relation/11832268,Boulevard Diderot,https://www.openstreetmap.org/relation/9525,Paris 12e Arrondissement,75112
https://www.openstreetmap.org/node/1372868714,https://www.openstreetmap.org/relation/11832317,Rue Parrot,https://www.openstreetmap.org/relation/9525,Paris 12e Arrondissement,75112
https://www.openstreetmap.org/node/1372868730,https://www.openstreetmap.org/relation/11832268,Boulevard Diderot,https://www.openstreetmap.org/relation/9525,Paris 12e Arrondissement,75112
https://www.openstreetmap.org/node/1372868734,https://www.openstreetmap.org/relation/11832317,Rue Parrot,https://www.openstreetmap.org/relation/9525,Paris 12e Arrondissement,75112
https://www.openstreetmap.org/node/1372868739,https://www.openstreetmap.org/relation/11832268,Boulevard Diderot,https://www.openstreetmap.org/relation/9525,Paris 12e Arrondissement,75112
https://www.openstreetmap.org/node/1372868754,https://www.openstreetmap.org/relation/11832268,Boulevard Diderot,https://www.openstreetmap.org/relation/9525,Paris 12e Arrondissement,75112
https://www.openstreetmap.org/node/1372868762,https://www.openstreetmap.org/relation/11832317,Rue Parrot,https://www.openstreetmap.org/relation/9525,Paris 12e Arrondissement,75112
https://www.openstreetmap.org/node/1372868767,https://www.openstreetmap.org/relation/11832268,Boulevard Diderot,https://www.openstreetmap.org/relation/9525,Paris 12e Arrondissement,75112
https://www.openstreetmap.org/node/1372868769,https://www.openstreetmap.org/relation/11832317,Rue Parrot,https://www.openstreetmap.org/relation/9525,Paris 12e Arrondissement,75112
https://www.openstreetmap.org/node/1372868784,https://www.openstreetmap.org/relation/11832317,Rue Parrot,https://www.openstreetmap.org/relation/9525,Paris 12e Arrondissement,75112
https://www.openstreetmap.org/node/1372868785,https://www.openstreetmap.org/relation/11832268,Boulevard Diderot,https://www.openstreetmap.org/relation/9525,Paris 12e Arrondissement,75112
https://www.openstreetmap.org/node/1372868790,https://www.openstreetmap.org/relation/11832317,Rue Parrot,https://www.openstreetmap.org/relation/9525,Paris 12e Arrondissement,75112
https://www.openstreetmap.org/node/1372913364,https://www.openstreetmap.org/relation/11832298,Place du Docteur Antoine Beclère,https://www.openstreetmap.org/relation/9525,Paris 12e Arrondissement,75112
https://www.openstreetmap.org/node/1372913370,https://www.openstreetmap.org/relation/11832298,Place du Docteur Antoine Beclère,https://www.openstreetmap.org/relation/9525,Paris 12e Arrondissement,75112
https://www.openstreetmap.org/node/1372913376,https://www.openstreetmap.org/relation/11832298,Place du Docteur Antoine Beclère,https://www.openstreetmap.org/relation/9525,Paris 12e Arrondissement,75112
https://www.openstreetmap.org/node/1372913394,https://www.openstreetmap.org/relation/11832476,Rue Crozatier,https://www.openstreetmap.org/relation/9525,Paris 12e Arrondissement,75112
https://www.openstreetmap.org/node/1372982093,https://www.openstreetmap.org/relation/11832448,Impasse Barrier,https://www.openstreetmap.org/relation/9525,Paris 12e Arrondissement,75112
https://www.openstreetmap.org/node/1372982095,https://www.openstreetmap.org/relation/11832448,Impasse Barrier,https://www.openstreetmap.org/relation/9525,Paris 12e Arrondissement,75112
https://www.openstreetmap.org/node/1372982102,https://www.openstreetmap.org/relation/11832448,Impasse Barrier,https://www.openstreetmap.org/relation/9525,Paris 12e Arrondissement,75112
https://www.openstreetmap.org/node/1372982114,https://www.openstreetmap.org/relation/11832448,Impasse Barrier,https://www.openstreetmap.org/relation/9525,Paris 12e Arrondissement,75112
https://www.openstreetmap.org/node/1372982120,https://www.openstreetmap.org/relation/11832448,Impasse Barrier,https://www.openstreetmap.org/relation/9525,Paris 12e Arrondissement,75112
https://www.openstreetmap.org/node/1372982125,https://www.openstreetmap.org/relation/11832268,Boulevard Diderot,https://www.openstreetmap.org/relation/9525,Paris 12e Arrondissement,75112
https://www.openstreetmap.org/node/1372982128,https://www.openstreetmap.org/relation/11832268,Boulevard Diderot,https://www.openstreetmap.org/relation/9525,Paris 12e Arrondissement,75112
https://www.openstreetmap.org/node/1372982143,https://www.openstreetmap.org/relation/11832268,Boulevard Diderot,https://www.openstreetmap.org/relation/9525,Paris 12e Arrondissement,75112
https://www.openstreetmap.org/node/1372982147,https://www.openstreetmap.org/relation/11832268,Boulevard Diderot,https://www.openstreetmap.org/relation/9525,Paris 12e Arrondissement,75112
https://www.openstreetmap.org/node/1372982150,https://www.openstreetmap.org/relation/11832448,Impasse Barrier,https://www.openstreetmap.org/relation/9525,Paris 12e Arrondissement,75112
https://www.openstreetmap.org/node/1372982152,https://www.openstreetmap.org/relation/11832268,Boulevard Diderot,https://www.openstreetmap.org/relation/9525,Paris 12e Arrondissement,75112
https://www.openstreetmap.org/node/1372982154,https://www.openstreetmap.org/relation/11832268,Boulevard Diderot,https://www.openstreetmap.org/relation/9525,Paris 12e Arrondissement,75112
https://www.openstreetmap.org/node/1372982158,https://www.openstreetmap.org/relation/11832268,Boulevard Diderot,https://www.openstreetmap.org/relation/9525,Paris 12e Arrondissement,75112
https://www.openstreetmap.org/node/1372982166,https://www.openstreetmap.org/relation/11832268,Boulevard Diderot,https://www.openstreetmap.org/relation/9525,Paris 12e Arrondissement,75112
https://www.openstreetmap.org/node/1372982169,https://www.openstreetmap.org/relation/11832448,Impasse Barrier,https://www.openstreetmap.org/relation/9525,Paris 12e Arrondissement,75112
https://www.openstreetmap.org/node/1372982178,https://www.openstreetmap.org/relation/11832268,Boulevard Diderot,https://www.openstreetmap.org/relation/9525,Paris 12e Arrondissement,75112
https://www.openstreetmap.org/node/1372982182,https://www.openstreetmap.org/relation/11832268,Boulevard Diderot,https://www.openstreetmap.org/relation/9525,Paris 12e Arrondissement,75112
https://www.openstreetmap.org/node/1372982185,https://www.openstreetmap.org/relation/11832448,Impasse Barrier,https://www.openstreetmap.org/relation/9525,Paris 12e Arrondissement,75112
https://www.openstreetmap.org/node/1372982187,https://www.openstreetmap.org/relation/11832448,Impasse Barrier,https://www.openstreetmap.org/relation/9525,Paris 12e Arrondissement,75112
https://www.openstreetmap.org/node/1373045413,https://www.openstreetmap.org/relation/11832268,Boulevard Diderot,https://www.openstreetmap.org/relation/9525,Paris 12e Arrondissement,75112
https://www.openstreetmap.org/node/1373045418,https://www.openstreetmap.org/relation/11832268,Boulevard Diderot,https://www.openstreetmap.org/relation/9525,Paris 12e Arrondissement,75112
https://www.openstreetmap.org/node/1373045420,https://www.openstreetmap.org/relation/11832268,Boulevard Diderot,https://www.openstreetmap.org/relation/9525,Paris 12e Arrondissement,75112
https://www.openstreetmap.org/node/1373045422,https://www.openstreetmap.org/relation/11832268,Boulevard Diderot,https://www.openstreetmap.org/relation/9525,Paris 12e Arrondissement,75112
https://www.openstreetmap.org/node/1373045425,https://www.openstreetmap.org/relation/11832268,Boulevard Diderot,https://www.openstreetmap.org/relation/9525,Paris 12e Arrondissement,75112
https://www.openstreetmap.org/node/1373045436,https://www.openstreetmap.org/relation/11832268,Boulevard Diderot,https://www.openstreetmap.org/relation/9525,Paris 12e Arrondissement,75112
https://www.openstreetmap.org/node/1373045438,https://www.openstreetmap.org/relation/11832268,Boulevard Diderot,https://www.openstreetmap.org/relation/9525,Paris 12e Arrondissement,75112
https://www.openstreetmap.org/node/1373045441,https://www.openstreetmap.org/relation/11832268,Boulevard Diderot,https://www.openstreetmap.org/relation/9525,Paris 12e Arrondissement,75112
https://www.openstreetmap.org/node/1373045444,https://www.openstreetmap.org/relation/11832268,Boulevard Diderot,https://www.openstreetmap.org/relation/9525,Paris 12e Arrondissement,75112
https://www.openstreetmap.org/node/1373045456,https://www.openstreetmap.org/relation/11832268,Boulevard Diderot,https://www.openstreetmap.org/relation/9525,Paris 12e Arrondissement,75112
https://www.openstreetmap.org/node/1373045459,https://www.openstreetmap.org/relation/11832268,Boulevard Diderot,https://www.openstreetmap.org/relation/9525,Paris 12e Arrondissement,75112
https://www.openstreetmap.org/node/1373045462,https://www.openstreetmap.org/relation/11832268,Boulevard Diderot,https://www.openstreetmap.org/relation/9525,Paris 12e Arrondissement,75112
https://www.openstreetmap.org/node/1373045464,https://www.openstreetmap.org/relation/11832268,Boulevard Diderot,https://www.openstreetmap.org/relation/9525,Paris 12e Arrondissement,75112
https://www.openstreetmap.org/node/1376013593,https://www.openstreetmap.org/relation/11832268,Boulevard Diderot,https://www.openstreetmap.org/relation/9525,Paris 12e Arrondissement,75112
https://www.openstreetmap.org/node/1376013597,https://www.openstreetmap.org/relation/11832268,Boulevard Diderot,https://www.openstreetmap.org/relation/9525,Paris 12e Arrondissement,75112
https://www.openstreetmap.org/node/1376013600,https://www.openstreetmap.org/relation/11832268,Boulevard Diderot,https://www.openstreetmap.org/relation/9525,Paris 12e Arrondissement,75112
https://www.openstreetmap.org/node/1376013603,https://www.openstreetmap.org/relation/11832268,Boulevard Diderot,https://www.openstreetmap.org/relation/9525,Paris 12e Arrondissement,75112
https://www.openstreetmap.org/node/1376013619,https://www.openstreetmap.org/relation/11832268,Boulevard Diderot,https://www.openstreetmap.org/relation/9525,Paris 12e Arrondissement,75112
https://www.openstreetmap.org/node/1376013620,https://www.openstreetmap.org/relation/11832268,Boulevard Diderot,https://www.openstreetmap.org/relation/9525,Paris 12e Arrondissement,75112
https://www.openstreetmap.org/node/1376013623,https://www.openstreetmap.org/relation/11832268,Boulevard Diderot,https://www.openstreetmap.org/relation/9525,Paris 12e Arrondissement,75112
https://www.openstreetmap.org/node/1376013625,https://www.openstreetmap.org/relation/11832268,Boulevard Diderot,https://www.openstreetmap.org/relation/9525,Paris 12e Arrondissement,75112
https://www.openstreetmap.org/node/1376013634,https://www.openstreetmap.org/relation/11832268,Boulevard Diderot,https://www.openstreetmap.org/relation/9525,Paris 12e Arrondissement,75112
https://www.openstreetmap.org/node/1376013635,https://www.openstreetmap.org/relation/11832268,Boulevard Diderot,https://www.openstreetmap.org/relation/9525,Paris 12e Arrondissement,75112
https://www.openstreetmap.org/node/1376039222,https://www.openstreetmap.org/relation/11832268,Boulevard Diderot,https://www.openstreetmap.org/relation/9525,Paris 12e Arrondissement,75112
https://www.openstreetmap.org/node/1376039226,https://www.openstreetmap.org/relation/11832268,Boulevard Diderot,https://www.openstreetmap.org/relation/9525,Paris 12e Arrondissement,75112
https://www.openstreetmap.org/node/1376039228,https://www.openstreetmap.org/relation/11832268,Boulevard Diderot,https://www.openstreetmap.org/relation/9525,Paris 12e Arrondissement,75112
https://www.openstreetmap.org/node/1376039230,https://www.openstreetmap.org/relation/11832268,Boulevard Diderot,https://www.openstreetmap.org/relation/9525,Paris 12e Arrondissement,75112
https://www.openstreetmap.org/node/1376039243,https://www.openstreetmap.org/relation/11832268,Boulevard Diderot,https://www.openstreetmap.org/relation/9525,Paris 12e Arrondissement,75112
https://www.openstreetmap.org/node/1376039245,https://www.openstreetmap.org/relation/11832268,Boulevard Diderot,https://www.openstreetmap.org/relation/9525,Paris 12e Arrondissement,75112
https://www.openstreetmap.org/node/1376039246,https://www.openstreetmap.org/relation/11832268,Boulevard Diderot,https://www.openstreetmap.org/relation/9525,Paris 12e Arrondissement,75112
https://www.openstreetmap.org/node/1376039247,https://www.openstreetmap.org/relation/11832268,Boulevard Diderot,https://www.openstreetmap.org/relation/9525,Paris 12e Arrondissement,75112
https://www.openstreetmap.org/node/1376039259,https://www.openstreetmap.org/relation/11832268,Boulevard Diderot,https://www.openstreetmap.org/relation/9525,Paris 12e Arrondissement,75112
https://www.openstreetmap.org/node/1376039264,https://www.openstreetmap.org/relation/11832268,Boulevard Diderot,https://www.openstreetmap.org/relation/9525,Paris 12e Arrondissement,75112
https://www.openstreetmap.org/node/1376039265,https://www.openstreetmap.org/relation/11832268,Boulevard Diderot,https://www.openstreetmap.org/relation/9525,Paris 12e Arrondissement,75112
https://www.openstreetmap.org/node/1376039266,https://www.openstreetmap.org/relation/11832268,Boulevard Diderot,https://www.openstreetmap.org/relation/9525,Paris 12e Arrondissement,75112
https://www.openstreetmap.org/node/1376039274,https://www.openstreetmap.org/relation/11832268,Boulevard Diderot,https://www.openstreetmap.org/relation/9525,Paris 12e Arrondissement,75112
https://www.openstreetmap.org/node/1376039279,https://www.openstreetmap.org/relation/11832268,Boulevard Diderot,https://www.openstreetmap.org/relation/9525,Paris 12e Arrondissement,75112
https://www.openstreetmap.org/node/1376039283,https://www.openstreetmap.org/relation/11832268,Boulevard Diderot,https://www.openstreetmap.org/relation/9525,Paris 12e Arrondissement,75112
https://www.openstreetmap.org/node/1376039285,https://www.openstreetmap.org/relation/11832268,Boulevard Diderot,https://www.openstreetmap.org/relation/9525,Paris 12e Arrondissement,75112
https://www.openstreetmap.org/node/1376039299,https://www.openstreetmap.org/relation/11832268,Boulevard Diderot,https://www.openstreetmap.org/relation/9525,Paris 12e Arrondissement,75112
https://www.openstreetmap.org/node/1376039303,https://www.openstreetmap.org/relation/11832268,Boulevard Diderot,https://www.openstreetmap.org/relation/9525,Paris 12e Arrondissement,75112
https://www.openstreetmap.org/node/1376039304,https://www.openstreetmap.org/relation/11832268,Boulevard Diderot,https://www.openstreetmap.org/relation/9525,Paris 12e Arrondissement,75112
https://www.openstreetmap.org/node/1376039315,https://www.openstreetmap.org/relation/11832268,Boulevard Diderot,https://www.openstreetmap.org/relation/9525,Paris 12e Arrondissement,75112
https://www.openstreetmap.org/node/1376039318,https://www.openstreetmap.org/relation/11832268,Boulevard Diderot,https://www.openstreetmap.org/relation/9525,Paris 12e Arrondissement,75112
https://www.openstreetmap.org/node/1376039319,https://www.openstreetmap.org/relation/11832268,Boulevard Diderot,https://www.openstreetmap.org/relation/9525,Paris 12e Arrondissement,75112
https://www.openstreetmap.org/node/1376039322,https://www.openstreetmap.org/relation/11832268,Boulevard Diderot,https://www.openstreetmap.org/relation/9525,Paris 12e Arrondissement,75112
https://www.openstreetmap.org/node/1376039331,https://www.openstreetmap.org/relation/11832268,Boulevard Diderot,https://www.openstreetmap.org/relation/9525,Paris 12e Arrondissement,75112
https://www.openstreetmap.org/node/1376039333,https://www.openstreetmap.org/relation/11832268,Boulevard Diderot,https://www.openstreetmap.org/relation/9525,Paris 12e Arrondissement,75112
https://www.openstreetmap.org/node/1376039336,https://www.openstreetmap.org/relation/11832268,Boulevard Diderot,https://www.openstreetmap.org/relation/9525,Paris 12e Arrondissement,75112
https://www.openstreetmap.org/node/1376039338,https://www.openstreetmap.org/relation/11832268,Boulevard Diderot,https://www.openstreetmap.org/relation/9525,Paris 12e Arrondissement,75112
https://www.openstreetmap.org/node/1376039344,https://www.openstreetmap.org/relation/11832268,Boulevard Diderot,https://www.openstreetmap.org/relation/9525,Paris 12e Arrondissement,75112
https://www.openstreetmap.org/node/1376039345,https://www.openstreetmap.org/relation/11832268,Boulevard Diderot,https://www.openstreetmap.org/relation/9525,Paris 12e Arrondissement,75112
https://www.openstreetmap.org/node/1376039347,https://www.openstreetmap.org/relation/11832268,Boulevard Diderot,https://www.openstreetmap.org/relation/9525,Paris 12e Arrondissement,75112
https://www.openstreetmap.org/node/1376039349,https://www.openstreetmap.org/relation/11832268,Boulevard Diderot,https://www.openstreetmap.org/relation/9525,Paris 12e Arrondissement,75112
https://www.openstreetmap.org/node/1376039355,https://www.openstreetmap.org/relation/11832268,Boulevard Diderot,https://www.openstreetmap.org/relation/9525,Paris 12e Arrondissement,75112
https://www.openstreetmap.org/node/1376039356,https://www.openstreetmap.org/relation/11832268,Boulevard Diderot,https://www.openstreetmap.org/relation/9525,Paris 12e Arrondissement,75112
https://www.openstreetmap.org/node/1376039357,https://www.openstreetmap.org/relation/11832268,Boulevard Diderot,https://www.openstreetmap.org/relation/9525,Paris 12e Arrondissement,75112
https://www.openstreetmap.org/node/1376039363,https://www.openstreetmap.org/relation/11832268,Boulevard Diderot,https://www.openstreetmap.org/relation/9525,Paris 12e Arrondissement,75112
https://www.openstreetmap.org/node/1376039365,https://www.openstreetmap.org/relation/11832268,Boulevard Diderot,https://www.openstreetmap.org/relation/9525,Paris 12e Arrondissement,75112
https://www.openstreetmap.org/node/1376039366,https://www.openstreetmap.org/relation/11832268,Boulevard Diderot,https://www.openstreetmap.org/relation/9525,Paris 12e Arrondissement,75112
https://www.openstreetmap.org/node/1376039367,https://www.openstreetmap.org/relation/11832268,Boulevard Diderot,https://www.openstreetmap.org/relation/9525,Paris 12e Arrondissement,75112
https://www.openstreetmap.org/node/1376039368,https://www.openstreetmap.org/relation/11832268,Boulevard Diderot,https://www.openstreetmap.org/relation/9525,Paris 12e Arrondissement,75112
https://www.openstreetmap.org/node/1376039369,https://www.openstreetmap.org/relation/11832268,Boulevard Diderot,https://www.openstreetmap.org/relation/9525,Paris 12e Arrondissement,75112
https://www.openstreetmap.org/node/1376039370,https://www.openstreetmap.org/relation/11832268,Boulevard Diderot,https://www.openstreetmap.org/relation/9525,Paris 12e Arrondissement,75112
https://www.openstreetmap.org/node/1376039371,https://www.openstreetmap.org/relation/11832268,Boulevard Diderot,https://www.openstreetmap.org/relation/9525,Paris 12e Arrondissement,75112
https://www.openstreetmap.org/node/1376039372,https://www.openstreetmap.org/relation/11832268,Boulevard Diderot,https://www.openstreetmap.org/relation/9525,Paris 12e Arrondissement,75112
https://www.openstreetmap.org/node/1376039373,https://www.openstreetmap.org/relation/11832268,Boulevard Diderot,https://www.openstreetmap.org/relation/9525,Paris 12e Arrondissement,75112
https://www.openstreetmap.org/node/1376039374,https://www.openstreetmap.org/relation/11832268,Boulevard Diderot,https://www.openstreetmap.org/relation/9525,Paris 12e Arrondissement,75112
https://www.openstreetmap.org/node/1376039375,https://www.openstreetmap.org/relation/11832268,Boulevard Diderot,https://www.openstreetmap.org/relation/9525,Paris 12e Arrondissement,75112
https://www.openstreetmap.org/node/1376039376,https://www.openstreetmap.org/relation/11832268,Boulevard Diderot,https://www.openstreetmap.org/relation/9525,Paris 12e Arrondissement,75112
https://www.openstreetmap.org/node/1376039377,https://www.openstreetmap.org/relation/11832268,Boulevard Diderot,https://www.openstreetmap.org/relation/9525,Paris 12e Arrondissement,75112
https://www.openstreetmap.org/node/1376039378,https://www.openstreetmap.org/relation/11832268,Boulevard Diderot,https://www.openstreetmap.org/relation/9525,Paris 12e Arrondissement,75112
https://www.openstreetmap.org/node/1376039379,https://www.openstreetmap.org/relation/11832268,Boulevard Diderot,https://www.openstreetmap.org/relation/9525,Paris 12e Arrondissement,75112
https://www.openstreetmap.org/node/1376039380,https://www.openstreetmap.org/relation/11832268,Boulevard Diderot,https://www.openstreetmap.org/relation/9525,Paris 12e Arrondissement,75112
https://www.openstreetmap.org/node/1376039381,https://www.openstreetmap.org/relation/11832268,Boulevard Diderot,https://www.openstreetmap.org/relation/9525,Paris 12e Arrondissement,75112
https://www.openstreetmap.org/node/1376039382,https://www.openstreetmap.org/relation/11832268,Boulevard Diderot,https://www.openstreetmap.org/relation/9525,Paris 12e Arrondissement,75112
https://www.openstreetmap.org/node/1376039383,https://www.openstreetmap.org/relation/11832268,Boulevard Diderot,https://www.openstreetmap.org/relation/9525,Paris 12e Arrondissement,75112
https://www.openstreetmap.org/node/1376039384,https://www.openstreetmap.org/relation/11832268,Boulevard Diderot,https://www.openstreetmap.org/relation/9525,Paris 12e Arrondissement,75112
https://www.openstreetmap.org/node/1376039385,https://www.openstreetmap.org/relation/11832268,Boulevard Diderot,https://www.openstreetmap.org/relation/9525,Paris 12e Arrondissement,75112
https://www.openstreetmap.org/node/1376039386,https://www.openstreetmap.org/relation/11832268,Boulevard Diderot,https://www.openstreetmap.org/relation/9525,Paris 12e Arrondissement,75112
https://www.openstreetmap.org/node/1376039387,https://www.openstreetmap.org/relation/11832268,Boulevard Diderot,https://www.openstreetmap.org/relation/9525,Paris 12e Arrondissement,75112
https://www.openstreetmap.org/node/1376039388,https://www.openstreetmap.org/relation/11832268,Boulevard Diderot,https://www.openstreetmap.org/relation/9525,Paris 12e Arrondissement,75112
https://www.openstreetmap.org/node/1376039389,https://www.openstreetmap.org/relation/11832268,Boulevard Diderot,https://www.openstreetmap.org/relation/9525,Paris 12e Arrondissement,75112
https://www.openstreetmap.org/node/1376039390,https://www.openstreetmap.org/relation/11832268,Boulevard Diderot,https://www.openstreetmap.org/relation/9525,Paris 12e Arrondissement,75112
https://www.openstreetmap.org/node/1376039391,https://www.openstreetmap.org/relation/11832268,Boulevard Diderot,https://www.openstreetmap.org/relation/9525,Paris 12e Arrondissement,75112
https://www.openstreetmap.org/node/1376039392,https://www.openstreetmap.org/relation/11832268,Boulevard Diderot,https://www.openstreetmap.org/relation/9525,Paris 12e Arrondissement,75112
https://www.openstreetmap.org/node/1376039393,https://www.openstreetmap.org/relation/11832268,Boulevard Diderot,https://www.openstreetmap.org/relation/9525,Paris 12e Arrondissement,75112
https://www.openstreetmap.org/node/1376039394,https://www.openstreetmap.org/relation/11832268,Boulevard Diderot,https://www.openstreetmap.org/relation/9525,Paris 12e Arrondissement,75112
https://www.openstreetmap.org/node/1376039395,https://www.openstreetmap.org/relation/11832268,Boulevard Diderot,https://www.openstreetmap.org/relation/9525,Paris 12e Arrondissement,75112
https://www.openstreetmap.org/node/1376039396,https://www.openstreetmap.org/relation/11832268,Boulevard Diderot,https://www.openstreetmap.org/relation/9525,Paris 12e Arrondissement,75112
https://www.openstreetmap.org/node/1376039397,https://www.openstreetmap.org/relation/11832268,Boulevard Diderot,https://www.openstreetmap.org/relation/9525,Paris 12e Arrondissement,75112
https://www.openstreetmap.org/node/1376039398,https://www.openstreetmap.org/relation/11832268,Boulevard Diderot,https://www.openstreetmap.org/relation/9525,Paris 12e Arrondissement,75112
https://www.openstreetmap.org/node/1376039399,https://www.openstreetmap.org/relation/11832268,Boulevard Diderot,https://www.openstreetmap.org/relation/9525,Paris 12e Arrondissement,75112
https://www.openstreetmap.org/node/1376039400,https://www.openstreetmap.org/relation/11832268,Boulevard Diderot,https://www.openstreetmap.org/relation/9525,Paris 12e Arrondissement,75112
https://www.openstreetmap.org/node/1376039401,https://www.openstreetmap.org/relation/11832268,Boulevard Diderot,https://www.openstreetmap.org/relation/9525,Paris 12e Arrondissement,75112
https://www.openstreetmap.org/node/1376039402,https://www.openstreetmap.org/relation/11832268,Boulevard Diderot,https://www.openstreetmap.org/relation/9525,Paris 12e Arrondissement,75112
https://www.openstreetmap.org/node/1376039403,https://www.openstreetmap.org/relation/11832268,Boulevard Diderot,https://www.openstreetmap.org/relation/9525,Paris 12e Arrondissement,75112
https://www.openstreetmap.org/node/1376039404,https://www.openstreetmap.org/relation/11832268,Boulevard Diderot,https://www.openstreetmap.org/relation/9525,Paris 12e Arrondissement,75112
https://www.openstreetmap.org/node/1376039405,https://www.openstreetmap.org/relation/11832268,Boulevard Diderot,https://www.openstreetmap.org/relation/9525,Paris 12e Arrondissement,75112
https://www.openstreetmap.org/node/1376039406,https://www.openstreetmap.org/relation/11832268,Boulevard Diderot,https://www.openstreetmap.org/relation/9525,Paris 12e Arrondissement,75112
https://www.openstreetmap.org/node/1376039407,https://www.openstreetmap.org/relation/11832268,Boulevard Diderot,https://www.openstreetmap.org/relation/9525,Paris 12e Arrondissement,75112
https://www.openstreetmap.org/node/1376039408,https://www.openstreetmap.org/relation/11832268,Boulevard Diderot,https://www.openstreetmap.org/relation/9525,Paris 12e Arrondissement,75112
https://www.openstreetmap.org/node/1376039409,https://www.openstreetmap.org/relation/11832268,Boulevard Diderot,https://www.openstreetmap.org/relation/9525,Paris 12e Arrondissement,75112
https://www.openstreetmap.org/node/1376039410,https://www.openstreetmap.org/relation/11832268,Boulevard Diderot,https://www.openstreetmap.org/relation/9525,Paris 12e Arrondissement,75112
https://www.openstreetmap.org/node/1376039411,https://www.openstreetmap.org/relation/11832268,Boulevard Diderot,https://www.openstreetmap.org/relation/9525,Paris 12e Arrondissement,75112
https://www.openstreetmap.org/node/1376039412,https://www.openstreetmap.org/relation/11832268,Boulevard Diderot,https://www.openstreetmap.org/relation/9525,Paris 12e Arrondissement,75112
https://www.openstreetmap.org/node/1376039413,https://www.openstreetmap.org/relation/11832268,Boulevard Diderot,https://www.openstreetmap.org/relation/9525,Paris 12e Arrondissement,75112
https://www.openstreetmap.org/node/1376039425,https://www.openstreetmap.org/relation/11832384,Rue de Bercy,https://www.openstreetmap.org/relation/9525,Paris 12e Arrondissement,75112
https://www.openstreetmap.org/node/1376158760,https://www.openstreetmap.org/relation/11832286,Rue Claude Tillier,https://www.openstreetmap.org/relation/9525,Paris 12e Arrondissement,75112
https://www.openstreetmap.org/node/1376158762,https://www.openstreetmap.org/relation/11832286,Rue Claude Tillier,https://www.openstreetmap.org/relation/9525,Paris 12e Arrondissement,75112
https://www.openstreetmap.org/node/1376158767,https://www.openstreetmap.org/relation/11832286,Rue Claude Tillier,https://www.openstreetmap.org/relation/9525,Paris 12e Arrondissement,75112
https://www.openstreetmap.org/node/1376158772,https://www.openstreetmap.org/relation/11832286,Rue Claude Tillier,https://www.openstreetmap.org/relation/9525,Paris 12e Arrondissement,75112
https://www.openstreetmap.org/node/1376158775,https://www.openstreetmap.org/relation/6949984,Rue du Faubourg Saint-Antoine,https://www.openstreetmap.org/relation/9525,Paris 12e Arrondissement,75112
https://www.openstreetmap.org/node/1376158777,https://www.openstreetmap.org/relation/11832286,Rue Claude Tillier,https://www.openstreetmap.org/relation/9525,Paris 12e Arrondissement,75112
https://www.openstreetmap.org/node/1376158783,https://www.openstreetmap.org/relation/6949984,Rue du Faubourg Saint-Antoine,https://www.openstreetmap.org/relation/9525,Paris 12e Arrondissement,75112
https://www.openstreetmap.org/node/1376158786,https://www.openstreetmap.org/relation/6949984,Rue du Faubourg Saint-Antoine,https://www.openstreetmap.org/relation/9525,Paris 12e Arrondissement,75112
https://www.openstreetmap.org/node/1376158788,https://www.openstreetmap.org/relation/6949984,Rue du Faubourg Saint-Antoine,https://www.openstreetmap.org/relation/9525,Paris 12e Arrondissement,75112
https://www.openstreetmap.org/node/1376158789,https://www.openstreetmap.org/relation/6949984,Rue du Faubourg Saint-Antoine,https://www.openstreetmap.org/relation/9525,Paris 12e Arrondissement,75112
https://www.openstreetmap.org/node/1376158790,https://www.openstreetmap.org/relation/6949984,Rue du Faubourg Saint-Antoine,https://www.openstreetmap.org/relation/9525,Paris 12e Arrondissement,75112
https://www.openstreetmap.org/node/1376158791,https://www.openstreetmap.org/relation/11832286,Rue Claude Tillier,https://www.openstreetmap.org/relation/9525,Paris 12e Arrondissement,75112
https://www.openstreetmap.org/node/1376158792,https://www.openstreetmap.org/relation/6949984,Rue du Faubourg Saint-Antoine,https://www.openstreetmap.org/relation/9525,Paris 12e Arrondissement,75112
https://www.openstreetmap.org/node/1376158793,https://www.openstreetmap.org/relation/6949984,Rue du Faubourg Saint-Antoine,https://www.openstreetmap.org/relation/9525,Paris 12e Arrondissement,75112
https://www.openstreetmap.org/node/1376158794,https://www.openstreetmap.org/relation/6949984,Rue du Faubourg Saint-Antoine,https://www.openstreetmap.org/relation/9525,Paris 12e Arrondissement,75112
https://www.openstreetmap.org/node/1376158795,https://www.openstreetmap.org/relation/6949984,Rue du Faubourg Saint-Antoine,https://www.openstreetmap.org/relation/9525,Paris 12e Arrondissement,75112
https://www.openstreetmap.org/node/1376158796,https://www.openstreetmap.org/relation/6949984,Rue du Faubourg Saint-Antoine,https://www.openstreetmap.org/relation/9525,Paris 12e Arrondissement,75112
https://www.openstreetmap.org/node/1376158797,https://www.openstreetmap.org/relation/11832286,Rue Claude Tillier,https://www.openstreetmap.org/relation/9525,Paris 12e Arrondissement,75112
https://www.openstreetmap.org/node/1376158799,https://www.openstreetmap.org/relation/6949984,Rue du Faubourg Saint-Antoine,https://www.openstreetmap.org/relation/9525,Paris 12e Arrondissement,75112
https://www.openstreetmap.org/node/1376158800,https://www.openstreetmap.org/relation/6949984,Rue du Faubourg Saint-Antoine,https://www.openstreetmap.org/relation/9525,Paris 12e Arrondissement,75112
https://www.openstreetmap.org/node/1376158801,https://www.openstreetmap.org/relation/6949984,Rue du Faubourg Saint-Antoine,https://www.openstreetmap.org/relation/9525,Paris 12e Arrondissement,75112
https://www.openstreetmap.org/node/1376158802,https://www.openstreetmap.org/relation/6949984,Rue du Faubourg Saint-Antoine,https://www.openstreetmap.org/relation/9525,Paris 12e Arrondissement,75112
https://www.openstreetmap.org/node/1376158803,https://www.openstreetmap.org/relation/11832286,Rue Claude Tillier,https://www.openstreetmap.org/relation/9525,Paris 12e Arrondissement,75112
https://www.openstreetmap.org/node/1376158804,https://www.openstreetmap.org/relation/6949984,Rue du Faubourg Saint-Antoine,https://www.openstreetmap.org/relation/9525,Paris 12e Arrondissement,75112
https://www.openstreetmap.org/node/1376158805,https://www.openstreetmap.org/relation/6949984,Rue du Faubourg Saint-Antoine,https://www.openstreetmap.org/relation/9525,Paris 12e Arrondissement,75112
https://www.openstreetmap.org/node/1376158806,https://www.openstreetmap.org/relation/6949984,Rue du Faubourg Saint-Antoine,https://www.openstreetmap.org/relation/9525,Paris 12e Arrondissement,75112
https://www.openstreetmap.org/node/1376158807,https://www.openstreetmap.org/relation/6949984,Rue du Faubourg Saint-Antoine,https://www.openstreetmap.org/relation/9525,Paris 12e Arrondissement,75112
https://www.openstreetmap.org/node/1376158808,https://www.openstreetmap.org/relation/6949984,Rue du Faubourg Saint-Antoine,https://www.openstreetmap.org/relation/9525,Paris 12e Arrondissement,75112
https://www.openstreetmap.org/node/1376158809,https://www.openstreetmap.org/relation/6949984,Rue du Faubourg Saint-Antoine,https://www.openstreetmap.org/relation/9525,Paris 12e Arrondissement,75112
https://www.openstreetmap.org/node/1376158810,https://www.openstreetmap.org/relation/6949984,Rue du Faubourg Saint-Antoine,https://www.openstreetmap.org/relation/9525,Paris 12e Arrondissement,75112
https://www.openstreetmap.org/node/1376158812,https://www.openstreetmap.org/relation/11832286,Rue Claude Tillier,https://www.openstreetmap.org/relation/9525,Paris 12e Arrondissement,75112
https://www.openstreetmap.org/node/1376158821,https://www.openstreetmap.org/relation/6949984,Rue du Faubourg Saint-Antoine,https://www.openstreetmap.org/relation/9525,Paris 12e Arrondissement,75112
https://www.openstreetmap.org/node/1376158822,https://www.openstreetmap.org/relation/6949984,Rue du Faubourg Saint-Antoine,https://www.openstreetmap.org/relation/9525,Paris 12e Arrondissement,75112
https://www.openstreetmap.org/node/1376158826,https://www.openstreetmap.org/relation/11832286,Rue Claude Tillier,https://www.openstreetmap.org/relation/9525,Paris 12e Arrondissement,75112
https://www.openstreetmap.org/node/1376158829,https://www.openstreetmap.org/relation/11832286,Rue Claude Tillier,https://www.openstreetmap.org/relation/9525,Paris 12e Arrondissement,75112
https://www.openstreetmap.org/node/1376158839,https://www.openstreetmap.org/relation/6949984,Rue du Faubourg Saint-Antoine,https://www.openstreetmap.org/relation/9525,Paris 12e Arrondissement,75112
https://www.openstreetmap.org/node/1376158842,https://www.openstreetmap.org/relation/6949984,Rue du Faubourg Saint-Antoine,https://www.openstreetmap.org/relation/9525,Paris 12e Arrondissement,75112
https://www.openstreetmap.org/node/1376158846,https://www.openstreetmap.org/relation/6949984,Rue du Faubourg Saint-Antoine,https://www.openstreetmap.org/relation/9525,Paris 12e Arrondissement,75112
https://www.openstreetmap.org/node/1376158847,https://www.openstreetmap.org/relation/6949984,Rue du Faubourg Saint-Antoine,https://www.openstreetmap.org/relation/9525,Paris 12e Arrondissement,75112
https://www.openstreetmap.org/node/1376158852,https://www.openstreetmap.org/relation/11832286,Rue Claude Tillier,https://www.openstreetmap.org/relation/9525,Paris 12e Arrondissement,75112
https://www.openstreetmap.org/node/1376158853,https://www.openstreetmap.org/relation/6949984,Rue du Faubourg Saint-Antoine,https://www.openstreetmap.org/relation/9525,Paris 12e Arrondissement,75112
https://www.openstreetmap.org/node/1376158854,https://www.openstreetmap.org/relation/6949984,Rue du Faubourg Saint-Antoine,https://www.openstreetmap.org/relation/9525,Paris 12e Arrondissement,75112
https://www.openstreetmap.org/node/1376158855,https://www.openstreetmap.org/relation/6949984,Rue du Faubourg Saint-Antoine,https://www.openstreetmap.org/relation/9525,Paris 12e Arrondissement,75112
https://www.openstreetmap.org/node/1376158856,https://www.openstreetmap.org/relation/6949984,Rue du Faubourg Saint-Antoine,https://www.openstreetmap.org/relation/9525,Paris 12e Arrondissement,75112
https://www.openstreetmap.org/node/1376158858,https://www.openstreetmap.org/relation/11832286,Rue Claude Tillier,https://www.openstreetmap.org/relation/9525,Paris 12e Arrondissement,75112
https://www.openstreetmap.org/node/1376158860,https://www.openstreetmap.org/relation/6949984,Rue du Faubourg Saint-Antoine,https://www.openstreetmap.org/relation/9525,Paris 12e Arrondissement,75112
https://www.openstreetmap.org/node/1376158861,https://www.openstreetmap.org/relation/6949984,Rue du Faubourg Saint-Antoine,https://www.openstreetmap.org/relation/9525,Paris 12e Arrondissement,75112
https://www.openstreetmap.org/node/1376158862,https://www.openstreetmap.org/relation/6949984,Rue du Faubourg Saint-Antoine,https://www.openstreetmap.org/relation/9525,Paris 12e Arrondissement,75112
https://www.openstreetmap.org/node/1376158863,https://www.openstreetmap.org/relation/6949984,Rue du Faubourg Saint-Antoine,https://www.openstreetmap.org/relation/9525,Paris 12e Arrondissement,75112
https://www.openstreetmap.org/node/1376158864,https://www.openstreetmap.org/relation/6949984,Rue du Faubourg Saint-Antoine,https://www.openstreetmap.org/relation/9525,Paris 12e Arrondissement,75112
https://www.openstreetmap.org/node/1376158865,https://www.openstreetmap.org/relation/6949984,Rue du Faubourg Saint-Antoine,https://www.openstreetmap.org/relation/9525,Paris 12e Arrondissement,75112
https://www.openstreetmap.org/node/1376158866,https://www.openstreetmap.org/relation/11832286,Rue Claude Tillier,https://www.openstreetmap.org/relation/9525,Paris 12e Arrondissement,75112
https://www.openstreetmap.org/node/1376158867,https://www.openstreetmap.org/relation/6949984,Rue du Faubourg Saint-Antoine,https://www.openstreetmap.org/relation/9525,Paris 12e Arrondissement,75112
https://www.openstreetmap.org/node/1376158868,https://www.openstreetmap.org/relation/6949984,Rue du Faubourg Saint-Antoine,https://www.openstreetmap.org/relation/9525,Paris 12e Arrondissement,75112
https://www.openstreetmap.org/node/1376158870,https://www.openstreetmap.org/relation/6949984,Rue du Faubourg Saint-Antoine,https://www.openstreetmap.org/relation/9525,Paris 12e Arrondissement,75112
https://www.openstreetmap.org/node/1376158871,https://www.openstreetmap.org/relation/6949984,Rue du Faubourg Saint-Antoine,https://www.openstreetmap.org/relation/9525,Paris 12e Arrondissement,75112
https://www.openstreetmap.org/node/1376158872,https://www.openstreetmap.org/relation/6949984,Rue du Faubourg Saint-Antoine,https://www.openstreetmap.org/relation/9525,Paris 12e Arrondissement,75112
https://www.openstreetmap.org/node/1376158873,https://www.openstreetmap.org/relation/6949984,Rue du Faubourg Saint-Antoine,https://www.openstreetmap.org/relation/9525,Paris 12e Arrondissement,75112
https://www.openstreetmap.org/node/1376158874,https://www.openstreetmap.org/relation/11832286,Rue Claude Tillier,https://www.openstreetmap.org/relation/9525,Paris 12e Arrondissement,75112
https://www.openstreetmap.org/node/1376158876,https://www.openstreetmap.org/relation/6949984,Rue du Faubourg Saint-Antoine,https://www.openstreetmap.org/relation/9525,Paris 12e Arrondissement,75112
https://www.openstreetmap.org/node/1376158878,https://www.openstreetmap.org/relation/6949984,Rue du Faubourg Saint-Antoine,https://www.openstreetmap.org/relation/9525,Paris 12e Arrondissement,75112
https://www.openstreetmap.org/node/1376158879,https://www.openstreetmap.org/relation/6949984,Rue du Faubourg Saint-Antoine,https://www.openstreetmap.org/relation/9525,Paris 12e Arrondissement,75112
https://www.openstreetmap.org/node/1376158880,https://www.openstreetmap.org/relation/6949984,Rue du Faubourg Saint-Antoine,https://www.openstreetmap.org/relation/9525,Paris 12e Arrondissement,75112
https://www.openstreetmap.org/node/1376158881,https://www.openstreetmap.org/relation/6949984,Rue du Faubourg Saint-Antoine,https://www.openstreetmap.org/relation/9525,Paris 12e Arrondissement,75112
https://www.openstreetmap.org/node/1376158882,https://www.openstreetmap.org/relation/6949984,Rue du Faubourg Saint-Antoine,https://www.openstreetmap.org/relation/9525,Paris 12e Arrondissement,75112
https://www.openstreetmap.org/node/1376158883,https://www.openstreetmap.org/relation/6949984,Rue du Faubourg Saint-Antoine,https://www.openstreetmap.org/relation/9525,Paris 12e Arrondissement,75112
https://www.openstreetmap.org/node/1376158884,https://www.openstreetmap.org/relation/6949984,Rue du Faubourg Saint-Antoine,https://www.openstreetmap.org/relation/9525,Paris 12e Arrondissement,75112
https://www.openstreetmap.org/node/1376158886,https://www.openstreetmap.org/relation/11832286,Rue Claude Tillier,https://www.openstreetmap.org/relation/9525,Paris 12e Arrondissement,75112
https://www.openstreetmap.org/node/1376158887,https://www.openstreetmap.org/relation/6949984,Rue du Faubourg Saint-Antoine,https://www.openstreetmap.org/relation/9525,Paris 12e Arrondissement,75112
https://www.openstreetmap.org/node/1376158888,https://www.openstreetmap.org/relation/6949984,Rue du Faubourg Saint-Antoine,https://www.openstreetmap.org/relation/9525,Paris 12e Arrondissement,75112
https://www.openstreetmap.org/node/1376158889,https://www.openstreetmap.org/relation/6949984,Rue du Faubourg Saint-Antoine,https://www.openstreetmap.org/relation/9525,Paris 12e Arrondissement,75112
https://www.openstreetmap.org/node/1376158890,https://www.openstreetmap.org/relation/6949984,Rue du Faubourg Saint-Antoine,https://www.openstreetmap.org/relation/9525,Paris 12e Arrondissement,75112
https://www.openstreetmap.org/node/1376158891,https://www.openstreetmap.org/relation/6949984,Rue du Faubourg Saint-Antoine,https://www.openstreetmap.org/relation/9525,Paris 12e Arrondissement,75112
https://www.openstreetmap.org/node/1376158892,https://www.openstreetmap.org/relation/11832286,Rue Claude Tillier,https://www.openstreetmap.org/relation/9525,Paris 12e Arrondissement,75112
https://www.openstreetmap.org/node/1376158895,https://www.openstreetmap.org/relation/6949984,Rue du Faubourg Saint-Antoine,https://www.openstreetmap.org/relation/9525,Paris 12e Arrondissement,75112
https://www.openstreetmap.org/node/1376158899,https://www.openstreetmap.org/relation/11832286,Rue Claude Tillier,https://www.openstreetmap.org/relation/9525,Paris 12e Arrondissement,75112
https://www.openstreetmap.org/node/1376158906,https://www.openstreetmap.org/relation/11832286,Rue Claude Tillier,https://www.openstreetmap.org/relation/9525,Paris 12e Arrondissement,75112
https://www.openstreetmap.org/node/1376158909,https://www.openstreetmap.org/relation/11832286,Rue Claude Tillier,https://www.openstreetmap.org/relation/9525,Paris 12e Arrondissement,75112
https://www.openstreetmap.org/node/1376158910,https://www.openstreetmap.org/relation/11832286,Rue Claude Tillier,https://www.openstreetmap.org/relation/9525,Paris 12e Arrondissement,75112
https://www.openstreetmap.org/node/1376158911,https://www.openstreetmap.org/relation/11832286,Rue Claude Tillier,https://www.openstreetmap.org/relation/9525,Paris 12e Arrondissement,75112
https://www.openstreetmap.org/node/1376158913,https://www.openstreetmap.org/relation/11832286,Rue Claude Tillier,https://www.openstreetmap.org/relation/9525,Paris 12e Arrondissement,75112
https://www.openstreetmap.org/node/1376158914,https://www.openstreetmap.org/relation/11832286,Rue Claude Tillier,https://www.openstreetmap.org/relation/9525,Paris 12e Arrondissement,75112
https://www.openstreetmap.org/node/1376158916,https://www.openstreetmap.org/relation/11832286,Rue Claude Tillier,https://www.openstreetmap.org/relation/9525,Paris 12e Arrondissement,75112
https://www.openstreetmap.org/node/1376158917,https://www.openstreetmap.org/relation/11832286,Rue Claude Tillier,https://www.openstreetmap.org/relation/9525,Paris 12e Arrondissement,75112
https://www.openstreetmap.org/node/1376158918,https://www.openstreetmap.org/relation/11832286,Rue Claude Tillier,https://www.openstreetmap.org/relation/9525,Paris 12e Arrondissement,75112
https://www.openstreetmap.org/node/1376158919,https://www.openstreetmap.org/relation/11832286,Rue Claude Tillier,https://www.openstreetmap.org/relation/9525,Paris 12e Arrondissement,75112
https://www.openstreetmap.org/node/1376158920,https://www.openstreetmap.org/relation/11832286,Rue Claude Tillier,https://www.openstreetmap.org/relation/9525,Paris 12e Arrondissement,75112
https://www.openstreetmap.org/node/1376158921,https://www.openstreetmap.org/relation/11832286,Rue Claude Tillier,https://www.openstreetmap.org/relation/9525,Paris 12e Arrondissement,75112
https://www.openstreetmap.org/node/1376158922,https://www.openstreetmap.org/relation/11832286,Rue Claude Tillier,https://www.openstreetmap.org/relation/9525,Paris 12e Arrondissement,75112
https://www.openstreetmap.org/node/1376158923,https://www.openstreetmap.org/relation/11832286,Rue Claude Tillier,https://www.openstreetmap.org/relation/9525,Paris 12e Arrondissement,75112
https://www.openstreetmap.org/node/1376158924,https://www.openstreetmap.org/relation/11832286,Rue Claude Tillier,https://www.openstreetmap.org/relation/9525,Paris 12e Arrondissement,75112
https://www.openstreetmap.org/node/1376158925,https://www.openstreetmap.org/relation/11832286,Rue Claude Tillier,https://www.openstreetmap.org/relation/9525,Paris 12e Arrondissement,75112
https://www.openstreetmap.org/node/1376158926,https://www.openstreetmap.org/relation/11832286,Rue Claude Tillier,https://www.openstreetmap.org/relation/9525,Paris 12e Arrondissement,75112
https://www.openstreetmap.org/node/1376158929,https://www.openstreetmap.org/relation/11832286,Rue Claude Tillier,https://www.openstreetmap.org/relation/9525,Paris 12e Arrondissement,75112
https://www.openstreetmap.org/node/1376197683,https://www.openstreetmap.org/relation/11832507,Impasse Crozatier,https://www.openstreetmap.org/relation/9525,Paris 12e Arrondissement,75112
https://www.openstreetmap.org/node/1376197684,https://www.openstreetmap.org/relation/11832470,Impasse Druinot,https://www.openstreetmap.org/relation/9525,Paris 12e Arrondissement,75112
https://www.openstreetmap.org/node/1376197685,https://www.openstreetmap.org/relation/11832278,Passage Brulon,https://www.openstreetmap.org/relation/9525,Paris 12e Arrondissement,75112
https://www.openstreetmap.org/node/1376197686,https://www.openstreetmap.org/relation/11832338,Rue Beccaria,https://www.openstreetmap.org/relation/9525,Paris 12e Arrondissement,75112
https://www.openstreetmap.org/node/1376197687,https://www.openstreetmap.org/relation/11832476,Rue Crozatier,https://www.openstreetmap.org/relation/9525,Paris 12e Arrondissement,75112
https://www.openstreetmap.org/node/1376197688,https://www.openstreetmap.org/relation/11832591,Rue de Cîteaux,https://www.openstreetmap.org/relation/9525,Paris 12e Arrondissement,75112
https://www.openstreetmap.org/node/1376197689,https://www.openstreetmap.org/relation/11832470,Impasse Druinot,https://www.openstreetmap.org/relation/9525,Paris 12e Arrondissement,75112
https://www.openstreetmap.org/node/1376197690,https://www.openstreetmap.org/relation/11832278,Passage Brulon,https://www.openstreetmap.org/relation/9525,Paris 12e Arrondissement,75112
https://www.openstreetmap.org/node/1376197691,https://www.openstreetmap.org/relation/11832580,Passage Driancourt,https://www.openstreetmap.org/relation/9525,Paris 12e Arrondissement,75112
https://www.openstreetmap.org/node/1376197692,https://www.openstreetmap.org/relation/11832338,Rue Beccaria,https://www.openstreetmap.org/relation/9525,Paris 12e Arrondissement,75112
https://www.openstreetmap.org/node/1376197693,https://www.openstreetmap.org/relation/11832476,Rue Crozatier,https://www.openstreetmap.org/relation/9525,Paris 12e Arrondissement,75112
https://www.openstreetmap.org/node/1376197694,https://www.openstreetmap.org/relation/11832591,Rue de Cîteaux,https://www.openstreetmap.org/relation/9525,Paris 12e Arrondissement,75112
https://www.openstreetmap.org/node/1376197695,https://www.openstreetmap.org/relation/11832278,Passage Brulon,https://www.openstreetmap.org/relation/9525,Paris 12e Arrondissement,75112
https://www.openstreetmap.org/node/1376197696,https://www.openstreetmap.org/relation/11832338,Rue Beccaria,https://www.openstreetmap.org/relation/9525,Paris 12e Arrondissement,75112
https://www.openstreetmap.org/node/1376197698,https://www.openstreetmap.org/relation/11832476,Rue Crozatier,https://www.openstreetmap.org/relation/9525,Paris 12e Arrondissement,75112
https://www.openstreetmap.org/node/1376197699,https://www.openstreetmap.org/relation/11832591,Rue de Cîteaux,https://www.openstreetmap.org/relation/9525,Paris 12e Arrondissement,75112
https://www.openstreetmap.org/node/1376197700,https://www.openstreetmap.org/relation/11832278,Passage Brulon,https://www.openstreetmap.org/relation/9525,Paris 12e Arrondissement,75112
https://www.openstreetmap.org/node/1376197701,https://www.openstreetmap.org/relation/11832338,Rue Beccaria,https://www.openstreetmap.org/relation/9525,Paris 12e Arrondissement,75112
https://www.openstreetmap.org/node/1376197702,https://www.openstreetmap.org/relation/11832476,Rue Crozatier,https://www.openstreetmap.org/relation/9525,Paris 12e Arrondissement,75112
https://www.openstreetmap.org/node/1376197703,https://www.openstreetmap.org/relation/11832338,Rue Beccaria,https://www.openstreetmap.org/relation/9525,Paris 12e Arrondissement,75112
https://www.openstreetmap.org/node/1376197704,https://www.openstreetmap.org/relation/11832591,Rue de Cîteaux,https://www.openstreetmap.org/relation/9525,Paris 12e Arrondissement,75112
https://www.openstreetmap.org/node/1376197706,https://www.openstreetmap.org/relation/11832338,Rue Beccaria,https://www.openstreetmap.org/relation/9525,Paris 12e Arrondissement,75112
https://www.openstreetmap.org/node/1376197708,https://www.openstreetmap.org/relation/11832338,Rue Beccaria,https://www.openstreetmap.org/relation/9525,Paris 12e Arrondissement,75112
https://www.openstreetmap.org/node/1376197709,https://www.openstreetmap.org/relation/11832476,Rue Crozatier,https://www.openstreetmap.org/relation/9525,Paris 12e Arrondissement,75112
https://www.openstreetmap.org/node/1376197710,https://www.openstreetmap.org/relation/11832591,Rue de Cîteaux,https://www.openstreetmap.org/relation/9525,Paris 12e Arrondissement,75112
https://www.openstreetmap.org/node/1376197711,https://www.openstreetmap.org/relation/11832338,Rue Beccaria,https://www.openstreetmap.org/relation/9525,Paris 12e Arrondissement,75112
https://www.openstreetmap.org/node/1376197712,https://www.openstreetmap.org/relation/11832476,Rue Crozatier,https://www.openstreetmap.org/relation/9525,Paris 12e Arrondissement,75112
https://www.openstreetmap.org/node/1376197713,https://www.openstreetmap.org/relation/11832591,Rue de Cîteaux,https://www.openstreetmap.org/relation/9525,Paris 12e Arrondissement,75112
https://www.openstreetmap.org/node/1376197714,https://www.openstreetmap.org/relation/11832338,Rue Beccaria,https://www.openstreetmap.org/relation/9525,Paris 12e Arrondissement,75112
https://www.openstreetmap.org/node/1376197715,https://www.openstreetmap.org/relation/11832476,Rue Crozatier,https://www.openstreetmap.org/relation/9525,Paris 12e Arrondissement,75112
https://www.openstreetmap.org/node/1376197716,https://www.openstreetmap.org/relation/11832591,Rue de Cîteaux,https://www.openstreetmap.org/relation/9525,Paris 12e Arrondissement,75112
https://www.openstreetmap.org/node/1376197717,https://www.openstreetmap.org/relation/11832338,Rue Beccaria,https://www.openstreetmap.org/relation/9525,Paris 12e Arrondissement,75112
https://www.openstreetmap.org/node/1376197718,https://www.openstreetmap.org/relation/11832476,Rue Crozatier,https://www.openstreetmap.org/relation/9525,Paris 12e Arrondissement,75112
https://www.openstreetmap.org/node/1376197719,https://www.openstreetmap.org/relation/11832591,Rue de Cîteaux,https://www.openstreetmap.org/relation/9525,Paris 12e Arrondissement,75112
https://www.openstreetmap.org/node/1376197720,https://www.openstreetmap.org/relation/11832338,Rue Beccaria,https://www.openstreetmap.org/relation/9525,Paris 12e Arrondissement,75112
https://www.openstreetmap.org/node/1376197721,https://www.openstreetmap.org/relation/11832476,Rue Crozatier,https://www.openstreetmap.org/relation/9525,Paris 12e Arrondissement,75112
https://www.openstreetmap.org/node/1376197722,https://www.openstreetmap.org/relation/11832591,Rue de Cîteaux,https://www.openstreetmap.org/relation/9525,Paris 12e Arrondissement,75112
https://www.openstreetmap.org/node/1376197723,https://www.openstreetmap.org/relation/11832338,Rue Beccaria,https://www.openstreetmap.org/relation/9525,Paris 12e Arrondissement,75112
https://www.openstreetmap.org/node/1376197724,https://www.openstreetmap.org/relation/11832476,Rue Crozatier,https://www.openstreetmap.org/relation/9525,Paris 12e Arrondissement,75112
https://www.openstreetmap.org/node/1376197725,https://www.openstreetmap.org/relation/11832278,Passage Brulon,https://www.openstreetmap.org/relation/9525,Paris 12e Arrondissement,75112
https://www.openstreetmap.org/node/1376197726,https://www.openstreetmap.org/relation/11832278,Passage Brulon,https://www.openstreetmap.org/relation/9525,Paris 12e Arrondissement,75112
https://www.openstreetmap.org/node/1376197727,https://www.openstreetmap.org/relation/11832507,Impasse Crozatier,https://www.openstreetmap.org/relation/9525,Paris 12e Arrondissement,75112
https://www.openstreetmap.org/node/1376197729,https://www.openstreetmap.org/relation/11832278,Passage Brulon,https://www.openstreetmap.org/relation/9525,Paris 12e Arrondissement,75112
https://www.openstreetmap.org/node/1376197731,https://www.openstreetmap.org/relation/11832580,Passage Driancourt,https://www.openstreetmap.org/relation/9525,Paris 12e Arrondissement,75112
https://www.openstreetmap.org/node/1376197734,https://www.openstreetmap.org/relation/11832313,Place Léo Ferré,https://www.openstreetmap.org/relation/9525,Paris 12e Arrondissement,75112
https://www.openstreetmap.org/node/1376197738,https://www.openstreetmap.org/relation/11832476,Rue Crozatier,https://www.openstreetmap.org/relation/9525,Paris 12e Arrondissement,75112
https://www.openstreetmap.org/node/1376197741,https://www.openstreetmap.org/relation/11832591,Rue de Cîteaux,https://www.openstreetmap.org/relation/9525,Paris 12e Arrondissement,75112
https://www.openstreetmap.org/node/1376197744,https://www.openstreetmap.org/relation/11832338,Rue Beccaria,https://www.openstreetmap.org/relation/9525,Paris 12e Arrondissement,75112
https://www.openstreetmap.org/node/1376197747,https://www.openstreetmap.org/relation/11832476,Rue Crozatier,https://www.openstreetmap.org/relation/9525,Paris 12e Arrondissement,75112
https://www.openstreetmap.org/node/1376197750,https://www.openstreetmap.org/relation/11832591,Rue de Cîteaux,https://www.openstreetmap.org/relation/9525,Paris 12e Arrondissement,75112
https://www.openstreetmap.org/node/1376197752,https://www.openstreetmap.org/relation/11832338,Rue Beccaria,https://www.openstreetmap.org/relation/9525,Paris 12e Arrondissement,75112
https://www.openstreetmap.org/node/1376197753,https://www.openstreetmap.org/relation/11832476,Rue Crozatier,https://www.openstreetmap.org/relation/9525,Paris 12e Arrondissement,75112
https://www.openstreetmap.org/node/1376197760,https://www.openstreetmap.org/relation/11832591,Rue de Cîteaux,https://www.openstreetmap.org/relation/9525,Paris 12e Arrondissement,75112
https://www.openstreetmap.org/node/1376197764,https://www.openstreetmap.org/relation/11832338,Rue Beccaria,https://www.openstreetmap.org/relation/9525,Paris 12e Arrondissement,75112
https://www.openstreetmap.org/node/1376197766,https://www.openstreetmap.org/relation/11832476,Rue Crozatier,https://www.openstreetmap.org/relation/9525,Paris 12e Arrondissement,75112
https://www.openstreetmap.org/node/1376197767,https://www.openstreetmap.org/relation/11832338,Rue Beccaria,https://www.openstreetmap.org/relation/9525,Paris 12e Arrondissement,75112
https://www.openstreetmap.org/node/1376197768,https://www.openstreetmap.org/relation/11832476,Rue Crozatier,https://www.openstreetmap.org/relation/9525,Paris 12e Arrondissement,75112
https://www.openstreetmap.org/node/1376197769,https://www.openstreetmap.org/relation/11832591,Rue de Cîteaux,https://www.openstreetmap.org/relation/9525,Paris 12e Arrondissement,75112
https://www.openstreetmap.org/node/1376197771,https://www.openstreetmap.org/relation/11832338,Rue Beccaria,https://www.openstreetmap.org/relation/9525,Paris 12e Arrondissement,75112
https://www.openstreetmap.org/node/1376197773,https://www.openstreetmap.org/relation/11832591,Rue de Cîteaux,https://www.openstreetmap.org/relation/9525,Paris 12e Arrondissement,75112
https://www.openstreetmap.org/node/1376197781,https://www.openstreetmap.org/relation/11832338,Rue Beccaria,https://www.openstreetmap.org/relation/9525,Paris 12e Arrondissement,75112
https://www.openstreetmap.org/node/1376197782,https://www.openstreetmap.org/relation/11832476,Rue Crozatier,https://www.openstreetmap.org/relation/9525,Paris 12e Arrondissement,75112
https://www.openstreetmap.org/node/1376197785,https://www.openstreetmap.org/relation/11832591,Rue de Cîteaux,https://www.openstreetmap.org/relation/9525,Paris 12e Arrondissement,75112
https://www.openstreetmap.org/node/1376197788,https://www.openstreetmap.org/relation/11832591,Rue de Cîteaux,https://www.openstreetmap.org/relation/9525,Paris 12e Arrondissement,75112
https://www.openstreetmap.org/node/1376197790,https://www.openstreetmap.org/relation/11832338,Rue Beccaria,https://www.openstreetmap.org/relation/9525,Paris 12e Arrondissement,75112
https://www.openstreetmap.org/node/1376197794,https://www.openstreetmap.org/relation/11832476,Rue Crozatier,https://www.openstreetmap.org/relation/9525,Paris 12e Arrondissement,75112
https://www.openstreetmap.org/node/1376197796,https://www.openstreetmap.org/relation/11832591,Rue de Cîteaux,https://www.openstreetmap.org/relation/9525,Paris 12e Arrondissement,75112
https://www.openstreetmap.org/node/1376197802,https://www.openstreetmap.org/relation/11832591,Rue de Cîteaux,https://www.openstreetmap.org/relation/9525,Paris 12e Arrondissement,75112
https://www.openstreetmap.org/node/1376197805,https://www.openstreetmap.org/relation/11832591,Rue de Cîteaux,https://www.openstreetmap.org/relation/9525,Paris 12e Arrondissement,75112
https://www.openstreetmap.org/node/1376197808,https://www.openstreetmap.org/relation/11832591,Rue de Cîteaux,https://www.openstreetmap.org/relation/9525,Paris 12e Arrondissement,75112
https://www.openstreetmap.org/node/1376197809,https://www.openstreetmap.org/relation/11832591,Rue de Cîteaux,https://www.openstreetmap.org/relation/9525,Paris 12e Arrondissement,75112
https://www.openstreetmap.org/node/1376197810,https://www.openstreetmap.org/relation/11832591,Rue de Cîteaux,https://www.openstreetmap.org/relation/9525,Paris 12e Arrondissement,75112
https://www.openstreetmap.org/node/1376197811,https://www.openstreetmap.org/relation/11832591,Rue de Cîteaux,https://www.openstreetmap.org/relation/9525,Paris 12e Arrondissement,75112
https://www.openstreetmap.org/node/1376197813,https://www.openstreetmap.org/relation/11832507,Impasse Crozatier,https://www.openstreetmap.org/relation/9525,Paris 12e Arrondissement,75112
https://www.openstreetmap.org/node/1376197816,https://www.openstreetmap.org/relation/11832470,Impasse Druinot,https://www.openstreetmap.org/relation/9525,Paris 12e Arrondissement,75112
https://www.openstreetmap.org/node/1376197823,https://www.openstreetmap.org/relation/11832278,Passage Brulon,https://www.openstreetmap.org/relation/9525,Paris 12e Arrondissement,75112
https://www.openstreetmap.org/node/1376197824,https://www.openstreetmap.org/relation/11832580,Passage Driancourt,https://www.openstreetmap.org/relation/9525,Paris 12e Arrondissement,75112
https://www.openstreetmap.org/node/1376197826,https://www.openstreetmap.org/relation/11832338,Rue Beccaria,https://www.openstreetmap.org/relation/9525,Paris 12e Arrondissement,75112
https://www.openstreetmap.org/node/1376197829,https://www.openstreetmap.org/relation/11832476,Rue Crozatier,https://www.openstreetmap.org/relation/9525,Paris 12e Arrondissement,75112
https://www.openstreetmap.org/node/1376197832,https://www.openstreetmap.org/relation/11832591,Rue de Cîteaux,https://www.openstreetmap.org/relation/9525,Paris 12e Arrondissement,75112
https://www.openstreetmap.org/node/1376197834,https://www.openstreetmap.org/relation/11832476,Rue Crozatier,https://www.openstreetmap.org/relation/9525,Paris 12e Arrondissement,75112
https://www.openstreetmap.org/node/1376197837,https://www.openstreetmap.org/relation/11832591,Rue de Cîteaux,https://www.openstreetmap.org/relation/9525,Paris 12e Arrondissement,75112
https://www.openstreetmap.org/node/1376197846,https://www.openstreetmap.org/relation/11832591,Rue de Cîteaux,https://www.openstreetmap.org/relation/9525,Paris 12e Arrondissement,75112
https://www.openstreetmap.org/node/1376197849,https://www.openstreetmap.org/relation/11832476,Rue Crozatier,https://www.openstreetmap.org/relation/9525,Paris 12e Arrondissement,75112
https://www.openstreetmap.org/node/1376197852,https://www.openstreetmap.org/relation/11832591,Rue de Cîteaux,https://www.openstreetmap.org/relation/9525,Paris 12e Arrondissement,75112
https://www.openstreetmap.org/node/1376197853,https://www.openstreetmap.org/relation/11832476,Rue Crozatier,https://www.openstreetmap.org/relation/9525,Paris 12e Arrondissement,75112
https://www.openstreetmap.org/node/1376197854,https://www.openstreetmap.org/relation/11832591,Rue de Cîteaux,https://www.openstreetmap.org/relation/9525,Paris 12e Arrondissement,75112
https://www.openstreetmap.org/node/1376197855,https://www.openstreetmap.org/relation/11832476,Rue Crozatier,https://www.openstreetmap.org/relation/9525,Paris 12e Arrondissement,75112
https://www.openstreetmap.org/node/1376197860,https://www.openstreetmap.org/relation/11832591,Rue de Cîteaux,https://www.openstreetmap.org/relation/9525,Paris 12e Arrondissement,75112
https://www.openstreetmap.org/node/1376197866,https://www.openstreetmap.org/relation/11832476,Rue Crozatier,https://www.openstreetmap.org/relation/9525,Paris 12e Arrondissement,75112
https://www.openstreetmap.org/node/1376197868,https://www.openstreetmap.org/relation/11832591,Rue de Cîteaux,https://www.openstreetmap.org/relation/9525,Paris 12e Arrondissement,75112
https://www.openstreetmap.org/node/1376197871,https://www.openstreetmap.org/relation/11832476,Rue Crozatier,https://www.openstreetmap.org/relation/9525,Paris 12e Arrondissement,75112
https://www.openstreetmap.org/node/1376197874,https://www.openstreetmap.org/relation/11832591,Rue de Cîteaux,https://www.openstreetmap.org/relation/9525,Paris 12e Arrondissement,75112
https://www.openstreetmap.org/node/1376197877,https://www.openstreetmap.org/relation/11832476,Rue Crozatier,https://www.openstreetmap.org/relation/9525,Paris 12e Arrondissement,75112
https://www.openstreetmap.org/node/1376197880,https://www.openstreetmap.org/relation/11832591,Rue de Cîteaux,https://www.openstreetmap.org/relation/9525,Paris 12e Arrondissement,75112
https://www.openstreetmap.org/node/1376197881,https://www.openstreetmap.org/relation/11832476,Rue Crozatier,https://www.openstreetmap.org/relation/9525,Paris 12e Arrondissement,75112
https://www.openstreetmap.org/node/1376197890,https://www.openstreetmap.org/relation/11832591,Rue de Cîteaux,https://www.openstreetmap.org/relation/9525,Paris 12e Arrondissement,75112
https://www.openstreetmap.org/node/1376197892,https://www.openstreetmap.org/relation/11832476,Rue Crozatier,https://www.openstreetmap.org/relation/9525,Paris 12e Arrondissement,75112
https://www.openstreetmap.org/node/1376197893,https://www.openstreetmap.org/relation/11832507,Impasse Crozatier,https://www.openstreetmap.org/relation/9525,Paris 12e Arrondissement,75112
https://www.openstreetmap.org/node/1376197894,https://www.openstreetmap.org/relation/11832470,Impasse Druinot,https://www.openstreetmap.org/relation/9525,Paris 12e Arrondissement,75112
https://www.openstreetmap.org/node/1376197895,https://www.openstreetmap.org/relation/11832278,Passage Brulon,https://www.openstreetmap.org/relation/9525,Paris 12e Arrondissement,75112
https://www.openstreetmap.org/node/1376197896,https://www.openstreetmap.org/relation/11832580,Passage Driancourt,https://www.openstreetmap.org/relation/9525,Paris 12e Arrondissement,75112
https://www.openstreetmap.org/node/1376197897,https://www.openstreetmap.org/relation/11832313,Place Léo Ferré,https://www.openstreetmap.org/relation/9525,Paris 12e Arrondissement,75112
https://www.openstreetmap.org/node/1376197899,https://www.openstreetmap.org/relation/11832591,Rue de Cîteaux,https://www.openstreetmap.org/relation/9525,Paris 12e Arrondissement,75112
https://www.openstreetmap.org/node/1376197900,https://www.openstreetmap.org/relation/11832476,Rue Crozatier,https://www.openstreetmap.org/relation/9525,Paris 12e Arrondissement,75112
https://www.openstreetmap.org/node/1376197901,https://www.openstreetmap.org/relation/11832591,Rue de Cîteaux,https://www.openstreetmap.org/relation/9525,Paris 12e Arrondissement,75112
https://www.openstreetmap.org/node/1376197902,https://www.openstreetmap.org/relation/11832476,Rue Crozatier,https://www.openstreetmap.org/relation/9525,Paris 12e Arrondissement,75112
https://www.openstreetmap.org/node/1376197903,https://www.openstreetmap.org/relation/11832591,Rue de Cîteaux,https://www.openstreetmap.org/relation/9525,Paris 12e Arrondissement,75112
https://www.openstreetmap.org/node/1376197904,https://www.openstreetmap.org/relation/11832591,Rue de Cîteaux,https://www.openstreetmap.org/relation/9525,Paris 12e Arrondissement,75112
https://www.openstreetmap.org/node/1376197905,https://www.openstreetmap.org/relation/11832476,Rue Crozatier,https://www.openstreetmap.org/relation/9525,Paris 12e Arrondissement,75112
https://www.openstreetmap.org/node/1376197906,https://www.openstreetmap.org/relation/11832591,Rue de Cîteaux,https://www.openstreetmap.org/relation/9525,Paris 12e Arrondissement,75112
https://www.openstreetmap.org/node/1376197907,https://www.openstreetmap.org/relation/11832476,Rue Crozatier,https://www.openstreetmap.org/relation/9525,Paris 12e Arrondissement,75112
https://www.openstreetmap.org/node/1376197908,https://www.openstreetmap.org/relation/11832591,Rue de Cîteaux,https://www.openstreetmap.org/relation/9525,Paris 12e Arrondissement,75112
https://www.openstreetmap.org/node/1376197909,https://www.openstreetmap.org/relation/11832476,Rue Crozatier,https://www.openstreetmap.org/relation/9525,Paris 12e Arrondissement,75112
https://www.openstreetmap.org/node/1376197910,https://www.openstreetmap.org/relation/11832476,Rue Crozatier,https://www.openstreetmap.org/relation/9525,Paris 12e Arrondissement,75112
https://www.openstreetmap.org/node/1376197911,https://www.openstreetmap.org/relation/11832591,Rue de Cîteaux,https://www.openstreetmap.org/relation/9525,Paris 12e Arrondissement,75112
https://www.openstreetmap.org/node/1376197912,https://www.openstreetmap.org/relation/11832476,Rue Crozatier,https://www.openstreetmap.org/relation/9525,Paris 12e Arrondissement,75112
https://www.openstreetmap.org/node/1376197913,https://www.openstreetmap.org/relation/11832591,Rue de Cîteaux,https://www.openstreetmap.org/relation/9525,Paris 12e Arrondissement,75112
https://www.openstreetmap.org/node/1376197914,https://www.openstreetmap.org/relation/11832476,Rue Crozatier,https://www.openstreetmap.org/relation/9525,Paris 12e Arrondissement,75112
https://www.openstreetmap.org/node/1376197915,https://www.openstreetmap.org/relation/11832476,Rue Crozatier,https://www.openstreetmap.org/relation/9525,Paris 12e Arrondissement,75112
https://www.openstreetmap.org/node/1376197916,https://www.openstreetmap.org/relation/11832591,Rue de Cîteaux,https://www.openstreetmap.org/relation/9525,Paris 12e Arrondissement,75112
https://www.openstreetmap.org/node/1376197917,https://www.openstreetmap.org/relation/11832507,Impasse Crozatier,https://www.openstreetmap.org/relation/9525,Paris 12e Arrondissement,75112
https://www.openstreetmap.org/node/1376197918,https://www.openstreetmap.org/relation/11832278,Passage Brulon,https://www.openstreetmap.org/relation/9525,Paris 12e Arrondissement,75112
https://www.openstreetmap.org/node/1376197919,https://www.openstreetmap.org/relation/11832338,Rue Beccaria,https://www.openstreetmap.org/relation/9525,Paris 12e Arrondissement,75112
https://www.openstreetmap.org/node/1376197920,https://www.openstreetmap.org/relation/11832476,Rue Crozatier,https://www.openstreetmap.org/relation/9525,Paris 12e Arrondissement,75112
https://www.openstreetmap.org/node/1376197921,https://www.openstreetmap.org/relation/11832591,Rue de Cîteaux,https://www.openstreetmap.org/relation/9525,Paris 12e Arrondissement,75112
https://www.openstreetmap.org/node/1376197922,https://www.openstreetmap.org/relation/11832476,Rue Crozatier,https://www.openstreetmap.org/relation/9525,Paris 12e Arrondissement,75112
https://www.openstreetmap.org/node/1376197923,https://www.openstreetmap.org/relation/11832476,Rue Crozatier,https://www.openstreetmap.org/relation/9525,Paris 12e Arrondissement,75112
https://www.openstreetmap.org/node/1376197924,https://www.openstreetmap.org/relation/11832476,Rue Crozatier,https://www.openstreetmap.org/relation/9525,Paris 12e Arrondissement,75112
https://www.openstreetmap.org/node/1376197925,https://www.openstreetmap.org/relation/11832476,Rue Crozatier,https://www.openstreetmap.org/relation/9525,Paris 12e Arrondissement,75112
https://www.openstreetmap.org/node/1376197926,https://www.openstreetmap.org/relation/11832476,Rue Crozatier,https://www.openstreetmap.org/relation/9525,Paris 12e Arrondissement,75112
https://www.openstreetmap.org/node/1376197927,https://www.openstreetmap.org/relation/11832476,Rue Crozatier,https://www.openstreetmap.org/relation/9525,Paris 12e Arrondissement,75112
https://www.openstreetmap.org/node/1376197928,https://www.openstreetmap.org/relation/11832476,Rue Crozatier,https://www.openstreetmap.org/relation/9525,Paris 12e Arrondissement,75112
https://www.openstreetmap.org/node/1376197929,https://www.openstreetmap.org/relation/11832470,Impasse Druinot,https://www.openstreetmap.org/relation/9525,Paris 12e Arrondissement,75112
https://www.openstreetmap.org/node/1376197930,https://www.openstreetmap.org/relation/11832470,Impasse Druinot,https://www.openstreetmap.org/relation/9525,Paris 12e Arrondissement,75112
https://www.openstreetmap.org/node/1376197931,https://www.openstreetmap.org/relation/11832507,Impasse Crozatier,https://www.openstreetmap.org/relation/9525,Paris 12e Arrondissement,75112
https://www.openstreetmap.org/node/1376197932,https://www.openstreetmap.org/relation/11832470,Impasse Druinot,https://www.openstreetmap.org/relation/9525,Paris 12e Arrondissement,75112
https://www.openstreetmap.org/node/1376197933,https://www.openstreetmap.org/relation/11832278,Passage Brulon,https://www.openstreetmap.org/relation/9525,Paris 12e Arrondissement,75112
https://www.openstreetmap.org/node/1376197934,https://www.openstreetmap.org/relation/11832580,Passage Driancourt,https://www.openstreetmap.org/relation/9525,Paris 12e Arrondissement,75112
https://www.openstreetmap.org/node/1376197935,https://www.openstreetmap.org/relation/11832476,Rue Crozatier,https://www.openstreetmap.org/relation/9525,Paris 12e Arrondissement,75112
https://www.openstreetmap.org/node/1376197936,https://www.openstreetmap.org/relation/11832591,Rue de Cîteaux,https://www.openstreetmap.org/relation/9525,Paris 12e Arrondissement,75112
https://www.openstreetmap.org/node/1376197937,https://www.openstreetmap.org/relation/11832476,Rue Crozatier,https://www.openstreetmap.org/relation/9525,Paris 12e Arrondissement,75112
https://www.openstreetmap.org/node/1376197938,https://www.openstreetmap.org/relation/11832476,Rue Crozatier,https://www.openstreetmap.org/relation/9525,Paris 12e Arrondissement,75112
https://www.openstreetmap.org/node/1376197939,https://www.openstreetmap.org/relation/11832476,Rue Crozatier,https://www.openstreetmap.org/relation/9525,Paris 12e Arrondissement,75112
https://www.openstreetmap.org/node/1376197940,https://www.openstreetmap.org/relation/11832476,Rue Crozatier,https://www.openstreetmap.org/relation/9525,Paris 12e Arrondissement,75112
https://www.openstreetmap.org/node/1376197941,https://www.openstreetmap.org/relation/11832476,Rue Crozatier,https://www.openstreetmap.org/relation/9525,Paris 12e Arrondissement,75112
https://www.openstreetmap.org/node/1376197942,https://www.openstreetmap.org/relation/11832476,Rue Crozatier,https://www.openstreetmap.org/relation/9525,Paris 12e Arrondissement,75112
https://www.openstreetmap.org/node/1376197943,https://www.openstreetmap.org/relation/11832476,Rue Crozatier,https://www.openstreetmap.org/relation/9525,Paris 12e Arrondissement,75112
https://www.openstreetmap.org/node/1376197944,https://www.openstreetmap.org/relation/11832476,Rue Crozatier,https://www.openstreetmap.org/relation/9525,Paris 12e Arrondissement,75112
https://www.openstreetmap.org/node/1376197945,https://www.openstreetmap.org/relation/11832507,Impasse Crozatier,https://www.openstreetmap.org/relation/9525,Paris 12e Arrondissement,75112
https://www.openstreetmap.org/node/1376197946,https://www.openstreetmap.org/relation/11832470,Impasse Druinot,https://www.openstreetmap.org/relation/9525,Paris 12e Arrondissement,75112
https://www.openstreetmap.org/node/1376197947,https://www.openstreetmap.org/relation/11832278,Passage Brulon,https://www.openstreetmap.org/relation/9525,Paris 12e Arrondissement,75112
https://www.openstreetmap.org/node/1376197948,https://www.openstreetmap.org/relation/11832338,Rue Beccaria,https://www.openstreetmap.org/relation/9525,Paris 12e Arrondissement,75112
https://www.openstreetmap.org/node/1376197949,https://www.openstreetmap.org/relation/11832476,Rue Crozatier,https://www.openstreetmap.org/relation/9525,Paris 12e Arrondissement,75112
https://www.openstreetmap.org/node/1376197950,https://www.openstreetmap.org/relation/11832591,Rue de Cîteaux,https://www.openstreetmap.org/relation/9525,Paris 12e Arrondissement,75112
https://www.openstreetmap.org/node/1376197951,https://www.openstreetmap.org/relation/11832476,Rue Crozatier,https://www.openstreetmap.org/relation/9525,Paris 12e Arrondissement,75112
https://www.openstreetmap.org/node/1376197952,https://www.openstreetmap.org/relation/11832476,Rue Crozatier,https://www.openstreetmap.org/relation/9525,Paris 12e Arrondissement,75112
https://www.openstreetmap.org/node/1376197953,https://www.openstreetmap.org/relation/11832476,Rue Crozatier,https://www.openstreetmap.org/relation/9525,Paris 12e Arrondissement,75112
https://www.openstreetmap.org/node/1376197954,https://www.openstreetmap.org/relation/11832476,Rue Crozatier,https://www.openstreetmap.org/relation/9525,Paris 12e Arrondissement,75112
https://www.openstreetmap.org/node/1376197955,https://www.openstreetmap.org/relation/11832476,Rue Crozatier,https://www.openstreetmap.org/relation/9525,Paris 12e Arrondissement,75112
https://www.openstreetmap.org/node/1376197956,https://www.openstreetmap.org/relation/11832476,Rue Crozatier,https://www.openstreetmap.org/relation/9525,Paris 12e Arrondissement,75112
https://www.openstreetmap.org/node/1376197957,https://www.openstreetmap.org/relation/11832476,Rue Crozatier,https://www.openstreetmap.org/relation/9525,Paris 12e Arrondissement,75112
https://www.openstreetmap.org/node/1376197958,https://www.openstreetmap.org/relation/11832476,Rue Crozatier,https://www.openstreetmap.org/relation/9525,Paris 12e Arrondissement,75112
https://www.openstreetmap.org/node/1376197959,https://www.openstreetmap.org/relation/11832476,Rue Crozatier,https://www.openstreetmap.org/relation/9525,Paris 12e Arrondissement,75112
https://www.openstreetmap.org/node/1376197960,https://www.openstreetmap.org/relation/11832470,Impasse Druinot,https://www.openstreetmap.org/relation/9525,Paris 12e Arrondissement,75112
https://www.openstreetmap.org/node/1376197962,https://www.openstreetmap.org/relation/11832580,Passage Driancourt,https://www.openstreetmap.org/relation/9525,Paris 12e Arrondissement,75112
https://www.openstreetmap.org/node/1376197963,https://www.openstreetmap.org/relation/11832476,Rue Crozatier,https://www.openstreetmap.org/relation/9525,Paris 12e Arrondissement,75112
https://www.openstreetmap.org/node/1376197964,https://www.openstreetmap.org/relation/11832591,Rue de Cîteaux,https://www.openstreetmap.org/relation/9525,Paris 12e Arrondissement,75112
https://www.openstreetmap.org/node/1376197965,https://www.openstreetmap.org/relation/11832476,Rue Crozatier,https://www.openstreetmap.org/relation/9525,Paris 12e Arrondissement,75112
https://www.openstreetmap.org/node/1376197966,https://www.openstreetmap.org/relation/11832476,Rue Crozatier,https://www.openstreetmap.org/relation/9525,Paris 12e Arrondissement,75112
https://www.openstreetmap.org/node/1376197967,https://www.openstreetmap.org/relation/11832278,Passage Brulon,https://www.openstreetmap.org/relation/9525,Paris 12e Arrondissement,75112
https://www.openstreetmap.org/node/1376197968,https://www.openstreetmap.org/relation/11832338,Rue Beccaria,https://www.openstreetmap.org/relation/9525,Paris 12e Arrondissement,75112
https://www.openstreetmap.org/node/1376197969,https://www.openstreetmap.org/relation/11832476,Rue Crozatier,https://www.openstreetmap.org/relation/9525,Paris 12e Arrondissement,75112
https://www.openstreetmap.org/node/1376197971,https://www.openstreetmap.org/relation/11832591,Rue de Cîteaux,https://www.openstreetmap.org/relation/9525,Paris 12e Arrondissement,75112
https://www.openstreetmap.org/node/1376730392,https://www.openstreetmap.org/relation/11832413,Rue Guillaumot,https://www.openstreetmap.org/relation/9525,Paris 12e Arrondissement,75112
https://www.openstreetmap.org/node/1376730393,https://www.openstreetmap.org/relation/11832475,Rue Hector Malot,https://www.openstreetmap.org/relation/9525,Paris 12e Arrondissement,75112
https://www.openstreetmap.org/node/1376730394,https://www.openstreetmap.org/relation/11832492,Rue Jean Bouton,https://www.openstreetmap.org/relation/9525,Paris 12e Arrondissement,75112
https://www.openstreetmap.org/node/1376730395,https://www.openstreetmap.org/relation/11832292,Rue Paul-Henri Grauwin,https://www.openstreetmap.org/relation/9525,Paris 12e Arrondissement,75112
https://www.openstreetmap.org/node/1376730396,https://www.openstreetmap.org/relation/11832302,Rue Roland Barthes,https://www.openstreetmap.org/relation/9525,Paris 12e Arrondissement,75112
https://www.openstreetmap.org/node/1376730397,https://www.openstreetmap.org/relation/11832618,Passage Raguinot,https://www.openstreetmap.org/relation/9525,Paris 12e Arrondissement,75112
https://www.openstreetmap.org/node/1376730398,https://www.openstreetmap.org/relation/11832475,Rue Hector Malot,https://www.openstreetmap.org/relation/9525,Paris 12e Arrondissement,75112
https://www.openstreetmap.org/node/1376730399,https://www.openstreetmap.org/relation/11832454,Rue Legraverend,https://www.openstreetmap.org/relation/9525,Paris 12e Arrondissement,75112
https://www.openstreetmap.org/node/1376730400,https://www.openstreetmap.org/relation/11832292,Rue Paul-Henri Grauwin,https://www.openstreetmap.org/relation/9525,Paris 12e Arrondissement,75112
https://www.openstreetmap.org/node/1376730401,https://www.openstreetmap.org/relation/11832340,Passage Gatbois,https://www.openstreetmap.org/relation/9525,Paris 12e Arrondissement,75112
https://www.openstreetmap.org/node/1376730402,https://www.openstreetmap.org/relation/11832340,Passage Gatbois,https://www.openstreetmap.org/relation/9525,Paris 12e Arrondissement,75112
https://www.openstreetmap.org/node/1376730403,https://www.openstreetmap.org/relation/11832454,Rue Legraverend,https://www.openstreetmap.org/relation/9525,Paris 12e Arrondissement,75112
https://www.openstreetmap.org/node/1376730404,https://www.openstreetmap.org/relation/11832302,Rue Roland Barthes,https://www.openstreetmap.org/relation/9525,Paris 12e Arrondissement,75112
https://www.openstreetmap.org/node/1376730405,https://www.openstreetmap.org/relation/11832340,Passage Gatbois,https://www.openstreetmap.org/relation/9525,Paris 12e Arrondissement,75112
https://www.openstreetmap.org/node/1376730406,https://www.openstreetmap.org/relation/11832618,Passage Raguinot,https://www.openstreetmap.org/relation/9525,Paris 12e Arrondissement,75112
https://www.openstreetmap.org/node/1376730407,https://www.openstreetmap.org/relation/11832492,Rue Jean Bouton,https://www.openstreetmap.org/relation/9525,Paris 12e Arrondissement,75112
https://www.openstreetmap.org/node/1376730408,https://www.openstreetmap.org/relation/11832292,Rue Paul-Henri Grauwin,https://www.openstreetmap.org/relation/9525,Paris 12e Arrondissement,75112
https://www.openstreetmap.org/node/1376730409,https://www.openstreetmap.org/relation/11832340,Passage Gatbois,https://www.openstreetmap.org/relation/9525,Paris 12e Arrondissement,75112
https://www.openstreetmap.org/node/1376730410,https://www.openstreetmap.org/relation/11832475,Rue Hector Malot,https://www.openstreetmap.org/relation/9525,Paris 12e Arrondissement,75112
https://www.openstreetmap.org/node/1376730411,https://www.openstreetmap.org/relation/11832292,Rue Paul-Henri Grauwin,https://www.openstreetmap.org/relation/9525,Paris 12e Arrondissement,75112
https://www.openstreetmap.org/node/1376730412,https://www.openstreetmap.org/relation/11832302,Rue Roland Barthes,https://www.openstreetmap.org/relation/9525,Paris 12e Arrondissement,75112
https://www.openstreetmap.org/node/1376730413,https://www.openstreetmap.org/relation/11832340,Passage Gatbois,https://www.openstreetmap.org/relation/9525,Paris 12e Arrondissement,75112
https://www.openstreetmap.org/node/1376730414,https://www.openstreetmap.org/relation/11832618,Passage Raguinot,https://www.openstreetmap.org/relation/9525,Paris 12e Arrondissement,75112
https://www.openstreetmap.org/node/1376730416,https://www.openstreetmap.org/relation/11832492,Rue Jean Bouton,https://www.openstreetmap.org/relation/9525,Paris 12e Arrondissement,75112
https://www.openstreetmap.org/node/1376730417,https://www.openstreetmap.org/relation/11832292,Rue Paul-Henri Grauwin,https://www.openstreetmap.org/relation/9525,Paris 12e Arrondissement,75112
https://www.openstreetmap.org/node/1376730418,https://www.openstreetmap.org/relation/11832618,Passage Raguinot,https://www.openstreetmap.org/relation/9525,Paris 12e Arrondissement,75112
https://www.openstreetmap.org/node/1376730419,https://www.openstreetmap.org/relation/11832475,Rue Hector Malot,https://www.openstreetmap.org/relation/9525,Paris 12e Arrondissement,75112
https://www.openstreetmap.org/node/1376730420,https://www.openstreetmap.org/relation/11832292,Rue Paul-Henri Grauwin,https://www.openstreetmap.org/relation/9525,Paris 12e Arrondissement,75112
https://www.openstreetmap.org/node/1376730421,https://www.openstreetmap.org/relation/11832340,Passage Gatbois,https://www.openstreetmap.org/relation/9525,Paris 12e Arrondissement,75112
https://www.openstreetmap.org/node/1376730422,https://www.openstreetmap.org/relation/11832618,Passage Raguinot,https://www.openstreetmap.org/relation/9525,Paris 12e Arrondissement,75112
https://www.openstreetmap.org/node/1376730424,https://www.openstreetmap.org/relation/11832492,Rue Jean Bouton,https://www.openstreetmap.org/relation/9525,Paris 12e Arrondissement,75112
https://www.openstreetmap.org/node/1376730425,https://www.openstreetmap.org/relation/11832292,Rue Paul-Henri Grauwin,https://www.openstreetmap.org/relation/9525,Paris 12e Arrondissement,75112
https://www.openstreetmap.org/node/1376730426,https://www.openstreetmap.org/relation/11832340,Passage Gatbois,https://www.openstreetmap.org/relation/9525,Paris 12e Arrondissement,75112
https://www.openstreetmap.org/node/1376730427,https://www.openstreetmap.org/relation/11832618,Passage Raguinot,https://www.openstreetmap.org/relation/9525,Paris 12e Arrondissement,75112
https://www.openstreetmap.org/node/1376730429,https://www.openstreetmap.org/relation/11832292,Rue Paul-Henri Grauwin,https://www.openstreetmap.org/relation/9525,Paris 12e Arrondissement,75112
https://www.openstreetmap.org/node/1376730430,https://www.openstreetmap.org/relation/11832618,Passage Raguinot,https://www.openstreetmap.org/relation/9525,Paris 12e Arrondissement,75112
https://www.openstreetmap.org/node/1376730432,https://www.openstreetmap.org/relation/11832475,Rue Hector Malot,https://www.openstreetmap.org/relation/9525,Paris 12e Arrondissement,75112
https://www.openstreetmap.org/node/1376730433,https://www.openstreetmap.org/relation/11832492,Rue Jean Bouton,https://www.openstreetmap.org/relation/9525,Paris 12e Arrondissement,75112
https://www.openstreetmap.org/node/1376730434,https://www.openstreetmap.org/relation/11832292,Rue Paul-Henri Grauwin,https://www.openstreetmap.org/relation/9525,Paris 12e Arrondissement,75112
https://www.openstreetmap.org/node/1376730435,https://www.openstreetmap.org/relation/11832340,Passage Gatbois,https://www.openstreetmap.org/relation/9525,Paris 12e Arrondissement,75112
https://www.openstreetmap.org/node/1376730436,https://www.openstreetmap.org/relation/11832618,Passage Raguinot,https://www.openstreetmap.org/relation/9525,Paris 12e Arrondissement,75112
https://www.openstreetmap.org/node/1376730437,https://www.openstreetmap.org/relation/11832475,Rue Hector Malot,https://www.openstreetmap.org/relation/9525,Paris 12e Arrondissement,75112
https://www.openstreetmap.org/node/1376730438,https://www.openstreetmap.org/relation/11832292,Rue Paul-Henri Grauwin,https://www.openstreetmap.org/relation/9525,Paris 12e Arrondissement,75112
https://www.openstreetmap.org/node/1376730439,https://www.openstreetmap.org/relation/11832475,Rue Hector Malot,https://www.openstreetmap.org/relation/9525,Paris 12e Arrondissement,75112
https://www.openstreetmap.org/node/1376730440,https://www.openstreetmap.org/relation/11832492,Rue Jean Bouton,https://www.openstreetmap.org/relation/9525,Paris 12e Arrondissement,75112
https://www.openstreetmap.org/node/1376730442,https://www.openstreetmap.org/relation/11832475,Rue Hector Malot,https://www.openstreetmap.org/relation/9525,Paris 12e Arrondissement,75112
https://www.openstreetmap.org/node/1376730443,https://www.openstreetmap.org/relation/11832492,Rue Jean Bouton,https://www.openstreetmap.org/relation/9525,Paris 12e Arrondissement,75112
https://www.openstreetmap.org/node/1376730444,https://www.openstreetmap.org/relation/11832454,Rue Legraverend,https://www.openstreetmap.org/relation/9525,Paris 12e Arrondissement,75112
https://www.openstreetmap.org/node/1376730445,https://www.openstreetmap.org/relation/11832618,Passage Raguinot,https://www.openstreetmap.org/relation/9525,Paris 12e Arrondissement,75112
https://www.openstreetmap.org/node/1376730447,https://www.openstreetmap.org/relation/11832475,Rue Hector Malot,https://www.openstreetmap.org/relation/9525,Paris 12e Arrondissement,75112
https://www.openstreetmap.org/node/1376730448,https://www.openstreetmap.org/relation/11832292,Rue Paul-Henri Grauwin,https://www.openstreetmap.org/relation/9525,Paris 12e Arrondissement,75112
https://www.openstreetmap.org/node/1376730449,https://www.openstreetmap.org/relation/11832340,Passage Gatbois,https://www.openstreetmap.org/relation/9525,Paris 12e Arrondissement,75112
https://www.openstreetmap.org/node/1376730450,https://www.openstreetmap.org/relation/11832618,Passage Raguinot,https://www.openstreetmap.org/relation/9525,Paris 12e Arrondissement,75112
https://www.openstreetmap.org/node/1376730451,https://www.openstreetmap.org/relation/11832475,Rue Hector Malot,https://www.openstreetmap.org/relation/9525,Paris 12e Arrondissement,75112
https://www.openstreetmap.org/node/1376730452,https://www.openstreetmap.org/relation/11832618,Passage Raguinot,https://www.openstreetmap.org/relation/9525,Paris 12e Arrondissement,75112
https://www.openstreetmap.org/node/1376730454,https://www.openstreetmap.org/relation/11832475,Rue Hector Malot,https://www.openstreetmap.org/relation/9525,Paris 12e Arrondissement,75112
https://www.openstreetmap.org/node/1376730455,https://www.openstreetmap.org/relation/11832340,Passage Gatbois,https://www.openstreetmap.org/relation/9525,Paris 12e Arrondissement,75112
https://www.openstreetmap.org/node/1376730456,https://www.openstreetmap.org/relation/11832618,Passage Raguinot,https://www.openstreetmap.org/relation/9525,Paris 12e Arrondissement,75112
https://www.openstreetmap.org/node/1376730457,https://www.openstreetmap.org/relation/11832475,Rue Hector Malot,https://www.openstreetmap.org/relation/9525,Paris 12e Arrondissement,75112
https://www.openstreetmap.org/node/1376730458,https://www.openstreetmap.org/relation/11832618,Passage Raguinot,https://www.openstreetmap.org/relation/9525,Paris 12e Arrondissement,75112
https://www.openstreetmap.org/node/1376730460,https://www.openstreetmap.org/relation/11832475,Rue Hector Malot,https://www.openstreetmap.org/relation/9525,Paris 12e Arrondissement,75112
https://www.openstreetmap.org/node/1376730461,https://www.openstreetmap.org/relation/11832475,Rue Hector Malot,https://www.openstreetmap.org/relation/9525,Paris 12e Arrondissement,75112
https://www.openstreetmap.org/node/1376730463,https://www.openstreetmap.org/relation/11832475,Rue Hector Malot,https://www.openstreetmap.org/relation/9525,Paris 12e Arrondissement,75112
https://www.openstreetmap.org/node/1376730464,https://www.openstreetmap.org/relation/11832475,Rue Hector Malot,https://www.openstreetmap.org/relation/9525,Paris 12e Arrondissement,75112
https://www.openstreetmap.org/node/1376730465,https://www.openstreetmap.org/relation/11832413,Rue Guillaumot,https://www.openstreetmap.org/relation/9525,Paris 12e Arrondissement,75112
https://www.openstreetmap.org/node/1376730466,https://www.openstreetmap.org/relation/11832475,Rue Hector Malot,https://www.openstreetmap.org/relation/9525,Paris 12e Arrondissement,75112
https://www.openstreetmap.org/node/1376730467,https://www.openstreetmap.org/relation/11832492,Rue Jean Bouton,https://www.openstreetmap.org/relation/9525,Paris 12e Arrondissement,75112
https://www.openstreetmap.org/node/1376730468,https://www.openstreetmap.org/relation/11832454,Rue Legraverend,https://www.openstreetmap.org/relation/9525,Paris 12e Arrondissement,75112
https://www.openstreetmap.org/node/1376730469,https://www.openstreetmap.org/relation/11832292,Rue Paul-Henri Grauwin,https://www.openstreetmap.org/relation/9525,Paris 12e Arrondissement,75112
https://www.openstreetmap.org/node/1376730470,https://www.openstreetmap.org/relation/11832302,Rue Roland Barthes,https://www.openstreetmap.org/relation/9525,Paris 12e Arrondissement,75112
https://www.openstreetmap.org/node/1376730472,https://www.openstreetmap.org/relation/11832454,Rue Legraverend,https://www.openstreetmap.org/relation/9525,Paris 12e Arrondissement,75112
https://www.openstreetmap.org/node/1376730473,https://www.openstreetmap.org/relation/11832475,Rue Hector Malot,https://www.openstreetmap.org/relation/9525,Paris 12e Arrondissement,75112
https://www.openstreetmap.org/node/1376730474,https://www.openstreetmap.org/relation/11832492,Rue Jean Bouton,https://www.openstreetmap.org/relation/9525,Paris 12e Arrondissement,75112
https://www.openstreetmap.org/node/1376730475,https://www.openstreetmap.org/relation/11832454,Rue Legraverend,https://www.openstreetmap.org/relation/9525,Paris 12e Arrondissement,75112
https://www.openstreetmap.org/node/1376730476,https://www.openstreetmap.org/relation/11832413,Rue Guillaumot,https://www.openstreetmap.org/relation/9525,Paris 12e Arrondissement,75112
https://www.openstreetmap.org/node/1376730477,https://www.openstreetmap.org/relation/11832475,Rue Hector Malot,https://www.openstreetmap.org/relation/9525,Paris 12e Arrondissement,75112
https://www.openstreetmap.org/node/1376730478,https://www.openstreetmap.org/relation/11832492,Rue Jean Bouton,https://www.openstreetmap.org/relation/9525,Paris 12e Arrondissement,75112
https://www.openstreetmap.org/node/1376730479,https://www.openstreetmap.org/relation/11832454,Rue Legraverend,https://www.openstreetmap.org/relation/9525,Paris 12e Arrondissement,75112
https://www.openstreetmap.org/node/1376730480,https://www.openstreetmap.org/relation/11832292,Rue Paul-Henri Grauwin,https://www.openstreetmap.org/relation/9525,Paris 12e Arrondissement,75112
https://www.openstreetmap.org/node/1376730481,https://www.openstreetmap.org/relation/11832302,Rue Roland Barthes,https://www.openstreetmap.org/relation/9525,Paris 12e Arrondissement,75112
https://www.openstreetmap.org/node/1376730482,https://www.openstreetmap.org/relation/11832475,Rue Hector Malot,https://www.openstreetmap.org/relation/9525,Paris 12e Arrondissement,75112
https://www.openstreetmap.org/node/1376730483,https://www.openstreetmap.org/relation/11832454,Rue Legraverend,https://www.openstreetmap.org/relation/9525,Paris 12e Arrondissement,75112
https://www.openstreetmap.org/node/1376730484,https://www.openstreetmap.org/relation/11832475,Rue Hector Malot,https://www.openstreetmap.org/relation/9525,Paris 12e Arrondissement,75112
https://www.openstreetmap.org/node/1376730485,https://www.openstreetmap.org/relation/11832492,Rue Jean Bouton,https://www.openstreetmap.org/relation/9525,Paris 12e Arrondissement,75112
https://www.openstreetmap.org/node/1376730486,https://www.openstreetmap.org/relation/11832454,Rue Legraverend,https://www.openstreetmap.org/relation/9525,Paris 12e Arrondissement,75112
https://www.openstreetmap.org/node/1376730487,https://www.openstreetmap.org/relation/11832292,Rue Paul-Henri Grauwin,https://www.openstreetmap.org/relation/9525,Paris 12e Arrondissement,75112
https://www.openstreetmap.org/node/1376730488,https://www.openstreetmap.org/relation/11832475,Rue Hector Malot,https://www.openstreetmap.org/relation/9525,Paris 12e Arrondissement,75112
https://www.openstreetmap.org/node/1376730489,https://www.openstreetmap.org/relation/11832492,Rue Jean Bouton,https://www.openstreetmap.org/relation/9525,Paris 12e Arrondissement,75112
https://www.openstreetmap.org/node/1376730490,https://www.openstreetmap.org/relation/11832475,Rue Hector Malot,https://www.openstreetmap.org/relation/9525,Paris 12e Arrondissement,75112
https://www.openstreetmap.org/node/1376730491,https://www.openstreetmap.org/relation/11832454,Rue Legraverend,https://www.openstreetmap.org/relation/9525,Paris 12e Arrondissement,75112
https://www.openstreetmap.org/node/1376730492,https://www.openstreetmap.org/relation/11832292,Rue Paul-Henri Grauwin,https://www.openstreetmap.org/relation/9525,Paris 12e Arrondissement,75112
https://www.openstreetmap.org/node/1390840571,https://www.openstreetmap.org/relation/11832276,Rue Villiot,https://www.openstreetmap.org/relation/9525,Paris 12e Arrondissement,75112
https://www.openstreetmap.org/node/1390840662,https://www.openstreetmap.org/relation/11832540,Quai de la Rapée,https://www.openstreetmap.org/relation/9525,Paris 12e Arrondissement,75112
https://www.openstreetmap.org/node/1390840757,https://www.openstreetmap.org/relation/11832276,Rue Villiot,https://www.openstreetmap.org/relation/9525,Paris 12e Arrondissement,75112
https://www.openstreetmap.org/node/1390840870,https://www.openstreetmap.org/relation/11832276,Rue Villiot,https://www.openstreetmap.org/relation/9525,Paris 12e Arrondissement,75112
https://www.openstreetmap.org/node/1390840952,https://www.openstreetmap.org/relation/11832276,Rue Villiot,https://www.openstreetmap.org/relation/9525,Paris 12e Arrondissement,75112
https://www.openstreetmap.org/node/1390841069,https://www.openstreetmap.org/relation/11832540,Quai de la Rapée,https://www.openstreetmap.org/relation/9525,Paris 12e Arrondissement,75112
https://www.openstreetmap.org/node/1390841115,https://www.openstreetmap.org/relation/11832540,Quai de la Rapée,https://www.openstreetmap.org/relation/9525,Paris 12e Arrondissement,75112
https://www.openstreetmap.org/node/1390841254,https://www.openstreetmap.org/relation/11832276,Rue Villiot,https://www.openstreetmap.org/relation/9525,Paris 12e Arrondissement,75112
https://www.openstreetmap.org/node/1390841286,https://www.openstreetmap.org/relation/11832384,Rue de Bercy,https://www.openstreetmap.org/relation/9525,Paris 12e Arrondissement,75112
https://www.openstreetmap.org/node/1390841303,https://www.openstreetmap.org/relation/11832384,Rue de Bercy,https://www.openstreetmap.org/relation/9525,Paris 12e Arrondissement,75112
https://www.openstreetmap.org/node/1390841312,https://www.openstreetmap.org/relation/11832384,Rue de Bercy,https://www.openstreetmap.org/relation/9525,Paris 12e Arrondissement,75112
https://www.openstreetmap.org/node/1390841325,https://www.openstreetmap.org/relation/11832384,Rue de Bercy,https://www.openstreetmap.org/relation/9525,Paris 12e Arrondissement,75112
https://www.openstreetmap.org/node/1390841328,https://www.openstreetmap.org/relation/11832384,Rue de Bercy,https://www.openstreetmap.org/relation/9525,Paris 12e Arrondissement,75112
https://www.openstreetmap.org/node/1390841404,https://www.openstreetmap.org/relation/11832276,Rue Villiot,https://www.openstreetmap.org/relation/9525,Paris 12e Arrondissement,75112
https://www.openstreetmap.org/node/1390841441,https://www.openstreetmap.org/relation/11832384,Rue de Bercy,https://www.openstreetmap.org/relation/9525,Paris 12e Arrondissement,75112
https://www.openstreetmap.org/node/1390841459,https://www.openstreetmap.org/relation/11832384,Rue de Bercy,https://www.openstreetmap.org/relation/9525,Paris 12e Arrondissement,75112
https://www.openstreetmap.org/node/1390841462,https://www.openstreetmap.org/relation/11832384,Rue de Bercy,https://www.openstreetmap.org/relation/9525,Paris 12e Arrondissement,75112
https://www.openstreetmap.org/node/1390841467,https://www.openstreetmap.org/relation/11832384,Rue de Bercy,https://www.openstreetmap.org/relation/9525,Paris 12e Arrondissement,75112
https://www.openstreetmap.org/node/1390841470,https://www.openstreetmap.org/relation/11832384,Rue de Bercy,https://www.openstreetmap.org/relation/9525,Paris 12e Arrondissement,75112
https://www.openstreetmap.org/node/1390841482,https://www.openstreetmap.org/relation/11832384,Rue de Bercy,https://www.openstreetmap.org/relation/9525,Paris 12e Arrondissement,75112
https://www.openstreetmap.org/node/1390841488,https://www.openstreetmap.org/relation/11832384,Rue de Bercy,https://www.openstreetmap.org/relation/9525,Paris 12e Arrondissement,75112
https://www.openstreetmap.org/node/1390841494,https://www.openstreetmap.org/relation/11832384,Rue de Bercy,https://www.openstreetmap.org/relation/9525,Paris 12e Arrondissement,75112
https://www.openstreetmap.org/node/1390841501,https://www.openstreetmap.org/relation/11832384,Rue de Bercy,https://www.openstreetmap.org/relation/9525,Paris 12e Arrondissement,75112
https://www.openstreetmap.org/node/1390841514,https://www.openstreetmap.org/relation/11832384,Rue de Bercy,https://www.openstreetmap.org/relation/9525,Paris 12e Arrondissement,75112
https://www.openstreetmap.org/node/1390841554,https://www.openstreetmap.org/relation/11832540,Quai de la Rapée,https://www.openstreetmap.org/relation/9525,Paris 12e Arrondissement,75112
https://www.openstreetmap.org/node/1390841613,https://www.openstreetmap.org/relation/11832276,Rue Villiot,https://www.openstreetmap.org/relation/9525,Paris 12e Arrondissement,75112
https://www.openstreetmap.org/node/1390841652,https://www.openstreetmap.org/relation/11832384,Rue de Bercy,https://www.openstreetmap.org/relation/9525,Paris 12e Arrondissement,75112
https://www.openstreetmap.org/node/1390841656,https://www.openstreetmap.org/relation/11832384,Rue de Bercy,https://www.openstreetmap.org/relation/9525,Paris 12e Arrondissement,75112
https://www.openstreetmap.org/node/1390841662,https://www.openstreetmap.org/relation/11832384,Rue de Bercy,https://www.openstreetmap.org/relation/9525,Paris 12e Arrondissement,75112
https://www.openstreetmap.org/node/1390841665,https://www.openstreetmap.org/relation/11832384,Rue de Bercy,https://www.openstreetmap.org/relation/9525,Paris 12e Arrondissement,75112
https://www.openstreetmap.org/node/1390841676,https://www.openstreetmap.org/relation/11832384,Rue de Bercy,https://www.openstreetmap.org/relation/9525,Paris 12e Arrondissement,75112
https://www.openstreetmap.org/node/1390841681,https://www.openstreetmap.org/relation/11832384,Rue de Bercy,https://www.openstreetmap.org/relation/9525,Paris 12e Arrondissement,75112
https://www.openstreetmap.org/node/1390841684,https://www.openstreetmap.org/relation/11832384,Rue de Bercy,https://www.openstreetmap.org/relation/9525,Paris 12e Arrondissement,75112
https://www.openstreetmap.org/node/1390841694,https://www.openstreetmap.org/relation/11832384,Rue de Bercy,https://www.openstreetmap.org/relation/9525,Paris 12e Arrondissement,75112
https://www.openstreetmap.org/node/1390841696,https://www.openstreetmap.org/relation/11832384,Rue de Bercy,https://www.openstreetmap.org/relation/9525,Paris 12e Arrondissement,75112
https://www.openstreetmap.org/node/1390841697,https://www.openstreetmap.org/relation/11832384,Rue de Bercy,https://www.openstreetmap.org/relation/9525,Paris 12e Arrondissement,75112
https://www.openstreetmap.org/node/1390841749,https://www.openstreetmap.org/relation/11832276,Rue Villiot,https://www.openstreetmap.org/relation/9525,Paris 12e Arrondissement,75112
https://www.openstreetmap.org/node/1390841793,https://www.openstreetmap.org/relation/11832384,Rue de Bercy,https://www.openstreetmap.org/relation/9525,Paris 12e Arrondissement,75112
https://www.openstreetmap.org/node/1390841798,https://www.openstreetmap.org/relation/11832384,Rue de Bercy,https://www.openstreetmap.org/relation/9525,Paris 12e Arrondissement,75112
https://www.openstreetmap.org/node/1390841801,https://www.openstreetmap.org/relation/11832384,Rue de Bercy,https://www.openstreetmap.org/relation/9525,Paris 12e Arrondissement,75112
https://www.openstreetmap.org/node/1390841803,https://www.openstreetmap.org/relation/11832384,Rue de Bercy,https://www.openstreetmap.org/relation/9525,Paris 12e Arrondissement,75112
https://www.openstreetmap.org/node/1390841816,https://www.openstreetmap.org/relation/11832384,Rue de Bercy,https://www.openstreetmap.org/relation/9525,Paris 12e Arrondissement,75112
https://www.openstreetmap.org/node/1390841819,https://www.openstreetmap.org/relation/11832384,Rue de Bercy,https://www.openstreetmap.org/relation/9525,Paris 12e Arrondissement,75112
https://www.openstreetmap.org/node/1390841823,https://www.openstreetmap.org/relation/11832384,Rue de Bercy,https://www.openstreetmap.org/relation/9525,Paris 12e Arrondissement,75112
https://www.openstreetmap.org/node/1390841904,https://www.openstreetmap.org/relation/11832384,Rue de Bercy,https://www.openstreetmap.org/relation/9525,Paris 12e Arrondissement,75112
https://www.openstreetmap.org/node/1390841942,https://www.openstreetmap.org/relation/11832540,Quai de la Rapée,https://www.openstreetmap.org/relation/9525,Paris 12e Arrondissement,75112
https://www.openstreetmap.org/node/1390841978,https://www.openstreetmap.org/relation/11832276,Rue Villiot,https://www.openstreetmap.org/relation/9525,Paris 12e Arrondissement,75112
https://www.openstreetmap.org/node/1390842003,https://www.openstreetmap.org/relation/11832384,Rue de Bercy,https://www.openstreetmap.org/relation/9525,Paris 12e Arrondissement,75112
https://www.openstreetmap.org/node/1390842031,https://www.openstreetmap.org/relation/11832276,Rue Villiot,https://www.openstreetmap.org/relation/9525,Paris 12e Arrondissement,75112
https://www.openstreetmap.org/node/1390842073,https://www.openstreetmap.org/relation/11832276,Rue Villiot,https://www.openstreetmap.org/relation/9525,Paris 12e Arrondissement,75112
https://www.openstreetmap.org/node/1390842109,https://www.openstreetmap.org/relation/11832384,Rue de Bercy,https://www.openstreetmap.org/relation/9525,Paris 12e Arrondissement,75112
https://www.openstreetmap.org/node/1390842152,https://www.openstreetmap.org/relation/11832540,Quai de la Rapée,https://www.openstreetmap.org/relation/9525,Paris 12e Arrondissement,75112
https://www.openstreetmap.org/node/1390842211,https://www.openstreetmap.org/relation/11832276,Rue Villiot,https://www.openstreetmap.org/relation/9525,Paris 12e Arrondissement,75112
https://www.openstreetmap.org/node/1390842261,https://www.openstreetmap.org/relation/11832276,Rue Villiot,https://www.openstreetmap.org/relation/9525,Paris 12e Arrondissement,75112
https://www.openstreetmap.org/node/1390842271,https://www.openstreetmap.org/relation/11832276,Rue Villiot,https://www.openstreetmap.org/relation/9525,Paris 12e Arrondissement,75112
https://www.openstreetmap.org/node/1390842308,https://www.openstreetmap.org/relation/11832276,Rue Villiot,https://www.openstreetmap.org/relation/9525,Paris 12e Arrondissement,75112
https://www.openstreetmap.org/node/1390842354,https://www.openstreetmap.org/relation/11832384,Rue de Bercy,https://www.openstreetmap.org/relation/9525,Paris 12e Arrondissement,75112
https://www.openstreetmap.org/node/1390842356,https://www.openstreetmap.org/relation/11832384,Rue de Bercy,https://www.openstreetmap.org/relation/9525,Paris 12e Arrondissement,75112
https://www.openstreetmap.org/node/1390842390,https://www.openstreetmap.org/relation/11832540,Quai de la Rapée,https://www.openstreetmap.org/relation/9525,Paris 12e Arrondissement,75112
https://www.openstreetmap.org/node/1390842531,https://www.openstreetmap.org/relation/11832276,Rue Villiot,https://www.openstreetmap.org/relation/9525,Paris 12e Arrondissement,75112
https://www.openstreetmap.org/node/1390842600,https://www.openstreetmap.org/relation/11832540,Quai de la Rapée,https://www.openstreetmap.org/relation/9525,Paris 12e Arrondissement,75112
https://www.openstreetmap.org/node/1390842643,https://www.openstreetmap.org/relation/11832276,Rue Villiot,https://www.openstreetmap.org/relation/9525,Paris 12e Arrondissement,75112
https://www.openstreetmap.org/node/1390842701,https://www.openstreetmap.org/relation/11832276,Rue Villiot,https://www.openstreetmap.org/relation/9525,Paris 12e Arrondissement,75112
https://www.openstreetmap.org/node/1390842762,https://www.openstreetmap.org/relation/11832540,Quai de la Rapée,https://www.openstreetmap.org/relation/9525,Paris 12e Arrondissement,75112
https://www.openstreetmap.org/node/1390842807,https://www.openstreetmap.org/relation/11832276,Rue Villiot,https://www.openstreetmap.org/relation/9525,Paris 12e Arrondissement,75112
https://www.openstreetmap.org/node/1390842887,https://www.openstreetmap.org/relation/11832276,Rue Villiot,https://www.openstreetmap.org/relation/9525,Paris 12e Arrondissement,75112
https://www.openstreetmap.org/node/1390842948,https://www.openstreetmap.org/relation/11832540,Quai de la Rapée,https://www.openstreetmap.org/relation/9525,Paris 12e Arrondissement,75112
https://www.openstreetmap.org/node/1390842983,https://www.openstreetmap.org/relation/11832276,Rue Villiot,https://www.openstreetmap.org/relation/9525,Paris 12e Arrondissement,75112
https://www.openstreetmap.org/node/1390843046,https://www.openstreetmap.org/relation/11832276,Rue Villiot,https://www.openstreetmap.org/relation/9525,Paris 12e Arrondissement,75112
https://www.openstreetmap.org/node/1390843075,https://www.openstreetmap.org/relation/11832540,Quai de la Rapée,https://www.openstreetmap.org/relation/9525,Paris 12e Arrondissement,75112
https://www.openstreetmap.org/node/1390843104,https://www.openstreetmap.org/relation/11832276,Rue Villiot,https://www.openstreetmap.org/relation/9525,Paris 12e Arrondissement,75112
https://www.openstreetmap.org/node/1390843145,https://www.openstreetmap.org/relation/11832276,Rue Villiot,https://www.openstreetmap.org/relation/9525,Paris 12e Arrondissement,75112
https://www.openstreetmap.org/node/1390843234,https://www.openstreetmap.org/relation/11832540,Quai de la Rapée,https://www.openstreetmap.org/relation/9525,Paris 12e Arrondissement,75112
https://www.openstreetmap.org/node/1390843258,https://www.openstreetmap.org/relation/11832276,Rue Villiot,https://www.openstreetmap.org/relation/9525,Paris 12e Arrondissement,75112
https://www.openstreetmap.org/node/1390843295,https://www.openstreetmap.org/relation/11832276,Rue Villiot,https://www.openstreetmap.org/relation/9525,Paris 12e Arrondissement,75112
https://www.openstreetmap.org/node/1390843379,https://www.openstreetmap.org/relation/11832276,Rue Villiot,https://www.openstreetmap.org/relation/9525,Paris 12e Arrondissement,75112
https://www.openstreetmap.org/node/1390843420,https://www.openstreetmap.org/relation/11832540,Quai de la Rapée,https://www.openstreetmap.org/relation/9525,Paris 12e Arrondissement,75112
https://www.openstreetmap.org/node/1390843470,https://www.openstreetmap.org/relation/11832276,Rue Villiot,https://www.openstreetmap.org/relation/9525,Paris 12e Arrondissement,75112
https://www.openstreetmap.org/node/1390843477,https://www.openstreetmap.org/relation/11832540,Quai de la Rapée,https://www.openstreetmap.org/relation/9525,Paris 12e Arrondissement,75112
https://www.openstreetmap.org/node/1390843488,https://www.openstreetmap.org/relation/11832540,Quai de la Rapée,https://www.openstreetmap.org/relation/9525,Paris 12e Arrondissement,75112
https://www.openstreetmap.org/node/1390843524,https://www.openstreetmap.org/relation/11832276,Rue Villiot,https://www.openstreetmap.org/relation/9525,Paris 12e Arrondissement,75112
https://www.openstreetmap.org/node/1390843533,https://www.openstreetmap.org/relation/11832540,Quai de la Rapée,https://www.openstreetmap.org/relation/9525,Paris 12e Arrondissement,75112
https://www.openstreetmap.org/node/1390843539,https://www.openstreetmap.org/relation/11832540,Quai de la Rapée,https://www.openstreetmap.org/relation/9525,Paris 12e Arrondissement,75112
https://www.openstreetmap.org/node/1390843575,https://www.openstreetmap.org/relation/11832276,Rue Villiot,https://www.openstreetmap.org/relation/9525,Paris 12e Arrondissement,75112
https://www.openstreetmap.org/node/1390843628,https://www.openstreetmap.org/relation/11832540,Quai de la Rapée,https://www.openstreetmap.org/relation/9525,Paris 12e Arrondissement,75112
https://www.openstreetmap.org/node/1390843687,https://www.openstreetmap.org/relation/11832540,Quai de la Rapée,https://www.openstreetmap.org/relation/9525,Paris 12e Arrondissement,75112
https://www.openstreetmap.org/node/1390843787,https://www.openstreetmap.org/relation/11832276,Rue Villiot,https://www.openstreetmap.org/relation/9525,Paris 12e Arrondissement,75112
https://www.openstreetmap.org/node/1390843804,https://www.openstreetmap.org/relation/11832540,Quai de la Rapée,https://www.openstreetmap.org/relation/9525,Paris 12e Arrondissement,75112
https://www.openstreetmap.org/node/1390843813,https://www.openstreetmap.org/relation/11832540,Quai de la Rapée,https://www.openstreetmap.org/relation/9525,Paris 12e Arrondissement,75112
https://www.openstreetmap.org/node/1390843860,https://www.openstreetmap.org/relation/11832540,Quai de la Rapée,https://www.openstreetmap.org/relation/9525,Paris 12e Arrondissement,75112
https://www.openstreetmap.org/node/1390843998,https://www.openstreetmap.org/relation/11832540,Quai de la Rapée,https://www.openstreetmap.org/relation/9525,Paris 12e Arrondissement,75112
https://www.openstreetmap.org/node/1390844164,https://www.openstreetmap.org/relation/11832276,Rue Villiot,https://www.openstreetmap.org/relation/9525,Paris 12e Arrondissement,75112
https://www.openstreetmap.org/node/1390844204,https://www.openstreetmap.org/relation/11832540,Quai de la Rapée,https://www.openstreetmap.org/relation/9525,Paris 12e Arrondissement,75112
https://www.openstreetmap.org/node/1390844255,https://www.openstreetmap.org/relation/11832540,Quai de la Rapée,https://www.openstreetmap.org/relation/9525,Paris 12e Arrondissement,75112
https://www.openstreetmap.org/node/1390844547,https://www.openstreetmap.org/relation/11832540,Quai de la Rapée,https://www.openstreetmap.org/relation/9525,Paris 12e Arrondissement,75112
https://www.openstreetmap.org/node/1390844588,https://www.openstreetmap.org/relation/11832276,Rue Villiot,https://www.openstreetmap.org/relation/9525,Paris 12e Arrondissement,75112
https://www.openstreetmap.org/node/1390844623,https://www.openstreetmap.org/relation/11832540,Quai de la Rapée,https://www.openstreetmap.org/relation/9525,Paris 12e Arrondissement,75112
https://www.openstreetmap.org/node/1390844687,https://www.openstreetmap.org/relation/11832540,Quai de la Rapée,https://www.openstreetmap.org/relation/9525,Paris 12e Arrondissement,75112
https://www.openstreetmap.org/node/1390844844,https://www.openstreetmap.org/relation/11832276,Rue Villiot,https://www.openstreetmap.org/relation/9525,Paris 12e Arrondissement,75112
https://www.openstreetmap.org/node/1390844879,https://www.openstreetmap.org/relation/11832276,Rue Villiot,https://www.openstreetmap.org/relation/9525,Paris 12e Arrondissement,75112
https://www.openstreetmap.org/node/1390844941,https://www.openstreetmap.org/relation/11832540,Quai de la Rapée,https://www.openstreetmap.org/relation/9525,Paris 12e Arrondissement,75112
https://www.openstreetmap.org/node/1390844960,https://www.openstreetmap.org/relation/11832537,Boulevard de Bercy,https://www.openstreetmap.org/relation/9525,Paris 12e Arrondissement,75112
https://www.openstreetmap.org/node/1390844970,https://www.openstreetmap.org/relation/11832276,Rue Villiot,https://www.openstreetmap.org/relation/9525,Paris 12e Arrondissement,75112
https://www.openstreetmap.org/node/1390845043,https://www.openstreetmap.org/relation/11832276,Rue Villiot,https://www.openstreetmap.org/relation/9525,Paris 12e Arrondissement,75112
https://www.openstreetmap.org/node/1390845137,https://www.openstreetmap.org/relation/11832276,Rue Villiot,https://www.openstreetmap.org/relation/9525,Paris 12e Arrondissement,75112
https://www.openstreetmap.org/node/1395307647,https://www.openstreetmap.org/relation/11832540,Quai de la Rapée,https://www.openstreetmap.org/relation/9525,Paris 12e Arrondissement,75112
https://www.openstreetmap.org/node/1395333947,https://www.openstreetmap.org/relation/11832540,Quai de la Rapée,https://www.openstreetmap.org/relation/9525,Paris 12e Arrondissement,75112
https://www.openstreetmap.org/node/1395333948,https://www.openstreetmap.org/relation/11832540,Quai de la Rapée,https://www.openstreetmap.org/relation/9525,Paris 12e Arrondissement,75112
https://www.openstreetmap.org/node/1395428211,https://www.openstreetmap.org/relation/11832540,Quai de la Rapée,https://www.openstreetmap.org/relation/9525,Paris 12e Arrondissement,75112
https://www.openstreetmap.org/node/1395428213,https://www.openstreetmap.org/relation/11832540,Quai de la Rapée,https://www.openstreetmap.org/relation/9525,Paris 12e Arrondissement,75112
https://www.openstreetmap.org/node/1395428214,https://www.openstreetmap.org/relation/11832540,Quai de la Rapée,https://www.openstreetmap.org/relation/9525,Paris 12e Arrondissement,75112
https://www.openstreetmap.org/node/1395433119,https://www.openstreetmap.org/relation/11832384,Rue de Bercy,https://www.openstreetmap.org/relation/9525,Paris 12e Arrondissement,75112
https://www.openstreetmap.org/node/1395433129,https://www.openstreetmap.org/relation/11832384,Rue de Bercy,https://www.openstreetmap.org/relation/9525,Paris 12e Arrondissement,75112
https://www.openstreetmap.org/node/1395433130,https://www.openstreetmap.org/relation/11832384,Rue de Bercy,https://www.openstreetmap.org/relation/9525,Paris 12e Arrondissement,75112
https://www.openstreetmap.org/node/1395433131,https://www.openstreetmap.org/relation/11832384,Rue de Bercy,https://www.openstreetmap.org/relation/9525,Paris 12e Arrondissement,75112
https://www.openstreetmap.org/node/1395433133,https://www.openstreetmap.org/relation/11832384,Rue de Bercy,https://www.openstreetmap.org/relation/9525,Paris 12e Arrondissement,75112
https://www.openstreetmap.org/node/1395433144,https://www.openstreetmap.org/relation/11832384,Rue de Bercy,https://www.openstreetmap.org/relation/9525,Paris 12e Arrondissement,75112
https://www.openstreetmap.org/node/1395433147,https://www.openstreetmap.org/relation/11832384,Rue de Bercy,https://www.openstreetmap.org/relation/9525,Paris 12e Arrondissement,75112
https://www.openstreetmap.org/node/1395433148,https://www.openstreetmap.org/relation/11832384,Rue de Bercy,https://www.openstreetmap.org/relation/9525,Paris 12e Arrondissement,75112
https://www.openstreetmap.org/node/1395433149,https://www.openstreetmap.org/relation/11832384,Rue de Bercy,https://www.openstreetmap.org/relation/9525,Paris 12e Arrondissement,75112
https://www.openstreetmap.org/node/1395433152,https://www.openstreetmap.org/relation/11832384,Rue de Bercy,https://www.openstreetmap.org/relation/9525,Paris 12e Arrondissement,75112
https://www.openstreetmap.org/node/1395433165,https://www.openstreetmap.org/relation/11832384,Rue de Bercy,https://www.openstreetmap.org/relation/9525,Paris 12e Arrondissement,75112
https://www.openstreetmap.org/node/1395433168,https://www.openstreetmap.org/relation/11832384,Rue de Bercy,https://www.openstreetmap.org/relation/9525,Paris 12e Arrondissement,75112
https://www.openstreetmap.org/node/1395433170,https://www.openstreetmap.org/relation/11832384,Rue de Bercy,https://www.openstreetmap.org/relation/9525,Paris 12e Arrondissement,75112
https://www.openstreetmap.org/node/1395433173,https://www.openstreetmap.org/relation/11832384,Rue de Bercy,https://www.openstreetmap.org/relation/9525,Paris 12e Arrondissement,75112
https://www.openstreetmap.org/node/1395433175,https://www.openstreetmap.org/relation/11832384,Rue de Bercy,https://www.openstreetmap.org/relation/9525,Paris 12e Arrondissement,75112
https://www.openstreetmap.org/node/1395433187,https://www.openstreetmap.org/relation/11832384,Rue de Bercy,https://www.openstreetmap.org/relation/9525,Paris 12e Arrondissement,75112
https://www.openstreetmap.org/node/1395433193,https://www.openstreetmap.org/relation/11832384,Rue de Bercy,https://www.openstreetmap.org/relation/9525,Paris 12e Arrondissement,75112
https://www.openstreetmap.org/node/1395433196,https://www.openstreetmap.org/relation/11832384,Rue de Bercy,https://www.openstreetmap.org/relation/9525,Paris 12e Arrondissement,75112
https://www.openstreetmap.org/node/1395433210,https://www.openstreetmap.org/relation/11832540,Quai de la Rapée,https://www.openstreetmap.org/relation/9525,Paris 12e Arrondissement,75112
https://www.openstreetmap.org/node/1395433215,https://www.openstreetmap.org/relation/11832540,Quai de la Rapée,https://www.openstreetmap.org/relation/9525,Paris 12e Arrondissement,75112
https://www.openstreetmap.org/node/1403610363,https://www.openstreetmap.org/relation/11832486,Place d'Aligre,https://www.openstreetmap.org/relation/9525,Paris 12e Arrondissement,75112
https://www.openstreetmap.org/node/1411657944,https://www.openstreetmap.org/relation/11832540,Quai de la Rapée,https://www.openstreetmap.org/relation/9525,Paris 12e Arrondissement,75112
https://www.openstreetmap.org/node/1411657945,https://www.openstreetmap.org/relation/11832540,Quai de la Rapée,https://www.openstreetmap.org/relation/9525,Paris 12e Arrondissement,75112
https://www.openstreetmap.org/node/1411657946,https://www.openstreetmap.org/relation/11832540,Quai de la Rapée,https://www.openstreetmap.org/relation/9525,Paris 12e Arrondissement,75112
https://www.openstreetmap.org/node/1411657949,https://www.openstreetmap.org/relation/11832540,Quai de la Rapée,https://www.openstreetmap.org/relation/9525,Paris 12e Arrondissement,75112
https://www.openstreetmap.org/node/1411657951,https://www.openstreetmap.org/relation/11832540,Quai de la Rapée,https://www.openstreetmap.org/relation/9525,Paris 12e Arrondissement,75112
https://www.openstreetmap.org/node/1411657952,https://www.openstreetmap.org/relation/11832540,Quai de la Rapée,https://www.openstreetmap.org/relation/9525,Paris 12e Arrondissement,75112
https://www.openstreetmap.org/node/1411657953,https://www.openstreetmap.org/relation/11832540,Quai de la Rapée,https://www.openstreetmap.org/relation/9525,Paris 12e Arrondissement,75112
https://www.openstreetmap.org/node/1411657954,https://www.openstreetmap.org/relation/11832540,Quai de la Rapée,https://www.openstreetmap.org/relation/9525,Paris 12e Arrondissement,75112
https://www.openstreetmap.org/node/1411657955,https://www.openstreetmap.org/relation/11832540,Quai de la Rapée,https://www.openstreetmap.org/relation/9525,Paris 12e Arrondissement,75112
https://www.openstreetmap.org/node/1411657956,https://www.openstreetmap.org/relation/11832540,Quai de la Rapée,https://www.openstreetmap.org/relation/9525,Paris 12e Arrondissement,75112
https://www.openstreetmap.org/node/1411657957,https://www.openstreetmap.org/relation/11832540,Quai de la Rapée,https://www.openstreetmap.org/relation/9525,Paris 12e Arrondissement,75112
https://www.openstreetmap.org/node/1411657958,https://www.openstreetmap.org/relation/11832540,Quai de la Rapée,https://www.openstreetmap.org/relation/9525,Paris 12e Arrondissement,75112
https://www.openstreetmap.org/node/1420442966,https://www.openstreetmap.org/relation/11832487,Impasse Erard,https://www.openstreetmap.org/relation/9525,Paris 12e Arrondissement,75112
https://www.openstreetmap.org/node/1420442971,https://www.openstreetmap.org/relation/11832293,Rue Chaligny,https://www.openstreetmap.org/relation/9525,Paris 12e Arrondissement,75112
https://www.openstreetmap.org/node/1420442977,https://www.openstreetmap.org/relation/11832293,Rue Chaligny,https://www.openstreetmap.org/relation/9525,Paris 12e Arrondissement,75112
https://www.openstreetmap.org/node/1420442982,https://www.openstreetmap.org/relation/11832293,Rue Chaligny,https://www.openstreetmap.org/relation/9525,Paris 12e Arrondissement,75112
https://www.openstreetmap.org/node/1420442990,https://www.openstreetmap.org/relation/11832293,Rue Chaligny,https://www.openstreetmap.org/relation/9525,Paris 12e Arrondissement,75112
https://www.openstreetmap.org/node/1420442994,https://www.openstreetmap.org/relation/11832293,Rue Chaligny,https://www.openstreetmap.org/relation/9525,Paris 12e Arrondissement,75112
https://www.openstreetmap.org/node/1420442997,https://www.openstreetmap.org/relation/11832293,Rue Chaligny,https://www.openstreetmap.org/relation/9525,Paris 12e Arrondissement,75112
https://www.openstreetmap.org/node/1420443012,https://www.openstreetmap.org/relation/11832293,Rue Chaligny,https://www.openstreetmap.org/relation/9525,Paris 12e Arrondissement,75112
https://www.openstreetmap.org/node/1420443016,https://www.openstreetmap.org/relation/11832293,Rue Chaligny,https://www.openstreetmap.org/relation/9525,Paris 12e Arrondissement,75112
https://www.openstreetmap.org/node/1420443019,https://www.openstreetmap.org/relation/11832293,Rue Chaligny,https://www.openstreetmap.org/relation/9525,Paris 12e Arrondissement,75112
https://www.openstreetmap.org/node/1420443022,https://www.openstreetmap.org/relation/11832293,Rue Chaligny,https://www.openstreetmap.org/relation/9525,Paris 12e Arrondissement,75112
https://www.openstreetmap.org/node/1420443036,https://www.openstreetmap.org/relation/11832293,Rue Chaligny,https://www.openstreetmap.org/relation/9525,Paris 12e Arrondissement,75112
https://www.openstreetmap.org/node/1420443042,https://www.openstreetmap.org/relation/11832293,Rue Chaligny,https://www.openstreetmap.org/relation/9525,Paris 12e Arrondissement,75112
https://www.openstreetmap.org/node/1420443047,https://www.openstreetmap.org/relation/11832487,Impasse Erard,https://www.openstreetmap.org/relation/9525,Paris 12e Arrondissement,75112
https://www.openstreetmap.org/node/1420443053,https://www.openstreetmap.org/relation/11832293,Rue Chaligny,https://www.openstreetmap.org/relation/9525,Paris 12e Arrondissement,75112
https://www.openstreetmap.org/node/1420443065,https://www.openstreetmap.org/relation/11832293,Rue Chaligny,https://www.openstreetmap.org/relation/9525,Paris 12e Arrondissement,75112
https://www.openstreetmap.org/node/1420443067,https://www.openstreetmap.org/relation/11832293,Rue Chaligny,https://www.openstreetmap.org/relation/9525,Paris 12e Arrondissement,75112
https://www.openstreetmap.org/node/1420443071,https://www.openstreetmap.org/relation/11832293,Rue Chaligny,https://www.openstreetmap.org/relation/9525,Paris 12e Arrondissement,75112
https://www.openstreetmap.org/node/1420443075,https://www.openstreetmap.org/relation/11832293,Rue Chaligny,https://www.openstreetmap.org/relation/9525,Paris 12e Arrondissement,75112
https://www.openstreetmap.org/node/1420443085,https://www.openstreetmap.org/relation/11832293,Rue Chaligny,https://www.openstreetmap.org/relation/9525,Paris 12e Arrondissement,75112
https://www.openstreetmap.org/node/1420443092,https://www.openstreetmap.org/relation/11832293,Rue Chaligny,https://www.openstreetmap.org/relation/9525,Paris 12e Arrondissement,75112
https://www.openstreetmap.org/node/1420443097,https://www.openstreetmap.org/relation/11832293,Rue Chaligny,https://www.openstreetmap.org/relation/9525,Paris 12e Arrondissement,75112
https://www.openstreetmap.org/node/1420443104,https://www.openstreetmap.org/relation/11832293,Rue Chaligny,https://www.openstreetmap.org/relation/9525,Paris 12e Arrondissement,75112
https://www.openstreetmap.org/node/1420443108,https://www.openstreetmap.org/relation/11832293,Rue Chaligny,https://www.openstreetmap.org/relation/9525,Paris 12e Arrondissement,75112
https://www.openstreetmap.org/node/1420443111,https://www.openstreetmap.org/relation/11832293,Rue Chaligny,https://www.openstreetmap.org/relation/9525,Paris 12e Arrondissement,75112
https://www.openstreetmap.org/node/1420443114,https://www.openstreetmap.org/relation/11832487,Impasse Erard,https://www.openstreetmap.org/relation/9525,Paris 12e Arrondissement,75112
https://www.openstreetmap.org/node/1420443115,https://www.openstreetmap.org/relation/11832293,Rue Chaligny,https://www.openstreetmap.org/relation/9525,Paris 12e Arrondissement,75112
https://www.openstreetmap.org/node/1420443118,https://www.openstreetmap.org/relation/11832293,Rue Chaligny,https://www.openstreetmap.org/relation/9525,Paris 12e Arrondissement,75112
https://www.openstreetmap.org/node/1420443120,https://www.openstreetmap.org/relation/11832293,Rue Chaligny,https://www.openstreetmap.org/relation/9525,Paris 12e Arrondissement,75112
https://www.openstreetmap.org/node/1420443126,https://www.openstreetmap.org/relation/11832293,Rue Chaligny,https://www.openstreetmap.org/relation/9525,Paris 12e Arrondissement,75112
https://www.openstreetmap.org/node/1420443127,https://www.openstreetmap.org/relation/11832293,Rue Chaligny,https://www.openstreetmap.org/relation/9525,Paris 12e Arrondissement,75112
https://www.openstreetmap.org/node/1420443129,https://www.openstreetmap.org/relation/11832293,Rue Chaligny,https://www.openstreetmap.org/relation/9525,Paris 12e Arrondissement,75112
https://www.openstreetmap.org/node/1420443132,https://www.openstreetmap.org/relation/11832293,Rue Chaligny,https://www.openstreetmap.org/relation/9525,Paris 12e Arrondissement,75112
https://www.openstreetmap.org/node/1420443138,https://www.openstreetmap.org/relation/11832293,Rue Chaligny,https://www.openstreetmap.org/relation/9525,Paris 12e Arrondissement,75112
https://www.openstreetmap.org/node/1420443139,https://www.openstreetmap.org/relation/11832487,Impasse Erard,https://www.openstreetmap.org/relation/9525,Paris 12e Arrondissement,75112
https://www.openstreetmap.org/node/1420443140,https://www.openstreetmap.org/relation/11832293,Rue Chaligny,https://www.openstreetmap.org/relation/9525,Paris 12e Arrondissement,75112
https://www.openstreetmap.org/node/1420443141,https://www.openstreetmap.org/relation/11832293,Rue Chaligny,https://www.openstreetmap.org/relation/9525,Paris 12e Arrondissement,75112
https://www.openstreetmap.org/node/1420443147,https://www.openstreetmap.org/relation/11832293,Rue Chaligny,https://www.openstreetmap.org/relation/9525,Paris 12e Arrondissement,75112
https://www.openstreetmap.org/node/1420443149,https://www.openstreetmap.org/relation/11832293,Rue Chaligny,https://www.openstreetmap.org/relation/9525,Paris 12e Arrondissement,75112
https://www.openstreetmap.org/node/1420443151,https://www.openstreetmap.org/relation/11832487,Impasse Erard,https://www.openstreetmap.org/relation/9525,Paris 12e Arrondissement,75112
https://www.openstreetmap.org/node/1420443153,https://www.openstreetmap.org/relation/11832293,Rue Chaligny,https://www.openstreetmap.org/relation/9525,Paris 12e Arrondissement,75112
https://www.openstreetmap.org/node/1420443156,https://www.openstreetmap.org/relation/11832487,Impasse Erard,https://www.openstreetmap.org/relation/9525,Paris 12e Arrondissement,75112
https://www.openstreetmap.org/node/1420443158,https://www.openstreetmap.org/relation/11832293,Rue Chaligny,https://www.openstreetmap.org/relation/9525,Paris 12e Arrondissement,75112
https://www.openstreetmap.org/node/1420443160,https://www.openstreetmap.org/relation/11832293,Rue Chaligny,https://www.openstreetmap.org/relation/9525,Paris 12e Arrondissement,75112
https://www.openstreetmap.org/node/1420443165,https://www.openstreetmap.org/relation/11832293,Rue Chaligny,https://www.openstreetmap.org/relation/9525,Paris 12e Arrondissement,75112
https://www.openstreetmap.org/node/1420443166,https://www.openstreetmap.org/relation/11832293,Rue Chaligny,https://www.openstreetmap.org/relation/9525,Paris 12e Arrondissement,75112
https://www.openstreetmap.org/node/1420452022,https://www.openstreetmap.org/relation/11832268,Boulevard Diderot,https://www.openstreetmap.org/relation/9525,Paris 12e Arrondissement,75112
https://www.openstreetmap.org/node/1420452024,https://www.openstreetmap.org/relation/6949984,Rue du Faubourg Saint-Antoine,https://www.openstreetmap.org/relation/9525,Paris 12e Arrondissement,75112
https://www.openstreetmap.org/node/1420452025,https://www.openstreetmap.org/relation/6949984,Rue du Faubourg Saint-Antoine,https://www.openstreetmap.org/relation/9525,Paris 12e Arrondissement,75112
https://www.openstreetmap.org/node/1420452026,https://www.openstreetmap.org/relation/6949984,Rue du Faubourg Saint-Antoine,https://www.openstreetmap.org/relation/9525,Paris 12e Arrondissement,75112
https://www.openstreetmap.org/node/1420452027,https://www.openstreetmap.org/relation/6949984,Rue du Faubourg Saint-Antoine,https://www.openstreetmap.org/relation/9525,Paris 12e Arrondissement,75112
https://www.openstreetmap.org/node/1420452028,https://www.openstreetmap.org/relation/6949984,Rue du Faubourg Saint-Antoine,https://www.openstreetmap.org/relation/9525,Paris 12e Arrondissement,75112
https://www.openstreetmap.org/node/1420452029,https://www.openstreetmap.org/relation/6949984,Rue du Faubourg Saint-Antoine,https://www.openstreetmap.org/relation/9525,Paris 12e Arrondissement,75112
https://www.openstreetmap.org/node/1420473996,https://www.openstreetmap.org/relation/11832275,Avenue de Corbera,https://www.openstreetmap.org/relation/9525,Paris 12e Arrondissement,75112
https://www.openstreetmap.org/node/1420474003,https://www.openstreetmap.org/relation/11832327,Passage Abel Leblanc,https://www.openstreetmap.org/relation/9525,Paris 12e Arrondissement,75112
https://www.openstreetmap.org/node/1420474006,https://www.openstreetmap.org/relation/11832377,Rue Érard,https://www.openstreetmap.org/relation/9525,Paris 12e Arrondissement,75112
https://www.openstreetmap.org/node/1420474009,https://www.openstreetmap.org/relation/11832275,Avenue de Corbera,https://www.openstreetmap.org/relation/9525,Paris 12e Arrondissement,75112
https://www.openstreetmap.org/node/1420474013,https://www.openstreetmap.org/relation/11832327,Passage Abel Leblanc,https://www.openstreetmap.org/relation/9525,Paris 12e Arrondissement,75112
https://www.openstreetmap.org/node/1420474015,https://www.openstreetmap.org/relation/11832377,Rue Érard,https://www.openstreetmap.org/relation/9525,Paris 12e Arrondissement,75112
https://www.openstreetmap.org/node/1420474018,https://www.openstreetmap.org/relation/11832513,Rue de Rambouillet,https://www.openstreetmap.org/relation/9525,Paris 12e Arrondissement,75112
https://www.openstreetmap.org/node/1420474021,https://www.openstreetmap.org/relation/11832330,Ruelle Bidault,https://www.openstreetmap.org/relation/9525,Paris 12e Arrondissement,75112
https://www.openstreetmap.org/node/1420474025,https://www.openstreetmap.org/relation/11832327,Passage Abel Leblanc,https://www.openstreetmap.org/relation/9525,Paris 12e Arrondissement,75112
https://www.openstreetmap.org/node/1420474027,https://www.openstreetmap.org/relation/11832377,Rue Érard,https://www.openstreetmap.org/relation/9525,Paris 12e Arrondissement,75112
https://www.openstreetmap.org/node/1420474030,https://www.openstreetmap.org/relation/11832330,Ruelle Bidault,https://www.openstreetmap.org/relation/9525,Paris 12e Arrondissement,75112
https://www.openstreetmap.org/node/1420474035,https://www.openstreetmap.org/relation/11832275,Avenue de Corbera,https://www.openstreetmap.org/relation/9525,Paris 12e Arrondissement,75112
https://www.openstreetmap.org/node/1420474046,https://www.openstreetmap.org/relation/11832327,Passage Abel Leblanc,https://www.openstreetmap.org/relation/9525,Paris 12e Arrondissement,75112
https://www.openstreetmap.org/node/1420474048,https://www.openstreetmap.org/relation/11832377,Rue Érard,https://www.openstreetmap.org/relation/9525,Paris 12e Arrondissement,75112
https://www.openstreetmap.org/node/1420474049,https://www.openstreetmap.org/relation/11832513,Rue de Rambouillet,https://www.openstreetmap.org/relation/9525,Paris 12e Arrondissement,75112
https://www.openstreetmap.org/node/1420474052,https://www.openstreetmap.org/relation/11832330,Ruelle Bidault,https://www.openstreetmap.org/relation/9525,Paris 12e Arrondissement,75112
https://www.openstreetmap.org/node/1420474068,https://www.openstreetmap.org/relation/11832513,Rue de Rambouillet,https://www.openstreetmap.org/relation/9525,Paris 12e Arrondissement,75112
https://www.openstreetmap.org/node/1420474069,https://www.openstreetmap.org/relation/11832377,Rue Érard,https://www.openstreetmap.org/relation/9525,Paris 12e Arrondissement,75112
https://www.openstreetmap.org/node/1420474071,https://www.openstreetmap.org/relation/11832513,Rue de Rambouillet,https://www.openstreetmap.org/relation/9525,Paris 12e Arrondissement,75112
https://www.openstreetmap.org/node/1420474086,https://www.openstreetmap.org/relation/11832275,Avenue de Corbera,https://www.openstreetmap.org/relation/9525,Paris 12e Arrondissement,75112
https://www.openstreetmap.org/node/1420474089,https://www.openstreetmap.org/relation/11832327,Passage Abel Leblanc,https://www.openstreetmap.org/relation/9525,Paris 12e Arrondissement,75112
https://www.openstreetmap.org/node/1420474092,https://www.openstreetmap.org/relation/11832377,Rue Érard,https://www.openstreetmap.org/relation/9525,Paris 12e Arrondissement,75112
https://www.openstreetmap.org/node/1420474094,https://www.openstreetmap.org/relation/11832513,Rue de Rambouillet,https://www.openstreetmap.org/relation/9525,Paris 12e Arrondissement,75112
https://www.openstreetmap.org/node/1420474104,https://www.openstreetmap.org/relation/11832377,Rue Érard,https://www.openstreetmap.org/relation/9525,Paris 12e Arrondissement,75112
https://www.openstreetmap.org/node/1420474107,https://www.openstreetmap.org/relation/11832275,Avenue de Corbera,https://www.openstreetmap.org/relation/9525,Paris 12e Arrondissement,75112
https://www.openstreetmap.org/node/1420474110,https://www.openstreetmap.org/relation/11832377,Rue Érard,https://www.openstreetmap.org/relation/9525,Paris 12e Arrondissement,75112
https://www.openstreetmap.org/node/1420474114,https://www.openstreetmap.org/relation/11832377,Rue Érard,https://www.openstreetmap.org/relation/9525,Paris 12e Arrondissement,75112
https://www.openstreetmap.org/node/1420474122,https://www.openstreetmap.org/relation/11832513,Rue de Rambouillet,https://www.openstreetmap.org/relation/9525,Paris 12e Arrondissement,75112
https://www.openstreetmap.org/node/1420474124,https://www.openstreetmap.org/relation/11832377,Rue Érard,https://www.openstreetmap.org/relation/9525,Paris 12e Arrondissement,75112
https://www.openstreetmap.org/node/1420474126,https://www.openstreetmap.org/relation/11832275,Avenue de Corbera,https://www.openstreetmap.org/relation/9525,Paris 12e Arrondissement,75112
https://www.openstreetmap.org/node/1420474132,https://www.openstreetmap.org/relation/11832327,Passage Abel Leblanc,https://www.openstreetmap.org/relation/9525,Paris 12e Arrondissement,75112
https://www.openstreetmap.org/node/1420474144,https://www.openstreetmap.org/relation/11832513,Rue de Rambouillet,https://www.openstreetmap.org/relation/9525,Paris 12e Arrondissement,75112
https://www.openstreetmap.org/node/1420474145,https://www.openstreetmap.org/relation/11832377,Rue Érard,https://www.openstreetmap.org/relation/9525,Paris 12e Arrondissement,75112
https://www.openstreetmap.org/node/1420474146,https://www.openstreetmap.org/relation/11832513,Rue de Rambouillet,https://www.openstreetmap.org/relation/9525,Paris 12e Arrondissement,75112
https://www.openstreetmap.org/node/1420474155,https://www.openstreetmap.org/relation/11832377,Rue Érard,https://www.openstreetmap.org/relation/9525,Paris 12e Arrondissement,75112
https://www.openstreetmap.org/node/1420474160,https://www.openstreetmap.org/relation/11832377,Rue Érard,https://www.openstreetmap.org/relation/9525,Paris 12e Arrondissement,75112
https://www.openstreetmap.org/node/1420474164,https://www.openstreetmap.org/relation/11832377,Rue Érard,https://www.openstreetmap.org/relation/9525,Paris 12e Arrondissement,75112
https://www.openstreetmap.org/node/1420474172,https://www.openstreetmap.org/relation/11832377,Rue Érard,https://www.openstreetmap.org/relation/9525,Paris 12e Arrondissement,75112
https://www.openstreetmap.org/node/1420474178,https://www.openstreetmap.org/relation/11832377,Rue Érard,https://www.openstreetmap.org/relation/9525,Paris 12e Arrondissement,75112
https://www.openstreetmap.org/node/1420474182,https://www.openstreetmap.org/relation/11832513,Rue de Rambouillet,https://www.openstreetmap.org/relation/9525,Paris 12e Arrondissement,75112
https://www.openstreetmap.org/node/1420474184,https://www.openstreetmap.org/relation/11832275,Avenue de Corbera,https://www.openstreetmap.org/relation/9525,Paris 12e Arrondissement,75112
https://www.openstreetmap.org/node/1420474199,https://www.openstreetmap.org/relation/11832327,Passage Abel Leblanc,https://www.openstreetmap.org/relation/9525,Paris 12e Arrondissement,75112
https://www.openstreetmap.org/node/1420474204,https://www.openstreetmap.org/relation/11832330,Ruelle Bidault,https://www.openstreetmap.org/relation/9525,Paris 12e Arrondissement,75112
https://www.openstreetmap.org/node/1420474208,https://www.openstreetmap.org/relation/11832377,Rue Érard,https://www.openstreetmap.org/relation/9525,Paris 12e Arrondissement,75112
https://www.openstreetmap.org/node/1420474210,https://www.openstreetmap.org/relation/11832513,Rue de Rambouillet,https://www.openstreetmap.org/relation/9525,Paris 12e Arrondissement,75112
https://www.openstreetmap.org/node/1420474227,https://www.openstreetmap.org/relation/11832513,Rue de Rambouillet,https://www.openstreetmap.org/relation/9525,Paris 12e Arrondissement,75112
https://www.openstreetmap.org/node/1420474232,https://www.openstreetmap.org/relation/11832513,Rue de Rambouillet,https://www.openstreetmap.org/relation/9525,Paris 12e Arrondissement,75112
https://www.openstreetmap.org/node/1420474234,https://www.openstreetmap.org/relation/11832513,Rue de Rambouillet,https://www.openstreetmap.org/relation/9525,Paris 12e Arrondissement,75112
https://www.openstreetmap.org/node/1420474236,https://www.openstreetmap.org/relation/11832513,Rue de Rambouillet,https://www.openstreetmap.org/relation/9525,Paris 12e Arrondissement,75112
https://www.openstreetmap.org/node/1420474255,https://www.openstreetmap.org/relation/11832275,Avenue de Corbera,https://www.openstreetmap.org/relation/9525,Paris 12e Arrondissement,75112
https://www.openstreetmap.org/node/1420474261,https://www.openstreetmap.org/relation/11832327,Passage Abel Leblanc,https://www.openstreetmap.org/relation/9525,Paris 12e Arrondissement,75112
https://www.openstreetmap.org/node/1420474264,https://www.openstreetmap.org/relation/11832377,Rue Érard,https://www.openstreetmap.org/relation/9525,Paris 12e Arrondissement,75112
https://www.openstreetmap.org/node/1420474277,https://www.openstreetmap.org/relation/11832513,Rue de Rambouillet,https://www.openstreetmap.org/relation/9525,Paris 12e Arrondissement,75112
https://www.openstreetmap.org/node/1420474284,https://www.openstreetmap.org/relation/11832330,Ruelle Bidault,https://www.openstreetmap.org/relation/9525,Paris 12e Arrondissement,75112
https://www.openstreetmap.org/node/1420474289,https://www.openstreetmap.org/relation/11832275,Avenue de Corbera,https://www.openstreetmap.org/relation/9525,Paris 12e Arrondissement,75112
https://www.openstreetmap.org/node/1420474292,https://www.openstreetmap.org/relation/11832327,Passage Abel Leblanc,https://www.openstreetmap.org/relation/9525,Paris 12e Arrondissement,75112
https://www.openstreetmap.org/node/1420474304,https://www.openstreetmap.org/relation/11832377,Rue Érard,https://www.openstreetmap.org/relation/9525,Paris 12e Arrondissement,75112
https://www.openstreetmap.org/node/1420474309,https://www.openstreetmap.org/relation/11832330,Ruelle Bidault,https://www.openstreetmap.org/relation/9525,Paris 12e Arrondissement,75112
https://www.openstreetmap.org/node/1420474315,https://www.openstreetmap.org/relation/11832275,Avenue de Corbera,https://www.openstreetmap.org/relation/9525,Paris 12e Arrondissement,75112
https://www.openstreetmap.org/node/1420474321,https://www.openstreetmap.org/relation/11832327,Passage Abel Leblanc,https://www.openstreetmap.org/relation/9525,Paris 12e Arrondissement,75112
https://www.openstreetmap.org/node/1420474333,https://www.openstreetmap.org/relation/11832377,Rue Érard,https://www.openstreetmap.org/relation/9525,Paris 12e Arrondissement,75112
https://www.openstreetmap.org/node/1420474339,https://www.openstreetmap.org/relation/11832513,Rue de Rambouillet,https://www.openstreetmap.org/relation/9525,Paris 12e Arrondissement,75112
https://www.openstreetmap.org/node/1420474345,https://www.openstreetmap.org/relation/11832330,Ruelle Bidault,https://www.openstreetmap.org/relation/9525,Paris 12e Arrondissement,75112
https://www.openstreetmap.org/node/1420474350,https://www.openstreetmap.org/relation/11832275,Avenue de Corbera,https://www.openstreetmap.org/relation/9525,Paris 12e Arrondissement,75112
https://www.openstreetmap.org/node/1420474367,https://www.openstreetmap.org/relation/11832327,Passage Abel Leblanc,https://www.openstreetmap.org/relation/9525,Paris 12e Arrondissement,75112
https://www.openstreetmap.org/node/1420474373,https://www.openstreetmap.org/relation/11832377,Rue Érard,https://www.openstreetmap.org/relation/9525,Paris 12e Arrondissement,75112
https://www.openstreetmap.org/node/1420474376,https://www.openstreetmap.org/relation/11832513,Rue de Rambouillet,https://www.openstreetmap.org/relation/9525,Paris 12e Arrondissement,75112
https://www.openstreetmap.org/node/1420474378,https://www.openstreetmap.org/relation/11832330,Ruelle Bidault,https://www.openstreetmap.org/relation/9525,Paris 12e Arrondissement,75112
https://www.openstreetmap.org/node/1420474397,https://www.openstreetmap.org/relation/11832275,Avenue de Corbera,https://www.openstreetmap.org/relation/9525,Paris 12e Arrondissement,75112
https://www.openstreetmap.org/node/1420474403,https://www.openstreetmap.org/relation/11832327,Passage Abel Leblanc,https://www.openstreetmap.org/relation/9525,Paris 12e Arrondissement,75112
https://www.openstreetmap.org/node/1420474408,https://www.openstreetmap.org/relation/11832377,Rue Érard,https://www.openstreetmap.org/relation/9525,Paris 12e Arrondissement,75112
https://www.openstreetmap.org/node/1420474421,https://www.openstreetmap.org/relation/11832513,Rue de Rambouillet,https://www.openstreetmap.org/relation/9525,Paris 12e Arrondissement,75112
https://www.openstreetmap.org/node/1420474428,https://www.openstreetmap.org/relation/11832330,Ruelle Bidault,https://www.openstreetmap.org/relation/9525,Paris 12e Arrondissement,75112
https://www.openstreetmap.org/node/1420474435,https://www.openstreetmap.org/relation/11832327,Passage Abel Leblanc,https://www.openstreetmap.org/relation/9525,Paris 12e Arrondissement,75112
https://www.openstreetmap.org/node/1420474439,https://www.openstreetmap.org/relation/11832377,Rue Érard,https://www.openstreetmap.org/relation/9525,Paris 12e Arrondissement,75112
https://www.openstreetmap.org/node/1420474451,https://www.openstreetmap.org/relation/11832513,Rue de Rambouillet,https://www.openstreetmap.org/relation/9525,Paris 12e Arrondissement,75112
https://www.openstreetmap.org/node/1420474458,https://www.openstreetmap.org/relation/11832330,Ruelle Bidault,https://www.openstreetmap.org/relation/9525,Paris 12e Arrondissement,75112
https://www.openstreetmap.org/node/1420506730,https://www.openstreetmap.org/relation/3973063,Cour Saint-Éloi,https://www.openstreetmap.org/relation/9525,Paris 12e Arrondissement,75112
https://www.openstreetmap.org/node/1420506732,https://www.openstreetmap.org/relation/11832385,Rue de Reuilly,https://www.openstreetmap.org/relation/9525,Paris 12e Arrondissement,75112
https://www.openstreetmap.org/node/1420506734,https://www.openstreetmap.org/relation/3973063,Cour Saint-Éloi,https://www.openstreetmap.org/relation/9525,Paris 12e Arrondissement,75112
https://www.openstreetmap.org/node/1420506735,https://www.openstreetmap.org/relation/11832354,Rue Eugénie Éboué,https://www.openstreetmap.org/relation/9525,Paris 12e Arrondissement,75112
https://www.openstreetmap.org/node/1420506736,https://www.openstreetmap.org/relation/11832290,Rue d'Artagnan,https://www.openstreetmap.org/relation/9525,Paris 12e Arrondissement,75112
https://www.openstreetmap.org/node/1420506737,https://www.openstreetmap.org/relation/11832385,Rue de Reuilly,https://www.openstreetmap.org/relation/9525,Paris 12e Arrondissement,75112
https://www.openstreetmap.org/node/1420506738,https://www.openstreetmap.org/relation/11832397,Rue du Colonel Rozanoff,https://www.openstreetmap.org/relation/9525,Paris 12e Arrondissement,75112
https://www.openstreetmap.org/node/1420506752,https://www.openstreetmap.org/relation/3973063,Cour Saint-Éloi,https://www.openstreetmap.org/relation/9525,Paris 12e Arrondissement,75112
https://www.openstreetmap.org/node/1420506753,https://www.openstreetmap.org/relation/11832385,Rue de Reuilly,https://www.openstreetmap.org/relation/9525,Paris 12e Arrondissement,75112
https://www.openstreetmap.org/node/1420506754,https://www.openstreetmap.org/relation/11832397,Rue du Colonel Rozanoff,https://www.openstreetmap.org/relation/9525,Paris 12e Arrondissement,75112
https://www.openstreetmap.org/node/1420506765,https://www.openstreetmap.org/relation/3973063,Cour Saint-Éloi,https://www.openstreetmap.org/relation/9525,Paris 12e Arrondissement,75112
https://www.openstreetmap.org/node/1420506766,https://www.openstreetmap.org/relation/11832354,Rue Eugénie Éboué,https://www.openstreetmap.org/relation/9525,Paris 12e Arrondissement,75112
https://www.openstreetmap.org/node/1420506767,https://www.openstreetmap.org/relation/11832290,Rue d'Artagnan,https://www.openstreetmap.org/relation/9525,Paris 12e Arrondissement,75112
https://www.openstreetmap.org/node/1420506768,https://www.openstreetmap.org/relation/11832385,Rue de Reuilly,https://www.openstreetmap.org/relation/9525,Paris 12e Arrondissement,75112
https://www.openstreetmap.org/node/1420506769,https://www.openstreetmap.org/relation/11832397,Rue du Colonel Rozanoff,https://www.openstreetmap.org/relation/9525,Paris 12e Arrondissement,75112
https://www.openstreetmap.org/node/1420506777,https://www.openstreetmap.org/relation/3973063,Cour Saint-Éloi,https://www.openstreetmap.org/relation/9525,Paris 12e Arrondissement,75112
https://www.openstreetmap.org/node/1420506778,https://www.openstreetmap.org/relation/11832385,Rue de Reuilly,https://www.openstreetmap.org/relation/9525,Paris 12e Arrondissement,75112
https://www.openstreetmap.org/node/1420506779,https://www.openstreetmap.org/relation/11832397,Rue du Colonel Rozanoff,https://www.openstreetmap.org/relation/9525,Paris 12e Arrondissement,75112
https://www.openstreetmap.org/node/1420506780,https://www.openstreetmap.org/relation/3973063,Cour Saint-Éloi,https://www.openstreetmap.org/relation/9525,Paris 12e Arrondissement,75112
https://www.openstreetmap.org/node/1420506781,https://www.openstreetmap.org/relation/11832354,Rue Eugénie Éboué,https://www.openstreetmap.org/relation/9525,Paris 12e Arrondissement,75112
https://www.openstreetmap.org/node/1420506782,https://www.openstreetmap.org/relation/11832385,Rue de Reuilly,https://www.openstreetmap.org/relation/9525,Paris 12e Arrondissement,75112
https://www.openstreetmap.org/node/1420506783,https://www.openstreetmap.org/relation/11832397,Rue du Colonel Rozanoff,https://www.openstreetmap.org/relation/9525,Paris 12e Arrondissement,75112
https://www.openstreetmap.org/node/1420506784,https://www.openstreetmap.org/relation/3973063,Cour Saint-Éloi,https://www.openstreetmap.org/relation/9525,Paris 12e Arrondissement,75112
https://www.openstreetmap.org/node/1420506785,https://www.openstreetmap.org/relation/11832385,Rue de Reuilly,https://www.openstreetmap.org/relation/9525,Paris 12e Arrondissement,75112
https://www.openstreetmap.org/node/1420506786,https://www.openstreetmap.org/relation/11832397,Rue du Colonel Rozanoff,https://www.openstreetmap.org/relation/9525,Paris 12e Arrondissement,75112
https://www.openstreetmap.org/node/1420506787,https://www.openstreetmap.org/relation/3973063,Cour Saint-Éloi,https://www.openstreetmap.org/relation/9525,Paris 12e Arrondissement,75112
https://www.openstreetmap.org/node/1420506788,https://www.openstreetmap.org/relation/11832354,Rue Eugénie Éboué,https://www.openstreetmap.org/relation/9525,Paris 12e Arrondissement,75112
https://www.openstreetmap.org/node/1420506789,https://www.openstreetmap.org/relation/11832385,Rue de Reuilly,https://www.openstreetmap.org/relation/9525,Paris 12e Arrondissement,75112
https://www.openstreetmap.org/node/1420506790,https://www.openstreetmap.org/relation/11832397,Rue du Colonel Rozanoff,https://www.openstreetmap.org/relation/9525,Paris 12e Arrondissement,75112
https://www.openstreetmap.org/node/1420506791,https://www.openstreetmap.org/relation/3973063,Cour Saint-Éloi,https://www.openstreetmap.org/relation/9525,Paris 12e Arrondissement,75112
https://www.openstreetmap.org/node/1420506792,https://www.openstreetmap.org/relation/11832385,Rue de Reuilly,https://www.openstreetmap.org/relation/9525,Paris 12e Arrondissement,75112
https://www.openstreetmap.org/node/1420506793,https://www.openstreetmap.org/relation/11832397,Rue du Colonel Rozanoff,https://www.openstreetmap.org/relation/9525,Paris 12e Arrondissement,75112
https://www.openstreetmap.org/node/1420506794,https://www.openstreetmap.org/relation/3973063,Cour Saint-Éloi,https://www.openstreetmap.org/relation/9525,Paris 12e Arrondissement,75112
https://www.openstreetmap.org/node/1420506795,https://www.openstreetmap.org/relation/11832385,Rue de Reuilly,https://www.openstreetmap.org/relation/9525,Paris 12e Arrondissement,75112
https://www.openstreetmap.org/node/1420506796,https://www.openstreetmap.org/relation/11832397,Rue du Colonel Rozanoff,https://www.openstreetmap.org/relation/9525,Paris 12e Arrondissement,75112
https://www.openstreetmap.org/node/1420506797,https://www.openstreetmap.org/relation/11832385,Rue de Reuilly,https://www.openstreetmap.org/relation/9525,Paris 12e Arrondissement,75112
https://www.openstreetmap.org/node/1420506798,https://www.openstreetmap.org/relation/11832397,Rue du Colonel Rozanoff,https://www.openstreetmap.org/relation/9525,Paris 12e Arrondissement,75112
https://www.openstreetmap.org/node/1420506799,https://www.openstreetmap.org/relation/3973063,Cour Saint-Éloi,https://www.openstreetmap.org/relation/9525,Paris 12e Arrondissement,75112
https://www.openstreetmap.org/node/1420506800,https://www.openstreetmap.org/relation/11832385,Rue de Reuilly,https://www.openstreetmap.org/relation/9525,Paris 12e Arrondissement,75112
https://www.openstreetmap.org/node/1420506801,https://www.openstreetmap.org/relation/11832397,Rue du Colonel Rozanoff,https://www.openstreetmap.org/relation/9525,Paris 12e Arrondissement,75112
https://www.openstreetmap.org/node/1420506802,https://www.openstreetmap.org/relation/3973063,Cour Saint-Éloi,https://www.openstreetmap.org/relation/9525,Paris 12e Arrondissement,75112
https://www.openstreetmap.org/node/1420506803,https://www.openstreetmap.org/relation/11832385,Rue de Reuilly,https://www.openstreetmap.org/relation/9525,Paris 12e Arrondissement,75112
https://www.openstreetmap.org/node/1420506804,https://www.openstreetmap.org/relation/11832397,Rue du Colonel Rozanoff,https://www.openstreetmap.org/relation/9525,Paris 12e Arrondissement,75112
https://www.openstreetmap.org/node/1420506805,https://www.openstreetmap.org/relation/11832385,Rue de Reuilly,https://www.openstreetmap.org/relation/9525,Paris 12e Arrondissement,75112
https://www.openstreetmap.org/node/1420506806,https://www.openstreetmap.org/relation/11832385,Rue de Reuilly,https://www.openstreetmap.org/relation/9525,Paris 12e Arrondissement,75112
https://www.openstreetmap.org/node/1420506807,https://www.openstreetmap.org/relation/11832397,Rue du Colonel Rozanoff,https://www.openstreetmap.org/relation/9525,Paris 12e Arrondissement,75112
https://www.openstreetmap.org/node/1420506808,https://www.openstreetmap.org/relation/3973063,Cour Saint-Éloi,https://www.openstreetmap.org/relation/9525,Paris 12e Arrondissement,75112
https://www.openstreetmap.org/node/1420506810,https://www.openstreetmap.org/relation/11832385,Rue de Reuilly,https://www.openstreetmap.org/relation/9525,Paris 12e Arrondissement,75112
https://www.openstreetmap.org/node/1420506811,https://www.openstreetmap.org/relation/11832397,Rue du Colonel Rozanoff,https://www.openstreetmap.org/relation/9525,Paris 12e Arrondissement,75112
https://www.openstreetmap.org/node/1420506812,https://www.openstreetmap.org/relation/11832385,Rue de Reuilly,https://www.openstreetmap.org/relation/9525,Paris 12e Arrondissement,75112
https://www.openstreetmap.org/node/1420506813,https://www.openstreetmap.org/relation/11832397,Rue du Colonel Rozanoff,https://www.openstreetmap.org/relation/9525,Paris 12e Arrondissement,75112
https://www.openstreetmap.org/node/1420506814,https://www.openstreetmap.org/relation/11832377,Rue Érard,https://www.openstreetmap.org/relation/9525,Paris 12e Arrondissement,75112
https://www.openstreetmap.org/node/1420506816,https://www.openstreetmap.org/relation/11832397,Rue du Colonel Rozanoff,https://www.openstreetmap.org/relation/9525,Paris 12e Arrondissement,75112
https://www.openstreetmap.org/node/1420506817,https://www.openstreetmap.org/relation/11832385,Rue de Reuilly,https://www.openstreetmap.org/relation/9525,Paris 12e Arrondissement,75112
https://www.openstreetmap.org/node/1420506818,https://www.openstreetmap.org/relation/11832397,Rue du Colonel Rozanoff,https://www.openstreetmap.org/relation/9525,Paris 12e Arrondissement,75112
https://www.openstreetmap.org/node/1420506819,https://www.openstreetmap.org/relation/11832377,Rue Érard,https://www.openstreetmap.org/relation/9525,Paris 12e Arrondissement,75112
https://www.openstreetmap.org/node/1420506820,https://www.openstreetmap.org/relation/11832385,Rue de Reuilly,https://www.openstreetmap.org/relation/9525,Paris 12e Arrondissement,75112
https://www.openstreetmap.org/node/1420506821,https://www.openstreetmap.org/relation/11832397,Rue du Colonel Rozanoff,https://www.openstreetmap.org/relation/9525,Paris 12e Arrondissement,75112
https://www.openstreetmap.org/node/1420506822,https://www.openstreetmap.org/relation/11832385,Rue de Reuilly,https://www.openstreetmap.org/relation/9525,Paris 12e Arrondissement,75112
https://www.openstreetmap.org/node/1420506823,https://www.openstreetmap.org/relation/11832397,Rue du Colonel Rozanoff,https://www.openstreetmap.org/relation/9525,Paris 12e Arrondissement,75112
https://www.openstreetmap.org/node/1420506824,https://www.openstreetmap.org/relation/11832377,Rue Érard,https://www.openstreetmap.org/relation/9525,Paris 12e Arrondissement,75112
https://www.openstreetmap.org/node/1420506825,https://www.openstreetmap.org/relation/11832385,Rue de Reuilly,https://www.openstreetmap.org/relation/9525,Paris 12e Arrondissement,75112
https://www.openstreetmap.org/node/1420506826,https://www.openstreetmap.org/relation/11832397,Rue du Colonel Rozanoff,https://www.openstreetmap.org/relation/9525,Paris 12e Arrondissement,75112
https://www.openstreetmap.org/node/1420506827,https://www.openstreetmap.org/relation/11832385,Rue de Reuilly,https://www.openstreetmap.org/relation/9525,Paris 12e Arrondissement,75112
https://www.openstreetmap.org/node/1420506828,https://www.openstreetmap.org/relation/11832397,Rue du Colonel Rozanoff,https://www.openstreetmap.org/relation/9525,Paris 12e Arrondissement,75112
https://www.openstreetmap.org/node/1420506829,https://www.openstreetmap.org/relation/3973063,Cour Saint-Éloi,https://www.openstreetmap.org/relation/9525,Paris 12e Arrondissement,75112
https://www.openstreetmap.org/node/1420506831,https://www.openstreetmap.org/relation/11832385,Rue de Reuilly,https://www.openstreetmap.org/relation/9525,Paris 12e Arrondissement,75112
https://www.openstreetmap.org/node/1420506833,https://www.openstreetmap.org/relation/11832377,Rue Érard,https://www.openstreetmap.org/relation/9525,Paris 12e Arrondissement,75112
https://www.openstreetmap.org/node/1420506834,https://www.openstreetmap.org/relation/11832385,Rue de Reuilly,https://www.openstreetmap.org/relation/9525,Paris 12e Arrondissement,75112
https://www.openstreetmap.org/node/1420506835,https://www.openstreetmap.org/relation/11832385,Rue de Reuilly,https://www.openstreetmap.org/relation/9525,Paris 12e Arrondissement,75112
https://www.openstreetmap.org/node/1420506836,https://www.openstreetmap.org/relation/11832397,Rue du Colonel Rozanoff,https://www.openstreetmap.org/relation/9525,Paris 12e Arrondissement,75112
https://www.openstreetmap.org/node/1420506837,https://www.openstreetmap.org/relation/11832377,Rue Érard,https://www.openstreetmap.org/relation/9525,Paris 12e Arrondissement,75112
https://www.openstreetmap.org/node/1420506838,https://www.openstreetmap.org/relation/11832385,Rue de Reuilly,https://www.openstreetmap.org/relation/9525,Paris 12e Arrondissement,75112
https://www.openstreetmap.org/node/1420506839,https://www.openstreetmap.org/relation/11832397,Rue du Colonel Rozanoff,https://www.openstreetmap.org/relation/9525,Paris 12e Arrondissement,75112
https://www.openstreetmap.org/node/1420506840,https://www.openstreetmap.org/relation/11832377,Rue Érard,https://www.openstreetmap.org/relation/9525,Paris 12e Arrondissement,75112
https://www.openstreetmap.org/node/1420506841,https://www.openstreetmap.org/relation/11832397,Rue du Colonel Rozanoff,https://www.openstreetmap.org/relation/9525,Paris 12e Arrondissement,75112
https://www.openstreetmap.org/node/1420506842,https://www.openstreetmap.org/relation/11832385,Rue de Reuilly,https://www.openstreetmap.org/relation/9525,Paris 12e Arrondissement,75112
https://www.openstreetmap.org/node/1420506843,https://www.openstreetmap.org/relation/11832397,Rue du Colonel Rozanoff,https://www.openstreetmap.org/relation/9525,Paris 12e Arrondissement,75112
https://www.openstreetmap.org/node/1420506844,https://www.openstreetmap.org/relation/11832385,Rue de Reuilly,https://www.openstreetmap.org/relation/9525,Paris 12e Arrondissement,75112
https://www.openstreetmap.org/node/1420506845,https://www.openstreetmap.org/relation/11832377,Rue Érard,https://www.openstreetmap.org/relation/9525,Paris 12e Arrondissement,75112
https://www.openstreetmap.org/node/1420506846,https://www.openstreetmap.org/relation/11832385,Rue de Reuilly,https://www.openstreetmap.org/relation/9525,Paris 12e Arrondissement,75112
https://www.openstreetmap.org/node/1420506847,https://www.openstreetmap.org/relation/11832385,Rue de Reuilly,https://www.openstreetmap.org/relation/9525,Paris 12e Arrondissement,75112
https://www.openstreetmap.org/node/1420506848,https://www.openstreetmap.org/relation/11832385,Rue de Reuilly,https://www.openstreetmap.org/relation/9525,Paris 12e Arrondissement,75112
https://www.openstreetmap.org/node/1420506849,https://www.openstreetmap.org/relation/11832385,Rue de Reuilly,https://www.openstreetmap.org/relation/9525,Paris 12e Arrondissement,75112
https://www.openstreetmap.org/node/1420506850,https://www.openstreetmap.org/relation/11832385,Rue de Reuilly,https://www.openstreetmap.org/relation/9525,Paris 12e Arrondissement,75112
https://www.openstreetmap.org/node/1420506851,https://www.openstreetmap.org/relation/3973063,Cour Saint-Éloi,https://www.openstreetmap.org/relation/9525,Paris 12e Arrondissement,75112
https://www.openstreetmap.org/node/1420506852,https://www.openstreetmap.org/relation/11832290,Rue d'Artagnan,https://www.openstreetmap.org/relation/9525,Paris 12e Arrondissement,75112
https://www.openstreetmap.org/node/1420506853,https://www.openstreetmap.org/relation/11832397,Rue du Colonel Rozanoff,https://www.openstreetmap.org/relation/9525,Paris 12e Arrondissement,75112
https://www.openstreetmap.org/node/1420506854,https://www.openstreetmap.org/relation/11832385,Rue de Reuilly,https://www.openstreetmap.org/relation/9525,Paris 12e Arrondissement,75112
https://www.openstreetmap.org/node/1420506855,https://www.openstreetmap.org/relation/11832385,Rue de Reuilly,https://www.openstreetmap.org/relation/9525,Paris 12e Arrondissement,75112
https://www.openstreetmap.org/node/1420506856,https://www.openstreetmap.org/relation/11832385,Rue de Reuilly,https://www.openstreetmap.org/relation/9525,Paris 12e Arrondissement,75112
https://www.openstreetmap.org/node/1420506857,https://www.openstreetmap.org/relation/11832385,Rue de Reuilly,https://www.openstreetmap.org/relation/9525,Paris 12e Arrondissement,75112
https://www.openstreetmap.org/node/1420506860,https://www.openstreetmap.org/relation/11832385,Rue de Reuilly,https://www.openstreetmap.org/relation/9525,Paris 12e Arrondissement,75112
https://www.openstreetmap.org/node/1420506862,https://www.openstreetmap.org/relation/3973063,Cour Saint-Éloi,https://www.openstreetmap.org/relation/9525,Paris 12e Arrondissement,75112
https://www.openstreetmap.org/node/1420506863,https://www.openstreetmap.org/relation/11832354,Rue Eugénie Éboué,https://www.openstreetmap.org/relation/9525,Paris 12e Arrondissement,75112
https://www.openstreetmap.org/node/1420506864,https://www.openstreetmap.org/relation/11832385,Rue de Reuilly,https://www.openstreetmap.org/relation/9525,Paris 12e Arrondissement,75112
https://www.openstreetmap.org/node/1420506865,https://www.openstreetmap.org/relation/11832397,Rue du Colonel Rozanoff,https://www.openstreetmap.org/relation/9525,Paris 12e Arrondissement,75112
https://www.openstreetmap.org/node/1420506866,https://www.openstreetmap.org/relation/11832385,Rue de Reuilly,https://www.openstreetmap.org/relation/9525,Paris 12e Arrondissement,75112
https://www.openstreetmap.org/node/1420506868,https://www.openstreetmap.org/relation/11832385,Rue de Reuilly,https://www.openstreetmap.org/relation/9525,Paris 12e Arrondissement,75112
https://www.openstreetmap.org/node/1420506870,https://www.openstreetmap.org/relation/11832385,Rue de Reuilly,https://www.openstreetmap.org/relation/9525,Paris 12e Arrondissement,75112
https://www.openstreetmap.org/node/1420506872,https://www.openstreetmap.org/relation/11832385,Rue de Reuilly,https://www.openstreetmap.org/relation/9525,Paris 12e Arrondissement,75112
https://www.openstreetmap.org/node/1420506873,https://www.openstreetmap.org/relation/3973063,Cour Saint-Éloi,https://www.openstreetmap.org/relation/9525,Paris 12e Arrondissement,75112
https://www.openstreetmap.org/node/1420506874,https://www.openstreetmap.org/relation/11832354,Rue Eugénie Éboué,https://www.openstreetmap.org/relation/9525,Paris 12e Arrondissement,75112
https://www.openstreetmap.org/node/1420506875,https://www.openstreetmap.org/relation/11832290,Rue d'Artagnan,https://www.openstreetmap.org/relation/9525,Paris 12e Arrondissement,75112
https://www.openstreetmap.org/node/1420506876,https://www.openstreetmap.org/relation/11832397,Rue du Colonel Rozanoff,https://www.openstreetmap.org/relation/9525,Paris 12e Arrondissement,75112
https://www.openstreetmap.org/node/1420506877,https://www.openstreetmap.org/relation/11832385,Rue de Reuilly,https://www.openstreetmap.org/relation/9525,Paris 12e Arrondissement,75112
https://www.openstreetmap.org/node/1420506878,https://www.openstreetmap.org/relation/11832385,Rue de Reuilly,https://www.openstreetmap.org/relation/9525,Paris 12e Arrondissement,75112
https://www.openstreetmap.org/node/1420506882,https://www.openstreetmap.org/relation/3973063,Cour Saint-Éloi,https://www.openstreetmap.org/relation/9525,Paris 12e Arrondissement,75112
https://www.openstreetmap.org/node/1420506884,https://www.openstreetmap.org/relation/11832385,Rue de Reuilly,https://www.openstreetmap.org/relation/9525,Paris 12e Arrondissement,75112
https://www.openstreetmap.org/node/1420506885,https://www.openstreetmap.org/relation/11832397,Rue du Colonel Rozanoff,https://www.openstreetmap.org/relation/9525,Paris 12e Arrondissement,75112
https://www.openstreetmap.org/node/1420506906,https://www.openstreetmap.org/relation/3973063,Cour Saint-Éloi,https://www.openstreetmap.org/relation/9525,Paris 12e Arrondissement,75112
https://www.openstreetmap.org/node/1420506908,https://www.openstreetmap.org/relation/11832290,Rue d'Artagnan,https://www.openstreetmap.org/relation/9525,Paris 12e Arrondissement,75112
https://www.openstreetmap.org/node/1420506909,https://www.openstreetmap.org/relation/11832397,Rue du Colonel Rozanoff,https://www.openstreetmap.org/relation/9525,Paris 12e Arrondissement,75112
https://www.openstreetmap.org/node/1420506922,https://www.openstreetmap.org/relation/3973063,Cour Saint-Éloi,https://www.openstreetmap.org/relation/9525,Paris 12e Arrondissement,75112
https://www.openstreetmap.org/node/1420506923,https://www.openstreetmap.org/relation/11832354,Rue Eugénie Éboué,https://www.openstreetmap.org/relation/9525,Paris 12e Arrondissement,75112
https://www.openstreetmap.org/node/1420506924,https://www.openstreetmap.org/relation/11832385,Rue de Reuilly,https://www.openstreetmap.org/relation/9525,Paris 12e Arrondissement,75112
https://www.openstreetmap.org/node/1420506925,https://www.openstreetmap.org/relation/11832397,Rue du Colonel Rozanoff,https://www.openstreetmap.org/relation/9525,Paris 12e Arrondissement,75112
https://www.openstreetmap.org/node/1425553325,https://www.openstreetmap.org/relation/11832333,Passage Hennel,https://www.openstreetmap.org/relation/9525,Paris 12e Arrondissement,75112
https://www.openstreetmap.org/node/1425553330,https://www.openstreetmap.org/relation/11832433,Rue de Charenton,https://www.openstreetmap.org/relation/9525,Paris 12e Arrondissement,75112
https://www.openstreetmap.org/node/1425553335,https://www.openstreetmap.org/relation/11832433,Rue de Charenton,https://www.openstreetmap.org/relation/9525,Paris 12e Arrondissement,75112
https://www.openstreetmap.org/node/1425553340,https://www.openstreetmap.org/relation/11832433,Rue de Charenton,https://www.openstreetmap.org/relation/9525,Paris 12e Arrondissement,75112
https://www.openstreetmap.org/node/1425553342,https://www.openstreetmap.org/relation/11832433,Rue de Charenton,https://www.openstreetmap.org/relation/9525,Paris 12e Arrondissement,75112
https://www.openstreetmap.org/node/1425553344,https://www.openstreetmap.org/relation/11832433,Rue de Charenton,https://www.openstreetmap.org/relation/9525,Paris 12e Arrondissement,75112
https://www.openstreetmap.org/node/1425553354,https://www.openstreetmap.org/relation/11832433,Rue de Charenton,https://www.openstreetmap.org/relation/9525,Paris 12e Arrondissement,75112
https://www.openstreetmap.org/node/1425553356,https://www.openstreetmap.org/relation/11832433,Rue de Charenton,https://www.openstreetmap.org/relation/9525,Paris 12e Arrondissement,75112
https://www.openstreetmap.org/node/1425553358,https://www.openstreetmap.org/relation/11832433,Rue de Charenton,https://www.openstreetmap.org/relation/9525,Paris 12e Arrondissement,75112
https://www.openstreetmap.org/node/1425553360,https://www.openstreetmap.org/relation/11832433,Rue de Charenton,https://www.openstreetmap.org/relation/9525,Paris 12e Arrondissement,75112
https://www.openstreetmap.org/node/1425553374,https://www.openstreetmap.org/relation/11832433,Rue de Charenton,https://www.openstreetmap.org/relation/9525,Paris 12e Arrondissement,75112
https://www.openstreetmap.org/node/1425553381,https://www.openstreetmap.org/relation/11832433,Rue de Charenton,https://www.openstreetmap.org/relation/9525,Paris 12e Arrondissement,75112
https://www.openstreetmap.org/node/1425553383,https://www.openstreetmap.org/relation/11832433,Rue de Charenton,https://www.openstreetmap.org/relation/9525,Paris 12e Arrondissement,75112
https://www.openstreetmap.org/node/1425553384,https://www.openstreetmap.org/relation/11832433,Rue de Charenton,https://www.openstreetmap.org/relation/9525,Paris 12e Arrondissement,75112
https://www.openstreetmap.org/node/1425553400,https://www.openstreetmap.org/relation/11832433,Rue de Charenton,https://www.openstreetmap.org/relation/9525,Paris 12e Arrondissement,75112
https://www.openstreetmap.org/node/1425553402,https://www.openstreetmap.org/relation/11832433,Rue de Charenton,https://www.openstreetmap.org/relation/9525,Paris 12e Arrondissement,75112
https://www.openstreetmap.org/node/1425553404,https://www.openstreetmap.org/relation/11832433,Rue de Charenton,https://www.openstreetmap.org/relation/9525,Paris 12e Arrondissement,75112
https://www.openstreetmap.org/node/1425553408,https://www.openstreetmap.org/relation/11832433,Rue de Charenton,https://www.openstreetmap.org/relation/9525,Paris 12e Arrondissement,75112
https://www.openstreetmap.org/node/1425553423,https://www.openstreetmap.org/relation/11832433,Rue de Charenton,https://www.openstreetmap.org/relation/9525,Paris 12e Arrondissement,75112
https://www.openstreetmap.org/node/1425553428,https://www.openstreetmap.org/relation/11832433,Rue de Charenton,https://www.openstreetmap.org/relation/9525,Paris 12e Arrondissement,75112
https://www.openstreetmap.org/node/1425553432,https://www.openstreetmap.org/relation/11832433,Rue de Charenton,https://www.openstreetmap.org/relation/9525,Paris 12e Arrondissement,75112
https://www.openstreetmap.org/node/1425553438,https://www.openstreetmap.org/relation/11832433,Rue de Charenton,https://www.openstreetmap.org/relation/9525,Paris 12e Arrondissement,75112
https://www.openstreetmap.org/node/1425553442,https://www.openstreetmap.org/relation/11832433,Rue de Charenton,https://www.openstreetmap.org/relation/9525,Paris 12e Arrondissement,75112
https://www.openstreetmap.org/node/1425553445,https://www.openstreetmap.org/relation/11832433,Rue de Charenton,https://www.openstreetmap.org/relation/9525,Paris 12e Arrondissement,75112
https://www.openstreetmap.org/node/1425553449,https://www.openstreetmap.org/relation/11832433,Rue de Charenton,https://www.openstreetmap.org/relation/9525,Paris 12e Arrondissement,75112
https://www.openstreetmap.org/node/1425553454,https://www.openstreetmap.org/relation/11832433,Rue de Charenton,https://www.openstreetmap.org/relation/9525,Paris 12e Arrondissement,75112
https://www.openstreetmap.org/node/1425553458,https://www.openstreetmap.org/relation/11832433,Rue de Charenton,https://www.openstreetmap.org/relation/9525,Paris 12e Arrondissement,75112
https://www.openstreetmap.org/node/1425553462,https://www.openstreetmap.org/relation/11832433,Rue de Charenton,https://www.openstreetmap.org/relation/9525,Paris 12e Arrondissement,75112
https://www.openstreetmap.org/node/1425553465,https://www.openstreetmap.org/relation/11832433,Rue de Charenton,https://www.openstreetmap.org/relation/9525,Paris 12e Arrondissement,75112
https://www.openstreetmap.org/node/1425553472,https://www.openstreetmap.org/relation/11832433,Rue de Charenton,https://www.openstreetmap.org/relation/9525,Paris 12e Arrondissement,75112
https://www.openstreetmap.org/node/1425553473,https://www.openstreetmap.org/relation/11832433,Rue de Charenton,https://www.openstreetmap.org/relation/9525,Paris 12e Arrondissement,75112
https://www.openstreetmap.org/node/1425553474,https://www.openstreetmap.org/relation/11832433,Rue de Charenton,https://www.openstreetmap.org/relation/9525,Paris 12e Arrondissement,75112
https://www.openstreetmap.org/node/1425553476,https://www.openstreetmap.org/relation/11832433,Rue de Charenton,https://www.openstreetmap.org/relation/9525,Paris 12e Arrondissement,75112
https://www.openstreetmap.org/node/1425553483,https://www.openstreetmap.org/relation/11832433,Rue de Charenton,https://www.openstreetmap.org/relation/9525,Paris 12e Arrondissement,75112
https://www.openstreetmap.org/node/1425553486,https://www.openstreetmap.org/relation/11832433,Rue de Charenton,https://www.openstreetmap.org/relation/9525,Paris 12e Arrondissement,75112
https://www.openstreetmap.org/node/1425553488,https://www.openstreetmap.org/relation/11832433,Rue de Charenton,https://www.openstreetmap.org/relation/9525,Paris 12e Arrondissement,75112
https://www.openstreetmap.org/node/1425553489,https://www.openstreetmap.org/relation/11832433,Rue de Charenton,https://www.openstreetmap.org/relation/9525,Paris 12e Arrondissement,75112
https://www.openstreetmap.org/node/1425553494,https://www.openstreetmap.org/relation/11832433,Rue de Charenton,https://www.openstreetmap.org/relation/9525,Paris 12e Arrondissement,75112
https://www.openstreetmap.org/node/1425553495,https://www.openstreetmap.org/relation/11832433,Rue de Charenton,https://www.openstreetmap.org/relation/9525,Paris 12e Arrondissement,75112
https://www.openstreetmap.org/node/1425553498,https://www.openstreetmap.org/relation/11832433,Rue de Charenton,https://www.openstreetmap.org/relation/9525,Paris 12e Arrondissement,75112
https://www.openstreetmap.org/node/1425553501,https://www.openstreetmap.org/relation/11832433,Rue de Charenton,https://www.openstreetmap.org/relation/9525,Paris 12e Arrondissement,75112
https://www.openstreetmap.org/node/1425553502,https://www.openstreetmap.org/relation/11832433,Rue de Charenton,https://www.openstreetmap.org/relation/9525,Paris 12e Arrondissement,75112
https://www.openstreetmap.org/node/1425553507,https://www.openstreetmap.org/relation/11832433,Rue de Charenton,https://www.openstreetmap.org/relation/9525,Paris 12e Arrondissement,75112
https://www.openstreetmap.org/node/1425553512,https://www.openstreetmap.org/relation/11832433,Rue de Charenton,https://www.openstreetmap.org/relation/9525,Paris 12e Arrondissement,75112
https://www.openstreetmap.org/node/1425553513,https://www.openstreetmap.org/relation/11832433,Rue de Charenton,https://www.openstreetmap.org/relation/9525,Paris 12e Arrondissement,75112
https://www.openstreetmap.org/node/1425553516,https://www.openstreetmap.org/relation/11832433,Rue de Charenton,https://www.openstreetmap.org/relation/9525,Paris 12e Arrondissement,75112
https://www.openstreetmap.org/node/1425553518,https://www.openstreetmap.org/relation/11832433,Rue de Charenton,https://www.openstreetmap.org/relation/9525,Paris 12e Arrondissement,75112
https://www.openstreetmap.org/node/1425553524,https://www.openstreetmap.org/relation/11832433,Rue de Charenton,https://www.openstreetmap.org/relation/9525,Paris 12e Arrondissement,75112
https://www.openstreetmap.org/node/1425553525,https://www.openstreetmap.org/relation/11832433,Rue de Charenton,https://www.openstreetmap.org/relation/9525,Paris 12e Arrondissement,75112
https://www.openstreetmap.org/node/1425553528,https://www.openstreetmap.org/relation/11832433,Rue de Charenton,https://www.openstreetmap.org/relation/9525,Paris 12e Arrondissement,75112
https://www.openstreetmap.org/node/1425553530,https://www.openstreetmap.org/relation/11832433,Rue de Charenton,https://www.openstreetmap.org/relation/9525,Paris 12e Arrondissement,75112
https://www.openstreetmap.org/node/1425553551,https://www.openstreetmap.org/relation/11832333,Passage Hennel,https://www.openstreetmap.org/relation/9525,Paris 12e Arrondissement,75112
https://www.openstreetmap.org/node/1425553552,https://www.openstreetmap.org/relation/11832338,Rue Beccaria,https://www.openstreetmap.org/relation/9525,Paris 12e Arrondissement,75112
https://www.openstreetmap.org/node/1425553555,https://www.openstreetmap.org/relation/11832333,Passage Hennel,https://www.openstreetmap.org/relation/9525,Paris 12e Arrondissement,75112
https://www.openstreetmap.org/node/1425553557,https://www.openstreetmap.org/relation/11832333,Passage Hennel,https://www.openstreetmap.org/relation/9525,Paris 12e Arrondissement,75112
https://www.openstreetmap.org/node/1425553558,https://www.openstreetmap.org/relation/11832338,Rue Beccaria,https://www.openstreetmap.org/relation/9525,Paris 12e Arrondissement,75112
https://www.openstreetmap.org/node/1425578470,https://www.openstreetmap.org/relation/11832541,Place du Colonel Bourgoin,https://www.openstreetmap.org/relation/9525,Paris 12e Arrondissement,75112
https://www.openstreetmap.org/node/1425578473,https://www.openstreetmap.org/relation/11832541,Place du Colonel Bourgoin,https://www.openstreetmap.org/relation/9525,Paris 12e Arrondissement,75112
https://www.openstreetmap.org/node/1425578476,https://www.openstreetmap.org/relation/11832433,Rue de Charenton,https://www.openstreetmap.org/relation/9525,Paris 12e Arrondissement,75112
https://www.openstreetmap.org/node/1425578478,https://www.openstreetmap.org/relation/11832433,Rue de Charenton,https://www.openstreetmap.org/relation/9525,Paris 12e Arrondissement,75112
https://www.openstreetmap.org/node/1425578481,https://www.openstreetmap.org/relation/11832433,Rue de Charenton,https://www.openstreetmap.org/relation/9525,Paris 12e Arrondissement,75112
https://www.openstreetmap.org/node/1425578493,https://www.openstreetmap.org/relation/11832433,Rue de Charenton,https://www.openstreetmap.org/relation/9525,Paris 12e Arrondissement,75112
https://www.openstreetmap.org/node/1425578497,https://www.openstreetmap.org/relation/11832433,Rue de Charenton,https://www.openstreetmap.org/relation/9525,Paris 12e Arrondissement,75112
https://www.openstreetmap.org/node/1425578500,https://www.openstreetmap.org/relation/11832433,Rue de Charenton,https://www.openstreetmap.org/relation/9525,Paris 12e Arrondissement,75112
https://www.openstreetmap.org/node/1425578503,https://www.openstreetmap.org/relation/11832433,Rue de Charenton,https://www.openstreetmap.org/relation/9525,Paris 12e Arrondissement,75112
https://www.openstreetmap.org/node/1425578504,https://www.openstreetmap.org/relation/11832433,Rue de Charenton,https://www.openstreetmap.org/relation/9525,Paris 12e Arrondissement,75112
https://www.openstreetmap.org/node/1425578512,https://www.openstreetmap.org/relation/11832433,Rue de Charenton,https://www.openstreetmap.org/relation/9525,Paris 12e Arrondissement,75112
https://www.openstreetmap.org/node/1425578566,https://www.openstreetmap.org/relation/11832495,Passage Miriam Makeba,https://www.openstreetmap.org/relation/9525,Paris 12e Arrondissement,75112
https://www.openstreetmap.org/node/1425578568,https://www.openstreetmap.org/relation/11832495,Passage Miriam Makeba,https://www.openstreetmap.org/relation/9525,Paris 12e Arrondissement,75112
https://www.openstreetmap.org/node/1425578571,https://www.openstreetmap.org/relation/11832541,Place du Colonel Bourgoin,https://www.openstreetmap.org/relation/9525,Paris 12e Arrondissement,75112
https://www.openstreetmap.org/node/1425578575,https://www.openstreetmap.org/relation/11832495,Passage Miriam Makeba,https://www.openstreetmap.org/relation/9525,Paris 12e Arrondissement,75112
https://www.openstreetmap.org/node/1425578578,https://www.openstreetmap.org/relation/11832541,Place du Colonel Bourgoin,https://www.openstreetmap.org/relation/9525,Paris 12e Arrondissement,75112
https://www.openstreetmap.org/node/1425578581,https://www.openstreetmap.org/relation/11832541,Place du Colonel Bourgoin,https://www.openstreetmap.org/relation/9525,Paris 12e Arrondissement,75112
https://www.openstreetmap.org/node/1425578586,https://www.openstreetmap.org/relation/11832541,Place du Colonel Bourgoin,https://www.openstreetmap.org/relation/9525,Paris 12e Arrondissement,75112
https://www.openstreetmap.org/node/1425578591,https://www.openstreetmap.org/relation/11832541,Place du Colonel Bourgoin,https://www.openstreetmap.org/relation/9525,Paris 12e Arrondissement,75112
https://www.openstreetmap.org/node/1425637169,https://www.openstreetmap.org/relation/11832465,Rue Charles Bossut,https://www.openstreetmap.org/relation/9525,Paris 12e Arrondissement,75112
https://www.openstreetmap.org/node/1425637404,https://www.openstreetmap.org/relation/11832465,Rue Charles Bossut,https://www.openstreetmap.org/relation/9525,Paris 12e Arrondissement,75112
https://www.openstreetmap.org/node/1425637707,https://www.openstreetmap.org/relation/11832311,Rue du Charolais,https://www.openstreetmap.org/relation/9525,Paris 12e Arrondissement,75112
https://www.openstreetmap.org/node/1425637723,https://www.openstreetmap.org/relation/11832311,Rue du Charolais,https://www.openstreetmap.org/relation/9525,Paris 12e Arrondissement,75112
https://www.openstreetmap.org/node/1425637765,https://www.openstreetmap.org/relation/11832311,Rue du Charolais,https://www.openstreetmap.org/relation/9525,Paris 12e Arrondissement,75112
https://www.openstreetmap.org/node/1425637781,https://www.openstreetmap.org/relation/11832311,Rue du Charolais,https://www.openstreetmap.org/relation/9525,Paris 12e Arrondissement,75112
https://www.openstreetmap.org/node/1425637796,https://www.openstreetmap.org/relation/11832311,Rue du Charolais,https://www.openstreetmap.org/relation/9525,Paris 12e Arrondissement,75112
https://www.openstreetmap.org/node/1425637808,https://www.openstreetmap.org/relation/11832311,Rue du Charolais,https://www.openstreetmap.org/relation/9525,Paris 12e Arrondissement,75112
https://www.openstreetmap.org/node/1425637811,https://www.openstreetmap.org/relation/11832311,Rue du Charolais,https://www.openstreetmap.org/relation/9525,Paris 12e Arrondissement,75112
https://www.openstreetmap.org/node/1425637818,https://www.openstreetmap.org/relation/11832311,Rue du Charolais,https://www.openstreetmap.org/relation/9525,Paris 12e Arrondissement,75112
https://www.openstreetmap.org/node/1425637825,https://www.openstreetmap.org/relation/11832311,Rue du Charolais,https://www.openstreetmap.org/relation/9525,Paris 12e Arrondissement,75112
https://www.openstreetmap.org/node/1425637857,https://www.openstreetmap.org/relation/11832311,Rue du Charolais,https://www.openstreetmap.org/relation/9525,Paris 12e Arrondissement,75112
https://www.openstreetmap.org/node/1425637872,https://www.openstreetmap.org/relation/11832311,Rue du Charolais,https://www.openstreetmap.org/relation/9525,Paris 12e Arrondissement,75112
https://www.openstreetmap.org/node/1425637878,https://www.openstreetmap.org/relation/11832311,Rue du Charolais,https://www.openstreetmap.org/relation/9525,Paris 12e Arrondissement,75112
https://www.openstreetmap.org/node/1425637883,https://www.openstreetmap.org/relation/11832311,Rue du Charolais,https://www.openstreetmap.org/relation/9525,Paris 12e Arrondissement,75112
https://www.openstreetmap.org/node/1425637899,https://www.openstreetmap.org/relation/11832311,Rue du Charolais,https://www.openstreetmap.org/relation/9525,Paris 12e Arrondissement,75112
https://www.openstreetmap.org/node/1425637904,https://www.openstreetmap.org/relation/11832311,Rue du Charolais,https://www.openstreetmap.org/relation/9525,Paris 12e Arrondissement,75112
https://www.openstreetmap.org/node/1425637907,https://www.openstreetmap.org/relation/11832311,Rue du Charolais,https://www.openstreetmap.org/relation/9525,Paris 12e Arrondissement,75112
https://www.openstreetmap.org/node/1425637910,https://www.openstreetmap.org/relation/11832311,Rue du Charolais,https://www.openstreetmap.org/relation/9525,Paris 12e Arrondissement,75112
https://www.openstreetmap.org/node/1425637933,https://www.openstreetmap.org/relation/11832311,Rue du Charolais,https://www.openstreetmap.org/relation/9525,Paris 12e Arrondissement,75112
https://www.openstreetmap.org/node/1425734608,https://www.openstreetmap.org/relation/11832271,Rue Rondelet,https://www.openstreetmap.org/relation/9525,Paris 12e Arrondissement,75112
https://www.openstreetmap.org/node/1425734611,https://www.openstreetmap.org/relation/11832271,Rue Rondelet,https://www.openstreetmap.org/relation/9525,Paris 12e Arrondissement,75112
https://www.openstreetmap.org/node/1425734615,https://www.openstreetmap.org/relation/11832271,Rue Rondelet,https://www.openstreetmap.org/relation/9525,Paris 12e Arrondissement,75112
https://www.openstreetmap.org/node/1425734632,https://www.openstreetmap.org/relation/11832271,Rue Rondelet,https://www.openstreetmap.org/relation/9525,Paris 12e Arrondissement,75112
https://www.openstreetmap.org/node/1425734647,https://www.openstreetmap.org/relation/11832271,Rue Rondelet,https://www.openstreetmap.org/relation/9525,Paris 12e Arrondissement,75112
https://www.openstreetmap.org/node/1425734660,https://www.openstreetmap.org/relation/11832271,Rue Rondelet,https://www.openstreetmap.org/relation/9525,Paris 12e Arrondissement,75112
https://www.openstreetmap.org/node/1425734662,https://www.openstreetmap.org/relation/11832271,Rue Rondelet,https://www.openstreetmap.org/relation/9525,Paris 12e Arrondissement,75112
https://www.openstreetmap.org/node/1425734674,https://www.openstreetmap.org/relation/11832271,Rue Rondelet,https://www.openstreetmap.org/relation/9525,Paris 12e Arrondissement,75112
https://www.openstreetmap.org/node/1425734679,https://www.openstreetmap.org/relation/11832271,Rue Rondelet,https://www.openstreetmap.org/relation/9525,Paris 12e Arrondissement,75112
https://www.openstreetmap.org/node/1425734682,https://www.openstreetmap.org/relation/11832271,Rue Rondelet,https://www.openstreetmap.org/relation/9525,Paris 12e Arrondissement,75112
https://www.openstreetmap.org/node/1425734685,https://www.openstreetmap.org/relation/11832271,Rue Rondelet,https://www.openstreetmap.org/relation/9525,Paris 12e Arrondissement,75112
https://www.openstreetmap.org/node/1425734688,https://www.openstreetmap.org/relation/11832271,Rue Rondelet,https://www.openstreetmap.org/relation/9525,Paris 12e Arrondissement,75112
https://www.openstreetmap.org/node/1426474249,https://www.openstreetmap.org/relation/11832432,Rue Pierre Bourdan,https://www.openstreetmap.org/relation/9525,Paris 12e Arrondissement,75112
https://www.openstreetmap.org/node/1426474254,https://www.openstreetmap.org/relation/3973064,Cour d'Alsace Lorraine,https://www.openstreetmap.org/relation/9525,Paris 12e Arrondissement,75112
https://www.openstreetmap.org/node/1426474269,https://www.openstreetmap.org/relation/11832432,Rue Pierre Bourdan,https://www.openstreetmap.org/relation/9525,Paris 12e Arrondissement,75112
https://www.openstreetmap.org/node/1426474295,https://www.openstreetmap.org/relation/11832432,Rue Pierre Bourdan,https://www.openstreetmap.org/relation/9525,Paris 12e Arrondissement,75112
https://www.openstreetmap.org/node/1426474298,https://www.openstreetmap.org/relation/3973064,Cour d'Alsace Lorraine,https://www.openstreetmap.org/relation/9525,Paris 12e Arrondissement,75112
https://www.openstreetmap.org/node/1426474308,https://www.openstreetmap.org/relation/11832432,Rue Pierre Bourdan,https://www.openstreetmap.org/relation/9525,Paris 12e Arrondissement,75112
https://www.openstreetmap.org/node/1426474325,https://www.openstreetmap.org/relation/11832432,Rue Pierre Bourdan,https://www.openstreetmap.org/relation/9525,Paris 12e Arrondissement,75112
https://www.openstreetmap.org/node/1426474333,https://www.openstreetmap.org/relation/3973064,Cour d'Alsace Lorraine,https://www.openstreetmap.org/relation/9525,Paris 12e Arrondissement,75112
https://www.openstreetmap.org/node/1426474362,https://www.openstreetmap.org/relation/11832432,Rue Pierre Bourdan,https://www.openstreetmap.org/relation/9525,Paris 12e Arrondissement,75112
https://www.openstreetmap.org/node/1426474372,https://www.openstreetmap.org/relation/3973064,Cour d'Alsace Lorraine,https://www.openstreetmap.org/relation/9525,Paris 12e Arrondissement,75112
https://www.openstreetmap.org/node/1426474376,https://www.openstreetmap.org/relation/11832432,Rue Pierre Bourdan,https://www.openstreetmap.org/relation/9525,Paris 12e Arrondissement,75112
https://www.openstreetmap.org/node/1426474385,https://www.openstreetmap.org/relation/11832432,Rue Pierre Bourdan,https://www.openstreetmap.org/relation/9525,Paris 12e Arrondissement,75112
https://www.openstreetmap.org/node/1426474397,https://www.openstreetmap.org/relation/11832432,Rue Pierre Bourdan,https://www.openstreetmap.org/relation/9525,Paris 12e Arrondissement,75112
https://www.openstreetmap.org/node/1426474427,https://www.openstreetmap.org/relation/11832432,Rue Pierre Bourdan,https://www.openstreetmap.org/relation/9525,Paris 12e Arrondissement,75112
https://www.openstreetmap.org/node/1426474433,https://www.openstreetmap.org/relation/11832432,Rue Pierre Bourdan,https://www.openstreetmap.org/relation/9525,Paris 12e Arrondissement,75112
https://www.openstreetmap.org/node/1426474438,https://www.openstreetmap.org/relation/11832432,Rue Pierre Bourdan,https://www.openstreetmap.org/relation/9525,Paris 12e Arrondissement,75112
https://www.openstreetmap.org/node/1426474447,https://www.openstreetmap.org/relation/11832432,Rue Pierre Bourdan,https://www.openstreetmap.org/relation/9525,Paris 12e Arrondissement,75112
https://www.openstreetmap.org/node/1426474459,https://www.openstreetmap.org/relation/11832432,Rue Pierre Bourdan,https://www.openstreetmap.org/relation/9525,Paris 12e Arrondissement,75112
https://www.openstreetmap.org/node/1426474601,https://www.openstreetmap.org/relation/11832432,Rue Pierre Bourdan,https://www.openstreetmap.org/relation/9525,Paris 12e Arrondissement,75112
https://www.openstreetmap.org/node/1426474638,https://www.openstreetmap.org/relation/11832432,Rue Pierre Bourdan,https://www.openstreetmap.org/relation/9525,Paris 12e Arrondissement,75112
https://www.openstreetmap.org/node/1426474661,https://www.openstreetmap.org/relation/11832432,Rue Pierre Bourdan,https://www.openstreetmap.org/relation/9525,Paris 12e Arrondissement,75112
https://www.openstreetmap.org/node/1426494194,https://www.openstreetmap.org/relation/11832610,Square Saint-Charles,https://www.openstreetmap.org/relation/9525,Paris 12e Arrondissement,75112
https://www.openstreetmap.org/node/1426494195,https://www.openstreetmap.org/relation/11832610,Square Saint-Charles,https://www.openstreetmap.org/relation/9525,Paris 12e Arrondissement,75112
https://www.openstreetmap.org/node/1426494196,https://www.openstreetmap.org/relation/11832610,Square Saint-Charles,https://www.openstreetmap.org/relation/9525,Paris 12e Arrondissement,75112
https://www.openstreetmap.org/node/1426494197,https://www.openstreetmap.org/relation/11832610,Square Saint-Charles,https://www.openstreetmap.org/relation/9525,Paris 12e Arrondissement,75112
https://www.openstreetmap.org/node/1426494198,https://www.openstreetmap.org/relation/11832610,Square Saint-Charles,https://www.openstreetmap.org/relation/9525,Paris 12e Arrondissement,75112
https://www.openstreetmap.org/node/1426494199,https://www.openstreetmap.org/relation/11832610,Square Saint-Charles,https://www.openstreetmap.org/relation/9525,Paris 12e Arrondissement,75112
https://www.openstreetmap.org/node/1426494200,https://www.openstreetmap.org/relation/11832610,Square Saint-Charles,https://www.openstreetmap.org/relation/9525,Paris 12e Arrondissement,75112
https://www.openstreetmap.org/node/1426494201,https://www.openstreetmap.org/relation/11832610,Square Saint-Charles,https://www.openstreetmap.org/relation/9525,Paris 12e Arrondissement,75112
https://www.openstreetmap.org/node/1426494202,https://www.openstreetmap.org/relation/11832610,Square Saint-Charles,https://www.openstreetmap.org/relation/9525,Paris 12e Arrondissement,75112
https://www.openstreetmap.org/node/1426494203,https://www.openstreetmap.org/relation/11832610,Square Saint-Charles,https://www.openstreetmap.org/relation/9525,Paris 12e Arrondissement,75112
https://www.openstreetmap.org/node/1426494204,https://www.openstreetmap.org/relation/11832610,Square Saint-Charles,https://www.openstreetmap.org/relation/9525,Paris 12e Arrondissement,75112
https://www.openstreetmap.org/node/1426494205,https://www.openstreetmap.org/relation/11832610,Square Saint-Charles,https://www.openstreetmap.org/relation/9525,Paris 12e Arrondissement,75112
https://www.openstreetmap.org/node/1426494207,https://www.openstreetmap.org/relation/11832610,Square Saint-Charles,https://www.openstreetmap.org/relation/9525,Paris 12e Arrondissement,75112
https://www.openstreetmap.org/node/1426494209,https://www.openstreetmap.org/relation/11832610,Square Saint-Charles,https://www.openstreetmap.org/relation/9525,Paris 12e Arrondissement,75112
https://www.openstreetmap.org/node/1426494214,https://www.openstreetmap.org/relation/11832610,Square Saint-Charles,https://www.openstreetmap.org/relation/9525,Paris 12e Arrondissement,75112
https://www.openstreetmap.org/node/1426494216,https://www.openstreetmap.org/relation/11832610,Square Saint-Charles,https://www.openstreetmap.org/relation/9525,Paris 12e Arrondissement,75112
https://www.openstreetmap.org/node/1426494219,https://www.openstreetmap.org/relation/11832610,Square Saint-Charles,https://www.openstreetmap.org/relation/9525,Paris 12e Arrondissement,75112
https://www.openstreetmap.org/node/1426494220,https://www.openstreetmap.org/relation/11832610,Square Saint-Charles,https://www.openstreetmap.org/relation/9525,Paris 12e Arrondissement,75112
https://www.openstreetmap.org/node/1426494222,https://www.openstreetmap.org/relation/11832610,Square Saint-Charles,https://www.openstreetmap.org/relation/9525,Paris 12e Arrondissement,75112
https://www.openstreetmap.org/node/1426494224,https://www.openstreetmap.org/relation/11832610,Square Saint-Charles,https://www.openstreetmap.org/relation/9525,Paris 12e Arrondissement,75112
https://www.openstreetmap.org/node/1426494227,https://www.openstreetmap.org/relation/11832610,Square Saint-Charles,https://www.openstreetmap.org/relation/9525,Paris 12e Arrondissement,75112
https://www.openstreetmap.org/node/1426494239,https://www.openstreetmap.org/relation/11832610,Square Saint-Charles,https://www.openstreetmap.org/relation/9525,Paris 12e Arrondissement,75112
https://www.openstreetmap.org/node/1426494242,https://www.openstreetmap.org/relation/11832610,Square Saint-Charles,https://www.openstreetmap.org/relation/9525,Paris 12e Arrondissement,75112
https://www.openstreetmap.org/node/1429442329,https://www.openstreetmap.org/relation/11832534,Avenue Daumesnil,https://www.openstreetmap.org/relation/9525,Paris 12e Arrondissement,75112
https://www.openstreetmap.org/node/1468378337,https://www.openstreetmap.org/relation/6949984,Rue du Faubourg Saint-Antoine,https://www.openstreetmap.org/relation/9525,Paris 12e Arrondissement,75112
https://www.openstreetmap.org/node/1581617286,https://www.openstreetmap.org/relation/11832333,Passage Hennel,https://www.openstreetmap.org/relation/9525,Paris 12e Arrondissement,75112
https://www.openstreetmap.org/node/1630608717,https://www.openstreetmap.org/relation/11832384,Rue de Bercy,https://www.openstreetmap.org/relation/9525,Paris 12e Arrondissement,75112
https://www.openstreetmap.org/node/1678043347,https://www.openstreetmap.org/relation/11828760,Place de la Bastille,https://www.openstreetmap.org/relation/9525,Paris 12e Arrondissement,75112
https://www.openstreetmap.org/node/1684506451,https://www.openstreetmap.org/relation/11828760,Place de la Bastille,https://www.openstreetmap.org/relation/9533,Paris 11e Arrondissement,75111
https://www.openstreetmap.org/node/1776919587,https://www.openstreetmap.org/relation/11832479,Place Mazas,https://www.openstreetmap.org/relation/9525,Paris 12e Arrondissement,75112
https://www.openstreetmap.org/node/1776919588,https://www.openstreetmap.org/relation/11828759,Pont Morland,https://www.openstreetmap.org/relation/9597,Paris 4e Arrondissement,75104
https://www.openstreetmap.org/node/1785271479,https://www.openstreetmap.org/relation/11831879,Passage Josset,https://www.openstreetmap.org/relation/9533,Paris 11e Arrondissement,75111
https://www.openstreetmap.org/node/1829581022,https://www.openstreetmap.org/relation/11828778,Rue de la Cerisaie,https://www.openstreetmap.org/relation/9597,Paris 4e Arrondissement,75104
https://www.openstreetmap.org/node/1980084564,https://www.openstreetmap.org/relation/11828825,Rue Saint-Paul,https://www.openstreetmap.org/relation/9597,Paris 4e Arrondissement,75104
https://www.openstreetmap.org/node/2049101770,https://www.openstreetmap.org/relation/11831820,Rue Paul Bert,https://www.openstreetmap.org/relation/9533,Paris 11e Arrondissement,75111
https://www.openstreetmap.org/node/2130779772,https://www.openstreetmap.org/relation/11832534,Avenue Daumesnil,https://www.openstreetmap.org/relation/9525,Paris 12e Arrondissement,75112
https://www.openstreetmap.org/node/2130779775,https://www.openstreetmap.org/relation/11832534,Avenue Daumesnil,https://www.openstreetmap.org/relation/9525,Paris 12e Arrondissement,75112
https://www.openstreetmap.org/node/2130779780,https://www.openstreetmap.org/relation/11832534,Avenue Daumesnil,https://www.openstreetmap.org/relation/9525,Paris 12e Arrondissement,75112
https://www.openstreetmap.org/node/2179774059,https://www.openstreetmap.org/relation/6949986,Avenue Ledru-Rollin,https://www.openstreetmap.org/relation/9525,Paris 12e Arrondissement,75112
https://www.openstreetmap.org/node/2321297309,https://www.openstreetmap.org/relation/11828778,Rue de la Cerisaie,https://www.openstreetmap.org/relation/9597,Paris 4e Arrondissement,75104
https://www.openstreetmap.org/node/2395005816,https://www.openstreetmap.org/relation/11832572,Rue de Lyon,https://www.openstreetmap.org/relation/9525,Paris 12e Arrondissement,75112
https://www.openstreetmap.org/node/2448399790,https://www.openstreetmap.org/relation/11832417,Boulevard de la Bastille,https://www.openstreetmap.org/relation/9525,Paris 12e Arrondissement,75112
https://www.openstreetmap.org/node/2482357781,https://www.openstreetmap.org/relation/6949984,Rue du Faubourg Saint-Antoine,https://www.openstreetmap.org/relation/9533,Paris 11e Arrondissement,75111
https://www.openstreetmap.org/node/2486373283,https://www.openstreetmap.org/relation/11831976,Passage de la Bonne Graine,https://www.openstreetmap.org/relation/9533,Paris 11e Arrondissement,75111
https://www.openstreetmap.org/node/2489274291,https://www.openstreetmap.org/relation/11831742,Rue Trousseau,https://www.openstreetmap.org/relation/9533,Paris 11e Arrondissement,75111
https://www.openstreetmap.org/node/2493529394,https://www.openstreetmap.org/relation/11832556,Rue de Cotte,https://www.openstreetmap.org/relation/9525,Paris 12e Arrondissement,75112
https://www.openstreetmap.org/node/2521645616,https://www.openstreetmap.org/relation/11832455,Rue d'Aligre,https://www.openstreetmap.org/relation/9525,Paris 12e Arrondissement,75112
https://www.openstreetmap.org/node/252595467,https://www.openstreetmap.org/relation/11828760,Place de la Bastille,https://www.openstreetmap.org/relation/9533,Paris 11e Arrondissement,75111
https://www.openstreetmap.org/node/252600700,https://www.openstreetmap.org/relation/6948561,Rue de Charonne,https://www.openstreetmap.org/relation/9533,Paris 11e Arrondissement,75111
https://www.openstreetmap.org/node/252793231,https://www.openstreetmap.org/relation/11832572,Rue de Lyon,https://www.openstreetmap.org/relation/9525,Paris 12e Arrondissement,75112
https://www.openstreetmap.org/node/257711184,https://www.openstreetmap.org/relation/11832476,Rue Crozatier,https://www.openstreetmap.org/relation/9525,Paris 12e Arrondissement,75112
https://www.openstreetmap.org/node/2582304435,https://www.openstreetmap.org/relation/11828820,Boulevard Morland,https://www.openstreetmap.org/relation/9597,Paris 4e Arrondissement,75104
https://www.openstreetmap.org/node/2587863772,https://www.openstreetmap.org/relation/11832476,Rue Crozatier,https://www.openstreetmap.org/relation/9525,Paris 12e Arrondissement,75112
https://www.openstreetmap.org/node/2591811951,https://www.openstreetmap.org/relation/11832572,Rue de Lyon,https://www.openstreetmap.org/relation/9525,Paris 12e Arrondissement,75112
https://www.openstreetmap.org/node/2591812064,https://www.openstreetmap.org/relation/11828760,Place de la Bastille,https://www.openstreetmap.org/relation/9525,Paris 12e Arrondissement,75112
https://www.openstreetmap.org/node/2604584220,https://www.openstreetmap.org/relation/11832486,Place d'Aligre,https://www.openstreetmap.org/relation/9525,Paris 12e Arrondissement,75112
https://www.openstreetmap.org/node/2604584222,https://www.openstreetmap.org/relation/11832534,Avenue Daumesnil,https://www.openstreetmap.org/relation/9525,Paris 12e Arrondissement,75112
https://www.openstreetmap.org/node/2612069231,https://www.openstreetmap.org/relation/11832572,Rue de Lyon,https://www.openstreetmap.org/relation/9525,Paris 12e Arrondissement,75112
https://www.openstreetmap.org/node/2673281676,https://www.openstreetmap.org/relation/11828822,Rue des Lions Saint-Paul,https://www.openstreetmap.org/relation/9597,Paris 4e Arrondissement,75104
https://www.openstreetmap.org/node/2673362954,https://www.openstreetmap.org/relation/11828843,Quai des Célestins,https://www.openstreetmap.org/relation/9597,Paris 4e Arrondissement,75104
https://www.openstreetmap.org/node/2697785826,https://www.openstreetmap.org/relation/3251224,Place Henri Frenay,https://www.openstreetmap.org/relation/9525,Paris 12e Arrondissement,75112
https://www.openstreetmap.org/node/2705465607,https://www.openstreetmap.org/relation/11832572,Rue de Lyon,https://www.openstreetmap.org/relation/9525,Paris 12e Arrondissement,75112
https://www.openstreetmap.org/node/2705465608,https://www.openstreetmap.org/relation/11832572,Rue de Lyon,https://www.openstreetmap.org/relation/9525,Paris 12e Arrondissement,75112
https://www.openstreetmap.org/node/2705465609,https://www.openstreetmap.org/relation/11832572,Rue de Lyon,https://www.openstreetmap.org/relation/9525,Paris 12e Arrondissement,75112
https://www.openstreetmap.org/node/2705465610,https://www.openstreetmap.org/relation/11832572,Rue de Lyon,https://www.openstreetmap.org/relation/9525,Paris 12e Arrondissement,75112
https://www.openstreetmap.org/node/2705465611,https://www.openstreetmap.org/relation/11832572,Rue de Lyon,https://www.openstreetmap.org/relation/9525,Paris 12e Arrondissement,75112
https://www.openstreetmap.org/node/2705465612,https://www.openstreetmap.org/relation/11832572,Rue de Lyon,https://www.openstreetmap.org/relation/9525,Paris 12e Arrondissement,75112
https://www.openstreetmap.org/node/2705465613,https://www.openstreetmap.org/relation/11832572,Rue de Lyon,https://www.openstreetmap.org/relation/9525,Paris 12e Arrondissement,75112
https://www.openstreetmap.org/node/2705465614,https://www.openstreetmap.org/relation/11832572,Rue de Lyon,https://www.openstreetmap.org/relation/9525,Paris 12e Arrondissement,75112
https://www.openstreetmap.org/node/2705465615,https://www.openstreetmap.org/relation/11832572,Rue de Lyon,https://www.openstreetmap.org/relation/9525,Paris 12e Arrondissement,75112
https://www.openstreetmap.org/node/2705465616,https://www.openstreetmap.org/relation/11832572,Rue de Lyon,https://www.openstreetmap.org/relation/9525,Paris 12e Arrondissement,75112
https://www.openstreetmap.org/node/2705465617,https://www.openstreetmap.org/relation/11832572,Rue de Lyon,https://www.openstreetmap.org/relation/9525,Paris 12e Arrondissement,75112
https://www.openstreetmap.org/node/2705465618,https://www.openstreetmap.org/relation/11832572,Rue de Lyon,https://www.openstreetmap.org/relation/9525,Paris 12e Arrondissement,75112
https://www.openstreetmap.org/node/2705465619,https://www.openstreetmap.org/relation/11832572,Rue de Lyon,https://www.openstreetmap.org/relation/9525,Paris 12e Arrondissement,75112
https://www.openstreetmap.org/node/2705465620,https://www.openstreetmap.org/relation/11832572,Rue de Lyon,https://www.openstreetmap.org/relation/9525,Paris 12e Arrondissement,75112
https://www.openstreetmap.org/node/2705465621,https://www.openstreetmap.org/relation/11832572,Rue de Lyon,https://www.openstreetmap.org/relation/9525,Paris 12e Arrondissement,75112
https://www.openstreetmap.org/node/2705465622,https://www.openstreetmap.org/relation/11832572,Rue de Lyon,https://www.openstreetmap.org/relation/9525,Paris 12e Arrondissement,75112
https://www.openstreetmap.org/node/2705465623,https://www.openstreetmap.org/relation/11832572,Rue de Lyon,https://www.openstreetmap.org/relation/9525,Paris 12e Arrondissement,75112
https://www.openstreetmap.org/node/2705465624,https://www.openstreetmap.org/relation/11832572,Rue de Lyon,https://www.openstreetmap.org/relation/9525,Paris 12e Arrondissement,75112
https://www.openstreetmap.org/node/2705465625,https://www.openstreetmap.org/relation/11832572,Rue de Lyon,https://www.openstreetmap.org/relation/9525,Paris 12e Arrondissement,75112
https://www.openstreetmap.org/node/2705465626,https://www.openstreetmap.org/relation/11832572,Rue de Lyon,https://www.openstreetmap.org/relation/9525,Paris 12e Arrondissement,75112
https://www.openstreetmap.org/node/2705465627,https://www.openstreetmap.org/relation/11832572,Rue de Lyon,https://www.openstreetmap.org/relation/9525,Paris 12e Arrondissement,75112
https://www.openstreetmap.org/node/2780555350,https://www.openstreetmap.org/relation/11832377,Rue Érard,https://www.openstreetmap.org/relation/9525,Paris 12e Arrondissement,75112
https://www.openstreetmap.org/node/2844396859,https://www.openstreetmap.org/relation/11832268,Boulevard Diderot,https://www.openstreetmap.org/relation/9525,Paris 12e Arrondissement,75112
https://www.openstreetmap.org/node/2874535481,https://www.openstreetmap.org/relation/11832359,Rue Abel,https://www.openstreetmap.org/relation/9525,Paris 12e Arrondissement,75112
https://www.openstreetmap.org/node/2874623565,https://www.openstreetmap.org/relation/11832268,Boulevard Diderot,https://www.openstreetmap.org/relation/9525,Paris 12e Arrondissement,75112
https://www.openstreetmap.org/node/2876157726,https://www.openstreetmap.org/relation/11832268,Boulevard Diderot,https://www.openstreetmap.org/relation/9525,Paris 12e Arrondissement,75112
https://www.openstreetmap.org/node/2876169595,https://www.openstreetmap.org/relation/11832268,Boulevard Diderot,https://www.openstreetmap.org/relation/9525,Paris 12e Arrondissement,75112
https://www.openstreetmap.org/node/288464994,https://www.openstreetmap.org/relation/11832385,Rue de Reuilly,https://www.openstreetmap.org/relation/9525,Paris 12e Arrondissement,75112
https://www.openstreetmap.org/node/2929995922,https://www.openstreetmap.org/relation/11831962,Rue Chanzy,https://www.openstreetmap.org/relation/9533,Paris 11e Arrondissement,75111
https://www.openstreetmap.org/node/2968674171,https://www.openstreetmap.org/relation/3897490,Allée de Bercy,https://www.openstreetmap.org/relation/9525,Paris 12e Arrondissement,75112
https://www.openstreetmap.org/node/2995458634,https://www.openstreetmap.org/relation/11832476,Rue Crozatier,https://www.openstreetmap.org/relation/9525,Paris 12e Arrondissement,75112
https://www.openstreetmap.org/node/3002241102,https://www.openstreetmap.org/relation/11831982,Rue Basfroi,https://www.openstreetmap.org/relation/9533,Paris 11e Arrondissement,75111
https://www.openstreetmap.org/node/3058148650,https://www.openstreetmap.org/relation/11828857,Rue des Tournelles,https://www.openstreetmap.org/relation/9597,Paris 4e Arrondissement,75104
https://www.openstreetmap.org/node/3058148651,https://www.openstreetmap.org/relation/11828857,Rue des Tournelles,https://www.openstreetmap.org/relation/9597,Paris 4e Arrondissement,75104
https://www.openstreetmap.org/node/3075694388,https://www.openstreetmap.org/relation/3897490,Allée de Bercy,https://www.openstreetmap.org/relation/9525,Paris 12e Arrondissement,75112
https://www.openstreetmap.org/node/3075694389,https://www.openstreetmap.org/relation/3897490,Allée de Bercy,https://www.openstreetmap.org/relation/9525,Paris 12e Arrondissement,75112
https://www.openstreetmap.org/node/3075694390,https://www.openstreetmap.org/relation/3897490,Allée de Bercy,https://www.openstreetmap.org/relation/9525,Paris 12e Arrondissement,75112
https://www.openstreetmap.org/node/3075694391,https://www.openstreetmap.org/relation/3897490,Allée de Bercy,https://www.openstreetmap.org/relation/9525,Paris 12e Arrondissement,75112
https://www.openstreetmap.org/node/3075694392,https://www.openstreetmap.org/relation/3897490,Allée de Bercy,https://www.openstreetmap.org/relation/9525,Paris 12e Arrondissement,75112
https://www.openstreetmap.org/node/3075694393,https://www.openstreetmap.org/relation/3897490,Allée de Bercy,https://www.openstreetmap.org/relation/9525,Paris 12e Arrondissement,75112
https://www.openstreetmap.org/node/3075694394,https://www.openstreetmap.org/relation/3897490,Allée de Bercy,https://www.openstreetmap.org/relation/9525,Paris 12e Arrondissement,75112
https://www.openstreetmap.org/node/3075694395,https://www.openstreetmap.org/relation/3897490,Allée de Bercy,https://www.openstreetmap.org/relation/9525,Paris 12e Arrondissement,75112
https://www.openstreetmap.org/node/3075694396,https://www.openstreetmap.org/relation/3897490,Allée de Bercy,https://www.openstreetmap.org/relation/9525,Paris 12e Arrondissement,75112
https://www.openstreetmap.org/node/3075694397,https://www.openstreetmap.org/relation/3897490,Allée de Bercy,https://www.openstreetmap.org/relation/9525,Paris 12e Arrondissement,75112
https://www.openstreetmap.org/node/3075694398,https://www.openstreetmap.org/relation/3897490,Allée de Bercy,https://www.openstreetmap.org/relation/9525,Paris 12e Arrondissement,75112
https://www.openstreetmap.org/node/3075694399,https://www.openstreetmap.org/relation/3897490,Allée de Bercy,https://www.openstreetmap.org/relation/9525,Paris 12e Arrondissement,75112
https://www.openstreetmap.org/node/3075694400,https://www.openstreetmap.org/relation/3897490,Allée de Bercy,https://www.openstreetmap.org/relation/9525,Paris 12e Arrondissement,75112
https://www.openstreetmap.org/node/3075694401,https://www.openstreetmap.org/relation/3897490,Allée de Bercy,https://www.openstreetmap.org/relation/9525,Paris 12e Arrondissement,75112
https://www.openstreetmap.org/node/3075694402,https://www.openstreetmap.org/relation/3897490,Allée de Bercy,https://www.openstreetmap.org/relation/9525,Paris 12e Arrondissement,75112
https://www.openstreetmap.org/node/3075694403,https://www.openstreetmap.org/relation/3897490,Allée de Bercy,https://www.openstreetmap.org/relation/9525,Paris 12e Arrondissement,75112
https://www.openstreetmap.org/node/3075694404,https://www.openstreetmap.org/relation/3897490,Allée de Bercy,https://www.openstreetmap.org/relation/9525,Paris 12e Arrondissement,75112
https://www.openstreetmap.org/node/3126178830,https://www.openstreetmap.org/relation/6949984,Rue du Faubourg Saint-Antoine,https://www.openstreetmap.org/relation/9525,Paris 12e Arrondissement,75112
https://www.openstreetmap.org/node/3134973150,https://www.openstreetmap.org/relation/11832276,Rue Villiot,https://www.openstreetmap.org/relation/9525,Paris 12e Arrondissement,75112
https://www.openstreetmap.org/node/3149356329,https://www.openstreetmap.org/relation/3897490,Allée de Bercy,https://www.openstreetmap.org/relation/9525,Paris 12e Arrondissement,75112
https://www.openstreetmap.org/node/3149356330,https://www.openstreetmap.org/relation/3897490,Allée de Bercy,https://www.openstreetmap.org/relation/9525,Paris 12e Arrondissement,75112
https://www.openstreetmap.org/node/3149396731,https://www.openstreetmap.org/relation/3897490,Allée de Bercy,https://www.openstreetmap.org/relation/9525,Paris 12e Arrondissement,75112
https://www.openstreetmap.org/node/3149396732,https://www.openstreetmap.org/relation/3897490,Allée de Bercy,https://www.openstreetmap.org/relation/9525,Paris 12e Arrondissement,75112
https://www.openstreetmap.org/node/3157885439,https://www.openstreetmap.org/relation/11828760,Place de la Bastille,https://www.openstreetmap.org/relation/9533,Paris 11e Arrondissement,75111
https://www.openstreetmap.org/node/3211437633,https://www.openstreetmap.org/relation/4236558,Passage du Génie,https://www.openstreetmap.org/relation/9525,Paris 12e Arrondissement,75112
https://www.openstreetmap.org/node/3211437634,https://www.openstreetmap.org/relation/4236558,Passage du Génie,https://www.openstreetmap.org/relation/9525,Paris 12e Arrondissement,75112
https://www.openstreetmap.org/node/3211437636,https://www.openstreetmap.org/relation/4236558,Passage du Génie,https://www.openstreetmap.org/relation/9525,Paris 12e Arrondissement,75112
https://www.openstreetmap.org/node/3211437637,https://www.openstreetmap.org/relation/4236558,Passage du Génie,https://www.openstreetmap.org/relation/9525,Paris 12e Arrondissement,75112
https://www.openstreetmap.org/node/3211437638,https://www.openstreetmap.org/relation/4236558,Passage du Génie,https://www.openstreetmap.org/relation/9525,Paris 12e Arrondissement,75112
https://www.openstreetmap.org/node/3211437639,https://www.openstreetmap.org/relation/4236558,Passage du Génie,https://www.openstreetmap.org/relation/9525,Paris 12e Arrondissement,75112
https://www.openstreetmap.org/node/3211437640,https://www.openstreetmap.org/relation/4236558,Passage du Génie,https://www.openstreetmap.org/relation/9525,Paris 12e Arrondissement,75112
https://www.openstreetmap.org/node/3218265069,https://www.openstreetmap.org/relation/11832293,Rue Chaligny,https://www.openstreetmap.org/relation/9525,Paris 12e Arrondissement,75112
https://www.openstreetmap.org/node/329417349,https://www.openstreetmap.org/relation/11832311,Rue du Charolais,https://www.openstreetmap.org/relation/9525,Paris 12e Arrondissement,75112
https://www.openstreetmap.org/node/3354167646,https://www.openstreetmap.org/relation/11831742,Rue Trousseau,https://www.openstreetmap.org/relation/9533,Paris 11e Arrondissement,75111
https://www.openstreetmap.org/node/3372393965,https://www.openstreetmap.org/relation/11832385,Rue de Reuilly,https://www.openstreetmap.org/relation/9525,Paris 12e Arrondissement,75112
https://www.openstreetmap.org/node/3424369493,https://www.openstreetmap.org/relation/11831750,Rue Titon,https://www.openstreetmap.org/relation/9533,Paris 11e Arrondissement,75111
https://www.openstreetmap.org/node/3424382993,https://www.openstreetmap.org/relation/11832618,Passage Raguinot,https://www.openstreetmap.org/relation/9525,Paris 12e Arrondissement,75112
https://www.openstreetmap.org/node/3424757317,https://www.openstreetmap.org/relation/4742461,Cour du Cantal,https://www.openstreetmap.org/relation/9533,Paris 11e Arrondissement,75111
https://www.openstreetmap.org/node/3424757321,https://www.openstreetmap.org/relation/4742461,Cour du Cantal,https://www.openstreetmap.org/relation/9533,Paris 11e Arrondissement,75111
https://www.openstreetmap.org/node/3458163913,https://www.openstreetmap.org/relation/11828857,Rue des Tournelles,https://www.openstreetmap.org/relation/9597,Paris 4e Arrondissement,75104
https://www.openstreetmap.org/node/3474659231,https://www.openstreetmap.org/relation/11832323,Rue de Chalon,https://www.openstreetmap.org/relation/9525,Paris 12e Arrondissement,75112
https://www.openstreetmap.org/node/3518800393,https://www.openstreetmap.org/relation/11831992,Cité de l'Ameublement,https://www.openstreetmap.org/relation/9533,Paris 11e Arrondissement,75111
https://www.openstreetmap.org/node/3551392693,https://www.openstreetmap.org/relation/6949984,Rue du Faubourg Saint-Antoine,https://www.openstreetmap.org/relation/9533,Paris 11e Arrondissement,75111
https://www.openstreetmap.org/node/3575298896,https://www.openstreetmap.org/relation/11831912,Rue de la Forge Royale,https://www.openstreetmap.org/relation/9533,Paris 11e Arrondissement,75111
https://www.openstreetmap.org/node/3656615987,https://www.openstreetmap.org/relation/11832455,Rue d'Aligre,https://www.openstreetmap.org/relation/9525,Paris 12e Arrondissement,75112
https://www.openstreetmap.org/node/367906176,https://www.openstreetmap.org/relation/11831972,Rue Bouvier,https://www.openstreetmap.org/relation/9533,Paris 11e Arrondissement,75111
https://www.openstreetmap.org/node/3681460477,https://www.openstreetmap.org/relation/11832268,Boulevard Diderot,https://www.openstreetmap.org/relation/9525,Paris 12e Arrondissement,75112
https://www.openstreetmap.org/node/3712185239,https://www.openstreetmap.org/relation/11832293,Rue Chaligny,https://www.openstreetmap.org/relation/9525,Paris 12e Arrondissement,75112
https://www.openstreetmap.org/node/3741516939,https://www.openstreetmap.org/relation/4835750,Rue Richard Lenoir,https://www.openstreetmap.org/relation/9533,Paris 11e Arrondissement,75111
https://www.openstreetmap.org/node/3801134121,https://www.openstreetmap.org/relation/4835750,Rue Richard Lenoir,https://www.openstreetmap.org/relation/9533,Paris 11e Arrondissement,75111
https://www.openstreetmap.org/node/3875439227,https://www.openstreetmap.org/relation/11832338,Rue Beccaria,https://www.openstreetmap.org/relation/9525,Paris 12e Arrondissement,75112
https://www.openstreetmap.org/node/3875439228,https://www.openstreetmap.org/relation/11832455,Rue d'Aligre,https://www.openstreetmap.org/relation/9525,Paris 12e Arrondissement,75112
https://www.openstreetmap.org/node/3928822549,https://www.openstreetmap.org/relation/11831876,Rue Jules Vallès,https://www.openstreetmap.org/relation/9533,Paris 11e Arrondissement,75111
https://www.openstreetmap.org/node/4003965813,https://www.openstreetmap.org/relation/6949984,Rue du Faubourg Saint-Antoine,https://www.openstreetmap.org/relation/9533,Paris 11e Arrondissement,75111
https://www.openstreetmap.org/node/4004312573,https://www.openstreetmap.org/relation/6949984,Rue du Faubourg Saint-Antoine,https://www.openstreetmap.org/relation/9525,Paris 12e Arrondissement,75112
https://www.openstreetmap.org/node/4029889064,https://www.openstreetmap.org/relation/11832384,Rue de Bercy,https://www.openstreetmap.org/relation/9525,Paris 12e Arrondissement,75112
https://www.openstreetmap.org/node/4054513400,https://www.openstreetmap.org/relation/11832591,Rue de Cîteaux,https://www.openstreetmap.org/relation/9525,Paris 12e Arrondissement,75112
https://www.openstreetmap.org/node/4180885042,https://www.openstreetmap.org/relation/11832293,Rue Chaligny,https://www.openstreetmap.org/relation/9525,Paris 12e Arrondissement,75112
https://www.openstreetmap.org/node/4212631172,https://www.openstreetmap.org/relation/11832258,Rue Traversière,https://www.openstreetmap.org/relation/9525,Paris 12e Arrondissement,75112
https://www.openstreetmap.org/node/4226407970,https://www.openstreetmap.org/relation/11832534,Avenue Daumesnil,https://www.openstreetmap.org/relation/9525,Paris 12e Arrondissement,75112
https://www.openstreetmap.org/node/4239934315,https://www.openstreetmap.org/relation/11832486,Place d'Aligre,https://www.openstreetmap.org/relation/9525,Paris 12e Arrondissement,75112
https://www.openstreetmap.org/node/4271243602,https://www.openstreetmap.org/relation/11832293,Rue Chaligny,https://www.openstreetmap.org/relation/9525,Paris 12e Arrondissement,75112
https://www.openstreetmap.org/node/4275494905,https://www.openstreetmap.org/relation/11832302,Rue Roland Barthes,https://www.openstreetmap.org/relation/9525,Paris 12e Arrondissement,75112
https://www.openstreetmap.org/node/4275494906,https://www.openstreetmap.org/relation/11832302,Rue Roland Barthes,https://www.openstreetmap.org/relation/9525,Paris 12e Arrondissement,75112
https://www.openstreetmap.org/node/428032271,https://www.openstreetmap.org/relation/11832486,Place d'Aligre,https://www.openstreetmap.org/relation/9525,Paris 12e Arrondissement,75112
https://www.openstreetmap.org/node/428038700,https://www.openstreetmap.org/relation/11831919,Rue Faidherbe,https://www.openstreetmap.org/relation/9533,Paris 11e Arrondissement,75111
https://www.openstreetmap.org/node/428039924,https://www.openstreetmap.org/relation/11832476,Rue Crozatier,https://www.openstreetmap.org/relation/9525,Paris 12e Arrondissement,75112
https://www.openstreetmap.org/node/428040083,https://www.openstreetmap.org/relation/11832338,Rue Beccaria,https://www.openstreetmap.org/relation/9525,Paris 12e Arrondissement,75112
https://www.openstreetmap.org/node/428040493,https://www.openstreetmap.org/relation/11832556,Rue de Cotte,https://www.openstreetmap.org/relation/9525,Paris 12e Arrondissement,75112
https://www.openstreetmap.org/node/428048443,https://www.openstreetmap.org/relation/11832293,Rue Chaligny,https://www.openstreetmap.org/relation/9525,Paris 12e Arrondissement,75112
https://www.openstreetmap.org/node/428064680,https://www.openstreetmap.org/relation/11831861,Passage de la Main d'Or,https://www.openstreetmap.org/relation/9533,Paris 11e Arrondissement,75111
https://www.openstreetmap.org/node/428064695,https://www.openstreetmap.org/relation/11831860,Rue de la Main d'Or,https://www.openstreetmap.org/relation/9533,Paris 11e Arrondissement,75111
https://www.openstreetmap.org/node/428132767,https://www.openstreetmap.org/relation/11832268,Boulevard Diderot,https://www.openstreetmap.org/relation/9525,Paris 12e Arrondissement,75112
https://www.openstreetmap.org/node/428133145,https://www.openstreetmap.org/relation/11831919,Rue Faidherbe,https://www.openstreetmap.org/relation/9533,Paris 11e Arrondissement,75111
https://www.openstreetmap.org/node/428163878,https://www.openstreetmap.org/relation/11831919,Rue Faidherbe,https://www.openstreetmap.org/relation/9533,Paris 11e Arrondissement,75111
https://www.openstreetmap.org/node/4299148795,https://www.openstreetmap.org/relation/11831859,Cour de la Maison Brûlée,https://www.openstreetmap.org/relation/9533,Paris 11e Arrondissement,75111
https://www.openstreetmap.org/node/4364471972,https://www.openstreetmap.org/relation/11832293,Rue Chaligny,https://www.openstreetmap.org/relation/9525,Paris 12e Arrondissement,75112
https://www.openstreetmap.org/node/4405905297,https://www.openstreetmap.org/relation/6949984,Rue du Faubourg Saint-Antoine,https://www.openstreetmap.org/relation/9525,Paris 12e Arrondissement,75112
https://www.openstreetmap.org/node/4604869997,https://www.openstreetmap.org/relation/11828820,Boulevard Morland,https://www.openstreetmap.org/relation/9597,Paris 4e Arrondissement,75104
https://www.openstreetmap.org/node/4624356489,https://www.openstreetmap.org/relation/11828797,Rue du Pas de la Mule,https://www.openstreetmap.org/relation/20742,Paris 3e Arrondissement,75103
https://www.openstreetmap.org/node/4705447996,https://www.openstreetmap.org/relation/11832534,Avenue Daumesnil,https://www.openstreetmap.org/relation/9525,Paris 12e Arrondissement,75112
https://www.openstreetmap.org/node/4841263321,https://www.openstreetmap.org/relation/11832556,Rue de Cotte,https://www.openstreetmap.org/relation/9525,Paris 12e Arrondissement,75112
https://www.openstreetmap.org/node/4841263421,https://www.openstreetmap.org/relation/11832556,Rue de Cotte,https://www.openstreetmap.org/relation/9525,Paris 12e Arrondissement,75112
https://www.openstreetmap.org/node/4841276725,https://www.openstreetmap.org/relation/11832476,Rue Crozatier,https://www.openstreetmap.org/relation/9525,Paris 12e Arrondissement,75112
https://www.openstreetmap.org/node/4841378922,https://www.openstreetmap.org/relation/11832556,Rue de Cotte,https://www.openstreetmap.org/relation/9525,Paris 12e Arrondissement,75112
https://www.openstreetmap.org/node/4858064651,https://www.openstreetmap.org/relation/11831780,Rue Saint-Bernard,https://www.openstreetmap.org/relation/9533,Paris 11e Arrondissement,75111
https://www.openstreetmap.org/node/486121563,https://www.openstreetmap.org/relation/11832293,Rue Chaligny,https://www.openstreetmap.org/relation/9525,Paris 12e Arrondissement,75112
https://www.openstreetmap.org/node/4907843989,https://www.openstreetmap.org/relation/11832618,Passage Raguinot,https://www.openstreetmap.org/relation/9525,Paris 12e Arrondissement,75112
https://www.openstreetmap.org/node/4907843990,https://www.openstreetmap.org/relation/7324527,Rue Maurice Denis,https://www.openstreetmap.org/relation/9525,Paris 12e Arrondissement,75112
https://www.openstreetmap.org/node/4907843991,https://www.openstreetmap.org/relation/7324527,Rue Maurice Denis,https://www.openstreetmap.org/relation/9525,Paris 12e Arrondissement,75112
https://www.openstreetmap.org/node/4907843992,https://www.openstreetmap.org/relation/7324527,Rue Maurice Denis,https://www.openstreetmap.org/relation/9525,Paris 12e Arrondissement,75112
https://www.openstreetmap.org/node/4907843993,https://www.openstreetmap.org/relation/7324527,Rue Maurice Denis,https://www.openstreetmap.org/relation/9525,Paris 12e Arrondissement,75112
https://www.openstreetmap.org/node/4907843994,https://www.openstreetmap.org/relation/7324528,Place Rutebeuf,https://www.openstreetmap.org/relation/9525,Paris 12e Arrondissement,75112
https://www.openstreetmap.org/node/4907843995,https://www.openstreetmap.org/relation/7324528,Place Rutebeuf,https://www.openstreetmap.org/relation/9525,Paris 12e Arrondissement,75112
https://www.openstreetmap.org/node/4907843996,https://www.openstreetmap.org/relation/7324528,Place Rutebeuf,https://www.openstreetmap.org/relation/9525,Paris 12e Arrondissement,75112
https://www.openstreetmap.org/node/4909369400,https://www.openstreetmap.org/relation/11828825,Rue Saint-Paul,https://www.openstreetmap.org/relation/9597,Paris 4e Arrondissement,75104
https://www.openstreetmap.org/node/4909369403,https://www.openstreetmap.org/relation/11828825,Rue Saint-Paul,https://www.openstreetmap.org/relation/9597,Paris 4e Arrondissement,75104
https://www.openstreetmap.org/node/4909369405,https://www.openstreetmap.org/relation/11828825,Rue Saint-Paul,https://www.openstreetmap.org/relation/9597,Paris 4e Arrondissement,75104
https://www.openstreetmap.org/node/4916335118,https://www.openstreetmap.org/relation/11832476,Rue Crozatier,https://www.openstreetmap.org/relation/9525,Paris 12e Arrondissement,75112
https://www.openstreetmap.org/node/4916336354,https://www.openstreetmap.org/relation/11832476,Rue Crozatier,https://www.openstreetmap.org/relation/9525,Paris 12e Arrondissement,75112
https://www.openstreetmap.org/node/4919837923,https://www.openstreetmap.org/relation/11832556,Rue de Cotte,https://www.openstreetmap.org/relation/9525,Paris 12e Arrondissement,75112
https://www.openstreetmap.org/node/4928636411,https://www.openstreetmap.org/relation/11832268,Boulevard Diderot,https://www.openstreetmap.org/relation/9525,Paris 12e Arrondissement,75112
https://www.openstreetmap.org/node/4952663459,https://www.openstreetmap.org/relation/11832268,Boulevard Diderot,https://www.openstreetmap.org/relation/9525,Paris 12e Arrondissement,75112
https://www.openstreetmap.org/node/4966187139,https://www.openstreetmap.org/relation/11832572,Rue de Lyon,https://www.openstreetmap.org/relation/9525,Paris 12e Arrondissement,75112
https://www.openstreetmap.org/node/4991953450,https://www.openstreetmap.org/relation/11828895,Boulevard Bourdon,https://www.openstreetmap.org/relation/9597,Paris 4e Arrondissement,75104
https://www.openstreetmap.org/node/4991953451,https://www.openstreetmap.org/relation/11828895,Boulevard Bourdon,https://www.openstreetmap.org/relation/9597,Paris 4e Arrondissement,75104
https://www.openstreetmap.org/node/5023043114,https://www.openstreetmap.org/relation/6949984,Rue du Faubourg Saint-Antoine,https://www.openstreetmap.org/relation/9533,Paris 11e Arrondissement,75111
https://www.openstreetmap.org/node/5026068722,https://www.openstreetmap.org/relation/11831742,Rue Trousseau,https://www.openstreetmap.org/relation/9533,Paris 11e Arrondissement,75111
https://www.openstreetmap.org/node/5080236421,https://www.openstreetmap.org/relation/11828816,Rue Jean Beausire,https://www.openstreetmap.org/relation/9597,Paris 4e Arrondissement,75104
https://www.openstreetmap.org/node/508588085,https://www.openstreetmap.org/relation/11832385,Rue de Reuilly,https://www.openstreetmap.org/relation/9525,Paris 12e Arrondissement,75112
https://www.openstreetmap.org/node/508588158,https://www.openstreetmap.org/relation/11831780,Rue Saint-Bernard,https://www.openstreetmap.org/relation/9533,Paris 11e Arrondissement,75111
https://www.openstreetmap.org/node/508588172,https://www.openstreetmap.org/relation/11832455,Rue d'Aligre,https://www.openstreetmap.org/relation/9525,Paris 12e Arrondissement,75112
https://www.openstreetmap.org/node/508588181,https://www.openstreetmap.org/relation/11832556,Rue de Cotte,https://www.openstreetmap.org/relation/9525,Paris 12e Arrondissement,75112
https://www.openstreetmap.org/node/508597067,https://www.openstreetmap.org/relation/11832455,Rue d'Aligre,https://www.openstreetmap.org/relation/9525,Paris 12e Arrondissement,75112
https://www.openstreetmap.org/node/5094920523,https://www.openstreetmap.org/relation/11832373,Rue Van Gogh,https://www.openstreetmap.org/relation/9525,Paris 12e Arrondissement,75112
https://www.openstreetmap.org/node/5097577715,https://www.openstreetmap.org/relation/6949984,Rue du Faubourg Saint-Antoine,https://www.openstreetmap.org/relation/9533,Paris 11e Arrondissement,75111
https://www.openstreetmap.org/node/5150136177,https://www.openstreetmap.org/relation/11832455,Rue d'Aligre,https://www.openstreetmap.org/relation/9525,Paris 12e Arrondissement,75112
https://www.openstreetmap.org/node/5245859167,https://www.openstreetmap.org/relation/11831820,Rue Paul Bert,https://www.openstreetmap.org/relation/9533,Paris 11e Arrondissement,75111
https://www.openstreetmap.org/node/5249646022,https://www.openstreetmap.org/relation/6782337,Boulevard Voltaire,https://www.openstreetmap.org/relation/9533,Paris 11e Arrondissement,75111
https://www.openstreetmap.org/node/5286075924,https://www.openstreetmap.org/relation/11831742,Rue Trousseau,https://www.openstreetmap.org/relation/9533,Paris 11e Arrondissement,75111
https://www.openstreetmap.org/node/5286145721,https://www.openstreetmap.org/relation/4835750,Rue Richard Lenoir,https://www.openstreetmap.org/relation/9533,Paris 11e Arrondissement,75111
https://www.openstreetmap.org/node/530275195,https://www.openstreetmap.org/relation/11832534,Avenue Daumesnil,https://www.openstreetmap.org/relation/9525,Paris 12e Arrondissement,75112
https://www.openstreetmap.org/node/530751136,https://www.openstreetmap.org/relation/11832572,Rue de Lyon,https://www.openstreetmap.org/relation/9525,Paris 12e Arrondissement,75112
https://www.openstreetmap.org/node/530751145,https://www.openstreetmap.org/relation/11832317,Rue Parrot,https://www.openstreetmap.org/relation/9525,Paris 12e Arrondissement,75112
https://www.openstreetmap.org/node/531497617,https://www.openstreetmap.org/relation/11832455,Rue d'Aligre,https://www.openstreetmap.org/relation/9525,Paris 12e Arrondissement,75112
https://www.openstreetmap.org/node/534908405,https://www.openstreetmap.org/relation/11832268,Boulevard Diderot,https://www.openstreetmap.org/relation/9525,Paris 12e Arrondissement,75112
https://www.openstreetmap.org/node/534909894,https://www.openstreetmap.org/relation/11832268,Boulevard Diderot,https://www.openstreetmap.org/relation/9525,Paris 12e Arrondissement,75112
https://www.openstreetmap.org/node/534916265,https://www.openstreetmap.org/relation/11832317,Rue Parrot,https://www.openstreetmap.org/relation/9525,Paris 12e Arrondissement,75112
https://www.openstreetmap.org/node/534916435,https://www.openstreetmap.org/relation/11832317,Rue Parrot,https://www.openstreetmap.org/relation/9525,Paris 12e Arrondissement,75112
https://www.openstreetmap.org/node/535869178,https://www.openstreetmap.org/relation/11832559,Rue d'Austerlitz,https://www.openstreetmap.org/relation/9525,Paris 12e Arrondissement,75112
https://www.openstreetmap.org/node/535941817,https://www.openstreetmap.org/relation/11832268,Boulevard Diderot,https://www.openstreetmap.org/relation/9525,Paris 12e Arrondissement,75112
https://www.openstreetmap.org/node/5493190130,https://www.openstreetmap.org/relation/11832476,Rue Crozatier,https://www.openstreetmap.org/relation/9525,Paris 12e Arrondissement,75112
https://www.openstreetmap.org/node/5505805046,https://www.openstreetmap.org/relation/11832394,Rue Michel Chasles,https://www.openstreetmap.org/relation/9525,Paris 12e Arrondissement,75112
https://www.openstreetmap.org/node/5580109076,https://www.openstreetmap.org/relation/11832293,Rue Chaligny,https://www.openstreetmap.org/relation/9525,Paris 12e Arrondissement,75112
https://www.openstreetmap.org/node/5615254722,https://www.openstreetmap.org/relation/11831742,Rue Trousseau,https://www.openstreetmap.org/relation/9533,Paris 11e Arrondissement,75111
https://www.openstreetmap.org/node/5615254723,https://www.openstreetmap.org/relation/11831742,Rue Trousseau,https://www.openstreetmap.org/relation/9533,Paris 11e Arrondissement,75111
https://www.openstreetmap.org/node/5615261723,https://www.openstreetmap.org/relation/11832430,Rue Antoine Vollon,https://www.openstreetmap.org/relation/9525,Paris 12e Arrondissement,75112
https://www.openstreetmap.org/node/5654134858,https://www.openstreetmap.org/relation/11832384,Rue de Bercy,https://www.openstreetmap.org/relation/9525,Paris 12e Arrondissement,75112
https://www.openstreetmap.org/node/5658877860,https://www.openstreetmap.org/relation/11832534,Avenue Daumesnil,https://www.openstreetmap.org/relation/9525,Paris 12e Arrondissement,75112
https://www.openstreetmap.org/node/5678413918,https://www.openstreetmap.org/relation/6949984,Rue du Faubourg Saint-Antoine,https://www.openstreetmap.org/relation/9533,Paris 11e Arrondissement,75111
https://www.openstreetmap.org/node/5708358432,https://www.openstreetmap.org/relation/11832540,Quai de la Rapée,https://www.openstreetmap.org/relation/9525,Paris 12e Arrondissement,75112
https://www.openstreetmap.org/node/5743940227,https://www.openstreetmap.org/relation/11832268,Boulevard Diderot,https://www.openstreetmap.org/relation/9525,Paris 12e Arrondissement,75112
https://www.openstreetmap.org/node/5745855520,https://www.openstreetmap.org/relation/11832513,Rue de Rambouillet,https://www.openstreetmap.org/relation/9525,Paris 12e Arrondissement,75112
https://www.openstreetmap.org/node/5787321094,https://www.openstreetmap.org/relation/11832268,Boulevard Diderot,https://www.openstreetmap.org/relation/9525,Paris 12e Arrondissement,75112
https://www.openstreetmap.org/node/5787321095,https://www.openstreetmap.org/relation/11832268,Boulevard Diderot,https://www.openstreetmap.org/relation/9525,Paris 12e Arrondissement,75112
https://www.openstreetmap.org/node/5856400137,https://www.openstreetmap.org/relation/11832268,Boulevard Diderot,https://www.openstreetmap.org/relation/9525,Paris 12e Arrondissement,75112
https://www.openstreetmap.org/node/5856400138,https://www.openstreetmap.org/relation/11832268,Boulevard Diderot,https://www.openstreetmap.org/relation/9525,Paris 12e Arrondissement,75112
https://www.openstreetmap.org/node/5856400140,https://www.openstreetmap.org/relation/11832268,Boulevard Diderot,https://www.openstreetmap.org/relation/9525,Paris 12e Arrondissement,75112
https://www.openstreetmap.org/node/5860686110,https://www.openstreetmap.org/relation/11832268,Boulevard Diderot,https://www.openstreetmap.org/relation/9525,Paris 12e Arrondissement,75112
https://www.openstreetmap.org/node/586568216,https://www.openstreetmap.org/relation/11828797,Rue du Pas de la Mule,https://www.openstreetmap.org/relation/9597,Paris 4e Arrondissement,75104
https://www.openstreetmap.org/node/5868203553,https://www.openstreetmap.org/relation/11832268,Boulevard Diderot,https://www.openstreetmap.org/relation/9525,Paris 12e Arrondissement,75112
https://www.openstreetmap.org/node/5878425006,https://www.openstreetmap.org/relation/11831982,Rue Basfroi,https://www.openstreetmap.org/relation/9533,Paris 11e Arrondissement,75111
https://www.openstreetmap.org/node/589485677,https://www.openstreetmap.org/relation/11831820,Rue Paul Bert,https://www.openstreetmap.org/relation/9533,Paris 11e Arrondissement,75111
https://www.openstreetmap.org/node/5915863985,https://www.openstreetmap.org/relation/11832276,Rue Villiot,https://www.openstreetmap.org/relation/9525,Paris 12e Arrondissement,75112
https://www.openstreetmap.org/node/5918167585,https://www.openstreetmap.org/relation/11832455,Rue d'Aligre,https://www.openstreetmap.org/relation/9525,Paris 12e Arrondissement,75112
https://www.openstreetmap.org/node/5940610693,https://www.openstreetmap.org/relation/11832294,Rue Saint-Nicolas,https://www.openstreetmap.org/relation/9525,Paris 12e Arrondissement,75112
https://www.openstreetmap.org/node/6002372144,https://www.openstreetmap.org/relation/11831876,Rue Jules Vallès,https://www.openstreetmap.org/relation/9533,Paris 11e Arrondissement,75111
https://www.openstreetmap.org/node/6025772037,https://www.openstreetmap.org/relation/11832486,Place d'Aligre,https://www.openstreetmap.org/relation/9525,Paris 12e Arrondissement,75112
https://www.openstreetmap.org/node/6035252386,https://www.openstreetmap.org/relation/11828852,Rue Castex,https://www.openstreetmap.org/relation/9597,Paris 4e Arrondissement,75104
https://www.openstreetmap.org/node/6066959124,https://www.openstreetmap.org/relation/4835750,Rue Richard Lenoir,https://www.openstreetmap.org/relation/9533,Paris 11e Arrondissement,75111
https://www.openstreetmap.org/node/6104173736,https://www.openstreetmap.org/relation/6949984,Rue du Faubourg Saint-Antoine,https://www.openstreetmap.org/relation/9533,Paris 11e Arrondissement,75111
https://www.openstreetmap.org/node/6270714964,https://www.openstreetmap.org/relation/11832359,Rue Abel,https://www.openstreetmap.org/relation/9525,Paris 12e Arrondissement,75112
https://www.openstreetmap.org/node/6272993898,https://www.openstreetmap.org/relation/11832276,Rue Villiot,https://www.openstreetmap.org/relation/9525,Paris 12e Arrondissement,75112
https://www.openstreetmap.org/node/632026103,https://www.openstreetmap.org/relation/6948539,Rue Saint-Antoine,https://www.openstreetmap.org/relation/9597,Paris 4e Arrondissement,75104
https://www.openstreetmap.org/node/6386811636,https://www.openstreetmap.org/relation/11831787,Cité de la Roquette,https://www.openstreetmap.org/relation/9533,Paris 11e Arrondissement,75111
https://www.openstreetmap.org/node/6531553285,https://www.openstreetmap.org/relation/11828777,Rue de Schomberg,https://www.openstreetmap.org/relation/9597,Paris 4e Arrondissement,75104
https://www.openstreetmap.org/node/6532198447,https://www.openstreetmap.org/relation/11828849,Quai Henri IV,https://www.openstreetmap.org/relation/9597,Paris 4e Arrondissement,75104
https://www.openstreetmap.org/node/6532198448,https://www.openstreetmap.org/relation/11828849,Quai Henri IV,https://www.openstreetmap.org/relation/9597,Paris 4e Arrondissement,75104
https://www.openstreetmap.org/node/6535967729,https://www.openstreetmap.org/relation/11831912,Rue de la Forge Royale,https://www.openstreetmap.org/relation/9533,Paris 11e Arrondissement,75111
https://www.openstreetmap.org/node/6549902849,https://www.openstreetmap.org/relation/6949984,Rue du Faubourg Saint-Antoine,https://www.openstreetmap.org/relation/9525,Paris 12e Arrondissement,75112
https://www.openstreetmap.org/node/6553485585,https://www.openstreetmap.org/relation/6949984,Rue du Faubourg Saint-Antoine,https://www.openstreetmap.org/relation/9533,Paris 11e Arrondissement,75111
https://www.openstreetmap.org/node/667304745,https://www.openstreetmap.org/relation/6949986,Avenue Ledru-Rollin,https://www.openstreetmap.org/relation/9525,Paris 12e Arrondissement,75112
https://www.openstreetmap.org/node/6766354949,https://www.openstreetmap.org/relation/11832556,Rue de Cotte,https://www.openstreetmap.org/relation/9525,Paris 12e Arrondissement,75112
https://www.openstreetmap.org/node/6937134125,https://www.openstreetmap.org/relation/11832317,Rue Parrot,https://www.openstreetmap.org/relation/9525,Paris 12e Arrondissement,75112
https://www.openstreetmap.org/node/697074881,https://www.openstreetmap.org/relation/11832433,Rue de Charenton,https://www.openstreetmap.org/relation/9525,Paris 12e Arrondissement,75112
https://www.openstreetmap.org/node/7022089148,https://www.openstreetmap.org/relation/6949984,Rue du Faubourg Saint-Antoine,https://www.openstreetmap.org/relation/9525,Paris 12e Arrondissement,75112
https://www.openstreetmap.org/node/703460732,https://www.openstreetmap.org/relation/11828748,Rue Necker,https://www.openstreetmap.org/relation/9597,Paris 4e Arrondissement,75104
https://www.openstreetmap.org/node/703460749,https://www.openstreetmap.org/relation/11828826,Rue d'Ormesson,https://www.openstreetmap.org/relation/9597,Paris 4e Arrondissement,75104
https://www.openstreetmap.org/node/703460760,https://www.openstreetmap.org/relation/11828826,Rue d'Ormesson,https://www.openstreetmap.org/relation/9597,Paris 4e Arrondissement,75104
https://www.openstreetmap.org/node/703460767,https://www.openstreetmap.org/relation/14944688,Rue de Turenne,https://www.openstreetmap.org/relation/9597,Paris 4e Arrondissement,75104
https://www.openstreetmap.org/node/703460773,https://www.openstreetmap.org/relation/14944688,Rue de Turenne,https://www.openstreetmap.org/relation/9597,Paris 4e Arrondissement,75104
https://www.openstreetmap.org/node/703460799,https://www.openstreetmap.org/relation/11828748,Rue Necker,https://www.openstreetmap.org/relation/9597,Paris 4e Arrondissement,75104
https://www.openstreetmap.org/node/703460802,https://www.openstreetmap.org/relation/14944688,Rue de Turenne,https://www.openstreetmap.org/relation/9597,Paris 4e Arrondissement,75104
https://www.openstreetmap.org/node/703460827,https://www.openstreetmap.org/relation/14944688,Rue de Turenne,https://www.openstreetmap.org/relation/9597,Paris 4e Arrondissement,75104
https://www.openstreetmap.org/node/703460840,https://www.openstreetmap.org/relation/14944688,Rue de Turenne,https://www.openstreetmap.org/relation/9597,Paris 4e Arrondissement,75104
https://www.openstreetmap.org/node/703460899,https://www.openstreetmap.org/relation/11828845,Rue de Jarente,https://www.openstreetmap.org/relation/9597,Paris 4e Arrondissement,75104
https://www.openstreetmap.org/node/703460919,https://www.openstreetmap.org/relation/14944688,Rue de Turenne,https://www.openstreetmap.org/relation/9597,Paris 4e Arrondissement,75104
https://www.openstreetmap.org/node/703460950,https://www.openstreetmap.org/relation/6948539,Rue Saint-Antoine,https://www.openstreetmap.org/relation/9597,Paris 4e Arrondissement,75104
https://www.openstreetmap.org/node/703460957,https://www.openstreetmap.org/relation/14944688,Rue de Turenne,https://www.openstreetmap.org/relation/9597,Paris 4e Arrondissement,75104
https://www.openstreetmap.org/node/703461042,https://www.openstreetmap.org/relation/6948539,Rue Saint-Antoine,https://www.openstreetmap.org/relation/9597,Paris 4e Arrondissement,75104
https://www.openstreetmap.org/node/703461066,https://www.openstreetmap.org/relation/6948539,Rue Saint-Antoine,https://www.openstreetmap.org/relation/9597,Paris 4e Arrondissement,75104
https://www.openstreetmap.org/node/703486103,https://www.openstreetmap.org/relation/11828845,Rue de Jarente,https://www.openstreetmap.org/relation/9597,Paris 4e Arrondissement,75104
https://www.openstreetmap.org/node/703486184,https://www.openstreetmap.org/relation/14944688,Rue de Turenne,https://www.openstreetmap.org/relation/9597,Paris 4e Arrondissement,75104
https://www.openstreetmap.org/node/703486240,https://www.openstreetmap.org/relation/14944688,Rue de Turenne,https://www.openstreetmap.org/relation/9597,Paris 4e Arrondissement,75104
https://www.openstreetmap.org/node/703486250,https://www.openstreetmap.org/relation/11828867,Rue des Francs Bourgeois,https://www.openstreetmap.org/relation/9597,Paris 4e Arrondissement,75104
https://www.openstreetmap.org/node/703486255,https://www.openstreetmap.org/relation/14944688,Rue de Turenne,https://www.openstreetmap.org/relation/9597,Paris 4e Arrondissement,75104
https://www.openstreetmap.org/node/703486272,https://www.openstreetmap.org/relation/14944688,Rue de Turenne,https://www.openstreetmap.org/relation/9597,Paris 4e Arrondissement,75104
https://www.openstreetmap.org/node/703486332,https://www.openstreetmap.org/relation/14944688,Rue de Turenne,https://www.openstreetmap.org/relation/9597,Paris 4e Arrondissement,75104
https://www.openstreetmap.org/node/703486429,https://www.openstreetmap.org/relation/14944688,Rue de Turenne,https://www.openstreetmap.org/relation/9597,Paris 4e Arrondissement,75104
https://www.openstreetmap.org/node/7036278204,https://www.openstreetmap.org/relation/11831982,Rue Basfroi,https://www.openstreetmap.org/relation/9533,Paris 11e Arrondissement,75111
https://www.openstreetmap.org/node/703837517,https://www.openstreetmap.org/relation/11828882,Impasse Guéménée,https://www.openstreetmap.org/relation/9597,Paris 4e Arrondissement,75104
https://www.openstreetmap.org/node/703854225,https://www.openstreetmap.org/relation/11828765,Place des Vosges,https://www.openstreetmap.org/relation/9597,Paris 4e Arrondissement,75104
https://www.openstreetmap.org/node/703854232,https://www.openstreetmap.org/relation/11828765,Place des Vosges,https://www.openstreetmap.org/relation/9597,Paris 4e Arrondissement,75104
https://www.openstreetmap.org/node/703854235,https://www.openstreetmap.org/relation/11828765,Place des Vosges,https://www.openstreetmap.org/relation/9597,Paris 4e Arrondissement,75104
https://www.openstreetmap.org/node/703854256,https://www.openstreetmap.org/relation/11828765,Place des Vosges,https://www.openstreetmap.org/relation/9597,Paris 4e Arrondissement,75104
https://www.openstreetmap.org/node/703854259,https://www.openstreetmap.org/relation/11828765,Place des Vosges,https://www.openstreetmap.org/relation/9597,Paris 4e Arrondissement,75104
https://www.openstreetmap.org/node/703854263,https://www.openstreetmap.org/relation/11828765,Place des Vosges,https://www.openstreetmap.org/relation/9597,Paris 4e Arrondissement,75104
https://www.openstreetmap.org/node/703854265,https://www.openstreetmap.org/relation/11828765,Place des Vosges,https://www.openstreetmap.org/relation/9597,Paris 4e Arrondissement,75104
https://www.openstreetmap.org/node/703854270,https://www.openstreetmap.org/relation/11828765,Place des Vosges,https://www.openstreetmap.org/relation/9597,Paris 4e Arrondissement,75104
https://www.openstreetmap.org/node/703854273,https://www.openstreetmap.org/relation/11828765,Place des Vosges,https://www.openstreetmap.org/relation/9597,Paris 4e Arrondissement,75104
https://www.openstreetmap.org/node/703854276,https://www.openstreetmap.org/relation/11828765,Place des Vosges,https://www.openstreetmap.org/relation/9597,Paris 4e Arrondissement,75104
https://www.openstreetmap.org/node/703854278,https://www.openstreetmap.org/relation/11828765,Place des Vosges,https://www.openstreetmap.org/relation/9597,Paris 4e Arrondissement,75104
https://www.openstreetmap.org/node/703854281,https://www.openstreetmap.org/relation/11828765,Place des Vosges,https://www.openstreetmap.org/relation/9597,Paris 4e Arrondissement,75104
https://www.openstreetmap.org/node/703854283,https://www.openstreetmap.org/relation/11828765,Place des Vosges,https://www.openstreetmap.org/relation/9597,Paris 4e Arrondissement,75104
https://www.openstreetmap.org/node/703854284,https://www.openstreetmap.org/relation/11828765,Place des Vosges,https://www.openstreetmap.org/relation/9597,Paris 4e Arrondissement,75104
https://www.openstreetmap.org/node/703854285,https://www.openstreetmap.org/relation/11828765,Place des Vosges,https://www.openstreetmap.org/relation/9597,Paris 4e Arrondissement,75104
https://www.openstreetmap.org/node/703854286,https://www.openstreetmap.org/relation/11828765,Place des Vosges,https://www.openstreetmap.org/relation/9597,Paris 4e Arrondissement,75104
https://www.openstreetmap.org/node/703854287,https://www.openstreetmap.org/relation/11828765,Place des Vosges,https://www.openstreetmap.org/relation/9597,Paris 4e Arrondissement,75104
https://www.openstreetmap.org/node/703854289,https://www.openstreetmap.org/relation/11828765,Place des Vosges,https://www.openstreetmap.org/relation/9597,Paris 4e Arrondissement,75104
https://www.openstreetmap.org/node/703854292,https://www.openstreetmap.org/relation/11828765,Place des Vosges,https://www.openstreetmap.org/relation/9597,Paris 4e Arrondissement,75104
https://www.openstreetmap.org/node/703854295,https://www.openstreetmap.org/relation/11828765,Place des Vosges,https://www.openstreetmap.org/relation/9597,Paris 4e Arrondissement,75104
https://www.openstreetmap.org/node/703854297,https://www.openstreetmap.org/relation/11828765,Place des Vosges,https://www.openstreetmap.org/relation/9597,Paris 4e Arrondissement,75104
https://www.openstreetmap.org/node/703854300,https://www.openstreetmap.org/relation/11828765,Place des Vosges,https://www.openstreetmap.org/relation/9597,Paris 4e Arrondissement,75104
https://www.openstreetmap.org/node/703870749,https://www.openstreetmap.org/relation/11828838,Cour Bérard,https://www.openstreetmap.org/relation/9597,Paris 4e Arrondissement,75104
https://www.openstreetmap.org/node/703870759,https://www.openstreetmap.org/relation/6948539,Rue Saint-Antoine,https://www.openstreetmap.org/relation/9597,Paris 4e Arrondissement,75104
https://www.openstreetmap.org/node/703870766,https://www.openstreetmap.org/relation/14944688,Rue de Turenne,https://www.openstreetmap.org/relation/9597,Paris 4e Arrondissement,75104
https://www.openstreetmap.org/node/703870770,https://www.openstreetmap.org/relation/6948539,Rue Saint-Antoine,https://www.openstreetmap.org/relation/9597,Paris 4e Arrondissement,75104
https://www.openstreetmap.org/node/703870771,https://www.openstreetmap.org/relation/14944688,Rue de Turenne,https://www.openstreetmap.org/relation/9597,Paris 4e Arrondissement,75104
https://www.openstreetmap.org/node/703870772,https://www.openstreetmap.org/relation/11828857,Rue des Tournelles,https://www.openstreetmap.org/relation/9597,Paris 4e Arrondissement,75104
https://www.openstreetmap.org/node/703870774,https://www.openstreetmap.org/relation/11828797,Rue du Pas de la Mule,https://www.openstreetmap.org/relation/9597,Paris 4e Arrondissement,75104
https://www.openstreetmap.org/node/703870775,https://www.openstreetmap.org/relation/11828797,Rue du Pas de la Mule,https://www.openstreetmap.org/relation/9597,Paris 4e Arrondissement,75104
https://www.openstreetmap.org/node/703870776,https://www.openstreetmap.org/relation/11828857,Rue des Tournelles,https://www.openstreetmap.org/relation/9597,Paris 4e Arrondissement,75104
https://www.openstreetmap.org/node/703870777,https://www.openstreetmap.org/relation/6948539,Rue Saint-Antoine,https://www.openstreetmap.org/relation/9597,Paris 4e Arrondissement,75104
https://www.openstreetmap.org/node/703870781,https://www.openstreetmap.org/relation/11828857,Rue des Tournelles,https://www.openstreetmap.org/relation/9597,Paris 4e Arrondissement,75104
https://www.openstreetmap.org/node/703870785,https://www.openstreetmap.org/relation/11828857,Rue des Tournelles,https://www.openstreetmap.org/relation/9597,Paris 4e Arrondissement,75104
https://www.openstreetmap.org/node/703870787,https://www.openstreetmap.org/relation/11828871,Rue de Birague,https://www.openstreetmap.org/relation/9597,Paris 4e Arrondissement,75104
https://www.openstreetmap.org/node/703870801,https://www.openstreetmap.org/relation/11828857,Rue des Tournelles,https://www.openstreetmap.org/relation/9597,Paris 4e Arrondissement,75104
https://www.openstreetmap.org/node/703870803,https://www.openstreetmap.org/relation/11828882,Impasse Guéménée,https://www.openstreetmap.org/relation/9597,Paris 4e Arrondissement,75104
https://www.openstreetmap.org/node/703870807,https://www.openstreetmap.org/relation/11828871,Rue de Birague,https://www.openstreetmap.org/relation/9597,Paris 4e Arrondissement,75104
https://www.openstreetmap.org/node/703870811,https://www.openstreetmap.org/relation/6948539,Rue Saint-Antoine,https://www.openstreetmap.org/relation/9597,Paris 4e Arrondissement,75104
https://www.openstreetmap.org/node/703870814,https://www.openstreetmap.org/relation/11828882,Impasse Guéménée,https://www.openstreetmap.org/relation/9597,Paris 4e Arrondissement,75104
https://www.openstreetmap.org/node/703870816,https://www.openstreetmap.org/relation/6948539,Rue Saint-Antoine,https://www.openstreetmap.org/relation/9597,Paris 4e Arrondissement,75104
https://www.openstreetmap.org/node/703870819,https://www.openstreetmap.org/relation/6948539,Rue Saint-Antoine,https://www.openstreetmap.org/relation/9597,Paris 4e Arrondissement,75104
https://www.openstreetmap.org/node/703870824,https://www.openstreetmap.org/relation/6948539,Rue Saint-Antoine,https://www.openstreetmap.org/relation/9597,Paris 4e Arrondissement,75104
https://www.openstreetmap.org/node/703870826,https://www.openstreetmap.org/relation/11828857,Rue des Tournelles,https://www.openstreetmap.org/relation/9597,Paris 4e Arrondissement,75104
https://www.openstreetmap.org/node/703870829,https://www.openstreetmap.org/relation/6948539,Rue Saint-Antoine,https://www.openstreetmap.org/relation/9597,Paris 4e Arrondissement,75104
https://www.openstreetmap.org/node/703870832,https://www.openstreetmap.org/relation/14944688,Rue de Turenne,https://www.openstreetmap.org/relation/9597,Paris 4e Arrondissement,75104
https://www.openstreetmap.org/node/703870835,https://www.openstreetmap.org/relation/11828882,Impasse Guéménée,https://www.openstreetmap.org/relation/9597,Paris 4e Arrondissement,75104
https://www.openstreetmap.org/node/703870839,https://www.openstreetmap.org/relation/11828871,Rue de Birague,https://www.openstreetmap.org/relation/9597,Paris 4e Arrondissement,75104
https://www.openstreetmap.org/node/703870841,https://www.openstreetmap.org/relation/6948539,Rue Saint-Antoine,https://www.openstreetmap.org/relation/9597,Paris 4e Arrondissement,75104
https://www.openstreetmap.org/node/703870844,https://www.openstreetmap.org/relation/6948539,Rue Saint-Antoine,https://www.openstreetmap.org/relation/9597,Paris 4e Arrondissement,75104
https://www.openstreetmap.org/node/703870847,https://www.openstreetmap.org/relation/11828838,Cour Bérard,https://www.openstreetmap.org/relation/9597,Paris 4e Arrondissement,75104
https://www.openstreetmap.org/node/703870852,https://www.openstreetmap.org/relation/6948539,Rue Saint-Antoine,https://www.openstreetmap.org/relation/9597,Paris 4e Arrondissement,75104
https://www.openstreetmap.org/node/703870855,https://www.openstreetmap.org/relation/6948539,Rue Saint-Antoine,https://www.openstreetmap.org/relation/9597,Paris 4e Arrondissement,75104
https://www.openstreetmap.org/node/703870858,https://www.openstreetmap.org/relation/6948539,Rue Saint-Antoine,https://www.openstreetmap.org/relation/9597,Paris 4e Arrondissement,75104
https://www.openstreetmap.org/node/703870861,https://www.openstreetmap.org/relation/11828857,Rue des Tournelles,https://www.openstreetmap.org/relation/9597,Paris 4e Arrondissement,75104
https://www.openstreetmap.org/node/703870863,https://www.openstreetmap.org/relation/6948539,Rue Saint-Antoine,https://www.openstreetmap.org/relation/9597,Paris 4e Arrondissement,75104
https://www.openstreetmap.org/node/703870865,https://www.openstreetmap.org/relation/11828857,Rue des Tournelles,https://www.openstreetmap.org/relation/9597,Paris 4e Arrondissement,75104
https://www.openstreetmap.org/node/703870866,https://www.openstreetmap.org/relation/6948539,Rue Saint-Antoine,https://www.openstreetmap.org/relation/9597,Paris 4e Arrondissement,75104
https://www.openstreetmap.org/node/703870867,https://www.openstreetmap.org/relation/6948539,Rue Saint-Antoine,https://www.openstreetmap.org/relation/9597,Paris 4e Arrondissement,75104
https://www.openstreetmap.org/node/703870868,https://www.openstreetmap.org/relation/11828797,Rue du Pas de la Mule,https://www.openstreetmap.org/relation/9597,Paris 4e Arrondissement,75104
https://www.openstreetmap.org/node/703870869,https://www.openstreetmap.org/relation/11828882,Impasse Guéménée,https://www.openstreetmap.org/relation/9597,Paris 4e Arrondissement,75104
https://www.openstreetmap.org/node/703870870,https://www.openstreetmap.org/relation/11828867,Rue des Francs Bourgeois,https://www.openstreetmap.org/relation/9597,Paris 4e Arrondissement,75104
https://www.openstreetmap.org/node/703870871,https://www.openstreetmap.org/relation/11828857,Rue des Tournelles,https://www.openstreetmap.org/relation/9597,Paris 4e Arrondissement,75104
https://www.openstreetmap.org/node/703870873,https://www.openstreetmap.org/relation/11828857,Rue des Tournelles,https://www.openstreetmap.org/relation/9597,Paris 4e Arrondissement,75104
https://www.openstreetmap.org/node/703870874,https://www.openstreetmap.org/relation/11828882,Impasse Guéménée,https://www.openstreetmap.org/relation/9597,Paris 4e Arrondissement,75104
https://www.openstreetmap.org/node/703870875,https://www.openstreetmap.org/relation/11828871,Rue de Birague,https://www.openstreetmap.org/relation/9597,Paris 4e Arrondissement,75104
https://www.openstreetmap.org/node/703870876,https://www.openstreetmap.org/relation/6948539,Rue Saint-Antoine,https://www.openstreetmap.org/relation/9597,Paris 4e Arrondissement,75104
https://www.openstreetmap.org/node/703870878,https://www.openstreetmap.org/relation/11828882,Impasse Guéménée,https://www.openstreetmap.org/relation/9597,Paris 4e Arrondissement,75104
https://www.openstreetmap.org/node/703870879,https://www.openstreetmap.org/relation/11828871,Rue de Birague,https://www.openstreetmap.org/relation/9597,Paris 4e Arrondissement,75104
https://www.openstreetmap.org/node/703870880,https://www.openstreetmap.org/relation/11828871,Rue de Birague,https://www.openstreetmap.org/relation/9597,Paris 4e Arrondissement,75104
https://www.openstreetmap.org/node/703870881,https://www.openstreetmap.org/relation/11828838,Cour Bérard,https://www.openstreetmap.org/relation/9597,Paris 4e Arrondissement,75104
https://www.openstreetmap.org/node/703870882,https://www.openstreetmap.org/relation/6948539,Rue Saint-Antoine,https://www.openstreetmap.org/relation/9597,Paris 4e Arrondissement,75104
https://www.openstreetmap.org/node/703870883,https://www.openstreetmap.org/relation/6948539,Rue Saint-Antoine,https://www.openstreetmap.org/relation/9597,Paris 4e Arrondissement,75104
https://www.openstreetmap.org/node/703870884,https://www.openstreetmap.org/relation/11828882,Impasse Guéménée,https://www.openstreetmap.org/relation/9597,Paris 4e Arrondissement,75104
https://www.openstreetmap.org/node/703870885,https://www.openstreetmap.org/relation/6948539,Rue Saint-Antoine,https://www.openstreetmap.org/relation/9597,Paris 4e Arrondissement,75104
https://www.openstreetmap.org/node/703870886,https://www.openstreetmap.org/relation/11828871,Rue de Birague,https://www.openstreetmap.org/relation/9597,Paris 4e Arrondissement,75104
https://www.openstreetmap.org/node/703870887,https://www.openstreetmap.org/relation/11828871,Rue de Birague,https://www.openstreetmap.org/relation/9597,Paris 4e Arrondissement,75104
https://www.openstreetmap.org/node/703870888,https://www.openstreetmap.org/relation/14944688,Rue de Turenne,https://www.openstreetmap.org/relation/9597,Paris 4e Arrondissement,75104
https://www.openstreetmap.org/node/703870889,https://www.openstreetmap.org/relation/11828871,Rue de Birague,https://www.openstreetmap.org/relation/9597,Paris 4e Arrondissement,75104
https://www.openstreetmap.org/node/703870890,https://www.openstreetmap.org/relation/11828838,Cour Bérard,https://www.openstreetmap.org/relation/9597,Paris 4e Arrondissement,75104
https://www.openstreetmap.org/node/703870891,https://www.openstreetmap.org/relation/14944688,Rue de Turenne,https://www.openstreetmap.org/relation/9597,Paris 4e Arrondissement,75104
https://www.openstreetmap.org/node/703870892,https://www.openstreetmap.org/relation/11828882,Impasse Guéménée,https://www.openstreetmap.org/relation/9597,Paris 4e Arrondissement,75104
https://www.openstreetmap.org/node/703870893,https://www.openstreetmap.org/relation/6948539,Rue Saint-Antoine,https://www.openstreetmap.org/relation/9597,Paris 4e Arrondissement,75104
https://www.openstreetmap.org/node/703870896,https://www.openstreetmap.org/relation/14944688,Rue de Turenne,https://www.openstreetmap.org/relation/9597,Paris 4e Arrondissement,75104
https://www.openstreetmap.org/node/703870897,https://www.openstreetmap.org/relation/6948539,Rue Saint-Antoine,https://www.openstreetmap.org/relation/9597,Paris 4e Arrondissement,75104
https://www.openstreetmap.org/node/703870899,https://www.openstreetmap.org/relation/14944688,Rue de Turenne,https://www.openstreetmap.org/relation/9597,Paris 4e Arrondissement,75104
https://www.openstreetmap.org/node/703870900,https://www.openstreetmap.org/relation/11828857,Rue des Tournelles,https://www.openstreetmap.org/relation/9597,Paris 4e Arrondissement,75104
https://www.openstreetmap.org/node/703870901,https://www.openstreetmap.org/relation/6948539,Rue Saint-Antoine,https://www.openstreetmap.org/relation/9597,Paris 4e Arrondissement,75104
https://www.openstreetmap.org/node/703870902,https://www.openstreetmap.org/relation/11828857,Rue des Tournelles,https://www.openstreetmap.org/relation/9597,Paris 4e Arrondissement,75104
https://www.openstreetmap.org/node/703870904,https://www.openstreetmap.org/relation/11828882,Impasse Guéménée,https://www.openstreetmap.org/relation/9597,Paris 4e Arrondissement,75104
https://www.openstreetmap.org/node/703870905,https://www.openstreetmap.org/relation/11828871,Rue de Birague,https://www.openstreetmap.org/relation/9597,Paris 4e Arrondissement,75104
https://www.openstreetmap.org/node/703870906,https://www.openstreetmap.org/relation/6948539,Rue Saint-Antoine,https://www.openstreetmap.org/relation/9597,Paris 4e Arrondissement,75104
https://www.openstreetmap.org/node/703870907,https://www.openstreetmap.org/relation/6948539,Rue Saint-Antoine,https://www.openstreetmap.org/relation/9597,Paris 4e Arrondissement,75104
https://www.openstreetmap.org/node/703870908,https://www.openstreetmap.org/relation/6948539,Rue Saint-Antoine,https://www.openstreetmap.org/relation/9597,Paris 4e Arrondissement,75104
https://www.openstreetmap.org/node/703870909,https://www.openstreetmap.org/relation/11828882,Impasse Guéménée,https://www.openstreetmap.org/relation/9597,Paris 4e Arrondissement,75104
https://www.openstreetmap.org/node/703870910,https://www.openstreetmap.org/relation/6948539,Rue Saint-Antoine,https://www.openstreetmap.org/relation/9597,Paris 4e Arrondissement,75104
https://www.openstreetmap.org/node/703870911,https://www.openstreetmap.org/relation/14944688,Rue de Turenne,https://www.openstreetmap.org/relation/9597,Paris 4e Arrondissement,75104
https://www.openstreetmap.org/node/703870912,https://www.openstreetmap.org/relation/11828871,Rue de Birague,https://www.openstreetmap.org/relation/9597,Paris 4e Arrondissement,75104
https://www.openstreetmap.org/node/703870913,https://www.openstreetmap.org/relation/6948539,Rue Saint-Antoine,https://www.openstreetmap.org/relation/9597,Paris 4e Arrondissement,75104
https://www.openstreetmap.org/node/703870914,https://www.openstreetmap.org/relation/6948539,Rue Saint-Antoine,https://www.openstreetmap.org/relation/9597,Paris 4e Arrondissement,75104
https://www.openstreetmap.org/node/703870915,https://www.openstreetmap.org/relation/11828882,Impasse Guéménée,https://www.openstreetmap.org/relation/9597,Paris 4e Arrondissement,75104
https://www.openstreetmap.org/node/703870916,https://www.openstreetmap.org/relation/11828857,Rue des Tournelles,https://www.openstreetmap.org/relation/9597,Paris 4e Arrondissement,75104
https://www.openstreetmap.org/node/703870917,https://www.openstreetmap.org/relation/11828797,Rue du Pas de la Mule,https://www.openstreetmap.org/relation/9597,Paris 4e Arrondissement,75104
https://www.openstreetmap.org/node/703870919,https://www.openstreetmap.org/relation/14944688,Rue de Turenne,https://www.openstreetmap.org/relation/9597,Paris 4e Arrondissement,75104
https://www.openstreetmap.org/node/703870920,https://www.openstreetmap.org/relation/11828857,Rue des Tournelles,https://www.openstreetmap.org/relation/9597,Paris 4e Arrondissement,75104
https://www.openstreetmap.org/node/703870921,https://www.openstreetmap.org/relation/11828882,Impasse Guéménée,https://www.openstreetmap.org/relation/9597,Paris 4e Arrondissement,75104
https://www.openstreetmap.org/node/703870922,https://www.openstreetmap.org/relation/11828857,Rue des Tournelles,https://www.openstreetmap.org/relation/9597,Paris 4e Arrondissement,75104
https://www.openstreetmap.org/node/703870925,https://www.openstreetmap.org/relation/11828857,Rue des Tournelles,https://www.openstreetmap.org/relation/9597,Paris 4e Arrondissement,75104
https://www.openstreetmap.org/node/703870926,https://www.openstreetmap.org/relation/11828882,Impasse Guéménée,https://www.openstreetmap.org/relation/9597,Paris 4e Arrondissement,75104
https://www.openstreetmap.org/node/703870927,https://www.openstreetmap.org/relation/11828871,Rue de Birague,https://www.openstreetmap.org/relation/9597,Paris 4e Arrondissement,75104
https://www.openstreetmap.org/node/703870928,https://www.openstreetmap.org/relation/6948539,Rue Saint-Antoine,https://www.openstreetmap.org/relation/9597,Paris 4e Arrondissement,75104
https://www.openstreetmap.org/node/703870929,https://www.openstreetmap.org/relation/6948539,Rue Saint-Antoine,https://www.openstreetmap.org/relation/9597,Paris 4e Arrondissement,75104
https://www.openstreetmap.org/node/703870930,https://www.openstreetmap.org/relation/11828871,Rue de Birague,https://www.openstreetmap.org/relation/9597,Paris 4e Arrondissement,75104
https://www.openstreetmap.org/node/703870931,https://www.openstreetmap.org/relation/11828838,Cour Bérard,https://www.openstreetmap.org/relation/9597,Paris 4e Arrondissement,75104
https://www.openstreetmap.org/node/703870932,https://www.openstreetmap.org/relation/14944688,Rue de Turenne,https://www.openstreetmap.org/relation/9597,Paris 4e Arrondissement,75104
https://www.openstreetmap.org/node/703870933,https://www.openstreetmap.org/relation/11828871,Rue de Birague,https://www.openstreetmap.org/relation/9597,Paris 4e Arrondissement,75104
https://www.openstreetmap.org/node/703870934,https://www.openstreetmap.org/relation/6948539,Rue Saint-Antoine,https://www.openstreetmap.org/relation/9597,Paris 4e Arrondissement,75104
https://www.openstreetmap.org/node/703870936,https://www.openstreetmap.org/relation/11828871,Rue de Birague,https://www.openstreetmap.org/relation/9597,Paris 4e Arrondissement,75104
https://www.openstreetmap.org/node/703870937,https://www.openstreetmap.org/relation/14944688,Rue de Turenne,https://www.openstreetmap.org/relation/9597,Paris 4e Arrondissement,75104
https://www.openstreetmap.org/node/703876600,https://www.openstreetmap.org/relation/11828856,Rue de la Bastille,https://www.openstreetmap.org/relation/9597,Paris 4e Arrondissement,75104
https://www.openstreetmap.org/node/703987647,https://www.openstreetmap.org/relation/11828816,Rue Jean Beausire,https://www.openstreetmap.org/relation/9597,Paris 4e Arrondissement,75104
https://www.openstreetmap.org/node/703987661,https://www.openstreetmap.org/relation/11828797,Rue du Pas de la Mule,https://www.openstreetmap.org/relation/9597,Paris 4e Arrondissement,75104
https://www.openstreetmap.org/node/703987756,https://www.openstreetmap.org/relation/11828816,Rue Jean Beausire,https://www.openstreetmap.org/relation/9597,Paris 4e Arrondissement,75104
https://www.openstreetmap.org/node/703987768,https://www.openstreetmap.org/relation/11828857,Rue des Tournelles,https://www.openstreetmap.org/relation/9597,Paris 4e Arrondissement,75104
https://www.openstreetmap.org/node/703987795,https://www.openstreetmap.org/relation/6948541,Boulevard Beaumarchais,https://www.openstreetmap.org/relation/9597,Paris 4e Arrondissement,75104
https://www.openstreetmap.org/node/703987809,https://www.openstreetmap.org/relation/11828857,Rue des Tournelles,https://www.openstreetmap.org/relation/9597,Paris 4e Arrondissement,75104
https://www.openstreetmap.org/node/703987832,https://www.openstreetmap.org/relation/6948541,Boulevard Beaumarchais,https://www.openstreetmap.org/relation/9597,Paris 4e Arrondissement,75104
https://www.openstreetmap.org/node/703987843,https://www.openstreetmap.org/relation/11828779,Impasse Jean Beausire,https://www.openstreetmap.org/relation/9597,Paris 4e Arrondissement,75104
https://www.openstreetmap.org/node/703987847,https://www.openstreetmap.org/relation/11828857,Rue des Tournelles,https://www.openstreetmap.org/relation/9597,Paris 4e Arrondissement,75104
https://www.openstreetmap.org/node/703987859,https://www.openstreetmap.org/relation/11828797,Rue du Pas de la Mule,https://www.openstreetmap.org/relation/9597,Paris 4e Arrondissement,75104
https://www.openstreetmap.org/node/703987893,https://www.openstreetmap.org/relation/11828857,Rue des Tournelles,https://www.openstreetmap.org/relation/9597,Paris 4e Arrondissement,75104
https://www.openstreetmap.org/node/703987899,https://www.openstreetmap.org/relation/11828857,Rue des Tournelles,https://www.openstreetmap.org/relation/9597,Paris 4e Arrondissement,75104
https://www.openstreetmap.org/node/703987902,https://www.openstreetmap.org/relation/6948541,Boulevard Beaumarchais,https://www.openstreetmap.org/relation/9597,Paris 4e Arrondissement,75104
https://www.openstreetmap.org/node/703987906,https://www.openstreetmap.org/relation/11828779,Impasse Jean Beausire,https://www.openstreetmap.org/relation/9597,Paris 4e Arrondissement,75104
https://www.openstreetmap.org/node/703987909,https://www.openstreetmap.org/relation/11828856,Rue de la Bastille,https://www.openstreetmap.org/relation/9597,Paris 4e Arrondissement,75104
https://www.openstreetmap.org/node/703987939,https://www.openstreetmap.org/relation/11828816,Rue Jean Beausire,https://www.openstreetmap.org/relation/9597,Paris 4e Arrondissement,75104
https://www.openstreetmap.org/node/703987941,https://www.openstreetmap.org/relation/11828816,Rue Jean Beausire,https://www.openstreetmap.org/relation/9597,Paris 4e Arrondissement,75104
https://www.openstreetmap.org/node/703987946,https://www.openstreetmap.org/relation/11828857,Rue des Tournelles,https://www.openstreetmap.org/relation/9597,Paris 4e Arrondissement,75104
https://www.openstreetmap.org/node/703987973,https://www.openstreetmap.org/relation/11828816,Rue Jean Beausire,https://www.openstreetmap.org/relation/9597,Paris 4e Arrondissement,75104
https://www.openstreetmap.org/node/703987989,https://www.openstreetmap.org/relation/6948541,Boulevard Beaumarchais,https://www.openstreetmap.org/relation/9597,Paris 4e Arrondissement,75104
https://www.openstreetmap.org/node/703988001,https://www.openstreetmap.org/relation/11828856,Rue de la Bastille,https://www.openstreetmap.org/relation/9597,Paris 4e Arrondissement,75104
https://www.openstreetmap.org/node/703988037,https://www.openstreetmap.org/relation/11828816,Rue Jean Beausire,https://www.openstreetmap.org/relation/9597,Paris 4e Arrondissement,75104
https://www.openstreetmap.org/node/703988041,https://www.openstreetmap.org/relation/6948541,Boulevard Beaumarchais,https://www.openstreetmap.org/relation/9597,Paris 4e Arrondissement,75104
https://www.openstreetmap.org/node/703988050,https://www.openstreetmap.org/relation/11828816,Rue Jean Beausire,https://www.openstreetmap.org/relation/9597,Paris 4e Arrondissement,75104
https://www.openstreetmap.org/node/703988054,https://www.openstreetmap.org/relation/11828857,Rue des Tournelles,https://www.openstreetmap.org/relation/9597,Paris 4e Arrondissement,75104
https://www.openstreetmap.org/node/703988057,https://www.openstreetmap.org/relation/11828857,Rue des Tournelles,https://www.openstreetmap.org/relation/9597,Paris 4e Arrondissement,75104
https://www.openstreetmap.org/node/703988070,https://www.openstreetmap.org/relation/11828816,Rue Jean Beausire,https://www.openstreetmap.org/relation/9597,Paris 4e Arrondissement,75104
https://www.openstreetmap.org/node/703988111,https://www.openstreetmap.org/relation/11828779,Impasse Jean Beausire,https://www.openstreetmap.org/relation/9597,Paris 4e Arrondissement,75104
https://www.openstreetmap.org/node/703988149,https://www.openstreetmap.org/relation/11828816,Rue Jean Beausire,https://www.openstreetmap.org/relation/9597,Paris 4e Arrondissement,75104
https://www.openstreetmap.org/node/703988179,https://www.openstreetmap.org/relation/11828856,Rue de la Bastille,https://www.openstreetmap.org/relation/9597,Paris 4e Arrondissement,75104
https://www.openstreetmap.org/node/703988197,https://www.openstreetmap.org/relation/11828857,Rue des Tournelles,https://www.openstreetmap.org/relation/9597,Paris 4e Arrondissement,75104
https://www.openstreetmap.org/node/703988204,https://www.openstreetmap.org/relation/11828816,Rue Jean Beausire,https://www.openstreetmap.org/relation/9597,Paris 4e Arrondissement,75104
https://www.openstreetmap.org/node/703988226,https://www.openstreetmap.org/relation/11828816,Rue Jean Beausire,https://www.openstreetmap.org/relation/9597,Paris 4e Arrondissement,75104
https://www.openstreetmap.org/node/703988235,https://www.openstreetmap.org/relation/11828857,Rue des Tournelles,https://www.openstreetmap.org/relation/9597,Paris 4e Arrondissement,75104
https://www.openstreetmap.org/node/703988274,https://www.openstreetmap.org/relation/11828857,Rue des Tournelles,https://www.openstreetmap.org/relation/9597,Paris 4e Arrondissement,75104
https://www.openstreetmap.org/node/703988287,https://www.openstreetmap.org/relation/6948541,Boulevard Beaumarchais,https://www.openstreetmap.org/relation/9597,Paris 4e Arrondissement,75104
https://www.openstreetmap.org/node/703988296,https://www.openstreetmap.org/relation/6948541,Boulevard Beaumarchais,https://www.openstreetmap.org/relation/9597,Paris 4e Arrondissement,75104
https://www.openstreetmap.org/node/703988312,https://www.openstreetmap.org/relation/6948541,Boulevard Beaumarchais,https://www.openstreetmap.org/relation/9597,Paris 4e Arrondissement,75104
https://www.openstreetmap.org/node/703988318,https://www.openstreetmap.org/relation/11828816,Rue Jean Beausire,https://www.openstreetmap.org/relation/9597,Paris 4e Arrondissement,75104
https://www.openstreetmap.org/node/703988321,https://www.openstreetmap.org/relation/11828857,Rue des Tournelles,https://www.openstreetmap.org/relation/9597,Paris 4e Arrondissement,75104
https://www.openstreetmap.org/node/703988327,https://www.openstreetmap.org/relation/11828816,Rue Jean Beausire,https://www.openstreetmap.org/relation/9597,Paris 4e Arrondissement,75104
https://www.openstreetmap.org/node/703988340,https://www.openstreetmap.org/relation/11828857,Rue des Tournelles,https://www.openstreetmap.org/relation/9597,Paris 4e Arrondissement,75104
https://www.openstreetmap.org/node/703988381,https://www.openstreetmap.org/relation/11828857,Rue des Tournelles,https://www.openstreetmap.org/relation/9597,Paris 4e Arrondissement,75104
https://www.openstreetmap.org/node/703988407,https://www.openstreetmap.org/relation/6948541,Boulevard Beaumarchais,https://www.openstreetmap.org/relation/9597,Paris 4e Arrondissement,75104
https://www.openstreetmap.org/node/703988413,https://www.openstreetmap.org/relation/11828816,Rue Jean Beausire,https://www.openstreetmap.org/relation/9597,Paris 4e Arrondissement,75104
https://www.openstreetmap.org/node/703988430,https://www.openstreetmap.org/relation/11828779,Impasse Jean Beausire,https://www.openstreetmap.org/relation/9597,Paris 4e Arrondissement,75104
https://www.openstreetmap.org/node/703988478,https://www.openstreetmap.org/relation/11828797,Rue du Pas de la Mule,https://www.openstreetmap.org/relation/9597,Paris 4e Arrondissement,75104
https://www.openstreetmap.org/node/703988494,https://www.openstreetmap.org/relation/6948541,Boulevard Beaumarchais,https://www.openstreetmap.org/relation/9597,Paris 4e Arrondissement,75104
https://www.openstreetmap.org/node/703988512,https://www.openstreetmap.org/relation/6948541,Boulevard Beaumarchais,https://www.openstreetmap.org/relation/9597,Paris 4e Arrondissement,75104
https://www.openstreetmap.org/node/703988519,https://www.openstreetmap.org/relation/11828779,Impasse Jean Beausire,https://www.openstreetmap.org/relation/9597,Paris 4e Arrondissement,75104
https://www.openstreetmap.org/node/703988524,https://www.openstreetmap.org/relation/11828856,Rue de la Bastille,https://www.openstreetmap.org/relation/9597,Paris 4e Arrondissement,75104
https://www.openstreetmap.org/node/703988533,https://www.openstreetmap.org/relation/11828857,Rue des Tournelles,https://www.openstreetmap.org/relation/9597,Paris 4e Arrondissement,75104
https://www.openstreetmap.org/node/703988535,https://www.openstreetmap.org/relation/6948541,Boulevard Beaumarchais,https://www.openstreetmap.org/relation/9597,Paris 4e Arrondissement,75104
https://www.openstreetmap.org/node/703988541,https://www.openstreetmap.org/relation/11828816,Rue Jean Beausire,https://www.openstreetmap.org/relation/9597,Paris 4e Arrondissement,75104
https://www.openstreetmap.org/node/703988572,https://www.openstreetmap.org/relation/11828816,Rue Jean Beausire,https://www.openstreetmap.org/relation/9597,Paris 4e Arrondissement,75104
https://www.openstreetmap.org/node/703988607,https://www.openstreetmap.org/relation/6948541,Boulevard Beaumarchais,https://www.openstreetmap.org/relation/9597,Paris 4e Arrondissement,75104
https://www.openstreetmap.org/node/703988611,https://www.openstreetmap.org/relation/11828857,Rue des Tournelles,https://www.openstreetmap.org/relation/9597,Paris 4e Arrondissement,75104
https://www.openstreetmap.org/node/703988633,https://www.openstreetmap.org/relation/11828816,Rue Jean Beausire,https://www.openstreetmap.org/relation/9597,Paris 4e Arrondissement,75104
https://www.openstreetmap.org/node/703988641,https://www.openstreetmap.org/relation/11828816,Rue Jean Beausire,https://www.openstreetmap.org/relation/9597,Paris 4e Arrondissement,75104
https://www.openstreetmap.org/node/703988643,https://www.openstreetmap.org/relation/11828857,Rue des Tournelles,https://www.openstreetmap.org/relation/9597,Paris 4e Arrondissement,75104
https://www.openstreetmap.org/node/703988663,https://www.openstreetmap.org/relation/11828816,Rue Jean Beausire,https://www.openstreetmap.org/relation/9597,Paris 4e Arrondissement,75104
https://www.openstreetmap.org/node/703988670,https://www.openstreetmap.org/relation/6948541,Boulevard Beaumarchais,https://www.openstreetmap.org/relation/9597,Paris 4e Arrondissement,75104
https://www.openstreetmap.org/node/703988675,https://www.openstreetmap.org/relation/11828816,Rue Jean Beausire,https://www.openstreetmap.org/relation/9597,Paris 4e Arrondissement,75104
https://www.openstreetmap.org/node/703988688,https://www.openstreetmap.org/relation/11828857,Rue des Tournelles,https://www.openstreetmap.org/relation/9597,Paris 4e Arrondissement,75104
https://www.openstreetmap.org/node/703988738,https://www.openstreetmap.org/relation/11828857,Rue des Tournelles,https://www.openstreetmap.org/relation/9597,Paris 4e Arrondissement,75104
https://www.openstreetmap.org/node/703988741,https://www.openstreetmap.org/relation/6948541,Boulevard Beaumarchais,https://www.openstreetmap.org/relation/9597,Paris 4e Arrondissement,75104
https://www.openstreetmap.org/node/703988783,https://www.openstreetmap.org/relation/11828797,Rue du Pas de la Mule,https://www.openstreetmap.org/relation/9597,Paris 4e Arrondissement,75104
https://www.openstreetmap.org/node/703988789,https://www.openstreetmap.org/relation/11828857,Rue des Tournelles,https://www.openstreetmap.org/relation/9597,Paris 4e Arrondissement,75104
https://www.openstreetmap.org/node/704094770,https://www.openstreetmap.org/relation/6948539,Rue Saint-Antoine,https://www.openstreetmap.org/relation/9597,Paris 4e Arrondissement,75104
https://www.openstreetmap.org/node/704094786,https://www.openstreetmap.org/relation/11828856,Rue de la Bastille,https://www.openstreetmap.org/relation/9597,Paris 4e Arrondissement,75104
https://www.openstreetmap.org/node/704094824,https://www.openstreetmap.org/relation/11828856,Rue de la Bastille,https://www.openstreetmap.org/relation/9597,Paris 4e Arrondissement,75104
https://www.openstreetmap.org/node/704094851,https://www.openstreetmap.org/relation/11828760,Place de la Bastille,https://www.openstreetmap.org/relation/9597,Paris 4e Arrondissement,75104
https://www.openstreetmap.org/node/704094874,https://www.openstreetmap.org/relation/6948539,Rue Saint-Antoine,https://www.openstreetmap.org/relation/9597,Paris 4e Arrondissement,75104
https://www.openstreetmap.org/node/704094998,https://www.openstreetmap.org/relation/11828857,Rue des Tournelles,https://www.openstreetmap.org/relation/9597,Paris 4e Arrondissement,75104
https://www.openstreetmap.org/node/704095034,https://www.openstreetmap.org/relation/6948539,Rue Saint-Antoine,https://www.openstreetmap.org/relation/9597,Paris 4e Arrondissement,75104
https://www.openstreetmap.org/node/704095057,https://www.openstreetmap.org/relation/11828760,Place de la Bastille,https://www.openstreetmap.org/relation/9597,Paris 4e Arrondissement,75104
https://www.openstreetmap.org/node/704095074,https://www.openstreetmap.org/relation/11828856,Rue de la Bastille,https://www.openstreetmap.org/relation/9597,Paris 4e Arrondissement,75104
https://www.openstreetmap.org/node/704095079,https://www.openstreetmap.org/relation/6948539,Rue Saint-Antoine,https://www.openstreetmap.org/relation/9597,Paris 4e Arrondissement,75104
https://www.openstreetmap.org/node/704095116,https://www.openstreetmap.org/relation/11828856,Rue de la Bastille,https://www.openstreetmap.org/relation/9597,Paris 4e Arrondissement,75104
https://www.openstreetmap.org/node/7046303002,https://www.openstreetmap.org/relation/11831874,Rue Keller,https://www.openstreetmap.org/relation/9533,Paris 11e Arrondissement,75111
https://www.openstreetmap.org/node/7046303003,https://www.openstreetmap.org/relation/11831874,Rue Keller,https://www.openstreetmap.org/relation/9533,Paris 11e Arrondissement,75111
https://www.openstreetmap.org/node/704819466,https://www.openstreetmap.org/relation/11828825,Rue Saint-Paul,https://www.openstreetmap.org/relation/9597,Paris 4e Arrondissement,75104
https://www.openstreetmap.org/node/704819617,https://www.openstreetmap.org/relation/11828825,Rue Saint-Paul,https://www.openstreetmap.org/relation/9597,Paris 4e Arrondissement,75104
https://www.openstreetmap.org/node/704819718,https://www.openstreetmap.org/relation/11828825,Rue Saint-Paul,https://www.openstreetmap.org/relation/9597,Paris 4e Arrondissement,75104
https://www.openstreetmap.org/node/704819757,https://www.openstreetmap.org/relation/11828825,Rue Saint-Paul,https://www.openstreetmap.org/relation/9597,Paris 4e Arrondissement,75104
https://www.openstreetmap.org/node/704819833,https://www.openstreetmap.org/relation/1865118,Rue Charlemagne,https://www.openstreetmap.org/relation/9597,Paris 4e Arrondissement,75104
https://www.openstreetmap.org/node/704819857,https://www.openstreetmap.org/relation/11828825,Rue Saint-Paul,https://www.openstreetmap.org/relation/9597,Paris 4e Arrondissement,75104
https://www.openstreetmap.org/node/704819860,https://www.openstreetmap.org/relation/11828825,Rue Saint-Paul,https://www.openstreetmap.org/relation/9597,Paris 4e Arrondissement,75104
https://www.openstreetmap.org/node/704819944,https://www.openstreetmap.org/relation/11828825,Rue Saint-Paul,https://www.openstreetmap.org/relation/9597,Paris 4e Arrondissement,75104
https://www.openstreetmap.org/node/704819949,https://www.openstreetmap.org/relation/11828825,Rue Saint-Paul,https://www.openstreetmap.org/relation/9597,Paris 4e Arrondissement,75104
https://www.openstreetmap.org/node/704820002,https://www.openstreetmap.org/relation/11828853,Rue Eginhard,https://www.openstreetmap.org/relation/9597,Paris 4e Arrondissement,75104
https://www.openstreetmap.org/node/704820032,https://www.openstreetmap.org/relation/11828825,Rue Saint-Paul,https://www.openstreetmap.org/relation/9597,Paris 4e Arrondissement,75104
https://www.openstreetmap.org/node/704820157,https://www.openstreetmap.org/relation/11828825,Rue Saint-Paul,https://www.openstreetmap.org/relation/9597,Paris 4e Arrondissement,75104
https://www.openstreetmap.org/node/704820207,https://www.openstreetmap.org/relation/11828825,Rue Saint-Paul,https://www.openstreetmap.org/relation/9597,Paris 4e Arrondissement,75104
https://www.openstreetmap.org/node/704820395,https://www.openstreetmap.org/relation/11828825,Rue Saint-Paul,https://www.openstreetmap.org/relation/9597,Paris 4e Arrondissement,75104
https://www.openstreetmap.org/node/704820620,https://www.openstreetmap.org/relation/11828825,Rue Saint-Paul,https://www.openstreetmap.org/relation/9597,Paris 4e Arrondissement,75104
https://www.openstreetmap.org/node/704887438,https://www.openstreetmap.org/relation/11828769,Rue de l'Ave Maria,https://www.openstreetmap.org/relation/9597,Paris 4e Arrondissement,75104
https://www.openstreetmap.org/node/704887484,https://www.openstreetmap.org/relation/11828825,Rue Saint-Paul,https://www.openstreetmap.org/relation/9597,Paris 4e Arrondissement,75104
https://www.openstreetmap.org/node/704887501,https://www.openstreetmap.org/relation/11828825,Rue Saint-Paul,https://www.openstreetmap.org/relation/9597,Paris 4e Arrondissement,75104
https://www.openstreetmap.org/node/705056059,https://www.openstreetmap.org/relation/11828825,Rue Saint-Paul,https://www.openstreetmap.org/relation/9597,Paris 4e Arrondissement,75104
https://www.openstreetmap.org/node/705056062,https://www.openstreetmap.org/relation/11828820,Boulevard Morland,https://www.openstreetmap.org/relation/9597,Paris 4e Arrondissement,75104
https://www.openstreetmap.org/node/705056070,https://www.openstreetmap.org/relation/11828825,Rue Saint-Paul,https://www.openstreetmap.org/relation/9597,Paris 4e Arrondissement,75104
https://www.openstreetmap.org/node/705056099,https://www.openstreetmap.org/relation/11828811,Boulevard Henri IV,https://www.openstreetmap.org/relation/9597,Paris 4e Arrondissement,75104
https://www.openstreetmap.org/node/705056102,https://www.openstreetmap.org/relation/11828828,Rue Agrippa d'Aubigné,https://www.openstreetmap.org/relation/9597,Paris 4e Arrondissement,75104
https://www.openstreetmap.org/node/705056112,https://www.openstreetmap.org/relation/11828811,Boulevard Henri IV,https://www.openstreetmap.org/relation/9597,Paris 4e Arrondissement,75104
https://www.openstreetmap.org/node/705056171,https://www.openstreetmap.org/relation/11828849,Quai Henri IV,https://www.openstreetmap.org/relation/9597,Paris 4e Arrondissement,75104
https://www.openstreetmap.org/node/705056183,https://www.openstreetmap.org/relation/11828828,Rue Agrippa d'Aubigné,https://www.openstreetmap.org/relation/9597,Paris 4e Arrondissement,75104
https://www.openstreetmap.org/node/705056191,https://www.openstreetmap.org/relation/11828825,Rue Saint-Paul,https://www.openstreetmap.org/relation/9597,Paris 4e Arrondissement,75104
https://www.openstreetmap.org/node/705056235,https://www.openstreetmap.org/relation/11828828,Rue Agrippa d'Aubigné,https://www.openstreetmap.org/relation/9597,Paris 4e Arrondissement,75104
https://www.openstreetmap.org/node/705056243,https://www.openstreetmap.org/relation/11828828,Rue Agrippa d'Aubigné,https://www.openstreetmap.org/relation/9597,Paris 4e Arrondissement,75104
https://www.openstreetmap.org/node/705056259,https://www.openstreetmap.org/relation/11828849,Quai Henri IV,https://www.openstreetmap.org/relation/9597,Paris 4e Arrondissement,75104
https://www.openstreetmap.org/node/705056264,https://www.openstreetmap.org/relation/11828825,Rue Saint-Paul,https://www.openstreetmap.org/relation/9597,Paris 4e Arrondissement,75104
https://www.openstreetmap.org/node/705056271,https://www.openstreetmap.org/relation/11828825,Rue Saint-Paul,https://www.openstreetmap.org/relation/9597,Paris 4e Arrondissement,75104
https://www.openstreetmap.org/node/705056277,https://www.openstreetmap.org/relation/11828825,Rue Saint-Paul,https://www.openstreetmap.org/relation/9597,Paris 4e Arrondissement,75104
https://www.openstreetmap.org/node/705056311,https://www.openstreetmap.org/relation/11828825,Rue Saint-Paul,https://www.openstreetmap.org/relation/9597,Paris 4e Arrondissement,75104
https://www.openstreetmap.org/node/705056330,https://www.openstreetmap.org/relation/11828825,Rue Saint-Paul,https://www.openstreetmap.org/relation/9597,Paris 4e Arrondissement,75104
https://www.openstreetmap.org/node/705056334,https://www.openstreetmap.org/relation/11828849,Quai Henri IV,https://www.openstreetmap.org/relation/9597,Paris 4e Arrondissement,75104
https://www.openstreetmap.org/node/705056368,https://www.openstreetmap.org/relation/1865118,Rue Charlemagne,https://www.openstreetmap.org/relation/9597,Paris 4e Arrondissement,75104
https://www.openstreetmap.org/node/705056386,https://www.openstreetmap.org/relation/11828820,Boulevard Morland,https://www.openstreetmap.org/relation/9597,Paris 4e Arrondissement,75104
https://www.openstreetmap.org/node/705056409,https://www.openstreetmap.org/relation/11828825,Rue Saint-Paul,https://www.openstreetmap.org/relation/9597,Paris 4e Arrondissement,75104
https://www.openstreetmap.org/node/705056411,https://www.openstreetmap.org/relation/11828849,Quai Henri IV,https://www.openstreetmap.org/relation/9597,Paris 4e Arrondissement,75104
https://www.openstreetmap.org/node/705056416,https://www.openstreetmap.org/relation/11828769,Rue de l'Ave Maria,https://www.openstreetmap.org/relation/9597,Paris 4e Arrondissement,75104
https://www.openstreetmap.org/node/705056432,https://www.openstreetmap.org/relation/11828811,Boulevard Henri IV,https://www.openstreetmap.org/relation/9597,Paris 4e Arrondissement,75104
https://www.openstreetmap.org/node/705056436,https://www.openstreetmap.org/relation/11828825,Rue Saint-Paul,https://www.openstreetmap.org/relation/9597,Paris 4e Arrondissement,75104
https://www.openstreetmap.org/node/705182014,https://www.openstreetmap.org/relation/11828825,Rue Saint-Paul,https://www.openstreetmap.org/relation/9597,Paris 4e Arrondissement,75104
https://www.openstreetmap.org/node/705182060,https://www.openstreetmap.org/relation/11828794,Rue Jules Cousin,https://www.openstreetmap.org/relation/9597,Paris 4e Arrondissement,75104
https://www.openstreetmap.org/node/705182098,https://www.openstreetmap.org/relation/11828822,Rue des Lions Saint-Paul,https://www.openstreetmap.org/relation/9597,Paris 4e Arrondissement,75104
https://www.openstreetmap.org/node/705182119,https://www.openstreetmap.org/relation/11828822,Rue des Lions Saint-Paul,https://www.openstreetmap.org/relation/9597,Paris 4e Arrondissement,75104
https://www.openstreetmap.org/node/705182139,https://www.openstreetmap.org/relation/11828843,Quai des Célestins,https://www.openstreetmap.org/relation/9597,Paris 4e Arrondissement,75104
https://www.openstreetmap.org/node/705182147,https://www.openstreetmap.org/relation/11828822,Rue des Lions Saint-Paul,https://www.openstreetmap.org/relation/9597,Paris 4e Arrondissement,75104
https://www.openstreetmap.org/node/705182163,https://www.openstreetmap.org/relation/11828822,Rue des Lions Saint-Paul,https://www.openstreetmap.org/relation/9597,Paris 4e Arrondissement,75104
https://www.openstreetmap.org/node/705182185,https://www.openstreetmap.org/relation/11828842,Rue du Petit Musc,https://www.openstreetmap.org/relation/9597,Paris 4e Arrondissement,75104
https://www.openstreetmap.org/node/705182205,https://www.openstreetmap.org/relation/11828843,Quai des Célestins,https://www.openstreetmap.org/relation/9597,Paris 4e Arrondissement,75104
https://www.openstreetmap.org/node/705182230,https://www.openstreetmap.org/relation/11828822,Rue des Lions Saint-Paul,https://www.openstreetmap.org/relation/9597,Paris 4e Arrondissement,75104
https://www.openstreetmap.org/node/705182252,https://www.openstreetmap.org/relation/11828843,Quai des Célestins,https://www.openstreetmap.org/relation/9597,Paris 4e Arrondissement,75104
https://www.openstreetmap.org/node/705182303,https://www.openstreetmap.org/relation/11828842,Rue du Petit Musc,https://www.openstreetmap.org/relation/9597,Paris 4e Arrondissement,75104
https://www.openstreetmap.org/node/705182381,https://www.openstreetmap.org/relation/11828842,Rue du Petit Musc,https://www.openstreetmap.org/relation/9597,Paris 4e Arrondissement,75104
https://www.openstreetmap.org/node/705182390,https://www.openstreetmap.org/relation/11828811,Boulevard Henri IV,https://www.openstreetmap.org/relation/9597,Paris 4e Arrondissement,75104
https://www.openstreetmap.org/node/705182490,https://www.openstreetmap.org/relation/11828843,Quai des Célestins,https://www.openstreetmap.org/relation/9597,Paris 4e Arrondissement,75104
https://www.openstreetmap.org/node/705182508,https://www.openstreetmap.org/relation/11828843,Quai des Célestins,https://www.openstreetmap.org/relation/9597,Paris 4e Arrondissement,75104
https://www.openstreetmap.org/node/705182538,https://www.openstreetmap.org/relation/11828843,Quai des Célestins,https://www.openstreetmap.org/relation/9597,Paris 4e Arrondissement,75104
https://www.openstreetmap.org/node/705182565,https://www.openstreetmap.org/relation/11828843,Quai des Célestins,https://www.openstreetmap.org/relation/9597,Paris 4e Arrondissement,75104
https://www.openstreetmap.org/node/705182581,https://www.openstreetmap.org/relation/11828842,Rue du Petit Musc,https://www.openstreetmap.org/relation/9597,Paris 4e Arrondissement,75104
https://www.openstreetmap.org/node/705182586,https://www.openstreetmap.org/relation/11828842,Rue du Petit Musc,https://www.openstreetmap.org/relation/9597,Paris 4e Arrondissement,75104
https://www.openstreetmap.org/node/705182651,https://www.openstreetmap.org/relation/11828825,Rue Saint-Paul,https://www.openstreetmap.org/relation/9597,Paris 4e Arrondissement,75104
https://www.openstreetmap.org/node/705182671,https://www.openstreetmap.org/relation/11828842,Rue du Petit Musc,https://www.openstreetmap.org/relation/9597,Paris 4e Arrondissement,75104
https://www.openstreetmap.org/node/705182684,https://www.openstreetmap.org/relation/11828794,Rue Jules Cousin,https://www.openstreetmap.org/relation/9597,Paris 4e Arrondissement,75104
https://www.openstreetmap.org/node/705182699,https://www.openstreetmap.org/relation/11828822,Rue des Lions Saint-Paul,https://www.openstreetmap.org/relation/9597,Paris 4e Arrondissement,75104
https://www.openstreetmap.org/node/705182707,https://www.openstreetmap.org/relation/11828843,Quai des Célestins,https://www.openstreetmap.org/relation/9597,Paris 4e Arrondissement,75104
https://www.openstreetmap.org/node/705182712,https://www.openstreetmap.org/relation/11828822,Rue des Lions Saint-Paul,https://www.openstreetmap.org/relation/9597,Paris 4e Arrondissement,75104
https://www.openstreetmap.org/node/705182720,https://www.openstreetmap.org/relation/11828843,Quai des Célestins,https://www.openstreetmap.org/relation/9597,Paris 4e Arrondissement,75104
https://www.openstreetmap.org/node/705182729,https://www.openstreetmap.org/relation/11828811,Boulevard Henri IV,https://www.openstreetmap.org/relation/9597,Paris 4e Arrondissement,75104
https://www.openstreetmap.org/node/705182752,https://www.openstreetmap.org/relation/11828822,Rue des Lions Saint-Paul,https://www.openstreetmap.org/relation/9597,Paris 4e Arrondissement,75104
https://www.openstreetmap.org/node/705182781,https://www.openstreetmap.org/relation/11828822,Rue des Lions Saint-Paul,https://www.openstreetmap.org/relation/9597,Paris 4e Arrondissement,75104
https://www.openstreetmap.org/node/705182792,https://www.openstreetmap.org/relation/11828843,Quai des Célestins,https://www.openstreetmap.org/relation/9597,Paris 4e Arrondissement,75104
https://www.openstreetmap.org/node/705182802,https://www.openstreetmap.org/relation/11828843,Quai des Célestins,https://www.openstreetmap.org/relation/9597,Paris 4e Arrondissement,75104
https://www.openstreetmap.org/node/705182809,https://www.openstreetmap.org/relation/11828811,Boulevard Henri IV,https://www.openstreetmap.org/relation/9597,Paris 4e Arrondissement,75104
https://www.openstreetmap.org/node/705182828,https://www.openstreetmap.org/relation/11828825,Rue Saint-Paul,https://www.openstreetmap.org/relation/9597,Paris 4e Arrondissement,75104
https://www.openstreetmap.org/node/705203705,https://www.openstreetmap.org/relation/11828822,Rue des Lions Saint-Paul,https://www.openstreetmap.org/relation/9597,Paris 4e Arrondissement,75104
https://www.openstreetmap.org/node/705203709,https://www.openstreetmap.org/relation/11828822,Rue des Lions Saint-Paul,https://www.openstreetmap.org/relation/9597,Paris 4e Arrondissement,75104
https://www.openstreetmap.org/node/705203722,https://www.openstreetmap.org/relation/11828758,Rue Charles V,https://www.openstreetmap.org/relation/9597,Paris 4e Arrondissement,75104
https://www.openstreetmap.org/node/705203726,https://www.openstreetmap.org/relation/11828822,Rue des Lions Saint-Paul,https://www.openstreetmap.org/relation/9597,Paris 4e Arrondissement,75104
https://www.openstreetmap.org/node/705203727,https://www.openstreetmap.org/relation/11828825,Rue Saint-Paul,https://www.openstreetmap.org/relation/9597,Paris 4e Arrondissement,75104
https://www.openstreetmap.org/node/705203760,https://www.openstreetmap.org/relation/11828822,Rue des Lions Saint-Paul,https://www.openstreetmap.org/relation/9597,Paris 4e Arrondissement,75104
https://www.openstreetmap.org/node/705203765,https://www.openstreetmap.org/relation/11828879,Rue Beautreillis,https://www.openstreetmap.org/relation/9597,Paris 4e Arrondissement,75104
https://www.openstreetmap.org/node/705203775,https://www.openstreetmap.org/relation/11828879,Rue Beautreillis,https://www.openstreetmap.org/relation/9597,Paris 4e Arrondissement,75104
https://www.openstreetmap.org/node/705203792,https://www.openstreetmap.org/relation/11828758,Rue Charles V,https://www.openstreetmap.org/relation/9597,Paris 4e Arrondissement,75104
https://www.openstreetmap.org/node/705203797,https://www.openstreetmap.org/relation/11828825,Rue Saint-Paul,https://www.openstreetmap.org/relation/9597,Paris 4e Arrondissement,75104
https://www.openstreetmap.org/node/705203805,https://www.openstreetmap.org/relation/11828879,Rue Beautreillis,https://www.openstreetmap.org/relation/9597,Paris 4e Arrondissement,75104
https://www.openstreetmap.org/node/705203816,https://www.openstreetmap.org/relation/11828879,Rue Beautreillis,https://www.openstreetmap.org/relation/9597,Paris 4e Arrondissement,75104
https://www.openstreetmap.org/node/705203819,https://www.openstreetmap.org/relation/11828758,Rue Charles V,https://www.openstreetmap.org/relation/9597,Paris 4e Arrondissement,75104
https://www.openstreetmap.org/node/705203842,https://www.openstreetmap.org/relation/11828822,Rue des Lions Saint-Paul,https://www.openstreetmap.org/relation/9597,Paris 4e Arrondissement,75104
https://www.openstreetmap.org/node/705203872,https://www.openstreetmap.org/relation/11828758,Rue Charles V,https://www.openstreetmap.org/relation/9597,Paris 4e Arrondissement,75104
https://www.openstreetmap.org/node/705203905,https://www.openstreetmap.org/relation/11828822,Rue des Lions Saint-Paul,https://www.openstreetmap.org/relation/9597,Paris 4e Arrondissement,75104
https://www.openstreetmap.org/node/705203927,https://www.openstreetmap.org/relation/11828822,Rue des Lions Saint-Paul,https://www.openstreetmap.org/relation/9597,Paris 4e Arrondissement,75104
https://www.openstreetmap.org/node/705203952,https://www.openstreetmap.org/relation/11828822,Rue des Lions Saint-Paul,https://www.openstreetmap.org/relation/9597,Paris 4e Arrondissement,75104
https://www.openstreetmap.org/node/705203965,https://www.openstreetmap.org/relation/11828758,Rue Charles V,https://www.openstreetmap.org/relation/9597,Paris 4e Arrondissement,75104
https://www.openstreetmap.org/node/705203967,https://www.openstreetmap.org/relation/11828879,Rue Beautreillis,https://www.openstreetmap.org/relation/9597,Paris 4e Arrondissement,75104
https://www.openstreetmap.org/node/705203977,https://www.openstreetmap.org/relation/11828758,Rue Charles V,https://www.openstreetmap.org/relation/9597,Paris 4e Arrondissement,75104
https://www.openstreetmap.org/node/705204042,https://www.openstreetmap.org/relation/11828758,Rue Charles V,https://www.openstreetmap.org/relation/9597,Paris 4e Arrondissement,75104
https://www.openstreetmap.org/node/705204048,https://www.openstreetmap.org/relation/11828758,Rue Charles V,https://www.openstreetmap.org/relation/9597,Paris 4e Arrondissement,75104
https://www.openstreetmap.org/node/705204051,https://www.openstreetmap.org/relation/11828879,Rue Beautreillis,https://www.openstreetmap.org/relation/9597,Paris 4e Arrondissement,75104
https://www.openstreetmap.org/node/705204054,https://www.openstreetmap.org/relation/11828758,Rue Charles V,https://www.openstreetmap.org/relation/9597,Paris 4e Arrondissement,75104
https://www.openstreetmap.org/node/705204067,https://www.openstreetmap.org/relation/11828758,Rue Charles V,https://www.openstreetmap.org/relation/9597,Paris 4e Arrondissement,75104
https://www.openstreetmap.org/node/705204073,https://www.openstreetmap.org/relation/11828879,Rue Beautreillis,https://www.openstreetmap.org/relation/9597,Paris 4e Arrondissement,75104
https://www.openstreetmap.org/node/705204099,https://www.openstreetmap.org/relation/11828758,Rue Charles V,https://www.openstreetmap.org/relation/9597,Paris 4e Arrondissement,75104
https://www.openstreetmap.org/node/705204111,https://www.openstreetmap.org/relation/11828825,Rue Saint-Paul,https://www.openstreetmap.org/relation/9597,Paris 4e Arrondissement,75104
https://www.openstreetmap.org/node/705204120,https://www.openstreetmap.org/relation/11828825,Rue Saint-Paul,https://www.openstreetmap.org/relation/9597,Paris 4e Arrondissement,75104
https://www.openstreetmap.org/node/705204124,https://www.openstreetmap.org/relation/11828825,Rue Saint-Paul,https://www.openstreetmap.org/relation/9597,Paris 4e Arrondissement,75104
https://www.openstreetmap.org/node/705204131,https://www.openstreetmap.org/relation/11828758,Rue Charles V,https://www.openstreetmap.org/relation/9597,Paris 4e Arrondissement,75104
https://www.openstreetmap.org/node/705204180,https://www.openstreetmap.org/relation/11828825,Rue Saint-Paul,https://www.openstreetmap.org/relation/9597,Paris 4e Arrondissement,75104
https://www.openstreetmap.org/node/705204187,https://www.openstreetmap.org/relation/11828879,Rue Beautreillis,https://www.openstreetmap.org/relation/9597,Paris 4e Arrondissement,75104
https://www.openstreetmap.org/node/705204192,https://www.openstreetmap.org/relation/11828758,Rue Charles V,https://www.openstreetmap.org/relation/9597,Paris 4e Arrondissement,75104
https://www.openstreetmap.org/node/705204199,https://www.openstreetmap.org/relation/11828879,Rue Beautreillis,https://www.openstreetmap.org/relation/9597,Paris 4e Arrondissement,75104
https://www.openstreetmap.org/node/705204209,https://www.openstreetmap.org/relation/11828822,Rue des Lions Saint-Paul,https://www.openstreetmap.org/relation/9597,Paris 4e Arrondissement,75104
https://www.openstreetmap.org/node/705211292,https://www.openstreetmap.org/relation/11828842,Rue du Petit Musc,https://www.openstreetmap.org/relation/9597,Paris 4e Arrondissement,75104
https://www.openstreetmap.org/node/705211293,https://www.openstreetmap.org/relation/11828842,Rue du Petit Musc,https://www.openstreetmap.org/relation/9597,Paris 4e Arrondissement,75104
https://www.openstreetmap.org/node/705211294,https://www.openstreetmap.org/relation/11828842,Rue du Petit Musc,https://www.openstreetmap.org/relation/9597,Paris 4e Arrondissement,75104
https://www.openstreetmap.org/node/705211296,https://www.openstreetmap.org/relation/11828842,Rue du Petit Musc,https://www.openstreetmap.org/relation/9597,Paris 4e Arrondissement,75104
https://www.openstreetmap.org/node/705211297,https://www.openstreetmap.org/relation/11828842,Rue du Petit Musc,https://www.openstreetmap.org/relation/9597,Paris 4e Arrondissement,75104
https://www.openstreetmap.org/node/705252850,https://www.openstreetmap.org/relation/11828879,Rue Beautreillis,https://www.openstreetmap.org/relation/9597,Paris 4e Arrondissement,75104
https://www.openstreetmap.org/node/705252855,https://www.openstreetmap.org/relation/11828879,Rue Beautreillis,https://www.openstreetmap.org/relation/9597,Paris 4e Arrondissement,75104
https://www.openstreetmap.org/node/705252867,https://www.openstreetmap.org/relation/11828879,Rue Beautreillis,https://www.openstreetmap.org/relation/9597,Paris 4e Arrondissement,75104
https://www.openstreetmap.org/node/705252879,https://www.openstreetmap.org/relation/6948539,Rue Saint-Antoine,https://www.openstreetmap.org/relation/9597,Paris 4e Arrondissement,75104
https://www.openstreetmap.org/node/705252881,https://www.openstreetmap.org/relation/11828848,Rue Neuve Saint-Pierre,https://www.openstreetmap.org/relation/9597,Paris 4e Arrondissement,75104
https://www.openstreetmap.org/node/705252882,https://www.openstreetmap.org/relation/11828848,Rue Neuve Saint-Pierre,https://www.openstreetmap.org/relation/9597,Paris 4e Arrondissement,75104
https://www.openstreetmap.org/node/705252897,https://www.openstreetmap.org/relation/11828825,Rue Saint-Paul,https://www.openstreetmap.org/relation/9597,Paris 4e Arrondissement,75104
https://www.openstreetmap.org/node/705252933,https://www.openstreetmap.org/relation/11828848,Rue Neuve Saint-Pierre,https://www.openstreetmap.org/relation/9597,Paris 4e Arrondissement,75104
https://www.openstreetmap.org/node/705252938,https://www.openstreetmap.org/relation/11828825,Rue Saint-Paul,https://www.openstreetmap.org/relation/9597,Paris 4e Arrondissement,75104
https://www.openstreetmap.org/node/705252946,https://www.openstreetmap.org/relation/11828825,Rue Saint-Paul,https://www.openstreetmap.org/relation/9597,Paris 4e Arrondissement,75104
https://www.openstreetmap.org/node/705252959,https://www.openstreetmap.org/relation/6948539,Rue Saint-Antoine,https://www.openstreetmap.org/relation/9597,Paris 4e Arrondissement,75104
https://www.openstreetmap.org/node/705252996,https://www.openstreetmap.org/relation/6948539,Rue Saint-Antoine,https://www.openstreetmap.org/relation/9597,Paris 4e Arrondissement,75104
https://www.openstreetmap.org/node/705252999,https://www.openstreetmap.org/relation/11828848,Rue Neuve Saint-Pierre,https://www.openstreetmap.org/relation/9597,Paris 4e Arrondissement,75104
https://www.openstreetmap.org/node/705253003,https://www.openstreetmap.org/relation/11828848,Rue Neuve Saint-Pierre,https://www.openstreetmap.org/relation/9597,Paris 4e Arrondissement,75104
https://www.openstreetmap.org/node/705253006,https://www.openstreetmap.org/relation/11828825,Rue Saint-Paul,https://www.openstreetmap.org/relation/9597,Paris 4e Arrondissement,75104
https://www.openstreetmap.org/node/705253021,https://www.openstreetmap.org/relation/11828848,Rue Neuve Saint-Pierre,https://www.openstreetmap.org/relation/9597,Paris 4e Arrondissement,75104
https://www.openstreetmap.org/node/705253031,https://www.openstreetmap.org/relation/6948539,Rue Saint-Antoine,https://www.openstreetmap.org/relation/9597,Paris 4e Arrondissement,75104
https://www.openstreetmap.org/node/705253056,https://www.openstreetmap.org/relation/11828825,Rue Saint-Paul,https://www.openstreetmap.org/relation/9597,Paris 4e Arrondissement,75104
https://www.openstreetmap.org/node/705253061,https://www.openstreetmap.org/relation/11828800,Rue de l'Hôtel Saint-Paul,https://www.openstreetmap.org/relation/9597,Paris 4e Arrondissement,75104
https://www.openstreetmap.org/node/705253076,https://www.openstreetmap.org/relation/11828879,Rue Beautreillis,https://www.openstreetmap.org/relation/9597,Paris 4e Arrondissement,75104
https://www.openstreetmap.org/node/705253080,https://www.openstreetmap.org/relation/11828758,Rue Charles V,https://www.openstreetmap.org/relation/9597,Paris 4e Arrondissement,75104
https://www.openstreetmap.org/node/705253082,https://www.openstreetmap.org/relation/11828825,Rue Saint-Paul,https://www.openstreetmap.org/relation/9597,Paris 4e Arrondissement,75104
https://www.openstreetmap.org/node/705253092,https://www.openstreetmap.org/relation/11828848,Rue Neuve Saint-Pierre,https://www.openstreetmap.org/relation/9597,Paris 4e Arrondissement,75104
https://www.openstreetmap.org/node/705253099,https://www.openstreetmap.org/relation/11828848,Rue Neuve Saint-Pierre,https://www.openstreetmap.org/relation/9597,Paris 4e Arrondissement,75104
https://www.openstreetmap.org/node/705253109,https://www.openstreetmap.org/relation/11828800,Rue de l'Hôtel Saint-Paul,https://www.openstreetmap.org/relation/9597,Paris 4e Arrondissement,75104
https://www.openstreetmap.org/node/705253112,https://www.openstreetmap.org/relation/11828848,Rue Neuve Saint-Pierre,https://www.openstreetmap.org/relation/9597,Paris 4e Arrondissement,75104
https://www.openstreetmap.org/node/705253121,https://www.openstreetmap.org/relation/11828879,Rue Beautreillis,https://www.openstreetmap.org/relation/9597,Paris 4e Arrondissement,75104
https://www.openstreetmap.org/node/705253157,https://www.openstreetmap.org/relation/6948539,Rue Saint-Antoine,https://www.openstreetmap.org/relation/9597,Paris 4e Arrondissement,75104
https://www.openstreetmap.org/node/705253158,https://www.openstreetmap.org/relation/11828758,Rue Charles V,https://www.openstreetmap.org/relation/9597,Paris 4e Arrondissement,75104
https://www.openstreetmap.org/node/705253166,https://www.openstreetmap.org/relation/11828758,Rue Charles V,https://www.openstreetmap.org/relation/9597,Paris 4e Arrondissement,75104
https://www.openstreetmap.org/node/705253170,https://www.openstreetmap.org/relation/11828758,Rue Charles V,https://www.openstreetmap.org/relation/9597,Paris 4e Arrondissement,75104
https://www.openstreetmap.org/node/705253179,https://www.openstreetmap.org/relation/11828848,Rue Neuve Saint-Pierre,https://www.openstreetmap.org/relation/9597,Paris 4e Arrondissement,75104
https://www.openstreetmap.org/node/705253186,https://www.openstreetmap.org/relation/11828800,Rue de l'Hôtel Saint-Paul,https://www.openstreetmap.org/relation/9597,Paris 4e Arrondissement,75104
https://www.openstreetmap.org/node/705253191,https://www.openstreetmap.org/relation/11828848,Rue Neuve Saint-Pierre,https://www.openstreetmap.org/relation/9597,Paris 4e Arrondissement,75104
https://www.openstreetmap.org/node/705253207,https://www.openstreetmap.org/relation/11828825,Rue Saint-Paul,https://www.openstreetmap.org/relation/9597,Paris 4e Arrondissement,75104
https://www.openstreetmap.org/node/705253212,https://www.openstreetmap.org/relation/11828758,Rue Charles V,https://www.openstreetmap.org/relation/9597,Paris 4e Arrondissement,75104
https://www.openstreetmap.org/node/705253228,https://www.openstreetmap.org/relation/6948539,Rue Saint-Antoine,https://www.openstreetmap.org/relation/9597,Paris 4e Arrondissement,75104
https://www.openstreetmap.org/node/705253251,https://www.openstreetmap.org/relation/11828800,Rue de l'Hôtel Saint-Paul,https://www.openstreetmap.org/relation/9597,Paris 4e Arrondissement,75104
https://www.openstreetmap.org/node/705253254,https://www.openstreetmap.org/relation/11828848,Rue Neuve Saint-Pierre,https://www.openstreetmap.org/relation/9597,Paris 4e Arrondissement,75104
https://www.openstreetmap.org/node/705253259,https://www.openstreetmap.org/relation/11828800,Rue de l'Hôtel Saint-Paul,https://www.openstreetmap.org/relation/9597,Paris 4e Arrondissement,75104
https://www.openstreetmap.org/node/705253280,https://www.openstreetmap.org/relation/11828825,Rue Saint-Paul,https://www.openstreetmap.org/relation/9597,Paris 4e Arrondissement,75104
https://www.openstreetmap.org/node/705253282,https://www.openstreetmap.org/relation/6948539,Rue Saint-Antoine,https://www.openstreetmap.org/relation/9597,Paris 4e Arrondissement,75104
https://www.openstreetmap.org/node/705253285,https://www.openstreetmap.org/relation/11828848,Rue Neuve Saint-Pierre,https://www.openstreetmap.org/relation/9597,Paris 4e Arrondissement,75104
https://www.openstreetmap.org/node/705253299,https://www.openstreetmap.org/relation/11828848,Rue Neuve Saint-Pierre,https://www.openstreetmap.org/relation/9597,Paris 4e Arrondissement,75104
https://www.openstreetmap.org/node/705253300,https://www.openstreetmap.org/relation/6948539,Rue Saint-Antoine,https://www.openstreetmap.org/relation/9597,Paris 4e Arrondissement,75104
https://www.openstreetmap.org/node/705253304,https://www.openstreetmap.org/relation/11828825,Rue Saint-Paul,https://www.openstreetmap.org/relation/9597,Paris 4e Arrondissement,75104
https://www.openstreetmap.org/node/705253313,https://www.openstreetmap.org/relation/11828825,Rue Saint-Paul,https://www.openstreetmap.org/relation/9597,Paris 4e Arrondissement,75104
https://www.openstreetmap.org/node/705253321,https://www.openstreetmap.org/relation/6948539,Rue Saint-Antoine,https://www.openstreetmap.org/relation/9597,Paris 4e Arrondissement,75104
https://www.openstreetmap.org/node/705253326,https://www.openstreetmap.org/relation/6948539,Rue Saint-Antoine,https://www.openstreetmap.org/relation/9597,Paris 4e Arrondissement,75104
https://www.openstreetmap.org/node/705253330,https://www.openstreetmap.org/relation/11828848,Rue Neuve Saint-Pierre,https://www.openstreetmap.org/relation/9597,Paris 4e Arrondissement,75104
https://www.openstreetmap.org/node/705253346,https://www.openstreetmap.org/relation/11828825,Rue Saint-Paul,https://www.openstreetmap.org/relation/9597,Paris 4e Arrondissement,75104
https://www.openstreetmap.org/node/705253348,https://www.openstreetmap.org/relation/6948539,Rue Saint-Antoine,https://www.openstreetmap.org/relation/9597,Paris 4e Arrondissement,75104
https://www.openstreetmap.org/node/705253349,https://www.openstreetmap.org/relation/11828879,Rue Beautreillis,https://www.openstreetmap.org/relation/9597,Paris 4e Arrondissement,75104
https://www.openstreetmap.org/node/705253354,https://www.openstreetmap.org/relation/11828879,Rue Beautreillis,https://www.openstreetmap.org/relation/9597,Paris 4e Arrondissement,75104
https://www.openstreetmap.org/node/705253368,https://www.openstreetmap.org/relation/6948539,Rue Saint-Antoine,https://www.openstreetmap.org/relation/9597,Paris 4e Arrondissement,75104
https://www.openstreetmap.org/node/705253374,https://www.openstreetmap.org/relation/6948539,Rue Saint-Antoine,https://www.openstreetmap.org/relation/9597,Paris 4e Arrondissement,75104
https://www.openstreetmap.org/node/705253385,https://www.openstreetmap.org/relation/11828825,Rue Saint-Paul,https://www.openstreetmap.org/relation/9597,Paris 4e Arrondissement,75104
https://www.openstreetmap.org/node/705253402,https://www.openstreetmap.org/relation/11828848,Rue Neuve Saint-Pierre,https://www.openstreetmap.org/relation/9597,Paris 4e Arrondissement,75104
https://www.openstreetmap.org/node/705253406,https://www.openstreetmap.org/relation/11828848,Rue Neuve Saint-Pierre,https://www.openstreetmap.org/relation/9597,Paris 4e Arrondissement,75104
https://www.openstreetmap.org/node/705253410,https://www.openstreetmap.org/relation/11828879,Rue Beautreillis,https://www.openstreetmap.org/relation/9597,Paris 4e Arrondissement,75104
https://www.openstreetmap.org/node/705299335,https://www.openstreetmap.org/relation/11828842,Rue du Petit Musc,https://www.openstreetmap.org/relation/9597,Paris 4e Arrondissement,75104
https://www.openstreetmap.org/node/705299354,https://www.openstreetmap.org/relation/11828879,Rue Beautreillis,https://www.openstreetmap.org/relation/9597,Paris 4e Arrondissement,75104
https://www.openstreetmap.org/node/705299362,https://www.openstreetmap.org/relation/11828842,Rue du Petit Musc,https://www.openstreetmap.org/relation/9597,Paris 4e Arrondissement,75104
https://www.openstreetmap.org/node/705299366,https://www.openstreetmap.org/relation/11828879,Rue Beautreillis,https://www.openstreetmap.org/relation/9597,Paris 4e Arrondissement,75104
https://www.openstreetmap.org/node/705299381,https://www.openstreetmap.org/relation/11828842,Rue du Petit Musc,https://www.openstreetmap.org/relation/9597,Paris 4e Arrondissement,75104
https://www.openstreetmap.org/node/705299401,https://www.openstreetmap.org/relation/6948539,Rue Saint-Antoine,https://www.openstreetmap.org/relation/9597,Paris 4e Arrondissement,75104
https://www.openstreetmap.org/node/705299429,https://www.openstreetmap.org/relation/11828842,Rue du Petit Musc,https://www.openstreetmap.org/relation/9597,Paris 4e Arrondissement,75104
https://www.openstreetmap.org/node/705299447,https://www.openstreetmap.org/relation/11828842,Rue du Petit Musc,https://www.openstreetmap.org/relation/9597,Paris 4e Arrondissement,75104
https://www.openstreetmap.org/node/705299493,https://www.openstreetmap.org/relation/11828879,Rue Beautreillis,https://www.openstreetmap.org/relation/9597,Paris 4e Arrondissement,75104
https://www.openstreetmap.org/node/705299517,https://www.openstreetmap.org/relation/11828842,Rue du Petit Musc,https://www.openstreetmap.org/relation/9597,Paris 4e Arrondissement,75104
https://www.openstreetmap.org/node/705299526,https://www.openstreetmap.org/relation/11828879,Rue Beautreillis,https://www.openstreetmap.org/relation/9597,Paris 4e Arrondissement,75104
https://www.openstreetmap.org/node/705299537,https://www.openstreetmap.org/relation/6948539,Rue Saint-Antoine,https://www.openstreetmap.org/relation/9597,Paris 4e Arrondissement,75104
https://www.openstreetmap.org/node/705299551,https://www.openstreetmap.org/relation/6948539,Rue Saint-Antoine,https://www.openstreetmap.org/relation/9597,Paris 4e Arrondissement,75104
https://www.openstreetmap.org/node/705299573,https://www.openstreetmap.org/relation/6948539,Rue Saint-Antoine,https://www.openstreetmap.org/relation/9597,Paris 4e Arrondissement,75104
https://www.openstreetmap.org/node/705299587,https://www.openstreetmap.org/relation/11828842,Rue du Petit Musc,https://www.openstreetmap.org/relation/9597,Paris 4e Arrondissement,75104
https://www.openstreetmap.org/node/705299594,https://www.openstreetmap.org/relation/11828879,Rue Beautreillis,https://www.openstreetmap.org/relation/9597,Paris 4e Arrondissement,75104
https://www.openstreetmap.org/node/705299596,https://www.openstreetmap.org/relation/11828842,Rue du Petit Musc,https://www.openstreetmap.org/relation/9597,Paris 4e Arrondissement,75104
https://www.openstreetmap.org/node/705299654,https://www.openstreetmap.org/relation/6948539,Rue Saint-Antoine,https://www.openstreetmap.org/relation/9597,Paris 4e Arrondissement,75104
https://www.openstreetmap.org/node/705299667,https://www.openstreetmap.org/relation/11828879,Rue Beautreillis,https://www.openstreetmap.org/relation/9597,Paris 4e Arrondissement,75104
https://www.openstreetmap.org/node/705299677,https://www.openstreetmap.org/relation/11828842,Rue du Petit Musc,https://www.openstreetmap.org/relation/9597,Paris 4e Arrondissement,75104
https://www.openstreetmap.org/node/705299714,https://www.openstreetmap.org/relation/6948539,Rue Saint-Antoine,https://www.openstreetmap.org/relation/9597,Paris 4e Arrondissement,75104
https://www.openstreetmap.org/node/705299730,https://www.openstreetmap.org/relation/11828879,Rue Beautreillis,https://www.openstreetmap.org/relation/9597,Paris 4e Arrondissement,75104
https://www.openstreetmap.org/node/705299741,https://www.openstreetmap.org/relation/11828758,Rue Charles V,https://www.openstreetmap.org/relation/9597,Paris 4e Arrondissement,75104
https://www.openstreetmap.org/node/705299842,https://www.openstreetmap.org/relation/6948539,Rue Saint-Antoine,https://www.openstreetmap.org/relation/9597,Paris 4e Arrondissement,75104
https://www.openstreetmap.org/node/705299934,https://www.openstreetmap.org/relation/6948539,Rue Saint-Antoine,https://www.openstreetmap.org/relation/9597,Paris 4e Arrondissement,75104
https://www.openstreetmap.org/node/705299951,https://www.openstreetmap.org/relation/6948539,Rue Saint-Antoine,https://www.openstreetmap.org/relation/9597,Paris 4e Arrondissement,75104
https://www.openstreetmap.org/node/705299975,https://www.openstreetmap.org/relation/11828879,Rue Beautreillis,https://www.openstreetmap.org/relation/9597,Paris 4e Arrondissement,75104
https://www.openstreetmap.org/node/705300055,https://www.openstreetmap.org/relation/6948539,Rue Saint-Antoine,https://www.openstreetmap.org/relation/9597,Paris 4e Arrondissement,75104
https://www.openstreetmap.org/node/705300063,https://www.openstreetmap.org/relation/11828758,Rue Charles V,https://www.openstreetmap.org/relation/9597,Paris 4e Arrondissement,75104
https://www.openstreetmap.org/node/705300238,https://www.openstreetmap.org/relation/11828879,Rue Beautreillis,https://www.openstreetmap.org/relation/9597,Paris 4e Arrondissement,75104
https://www.openstreetmap.org/node/705300248,https://www.openstreetmap.org/relation/6948539,Rue Saint-Antoine,https://www.openstreetmap.org/relation/9597,Paris 4e Arrondissement,75104
https://www.openstreetmap.org/node/705323481,https://www.openstreetmap.org/relation/6948539,Rue Saint-Antoine,https://www.openstreetmap.org/relation/9597,Paris 4e Arrondissement,75104
https://www.openstreetmap.org/node/705323485,https://www.openstreetmap.org/relation/11828852,Rue Castex,https://www.openstreetmap.org/relation/9597,Paris 4e Arrondissement,75104
https://www.openstreetmap.org/node/705323497,https://www.openstreetmap.org/relation/11828852,Rue Castex,https://www.openstreetmap.org/relation/9597,Paris 4e Arrondissement,75104
https://www.openstreetmap.org/node/705323513,https://www.openstreetmap.org/relation/11828778,Rue de la Cerisaie,https://www.openstreetmap.org/relation/9597,Paris 4e Arrondissement,75104
https://www.openstreetmap.org/node/705323523,https://www.openstreetmap.org/relation/11828852,Rue Castex,https://www.openstreetmap.org/relation/9597,Paris 4e Arrondissement,75104
https://www.openstreetmap.org/node/705323531,https://www.openstreetmap.org/relation/11828852,Rue Castex,https://www.openstreetmap.org/relation/9597,Paris 4e Arrondissement,75104
https://www.openstreetmap.org/node/705323538,https://www.openstreetmap.org/relation/6948539,Rue Saint-Antoine,https://www.openstreetmap.org/relation/9597,Paris 4e Arrondissement,75104
https://www.openstreetmap.org/node/705323542,https://www.openstreetmap.org/relation/11828842,Rue du Petit Musc,https://www.openstreetmap.org/relation/9597,Paris 4e Arrondissement,75104
https://www.openstreetmap.org/node/705323544,https://www.openstreetmap.org/relation/11828880,Rue de Lesdiguières,https://www.openstreetmap.org/relation/9597,Paris 4e Arrondissement,75104
https://www.openstreetmap.org/node/705323550,https://www.openstreetmap.org/relation/11828880,Rue de Lesdiguières,https://www.openstreetmap.org/relation/9597,Paris 4e Arrondissement,75104
https://www.openstreetmap.org/node/705323567,https://www.openstreetmap.org/relation/11828842,Rue du Petit Musc,https://www.openstreetmap.org/relation/9597,Paris 4e Arrondissement,75104
https://www.openstreetmap.org/node/705323571,https://www.openstreetmap.org/relation/6948539,Rue Saint-Antoine,https://www.openstreetmap.org/relation/9597,Paris 4e Arrondissement,75104
https://www.openstreetmap.org/node/705323577,https://www.openstreetmap.org/relation/11828852,Rue Castex,https://www.openstreetmap.org/relation/9597,Paris 4e Arrondissement,75104
https://www.openstreetmap.org/node/705323578,https://www.openstreetmap.org/relation/11828778,Rue de la Cerisaie,https://www.openstreetmap.org/relation/9597,Paris 4e Arrondissement,75104
https://www.openstreetmap.org/node/705323580,https://www.openstreetmap.org/relation/11828842,Rue du Petit Musc,https://www.openstreetmap.org/relation/9597,Paris 4e Arrondissement,75104
https://www.openstreetmap.org/node/705323584,https://www.openstreetmap.org/relation/6948539,Rue Saint-Antoine,https://www.openstreetmap.org/relation/9597,Paris 4e Arrondissement,75104
https://www.openstreetmap.org/node/705323586,https://www.openstreetmap.org/relation/11828778,Rue de la Cerisaie,https://www.openstreetmap.org/relation/9597,Paris 4e Arrondissement,75104
https://www.openstreetmap.org/node/705323591,https://www.openstreetmap.org/relation/11828778,Rue de la Cerisaie,https://www.openstreetmap.org/relation/9597,Paris 4e Arrondissement,75104
https://www.openstreetmap.org/node/705323597,https://www.openstreetmap.org/relation/11828842,Rue du Petit Musc,https://www.openstreetmap.org/relation/9597,Paris 4e Arrondissement,75104
https://www.openstreetmap.org/node/705323602,https://www.openstreetmap.org/relation/11828778,Rue de la Cerisaie,https://www.openstreetmap.org/relation/9597,Paris 4e Arrondissement,75104
https://www.openstreetmap.org/node/705323604,https://www.openstreetmap.org/relation/11828852,Rue Castex,https://www.openstreetmap.org/relation/9597,Paris 4e Arrondissement,75104
https://www.openstreetmap.org/node/705323605,https://www.openstreetmap.org/relation/11828852,Rue Castex,https://www.openstreetmap.org/relation/9597,Paris 4e Arrondissement,75104
https://www.openstreetmap.org/node/705323611,https://www.openstreetmap.org/relation/6948539,Rue Saint-Antoine,https://www.openstreetmap.org/relation/9597,Paris 4e Arrondissement,75104
https://www.openstreetmap.org/node/705323615,https://www.openstreetmap.org/relation/11828852,Rue Castex,https://www.openstreetmap.org/relation/9597,Paris 4e Arrondissement,75104
https://www.openstreetmap.org/node/705323625,https://www.openstreetmap.org/relation/11828852,Rue Castex,https://www.openstreetmap.org/relation/9597,Paris 4e Arrondissement,75104
https://www.openstreetmap.org/node/705323630,https://www.openstreetmap.org/relation/11828852,Rue Castex,https://www.openstreetmap.org/relation/9597,Paris 4e Arrondissement,75104
https://www.openstreetmap.org/node/705323635,https://www.openstreetmap.org/relation/11828811,Boulevard Henri IV,https://www.openstreetmap.org/relation/9597,Paris 4e Arrondissement,75104
https://www.openstreetmap.org/node/705323638,https://www.openstreetmap.org/relation/6948539,Rue Saint-Antoine,https://www.openstreetmap.org/relation/9597,Paris 4e Arrondissement,75104
https://www.openstreetmap.org/node/705323639,https://www.openstreetmap.org/relation/11828880,Rue de Lesdiguières,https://www.openstreetmap.org/relation/9597,Paris 4e Arrondissement,75104
https://www.openstreetmap.org/node/705323641,https://www.openstreetmap.org/relation/11828880,Rue de Lesdiguières,https://www.openstreetmap.org/relation/9597,Paris 4e Arrondissement,75104
https://www.openstreetmap.org/node/705323643,https://www.openstreetmap.org/relation/11828842,Rue du Petit Musc,https://www.openstreetmap.org/relation/9597,Paris 4e Arrondissement,75104
https://www.openstreetmap.org/node/705323644,https://www.openstreetmap.org/relation/6948539,Rue Saint-Antoine,https://www.openstreetmap.org/relation/9597,Paris 4e Arrondissement,75104
https://www.openstreetmap.org/node/705323655,https://www.openstreetmap.org/relation/11828880,Rue de Lesdiguières,https://www.openstreetmap.org/relation/9597,Paris 4e Arrondissement,75104
https://www.openstreetmap.org/node/705323668,https://www.openstreetmap.org/relation/11828852,Rue Castex,https://www.openstreetmap.org/relation/9597,Paris 4e Arrondissement,75104
https://www.openstreetmap.org/node/705323676,https://www.openstreetmap.org/relation/11828811,Boulevard Henri IV,https://www.openstreetmap.org/relation/9597,Paris 4e Arrondissement,75104
https://www.openstreetmap.org/node/705323682,https://www.openstreetmap.org/relation/11828880,Rue de Lesdiguières,https://www.openstreetmap.org/relation/9597,Paris 4e Arrondissement,75104
https://www.openstreetmap.org/node/705323684,https://www.openstreetmap.org/relation/11828842,Rue du Petit Musc,https://www.openstreetmap.org/relation/9597,Paris 4e Arrondissement,75104
https://www.openstreetmap.org/node/705323749,https://www.openstreetmap.org/relation/11828852,Rue Castex,https://www.openstreetmap.org/relation/9597,Paris 4e Arrondissement,75104
https://www.openstreetmap.org/node/705323757,https://www.openstreetmap.org/relation/11828852,Rue Castex,https://www.openstreetmap.org/relation/9597,Paris 4e Arrondissement,75104
https://www.openstreetmap.org/node/705323772,https://www.openstreetmap.org/relation/11828852,Rue Castex,https://www.openstreetmap.org/relation/9597,Paris 4e Arrondissement,75104
https://www.openstreetmap.org/node/705323775,https://www.openstreetmap.org/relation/11828811,Boulevard Henri IV,https://www.openstreetmap.org/relation/9597,Paris 4e Arrondissement,75104
https://www.openstreetmap.org/node/705323785,https://www.openstreetmap.org/relation/11828880,Rue de Lesdiguières,https://www.openstreetmap.org/relation/9597,Paris 4e Arrondissement,75104
https://www.openstreetmap.org/node/705323825,https://www.openstreetmap.org/relation/11828842,Rue du Petit Musc,https://www.openstreetmap.org/relation/9597,Paris 4e Arrondissement,75104
https://www.openstreetmap.org/node/705323850,https://www.openstreetmap.org/relation/11828852,Rue Castex,https://www.openstreetmap.org/relation/9597,Paris 4e Arrondissement,75104
https://www.openstreetmap.org/node/705323856,https://www.openstreetmap.org/relation/11828880,Rue de Lesdiguières,https://www.openstreetmap.org/relation/9597,Paris 4e Arrondissement,75104
https://www.openstreetmap.org/node/705323859,https://www.openstreetmap.org/relation/6948539,Rue Saint-Antoine,https://www.openstreetmap.org/relation/9597,Paris 4e Arrondissement,75104
https://www.openstreetmap.org/node/705323882,https://www.openstreetmap.org/relation/11828778,Rue de la Cerisaie,https://www.openstreetmap.org/relation/9597,Paris 4e Arrondissement,75104
https://www.openstreetmap.org/node/705323892,https://www.openstreetmap.org/relation/11828811,Boulevard Henri IV,https://www.openstreetmap.org/relation/9597,Paris 4e Arrondissement,75104
https://www.openstreetmap.org/node/705323906,https://www.openstreetmap.org/relation/11828811,Boulevard Henri IV,https://www.openstreetmap.org/relation/9597,Paris 4e Arrondissement,75104
https://www.openstreetmap.org/node/705323947,https://www.openstreetmap.org/relation/11828852,Rue Castex,https://www.openstreetmap.org/relation/9597,Paris 4e Arrondissement,75104
https://www.openstreetmap.org/node/705323950,https://www.openstreetmap.org/relation/11828778,Rue de la Cerisaie,https://www.openstreetmap.org/relation/9597,Paris 4e Arrondissement,75104
https://www.openstreetmap.org/node/705323962,https://www.openstreetmap.org/relation/11828842,Rue du Petit Musc,https://www.openstreetmap.org/relation/9597,Paris 4e Arrondissement,75104
https://www.openstreetmap.org/node/705323967,https://www.openstreetmap.org/relation/11828880,Rue de Lesdiguières,https://www.openstreetmap.org/relation/9597,Paris 4e Arrondissement,75104
https://www.openstreetmap.org/node/705346798,https://www.openstreetmap.org/relation/6948539,Rue Saint-Antoine,https://www.openstreetmap.org/relation/9597,Paris 4e Arrondissement,75104
https://www.openstreetmap.org/node/705346805,https://www.openstreetmap.org/relation/11828842,Rue du Petit Musc,https://www.openstreetmap.org/relation/9597,Paris 4e Arrondissement,75104
https://www.openstreetmap.org/node/705346875,https://www.openstreetmap.org/relation/11828778,Rue de la Cerisaie,https://www.openstreetmap.org/relation/9597,Paris 4e Arrondissement,75104
https://www.openstreetmap.org/node/705346890,https://www.openstreetmap.org/relation/11828811,Boulevard Henri IV,https://www.openstreetmap.org/relation/9597,Paris 4e Arrondissement,75104
https://www.openstreetmap.org/node/705346906,https://www.openstreetmap.org/relation/11828778,Rue de la Cerisaie,https://www.openstreetmap.org/relation/9597,Paris 4e Arrondissement,75104
https://www.openstreetmap.org/node/705346924,https://www.openstreetmap.org/relation/11828811,Boulevard Henri IV,https://www.openstreetmap.org/relation/9597,Paris 4e Arrondissement,75104
https://www.openstreetmap.org/node/705346938,https://www.openstreetmap.org/relation/11828778,Rue de la Cerisaie,https://www.openstreetmap.org/relation/9597,Paris 4e Arrondissement,75104
https://www.openstreetmap.org/node/705346940,https://www.openstreetmap.org/relation/11828811,Boulevard Henri IV,https://www.openstreetmap.org/relation/9597,Paris 4e Arrondissement,75104
https://www.openstreetmap.org/node/705346978,https://www.openstreetmap.org/relation/11828811,Boulevard Henri IV,https://www.openstreetmap.org/relation/9597,Paris 4e Arrondissement,75104
https://www.openstreetmap.org/node/705346989,https://www.openstreetmap.org/relation/11828811,Boulevard Henri IV,https://www.openstreetmap.org/relation/9597,Paris 4e Arrondissement,75104
https://www.openstreetmap.org/node/705346990,https://www.openstreetmap.org/relation/11828811,Boulevard Henri IV,https://www.openstreetmap.org/relation/9597,Paris 4e Arrondissement,75104
https://www.openstreetmap.org/node/705346991,https://www.openstreetmap.org/relation/11828842,Rue du Petit Musc,https://www.openstreetmap.org/relation/9597,Paris 4e Arrondissement,75104
https://www.openstreetmap.org/node/705346994,https://www.openstreetmap.org/relation/11828811,Boulevard Henri IV,https://www.openstreetmap.org/relation/9597,Paris 4e Arrondissement,75104
https://www.openstreetmap.org/node/705347021,https://www.openstreetmap.org/relation/11828760,Place de la Bastille,https://www.openstreetmap.org/relation/9597,Paris 4e Arrondissement,75104
https://www.openstreetmap.org/node/705347025,https://www.openstreetmap.org/relation/11828760,Place de la Bastille,https://www.openstreetmap.org/relation/9597,Paris 4e Arrondissement,75104
https://www.openstreetmap.org/node/705347032,https://www.openstreetmap.org/relation/11828842,Rue du Petit Musc,https://www.openstreetmap.org/relation/9597,Paris 4e Arrondissement,75104
https://www.openstreetmap.org/node/705347048,https://www.openstreetmap.org/relation/11828794,Rue Jules Cousin,https://www.openstreetmap.org/relation/9597,Paris 4e Arrondissement,75104
https://www.openstreetmap.org/node/705347069,https://www.openstreetmap.org/relation/11828842,Rue du Petit Musc,https://www.openstreetmap.org/relation/9597,Paris 4e Arrondissement,75104
https://www.openstreetmap.org/node/705347078,https://www.openstreetmap.org/relation/11828778,Rue de la Cerisaie,https://www.openstreetmap.org/relation/9597,Paris 4e Arrondissement,75104
https://www.openstreetmap.org/node/705347129,https://www.openstreetmap.org/relation/11828778,Rue de la Cerisaie,https://www.openstreetmap.org/relation/9597,Paris 4e Arrondissement,75104
https://www.openstreetmap.org/node/705347137,https://www.openstreetmap.org/relation/11828778,Rue de la Cerisaie,https://www.openstreetmap.org/relation/9597,Paris 4e Arrondissement,75104
https://www.openstreetmap.org/node/705347141,https://www.openstreetmap.org/relation/11828811,Boulevard Henri IV,https://www.openstreetmap.org/relation/9597,Paris 4e Arrondissement,75104
https://www.openstreetmap.org/node/705347169,https://www.openstreetmap.org/relation/11828794,Rue Jules Cousin,https://www.openstreetmap.org/relation/9597,Paris 4e Arrondissement,75104
https://www.openstreetmap.org/node/705347176,https://www.openstreetmap.org/relation/6948539,Rue Saint-Antoine,https://www.openstreetmap.org/relation/9597,Paris 4e Arrondissement,75104
https://www.openstreetmap.org/node/705347203,https://www.openstreetmap.org/relation/11828778,Rue de la Cerisaie,https://www.openstreetmap.org/relation/9597,Paris 4e Arrondissement,75104
https://www.openstreetmap.org/node/705347214,https://www.openstreetmap.org/relation/11828811,Boulevard Henri IV,https://www.openstreetmap.org/relation/9597,Paris 4e Arrondissement,75104
https://www.openstreetmap.org/node/705347238,https://www.openstreetmap.org/relation/11828842,Rue du Petit Musc,https://www.openstreetmap.org/relation/9597,Paris 4e Arrondissement,75104
https://www.openstreetmap.org/node/705458712,https://www.openstreetmap.org/relation/11828789,Rue Jacques Cœur,https://www.openstreetmap.org/relation/9597,Paris 4e Arrondissement,75104
https://www.openstreetmap.org/node/705458737,https://www.openstreetmap.org/relation/11828880,Rue de Lesdiguières,https://www.openstreetmap.org/relation/9597,Paris 4e Arrondissement,75104
https://www.openstreetmap.org/node/705458743,https://www.openstreetmap.org/relation/11828821,Rue Bassompierre,https://www.openstreetmap.org/relation/9597,Paris 4e Arrondissement,75104
https://www.openstreetmap.org/node/705458747,https://www.openstreetmap.org/relation/11828880,Rue de Lesdiguières,https://www.openstreetmap.org/relation/9597,Paris 4e Arrondissement,75104
https://www.openstreetmap.org/node/705458764,https://www.openstreetmap.org/relation/11828821,Rue Bassompierre,https://www.openstreetmap.org/relation/9597,Paris 4e Arrondissement,75104
https://www.openstreetmap.org/node/705458779,https://www.openstreetmap.org/relation/11828778,Rue de la Cerisaie,https://www.openstreetmap.org/relation/9597,Paris 4e Arrondissement,75104
https://www.openstreetmap.org/node/705458787,https://www.openstreetmap.org/relation/11828778,Rue de la Cerisaie,https://www.openstreetmap.org/relation/9597,Paris 4e Arrondissement,75104
https://www.openstreetmap.org/node/705458801,https://www.openstreetmap.org/relation/11828895,Boulevard Bourdon,https://www.openstreetmap.org/relation/9597,Paris 4e Arrondissement,75104
https://www.openstreetmap.org/node/705458812,https://www.openstreetmap.org/relation/11828778,Rue de la Cerisaie,https://www.openstreetmap.org/relation/9597,Paris 4e Arrondissement,75104
https://www.openstreetmap.org/node/705458833,https://www.openstreetmap.org/relation/11828811,Boulevard Henri IV,https://www.openstreetmap.org/relation/9597,Paris 4e Arrondissement,75104
https://www.openstreetmap.org/node/705458839,https://www.openstreetmap.org/relation/11828821,Rue Bassompierre,https://www.openstreetmap.org/relation/9597,Paris 4e Arrondissement,75104
https://www.openstreetmap.org/node/705458854,https://www.openstreetmap.org/relation/11828778,Rue de la Cerisaie,https://www.openstreetmap.org/relation/9597,Paris 4e Arrondissement,75104
https://www.openstreetmap.org/node/705458859,https://www.openstreetmap.org/relation/11828778,Rue de la Cerisaie,https://www.openstreetmap.org/relation/9597,Paris 4e Arrondissement,75104
https://www.openstreetmap.org/node/705458867,https://www.openstreetmap.org/relation/11828821,Rue Bassompierre,https://www.openstreetmap.org/relation/9597,Paris 4e Arrondissement,75104
https://www.openstreetmap.org/node/705458872,https://www.openstreetmap.org/relation/11828880,Rue de Lesdiguières,https://www.openstreetmap.org/relation/9597,Paris 4e Arrondissement,75104
https://www.openstreetmap.org/node/705458889,https://www.openstreetmap.org/relation/11828789,Rue Jacques Cœur,https://www.openstreetmap.org/relation/9597,Paris 4e Arrondissement,75104
https://www.openstreetmap.org/node/705458892,https://www.openstreetmap.org/relation/11828880,Rue de Lesdiguières,https://www.openstreetmap.org/relation/9597,Paris 4e Arrondissement,75104
https://www.openstreetmap.org/node/705458904,https://www.openstreetmap.org/relation/11828811,Boulevard Henri IV,https://www.openstreetmap.org/relation/9597,Paris 4e Arrondissement,75104
https://www.openstreetmap.org/node/705458909,https://www.openstreetmap.org/relation/11828895,Boulevard Bourdon,https://www.openstreetmap.org/relation/9597,Paris 4e Arrondissement,75104
https://www.openstreetmap.org/node/705458913,https://www.openstreetmap.org/relation/11828895,Boulevard Bourdon,https://www.openstreetmap.org/relation/9597,Paris 4e Arrondissement,75104
https://www.openstreetmap.org/node/705458916,https://www.openstreetmap.org/relation/11828895,Boulevard Bourdon,https://www.openstreetmap.org/relation/9597,Paris 4e Arrondissement,75104
https://www.openstreetmap.org/node/705458930,https://www.openstreetmap.org/relation/11828811,Boulevard Henri IV,https://www.openstreetmap.org/relation/9597,Paris 4e Arrondissement,75104
https://www.openstreetmap.org/node/705458933,https://www.openstreetmap.org/relation/11828811,Boulevard Henri IV,https://www.openstreetmap.org/relation/9597,Paris 4e Arrondissement,75104
https://www.openstreetmap.org/node/705458939,https://www.openstreetmap.org/relation/11828811,Boulevard Henri IV,https://www.openstreetmap.org/relation/9597,Paris 4e Arrondissement,75104
https://www.openstreetmap.org/node/705458941,https://www.openstreetmap.org/relation/11828895,Boulevard Bourdon,https://www.openstreetmap.org/relation/9597,Paris 4e Arrondissement,75104
https://www.openstreetmap.org/node/705458950,https://www.openstreetmap.org/relation/11828789,Rue Jacques Cœur,https://www.openstreetmap.org/relation/9597,Paris 4e Arrondissement,75104
https://www.openstreetmap.org/node/705458958,https://www.openstreetmap.org/relation/11828821,Rue Bassompierre,https://www.openstreetmap.org/relation/9597,Paris 4e Arrondissement,75104
https://www.openstreetmap.org/node/705458966,https://www.openstreetmap.org/relation/11828895,Boulevard Bourdon,https://www.openstreetmap.org/relation/9597,Paris 4e Arrondissement,75104
https://www.openstreetmap.org/node/705458972,https://www.openstreetmap.org/relation/11828789,Rue Jacques Cœur,https://www.openstreetmap.org/relation/9597,Paris 4e Arrondissement,75104
https://www.openstreetmap.org/node/705458985,https://www.openstreetmap.org/relation/11828789,Rue Jacques Cœur,https://www.openstreetmap.org/relation/9597,Paris 4e Arrondissement,75104
https://www.openstreetmap.org/node/705459013,https://www.openstreetmap.org/relation/11828778,Rue de la Cerisaie,https://www.openstreetmap.org/relation/9597,Paris 4e Arrondissement,75104
https://www.openstreetmap.org/node/705459019,https://www.openstreetmap.org/relation/11828778,Rue de la Cerisaie,https://www.openstreetmap.org/relation/9597,Paris 4e Arrondissement,75104
https://www.openstreetmap.org/node/705459025,https://www.openstreetmap.org/relation/11828789,Rue Jacques Cœur,https://www.openstreetmap.org/relation/9597,Paris 4e Arrondissement,75104
https://www.openstreetmap.org/node/705483064,https://www.openstreetmap.org/relation/11828844,Rue de l'Arsenal,https://www.openstreetmap.org/relation/9597,Paris 4e Arrondissement,75104
https://www.openstreetmap.org/node/705483073,https://www.openstreetmap.org/relation/11828870,Rue Mornay,https://www.openstreetmap.org/relation/9597,Paris 4e Arrondissement,75104
https://www.openstreetmap.org/node/705483104,https://www.openstreetmap.org/relation/11828802,Rue de Sully,https://www.openstreetmap.org/relation/9597,Paris 4e Arrondissement,75104
https://www.openstreetmap.org/node/705483131,https://www.openstreetmap.org/relation/11828870,Rue Mornay,https://www.openstreetmap.org/relation/9597,Paris 4e Arrondissement,75104
https://www.openstreetmap.org/node/705483142,https://www.openstreetmap.org/relation/11828895,Boulevard Bourdon,https://www.openstreetmap.org/relation/9597,Paris 4e Arrondissement,75104
https://www.openstreetmap.org/node/705483155,https://www.openstreetmap.org/relation/11828802,Rue de Sully,https://www.openstreetmap.org/relation/9597,Paris 4e Arrondissement,75104
https://www.openstreetmap.org/node/705483162,https://www.openstreetmap.org/relation/11828778,Rue de la Cerisaie,https://www.openstreetmap.org/relation/9597,Paris 4e Arrondissement,75104
https://www.openstreetmap.org/node/705483167,https://www.openstreetmap.org/relation/11828811,Boulevard Henri IV,https://www.openstreetmap.org/relation/9597,Paris 4e Arrondissement,75104
https://www.openstreetmap.org/node/705483184,https://www.openstreetmap.org/relation/11828895,Boulevard Bourdon,https://www.openstreetmap.org/relation/9597,Paris 4e Arrondissement,75104
https://www.openstreetmap.org/node/705483190,https://www.openstreetmap.org/relation/11828802,Rue de Sully,https://www.openstreetmap.org/relation/9597,Paris 4e Arrondissement,75104
https://www.openstreetmap.org/node/705483203,https://www.openstreetmap.org/relation/11828888,Rue Crillon,https://www.openstreetmap.org/relation/9597,Paris 4e Arrondissement,75104
https://www.openstreetmap.org/node/705483211,https://www.openstreetmap.org/relation/11828811,Boulevard Henri IV,https://www.openstreetmap.org/relation/9597,Paris 4e Arrondissement,75104
https://www.openstreetmap.org/node/705483214,https://www.openstreetmap.org/relation/11828811,Boulevard Henri IV,https://www.openstreetmap.org/relation/9597,Paris 4e Arrondissement,75104
https://www.openstreetmap.org/node/705483224,https://www.openstreetmap.org/relation/11828870,Rue Mornay,https://www.openstreetmap.org/relation/9597,Paris 4e Arrondissement,75104
https://www.openstreetmap.org/node/705483237,https://www.openstreetmap.org/relation/11828844,Rue de l'Arsenal,https://www.openstreetmap.org/relation/9597,Paris 4e Arrondissement,75104
https://www.openstreetmap.org/node/705483256,https://www.openstreetmap.org/relation/11828844,Rue de l'Arsenal,https://www.openstreetmap.org/relation/9597,Paris 4e Arrondissement,75104
https://www.openstreetmap.org/node/705483260,https://www.openstreetmap.org/relation/11828888,Rue Crillon,https://www.openstreetmap.org/relation/9597,Paris 4e Arrondissement,75104
https://www.openstreetmap.org/node/705483272,https://www.openstreetmap.org/relation/11828778,Rue de la Cerisaie,https://www.openstreetmap.org/relation/9597,Paris 4e Arrondissement,75104
https://www.openstreetmap.org/node/705483273,https://www.openstreetmap.org/relation/11828844,Rue de l'Arsenal,https://www.openstreetmap.org/relation/9597,Paris 4e Arrondissement,75104
https://www.openstreetmap.org/node/705483295,https://www.openstreetmap.org/relation/11828888,Rue Crillon,https://www.openstreetmap.org/relation/9597,Paris 4e Arrondissement,75104
https://www.openstreetmap.org/node/705483308,https://www.openstreetmap.org/relation/11828888,Rue Crillon,https://www.openstreetmap.org/relation/9597,Paris 4e Arrondissement,75104
https://www.openstreetmap.org/node/705483311,https://www.openstreetmap.org/relation/11828811,Boulevard Henri IV,https://www.openstreetmap.org/relation/9597,Paris 4e Arrondissement,75104
https://www.openstreetmap.org/node/705483326,https://www.openstreetmap.org/relation/11828895,Boulevard Bourdon,https://www.openstreetmap.org/relation/9597,Paris 4e Arrondissement,75104
https://www.openstreetmap.org/node/705483332,https://www.openstreetmap.org/relation/11828802,Rue de Sully,https://www.openstreetmap.org/relation/9597,Paris 4e Arrondissement,75104
https://www.openstreetmap.org/node/705483349,https://www.openstreetmap.org/relation/11828802,Rue de Sully,https://www.openstreetmap.org/relation/9597,Paris 4e Arrondissement,75104
https://www.openstreetmap.org/node/705483364,https://www.openstreetmap.org/relation/11828778,Rue de la Cerisaie,https://www.openstreetmap.org/relation/9597,Paris 4e Arrondissement,75104
https://www.openstreetmap.org/node/705483380,https://www.openstreetmap.org/relation/11828844,Rue de l'Arsenal,https://www.openstreetmap.org/relation/9597,Paris 4e Arrondissement,75104
https://www.openstreetmap.org/node/705483399,https://www.openstreetmap.org/relation/11828888,Rue Crillon,https://www.openstreetmap.org/relation/9597,Paris 4e Arrondissement,75104
https://www.openstreetmap.org/node/705483410,https://www.openstreetmap.org/relation/11828811,Boulevard Henri IV,https://www.openstreetmap.org/relation/9597,Paris 4e Arrondissement,75104
https://www.openstreetmap.org/node/705483413,https://www.openstreetmap.org/relation/11828844,Rue de l'Arsenal,https://www.openstreetmap.org/relation/9597,Paris 4e Arrondissement,75104
https://www.openstreetmap.org/node/705483419,https://www.openstreetmap.org/relation/11828811,Boulevard Henri IV,https://www.openstreetmap.org/relation/9597,Paris 4e Arrondissement,75104
https://www.openstreetmap.org/node/705483431,https://www.openstreetmap.org/relation/11828844,Rue de l'Arsenal,https://www.openstreetmap.org/relation/9597,Paris 4e Arrondissement,75104
https://www.openstreetmap.org/node/705483440,https://www.openstreetmap.org/relation/11828844,Rue de l'Arsenal,https://www.openstreetmap.org/relation/9597,Paris 4e Arrondissement,75104
https://www.openstreetmap.org/node/705483443,https://www.openstreetmap.org/relation/11828895,Boulevard Bourdon,https://www.openstreetmap.org/relation/9597,Paris 4e Arrondissement,75104
https://www.openstreetmap.org/node/705483449,https://www.openstreetmap.org/relation/11828802,Rue de Sully,https://www.openstreetmap.org/relation/9597,Paris 4e Arrondissement,75104
https://www.openstreetmap.org/node/705483461,https://www.openstreetmap.org/relation/11828895,Boulevard Bourdon,https://www.openstreetmap.org/relation/9597,Paris 4e Arrondissement,75104
https://www.openstreetmap.org/node/705483463,https://www.openstreetmap.org/relation/11828778,Rue de la Cerisaie,https://www.openstreetmap.org/relation/9597,Paris 4e Arrondissement,75104
https://www.openstreetmap.org/node/705483472,https://www.openstreetmap.org/relation/11828811,Boulevard Henri IV,https://www.openstreetmap.org/relation/9597,Paris 4e Arrondissement,75104
https://www.openstreetmap.org/node/705483489,https://www.openstreetmap.org/relation/11828778,Rue de la Cerisaie,https://www.openstreetmap.org/relation/9597,Paris 4e Arrondissement,75104
https://www.openstreetmap.org/node/705483493,https://www.openstreetmap.org/relation/11828778,Rue de la Cerisaie,https://www.openstreetmap.org/relation/9597,Paris 4e Arrondissement,75104
https://www.openstreetmap.org/node/705483524,https://www.openstreetmap.org/relation/11828802,Rue de Sully,https://www.openstreetmap.org/relation/9597,Paris 4e Arrondissement,75104
https://www.openstreetmap.org/node/705483526,https://www.openstreetmap.org/relation/11828888,Rue Crillon,https://www.openstreetmap.org/relation/9597,Paris 4e Arrondissement,75104
https://www.openstreetmap.org/node/705483533,https://www.openstreetmap.org/relation/11828811,Boulevard Henri IV,https://www.openstreetmap.org/relation/9597,Paris 4e Arrondissement,75104
https://www.openstreetmap.org/node/705483558,https://www.openstreetmap.org/relation/11828895,Boulevard Bourdon,https://www.openstreetmap.org/relation/9597,Paris 4e Arrondissement,75104
https://www.openstreetmap.org/node/705483573,https://www.openstreetmap.org/relation/11828802,Rue de Sully,https://www.openstreetmap.org/relation/9597,Paris 4e Arrondissement,75104
https://www.openstreetmap.org/node/705483580,https://www.openstreetmap.org/relation/11828844,Rue de l'Arsenal,https://www.openstreetmap.org/relation/9597,Paris 4e Arrondissement,75104
https://www.openstreetmap.org/node/705483589,https://www.openstreetmap.org/relation/11828811,Boulevard Henri IV,https://www.openstreetmap.org/relation/9597,Paris 4e Arrondissement,75104
https://www.openstreetmap.org/node/705483616,https://www.openstreetmap.org/relation/11828778,Rue de la Cerisaie,https://www.openstreetmap.org/relation/9597,Paris 4e Arrondissement,75104
https://www.openstreetmap.org/node/705483629,https://www.openstreetmap.org/relation/11828895,Boulevard Bourdon,https://www.openstreetmap.org/relation/9597,Paris 4e Arrondissement,75104
https://www.openstreetmap.org/node/705483636,https://www.openstreetmap.org/relation/11828802,Rue de Sully,https://www.openstreetmap.org/relation/9597,Paris 4e Arrondissement,75104
https://www.openstreetmap.org/node/705483640,https://www.openstreetmap.org/relation/11828844,Rue de l'Arsenal,https://www.openstreetmap.org/relation/9597,Paris 4e Arrondissement,75104
https://www.openstreetmap.org/node/705483658,https://www.openstreetmap.org/relation/11828802,Rue de Sully,https://www.openstreetmap.org/relation/9597,Paris 4e Arrondissement,75104
https://www.openstreetmap.org/node/705483672,https://www.openstreetmap.org/relation/11828870,Rue Mornay,https://www.openstreetmap.org/relation/9597,Paris 4e Arrondissement,75104
https://www.openstreetmap.org/node/705483674,https://www.openstreetmap.org/relation/11828844,Rue de l'Arsenal,https://www.openstreetmap.org/relation/9597,Paris 4e Arrondissement,75104
https://www.openstreetmap.org/node/705483676,https://www.openstreetmap.org/relation/11828844,Rue de l'Arsenal,https://www.openstreetmap.org/relation/9597,Paris 4e Arrondissement,75104
https://www.openstreetmap.org/node/705483686,https://www.openstreetmap.org/relation/11828778,Rue de la Cerisaie,https://www.openstreetmap.org/relation/9597,Paris 4e Arrondissement,75104
https://www.openstreetmap.org/node/705483703,https://www.openstreetmap.org/relation/11828802,Rue de Sully,https://www.openstreetmap.org/relation/9597,Paris 4e Arrondissement,75104
https://www.openstreetmap.org/node/705483704,https://www.openstreetmap.org/relation/11828811,Boulevard Henri IV,https://www.openstreetmap.org/relation/9597,Paris 4e Arrondissement,75104
https://www.openstreetmap.org/node/705483725,https://www.openstreetmap.org/relation/11828844,Rue de l'Arsenal,https://www.openstreetmap.org/relation/9597,Paris 4e Arrondissement,75104
https://www.openstreetmap.org/node/705483735,https://www.openstreetmap.org/relation/11828778,Rue de la Cerisaie,https://www.openstreetmap.org/relation/9597,Paris 4e Arrondissement,75104
https://www.openstreetmap.org/node/705483740,https://www.openstreetmap.org/relation/11828811,Boulevard Henri IV,https://www.openstreetmap.org/relation/9597,Paris 4e Arrondissement,75104
https://www.openstreetmap.org/node/705483742,https://www.openstreetmap.org/relation/11828844,Rue de l'Arsenal,https://www.openstreetmap.org/relation/9597,Paris 4e Arrondissement,75104
https://www.openstreetmap.org/node/705483766,https://www.openstreetmap.org/relation/11828844,Rue de l'Arsenal,https://www.openstreetmap.org/relation/9597,Paris 4e Arrondissement,75104
https://www.openstreetmap.org/node/705483769,https://www.openstreetmap.org/relation/11828802,Rue de Sully,https://www.openstreetmap.org/relation/9597,Paris 4e Arrondissement,75104
https://www.openstreetmap.org/node/705483790,https://www.openstreetmap.org/relation/11828811,Boulevard Henri IV,https://www.openstreetmap.org/relation/9597,Paris 4e Arrondissement,75104
https://www.openstreetmap.org/node/705483806,https://www.openstreetmap.org/relation/11828844,Rue de l'Arsenal,https://www.openstreetmap.org/relation/9597,Paris 4e Arrondissement,75104
https://www.openstreetmap.org/node/7055074409,https://www.openstreetmap.org/relation/6782337,Boulevard Voltaire,https://www.openstreetmap.org/relation/9533,Paris 11e Arrondissement,75111
https://www.openstreetmap.org/node/705514602,https://www.openstreetmap.org/relation/11828895,Boulevard Bourdon,https://www.openstreetmap.org/relation/9597,Paris 4e Arrondissement,75104
https://www.openstreetmap.org/node/705514617,https://www.openstreetmap.org/relation/11828820,Boulevard Morland,https://www.openstreetmap.org/relation/9597,Paris 4e Arrondissement,75104
https://www.openstreetmap.org/node/705514624,https://www.openstreetmap.org/relation/11828763,Rue de Brissac,https://www.openstreetmap.org/relation/9597,Paris 4e Arrondissement,75104
https://www.openstreetmap.org/node/705514654,https://www.openstreetmap.org/relation/11828763,Rue de Brissac,https://www.openstreetmap.org/relation/9597,Paris 4e Arrondissement,75104
https://www.openstreetmap.org/node/705514677,https://www.openstreetmap.org/relation/11828763,Rue de Brissac,https://www.openstreetmap.org/relation/9597,Paris 4e Arrondissement,75104
https://www.openstreetmap.org/node/705514680,https://www.openstreetmap.org/relation/11828888,Rue Crillon,https://www.openstreetmap.org/relation/9597,Paris 4e Arrondissement,75104
https://www.openstreetmap.org/node/705514730,https://www.openstreetmap.org/relation/11828820,Boulevard Morland,https://www.openstreetmap.org/relation/9597,Paris 4e Arrondissement,75104
https://www.openstreetmap.org/node/705514734,https://www.openstreetmap.org/relation/11828820,Boulevard Morland,https://www.openstreetmap.org/relation/9597,Paris 4e Arrondissement,75104
https://www.openstreetmap.org/node/705514764,https://www.openstreetmap.org/relation/11828763,Rue de Brissac,https://www.openstreetmap.org/relation/9597,Paris 4e Arrondissement,75104
https://www.openstreetmap.org/node/705514798,https://www.openstreetmap.org/relation/11828820,Boulevard Morland,https://www.openstreetmap.org/relation/9597,Paris 4e Arrondissement,75104
https://www.openstreetmap.org/node/705514803,https://www.openstreetmap.org/relation/11828820,Boulevard Morland,https://www.openstreetmap.org/relation/9597,Paris 4e Arrondissement,75104
https://www.openstreetmap.org/node/705514831,https://www.openstreetmap.org/relation/11828888,Rue Crillon,https://www.openstreetmap.org/relation/9597,Paris 4e Arrondissement,75104
https://www.openstreetmap.org/node/705514842,https://www.openstreetmap.org/relation/11828870,Rue Mornay,https://www.openstreetmap.org/relation/9597,Paris 4e Arrondissement,75104
https://www.openstreetmap.org/node/705514878,https://www.openstreetmap.org/relation/11828777,Rue de Schomberg,https://www.openstreetmap.org/relation/9597,Paris 4e Arrondissement,75104
https://www.openstreetmap.org/node/705514882,https://www.openstreetmap.org/relation/11828820,Boulevard Morland,https://www.openstreetmap.org/relation/9597,Paris 4e Arrondissement,75104
https://www.openstreetmap.org/node/705514899,https://www.openstreetmap.org/relation/11828870,Rue Mornay,https://www.openstreetmap.org/relation/9597,Paris 4e Arrondissement,75104
https://www.openstreetmap.org/node/705514912,https://www.openstreetmap.org/relation/11828777,Rue de Schomberg,https://www.openstreetmap.org/relation/9597,Paris 4e Arrondissement,75104
https://www.openstreetmap.org/node/705514920,https://www.openstreetmap.org/relation/11828777,Rue de Schomberg,https://www.openstreetmap.org/relation/9597,Paris 4e Arrondissement,75104
https://www.openstreetmap.org/node/705514933,https://www.openstreetmap.org/relation/11828870,Rue Mornay,https://www.openstreetmap.org/relation/9597,Paris 4e Arrondissement,75104
https://www.openstreetmap.org/node/705514938,https://www.openstreetmap.org/relation/11828888,Rue Crillon,https://www.openstreetmap.org/relation/9597,Paris 4e Arrondissement,75104
https://www.openstreetmap.org/node/705514967,https://www.openstreetmap.org/relation/11828888,Rue Crillon,https://www.openstreetmap.org/relation/9597,Paris 4e Arrondissement,75104
https://www.openstreetmap.org/node/705514968,https://www.openstreetmap.org/relation/11828820,Boulevard Morland,https://www.openstreetmap.org/relation/9597,Paris 4e Arrondissement,75104
https://www.openstreetmap.org/node/705514995,https://www.openstreetmap.org/relation/11828888,Rue Crillon,https://www.openstreetmap.org/relation/9597,Paris 4e Arrondissement,75104
https://www.openstreetmap.org/node/705514998,https://www.openstreetmap.org/relation/11828888,Rue Crillon,https://www.openstreetmap.org/relation/9597,Paris 4e Arrondissement,75104
https://www.openstreetmap.org/node/705515005,https://www.openstreetmap.org/relation/11828820,Boulevard Morland,https://www.openstreetmap.org/relation/9597,Paris 4e Arrondissement,75104
https://www.openstreetmap.org/node/705515040,https://www.openstreetmap.org/relation/11828820,Boulevard Morland,https://www.openstreetmap.org/relation/9597,Paris 4e Arrondissement,75104
https://www.openstreetmap.org/node/705515046,https://www.openstreetmap.org/relation/11828888,Rue Crillon,https://www.openstreetmap.org/relation/9597,Paris 4e Arrondissement,75104
https://www.openstreetmap.org/node/705515059,https://www.openstreetmap.org/relation/11828870,Rue Mornay,https://www.openstreetmap.org/relation/9597,Paris 4e Arrondissement,75104
https://www.openstreetmap.org/node/705528436,https://www.openstreetmap.org/relation/11828849,Quai Henri IV,https://www.openstreetmap.org/relation/9597,Paris 4e Arrondissement,75104
https://www.openstreetmap.org/node/705528522,https://www.openstreetmap.org/relation/11828777,Rue de Schomberg,https://www.openstreetmap.org/relation/9597,Paris 4e Arrondissement,75104
https://www.openstreetmap.org/node/705528766,https://www.openstreetmap.org/relation/11828849,Quai Henri IV,https://www.openstreetmap.org/relation/9597,Paris 4e Arrondissement,75104
https://www.openstreetmap.org/node/705528893,https://www.openstreetmap.org/relation/11828849,Quai Henri IV,https://www.openstreetmap.org/relation/9597,Paris 4e Arrondissement,75104
https://www.openstreetmap.org/node/705528924,https://www.openstreetmap.org/relation/11828849,Quai Henri IV,https://www.openstreetmap.org/relation/9597,Paris 4e Arrondissement,75104
https://www.openstreetmap.org/node/705529100,https://www.openstreetmap.org/relation/11828777,Rue de Schomberg,https://www.openstreetmap.org/relation/9597,Paris 4e Arrondissement,75104
https://www.openstreetmap.org/node/705529183,https://www.openstreetmap.org/relation/11828849,Quai Henri IV,https://www.openstreetmap.org/relation/9597,Paris 4e Arrondissement,75104
https://www.openstreetmap.org/node/705529303,https://www.openstreetmap.org/relation/11828820,Boulevard Morland,https://www.openstreetmap.org/relation/9597,Paris 4e Arrondissement,75104
https://www.openstreetmap.org/node/705529441,https://www.openstreetmap.org/relation/11828777,Rue de Schomberg,https://www.openstreetmap.org/relation/9597,Paris 4e Arrondissement,75104
https://www.openstreetmap.org/node/705529901,https://www.openstreetmap.org/relation/11828828,Rue Agrippa d'Aubigné,https://www.openstreetmap.org/relation/9597,Paris 4e Arrondissement,75104
https://www.openstreetmap.org/node/705529929,https://www.openstreetmap.org/relation/11828828,Rue Agrippa d'Aubigné,https://www.openstreetmap.org/relation/9597,Paris 4e Arrondissement,75104
https://www.openstreetmap.org/node/705529955,https://www.openstreetmap.org/relation/11828828,Rue Agrippa d'Aubigné,https://www.openstreetmap.org/relation/9597,Paris 4e Arrondissement,75104
https://www.openstreetmap.org/node/705553141,https://www.openstreetmap.org/relation/11828849,Quai Henri IV,https://www.openstreetmap.org/relation/9597,Paris 4e Arrondissement,75104
https://www.openstreetmap.org/node/705553151,https://www.openstreetmap.org/relation/11828820,Boulevard Morland,https://www.openstreetmap.org/relation/9597,Paris 4e Arrondissement,75104
https://www.openstreetmap.org/node/705553153,https://www.openstreetmap.org/relation/11828820,Boulevard Morland,https://www.openstreetmap.org/relation/9597,Paris 4e Arrondissement,75104
https://www.openstreetmap.org/node/705553191,https://www.openstreetmap.org/relation/11828820,Boulevard Morland,https://www.openstreetmap.org/relation/9597,Paris 4e Arrondissement,75104
https://www.openstreetmap.org/node/705553206,https://www.openstreetmap.org/relation/11828820,Boulevard Morland,https://www.openstreetmap.org/relation/9597,Paris 4e Arrondissement,75104
https://www.openstreetmap.org/node/705553229,https://www.openstreetmap.org/relation/11828849,Quai Henri IV,https://www.openstreetmap.org/relation/9597,Paris 4e Arrondissement,75104
https://www.openstreetmap.org/node/705553231,https://www.openstreetmap.org/relation/11828820,Boulevard Morland,https://www.openstreetmap.org/relation/9597,Paris 4e Arrondissement,75104
https://www.openstreetmap.org/node/705553233,https://www.openstreetmap.org/relation/11828849,Quai Henri IV,https://www.openstreetmap.org/relation/9597,Paris 4e Arrondissement,75104
https://www.openstreetmap.org/node/705553237,https://www.openstreetmap.org/relation/11828820,Boulevard Morland,https://www.openstreetmap.org/relation/9597,Paris 4e Arrondissement,75104
https://www.openstreetmap.org/node/705553241,https://www.openstreetmap.org/relation/11828820,Boulevard Morland,https://www.openstreetmap.org/relation/9597,Paris 4e Arrondissement,75104
https://www.openstreetmap.org/node/705553265,https://www.openstreetmap.org/relation/11828820,Boulevard Morland,https://www.openstreetmap.org/relation/9597,Paris 4e Arrondissement,75104
https://www.openstreetmap.org/node/705553282,https://www.openstreetmap.org/relation/11828849,Quai Henri IV,https://www.openstreetmap.org/relation/9597,Paris 4e Arrondissement,75104
https://www.openstreetmap.org/node/705553284,https://www.openstreetmap.org/relation/11828849,Quai Henri IV,https://www.openstreetmap.org/relation/9597,Paris 4e Arrondissement,75104
https://www.openstreetmap.org/node/705553288,https://www.openstreetmap.org/relation/11828820,Boulevard Morland,https://www.openstreetmap.org/relation/9597,Paris 4e Arrondissement,75104
https://www.openstreetmap.org/node/705553293,https://www.openstreetmap.org/relation/11828820,Boulevard Morland,https://www.openstreetmap.org/relation/9597,Paris 4e Arrondissement,75104
https://www.openstreetmap.org/node/705553322,https://www.openstreetmap.org/relation/11828820,Boulevard Morland,https://www.openstreetmap.org/relation/9597,Paris 4e Arrondissement,75104
https://www.openstreetmap.org/node/705553339,https://www.openstreetmap.org/relation/11828849,Quai Henri IV,https://www.openstreetmap.org/relation/9597,Paris 4e Arrondissement,75104
https://www.openstreetmap.org/node/705553362,https://www.openstreetmap.org/relation/11828849,Quai Henri IV,https://www.openstreetmap.org/relation/9597,Paris 4e Arrondissement,75104
https://www.openstreetmap.org/node/7087933285,https://www.openstreetmap.org/relation/11832572,Rue de Lyon,https://www.openstreetmap.org/relation/9525,Paris 12e Arrondissement,75112
https://www.openstreetmap.org/node/7141699268,https://www.openstreetmap.org/relation/11832286,Rue Claude Tillier,https://www.openstreetmap.org/relation/9525,Paris 12e Arrondissement,75112
https://www.openstreetmap.org/node/7141699269,https://www.openstreetmap.org/relation/11832286,Rue Claude Tillier,https://www.openstreetmap.org/relation/9525,Paris 12e Arrondissement,75112
https://www.openstreetmap.org/node/7141699270,https://www.openstreetmap.org/relation/11832268,Boulevard Diderot,https://www.openstreetmap.org/relation/9525,Paris 12e Arrondissement,75112
https://www.openstreetmap.org/node/7141717113,https://www.openstreetmap.org/relation/6949984,Rue du Faubourg Saint-Antoine,https://www.openstreetmap.org/relation/9533,Paris 11e Arrondissement,75111
https://www.openstreetmap.org/node/7147293344,https://www.openstreetmap.org/relation/11832572,Rue de Lyon,https://www.openstreetmap.org/relation/9525,Paris 12e Arrondissement,75112
https://www.openstreetmap.org/node/7147293345,https://www.openstreetmap.org/relation/11832572,Rue de Lyon,https://www.openstreetmap.org/relation/9525,Paris 12e Arrondissement,75112
https://www.openstreetmap.org/node/7152309671,https://www.openstreetmap.org/relation/11832534,Avenue Daumesnil,https://www.openstreetmap.org/relation/9525,Paris 12e Arrondissement,75112
https://www.openstreetmap.org/node/7157260126,https://www.openstreetmap.org/relation/11828797,Rue du Pas de la Mule,https://www.openstreetmap.org/relation/20742,Paris 3e Arrondissement,75103
https://www.openstreetmap.org/node/717532704,https://www.openstreetmap.org/relation/6783065,Rue de Turenne,https://www.openstreetmap.org/relation/20742,Paris 3e Arrondissement,75103
https://www.openstreetmap.org/node/717532730,https://www.openstreetmap.org/relation/11828867,Rue des Francs Bourgeois,https://www.openstreetmap.org/relation/20742,Paris 3e Arrondissement,75103
https://www.openstreetmap.org/node/721551399,https://www.openstreetmap.org/relation/11828765,Place des Vosges,https://www.openstreetmap.org/relation/20742,Paris 3e Arrondissement,75103
https://www.openstreetmap.org/node/721551411,https://www.openstreetmap.org/relation/11828867,Rue des Francs Bourgeois,https://www.openstreetmap.org/relation/20742,Paris 3e Arrondissement,75103
https://www.openstreetmap.org/node/721551431,https://www.openstreetmap.org/relation/11828797,Rue du Pas de la Mule,https://www.openstreetmap.org/relation/20742,Paris 3e Arrondissement,75103
https://www.openstreetmap.org/node/721551439,https://www.openstreetmap.org/relation/11828765,Place des Vosges,https://www.openstreetmap.org/relation/20742,Paris 3e Arrondissement,75103
https://www.openstreetmap.org/node/721551441,https://www.openstreetmap.org/relation/6783065,Rue de Turenne,https://www.openstreetmap.org/relation/20742,Paris 3e Arrondissement,75103
https://www.openstreetmap.org/node/721551448,https://www.openstreetmap.org/relation/11828765,Place des Vosges,https://www.openstreetmap.org/relation/20742,Paris 3e Arrondissement,75103
https://www.openstreetmap.org/node/721551457,https://www.openstreetmap.org/relation/11828765,Place des Vosges,https://www.openstreetmap.org/relation/20742,Paris 3e Arrondissement,75103
https://www.openstreetmap.org/node/721551474,https://www.openstreetmap.org/relation/11828857,Rue des Tournelles,https://www.openstreetmap.org/relation/20742,Paris 3e Arrondissement,75103
https://www.openstreetmap.org/node/721551480,https://www.openstreetmap.org/relation/11828765,Place des Vosges,https://www.openstreetmap.org/relation/20742,Paris 3e Arrondissement,75103
https://www.openstreetmap.org/node/721551487,https://www.openstreetmap.org/relation/11828867,Rue des Francs Bourgeois,https://www.openstreetmap.org/relation/20742,Paris 3e Arrondissement,75103
https://www.openstreetmap.org/node/721551499,https://www.openstreetmap.org/relation/11828254,Rue de Béarn,https://www.openstreetmap.org/relation/20742,Paris 3e Arrondissement,75103
https://www.openstreetmap.org/node/721551505,https://www.openstreetmap.org/relation/11828797,Rue du Pas de la Mule,https://www.openstreetmap.org/relation/20742,Paris 3e Arrondissement,75103
https://www.openstreetmap.org/node/721551515,https://www.openstreetmap.org/relation/11828765,Place des Vosges,https://www.openstreetmap.org/relation/20742,Paris 3e Arrondissement,75103
https://www.openstreetmap.org/node/721563442,https://www.openstreetmap.org/relation/11828797,Rue du Pas de la Mule,https://www.openstreetmap.org/relation/20742,Paris 3e Arrondissement,75103
https://www.openstreetmap.org/node/721563538,https://www.openstreetmap.org/relation/11828797,Rue du Pas de la Mule,https://www.openstreetmap.org/relation/20742,Paris 3e Arrondissement,75103
https://www.openstreetmap.org/node/721563617,https://www.openstreetmap.org/relation/11828857,Rue des Tournelles,https://www.openstreetmap.org/relation/20742,Paris 3e Arrondissement,75103
https://www.openstreetmap.org/node/721563651,https://www.openstreetmap.org/relation/11828797,Rue du Pas de la Mule,https://www.openstreetmap.org/relation/20742,Paris 3e Arrondissement,75103
https://www.openstreetmap.org/node/722480906,https://www.openstreetmap.org/relation/11831961,Passage Charles Dallery,https://www.openstreetmap.org/relation/9533,Paris 11e Arrondissement,75111
https://www.openstreetmap.org/node/7230159943,https://www.openstreetmap.org/relation/11831786,Rue de la Roquette,https://www.openstreetmap.org/relation/9533,Paris 11e Arrondissement,75111
https://www.openstreetmap.org/node/7230159946,https://www.openstreetmap.org/relation/11831936,Rue Daval,https://www.openstreetmap.org/relation/9533,Paris 11e Arrondissement,75111
https://www.openstreetmap.org/node/7230159947,https://www.openstreetmap.org/relation/11831755,Rue des Taillandiers,https://www.openstreetmap.org/relation/9533,Paris 11e Arrondissement,75111
https://www.openstreetmap.org/node/7230159948,https://www.openstreetmap.org/relation/6782337,Boulevard Voltaire,https://www.openstreetmap.org/relation/9533,Paris 11e Arrondissement,75111
https://www.openstreetmap.org/node/7232623502,https://www.openstreetmap.org/relation/11832455,Rue d'Aligre,https://www.openstreetmap.org/relation/9525,Paris 12e Arrondissement,75112
https://www.openstreetmap.org/node/7232623506,https://www.openstreetmap.org/relation/11832455,Rue d'Aligre,https://www.openstreetmap.org/relation/9525,Paris 12e Arrondissement,75112
https://www.openstreetmap.org/node/7272263419,https://www.openstreetmap.org/relation/6949986,Avenue Ledru-Rollin,https://www.openstreetmap.org/relation/9533,Paris 11e Arrondissement,75111
https://www.openstreetmap.org/node/7283204207,https://www.openstreetmap.org/relation/11832394,Rue Michel Chasles,https://www.openstreetmap.org/relation/9525,Paris 12e Arrondissement,75112
https://www.openstreetmap.org/node/7283251351,https://www.openstreetmap.org/relation/11832394,Rue Michel Chasles,https://www.openstreetmap.org/relation/9525,Paris 12e Arrondissement,75112
https://www.openstreetmap.org/node/7304489180,https://www.openstreetmap.org/relation/6949986,Avenue Ledru-Rollin,https://www.openstreetmap.org/relation/9525,Paris 12e Arrondissement,75112
https://www.openstreetmap.org/node/7364940084,https://www.openstreetmap.org/relation/6949984,Rue du Faubourg Saint-Antoine,https://www.openstreetmap.org/relation/9525,Paris 12e Arrondissement,75112
https://www.openstreetmap.org/node/7405871074,https://www.openstreetmap.org/relation/11832293,Rue Chaligny,https://www.openstreetmap.org/relation/9525,Paris 12e Arrondissement,75112
https://www.openstreetmap.org/node/7405871079,https://www.openstreetmap.org/relation/6949984,Rue du Faubourg Saint-Antoine,https://www.openstreetmap.org/relation/9525,Paris 12e Arrondissement,75112
https://www.openstreetmap.org/node/7405871080,https://www.openstreetmap.org/relation/6949984,Rue du Faubourg Saint-Antoine,https://www.openstreetmap.org/relation/9525,Paris 12e Arrondissement,75112
https://www.openstreetmap.org/node/752433097,https://www.openstreetmap.org/relation/11832476,Rue Crozatier,https://www.openstreetmap.org/relation/9525,Paris 12e Arrondissement,75112
https://www.openstreetmap.org/node/7615324185,https://www.openstreetmap.org/relation/6782337,Boulevard Voltaire,https://www.openstreetmap.org/relation/9533,Paris 11e Arrondissement,75111
https://www.openstreetmap.org/node/7641115258,https://www.openstreetmap.org/relation/11832293,Rue Chaligny,https://www.openstreetmap.org/relation/9525,Paris 12e Arrondissement,75112
https://www.openstreetmap.org/node/7641115259,https://www.openstreetmap.org/relation/11832293,Rue Chaligny,https://www.openstreetmap.org/relation/9525,Paris 12e Arrondissement,75112
https://www.openstreetmap.org/node/7734839117,https://www.openstreetmap.org/relation/11832556,Rue de Cotte,https://www.openstreetmap.org/relation/9525,Paris 12e Arrondissement,75112
https://www.openstreetmap.org/node/7761207832,https://www.openstreetmap.org/relation/6949984,Rue du Faubourg Saint-Antoine,https://www.openstreetmap.org/relation/9533,Paris 11e Arrondissement,75111
https://www.openstreetmap.org/node/787318628,https://www.openstreetmap.org/relation/6949872,Rue de Montreuil,https://www.openstreetmap.org/relation/9533,Paris 11e Arrondissement,75111
https://www.openstreetmap.org/node/787319659,https://www.openstreetmap.org/relation/11831755,Rue des Taillandiers,https://www.openstreetmap.org/relation/9533,Paris 11e Arrondissement,75111
https://www.openstreetmap.org/node/787321533,https://www.openstreetmap.org/relation/11831780,Rue Saint-Bernard,https://www.openstreetmap.org/relation/9533,Paris 11e Arrondissement,75111
https://www.openstreetmap.org/node/787330056,https://www.openstreetmap.org/relation/11831900,Rue Godefroy Cavaignac,https://www.openstreetmap.org/relation/9533,Paris 11e Arrondissement,75111
https://www.openstreetmap.org/node/787331110,https://www.openstreetmap.org/relation/11831876,Rue Jules Vallès,https://www.openstreetmap.org/relation/9533,Paris 11e Arrondissement,75111
https://www.openstreetmap.org/node/787346664,https://www.openstreetmap.org/relation/6949872,Rue de Montreuil,https://www.openstreetmap.org/relation/9533,Paris 11e Arrondissement,75111
https://www.openstreetmap.org/node/787347921,https://www.openstreetmap.org/relation/11831780,Rue Saint-Bernard,https://www.openstreetmap.org/relation/9533,Paris 11e Arrondissement,75111
https://www.openstreetmap.org/node/787350622,https://www.openstreetmap.org/relation/6949986,Avenue Ledru-Rollin,https://www.openstreetmap.org/relation/9533,Paris 11e Arrondissement,75111
https://www.openstreetmap.org/node/787359338,https://www.openstreetmap.org/relation/11831982,Rue Basfroi,https://www.openstreetmap.org/relation/9533,Paris 11e Arrondissement,75111
https://www.openstreetmap.org/node/787361425,https://www.openstreetmap.org/relation/11831861,Passage de la Main d'Or,https://www.openstreetmap.org/relation/9533,Paris 11e Arrondissement,75111
https://www.openstreetmap.org/node/787362406,https://www.openstreetmap.org/relation/11831912,Rue de la Forge Royale,https://www.openstreetmap.org/relation/9533,Paris 11e Arrondissement,75111
https://www.openstreetmap.org/node/787364883,https://www.openstreetmap.org/relation/11831962,Rue Chanzy,https://www.openstreetmap.org/relation/9533,Paris 11e Arrondissement,75111
https://www.openstreetmap.org/node/787370791,https://www.openstreetmap.org/relation/11831755,Rue des Taillandiers,https://www.openstreetmap.org/relation/9533,Paris 11e Arrondissement,75111
https://www.openstreetmap.org/node/787372597,https://www.openstreetmap.org/relation/11831961,Passage Charles Dallery,https://www.openstreetmap.org/relation/9533,Paris 11e Arrondissement,75111
https://www.openstreetmap.org/node/787373071,https://www.openstreetmap.org/relation/6949984,Rue du Faubourg Saint-Antoine,https://www.openstreetmap.org/relation/9533,Paris 11e Arrondissement,75111
https://www.openstreetmap.org/node/787377106,https://www.openstreetmap.org/relation/11831972,Rue Bouvier,https://www.openstreetmap.org/relation/9533,Paris 11e Arrondissement,75111
https://www.openstreetmap.org/node/787378377,https://www.openstreetmap.org/relation/11831759,Cité Souzy,https://www.openstreetmap.org/relation/9533,Paris 11e Arrondissement,75111
https://www.openstreetmap.org/node/787378514,https://www.openstreetmap.org/relation/6949986,Avenue Ledru-Rollin,https://www.openstreetmap.org/relation/9533,Paris 11e Arrondissement,75111
https://www.openstreetmap.org/node/787387253,https://www.openstreetmap.org/relation/6949986,Avenue Ledru-Rollin,https://www.openstreetmap.org/relation/9533,Paris 11e Arrondissement,75111
https://www.openstreetmap.org/node/787387826,https://www.openstreetmap.org/relation/11831935,Cour Debille,https://www.openstreetmap.org/relation/9533,Paris 11e Arrondissement,75111
https://www.openstreetmap.org/node/787388474,https://www.openstreetmap.org/relation/11831998,Passage P/11,https://www.openstreetmap.org/relation/9533,Paris 11e Arrondissement,75111
https://www.openstreetmap.org/node/787389392,https://www.openstreetmap.org/relation/11831780,Rue Saint-Bernard,https://www.openstreetmap.org/relation/9533,Paris 11e Arrondissement,75111
https://www.openstreetmap.org/node/787390892,https://www.openstreetmap.org/relation/6949984,Rue du Faubourg Saint-Antoine,https://www.openstreetmap.org/relation/9533,Paris 11e Arrondissement,75111
https://www.openstreetmap.org/node/787390973,https://www.openstreetmap.org/relation/11831781,Passage Saint-Bernard,https://www.openstreetmap.org/relation/9533,Paris 11e Arrondissement,75111
https://www.openstreetmap.org/node/787401555,https://www.openstreetmap.org/relation/11831786,Rue de la Roquette,https://www.openstreetmap.org/relation/9533,Paris 11e Arrondissement,75111
https://www.openstreetmap.org/node/787407438,https://www.openstreetmap.org/relation/6948541,Boulevard Beaumarchais,https://www.openstreetmap.org/relation/9533,Paris 11e Arrondissement,75111
https://www.openstreetmap.org/node/787407931,https://www.openstreetmap.org/relation/11831919,Rue Faidherbe,https://www.openstreetmap.org/relation/9533,Paris 11e Arrondissement,75111
https://www.openstreetmap.org/node/7914177595,https://www.openstreetmap.org/relation/11828857,Rue des Tournelles,https://www.openstreetmap.org/relation/9597,Paris 4e Arrondissement,75104
https://www.openstreetmap.org/node/7995599836,https://www.openstreetmap.org/relation/11828789,Rue Jacques Cœur,https://www.openstreetmap.org/relation/9597,Paris 4e Arrondissement,75104
https://www.openstreetmap.org/node/8295997453,https://www.openstreetmap.org/relation/11828842,Rue du Petit Musc,https://www.openstreetmap.org/relation/9597,Paris 4e Arrondissement,75104
https://www.openstreetmap.org/node/8467944249,https://www.openstreetmap.org/relation/4236558,Passage du Génie,https://www.openstreetmap.org/relation/9525,Paris 12e Arrondissement,75112
https://www.openstreetmap.org/node/8467944250,https://www.openstreetmap.org/relation/4236558,Passage du Génie,https://www.openstreetmap.org/relation/9525,Paris 12e Arrondissement,75112
https://www.openstreetmap.org/node/8467944251,https://www.openstreetmap.org/relation/4236558,Passage du Génie,https://www.openstreetmap.org/relation/9525,Paris 12e Arrondissement,75112
https://www.openstreetmap.org/node/8467944252,https://www.openstreetmap.org/relation/4236558,Passage du Génie,https://www.openstreetmap.org/relation/9525,Paris 12e Arrondissement,75112
https://www.openstreetmap.org/node/8467944253,https://www.openstreetmap.org/relation/4236558,Passage du Génie,https://www.openstreetmap.org/relation/9525,Paris 12e Arrondissement,75112
https://www.openstreetmap.org/node/8467944254,https://www.openstreetmap.org/relation/4236558,Passage du Génie,https://www.openstreetmap.org/relation/9525,Paris 12e Arrondissement,75112
https://www.openstreetmap.org/node/8467944255,https://www.openstreetmap.org/relation/4236558,Passage du Génie,https://www.openstreetmap.org/relation/9525,Paris 12e Arrondissement,75112
https://www.openstreetmap.org/node/8467944256,https://www.openstreetmap.org/relation/4236558,Passage du Génie,https://www.openstreetmap.org/relation/9525,Paris 12e Arrondissement,75112
https://www.openstreetmap.org/node/8467944257,https://www.openstreetmap.org/relation/4236558,Passage du Génie,https://www.openstreetmap.org/relation/9525,Paris 12e Arrondissement,75112
https://www.openstreetmap.org/node/8467944258,https://www.openstreetmap.org/relation/4236558,Passage du Génie,https://www.openstreetmap.org/relation/9525,Paris 12e Arrondissement,75112
https://www.openstreetmap.org/node/8467944259,https://www.openstreetmap.org/relation/4236558,Passage du Génie,https://www.openstreetmap.org/relation/9525,Paris 12e Arrondissement,75112
https://www.openstreetmap.org/node/8467944260,https://www.openstreetmap.org/relation/4236558,Passage du Génie,https://www.openstreetmap.org/relation/9525,Paris 12e Arrondissement,75112
https://www.openstreetmap.org/node/8467944261,https://www.openstreetmap.org/relation/4236558,Passage du Génie,https://www.openstreetmap.org/relation/9525,Paris 12e Arrondissement,75112
https://www.openstreetmap.org/node/8467944262,https://www.openstreetmap.org/relation/4236558,Passage du Génie,https://www.openstreetmap.org/relation/9525,Paris 12e Arrondissement,75112
https://www.openstreetmap.org/node/8467944263,https://www.openstreetmap.org/relation/4236558,Passage du Génie,https://www.openstreetmap.org/relation/9525,Paris 12e Arrondissement,75112
https://www.openstreetmap.org/node/8467944264,https://www.openstreetmap.org/relation/4236558,Passage du Génie,https://www.openstreetmap.org/relation/9525,Paris 12e Arrondissement,75112
https://www.openstreetmap.org/node/8467944265,https://www.openstreetmap.org/relation/4236558,Passage du Génie,https://www.openstreetmap.org/relation/9525,Paris 12e Arrondissement,75112
https://www.openstreetmap.org/node/8467944266,https://www.openstreetmap.org/relation/4236558,Passage du Génie,https://www.openstreetmap.org/relation/9525,Paris 12e Arrondissement,75112
https://www.openstreetmap.org/node/8467944267,https://www.openstreetmap.org/relation/4236558,Passage du Génie,https://www.openstreetmap.org/relation/9525,Paris 12e Arrondissement,75112
https://www.openstreetmap.org/node/8467944268,https://www.openstreetmap.org/relation/4236558,Passage du Génie,https://www.openstreetmap.org/relation/9525,Paris 12e Arrondissement,75112
https://www.openstreetmap.org/node/8606644066,https://www.openstreetmap.org/relation/11828789,Rue Jacques Cœur,https://www.openstreetmap.org/relation/9597,Paris 4e Arrondissement,75104
https://www.openstreetmap.org/node/8815918775,https://www.openstreetmap.org/relation/6949872,Rue de Montreuil,https://www.openstreetmap.org/relation/9533,Paris 11e Arrondissement,75111
https://www.openstreetmap.org/node/915269358,https://www.openstreetmap.org/relation/11832552,Rue Biscornet,https://www.openstreetmap.org/relation/9525,Paris 12e Arrondissement,75112
https://www.openstreetmap.org/node/916640962,https://www.openstreetmap.org/relation/11832513,Rue de Rambouillet,https://www.openstreetmap.org/relation/9525,Paris 12e Arrondissement,75112
https://www.openstreetmap.org/node/916642258,https://www.openstreetmap.org/relation/11832433,Rue de Charenton,https://www.openstreetmap.org/relation/9525,Paris 12e Arrondissement,75112
https://www.openstreetmap.org/node/917972488,https://www.openstreetmap.org/relation/11832377,Rue Érard,https://www.openstreetmap.org/relation/9525,Paris 12e Arrondissement,75112
https://www.openstreetmap.org/node/917972822,https://www.openstreetmap.org/relation/6949984,Rue du Faubourg Saint-Antoine,https://www.openstreetmap.org/relation/9525,Paris 12e Arrondissement,75112
https://www.openstreetmap.org/node/917973728,https://www.openstreetmap.org/relation/11832268,Boulevard Diderot,https://www.openstreetmap.org/relation/9525,Paris 12e Arrondissement,75112
https://www.openstreetmap.org/node/917974186,https://www.openstreetmap.org/relation/11832268,Boulevard Diderot,https://www.openstreetmap.org/relation/9525,Paris 12e Arrondissement,75112
https://www.openstreetmap.org/node/917974305,https://www.openstreetmap.org/relation/11832268,Boulevard Diderot,https://www.openstreetmap.org/relation/9525,Paris 12e Arrondissement,75112
https://www.openstreetmap.org/node/917975481,https://www.openstreetmap.org/relation/11832377,Rue Érard,https://www.openstreetmap.org/relation/9525,Paris 12e Arrondissement,75112
https://www.openstreetmap.org/node/917992303,https://www.openstreetmap.org/relation/11832513,Rue de Rambouillet,https://www.openstreetmap.org/relation/9525,Paris 12e Arrondissement,75112
https://www.openstreetmap.org/node/917993066,https://www.openstreetmap.org/relation/11832433,Rue de Charenton,https://www.openstreetmap.org/relation/9525,Paris 12e Arrondissement,75112
https://www.openstreetmap.org/node/917993299,https://www.openstreetmap.org/relation/11832433,Rue de Charenton,https://www.openstreetmap.org/relation/9525,Paris 12e Arrondissement,75112
https://www.openstreetmap.org/node/917994034,https://www.openstreetmap.org/relation/11832333,Passage Hennel,https://www.openstreetmap.org/relation/9525,Paris 12e Arrondissement,75112
https://www.openstreetmap.org/node/917994309,https://www.openstreetmap.org/relation/11832268,Boulevard Diderot,https://www.openstreetmap.org/relation/9525,Paris 12e Arrondissement,75112
https://www.openstreetmap.org/node/917994345,https://www.openstreetmap.org/relation/11832268,Boulevard Diderot,https://www.openstreetmap.org/relation/9525,Paris 12e Arrondissement,75112
https://www.openstreetmap.org/node/917994642,https://www.openstreetmap.org/relation/11832268,Boulevard Diderot,https://www.openstreetmap.org/relation/9525,Paris 12e Arrondissement,75112
https://www.openstreetmap.org/node/917994844,https://www.openstreetmap.org/relation/11832476,Rue Crozatier,https://www.openstreetmap.org/relation/9525,Paris 12e Arrondissement,75112
https://www.openstreetmap.org/node/917995209,https://www.openstreetmap.org/relation/11832268,Boulevard Diderot,https://www.openstreetmap.org/relation/9525,Paris 12e Arrondissement,75112
https://www.openstreetmap.org/node/917995258,https://www.openstreetmap.org/relation/11832476,Rue Crozatier,https://www.openstreetmap.org/relation/9525,Paris 12e Arrondissement,75112
https://www.openstreetmap.org/node/917995429,https://www.openstreetmap.org/relation/11832476,Rue Crozatier,https://www.openstreetmap.org/relation/9525,Paris 12e Arrondissement,75112
https://www.openstreetmap.org/node/917995623,https://www.openstreetmap.org/relation/11832454,Rue Legraverend,https://www.openstreetmap.org/relation/9525,Paris 12e Arrondissement,75112
https://www.openstreetmap.org/node/917997158,https://www.openstreetmap.org/relation/11832268,Boulevard Diderot,https://www.openstreetmap.org/relation/9525,Paris 12e Arrondissement,75112
https://www.openstreetmap.org/node/918019270,https://www.openstreetmap.org/relation/11832258,Rue Traversière,https://www.openstreetmap.org/relation/9525,Paris 12e Arrondissement,75112
https://www.openstreetmap.org/node/918019631,https://www.openstreetmap.org/relation/11832486,Place d'Aligre,https://www.openstreetmap.org/relation/9525,Paris 12e Arrondissement,75112
https://www.openstreetmap.org/node/918022933,https://www.openstreetmap.org/relation/11832476,Rue Crozatier,https://www.openstreetmap.org/relation/9525,Paris 12e Arrondissement,75112
https://www.openstreetmap.org/node/918023812,https://www.openstreetmap.org/relation/11832448,Impasse Barrier,https://www.openstreetmap.org/relation/9525,Paris 12e Arrondissement,75112
https://www.openstreetmap.org/node/918023981,https://www.openstreetmap.org/relation/11832486,Place d'Aligre,https://www.openstreetmap.org/relation/9525,Paris 12e Arrondissement,75112
https://www.openstreetmap.org/node/918025735,https://www.openstreetmap.org/relation/11832486,Place d'Aligre,https://www.openstreetmap.org/relation/9525,Paris 12e Arrondissement,75112
https://www.openstreetmap.org/node/918025942,https://www.openstreetmap.org/relation/4116996,Cour du Marché Saint-Antoine,https://www.openstreetmap.org/relation/9525,Paris 12e Arrondissement,75112
https://www.openstreetmap.org/node/918026196,https://www.openstreetmap.org/relation/11832476,Rue Crozatier,https://www.openstreetmap.org/relation/9525,Paris 12e Arrondissement,75112
https://www.openstreetmap.org/node/918026374,https://www.openstreetmap.org/relation/11832486,Place d'Aligre,https://www.openstreetmap.org/relation/9525,Paris 12e Arrondissement,75112
https://www.openstreetmap.org/node/918026478,https://www.openstreetmap.org/relation/11832486,Place d'Aligre,https://www.openstreetmap.org/relation/9525,Paris 12e Arrondissement,75112
https://www.openstreetmap.org/node/918026794,https://www.openstreetmap.org/relation/11832486,Place d'Aligre,https://www.openstreetmap.org/relation/9525,Paris 12e Arrondissement,75112
https://www.openstreetmap.org/node/918071636,https://www.openstreetmap.org/relation/6949986,Avenue Ledru-Rollin,https://www.openstreetmap.org/relation/9525,Paris 12e Arrondissement,75112
https://www.openstreetmap.org/node/918071845,https://www.openstreetmap.org/relation/11832534,Avenue Daumesnil,https://www.openstreetmap.org/relation/9525,Paris 12e Arrondissement,75112
https://www.openstreetmap.org/node/918071866,https://www.openstreetmap.org/relation/11832539,Square Georges Lesage,https://www.openstreetmap.org/relation/9525,Paris 12e Arrondissement,75112
https://www.openstreetmap.org/node/918072080,https://www.openstreetmap.org/relation/11832433,Rue de Charenton,https://www.openstreetmap.org/relation/9525,Paris 12e Arrondissement,75112
https://www.openstreetmap.org/node/918073027,https://www.openstreetmap.org/relation/11832384,Rue de Bercy,https://www.openstreetmap.org/relation/9525,Paris 12e Arrondissement,75112
https://www.openstreetmap.org/node/918075929,https://www.openstreetmap.org/relation/11832394,Rue Michel Chasles,https://www.openstreetmap.org/relation/9525,Paris 12e Arrondissement,75112
https://www.openstreetmap.org/node/918076568,https://www.openstreetmap.org/relation/11832546,Passage du Chantier,https://www.openstreetmap.org/relation/9525,Paris 12e Arrondissement,75112
https://www.openstreetmap.org/node/918076605,https://www.openstreetmap.org/relation/11832433,Rue de Charenton,https://www.openstreetmap.org/relation/9525,Paris 12e Arrondissement,75112
https://www.openstreetmap.org/node/918077497,https://www.openstreetmap.org/relation/11832462,Rue Audubon,https://www.openstreetmap.org/relation/9525,Paris 12e Arrondissement,75112
https://www.openstreetmap.org/node/918078256,https://www.openstreetmap.org/relation/11832417,Boulevard de la Bastille,https://www.openstreetmap.org/relation/9525,Paris 12e Arrondissement,75112
https://www.openstreetmap.org/node/918078301,https://www.openstreetmap.org/relation/6949986,Avenue Ledru-Rollin,https://www.openstreetmap.org/relation/9525,Paris 12e Arrondissement,75112
https://www.openstreetmap.org/node/918080306,https://www.openstreetmap.org/relation/6949986,Avenue Ledru-Rollin,https://www.openstreetmap.org/relation/9525,Paris 12e Arrondissement,75112
https://www.openstreetmap.org/node/918082759,https://www.openstreetmap.org/relation/11832540,Quai de la Rapée,https://www.openstreetmap.org/relation/9525,Paris 12e Arrondissement,75112
https://www.openstreetmap.org/node/918085505,https://www.openstreetmap.org/relation/11832433,Rue de Charenton,https://www.openstreetmap.org/relation/9525,Paris 12e Arrondissement,75112
https://www.openstreetmap.org/node/918086511,https://www.openstreetmap.org/relation/11832523,Rue Moreau,https://www.openstreetmap.org/relation/9525,Paris 12e Arrondissement,75112
https://www.openstreetmap.org/node/918087892,https://www.openstreetmap.org/relation/11832572,Rue de Lyon,https://www.openstreetmap.org/relation/9525,Paris 12e Arrondissement,75112
https://www.openstreetmap.org/node/918087913,https://www.openstreetmap.org/relation/6949984,Rue du Faubourg Saint-Antoine,https://www.openstreetmap.org/relation/9525,Paris 12e Arrondissement,75112
https://www.openstreetmap.org/node/918088732,https://www.openstreetmap.org/relation/11832268,Boulevard Diderot,https://www.openstreetmap.org/relation/9525,Paris 12e Arrondissement,75112
https://www.openstreetmap.org/node/918148826,https://www.openstreetmap.org/relation/11832513,Rue de Rambouillet,https://www.openstreetmap.org/relation/9525,Paris 12e Arrondissement,75112
https://www.openstreetmap.org/node/918148923,https://www.openstreetmap.org/relation/11832618,Passage Raguinot,https://www.openstreetmap.org/relation/9525,Paris 12e Arrondissement,75112
https://www.openstreetmap.org/node/918148947,https://www.openstreetmap.org/relation/11832540,Quai de la Rapée,https://www.openstreetmap.org/relation/9525,Paris 12e Arrondissement,75112
https://www.openstreetmap.org/node/918149366,https://www.openstreetmap.org/relation/11832513,Rue de Rambouillet,https://www.openstreetmap.org/relation/9525,Paris 12e Arrondissement,75112
https://www.openstreetmap.org/node/918149547,https://www.openstreetmap.org/relation/11832292,Rue Paul-Henri Grauwin,https://www.openstreetmap.org/relation/9525,Paris 12e Arrondissement,75112
https://www.openstreetmap.org/node/918149568,https://www.openstreetmap.org/relation/11832540,Quai de la Rapée,https://www.openstreetmap.org/relation/9525,Paris 12e Arrondissement,75112
https://www.openstreetmap.org/node/918149800,https://www.openstreetmap.org/relation/11832384,Rue de Bercy,https://www.openstreetmap.org/relation/9525,Paris 12e Arrondissement,75112
https://www.openstreetmap.org/node/918149823,https://www.openstreetmap.org/relation/11832258,Rue Traversière,https://www.openstreetmap.org/relation/9525,Paris 12e Arrondissement,75112
https://www.openstreetmap.org/node/918149834,https://www.openstreetmap.org/relation/11832513,Rue de Rambouillet,https://www.openstreetmap.org/relation/9525,Paris 12e Arrondissement,75112
https://www.openstreetmap.org/node/918149874,https://www.openstreetmap.org/relation/11832513,Rue de Rambouillet,https://www.openstreetmap.org/relation/9525,Paris 12e Arrondissement,75112
https://www.openstreetmap.org/node/918149912,https://www.openstreetmap.org/relation/3251224,Place Henri Frenay,https://www.openstreetmap.org/relation/9525,Paris 12e Arrondissement,75112
https://www.openstreetmap.org/node/918150066,https://www.openstreetmap.org/relation/11832292,Rue Paul-Henri Grauwin,https://www.openstreetmap.org/relation/9525,Paris 12e Arrondissement,75112
https://www.openstreetmap.org/node/918150649,https://www.openstreetmap.org/relation/11832492,Rue Jean Bouton,https://www.openstreetmap.org/relation/9525,Paris 12e Arrondissement,75112
https://www.openstreetmap.org/node/918151761,https://www.openstreetmap.org/relation/11832292,Rue Paul-Henri Grauwin,https://www.openstreetmap.org/relation/9525,Paris 12e Arrondissement,75112
https://www.openstreetmap.org/node/918151802,https://www.openstreetmap.org/relation/11832384,Rue de Bercy,https://www.openstreetmap.org/relation/9525,Paris 12e Arrondissement,75112
https://www.openstreetmap.org/node/918152552,https://www.openstreetmap.org/relation/11832492,Rue Jean Bouton,https://www.openstreetmap.org/relation/9525,Paris 12e Arrondissement,75112
https://www.openstreetmap.org/node/918153037,https://www.openstreetmap.org/relation/11832340,Passage Gatbois,https://www.openstreetmap.org/relation/9525,Paris 12e Arrondissement,75112
https://www.openstreetmap.org/node/918153056,https://www.openstreetmap.org/relation/11832340,Passage Gatbois,https://www.openstreetmap.org/relation/9525,Paris 12e Arrondissement,75112
https://www.openstreetmap.org/node/925971132,https://www.openstreetmap.org/relation/11832340,Passage Gatbois,https://www.openstreetmap.org/relation/9525,Paris 12e Arrondissement,75112
https://www.openstreetmap.org/node/925971167,https://www.openstreetmap.org/relation/11832340,Passage Gatbois,https://www.openstreetmap.org/relation/9525,Paris 12e Arrondissement,75112
https://www.openstreetmap.org/node/940559423,https://www.openstreetmap.org/relation/11832394,Rue Michel Chasles,https://www.openstreetmap.org/relation/9525,Paris 12e Arrondissement,75112
https://www.openstreetmap.org/node/940712742,https://www.openstreetmap.org/relation/11832591,Rue de Cîteaux,https://www.openstreetmap.org/relation/9525,Paris 12e Arrondissement,75112
https://www.openstreetmap.org/node/942880078,https://www.openstreetmap.org/relation/11832457,Rue Émile Gilbert,https://www.openstreetmap.org/relation/9525,Paris 12e Arrondissement,75112
https://www.openstreetmap.org/node/942880079,https://www.openstreetmap.org/relation/11832457,Rue Émile Gilbert,https://www.openstreetmap.org/relation/9525,Paris 12e Arrondissement,75112
https://www.openstreetmap.org/node/942880090,https://www.openstreetmap.org/relation/11832457,Rue Émile Gilbert,https://www.openstreetmap.org/relation/9525,Paris 12e Arrondissement,75112
https://www.openstreetmap.org/node/9602961095,https://www.openstreetmap.org/relation/14944688,Rue de Turenne,https://www.openstreetmap.org/relation/9597,Paris 4e Arrondissement,75104
https://www.openstreetmap.org/node/9602961096,https://www.openstreetmap.org/relation/11832417,Boulevard de la Bastille,https://www.openstreetmap.org/relation/9525,Paris 12e Arrondissement,75112
https://www.openstreetmap.org/node/9602961098,https://www.openstreetmap.org/relation/11831751,Passage Thiéré,https://www.openstreetmap.org/relation/9533,Paris 11e Arrondissement,75111
https://www.openstreetmap.org/node/9602989030,https://www.openstreetmap.org/relation/11831786,Rue de la Roquette,https://www.openstreetmap.org/relation/9533,Paris 11e Arrondissement,75111
https://www.openstreetmap.org/node/9634603638,https://www.openstreetmap.org/relation/6948539,Rue Saint-Antoine,https://www.openstreetmap.org/relation/9597,Paris 4e Arrondissement,75104
https://www.openstreetmap.org/node/968007671,https://www.openstreetmap.org/relation/11832591,Rue de Cîteaux,https://www.openstreetmap.org/relation/9525,Paris 12e Arrondissement,75112
https://www.openstreetmap.org/node/9742587475,https://www.openstreetmap.org/relation/11828758,Rue Charles V,https://www.openstreetmap.org/relation/9597,Paris 4e Arrondissement,75104
https://www.openstreetmap.org/node/9752244141,https://www.openstreetmap.org/relation/11828852,Rue Castex,https://www.openstreetmap.org/relation/9597,Paris 4e Arrondissement,75104
https://www.openstreetmap.org/node/9752289582,https://www.openstreetmap.org/relation/11828852,Rue Castex,https://www.openstreetmap.org/relation/9597,Paris 4e Arrondissement,75104
https://www.openstreetmap.org/node/9752289583,https://www.openstreetmap.org/relation/11828852,Rue Castex,https://www.openstreetmap.org/relation/9597,Paris 4e Arrondissement,75104
https://www.openstreetmap.org/node/9752404199,https://www.openstreetmap.org/relation/11828852,Rue Castex,https://www.openstreetmap.org/relation/9597,Paris 4e Arrondissement,75104
https://www.openstreetmap.org/node/9755479024,https://www.openstreetmap.org/relation/11828849,Quai Henri IV,https://www.openstreetmap.org/relation/9597,Paris 4e Arrondissement,75104
https://www.openstreetmap.org/node/9765241955,https://www.openstreetmap.org/relation/11828852,Rue Castex,https://www.openstreetmap.org/relation/9597,Paris 4e Arrondissement,75104
https://www.openstreetmap.org/node/9765241956,https://www.openstreetmap.org/relation/11828852,Rue Castex,https://www.openstreetmap.org/relation/9597,Paris 4e Arrondissement,75104
https://www.openstreetmap.org/node/9765241957,https://www.openstreetmap.org/relation/11828852,Rue Castex,https://www.openstreetmap.org/relation/9597,Paris 4e Arrondissement,75104
https://www.openstreetmap.org/node/9765241958,https://www.openstreetmap.org/relation/11828852,Rue Castex,https://www.openstreetmap.org/relation/9597,Paris 4e Arrondissement,75104
https://www.openstreetmap.org/node/9765241959,https://www.openstreetmap.org/relation/11828852,Rue Castex,https://www.openstreetmap.org/relation/9597,Paris 4e Arrondissement,75104
https://www.openstreetmap.org/node/9765241961,https://www.openstreetmap.org/relation/11828880,Rue de Lesdiguières,https://www.openstreetmap.org/relation/9597,Paris 4e Arrondissement,75104
https://www.openstreetmap.org/node/9783169498,https://www.openstreetmap.org/relation/11828789,Rue Jacques Cœur,https://www.openstreetmap.org/relation/9597,Paris 4e Arrondissement,75104
https://www.openstreetmap.org/node/9789976178,https://www.openstreetmap.org/relation/6948539,Rue Saint-Antoine,https://www.openstreetmap.org/relation/9597,Paris 4e Arrondissement,75104
https://www.openstreetmap.org/node/9994311827,https://www.openstreetmap.org/relation/11831786,Rue de la Roquette,https://www.openstreetmap.org/relation/9533,Paris 11e Arrondissement,75111
