houseNumberGeomWKT,houseNumberId,houseNumberLabel
"POINT (2.366245 48.852757)",https://www.openstreetmap.org/node/10014255683,"6"
"POINT (2.379682 48.857066)",https://www.openstreetmap.org/node/10036143580,"170"
"POINT (2.379703 48.857112)",https://www.openstreetmap.org/node/10036143581,"172"
"POINT (2.379652 48.857014)",https://www.openstreetmap.org/node/10036143582,"170"
"POINT (2.378607 48.855203)",https://www.openstreetmap.org/node/10036169908,"146"
"POINT (2.378272 48.854603)",https://www.openstreetmap.org/node/10036169910,"138"
"POINT (2.378461 48.854951)",https://www.openstreetmap.org/node/10036169911,"142"
"POINT (2.378639 48.855257)",https://www.openstreetmap.org/node/10036169912,"150"
"POINT (2.379091 48.856041)",https://www.openstreetmap.org/node/10036175192,"156"
"POINT (2.379013 48.855897)",https://www.openstreetmap.org/node/10036175193,"156"
"POINT (2.383187 48.850555)",https://www.openstreetmap.org/node/10045664638,"113"
"POINT (2.383755 48.851262)",https://www.openstreetmap.org/node/1005646330,"9"
"POINT (2.361294 48.85304)",https://www.openstreetmap.org/node/10057881117,"8"
"POINT (2.367239 48.853941)",https://www.openstreetmap.org/node/10083375264,"3"
"POINT (2.375712 48.849755)",https://www.openstreetmap.org/node/10120799993,"15"
"POINT (2.381136 48.849946)",https://www.openstreetmap.org/node/10132701029,"45"
"POINT (2.388003 48.848237)",https://www.openstreetmap.org/node/10146695529,"17"
"POINT (2.374892 48.85319)",https://www.openstreetmap.org/node/10214644543,"23"
"POINT (2.374293 48.852961)",https://www.openstreetmap.org/node/10217237313,"51"
"POINT (2.375927 48.854803)",https://www.openstreetmap.org/node/10218195005,"20"
"POINT (2.374562 48.853579)",https://www.openstreetmap.org/node/10218226620,"8"
"POINT (2.363169 48.855015)",https://www.openstreetmap.org/node/10223617304,"3"
"POINT (2.373551 48.851843)",https://www.openstreetmap.org/node/10249520221,"64"
"POINT (2.383821 48.844927)",https://www.openstreetmap.org/node/10253520737,"2"
"POINT (2.37287 48.852451)",https://www.openstreetmap.org/node/10253537378,"2"
"POINT (2.372768 48.852515)",https://www.openstreetmap.org/node/10253537379,"1"
"POINT (2.365788 48.853554)",https://www.openstreetmap.org/node/10276272397,"21"
"POINT (2.363394 48.854502)",https://www.openstreetmap.org/node/10276272398,"66"
"POINT (2.371932 48.852528)",https://www.openstreetmap.org/node/10276669453,"33"
"POINT (2.375301 48.85443)",https://www.openstreetmap.org/node/10312682881,"14"
"POINT (2.379007 48.856784)",https://www.openstreetmap.org/node/10313168429,"1"
"POINT (2.378208 48.856473)",https://www.openstreetmap.org/node/10313197026,"52"
"POINT (2.378302 48.85637)",https://www.openstreetmap.org/node/10313197027,"48"
"POINT (2.378383 48.855989)",https://www.openstreetmap.org/node/10313197028,"43"
"POINT (2.37488 48.849921)",https://www.openstreetmap.org/node/10316420706,"80"
"POINT (2.375518 48.850504)",https://www.openstreetmap.org/node/10316606597,"88"
"POINT (2.376137 48.850923)",https://www.openstreetmap.org/node/10316606598,"80"
"POINT (2.377335 48.853031)",https://www.openstreetmap.org/node/10316646285,"116"
"POINT (2.376802 48.852049)",https://www.openstreetmap.org/node/10316646286,"100"
"POINT (2.376678 48.851868)",https://www.openstreetmap.org/node/10316646288,"98"
"POINT (2.376504 48.851577)",https://www.openstreetmap.org/node/10316646289,"92"
"POINT (2.377254 48.854693)",https://www.openstreetmap.org/node/10316780375,"8"
"POINT (2.375638 48.847508)",https://www.openstreetmap.org/node/1034179325,"14"
"POINT (2.376637 48.851281)",https://www.openstreetmap.org/node/10566170370,"113"
"POINT (2.380385 48.847737)",https://www.openstreetmap.org/node/1056728714,"19"
"POINT (2.382928 48.850531)",https://www.openstreetmap.org/node/10591225396,"209"
"POINT (2.382996 48.850536)",https://www.openstreetmap.org/node/10591225397,"209"
"POINT (2.386848 48.845629)",https://www.openstreetmap.org/node/10609164023,13 D4
"POINT (2.374726 48.853779)",https://www.openstreetmap.org/node/10658404572,"8"
"POINT (2.373064 48.853986)",https://www.openstreetmap.org/node/10658448609,"4"
"POINT (2.373181 48.854082)",https://www.openstreetmap.org/node/10658448610,"6"
"POINT (2.373366 48.854147)",https://www.openstreetmap.org/node/10658448611,"15"
"POINT (2.370817 48.848787)",https://www.openstreetmap.org/node/10676089311,"41"
"POINT (2.379955 48.853549)",https://www.openstreetmap.org/node/10676127805,"65"
"POINT (2.389031 48.850517)",https://www.openstreetmap.org/node/10678978971,"53"
"POINT (2.383424 48.853288)",https://www.openstreetmap.org/node/10685112318,"14"
"POINT (2.360413 48.852201)",https://www.openstreetmap.org/node/10716397434,"14"
"POINT (2.385282 48.846724)",https://www.openstreetmap.org/node/10729018906,"7"
"POINT (2.387928 48.850494)",https://www.openstreetmap.org/node/10730051506,"41"
"POINT (2.381219 48.856648)",https://www.openstreetmap.org/node/10744913900,"52"
"POINT (2.380289 48.848856)",https://www.openstreetmap.org/node/10750312126,"50"
"POINT (2.380527 48.848553)",https://www.openstreetmap.org/node/10750312127,"46"
"POINT (2.380462 48.848643)",https://www.openstreetmap.org/node/10750312128,"48"
"POINT (2.380414 48.848166)",https://www.openstreetmap.org/node/10750312129,"45"
"POINT (2.380474 48.848106)",https://www.openstreetmap.org/node/10750312130,"43"
"POINT (2.38037 48.848749)",https://www.openstreetmap.org/node/10750312131,"50"
"POINT (2.380596 48.848449)",https://www.openstreetmap.org/node/10750477447,"44"
"POINT (2.379912 48.849324)",https://www.openstreetmap.org/node/10750477448,"58"
"POINT (2.379794 48.849454)",https://www.openstreetmap.org/node/10750477449,"62"
"POINT (2.374961 48.855075)",https://www.openstreetmap.org/node/10763542635,"22"
"POINT (2.375339 48.854346)",https://www.openstreetmap.org/node/10763554095,"14"
"POINT (2.375135 48.85475)",https://www.openstreetmap.org/node/10763554096,"16"
"POINT (2.375172 48.854649)",https://www.openstreetmap.org/node/10763554097,"18"
"POINT (2.373274 48.852142)",https://www.openstreetmap.org/node/10786954528,"55"
"POINT (2.381744 48.846498)",https://www.openstreetmap.org/node/1079210602,"23"
"POINT (2.364991 48.854531)",https://www.openstreetmap.org/node/10795371547,"9"
"POINT (2.365005 48.854562)",https://www.openstreetmap.org/node/10795371548,"9"
"POINT (2.365025 48.854619)",https://www.openstreetmap.org/node/10795371549,"11"
"POINT (2.365356 48.854823)",https://www.openstreetmap.org/node/10795391247,"16"
"POINT (2.365343 48.854784)",https://www.openstreetmap.org/node/10795391248,"16"
"POINT (2.365289 48.854659)",https://www.openstreetmap.org/node/10795391249,"16"
"POINT (2.365277 48.854627)",https://www.openstreetmap.org/node/10795391250,"16"
"POINT (2.365256 48.854584)",https://www.openstreetmap.org/node/10795391251,"14"
"POINT (2.376162 48.844909)",https://www.openstreetmap.org/node/10801452366,"5"
"POINT (2.376768 48.852107)",https://www.openstreetmap.org/node/10805568910,100 bis
"POINT (2.376054 48.850415)",https://www.openstreetmap.org/node/10805568966,12 bis
"POINT (2.366001 48.854689)",https://www.openstreetmap.org/node/10814133052,"6"
"POINT (2.38198 48.856462)",https://www.openstreetmap.org/node/10824410106,"144"
"POINT (2.381289 48.856858)",https://www.openstreetmap.org/node/10824705453,"136"
"POINT (2.380737 48.857017)",https://www.openstreetmap.org/node/10824705454,"51"
"POINT (2.38084 48.856852)",https://www.openstreetmap.org/node/10824705457,"49"
"POINT (2.381101 48.856439)",https://www.openstreetmap.org/node/10824705458,"43"
"POINT (2.38071 48.857073)",https://www.openstreetmap.org/node/10824705459,"51"
"POINT (2.38088 48.856799)",https://www.openstreetmap.org/node/10824705460,"47"
"POINT (2.381297 48.856107)",https://www.openstreetmap.org/node/10824705461,"37"
"POINT (2.381201 48.856712)",https://www.openstreetmap.org/node/10824705462,"52"
"POINT (2.365463 48.854936)",https://www.openstreetmap.org/node/10832878792,2 bis
"POINT (2.364331 48.855129)",https://www.openstreetmap.org/node/10832878800,"7"
"POINT (2.379008 48.853263)",https://www.openstreetmap.org/node/10880281857,"62"
"POINT (2.38088 48.852276)",https://www.openstreetmap.org/node/10880281858,"27"
"POINT (2.379339 48.852722)",https://www.openstreetmap.org/node/10880281859,"52"
"POINT (2.382416 48.853495)",https://www.openstreetmap.org/node/10880783985,"41"
"POINT (2.377596 48.852963)",https://www.openstreetmap.org/node/10880783986,"50"
"POINT (2.369087 48.846456)",https://www.openstreetmap.org/node/10887641900,"18"
"POINT (2.378442 48.849236)",https://www.openstreetmap.org/node/10910986023,"18"
"POINT (2.382105 48.851106)",https://www.openstreetmap.org/node/10926782629,"2"
"POINT (2.376141 48.854541)",https://www.openstreetmap.org/node/10937807105,"16"
"POINT (2.370445 48.851207)",https://www.openstreetmap.org/node/10941387207,"110"
"POINT (2.38041 48.851143)",https://www.openstreetmap.org/node/1096116921,"10"
"POINT (2.3802 48.851021)",https://www.openstreetmap.org/node/1096116923,"7"
"POINT (2.365923 48.85415)",https://www.openstreetmap.org/node/10964224605,"6"
"POINT (2.380327 48.850549)",https://www.openstreetmap.org/node/11032969989,"167"
"POINT (2.382695 48.845808)",https://www.openstreetmap.org/node/11032969990,"10"
"POINT (2.372422 48.84633)",https://www.openstreetmap.org/node/11076457505,"4"
"POINT (2.385748 48.848837)",https://www.openstreetmap.org/node/11081590654,"15"
"POINT (2.369559 48.850952)",https://www.openstreetmap.org/node/11108387721,"17"
"POINT (2.381912 48.853811)",https://www.openstreetmap.org/node/11109591563,"92"
"POINT (2.373677 48.847573)",https://www.openstreetmap.org/node/11133626331,"15"
"POINT (2.381413 48.850748)",https://www.openstreetmap.org/node/11139006705,"5"
"POINT (2.371655 48.844312)",https://www.openstreetmap.org/node/11139756264,5-9
"POINT (2.367385 48.848061)",https://www.openstreetmap.org/node/11160663637,"11"
"POINT (2.370589 48.847796)",https://www.openstreetmap.org/node/11162412436,"37"
"POINT (2.380187 48.85347)",https://www.openstreetmap.org/node/11167337155,"76"
"POINT (2.367434 48.854134)",https://www.openstreetmap.org/node/11192987237,"6"
"POINT (2.381287 48.856511)",https://www.openstreetmap.org/node/11203416586,"48"
"POINT (2.37465 48.853535)",https://www.openstreetmap.org/node/11207482437,"6"
"POINT (2.366215 48.848979)",https://www.openstreetmap.org/node/11225657040,"17"
"POINT (2.374958 48.848895)",https://www.openstreetmap.org/node/11350569963,74 bis
"POINT (2.387432 48.850351)",https://www.openstreetmap.org/node/11360445896,"42"
"POINT (2.385308 48.850514)",https://www.openstreetmap.org/node/11360445897,"25"
"POINT (2.385362 48.850516)",https://www.openstreetmap.org/node/11360445898,"27"
"POINT (2.372283 48.853952)",https://www.openstreetmap.org/node/11385207269,11-15
"POINT (2.383214 48.855732)",https://www.openstreetmap.org/node/11385734069,"160"
"POINT (2.386557 48.847824)",https://www.openstreetmap.org/node/11403245745,"29"
"POINT (2.391863 48.847754)",https://www.openstreetmap.org/node/11404311800,"158"
"POINT (2.381819 48.84308)",https://www.openstreetmap.org/node/11417643929,"81"
"POINT (2.381671 48.843142)",https://www.openstreetmap.org/node/11417643930,"81"
"POINT (2.374034 48.847425)",https://www.openstreetmap.org/node/11419961098,"14"
"POINT (2.374336 48.848508)",https://www.openstreetmap.org/node/11420486861,"34"
"POINT (2.374267 48.84842)",https://www.openstreetmap.org/node/11420486862,"32"
"POINT (2.374299 48.848458)",https://www.openstreetmap.org/node/11420486863,"32"
"POINT (2.374368 48.848552)",https://www.openstreetmap.org/node/11420486864,"34"
"POINT (2.377854 48.849849)",https://www.openstreetmap.org/node/11432169012,"23"
"POINT (2.379733 48.85062)",https://www.openstreetmap.org/node/11516114680,"161"
"POINT (2.38501 48.852936)",https://www.openstreetmap.org/node/11530459494,"3"
"POINT (2.390142 48.850391)",https://www.openstreetmap.org/node/11533863169,"62"
"POINT (2.378923 48.855721)",https://www.openstreetmap.org/node/11553425822,"154"
"POINT (2.385242 48.850137)",https://www.openstreetmap.org/node/11598584169,"243"
"POINT (2.380044 48.853562)",https://www.openstreetmap.org/node/11607352069,"67"
"POINT (2.382616 48.85435)",https://www.openstreetmap.org/node/11607352070,"4"
"POINT (2.384651 48.851435)",https://www.openstreetmap.org/node/11634928113,"8"
"POINT (2.384488 48.850813)",https://www.openstreetmap.org/node/11643156199,"10"
"POINT (2.382306 48.854079)",https://www.openstreetmap.org/node/11647032990,"89"
"POINT (2.382375 48.854092)",https://www.openstreetmap.org/node/11647032991,"89"
"POINT (2.382511 48.854131)",https://www.openstreetmap.org/node/11647032993,"91"
"POINT (2.384125 48.851388)",https://www.openstreetmap.org/node/11654591848,"16"
"POINT (2.371308 48.852835)",https://www.openstreetmap.org/node/11725817069,"19"
"POINT (2.380212 48.850337)",https://www.openstreetmap.org/node/11728152568,"150"
"POINT (2.379824 48.850389)",https://www.openstreetmap.org/node/11730073845,"144"
"POINT (2.382422 48.843711)",https://www.openstreetmap.org/node/1173675304,"84"
"POINT (2.377022 48.84667)",https://www.openstreetmap.org/node/1173675363,"69"
"POINT (2.375105 48.847594)",https://www.openstreetmap.org/node/1173675365,"41"
"POINT (2.375959 48.846825)",https://www.openstreetmap.org/node/1173675371,"36"
"POINT (2.373503 48.848365)",https://www.openstreetmap.org/node/1173675381,"21"
"POINT (2.379677 48.845034)",https://www.openstreetmap.org/node/1173675386,"62"
"POINT (2.372984 48.848614)",https://www.openstreetmap.org/node/1173675389,"13"
"POINT (2.380313 48.845081)",https://www.openstreetmap.org/node/1173675396,"109"
"POINT (2.383789 48.843408)",https://www.openstreetmap.org/node/1173675399,"137"
"POINT (2.379936 48.845263)",https://www.openstreetmap.org/node/1173675409,"103"
"POINT (2.382711 48.843926)",https://www.openstreetmap.org/node/1173675410,"133"
"POINT (2.380848 48.84447)",https://www.openstreetmap.org/node/1173675422,"76"
"POINT (2.371736 48.849218)",https://www.openstreetmap.org/node/1173675435,"3"
"POINT (2.378481 48.845965)",https://www.openstreetmap.org/node/1173675442,"81"
"POINT (2.378114 48.846142)",https://www.openstreetmap.org/node/1173675445,"75"
"POINT (2.373433 48.848003)",https://www.openstreetmap.org/node/1173675456,"24"
"POINT (2.37566 48.847326)",https://www.openstreetmap.org/node/1173675461,"49"
"POINT (2.373003 48.848251)",https://www.openstreetmap.org/node/1173675462,"18"
"POINT (2.378155 48.845768)",https://www.openstreetmap.org/node/1173675471,"46"
"POINT (2.3811 48.844703)",https://www.openstreetmap.org/node/1173675477,"121"
"POINT (2.382213 48.843812)",https://www.openstreetmap.org/node/1173675489,"82"
"POINT (2.37567 48.846965)",https://www.openstreetmap.org/node/1173675516,"32"
"POINT (2.375003 48.847643)",https://www.openstreetmap.org/node/1173675518,39 A
"POINT (2.376085 48.846755)",https://www.openstreetmap.org/node/1173675528,"38"
"POINT (2.374614 48.84783)",https://www.openstreetmap.org/node/1173675530,"35"
"POINT (2.379489 48.845124)",https://www.openstreetmap.org/node/1173675537,"60"
"POINT (2.372479 48.848858)",https://www.openstreetmap.org/node/1173675541,"11"
"POINT (2.379043 48.84534)",https://www.openstreetmap.org/node/1173675546,"54"
"POINT (2.383442 48.843577)",https://www.openstreetmap.org/node/1173675554,"135"
"POINT (2.379778 48.845339)",https://www.openstreetmap.org/node/1173675557,"101"
"POINT (2.380633 48.844574)",https://www.openstreetmap.org/node/1173675569,"74"
"POINT (2.371265 48.849515)",https://www.openstreetmap.org/node/1173675577,"1"
"POINT (2.378343 48.846032)",https://www.openstreetmap.org/node/1173675593,"79"
"POINT (2.378024 48.846183)",https://www.openstreetmap.org/node/1173675598,73b
"POINT (2.373289 48.848113)",https://www.openstreetmap.org/node/1173675599,"22"
"POINT (2.375549 48.847379)",https://www.openstreetmap.org/node/1173675608,"47"
"POINT (2.372859 48.84832)",https://www.openstreetmap.org/node/1173675611,"16"
"POINT (2.378006 48.84584)",https://www.openstreetmap.org/node/1173675617,"44"
"POINT (2.38096 48.84477)",https://www.openstreetmap.org/node/1173675626,"119"
"POINT (2.382372 48.844091)",https://www.openstreetmap.org/node/1173675641,131b
"POINT (2.371837 48.848813)",https://www.openstreetmap.org/node/1173675661,"8"
"POINT (2.37914 48.845648)",https://www.openstreetmap.org/node/1173675690,"91"
"POINT (2.37487 48.847707)",https://www.openstreetmap.org/node/1173675691,"39"
"POINT (2.376706 48.846822)",https://www.openstreetmap.org/node/1173675697,"67"
"POINT (2.37449 48.847913)",https://www.openstreetmap.org/node/1173675699,"33"
"POINT (2.379371 48.845181)",https://www.openstreetmap.org/node/1173675707,"58"
"POINT (2.372338 48.848937)",https://www.openstreetmap.org/node/1173675709,"9"
"POINT (2.378853 48.84543)",https://www.openstreetmap.org/node/1173675712,52b
"POINT (2.379667 48.845404)",https://www.openstreetmap.org/node/1173675717,"99"
"POINT (2.383387 48.843246)",https://www.openstreetmap.org/node/1173675719,"98"
"POINT (2.380549 48.844615)",https://www.openstreetmap.org/node/1173675723,"72"
"POINT (2.378239 48.846082)",https://www.openstreetmap.org/node/1173675736,"77"
"POINT (2.377723 48.845975)",https://www.openstreetmap.org/node/1173675739,"42"
"POINT (2.374539 48.84751)",https://www.openstreetmap.org/node/1173675740,28b
"POINT (2.374989 48.847293)",https://www.openstreetmap.org/node/1173675745,30t
"POINT (2.372708 48.848393)",https://www.openstreetmap.org/node/1173675746,"14"
"POINT (2.380353 48.84471)",https://www.openstreetmap.org/node/1173675752,"70"
"POINT (2.380841 48.844827)",https://www.openstreetmap.org/node/1173675754,"117"
"POINT (2.382153 48.844205)",https://www.openstreetmap.org/node/1173675764,"131"
"POINT (2.381485 48.844518)",https://www.openstreetmap.org/node/1173675769,"127"
"POINT (2.371708 48.848875)",https://www.openstreetmap.org/node/1173675777,"6"
"POINT (2.379022 48.845704)",https://www.openstreetmap.org/node/1173675784,"89"
"POINT (2.374756 48.847762)",https://www.openstreetmap.org/node/1173675786,"37"
"POINT (2.376455 48.846943)",https://www.openstreetmap.org/node/1173675791,"63"
"POINT (2.374366 48.847963)",https://www.openstreetmap.org/node/1173675792,"31"
"POINT (2.379209 48.845259)",https://www.openstreetmap.org/node/1173675798,"56"
"POINT (2.372212 48.848987)",https://www.openstreetmap.org/node/1173675799,7b
"POINT (2.37873 48.845489)",https://www.openstreetmap.org/node/1173675802,"52"
"POINT (2.379532 48.845458)",https://www.openstreetmap.org/node/1173675806,"97"
"POINT (2.38325 48.843312)",https://www.openstreetmap.org/node/1173675807,"96"
"POINT (2.380446 48.844665)",https://www.openstreetmap.org/node/1173675814,70b
"POINT (2.376736 48.846451)",https://www.openstreetmap.org/node/1173675828,"40"
"POINT (2.374404 48.847575)",https://www.openstreetmap.org/node/1173675831,"28"
"POINT (2.374851 48.847361)",https://www.openstreetmap.org/node/1173675834,30b
"POINT (2.373253 48.848485)",https://www.openstreetmap.org/node/1173675835,"17"
"POINT (2.380131 48.844816)",https://www.openstreetmap.org/node/1173675841,"68"
"POINT (2.380698 48.844896)",https://www.openstreetmap.org/node/1173675844,"115"
"POINT (2.38188 48.844327)",https://www.openstreetmap.org/node/1173675852,129b
"POINT (2.381348 48.844584)",https://www.openstreetmap.org/node/1173675857,"125"
"POINT (2.37158 48.848937)",https://www.openstreetmap.org/node/1173675865,"4"
"POINT (2.378873 48.845776)",https://www.openstreetmap.org/node/1173675870,"87"
"POINT (2.376348 48.846994)",https://www.openstreetmap.org/node/1173675874,"61"
"POINT (2.374223 48.848018)",https://www.openstreetmap.org/node/1173675876,"29"
"POINT (2.376081 48.847123)",https://www.openstreetmap.org/node/1173675878,"55"
"POINT (2.37211 48.848681)",https://www.openstreetmap.org/node/1173675884,"12"
"POINT (2.378673 48.845517)",https://www.openstreetmap.org/node/1173675887,50b
"POINT (2.379397 48.845523)",https://www.openstreetmap.org/node/1173675899,"95"
"POINT (2.383116 48.843377)",https://www.openstreetmap.org/node/1173675900,"94"
"POINT (2.382816 48.843507)",https://www.openstreetmap.org/node/1173675908,"88"
"POINT (2.377388 48.846493)",https://www.openstreetmap.org/node/1173675924,"73"
"POINT (2.374163 48.847692)",https://www.openstreetmap.org/node/1173675926,26b
"POINT (2.374711 48.847427)",https://www.openstreetmap.org/node/1173675932,"30"
"POINT (2.373772 48.848235)",https://www.openstreetmap.org/node/1173675934,"25"
"POINT (2.379896 48.844929)",https://www.openstreetmap.org/node/1173675937,"66"
"POINT (2.37338 48.848424)",https://www.openstreetmap.org/node/1173675940,"19"
"POINT (2.380569 48.844958)",https://www.openstreetmap.org/node/1173675945,"113"
"POINT (2.380172 48.845149)",https://www.openstreetmap.org/node/1173675950,"107"
"POINT (2.381618 48.844454)",https://www.openstreetmap.org/node/1173675955,"129"
"POINT (2.381176 48.844311)",https://www.openstreetmap.org/node/1173675959,"80"
"POINT (2.371993 48.849092)",https://www.openstreetmap.org/node/1173675965,"7"
"POINT (2.378739 48.845841)",https://www.openstreetmap.org/node/1173675975,"85"
"POINT (2.376299 48.847018)",https://www.openstreetmap.org/node/1173675981,"59"
"POINT (2.374062 48.848096)",https://www.openstreetmap.org/node/1173675982,"27"
"POINT (2.375938 48.847192)",https://www.openstreetmap.org/node/1173675986,"53"
"POINT (2.371956 48.848756)",https://www.openstreetmap.org/node/1173675987,"10"
"POINT (2.3784 48.845641)",https://www.openstreetmap.org/node/1173675994,"50"
"POINT (2.379264 48.845587)",https://www.openstreetmap.org/node/1173675998,"93"
"POINT (2.38301 48.843414)",https://www.openstreetmap.org/node/1173675999,"92"
"POINT (2.382681 48.843572)",https://www.openstreetmap.org/node/1173676006,"86"
"POINT (2.377216 48.846576)",https://www.openstreetmap.org/node/1173676023,"71"
"POINT (2.375224 48.847536)",https://www.openstreetmap.org/node/1173676027,"43"
"POINT (2.375792 48.846906)",https://www.openstreetmap.org/node/1173676031,"34"
"POINT (2.373641 48.848298)",https://www.openstreetmap.org/node/1173676032,"23"
"POINT (2.379788 48.844981)",https://www.openstreetmap.org/node/1173676037,"64"
"POINT (2.373124 48.848547)",https://www.openstreetmap.org/node/1173676038,"15"
"POINT (2.380441 48.84502)",https://www.openstreetmap.org/node/1173676043,"111"
"POINT (2.380049 48.845208)",https://www.openstreetmap.org/node/1173676051,"105"
"POINT (2.383022 48.843777)",https://www.openstreetmap.org/node/1173676052,"135"
"POINT (2.380983 48.844405)",https://www.openstreetmap.org/node/1173676058,"78"
"POINT (2.371885 48.849145)",https://www.openstreetmap.org/node/1173676064,"5"
"POINT (2.378609 48.845903)",https://www.openstreetmap.org/node/1173676073,"83"
"POINT (2.376203 48.847064)",https://www.openstreetmap.org/node/1173676076,"57"
"POINT (2.373589 48.847968)",https://www.openstreetmap.org/node/1173676078,"26"
"POINT (2.375787 48.847265)",https://www.openstreetmap.org/node/1173676084,"51"
"POINT (2.373154 48.848177)",https://www.openstreetmap.org/node/1173676085,"20"
"POINT (2.378309 48.845693)",https://www.openstreetmap.org/node/1173676090,"48"
"POINT (2.381204 48.844653)",https://www.openstreetmap.org/node/1173676094,"123"
"POINT (2.382933 48.843451)",https://www.openstreetmap.org/node/1173676098,"90"
"POINT (2.384266 48.847202)",https://www.openstreetmap.org/node/11867052577,"57"
"POINT (2.384552 48.847233)",https://www.openstreetmap.org/node/11867052580,"59"
"POINT (2.384796 48.847263)",https://www.openstreetmap.org/node/11867052583,"61"
"POINT (2.38406 48.847742)",https://www.openstreetmap.org/node/11867052593,"28"
"POINT (2.384029 48.847573)",https://www.openstreetmap.org/node/11867052594,"26"
"POINT (2.376135 48.850386)",https://www.openstreetmap.org/node/11873850959,"12"
"POINT (2.380086 48.857034)",https://www.openstreetmap.org/node/11901894869,"52"
"POINT (2.374511 48.852317)",https://www.openstreetmap.org/node/11960762504,"10"
"POINT (2.379963 48.851257)",https://www.openstreetmap.org/node/11963006216,"12"
"POINT (2.378744 48.851085)",https://www.openstreetmap.org/node/1197621385,"10"
"POINT (2.374023 48.849963)",https://www.openstreetmap.org/node/1197621395,"71"
"POINT (2.377857 48.851611)",https://www.openstreetmap.org/node/1197621396,"7"
"POINT (2.376729 48.850559)",https://www.openstreetmap.org/node/1197621411,"3"
"POINT (2.376211 48.850343)",https://www.openstreetmap.org/node/1197621414,"12"
"POINT (2.380654 48.846455)",https://www.openstreetmap.org/node/1197653482,"62"
"POINT (2.377334 48.84496)",https://www.openstreetmap.org/node/1197653597,"12"
"POINT (2.381322 48.854843)",https://www.openstreetmap.org/node/11988998171,15 A
"POINT (2.389902 48.849437)",https://www.openstreetmap.org/node/12040594602,"283"
"POINT (2.39015 48.849469)",https://www.openstreetmap.org/node/12040609226,"2"
"POINT (2.380509 48.853688)",https://www.openstreetmap.org/node/12042531843,"71"
"POINT (2.381529 48.853915)",https://www.openstreetmap.org/node/12042587876,"77"
"POINT (2.372044 48.847145)",https://www.openstreetmap.org/node/12050733069,6 Bis
"POINT (2.390989 48.849274)",https://www.openstreetmap.org/node/12051661057,"295"
"POINT (2.39066 48.849318)",https://www.openstreetmap.org/node/12051667565,"291"
"POINT (2.39133 48.849219)",https://www.openstreetmap.org/node/12051674110,"297"
"POINT (2.39051 48.849344)",https://www.openstreetmap.org/node/12051674931,"291"
"POINT (2.391385 48.849209)",https://www.openstreetmap.org/node/12051684062,"299"
"POINT (2.372356 48.852143)",https://www.openstreetmap.org/node/12086028366,"42"
"POINT (2.37505 48.854857)",https://www.openstreetmap.org/node/12092941301,"20"
"POINT (2.381602 48.850809)",https://www.openstreetmap.org/node/12108392913,"4"
"POINT (2.381602 48.850839)",https://www.openstreetmap.org/node/12108398668,"6"
"POINT (2.390337 48.849066)",https://www.openstreetmap.org/node/12123691955,246 ter
"POINT (2.387251 48.850517)",https://www.openstreetmap.org/node/12136539923,37 bis
"POINT (2.387842 48.851132)",https://www.openstreetmap.org/node/12140830589,K
"POINT (2.387843 48.851195)",https://www.openstreetmap.org/node/12140830590,H1
"POINT (2.387213 48.85125)",https://www.openstreetmap.org/node/12140830595,F
"POINT (2.387088 48.85119)",https://www.openstreetmap.org/node/12140834702,E
"POINT (2.387041 48.851062)",https://www.openstreetmap.org/node/12140834703,D2
"POINT (2.387853 48.851337)",https://www.openstreetmap.org/node/12140834717,H2
"POINT (2.38721 48.851099)",https://www.openstreetmap.org/node/12140834718,C2
"POINT (2.387222 48.850894)",https://www.openstreetmap.org/node/12140834719,C1
"POINT (2.38707 48.850681)",https://www.openstreetmap.org/node/12140834720,D1
"POINT (2.386656 48.849927)",https://www.openstreetmap.org/node/12142731750,"255"
"POINT (2.362893 48.852938)",https://www.openstreetmap.org/node/12144440501,8 bis
"POINT (2.365042 48.854108)",https://www.openstreetmap.org/node/12146083985,"4"
"POINT (2.386833 48.849897)",https://www.openstreetmap.org/node/12147503538,"257"
"POINT (2.387107 48.849862)",https://www.openstreetmap.org/node/12147503539,"261"
"POINT (2.387663 48.849769)",https://www.openstreetmap.org/node/12147503540,"265"
"POINT (2.387563 48.849781)",https://www.openstreetmap.org/node/12147503541,"263"
"POINT (2.387763 48.849755)",https://www.openstreetmap.org/node/12147503542,"265"
"POINT (2.386928 48.849887)",https://www.openstreetmap.org/node/12147503543,"259"
"POINT (2.387929 48.849728)",https://www.openstreetmap.org/node/12147503545,"267"
"POINT (2.381903 48.854293)",https://www.openstreetmap.org/node/12150302458,"6"
"POINT (2.382979 48.854226)",https://www.openstreetmap.org/node/12162065165,"95"
"POINT (2.385574 48.850809)",https://www.openstreetmap.org/node/12169979022,"5"
"POINT (2.38985 48.849156)",https://www.openstreetmap.org/node/12174172262,"244"
"POINT (2.385632 48.849806)",https://www.openstreetmap.org/node/12174194097,"206"
"POINT (2.388574 48.849635)",https://www.openstreetmap.org/node/12174198168,"273"
"POINT (2.380368 48.850549)",https://www.openstreetmap.org/node/12174225027,"169"
"POINT (2.386158 48.849998)",https://www.openstreetmap.org/node/12174229015,"251"
"POINT (2.390452 48.84905)",https://www.openstreetmap.org/node/12174229016,"248"
"POINT (2.388479 48.849639)",https://www.openstreetmap.org/node/12174235040,"273"
"POINT (2.388653 48.849611)",https://www.openstreetmap.org/node/12174237447,"273"
"POINT (2.389051 48.849542)",https://www.openstreetmap.org/node/12174241673,"275"
"POINT (2.390641 48.849023)",https://www.openstreetmap.org/node/12174250830,"250"
"POINT (2.390555 48.849036)",https://www.openstreetmap.org/node/12174251092,"248"
"POINT (2.389939 48.849142)",https://www.openstreetmap.org/node/12174251311,"244"
"POINT (2.386415 48.849958)",https://www.openstreetmap.org/node/12174252595,"255"
"POINT (2.389482 48.849468)",https://www.openstreetmap.org/node/12174258314,"279"
"POINT (2.385352 48.849839)",https://www.openstreetmap.org/node/12174261198,"202"
"POINT (2.388859 48.849576)",https://www.openstreetmap.org/node/12174261199,"275"
"POINT (2.386753 48.849648)",https://www.openstreetmap.org/node/12174261736,"214"
"POINT (2.386037 48.850019)",https://www.openstreetmap.org/node/12174261914,"251"
"POINT (2.385897 48.850041)",https://www.openstreetmap.org/node/12174262707,"249"
"POINT (2.385313 48.850126)",https://www.openstreetmap.org/node/12174268672,"243"
"POINT (2.388716 48.849594)",https://www.openstreetmap.org/node/12174268673,"273"
"POINT (2.388128 48.849701)",https://www.openstreetmap.org/node/12174273306,"269"
"POINT (2.38879 48.849582)",https://www.openstreetmap.org/node/12174273307,"273"
"POINT (2.387208 48.849937)",https://www.openstreetmap.org/node/12178628456,"1"
"POINT (2.389925 48.850037)",https://www.openstreetmap.org/node/12178628466,"7"
"POINT (2.388964 48.849284)",https://www.openstreetmap.org/node/12178678883,"236"
"POINT (2.389235 48.84924)",https://www.openstreetmap.org/node/12178678884,238 bis
"POINT (2.383999 48.854727)",https://www.openstreetmap.org/node/12189660891,"4"
"POINT (2.378259 48.853395)",https://www.openstreetmap.org/node/12193048756,"51"
"POINT (2.384104 48.854324)",https://www.openstreetmap.org/node/12193048757,"100"
"POINT (2.379884 48.853539)",https://www.openstreetmap.org/node/12193048758,"63"
"POINT (2.38148 48.853899)",https://www.openstreetmap.org/node/12193048759,"77"
"POINT (2.379827 48.853523)",https://www.openstreetmap.org/node/12193048760,"63"
"POINT (2.381359 48.853877)",https://www.openstreetmap.org/node/12193048762,"77"
"POINT (2.378145 48.85339)",https://www.openstreetmap.org/node/12193048764,"51"
"POINT (2.378225 48.853174)",https://www.openstreetmap.org/node/12193048766,"58"
"POINT (2.381487 48.853713)",https://www.openstreetmap.org/node/12193048767,"86"
"POINT (2.381432 48.853705)",https://www.openstreetmap.org/node/12193048768,"86"
"POINT (2.38018 48.853597)",https://www.openstreetmap.org/node/12193048770,"69"
"POINT (2.383251 48.85431)",https://www.openstreetmap.org/node/12193048771,"97"
"POINT (2.381349 48.853687)",https://www.openstreetmap.org/node/12193048772,"86"
"POINT (2.378884 48.853411)",https://www.openstreetmap.org/node/12193048774,"55"
"POINT (2.378831 48.853243)",https://www.openstreetmap.org/node/12193048775,"62"
"POINT (2.375636 48.853739)",https://www.openstreetmap.org/node/12232432863,"4"
"POINT (2.387145 48.850197)",https://www.openstreetmap.org/node/12236404952,"3"
"POINT (2.389825 48.84753)",https://www.openstreetmap.org/node/1224788675,"142"
"POINT (2.383298 48.85124)",https://www.openstreetmap.org/node/1224795724,"7"
"POINT (2.384032 48.850837)",https://www.openstreetmap.org/node/1224795726,"3"
"POINT (2.366241 48.852437)",https://www.openstreetmap.org/node/12253946619,"37"
"POINT (2.366466 48.852505)",https://www.openstreetmap.org/node/12253946620,"39"
"POINT (2.366602 48.852546)",https://www.openstreetmap.org/node/12253946621,"41"
"POINT (2.37617 48.848833)",https://www.openstreetmap.org/node/12263075301,"6"
"POINT (2.381355 48.849993)",https://www.openstreetmap.org/node/12276789604,"38"
"POINT (2.373968 48.849254)",https://www.openstreetmap.org/node/12316400141,"72"
"POINT (2.383057 48.843802)",https://www.openstreetmap.org/node/12323846364,"135"
"POINT (2.383811 48.84427)",https://www.openstreetmap.org/node/12339354649,"172"
"POINT (2.381396 48.853699)",https://www.openstreetmap.org/node/12376189075,"86"
"POINT (2.365618 48.853884)",https://www.openstreetmap.org/node/12382299319,"28"
"POINT (2.391112 48.847662)",https://www.openstreetmap.org/node/12388735437,"154"
"POINT (2.36206 48.85331)",https://www.openstreetmap.org/node/12412784630,"14"
"POINT (2.378387 48.850311)",https://www.openstreetmap.org/node/12421693730,"26"
"POINT (2.363864 48.851346)",https://www.openstreetmap.org/node/12424871812,"18"
"POINT (2.386773 48.847137)",https://www.openstreetmap.org/node/1243135633,"22"
"POINT (2.390059 48.848907)",https://www.openstreetmap.org/node/12473971693,"1"
"POINT (2.379362 48.845565)",https://www.openstreetmap.org/node/12506785077,"93"
"POINT (2.380096 48.854088)",https://www.openstreetmap.org/node/12655915201,"10"
"POINT (2.380064 48.854123)",https://www.openstreetmap.org/node/12656543535,"10"
"POINT (2.380656 48.85436)",https://www.openstreetmap.org/node/12656543536,"10"
"POINT (2.372898 48.844602)",https://www.openstreetmap.org/node/12662963218,"4"
"POINT (2.375365 48.85197)",https://www.openstreetmap.org/node/12762787224,"89"
"POINT (2.362213 48.849908)",https://www.openstreetmap.org/node/12785804618,"8"
"POINT (2.361989 48.849784)",https://www.openstreetmap.org/node/12785804619,"4"
"POINT (2.362454 48.850041)",https://www.openstreetmap.org/node/12785858411,"12"
"POINT (2.362479 48.850054)",https://www.openstreetmap.org/node/12785858412,"14"
"POINT (2.388949 48.847423)",https://www.openstreetmap.org/node/12797196643,"134"
"POINT (2.372663 48.853754)",https://www.openstreetmap.org/node/1282484165,"21"
"POINT (2.386852 48.850363)",https://www.openstreetmap.org/node/1286567683,"38"
"POINT (2.373397 48.848438)",https://www.openstreetmap.org/node/12875343001,"19"
"POINT (2.370807 48.853664)",https://www.openstreetmap.org/node/12895131178,"14"
"POINT (2.36355 48.853911)",https://www.openstreetmap.org/node/12896206095,"2"
"POINT (2.380431 48.850552)",https://www.openstreetmap.org/node/12925896074,"171"
"POINT (2.366576 48.851347)",https://www.openstreetmap.org/node/12949976541,"13"
"POINT (2.385868 48.852933)",https://www.openstreetmap.org/node/12966178683,"31"
"POINT (2.383854 48.852492)",https://www.openstreetmap.org/node/12966178684,"16"
"POINT (2.380834 48.852168)",https://www.openstreetmap.org/node/12966178686,"25"
"POINT (2.360568 48.851871)",https://www.openstreetmap.org/node/12979386331,"14"
"POINT (2.368976 48.854806)",https://www.openstreetmap.org/node/1301125030,"8"
"POINT (2.369305 48.855256)",https://www.openstreetmap.org/node/1301125081,"9"
"POINT (2.368836 48.855389)",https://www.openstreetmap.org/node/1301125116,"22"
"POINT (2.368961 48.854866)",https://www.openstreetmap.org/node/1301125196,"10"
"POINT (2.36936 48.855636)",https://www.openstreetmap.org/node/1301125198,"8"
"POINT (2.369074 48.854397)",https://www.openstreetmap.org/node/1301125207,"2"
"POINT (2.369287 48.855323)",https://www.openstreetmap.org/node/1301125219,"11"
"POINT (2.368816 48.855474)",https://www.openstreetmap.org/node/1301125244,"24"
"POINT (2.368917 48.855052)",https://www.openstreetmap.org/node/1301125247,"14"
"POINT (2.369225 48.855544)",https://www.openstreetmap.org/node/1301125273,"15"
"POINT (2.369389 48.855533)",https://www.openstreetmap.org/node/1301125286,6b
"POINT (2.368935 48.854976)",https://www.openstreetmap.org/node/1301125296,"12"
"POINT (2.369256 48.855432)",https://www.openstreetmap.org/node/1301125319,"13"
"POINT (2.369382 48.854984)",https://www.openstreetmap.org/node/1301125327,"3"
"POINT (2.368763 48.855695)",https://www.openstreetmap.org/node/1301125336,"26"
"POINT (2.368898 48.85513)",https://www.openstreetmap.org/node/1301125342,"16"
"POINT (2.369199 48.855634)",https://www.openstreetmap.org/node/1301125365,"17"
"POINT (2.369347 48.855108)",https://www.openstreetmap.org/node/1301125431,"5"
"POINT (2.368881 48.855201)",https://www.openstreetmap.org/node/1301125454,"18"
"POINT (2.369475 48.855225)",https://www.openstreetmap.org/node/1301125537,"2"
"POINT (2.368862 48.85528)",https://www.openstreetmap.org/node/1301125600,"20"
"POINT (2.369416 48.855434)",https://www.openstreetmap.org/node/1301125665,"4"
"POINT (2.369005 48.854683)",https://www.openstreetmap.org/node/1301125721,"6"
"POINT (2.369326 48.855182)",https://www.openstreetmap.org/node/1301125750,"7"
"POINT (2.369402 48.855486)",https://www.openstreetmap.org/node/1301125786,"6"
"POINT (2.370157 48.854478)",https://www.openstreetmap.org/node/1301310287,"8"
"POINT (2.370052 48.854248)",https://www.openstreetmap.org/node/1301310339,"6"
"POINT (2.370217 48.854611)",https://www.openstreetmap.org/node/1301310394,8 bis
"POINT (2.370327 48.854852)",https://www.openstreetmap.org/node/1301310428,"12"
"POINT (2.37038 48.854969)",https://www.openstreetmap.org/node/1301310509,"14"
"POINT (2.369412 48.85471)",https://www.openstreetmap.org/node/1301310587,"3"
"POINT (2.369302 48.854472)",https://www.openstreetmap.org/node/1301310648,1 bis
"POINT (2.369674 48.855295)",https://www.openstreetmap.org/node/1301310687,"5"
"POINT (2.369899 48.853912)",https://www.openstreetmap.org/node/1301310793,"2"
"POINT (2.369749 48.855459)",https://www.openstreetmap.org/node/1301310812,"7"
"POINT (2.370265 48.854716)",https://www.openstreetmap.org/node/1301310837,"10"
"POINT (2.369937 48.853996)",https://www.openstreetmap.org/node/1301310911,"4"
"POINT (2.380834 48.850595)",https://www.openstreetmap.org/node/13023364625,"175"
"POINT (2.370513 48.854976)",https://www.openstreetmap.org/node/1307259014,"10"
"POINT (2.37132 48.854202)",https://www.openstreetmap.org/node/1307259016,"30"
"POINT (2.370659 48.853536)",https://www.openstreetmap.org/node/1307259034,"10"
"POINT (2.371159 48.854039)",https://www.openstreetmap.org/node/1307259040,"24"
"POINT (2.370519 48.853395)",https://www.openstreetmap.org/node/1307259061,"4"
"POINT (2.371227 48.854443)",https://www.openstreetmap.org/node/1307259074,"20"
"POINT (2.370671 48.853775)",https://www.openstreetmap.org/node/1307259080,"3"
"POINT (2.370569 48.853445)",https://www.openstreetmap.org/node/1307259084,"6"
"POINT (2.371258 48.854307)",https://www.openstreetmap.org/node/1307259102,"15"
"POINT (2.370658 48.854867)",https://www.openstreetmap.org/node/1307259106,"12"
"POINT (2.371404 48.854259)",https://www.openstreetmap.org/node/1307259107,"32"
"POINT (2.370734 48.853571)",https://www.openstreetmap.org/node/1307259117,"12"
"POINT (2.370773 48.854781)",https://www.openstreetmap.org/node/1307259118,"14"
"POINT (2.370943 48.853822)",https://www.openstreetmap.org/node/1307259119,"18"
"POINT (2.370945 48.854051)",https://www.openstreetmap.org/node/1307259130,"9"
"POINT (2.37081 48.853688)",https://www.openstreetmap.org/node/1307259134,"14"
"POINT (2.370795 48.853878)",https://www.openstreetmap.org/node/1307259157,"5"
"POINT (2.370618 48.853494)",https://www.openstreetmap.org/node/1307259163,"8"
"POINT (2.37061 48.853713)",https://www.openstreetmap.org/node/1307259178,"1"
"POINT (2.371219 48.8541)",https://www.openstreetmap.org/node/1307259186,"26"
"POINT (2.37088 48.854699)",https://www.openstreetmap.org/node/1307259205,"16"
"POINT (2.37103 48.85391)",https://www.openstreetmap.org/node/1307259207,"20"
"POINT (2.370872 48.85375)",https://www.openstreetmap.org/node/1307259228,"16"
"POINT (2.37111 48.85399)",https://www.openstreetmap.org/node/1307259233,"22"
"POINT (2.370472 48.853349)",https://www.openstreetmap.org/node/1307259257,"2"
"POINT (2.371271 48.854153)",https://www.openstreetmap.org/node/1307259296,"28"
"POINT (2.374868 48.853867)",https://www.openstreetmap.org/node/1307270876,"10"
"POINT (2.376422 48.853928)",https://www.openstreetmap.org/node/1307270877,"7"
"POINT (2.377269 48.855666)",https://www.openstreetmap.org/node/1307270878,"25"
"POINT (2.377833 48.855383)",https://www.openstreetmap.org/node/1307270879,"4"
"POINT (2.377917 48.854933)",https://www.openstreetmap.org/node/1307270889,"18"
"POINT (2.377433 48.855454)",https://www.openstreetmap.org/node/1307270890,"23"
"POINT (2.37576 48.85502)",https://www.openstreetmap.org/node/1307270893,"26"
"POINT (2.377884 48.855488)",https://www.openstreetmap.org/node/1307270895,"3"
"POINT (2.374947 48.853945)",https://www.openstreetmap.org/node/1307270903,"3"
"POINT (2.37795 48.855421)",https://www.openstreetmap.org/node/1307270905,"6"
"POINT (2.378255 48.85619)",https://www.openstreetmap.org/node/1307270908,"45"
"POINT (2.375863 48.854887)",https://www.openstreetmap.org/node/1307270911,"22"
"POINT (2.375955 48.854532)",https://www.openstreetmap.org/node/1307270919,"15"
"POINT (2.376137 48.854296)",https://www.openstreetmap.org/node/1307270920,"13"
"POINT (2.378453 48.856181)",https://www.openstreetmap.org/node/1307270922,"44"
"POINT (2.378324 48.856104)",https://www.openstreetmap.org/node/1307270924,43b
"POINT (2.378482 48.855651)",https://www.openstreetmap.org/node/1307270927,"11"
"POINT (2.376892 48.854621)",https://www.openstreetmap.org/node/1307270932,"6"
"POINT (2.376123 48.85455)",https://www.openstreetmap.org/node/1307270936,"16"
"POINT (2.376672 48.854712)",https://www.openstreetmap.org/node/1307270944,"3"
"POINT (2.376073 48.854378)",https://www.openstreetmap.org/node/1307270945,13 bis
"POINT (2.377498 48.855532)",https://www.openstreetmap.org/node/1307270949,"26"
"POINT (2.377826 48.85482)",https://www.openstreetmap.org/node/1307270952,"15"
"POINT (2.376843 48.853617)",https://www.openstreetmap.org/node/1307270957,"4"
"POINT (2.37555 48.855291)",https://www.openstreetmap.org/node/1307270958,"34"
"POINT (2.376912 48.856127)",https://www.openstreetmap.org/node/1307270959,"33"
"POINT (2.37685 48.854765)",https://www.openstreetmap.org/node/1307270960,"5"
"POINT (2.3752 48.853944)",https://www.openstreetmap.org/node/1307270968,"12"
"POINT (2.376328 48.854048)",https://www.openstreetmap.org/node/1307270970,"9"
"POINT (2.377788 48.855099)",https://www.openstreetmap.org/node/1307270971,"20"
"POINT (2.377351 48.85556)",https://www.openstreetmap.org/node/1307270972,23b
"POINT (2.376531 48.854516)",https://www.openstreetmap.org/node/1307270973,"2"
"POINT (2.37547 48.855159)",https://www.openstreetmap.org/node/1307270979,"23"
"POINT (2.376742 48.853748)",https://www.openstreetmap.org/node/1307270980,"6"
"POINT (2.378157 48.856508)",https://www.openstreetmap.org/node/1307270982,"52"
"POINT (2.378077 48.855462)",https://www.openstreetmap.org/node/1307270984,"8"
"POINT (2.377665 48.855257)",https://www.openstreetmap.org/node/1307270985,"22"
"POINT (2.375802 48.854965)",https://www.openstreetmap.org/node/1307270986,"24"
"POINT (2.375799 48.854733)",https://www.openstreetmap.org/node/1307270987,"17"
"POINT (2.375643 48.85517)",https://www.openstreetmap.org/node/1307270988,"30"
"POINT (2.378392 48.856259)",https://www.openstreetmap.org/node/1307270989,"46"
"POINT (2.378165 48.856306)",https://www.openstreetmap.org/node/1307270991,"47"
"POINT (2.377121 48.855858)",https://www.openstreetmap.org/node/1307270992,"29"
"POINT (2.378089 48.855554)",https://www.openstreetmap.org/node/1307270993,"5"
"POINT (2.37706 48.85467)",https://www.openstreetmap.org/node/1307270994,"8"
"POINT (2.378193 48.856262)",https://www.openstreetmap.org/node/1307270995,45b
"POINT (2.37757 48.854826)",https://www.openstreetmap.org/node/1307270996,"14"
"POINT (2.376462 48.85411)",https://www.openstreetmap.org/node/1307270997,"10"
"POINT (2.378508 48.856112)",https://www.openstreetmap.org/node/1307270998,"42"
"POINT (2.375671 48.854899)",https://www.openstreetmap.org/node/1307270999,"19"
"POINT (2.378289 48.85634)",https://www.openstreetmap.org/node/1307271000,"48"
"POINT (2.378121 48.85636)",https://www.openstreetmap.org/node/1307271001,"49"
"POINT (2.377413 48.855644)",https://www.openstreetmap.org/node/1307271002,"28"
"POINT (2.377231 48.854708)",https://www.openstreetmap.org/node/1307271003,"10"
"POINT (2.377039 48.856132)",https://www.openstreetmap.org/node/1307271004,"34"
"POINT (2.375393 48.855494)",https://www.openstreetmap.org/node/1307271005,"36"
"POINT (2.377187 48.85486)",https://www.openstreetmap.org/node/1307271006,"7"
"POINT (2.37471 48.853887)",https://www.openstreetmap.org/node/1307271007,"5"
"POINT (2.376581 48.853722)",https://www.openstreetmap.org/node/1307271008,"3"
"POINT (2.377362 48.855711)",https://www.openstreetmap.org/node/1307271010,"30"
"POINT (2.376703 48.854566)",https://www.openstreetmap.org/node/1307271011,"4"
"POINT (2.37535 48.855314)",https://www.openstreetmap.org/node/1307271013,"25"
"POINT (2.37664 48.853881)",https://www.openstreetmap.org/node/1307271014,"8"
"POINT (2.37761 48.854986)",https://www.openstreetmap.org/node/1307271017,"11"
"POINT (2.3777 48.85534)",https://www.openstreetmap.org/node/1307271019,"2"
"POINT (2.377611 48.855456)",https://www.openstreetmap.org/node/1307271020,"24"
"POINT (2.376022 48.85468)",https://www.openstreetmap.org/node/1307271021,"18"
"POINT (2.375279 48.855406)",https://www.openstreetmap.org/node/1307271022,"27"
"POINT (2.375601 48.855225)",https://www.openstreetmap.org/node/1307271023,"32"
"POINT (2.377694 48.855428)",https://www.openstreetmap.org/node/1307271024,"1"
"POINT (2.378479 48.855907)",https://www.openstreetmap.org/node/1307271026,"41"
"POINT (2.377014 48.855995)",https://www.openstreetmap.org/node/1307271027,"31"
"POINT (2.378145 48.855572)",https://www.openstreetmap.org/node/1307271028,"7"
"POINT (2.377593 48.855114)",https://www.openstreetmap.org/node/1307271029,"17"
"POINT (2.377426 48.854925)",https://www.openstreetmap.org/node/1307271030,"9"
"POINT (2.377702 48.854863)",https://www.openstreetmap.org/node/1307271032,"16"
"POINT (2.376382 48.854214)",https://www.openstreetmap.org/node/1307271033,"12"
"POINT (2.378007 48.856504)",https://www.openstreetmap.org/node/1307271034,"51"
"POINT (2.375544 48.855012)",https://www.openstreetmap.org/node/1307271035,"21"
"POINT (2.376241 48.854161)",https://www.openstreetmap.org/node/1307271036,"11"
"POINT (2.37823 48.856415)",https://www.openstreetmap.org/node/1307271037,"50"
"POINT (2.378382 48.85603)",https://www.openstreetmap.org/node/1307271039,"43"
"POINT (2.378053 48.856446)",https://www.openstreetmap.org/node/1307271040,49b
"POINT (2.37831 48.855595)",https://www.openstreetmap.org/node/1307271041,"9"
"POINT (2.377423 48.854785)",https://www.openstreetmap.org/node/1307271042,"12"
"POINT (2.375141 48.853987)",https://www.openstreetmap.org/node/1307271044,"1"
"POINT (2.376247 48.854388)",https://www.openstreetmap.org/node/1307271045,"14"
"POINT (2.376268 48.854751)",https://www.openstreetmap.org/node/1307271046,18A
"POINT (2.374521 48.85375)",https://www.openstreetmap.org/node/1307271047,"7"
"POINT (2.376503 48.853823)",https://www.openstreetmap.org/node/1307271048,"5"
"POINT (2.377192 48.855768)",https://www.openstreetmap.org/node/1307271051,"27"
"POINT (2.377211 48.855908)",https://www.openstreetmap.org/node/1307271052,"32"
"POINT (2.377526 48.855334)",https://www.openstreetmap.org/node/1307271054,"21"
"POINT (2.376962 48.853464)",https://www.openstreetmap.org/node/1307271057,"2"
"POINT (2.376727 48.853532)",https://www.openstreetmap.org/node/1307271058,"1"
"POINT (2.37458 48.853043)",https://www.openstreetmap.org/node/1307318770,"17"
"POINT (2.375599 48.852932)",https://www.openstreetmap.org/node/1307318775,"6"
"POINT (2.378216 48.85337)",https://www.openstreetmap.org/node/1307318776,"51"
"POINT (2.376058 48.852531)",https://www.openstreetmap.org/node/1307318782,"12"
"POINT (2.379975 48.853531)",https://www.openstreetmap.org/node/1307318784,"65"
"POINT (2.376506 48.853337)",https://www.openstreetmap.org/node/1307318787,"39"
"POINT (2.376213 48.852605)",https://www.openstreetmap.org/node/1307318789,"11"
"POINT (2.374293 48.852682)",https://www.openstreetmap.org/node/1307318836,"11"
"POINT (2.376396 48.852965)",https://www.openstreetmap.org/node/1307318839,"3"
"POINT (2.375766 48.852791)",https://www.openstreetmap.org/node/1307318854,"8"
"POINT (2.376685 48.852655)",https://www.openstreetmap.org/node/1307318855,"26"
"POINT (2.380583 48.853684)",https://www.openstreetmap.org/node/1307318857,"71"
"POINT (2.375159 48.853307)",https://www.openstreetmap.org/node/1307318866,"25"
"POINT (2.38089 48.852712)",https://www.openstreetmap.org/node/1307318873,"31"
"POINT (2.376359 48.852553)",https://www.openstreetmap.org/node/1307318875,"13"
"POINT (2.374137 48.852482)",https://www.openstreetmap.org/node/1307318898,"7"
"POINT (2.374366 48.85278)",https://www.openstreetmap.org/node/1307318917,"13"
"POINT (2.376373 48.852847)",https://www.openstreetmap.org/node/1307318920,"5"
"POINT (2.375333 48.853086)",https://www.openstreetmap.org/node/1307318924,"2"
"POINT (2.375945 48.852742)",https://www.openstreetmap.org/node/1307318935,"7"
"POINT (2.377942 48.853366)",https://www.openstreetmap.org/node/1307318938,"49"
"POINT (2.376699 48.852999)",https://www.openstreetmap.org/node/1307318969,"3"
"POINT (2.374665 48.85309)",https://www.openstreetmap.org/node/1307319024,"19"
"POINT (2.378437 48.853379)",https://www.openstreetmap.org/node/1307319029,"53"
"POINT (2.37658 48.852955)",https://www.openstreetmap.org/node/1307319032,"4"
"POINT (2.379324 48.853422)",https://www.openstreetmap.org/node/1307319047,"59"
"POINT (2.374771 48.853137)",https://www.openstreetmap.org/node/1307319092,"21"
"POINT (2.375937 48.852648)",https://www.openstreetmap.org/node/1307319096,"10"
"POINT (2.378827 48.85338)",https://www.openstreetmap.org/node/1307319099,"55"
"POINT (2.376656 48.852585)",https://www.openstreetmap.org/node/1307319101,"17"
"POINT (2.375365 48.853359)",https://www.openstreetmap.org/node/1307319116,"27"
"POINT (2.373819 48.852069)",https://www.openstreetmap.org/node/1307319143,"1"
"POINT (2.37448 48.852946)",https://www.openstreetmap.org/node/1307319159,"15"
"POINT (2.376352 48.852735)",https://www.openstreetmap.org/node/1307319160,"7"
"POINT (2.375533 48.853364)",https://www.openstreetmap.org/node/1307319178,"29"
"POINT (2.375507 48.853116)",https://www.openstreetmap.org/node/1307319192,"1"
"POINT (2.376674 48.852866)",https://www.openstreetmap.org/node/1307319218,"5"
"POINT (2.380049 48.853546)",https://www.openstreetmap.org/node/1307319233,"67"
"POINT (2.38081 48.852834)",https://www.openstreetmap.org/node/1307319252,"33"
"POINT (2.376724 48.853134)",https://www.openstreetmap.org/node/1307319259,"1"
"POINT (2.376649 48.852727)",https://www.openstreetmap.org/node/1307319265,"7"
"POINT (2.376557 48.852835)",https://www.openstreetmap.org/node/1307319269,"6"
"POINT (2.379589 48.853463)",https://www.openstreetmap.org/node/1307319270,"61"
"POINT (2.376145 48.853326)",https://www.openstreetmap.org/node/1307319271,"35"
"POINT (2.376726 48.853373)",https://www.openstreetmap.org/node/1307319277,"41"
"POINT (2.376331 48.853051)",https://www.openstreetmap.org/node/1307319286,2b
"POINT (2.374866 48.853215)",https://www.openstreetmap.org/node/1307319293,"23;21"
"POINT (2.375474 48.853036)",https://www.openstreetmap.org/node/1307319298,"4"
"POINT (2.379052 48.853413)",https://www.openstreetmap.org/node/1307319299,"57"
"POINT (2.379827 48.853503)",https://www.openstreetmap.org/node/1307319303,"63"
"POINT (2.376313 48.853323)",https://www.openstreetmap.org/node/1307319304,"37"
"POINT (2.376073 48.852633)",https://www.openstreetmap.org/node/1307319306,"9"
"POINT (2.373941 48.852227)",https://www.openstreetmap.org/node/1307319320,"3"
"POINT (2.374194 48.852572)",https://www.openstreetmap.org/node/1307319325,"9"
"POINT (2.376424 48.853107)",https://www.openstreetmap.org/node/1307319326,"1"
"POINT (2.37661 48.853112)",https://www.openstreetmap.org/node/1307319330,"2"
"POINT (2.375828 48.853358)",https://www.openstreetmap.org/node/1307319331,"31"
"POINT (2.375593 48.853042)",https://www.openstreetmap.org/node/1307319335,"3"
"POINT (2.377165 48.853382)",https://www.openstreetmap.org/node/1307319336,"45"
"POINT (2.374047 48.852364)",https://www.openstreetmap.org/node/1307319349,"5"
"POINT (2.380189 48.853575)",https://www.openstreetmap.org/node/1307319359,"69"
"POINT (2.37577 48.852891)",https://www.openstreetmap.org/node/1307319365,"5"
"POINT (2.377693 48.85337)",https://www.openstreetmap.org/node/1307319366,"47"
"POINT (2.382214 48.85403)",https://www.openstreetmap.org/node/1307325793,"87"
"POINT (2.382782 48.854165)",https://www.openstreetmap.org/node/1307325798,"93"
"POINT (2.382362 48.854063)",https://www.openstreetmap.org/node/1307325805,"89"
"POINT (2.38306 48.85422)",https://www.openstreetmap.org/node/1307325814,95 ter
"POINT (2.380843 48.853738)",https://www.openstreetmap.org/node/1307325815,"73"
"POINT (2.38124 48.853821)",https://www.openstreetmap.org/node/1307325835,75 ter
"POINT (2.381507 48.853877)",https://www.openstreetmap.org/node/1307325845,"77"
"POINT (2.3829 48.854184)",https://www.openstreetmap.org/node/1307325848,"95"
"POINT (2.382504 48.8541)",https://www.openstreetmap.org/node/1307325856,"91"
"POINT (2.382981 48.854202)",https://www.openstreetmap.org/node/1307325862,95 bis
"POINT (2.380903 48.853751)",https://www.openstreetmap.org/node/1307325870,"75"
"POINT (2.381063 48.853785)",https://www.openstreetmap.org/node/1307325883,75 bis
"POINT (2.381728 48.853924)",https://www.openstreetmap.org/node/1307325898,"79"
"POINT (2.38185 48.85395)",https://www.openstreetmap.org/node/1307325916,"81"
"POINT (2.385873 48.848258)",https://www.openstreetmap.org/node/13074601212,"2"
"POINT (2.370228 48.85461)",https://www.openstreetmap.org/node/13076641815,"10"
"POINT (2.378974 48.853425)",https://www.openstreetmap.org/node/1311951914,"57"
"POINT (2.374877 48.85327)",https://www.openstreetmap.org/node/1312774791,"1"
"POINT (2.375579 48.853488)",https://www.openstreetmap.org/node/1312774793,"1"
"POINT (2.373263 48.854209)",https://www.openstreetmap.org/node/1312774806,"10"
"POINT (2.374297 48.853744)",https://www.openstreetmap.org/node/1312774809,"10"
"POINT (2.375388 48.854158)",https://www.openstreetmap.org/node/1312774812,"10"
"POINT (2.373143 48.85422)",https://www.openstreetmap.org/node/1312774814,"11"
"POINT (2.373851 48.853899)",https://www.openstreetmap.org/node/1312774827,"11"
"POINT (2.375274 48.854098)",https://www.openstreetmap.org/node/1312774831,"11"
"POINT (2.374169 48.853824)",https://www.openstreetmap.org/node/1312774835,"12"
"POINT (2.37535 48.854234)",https://www.openstreetmap.org/node/1312774840,"12"
"POINT (2.373199 48.854263)",https://www.openstreetmap.org/node/1312774843,"13"
"POINT (2.373731 48.853976)",https://www.openstreetmap.org/node/1312774845,"13"
"POINT (2.374052 48.853896)",https://www.openstreetmap.org/node/1312774848,"14"
"POINT (2.375278 48.854377)",https://www.openstreetmap.org/node/1312774851,"14"
"POINT (2.373612 48.854054)",https://www.openstreetmap.org/node/1312774855,"15"
"POINT (2.375125 48.854395)",https://www.openstreetmap.org/node/1312774858,"15"
"POINT (2.37387 48.854012)",https://www.openstreetmap.org/node/1312774860,"16"
"POINT (2.375212 48.854536)",https://www.openstreetmap.org/node/1312774861,"16"
"POINT (2.373798 48.854057)",https://www.openstreetmap.org/node/1312774862,16 bis
"POINT (2.373567 48.854085)",https://www.openstreetmap.org/node/1312774863,"17"
"POINT (2.375066 48.854485)",https://www.openstreetmap.org/node/1312774864,"17"
"POINT (2.373684 48.854159)",https://www.openstreetmap.org/node/1312774865,"18"
"POINT (2.375111 48.854738)",https://www.openstreetmap.org/node/1312774866,"18"
"POINT (2.373528 48.854112)",https://www.openstreetmap.org/node/1312774867,"19"
"POINT (2.375033 48.854551)",https://www.openstreetmap.org/node/1312774868,"19"
"POINT (2.372861 48.853891)",https://www.openstreetmap.org/node/1312774869,"2"
"POINT (2.374925 48.853361)",https://www.openstreetmap.org/node/1312774870,"2"
"POINT (2.375749 48.853429)",https://www.openstreetmap.org/node/1312774871,"2"
"POINT (2.373562 48.854242)",https://www.openstreetmap.org/node/1312774872,"20"
"POINT (2.37504 48.854851)",https://www.openstreetmap.org/node/1312774873,"20"
"POINT (2.373489 48.854139)",https://www.openstreetmap.org/node/1312774874,"21"
"POINT (2.374996 48.854656)",https://www.openstreetmap.org/node/1312774875,"21"
"POINT (2.374929 48.854789)",https://www.openstreetmap.org/node/1312774876,21 bis
"POINT (2.373431 48.854332)",https://www.openstreetmap.org/node/1312774877,"22"
"POINT (2.37495 48.855031)",https://www.openstreetmap.org/node/1312774878,"22"
"POINT (2.37488 48.85517)",https://www.openstreetmap.org/node/1312774879,22 bis
"POINT (2.373444 48.854169)",https://www.openstreetmap.org/node/1312774880,"23"
"POINT (2.374866 48.854918)",https://www.openstreetmap.org/node/1312774881,"23"
"POINT (2.373324 48.854405)",https://www.openstreetmap.org/node/1312774882,"24"
"POINT (2.374793 48.855343)",https://www.openstreetmap.org/node/1312774883,"24"
"POINT (2.3734 48.854199)",https://www.openstreetmap.org/node/1312774884,"25"
"POINT (2.373212 48.854481)",https://www.openstreetmap.org/node/1312774885,"26"
"POINT (2.373363 48.854225)",https://www.openstreetmap.org/node/1312774887,"27"
"POINT (2.373087 48.854567)",https://www.openstreetmap.org/node/1312774889,"28"
"POINT (2.373222 48.854318)",https://www.openstreetmap.org/node/1312774890,"29"
"POINT (2.375657 48.853613)",https://www.openstreetmap.org/node/1312774892,2 bis
"POINT (2.372839 48.853967)",https://www.openstreetmap.org/node/1312774893,"3"
"POINT (2.375503 48.853639)",https://www.openstreetmap.org/node/1312774895,"3"
"POINT (2.372963 48.853973)",https://www.openstreetmap.org/node/1312774898,"4"
"POINT (2.37481 48.853424)",https://www.openstreetmap.org/node/1312774899,"4"
"POINT (2.375595 48.853739)",https://www.openstreetmap.org/node/1312774901,"4"
"POINT (2.372945 48.854053)",https://www.openstreetmap.org/node/1312774904,"5"
"POINT (2.374516 48.853536)",https://www.openstreetmap.org/node/1312774907,"5"
"POINT (2.375409 48.853829)",https://www.openstreetmap.org/node/1312774908,"5"
"POINT (2.373094 48.854078)",https://www.openstreetmap.org/node/1312774909,"6"
"POINT (2.374705 48.85349)",https://www.openstreetmap.org/node/1312774913,"6"
"POINT (2.375538 48.853853)",https://www.openstreetmap.org/node/1312774915,"6"
"POINT (2.37304 48.85414)",https://www.openstreetmap.org/node/1312774916,"7"
"POINT (2.374374 48.853626)",https://www.openstreetmap.org/node/1312774917,"7"
"POINT (2.375363 48.853919)",https://www.openstreetmap.org/node/1312774919,"7"
"POINT (2.37428 48.853684)",https://www.openstreetmap.org/node/1312774920,7 bis
"POINT (2.37322 48.854175)",https://www.openstreetmap.org/node/1312774921,"8"
"POINT (2.375487 48.853956)",https://www.openstreetmap.org/node/1312774923,"8"
"POINT (2.374379 48.853693)",https://www.openstreetmap.org/node/1312774924,8 bis
"POINT (2.375438 48.854056)",https://www.openstreetmap.org/node/1312774925,8 bis
"POINT (2.373088 48.854177)",https://www.openstreetmap.org/node/1312774926,"9"
"POINT (2.374241 48.853708)",https://www.openstreetmap.org/node/1312774928,"9"
"POINT (2.374111 48.853791)",https://www.openstreetmap.org/node/1312774929,9 bis
"POINT (2.373983 48.853816)",https://www.openstreetmap.org/node/1312774931,9 ter
"POINT (2.37872 48.851659)",https://www.openstreetmap.org/node/13128378403,"11"
"POINT (2.373953 48.852462)",https://www.openstreetmap.org/node/1313543582,"1"
"POINT (2.371603 48.854272)",https://www.openstreetmap.org/node/1313543584,"1"
"POINT (2.373238 48.852598)",https://www.openstreetmap.org/node/1313543586,"10"
"POINT (2.371998 48.854013)",https://www.openstreetmap.org/node/1313543588,"10"
"POINT (2.373381 48.852547)",https://www.openstreetmap.org/node/1313543590,"11"
"POINT (2.372219 48.853971)",https://www.openstreetmap.org/node/1313543592,"11"
"POINT (2.373664 48.852446)",https://www.openstreetmap.org/node/1313543593,"12"
"POINT (2.372099 48.853964)",https://www.openstreetmap.org/node/1313543595,"12"
"POINT (2.373882 48.852368)",https://www.openstreetmap.org/node/1313543597,"13"
"POINT (2.372295 48.853934)",https://www.openstreetmap.org/node/1313543599,"13"
"POINT (2.373755 48.852728)",https://www.openstreetmap.org/node/1313543600,"14"
"POINT (2.372176 48.853927)",https://www.openstreetmap.org/node/1313543602,"14"
"POINT (2.373617 48.852823)",https://www.openstreetmap.org/node/1313543603,"15"
"POINT (2.372387 48.853889)",https://www.openstreetmap.org/node/1313543605,"15"
"POINT (2.373386 48.852919)",https://www.openstreetmap.org/node/1313543606,"16"
"POINT (2.372239 48.853896)",https://www.openstreetmap.org/node/1313543607,"16"
"POINT (2.373175 48.852921)",https://www.openstreetmap.org/node/1313543608,"17"
"POINT (2.372481 48.853843)",https://www.openstreetmap.org/node/1313543610,"17"
"POINT (2.373293 48.852818)",https://www.openstreetmap.org/node/1313543611,"18"
"POINT (2.372335 48.853848)",https://www.openstreetmap.org/node/1313543612,"18"
"POINT (2.373523 48.852729)",https://www.openstreetmap.org/node/1313543613,"19"
"POINT (2.372546 48.853812)",https://www.openstreetmap.org/node/1313543615,"19"
"POINT (2.373839 48.852508)",https://www.openstreetmap.org/node/1313543616,"2"
"POINT (2.37148 48.854267)",https://www.openstreetmap.org/node/1313543618,"2"
"POINT (2.372537 48.85375)",https://www.openstreetmap.org/node/1313543620,"20"
"POINT (2.372809 48.853617)",https://www.openstreetmap.org/node/1313543623,"22"
"POINT (2.372778 48.853716)",https://www.openstreetmap.org/node/1313543624,"23"
"POINT (2.373005 48.853522)",https://www.openstreetmap.org/node/1313543625,"24"
"POINT (2.372914 48.853631)",https://www.openstreetmap.org/node/1313543626,"25"
"POINT (2.373353 48.853353)",https://www.openstreetmap.org/node/1313543627,"26"
"POINT (2.373202 48.853427)",https://www.openstreetmap.org/node/1313543628,26 bis
"POINT (2.37303 48.853599)",https://www.openstreetmap.org/node/1313543629,"27"
"POINT (2.373528 48.853268)",https://www.openstreetmap.org/node/1313543630,"28"
"POINT (2.373115 48.853582)",https://www.openstreetmap.org/node/1313543631,"29"
"POINT (2.372976 48.852692)",https://www.openstreetmap.org/node/1313543632,"3"
"POINT (2.371815 48.854169)",https://www.openstreetmap.org/node/1313543634,"3"
"POINT (2.373736 48.853167)",https://www.openstreetmap.org/node/1313543636,"30"
"POINT (2.373187 48.853547)",https://www.openstreetmap.org/node/1313543637,"31"
"POINT (2.373945 48.853066)",https://www.openstreetmap.org/node/1313543638,"32"
"POINT (2.373236 48.853476)",https://www.openstreetmap.org/node/1313543639,"33"
"POINT (2.374201 48.852942)",https://www.openstreetmap.org/node/1313543640,"34"
"POINT (2.373325 48.853433)",https://www.openstreetmap.org/node/1313543641,"35"
"POINT (2.374348 48.85287)",https://www.openstreetmap.org/node/1313543642,"36"
"POINT (2.373419 48.853387)",https://www.openstreetmap.org/node/1313543643,"37"
"POINT (2.373537 48.853329)",https://www.openstreetmap.org/node/1313543644,"39"
"POINT (2.373581 48.852583)",https://www.openstreetmap.org/node/1313543645,"4"
"POINT (2.371591 48.854213)",https://www.openstreetmap.org/node/1313543647,"4"
"POINT (2.373661 48.853269)",https://www.openstreetmap.org/node/1313543649,"41"
"POINT (2.373769 48.853216)",https://www.openstreetmap.org/node/1313543650,"43"
"POINT (2.373876 48.853164)",https://www.openstreetmap.org/node/1313543651,"45"
"POINT (2.373988 48.853109)",https://www.openstreetmap.org/node/1313543652,"47"
"POINT (2.374121 48.853044)",https://www.openstreetmap.org/node/1313543653,"49"
"POINT (2.373021 48.852676)",https://www.openstreetmap.org/node/1313543654,"5"
"POINT (2.371922 48.854116)",https://www.openstreetmap.org/node/1313543655,"5"
"POINT (2.373176 48.85274)",https://www.openstreetmap.org/node/1313543658,"6"
"POINT (2.371706 48.854156)",https://www.openstreetmap.org/node/1313543660,"6"
"POINT (2.373083 48.852654)",https://www.openstreetmap.org/node/1313543662,"7"
"POINT (2.372044 48.854057)",https://www.openstreetmap.org/node/1313543664,"7"
"POINT (2.372994 48.852714)",https://www.openstreetmap.org/node/1313543666,"8"
"POINT (2.371857 48.854083)",https://www.openstreetmap.org/node/1313543668,"8"
"POINT (2.373145 48.852632)",https://www.openstreetmap.org/node/1313543670,"9"
"POINT (2.372145 48.854007)",https://www.openstreetmap.org/node/1313543675,"9"
"POINT (2.385563 48.851609)",https://www.openstreetmap.org/node/13140485335,"13"
"POINT (2.37437 48.853007)",https://www.openstreetmap.org/node/13147649884,"51"
"POINT (2.37142 48.852862)",https://www.openstreetmap.org/node/1316515263,"1"
"POINT (2.370517 48.853272)",https://www.openstreetmap.org/node/1316515267,"1"
"POINT (2.371559 48.853202)",https://www.openstreetmap.org/node/1316515270,"10"
"POINT (2.371925 48.8532)",https://www.openstreetmap.org/node/1316515271,"11"
"POINT (2.370954 48.852997)",https://www.openstreetmap.org/node/1316515281,"11"
"POINT (2.371895 48.853134)",https://www.openstreetmap.org/node/1316515283,"12"
"POINT (2.372396 48.853323)",https://www.openstreetmap.org/node/1316515285,"13"
"POINT (2.370968 48.852988)",https://www.openstreetmap.org/node/1316515287,"13"
"POINT (2.372004 48.853111)",https://www.openstreetmap.org/node/1316515296,"14"
"POINT (2.372104 48.853039)",https://www.openstreetmap.org/node/1316515301,"16"
"POINT (2.3711 48.852912)",https://www.openstreetmap.org/node/1316515306,"15;17"
"POINT (2.372244 48.853194)",https://www.openstreetmap.org/node/1316515307,"18"
"POINT (2.371248 48.852833)",https://www.openstreetmap.org/node/1316515309,"19"
"POINT (2.371331 48.852788)",https://www.openstreetmap.org/node/1316515310,"21"
"POINT (2.371373 48.852766)",https://www.openstreetmap.org/node/1316515323,"23"
"POINT (2.371528 48.852683)",https://www.openstreetmap.org/node/1316515328,"25"
"POINT (2.37163 48.852633)",https://www.openstreetmap.org/node/1316515331,"27;29"
"POINT (2.371515 48.852969)",https://www.openstreetmap.org/node/1316515336,"3"
"POINT (2.370903 48.853402)",https://www.openstreetmap.org/node/1316515339,"3"
"POINT (2.370652 48.853187)",https://www.openstreetmap.org/node/1316515341,"3"
"POINT (2.37178 48.852564)",https://www.openstreetmap.org/node/1316515344,"31"
"POINT (2.372053 48.852465)",https://www.openstreetmap.org/node/1316515356,"35;37"
"POINT (2.372125 48.852444)",https://www.openstreetmap.org/node/1316515359,"39"
"POINT (2.372163 48.852433)",https://www.openstreetmap.org/node/1316515362,39b
"POINT (2.371639 48.852989)",https://www.openstreetmap.org/node/1316515367,"4"
"POINT (2.372213 48.852418)",https://www.openstreetmap.org/node/1316515368,"41"
"POINT (2.372286 48.852396)",https://www.openstreetmap.org/node/1316515369,"43"
"POINT (2.372413 48.85236)",https://www.openstreetmap.org/node/1316515386,"45"
"POINT (2.372621 48.8523)",https://www.openstreetmap.org/node/1316515389,"47"
"POINT (2.372841 48.852237)",https://www.openstreetmap.org/node/1316515390,"49"
"POINT (2.371629 48.853073)",https://www.openstreetmap.org/node/1316515391,"5"
"POINT (2.371208 48.853348)",https://www.openstreetmap.org/node/1316515399,"5"
"POINT (2.372957 48.852203)",https://www.openstreetmap.org/node/1316515406,"51"
"POINT (2.373044 48.852178)",https://www.openstreetmap.org/node/1316515408,"53"
"POINT (2.373215 48.852129)",https://www.openstreetmap.org/node/1316515418,"55"
"POINT (2.373359 48.852088)",https://www.openstreetmap.org/node/1316515422,"57"
"POINT (2.373499 48.852049)",https://www.openstreetmap.org/node/1316515425,"59"
"POINT (2.371752 48.853091)",https://www.openstreetmap.org/node/1316515427,"6"
"POINT (2.373622 48.852015)",https://www.openstreetmap.org/node/1316515433,"61"
"POINT (2.374049 48.851918)",https://www.openstreetmap.org/node/1316515436,"63"
"POINT (2.3741 48.851885)",https://www.openstreetmap.org/node/1316515441,"65"
"POINT (2.374201 48.851861)",https://www.openstreetmap.org/node/1316515446,"67"
"POINT (2.374284 48.851846)",https://www.openstreetmap.org/node/1316515451,"69"
"POINT (2.371435 48.853301)",https://www.openstreetmap.org/node/1316515452,"7"
"POINT (2.37083 48.853076)",https://www.openstreetmap.org/node/1316515454,"5;7"
"POINT (2.374388 48.851815)",https://www.openstreetmap.org/node/1316515466,"71"
"POINT (2.374439 48.851802)",https://www.openstreetmap.org/node/1316515468,"73"
"POINT (2.374513 48.85179)",https://www.openstreetmap.org/node/1316515469,"75"
"POINT (2.3746 48.851763)",https://www.openstreetmap.org/node/1316515470,"77"
"POINT (2.374701 48.851744)",https://www.openstreetmap.org/node/1316515482,"79"
"POINT (2.371337 48.853248)",https://www.openstreetmap.org/node/1316515484,"8"
"POINT (2.374771 48.851727)",https://www.openstreetmap.org/node/1316515486,"81"
"POINT (2.374866 48.851704)",https://www.openstreetmap.org/node/1316515487,"83"
"POINT (2.374963 48.851674)",https://www.openstreetmap.org/node/1316515494,"85"
"POINT (2.375042 48.851655)",https://www.openstreetmap.org/node/1316515497,"87"
"POINT (2.375144 48.85163)",https://www.openstreetmap.org/node/1316515500,"89"
"POINT (2.37165 48.853256)",https://www.openstreetmap.org/node/1316515501,"9"
"POINT (2.370853 48.85306)",https://www.openstreetmap.org/node/1316515513,"9"
"POINT (2.375255 48.851602)",https://www.openstreetmap.org/node/1316515516,"91"
"POINT (2.375371 48.851573)",https://www.openstreetmap.org/node/1316515519,"93"
"POINT (2.375608 48.851521)",https://www.openstreetmap.org/node/1316515529,"97"
"POINT (2.375905 48.851448)",https://www.openstreetmap.org/node/1316515533,"99"
"POINT (2.383992 48.850521)",https://www.openstreetmap.org/node/1316545685,"1"
"POINT (2.376413 48.851322)",https://www.openstreetmap.org/node/1316545694,"109"
"POINT (2.376525 48.851287)",https://www.openstreetmap.org/node/1316545698,"111"
"POINT (2.376621 48.851263)",https://www.openstreetmap.org/node/1316545701,"113"
"POINT (2.376727 48.851238)",https://www.openstreetmap.org/node/1316545704,"115"
"POINT (2.376852 48.851293)",https://www.openstreetmap.org/node/1316545707,115b
"POINT (2.37685 48.851208)",https://www.openstreetmap.org/node/1316545713,"117"
"POINT (2.376948 48.85119)",https://www.openstreetmap.org/node/1316545714,"119"
"POINT (2.377048 48.85116)",https://www.openstreetmap.org/node/1316545716,"121"
"POINT (2.37716 48.851133)",https://www.openstreetmap.org/node/1316545719,"123"
"POINT (2.377295 48.8511)",https://www.openstreetmap.org/node/1316545729,"125"
"POINT (2.37742 48.85107)",https://www.openstreetmap.org/node/1316545730,"127"
"POINT (2.377532 48.851043)",https://www.openstreetmap.org/node/1316545733,"129"
"POINT (2.377613 48.851027)",https://www.openstreetmap.org/node/1316545736,"131"
"POINT (2.377788 48.850985)",https://www.openstreetmap.org/node/1316545738,"133"
"POINT (2.377813 48.850979)",https://www.openstreetmap.org/node/1316545751,"135"
"POINT (2.37808 48.850909)",https://www.openstreetmap.org/node/1316545754,"137"
"POINT (2.378193 48.85088)",https://www.openstreetmap.org/node/1316545756,"139"
"POINT (2.378322 48.850849)",https://www.openstreetmap.org/node/1316545760,"141"
"POINT (2.378397 48.850836)",https://www.openstreetmap.org/node/1316545768,"143"
"POINT (2.378708 48.850757)",https://www.openstreetmap.org/node/1316545769,"147"
"POINT (2.378805 48.850735)",https://www.openstreetmap.org/node/1316545771,"149"
"POINT (2.379207 48.850669)",https://www.openstreetmap.org/node/1316545773,"153"
"POINT (2.379346 48.850649)",https://www.openstreetmap.org/node/1316545775,"155"
"POINT (2.379487 48.850629)",https://www.openstreetmap.org/node/1316545786,"157"
"POINT (2.379576 48.850616)",https://www.openstreetmap.org/node/1316545788,157b
"POINT (2.379629 48.850608)",https://www.openstreetmap.org/node/1316545789,"159"
"POINT (2.379675 48.850602)",https://www.openstreetmap.org/node/1316545791,159b
"POINT (2.379774 48.850587)",https://www.openstreetmap.org/node/1316545794,"161"
"POINT (2.37994 48.850564)",https://www.openstreetmap.org/node/1316545807,"163"
"POINT (2.380042 48.850553)",https://www.openstreetmap.org/node/1316545809,"165"
"POINT (2.380212 48.850539)",https://www.openstreetmap.org/node/1316545811,"167"
"POINT (2.380375 48.850533)",https://www.openstreetmap.org/node/1316545813,"169"
"POINT (2.380532 48.850531)",https://www.openstreetmap.org/node/1316545824,"171"
"POINT (2.380668 48.85053)",https://www.openstreetmap.org/node/1316545827,"173"
"POINT (2.380818 48.850529)",https://www.openstreetmap.org/node/1316545828,"175"
"POINT (2.380939 48.850528)",https://www.openstreetmap.org/node/1316545831,"177"
"POINT (2.381051 48.850527)",https://www.openstreetmap.org/node/1316545834,"179"
"POINT (2.381127 48.850811)",https://www.openstreetmap.org/node/1316545849,179a
"POINT (2.381186 48.850526)",https://www.openstreetmap.org/node/1316545850,"181"
"POINT (2.381327 48.850525)",https://www.openstreetmap.org/node/1316545852,"183"
"POINT (2.381583 48.850526)",https://www.openstreetmap.org/node/1316545854,"185"
"POINT (2.381665 48.850525)",https://www.openstreetmap.org/node/1316545865,"187"
"POINT (2.381751 48.850525)",https://www.openstreetmap.org/node/1316545867,"189"
"POINT (2.381867 48.850524)",https://www.openstreetmap.org/node/1316545870,"191"
"POINT (2.381997 48.850523)",https://www.openstreetmap.org/node/1316545872,"193"
"POINT (2.382097 48.850523)",https://www.openstreetmap.org/node/1316545875,"195"
"POINT (2.382183 48.850522)",https://www.openstreetmap.org/node/1316545889,"197"
"POINT (2.382314 48.850521)",https://www.openstreetmap.org/node/1316545890,"199"
"POINT (2.382434 48.85052)",https://www.openstreetmap.org/node/1316545892,"201"
"POINT (2.382567 48.85052)",https://www.openstreetmap.org/node/1316545893,"203"
"POINT (2.382709 48.850519)",https://www.openstreetmap.org/node/1316545904,"205"
"POINT (2.382834 48.850518)",https://www.openstreetmap.org/node/1316545907,"207"
"POINT (2.382943 48.850517)",https://www.openstreetmap.org/node/1316545909,"209"
"POINT (2.383064 48.850517)",https://www.openstreetmap.org/node/1316545911,"211"
"POINT (2.38318 48.850516)",https://www.openstreetmap.org/node/1316545915,"213"
"POINT (2.383299 48.850515)",https://www.openstreetmap.org/node/1316545933,"215"
"POINT (2.383405 48.850514)",https://www.openstreetmap.org/node/1316545935,"217"
"POINT (2.383483 48.850514)",https://www.openstreetmap.org/node/1316545938,"219"
"POINT (2.383601 48.850525)",https://www.openstreetmap.org/node/1316545942,"221"
"POINT (2.383775 48.850524)",https://www.openstreetmap.org/node/1316545953,"223"
"POINT (2.383876 48.85052)",https://www.openstreetmap.org/node/1316545957,"225"
"POINT (2.384008 48.850521)",https://www.openstreetmap.org/node/1316545960,"3"
"POINT (2.384128 48.850523)",https://www.openstreetmap.org/node/1316545963,"5"
"POINT (2.375575 48.851772)",https://www.openstreetmap.org/node/1316570590,"1"
"POINT (2.378568 48.853482)",https://www.openstreetmap.org/node/1316570591,"1"
"POINT (2.376821 48.85136)",https://www.openstreetmap.org/node/1316570592,"1"
"POINT (2.375925 48.852077)",https://www.openstreetmap.org/node/1316570593,"10"
"POINT (2.37702 48.851827)",https://www.openstreetmap.org/node/1316570594,"10"
"POINT (2.374249 48.85235)",https://www.openstreetmap.org/node/1316570595,"10"
"POINT (2.38397 48.854321)",https://www.openstreetmap.org/node/1316570596,"100"
"POINT (2.384271 48.854516)",https://www.openstreetmap.org/node/1316570597,"101"
"POINT (2.384451 48.854424)",https://www.openstreetmap.org/node/1316570598,"102"
"POINT (2.384556 48.854583)",https://www.openstreetmap.org/node/1316570599,"103"
"POINT (2.384897 48.854533)",https://www.openstreetmap.org/node/1316570600,"104"
"POINT (2.384718 48.854606)",https://www.openstreetmap.org/node/1316570601,"107"
"POINT (2.385073 48.854575)",https://www.openstreetmap.org/node/1316570602,"106"
"POINT (2.384809 48.854627)",https://www.openstreetmap.org/node/1316570603,"109"
"POINT (2.375977 48.852224)",https://www.openstreetmap.org/node/1316570604,"11"
"POINT (2.384905 48.854664)",https://www.openstreetmap.org/node/1316570606,"111"
"POINT (2.375976 48.852134)",https://www.openstreetmap.org/node/1316570607,"12"
"POINT (2.377052 48.851934)",https://www.openstreetmap.org/node/1316570608,"12"
"POINT (2.374339 48.852473)",https://www.openstreetmap.org/node/1316570609,"12"
"POINT (2.377045 48.852196)",https://www.openstreetmap.org/node/1316570611,"13"
"POINT (2.376024 48.852226)",https://www.openstreetmap.org/node/1316570612,"14"
"POINT (2.377135 48.852025)",https://www.openstreetmap.org/node/1316570613,"14"
"POINT (2.374444 48.852617)",https://www.openstreetmap.org/node/1316570614,"14"
"POINT (2.377158 48.852105)",https://www.openstreetmap.org/node/1316570615,14b
"POINT (2.377078 48.852314)",https://www.openstreetmap.org/node/1316570617,"15"
"POINT (2.37602 48.852246)",https://www.openstreetmap.org/node/1316570618,"16"
"POINT (2.377149 48.852194)",https://www.openstreetmap.org/node/1316570619,"16"
"POINT (2.374525 48.852729)",https://www.openstreetmap.org/node/1316570620,"16"
"POINT (2.37718 48.852299)",https://www.openstreetmap.org/node/1316570622,"18"
"POINT (2.37463 48.852873)",https://www.openstreetmap.org/node/1316570623,"18"
"POINT (2.375571 48.851685)",https://www.openstreetmap.org/node/1316570624,"2"
"POINT (2.376905 48.851331)",https://www.openstreetmap.org/node/1316570625,"2"
"POINT (2.37721 48.852398)",https://www.openstreetmap.org/node/1316570626,"20"
"POINT (2.374804 48.852993)",https://www.openstreetmap.org/node/1316570627,"20"
"POINT (2.377161 48.852447)",https://www.openstreetmap.org/node/1316570629,"22"
"POINT (2.374964 48.853068)",https://www.openstreetmap.org/node/1316570632,"22"
"POINT (2.377033 48.852461)",https://www.openstreetmap.org/node/1316570638,"24"
"POINT (2.3751 48.853132)",https://www.openstreetmap.org/node/1316570639,"24"
"POINT (2.375341 48.853217)",https://www.openstreetmap.org/node/1316570641,"26"
"POINT (2.375659 48.853256)",https://www.openstreetmap.org/node/1316570644,"28"
"POINT (2.376303 48.8529)",https://www.openstreetmap.org/node/1316570656,2t
"POINT (2.375679 48.851892)",https://www.openstreetmap.org/node/1316570658,"3"
"POINT (2.378442 48.853718)",https://www.openstreetmap.org/node/1316570664,"3"
"POINT (2.376859 48.851464)",https://www.openstreetmap.org/node/1316570665,"3"
"POINT (2.37579 48.853251)",https://www.openstreetmap.org/node/1316570667,"30"
"POINT (2.376111 48.853222)",https://www.openstreetmap.org/node/1316570669,"34"
"POINT (2.376492 48.85321)",https://www.openstreetmap.org/node/1316570684,"36"
"POINT (2.376581 48.853207)",https://www.openstreetmap.org/node/1316570687,"38"
"POINT (2.375635 48.851763)",https://www.openstreetmap.org/node/1316570689,"4"
"POINT (2.376271 48.852731)",https://www.openstreetmap.org/node/1316570690,"4"
"POINT (2.376917 48.851507)",https://www.openstreetmap.org/node/1316570695,"4"
"POINT (2.374041 48.852064)",https://www.openstreetmap.org/node/1316570698,"4"
"POINT (2.376775 48.853201)",https://www.openstreetmap.org/node/1316570701,"40"
"POINT (2.376878 48.853198)",https://www.openstreetmap.org/node/1316570713,"42"
"POINT (2.376961 48.853196)",https://www.openstreetmap.org/node/1316570714,"44"
"POINT (2.375764 48.85199)",https://www.openstreetmap.org/node/1316570715,"5"
"POINT (2.378347 48.853897)",https://www.openstreetmap.org/node/1316570723,"5"
"POINT (2.37691 48.851631)",https://www.openstreetmap.org/node/1316570728,"5"
"POINT (2.378304 48.853203)",https://www.openstreetmap.org/node/1316570732,"58"
"POINT (2.3769 48.851775)",https://www.openstreetmap.org/node/1316570735,5b
"POINT (2.375735 48.851863)",https://www.openstreetmap.org/node/1316570739,"6"
"POINT (2.374123 48.852177)",https://www.openstreetmap.org/node/1316570740,"6"
"POINT (2.378646 48.853231)",https://www.openstreetmap.org/node/1316570741,"60"
"POINT (2.378848 48.853267)",https://www.openstreetmap.org/node/1316570742,"62"
"POINT (2.378985 48.853285)",https://www.openstreetmap.org/node/1316570753,62P
"POINT (2.379135 48.853296)",https://www.openstreetmap.org/node/1316570756,"64"
"POINT (2.379218 48.853309)",https://www.openstreetmap.org/node/1316570758,"66"
"POINT (2.375841 48.852078)",https://www.openstreetmap.org/node/1316570761,"7"
"POINT (2.378176 48.854127)",https://www.openstreetmap.org/node/1316570766,"7"
"POINT (2.376958 48.851878)",https://www.openstreetmap.org/node/1316570769,"7"
"POINT (2.379554 48.85336)",https://www.openstreetmap.org/node/1316570779,"70"
"POINT (2.379788 48.853395)",https://www.openstreetmap.org/node/1316570782,"72"
"POINT (2.379959 48.853439)",https://www.openstreetmap.org/node/1316570785,"74"
"POINT (2.380161 48.85348)",https://www.openstreetmap.org/node/1316570787,"76"
"POINT (2.374737 48.851893)",https://www.openstreetmap.org/node/1316570791,77a
"POINT (2.380309 48.85351)",https://www.openstreetmap.org/node/1316570792,"78"
"POINT (2.375831 48.851971)",https://www.openstreetmap.org/node/1316570794,"8"
"POINT (2.376994 48.85167)",https://www.openstreetmap.org/node/1316570797,"8"
"POINT (2.374189 48.852267)",https://www.openstreetmap.org/node/1316570810,"8"
"POINT (2.380831 48.853604)",https://www.openstreetmap.org/node/1316570813,"80"
"POINT (2.381014 48.85364)",https://www.openstreetmap.org/node/1316570815,"82"
"POINT (2.381196 48.853676)",https://www.openstreetmap.org/node/1316570816,"84"
"POINT (2.381435 48.853726)",https://www.openstreetmap.org/node/1316570818,"86"
"POINT (2.375924 48.852162)",https://www.openstreetmap.org/node/1316570821,"9"
"POINT (2.376996 48.852019)",https://www.openstreetmap.org/node/1316570824,"9"
"POINT (2.381805 48.853781)",https://www.openstreetmap.org/node/1316570827,"90"
"POINT (2.381971 48.853847)",https://www.openstreetmap.org/node/1316570838,"92"
"POINT (2.382626 48.853937)",https://www.openstreetmap.org/node/1316570841,"94"
"POINT (2.375459 48.851552)",https://www.openstreetmap.org/node/1316570842,"95"
"POINT (2.38317 48.854125)",https://www.openstreetmap.org/node/1316570848,"96"
"POINT (2.383351 48.854299)",https://www.openstreetmap.org/node/1316570851,"97"
"POINT (2.383643 48.854236)",https://www.openstreetmap.org/node/1316570854,"98"
"POINT (2.383752 48.854425)",https://www.openstreetmap.org/node/1316570857,"99"
"POINT (2.366802 48.850273)",https://www.openstreetmap.org/node/13201582863,"23"
"POINT (2.366909 48.85051)",https://www.openstreetmap.org/node/13201582864,23 ter
"POINT (2.377506 48.848082)",https://www.openstreetmap.org/node/13232537155,6-8-10
"POINT (2.384098 48.849824)",https://www.openstreetmap.org/node/13240151675,"29"
"POINT (2.384333 48.849098)",https://www.openstreetmap.org/node/13240344600,"38"
"POINT (2.3854 48.846829)",https://www.openstreetmap.org/node/13240349609,"8"
"POINT (2.374238 48.854798)",https://www.openstreetmap.org/node/13260320434,"7"
"POINT (2.381268 48.856514)",https://www.openstreetmap.org/node/1326727394,"48"
"POINT (2.379162 48.853995)",https://www.openstreetmap.org/node/1326727399,"6"
"POINT (2.381791 48.854374)",https://www.openstreetmap.org/node/1326727429,"8"
"POINT (2.379656 48.855865)",https://www.openstreetmap.org/node/1326727440,"14"
"POINT (2.379636 48.854466)",https://www.openstreetmap.org/node/1326727445,"15"
"POINT (2.382046 48.855483)",https://www.openstreetmap.org/node/1326727449,"2"
"POINT (2.381527 48.85581)",https://www.openstreetmap.org/node/1326727452,"29"
"POINT (2.381974 48.85536)",https://www.openstreetmap.org/node/1326727455,"24"
"POINT (2.380764 48.857055)",https://www.openstreetmap.org/node/1326727483,"51"
"POINT (2.383118 48.855768)",https://www.openstreetmap.org/node/1326727492,"14"
"POINT (2.382466 48.855875)",https://www.openstreetmap.org/node/1326727497,"2"
"POINT (2.378228 48.854354)",https://www.openstreetmap.org/node/1326727502,"14"
"POINT (2.381728 48.855929)",https://www.openstreetmap.org/node/1326727507,"1"
"POINT (2.382594 48.854341)",https://www.openstreetmap.org/node/1326727509,"4"
"POINT (2.381375 48.856341)",https://www.openstreetmap.org/node/1326727526,"42"
"POINT (2.37864 48.853961)",https://www.openstreetmap.org/node/1326727531,"1"
"POINT (2.381961 48.854116)",https://www.openstreetmap.org/node/1326727534,"2"
"POINT (2.379977 48.855646)",https://www.openstreetmap.org/node/1326727541,"17"
"POINT (2.380222 48.853726)",https://www.openstreetmap.org/node/1326727551,"3"
"POINT (2.38263 48.856053)",https://www.openstreetmap.org/node/1326727581,"4"
"POINT (2.380367 48.856544)",https://www.openstreetmap.org/node/1326727593,"42"
"POINT (2.378591 48.853681)",https://www.openstreetmap.org/node/1326727598,"6"
"POINT (2.380114 48.85403)",https://www.openstreetmap.org/node/1326727602,"8"
"POINT (2.379737 48.854093)",https://www.openstreetmap.org/node/1326727607,"12"
"POINT (2.381572 48.856571)",https://www.openstreetmap.org/node/1326727613,"5"
"POINT (2.381791 48.854128)",https://www.openstreetmap.org/node/1326727641,"3"
"POINT (2.380698 48.857163)",https://www.openstreetmap.org/node/1326727650,"53"
"POINT (2.378955 48.855303)",https://www.openstreetmap.org/node/1326727657,"29"
"POINT (2.38099 48.856973)",https://www.openstreetmap.org/node/1326727666,"56"
"POINT (2.380846 48.855854)",https://www.openstreetmap.org/node/1326727669,"30"
"POINT (2.383787 48.85473)",https://www.openstreetmap.org/node/1326727671,"7"
"POINT (2.379062 48.855557)",https://www.openstreetmap.org/node/1326727705,"36"
"POINT (2.382115 48.854854)",https://www.openstreetmap.org/node/1326727706,"13"
"POINT (2.380596 48.856192)",https://www.openstreetmap.org/node/1326727717,"36"
"POINT (2.381 48.855321)",https://www.openstreetmap.org/node/1326727722,23 bis
"POINT (2.379734 48.854317)",https://www.openstreetmap.org/node/1326727726,"11"
"POINT (2.382298 48.85555)",https://www.openstreetmap.org/node/1326727729,"4"
"POINT (2.381616 48.855665)",https://www.openstreetmap.org/node/1326727748,"25"
"POINT (2.380356 48.853723)",https://www.openstreetmap.org/node/1326727758,"2"
"POINT (2.381493 48.854826)",https://www.openstreetmap.org/node/1326727761,"16"
"POINT (2.379938 48.857198)",https://www.openstreetmap.org/node/1326727763,"54"
"POINT (2.380216 48.856476)",https://www.openstreetmap.org/node/1326727767,"41"
"POINT (2.382166 48.855045)",https://www.openstreetmap.org/node/1326727771,"16"
"POINT (2.38266 48.855844)",https://www.openstreetmap.org/node/1326727792,"3"
"POINT (2.379269 48.854858)",https://www.openstreetmap.org/node/1326727796,"23"
"POINT (2.381091 48.856521)",https://www.openstreetmap.org/node/1326727799,"45"
"POINT (2.381308 48.856167)",https://www.openstreetmap.org/node/1326727805,"37"
"POINT (2.381136 48.855367)",https://www.openstreetmap.org/node/1326727815,"24"
"POINT (2.383875 48.854512)",https://www.openstreetmap.org/node/1326727817,"1"
"POINT (2.382475 48.854536)",https://www.openstreetmap.org/node/1326727818,"6"
"POINT (2.381489 48.856154)",https://www.openstreetmap.org/node/1326727821,"38"
"POINT (2.37925 48.85517)",https://www.openstreetmap.org/node/1326727822,"30"
"POINT (2.382248 48.854638)",https://www.openstreetmap.org/node/1326727823,"7"
"POINT (2.380935 48.85542)",https://www.openstreetmap.org/node/1326727824,"25;25 bis;27"
"POINT (2.38232 48.85479)",https://www.openstreetmap.org/node/1326727825,"10"
"POINT (2.381165 48.855082)",https://www.openstreetmap.org/node/1326727826,"19"
"POINT (2.382277 48.856075)",https://www.openstreetmap.org/node/1326727827,"9"
"POINT (2.381844 48.855294)",https://www.openstreetmap.org/node/1326727837,"19"
"POINT (2.379626 48.854064)",https://www.openstreetmap.org/node/1326727839,"10"
"POINT (2.381717 48.854487)",https://www.openstreetmap.org/node/1326727840,"10"
"POINT (2.380579 48.855974)",https://www.openstreetmap.org/node/1326727841,"33;35"
"POINT (2.379729 48.85575)",https://www.openstreetmap.org/node/1326727843,"16"
"POINT (2.379587 48.854529)",https://www.openstreetmap.org/node/1326727845,"17"
"POINT (2.37984 48.854059)",https://www.openstreetmap.org/node/1326727847,"9"
"POINT (2.382157 48.855513)",https://www.openstreetmap.org/node/1326727849,2b
"POINT (2.379579 48.856259)",https://www.openstreetmap.org/node/1326727854,"9"
"POINT (2.381481 48.855883)",https://www.openstreetmap.org/node/1326727856,"31"
"POINT (2.383889 48.854793)",https://www.openstreetmap.org/node/1326727860,"6"
"POINT (2.381612 48.855953)",https://www.openstreetmap.org/node/1326727862,"34"
"POINT (2.382523 48.854191)",https://www.openstreetmap.org/node/1326727865,"1"
"POINT (2.383655 48.855092)",https://www.openstreetmap.org/node/1326727867,"2"
"POINT (2.378174 48.854455)",https://www.openstreetmap.org/node/1326727869,"16"
"POINT (2.381439 48.854665)",https://www.openstreetmap.org/node/1326727875,"13"
"POINT (2.381882 48.85597)",https://www.openstreetmap.org/node/1326727880,"3"
"POINT (2.382544 48.854423)",https://www.openstreetmap.org/node/1326727883,4b
"POINT (2.378627 48.85385)",https://www.openstreetmap.org/node/1326727885,"2"
"POINT (2.381932 48.85416)",https://www.openstreetmap.org/node/1326727886,"4"
"POINT (2.380791 48.855642)",https://www.openstreetmap.org/node/1326727887,"29"
"POINT (2.379522 48.856072)",https://www.openstreetmap.org/node/1326727899,"10"
"POINT (2.380163 48.853799)",https://www.openstreetmap.org/node/1326727902,"5"
"POINT (2.382754 48.855787)",https://www.openstreetmap.org/node/1326727904,"7"
"POINT (2.381876 48.855243)",https://www.openstreetmap.org/node/1326727906,17b
"POINT (2.382064 48.855211)",https://www.openstreetmap.org/node/1326727908,"20"
"POINT (2.380922 48.856797)",https://www.openstreetmap.org/node/1326727912,"47"
"POINT (2.382854 48.855698)",https://www.openstreetmap.org/node/1326727924,"10"
"POINT (2.379931 48.853912)",https://www.openstreetmap.org/node/1326727927,"7"
"POINT (2.378423 48.853992)",https://www.openstreetmap.org/node/1326727930,"10"
"POINT (2.381455 48.856479)",https://www.openstreetmap.org/node/1326727938,"2"
"POINT (2.381708 48.854255)",https://www.openstreetmap.org/node/1326727941,"5"
"POINT (2.379825 48.85705)",https://www.openstreetmap.org/node/1326727945,"49"
"POINT (2.380646 48.857248)",https://www.openstreetmap.org/node/1326727948,"55"
"POINT (2.378864 48.855417)",https://www.openstreetmap.org/node/1326727971,"31"
"POINT (2.379747 48.854497)",https://www.openstreetmap.org/node/1326727975,"16"
"POINT (2.38378 48.854814)",https://www.openstreetmap.org/node/1326727981,"11"
"POINT (2.381495 48.854578)",https://www.openstreetmap.org/node/1326727983,"11;11B"
"POINT (2.378894 48.855652)",https://www.openstreetmap.org/node/1326727987,"38"
"POINT (2.382029 48.854993)",https://www.openstreetmap.org/node/1326727990,"15"
"POINT (2.380602 48.85629)",https://www.openstreetmap.org/node/1326728009,"38"
"POINT (2.38252 48.855609)",https://www.openstreetmap.org/node/1326728016,"6"
"POINT (2.378718 48.853442)",https://www.openstreetmap.org/node/1326728025,"2"
"POINT (2.380273 48.853828)",https://www.openstreetmap.org/node/1326728030,"4"
"POINT (2.381398 48.854969)",https://www.openstreetmap.org/node/1326728031,"18"
"POINT (2.381388 48.856518)",https://www.openstreetmap.org/node/1326728032,"1"
"POINT (2.379903 48.857251)",https://www.openstreetmap.org/node/1326728047,"56"
"POINT (2.383642 48.854964)",https://www.openstreetmap.org/node/1326728050,"3"
"POINT (2.380128 48.856658)",https://www.openstreetmap.org/node/1326728053,"43"
"POINT (2.382214 48.855153)",https://www.openstreetmap.org/node/1326728055,"18"
"POINT (2.3833 48.854927)",https://www.openstreetmap.org/node/1326728059,"10"
"POINT (2.379167 48.85499)",https://www.openstreetmap.org/node/1326728063,"25"
"POINT (2.381006 48.85666)",https://www.openstreetmap.org/node/1326728066,45 bis
"POINT (2.379997 48.854179)",https://www.openstreetmap.org/node/1326728068,"10"
"POINT (2.381167 48.85668)",https://www.openstreetmap.org/node/1326728085,"52"
"POINT (2.381226 48.856301)",https://www.openstreetmap.org/node/1326728087,"39"
"POINT (2.381058 48.855484)",https://www.openstreetmap.org/node/1326728092,"26"
"POINT (2.383848 48.854563)",https://www.openstreetmap.org/node/1326728094,"3"
"POINT (2.382416 48.854633)",https://www.openstreetmap.org/node/1326728097,6 bis
"POINT (2.381417 48.856271)",https://www.openstreetmap.org/node/1326728099,"40"
"POINT (2.379193 48.855244)",https://www.openstreetmap.org/node/1326728103,"32"
"POINT (2.383938 48.854716)",https://www.openstreetmap.org/node/1326728116,"4"
"POINT (2.382202 48.854712)",https://www.openstreetmap.org/node/1326728120,"9"
"POINT (2.380241 48.856736)",https://www.openstreetmap.org/node/1326728123,"46"
"POINT (2.380884 48.855499)",https://www.openstreetmap.org/node/1326728125,27 bis
"POINT (2.382298 48.854827)",https://www.openstreetmap.org/node/1326728128,10 bis
"POINT (2.38078 48.855911)",https://www.openstreetmap.org/node/1326728131,"32"
"POINT (2.381124 48.855144)",https://www.openstreetmap.org/node/1326728135,"21"
"POINT (2.382443 48.856119)",https://www.openstreetmap.org/node/1326728137,"11"
"POINT (2.381745 48.855454)",https://www.openstreetmap.org/node/1326728156,"21"
"POINT (2.379518 48.854742)",https://www.openstreetmap.org/node/1326728161,"22"
"POINT (2.381654 48.854583)",https://www.openstreetmap.org/node/1326728164,"12"
"POINT (2.380121 48.856918)",https://www.openstreetmap.org/node/1326728167,"50"
"POINT (2.380415 48.856209)",https://www.openstreetmap.org/node/1326728169,"37"
"POINT (2.382248 48.854908)",https://www.openstreetmap.org/node/1326728170,"12"
"POINT (2.379802 48.855638)",https://www.openstreetmap.org/node/1326728172,"18"
"POINT (2.379558 48.854566)",https://www.openstreetmap.org/node/1326728175,"19"
"POINT (2.381168 48.856395)",https://www.openstreetmap.org/node/1326728192,"41"
"POINT (2.379709 48.856062)",https://www.openstreetmap.org/node/1326728203,"13"
"POINT (2.381444 48.855944)",https://www.openstreetmap.org/node/1326728206,"33"
"POINT (2.381305 48.855112)",https://www.openstreetmap.org/node/1326728209,"20"
"POINT (2.383832 48.854882)",https://www.openstreetmap.org/node/1326728210,"8"
"POINT (2.38243 48.854343)",https://www.openstreetmap.org/node/1326728233,"3"
"POINT (2.383351 48.855006)",https://www.openstreetmap.org/node/1326728236,"8"
"POINT (2.381363 48.85478)",https://www.openstreetmap.org/node/1326728242,"15"
"POINT (2.381995 48.856)",https://www.openstreetmap.org/node/1326728248,"5"
"POINT (2.381334 48.856407)",https://www.openstreetmap.org/node/1326728254,"44"
"POINT (2.378829 48.853905)",https://www.openstreetmap.org/node/1326728256,"4"
"POINT (2.381852 48.854281)",https://www.openstreetmap.org/node/1326728275,"6"
"POINT (2.380742 48.855712)",https://www.openstreetmap.org/node/1326728278,"31"
"POINT (2.382759 48.855673)",https://www.openstreetmap.org/node/1326728280,"8"
"POINT (2.37959 48.855968)",https://www.openstreetmap.org/node/1326728281,"12"
"POINT (2.379686 48.854378)",https://www.openstreetmap.org/node/1326728284,"13"
"POINT (2.382919 48.855829)",https://www.openstreetmap.org/node/1326728291,"9"
"POINT (2.38157 48.85574)",https://www.openstreetmap.org/node/1326728294,"27"
"POINT (2.382029 48.85527)",https://www.openstreetmap.org/node/1326728309,"22"
"POINT (2.380864 48.856892)",https://www.openstreetmap.org/node/1326728314,"49"
"POINT (2.382956 48.855725)",https://www.openstreetmap.org/node/1326728316,12 bis
"POINT (2.378293 48.854233)",https://www.openstreetmap.org/node/1326728321,"12"
"POINT (2.381605 48.856522)",https://www.openstreetmap.org/node/1326728326,"4"
"POINT (2.38163 48.854373)",https://www.openstreetmap.org/node/1326728329,"7"
"POINT (2.382668 48.854218)",https://www.openstreetmap.org/node/1326728332,"2"
"POINT (2.379679 48.854244)",https://www.openstreetmap.org/node/1326728351,"3"
"POINT (2.379678 48.854589)",https://www.openstreetmap.org/node/1326728354,"18"
"POINT (2.380276 48.853657)",https://www.openstreetmap.org/node/1326728360,"1"
"POINT (2.381942 48.855136)",https://www.openstreetmap.org/node/1326728367,"17"
"POINT (2.380452 48.856413)",https://www.openstreetmap.org/node/1326728372,"40"
"POINT (2.382673 48.85565)",https://www.openstreetmap.org/node/1326728387,6b
"POINT (2.378651 48.853568)",https://www.openstreetmap.org/node/1326728394,"4"
"POINT (2.380198 48.853923)",https://www.openstreetmap.org/node/1326728396,"6"
"POINT (2.381485 48.856546)",https://www.openstreetmap.org/node/1326728397,"3"
"POINT (2.38188 48.854002)",https://www.openstreetmap.org/node/1326728402,"1"
"POINT (2.384037 48.854552)",https://www.openstreetmap.org/node/1326728405,"2"
"POINT (2.383924 48.85505)",https://www.openstreetmap.org/node/1326728423,1b
"POINT (2.37904 48.855193)",https://www.openstreetmap.org/node/1326728427,"27"
"POINT (2.379955 48.85425)",https://www.openstreetmap.org/node/1326728431,"12;14"
"POINT (2.378739 48.854526)",https://www.openstreetmap.org/node/1326728435,12p
"POINT (2.381094 48.856801)",https://www.openstreetmap.org/node/1326728436,"54"
"POINT (2.380953 48.855645)",https://www.openstreetmap.org/node/1326728440,"28"
"POINT (2.383841 48.854645)",https://www.openstreetmap.org/node/1326728443,"5"
"POINT (2.381602 48.854416)",https://www.openstreetmap.org/node/1326728457,"9"
"POINT (2.381232 48.856574)",https://www.openstreetmap.org/node/1326728461,"50"
"POINT (2.379085 48.855381)",https://www.openstreetmap.org/node/1326728465,"34"
"POINT (2.379576 48.85467)",https://www.openstreetmap.org/node/1326728471,"20"
"POINT (2.382162 48.854777)",https://www.openstreetmap.org/node/1326728473,"11"
"POINT (2.380179 48.85683)",https://www.openstreetmap.org/node/1326728476,"48"
"POINT (2.381038 48.855274)",https://www.openstreetmap.org/node/1326728481,"23"
"POINT (2.381676 48.855568)",https://www.openstreetmap.org/node/1326728502,"23"
"POINT (2.379505 48.854805)",https://www.openstreetmap.org/node/1326728505,"24"
"POINT (2.381529 48.854771)",https://www.openstreetmap.org/node/1326728508,"14"
"POINT (2.38004 48.857043)",https://www.openstreetmap.org/node/1326728511,"52"
"POINT (2.380318 48.856371)",https://www.openstreetmap.org/node/1326728515,"39"
"POINT (2.382206 48.854979)",https://www.openstreetmap.org/node/1326728520,"14"
"POINT (2.382581 48.855973)",https://www.openstreetmap.org/node/1326728535,"1"
"POINT (2.37945 48.854703)",https://www.openstreetmap.org/node/1326728538,"21"
"POINT (2.38113 48.856458)",https://www.openstreetmap.org/node/1326728541,"43"
"POINT (2.381389 48.856034)",https://www.openstreetmap.org/node/1326728546,"35"
"POINT (2.381199 48.855272)",https://www.openstreetmap.org/node/1326728553,"22"
"POINT (2.38377 48.854884)",https://www.openstreetmap.org/node/1326728557,"10"
"POINT (2.381553 48.856049)",https://www.openstreetmap.org/node/1326728574,"36"
"POINT (2.382329 48.854505)",https://www.openstreetmap.org/node/1326728580,"5"
"POINT (2.38236 48.854725)",https://www.openstreetmap.org/node/1326728582,"8"
"POINT (2.381262 48.854934)",https://www.openstreetmap.org/node/1326728586,"17"
"POINT (2.382136 48.856038)",https://www.openstreetmap.org/node/1326728592,"7"
"POINT (2.377061 48.852613)",https://www.openstreetmap.org/node/1326762222,"108"
"POINT (2.378088 48.854942)",https://www.openstreetmap.org/node/1326762229,"149"
"POINT (2.378566 48.851508)",https://www.openstreetmap.org/node/1326762234,"1"
"POINT (2.376455 48.852121)",https://www.openstreetmap.org/node/1326762241,"97"
"POINT (2.378111 48.852412)",https://www.openstreetmap.org/node/1326762245,"15"
"POINT (2.376645 48.851896)",https://www.openstreetmap.org/node/1326762248,"98"
"POINT (2.378662 48.855377)",https://www.openstreetmap.org/node/1326762252,"152"
"POINT (2.377719 48.854304)",https://www.openstreetmap.org/node/1326762257,"127"
"POINT (2.378311 48.851634)",https://www.openstreetmap.org/node/1326762264,"6"
"POINT (2.378172 48.852079)",https://www.openstreetmap.org/node/1326762269,"10"
"POINT (2.376225 48.851725)",https://www.openstreetmap.org/node/1326762273,"91"
"POINT (2.378424 48.853104)",https://www.openstreetmap.org/node/1326762275,"23"
"POINT (2.377889 48.851803)",https://www.openstreetmap.org/node/1326762278,"9"
"POINT (2.377776 48.8513)",https://www.openstreetmap.org/node/1326762281,"3"
"POINT (2.3792 48.851396)",https://www.openstreetmap.org/node/1326762282,"4"
"POINT (2.37802 48.853005)",https://www.openstreetmap.org/node/1326762283,"56"
"POINT (2.378553 48.85519)",https://www.openstreetmap.org/node/1326762290,"146"
"POINT (2.377832 48.853945)",https://www.openstreetmap.org/node/1326762291,"124"
"POINT (2.378952 48.856432)",https://www.openstreetmap.org/node/1326762292,"171"
"POINT (2.379632 48.85705)",https://www.openstreetmap.org/node/1326762296,"170"
"POINT (2.378174 48.854534)",https://www.openstreetmap.org/node/1326762299,"138"
"POINT (2.379223 48.851503)",https://www.openstreetmap.org/node/1326762300,"3"
"POINT (2.378194 48.852143)",https://www.openstreetmap.org/node/1326762303,"12"
"POINT (2.378253 48.855225)",https://www.openstreetmap.org/node/1326762304,"153"
"POINT (2.380028 48.851373)",https://www.openstreetmap.org/node/1326762306,"11"
"POINT (2.377852 48.851703)",https://www.openstreetmap.org/node/1326762307,7b
"POINT (2.378263 48.854689)",https://www.openstreetmap.org/node/1326762308,"140"
"POINT (2.376786 48.852693)",https://www.openstreetmap.org/node/1326762309,"107"
"POINT (2.379056 48.856796)",https://www.openstreetmap.org/node/1326762310,"1"
"POINT (2.377579 48.85351)",https://www.openstreetmap.org/node/1326762311,"118"
"POINT (2.37939 48.856631)",https://www.openstreetmap.org/node/1326762313,"164"
"POINT (2.378504 48.852736)",https://www.openstreetmap.org/node/1326762314,"18"
"POINT (2.377434 48.853813)",https://www.openstreetmap.org/node/1326762316,"121"
"POINT (2.378408 48.851531)",https://www.openstreetmap.org/node/1326762317,"3"
"POINT (2.376562 48.852305)",https://www.openstreetmap.org/node/1326762318,"99"
"POINT (2.378408 48.855493)",https://www.openstreetmap.org/node/1326762319,"159"
"POINT (2.378206 48.85267)",https://www.openstreetmap.org/node/1326762320,"17"
"POINT (2.37674 48.852059)",https://www.openstreetmap.org/node/1326762321,"100"
"POINT (2.376794 48.852152)",https://www.openstreetmap.org/node/1326762322,"102"
"POINT (2.378172 48.851655)",https://www.openstreetmap.org/node/1326762325,"8"
"POINT (2.37628 48.85182)",https://www.openstreetmap.org/node/1326762326,"93"
"POINT (2.377866 48.851385)",https://www.openstreetmap.org/node/1326762327,"4"
"POINT (2.377914 48.851945)",https://www.openstreetmap.org/node/1326762328,"11"
"POINT (2.377839 48.851469)",https://www.openstreetmap.org/node/1326762329,"5"
"POINT (2.379116 48.856158)",https://www.openstreetmap.org/node/1326762330,"160"
"POINT (2.379407 48.851362)",https://www.openstreetmap.org/node/1326762331,"6"
"POINT (2.378599 48.851592)",https://www.openstreetmap.org/node/1326762333,"2"
"POINT (2.377898 48.85406)",https://www.openstreetmap.org/node/1326762334,"126"
"POINT (2.379039 48.856582)",https://www.openstreetmap.org/node/1326762335,"175"
"POINT (2.378033 48.851874)",https://www.openstreetmap.org/node/1326762336,"6"
"POINT (2.378216 48.852205)",https://www.openstreetmap.org/node/1326762339,"14"
"POINT (2.376579 48.851782)",https://www.openstreetmap.org/node/1326762341,"94;96"
"POINT (2.380303 48.851365)",https://www.openstreetmap.org/node/1326762342,"13"
"POINT (2.377752 48.85301)",https://www.openstreetmap.org/node/1326762343,"52"
"POINT (2.378383 48.854896)",https://www.openstreetmap.org/node/1326762344,"142"
"POINT (2.377214 48.853431)",https://www.openstreetmap.org/node/1326762345,"115"
"POINT (2.376865 48.852829)",https://www.openstreetmap.org/node/1326762346,"109"
"POINT (2.37773 48.85377)",https://www.openstreetmap.org/node/1326762347,"120"
"POINT (2.378778 48.856131)",https://www.openstreetmap.org/node/1326762348,"167"
"POINT (2.379425 48.856691)",https://www.openstreetmap.org/node/1326762349,"166"
"POINT (2.378541 48.85288)",https://www.openstreetmap.org/node/1326762350,"20"
"POINT (2.377955 48.854159)",https://www.openstreetmap.org/node/1326762351,"128"
"POINT (2.377991 48.85176)",https://www.openstreetmap.org/node/1326762352,4 ter
"POINT (2.377171 48.852803)",https://www.openstreetmap.org/node/1326762353,"112"
"POINT (2.376435 48.851533)",https://www.openstreetmap.org/node/1326762354,"90"
"POINT (2.379425 48.85147)",https://www.openstreetmap.org/node/1326762355,"5"
"POINT (2.378267 48.851552)",https://www.openstreetmap.org/node/1326762356,"5"
"POINT (2.376592 48.852358)",https://www.openstreetmap.org/node/1326762357,"101"
"POINT (2.377228 48.852901)",https://www.openstreetmap.org/node/1326762358,"114"
"POINT (2.378526 48.855695)",https://www.openstreetmap.org/node/1326762359,"161"
"POINT (2.37996 48.851272)",https://www.openstreetmap.org/node/1326762360,"12"
"POINT (2.377592 48.853012)",https://www.openstreetmap.org/node/1326762361,"50"
"POINT (2.376912 48.852356)",https://www.openstreetmap.org/node/1326762362,"104"
"POINT (2.379001 48.855961)",https://www.openstreetmap.org/node/1326762363,"156"
"POINT (2.37789 48.854601)",https://www.openstreetmap.org/node/1326762364,"131"
"POINT (2.378031 48.851675)",https://www.openstreetmap.org/node/1326762365,"10"
"POINT (2.376368 48.851971)",https://www.openstreetmap.org/node/1326762367,"95"
"POINT (2.377925 48.851513)",https://www.openstreetmap.org/node/1326762368,4b
"POINT (2.377988 48.85215)",https://www.openstreetmap.org/node/1326762369,"13"
"POINT (2.37789 48.851606)",https://www.openstreetmap.org/node/1326762370,"7"
"POINT (2.379194 48.856294)",https://www.openstreetmap.org/node/1326762371,"162"
"POINT (2.379474 48.851352)",https://www.openstreetmap.org/node/1326762372,6b
"POINT (2.378607 48.855282)",https://www.openstreetmap.org/node/1326762373,"150"
"POINT (2.37844 48.851616)",https://www.openstreetmap.org/node/1326762376,"4"
"POINT (2.379093 48.856675)",https://www.openstreetmap.org/node/1326762377,"177"
"POINT (2.378135 48.851974)",https://www.openstreetmap.org/node/1326762378,"8"
"POINT (2.378379 48.852872)",https://www.openstreetmap.org/node/1326762380,"21"
"POINT (2.377984 48.851593)",https://www.openstreetmap.org/node/1326762381,"9"
"POINT (2.378341 48.855377)",https://www.openstreetmap.org/node/1326762382,"155;157"
"POINT (2.378975 48.851433)",https://www.openstreetmap.org/node/1326762383,"2"
"POINT (2.377879 48.853008)",https://www.openstreetmap.org/node/1326762384,"54"
"POINT (2.377327 48.853626)",https://www.openstreetmap.org/node/1326762386,"117"
"POINT (2.376947 48.85297)",https://www.openstreetmap.org/node/1326762387,"111"
"POINT (2.378869 48.856289)",https://www.openstreetmap.org/node/1326762389,"169"
"POINT (2.37856 48.853095)",https://www.openstreetmap.org/node/1326762391,"22"
"POINT (2.378061 48.85428)",https://www.openstreetmap.org/node/1326762392,"130"
"POINT (2.379007 48.851539)",https://www.openstreetmap.org/node/1326762393,"1"
"POINT (2.378159 48.855064)",https://www.openstreetmap.org/node/1326762394,"151"
"POINT (2.376448 48.851556)",https://www.openstreetmap.org/node/1326762395,"92"
"POINT (2.379862 48.851401)",https://www.openstreetmap.org/node/1326762396,"9"
"POINT (2.378124 48.851572)",https://www.openstreetmap.org/node/1326762397,"7"
"POINT (2.376692 48.85253)",https://www.openstreetmap.org/node/1326762398,"103"
"POINT (2.377314 48.85305)",https://www.openstreetmap.org/node/1326762399,"116"
"POINT (2.378748 48.85608)",https://www.openstreetmap.org/node/1326762400,"163"
"POINT (2.380126 48.851245)",https://www.openstreetmap.org/node/1326762401,"16"
"POINT (2.378254 48.852416)",https://www.openstreetmap.org/node/1326762402,"16"
"POINT (2.378972 48.856926)",https://www.openstreetmap.org/node/1326762403,"3"
"POINT (2.379648 48.850755)",https://www.openstreetmap.org/node/1326932056,"1"
"POINT (2.383535 48.852273)",https://www.openstreetmap.org/node/1326932057,"28"
"POINT (2.379341 48.852884)",https://www.openstreetmap.org/node/1326932058,"54"
"POINT (2.383603 48.852601)",https://www.openstreetmap.org/node/1326932059,"15"
"POINT (2.378921 48.851624)",https://www.openstreetmap.org/node/1326932060,"22"
"POINT (2.37909 48.852756)",https://www.openstreetmap.org/node/1326932061,"27"
"POINT (2.379837 48.8518)",https://www.openstreetmap.org/node/1326932064,"7"
"POINT (2.382727 48.85242)",https://www.openstreetmap.org/node/1326932069,"8"
"POINT (2.379974 48.85196)",https://www.openstreetmap.org/node/1326932073,"18"
"POINT (2.380254 48.85107)",https://www.openstreetmap.org/node/1326932075,"9"
"POINT (2.380642 48.852456)",https://www.openstreetmap.org/node/1326932076,"14"
"POINT (2.383415 48.851938)",https://www.openstreetmap.org/node/1326932078,"17;19"
"POINT (2.384489 48.850737)",https://www.openstreetmap.org/node/1326932092,"8"
"POINT (2.384102 48.850804)",https://www.openstreetmap.org/node/1326932094,"3"
"POINT (2.380777 48.852944)",https://www.openstreetmap.org/node/1326932096,"35"
"POINT (2.380688 48.851692)",https://www.openstreetmap.org/node/1326932100,"20"
"POINT (2.379552 48.852656)",https://www.openstreetmap.org/node/1326932104,"3"
"POINT (2.382583 48.853319)",https://www.openstreetmap.org/node/1326932116,"37"
"POINT (2.381998 48.852517)",https://www.openstreetmap.org/node/1326932117,"1"
"POINT (2.386277 48.853016)",https://www.openstreetmap.org/node/1326932118,"35"
"POINT (2.379758 48.850997)",https://www.openstreetmap.org/node/1326932120,"2"
"POINT (2.382736 48.851218)",https://www.openstreetmap.org/node/1326932123,3b
"POINT (2.378795 48.851268)",https://www.openstreetmap.org/node/1326932126,"16"
"POINT (2.378947 48.852328)",https://www.openstreetmap.org/node/1326932130,"21"
"POINT (2.382043 48.852364)",https://www.openstreetmap.org/node/1326932133,"2"
"POINT (2.379883 48.851687)",https://www.openstreetmap.org/node/1326932136,"12"
"POINT (2.380161 48.850756)",https://www.openstreetmap.org/node/1326932139,"3"
"POINT (2.379984 48.852516)",https://www.openstreetmap.org/node/1326932141,"8"
"POINT (2.383589 48.851652)",https://www.openstreetmap.org/node/1326932142,"13"
"POINT (2.384056 48.851414)",https://www.openstreetmap.org/node/1326932143,"16"
"POINT (2.380967 48.852179)",https://www.openstreetmap.org/node/1326932150,"28"
"POINT (2.379298 48.852756)",https://www.openstreetmap.org/node/1326932151,"52"
"POINT (2.381428 48.852296)",https://www.openstreetmap.org/node/1326932152,"27"
"POINT (2.380479 48.851325)",https://www.openstreetmap.org/node/1326932154,"14"
"POINT (2.381527 48.851308)",https://www.openstreetmap.org/node/1326932155,"11"
"POINT (2.382806 48.853484)",https://www.openstreetmap.org/node/1326932156,"42"
"POINT (2.387078 48.853086)",https://www.openstreetmap.org/node/1326932157,"44"
"POINT (2.383213 48.851218)",https://www.openstreetmap.org/node/1326932158,"7"
"POINT (2.378708 48.850983)",https://www.openstreetmap.org/node/1326932159,"6"
"POINT (2.385669 48.852866)",https://www.openstreetmap.org/node/1326932161,"29"
"POINT (2.382768 48.851118)",https://www.openstreetmap.org/node/1326932162,"8"
"POINT (2.382091 48.852838)",https://www.openstreetmap.org/node/1326932163,"13"
"POINT (2.380838 48.852131)",https://www.openstreetmap.org/node/1326932164,"25"
"POINT (2.378806 48.851904)",https://www.openstreetmap.org/node/1326932165,"15"
"POINT (2.383457 48.851115)",https://www.openstreetmap.org/node/1326932167,"14"
"POINT (2.380944 48.852542)",https://www.openstreetmap.org/node/1326932168,"17"
"POINT (2.380551 48.853488)",https://www.openstreetmap.org/node/1326932169,"44"
"POINT (2.379125 48.852259)",https://www.openstreetmap.org/node/1326932171,"44"
"POINT (2.384612 48.852574)",https://www.openstreetmap.org/node/1326932172,"24"
"POINT (2.381575 48.851856)",https://www.openstreetmap.org/node/1326932173,"21"
"POINT (2.38032 48.85102)",https://www.openstreetmap.org/node/1326932174,"8"
"POINT (2.382147 48.852668)",https://www.openstreetmap.org/node/1326932175,"17"
"POINT (2.381442 48.850821)",https://www.openstreetmap.org/node/1326932176,"5"
"POINT (2.378762 48.851169)",https://www.openstreetmap.org/node/1326932177,"12"
"POINT (2.383162 48.852894)",https://www.openstreetmap.org/node/1326932178,"36"
"POINT (2.380137 48.850673)",https://www.openstreetmap.org/node/1326932180,1b
"POINT (2.381573 48.850824)",https://www.openstreetmap.org/node/1326932182,"6"
"POINT (2.384972 48.852718)",https://www.openstreetmap.org/node/1326932183,"23"
"POINT (2.379249 48.853236)",https://www.openstreetmap.org/node/1326932185,"35"
"POINT (2.381598 48.853669)",https://www.openstreetmap.org/node/1326932186,"2"
"POINT (2.380122 48.852405)",https://www.openstreetmap.org/node/1326932187,"26"
"POINT (2.381881 48.85322)",https://www.openstreetmap.org/node/1326932188,"7"
"POINT (2.380616 48.851742)",https://www.openstreetmap.org/node/1326932189,"19"
"POINT (2.37865 48.851436)",https://www.openstreetmap.org/node/1326932190,"9"
"POINT (2.382997 48.852632)",https://www.openstreetmap.org/node/1326932191,"27"
"POINT (2.381947 48.852029)",https://www.openstreetmap.org/node/1326932192,"26"
"POINT (2.383021 48.851218)",https://www.openstreetmap.org/node/1326932193,5b
"POINT (2.380347 48.852591)",https://www.openstreetmap.org/node/1326932194,"11"
"POINT (2.380883 48.853081)",https://www.openstreetmap.org/node/1326932195,"38"
"POINT (2.382702 48.852526)",https://www.openstreetmap.org/node/1326932196,"9"
"POINT (2.380198 48.850606)",https://www.openstreetmap.org/node/1326932197,"2"
"POINT (2.386999 48.853179)",https://www.openstreetmap.org/node/1326932198,"43"
"POINT (2.379813 48.851475)",https://www.openstreetmap.org/node/1326932199,"8"
"POINT (2.38349 48.852348)",https://www.openstreetmap.org/node/1326932200,"30"
"POINT (2.386049 48.85281)",https://www.openstreetmap.org/node/1326932202,"34"
"POINT (2.3794 48.853063)",https://www.openstreetmap.org/node/1326932203,"56"
"POINT (2.38044 48.853442)",https://www.openstreetmap.org/node/1326932204,"43"
"POINT (2.383771 48.852615)",https://www.openstreetmap.org/node/1326932205,"17"
"POINT (2.379149 48.852933)",https://www.openstreetmap.org/node/1326932206,"29"
"POINT (2.379889 48.851953)",https://www.openstreetmap.org/node/1326932207,"9"
"POINT (2.38297 48.85244)",https://www.openstreetmap.org/node/1326932208,"10"
"POINT (2.380013 48.852077)",https://www.openstreetmap.org/node/1326932209,"20"
"POINT (2.381686 48.853671)",https://www.openstreetmap.org/node/1326932210,"1"
"POINT (2.380419 48.851396)",https://www.openstreetmap.org/node/1326932211,"13"
"POINT (2.383322 48.852091)",https://www.openstreetmap.org/node/1326932212,"21"
"POINT (2.383758 48.851905)",https://www.openstreetmap.org/node/1326932213,"22;24"
"POINT (2.385535 48.852713)",https://www.openstreetmap.org/node/1326932215,"30"
"POINT (2.380767 48.85183)",https://www.openstreetmap.org/node/1326932216,"22"
"POINT (2.379783 48.852637)",https://www.openstreetmap.org/node/1326932217,"5"
"POINT (2.382513 48.853434)",https://www.openstreetmap.org/node/1326932218,"39"
"POINT (2.382088 48.852476)",https://www.openstreetmap.org/node/1326932219,"3"
"POINT (2.386476 48.853043)",https://www.openstreetmap.org/node/1326932221,"37"
"POINT (2.379796 48.851138)",https://www.openstreetmap.org/node/1326932222,"4"
"POINT (2.378823 48.85133)",https://www.openstreetmap.org/node/1326932224,"18"
"POINT (2.378999 48.852485)",https://www.openstreetmap.org/node/1326932225,"23"
"POINT (2.38397 48.852521)",https://www.openstreetmap.org/node/1326932226,"18"
"POINT (2.382281 48.852383)",https://www.openstreetmap.org/node/1326932227,"4"
"POINT (2.379912 48.851774)",https://www.openstreetmap.org/node/1326932228,"14"
"POINT (2.380192 48.850861)",https://www.openstreetmap.org/node/1326932229,"5"
"POINT (2.380209 48.852496)",https://www.openstreetmap.org/node/1326932230,"10"
"POINT (2.383528 48.851718)",https://www.openstreetmap.org/node/1326932231,"15"
"POINT (2.381025 48.852281)",https://www.openstreetmap.org/node/1326932233,"30"
"POINT (2.381208 48.85233)",https://www.openstreetmap.org/node/1326932234,"29"
"POINT (2.380547 48.851443)",https://www.openstreetmap.org/node/1326932235,"16"
"POINT (2.381545 48.851416)",https://www.openstreetmap.org/node/1326932236,"13"
"POINT (2.382743 48.853588)",https://www.openstreetmap.org/node/1326932237,"44"
"POINT (2.387279 48.853129)",https://www.openstreetmap.org/node/1326932238,"46"
"POINT (2.383526 48.851218)",https://www.openstreetmap.org/node/1326932239,"9"
"POINT (2.378723 48.851025)",https://www.openstreetmap.org/node/1326932240,"8"
"POINT (2.385864 48.852907)",https://www.openstreetmap.org/node/1326932242,"31"
"POINT (2.383061 48.851117)",https://www.openstreetmap.org/node/1326932243,"10"
"POINT (2.383728 48.851422)",https://www.openstreetmap.org/node/1326932244,"11"
"POINT (2.381988 48.852767)",https://www.openstreetmap.org/node/1326932245,"14"
"POINT (2.382162 48.852726)",https://www.openstreetmap.org/node/1326932246,"15"
"POINT (2.380908 48.852254)",https://www.openstreetmap.org/node/1326932247,"27"
"POINT (2.378854 48.852048)",https://www.openstreetmap.org/node/1326932248,"17"
"POINT (2.382713 48.853102)",https://www.openstreetmap.org/node/1326932249,33 bis
"POINT (2.383751 48.851116)",https://www.openstreetmap.org/node/1326932251,"16"
"POINT (2.380807 48.852441)",https://www.openstreetmap.org/node/1326932258,"16"
"POINT (2.386682 48.853)",https://www.openstreetmap.org/node/1326932259,"40"
"POINT (2.379608 48.852545)",https://www.openstreetmap.org/node/1326932261,"4"
"POINT (2.381957 48.851128)",https://www.openstreetmap.org/node/1326932263,"2"
"POINT (2.379169 48.852394)",https://www.openstreetmap.org/node/1326932265,"46"
"POINT (2.385016 48.852615)",https://www.openstreetmap.org/node/1326932266,"26"
"POINT (2.381597 48.851983)",https://www.openstreetmap.org/node/1326932267,"23"
"POINT (2.38119 48.852635)",https://www.openstreetmap.org/node/1326932268,"32"
"POINT (2.380382 48.851155)",https://www.openstreetmap.org/node/1326932269,"10"
"POINT (2.37896 48.851737)",https://www.openstreetmap.org/node/1326932270,"24"
"POINT (2.381466 48.850939)",https://www.openstreetmap.org/node/1326932271,"7"
"POINT (2.383075 48.853037)",https://www.openstreetmap.org/node/1326932272,"38"
"POINT (2.3817 48.851409)",https://www.openstreetmap.org/node/1326932273,"14"
"POINT (2.378524 48.851058)",https://www.openstreetmap.org/node/1326932274,"1;3"
"POINT (2.381627 48.850974)",https://www.openstreetmap.org/node/1326932275,"8"
"POINT (2.385325 48.852793)",https://www.openstreetmap.org/node/1326932276,"25"
"POINT (2.382407 48.851127)",https://www.openstreetmap.org/node/1326932277,4b
"POINT (2.380671 48.853083)",https://www.openstreetmap.org/node/1326932278,"37"
"POINT (2.381637 48.853463)",https://www.openstreetmap.org/node/1326932279,"4"
"POINT (2.379728 48.851467)",https://www.openstreetmap.org/node/1326932280,"3"
"POINT (2.381949 48.853141)",https://www.openstreetmap.org/node/1326932281,"9"
"POINT (2.380691 48.851874)",https://www.openstreetmap.org/node/1326932282,"21"
"POINT (2.378719 48.851643)",https://www.openstreetmap.org/node/1326932283,"11"
"POINT (2.382915 48.852768)",https://www.openstreetmap.org/node/1326932284,"29"
"POINT (2.380671 48.852564)",https://www.openstreetmap.org/node/1326932286,"13"
"POINT (2.380738 48.853239)",https://www.openstreetmap.org/node/1326932287,"40"
"POINT (2.379073 48.852101)",https://www.openstreetmap.org/node/1326932288,"40"
"POINT (2.382872 48.85254)",https://www.openstreetmap.org/node/1326932289,"11"
"POINT (2.384282 48.852547)",https://www.openstreetmap.org/node/1326932290,"20"
"POINT (2.380224 48.850693)",https://www.openstreetmap.org/node/1326932291,"4"
"POINT (2.381399 48.850575)",https://www.openstreetmap.org/node/1326932292,"1"
"POINT (2.379858 48.851613)",https://www.openstreetmap.org/node/1326932293,"10"
"POINT (2.383314 48.852642)",https://www.openstreetmap.org/node/1326932294,"32"
"POINT (2.38169 48.851351)",https://www.openstreetmap.org/node/1326932295,"12"
"POINT (2.386589 48.85298)",https://www.openstreetmap.org/node/1326932296,"38"
"POINT (2.379445 48.853199)",https://www.openstreetmap.org/node/1326932297,"58"
"POINT (2.381534 48.850593)",https://www.openstreetmap.org/node/1326932298,"2"
"POINT (2.384126 48.852643)",https://www.openstreetmap.org/node/1326932299,"19"
"POINT (2.379198 48.853081)",https://www.openstreetmap.org/node/1326932300,"31"
"POINT (2.379947 48.852126)",https://www.openstreetmap.org/node/1326932301,"11"
"POINT (2.383582 48.852488)",https://www.openstreetmap.org/node/1326932302,"14"
"POINT (2.380047 48.85218)",https://www.openstreetmap.org/node/1326932303,"22"
"POINT (2.381717 48.853606)",https://www.openstreetmap.org/node/1326932304,"3"
"POINT (2.380482 48.851508)",https://www.openstreetmap.org/node/1326932305,"15"
"POINT (2.378563 48.851174)",https://www.openstreetmap.org/node/1326932306,"5"
"POINT (2.383244 48.85222)",https://www.openstreetmap.org/node/1326932307,"23"
"POINT (2.383974 48.851016)",https://www.openstreetmap.org/node/1326932308,"5;7"
"POINT (2.385672 48.852741)",https://www.openstreetmap.org/node/1326932309,30b
"POINT (2.379981 48.852671)",https://www.openstreetmap.org/node/1326932310,"7"
"POINT (2.382415 48.853596)",https://www.openstreetmap.org/node/1326932311,"41"
"POINT (2.38225 48.852489)",https://www.openstreetmap.org/node/1326932312,"5"
"POINT (2.386648 48.853102)",https://www.openstreetmap.org/node/1326932314,"39"
"POINT (2.379826 48.851232)",https://www.openstreetmap.org/node/1326932315,"6"
"POINT (2.383449 48.852589)",https://www.openstreetmap.org/node/1326932316,"13"
"POINT (2.378849 48.851408)",https://www.openstreetmap.org/node/1326932317,"20"
"POINT (2.379041 48.852611)",https://www.openstreetmap.org/node/1326932318,"25"
"POINT (2.384133 48.852534)",https://www.openstreetmap.org/node/1326932319,18b
"POINT (2.382525 48.852403)",https://www.openstreetmap.org/node/1326932320,"6"
"POINT (2.379946 48.851878)",https://www.openstreetmap.org/node/1326932321,"16"
"POINT (2.38022 48.850955)",https://www.openstreetmap.org/node/1326932323,"7"
"POINT (2.380433 48.852475)",https://www.openstreetmap.org/node/1326932324,"12"
"POINT (2.383973 48.851552)",https://www.openstreetmap.org/node/1326932326,"18;20"
"POINT (2.378654 48.850846)",https://www.openstreetmap.org/node/1326932327,"2"
"POINT (2.384715 48.850322)",https://www.openstreetmap.org/node/1326932328,"2"
"POINT (2.384196 48.85065)",https://www.openstreetmap.org/node/1326932329,"1"
"POINT (2.380679 48.851554)",https://www.openstreetmap.org/node/1326932330,"18"
"POINT (2.379382 48.85267)",https://www.openstreetmap.org/node/1326932331,"1"
"POINT (2.38268 48.853158)",https://www.openstreetmap.org/node/1326932332,"35"
"POINT (2.381565 48.851531)",https://www.openstreetmap.org/node/1326932333,"15"
"POINT (2.386017 48.852982)",https://www.openstreetmap.org/node/1326932337,"33"
"POINT (2.383207 48.851117)",https://www.openstreetmap.org/node/1326932338,"12"
"POINT (2.38254 48.851218)",https://www.openstreetmap.org/node/1326932339,"3"
"POINT (2.383607 48.851622)",https://www.openstreetmap.org/node/1326932340,11 bis
"POINT (2.380959 48.852342)",https://www.openstreetmap.org/node/1326932341,"29"
"POINT (2.378782 48.851228)",https://www.openstreetmap.org/node/1326932342,"14"
"POINT (2.3789 48.852187)",https://www.openstreetmap.org/node/1326932343,"19"
"POINT (2.382192 48.851217)",https://www.openstreetmap.org/node/1326932344,"1"
"POINT (2.38729 48.853212)",https://www.openstreetmap.org/node/1326932345,"45"
"POINT (2.379705 48.852538)",https://www.openstreetmap.org/node/1326932346,"6"
"POINT (2.384144 48.851266)",https://www.openstreetmap.org/node/1326932347,"14"
"POINT (2.382257 48.851126)",https://www.openstreetmap.org/node/1326932348,"4"
"POINT (2.380899 48.852061)",https://www.openstreetmap.org/node/1326932349,"26"
"POINT (2.379208 48.852515)",https://www.openstreetmap.org/node/1326932350,"48"
"POINT (2.385237 48.852662)",https://www.openstreetmap.org/node/1326932351,"28"
"POINT (2.381623 48.852132)",https://www.openstreetmap.org/node/1326932352,"25"
"POINT (2.380031 48.852377)",https://www.openstreetmap.org/node/1326932353,"17"
"POINT (2.380427 48.851234)",https://www.openstreetmap.org/node/1326932354,"12"
"POINT (2.379023 48.851925)",https://www.openstreetmap.org/node/1326932355,"38"
"POINT (2.381492 48.851106)",https://www.openstreetmap.org/node/1326932356,"9"
"POINT (2.382995 48.853169)",https://www.openstreetmap.org/node/1326932357,"40"
"POINT (2.386873 48.853041)",https://www.openstreetmap.org/node/1326932358,"42"
"POINT (2.381643 48.851068)",https://www.openstreetmap.org/node/1326932360,"10"
"POINT (2.385481 48.852826)",https://www.openstreetmap.org/node/1326932361,"27"
"POINT (2.38256 48.851118)",https://www.openstreetmap.org/node/1326932362,"6"
"POINT (2.380575 48.85321)",https://www.openstreetmap.org/node/1326932363,"39"
"POINT (2.382018 48.852971)",https://www.openstreetmap.org/node/1326932365,"11"
"POINT (2.380766 48.852005)",https://www.openstreetmap.org/node/1326932366,"23"
"POINT (2.378758 48.85176)",https://www.openstreetmap.org/node/1326932367,"13"
"POINT (2.382827 48.852914)",https://www.openstreetmap.org/node/1326932368,"31"
"POINT (2.380807 48.852553)",https://www.openstreetmap.org/node/1326932369,"15"
"POINT (2.380676 48.853322)",https://www.openstreetmap.org/node/1326932370,"42"
"POINT (2.379097 48.852173)",https://www.openstreetmap.org/node/1326932371,"42"
"POINT (2.384446 48.85256)",https://www.openstreetmap.org/node/1326932372,"22"
"POINT (2.380264 48.850827)",https://www.openstreetmap.org/node/1326932373,"6"
"POINT (2.38142 48.850659)",https://www.openstreetmap.org/node/1326932374,"3"
"POINT (2.383231 48.852778)",https://www.openstreetmap.org/node/1326932375,"34"
"POINT (2.38169 48.851525)",https://www.openstreetmap.org/node/1326932376,"18"
"POINT (2.380118 48.850608)",https://www.openstreetmap.org/node/1326932377,"1"
"POINT (2.379482 48.853311)",https://www.openstreetmap.org/node/1326932378,"60"
"POINT (2.38421 48.851156)",https://www.openstreetmap.org/node/1326932379,"12"
"POINT (2.381548 48.850674)",https://www.openstreetmap.org/node/1326932380,"4"
"POINT (2.384346 48.852661)",https://www.openstreetmap.org/node/1326932381,"21"
"POINT (2.379218 48.853143)",https://www.openstreetmap.org/node/1326932382,"33"
"POINT (2.379977 48.852216)",https://www.openstreetmap.org/node/1326932383,"15"
"POINT (2.382001 48.852566)",https://www.openstreetmap.org/node/1326932384,"19"
"POINT (2.383809 48.852507)",https://www.openstreetmap.org/node/1326932385,"16"
"POINT (2.380081 48.852284)",https://www.openstreetmap.org/node/1326932386,"24"
"POINT (2.381797 48.85344)",https://www.openstreetmap.org/node/1326932387,"5"
"POINT (2.380549 48.851624)",https://www.openstreetmap.org/node/1326932388,"17"
"POINT (2.378607 48.851306)",https://www.openstreetmap.org/node/1326932389,"7"
"POINT (2.383189 48.852312)",https://www.openstreetmap.org/node/1326932390,"25"
"POINT (2.381777 48.85183)",https://www.openstreetmap.org/node/1326932391,"24"
"POINT (2.38287 48.851218)",https://www.openstreetmap.org/node/1326932392,"5"
"POINT (2.380148 48.852607)",https://www.openstreetmap.org/node/1326932394,"9"
"POINT (2.382336 48.853728)",https://www.openstreetmap.org/node/1326932395,"43"
"POINT (2.381036 48.852826)",https://www.openstreetmap.org/node/1326932396,"36"
"POINT (2.382473 48.852508)",https://www.openstreetmap.org/node/1326932397,"7"
"POINT (2.386831 48.853142)",https://www.openstreetmap.org/node/1326932398,"41"
"POINT (2.384817 48.851609)",https://www.openstreetmap.org/node/1326949779,"1"
"POINT (2.385688 48.850623)",https://www.openstreetmap.org/node/1326949782,"2"
"POINT (2.385452 48.851602)",https://www.openstreetmap.org/node/1326949784,"9"
"POINT (2.385606 48.851118)",https://www.openstreetmap.org/node/1326949789,"9"
"POINT (2.384699 48.851198)",https://www.openstreetmap.org/node/1326949791,"2"
"POINT (2.385595 48.850725)",https://www.openstreetmap.org/node/1326949796,"3"
"POINT (2.384899 48.851264)",https://www.openstreetmap.org/node/1326949797,"3"
"POINT (2.385421 48.852701)",https://www.openstreetmap.org/node/1326949799,28b
"POINT (2.385708 48.851336)",https://www.openstreetmap.org/node/1326949802,"10"
"POINT (2.385262 48.851522)",https://www.openstreetmap.org/node/1326949805,"6"
"POINT (2.384952 48.851605)",https://www.openstreetmap.org/node/1326949807,"3"
"POINT (2.385729 48.850791)",https://www.openstreetmap.org/node/1326949808,"4"
"POINT (2.385505 48.8516)",https://www.openstreetmap.org/node/1326949810,"11"
"POINT (2.385611 48.851291)",https://www.openstreetmap.org/node/1326949814,"11"
"POINT (2.384918 48.851191)",https://www.openstreetmap.org/node/1326949816,"4"
"POINT (2.386303 48.851878)",https://www.openstreetmap.org/node/1326949818,"17"
"POINT (2.385257 48.851594)",https://www.openstreetmap.org/node/1326949819,"5"
"POINT (2.385265 48.85118)",https://www.openstreetmap.org/node/1326949822,"8"
"POINT (2.385597 48.850808)",https://www.openstreetmap.org/node/1326949824,"5"
"POINT (2.385048 48.851259)",https://www.openstreetmap.org/node/1326949825,"5"
"POINT (2.385712 48.851494)",https://www.openstreetmap.org/node/1326949830,"12"
"POINT (2.385535 48.851504)",https://www.openstreetmap.org/node/1326949833,"10"
"POINT (2.385698 48.850979)",https://www.openstreetmap.org/node/1326949838,"6"
"POINT (2.38556 48.851598)",https://www.openstreetmap.org/node/1326949840,"13"
"POINT (2.385615 48.851448)",https://www.openstreetmap.org/node/1326949846,"13"
"POINT (2.385083 48.851185)",https://www.openstreetmap.org/node/1326949848,"6"
"POINT (2.385696 48.851617)",https://www.openstreetmap.org/node/1326949850,"14"
"POINT (2.385396 48.851603)",https://www.openstreetmap.org/node/1326949851,"7"
"POINT (2.385601 48.850949)",https://www.openstreetmap.org/node/1326949855,"7"
"POINT (2.385249 48.851271)",https://www.openstreetmap.org/node/1326949856,"7"
"POINT (2.385591 48.850579)",https://www.openstreetmap.org/node/1326949864,"1"
"POINT (2.384702 48.851271)",https://www.openstreetmap.org/node/1326949865,"1"
"POINT (2.385704 48.85117)",https://www.openstreetmap.org/node/1326949885,"8"
"POINT (2.385047 48.851529)",https://www.openstreetmap.org/node/1326949887,"4"
"POINT (2.37754 48.847541)",https://www.openstreetmap.org/node/13287264686,"99"
"POINT (2.384384 48.855027)",https://www.openstreetmap.org/node/13294496319,"176"
"POINT (2.378247 48.848515)",https://www.openstreetmap.org/node/13338650001,"10"
"POINT (2.387479 48.849776)",https://www.openstreetmap.org/node/1334006315,"263"
"POINT (2.385053 48.852889)",https://www.openstreetmap.org/node/1334006318,"3"
"POINT (2.385063 48.853044)",https://www.openstreetmap.org/node/1334006321,3b
"POINT (2.390073 48.849873)",https://www.openstreetmap.org/node/1334006324,"4"
"POINT (2.38651 48.851499)",https://www.openstreetmap.org/node/1334006326,"14"
"POINT (2.383862 48.853497)",https://www.openstreetmap.org/node/1334006328,"7"
"POINT (2.386494 48.85164)",https://www.openstreetmap.org/node/1334006332,"16"
"POINT (2.386352 48.852845)",https://www.openstreetmap.org/node/1334006333,"34"
"POINT (2.389558 48.850416)",https://www.openstreetmap.org/node/1334006343,"54;56"
"POINT (2.38767 48.852033)",https://www.openstreetmap.org/node/1334006344,"7"
"POINT (2.384632 48.85199)",https://www.openstreetmap.org/node/1334006346,"15"
"POINT (2.387419 48.851994)",https://www.openstreetmap.org/node/1334006350,"9"
"POINT (2.387892 48.852159)",https://www.openstreetmap.org/node/1334006352,"8"
"POINT (2.384099 48.853402)",https://www.openstreetmap.org/node/1334006355,"6"
"POINT (2.383833 48.853095)",https://www.openstreetmap.org/node/1334006357,"10"
"POINT (2.387215 48.850335)",https://www.openstreetmap.org/node/1334006360,"5"
"POINT (2.384834 48.852116)",https://www.openstreetmap.org/node/1334006363,"16"
"POINT (2.386241 48.852399)",https://www.openstreetmap.org/node/1334006365,"25"
"POINT (2.384493 48.851523)",https://www.openstreetmap.org/node/1334006369,"7"
"POINT (2.383735 48.853008)",https://www.openstreetmap.org/node/1334006370,"9"
"POINT (2.38526 48.853556)",https://www.openstreetmap.org/node/1334006371,"10"
"POINT (2.386612 48.850638)",https://www.openstreetmap.org/node/1334006377,"2"
"POINT (2.385019 48.850151)",https://www.openstreetmap.org/node/1334006384,"239"
"POINT (2.385081 48.85333)",https://www.openstreetmap.org/node/1334006388,"7"
"POINT (2.384707 48.854392)",https://www.openstreetmap.org/node/1334006390,"21"
"POINT (2.383899 48.853411)",https://www.openstreetmap.org/node/1334006396,"4"
"POINT (2.388022 48.850491)",https://www.openstreetmap.org/node/1334006399,"43"
"POINT (2.384372 48.852962)",https://www.openstreetmap.org/node/1334006400,"6"
"POINT (2.386607 48.850395)",https://www.openstreetmap.org/node/1334006402,"36"
"POINT (2.385729 48.850045)",https://www.openstreetmap.org/node/1334006403,"247"
"POINT (2.384735 48.851782)",https://www.openstreetmap.org/node/1334006404,"12"
"POINT (2.389076 48.850502)",https://www.openstreetmap.org/node/1334006407,"53"
"POINT (2.385011 48.85389)",https://www.openstreetmap.org/node/1334006411,"13"
"POINT (2.38528 48.850413)",https://www.openstreetmap.org/node/1334006412,"20"
"POINT (2.38523 48.853122)",https://www.openstreetmap.org/node/1334006414,4b
"POINT (2.389276 48.849506)",https://www.openstreetmap.org/node/1334006418,"277"
"POINT (2.390415 48.849337)",https://www.openstreetmap.org/node/1334006420,"289"
"POINT (2.387136 48.849828)",https://www.openstreetmap.org/node/1334006421,"261"
"POINT (2.385044 48.852774)",https://www.openstreetmap.org/node/1334006423,"1"
"POINT (2.386378 48.85263)",https://www.openstreetmap.org/node/1334006425,"30"
"POINT (2.384773 48.852762)",https://www.openstreetmap.org/node/1334006426,"2"
"POINT (2.386527 48.851356)",https://www.openstreetmap.org/node/1334006432,"12"
"POINT (2.38363 48.853459)",https://www.openstreetmap.org/node/1334006435,"5"
"POINT (2.389993 48.849669)",https://www.openstreetmap.org/node/1334006438,"1"
"POINT (2.386439 48.852103)",https://www.openstreetmap.org/node/1334006439,"22"
"POINT (2.38643 48.850815)",https://www.openstreetmap.org/node/1334006441,"3"
"POINT (2.39023 48.850421)",https://www.openstreetmap.org/node/1334006457,"62"
"POINT (2.387912 48.852071)",https://www.openstreetmap.org/node/1334006458,"5"
"POINT (2.384596 48.851871)",https://www.openstreetmap.org/node/1334006460,"13"
"POINT (2.388895 48.851787)",https://www.openstreetmap.org/node/1334006465,"2"
"POINT (2.387726 48.851252)",https://www.openstreetmap.org/node/1334006466,"23"
"POINT (2.386767 48.852742)",https://www.openstreetmap.org/node/1334006467,"28"
"POINT (2.386366 48.852727)",https://www.openstreetmap.org/node/1334006469,"32"
"POINT (2.38397 48.853047)",https://www.openstreetmap.org/node/1334006472,"8"
"POINT (2.390169 48.849366)",https://www.openstreetmap.org/node/1334006473,285b
"POINT (2.387473 48.850389)",https://www.openstreetmap.org/node/1334006479,"42"
"POINT (2.384774 48.851913)",https://www.openstreetmap.org/node/1334006481,"14"
"POINT (2.384456 48.8514)",https://www.openstreetmap.org/node/1334006483,"5"
"POINT (2.387614 48.851217)",https://www.openstreetmap.org/node/1334006484,G
"POINT (2.383273 48.853172)",https://www.openstreetmap.org/node/1334006486,"15"
"POINT (2.388632 48.851696)",https://www.openstreetmap.org/node/1334006487,"5"
"POINT (2.38515 48.85395)",https://www.openstreetmap.org/node/1334006489,"16"
"POINT (2.386602 48.850263)",https://www.openstreetmap.org/node/1334006490,"5"
"POINT (2.389907 48.850304)",https://www.openstreetmap.org/node/1334006493,"11"
"POINT (2.383099 48.853233)",https://www.openstreetmap.org/node/1334006494,"17"
"POINT (2.385064 48.850507)",https://www.openstreetmap.org/node/1334006498,"21"
"POINT (2.384858 48.850175)",https://www.openstreetmap.org/node/1334006499,"237"
"POINT (2.385013 48.853493)",https://www.openstreetmap.org/node/1334006500,"9"
"POINT (2.390121 48.850555)",https://www.openstreetmap.org/node/1334006505,"67"
"POINT (2.38903 48.850407)",https://www.openstreetmap.org/node/1334006511,"50"
"POINT (2.387384 48.850244)",https://www.openstreetmap.org/node/1334006512,8b
"POINT (2.388599 48.850497)",https://www.openstreetmap.org/node/1334006514,"49"
"POINT (2.385462 48.850085)",https://www.openstreetmap.org/node/1334006517,"245"
"POINT (2.384707 48.851687)",https://www.openstreetmap.org/node/1334006518,"10"
"POINT (2.388784 48.850499)",https://www.openstreetmap.org/node/1334006521,"51"
"POINT (2.388591 48.849602)",https://www.openstreetmap.org/node/1334006524,"273"
"POINT (2.385547 48.850377)",https://www.openstreetmap.org/node/1334006525,"26"
"POINT (2.388976 48.84954)",https://www.openstreetmap.org/node/1334006530,"275"
"POINT (2.387897 48.849712)",https://www.openstreetmap.org/node/1334006534,"267"
"POINT (2.388122 48.849677)",https://www.openstreetmap.org/node/1334006537,"269"
"POINT (2.390035 48.85015)",https://www.openstreetmap.org/node/1334006540,"8"
"POINT (2.384189 48.852847)",https://www.openstreetmap.org/node/1334006542,"3"
"POINT (2.383725 48.853382)",https://www.openstreetmap.org/node/1334006544,2b
"POINT (2.390013 48.850317)",https://www.openstreetmap.org/node/1334006547,"10"
"POINT (2.386502 48.85197)",https://www.openstreetmap.org/node/1334006548,"20"
"POINT (2.386451 48.85064)",https://www.openstreetmap.org/node/1334006550,"1"
"POINT (2.390049 48.850419)",https://www.openstreetmap.org/node/1334006563,"60"
"POINT (2.384702 48.852229)",https://www.openstreetmap.org/node/1334006564,"19"
"POINT (2.387079 48.85197)",https://www.openstreetmap.org/node/1334006567,"13"
"POINT (2.386094 48.850372)",https://www.openstreetmap.org/node/1334006568,"30"
"POINT (2.384826 48.850182)",https://www.openstreetmap.org/node/1334006572,"235"
"POINT (2.383423 48.85324)",https://www.openstreetmap.org/node/1334006574,"14"
"POINT (2.386645 48.852844)",https://www.openstreetmap.org/node/1334006576,"32"
"POINT (2.384959 48.850411)",https://www.openstreetmap.org/node/1334006577,"14"
"POINT (2.390097 48.849694)",https://www.openstreetmap.org/node/1334006583,2 bis
"POINT (2.387101 48.850391)",https://www.openstreetmap.org/node/1334006586,"40"
"POINT (2.384904 48.852349)",https://www.openstreetmap.org/node/1334006588,"20"
"POINT (2.383425 48.853118)",https://www.openstreetmap.org/node/1334006593,"13"
"POINT (2.385225 48.853827)",https://www.openstreetmap.org/node/1334006594,"14"
"POINT (2.386575 48.850947)",https://www.openstreetmap.org/node/1334006598,"6"
"POINT (2.384869 48.854415)",https://www.openstreetmap.org/node/1334006602,"24"
"POINT (2.384904 48.85051)",https://www.openstreetmap.org/node/1334006603,"19"
"POINT (2.385221 48.852984)",https://www.openstreetmap.org/node/1334006606,"4"
"POINT (2.390032 48.850554)",https://www.openstreetmap.org/node/1334006609,"65"
"POINT (2.388376 48.850372)",https://www.openstreetmap.org/node/1334006611,"46"
"POINT (2.388681 48.850375)",https://www.openstreetmap.org/node/1334006615,"48"
"POINT (2.385722 48.850511)",https://www.openstreetmap.org/node/1334006616,"31"
"POINT (2.388451 48.850537)",https://www.openstreetmap.org/node/1334006617,"47"
"POINT (2.387477 48.851202)",https://www.openstreetmap.org/node/1334006619,"14"
"POINT (2.386073 48.849993)",https://www.openstreetmap.org/node/1334006620,"251"
"POINT (2.389475 48.850549)",https://www.openstreetmap.org/node/1334006622,"57"
"POINT (2.386781 48.850394)",https://www.openstreetmap.org/node/1334006624,36b
"POINT (2.388328 48.849644)",https://www.openstreetmap.org/node/1334006625,"271"
"POINT (2.385469 48.850404)",https://www.openstreetmap.org/node/1334006626,"24"
"POINT (2.389656 48.84945)",https://www.openstreetmap.org/node/1334006631,"281"
"POINT (2.387673 48.849746)",https://www.openstreetmap.org/node/1334006635,"265"
"POINT (2.391449 48.849176)",https://www.openstreetmap.org/node/1334006638,"299"
"POINT (2.3845 48.85286)",https://www.openstreetmap.org/node/1334006639,4b
"POINT (2.390054 48.850015)",https://www.openstreetmap.org/node/1334006642,"6"
"POINT (2.384405 48.85277)",https://www.openstreetmap.org/node/1334006644,"1"
"POINT (2.38347 48.853339)",https://www.openstreetmap.org/node/1334006646,"2"
"POINT (2.389965 48.849875)",https://www.openstreetmap.org/node/1334006650,"5"
"POINT (2.386411 48.852339)",https://www.openstreetmap.org/node/1334006651,"26"
"POINT (2.386392 48.851137)",https://www.openstreetmap.org/node/1334006652,"7"
"POINT (2.390769 48.849284)",https://www.openstreetmap.org/node/1334006654,"293"
"POINT (2.38848 48.852249)",https://www.openstreetmap.org/node/1334006662,2b
"POINT (2.385649 48.850377)",https://www.openstreetmap.org/node/1334006663,"28"
"POINT (2.384669 48.852118)",https://www.openstreetmap.org/node/1334006666,"17"
"POINT (2.387406 48.849923)",https://www.openstreetmap.org/node/1334006668,"4"
"POINT (2.388317 48.851749)",https://www.openstreetmap.org/node/1334006669,"6"
"POINT (2.38454 48.851126)",https://www.openstreetmap.org/node/1334006672,"4"
"POINT (2.384219 48.853423)",https://www.openstreetmap.org/node/1334006678,"12"
"POINT (2.386136 48.850507)",https://www.openstreetmap.org/node/1334006679,"33"
"POINT (2.383632 48.853167)",https://www.openstreetmap.org/node/1334006681,"12"
"POINT (2.384823 48.850411)",https://www.openstreetmap.org/node/1334006683,"12"
"POINT (2.386289 48.851999)",https://www.openstreetmap.org/node/1334006685,"19"
"POINT (2.388084 48.850396)",https://www.openstreetmap.org/node/1334006692,44 bis
"POINT (2.384868 48.852229)",https://www.openstreetmap.org/node/1334006695,"18"
"POINT (2.385021 48.854163)",https://www.openstreetmap.org/node/1334006698,"20"
"POINT (2.386662 48.850302)",https://www.openstreetmap.org/node/1334006699,"4"
"POINT (2.386592 48.850804)",https://www.openstreetmap.org/node/1334006702,"4"
"POINT (2.384946 48.854288)",https://www.openstreetmap.org/node/1334006705,"22"
"POINT (2.385309 48.850502)",https://www.openstreetmap.org/node/1334006706,"25"
"POINT (2.387809 48.850499)",https://www.openstreetmap.org/node/1334006709,39t
"POINT (2.385491 48.850513)",https://www.openstreetmap.org/node/1334006718,"29"
"POINT (2.385901 48.850019)",https://www.openstreetmap.org/node/1334006719,"249"
"POINT (2.38475 48.851831)",https://www.openstreetmap.org/node/1334006720,12b
"POINT (2.389279 48.850546)",https://www.openstreetmap.org/node/1334006723,"55"
"POINT (2.388039 48.852181)",https://www.openstreetmap.org/node/1334006725,"6"
"POINT (2.387131 48.852112)",https://www.openstreetmap.org/node/1334006726,"18"
"POINT (2.389509 48.849455)",https://www.openstreetmap.org/node/1334006729,"279"
"POINT (2.387226 48.850186)",https://www.openstreetmap.org/node/1334006735,"3"
"POINT (2.384626 48.852814)",https://www.openstreetmap.org/node/1334006737,"4"
"POINT (2.386264 48.852212)",https://www.openstreetmap.org/node/1334006741,"23"
"POINT (2.383908 48.852947)",https://www.openstreetmap.org/node/1334006743,"7"
"POINT (2.385249 48.853397)",https://www.openstreetmap.org/node/1334006744,"8"
"POINT (2.38998 48.849765)",https://www.openstreetmap.org/node/1334006746,"3"
"POINT (2.386425 48.85222)",https://www.openstreetmap.org/node/1334006748,"24"
"POINT (2.386409 48.850987)",https://www.openstreetmap.org/node/1334006749,"5"
"POINT (2.390557 48.849316)",https://www.openstreetmap.org/node/1334006750,"291"
"POINT (2.385072 48.85318)",https://www.openstreetmap.org/node/1334006752,"5"
"POINT (2.384775 48.854279)",https://www.openstreetmap.org/node/1334006753,"19"
"POINT (2.386322 48.851723)",https://www.openstreetmap.org/node/1334006756,"15"
"POINT (2.38699 48.852209)",https://www.openstreetmap.org/node/1334006758,"20"
"POINT (2.384773 48.852464)",https://www.openstreetmap.org/node/1334006762,"23"
"POINT (2.387411 48.849839)",https://www.openstreetmap.org/node/1334006764,"2"
"POINT (2.387937 48.85049)",https://www.openstreetmap.org/node/1334006765,"41"
"POINT (2.388603 48.851765)",https://www.openstreetmap.org/node/1334006766,"4"
"POINT (2.386491 48.850396)",https://www.openstreetmap.org/node/1334006767,"34"
"POINT (2.387748 48.851363)",https://www.openstreetmap.org/node/1334006768,"25"
"POINT (2.384503 48.851001)",https://www.openstreetmap.org/node/1334006769,"2"
"POINT (2.385186 48.850414)",https://www.openstreetmap.org/node/1334006776,"18"
"POINT (2.387707 48.850392)",https://www.openstreetmap.org/node/1334006784,"44"
"POINT (2.38697 48.849859)",https://www.openstreetmap.org/node/1334006785,"259"
"POINT (2.38496 48.852539)",https://www.openstreetmap.org/node/1334006787,"24"
"POINT (2.385087 48.854054)",https://www.openstreetmap.org/node/1334006793,"18"
"POINT (2.386655 48.850362)",https://www.openstreetmap.org/node/1334006794,"2"
"POINT (2.386543 48.851221)",https://www.openstreetmap.org/node/1334006797,"10"
"POINT (2.383459 48.85343)",https://www.openstreetmap.org/node/1334006801,"3"
"POINT (2.385235 48.850503)",https://www.openstreetmap.org/node/1334006802,"23"
"POINT (2.38749 48.852117)",https://www.openstreetmap.org/node/1334006805,"14"
"POINT (2.385844 48.8504)",https://www.openstreetmap.org/node/1334006808,28b
"POINT (2.389336 48.850411)",https://www.openstreetmap.org/node/1334006814,"52"
"POINT (2.388399 48.852145)",https://www.openstreetmap.org/node/1334006815,"3"
"POINT (2.38642 48.849942)",https://www.openstreetmap.org/node/1334006817,"255"
"POINT (2.38456 48.851749)",https://www.openstreetmap.org/node/1334006818,"11"
"POINT (2.389836 48.85051)",https://www.openstreetmap.org/node/1334006820,"61"
"POINT (2.388234 48.85223)",https://www.openstreetmap.org/node/1334006823,"4"
"POINT (2.386567 48.84992)",https://www.openstreetmap.org/node/1334006824,255b
"POINT (2.38683 48.852576)",https://www.openstreetmap.org/node/1334006825,"26"
"POINT (2.387379 48.850326)",https://www.openstreetmap.org/node/1334006828,"10"
"POINT (2.389956 48.849405)",https://www.openstreetmap.org/node/1334006831,"285"
"POINT (2.387239 48.849989)",https://www.openstreetmap.org/node/1334007130,"1"
"POINT (2.387311 48.852094)",https://www.openstreetmap.org/node/1334007135,"16"
"POINT (2.386274 48.852121)",https://www.openstreetmap.org/node/1334007149,"21"
"POINT (2.384422 48.851285)",https://www.openstreetmap.org/node/1334007151,"3"
"POINT (2.384042 48.852899)",https://www.openstreetmap.org/node/1334007170,"5"
"POINT (2.385238 48.853238)",https://www.openstreetmap.org/node/1334007174,"6"
"POINT (2.386167 48.852765)",https://www.openstreetmap.org/node/1334007187,"31"
"POINT (2.389929 48.85014)",https://www.openstreetmap.org/node/1334007190,"9"
"POINT (2.386348 48.851498)",https://www.openstreetmap.org/node/1334007194,"11"
"POINT (2.39126 48.849211)",https://www.openstreetmap.org/node/1334007199,"297"
"POINT (2.384848 48.85416)",https://www.openstreetmap.org/node/1334007210,"17"
"POINT (2.386336 48.851606)",https://www.openstreetmap.org/node/1334007221,"13"
"POINT (2.384741 48.852358)",https://www.openstreetmap.org/node/1334007250,"21"
"POINT (2.387389 48.850169)",https://www.openstreetmap.org/node/1334007256,"8"
"POINT (2.386319 48.850397)",https://www.openstreetmap.org/node/1334007259,"32"
"POINT (2.385211 48.850122)",https://www.openstreetmap.org/node/1334007271,"243"
"POINT (2.384645 48.851479)",https://www.openstreetmap.org/node/1334007276,"8"
"POINT (2.386856 48.850499)",https://www.openstreetmap.org/node/1334007277,"37"
"POINT (2.383031 48.85338)",https://www.openstreetmap.org/node/1334007279,"18"
"POINT (2.385069 48.850415)",https://www.openstreetmap.org/node/1334007294,"16"
"POINT (2.386794 48.849882)",https://www.openstreetmap.org/node/1334007310,"257"
"POINT (2.384933 48.852448)",https://www.openstreetmap.org/node/1334007318,"22"
"POINT (2.386559 48.851081)",https://www.openstreetmap.org/node/1334007334,"8"
"POINT (2.38318 48.853383)",https://www.openstreetmap.org/node/1334007342,"1"
"POINT (2.386942 48.852338)",https://www.openstreetmap.org/node/1334007346,"22"
"POINT (2.386465 48.85188)",https://www.openstreetmap.org/node/1334007348,"18"
"POINT (2.386348 48.852881)",https://www.openstreetmap.org/node/1334007354,"36"
"POINT (2.389723 48.850389)",https://www.openstreetmap.org/node/1334007367,"58"
"POINT (2.385845 48.85051)",https://www.openstreetmap.org/node/1334007369,31b
"POINT (2.386242 48.849969)",https://www.openstreetmap.org/node/1334007375,"253"
"POINT (2.384526 48.851635)",https://www.openstreetmap.org/node/1334007378,"9"
"POINT (2.389629 48.850551)",https://www.openstreetmap.org/node/1334007384,"59"
"POINT (2.387214 48.851962)",https://www.openstreetmap.org/node/1334007386,"11"
"POINT (2.387698 48.852129)",https://www.openstreetmap.org/node/1334007392,"10"
"POINT (2.389822 48.849425)",https://www.openstreetmap.org/node/1334007404,"283"
"POINT (2.390249 48.849344)",https://www.openstreetmap.org/node/1334007408,"287"
"POINT (2.390123 48.8495)",https://www.openstreetmap.org/node/1334007417,"2"
"POINT (2.386906 48.850396)",https://www.openstreetmap.org/node/1334007424,"38"
"POINT (2.38622 48.852573)",https://www.openstreetmap.org/node/1334007437,"27"
"POINT (2.384379 48.851141)",https://www.openstreetmap.org/node/1334007444,"1"
"POINT (2.387675 48.850498)",https://www.openstreetmap.org/node/1334007447,"39;39 bis"
"POINT (2.383564 48.853069)",https://www.openstreetmap.org/node/1334007448,"11"
"POINT (2.38527 48.853701)",https://www.openstreetmap.org/node/1334007456,"12"
"POINT (2.386208 48.852679)",https://www.openstreetmap.org/node/1334007458,"29"
"POINT (2.389946 48.850015)",https://www.openstreetmap.org/node/1334007459,"7"
"POINT (2.3864 48.852446)",https://www.openstreetmap.org/node/1334007462,"28"
"POINT (2.386363 48.851379)",https://www.openstreetmap.org/node/1334007467,"9"
"POINT (2.391104 48.84926)",https://www.openstreetmap.org/node/1334007469,"295"
"POINT (2.384728 48.850514)",https://www.openstreetmap.org/node/1334007470,"15"
"POINT (2.385216 48.852917)",https://www.openstreetmap.org/node/1334007478,"2"
"POINT (2.389917 48.850607)",https://www.openstreetmap.org/node/1334007482,"63"
"POINT (2.384024 48.853389)",https://www.openstreetmap.org/node/1334007491,4t
"POINT (2.387397 48.850059)",https://www.openstreetmap.org/node/1334007494,"6"
"POINT (2.384154 48.853039)",https://www.openstreetmap.org/node/1334007499,6b
"POINT (2.386681 48.850363)",https://www.openstreetmap.org/node/1334007505,"1"
"POINT (2.387324 48.851197)",https://www.openstreetmap.org/node/1334007508,"12"
"POINT (2.385138 48.850133)",https://www.openstreetmap.org/node/1334007511,"241"
"POINT (2.384606 48.851349)",https://www.openstreetmap.org/node/1334007513,"6"
"POINT (2.386733 48.8505)",https://www.openstreetmap.org/node/1334007518,"35"
"POINT (2.384925 48.854033)",https://www.openstreetmap.org/node/1334007527,"15"
"POINT (2.38537 48.850405)",https://www.openstreetmap.org/node/1334007530,"22"
"POINT (2.390449 48.849332)",https://www.openstreetmap.org/node/1334007541,289b
"POINT (2.372822 48.852045)",https://www.openstreetmap.org/node/1334906500,"50"
"POINT (2.372356 48.851383)",https://www.openstreetmap.org/node/1334906592,"47"
"POINT (2.376879 48.846799)",https://www.openstreetmap.org/node/1335019883,15b
"POINT (2.370374 48.845662)",https://www.openstreetmap.org/node/1335034875,"11"
"POINT (2.375663 48.845893)",https://www.openstreetmap.org/node/1336163524,"1"
"POINT (2.386614 48.850674)",https://www.openstreetmap.org/node/13369400101,"2"
"POINT (2.375859 48.848876)",https://www.openstreetmap.org/node/13374174401,"5"
"POINT (2.383317 48.851641)",https://www.openstreetmap.org/node/13434160601,"13"
"POINT (2.382585 48.853194)",https://www.openstreetmap.org/node/13449607202,"35"
"POINT (2.376659 48.851047)",https://www.openstreetmap.org/node/13460857126,"102"
"POINT (2.369859 48.846656)",https://www.openstreetmap.org/node/1350641894,"234"
"POINT (2.370995 48.846095)",https://www.openstreetmap.org/node/1350641899,15 bis
"POINT (2.372393 48.851499)",https://www.openstreetmap.org/node/1351811585,"1"
"POINT (2.370504 48.852992)",https://www.openstreetmap.org/node/1351811594,"1"
"POINT (2.372771 48.851917)",https://www.openstreetmap.org/node/1351811598,"10"
"POINT (2.37267 48.851886)",https://www.openstreetmap.org/node/1351811601,"11"
"POINT (2.370764 48.852714)",https://www.openstreetmap.org/node/1351811605,"11"
"POINT (2.370807 48.852671)",https://www.openstreetmap.org/node/1351811608,"13"
"POINT (2.370847 48.852631)",https://www.openstreetmap.org/node/1351811612,"15"
"POINT (2.370898 48.852584)",https://www.openstreetmap.org/node/1351811616,"17"
"POINT (2.37096 48.852531)",https://www.openstreetmap.org/node/1351811619,"19"
"POINT (2.372463 48.851463)",https://www.openstreetmap.org/node/1351811627,"2"
"POINT (2.371011 48.852487)",https://www.openstreetmap.org/node/1351811629,"21"
"POINT (2.371084 48.852424)",https://www.openstreetmap.org/node/1351811631,"23"
"POINT (2.371169 48.852352)",https://www.openstreetmap.org/node/1351811647,"25"
"POINT (2.371267 48.852267)",https://www.openstreetmap.org/node/1351811649,"27"
"POINT (2.371368 48.852181)",https://www.openstreetmap.org/node/1351811652,"29"
"POINT (2.372466 48.851594)",https://www.openstreetmap.org/node/1351811655,"3"
"POINT (2.370587 48.852903)",https://www.openstreetmap.org/node/1351811675,"3"
"POINT (2.371449 48.852111)",https://www.openstreetmap.org/node/1351811678,"31"
"POINT (2.371522 48.852051)",https://www.openstreetmap.org/node/1351811683,"33"
"POINT (2.371618 48.852018)",https://www.openstreetmap.org/node/1351811687,"35"
"POINT (2.371673 48.851973)",https://www.openstreetmap.org/node/1351811700,"37"
"POINT (2.3717 48.851898)",https://www.openstreetmap.org/node/1351811704,"39"
"POINT (2.37256 48.8516)",https://www.openstreetmap.org/node/1351811710,"4"
"POINT (2.371806 48.851807)",https://www.openstreetmap.org/node/1351811713,"41"
"POINT (2.371981 48.851657)",https://www.openstreetmap.org/node/1351811727,"43"
"POINT (2.372551 48.851217)",https://www.openstreetmap.org/node/1351811731,"49"
"POINT (2.372508 48.851671)",https://www.openstreetmap.org/node/1351811736,"5"
"POINT (2.370648 48.852837)",https://www.openstreetmap.org/node/1351811738,"5"
"POINT (2.372726 48.851067)",https://www.openstreetmap.org/node/1351811747,"51"
"POINT (2.372635 48.851705)",https://www.openstreetmap.org/node/1351811751,"6"
"POINT (2.372595 48.851783)",https://www.openstreetmap.org/node/1351811757,"7"
"POINT (2.370683 48.8528)",https://www.openstreetmap.org/node/1351811765,"7"
"POINT (2.372722 48.851828)",https://www.openstreetmap.org/node/1351811767,"8"
"POINT (2.370718 48.852762)",https://www.openstreetmap.org/node/1351811771,"9"
"POINT (2.373058 48.850968)",https://www.openstreetmap.org/node/1351854142,"1"
"POINT (2.373248 48.851159)",https://www.openstreetmap.org/node/1351854145,"10"
"POINT (2.37069 48.852643)",https://www.openstreetmap.org/node/1351854146,"10"
"POINT (2.377042 48.847665)",https://www.openstreetmap.org/node/1351854147,"100"
"POINT (2.377688 48.847426)",https://www.openstreetmap.org/node/1351854157,"101"
"POINT (2.37727 48.847536)",https://www.openstreetmap.org/node/1351854161,"102"
"POINT (2.37784 48.847329)",https://www.openstreetmap.org/node/1351854163,"103"
"POINT (2.377929 48.847281)",https://www.openstreetmap.org/node/1351854164,103 ter
"POINT (2.377975 48.847234)",https://www.openstreetmap.org/node/1351854171,103 ter
"POINT (2.377448 48.84743)",https://www.openstreetmap.org/node/1351854175,"104"
"POINT (2.378102 48.847145)",https://www.openstreetmap.org/node/1351854178,"105"
"POINT (2.377562 48.847362)",https://www.openstreetmap.org/node/1351854180,"106"
"POINT (2.37832 48.846991)",https://www.openstreetmap.org/node/1351854188,"107"
"POINT (2.377803 48.847199)",https://www.openstreetmap.org/node/1351854191,"108"
"POINT (2.378559 48.84687)",https://www.openstreetmap.org/node/1351854194,"109"
"POINT (2.370798 48.852542)",https://www.openstreetmap.org/node/1351854198,10 bis
"POINT (2.377895 48.847134)",https://www.openstreetmap.org/node/1351854199,"110"
"POINT (2.378677 48.846739)",https://www.openstreetmap.org/node/1351854200,"111"
"POINT (2.378043 48.847029)",https://www.openstreetmap.org/node/1351854201,"112"
"POINT (2.378817 48.846641)",https://www.openstreetmap.org/node/1351854202,"113"
"POINT (2.378241 48.84689)",https://www.openstreetmap.org/node/1351854204,"114"
"POINT (2.378373 48.846796)",https://www.openstreetmap.org/node/1351854205,"116"
"POINT (2.378467 48.84673)",https://www.openstreetmap.org/node/1351854206,"118"
"POINT (2.373352 48.851298)",https://www.openstreetmap.org/node/1351854207,"12"
"POINT (2.370943 48.85239)",https://www.openstreetmap.org/node/1351854208,"12"
"POINT (2.378576 48.846653)",https://www.openstreetmap.org/node/1351854209,"120"
"POINT (2.373396 48.851356)",https://www.openstreetmap.org/node/1351854210,"14"
"POINT (2.371133 48.85224)",https://www.openstreetmap.org/node/1351854212,"14"
"POINT (2.373444 48.851426)",https://www.openstreetmap.org/node/1351854213,"16"
"POINT (2.371185 48.852196)",https://www.openstreetmap.org/node/1351854214,"16"
"POINT (2.373509 48.851539)",https://www.openstreetmap.org/node/1351854215,"18"
"POINT (2.371241 48.852148)",https://www.openstreetmap.org/node/1351854217,"18"
"POINT (2.371293 48.852104)",https://www.openstreetmap.org/node/1351854218,18 bis
"POINT (2.373582 48.84997)",https://www.openstreetmap.org/node/1351854219,"2"
"POINT (2.370346 48.853024)",https://www.openstreetmap.org/node/1351854220,"2"
"POINT (2.373647 48.851766)",https://www.openstreetmap.org/node/1351854221,"20"
"POINT (2.371343 48.851976)",https://www.openstreetmap.org/node/1351854222,"20"
"POINT (2.371712 48.851763)",https://www.openstreetmap.org/node/1351854223,"24"
"POINT (2.371862 48.851637)",https://www.openstreetmap.org/node/1351854225,24B
"POINT (2.372102 48.851432)",https://www.openstreetmap.org/node/1351854226,26 bis
"POINT (2.372227 48.851271)",https://www.openstreetmap.org/node/1351854227,"28"
"POINT (2.373083 48.851007)",https://www.openstreetmap.org/node/1351854228,"3"
"POINT (2.372442 48.851134)",https://www.openstreetmap.org/node/1351854229,"30"
"POINT (2.372692 48.850921)",https://www.openstreetmap.org/node/1351854231,30 bis
"POINT (2.372801 48.850828)",https://www.openstreetmap.org/node/1351854232,"32"
"POINT (2.372938 48.850711)",https://www.openstreetmap.org/node/1351854233,"34"
"POINT (2.373031 48.850632)",https://www.openstreetmap.org/node/1351854234,"36"
"POINT (2.373076 48.850593)",https://www.openstreetmap.org/node/1351854235,"38"
"POINT (2.373204 48.851176)",https://www.openstreetmap.org/node/1351854236,3b
"POINT (2.373535 48.849904)",https://www.openstreetmap.org/node/1351854237,"4"
"POINT (2.370396 48.852972)",https://www.openstreetmap.org/node/1351854239,"4"
"POINT (2.373278 48.850416)",https://www.openstreetmap.org/node/1351854240,"40"
"POINT (2.373371 48.850334)",https://www.openstreetmap.org/node/1351854241,"42"
"POINT (2.373476 48.850243)",https://www.openstreetmap.org/node/1351854242,"44"
"POINT (2.373575 48.850157)",https://www.openstreetmap.org/node/1351854243,"46"
"POINT (2.373683 48.850063)",https://www.openstreetmap.org/node/1351854244,"48"
"POINT (2.37354 48.849736)",https://www.openstreetmap.org/node/1351854245,"5"
"POINT (2.373336 48.851353)",https://www.openstreetmap.org/node/1351854247,"5"
"POINT (2.373802 48.849959)",https://www.openstreetmap.org/node/1351854248,"50"
"POINT (2.373913 48.849862)",https://www.openstreetmap.org/node/1351854249,"52"
"POINT (2.372906 48.850877)",https://www.openstreetmap.org/node/1351854250,"53"
"POINT (2.374036 48.849754)",https://www.openstreetmap.org/node/1351854251,"54"
"POINT (2.373037 48.850767)",https://www.openstreetmap.org/node/1351854252,"55"
"POINT (2.373155 48.850697)",https://www.openstreetmap.org/node/1351854253,"57"
"POINT (2.373231 48.850631)",https://www.openstreetmap.org/node/1351854254,"59"
"POINT (2.373489 48.84984)",https://www.openstreetmap.org/node/1351854258,"6"
"POINT (2.370447 48.852918)",https://www.openstreetmap.org/node/1351854259,"6"
"POINT (2.373341 48.850536)",https://www.openstreetmap.org/node/1351854260,"61"
"POINT (2.373457 48.850436)",https://www.openstreetmap.org/node/1351854261,"63"
"POINT (2.374417 48.849443)",https://www.openstreetmap.org/node/1351854262,"64"
"POINT (2.373549 48.850333)",https://www.openstreetmap.org/node/1351854263,"65"
"POINT (2.374462 48.849378)",https://www.openstreetmap.org/node/1351854264,"66"
"POINT (2.373683 48.85022)",https://www.openstreetmap.org/node/1351854266,"67"
"POINT (2.374598 48.849241)",https://www.openstreetmap.org/node/1351854267,"68"
"POINT (2.373881 48.850049)",https://www.openstreetmap.org/node/1351854268,"69"
"POINT (2.373471 48.849638)",https://www.openstreetmap.org/node/1351854269,"7"
"POINT (2.373438 48.851497)",https://www.openstreetmap.org/node/1351854270,"7"
"POINT (2.374648 48.84919)",https://www.openstreetmap.org/node/1351854271,"70"
"POINT (2.373977 48.849969)",https://www.openstreetmap.org/node/1351854272,"71"
"POINT (2.374815 48.849019)",https://www.openstreetmap.org/node/1351854274,"72"
"POINT (2.374084 48.849893)",https://www.openstreetmap.org/node/1351854275,"73"
"POINT (2.37489 48.848947)",https://www.openstreetmap.org/node/1351854276,"74"
"POINT (2.374174 48.849814)",https://www.openstreetmap.org/node/1351854277,"75"
"POINT (2.375044 48.848846)",https://www.openstreetmap.org/node/1351854278,"76"
"POINT (2.37514 48.84879)",https://www.openstreetmap.org/node/1351854280,"78"
"POINT (2.373372 48.849676)",https://www.openstreetmap.org/node/1351854281,"8"
"POINT (2.370615 48.852711)",https://www.openstreetmap.org/node/1351854282,"8"
"POINT (2.375231 48.848738)",https://www.openstreetmap.org/node/1351854283,"80"
"POINT (2.374505 48.849532)",https://www.openstreetmap.org/node/1351854284,"81"
"POINT (2.375294 48.848702)",https://www.openstreetmap.org/node/1351854285,"82"
"POINT (2.374618 48.849417)",https://www.openstreetmap.org/node/1351854286,"83"
"POINT (2.375422 48.848628)",https://www.openstreetmap.org/node/1351854288,"84"
"POINT (2.374683 48.849351)",https://www.openstreetmap.org/node/1351854289,"85"
"POINT (2.375017 48.849012)",https://www.openstreetmap.org/node/1351854290,85 bis
"POINT (2.375149 48.848935)",https://www.openstreetmap.org/node/1351854291,85 ter
"POINT (2.375617 48.848515)",https://www.openstreetmap.org/node/1351854292,"86"
"POINT (2.375218 48.848894)",https://www.openstreetmap.org/node/1351854293,"87"
"POINT (2.375353 48.848816)",https://www.openstreetmap.org/node/1351854295,87 bis
"POINT (2.375448 48.84876)",https://www.openstreetmap.org/node/1351854296,87 ter
"POINT (2.375609 48.848666)",https://www.openstreetmap.org/node/1351854298,"89"
"POINT (2.375759 48.848578)",https://www.openstreetmap.org/node/1351854299,89 bis
"POINT (2.376316 48.848254)",https://www.openstreetmap.org/node/1351854300,89 ter
"POINT (2.373386 48.8495)",https://www.openstreetmap.org/node/1351854301,"9"
"POINT (2.373602 48.851785)",https://www.openstreetmap.org/node/1351854302,"9"
"POINT (2.376185 48.848185)",https://www.openstreetmap.org/node/1351854304,"90"
"POINT (2.376497 48.848146)",https://www.openstreetmap.org/node/1351854305,"91"
"POINT (2.376363 48.848079)",https://www.openstreetmap.org/node/1351854306,"92"
"POINT (2.376773 48.847978)",https://www.openstreetmap.org/node/1351854307,"93"
"POINT (2.376511 48.84799)",https://www.openstreetmap.org/node/1351854308,"94"
"POINT (2.376947 48.847872)",https://www.openstreetmap.org/node/1351854310,"95"
"POINT (2.376694 48.847881)",https://www.openstreetmap.org/node/1351854311,"96"
"POINT (2.37732 48.847649)",https://www.openstreetmap.org/node/1351854312,"97"
"POINT (2.376868 48.847777)",https://www.openstreetmap.org/node/1351854313,"98"
"POINT (2.377506 48.847536)",https://www.openstreetmap.org/node/1351854314,"99"
"POINT (2.367459 48.847252)",https://www.openstreetmap.org/node/1351907633,"10"
"POINT (2.367638 48.847245)",https://www.openstreetmap.org/node/1351907636,10a
"POINT (2.36752 48.847386)",https://www.openstreetmap.org/node/1351907640,10b
"POINT (2.367591 48.847472)",https://www.openstreetmap.org/node/1351907641,"12"
"POINT (2.367624 48.847572)",https://www.openstreetmap.org/node/1351907642,12b
"POINT (2.367668 48.847714)",https://www.openstreetmap.org/node/1351907647,"14"
"POINT (2.367726 48.847843)",https://www.openstreetmap.org/node/1351907650,"16"
"POINT (2.367865 48.848145)",https://www.openstreetmap.org/node/1351907653,"18"
"POINT (2.367906 48.848234)",https://www.openstreetmap.org/node/1351907654,18b
"POINT (2.367152 48.846575)",https://www.openstreetmap.org/node/1351907655,"2"
"POINT (2.367972 48.848378)",https://www.openstreetmap.org/node/1351907656,"20"
"POINT (2.368012 48.848465)",https://www.openstreetmap.org/node/1351907657,20b
"POINT (2.368097 48.848651)",https://www.openstreetmap.org/node/1351907660,"22"
"POINT (2.368302 48.849101)",https://www.openstreetmap.org/node/1351907662,"26"
"POINT (2.36834 48.849186)",https://www.openstreetmap.org/node/1351907665,26b
"POINT (2.36841 48.849338)",https://www.openstreetmap.org/node/1351907669,"28"
"POINT (2.368479 48.849489)",https://www.openstreetmap.org/node/1351907672,"30"
"POINT (2.368529 48.849599)",https://www.openstreetmap.org/node/1351907674,30b
"POINT (2.368598 48.84975)",https://www.openstreetmap.org/node/1351907676,"32"
"POINT (2.368744 48.850072)",https://www.openstreetmap.org/node/1351907679,32b
"POINT (2.368761 48.850109)",https://www.openstreetmap.org/node/1351907681,32t
"POINT (2.368894 48.850399)",https://www.openstreetmap.org/node/1351907683,"36"
"POINT (2.36722 48.846726)",https://www.openstreetmap.org/node/1351907684,"4"
"POINT (2.367817 48.846537)",https://www.openstreetmap.org/node/1351907693,"4"
"POINT (2.368992 48.850616)",https://www.openstreetmap.org/node/1351907694,"40"
"POINT (2.369056 48.850757)",https://www.openstreetmap.org/node/1351907695,"42"
"POINT (2.369133 48.850887)",https://www.openstreetmap.org/node/1351907696,"44"
"POINT (2.369184 48.851041)",https://www.openstreetmap.org/node/1351907697,"46"
"POINT (2.369237 48.851156)",https://www.openstreetmap.org/node/1351907700,46b
"POINT (2.369286 48.85126)",https://www.openstreetmap.org/node/1351907704,"48"
"POINT (2.367272 48.84684)",https://www.openstreetmap.org/node/1351907707,4b
"POINT (2.369434 48.851587)",https://www.openstreetmap.org/node/1351907708,"50"
"POINT (2.369487 48.851704)",https://www.openstreetmap.org/node/1351907709,"52"
"POINT (2.367331 48.846969)",https://www.openstreetmap.org/node/1351907718,"6"
"POINT (2.36772 48.846611)",https://www.openstreetmap.org/node/1351907719,"6"
"POINT (2.367399 48.84712)",https://www.openstreetmap.org/node/1351907720,"8"
"POINT (2.382629 48.850528)",https://www.openstreetmap.org/node/13527402602,"203"
"POINT (2.369822 48.849676)",https://www.openstreetmap.org/node/1352821530,"1"
"POINT (2.369936 48.850034)",https://www.openstreetmap.org/node/1352821531,"10"
"POINT (2.369673 48.850509)",https://www.openstreetmap.org/node/1352821536,"11"
"POINT (2.369904 48.850217)",https://www.openstreetmap.org/node/1352821542,"12"
"POINT (2.369648 48.850653)",https://www.openstreetmap.org/node/1352821546,"13"
"POINT (2.369874 48.850384)",https://www.openstreetmap.org/node/1352821551,"14"
"POINT (2.369623 48.850801)",https://www.openstreetmap.org/node/1352821553,"15"
"POINT (2.369593 48.850961)",https://www.openstreetmap.org/node/1352821558,"17"
"POINT (2.369821 48.850679)",https://www.openstreetmap.org/node/1352821559,"18"
"POINT (2.369572 48.851074)",https://www.openstreetmap.org/node/1352821560,"19"
"POINT (2.370025 48.849537)",https://www.openstreetmap.org/node/1352821561,"2"
"POINT (2.3698 48.850801)",https://www.openstreetmap.org/node/1352821562,"20"
"POINT (2.369546 48.85121)",https://www.openstreetmap.org/node/1352821563,"21"
"POINT (2.369777 48.850924)",https://www.openstreetmap.org/node/1352821564,"22"
"POINT (2.371477 48.848353)",https://www.openstreetmap.org/node/1352821565,"22"
"POINT (2.369437 48.851318)",https://www.openstreetmap.org/node/1352821566,"23"
"POINT (2.369756 48.851043)",https://www.openstreetmap.org/node/1352821567,"24"
"POINT (2.371413 48.848498)",https://www.openstreetmap.org/node/1352821568,"24"
"POINT (2.369728 48.851199)",https://www.openstreetmap.org/node/1352821569,"26"
"POINT (2.371368 48.848601)",https://www.openstreetmap.org/node/1352821570,"26"
"POINT (2.369499 48.8515)",https://www.openstreetmap.org/node/1352821571,"28"
"POINT (2.371323 48.848702)",https://www.openstreetmap.org/node/1352821572,"28"
"POINT (2.369805 48.849772)",https://www.openstreetmap.org/node/1352821573,"3"
"POINT (2.371277 48.848804)",https://www.openstreetmap.org/node/1352821574,"30"
"POINT (2.371213 48.848949)",https://www.openstreetmap.org/node/1352821575,"32"
"POINT (2.371155 48.848122)",https://www.openstreetmap.org/node/1352821576,"33"
"POINT (2.37115 48.848298)",https://www.openstreetmap.org/node/1352821577,"35"
"POINT (2.370992 48.848495)",https://www.openstreetmap.org/node/1352821578,"37"
"POINT (2.370906 48.848685)",https://www.openstreetmap.org/node/1352821579,"39"
"POINT (2.370011 48.849616)",https://www.openstreetmap.org/node/1352821580,"4"
"POINT (2.37086 48.848786)",https://www.openstreetmap.org/node/1352821581,"41"
"POINT (2.370818 48.848881)",https://www.openstreetmap.org/node/1352821583,"43"
"POINT (2.370615 48.849344)",https://www.openstreetmap.org/node/1352821585,"45"
"POINT (2.370532 48.84953)",https://www.openstreetmap.org/node/1352821593,"47"
"POINT (2.370477 48.849653)",https://www.openstreetmap.org/node/1352821598,"49"
"POINT (2.369787 48.849875)",https://www.openstreetmap.org/node/1352821601,"5"
"POINT (2.37045 48.849714)",https://www.openstreetmap.org/node/1352821606,"51"
"POINT (2.370387 48.849856)",https://www.openstreetmap.org/node/1352821613,"53"
"POINT (2.370351 48.849946)",https://www.openstreetmap.org/node/1352821615,"55"
"POINT (2.370249 48.850176)",https://www.openstreetmap.org/node/1352821624,55 bis
"POINT (2.370179 48.850326)",https://www.openstreetmap.org/node/1352821633,"57;59"
"POINT (2.369996 48.849703)",https://www.openstreetmap.org/node/1352821637,"6"
"POINT (2.370135 48.850586)",https://www.openstreetmap.org/node/1352821643,"61"
"POINT (2.370002 48.850724)",https://www.openstreetmap.org/node/1352821647,"63"
"POINT (2.370033 48.850815)",https://www.openstreetmap.org/node/1352821652,"65"
"POINT (2.369992 48.85091)",https://www.openstreetmap.org/node/1352821658,"67"
"POINT (2.369925 48.85106)",https://www.openstreetmap.org/node/1352821668,"69"
"POINT (2.369762 48.850017)",https://www.openstreetmap.org/node/1352821671,"7"
"POINT (2.369865 48.851196)",https://www.openstreetmap.org/node/1352821673,"71"
"POINT (2.369679 48.851621)",https://www.openstreetmap.org/node/1352821686,"75"
"POINT (2.369973 48.849829)",https://www.openstreetmap.org/node/1352821694,"8"
"POINT (2.369722 48.850241)",https://www.openstreetmap.org/node/1352821714,"9"
"POINT (2.368463 48.848875)",https://www.openstreetmap.org/node/1352831743,"1"
"POINT (2.368848 48.850006)",https://www.openstreetmap.org/node/1352831744,"1"
"POINT (2.372099 48.849165)",https://www.openstreetmap.org/node/1352831745,"1"
"POINT (2.373829 48.85023)",https://www.openstreetmap.org/node/1352831747,"1"
"POINT (2.369114 48.848814)",https://www.openstreetmap.org/node/1352831755,"10"
"POINT (2.369507 48.849547)",https://www.openstreetmap.org/node/1352831756,"10"
"POINT (2.372478 48.849476)",https://www.openstreetmap.org/node/1352831758,"10"
"POINT (2.374162 48.850545)",https://www.openstreetmap.org/node/1352831765,"10"
"POINT (2.370058 48.84946)",https://www.openstreetmap.org/node/1352831768,"11"
"POINT (2.372463 48.849706)",https://www.openstreetmap.org/node/1352831771,"11"
"POINT (2.374368 48.850994)",https://www.openstreetmap.org/node/1352831777,"11"
"POINT (2.369623 48.84896)",https://www.openstreetmap.org/node/1352831778,"11;11 bis"
"POINT (2.3693 48.848827)",https://www.openstreetmap.org/node/1352831779,"12"
"POINT (2.369679 48.849469)",https://www.openstreetmap.org/node/1352831782,"12"
"POINT (2.37257 48.849605)",https://www.openstreetmap.org/node/1352831788,"12"
"POINT (2.374208 48.85061)",https://www.openstreetmap.org/node/1352831789,"12"
"POINT (2.369801 48.848973)",https://www.openstreetmap.org/node/1352831790,"13"
"POINT (2.370187 48.849402)",https://www.openstreetmap.org/node/1352831793,"13"
"POINT (2.372571 48.849857)",https://www.openstreetmap.org/node/1352831799,"13"
"POINT (2.374408 48.851051)",https://www.openstreetmap.org/node/1352831800,"13"
"POINT (2.36945 48.848838)",https://www.openstreetmap.org/node/1352831801,"14"
"POINT (2.369901 48.849369)",https://www.openstreetmap.org/node/1352831802,"14"
"POINT (2.372664 48.849736)",https://www.openstreetmap.org/node/1352831803,"14"
"POINT (2.374286 48.850696)",https://www.openstreetmap.org/node/1352831804,"14"
"POINT (2.370064 48.848992)",https://www.openstreetmap.org/node/1352831805,"15"
"POINT (2.370331 48.849338)",https://www.openstreetmap.org/node/1352831806,"15"
"POINT (2.37265 48.850018)",https://www.openstreetmap.org/node/1352831807,"15"
"POINT (2.374444 48.851135)",https://www.openstreetmap.org/node/1352831808,"15"
"POINT (2.369591 48.848848)",https://www.openstreetmap.org/node/1352831809,"16"
"POINT (2.370179 48.849244)",https://www.openstreetmap.org/node/1352831810,"16"
"POINT (2.372786 48.849905)",https://www.openstreetmap.org/node/1352831811,"16"
"POINT (2.37436 48.850823)",https://www.openstreetmap.org/node/1352831812,"16"
"POINT (2.370525 48.849251)",https://www.openstreetmap.org/node/1352831814,"17"
"POINT (2.372793 48.850167)",https://www.openstreetmap.org/node/1352831815,"17"
"POINT (2.37452 48.85121)",https://www.openstreetmap.org/node/1352831816,"17"
"POINT (2.369901 48.848871)",https://www.openstreetmap.org/node/1352831817,"18"
"POINT (2.370366 48.84916)",https://www.openstreetmap.org/node/1352831818,"18"
"POINT (2.374487 48.850982)",https://www.openstreetmap.org/node/1352831819,"18"
"POINT (2.370426 48.849018)",https://www.openstreetmap.org/node/1352831820,"19"
"POINT (2.372901 48.850317)",https://www.openstreetmap.org/node/1352831821,"19"
"POINT (2.374565 48.851273)",https://www.openstreetmap.org/node/1352831822,"19"
"POINT (2.368255 48.84872)",https://www.openstreetmap.org/node/1352831823,"2"
"POINT (2.368764 48.849872)",https://www.openstreetmap.org/node/1352831824,"2"
"POINT (2.372167 48.849044)",https://www.openstreetmap.org/node/1352831825,"2"
"POINT (2.373879 48.850152)",https://www.openstreetmap.org/node/1352831826,"2"
"POINT (2.370174 48.848891)",https://www.openstreetmap.org/node/1352831827,"20"
"POINT (2.370497 48.849101)",https://www.openstreetmap.org/node/1352831828,"20"
"POINT (2.372982 48.85018)",https://www.openstreetmap.org/node/1352831829,"20"
"POINT (2.374627 48.851201)",https://www.openstreetmap.org/node/1352831830,"20"
"POINT (2.372962 48.850402)",https://www.openstreetmap.org/node/1352831831,"21"
"POINT (2.374641 48.851408)",https://www.openstreetmap.org/node/1352831832,"21"
"POINT (2.370397 48.848907)",https://www.openstreetmap.org/node/1352831833,"22"
"POINT (2.373049 48.850273)",https://www.openstreetmap.org/node/1352831834,"22"
"POINT (2.374739 48.85136)",https://www.openstreetmap.org/node/1352831835,"22"
"POINT (2.373034 48.850503)",https://www.openstreetmap.org/node/1352831836,"23"
"POINT (2.370643 48.848925)",https://www.openstreetmap.org/node/1352831837,"24"
"POINT (2.373127 48.850382)",https://www.openstreetmap.org/node/1352831838,"24"
"POINT (2.374806 48.851455)",https://www.openstreetmap.org/node/1352831839,"24"
"POINT (2.36855 48.848881)",https://www.openstreetmap.org/node/1352831840,"3"
"POINT (2.369056 48.849913)",https://www.openstreetmap.org/node/1352831841,"3"
"POINT (2.372139 48.849253)",https://www.openstreetmap.org/node/1352831842,"3"
"POINT (2.373975 48.850441)",https://www.openstreetmap.org/node/1352831843,"3"
"POINT (2.368509 48.848745)",https://www.openstreetmap.org/node/1352831844,"4"
"POINT (2.369018 48.84976)",https://www.openstreetmap.org/node/1352831845,"4"
"POINT (2.372244 48.849152)",https://www.openstreetmap.org/node/1352831846,"4"
"POINT (2.373986 48.850276)",https://www.openstreetmap.org/node/1352831847,"4"
"POINT (2.368671 48.84889)",https://www.openstreetmap.org/node/1352831848,"5"
"POINT (2.369223 48.849837)",https://www.openstreetmap.org/node/1352831849,"5"
"POINT (2.372216 48.849361)",https://www.openstreetmap.org/node/1352831850,"5"
"POINT (2.374131 48.850659)",https://www.openstreetmap.org/node/1352831851,"5"
"POINT (2.36865 48.848755)",https://www.openstreetmap.org/node/1352831852,"6"
"POINT (2.369125 48.849712)",https://www.openstreetmap.org/node/1352831853,"6"
"POINT (2.372313 48.849248)",https://www.openstreetmap.org/node/1352831854,"6"
"POINT (2.374041 48.850353)",https://www.openstreetmap.org/node/1352831855,"6"
"POINT (2.368845 48.848903)",https://www.openstreetmap.org/node/1352831856,"7"
"POINT (2.369392 48.849761)",https://www.openstreetmap.org/node/1352831857,"7"
"POINT (2.372291 48.849465)",https://www.openstreetmap.org/node/1352831858,"7"
"POINT (2.368897 48.848759)",https://www.openstreetmap.org/node/1352831859,"8"
"POINT (2.369325 48.849625)",https://www.openstreetmap.org/node/1352831860,"8"
"POINT (2.372389 48.849353)",https://www.openstreetmap.org/node/1352831861,"8"
"POINT (2.374111 48.850473)",https://www.openstreetmap.org/node/1352831862,"8"
"POINT (2.369282 48.848935)",https://www.openstreetmap.org/node/1352831863,"9"
"POINT (2.369558 48.849686)",https://www.openstreetmap.org/node/1352831864,"9"
"POINT (2.372359 48.849561)",https://www.openstreetmap.org/node/1352831865,"9"
"POINT (2.374313 48.850915)",https://www.openstreetmap.org/node/1352831866,"9"
"POINT (2.36915 48.848926)",https://www.openstreetmap.org/node/1352831867,9 bis
"POINT (2.369701 48.849622)",https://www.openstreetmap.org/node/1352831868,9 bis
"POINT (2.376566 48.850257)",https://www.openstreetmap.org/node/1352887549,"1"
"POINT (2.376257 48.84881)",https://www.openstreetmap.org/node/1352887550,"1"
"POINT (2.376638 48.849101)",https://www.openstreetmap.org/node/1352887552,"10"
"POINT (2.368553 48.846542)",https://www.openstreetmap.org/node/1352887553,"9;11"
"POINT (2.376926 48.850779)",https://www.openstreetmap.org/node/1352887554,"11"
"POINT (2.368663 48.84625)",https://www.openstreetmap.org/node/1352887555,"12"
"POINT (2.376732 48.849237)",https://www.openstreetmap.org/node/1352887556,"12"
"POINT (2.377001 48.850888)",https://www.openstreetmap.org/node/1352887557,"13"
"POINT (2.373138 48.848664)",https://www.openstreetmap.org/node/1352887558,13a
"POINT (2.36873 48.846288)",https://www.openstreetmap.org/node/1352887559,"14"
"POINT (2.37682 48.849365)",https://www.openstreetmap.org/node/1352887560,"14"
"POINT (2.368831 48.846699)",https://www.openstreetmap.org/node/1352887561,"15"
"POINT (2.373245 48.848617)",https://www.openstreetmap.org/node/1352887562,15a
"POINT (2.368956 48.846416)",https://www.openstreetmap.org/node/1352887563,"16"
"POINT (2.376917 48.849507)",https://www.openstreetmap.org/node/1352887564,"16"
"POINT (2.368866 48.846719)",https://www.openstreetmap.org/node/1352887565,"17"
"POINT (2.368991 48.846436)",https://www.openstreetmap.org/node/1352887566,"18"
"POINT (2.376989 48.849611)",https://www.openstreetmap.org/node/1352887567,"18"
"POINT (2.376317 48.848898)",https://www.openstreetmap.org/node/1352887569,1b
"POINT (2.376451 48.849091)",https://www.openstreetmap.org/node/1352887570,1t
"POINT (2.376204 48.848474)",https://www.openstreetmap.org/node/1352887572,"2"
"POINT (2.369148 48.846525)",https://www.openstreetmap.org/node/1352887573,"20"
"POINT (2.37714 48.849833)",https://www.openstreetmap.org/node/1352887574,"20"
"POINT (2.3693 48.846612)",https://www.openstreetmap.org/node/1352887576,"22"
"POINT (2.377207 48.84993)",https://www.openstreetmap.org/node/1352887577,"22"
"POINT (2.369765 48.846874)",https://www.openstreetmap.org/node/1352887578,"24"
"POINT (2.377261 48.85001)",https://www.openstreetmap.org/node/1352887579,"24"
"POINT (2.369447 48.847049)",https://www.openstreetmap.org/node/1352887580,"25"
"POINT (2.369921 48.846962)",https://www.openstreetmap.org/node/1352887581,"26"
"POINT (2.377325 48.850103)",https://www.openstreetmap.org/node/1352887582,"26"
"POINT (2.377378 48.85018)",https://www.openstreetmap.org/node/1352887583,26b
"POINT (2.36962 48.847147)",https://www.openstreetmap.org/node/1352887584,"27"
"POINT (2.370103 48.847065)",https://www.openstreetmap.org/node/1352887585,"28"
"POINT (2.37746 48.850298)",https://www.openstreetmap.org/node/1352887586,"28"
"POINT (2.369829 48.847266)",https://www.openstreetmap.org/node/1352887587,"29"
"POINT (2.367971 48.846208)",https://www.openstreetmap.org/node/1352887588,"3"
"POINT (2.376652 48.850381)",https://www.openstreetmap.org/node/1352887589,"3"
"POINT (2.376636 48.849361)",https://www.openstreetmap.org/node/1352887590,"3"
"POINT (2.370259 48.847153)",https://www.openstreetmap.org/node/1352887591,"30"
"POINT (2.377548 48.850428)",https://www.openstreetmap.org/node/1352887592,"30"
"POINT (2.370108 48.847424)",https://www.openstreetmap.org/node/1352887593,"31"
"POINT (2.370423 48.847246)",https://www.openstreetmap.org/node/1352887594,"32"
"POINT (2.377635 48.850555)",https://www.openstreetmap.org/node/1352887595,"32"
"POINT (2.370279 48.847522)",https://www.openstreetmap.org/node/1352887596,"33"
"POINT (2.370601 48.847347)",https://www.openstreetmap.org/node/1352887597,"34;36"
"POINT (2.377739 48.850705)",https://www.openstreetmap.org/node/1352887598,"34"
"POINT (2.37041 48.847596)",https://www.openstreetmap.org/node/1352887599,"35"
"POINT (2.370563 48.847683)",https://www.openstreetmap.org/node/1352887601,"37;39"
"POINT (2.368086 48.845923)",https://www.openstreetmap.org/node/1352887603,"2;4"
"POINT (2.37633 48.848656)",https://www.openstreetmap.org/node/1352887604,"4"
"POINT (2.37103 48.84759)",https://www.openstreetmap.org/node/1352887609,"40"
"POINT (2.370885 48.847872)",https://www.openstreetmap.org/node/1352887612,"41;43"
"POINT (2.371666 48.848306)",https://www.openstreetmap.org/node/1352887622,"49"
"POINT (2.368201 48.846344)",https://www.openstreetmap.org/node/1352887624,"5"
"POINT (2.376719 48.850479)",https://www.openstreetmap.org/node/1352887625,"5"
"POINT (2.376834 48.849648)",https://www.openstreetmap.org/node/1352887626,"5"
"POINT (2.371795 48.848024)",https://www.openstreetmap.org/node/1352887629,"50"
"POINT (2.371826 48.848397)",https://www.openstreetmap.org/node/1352887632,"51"
"POINT (2.371954 48.848469)",https://www.openstreetmap.org/node/1352887637,"53"
"POINT (2.372222 48.848265)",https://www.openstreetmap.org/node/1352887639,"54"
"POINT (2.372111 48.848558)",https://www.openstreetmap.org/node/1352887640,"55"
"POINT (2.372411 48.848373)",https://www.openstreetmap.org/node/1352887642,"56"
"POINT (2.372485 48.848415)",https://www.openstreetmap.org/node/1352887648,"58"
"POINT (2.372842 48.848972)",https://www.openstreetmap.org/node/1352887650,"59"
"POINT (2.376419 48.848784)",https://www.openstreetmap.org/node/1352887655,"6"
"POINT (2.372904 48.849006)",https://www.openstreetmap.org/node/1352887658,"61"
"POINT (2.37314 48.849142)",https://www.openstreetmap.org/node/1352887667,"63"
"POINT (2.373275 48.849218)",https://www.openstreetmap.org/node/1352887668,63 bis
"POINT (2.373179 48.848807)",https://www.openstreetmap.org/node/1352887669,"64"
"POINT (2.373461 48.849322)",https://www.openstreetmap.org/node/1352887671,"65"
"POINT (2.37341 48.848938)",https://www.openstreetmap.org/node/1352887679,"66"
"POINT (2.373668 48.84944)",https://www.openstreetmap.org/node/1352887680,"67"
"POINT (2.373687 48.849095)",https://www.openstreetmap.org/node/1352887681,"68"
"POINT (2.373864 48.84955)",https://www.openstreetmap.org/node/1352887682,"69"
"POINT (2.368389 48.84636)",https://www.openstreetmap.org/node/1352887684,"7"
"POINT (2.376788 48.850579)",https://www.openstreetmap.org/node/1352887693,"7"
"POINT (2.373809 48.849164)",https://www.openstreetmap.org/node/1352887694,"70"
"POINT (2.373999 48.849626)",https://www.openstreetmap.org/node/1352887695,"71"
"POINT (2.374406 48.849885)",https://www.openstreetmap.org/node/1352887697,"73"
"POINT (2.374059 48.849305)",https://www.openstreetmap.org/node/1352887705,"74"
"POINT (2.374658 48.850115)",https://www.openstreetmap.org/node/1352887708,"75"
"POINT (2.37413 48.849346)",https://www.openstreetmap.org/node/1352887709,"76"
"POINT (2.374876 48.850314)",https://www.openstreetmap.org/node/1352887717,"77"
"POINT (2.37456 48.849689)",https://www.openstreetmap.org/node/1352887720,"78"
"POINT (2.375964 48.850793)",https://www.openstreetmap.org/node/1352887721,"76;78"
"POINT (2.375103 48.850521)",https://www.openstreetmap.org/node/1352887722,"79"
"POINT (2.376456 48.848838)",https://www.openstreetmap.org/node/1352887728,"8"
"POINT (2.374836 48.84994)",https://www.openstreetmap.org/node/1352887732,"80"
"POINT (2.376033 48.850893)",https://www.openstreetmap.org/node/1352887735,"80"
"POINT (2.375309 48.850709)",https://www.openstreetmap.org/node/1352887738,"81;83"
"POINT (2.375101 48.850181)",https://www.openstreetmap.org/node/1352887746,"84"
"POINT (2.375568 48.850944)",https://www.openstreetmap.org/node/1352887749,"85"
"POINT (2.375214 48.850284)",https://www.openstreetmap.org/node/1352887751,"86"
"POINT (2.375404 48.850457)",https://www.openstreetmap.org/node/1352887755,"88"
"POINT (2.376858 48.850681)",https://www.openstreetmap.org/node/1352887766,"9"
"POINT (2.377442 48.84944)",https://www.openstreetmap.org/node/1352900271,"1"
"POINT (2.376298 48.85027)",https://www.openstreetmap.org/node/1352900290,"10"
"POINT (2.376155 48.850355)",https://www.openstreetmap.org/node/1352900292,"12"
"POINT (2.375997 48.850449)",https://www.openstreetmap.org/node/1352900293,"14"
"POINT (2.377506 48.849548)",https://www.openstreetmap.org/node/1352900301,"2"
"POINT (2.377266 48.849545)",https://www.openstreetmap.org/node/1352900304,"3"
"POINT (2.37734 48.849647)",https://www.openstreetmap.org/node/1352900306,"4"
"POINT (2.377106 48.849641)",https://www.openstreetmap.org/node/1352900307,"5"
"POINT (2.377193 48.849734)",https://www.openstreetmap.org/node/1352900309,"6"
"POINT (2.376795 48.84997)",https://www.openstreetmap.org/node/1352900310,6b
"POINT (2.376378 48.850072)",https://www.openstreetmap.org/node/1352900311,"7"
"POINT (2.376416 48.8502)",https://www.openstreetmap.org/node/1352900312,"8"
"POINT (2.36954 48.845605)",https://www.openstreetmap.org/node/1353062562,"1"
"POINT (2.370203 48.846521)",https://www.openstreetmap.org/node/1353062565,"1"
"POINT (2.36923 48.844804)",https://www.openstreetmap.org/node/1353062574,"1"
"POINT (2.369966 48.846645)",https://www.openstreetmap.org/node/1353062575,"1"
"POINT (2.375898 48.848611)",https://www.openstreetmap.org/node/1353062576,"1"
"POINT (2.369636 48.846097)",https://www.openstreetmap.org/node/1353062577,"10"
"POINT (2.370569 48.846652)",https://www.openstreetmap.org/node/1353062585,"10"
"POINT (2.370044 48.845228)",https://www.openstreetmap.org/node/1353062587,"10"
"POINT (2.370505 48.846896)",https://www.openstreetmap.org/node/1353062590,"10"
"POINT (2.375887 48.850562)",https://www.openstreetmap.org/node/1353062593,"10"
"POINT (2.369404 48.846126)",https://www.openstreetmap.org/node/1353062599,"11"
"POINT (2.37058 48.846753)",https://www.openstreetmap.org/node/1353062603,"11"
"POINT (2.370467 48.845667)",https://www.openstreetmap.org/node/1353062606,"11"
"POINT (2.370682 48.847088)",https://www.openstreetmap.org/node/1353062608,"11"
"POINT (2.375768 48.849501)",https://www.openstreetmap.org/node/1353062615,"11"
"POINT (2.370556 48.845728)",https://www.openstreetmap.org/node/1353062617,11 bis
"POINT (2.369703 48.846202)",https://www.openstreetmap.org/node/1353062618,"12"
"POINT (2.370638 48.846694)",https://www.openstreetmap.org/node/1353062619,"12"
"POINT (2.370787 48.845745)",https://www.openstreetmap.org/node/1353062628,"12"
"POINT (2.370655 48.846988)",https://www.openstreetmap.org/node/1353062629,"12"
"POINT (2.369441 48.846238)",https://www.openstreetmap.org/node/1353062630,"13"
"POINT (2.37065 48.846796)",https://www.openstreetmap.org/node/1353062640,"13"
"POINT (2.370582 48.845747)",https://www.openstreetmap.org/node/1353062645,"13"
"POINT (2.370856 48.847196)",https://www.openstreetmap.org/node/1353062648,"13"
"POINT (2.375747 48.849644)",https://www.openstreetmap.org/node/1353062649,"13"
"POINT (2.370724 48.846748)",https://www.openstreetmap.org/node/1353062659,"14"
"POINT (2.371085 48.845953)",https://www.openstreetmap.org/node/1353062662,"14"
"POINT (2.370782 48.847066)",https://www.openstreetmap.org/node/1353062666,"14"
"POINT (2.369595 48.846333)",https://www.openstreetmap.org/node/1353062671,"15"
"POINT (2.370726 48.846843)",https://www.openstreetmap.org/node/1353062672,"15"
"POINT (2.371003 48.846037)",https://www.openstreetmap.org/node/1353062673,"15"
"POINT (2.375728 48.849776)",https://www.openstreetmap.org/node/1353062674,"15"
"POINT (2.370794 48.846791)",https://www.openstreetmap.org/node/1353062675,"16"
"POINT (2.371206 48.846039)",https://www.openstreetmap.org/node/1353062676,"16"
"POINT (2.370908 48.847144)",https://www.openstreetmap.org/node/1353062677,"16"
"POINT (2.369733 48.846417)",https://www.openstreetmap.org/node/1353062678,"17"
"POINT (2.370798 48.846887)",https://www.openstreetmap.org/node/1353062679,"17"
"POINT (2.371167 48.84615)",https://www.openstreetmap.org/node/1353062680,"17"
"POINT (2.375709 48.849906)",https://www.openstreetmap.org/node/1353062681,"17"
"POINT (2.370868 48.846837)",https://www.openstreetmap.org/node/1353062682,"18"
"POINT (2.371333 48.846129)",https://www.openstreetmap.org/node/1353062683,"18"
"POINT (2.371059 48.847236)",https://www.openstreetmap.org/node/1353062684,"18"
"POINT (2.370875 48.846934)",https://www.openstreetmap.org/node/1353062685,"19"
"POINT (2.371334 48.846285)",https://www.openstreetmap.org/node/1353062686,"19"
"POINT (2.37105 48.847316)",https://www.openstreetmap.org/node/1353062687,"19"
"POINT (2.375678 48.850116)",https://www.openstreetmap.org/node/1353062688,"19"
"POINT (2.370088 48.846721)",https://www.openstreetmap.org/node/1353062689,1b
"POINT (2.369762 48.8456)",https://www.openstreetmap.org/node/1353062690,"2"
"POINT (2.370261 48.846461)",https://www.openstreetmap.org/node/1353062691,"2"
"POINT (2.369556 48.844799)",https://www.openstreetmap.org/node/1353062692,"2"
"POINT (2.370024 48.846599)",https://www.openstreetmap.org/node/1353062693,"2"
"POINT (2.370962 48.846895)",https://www.openstreetmap.org/node/1353062694,"20"
"POINT (2.371466 48.846223)",https://www.openstreetmap.org/node/1353062695,"20"
"POINT (2.371219 48.847335)",https://www.openstreetmap.org/node/1353062696,"20"
"POINT (2.370951 48.846981)",https://www.openstreetmap.org/node/1353062697,"21"
"POINT (2.371552 48.846439)",https://www.openstreetmap.org/node/1353062698,"21"
"POINT (2.371212 48.847416)",https://www.openstreetmap.org/node/1353062699,"21"
"POINT (2.371079 48.845777)",https://www.openstreetmap.org/node/1353062700,"212"
"POINT (2.370878 48.845731)",https://www.openstreetmap.org/node/1353062701,"213"
"POINT (2.370978 48.845843)",https://www.openstreetmap.org/node/1353062702,"214"
"POINT (2.370637 48.845853)",https://www.openstreetmap.org/node/1353062703,"215"
"POINT (2.37078 48.845976)",https://www.openstreetmap.org/node/1353062704,"216"
"POINT (2.370673 48.846051)",https://www.openstreetmap.org/node/1353062706,"218"
"POINT (2.370483 48.846004)",https://www.openstreetmap.org/node/1353062707,"217;219"
"POINT (2.371032 48.846939)",https://www.openstreetmap.org/node/1353062708,"22"
"POINT (2.371693 48.846384)",https://www.openstreetmap.org/node/1353062709,"22"
"POINT (2.3714 48.847447)",https://www.openstreetmap.org/node/1353062710,"22"
"POINT (2.370572 48.846122)",https://www.openstreetmap.org/node/1353062711,"220"
"POINT (2.370469 48.846194)",https://www.openstreetmap.org/node/1353062713,"222"
"POINT (2.370264 48.846157)",https://www.openstreetmap.org/node/1353062714,"223"
"POINT (2.370368 48.846266)",https://www.openstreetmap.org/node/1353062715,"224"
"POINT (2.370276 48.84633)",https://www.openstreetmap.org/node/1353062717,"226"
"POINT (2.369736 48.846527)",https://www.openstreetmap.org/node/1353062718,"227"
"POINT (2.37019 48.84639)",https://www.openstreetmap.org/node/1353062719,"228"
"POINT (2.36965 48.846588)",https://www.openstreetmap.org/node/1353062720,"229"
"POINT (2.372431 48.84689)",https://www.openstreetmap.org/node/1353062721,22b
"POINT (2.372552 48.846974)",https://www.openstreetmap.org/node/1353062722,22t
"POINT (2.371027 48.847027)",https://www.openstreetmap.org/node/1353062723,"23"
"POINT (2.371695 48.846533)",https://www.openstreetmap.org/node/1353062724,"23"
"POINT (2.37135 48.847501)",https://www.openstreetmap.org/node/1353062725,"23"
"POINT (2.37008 48.846468)",https://www.openstreetmap.org/node/1353062726,"230"
"POINT (2.369576 48.84664)",https://www.openstreetmap.org/node/1353062727,"231"
"POINT (2.370003 48.846522)",https://www.openstreetmap.org/node/1353062729,"232"
"POINT (2.369509 48.846687)",https://www.openstreetmap.org/node/1353062731,"233"
"POINT (2.369187 48.846914)",https://www.openstreetmap.org/node/1353062738,"235"
"POINT (2.369706 48.846731)",https://www.openstreetmap.org/node/1353062741,"236"
"POINT (2.369055 48.846979)",https://www.openstreetmap.org/node/1353062744,"237"
"POINT (2.368972 48.84706)",https://www.openstreetmap.org/node/1353062746,"239"
"POINT (2.368842 48.847151)",https://www.openstreetmap.org/node/1353062753,239b
"POINT (2.371113 48.846988)",https://www.openstreetmap.org/node/1353062756,"24"
"POINT (2.372681 48.847065)",https://www.openstreetmap.org/node/1353062757,"24"
"POINT (2.369232 48.847063)",https://www.openstreetmap.org/node/1353062758,"240"
"POINT (2.368732 48.847229)",https://www.openstreetmap.org/node/1353062766,"241"
"POINT (2.369135 48.847153)",https://www.openstreetmap.org/node/1353062767,"242"
"POINT (2.368641 48.847293)",https://www.openstreetmap.org/node/1353062768,"243"
"POINT (2.368977 48.847264)",https://www.openstreetmap.org/node/1353062769,"244"
"POINT (2.368429 48.847364)",https://www.openstreetmap.org/node/1353062783,"245"
"POINT (2.368817 48.847377)",https://www.openstreetmap.org/node/1353062784,"246"
"POINT (2.368327 48.847434)",https://www.openstreetmap.org/node/1353062785,"247"
"POINT (2.368708 48.847453)",https://www.openstreetmap.org/node/1353062788,"248"
"POINT (2.368171 48.847544)",https://www.openstreetmap.org/node/1353062795,"249"
"POINT (2.372851 48.847184)",https://www.openstreetmap.org/node/1353062796,24b
"POINT (2.371104 48.847076)",https://www.openstreetmap.org/node/1353062799,"25"
"POINT (2.372255 48.846923)",https://www.openstreetmap.org/node/1353062805,"25"
"POINT (2.36857 48.84755)",https://www.openstreetmap.org/node/1353062806,"250"
"POINT (2.36804 48.847636)",https://www.openstreetmap.org/node/1353062808,"251"
"POINT (2.368449 48.847635)",https://www.openstreetmap.org/node/1353062811,"252"
"POINT (2.367912 48.847726)",https://www.openstreetmap.org/node/1353062817,"253"
"POINT (2.36823 48.847767)",https://www.openstreetmap.org/node/1353062820,"254"
"POINT (2.367843 48.847854)",https://www.openstreetmap.org/node/1353062823,"255"
"POINT (2.367795 48.847888)",https://www.openstreetmap.org/node/1353062831,"257"
"POINT (2.37118 48.847029)",https://www.openstreetmap.org/node/1353062834,"26"
"POINT (2.372979 48.847274)",https://www.openstreetmap.org/node/1353062837,"26"
"POINT (2.373089 48.847351)",https://www.openstreetmap.org/node/1353062839,26b
"POINT (2.373213 48.847438)",https://www.openstreetmap.org/node/1353062847,26t
"POINT (2.371178 48.84712)",https://www.openstreetmap.org/node/1353062849,"27"
"POINT (2.372365 48.847)",https://www.openstreetmap.org/node/1353062850,"27"
"POINT (2.371252 48.847074)",https://www.openstreetmap.org/node/1353062851,"28"
"POINT (2.373343 48.84753)",https://www.openstreetmap.org/node/1353062860,"28"
"POINT (2.373479 48.847624)",https://www.openstreetmap.org/node/1353062861,28b
"POINT (2.373578 48.847695)",https://www.openstreetmap.org/node/1353062862,28t
"POINT (2.371253 48.847167)",https://www.openstreetmap.org/node/1353062870,"29"
"POINT (2.372455 48.847063)",https://www.openstreetmap.org/node/1353062871,"29"
"POINT (2.369512 48.845713)",https://www.openstreetmap.org/node/1353062872,"3"
"POINT (2.370284 48.846571)",https://www.openstreetmap.org/node/1353062873,"3"
"POINT (2.369309 48.844859)",https://www.openstreetmap.org/node/1353062883,"3"
"POINT (2.370213 48.846798)",https://www.openstreetmap.org/node/1353062884,"3"
"POINT (2.375875 48.848764)",https://www.openstreetmap.org/node/1353062885,"3"
"POINT (2.371326 48.847119)",https://www.openstreetmap.org/node/1353062887,"30"
"POINT (2.374135 48.848295)",https://www.openstreetmap.org/node/1353062895,"30"
"POINT (2.374173 48.848342)",https://www.openstreetmap.org/node/1353062896,30b
"POINT (2.371328 48.847214)",https://www.openstreetmap.org/node/1353062898,"31"
"POINT (2.372609 48.847171)",https://www.openstreetmap.org/node/1353062901,"31"
"POINT (2.371405 48.847169)",https://www.openstreetmap.org/node/1353062907,"32"
"POINT (2.374246 48.848434)",https://www.openstreetmap.org/node/1353062910,"32"
"POINT (2.371392 48.847252)",https://www.openstreetmap.org/node/1353062913,"33"
"POINT (2.372755 48.847274)",https://www.openstreetmap.org/node/1353062916,"33"
"POINT (2.371498 48.847226)",https://www.openstreetmap.org/node/1353062920,"34"
"POINT (2.374346 48.848571)",https://www.openstreetmap.org/node/1353062923,"34"
"POINT (2.37151 48.847325)",https://www.openstreetmap.org/node/1353062926,"35"
"POINT (2.372924 48.847393)",https://www.openstreetmap.org/node/1353062932,"35"
"POINT (2.374525 48.848785)",https://www.openstreetmap.org/node/1353062938,"38"
"POINT (2.374587 48.848863)",https://www.openstreetmap.org/node/1353062940,38b
"POINT (2.373063 48.847546)",https://www.openstreetmap.org/node/1353062946,37-39
"POINT (2.369728 48.845735)",https://www.openstreetmap.org/node/1353062949,"4"
"POINT (2.370334 48.846507)",https://www.openstreetmap.org/node/1353062950,"4"
"POINT (2.369711 48.844864)",https://www.openstreetmap.org/node/1353062951,"4"
"POINT (2.370155 48.84668)",https://www.openstreetmap.org/node/1353062960,"4"
"POINT (2.374705 48.849013)",https://www.openstreetmap.org/node/1353062961,"40"
"POINT (2.373252 48.847623)",https://www.openstreetmap.org/node/1353062962,"41"
"POINT (2.374912 48.849279)",https://www.openstreetmap.org/node/1353062963,"42"
"POINT (2.373451 48.847764)",https://www.openstreetmap.org/node/1353062972,"43"
"POINT (2.373592 48.847862)",https://www.openstreetmap.org/node/1353062975,"45"
"POINT (2.375004 48.849412)",https://www.openstreetmap.org/node/1353062982,"46"
"POINT (2.375061 48.849494)",https://www.openstreetmap.org/node/1353062983,"48"
"POINT (2.369487 48.845808)",https://www.openstreetmap.org/node/1353062986,"5"
"POINT (2.370339 48.846605)",https://www.openstreetmap.org/node/1353062989,"5"
"POINT (2.369454 48.84496)",https://www.openstreetmap.org/node/1353062994,"5"
"POINT (2.370333 48.846872)",https://www.openstreetmap.org/node/1353062997,"5"
"POINT (2.375859 48.848876)",https://www.openstreetmap.org/node/1353063000,"5"
"POINT (2.375122 48.849583)",https://www.openstreetmap.org/node/1353063003,"50"
"POINT (2.373933 48.84826)",https://www.openstreetmap.org/node/1353063007,"51"
"POINT (2.375209 48.849708)",https://www.openstreetmap.org/node/1353063010,"52"
"POINT (2.373996 48.848337)",https://www.openstreetmap.org/node/1353063013,"53"
"POINT (2.374089 48.848453)",https://www.openstreetmap.org/node/1353063016,"55"
"POINT (2.375268 48.849793)",https://www.openstreetmap.org/node/1353063022,"56"
"POINT (2.374227 48.848623)",https://www.openstreetmap.org/node/1353063025,"57"
"POINT (2.375314 48.849859)",https://www.openstreetmap.org/node/1353063027,"58"
"POINT (2.374364 48.848794)",https://www.openstreetmap.org/node/1353063028,"59"
"POINT (2.375846 48.84897)",https://www.openstreetmap.org/node/1353063036,5b
"POINT (2.369695 48.845865)",https://www.openstreetmap.org/node/1353063038,"6"
"POINT (2.370419 48.846559)",https://www.openstreetmap.org/node/1353063039,"6"
"POINT (2.369858 48.84498)",https://www.openstreetmap.org/node/1353063047,"6"
"POINT (2.37026 48.846744)",https://www.openstreetmap.org/node/1353063048,"6"
"POINT (2.376141 48.848827)",https://www.openstreetmap.org/node/1353063049,"6"
"POINT (2.375379 48.849953)",https://www.openstreetmap.org/node/1353063051,"60"
"POINT (2.374464 48.848918)",https://www.openstreetmap.org/node/1353063059,"61"
"POINT (2.375439 48.85004)",https://www.openstreetmap.org/node/1353063061,"62"
"POINT (2.374589 48.849074)",https://www.openstreetmap.org/node/1353063063,"63"
"POINT (2.375531 48.85017)",https://www.openstreetmap.org/node/1353063066,"64"
"POINT (2.374865 48.849446)",https://www.openstreetmap.org/node/1353063071,"65"
"POINT (2.375005 48.849647)",https://www.openstreetmap.org/node/1353063074,"67"
"POINT (2.375174 48.849829)",https://www.openstreetmap.org/node/1353063077,"69"
"POINT (2.376127 48.848923)",https://www.openstreetmap.org/node/1353063080,6b
"POINT (2.369461 48.84591)",https://www.openstreetmap.org/node/1353063085,"7"
"POINT (2.370419 48.846654)",https://www.openstreetmap.org/node/1353063088,"7"
"POINT (2.370451 48.846945)",https://www.openstreetmap.org/node/1353063091,"7"
"POINT (2.375807 48.849232)",https://www.openstreetmap.org/node/1353063093,"7"
"POINT (2.375269 48.849968)",https://www.openstreetmap.org/node/1353063099,"71"
"POINT (2.375343 48.850075)",https://www.openstreetmap.org/node/1353063102,"73"
"POINT (2.375417 48.850181)",https://www.openstreetmap.org/node/1353063104,"75"
"POINT (2.375437 48.850271)",https://www.openstreetmap.org/node/1353063109,75b
"POINT (2.37554 48.850419)",https://www.openstreetmap.org/node/1353063113,"77"
"POINT (2.36966 48.846)",https://www.openstreetmap.org/node/1353063114,"8"
"POINT (2.37049 48.846603)",https://www.openstreetmap.org/node/1353063115,"8"
"POINT (2.369997 48.845063)",https://www.openstreetmap.org/node/1353063124,"8"
"POINT (2.37035 48.8468)",https://www.openstreetmap.org/node/1353063125,"8"
"POINT (2.376015 48.849683)",https://www.openstreetmap.org/node/1353063126,"8"
"POINT (2.369433 48.846014)",https://www.openstreetmap.org/node/1353063127,"9"
"POINT (2.370486 48.846695)",https://www.openstreetmap.org/node/1353063136,"9"
"POINT (2.36976 48.84518)",https://www.openstreetmap.org/node/1353063137,"9"
"POINT (2.370563 48.847014)",https://www.openstreetmap.org/node/1353063138,"9"
"POINT (2.375788 48.849367)",https://www.openstreetmap.org/node/1353063141,"9"
"POINT (2.366062 48.849333)",https://www.openstreetmap.org/node/1353123974,"1"
"POINT (2.363593 48.850315)",https://www.openstreetmap.org/node/1353123978,"1"
"POINT (2.365587 48.849182)",https://www.openstreetmap.org/node/1353123981,"10"
"POINT (2.365667 48.849318)",https://www.openstreetmap.org/node/1353123984,10b
"POINT (2.366008 48.848524)",https://www.openstreetmap.org/node/1353123986,"11"
"POINT (2.366076 48.84872)",https://www.openstreetmap.org/node/1353123990,"13"
"POINT (2.366123 48.848777)",https://www.openstreetmap.org/node/1353123993,"15"
"POINT (2.366312 48.849192)",https://www.openstreetmap.org/node/1353123999,"19"
"POINT (2.365815 48.849382)",https://www.openstreetmap.org/node/1353124001,1b
"POINT (2.365472 48.847741)",https://www.openstreetmap.org/node/1353124005,"2"
"POINT (2.365175 48.848286)",https://www.openstreetmap.org/node/1353124008,"2"
"POINT (2.365251 48.848493)",https://www.openstreetmap.org/node/1353124011,2 bis
"POINT (2.365758 48.847977)",https://www.openstreetmap.org/node/1353124014,"3"
"POINT (2.363162 48.850721)",https://www.openstreetmap.org/node/1353124017,"3"
"POINT (2.365186 48.84797)",https://www.openstreetmap.org/node/1353124019,"4"
"POINT (2.365332 48.848672)",https://www.openstreetmap.org/node/1353124022,"4"
"POINT (2.365137 48.8481)",https://www.openstreetmap.org/node/1353124025,4b
"POINT (2.365833 48.848142)",https://www.openstreetmap.org/node/1353124029,"5"
"POINT (2.365362 48.848738)",https://www.openstreetmap.org/node/1353124032,"6"
"POINT (2.36596 48.84842)",https://www.openstreetmap.org/node/1353124041,"9"
"POINT (2.364161 48.855422)",https://www.openstreetmap.org/node/13566776930,"9"
"POINT (2.373735 48.846184)",https://www.openstreetmap.org/node/13595513701,"3"
"POINT (2.377916 48.8473)",https://www.openstreetmap.org/node/13595513901,103b
"POINT (2.386277 48.852098)",https://www.openstreetmap.org/node/13612006435,"21"
"POINT (2.382606 48.853154)",https://www.openstreetmap.org/node/13614615101,"35"
"POINT (2.381701 48.846189)",https://www.openstreetmap.org/node/13634966593,"11"
"POINT (2.381895 48.846322)",https://www.openstreetmap.org/node/13634966599,"21"
"POINT (2.37798 48.85072)",https://www.openstreetmap.org/node/13658390101,"120"
"POINT (2.374395 48.846192)",https://www.openstreetmap.org/node/1370190233,"1"
"POINT (2.373753 48.846124)",https://www.openstreetmap.org/node/1370190237,"1"
"POINT (2.376721 48.848208)",https://www.openstreetmap.org/node/1370190239,"1"
"POINT (2.373239 48.846025)",https://www.openstreetmap.org/node/1370190242,"1"
"POINT (2.375332 48.848027)",https://www.openstreetmap.org/node/1370190247,"10"
"POINT (2.375163 48.846873)",https://www.openstreetmap.org/node/1370190248,"10"
"POINT (2.373996 48.847144)",https://www.openstreetmap.org/node/1370190252,"10"
"POINT (2.377246 48.848718)",https://www.openstreetmap.org/node/1370190258,"10"
"POINT (2.373227 48.846641)",https://www.openstreetmap.org/node/1370190265,"10"
"POINT (2.377414 48.848967)",https://www.openstreetmap.org/node/1370190268,10b
"POINT (2.375224 48.84817)",https://www.openstreetmap.org/node/1370190272,"11"
"POINT (2.37372 48.847278)",https://www.openstreetmap.org/node/1370190285,"11"
"POINT (2.377271 48.848984)",https://www.openstreetmap.org/node/1370190287,"11"
"POINT (2.373062 48.846636)",https://www.openstreetmap.org/node/1370190289,"11"
"POINT (2.375099 48.847212)",https://www.openstreetmap.org/node/1370190290,11b
"POINT (2.377314 48.849045)",https://www.openstreetmap.org/node/1370190291,11b
"POINT (2.375236 48.846979)",https://www.openstreetmap.org/node/1370190292,"12"
"POINT (2.373992 48.847306)",https://www.openstreetmap.org/node/1370190293,"12"
"POINT (2.377835 48.849575)",https://www.openstreetmap.org/node/1370190294,"12"
"POINT (2.375283 48.848224)",https://www.openstreetmap.org/node/1370190295,"13"
"POINT (2.375491 48.847782)",https://www.openstreetmap.org/node/1370190296,"13"
"POINT (2.373716 48.847435)",https://www.openstreetmap.org/node/1370190297,"13"
"POINT (2.377392 48.849155)",https://www.openstreetmap.org/node/1370190298,"13"
"POINT (2.375605 48.848258)",https://www.openstreetmap.org/node/1370190299,"14"
"POINT (2.375702 48.847655)",https://www.openstreetmap.org/node/1370190300,"14"
"POINT (2.373988 48.847452)",https://www.openstreetmap.org/node/1370190301,"14"
"POINT (2.377902 48.84967)",https://www.openstreetmap.org/node/1370190302,"14"
"POINT (2.375832 48.847844)",https://www.openstreetmap.org/node/1370190303,14b
"POINT (2.375378 48.848276)",https://www.openstreetmap.org/node/1370190304,"15"
"POINT (2.37564 48.848)",https://www.openstreetmap.org/node/1370190305,"15"
"POINT (2.373712 48.847556)",https://www.openstreetmap.org/node/1370190306,"15"
"POINT (2.377467 48.849262)",https://www.openstreetmap.org/node/1370190307,"15"
"POINT (2.375696 48.848081)",https://www.openstreetmap.org/node/1370190308,15b
"POINT (2.375654 48.848305)",https://www.openstreetmap.org/node/1370190309,"16"
"POINT (2.37589 48.847929)",https://www.openstreetmap.org/node/1370190310,"16"
"POINT (2.373984 48.847615)",https://www.openstreetmap.org/node/1370190311,"16"
"POINT (2.377981 48.849782)",https://www.openstreetmap.org/node/1370190312,"16"
"POINT (2.375403 48.848331)",https://www.openstreetmap.org/node/1370190313,"17"
"POINT (2.375778 48.848199)",https://www.openstreetmap.org/node/1370190314,"17"
"POINT (2.373709 48.847669)",https://www.openstreetmap.org/node/1370190315,"17"
"POINT (2.377529 48.849349)",https://www.openstreetmap.org/node/1370190316,"17"
"POINT (2.375644 48.848339)",https://www.openstreetmap.org/node/1370190317,"18"
"POINT (2.37597 48.848046)",https://www.openstreetmap.org/node/1370190318,"18"
"POINT (2.378082 48.849924)",https://www.openstreetmap.org/node/1370190319,"18"
"POINT (2.375473 48.848395)",https://www.openstreetmap.org/node/1370190320,"19"
"POINT (2.375846 48.848298)",https://www.openstreetmap.org/node/1370190321,"19"
"POINT (2.377661 48.849536)",https://www.openstreetmap.org/node/1370190322,"19"
"POINT (2.377715 48.849612)",https://www.openstreetmap.org/node/1370190323,19b
"POINT (2.374746 48.846266)",https://www.openstreetmap.org/node/1370190324,"2"
"POINT (2.374024 48.84618)",https://www.openstreetmap.org/node/1370190325,"2"
"POINT (2.376755 48.848052)",https://www.openstreetmap.org/node/1370190326,"2"
"POINT (2.373389 48.846079)",https://www.openstreetmap.org/node/1370190328,"2"
"POINT (2.375662 48.848412)",https://www.openstreetmap.org/node/1370190330,"20"
"POINT (2.376049 48.848161)",https://www.openstreetmap.org/node/1370190331,"20"
"POINT (2.378171 48.85005)",https://www.openstreetmap.org/node/1370190333,"20"
"POINT (2.377788 48.849715)",https://www.openstreetmap.org/node/1370190334,"21"
"POINT (2.378246 48.850156)",https://www.openstreetmap.org/node/1370190336,"22"
"POINT (2.377865 48.849823)",https://www.openstreetmap.org/node/1370190339,"23"
"POINT (2.377925 48.849909)",https://www.openstreetmap.org/node/1370190341,"25"
"POINT (2.378022 48.850045)",https://www.openstreetmap.org/node/1370190346,"27"
"POINT (2.378455 48.850451)",https://www.openstreetmap.org/node/1370190347,"28"
"POINT (2.378162 48.850243)",https://www.openstreetmap.org/node/1370190349,"29"
"POINT (2.376824 48.848149)",https://www.openstreetmap.org/node/1370190352,2b
"POINT (2.375093 48.847886)",https://www.openstreetmap.org/node/1370190353,"3"
"POINT (2.374433 48.846247)",https://www.openstreetmap.org/node/1370190354,"3"
"POINT (2.373749 48.846263)",https://www.openstreetmap.org/node/1370190356,"3"
"POINT (2.376836 48.848408)",https://www.openstreetmap.org/node/1370190359,"3"
"POINT (2.373205 48.846145)",https://www.openstreetmap.org/node/1370190360,"3"
"POINT (2.378236 48.850348)",https://www.openstreetmap.org/node/1370190361,"31"
"POINT (2.378283 48.850414)",https://www.openstreetmap.org/node/1370190362,"33"
"POINT (2.378328 48.850477)",https://www.openstreetmap.org/node/1370190367,"35"
"POINT (2.378385 48.850558)",https://www.openstreetmap.org/node/1370190368,"37"
"POINT (2.374544 48.846408)",https://www.openstreetmap.org/node/1370190369,3 bis
"POINT (2.375103 48.847819)",https://www.openstreetmap.org/node/1370190370,"4"
"POINT (2.374852 48.846419)",https://www.openstreetmap.org/node/1370190374,"4"
"POINT (2.37402 48.846339)",https://www.openstreetmap.org/node/1370190375,"4"
"POINT (2.376906 48.848265)",https://www.openstreetmap.org/node/1370190376,"4"
"POINT (2.373342 48.846243)",https://www.openstreetmap.org/node/1370190380,"4"
"POINT (2.374017 48.846442)",https://www.openstreetmap.org/node/1370190381,4b
"POINT (2.375059 48.84802)",https://www.openstreetmap.org/node/1370190382,"5"
"POINT (2.374609 48.846503)",https://www.openstreetmap.org/node/1370190383,"5"
"POINT (2.37699 48.848587)",https://www.openstreetmap.org/node/1370190387,"5"
"POINT (2.373169 48.846267)",https://www.openstreetmap.org/node/1370190388,"5"
"POINT (2.375178 48.847888)",https://www.openstreetmap.org/node/1370190390,"6"
"POINT (2.374956 48.84657)",https://www.openstreetmap.org/node/1370190392,"6"
"POINT (2.374013 48.846585)",https://www.openstreetmap.org/node/1370190394,"6"
"POINT (2.377003 48.848403)",https://www.openstreetmap.org/node/1370190395,"6"
"POINT (2.373306 48.846369)",https://www.openstreetmap.org/node/1370190396,"6"
"POINT (2.375124 48.84808)",https://www.openstreetmap.org/node/1370190398,"7"
"POINT (2.374719 48.846663)",https://www.openstreetmap.org/node/1370190402,"7"
"POINT (2.373742 48.846531)",https://www.openstreetmap.org/node/1370190403,"7"
"POINT (2.377048 48.848668)",https://www.openstreetmap.org/node/1370190404,"7"
"POINT (2.373134 48.846389)",https://www.openstreetmap.org/node/1370190408,"7"
"POINT (2.373737 48.846694)",https://www.openstreetmap.org/node/1370190409,7b
"POINT (2.375256 48.847958)",https://www.openstreetmap.org/node/1370190410,"8"
"POINT (2.375035 48.846685)",https://www.openstreetmap.org/node/1370190411,"8"
"POINT (2.374008 48.846762)",https://www.openstreetmap.org/node/1370190415,"8"
"POINT (2.377166 48.848606)",https://www.openstreetmap.org/node/1370190416,"8"
"POINT (2.373265 48.84651)",https://www.openstreetmap.org/node/1370190417,"8"
"POINT (2.375084 48.846756)",https://www.openstreetmap.org/node/1370190419,8b
"POINT (2.375171 48.848122)",https://www.openstreetmap.org/node/1370190422,"9"
"POINT (2.37479 48.846766)",https://www.openstreetmap.org/node/1370190423,"9"
"POINT (2.373725 48.847124)",https://www.openstreetmap.org/node/1370190424,"9"
"POINT (2.377104 48.848747)",https://www.openstreetmap.org/node/1370190426,"9"
"POINT (2.373098 48.846513)",https://www.openstreetmap.org/node/1370190431,"9"
"POINT (2.373723 48.847174)",https://www.openstreetmap.org/node/1370190432,9b
"POINT (2.377774 48.849393)",https://www.openstreetmap.org/node/1370204906,"1"
"POINT (2.374974 48.849226)",https://www.openstreetmap.org/node/1370204909,"1"
"POINT (2.377126 48.847866)",https://www.openstreetmap.org/node/1370204912,"1"
"POINT (2.375642 48.849037)",https://www.openstreetmap.org/node/1370204918,"10"
"POINT (2.376379 48.851135)",https://www.openstreetmap.org/node/1370204933,"100"
"POINT (2.376626 48.851075)",https://www.openstreetmap.org/node/1370204940,"102"
"POINT (2.376777 48.851042)",https://www.openstreetmap.org/node/1370204943,"104"
"POINT (2.376965 48.850993)",https://www.openstreetmap.org/node/1370204946,"106"
"POINT (2.375758 48.849023)",https://www.openstreetmap.org/node/1370204948,10 bis
"POINT (2.378548 48.849123)",https://www.openstreetmap.org/node/1370204952,"11"
"POINT (2.376667 48.849024)",https://www.openstreetmap.org/node/1370204955,"11"
"POINT (2.378266 48.849285)",https://www.openstreetmap.org/node/1370204958,"11"
"POINT (2.377834 48.850785)",https://www.openstreetmap.org/node/1370204969,"118"
"POINT (2.376236 48.848966)",https://www.openstreetmap.org/node/1370204975,"12"
"POINT (2.377648 48.84826)",https://www.openstreetmap.org/node/1370204976,"12"
"POINT (2.37799 48.850747)",https://www.openstreetmap.org/node/1370204987,"120"
"POINT (2.378148 48.850709)",https://www.openstreetmap.org/node/1370204990,"122"
"POINT (2.378339 48.850663)",https://www.openstreetmap.org/node/1370204992,"124"
"POINT (2.378389 48.850651)",https://www.openstreetmap.org/node/1370205002,"126"
"POINT (2.379085 48.85051)",https://www.openstreetmap.org/node/1370205006,"128"
"POINT (2.376848 48.849003)",https://www.openstreetmap.org/node/1370205009,"13"
"POINT (2.378364 48.849407)",https://www.openstreetmap.org/node/1370205011,"13"
"POINT (2.376577 48.848925)",https://www.openstreetmap.org/node/1370205025,"14"
"POINT (2.377781 48.848421)",https://www.openstreetmap.org/node/1370205028,"14"
"POINT (2.3771 48.848973)",https://www.openstreetmap.org/node/1370205034,"15"
"POINT (2.376796 48.848899)",https://www.openstreetmap.org/node/1370205053,"16"
"POINT (2.3779 48.848568)",https://www.openstreetmap.org/node/1370205057,"16"
"POINT (2.371028 48.852729)",https://www.openstreetmap.org/node/1370205060,"16"
"POINT (2.378564 48.849653)",https://www.openstreetmap.org/node/1370205075,"17"
"POINT (2.377098 48.848863)",https://www.openstreetmap.org/node/1370205080,"18"
"POINT (2.378431 48.849232)",https://www.openstreetmap.org/node/1370205083,"18"
"POINT (2.371074 48.852705)",https://www.openstreetmap.org/node/1370205085,"18"
"POINT (2.378643 48.849751)",https://www.openstreetmap.org/node/1370205101,"19"
"POINT (2.37509 48.849212)",https://www.openstreetmap.org/node/1370205105,1 bis
"POINT (2.377458 48.848777)",https://www.openstreetmap.org/node/1370205109,"2"
"POINT (2.375081 48.849103)",https://www.openstreetmap.org/node/1370205120,"2"
"POINT (2.377239 48.847749)",https://www.openstreetmap.org/node/1370205126,"2"
"POINT (2.378527 48.84935)",https://www.openstreetmap.org/node/1370205134,"20"
"POINT (2.371158 48.852659)",https://www.openstreetmap.org/node/1370205148,"20"
"POINT (2.378739 48.849869)",https://www.openstreetmap.org/node/1370205154,"21"
"POINT (2.378654 48.849506)",https://www.openstreetmap.org/node/1370205158,"22"
"POINT (2.371219 48.852626)",https://www.openstreetmap.org/node/1370205159,"22"
"POINT (2.378813 48.849961)",https://www.openstreetmap.org/node/1370205177,"23"
"POINT (2.378743 48.849617)",https://www.openstreetmap.org/node/1370205179,"24"
"POINT (2.371278 48.852593)",https://www.openstreetmap.org/node/1370205181,"24"
"POINT (2.371495 48.851438)",https://www.openstreetmap.org/node/1370205184,24A
"POINT (2.371571 48.851275)",https://www.openstreetmap.org/node/1370205204,24C
"POINT (2.378881 48.850043)",https://www.openstreetmap.org/node/1370205205,"25"
"POINT (2.378798 48.849684)",https://www.openstreetmap.org/node/1370205207,"26"
"POINT (2.37133 48.852565)",https://www.openstreetmap.org/node/1370205209,"26"
"POINT (2.379161 48.850392)",https://www.openstreetmap.org/node/1370205228,"27"
"POINT (2.378852 48.849751)",https://www.openstreetmap.org/node/1370205229,"28"
"POINT (2.371776 48.851387)",https://www.openstreetmap.org/node/1370205231,28A
"POINT (2.377867 48.84936)",https://www.openstreetmap.org/node/1370205255,"3"
"POINT (2.375229 48.849196)",https://www.openstreetmap.org/node/1370205256,"3"
"POINT (2.378943 48.849863)",https://www.openstreetmap.org/node/1370205279,"30"
"POINT (2.371622 48.852425)",https://www.openstreetmap.org/node/1370205281,"30"
"POINT (2.379207 48.850191)",https://www.openstreetmap.org/node/1370205283,"32"
"POINT (2.371717 48.852391)",https://www.openstreetmap.org/node/1370205302,"32"
"POINT (2.379277 48.850278)",https://www.openstreetmap.org/node/1370205307,"34"
"POINT (2.371813 48.852356)",https://www.openstreetmap.org/node/1370205310,"34"
"POINT (2.379375 48.850399)",https://www.openstreetmap.org/node/1370205312,"36"
"POINT (2.371978 48.852299)",https://www.openstreetmap.org/node/1370205328,"36"
"POINT (2.372097 48.852263)",https://www.openstreetmap.org/node/1370205331,"38"
"POINT (2.377645 48.848722)",https://www.openstreetmap.org/node/1370205338,"4"
"POINT (2.375249 48.849084)",https://www.openstreetmap.org/node/1370205351,"4"
"POINT (2.377365 48.847904)",https://www.openstreetmap.org/node/1370205355,"4"
"POINT (2.372208 48.852229)",https://www.openstreetmap.org/node/1370205364,"40"
"POINT (2.372313 48.852198)",https://www.openstreetmap.org/node/1370205377,"42"
"POINT (2.37254 48.85213)",https://www.openstreetmap.org/node/1370205382,"46"
"POINT (2.378018 48.849307)",https://www.openstreetmap.org/node/1370205396,"5"
"POINT (2.375477 48.849166)",https://www.openstreetmap.org/node/1370205399,"5"
"POINT (2.372989 48.851995)",https://www.openstreetmap.org/node/1370205415,"52"
"POINT (2.373115 48.851961)",https://www.openstreetmap.org/node/1370205419,"54"
"POINT (2.373147 48.851952)",https://www.openstreetmap.org/node/1370205424,"56"
"POINT (2.377994 48.848603)",https://www.openstreetmap.org/node/1370205431,"6"
"POINT (2.375392 48.849067)",https://www.openstreetmap.org/node/1370205433,"6"
"POINT (2.373365 48.851893)",https://www.openstreetmap.org/node/1370205451,"60"
"POINT (2.373466 48.851866)",https://www.openstreetmap.org/node/1370205456,"62"
"POINT (2.375681 48.849142)",https://www.openstreetmap.org/node/1370205459,"7"
"POINT (2.377524 48.84839)",https://www.openstreetmap.org/node/1370205461,"7"
"POINT (2.373903 48.851748)",https://www.openstreetmap.org/node/1370205468,"70;72"
"POINT (2.374126 48.851688)",https://www.openstreetmap.org/node/1370205477,"74"
"POINT (2.374393 48.851618)",https://www.openstreetmap.org/node/1370205491,"76;78"
"POINT (2.377609 48.84849)",https://www.openstreetmap.org/node/1370205493,7a
"POINT (2.378096 48.848568)",https://www.openstreetmap.org/node/1370205494,"8"
"POINT (2.375514 48.849052)",https://www.openstreetmap.org/node/1370205496,"8"
"POINT (2.374533 48.851582)",https://www.openstreetmap.org/node/1370205516,"80"
"POINT (2.374922 48.851486)",https://www.openstreetmap.org/node/1370205525,"82"
"POINT (2.375169 48.851427)",https://www.openstreetmap.org/node/1370205527,"84"
"POINT (2.375215 48.851416)",https://www.openstreetmap.org/node/1370205528,"86"
"POINT (2.375355 48.851382)",https://www.openstreetmap.org/node/1370205532,"88"
"POINT (2.378441 48.84916)",https://www.openstreetmap.org/node/1370205541,"9"
"POINT (2.376265 48.849072)",https://www.openstreetmap.org/node/1370205544,"9"
"POINT (2.377705 48.848598)",https://www.openstreetmap.org/node/1370205548,"9"
"POINT (2.375472 48.851354)",https://www.openstreetmap.org/node/1370205551,"90"
"POINT (2.375545 48.851336)",https://www.openstreetmap.org/node/1370205558,"92"
"POINT (2.375684 48.851302)",https://www.openstreetmap.org/node/1370205561,"94"
"POINT (2.368603 48.84542)",https://www.openstreetmap.org/node/1372868291,"1"
"POINT (2.372484 48.846816)",https://www.openstreetmap.org/node/1372868293,"1"
"POINT (2.37416 48.846874)",https://www.openstreetmap.org/node/1372868335,"10"
"POINT (2.370246 48.845607)",https://www.openstreetmap.org/node/1372868344,"11"
"POINT (2.374157 48.847058)",https://www.openstreetmap.org/node/1372868349,"11"
"POINT (2.374343 48.846901)",https://www.openstreetmap.org/node/1372868359,"12"
"POINT (2.374464 48.846918)",https://www.openstreetmap.org/node/1372868378,12b
"POINT (2.3744 48.847093)",https://www.openstreetmap.org/node/1372868382,"13"
"POINT (2.374605 48.846938)",https://www.openstreetmap.org/node/1372868390,"14"
"POINT (2.371274 48.845724)",https://www.openstreetmap.org/node/1372868393,"15"
"POINT (2.374604 48.847123)",https://www.openstreetmap.org/node/1372868409,"15"
"POINT (2.374782 48.846964)",https://www.openstreetmap.org/node/1372868413,"16"
"POINT (2.371535 48.845753)",https://www.openstreetmap.org/node/1372868420,"17"
"POINT (2.374786 48.847149)",https://www.openstreetmap.org/node/1372868426,"17"
"POINT (2.371779 48.84578)",https://www.openstreetmap.org/node/1372868448,"19"
"POINT (2.374952 48.847173)",https://www.openstreetmap.org/node/1372868455,"19"
"POINT (2.372661 48.846842)",https://www.openstreetmap.org/node/1372868466,1b
"POINT (2.372598 48.846649)",https://www.openstreetmap.org/node/1372868486,"2"
"POINT (2.372014 48.845806)",https://www.openstreetmap.org/node/1372868489,"21"
"POINT (2.372787 48.845898)",https://www.openstreetmap.org/node/1372868497,21bis
"POINT (2.37423 48.846061)",https://www.openstreetmap.org/node/1372868523,"25"
"POINT (2.374877 48.846135)",https://www.openstreetmap.org/node/1372868528,25bis
"POINT (2.37513 48.846164)",https://www.openstreetmap.org/node/1372868535,"27"
"POINT (2.375302 48.846183)",https://www.openstreetmap.org/node/1372868554,27bis
"POINT (2.375452 48.8462)",https://www.openstreetmap.org/node/1372868558,27ter
"POINT (2.37586 48.846247)",https://www.openstreetmap.org/node/1372868563,"29"
"POINT (2.368919 48.845456)",https://www.openstreetmap.org/node/1372868566,"3"
"POINT (2.372839 48.846868)",https://www.openstreetmap.org/node/1372868586,"3"
"POINT (2.376022 48.846265)",https://www.openstreetmap.org/node/1372868591,"31"
"POINT (2.376544 48.846324)",https://www.openstreetmap.org/node/1372868597,31b
"POINT (2.37673 48.846345)",https://www.openstreetmap.org/node/1372868602,31t
"POINT (2.377539 48.846436)",https://www.openstreetmap.org/node/1372868609,"33"
"POINT (2.377747 48.846461)",https://www.openstreetmap.org/node/1372868616,33b
"POINT (2.378004 48.84649)",https://www.openstreetmap.org/node/1372868622,"35"
"POINT (2.37835 48.846529)",https://www.openstreetmap.org/node/1372868641,"37"
"POINT (2.378577 48.846555)",https://www.openstreetmap.org/node/1372868644,"39"
"POINT (2.372783 48.846675)",https://www.openstreetmap.org/node/1372868647,"4"
"POINT (2.378955 48.846598)",https://www.openstreetmap.org/node/1372868658,"41"
"POINT (2.379129 48.846618)",https://www.openstreetmap.org/node/1372868671,41b
"POINT (2.379534 48.846674)",https://www.openstreetmap.org/node/1372868677,"43"
"POINT (2.379962 48.846712)",https://www.openstreetmap.org/node/1372868681,"45"
"POINT (2.380204 48.84674)",https://www.openstreetmap.org/node/1372868690,45b
"POINT (2.380498 48.846773)",https://www.openstreetmap.org/node/1372868698,45t
"POINT (2.38075 48.846802)",https://www.openstreetmap.org/node/1372868703,"47"
"POINT (2.380999 48.846831)",https://www.openstreetmap.org/node/1372868709,"49"
"POINT (2.372931 48.846697)",https://www.openstreetmap.org/node/1372868714,4b
"POINT (2.369163 48.845484)",https://www.openstreetmap.org/node/1372868730,"5"
"POINT (2.373077 48.846902)",https://www.openstreetmap.org/node/1372868734,"5"
"POINT (2.381296 48.846864)",https://www.openstreetmap.org/node/1372868739,"51"
"POINT (2.369383 48.845508)",https://www.openstreetmap.org/node/1372868754,5b
"POINT (2.373313 48.846752)",https://www.openstreetmap.org/node/1372868762,"6"
"POINT (2.369918 48.845571)",https://www.openstreetmap.org/node/1372868767,"7"
"POINT (2.373304 48.846935)",https://www.openstreetmap.org/node/1372868769,"7"
"POINT (2.373502 48.846779)",https://www.openstreetmap.org/node/1372868784,"8"
"POINT (2.370203 48.845602)",https://www.openstreetmap.org/node/1372868785,"9"
"POINT (2.373549 48.84697)",https://www.openstreetmap.org/node/1372868790,"9"
"POINT (2.382828 48.849998)",https://www.openstreetmap.org/node/1372913364,"3"
"POINT (2.383017 48.850001)",https://www.openstreetmap.org/node/1372913370,"4"
"POINT (2.382942 48.849986)",https://www.openstreetmap.org/node/1372913376,"5"
"POINT (2.381765 48.846938)",https://www.openstreetmap.org/node/1372913394,"24"
"POINT (2.37972 48.847883)",https://www.openstreetmap.org/node/1372982093,"10"
"POINT (2.380356 48.84785)",https://www.openstreetmap.org/node/1372982095,"2"
"POINT (2.380227 48.847782)",https://www.openstreetmap.org/node/1372982102,"3"
"POINT (2.380095 48.847872)",https://www.openstreetmap.org/node/1372982114,"4"
"POINT (2.380094 48.847792)",https://www.openstreetmap.org/node/1372982120,"5"
"POINT (2.382098 48.846956)",https://www.openstreetmap.org/node/1372982125,"53"
"POINT (2.383299 48.847093)",https://www.openstreetmap.org/node/1372982128,"55"
"POINT (2.384268 48.847204)",https://www.openstreetmap.org/node/1372982143,"57"
"POINT (2.384555 48.847235)",https://www.openstreetmap.org/node/1372982147,"59"
"POINT (2.379832 48.847891)",https://www.openstreetmap.org/node/1372982150,"6"
"POINT (2.384799 48.847264)",https://www.openstreetmap.org/node/1372982152,"61"
"POINT (2.385077 48.847296)",https://www.openstreetmap.org/node/1372982154,"63"
"POINT (2.38527 48.847318)",https://www.openstreetmap.org/node/1372982158,"65"
"POINT (2.385658 48.847362)",https://www.openstreetmap.org/node/1372982166,"69"
"POINT (2.379939 48.847804)",https://www.openstreetmap.org/node/1372982169,"7"
"POINT (2.385881 48.847388)",https://www.openstreetmap.org/node/1372982178,"71"
"POINT (2.386106 48.847414)",https://www.openstreetmap.org/node/1372982182,"73"
"POINT (2.379726 48.847899)",https://www.openstreetmap.org/node/1372982185,"8"
"POINT (2.379786 48.847815)",https://www.openstreetmap.org/node/1372982187,"9"
"POINT (2.386329 48.847439)",https://www.openstreetmap.org/node/1373045413,"75"
"POINT (2.386869 48.8475)",https://www.openstreetmap.org/node/1373045418,"77"
"POINT (2.387029 48.847518)",https://www.openstreetmap.org/node/1373045420,"79"
"POINT (2.387389 48.847558)",https://www.openstreetmap.org/node/1373045422,"81"
"POINT (2.38752 48.847573)",https://www.openstreetmap.org/node/1373045425,"83"
"POINT (2.387778 48.847602)",https://www.openstreetmap.org/node/1373045436,"85"
"POINT (2.388033 48.847632)",https://www.openstreetmap.org/node/1373045438,"87"
"POINT (2.38825 48.847656)",https://www.openstreetmap.org/node/1373045441,"89"
"POINT (2.388476 48.847682)",https://www.openstreetmap.org/node/1373045444,"91"
"POINT (2.388721 48.847712)",https://www.openstreetmap.org/node/1373045456,"93"
"POINT (2.388849 48.847725)",https://www.openstreetmap.org/node/1373045459,"95"
"POINT (2.389079 48.847751)",https://www.openstreetmap.org/node/1373045462,"97"
"POINT (2.389192 48.847764)",https://www.openstreetmap.org/node/1373045464,"99"
"POINT (2.389354 48.847782)",https://www.openstreetmap.org/node/1376013593,"101"
"POINT (2.389523 48.847801)",https://www.openstreetmap.org/node/1376013597,"103"
"POINT (2.389709 48.847821)",https://www.openstreetmap.org/node/1376013600,"105"
"POINT (2.389828 48.847835)",https://www.openstreetmap.org/node/1376013603,"107"
"POINT (2.391351 48.848011)",https://www.openstreetmap.org/node/1376013619,"119"
"POINT (2.391402 48.848017)",https://www.openstreetmap.org/node/1376013620,"121"
"POINT (2.391692 48.84805)",https://www.openstreetmap.org/node/1376013623,"123"
"POINT (2.39191 48.848075)",https://www.openstreetmap.org/node/1376013625,"125"
"POINT (2.392171 48.848104)",https://www.openstreetmap.org/node/1376013634,"127"
"POINT (2.392442 48.848136)",https://www.openstreetmap.org/node/1376013635,"129"
"POINT (2.370506 48.845347)",https://www.openstreetmap.org/node/1376039222,"10"
"POINT (2.385342 48.847036)",https://www.openstreetmap.org/node/1376039226,"100"
"POINT (2.385471 48.847051)",https://www.openstreetmap.org/node/1376039228,"102"
"POINT (2.385662 48.847073)",https://www.openstreetmap.org/node/1376039230,"104"
"POINT (2.385855 48.847095)",https://www.openstreetmap.org/node/1376039243,"106"
"POINT (2.386005 48.847112)",https://www.openstreetmap.org/node/1376039245,"108"
"POINT (2.386131 48.847126)",https://www.openstreetmap.org/node/1376039246,"110"
"POINT (2.386272 48.847142)",https://www.openstreetmap.org/node/1376039247,"112"
"POINT (2.386432 48.847161)",https://www.openstreetmap.org/node/1376039259,"114"
"POINT (2.386629 48.847183)",https://www.openstreetmap.org/node/1376039264,"116"
"POINT (2.387197 48.847248)",https://www.openstreetmap.org/node/1376039265,"118"
"POINT (2.370782 48.845377)",https://www.openstreetmap.org/node/1376039266,"12"
"POINT (2.387429 48.847274)",https://www.openstreetmap.org/node/1376039274,"120"
"POINT (2.387653 48.8473)",https://www.openstreetmap.org/node/1376039279,"122"
"POINT (2.387923 48.84733)",https://www.openstreetmap.org/node/1376039283,"126"
"POINT (2.388052 48.847345)",https://www.openstreetmap.org/node/1376039285,"128"
"POINT (2.388212 48.847363)",https://www.openstreetmap.org/node/1376039299,"130"
"POINT (2.388528 48.8474)",https://www.openstreetmap.org/node/1376039303,130b
"POINT (2.388785 48.847429)",https://www.openstreetmap.org/node/1376039304,"132"
"POINT (2.38895 48.847447)",https://www.openstreetmap.org/node/1376039315,"134"
"POINT (2.389267 48.847484)",https://www.openstreetmap.org/node/1376039318,"136"
"POINT (2.38936 48.847494)",https://www.openstreetmap.org/node/1376039319,"138"
"POINT (2.370853 48.845385)",https://www.openstreetmap.org/node/1376039322,"14"
"POINT (2.389563 48.847518)",https://www.openstreetmap.org/node/1376039331,"140"
"POINT (2.389787 48.847542)",https://www.openstreetmap.org/node/1376039333,"142"
"POINT (2.389966 48.847563)",https://www.openstreetmap.org/node/1376039336,"144"
"POINT (2.390086 48.847576)",https://www.openstreetmap.org/node/1376039338,"146"
"POINT (2.390457 48.847619)",https://www.openstreetmap.org/node/1376039344,"148"
"POINT (2.390583 48.847633)",https://www.openstreetmap.org/node/1376039345,"150"
"POINT (2.390941 48.847674)",https://www.openstreetmap.org/node/1376039347,"152"
"POINT (2.39111 48.847693)",https://www.openstreetmap.org/node/1376039349,"154"
"POINT (2.391367 48.847723)",https://www.openstreetmap.org/node/1376039355,"156"
"POINT (2.391638 48.847753)",https://www.openstreetmap.org/node/1376039356,"158"
"POINT (2.371715 48.845484)",https://www.openstreetmap.org/node/1376039357,"16"
"POINT (2.39186 48.847779)",https://www.openstreetmap.org/node/1376039363,"160"
"POINT (2.392068 48.847802)",https://www.openstreetmap.org/node/1376039365,"162"
"POINT (2.392293 48.847828)",https://www.openstreetmap.org/node/1376039366,"164"
"POINT (2.392523 48.847852)",https://www.openstreetmap.org/node/1376039367,"166"
"POINT (2.392748 48.84788)",https://www.openstreetmap.org/node/1376039368,"168"
"POINT (2.371947 48.845511)",https://www.openstreetmap.org/node/1376039369,"18"
"POINT (2.368912 48.845166)",https://www.openstreetmap.org/node/1376039370,"2"
"POINT (2.374671 48.845821)",https://www.openstreetmap.org/node/1376039371,"22"
"POINT (2.374843 48.84584)",https://www.openstreetmap.org/node/1376039372,"24"
"POINT (2.375025 48.845861)",https://www.openstreetmap.org/node/1376039373,"26"
"POINT (2.375212 48.845882)",https://www.openstreetmap.org/node/1376039374,26b
"POINT (2.375401 48.845903)",https://www.openstreetmap.org/node/1376039375,"28"
"POINT (2.375565 48.845921)",https://www.openstreetmap.org/node/1376039376,28b
"POINT (2.376393 48.846017)",https://www.openstreetmap.org/node/1376039377,"30"
"POINT (2.376589 48.846039)",https://www.openstreetmap.org/node/1376039378,"32"
"POINT (2.376722 48.846054)",https://www.openstreetmap.org/node/1376039379,"34"
"POINT (2.376934 48.846078)",https://www.openstreetmap.org/node/1376039380,"36"
"POINT (2.377132 48.8461)",https://www.openstreetmap.org/node/1376039381,"38"
"POINT (2.369286 48.845208)",https://www.openstreetmap.org/node/1376039382,"4"
"POINT (2.37733 48.846123)",https://www.openstreetmap.org/node/1376039383,"40"
"POINT (2.378128 48.846214)",https://www.openstreetmap.org/node/1376039384,"42"
"POINT (2.378612 48.846269)",https://www.openstreetmap.org/node/1376039385,"46"
"POINT (2.378837 48.846295)",https://www.openstreetmap.org/node/1376039386,"48"
"POINT (2.369557 48.845238)",https://www.openstreetmap.org/node/1376039387,4bis
"POINT (2.378963 48.84631)",https://www.openstreetmap.org/node/1376039388,"50"
"POINT (2.379548 48.846376)",https://www.openstreetmap.org/node/1376039389,"52"
"POINT (2.379736 48.846397)",https://www.openstreetmap.org/node/1376039390,"54"
"POINT (2.379984 48.846425)",https://www.openstreetmap.org/node/1376039391,"56"
"POINT (2.380244 48.846455)",https://www.openstreetmap.org/node/1376039392,"58"
"POINT (2.369715 48.845256)",https://www.openstreetmap.org/node/1376039393,"6"
"POINT (2.380405 48.846473)",https://www.openstreetmap.org/node/1376039394,"60"
"POINT (2.380639 48.8465)",https://www.openstreetmap.org/node/1376039395,"62"
"POINT (2.38109 48.846551)",https://www.openstreetmap.org/node/1376039396,66b
"POINT (2.381175 48.846561)",https://www.openstreetmap.org/node/1376039397,"68"
"POINT (2.381282 48.846573)",https://www.openstreetmap.org/node/1376039398,68b
"POINT (2.381374 48.846583)",https://www.openstreetmap.org/node/1376039399,"70"
"POINT (2.381477 48.846595)",https://www.openstreetmap.org/node/1376039400,70b
"POINT (2.381587 48.846607)",https://www.openstreetmap.org/node/1376039401,"72"
"POINT (2.382153 48.846673)",https://www.openstreetmap.org/node/1376039402,"74"
"POINT (2.382592 48.846723)",https://www.openstreetmap.org/node/1376039403,"78"
"POINT (2.370284 48.845321)",https://www.openstreetmap.org/node/1376039404,"8"
"POINT (2.382753 48.846741)",https://www.openstreetmap.org/node/1376039405,"80"
"POINT (2.38288 48.846756)",https://www.openstreetmap.org/node/1376039406,"82"
"POINT (2.383011 48.84677)",https://www.openstreetmap.org/node/1376039407,82b
"POINT (2.383425 48.846818)",https://www.openstreetmap.org/node/1376039408,"86"
"POINT (2.384158 48.846901)",https://www.openstreetmap.org/node/1376039409,"90"
"POINT (2.384335 48.846921)",https://www.openstreetmap.org/node/1376039410,"92"
"POINT (2.384432 48.846932)",https://www.openstreetmap.org/node/1376039411,92b
"POINT (2.384782 48.846972)",https://www.openstreetmap.org/node/1376039412,"96"
"POINT (2.384957 48.846992)",https://www.openstreetmap.org/node/1376039413,"98"
"POINT (2.371376 48.845059)",https://www.openstreetmap.org/node/1376039425,"209;211"
"POINT (2.387187 48.847565)",https://www.openstreetmap.org/node/1376158760,"1"
"POINT (2.387719 48.84797)",https://www.openstreetmap.org/node/1376158762,"11"
"POINT (2.387924 48.848021)",https://www.openstreetmap.org/node/1376158767,"12"
"POINT (2.387824 48.84805)",https://www.openstreetmap.org/node/1376158772,"13"
"POINT (2.379466 48.850456)",https://www.openstreetmap.org/node/1376158775,"138"
"POINT (2.388049 48.848116)",https://www.openstreetmap.org/node/1376158777,"14"
"POINT (2.379588 48.850438)",https://www.openstreetmap.org/node/1376158783,"140"
"POINT (2.379736 48.850416)",https://www.openstreetmap.org/node/1376158786,"142"
"POINT (2.379843 48.8504)",https://www.openstreetmap.org/node/1376158788,"144"
"POINT (2.379954 48.850384)",https://www.openstreetmap.org/node/1376158789,"146"
"POINT (2.380051 48.85037)",https://www.openstreetmap.org/node/1376158790,"148"
"POINT (2.38794 48.848138)",https://www.openstreetmap.org/node/1376158791,"15"
"POINT (2.380184 48.850359)",https://www.openstreetmap.org/node/1376158792,"150"
"POINT (2.380303 48.850353)",https://www.openstreetmap.org/node/1376158793,"152"
"POINT (2.38049 48.850343)",https://www.openstreetmap.org/node/1376158794,"154"
"POINT (2.380772 48.85033)",https://www.openstreetmap.org/node/1376158795,"156"
"POINT (2.381026 48.850312)",https://www.openstreetmap.org/node/1376158796,"158"
"POINT (2.38819 48.848223)",https://www.openstreetmap.org/node/1376158797,"16"
"POINT (2.381149 48.850306)",https://www.openstreetmap.org/node/1376158799,"160"
"POINT (2.381501 48.850285)",https://www.openstreetmap.org/node/1376158800,"164"
"POINT (2.381611 48.85028)",https://www.openstreetmap.org/node/1376158801,"166"
"POINT (2.3817 48.850273)",https://www.openstreetmap.org/node/1376158802,"168"
"POINT (2.388046 48.848218)",https://www.openstreetmap.org/node/1376158803,"17"
"POINT (2.381814 48.850264)",https://www.openstreetmap.org/node/1376158804,"170"
"POINT (2.381873 48.85026)",https://www.openstreetmap.org/node/1376158805,170b
"POINT (2.381978 48.850251)",https://www.openstreetmap.org/node/1376158806,"172"
"POINT (2.382131 48.85024)",https://www.openstreetmap.org/node/1376158807,172b
"POINT (2.382282 48.850226)",https://www.openstreetmap.org/node/1376158808,"174"
"POINT (2.382404 48.850219)",https://www.openstreetmap.org/node/1376158809,"176"
"POINT (2.382523 48.85021)",https://www.openstreetmap.org/node/1376158810,"178"
"POINT (2.388315 48.848318)",https://www.openstreetmap.org/node/1376158812,"18"
"POINT (2.382657 48.850199)",https://www.openstreetmap.org/node/1376158821,"180"
"POINT (2.382762 48.850191)",https://www.openstreetmap.org/node/1376158822,"182"
"POINT (2.387446 48.847658)",https://www.openstreetmap.org/node/1376158826,"2"
"POINT (2.388401 48.848383)",https://www.openstreetmap.org/node/1376158829,"20"
"POINT (2.38537 48.849866)",https://www.openstreetmap.org/node/1376158839,"202"
"POINT (2.385518 48.849839)",https://www.openstreetmap.org/node/1376158842,"204"
"POINT (2.385695 48.849817)",https://www.openstreetmap.org/node/1376158846,"206"
"POINT (2.385896 48.849785)",https://www.openstreetmap.org/node/1376158847,"208"
"POINT (2.388244 48.848368)",https://www.openstreetmap.org/node/1376158852,"21"
"POINT (2.38621 48.849737)",https://www.openstreetmap.org/node/1376158853,"210"
"POINT (2.386573 48.849687)",https://www.openstreetmap.org/node/1376158854,"212"
"POINT (2.386756 48.84966)",https://www.openstreetmap.org/node/1376158855,"214"
"POINT (2.386899 48.849638)",https://www.openstreetmap.org/node/1376158856,"216"
"POINT (2.388539 48.84846)",https://www.openstreetmap.org/node/1376158858,"22"
"POINT (2.387385 48.849562)",https://www.openstreetmap.org/node/1376158860,"220"
"POINT (2.387662 48.849517)",https://www.openstreetmap.org/node/1376158861,"222"
"POINT (2.387815 48.849496)",https://www.openstreetmap.org/node/1376158862,"224"
"POINT (2.387941 48.849477)",https://www.openstreetmap.org/node/1376158863,"226"
"POINT (2.388127 48.849449)",https://www.openstreetmap.org/node/1376158864,"228"
"POINT (2.388326 48.849417)",https://www.openstreetmap.org/node/1376158865,228b
"POINT (2.388343 48.848444)",https://www.openstreetmap.org/node/1376158866,"23"
"POINT (2.38844 48.84937)",https://www.openstreetmap.org/node/1376158867,"230"
"POINT (2.388342 48.849268)",https://www.openstreetmap.org/node/1376158868,230a
"POINT (2.388763 48.849346)",https://www.openstreetmap.org/node/1376158870,"234"
"POINT (2.388905 48.849322)",https://www.openstreetmap.org/node/1376158871,"236"
"POINT (2.389132 48.849285)",https://www.openstreetmap.org/node/1376158872,"238"
"POINT (2.389274 48.849262)",https://www.openstreetmap.org/node/1376158873,238 bis
"POINT (2.388682 48.848568)",https://www.openstreetmap.org/node/1376158874,"24"
"POINT (2.389526 48.849222)",https://www.openstreetmap.org/node/1376158876,"240"
"POINT (2.389575 48.849213)",https://www.openstreetmap.org/node/1376158878,"242;242 bis"
"POINT (2.389708 48.849192)",https://www.openstreetmap.org/node/1376158879,242 ter
"POINT (2.389893 48.849162)",https://www.openstreetmap.org/node/1376158880,"244"
"POINT (2.390051 48.849136)",https://www.openstreetmap.org/node/1376158881,"246"
"POINT (2.390249 48.849104)",https://www.openstreetmap.org/node/1376158882,246b
"POINT (2.390352 48.849087)",https://www.openstreetmap.org/node/1376158883,246t
"POINT (2.390504 48.849062)",https://www.openstreetmap.org/node/1376158884,"248"
"POINT (2.388418 48.848501)",https://www.openstreetmap.org/node/1376158886,"25"
"POINT (2.390673 48.849034)",https://www.openstreetmap.org/node/1376158887,"250"
"POINT (2.390744 48.849023)",https://www.openstreetmap.org/node/1376158888,"252"
"POINT (2.390847 48.849006)",https://www.openstreetmap.org/node/1376158889,252 bis
"POINT (2.391635 48.848878)",https://www.openstreetmap.org/node/1376158890,"254"
"POINT (2.391257 48.84894)",https://www.openstreetmap.org/node/1376158891,"256"
"POINT (2.388785 48.848647)",https://www.openstreetmap.org/node/1376158892,"26"
"POINT (2.39185 48.848834)",https://www.openstreetmap.org/node/1376158895,"262"
"POINT (2.388493 48.848558)",https://www.openstreetmap.org/node/1376158899,"27"
"POINT (2.388912 48.848743)",https://www.openstreetmap.org/node/1376158906,"28"
"POINT (2.388573 48.848618)",https://www.openstreetmap.org/node/1376158909,"29"
"POINT (2.387288 48.847642)",https://www.openstreetmap.org/node/1376158910,"3"
"POINT (2.389082 48.848901)",https://www.openstreetmap.org/node/1376158911,"30"
"POINT (2.38866 48.848684)",https://www.openstreetmap.org/node/1376158913,"31"
"POINT (2.389278 48.84905)",https://www.openstreetmap.org/node/1376158914,"32"
"POINT (2.388741 48.848746)",https://www.openstreetmap.org/node/1376158916,"33"
"POINT (2.389427 48.849164)",https://www.openstreetmap.org/node/1376158917,"34"
"POINT (2.388835 48.848817)",https://www.openstreetmap.org/node/1376158918,"35"
"POINT (2.388924 48.848884)",https://www.openstreetmap.org/node/1376158919,35b
"POINT (2.389061 48.848988)",https://www.openstreetmap.org/node/1376158920,"37"
"POINT (2.38918 48.849078)",https://www.openstreetmap.org/node/1376158921,"39"
"POINT (2.387588 48.847765)",https://www.openstreetmap.org/node/1376158922,"4"
"POINT (2.389301 48.849169)",https://www.openstreetmap.org/node/1376158923,"41"
"POINT (2.387388 48.847718)",https://www.openstreetmap.org/node/1376158924,"5"
"POINT (2.387694 48.847846)",https://www.openstreetmap.org/node/1376158925,"6"
"POINT (2.387498 48.847801)",https://www.openstreetmap.org/node/1376158926,"7"
"POINT (2.387615 48.84789)",https://www.openstreetmap.org/node/1376158929,"9"
"POINT (2.380265 48.848249)",https://www.openstreetmap.org/node/1376197683,"1"
"POINT (2.381022 48.849796)",https://www.openstreetmap.org/node/1376197684,"1"
"POINT (2.38101 48.849537)",https://www.openstreetmap.org/node/1376197685,"1"
"POINT (2.379161 48.846741)",https://www.openstreetmap.org/node/1376197686,"1"
"POINT (2.382891 48.845103)",https://www.openstreetmap.org/node/1376197687,"1"
"POINT (2.379736 48.846797)",https://www.openstreetmap.org/node/1376197688,"1"
"POINT (2.38019 48.849945)",https://www.openstreetmap.org/node/1376197689,"10"
"POINT (2.379875 48.8497)",https://www.openstreetmap.org/node/1376197690,"8"
"POINT (2.380187 48.849404)",https://www.openstreetmap.org/node/1376197691,"10"
"POINT (2.379242 48.84697)",https://www.openstreetmap.org/node/1376197692,"10"
"POINT (2.382678 48.845794)",https://www.openstreetmap.org/node/1376197693,"10"
"POINT (2.380359 48.84744)",https://www.openstreetmap.org/node/1376197694,"10"
"POINT (2.379767 48.849629)",https://www.openstreetmap.org/node/1376197695,"11"
"POINT (2.378986 48.847231)",https://www.openstreetmap.org/node/1376197696,"11"
"POINT (2.382398 48.845721)",https://www.openstreetmap.org/node/1376197698,"11"
"POINT (2.380084 48.847303)",https://www.openstreetmap.org/node/1376197699,"11"
"POINT (2.379582 48.849729)",https://www.openstreetmap.org/node/1376197700,"10"
"POINT (2.37927 48.847136)",https://www.openstreetmap.org/node/1376197701,"12"
"POINT (2.382592 48.845901)",https://www.openstreetmap.org/node/1376197702,"12"
"POINT (2.378933 48.847379)",https://www.openstreetmap.org/node/1376197703,"13"
"POINT (2.380154 48.847403)",https://www.openstreetmap.org/node/1376197704,"13"
"POINT (2.37889 48.847498)",https://www.openstreetmap.org/node/1376197706,13b
"POINT (2.379211 48.847293)",https://www.openstreetmap.org/node/1376197708,"14"
"POINT (2.382508 48.846006)",https://www.openstreetmap.org/node/1376197709,"14"
"POINT (2.38045 48.847571)",https://www.openstreetmap.org/node/1376197710,"14"
"POINT (2.378775 48.847622)",https://www.openstreetmap.org/node/1376197711,"15"
"POINT (2.382186 48.845985)",https://www.openstreetmap.org/node/1376197712,"15"
"POINT (2.380263 48.847561)",https://www.openstreetmap.org/node/1376197713,"15"
"POINT (2.379074 48.847444)",https://www.openstreetmap.org/node/1376197714,"16"
"POINT (2.382413 48.846125)",https://www.openstreetmap.org/node/1376197715,"16"
"POINT (2.380527 48.847683)",https://www.openstreetmap.org/node/1376197716,"16"
"POINT (2.37871 48.847808)",https://www.openstreetmap.org/node/1376197717,"17"
"POINT (2.382144 48.846038)",https://www.openstreetmap.org/node/1376197718,"17"
"POINT (2.380323 48.847648)",https://www.openstreetmap.org/node/1376197719,"17"
"POINT (2.379011 48.847622)",https://www.openstreetmap.org/node/1376197720,"18"
"POINT (2.382306 48.846259)",https://www.openstreetmap.org/node/1376197721,"18"
"POINT (2.380595 48.847782)",https://www.openstreetmap.org/node/1376197722,"18"
"POINT (2.378719 48.847979)",https://www.openstreetmap.org/node/1376197723,"19"
"POINT (2.382057 48.846145)",https://www.openstreetmap.org/node/1376197724,"19"
"POINT (2.380882 48.849548)",https://www.openstreetmap.org/node/1376197725,1b
"POINT (2.380777 48.849559)",https://www.openstreetmap.org/node/1376197726,1t
"POINT (2.380134 48.848317)",https://www.openstreetmap.org/node/1376197727,"2"
"POINT (2.380858 48.84962)",https://www.openstreetmap.org/node/1376197729,"2"
"POINT (2.380839 48.849336)",https://www.openstreetmap.org/node/1376197731,"2"
"POINT (2.380228 48.849726)",https://www.openstreetmap.org/node/1376197734,"2"
"POINT (2.383142 48.845213)",https://www.openstreetmap.org/node/1376197738,"2"
"POINT (2.379951 48.84685)",https://www.openstreetmap.org/node/1376197741,"2"
"POINT (2.379038 48.847827)",https://www.openstreetmap.org/node/1376197744,"20"
"POINT (2.382185 48.846411)",https://www.openstreetmap.org/node/1376197747,"20"
"POINT (2.38088 48.848276)",https://www.openstreetmap.org/node/1376197750,"20"
"POINT (2.378678 48.848093)",https://www.openstreetmap.org/node/1376197752,"21"
"POINT (2.381895 48.846322)",https://www.openstreetmap.org/node/1376197753,"21"
"POINT (2.380509 48.847919)",https://www.openstreetmap.org/node/1376197760,"21"
"POINT (2.379031 48.848123)",https://www.openstreetmap.org/node/1376197764,"22"
"POINT (2.382055 48.846574)",https://www.openstreetmap.org/node/1376197766,"22"
"POINT (2.378617 48.848264)",https://www.openstreetmap.org/node/1376197767,"23"
"POINT (2.381806 48.846461)",https://www.openstreetmap.org/node/1376197768,"23"
"POINT (2.380739 48.848392)",https://www.openstreetmap.org/node/1376197769,"23"
"POINT (2.378778 48.848274)",https://www.openstreetmap.org/node/1376197771,"24"
"POINT (2.380977 48.848652)",https://www.openstreetmap.org/node/1376197773,"24"
"POINT (2.378558 48.848427)",https://www.openstreetmap.org/node/1376197781,"25"
"POINT (2.381717 48.846572)",https://www.openstreetmap.org/node/1376197782,"25"
"POINT (2.380771 48.848509)",https://www.openstreetmap.org/node/1376197785,"25"
"POINT (2.380807 48.848639)",https://www.openstreetmap.org/node/1376197788,25b
"POINT (2.378703 48.84848)",https://www.openstreetmap.org/node/1376197790,"26"
"POINT (2.381686 48.847037)",https://www.openstreetmap.org/node/1376197794,"26"
"POINT (2.381009 48.848767)",https://www.openstreetmap.org/node/1376197796,"26"
"POINT (2.381055 48.848937)",https://www.openstreetmap.org/node/1376197802,26b
"POINT (2.380851 48.848795)",https://www.openstreetmap.org/node/1376197805,"27"
"POINT (2.381076 48.849012)",https://www.openstreetmap.org/node/1376197808,"28"
"POINT (2.380875 48.848884)",https://www.openstreetmap.org/node/1376197809,"29"
"POINT (2.380889 48.848932)",https://www.openstreetmap.org/node/1376197810,29b
"POINT (2.380904 48.848987)",https://www.openstreetmap.org/node/1376197811,29t
"POINT (2.380062 48.848269)",https://www.openstreetmap.org/node/1376197813,"3"
"POINT (2.380866 48.849815)",https://www.openstreetmap.org/node/1376197816,"3"
"POINT (2.380567 48.849579)",https://www.openstreetmap.org/node/1376197823,"3"
"POINT (2.3806 48.849279)",https://www.openstreetmap.org/node/1376197824,"3"
"POINT (2.379108 48.84689)",https://www.openstreetmap.org/node/1376197826,"3"
"POINT (2.382787 48.845234)",https://www.openstreetmap.org/node/1376197829,"3"
"POINT (2.379849 48.846961)",https://www.openstreetmap.org/node/1376197832,"3"
"POINT (2.381476 48.847301)",https://www.openstreetmap.org/node/1376197834,"30"
"POINT (2.381126 48.849215)",https://www.openstreetmap.org/node/1376197837,"30"
"POINT (2.380931 48.849084)",https://www.openstreetmap.org/node/1376197846,"31"
"POINT (2.381377 48.847425)",https://www.openstreetmap.org/node/1376197849,"32"
"POINT (2.381167 48.849349)",https://www.openstreetmap.org/node/1376197852,"32"
"POINT (2.381225 48.847192)",https://www.openstreetmap.org/node/1376197853,"33"
"POINT (2.380966 48.84921)",https://www.openstreetmap.org/node/1376197854,"33"
"POINT (2.381293 48.847531)",https://www.openstreetmap.org/node/1376197855,"34"
"POINT (2.381263 48.849693)",https://www.openstreetmap.org/node/1376197860,"34"
"POINT (2.381136 48.847304)",https://www.openstreetmap.org/node/1376197866,"35"
"POINT (2.381011 48.849376)",https://www.openstreetmap.org/node/1376197868,"35"
"POINT (2.381187 48.847664)",https://www.openstreetmap.org/node/1376197871,"36"
"POINT (2.38131 48.84986)",https://www.openstreetmap.org/node/1376197874,"36"
"POINT (2.381063 48.847394)",https://www.openstreetmap.org/node/1376197877,"37"
"POINT (2.381041 48.849486)",https://www.openstreetmap.org/node/1376197880,"37"
"POINT (2.381021 48.847871)",https://www.openstreetmap.org/node/1376197881,"38"
"POINT (2.381357 48.850031)",https://www.openstreetmap.org/node/1376197890,"38"
"POINT (2.38103 48.847437)",https://www.openstreetmap.org/node/1376197892,"39"
"POINT (2.379952 48.848335)",https://www.openstreetmap.org/node/1376197893,"4"
"POINT (2.380765 48.849876)",https://www.openstreetmap.org/node/1376197894,"4"
"POINT (2.380646 48.849641)",https://www.openstreetmap.org/node/1376197895,"4"
"POINT (2.380648 48.84935)",https://www.openstreetmap.org/node/1376197896,"4"
"POINT (2.38026 48.849871)",https://www.openstreetmap.org/node/1376197897,"4"
"POINT (2.380032 48.846967)",https://www.openstreetmap.org/node/1376197899,"4"
"POINT (2.380896 48.848029)",https://www.openstreetmap.org/node/1376197900,"40"
"POINT (2.381378 48.850104)",https://www.openstreetmap.org/node/1376197901,"40"
"POINT (2.380933 48.847558)",https://www.openstreetmap.org/node/1376197902,"41"
"POINT (2.381088 48.849722)",https://www.openstreetmap.org/node/1376197903,"41"
"POINT (2.381069 48.849657)",https://www.openstreetmap.org/node/1376197904,41a
"POINT (2.380788 48.847739)",https://www.openstreetmap.org/node/1376197905,41b
"POINT (2.381412 48.850227)",https://www.openstreetmap.org/node/1376197906,"42"
"POINT (2.380508 48.848092)",https://www.openstreetmap.org/node/1376197907,"43"
"POINT (2.381161 48.84992)",https://www.openstreetmap.org/node/1376197908,"43"
"POINT (2.380584 48.848419)",https://www.openstreetmap.org/node/1376197909,"44"
"POINT (2.380415 48.848206)",https://www.openstreetmap.org/node/1376197910,"45"
"POINT (2.381176 48.849976)",https://www.openstreetmap.org/node/1376197911,"45"
"POINT (2.380278 48.848377)",https://www.openstreetmap.org/node/1376197912,"47"
"POINT (2.381236 48.850126)",https://www.openstreetmap.org/node/1376197913,"47"
"POINT (2.380414 48.848631)",https://www.openstreetmap.org/node/1376197914,"48"
"POINT (2.380202 48.848472)",https://www.openstreetmap.org/node/1376197915,"49"
"POINT (2.381248 48.850224)",https://www.openstreetmap.org/node/1376197916,"49"
"POINT (2.379842 48.848291)",https://www.openstreetmap.org/node/1376197917,"5"
"POINT (2.380355 48.849599)",https://www.openstreetmap.org/node/1376197918,"5"
"POINT (2.379066 48.847012)",https://www.openstreetmap.org/node/1376197919,"5"
"POINT (2.382687 48.845359)",https://www.openstreetmap.org/node/1376197920,"5"
"POINT (2.379906 48.847044)",https://www.openstreetmap.org/node/1376197921,"5"
"POINT (2.380289 48.848787)",https://www.openstreetmap.org/node/1376197922,"50"
"POINT (2.380131 48.848562)",https://www.openstreetmap.org/node/1376197923,"51"
"POINT (2.38016 48.848949)",https://www.openstreetmap.org/node/1376197924,"52"
"POINT (2.380049 48.848663)",https://www.openstreetmap.org/node/1376197925,"53"
"POINT (2.380081 48.849046)",https://www.openstreetmap.org/node/1376197926,"54"
"POINT (2.380005 48.849141)",https://www.openstreetmap.org/node/1376197927,"56"
"POINT (2.379888 48.849288)",https://www.openstreetmap.org/node/1376197928,"58"
"POINT (2.380703 48.849836)",https://www.openstreetmap.org/node/1376197929,5a
"POINT (2.380488 48.849872)",https://www.openstreetmap.org/node/1376197930,5a
"POINT (2.379764 48.848353)",https://www.openstreetmap.org/node/1376197931,"6"
"POINT (2.380588 48.849902)",https://www.openstreetmap.org/node/1376197932,"6"
"POINT (2.380477 48.849658)",https://www.openstreetmap.org/node/1376197933,"6"
"POINT (2.380509 48.849361)",https://www.openstreetmap.org/node/1376197934,"6"
"POINT (2.382896 48.84552)",https://www.openstreetmap.org/node/1376197935,"6"
"POINT (2.380129 48.847108)",https://www.openstreetmap.org/node/1376197936,"6"
"POINT (2.379768 48.849438)",https://www.openstreetmap.org/node/1376197937,"60"
"POINT (2.379787 48.848991)",https://www.openstreetmap.org/node/1376197938,"61"
"POINT (2.379715 48.849505)",https://www.openstreetmap.org/node/1376197939,"62"
"POINT (2.379738 48.849053)",https://www.openstreetmap.org/node/1376197940,"63"
"POINT (2.379671 48.84956)",https://www.openstreetmap.org/node/1376197941,"64"
"POINT (2.379617 48.849204)",https://www.openstreetmap.org/node/1376197942,"67"
"POINT (2.379478 48.849872)",https://www.openstreetmap.org/node/1376197943,"68"
"POINT (2.379519 48.849328)",https://www.openstreetmap.org/node/1376197944,"69"
"POINT (2.379606 48.848289)",https://www.openstreetmap.org/node/1376197945,"7"
"POINT (2.380361 48.849889)",https://www.openstreetmap.org/node/1376197946,"7"
"POINT (2.380189 48.849615)",https://www.openstreetmap.org/node/1376197947,"7"
"POINT (2.379038 48.847084)",https://www.openstreetmap.org/node/1376197948,"7"
"POINT (2.382584 48.845488)",https://www.openstreetmap.org/node/1376197949,"7"
"POINT (2.379971 48.847138)",https://www.openstreetmap.org/node/1376197950,"7"
"POINT (2.379375 48.849932)",https://www.openstreetmap.org/node/1376197951,"70"
"POINT (2.37944 48.849426)",https://www.openstreetmap.org/node/1376197952,"71"
"POINT (2.379308 48.850016)",https://www.openstreetmap.org/node/1376197953,"72"
"POINT (2.379369 48.849515)",https://www.openstreetmap.org/node/1376197954,"73"
"POINT (2.379083 48.850323)",https://www.openstreetmap.org/node/1376197955,"74"
"POINT (2.378968 48.85044)",https://www.openstreetmap.org/node/1376197956,74 bis
"POINT (2.379251 48.849663)",https://www.openstreetmap.org/node/1376197957,"75"
"POINT (2.379112 48.849837)",https://www.openstreetmap.org/node/1376197958,"77"
"POINT (2.378846 48.850171)",https://www.openstreetmap.org/node/1376197959,"79"
"POINT (2.380336 48.849936)",https://www.openstreetmap.org/node/1376197960,"8"
"POINT (2.380342 48.849374)",https://www.openstreetmap.org/node/1376197962,"8"
"POINT (2.382776 48.845671)",https://www.openstreetmap.org/node/1376197963,"8"
"POINT (2.380244 48.847273)",https://www.openstreetmap.org/node/1376197964,"8"
"POINT (2.378755 48.850284)",https://www.openstreetmap.org/node/1376197965,"81"
"POINT (2.378645 48.850421)",https://www.openstreetmap.org/node/1376197966,"83"
"POINT (2.379965 48.849608)",https://www.openstreetmap.org/node/1376197967,"9"
"POINT (2.379009 48.847167)",https://www.openstreetmap.org/node/1376197968,"9"
"POINT (2.382487 48.845609)",https://www.openstreetmap.org/node/1376197969,"9"
"POINT (2.380034 48.847229)",https://www.openstreetmap.org/node/1376197971,"9"
"POINT (2.377824 48.845818)",https://www.openstreetmap.org/node/1376730392,"1"
"POINT (2.375148 48.845494)",https://www.openstreetmap.org/node/1376730393,"1"
"POINT (2.37631 48.845923)",https://www.openstreetmap.org/node/1376730394,"1"
"POINT (2.377883 48.844544)",https://www.openstreetmap.org/node/1376730395,"1"
"POINT (2.379433 48.843664)",https://www.openstreetmap.org/node/1376730396,"1"
"POINT (2.378006 48.84465)",https://www.openstreetmap.org/node/1376730397,"10"
"POINT (2.375736 48.845681)",https://www.openstreetmap.org/node/1376730398,"10"
"POINT (2.375568 48.846893)",https://www.openstreetmap.org/node/1376730399,"10"
"POINT (2.377781 48.84493)",https://www.openstreetmap.org/node/1376730400,"10"
"POINT (2.378752 48.84433)",https://www.openstreetmap.org/node/1376730401,10t
"POINT (2.378753 48.844391)",https://www.openstreetmap.org/node/1376730402,"11"
"POINT (2.375389 48.84694)",https://www.openstreetmap.org/node/1376730403,"11"
"POINT (2.378879 48.843874)",https://www.openstreetmap.org/node/1376730404,"11"
"POINT (2.378888 48.844386)",https://www.openstreetmap.org/node/1376730405,"12"
"POINT (2.378205 48.844705)",https://www.openstreetmap.org/node/1376730406,"12"
"POINT (2.376644 48.845584)",https://www.openstreetmap.org/node/1376730407,"12"
"POINT (2.377876 48.845087)",https://www.openstreetmap.org/node/1376730408,"12"
"POINT (2.379059 48.844458)",https://www.openstreetmap.org/node/1376730409,12b
"POINT (2.37624 48.8464)",https://www.openstreetmap.org/node/1376730410,"13"
"POINT (2.377466 48.84503)",https://www.openstreetmap.org/node/1376730411,"13"
"POINT (2.378655 48.843959)",https://www.openstreetmap.org/node/1376730412,"13"
"POINT (2.37928 48.844551)",https://www.openstreetmap.org/node/1376730413,"14"
"POINT (2.378264 48.844756)",https://www.openstreetmap.org/node/1376730414,"14"
"POINT (2.379292 48.844288)",https://www.openstreetmap.org/node/1376730415,"14"
"POINT (2.376753 48.845523)",https://www.openstreetmap.org/node/1376730416,"14"
"POINT (2.377798 48.84514)",https://www.openstreetmap.org/node/1376730417,"14"
"POINT (2.378011 48.844752)",https://www.openstreetmap.org/node/1376730418,"15"
"POINT (2.37638 48.846496)",https://www.openstreetmap.org/node/1376730419,"15"
"POINT (2.377397 48.84511)",https://www.openstreetmap.org/node/1376730420,"15"
"POINT (2.379793 48.844723)",https://www.openstreetmap.org/node/1376730421,"16"
"POINT (2.378352 48.844793)",https://www.openstreetmap.org/node/1376730422,"16"
"POINT (2.379454 48.844356)",https://www.openstreetmap.org/node/1376730423,"16"
"POINT (2.376848 48.845471)",https://www.openstreetmap.org/node/1376730424,"16"
"POINT (2.377724 48.845191)",https://www.openstreetmap.org/node/1376730425,"16"
"POINT (2.3793 48.84462)",https://www.openstreetmap.org/node/1376730426,"17"
"POINT (2.378095 48.844785)",https://www.openstreetmap.org/node/1376730427,"17"
"POINT (2.377351 48.845163)",https://www.openstreetmap.org/node/1376730429,"17"
"POINT (2.378474 48.844811)",https://www.openstreetmap.org/node/1376730430,"18"
"POINT (2.379685 48.844452)",https://www.openstreetmap.org/node/1376730431,"18"
"POINT (2.37658 48.846452)",https://www.openstreetmap.org/node/1376730432,"18"
"POINT (2.376968 48.845404)",https://www.openstreetmap.org/node/1376730433,"18"
"POINT (2.377612 48.845267)",https://www.openstreetmap.org/node/1376730434,"18"
"POINT (2.379462 48.844688)",https://www.openstreetmap.org/node/1376730435,"19"
"POINT (2.378178 48.844819)",https://www.openstreetmap.org/node/1376730436,"19"
"POINT (2.377113 48.846962)",https://www.openstreetmap.org/node/1376730437,"19"
"POINT (2.377273 48.845236)",https://www.openstreetmap.org/node/1376730438,"19"
"POINT (2.377213 48.847031)",https://www.openstreetmap.org/node/1376730439,19b
"POINT (2.376451 48.845838)",https://www.openstreetmap.org/node/1376730440,1b
"POINT (2.375261 48.845301)",https://www.openstreetmap.org/node/1376730442,"2"
"POINT (2.376152 48.845855)",https://www.openstreetmap.org/node/1376730443,"2"
"POINT (2.375715 48.846328)",https://www.openstreetmap.org/node/1376730444,"2"
"POINT (2.378799 48.844946)",https://www.openstreetmap.org/node/1376730445,"20"
"POINT (2.379846 48.844519)",https://www.openstreetmap.org/node/1376730446,"20"
"POINT (2.37715 48.846781)",https://www.openstreetmap.org/node/1376730447,"20"
"POINT (2.377505 48.845341)",https://www.openstreetmap.org/node/1376730448,"20"
"POINT (2.379633 48.844759)",https://www.openstreetmap.org/node/1376730449,"21"
"POINT (2.378262 48.844852)",https://www.openstreetmap.org/node/1376730450,"21"
"POINT (2.377334 48.847113)",https://www.openstreetmap.org/node/1376730451,"21"
"POINT (2.379079 48.845064)",https://www.openstreetmap.org/node/1376730452,"22"
"POINT (2.379997 48.844581)",https://www.openstreetmap.org/node/1376730453,"22"
"POINT (2.377324 48.846961)",https://www.openstreetmap.org/node/1376730454,"22"
"POINT (2.379831 48.844842)",https://www.openstreetmap.org/node/1376730455,"23"
"POINT (2.378346 48.844929)",https://www.openstreetmap.org/node/1376730456,"23"
"POINT (2.377414 48.847168)",https://www.openstreetmap.org/node/1376730457,"23"
"POINT (2.379222 48.845155)",https://www.openstreetmap.org/node/1376730458,"24"
"POINT (2.380121 48.844632)",https://www.openstreetmap.org/node/1376730459,"24"
"POINT (2.377485 48.847072)",https://www.openstreetmap.org/node/1376730460,"24"
"POINT (2.377543 48.847257)",https://www.openstreetmap.org/node/1376730461,"25"
"POINT (2.380244 48.844684)",https://www.openstreetmap.org/node/1376730462,"26"
"POINT (2.377584 48.847139)",https://www.openstreetmap.org/node/1376730463,"26"
"POINT (2.377693 48.847214)",https://www.openstreetmap.org/node/1376730464,"28"
"POINT (2.377548 48.845634)",https://www.openstreetmap.org/node/1376730465,"3"
"POINT (2.375262 48.845567)",https://www.openstreetmap.org/node/1376730466,"3"
"POINT (2.376598 48.845782)",https://www.openstreetmap.org/node/1376730467,"3"
"POINT (2.375555 48.846299)",https://www.openstreetmap.org/node/1376730468,"3"
"POINT (2.377801 48.84464)",https://www.openstreetmap.org/node/1376730469,"3"
"POINT (2.379239 48.843738)",https://www.openstreetmap.org/node/1376730470,"3"
"POINT (2.37553 48.846395)",https://www.openstreetmap.org/node/1376730472,3b
"POINT (2.37539 48.845462)",https://www.openstreetmap.org/node/1376730473,"4"
"POINT (2.376246 48.845804)",https://www.openstreetmap.org/node/1376730474,"4"
"POINT (2.375685 48.846444)",https://www.openstreetmap.org/node/1376730475,"4"
"POINT (2.377332 48.845488)",https://www.openstreetmap.org/node/1376730476,"5"
"POINT (2.37539 48.845648)",https://www.openstreetmap.org/node/1376730477,"5"
"POINT (2.376721 48.845712)",https://www.openstreetmap.org/node/1376730478,"5"
"POINT (2.375497 48.846523)",https://www.openstreetmap.org/node/1376730479,"5"
"POINT (2.377734 48.844719)",https://www.openstreetmap.org/node/1376730480,"5"
"POINT (2.379068 48.843802)",https://www.openstreetmap.org/node/1376730481,"5"
"POINT (2.375503 48.845533)",https://www.openstreetmap.org/node/1376730482,"6"
"POINT (2.375646 48.846594)",https://www.openstreetmap.org/node/1376730483,"6"
"POINT (2.375521 48.845731)",https://www.openstreetmap.org/node/1376730484,"7"
"POINT (2.376792 48.84567)",https://www.openstreetmap.org/node/1376730485,"7"
"POINT (2.375455 48.846688)",https://www.openstreetmap.org/node/1376730486,"7"
"POINT (2.377652 48.844814)",https://www.openstreetmap.org/node/1376730487,"7"
"POINT (2.375687 48.84565)",https://www.openstreetmap.org/node/1376730488,"8"
"POINT (2.376435 48.845699)",https://www.openstreetmap.org/node/1376730489,"8"
"POINT (2.375631 48.845801)",https://www.openstreetmap.org/node/1376730490,"9"
"POINT (2.375418 48.846828)",https://www.openstreetmap.org/node/1376730491,"9"
"POINT (2.377607 48.844866)",https://www.openstreetmap.org/node/1376730492,"9"
"POINT (2.373915 48.840989)",https://www.openstreetmap.org/node/1390840571,"1"
"POINT (2.375307 48.839568)",https://www.openstreetmap.org/node/1390840662,"10"
"POINT (2.374883 48.841204)",https://www.openstreetmap.org/node/1390840757,"10"
"POINT (2.374659 48.841367)",https://www.openstreetmap.org/node/1390840870,11b
"POINT (2.374592 48.841333)",https://www.openstreetmap.org/node/1390840952,"11"
"POINT (2.374958 48.839828)",https://www.openstreetmap.org/node/1390841069,12b
"POINT (2.375065 48.839731)",https://www.openstreetmap.org/node/1390841115,"12"
"POINT (2.375036 48.841279)",https://www.openstreetmap.org/node/1390841254,"12"
"POINT (2.378705 48.840799)",https://www.openstreetmap.org/node/1390841286,"120"
"POINT (2.378396 48.840961)",https://www.openstreetmap.org/node/1390841303,"122"
"POINT (2.378181 48.841106)",https://www.openstreetmap.org/node/1390841312,"124"
"POINT (2.377985 48.841239)",https://www.openstreetmap.org/node/1390841325,"126"
"POINT (2.377844 48.841343)",https://www.openstreetmap.org/node/1390841328,"128"
"POINT (2.374756 48.841416)",https://www.openstreetmap.org/node/1390841404,"13"
"POINT (2.377684 48.841447)",https://www.openstreetmap.org/node/1390841441,"130"
"POINT (2.378443 48.840469)",https://www.openstreetmap.org/node/1390841459,"131"
"POINT (2.377548 48.841545)",https://www.openstreetmap.org/node/1390841462,"132"
"POINT (2.378373 48.840653)",https://www.openstreetmap.org/node/1390841467,"133"
"POINT (2.377393 48.841649)",https://www.openstreetmap.org/node/1390841470,"134"
"POINT (2.37827 48.840814)",https://www.openstreetmap.org/node/1390841482,"135"
"POINT (2.377247 48.841752)",https://www.openstreetmap.org/node/1390841488,"136"
"POINT (2.378194 48.840865)",https://www.openstreetmap.org/node/1390841494,"137"
"POINT (2.377072 48.841861)",https://www.openstreetmap.org/node/1390841501,"138"
"POINT (2.37799 48.841023)",https://www.openstreetmap.org/node/1390841514,"139"
"POINT (2.374818 48.840013)",https://www.openstreetmap.org/node/1390841554,"14"
"POINT (2.375181 48.841354)",https://www.openstreetmap.org/node/1390841613,"14"
"POINT (2.376914 48.841946)",https://www.openstreetmap.org/node/1390841652,"140"
"POINT (2.377683 48.841236)",https://www.openstreetmap.org/node/1390841656,"141"
"POINT (2.376759 48.842035)",https://www.openstreetmap.org/node/1390841662,"142"
"POINT (2.377479 48.841373)",https://www.openstreetmap.org/node/1390841665,"143"
"POINT (2.376655 48.842149)",https://www.openstreetmap.org/node/1390841676,"144"
"POINT (2.377344 48.841463)",https://www.openstreetmap.org/node/1390841681,"145"
"POINT (2.376257 48.842304)",https://www.openstreetmap.org/node/1390841684,"146"
"POINT (2.377166 48.841477)",https://www.openstreetmap.org/node/1390841694,"147"
"POINT (2.376091 48.842399)",https://www.openstreetmap.org/node/1390841696,"148"
"POINT (2.377022 48.841592)",https://www.openstreetmap.org/node/1390841697,"149"
"POINT (2.37485 48.841464)",https://www.openstreetmap.org/node/1390841749,"15"
"POINT (2.375953 48.842472)",https://www.openstreetmap.org/node/1390841793,"150"
"POINT (2.376797 48.841718)",https://www.openstreetmap.org/node/1390841798,"151"
"POINT (2.375807 48.842553)",https://www.openstreetmap.org/node/1390841801,"152"
"POINT (2.37662 48.841809)",https://www.openstreetmap.org/node/1390841803,"153"
"POINT (2.375685 48.84262)",https://www.openstreetmap.org/node/1390841816,"154"
"POINT (2.376461 48.841896)",https://www.openstreetmap.org/node/1390841819,"155"
"POINT (2.375565 48.842686)",https://www.openstreetmap.org/node/1390841823,"156"
"POINT (2.37542 48.842771)",https://www.openstreetmap.org/node/1390841904,"158"
"POINT (2.374678 48.840146)",https://www.openstreetmap.org/node/1390841942,"16"
"POINT (2.375325 48.841428)",https://www.openstreetmap.org/node/1390841978,"16"
"POINT (2.37528 48.842845)",https://www.openstreetmap.org/node/1390842003,"160"
"POINT (2.375032 48.841556)",https://www.openstreetmap.org/node/1390842031,17b
"POINT (2.374948 48.841514)",https://www.openstreetmap.org/node/1390842073,"17"
"POINT (2.374695 48.842786)",https://www.openstreetmap.org/node/1390842109,173a
"POINT (2.37458 48.840401)",https://www.openstreetmap.org/node/1390842152,18b
"POINT (2.375456 48.8415)",https://www.openstreetmap.org/node/1390842211,"18"
"POINT (2.375168 48.841625)",https://www.openstreetmap.org/node/1390842261,19b
"POINT (2.375242 48.841663)",https://www.openstreetmap.org/node/1390842271,19t
"POINT (2.375108 48.841595)",https://www.openstreetmap.org/node/1390842308,"19"
"POINT (2.372648 48.844002)",https://www.openstreetmap.org/node/1390842354,"195"
"POINT (2.372496 48.844111)",https://www.openstreetmap.org/node/1390842356,"197"
"POINT (2.375772 48.83916)",https://www.openstreetmap.org/node/1390842390,"2"
"POINT (2.374235 48.840873)",https://www.openstreetmap.org/node/1390842531,"2"
"POINT (2.374483 48.840482)",https://www.openstreetmap.org/node/1390842600,"20"
"POINT (2.375607 48.841577)",https://www.openstreetmap.org/node/1390842643,"20"
"POINT (2.375308 48.841696)",https://www.openstreetmap.org/node/1390842701,"21"
"POINT (2.374398 48.840556)",https://www.openstreetmap.org/node/1390842762,"22"
"POINT (2.375769 48.84166)",https://www.openstreetmap.org/node/1390842807,"22"
"POINT (2.375408 48.841747)",https://www.openstreetmap.org/node/1390842887,"23"
"POINT (2.374331 48.840613)",https://www.openstreetmap.org/node/1390842948,"24"
"POINT (2.375941 48.841747)",https://www.openstreetmap.org/node/1390842983,"24"
"POINT (2.37552 48.841804)",https://www.openstreetmap.org/node/1390843046,"25"
"POINT (2.374241 48.840692)",https://www.openstreetmap.org/node/1390843075,"26"
"POINT (2.376104 48.84183)",https://www.openstreetmap.org/node/1390843104,"26"
"POINT (2.375618 48.841853)",https://www.openstreetmap.org/node/1390843145,"27"
"POINT (2.374164 48.840756)",https://www.openstreetmap.org/node/1390843234,"28"
"POINT (2.376281 48.841914)",https://www.openstreetmap.org/node/1390843258,"28"
"POINT (2.375717 48.841903)",https://www.openstreetmap.org/node/1390843295,"29"
"POINT (2.373992 48.841031)",https://www.openstreetmap.org/node/1390843379,"3"
"POINT (2.373755 48.841017)",https://www.openstreetmap.org/node/1390843420,"30"
"POINT (2.375818 48.841955)",https://www.openstreetmap.org/node/1390843470,"31"
"POINT (2.373608 48.84114)",https://www.openstreetmap.org/node/1390843477,32b
"POINT (2.373681 48.841079)",https://www.openstreetmap.org/node/1390843488,"32"
"POINT (2.375909 48.842001)",https://www.openstreetmap.org/node/1390843524,"33"
"POINT (2.373389 48.84133)",https://www.openstreetmap.org/node/1390843533,34bis
"POINT (2.373477 48.841255)",https://www.openstreetmap.org/node/1390843539,"34"
"POINT (2.376007 48.842051)",https://www.openstreetmap.org/node/1390843575,"35"
"POINT (2.373199 48.841478)",https://www.openstreetmap.org/node/1390843628,"36"
"POINT (2.373138 48.84155)",https://www.openstreetmap.org/node/1390843687,"38"
"POINT (2.374358 48.840937)",https://www.openstreetmap.org/node/1390843787,"4"
"POINT (2.372974 48.841694)",https://www.openstreetmap.org/node/1390843804,40bis
"POINT (2.373052 48.841631)",https://www.openstreetmap.org/node/1390843813,"40"
"POINT (2.372952 48.841808)",https://www.openstreetmap.org/node/1390843860,"42"
"POINT (2.372332 48.842446)",https://www.openstreetmap.org/node/1390843998,46a
"POINT (2.374091 48.841079)",https://www.openstreetmap.org/node/1390844164,"5"
"POINT (2.372412 48.842272)",https://www.openstreetmap.org/node/1390844204,"50"
"POINT (2.372115 48.842525)",https://www.openstreetmap.org/node/1390844255,"52"
"POINT (2.375615 48.839308)",https://www.openstreetmap.org/node/1390844547,"6"
"POINT (2.374517 48.841019)",https://www.openstreetmap.org/node/1390844588,"6"
"POINT (2.371368 48.843216)",https://www.openstreetmap.org/node/1390844623,"60"
"POINT (2.371151 48.843371)",https://www.openstreetmap.org/node/1390844687,"62"
"POINT (2.374317 48.841193)",https://www.openstreetmap.org/node/1390844844,7b
"POINT (2.374197 48.841132)",https://www.openstreetmap.org/node/1390844879,"7"
"POINT (2.37552 48.83939)",https://www.openstreetmap.org/node/1390844941,"8"
"POINT (2.37924 48.840635)",https://www.openstreetmap.org/node/1390844960,"8"
"POINT (2.374697 48.841107)",https://www.openstreetmap.org/node/1390844970,"8"
"POINT (2.374497 48.841285)",https://www.openstreetmap.org/node/1390845043,9b
"POINT (2.374407 48.841239)",https://www.openstreetmap.org/node/1390845137,"9"
"POINT (2.371572 48.843071)",https://www.openstreetmap.org/node/1395307647,"58"
"POINT (2.374825 48.840374)",https://www.openstreetmap.org/node/1395333947,"18"
"POINT (2.372806 48.841925)",https://www.openstreetmap.org/node/1395333948,"44"
"POINT (2.372554 48.842177)",https://www.openstreetmap.org/node/1395428211,"48"
"POINT (2.371884 48.842846)",https://www.openstreetmap.org/node/1395428213,"56"
"POINT (2.371705 48.842988)",https://www.openstreetmap.org/node/1395428214,56b
"POINT (2.375924 48.842159)",https://www.openstreetmap.org/node/1395433119,"157"
"POINT (2.375863 48.84221)",https://www.openstreetmap.org/node/1395433129,"159"
"POINT (2.375773 48.842328)",https://www.openstreetmap.org/node/1395433130,"161"
"POINT (2.375601 48.842423)",https://www.openstreetmap.org/node/1395433131,"163"
"POINT (2.375433 48.842514)",https://www.openstreetmap.org/node/1395433133,"165"
"POINT (2.375269 48.842603)",https://www.openstreetmap.org/node/1395433144,"167"
"POINT (2.375054 48.842676)",https://www.openstreetmap.org/node/1395433147,"169"
"POINT (2.374673 48.842802)",https://www.openstreetmap.org/node/1395433148,"173"
"POINT (2.374521 48.842916)",https://www.openstreetmap.org/node/1395433149,175bis
"POINT (2.374476 48.84295)",https://www.openstreetmap.org/node/1395433152,175ter
"POINT (2.374316 48.842976)",https://www.openstreetmap.org/node/1395433165,"177"
"POINT (2.374189 48.843068)",https://www.openstreetmap.org/node/1395433168,"179"
"POINT (2.374047 48.843171)",https://www.openstreetmap.org/node/1395433170,"181"
"POINT (2.373912 48.84327)",https://www.openstreetmap.org/node/1395433173,"183"
"POINT (2.373775 48.843369)",https://www.openstreetmap.org/node/1395433175,"185"
"POINT (2.373444 48.843431)",https://www.openstreetmap.org/node/1395433187,"187"
"POINT (2.373319 48.843521)",https://www.openstreetmap.org/node/1395433193,"189"
"POINT (2.373077 48.843695)",https://www.openstreetmap.org/node/1395433196,"191"
"POINT (2.372712 48.842064)",https://www.openstreetmap.org/node/1395433210,"46"
"POINT (2.372858 48.842036)",https://www.openstreetmap.org/node/1395433215,46p
"POINT (2.379704 48.848994)",https://www.openstreetmap.org/node/1403610341,"61"
"POINT (2.377775 48.849422)",https://www.openstreetmap.org/node/1403610363,"1"
"POINT (2.36724 48.846273)",https://www.openstreetmap.org/node/1411657944,"100"
"POINT (2.367129 48.846358)",https://www.openstreetmap.org/node/1411657945,100b
"POINT (2.367088 48.84639)",https://www.openstreetmap.org/node/1411657946,"102"
"POINT (2.370592 48.844069)",https://www.openstreetmap.org/node/1411657949,76-68
"POINT (2.369833 48.844457)",https://www.openstreetmap.org/node/1411657951,"80"
"POINT (2.369683 48.844601)",https://www.openstreetmap.org/node/1411657952,"82"
"POINT (2.369138 48.844818)",https://www.openstreetmap.org/node/1411657953,"86"
"POINT (2.369031 48.844899)",https://www.openstreetmap.org/node/1411657954,"88"
"POINT (2.368846 48.845041)",https://www.openstreetmap.org/node/1411657955,"90"
"POINT (2.368365 48.84541)",https://www.openstreetmap.org/node/1411657956,"92"
"POINT (2.368234 48.845511)",https://www.openstreetmap.org/node/1411657957,"94"
"POINT (2.367471 48.846095)",https://www.openstreetmap.org/node/1411657958,"98"
"POINT (2.384298 48.845662)",https://www.openstreetmap.org/node/1420442966,"1"
"POINT (2.383692 48.845722)",https://www.openstreetmap.org/node/1420442971,"10"
"POINT (2.383707 48.845806)",https://www.openstreetmap.org/node/1420442977,10b
"POINT (2.383418 48.845872)",https://www.openstreetmap.org/node/1420442982,"11"
"POINT (2.383447 48.846031)",https://www.openstreetmap.org/node/1420442990,11b
"POINT (2.38375 48.84604)",https://www.openstreetmap.org/node/1420442994,"12"
"POINT (2.383461 48.846108)",https://www.openstreetmap.org/node/1420442997,"13"
"POINT (2.383781 48.846205)",https://www.openstreetmap.org/node/1420443012,"14"
"POINT (2.383515 48.846405)",https://www.openstreetmap.org/node/1420443016,15 bis
"POINT (2.383795 48.846282)",https://www.openstreetmap.org/node/1420443019,"16"
"POINT (2.383549 48.846586)",https://www.openstreetmap.org/node/1420443022,"17"
"POINT (2.383824 48.846441)",https://www.openstreetmap.org/node/1420443036,"18"
"POINT (2.383732 48.847591)",https://www.openstreetmap.org/node/1420443042,19b
"POINT (2.384399 48.8457)",https://www.openstreetmap.org/node/1420443047,"2"
"POINT (2.383597 48.845201)",https://www.openstreetmap.org/node/1420443053,"2"
"POINT (2.383846 48.84656)",https://www.openstreetmap.org/node/1420443065,"20"
"POINT (2.383948 48.848777)",https://www.openstreetmap.org/node/1420443067,"21"
"POINT (2.383869 48.846688)",https://www.openstreetmap.org/node/1420443071,"22"
"POINT (2.383986 48.848986)",https://www.openstreetmap.org/node/1420443075,"23"
"POINT (2.38389 48.846801)",https://www.openstreetmap.org/node/1420443085,"24"
"POINT (2.384032 48.847574)",https://www.openstreetmap.org/node/1420443092,"26"
"POINT (2.384119 48.849712)",https://www.openstreetmap.org/node/1420443097,"27"
"POINT (2.384063 48.847744)",https://www.openstreetmap.org/node/1420443104,"28"
"POINT (2.384118 48.84805)",https://www.openstreetmap.org/node/1420443108,28b
"POINT (2.384151 48.849892)",https://www.openstreetmap.org/node/1420443111,"29"
"POINT (2.384177 48.845829)",https://www.openstreetmap.org/node/1420443114,"3"
"POINT (2.383324 48.845354)",https://www.openstreetmap.org/node/1420443115,"3"
"POINT (2.38414 48.848172)",https://www.openstreetmap.org/node/1420443118,"30"
"POINT (2.384167 48.84832)",https://www.openstreetmap.org/node/1420443120,30b
"POINT (2.384182 48.848406)",https://www.openstreetmap.org/node/1420443126,"32"
"POINT (2.384206 48.848535)",https://www.openstreetmap.org/node/1420443127,"34"
"POINT (2.384271 48.848893)",https://www.openstreetmap.org/node/1420443129,"36"
"POINT (2.384305 48.849084)",https://www.openstreetmap.org/node/1420443132,"38"
"POINT (2.384329 48.849217)",https://www.openstreetmap.org/node/1420443138,38b
"POINT (2.3843 48.845906)",https://www.openstreetmap.org/node/1420443139,"4"
"POINT (2.383622 48.845343)",https://www.openstreetmap.org/node/1420443140,"4"
"POINT (2.384363 48.849404)",https://www.openstreetmap.org/node/1420443141,"40"
"POINT (2.384399 48.849604)",https://www.openstreetmap.org/node/1420443147,"42"
"POINT (2.384424 48.849747)",https://www.openstreetmap.org/node/1420443149,"44"
"POINT (2.384079 48.845951)",https://www.openstreetmap.org/node/1420443151,"5"
"POINT (2.38334 48.845442)",https://www.openstreetmap.org/node/1420443153,"5"
"POINT (2.384239 48.845987)",https://www.openstreetmap.org/node/1420443156,"6"
"POINT (2.383637 48.845422)",https://www.openstreetmap.org/node/1420443158,"6"
"POINT (2.383367 48.845591)",https://www.openstreetmap.org/node/1420443160,"7"
"POINT (2.38366 48.845548)",https://www.openstreetmap.org/node/1420443165,"8"
"POINT (2.383402 48.845784)",https://www.openstreetmap.org/node/1420443166,"9"
"POINT (2.384825 48.850213)",https://www.openstreetmap.org/node/1420443168,"2"
"POINT (2.385833 48.846936)",https://www.openstreetmap.org/node/1420452022,104a
"POINT (2.383347 48.850155)",https://www.openstreetmap.org/node/1420452024,"188"
"POINT (2.383603 48.850118)",https://www.openstreetmap.org/node/1420452025,"190"
"POINT (2.38375 48.850096)",https://www.openstreetmap.org/node/1420452026,"192"
"POINT (2.383852 48.85008)",https://www.openstreetmap.org/node/1420452027,"194"
"POINT (2.383938 48.850067)",https://www.openstreetmap.org/node/1420452028,"196"
"POINT (2.38412 48.850039)",https://www.openstreetmap.org/node/1420452029,"198"
"POINT (2.381174 48.845482)",https://www.openstreetmap.org/node/1420473996,"1"
"POINT (2.380565 48.845676)",https://www.openstreetmap.org/node/1420474003,"1"
"POINT (2.383741 48.845143)",https://www.openstreetmap.org/node/1420474006,"1"
"POINT (2.381898 48.845631)",https://www.openstreetmap.org/node/1420474009,"10"
"POINT (2.381584 48.846009)",https://www.openstreetmap.org/node/1420474013,"10"
"POINT (2.384434 48.84524)",https://www.openstreetmap.org/node/1420474015,"10"
"POINT (2.38245 48.844561)",https://www.openstreetmap.org/node/1420474018,"10"
"POINT (2.381817 48.844885)",https://www.openstreetmap.org/node/1420474021,"10"
"POINT (2.381701 48.846189)",https://www.openstreetmap.org/node/1420474025,"11"
"POINT (2.384756 48.845722)",https://www.openstreetmap.org/node/1420474027,"11"
"POINT (2.381839 48.844929)",https://www.openstreetmap.org/node/1420474030,"11"
"POINT (2.381995 48.845673)",https://www.openstreetmap.org/node/1420474035,"12"
"POINT (2.381715 48.846065)",https://www.openstreetmap.org/node/1420474046,"12"
"POINT (2.384575 48.845356)",https://www.openstreetmap.org/node/1420474048,"12"
"POINT (2.382652 48.844636)",https://www.openstreetmap.org/node/1420474049,"12"
"POINT (2.381941 48.844936)",https://www.openstreetmap.org/node/1420474052,"12"
"POINT (2.382711 48.844659)",https://www.openstreetmap.org/node/1420474068,12b
"POINT (2.384882 48.84585)",https://www.openstreetmap.org/node/1420474069,"13"
"POINT (2.380509 48.843966)",https://www.openstreetmap.org/node/1420474071,"13"
"POINT (2.382097 48.845716)",https://www.openstreetmap.org/node/1420474086,"14"
"POINT (2.381781 48.846125)",https://www.openstreetmap.org/node/1420474089,"14"
"POINT (2.384737 48.845445)",https://www.openstreetmap.org/node/1420474092,"14"
"POINT (2.382842 48.844708)",https://www.openstreetmap.org/node/1420474094,"14"
"POINT (2.385076 48.845919)",https://www.openstreetmap.org/node/1420474104,"15"
"POINT (2.38222 48.845769)",https://www.openstreetmap.org/node/1420474107,"16"
"POINT (2.384893 48.845524)",https://www.openstreetmap.org/node/1420474110,"16"
"POINT (2.385164 48.845982)",https://www.openstreetmap.org/node/1420474114,"17"
"POINT (2.380718 48.844034)",https://www.openstreetmap.org/node/1420474122,"17"
"POINT (2.385001 48.845588)",https://www.openstreetmap.org/node/1420474124,"18"
"POINT (2.381398 48.845418)",https://www.openstreetmap.org/node/1420474126,"2"
"POINT (2.380716 48.845665)",https://www.openstreetmap.org/node/1420474132,"2"
"POINT (2.38096 48.844125)",https://www.openstreetmap.org/node/1420474144,"21"
"POINT (2.385949 48.846297)",https://www.openstreetmap.org/node/1420474145,"23"
"POINT (2.381084 48.844171)",https://www.openstreetmap.org/node/1420474146,"23"
"POINT (2.386099 48.846369)",https://www.openstreetmap.org/node/1420474155,23b
"POINT (2.386236 48.846443)",https://www.openstreetmap.org/node/1420474160,"25"
"POINT (2.386347 48.846511)",https://www.openstreetmap.org/node/1420474164,25bis
"POINT (2.38647 48.846583)",https://www.openstreetmap.org/node/1420474172,"27"
"POINT (2.386662 48.846704)",https://www.openstreetmap.org/node/1420474178,"29"
"POINT (2.381909 48.844556)",https://www.openstreetmap.org/node/1420474182,"29"
"POINT (2.381476 48.845612)",https://www.openstreetmap.org/node/1420474184,"3"
"POINT (2.380737 48.84575)",https://www.openstreetmap.org/node/1420474199,"3"
"POINT (2.381403 48.844758)",https://www.openstreetmap.org/node/1420474204,"3"
"POINT (2.386899 48.846857)",https://www.openstreetmap.org/node/1420474208,"31"
"POINT (2.382029 48.844568)",https://www.openstreetmap.org/node/1420474210,"31"
"POINT (2.382151 48.844613)",https://www.openstreetmap.org/node/1420474227,"33"
"POINT (2.382303 48.844669)",https://www.openstreetmap.org/node/1420474232,"35"
"POINT (2.382434 48.844718)",https://www.openstreetmap.org/node/1420474234,35b
"POINT (2.382526 48.844752)",https://www.openstreetmap.org/node/1420474236,"37"
"POINT (2.381585 48.845498)",https://www.openstreetmap.org/node/1420474255,"4"
"POINT (2.381038 48.845804)",https://www.openstreetmap.org/node/1420474261,"4"
"POINT (2.383963 48.845008)",https://www.openstreetmap.org/node/1420474264,"4"
"POINT (2.379349 48.843398)",https://www.openstreetmap.org/node/1420474277,"4"
"POINT (2.381531 48.844727)",https://www.openstreetmap.org/node/1420474284,"4"
"POINT (2.381776 48.845741)",https://www.openstreetmap.org/node/1420474289,"5"
"POINT (2.380876 48.845809)",https://www.openstreetmap.org/node/1420474292,"5"
"POINT (2.384147 48.845374)",https://www.openstreetmap.org/node/1420474304,"5"
"POINT (2.381471 48.84478)",https://www.openstreetmap.org/node/1420474309,"5"
"POINT (2.38169 48.845543)",https://www.openstreetmap.org/node/1420474315,"6"
"POINT (2.381242 48.845892)",https://www.openstreetmap.org/node/1420474321,"6"
"POINT (2.384092 48.845081)",https://www.openstreetmap.org/node/1420474333,"6"
"POINT (2.382033 48.844394)",https://www.openstreetmap.org/node/1420474339,"6"
"POINT (2.381601 48.844754)",https://www.openstreetmap.org/node/1420474345,"6"
"POINT (2.382073 48.845868)",https://www.openstreetmap.org/node/1420474350,"7"
"POINT (2.381002 48.845863)",https://www.openstreetmap.org/node/1420474367,"7"
"POINT (2.384334 48.845479)",https://www.openstreetmap.org/node/1420474373,"7"
"POINT (2.379915 48.843786)",https://www.openstreetmap.org/node/1420474376,"7"
"POINT (2.381648 48.844852)",https://www.openstreetmap.org/node/1420474378,"7"
"POINT (2.381786 48.845584)",https://www.openstreetmap.org/node/1420474397,"8"
"POINT (2.381437 48.845977)",https://www.openstreetmap.org/node/1420474403,"8"
"POINT (2.38422 48.845151)",https://www.openstreetmap.org/node/1420474408,"8"
"POINT (2.382243 48.844483)",https://www.openstreetmap.org/node/1420474421,"8"
"POINT (2.381703 48.844801)",https://www.openstreetmap.org/node/1420474428,"8"
"POINT (2.381163 48.845932)",https://www.openstreetmap.org/node/1420474435,"9"
"POINT (2.384565 48.845611)",https://www.openstreetmap.org/node/1420474439,"9"
"POINT (2.380137 48.843868)",https://www.openstreetmap.org/node/1420474451,"9"
"POINT (2.381716 48.844879)",https://www.openstreetmap.org/node/1420474458,"9"
"POINT (2.387759 48.846776)",https://www.openstreetmap.org/node/1420506730,"1"
"POINT (2.38509 48.849714)",https://www.openstreetmap.org/node/1420506732,"1"
"POINT (2.388805 48.847149)",https://www.openstreetmap.org/node/1420506734,"10"
"POINT (2.386022 48.845603)",https://www.openstreetmap.org/node/1420506735,"10"
"POINT (2.386624 48.845466)",https://www.openstreetmap.org/node/1420506736,"10"
"POINT (2.384709 48.849665)",https://www.openstreetmap.org/node/1420506737,"10"
"POINT (2.387862 48.845391)",https://www.openstreetmap.org/node/1420506738,"10"
"POINT (2.388495 48.847127)",https://www.openstreetmap.org/node/1420506752,"11"
"POINT (2.385479 48.849196)",https://www.openstreetmap.org/node/1420506753,"11"
"POINT (2.38781 48.845282)",https://www.openstreetmap.org/node/1420506754,"11"
"POINT (2.388867 48.847178)",https://www.openstreetmap.org/node/1420506765,"12"
"POINT (2.386264 48.845603)",https://www.openstreetmap.org/node/1420506766,"12"
"POINT (2.386845 48.845466)",https://www.openstreetmap.org/node/1420506767,"12"
"POINT (2.384836 48.84956)",https://www.openstreetmap.org/node/1420506768,"12"
"POINT (2.387682 48.84539)",https://www.openstreetmap.org/node/1420506769,"12"
"POINT (2.388646 48.847198)",https://www.openstreetmap.org/node/1420506777,"13"
"POINT (2.385636 48.848984)",https://www.openstreetmap.org/node/1420506778,"13"
"POINT (2.387656 48.845283)",https://www.openstreetmap.org/node/1420506779,"13"
"POINT (2.38893 48.847209)",https://www.openstreetmap.org/node/1420506780,"14"
"POINT (2.386516 48.845603)",https://www.openstreetmap.org/node/1420506781,"14"
"POINT (2.384963 48.849455)",https://www.openstreetmap.org/node/1420506782,"14"
"POINT (2.387592 48.84551)",https://www.openstreetmap.org/node/1420506783,"14"
"POINT (2.388808 48.847282)",https://www.openstreetmap.org/node/1420506784,"15"
"POINT (2.385735 48.848844)",https://www.openstreetmap.org/node/1420506785,"15"
"POINT (2.387437 48.84528)",https://www.openstreetmap.org/node/1420506786,"15"
"POINT (2.389039 48.84726)",https://www.openstreetmap.org/node/1420506787,"16"
"POINT (2.386597 48.845603)",https://www.openstreetmap.org/node/1420506788,"16"
"POINT (2.38509 48.849345)",https://www.openstreetmap.org/node/1420506789,"16"
"POINT (2.38759 48.845634)",https://www.openstreetmap.org/node/1420506790,"16"
"POINT (2.388958 48.847354)",https://www.openstreetmap.org/node/1420506791,"17"
"POINT (2.385796 48.848772)",https://www.openstreetmap.org/node/1420506792,"17"
"POINT (2.387228 48.845285)",https://www.openstreetmap.org/node/1420506793,"17"
"POINT (2.389138 48.847318)",https://www.openstreetmap.org/node/1420506794,"18"
"POINT (2.38519 48.849229)",https://www.openstreetmap.org/node/1420506795,"18"
"POINT (2.387507 48.845678)",https://www.openstreetmap.org/node/1420506796,"18"
"POINT (2.38589 48.848647)",https://www.openstreetmap.org/node/1420506797,"19"
"POINT (2.387124 48.845305)",https://www.openstreetmap.org/node/1420506798,"19"
"POINT (2.387746 48.846668)",https://www.openstreetmap.org/node/1420506799,"2"
"POINT (2.384585 48.849768)",https://www.openstreetmap.org/node/1420506800,"2"
"POINT (2.388506 48.845396)",https://www.openstreetmap.org/node/1420506801,"2"
"POINT (2.389194 48.847363)",https://www.openstreetmap.org/node/1420506802,"20"
"POINT (2.385575 48.848735)",https://www.openstreetmap.org/node/1420506803,"20"
"POINT (2.387287 48.845723)",https://www.openstreetmap.org/node/1420506804,"20"
"POINT (2.385969 48.848223)",https://www.openstreetmap.org/node/1420506805,20b
"POINT (2.386024 48.848471)",https://www.openstreetmap.org/node/1420506806,"21"
"POINT (2.387124 48.845446)",https://www.openstreetmap.org/node/1420506807,"21"
"POINT (2.389197 48.847414)",https://www.openstreetmap.org/node/1420506808,"22"
"POINT (2.386821 48.847114)",https://www.openstreetmap.org/node/1420506810,"22"
"POINT (2.387287 48.845845)",https://www.openstreetmap.org/node/1420506811,"22"
"POINT (2.386168 48.848279)",https://www.openstreetmap.org/node/1420506812,"23"
"POINT (2.387125 48.845529)",https://www.openstreetmap.org/node/1420506813,"23"
"POINT (2.385909 48.846022)",https://www.openstreetmap.org/node/1420506814,"24"
"POINT (2.387286 48.845947)",https://www.openstreetmap.org/node/1420506816,"24"
"POINT (2.386301 48.848104)",https://www.openstreetmap.org/node/1420506817,"25"
"POINT (2.387124 48.84564)",https://www.openstreetmap.org/node/1420506818,"25"
"POINT (2.385901 48.845837)",https://www.openstreetmap.org/node/1420506819,"26"
"POINT (2.386903 48.847008)",https://www.openstreetmap.org/node/1420506820,"24;26"
"POINT (2.387286 48.846069)",https://www.openstreetmap.org/node/1420506821,"26"
"POINT (2.386409 48.84796)",https://www.openstreetmap.org/node/1420506822,"27"
"POINT (2.387124 48.845755)",https://www.openstreetmap.org/node/1420506823,"27"
"POINT (2.386192 48.846162)",https://www.openstreetmap.org/node/1420506824,"28"
"POINT (2.387121 48.846595)",https://www.openstreetmap.org/node/1420506825,"28"
"POINT (2.387286 48.846185)",https://www.openstreetmap.org/node/1420506826,"28"
"POINT (2.386489 48.847855)",https://www.openstreetmap.org/node/1420506827,"29"
"POINT (2.387124 48.845868)",https://www.openstreetmap.org/node/1420506828,"29"
"POINT (2.387843 48.846817)",https://www.openstreetmap.org/node/1420506829,"3"
"POINT (2.385192 48.849578)",https://www.openstreetmap.org/node/1420506831,"3"
"POINT (2.38636 48.846247)",https://www.openstreetmap.org/node/1420506833,"30"
"POINT (2.387121 48.846519)",https://www.openstreetmap.org/node/1420506834,"30"
"POINT (2.386601 48.847718)",https://www.openstreetmap.org/node/1420506835,"31"
"POINT (2.387123 48.845975)",https://www.openstreetmap.org/node/1420506836,"31"
"POINT (2.386711 48.846459)",https://www.openstreetmap.org/node/1420506837,"32"
"POINT (2.386735 48.847568)",https://www.openstreetmap.org/node/1420506838,"33"
"POINT (2.387123 48.846085)",https://www.openstreetmap.org/node/1420506839,"33"
"POINT (2.38682 48.846525)",https://www.openstreetmap.org/node/1420506840,"34"
"POINT (2.387627 48.846227)",https://www.openstreetmap.org/node/1420506841,"34"
"POINT (2.387098 48.847138)",https://www.openstreetmap.org/node/1420506842,"35"
"POINT (2.387122 48.846199)",https://www.openstreetmap.org/node/1420506843,"35"
"POINT (2.387201 48.84702)",https://www.openstreetmap.org/node/1420506844,35b
"POINT (2.386903 48.84671)",https://www.openstreetmap.org/node/1420506845,"36"
"POINT (2.3877 48.846114)",https://www.openstreetmap.org/node/1420506846,"36"
"POINT (2.387351 48.846861)",https://www.openstreetmap.org/node/1420506847,"37"
"POINT (2.38751 48.846706)",https://www.openstreetmap.org/node/1420506848,37b
"POINT (2.388411 48.845657)",https://www.openstreetmap.org/node/1420506849,"38"
"POINT (2.387609 48.84661)",https://www.openstreetmap.org/node/1420506850,"39"
"POINT (2.387955 48.846743)",https://www.openstreetmap.org/node/1420506851,"4"
"POINT (2.385928 48.845466)",https://www.openstreetmap.org/node/1420506852,"4"
"POINT (2.388301 48.845396)",https://www.openstreetmap.org/node/1420506853,"4"
"POINT (2.388521 48.845563)",https://www.openstreetmap.org/node/1420506854,"40"
"POINT (2.387723 48.846498)",https://www.openstreetmap.org/node/1420506855,"41"
"POINT (2.388626 48.845474)",https://www.openstreetmap.org/node/1420506856,"42"
"POINT (2.387829 48.846395)",https://www.openstreetmap.org/node/1420506857,"43"
"POINT (2.388095 48.846219)",https://www.openstreetmap.org/node/1420506860,"47;49"
"POINT (2.388027 48.846904)",https://www.openstreetmap.org/node/1420506862,"5"
"POINT (2.386243 48.845816)",https://www.openstreetmap.org/node/1420506863,5 T
"POINT (2.385245 48.849508)",https://www.openstreetmap.org/node/1420506864,"5"
"POINT (2.388428 48.845283)",https://www.openstreetmap.org/node/1420506865,"5"
"POINT (2.388269 48.846062)",https://www.openstreetmap.org/node/1420506866,"51"
"POINT (2.388405 48.845905)",https://www.openstreetmap.org/node/1420506868,"55"
"POINT (2.38856 48.84577)",https://www.openstreetmap.org/node/1420506870,"57"
"POINT (2.388678 48.845671)",https://www.openstreetmap.org/node/1420506872,"59"
"POINT (2.388295 48.846903)",https://www.openstreetmap.org/node/1420506873,"6"
"POINT (2.385657 48.845603)",https://www.openstreetmap.org/node/1420506874,"6"
"POINT (2.386134 48.845466)",https://www.openstreetmap.org/node/1420506875,"6"
"POINT (2.388211 48.845397)",https://www.openstreetmap.org/node/1420506876,"6"
"POINT (2.388788 48.845576)",https://www.openstreetmap.org/node/1420506877,"61"
"POINT (2.388865 48.845511)",https://www.openstreetmap.org/node/1420506878,"63"
"POINT (2.388222 48.846999)",https://www.openstreetmap.org/node/1420506882,"7"
"POINT (2.385275 48.849468)",https://www.openstreetmap.org/node/1420506884,"7"
"POINT (2.388262 48.845283)",https://www.openstreetmap.org/node/1420506885,"7"
"POINT (2.388727 48.847112)",https://www.openstreetmap.org/node/1420506906,"8"
"POINT (2.386361 48.845466)",https://www.openstreetmap.org/node/1420506908,"8"
"POINT (2.388077 48.8454)",https://www.openstreetmap.org/node/1420506909,"8"
"POINT (2.38838 48.847077)",https://www.openstreetmap.org/node/1420506922,"9"
"POINT (2.386847 48.845802)",https://www.openstreetmap.org/node/1420506923,"9"
"POINT (2.385328 48.849397)",https://www.openstreetmap.org/node/1420506924,"9"
"POINT (2.388106 48.845282)",https://www.openstreetmap.org/node/1420506925,"9"
"POINT (2.380265 48.845524)",https://www.openstreetmap.org/node/1425553325,"1"
"POINT (2.379617 48.846088)",https://www.openstreetmap.org/node/1425553330,"115"
"POINT (2.379764 48.84601)",https://www.openstreetmap.org/node/1425553335,"117"
"POINT (2.37989 48.845942)",https://www.openstreetmap.org/node/1425553340,"119"
"POINT (2.379984 48.845892)",https://www.openstreetmap.org/node/1425553342,"121"
"POINT (2.379067 48.846307)",https://www.openstreetmap.org/node/1425553344,"122"
"POINT (2.380132 48.845812)",https://www.openstreetmap.org/node/1425553354,"123"
"POINT (2.379147 48.84625)",https://www.openstreetmap.org/node/1425553356,"124"
"POINT (2.380355 48.845692)",https://www.openstreetmap.org/node/1425553358,"125"
"POINT (2.380616 48.845574)",https://www.openstreetmap.org/node/1425553360,"127"
"POINT (2.379361 48.846082)",https://www.openstreetmap.org/node/1425553374,"128"
"POINT (2.380721 48.845531)",https://www.openstreetmap.org/node/1425553381,"129"
"POINT (2.379574 48.845953)",https://www.openstreetmap.org/node/1425553383,"130"
"POINT (2.380869 48.845469)",https://www.openstreetmap.org/node/1425553384,"131"
"POINT (2.37964 48.845915)",https://www.openstreetmap.org/node/1425553400,"132"
"POINT (2.37984 48.845809)",https://www.openstreetmap.org/node/1425553402,"134"
"POINT (2.379995 48.845727)",https://www.openstreetmap.org/node/1425553404,134 bis
"POINT (2.38128 48.845296)",https://www.openstreetmap.org/node/1425553408,"135"
"POINT (2.380146 48.845654)",https://www.openstreetmap.org/node/1425553423,"136"
"POINT (2.381382 48.845255)",https://www.openstreetmap.org/node/1425553428,"137"
"POINT (2.380227 48.84561)",https://www.openstreetmap.org/node/1425553432,"138"
"POINT (2.381529 48.845215)",https://www.openstreetmap.org/node/1425553438,"139"
"POINT (2.380518 48.845482)",https://www.openstreetmap.org/node/1425553442,"140"
"POINT (2.381773 48.845168)",https://www.openstreetmap.org/node/1425553445,"141"
"POINT (2.380564 48.845467)",https://www.openstreetmap.org/node/1425553449,"142"
"POINT (2.380616 48.845445)",https://www.openstreetmap.org/node/1425553454,"144"
"POINT (2.38069 48.845414)",https://www.openstreetmap.org/node/1425553458,144P
"POINT (2.38202 48.845119)",https://www.openstreetmap.org/node/1425553462,"145"
"POINT (2.380807 48.845366)",https://www.openstreetmap.org/node/1425553465,"146"
"POINT (2.382159 48.845091)",https://www.openstreetmap.org/node/1425553472,"147"
"POINT (2.380964 48.845301)",https://www.openstreetmap.org/node/1425553473,"148"
"POINT (2.382335 48.845057)",https://www.openstreetmap.org/node/1425553474,"149"
"POINT (2.381132 48.845231)",https://www.openstreetmap.org/node/1425553476,"150"
"POINT (2.381316 48.845154)",https://www.openstreetmap.org/node/1425553483,"152"
"POINT (2.382734 48.844978)",https://www.openstreetmap.org/node/1425553486,"153"
"POINT (2.381546 48.845088)",https://www.openstreetmap.org/node/1425553488,"154"
"POINT (2.381752 48.845035)",https://www.openstreetmap.org/node/1425553489,"156"
"POINT (2.383704 48.844739)",https://www.openstreetmap.org/node/1425553494,"157"
"POINT (2.381892 48.845)",https://www.openstreetmap.org/node/1425553495,"158"
"POINT (2.383956 48.844566)",https://www.openstreetmap.org/node/1425553498,"159;161;163"
"POINT (2.382076 48.844953)",https://www.openstreetmap.org/node/1425553501,"160"
"POINT (2.382143 48.844936)",https://www.openstreetmap.org/node/1425553502,160 bis
"POINT (2.382312 48.844893)",https://www.openstreetmap.org/node/1425553507,"162"
"POINT (2.382386 48.844874)",https://www.openstreetmap.org/node/1425553512,162 bis
"POINT (2.384098 48.844452)",https://www.openstreetmap.org/node/1425553513,"163"
"POINT (2.382501 48.844845)",https://www.openstreetmap.org/node/1425553516,"164"
"POINT (2.384291 48.844295)",https://www.openstreetmap.org/node/1425553518,"165"
"POINT (2.384422 48.844185)",https://www.openstreetmap.org/node/1425553524,"167"
"POINT (2.384555 48.844076)",https://www.openstreetmap.org/node/1425553525,"169"
"POINT (2.384715 48.843881)",https://www.openstreetmap.org/node/1425553528,"171"
"POINT (2.384832 48.843775)",https://www.openstreetmap.org/node/1425553530,171 bis
"POINT (2.38029 48.845495)",https://www.openstreetmap.org/node/1425553551,"2"
"POINT (2.379508 48.846221)",https://www.openstreetmap.org/node/1425553552,"2"
"POINT (2.379966 48.845374)",https://www.openstreetmap.org/node/1425553555,"5"
"POINT (2.380021 48.845357)",https://www.openstreetmap.org/node/1425553557,"6"
"POINT (2.379474 48.84632)",https://www.openstreetmap.org/node/1425553558,"6"
"POINT (2.382892 48.844985)",https://www.openstreetmap.org/node/1425578470,"1"
"POINT (2.383509 48.844585)",https://www.openstreetmap.org/node/1425578473,"10"
"POINT (2.383589 48.844555)",https://www.openstreetmap.org/node/1425578476,"166"
"POINT (2.38365 48.844505)",https://www.openstreetmap.org/node/1425578478,"168"
"POINT (2.383757 48.844421)",https://www.openstreetmap.org/node/1425578481,"170"
"POINT (2.383884 48.844271)",https://www.openstreetmap.org/node/1425578493,"172"
"POINT (2.384049 48.844186)",https://www.openstreetmap.org/node/1425578497,"174"
"POINT (2.384218 48.84405)",https://www.openstreetmap.org/node/1425578500,"176"
"POINT (2.384468 48.84385)",https://www.openstreetmap.org/node/1425578503,"180"
"POINT (2.384561 48.843776)",https://www.openstreetmap.org/node/1425578504,180 bis
"POINT (2.384668 48.843691)",https://www.openstreetmap.org/node/1425578512,"182"
"POINT (2.384033 48.844097)",https://www.openstreetmap.org/node/1425578566,"2"
"POINT (2.383829 48.844028)",https://www.openstreetmap.org/node/1425578568,2b
"POINT (2.383251 48.845125)",https://www.openstreetmap.org/node/1425578571,"3"
"POINT (2.38357 48.843922)",https://www.openstreetmap.org/node/1425578575,"4"
"POINT (2.383039 48.844706)",https://www.openstreetmap.org/node/1425578578,"4"
"POINT (2.383605 48.845098)",https://www.openstreetmap.org/node/1425578581,"5"
"POINT (2.383246 48.844653)",https://www.openstreetmap.org/node/1425578586,"6"
"POINT (2.383413 48.84461)",https://www.openstreetmap.org/node/1425578591,"8"
"POINT (2.383286 48.843055)",https://www.openstreetmap.org/node/1425637169,"1"
"POINT (2.383413 48.843156)",https://www.openstreetmap.org/node/1425637404,"3"
"POINT (2.382954 48.842986)",https://www.openstreetmap.org/node/1425637707,"67"
"POINT (2.382688 48.843113)",https://www.openstreetmap.org/node/1425637723,"69"
"POINT (2.382472 48.843217)",https://www.openstreetmap.org/node/1425637765,"71"
"POINT (2.382292 48.843305)",https://www.openstreetmap.org/node/1425637781,"73"
"POINT (2.382179 48.843385)",https://www.openstreetmap.org/node/1425637796,"75"
"POINT (2.383153 48.843023)",https://www.openstreetmap.org/node/1425637808,"76"
"POINT (2.38206 48.843503)",https://www.openstreetmap.org/node/1425637811,"77"
"POINT (2.383028 48.843083)",https://www.openstreetmap.org/node/1425637818,"78"
"POINT (2.381967 48.843595)",https://www.openstreetmap.org/node/1425637825,"79"
"POINT (2.382895 48.843147)",https://www.openstreetmap.org/node/1425637857,"80"
"POINT (2.381813 48.843748)",https://www.openstreetmap.org/node/1425637872,"81"
"POINT (2.382725 48.843229)",https://www.openstreetmap.org/node/1425637878,"82"
"POINT (2.381701 48.84386)",https://www.openstreetmap.org/node/1425637883,"83"
"POINT (2.382595 48.843291)",https://www.openstreetmap.org/node/1425637899,"84"
"POINT (2.381557 48.844003)",https://www.openstreetmap.org/node/1425637904,"85"
"POINT (2.382456 48.843358)",https://www.openstreetmap.org/node/1425637907,"86"
"POINT (2.38229 48.843468)",https://www.openstreetmap.org/node/1425637910,"88"
"POINT (2.382262 48.843612)",https://www.openstreetmap.org/node/1425637933,"90"
"POINT (2.385657 48.846292)",https://www.openstreetmap.org/node/1425734608,"1"
"POINT (2.385271 48.846941)",https://www.openstreetmap.org/node/1425734611,"10"
"POINT (2.385102 48.846957)",https://www.openstreetmap.org/node/1425734615,"11"
"POINT (2.385767 48.846364)",https://www.openstreetmap.org/node/1425734632,"2"
"POINT (2.385554 48.846414)",https://www.openstreetmap.org/node/1425734647,"3"
"POINT (2.385451 48.846533)",https://www.openstreetmap.org/node/1425734660,3b
"POINT (2.385622 48.846533)",https://www.openstreetmap.org/node/1425734662,"4"
"POINT (2.385394 48.8466)",https://www.openstreetmap.org/node/1425734674,"5"
"POINT (2.385481 48.846697)",https://www.openstreetmap.org/node/1425734679,"6"
"POINT (2.385302 48.846725)",https://www.openstreetmap.org/node/1425734682,"7"
"POINT (2.385375 48.84682)",https://www.openstreetmap.org/node/1425734685,"8"
"POINT (2.385196 48.846848)",https://www.openstreetmap.org/node/1425734688,"9"
"POINT (2.391543 48.846926)",https://www.openstreetmap.org/node/1426474249,"10"
"POINT (2.389896 48.845896)",https://www.openstreetmap.org/node/1426474254,"11"
"POINT (2.391357 48.846889)",https://www.openstreetmap.org/node/1426474269,"11"
"POINT (2.391422 48.847043)",https://www.openstreetmap.org/node/1426474295,"12"
"POINT (2.389974 48.845934)",https://www.openstreetmap.org/node/1426474298,"13"
"POINT (2.3912 48.847068)",https://www.openstreetmap.org/node/1426474308,"13"
"POINT (2.391347 48.847117)",https://www.openstreetmap.org/node/1426474325,"14"
"POINT (2.390225 48.846057)",https://www.openstreetmap.org/node/1426474333,"15"
"POINT (2.391254 48.847208)",https://www.openstreetmap.org/node/1426474362,"16"
"POINT (2.390489 48.846191)",https://www.openstreetmap.org/node/1426474372,"17"
"POINT (2.391067 48.847194)",https://www.openstreetmap.org/node/1426474376,"17"
"POINT (2.391128 48.847331)",https://www.openstreetmap.org/node/1426474385,"18"
"POINT (2.390977 48.847285)",https://www.openstreetmap.org/node/1426474397,"19"
"POINT (2.391005 48.84745)",https://www.openstreetmap.org/node/1426474427,"20"
"POINT (2.390809 48.847449)",https://www.openstreetmap.org/node/1426474433,"21"
"POINT (2.390898 48.847554)",https://www.openstreetmap.org/node/1426474438,"22"
"POINT (2.390743 48.847513)",https://www.openstreetmap.org/node/1426474447,"23"
"POINT (2.39064 48.847609)",https://www.openstreetmap.org/node/1426474459,"25"
"POINT (2.391742 48.846732)",https://www.openstreetmap.org/node/1426474601,"6"
"POINT (2.391641 48.846831)",https://www.openstreetmap.org/node/1426474638,"8"
"POINT (2.391504 48.846752)",https://www.openstreetmap.org/node/1426474661,"9"
"POINT (2.388409 48.84598)",https://www.openstreetmap.org/node/1426494194,"1"
"POINT (2.388915 48.846212)",https://www.openstreetmap.org/node/1426494195,"11"
"POINT (2.389014 48.84626)",https://www.openstreetmap.org/node/1426494196,"13"
"POINT (2.388886 48.846478)",https://www.openstreetmap.org/node/1426494197,"15"
"POINT (2.388994 48.846491)",https://www.openstreetmap.org/node/1426494198,"17"
"POINT (2.389125 48.846506)",https://www.openstreetmap.org/node/1426494199,"19"
"POINT (2.389269 48.846523)",https://www.openstreetmap.org/node/1426494200,"21"
"POINT (2.389381 48.846536)",https://www.openstreetmap.org/node/1426494201,"23"
"POINT (2.389543 48.846555)",https://www.openstreetmap.org/node/1426494202,"25"
"POINT (2.389667 48.84666)",https://www.openstreetmap.org/node/1426494203,"27"
"POINT (2.389809 48.846775)",https://www.openstreetmap.org/node/1426494204,"29"
"POINT (2.388487 48.846011)",https://www.openstreetmap.org/node/1426494205,"3"
"POINT (2.389844 48.846895)",https://www.openstreetmap.org/node/1426494207,"31"
"POINT (2.390245 48.846915)",https://www.openstreetmap.org/node/1426494209,"33"
"POINT (2.39035 48.847056)",https://www.openstreetmap.org/node/1426494214,"35"
"POINT (2.390249 48.847101)",https://www.openstreetmap.org/node/1426494216,"37"
"POINT (2.390199 48.847144)",https://www.openstreetmap.org/node/1426494219,"39"
"POINT (2.390322 48.847237)",https://www.openstreetmap.org/node/1426494220,"41"
"POINT (2.390716 48.847055)",https://www.openstreetmap.org/node/1426494222,"43"
"POINT (2.390881 48.847137)",https://www.openstreetmap.org/node/1426494224,"45"
"POINT (2.388586 48.846051)",https://www.openstreetmap.org/node/1426494227,"5"
"POINT (2.388677 48.846096)",https://www.openstreetmap.org/node/1426494239,"7"
"POINT (2.388787 48.846164)",https://www.openstreetmap.org/node/1426494242,"9"
"POINT (2.380921 48.856637)",https://www.openstreetmap.org/node/1426856720,45 bis
"POINT (2.36909 48.854634)",https://www.openstreetmap.org/node/1428020598,"4"
"POINT (2.375587 48.846964)",https://www.openstreetmap.org/node/1429442329,"32"
"POINT (2.381685 48.851089)",https://www.openstreetmap.org/node/1445091464,"8"
"POINT (2.380513 48.851669)",https://www.openstreetmap.org/node/1445091467,"17"
"POINT (2.381702 48.851241)",https://www.openstreetmap.org/node/1445091470,"12"
"POINT (2.383741 48.850082)",https://www.openstreetmap.org/node/1468378337,"192"
"POINT (2.383569 48.854377)",https://www.openstreetmap.org/node/1519809386,"97"
"POINT (2.380012 48.845418)",https://www.openstreetmap.org/node/1581617286,"3"
"POINT (2.380787 48.845531)",https://www.openstreetmap.org/node/1581617288,"129"
"POINT (2.371514 48.844878)",https://www.openstreetmap.org/node/1630608717,"207"
"POINT (2.378883 48.847464)",https://www.openstreetmap.org/node/1652804345,13 bis
"POINT (2.373084 48.850262)",https://www.openstreetmap.org/node/1668603098,"22"
"POINT (2.376766 48.850617)",https://www.openstreetmap.org/node/1672098385,"7"
"POINT (2.370191 48.852964)",https://www.openstreetmap.org/node/1678043347,"6"
"POINT (2.370099 48.853712)",https://www.openstreetmap.org/node/1684506451,"12"
"POINT (2.379624 48.856971)",https://www.openstreetmap.org/node/1734990327,"170"
"POINT (2.368788 48.855751)",https://www.openstreetmap.org/node/1770300768,"26"
"POINT (2.368008 48.844923)",https://www.openstreetmap.org/node/1776919587,"2"
"POINT (2.365698 48.847167)",https://www.openstreetmap.org/node/1776919588,"1"
"POINT (2.376503 48.852703)",https://www.openstreetmap.org/node/1785271479,"8"
"POINT (2.37739 48.853116)",https://www.openstreetmap.org/node/1785271492,"116"
"POINT (2.37685 48.852874)",https://www.openstreetmap.org/node/1785271526,"109"
"POINT (2.374876 48.849977)",https://www.openstreetmap.org/node/1785271538,"80"
"POINT (2.37672 48.85103)",https://www.openstreetmap.org/node/1785271550,"104"
"POINT (2.379247 48.850684)",https://www.openstreetmap.org/node/1785271553,"153"
"POINT (2.377102 48.85115)",https://www.openstreetmap.org/node/1785271580,"121"
"POINT (2.366494 48.851728)",https://www.openstreetmap.org/node/1829581022,"9"
"POINT (2.390439 48.849367)",https://www.openstreetmap.org/node/1935564535,"289"
"POINT (2.376 48.842067)",https://www.openstreetmap.org/node/1939417434,"157"
"POINT (2.361547 48.853505)",https://www.openstreetmap.org/node/1980084564,"21"
"POINT (2.372886 48.852271)",https://www.openstreetmap.org/node/1985540944,"49"
"POINT (2.3805 48.847947)",https://www.openstreetmap.org/node/2003328902,"21"
"POINT (2.379816 48.850605)",https://www.openstreetmap.org/node/2003363501,"161"
"POINT (2.382883 48.844699)",https://www.openstreetmap.org/node/2013669112,"4"
"POINT (2.383995 48.844212)",https://www.openstreetmap.org/node/2013669124,"174"
"POINT (2.384072 48.844147)",https://www.openstreetmap.org/node/2013669130,"174"
"POINT (2.385009 48.852574)",https://www.openstreetmap.org/node/2049101770,"24"
"POINT (2.365378 48.84864)",https://www.openstreetmap.org/node/2066387122,"4"
"POINT (2.38053 48.844603)",https://www.openstreetmap.org/node/2130779772,"72"
"POINT (2.380612 48.84456)",https://www.openstreetmap.org/node/2130779775,"74"
"POINT (2.380336 48.844695)",https://www.openstreetmap.org/node/2130779780,"70"
"POINT (2.388769 48.845607)",https://www.openstreetmap.org/node/2145835684,"61"
"POINT (2.373819 48.841225)",https://www.openstreetmap.org/node/2156600911,32 bis
"POINT (2.371151 48.848012)",https://www.openstreetmap.org/node/2179774059,"47"
"POINT (2.370243 48.853723)",https://www.openstreetmap.org/node/2179813042,10-12
"POINT (2.370689 48.853834)",https://www.openstreetmap.org/node/2179835711,"3"
"POINT (2.365185 48.852267)",https://www.openstreetmap.org/node/2321297309,"16"
"POINT (2.38328 48.85204)",https://www.openstreetmap.org/node/2359253149,"21"
"POINT (2.368249 48.855583)",https://www.openstreetmap.org/node/2387285553,27-29
"POINT (2.365135 48.854265)",https://www.openstreetmap.org/node/2388375399,"8"
"POINT (2.364917 48.854376)",https://www.openstreetmap.org/node/2388375406,"3"
"POINT (2.364939 48.854434)",https://www.openstreetmap.org/node/2388375409,"5"
"POINT (2.364846 48.854201)",https://www.openstreetmap.org/node/2388376779,"3"
"POINT (2.365085 48.854172)",https://www.openstreetmap.org/node/2388377385,"4"
"POINT (2.364901 48.854336)",https://www.openstreetmap.org/node/2388396349,"3"
"POINT (2.369878 48.846883)",https://www.openstreetmap.org/node/2394845122,"24"
"POINT (2.370108 48.847023)",https://www.openstreetmap.org/node/2394847557,"28"
"POINT (2.370341 48.847152)",https://www.openstreetmap.org/node/2394860189,"30"
"POINT (2.370418 48.847201)",https://www.openstreetmap.org/node/2394861655,"32"
"POINT (2.371982 48.847216)",https://www.openstreetmap.org/node/2395005816,"8"
"POINT (2.369932 48.85391)",https://www.openstreetmap.org/node/2425856836,2-4
"POINT (2.369666 48.847201)",https://www.openstreetmap.org/node/2434847768,"27"
"POINT (2.374056 48.846623)",https://www.openstreetmap.org/node/2437013968,"6"
"POINT (2.371782 48.848807)",https://www.openstreetmap.org/node/2437017357,"8"
"POINT (2.37402 48.847563)",https://www.openstreetmap.org/node/2437050966,"16"
"POINT (2.368543 48.851036)",https://www.openstreetmap.org/node/2448399790,"67"
"POINT (2.388032 48.849712)",https://www.openstreetmap.org/node/2482357781,"265"
"POINT (2.377191 48.852192)",https://www.openstreetmap.org/node/2486373283,"16"
"POINT (2.37854 48.851215)",https://www.openstreetmap.org/node/2489274291,"5"
"POINT (2.377471 48.849308)",https://www.openstreetmap.org/node/2493529394,"15"
"POINT (2.378935 48.84982)",https://www.openstreetmap.org/node/2521645616,"30"
"POINT (2.377061 48.852498)",https://www.openstreetmap.org/node/252214031,"108"
"POINT (2.369962 48.853725)",https://www.openstreetmap.org/node/252595467,"14"
"POINT (2.378786 48.8534)",https://www.openstreetmap.org/node/252596129,"55"
"POINT (2.375976 48.853332)",https://www.openstreetmap.org/node/252600700,"33"
"POINT (2.371464 48.847383)",https://www.openstreetmap.org/node/252793231,"23"
"POINT (2.366136 48.854799)",https://www.openstreetmap.org/node/254033221,"6"
"POINT (2.375989 48.850707)",https://www.openstreetmap.org/node/2558367461,"76"
"POINT (2.381399 48.846914)",https://www.openstreetmap.org/node/257711184,"31"
"POINT (2.381178 48.844222)",https://www.openstreetmap.org/node/257713149,"80"
"POINT (2.362309 48.850764)",https://www.openstreetmap.org/node/2582304435,"21"
"POINT (2.380555 48.848504)",https://www.openstreetmap.org/node/2587863772,"46"
"POINT (2.370249 48.851241)",https://www.openstreetmap.org/node/2591811951,"110"
"POINT (2.36977 48.852458)",https://www.openstreetmap.org/node/2591812064,"2"
"POINT (2.378892 48.848738)",https://www.openstreetmap.org/node/2604584220,15-17
"POINT (2.376185 48.846704)",https://www.openstreetmap.org/node/2604584222,"38"
"POINT (2.370108 48.851517)",https://www.openstreetmap.org/node/2612069231,"120"
"POINT (2.375068 48.850096)",https://www.openstreetmap.org/node/2633715098,"84"
"POINT (2.384447 48.844256)",https://www.openstreetmap.org/node/2634120985,"163"
"POINT (2.379549 48.846159)",https://www.openstreetmap.org/node/2634120987,"2"
"POINT (2.371729 48.846606)",https://www.openstreetmap.org/node/2634120999,"9"
"POINT (2.374108 48.851916)",https://www.openstreetmap.org/node/2657674393,"65"
"POINT (2.36303 48.852007)",https://www.openstreetmap.org/node/2673281676,"2"
"POINT (2.362101 48.851618)",https://www.openstreetmap.org/node/2673362954,2 bis
"POINT (2.377467 48.844635)",https://www.openstreetmap.org/node/2697785826,"2"
"POINT (2.372131 48.845917)",https://www.openstreetmap.org/node/2705465607,"1"
"POINT (2.37191 48.847376)",https://www.openstreetmap.org/node/2705465608,"10"
"POINT (2.371837 48.847534)",https://www.openstreetmap.org/node/2705465609,"12"
"POINT (2.371696 48.846899)",https://www.openstreetmap.org/node/2705465610,"13"
"POINT (2.371799 48.847621)",https://www.openstreetmap.org/node/2705465611,"14"
"POINT (2.371597 48.847126)",https://www.openstreetmap.org/node/2705465612,"17"
"POINT (2.371764 48.847705)",https://www.openstreetmap.org/node/2705465613,"18"
"POINT (2.371607 48.847265)",https://www.openstreetmap.org/node/2705465614,"19"
"POINT (2.372441 48.846181)",https://www.openstreetmap.org/node/2705465615,2 bis
"POINT (2.372518 48.846004)",https://www.openstreetmap.org/node/2705465616,"2"
"POINT (2.371684 48.847887)",https://www.openstreetmap.org/node/2705465617,"20"
"POINT (2.371525 48.847449)",https://www.openstreetmap.org/node/2705465618,"23"
"POINT (2.371382 48.847607)",https://www.openstreetmap.org/node/2705465619,"25"
"POINT (2.371351 48.847678)",https://www.openstreetmap.org/node/2705465620,"27"
"POINT (2.372049 48.846103)",https://www.openstreetmap.org/node/2705465621,"3"
"POINT (2.372318 48.846458)",https://www.openstreetmap.org/node/2705465622,4 bis
"POINT (2.372392 48.84629)",https://www.openstreetmap.org/node/2705465623,"4"
"POINT (2.371978 48.846265)",https://www.openstreetmap.org/node/2705465624,"5"
"POINT (2.372095 48.846959)",https://www.openstreetmap.org/node/2705465625,"6"
"POINT (2.371924 48.846384)",https://www.openstreetmap.org/node/2705465626,"7"
"POINT (2.371788 48.84669)",https://www.openstreetmap.org/node/2705465627,"9"
"POINT (2.362486 48.854499)",https://www.openstreetmap.org/node/2708917280,"53"
"POINT (2.362562 48.854366)",https://www.openstreetmap.org/node/2708917282,"40"
"POINT (2.374063 48.84647)",https://www.openstreetmap.org/node/2719126503,4 bis
"POINT (2.377187 48.846767)",https://www.openstreetmap.org/node/2725582554,"20"
"POINT (2.38545 48.846056)",https://www.openstreetmap.org/node/2780555350,"19"
"POINT (2.387427 48.847258)",https://www.openstreetmap.org/node/2810060724,"120"
"POINT (2.384434 48.846901)",https://www.openstreetmap.org/node/2844396854,"92"
"POINT (2.381936 48.850228)",https://www.openstreetmap.org/node/2844396856,"172"
"POINT (2.386443 48.847134)",https://www.openstreetmap.org/node/2844396858,"114"
"POINT (2.383137 48.846756)",https://www.openstreetmap.org/node/2844396859,"84"
"POINT (2.378368 48.853197)",https://www.openstreetmap.org/node/2851829634,"58"
"POINT (2.375564 48.855312)",https://www.openstreetmap.org/node/2863322351,"34"
"POINT (2.375689 48.848113)",https://www.openstreetmap.org/node/2874535481,"19"
"POINT (2.381186 48.84654)",https://www.openstreetmap.org/node/2874623565,"68"
"POINT (2.384713 48.846932)",https://www.openstreetmap.org/node/2876157726,"96"
"POINT (2.384028 48.84685)",https://www.openstreetmap.org/node/2876169595,"88"
"POINT (2.387074 48.846396)",https://www.openstreetmap.org/node/288464994,"30"
"POINT (2.385267 48.852825)",https://www.openstreetmap.org/node/2929995922,"25"
"POINT (2.375827 48.842622)",https://www.openstreetmap.org/node/2968674171,"66"
"POINT (2.382516 48.846036)",https://www.openstreetmap.org/node/2995458634,"14"
"POINT (2.380497 48.854717)",https://www.openstreetmap.org/node/3002241102,"16"
"POINT (2.37216 48.854017)",https://www.openstreetmap.org/node/3058148641,"9"
"POINT (2.371844 48.854065)",https://www.openstreetmap.org/node/3058148645,"8"
"POINT (2.367389 48.855578)",https://www.openstreetmap.org/node/3058148650,"38"
"POINT (2.367403 48.855843)",https://www.openstreetmap.org/node/3058148651,"44"
"POINT (2.378825 48.84138)",https://www.openstreetmap.org/node/3075694388,"40"
"POINT (2.378315 48.841534)",https://www.openstreetmap.org/node/3075694389,"42"
"POINT (2.378037 48.841658)",https://www.openstreetmap.org/node/3075694390,"44"
"POINT (2.377602 48.841624)",https://www.openstreetmap.org/node/3075694391,"46"
"POINT (2.377406 48.841731)",https://www.openstreetmap.org/node/3075694392,"48"
"POINT (2.377281 48.841799)",https://www.openstreetmap.org/node/3075694393,"50"
"POINT (2.377112 48.841891)",https://www.openstreetmap.org/node/3075694394,"52"
"POINT (2.376951 48.841978)",https://www.openstreetmap.org/node/3075694395,"54"
"POINT (2.376782 48.84207)",https://www.openstreetmap.org/node/3075694396,"56"
"POINT (2.375943 48.842557)",https://www.openstreetmap.org/node/3075694397,"64"
"POINT (2.375577 48.84276)",https://www.openstreetmap.org/node/3075694398,"70"
"POINT (2.375407 48.842855)",https://www.openstreetmap.org/node/3075694399,"72"
"POINT (2.37477 48.843314)",https://www.openstreetmap.org/node/3075694400,"84"
"POINT (2.374346 48.843552)",https://www.openstreetmap.org/node/3075694401,"86"
"POINT (2.374163 48.843653)",https://www.openstreetmap.org/node/3075694402,"88"
"POINT (2.373767 48.843768)",https://www.openstreetmap.org/node/3075694403,"92"
"POINT (2.373612 48.843929)",https://www.openstreetmap.org/node/3075694404,"96"
"POINT (2.379069 48.85599)",https://www.openstreetmap.org/node/3103985787,"156"
"POINT (2.37873 48.85542)",https://www.openstreetmap.org/node/3103989238,"152"
"POINT (2.388118 48.849427)",https://www.openstreetmap.org/node/3126178830,"228"
"POINT (2.374604 48.841373)",https://www.openstreetmap.org/node/3134973150,"7"
"POINT (2.375165 48.843095)",https://www.openstreetmap.org/node/3149356329,"76"
"POINT (2.374937 48.843224)",https://www.openstreetmap.org/node/3149356330,"80"
"POINT (2.37633 48.842438)",https://www.openstreetmap.org/node/3149396731,"58"
"POINT (2.376273 48.84247)",https://www.openstreetmap.org/node/3149396732,"60"
"POINT (2.370274 48.853696)",https://www.openstreetmap.org/node/3157885439,"10"
"POINT (2.378966 48.856885)",https://www.openstreetmap.org/node/3181177334,"3"
"POINT (2.389364 48.848521)",https://www.openstreetmap.org/node/3211437633,"14"
"POINT (2.389213 48.84844)",https://www.openstreetmap.org/node/3211437634,"16"
"POINT (2.388796 48.848123)",https://www.openstreetmap.org/node/3211437636,"22"
"POINT (2.388674 48.848039)",https://www.openstreetmap.org/node/3211437637,"24"
"POINT (2.388666 48.847999)",https://www.openstreetmap.org/node/3211437638,"26"
"POINT (2.388756 48.847904)",https://www.openstreetmap.org/node/3211437639,"28"
"POINT (2.38883 48.847825)",https://www.openstreetmap.org/node/3211437640,"30"
"POINT (2.389126 48.849258)",https://www.openstreetmap.org/node/3211439483,"238"
"POINT (2.38366 48.845313)",https://www.openstreetmap.org/node/3218265069,"4"
"POINT (2.366652 48.853617)",https://www.openstreetmap.org/node/3221465361,"12"
"POINT (2.384874 48.854501)",https://www.openstreetmap.org/node/3236792406,"104"
"POINT (2.367213 48.856019)",https://www.openstreetmap.org/node/3240796737,"6"
"POINT (2.363302 48.854205)",https://www.openstreetmap.org/node/3240808371,"71"
"POINT (2.384203 48.844748)",https://www.openstreetmap.org/node/3267184050,"159"
"POINT (2.376722 48.853413)",https://www.openstreetmap.org/node/327523140,"41"
"POINT (2.379442 48.856619)",https://www.openstreetmap.org/node/3286543310,"164"
"POINT (2.376426 48.852169)",https://www.openstreetmap.org/node/3286567589,"97"
"POINT (2.377325 48.852988)",https://www.openstreetmap.org/node/3286567591,"116"
"POINT (2.382071 48.854031)",https://www.openstreetmap.org/node/3286567597,"2"
"POINT (2.381418 48.844104)",https://www.openstreetmap.org/node/329417349,"87"
"POINT (2.376036 48.851599)",https://www.openstreetmap.org/node/3354120057,"99"
"POINT (2.378733 48.851013)",https://www.openstreetmap.org/node/3354167646,"8"
"POINT (2.372512 48.844022)",https://www.openstreetmap.org/node/3354280201,193-197
"POINT (2.385548 48.848723)",https://www.openstreetmap.org/node/3372393965,"20"
"POINT (2.363722 48.853134)",https://www.openstreetmap.org/node/3382466328,"13"
"POINT (2.386253 48.852523)",https://www.openstreetmap.org/node/3424369493,"27"
"POINT (2.378216 48.844852)",https://www.openstreetmap.org/node/3424382993,17 - 21
"POINT (2.37164 48.853972)",https://www.openstreetmap.org/node/3424757317,"1"
"POINT (2.371629 48.853911)",https://www.openstreetmap.org/node/3424757321,"2"
"POINT (2.367384 48.854514)",https://www.openstreetmap.org/node/3458163913,"16"
"POINT (2.371449 48.854259)",https://www.openstreetmap.org/node/3461210560,"32"
"POINT (2.371105 48.853957)",https://www.openstreetmap.org/node/3461214100,"22"
"POINT (2.375875 48.845016)",https://www.openstreetmap.org/node/3474659231,"26"
"POINT (2.382886 48.843419)",https://www.openstreetmap.org/node/3486922690,"90"
"POINT (2.373543 48.852053)",https://www.openstreetmap.org/node/3496852096,"59"
"POINT (2.37346 48.852077)",https://www.openstreetmap.org/node/3496852097,"59"
"POINT (2.385798 48.850813)",https://www.openstreetmap.org/node/3518800393,"4"
"POINT (2.386677 48.850534)",https://www.openstreetmap.org/node/3518800493,"35"
"POINT (2.37064 48.85323)",https://www.openstreetmap.org/node/3551392693,3 bis
"POINT (2.389616 48.849456)",https://www.openstreetmap.org/node/3572374194,"281"
"POINT (2.380107 48.856606)",https://www.openstreetmap.org/node/3575298895,"43"
"POINT (2.380763 48.851686)",https://www.openstreetmap.org/node/3575298896,"20"
"POINT (2.36703 48.852972)",https://www.openstreetmap.org/node/3594411464,"10"
"POINT (2.374049 48.846338)",https://www.openstreetmap.org/node/3596314875,"4"
"POINT (2.374237 48.84838)",https://www.openstreetmap.org/node/3596314878,"32"
"POINT (2.374187 48.849836)",https://www.openstreetmap.org/node/3596314880,"73"
"POINT (2.374099 48.849905)",https://www.openstreetmap.org/node/3596314881,"73"
"POINT (2.371369 48.852202)",https://www.openstreetmap.org/node/3596316617,"29"
"POINT (2.374053 48.846415)",https://www.openstreetmap.org/node/3596317051,4 bis
"POINT (2.380855 48.853589)",https://www.openstreetmap.org/node/3602657895,"80"
"POINT (2.380956 48.853603)",https://www.openstreetmap.org/node/3602657896,"80"
"POINT (2.374684 48.847403)",https://www.openstreetmap.org/node/3617004593,"30"
"POINT (2.369134 48.84725)",https://www.openstreetmap.org/node/3632640208,"242"
"POINT (2.371955 48.848731)",https://www.openstreetmap.org/node/3653081796,"10"
"POINT (2.371896 48.848759)",https://www.openstreetmap.org/node/3653089525,"10"
"POINT (2.37203 48.848532)",https://www.openstreetmap.org/node/3653924043,"55"
"POINT (2.37844 48.849524)",https://www.openstreetmap.org/node/3656615987,"15"
"POINT (2.38656 48.852859)",https://www.openstreetmap.org/node/367906176,32b
"POINT (2.379997 48.846397)",https://www.openstreetmap.org/node/3681460477,"56"
"POINT (2.383234 48.845167)",https://www.openstreetmap.org/node/3689296455,"2"
"POINT (2.379531 48.846255)",https://www.openstreetmap.org/node/3689835434,"2"
"POINT (2.383266 48.843287)",https://www.openstreetmap.org/node/3699554984,"96"
"POINT (2.383738 48.846144)",https://www.openstreetmap.org/node/3712185239,"14"
"POINT (2.380918 48.856749)",https://www.openstreetmap.org/node/3741516939,"47"
"POINT (2.382111 48.855222)",https://www.openstreetmap.org/node/3801134121,"20"
"POINT (2.375087 48.850559)",https://www.openstreetmap.org/node/3821219770,"79"
"POINT (2.382708 48.845306)",https://www.openstreetmap.org/node/3834162505,"5"
"POINT (2.382068 48.853822)",https://www.openstreetmap.org/node/3835619810,"92"
"POINT (2.371079 48.848008)",https://www.openstreetmap.org/node/3858378262,"45"
"POINT (2.37881 48.84828)",https://www.openstreetmap.org/node/3875439227,"24"
"POINT (2.378676 48.849467)",https://www.openstreetmap.org/node/3875439228,"22"
"POINT (2.384775 48.853251)",https://www.openstreetmap.org/node/3928822549,"5"
"POINT (2.371862 48.852557)",https://www.openstreetmap.org/node/3992830919,"33"
"POINT (2.37212 48.852473)",https://www.openstreetmap.org/node/3992830922,"39"
"POINT (2.372214 48.852445)",https://www.openstreetmap.org/node/3992830923,"41"
"POINT (2.372315 48.852416)",https://www.openstreetmap.org/node/3992830924,"43"
"POINT (2.372549 48.852343)",https://www.openstreetmap.org/node/3992830926,"47"
"POINT (2.372746 48.852286)",https://www.openstreetmap.org/node/3992830927,"47"
"POINT (2.373039 48.852199)",https://www.openstreetmap.org/node/3992830929,"53"
"POINT (2.373103 48.852184)",https://www.openstreetmap.org/node/3992830930,"53"
"POINT (2.373198 48.852161)",https://www.openstreetmap.org/node/3992830931,"55"
"POINT (2.373351 48.852113)",https://www.openstreetmap.org/node/3992830933,"57"
"POINT (2.365472 48.856345)",https://www.openstreetmap.org/node/4002415349,"25"
"POINT (2.374222 48.851889)",https://www.openstreetmap.org/node/4003965812,"67"
"POINT (2.374325 48.851864)",https://www.openstreetmap.org/node/4003965813,"69"
"POINT (2.374646 48.85178)",https://www.openstreetmap.org/node/4003965814,"77"
"POINT (2.374783 48.85175)",https://www.openstreetmap.org/node/4003965815,"81"
"POINT (2.374835 48.851738)",https://www.openstreetmap.org/node/4003965816,"81"
"POINT (2.374895 48.851728)",https://www.openstreetmap.org/node/4003965817,"83"
"POINT (2.377751 48.851016)",https://www.openstreetmap.org/node/4003965820,"133"
"POINT (2.375258 48.851377)",https://www.openstreetmap.org/node/4003975673,"86"
"POINT (2.375363 48.851355)",https://www.openstreetmap.org/node/4004312566,"88"
"POINT (2.375089 48.851418)",https://www.openstreetmap.org/node/4004312567,"84"
"POINT (2.374969 48.851445)",https://www.openstreetmap.org/node/4004312568,"82"
"POINT (2.374865 48.85147)",https://www.openstreetmap.org/node/4004312569,"82"
"POINT (2.374609 48.851519)",https://www.openstreetmap.org/node/4004312570,"80"
"POINT (2.374409 48.851581)",https://www.openstreetmap.org/node/4004312572,"78"
"POINT (2.374319 48.851603)",https://www.openstreetmap.org/node/4004312573,"76"
"POINT (2.374192 48.851639)",https://www.openstreetmap.org/node/4004312574,"74"
"POINT (2.374033 48.851679)",https://www.openstreetmap.org/node/4004312575,"74"
"POINT (2.373881 48.851719)",https://www.openstreetmap.org/node/4004312576,70 - 72
"POINT (2.373192 48.851916)",https://www.openstreetmap.org/node/4004312582,"58"
"POINT (2.375577 48.853862)",https://www.openstreetmap.org/node/4004690173,4-6
"POINT (2.369032 48.847041)",https://www.openstreetmap.org/node/4029889064,"237"
"POINT (2.381094 48.849744)",https://www.openstreetmap.org/node/4054513400,"41"
"POINT (2.383281 48.845357)",https://www.openstreetmap.org/node/4180885042,"3"
"POINT (2.383265 48.845244)",https://www.openstreetmap.org/node/4180886664,"1"
"POINT (2.374945 48.849326)",https://www.openstreetmap.org/node/4212631172,"44"
"POINT (2.37474 48.849345)",https://www.openstreetmap.org/node/4212631174,"65"
"POINT (2.37637 48.846612)",https://www.openstreetmap.org/node/4226407970,"38"
"POINT (2.37848 48.848504)",https://www.openstreetmap.org/node/4239934315,"12"
"POINT (2.370895 48.854079)",https://www.openstreetmap.org/node/4241734848,"9"
"POINT (2.383723 48.847539)",https://www.openstreetmap.org/node/4271243602,19b
"POINT (2.378152 48.844152)",https://www.openstreetmap.org/node/4275494905,"7"
"POINT (2.377673 48.844332)",https://www.openstreetmap.org/node/4275494906,"9"
"POINT (2.378723 48.848569)",https://www.openstreetmap.org/node/428032271,"15"
"POINT (2.383963 48.846818)",https://www.openstreetmap.org/node/428034295,"88"
"POINT (2.385728 48.847054)",https://www.openstreetmap.org/node/428037464,"104"
"POINT (2.384102 48.851558)",https://www.openstreetmap.org/node/428038700,"18"
"POINT (2.380509 48.848039)",https://www.openstreetmap.org/node/428039924,"43"
"POINT (2.379095 48.846833)",https://www.openstreetmap.org/node/428040083,"3"
"POINT (2.377221 48.848978)",https://www.openstreetmap.org/node/428040493,"11"
"POINT (2.377381 48.84944)",https://www.openstreetmap.org/node/428040634,"1"
"POINT (2.381766 48.850549)",https://www.openstreetmap.org/node/428043240,"189"
"POINT (2.379212 48.853276)",https://www.openstreetmap.org/node/428043446,"66"
"POINT (2.378425 48.850883)",https://www.openstreetmap.org/node/428043648,"1"
"POINT (2.374254 48.849816)",https://www.openstreetmap.org/node/428044584,"73"
"POINT (2.372569 48.848404)",https://www.openstreetmap.org/node/428044937,"14"
"POINT (2.371251 48.849036)",https://www.openstreetmap.org/node/428045071,"32"
"POINT (2.383654 48.845129)",https://www.openstreetmap.org/node/428048443,"2"
"POINT (2.383979 48.850042)",https://www.openstreetmap.org/node/428061784,"196"
"POINT (2.381471 48.850259)",https://www.openstreetmap.org/node/428062039,"164"
"POINT (2.377995 48.85228)",https://www.openstreetmap.org/node/428064680,"15"
"POINT (2.378182 48.851671)",https://www.openstreetmap.org/node/428064691,"8"
"POINT (2.378321 48.851652)",https://www.openstreetmap.org/node/428064695,"6"
"POINT (2.381658 48.846586)",https://www.openstreetmap.org/node/428064988,"72"
"POINT (2.382051 48.846631)",https://www.openstreetmap.org/node/428065105,"74"
"POINT (2.387086 48.847187)",https://www.openstreetmap.org/node/428132767,"118"
"POINT (2.384603 48.850582)",https://www.openstreetmap.org/node/428133145,"6"
"POINT (2.384154 48.850585)",https://www.openstreetmap.org/node/428133253,"1"
"POINT (2.383404 48.844591)",https://www.openstreetmap.org/node/428161696,"10"
"POINT (2.378597 48.846563)",https://www.openstreetmap.org/node/428162004,"39"
"POINT (2.378157 48.850922)",https://www.openstreetmap.org/node/428162876,"137"
"POINT (2.382773 48.853003)",https://www.openstreetmap.org/node/428163878,"33"
"POINT (2.389514 48.849204)",https://www.openstreetmap.org/node/428164786,"240"
"POINT (2.366531 48.85537)",https://www.openstreetmap.org/node/4281854742,"14"
"POINT (2.379366 48.846036)",https://www.openstreetmap.org/node/4291615044,"128"
"POINT (2.375423 48.851901)",https://www.openstreetmap.org/node/4299148795,"89"
"POINT (2.369375 48.854874)",https://www.openstreetmap.org/node/4355760041,"3"
"POINT (2.383335 48.845661)",https://www.openstreetmap.org/node/4364471972,"7"
"POINT (2.385525 48.84981)",https://www.openstreetmap.org/node/4405905297,"204"
"POINT (2.376218 48.85319)",https://www.openstreetmap.org/node/4415662890,"34"
"POINT (2.380211 48.853715)",https://www.openstreetmap.org/node/4418799192,"3"
"POINT (2.367628 48.852236)",https://www.openstreetmap.org/node/4582362405,"37"
"POINT (2.364763 48.848858)",https://www.openstreetmap.org/node/4604869997,"10"
"POINT (2.367739 48.855934)",https://www.openstreetmap.org/node/4624356489,"4"
"POINT (2.376594 48.846891)",https://www.openstreetmap.org/node/4705447996,"65"
"POINT (2.376258 48.851869)",https://www.openstreetmap.org/node/4784209730,"93"
"POINT (2.382591 48.854397)",https://www.openstreetmap.org/node/4784221023,4 bis
"POINT (2.38111 48.855473)",https://www.openstreetmap.org/node/4784221122,"26"
"POINT (2.376046 48.849908)",https://www.openstreetmap.org/node/4797107924,"8"
"POINT (2.376966 48.85237)",https://www.openstreetmap.org/node/4838743624,"104"
"POINT (2.37709 48.852561)",https://www.openstreetmap.org/node/4838743625,"108"
"POINT (2.377157 48.852695)",https://www.openstreetmap.org/node/4838743626,"110"
"POINT (2.376932 48.852299)",https://www.openstreetmap.org/node/4838743627,"104"
"POINT (2.376485 48.85222)",https://www.openstreetmap.org/node/4838747925,"99"
"POINT (2.376502 48.852277)",https://www.openstreetmap.org/node/4838747926,"99"
"POINT (2.376984 48.853144)",https://www.openstreetmap.org/node/4838747927,"113"
"POINT (2.377226 48.852263)",https://www.openstreetmap.org/node/4838753721,"18"
"POINT (2.378219 48.850365)",https://www.openstreetmap.org/node/4841263321,"31"
"POINT (2.37797 48.850027)",https://www.openstreetmap.org/node/4841263421,"27"
"POINT (2.379309 48.849523)",https://www.openstreetmap.org/node/4841276725,"73"
"POINT (2.377292 48.849066)",https://www.openstreetmap.org/node/4841378922,11 bis
"POINT (2.363126 48.854641)",https://www.openstreetmap.org/node/4848933204,"2"
"POINT (2.381423 48.850829)",https://www.openstreetmap.org/node/4858064651,"5"
"POINT (2.383515 48.846612)",https://www.openstreetmap.org/node/486121563,"17"
"POINT (2.383479 48.846475)",https://www.openstreetmap.org/node/486121568,15 bis
"POINT (2.383398 48.845896)",https://www.openstreetmap.org/node/4903781668,"11"
"POINT (2.378585 48.845046)",https://www.openstreetmap.org/node/4907843989,"27"
"POINT (2.378972 48.844642)",https://www.openstreetmap.org/node/4907843990,"4"
"POINT (2.378823 48.844578)",https://www.openstreetmap.org/node/4907843991,"3"
"POINT (2.378846 48.844764)",https://www.openstreetmap.org/node/4907843992,"6"
"POINT (2.378702 48.844714)",https://www.openstreetmap.org/node/4907843993,"5"
"POINT (2.378209 48.844486)",https://www.openstreetmap.org/node/4907843994,"6"
"POINT (2.378321 48.844436)",https://www.openstreetmap.org/node/4907843995,"4"
"POINT (2.378433 48.844365)",https://www.openstreetmap.org/node/4907843996,"2"
"POINT (2.361211 48.853104)",https://www.openstreetmap.org/node/4909369400,"11"
"POINT (2.361121 48.853024)",https://www.openstreetmap.org/node/4909369403,"9"
"POINT (2.360994 48.852912)",https://www.openstreetmap.org/node/4909369405,"7"
"POINT (2.380131 48.84854)",https://www.openstreetmap.org/node/4916335118,"51"
"POINT (2.380101 48.848581)",https://www.openstreetmap.org/node/4916336354,"51"
"POINT (2.378022 48.8501)",https://www.openstreetmap.org/node/4919837923,"27"
"POINT (2.38258 48.846705)",https://www.openstreetmap.org/node/4928636411,"76"
"POINT (2.38565 48.84856)",https://www.openstreetmap.org/node/4935628441,"1"
"POINT (2.391193 48.847357)",https://www.openstreetmap.org/node/4952663458,"152"
"POINT (2.391668 48.847732)",https://www.openstreetmap.org/node/4952663459,158/160
"POINT (2.370951 48.8485)",https://www.openstreetmap.org/node/4966187139,"37"
"POINT (2.365857 48.848195)",https://www.openstreetmap.org/node/4991953450,"7"
"POINT (2.365917 48.848326)",https://www.openstreetmap.org/node/4991953451,7 bis
"POINT (2.375447 48.851564)",https://www.openstreetmap.org/node/5023043114,"95"
"POINT (2.379197 48.852406)",https://www.openstreetmap.org/node/5026068722,"46"
"POINT (2.367957 48.854489)",https://www.openstreetmap.org/node/5080236421,"13"
"POINT (2.386854 48.847034)",https://www.openstreetmap.org/node/508588085,"24"
"POINT (2.381388 48.850612)",https://www.openstreetmap.org/node/508588158,"1"
"POINT (2.378297 48.849371)",https://www.openstreetmap.org/node/508588172,"13"
"POINT (2.378087 48.850208)",https://www.openstreetmap.org/node/508588181,"27"
"POINT (2.379304 48.850256)",https://www.openstreetmap.org/node/508597067,"34"
"POINT (2.382163 48.854049)",https://www.openstreetmap.org/node/5091650628,"87"
"POINT (2.371817 48.843709)",https://www.openstreetmap.org/node/5094920523,"8"
"POINT (2.375459 48.851562)",https://www.openstreetmap.org/node/5097577715,"95"
"POINT (2.383772 48.844745)",https://www.openstreetmap.org/node/5146683602,"157"
"POINT (2.383713 48.844426)",https://www.openstreetmap.org/node/5146683603,"170"
"POINT (2.378404 48.849482)",https://www.openstreetmap.org/node/5150136177,"15"
"POINT (2.384914 48.850183)",https://www.openstreetmap.org/node/5171732239,"237"
"POINT (2.387201 48.849851)",https://www.openstreetmap.org/node/5172512060,"261"
"POINT (2.382165 48.850213)",https://www.openstreetmap.org/node/5175150178,"172"
"POINT (2.385171 48.850145)",https://www.openstreetmap.org/node/5175155410,"241"
"POINT (2.390242 48.849371)",https://www.openstreetmap.org/node/5176999415,"287"
"POINT (2.387237 48.849564)",https://www.openstreetmap.org/node/5180377562,"218"
"POINT (2.38658 48.849938)",https://www.openstreetmap.org/node/5180381468,"255"
"POINT (2.38499 48.852433)",https://www.openstreetmap.org/node/5245859167,"22"
"POINT (2.381425 48.856798)",https://www.openstreetmap.org/node/5249646022,"138"
"POINT (2.378758 48.85176)",https://www.openstreetmap.org/node/5286075924,"13"
"POINT (2.380612 48.857129)",https://www.openstreetmap.org/node/5286145721,"53"
"POINT (2.376221 48.851019)",https://www.openstreetmap.org/node/530272869,"80"
"POINT (2.374047 48.847079)",https://www.openstreetmap.org/node/530272877,"10"
"POINT (2.37338 48.850553)",https://www.openstreetmap.org/node/530272889,"59"
"POINT (2.373693 48.846653)",https://www.openstreetmap.org/node/530272895,7 bis
"POINT (2.374604 48.849148)",https://www.openstreetmap.org/node/530272907,"63"
"POINT (2.374029 48.849694)",https://www.openstreetmap.org/node/530272910,"73"
"POINT (2.373636 48.846032)",https://www.openstreetmap.org/node/530272912,23 bis
"POINT (2.371708 48.846747)",https://www.openstreetmap.org/node/530272919,"11"
"POINT (2.369964 48.853969)",https://www.openstreetmap.org/node/530273789,"4"
"POINT (2.375248 48.847561)",https://www.openstreetmap.org/node/530275195,"43"
"POINT (2.372544 48.846034)",https://www.openstreetmap.org/node/530751136,2 bis
"POINT (2.371949 48.846245)",https://www.openstreetmap.org/node/530751143,"5"
"POINT (2.372834 48.846898)",https://www.openstreetmap.org/node/530751145,"3"
"POINT (2.37187 48.845811)",https://www.openstreetmap.org/node/530878026,"19"
"POINT (2.390304 48.84936)",https://www.openstreetmap.org/node/531496445,"287"
"POINT (2.390766 48.849002)",https://www.openstreetmap.org/node/531496772,"252"
"POINT (2.378883 48.849748)",https://www.openstreetmap.org/node/531497617,"30"
"POINT (2.364126 48.854)",https://www.openstreetmap.org/node/5324689769,"55"
"POINT (2.380583 48.853695)",https://www.openstreetmap.org/node/5325750895,"71"
"POINT (2.373466 48.84317)",https://www.openstreetmap.org/node/5333273181,"54"
"POINT (2.375748 48.849174)",https://www.openstreetmap.org/node/534793205,"7"
"POINT (2.375531 48.845893)",https://www.openstreetmap.org/node/534908405,28 bis
"POINT (2.375351 48.845875)",https://www.openstreetmap.org/node/534909894,"28"
"POINT (2.375074 48.845847)",https://www.openstreetmap.org/node/534910294,"26"
"POINT (2.373053 48.846925)",https://www.openstreetmap.org/node/534916265,"5"
"POINT (2.37276 48.846639)",https://www.openstreetmap.org/node/534916435,"4"
"POINT (2.370162 48.846804)",https://www.openstreetmap.org/node/535869178,"3"
"POINT (2.369197 48.846859)",https://www.openstreetmap.org/node/535873263,"235"
"POINT (2.369072 48.846786)",https://www.openstreetmap.org/node/535873622,"21"
"POINT (2.370829 48.845673)",https://www.openstreetmap.org/node/535941817,"13"
"POINT (2.371715 48.845795)",https://www.openstreetmap.org/node/535942816,"19"
"POINT (2.380588 48.857268)",https://www.openstreetmap.org/node/5368408653,"55"
"POINT (2.36853 48.854313)",https://www.openstreetmap.org/node/5412602273,"7"
"POINT (2.38212 48.84602)",https://www.openstreetmap.org/node/5493190130,"17"
"POINT (2.374038 48.847476)",https://www.openstreetmap.org/node/5505805046,"14"
"POINT (2.383864 48.846561)",https://www.openstreetmap.org/node/5580109076,"20"
"POINT (2.377449 48.847014)",https://www.openstreetmap.org/node/5610077926,"22"
"POINT (2.376802 48.850666)",https://www.openstreetmap.org/node/5615254423,"9"
"POINT (2.379152 48.852264)",https://www.openstreetmap.org/node/5615254722,"44"
"POINT (2.378998 48.851764)",https://www.openstreetmap.org/node/5615254723,"24"
"POINT (2.376668 48.850486)",https://www.openstreetmap.org/node/5615261723,"5"
"POINT (2.366625 48.856164)",https://www.openstreetmap.org/node/5651889563,"24"
"POINT (2.371837 48.84444)",https://www.openstreetmap.org/node/5654134858,201-203
"POINT (2.378096 48.845756)",https://www.openstreetmap.org/node/5658877860,"46"
"POINT (2.384998 48.85017)",https://www.openstreetmap.org/node/5678413918,"239"
"POINT (2.373995 48.841123)",https://www.openstreetmap.org/node/5708358432,"30"
"POINT (2.383357 48.846795)",https://www.openstreetmap.org/node/5743940227,"86"
"POINT (2.382804 48.844679)",https://www.openstreetmap.org/node/5745855520,"14"
"POINT (2.368951 48.855038)",https://www.openstreetmap.org/node/5764144711,"14"
"POINT (2.381378 48.84656)",https://www.openstreetmap.org/node/5787321094,"70"
"POINT (2.381287 48.846552)",https://www.openstreetmap.org/node/5787321095,"68"
"POINT (2.378384 48.85553)",https://www.openstreetmap.org/node/5809411977,"159"
"POINT (2.381751 48.853729)",https://www.openstreetmap.org/node/5856269514,"90"
"POINT (2.380299 48.846436)",https://www.openstreetmap.org/node/5856400137,"58"
"POINT (2.380417 48.846424)",https://www.openstreetmap.org/node/5856400138,"60"
"POINT (2.381078 48.846527)",https://www.openstreetmap.org/node/5856400139,"70"
"POINT (2.382953 48.846744)",https://www.openstreetmap.org/node/5856400140,"82"
"POINT (2.379605 48.846362)",https://www.openstreetmap.org/node/5860686110,"52"
"POINT (2.379028 48.846286)",https://www.openstreetmap.org/node/5860686111,"50"
"POINT (2.367081 48.855913)",https://www.openstreetmap.org/node/586568216,"9"
"POINT (2.378058 48.846523)",https://www.openstreetmap.org/node/5868203553,"35"
"POINT (2.379507 48.854847)",https://www.openstreetmap.org/node/5878425002,24 bis
"POINT (2.379322 48.855077)",https://www.openstreetmap.org/node/5878425006,"26"
"POINT (2.384726 48.852534)",https://www.openstreetmap.org/node/589485677,"23"
"POINT (2.37472 48.841435)",https://www.openstreetmap.org/node/5915863985,"9"
"POINT (2.378829 48.849673)",https://www.openstreetmap.org/node/5918167585,"26"
"POINT (2.380058 48.850577)",https://www.openstreetmap.org/node/5922633839,"165"
"POINT (2.374291 48.850945)",https://www.openstreetmap.org/node/5940610693,"9"
"POINT (2.38032 48.85382)",https://www.openstreetmap.org/node/5952303045,"4"
"POINT (2.364073 48.85286)",https://www.openstreetmap.org/node/5961803738,"23"
"POINT (2.381998 48.85382)",https://www.openstreetmap.org/node/597841845,"92"
"POINT (2.37849 48.849603)",https://www.openstreetmap.org/node/597841852,"17"
"POINT (2.380371 48.848212)",https://www.openstreetmap.org/node/597841862,"45"
"POINT (2.383203 48.851063)",https://www.openstreetmap.org/node/5986061866,"10"
"POINT (2.384794 48.853293)",https://www.openstreetmap.org/node/6002372144,"5"
"POINT (2.376597 48.851686)",https://www.openstreetmap.org/node/6003297015,"94"
"POINT (2.378272 48.848507)",https://www.openstreetmap.org/node/6025772037,"12"
"POINT (2.383105 48.853409)",https://www.openstreetmap.org/node/6034943364,"18"
"POINT (2.366323 48.852852)",https://www.openstreetmap.org/node/6035252386,"8"
"POINT (2.382329 48.85439)",https://www.openstreetmap.org/node/6066959124,"5"
"POINT (2.383404 48.85052)",https://www.openstreetmap.org/node/6104173736,"217"
"POINT (2.371559 48.854205)",https://www.openstreetmap.org/node/6221012936,"4"
"POINT (2.3757 48.847596)",https://www.openstreetmap.org/node/6270714964,"14"
"POINT (2.375649 48.841885)",https://www.openstreetmap.org/node/6272993898,"25"
"POINT (2.380111 48.853581)",https://www.openstreetmap.org/node/6278648492,"69"
"POINT (2.383342 48.844606)",https://www.openstreetmap.org/node/6299203625,"8"
"POINT (2.383521 48.844554)",https://www.openstreetmap.org/node/6299203627,"10"
"POINT (2.364512 48.854155)",https://www.openstreetmap.org/node/632026103,"44"
"POINT (2.374102 48.854986)",https://www.openstreetmap.org/node/6386811636,"3"
"POINT (2.380521 48.857338)",https://www.openstreetmap.org/node/6398311785,"132"
"POINT (2.36922 48.84653)",https://www.openstreetmap.org/node/6407089117,"20"
"POINT (2.369285 48.846576)",https://www.openstreetmap.org/node/6407089205,"20"
"POINT (2.387066 48.849599)",https://www.openstreetmap.org/node/6475761785,"218"
"POINT (2.386818 48.849637)",https://www.openstreetmap.org/node/6475763187,"216"
"POINT (2.386037 48.849761)",https://www.openstreetmap.org/node/6475822285,"210"
"POINT (2.379218 48.856239)",https://www.openstreetmap.org/node/6496145375,"162"
"POINT (2.379281 48.856329)",https://www.openstreetmap.org/node/6496145377,"162"
"POINT (2.363241 48.849146)",https://www.openstreetmap.org/node/6531553285,"4;4 bis"
"POINT (2.363618 48.848283)",https://www.openstreetmap.org/node/6532198447,14-16
"POINT (2.363874 48.84811)",https://www.openstreetmap.org/node/6532198448,12 bis
"POINT (2.380106 48.850633)",https://www.openstreetmap.org/node/6535967729,1b
"POINT (2.368387 48.855035)",https://www.openstreetmap.org/node/6543518097,"17"
"POINT (2.383021 48.850046)",https://www.openstreetmap.org/node/6549902849,"186"
"POINT (2.375698 48.852107)",https://www.openstreetmap.org/node/6553485585,"89"
"POINT (2.374539 48.851493)",https://www.openstreetmap.org/node/6587235045,"80"
"POINT (2.383406 48.845963)",https://www.openstreetmap.org/node/6610235078,11 bis
"POINT (2.383418 48.846011)",https://www.openstreetmap.org/node/6610235079,11 bis
"POINT (2.383425 48.846054)",https://www.openstreetmap.org/node/6610235080,11 bis
"POINT (2.368814 48.85565)",https://www.openstreetmap.org/node/6652809543,"26"
"POINT (2.368921 48.855171)",https://www.openstreetmap.org/node/6652809548,"18"
"POINT (2.371075 48.847968)",https://www.openstreetmap.org/node/667304745,"45"
"POINT (2.374821 48.849926)",https://www.openstreetmap.org/node/667338338,"80"
"POINT (2.379681 48.843744)",https://www.openstreetmap.org/node/6700005918,"2"
"POINT (2.379562 48.843811)",https://www.openstreetmap.org/node/6700005919,"4"
"POINT (2.379433 48.843882)",https://www.openstreetmap.org/node/6700005920,"6"
"POINT (2.37927 48.843971)",https://www.openstreetmap.org/node/6700005921,"8"
"POINT (2.379139 48.844054)",https://www.openstreetmap.org/node/6700005922,"10"
"POINT (2.379094 48.844133)",https://www.openstreetmap.org/node/6700005923,"12"
"POINT (2.378069 48.848552)",https://www.openstreetmap.org/node/671825377,"8"
"POINT (2.364056 48.852611)",https://www.openstreetmap.org/node/6718694512,"21"
"POINT (2.364966 48.854489)",https://www.openstreetmap.org/node/6765292540,"7"
"POINT (2.378294 48.850225)",https://www.openstreetmap.org/node/6766354949,"24"
"POINT (2.388329 48.850516)",https://www.openstreetmap.org/node/6776050685,"45"
"POINT (2.383325 48.852701)",https://www.openstreetmap.org/node/6869150215,"32"
"POINT (2.368884 48.855359)",https://www.openstreetmap.org/node/6873526440,"22"
"POINT (2.387927 48.847978)",https://www.openstreetmap.org/node/6936025732,"12"
"POINT (2.372613 48.846641)",https://www.openstreetmap.org/node/6937134125,"4"
"POINT (2.371684 48.851398)",https://www.openstreetmap.org/node/697074881,28C
"POINT (2.388486 48.849359)",https://www.openstreetmap.org/node/7022089148,"232"
"POINT (2.363202 48.855278)",https://www.openstreetmap.org/node/703460732,"4"
"POINT (2.363136 48.855085)",https://www.openstreetmap.org/node/703460749,"1"
"POINT (2.363183 48.855147)",https://www.openstreetmap.org/node/703460760,"2"
"POINT (2.363496 48.855449)",https://www.openstreetmap.org/node/703460767,"13"
"POINT (2.36339 48.855308)",https://www.openstreetmap.org/node/703460773,"9"
"POINT (2.363151 48.855201)",https://www.openstreetmap.org/node/703460799,"2"
"POINT (2.363339 48.85524)",https://www.openstreetmap.org/node/703460802,"7"
"POINT (2.363284 48.855167)",https://www.openstreetmap.org/node/703460827,"5"
"POINT (2.36344 48.855376)",https://www.openstreetmap.org/node/703460840,"11"
"POINT (2.363444 48.855522)",https://www.openstreetmap.org/node/703460899,"1"
"POINT (2.363079 48.854896)",https://www.openstreetmap.org/node/703460919,1 bis
"POINT (2.362893 48.854689)",https://www.openstreetmap.org/node/703460950,"74"
"POINT (2.363016 48.854812)",https://www.openstreetmap.org/node/703460957,"1"
"POINT (2.3628 48.854731)",https://www.openstreetmap.org/node/703461042,"78"
"POINT (2.362849 48.854709)",https://www.openstreetmap.org/node/703461066,"76"
"POINT (2.363452 48.855586)",https://www.openstreetmap.org/node/703486103,"2"
"POINT (2.364082 48.856299)",https://www.openstreetmap.org/node/703486184,"25"
"POINT (2.363978 48.856141)",https://www.openstreetmap.org/node/703486240,"23"
"POINT (2.364128 48.856476)",https://www.openstreetmap.org/node/703486250,1 bis
"POINT (2.3636 48.855586)",https://www.openstreetmap.org/node/703486255,"15"
"POINT (2.363886 48.855981)",https://www.openstreetmap.org/node/703486272,"21"
"POINT (2.363652 48.855655)",https://www.openstreetmap.org/node/703486332,"17"
"POINT (2.36415 48.856399)",https://www.openstreetmap.org/node/703486429,"27"
"POINT (2.378426 48.855934)",https://www.openstreetmap.org/node/7036244784,"41"
"POINT (2.378333 48.856335)",https://www.openstreetmap.org/node/7036278204,"50"
"POINT (2.365906 48.85408)",https://www.openstreetmap.org/node/703837517,"4"
"POINT (2.36656 48.855523)",https://www.openstreetmap.org/node/703854225,"16"
"POINT (2.364358 48.855283)",https://www.openstreetmap.org/node/703854232,"9"
"POINT (2.36633 48.854916)",https://www.openstreetmap.org/node/703854235,"8"
"POINT (2.364652 48.856041)",https://www.openstreetmap.org/node/703854256,"17"
"POINT (2.36444 48.855111)",https://www.openstreetmap.org/node/703854259,"5"
"POINT (2.364577 48.855849)",https://www.openstreetmap.org/node/703854263,"15"
"POINT (2.365674 48.8549)",https://www.openstreetmap.org/node/703854265,"2"
"POINT (2.36662 48.855682)",https://www.openstreetmap.org/node/703854270,"18"
"POINT (2.364702 48.855067)",https://www.openstreetmap.org/node/703854273,"3"
"POINT (2.366377 48.855044)",https://www.openstreetmap.org/node/703854276,"10"
"POINT (2.364516 48.855691)",https://www.openstreetmap.org/node/703854278,"13"
"POINT (2.366668 48.855806)",https://www.openstreetmap.org/node/703854281,"20"
"POINT (2.365886 48.854865)",https://www.openstreetmap.org/node/703854283,"4"
"POINT (2.366415 48.85514)",https://www.openstreetmap.org/node/703854284,"12"
"POINT (2.366706 48.855904)",https://www.openstreetmap.org/node/703854285,"22"
"POINT (2.365007 48.855014)",https://www.openstreetmap.org/node/703854286,1 bis
"POINT (2.366522 48.855424)",https://www.openstreetmap.org/node/703854287,"14"
"POINT (2.364443 48.8555)",https://www.openstreetmap.org/node/703854289,"11"
"POINT (2.366194 48.854811)",https://www.openstreetmap.org/node/703854292,"6"
"POINT (2.366292 48.854816)",https://www.openstreetmap.org/node/703854295,6 bis
"POINT (2.364711 48.856193)",https://www.openstreetmap.org/node/703854297,"19"
"POINT (2.365224 48.854982)",https://www.openstreetmap.org/node/703854300,"1"
"POINT (2.366498 48.854243)",https://www.openstreetmap.org/node/703870749,"5"
"POINT (2.366463 48.853636)",https://www.openstreetmap.org/node/703870759,16 bis
"POINT (2.364147 48.856105)",https://www.openstreetmap.org/node/703870766,"18"
"POINT (2.36346 48.854475)",https://www.openstreetmap.org/node/703870770,"64"
"POINT (2.363434 48.855107)",https://www.openstreetmap.org/node/703870771,"6"
"POINT (2.367279 48.853837)",https://www.openstreetmap.org/node/703870772,"1"
"POINT (2.367185 48.855918)",https://www.openstreetmap.org/node/703870774,"9"
"POINT (2.366801 48.855979)",https://www.openstreetmap.org/node/703870775,"15"
"POINT (2.367245 48.854265)",https://www.openstreetmap.org/node/703870776,"11"
"POINT (2.366625 48.853597)",https://www.openstreetmap.org/node/703870777,"12"
"POINT (2.367291 48.853972)",https://www.openstreetmap.org/node/703870781,"3"
"POINT (2.367245 48.855706)",https://www.openstreetmap.org/node/703870785,"25"
"POINT (2.364906 48.854248)",https://www.openstreetmap.org/node/703870787,"3"
"POINT (2.36723 48.854383)",https://www.openstreetmap.org/node/703870801,"13"
"POINT (2.36592 48.854508)",https://www.openstreetmap.org/node/703870803,"12"
"POINT (2.365109 48.854773)",https://www.openstreetmap.org/node/703870807,11b
"POINT (2.366531 48.853619)",https://www.openstreetmap.org/node/703870811,"14"
"POINT (2.365918 48.854306)",https://www.openstreetmap.org/node/703870814,8b
"POINT (2.363111 48.854612)",https://www.openstreetmap.org/node/703870816,"72"
"POINT (2.3651 48.853975)",https://www.openstreetmap.org/node/703870819,"34"
"POINT (2.366014 48.853742)",https://www.openstreetmap.org/node/703870824,"24"
"POINT (2.367241 48.855811)",https://www.openstreetmap.org/node/703870826,"27"
"POINT (2.364296 48.85421)",https://www.openstreetmap.org/node/703870829,"48"
"POINT (2.363554 48.855266)",https://www.openstreetmap.org/node/703870832,"8"
"POINT (2.365872 48.854515)",https://www.openstreetmap.org/node/703870835,"11"
"POINT (2.364977 48.854433)",https://www.openstreetmap.org/node/703870839,"5"
"POINT (2.364027 48.854296)",https://www.openstreetmap.org/node/703870841,"58"
"POINT (2.36524 48.853938)",https://www.openstreetmap.org/node/703870844,"32"
"POINT (2.36642 48.854224)",https://www.openstreetmap.org/node/703870847,"6"
"POINT (2.366127 48.853715)",https://www.openstreetmap.org/node/703870852,"22"
"POINT (2.364389 48.85418)",https://www.openstreetmap.org/node/703870855,"46"
"POINT (2.36701 48.853682)",https://www.openstreetmap.org/node/703870858,"10"
"POINT (2.367215 48.854898)",https://www.openstreetmap.org/node/703870861,"19"
"POINT (2.364077 48.854281)",https://www.openstreetmap.org/node/703870863,"56"
"POINT (2.367215 48.854495)",https://www.openstreetmap.org/node/703870865,"15"
"POINT (2.364145 48.85426)",https://www.openstreetmap.org/node/703870866,"54"
"POINT (2.367243 48.853754)",https://www.openstreetmap.org/node/703870867,8 bis
"POINT (2.367075 48.855936)",https://www.openstreetmap.org/node/703870868,"11"
"POINT (2.365909 48.854276)",https://www.openstreetmap.org/node/703870869,"8"
"POINT (2.364511 48.856351)",https://www.openstreetmap.org/node/703870870,"1"
"POINT (2.367221 48.855067)",https://www.openstreetmap.org/node/703870871,"21"
"POINT (2.367254 48.855894)",https://www.openstreetmap.org/node/703870873,"29"
"POINT (2.365847 48.854512)",https://www.openstreetmap.org/node/703870874,"9"
"POINT (2.365155 48.854431)",https://www.openstreetmap.org/node/703870875,"12"
"POINT (2.3642 48.854241)",https://www.openstreetmap.org/node/703870876,"52"
"POINT (2.365874 48.854161)",https://www.openstreetmap.org/node/703870878,"6"
"POINT (2.364846 48.854093)",https://www.openstreetmap.org/node/703870879,"1"
"POINT (2.3653 48.854761)",https://www.openstreetmap.org/node/703870880,"16"
"POINT (2.366252 48.854257)",https://www.openstreetmap.org/node/703870881,"4"
"POINT (2.366212 48.853695)",https://www.openstreetmap.org/node/703870882,"20"
"POINT (2.364625 48.854107)",https://www.openstreetmap.org/node/703870883,"42"
"POINT (2.365844 48.854066)",https://www.openstreetmap.org/node/703870884,"4"
"POINT (2.363145 48.854598)",https://www.openstreetmap.org/node/703870885,"70"
"POINT (2.365117 48.854345)",https://www.openstreetmap.org/node/703870886,"10"
"POINT (2.365018 48.854115)",https://www.openstreetmap.org/node/703870887,"4"
"POINT (2.363685 48.855439)",https://www.openstreetmap.org/node/703870888,"10"
"POINT (2.365198 48.854529)",https://www.openstreetmap.org/node/703870889,"14"
"POINT (2.366048 48.854298)",https://www.openstreetmap.org/node/703870890,"2"
"POINT (2.364404 48.856318)",https://www.openstreetmap.org/node/703870891,"22"
"POINT (2.36581 48.85397)",https://www.openstreetmap.org/node/703870892,"2"
"POINT (2.365424 48.853891)",https://www.openstreetmap.org/node/703870893,"30"
"POINT (2.363811 48.855604)",https://www.openstreetmap.org/node/703870896,"12"
"POINT (2.364253 48.854224)",https://www.openstreetmap.org/node/703870897,"50"
"POINT (2.364314 48.856263)",https://www.openstreetmap.org/node/703870899,"20"
"POINT (2.367215 48.854748)",https://www.openstreetmap.org/node/703870900,"17"
"POINT (2.363257 48.854565)",https://www.openstreetmap.org/node/703870901,"68"
"POINT (2.367287 48.854063)",https://www.openstreetmap.org/node/703870902,"5"
"POINT (2.365818 48.854416)",https://www.openstreetmap.org/node/703870904,"7"
"POINT (2.365049 48.854615)",https://www.openstreetmap.org/node/703870905,"11"
"POINT (2.365571 48.853852)",https://www.openstreetmap.org/node/703870906,"28"
"POINT (2.366311 48.853672)",https://www.openstreetmap.org/node/703870907,"18"
"POINT (2.36468 48.854089)",https://www.openstreetmap.org/node/703870908,"40"
"POINT (2.365757 48.854218)",https://www.openstreetmap.org/node/703870909,"5"
"POINT (2.365842 48.853783)",https://www.openstreetmap.org/node/703870910,"26"
"POINT (2.363154 48.854739)",https://www.openstreetmap.org/node/703870911,"2"
"POINT (2.364987 48.854042)",https://www.openstreetmap.org/node/703870912,"2"
"POINT (2.366417 48.853647)",https://www.openstreetmap.org/node/703870913,"16"
"POINT (2.364755 48.854069)",https://www.openstreetmap.org/node/703870914,"38"
"POINT (2.365714 48.854074)",https://www.openstreetmap.org/node/703870915,"3"
"POINT (2.36728 48.854099)",https://www.openstreetmap.org/node/703870916,"9"
"POINT (2.367016 48.855945)",https://www.openstreetmap.org/node/703870917,"13"
"POINT (2.363927 48.855774)",https://www.openstreetmap.org/node/703870919,"14"
"POINT (2.367232 48.855435)",https://www.openstreetmap.org/node/703870920,21b
"POINT (2.365669 48.853926)",https://www.openstreetmap.org/node/703870921,"1"
"POINT (2.367271 48.854152)",https://www.openstreetmap.org/node/703870922,"7"
"POINT (2.367236 48.855563)",https://www.openstreetmap.org/node/703870925,"23"
"POINT (2.365959 48.854436)",https://www.openstreetmap.org/node/703870926,"10"
"POINT (2.365024 48.85455)",https://www.openstreetmap.org/node/703870927,"9"
"POINT (2.363696 48.854403)",https://www.openstreetmap.org/node/703870928,"62"
"POINT (2.365014 48.853996)",https://www.openstreetmap.org/node/703870929,"36"
"POINT (2.365086 48.854271)",https://www.openstreetmap.org/node/703870930,"8"
"POINT (2.366393 48.85429)",https://www.openstreetmap.org/node/703870931,"3"
"POINT (2.364049 48.855958)",https://www.openstreetmap.org/node/703870932,"16"
"POINT (2.364997 48.854482)",https://www.openstreetmap.org/node/703870933,"7"
"POINT (2.363959 48.854316)",https://www.openstreetmap.org/node/703870934,"60"
"POINT (2.365057 48.854206)",https://www.openstreetmap.org/node/703870936,"6"
"POINT (2.363313 48.854947)",https://www.openstreetmap.org/node/703870937,"4"
"POINT (2.367523 48.853762)",https://www.openstreetmap.org/node/703876600,"2"
"POINT (2.368324 48.854774)",https://www.openstreetmap.org/node/703987647,"16"
"POINT (2.367658 48.855841)",https://www.openstreetmap.org/node/703987661,"5"
"POINT (2.367351 48.854942)",https://www.openstreetmap.org/node/703987695,"24"
"POINT (2.368073 48.854594)",https://www.openstreetmap.org/node/703987756,"15"
"POINT (2.367359 48.855578)",https://www.openstreetmap.org/node/703987768,"38"
"POINT (2.368426 48.855045)",https://www.openstreetmap.org/node/703987795,"17"
"POINT (2.367367 48.854398)",https://www.openstreetmap.org/node/703987809,"14"
"POINT (2.368296 48.85561)",https://www.openstreetmap.org/node/703987832,"27"
"POINT (2.36804 48.854982)",https://www.openstreetmap.org/node/703987843,"1"
"POINT (2.367357 48.855515)",https://www.openstreetmap.org/node/703987847,"36"
"POINT (2.367426 48.855879)",https://www.openstreetmap.org/node/703987859,"7"
"POINT (2.367421 48.854071)",https://www.openstreetmap.org/node/703987893,"4"
"POINT (2.367344 48.855093)",https://www.openstreetmap.org/node/703987899,"26"
"POINT (2.36861 48.853954)",https://www.openstreetmap.org/node/703987902,"1"
"POINT (2.368042 48.855119)",https://www.openstreetmap.org/node/703987906,"3"
"POINT (2.367718 48.853913)",https://www.openstreetmap.org/node/703987909,"3"
"POINT (2.36806 48.854489)",https://www.openstreetmap.org/node/703987939,"13"
"POINT (2.368215 48.853935)",https://www.openstreetmap.org/node/703987941,"2"
"POINT (2.367376 48.854333)",https://www.openstreetmap.org/node/703987946,"12"
"POINT (2.368187 48.854533)",https://www.openstreetmap.org/node/703987973,"12"
"POINT (2.368617 48.85406)",https://www.openstreetmap.org/node/703987989,"3"
"POINT (2.367848 48.853899)",https://www.openstreetmap.org/node/703988001,"5"
"POINT (2.368085 48.854277)",https://www.openstreetmap.org/node/703988037,"11"
"POINT (2.368288 48.855633)",https://www.openstreetmap.org/node/703988041,"27;29"
"POINT (2.368201 48.854023)",https://www.openstreetmap.org/node/703988050,"4"
"POINT (2.367349 48.854855)",https://www.openstreetmap.org/node/703988054,"22"
"POINT (2.367356 48.855475)",https://www.openstreetmap.org/node/703988057,"34"
"POINT (2.368184 48.854672)",https://www.openstreetmap.org/node/703988070,"14"
"POINT (2.368143 48.855137)",https://www.openstreetmap.org/node/703988111,"6"
"POINT (2.368106 48.854026)",https://www.openstreetmap.org/node/703988149,"3"
"POINT (2.367974 48.853885)",https://www.openstreetmap.org/node/703988179,"7"
"POINT (2.367347 48.854734)",https://www.openstreetmap.org/node/703988197,"20"
"POINT (2.36812 48.853924)",https://www.openstreetmap.org/node/703988204,"1"
"POINT (2.368046 48.854832)",https://www.openstreetmap.org/node/703988226,"19"
"POINT (2.367353 48.855382)",https://www.openstreetmap.org/node/703988235,"30"
"POINT (2.36733 48.854622)",https://www.openstreetmap.org/node/703988274,"18"
"POINT (2.368598 48.854341)",https://www.openstreetmap.org/node/703988287,"7"
"POINT (2.368406 48.855137)",https://www.openstreetmap.org/node/703988296,"19"
"POINT (2.368375 48.855275)",https://www.openstreetmap.org/node/703988312,"23"
"POINT (2.36809 48.854191)",https://www.openstreetmap.org/node/703988318,"9"
"POINT (2.367349 48.855264)",https://www.openstreetmap.org/node/703988321,"28"
"POINT (2.368209 48.854099)",https://www.openstreetmap.org/node/703988327,"6"
"POINT (2.367354 48.855427)",https://www.openstreetmap.org/node/703988340,"32"
"POINT (2.367367 48.855818)",https://www.openstreetmap.org/node/703988381,"44"
"POINT (2.368555 48.854522)",https://www.openstreetmap.org/node/703988407,"11"
"POINT (2.368097 48.854136)",https://www.openstreetmap.org/node/703988413,"7"
"POINT (2.36815 48.855026)",https://www.openstreetmap.org/node/703988430,"4"
"POINT (2.368201 48.855751)",https://www.openstreetmap.org/node/703988478,"1"
"POINT (2.368501 48.854671)",https://www.openstreetmap.org/node/703988494,"13"
"POINT (2.368625 48.854196)",https://www.openstreetmap.org/node/703988512,"5"
"POINT (2.368157 48.854915)",https://www.openstreetmap.org/node/703988519,"2"
"POINT (2.368301 48.85387)",https://www.openstreetmap.org/node/703988524,"9"
"POINT (2.367384 48.854287)",https://www.openstreetmap.org/node/703988533,"10"
"POINT (2.368462 48.854912)",https://www.openstreetmap.org/node/703988535,"15"
"POINT (2.368206 48.854211)",https://www.openstreetmap.org/node/703988541,"8"
"POINT (2.368068 48.854728)",https://www.openstreetmap.org/node/703988572,"17"
"POINT (2.368571 48.854451)",https://www.openstreetmap.org/node/703988607,"9"
"POINT (2.367363 48.855728)",https://www.openstreetmap.org/node/703988611,"42"
"POINT (2.368103 48.854078)",https://www.openstreetmap.org/node/703988633,"5"
"POINT (2.368199 48.854398)",https://www.openstreetmap.org/node/703988641,"10"
"POINT (2.367336 48.854497)",https://www.openstreetmap.org/node/703988643,"16"
"POINT (2.368069 48.854697)",https://www.openstreetmap.org/node/703988663,15b
"POINT (2.368359 48.855342)",https://www.openstreetmap.org/node/703988670,"23"
"POINT (2.368311 48.85484)",https://www.openstreetmap.org/node/703988675,"21"
"POINT (2.367361 48.855662)",https://www.openstreetmap.org/node/703988688,"40"
"POINT (2.367398 48.85421)",https://www.openstreetmap.org/node/703988738,"8"
"POINT (2.36833 48.855469)",https://www.openstreetmap.org/node/703988741,"25"
"POINT (2.36796 48.855791)",https://www.openstreetmap.org/node/703988783,"3"
"POINT (2.367411 48.854132)",https://www.openstreetmap.org/node/703988789,"6"
"POINT (2.3675 48.853502)",https://www.openstreetmap.org/node/704094770,"8"
"POINT (2.368176 48.853757)",https://www.openstreetmap.org/node/704094786,"8"
"POINT (2.367952 48.853774)",https://www.openstreetmap.org/node/704094824,"6"
"POINT (2.368332 48.85364)",https://www.openstreetmap.org/node/704094851,"7"
"POINT (2.368086 48.853421)",https://www.openstreetmap.org/node/704094874,"2"
"POINT (2.367403 48.853678)",https://www.openstreetmap.org/node/704094998,"2"
"POINT (2.367713 48.853472)",https://www.openstreetmap.org/node/704095034,"6"
"POINT (2.368267 48.853497)",https://www.openstreetmap.org/node/704095057,"5"
"POINT (2.367794 48.853786)",https://www.openstreetmap.org/node/704095074,"4"
"POINT (2.367866 48.853452)",https://www.openstreetmap.org/node/704095079,"4"
"POINT (2.367589 48.853802)",https://www.openstreetmap.org/node/704095116,"2"
"POINT (2.374183 48.853042)",https://www.openstreetmap.org/node/7046302997,"49"
"POINT (2.375589 48.855005)",https://www.openstreetmap.org/node/7046303002,"21"
"POINT (2.375704 48.855091)",https://www.openstreetmap.org/node/7046303003,"28"
"POINT (2.362015 48.853931)",https://www.openstreetmap.org/node/704819466,"31"
"POINT (2.362285 48.854257)",https://www.openstreetmap.org/node/704819617,"43"
"POINT (2.362343 48.854333)",https://www.openstreetmap.org/node/704819718,"45"
"POINT (2.362428 48.854412)",https://www.openstreetmap.org/node/704819757,"49"
"POINT (2.361876 48.853916)",https://www.openstreetmap.org/node/704819833,"2"
"POINT (2.36246 48.854448)",https://www.openstreetmap.org/node/704819857,"51"
"POINT (2.362054 48.853982)",https://www.openstreetmap.org/node/704819860,"33"
"POINT (2.362126 48.854078)",https://www.openstreetmap.org/node/704819944,"35"
"POINT (2.362383 48.854364)",https://www.openstreetmap.org/node/704819949,"47"
"POINT (2.361897 48.854003)",https://www.openstreetmap.org/node/704820002,"2"
"POINT (2.362205 48.854167)",https://www.openstreetmap.org/node/704820032,"39"
"POINT (2.362166 48.854131)",https://www.openstreetmap.org/node/704820157,"37"
"POINT (2.362507 48.854493)",https://www.openstreetmap.org/node/704820207,"53"
"POINT (2.362559 48.854541)",https://www.openstreetmap.org/node/704820395,"55"
"POINT (2.362246 48.854213)",https://www.openstreetmap.org/node/704820620,"41"
"POINT (2.360464 48.852636)",https://www.openstreetmap.org/node/704887438,"1"
"POINT (2.3604 48.852518)",https://www.openstreetmap.org/node/704887484,"1"
"POINT (2.360466 48.852568)",https://www.openstreetmap.org/node/704887501,"3"
"POINT (2.36123 48.853124)",https://www.openstreetmap.org/node/705056059,"13"
"POINT (2.362549 48.850573)",https://www.openstreetmap.org/node/705056062,"19"
"POINT (2.361838 48.853699)",https://www.openstreetmap.org/node/705056070,"27"
"POINT (2.361702 48.850764)",https://www.openstreetmap.org/node/705056099,"2"
"POINT (2.361976 48.850086)",https://www.openstreetmap.org/node/705056102,"3"
"POINT (2.36203 48.850863)",https://www.openstreetmap.org/node/705056112,"6"
"POINT (2.361576 48.850231)",https://www.openstreetmap.org/node/705056171,"44"
"POINT (2.362399 48.850318)",https://www.openstreetmap.org/node/705056183,"9"
"POINT (2.361724 48.853569)",https://www.openstreetmap.org/node/705056191,"23"
"POINT (2.361783 48.849981)",https://www.openstreetmap.org/node/705056235,"1"
"POINT (2.362166 48.85019)",https://www.openstreetmap.org/node/705056243,"5"
"POINT (2.361583 48.850012)",https://www.openstreetmap.org/node/705056259,"42"
"POINT (2.361373 48.853279)",https://www.openstreetmap.org/node/705056264,"17"
"POINT (2.360875 48.85285)",https://www.openstreetmap.org/node/705056271,5 bis
"POINT (2.361477 48.85338)",https://www.openstreetmap.org/node/705056277,"19"
"POINT (2.361941 48.853822)",https://www.openstreetmap.org/node/705056311,"29"
"POINT (2.361308 48.853209)",https://www.openstreetmap.org/node/705056330,"15"
"POINT (2.361582 48.850049)",https://www.openstreetmap.org/node/705056334,42 bis
"POINT (2.361854 48.85387)",https://www.openstreetmap.org/node/705056368,"1"
"POINT (2.362219 48.850835)",https://www.openstreetmap.org/node/705056386,"23"
"POINT (2.361784 48.853635)",https://www.openstreetmap.org/node/705056409,"25"
"POINT (2.36157 48.85044)",https://www.openstreetmap.org/node/705056411,"46"
"POINT (2.360603 48.852706)",https://www.openstreetmap.org/node/705056416,"2"
"POINT (2.361863 48.850813)",https://www.openstreetmap.org/node/705056432,"4"
"POINT (2.360721 48.852731)",https://www.openstreetmap.org/node/705056436,"5"
"POINT (2.360956 48.852727)",https://www.openstreetmap.org/node/705182014,"4"
"POINT (2.363346 48.851684)",https://www.openstreetmap.org/node/705182060,"1"
"POINT (2.362284 48.852319)",https://www.openstreetmap.org/node/705182098,"7"
"POINT (2.361968 48.852488)",https://www.openstreetmap.org/node/705182119,"11"
"POINT (2.360821 48.852418)",https://www.openstreetmap.org/node/705182139,"22"
"POINT (2.362113 48.852414)",https://www.openstreetmap.org/node/705182147,"9"
"POINT (2.361461 48.852734)",https://www.openstreetmap.org/node/705182163,"17"
"POINT (2.362756 48.851619)",https://www.openstreetmap.org/node/705182185,"6"
"POINT (2.360894 48.852373)",https://www.openstreetmap.org/node/705182205,"20"
"POINT (2.361255 48.852846)",https://www.openstreetmap.org/node/705182230,"19"
"POINT (2.362547 48.851388)",https://www.openstreetmap.org/node/705182252,"2"
"POINT (2.362896 48.851715)",https://www.openstreetmap.org/node/705182303,"8"
"POINT (2.362579 48.851611)",https://www.openstreetmap.org/node/705182381,"3"
"POINT (2.363285 48.85154)",https://www.openstreetmap.org/node/705182390,"15"
"POINT (2.361104 48.852243)",https://www.openstreetmap.org/node/705182490,"16"
"POINT (2.361409 48.852058)",https://www.openstreetmap.org/node/705182508,"10"
"POINT (2.361004 48.852305)",https://www.openstreetmap.org/node/705182538,"18"
"POINT (2.361492 48.852006)",https://www.openstreetmap.org/node/705182565,"8"
"POINT (2.362969 48.851764)",https://www.openstreetmap.org/node/705182581,"10"
"POINT (2.362784 48.851758)",https://www.openstreetmap.org/node/705182586,"5"
"POINT (2.361071 48.852829)",https://www.openstreetmap.org/node/705182651,"6"
"POINT (2.362879 48.851823)",https://www.openstreetmap.org/node/705182671,"7"
"POINT (2.363171 48.851791)",https://www.openstreetmap.org/node/705182684,"3"
"POINT (2.362435 48.852234)",https://www.openstreetmap.org/node/705182699,"5"
"POINT (2.361314 48.852118)",https://www.openstreetmap.org/node/705182707,"12"
"POINT (2.362572 48.852157)",https://www.openstreetmap.org/node/705182712,"3"
"POINT (2.361199 48.852185)",https://www.openstreetmap.org/node/705182720,"14"
"POINT (2.36272 48.851369)",https://www.openstreetmap.org/node/705182729,"11"
"POINT (2.36281 48.852003)",https://www.openstreetmap.org/node/705182752,"1"
"POINT (2.361658 48.852628)",https://www.openstreetmap.org/node/705182781,"15"
"POINT (2.361852 48.851779)",https://www.openstreetmap.org/node/705182792,"4"
"POINT (2.361599 48.851939)",https://www.openstreetmap.org/node/705182802,"6"
"POINT (2.362916 48.851428)",https://www.openstreetmap.org/node/705182809,"13"
"POINT (2.360844 48.852628)",https://www.openstreetmap.org/node/705182828,"2"
"POINT (2.361641 48.852739)",https://www.openstreetmap.org/node/705203705,"16"
"POINT (2.362517 48.852278)",https://www.openstreetmap.org/node/705203709,"6"
"POINT (2.363714 48.852418)",https://www.openstreetmap.org/node/705203722,"1"
"POINT (2.361529 48.852796)",https://www.openstreetmap.org/node/705203726,"18"
"POINT (2.361417 48.853164)",https://www.openstreetmap.org/node/705203727,"10"
"POINT (2.361869 48.852623)",https://www.openstreetmap.org/node/705203760,"14"
"POINT (2.363152 48.852556)",https://www.openstreetmap.org/node/705203765,"7"
"POINT (2.362857 48.852326)",https://www.openstreetmap.org/node/705203775,"3"
"POINT (2.363492 48.852505)",https://www.openstreetmap.org/node/705203792,"3"
"POINT (2.361284 48.853036)",https://www.openstreetmap.org/node/705203797,"8"
"POINT (2.362863 48.852179)",https://www.openstreetmap.org/node/705203805,"2"
"POINT (2.363139 48.852425)",https://www.openstreetmap.org/node/705203816,6b
"POINT (2.361774 48.853361)",https://www.openstreetmap.org/node/705203819,"25"
"POINT (2.362377 48.852354)",https://www.openstreetmap.org/node/705203842,"8"
"POINT (2.362388 48.853067)",https://www.openstreetmap.org/node/705203872,"17"
"POINT (2.362646 48.852207)",https://www.openstreetmap.org/node/705203905,"4"
"POINT (2.36223 48.852436)",https://www.openstreetmap.org/node/705203927,"10"
"POINT (2.362052 48.85253)",https://www.openstreetmap.org/node/705203952,"12"
"POINT (2.362017 48.853246)",https://www.openstreetmap.org/node/705203965,"23"
"POINT (2.363074 48.852367)",https://www.openstreetmap.org/node/705203967,"6"
"POINT (2.363188 48.852676)",https://www.openstreetmap.org/node/705203977,"5"
"POINT (2.362794 48.852869)",https://www.openstreetmap.org/node/705204042,"11"
"POINT (2.362171 48.853173)",https://www.openstreetmap.org/node/705204048,"21"
"POINT (2.362773 48.852219)",https://www.openstreetmap.org/node/705204051,"1"
"POINT (2.362296 48.853112)",https://www.openstreetmap.org/node/705204054,"19"
"POINT (2.362701 48.852914)",https://www.openstreetmap.org/node/705204067,"13"
"POINT (2.362914 48.852257)",https://www.openstreetmap.org/node/705204073,"4"
"POINT (2.363061 48.852738)",https://www.openstreetmap.org/node/705204099,"7"
"POINT (2.361637 48.853369)",https://www.openstreetmap.org/node/705204111,"18"
"POINT (2.361486 48.853231)",https://www.openstreetmap.org/node/705204120,"12"
"POINT (2.361523 48.853265)",https://www.openstreetmap.org/node/705204124,"14"
"POINT (2.362917 48.852808)",https://www.openstreetmap.org/node/705204131,"9"
"POINT (2.361572 48.85331)",https://www.openstreetmap.org/node/705204180,"16"
"POINT (2.362987 48.852405)",https://www.openstreetmap.org/node/705204187,"5"
"POINT (2.362545 48.852991)",https://www.openstreetmap.org/node/705204192,"15"
"POINT (2.36329 48.852544)",https://www.openstreetmap.org/node/705204199,"8"
"POINT (2.361356 48.852884)",https://www.openstreetmap.org/node/705204209,"20"
"POINT (2.363332 48.852166)",https://www.openstreetmap.org/node/705211292,"13"
"POINT (2.363518 48.852296)",https://www.openstreetmap.org/node/705211293,"15"
"POINT (2.363257 48.852068)",https://www.openstreetmap.org/node/705211294,"11"
"POINT (2.363668 48.852345)",https://www.openstreetmap.org/node/705211296,"17"
"POINT (2.363143 48.852037)",https://www.openstreetmap.org/node/705211297,"9"
"POINT (2.363419 48.852787)",https://www.openstreetmap.org/node/705252850,"9"
"POINT (2.36426 48.85358)",https://www.openstreetmap.org/node/705252855,"23"
"POINT (2.363815 48.853181)",https://www.openstreetmap.org/node/705252867,"15"
"POINT (2.364065 48.854046)",https://www.openstreetmap.org/node/705252879,"57"
"POINT (2.362531 48.853999)",https://www.openstreetmap.org/node/705252881,"21"
"POINT (2.363154 48.853922)",https://www.openstreetmap.org/node/705252882,"14"
"POINT (2.361905 48.8536)",https://www.openstreetmap.org/node/705252897,"22"
"POINT (2.364375 48.853693)",https://www.openstreetmap.org/node/705252912,"25"
"POINT (2.362661 48.85408)",https://www.openstreetmap.org/node/705252933,"20"
"POINT (2.362174 48.85391)",https://www.openstreetmap.org/node/705252938,"30"
"POINT (2.361811 48.853493)",https://www.openstreetmap.org/node/705252946,"20"
"POINT (2.362983 48.854441)",https://www.openstreetmap.org/node/705252959,"77"
"POINT (2.364411 48.853917)",https://www.openstreetmap.org/node/705252996,"49"
"POINT (2.363139 48.8538)",https://www.openstreetmap.org/node/705252999,"15"
"POINT (2.362847 48.854018)",https://www.openstreetmap.org/node/705253003,"18"
"POINT (2.36257 48.85426)",https://www.openstreetmap.org/node/705253006,"38"
"POINT (2.36236 48.85405)",https://www.openstreetmap.org/node/705253021,"23"
"POINT (2.364488 48.853887)",https://www.openstreetmap.org/node/705253031,"47"
"POINT (2.3625 48.854191)",https://www.openstreetmap.org/node/705253056,"36"
"POINT (2.36345 48.854107)",https://www.openstreetmap.org/node/705253061,"5"
"POINT (2.363935 48.853289)",https://www.openstreetmap.org/node/705253076,"17"
"POINT (2.362336 48.853179)",https://www.openstreetmap.org/node/705253080,"12"
"POINT (2.362621 48.85446)",https://www.openstreetmap.org/node/705253082,"42"
"POINT (2.363503 48.853836)",https://www.openstreetmap.org/node/705253092,"12"
"POINT (2.363846 48.853688)",https://www.openstreetmap.org/node/705253099,"6"
"POINT (2.363286 48.853937)",https://www.openstreetmap.org/node/705253109,"1;3"
"POINT (2.363702 48.85375)",https://www.openstreetmap.org/node/705253112,"8"
"POINT (2.364033 48.853376)",https://www.openstreetmap.org/node/705253121,"19"
"POINT (2.363801 48.85414)",https://www.openstreetmap.org/node/705253157,"61"
"POINT (2.362027 48.853326)",https://www.openstreetmap.org/node/705253158,"14"
"POINT (2.362956 48.852914)",https://www.openstreetmap.org/node/705253166,"8"
"POINT (2.361849 48.853408)",https://www.openstreetmap.org/node/705253170,"16"
"POINT (2.363683 48.8536)",https://www.openstreetmap.org/node/705253179,"5"
"POINT (2.363524 48.85394)",https://www.openstreetmap.org/node/705253186,"2"
"POINT (2.363581 48.853803)",https://www.openstreetmap.org/node/705253191,"10"
"POINT (2.362659 48.854501)",https://www.openstreetmap.org/node/705253207,"44"
"POINT (2.363226 48.852746)",https://www.openstreetmap.org/node/705253212,"6"
"POINT (2.363944 48.854088)",https://www.openstreetmap.org/node/705253228,"59"
"POINT (2.363616 48.854031)",https://www.openstreetmap.org/node/705253251,"4"
"POINT (2.363968 48.853635)",https://www.openstreetmap.org/node/705253254,"4"
"POINT (2.363699 48.854111)",https://www.openstreetmap.org/node/705253259,"6"
"POINT (2.362564 48.854389)",https://www.openstreetmap.org/node/705253280,"40"
"POINT (2.364133 48.854017)",https://www.openstreetmap.org/node/705253282,"55"
"POINT (2.362645 48.853957)",https://www.openstreetmap.org/node/705253285,"19"
"POINT (2.364128 48.853567)",https://www.openstreetmap.org/node/705253299,"2"
"POINT (2.363488 48.854258)",https://www.openstreetmap.org/node/705253300,"69"
"POINT (2.36198 48.853686)",https://www.openstreetmap.org/node/705253304,"24"
"POINT (2.36203 48.853743)",https://www.openstreetmap.org/node/705253313,"26"
"POINT (2.363187 48.854366)",https://www.openstreetmap.org/node/705253321,"73"
"POINT (2.362852 48.854497)",https://www.openstreetmap.org/node/705253326,"83"
"POINT (2.363525 48.853669)",https://www.openstreetmap.org/node/705253330,"7"
"POINT (2.362241 48.853986)",https://www.openstreetmap.org/node/705253346,"32"
"POINT (2.363328 48.854315)",https://www.openstreetmap.org/node/705253348,"71"
"POINT (2.363714 48.853091)",https://www.openstreetmap.org/node/705253349,"13"
"POINT (2.364501 48.853794)",https://www.openstreetmap.org/node/705253354,"27"
"POINT (2.363075 48.854407)",https://www.openstreetmap.org/node/705253368,"75"
"POINT (2.364348 48.853941)",https://www.openstreetmap.org/node/705253374,"51"
"POINT (2.362097 48.853827)",https://www.openstreetmap.org/node/705253385,"28"
"POINT (2.362786 48.853907)",https://www.openstreetmap.org/node/705253402,"17"
"POINT (2.362999 48.853968)",https://www.openstreetmap.org/node/705253406,"16"
"POINT (2.36359 48.852942)",https://www.openstreetmap.org/node/705253410,"11"
"POINT (2.3648 48.853167)",https://www.openstreetmap.org/node/705299335,"31"
"POINT (2.363876 48.853097)",https://www.openstreetmap.org/node/705299354,"14"
"POINT (2.36409 48.852629)",https://www.openstreetmap.org/node/705299362,"21"
"POINT (2.363975 48.853187)",https://www.openstreetmap.org/node/705299366,"16"
"POINT (2.364567 48.852949)",https://www.openstreetmap.org/node/705299381,"27"
"POINT (2.365296 48.853652)",https://www.openstreetmap.org/node/705299401,"27"
"POINT (2.363948 48.852533)",https://www.openstreetmap.org/node/705299429,"19"
"POINT (2.365332 48.853473)",https://www.openstreetmap.org/node/705299447,"37"
"POINT (2.364029 48.853222)",https://www.openstreetmap.org/node/705299493,"18"
"POINT (2.364194 48.852698)",https://www.openstreetmap.org/node/705299517,"23"
"POINT (2.364202 48.853397)",https://www.openstreetmap.org/node/705299526,"24"
"POINT (2.365368 48.853632)",https://www.openstreetmap.org/node/705299537,"25"
"POINT (2.365438 48.853613)",https://www.openstreetmap.org/node/705299551,"23"
"POINT (2.365238 48.853667)",https://www.openstreetmap.org/node/705299573,"29"
"POINT (2.364338 48.852853)",https://www.openstreetmap.org/node/705299587,"25"
"POINT (2.364143 48.853342)",https://www.openstreetmap.org/node/705299594,"22"
"POINT (2.365074 48.853286)",https://www.openstreetmap.org/node/705299596,"33"
"POINT (2.364745 48.853802)",https://www.openstreetmap.org/node/705299654,"41"
"POINT (2.364498 48.853668)",https://www.openstreetmap.org/node/705299667,"28"
"POINT (2.365225 48.853391)",https://www.openstreetmap.org/node/705299677,"35"
"POINT (2.364967 48.853742)",https://www.openstreetmap.org/node/705299714,"35"
"POINT (2.363692 48.852919)",https://www.openstreetmap.org/node/705299730,"12"
"POINT (2.363681 48.852522)",https://www.openstreetmap.org/node/705299741,"2"
"POINT (2.36444 48.853569)",https://www.openstreetmap.org/node/705299777,"26"
"POINT (2.364887 48.853764)",https://www.openstreetmap.org/node/705299842,"37"
"POINT (2.365119 48.8537)",https://www.openstreetmap.org/node/705299934,"31"
"POINT (2.36469 48.853817)",https://www.openstreetmap.org/node/705299951,"43"
"POINT (2.36409 48.853292)",https://www.openstreetmap.org/node/705299975,"20"
"POINT (2.365017 48.853728)",https://www.openstreetmap.org/node/705300055,"33"
"POINT (2.363504 48.852609)",https://www.openstreetmap.org/node/705300063,"4"
"POINT (2.363512 48.852764)",https://www.openstreetmap.org/node/705300238,"10"
"POINT (2.364815 48.853784)",https://www.openstreetmap.org/node/705300248,"39"
"POINT (2.367159 48.853322)",https://www.openstreetmap.org/node/705323481,"9"
"POINT (2.366143 48.85253)",https://www.openstreetmap.org/node/705323485,"2"
"POINT (2.366293 48.853164)",https://www.openstreetmap.org/node/705323497,"15"
"POINT (2.367342 48.852801)",https://www.openstreetmap.org/node/705323503,"7"
"POINT (2.365171 48.852259)",https://www.openstreetmap.org/node/705323513,"16"
"POINT (2.366139 48.85283)",https://www.openstreetmap.org/node/705323523,"9"
"POINT (2.366089 48.852722)",https://www.openstreetmap.org/node/705323531,"7"
"POINT (2.366782 48.853374)",https://www.openstreetmap.org/node/705323538,"13"
"POINT (2.364585 48.852864)",https://www.openstreetmap.org/node/705323542,"28"
"POINT (2.367038 48.853106)",https://www.openstreetmap.org/node/705323544,"12"
"POINT (2.367096 48.853259)",https://www.openstreetmap.org/node/705323550,"14"
"POINT (2.364712 48.85295)",https://www.openstreetmap.org/node/705323567,"30"
"POINT (2.366593 48.853401)",https://www.openstreetmap.org/node/705323571,"15"
"POINT (2.366521 48.853347)",https://www.openstreetmap.org/node/705323577,"14"
"POINT (2.36502 48.852299)",https://www.openstreetmap.org/node/705323578,"18"
"POINT (2.36443 48.85276)",https://www.openstreetmap.org/node/705323580,"26"
"POINT (2.367422 48.853287)",https://www.openstreetmap.org/node/705323584,"5"
"POINT (2.36482 48.852386)",https://www.openstreetmap.org/node/705323586,"20"
"POINT (2.365272 48.852212)",https://www.openstreetmap.org/node/705323591,"14"
"POINT (2.36536 48.85342)",https://www.openstreetmap.org/node/705323597,"38"
"POINT (2.364475 48.852557)",https://www.openstreetmap.org/node/705323602,"26"
"POINT (2.365951 48.85242)",https://www.openstreetmap.org/node/705323604,"1"
"POINT (2.366465 48.853226)",https://www.openstreetmap.org/node/705323605,"12"
"POINT (2.367299 48.853303)",https://www.openstreetmap.org/node/705323611,"7"
"POINT (2.366055 48.852645)",https://www.openstreetmap.org/node/705323615,"5"
"POINT (2.366016 48.852563)",https://www.openstreetmap.org/node/705323625,"3"
"POINT (2.366199 48.852961)",https://www.openstreetmap.org/node/705323630,"11"
"POINT (2.365587 48.852238)",https://www.openstreetmap.org/node/705323635,"33"
"POINT (2.366082 48.853485)",https://www.openstreetmap.org/node/705323638,"19"
"POINT (2.366914 48.852721)",https://www.openstreetmap.org/node/705323639,"8"
"POINT (2.366824 48.852854)",https://www.openstreetmap.org/node/705323641,"7"
"POINT (2.364804 48.853017)",https://www.openstreetmap.org/node/705323643,"32"
"POINT (2.366286 48.853447)",https://www.openstreetmap.org/node/705323644,"17"
"POINT (2.366997 48.852934)",https://www.openstreetmap.org/node/705323655,"10"
"POINT (2.366249 48.85307)",https://www.openstreetmap.org/node/705323668,"13"
"POINT (2.365747 48.852287)",https://www.openstreetmap.org/node/705323676,"35"
"POINT (2.366904 48.852983)",https://www.openstreetmap.org/node/705323682,"9"
"POINT (2.365548 48.853564)",https://www.openstreetmap.org/node/705323684,"40"
"POINT (2.367418 48.852994)",https://www.openstreetmap.org/node/705323746,"11"
"POINT (2.366394 48.853073)",https://www.openstreetmap.org/node/705323749,10b
"POINT (2.366247 48.852753)",https://www.openstreetmap.org/node/705323757,"6"
"POINT (2.366295 48.852859)",https://www.openstreetmap.org/node/705323772,"8"
"POINT (2.365471 48.852203)",https://www.openstreetmap.org/node/705323775,"31"
"POINT (2.366761 48.852695)",https://www.openstreetmap.org/node/705323785,"5"
"POINT (2.364879 48.853071)",https://www.openstreetmap.org/node/705323825,"34"
"POINT (2.367495 48.85319)",https://www.openstreetmap.org/node/705323832,"15"
"POINT (2.366341 48.852956)",https://www.openstreetmap.org/node/705323850,"10"
"POINT (2.36695 48.853102)",https://www.openstreetmap.org/node/705323856,9b
"POINT (2.366993 48.853344)",https://www.openstreetmap.org/node/705323859,"11"
"POINT (2.364567 48.852517)",https://www.openstreetmap.org/node/705323882,"24"
"POINT (2.367103 48.852699)",https://www.openstreetmap.org/node/705323892,"43"
"POINT (2.36722 48.852734)",https://www.openstreetmap.org/node/705323906,43 bis
"POINT (2.367466 48.853118)",https://www.openstreetmap.org/node/705323911,13b
"POINT (2.367447 48.853067)",https://www.openstreetmap.org/node/705323941,11b
"POINT (2.366206 48.852665)",https://www.openstreetmap.org/node/705323947,"4"
"POINT (2.364707 48.852434)",https://www.openstreetmap.org/node/705323950,"22"
"POINT (2.365124 48.853249)",https://www.openstreetmap.org/node/705323962,"36"
"POINT (2.367018 48.853266)",https://www.openstreetmap.org/node/705323967,"11"
"POINT (2.367737 48.853243)",https://www.openstreetmap.org/node/705346798,"3"
"POINT (2.363973 48.852466)",https://www.openstreetmap.org/node/705346805,"22"
"POINT (2.367614 48.853061)",https://www.openstreetmap.org/node/705346824,"12"
"POINT (2.364701 48.852352)",https://www.openstreetmap.org/node/705346875,"25"
"POINT (2.364018 48.851763)",https://www.openstreetmap.org/node/705346890,"19"
"POINT (2.364933 48.852252)",https://www.openstreetmap.org/node/705346906,"21"
"POINT (2.363646 48.851664)",https://www.openstreetmap.org/node/705346924,"19"
"POINT (2.364523 48.852429)",https://www.openstreetmap.org/node/705346938,"27"
"POINT (2.364819 48.852006)",https://www.openstreetmap.org/node/705346940,"27"
"POINT (2.364622 48.851946)",https://www.openstreetmap.org/node/705346978,25 bis
"POINT (2.367822 48.852917)",https://www.openstreetmap.org/node/705346989,"47"
"POINT (2.367914 48.852945)",https://www.openstreetmap.org/node/705346990,"49"
"POINT (2.363567 48.852172)",https://www.openstreetmap.org/node/705346991,"16"
"POINT (2.365045 48.852075)",https://www.openstreetmap.org/node/705346994,"29"
"POINT (2.368086 48.853101)",https://www.openstreetmap.org/node/705347021,"3"
"POINT (2.368045 48.853009)",https://www.openstreetmap.org/node/705347025,"1"
"POINT (2.363834 48.852354)",https://www.openstreetmap.org/node/705347032,"20"
"POINT (2.363358 48.851824)",https://www.openstreetmap.org/node/705347048,"4"
"POINT (2.367562 48.852933)",https://www.openstreetmap.org/node/705347056,"10"
"POINT (2.367709 48.852883)",https://www.openstreetmap.org/node/705347062,"45"
"POINT (2.36348 48.852112)",https://www.openstreetmap.org/node/705347069,"14"
"POINT (2.364846 48.852289)",https://www.openstreetmap.org/node/705347078,"23"
"POINT (2.364406 48.852479)",https://www.openstreetmap.org/node/705347129,"29"
"POINT (2.36508 48.852189)",https://www.openstreetmap.org/node/705347137,"19"
"POINT (2.364176 48.851811)",https://www.openstreetmap.org/node/705347141,"21"
"POINT (2.363564 48.851698)",https://www.openstreetmap.org/node/705347169,"2"
"POINT (2.367886 48.853224)",https://www.openstreetmap.org/node/705347176,"1"
"POINT (2.364356 48.8525)",https://www.openstreetmap.org/node/705347203,"31"
"POINT (2.364366 48.851869)",https://www.openstreetmap.org/node/705347214,"23"
"POINT (2.367663 48.853184)",https://www.openstreetmap.org/node/705347231,"14"
"POINT (2.363695 48.852259)",https://www.openstreetmap.org/node/705347238,"18"
"POINT (2.367358 48.852415)",https://www.openstreetmap.org/node/705458712,"8"
"POINT (2.366529 48.852109)",https://www.openstreetmap.org/node/705458737,"3"
"POINT (2.366563 48.850979)",https://www.openstreetmap.org/node/705458743,"5"
"POINT (2.366606 48.851957)",https://www.openstreetmap.org/node/705458747,"2"
"POINT (2.366867 48.85091)",https://www.openstreetmap.org/node/705458764,"1"
"POINT (2.366624 48.851875)",https://www.openstreetmap.org/node/705458779,"8"
"POINT (2.366342 48.851931)",https://www.openstreetmap.org/node/705458787,"10"
"POINT (2.367804 48.852477)",https://www.openstreetmap.org/node/705458801,"41"
"POINT (2.366144 48.851991)",https://www.openstreetmap.org/node/705458812,"12"
"POINT (2.366144 48.85211)",https://www.openstreetmap.org/node/705458833,"36"
"POINT (2.366979 48.851)",https://www.openstreetmap.org/node/705458839,"2"
"POINT (2.366689 48.851865)",https://www.openstreetmap.org/node/705458854,"6"
"POINT (2.367189 48.851783)",https://www.openstreetmap.org/node/705458859,"4"
"POINT (2.366698 48.851056)",https://www.openstreetmap.org/node/705458867,"4"
"POINT (2.366704 48.852196)",https://www.openstreetmap.org/node/705458872,"6"
"POINT (2.367131 48.851844)",https://www.openstreetmap.org/node/705458889,"2"
"POINT (2.366476 48.851972)",https://www.openstreetmap.org/node/705458892,"1"
"POINT (2.366994 48.852368)",https://www.openstreetmap.org/node/705458904,"42"
"POINT (2.367495 48.851796)",https://www.openstreetmap.org/node/705458909,"33"
"POINT (2.367684 48.852213)",https://www.openstreetmap.org/node/705458913,"37"
"POINT (2.367608 48.852047)",https://www.openstreetmap.org/node/705458916,"35"
"POINT (2.367458 48.852508)",https://www.openstreetmap.org/node/705458930,"44"
"POINT (2.367659 48.852569)",https://www.openstreetmap.org/node/705458933,"46"
"POINT (2.366782 48.852304)",https://www.openstreetmap.org/node/705458939,"40"
"POINT (2.367534 48.851885)",https://www.openstreetmap.org/node/705458941,33 bis
"POINT (2.367059 48.852088)",https://www.openstreetmap.org/node/705458950,"3"
"POINT (2.36666 48.850956)",https://www.openstreetmap.org/node/705458958,"3"
"POINT (2.367731 48.852316)",https://www.openstreetmap.org/node/705458966,"39"
"POINT (2.367003 48.851948)",https://www.openstreetmap.org/node/705458972,"1"
"POINT (2.366379 48.852164)",https://www.openstreetmap.org/node/705458984,"38"
"POINT (2.367226 48.852084)",https://www.openstreetmap.org/node/705458985,"4"
"POINT (2.366838 48.85184)",https://www.openstreetmap.org/node/705459013,4 bis
"POINT (2.367361 48.851754)",https://www.openstreetmap.org/node/705459019,"2"
"POINT (2.367171 48.851945)",https://www.openstreetmap.org/node/705459025,2b
"POINT (2.366761 48.851314)",https://www.openstreetmap.org/node/705483064,"14"
"POINT (2.364856 48.84976)",https://www.openstreetmap.org/node/705483073,"4"
"POINT (2.363267 48.850852)",https://www.openstreetmap.org/node/705483104,"18"
"POINT (2.364547 48.849821)",https://www.openstreetmap.org/node/705483131,"6"
"POINT (2.366901 48.850491)",https://www.openstreetmap.org/node/705483142,23 bis
"POINT (2.364115 48.850168)",https://www.openstreetmap.org/node/705483155,"6"
"POINT (2.365896 48.851946)",https://www.openstreetmap.org/node/705483162,"15"
"POINT (2.363418 48.851249)",https://www.openstreetmap.org/node/705483167,"14"
"POINT (2.367265 48.851289)",https://www.openstreetmap.org/node/705483184,"29"
"POINT (2.363319 48.850811)",https://www.openstreetmap.org/node/705483190,"16"
"POINT (2.365844 48.849798)",https://www.openstreetmap.org/node/705483203,"12"
"POINT (2.364417 48.851553)",https://www.openstreetmap.org/node/705483211,"24"
"POINT (2.365154 48.85181)",https://www.openstreetmap.org/node/705483214,"30"
"POINT (2.366137 48.849552)",https://www.openstreetmap.org/node/705483224,"2"
"POINT (2.36538 48.849868)",https://www.openstreetmap.org/node/705483237,"2"
"POINT (2.36516 48.849854)",https://www.openstreetmap.org/node/705483256,"1"
"POINT (2.36569 48.84983)",https://www.openstreetmap.org/node/705483260,"17"
"POINT (2.366272 48.851835)",https://www.openstreetmap.org/node/705483272,"11"
"POINT (2.366411 48.85086)",https://www.openstreetmap.org/node/705483273,"10"
"POINT (2.365785 48.850041)",https://www.openstreetmap.org/node/705483295,"19"
"POINT (2.365635 48.849709)",https://www.openstreetmap.org/node/705483308,"15"
"POINT (2.36467 48.851658)",https://www.openstreetmap.org/node/705483311,"26"
"POINT (2.366723 48.8501)",https://www.openstreetmap.org/node/705483326,21bis
"POINT (2.363568 48.850607)",https://www.openstreetmap.org/node/705483332,"12"
"POINT (2.362956 48.851067)",https://www.openstreetmap.org/node/705483349,"24"
"POINT (2.367216 48.851662)",https://www.openstreetmap.org/node/705483364,"3"
"POINT (2.3665 48.85121)",https://www.openstreetmap.org/node/705483380,"11"
"POINT (2.366139 48.850444)",https://www.openstreetmap.org/node/705483399,"16"
"POINT (2.365522 48.851922)",https://www.openstreetmap.org/node/705483410,"34"
"POINT (2.36636 48.851044)",https://www.openstreetmap.org/node/705483413,"9"
"POINT (2.363943 48.85143)",https://www.openstreetmap.org/node/705483419,"20"
"POINT (2.366601 48.85134)",https://www.openstreetmap.org/node/705483431,"13"
"POINT (2.366705 48.851477)",https://www.openstreetmap.org/node/705483440,"15"
"POINT (2.366527 48.849667)",https://www.openstreetmap.org/node/705483443,"21"
"POINT (2.363455 48.850698)",https://www.openstreetmap.org/node/705483449,"14"
"POINT (2.367036 48.850813)",https://www.openstreetmap.org/node/705483461,"25"
"POINT (2.366056 48.8519)",https://www.openstreetmap.org/node/705483463,"13"
"POINT (2.364329 48.851526)",https://www.openstreetmap.org/node/705483472,"22"
"POINT (2.367338 48.851642)",https://www.openstreetmap.org/node/705483489,"1"
"POINT (2.366753 48.851738)",https://www.openstreetmap.org/node/705483493,"7"
"POINT (2.363123 48.850933)",https://www.openstreetmap.org/node/705483524,"20"
"POINT (2.365989 48.850116)",https://www.openstreetmap.org/node/705483526,"14"
"POINT (2.365277 48.851848)",https://www.openstreetmap.org/node/705483533,"32"
"POINT (2.367334 48.85144)",https://www.openstreetmap.org/node/705483558,"31"
"POINT (2.363999 48.850261)",https://www.openstreetmap.org/node/705483573,"8"
"POINT (2.365417 48.850081)",https://www.openstreetmap.org/node/705483580,"3"
"POINT (2.36349 48.851272)",https://www.openstreetmap.org/node/705483589,"16"
"POINT (2.366519 48.851776)",https://www.openstreetmap.org/node/705483616,"9"
"POINT (2.367168 48.851075)",https://www.openstreetmap.org/node/705483629,"27"
"POINT (2.363859 48.850373)",https://www.openstreetmap.org/node/705483636,"10"
"POINT (2.365451 48.849931)",https://www.openstreetmap.org/node/705483640,"4"
"POINT (2.363064 48.85098)",https://www.openstreetmap.org/node/705483658,"22"
"POINT (2.365403 48.84965)",https://www.openstreetmap.org/node/705483672,2b
"POINT (2.366262 48.850669)",https://www.openstreetmap.org/node/705483674,"8"
"POINT (2.366656 48.851177)",https://www.openstreetmap.org/node/705483676,"12"
"POINT (2.3658 48.851973)",https://www.openstreetmap.org/node/705483686,"17"
"POINT (2.364362 48.849929)",https://www.openstreetmap.org/node/705483703,"2"
"POINT (2.362945 48.85111)",https://www.openstreetmap.org/node/705483704,"12"
"POINT (2.365939 48.850548)",https://www.openstreetmap.org/node/705483725,"7"
"POINT (2.367121 48.851678)",https://www.openstreetmap.org/node/705483735,"5"
"POINT (2.363856 48.851404)",https://www.openstreetmap.org/node/705483740,"18"
"POINT (2.367008 48.851636)",https://www.openstreetmap.org/node/705483742,"18"
"POINT (2.365638 48.850097)",https://www.openstreetmap.org/node/705483766,"6"
"POINT (2.364285 48.850031)",https://www.openstreetmap.org/node/705483769,"4"
"POINT (2.364925 48.851735)",https://www.openstreetmap.org/node/705483790,"28"
"POINT (2.3669 48.851496)",https://www.openstreetmap.org/node/705483806,"16"
"POINT (2.364477 48.849878)",https://www.openstreetmap.org/node/705492019,"6"
"POINT (2.381913 48.856528)",https://www.openstreetmap.org/node/7055074409,"144"
"POINT (2.365719 48.847889)",https://www.openstreetmap.org/node/705514602,"1"
"POINT (2.364172 48.849565)",https://www.openstreetmap.org/node/705514617,16 bis
"POINT (2.36474 48.848991)",https://www.openstreetmap.org/node/705514624,"1"
"POINT (2.365057 48.848939)",https://www.openstreetmap.org/node/705514654,"3"
"POINT (2.365146 48.848818)",https://www.openstreetmap.org/node/705514677,"4"
"POINT (2.365351 48.849089)",https://www.openstreetmap.org/node/705514680,"9"
"POINT (2.364572 48.849086)",https://www.openstreetmap.org/node/705514730,"12"
"POINT (2.364474 48.849203)",https://www.openstreetmap.org/node/705514734,"14"
"POINT (2.365027 48.848841)",https://www.openstreetmap.org/node/705514764,"2"
"POINT (2.364777 48.848789)",https://www.openstreetmap.org/node/705514798,"10"
"POINT (2.364941 48.848506)",https://www.openstreetmap.org/node/705514803,"6"
"POINT (2.365413 48.849225)",https://www.openstreetmap.org/node/705514831,"11"
"POINT (2.365387 48.849467)",https://www.openstreetmap.org/node/705514842,1t
"POINT (2.364388 48.84966)",https://www.openstreetmap.org/node/705514878,"10"
"POINT (2.364287 48.849427)",https://www.openstreetmap.org/node/705514882,"16"
"POINT (2.364952 48.849553)",https://www.openstreetmap.org/node/705514899,"5"
"POINT (2.364158 48.849727)",https://www.openstreetmap.org/node/705514912,"9"
"POINT (2.36427 48.849636)",https://www.openstreetmap.org/node/705514920,"8"
"POINT (2.364728 48.849598)",https://www.openstreetmap.org/node/705514933,"7"
"POINT (2.365291 48.848956)",https://www.openstreetmap.org/node/705514938,"7"
"POINT (2.36509 48.848517)",https://www.openstreetmap.org/node/705514967,"1"
"POINT (2.365243 48.847831)",https://www.openstreetmap.org/node/705514968,2b
"POINT (2.365146 48.848639)",https://www.openstreetmap.org/node/705514995,"3"
"POINT (2.365196 48.848747)",https://www.openstreetmap.org/node/705514998,"5"
"POINT (2.364378 48.849318)",https://www.openstreetmap.org/node/705515005,14 bis
"POINT (2.364865 48.848638)",https://www.openstreetmap.org/node/705515040,"8"
"POINT (2.365476 48.849359)",https://www.openstreetmap.org/node/705515046,"13"
"POINT (2.365182 48.849507)",https://www.openstreetmap.org/node/705515059,"3"
"POINT (2.362348 48.849138)",https://www.openstreetmap.org/node/705528436,"32"
"POINT (2.362776 48.849197)",https://www.openstreetmap.org/node/705528522,"3"
"POINT (2.36191 48.849433)",https://www.openstreetmap.org/node/705528766,"38"
"POINT (2.361772 48.849544)",https://www.openstreetmap.org/node/705528893,"40"
"POINT (2.362228 48.849331)",https://www.openstreetmap.org/node/705528924,"36"
"POINT (2.363548 48.849618)",https://www.openstreetmap.org/node/705529100,"7"
"POINT (2.362245 48.849208)",https://www.openstreetmap.org/node/705529183,"34"
"POINT (2.363179 48.850355)",https://www.openstreetmap.org/node/705529303,"18"
"POINT (2.36319 48.849423)",https://www.openstreetmap.org/node/705529441,"5"
"POINT (2.362389 48.850006)",https://www.openstreetmap.org/node/705529755,"10"
"POINT (2.362025 48.849804)",https://www.openstreetmap.org/node/705529901,"6"
"POINT (2.361774 48.84967)",https://www.openstreetmap.org/node/705529929,"2"
"POINT (2.362765 48.850212)",https://www.openstreetmap.org/node/705529955,"16"
"POINT (2.364683 48.847564)",https://www.openstreetmap.org/node/705553141,"4"
"POINT (2.364946 48.847859)",https://www.openstreetmap.org/node/705553151,"5"
"POINT (2.365065 48.847544)",https://www.openstreetmap.org/node/705553153,"1"
"POINT (2.364163 48.849202)",https://www.openstreetmap.org/node/705553191,"15"
"POINT (2.363996 48.849401)",https://www.openstreetmap.org/node/705553206,15 ter
"POINT (2.364586 48.847629)",https://www.openstreetmap.org/node/705553229,"8"
"POINT (2.36432 48.848986)",https://www.openstreetmap.org/node/705553231,"13"
"POINT (2.364373 48.847774)",https://www.openstreetmap.org/node/705553233,"10"
"POINT (2.364767 48.848291)",https://www.openstreetmap.org/node/705553237,"9"
"POINT (2.364638 48.848522)",https://www.openstreetmap.org/node/705553241,"11"
"POINT (2.364533 48.848706)",https://www.openstreetmap.org/node/705553265,11b
"POINT (2.363965 48.848052)",https://www.openstreetmap.org/node/705553282,"12"
"POINT (2.364625 48.847602)",https://www.openstreetmap.org/node/705553284,"6"
"POINT (2.364875 48.848047)",https://www.openstreetmap.org/node/705553288,"7"
"POINT (2.365002 48.847712)",https://www.openstreetmap.org/node/705553293,"3"
"POINT (2.364065 48.849319)",https://www.openstreetmap.org/node/705553322,15 bis
"POINT (2.364883 48.847431)",https://www.openstreetmap.org/node/705553339,"2"
"POINT (2.36354 48.848335)",https://www.openstreetmap.org/node/705553362,18-30
"POINT (2.371966 48.847372)",https://www.openstreetmap.org/node/7087933285,"10"
"POINT (2.369403 48.849518)",https://www.openstreetmap.org/node/7130922788,"10"
"POINT (2.381816 48.853765)",https://www.openstreetmap.org/node/7133629494,"90"
"POINT (2.387805 48.84793)",https://www.openstreetmap.org/node/7141699268,"8"
"POINT (2.388151 48.848297)",https://www.openstreetmap.org/node/7141699269,"19"
"POINT (2.387142 48.847531)",https://www.openstreetmap.org/node/7141699270,"79"
"POINT (2.391031 48.849245)",https://www.openstreetmap.org/node/7141717113,"295"
"POINT (2.370338 48.848879)",https://www.openstreetmap.org/node/7147211685,"22"
"POINT (2.369904 48.852029)",https://www.openstreetmap.org/node/7147293344,"130"
"POINT (2.36982 48.852167)",https://www.openstreetmap.org/node/7147293345,130 bis
"POINT (2.371343 48.849457)",https://www.openstreetmap.org/node/7152309671,1 bis
"POINT (2.366956 48.856043)",https://www.openstreetmap.org/node/7157260126,"8"
"POINT (2.369495 48.855311)",https://www.openstreetmap.org/node/7158212526,"2"
"POINT (2.364269 48.856574)",https://www.openstreetmap.org/node/717532704,"29"
"POINT (2.364093 48.856564)",https://www.openstreetmap.org/node/717532730,"4"
"POINT (2.370732 48.853874)",https://www.openstreetmap.org/node/7200192658,"5"
"POINT (2.366389 48.85618)",https://www.openstreetmap.org/node/721551399,"26"
"POINT (2.364659 48.856415)",https://www.openstreetmap.org/node/721551411,"2"
"POINT (2.367111 48.856018)",https://www.openstreetmap.org/node/721551431,"6"
"POINT (2.36556 48.856312)",https://www.openstreetmap.org/node/721551439,"25"
"POINT (2.364509 48.856534)",https://www.openstreetmap.org/node/721551441,"24"
"POINT (2.366698 48.856129)",https://www.openstreetmap.org/node/721551448,"24"
"POINT (2.364943 48.856414)",https://www.openstreetmap.org/node/721551457,"21"
"POINT (2.367247 48.856045)",https://www.openstreetmap.org/node/721551474,"31"
"POINT (2.366026 48.856236)",https://www.openstreetmap.org/node/721551480,"28"
"POINT (2.364547 48.856433)",https://www.openstreetmap.org/node/721551487,2 bis
"POINT (2.365918 48.856337)",https://www.openstreetmap.org/node/721551499,"2"
"POINT (2.366954 48.856057)",https://www.openstreetmap.org/node/721551505,"8"
"POINT (2.365256 48.856362)",https://www.openstreetmap.org/node/721551515,"23"
"POINT (2.367536 48.855946)",https://www.openstreetmap.org/node/721563442,4b
"POINT (2.367732 48.855914)",https://www.openstreetmap.org/node/721563538,"4"
"POINT (2.367372 48.856015)",https://www.openstreetmap.org/node/721563617,"46"
"POINT (2.36797 48.855875)",https://www.openstreetmap.org/node/721563651,"2"
"POINT (2.3784 48.854298)",https://www.openstreetmap.org/node/722480906,12-14
"POINT (2.370703 48.853581)",https://www.openstreetmap.org/node/7230159943,"12"
"POINT (2.371078 48.854555)",https://www.openstreetmap.org/node/7230159946,"18"
"POINT (2.374701 48.855247)",https://www.openstreetmap.org/node/7230159947,"27"
"POINT (2.380604 48.857317)",https://www.openstreetmap.org/node/7230159948,"132"
"POINT (2.378436 48.849496)",https://www.openstreetmap.org/node/7232623502,"15"
"POINT (2.378211 48.849273)",https://www.openstreetmap.org/node/7232623506,"11"
"POINT (2.380129 48.850676)",https://www.openstreetmap.org/node/7235014386,1 bis
"POINT (2.385115 48.850155)",https://www.openstreetmap.org/node/7250825930,"241"
"POINT (2.385056 48.850164)",https://www.openstreetmap.org/node/7250825931,"239"
"POINT (2.367671 48.852269)",https://www.openstreetmap.org/node/7266101031,"37"
"POINT (2.367575 48.852131)",https://www.openstreetmap.org/node/7266101032,"37"
"POINT (2.377476 48.853964)",https://www.openstreetmap.org/node/7272263419,121 bât. A
"POINT (2.373722 48.846101)",https://www.openstreetmap.org/node/7283204207,"3"
"POINT (2.374054 48.846156)",https://www.openstreetmap.org/node/7283251351,"2"
"POINT (2.372012 48.848147)",https://www.openstreetmap.org/node/7304489180,"52"
"POINT (2.379903 48.853403)",https://www.openstreetmap.org/node/7333180485,"74"
"POINT (2.373728 48.851749)",https://www.openstreetmap.org/node/7364940083,"68"
"POINT (2.3737 48.851803)",https://www.openstreetmap.org/node/7364940084,"68"
"POINT (2.384097 48.849596)",https://www.openstreetmap.org/node/7405871074,"25"
"POINT (2.386281 48.849688)",https://www.openstreetmap.org/node/7405871079,"210"
"POINT (2.386144 48.849712)",https://www.openstreetmap.org/node/7405871080,"210"
"POINT (2.375763 48.853461)",https://www.openstreetmap.org/node/7514785271,"2"
"POINT (2.383022 48.845364)",https://www.openstreetmap.org/node/752433097,"4"
"POINT (2.361167 48.853121)",https://www.openstreetmap.org/node/7552537853,"11"
"POINT (2.381173 48.853648)",https://www.openstreetmap.org/node/7578671782,"84"
"POINT (2.365226 48.854484)",https://www.openstreetmap.org/node/7607958694,"14"
"POINT (2.381129 48.857003)",https://www.openstreetmap.org/node/7615324185,"134"
"POINT (2.383508 48.846542)",https://www.openstreetmap.org/node/7641115254,"17"
"POINT (2.383468 48.846381)",https://www.openstreetmap.org/node/7641115255,15 bis
"POINT (2.383474 48.846436)",https://www.openstreetmap.org/node/7641115256,15 bis
"POINT (2.383501 48.846323)",https://www.openstreetmap.org/node/7641115258,"15"
"POINT (2.383498 48.84631)",https://www.openstreetmap.org/node/7641115259,13 bis
"POINT (2.378401 48.854815)",https://www.openstreetmap.org/node/7647245188,"142"
"POINT (2.380615 48.857218)",https://www.openstreetmap.org/node/7660926201,"55"
"POINT (2.378365 48.850324)",https://www.openstreetmap.org/node/7734839117,"26"
"POINT (2.363067 48.851771)",https://www.openstreetmap.org/node/7737989035,"10"
"POINT (2.375365 48.851599)",https://www.openstreetmap.org/node/7761207832,"91"
"POINT (2.375269 48.851622)",https://www.openstreetmap.org/node/7761207833,"91"
"POINT (2.36723 48.846684)",https://www.openstreetmap.org/node/7817518985,"4"
"POINT (2.385381 48.850514)",https://www.openstreetmap.org/node/787318628,"27"
"POINT (2.375241 48.854164)",https://www.openstreetmap.org/node/787319659,"13"
"POINT (2.381585 48.851702)",https://www.openstreetmap.org/node/787321533,"17"
"POINT (2.380279 48.856677)",https://www.openstreetmap.org/node/787330056,"44"
"POINT (2.385026 48.853634)",https://www.openstreetmap.org/node/787331110,"11"
"POINT (2.387183 48.850481)",https://www.openstreetmap.org/node/787346664,37 bis
"POINT (2.381744 48.851689)",https://www.openstreetmap.org/node/787347921,"22"
"POINT (2.377598 48.854175)",https://www.openstreetmap.org/node/787350622,125 bât. C
"POINT (2.380128 48.853843)",https://www.openstreetmap.org/node/787359338,5b
"POINT (2.378306 48.852742)",https://www.openstreetmap.org/node/787361425,"19"
"POINT (2.380839 48.851955)",https://www.openstreetmap.org/node/787362406,"24"
"POINT (2.385902 48.852785)",https://www.openstreetmap.org/node/787364883,"32"
"POINT (2.374784 48.855081)",https://www.openstreetmap.org/node/787370791,"25"
"POINT (2.377573 48.855265)",https://www.openstreetmap.org/node/787372597,"19"
"POINT (2.379005 48.850697)",https://www.openstreetmap.org/node/787373071,"151"
"POINT (2.386901 48.852451)",https://www.openstreetmap.org/node/787377106,"24"
"POINT (2.388947 48.851719)",https://www.openstreetmap.org/node/787378377,"3"
"POINT (2.377016 48.853088)",https://www.openstreetmap.org/node/787378514,"113"
"POINT (2.377552 48.854061)",https://www.openstreetmap.org/node/787387253,123 bât. B
"POINT (2.37983 48.855876)",https://www.openstreetmap.org/node/787387826,"15"
"POINT (2.386692 48.850264)",https://www.openstreetmap.org/node/787388474,"3"
"POINT (2.380422 48.853335)",https://www.openstreetmap.org/node/787389392,"41"
"POINT (2.371898 48.852517)",https://www.openstreetmap.org/node/787390892,"33"
"POINT (2.379781 48.851628)",https://www.openstreetmap.org/node/787390973,"5"
"POINT (2.371024 48.854132)",https://www.openstreetmap.org/node/787401555,"11"
"POINT (2.369034 48.85456)",https://www.openstreetmap.org/node/787407438,"4"
"POINT (2.383679 48.852037)",https://www.openstreetmap.org/node/787407931,"26"
"POINT (2.365252 48.848341)",https://www.openstreetmap.org/node/7908609554,"2"
"POINT (2.367241 48.853942)",https://www.openstreetmap.org/node/7914177595,"3"
"POINT (2.382717 48.852972)",https://www.openstreetmap.org/node/7942923162,"33"
"POINT (2.367382 48.852971)",https://www.openstreetmap.org/node/7995599836,"11"
"POINT (2.363593 48.855621)",https://www.openstreetmap.org/node/8016758788,"17"
"POINT (2.378332 48.850188)",https://www.openstreetmap.org/node/8026478921,"24"
"POINT (2.368757 48.845458)",https://www.openstreetmap.org/node/8187983059,"1"
"POINT (2.363367 48.852035)",https://www.openstreetmap.org/node/8295997453,"12"
"POINT (2.374448 48.852967)",https://www.openstreetmap.org/node/8315067749,"15"
"POINT (2.392873 48.847783)",https://www.openstreetmap.org/node/8458619940,"2"
"POINT (2.389408 48.848448)",https://www.openstreetmap.org/node/8467944249,"9"
"POINT (2.389272 48.848352)",https://www.openstreetmap.org/node/8467944250,"11"
"POINT (2.389164 48.848277)",https://www.openstreetmap.org/node/8467944251,"13"
"POINT (2.389053 48.848199)",https://www.openstreetmap.org/node/8467944252,"15"
"POINT (2.389828 48.848742)",https://www.openstreetmap.org/node/8467944253,"3"
"POINT (2.389688 48.848645)",https://www.openstreetmap.org/node/8467944254,"5"
"POINT (2.38965 48.848617)",https://www.openstreetmap.org/node/8467944255,5 bis
"POINT (2.38955 48.848548)",https://www.openstreetmap.org/node/8467944256,"7"
"POINT (2.3899 48.848896)",https://www.openstreetmap.org/node/8467944257,"2"
"POINT (2.389776 48.848809)",https://www.openstreetmap.org/node/8467944258,"4"
"POINT (2.389689 48.848748)",https://www.openstreetmap.org/node/8467944259,"6"
"POINT (2.389605 48.848689)",https://www.openstreetmap.org/node/8467944260,"8"
"POINT (2.389528 48.848636)",https://www.openstreetmap.org/node/8467944261,"10"
"POINT (2.389462 48.84859)",https://www.openstreetmap.org/node/8467944262,"12"
"POINT (2.389023 48.848307)",https://www.openstreetmap.org/node/8467944263,"18"
"POINT (2.38888 48.848207)",https://www.openstreetmap.org/node/8467944264,"20"
"POINT (2.388951 48.848127)",https://www.openstreetmap.org/node/8467944265,"17"
"POINT (2.388818 48.847972)",https://www.openstreetmap.org/node/8467944266,"19"
"POINT (2.388897 48.847889)",https://www.openstreetmap.org/node/8467944267,"21"
"POINT (2.388976 48.847805)",https://www.openstreetmap.org/node/8467944268,"23"
"POINT (2.367313 48.852304)",https://www.openstreetmap.org/node/8606644066,"6"
"POINT (2.391648 48.847731)",https://www.openstreetmap.org/node/8606644075,"160"
"POINT (2.388256 48.847678)",https://www.openstreetmap.org/node/8632879609,"89"
"POINT (2.379124 48.850694)",https://www.openstreetmap.org/node/8737018028,"151"
"POINT (2.388285 48.850494)",https://www.openstreetmap.org/node/8815918775,"45"
"POINT (2.368226 48.855643)",https://www.openstreetmap.org/node/8842970059,27-29
"POINT (2.385294 48.84668)",https://www.openstreetmap.org/node/8846686323,"7"
"POINT (2.382139 48.85477)",https://www.openstreetmap.org/node/8889320858,"11"
"POINT (2.382493 48.853379)",https://www.openstreetmap.org/node/8890454984,"39"
"POINT (2.38233 48.850719)",https://www.openstreetmap.org/node/8909263981,"199"
"POINT (2.381674 48.853952)",https://www.openstreetmap.org/node/8988412042,"79"
"POINT (2.378861 48.851309)",https://www.openstreetmap.org/node/8998355761,"18"
"POINT (2.380627 48.850318)",https://www.openstreetmap.org/node/8998379584,"154"
"POINT (2.373752 48.852039)",https://www.openstreetmap.org/node/9023911618,"1"
"POINT (2.384184 48.852829)",https://www.openstreetmap.org/node/9041882518,"3"
"POINT (2.379556 48.848411)",https://www.openstreetmap.org/node/9147495125,"8"
"POINT (2.369851 48.850515)",https://www.openstreetmap.org/node/915269358,"16"
"POINT (2.382118 48.844425)",https://www.openstreetmap.org/node/916640962,6b
"POINT (2.384352 48.843945)",https://www.openstreetmap.org/node/916642258,"178"
"POINT (2.385631 48.846143)",https://www.openstreetmap.org/node/917972488,"21"
"POINT (2.391462 48.848906)",https://www.openstreetmap.org/node/917972822,"258"
"POINT (2.384604 48.846952)",https://www.openstreetmap.org/node/917973728,"94"
"POINT (2.387111 48.847558)",https://www.openstreetmap.org/node/917974186,"79"
"POINT (2.383989 48.846882)",https://www.openstreetmap.org/node/917974305,"88"
"POINT (2.383935 48.845253)",https://www.openstreetmap.org/node/917975481,"3"
"POINT (2.381835 48.844454)",https://www.openstreetmap.org/node/917992303,"27"
"POINT (2.379301 48.846141)",https://www.openstreetmap.org/node/917993066,"126"
"POINT (2.382562 48.845012)",https://www.openstreetmap.org/node/917993299,"151"
"POINT (2.380029 48.845411)",https://www.openstreetmap.org/node/917994034,"3"
"POINT (2.382392 48.8467)",https://www.openstreetmap.org/node/917994309,"76"
"POINT (2.380796 48.846518)",https://www.openstreetmap.org/node/917994345,"64"
"POINT (2.383181 48.84679)",https://www.openstreetmap.org/node/917994642,"84"
"POINT (2.38158 48.847169)",https://www.openstreetmap.org/node/917994844,"28"
"POINT (2.380994 48.846541)",https://www.openstreetmap.org/node/917995209,"66"
"POINT (2.380508 48.848513)",https://www.openstreetmap.org/node/917995258,"46"
"POINT (2.379523 48.84984)",https://www.openstreetmap.org/node/917995429,"66"
"POINT (2.3756 48.846771)",https://www.openstreetmap.org/node/917995623,"8"
"POINT (2.378383 48.846243)",https://www.openstreetmap.org/node/917997158,"44"
"POINT (2.37446 48.848693)",https://www.openstreetmap.org/node/918019270,"36"
"POINT (2.378809 48.848959)",https://www.openstreetmap.org/node/918019631,13b
"POINT (2.379977 48.848755)",https://www.openstreetmap.org/node/918022933,"55"
"POINT (2.380293 48.847777)",https://www.openstreetmap.org/node/918023812,"1"
"POINT (2.378786 48.848662)",https://www.openstreetmap.org/node/918023981,"17"
"POINT (2.378245 48.848524)",https://www.openstreetmap.org/node/918025735,"10"
"POINT (2.375524 48.848183)",https://www.openstreetmap.org/node/918025942,"12"
"POINT (2.379868 48.848891)",https://www.openstreetmap.org/node/918026196,"57"
"POINT (2.378851 48.848843)",https://www.openstreetmap.org/node/918026374,"15"
"POINT (2.378396 48.848512)",https://www.openstreetmap.org/node/918026478,"12"
"POINT (2.378698 48.849059)",https://www.openstreetmap.org/node/918026794,"13"
"POINT (2.368324 48.846058)",https://www.openstreetmap.org/node/918071636,"8;10"
"POINT (2.371393 48.849027)",https://www.openstreetmap.org/node/918071845,"2"
"POINT (2.368032 48.846379)",https://www.openstreetmap.org/node/918071866,"2"
"POINT (2.372152 48.851511)",https://www.openstreetmap.org/node/918072080,"45"
"POINT (2.367965 48.847952)",https://www.openstreetmap.org/node/918073027,"256"
"POINT (2.373746 48.846393)",https://www.openstreetmap.org/node/918075929,"5"
"POINT (2.373088 48.850933)",https://www.openstreetmap.org/node/918076568,"2"
"POINT (2.371545 48.851863)",https://www.openstreetmap.org/node/918076605,"22"
"POINT (2.369927 48.846342)",https://www.openstreetmap.org/node/918077497,"14"
"POINT (2.368235 48.848954)",https://www.openstreetmap.org/node/918078256,"24"
"POINT (2.370823 48.847473)",https://www.openstreetmap.org/node/918078301,"38"
"POINT (2.375754 48.851114)",https://www.openstreetmap.org/node/918080306,"87"
"POINT (2.367999 48.84574)",https://www.openstreetmap.org/node/918082759,"96"
"POINT (2.371992 48.851526)",https://www.openstreetmap.org/node/918085505,"26"
"POINT (2.372905 48.850072)",https://www.openstreetmap.org/node/918086511,"18"
"POINT (2.371114 48.849644)",https://www.openstreetmap.org/node/918087892,"38"
"POINT (2.373236 48.851928)",https://www.openstreetmap.org/node/918087913,"58"
"POINT (2.373088 48.845931)",https://www.openstreetmap.org/node/918088732,21ter
"POINT (2.38062 48.843998)",https://www.openstreetmap.org/node/918148826,"15"
"POINT (2.378404 48.844953)",https://www.openstreetmap.org/node/918148923,"25"
"POINT (2.371982 48.842712)",https://www.openstreetmap.org/node/918148947,"54"
"POINT (2.381224 48.844224)",https://www.openstreetmap.org/node/918149366,"25"
"POINT (2.377522 48.844965)",https://www.openstreetmap.org/node/918149547,"11"
"POINT (2.369944 48.844367)",https://www.openstreetmap.org/node/918149568,"78"
"POINT (2.37492 48.842798)",https://www.openstreetmap.org/node/918149800,"171"
"POINT (2.369622 48.845076)",https://www.openstreetmap.org/node/918149823,"7"
"POINT (2.380818 48.844072)",https://www.openstreetmap.org/node/918149834,"19"
"POINT (2.380336 48.843892)",https://www.openstreetmap.org/node/918149874,"11"
"POINT (2.37645 48.845494)",https://www.openstreetmap.org/node/918149912,"8"
"POINT (2.377845 48.844855)",https://www.openstreetmap.org/node/918150066,"8"
"POINT (2.376332 48.845756)",https://www.openstreetmap.org/node/918150649,"6"
"POINT (2.377925 48.844761)",https://www.openstreetmap.org/node/918151761,"6"
"POINT (2.374659 48.842869)",https://www.openstreetmap.org/node/918151802,"175"
"POINT (2.376531 48.845645)",https://www.openstreetmap.org/node/918152552,"10"
"POINT (2.378575 48.844316)",https://www.openstreetmap.org/node/918153037,"9"
"POINT (2.378917 48.844461)",https://www.openstreetmap.org/node/918153056,"13"
"POINT (2.378159 48.85653)",https://www.openstreetmap.org/node/9190113917,"52"
"POINT (2.381215 48.85013)",https://www.openstreetmap.org/node/9243892717,"47"
"POINT (2.383741 48.845772)",https://www.openstreetmap.org/node/9247842726,10 bis
"POINT (2.384666 48.851499)",https://www.openstreetmap.org/node/9250865217,"8"
"POINT (2.378677 48.844299)",https://www.openstreetmap.org/node/925971132,10b
"POINT (2.378523 48.844232)",https://www.openstreetmap.org/node/925971167,"10"
"POINT (2.388324 48.845668)",https://www.openstreetmap.org/node/9288025806,"38"
"POINT (2.36856 48.854166)",https://www.openstreetmap.org/node/9301423820,"5"
"POINT (2.38788 48.846345)",https://www.openstreetmap.org/node/9332685478,"43"
"POINT (2.387746 48.850522)",https://www.openstreetmap.org/node/9332741537,"39"
"POINT (2.374974 48.851692)",https://www.openstreetmap.org/node/9348318664,"85"
"POINT (2.375059 48.851672)",https://www.openstreetmap.org/node/9348318665,"87"
"POINT (2.379357 48.850008)",https://www.openstreetmap.org/node/9360947897,"72"
"POINT (2.376357 48.85391)",https://www.openstreetmap.org/node/9368686356,"7"
"POINT (2.388541 48.845527)",https://www.openstreetmap.org/node/9394595288,"40"
"POINT (2.373717 48.846496)",https://www.openstreetmap.org/node/940559423,"7"
"POINT (2.37907 48.850372)",https://www.openstreetmap.org/node/940712738,"74"
"POINT (2.379739 48.849509)",https://www.openstreetmap.org/node/940712740,"62"
"POINT (2.379318 48.850068)",https://www.openstreetmap.org/node/940712741,"72"
"POINT (2.380977 48.849412)",https://www.openstreetmap.org/node/940712742,"35"
"POINT (2.373063 48.846506)",https://www.openstreetmap.org/node/942880078,"11"
"POINT (2.373341 48.846368)",https://www.openstreetmap.org/node/942880079,"6"
"POINT (2.373305 48.84652)",https://www.openstreetmap.org/node/942880090,"8"
"POINT (2.374326 48.84881)",https://www.openstreetmap.org/node/9431499865,"59"
"POINT (2.383416 48.843224)",https://www.openstreetmap.org/node/9448858018,"98"
"POINT (2.370592 48.847768)",https://www.openstreetmap.org/node/9464454687,37/39
"POINT (2.368328 48.84636)",https://www.openstreetmap.org/node/9505688595,"7"
"POINT (2.3684 48.846397)",https://www.openstreetmap.org/node/9505688596,"7"
"POINT (2.368739 48.846682)",https://www.openstreetmap.org/node/9505688597,"15"
"POINT (2.368889 48.846769)",https://www.openstreetmap.org/node/9505688598,"17"
"POINT (2.36946 48.847096)",https://www.openstreetmap.org/node/9508365899,"25"
"POINT (2.369531 48.847139)",https://www.openstreetmap.org/node/9508365900,"25"
"POINT (2.370189 48.847065)",https://www.openstreetmap.org/node/9508365903,"28"
"POINT (2.370816 48.847424)",https://www.openstreetmap.org/node/9508365907,"38"
"POINT (2.392903 48.847754)",https://www.openstreetmap.org/node/9517201367,"10"
"POINT (2.370893 48.85374)",https://www.openstreetmap.org/node/9540535717,"16"
"POINT (2.370988 48.853837)",https://www.openstreetmap.org/node/9540539717,"18"
"POINT (2.370967 48.854122)",https://www.openstreetmap.org/node/9540542217,"11"
"POINT (2.371038 48.854159)",https://www.openstreetmap.org/node/9540546917,"11"
"POINT (2.374758 48.849833)",https://www.openstreetmap.org/node/9541156317,"78"
"POINT (2.378937 48.845743)",https://www.openstreetmap.org/node/9542910720,"87"
"POINT (2.382391 48.846279)",https://www.openstreetmap.org/node/9545513022,"18"
"POINT (2.374239 48.850513)",https://www.openstreetmap.org/node/9545513023,"10"
"POINT (2.38018 48.850864)",https://www.openstreetmap.org/node/9550128153,"5"
"POINT (2.376912 48.850817)",https://www.openstreetmap.org/node/9550128154,"11"
"POINT (2.379595 48.850632)",https://www.openstreetmap.org/node/9550128155,155 bis
"POINT (2.376952 48.85087)",https://www.openstreetmap.org/node/9550128156,"13"
"POINT (2.379335 48.850674)",https://www.openstreetmap.org/node/9550128157,"155"
"POINT (2.378356 48.85086)",https://www.openstreetmap.org/node/9550128158,"141"
"POINT (2.380203 48.850953)",https://www.openstreetmap.org/node/9550128159,"7"
"POINT (2.379179 48.850691)",https://www.openstreetmap.org/node/9550128160,"153"
"POINT (2.379497 48.850644)",https://www.openstreetmap.org/node/9550128161,"157"
"POINT (2.37688 48.850776)",https://www.openstreetmap.org/node/9550128162,"11"
"POINT (2.380154 48.850792)",https://www.openstreetmap.org/node/9550128163,"3"
"POINT (2.378317 48.85087)",https://www.openstreetmap.org/node/9550128164,"141"
"POINT (2.375153 48.849836)",https://www.openstreetmap.org/node/9550128165,"69"
"POINT (2.3753 48.849775)",https://www.openstreetmap.org/node/9550128166,"56"
"POINT (2.376633 48.850423)",https://www.openstreetmap.org/node/9550128167,"3"
"POINT (2.380442 48.851197)",https://www.openstreetmap.org/node/9550184693,"12"
"POINT (2.380856 48.852222)",https://www.openstreetmap.org/node/9550184695,"25"
"POINT (2.380807 48.85178)",https://www.openstreetmap.org/node/9550184696,"22"
"POINT (2.380157 48.851185)",https://www.openstreetmap.org/node/9550184697,"16"
"POINT (2.379224 48.855304)",https://www.openstreetmap.org/node/9550219128,"32"
"POINT (2.378931 48.855297)",https://www.openstreetmap.org/node/9550219129,"29"
"POINT (2.378422 48.856273)",https://www.openstreetmap.org/node/9550219130,"46"
"POINT (2.379621 48.854439)",https://www.openstreetmap.org/node/9550219132,"15"
"POINT (2.378118 48.85659)",https://www.openstreetmap.org/node/9550219133,"54"
"POINT (2.378486 48.855754)",https://www.openstreetmap.org/node/9550219135,"161"
"POINT (2.37891 48.855327)",https://www.openstreetmap.org/node/9550219136,"29"
"POINT (2.378242 48.856434)",https://www.openstreetmap.org/node/9550219137,"50"
"POINT (2.378017 48.856458)",https://www.openstreetmap.org/node/9550219138,"51"
"POINT (2.378096 48.856349)",https://www.openstreetmap.org/node/9550219141,"49"
"POINT (2.379706 48.854315)",https://www.openstreetmap.org/node/9550219142,"11"
"POINT (2.37093 48.854635)",https://www.openstreetmap.org/node/9556250417,"16"
"POINT (2.374236 48.852993)",https://www.openstreetmap.org/node/9556286417,"51"
"POINT (2.375778 48.853407)",https://www.openstreetmap.org/node/9556295566,"2"
"POINT (2.3742 48.852277)",https://www.openstreetmap.org/node/9556308917,"8"
"POINT (2.37715 48.853423)",https://www.openstreetmap.org/node/9556346210,"45"
"POINT (2.376519 48.853746)",https://www.openstreetmap.org/node/9556358459,"3"
"POINT (2.376575 48.85368)",https://www.openstreetmap.org/node/9556358460,"3"
"POINT (2.376233 48.854125)",https://www.openstreetmap.org/node/9556358461,"11"
"POINT (2.376185 48.854173)",https://www.openstreetmap.org/node/9556358462,"11"
"POINT (2.375951 48.854487)",https://www.openstreetmap.org/node/9556358480,"15"
"POINT (2.376744 48.853485)",https://www.openstreetmap.org/node/9556359917,"1"
"POINT (2.376455 48.853813)",https://www.openstreetmap.org/node/9556368717,"5"
"POINT (2.376298 48.854032)",https://www.openstreetmap.org/node/9556371117,"9"
"POINT (2.376175 48.85423)",https://www.openstreetmap.org/node/9556373117,"13"
"POINT (2.376273 48.854408)",https://www.openstreetmap.org/node/9556373817,"14"
"POINT (2.375526 48.855059)",https://www.openstreetmap.org/node/9556381828,"23"
"POINT (2.375495 48.855436)",https://www.openstreetmap.org/node/9556411895,"36"
"POINT (2.375841 48.854969)",https://www.openstreetmap.org/node/9556721406,"24"
"POINT (2.370781 48.847165)",https://www.openstreetmap.org/node/9583827010,"17"
"POINT (2.363764 48.855818)",https://www.openstreetmap.org/node/9602961095,"19"
"POINT (2.368801 48.850197)",https://www.openstreetmap.org/node/9602961096,"34"
"POINT (2.374659 48.853399)",https://www.openstreetmap.org/node/9602961098,"3"
"POINT (2.371137 48.854196)",https://www.openstreetmap.org/node/9602989030,"13"
"POINT (2.375452 48.846223)",https://www.openstreetmap.org/node/9604304291,27 bis
"POINT (2.367623 48.852892)",https://www.openstreetmap.org/node/9610301941,"45"
"POINT (2.367219 48.846333)",https://www.openstreetmap.org/node/9613474302,"100"
"POINT (2.371988 48.852509)",https://www.openstreetmap.org/node/9634464517,"35"
"POINT (2.362921 48.854472)",https://www.openstreetmap.org/node/9634603638,"81"
"POINT (2.362049 48.853732)",https://www.openstreetmap.org/node/9673778631,"26"
"POINT (2.381584 48.855743)",https://www.openstreetmap.org/node/9678314484,"27"
"POINT (2.381497 48.855894)",https://www.openstreetmap.org/node/9678374618,"33"
"POINT (2.381054 48.8496)",https://www.openstreetmap.org/node/968007671,"39"
"POINT (2.383093 48.843364)",https://www.openstreetmap.org/node/9706003227,"94"
"POINT (2.379641 48.856286)",https://www.openstreetmap.org/node/9709881117,"9"
"POINT (2.362668 48.853018)",https://www.openstreetmap.org/node/9742587475,"8 bis;10"
"POINT (2.385679 48.84846)",https://www.openstreetmap.org/node/9748958012,"1"
"POINT (2.366394 48.852948)",https://www.openstreetmap.org/node/9752244141,"10"
"POINT (2.366219 48.85305)",https://www.openstreetmap.org/node/9752289582,"13"
"POINT (2.366154 48.852961)",https://www.openstreetmap.org/node/9752289583,"11"
"POINT (2.366248 48.85265)",https://www.openstreetmap.org/node/9752404199,"4"
"POINT (2.366277 48.852474)",https://www.openstreetmap.org/node/9752452161,"37"
"POINT (2.383689 48.845536)",https://www.openstreetmap.org/node/9753976376,"8"
"POINT (2.383688 48.845573)",https://www.openstreetmap.org/node/9753976379,"8"
"POINT (2.383679 48.845484)",https://www.openstreetmap.org/node/9753976384,"8"
"POINT (2.383859 48.846506)",https://www.openstreetmap.org/node/9754091512,"20"
"POINT (2.383723 48.845715)",https://www.openstreetmap.org/node/9754091513,10 bis
"POINT (2.362442 48.849982)",https://www.openstreetmap.org/node/9755433500,"10"
"POINT (2.362908 48.850218)",https://www.openstreetmap.org/node/9755433501,"17"
"POINT (2.362806 48.849335)",https://www.openstreetmap.org/node/9755433506,"36"
"POINT (2.363 48.849521)",https://www.openstreetmap.org/node/9755433511,"4"
"POINT (2.36268 48.849846)",https://www.openstreetmap.org/node/9755433516,"10"
"POINT (2.362401 48.850012)",https://www.openstreetmap.org/node/9755479021,"10"
"POINT (2.362146 48.849431)",https://www.openstreetmap.org/node/9755479024,36bis
"POINT (2.378248 48.846094)",https://www.openstreetmap.org/node/9759131978,"79"
"POINT (2.371774 48.849214)",https://www.openstreetmap.org/node/9759756159,"3"
"POINT (2.366256 48.852725)",https://www.openstreetmap.org/node/9765241955,"8"
"POINT (2.366023 48.852658)",https://www.openstreetmap.org/node/9765241956,"5"
"POINT (2.366204 48.85257)",https://www.openstreetmap.org/node/9765241957,"2"
"POINT (2.36594 48.852467)",https://www.openstreetmap.org/node/9765241958,"1"
"POINT (2.365904 48.852388)",https://www.openstreetmap.org/node/9765241959,"1"
"POINT (2.366347 48.8525)",https://www.openstreetmap.org/node/9765241960,"37"
"POINT (2.366725 48.852693)",https://www.openstreetmap.org/node/9765241961,"5"
"POINT (2.366874 48.852977)",https://www.openstreetmap.org/node/9765241962,"9"
"POINT (2.366903 48.853078)",https://www.openstreetmap.org/node/9765241963,"9"
"POINT (2.36694 48.853155)",https://www.openstreetmap.org/node/9765241964,9b
"POINT (2.380298 48.848316)",https://www.openstreetmap.org/node/976668418,"47"
"POINT (2.385376 48.847348)",https://www.openstreetmap.org/node/9781548350,"1"
"POINT (2.367694 48.853191)",https://www.openstreetmap.org/node/9783169498,"14"
"POINT (2.367385 48.852909)",https://www.openstreetmap.org/node/9783169503,"9"
"POINT (2.364249 48.853979)",https://www.openstreetmap.org/node/9789976178,"53"
"POINT (2.367344 48.855096)",https://www.openstreetmap.org/node/9796100975,"26"
"POINT (2.378323 48.848502)",https://www.openstreetmap.org/node/9810810519,"10"
"POINT (2.367148 48.856022)",https://www.openstreetmap.org/node/9833504617,"6"
"POINT (2.386097 48.847456)",https://www.openstreetmap.org/node/9838706917,"73"
"POINT (2.373581 48.850124)",https://www.openstreetmap.org/node/9864085791,"46"
"POINT (2.373552 48.850352)",https://www.openstreetmap.org/node/9864085792,"65"
"POINT (2.372945 48.85087)",https://www.openstreetmap.org/node/9864085798,"53"
"POINT (2.374254 48.850833)",https://www.openstreetmap.org/node/9864085800,"7"
"POINT (2.373117 48.850718)",https://www.openstreetmap.org/node/9864085801,"57"
"POINT (2.373492 48.850205)",https://www.openstreetmap.org/node/9864085806,"44"
"POINT (2.373053 48.850567)",https://www.openstreetmap.org/node/9864085808,"23"
"POINT (2.373191 48.850419)",https://www.openstreetmap.org/node/9864085811,"40"
"POINT (2.373538 48.850159)",https://www.openstreetmap.org/node/9864085812,"46"
"POINT (2.373084 48.850745)",https://www.openstreetmap.org/node/9864091231,"55"
"POINT (2.376315 48.851944)",https://www.openstreetmap.org/node/9896315779,"95"
"POINT (2.376394 48.852097)",https://www.openstreetmap.org/node/9896315781,"97"
"POINT (2.376587 48.852407)",https://www.openstreetmap.org/node/9896315782,"101"
"POINT (2.376633 48.852492)",https://www.openstreetmap.org/node/9896315783,"103"
"POINT (2.37677 48.852736)",https://www.openstreetmap.org/node/9896315784,"107"
"POINT (2.373361 48.849297)",https://www.openstreetmap.org/node/9898424217,63 bis
"POINT (2.387711 48.846569)",https://www.openstreetmap.org/node/9954246984,"41"
"POINT (2.382086 48.8564)",https://www.openstreetmap.org/node/9954272325,"146"
"POINT (2.380433 48.857387)",https://www.openstreetmap.org/node/9954272326,"130"
"POINT (2.391943 48.848097)",https://www.openstreetmap.org/node/9961160424,"125"
"POINT (2.387526 48.847608)",https://www.openstreetmap.org/node/9961291898,"83"
"POINT (2.389092 48.84778)",https://www.openstreetmap.org/node/9961291899,"97"
"POINT (2.373481 48.851445)",https://www.openstreetmap.org/node/9969525240,"16"
"POINT (2.372838 48.849891)",https://www.openstreetmap.org/node/9969525241,"16"
"POINT (2.373414 48.851507)",https://www.openstreetmap.org/node/9969525243,"7"
"POINT (2.373379 48.851286)",https://www.openstreetmap.org/node/9969525244,"12"
"POINT (2.373217 48.851083)",https://www.openstreetmap.org/node/9969525245,"10"
"POINT (2.373147 48.850999)",https://www.openstreetmap.org/node/9969525246,"2"
"POINT (2.372628 48.852321)",https://www.openstreetmap.org/node/9969566558,"47"
"POINT (2.375723 48.851267)",https://www.openstreetmap.org/node/9969626899,"96"
"POINT (2.375778 48.851253)",https://www.openstreetmap.org/node/9969626900,"96"
"POINT (2.375626 48.851288)",https://www.openstreetmap.org/node/9969626902,"94"
"POINT (2.37546 48.851328)",https://www.openstreetmap.org/node/9969626903,"90"
"POINT (2.375118 48.851656)",https://www.openstreetmap.org/node/9969642891,"89"
"POINT (2.375185 48.851642)",https://www.openstreetmap.org/node/9969642892,"89"
"POINT (2.373259 48.850408)",https://www.openstreetmap.org/node/9975208904,"40"
"POINT (2.373596 48.850318)",https://www.openstreetmap.org/node/9975208905,"65"
"POINT (2.373959 48.850006)",https://www.openstreetmap.org/node/9975208906,"71"
"POINT (2.374045 48.847342)",https://www.openstreetmap.org/node/9988853704,"12"
"POINT (2.374018 48.847633)",https://www.openstreetmap.org/node/9988853705,"16"
"POINT (2.374038 48.847266)",https://www.openstreetmap.org/node/9988853706,"12"
"POINT (2.374048 48.846247)",https://www.openstreetmap.org/node/9988853707,"2"
"POINT (2.370852 48.854007)",https://www.openstreetmap.org/node/9993010735,"7"
"POINT (2.370865 48.853971)",https://www.openstreetmap.org/node/9994311827,"7"
"POINT (2.370784 48.853941)",https://www.openstreetmap.org/node/9994311828,"7"
"POINT (2.387135 48.850343)",https://www.openstreetmap.org/node/9999607886,"40"
