{
"type": "FeatureCollection",
"name": "plan_andriveau_1849_voies",
"crs": { "type": "name", "properties": { "name": "urn:ogc:def:crs:EPSG::2154" } },
"features": [
{ "type": "Feature", "properties": { "gid": 12, "streetname": "Rue des Terres Fortes", "note": null }, "geometry": { "type": "MultiLineString", "coordinates": [ [ [ 653765.883332711644471, 6861226.876918449066579 ], [ 653674.587403688463382, 6861287.776765787042677 ], [ 653625.171994444448501, 6861320.529400666244328 ] ] ] } },
{ "type": "Feature", "properties": { "gid": 477, "streetname": "Boulevard Extérieur", "note": null }, "geometry": { "type": "MultiLineString", "coordinates": [ [ [ 654417.136587986955419, 6860223.052015490829945 ], [ 654339.164679481647909, 6860162.976614272221923 ], [ 654191.702938421163708, 6860038.650438444688916 ] ] ] } },
{ "type": "Feature", "properties": { "gid": 482, "streetname": "Boulevard Extérieur", "note": null }, "geometry": { "type": "MultiLineString", "coordinates": [ [ [ 655187.695315526216291, 6860031.084360994398594 ], [ 655134.395186181762256, 6860002.695203335955739 ], [ 655097.953555195010267, 6860023.077810506336391 ], [ 655075.717983745387755, 6860054.578203406184912 ], [ 654831.744352563517168, 6860124.990846360102296 ], [ 654434.592340285191312, 6860234.315739368088543 ], [ 654417.136587986955419, 6860223.052015490829945 ] ] ] } },
{ "type": "Feature", "properties": { "gid": 578, "streetname": null, "note": null }, "geometry": { "type": "MultiLineString", "coordinates": [ [ [ 653627.996005567372777, 6860758.981767023913562 ], [ 653786.860204504337162, 6860788.316625528968871 ] ] ] } },
{ "type": "Feature", "properties": { "gid": 683, "streetname": "Rue Saint-Antoine", "note": null }, "geometry": { "type": "MultiLineString", "coordinates": [ [ [ 653528.381117604323663, 6861683.712618871591985 ], [ 653581.057372520444915, 6861709.475187459029257 ], [ 653581.751980414846912, 6861723.018539541400969 ] ] ] } },
{ "type": "Feature", "properties": { "gid": 685, "streetname": "Rue Saint-Antoine", "note": null }, "geometry": { "type": "MultiLineString", "coordinates": [ [ [ 653581.751980414846912, 6861723.018539541400969 ], [ 653636.34891280264128, 6861716.900394076481462 ] ] ] } },
{ "type": "Feature", "properties": { "gid": 686, "streetname": "Rue Saint-Antoine", "note": null }, "geometry": { "type": "MultiLineString", "coordinates": [ [ [ 653636.34891280264128, 6861716.900394076481462 ], [ 653675.054189269547351, 6861712.265298707410693 ] ] ] } },
{ "type": "Feature", "properties": { "gid": 687, "streetname": "Rue Saint-Antoine", "note": null }, "geometry": { "type": "MultiLineString", "coordinates": [ [ [ 653528.381117604323663, 6861683.712618871591985 ], [ 653560.399663939373568, 6861675.656530026346445 ] ] ] } },
{ "type": "Feature", "properties": { "gid": 689, "streetname": "Rue Saint-Antoine", "note": null }, "geometry": { "type": "MultiLineString", "coordinates": [ [ [ 653560.399663939373568, 6861675.656530026346445 ], [ 653598.956526274560019, 6861665.955343420617282 ] ] ] } },
{ "type": "Feature", "properties": { "gid": 690, "streetname": "Rue Saint-Antoine", "note": null }, "geometry": { "type": "MultiLineString", "coordinates": [ [ [ 653598.956526274560019, 6861665.955343420617282 ], [ 653658.593220546143129, 6861649.632346373051405 ] ] ] } },
{ "type": "Feature", "properties": { "gid": 691, "streetname": "Place de la Bastille", "note": null }, "geometry": { "type": "MultiLineString", "coordinates": [ [ [ 653745.732294200919569, 6861589.147299064323306 ], [ 653650.735598270315677, 6861617.044879213906825 ] ] ] } },
{ "type": "Feature", "properties": { "gid": 692, "streetname": "Place de la Bastille", "note": null }, "geometry": { "type": "MultiLineString", "coordinates": [ [ [ 653650.735598270315677, 6861617.044879213906825 ], [ 653658.593220546143129, 6861649.632346373051405 ] ] ] } },
{ "type": "Feature", "properties": { "gid": 693, "streetname": "Place de la Bastille", "note": null }, "geometry": { "type": "MultiLineString", "coordinates": [ [ [ 653658.593220546143129, 6861649.632346373051405 ], [ 653675.054189269547351, 6861712.265298707410693 ] ] ] } },
{ "type": "Feature", "properties": { "gid": 695, "streetname": "Place de la Bastille", "note": null }, "geometry": { "type": "MultiLineString", "coordinates": [ [ [ 653675.054189269547351, 6861712.265298707410693 ], [ 653749.087598384940065, 6861694.162519131787121 ] ] ] } },
{ "type": "Feature", "properties": { "gid": 696, "streetname": "Place de la Bastille", "note": null }, "geometry": { "type": "MultiLineString", "coordinates": [ [ [ 653749.087598384940065, 6861694.162519131787121 ], [ 653780.392408877261914, 6861659.698565060272813 ] ] ] } },
{ "type": "Feature", "properties": { "gid": 697, "streetname": "Place de la Bastille", "note": null }, "geometry": { "type": "MultiLineString", "coordinates": [ [ [ 653780.392408877261914, 6861659.698565060272813 ], [ 653769.989294991944917, 6861619.525652610696852 ] ] ] } },
{ "type": "Feature", "properties": { "gid": 699, "streetname": "Place de la Bastille", "note": null }, "geometry": { "type": "MultiLineString", "coordinates": [ [ [ 653769.989294991944917, 6861619.525652610696852 ], [ 653745.732294200919569, 6861589.147299064323306 ] ] ] } },
{ "type": "Feature", "properties": { "gid": 700, "streetname": "Place Royale", "note": null }, "geometry": { "type": "MultiLineString", "coordinates": [ [ [ 653402.277986989705823, 6862005.104115143418312 ], [ 653462.851743590203114, 6861988.28674226347357 ] ] ] } },
{ "type": "Feature", "properties": { "gid": 702, "streetname": "Place Royale", "note": null }, "geometry": { "type": "MultiLineString", "coordinates": [ [ [ 653462.851743590203114, 6861988.28674226347357 ], [ 653527.394841409754008, 6861970.367306700907648 ] ] ] } },
{ "type": "Feature", "properties": { "gid": 703, "streetname": "Place Royale", "note": null }, "geometry": { "type": "MultiLineString", "coordinates": [ [ [ 653527.394841409754008, 6861970.367306700907648 ], [ 653494.754868059768341, 6861845.557685387320817 ], [ 653431.749055361840874, 6861862.638261239975691 ] ] ] } },
{ "type": "Feature", "properties": { "gid": 704, "streetname": "Place Royale", "note": null }, "geometry": { "type": "MultiLineString", "coordinates": [ [ [ 653431.749055361840874, 6861862.638261239975691 ], [ 653369.636935693561099, 6861879.476526563055813 ], [ 653402.277986989705823, 6862005.104115143418312 ] ] ] } },
{ "type": "Feature", "properties": { "gid": 768, "streetname": "Place du Marché Beauveau", "note": null }, "geometry": { "type": "MultiLineString", "coordinates": [ [ [ 654331.28212431143038, 6861219.36697977501899 ], [ 654378.595406874082983, 6861194.594634719192982 ] ] ] } },
{ "type": "Feature", "properties": { "gid": 769, "streetname": "Place du Marché Beauveau", "note": null }, "geometry": { "type": "MultiLineString", "coordinates": [ [ [ 654378.595406874082983, 6861194.594634719192982 ], [ 654401.239937479025684, 6861181.576914442703128 ], [ 654409.303831435274333, 6861172.251220266334713 ], [ 654414.128604142693803, 6861162.395097564905882 ], [ 654415.502460454823449, 6861153.348807476460934 ], [ 654413.874345673248172, 6861145.443189623765647 ], [ 654411.359610031591728, 6861138.214275415055454 ], [ 654405.943168134079315, 6861130.786711455322802 ], [ 654398.65040375769604, 6861125.717279400676489 ] ] ] } },
{ "type": "Feature", "properties": { "gid": 770, "streetname": "Place du Marché Beauveau", "note": null }, "geometry": { "type": "MultiLineString", "coordinates": [ [ [ 654398.65040375769604, 6861125.717279400676489 ], [ 654388.708105425117537, 6861123.904806265607476 ], [ 654379.127632773597725, 6861125.323939401656389 ], [ 654369.0223637977615, 6861130.651381797157228 ], [ 654349.146418822463602, 6861141.303447941318154 ] ] ] } },
{ "type": "Feature", "properties": { "gid": 771, "streetname": "Place du Marché Beauveau", "note": null }, "geometry": { "type": "MultiLineString", "coordinates": [ [ [ 654349.146418822463602, 6861141.303447941318154 ], [ 654304.190190161694773, 6861164.972859377972782 ] ] ] } },
{ "type": "Feature", "properties": { "gid": 1015, "streetname": "Rue Saint-Paul", "note": null }, "geometry": { "type": "MultiLineString", "coordinates": [ [ [ 653116.198795933742076, 6861628.552693937905133 ], [ 653134.444319078116678, 6861655.020369123667479 ], [ 653158.016009758459404, 6861683.189992892555892 ] ] ] } },
{ "type": "Feature", "properties": { "gid": 1018, "streetname": "Rue Saint-Paul", "note": null }, "geometry": { "type": "MultiLineString", "coordinates": [ [ [ 653158.016009758459404, 6861683.189992892555892 ], [ 653162.103772792033851, 6861688.07512176502496 ], [ 653176.81101565528661, 6861713.185401206836104 ], [ 653185.84041999024339, 6861728.827263417653739 ] ] ] } },
{ "type": "Feature", "properties": { "gid": 1019, "streetname": "Quai Saint-Paul", "note": null }, "geometry": { "type": "MultiLineString", "coordinates": [ [ [ 652951.810236052260734, 6861616.844985423609614 ], [ 653065.157736574183218, 6861558.38524732273072 ] ] ] } },
{ "type": "Feature", "properties": { "gid": 1020, "streetname": "Quai Saint-Paul", "note": null }, "geometry": { "type": "MultiLineString", "coordinates": [ [ [ 653065.157736574183218, 6861558.38524732273072 ], [ 653073.343628765433095, 6861554.163318198174238 ] ] ] } },
{ "type": "Feature", "properties": { "gid": 1022, "streetname": "Rue Saint-Antoine", "note": null }, "geometry": { "type": "MultiLineString", "coordinates": [ [ [ 653237.618799749645405, 6861814.005937419831753 ], [ 653249.909195954212919, 6861807.121731575578451 ] ] ] } },
{ "type": "Feature", "properties": { "gid": 1024, "streetname": "Rue Saint-Antoine", "note": null }, "geometry": { "type": "MultiLineString", "coordinates": [ [ [ 653249.909195954212919, 6861807.121731575578451 ], [ 653261.165305476635695, 6861800.816859570331872 ], [ 653302.65894606441725, 6861777.709128669463098 ], [ 653312.507517762249336, 6861772.224473397247493 ] ] ] } },
{ "type": "Feature", "properties": { "gid": 1025, "streetname": "Rue Sully", "note": null }, "geometry": { "type": "MultiLineString", "coordinates": [ [ [ 653195.629886542563327, 6861445.199259720742702 ], [ 653231.258928290568292, 6861428.309044172056019 ], [ 653268.254208449390717, 6861390.415550986304879 ], [ 653364.983965342165902, 6861273.365182686597109 ], [ 653383.577543499763124, 6861257.950868872925639 ] ] ] } },
{ "type": "Feature", "properties": { "gid": 1060, "streetname": "Rue du Faubourg Saint-Antoine", "note": null }, "geometry": { "type": "MultiLineString", "coordinates": [ [ [ 654043.900134760187939, 6861501.94853285048157 ], [ 654050.189522414235398, 6861499.579818557016551 ] ] ] } },
{ "type": "Feature", "properties": { "gid": 1065, "streetname": "Rue du Faubourg Saint-Antoine", "note": null }, "geometry": { "type": "MultiLineString", "coordinates": [ [ [ 654050.189522414235398, 6861499.579818557016551 ], [ 654082.902160407509655, 6861487.259558228775859 ] ] ] } },
{ "type": "Feature", "properties": { "gid": 1066, "streetname": "Rue du Faubourg Saint-Antoine", "note": null }, "geometry": { "type": "MultiLineString", "coordinates": [ [ [ 654082.902160407509655, 6861487.259558228775859 ], [ 654106.133234999957494, 6861478.510252021253109 ] ] ] } },
{ "type": "Feature", "properties": { "gid": 1067, "streetname": "Rue du Faubourg Saint-Antoine", "note": null }, "geometry": { "type": "MultiLineString", "coordinates": [ [ [ 654106.133234999957494, 6861478.510252021253109 ], [ 654128.217258629738353, 6861470.433826932683587 ] ] ] } },
{ "type": "Feature", "properties": { "gid": 1071, "streetname": "Rue du Faubourg Saint-Antoine", "note": null }, "geometry": { "type": "MultiLineString", "coordinates": [ [ [ 654458.21316567948088, 6861349.772806903347373 ], [ 654514.796998149133287, 6861336.839246202260256 ] ] ] } },
{ "type": "Feature", "properties": { "gid": 1072, "streetname": "Rue du Faubourg Saint-Antoine", "note": null }, "geometry": { "type": "MultiLineString", "coordinates": [ [ [ 654610.7234552615555, 6861329.759686052799225 ], [ 654656.5666715123225, 6861326.376367032527924 ] ] ] } },
{ "type": "Feature", "properties": { "gid": 1074, "streetname": "Rue de la Roquette", "note": null }, "geometry": { "type": "MultiLineString", "coordinates": [ [ [ 653873.249669971410185, 6861772.24641293566674 ], [ 653950.120679530198686, 6861807.870143737643957 ] ] ] } },
{ "type": "Feature", "properties": { "gid": 1175, "streetname": null, "note": null }, "geometry": { "type": "MultiLineString", "coordinates": [ [ [ 653142.292692300048657, 6861258.885230560787022 ], [ 653306.484769912320189, 6861278.615518162027001 ] ] ] } },
{ "type": "Feature", "properties": { "gid": 2513, "streetname": "Rue Jean Beau Sire", "note": null }, "geometry": { "type": "MultiLineString", "coordinates": [ [ [ 653636.34891280264128, 6861716.900394076481462 ], [ 653634.763969035004266, 6861790.218902715481818 ], [ 653633.863530976464972, 6861826.900075888261199 ] ] ] } },
{ "type": "Feature", "properties": { "gid": 2514, "streetname": "Rue Jean Beau Sire", "note": null }, "geometry": { "type": "MultiLineString", "coordinates": [ [ [ 653633.863530976464972, 6861826.900075888261199 ], [ 653679.414781965198927, 6861827.322879268787801 ] ] ] } },
{ "type": "Feature", "properties": { "gid": 2515, "streetname": "Rue des Tournelles", "note": null }, "geometry": { "type": "MultiLineString", "coordinates": [ [ [ 653581.751980414846912, 6861723.018539541400969 ], [ 653578.918325315928087, 6861743.437900924123824 ], [ 653573.94479948701337, 6861794.357589808292687 ], [ 653577.904644380440004, 6861929.734547014348209 ], [ 653577.92180234240368, 6861955.728355348110199 ] ] ] } },
{ "type": "Feature", "properties": { "gid": 2516, "streetname": "Rue des Tournelles", "note": null }, "geometry": { "type": "MultiLineString", "coordinates": [ [ [ 653577.92180234240368, 6861955.728355348110199 ], [ 653582.101580249262042, 6862069.341239543631673 ] ] ] } },
{ "type": "Feature", "properties": { "gid": 2530, "streetname": "Rue Saint-Antoine", "note": null }, "geometry": { "type": "MultiLineString", "coordinates": [ [ [ 653212.85348335118033, 6861827.877699790522456 ], [ 653237.618799749645405, 6861814.005937419831753 ] ] ] } },
{ "type": "Feature", "properties": { "gid": 2532, "streetname": "Rue Saint-Antoine", "note": null }, "geometry": { "type": "MultiLineString", "coordinates": [ [ [ 653312.507517762249336, 6861772.224473397247493 ], [ 653337.580157189280726, 6861758.261556920595467 ], [ 653387.026007111766376, 6861735.785757765173912 ] ] ] } },
{ "type": "Feature", "properties": { "gid": 2533, "streetname": "Rue Saint-Antoine", "note": null }, "geometry": { "type": "MultiLineString", "coordinates": [ [ [ 653387.026007111766376, 6861735.785757765173912 ], [ 653395.890284678083844, 6861731.756464089266956 ] ] ] } },
{ "type": "Feature", "properties": { "gid": 2534, "streetname": "Rue Saint-Antoine", "note": null }, "geometry": { "type": "MultiLineString", "coordinates": [ [ [ 653395.890284678083844, 6861731.756464089266956 ], [ 653400.811925291200168, 6861729.519311850890517 ], [ 653453.705183374346234, 6861708.804621909745038 ] ] ] } },
{ "type": "Feature", "properties": { "gid": 2538, "streetname": "Rue Saint-Antoine", "note": null }, "geometry": { "type": "MultiLineString", "coordinates": [ [ [ 653453.705183374346234, 6861708.804621909745038 ], [ 653495.41152185969986, 6861692.856079287827015 ], [ 653514.583922093268484, 6861687.538997299969196 ] ] ] } },
{ "type": "Feature", "properties": { "gid": 2539, "streetname": "Rue Saint-Antoine", "note": null }, "geometry": { "type": "MultiLineString", "coordinates": [ [ [ 653514.583922093268484, 6861687.538997299969196 ], [ 653528.381117604323663, 6861683.712618871591985 ] ] ] } },
{ "type": "Feature", "properties": { "gid": 2545, "streetname": "Rue de l'Orme", "note": null }, "geometry": { "type": "MultiLineString", "coordinates": [ [ [ 653546.995176114025526, 6861489.105730316601694 ], [ 653563.797100503928959, 6861546.191189236007631 ], [ 653598.956526274560019, 6861665.955343420617282 ] ] ] } },
{ "type": "Feature", "properties": { "gid": 2546, "streetname": "Boulevard Beaumarchais", "note": null }, "geometry": { "type": "MultiLineString", "coordinates": [ [ [ 653675.054189269547351, 6861712.265298707410693 ], [ 653687.574308235314675, 6861721.423321786336601 ] ] ] } },
{ "type": "Feature", "properties": { "gid": 2547, "streetname": "Boulevard Beaumarchais", "note": null }, "geometry": { "type": "MultiLineString", "coordinates": [ [ [ 653687.574308235314675, 6861721.423321786336601 ], [ 653679.414781965198927, 6861827.322879268787801 ] ] ] } },
{ "type": "Feature", "properties": { "gid": 2549, "streetname": "Boulevard Beaumarchais", "note": null }, "geometry": { "type": "MultiLineString", "coordinates": [ [ [ 653679.414781965198927, 6861827.322879268787801 ], [ 653664.241045118076727, 6861939.467742413282394 ] ] ] } },
{ "type": "Feature", "properties": { "gid": 2550, "streetname": "Boulevard Beaumarchais", "note": null }, "geometry": { "type": "MultiLineString", "coordinates": [ [ [ 653664.241045118076727, 6861939.467742413282394 ], [ 653659.15852953272406, 6861976.558612723834813 ], [ 653635.103451996808872, 6862145.229298644699156 ] ] ] } },
{ "type": "Feature", "properties": { "gid": 2559, "streetname": "Boulevard Bourdon", "note": null }, "geometry": { "type": "MultiLineString", "coordinates": [ [ [ 653449.796836820314638, 6861000.848702321760356 ], [ 653487.892615235643461, 6861122.364671366289258 ], [ 653545.072733866050839, 6861308.474819721654058 ], [ 653569.292803782853298, 6861386.808166934177279 ] ] ] } },
{ "type": "Feature", "properties": { "gid": 2560, "streetname": "Boulevard Bourdon", "note": null }, "geometry": { "type": "MultiLineString", "coordinates": [ [ [ 653569.292803782853298, 6861386.808166934177279 ], [ 653596.874068969627842, 6861476.012402505613863 ] ] ] } },
{ "type": "Feature", "properties": { "gid": 2561, "streetname": "Boulevard Bourdon", "note": null }, "geometry": { "type": "MultiLineString", "coordinates": [ [ [ 653596.874068969627842, 6861476.012402505613863 ], [ 653599.757195531623438, 6861485.337098037824035 ], [ 653625.130847317515872, 6861572.83833203651011 ], [ 653650.735598270315677, 6861617.044879213906825 ] ] ] } },
{ "type": "Feature", "properties": { "gid": 2564, "streetname": "Quai Valmy", "note": null }, "geometry": { "type": "MultiLineString", "coordinates": [ [ [ 653687.574308235314675, 6861721.423321786336601 ], [ 653716.225334379938431, 6861750.129124094732106 ], [ 653739.242308290326037, 6861822.489830472506583 ] ] ] } },
{ "type": "Feature", "properties": { "gid": 2565, "streetname": "Quai Valmy", "note": null }, "geometry": { "type": "MultiLineString", "coordinates": [ [ [ 653739.242308290326037, 6861822.489830472506583 ], [ 653764.094893016386777, 6861905.895438947714865 ] ] ] } },
{ "type": "Feature", "properties": { "gid": 2569, "streetname": "Rue de Charenton", "note": null }, "geometry": { "type": "MultiLineString", "coordinates": [ [ [ 653984.541868736967444, 6861378.975649641826749 ], [ 654006.226491841604002, 6861349.645554766058922 ] ] ] } },
{ "type": "Feature", "properties": { "gid": 2585, "streetname": "Rue de la Roquette", "note": null }, "geometry": { "type": "MultiLineString", "coordinates": [ [ [ 653780.392408877261914, 6861659.698565060272813 ], [ 653798.587460611364804, 6861661.630730026401579 ] ] ] } },
{ "type": "Feature", "properties": { "gid": 2589, "streetname": "Rue de la Roquette", "note": null }, "geometry": { "type": "MultiLineString", "coordinates": [ [ [ 653798.587460611364804, 6861661.630730026401579 ], [ 653847.573843386024237, 6861738.20691513363272 ], [ 653873.249669971410185, 6861772.24641293566674 ] ] ] } },
{ "type": "Feature", "properties": { "gid": 2593, "streetname": "Rue du Faubourg Saint-Antoine", "note": null }, "geometry": { "type": "MultiLineString", "coordinates": [ [ [ 653780.392408877261914, 6861659.698565060272813 ], [ 653867.253732223063707, 6861586.511027600616217 ] ] ] } },
{ "type": "Feature", "properties": { "gid": 2594, "streetname": "Rue du Faubourg Saint-Antoine", "note": null }, "geometry": { "type": "MultiLineString", "coordinates": [ [ [ 653867.253732223063707, 6861586.511027600616217 ], [ 653889.298526688828133, 6861569.97949752304703 ] ] ] } },
{ "type": "Feature", "properties": { "gid": 2595, "streetname": "Rue du Faubourg Saint-Antoine", "note": null }, "geometry": { "type": "MultiLineString", "coordinates": [ [ [ 653889.298526688828133, 6861569.97949752304703 ], [ 653897.69011571269948, 6861563.686592113226652 ], [ 653935.642666013911366, 6861546.890097064897418 ] ] ] } },
{ "type": "Feature", "properties": { "gid": 2597, "streetname": "Rue du Faubourg Saint-Antoine", "note": null }, "geometry": { "type": "MultiLineString", "coordinates": [ [ [ 653935.642666013911366, 6861546.890097064897418 ], [ 653974.506792275700718, 6861529.690169809386134 ] ] ] } },
{ "type": "Feature", "properties": { "gid": 2599, "streetname": "Rue du Faubourg Saint-Antoine", "note": null }, "geometry": { "type": "MultiLineString", "coordinates": [ [ [ 653974.506792275700718, 6861529.690169809386134 ], [ 653985.340082581038587, 6861524.895727656781673 ] ] ] } },
{ "type": "Feature", "properties": { "gid": 2600, "streetname": "Rue du Faubourg Saint-Antoine", "note": null }, "geometry": { "type": "MultiLineString", "coordinates": [ [ [ 653985.340082581038587, 6861524.895727656781673 ], [ 653998.870731451315805, 6861518.907520459964871 ], [ 654009.602276689838618, 6861514.865802618674934 ] ] ] } },
{ "type": "Feature", "properties": { "gid": 2601, "streetname": "Rue du Faubourg Saint-Antoine", "note": null }, "geometry": { "type": "MultiLineString", "coordinates": [ [ [ 654009.602276689838618, 6861514.865802618674934 ], [ 654018.178876817692071, 6861511.635680862702429 ] ] ] } },
{ "type": "Feature", "properties": { "gid": 2602, "streetname": "Rue du Faubourg Saint-Antoine", "note": null }, "geometry": { "type": "MultiLineString", "coordinates": [ [ [ 654018.178876817692071, 6861511.635680862702429 ], [ 654043.900134760187939, 6861501.94853285048157 ] ] ] } },
{ "type": "Feature", "properties": { "gid": 2603, "streetname": "Rue du Faubourg Saint-Antoine", "note": null }, "geometry": { "type": "MultiLineString", "coordinates": [ [ [ 654128.217258629738353, 6861470.433826932683587 ], [ 654143.095606062328443, 6861464.992605951614678 ] ] ] } },
{ "type": "Feature", "properties": { "gid": 2604, "streetname": "Rue du Faubourg Saint-Antoine", "note": null }, "geometry": { "type": "MultiLineString", "coordinates": [ [ [ 654143.095606062328443, 6861464.992605951614678 ], [ 654168.552177831996232, 6861455.682779504917562 ] ] ] } },
{ "type": "Feature", "properties": { "gid": 2605, "streetname": "Rue du Faubourg Saint-Antoine", "note": null }, "geometry": { "type": "MultiLineString", "coordinates": [ [ [ 654168.552177831996232, 6861455.682779504917562 ], [ 654197.97659501247108, 6861444.921856167726219 ] ] ] } },
{ "type": "Feature", "properties": { "gid": 2606, "streetname": "Rue du Faubourg Saint-Antoine", "note": null }, "geometry": { "type": "MultiLineString", "coordinates": [ [ [ 654197.97659501247108, 6861444.921856167726219 ], [ 654231.774456214974634, 6861432.561502820812166 ] ] ] } },
{ "type": "Feature", "properties": { "gid": 2610, "streetname": "Rue du Faubourg Saint-Antoine", "note": null }, "geometry": { "type": "MultiLineString", "coordinates": [ [ [ 654272.624407771043479, 6861417.236651355400681 ], [ 654304.56864167645108, 6861404.68839848600328 ] ] ] } },
{ "type": "Feature", "properties": { "gid": 2611, "streetname": "Rue du Faubourg Saint-Antoine", "note": null }, "geometry": { "type": "MultiLineString", "coordinates": [ [ [ 654304.56864167645108, 6861404.68839848600328 ], [ 654328.29860394645948, 6861395.366854947060347 ] ] ] } },
{ "type": "Feature", "properties": { "gid": 2612, "streetname": "Rue du Faubourg Saint-Antoine", "note": null }, "geometry": { "type": "MultiLineString", "coordinates": [ [ [ 654328.29860394645948, 6861395.366854947060347 ], [ 654399.6024779638974, 6861367.357399920001626 ] ] ] } },
{ "type": "Feature", "properties": { "gid": 2613, "streetname": "Rue du Faubourg Saint-Antoine", "note": null }, "geometry": { "type": "MultiLineString", "coordinates": [ [ [ 654399.6024779638974, 6861367.357399920001626 ], [ 654425.099483355181292, 6861357.341701913625002 ], [ 654458.21316567948088, 6861349.772806903347373 ] ] ] } },
{ "type": "Feature", "properties": { "gid": 2614, "streetname": "Rue du Faubourg Saint-Antoine", "note": null }, "geometry": { "type": "MultiLineString", "coordinates": [ [ [ 654656.5666715123225, 6861326.376367032527924 ], [ 654753.54824450542219, 6861309.439443519338965 ], [ 654784.614387197885662, 6861303.149890403263271 ] ] ] } },
{ "type": "Feature", "properties": { "gid": 2615, "streetname": "Rue du Faubourg Saint-Antoine", "note": null }, "geometry": { "type": "MultiLineString", "coordinates": [ [ [ 654784.614387197885662, 6861303.149890403263271 ], [ 654841.983791374368593, 6861291.535020930692554 ] ] ] } },
{ "type": "Feature", "properties": { "gid": 2616, "streetname": "Rue du Faubourg Saint-Antoine", "note": null }, "geometry": { "type": "MultiLineString", "coordinates": [ [ [ 654841.983791374368593, 6861291.535020930692554 ], [ 654919.70594711904414, 6861275.799583078362048 ], [ 655135.307405398809351, 6861227.234777918085456 ], [ 655295.680612985626794, 6861176.71696141641587 ], [ 655385.364532675361261, 6861157.84575170557946 ] ] ] } },
{ "type": "Feature", "properties": { "gid": 2619, "streetname": "Rue de Charenton", "note": null }, "geometry": { "type": "MultiLineString", "coordinates": [ [ [ 653780.392408877261914, 6861659.698565060272813 ], [ 653798.364962370484136, 6861630.456527723930776 ], [ 653824.136979736736976, 6861584.475728580728173 ] ] ] } },
{ "type": "Feature", "properties": { "gid": 2623, "streetname": "Rue de Charenton", "note": null }, "geometry": { "type": "MultiLineString", "coordinates": [ [ [ 653824.136979736736976, 6861584.475728580728173 ], [ 653829.278923777281307, 6861575.546396710909903 ], [ 653862.860949286143295, 6861534.901662430725992 ] ] ] } },
{ "type": "Feature", "properties": { "gid": 2624, "streetname": "Rue de Charenton", "note": null }, "geometry": { "type": "MultiLineString", "coordinates": [ [ [ 653862.860949286143295, 6861534.901662430725992 ], [ 653883.934095016098581, 6861509.396577622741461 ], [ 653895.617317914264277, 6861494.505164874717593 ] ] ] } },
{ "type": "Feature", "properties": { "gid": 2625, "streetname": "Rue de Charenton", "note": null }, "geometry": { "type": "MultiLineString", "coordinates": [ [ [ 653895.617317914264277, 6861494.505164874717593 ], [ 653939.789370542624965, 6861438.203527079895139 ] ] ] } },
{ "type": "Feature", "properties": { "gid": 2626, "streetname": "Rue de Charenton", "note": null }, "geometry": { "type": "MultiLineString", "coordinates": [ [ [ 653939.789370542624965, 6861438.203527079895139 ], [ 653956.502740072552115, 6861416.900677994824946 ], [ 653984.541868736967444, 6861378.975649641826749 ] ] ] } },
{ "type": "Feature", "properties": { "gid": 2627, "streetname": "Rue de Charenton", "note": null }, "geometry": { "type": "MultiLineString", "coordinates": [ [ [ 654006.226491841604002, 6861349.645554766058922 ], [ 654018.265519348438829, 6861333.36185357067734 ], [ 654035.632577243726701, 6861311.338789560832083 ] ] ] } },
{ "type": "Feature", "properties": { "gid": 2628, "streetname": "Rue de Charenton", "note": null }, "geometry": { "type": "MultiLineString", "coordinates": [ [ [ 654035.632577243726701, 6861311.338789560832083 ], [ 654046.748702345183119, 6861297.242496674880385 ] ] ] } },
{ "type": "Feature", "properties": { "gid": 2629, "streetname": "Rue de Charenton", "note": null }, "geometry": { "type": "MultiLineString", "coordinates": [ [ [ 654046.748702345183119, 6861297.242496674880385 ], [ 654066.963689572294243, 6861271.607978094369173 ] ] ] } },
{ "type": "Feature", "properties": { "gid": 2631, "streetname": "Rue de Charenton", "note": null }, "geometry": { "type": "MultiLineString", "coordinates": [ [ [ 654066.963689572294243, 6861271.607978094369173 ], [ 654073.292929670540616, 6861263.581902140751481 ], [ 654107.121954892296344, 6861212.921598132699728 ], [ 654119.243441509199329, 6861194.154828922823071 ] ] ] } },
{ "type": "Feature", "properties": { "gid": 2634, "streetname": "Rue de Charenton", "note": null }, "geometry": { "type": "MultiLineString", "coordinates": [ [ [ 654119.243441509199329, 6861194.154828922823071 ], [ 654136.958501756889746, 6861166.727958135306835 ], [ 654248.964082616730593, 6861067.452135129831731 ], [ 654252.866532198619097, 6861063.644487417303026 ] ] ] } },
{ "type": "Feature", "properties": { "gid": 2635, "streetname": "Rue de Charenton", "note": null }, "geometry": { "type": "MultiLineString", "coordinates": [ [ [ 654252.866532198619097, 6861063.644487417303026 ], [ 654287.450376013061032, 6861029.900775103829801 ] ] ] } },
{ "type": "Feature", "properties": { "gid": 2637, "streetname": "Rue de Charenton", "note": null }, "geometry": { "type": "MultiLineString", "coordinates": [ [ [ 654287.450376013061032, 6861029.900775103829801 ], [ 654333.910235352464952, 6860984.569515915587544 ] ] ] } },
{ "type": "Feature", "properties": { "gid": 2639, "streetname": "Rue de Charenton", "note": null }, "geometry": { "type": "MultiLineString", "coordinates": [ [ [ 654333.910235352464952, 6860984.569515915587544 ], [ 654357.288422631798312, 6860961.759216884151101 ], [ 654465.11120601836592, 6860844.383414415642619 ] ] ] } },
{ "type": "Feature", "properties": { "gid": 2640, "streetname": "Rue de Charenton", "note": null }, "geometry": { "type": "MultiLineString", "coordinates": [ [ [ 654465.11120601836592, 6860844.383414415642619 ], [ 654532.397026457474567, 6860794.650478725321591 ] ] ] } },
{ "type": "Feature", "properties": { "gid": 2641, "streetname": "Rue de Charenton", "note": null }, "geometry": { "type": "MultiLineString", "coordinates": [ [ [ 654532.397026457474567, 6860794.650478725321591 ], [ 654617.393310208106413, 6860742.350372700951993 ], [ 654632.57100391597487, 6860736.438481481745839 ] ] ] } },
{ "type": "Feature", "properties": { "gid": 2642, "streetname": "Rue de Charenton", "note": null }, "geometry": { "type": "MultiLineString", "coordinates": [ [ [ 654632.57100391597487, 6860736.438481481745839 ], [ 654669.210738997091539, 6860722.166871298104525 ], [ 654732.406457408564165, 6860713.171609729528427 ] ] ] } },
{ "type": "Feature", "properties": { "gid": 2643, "streetname": "Rue de Charenton", "note": null }, "geometry": { "type": "MultiLineString", "coordinates": [ [ [ 654732.406457408564165, 6860713.171609729528427 ], [ 654764.474718265933916, 6860692.751388847827911 ], [ 654782.746016157907434, 6860668.285196798853576 ] ] ] } },
{ "type": "Feature", "properties": { "gid": 2645, "streetname": "Rue de Charenton", "note": null }, "geometry": { "type": "MultiLineString", "coordinates": [ [ [ 654782.746016157907434, 6860668.285196798853576 ], [ 654802.333035256830044, 6860642.057187504135072 ], [ 654887.236510009272024, 6860530.919373596087098 ], [ 654908.217968893237412, 6860496.925522360950708 ] ] ] } },
{ "type": "Feature", "properties": { "gid": 2653, "streetname": null, "note": null }, "geometry": { "type": "MultiLineString", "coordinates": [ [ [ 654784.614387197885662, 6861303.149890403263271 ], [ 654786.215236299671233, 6861336.165659293532372 ] ] ] } },
{ "type": "Feature", "properties": { "gid": 2654, "streetname": "Quai Jemmappes", "note": null }, "geometry": { "type": "MultiLineString", "coordinates": [ [ [ 653749.087598384940065, 6861694.162519131787121 ], [ 653765.107060910901055, 6861755.978182977996767 ], [ 653795.79541933152359, 6861858.88966306950897 ], [ 653797.646727632149123, 6861864.814598123542964 ] ] ] } },
{ "type": "Feature", "properties": { "gid": 2677, "streetname": "Cour de la Juiverie", "note": null }, "geometry": { "type": "MultiLineString", "coordinates": [ [ [ 653766.362391913309693, 6861533.961671021766961 ], [ 653785.751318133668974, 6861563.217955097556114 ], [ 653779.985317377955653, 6861602.204750834964216 ], [ 653769.989294991944917, 6861619.525652610696852 ] ] ] } },
{ "type": "Feature", "properties": { "gid": 2678, "streetname": "Rue de la Contrescarpe", "note": null }, "geometry": { "type": "MultiLineString", "coordinates": [ [ [ 653533.15916432114318, 6860867.540498020127416 ], [ 653553.129483187803999, 6860989.885615889914334 ], [ 653567.354583052336238, 6861076.008807162754238 ], [ 653571.119886652566493, 6861104.595405315048993 ] ] ] } },
{ "type": "Feature", "properties": { "gid": 2679, "streetname": "Rue de la Contrescarpe", "note": null }, "geometry": { "type": "MultiLineString", "coordinates": [ [ [ 653571.119886652566493, 6861104.595405315048993 ], [ 653576.395044352510013, 6861144.644981489516795 ], [ 653605.049564833054319, 6861245.356567119248211 ], [ 653625.171994444448501, 6861320.529400666244328 ] ] ] } },
{ "type": "Feature", "properties": { "gid": 2680, "streetname": "Rue de la Contrescarpe", "note": null }, "geometry": { "type": "MultiLineString", "coordinates": [ [ [ 653625.171994444448501, 6861320.529400666244328 ], [ 653632.926994938519783, 6861349.500310815870762 ], [ 653649.789739604573697, 6861389.860464538447559 ], [ 653699.287006566417404, 6861462.769879407249391 ] ] ] } },
{ "type": "Feature", "properties": { "gid": 2683, "streetname": "Rue de la Contrescarpe", "note": null }, "geometry": { "type": "MultiLineString", "coordinates": [ [ [ 653699.287006566417404, 6861462.769879407249391 ], [ 653708.550687177572399, 6861476.415262781083584 ], [ 653730.728481886791997, 6861541.925624358467758 ], [ 653745.732294200919569, 6861589.147299064323306 ] ] ] } },
{ "type": "Feature", "properties": { "gid": 2708, "streetname": "Rue du Petit-Musc", "note": null }, "geometry": { "type": "MultiLineString", "coordinates": [ [ [ 653262.095237909117714, 6861511.939027057960629 ], [ 653317.171594731858931, 6861565.165031649172306 ] ] ] } },
{ "type": "Feature", "properties": { "gid": 2716, "streetname": "Quai des Célestins", "note": null }, "geometry": { "type": "MultiLineString", "coordinates": [ [ [ 653073.343628765433095, 6861554.163318198174238 ], [ 653110.674811927601695, 6861536.520191521383822 ], [ 653186.593253613100387, 6861458.90777594037354 ] ] ] } },
{ "type": "Feature", "properties": { "gid": 2717, "streetname": "Quai des Célestins", "note": null }, "geometry": { "type": "MultiLineString", "coordinates": [ [ [ 653186.593253613100387, 6861458.90777594037354 ], [ 653195.629886542563327, 6861445.199259720742702 ] ] ] } },
{ "type": "Feature", "properties": { "gid": 2718, "streetname": "Quai des Célestins", "note": null }, "geometry": { "type": "MultiLineString", "coordinates": [ [ [ 653195.629886542563327, 6861445.199259720742702 ], [ 653205.693857065984048, 6861429.932278729975224 ] ] ] } },
{ "type": "Feature", "properties": { "gid": 2719, "streetname": "Quai des Célestins", "note": null }, "geometry": { "type": "MultiLineString", "coordinates": [ [ [ 653205.693857065984048, 6861429.932278729975224 ], [ 653207.099057078012265, 6861405.337142313830554 ] ] ] } },
{ "type": "Feature", "properties": { "gid": 2779, "streetname": null, "note": null }, "geometry": { "type": "MultiLineString", "coordinates": [ [ [ 653664.241045118076727, 6861939.467742413282394 ], [ 653716.040613713557832, 6861948.294629795476794 ] ] ] } },
{ "type": "Feature", "properties": { "gid": 2834, "streetname": "Rue Neuve saint-Paul", "note": null }, "geometry": { "type": "MultiLineString", "coordinates": [ [ [ 653158.016009758459404, 6861683.189992892555892 ], [ 653213.833114629727788, 6861641.961750705726445 ], [ 653230.869307585642673, 6861629.37828301731497 ], [ 653280.521033001132309, 6861592.434908576309681 ] ] ] } },
{ "type": "Feature", "properties": { "gid": 2835, "streetname": "Rue Neuve saint-Paul", "note": null }, "geometry": { "type": "MultiLineString", "coordinates": [ [ [ 653280.521033001132309, 6861592.434908576309681 ], [ 653317.171594731858931, 6861565.165031649172306 ] ] ] } },
{ "type": "Feature", "properties": { "gid": 2839, "streetname": "Rue Saint-Paul", "note": null }, "geometry": { "type": "MultiLineString", "coordinates": [ [ [ 653065.157736574183218, 6861558.38524732273072 ], [ 653078.254006015951745, 6861586.967000693082809 ] ] ] } },
{ "type": "Feature", "properties": { "gid": 2841, "streetname": "Rue Saint-Paul", "note": null }, "geometry": { "type": "MultiLineString", "coordinates": [ [ [ 653078.254006015951745, 6861586.967000693082809 ], [ 653104.822382469894364, 6861612.049615788273513 ], [ 653116.198795933742076, 6861628.552693937905133 ] ] ] } },
{ "type": "Feature", "properties": { "gid": 2845, "streetname": "Rue Saint-Paul", "note": null }, "geometry": { "type": "MultiLineString", "coordinates": [ [ [ 653185.84041999024339, 6861728.827263417653739 ], [ 653201.698943434050307, 6861755.915183997713029 ] ] ] } },
{ "type": "Feature", "properties": { "gid": 2846, "streetname": "Rue Saint-Paul", "note": null }, "geometry": { "type": "MultiLineString", "coordinates": [ [ [ 653201.698943434050307, 6861755.915183997713029 ], [ 653211.402386017842218, 6861772.489616047590971 ], [ 653237.618799749645405, 6861814.005937419831753 ] ] ] } },
{ "type": "Feature", "properties": { "gid": 2861, "streetname": "Rue de Beautreillis", "note": null }, "geometry": { "type": "MultiLineString", "coordinates": [ [ [ 653280.521033001132309, 6861592.434908576309681 ], [ 653308.104133257409558, 6861628.124770833179355 ], [ 653339.355334150604904, 6861673.296460198238492 ], [ 653363.128296550014056, 6861707.054974244907498 ], [ 653387.026007111766376, 6861735.785757765173912 ] ] ] } },
{ "type": "Feature", "properties": { "gid": 2864, "streetname": "Rue Gerard Boquet", "note": null }, "geometry": { "type": "MultiLineString", "coordinates": [ [ [ 653234.870411888230592, 6861535.501264238730073 ], [ 653280.521033001132309, 6861592.434908576309681 ] ] ] } },
{ "type": "Feature", "properties": { "gid": 2865, "streetname": "Rue des Lions", "note": null }, "geometry": { "type": "MultiLineString", "coordinates": [ [ [ 653116.198795933742076, 6861628.552693937905133 ], [ 653186.927037921268493, 6861575.387471660040319 ], [ 653234.870411888230592, 6861535.501264238730073 ] ] ] } },
{ "type": "Feature", "properties": { "gid": 2866, "streetname": "Rue des Lions", "note": null }, "geometry": { "type": "MultiLineString", "coordinates": [ [ [ 653234.870411888230592, 6861535.501264238730073 ], [ 653252.772531540016644, 6861520.607692989520729 ], [ 653262.095237909117714, 6861511.939027057960629 ] ] ] } },
{ "type": "Feature", "properties": { "gid": 2870, "streetname": "Rue Jarente", "note": null }, "geometry": { "type": "MultiLineString", "coordinates": [ [ [ 653259.684178012888879, 6861927.514179673045874 ], [ 653285.556934636319056, 6861915.686279816552997 ], [ 653305.461137996520847, 6861906.007314644753933 ] ] ] } },
{ "type": "Feature", "properties": { "gid": 2876, "streetname": "Rue d'Ormesson", "note": null }, "geometry": { "type": "MultiLineString", "coordinates": [ [ [ 653237.615303992643021, 6861880.922924646176398 ], [ 653264.051069919485599, 6861868.351533459499478 ], [ 653279.771610020543449, 6861860.875708884559572 ] ] ] } },
{ "type": "Feature", "properties": { "gid": 2883, "streetname": "Impasse Guémenée", "note": null }, "geometry": { "type": "MultiLineString", "coordinates": [ [ [ 653453.705183374346234, 6861708.804621909745038 ], [ 653471.808799637714401, 6861798.016664369963109 ] ] ] } },
{ "type": "Feature", "properties": { "gid": 2885, "streetname": "Rue Royale", "note": null }, "geometry": { "type": "MultiLineString", "coordinates": [ [ [ 653395.890284678083844, 6861731.756464089266956 ], [ 653431.749055361840874, 6861862.638261239975691 ] ] ] } },
{ "type": "Feature", "properties": { "gid": 2886, "streetname": "Rue Castex", "note": null }, "geometry": { "type": "MultiLineString", "coordinates": [ [ [ 653464.661525503848679, 6861519.733234404586256 ], [ 653485.017043843632564, 6861589.054381834343076 ], [ 653514.583922093268484, 6861687.538997299969196 ] ] ] } },
{ "type": "Feature", "properties": { "gid": 2887, "streetname": "Rue de la Ceriseraie", "note": null }, "geometry": { "type": "MultiLineString", "coordinates": [ [ [ 653346.41565710620489, 6861595.132250618189573 ], [ 653388.021078915335238, 6861562.757161621004343 ], [ 653420.046057448955253, 6861540.341021222993731 ], [ 653445.97961338236928, 6861527.774385728873312 ], [ 653464.661525503848679, 6861519.733234404586256 ] ] ] } },
{ "type": "Feature", "properties": { "gid": 2889, "streetname": "Rue de la Ceriseraie", "note": null }, "geometry": { "type": "MultiLineString", "coordinates": [ [ [ 653464.661525503848679, 6861519.733234404586256 ], [ 653509.811324427835643, 6861500.299658064730465 ] ] ] } },
{ "type": "Feature", "properties": { "gid": 2890, "streetname": "Rue du Petit-Musc", "note": null }, "geometry": { "type": "MultiLineString", "coordinates": [ [ [ 653317.171594731858931, 6861565.165031649172306 ], [ 653346.41565710620489, 6861595.132250618189573 ] ] ] } },
{ "type": "Feature", "properties": { "gid": 2892, "streetname": "Rue du Petit-Musc", "note": null }, "geometry": { "type": "MultiLineString", "coordinates": [ [ [ 653346.41565710620489, 6861595.132250618189573 ], [ 653366.995046752039343, 6861616.220534039661288 ], [ 653453.705183374346234, 6861708.804621909745038 ] ] ] } },
{ "type": "Feature", "properties": { "gid": 2894, "streetname": "Rue du Petit-Musc", "note": null }, "geometry": { "type": "MultiLineString", "coordinates": [ [ [ 653195.629886542563327, 6861445.199259720742702 ], [ 653237.385716880089603, 6861486.510243551805615 ], [ 653262.095237909117714, 6861511.939027057960629 ] ] ] } },
{ "type": "Feature", "properties": { "gid": 2895, "streetname": "Rue Amelot", "note": null }, "geometry": { "type": "MultiLineString", "coordinates": [ [ [ 653716.040613713557832, 6861948.294629795476794 ], [ 653739.242308290326037, 6861822.489830472506583 ] ] ] } },
{ "type": "Feature", "properties": { "gid": 2897, "streetname": "Rue Neuve Sainte-Catherine", "note": null }, "geometry": { "type": "MultiLineString", "coordinates": [ [ [ 653250.091518260887824, 6862063.697434235364199 ], [ 653322.264090342563577, 6862035.037773760966957 ], [ 653361.741524628829211, 6862020.947856250219047 ] ] ] } },
{ "type": "Feature", "properties": { "gid": 2899, "streetname": "Rue du Pas de la Mule", "note": null }, "geometry": { "type": "MultiLineString", "coordinates": [ [ [ 653527.394841409754008, 6861970.367306700907648 ], [ 653577.92180234240368, 6861955.728355348110199 ] ] ] } },
{ "type": "Feature", "properties": { "gid": 2900, "streetname": "Rue du Pas de la Mule", "note": null }, "geometry": { "type": "MultiLineString", "coordinates": [ [ [ 653577.92180234240368, 6861955.728355348110199 ], [ 653642.364752224064432, 6861936.644001345150173 ], [ 653664.241045118076727, 6861939.467742413282394 ] ] ] } },
{ "type": "Feature", "properties": { "gid": 2901, "streetname": "Rue de la Chaussée des Minimes", "note": null }, "geometry": { "type": "MultiLineString", "coordinates": [ [ [ 653462.851743590203114, 6861988.28674226347357 ], [ 653481.203964356915094, 6862058.322220636531711 ] ] ] } },
{ "type": "Feature", "properties": { "gid": 2906, "streetname": "Cour du Salpètre", "note": null }, "geometry": { "type": "MultiLineString", "coordinates": [ [ [ 653509.811324427835643, 6861500.299658064730465 ], [ 653546.995176114025526, 6861489.105730316601694 ] ] ] } },
{ "type": "Feature", "properties": { "gid": 2908, "streetname": "Cour du Salpètre", "note": null }, "geometry": { "type": "MultiLineString", "coordinates": [ [ [ 653546.995176114025526, 6861489.105730316601694 ], [ 653561.656586184632033, 6861485.125155260786414 ] ] ] } },
{ "type": "Feature", "properties": { "gid": 2910, "streetname": "Cour du Salpètre", "note": null }, "geometry": { "type": "MultiLineString", "coordinates": [ [ [ 653561.656586184632033, 6861485.125155260786414 ], [ 653596.874068969627842, 6861476.012402505613863 ] ] ] } },
{ "type": "Feature", "properties": { "gid": 2911, "streetname": "Rue de l'Orme", "note": null }, "geometry": { "type": "MultiLineString", "coordinates": [ [ [ 653383.577543499763124, 6861257.950868872925639 ], [ 653413.070659264805727, 6861277.524317989125848 ], [ 653475.208600914804265, 6861356.461518901400268 ] ] ] } },
{ "type": "Feature", "properties": { "gid": 2912, "streetname": "Rue de l'Orme", "note": null }, "geometry": { "type": "MultiLineString", "coordinates": [ [ [ 653475.208600914804265, 6861356.461518901400268 ], [ 653512.742302062339149, 6861405.589043349958956 ] ] ] } },
{ "type": "Feature", "properties": { "gid": 2913, "streetname": "Rue de l'Orme", "note": null }, "geometry": { "type": "MultiLineString", "coordinates": [ [ [ 653512.742302062339149, 6861405.589043349958956 ], [ 653541.438504530349746, 6861443.149245120584965 ], [ 653561.656586184632033, 6861485.125155260786414 ] ] ] } },
{ "type": "Feature", "properties": { "gid": 2914, "streetname": "Quai Morland", "note": null }, "geometry": { "type": "MultiLineString", "coordinates": [ [ [ 653207.099057078012265, 6861405.337142313830554 ], [ 653272.237321051536128, 6861321.391562575474381 ], [ 653306.484769912320189, 6861278.615518162027001 ] ] ] } },
{ "type": "Feature", "properties": { "gid": 2915, "streetname": "Quai Morland", "note": null }, "geometry": { "type": "MultiLineString", "coordinates": [ [ [ 653306.484769912320189, 6861278.615518162027001 ], [ 653325.899609018815681, 6861254.365828111767769 ], [ 653343.940390793606639, 6861228.980250501073897 ], [ 653361.418623305973597, 6861192.472248420119286 ] ] ] } },
{ "type": "Feature", "properties": { "gid": 2916, "streetname": "Quai Morland", "note": null }, "geometry": { "type": "MultiLineString", "coordinates": [ [ [ 653361.418623305973597, 6861192.472248420119286 ], [ 653367.683360164985061, 6861179.386656033806503 ], [ 653391.358581435983069, 6861121.740297082811594 ], [ 653398.122671947814524, 6861096.231924222782254 ] ] ] } },
{ "type": "Feature", "properties": { "gid": 2917, "streetname": "Quai Morland", "note": null }, "geometry": { "type": "MultiLineString", "coordinates": [ [ [ 653398.122671947814524, 6861096.231924222782254 ], [ 653409.051650536595844, 6861055.017150361090899 ], [ 653418.823111849487759, 6861035.875383355654776 ], [ 653449.796836820314638, 6861000.848702321760356 ] ] ] } },
{ "type": "Feature", "properties": { "gid": 2918, "streetname": "Rue Saint-Louis", "note": null }, "geometry": { "type": "MultiLineString", "coordinates": [ [ [ 653361.741524628829211, 6862020.947856250219047 ], [ 653368.035694882972166, 6862051.16232078243047 ], [ 653369.198802120168693, 6862089.50602775812149 ] ] ] } },
{ "type": "Feature", "properties": { "gid": 2936, "streetname": "Rue de l'Écharpe", "note": null }, "geometry": { "type": "MultiLineString", "coordinates": [ [ [ 653361.741524628829211, 6862020.947856250219047 ], [ 653402.277986989705823, 6862005.104115143418312 ] ] ] } },
{ "type": "Feature", "properties": { "gid": 2956, "streetname": "Rue Saint-Sabin", "note": null }, "geometry": { "type": "MultiLineString", "coordinates": [ [ [ 653889.784249459393322, 6861922.444552289322019 ], [ 653905.472720918944106, 6861898.349371430464089 ], [ 653917.384818284539506, 6861878.384077308699489 ], [ 653914.747608796344139, 6861852.098497333936393 ], [ 653903.595257358625531, 6861834.743313128128648 ], [ 653870.449564596987329, 6861787.775632617995143 ], [ 653873.249669971410185, 6861772.24641293566674 ] ] ] } },
{ "type": "Feature", "properties": { "gid": 2958, "streetname": null, "note": null }, "geometry": { "type": "MultiLineString", "coordinates": [ [ [ 653913.784094740170985, 6860919.910584799014032 ], [ 653933.01450841454789, 6860813.056519344449043 ] ] ] } },
{ "type": "Feature", "properties": { "gid": 2959, "streetname": null, "note": null }, "geometry": { "type": "MultiLineString", "coordinates": [ [ [ 654144.382332918583415, 6860973.356133543886244 ], [ 654162.161955060204491, 6860856.611979190260172 ] ] ] } },
{ "type": "Feature", "properties": { "gid": 2960, "streetname": "Rue Beccaria", "note": null }, "geometry": { "type": "MultiLineString", "coordinates": [ [ [ 654247.91398114094045, 6860905.430606791749597 ], [ 654144.382332918583415, 6860973.356133543886244 ] ] ] } },
{ "type": "Feature", "properties": { "gid": 2961, "streetname": "Rue Beccaria", "note": null }, "geometry": { "type": "MultiLineString", "coordinates": [ [ [ 654144.382332918583415, 6860973.356133543886244 ], [ 654037.015816073515452, 6861043.797658792696893 ] ] ] } },
{ "type": "Feature", "properties": { "gid": 2962, "streetname": "Rue des Charbonniers", "note": null }, "geometry": { "type": "MultiLineString", "coordinates": [ [ [ 653855.315837567322887, 6860798.287856687791646 ], [ 653933.01450841454789, 6860813.056519344449043 ] ] ] } },
{ "type": "Feature", "properties": { "gid": 2963, "streetname": "Rue des Charbonniers", "note": null }, "geometry": { "type": "MultiLineString", "coordinates": [ [ [ 653933.01450841454789, 6860813.056519344449043 ], [ 654059.317365673487075, 6860837.063677653670311 ] ] ] } },
{ "type": "Feature", "properties": { "gid": 2965, "streetname": "Rue des Charbonniers", "note": null }, "geometry": { "type": "MultiLineString", "coordinates": [ [ [ 654059.317365673487075, 6860837.063677653670311 ], [ 654162.161955060204491, 6860856.611979190260172 ] ] ] } },
{ "type": "Feature", "properties": { "gid": 2966, "streetname": "Rue des Charbonniers", "note": null }, "geometry": { "type": "MultiLineString", "coordinates": [ [ [ 654162.161955060204491, 6860856.611979190260172 ], [ 654205.098945482168347, 6860864.773276161402464 ] ] ] } },
{ "type": "Feature", "properties": { "gid": 2967, "streetname": null, "note": null }, "geometry": { "type": "MultiLineString", "coordinates": [ [ [ 654214.948585486388765, 6860205.821283696219325 ], [ 654174.44102731521707, 6860264.073720389045775 ], [ 654244.616626708535478, 6860315.748479941859841 ], [ 654289.787555384100415, 6860271.69524500798434 ] ] ] } },
{ "type": "Feature", "properties": { "gid": 2969, "streetname": "Passage de la Grande Cour", "note": null }, "geometry": { "type": "MultiLineString", "coordinates": [ [ [ 654066.357998640276492, 6860232.178894481621683 ], [ 654264.998066985281184, 6860387.459624400362372 ] ] ] } },
{ "type": "Feature", "properties": { "gid": 2970, "streetname": null, "note": null }, "geometry": { "type": "MultiLineString", "coordinates": [ [ [ 654663.118383089080453, 6860597.726797504350543 ], [ 654782.746016157907434, 6860668.285196798853576 ] ] ] } },
{ "type": "Feature", "properties": { "gid": 2974, "streetname": null, "note": null }, "geometry": { "type": "MultiLineString", "coordinates": [ [ [ 653276.048190223169513, 6861119.6572922822088 ], [ 653361.418623305973597, 6861192.472248420119286 ] ] ] } },
{ "type": "Feature", "properties": { "gid": 2976, "streetname": "Quai Henry 4", "note": null }, "geometry": { "type": "MultiLineString", "coordinates": [ [ [ 653449.796836820314638, 6861000.848702321760356 ], [ 653406.975153947831132, 6860983.373614171519876 ], [ 653276.048190223169513, 6861119.6572922822088 ] ] ] } },
{ "type": "Feature", "properties": { "gid": 2977, "streetname": "Quai Henry 4", "note": null }, "geometry": { "type": "MultiLineString", "coordinates": [ [ [ 653276.048190223169513, 6861119.6572922822088 ], [ 653142.292692300048657, 6861258.885230560787022 ] ] ] } },
{ "type": "Feature", "properties": { "gid": 2978, "streetname": "Quai Henry 4", "note": null }, "geometry": { "type": "MultiLineString", "coordinates": [ [ [ 653142.292692300048657, 6861258.885230560787022 ], [ 653146.917184501071461, 6861379.77233340870589 ] ] ] } },
{ "type": "Feature", "properties": { "gid": 3013, "streetname": "Rue d'Aval", "note": null }, "geometry": { "type": "MultiLineString", "coordinates": [ [ [ 653797.646727632149123, 6861864.814598123542964 ], [ 653831.48456778540276, 6861823.383572336286306 ] ] ] } },
{ "type": "Feature", "properties": { "gid": 3025, "streetname": "Rue d'Aval", "note": null }, "geometry": { "type": "MultiLineString", "coordinates": [ [ [ 653831.48456778540276, 6861823.383572336286306 ], [ 653873.249669971410185, 6861772.24641293566674 ] ] ] } },
{ "type": "Feature", "properties": { "gid": 3037, "streetname": "Impasse Jean Beau Sire", "note": null }, "geometry": { "type": "MultiLineString", "coordinates": [ [ [ 653633.863530976464972, 6861826.900075888261199 ], [ 653633.413025944959372, 6861867.753667460754514 ] ] ] } },
{ "type": "Feature", "properties": { "gid": 3067, "streetname": "Pont", "note": null }, "geometry": { "type": "MultiLineString", "coordinates": [ [ [ 653029.306132452795282, 6861361.661527394317091 ], [ 653186.593253613100387, 6861458.90777594037354 ] ] ] } },
{ "type": "Feature", "properties": { "gid": 3075, "streetname": "Passage Thierre", "note": null }, "geometry": { "type": "MultiLineString", "coordinates": [ [ [ 654049.276355550158769, 6861688.037294937297702 ], [ 654030.102572089643218, 6861655.948418913409114 ] ] ] } },
{ "type": "Feature", "properties": { "gid": 3076, "streetname": "Passage Thierre", "note": null }, "geometry": { "type": "MultiLineString", "coordinates": [ [ [ 654033.83745767257642, 6861740.694861304946244 ], [ 654015.638829584815539, 6861709.830621618777514 ], [ 654049.276355550158769, 6861688.037294937297702 ] ] ] } },
{ "type": "Feature", "properties": { "gid": 3078, "streetname": "Passage Thierre", "note": null }, "geometry": { "type": "MultiLineString", "coordinates": [ [ [ 654049.276355550158769, 6861688.037294937297702 ], [ 654060.933989195851609, 6861680.484461870975792 ] ] ] } },
{ "type": "Feature", "properties": { "gid": 3079, "streetname": "Passage Thierre", "note": null }, "geometry": { "type": "MultiLineString", "coordinates": [ [ [ 653950.120679530198686, 6861807.870143737643957 ], [ 654033.83745767257642, 6861740.694861304946244 ] ] ] } },
{ "type": "Feature", "properties": { "gid": 3080, "streetname": "Passage Sainte-Marie", "note": null }, "geometry": { "type": "MultiLineString", "coordinates": [ [ [ 654033.83745767257642, 6861740.694861304946244 ], [ 654149.075460638734512, 6861648.226594273932278 ] ] ] } },
{ "type": "Feature", "properties": { "gid": 3081, "streetname": "Passage Vaucanson", "note": null }, "geometry": { "type": "MultiLineString", "coordinates": [ [ [ 654321.761404645512812, 6861887.978280214592814 ], [ 654400.419376853038557, 6861936.173409415408969 ] ] ] } },
{ "type": "Feature", "properties": { "gid": 3082, "streetname": "Rue Saint-Nicolas", "note": null }, "geometry": { "type": "MultiLineString", "coordinates": [ [ [ 654035.632577243726701, 6861311.338789560832083 ], [ 654106.133234999957494, 6861478.510252021253109 ] ] ] } },
{ "type": "Feature", "properties": { "gid": 3084, "streetname": null, "note": null }, "geometry": { "type": "MultiLineString", "coordinates": [ [ [ 654052.875670908018947, 6861072.903839774429798 ], [ 654002.241669699782506, 6861105.682506809011102 ] ] ] } },
{ "type": "Feature", "properties": { "gid": 3085, "streetname": null, "note": null }, "geometry": { "type": "MultiLineString", "coordinates": [ [ [ 654066.963689572294243, 6861271.607978094369173 ], [ 654036.691509403986856, 6861204.56630595959723 ] ] ] } },
{ "type": "Feature", "properties": { "gid": 3086, "streetname": null, "note": null }, "geometry": { "type": "MultiLineString", "coordinates": [ [ [ 654035.632577243726701, 6861311.338789560832083 ], [ 653953.756710116053, 6861134.390706562437117 ] ] ] } },
{ "type": "Feature", "properties": { "gid": 3087, "streetname": "Cour de l'Homme", "note": null }, "geometry": { "type": "MultiLineString", "coordinates": [ [ [ 654161.830595947802067, 6861656.312972756102681 ], [ 654221.061947820708156, 6861554.806342951022089 ] ] ] } },
{ "type": "Feature", "properties": { "gid": 3088, "streetname": null, "note": null }, "geometry": { "type": "MultiLineString", "coordinates": [ [ [ 654135.49219302739948, 6861639.615204408764839 ], [ 654147.058588456129655, 6861618.602342403493822 ], [ 654161.09370833565481, 6861597.54966258443892 ] ] ] } },
{ "type": "Feature", "properties": { "gid": 3091, "streetname": null, "note": null }, "geometry": { "type": "MultiLineString", "coordinates": [ [ [ 654197.97659501247108, 6861444.921856167726219 ], [ 654220.423987826216035, 6861506.959343361668289 ] ] ] } },
{ "type": "Feature", "properties": { "gid": 3092, "streetname": null, "note": null }, "geometry": { "type": "MultiLineString", "coordinates": [ [ [ 654168.552177831996232, 6861455.682779504917562 ], [ 654184.698228132911026, 6861498.027903438545763 ] ] ] } },
{ "type": "Feature", "properties": { "gid": 3093, "streetname": null, "note": null }, "geometry": { "type": "MultiLineString", "coordinates": [ [ [ 654143.095606062328443, 6861464.992605951614678 ], [ 654170.663108253502287, 6861541.409183066338301 ] ] ] } },
{ "type": "Feature", "properties": { "gid": 3095, "streetname": null, "note": null }, "geometry": { "type": "MultiLineString", "coordinates": [ [ [ 654106.133234999957494, 6861478.510252021253109 ], [ 654123.454068658873439, 6861540.771223071962595 ] ] ] } },
{ "type": "Feature", "properties": { "gid": 3096, "streetname": null, "note": null }, "geometry": { "type": "MultiLineString", "coordinates": [ [ [ 654082.902160407509655, 6861487.259558228775859 ], [ 654043.071109349024482, 6861418.28290412388742 ] ] ] } },
{ "type": "Feature", "properties": { "gid": 3097, "streetname": null, "note": null }, "geometry": { "type": "MultiLineString", "coordinates": [ [ [ 654009.602276689838618, 6861514.865802618674934 ], [ 653977.361229913309216, 6861459.112343773245811 ] ] ] } },
{ "type": "Feature", "properties": { "gid": 3098, "streetname": null, "note": null }, "geometry": { "type": "MultiLineString", "coordinates": [ [ [ 654020.742509540752508, 6861546.512863022275269 ], [ 654031.587829447700642, 6861542.685103055089712 ] ] ] } },
{ "type": "Feature", "properties": { "gid": 3099, "streetname": null, "note": null }, "geometry": { "type": "MultiLineString", "coordinates": [ [ [ 654031.587829447700642, 6861542.685103055089712 ], [ 654043.709069343516603, 6861538.21938309352845 ] ] ] } },
{ "type": "Feature", "properties": { "gid": 3100, "streetname": null, "note": null }, "geometry": { "type": "MultiLineString", "coordinates": [ [ [ 654018.178876817692071, 6861511.635680862702429 ], [ 654031.587829447700642, 6861542.685103055089712 ] ] ] } },
{ "type": "Feature", "properties": { "gid": 3101, "streetname": null, "note": null }, "geometry": { "type": "MultiLineString", "coordinates": [ [ [ 653974.506792275700718, 6861529.690169809386134 ], [ 653988.844509814633057, 6861561.823902891017497 ] ] ] } },
{ "type": "Feature", "properties": { "gid": 3103, "streetname": null, "note": null }, "geometry": { "type": "MultiLineString", "coordinates": [ [ [ 653942.273430214612745, 6861603.9292625291273 ], [ 653949.928950148867443, 6861613.498662446625531 ] ] ] } },
{ "type": "Feature", "properties": { "gid": 3104, "streetname": null, "note": null }, "geometry": { "type": "MultiLineString", "coordinates": [ [ [ 653949.928950148867443, 6861613.498662446625531 ], [ 653956.946510088630021, 6861626.895822331309319 ] ] ] } },
{ "type": "Feature", "properties": { "gid": 3108, "streetname": null, "note": null }, "geometry": { "type": "MultiLineString", "coordinates": [ [ [ 653968.429789990070276, 6861600.739462556317449 ], [ 653949.928950148867443, 6861613.498662446625531 ] ] ] } },
{ "type": "Feature", "properties": { "gid": 3109, "streetname": null, "note": null }, "geometry": { "type": "MultiLineString", "coordinates": [ [ [ 653935.642666013911366, 6861546.890097064897418 ], [ 653968.429789990070276, 6861600.739462556317449 ] ] ] } },
{ "type": "Feature", "properties": { "gid": 3110, "streetname": null, "note": null }, "geometry": { "type": "MultiLineString", "coordinates": [ [ [ 653968.429789990070276, 6861600.739462556317449 ], [ 653980.551029886002652, 6861633.275422276929021 ], [ 653991.396349792834371, 6861641.56890220567584 ], [ 654010.777103550848551, 6861669.729244291782379 ] ] ] } },
{ "type": "Feature", "properties": { "gid": 3111, "streetname": null, "note": null }, "geometry": { "type": "MultiLineString", "coordinates": [ [ [ 653891.236630652914755, 6861649.224422140046954 ], [ 653874.649670795304701, 6861624.343982353806496 ], [ 653886.770910691237077, 6861609.670902479439974 ], [ 653867.253732223063707, 6861586.511027600616217 ] ] ] } },
{ "type": "Feature", "properties": { "gid": 3112, "streetname": null, "note": null }, "geometry": { "type": "MultiLineString", "coordinates": [ [ [ 653798.587460611364804, 6861661.630730026401579 ], [ 653863.166390893864445, 6861667.72526198066771 ], [ 653891.236630652914755, 6861649.224422140046954 ] ] ] } },
{ "type": "Feature", "properties": { "gid": 3113, "streetname": null, "note": null }, "geometry": { "type": "MultiLineString", "coordinates": [ [ [ 653891.236630652914755, 6861649.224422140046954 ], [ 653921.220750395441428, 6861631.361542292870581 ], [ 653938.445670247543603, 6861655.604022084735334 ] ] ] } },
{ "type": "Feature", "properties": { "gid": 3114, "streetname": null, "note": null }, "geometry": { "type": "MultiLineString", "coordinates": [ [ [ 653831.48456778540276, 6861823.383572336286306 ], [ 653780.392408877261914, 6861659.698565060272813 ] ] ] } },
{ "type": "Feature", "properties": { "gid": 3115, "streetname": "Rue Mornay", "note": null }, "geometry": { "type": "MultiLineString", "coordinates": [ [ [ 653383.577543499763124, 6861257.950868872925639 ], [ 653441.150564716430381, 6861241.487112103030086 ] ] ] } },
{ "type": "Feature", "properties": { "gid": 3117, "streetname": "Rue Crillon", "note": null }, "geometry": { "type": "MultiLineString", "coordinates": [ [ [ 653398.122671947814524, 6861096.231924222782254 ], [ 653441.150564716430381, 6861241.487112103030086 ] ] ] } },
{ "type": "Feature", "properties": { "gid": 3119, "streetname": "Rue Crillon", "note": null }, "geometry": { "type": "MultiLineString", "coordinates": [ [ [ 653441.150564716430381, 6861241.487112103030086 ], [ 653475.208600914804265, 6861356.461518901400268 ] ] ] } },
{ "type": "Feature", "properties": { "gid": 3120, "streetname": null, "note": null }, "geometry": { "type": "MultiLineString", "coordinates": [ [ [ 653512.742302062339149, 6861405.589043349958956 ], [ 653569.292803782853298, 6861386.808166934177279 ] ] ] } },
{ "type": "Feature", "properties": { "gid": 3121, "streetname": null, "note": null }, "geometry": { "type": "MultiLineString", "coordinates": [ [ [ 654304.56864167645108, 6861404.68839848600328 ], [ 654331.4290268732002, 6861495.795043458230793 ] ] ] } },
{ "type": "Feature", "properties": { "gid": 3122, "streetname": null, "note": null }, "geometry": { "type": "MultiLineString", "coordinates": [ [ [ 653862.860949286143295, 6861534.901662430725992 ], [ 653889.298526688828133, 6861569.97949752304703 ] ] ] } },
{ "type": "Feature", "properties": { "gid": 3123, "streetname": "Passage Saint-Antoine", "note": null }, "geometry": { "type": "MultiLineString", "coordinates": [ [ [ 654264.84850088332314, 6861590.184977916069329 ], [ 654221.699907815433107, 6861602.334362543188035 ], [ 654231.083219568012282, 6861654.518640778027475 ] ] ] } },
{ "type": "Feature", "properties": { "gid": 3124, "streetname": "Passage", "note": null }, "geometry": { "type": "MultiLineString", "coordinates": [ [ [ 654245.01514201995451, 6861427.719189627096057 ], [ 654264.84850088332314, 6861590.184977916069329 ] ] ] } },
{ "type": "Feature", "properties": { "gid": 3125, "streetname": "Passage Josset", "note": null }, "geometry": { "type": "MultiLineString", "coordinates": [ [ [ 654264.84850088332314, 6861590.184977916069329 ], [ 654270.892316437093541, 6861651.820034970529377 ] ] ] } },
{ "type": "Feature", "properties": { "gid": 3134, "streetname": "Rue Richard Lenoir", "note": null }, "geometry": { "type": "MultiLineString", "coordinates": [ [ [ 654691.567323339753784, 6861736.987137294374406 ], [ 654514.786012641503476, 6862135.077650584280491 ] ] ] } },
{ "type": "Feature", "properties": { "gid": 3135, "streetname": null, "note": null }, "geometry": { "type": "MultiLineString", "coordinates": [ [ [ 654893.593500384595245, 6861337.709574728272855 ], [ 654884.540342123946175, 6861519.399563254788518 ] ] ] } },
{ "type": "Feature", "properties": { "gid": 3136, "streetname": null, "note": null }, "geometry": { "type": "MultiLineString", "coordinates": [ [ [ 654610.7234552615555, 6861329.759686052799225 ], [ 654582.147304720478132, 6861209.351005917415023 ], [ 654564.284424873883836, 6861178.72892618086189 ], [ 654537.490105103934184, 6861015.411167582497001 ] ] ] } },
{ "type": "Feature", "properties": { "gid": 3137, "streetname": null, "note": null }, "geometry": { "type": "MultiLineString", "coordinates": [ [ [ 654544.058133815648034, 6861334.679717160761356 ], [ 654547.697465016273782, 6861380.962244443595409 ], [ 654561.0946249011904, 6861380.962244443595409 ], [ 654564.922384868375957, 6861421.153724098578095 ] ] ] } },
{ "type": "Feature", "properties": { "gid": 3138, "streetname": "Impasse de la Forge Royale", "note": null }, "geometry": { "type": "MultiLineString", "coordinates": [ [ [ 654514.796998149133287, 6861336.839246202260256 ], [ 654513.885585306561552, 6861388.617764377966523 ] ] ] } },
{ "type": "Feature", "properties": { "gid": 3139, "streetname": null, "note": null }, "geometry": { "type": "MultiLineString", "coordinates": [ [ [ 654589.337689107749611, 6861561.442247211001813 ], [ 654506.230065372306854, 6861567.884522838518023 ] ] ] } },
{ "type": "Feature", "properties": { "gid": 3173, "streetname": null, "note": null }, "geometry": { "type": "MultiLineString", "coordinates": [ [ [ 653740.212488230201416, 6861446.144416309893131 ], [ 653699.287006566417404, 6861462.769879407249391 ] ] ] } },
{ "type": "Feature", "properties": { "gid": 3411, "streetname": "Passage Saint-Pierre", "note": null }, "geometry": { "type": "MultiLineString", "coordinates": [ [ [ 653201.698943434050307, 6861755.915183997713029 ], [ 653269.672266136622056, 6861713.044126829132438 ], [ 653312.507517762249336, 6861772.224473397247493 ] ] ] } },
{ "type": "Feature", "properties": { "gid": 3413, "streetname": null, "note": null }, "geometry": { "type": "MultiLineString", "coordinates": [ [ [ 654407.412465106113814, 6860535.065308489836752 ], [ 654351.879655085504055, 6860581.546009884215891 ] ] ] } },
{ "type": "Feature", "properties": { "gid": 3414, "streetname": null, "note": null }, "geometry": { "type": "MultiLineString", "coordinates": [ [ [ 654351.879655085504055, 6860581.546009884215891 ], [ 654135.132430245750584, 6860773.266744407825172 ] ] ] } },
{ "type": "Feature", "properties": { "gid": 3415, "streetname": "Passage", "note": null }, "geometry": { "type": "MultiLineString", "coordinates": [ [ [ 654632.57100391597487, 6860736.438481481745839 ], [ 654351.879655085504055, 6860581.546009884215891 ] ] ] } },
{ "type": "Feature", "properties": { "gid": 3441, "streetname": "Rue de Charonne", "note": null }, "geometry": { "type": "MultiLineString", "coordinates": [ [ [ 654191.10045748075936, 6861657.408838405273855 ], [ 654231.083219568012282, 6861654.518640778027475 ] ] ] } },
{ "type": "Feature", "properties": { "gid": 3442, "streetname": "Rue de Charonne", "note": null }, "geometry": { "type": "MultiLineString", "coordinates": [ [ [ 654231.083219568012282, 6861654.518640778027475 ], [ 654266.75625572539866, 6861651.939976396970451 ], [ 654270.892316437093541, 6861651.820034970529377 ] ] ] } },
{ "type": "Feature", "properties": { "gid": 3443, "streetname": "Rue du Faubourg Saint-Antoine", "note": null }, "geometry": { "type": "MultiLineString", "coordinates": [ [ [ 654231.774456214974634, 6861432.561502820812166 ], [ 654245.01514201995451, 6861427.719189627096057 ] ] ] } },
{ "type": "Feature", "properties": { "gid": 3444, "streetname": "Rue du Faubourg Saint-Antoine", "note": null }, "geometry": { "type": "MultiLineString", "coordinates": [ [ [ 654245.01514201995451, 6861427.719189627096057 ], [ 654258.403562526451424, 6861422.822847683914006 ], [ 654272.624407771043479, 6861417.236651355400681 ] ] ] } },
{ "type": "Feature", "properties": { "gid": 3453, "streetname": "Rue du Faubourg Saint-Antoine", "note": null }, "geometry": { "type": "MultiLineString", "coordinates": [ [ [ 654514.796998149133287, 6861336.839246202260256 ], [ 654544.058133815648034, 6861334.679717160761356 ] ] ] } },
{ "type": "Feature", "properties": { "gid": 3454, "streetname": "Rue du Faubourg Saint-Antoine", "note": null }, "geometry": { "type": "MultiLineString", "coordinates": [ [ [ 654544.058133815648034, 6861334.679717160761356 ], [ 654610.7234552615555, 6861329.759686052799225 ] ] ] } },
{ "type": "Feature", "properties": { "gid": 3597, "streetname": "Rue de Charonne", "note": null }, "geometry": { "type": "MultiLineString", "coordinates": [ [ [ 654050.189522414235398, 6861499.579818557016551 ], [ 654101.53530605440028, 6861605.010350785218179 ] ] ] } },
{ "type": "Feature", "properties": { "gid": 3598, "streetname": "Rue de Charonne", "note": null }, "geometry": { "type": "MultiLineString", "coordinates": [ [ [ 654101.53530605440028, 6861605.010350785218179 ], [ 654122.966969847562723, 6861631.67458341550082 ], [ 654135.49219302739948, 6861639.615204408764839 ] ] ] } },
{ "type": "Feature", "properties": { "gid": 3599, "streetname": "Rue de Charonne", "note": null }, "geometry": { "type": "MultiLineString", "coordinates": [ [ [ 654135.49219302739948, 6861639.615204408764839 ], [ 654149.075460638734512, 6861648.226594273932278 ] ] ] } },
{ "type": "Feature", "properties": { "gid": 3601, "streetname": "Rue de Charonne", "note": null }, "geometry": { "type": "MultiLineString", "coordinates": [ [ [ 654149.075460638734512, 6861648.226594273932278 ], [ 654161.830595947802067, 6861656.312972756102681 ] ] ] } },
{ "type": "Feature", "properties": { "gid": 3602, "streetname": "Rue de Charonne", "note": null }, "geometry": { "type": "MultiLineString", "coordinates": [ [ [ 654161.830595947802067, 6861656.312972756102681 ], [ 654191.10045748075936, 6861657.408838405273855 ] ] ] } },
{ "type": "Feature", "properties": { "gid": 3606, "streetname": "Rue de Charonne", "note": null }, "geometry": { "type": "MultiLineString", "coordinates": [ [ [ 654270.892316437093541, 6861651.820034970529377 ], [ 654312.895301483571529, 6861650.601984376087785 ], [ 654331.972763807629235, 6861650.048749478533864 ] ] ] } },
{ "type": "Feature", "properties": { "gid": 3607, "streetname": "Rue de Charonne", "note": null }, "geometry": { "type": "MultiLineString", "coordinates": [ [ [ 654331.972763807629235, 6861650.048749478533864 ], [ 654373.851924060378224, 6861650.233082405291498 ], [ 654398.141365605872124, 6861653.653746516443789 ] ] ] } },
{ "type": "Feature", "properties": { "gid": 3608, "streetname": "Rue de Charonne", "note": null }, "geometry": { "type": "MultiLineString", "coordinates": [ [ [ 654398.141365605872124, 6861653.653746516443789 ], [ 654420.617011558148079, 6861656.818975133821368 ], [ 654455.307399637298658, 6861664.043404296971858 ] ] ] } },
{ "type": "Feature", "properties": { "gid": 3609, "streetname": "Rue de Charonne", "note": null }, "geometry": { "type": "MultiLineString", "coordinates": [ [ [ 654455.307399637298658, 6861664.043404296971858 ], [ 654527.14471621112898, 6861683.303583357483149 ] ] ] } },
{ "type": "Feature", "properties": { "gid": 3610, "streetname": "Rue de Charonne", "note": null }, "geometry": { "type": "MultiLineString", "coordinates": [ [ [ 654527.14471621112898, 6861683.303583357483149 ], [ 654609.516270084190182, 6861710.259962625801563 ], [ 654691.567323339753784, 6861736.987137294374406 ] ] ] } },
{ "type": "Feature", "properties": { "gid": 3611, "streetname": "Rue de Charonne", "note": null }, "geometry": { "type": "MultiLineString", "coordinates": [ [ [ 654691.567323339753784, 6861736.987137294374406 ], [ 654712.344855566276237, 6861743.755176350474358 ], [ 654791.479538359795697, 6861768.859580162912607 ], [ 654876.840088073862717, 6861800.085769305936992 ], [ 654956.523003320675343, 6861826.527693305164576 ] ] ] } },
{ "type": "Feature", "properties": { "gid": 3620, "streetname": "Rue de Lappe", "note": null }, "geometry": { "type": "MultiLineString", "coordinates": [ [ [ 653873.249669971410185, 6861772.24641293566674 ], [ 653884.314087759004906, 6861758.778961913660169 ], [ 653988.393127684714273, 6861685.691064935177565 ], [ 654010.777103550848551, 6861669.729244291782379 ] ] ] } },
{ "type": "Feature", "properties": { "gid": 3621, "streetname": "Rue de Lappe", "note": null }, "geometry": { "type": "MultiLineString", "coordinates": [ [ [ 654010.777103550848551, 6861669.729244291782379 ], [ 654030.102572089643218, 6861655.948418913409114 ] ] ] } },
{ "type": "Feature", "properties": { "gid": 3622, "streetname": "Rue de Lappe", "note": null }, "geometry": { "type": "MultiLineString", "coordinates": [ [ [ 654030.102572089643218, 6861655.948418913409114 ], [ 654101.53530605440028, 6861605.010350785218179 ] ] ] } },
{ "type": "Feature", "properties": { "gid": 3623, "streetname": "Rue de Bercy", "note": null }, "geometry": { "type": "MultiLineString", "coordinates": [ [ [ 654403.541272646631114, 6860238.64947953261435 ], [ 654417.136587986955419, 6860223.052015490829945 ] ] ] } },
{ "type": "Feature", "properties": { "gid": 3627, "streetname": "Rue de Montreuil", "note": null }, "geometry": { "type": "MultiLineString", "coordinates": [ [ [ 654656.5666715123225, 6861326.376367032527924 ], [ 654710.817196042044088, 6861339.219958048313856 ], [ 654786.215236299671233, 6861336.165659293532372 ] ] ] } },
{ "type": "Feature", "properties": { "gid": 3629, "streetname": "Rue de Montreuil", "note": null }, "geometry": { "type": "MultiLineString", "coordinates": [ [ [ 654786.215236299671233, 6861336.165659293532372 ], [ 654834.818931202054955, 6861336.833388969302177 ], [ 654893.593500384595245, 6861337.709574728272855 ] ] ] } },
{ "type": "Feature", "properties": { "gid": 3630, "streetname": "Rue de Montreuil", "note": null }, "geometry": { "type": "MultiLineString", "coordinates": [ [ [ 654893.593500384595245, 6861337.709574728272855 ], [ 654915.36270429706201, 6861338.034100568853319 ], [ 655005.290100657613948, 6861337.813484373502433 ], [ 655110.783972144243307, 6861337.193212465383112 ], [ 655190.242735650739633, 6861337.060654173605144 ], [ 655285.547709442907944, 6861337.868302956223488 ] ] ] } },
{ "type": "Feature", "properties": { "gid": 3635, "streetname": null, "note": null }, "geometry": { "type": "MultiLineString", "coordinates": [ [ [ 655103.322700666147284, 6861661.511832473799586 ], [ 654967.246865016757511, 6861617.720296327956021 ] ] ] } },
{ "type": "Feature", "properties": { "gid": 3642, "streetname": "Rue de Bercy", "note": null }, "geometry": { "type": "MultiLineString", "coordinates": [ [ [ 653855.315837567322887, 6860798.287856687791646 ], [ 653878.44923047744669, 6860774.674163552932441 ], [ 653955.988856748910621, 6860703.276230622082949 ] ] ] } },
{ "type": "Feature", "properties": { "gid": 3648, "streetname": "Impasse Saint-Bernard", "note": null }, "geometry": { "type": "MultiLineString", "coordinates": [ [ [ 654620.335120585747063, 6861417.025806706398726 ], [ 654696.975454578874633, 6861416.917306737042964 ], [ 654799.531396112055518, 6861418.066945693455637 ] ] ] } },
{ "type": "Feature", "properties": { "gid": 3649, "streetname": "Rue Saint-Bernard", "note": null }, "geometry": { "type": "MultiLineString", "coordinates": [ [ [ 654610.7234552615555, 6861329.759686052799225 ], [ 654620.335120585747063, 6861417.025806706398726 ] ] ] } },
{ "type": "Feature", "properties": { "gid": 3650, "streetname": "Rue Saint-Bernard", "note": null }, "geometry": { "type": "MultiLineString", "coordinates": [ [ [ 654620.335120585747063, 6861417.025806706398726 ], [ 654635.173152791336179, 6861553.27134876511991 ], [ 654589.337689107749611, 6861561.442247211001813 ] ] ] } },
{ "type": "Feature", "properties": { "gid": 3654, "streetname": "Rue Saint-Bernard", "note": null }, "geometry": { "type": "MultiLineString", "coordinates": [ [ [ 654589.337689107749611, 6861561.442247211001813 ], [ 654571.396566789480858, 6861598.638873939402401 ], [ 654527.14471621112898, 6861683.303583357483149 ] ] ] } },
{ "type": "Feature", "properties": { "gid": 3657, "streetname": "Rue Basfroi", "note": null }, "geometry": { "type": "MultiLineString", "coordinates": [ [ [ 654527.14471621112898, 6861683.303583357483149 ], [ 654495.972035311162472, 6861743.161140606738627 ], [ 654486.440862125251442, 6861758.945505850017071 ], [ 654475.646650024689734, 6861784.136133838444948 ], [ 654459.140001032850705, 6861816.354472022503614 ], [ 654431.960898059653118, 6861872.285976924002171 ], [ 654400.419376853038557, 6861936.173409415408969 ] ] ] } },
{ "type": "Feature", "properties": { "gid": 3658, "streetname": "Rue Basfroi", "note": null }, "geometry": { "type": "MultiLineString", "coordinates": [ [ [ 654400.419376853038557, 6861936.173409415408969 ], [ 654369.812800368643366, 6861999.516102009452879 ], [ 654350.6471685905708, 6862039.855073038488626 ] ] ] } },
{ "type": "Feature", "properties": { "gid": 3659, "streetname": "Impasse de la Roquette", "note": null }, "geometry": { "type": "MultiLineString", "coordinates": [ [ [ 654267.305635452619754, 6861995.320527426898479 ], [ 654300.645339983282611, 6861930.704852197319269 ], [ 654321.761404645512812, 6861887.978280214592814 ] ] ] } },
{ "type": "Feature", "properties": { "gid": 3660, "streetname": "Impasse de la Roquette", "note": null }, "geometry": { "type": "MultiLineString", "coordinates": [ [ [ 654321.761404645512812, 6861887.978280214592814 ], [ 654338.513635166105814, 6861836.584451836533844 ], [ 654398.141365605872124, 6861653.653746516443789 ] ] ] } },
{ "type": "Feature", "properties": { "gid": 3661, "streetname": "Rue Neuve de Lappe", "note": null }, "geometry": { "type": "MultiLineString", "coordinates": [ [ [ 654107.439458579407074, 6861910.543029699474573 ], [ 654141.207680256920867, 6861805.474290155805647 ], [ 654188.271717856987379, 6861672.319005278870463 ], [ 654191.10045748075936, 6861657.408838405273855 ] ] ] } },
{ "type": "Feature", "properties": { "gid": 3662, "streetname": "Rue Lenoir", "note": null }, "geometry": { "type": "MultiLineString", "coordinates": [ [ [ 654378.595406874082983, 6861194.594634719192982 ], [ 654458.21316567948088, 6861349.772806903347373 ] ] ] } },
{ "type": "Feature", "properties": { "gid": 3664, "streetname": "Rue Beauveau", "note": null }, "geometry": { "type": "MultiLineString", "coordinates": [ [ [ 654398.65040375769604, 6861125.717279400676489 ], [ 654437.856551711913198, 6860954.387005924247205 ], [ 654465.11120601836592, 6860844.383414415642619 ] ] ] } },
{ "type": "Feature", "properties": { "gid": 3667, "streetname": "Rue d'Aligre", "note": null }, "geometry": { "type": "MultiLineString", "coordinates": [ [ [ 654349.146418822463602, 6861141.303447941318154 ], [ 654287.450376013061032, 6861029.900775103829801 ] ] ] } },
{ "type": "Feature", "properties": { "gid": 3668, "streetname": "Rue Cotte", "note": null }, "geometry": { "type": "MultiLineString", "coordinates": [ [ [ 654320.864667974412441, 6861198.843402305617929 ], [ 654331.28212431143038, 6861219.36697977501899 ] ] ] } },
{ "type": "Feature", "properties": { "gid": 3669, "streetname": "Rue Cotte", "note": null }, "geometry": { "type": "MultiLineString", "coordinates": [ [ [ 654331.28212431143038, 6861219.36697977501899 ], [ 654356.891531528090127, 6861269.82041531894356 ], [ 654399.6024779638974, 6861367.357399920001626 ] ] ] } },
{ "type": "Feature", "properties": { "gid": 3670, "streetname": "Rue Trouvée", "note": null }, "geometry": { "type": "MultiLineString", "coordinates": [ [ [ 654252.866532198619097, 6861063.644487417303026 ], [ 654279.345628949464299, 6861114.506563193164766 ], [ 654304.190190161694773, 6861164.972859377972782 ] ] ] } },
{ "type": "Feature", "properties": { "gid": 3671, "streetname": "Rue Trouvée", "note": null }, "geometry": { "type": "MultiLineString", "coordinates": [ [ [ 654304.190190161694773, 6861164.972859377972782 ], [ 654320.864667974412441, 6861198.843402305617929 ] ] ] } },
{ "type": "Feature", "properties": { "gid": 3673, "streetname": "Rue Sainte-Margueritte", "note": null }, "geometry": { "type": "MultiLineString", "coordinates": [ [ [ 654399.6024779638974, 6861367.357399920001626 ], [ 654410.80704449058976, 6861424.259584060870111 ], [ 654430.476022655027919, 6861528.519413282163441 ], [ 654455.307399637298658, 6861664.043404296971858 ] ] ] } },
{ "type": "Feature", "properties": { "gid": 3675, "streetname": null, "note": null }, "geometry": { "type": "MultiLineString", "coordinates": [ [ [ 654331.972763807629235, 6861650.048749478533864 ], [ 654317.024194307741709, 6861699.937815260142088 ] ] ] } },
{ "type": "Feature", "properties": { "gid": 3676, "streetname": null, "note": null }, "geometry": { "type": "MultiLineString", "coordinates": [ [ [ 654142.450902032433078, 6861928.959164997562766 ], [ 654270.892316437093541, 6861651.820034970529377 ] ] ] } },
{ "type": "Feature", "properties": { "gid": 3678, "streetname": "Rue de la Planchette", "note": null }, "geometry": { "type": "MultiLineString", "coordinates": [ [ [ 653740.212488230201416, 6861446.144416309893131 ], [ 653756.586844972567633, 6861477.951696362346411 ], [ 653797.913953760522418, 6861540.151868131011724 ], [ 653824.136979736736976, 6861584.475728580728173 ] ] ] } },
{ "type": "Feature", "properties": { "gid": 3679, "streetname": "Rue des Terres Fortes", "note": null }, "geometry": { "type": "MultiLineString", "coordinates": [ [ [ 653903.630073650390841, 6861135.251871961168945 ], [ 653805.625886942027137, 6861196.476668090559542 ], [ 653765.883332711644471, 6861226.876918449066579 ] ] ] } },
{ "type": "Feature", "properties": { "gid": 3680, "streetname": "Rue Moreau", "note": null }, "geometry": { "type": "MultiLineString", "coordinates": [ [ [ 653721.727743424242362, 6860940.14657745603472 ], [ 653780.443605439504609, 6860995.220613648183644 ], [ 653836.969200673047453, 6861045.21262472961098 ], [ 653880.668943452881649, 6861086.319650635123253 ], [ 653903.630073650390841, 6861135.251871961168945 ] ] ] } },
{ "type": "Feature", "properties": { "gid": 3682, "streetname": "Rue Moreau", "note": null }, "geometry": { "type": "MultiLineString", "coordinates": [ [ [ 653903.630073650390841, 6861135.251871961168945 ], [ 653941.614426934043877, 6861214.928884179331362 ], [ 653961.300276826601475, 6861257.446021500974894 ], [ 653991.644522098358721, 6861322.4228919101879 ], [ 654006.226491841604002, 6861349.645554766058922 ] ] ] } },
{ "type": "Feature", "properties": { "gid": 3684, "streetname": null, "note": null }, "geometry": { "type": "MultiLineString", "coordinates": [ [ [ 653895.617317914264277, 6861494.505164874717593 ], [ 653930.118552936590277, 6861523.603797853924334 ] ] ] } },
{ "type": "Feature", "properties": { "gid": 3686, "streetname": "Passage", "note": null }, "geometry": { "type": "MultiLineString", "coordinates": [ [ [ 653939.789370542624965, 6861438.203527079895139 ], [ 653985.340082581038587, 6861524.895727656781673 ] ] ] } },
{ "type": "Feature", "properties": { "gid": 3687, "streetname": "Passage", "note": null }, "geometry": { "type": "MultiLineString", "coordinates": [ [ [ 653984.541868736967444, 6861378.975649641826749 ], [ 653994.525899690343067, 6861393.670934608206153 ], [ 654006.512871387647465, 6861414.508817287161946 ], [ 654026.081306767649949, 6861443.06782450620085 ], [ 654031.019162560114637, 6861455.643218390643597 ], [ 654043.900134760187939, 6861501.94853285048157 ] ] ] } },
{ "type": "Feature", "properties": { "gid": 3689, "streetname": "Cour de la Main d'Or", "note": null }, "geometry": { "type": "MultiLineString", "coordinates": [ [ [ 654328.29860394645948, 6861395.366854947060347 ], [ 654373.084309055819176, 6861562.129821130074561 ] ] ] } },
{ "type": "Feature", "properties": { "gid": 3690, "streetname": "Passage de la Bonne Graine", "note": null }, "geometry": { "type": "MultiLineString", "coordinates": [ [ [ 654272.624407771043479, 6861417.236651355400681 ], [ 654280.092752492986619, 6861458.378821193240583 ], [ 654288.852346295607276, 6861510.383574866689742 ], [ 654304.833338337135501, 6861580.127784859389067 ], [ 654264.84850088332314, 6861590.184977916069329 ] ] ] } },
{ "type": "Feature", "properties": { "gid": 3692, "streetname": "Rue Traversière", "note": null }, "geometry": { "type": "MultiLineString", "coordinates": [ [ [ 653691.483985651750118, 6860687.660695749334991 ], [ 653742.936423679930158, 6860740.916631257161498 ], [ 653786.860204504337162, 6860788.316625528968871 ] ] ] } },
{ "type": "Feature", "properties": { "gid": 3693, "streetname": "Rue Traversière", "note": null }, "geometry": { "type": "MultiLineString", "coordinates": [ [ [ 653786.860204504337162, 6860788.316625528968871 ], [ 653824.884883745224215, 6860829.350624183192849 ] ] ] } },
{ "type": "Feature", "properties": { "gid": 3694, "streetname": "Rue Traversière", "note": null }, "geometry": { "type": "MultiLineString", "coordinates": [ [ [ 653824.884883745224215, 6860829.350624183192849 ], [ 653866.451822655042633, 6860872.220415169373155 ], [ 653913.784094740170985, 6860919.910584799014032 ] ] ] } },
{ "type": "Feature", "properties": { "gid": 3695, "streetname": "Rue Traversière", "note": null }, "geometry": { "type": "MultiLineString", "coordinates": [ [ [ 653913.784094740170985, 6860919.910584799014032 ], [ 653926.8268362384988, 6860933.051947490312159 ], [ 654012.39930918533355, 6861021.455462081357837 ], [ 654037.015816073515452, 6861043.797658792696893 ] ] ] } },
{ "type": "Feature", "properties": { "gid": 3697, "streetname": "Rue Traversière", "note": null }, "geometry": { "type": "MultiLineString", "coordinates": [ [ [ 654037.015816073515452, 6861043.797658792696893 ], [ 654052.875670908018947, 6861072.903839774429798 ] ] ] } },
{ "type": "Feature", "properties": { "gid": 3698, "streetname": "Rue Traversière", "note": null }, "geometry": { "type": "MultiLineString", "coordinates": [ [ [ 654052.875670908018947, 6861072.903839774429798 ], [ 654064.826741810888052, 6861094.836577259004116 ], [ 654104.114913552533835, 6861169.938972927629948 ], [ 654119.243441509199329, 6861194.154828922823071 ] ] ] } },
{ "type": "Feature", "properties": { "gid": 3699, "streetname": "Rue Traversière", "note": null }, "geometry": { "type": "MultiLineString", "coordinates": [ [ [ 654119.243441509199329, 6861194.154828922823071 ], [ 654139.336072588106617, 6861240.24361920170486 ], [ 654197.520823306171224, 6861359.748980570584536 ], [ 654226.739546736003831, 6861418.561072354204953 ], [ 654231.774456214974634, 6861432.561502820812166 ] ] ] } },
{ "type": "Feature", "properties": { "gid": 3703, "streetname": "Rue de Bercy", "note": null }, "geometry": { "type": "MultiLineString", "coordinates": [ [ [ 653571.119886652566493, 6861104.595405315048993 ], [ 653616.935656465939246, 6861056.056747185997665 ], [ 653644.305764594231732, 6861022.807781783863902 ], [ 653698.3242156842025, 6860966.248383370228112 ], [ 653721.727743424242362, 6860940.14657745603472 ] ] ] } },
{ "type": "Feature", "properties": { "gid": 3705, "streetname": "Rue de Bercy", "note": null }, "geometry": { "type": "MultiLineString", "coordinates": [ [ [ 653721.727743424242362, 6860940.14657745603472 ], [ 653781.860057553974912, 6860876.421962649561465 ], [ 653824.884883745224215, 6860829.350624183192849 ] ] ] } },
{ "type": "Feature", "properties": { "gid": 3706, "streetname": "Rue de Bercy", "note": null }, "geometry": { "type": "MultiLineString", "coordinates": [ [ [ 653824.884883745224215, 6860829.350624183192849 ], [ 653855.315837567322887, 6860798.287856687791646 ] ] ] } },
{ "type": "Feature", "properties": { "gid": 3708, "streetname": "Rue de Bercy", "note": null }, "geometry": { "type": "MultiLineString", "coordinates": [ [ [ 653955.988856748910621, 6860703.276230622082949 ], [ 653962.891730837873183, 6860696.92010907176882 ], [ 654004.129402809776366, 6860652.816697655245662 ], [ 654021.430189758073539, 6860635.222241528332233 ] ] ] } },
{ "type": "Feature", "properties": { "gid": 3709, "streetname": "Rue de Bercy", "note": null }, "geometry": { "type": "MultiLineString", "coordinates": [ [ [ 654021.430189758073539, 6860635.222241528332233 ], [ 654081.84078497858718, 6860572.703288249671459 ], [ 654154.776903842808679, 6860499.341164233162999 ], [ 654230.115197459235787, 6860424.348157985135913 ] ] ] } },
{ "type": "Feature", "properties": { "gid": 3710, "streetname": "Rue de Bercy", "note": null }, "geometry": { "type": "MultiLineString", "coordinates": [ [ [ 654230.115197459235787, 6860424.348157985135913 ], [ 654264.998066985281184, 6860387.459624400362372 ] ] ] } },
{ "type": "Feature", "properties": { "gid": 3711, "streetname": "Rue de Bercy", "note": null }, "geometry": { "type": "MultiLineString", "coordinates": [ [ [ 654264.998066985281184, 6860387.459624400362372 ], [ 654290.248116494854912, 6860360.757770108990371 ], [ 654335.590938663575798, 6860313.778011553920805 ] ] ] } },
{ "type": "Feature", "properties": { "gid": 3713, "streetname": "Rue de Bercy", "note": null }, "geometry": { "type": "MultiLineString", "coordinates": [ [ [ 654335.590938663575798, 6860313.778011553920805 ], [ 654361.036587650422007, 6860287.413725102320313 ], [ 654403.541272646631114, 6860238.64947953261435 ] ] ] } },
{ "type": "Feature", "properties": { "gid": 3714, "streetname": "Quai de la Rapée", "note": null }, "geometry": { "type": "MultiLineString", "coordinates": [ [ [ 653691.483985651750118, 6860687.660695749334991 ], [ 653808.218803055933677, 6860563.462786773219705 ] ] ] } },
{ "type": "Feature", "properties": { "gid": 3717, "streetname": "Quai de la Rapée", "note": null }, "geometry": { "type": "MultiLineString", "coordinates": [ [ [ 653808.218803055933677, 6860563.462786773219705 ], [ 653874.73547738022171, 6860492.839289583265781 ] ] ] } },
{ "type": "Feature", "properties": { "gid": 3719, "streetname": "Quai de la Rapée", "note": null }, "geometry": { "type": "MultiLineString", "coordinates": [ [ [ 653874.73547738022171, 6860492.839289583265781 ], [ 653916.694809619570151, 6860438.797499603591859 ], [ 653971.303548134164885, 6860356.731161147356033 ], [ 654033.922014277428389, 6860269.497023878619075 ] ] ] } },
{ "type": "Feature", "properties": { "gid": 3720, "streetname": "Quai de la Rapée", "note": null }, "geometry": { "type": "MultiLineString", "coordinates": [ [ [ 654033.922014277428389, 6860269.497023878619075 ], [ 654066.357998640276492, 6860232.178894481621683 ] ] ] } },
{ "type": "Feature", "properties": { "gid": 3721, "streetname": "Quai de la Rapée", "note": null }, "geometry": { "type": "MultiLineString", "coordinates": [ [ [ 654066.357998640276492, 6860232.178894481621683 ], [ 654094.397516740718856, 6860182.817837677896023 ], [ 654127.013772181118838, 6860135.028930051252246 ] ] ] } },
{ "type": "Feature", "properties": { "gid": 3723, "streetname": "Quai de la Rapée", "note": null }, "geometry": { "type": "MultiLineString", "coordinates": [ [ [ 654127.013772181118838, 6860135.028930051252246 ], [ 654180.000391062232666, 6860051.63413863722235 ] ] ] } },
{ "type": "Feature", "properties": { "gid": 3724, "streetname": "Quai de la Rapée", "note": null }, "geometry": { "type": "MultiLineString", "coordinates": [ [ [ 654180.000391062232666, 6860051.63413863722235 ], [ 654191.702938421163708, 6860038.650438444688916 ] ] ] } },
{ "type": "Feature", "properties": { "gid": 3725, "streetname": "Place Mazas", "note": null }, "geometry": { "type": "MultiLineString", "coordinates": [ [ [ 653533.15916432114318, 6860867.540498020127416 ], [ 653572.54634357674513, 6860821.272697294130921 ] ] ] } },
{ "type": "Feature", "properties": { "gid": 3726, "streetname": "Place Mazas", "note": null }, "geometry": { "type": "MultiLineString", "coordinates": [ [ [ 653572.54634357674513, 6860821.272697294130921 ], [ 653627.996005567372777, 6860758.981767023913562 ] ] ] } },
{ "type": "Feature", "properties": { "gid": 3727, "streetname": "Place Mazas", "note": null }, "geometry": { "type": "MultiLineString", "coordinates": [ [ [ 653627.996005567372777, 6860758.981767023913562 ], [ 653691.483985651750118, 6860687.660695749334991 ] ] ] } },
{ "type": "Feature", "properties": { "gid": 3728, "streetname": null, "note": null }, "geometry": { "type": "MultiLineString", "coordinates": [ [ [ 653449.796836820314638, 6861000.848702321760356 ], [ 653506.124403317342512, 6860935.114987480454147 ], [ 653533.15916432114318, 6860867.540498020127416 ] ] ] } },
{ "type": "Feature", "properties": { "gid": 3729, "streetname": "Ruelle des Mousquetaires", "note": null }, "geometry": { "type": "MultiLineString", "coordinates": [ [ [ 653874.73547738022171, 6860492.839289583265781 ], [ 653914.377041428233497, 6860530.222048410214484 ], [ 653964.587716980371624, 6860579.461612817831337 ], [ 654000.192798566655256, 6860615.670342040248215 ], [ 654021.430189758073539, 6860635.222241528332233 ] ] ] } },
{ "type": "Feature", "properties": { "gid": 3732, "streetname": "Passage Genty", "note": null }, "geometry": { "type": "MultiLineString", "coordinates": [ [ [ 653808.218803055933677, 6860563.462786773219705 ], [ 653836.373261901317164, 6860591.546711193397641 ], [ 653886.145153830526397, 6860636.494922102428973 ], [ 653934.587381177465431, 6860682.930761313065886 ], [ 653955.988856748910621, 6860703.276230622082949 ] ] ] } },
{ "type": "Feature", "properties": { "gid": 3733, "streetname": "Rue Lacuée", "note": null }, "geometry": { "type": "MultiLineString", "coordinates": [ [ [ 653572.54634357674513, 6860821.272697294130921 ], [ 653625.899069289676845, 6860861.090534279122949 ], [ 653646.810433041071519, 6860873.799948007799685 ], [ 653661.921296388609335, 6860883.06838006619364 ], [ 653691.265643500722945, 6860908.994846626184881 ], [ 653721.727743424242362, 6860940.14657745603472 ] ] ] } },
{ "type": "Feature", "properties": { "gid": 3736, "streetname": "Ruelle Jean Bouton", "note": null }, "geometry": { "type": "MultiLineString", "coordinates": [ [ [ 654206.458471184596419, 6860848.2650944320485 ], [ 654238.811639937688597, 6860819.65928543265909 ], [ 654263.993680776329711, 6860797.569097446277738 ], [ 654295.408008169033565, 6860766.433562104590237 ], [ 654324.205858499044552, 6860743.373378064483404 ], [ 654329.127660006051883, 6860738.0972831370309 ], [ 654333.038689841749147, 6860736.319471491500735 ], [ 654336.143172137672082, 6860735.73731878772378 ], [ 654338.758199746138416, 6860734.123768930323422 ], [ 654341.84209868661128, 6860732.449576471932232 ], [ 654345.91625758970622, 6860731.412622923962772 ], [ 654349.206442869617604, 6860731.619813105091453 ], [ 654358.12096669501625, 6860738.255869879387319 ], [ 654425.019727258128114, 6860808.696163609623909 ], [ 654460.873100354685448, 6860842.486739037558436 ], [ 654465.11120601836592, 6860844.383414415642619 ] ] ] } },
{ "type": "Feature", "properties": { "gid": 3737, "streetname": "Rue des Charbonniers", "note": null }, "geometry": { "type": "MultiLineString", "coordinates": [ [ [ 654135.132430245750584, 6860773.266744407825172 ], [ 654153.197079881676473, 6860790.045716707594693 ], [ 654200.94016566767823, 6860833.131840636953712 ], [ 654206.639232665416785, 6860840.466090534813702 ], [ 654207.075762164313346, 6860844.489082163199782 ], [ 654206.458471184596419, 6860848.2650944320485 ] ] ] } },
{ "type": "Feature", "properties": { "gid": 3738, "streetname": "Rue des Charbonniers", "note": null }, "geometry": { "type": "MultiLineString", "coordinates": [ [ [ 654206.458471184596419, 6860848.2650944320485 ], [ 654204.395120261702687, 6860860.886755987070501 ], [ 654205.098945482168347, 6860864.773276161402464 ] ] ] } },
{ "type": "Feature", "properties": { "gid": 3739, "streetname": "Rue des Charbonniers", "note": null }, "geometry": { "type": "MultiLineString", "coordinates": [ [ [ 654205.098945482168347, 6860864.773276161402464 ], [ 654224.715693070436828, 6860883.130822734907269 ], [ 654247.91398114094045, 6860905.430606791749597 ] ] ] } },
{ "type": "Feature", "properties": { "gid": 3740, "streetname": "Rue des Charbonniers", "note": null }, "geometry": { "type": "MultiLineString", "coordinates": [ [ [ 654247.91398114094045, 6860905.430606791749597 ], [ 654291.156455778283998, 6860946.998236419633031 ], [ 654333.910235352464952, 6860984.569515915587544 ] ] ] } },
{ "type": "Feature", "properties": { "gid": 3741, "streetname": "Rue de Reuilly", "note": null }, "geometry": { "type": "MultiLineString", "coordinates": [ [ [ 654841.983791374368593, 6861291.535020930692554 ], [ 654875.982094113132916, 6861236.088100436143577 ], [ 654900.265814040438272, 6861187.026524679735303 ], [ 654941.953606691909954, 6861100.772947169840336 ], [ 654993.175780268386006, 6860999.13774676900357 ], [ 655008.989628411945887, 6860964.375160786323249 ], [ 655024.338976023485884, 6860938.206723940558732 ] ] ] } },
{ "type": "Feature", "properties": { "gid": 3742, "streetname": "Rue de Reuilly", "note": null }, "geometry": { "type": "MultiLineString", "coordinates": [ [ [ 655024.338976023485884, 6860938.206723940558732 ], [ 655057.473832441843115, 6860888.265338757075369 ], [ 655137.947387128486298, 6860785.578491347841918 ], [ 655197.94205393048469, 6860705.613528303802013 ], [ 655222.645493129850365, 6860674.534314043819904 ], [ 655225.410194753319956, 6860671.118937983177602 ] ] ] } },
{ "type": "Feature", "properties": { "gid": 3750, "streetname": "Impasse de Reuilly", "note": null }, "geometry": { "type": "MultiLineString", "coordinates": [ [ [ 654931.281558638904244, 6860853.625246336683631 ], [ 654888.948468585149385, 6860926.998738116584718 ] ] ] } },
{ "type": "Feature", "properties": { "gid": 3752, "streetname": "Petite Rue de Reuilly", "note": null }, "geometry": { "type": "MultiLineString", "coordinates": [ [ [ 654732.406457408564165, 6860713.171609729528427 ], [ 654765.947210287675261, 6860729.38586169667542 ], [ 654850.721048637293279, 6860786.655824364162982 ], [ 654890.996770565398037, 6860819.603686668910086 ], [ 654931.281558638904244, 6860853.625246336683631 ] ] ] } },
{ "type": "Feature", "properties": { "gid": 3753, "streetname": "Petite Rue de Reuilly", "note": null }, "geometry": { "type": "MultiLineString", "coordinates": [ [ [ 654931.281558638904244, 6860853.625246336683631 ], [ 655002.554341800510883, 6860917.451557370834053 ], [ 655024.338976023485884, 6860938.206723940558732 ] ] ] } },
{ "type": "Feature", "properties": { "gid": 3758, "streetname": "Rue de Rambouillet", "note": null }, "geometry": { "type": "MultiLineString", "coordinates": [ [ [ 654230.115197459235787, 6860424.348157985135913 ], [ 654289.371330942143686, 6860463.88099143654108 ], [ 654323.675918844528496, 6860489.094350358471274 ], [ 654381.112498021218926, 6860519.750280981883407 ], [ 654407.412465106113814, 6860535.065308489836752 ] ] ] } },
{ "type": "Feature", "properties": { "gid": 3759, "streetname": "Rue de Rambouillet", "note": null }, "geometry": { "type": "MultiLineString", "coordinates": [ [ [ 654407.412465106113814, 6860535.065308489836752 ], [ 654466.088890271843411, 6860569.233832829631865 ], [ 654622.798645304865204, 6860657.57457824703306 ], [ 654732.406457408564165, 6860713.171609729528427 ] ] ] } },
{ "type": "Feature", "properties": { "gid": 3760, "streetname": "Rue Villiot", "note": null }, "geometry": { "type": "MultiLineString", "coordinates": [ [ [ 654033.922014277428389, 6860269.497023878619075 ], [ 654141.31900071434211, 6860351.575638665817678 ], [ 654230.115197459235787, 6860424.348157985135913 ] ] ] } },
{ "type": "Feature", "properties": { "gid": 3823, "streetname": "Chemin de Ronde", "note": null }, "geometry": { "type": "MultiLineString", "coordinates": [ [ [ 654919.469787213951349, 6860120.60515964590013 ], [ 654699.056584490812384, 6860181.787439906038344 ], [ 654610.12970918812789, 6860205.08551106788218 ], [ 654426.939014456002042, 6860255.484605250880122 ], [ 654403.541272646631114, 6860238.64947953261435 ] ] ] } },
{ "type": "Feature", "properties": { "gid": 3824, "streetname": "Chemin de Ronde", "note": null }, "geometry": { "type": "MultiLineString", "coordinates": [ [ [ 654403.541272646631114, 6860238.64947953261435 ], [ 654381.802597227157094, 6860219.087909331545234 ], [ 654242.285810295725241, 6860100.268425277434289 ], [ 654180.000391062232666, 6860051.63413863722235 ] ] ] } },
{ "type": "Feature", "properties": { "gid": 3833, "streetname": null, "note": null }, "geometry": { "type": "MultiLineString", "coordinates": [ [ [ 654135.132430245750584, 6860773.266744407825172 ], [ 654059.317365673487075, 6860837.063677653670311 ] ] ] } },
{ "type": "Feature", "properties": { "gid": 3835, "streetname": null, "note": null }, "geometry": { "type": "MultiLineString", "coordinates": [ [ [ 654127.013772181118838, 6860135.028930051252246 ], [ 654214.948585486388765, 6860205.821283696219325 ] ] ] } },
{ "type": "Feature", "properties": { "gid": 3836, "streetname": null, "note": null }, "geometry": { "type": "MultiLineString", "coordinates": [ [ [ 654214.948585486388765, 6860205.821283696219325 ], [ 654240.326313676661812, 6860226.251748505979776 ], [ 654289.787555384100415, 6860271.69524500798434 ] ] ] } },
{ "type": "Feature", "properties": { "gid": 3837, "streetname": null, "note": null }, "geometry": { "type": "MultiLineString", "coordinates": [ [ [ 654289.787555384100415, 6860271.69524500798434 ], [ 654335.590938663575798, 6860313.778011553920805 ] ] ] } },
{ "type": "Feature", "properties": { "gid": 3865, "streetname": "Impasse Hennet", "note": null }, "geometry": { "type": "MultiLineString", "coordinates": [ [ [ 654532.397026457474567, 6860794.650478725321591 ], [ 654520.725950205116533, 6860785.475260799750686 ], [ 654490.219871027395129, 6860765.061907961033285 ], [ 654467.297507198993117, 6860752.638026303611696 ], [ 654449.991736815660261, 6860737.750856027938426 ], [ 654361.7511970710475, 6860683.194264567457139 ], [ 654376.076663747779094, 6860662.940360418520868 ] ] ] } },
{ "type": "Feature", "properties": { "gid": 4022, "streetname": "Pont d'Austerlitz", "note": null }, "geometry": { "type": "MultiLineString", "coordinates": [ [ [ 653572.54634357674513, 6860821.272697294130921 ], [ 653543.049970316584222, 6860789.748567106202245 ], [ 653385.447480500210077, 6860660.690403832122684 ] ] ] } },
{ "type": "Feature", "properties": { "gid": 4023, "streetname": "Pont de Graumont", "note": null }, "geometry": { "type": "MultiLineString", "coordinates": [ [ [ 653205.693857065984048, 6861429.932278729975224 ], [ 653187.304812337621115, 6861418.793462575413287 ], [ 653146.917184501071461, 6861379.77233340870589 ] ] ] } },
{ "type": "Feature", "properties": { "gid": 4072, "streetname": "Pont de la Gare", "note": null }, "geometry": { "type": "MultiLineString", "coordinates": [ [ [ 654191.702938421163708, 6860038.650438444688916 ], [ 654169.665534539613873, 6860017.980475462973118 ], [ 654025.705240616691299, 6859894.915129644796252 ] ] ] } },
{ "type": "Feature", "properties": { "gid": 4781, "streetname": "Rue du Val Sainte-Catherine", "note": null }, "geometry": { "type": "MultiLineString", "coordinates": [ [ [ 653249.909195954212919, 6861807.121731575578451 ], [ 653262.823512141476385, 6861829.974531747400761 ], [ 653279.771610020543449, 6861860.875708884559572 ] ] ] } },
{ "type": "Feature", "properties": { "gid": 4782, "streetname": "Rue du Val Sainte-Catherine", "note": null }, "geometry": { "type": "MultiLineString", "coordinates": [ [ [ 653279.771610020543449, 6861860.875708884559572 ], [ 653288.177804045611992, 6861876.202574991621077 ], [ 653305.461137996520847, 6861906.007314644753933 ] ] ] } },
{ "type": "Feature", "properties": { "gid": 4783, "streetname": "Rue du Val Sainte-Catherine", "note": null }, "geometry": { "type": "MultiLineString", "coordinates": [ [ [ 653305.461137996520847, 6861906.007314644753933 ], [ 653308.471389242331497, 6861911.198427530936897 ], [ 653333.08251280838158, 6861964.815031069330871 ], [ 653353.889386787312105, 6862012.960485557094216 ], [ 653361.741524628829211, 6862020.947856250219047 ] ] ] } },
{ "type": "Feature", "properties": { "gid": 4829, "streetname": "Rue Charlemagne", "note": null }, "geometry": { "type": "MultiLineString", "coordinates": [ [ [ 653116.471601248136722, 6861746.639073820784688 ], [ 653143.673392328666523, 6861734.521664750762284 ], [ 653165.022745341411792, 6861733.334631512872875 ], [ 653175.992030848399736, 6861731.831872028298676 ], [ 653185.84041999024339, 6861728.827263417653739 ] ] ] } },
{ "type": "Feature", "properties": { "gid": 4830, "streetname": "Rue des Barrés", "note": null }, "geometry": { "type": "MultiLineString", "coordinates": [ [ [ 653039.58124179742299, 6861629.077041358686984 ], [ 653078.254006015951745, 6861586.967000693082809 ] ] ] } },
{ "type": "Feature", "properties": { "gid": 4831, "streetname": "Rue Lesdiguières", "note": null }, "geometry": { "type": "MultiLineString", "coordinates": [ [ [ 653509.811324427835643, 6861500.299658064730465 ], [ 653519.689544002525508, 6861524.799907135777175 ], [ 653526.547133418731391, 6861549.527071838267148 ], [ 653542.788657113560475, 6861611.856352851726115 ], [ 653560.399663939373568, 6861675.656530026346445 ] ] ] } },
{ "type": "Feature", "properties": { "gid": 4833, "streetname": "Rue de la Planchette", "note": null }, "geometry": { "type": "MultiLineString", "coordinates": [ [ [ 653765.883332711644471, 6861226.876918449066579 ], [ 653756.0967537520919, 6861308.029748929664493 ], [ 653748.849888978642412, 6861371.980747781693935 ], [ 653742.329252525232732, 6861426.530070539563894 ], [ 653740.212488230201416, 6861446.144416309893131 ] ] ] } }
]
}
